run_id,date,turn,subturn,stock_code,agent_id,source_ltb_id,source_stb_id,analysis_id,decision_id,fill_id,post_fill_ltb_id,action,quantity,executed_price,fee,status
RN_COMM_ON,2026-02-27,1,am,005930,A001,ltb_A001_t000,stb_A001_t001,analysis_A001_t001,decision_A001_t001,fill_A001_t001,ltb_A001_t001,buy,119,210000.0,0.0,filled
RN_COMM_ON,2026-02-27,1,am,005930,A002,ltb_A002_t000,stb_A002_t001,analysis_A002_t001,decision_A002_t001,fill_A002_t001,ltb_A002_t001,buy,119,210000.0,0.0,filled
RN_COMM_ON,2026-02-27,1,am,005930,A003,ltb_A003_t000,stb_A003_t001,analysis_A003_t001,decision_A003_t001,fill_A003_t001,ltb_A003_t001,buy,238,210000.0,0.0,filled
RN_COMM_ON,2026-02-27,1,am,005930,A004,ltb_A004_t000,stb_A004_t001,analysis_A004_t001,decision_A004_t001,fill_A004_t001,ltb_A004_t001,buy,100,210000.0,0.0,filled
RN_COMM_ON,2026-02-27,1,am,005930,A005,ltb_A005_t000,stb_A005_t001,analysis_A005_t001,decision_A005_t001,fill_A005_t001,ltb_A005_t001,buy,238,210000.0,0.0,filled
RN_COMM_ON,2026-02-27,1,am,005930,A006,ltb_A006_t000,stb_A006_t001,analysis_A006_t001,decision_A006_t001,fill_A006_t001,ltb_A006_t001,buy,100,210000.0,0.0,filled
RN_COMM_ON,2026-02-27,1,am,005930,A007,ltb_A007_t000,stb_A007_t001,analysis_A007_t001,decision_A007_t001,fill_A007_t001,ltb_A007_t001,buy,100,210000.0,0.0,filled
RN_COMM_ON,2026-02-27,1,am,005930,A008,ltb_A008_t000,stb_A008_t001,analysis_A008_t001,decision_A008_t001,fill_A008_t001,ltb_A008_t001,buy,100,210000.0,0.0,filled
RN_COMM_ON,2026-02-27,1,am,005930,A009,ltb_A009_t000,stb_A009_t001,analysis_A009_t001,decision_A009_t001,fill_A009_t001,ltb_A009_t001,buy,100,210000.0,0.0,filled
RN_COMM_ON,2026-02-27,1,am,005930,A010,ltb_A010_t000,stb_A010_t001,analysis_A010_t001,decision_A010_t001,fill_A010_t001,ltb_A010_t001,buy,238,210000.0,0.0,filled
RN_COMM_ON,2026-02-27,1,am,005930,A011,ltb_A011_t000,stb_A011_t001,analysis_A011_t001,decision_A011_t001,fill_A011_t001,ltb_A011_t001,buy,238,210000.0,0.0,filled
RN_COMM_ON,2026-02-27,1,am,005930,A012,ltb_A012_t000,stb_A012_t001,analysis_A012_t001,decision_A012_t001,fill_A012_t001,ltb_A012_t001,buy,150,210000.0,0.0,filled
RN_COMM_ON,2026-02-27,1,am,005930,A013,ltb_A013_t000,stb_A013_t001,analysis_A013_t001,decision_A013_t001,fill_A013_t001,ltb_A013_t001,buy,100,210000.0,0.0,filled
RN_COMM_ON,2026-02-27,1,am,005930,A014,ltb_A014_t000,stb_A014_t001,analysis_A014_t001,decision_A014_t001,fill_A014_t001,ltb_A014_t001,buy,100,210000.0,0.0,filled
RN_COMM_ON,2026-02-27,1,am,005930,A015,ltb_A015_t000,stb_A015_t001,analysis_A015_t001,decision_A015_t001,fill_A015_t001,ltb_A015_t001,buy,100,210000.0,0.0,filled
RN_COMM_ON,2026-02-27,1,am,005930,A016,ltb_A016_t000,stb_A016_t001,analysis_A016_t001,decision_A016_t001,fill_A016_t001,ltb_A016_t001,buy,100,210000.0,0.0,filled
RN_COMM_ON,2026-02-27,1,am,005930,A017,ltb_A017_t000,stb_A017_t001,analysis_A017_t001,decision_A017_t001,fill_A017_t001,ltb_A017_t001,buy,238,210000.0,0.0,filled
RN_COMM_ON,2026-02-27,1,am,005930,A018,ltb_A018_t000,stb_A018_t001,analysis_A018_t001,decision_A018_t001,fill_A018_t001,ltb_A018_t001,buy,100,210000.0,0.0,filled
RN_COMM_ON,2026-02-27,1,am,005930,A019,ltb_A019_t000,stb_A019_t001,analysis_A019_t001,decision_A019_t001,fill_A019_t001,ltb_A019_t001,buy,100,210000.0,0.0,filled
RN_COMM_ON,2026-02-27,1,am,005930,A020,ltb_A020_t000,stb_A020_t001,analysis_A020_t001,decision_A020_t001,fill_A020_t001,ltb_A020_t001,buy,100,210000.0,0.0,filled
RN_COMM_ON,2026-02-27,1,am,005930,A021,ltb_A021_t000,stb_A021_t001,analysis_A021_t001,decision_A021_t001,fill_A021_t001,ltb_A021_t001,buy,238,210000.0,0.0,filled
RN_COMM_ON,2026-02-27,1,am,005930,A022,ltb_A022_t000,stb_A022_t001,analysis_A022_t001,decision_A022_t001,fill_A022_t001,ltb_A022_t001,buy,100,210000.0,0.0,filled
RN_COMM_ON,2026-02-27,1,am,005930,A023,ltb_A023_t000,stb_A023_t001,analysis_A023_t001,decision_A023_t001,fill_A023_t001,ltb_A023_t001,buy,238,210000.0,0.0,filled
RN_COMM_ON,2026-02-27,1,am,005930,A024,ltb_A024_t000,stb_A024_t001,analysis_A024_t001,decision_A024_t001,fill_A024_t001,ltb_A024_t001,buy,238,210000.0,0.0,filled
RN_COMM_ON,2026-02-27,1,am,005930,A025,ltb_A025_t000,stb_A025_t001,analysis_A025_t001,decision_A025_t001,fill_A025_t001,ltb_A025_t001,buy,100,210000.0,0.0,filled
RN_COMM_ON,2026-02-27,1,am,005930,A026,ltb_A026_t000,stb_A026_t001,analysis_A026_t001,decision_A026_t001,fill_A026_t001,ltb_A026_t001,buy,238,210000.0,0.0,filled
RN_COMM_ON,2026-02-27,1,am,005930,A027,ltb_A027_t000,stb_A027_t001,analysis_A027_t001,decision_A027_t001,fill_A027_t001,ltb_A027_t001,buy,100,210000.0,0.0,filled
RN_COMM_ON,2026-02-27,1,am,005930,A028,ltb_A028_t000,stb_A028_t001,analysis_A028_t001,decision_A028_t001,fill_A028_t001,ltb_A028_t001,buy,238,210000.0,0.0,filled
RN_COMM_ON,2026-02-27,1,am,005930,A029,ltb_A029_t000,stb_A029_t001,analysis_A029_t001,decision_A029_t001,fill_A029_t001,ltb_A029_t001,buy,238,210000.0,0.0,filled
RN_COMM_ON,2026-02-27,1,am,005930,A030,ltb_A030_t000,stb_A030_t001,analysis_A030_t001,decision_A030_t001,fill_A030_t001,ltb_A030_t001,buy,100,210000.0,0.0,filled
RN_COMM_ON,2026-02-27,1,am,005930,A031,ltb_A031_t000,stb_A031_t001,analysis_A031_t001,decision_A031_t001,fill_A031_t001,ltb_A031_t001,buy,100,210000.0,0.0,filled
RN_COMM_ON,2026-02-27,1,am,005930,A032,ltb_A032_t000,stb_A032_t001,analysis_A032_t001,decision_A032_t001,fill_A032_t001,ltb_A032_t001,buy,100,210000.0,0.0,filled
RN_COMM_ON,2026-02-27,1,am,005930,A033,ltb_A033_t000,stb_A033_t001,analysis_A033_t001,decision_A033_t001,fill_A033_t001,ltb_A033_t001,buy,238,210000.0,0.0,filled
RN_COMM_ON,2026-02-27,1,am,005930,A034,ltb_A034_t000,stb_A034_t001,analysis_A034_t001,decision_A034_t001,fill_A034_t001,ltb_A034_t001,buy,238,210000.0,0.0,filled
RN_COMM_ON,2026-02-27,1,am,005930,A035,ltb_A035_t000,stb_A035_t001,analysis_A035_t001,decision_A035_t001,fill_A035_t001,ltb_A035_t001,buy,100,210000.0,0.0,filled
RN_COMM_ON,2026-02-27,1,am,005930,A036,ltb_A036_t000,stb_A036_t001,analysis_A036_t001,decision_A036_t001,fill_A036_t001,ltb_A036_t001,buy,238,210000.0,0.0,filled
RN_COMM_ON,2026-02-27,1,am,005930,A037,ltb_A037_t000,stb_A037_t001,analysis_A037_t001,decision_A037_t001,fill_A037_t001,ltb_A037_t001,buy,100,210000.0,0.0,filled
RN_COMM_ON,2026-02-27,1,am,005930,A038,ltb_A038_t000,stb_A038_t001,analysis_A038_t001,decision_A038_t001,fill_A038_t001,ltb_A038_t001,buy,238,210000.0,0.0,filled
RN_COMM_ON,2026-02-27,1,am,005930,A039,ltb_A039_t000,stb_A039_t001,analysis_A039_t001,decision_A039_t001,fill_A039_t001,ltb_A039_t001,buy,2380,210000.0,0.0,filled
RN_COMM_ON,2026-02-27,1,am,005930,A040,ltb_A040_t000,stb_A040_t001,analysis_A040_t001,decision_A040_t001,fill_A040_t001,ltb_A040_t001,buy,238,210000.0,0.0,filled
RN_COMM_ON,2026-02-27,1,am,005930,A041,ltb_A041_t000,stb_A041_t001,analysis_A041_t001,decision_A041_t001,fill_A041_t001,ltb_A041_t001,buy,100,210000.0,0.0,filled
RN_COMM_ON,2026-02-27,1,am,005930,A042,ltb_A042_t000,stb_A042_t001,analysis_A042_t001,decision_A042_t001,fill_A042_t001,ltb_A042_t001,buy,238,210000.0,0.0,filled
RN_COMM_ON,2026-02-27,1,am,005930,A043,ltb_A043_t000,stb_A043_t001,analysis_A043_t001,decision_A043_t001,fill_A043_t001,ltb_A043_t001,buy,2380,210000.0,0.0,filled
RN_COMM_ON,2026-02-27,1,am,005930,A044,ltb_A044_t000,stb_A044_t001,analysis_A044_t001,decision_A044_t001,fill_A044_t001,ltb_A044_t001,buy,100,210000.0,0.0,filled
RN_COMM_ON,2026-02-27,1,am,005930,A045,ltb_A045_t000,stb_A045_t001,analysis_A045_t001,decision_A045_t001,fill_A045_t001,ltb_A045_t001,buy,238,210000.0,0.0,filled
RN_COMM_ON,2026-02-27,1,am,005930,A046,ltb_A046_t000,stb_A046_t001,analysis_A046_t001,decision_A046_t001,fill_A046_t001,ltb_A046_t001,buy,100,210000.0,0.0,filled
RN_COMM_ON,2026-02-27,1,am,005930,A047,ltb_A047_t000,stb_A047_t001,analysis_A047_t001,decision_A047_t001,fill_A047_t001,ltb_A047_t001,buy,238,210000.0,0.0,filled
RN_COMM_ON,2026-02-27,1,am,005930,A048,ltb_A048_t000,stb_A048_t001,analysis_A048_t001,decision_A048_t001,fill_A048_t001,ltb_A048_t001,buy,238,210000.0,0.0,filled
RN_COMM_ON,2026-02-27,1,am,005930,A049,ltb_A049_t000,stb_A049_t001,analysis_A049_t001,decision_A049_t001,fill_A049_t001,ltb_A049_t001,buy,238,210000.0,0.0,filled
RN_COMM_ON,2026-02-27,1,am,005930,A050,ltb_A050_t000,stb_A050_t001,analysis_A050_t001,decision_A050_t001,fill_A050_t001,ltb_A050_t001,buy,100,210000.0,0.0,filled
RN_COMM_ON,2026-02-27,1,am,005930,A051,ltb_A051_t000,stb_A051_t001,analysis_A051_t001,decision_A051_t001,fill_A051_t001,ltb_A051_t001,buy,100,210000.0,0.0,filled
RN_COMM_ON,2026-02-27,1,am,005930,A052,ltb_A052_t000,stb_A052_t001,analysis_A052_t001,decision_A052_t001,fill_A052_t001,ltb_A052_t001,buy,1000,210000.0,0.0,filled
RN_COMM_ON,2026-02-27,1,am,005930,A053,ltb_A053_t000,stb_A053_t001,analysis_A053_t001,decision_A053_t001,fill_A053_t001,ltb_A053_t001,buy,100,210000.0,0.0,filled
RN_COMM_ON,2026-02-27,1,am,005930,A054,ltb_A054_t000,stb_A054_t001,analysis_A054_t001,decision_A054_t001,fill_A054_t001,ltb_A054_t001,buy,100,210000.0,0.0,filled
RN_COMM_ON,2026-02-27,1,am,005930,A055,ltb_A055_t000,stb_A055_t001,analysis_A055_t001,decision_A055_t001,fill_A055_t001,ltb_A055_t001,buy,100,210000.0,0.0,filled
RN_COMM_ON,2026-02-27,1,am,005930,A056,ltb_A056_t000,stb_A056_t001,analysis_A056_t001,decision_A056_t001,fill_A056_t001,ltb_A056_t001,buy,2380,210000.0,0.0,filled
RN_COMM_ON,2026-02-27,1,am,005930,A057,ltb_A057_t000,stb_A057_t001,analysis_A057_t001,decision_A057_t001,fill_A057_t001,ltb_A057_t001,buy,100,210000.0,0.0,filled
RN_COMM_ON,2026-02-27,1,am,005930,A058,ltb_A058_t000,stb_A058_t001,analysis_A058_t001,decision_A058_t001,fill_A058_t001,ltb_A058_t001,buy,100,210000.0,0.0,filled
RN_COMM_ON,2026-02-27,1,am,005930,A059,ltb_A059_t000,stb_A059_t001,analysis_A059_t001,decision_A059_t001,fill_A059_t001,ltb_A059_t001,buy,150,210000.0,0.0,filled
RN_COMM_ON,2026-02-27,1,am,005930,A060,ltb_A060_t000,stb_A060_t001,analysis_A060_t001,decision_A060_t001,fill_A060_t001,ltb_A060_t001,buy,100,210000.0,0.0,filled
RN_COMM_ON,2026-02-27,1,am,005930,A061,ltb_A061_t000,stb_A061_t001,analysis_A061_t001,decision_A061_t001,fill_A061_t001,ltb_A061_t001,buy,238,210000.0,0.0,filled
RN_COMM_ON,2026-02-27,1,am,005930,A062,ltb_A062_t000,stb_A062_t001,analysis_A062_t001,decision_A062_t001,fill_A062_t001,ltb_A062_t001,buy,119,210000.0,0.0,filled
RN_COMM_ON,2026-02-27,1,am,005930,A063,ltb_A063_t000,stb_A063_t001,analysis_A063_t001,decision_A063_t001,fill_A063_t001,ltb_A063_t001,buy,1000,210000.0,0.0,filled
RN_COMM_ON,2026-02-27,1,am,005930,A064,ltb_A064_t000,stb_A064_t001,analysis_A064_t001,decision_A064_t001,fill_A064_t001,ltb_A064_t001,buy,100,210000.0,0.0,filled
RN_COMM_ON,2026-02-27,1,am,005930,A065,ltb_A065_t000,stb_A065_t001,analysis_A065_t001,decision_A065_t001,fill_A065_t001,ltb_A065_t001,buy,100,210000.0,0.0,filled
RN_COMM_ON,2026-02-27,1,am,005930,A066,ltb_A066_t000,stb_A066_t001,analysis_A066_t001,decision_A066_t001,fill_A066_t001,ltb_A066_t001,buy,238,210000.0,0.0,filled
RN_COMM_ON,2026-02-27,1,am,005930,A067,ltb_A067_t000,stb_A067_t001,analysis_A067_t001,decision_A067_t001,fill_A067_t001,ltb_A067_t001,buy,100,210000.0,0.0,filled
RN_COMM_ON,2026-02-27,1,am,005930,A068,ltb_A068_t000,stb_A068_t001,analysis_A068_t001,decision_A068_t001,fill_A068_t001,ltb_A068_t001,buy,150,210000.0,0.0,filled
RN_COMM_ON,2026-02-27,1,am,005930,A069,ltb_A069_t000,stb_A069_t001,analysis_A069_t001,decision_A069_t001,fill_A069_t001,ltb_A069_t001,buy,238,210000.0,0.0,filled
RN_COMM_ON,2026-02-27,1,am,005930,A070,ltb_A070_t000,stb_A070_t001,analysis_A070_t001,decision_A070_t001,fill_A070_t001,ltb_A070_t001,buy,238,210000.0,0.0,filled
RN_COMM_ON,2026-02-27,1,am,005930,A071,ltb_A071_t000,stb_A071_t001,analysis_A071_t001,decision_A071_t001,fill_A071_t001,ltb_A071_t001,buy,1000,210000.0,0.0,filled
RN_COMM_ON,2026-02-27,1,am,005930,A072,ltb_A072_t000,stb_A072_t001,analysis_A072_t001,decision_A072_t001,fill_A072_t001,ltb_A072_t001,buy,200,210000.0,0.0,filled
RN_COMM_ON,2026-02-27,1,am,005930,A073,ltb_A073_t000,stb_A073_t001,analysis_A073_t001,decision_A073_t001,fill_A073_t001,ltb_A073_t001,buy,100,210000.0,0.0,filled
RN_COMM_ON,2026-02-27,1,am,005930,A074,ltb_A074_t000,stb_A074_t001,analysis_A074_t001,decision_A074_t001,fill_A074_t001,ltb_A074_t001,buy,200,210000.0,0.0,filled
RN_COMM_ON,2026-02-27,1,am,005930,A075,ltb_A075_t000,stb_A075_t001,analysis_A075_t001,decision_A075_t001,fill_A075_t001,ltb_A075_t001,buy,100,210000.0,0.0,filled
RN_COMM_ON,2026-02-27,1,am,005930,A076,ltb_A076_t000,stb_A076_t001,analysis_A076_t001,decision_A076_t001,fill_A076_t001,ltb_A076_t001,buy,200,210000.0,0.0,filled
RN_COMM_ON,2026-02-27,1,am,005930,A077,ltb_A077_t000,stb_A077_t001,analysis_A077_t001,decision_A077_t001,fill_A077_t001,ltb_A077_t001,buy,238,210000.0,0.0,filled
RN_COMM_ON,2026-02-27,1,am,005930,A078,ltb_A078_t000,stb_A078_t001,analysis_A078_t001,decision_A078_t001,fill_A078_t001,ltb_A078_t001,buy,100,210000.0,0.0,filled
RN_COMM_ON,2026-02-27,1,am,005930,A079,ltb_A079_t000,stb_A079_t001,analysis_A079_t001,decision_A079_t001,fill_A079_t001,ltb_A079_t001,buy,238,210000.0,0.0,filled
RN_COMM_ON,2026-02-27,1,am,005930,A080,ltb_A080_t000,stb_A080_t001,analysis_A080_t001,decision_A080_t001,fill_A080_t001,ltb_A080_t001,buy,1500,210000.0,0.0,filled
RN_COMM_ON,2026-02-27,1,am,005930,A081,ltb_A081_t000,stb_A081_t001,analysis_A081_t001,decision_A081_t001,fill_A081_t001,ltb_A081_t001,buy,100,210000.0,0.0,filled
RN_COMM_ON,2026-02-27,1,am,005930,A082,ltb_A082_t000,stb_A082_t001,analysis_A082_t001,decision_A082_t001,fill_A082_t001,ltb_A082_t001,buy,1000,210000.0,0.0,filled
RN_COMM_ON,2026-02-27,1,am,005930,A083,ltb_A083_t000,stb_A083_t001,analysis_A083_t001,decision_A083_t001,fill_A083_t001,ltb_A083_t001,buy,100,210000.0,0.0,filled
RN_COMM_ON,2026-02-27,1,am,005930,A084,ltb_A084_t000,stb_A084_t001,analysis_A084_t001,decision_A084_t001,fill_A084_t001,ltb_A084_t001,buy,238,210000.0,0.0,filled
RN_COMM_ON,2026-02-27,1,am,005930,A085,ltb_A085_t000,stb_A085_t001,analysis_A085_t001,decision_A085_t001,fill_A085_t001,ltb_A085_t001,buy,200,210000.0,0.0,filled
RN_COMM_ON,2026-02-27,1,am,005930,A086,ltb_A086_t000,stb_A086_t001,analysis_A086_t001,decision_A086_t001,fill_A086_t001,ltb_A086_t001,buy,238,210000.0,0.0,filled
RN_COMM_ON,2026-02-27,1,am,005930,A087,ltb_A087_t000,stb_A087_t001,analysis_A087_t001,decision_A087_t001,fill_A087_t001,ltb_A087_t001,buy,1000,210000.0,0.0,filled
RN_COMM_ON,2026-02-27,1,am,005930,A088,ltb_A088_t000,stb_A088_t001,analysis_A088_t001,decision_A088_t001,fill_A088_t001,ltb_A088_t001,buy,100,210000.0,0.0,filled
RN_COMM_ON,2026-02-27,1,am,005930,A089,ltb_A089_t000,stb_A089_t001,analysis_A089_t001,decision_A089_t001,fill_A089_t001,ltb_A089_t001,buy,150,210000.0,0.0,filled
RN_COMM_ON,2026-02-27,1,am,005930,A090,ltb_A090_t000,stb_A090_t001,analysis_A090_t001,decision_A090_t001,fill_A090_t001,ltb_A090_t001,buy,200,210000.0,0.0,filled
RN_COMM_ON,2026-02-27,1,am,005930,A091,ltb_A091_t000,stb_A091_t001,analysis_A091_t001,decision_A091_t001,fill_A091_t001,ltb_A091_t001,buy,100,210000.0,0.0,filled
RN_COMM_ON,2026-02-27,1,am,005930,A092,ltb_A092_t000,stb_A092_t001,analysis_A092_t001,decision_A092_t001,fill_A092_t001,ltb_A092_t001,buy,238,210000.0,0.0,filled
RN_COMM_ON,2026-02-27,1,am,005930,A093,ltb_A093_t000,stb_A093_t001,analysis_A093_t001,decision_A093_t001,fill_A093_t001,ltb_A093_t001,buy,238,210000.0,0.0,filled
RN_COMM_ON,2026-02-27,1,am,005930,A094,ltb_A094_t000,stb_A094_t001,analysis_A094_t001,decision_A094_t001,fill_A094_t001,ltb_A094_t001,buy,238,210000.0,0.0,filled
RN_COMM_ON,2026-02-27,1,am,005930,A095,ltb_A095_t000,stb_A095_t001,analysis_A095_t001,decision_A095_t001,fill_A095_t001,ltb_A095_t001,buy,100,210000.0,0.0,filled
RN_COMM_ON,2026-02-27,1,am,005930,A096,ltb_A096_t000,stb_A096_t001,analysis_A096_t001,decision_A096_t001,fill_A096_t001,ltb_A096_t001,buy,119,210000.0,0.0,filled
RN_COMM_ON,2026-02-27,1,am,005930,A097,ltb_A097_t000,stb_A097_t001,analysis_A097_t001,decision_A097_t001,fill_A097_t001,ltb_A097_t001,buy,2380,210000.0,0.0,filled
RN_COMM_ON,2026-02-27,1,am,005930,A098,ltb_A098_t000,stb_A098_t001,analysis_A098_t001,decision_A098_t001,fill_A098_t001,ltb_A098_t001,buy,238,210000.0,0.0,filled
RN_COMM_ON,2026-02-27,1,am,005930,A099,ltb_A099_t000,stb_A099_t001,analysis_A099_t001,decision_A099_t001,fill_A099_t001,ltb_A099_t001,buy,150,210000.0,0.0,filled
RN_COMM_ON,2026-02-27,1,am,005930,A100,ltb_A100_t000,stb_A100_t001,analysis_A100_t001,decision_A100_t001,fill_A100_t001,ltb_A100_t001,buy,100,210000.0,0.0,filled
RN_COMM_ON,2026-02-27,2,pm,005930,A001,ltb_A001_t001,stb_A001_t002,analysis_A001_t002,decision_A001_t002,fill_A001_t002,ltb_A001_t002,buy,173,216500.0,0.0,filled
RN_COMM_ON,2026-02-27,2,pm,005930,A002,ltb_A002_t001,stb_A002_t002,analysis_A002_t002,decision_A002_t002,fill_A002_t002,ltb_A002_t002,buy,173,216500.0,0.0,filled
RN_COMM_ON,2026-02-27,2,pm,005930,A003,ltb_A003_t001,stb_A003_t002,analysis_A003_t002,decision_A003_t002,fill_A003_t002,ltb_A003_t002,buy,50,216500.0,0.0,filled
RN_COMM_ON,2026-02-27,2,pm,005930,A005,ltb_A005_t001,stb_A005_t002,analysis_A005_t002,decision_A005_t002,fill_A005_t002,ltb_A005_t002,buy,50,216500.0,0.0,filled
RN_COMM_ON,2026-02-27,2,pm,005930,A006,ltb_A006_t001,stb_A006_t002,analysis_A006_t002,decision_A006_t002,fill_A006_t002,ltb_A006_t002,buy,100,216500.0,0.0,filled
RN_COMM_ON,2026-02-27,2,pm,005930,A007,ltb_A007_t001,stb_A007_t002,analysis_A007_t002,decision_A007_t002,fill_A007_t002,ltb_A007_t002,buy,100,216500.0,0.0,filled
RN_COMM_ON,2026-02-27,2,pm,005930,A008,ltb_A008_t001,stb_A008_t002,analysis_A008_t002,decision_A008_t002,fill_A008_t002,ltb_A008_t002,buy,100,216500.0,0.0,filled
RN_COMM_ON,2026-02-27,2,pm,005930,A010,ltb_A010_t001,stb_A010_t002,analysis_A010_t002,decision_A010_t002,fill_A010_t002,ltb_A010_t002,buy,50,216500.0,0.0,filled
RN_COMM_ON,2026-02-27,2,pm,005930,A011,ltb_A011_t001,stb_A011_t002,analysis_A011_t002,decision_A011_t002,fill_A011_t002,ltb_A011_t002,buy,115,216500.0,0.0,filled
RN_COMM_ON,2026-02-27,2,pm,005930,A012,ltb_A012_t001,stb_A012_t002,analysis_A012_t002,decision_A012_t002,fill_A012_t002,ltb_A012_t002,buy,100,216500.0,0.0,filled
RN_COMM_ON,2026-02-27,2,pm,005930,A013,ltb_A013_t001,stb_A013_t002,analysis_A013_t002,decision_A013_t002,fill_A013_t002,ltb_A013_t002,buy,100,216500.0,0.0,filled
RN_COMM_ON,2026-02-27,2,pm,005930,A014,ltb_A014_t001,stb_A014_t002,analysis_A014_t002,decision_A014_t002,fill_A014_t002,ltb_A014_t002,buy,100,216500.0,0.0,filled
RN_COMM_ON,2026-02-27,2,pm,005930,A015,ltb_A015_t001,stb_A015_t002,analysis_A015_t002,decision_A015_t002,fill_A015_t002,ltb_A015_t002,buy,100,216500.0,0.0,filled
RN_COMM_ON,2026-02-27,2,pm,005930,A016,ltb_A016_t001,stb_A016_t002,analysis_A016_t002,decision_A016_t002,fill_A016_t002,ltb_A016_t002,buy,100,216500.0,0.0,filled
RN_COMM_ON,2026-02-27,2,pm,005930,A018,ltb_A018_t001,stb_A018_t002,analysis_A018_t002,decision_A018_t002,fill_A018_t002,ltb_A018_t002,buy,100,216500.0,0.0,filled
RN_COMM_ON,2026-02-27,2,pm,005930,A019,ltb_A019_t001,stb_A019_t002,analysis_A019_t002,decision_A019_t002,fill_A019_t002,ltb_A019_t002,buy,182,216500.0,0.0,filled
RN_COMM_ON,2026-02-27,2,pm,005930,A020,ltb_A020_t001,stb_A020_t002,analysis_A020_t002,decision_A020_t002,fill_A020_t002,ltb_A020_t002,buy,100,216500.0,0.0,filled
RN_COMM_ON,2026-02-27,2,pm,005930,A021,ltb_A021_t001,stb_A021_t002,analysis_A021_t002,decision_A021_t002,fill_A021_t002,ltb_A021_t002,buy,115,216500.0,0.0,filled
RN_COMM_ON,2026-02-27,2,pm,005930,A022,ltb_A022_t001,stb_A022_t002,analysis_A022_t002,decision_A022_t002,fill_A022_t002,ltb_A022_t002,buy,100,216500.0,0.0,filled
RN_COMM_ON,2026-02-27,2,pm,005930,A024,ltb_A024_t001,stb_A024_t002,analysis_A024_t002,decision_A024_t002,fill_A024_t002,ltb_A024_t002,buy,115,216500.0,0.0,filled
RN_COMM_ON,2026-02-27,2,pm,005930,A026,ltb_A026_t001,stb_A026_t002,analysis_A026_t002,decision_A026_t002,fill_A026_t002,ltb_A026_t002,buy,50,216500.0,0.0,filled
RN_COMM_ON,2026-02-27,2,pm,005930,A028,ltb_A028_t001,stb_A028_t002,analysis_A028_t002,decision_A028_t002,fill_A028_t002,ltb_A028_t002,buy,115,216500.0,0.0,filled
RN_COMM_ON,2026-02-27,2,pm,005930,A029,ltb_A029_t001,stb_A029_t002,analysis_A029_t002,decision_A029_t002,fill_A029_t002,ltb_A029_t002,buy,50,216500.0,0.0,filled
RN_COMM_ON,2026-02-27,2,pm,005930,A031,ltb_A031_t001,stb_A031_t002,analysis_A031_t002,decision_A031_t002,fill_A031_t002,ltb_A031_t002,buy,100,216500.0,0.0,filled
RN_COMM_ON,2026-02-27,2,pm,005930,A032,ltb_A032_t001,stb_A032_t002,analysis_A032_t002,decision_A032_t002,fill_A032_t002,ltb_A032_t002,buy,100,216500.0,0.0,filled
RN_COMM_ON,2026-02-27,2,pm,005930,A033,ltb_A033_t001,stb_A033_t002,analysis_A033_t002,decision_A033_t002,fill_A033_t002,ltb_A033_t002,buy,50,216500.0,0.0,filled
RN_COMM_ON,2026-02-27,2,pm,005930,A034,ltb_A034_t001,stb_A034_t002,analysis_A034_t002,decision_A034_t002,fill_A034_t002,ltb_A034_t002,buy,50,216500.0,0.0,filled
RN_COMM_ON,2026-02-27,2,pm,005930,A035,ltb_A035_t001,stb_A035_t002,analysis_A035_t002,decision_A035_t002,fill_A035_t002,ltb_A035_t002,buy,100,216500.0,0.0,filled
RN_COMM_ON,2026-02-27,2,pm,005930,A036,ltb_A036_t001,stb_A036_t002,analysis_A036_t002,decision_A036_t002,fill_A036_t002,ltb_A036_t002,buy,115,216500.0,0.0,filled
RN_COMM_ON,2026-02-27,2,pm,005930,A039,ltb_A039_t001,stb_A039_t002,analysis_A039_t002,decision_A039_t002,fill_A039_t002,ltb_A039_t002,buy,1155,216500.0,0.0,filled
RN_COMM_ON,2026-02-27,2,pm,005930,A040,ltb_A040_t001,stb_A040_t002,analysis_A040_t002,decision_A040_t002,fill_A040_t002,ltb_A040_t002,buy,50,216500.0,0.0,filled
RN_COMM_ON,2026-02-27,2,pm,005930,A042,ltb_A042_t001,stb_A042_t002,analysis_A042_t002,decision_A042_t002,fill_A042_t002,ltb_A042_t002,buy,115,216500.0,0.0,filled
RN_COMM_ON,2026-02-27,2,pm,005930,A044,ltb_A044_t001,stb_A044_t002,analysis_A044_t002,decision_A044_t002,fill_A044_t002,ltb_A044_t002,buy,182,216500.0,0.0,filled
RN_COMM_ON,2026-02-27,2,pm,005930,A046,ltb_A046_t001,stb_A046_t002,analysis_A046_t002,decision_A046_t002,fill_A046_t002,ltb_A046_t002,buy,100,216500.0,0.0,filled
RN_COMM_ON,2026-02-27,2,pm,005930,A047,ltb_A047_t001,stb_A047_t002,analysis_A047_t002,decision_A047_t002,fill_A047_t002,ltb_A047_t002,buy,50,216500.0,0.0,filled
RN_COMM_ON,2026-02-27,2,pm,005930,A048,ltb_A048_t001,stb_A048_t002,analysis_A048_t002,decision_A048_t002,fill_A048_t002,ltb_A048_t002,buy,50,216500.0,0.0,filled
RN_COMM_ON,2026-02-27,2,pm,005930,A049,ltb_A049_t001,stb_A049_t002,analysis_A049_t002,decision_A049_t002,fill_A049_t002,ltb_A049_t002,buy,50,216500.0,0.0,filled
RN_COMM_ON,2026-02-27,2,pm,005930,A050,ltb_A050_t001,stb_A050_t002,analysis_A050_t002,decision_A050_t002,fill_A050_t002,ltb_A050_t002,buy,100,216500.0,0.0,filled
RN_COMM_ON,2026-02-27,2,pm,005930,A051,ltb_A051_t001,stb_A051_t002,analysis_A051_t002,decision_A051_t002,fill_A051_t002,ltb_A051_t002,buy,100,216500.0,0.0,filled
RN_COMM_ON,2026-02-27,2,pm,005930,A052,ltb_A052_t001,stb_A052_t002,analysis_A052_t002,decision_A052_t002,fill_A052_t002,ltb_A052_t002,buy,500,216500.0,0.0,filled
RN_COMM_ON,2026-02-27,2,pm,005930,A053,ltb_A053_t001,stb_A053_t002,analysis_A053_t002,decision_A053_t002,fill_A053_t002,ltb_A053_t002,buy,100,216500.0,0.0,filled
RN_COMM_ON,2026-02-27,2,pm,005930,A054,ltb_A054_t001,stb_A054_t002,analysis_A054_t002,decision_A054_t002,fill_A054_t002,ltb_A054_t002,buy,100,216500.0,0.0,filled
RN_COMM_ON,2026-02-27,2,pm,005930,A055,ltb_A055_t001,stb_A055_t002,analysis_A055_t002,decision_A055_t002,fill_A055_t002,ltb_A055_t002,buy,100,216500.0,0.0,filled
RN_COMM_ON,2026-02-27,2,pm,005930,A057,ltb_A057_t001,stb_A057_t002,analysis_A057_t002,decision_A057_t002,fill_A057_t002,ltb_A057_t002,buy,100,216500.0,0.0,filled
RN_COMM_ON,2026-02-27,2,pm,005930,A058,ltb_A058_t001,stb_A058_t002,analysis_A058_t002,decision_A058_t002,fill_A058_t002,ltb_A058_t002,buy,90,216500.0,0.0,filled
RN_COMM_ON,2026-02-27,2,pm,005930,A060,ltb_A060_t001,stb_A060_t002,analysis_A060_t002,decision_A060_t002,fill_A060_t002,ltb_A060_t002,buy,100,216500.0,0.0,filled
RN_COMM_ON,2026-02-27,2,pm,005930,A062,ltb_A062_t001,stb_A062_t002,analysis_A062_t002,decision_A062_t002,fill_A062_t002,ltb_A062_t002,buy,80,216500.0,0.0,filled
RN_COMM_ON,2026-02-27,2,pm,005930,A064,ltb_A064_t001,stb_A064_t002,analysis_A064_t002,decision_A064_t002,fill_A064_t002,ltb_A064_t002,buy,100,216500.0,0.0,filled
RN_COMM_ON,2026-02-27,2,pm,005930,A065,ltb_A065_t001,stb_A065_t002,analysis_A065_t002,decision_A065_t002,fill_A065_t002,ltb_A065_t002,buy,100,216500.0,0.0,filled
RN_COMM_ON,2026-02-27,2,pm,005930,A066,ltb_A066_t001,stb_A066_t002,analysis_A066_t002,decision_A066_t002,fill_A066_t002,ltb_A066_t002,buy,50,216500.0,0.0,filled
RN_COMM_ON,2026-02-27,2,pm,005930,A067,ltb_A067_t001,stb_A067_t002,analysis_A067_t002,decision_A067_t002,fill_A067_t002,ltb_A067_t002,buy,100,216500.0,0.0,filled
RN_COMM_ON,2026-02-27,2,pm,005930,A069,ltb_A069_t001,stb_A069_t002,analysis_A069_t002,decision_A069_t002,fill_A069_t002,ltb_A069_t002,buy,50,216500.0,0.0,filled
RN_COMM_ON,2026-02-27,2,pm,005930,A070,ltb_A070_t001,stb_A070_t002,analysis_A070_t002,decision_A070_t002,fill_A070_t002,ltb_A070_t002,buy,115,216500.0,0.0,filled
RN_COMM_ON,2026-02-27,2,pm,005930,A071,ltb_A071_t001,stb_A071_t002,analysis_A071_t002,decision_A071_t002,fill_A071_t002,ltb_A071_t002,buy,1000,216500.0,0.0,filled
RN_COMM_ON,2026-02-27,2,pm,005930,A073,ltb_A073_t001,stb_A073_t002,analysis_A073_t002,decision_A073_t002,fill_A073_t002,ltb_A073_t002,buy,50,216500.0,0.0,filled
RN_COMM_ON,2026-02-27,2,pm,005930,A074,ltb_A074_t001,stb_A074_t002,analysis_A074_t002,decision_A074_t002,fill_A074_t002,ltb_A074_t002,buy,133,216500.0,0.0,filled
RN_COMM_ON,2026-02-27,2,pm,005930,A075,ltb_A075_t001,stb_A075_t002,analysis_A075_t002,decision_A075_t002,fill_A075_t002,ltb_A075_t002,buy,100,216500.0,0.0,filled
RN_COMM_ON,2026-02-27,2,pm,005930,A076,ltb_A076_t001,stb_A076_t002,analysis_A076_t002,decision_A076_t002,fill_A076_t002,ltb_A076_t002,buy,100,216500.0,0.0,filled
RN_COMM_ON,2026-02-27,2,pm,005930,A078,ltb_A078_t001,stb_A078_t002,analysis_A078_t002,decision_A078_t002,fill_A078_t002,ltb_A078_t002,buy,100,216500.0,0.0,filled
RN_COMM_ON,2026-02-27,2,pm,005930,A079,ltb_A079_t001,stb_A079_t002,analysis_A079_t002,decision_A079_t002,fill_A079_t002,ltb_A079_t002,buy,10,216500.0,0.0,filled
RN_COMM_ON,2026-02-27,2,pm,005930,A080,ltb_A080_t001,stb_A080_t002,analysis_A080_t002,decision_A080_t002,fill_A080_t002,ltb_A080_t002,buy,500,216500.0,0.0,filled
RN_COMM_ON,2026-02-27,2,pm,005930,A081,ltb_A081_t001,stb_A081_t002,analysis_A081_t002,decision_A081_t002,fill_A081_t002,ltb_A081_t002,buy,100,216500.0,0.0,filled
RN_COMM_ON,2026-02-27,2,pm,005930,A082,ltb_A082_t001,stb_A082_t002,analysis_A082_t002,decision_A082_t002,fill_A082_t002,ltb_A082_t002,buy,1000,216500.0,0.0,filled
RN_COMM_ON,2026-02-27,2,pm,005930,A083,ltb_A083_t001,stb_A083_t002,analysis_A083_t002,decision_A083_t002,fill_A083_t002,ltb_A083_t002,buy,100,216500.0,0.0,filled
RN_COMM_ON,2026-02-27,2,pm,005930,A084,ltb_A084_t001,stb_A084_t002,analysis_A084_t002,decision_A084_t002,fill_A084_t002,ltb_A084_t002,buy,115,216500.0,0.0,filled
RN_COMM_ON,2026-02-27,2,pm,005930,A085,ltb_A085_t001,stb_A085_t002,analysis_A085_t002,decision_A085_t002,fill_A085_t002,ltb_A085_t002,buy,100,216500.0,0.0,filled
RN_COMM_ON,2026-02-27,2,pm,005930,A086,ltb_A086_t001,stb_A086_t002,analysis_A086_t002,decision_A086_t002,fill_A086_t002,ltb_A086_t002,buy,115,216500.0,0.0,filled
RN_COMM_ON,2026-02-27,2,pm,005930,A088,ltb_A088_t001,stb_A088_t002,analysis_A088_t002,decision_A088_t002,fill_A088_t002,ltb_A088_t002,buy,100,216500.0,0.0,filled
RN_COMM_ON,2026-02-27,2,pm,005930,A089,ltb_A089_t001,stb_A089_t002,analysis_A089_t002,decision_A089_t002,fill_A089_t002,ltb_A089_t002,buy,100,216500.0,0.0,filled
RN_COMM_ON,2026-02-27,2,pm,005930,A092,ltb_A092_t001,stb_A092_t002,analysis_A092_t002,decision_A092_t002,fill_A092_t002,ltb_A092_t002,buy,115,216500.0,0.0,filled
RN_COMM_ON,2026-02-27,2,pm,005930,A093,ltb_A093_t001,stb_A093_t002,analysis_A093_t002,decision_A093_t002,fill_A093_t002,ltb_A093_t002,buy,115,216500.0,0.0,filled
RN_COMM_ON,2026-02-27,2,pm,005930,A097,ltb_A097_t001,stb_A097_t002,analysis_A097_t002,decision_A097_t002,fill_A097_t002,ltb_A097_t002,buy,1155,216500.0,0.0,filled
RN_COMM_ON,2026-02-27,2,pm,005930,A098,ltb_A098_t001,stb_A098_t002,analysis_A098_t002,decision_A098_t002,fill_A098_t002,ltb_A098_t002,buy,115,216500.0,0.0,filled
RN_COMM_ON,2026-02-27,2,pm,005930,A099,ltb_A099_t001,stb_A099_t002,analysis_A099_t002,decision_A099_t002,fill_A099_t002,ltb_A099_t002,buy,100,216500.0,0.0,filled
RN_COMM_ON,2026-02-27,2,pm,005930,A100,ltb_A100_t001,stb_A100_t002,analysis_A100_t002,decision_A100_t002,fill_A100_t002,ltb_A100_t002,buy,100,216500.0,0.0,filled
RN_COMM_ON,2026-02-27,2,pm,005930,A004,ltb_A004_t001,stb_A004_t002,analysis_A004_t002,decision_A004_t002,fill_A004_t002,ltb_A004_t002,sell,100,216500.0,0.0,filled
RN_COMM_ON,2026-02-27,2,pm,005930,A009,ltb_A009_t001,stb_A009_t002,analysis_A009_t002,decision_A009_t002,fill_A009_t002,ltb_A009_t002,sell,100,216500.0,0.0,filled
RN_COMM_ON,2026-02-27,2,pm,005930,A017,ltb_A017_t001,stb_A017_t002,analysis_A017_t002,decision_A017_t002,fill_A017_t002,ltb_A017_t002,sell,50,216500.0,0.0,filled
RN_COMM_ON,2026-02-27,2,pm,005930,A023,ltb_A023_t001,stb_A023_t002,analysis_A023_t002,decision_A023_t002,fill_A023_t002,ltb_A023_t002,sell,50,216500.0,0.0,filled
RN_COMM_ON,2026-02-27,2,pm,005930,A025,ltb_A025_t001,stb_A025_t002,analysis_A025_t002,decision_A025_t002,fill_A025_t002,ltb_A025_t002,sell,100,216500.0,0.0,filled
RN_COMM_ON,2026-02-27,2,pm,005930,A027,ltb_A027_t001,stb_A027_t002,analysis_A027_t002,decision_A027_t002,fill_A027_t002,ltb_A027_t002,sell,100,216500.0,0.0,filled
RN_COMM_ON,2026-02-27,2,pm,005930,A030,ltb_A030_t001,stb_A030_t002,analysis_A030_t002,decision_A030_t002,fill_A030_t002,ltb_A030_t002,sell,50,216500.0,0.0,filled
RN_COMM_ON,2026-02-27,2,pm,005930,A037,ltb_A037_t001,stb_A037_t002,analysis_A037_t002,decision_A037_t002,fill_A037_t002,ltb_A037_t002,sell,100,216500.0,0.0,filled
RN_COMM_ON,2026-02-27,2,pm,005930,A038,ltb_A038_t001,stb_A038_t002,analysis_A038_t002,decision_A038_t002,fill_A038_t002,ltb_A038_t002,sell,50,216500.0,0.0,filled
RN_COMM_ON,2026-02-27,2,pm,005930,A041,ltb_A041_t001,stb_A041_t002,analysis_A041_t002,decision_A041_t002,fill_A041_t002,ltb_A041_t002,sell,50,216500.0,0.0,filled
RN_COMM_ON,2026-02-27,2,pm,005930,A043,ltb_A043_t001,stb_A043_t002,analysis_A043_t002,decision_A043_t002,fill_A043_t002,ltb_A043_t002,sell,1000,216500.0,0.0,filled
RN_COMM_ON,2026-02-27,2,pm,005930,A045,ltb_A045_t001,stb_A045_t002,analysis_A045_t002,decision_A045_t002,fill_A045_t002,ltb_A045_t002,sell,119,216500.0,0.0,filled
RN_COMM_ON,2026-02-27,2,pm,005930,A056,ltb_A056_t001,stb_A056_t002,analysis_A056_t002,decision_A056_t002,fill_A056_t002,ltb_A056_t002,sell,1190,216500.0,0.0,filled
RN_COMM_ON,2026-02-27,2,pm,005930,A059,ltb_A059_t001,stb_A059_t002,analysis_A059_t002,decision_A059_t002,fill_A059_t002,ltb_A059_t002,sell,150,216500.0,0.0,filled
RN_COMM_ON,2026-02-27,2,pm,005930,A061,ltb_A061_t001,stb_A061_t002,analysis_A061_t002,decision_A061_t002,fill_A061_t002,ltb_A061_t002,sell,50,216500.0,0.0,filled
RN_COMM_ON,2026-02-27,2,pm,005930,A063,ltb_A063_t001,stb_A063_t002,analysis_A063_t002,decision_A063_t002,fill_A063_t002,ltb_A063_t002,sell,1000,216500.0,0.0,filled
RN_COMM_ON,2026-02-27,2,pm,005930,A068,ltb_A068_t001,stb_A068_t002,analysis_A068_t002,decision_A068_t002,fill_A068_t002,ltb_A068_t002,sell,50,216500.0,0.0,filled
RN_COMM_ON,2026-02-27,2,pm,005930,A072,ltb_A072_t001,stb_A072_t002,analysis_A072_t002,decision_A072_t002,fill_A072_t002,ltb_A072_t002,sell,50,216500.0,0.0,filled
RN_COMM_ON,2026-02-27,2,pm,005930,A077,ltb_A077_t001,stb_A077_t002,analysis_A077_t002,decision_A077_t002,fill_A077_t002,ltb_A077_t002,sell,50,216500.0,0.0,filled
RN_COMM_ON,2026-02-27,2,pm,005930,A087,ltb_A087_t001,stb_A087_t002,analysis_A087_t002,decision_A087_t002,fill_A087_t002,ltb_A087_t002,sell,1000,216500.0,0.0,filled
RN_COMM_ON,2026-02-27,2,pm,005930,A090,ltb_A090_t001,stb_A090_t002,analysis_A090_t002,decision_A090_t002,fill_A090_t002,ltb_A090_t002,sell,100,216500.0,0.0,filled
RN_COMM_ON,2026-02-27,2,pm,005930,A091,ltb_A091_t001,stb_A091_t002,analysis_A091_t002,decision_A091_t002,fill_A091_t002,ltb_A091_t002,sell,100,216500.0,0.0,filled
RN_COMM_ON,2026-02-27,2,pm,005930,A094,ltb_A094_t001,stb_A094_t002,analysis_A094_t002,decision_A094_t002,fill_A094_t002,ltb_A094_t002,sell,50,216500.0,0.0,filled
RN_COMM_ON,2026-02-27,2,pm,005930,A095,ltb_A095_t001,stb_A095_t002,analysis_A095_t002,decision_A095_t002,fill_A095_t002,ltb_A095_t002,sell,100,216500.0,0.0,filled
RN_COMM_ON,2026-02-27,2,pm,005930,A096,ltb_A096_t001,stb_A096_t002,analysis_A096_t002,decision_A096_t002,fill_A096_t002,ltb_A096_t002,sell,60,216500.0,0.0,filled
RN_COMM_ON,2026-03-03,3,am,005930,A002,ltb_A002_t002,stb_A002_t003,analysis_A002_t003,decision_A002_t003,fill_A002_t003,ltb_A002_t003,buy,45,209500.0,0.0,filled
RN_COMM_ON,2026-03-03,3,am,005930,A003,ltb_A003_t002,stb_A003_t003,analysis_A003_t003,decision_A003_t003,fill_A003_t003,ltb_A003_t003,buy,93,209500.0,0.0,filled
RN_COMM_ON,2026-03-03,3,am,005930,A004,ltb_A004_t002,stb_A004_t003,analysis_A004_t003,decision_A004_t003,fill_A004_t003,ltb_A004_t003,buy,240,209500.0,0.0,filled
RN_COMM_ON,2026-03-03,3,am,005930,A005,ltb_A005_t002,stb_A005_t003,analysis_A005_t003,decision_A005_t003,fill_A005_t003,ltb_A005_t003,buy,46,209500.0,0.0,filled
RN_COMM_ON,2026-03-03,3,am,005930,A007,ltb_A007_t002,stb_A007_t003,analysis_A007_t003,decision_A007_t003,fill_A007_t003,ltb_A007_t003,buy,50,209500.0,0.0,filled
RN_COMM_ON,2026-03-03,3,am,005930,A008,ltb_A008_t002,stb_A008_t003,analysis_A008_t003,decision_A008_t003,fill_A008_t003,ltb_A008_t003,buy,136,209500.0,0.0,filled
RN_COMM_ON,2026-03-03,3,am,005930,A009,ltb_A009_t002,stb_A009_t003,analysis_A009_t003,decision_A009_t003,fill_A009_t003,ltb_A009_t003,buy,120,209500.0,0.0,filled
RN_COMM_ON,2026-03-03,3,am,005930,A010,ltb_A010_t002,stb_A010_t003,analysis_A010_t003,decision_A010_t003,fill_A010_t003,ltb_A010_t003,buy,46,209500.0,0.0,filled
RN_COMM_ON,2026-03-03,3,am,005930,A011,ltb_A011_t002,stb_A011_t003,analysis_A011_t003,decision_A011_t003,fill_A011_t003,ltb_A011_t003,buy,30,209500.0,0.0,filled
RN_COMM_ON,2026-03-03,3,am,005930,A012,ltb_A012_t002,stb_A012_t003,analysis_A012_t003,decision_A012_t003,fill_A012_t003,ltb_A012_t003,buy,50,209500.0,0.0,filled
RN_COMM_ON,2026-03-03,3,am,005930,A013,ltb_A013_t002,stb_A013_t003,analysis_A013_t003,decision_A013_t003,fill_A013_t003,ltb_A013_t003,buy,100,209500.0,0.0,filled
RN_COMM_ON,2026-03-03,3,am,005930,A014,ltb_A014_t002,stb_A014_t003,analysis_A014_t003,decision_A014_t003,fill_A014_t003,ltb_A014_t003,buy,50,209500.0,0.0,filled
RN_COMM_ON,2026-03-03,3,am,005930,A015,ltb_A015_t002,stb_A015_t003,analysis_A015_t003,decision_A015_t003,fill_A015_t003,ltb_A015_t003,buy,136,209500.0,0.0,filled
RN_COMM_ON,2026-03-03,3,am,005930,A016,ltb_A016_t002,stb_A016_t003,analysis_A016_t003,decision_A016_t003,fill_A016_t003,ltb_A016_t003,buy,100,209500.0,0.0,filled
RN_COMM_ON,2026-03-03,3,am,005930,A018,ltb_A018_t002,stb_A018_t003,analysis_A018_t003,decision_A018_t003,fill_A018_t003,ltb_A018_t003,buy,50,209500.0,0.0,filled
RN_COMM_ON,2026-03-03,3,am,005930,A019,ltb_A019_t002,stb_A019_t003,analysis_A019_t003,decision_A019_t003,fill_A019_t003,ltb_A019_t003,buy,94,209500.0,0.0,filled
RN_COMM_ON,2026-03-03,3,am,005930,A020,ltb_A020_t002,stb_A020_t003,analysis_A020_t003,decision_A020_t003,fill_A020_t003,ltb_A020_t003,buy,100,209500.0,0.0,filled
RN_COMM_ON,2026-03-03,3,am,005930,A022,ltb_A022_t002,stb_A022_t003,analysis_A022_t003,decision_A022_t003,fill_A022_t003,ltb_A022_t003,buy,100,209500.0,0.0,filled
RN_COMM_ON,2026-03-03,3,am,005930,A023,ltb_A023_t002,stb_A023_t003,analysis_A023_t003,decision_A023_t003,fill_A023_t003,ltb_A023_t003,buy,70,209500.0,0.0,filled
RN_COMM_ON,2026-03-03,3,am,005930,A025,ltb_A025_t002,stb_A025_t003,analysis_A025_t003,decision_A025_t003,fill_A025_t003,ltb_A025_t003,buy,120,209500.0,0.0,filled
RN_COMM_ON,2026-03-03,3,am,005930,A027,ltb_A027_t002,stb_A027_t003,analysis_A027_t003,decision_A027_t003,fill_A027_t003,ltb_A027_t003,buy,120,209500.0,0.0,filled
RN_COMM_ON,2026-03-03,3,am,005930,A028,ltb_A028_t002,stb_A028_t003,analysis_A028_t003,decision_A028_t003,fill_A028_t003,ltb_A028_t003,buy,59,209500.0,0.0,filled
RN_COMM_ON,2026-03-03,3,am,005930,A029,ltb_A029_t002,stb_A029_t003,analysis_A029_t003,decision_A029_t003,fill_A029_t003,ltb_A029_t003,buy,50,209500.0,0.0,filled
RN_COMM_ON,2026-03-03,3,am,005930,A030,ltb_A030_t002,stb_A030_t003,analysis_A030_t003,decision_A030_t003,fill_A030_t003,ltb_A030_t003,buy,10,209500.0,0.0,filled
RN_COMM_ON,2026-03-03,3,am,005930,A031,ltb_A031_t002,stb_A031_t003,analysis_A031_t003,decision_A031_t003,fill_A031_t003,ltb_A031_t003,buy,50,209500.0,0.0,filled
RN_COMM_ON,2026-03-03,3,am,005930,A032,ltb_A032_t002,stb_A032_t003,analysis_A032_t003,decision_A032_t003,fill_A032_t003,ltb_A032_t003,buy,100,209500.0,0.0,filled
RN_COMM_ON,2026-03-03,3,am,005930,A033,ltb_A033_t002,stb_A033_t003,analysis_A033_t003,decision_A033_t003,fill_A033_t003,ltb_A033_t003,buy,40,209500.0,0.0,filled
RN_COMM_ON,2026-03-03,3,am,005930,A034,ltb_A034_t002,stb_A034_t003,analysis_A034_t003,decision_A034_t003,fill_A034_t003,ltb_A034_t003,buy,46,209500.0,0.0,filled
RN_COMM_ON,2026-03-03,3,am,005930,A035,ltb_A035_t002,stb_A035_t003,analysis_A035_t003,decision_A035_t003,fill_A035_t003,ltb_A035_t003,buy,50,209500.0,0.0,filled
RN_COMM_ON,2026-03-03,3,am,005930,A037,ltb_A037_t002,stb_A037_t003,analysis_A037_t003,decision_A037_t003,fill_A037_t003,ltb_A037_t003,buy,120,209500.0,0.0,filled
RN_COMM_ON,2026-03-03,3,am,005930,A041,ltb_A041_t002,stb_A041_t003,analysis_A041_t003,decision_A041_t003,fill_A041_t003,ltb_A041_t003,buy,100,209500.0,0.0,filled
RN_COMM_ON,2026-03-03,3,am,005930,A042,ltb_A042_t002,stb_A042_t003,analysis_A042_t003,decision_A042_t003,fill_A042_t003,ltb_A042_t003,buy,59,209500.0,0.0,filled
RN_COMM_ON,2026-03-03,3,am,005930,A043,ltb_A043_t002,stb_A043_t003,analysis_A043_t003,decision_A043_t003,fill_A043_t003,ltb_A043_t003,buy,1000,209500.0,0.0,filled
RN_COMM_ON,2026-03-03,3,am,005930,A047,ltb_A047_t002,stb_A047_t003,analysis_A047_t003,decision_A047_t003,fill_A047_t003,ltb_A047_t003,buy,46,209500.0,0.0,filled
RN_COMM_ON,2026-03-03,3,am,005930,A048,ltb_A048_t002,stb_A048_t003,analysis_A048_t003,decision_A048_t003,fill_A048_t003,ltb_A048_t003,buy,45,209500.0,0.0,filled
RN_COMM_ON,2026-03-03,3,am,005930,A049,ltb_A049_t002,stb_A049_t003,analysis_A049_t003,decision_A049_t003,fill_A049_t003,ltb_A049_t003,buy,40,209500.0,0.0,filled
RN_COMM_ON,2026-03-03,3,am,005930,A050,ltb_A050_t002,stb_A050_t003,analysis_A050_t003,decision_A050_t003,fill_A050_t003,ltb_A050_t003,buy,100,209500.0,0.0,filled
RN_COMM_ON,2026-03-03,3,am,005930,A051,ltb_A051_t002,stb_A051_t003,analysis_A051_t003,decision_A051_t003,fill_A051_t003,ltb_A051_t003,buy,50,209500.0,0.0,filled
RN_COMM_ON,2026-03-03,3,am,005930,A052,ltb_A052_t002,stb_A052_t003,analysis_A052_t003,decision_A052_t003,fill_A052_t003,ltb_A052_t003,buy,800,209500.0,0.0,filled
RN_COMM_ON,2026-03-03,3,am,005930,A053,ltb_A053_t002,stb_A053_t003,analysis_A053_t003,decision_A053_t003,fill_A053_t003,ltb_A053_t003,buy,50,209500.0,0.0,filled
RN_COMM_ON,2026-03-03,3,am,005930,A054,ltb_A054_t002,stb_A054_t003,analysis_A054_t003,decision_A054_t003,fill_A054_t003,ltb_A054_t003,buy,50,209500.0,0.0,filled
RN_COMM_ON,2026-03-03,3,am,005930,A055,ltb_A055_t002,stb_A055_t003,analysis_A055_t003,decision_A055_t003,fill_A055_t003,ltb_A055_t003,buy,100,209500.0,0.0,filled
RN_COMM_ON,2026-03-03,3,am,005930,A057,ltb_A057_t002,stb_A057_t003,analysis_A057_t003,decision_A057_t003,fill_A057_t003,ltb_A057_t003,buy,50,209500.0,0.0,filled
RN_COMM_ON,2026-03-03,3,am,005930,A058,ltb_A058_t002,stb_A058_t003,analysis_A058_t003,decision_A058_t003,fill_A058_t003,ltb_A058_t003,buy,142,209500.0,0.0,filled
RN_COMM_ON,2026-03-03,3,am,005930,A059,ltb_A059_t002,stb_A059_t003,analysis_A059_t003,decision_A059_t003,fill_A059_t003,ltb_A059_t003,buy,150,209500.0,0.0,filled
RN_COMM_ON,2026-03-03,3,am,005930,A060,ltb_A060_t002,stb_A060_t003,analysis_A060_t003,decision_A060_t003,fill_A060_t003,ltb_A060_t003,buy,100,209500.0,0.0,filled
RN_COMM_ON,2026-03-03,3,am,005930,A061,ltb_A061_t002,stb_A061_t003,analysis_A061_t003,decision_A061_t003,fill_A061_t003,ltb_A061_t003,buy,100,209500.0,0.0,filled
RN_COMM_ON,2026-03-03,3,am,005930,A062,ltb_A062_t002,stb_A062_t003,analysis_A062_t003,decision_A062_t003,fill_A062_t003,ltb_A062_t003,buy,100,209500.0,0.0,filled
RN_COMM_ON,2026-03-03,3,am,005930,A063,ltb_A063_t002,stb_A063_t003,analysis_A063_t003,decision_A063_t003,fill_A063_t003,ltb_A063_t003,buy,1200,209500.0,0.0,filled
RN_COMM_ON,2026-03-03,3,am,005930,A064,ltb_A064_t002,stb_A064_t003,analysis_A064_t003,decision_A064_t003,fill_A064_t003,ltb_A064_t003,buy,50,209500.0,0.0,filled
RN_COMM_ON,2026-03-03,3,am,005930,A065,ltb_A065_t002,stb_A065_t003,analysis_A065_t003,decision_A065_t003,fill_A065_t003,ltb_A065_t003,buy,100,209500.0,0.0,filled
RN_COMM_ON,2026-03-03,3,am,005930,A066,ltb_A066_t002,stb_A066_t003,analysis_A066_t003,decision_A066_t003,fill_A066_t003,ltb_A066_t003,buy,45,209500.0,0.0,filled
RN_COMM_ON,2026-03-03,3,am,005930,A067,ltb_A067_t002,stb_A067_t003,analysis_A067_t003,decision_A067_t003,fill_A067_t003,ltb_A067_t003,buy,50,209500.0,0.0,filled
RN_COMM_ON,2026-03-03,3,am,005930,A068,ltb_A068_t002,stb_A068_t003,analysis_A068_t003,decision_A068_t003,fill_A068_t003,ltb_A068_t003,buy,100,209500.0,0.0,filled
RN_COMM_ON,2026-03-03,3,am,005930,A069,ltb_A069_t002,stb_A069_t003,analysis_A069_t003,decision_A069_t003,fill_A069_t003,ltb_A069_t003,buy,46,209500.0,0.0,filled
RN_COMM_ON,2026-03-03,3,am,005930,A070,ltb_A070_t002,stb_A070_t003,analysis_A070_t003,decision_A070_t003,fill_A070_t003,ltb_A070_t003,buy,59,209500.0,0.0,filled
RN_COMM_ON,2026-03-03,3,am,005930,A071,ltb_A071_t002,stb_A071_t003,analysis_A071_t003,decision_A071_t003,fill_A071_t003,ltb_A071_t003,buy,500,209500.0,0.0,filled
RN_COMM_ON,2026-03-03,3,am,005930,A072,ltb_A072_t002,stb_A072_t003,analysis_A072_t003,decision_A072_t003,fill_A072_t003,ltb_A072_t003,buy,100,209500.0,0.0,filled
RN_COMM_ON,2026-03-03,3,am,005930,A073,ltb_A073_t002,stb_A073_t003,analysis_A073_t003,decision_A073_t003,fill_A073_t003,ltb_A073_t003,buy,100,209500.0,0.0,filled
RN_COMM_ON,2026-03-03,3,am,005930,A075,ltb_A075_t002,stb_A075_t003,analysis_A075_t003,decision_A075_t003,fill_A075_t003,ltb_A075_t003,buy,100,209500.0,0.0,filled
RN_COMM_ON,2026-03-03,3,am,005930,A076,ltb_A076_t002,stb_A076_t003,analysis_A076_t003,decision_A076_t003,fill_A076_t003,ltb_A076_t003,buy,50,209500.0,0.0,filled
RN_COMM_ON,2026-03-03,3,am,005930,A077,ltb_A077_t002,stb_A077_t003,analysis_A077_t003,decision_A077_t003,fill_A077_t003,ltb_A077_t003,buy,100,209500.0,0.0,filled
RN_COMM_ON,2026-03-03,3,am,005930,A078,ltb_A078_t002,stb_A078_t003,analysis_A078_t003,decision_A078_t003,fill_A078_t003,ltb_A078_t003,buy,50,209500.0,0.0,filled
RN_COMM_ON,2026-03-03,3,am,005930,A079,ltb_A079_t002,stb_A079_t003,analysis_A079_t003,decision_A079_t003,fill_A079_t003,ltb_A079_t003,buy,50,209500.0,0.0,filled
RN_COMM_ON,2026-03-03,3,am,005930,A080,ltb_A080_t002,stb_A080_t003,analysis_A080_t003,decision_A080_t003,fill_A080_t003,ltb_A080_t003,buy,600,209500.0,0.0,filled
RN_COMM_ON,2026-03-03,3,am,005930,A081,ltb_A081_t002,stb_A081_t003,analysis_A081_t003,decision_A081_t003,fill_A081_t003,ltb_A081_t003,buy,100,209500.0,0.0,filled
RN_COMM_ON,2026-03-03,3,am,005930,A083,ltb_A083_t002,stb_A083_t003,analysis_A083_t003,decision_A083_t003,fill_A083_t003,ltb_A083_t003,buy,50,209500.0,0.0,filled
RN_COMM_ON,2026-03-03,3,am,005930,A084,ltb_A084_t002,stb_A084_t003,analysis_A084_t003,decision_A084_t003,fill_A084_t003,ltb_A084_t003,buy,30,209500.0,0.0,filled
RN_COMM_ON,2026-03-03,3,am,005930,A085,ltb_A085_t002,stb_A085_t003,analysis_A085_t003,decision_A085_t003,fill_A085_t003,ltb_A085_t003,buy,50,209500.0,0.0,filled
RN_COMM_ON,2026-03-03,3,am,005930,A086,ltb_A086_t002,stb_A086_t003,analysis_A086_t003,decision_A086_t003,fill_A086_t003,ltb_A086_t003,buy,59,209500.0,0.0,filled
RN_COMM_ON,2026-03-03,3,am,005930,A087,ltb_A087_t002,stb_A087_t003,analysis_A087_t003,decision_A087_t003,fill_A087_t003,ltb_A087_t003,buy,1200,209500.0,0.0,filled
RN_COMM_ON,2026-03-03,3,am,005930,A088,ltb_A088_t002,stb_A088_t003,analysis_A088_t003,decision_A088_t003,fill_A088_t003,ltb_A088_t003,buy,100,209500.0,0.0,filled
RN_COMM_ON,2026-03-03,3,am,005930,A091,ltb_A091_t002,stb_A091_t003,analysis_A091_t003,decision_A091_t003,fill_A091_t003,ltb_A091_t003,buy,120,209500.0,0.0,filled
RN_COMM_ON,2026-03-03,3,am,005930,A092,ltb_A092_t002,stb_A092_t003,analysis_A092_t003,decision_A092_t003,fill_A092_t003,ltb_A092_t003,buy,50,209500.0,0.0,filled
RN_COMM_ON,2026-03-03,3,am,005930,A093,ltb_A093_t002,stb_A093_t003,analysis_A093_t003,decision_A093_t003,fill_A093_t003,ltb_A093_t003,buy,59,209500.0,0.0,filled
RN_COMM_ON,2026-03-03,3,am,005930,A094,ltb_A094_t002,stb_A094_t003,analysis_A094_t003,decision_A094_t003,fill_A094_t003,ltb_A094_t003,buy,145,209500.0,0.0,filled
RN_COMM_ON,2026-03-03,3,am,005930,A095,ltb_A095_t002,stb_A095_t003,analysis_A095_t003,decision_A095_t003,fill_A095_t003,ltb_A095_t003,buy,120,209500.0,0.0,filled
RN_COMM_ON,2026-03-03,3,am,005930,A096,ltb_A096_t002,stb_A096_t003,analysis_A096_t003,decision_A096_t003,fill_A096_t003,ltb_A096_t003,buy,100,209500.0,0.0,filled
RN_COMM_ON,2026-03-03,3,am,005930,A099,ltb_A099_t002,stb_A099_t003,analysis_A099_t003,decision_A099_t003,fill_A099_t003,ltb_A099_t003,buy,50,209500.0,0.0,filled
RN_COMM_ON,2026-03-03,3,am,005930,A100,ltb_A100_t002,stb_A100_t003,analysis_A100_t003,decision_A100_t003,fill_A100_t003,ltb_A100_t003,buy,100,209500.0,0.0,filled
RN_COMM_ON,2026-03-03,3,am,005930,A001,ltb_A001_t002,stb_A001_t003,analysis_A001_t003,decision_A001_t003,fill_A001_t003,ltb_A001_t003,sell,50,209500.0,0.0,filled
RN_COMM_ON,2026-03-03,3,am,005930,A006,ltb_A006_t002,stb_A006_t003,analysis_A006_t003,decision_A006_t003,fill_A006_t003,ltb_A006_t003,sell,100,209500.0,0.0,filled
RN_COMM_ON,2026-03-03,3,am,005930,A017,ltb_A017_t002,stb_A017_t003,analysis_A017_t003,decision_A017_t003,fill_A017_t003,ltb_A017_t003,sell,50,209500.0,0.0,filled
RN_COMM_ON,2026-03-03,3,am,005930,A021,ltb_A021_t002,stb_A021_t003,analysis_A021_t003,decision_A021_t003,fill_A021_t003,ltb_A021_t003,sell,100,209500.0,0.0,filled
RN_COMM_ON,2026-03-03,3,am,005930,A024,ltb_A024_t002,stb_A024_t003,analysis_A024_t003,decision_A024_t003,fill_A024_t003,ltb_A024_t003,sell,353,209500.0,0.0,filled
RN_COMM_ON,2026-03-03,3,am,005930,A026,ltb_A026_t002,stb_A026_t003,analysis_A026_t003,decision_A026_t003,fill_A026_t003,ltb_A026_t003,sell,100,209500.0,0.0,filled
RN_COMM_ON,2026-03-03,3,am,005930,A036,ltb_A036_t002,stb_A036_t003,analysis_A036_t003,decision_A036_t003,fill_A036_t003,ltb_A036_t003,sell,100,209500.0,0.0,filled
RN_COMM_ON,2026-03-03,3,am,005930,A038,ltb_A038_t002,stb_A038_t003,analysis_A038_t003,decision_A038_t003,fill_A038_t003,ltb_A038_t003,sell,50,209500.0,0.0,filled
RN_COMM_ON,2026-03-03,3,am,005930,A039,ltb_A039_t002,stb_A039_t003,analysis_A039_t003,decision_A039_t003,fill_A039_t003,ltb_A039_t003,sell,1000,209500.0,0.0,filled
RN_COMM_ON,2026-03-03,3,am,005930,A040,ltb_A040_t002,stb_A040_t003,analysis_A040_t003,decision_A040_t003,fill_A040_t003,ltb_A040_t003,sell,100,209500.0,0.0,filled
RN_COMM_ON,2026-03-03,3,am,005930,A044,ltb_A044_t002,stb_A044_t003,analysis_A044_t003,decision_A044_t003,fill_A044_t003,ltb_A044_t003,sell,100,209500.0,0.0,filled
RN_COMM_ON,2026-03-03,3,am,005930,A045,ltb_A045_t002,stb_A045_t003,analysis_A045_t003,decision_A045_t003,fill_A045_t003,ltb_A045_t003,sell,119,209500.0,0.0,filled
RN_COMM_ON,2026-03-03,3,am,005930,A046,ltb_A046_t002,stb_A046_t003,analysis_A046_t003,decision_A046_t003,fill_A046_t003,ltb_A046_t003,sell,50,209500.0,0.0,filled
RN_COMM_ON,2026-03-03,3,am,005930,A056,ltb_A056_t002,stb_A056_t003,analysis_A056_t003,decision_A056_t003,fill_A056_t003,ltb_A056_t003,sell,600,209500.0,0.0,filled
RN_COMM_ON,2026-03-03,3,am,005930,A074,ltb_A074_t002,stb_A074_t003,analysis_A074_t003,decision_A074_t003,fill_A074_t003,ltb_A074_t003,sell,100,209500.0,0.0,filled
RN_COMM_ON,2026-03-03,3,am,005930,A082,ltb_A082_t002,stb_A082_t003,analysis_A082_t003,decision_A082_t003,fill_A082_t003,ltb_A082_t003,sell,1000,209500.0,0.0,filled
RN_COMM_ON,2026-03-03,3,am,005930,A089,ltb_A089_t002,stb_A089_t003,analysis_A089_t003,decision_A089_t003,fill_A089_t003,ltb_A089_t003,sell,100,209500.0,0.0,filled
RN_COMM_ON,2026-03-03,3,am,005930,A090,ltb_A090_t002,stb_A090_t003,analysis_A090_t003,decision_A090_t003,fill_A090_t003,ltb_A090_t003,sell,100,209500.0,0.0,filled
RN_COMM_ON,2026-03-03,3,am,005930,A097,ltb_A097_t002,stb_A097_t003,analysis_A097_t003,decision_A097_t003,fill_A097_t003,ltb_A097_t003,sell,1768,209500.0,0.0,filled
RN_COMM_ON,2026-03-03,3,am,005930,A098,ltb_A098_t002,stb_A098_t003,analysis_A098_t003,decision_A098_t003,fill_A098_t003,ltb_A098_t003,sell,100,209500.0,0.0,filled
RN_COMM_ON,2026-03-03,4,pm,005930,A001,ltb_A001_t003,stb_A001_t004,analysis_A001_t004,decision_A001_t004,fill_A001_t004,ltb_A001_t004,buy,50,195100.0,0.0,filled
RN_COMM_ON,2026-03-03,4,pm,005930,A003,ltb_A003_t003,stb_A003_t004,analysis_A003_t004,decision_A003_t004,fill_A003_t004,ltb_A003_t004,buy,50,195100.0,0.0,filled
RN_COMM_ON,2026-03-03,4,pm,005930,A004,ltb_A004_t003,stb_A004_t004,analysis_A004_t004,decision_A004_t004,fill_A004_t004,ltb_A004_t004,buy,64,195100.0,0.0,filled
RN_COMM_ON,2026-03-03,4,pm,005930,A005,ltb_A005_t003,stb_A005_t004,analysis_A005_t004,decision_A005_t004,fill_A005_t004,ltb_A005_t004,buy,75,195100.0,0.0,filled
RN_COMM_ON,2026-03-03,4,pm,005930,A007,ltb_A007_t003,stb_A007_t004,analysis_A007_t004,decision_A007_t004,fill_A007_t004,ltb_A007_t004,buy,60,195100.0,0.0,filled
RN_COMM_ON,2026-03-03,4,pm,005930,A010,ltb_A010_t003,stb_A010_t004,analysis_A010_t004,decision_A010_t004,fill_A010_t004,ltb_A010_t004,buy,75,195100.0,0.0,filled
RN_COMM_ON,2026-03-03,4,pm,005930,A011,ltb_A011_t003,stb_A011_t004,analysis_A011_t004,decision_A011_t004,fill_A011_t004,ltb_A011_t004,buy,48,195100.0,0.0,filled
RN_COMM_ON,2026-03-03,4,pm,005930,A012,ltb_A012_t003,stb_A012_t004,analysis_A012_t004,decision_A012_t004,fill_A012_t004,ltb_A012_t004,buy,50,195100.0,0.0,filled
RN_COMM_ON,2026-03-03,4,pm,005930,A013,ltb_A013_t003,stb_A013_t004,analysis_A013_t004,decision_A013_t004,fill_A013_t004,ltb_A013_t004,buy,50,195100.0,0.0,filled
RN_COMM_ON,2026-03-03,4,pm,005930,A015,ltb_A015_t003,stb_A015_t004,analysis_A015_t004,decision_A015_t004,fill_A015_t004,ltb_A015_t004,buy,50,195100.0,0.0,filled
RN_COMM_ON,2026-03-03,4,pm,005930,A017,ltb_A017_t003,stb_A017_t004,analysis_A017_t004,decision_A017_t004,fill_A017_t004,ltb_A017_t004,buy,100,195100.0,0.0,filled
RN_COMM_ON,2026-03-03,4,pm,005930,A018,ltb_A018_t003,stb_A018_t004,analysis_A018_t004,decision_A018_t004,fill_A018_t004,ltb_A018_t004,buy,100,195100.0,0.0,filled
RN_COMM_ON,2026-03-03,4,pm,005930,A019,ltb_A019_t003,stb_A019_t004,analysis_A019_t004,decision_A019_t004,fill_A019_t004,ltb_A019_t004,buy,25,195100.0,0.0,filled
RN_COMM_ON,2026-03-03,4,pm,005930,A020,ltb_A020_t003,stb_A020_t004,analysis_A020_t004,decision_A020_t004,fill_A020_t004,ltb_A020_t004,buy,50,195100.0,0.0,filled
RN_COMM_ON,2026-03-03,4,pm,005930,A022,ltb_A022_t003,stb_A022_t004,analysis_A022_t004,decision_A022_t004,fill_A022_t004,ltb_A022_t004,buy,40,195100.0,0.0,filled
RN_COMM_ON,2026-03-03,4,pm,005930,A023,ltb_A023_t003,stb_A023_t004,analysis_A023_t004,decision_A023_t004,fill_A023_t004,ltb_A023_t004,buy,118,195100.0,0.0,filled
RN_COMM_ON,2026-03-03,4,pm,005930,A024,ltb_A024_t003,stb_A024_t004,analysis_A024_t004,decision_A024_t004,fill_A024_t004,ltb_A024_t004,buy,253,195100.0,0.0,filled
RN_COMM_ON,2026-03-03,4,pm,005930,A026,ltb_A026_t003,stb_A026_t004,analysis_A026_t004,decision_A026_t004,fill_A026_t004,ltb_A026_t004,buy,154,195100.0,0.0,filled
RN_COMM_ON,2026-03-03,4,pm,005930,A027,ltb_A027_t003,stb_A027_t004,analysis_A027_t004,decision_A027_t004,fill_A027_t004,ltb_A027_t004,buy,100,195100.0,0.0,filled
RN_COMM_ON,2026-03-03,4,pm,005930,A028,ltb_A028_t003,stb_A028_t004,analysis_A028_t004,decision_A028_t004,fill_A028_t004,ltb_A028_t004,buy,20,195100.0,0.0,filled
RN_COMM_ON,2026-03-03,4,pm,005930,A030,ltb_A030_t003,stb_A030_t004,analysis_A030_t004,decision_A030_t004,fill_A030_t004,ltb_A030_t004,buy,100,195100.0,0.0,filled
RN_COMM_ON,2026-03-03,4,pm,005930,A031,ltb_A031_t003,stb_A031_t004,analysis_A031_t004,decision_A031_t004,fill_A031_t004,ltb_A031_t004,buy,120,195100.0,0.0,filled
RN_COMM_ON,2026-03-03,4,pm,005930,A032,ltb_A032_t003,stb_A032_t004,analysis_A032_t004,decision_A032_t004,fill_A032_t004,ltb_A032_t004,buy,50,195100.0,0.0,filled
RN_COMM_ON,2026-03-03,4,pm,005930,A034,ltb_A034_t003,stb_A034_t004,analysis_A034_t004,decision_A034_t004,fill_A034_t004,ltb_A034_t004,buy,50,195100.0,0.0,filled
RN_COMM_ON,2026-03-03,4,pm,005930,A036,ltb_A036_t003,stb_A036_t004,analysis_A036_t004,decision_A036_t004,fill_A036_t004,ltb_A036_t004,buy,118,195100.0,0.0,filled
RN_COMM_ON,2026-03-03,4,pm,005930,A038,ltb_A038_t003,stb_A038_t004,analysis_A038_t004,decision_A038_t004,fill_A038_t004,ltb_A038_t004,buy,50,195100.0,0.0,filled
RN_COMM_ON,2026-03-03,4,pm,005930,A040,ltb_A040_t003,stb_A040_t004,analysis_A040_t004,decision_A040_t004,fill_A040_t004,ltb_A040_t004,buy,154,195100.0,0.0,filled
RN_COMM_ON,2026-03-03,4,pm,005930,A041,ltb_A041_t003,stb_A041_t004,analysis_A041_t004,decision_A041_t004,fill_A041_t004,ltb_A041_t004,buy,100,195100.0,0.0,filled
RN_COMM_ON,2026-03-03,4,pm,005930,A042,ltb_A042_t003,stb_A042_t004,analysis_A042_t004,decision_A042_t004,fill_A042_t004,ltb_A042_t004,buy,15,195100.0,0.0,filled
RN_COMM_ON,2026-03-03,4,pm,005930,A043,ltb_A043_t003,stb_A043_t004,analysis_A043_t004,decision_A043_t004,fill_A043_t004,ltb_A043_t004,buy,1000,195100.0,0.0,filled
RN_COMM_ON,2026-03-03,4,pm,005930,A045,ltb_A045_t003,stb_A045_t004,analysis_A045_t004,decision_A045_t004,fill_A045_t004,ltb_A045_t004,buy,200,195100.0,0.0,filled
RN_COMM_ON,2026-03-03,4,pm,005930,A047,ltb_A047_t003,stb_A047_t004,analysis_A047_t004,decision_A047_t004,fill_A047_t004,ltb_A047_t004,buy,75,195100.0,0.0,filled
RN_COMM_ON,2026-03-03,4,pm,005930,A048,ltb_A048_t003,stb_A048_t004,analysis_A048_t004,decision_A048_t004,fill_A048_t004,ltb_A048_t004,buy,76,195100.0,0.0,filled
RN_COMM_ON,2026-03-03,4,pm,005930,A051,ltb_A051_t003,stb_A051_t004,analysis_A051_t004,decision_A051_t004,fill_A051_t004,ltb_A051_t004,buy,60,195100.0,0.0,filled
RN_COMM_ON,2026-03-03,4,pm,005930,A053,ltb_A053_t003,stb_A053_t004,analysis_A053_t004,decision_A053_t004,fill_A053_t004,ltb_A053_t004,buy,100,195100.0,0.0,filled
RN_COMM_ON,2026-03-03,4,pm,005930,A054,ltb_A054_t003,stb_A054_t004,analysis_A054_t004,decision_A054_t004,fill_A054_t004,ltb_A054_t004,buy,100,195100.0,0.0,filled
RN_COMM_ON,2026-03-03,4,pm,005930,A055,ltb_A055_t003,stb_A055_t004,analysis_A055_t004,decision_A055_t004,fill_A055_t004,ltb_A055_t004,buy,50,195100.0,0.0,filled
RN_COMM_ON,2026-03-03,4,pm,005930,A056,ltb_A056_t003,stb_A056_t004,analysis_A056_t004,decision_A056_t004,fill_A056_t004,ltb_A056_t004,buy,1000,195100.0,0.0,filled
RN_COMM_ON,2026-03-03,4,pm,005930,A057,ltb_A057_t003,stb_A057_t004,analysis_A057_t004,decision_A057_t004,fill_A057_t004,ltb_A057_t004,buy,50,195100.0,0.0,filled
RN_COMM_ON,2026-03-03,4,pm,005930,A059,ltb_A059_t003,stb_A059_t004,analysis_A059_t004,decision_A059_t004,fill_A059_t004,ltb_A059_t004,buy,100,195100.0,0.0,filled
RN_COMM_ON,2026-03-03,4,pm,005930,A060,ltb_A060_t003,stb_A060_t004,analysis_A060_t004,decision_A060_t004,fill_A060_t004,ltb_A060_t004,buy,50,195100.0,0.0,filled
RN_COMM_ON,2026-03-03,4,pm,005930,A061,ltb_A061_t003,stb_A061_t004,analysis_A061_t004,decision_A061_t004,fill_A061_t004,ltb_A061_t004,buy,50,195100.0,0.0,filled
RN_COMM_ON,2026-03-03,4,pm,005930,A062,ltb_A062_t003,stb_A062_t004,analysis_A062_t004,decision_A062_t004,fill_A062_t004,ltb_A062_t004,buy,50,195100.0,0.0,filled
RN_COMM_ON,2026-03-03,4,pm,005930,A064,ltb_A064_t003,stb_A064_t004,analysis_A064_t004,decision_A064_t004,fill_A064_t004,ltb_A064_t004,buy,60,195100.0,0.0,filled
RN_COMM_ON,2026-03-03,4,pm,005930,A065,ltb_A065_t003,stb_A065_t004,analysis_A065_t004,decision_A065_t004,fill_A065_t004,ltb_A065_t004,buy,50,195100.0,0.0,filled
RN_COMM_ON,2026-03-03,4,pm,005930,A066,ltb_A066_t003,stb_A066_t004,analysis_A066_t004,decision_A066_t004,fill_A066_t004,ltb_A066_t004,buy,50,195100.0,0.0,filled
RN_COMM_ON,2026-03-03,4,pm,005930,A067,ltb_A067_t003,stb_A067_t004,analysis_A067_t004,decision_A067_t004,fill_A067_t004,ltb_A067_t004,buy,100,195100.0,0.0,filled
RN_COMM_ON,2026-03-03,4,pm,005930,A068,ltb_A068_t003,stb_A068_t004,analysis_A068_t004,decision_A068_t004,fill_A068_t004,ltb_A068_t004,buy,100,195100.0,0.0,filled
RN_COMM_ON,2026-03-03,4,pm,005930,A069,ltb_A069_t003,stb_A069_t004,analysis_A069_t004,decision_A069_t004,fill_A069_t004,ltb_A069_t004,buy,75,195100.0,0.0,filled
RN_COMM_ON,2026-03-03,4,pm,005930,A071,ltb_A071_t003,stb_A071_t004,analysis_A071_t004,decision_A071_t004,fill_A071_t004,ltb_A071_t004,buy,500,195100.0,0.0,filled
RN_COMM_ON,2026-03-03,4,pm,005930,A072,ltb_A072_t003,stb_A072_t004,analysis_A072_t004,decision_A072_t004,fill_A072_t004,ltb_A072_t004,buy,100,195100.0,0.0,filled
RN_COMM_ON,2026-03-03,4,pm,005930,A075,ltb_A075_t003,stb_A075_t004,analysis_A075_t004,decision_A075_t004,fill_A075_t004,ltb_A075_t004,buy,93,195100.0,0.0,filled
RN_COMM_ON,2026-03-03,4,pm,005930,A076,ltb_A076_t003,stb_A076_t004,analysis_A076_t004,decision_A076_t004,fill_A076_t004,ltb_A076_t004,buy,66,195100.0,0.0,filled
RN_COMM_ON,2026-03-03,4,pm,005930,A078,ltb_A078_t003,stb_A078_t004,analysis_A078_t004,decision_A078_t004,fill_A078_t004,ltb_A078_t004,buy,100,195100.0,0.0,filled
RN_COMM_ON,2026-03-03,4,pm,005930,A079,ltb_A079_t003,stb_A079_t004,analysis_A079_t004,decision_A079_t004,fill_A079_t004,ltb_A079_t004,buy,50,195100.0,0.0,filled
RN_COMM_ON,2026-03-03,4,pm,005930,A080,ltb_A080_t003,stb_A080_t004,analysis_A080_t004,decision_A080_t004,fill_A080_t004,ltb_A080_t004,buy,1000,195100.0,0.0,filled
RN_COMM_ON,2026-03-03,4,pm,005930,A082,ltb_A082_t003,stb_A082_t004,analysis_A082_t004,decision_A082_t004,fill_A082_t004,ltb_A082_t004,buy,1500,195100.0,0.0,filled
RN_COMM_ON,2026-03-03,4,pm,005930,A083,ltb_A083_t003,stb_A083_t004,analysis_A083_t004,decision_A083_t004,fill_A083_t004,ltb_A083_t004,buy,50,195100.0,0.0,filled
RN_COMM_ON,2026-03-03,4,pm,005930,A084,ltb_A084_t003,stb_A084_t004,analysis_A084_t004,decision_A084_t004,fill_A084_t004,ltb_A084_t004,buy,48,195100.0,0.0,filled
RN_COMM_ON,2026-03-03,4,pm,005930,A085,ltb_A085_t003,stb_A085_t004,analysis_A085_t004,decision_A085_t004,fill_A085_t004,ltb_A085_t004,buy,33,195100.0,0.0,filled
RN_COMM_ON,2026-03-03,4,pm,005930,A086,ltb_A086_t003,stb_A086_t004,analysis_A086_t004,decision_A086_t004,fill_A086_t004,ltb_A086_t004,buy,32,195100.0,0.0,filled
RN_COMM_ON,2026-03-03,4,pm,005930,A087,ltb_A087_t003,stb_A087_t004,analysis_A087_t004,decision_A087_t004,fill_A087_t004,ltb_A087_t004,buy,1000,195100.0,0.0,filled
RN_COMM_ON,2026-03-03,4,pm,005930,A088,ltb_A088_t003,stb_A088_t004,analysis_A088_t004,decision_A088_t004,fill_A088_t004,ltb_A088_t004,buy,46,195100.0,0.0,filled
RN_COMM_ON,2026-03-03,4,pm,005930,A089,ltb_A089_t003,stb_A089_t004,analysis_A089_t004,decision_A089_t004,fill_A089_t004,ltb_A089_t004,buy,100,195100.0,0.0,filled
RN_COMM_ON,2026-03-03,4,pm,005930,A090,ltb_A090_t003,stb_A090_t004,analysis_A090_t004,decision_A090_t004,fill_A090_t004,ltb_A090_t004,buy,150,195100.0,0.0,filled
RN_COMM_ON,2026-03-03,4,pm,005930,A091,ltb_A091_t003,stb_A091_t004,analysis_A091_t004,decision_A091_t004,fill_A091_t004,ltb_A091_t004,buy,10,195100.0,0.0,filled
RN_COMM_ON,2026-03-03,4,pm,005930,A092,ltb_A092_t003,stb_A092_t004,analysis_A092_t004,decision_A092_t004,fill_A092_t004,ltb_A092_t004,buy,20,195100.0,0.0,filled
RN_COMM_ON,2026-03-03,4,pm,005930,A093,ltb_A093_t003,stb_A093_t004,analysis_A093_t004,decision_A093_t004,fill_A093_t004,ltb_A093_t004,buy,32,195100.0,0.0,filled
RN_COMM_ON,2026-03-03,4,pm,005930,A094,ltb_A094_t003,stb_A094_t004,analysis_A094_t004,decision_A094_t004,fill_A094_t004,ltb_A094_t004,buy,78,195100.0,0.0,filled
RN_COMM_ON,2026-03-03,4,pm,005930,A095,ltb_A095_t003,stb_A095_t004,analysis_A095_t004,decision_A095_t004,fill_A095_t004,ltb_A095_t004,buy,100,195100.0,0.0,filled
RN_COMM_ON,2026-03-03,4,pm,005930,A096,ltb_A096_t003,stb_A096_t004,analysis_A096_t004,decision_A096_t004,fill_A096_t004,ltb_A096_t004,buy,10,195100.0,0.0,filled
RN_COMM_ON,2026-03-03,4,pm,005930,A097,ltb_A097_t003,stb_A097_t004,analysis_A097_t004,decision_A097_t004,fill_A097_t004,ltb_A097_t004,buy,500,195100.0,0.0,filled
RN_COMM_ON,2026-03-03,4,pm,005930,A098,ltb_A098_t003,stb_A098_t004,analysis_A098_t004,decision_A098_t004,fill_A098_t004,ltb_A098_t004,buy,118,195100.0,0.0,filled
RN_COMM_ON,2026-03-03,4,pm,005930,A099,ltb_A099_t003,stb_A099_t004,analysis_A099_t004,decision_A099_t004,fill_A099_t004,ltb_A099_t004,buy,50,195100.0,0.0,filled
RN_COMM_ON,2026-03-03,4,pm,005930,A100,ltb_A100_t003,stb_A100_t004,analysis_A100_t004,decision_A100_t004,fill_A100_t004,ltb_A100_t004,buy,93,195100.0,0.0,filled
RN_COMM_ON,2026-03-03,4,pm,005930,A002,ltb_A002_t003,stb_A002_t004,analysis_A002_t004,decision_A002_t004,fill_A002_t004,ltb_A002_t004,sell,100,195100.0,0.0,filled
RN_COMM_ON,2026-03-03,4,pm,005930,A006,ltb_A006_t003,stb_A006_t004,analysis_A006_t004,decision_A006_t004,fill_A006_t004,ltb_A006_t004,sell,100,195100.0,0.0,filled
RN_COMM_ON,2026-03-03,4,pm,005930,A008,ltb_A008_t003,stb_A008_t004,analysis_A008_t004,decision_A008_t004,fill_A008_t004,ltb_A008_t004,sell,100,195100.0,0.0,filled
RN_COMM_ON,2026-03-03,4,pm,005930,A009,ltb_A009_t003,stb_A009_t004,analysis_A009_t004,decision_A009_t004,fill_A009_t004,ltb_A009_t004,sell,60,195100.0,0.0,filled
RN_COMM_ON,2026-03-03,4,pm,005930,A014,ltb_A014_t003,stb_A014_t004,analysis_A014_t004,decision_A014_t004,fill_A014_t004,ltb_A014_t004,sell,250,195100.0,0.0,filled
RN_COMM_ON,2026-03-03,4,pm,005930,A016,ltb_A016_t003,stb_A016_t004,analysis_A016_t004,decision_A016_t004,fill_A016_t004,ltb_A016_t004,sell,100,195100.0,0.0,filled
RN_COMM_ON,2026-03-03,4,pm,005930,A021,ltb_A021_t003,stb_A021_t004,analysis_A021_t004,decision_A021_t004,fill_A021_t004,ltb_A021_t004,sell,100,195100.0,0.0,filled
RN_COMM_ON,2026-03-03,4,pm,005930,A025,ltb_A025_t003,stb_A025_t004,analysis_A025_t004,decision_A025_t004,fill_A025_t004,ltb_A025_t004,sell,120,195100.0,0.0,filled
RN_COMM_ON,2026-03-03,4,pm,005930,A029,ltb_A029_t003,stb_A029_t004,analysis_A029_t004,decision_A029_t004,fill_A029_t004,ltb_A029_t004,sell,100,195100.0,0.0,filled
RN_COMM_ON,2026-03-03,4,pm,005930,A033,ltb_A033_t003,stb_A033_t004,analysis_A033_t004,decision_A033_t004,fill_A033_t004,ltb_A033_t004,sell,50,195100.0,0.0,filled
RN_COMM_ON,2026-03-03,4,pm,005930,A035,ltb_A035_t003,stb_A035_t004,analysis_A035_t004,decision_A035_t004,fill_A035_t004,ltb_A035_t004,sell,250,195100.0,0.0,filled
RN_COMM_ON,2026-03-03,4,pm,005930,A037,ltb_A037_t003,stb_A037_t004,analysis_A037_t004,decision_A037_t004,fill_A037_t004,ltb_A037_t004,sell,120,195100.0,0.0,filled
RN_COMM_ON,2026-03-03,4,pm,005930,A039,ltb_A039_t003,stb_A039_t004,analysis_A039_t004,decision_A039_t004,fill_A039_t004,ltb_A039_t004,sell,2535,195100.0,0.0,filled
RN_COMM_ON,2026-03-03,4,pm,005930,A044,ltb_A044_t003,stb_A044_t004,analysis_A044_t004,decision_A044_t004,fill_A044_t004,ltb_A044_t004,sell,182,195100.0,0.0,filled
RN_COMM_ON,2026-03-03,4,pm,005930,A046,ltb_A046_t003,stb_A046_t004,analysis_A046_t004,decision_A046_t004,fill_A046_t004,ltb_A046_t004,sell,150,195100.0,0.0,filled
RN_COMM_ON,2026-03-03,4,pm,005930,A049,ltb_A049_t003,stb_A049_t004,analysis_A049_t004,decision_A049_t004,fill_A049_t004,ltb_A049_t004,sell,100,195100.0,0.0,filled
RN_COMM_ON,2026-03-03,4,pm,005930,A050,ltb_A050_t003,stb_A050_t004,analysis_A050_t004,decision_A050_t004,fill_A050_t004,ltb_A050_t004,sell,300,195100.0,0.0,filled
RN_COMM_ON,2026-03-03,4,pm,005930,A052,ltb_A052_t003,stb_A052_t004,analysis_A052_t004,decision_A052_t004,fill_A052_t004,ltb_A052_t004,sell,2300,195100.0,0.0,filled
RN_COMM_ON,2026-03-03,4,pm,005930,A058,ltb_A058_t003,stb_A058_t004,analysis_A058_t004,decision_A058_t004,fill_A058_t004,ltb_A058_t004,sell,100,195100.0,0.0,filled
RN_COMM_ON,2026-03-03,4,pm,005930,A063,ltb_A063_t003,stb_A063_t004,analysis_A063_t004,decision_A063_t004,fill_A063_t004,ltb_A063_t004,sell,1200,195100.0,0.0,filled
RN_COMM_ON,2026-03-03,4,pm,005930,A070,ltb_A070_t003,stb_A070_t004,analysis_A070_t004,decision_A070_t004,fill_A070_t004,ltb_A070_t004,sell,100,195100.0,0.0,filled
RN_COMM_ON,2026-03-03,4,pm,005930,A073,ltb_A073_t003,stb_A073_t004,analysis_A073_t004,decision_A073_t004,fill_A073_t004,ltb_A073_t004,sell,100,195100.0,0.0,filled
RN_COMM_ON,2026-03-03,4,pm,005930,A074,ltb_A074_t003,stb_A074_t004,analysis_A074_t004,decision_A074_t004,fill_A074_t004,ltb_A074_t004,sell,100,195100.0,0.0,filled
RN_COMM_ON,2026-03-03,4,pm,005930,A077,ltb_A077_t003,stb_A077_t004,analysis_A077_t004,decision_A077_t004,fill_A077_t004,ltb_A077_t004,sell,288,195100.0,0.0,filled
RN_COMM_ON,2026-03-03,4,pm,005930,A081,ltb_A081_t003,stb_A081_t004,analysis_A081_t004,decision_A081_t004,fill_A081_t004,ltb_A081_t004,sell,300,195100.0,0.0,filled
RN_COMM_ON,2026-03-04,5,am,005930,A001,ltb_A001_t004,stb_A001_t005,analysis_A001_t005,decision_A001_t005,fill_A001_t005,ltb_A001_t005,buy,50,184200.0,0.0,filled
RN_COMM_ON,2026-03-04,5,am,005930,A002,ltb_A002_t004,stb_A002_t005,analysis_A002_t005,decision_A002_t005,fill_A002_t005,ltb_A002_t005,buy,64,184200.0,0.0,filled
RN_COMM_ON,2026-03-04,5,am,005930,A003,ltb_A003_t004,stb_A003_t005,analysis_A003_t005,decision_A003_t005,fill_A003_t005,ltb_A003_t005,buy,27,184200.0,0.0,filled
RN_COMM_ON,2026-03-04,5,am,005930,A005,ltb_A005_t004,stb_A005_t005,analysis_A005_t005,decision_A005_t005,fill_A005_t005,ltb_A005_t005,buy,40,184200.0,0.0,filled
RN_COMM_ON,2026-03-04,5,am,005930,A006,ltb_A006_t004,stb_A006_t005,analysis_A006_t005,decision_A006_t005,fill_A006_t005,ltb_A006_t005,buy,100,184200.0,0.0,filled
RN_COMM_ON,2026-03-04,5,am,005930,A007,ltb_A007_t004,stb_A007_t005,analysis_A007_t005,decision_A007_t005,fill_A007_t005,ltb_A007_t005,buy,50,184200.0,0.0,filled
RN_COMM_ON,2026-03-04,5,am,005930,A010,ltb_A010_t004,stb_A010_t005,analysis_A010_t005,decision_A010_t005,fill_A010_t005,ltb_A010_t005,buy,20,184200.0,0.0,filled
RN_COMM_ON,2026-03-04,5,am,005930,A011,ltb_A011_t004,stb_A011_t005,analysis_A011_t005,decision_A011_t005,fill_A011_t005,ltb_A011_t005,buy,25,184200.0,0.0,filled
RN_COMM_ON,2026-03-04,5,am,005930,A012,ltb_A012_t004,stb_A012_t005,analysis_A012_t005,decision_A012_t005,fill_A012_t005,ltb_A012_t005,buy,72,184200.0,0.0,filled
RN_COMM_ON,2026-03-04,5,am,005930,A013,ltb_A013_t004,stb_A013_t005,analysis_A013_t005,decision_A013_t005,fill_A013_t005,ltb_A013_t005,buy,72,184200.0,0.0,filled
RN_COMM_ON,2026-03-04,5,am,005930,A014,ltb_A014_t004,stb_A014_t005,analysis_A014_t005,decision_A014_t005,fill_A014_t005,ltb_A014_t005,buy,100,184200.0,0.0,filled
RN_COMM_ON,2026-03-04,5,am,005930,A015,ltb_A015_t004,stb_A015_t005,analysis_A015_t005,decision_A015_t005,fill_A015_t005,ltb_A015_t005,buy,25,184200.0,0.0,filled
RN_COMM_ON,2026-03-04,5,am,005930,A016,ltb_A016_t004,stb_A016_t005,analysis_A016_t005,decision_A016_t005,fill_A016_t005,ltb_A016_t005,buy,100,184200.0,0.0,filled
RN_COMM_ON,2026-03-04,5,am,005930,A017,ltb_A017_t004,stb_A017_t005,analysis_A017_t005,decision_A017_t005,fill_A017_t005,ltb_A017_t005,buy,100,184200.0,0.0,filled
RN_COMM_ON,2026-03-04,5,am,005930,A019,ltb_A019_t004,stb_A019_t005,analysis_A019_t005,decision_A019_t005,fill_A019_t005,ltb_A019_t005,buy,40,184200.0,0.0,filled
RN_COMM_ON,2026-03-04,5,am,005930,A021,ltb_A021_t004,stb_A021_t005,analysis_A021_t005,decision_A021_t005,fill_A021_t005,ltb_A021_t005,buy,100,184200.0,0.0,filled
RN_COMM_ON,2026-03-04,5,am,005930,A023,ltb_A023_t004,stb_A023_t005,analysis_A023_t005,decision_A023_t005,fill_A023_t005,ltb_A023_t005,buy,30,184200.0,0.0,filled
RN_COMM_ON,2026-03-04,5,am,005930,A024,ltb_A024_t004,stb_A024_t005,analysis_A024_t005,decision_A024_t005,fill_A024_t005,ltb_A024_t005,buy,134,184200.0,0.0,filled
RN_COMM_ON,2026-03-04,5,am,005930,A025,ltb_A025_t004,stb_A025_t005,analysis_A025_t005,decision_A025_t005,fill_A025_t005,ltb_A025_t005,buy,100,184200.0,0.0,filled
RN_COMM_ON,2026-03-04,5,am,005930,A026,ltb_A026_t004,stb_A026_t005,analysis_A026_t005,decision_A026_t005,fill_A026_t005,ltb_A026_t005,buy,81,184200.0,0.0,filled
RN_COMM_ON,2026-03-04,5,am,005930,A030,ltb_A030_t004,stb_A030_t005,analysis_A030_t005,decision_A030_t005,fill_A030_t005,ltb_A030_t005,buy,100,184200.0,0.0,filled
RN_COMM_ON,2026-03-04,5,am,005930,A031,ltb_A031_t004,stb_A031_t005,analysis_A031_t005,decision_A031_t005,fill_A031_t005,ltb_A031_t005,buy,30,184200.0,0.0,filled
RN_COMM_ON,2026-03-04,5,am,005930,A034,ltb_A034_t004,stb_A034_t005,analysis_A034_t005,decision_A034_t005,fill_A034_t005,ltb_A034_t005,buy,20,184200.0,0.0,filled
RN_COMM_ON,2026-03-04,5,am,005930,A035,ltb_A035_t004,stb_A035_t005,analysis_A035_t005,decision_A035_t005,fill_A035_t005,ltb_A035_t005,buy,100,184200.0,0.0,filled
RN_COMM_ON,2026-03-04,5,am,005930,A036,ltb_A036_t004,stb_A036_t005,analysis_A036_t005,decision_A036_t005,fill_A036_t005,ltb_A036_t005,buy,62,184200.0,0.0,filled
RN_COMM_ON,2026-03-04,5,am,005930,A037,ltb_A037_t004,stb_A037_t005,analysis_A037_t005,decision_A037_t005,fill_A037_t005,ltb_A037_t005,buy,100,184200.0,0.0,filled
RN_COMM_ON,2026-03-04,5,am,005930,A038,ltb_A038_t004,stb_A038_t005,analysis_A038_t005,decision_A038_t005,fill_A038_t005,ltb_A038_t005,buy,100,184200.0,0.0,filled
RN_COMM_ON,2026-03-04,5,am,005930,A039,ltb_A039_t004,stb_A039_t005,analysis_A039_t005,decision_A039_t005,fill_A039_t005,ltb_A039_t005,buy,1295,184200.0,0.0,filled
RN_COMM_ON,2026-03-04,5,am,005930,A040,ltb_A040_t004,stb_A040_t005,analysis_A040_t005,decision_A040_t005,fill_A040_t005,ltb_A040_t005,buy,40,184200.0,0.0,filled
RN_COMM_ON,2026-03-04,5,am,005930,A041,ltb_A041_t004,stb_A041_t005,analysis_A041_t005,decision_A041_t005,fill_A041_t005,ltb_A041_t005,buy,100,184200.0,0.0,filled
RN_COMM_ON,2026-03-04,5,am,005930,A043,ltb_A043_t004,stb_A043_t005,analysis_A043_t005,decision_A043_t005,fill_A043_t005,ltb_A043_t005,buy,847,184200.0,0.0,filled
RN_COMM_ON,2026-03-04,5,am,005930,A044,ltb_A044_t004,stb_A044_t005,analysis_A044_t005,decision_A044_t005,fill_A044_t005,ltb_A044_t005,buy,100,184200.0,0.0,filled
RN_COMM_ON,2026-03-04,5,am,005930,A045,ltb_A045_t004,stb_A045_t005,analysis_A045_t005,decision_A045_t005,fill_A045_t005,ltb_A045_t005,buy,100,184200.0,0.0,filled
RN_COMM_ON,2026-03-04,5,am,005930,A046,ltb_A046_t004,stb_A046_t005,analysis_A046_t005,decision_A046_t005,fill_A046_t005,ltb_A046_t005,buy,100,184200.0,0.0,filled
RN_COMM_ON,2026-03-04,5,am,005930,A050,ltb_A050_t004,stb_A050_t005,analysis_A050_t005,decision_A050_t005,fill_A050_t005,ltb_A050_t005,buy,100,184200.0,0.0,filled
RN_COMM_ON,2026-03-04,5,am,005930,A052,ltb_A052_t004,stb_A052_t005,analysis_A052_t005,decision_A052_t005,fill_A052_t005,ltb_A052_t005,buy,1000,184200.0,0.0,filled
RN_COMM_ON,2026-03-04,5,am,005930,A053,ltb_A053_t004,stb_A053_t005,analysis_A053_t005,decision_A053_t005,fill_A053_t005,ltb_A053_t005,buy,74,184200.0,0.0,filled
RN_COMM_ON,2026-03-04,5,am,005930,A056,ltb_A056_t004,stb_A056_t005,analysis_A056_t005,decision_A056_t005,fill_A056_t005,ltb_A056_t005,buy,100,184200.0,0.0,filled
RN_COMM_ON,2026-03-04,5,am,005930,A057,ltb_A057_t004,stb_A057_t005,analysis_A057_t005,decision_A057_t005,fill_A057_t005,ltb_A057_t005,buy,50,184200.0,0.0,filled
RN_COMM_ON,2026-03-04,5,am,005930,A059,ltb_A059_t004,stb_A059_t005,analysis_A059_t005,decision_A059_t005,fill_A059_t005,ltb_A059_t005,buy,100,184200.0,0.0,filled
RN_COMM_ON,2026-03-04,5,am,005930,A060,ltb_A060_t004,stb_A060_t005,analysis_A060_t005,decision_A060_t005,fill_A060_t005,ltb_A060_t005,buy,72,184200.0,0.0,filled
RN_COMM_ON,2026-03-04,5,am,005930,A063,ltb_A063_t004,stb_A063_t005,analysis_A063_t005,decision_A063_t005,fill_A063_t005,ltb_A063_t005,buy,100,184200.0,0.0,filled
RN_COMM_ON,2026-03-04,5,am,005930,A064,ltb_A064_t004,stb_A064_t005,analysis_A064_t005,decision_A064_t005,fill_A064_t005,ltb_A064_t005,buy,95,184200.0,0.0,filled
RN_COMM_ON,2026-03-04,5,am,005930,A065,ltb_A065_t004,stb_A065_t005,analysis_A065_t005,decision_A065_t005,fill_A065_t005,ltb_A065_t005,buy,50,184200.0,0.0,filled
RN_COMM_ON,2026-03-04,5,am,005930,A066,ltb_A066_t004,stb_A066_t005,analysis_A066_t005,decision_A066_t005,fill_A066_t005,ltb_A066_t005,buy,20,184200.0,0.0,filled
RN_COMM_ON,2026-03-04,5,am,005930,A069,ltb_A069_t004,stb_A069_t005,analysis_A069_t005,decision_A069_t005,fill_A069_t005,ltb_A069_t005,buy,40,184200.0,0.0,filled
RN_COMM_ON,2026-03-04,5,am,005930,A071,ltb_A071_t004,stb_A071_t005,analysis_A071_t005,decision_A071_t005,fill_A071_t005,ltb_A071_t005,buy,500,184200.0,0.0,filled
RN_COMM_ON,2026-03-04,5,am,005930,A073,ltb_A073_t004,stb_A073_t005,analysis_A073_t005,decision_A073_t005,fill_A073_t005,ltb_A073_t005,buy,100,184200.0,0.0,filled
RN_COMM_ON,2026-03-04,5,am,005930,A075,ltb_A075_t004,stb_A075_t005,analysis_A075_t005,decision_A075_t005,fill_A075_t005,ltb_A075_t005,buy,49,184200.0,0.0,filled
RN_COMM_ON,2026-03-04,5,am,005930,A077,ltb_A077_t004,stb_A077_t005,analysis_A077_t005,decision_A077_t005,fill_A077_t005,ltb_A077_t005,buy,100,184200.0,0.0,filled
RN_COMM_ON,2026-03-04,5,am,005930,A079,ltb_A079_t004,stb_A079_t005,analysis_A079_t005,decision_A079_t005,fill_A079_t005,ltb_A079_t005,buy,50,184200.0,0.0,filled
RN_COMM_ON,2026-03-04,5,am,005930,A080,ltb_A080_t004,stb_A080_t005,analysis_A080_t005,decision_A080_t005,fill_A080_t005,ltb_A080_t005,buy,600,184200.0,0.0,filled
RN_COMM_ON,2026-03-04,5,am,005930,A081,ltb_A081_t004,stb_A081_t005,analysis_A081_t005,decision_A081_t005,fill_A081_t005,ltb_A081_t005,buy,200,184200.0,0.0,filled
RN_COMM_ON,2026-03-04,5,am,005930,A083,ltb_A083_t004,stb_A083_t005,analysis_A083_t005,decision_A083_t005,fill_A083_t005,ltb_A083_t005,buy,50,184200.0,0.0,filled
RN_COMM_ON,2026-03-04,5,am,005930,A086,ltb_A086_t004,stb_A086_t005,analysis_A086_t005,decision_A086_t005,fill_A086_t005,ltb_A086_t005,buy,17,184200.0,0.0,filled
RN_COMM_ON,2026-03-04,5,am,005930,A092,ltb_A092_t004,stb_A092_t005,analysis_A092_t005,decision_A092_t005,fill_A092_t005,ltb_A092_t005,buy,29,184200.0,0.0,filled
RN_COMM_ON,2026-03-04,5,am,005930,A097,ltb_A097_t004,stb_A097_t005,analysis_A097_t005,decision_A097_t005,fill_A097_t005,ltb_A097_t005,buy,1000,184200.0,0.0,filled
RN_COMM_ON,2026-03-04,5,am,005930,A099,ltb_A099_t004,stb_A099_t005,analysis_A099_t005,decision_A099_t005,fill_A099_t005,ltb_A099_t005,buy,72,184200.0,0.0,filled
RN_COMM_ON,2026-03-04,5,am,005930,A100,ltb_A100_t004,stb_A100_t005,analysis_A100_t005,decision_A100_t005,fill_A100_t005,ltb_A100_t005,buy,49,184200.0,0.0,filled
RN_COMM_ON,2026-03-04,5,am,005930,A004,ltb_A004_t004,stb_A004_t005,analysis_A004_t005,decision_A004_t005,fill_A004_t005,ltb_A004_t005,sell,100,184200.0,0.0,filled
RN_COMM_ON,2026-03-04,5,am,005930,A008,ltb_A008_t004,stb_A008_t005,analysis_A008_t005,decision_A008_t005,fill_A008_t005,ltb_A008_t005,sell,236,184200.0,0.0,filled
RN_COMM_ON,2026-03-04,5,am,005930,A009,ltb_A009_t004,stb_A009_t005,analysis_A009_t005,decision_A009_t005,fill_A009_t005,ltb_A009_t005,sell,60,184200.0,0.0,filled
RN_COMM_ON,2026-03-04,5,am,005930,A018,ltb_A018_t004,stb_A018_t005,analysis_A018_t005,decision_A018_t005,fill_A018_t005,ltb_A018_t005,sell,100,184200.0,0.0,filled
RN_COMM_ON,2026-03-04,5,am,005930,A020,ltb_A020_t004,stb_A020_t005,analysis_A020_t005,decision_A020_t005,fill_A020_t005,ltb_A020_t005,sell,100,184200.0,0.0,filled
RN_COMM_ON,2026-03-04,5,am,005930,A022,ltb_A022_t004,stb_A022_t005,analysis_A022_t005,decision_A022_t005,fill_A022_t005,ltb_A022_t005,sell,170,184200.0,0.0,filled
RN_COMM_ON,2026-03-04,5,am,005930,A027,ltb_A027_t004,stb_A027_t005,analysis_A027_t005,decision_A027_t005,fill_A027_t005,ltb_A027_t005,sell,220,184200.0,0.0,filled
RN_COMM_ON,2026-03-04,5,am,005930,A028,ltb_A028_t004,stb_A028_t005,analysis_A028_t005,decision_A028_t005,fill_A028_t005,ltb_A028_t005,sell,100,184200.0,0.0,filled
RN_COMM_ON,2026-03-04,5,am,005930,A029,ltb_A029_t004,stb_A029_t005,analysis_A029_t005,decision_A029_t005,fill_A029_t005,ltb_A029_t005,sell,100,184200.0,0.0,filled
RN_COMM_ON,2026-03-04,5,am,005930,A032,ltb_A032_t004,stb_A032_t005,analysis_A032_t005,decision_A032_t005,fill_A032_t005,ltb_A032_t005,sell,100,184200.0,0.0,filled
RN_COMM_ON,2026-03-04,5,am,005930,A033,ltb_A033_t004,stb_A033_t005,analysis_A033_t005,decision_A033_t005,fill_A033_t005,ltb_A033_t005,sell,100,184200.0,0.0,filled
RN_COMM_ON,2026-03-04,5,am,005930,A042,ltb_A042_t004,stb_A042_t005,analysis_A042_t005,decision_A042_t005,fill_A042_t005,ltb_A042_t005,sell,100,184200.0,0.0,filled
RN_COMM_ON,2026-03-04,5,am,005930,A047,ltb_A047_t004,stb_A047_t005,analysis_A047_t005,decision_A047_t005,fill_A047_t005,ltb_A047_t005,sell,100,184200.0,0.0,filled
RN_COMM_ON,2026-03-04,5,am,005930,A048,ltb_A048_t004,stb_A048_t005,analysis_A048_t005,decision_A048_t005,fill_A048_t005,ltb_A048_t005,sell,100,184200.0,0.0,filled
RN_COMM_ON,2026-03-04,5,am,005930,A049,ltb_A049_t004,stb_A049_t005,analysis_A049_t005,decision_A049_t005,fill_A049_t005,ltb_A049_t005,sell,50,184200.0,0.0,filled
RN_COMM_ON,2026-03-04,5,am,005930,A051,ltb_A051_t004,stb_A051_t005,analysis_A051_t005,decision_A051_t005,fill_A051_t005,ltb_A051_t005,sell,100,184200.0,0.0,filled
RN_COMM_ON,2026-03-04,5,am,005930,A054,ltb_A054_t004,stb_A054_t005,analysis_A054_t005,decision_A054_t005,fill_A054_t005,ltb_A054_t005,sell,350,184200.0,0.0,filled
RN_COMM_ON,2026-03-04,5,am,005930,A055,ltb_A055_t004,stb_A055_t005,analysis_A055_t005,decision_A055_t005,fill_A055_t005,ltb_A055_t005,sell,100,184200.0,0.0,filled
RN_COMM_ON,2026-03-04,5,am,005930,A058,ltb_A058_t004,stb_A058_t005,analysis_A058_t005,decision_A058_t005,fill_A058_t005,ltb_A058_t005,sell,100,184200.0,0.0,filled
RN_COMM_ON,2026-03-04,5,am,005930,A061,ltb_A061_t004,stb_A061_t005,analysis_A061_t005,decision_A061_t005,fill_A061_t005,ltb_A061_t005,sell,100,184200.0,0.0,filled
RN_COMM_ON,2026-03-04,5,am,005930,A062,ltb_A062_t004,stb_A062_t005,analysis_A062_t005,decision_A062_t005,fill_A062_t005,ltb_A062_t005,sell,100,184200.0,0.0,filled
RN_COMM_ON,2026-03-04,5,am,005930,A067,ltb_A067_t004,stb_A067_t005,analysis_A067_t005,decision_A067_t005,fill_A067_t005,ltb_A067_t005,sell,350,184200.0,0.0,filled
RN_COMM_ON,2026-03-04,5,am,005930,A068,ltb_A068_t004,stb_A068_t005,analysis_A068_t005,decision_A068_t005,fill_A068_t005,ltb_A068_t005,sell,100,184200.0,0.0,filled
RN_COMM_ON,2026-03-04,5,am,005930,A070,ltb_A070_t004,stb_A070_t005,analysis_A070_t005,decision_A070_t005,fill_A070_t005,ltb_A070_t005,sell,100,184200.0,0.0,filled
RN_COMM_ON,2026-03-04,5,am,005930,A072,ltb_A072_t004,stb_A072_t005,analysis_A072_t005,decision_A072_t005,fill_A072_t005,ltb_A072_t005,sell,100,184200.0,0.0,filled
RN_COMM_ON,2026-03-04,5,am,005930,A074,ltb_A074_t004,stb_A074_t005,analysis_A074_t005,decision_A074_t005,fill_A074_t005,ltb_A074_t005,sell,133,184200.0,0.0,filled
RN_COMM_ON,2026-03-04,5,am,005930,A076,ltb_A076_t004,stb_A076_t005,analysis_A076_t005,decision_A076_t005,fill_A076_t005,ltb_A076_t005,sell,416,184200.0,0.0,filled
RN_COMM_ON,2026-03-04,5,am,005930,A078,ltb_A078_t004,stb_A078_t005,analysis_A078_t005,decision_A078_t005,fill_A078_t005,ltb_A078_t005,sell,100,184200.0,0.0,filled
RN_COMM_ON,2026-03-04,5,am,005930,A082,ltb_A082_t004,stb_A082_t005,analysis_A082_t005,decision_A082_t005,fill_A082_t005,ltb_A082_t005,sell,1000,184200.0,0.0,filled
RN_COMM_ON,2026-03-04,5,am,005930,A084,ltb_A084_t004,stb_A084_t005,analysis_A084_t005,decision_A084_t005,fill_A084_t005,ltb_A084_t005,sell,100,184200.0,0.0,filled
RN_COMM_ON,2026-03-04,5,am,005930,A085,ltb_A085_t004,stb_A085_t005,analysis_A085_t005,decision_A085_t005,fill_A085_t005,ltb_A085_t005,sell,100,184200.0,0.0,filled
RN_COMM_ON,2026-03-04,5,am,005930,A087,ltb_A087_t004,stb_A087_t005,analysis_A087_t005,decision_A087_t005,fill_A087_t005,ltb_A087_t005,sell,2200,184200.0,0.0,filled
RN_COMM_ON,2026-03-04,5,am,005930,A088,ltb_A088_t004,stb_A088_t005,analysis_A088_t005,decision_A088_t005,fill_A088_t005,ltb_A088_t005,sell,100,184200.0,0.0,filled
RN_COMM_ON,2026-03-04,5,am,005930,A089,ltb_A089_t004,stb_A089_t005,analysis_A089_t005,decision_A089_t005,fill_A089_t005,ltb_A089_t005,sell,100,184200.0,0.0,filled
RN_COMM_ON,2026-03-04,5,am,005930,A090,ltb_A090_t004,stb_A090_t005,analysis_A090_t005,decision_A090_t005,fill_A090_t005,ltb_A090_t005,sell,150,184200.0,0.0,filled
RN_COMM_ON,2026-03-04,5,am,005930,A091,ltb_A091_t004,stb_A091_t005,analysis_A091_t005,decision_A091_t005,fill_A091_t005,ltb_A091_t005,sell,130,184200.0,0.0,filled
RN_COMM_ON,2026-03-04,5,am,005930,A093,ltb_A093_t004,stb_A093_t005,analysis_A093_t005,decision_A093_t005,fill_A093_t005,ltb_A093_t005,sell,444,184200.0,0.0,filled
RN_COMM_ON,2026-03-04,5,am,005930,A094,ltb_A094_t004,stb_A094_t005,analysis_A094_t005,decision_A094_t005,fill_A094_t005,ltb_A094_t005,sell,100,184200.0,0.0,filled
RN_COMM_ON,2026-03-04,5,am,005930,A095,ltb_A095_t004,stb_A095_t005,analysis_A095_t005,decision_A095_t005,fill_A095_t005,ltb_A095_t005,sell,100,184200.0,0.0,filled
RN_COMM_ON,2026-03-04,5,am,005930,A096,ltb_A096_t004,stb_A096_t005,analysis_A096_t005,decision_A096_t005,fill_A096_t005,ltb_A096_t005,sell,169,184200.0,0.0,filled
RN_COMM_ON,2026-03-04,5,am,005930,A098,ltb_A098_t004,stb_A098_t005,analysis_A098_t005,decision_A098_t005,fill_A098_t005,ltb_A098_t005,sell,100,184200.0,0.0,filled
RN_COMM_ON,2026-03-04,6,pm,005930,A001,ltb_A001_t005,stb_A001_t006,analysis_A001_t006,decision_A001_t006,fill_A001_t006,ltb_A001_t006,buy,42,172200.0,0.0,filled
RN_COMM_ON,2026-03-04,6,pm,005930,A003,ltb_A003_t005,stb_A003_t006,analysis_A003_t006,decision_A003_t006,fill_A003_t006,ltb_A003_t006,buy,14,172200.0,0.0,filled
RN_COMM_ON,2026-03-04,6,pm,005930,A004,ltb_A004_t005,stb_A004_t006,analysis_A004_t006,decision_A004_t006,fill_A004_t006,ltb_A004_t006,buy,100,172200.0,0.0,filled
RN_COMM_ON,2026-03-04,6,pm,005930,A005,ltb_A005_t005,stb_A005_t006,analysis_A005_t006,decision_A005_t006,fill_A005_t006,ltb_A005_t006,buy,10,172200.0,0.0,filled
RN_COMM_ON,2026-03-04,6,pm,005930,A007,ltb_A007_t005,stb_A007_t006,analysis_A007_t006,decision_A007_t006,fill_A007_t006,ltb_A007_t006,buy,40,172200.0,0.0,filled
RN_COMM_ON,2026-03-04,6,pm,005930,A008,ltb_A008_t005,stb_A008_t006,analysis_A008_t006,decision_A008_t006,fill_A008_t006,ltb_A008_t006,buy,150,172200.0,0.0,filled
RN_COMM_ON,2026-03-04,6,pm,005930,A009,ltb_A009_t005,stb_A009_t006,analysis_A009_t006,decision_A009_t006,fill_A009_t006,ltb_A009_t006,buy,100,172200.0,0.0,filled
RN_COMM_ON,2026-03-04,6,pm,005930,A010,ltb_A010_t005,stb_A010_t006,analysis_A010_t006,decision_A010_t006,fill_A010_t006,ltb_A010_t006,buy,15,172200.0,0.0,filled
RN_COMM_ON,2026-03-04,6,pm,005930,A011,ltb_A011_t005,stb_A011_t006,analysis_A011_t006,decision_A011_t006,fill_A011_t006,ltb_A011_t006,buy,14,172200.0,0.0,filled
RN_COMM_ON,2026-03-04,6,pm,005930,A012,ltb_A012_t005,stb_A012_t006,analysis_A012_t006,decision_A012_t006,fill_A012_t006,ltb_A012_t006,buy,38,172200.0,0.0,filled
RN_COMM_ON,2026-03-04,6,pm,005930,A013,ltb_A013_t005,stb_A013_t006,analysis_A013_t006,decision_A013_t006,fill_A013_t006,ltb_A013_t006,buy,38,172200.0,0.0,filled
RN_COMM_ON,2026-03-04,6,pm,005930,A015,ltb_A015_t005,stb_A015_t006,analysis_A015_t006,decision_A015_t006,fill_A015_t006,ltb_A015_t006,buy,20,172200.0,0.0,filled
RN_COMM_ON,2026-03-04,6,pm,005930,A016,ltb_A016_t005,stb_A016_t006,analysis_A016_t006,decision_A016_t006,fill_A016_t006,ltb_A016_t006,buy,50,172200.0,0.0,filled
RN_COMM_ON,2026-03-04,6,pm,005930,A017,ltb_A017_t005,stb_A017_t006,analysis_A017_t006,decision_A017_t006,fill_A017_t006,ltb_A017_t006,buy,50,172200.0,0.0,filled
RN_COMM_ON,2026-03-04,6,pm,005930,A019,ltb_A019_t005,stb_A019_t006,analysis_A019_t006,decision_A019_t006,fill_A019_t006,ltb_A019_t006,buy,22,172200.0,0.0,filled
RN_COMM_ON,2026-03-04,6,pm,005930,A022,ltb_A022_t005,stb_A022_t006,analysis_A022_t006,decision_A022_t006,fill_A022_t006,ltb_A022_t006,buy,100,172200.0,0.0,filled
RN_COMM_ON,2026-03-04,6,pm,005930,A023,ltb_A023_t005,stb_A023_t006,analysis_A023_t006,decision_A023_t006,fill_A023_t006,ltb_A023_t006,buy,25,172200.0,0.0,filled
RN_COMM_ON,2026-03-04,6,pm,005930,A024,ltb_A024_t005,stb_A024_t006,analysis_A024_t006,decision_A024_t006,fill_A024_t006,ltb_A024_t006,buy,72,172200.0,0.0,filled
RN_COMM_ON,2026-03-04,6,pm,005930,A025,ltb_A025_t005,stb_A025_t006,analysis_A025_t006,decision_A025_t006,fill_A025_t006,ltb_A025_t006,buy,100,172200.0,0.0,filled
RN_COMM_ON,2026-03-04,6,pm,005930,A026,ltb_A026_t005,stb_A026_t006,analysis_A026_t006,decision_A026_t006,fill_A026_t006,ltb_A026_t006,buy,44,172200.0,0.0,filled
RN_COMM_ON,2026-03-04,6,pm,005930,A027,ltb_A027_t005,stb_A027_t006,analysis_A027_t006,decision_A027_t006,fill_A027_t006,ltb_A027_t006,buy,100,172200.0,0.0,filled
RN_COMM_ON,2026-03-04,6,pm,005930,A028,ltb_A028_t005,stb_A028_t006,analysis_A028_t006,decision_A028_t006,fill_A028_t006,ltb_A028_t006,buy,79,172200.0,0.0,filled
RN_COMM_ON,2026-03-04,6,pm,005930,A029,ltb_A029_t005,stb_A029_t006,analysis_A029_t006,decision_A029_t006,fill_A029_t006,ltb_A029_t006,buy,193,172200.0,0.0,filled
RN_COMM_ON,2026-03-04,6,pm,005930,A030,ltb_A030_t005,stb_A030_t006,analysis_A030_t006,decision_A030_t006,fill_A030_t006,ltb_A030_t006,buy,100,172200.0,0.0,filled
RN_COMM_ON,2026-03-04,6,pm,005930,A031,ltb_A031_t005,stb_A031_t006,analysis_A031_t006,decision_A031_t006,fill_A031_t006,ltb_A031_t006,buy,30,172200.0,0.0,filled
RN_COMM_ON,2026-03-04,6,pm,005930,A032,ltb_A032_t005,stb_A032_t006,analysis_A032_t006,decision_A032_t006,fill_A032_t006,ltb_A032_t006,buy,100,172200.0,0.0,filled
RN_COMM_ON,2026-03-04,6,pm,005930,A033,ltb_A033_t005,stb_A033_t006,analysis_A033_t006,decision_A033_t006,fill_A033_t006,ltb_A033_t006,buy,171,172200.0,0.0,filled
RN_COMM_ON,2026-03-04,6,pm,005930,A034,ltb_A034_t005,stb_A034_t006,analysis_A034_t006,decision_A034_t006,fill_A034_t006,ltb_A034_t006,buy,46,172200.0,0.0,filled
RN_COMM_ON,2026-03-04,6,pm,005930,A036,ltb_A036_t005,stb_A036_t006,analysis_A036_t006,decision_A036_t006,fill_A036_t006,ltb_A036_t006,buy,33,172200.0,0.0,filled
RN_COMM_ON,2026-03-04,6,pm,005930,A037,ltb_A037_t005,stb_A037_t006,analysis_A037_t006,decision_A037_t006,fill_A037_t006,ltb_A037_t006,buy,100,172200.0,0.0,filled
RN_COMM_ON,2026-03-04,6,pm,005930,A040,ltb_A040_t005,stb_A040_t006,analysis_A040_t006,decision_A040_t006,fill_A040_t006,ltb_A040_t006,buy,33,172200.0,0.0,filled
RN_COMM_ON,2026-03-04,6,pm,005930,A041,ltb_A041_t005,stb_A041_t006,analysis_A041_t006,decision_A041_t006,fill_A041_t006,ltb_A041_t006,buy,89,172200.0,0.0,filled
RN_COMM_ON,2026-03-04,6,pm,005930,A043,ltb_A043_t005,stb_A043_t006,analysis_A043_t006,decision_A043_t006,fill_A043_t006,ltb_A043_t006,buy,226,172200.0,0.0,filled
RN_COMM_ON,2026-03-04,6,pm,005930,A045,ltb_A045_t005,stb_A045_t006,analysis_A045_t006,decision_A045_t006,fill_A045_t006,ltb_A045_t006,buy,125,172200.0,0.0,filled
RN_COMM_ON,2026-03-04,6,pm,005930,A047,ltb_A047_t005,stb_A047_t006,analysis_A047_t006,decision_A047_t006,fill_A047_t006,ltb_A047_t006,buy,50,172200.0,0.0,filled
RN_COMM_ON,2026-03-04,6,pm,005930,A049,ltb_A049_t005,stb_A049_t006,analysis_A049_t006,decision_A049_t006,fill_A049_t006,ltb_A049_t006,buy,100,172200.0,0.0,filled
RN_COMM_ON,2026-03-04,6,pm,005930,A050,ltb_A050_t005,stb_A050_t006,analysis_A050_t006,decision_A050_t006,fill_A050_t006,ltb_A050_t006,buy,100,172200.0,0.0,filled
RN_COMM_ON,2026-03-04,6,pm,005930,A051,ltb_A051_t005,stb_A051_t006,analysis_A051_t006,decision_A051_t006,fill_A051_t006,ltb_A051_t006,buy,100,172200.0,0.0,filled
RN_COMM_ON,2026-03-04,6,pm,005930,A053,ltb_A053_t005,stb_A053_t006,analysis_A053_t006,decision_A053_t006,fill_A053_t006,ltb_A053_t006,buy,20,172200.0,0.0,filled
RN_COMM_ON,2026-03-04,6,pm,005930,A054,ltb_A054_t005,stb_A054_t006,analysis_A054_t006,decision_A054_t006,fill_A054_t006,ltb_A054_t006,buy,100,172200.0,0.0,filled
RN_COMM_ON,2026-03-04,6,pm,005930,A056,ltb_A056_t005,stb_A056_t006,analysis_A056_t006,decision_A056_t006,fill_A056_t006,ltb_A056_t006,buy,1000,172200.0,0.0,filled
RN_COMM_ON,2026-03-04,6,pm,005930,A057,ltb_A057_t005,stb_A057_t006,analysis_A057_t006,decision_A057_t006,fill_A057_t006,ltb_A057_t006,buy,40,172200.0,0.0,filled
RN_COMM_ON,2026-03-04,6,pm,005930,A058,ltb_A058_t005,stb_A058_t006,analysis_A058_t006,decision_A058_t006,fill_A058_t006,ltb_A058_t006,buy,100,172200.0,0.0,filled
RN_COMM_ON,2026-03-04,6,pm,005930,A061,ltb_A061_t005,stb_A061_t006,analysis_A061_t006,decision_A061_t006,fill_A061_t006,ltb_A061_t006,buy,100,172200.0,0.0,filled
RN_COMM_ON,2026-03-04,6,pm,005930,A062,ltb_A062_t005,stb_A062_t006,analysis_A062_t006,decision_A062_t006,fill_A062_t006,ltb_A062_t006,buy,65,172200.0,0.0,filled
RN_COMM_ON,2026-03-04,6,pm,005930,A063,ltb_A063_t005,stb_A063_t006,analysis_A063_t006,decision_A063_t006,fill_A063_t006,ltb_A063_t006,buy,1000,172200.0,0.0,filled
RN_COMM_ON,2026-03-04,6,pm,005930,A065,ltb_A065_t005,stb_A065_t006,analysis_A065_t006,decision_A065_t006,fill_A065_t006,ltb_A065_t006,buy,50,172200.0,0.0,filled
RN_COMM_ON,2026-03-04,6,pm,005930,A066,ltb_A066_t005,stb_A066_t006,analysis_A066_t006,decision_A066_t006,fill_A066_t006,ltb_A066_t006,buy,40,172200.0,0.0,filled
RN_COMM_ON,2026-03-04,6,pm,005930,A067,ltb_A067_t005,stb_A067_t006,analysis_A067_t006,decision_A067_t006,fill_A067_t006,ltb_A067_t006,buy,100,172200.0,0.0,filled
RN_COMM_ON,2026-03-04,6,pm,005930,A068,ltb_A068_t005,stb_A068_t006,analysis_A068_t006,decision_A068_t006,fill_A068_t006,ltb_A068_t006,buy,100,172200.0,0.0,filled
RN_COMM_ON,2026-03-04,6,pm,005930,A069,ltb_A069_t005,stb_A069_t006,analysis_A069_t006,decision_A069_t006,fill_A069_t006,ltb_A069_t006,buy,21,172200.0,0.0,filled
RN_COMM_ON,2026-03-04,6,pm,005930,A071,ltb_A071_t005,stb_A071_t006,analysis_A071_t006,decision_A071_t006,fill_A071_t006,ltb_A071_t006,buy,400,172200.0,0.0,filled
RN_COMM_ON,2026-03-04,6,pm,005930,A072,ltb_A072_t005,stb_A072_t006,analysis_A072_t006,decision_A072_t006,fill_A072_t006,ltb_A072_t006,buy,135,172200.0,0.0,filled
RN_COMM_ON,2026-03-04,6,pm,005930,A073,ltb_A073_t005,stb_A073_t006,analysis_A073_t006,decision_A073_t006,fill_A073_t006,ltb_A073_t006,buy,100,172200.0,0.0,filled
RN_COMM_ON,2026-03-04,6,pm,005930,A074,ltb_A074_t005,stb_A074_t006,analysis_A074_t006,decision_A074_t006,fill_A074_t006,ltb_A074_t006,buy,150,172200.0,0.0,filled
RN_COMM_ON,2026-03-04,6,pm,005930,A075,ltb_A075_t005,stb_A075_t006,analysis_A075_t006,decision_A075_t006,fill_A075_t006,ltb_A075_t006,buy,10,172200.0,0.0,filled
RN_COMM_ON,2026-03-04,6,pm,005930,A076,ltb_A076_t005,stb_A076_t006,analysis_A076_t006,decision_A076_t006,fill_A076_t006,ltb_A076_t006,buy,260,172200.0,0.0,filled
RN_COMM_ON,2026-03-04,6,pm,005930,A077,ltb_A077_t005,stb_A077_t006,analysis_A077_t006,decision_A077_t006,fill_A077_t006,ltb_A077_t006,buy,100,172200.0,0.0,filled
RN_COMM_ON,2026-03-04,6,pm,005930,A078,ltb_A078_t005,stb_A078_t006,analysis_A078_t006,decision_A078_t006,fill_A078_t006,ltb_A078_t006,buy,66,172200.0,0.0,filled
RN_COMM_ON,2026-03-04,6,pm,005930,A079,ltb_A079_t005,stb_A079_t006,analysis_A079_t006,decision_A079_t006,fill_A079_t006,ltb_A079_t006,buy,20,172200.0,0.0,filled
RN_COMM_ON,2026-03-04,6,pm,005930,A080,ltb_A080_t005,stb_A080_t006,analysis_A080_t006,decision_A080_t006,fill_A080_t006,ltb_A080_t006,buy,400,172200.0,0.0,filled
RN_COMM_ON,2026-03-04,6,pm,005930,A081,ltb_A081_t005,stb_A081_t006,analysis_A081_t006,decision_A081_t006,fill_A081_t006,ltb_A081_t006,buy,100,172200.0,0.0,filled
RN_COMM_ON,2026-03-04,6,pm,005930,A083,ltb_A083_t005,stb_A083_t006,analysis_A083_t006,decision_A083_t006,fill_A083_t006,ltb_A083_t006,buy,40,172200.0,0.0,filled
RN_COMM_ON,2026-03-04,6,pm,005930,A084,ltb_A084_t005,stb_A084_t006,analysis_A084_t006,decision_A084_t006,fill_A084_t006,ltb_A084_t006,buy,50,172200.0,0.0,filled
RN_COMM_ON,2026-03-04,6,pm,005930,A086,ltb_A086_t005,stb_A086_t006,analysis_A086_t006,decision_A086_t006,fill_A086_t006,ltb_A086_t006,buy,9,172200.0,0.0,filled
RN_COMM_ON,2026-03-04,6,pm,005930,A087,ltb_A087_t005,stb_A087_t006,analysis_A087_t006,decision_A087_t006,fill_A087_t006,ltb_A087_t006,buy,2000,172200.0,0.0,filled
RN_COMM_ON,2026-03-04,6,pm,005930,A088,ltb_A088_t005,stb_A088_t006,analysis_A088_t006,decision_A088_t006,fill_A088_t006,ltb_A088_t006,buy,100,172200.0,0.0,filled
RN_COMM_ON,2026-03-04,6,pm,005930,A089,ltb_A089_t005,stb_A089_t006,analysis_A089_t006,decision_A089_t006,fill_A089_t006,ltb_A089_t006,buy,100,172200.0,0.0,filled
RN_COMM_ON,2026-03-04,6,pm,005930,A090,ltb_A090_t005,stb_A090_t006,analysis_A090_t006,decision_A090_t006,fill_A090_t006,ltb_A090_t006,buy,100,172200.0,0.0,filled
RN_COMM_ON,2026-03-04,6,pm,005930,A091,ltb_A091_t005,stb_A091_t006,analysis_A091_t006,decision_A091_t006,fill_A091_t006,ltb_A091_t006,buy,100,172200.0,0.0,filled
RN_COMM_ON,2026-03-04,6,pm,005930,A092,ltb_A092_t005,stb_A092_t006,analysis_A092_t006,decision_A092_t006,fill_A092_t006,ltb_A092_t006,buy,15,172200.0,0.0,filled
RN_COMM_ON,2026-03-04,6,pm,005930,A093,ltb_A093_t005,stb_A093_t006,analysis_A093_t006,decision_A093_t006,fill_A093_t006,ltb_A093_t006,buy,200,172200.0,0.0,filled
RN_COMM_ON,2026-03-04,6,pm,005930,A094,ltb_A094_t005,stb_A094_t006,analysis_A094_t006,decision_A094_t006,fill_A094_t006,ltb_A094_t006,buy,97,172200.0,0.0,filled
RN_COMM_ON,2026-03-04,6,pm,005930,A095,ltb_A095_t005,stb_A095_t006,analysis_A095_t006,decision_A095_t006,fill_A095_t006,ltb_A095_t006,buy,100,172200.0,0.0,filled
RN_COMM_ON,2026-03-04,6,pm,005930,A096,ltb_A096_t005,stb_A096_t006,analysis_A096_t006,decision_A096_t006,fill_A096_t006,ltb_A096_t006,buy,100,172200.0,0.0,filled
RN_COMM_ON,2026-03-04,6,pm,005930,A097,ltb_A097_t005,stb_A097_t006,analysis_A097_t006,decision_A097_t006,fill_A097_t006,ltb_A097_t006,buy,983,172200.0,0.0,filled
RN_COMM_ON,2026-03-04,6,pm,005930,A098,ltb_A098_t005,stb_A098_t006,analysis_A098_t006,decision_A098_t006,fill_A098_t006,ltb_A098_t006,buy,120,172200.0,0.0,filled
RN_COMM_ON,2026-03-04,6,pm,005930,A099,ltb_A099_t005,stb_A099_t006,analysis_A099_t006,decision_A099_t006,fill_A099_t006,ltb_A099_t006,buy,15,172200.0,0.0,filled
RN_COMM_ON,2026-03-04,6,pm,005930,A002,ltb_A002_t005,stb_A002_t006,analysis_A002_t006,decision_A002_t006,fill_A002_t006,ltb_A002_t006,sell,150,172200.0,0.0,filled
RN_COMM_ON,2026-03-04,6,pm,005930,A006,ltb_A006_t005,stb_A006_t006,analysis_A006_t006,decision_A006_t006,fill_A006_t006,ltb_A006_t006,sell,100,172200.0,0.0,filled
RN_COMM_ON,2026-03-04,6,pm,005930,A014,ltb_A014_t005,stb_A014_t006,analysis_A014_t006,decision_A014_t006,fill_A014_t006,ltb_A014_t006,sell,100,172200.0,0.0,filled
RN_COMM_ON,2026-03-04,6,pm,005930,A018,ltb_A018_t005,stb_A018_t006,analysis_A018_t006,decision_A018_t006,fill_A018_t006,ltb_A018_t006,sell,250,172200.0,0.0,filled
RN_COMM_ON,2026-03-04,6,pm,005930,A020,ltb_A020_t005,stb_A020_t006,analysis_A020_t006,decision_A020_t006,fill_A020_t006,ltb_A020_t006,sell,100,172200.0,0.0,filled
RN_COMM_ON,2026-03-04,6,pm,005930,A021,ltb_A021_t005,stb_A021_t006,analysis_A021_t006,decision_A021_t006,fill_A021_t006,ltb_A021_t006,sell,100,172200.0,0.0,filled
RN_COMM_ON,2026-03-04,6,pm,005930,A035,ltb_A035_t005,stb_A035_t006,analysis_A035_t006,decision_A035_t006,fill_A035_t006,ltb_A035_t006,sell,100,172200.0,0.0,filled
RN_COMM_ON,2026-03-04,6,pm,005930,A038,ltb_A038_t005,stb_A038_t006,analysis_A038_t006,decision_A038_t006,fill_A038_t006,ltb_A038_t006,sell,100,172200.0,0.0,filled
RN_COMM_ON,2026-03-04,6,pm,005930,A039,ltb_A039_t005,stb_A039_t006,analysis_A039_t006,decision_A039_t006,fill_A039_t006,ltb_A039_t006,sell,1295,172200.0,0.0,filled
RN_COMM_ON,2026-03-04,6,pm,005930,A042,ltb_A042_t005,stb_A042_t006,analysis_A042_t006,decision_A042_t006,fill_A042_t006,ltb_A042_t006,sell,327,172200.0,0.0,filled
RN_COMM_ON,2026-03-04,6,pm,005930,A044,ltb_A044_t005,stb_A044_t006,analysis_A044_t006,decision_A044_t006,fill_A044_t006,ltb_A044_t006,sell,100,172200.0,0.0,filled
RN_COMM_ON,2026-03-04,6,pm,005930,A046,ltb_A046_t005,stb_A046_t006,analysis_A046_t006,decision_A046_t006,fill_A046_t006,ltb_A046_t006,sell,100,172200.0,0.0,filled
RN_COMM_ON,2026-03-04,6,pm,005930,A048,ltb_A048_t005,stb_A048_t006,analysis_A048_t006,decision_A048_t006,fill_A048_t006,ltb_A048_t006,sell,100,172200.0,0.0,filled
RN_COMM_ON,2026-03-04,6,pm,005930,A052,ltb_A052_t005,stb_A052_t006,analysis_A052_t006,decision_A052_t006,fill_A052_t006,ltb_A052_t006,sell,1000,172200.0,0.0,filled
RN_COMM_ON,2026-03-04,6,pm,005930,A055,ltb_A055_t005,stb_A055_t006,analysis_A055_t006,decision_A055_t006,fill_A055_t006,ltb_A055_t006,sell,250,172200.0,0.0,filled
RN_COMM_ON,2026-03-04,6,pm,005930,A059,ltb_A059_t005,stb_A059_t006,analysis_A059_t006,decision_A059_t006,fill_A059_t006,ltb_A059_t006,sell,100,172200.0,0.0,filled
RN_COMM_ON,2026-03-04,6,pm,005930,A060,ltb_A060_t005,stb_A060_t006,analysis_A060_t006,decision_A060_t006,fill_A060_t006,ltb_A060_t006,sell,100,172200.0,0.0,filled
RN_COMM_ON,2026-03-04,6,pm,005930,A064,ltb_A064_t005,stb_A064_t006,analysis_A064_t006,decision_A064_t006,fill_A064_t006,ltb_A064_t006,sell,100,172200.0,0.0,filled
RN_COMM_ON,2026-03-04,6,pm,005930,A070,ltb_A070_t005,stb_A070_t006,analysis_A070_t006,decision_A070_t006,fill_A070_t006,ltb_A070_t006,sell,100,172200.0,0.0,filled
RN_COMM_ON,2026-03-04,6,pm,005930,A082,ltb_A082_t005,stb_A082_t006,analysis_A082_t006,decision_A082_t006,fill_A082_t006,ltb_A082_t006,sell,1500,172200.0,0.0,filled
RN_COMM_ON,2026-03-04,6,pm,005930,A085,ltb_A085_t005,stb_A085_t006,analysis_A085_t006,decision_A085_t006,fill_A085_t006,ltb_A085_t006,sell,100,172200.0,0.0,filled
RN_COMM_ON,2026-03-04,6,pm,005930,A100,ltb_A100_t005,stb_A100_t006,analysis_A100_t006,decision_A100_t006,fill_A100_t006,ltb_A100_t006,sell,100,172200.0,0.0,filled
RN_COMM_ON,2026-03-05,7,am,005930,A003,ltb_A003_t006,stb_A003_t007,analysis_A003_t007,decision_A003_t007,fill_A003_t007,ltb_A003_t007,buy,6,195000.0,0.0,filled
RN_COMM_ON,2026-03-05,7,am,005930,A004,ltb_A004_t006,stb_A004_t007,analysis_A004_t007,decision_A004_t007,fill_A004_t007,ltb_A004_t007,buy,100,195000.0,0.0,filled
RN_COMM_ON,2026-03-05,7,am,005930,A005,ltb_A005_t006,stb_A005_t007,analysis_A005_t007,decision_A005_t007,fill_A005_t007,ltb_A005_t007,buy,14,195000.0,0.0,filled
RN_COMM_ON,2026-03-05,7,am,005930,A006,ltb_A006_t006,stb_A006_t007,analysis_A006_t007,decision_A006_t007,fill_A006_t007,ltb_A006_t007,buy,100,195000.0,0.0,filled
RN_COMM_ON,2026-03-05,7,am,005930,A008,ltb_A008_t006,stb_A008_t007,analysis_A008_t007,decision_A008_t007,fill_A008_t007,ltb_A008_t007,buy,100,195000.0,0.0,filled
RN_COMM_ON,2026-03-05,7,am,005930,A010,ltb_A010_t006,stb_A010_t007,analysis_A010_t007,decision_A010_t007,fill_A010_t007,ltb_A010_t007,buy,10,195000.0,0.0,filled
RN_COMM_ON,2026-03-05,7,am,005930,A012,ltb_A012_t006,stb_A012_t007,analysis_A012_t007,decision_A012_t007,fill_A012_t007,ltb_A012_t007,buy,17,195000.0,0.0,filled
RN_COMM_ON,2026-03-05,7,am,005930,A013,ltb_A013_t006,stb_A013_t007,analysis_A013_t007,decision_A013_t007,fill_A013_t007,ltb_A013_t007,buy,17,195000.0,0.0,filled
RN_COMM_ON,2026-03-05,7,am,005930,A014,ltb_A014_t006,stb_A014_t007,analysis_A014_t007,decision_A014_t007,fill_A014_t007,ltb_A014_t007,buy,100,195000.0,0.0,filled
RN_COMM_ON,2026-03-05,7,am,005930,A015,ltb_A015_t006,stb_A015_t007,analysis_A015_t007,decision_A015_t007,fill_A015_t007,ltb_A015_t007,buy,28,195000.0,0.0,filled
RN_COMM_ON,2026-03-05,7,am,005930,A016,ltb_A016_t006,stb_A016_t007,analysis_A016_t007,decision_A016_t007,fill_A016_t007,ltb_A016_t007,buy,40,195000.0,0.0,filled
RN_COMM_ON,2026-03-05,7,am,005930,A017,ltb_A017_t006,stb_A017_t007,analysis_A017_t007,decision_A017_t007,fill_A017_t007,ltb_A017_t007,buy,30,195000.0,0.0,filled
RN_COMM_ON,2026-03-05,7,am,005930,A018,ltb_A018_t006,stb_A018_t007,analysis_A018_t007,decision_A018_t007,fill_A018_t007,ltb_A018_t007,buy,227,195000.0,0.0,filled
RN_COMM_ON,2026-03-05,7,am,005930,A020,ltb_A020_t006,stb_A020_t007,analysis_A020_t007,decision_A020_t007,fill_A020_t007,ltb_A020_t007,buy,150,195000.0,0.0,filled
RN_COMM_ON,2026-03-05,7,am,005930,A021,ltb_A021_t006,stb_A021_t007,analysis_A021_t007,decision_A021_t007,fill_A021_t007,ltb_A021_t007,buy,100,195000.0,0.0,filled
RN_COMM_ON,2026-03-05,7,am,005930,A022,ltb_A022_t006,stb_A022_t007,analysis_A022_t007,decision_A022_t007,fill_A022_t007,ltb_A022_t007,buy,109,195000.0,0.0,filled
RN_COMM_ON,2026-03-05,7,am,005930,A023,ltb_A023_t006,stb_A023_t007,analysis_A023_t007,decision_A023_t007,fill_A023_t007,ltb_A023_t007,buy,34,195000.0,0.0,filled
RN_COMM_ON,2026-03-05,7,am,005930,A027,ltb_A027_t006,stb_A027_t007,analysis_A027_t007,decision_A027_t007,fill_A027_t007,ltb_A027_t007,buy,100,195000.0,0.0,filled
RN_COMM_ON,2026-03-05,7,am,005930,A032,ltb_A032_t006,stb_A032_t007,analysis_A032_t007,decision_A032_t007,fill_A032_t007,ltb_A032_t007,buy,71,195000.0,0.0,filled
RN_COMM_ON,2026-03-05,7,am,005930,A033,ltb_A033_t006,stb_A033_t007,analysis_A033_t007,decision_A033_t007,fill_A033_t007,ltb_A033_t007,buy,40,195000.0,0.0,filled
RN_COMM_ON,2026-03-05,7,am,005930,A034,ltb_A034_t006,stb_A034_t007,analysis_A034_t007,decision_A034_t007,fill_A034_t007,ltb_A034_t007,buy,21,195000.0,0.0,filled
RN_COMM_ON,2026-03-05,7,am,005930,A035,ltb_A035_t006,stb_A035_t007,analysis_A035_t007,decision_A035_t007,fill_A035_t007,ltb_A035_t007,buy,120,195000.0,0.0,filled
RN_COMM_ON,2026-03-05,7,am,005930,A036,ltb_A036_t006,stb_A036_t007,analysis_A036_t007,decision_A036_t007,fill_A036_t007,ltb_A036_t007,buy,15,195000.0,0.0,filled
RN_COMM_ON,2026-03-05,7,am,005930,A038,ltb_A038_t006,stb_A038_t007,analysis_A038_t007,decision_A038_t007,fill_A038_t007,ltb_A038_t007,buy,100,195000.0,0.0,filled
RN_COMM_ON,2026-03-05,7,am,005930,A039,ltb_A039_t006,stb_A039_t007,analysis_A039_t007,decision_A039_t007,fill_A039_t007,ltb_A039_t007,buy,1200,195000.0,0.0,filled
RN_COMM_ON,2026-03-05,7,am,005930,A040,ltb_A040_t006,stb_A040_t007,analysis_A040_t007,decision_A040_t007,fill_A040_t007,ltb_A040_t007,buy,43,195000.0,0.0,filled
RN_COMM_ON,2026-03-05,7,am,005930,A042,ltb_A042_t006,stb_A042_t007,analysis_A042_t007,decision_A042_t007,fill_A042_t007,ltb_A042_t007,buy,100,195000.0,0.0,filled
RN_COMM_ON,2026-03-05,7,am,005930,A044,ltb_A044_t006,stb_A044_t007,analysis_A044_t007,decision_A044_t007,fill_A044_t007,ltb_A044_t007,buy,100,195000.0,0.0,filled
RN_COMM_ON,2026-03-05,7,am,005930,A046,ltb_A046_t006,stb_A046_t007,analysis_A046_t007,decision_A046_t007,fill_A046_t007,ltb_A046_t007,buy,100,195000.0,0.0,filled
RN_COMM_ON,2026-03-05,7,am,005930,A047,ltb_A047_t006,stb_A047_t007,analysis_A047_t007,decision_A047_t007,fill_A047_t007,ltb_A047_t007,buy,63,195000.0,0.0,filled
RN_COMM_ON,2026-03-05,7,am,005930,A049,ltb_A049_t006,stb_A049_t007,analysis_A049_t007,decision_A049_t007,fill_A049_t007,ltb_A049_t007,buy,50,195000.0,0.0,filled
RN_COMM_ON,2026-03-05,7,am,005930,A050,ltb_A050_t006,stb_A050_t007,analysis_A050_t007,decision_A050_t007,fill_A050_t007,ltb_A050_t007,buy,100,195000.0,0.0,filled
RN_COMM_ON,2026-03-05,7,am,005930,A051,ltb_A051_t006,stb_A051_t007,analysis_A051_t007,decision_A051_t007,fill_A051_t007,ltb_A051_t007,buy,46,195000.0,0.0,filled
RN_COMM_ON,2026-03-05,7,am,005930,A052,ltb_A052_t006,stb_A052_t007,analysis_A052_t007,decision_A052_t007,fill_A052_t007,ltb_A052_t007,buy,1200,195000.0,0.0,filled
RN_COMM_ON,2026-03-05,7,am,005930,A053,ltb_A053_t006,stb_A053_t007,analysis_A053_t007,decision_A053_t007,fill_A053_t007,ltb_A053_t007,buy,10,195000.0,0.0,filled
RN_COMM_ON,2026-03-05,7,am,005930,A054,ltb_A054_t006,stb_A054_t007,analysis_A054_t007,decision_A054_t007,fill_A054_t007,ltb_A054_t007,buy,100,195000.0,0.0,filled
RN_COMM_ON,2026-03-05,7,am,005930,A055,ltb_A055_t006,stb_A055_t007,analysis_A055_t007,decision_A055_t007,fill_A055_t007,ltb_A055_t007,buy,100,195000.0,0.0,filled
RN_COMM_ON,2026-03-05,7,am,005930,A056,ltb_A056_t006,stb_A056_t007,analysis_A056_t007,decision_A056_t007,fill_A056_t007,ltb_A056_t007,buy,1276,195000.0,0.0,filled
RN_COMM_ON,2026-03-05,7,am,005930,A061,ltb_A061_t006,stb_A061_t007,analysis_A061_t007,decision_A061_t007,fill_A061_t007,ltb_A061_t007,buy,40,195000.0,0.0,filled
RN_COMM_ON,2026-03-05,7,am,005930,A064,ltb_A064_t006,stb_A064_t007,analysis_A064_t007,decision_A064_t007,fill_A064_t007,ltb_A064_t007,buy,89,195000.0,0.0,filled
RN_COMM_ON,2026-03-05,7,am,005930,A066,ltb_A066_t006,stb_A066_t007,analysis_A066_t007,decision_A066_t007,fill_A066_t007,ltb_A066_t007,buy,15,195000.0,0.0,filled
RN_COMM_ON,2026-03-05,7,am,005930,A067,ltb_A067_t006,stb_A067_t007,analysis_A067_t007,decision_A067_t007,fill_A067_t007,ltb_A067_t007,buy,100,195000.0,0.0,filled
RN_COMM_ON,2026-03-05,7,am,005930,A068,ltb_A068_t006,stb_A068_t007,analysis_A068_t007,decision_A068_t007,fill_A068_t007,ltb_A068_t007,buy,50,195000.0,0.0,filled
RN_COMM_ON,2026-03-05,7,am,005930,A069,ltb_A069_t006,stb_A069_t007,analysis_A069_t007,decision_A069_t007,fill_A069_t007,ltb_A069_t007,buy,10,195000.0,0.0,filled
RN_COMM_ON,2026-03-05,7,am,005930,A070,ltb_A070_t006,stb_A070_t007,analysis_A070_t007,decision_A070_t007,fill_A070_t007,ltb_A070_t007,buy,100,195000.0,0.0,filled
RN_COMM_ON,2026-03-05,7,am,005930,A072,ltb_A072_t006,stb_A072_t007,analysis_A072_t007,decision_A072_t007,fill_A072_t007,ltb_A072_t007,buy,60,195000.0,0.0,filled
RN_COMM_ON,2026-03-05,7,am,005930,A073,ltb_A073_t006,stb_A073_t007,analysis_A073_t007,decision_A073_t007,fill_A073_t007,ltb_A073_t007,buy,50,195000.0,0.0,filled
RN_COMM_ON,2026-03-05,7,am,005930,A074,ltb_A074_t006,stb_A074_t007,analysis_A074_t007,decision_A074_t007,fill_A074_t007,ltb_A074_t007,buy,100,195000.0,0.0,filled
RN_COMM_ON,2026-03-05,7,am,005930,A077,ltb_A077_t006,stb_A077_t007,analysis_A077_t007,decision_A077_t007,fill_A077_t007,ltb_A077_t007,buy,100,195000.0,0.0,filled
RN_COMM_ON,2026-03-05,7,am,005930,A081,ltb_A081_t006,stb_A081_t007,analysis_A081_t007,decision_A081_t007,fill_A081_t007,ltb_A081_t007,buy,100,195000.0,0.0,filled
RN_COMM_ON,2026-03-05,7,am,005930,A082,ltb_A082_t006,stb_A082_t007,analysis_A082_t007,decision_A082_t007,fill_A082_t007,ltb_A082_t007,buy,100,195000.0,0.0,filled
RN_COMM_ON,2026-03-05,7,am,005930,A085,ltb_A085_t006,stb_A085_t007,analysis_A085_t007,decision_A085_t007,fill_A085_t007,ltb_A085_t007,buy,70,195000.0,0.0,filled
RN_COMM_ON,2026-03-05,7,am,005930,A086,ltb_A086_t006,stb_A086_t007,analysis_A086_t007,decision_A086_t007,fill_A086_t007,ltb_A086_t007,buy,4,195000.0,0.0,filled
RN_COMM_ON,2026-03-05,7,am,005930,A088,ltb_A088_t006,stb_A088_t007,analysis_A088_t007,decision_A088_t007,fill_A088_t007,ltb_A088_t007,buy,73,195000.0,0.0,filled
RN_COMM_ON,2026-03-05,7,am,005930,A091,ltb_A091_t006,stb_A091_t007,analysis_A091_t007,decision_A091_t007,fill_A091_t007,ltb_A091_t007,buy,100,195000.0,0.0,filled
RN_COMM_ON,2026-03-05,7,am,005930,A093,ltb_A093_t006,stb_A093_t007,analysis_A093_t007,decision_A093_t007,fill_A093_t007,ltb_A093_t007,buy,100,195000.0,0.0,filled
RN_COMM_ON,2026-03-05,7,am,005930,A095,ltb_A095_t006,stb_A095_t007,analysis_A095_t007,decision_A095_t007,fill_A095_t007,ltb_A095_t007,buy,100,195000.0,0.0,filled
RN_COMM_ON,2026-03-05,7,am,005930,A096,ltb_A096_t006,stb_A096_t007,analysis_A096_t007,decision_A096_t007,fill_A096_t007,ltb_A096_t007,buy,100,195000.0,0.0,filled
RN_COMM_ON,2026-03-05,7,am,005930,A097,ltb_A097_t006,stb_A097_t007,analysis_A097_t007,decision_A097_t007,fill_A097_t007,ltb_A097_t007,buy,434,195000.0,0.0,filled
RN_COMM_ON,2026-03-05,7,am,005930,A098,ltb_A098_t006,stb_A098_t007,analysis_A098_t007,decision_A098_t007,fill_A098_t007,ltb_A098_t007,buy,53,195000.0,0.0,filled
RN_COMM_ON,2026-03-05,7,am,005930,A099,ltb_A099_t006,stb_A099_t007,analysis_A099_t007,decision_A099_t007,fill_A099_t007,ltb_A099_t007,buy,15,195000.0,0.0,filled
RN_COMM_ON,2026-03-05,7,am,005930,A001,ltb_A001_t006,stb_A001_t007,analysis_A001_t007,decision_A001_t007,fill_A001_t007,ltb_A001_t007,sell,100,195000.0,0.0,filled
RN_COMM_ON,2026-03-05,7,am,005930,A002,ltb_A002_t006,stb_A002_t007,analysis_A002_t007,decision_A002_t007,fill_A002_t007,ltb_A002_t007,sell,50,195000.0,0.0,filled
RN_COMM_ON,2026-03-05,7,am,005930,A007,ltb_A007_t006,stb_A007_t007,analysis_A007_t007,decision_A007_t007,fill_A007_t007,ltb_A007_t007,sell,100,195000.0,0.0,filled
RN_COMM_ON,2026-03-05,7,am,005930,A009,ltb_A009_t006,stb_A009_t007,analysis_A009_t007,decision_A009_t007,fill_A009_t007,ltb_A009_t007,sell,100,195000.0,0.0,filled
RN_COMM_ON,2026-03-05,7,am,005930,A011,ltb_A011_t006,stb_A011_t007,analysis_A011_t007,decision_A011_t007,fill_A011_t007,ltb_A011_t007,sell,470,195000.0,0.0,filled
RN_COMM_ON,2026-03-05,7,am,005930,A019,ltb_A019_t006,stb_A019_t007,analysis_A019_t007,decision_A019_t007,fill_A019_t007,ltb_A019_t007,sell,100,195000.0,0.0,filled
RN_COMM_ON,2026-03-05,7,am,005930,A024,ltb_A024_t006,stb_A024_t007,analysis_A024_t007,decision_A024_t007,fill_A024_t007,ltb_A024_t007,sell,459,195000.0,0.0,filled
RN_COMM_ON,2026-03-05,7,am,005930,A025,ltb_A025_t006,stb_A025_t007,analysis_A025_t007,decision_A025_t007,fill_A025_t007,ltb_A025_t007,sell,200,195000.0,0.0,filled
RN_COMM_ON,2026-03-05,7,am,005930,A026,ltb_A026_t006,stb_A026_t007,analysis_A026_t007,decision_A026_t007,fill_A026_t007,ltb_A026_t007,sell,100,195000.0,0.0,filled
RN_COMM_ON,2026-03-05,7,am,005930,A028,ltb_A028_t006,stb_A028_t007,analysis_A028_t007,decision_A028_t007,fill_A028_t007,ltb_A028_t007,sell,100,195000.0,0.0,filled
RN_COMM_ON,2026-03-05,7,am,005930,A029,ltb_A029_t006,stb_A029_t007,analysis_A029_t007,decision_A029_t007,fill_A029_t007,ltb_A029_t007,sell,100,195000.0,0.0,filled
RN_COMM_ON,2026-03-05,7,am,005930,A030,ltb_A030_t006,stb_A030_t007,analysis_A030_t007,decision_A030_t007,fill_A030_t007,ltb_A030_t007,sell,100,195000.0,0.0,filled
RN_COMM_ON,2026-03-05,7,am,005930,A031,ltb_A031_t006,stb_A031_t007,analysis_A031_t007,decision_A031_t007,fill_A031_t007,ltb_A031_t007,sell,100,195000.0,0.0,filled
RN_COMM_ON,2026-03-05,7,am,005930,A037,ltb_A037_t006,stb_A037_t007,analysis_A037_t007,decision_A037_t007,fill_A037_t007,ltb_A037_t007,sell,100,195000.0,0.0,filled
RN_COMM_ON,2026-03-05,7,am,005930,A041,ltb_A041_t006,stb_A041_t007,analysis_A041_t007,decision_A041_t007,fill_A041_t007,ltb_A041_t007,sell,100,195000.0,0.0,filled
RN_COMM_ON,2026-03-05,7,am,005930,A043,ltb_A043_t006,stb_A043_t007,analysis_A043_t007,decision_A043_t007,fill_A043_t007,ltb_A043_t007,sell,1000,195000.0,0.0,filled
RN_COMM_ON,2026-03-05,7,am,005930,A045,ltb_A045_t006,stb_A045_t007,analysis_A045_t007,decision_A045_t007,fill_A045_t007,ltb_A045_t007,sell,100,195000.0,0.0,filled
RN_COMM_ON,2026-03-05,7,am,005930,A048,ltb_A048_t006,stb_A048_t007,analysis_A048_t007,decision_A048_t007,fill_A048_t007,ltb_A048_t007,sell,100,195000.0,0.0,filled
RN_COMM_ON,2026-03-05,7,am,005930,A057,ltb_A057_t006,stb_A057_t007,analysis_A057_t007,decision_A057_t007,fill_A057_t007,ltb_A057_t007,sell,100,195000.0,0.0,filled
RN_COMM_ON,2026-03-05,7,am,005930,A058,ltb_A058_t006,stb_A058_t007,analysis_A058_t007,decision_A058_t007,fill_A058_t007,ltb_A058_t007,sell,100,195000.0,0.0,filled
RN_COMM_ON,2026-03-05,7,am,005930,A059,ltb_A059_t006,stb_A059_t007,analysis_A059_t007,decision_A059_t007,fill_A059_t007,ltb_A059_t007,sell,100,195000.0,0.0,filled
RN_COMM_ON,2026-03-05,7,am,005930,A060,ltb_A060_t006,stb_A060_t007,analysis_A060_t007,decision_A060_t007,fill_A060_t007,ltb_A060_t007,sell,100,195000.0,0.0,filled
RN_COMM_ON,2026-03-05,7,am,005930,A062,ltb_A062_t006,stb_A062_t007,analysis_A062_t007,decision_A062_t007,fill_A062_t007,ltb_A062_t007,sell,100,195000.0,0.0,filled
RN_COMM_ON,2026-03-05,7,am,005930,A063,ltb_A063_t006,stb_A063_t007,analysis_A063_t007,decision_A063_t007,fill_A063_t007,ltb_A063_t007,sell,1100,195000.0,0.0,filled
RN_COMM_ON,2026-03-05,7,am,005930,A065,ltb_A065_t006,stb_A065_t007,analysis_A065_t007,decision_A065_t007,fill_A065_t007,ltb_A065_t007,sell,100,195000.0,0.0,filled
RN_COMM_ON,2026-03-05,7,am,005930,A071,ltb_A071_t006,stb_A071_t007,analysis_A071_t007,decision_A071_t007,fill_A071_t007,ltb_A071_t007,sell,1000,195000.0,0.0,filled
RN_COMM_ON,2026-03-05,7,am,005930,A075,ltb_A075_t006,stb_A075_t007,analysis_A075_t007,decision_A075_t007,fill_A075_t007,ltb_A075_t007,sell,100,195000.0,0.0,filled
RN_COMM_ON,2026-03-05,7,am,005930,A076,ltb_A076_t006,stb_A076_t007,analysis_A076_t007,decision_A076_t007,fill_A076_t007,ltb_A076_t007,sell,260,195000.0,0.0,filled
RN_COMM_ON,2026-03-05,7,am,005930,A078,ltb_A078_t006,stb_A078_t007,analysis_A078_t007,decision_A078_t007,fill_A078_t007,ltb_A078_t007,sell,100,195000.0,0.0,filled
RN_COMM_ON,2026-03-05,7,am,005930,A079,ltb_A079_t006,stb_A079_t007,analysis_A079_t007,decision_A079_t007,fill_A079_t007,ltb_A079_t007,sell,418,195000.0,0.0,filled
RN_COMM_ON,2026-03-05,7,am,005930,A080,ltb_A080_t006,stb_A080_t007,analysis_A080_t007,decision_A080_t007,fill_A080_t007,ltb_A080_t007,sell,4600,195000.0,0.0,filled
RN_COMM_ON,2026-03-05,7,am,005930,A083,ltb_A083_t006,stb_A083_t007,analysis_A083_t007,decision_A083_t007,fill_A083_t007,ltb_A083_t007,sell,100,195000.0,0.0,filled
RN_COMM_ON,2026-03-05,7,am,005930,A084,ltb_A084_t006,stb_A084_t007,analysis_A084_t007,decision_A084_t007,fill_A084_t007,ltb_A084_t007,sell,100,195000.0,0.0,filled
RN_COMM_ON,2026-03-05,7,am,005930,A087,ltb_A087_t006,stb_A087_t007,analysis_A087_t007,decision_A087_t007,fill_A087_t007,ltb_A087_t007,sell,2000,195000.0,0.0,filled
RN_COMM_ON,2026-03-05,7,am,005930,A089,ltb_A089_t006,stb_A089_t007,analysis_A089_t007,decision_A089_t007,fill_A089_t007,ltb_A089_t007,sell,100,195000.0,0.0,filled
RN_COMM_ON,2026-03-05,7,am,005930,A090,ltb_A090_t006,stb_A090_t007,analysis_A090_t007,decision_A090_t007,fill_A090_t007,ltb_A090_t007,sell,100,195000.0,0.0,filled
RN_COMM_ON,2026-03-05,7,am,005930,A092,ltb_A092_t006,stb_A092_t007,analysis_A092_t007,decision_A092_t007,fill_A092_t007,ltb_A092_t007,sell,100,195000.0,0.0,filled
RN_COMM_ON,2026-03-05,7,am,005930,A094,ltb_A094_t006,stb_A094_t007,analysis_A094_t007,decision_A094_t007,fill_A094_t007,ltb_A094_t007,sell,100,195000.0,0.0,filled
RN_COMM_ON,2026-03-05,7,am,005930,A100,ltb_A100_t006,stb_A100_t007,analysis_A100_t007,decision_A100_t007,fill_A100_t007,ltb_A100_t007,sell,100,195000.0,0.0,filled
RN_COMM_ON,2026-03-05,8,pm,005930,A001,ltb_A001_t007,stb_A001_t008,analysis_A001_t008,decision_A001_t008,fill_A001_t008,ltb_A001_t008,buy,50,191600.0,0.0,filled
RN_COMM_ON,2026-03-05,8,pm,005930,A002,ltb_A002_t007,stb_A002_t008,analysis_A002_t008,decision_A002_t008,fill_A002_t008,ltb_A002_t008,buy,100,191600.0,0.0,filled
RN_COMM_ON,2026-03-05,8,pm,005930,A004,ltb_A004_t007,stb_A004_t008,analysis_A004_t008,decision_A004_t008,fill_A004_t008,ltb_A004_t008,buy,30,191600.0,0.0,filled
RN_COMM_ON,2026-03-05,8,pm,005930,A005,ltb_A005_t007,stb_A005_t008,analysis_A005_t008,decision_A005_t008,fill_A005_t008,ltb_A005_t008,buy,8,191600.0,0.0,filled
RN_COMM_ON,2026-03-05,8,pm,005930,A007,ltb_A007_t007,stb_A007_t008,analysis_A007_t008,decision_A007_t008,fill_A007_t008,ltb_A007_t008,buy,50,191600.0,0.0,filled
RN_COMM_ON,2026-03-05,8,pm,005930,A008,ltb_A008_t007,stb_A008_t008,analysis_A008_t008,decision_A008_t008,fill_A008_t008,ltb_A008_t008,buy,121,191600.0,0.0,filled
RN_COMM_ON,2026-03-05,8,pm,005930,A009,ltb_A009_t007,stb_A009_t008,analysis_A009_t008,decision_A009_t008,fill_A009_t008,ltb_A009_t008,buy,262,191600.0,0.0,filled
RN_COMM_ON,2026-03-05,8,pm,005930,A010,ltb_A010_t007,stb_A010_t008,analysis_A010_t008,decision_A010_t008,fill_A010_t008,ltb_A010_t008,buy,17,191600.0,0.0,filled
RN_COMM_ON,2026-03-05,8,pm,005930,A011,ltb_A011_t007,stb_A011_t008,analysis_A011_t008,decision_A011_t008,fill_A011_t008,ltb_A011_t008,buy,120,191600.0,0.0,filled
RN_COMM_ON,2026-03-05,8,pm,005930,A012,ltb_A012_t007,stb_A012_t008,analysis_A012_t008,decision_A012_t008,fill_A012_t008,ltb_A012_t008,buy,9,191600.0,0.0,filled
RN_COMM_ON,2026-03-05,8,pm,005930,A013,ltb_A013_t007,stb_A013_t008,analysis_A013_t008,decision_A013_t008,fill_A013_t008,ltb_A013_t008,buy,9,191600.0,0.0,filled
RN_COMM_ON,2026-03-05,8,pm,005930,A014,ltb_A014_t007,stb_A014_t008,analysis_A014_t008,decision_A014_t008,fill_A014_t008,ltb_A014_t008,buy,100,191600.0,0.0,filled
RN_COMM_ON,2026-03-05,8,pm,005930,A015,ltb_A015_t007,stb_A015_t008,analysis_A015_t008,decision_A015_t008,fill_A015_t008,ltb_A015_t008,buy,14,191600.0,0.0,filled
RN_COMM_ON,2026-03-05,8,pm,005930,A017,ltb_A017_t007,stb_A017_t008,analysis_A017_t008,decision_A017_t008,fill_A017_t008,ltb_A017_t008,buy,20,191600.0,0.0,filled
RN_COMM_ON,2026-03-05,8,pm,005930,A018,ltb_A018_t007,stb_A018_t008,analysis_A018_t008,decision_A018_t008,fill_A018_t008,ltb_A018_t008,buy,116,191600.0,0.0,filled
RN_COMM_ON,2026-03-05,8,pm,005930,A019,ltb_A019_t007,stb_A019_t008,analysis_A019_t008,decision_A019_t008,fill_A019_t008,ltb_A019_t008,buy,60,191600.0,0.0,filled
RN_COMM_ON,2026-03-05,8,pm,005930,A020,ltb_A020_t007,stb_A020_t008,analysis_A020_t008,decision_A020_t008,fill_A020_t008,ltb_A020_t008,buy,50,191600.0,0.0,filled
RN_COMM_ON,2026-03-05,8,pm,005930,A022,ltb_A022_t007,stb_A022_t008,analysis_A022_t008,decision_A022_t008,fill_A022_t008,ltb_A022_t008,buy,55,191600.0,0.0,filled
RN_COMM_ON,2026-03-05,8,pm,005930,A023,ltb_A023_t007,stb_A023_t008,analysis_A023_t008,decision_A023_t008,fill_A023_t008,ltb_A023_t008,buy,17,191600.0,0.0,filled
RN_COMM_ON,2026-03-05,8,pm,005930,A024,ltb_A024_t007,stb_A024_t008,analysis_A024_t008,decision_A024_t008,fill_A024_t008,ltb_A024_t008,buy,200,191600.0,0.0,filled
RN_COMM_ON,2026-03-05,8,pm,005930,A025,ltb_A025_t007,stb_A025_t008,analysis_A025_t008,decision_A025_t008,fill_A025_t008,ltb_A025_t008,buy,200,191600.0,0.0,filled
RN_COMM_ON,2026-03-05,8,pm,005930,A026,ltb_A026_t007,stb_A026_t008,analysis_A026_t008,decision_A026_t008,fill_A026_t008,ltb_A026_t008,buy,10,191600.0,0.0,filled
RN_COMM_ON,2026-03-05,8,pm,005930,A027,ltb_A027_t007,stb_A027_t008,analysis_A027_t008,decision_A027_t008,fill_A027_t008,ltb_A027_t008,buy,100,191600.0,0.0,filled
RN_COMM_ON,2026-03-05,8,pm,005930,A028,ltb_A028_t007,stb_A028_t008,analysis_A028_t008,decision_A028_t008,fill_A028_t008,ltb_A028_t008,buy,86,191600.0,0.0,filled
RN_COMM_ON,2026-03-05,8,pm,005930,A031,ltb_A031_t007,stb_A031_t008,analysis_A031_t008,decision_A031_t008,fill_A031_t008,ltb_A031_t008,buy,50,191600.0,0.0,filled
RN_COMM_ON,2026-03-05,8,pm,005930,A032,ltb_A032_t007,stb_A032_t008,analysis_A032_t008,decision_A032_t008,fill_A032_t008,ltb_A032_t008,buy,36,191600.0,0.0,filled
RN_COMM_ON,2026-03-05,8,pm,005930,A034,ltb_A034_t007,stb_A034_t008,analysis_A034_t008,decision_A034_t008,fill_A034_t008,ltb_A034_t008,buy,10,191600.0,0.0,filled
RN_COMM_ON,2026-03-05,8,pm,005930,A035,ltb_A035_t007,stb_A035_t008,analysis_A035_t008,decision_A035_t008,fill_A035_t008,ltb_A035_t008,buy,100,191600.0,0.0,filled
RN_COMM_ON,2026-03-05,8,pm,005930,A037,ltb_A037_t007,stb_A037_t008,analysis_A037_t008,decision_A037_t008,fill_A037_t008,ltb_A037_t008,buy,100,191600.0,0.0,filled
RN_COMM_ON,2026-03-05,8,pm,005930,A038,ltb_A038_t007,stb_A038_t008,analysis_A038_t008,decision_A038_t008,fill_A038_t008,ltb_A038_t008,buy,50,191600.0,0.0,filled
RN_COMM_ON,2026-03-05,8,pm,005930,A039,ltb_A039_t007,stb_A039_t008,analysis_A039_t008,decision_A039_t008,fill_A039_t008,ltb_A039_t008,buy,1838,191600.0,0.0,filled
RN_COMM_ON,2026-03-05,8,pm,005930,A040,ltb_A040_t007,stb_A040_t008,analysis_A040_t008,decision_A040_t008,fill_A040_t008,ltb_A040_t008,buy,22,191600.0,0.0,filled
RN_COMM_ON,2026-03-05,8,pm,005930,A042,ltb_A042_t007,stb_A042_t008,analysis_A042_t008,decision_A042_t008,fill_A042_t008,ltb_A042_t008,buy,169,191600.0,0.0,filled
RN_COMM_ON,2026-03-05,8,pm,005930,A043,ltb_A043_t007,stb_A043_t008,analysis_A043_t008,decision_A043_t008,fill_A043_t008,ltb_A043_t008,buy,814,191600.0,0.0,filled
RN_COMM_ON,2026-03-05,8,pm,005930,A044,ltb_A044_t007,stb_A044_t008,analysis_A044_t008,decision_A044_t008,fill_A044_t008,ltb_A044_t008,buy,100,191600.0,0.0,filled
RN_COMM_ON,2026-03-05,8,pm,005930,A045,ltb_A045_t007,stb_A045_t008,analysis_A045_t008,decision_A045_t008,fill_A045_t008,ltb_A045_t008,buy,107,191600.0,0.0,filled
RN_COMM_ON,2026-03-05,8,pm,005930,A047,ltb_A047_t007,stb_A047_t008,analysis_A047_t008,decision_A047_t008,fill_A047_t008,ltb_A047_t008,buy,32,191600.0,0.0,filled
RN_COMM_ON,2026-03-05,8,pm,005930,A048,ltb_A048_t007,stb_A048_t008,analysis_A048_t008,decision_A048_t008,fill_A048_t008,ltb_A048_t008,buy,100,191600.0,0.0,filled
RN_COMM_ON,2026-03-05,8,pm,005930,A049,ltb_A049_t007,stb_A049_t008,analysis_A049_t008,decision_A049_t008,fill_A049_t008,ltb_A049_t008,buy,50,191600.0,0.0,filled
RN_COMM_ON,2026-03-05,8,pm,005930,A050,ltb_A050_t007,stb_A050_t008,analysis_A050_t008,decision_A050_t008,fill_A050_t008,ltb_A050_t008,buy,100,191600.0,0.0,filled
RN_COMM_ON,2026-03-05,8,pm,005930,A053,ltb_A053_t007,stb_A053_t008,analysis_A053_t008,decision_A053_t008,fill_A053_t008,ltb_A053_t008,buy,21,191600.0,0.0,filled
RN_COMM_ON,2026-03-05,8,pm,005930,A054,ltb_A054_t007,stb_A054_t008,analysis_A054_t008,decision_A054_t008,fill_A054_t008,ltb_A054_t008,buy,100,191600.0,0.0,filled
RN_COMM_ON,2026-03-05,8,pm,005930,A055,ltb_A055_t007,stb_A055_t008,analysis_A055_t008,decision_A055_t008,fill_A055_t008,ltb_A055_t008,buy,100,191600.0,0.0,filled
RN_COMM_ON,2026-03-05,8,pm,005930,A057,ltb_A057_t007,stb_A057_t008,analysis_A057_t008,decision_A057_t008,fill_A057_t008,ltb_A057_t008,buy,50,191600.0,0.0,filled
RN_COMM_ON,2026-03-05,8,pm,005930,A058,ltb_A058_t007,stb_A058_t008,analysis_A058_t008,decision_A058_t008,fill_A058_t008,ltb_A058_t008,buy,182,191600.0,0.0,filled
RN_COMM_ON,2026-03-05,8,pm,005930,A060,ltb_A060_t007,stb_A060_t008,analysis_A060_t008,decision_A060_t008,fill_A060_t008,ltb_A060_t008,buy,100,191600.0,0.0,filled
RN_COMM_ON,2026-03-05,8,pm,005930,A061,ltb_A061_t007,stb_A061_t008,analysis_A061_t008,decision_A061_t008,fill_A061_t008,ltb_A061_t008,buy,30,191600.0,0.0,filled
RN_COMM_ON,2026-03-05,8,pm,005930,A062,ltb_A062_t007,stb_A062_t008,analysis_A062_t008,decision_A062_t008,fill_A062_t008,ltb_A062_t008,buy,100,191600.0,0.0,filled
RN_COMM_ON,2026-03-05,8,pm,005930,A063,ltb_A063_t007,stb_A063_t008,analysis_A063_t008,decision_A063_t008,fill_A063_t008,ltb_A063_t008,buy,1500,191600.0,0.0,filled
RN_COMM_ON,2026-03-05,8,pm,005930,A065,ltb_A065_t007,stb_A065_t008,analysis_A065_t008,decision_A065_t008,fill_A065_t008,ltb_A065_t008,buy,40,191600.0,0.0,filled
RN_COMM_ON,2026-03-05,8,pm,005930,A066,ltb_A066_t007,stb_A066_t008,analysis_A066_t008,decision_A066_t008,fill_A066_t008,ltb_A066_t008,buy,17,191600.0,0.0,filled
RN_COMM_ON,2026-03-05,8,pm,005930,A067,ltb_A067_t007,stb_A067_t008,analysis_A067_t008,decision_A067_t008,fill_A067_t008,ltb_A067_t008,buy,50,191600.0,0.0,filled
RN_COMM_ON,2026-03-05,8,pm,005930,A068,ltb_A068_t007,stb_A068_t008,analysis_A068_t008,decision_A068_t008,fill_A068_t008,ltb_A068_t008,buy,50,191600.0,0.0,filled
RN_COMM_ON,2026-03-05,8,pm,005930,A069,ltb_A069_t007,stb_A069_t008,analysis_A069_t008,decision_A069_t008,fill_A069_t008,ltb_A069_t008,buy,5,191600.0,0.0,filled
RN_COMM_ON,2026-03-05,8,pm,005930,A070,ltb_A070_t007,stb_A070_t008,analysis_A070_t008,decision_A070_t008,fill_A070_t008,ltb_A070_t008,buy,100,191600.0,0.0,filled
RN_COMM_ON,2026-03-05,8,pm,005930,A071,ltb_A071_t007,stb_A071_t008,analysis_A071_t008,decision_A071_t008,fill_A071_t008,ltb_A071_t008,buy,500,191600.0,0.0,filled
RN_COMM_ON,2026-03-05,8,pm,005930,A072,ltb_A072_t007,stb_A072_t008,analysis_A072_t008,decision_A072_t008,fill_A072_t008,ltb_A072_t008,buy,30,191600.0,0.0,filled
RN_COMM_ON,2026-03-05,8,pm,005930,A074,ltb_A074_t007,stb_A074_t008,analysis_A074_t008,decision_A074_t008,fill_A074_t008,ltb_A074_t008,buy,127,191600.0,0.0,filled
RN_COMM_ON,2026-03-05,8,pm,005930,A076,ltb_A076_t007,stb_A076_t008,analysis_A076_t008,decision_A076_t008,fill_A076_t008,ltb_A076_t008,buy,249,191600.0,0.0,filled
RN_COMM_ON,2026-03-05,8,pm,005930,A077,ltb_A077_t007,stb_A077_t008,analysis_A077_t008,decision_A077_t008,fill_A077_t008,ltb_A077_t008,buy,50,191600.0,0.0,filled
RN_COMM_ON,2026-03-05,8,pm,005930,A078,ltb_A078_t007,stb_A078_t008,analysis_A078_t008,decision_A078_t008,fill_A078_t008,ltb_A078_t008,buy,50,191600.0,0.0,filled
RN_COMM_ON,2026-03-05,8,pm,005930,A079,ltb_A079_t007,stb_A079_t008,analysis_A079_t008,decision_A079_t008,fill_A079_t008,ltb_A079_t008,buy,150,191600.0,0.0,filled
RN_COMM_ON,2026-03-05,8,pm,005930,A080,ltb_A080_t007,stb_A080_t008,analysis_A080_t008,decision_A080_t008,fill_A080_t008,ltb_A080_t008,buy,1270,191600.0,0.0,filled
RN_COMM_ON,2026-03-05,8,pm,005930,A081,ltb_A081_t007,stb_A081_t008,analysis_A081_t008,decision_A081_t008,fill_A081_t008,ltb_A081_t008,buy,50,191600.0,0.0,filled
RN_COMM_ON,2026-03-05,8,pm,005930,A082,ltb_A082_t007,stb_A082_t008,analysis_A082_t008,decision_A082_t008,fill_A082_t008,ltb_A082_t008,buy,1000,191600.0,0.0,filled
RN_COMM_ON,2026-03-05,8,pm,005930,A084,ltb_A084_t007,stb_A084_t008,analysis_A084_t008,decision_A084_t008,fill_A084_t008,ltb_A084_t008,buy,50,191600.0,0.0,filled
RN_COMM_ON,2026-03-05,8,pm,005930,A086,ltb_A086_t007,stb_A086_t008,analysis_A086_t008,decision_A086_t008,fill_A086_t008,ltb_A086_t008,buy,2,191600.0,0.0,filled
RN_COMM_ON,2026-03-05,8,pm,005930,A087,ltb_A087_t007,stb_A087_t008,analysis_A087_t008,decision_A087_t008,fill_A087_t008,ltb_A087_t008,buy,2000,191600.0,0.0,filled
RN_COMM_ON,2026-03-05,8,pm,005930,A090,ltb_A090_t007,stb_A090_t008,analysis_A090_t008,decision_A090_t008,fill_A090_t008,ltb_A090_t008,buy,150,191600.0,0.0,filled
RN_COMM_ON,2026-03-05,8,pm,005930,A092,ltb_A092_t007,stb_A092_t008,analysis_A092_t008,decision_A092_t008,fill_A092_t008,ltb_A092_t008,buy,58,191600.0,0.0,filled
RN_COMM_ON,2026-03-05,8,pm,005930,A095,ltb_A095_t007,stb_A095_t008,analysis_A095_t008,decision_A095_t008,fill_A095_t008,ltb_A095_t008,buy,50,191600.0,0.0,filled
RN_COMM_ON,2026-03-05,8,pm,005930,A096,ltb_A096_t007,stb_A096_t008,analysis_A096_t008,decision_A096_t008,fill_A096_t008,ltb_A096_t008,buy,100,191600.0,0.0,filled
RN_COMM_ON,2026-03-05,8,pm,005930,A097,ltb_A097_t007,stb_A097_t008,analysis_A097_t008,decision_A097_t008,fill_A097_t008,ltb_A097_t008,buy,221,191600.0,0.0,filled
RN_COMM_ON,2026-03-05,8,pm,005930,A098,ltb_A098_t007,stb_A098_t008,analysis_A098_t008,decision_A098_t008,fill_A098_t008,ltb_A098_t008,buy,27,191600.0,0.0,filled
RN_COMM_ON,2026-03-05,8,pm,005930,A099,ltb_A099_t007,stb_A099_t008,analysis_A099_t008,decision_A099_t008,fill_A099_t008,ltb_A099_t008,buy,20,191600.0,0.0,filled
RN_COMM_ON,2026-03-05,8,pm,005930,A100,ltb_A100_t007,stb_A100_t008,analysis_A100_t008,decision_A100_t008,fill_A100_t008,ltb_A100_t008,buy,50,191600.0,0.0,filled
RN_COMM_ON,2026-03-05,8,pm,005930,A003,ltb_A003_t007,stb_A003_t008,analysis_A003_t008,decision_A003_t008,fill_A003_t008,ltb_A003_t008,sell,100,191600.0,0.0,filled
RN_COMM_ON,2026-03-05,8,pm,005930,A006,ltb_A006_t007,stb_A006_t008,analysis_A006_t008,decision_A006_t008,fill_A006_t008,ltb_A006_t008,sell,100,191600.0,0.0,filled
RN_COMM_ON,2026-03-05,8,pm,005930,A016,ltb_A016_t007,stb_A016_t008,analysis_A016_t008,decision_A016_t008,fill_A016_t008,ltb_A016_t008,sell,100,191600.0,0.0,filled
RN_COMM_ON,2026-03-05,8,pm,005930,A021,ltb_A021_t007,stb_A021_t008,analysis_A021_t008,decision_A021_t008,fill_A021_t008,ltb_A021_t008,sell,100,191600.0,0.0,filled
RN_COMM_ON,2026-03-05,8,pm,005930,A029,ltb_A029_t007,stb_A029_t008,analysis_A029_t008,decision_A029_t008,fill_A029_t008,ltb_A029_t008,sell,100,191600.0,0.0,filled
RN_COMM_ON,2026-03-05,8,pm,005930,A030,ltb_A030_t007,stb_A030_t008,analysis_A030_t008,decision_A030_t008,fill_A030_t008,ltb_A030_t008,sell,100,191600.0,0.0,filled
RN_COMM_ON,2026-03-05,8,pm,005930,A033,ltb_A033_t007,stb_A033_t008,analysis_A033_t008,decision_A033_t008,fill_A033_t008,ltb_A033_t008,sell,100,191600.0,0.0,filled
RN_COMM_ON,2026-03-05,8,pm,005930,A036,ltb_A036_t007,stb_A036_t008,analysis_A036_t008,decision_A036_t008,fill_A036_t008,ltb_A036_t008,sell,100,191600.0,0.0,filled
RN_COMM_ON,2026-03-05,8,pm,005930,A041,ltb_A041_t007,stb_A041_t008,analysis_A041_t008,decision_A041_t008,fill_A041_t008,ltb_A041_t008,sell,100,191600.0,0.0,filled
RN_COMM_ON,2026-03-05,8,pm,005930,A046,ltb_A046_t007,stb_A046_t008,analysis_A046_t008,decision_A046_t008,fill_A046_t008,ltb_A046_t008,sell,100,191600.0,0.0,filled
RN_COMM_ON,2026-03-05,8,pm,005930,A051,ltb_A051_t007,stb_A051_t008,analysis_A051_t008,decision_A051_t008,fill_A051_t008,ltb_A051_t008,sell,100,191600.0,0.0,filled
RN_COMM_ON,2026-03-05,8,pm,005930,A052,ltb_A052_t007,stb_A052_t008,analysis_A052_t008,decision_A052_t008,fill_A052_t008,ltb_A052_t008,sell,600,191600.0,0.0,filled
RN_COMM_ON,2026-03-05,8,pm,005930,A056,ltb_A056_t007,stb_A056_t008,analysis_A056_t008,decision_A056_t008,fill_A056_t008,ltb_A056_t008,sell,1000,191600.0,0.0,filled
RN_COMM_ON,2026-03-05,8,pm,005930,A059,ltb_A059_t007,stb_A059_t008,analysis_A059_t008,decision_A059_t008,fill_A059_t008,ltb_A059_t008,sell,50,191600.0,0.0,filled
RN_COMM_ON,2026-03-05,8,pm,005930,A064,ltb_A064_t007,stb_A064_t008,analysis_A064_t008,decision_A064_t008,fill_A064_t008,ltb_A064_t008,sell,100,191600.0,0.0,filled
RN_COMM_ON,2026-03-05,8,pm,005930,A073,ltb_A073_t007,stb_A073_t008,analysis_A073_t008,decision_A073_t008,fill_A073_t008,ltb_A073_t008,sell,100,191600.0,0.0,filled
RN_COMM_ON,2026-03-05,8,pm,005930,A075,ltb_A075_t007,stb_A075_t008,analysis_A075_t008,decision_A075_t008,fill_A075_t008,ltb_A075_t008,sell,100,191600.0,0.0,filled
RN_COMM_ON,2026-03-05,8,pm,005930,A083,ltb_A083_t007,stb_A083_t008,analysis_A083_t008,decision_A083_t008,fill_A083_t008,ltb_A083_t008,sell,50,191600.0,0.0,filled
RN_COMM_ON,2026-03-05,8,pm,005930,A085,ltb_A085_t007,stb_A085_t008,analysis_A085_t008,decision_A085_t008,fill_A085_t008,ltb_A085_t008,sell,100,191600.0,0.0,filled
RN_COMM_ON,2026-03-05,8,pm,005930,A088,ltb_A088_t007,stb_A088_t008,analysis_A088_t008,decision_A088_t008,fill_A088_t008,ltb_A088_t008,sell,100,191600.0,0.0,filled
RN_COMM_ON,2026-03-05,8,pm,005930,A089,ltb_A089_t007,stb_A089_t008,analysis_A089_t008,decision_A089_t008,fill_A089_t008,ltb_A089_t008,sell,150,191600.0,0.0,filled
RN_COMM_ON,2026-03-05,8,pm,005930,A091,ltb_A091_t007,stb_A091_t008,analysis_A091_t008,decision_A091_t008,fill_A091_t008,ltb_A091_t008,sell,100,191600.0,0.0,filled
RN_COMM_ON,2026-03-05,8,pm,005930,A093,ltb_A093_t007,stb_A093_t008,analysis_A093_t008,decision_A093_t008,fill_A093_t008,ltb_A093_t008,sell,300,191600.0,0.0,filled
RN_COMM_ON,2026-03-05,8,pm,005930,A094,ltb_A094_t007,stb_A094_t008,analysis_A094_t008,decision_A094_t008,fill_A094_t008,ltb_A094_t008,sell,100,191600.0,0.0,filled
RN_COMM_ON,2026-03-06,9,am,005930,A001,ltb_A001_t008,stb_A001_t009,analysis_A001_t009,decision_A001_t009,fill_A001_t009,ltb_A001_t009,buy,40,186100.0,0.0,filled
RN_COMM_ON,2026-03-06,9,am,005930,A002,ltb_A002_t008,stb_A002_t009,analysis_A002_t009,decision_A002_t009,fill_A002_t009,ltb_A002_t009,buy,100,186100.0,0.0,filled
RN_COMM_ON,2026-03-06,9,am,005930,A006,ltb_A006_t008,stb_A006_t009,analysis_A006_t009,decision_A006_t009,fill_A006_t009,ltb_A006_t009,buy,200,186100.0,0.0,filled
RN_COMM_ON,2026-03-06,9,am,005930,A007,ltb_A007_t008,stb_A007_t009,analysis_A007_t009,decision_A007_t009,fill_A007_t009,ltb_A007_t009,buy,77,186100.0,0.0,filled
RN_COMM_ON,2026-03-06,9,am,005930,A009,ltb_A009_t008,stb_A009_t009,analysis_A009_t009,decision_A009_t009,fill_A009_t009,ltb_A009_t009,buy,100,186100.0,0.0,filled
RN_COMM_ON,2026-03-06,9,am,005930,A010,ltb_A010_t008,stb_A010_t009,analysis_A010_t009,decision_A010_t009,fill_A010_t009,ltb_A010_t009,buy,9,186100.0,0.0,filled
RN_COMM_ON,2026-03-06,9,am,005930,A011,ltb_A011_t008,stb_A011_t009,analysis_A011_t009,decision_A011_t009,fill_A011_t009,ltb_A011_t009,buy,191,186100.0,0.0,filled
RN_COMM_ON,2026-03-06,9,am,005930,A012,ltb_A012_t008,stb_A012_t009,analysis_A012_t009,decision_A012_t009,fill_A012_t009,ltb_A012_t009,buy,4,186100.0,0.0,filled
RN_COMM_ON,2026-03-06,9,am,005930,A013,ltb_A013_t008,stb_A013_t009,analysis_A013_t009,decision_A013_t009,fill_A013_t009,ltb_A013_t009,buy,4,186100.0,0.0,filled
RN_COMM_ON,2026-03-06,9,am,005930,A015,ltb_A015_t008,stb_A015_t009,analysis_A015_t009,decision_A015_t009,fill_A015_t009,ltb_A015_t009,buy,7,186100.0,0.0,filled
RN_COMM_ON,2026-03-06,9,am,005930,A016,ltb_A016_t008,stb_A016_t009,analysis_A016_t009,decision_A016_t009,fill_A016_t009,ltb_A016_t009,buy,50,186100.0,0.0,filled
RN_COMM_ON,2026-03-06,9,am,005930,A017,ltb_A017_t008,stb_A017_t009,analysis_A017_t009,decision_A017_t009,fill_A017_t009,ltb_A017_t009,buy,20,186100.0,0.0,filled
RN_COMM_ON,2026-03-06,9,am,005930,A018,ltb_A018_t008,stb_A018_t009,analysis_A018_t009,decision_A018_t009,fill_A018_t009,ltb_A018_t009,buy,60,186100.0,0.0,filled
RN_COMM_ON,2026-03-06,9,am,005930,A019,ltb_A019_t008,stb_A019_t009,analysis_A019_t009,decision_A019_t009,fill_A019_t009,ltb_A019_t009,buy,31,186100.0,0.0,filled
RN_COMM_ON,2026-03-06,9,am,005930,A020,ltb_A020_t008,stb_A020_t009,analysis_A020_t009,decision_A020_t009,fill_A020_t009,ltb_A020_t009,buy,63,186100.0,0.0,filled
RN_COMM_ON,2026-03-06,9,am,005930,A021,ltb_A021_t008,stb_A021_t009,analysis_A021_t009,decision_A021_t009,fill_A021_t009,ltb_A021_t009,buy,100,186100.0,0.0,filled
RN_COMM_ON,2026-03-06,9,am,005930,A023,ltb_A023_t008,stb_A023_t009,analysis_A023_t009,decision_A023_t009,fill_A023_t009,ltb_A023_t009,buy,9,186100.0,0.0,filled
RN_COMM_ON,2026-03-06,9,am,005930,A026,ltb_A026_t008,stb_A026_t009,analysis_A026_t009,decision_A026_t009,fill_A026_t009,ltb_A026_t009,buy,67,186100.0,0.0,filled
RN_COMM_ON,2026-03-06,9,am,005930,A027,ltb_A027_t008,stb_A027_t009,analysis_A027_t009,decision_A027_t009,fill_A027_t009,ltb_A027_t009,buy,50,186100.0,0.0,filled
RN_COMM_ON,2026-03-06,9,am,005930,A028,ltb_A028_t008,stb_A028_t009,analysis_A028_t009,decision_A028_t009,fill_A028_t009,ltb_A028_t009,buy,44,186100.0,0.0,filled
RN_COMM_ON,2026-03-06,9,am,005930,A029,ltb_A029_t008,stb_A029_t009,analysis_A029_t009,decision_A029_t009,fill_A029_t009,ltb_A029_t009,buy,100,186100.0,0.0,filled
RN_COMM_ON,2026-03-06,9,am,005930,A030,ltb_A030_t008,stb_A030_t009,analysis_A030_t009,decision_A030_t009,fill_A030_t009,ltb_A030_t009,buy,100,186100.0,0.0,filled
RN_COMM_ON,2026-03-06,9,am,005930,A031,ltb_A031_t008,stb_A031_t009,analysis_A031_t009,decision_A031_t009,fill_A031_t009,ltb_A031_t009,buy,30,186100.0,0.0,filled
RN_COMM_ON,2026-03-06,9,am,005930,A032,ltb_A032_t008,stb_A032_t009,analysis_A032_t009,decision_A032_t009,fill_A032_t009,ltb_A032_t009,buy,19,186100.0,0.0,filled
RN_COMM_ON,2026-03-06,9,am,005930,A034,ltb_A034_t008,stb_A034_t009,analysis_A034_t009,decision_A034_t009,fill_A034_t009,ltb_A034_t009,buy,5,186100.0,0.0,filled
RN_COMM_ON,2026-03-06,9,am,005930,A035,ltb_A035_t008,stb_A035_t009,analysis_A035_t009,decision_A035_t009,fill_A035_t009,ltb_A035_t009,buy,50,186100.0,0.0,filled
RN_COMM_ON,2026-03-06,9,am,005930,A037,ltb_A037_t008,stb_A037_t009,analysis_A037_t009,decision_A037_t009,fill_A037_t009,ltb_A037_t009,buy,100,186100.0,0.0,filled
RN_COMM_ON,2026-03-06,9,am,005930,A039,ltb_A039_t008,stb_A039_t009,analysis_A039_t009,decision_A039_t009,fill_A039_t009,ltb_A039_t009,buy,947,186100.0,0.0,filled
RN_COMM_ON,2026-03-06,9,am,005930,A040,ltb_A040_t008,stb_A040_t009,analysis_A040_t009,decision_A040_t009,fill_A040_t009,ltb_A040_t009,buy,11,186100.0,0.0,filled
RN_COMM_ON,2026-03-06,9,am,005930,A041,ltb_A041_t008,stb_A041_t009,analysis_A041_t009,decision_A041_t009,fill_A041_t009,ltb_A041_t009,buy,145,186100.0,0.0,filled
RN_COMM_ON,2026-03-06,9,am,005930,A042,ltb_A042_t008,stb_A042_t009,analysis_A042_t009,decision_A042_t009,fill_A042_t009,ltb_A042_t009,buy,87,186100.0,0.0,filled
RN_COMM_ON,2026-03-06,9,am,005930,A043,ltb_A043_t008,stb_A043_t009,analysis_A043_t009,decision_A043_t009,fill_A043_t009,ltb_A043_t009,buy,200,186100.0,0.0,filled
RN_COMM_ON,2026-03-06,9,am,005930,A044,ltb_A044_t008,stb_A044_t009,analysis_A044_t009,decision_A044_t009,fill_A044_t009,ltb_A044_t009,buy,100,186100.0,0.0,filled
RN_COMM_ON,2026-03-06,9,am,005930,A046,ltb_A046_t008,stb_A046_t009,analysis_A046_t009,decision_A046_t009,fill_A046_t009,ltb_A046_t009,buy,150,186100.0,0.0,filled
RN_COMM_ON,2026-03-06,9,am,005930,A047,ltb_A047_t008,stb_A047_t009,analysis_A047_t009,decision_A047_t009,fill_A047_t009,ltb_A047_t009,buy,16,186100.0,0.0,filled
RN_COMM_ON,2026-03-06,9,am,005930,A048,ltb_A048_t008,stb_A048_t009,analysis_A048_t009,decision_A048_t009,fill_A048_t009,ltb_A048_t009,buy,100,186100.0,0.0,filled
RN_COMM_ON,2026-03-06,9,am,005930,A049,ltb_A049_t008,stb_A049_t009,analysis_A049_t009,decision_A049_t009,fill_A049_t009,ltb_A049_t009,buy,30,186100.0,0.0,filled
RN_COMM_ON,2026-03-06,9,am,005930,A050,ltb_A050_t008,stb_A050_t009,analysis_A050_t009,decision_A050_t009,fill_A050_t009,ltb_A050_t009,buy,55,186100.0,0.0,filled
RN_COMM_ON,2026-03-06,9,am,005930,A051,ltb_A051_t008,stb_A051_t009,analysis_A051_t009,decision_A051_t009,fill_A051_t009,ltb_A051_t009,buy,50,186100.0,0.0,filled
RN_COMM_ON,2026-03-06,9,am,005930,A052,ltb_A052_t008,stb_A052_t009,analysis_A052_t009,decision_A052_t009,fill_A052_t009,ltb_A052_t009,buy,500,186100.0,0.0,filled
RN_COMM_ON,2026-03-06,9,am,005930,A053,ltb_A053_t008,stb_A053_t009,analysis_A053_t009,decision_A053_t009,fill_A053_t009,ltb_A053_t009,buy,11,186100.0,0.0,filled
RN_COMM_ON,2026-03-06,9,am,005930,A056,ltb_A056_t008,stb_A056_t009,analysis_A056_t009,decision_A056_t009,fill_A056_t009,ltb_A056_t009,buy,500,186100.0,0.0,filled
RN_COMM_ON,2026-03-06,9,am,005930,A057,ltb_A057_t008,stb_A057_t009,analysis_A057_t009,decision_A057_t009,fill_A057_t009,ltb_A057_t009,buy,83,186100.0,0.0,filled
RN_COMM_ON,2026-03-06,9,am,005930,A058,ltb_A058_t008,stb_A058_t009,analysis_A058_t009,decision_A058_t009,fill_A058_t009,ltb_A058_t009,buy,47,186100.0,0.0,filled
RN_COMM_ON,2026-03-06,9,am,005930,A059,ltb_A059_t008,stb_A059_t009,analysis_A059_t009,decision_A059_t009,fill_A059_t009,ltb_A059_t009,buy,100,186100.0,0.0,filled
RN_COMM_ON,2026-03-06,9,am,005930,A060,ltb_A060_t008,stb_A060_t009,analysis_A060_t009,decision_A060_t009,fill_A060_t009,ltb_A060_t009,buy,83,186100.0,0.0,filled
RN_COMM_ON,2026-03-06,9,am,005930,A061,ltb_A061_t008,stb_A061_t009,analysis_A061_t009,decision_A061_t009,fill_A061_t009,ltb_A061_t009,buy,47,186100.0,0.0,filled
RN_COMM_ON,2026-03-06,9,am,005930,A063,ltb_A063_t008,stb_A063_t009,analysis_A063_t009,decision_A063_t009,fill_A063_t009,ltb_A063_t009,buy,1000,186100.0,0.0,filled
RN_COMM_ON,2026-03-06,9,am,005930,A064,ltb_A064_t008,stb_A064_t009,analysis_A064_t009,decision_A064_t009,fill_A064_t009,ltb_A064_t009,buy,50,186100.0,0.0,filled
RN_COMM_ON,2026-03-06,9,am,005930,A065,ltb_A065_t008,stb_A065_t009,analysis_A065_t009,decision_A065_t009,fill_A065_t009,ltb_A065_t009,buy,20,186100.0,0.0,filled
RN_COMM_ON,2026-03-06,9,am,005930,A066,ltb_A066_t008,stb_A066_t009,analysis_A066_t009,decision_A066_t009,fill_A066_t009,ltb_A066_t009,buy,8,186100.0,0.0,filled
RN_COMM_ON,2026-03-06,9,am,005930,A067,ltb_A067_t008,stb_A067_t009,analysis_A067_t009,decision_A067_t009,fill_A067_t009,ltb_A067_t009,buy,50,186100.0,0.0,filled
RN_COMM_ON,2026-03-06,9,am,005930,A069,ltb_A069_t008,stb_A069_t009,analysis_A069_t009,decision_A069_t009,fill_A069_t009,ltb_A069_t009,buy,2,186100.0,0.0,filled
RN_COMM_ON,2026-03-06,9,am,005930,A071,ltb_A071_t008,stb_A071_t009,analysis_A071_t009,decision_A071_t009,fill_A071_t009,ltb_A071_t009,buy,400,186100.0,0.0,filled
RN_COMM_ON,2026-03-06,9,am,005930,A072,ltb_A072_t008,stb_A072_t009,analysis_A072_t009,decision_A072_t009,fill_A072_t009,ltb_A072_t009,buy,16,186100.0,0.0,filled
RN_COMM_ON,2026-03-06,9,am,005930,A073,ltb_A073_t008,stb_A073_t009,analysis_A073_t009,decision_A073_t009,fill_A073_t009,ltb_A073_t009,buy,50,186100.0,0.0,filled
RN_COMM_ON,2026-03-06,9,am,005930,A074,ltb_A074_t008,stb_A074_t009,analysis_A074_t009,decision_A074_t009,fill_A074_t009,ltb_A074_t009,buy,65,186100.0,0.0,filled
RN_COMM_ON,2026-03-06,9,am,005930,A075,ltb_A075_t008,stb_A075_t009,analysis_A075_t009,decision_A075_t009,fill_A075_t009,ltb_A075_t009,buy,100,186100.0,0.0,filled
RN_COMM_ON,2026-03-06,9,am,005930,A077,ltb_A077_t008,stb_A077_t009,analysis_A077_t009,decision_A077_t009,fill_A077_t009,ltb_A077_t009,buy,40,186100.0,0.0,filled
RN_COMM_ON,2026-03-06,9,am,005930,A078,ltb_A078_t008,stb_A078_t009,analysis_A078_t009,decision_A078_t009,fill_A078_t009,ltb_A078_t009,buy,50,186100.0,0.0,filled
RN_COMM_ON,2026-03-06,9,am,005930,A079,ltb_A079_t008,stb_A079_t009,analysis_A079_t009,decision_A079_t009,fill_A079_t009,ltb_A079_t009,buy,100,186100.0,0.0,filled
RN_COMM_ON,2026-03-06,9,am,005930,A080,ltb_A080_t008,stb_A080_t009,analysis_A080_t009,decision_A080_t009,fill_A080_t009,ltb_A080_t009,buy,1961,186100.0,0.0,filled
RN_COMM_ON,2026-03-06,9,am,005930,A081,ltb_A081_t008,stb_A081_t009,analysis_A081_t009,decision_A081_t009,fill_A081_t009,ltb_A081_t009,buy,10,186100.0,0.0,filled
RN_COMM_ON,2026-03-06,9,am,005930,A082,ltb_A082_t008,stb_A082_t009,analysis_A082_t009,decision_A082_t009,fill_A082_t009,ltb_A082_t009,buy,500,186100.0,0.0,filled
RN_COMM_ON,2026-03-06,9,am,005930,A083,ltb_A083_t008,stb_A083_t009,analysis_A083_t009,decision_A083_t009,fill_A083_t009,ltb_A083_t009,buy,10,186100.0,0.0,filled
RN_COMM_ON,2026-03-06,9,am,005930,A085,ltb_A085_t008,stb_A085_t009,analysis_A085_t009,decision_A085_t009,fill_A085_t009,ltb_A085_t009,buy,100,186100.0,0.0,filled
RN_COMM_ON,2026-03-06,9,am,005930,A086,ltb_A086_t008,stb_A086_t009,analysis_A086_t009,decision_A086_t009,fill_A086_t009,ltb_A086_t009,buy,1,186100.0,0.0,filled
RN_COMM_ON,2026-03-06,9,am,005930,A089,ltb_A089_t008,stb_A089_t009,analysis_A089_t009,decision_A089_t009,fill_A089_t009,ltb_A089_t009,buy,100,186100.0,0.0,filled
RN_COMM_ON,2026-03-06,9,am,005930,A090,ltb_A090_t008,stb_A090_t009,analysis_A090_t009,decision_A090_t009,fill_A090_t009,ltb_A090_t009,buy,100,186100.0,0.0,filled
RN_COMM_ON,2026-03-06,9,am,005930,A092,ltb_A092_t008,stb_A092_t009,analysis_A092_t009,decision_A092_t009,fill_A092_t009,ltb_A092_t009,buy,30,186100.0,0.0,filled
RN_COMM_ON,2026-03-06,9,am,005930,A093,ltb_A093_t008,stb_A093_t009,analysis_A093_t009,decision_A093_t009,fill_A093_t009,ltb_A093_t009,buy,140,186100.0,0.0,filled
RN_COMM_ON,2026-03-06,9,am,005930,A094,ltb_A094_t008,stb_A094_t009,analysis_A094_t009,decision_A094_t009,fill_A094_t009,ltb_A094_t009,buy,100,186100.0,0.0,filled
RN_COMM_ON,2026-03-06,9,am,005930,A095,ltb_A095_t008,stb_A095_t009,analysis_A095_t009,decision_A095_t009,fill_A095_t009,ltb_A095_t009,buy,75,186100.0,0.0,filled
RN_COMM_ON,2026-03-06,9,am,005930,A097,ltb_A097_t008,stb_A097_t009,analysis_A097_t009,decision_A097_t009,fill_A097_t009,ltb_A097_t009,buy,114,186100.0,0.0,filled
RN_COMM_ON,2026-03-06,9,am,005930,A099,ltb_A099_t008,stb_A099_t009,analysis_A099_t009,decision_A099_t009,fill_A099_t009,ltb_A099_t009,buy,10,186100.0,0.0,filled
RN_COMM_ON,2026-03-06,9,am,005930,A003,ltb_A003_t008,stb_A003_t009,analysis_A003_t009,decision_A003_t009,fill_A003_t009,ltb_A003_t009,sell,100,186100.0,0.0,filled
RN_COMM_ON,2026-03-06,9,am,005930,A004,ltb_A004_t008,stb_A004_t009,analysis_A004_t009,decision_A004_t009,fill_A004_t009,ltb_A004_t009,sell,100,186100.0,0.0,filled
RN_COMM_ON,2026-03-06,9,am,005930,A005,ltb_A005_t008,stb_A005_t009,analysis_A005_t009,decision_A005_t009,fill_A005_t009,ltb_A005_t009,sell,4,186100.0,0.0,filled
RN_COMM_ON,2026-03-06,9,am,005930,A008,ltb_A008_t008,stb_A008_t009,analysis_A008_t009,decision_A008_t009,fill_A008_t009,ltb_A008_t009,sell,100,186100.0,0.0,filled
RN_COMM_ON,2026-03-06,9,am,005930,A014,ltb_A014_t008,stb_A014_t009,analysis_A014_t009,decision_A014_t009,fill_A014_t009,ltb_A014_t009,sell,100,186100.0,0.0,filled
RN_COMM_ON,2026-03-06,9,am,005930,A022,ltb_A022_t008,stb_A022_t009,analysis_A022_t009,decision_A022_t009,fill_A022_t009,ltb_A022_t009,sell,100,186100.0,0.0,filled
RN_COMM_ON,2026-03-06,9,am,005930,A024,ltb_A024_t008,stb_A024_t009,analysis_A024_t009,decision_A024_t009,fill_A024_t009,ltb_A024_t009,sell,200,186100.0,0.0,filled
RN_COMM_ON,2026-03-06,9,am,005930,A025,ltb_A025_t008,stb_A025_t009,analysis_A025_t009,decision_A025_t009,fill_A025_t009,ltb_A025_t009,sell,100,186100.0,0.0,filled
RN_COMM_ON,2026-03-06,9,am,005930,A033,ltb_A033_t008,stb_A033_t009,analysis_A033_t009,decision_A033_t009,fill_A033_t009,ltb_A033_t009,sell,100,186100.0,0.0,filled
RN_COMM_ON,2026-03-06,9,am,005930,A036,ltb_A036_t008,stb_A036_t009,analysis_A036_t009,decision_A036_t009,fill_A036_t009,ltb_A036_t009,sell,100,186100.0,0.0,filled
RN_COMM_ON,2026-03-06,9,am,005930,A038,ltb_A038_t008,stb_A038_t009,analysis_A038_t009,decision_A038_t009,fill_A038_t009,ltb_A038_t009,sell,100,186100.0,0.0,filled
RN_COMM_ON,2026-03-06,9,am,005930,A045,ltb_A045_t008,stb_A045_t009,analysis_A045_t009,decision_A045_t009,fill_A045_t009,ltb_A045_t009,sell,100,186100.0,0.0,filled
RN_COMM_ON,2026-03-06,9,am,005930,A054,ltb_A054_t008,stb_A054_t009,analysis_A054_t009,decision_A054_t009,fill_A054_t009,ltb_A054_t009,sell,100,186100.0,0.0,filled
RN_COMM_ON,2026-03-06,9,am,005930,A055,ltb_A055_t008,stb_A055_t009,analysis_A055_t009,decision_A055_t009,fill_A055_t009,ltb_A055_t009,sell,100,186100.0,0.0,filled
RN_COMM_ON,2026-03-06,9,am,005930,A062,ltb_A062_t008,stb_A062_t009,analysis_A062_t009,decision_A062_t009,fill_A062_t009,ltb_A062_t009,sell,100,186100.0,0.0,filled
RN_COMM_ON,2026-03-06,9,am,005930,A068,ltb_A068_t008,stb_A068_t009,analysis_A068_t009,decision_A068_t009,fill_A068_t009,ltb_A068_t009,sell,400,186100.0,0.0,filled
RN_COMM_ON,2026-03-06,9,am,005930,A070,ltb_A070_t008,stb_A070_t009,analysis_A070_t009,decision_A070_t009,fill_A070_t009,ltb_A070_t009,sell,100,186100.0,0.0,filled
RN_COMM_ON,2026-03-06,9,am,005930,A076,ltb_A076_t008,stb_A076_t009,analysis_A076_t009,decision_A076_t009,fill_A076_t009,ltb_A076_t009,sell,100,186100.0,0.0,filled
RN_COMM_ON,2026-03-06,9,am,005930,A084,ltb_A084_t008,stb_A084_t009,analysis_A084_t009,decision_A084_t009,fill_A084_t009,ltb_A084_t009,sell,100,186100.0,0.0,filled
RN_COMM_ON,2026-03-06,9,am,005930,A087,ltb_A087_t008,stb_A087_t009,analysis_A087_t009,decision_A087_t009,fill_A087_t009,ltb_A087_t009,sell,2000,186100.0,0.0,filled
RN_COMM_ON,2026-03-06,9,am,005930,A088,ltb_A088_t008,stb_A088_t009,analysis_A088_t009,decision_A088_t009,fill_A088_t009,ltb_A088_t009,sell,100,186100.0,0.0,filled
RN_COMM_ON,2026-03-06,9,am,005930,A091,ltb_A091_t008,stb_A091_t009,analysis_A091_t009,decision_A091_t009,fill_A091_t009,ltb_A091_t009,sell,100,186100.0,0.0,filled
RN_COMM_ON,2026-03-06,9,am,005930,A096,ltb_A096_t008,stb_A096_t009,analysis_A096_t009,decision_A096_t009,fill_A096_t009,ltb_A096_t009,sell,100,186100.0,0.0,filled
RN_COMM_ON,2026-03-06,9,am,005930,A098,ltb_A098_t008,stb_A098_t009,analysis_A098_t009,decision_A098_t009,fill_A098_t009,ltb_A098_t009,sell,100,186100.0,0.0,filled
RN_COMM_ON,2026-03-06,9,am,005930,A100,ltb_A100_t008,stb_A100_t009,analysis_A100_t009,decision_A100_t009,fill_A100_t009,ltb_A100_t009,sell,100,186100.0,0.0,filled
RN_COMM_ON,2026-03-06,10,pm,005930,A003,ltb_A003_t009,stb_A003_t010,analysis_A003_t010,decision_A003_t010,fill_A003_t010,ltb_A003_t010,buy,50,188200.0,0.0,filled
RN_COMM_ON,2026-03-06,10,pm,005930,A005,ltb_A005_t009,stb_A005_t010,analysis_A005_t010,decision_A005_t010,fill_A005_t010,ltb_A005_t010,buy,6,188200.0,0.0,filled
RN_COMM_ON,2026-03-06,10,pm,005930,A006,ltb_A006_t009,stb_A006_t010,analysis_A006_t010,decision_A006_t010,fill_A006_t010,ltb_A006_t010,buy,100,188200.0,0.0,filled
RN_COMM_ON,2026-03-06,10,pm,005930,A007,ltb_A007_t009,stb_A007_t010,analysis_A007_t010,decision_A007_t010,fill_A007_t010,ltb_A007_t010,buy,20,188200.0,0.0,filled
RN_COMM_ON,2026-03-06,10,pm,005930,A008,ltb_A008_t009,stb_A008_t010,analysis_A008_t010,decision_A008_t010,fill_A008_t010,ltb_A008_t010,buy,50,188200.0,0.0,filled
RN_COMM_ON,2026-03-06,10,pm,005930,A010,ltb_A010_t009,stb_A010_t010,analysis_A010_t010,decision_A010_t010,fill_A010_t010,ltb_A010_t010,buy,4,188200.0,0.0,filled
RN_COMM_ON,2026-03-06,10,pm,005930,A011,ltb_A011_t009,stb_A011_t010,analysis_A011_t010,decision_A011_t010,fill_A011_t010,ltb_A011_t010,buy,47,188200.0,0.0,filled
RN_COMM_ON,2026-03-06,10,pm,005930,A012,ltb_A012_t009,stb_A012_t010,analysis_A012_t010,decision_A012_t010,fill_A012_t010,ltb_A012_t010,buy,2,188200.0,0.0,filled
RN_COMM_ON,2026-03-06,10,pm,005930,A013,ltb_A013_t009,stb_A013_t010,analysis_A013_t010,decision_A013_t010,fill_A013_t010,ltb_A013_t010,buy,2,188200.0,0.0,filled
RN_COMM_ON,2026-03-06,10,pm,005930,A015,ltb_A015_t009,stb_A015_t010,analysis_A015_t010,decision_A015_t010,fill_A015_t010,ltb_A015_t010,buy,4,188200.0,0.0,filled
RN_COMM_ON,2026-03-06,10,pm,005930,A016,ltb_A016_t009,stb_A016_t010,analysis_A016_t010,decision_A016_t010,fill_A016_t010,ltb_A016_t010,buy,40,188200.0,0.0,filled
RN_COMM_ON,2026-03-06,10,pm,005930,A019,ltb_A019_t009,stb_A019_t010,analysis_A019_t010,decision_A019_t010,fill_A019_t010,ltb_A019_t010,buy,16,188200.0,0.0,filled
RN_COMM_ON,2026-03-06,10,pm,005930,A024,ltb_A024_t009,stb_A024_t010,analysis_A024_t010,decision_A024_t010,fill_A024_t010,ltb_A024_t010,buy,200,188200.0,0.0,filled
RN_COMM_ON,2026-03-06,10,pm,005930,A025,ltb_A025_t009,stb_A025_t010,analysis_A025_t010,decision_A025_t010,fill_A025_t010,ltb_A025_t010,buy,100,188200.0,0.0,filled
RN_COMM_ON,2026-03-06,10,pm,005930,A026,ltb_A026_t009,stb_A026_t010,analysis_A026_t010,decision_A026_t010,fill_A026_t010,ltb_A026_t010,buy,33,188200.0,0.0,filled
RN_COMM_ON,2026-03-06,10,pm,005930,A031,ltb_A031_t009,stb_A031_t010,analysis_A031_t010,decision_A031_t010,fill_A031_t010,ltb_A031_t010,buy,45,188200.0,0.0,filled
RN_COMM_ON,2026-03-06,10,pm,005930,A032,ltb_A032_t009,stb_A032_t010,analysis_A032_t010,decision_A032_t010,fill_A032_t010,ltb_A032_t010,buy,9,188200.0,0.0,filled
RN_COMM_ON,2026-03-06,10,pm,005930,A033,ltb_A033_t009,stb_A033_t010,analysis_A033_t010,decision_A033_t010,fill_A033_t010,ltb_A033_t010,buy,158,188200.0,0.0,filled
RN_COMM_ON,2026-03-06,10,pm,005930,A034,ltb_A034_t009,stb_A034_t010,analysis_A034_t010,decision_A034_t010,fill_A034_t010,ltb_A034_t010,buy,3,188200.0,0.0,filled
RN_COMM_ON,2026-03-06,10,pm,005930,A036,ltb_A036_t009,stb_A036_t010,analysis_A036_t010,decision_A036_t010,fill_A036_t010,ltb_A036_t010,buy,50,188200.0,0.0,filled
RN_COMM_ON,2026-03-06,10,pm,005930,A037,ltb_A037_t009,stb_A037_t010,analysis_A037_t010,decision_A037_t010,fill_A037_t010,ltb_A037_t010,buy,50,188200.0,0.0,filled
RN_COMM_ON,2026-03-06,10,pm,005930,A038,ltb_A038_t009,stb_A038_t010,analysis_A038_t010,decision_A038_t010,fill_A038_t010,ltb_A038_t010,buy,100,188200.0,0.0,filled
RN_COMM_ON,2026-03-06,10,pm,005930,A041,ltb_A041_t009,stb_A041_t010,analysis_A041_t010,decision_A041_t010,fill_A041_t010,ltb_A041_t010,buy,40,188200.0,0.0,filled
RN_COMM_ON,2026-03-06,10,pm,005930,A042,ltb_A042_t009,stb_A042_t010,analysis_A042_t010,decision_A042_t010,fill_A042_t010,ltb_A042_t010,buy,20,188200.0,0.0,filled
RN_COMM_ON,2026-03-06,10,pm,005930,A045,ltb_A045_t009,stb_A045_t010,analysis_A045_t010,decision_A045_t010,fill_A045_t010,ltb_A045_t010,buy,50,188200.0,0.0,filled
RN_COMM_ON,2026-03-06,10,pm,005930,A046,ltb_A046_t009,stb_A046_t010,analysis_A046_t010,decision_A046_t010,fill_A046_t010,ltb_A046_t010,buy,100,188200.0,0.0,filled
RN_COMM_ON,2026-03-06,10,pm,005930,A048,ltb_A048_t009,stb_A048_t010,analysis_A048_t010,decision_A048_t010,fill_A048_t010,ltb_A048_t010,buy,40,188200.0,0.0,filled
RN_COMM_ON,2026-03-06,10,pm,005930,A049,ltb_A049_t009,stb_A049_t010,analysis_A049_t010,decision_A049_t010,fill_A049_t010,ltb_A049_t010,buy,23,188200.0,0.0,filled
RN_COMM_ON,2026-03-06,10,pm,005930,A051,ltb_A051_t009,stb_A051_t010,analysis_A051_t010,decision_A051_t010,fill_A051_t010,ltb_A051_t010,buy,50,188200.0,0.0,filled
RN_COMM_ON,2026-03-06,10,pm,005930,A052,ltb_A052_t009,stb_A052_t010,analysis_A052_t010,decision_A052_t010,fill_A052_t010,ltb_A052_t010,buy,500,188200.0,0.0,filled
RN_COMM_ON,2026-03-06,10,pm,005930,A056,ltb_A056_t009,stb_A056_t010,analysis_A056_t010,decision_A056_t010,fill_A056_t010,ltb_A056_t010,buy,900,188200.0,0.0,filled
RN_COMM_ON,2026-03-06,10,pm,005930,A057,ltb_A057_t009,stb_A057_t010,analysis_A057_t010,decision_A057_t010,fill_A057_t010,ltb_A057_t010,buy,20,188200.0,0.0,filled
RN_COMM_ON,2026-03-06,10,pm,005930,A059,ltb_A059_t009,stb_A059_t010,analysis_A059_t010,decision_A059_t010,fill_A059_t010,ltb_A059_t010,buy,100,188200.0,0.0,filled
RN_COMM_ON,2026-03-06,10,pm,005930,A060,ltb_A060_t009,stb_A060_t010,analysis_A060_t010,decision_A060_t010,fill_A060_t010,ltb_A060_t010,buy,20,188200.0,0.0,filled
RN_COMM_ON,2026-03-06,10,pm,005930,A061,ltb_A061_t009,stb_A061_t010,analysis_A061_t010,decision_A061_t010,fill_A061_t010,ltb_A061_t010,buy,24,188200.0,0.0,filled
RN_COMM_ON,2026-03-06,10,pm,005930,A063,ltb_A063_t009,stb_A063_t010,analysis_A063_t010,decision_A063_t010,fill_A063_t010,ltb_A063_t010,buy,1000,188200.0,0.0,filled
RN_COMM_ON,2026-03-06,10,pm,005930,A064,ltb_A064_t009,stb_A064_t010,analysis_A064_t010,decision_A064_t010,fill_A064_t010,ltb_A064_t010,buy,50,188200.0,0.0,filled
RN_COMM_ON,2026-03-06,10,pm,005930,A065,ltb_A065_t009,stb_A065_t010,analysis_A065_t010,decision_A065_t010,fill_A065_t010,ltb_A065_t010,buy,40,188200.0,0.0,filled
RN_COMM_ON,2026-03-06,10,pm,005930,A066,ltb_A066_t009,stb_A066_t010,analysis_A066_t010,decision_A066_t010,fill_A066_t010,ltb_A066_t010,buy,4,188200.0,0.0,filled
RN_COMM_ON,2026-03-06,10,pm,005930,A068,ltb_A068_t009,stb_A068_t010,analysis_A068_t010,decision_A068_t010,fill_A068_t010,ltb_A068_t010,buy,150,188200.0,0.0,filled
RN_COMM_ON,2026-03-06,10,pm,005930,A069,ltb_A069_t009,stb_A069_t010,analysis_A069_t010,decision_A069_t010,fill_A069_t010,ltb_A069_t010,buy,1,188200.0,0.0,filled
RN_COMM_ON,2026-03-06,10,pm,005930,A071,ltb_A071_t009,stb_A071_t010,analysis_A071_t010,decision_A071_t010,fill_A071_t010,ltb_A071_t010,buy,300,188200.0,0.0,filled
RN_COMM_ON,2026-03-06,10,pm,005930,A074,ltb_A074_t009,stb_A074_t010,analysis_A074_t010,decision_A074_t010,fill_A074_t010,ltb_A074_t010,buy,32,188200.0,0.0,filled
RN_COMM_ON,2026-03-06,10,pm,005930,A075,ltb_A075_t009,stb_A075_t010,analysis_A075_t010,decision_A075_t010,fill_A075_t010,ltb_A075_t010,buy,50,188200.0,0.0,filled
RN_COMM_ON,2026-03-06,10,pm,005930,A076,ltb_A076_t009,stb_A076_t010,analysis_A076_t010,decision_A076_t010,fill_A076_t010,ltb_A076_t010,buy,100,188200.0,0.0,filled
RN_COMM_ON,2026-03-06,10,pm,005930,A077,ltb_A077_t009,stb_A077_t010,analysis_A077_t010,decision_A077_t010,fill_A077_t010,ltb_A077_t010,buy,30,188200.0,0.0,filled
RN_COMM_ON,2026-03-06,10,pm,005930,A078,ltb_A078_t009,stb_A078_t010,analysis_A078_t010,decision_A078_t010,fill_A078_t010,ltb_A078_t010,buy,40,188200.0,0.0,filled
RN_COMM_ON,2026-03-06,10,pm,005930,A079,ltb_A079_t009,stb_A079_t010,analysis_A079_t010,decision_A079_t010,fill_A079_t010,ltb_A079_t010,buy,50,188200.0,0.0,filled
RN_COMM_ON,2026-03-06,10,pm,005930,A081,ltb_A081_t009,stb_A081_t010,analysis_A081_t010,decision_A081_t010,fill_A081_t010,ltb_A081_t010,buy,20,188200.0,0.0,filled
RN_COMM_ON,2026-03-06,10,pm,005930,A083,ltb_A083_t009,stb_A083_t010,analysis_A083_t010,decision_A083_t010,fill_A083_t010,ltb_A083_t010,buy,50,188200.0,0.0,filled
RN_COMM_ON,2026-03-06,10,pm,005930,A084,ltb_A084_t009,stb_A084_t010,analysis_A084_t010,decision_A084_t010,fill_A084_t010,ltb_A084_t010,buy,50,188200.0,0.0,filled
RN_COMM_ON,2026-03-06,10,pm,005930,A086,ltb_A086_t009,stb_A086_t010,analysis_A086_t010,decision_A086_t010,fill_A086_t010,ltb_A086_t010,buy,1,188200.0,0.0,filled
RN_COMM_ON,2026-03-06,10,pm,005930,A087,ltb_A087_t009,stb_A087_t010,analysis_A087_t010,decision_A087_t010,fill_A087_t010,ltb_A087_t010,buy,1000,188200.0,0.0,filled
RN_COMM_ON,2026-03-06,10,pm,005930,A089,ltb_A089_t009,stb_A089_t010,analysis_A089_t010,decision_A089_t010,fill_A089_t010,ltb_A089_t010,buy,100,188200.0,0.0,filled
RN_COMM_ON,2026-03-06,10,pm,005930,A091,ltb_A091_t009,stb_A091_t010,analysis_A091_t010,decision_A091_t010,fill_A091_t010,ltb_A091_t010,buy,100,188200.0,0.0,filled
RN_COMM_ON,2026-03-06,10,pm,005930,A094,ltb_A094_t009,stb_A094_t010,analysis_A094_t010,decision_A094_t010,fill_A094_t010,ltb_A094_t010,buy,50,188200.0,0.0,filled
RN_COMM_ON,2026-03-06,10,pm,005930,A100,ltb_A100_t009,stb_A100_t010,analysis_A100_t010,decision_A100_t010,fill_A100_t010,ltb_A100_t010,buy,100,188200.0,0.0,filled
RN_COMM_ON,2026-03-06,10,pm,005930,A001,ltb_A001_t009,stb_A001_t010,analysis_A001_t010,decision_A001_t010,fill_A001_t010,ltb_A001_t010,sell,100,188200.0,0.0,filled
RN_COMM_ON,2026-03-06,10,pm,005930,A002,ltb_A002_t009,stb_A002_t010,analysis_A002_t010,decision_A002_t010,fill_A002_t010,ltb_A002_t010,sell,100,188200.0,0.0,filled
RN_COMM_ON,2026-03-06,10,pm,005930,A004,ltb_A004_t009,stb_A004_t010,analysis_A004_t010,decision_A004_t010,fill_A004_t010,ltb_A004_t010,sell,100,188200.0,0.0,filled
RN_COMM_ON,2026-03-06,10,pm,005930,A009,ltb_A009_t009,stb_A009_t010,analysis_A009_t010,decision_A009_t010,fill_A009_t010,ltb_A009_t010,sell,100,188200.0,0.0,filled
RN_COMM_ON,2026-03-06,10,pm,005930,A014,ltb_A014_t009,stb_A014_t010,analysis_A014_t010,decision_A014_t010,fill_A014_t010,ltb_A014_t010,sell,100,188200.0,0.0,filled
RN_COMM_ON,2026-03-06,10,pm,005930,A017,ltb_A017_t009,stb_A017_t010,analysis_A017_t010,decision_A017_t010,fill_A017_t010,ltb_A017_t010,sell,100,188200.0,0.0,filled
RN_COMM_ON,2026-03-06,10,pm,005930,A018,ltb_A018_t009,stb_A018_t010,analysis_A018_t010,decision_A018_t010,fill_A018_t010,ltb_A018_t010,sell,200,188200.0,0.0,filled
RN_COMM_ON,2026-03-06,10,pm,005930,A020,ltb_A020_t009,stb_A020_t010,analysis_A020_t010,decision_A020_t010,fill_A020_t010,ltb_A020_t010,sell,100,188200.0,0.0,filled
RN_COMM_ON,2026-03-06,10,pm,005930,A021,ltb_A021_t009,stb_A021_t010,analysis_A021_t010,decision_A021_t010,fill_A021_t010,ltb_A021_t010,sell,100,188200.0,0.0,filled
RN_COMM_ON,2026-03-06,10,pm,005930,A022,ltb_A022_t009,stb_A022_t010,analysis_A022_t010,decision_A022_t010,fill_A022_t010,ltb_A022_t010,sell,100,188200.0,0.0,filled
RN_COMM_ON,2026-03-06,10,pm,005930,A023,ltb_A023_t009,stb_A023_t010,analysis_A023_t010,decision_A023_t010,fill_A023_t010,ltb_A023_t010,sell,4,188200.0,0.0,filled
RN_COMM_ON,2026-03-06,10,pm,005930,A027,ltb_A027_t009,stb_A027_t010,analysis_A027_t010,decision_A027_t010,fill_A027_t010,ltb_A027_t010,sell,350,188200.0,0.0,filled
RN_COMM_ON,2026-03-06,10,pm,005930,A028,ltb_A028_t009,stb_A028_t010,analysis_A028_t010,decision_A028_t010,fill_A028_t010,ltb_A028_t010,sell,100,188200.0,0.0,filled
RN_COMM_ON,2026-03-06,10,pm,005930,A029,ltb_A029_t009,stb_A029_t010,analysis_A029_t010,decision_A029_t010,fill_A029_t010,ltb_A029_t010,sell,50,188200.0,0.0,filled
RN_COMM_ON,2026-03-06,10,pm,005930,A030,ltb_A030_t009,stb_A030_t010,analysis_A030_t010,decision_A030_t010,fill_A030_t010,ltb_A030_t010,sell,50,188200.0,0.0,filled
RN_COMM_ON,2026-03-06,10,pm,005930,A035,ltb_A035_t009,stb_A035_t010,analysis_A035_t010,decision_A035_t010,fill_A035_t010,ltb_A035_t010,sell,50,188200.0,0.0,filled
RN_COMM_ON,2026-03-06,10,pm,005930,A039,ltb_A039_t009,stb_A039_t010,analysis_A039_t010,decision_A039_t010,fill_A039_t010,ltb_A039_t010,sell,3985,188200.0,0.0,filled
RN_COMM_ON,2026-03-06,10,pm,005930,A040,ltb_A040_t009,stb_A040_t010,analysis_A040_t010,decision_A040_t010,fill_A040_t010,ltb_A040_t010,sell,100,188200.0,0.0,filled
RN_COMM_ON,2026-03-06,10,pm,005930,A043,ltb_A043_t009,stb_A043_t010,analysis_A043_t010,decision_A043_t010,fill_A043_t010,ltb_A043_t010,sell,1000,188200.0,0.0,filled
RN_COMM_ON,2026-03-06,10,pm,005930,A044,ltb_A044_t009,stb_A044_t010,analysis_A044_t010,decision_A044_t010,fill_A044_t010,ltb_A044_t010,sell,300,188200.0,0.0,filled
RN_COMM_ON,2026-03-06,10,pm,005930,A047,ltb_A047_t009,stb_A047_t010,analysis_A047_t010,decision_A047_t010,fill_A047_t010,ltb_A047_t010,sell,10,188200.0,0.0,filled
RN_COMM_ON,2026-03-06,10,pm,005930,A050,ltb_A050_t009,stb_A050_t010,analysis_A050_t010,decision_A050_t010,fill_A050_t010,ltb_A050_t010,sell,100,188200.0,0.0,filled
RN_COMM_ON,2026-03-06,10,pm,005930,A053,ltb_A053_t009,stb_A053_t010,analysis_A053_t010,decision_A053_t010,fill_A053_t010,ltb_A053_t010,sell,100,188200.0,0.0,filled
RN_COMM_ON,2026-03-06,10,pm,005930,A054,ltb_A054_t009,stb_A054_t010,analysis_A054_t010,decision_A054_t010,fill_A054_t010,ltb_A054_t010,sell,200,188200.0,0.0,filled
RN_COMM_ON,2026-03-06,10,pm,005930,A055,ltb_A055_t009,stb_A055_t010,analysis_A055_t010,decision_A055_t010,fill_A055_t010,ltb_A055_t010,sell,100,188200.0,0.0,filled
RN_COMM_ON,2026-03-06,10,pm,005930,A058,ltb_A058_t009,stb_A058_t010,analysis_A058_t010,decision_A058_t010,fill_A058_t010,ltb_A058_t010,sell,100,188200.0,0.0,filled
RN_COMM_ON,2026-03-06,10,pm,005930,A062,ltb_A062_t009,stb_A062_t010,analysis_A062_t010,decision_A062_t010,fill_A062_t010,ltb_A062_t010,sell,100,188200.0,0.0,filled
RN_COMM_ON,2026-03-06,10,pm,005930,A067,ltb_A067_t009,stb_A067_t010,analysis_A067_t010,decision_A067_t010,fill_A067_t010,ltb_A067_t010,sell,100,188200.0,0.0,filled
RN_COMM_ON,2026-03-06,10,pm,005930,A070,ltb_A070_t009,stb_A070_t010,analysis_A070_t010,decision_A070_t010,fill_A070_t010,ltb_A070_t010,sell,100,188200.0,0.0,filled
RN_COMM_ON,2026-03-06,10,pm,005930,A072,ltb_A072_t009,stb_A072_t010,analysis_A072_t010,decision_A072_t010,fill_A072_t010,ltb_A072_t010,sell,491,188200.0,0.0,filled
RN_COMM_ON,2026-03-06,10,pm,005930,A073,ltb_A073_t009,stb_A073_t010,analysis_A073_t010,decision_A073_t010,fill_A073_t010,ltb_A073_t010,sell,100,188200.0,0.0,filled
RN_COMM_ON,2026-03-06,10,pm,005930,A080,ltb_A080_t009,stb_A080_t010,analysis_A080_t010,decision_A080_t010,fill_A080_t010,ltb_A080_t010,sell,1000,188200.0,0.0,filled
RN_COMM_ON,2026-03-06,10,pm,005930,A082,ltb_A082_t009,stb_A082_t010,analysis_A082_t010,decision_A082_t010,fill_A082_t010,ltb_A082_t010,sell,1600,188200.0,0.0,filled
RN_COMM_ON,2026-03-06,10,pm,005930,A085,ltb_A085_t009,stb_A085_t010,analysis_A085_t010,decision_A085_t010,fill_A085_t010,ltb_A085_t010,sell,50,188200.0,0.0,filled
RN_COMM_ON,2026-03-06,10,pm,005930,A088,ltb_A088_t009,stb_A088_t010,analysis_A088_t010,decision_A088_t010,fill_A088_t010,ltb_A088_t010,sell,100,188200.0,0.0,filled
RN_COMM_ON,2026-03-06,10,pm,005930,A090,ltb_A090_t009,stb_A090_t010,analysis_A090_t010,decision_A090_t010,fill_A090_t010,ltb_A090_t010,sell,100,188200.0,0.0,filled
RN_COMM_ON,2026-03-06,10,pm,005930,A092,ltb_A092_t009,stb_A092_t010,analysis_A092_t010,decision_A092_t010,fill_A092_t010,ltb_A092_t010,sell,100,188200.0,0.0,filled
RN_COMM_ON,2026-03-06,10,pm,005930,A093,ltb_A093_t009,stb_A093_t010,analysis_A093_t010,decision_A093_t010,fill_A093_t010,ltb_A093_t010,sell,140,188200.0,0.0,filled
RN_COMM_ON,2026-03-06,10,pm,005930,A095,ltb_A095_t009,stb_A095_t010,analysis_A095_t010,decision_A095_t010,fill_A095_t010,ltb_A095_t010,sell,100,188200.0,0.0,filled
RN_COMM_ON,2026-03-06,10,pm,005930,A096,ltb_A096_t009,stb_A096_t010,analysis_A096_t010,decision_A096_t010,fill_A096_t010,ltb_A096_t010,sell,200,188200.0,0.0,filled
RN_COMM_ON,2026-03-06,10,pm,005930,A097,ltb_A097_t009,stb_A097_t010,analysis_A097_t010,decision_A097_t010,fill_A097_t010,ltb_A097_t010,sell,5019,188200.0,0.0,filled
RN_COMM_ON,2026-03-06,10,pm,005930,A098,ltb_A098_t009,stb_A098_t010,analysis_A098_t010,decision_A098_t010,fill_A098_t010,ltb_A098_t010,sell,100,188200.0,0.0,filled
RN_COMM_ON,2026-03-06,10,pm,005930,A099,ltb_A099_t009,stb_A099_t010,analysis_A099_t010,decision_A099_t010,fill_A099_t010,ltb_A099_t010,sell,5,188200.0,0.0,filled
RN_COMM_ON,2026-03-09,11,am,005930,A001,ltb_A001_t010,stb_A001_t011,analysis_A001_t011,decision_A001_t011,fill_A001_t011,ltb_A001_t011,buy,62,173500.0,0.0,filled
RN_COMM_ON,2026-03-09,11,am,005930,A002,ltb_A002_t010,stb_A002_t011,analysis_A002_t011,decision_A002_t011,fill_A002_t011,ltb_A002_t011,buy,100,173500.0,0.0,filled
RN_COMM_ON,2026-03-09,11,am,005930,A007,ltb_A007_t010,stb_A007_t011,analysis_A007_t011,decision_A007_t011,fill_A007_t011,ltb_A007_t011,buy,15,173500.0,0.0,filled
RN_COMM_ON,2026-03-09,11,am,005930,A011,ltb_A011_t010,stb_A011_t011,analysis_A011_t011,decision_A011_t011,fill_A011_t011,ltb_A011_t011,buy,77,173500.0,0.0,filled
RN_COMM_ON,2026-03-09,11,am,005930,A013,ltb_A013_t010,stb_A013_t011,analysis_A013_t011,decision_A013_t011,fill_A013_t011,ltb_A013_t011,buy,1,173500.0,0.0,filled
RN_COMM_ON,2026-03-09,11,am,005930,A014,ltb_A014_t010,stb_A014_t011,analysis_A014_t011,decision_A014_t011,fill_A014_t011,ltb_A014_t011,buy,100,173500.0,0.0,filled
RN_COMM_ON,2026-03-09,11,am,005930,A015,ltb_A015_t010,stb_A015_t011,analysis_A015_t011,decision_A015_t011,fill_A015_t011,ltb_A015_t011,buy,2,173500.0,0.0,filled
RN_COMM_ON,2026-03-09,11,am,005930,A016,ltb_A016_t010,stb_A016_t011,analysis_A016_t011,decision_A016_t011,fill_A016_t011,ltb_A016_t011,buy,20,173500.0,0.0,filled
RN_COMM_ON,2026-03-09,11,am,005930,A018,ltb_A018_t010,stb_A018_t011,analysis_A018_t011,decision_A018_t011,fill_A018_t011,ltb_A018_t011,buy,100,173500.0,0.0,filled
RN_COMM_ON,2026-03-09,11,am,005930,A019,ltb_A019_t010,stb_A019_t011,analysis_A019_t011,decision_A019_t011,fill_A019_t011,ltb_A019_t011,buy,8,173500.0,0.0,filled
RN_COMM_ON,2026-03-09,11,am,005930,A020,ltb_A020_t010,stb_A020_t011,analysis_A020_t011,decision_A020_t011,fill_A020_t011,ltb_A020_t011,buy,50,173500.0,0.0,filled
RN_COMM_ON,2026-03-09,11,am,005930,A021,ltb_A021_t010,stb_A021_t011,analysis_A021_t011,decision_A021_t011,fill_A021_t011,ltb_A021_t011,buy,100,173500.0,0.0,filled
RN_COMM_ON,2026-03-09,11,am,005930,A022,ltb_A022_t010,stb_A022_t011,analysis_A022_t011,decision_A022_t011,fill_A022_t011,ltb_A022_t011,buy,100,173500.0,0.0,filled
RN_COMM_ON,2026-03-09,11,am,005930,A023,ltb_A023_t010,stb_A023_t011,analysis_A023_t011,decision_A023_t011,fill_A023_t011,ltb_A023_t011,buy,7,173500.0,0.0,filled
RN_COMM_ON,2026-03-09,11,am,005930,A026,ltb_A026_t010,stb_A026_t011,analysis_A026_t011,decision_A026_t011,fill_A026_t011,ltb_A026_t011,buy,10,173500.0,0.0,filled
RN_COMM_ON,2026-03-09,11,am,005930,A027,ltb_A027_t010,stb_A027_t011,analysis_A027_t011,decision_A027_t011,fill_A027_t011,ltb_A027_t011,buy,100,173500.0,0.0,filled
RN_COMM_ON,2026-03-09,11,am,005930,A030,ltb_A030_t010,stb_A030_t011,analysis_A030_t011,decision_A030_t011,fill_A030_t011,ltb_A030_t011,buy,50,173500.0,0.0,filled
RN_COMM_ON,2026-03-09,11,am,005930,A031,ltb_A031_t010,stb_A031_t011,analysis_A031_t011,decision_A031_t011,fill_A031_t011,ltb_A031_t011,buy,20,173500.0,0.0,filled
RN_COMM_ON,2026-03-09,11,am,005930,A032,ltb_A032_t010,stb_A032_t011,analysis_A032_t011,decision_A032_t011,fill_A032_t011,ltb_A032_t011,buy,5,173500.0,0.0,filled
RN_COMM_ON,2026-03-09,11,am,005930,A033,ltb_A033_t010,stb_A033_t011,analysis_A033_t011,decision_A033_t011,fill_A033_t011,ltb_A033_t011,buy,42,173500.0,0.0,filled
RN_COMM_ON,2026-03-09,11,am,005930,A034,ltb_A034_t010,stb_A034_t011,analysis_A034_t011,decision_A034_t011,fill_A034_t011,ltb_A034_t011,buy,1,173500.0,0.0,filled
RN_COMM_ON,2026-03-09,11,am,005930,A037,ltb_A037_t010,stb_A037_t011,analysis_A037_t011,decision_A037_t011,fill_A037_t011,ltb_A037_t011,buy,50,173500.0,0.0,filled
RN_COMM_ON,2026-03-09,11,am,005930,A038,ltb_A038_t010,stb_A038_t011,analysis_A038_t011,decision_A038_t011,fill_A038_t011,ltb_A038_t011,buy,50,173500.0,0.0,filled
RN_COMM_ON,2026-03-09,11,am,005930,A039,ltb_A039_t010,stb_A039_t011,analysis_A039_t011,decision_A039_t011,fill_A039_t011,ltb_A039_t011,buy,2000,173500.0,0.0,filled
RN_COMM_ON,2026-03-09,11,am,005930,A044,ltb_A044_t010,stb_A044_t011,analysis_A044_t011,decision_A044_t011,fill_A044_t011,ltb_A044_t011,buy,100,173500.0,0.0,filled
RN_COMM_ON,2026-03-09,11,am,005930,A049,ltb_A049_t010,stb_A049_t011,analysis_A049_t011,decision_A049_t011,fill_A049_t011,ltb_A049_t011,buy,37,173500.0,0.0,filled
RN_COMM_ON,2026-03-09,11,am,005930,A051,ltb_A051_t010,stb_A051_t011,analysis_A051_t011,decision_A051_t011,fill_A051_t011,ltb_A051_t011,buy,40,173500.0,0.0,filled
RN_COMM_ON,2026-03-09,11,am,005930,A054,ltb_A054_t010,stb_A054_t011,analysis_A054_t011,decision_A054_t011,fill_A054_t011,ltb_A054_t011,buy,100,173500.0,0.0,filled
RN_COMM_ON,2026-03-09,11,am,005930,A055,ltb_A055_t010,stb_A055_t011,analysis_A055_t011,decision_A055_t011,fill_A055_t011,ltb_A055_t011,buy,100,173500.0,0.0,filled
RN_COMM_ON,2026-03-09,11,am,005930,A056,ltb_A056_t010,stb_A056_t011,analysis_A056_t011,decision_A056_t011,fill_A056_t011,ltb_A056_t011,buy,513,173500.0,0.0,filled
RN_COMM_ON,2026-03-09,11,am,005930,A060,ltb_A060_t010,stb_A060_t011,analysis_A060_t011,decision_A060_t011,fill_A060_t011,ltb_A060_t011,buy,33,173500.0,0.0,filled
RN_COMM_ON,2026-03-09,11,am,005930,A061,ltb_A061_t010,stb_A061_t011,analysis_A061_t011,decision_A061_t011,fill_A061_t011,ltb_A061_t011,buy,13,173500.0,0.0,filled
RN_COMM_ON,2026-03-09,11,am,005930,A063,ltb_A063_t010,stb_A063_t011,analysis_A063_t011,decision_A063_t011,fill_A063_t011,ltb_A063_t011,buy,500,173500.0,0.0,filled
RN_COMM_ON,2026-03-09,11,am,005930,A065,ltb_A065_t010,stb_A065_t011,analysis_A065_t011,decision_A065_t011,fill_A065_t011,ltb_A065_t011,buy,27,173500.0,0.0,filled
RN_COMM_ON,2026-03-09,11,am,005930,A069,ltb_A069_t010,stb_A069_t011,analysis_A069_t011,decision_A069_t011,fill_A069_t011,ltb_A069_t011,buy,1,173500.0,0.0,filled
RN_COMM_ON,2026-03-09,11,am,005930,A072,ltb_A072_t010,stb_A072_t011,analysis_A072_t011,decision_A072_t011,fill_A072_t011,ltb_A072_t011,buy,200,173500.0,0.0,filled
RN_COMM_ON,2026-03-09,11,am,005930,A075,ltb_A075_t010,stb_A075_t011,analysis_A075_t011,decision_A075_t011,fill_A075_t011,ltb_A075_t011,buy,52,173500.0,0.0,filled
RN_COMM_ON,2026-03-09,11,am,005930,A076,ltb_A076_t010,stb_A076_t011,analysis_A076_t011,decision_A076_t011,fill_A076_t011,ltb_A076_t011,buy,137,173500.0,0.0,filled
RN_COMM_ON,2026-03-09,11,am,005930,A078,ltb_A078_t010,stb_A078_t011,analysis_A078_t011,decision_A078_t011,fill_A078_t011,ltb_A078_t011,buy,20,173500.0,0.0,filled
RN_COMM_ON,2026-03-09,11,am,005930,A079,ltb_A079_t010,stb_A079_t011,analysis_A079_t011,decision_A079_t011,fill_A079_t011,ltb_A079_t011,buy,100,173500.0,0.0,filled
RN_COMM_ON,2026-03-09,11,am,005930,A082,ltb_A082_t010,stb_A082_t011,analysis_A082_t011,decision_A082_t011,fill_A082_t011,ltb_A082_t011,buy,1000,173500.0,0.0,filled
RN_COMM_ON,2026-03-09,11,am,005930,A083,ltb_A083_t010,stb_A083_t011,analysis_A083_t011,decision_A083_t011,fill_A083_t011,ltb_A083_t011,buy,50,173500.0,0.0,filled
RN_COMM_ON,2026-03-09,11,am,005930,A084,ltb_A084_t010,stb_A084_t011,analysis_A084_t011,decision_A084_t011,fill_A084_t011,ltb_A084_t011,buy,110,173500.0,0.0,filled
RN_COMM_ON,2026-03-09,11,am,005930,A088,ltb_A088_t010,stb_A088_t011,analysis_A088_t011,decision_A088_t011,fill_A088_t011,ltb_A088_t011,buy,100,173500.0,0.0,filled
RN_COMM_ON,2026-03-09,11,am,005930,A093,ltb_A093_t010,stb_A093_t011,analysis_A093_t011,decision_A093_t011,fill_A093_t011,ltb_A093_t011,buy,100,173500.0,0.0,filled
RN_COMM_ON,2026-03-09,11,am,005930,A096,ltb_A096_t010,stb_A096_t011,analysis_A096_t011,decision_A096_t011,fill_A096_t011,ltb_A096_t011,buy,100,173500.0,0.0,filled
RN_COMM_ON,2026-03-09,11,am,005930,A097,ltb_A097_t010,stb_A097_t011,analysis_A097_t011,decision_A097_t011,fill_A097_t011,ltb_A097_t011,buy,1391,173500.0,0.0,filled
RN_COMM_ON,2026-03-09,11,am,005930,A099,ltb_A099_t010,stb_A099_t011,analysis_A099_t011,decision_A099_t011,fill_A099_t011,ltb_A099_t011,buy,8,173500.0,0.0,filled
RN_COMM_ON,2026-03-09,11,am,005930,A100,ltb_A100_t010,stb_A100_t011,analysis_A100_t011,decision_A100_t011,fill_A100_t011,ltb_A100_t011,buy,50,173500.0,0.0,filled
RN_COMM_ON,2026-03-09,11,am,005930,A003,ltb_A003_t010,stb_A003_t011,analysis_A003_t011,decision_A003_t011,fill_A003_t011,ltb_A003_t011,sell,100,173500.0,0.0,filled
RN_COMM_ON,2026-03-09,11,am,005930,A004,ltb_A004_t010,stb_A004_t011,analysis_A004_t011,decision_A004_t011,fill_A004_t011,ltb_A004_t011,sell,100,173500.0,0.0,filled
RN_COMM_ON,2026-03-09,11,am,005930,A005,ltb_A005_t010,stb_A005_t011,analysis_A005_t011,decision_A005_t011,fill_A005_t011,ltb_A005_t011,sell,100,173500.0,0.0,filled
RN_COMM_ON,2026-03-09,11,am,005930,A006,ltb_A006_t010,stb_A006_t011,analysis_A006_t011,decision_A006_t011,fill_A006_t011,ltb_A006_t011,sell,300,173500.0,0.0,filled
RN_COMM_ON,2026-03-09,11,am,005930,A008,ltb_A008_t010,stb_A008_t011,analysis_A008_t011,decision_A008_t011,fill_A008_t011,ltb_A008_t011,sell,100,173500.0,0.0,filled
RN_COMM_ON,2026-03-09,11,am,005930,A009,ltb_A009_t010,stb_A009_t011,analysis_A009_t011,decision_A009_t011,fill_A009_t011,ltb_A009_t011,sell,262,173500.0,0.0,filled
RN_COMM_ON,2026-03-09,11,am,005930,A010,ltb_A010_t010,stb_A010_t011,analysis_A010_t011,decision_A010_t011,fill_A010_t011,ltb_A010_t011,sell,100,173500.0,0.0,filled
RN_COMM_ON,2026-03-09,11,am,005930,A012,ltb_A012_t010,stb_A012_t011,analysis_A012_t011,decision_A012_t011,fill_A012_t011,ltb_A012_t011,sell,1,173500.0,0.0,filled
RN_COMM_ON,2026-03-09,11,am,005930,A017,ltb_A017_t010,stb_A017_t011,analysis_A017_t011,decision_A017_t011,fill_A017_t011,ltb_A017_t011,sell,100,173500.0,0.0,filled
RN_COMM_ON,2026-03-09,11,am,005930,A024,ltb_A024_t010,stb_A024_t011,analysis_A024_t011,decision_A024_t011,fill_A024_t011,ltb_A024_t011,sell,200,173500.0,0.0,filled
RN_COMM_ON,2026-03-09,11,am,005930,A025,ltb_A025_t010,stb_A025_t011,analysis_A025_t011,decision_A025_t011,fill_A025_t011,ltb_A025_t011,sell,200,173500.0,0.0,filled
RN_COMM_ON,2026-03-09,11,am,005930,A028,ltb_A028_t010,stb_A028_t011,analysis_A028_t011,decision_A028_t011,fill_A028_t011,ltb_A028_t011,sell,100,173500.0,0.0,filled
RN_COMM_ON,2026-03-09,11,am,005930,A029,ltb_A029_t010,stb_A029_t011,analysis_A029_t011,decision_A029_t011,fill_A029_t011,ltb_A029_t011,sell,181,173500.0,0.0,filled
RN_COMM_ON,2026-03-09,11,am,005930,A035,ltb_A035_t010,stb_A035_t011,analysis_A035_t011,decision_A035_t011,fill_A035_t011,ltb_A035_t011,sell,100,173500.0,0.0,filled
RN_COMM_ON,2026-03-09,11,am,005930,A036,ltb_A036_t010,stb_A036_t011,analysis_A036_t011,decision_A036_t011,fill_A036_t011,ltb_A036_t011,sell,100,173500.0,0.0,filled
RN_COMM_ON,2026-03-09,11,am,005930,A040,ltb_A040_t010,stb_A040_t011,analysis_A040_t011,decision_A040_t011,fill_A040_t011,ltb_A040_t011,sell,100,173500.0,0.0,filled
RN_COMM_ON,2026-03-09,11,am,005930,A041,ltb_A041_t010,stb_A041_t011,analysis_A041_t011,decision_A041_t011,fill_A041_t011,ltb_A041_t011,sell,100,173500.0,0.0,filled
RN_COMM_ON,2026-03-09,11,am,005930,A042,ltb_A042_t010,stb_A042_t011,analysis_A042_t011,decision_A042_t011,fill_A042_t011,ltb_A042_t011,sell,100,173500.0,0.0,filled
RN_COMM_ON,2026-03-09,11,am,005930,A043,ltb_A043_t010,stb_A043_t011,analysis_A043_t011,decision_A043_t011,fill_A043_t011,ltb_A043_t011,sell,1000,173500.0,0.0,filled
RN_COMM_ON,2026-03-09,11,am,005930,A045,ltb_A045_t010,stb_A045_t011,analysis_A045_t011,decision_A045_t011,fill_A045_t011,ltb_A045_t011,sell,100,173500.0,0.0,filled
RN_COMM_ON,2026-03-09,11,am,005930,A046,ltb_A046_t010,stb_A046_t011,analysis_A046_t011,decision_A046_t011,fill_A046_t011,ltb_A046_t011,sell,100,173500.0,0.0,filled
RN_COMM_ON,2026-03-09,11,am,005930,A047,ltb_A047_t010,stb_A047_t011,analysis_A047_t011,decision_A047_t011,fill_A047_t011,ltb_A047_t011,sell,100,173500.0,0.0,filled
RN_COMM_ON,2026-03-09,11,am,005930,A048,ltb_A048_t010,stb_A048_t011,analysis_A048_t011,decision_A048_t011,fill_A048_t011,ltb_A048_t011,sell,100,173500.0,0.0,filled
RN_COMM_ON,2026-03-09,11,am,005930,A050,ltb_A050_t010,stb_A050_t011,analysis_A050_t011,decision_A050_t011,fill_A050_t011,ltb_A050_t011,sell,355,173500.0,0.0,filled
RN_COMM_ON,2026-03-09,11,am,005930,A052,ltb_A052_t010,stb_A052_t011,analysis_A052_t011,decision_A052_t011,fill_A052_t011,ltb_A052_t011,sell,1600,173500.0,0.0,filled
RN_COMM_ON,2026-03-09,11,am,005930,A053,ltb_A053_t010,stb_A053_t011,analysis_A053_t011,decision_A053_t011,fill_A053_t011,ltb_A053_t011,sell,100,173500.0,0.0,filled
RN_COMM_ON,2026-03-09,11,am,005930,A057,ltb_A057_t010,stb_A057_t011,analysis_A057_t011,decision_A057_t011,fill_A057_t011,ltb_A057_t011,sell,100,173500.0,0.0,filled
RN_COMM_ON,2026-03-09,11,am,005930,A058,ltb_A058_t010,stb_A058_t011,analysis_A058_t011,decision_A058_t011,fill_A058_t011,ltb_A058_t011,sell,100,173500.0,0.0,filled
RN_COMM_ON,2026-03-09,11,am,005930,A059,ltb_A059_t010,stb_A059_t011,analysis_A059_t011,decision_A059_t011,fill_A059_t011,ltb_A059_t011,sell,100,173500.0,0.0,filled
RN_COMM_ON,2026-03-09,11,am,005930,A062,ltb_A062_t010,stb_A062_t011,analysis_A062_t011,decision_A062_t011,fill_A062_t011,ltb_A062_t011,sell,50,173500.0,0.0,filled
RN_COMM_ON,2026-03-09,11,am,005930,A064,ltb_A064_t010,stb_A064_t011,analysis_A064_t011,decision_A064_t011,fill_A064_t011,ltb_A064_t011,sell,100,173500.0,0.0,filled
RN_COMM_ON,2026-03-09,11,am,005930,A066,ltb_A066_t010,stb_A066_t011,analysis_A066_t011,decision_A066_t011,fill_A066_t011,ltb_A066_t011,sell,1,173500.0,0.0,filled
RN_COMM_ON,2026-03-09,11,am,005930,A067,ltb_A067_t010,stb_A067_t011,analysis_A067_t011,decision_A067_t011,fill_A067_t011,ltb_A067_t011,sell,200,173500.0,0.0,filled
RN_COMM_ON,2026-03-09,11,am,005930,A068,ltb_A068_t010,stb_A068_t011,analysis_A068_t011,decision_A068_t011,fill_A068_t011,ltb_A068_t011,sell,150,173500.0,0.0,filled
RN_COMM_ON,2026-03-09,11,am,005930,A070,ltb_A070_t010,stb_A070_t011,analysis_A070_t011,decision_A070_t011,fill_A070_t011,ltb_A070_t011,sell,112,173500.0,0.0,filled
RN_COMM_ON,2026-03-09,11,am,005930,A071,ltb_A071_t010,stb_A071_t011,analysis_A071_t011,decision_A071_t011,fill_A071_t011,ltb_A071_t011,sell,1000,173500.0,0.0,filled
RN_COMM_ON,2026-03-09,11,am,005930,A073,ltb_A073_t010,stb_A073_t011,analysis_A073_t011,decision_A073_t011,fill_A073_t011,ltb_A073_t011,sell,100,173500.0,0.0,filled
RN_COMM_ON,2026-03-09,11,am,005930,A074,ltb_A074_t010,stb_A074_t011,analysis_A074_t011,decision_A074_t011,fill_A074_t011,ltb_A074_t011,sell,100,173500.0,0.0,filled
RN_COMM_ON,2026-03-09,11,am,005930,A077,ltb_A077_t010,stb_A077_t011,analysis_A077_t011,decision_A077_t011,fill_A077_t011,ltb_A077_t011,sell,100,173500.0,0.0,filled
RN_COMM_ON,2026-03-09,11,am,005930,A080,ltb_A080_t010,stb_A080_t011,analysis_A080_t011,decision_A080_t011,fill_A080_t011,ltb_A080_t011,sell,2231,173500.0,0.0,filled
RN_COMM_ON,2026-03-09,11,am,005930,A081,ltb_A081_t010,stb_A081_t011,analysis_A081_t011,decision_A081_t011,fill_A081_t011,ltb_A081_t011,sell,100,173500.0,0.0,filled
RN_COMM_ON,2026-03-09,11,am,005930,A085,ltb_A085_t010,stb_A085_t011,analysis_A085_t011,decision_A085_t011,fill_A085_t011,ltb_A085_t011,sell,100,173500.0,0.0,filled
RN_COMM_ON,2026-03-09,11,am,005930,A086,ltb_A086_t010,stb_A086_t011,analysis_A086_t011,decision_A086_t011,fill_A086_t011,ltb_A086_t011,sell,100,173500.0,0.0,filled
RN_COMM_ON,2026-03-09,11,am,005930,A087,ltb_A087_t010,stb_A087_t011,analysis_A087_t011,decision_A087_t011,fill_A087_t011,ltb_A087_t011,sell,1000,173500.0,0.0,filled
RN_COMM_ON,2026-03-09,11,am,005930,A089,ltb_A089_t010,stb_A089_t011,analysis_A089_t011,decision_A089_t011,fill_A089_t011,ltb_A089_t011,sell,200,173500.0,0.0,filled
RN_COMM_ON,2026-03-09,11,am,005930,A090,ltb_A090_t010,stb_A090_t011,analysis_A090_t011,decision_A090_t011,fill_A090_t011,ltb_A090_t011,sell,150,173500.0,0.0,filled
RN_COMM_ON,2026-03-09,11,am,005930,A091,ltb_A091_t010,stb_A091_t011,analysis_A091_t011,decision_A091_t011,fill_A091_t011,ltb_A091_t011,sell,100,173500.0,0.0,filled
RN_COMM_ON,2026-03-09,11,am,005930,A092,ltb_A092_t010,stb_A092_t011,analysis_A092_t011,decision_A092_t011,fill_A092_t011,ltb_A092_t011,sell,100,173500.0,0.0,filled
RN_COMM_ON,2026-03-09,11,am,005930,A094,ltb_A094_t010,stb_A094_t011,analysis_A094_t011,decision_A094_t011,fill_A094_t011,ltb_A094_t011,sell,100,173500.0,0.0,filled
RN_COMM_ON,2026-03-09,11,am,005930,A095,ltb_A095_t010,stb_A095_t011,analysis_A095_t011,decision_A095_t011,fill_A095_t011,ltb_A095_t011,sell,100,173500.0,0.0,filled
RN_COMM_ON,2026-03-09,11,am,005930,A098,ltb_A098_t010,stb_A098_t011,analysis_A098_t011,decision_A098_t011,fill_A098_t011,ltb_A098_t011,sell,271,173500.0,0.0,filled
