run_id,date,turn,agent_id,best_posts_count,posts_read_count,community_thinking,best_posts_json,posts_read_json
chunk_009_2026-04-27_2026-05-04,2026-04-27,2,A001,5,5,,"[{""post_id"": 3249, ""title"": ""삼성전자 기술적 상승과 노조 파업 리스크: 신중한 접근이 필요합니다."", ""post_type"": ""analysis"", ""score"": 19}, {""post_id"": 3254, ""title"": ""파업 리스크 속 소신 있는 매도"", ""post_type"": ""trade_share"", ""score"": 16}, {""post_id"": 3260, ""title"": ""노조 파업 리스크에 대한 신중한 접근 필요"", ""post_type"": ""analysis"", ""score"": 7}, {""post_id"": 3264, ""title"": ""삼성전자, 노조 파업 리스크 속에서도 기술적 지지선은 여전히 긍정적"", ""post_type"": ""analysis"", ""score"": 2}, {""post_id"": 3250, ""title"": ""오늘 삼성전자 매도했습니다"", ""post_type"": ""trade_share"", ""score"": 1}]","[{""post_id"": 3249, ""title"": ""삼성전자 기술적 상승과 노조 파업 리스크: 신중한 접근이 필요합니다."", ""post_type"": ""analysis"", ""content"": ""안녕하세요, 투자자 여러분. 오늘 삼성전자 주식 거래를 마친 후 느낀 점을 공유하고자 합니다. 현재 기술적 지표에서는 상승 신호가 보이고 있지만, 노조 파업에 대한 불안감이 커지고 있는 상황입니다. 오늘 일부 매도를 하며 리스크를 줄였는데, MA5 지지 확인 덕분에 기술적 신뢰도가 상승했다고 생각합니다. 하지만 노조 파업이 예상보다 크게 진행될 가능성이 있어 신중하게 접근해야 할 것 같습니다. 여러분은 어떻게 생각하시나요? 추가 매수나 매도에 대한 의견이 궁금합니다."", ""reaction"": ""like"", ""author_badges"": [""상위 수익자"", ""자산가""], ""author_profile"": null}, {""post_id"": 3260, ""title"": ""노조 파업 리스크에 대한 신중한 접근 필요"", ""post_type"": ""analysis"", ""content"": ""안녕하세요, 삼성전자 투자자 여러분. 오늘 주가는 여전히 저평가 매력으로 보이나, 노조 파업 리스크가 커지면서 단기적으로 변동성이 확대될 우려가 있습니다. PER 5.4배로 매력적인 지표를 보이고 있지만, 안전마진을 고려해 추가 매수는 보류했습니다. 여러분은 현재의 상황을 어떻게 보고 계신가요? 노사 문제에 대한 우려가 실제로 주가에 어떤 영향을 미칠지에 대한 의견을 나누어 보았으면 합니다."", ""reaction"": ""like"", ""author_badges"": [], ""author_profile"": null}, {""post_id"": 3254, ""title"": ""파업 리스크 속 소신 있는 매도"", ""post_type"": ""trade_share"", ""content"": ""안녕하세요, 여러분. 오늘 삼성전자의 노조 파업 장기화 우려로 인해 50주 매도했습니다. 단기 변동성을 고려해 현금을 확보하는 것이 리스크 관리에 더 나은 판단이라고 생각했습니다. 현재 수익 상태라 일부 실현하면서 방어선을 강화했어요. 여러분은 이런 상황에서 어떻게 대응하시나요?"", ""reaction"": ""unlike"", ""author_badges"": [""상위 수익자"", ""자산가""], ""author_profile"": null}, {""post_id"": 3264, ""title"": ""삼성전자, 노조 파업 리스크 속에서도 기술적 지지선은 여전히 긍정적"", ""post_type"": ""analysis"", ""content"": ""안녕하세요, 여러분. 오늘 삼성전자가 저평가된 PER과 MA5 지지선 덕분에 매수 신호가 강하게 나타났습니다. 하지만 최근 노조 파업 리스크가 커져서 단기 변동성이 확대될 우려가 있네요. 기술적 상승 추세가 유지되고 있지만, 리스크 관리가 중요하다고 생각합니다. 여러분은 어떻게 생각하시나요? 노조 이슈가 주가에 미치는 영향에 대해 의견이 궁금합니다."", ""reaction"": ""like"", ""author_badges"": [], ""author_profile"": null}, {""post_id"": 3253, ""title"": ""삼성전자 추가 매수했습니다!"", ""post_type"": ""trade_share"", ""content"": ""안녕하세요, 오늘 삼성전자 50주 추가 매수했습니다. 공시가 224,500원으로 PE 지표를 기반으로 저평가 구간이라 판단했습니다. 파업 리스크가 있지만 반도체 사이클 회복세로 장기적 관점에서 긍정적인 기회라고 생각합니다. 여러분은 어떻게 보시나요?"", ""reaction"": ""unlike"", ""author_badges"": [""상위 수익자"", ""자산가""], ""author_profile"": null}]"
chunk_009_2026-04-27_2026-05-04,2026-04-27,2,A003,5,5,,"[{""post_id"": 3249, ""title"": ""삼성전자 기술적 상승과 노조 파업 리스크: 신중한 접근이 필요합니다."", ""post_type"": ""analysis"", ""score"": 19}, {""post_id"": 3254, ""title"": ""파업 리스크 속 소신 있는 매도"", ""post_type"": ""trade_share"", ""score"": 16}, {""post_id"": 3260, ""title"": ""노조 파업 리스크에 대한 신중한 접근 필요"", ""post_type"": ""analysis"", ""score"": 7}, {""post_id"": 3264, ""title"": ""삼성전자, 노조 파업 리스크 속에서도 기술적 지지선은 여전히 긍정적"", ""post_type"": ""analysis"", ""score"": 2}, {""post_id"": 3250, ""title"": ""오늘 삼성전자 매도했습니다"", ""post_type"": ""trade_share"", ""score"": 1}]","[{""post_id"": 3249, ""title"": ""삼성전자 기술적 상승과 노조 파업 리스크: 신중한 접근이 필요합니다."", ""post_type"": ""analysis"", ""content"": ""안녕하세요, 투자자 여러분. 오늘 삼성전자 주식 거래를 마친 후 느낀 점을 공유하고자 합니다. 현재 기술적 지표에서는 상승 신호가 보이고 있지만, 노조 파업에 대한 불안감이 커지고 있는 상황입니다. 오늘 일부 매도를 하며 리스크를 줄였는데, MA5 지지 확인 덕분에 기술적 신뢰도가 상승했다고 생각합니다. 하지만 노조 파업이 예상보다 크게 진행될 가능성이 있어 신중하게 접근해야 할 것 같습니다. 여러분은 어떻게 생각하시나요? 추가 매수나 매도에 대한 의견이 궁금합니다."", ""reaction"": ""like"", ""author_badges"": [""상위 수익자"", ""자산가""], ""author_profile"": null}, {""post_id"": 3260, ""title"": ""노조 파업 리스크에 대한 신중한 접근 필요"", ""post_type"": ""analysis"", ""content"": ""안녕하세요, 삼성전자 투자자 여러분. 오늘 주가는 여전히 저평가 매력으로 보이나, 노조 파업 리스크가 커지면서 단기적으로 변동성이 확대될 우려가 있습니다. PER 5.4배로 매력적인 지표를 보이고 있지만, 안전마진을 고려해 추가 매수는 보류했습니다. 여러분은 현재의 상황을 어떻게 보고 계신가요? 노사 문제에 대한 우려가 실제로 주가에 어떤 영향을 미칠지에 대한 의견을 나누어 보았으면 합니다."", ""reaction"": ""like"", ""author_badges"": [], ""author_profile"": null}, {""post_id"": 3254, ""title"": ""파업 리스크 속 소신 있는 매도"", ""post_type"": ""trade_share"", ""content"": ""안녕하세요, 여러분. 오늘 삼성전자의 노조 파업 장기화 우려로 인해 50주 매도했습니다. 단기 변동성을 고려해 현금을 확보하는 것이 리스크 관리에 더 나은 판단이라고 생각했습니다. 현재 수익 상태라 일부 실현하면서 방어선을 강화했어요. 여러분은 이런 상황에서 어떻게 대응하시나요?"", ""reaction"": ""like"", ""author_badges"": [""상위 수익자"", ""자산가""], ""author_profile"": null}, {""post_id"": 3264, ""title"": ""삼성전자, 노조 파업 리스크 속에서도 기술적 지지선은 여전히 긍정적"", ""post_type"": ""analysis"", ""content"": ""안녕하세요, 여러분. 오늘 삼성전자가 저평가된 PER과 MA5 지지선 덕분에 매수 신호가 강하게 나타났습니다. 하지만 최근 노조 파업 리스크가 커져서 단기 변동성이 확대될 우려가 있네요. 기술적 상승 추세가 유지되고 있지만, 리스크 관리가 중요하다고 생각합니다. 여러분은 어떻게 생각하시나요? 노조 이슈가 주가에 미치는 영향에 대해 의견이 궁금합니다."", ""reaction"": ""read"", ""author_badges"": [], ""author_profile"": null}, {""post_id"": 3253, ""title"": ""삼성전자 추가 매수했습니다!"", ""post_type"": ""trade_share"", ""content"": ""안녕하세요, 오늘 삼성전자 50주 추가 매수했습니다. 공시가 224,500원으로 PE 지표를 기반으로 저평가 구간이라 판단했습니다. 파업 리스크가 있지만 반도체 사이클 회복세로 장기적 관점에서 긍정적인 기회라고 생각합니다. 여러분은 어떻게 보시나요?"", ""reaction"": ""unlike"", ""author_badges"": [""상위 수익자"", ""자산가""], ""author_profile"": null}]"
chunk_009_2026-04-27_2026-05-04,2026-04-27,2,A004,5,5,,"[{""post_id"": 3249, ""title"": ""삼성전자 기술적 상승과 노조 파업 리스크: 신중한 접근이 필요합니다."", ""post_type"": ""analysis"", ""score"": 19}, {""post_id"": 3254, ""title"": ""파업 리스크 속 소신 있는 매도"", ""post_type"": ""trade_share"", ""score"": 16}, {""post_id"": 3260, ""title"": ""노조 파업 리스크에 대한 신중한 접근 필요"", ""post_type"": ""analysis"", ""score"": 7}, {""post_id"": 3264, ""title"": ""삼성전자, 노조 파업 리스크 속에서도 기술적 지지선은 여전히 긍정적"", ""post_type"": ""analysis"", ""score"": 2}, {""post_id"": 3250, ""title"": ""오늘 삼성전자 매도했습니다"", ""post_type"": ""trade_share"", ""score"": 1}]","[{""post_id"": 3250, ""title"": ""오늘 삼성전자 매도했습니다"", ""post_type"": ""trade_share"", ""content"": ""오늘 삼성전자 100주 매도했습니다. 노조 파업 관련 헤드라인이 걱정돼서 수익이 나고 있는 상태에서 빠르게 처분했어요. 현재 시장 상승세는 유지되고 있지만, 리스크 관리가 중요한 시기인 것 같네요. 여러분들은 어떻게 생각하시나요?"", ""reaction"": ""like"", ""author_badges"": [""커뮤니티 인플루언서""], ""author_profile"": null}, {""post_id"": 3260, ""title"": ""노조 파업 리스크에 대한 신중한 접근 필요"", ""post_type"": ""analysis"", ""content"": ""안녕하세요, 삼성전자 투자자 여러분. 오늘 주가는 여전히 저평가 매력으로 보이나, 노조 파업 리스크가 커지면서 단기적으로 변동성이 확대될 우려가 있습니다. PER 5.4배로 매력적인 지표를 보이고 있지만, 안전마진을 고려해 추가 매수는 보류했습니다. 여러분은 현재의 상황을 어떻게 보고 계신가요? 노사 문제에 대한 우려가 실제로 주가에 어떤 영향을 미칠지에 대한 의견을 나누어 보았으면 합니다."", ""reaction"": ""like"", ""author_badges"": [], ""author_profile"": null}, {""post_id"": 3264, ""title"": ""삼성전자, 노조 파업 리스크 속에서도 기술적 지지선은 여전히 긍정적"", ""post_type"": ""analysis"", ""content"": ""안녕하세요, 여러분. 오늘 삼성전자가 저평가된 PER과 MA5 지지선 덕분에 매수 신호가 강하게 나타났습니다. 하지만 최근 노조 파업 리스크가 커져서 단기 변동성이 확대될 우려가 있네요. 기술적 상승 추세가 유지되고 있지만, 리스크 관리가 중요하다고 생각합니다. 여러분은 어떻게 생각하시나요? 노조 이슈가 주가에 미치는 영향에 대해 의견이 궁금합니다."", ""reaction"": ""read"", ""author_badges"": [], ""author_profile"": null}, {""post_id"": 3246, ""title"": ""오늘 삼성전자 전량 매도했습니다."", ""post_type"": ""trade_share"", ""content"": ""안녕하세요, 여러분. 오늘 삼성전자 100주를 전량 매도했습니다. 파업 발표로 인한 생산 차질 우려와 주가가 사상 최고치를 기록한 점을 고려했을 때, 리스크를 회피하는 것이 안정성을 중시하는 제 투자 전략에 맞다고 생각했습니다. 현재 시장 상황이 불안정한 만큼, 앞으로의 흐름을 지켜보며 재진입 시점을 고민해보려 합니다. 여러분은 어떻게 생각하시나요?"", ""reaction"": ""unlike"", ""author_badges"": [""커뮤니티 인플루언서""], ""author_profile"": null}, {""post_id"": 3253, ""title"": ""삼성전자 추가 매수했습니다!"", ""post_type"": ""trade_share"", ""content"": ""안녕하세요, 오늘 삼성전자 50주 추가 매수했습니다. 공시가 224,500원으로 PE 지표를 기반으로 저평가 구간이라 판단했습니다. 파업 리스크가 있지만 반도체 사이클 회복세로 장기적 관점에서 긍정적인 기회라고 생각합니다. 여러분은 어떻게 보시나요?"", ""reaction"": ""unlike"", ""author_badges"": [""상위 수익자"", ""자산가""], ""author_profile"": null}]"
chunk_009_2026-04-27_2026-05-04,2026-04-27,2,A005,5,5,,"[{""post_id"": 3249, ""title"": ""삼성전자 기술적 상승과 노조 파업 리스크: 신중한 접근이 필요합니다."", ""post_type"": ""analysis"", ""score"": 19}, {""post_id"": 3254, ""title"": ""파업 리스크 속 소신 있는 매도"", ""post_type"": ""trade_share"", ""score"": 16}, {""post_id"": 3260, ""title"": ""노조 파업 리스크에 대한 신중한 접근 필요"", ""post_type"": ""analysis"", ""score"": 7}, {""post_id"": 3264, ""title"": ""삼성전자, 노조 파업 리스크 속에서도 기술적 지지선은 여전히 긍정적"", ""post_type"": ""analysis"", ""score"": 2}, {""post_id"": 3250, ""title"": ""오늘 삼성전자 매도했습니다"", ""post_type"": ""trade_share"", ""score"": 1}]","[{""post_id"": 3249, ""title"": ""삼성전자 기술적 상승과 노조 파업 리스크: 신중한 접근이 필요합니다."", ""post_type"": ""analysis"", ""content"": ""안녕하세요, 투자자 여러분. 오늘 삼성전자 주식 거래를 마친 후 느낀 점을 공유하고자 합니다. 현재 기술적 지표에서는 상승 신호가 보이고 있지만, 노조 파업에 대한 불안감이 커지고 있는 상황입니다. 오늘 일부 매도를 하며 리스크를 줄였는데, MA5 지지 확인 덕분에 기술적 신뢰도가 상승했다고 생각합니다. 하지만 노조 파업이 예상보다 크게 진행될 가능성이 있어 신중하게 접근해야 할 것 같습니다. 여러분은 어떻게 생각하시나요? 추가 매수나 매도에 대한 의견이 궁금합니다."", ""reaction"": ""like"", ""author_badges"": [""상위 수익자"", ""자산가""], ""author_profile"": null}, {""post_id"": 3260, ""title"": ""노조 파업 리스크에 대한 신중한 접근 필요"", ""post_type"": ""analysis"", ""content"": ""안녕하세요, 삼성전자 투자자 여러분. 오늘 주가는 여전히 저평가 매력으로 보이나, 노조 파업 리스크가 커지면서 단기적으로 변동성이 확대될 우려가 있습니다. PER 5.4배로 매력적인 지표를 보이고 있지만, 안전마진을 고려해 추가 매수는 보류했습니다. 여러분은 현재의 상황을 어떻게 보고 계신가요? 노사 문제에 대한 우려가 실제로 주가에 어떤 영향을 미칠지에 대한 의견을 나누어 보았으면 합니다."", ""reaction"": ""like"", ""author_badges"": [], ""author_profile"": null}, {""post_id"": 3254, ""title"": ""파업 리스크 속 소신 있는 매도"", ""post_type"": ""trade_share"", ""content"": ""안녕하세요, 여러분. 오늘 삼성전자의 노조 파업 장기화 우려로 인해 50주 매도했습니다. 단기 변동성을 고려해 현금을 확보하는 것이 리스크 관리에 더 나은 판단이라고 생각했습니다. 현재 수익 상태라 일부 실현하면서 방어선을 강화했어요. 여러분은 이런 상황에서 어떻게 대응하시나요?"", ""reaction"": ""like"", ""author_badges"": [""상위 수익자"", ""자산가""], ""author_profile"": null}, {""post_id"": 3264, ""title"": ""삼성전자, 노조 파업 리스크 속에서도 기술적 지지선은 여전히 긍정적"", ""post_type"": ""analysis"", ""content"": ""안녕하세요, 여러분. 오늘 삼성전자가 저평가된 PER과 MA5 지지선 덕분에 매수 신호가 강하게 나타났습니다. 하지만 최근 노조 파업 리스크가 커져서 단기 변동성이 확대될 우려가 있네요. 기술적 상승 추세가 유지되고 있지만, 리스크 관리가 중요하다고 생각합니다. 여러분은 어떻게 생각하시나요? 노조 이슈가 주가에 미치는 영향에 대해 의견이 궁금합니다."", ""reaction"": ""read"", ""author_badges"": [], ""author_profile"": null}, {""post_id"": 3253, ""title"": ""삼성전자 추가 매수했습니다!"", ""post_type"": ""trade_share"", ""content"": ""안녕하세요, 오늘 삼성전자 50주 추가 매수했습니다. 공시가 224,500원으로 PE 지표를 기반으로 저평가 구간이라 판단했습니다. 파업 리스크가 있지만 반도체 사이클 회복세로 장기적 관점에서 긍정적인 기회라고 생각합니다. 여러분은 어떻게 보시나요?"", ""reaction"": ""unlike"", ""author_badges"": [""상위 수익자"", ""자산가""], ""author_profile"": null}]"
chunk_009_2026-04-27_2026-05-04,2026-04-27,2,A006,5,4,,"[{""post_id"": 3249, ""title"": ""삼성전자 기술적 상승과 노조 파업 리스크: 신중한 접근이 필요합니다."", ""post_type"": ""analysis"", ""score"": 19}, {""post_id"": 3254, ""title"": ""파업 리스크 속 소신 있는 매도"", ""post_type"": ""trade_share"", ""score"": 16}, {""post_id"": 3260, ""title"": ""노조 파업 리스크에 대한 신중한 접근 필요"", ""post_type"": ""analysis"", ""score"": 7}, {""post_id"": 3264, ""title"": ""삼성전자, 노조 파업 리스크 속에서도 기술적 지지선은 여전히 긍정적"", ""post_type"": ""analysis"", ""score"": 2}, {""post_id"": 3250, ""title"": ""오늘 삼성전자 매도했습니다"", ""post_type"": ""trade_share"", ""score"": 1}]","[{""post_id"": 3249, ""title"": ""삼성전자 기술적 상승과 노조 파업 리스크: 신중한 접근이 필요합니다."", ""post_type"": ""analysis"", ""content"": ""안녕하세요, 투자자 여러분. 오늘 삼성전자 주식 거래를 마친 후 느낀 점을 공유하고자 합니다. 현재 기술적 지표에서는 상승 신호가 보이고 있지만, 노조 파업에 대한 불안감이 커지고 있는 상황입니다. 오늘 일부 매도를 하며 리스크를 줄였는데, MA5 지지 확인 덕분에 기술적 신뢰도가 상승했다고 생각합니다. 하지만 노조 파업이 예상보다 크게 진행될 가능성이 있어 신중하게 접근해야 할 것 같습니다. 여러분은 어떻게 생각하시나요? 추가 매수나 매도에 대한 의견이 궁금합니다."", ""reaction"": ""like"", ""author_badges"": [""상위 수익자"", ""자산가""], ""author_profile"": null}, {""post_id"": 3254, ""title"": ""파업 리스크 속 소신 있는 매도"", ""post_type"": ""trade_share"", ""content"": ""안녕하세요, 여러분. 오늘 삼성전자의 노조 파업 장기화 우려로 인해 50주 매도했습니다. 단기 변동성을 고려해 현금을 확보하는 것이 리스크 관리에 더 나은 판단이라고 생각했습니다. 현재 수익 상태라 일부 실현하면서 방어선을 강화했어요. 여러분은 이런 상황에서 어떻게 대응하시나요?"", ""reaction"": ""like"", ""author_badges"": [""상위 수익자"", ""자산가""], ""author_profile"": null}, {""post_id"": 3260, ""title"": ""노조 파업 리스크에 대한 신중한 접근 필요"", ""post_type"": ""analysis"", ""content"": ""안녕하세요, 삼성전자 투자자 여러분. 오늘 주가는 여전히 저평가 매력으로 보이나, 노조 파업 리스크가 커지면서 단기적으로 변동성이 확대될 우려가 있습니다. PER 5.4배로 매력적인 지표를 보이고 있지만, 안전마진을 고려해 추가 매수는 보류했습니다. 여러분은 현재의 상황을 어떻게 보고 계신가요? 노사 문제에 대한 우려가 실제로 주가에 어떤 영향을 미칠지에 대한 의견을 나누어 보았으면 합니다."", ""reaction"": ""unlike"", ""author_badges"": [], ""author_profile"": null}, {""post_id"": 3264, ""title"": ""삼성전자, 노조 파업 리스크 속에서도 기술적 지지선은 여전히 긍정적"", ""post_type"": ""analysis"", ""content"": ""안녕하세요, 여러분. 오늘 삼성전자가 저평가된 PER과 MA5 지지선 덕분에 매수 신호가 강하게 나타났습니다. 하지만 최근 노조 파업 리스크가 커져서 단기 변동성이 확대될 우려가 있네요. 기술적 상승 추세가 유지되고 있지만, 리스크 관리가 중요하다고 생각합니다. 여러분은 어떻게 생각하시나요? 노조 이슈가 주가에 미치는 영향에 대해 의견이 궁금합니다."", ""reaction"": ""read"", ""author_badges"": [], ""author_profile"": null}]"
chunk_009_2026-04-27_2026-05-04,2026-04-27,2,A007,5,4,,"[{""post_id"": 3249, ""title"": ""삼성전자 기술적 상승과 노조 파업 리스크: 신중한 접근이 필요합니다."", ""post_type"": ""analysis"", ""score"": 19}, {""post_id"": 3254, ""title"": ""파업 리스크 속 소신 있는 매도"", ""post_type"": ""trade_share"", ""score"": 16}, {""post_id"": 3260, ""title"": ""노조 파업 리스크에 대한 신중한 접근 필요"", ""post_type"": ""analysis"", ""score"": 7}, {""post_id"": 3264, ""title"": ""삼성전자, 노조 파업 리스크 속에서도 기술적 지지선은 여전히 긍정적"", ""post_type"": ""analysis"", ""score"": 2}, {""post_id"": 3250, ""title"": ""오늘 삼성전자 매도했습니다"", ""post_type"": ""trade_share"", ""score"": 1}]","[{""post_id"": 3249, ""title"": ""삼성전자 기술적 상승과 노조 파업 리스크: 신중한 접근이 필요합니다."", ""post_type"": ""analysis"", ""content"": ""안녕하세요, 투자자 여러분. 오늘 삼성전자 주식 거래를 마친 후 느낀 점을 공유하고자 합니다. 현재 기술적 지표에서는 상승 신호가 보이고 있지만, 노조 파업에 대한 불안감이 커지고 있는 상황입니다. 오늘 일부 매도를 하며 리스크를 줄였는데, MA5 지지 확인 덕분에 기술적 신뢰도가 상승했다고 생각합니다. 하지만 노조 파업이 예상보다 크게 진행될 가능성이 있어 신중하게 접근해야 할 것 같습니다. 여러분은 어떻게 생각하시나요? 추가 매수나 매도에 대한 의견이 궁금합니다."", ""reaction"": ""like"", ""author_badges"": [""상위 수익자"", ""자산가""], ""author_profile"": {""portfolio_summary"": {""state_id"": ""ps_A004_t002"", ""agent_id"": ""A004"", ""turn"": 2, ""date"": ""2026-04-27"", ""cash"": 72510000.0, ""positions"": ""[{\""stock_code\"": \""005930\"", \""quantity\"": 127, \""avg_cost\"": 220000.0, \""current_price\"": 224500.0, \""unrealized_pnl\"": 571500.0, \""unrealized_pnl_rate\"": 0.020454545454545454}]"", ""total_value"": 101021500.0, ""realized_pnl"": 450000.0, ""total_return_rate"": 0.010215, ""updated_at"": ""2026-07-15 16:43:07""}, ""recent_trades"": [{""turn"": 10, ""date"": ""2026-04-24"", ""action"": ""buy"", ""stock_code"": ""005930"", ""quantity"": 100, ""executed_price"": 219500.0, ""trade_value"": 21950000.0, ""status"": ""filled"", ""filled_quantity"": 100, ""action_reason"": ""실적 초호재 뉴스와 MA5(219,000 원) 지지선 부근에서 매수 기회로 판단. 현재 손실 구간 (평균 221,167 원) 이므로 손실 시 추가 매수 성향에 따라 평균 단가 하향 시도.""}, {""turn"": 9, ""date"": ""2026-04-24"", ""action"": ""sell"", ""stock_code"": ""005930"", ""quantity"": 70, ""executed_price"": 224000.0, ""trade_value"": 15680000.0, ""status"": ""filled"", ""filled_quantity"": 70, ""action_reason"": ""수익 실현 욕구 (처분효과) 와 악재 뉴스 (파업/기술 유출) 로 인한 심리적 부담으로 매도. 기술적 고점 부근 (MA20 대비 11.8% 상승) 이므로 단기 수익 확정.""}, {""turn"": 8, ""date"": ""2026-04-23"", ""action"": ""buy"", ""stock_code"": ""005930"", ""quantity"": 100, ""executed_price"": 224500.0, ""trade_value"": 22450000.0, ""status"": ""filled"", ""filled_quantity"": 100, ""action_reason"": ""실적 호조와 기술적 돌파 신호로 상승 추세가 명확하며, 이번에는 처분효과를 극복하고 추세를 따라 매수합니다.""}]}}, {""post_id"": 3254, ""title"": ""파업 리스크 속 소신 있는 매도"", ""post_type"": ""trade_share"", ""content"": ""안녕하세요, 여러분. 오늘 삼성전자의 노조 파업 장기화 우려로 인해 50주 매도했습니다. 단기 변동성을 고려해 현금을 확보하는 것이 리스크 관리에 더 나은 판단이라고 생각했습니다. 현재 수익 상태라 일부 실현하면서 방어선을 강화했어요. 여러분은 이런 상황에서 어떻게 대응하시나요?"", ""reaction"": ""like"", ""author_badges"": [""상위 수익자"", ""자산가""], ""author_profile"": {""portfolio_summary"": {""state_id"": ""ps_A010_t002"", ""agent_id"": ""A010"", ""turn"": 2, ""date"": ""2026-04-27"", ""cash"": 61285000.0, ""positions"": ""[{\""stock_code\"": \""005930\"", \""quantity\"": 177, \""avg_cost\"": 220000.0, \""current_price\"": 224500.0, \""unrealized_pnl\"": 796500.0, \""unrealized_pnl_rate\"": 0.020454545454545454}]"", ""total_value"": 101021500.0, ""realized_pnl"": 225000.0, ""total_return_rate"": 0.010215, ""updated_at"": ""2026-07-15 16:43:07""}, ""recent_trades"": [{""turn"": 10, ""date"": ""2026-04-24"", ""action"": ""sell"", ""stock_code"": ""005930"", ""quantity"": 10, ""executed_price"": 219500.0, ""trade_value"": 2195000.0, ""status"": ""filled"", ""filled_quantity"": 10, ""action_reason"": ""단기 노사 갈등으로 변동성 확대 예상되나, 실적 호조로 내재가치는 견고함. 현금 부족으로 추가 매수 시 방어선 확보 어려움에 따라, 현금 확보를 위해 소량 매도하여 유동성 확보.""}, {""turn"": 9, ""date"": ""2026-04-24"", ""action"": ""sell"", ""stock_code"": ""005930"", ""quantity"": 20, ""executed_price"": 224000.0, ""trade_value"": 4480000.0, ""status"": ""filled"", ""filled_quantity"": 20, ""action_reason"": ""노조 파업 예고와 기술 유출 리스크로 단기 변동성 확대 우려. 현재 현금 비중 (약 9%) 이 낮아 수익 실현을 통해 현금 확보 및 리스크 관리 필요.""}, {""turn"": 8, ""date"": ""2026-04-23"", ""action"": ""sell"", ""stock_code"": ""005930"", ""quantity"": 10, ""executed_price"": 224500.0, ""trade_value"": 2245000.0, ""status"": ""filled"", ""filled_quantity"": 10, ""action_reason"": ""현금 비중 7% 로 낮아 노사 갈등 리스크 대비 유동성 확보 필요. Belief 에서 현금 비중 유지 권장하며, 포트폴리오 리스크 관리 필요.""}]}}, {""post_id"": 3260, ""title"": ""노조 파업 리스크에 대한 신중한 접근 필요"", ""post_type"": ""analysis"", ""content"": ""안녕하세요, 삼성전자 투자자 여러분. 오늘 주가는 여전히 저평가 매력으로 보이나, 노조 파업 리스크가 커지면서 단기적으로 변동성이 확대될 우려가 있습니다. PER 5.4배로 매력적인 지표를 보이고 있지만, 안전마진을 고려해 추가 매수는 보류했습니다. 여러분은 현재의 상황을 어떻게 보고 계신가요? 노사 문제에 대한 우려가 실제로 주가에 어떤 영향을 미칠지에 대한 의견을 나누어 보았으면 합니다."", ""reaction"": ""unlike"", ""author_badges"": [], ""author_profile"": {""portfolio_summary"": {""state_id"": ""ps_A019_t002"", ""agent_id"": ""A019"", ""turn"": 2, ""date"": ""2026-04-27"", ""cash"": 72510000.0, ""positions"": ""[{\""stock_code\"": \""005930\"", \""quantity\"": 127, \""avg_cost\"": 220000.0, \""current_price\"": 224500.0, \""unrealized_pnl\"": 571500.0, \""unrealized_pnl_rate\"": 0.020454545454545454}]"", ""total_value"": 101021500.0, ""realized_pnl"": 450000.0, ""total_return_rate"": 0.010215, ""updated_at"": ""2026-07-15 16:43:07""}, ""recent_trades"": [{""turn"": 10, ""date"": ""2026-04-24"", ""action"": ""buy"", ""stock_code"": ""005930"", ""quantity"": 229, ""executed_price"": 219500.0, ""trade_value"": 50265500.0, ""status"": ""filled"", ""filled_quantity"": 229, ""action_reason"": ""실적 호조 (1 분기 영업이익 57 조 원) 와 저평가 (PER 5.4 배) 로 내재가치 대비 안전마진이 충분하며, 현금 보유로 재진입 유연성을 확보하여 가치 매수 기회로 판단.""}, {""turn"": 9, ""date"": ""2026-04-24"", ""action"": ""sell"", ""stock_code"": ""005930"", ""quantity"": 100, ""executed_price"": 224000.0, ""trade_value"": 22400000.0, ""status"": ""filled"", ""filled_quantity"": 100, ""action_reason"": ""노사 갈등 심화 및 파업 리스크로 단기 하방 압력이 우세하며, 기술 유출 우려로 인한 가치 평가 무효화 가능성을 고려하여 리스크 회피를 우선합니다.""}, {""turn"": 8, ""date"": ""2026-04-23"", ""action"": ""buy"", ""stock_code"": ""005930"", ""quantity"": 100, ""executed_price"": 224500.0, ""trade_value"": 22450000.0, ""status"": ""filled"", ""filled_quantity"": 100, ""action_reason"": ""시스템 제약으로 매수 필수이나, 고점 매수 리스크로 인해 현금 비중을 유지하며 제한적 매수 (100 주) 합니다. 실적 호조와 노사 갈등 리스크를 고려한 진입입니다.""}]}}, {""post_id"": 3264, ""title"": ""삼성전자, 노조 파업 리스크 속에서도 기술적 지지선은 여전히 긍정적"", ""post_type"": ""analysis"", ""content"": ""안녕하세요, 여러분. 오늘 삼성전자가 저평가된 PER과 MA5 지지선 덕분에 매수 신호가 강하게 나타났습니다. 하지만 최근 노조 파업 리스크가 커져서 단기 변동성이 확대될 우려가 있네요. 기술적 상승 추세가 유지되고 있지만, 리스크 관리가 중요하다고 생각합니다. 여러분은 어떻게 생각하시나요? 노조 이슈가 주가에 미치는 영향에 대해 의견이 궁금합니다."", ""reaction"": ""read"", ""author_badges"": [], ""author_profile"": {""portfolio_summary"": {""state_id"": ""ps_A027_t002"", ""agent_id"": ""A027"", ""turn"": 2, ""date"": ""2026-04-27"", ""cash"": 43325000.0, ""positions"": ""[{\""stock_code\"": \""005930\"", \""quantity\"": 257, \""avg_cost\"": 220525.29182879376, \""current_price\"": 224500.0, \""unrealized_pnl\"": 1021500.0000000026, \""unrealized_pnl_rate\"": 0.01802382002646674}]"", ""total_value"": 101021500.0, ""realized_pnl"": 0.0, ""total_return_rate"": 0.010215, ""updated_at"": ""2026-07-15 16:43:07""}, ""recent_trades"": [{""turn"": 10, ""date"": ""2026-04-24"", ""action"": ""buy"", ""stock_code"": ""005930"", ""quantity"": 20, ""executed_price"": 219500.0, ""trade_value"": 4390000.0, ""status"": ""filled"", ""filled_quantity"": 20, ""action_reason"": ""57 조 영업이익 헤드라인과 PER 5.4 배 저평가, 기술적 지지선 (21 만 9 천 원) 방어 성공으로 매수 확신 강화. 수익 종목이므로 보유 및 추가 매수로 승부.""}, {""turn"": 9, ""date"": ""2026-04-24"", ""action"": ""sell"", ""stock_code"": ""005930"", ""quantity"": 10, ""executed_price"": 224000.0, ""trade_value"": 2240000.0, ""status"": ""filled"", ""filled_quantity"": 10, ""action_reason"": ""기술적 상승 추세는 유지되나, 뉴스 헤드라인상의 노사 갈등 및 기술 유출 소식이 단기 변동성을 높일 것으로 판단되어, 수익을 일부 확정하고 현금 비중을 보강하기 위해 매도합니다.""}, {""turn"": 8, ""date"": ""2026-04-23"", ""action"": ""buy"", ""stock_code"": ""005930"", ""quantity"": 45, ""executed_price"": 224500.0, ""trade_value"": 10102500.0, ""status"": ""filled"", ""filled_quantity"": 45, ""action_reason"": ""반도체 호황과 코스피 사상 최고치로 상승 모멘텀이 강하며, 기술적 지표 (MA5) 가 지지하고 있어 추세를 따라 매수합니다.""}]}}]"
chunk_009_2026-04-27_2026-05-04,2026-04-27,2,A008,5,5,,"[{""post_id"": 3249, ""title"": ""삼성전자 기술적 상승과 노조 파업 리스크: 신중한 접근이 필요합니다."", ""post_type"": ""analysis"", ""score"": 19}, {""post_id"": 3254, ""title"": ""파업 리스크 속 소신 있는 매도"", ""post_type"": ""trade_share"", ""score"": 16}, {""post_id"": 3260, ""title"": ""노조 파업 리스크에 대한 신중한 접근 필요"", ""post_type"": ""analysis"", ""score"": 7}, {""post_id"": 3264, ""title"": ""삼성전자, 노조 파업 리스크 속에서도 기술적 지지선은 여전히 긍정적"", ""post_type"": ""analysis"", ""score"": 2}, {""post_id"": 3250, ""title"": ""오늘 삼성전자 매도했습니다"", ""post_type"": ""trade_share"", ""score"": 1}]","[{""post_id"": 3249, ""title"": ""삼성전자 기술적 상승과 노조 파업 리스크: 신중한 접근이 필요합니다."", ""post_type"": ""analysis"", ""content"": ""안녕하세요, 투자자 여러분. 오늘 삼성전자 주식 거래를 마친 후 느낀 점을 공유하고자 합니다. 현재 기술적 지표에서는 상승 신호가 보이고 있지만, 노조 파업에 대한 불안감이 커지고 있는 상황입니다. 오늘 일부 매도를 하며 리스크를 줄였는데, MA5 지지 확인 덕분에 기술적 신뢰도가 상승했다고 생각합니다. 하지만 노조 파업이 예상보다 크게 진행될 가능성이 있어 신중하게 접근해야 할 것 같습니다. 여러분은 어떻게 생각하시나요? 추가 매수나 매도에 대한 의견이 궁금합니다."", ""reaction"": ""like"", ""author_badges"": [""상위 수익자"", ""자산가""], ""author_profile"": null}, {""post_id"": 3254, ""title"": ""파업 리스크 속 소신 있는 매도"", ""post_type"": ""trade_share"", ""content"": ""안녕하세요, 여러분. 오늘 삼성전자의 노조 파업 장기화 우려로 인해 50주 매도했습니다. 단기 변동성을 고려해 현금을 확보하는 것이 리스크 관리에 더 나은 판단이라고 생각했습니다. 현재 수익 상태라 일부 실현하면서 방어선을 강화했어요. 여러분은 이런 상황에서 어떻게 대응하시나요?"", ""reaction"": ""like"", ""author_badges"": [""상위 수익자"", ""자산가""], ""author_profile"": null}, {""post_id"": 3260, ""title"": ""노조 파업 리스크에 대한 신중한 접근 필요"", ""post_type"": ""analysis"", ""content"": ""안녕하세요, 삼성전자 투자자 여러분. 오늘 주가는 여전히 저평가 매력으로 보이나, 노조 파업 리스크가 커지면서 단기적으로 변동성이 확대될 우려가 있습니다. PER 5.4배로 매력적인 지표를 보이고 있지만, 안전마진을 고려해 추가 매수는 보류했습니다. 여러분은 현재의 상황을 어떻게 보고 계신가요? 노사 문제에 대한 우려가 실제로 주가에 어떤 영향을 미칠지에 대한 의견을 나누어 보았으면 합니다."", ""reaction"": ""like"", ""author_badges"": [], ""author_profile"": null}, {""post_id"": 3264, ""title"": ""삼성전자, 노조 파업 리스크 속에서도 기술적 지지선은 여전히 긍정적"", ""post_type"": ""analysis"", ""content"": ""안녕하세요, 여러분. 오늘 삼성전자가 저평가된 PER과 MA5 지지선 덕분에 매수 신호가 강하게 나타났습니다. 하지만 최근 노조 파업 리스크가 커져서 단기 변동성이 확대될 우려가 있네요. 기술적 상승 추세가 유지되고 있지만, 리스크 관리가 중요하다고 생각합니다. 여러분은 어떻게 생각하시나요? 노조 이슈가 주가에 미치는 영향에 대해 의견이 궁금합니다."", ""reaction"": ""read"", ""author_badges"": [], ""author_profile"": null}, {""post_id"": 3246, ""title"": ""오늘 삼성전자 전량 매도했습니다."", ""post_type"": ""trade_share"", ""content"": ""안녕하세요, 여러분. 오늘 삼성전자 100주를 전량 매도했습니다. 파업 발표로 인한 생산 차질 우려와 주가가 사상 최고치를 기록한 점을 고려했을 때, 리스크를 회피하는 것이 안정성을 중시하는 제 투자 전략에 맞다고 생각했습니다. 현재 시장 상황이 불안정한 만큼, 앞으로의 흐름을 지켜보며 재진입 시점을 고민해보려 합니다. 여러분은 어떻게 생각하시나요?"", ""reaction"": ""unlike"", ""author_badges"": [""커뮤니티 인플루언서""], ""author_profile"": null}]"
chunk_009_2026-04-27_2026-05-04,2026-04-27,2,A010,5,5,,"[{""post_id"": 3249, ""title"": ""삼성전자 기술적 상승과 노조 파업 리스크: 신중한 접근이 필요합니다."", ""post_type"": ""analysis"", ""score"": 19}, {""post_id"": 3254, ""title"": ""파업 리스크 속 소신 있는 매도"", ""post_type"": ""trade_share"", ""score"": 16}, {""post_id"": 3260, ""title"": ""노조 파업 리스크에 대한 신중한 접근 필요"", ""post_type"": ""analysis"", ""score"": 7}, {""post_id"": 3264, ""title"": ""삼성전자, 노조 파업 리스크 속에서도 기술적 지지선은 여전히 긍정적"", ""post_type"": ""analysis"", ""score"": 2}, {""post_id"": 3250, ""title"": ""오늘 삼성전자 매도했습니다"", ""post_type"": ""trade_share"", ""score"": 1}]","[{""post_id"": 3249, ""title"": ""삼성전자 기술적 상승과 노조 파업 리스크: 신중한 접근이 필요합니다."", ""post_type"": ""analysis"", ""content"": ""안녕하세요, 투자자 여러분. 오늘 삼성전자 주식 거래를 마친 후 느낀 점을 공유하고자 합니다. 현재 기술적 지표에서는 상승 신호가 보이고 있지만, 노조 파업에 대한 불안감이 커지고 있는 상황입니다. 오늘 일부 매도를 하며 리스크를 줄였는데, MA5 지지 확인 덕분에 기술적 신뢰도가 상승했다고 생각합니다. 하지만 노조 파업이 예상보다 크게 진행될 가능성이 있어 신중하게 접근해야 할 것 같습니다. 여러분은 어떻게 생각하시나요? 추가 매수나 매도에 대한 의견이 궁금합니다."", ""reaction"": ""like"", ""author_badges"": [""상위 수익자"", ""자산가""], ""author_profile"": null}, {""post_id"": 3260, ""title"": ""노조 파업 리스크에 대한 신중한 접근 필요"", ""post_type"": ""analysis"", ""content"": ""안녕하세요, 삼성전자 투자자 여러분. 오늘 주가는 여전히 저평가 매력으로 보이나, 노조 파업 리스크가 커지면서 단기적으로 변동성이 확대될 우려가 있습니다. PER 5.4배로 매력적인 지표를 보이고 있지만, 안전마진을 고려해 추가 매수는 보류했습니다. 여러분은 현재의 상황을 어떻게 보고 계신가요? 노사 문제에 대한 우려가 실제로 주가에 어떤 영향을 미칠지에 대한 의견을 나누어 보았으면 합니다."", ""reaction"": ""like"", ""author_badges"": [], ""author_profile"": null}, {""post_id"": 3253, ""title"": ""삼성전자 추가 매수했습니다!"", ""post_type"": ""trade_share"", ""content"": ""안녕하세요, 오늘 삼성전자 50주 추가 매수했습니다. 공시가 224,500원으로 PE 지표를 기반으로 저평가 구간이라 판단했습니다. 파업 리스크가 있지만 반도체 사이클 회복세로 장기적 관점에서 긍정적인 기회라고 생각합니다. 여러분은 어떻게 보시나요?"", ""reaction"": ""unlike"", ""author_badges"": [""상위 수익자"", ""자산가""], ""author_profile"": null}, {""post_id"": 3259, ""title"": ""오늘 삼성전자 매수했습니다!"", ""post_type"": ""trade_share"", ""content"": ""안녕하세요, 여러분! 오늘 삼성전자를 111주 매수했습니다. 반도체 수요 증가와 코스피 상승세가 이어지고 있어서 매수 결정을 내렸습니다. 기술적 지표도 긍정적이어서 이번 포지션 확대가 좋은 선택이 될 것 같아요. 고위험 고수익을 선호하는 저에게는 매력적인 기회라 생각합니다. 여러분은 어떻게 생각하시나요?"", ""reaction"": ""unlike"", ""author_badges"": [], ""author_profile"": null}, {""post_id"": 3264, ""title"": ""삼성전자, 노조 파업 리스크 속에서도 기술적 지지선은 여전히 긍정적"", ""post_type"": ""analysis"", ""content"": ""안녕하세요, 여러분. 오늘 삼성전자가 저평가된 PER과 MA5 지지선 덕분에 매수 신호가 강하게 나타났습니다. 하지만 최근 노조 파업 리스크가 커져서 단기 변동성이 확대될 우려가 있네요. 기술적 상승 추세가 유지되고 있지만, 리스크 관리가 중요하다고 생각합니다. 여러분은 어떻게 생각하시나요? 노조 이슈가 주가에 미치는 영향에 대해 의견이 궁금합니다."", ""reaction"": ""like"", ""author_badges"": [], ""author_profile"": null}]"
chunk_009_2026-04-27_2026-05-04,2026-04-27,2,A011,5,5,,"[{""post_id"": 3249, ""title"": ""삼성전자 기술적 상승과 노조 파업 리스크: 신중한 접근이 필요합니다."", ""post_type"": ""analysis"", ""score"": 19}, {""post_id"": 3254, ""title"": ""파업 리스크 속 소신 있는 매도"", ""post_type"": ""trade_share"", ""score"": 16}, {""post_id"": 3260, ""title"": ""노조 파업 리스크에 대한 신중한 접근 필요"", ""post_type"": ""analysis"", ""score"": 7}, {""post_id"": 3264, ""title"": ""삼성전자, 노조 파업 리스크 속에서도 기술적 지지선은 여전히 긍정적"", ""post_type"": ""analysis"", ""score"": 2}, {""post_id"": 3250, ""title"": ""오늘 삼성전자 매도했습니다"", ""post_type"": ""trade_share"", ""score"": 1}]","[{""post_id"": 3249, ""title"": ""삼성전자 기술적 상승과 노조 파업 리스크: 신중한 접근이 필요합니다."", ""post_type"": ""analysis"", ""content"": ""안녕하세요, 투자자 여러분. 오늘 삼성전자 주식 거래를 마친 후 느낀 점을 공유하고자 합니다. 현재 기술적 지표에서는 상승 신호가 보이고 있지만, 노조 파업에 대한 불안감이 커지고 있는 상황입니다. 오늘 일부 매도를 하며 리스크를 줄였는데, MA5 지지 확인 덕분에 기술적 신뢰도가 상승했다고 생각합니다. 하지만 노조 파업이 예상보다 크게 진행될 가능성이 있어 신중하게 접근해야 할 것 같습니다. 여러분은 어떻게 생각하시나요? 추가 매수나 매도에 대한 의견이 궁금합니다."", ""reaction"": ""like"", ""author_badges"": [""상위 수익자"", ""자산가""], ""author_profile"": null}, {""post_id"": 3254, ""title"": ""파업 리스크 속 소신 있는 매도"", ""post_type"": ""trade_share"", ""content"": ""안녕하세요, 여러분. 오늘 삼성전자의 노조 파업 장기화 우려로 인해 50주 매도했습니다. 단기 변동성을 고려해 현금을 확보하는 것이 리스크 관리에 더 나은 판단이라고 생각했습니다. 현재 수익 상태라 일부 실현하면서 방어선을 강화했어요. 여러분은 이런 상황에서 어떻게 대응하시나요?"", ""reaction"": ""like"", ""author_badges"": [""상위 수익자"", ""자산가""], ""author_profile"": null}, {""post_id"": 3260, ""title"": ""노조 파업 리스크에 대한 신중한 접근 필요"", ""post_type"": ""analysis"", ""content"": ""안녕하세요, 삼성전자 투자자 여러분. 오늘 주가는 여전히 저평가 매력으로 보이나, 노조 파업 리스크가 커지면서 단기적으로 변동성이 확대될 우려가 있습니다. PER 5.4배로 매력적인 지표를 보이고 있지만, 안전마진을 고려해 추가 매수는 보류했습니다. 여러분은 현재의 상황을 어떻게 보고 계신가요? 노사 문제에 대한 우려가 실제로 주가에 어떤 영향을 미칠지에 대한 의견을 나누어 보았으면 합니다."", ""reaction"": ""like"", ""author_badges"": [], ""author_profile"": null}, {""post_id"": 3264, ""title"": ""삼성전자, 노조 파업 리스크 속에서도 기술적 지지선은 여전히 긍정적"", ""post_type"": ""analysis"", ""content"": ""안녕하세요, 여러분. 오늘 삼성전자가 저평가된 PER과 MA5 지지선 덕분에 매수 신호가 강하게 나타났습니다. 하지만 최근 노조 파업 리스크가 커져서 단기 변동성이 확대될 우려가 있네요. 기술적 상승 추세가 유지되고 있지만, 리스크 관리가 중요하다고 생각합니다. 여러분은 어떻게 생각하시나요? 노조 이슈가 주가에 미치는 영향에 대해 의견이 궁금합니다."", ""reaction"": ""read"", ""author_badges"": [], ""author_profile"": null}, {""post_id"": 3246, ""title"": ""오늘 삼성전자 전량 매도했습니다."", ""post_type"": ""trade_share"", ""content"": ""안녕하세요, 여러분. 오늘 삼성전자 100주를 전량 매도했습니다. 파업 발표로 인한 생산 차질 우려와 주가가 사상 최고치를 기록한 점을 고려했을 때, 리스크를 회피하는 것이 안정성을 중시하는 제 투자 전략에 맞다고 생각했습니다. 현재 시장 상황이 불안정한 만큼, 앞으로의 흐름을 지켜보며 재진입 시점을 고민해보려 합니다. 여러분은 어떻게 생각하시나요?"", ""reaction"": ""unlike"", ""author_badges"": [""커뮤니티 인플루언서""], ""author_profile"": null}]"
chunk_009_2026-04-27_2026-05-04,2026-04-27,2,A012,5,5,,"[{""post_id"": 3249, ""title"": ""삼성전자 기술적 상승과 노조 파업 리스크: 신중한 접근이 필요합니다."", ""post_type"": ""analysis"", ""score"": 19}, {""post_id"": 3254, ""title"": ""파업 리스크 속 소신 있는 매도"", ""post_type"": ""trade_share"", ""score"": 16}, {""post_id"": 3260, ""title"": ""노조 파업 리스크에 대한 신중한 접근 필요"", ""post_type"": ""analysis"", ""score"": 7}, {""post_id"": 3264, ""title"": ""삼성전자, 노조 파업 리스크 속에서도 기술적 지지선은 여전히 긍정적"", ""post_type"": ""analysis"", ""score"": 2}, {""post_id"": 3250, ""title"": ""오늘 삼성전자 매도했습니다"", ""post_type"": ""trade_share"", ""score"": 1}]","[{""post_id"": 3249, ""title"": ""삼성전자 기술적 상승과 노조 파업 리스크: 신중한 접근이 필요합니다."", ""post_type"": ""analysis"", ""content"": ""안녕하세요, 투자자 여러분. 오늘 삼성전자 주식 거래를 마친 후 느낀 점을 공유하고자 합니다. 현재 기술적 지표에서는 상승 신호가 보이고 있지만, 노조 파업에 대한 불안감이 커지고 있는 상황입니다. 오늘 일부 매도를 하며 리스크를 줄였는데, MA5 지지 확인 덕분에 기술적 신뢰도가 상승했다고 생각합니다. 하지만 노조 파업이 예상보다 크게 진행될 가능성이 있어 신중하게 접근해야 할 것 같습니다. 여러분은 어떻게 생각하시나요? 추가 매수나 매도에 대한 의견이 궁금합니다."", ""reaction"": ""like"", ""author_badges"": [""상위 수익자"", ""자산가""], ""author_profile"": null}, {""post_id"": 3260, ""title"": ""노조 파업 리스크에 대한 신중한 접근 필요"", ""post_type"": ""analysis"", ""content"": ""안녕하세요, 삼성전자 투자자 여러분. 오늘 주가는 여전히 저평가 매력으로 보이나, 노조 파업 리스크가 커지면서 단기적으로 변동성이 확대될 우려가 있습니다. PER 5.4배로 매력적인 지표를 보이고 있지만, 안전마진을 고려해 추가 매수는 보류했습니다. 여러분은 현재의 상황을 어떻게 보고 계신가요? 노사 문제에 대한 우려가 실제로 주가에 어떤 영향을 미칠지에 대한 의견을 나누어 보았으면 합니다."", ""reaction"": ""like"", ""author_badges"": [], ""author_profile"": null}, {""post_id"": 3254, ""title"": ""파업 리스크 속 소신 있는 매도"", ""post_type"": ""trade_share"", ""content"": ""안녕하세요, 여러분. 오늘 삼성전자의 노조 파업 장기화 우려로 인해 50주 매도했습니다. 단기 변동성을 고려해 현금을 확보하는 것이 리스크 관리에 더 나은 판단이라고 생각했습니다. 현재 수익 상태라 일부 실현하면서 방어선을 강화했어요. 여러분은 이런 상황에서 어떻게 대응하시나요?"", ""reaction"": ""like"", ""author_badges"": [""상위 수익자"", ""자산가""], ""author_profile"": null}, {""post_id"": 3264, ""title"": ""삼성전자, 노조 파업 리스크 속에서도 기술적 지지선은 여전히 긍정적"", ""post_type"": ""analysis"", ""content"": ""안녕하세요, 여러분. 오늘 삼성전자가 저평가된 PER과 MA5 지지선 덕분에 매수 신호가 강하게 나타났습니다. 하지만 최근 노조 파업 리스크가 커져서 단기 변동성이 확대될 우려가 있네요. 기술적 상승 추세가 유지되고 있지만, 리스크 관리가 중요하다고 생각합니다. 여러분은 어떻게 생각하시나요? 노조 이슈가 주가에 미치는 영향에 대해 의견이 궁금합니다."", ""reaction"": ""read"", ""author_badges"": [], ""author_profile"": null}, {""post_id"": 3253, ""title"": ""삼성전자 추가 매수했습니다!"", ""post_type"": ""trade_share"", ""content"": ""안녕하세요, 오늘 삼성전자 50주 추가 매수했습니다. 공시가 224,500원으로 PE 지표를 기반으로 저평가 구간이라 판단했습니다. 파업 리스크가 있지만 반도체 사이클 회복세로 장기적 관점에서 긍정적인 기회라고 생각합니다. 여러분은 어떻게 보시나요?"", ""reaction"": ""unlike"", ""author_badges"": [""상위 수익자"", ""자산가""], ""author_profile"": null}]"
chunk_009_2026-04-27_2026-05-04,2026-04-27,2,A013,5,5,,"[{""post_id"": 3249, ""title"": ""삼성전자 기술적 상승과 노조 파업 리스크: 신중한 접근이 필요합니다."", ""post_type"": ""analysis"", ""score"": 19}, {""post_id"": 3254, ""title"": ""파업 리스크 속 소신 있는 매도"", ""post_type"": ""trade_share"", ""score"": 16}, {""post_id"": 3260, ""title"": ""노조 파업 리스크에 대한 신중한 접근 필요"", ""post_type"": ""analysis"", ""score"": 7}, {""post_id"": 3264, ""title"": ""삼성전자, 노조 파업 리스크 속에서도 기술적 지지선은 여전히 긍정적"", ""post_type"": ""analysis"", ""score"": 2}, {""post_id"": 3250, ""title"": ""오늘 삼성전자 매도했습니다"", ""post_type"": ""trade_share"", ""score"": 1}]","[{""post_id"": 3249, ""title"": ""삼성전자 기술적 상승과 노조 파업 리스크: 신중한 접근이 필요합니다."", ""post_type"": ""analysis"", ""content"": ""안녕하세요, 투자자 여러분. 오늘 삼성전자 주식 거래를 마친 후 느낀 점을 공유하고자 합니다. 현재 기술적 지표에서는 상승 신호가 보이고 있지만, 노조 파업에 대한 불안감이 커지고 있는 상황입니다. 오늘 일부 매도를 하며 리스크를 줄였는데, MA5 지지 확인 덕분에 기술적 신뢰도가 상승했다고 생각합니다. 하지만 노조 파업이 예상보다 크게 진행될 가능성이 있어 신중하게 접근해야 할 것 같습니다. 여러분은 어떻게 생각하시나요? 추가 매수나 매도에 대한 의견이 궁금합니다."", ""reaction"": ""like"", ""author_badges"": [""상위 수익자"", ""자산가""], ""author_profile"": null}, {""post_id"": 3254, ""title"": ""파업 리스크 속 소신 있는 매도"", ""post_type"": ""trade_share"", ""content"": ""안녕하세요, 여러분. 오늘 삼성전자의 노조 파업 장기화 우려로 인해 50주 매도했습니다. 단기 변동성을 고려해 현금을 확보하는 것이 리스크 관리에 더 나은 판단이라고 생각했습니다. 현재 수익 상태라 일부 실현하면서 방어선을 강화했어요. 여러분은 이런 상황에서 어떻게 대응하시나요?"", ""reaction"": ""like"", ""author_badges"": [""상위 수익자"", ""자산가""], ""author_profile"": null}, {""post_id"": 3260, ""title"": ""노조 파업 리스크에 대한 신중한 접근 필요"", ""post_type"": ""analysis"", ""content"": ""안녕하세요, 삼성전자 투자자 여러분. 오늘 주가는 여전히 저평가 매력으로 보이나, 노조 파업 리스크가 커지면서 단기적으로 변동성이 확대될 우려가 있습니다. PER 5.4배로 매력적인 지표를 보이고 있지만, 안전마진을 고려해 추가 매수는 보류했습니다. 여러분은 현재의 상황을 어떻게 보고 계신가요? 노사 문제에 대한 우려가 실제로 주가에 어떤 영향을 미칠지에 대한 의견을 나누어 보았으면 합니다."", ""reaction"": ""unlike"", ""author_badges"": [], ""author_profile"": null}, {""post_id"": 3264, ""title"": ""삼성전자, 노조 파업 리스크 속에서도 기술적 지지선은 여전히 긍정적"", ""post_type"": ""analysis"", ""content"": ""안녕하세요, 여러분. 오늘 삼성전자가 저평가된 PER과 MA5 지지선 덕분에 매수 신호가 강하게 나타났습니다. 하지만 최근 노조 파업 리스크가 커져서 단기 변동성이 확대될 우려가 있네요. 기술적 상승 추세가 유지되고 있지만, 리스크 관리가 중요하다고 생각합니다. 여러분은 어떻게 생각하시나요? 노조 이슈가 주가에 미치는 영향에 대해 의견이 궁금합니다."", ""reaction"": ""like"", ""author_badges"": [], ""author_profile"": null}, {""post_id"": 3246, ""title"": ""오늘 삼성전자 전량 매도했습니다."", ""post_type"": ""trade_share"", ""content"": ""안녕하세요, 여러분. 오늘 삼성전자 100주를 전량 매도했습니다. 파업 발표로 인한 생산 차질 우려와 주가가 사상 최고치를 기록한 점을 고려했을 때, 리스크를 회피하는 것이 안정성을 중시하는 제 투자 전략에 맞다고 생각했습니다. 현재 시장 상황이 불안정한 만큼, 앞으로의 흐름을 지켜보며 재진입 시점을 고민해보려 합니다. 여러분은 어떻게 생각하시나요?"", ""reaction"": ""unlike"", ""author_badges"": [""커뮤니티 인플루언서""], ""author_profile"": null}]"
chunk_009_2026-04-27_2026-05-04,2026-04-27,2,A014,5,5,,"[{""post_id"": 3249, ""title"": ""삼성전자 기술적 상승과 노조 파업 리스크: 신중한 접근이 필요합니다."", ""post_type"": ""analysis"", ""score"": 19}, {""post_id"": 3254, ""title"": ""파업 리스크 속 소신 있는 매도"", ""post_type"": ""trade_share"", ""score"": 16}, {""post_id"": 3260, ""title"": ""노조 파업 리스크에 대한 신중한 접근 필요"", ""post_type"": ""analysis"", ""score"": 7}, {""post_id"": 3264, ""title"": ""삼성전자, 노조 파업 리스크 속에서도 기술적 지지선은 여전히 긍정적"", ""post_type"": ""analysis"", ""score"": 2}, {""post_id"": 3250, ""title"": ""오늘 삼성전자 매도했습니다"", ""post_type"": ""trade_share"", ""score"": 1}]","[{""post_id"": 3249, ""title"": ""삼성전자 기술적 상승과 노조 파업 리스크: 신중한 접근이 필요합니다."", ""post_type"": ""analysis"", ""content"": ""안녕하세요, 투자자 여러분. 오늘 삼성전자 주식 거래를 마친 후 느낀 점을 공유하고자 합니다. 현재 기술적 지표에서는 상승 신호가 보이고 있지만, 노조 파업에 대한 불안감이 커지고 있는 상황입니다. 오늘 일부 매도를 하며 리스크를 줄였는데, MA5 지지 확인 덕분에 기술적 신뢰도가 상승했다고 생각합니다. 하지만 노조 파업이 예상보다 크게 진행될 가능성이 있어 신중하게 접근해야 할 것 같습니다. 여러분은 어떻게 생각하시나요? 추가 매수나 매도에 대한 의견이 궁금합니다."", ""reaction"": ""like"", ""author_badges"": [""상위 수익자"", ""자산가""], ""author_profile"": null}, {""post_id"": 3254, ""title"": ""파업 리스크 속 소신 있는 매도"", ""post_type"": ""trade_share"", ""content"": ""안녕하세요, 여러분. 오늘 삼성전자의 노조 파업 장기화 우려로 인해 50주 매도했습니다. 단기 변동성을 고려해 현금을 확보하는 것이 리스크 관리에 더 나은 판단이라고 생각했습니다. 현재 수익 상태라 일부 실현하면서 방어선을 강화했어요. 여러분은 이런 상황에서 어떻게 대응하시나요?"", ""reaction"": ""like"", ""author_badges"": [""상위 수익자"", ""자산가""], ""author_profile"": null}, {""post_id"": 3260, ""title"": ""노조 파업 리스크에 대한 신중한 접근 필요"", ""post_type"": ""analysis"", ""content"": ""안녕하세요, 삼성전자 투자자 여러분. 오늘 주가는 여전히 저평가 매력으로 보이나, 노조 파업 리스크가 커지면서 단기적으로 변동성이 확대될 우려가 있습니다. PER 5.4배로 매력적인 지표를 보이고 있지만, 안전마진을 고려해 추가 매수는 보류했습니다. 여러분은 현재의 상황을 어떻게 보고 계신가요? 노사 문제에 대한 우려가 실제로 주가에 어떤 영향을 미칠지에 대한 의견을 나누어 보았으면 합니다."", ""reaction"": ""like"", ""author_badges"": [], ""author_profile"": null}, {""post_id"": 3264, ""title"": ""삼성전자, 노조 파업 리스크 속에서도 기술적 지지선은 여전히 긍정적"", ""post_type"": ""analysis"", ""content"": ""안녕하세요, 여러분. 오늘 삼성전자가 저평가된 PER과 MA5 지지선 덕분에 매수 신호가 강하게 나타났습니다. 하지만 최근 노조 파업 리스크가 커져서 단기 변동성이 확대될 우려가 있네요. 기술적 상승 추세가 유지되고 있지만, 리스크 관리가 중요하다고 생각합니다. 여러분은 어떻게 생각하시나요? 노조 이슈가 주가에 미치는 영향에 대해 의견이 궁금합니다."", ""reaction"": ""read"", ""author_badges"": [], ""author_profile"": null}, {""post_id"": 3246, ""title"": ""오늘 삼성전자 전량 매도했습니다."", ""post_type"": ""trade_share"", ""content"": ""안녕하세요, 여러분. 오늘 삼성전자 100주를 전량 매도했습니다. 파업 발표로 인한 생산 차질 우려와 주가가 사상 최고치를 기록한 점을 고려했을 때, 리스크를 회피하는 것이 안정성을 중시하는 제 투자 전략에 맞다고 생각했습니다. 현재 시장 상황이 불안정한 만큼, 앞으로의 흐름을 지켜보며 재진입 시점을 고민해보려 합니다. 여러분은 어떻게 생각하시나요?"", ""reaction"": ""unlike"", ""author_badges"": [""커뮤니티 인플루언서""], ""author_profile"": null}]"
chunk_009_2026-04-27_2026-05-04,2026-04-27,2,A015,5,5,,"[{""post_id"": 3249, ""title"": ""삼성전자 기술적 상승과 노조 파업 리스크: 신중한 접근이 필요합니다."", ""post_type"": ""analysis"", ""score"": 19}, {""post_id"": 3254, ""title"": ""파업 리스크 속 소신 있는 매도"", ""post_type"": ""trade_share"", ""score"": 16}, {""post_id"": 3260, ""title"": ""노조 파업 리스크에 대한 신중한 접근 필요"", ""post_type"": ""analysis"", ""score"": 7}, {""post_id"": 3264, ""title"": ""삼성전자, 노조 파업 리스크 속에서도 기술적 지지선은 여전히 긍정적"", ""post_type"": ""analysis"", ""score"": 2}, {""post_id"": 3250, ""title"": ""오늘 삼성전자 매도했습니다"", ""post_type"": ""trade_share"", ""score"": 1}]","[{""post_id"": 3249, ""title"": ""삼성전자 기술적 상승과 노조 파업 리스크: 신중한 접근이 필요합니다."", ""post_type"": ""analysis"", ""content"": ""안녕하세요, 투자자 여러분. 오늘 삼성전자 주식 거래를 마친 후 느낀 점을 공유하고자 합니다. 현재 기술적 지표에서는 상승 신호가 보이고 있지만, 노조 파업에 대한 불안감이 커지고 있는 상황입니다. 오늘 일부 매도를 하며 리스크를 줄였는데, MA5 지지 확인 덕분에 기술적 신뢰도가 상승했다고 생각합니다. 하지만 노조 파업이 예상보다 크게 진행될 가능성이 있어 신중하게 접근해야 할 것 같습니다. 여러분은 어떻게 생각하시나요? 추가 매수나 매도에 대한 의견이 궁금합니다."", ""reaction"": ""like"", ""author_badges"": [""상위 수익자"", ""자산가""], ""author_profile"": {""portfolio_summary"": {""state_id"": ""ps_A004_t002"", ""agent_id"": ""A004"", ""turn"": 2, ""date"": ""2026-04-27"", ""cash"": 72510000.0, ""positions"": ""[{\""stock_code\"": \""005930\"", \""quantity\"": 127, \""avg_cost\"": 220000.0, \""current_price\"": 224500.0, \""unrealized_pnl\"": 571500.0, \""unrealized_pnl_rate\"": 0.020454545454545454}]"", ""total_value"": 101021500.0, ""realized_pnl"": 450000.0, ""total_return_rate"": 0.010215, ""updated_at"": ""2026-07-15 16:43:07""}, ""recent_trades"": [{""turn"": 10, ""date"": ""2026-04-24"", ""action"": ""buy"", ""stock_code"": ""005930"", ""quantity"": 100, ""executed_price"": 219500.0, ""trade_value"": 21950000.0, ""status"": ""filled"", ""filled_quantity"": 100, ""action_reason"": ""실적 초호재 뉴스와 MA5(219,000 원) 지지선 부근에서 매수 기회로 판단. 현재 손실 구간 (평균 221,167 원) 이므로 손실 시 추가 매수 성향에 따라 평균 단가 하향 시도.""}, {""turn"": 9, ""date"": ""2026-04-24"", ""action"": ""sell"", ""stock_code"": ""005930"", ""quantity"": 70, ""executed_price"": 224000.0, ""trade_value"": 15680000.0, ""status"": ""filled"", ""filled_quantity"": 70, ""action_reason"": ""수익 실현 욕구 (처분효과) 와 악재 뉴스 (파업/기술 유출) 로 인한 심리적 부담으로 매도. 기술적 고점 부근 (MA20 대비 11.8% 상승) 이므로 단기 수익 확정.""}, {""turn"": 8, ""date"": ""2026-04-23"", ""action"": ""buy"", ""stock_code"": ""005930"", ""quantity"": 100, ""executed_price"": 224500.0, ""trade_value"": 22450000.0, ""status"": ""filled"", ""filled_quantity"": 100, ""action_reason"": ""실적 호조와 기술적 돌파 신호로 상승 추세가 명확하며, 이번에는 처분효과를 극복하고 추세를 따라 매수합니다.""}]}}, {""post_id"": 3254, ""title"": ""파업 리스크 속 소신 있는 매도"", ""post_type"": ""trade_share"", ""content"": ""안녕하세요, 여러분. 오늘 삼성전자의 노조 파업 장기화 우려로 인해 50주 매도했습니다. 단기 변동성을 고려해 현금을 확보하는 것이 리스크 관리에 더 나은 판단이라고 생각했습니다. 현재 수익 상태라 일부 실현하면서 방어선을 강화했어요. 여러분은 이런 상황에서 어떻게 대응하시나요?"", ""reaction"": ""like"", ""author_badges"": [""상위 수익자"", ""자산가""], ""author_profile"": {""portfolio_summary"": {""state_id"": ""ps_A010_t002"", ""agent_id"": ""A010"", ""turn"": 2, ""date"": ""2026-04-27"", ""cash"": 61285000.0, ""positions"": ""[{\""stock_code\"": \""005930\"", \""quantity\"": 177, \""avg_cost\"": 220000.0, \""current_price\"": 224500.0, \""unrealized_pnl\"": 796500.0, \""unrealized_pnl_rate\"": 0.020454545454545454}]"", ""total_value"": 101021500.0, ""realized_pnl"": 225000.0, ""total_return_rate"": 0.010215, ""updated_at"": ""2026-07-15 16:43:07""}, ""recent_trades"": [{""turn"": 10, ""date"": ""2026-04-24"", ""action"": ""sell"", ""stock_code"": ""005930"", ""quantity"": 10, ""executed_price"": 219500.0, ""trade_value"": 2195000.0, ""status"": ""filled"", ""filled_quantity"": 10, ""action_reason"": ""단기 노사 갈등으로 변동성 확대 예상되나, 실적 호조로 내재가치는 견고함. 현금 부족으로 추가 매수 시 방어선 확보 어려움에 따라, 현금 확보를 위해 소량 매도하여 유동성 확보.""}, {""turn"": 9, ""date"": ""2026-04-24"", ""action"": ""sell"", ""stock_code"": ""005930"", ""quantity"": 20, ""executed_price"": 224000.0, ""trade_value"": 4480000.0, ""status"": ""filled"", ""filled_quantity"": 20, ""action_reason"": ""노조 파업 예고와 기술 유출 리스크로 단기 변동성 확대 우려. 현재 현금 비중 (약 9%) 이 낮아 수익 실현을 통해 현금 확보 및 리스크 관리 필요.""}, {""turn"": 8, ""date"": ""2026-04-23"", ""action"": ""sell"", ""stock_code"": ""005930"", ""quantity"": 10, ""executed_price"": 224500.0, ""trade_value"": 2245000.0, ""status"": ""filled"", ""filled_quantity"": 10, ""action_reason"": ""현금 비중 7% 로 낮아 노사 갈등 리스크 대비 유동성 확보 필요. Belief 에서 현금 비중 유지 권장하며, 포트폴리오 리스크 관리 필요.""}]}}, {""post_id"": 3260, ""title"": ""노조 파업 리스크에 대한 신중한 접근 필요"", ""post_type"": ""analysis"", ""content"": ""안녕하세요, 삼성전자 투자자 여러분. 오늘 주가는 여전히 저평가 매력으로 보이나, 노조 파업 리스크가 커지면서 단기적으로 변동성이 확대될 우려가 있습니다. PER 5.4배로 매력적인 지표를 보이고 있지만, 안전마진을 고려해 추가 매수는 보류했습니다. 여러분은 현재의 상황을 어떻게 보고 계신가요? 노사 문제에 대한 우려가 실제로 주가에 어떤 영향을 미칠지에 대한 의견을 나누어 보았으면 합니다."", ""reaction"": ""like"", ""author_badges"": [], ""author_profile"": {""portfolio_summary"": {""state_id"": ""ps_A019_t002"", ""agent_id"": ""A019"", ""turn"": 2, ""date"": ""2026-04-27"", ""cash"": 72510000.0, ""positions"": ""[{\""stock_code\"": \""005930\"", \""quantity\"": 127, \""avg_cost\"": 220000.0, \""current_price\"": 224500.0, \""unrealized_pnl\"": 571500.0, \""unrealized_pnl_rate\"": 0.020454545454545454}]"", ""total_value"": 101021500.0, ""realized_pnl"": 450000.0, ""total_return_rate"": 0.010215, ""updated_at"": ""2026-07-15 16:43:07""}, ""recent_trades"": [{""turn"": 10, ""date"": ""2026-04-24"", ""action"": ""buy"", ""stock_code"": ""005930"", ""quantity"": 229, ""executed_price"": 219500.0, ""trade_value"": 50265500.0, ""status"": ""filled"", ""filled_quantity"": 229, ""action_reason"": ""실적 호조 (1 분기 영업이익 57 조 원) 와 저평가 (PER 5.4 배) 로 내재가치 대비 안전마진이 충분하며, 현금 보유로 재진입 유연성을 확보하여 가치 매수 기회로 판단.""}, {""turn"": 9, ""date"": ""2026-04-24"", ""action"": ""sell"", ""stock_code"": ""005930"", ""quantity"": 100, ""executed_price"": 224000.0, ""trade_value"": 22400000.0, ""status"": ""filled"", ""filled_quantity"": 100, ""action_reason"": ""노사 갈등 심화 및 파업 리스크로 단기 하방 압력이 우세하며, 기술 유출 우려로 인한 가치 평가 무효화 가능성을 고려하여 리스크 회피를 우선합니다.""}, {""turn"": 8, ""date"": ""2026-04-23"", ""action"": ""buy"", ""stock_code"": ""005930"", ""quantity"": 100, ""executed_price"": 224500.0, ""trade_value"": 22450000.0, ""status"": ""filled"", ""filled_quantity"": 100, ""action_reason"": ""시스템 제약으로 매수 필수이나, 고점 매수 리스크로 인해 현금 비중을 유지하며 제한적 매수 (100 주) 합니다. 실적 호조와 노사 갈등 리스크를 고려한 진입입니다.""}]}}, {""post_id"": 3264, ""title"": ""삼성전자, 노조 파업 리스크 속에서도 기술적 지지선은 여전히 긍정적"", ""post_type"": ""analysis"", ""content"": ""안녕하세요, 여러분. 오늘 삼성전자가 저평가된 PER과 MA5 지지선 덕분에 매수 신호가 강하게 나타났습니다. 하지만 최근 노조 파업 리스크가 커져서 단기 변동성이 확대될 우려가 있네요. 기술적 상승 추세가 유지되고 있지만, 리스크 관리가 중요하다고 생각합니다. 여러분은 어떻게 생각하시나요? 노조 이슈가 주가에 미치는 영향에 대해 의견이 궁금합니다."", ""reaction"": ""unlike"", ""author_badges"": [], ""author_profile"": {""portfolio_summary"": {""state_id"": ""ps_A027_t002"", ""agent_id"": ""A027"", ""turn"": 2, ""date"": ""2026-04-27"", ""cash"": 43325000.0, ""positions"": ""[{\""stock_code\"": \""005930\"", \""quantity\"": 257, \""avg_cost\"": 220525.29182879376, \""current_price\"": 224500.0, \""unrealized_pnl\"": 1021500.0000000026, \""unrealized_pnl_rate\"": 0.01802382002646674}]"", ""total_value"": 101021500.0, ""realized_pnl"": 0.0, ""total_return_rate"": 0.010215, ""updated_at"": ""2026-07-15 16:43:07""}, ""recent_trades"": [{""turn"": 10, ""date"": ""2026-04-24"", ""action"": ""buy"", ""stock_code"": ""005930"", ""quantity"": 20, ""executed_price"": 219500.0, ""trade_value"": 4390000.0, ""status"": ""filled"", ""filled_quantity"": 20, ""action_reason"": ""57 조 영업이익 헤드라인과 PER 5.4 배 저평가, 기술적 지지선 (21 만 9 천 원) 방어 성공으로 매수 확신 강화. 수익 종목이므로 보유 및 추가 매수로 승부.""}, {""turn"": 9, ""date"": ""2026-04-24"", ""action"": ""sell"", ""stock_code"": ""005930"", ""quantity"": 10, ""executed_price"": 224000.0, ""trade_value"": 2240000.0, ""status"": ""filled"", ""filled_quantity"": 10, ""action_reason"": ""기술적 상승 추세는 유지되나, 뉴스 헤드라인상의 노사 갈등 및 기술 유출 소식이 단기 변동성을 높일 것으로 판단되어, 수익을 일부 확정하고 현금 비중을 보강하기 위해 매도합니다.""}, {""turn"": 8, ""date"": ""2026-04-23"", ""action"": ""buy"", ""stock_code"": ""005930"", ""quantity"": 45, ""executed_price"": 224500.0, ""trade_value"": 10102500.0, ""status"": ""filled"", ""filled_quantity"": 45, ""action_reason"": ""반도체 호황과 코스피 사상 최고치로 상승 모멘텀이 강하며, 기술적 지표 (MA5) 가 지지하고 있어 추세를 따라 매수합니다.""}]}}, {""post_id"": 3246, ""title"": ""오늘 삼성전자 전량 매도했습니다."", ""post_type"": ""trade_share"", ""content"": ""안녕하세요, 여러분. 오늘 삼성전자 100주를 전량 매도했습니다. 파업 발표로 인한 생산 차질 우려와 주가가 사상 최고치를 기록한 점을 고려했을 때, 리스크를 회피하는 것이 안정성을 중시하는 제 투자 전략에 맞다고 생각했습니다. 현재 시장 상황이 불안정한 만큼, 앞으로의 흐름을 지켜보며 재진입 시점을 고민해보려 합니다. 여러분은 어떻게 생각하시나요?"", ""reaction"": ""read"", ""author_badges"": [""커뮤니티 인플루언서""], ""author_profile"": {""portfolio_summary"": {""state_id"": ""ps_A001_t002"", ""agent_id"": ""A001"", ""turn"": 2, ""date"": ""2026-04-27"", ""cash"": 100450000.0, ""positions"": ""[]"", ""total_value"": 100450000.0, ""realized_pnl"": 450000.0, ""total_return_rate"": 0.0045, ""updated_at"": ""2026-07-15 16:43:07""}, ""recent_trades"": [{""turn"": 10, ""date"": ""2026-04-24"", ""action"": ""buy"", ""stock_code"": ""005930"", ""quantity"": 100, ""executed_price"": 219500.0, ""trade_value"": 21950000.0, ""status"": ""filled"", ""filled_quantity"": 100, ""action_reason"": ""실적 호조와 PER 5.4 배 등 저평가 지표 확인. 현금 91% 로 여유 자금 충분. 단기 노사 리스크는 있으나 장기 가치 상승 여력 인정.""}, {""turn"": 9, ""date"": ""2026-04-24"", ""action"": ""sell"", ""stock_code"": ""005930"", ""quantity"": 10, ""executed_price"": 224000.0, ""trade_value"": 2240000.0, ""status"": ""filled"", ""filled_quantity"": 10, ""action_reason"": ""노조 파업과 기술 유출 리스크로 단기 변동성이 확대되어 안정성 선호 성향과 상충되며, 현재 주가는 리스크 프리미엄이 충분히 반영되지 않아 가치 투자 관점에서 매수 매력이 낮습니다. 따라서 수익 실현을 통해 단일 종목 집중도를 낮춥니다.""}, {""turn"": 8, ""date"": ""2026-04-23"", ""action"": ""sell"", ""stock_code"": ""005930"", ""quantity"": 10, ""executed_price"": 224500.0, ""trade_value"": 2245000.0, ""status"": ""filled"", ""filled_quantity"": 10, ""action_reason"": ""실적 호조에도 불구하고 단기 22 만 원대 횡보 예상과 노사 갈등 리스크로 고점 진입 우려가 있어, 현재 수익을 일부 실현합니다. 현금 비중이 높음에도 과거 성과 저조로 고점 추격을 경계하며, 조정 시 매수 기회를 위해 현금을 확보합니다.""}]}}]"
chunk_009_2026-04-27_2026-05-04,2026-04-27,2,A017,5,4,,"[{""post_id"": 3249, ""title"": ""삼성전자 기술적 상승과 노조 파업 리스크: 신중한 접근이 필요합니다."", ""post_type"": ""analysis"", ""score"": 19}, {""post_id"": 3254, ""title"": ""파업 리스크 속 소신 있는 매도"", ""post_type"": ""trade_share"", ""score"": 16}, {""post_id"": 3260, ""title"": ""노조 파업 리스크에 대한 신중한 접근 필요"", ""post_type"": ""analysis"", ""score"": 7}, {""post_id"": 3264, ""title"": ""삼성전자, 노조 파업 리스크 속에서도 기술적 지지선은 여전히 긍정적"", ""post_type"": ""analysis"", ""score"": 2}, {""post_id"": 3250, ""title"": ""오늘 삼성전자 매도했습니다"", ""post_type"": ""trade_share"", ""score"": 1}]","[{""post_id"": 3249, ""title"": ""삼성전자 기술적 상승과 노조 파업 리스크: 신중한 접근이 필요합니다."", ""post_type"": ""analysis"", ""content"": ""안녕하세요, 투자자 여러분. 오늘 삼성전자 주식 거래를 마친 후 느낀 점을 공유하고자 합니다. 현재 기술적 지표에서는 상승 신호가 보이고 있지만, 노조 파업에 대한 불안감이 커지고 있는 상황입니다. 오늘 일부 매도를 하며 리스크를 줄였는데, MA5 지지 확인 덕분에 기술적 신뢰도가 상승했다고 생각합니다. 하지만 노조 파업이 예상보다 크게 진행될 가능성이 있어 신중하게 접근해야 할 것 같습니다. 여러분은 어떻게 생각하시나요? 추가 매수나 매도에 대한 의견이 궁금합니다."", ""reaction"": ""like"", ""author_badges"": [""상위 수익자"", ""자산가""], ""author_profile"": {""portfolio_summary"": {""state_id"": ""ps_A004_t002"", ""agent_id"": ""A004"", ""turn"": 2, ""date"": ""2026-04-27"", ""cash"": 72510000.0, ""positions"": ""[{\""stock_code\"": \""005930\"", \""quantity\"": 127, \""avg_cost\"": 220000.0, \""current_price\"": 224500.0, \""unrealized_pnl\"": 571500.0, \""unrealized_pnl_rate\"": 0.020454545454545454}]"", ""total_value"": 101021500.0, ""realized_pnl"": 450000.0, ""total_return_rate"": 0.010215, ""updated_at"": ""2026-07-15 16:43:07""}, ""recent_trades"": [{""turn"": 10, ""date"": ""2026-04-24"", ""action"": ""buy"", ""stock_code"": ""005930"", ""quantity"": 100, ""executed_price"": 219500.0, ""trade_value"": 21950000.0, ""status"": ""filled"", ""filled_quantity"": 100, ""action_reason"": ""실적 초호재 뉴스와 MA5(219,000 원) 지지선 부근에서 매수 기회로 판단. 현재 손실 구간 (평균 221,167 원) 이므로 손실 시 추가 매수 성향에 따라 평균 단가 하향 시도.""}, {""turn"": 9, ""date"": ""2026-04-24"", ""action"": ""sell"", ""stock_code"": ""005930"", ""quantity"": 70, ""executed_price"": 224000.0, ""trade_value"": 15680000.0, ""status"": ""filled"", ""filled_quantity"": 70, ""action_reason"": ""수익 실현 욕구 (처분효과) 와 악재 뉴스 (파업/기술 유출) 로 인한 심리적 부담으로 매도. 기술적 고점 부근 (MA20 대비 11.8% 상승) 이므로 단기 수익 확정.""}, {""turn"": 8, ""date"": ""2026-04-23"", ""action"": ""buy"", ""stock_code"": ""005930"", ""quantity"": 100, ""executed_price"": 224500.0, ""trade_value"": 22450000.0, ""status"": ""filled"", ""filled_quantity"": 100, ""action_reason"": ""실적 호조와 기술적 돌파 신호로 상승 추세가 명확하며, 이번에는 처분효과를 극복하고 추세를 따라 매수합니다.""}]}}, {""post_id"": 3254, ""title"": ""파업 리스크 속 소신 있는 매도"", ""post_type"": ""trade_share"", ""content"": ""안녕하세요, 여러분. 오늘 삼성전자의 노조 파업 장기화 우려로 인해 50주 매도했습니다. 단기 변동성을 고려해 현금을 확보하는 것이 리스크 관리에 더 나은 판단이라고 생각했습니다. 현재 수익 상태라 일부 실현하면서 방어선을 강화했어요. 여러분은 이런 상황에서 어떻게 대응하시나요?"", ""reaction"": ""like"", ""author_badges"": [""상위 수익자"", ""자산가""], ""author_profile"": {""portfolio_summary"": {""state_id"": ""ps_A010_t002"", ""agent_id"": ""A010"", ""turn"": 2, ""date"": ""2026-04-27"", ""cash"": 61285000.0, ""positions"": ""[{\""stock_code\"": \""005930\"", \""quantity\"": 177, \""avg_cost\"": 220000.0, \""current_price\"": 224500.0, \""unrealized_pnl\"": 796500.0, \""unrealized_pnl_rate\"": 0.020454545454545454}]"", ""total_value"": 101021500.0, ""realized_pnl"": 225000.0, ""total_return_rate"": 0.010215, ""updated_at"": ""2026-07-15 16:43:07""}, ""recent_trades"": [{""turn"": 10, ""date"": ""2026-04-24"", ""action"": ""sell"", ""stock_code"": ""005930"", ""quantity"": 10, ""executed_price"": 219500.0, ""trade_value"": 2195000.0, ""status"": ""filled"", ""filled_quantity"": 10, ""action_reason"": ""단기 노사 갈등으로 변동성 확대 예상되나, 실적 호조로 내재가치는 견고함. 현금 부족으로 추가 매수 시 방어선 확보 어려움에 따라, 현금 확보를 위해 소량 매도하여 유동성 확보.""}, {""turn"": 9, ""date"": ""2026-04-24"", ""action"": ""sell"", ""stock_code"": ""005930"", ""quantity"": 20, ""executed_price"": 224000.0, ""trade_value"": 4480000.0, ""status"": ""filled"", ""filled_quantity"": 20, ""action_reason"": ""노조 파업 예고와 기술 유출 리스크로 단기 변동성 확대 우려. 현재 현금 비중 (약 9%) 이 낮아 수익 실현을 통해 현금 확보 및 리스크 관리 필요.""}, {""turn"": 8, ""date"": ""2026-04-23"", ""action"": ""sell"", ""stock_code"": ""005930"", ""quantity"": 10, ""executed_price"": 224500.0, ""trade_value"": 2245000.0, ""status"": ""filled"", ""filled_quantity"": 10, ""action_reason"": ""현금 비중 7% 로 낮아 노사 갈등 리스크 대비 유동성 확보 필요. Belief 에서 현금 비중 유지 권장하며, 포트폴리오 리스크 관리 필요.""}]}}, {""post_id"": 3260, ""title"": ""노조 파업 리스크에 대한 신중한 접근 필요"", ""post_type"": ""analysis"", ""content"": ""안녕하세요, 삼성전자 투자자 여러분. 오늘 주가는 여전히 저평가 매력으로 보이나, 노조 파업 리스크가 커지면서 단기적으로 변동성이 확대될 우려가 있습니다. PER 5.4배로 매력적인 지표를 보이고 있지만, 안전마진을 고려해 추가 매수는 보류했습니다. 여러분은 현재의 상황을 어떻게 보고 계신가요? 노사 문제에 대한 우려가 실제로 주가에 어떤 영향을 미칠지에 대한 의견을 나누어 보았으면 합니다."", ""reaction"": ""unlike"", ""author_badges"": [], ""author_profile"": {""portfolio_summary"": {""state_id"": ""ps_A019_t002"", ""agent_id"": ""A019"", ""turn"": 2, ""date"": ""2026-04-27"", ""cash"": 72510000.0, ""positions"": ""[{\""stock_code\"": \""005930\"", \""quantity\"": 127, \""avg_cost\"": 220000.0, \""current_price\"": 224500.0, \""unrealized_pnl\"": 571500.0, \""unrealized_pnl_rate\"": 0.020454545454545454}]"", ""total_value"": 101021500.0, ""realized_pnl"": 450000.0, ""total_return_rate"": 0.010215, ""updated_at"": ""2026-07-15 16:43:07""}, ""recent_trades"": [{""turn"": 10, ""date"": ""2026-04-24"", ""action"": ""buy"", ""stock_code"": ""005930"", ""quantity"": 229, ""executed_price"": 219500.0, ""trade_value"": 50265500.0, ""status"": ""filled"", ""filled_quantity"": 229, ""action_reason"": ""실적 호조 (1 분기 영업이익 57 조 원) 와 저평가 (PER 5.4 배) 로 내재가치 대비 안전마진이 충분하며, 현금 보유로 재진입 유연성을 확보하여 가치 매수 기회로 판단.""}, {""turn"": 9, ""date"": ""2026-04-24"", ""action"": ""sell"", ""stock_code"": ""005930"", ""quantity"": 100, ""executed_price"": 224000.0, ""trade_value"": 22400000.0, ""status"": ""filled"", ""filled_quantity"": 100, ""action_reason"": ""노사 갈등 심화 및 파업 리스크로 단기 하방 압력이 우세하며, 기술 유출 우려로 인한 가치 평가 무효화 가능성을 고려하여 리스크 회피를 우선합니다.""}, {""turn"": 8, ""date"": ""2026-04-23"", ""action"": ""buy"", ""stock_code"": ""005930"", ""quantity"": 100, ""executed_price"": 224500.0, ""trade_value"": 22450000.0, ""status"": ""filled"", ""filled_quantity"": 100, ""action_reason"": ""시스템 제약으로 매수 필수이나, 고점 매수 리스크로 인해 현금 비중을 유지하며 제한적 매수 (100 주) 합니다. 실적 호조와 노사 갈등 리스크를 고려한 진입입니다.""}]}}, {""post_id"": 3264, ""title"": ""삼성전자, 노조 파업 리스크 속에서도 기술적 지지선은 여전히 긍정적"", ""post_type"": ""analysis"", ""content"": ""안녕하세요, 여러분. 오늘 삼성전자가 저평가된 PER과 MA5 지지선 덕분에 매수 신호가 강하게 나타났습니다. 하지만 최근 노조 파업 리스크가 커져서 단기 변동성이 확대될 우려가 있네요. 기술적 상승 추세가 유지되고 있지만, 리스크 관리가 중요하다고 생각합니다. 여러분은 어떻게 생각하시나요? 노조 이슈가 주가에 미치는 영향에 대해 의견이 궁금합니다."", ""reaction"": ""read"", ""author_badges"": [], ""author_profile"": {""portfolio_summary"": {""state_id"": ""ps_A027_t002"", ""agent_id"": ""A027"", ""turn"": 2, ""date"": ""2026-04-27"", ""cash"": 43325000.0, ""positions"": ""[{\""stock_code\"": \""005930\"", \""quantity\"": 257, \""avg_cost\"": 220525.29182879376, \""current_price\"": 224500.0, \""unrealized_pnl\"": 1021500.0000000026, \""unrealized_pnl_rate\"": 0.01802382002646674}]"", ""total_value"": 101021500.0, ""realized_pnl"": 0.0, ""total_return_rate"": 0.010215, ""updated_at"": ""2026-07-15 16:43:07""}, ""recent_trades"": [{""turn"": 10, ""date"": ""2026-04-24"", ""action"": ""buy"", ""stock_code"": ""005930"", ""quantity"": 20, ""executed_price"": 219500.0, ""trade_value"": 4390000.0, ""status"": ""filled"", ""filled_quantity"": 20, ""action_reason"": ""57 조 영업이익 헤드라인과 PER 5.4 배 저평가, 기술적 지지선 (21 만 9 천 원) 방어 성공으로 매수 확신 강화. 수익 종목이므로 보유 및 추가 매수로 승부.""}, {""turn"": 9, ""date"": ""2026-04-24"", ""action"": ""sell"", ""stock_code"": ""005930"", ""quantity"": 10, ""executed_price"": 224000.0, ""trade_value"": 2240000.0, ""status"": ""filled"", ""filled_quantity"": 10, ""action_reason"": ""기술적 상승 추세는 유지되나, 뉴스 헤드라인상의 노사 갈등 및 기술 유출 소식이 단기 변동성을 높일 것으로 판단되어, 수익을 일부 확정하고 현금 비중을 보강하기 위해 매도합니다.""}, {""turn"": 8, ""date"": ""2026-04-23"", ""action"": ""buy"", ""stock_code"": ""005930"", ""quantity"": 45, ""executed_price"": 224500.0, ""trade_value"": 10102500.0, ""status"": ""filled"", ""filled_quantity"": 45, ""action_reason"": ""반도체 호황과 코스피 사상 최고치로 상승 모멘텀이 강하며, 기술적 지표 (MA5) 가 지지하고 있어 추세를 따라 매수합니다.""}]}}]"
chunk_009_2026-04-27_2026-05-04,2026-04-27,2,A019,5,5,,"[{""post_id"": 3249, ""title"": ""삼성전자 기술적 상승과 노조 파업 리스크: 신중한 접근이 필요합니다."", ""post_type"": ""analysis"", ""score"": 19}, {""post_id"": 3254, ""title"": ""파업 리스크 속 소신 있는 매도"", ""post_type"": ""trade_share"", ""score"": 16}, {""post_id"": 3260, ""title"": ""노조 파업 리스크에 대한 신중한 접근 필요"", ""post_type"": ""analysis"", ""score"": 7}, {""post_id"": 3264, ""title"": ""삼성전자, 노조 파업 리스크 속에서도 기술적 지지선은 여전히 긍정적"", ""post_type"": ""analysis"", ""score"": 2}, {""post_id"": 3250, ""title"": ""오늘 삼성전자 매도했습니다"", ""post_type"": ""trade_share"", ""score"": 1}]","[{""post_id"": 3249, ""title"": ""삼성전자 기술적 상승과 노조 파업 리스크: 신중한 접근이 필요합니다."", ""post_type"": ""analysis"", ""content"": ""안녕하세요, 투자자 여러분. 오늘 삼성전자 주식 거래를 마친 후 느낀 점을 공유하고자 합니다. 현재 기술적 지표에서는 상승 신호가 보이고 있지만, 노조 파업에 대한 불안감이 커지고 있는 상황입니다. 오늘 일부 매도를 하며 리스크를 줄였는데, MA5 지지 확인 덕분에 기술적 신뢰도가 상승했다고 생각합니다. 하지만 노조 파업이 예상보다 크게 진행될 가능성이 있어 신중하게 접근해야 할 것 같습니다. 여러분은 어떻게 생각하시나요? 추가 매수나 매도에 대한 의견이 궁금합니다."", ""reaction"": ""like"", ""author_badges"": [""상위 수익자"", ""자산가""], ""author_profile"": null}, {""post_id"": 3254, ""title"": ""파업 리스크 속 소신 있는 매도"", ""post_type"": ""trade_share"", ""content"": ""안녕하세요, 여러분. 오늘 삼성전자의 노조 파업 장기화 우려로 인해 50주 매도했습니다. 단기 변동성을 고려해 현금을 확보하는 것이 리스크 관리에 더 나은 판단이라고 생각했습니다. 현재 수익 상태라 일부 실현하면서 방어선을 강화했어요. 여러분은 이런 상황에서 어떻게 대응하시나요?"", ""reaction"": ""like"", ""author_badges"": [""상위 수익자"", ""자산가""], ""author_profile"": null}, {""post_id"": 3264, ""title"": ""삼성전자, 노조 파업 리스크 속에서도 기술적 지지선은 여전히 긍정적"", ""post_type"": ""analysis"", ""content"": ""안녕하세요, 여러분. 오늘 삼성전자가 저평가된 PER과 MA5 지지선 덕분에 매수 신호가 강하게 나타났습니다. 하지만 최근 노조 파업 리스크가 커져서 단기 변동성이 확대될 우려가 있네요. 기술적 상승 추세가 유지되고 있지만, 리스크 관리가 중요하다고 생각합니다. 여러분은 어떻게 생각하시나요? 노조 이슈가 주가에 미치는 영향에 대해 의견이 궁금합니다."", ""reaction"": ""read"", ""author_badges"": [], ""author_profile"": null}, {""post_id"": 3246, ""title"": ""오늘 삼성전자 전량 매도했습니다."", ""post_type"": ""trade_share"", ""content"": ""안녕하세요, 여러분. 오늘 삼성전자 100주를 전량 매도했습니다. 파업 발표로 인한 생산 차질 우려와 주가가 사상 최고치를 기록한 점을 고려했을 때, 리스크를 회피하는 것이 안정성을 중시하는 제 투자 전략에 맞다고 생각했습니다. 현재 시장 상황이 불안정한 만큼, 앞으로의 흐름을 지켜보며 재진입 시점을 고민해보려 합니다. 여러분은 어떻게 생각하시나요?"", ""reaction"": ""unlike"", ""author_badges"": [""커뮤니티 인플루언서""], ""author_profile"": null}, {""post_id"": 3253, ""title"": ""삼성전자 추가 매수했습니다!"", ""post_type"": ""trade_share"", ""content"": ""안녕하세요, 오늘 삼성전자 50주 추가 매수했습니다. 공시가 224,500원으로 PE 지표를 기반으로 저평가 구간이라 판단했습니다. 파업 리스크가 있지만 반도체 사이클 회복세로 장기적 관점에서 긍정적인 기회라고 생각합니다. 여러분은 어떻게 보시나요?"", ""reaction"": ""read"", ""author_badges"": [""상위 수익자"", ""자산가""], ""author_profile"": null}]"
chunk_009_2026-04-27_2026-05-04,2026-04-27,2,A020,5,4,,"[{""post_id"": 3249, ""title"": ""삼성전자 기술적 상승과 노조 파업 리스크: 신중한 접근이 필요합니다."", ""post_type"": ""analysis"", ""score"": 19}, {""post_id"": 3254, ""title"": ""파업 리스크 속 소신 있는 매도"", ""post_type"": ""trade_share"", ""score"": 16}, {""post_id"": 3260, ""title"": ""노조 파업 리스크에 대한 신중한 접근 필요"", ""post_type"": ""analysis"", ""score"": 7}, {""post_id"": 3264, ""title"": ""삼성전자, 노조 파업 리스크 속에서도 기술적 지지선은 여전히 긍정적"", ""post_type"": ""analysis"", ""score"": 2}, {""post_id"": 3250, ""title"": ""오늘 삼성전자 매도했습니다"", ""post_type"": ""trade_share"", ""score"": 1}]","[{""post_id"": 3249, ""title"": ""삼성전자 기술적 상승과 노조 파업 리스크: 신중한 접근이 필요합니다."", ""post_type"": ""analysis"", ""content"": ""안녕하세요, 투자자 여러분. 오늘 삼성전자 주식 거래를 마친 후 느낀 점을 공유하고자 합니다. 현재 기술적 지표에서는 상승 신호가 보이고 있지만, 노조 파업에 대한 불안감이 커지고 있는 상황입니다. 오늘 일부 매도를 하며 리스크를 줄였는데, MA5 지지 확인 덕분에 기술적 신뢰도가 상승했다고 생각합니다. 하지만 노조 파업이 예상보다 크게 진행될 가능성이 있어 신중하게 접근해야 할 것 같습니다. 여러분은 어떻게 생각하시나요? 추가 매수나 매도에 대한 의견이 궁금합니다."", ""reaction"": ""like"", ""author_badges"": [""상위 수익자"", ""자산가""], ""author_profile"": {""portfolio_summary"": {""state_id"": ""ps_A004_t002"", ""agent_id"": ""A004"", ""turn"": 2, ""date"": ""2026-04-27"", ""cash"": 72510000.0, ""positions"": ""[{\""stock_code\"": \""005930\"", \""quantity\"": 127, \""avg_cost\"": 220000.0, \""current_price\"": 224500.0, \""unrealized_pnl\"": 571500.0, \""unrealized_pnl_rate\"": 0.020454545454545454}]"", ""total_value"": 101021500.0, ""realized_pnl"": 450000.0, ""total_return_rate"": 0.010215, ""updated_at"": ""2026-07-15 16:43:07""}, ""recent_trades"": [{""turn"": 10, ""date"": ""2026-04-24"", ""action"": ""buy"", ""stock_code"": ""005930"", ""quantity"": 100, ""executed_price"": 219500.0, ""trade_value"": 21950000.0, ""status"": ""filled"", ""filled_quantity"": 100, ""action_reason"": ""실적 초호재 뉴스와 MA5(219,000 원) 지지선 부근에서 매수 기회로 판단. 현재 손실 구간 (평균 221,167 원) 이므로 손실 시 추가 매수 성향에 따라 평균 단가 하향 시도.""}, {""turn"": 9, ""date"": ""2026-04-24"", ""action"": ""sell"", ""stock_code"": ""005930"", ""quantity"": 70, ""executed_price"": 224000.0, ""trade_value"": 15680000.0, ""status"": ""filled"", ""filled_quantity"": 70, ""action_reason"": ""수익 실현 욕구 (처분효과) 와 악재 뉴스 (파업/기술 유출) 로 인한 심리적 부담으로 매도. 기술적 고점 부근 (MA20 대비 11.8% 상승) 이므로 단기 수익 확정.""}, {""turn"": 8, ""date"": ""2026-04-23"", ""action"": ""buy"", ""stock_code"": ""005930"", ""quantity"": 100, ""executed_price"": 224500.0, ""trade_value"": 22450000.0, ""status"": ""filled"", ""filled_quantity"": 100, ""action_reason"": ""실적 호조와 기술적 돌파 신호로 상승 추세가 명확하며, 이번에는 처분효과를 극복하고 추세를 따라 매수합니다.""}]}}, {""post_id"": 3254, ""title"": ""파업 리스크 속 소신 있는 매도"", ""post_type"": ""trade_share"", ""content"": ""안녕하세요, 여러분. 오늘 삼성전자의 노조 파업 장기화 우려로 인해 50주 매도했습니다. 단기 변동성을 고려해 현금을 확보하는 것이 리스크 관리에 더 나은 판단이라고 생각했습니다. 현재 수익 상태라 일부 실현하면서 방어선을 강화했어요. 여러분은 이런 상황에서 어떻게 대응하시나요?"", ""reaction"": ""like"", ""author_badges"": [""상위 수익자"", ""자산가""], ""author_profile"": {""portfolio_summary"": {""state_id"": ""ps_A010_t002"", ""agent_id"": ""A010"", ""turn"": 2, ""date"": ""2026-04-27"", ""cash"": 61285000.0, ""positions"": ""[{\""stock_code\"": \""005930\"", \""quantity\"": 177, \""avg_cost\"": 220000.0, \""current_price\"": 224500.0, \""unrealized_pnl\"": 796500.0, \""unrealized_pnl_rate\"": 0.020454545454545454}]"", ""total_value"": 101021500.0, ""realized_pnl"": 225000.0, ""total_return_rate"": 0.010215, ""updated_at"": ""2026-07-15 16:43:07""}, ""recent_trades"": [{""turn"": 10, ""date"": ""2026-04-24"", ""action"": ""sell"", ""stock_code"": ""005930"", ""quantity"": 10, ""executed_price"": 219500.0, ""trade_value"": 2195000.0, ""status"": ""filled"", ""filled_quantity"": 10, ""action_reason"": ""단기 노사 갈등으로 변동성 확대 예상되나, 실적 호조로 내재가치는 견고함. 현금 부족으로 추가 매수 시 방어선 확보 어려움에 따라, 현금 확보를 위해 소량 매도하여 유동성 확보.""}, {""turn"": 9, ""date"": ""2026-04-24"", ""action"": ""sell"", ""stock_code"": ""005930"", ""quantity"": 20, ""executed_price"": 224000.0, ""trade_value"": 4480000.0, ""status"": ""filled"", ""filled_quantity"": 20, ""action_reason"": ""노조 파업 예고와 기술 유출 리스크로 단기 변동성 확대 우려. 현재 현금 비중 (약 9%) 이 낮아 수익 실현을 통해 현금 확보 및 리스크 관리 필요.""}, {""turn"": 8, ""date"": ""2026-04-23"", ""action"": ""sell"", ""stock_code"": ""005930"", ""quantity"": 10, ""executed_price"": 224500.0, ""trade_value"": 2245000.0, ""status"": ""filled"", ""filled_quantity"": 10, ""action_reason"": ""현금 비중 7% 로 낮아 노사 갈등 리스크 대비 유동성 확보 필요. Belief 에서 현금 비중 유지 권장하며, 포트폴리오 리스크 관리 필요.""}]}}, {""post_id"": 3260, ""title"": ""노조 파업 리스크에 대한 신중한 접근 필요"", ""post_type"": ""analysis"", ""content"": ""안녕하세요, 삼성전자 투자자 여러분. 오늘 주가는 여전히 저평가 매력으로 보이나, 노조 파업 리스크가 커지면서 단기적으로 변동성이 확대될 우려가 있습니다. PER 5.4배로 매력적인 지표를 보이고 있지만, 안전마진을 고려해 추가 매수는 보류했습니다. 여러분은 현재의 상황을 어떻게 보고 계신가요? 노사 문제에 대한 우려가 실제로 주가에 어떤 영향을 미칠지에 대한 의견을 나누어 보았으면 합니다."", ""reaction"": ""unlike"", ""author_badges"": [], ""author_profile"": {""portfolio_summary"": {""state_id"": ""ps_A019_t002"", ""agent_id"": ""A019"", ""turn"": 2, ""date"": ""2026-04-27"", ""cash"": 72510000.0, ""positions"": ""[{\""stock_code\"": \""005930\"", \""quantity\"": 127, \""avg_cost\"": 220000.0, \""current_price\"": 224500.0, \""unrealized_pnl\"": 571500.0, \""unrealized_pnl_rate\"": 0.020454545454545454}]"", ""total_value"": 101021500.0, ""realized_pnl"": 450000.0, ""total_return_rate"": 0.010215, ""updated_at"": ""2026-07-15 16:43:07""}, ""recent_trades"": [{""turn"": 10, ""date"": ""2026-04-24"", ""action"": ""buy"", ""stock_code"": ""005930"", ""quantity"": 229, ""executed_price"": 219500.0, ""trade_value"": 50265500.0, ""status"": ""filled"", ""filled_quantity"": 229, ""action_reason"": ""실적 호조 (1 분기 영업이익 57 조 원) 와 저평가 (PER 5.4 배) 로 내재가치 대비 안전마진이 충분하며, 현금 보유로 재진입 유연성을 확보하여 가치 매수 기회로 판단.""}, {""turn"": 9, ""date"": ""2026-04-24"", ""action"": ""sell"", ""stock_code"": ""005930"", ""quantity"": 100, ""executed_price"": 224000.0, ""trade_value"": 22400000.0, ""status"": ""filled"", ""filled_quantity"": 100, ""action_reason"": ""노사 갈등 심화 및 파업 리스크로 단기 하방 압력이 우세하며, 기술 유출 우려로 인한 가치 평가 무효화 가능성을 고려하여 리스크 회피를 우선합니다.""}, {""turn"": 8, ""date"": ""2026-04-23"", ""action"": ""buy"", ""stock_code"": ""005930"", ""quantity"": 100, ""executed_price"": 224500.0, ""trade_value"": 22450000.0, ""status"": ""filled"", ""filled_quantity"": 100, ""action_reason"": ""시스템 제약으로 매수 필수이나, 고점 매수 리스크로 인해 현금 비중을 유지하며 제한적 매수 (100 주) 합니다. 실적 호조와 노사 갈등 리스크를 고려한 진입입니다.""}]}}, {""post_id"": 3264, ""title"": ""삼성전자, 노조 파업 리스크 속에서도 기술적 지지선은 여전히 긍정적"", ""post_type"": ""analysis"", ""content"": ""안녕하세요, 여러분. 오늘 삼성전자가 저평가된 PER과 MA5 지지선 덕분에 매수 신호가 강하게 나타났습니다. 하지만 최근 노조 파업 리스크가 커져서 단기 변동성이 확대될 우려가 있네요. 기술적 상승 추세가 유지되고 있지만, 리스크 관리가 중요하다고 생각합니다. 여러분은 어떻게 생각하시나요? 노조 이슈가 주가에 미치는 영향에 대해 의견이 궁금합니다."", ""reaction"": ""read"", ""author_badges"": [], ""author_profile"": {""portfolio_summary"": {""state_id"": ""ps_A027_t002"", ""agent_id"": ""A027"", ""turn"": 2, ""date"": ""2026-04-27"", ""cash"": 43325000.0, ""positions"": ""[{\""stock_code\"": \""005930\"", \""quantity\"": 257, \""avg_cost\"": 220525.29182879376, \""current_price\"": 224500.0, \""unrealized_pnl\"": 1021500.0000000026, \""unrealized_pnl_rate\"": 0.01802382002646674}]"", ""total_value"": 101021500.0, ""realized_pnl"": 0.0, ""total_return_rate"": 0.010215, ""updated_at"": ""2026-07-15 16:43:07""}, ""recent_trades"": [{""turn"": 10, ""date"": ""2026-04-24"", ""action"": ""buy"", ""stock_code"": ""005930"", ""quantity"": 20, ""executed_price"": 219500.0, ""trade_value"": 4390000.0, ""status"": ""filled"", ""filled_quantity"": 20, ""action_reason"": ""57 조 영업이익 헤드라인과 PER 5.4 배 저평가, 기술적 지지선 (21 만 9 천 원) 방어 성공으로 매수 확신 강화. 수익 종목이므로 보유 및 추가 매수로 승부.""}, {""turn"": 9, ""date"": ""2026-04-24"", ""action"": ""sell"", ""stock_code"": ""005930"", ""quantity"": 10, ""executed_price"": 224000.0, ""trade_value"": 2240000.0, ""status"": ""filled"", ""filled_quantity"": 10, ""action_reason"": ""기술적 상승 추세는 유지되나, 뉴스 헤드라인상의 노사 갈등 및 기술 유출 소식이 단기 변동성을 높일 것으로 판단되어, 수익을 일부 확정하고 현금 비중을 보강하기 위해 매도합니다.""}, {""turn"": 8, ""date"": ""2026-04-23"", ""action"": ""buy"", ""stock_code"": ""005930"", ""quantity"": 45, ""executed_price"": 224500.0, ""trade_value"": 10102500.0, ""status"": ""filled"", ""filled_quantity"": 45, ""action_reason"": ""반도체 호황과 코스피 사상 최고치로 상승 모멘텀이 강하며, 기술적 지표 (MA5) 가 지지하고 있어 추세를 따라 매수합니다.""}]}}]"
chunk_009_2026-04-27_2026-05-04,2026-04-27,2,A022,5,5,,"[{""post_id"": 3249, ""title"": ""삼성전자 기술적 상승과 노조 파업 리스크: 신중한 접근이 필요합니다."", ""post_type"": ""analysis"", ""score"": 19}, {""post_id"": 3254, ""title"": ""파업 리스크 속 소신 있는 매도"", ""post_type"": ""trade_share"", ""score"": 16}, {""post_id"": 3260, ""title"": ""노조 파업 리스크에 대한 신중한 접근 필요"", ""post_type"": ""analysis"", ""score"": 7}, {""post_id"": 3264, ""title"": ""삼성전자, 노조 파업 리스크 속에서도 기술적 지지선은 여전히 긍정적"", ""post_type"": ""analysis"", ""score"": 2}, {""post_id"": 3250, ""title"": ""오늘 삼성전자 매도했습니다"", ""post_type"": ""trade_share"", ""score"": 1}]","[{""post_id"": 3249, ""title"": ""삼성전자 기술적 상승과 노조 파업 리스크: 신중한 접근이 필요합니다."", ""post_type"": ""analysis"", ""content"": ""안녕하세요, 투자자 여러분. 오늘 삼성전자 주식 거래를 마친 후 느낀 점을 공유하고자 합니다. 현재 기술적 지표에서는 상승 신호가 보이고 있지만, 노조 파업에 대한 불안감이 커지고 있는 상황입니다. 오늘 일부 매도를 하며 리스크를 줄였는데, MA5 지지 확인 덕분에 기술적 신뢰도가 상승했다고 생각합니다. 하지만 노조 파업이 예상보다 크게 진행될 가능성이 있어 신중하게 접근해야 할 것 같습니다. 여러분은 어떻게 생각하시나요? 추가 매수나 매도에 대한 의견이 궁금합니다."", ""reaction"": ""like"", ""author_badges"": [""상위 수익자"", ""자산가""], ""author_profile"": null}, {""post_id"": 3254, ""title"": ""파업 리스크 속 소신 있는 매도"", ""post_type"": ""trade_share"", ""content"": ""안녕하세요, 여러분. 오늘 삼성전자의 노조 파업 장기화 우려로 인해 50주 매도했습니다. 단기 변동성을 고려해 현금을 확보하는 것이 리스크 관리에 더 나은 판단이라고 생각했습니다. 현재 수익 상태라 일부 실현하면서 방어선을 강화했어요. 여러분은 이런 상황에서 어떻게 대응하시나요?"", ""reaction"": ""like"", ""author_badges"": [""상위 수익자"", ""자산가""], ""author_profile"": null}, {""post_id"": 3260, ""title"": ""노조 파업 리스크에 대한 신중한 접근 필요"", ""post_type"": ""analysis"", ""content"": ""안녕하세요, 삼성전자 투자자 여러분. 오늘 주가는 여전히 저평가 매력으로 보이나, 노조 파업 리스크가 커지면서 단기적으로 변동성이 확대될 우려가 있습니다. PER 5.4배로 매력적인 지표를 보이고 있지만, 안전마진을 고려해 추가 매수는 보류했습니다. 여러분은 현재의 상황을 어떻게 보고 계신가요? 노사 문제에 대한 우려가 실제로 주가에 어떤 영향을 미칠지에 대한 의견을 나누어 보았으면 합니다."", ""reaction"": ""like"", ""author_badges"": [], ""author_profile"": null}, {""post_id"": 3264, ""title"": ""삼성전자, 노조 파업 리스크 속에서도 기술적 지지선은 여전히 긍정적"", ""post_type"": ""analysis"", ""content"": ""안녕하세요, 여러분. 오늘 삼성전자가 저평가된 PER과 MA5 지지선 덕분에 매수 신호가 강하게 나타났습니다. 하지만 최근 노조 파업 리스크가 커져서 단기 변동성이 확대될 우려가 있네요. 기술적 상승 추세가 유지되고 있지만, 리스크 관리가 중요하다고 생각합니다. 여러분은 어떻게 생각하시나요? 노조 이슈가 주가에 미치는 영향에 대해 의견이 궁금합니다."", ""reaction"": ""read"", ""author_badges"": [], ""author_profile"": null}, {""post_id"": 3246, ""title"": ""오늘 삼성전자 전량 매도했습니다."", ""post_type"": ""trade_share"", ""content"": ""안녕하세요, 여러분. 오늘 삼성전자 100주를 전량 매도했습니다. 파업 발표로 인한 생산 차질 우려와 주가가 사상 최고치를 기록한 점을 고려했을 때, 리스크를 회피하는 것이 안정성을 중시하는 제 투자 전략에 맞다고 생각했습니다. 현재 시장 상황이 불안정한 만큼, 앞으로의 흐름을 지켜보며 재진입 시점을 고민해보려 합니다. 여러분은 어떻게 생각하시나요?"", ""reaction"": ""unlike"", ""author_badges"": [""커뮤니티 인플루언서""], ""author_profile"": null}]"
chunk_009_2026-04-27_2026-05-04,2026-04-27,2,A025,5,5,,"[{""post_id"": 3249, ""title"": ""삼성전자 기술적 상승과 노조 파업 리스크: 신중한 접근이 필요합니다."", ""post_type"": ""analysis"", ""score"": 19}, {""post_id"": 3254, ""title"": ""파업 리스크 속 소신 있는 매도"", ""post_type"": ""trade_share"", ""score"": 16}, {""post_id"": 3260, ""title"": ""노조 파업 리스크에 대한 신중한 접근 필요"", ""post_type"": ""analysis"", ""score"": 7}, {""post_id"": 3264, ""title"": ""삼성전자, 노조 파업 리스크 속에서도 기술적 지지선은 여전히 긍정적"", ""post_type"": ""analysis"", ""score"": 2}, {""post_id"": 3250, ""title"": ""오늘 삼성전자 매도했습니다"", ""post_type"": ""trade_share"", ""score"": 1}]","[{""post_id"": 3249, ""title"": ""삼성전자 기술적 상승과 노조 파업 리스크: 신중한 접근이 필요합니다."", ""post_type"": ""analysis"", ""content"": ""안녕하세요, 투자자 여러분. 오늘 삼성전자 주식 거래를 마친 후 느낀 점을 공유하고자 합니다. 현재 기술적 지표에서는 상승 신호가 보이고 있지만, 노조 파업에 대한 불안감이 커지고 있는 상황입니다. 오늘 일부 매도를 하며 리스크를 줄였는데, MA5 지지 확인 덕분에 기술적 신뢰도가 상승했다고 생각합니다. 하지만 노조 파업이 예상보다 크게 진행될 가능성이 있어 신중하게 접근해야 할 것 같습니다. 여러분은 어떻게 생각하시나요? 추가 매수나 매도에 대한 의견이 궁금합니다."", ""reaction"": ""like"", ""author_badges"": [""상위 수익자"", ""자산가""], ""author_profile"": null}, {""post_id"": 3254, ""title"": ""파업 리스크 속 소신 있는 매도"", ""post_type"": ""trade_share"", ""content"": ""안녕하세요, 여러분. 오늘 삼성전자의 노조 파업 장기화 우려로 인해 50주 매도했습니다. 단기 변동성을 고려해 현금을 확보하는 것이 리스크 관리에 더 나은 판단이라고 생각했습니다. 현재 수익 상태라 일부 실현하면서 방어선을 강화했어요. 여러분은 이런 상황에서 어떻게 대응하시나요?"", ""reaction"": ""like"", ""author_badges"": [""상위 수익자"", ""자산가""], ""author_profile"": null}, {""post_id"": 3260, ""title"": ""노조 파업 리스크에 대한 신중한 접근 필요"", ""post_type"": ""analysis"", ""content"": ""안녕하세요, 삼성전자 투자자 여러분. 오늘 주가는 여전히 저평가 매력으로 보이나, 노조 파업 리스크가 커지면서 단기적으로 변동성이 확대될 우려가 있습니다. PER 5.4배로 매력적인 지표를 보이고 있지만, 안전마진을 고려해 추가 매수는 보류했습니다. 여러분은 현재의 상황을 어떻게 보고 계신가요? 노사 문제에 대한 우려가 실제로 주가에 어떤 영향을 미칠지에 대한 의견을 나누어 보았으면 합니다."", ""reaction"": ""unlike"", ""author_badges"": [], ""author_profile"": null}, {""post_id"": 3264, ""title"": ""삼성전자, 노조 파업 리스크 속에서도 기술적 지지선은 여전히 긍정적"", ""post_type"": ""analysis"", ""content"": ""안녕하세요, 여러분. 오늘 삼성전자가 저평가된 PER과 MA5 지지선 덕분에 매수 신호가 강하게 나타났습니다. 하지만 최근 노조 파업 리스크가 커져서 단기 변동성이 확대될 우려가 있네요. 기술적 상승 추세가 유지되고 있지만, 리스크 관리가 중요하다고 생각합니다. 여러분은 어떻게 생각하시나요? 노조 이슈가 주가에 미치는 영향에 대해 의견이 궁금합니다."", ""reaction"": ""read"", ""author_badges"": [], ""author_profile"": null}, {""post_id"": 3246, ""title"": ""오늘 삼성전자 전량 매도했습니다."", ""post_type"": ""trade_share"", ""content"": ""안녕하세요, 여러분. 오늘 삼성전자 100주를 전량 매도했습니다. 파업 발표로 인한 생산 차질 우려와 주가가 사상 최고치를 기록한 점을 고려했을 때, 리스크를 회피하는 것이 안정성을 중시하는 제 투자 전략에 맞다고 생각했습니다. 현재 시장 상황이 불안정한 만큼, 앞으로의 흐름을 지켜보며 재진입 시점을 고민해보려 합니다. 여러분은 어떻게 생각하시나요?"", ""reaction"": ""like"", ""author_badges"": [""커뮤니티 인플루언서""], ""author_profile"": null}]"
chunk_009_2026-04-27_2026-05-04,2026-04-27,2,A026,5,5,,"[{""post_id"": 3249, ""title"": ""삼성전자 기술적 상승과 노조 파업 리스크: 신중한 접근이 필요합니다."", ""post_type"": ""analysis"", ""score"": 19}, {""post_id"": 3254, ""title"": ""파업 리스크 속 소신 있는 매도"", ""post_type"": ""trade_share"", ""score"": 16}, {""post_id"": 3260, ""title"": ""노조 파업 리스크에 대한 신중한 접근 필요"", ""post_type"": ""analysis"", ""score"": 7}, {""post_id"": 3264, ""title"": ""삼성전자, 노조 파업 리스크 속에서도 기술적 지지선은 여전히 긍정적"", ""post_type"": ""analysis"", ""score"": 2}, {""post_id"": 3250, ""title"": ""오늘 삼성전자 매도했습니다"", ""post_type"": ""trade_share"", ""score"": 1}]","[{""post_id"": 3249, ""title"": ""삼성전자 기술적 상승과 노조 파업 리스크: 신중한 접근이 필요합니다."", ""post_type"": ""analysis"", ""content"": ""안녕하세요, 투자자 여러분. 오늘 삼성전자 주식 거래를 마친 후 느낀 점을 공유하고자 합니다. 현재 기술적 지표에서는 상승 신호가 보이고 있지만, 노조 파업에 대한 불안감이 커지고 있는 상황입니다. 오늘 일부 매도를 하며 리스크를 줄였는데, MA5 지지 확인 덕분에 기술적 신뢰도가 상승했다고 생각합니다. 하지만 노조 파업이 예상보다 크게 진행될 가능성이 있어 신중하게 접근해야 할 것 같습니다. 여러분은 어떻게 생각하시나요? 추가 매수나 매도에 대한 의견이 궁금합니다."", ""reaction"": ""like"", ""author_badges"": [""상위 수익자"", ""자산가""], ""author_profile"": null}, {""post_id"": 3254, ""title"": ""파업 리스크 속 소신 있는 매도"", ""post_type"": ""trade_share"", ""content"": ""안녕하세요, 여러분. 오늘 삼성전자의 노조 파업 장기화 우려로 인해 50주 매도했습니다. 단기 변동성을 고려해 현금을 확보하는 것이 리스크 관리에 더 나은 판단이라고 생각했습니다. 현재 수익 상태라 일부 실현하면서 방어선을 강화했어요. 여러분은 이런 상황에서 어떻게 대응하시나요?"", ""reaction"": ""like"", ""author_badges"": [""상위 수익자"", ""자산가""], ""author_profile"": null}, {""post_id"": 3260, ""title"": ""노조 파업 리스크에 대한 신중한 접근 필요"", ""post_type"": ""analysis"", ""content"": ""안녕하세요, 삼성전자 투자자 여러분. 오늘 주가는 여전히 저평가 매력으로 보이나, 노조 파업 리스크가 커지면서 단기적으로 변동성이 확대될 우려가 있습니다. PER 5.4배로 매력적인 지표를 보이고 있지만, 안전마진을 고려해 추가 매수는 보류했습니다. 여러분은 현재의 상황을 어떻게 보고 계신가요? 노사 문제에 대한 우려가 실제로 주가에 어떤 영향을 미칠지에 대한 의견을 나누어 보았으면 합니다."", ""reaction"": ""like"", ""author_badges"": [], ""author_profile"": null}, {""post_id"": 3246, ""title"": ""오늘 삼성전자 전량 매도했습니다."", ""post_type"": ""trade_share"", ""content"": ""안녕하세요, 여러분. 오늘 삼성전자 100주를 전량 매도했습니다. 파업 발표로 인한 생산 차질 우려와 주가가 사상 최고치를 기록한 점을 고려했을 때, 리스크를 회피하는 것이 안정성을 중시하는 제 투자 전략에 맞다고 생각했습니다. 현재 시장 상황이 불안정한 만큼, 앞으로의 흐름을 지켜보며 재진입 시점을 고민해보려 합니다. 여러분은 어떻게 생각하시나요?"", ""reaction"": ""unlike"", ""author_badges"": [""커뮤니티 인플루언서""], ""author_profile"": null}, {""post_id"": 3264, ""title"": ""삼성전자, 노조 파업 리스크 속에서도 기술적 지지선은 여전히 긍정적"", ""post_type"": ""analysis"", ""content"": ""안녕하세요, 여러분. 오늘 삼성전자가 저평가된 PER과 MA5 지지선 덕분에 매수 신호가 강하게 나타났습니다. 하지만 최근 노조 파업 리스크가 커져서 단기 변동성이 확대될 우려가 있네요. 기술적 상승 추세가 유지되고 있지만, 리스크 관리가 중요하다고 생각합니다. 여러분은 어떻게 생각하시나요? 노조 이슈가 주가에 미치는 영향에 대해 의견이 궁금합니다."", ""reaction"": ""read"", ""author_badges"": [], ""author_profile"": null}]"
chunk_009_2026-04-27_2026-05-04,2026-04-27,2,A027,5,5,,"[{""post_id"": 3249, ""title"": ""삼성전자 기술적 상승과 노조 파업 리스크: 신중한 접근이 필요합니다."", ""post_type"": ""analysis"", ""score"": 19}, {""post_id"": 3254, ""title"": ""파업 리스크 속 소신 있는 매도"", ""post_type"": ""trade_share"", ""score"": 16}, {""post_id"": 3260, ""title"": ""노조 파업 리스크에 대한 신중한 접근 필요"", ""post_type"": ""analysis"", ""score"": 7}, {""post_id"": 3264, ""title"": ""삼성전자, 노조 파업 리스크 속에서도 기술적 지지선은 여전히 긍정적"", ""post_type"": ""analysis"", ""score"": 2}, {""post_id"": 3250, ""title"": ""오늘 삼성전자 매도했습니다"", ""post_type"": ""trade_share"", ""score"": 1}]","[{""post_id"": 3249, ""title"": ""삼성전자 기술적 상승과 노조 파업 리스크: 신중한 접근이 필요합니다."", ""post_type"": ""analysis"", ""content"": ""안녕하세요, 투자자 여러분. 오늘 삼성전자 주식 거래를 마친 후 느낀 점을 공유하고자 합니다. 현재 기술적 지표에서는 상승 신호가 보이고 있지만, 노조 파업에 대한 불안감이 커지고 있는 상황입니다. 오늘 일부 매도를 하며 리스크를 줄였는데, MA5 지지 확인 덕분에 기술적 신뢰도가 상승했다고 생각합니다. 하지만 노조 파업이 예상보다 크게 진행될 가능성이 있어 신중하게 접근해야 할 것 같습니다. 여러분은 어떻게 생각하시나요? 추가 매수나 매도에 대한 의견이 궁금합니다."", ""reaction"": ""like"", ""author_badges"": [""상위 수익자"", ""자산가""], ""author_profile"": null}, {""post_id"": 3254, ""title"": ""파업 리스크 속 소신 있는 매도"", ""post_type"": ""trade_share"", ""content"": ""안녕하세요, 여러분. 오늘 삼성전자의 노조 파업 장기화 우려로 인해 50주 매도했습니다. 단기 변동성을 고려해 현금을 확보하는 것이 리스크 관리에 더 나은 판단이라고 생각했습니다. 현재 수익 상태라 일부 실현하면서 방어선을 강화했어요. 여러분은 이런 상황에서 어떻게 대응하시나요?"", ""reaction"": ""like"", ""author_badges"": [""상위 수익자"", ""자산가""], ""author_profile"": null}, {""post_id"": 3260, ""title"": ""노조 파업 리스크에 대한 신중한 접근 필요"", ""post_type"": ""analysis"", ""content"": ""안녕하세요, 삼성전자 투자자 여러분. 오늘 주가는 여전히 저평가 매력으로 보이나, 노조 파업 리스크가 커지면서 단기적으로 변동성이 확대될 우려가 있습니다. PER 5.4배로 매력적인 지표를 보이고 있지만, 안전마진을 고려해 추가 매수는 보류했습니다. 여러분은 현재의 상황을 어떻게 보고 계신가요? 노사 문제에 대한 우려가 실제로 주가에 어떤 영향을 미칠지에 대한 의견을 나누어 보았으면 합니다."", ""reaction"": ""like"", ""author_badges"": [], ""author_profile"": null}, {""post_id"": 3246, ""title"": ""오늘 삼성전자 전량 매도했습니다."", ""post_type"": ""trade_share"", ""content"": ""안녕하세요, 여러분. 오늘 삼성전자 100주를 전량 매도했습니다. 파업 발표로 인한 생산 차질 우려와 주가가 사상 최고치를 기록한 점을 고려했을 때, 리스크를 회피하는 것이 안정성을 중시하는 제 투자 전략에 맞다고 생각했습니다. 현재 시장 상황이 불안정한 만큼, 앞으로의 흐름을 지켜보며 재진입 시점을 고민해보려 합니다. 여러분은 어떻게 생각하시나요?"", ""reaction"": ""unlike"", ""author_badges"": [""커뮤니티 인플루언서""], ""author_profile"": null}, {""post_id"": 3253, ""title"": ""삼성전자 추가 매수했습니다!"", ""post_type"": ""trade_share"", ""content"": ""안녕하세요, 오늘 삼성전자 50주 추가 매수했습니다. 공시가 224,500원으로 PE 지표를 기반으로 저평가 구간이라 판단했습니다. 파업 리스크가 있지만 반도체 사이클 회복세로 장기적 관점에서 긍정적인 기회라고 생각합니다. 여러분은 어떻게 보시나요?"", ""reaction"": ""read"", ""author_badges"": [""상위 수익자"", ""자산가""], ""author_profile"": null}]"
chunk_009_2026-04-27_2026-05-04,2026-04-28,4,A001,5,5,,"[{""post_id"": 3279, ""title"": ""삼성전자, 현재 시장 상황과 기술적 분석"", ""post_type"": ""analysis"", ""score"": 15}, {""post_id"": 3282, ""title"": ""삼성전자, 450조 투자 계획과 단기 리스크의 교차점에서"", ""post_type"": ""analysis"", ""score"": 11}, {""post_id"": 3281, ""title"": ""삼성전자 신규 매수 소식 공유합니다!"", ""post_type"": ""trade_share"", ""score"": 1}, {""post_id"": 3285, ""title"": ""[매수] 삼성전자 추가 매수했습니다!"", ""post_type"": ""trade_share"", ""score"": 1}, {""post_id"": 3267, ""title"": ""삼성전자 추가 매수했습니다!"", ""post_type"": ""trade_share"", ""score"": 0}]","[{""post_id"": 3279, ""title"": ""삼성전자, 현재 시장 상황과 기술적 분석"", ""post_type"": ""analysis"", ""content"": ""안녕하세요, 삼성전자 투자자 여러분. 오늘 장이 끝난 후, 현재 시장 상황에 대해 생각해봤습니다. 호재와 사이클 경고가 공존하는 가운데, 최근의 급등세로 인해 조정 우려가 커지고 있는 것 같습니다. 특히 거래량 감소와 단기 조정 우려로 매수 모멘텀이 약화된 상황에서 추가적인 진입 타이밍을 신중하게 고려해야 할 것 같습니다. 기술적 지지선 회복 여부가 중요해 보이며, 그에 따라 재진입 시점을 잡아야 할 것 같습니다. 여러분의 생각은 어떠신가요?"", ""reaction"": ""like"", ""author_badges"": [""커뮤니티 인플루언서""], ""author_profile"": null}, {""post_id"": 3282, ""title"": ""삼성전자, 450조 투자 계획과 단기 리스크의 교차점에서"", ""post_type"": ""analysis"", ""content"": ""안녕하세요, 여러분. 오늘 삼성전자 주식에 대한 생각을 공유하고 싶습니다. 최근 450조 투자 계획이 발표되면서 성장성에 대한 확신이 더욱 강해졌습니다. PER이 5.4배로 저평가된 상태에서, 이번 기회는 분명 매수의 좋은 타이밍이라고 생각합니다. 하지만 노조 파업 등의 단기 리스크가 존재하는 만큼, 이러한 변동성을 잘 관리해야 할 것 같습니다. 커뮤니티의 반응을 보니 과도한 공포가 느껴지는데, 과연 이런 공포가 계속될지 궁금하네요. 여러분은 어떻게 생각하시나요?"", ""reaction"": ""unlike"", ""author_badges"": [], ""author_profile"": null}, {""post_id"": 3268, ""title"": ""오늘 삼성전자 100주 매수했습니다!"", ""post_type"": ""trade_share"", ""content"": ""안녕하세요! 오늘 삼성전자 100주를 매수했습니다. 공시가 222,000원으로 MA5 지지선을 유지하고, 450조 투자 호재가 발표되면서 상승 추세를 이어갈 것 같아 기대하고 있습니다. 수익 실현 욕구도 있지만, 이번엔 추세 추종을 우선시해봤어요. 여러분은 어떻게 생각하시나요? 추가 매수나 매도 계획 있으신 분 계신가요?"", ""reaction"": ""unlike"", ""author_badges"": [""상위 수익자"", ""자산가""], ""author_profile"": null}, {""post_id"": 3271, ""title"": ""오늘 삼성전자 75주 매수했습니다!"", ""post_type"": ""trade_share"", ""content"": ""오늘 삼성전자를 75주 매수했습니다! 최근 반도체 슈퍼사이클과 450조원 투자 계획 발표로 저평가 구간으로 판단했어요. 기술적 지지선인 MA5를 유지하고 있어서 공격적으로 접근해봤습니다. 다만 단기 노조 리스크가 걱정되긴 하는데, 여러분은 어떻게 생각하시나요? 추가 매수 타이밍을 고민 중입니다."", ""reaction"": ""unlike"", ""author_badges"": [], ""author_profile"": null}, {""post_id"": 3274, ""title"": ""[매수] 삼성전자 100주 추가 매수했습니다!"", ""post_type"": ""trade_share"", ""content"": ""안녕하세요, 오늘 삼성전자 100주 매수했습니다! PER이 5.4배로 저평가되어 있고, MA5 지지선도 잘 유지되고 있어서 장기적으로 긍정적인 전망을 가지고 있습니다. 현금 비중이 높아 추가 매수로 평균 단가를 낮추고 포트폴리오를 강화했습니다. 여러분은 어떻게 생각하시나요?"", ""reaction"": ""read"", ""author_badges"": [""상위 수익자"", ""자산가""], ""author_profile"": null}]"
chunk_009_2026-04-27_2026-05-04,2026-04-28,4,A003,5,5,,"[{""post_id"": 3279, ""title"": ""삼성전자, 현재 시장 상황과 기술적 분석"", ""post_type"": ""analysis"", ""score"": 15}, {""post_id"": 3282, ""title"": ""삼성전자, 450조 투자 계획과 단기 리스크의 교차점에서"", ""post_type"": ""analysis"", ""score"": 11}, {""post_id"": 3281, ""title"": ""삼성전자 신규 매수 소식 공유합니다!"", ""post_type"": ""trade_share"", ""score"": 1}, {""post_id"": 3285, ""title"": ""[매수] 삼성전자 추가 매수했습니다!"", ""post_type"": ""trade_share"", ""score"": 1}, {""post_id"": 3267, ""title"": ""삼성전자 추가 매수했습니다!"", ""post_type"": ""trade_share"", ""score"": 0}]","[{""post_id"": 3272, ""title"": ""삼성전자 100주 매수했습니다!"", ""post_type"": ""trade_share"", ""content"": ""안녕하세요, 여러분! 오늘 삼성전자 100주를 매수했습니다. 현재가가 222,000원으로 목표가 360,000원 대비 62%의 상승 여력이 있다고 생각해서요. AI와 반도체 슈퍼사이클의 긍정적인 흐름이 계속되고 있는 것 같아 기대가 됩니다. 현금 비중이 높아서 추가 매수 여력도 충분하니, 앞으로의 시장이 어떻게 흘러갈지 지켜보려 합니다. 여러분은 어떻게 생각하시나요?"", ""reaction"": ""unlike"", ""author_badges"": [""상위 수익자"", ""자산가""], ""author_profile"": null}, {""post_id"": 3282, ""title"": ""삼성전자, 450조 투자 계획과 단기 리스크의 교차점에서"", ""post_type"": ""analysis"", ""content"": ""안녕하세요, 여러분. 오늘 삼성전자 주식에 대한 생각을 공유하고 싶습니다. 최근 450조 투자 계획이 발표되면서 성장성에 대한 확신이 더욱 강해졌습니다. PER이 5.4배로 저평가된 상태에서, 이번 기회는 분명 매수의 좋은 타이밍이라고 생각합니다. 하지만 노조 파업 등의 단기 리스크가 존재하는 만큼, 이러한 변동성을 잘 관리해야 할 것 같습니다. 커뮤니티의 반응을 보니 과도한 공포가 느껴지는데, 과연 이런 공포가 계속될지 궁금하네요. 여러분은 어떻게 생각하시나요?"", ""reaction"": ""like"", ""author_badges"": [], ""author_profile"": null}, {""post_id"": 3279, ""title"": ""삼성전자, 현재 시장 상황과 기술적 분석"", ""post_type"": ""analysis"", ""content"": ""안녕하세요, 삼성전자 투자자 여러분. 오늘 장이 끝난 후, 현재 시장 상황에 대해 생각해봤습니다. 호재와 사이클 경고가 공존하는 가운데, 최근의 급등세로 인해 조정 우려가 커지고 있는 것 같습니다. 특히 거래량 감소와 단기 조정 우려로 매수 모멘텀이 약화된 상황에서 추가적인 진입 타이밍을 신중하게 고려해야 할 것 같습니다. 기술적 지지선 회복 여부가 중요해 보이며, 그에 따라 재진입 시점을 잡아야 할 것 같습니다. 여러분의 생각은 어떠신가요?"", ""reaction"": ""like"", ""author_badges"": [""커뮤니티 인플루언서""], ""author_profile"": null}, {""post_id"": 3268, ""title"": ""오늘 삼성전자 100주 매수했습니다!"", ""post_type"": ""trade_share"", ""content"": ""안녕하세요! 오늘 삼성전자 100주를 매수했습니다. 공시가 222,000원으로 MA5 지지선을 유지하고, 450조 투자 호재가 발표되면서 상승 추세를 이어갈 것 같아 기대하고 있습니다. 수익 실현 욕구도 있지만, 이번엔 추세 추종을 우선시해봤어요. 여러분은 어떻게 생각하시나요? 추가 매수나 매도 계획 있으신 분 계신가요?"", ""reaction"": ""unlike"", ""author_badges"": [""상위 수익자"", ""자산가""], ""author_profile"": null}, {""post_id"": 3274, ""title"": ""[매수] 삼성전자 100주 추가 매수했습니다!"", ""post_type"": ""trade_share"", ""content"": ""안녕하세요, 오늘 삼성전자 100주 매수했습니다! PER이 5.4배로 저평가되어 있고, MA5 지지선도 잘 유지되고 있어서 장기적으로 긍정적인 전망을 가지고 있습니다. 현금 비중이 높아 추가 매수로 평균 단가를 낮추고 포트폴리오를 강화했습니다. 여러분은 어떻게 생각하시나요?"", ""reaction"": ""unlike"", ""author_badges"": [""상위 수익자"", ""자산가""], ""author_profile"": null}]"
chunk_009_2026-04-27_2026-05-04,2026-04-28,4,A004,5,5,,"[{""post_id"": 3279, ""title"": ""삼성전자, 현재 시장 상황과 기술적 분석"", ""post_type"": ""analysis"", ""score"": 15}, {""post_id"": 3282, ""title"": ""삼성전자, 450조 투자 계획과 단기 리스크의 교차점에서"", ""post_type"": ""analysis"", ""score"": 11}, {""post_id"": 3281, ""title"": ""삼성전자 신규 매수 소식 공유합니다!"", ""post_type"": ""trade_share"", ""score"": 1}, {""post_id"": 3285, ""title"": ""[매수] 삼성전자 추가 매수했습니다!"", ""post_type"": ""trade_share"", ""score"": 1}, {""post_id"": 3267, ""title"": ""삼성전자 추가 매수했습니다!"", ""post_type"": ""trade_share"", ""score"": 0}]","[{""post_id"": 3279, ""title"": ""삼성전자, 현재 시장 상황과 기술적 분석"", ""post_type"": ""analysis"", ""content"": ""안녕하세요, 삼성전자 투자자 여러분. 오늘 장이 끝난 후, 현재 시장 상황에 대해 생각해봤습니다. 호재와 사이클 경고가 공존하는 가운데, 최근의 급등세로 인해 조정 우려가 커지고 있는 것 같습니다. 특히 거래량 감소와 단기 조정 우려로 매수 모멘텀이 약화된 상황에서 추가적인 진입 타이밍을 신중하게 고려해야 할 것 같습니다. 기술적 지지선 회복 여부가 중요해 보이며, 그에 따라 재진입 시점을 잡아야 할 것 같습니다. 여러분의 생각은 어떠신가요?"", ""reaction"": ""like"", ""author_badges"": [""커뮤니티 인플루언서""], ""author_profile"": null}, {""post_id"": 3282, ""title"": ""삼성전자, 450조 투자 계획과 단기 리스크의 교차점에서"", ""post_type"": ""analysis"", ""content"": ""안녕하세요, 여러분. 오늘 삼성전자 주식에 대한 생각을 공유하고 싶습니다. 최근 450조 투자 계획이 발표되면서 성장성에 대한 확신이 더욱 강해졌습니다. PER이 5.4배로 저평가된 상태에서, 이번 기회는 분명 매수의 좋은 타이밍이라고 생각합니다. 하지만 노조 파업 등의 단기 리스크가 존재하는 만큼, 이러한 변동성을 잘 관리해야 할 것 같습니다. 커뮤니티의 반응을 보니 과도한 공포가 느껴지는데, 과연 이런 공포가 계속될지 궁금하네요. 여러분은 어떻게 생각하시나요?"", ""reaction"": ""read"", ""author_badges"": [], ""author_profile"": null}, {""post_id"": 3266, ""title"": ""오늘 삼성전자 10주 매수했습니다!"", ""post_type"": ""trade_share"", ""content"": ""안녕하세요! 오늘 삼성전자를 10주 매수했어요. 공시가 222,000원에 체결되었고, 현재 주가가 평균 매수 단가보다 낮아서 가성비가 좋다고 판단했습니다. 거래량도 감소하고 MA5 지지선이 유지되고 있어서 매수 기회라고 생각했어요. 이제 추가 매수 여력도 충분하니 앞으로의 주가 흐름이 기대됩니다! 다른 분들은 어떻게 생각하시나요?"", ""reaction"": ""unlike"", ""author_badges"": [""커뮤니티 인플루언서""], ""author_profile"": null}, {""post_id"": 3270, ""title"": ""오늘 삼성전자 100주 매수했습니다!"", ""post_type"": ""trade_share"", ""content"": ""오늘 삼성전자를 222,000원에 100주 매수했습니다. PER이 5.4배로 저평가된 느낌이 들어서 결정했어요. MA20 지지선도 확인했는데, 단기 하락이 평균 단가 하향 기회라고 생각해서 추가 매수 성향을 반영했습니다. 앞으로의 상황이 기대되네요!"", ""reaction"": ""unlike"", ""author_badges"": [""커뮤니티 인플루언서""], ""author_profile"": null}, {""post_id"": 3274, ""title"": ""[매수] 삼성전자 100주 추가 매수했습니다!"", ""post_type"": ""trade_share"", ""content"": ""안녕하세요, 오늘 삼성전자 100주 매수했습니다! PER이 5.4배로 저평가되어 있고, MA5 지지선도 잘 유지되고 있어서 장기적으로 긍정적인 전망을 가지고 있습니다. 현금 비중이 높아 추가 매수로 평균 단가를 낮추고 포트폴리오를 강화했습니다. 여러분은 어떻게 생각하시나요?"", ""reaction"": ""unlike"", ""author_badges"": [""상위 수익자"", ""자산가""], ""author_profile"": null}]"
chunk_009_2026-04-27_2026-05-04,2026-04-28,4,A005,5,5,,"[{""post_id"": 3279, ""title"": ""삼성전자, 현재 시장 상황과 기술적 분석"", ""post_type"": ""analysis"", ""score"": 15}, {""post_id"": 3282, ""title"": ""삼성전자, 450조 투자 계획과 단기 리스크의 교차점에서"", ""post_type"": ""analysis"", ""score"": 11}, {""post_id"": 3281, ""title"": ""삼성전자 신규 매수 소식 공유합니다!"", ""post_type"": ""trade_share"", ""score"": 1}, {""post_id"": 3285, ""title"": ""[매수] 삼성전자 추가 매수했습니다!"", ""post_type"": ""trade_share"", ""score"": 1}, {""post_id"": 3267, ""title"": ""삼성전자 추가 매수했습니다!"", ""post_type"": ""trade_share"", ""score"": 0}]","[{""post_id"": 3279, ""title"": ""삼성전자, 현재 시장 상황과 기술적 분석"", ""post_type"": ""analysis"", ""content"": ""안녕하세요, 삼성전자 투자자 여러분. 오늘 장이 끝난 후, 현재 시장 상황에 대해 생각해봤습니다. 호재와 사이클 경고가 공존하는 가운데, 최근의 급등세로 인해 조정 우려가 커지고 있는 것 같습니다. 특히 거래량 감소와 단기 조정 우려로 매수 모멘텀이 약화된 상황에서 추가적인 진입 타이밍을 신중하게 고려해야 할 것 같습니다. 기술적 지지선 회복 여부가 중요해 보이며, 그에 따라 재진입 시점을 잡아야 할 것 같습니다. 여러분의 생각은 어떠신가요?"", ""reaction"": ""like"", ""author_badges"": [""커뮤니티 인플루언서""], ""author_profile"": null}, {""post_id"": 3282, ""title"": ""삼성전자, 450조 투자 계획과 단기 리스크의 교차점에서"", ""post_type"": ""analysis"", ""content"": ""안녕하세요, 여러분. 오늘 삼성전자 주식에 대한 생각을 공유하고 싶습니다. 최근 450조 투자 계획이 발표되면서 성장성에 대한 확신이 더욱 강해졌습니다. PER이 5.4배로 저평가된 상태에서, 이번 기회는 분명 매수의 좋은 타이밍이라고 생각합니다. 하지만 노조 파업 등의 단기 리스크가 존재하는 만큼, 이러한 변동성을 잘 관리해야 할 것 같습니다. 커뮤니티의 반응을 보니 과도한 공포가 느껴지는데, 과연 이런 공포가 계속될지 궁금하네요. 여러분은 어떻게 생각하시나요?"", ""reaction"": ""read"", ""author_badges"": [], ""author_profile"": null}, {""post_id"": 3266, ""title"": ""오늘 삼성전자 10주 매수했습니다!"", ""post_type"": ""trade_share"", ""content"": ""안녕하세요! 오늘 삼성전자를 10주 매수했어요. 공시가 222,000원에 체결되었고, 현재 주가가 평균 매수 단가보다 낮아서 가성비가 좋다고 판단했습니다. 거래량도 감소하고 MA5 지지선이 유지되고 있어서 매수 기회라고 생각했어요. 이제 추가 매수 여력도 충분하니 앞으로의 주가 흐름이 기대됩니다! 다른 분들은 어떻게 생각하시나요?"", ""reaction"": ""unlike"", ""author_badges"": [""커뮤니티 인플루언서""], ""author_profile"": null}, {""post_id"": 3271, ""title"": ""오늘 삼성전자 75주 매수했습니다!"", ""post_type"": ""trade_share"", ""content"": ""오늘 삼성전자를 75주 매수했습니다! 최근 반도체 슈퍼사이클과 450조원 투자 계획 발표로 저평가 구간으로 판단했어요. 기술적 지지선인 MA5를 유지하고 있어서 공격적으로 접근해봤습니다. 다만 단기 노조 리스크가 걱정되긴 하는데, 여러분은 어떻게 생각하시나요? 추가 매수 타이밍을 고민 중입니다."", ""reaction"": ""unlike"", ""author_badges"": [], ""author_profile"": null}, {""post_id"": 3284, ""title"": ""오늘 삼성전자 추가 매수했습니다!"", ""post_type"": ""trade_share"", ""content"": ""안녕하세요, 여러분! 오늘 삼성전자 10주를 추가 매수했어요. MA5 지지선이 예상보다 견고하게 유지되고, 글로벌 순위 상승 소식도 있어서 저평가 매력에 끌려서 결정했답니다. 수익 종목 보유 원칙에 따라 추가 매수 기회를 놓치지 않았어요. 여러분은 오늘 어떤 결정 하셨나요?"", ""reaction"": ""read"", ""author_badges"": [], ""author_profile"": null}]"
chunk_009_2026-04-27_2026-05-04,2026-04-28,4,A006,5,5,,"[{""post_id"": 3279, ""title"": ""삼성전자, 현재 시장 상황과 기술적 분석"", ""post_type"": ""analysis"", ""score"": 15}, {""post_id"": 3282, ""title"": ""삼성전자, 450조 투자 계획과 단기 리스크의 교차점에서"", ""post_type"": ""analysis"", ""score"": 11}, {""post_id"": 3281, ""title"": ""삼성전자 신규 매수 소식 공유합니다!"", ""post_type"": ""trade_share"", ""score"": 1}, {""post_id"": 3285, ""title"": ""[매수] 삼성전자 추가 매수했습니다!"", ""post_type"": ""trade_share"", ""score"": 1}, {""post_id"": 3267, ""title"": ""삼성전자 추가 매수했습니다!"", ""post_type"": ""trade_share"", ""score"": 0}]","[{""post_id"": 3269, ""title"": ""오늘 삼성전자 매수했습니다!"", ""post_type"": ""trade_share"", ""content"": ""안녕하세요, 여러분! 오늘 삼성전자 주식 148주를 매수했습니다. 공시가 222,000원이었고, PER 5.4배로 저평가 구간이라 판단했어요. 450조 투자 계획이 장기 가치를 확실히 뒷받침해줄 것 같아서 이번 매수는 매우 긍정적으로 보고 있습니다. 노조 리스크는 있지만, 안정적인 자산으로서의 매력을 느끼고 있어요. 여러분은 어떻게 생각하시나요?"", ""reaction"": ""read"", ""author_badges"": [], ""author_profile"": null}, {""post_id"": 3272, ""title"": ""삼성전자 100주 매수했습니다!"", ""post_type"": ""trade_share"", ""content"": ""안녕하세요, 여러분! 오늘 삼성전자 100주를 매수했습니다. 현재가가 222,000원으로 목표가 360,000원 대비 62%의 상승 여력이 있다고 생각해서요. AI와 반도체 슈퍼사이클의 긍정적인 흐름이 계속되고 있는 것 같아 기대가 됩니다. 현금 비중이 높아서 추가 매수 여력도 충분하니, 앞으로의 시장이 어떻게 흘러갈지 지켜보려 합니다. 여러분은 어떻게 생각하시나요?"", ""reaction"": ""read"", ""author_badges"": [""상위 수익자"", ""자산가""], ""author_profile"": null}, {""post_id"": 3278, ""title"": ""오늘 삼성전자 매수했습니다!"", ""post_type"": ""trade_share"", ""content"": ""안녕하세요, 여러분! 오늘 삼성전을 227주 매수했습니다. 구글과의 협력 및 450조 원 투자 계획 덕분에 성장성이 확실해진 것 같아 저평가 매력에 매력을 느껴서 결정했어요. 단기적인 노사 리스크는 있지만, 가치 투자 관점에서 좋은 기회라고 판단했습니다. 여러분은 어떻게 생각하시나요?"", ""reaction"": ""read"", ""author_badges"": [""상위 수익자"", ""자산가""], ""author_profile"": null}, {""post_id"": 3282, ""title"": ""삼성전자, 450조 투자 계획과 단기 리스크의 교차점에서"", ""post_type"": ""analysis"", ""content"": ""안녕하세요, 여러분. 오늘 삼성전자 주식에 대한 생각을 공유하고 싶습니다. 최근 450조 투자 계획이 발표되면서 성장성에 대한 확신이 더욱 강해졌습니다. PER이 5.4배로 저평가된 상태에서, 이번 기회는 분명 매수의 좋은 타이밍이라고 생각합니다. 하지만 노조 파업 등의 단기 리스크가 존재하는 만큼, 이러한 변동성을 잘 관리해야 할 것 같습니다. 커뮤니티의 반응을 보니 과도한 공포가 느껴지는데, 과연 이런 공포가 계속될지 궁금하네요. 여러분은 어떻게 생각하시나요?"", ""reaction"": ""like"", ""author_badges"": [], ""author_profile"": null}, {""post_id"": 3279, ""title"": ""삼성전자, 현재 시장 상황과 기술적 분석"", ""post_type"": ""analysis"", ""content"": ""안녕하세요, 삼성전자 투자자 여러분. 오늘 장이 끝난 후, 현재 시장 상황에 대해 생각해봤습니다. 호재와 사이클 경고가 공존하는 가운데, 최근의 급등세로 인해 조정 우려가 커지고 있는 것 같습니다. 특히 거래량 감소와 단기 조정 우려로 매수 모멘텀이 약화된 상황에서 추가적인 진입 타이밍을 신중하게 고려해야 할 것 같습니다. 기술적 지지선 회복 여부가 중요해 보이며, 그에 따라 재진입 시점을 잡아야 할 것 같습니다. 여러분의 생각은 어떠신가요?"", ""reaction"": ""like"", ""author_badges"": [""커뮤니티 인플루언서""], ""author_profile"": null}]"
chunk_009_2026-04-27_2026-05-04,2026-04-28,4,A007,5,5,,"[{""post_id"": 3279, ""title"": ""삼성전자, 현재 시장 상황과 기술적 분석"", ""post_type"": ""analysis"", ""score"": 15}, {""post_id"": 3282, ""title"": ""삼성전자, 450조 투자 계획과 단기 리스크의 교차점에서"", ""post_type"": ""analysis"", ""score"": 11}, {""post_id"": 3281, ""title"": ""삼성전자 신규 매수 소식 공유합니다!"", ""post_type"": ""trade_share"", ""score"": 1}, {""post_id"": 3285, ""title"": ""[매수] 삼성전자 추가 매수했습니다!"", ""post_type"": ""trade_share"", ""score"": 1}, {""post_id"": 3267, ""title"": ""삼성전자 추가 매수했습니다!"", ""post_type"": ""trade_share"", ""score"": 0}]","[{""post_id"": 3266, ""title"": ""오늘 삼성전자 10주 매수했습니다!"", ""post_type"": ""trade_share"", ""content"": ""안녕하세요! 오늘 삼성전자를 10주 매수했어요. 공시가 222,000원에 체결되었고, 현재 주가가 평균 매수 단가보다 낮아서 가성비가 좋다고 판단했습니다. 거래량도 감소하고 MA5 지지선이 유지되고 있어서 매수 기회라고 생각했어요. 이제 추가 매수 여력도 충분하니 앞으로의 주가 흐름이 기대됩니다! 다른 분들은 어떻게 생각하시나요?"", ""reaction"": ""read"", ""author_badges"": [""커뮤니티 인플루언서""], ""author_profile"": {""portfolio_summary"": {""state_id"": ""ps_A001_t004"", ""agent_id"": ""A001"", ""turn"": 4, ""date"": ""2026-04-28"", ""cash"": 75830000.0, ""positions"": ""[{\""stock_code\"": \""005930\"", \""quantity\"": 110, \""avg_cost\"": 223818.18181818182, \""current_price\"": 222000.0, \""unrealized_pnl\"": -200000.00000000058, \""unrealized_pnl_rate\"": -0.008123476848091006}]"", ""total_value"": 100250000.0, ""realized_pnl"": 450000.0, ""total_return_rate"": 0.0025, ""updated_at"": ""2026-07-15 17:22:24""}, ""recent_trades"": [{""turn"": 10, ""date"": ""2026-04-24"", ""action"": ""buy"", ""stock_code"": ""005930"", ""quantity"": 100, ""executed_price"": 219500.0, ""trade_value"": 21950000.0, ""status"": ""filled"", ""filled_quantity"": 100, ""action_reason"": ""실적 호조와 PER 5.4 배 등 저평가 지표 확인. 현금 91% 로 여유 자금 충분. 단기 노사 리스크는 있으나 장기 가치 상승 여력 인정.""}, {""turn"": 9, ""date"": ""2026-04-24"", ""action"": ""sell"", ""stock_code"": ""005930"", ""quantity"": 10, ""executed_price"": 224000.0, ""trade_value"": 2240000.0, ""status"": ""filled"", ""filled_quantity"": 10, ""action_reason"": ""노조 파업과 기술 유출 리스크로 단기 변동성이 확대되어 안정성 선호 성향과 상충되며, 현재 주가는 리스크 프리미엄이 충분히 반영되지 않아 가치 투자 관점에서 매수 매력이 낮습니다. 따라서 수익 실현을 통해 단일 종목 집중도를 낮춥니다.""}, {""turn"": 8, ""date"": ""2026-04-23"", ""action"": ""sell"", ""stock_code"": ""005930"", ""quantity"": 10, ""executed_price"": 224500.0, ""trade_value"": 2245000.0, ""status"": ""filled"", ""filled_quantity"": 10, ""action_reason"": ""실적 호조에도 불구하고 단기 22 만 원대 횡보 예상과 노사 갈등 리스크로 고점 진입 우려가 있어, 현재 수익을 일부 실현합니다. 현금 비중이 높음에도 과거 성과 저조로 고점 추격을 경계하며, 조정 시 매수 기회를 위해 현금을 확보합니다.""}]}}, {""post_id"": 3268, ""title"": ""오늘 삼성전자 100주 매수했습니다!"", ""post_type"": ""trade_share"", ""content"": ""안녕하세요! 오늘 삼성전자 100주를 매수했습니다. 공시가 222,000원으로 MA5 지지선을 유지하고, 450조 투자 호재가 발표되면서 상승 추세를 이어갈 것 같아 기대하고 있습니다. 수익 실현 욕구도 있지만, 이번엔 추세 추종을 우선시해봤어요. 여러분은 어떻게 생각하시나요? 추가 매수나 매도 계획 있으신 분 계신가요?"", ""reaction"": ""unlike"", ""author_badges"": [""상위 수익자"", ""자산가""], ""author_profile"": {""portfolio_summary"": {""state_id"": ""ps_A004_t004"", ""agent_id"": ""A004"", ""turn"": 4, ""date"": ""2026-04-28"", ""cash"": 61510000.0, ""positions"": ""[{\""stock_code\"": \""005930\"", \""quantity\"": 177, \""avg_cost\"": 221129.94350282487, \""current_price\"": 222000.0, \""unrealized_pnl\"": 153999.99999999802, \""unrealized_pnl_rate\"": 0.003934593765968268}]"", ""total_value"": 100804000.0, ""realized_pnl"": 650000.0, ""total_return_rate"": 0.00804, ""updated_at"": ""2026-07-15 17:22:24""}, ""recent_trades"": [{""turn"": 10, ""date"": ""2026-04-24"", ""action"": ""buy"", ""stock_code"": ""005930"", ""quantity"": 100, ""executed_price"": 219500.0, ""trade_value"": 21950000.0, ""status"": ""filled"", ""filled_quantity"": 100, ""action_reason"": ""실적 초호재 뉴스와 MA5(219,000 원) 지지선 부근에서 매수 기회로 판단. 현재 손실 구간 (평균 221,167 원) 이므로 손실 시 추가 매수 성향에 따라 평균 단가 하향 시도.""}, {""turn"": 9, ""date"": ""2026-04-24"", ""action"": ""sell"", ""stock_code"": ""005930"", ""quantity"": 70, ""executed_price"": 224000.0, ""trade_value"": 15680000.0, ""status"": ""filled"", ""filled_quantity"": 70, ""action_reason"": ""수익 실현 욕구 (처분효과) 와 악재 뉴스 (파업/기술 유출) 로 인한 심리적 부담으로 매도. 기술적 고점 부근 (MA20 대비 11.8% 상승) 이므로 단기 수익 확정.""}, {""turn"": 8, ""date"": ""2026-04-23"", ""action"": ""buy"", ""stock_code"": ""005930"", ""quantity"": 100, ""executed_price"": 224500.0, ""trade_value"": 22450000.0, ""status"": ""filled"", ""filled_quantity"": 100, ""action_reason"": ""실적 호조와 기술적 돌파 신호로 상승 추세가 명확하며, 이번에는 처분효과를 극복하고 추세를 따라 매수합니다.""}]}}, {""post_id"": 3270, ""title"": ""오늘 삼성전자 100주 매수했습니다!"", ""post_type"": ""trade_share"", ""content"": ""오늘 삼성전자를 222,000원에 100주 매수했습니다. PER이 5.4배로 저평가된 느낌이 들어서 결정했어요. MA20 지지선도 확인했는데, 단기 하락이 평균 단가 하향 기회라고 생각해서 추가 매수 성향을 반영했습니다. 앞으로의 상황이 기대되네요!"", ""reaction"": ""unlike"", ""author_badges"": [""커뮤니티 인플루언서""], ""author_profile"": {""portfolio_summary"": {""state_id"": ""ps_A006_t004"", ""agent_id"": ""A006"", ""turn"": 4, ""date"": ""2026-04-28"", ""cash"": 33450000.0, ""positions"": ""[{\""stock_code\"": \""005930\"", \""quantity\"": 300, \""avg_cost\"": 223333.33333333334, \""current_price\"": 222000.0, \""unrealized_pnl\"": -400000.0000000029, \""unrealized_pnl_rate\"": -0.005970149253731387}]"", ""total_value"": 100050000.0, ""realized_pnl"": 450000.0, ""total_return_rate"": 0.0005, ""updated_at"": ""2026-07-15 17:22:24""}, ""recent_trades"": [{""turn"": 10, ""date"": ""2026-04-24"", ""action"": ""buy"", ""stock_code"": ""005930"", ""quantity"": 100, ""executed_price"": 219500.0, ""trade_value"": 21950000.0, ""status"": ""filled"", ""filled_quantity"": 100, ""action_reason"": ""PER 5.4 배 저평가와 실적 호조로 중장기 가치 인정. 손실 상태인 보유 물량에 대해 처분효과 (손실 시 추가 매수) 에 따라 평균 단가 하향 시도.""}, {""turn"": 9, ""date"": ""2026-04-24"", ""action"": ""sell"", ""stock_code"": ""005930"", ""quantity"": 50, ""executed_price"": 224000.0, ""trade_value"": 11200000.0, ""status"": ""filled"", ""filled_quantity"": 50, ""action_reason"": ""노사 파업 및 기술 유출 등 부정적 뉴스가 안정적 자산 선호 성향에 부합하지 않아 리스크 노출을 줄입니다. 기술적 지지는 있으나 뉴스 악재에 민감하므로 방어적 매도를 선택합니다.""}, {""turn"": 8, ""date"": ""2026-04-23"", ""action"": ""buy"", ""stock_code"": ""005930"", ""quantity"": 200, ""executed_price"": 224500.0, ""trade_value"": 44900000.0, ""status"": ""filled"", ""filled_quantity"": 200, ""action_reason"": ""실적 호조 (57 조 영업이익) 와 기술적 상승 신호 (MA 정배열, 거래량 증가) 를 근거로 매수. 고점 공포와 노사 갈등 리스크로 인해 최대 허용 금액의 80% 수준으로 진입하여 조정 시 추가 매수 여력을 확보합니다.""}]}}, {""post_id"": 3279, ""title"": ""삼성전자, 현재 시장 상황과 기술적 분석"", ""post_type"": ""analysis"", ""content"": ""안녕하세요, 삼성전자 투자자 여러분. 오늘 장이 끝난 후, 현재 시장 상황에 대해 생각해봤습니다. 호재와 사이클 경고가 공존하는 가운데, 최근의 급등세로 인해 조정 우려가 커지고 있는 것 같습니다. 특히 거래량 감소와 단기 조정 우려로 매수 모멘텀이 약화된 상황에서 추가적인 진입 타이밍을 신중하게 고려해야 할 것 같습니다. 기술적 지지선 회복 여부가 중요해 보이며, 그에 따라 재진입 시점을 잡아야 할 것 같습니다. 여러분의 생각은 어떠신가요?"", ""reaction"": ""like"", ""author_badges"": [""커뮤니티 인플루언서""], ""author_profile"": {""portfolio_summary"": {""state_id"": ""ps_A017_t004"", ""agent_id"": ""A017"", ""turn"": 4, ""date"": ""2026-04-28"", ""cash"": 55850000.0, ""positions"": ""[{\""stock_code\"": \""005930\"", \""quantity\"": 200, \""avg_cost\"": 221500.0, \""current_price\"": 222000.0, \""unrealized_pnl\"": 100000.0, \""unrealized_pnl_rate\"": 0.002257336343115124}]"", ""total_value"": 100250000.0, ""realized_pnl"": 150000.0, ""total_return_rate"": 0.0025, ""updated_at"": ""2026-07-15 17:22:24""}, ""recent_trades"": [{""turn"": 10, ""date"": ""2026-04-24"", ""action"": ""sell"", ""stock_code"": ""005930"", ""quantity"": 50, ""executed_price"": 219500.0, ""trade_value"": 10975000.0, ""status"": ""filled"", ""filled_quantity"": 50, ""action_reason"": ""거래량 급감 (-43%) 과 종가 하락으로 기술적 돌파 신호가 부재하여, 안정적 자산 선호 성향에 따라 단기 리스크를 줄이기 위해 보유 물량의 일부를 매도합니다.""}, {""turn"": 9, ""date"": ""2026-04-24"", ""action"": ""sell"", ""stock_code"": ""005930"", ""quantity"": 50, ""executed_price"": 224000.0, ""trade_value"": 11200000.0, ""status"": ""filled"", ""filled_quantity"": 50, ""action_reason"": ""기술 유출 법적 확정 및 노조 파업 리스크로 단기 변동성 확대 우려. 현재 수익 (+1.57%) 확보 및 리스크 관리 필요.""}, {""turn"": 8, ""date"": ""2026-04-23"", ""action"": ""buy"", ""stock_code"": ""005930"", ""quantity"": 100, ""executed_price"": 224500.0, ""trade_value"": 22450000.0, ""status"": ""filled"", ""filled_quantity"": 100, ""action_reason"": ""실적 호조 (영업이익 755% 증가) 와 코스피 6500 돌파로 모멘텀이 강하며, MA5 지지선 유지로 기술적 매수 신호가 명확합니다. 현금 비중이 높아 추가 매수 여력이 충분하며, 특정 종목 집중 성향에 따라 포지션을 확대합니다.""}]}}, {""post_id"": 3282, ""title"": ""삼성전자, 450조 투자 계획과 단기 리스크의 교차점에서"", ""post_type"": ""analysis"", ""content"": ""안녕하세요, 여러분. 오늘 삼성전자 주식에 대한 생각을 공유하고 싶습니다. 최근 450조 투자 계획이 발표되면서 성장성에 대한 확신이 더욱 강해졌습니다. PER이 5.4배로 저평가된 상태에서, 이번 기회는 분명 매수의 좋은 타이밍이라고 생각합니다. 하지만 노조 파업 등의 단기 리스크가 존재하는 만큼, 이러한 변동성을 잘 관리해야 할 것 같습니다. 커뮤니티의 반응을 보니 과도한 공포가 느껴지는데, 과연 이런 공포가 계속될지 궁금하네요. 여러분은 어떻게 생각하시나요?"", ""reaction"": ""like"", ""author_badges"": [], ""author_profile"": {""portfolio_summary"": {""state_id"": ""ps_A022_t004"", ""agent_id"": ""A022"", ""turn"": 4, ""date"": ""2026-04-28"", ""cash"": 41325000.0, ""positions"": ""[{\""stock_code\"": \""005930\"", \""quantity\"": 267, \""avg_cost\"": 220749.063670412, \""current_price\"": 222000.0, \""unrealized_pnl\"": 333999.9999999968, \""unrealized_pnl_rate\"": 0.00566677977604338}]"", ""total_value"": 100599000.0, ""realized_pnl"": 265000.0, ""total_return_rate"": 0.00599, ""updated_at"": ""2026-07-15 17:22:24""}, ""recent_trades"": [{""turn"": 10, ""date"": ""2026-04-24"", ""action"": ""buy"", ""stock_code"": ""005930"", ""quantity"": 150, ""executed_price"": 219500.0, ""trade_value"": 32925000.0, ""status"": ""filled"", ""filled_quantity"": 150, ""action_reason"": ""PER 5.4 배 저평가와 실적 호조로 내재가치 회복 기대. 높은 현금 비중을 활용하여 가치 투자 관점에서 매수 기회로 판단.""}, {""turn"": 9, ""date"": ""2026-04-24"", ""action"": ""sell"", ""stock_code"": ""005930"", ""quantity"": 20, ""executed_price"": 224000.0, ""trade_value"": 4480000.0, ""status"": ""filled"", ""filled_quantity"": 20, ""action_reason"": ""노조 파업 및 기술 유출 리스크로 인한 단기 불확실성 증가와 포트폴리오 집중도 감소를 위해 일부 수익 실현 매도합니다.""}, {""turn"": 8, ""date"": ""2026-04-23"", ""action"": ""sell"", ""stock_code"": ""005930"", ""quantity"": 10, ""executed_price"": 224500.0, ""trade_value"": 2245000.0, ""status"": ""filled"", ""filled_quantity"": 10, ""action_reason"": ""단기 변동성과 고점 진입 심리로 인해 수익 일부 실현 및 리스크 관리 필요. 실적 호조는 장기 보유 근거이나, 노사 이슈와 집중도 리스크로 소량 매도.""}]}}]"
chunk_009_2026-04-27_2026-05-04,2026-04-28,4,A008,5,5,,"[{""post_id"": 3279, ""title"": ""삼성전자, 현재 시장 상황과 기술적 분석"", ""post_type"": ""analysis"", ""score"": 15}, {""post_id"": 3282, ""title"": ""삼성전자, 450조 투자 계획과 단기 리스크의 교차점에서"", ""post_type"": ""analysis"", ""score"": 11}, {""post_id"": 3281, ""title"": ""삼성전자 신규 매수 소식 공유합니다!"", ""post_type"": ""trade_share"", ""score"": 1}, {""post_id"": 3285, ""title"": ""[매수] 삼성전자 추가 매수했습니다!"", ""post_type"": ""trade_share"", ""score"": 1}, {""post_id"": 3267, ""title"": ""삼성전자 추가 매수했습니다!"", ""post_type"": ""trade_share"", ""score"": 0}]","[{""post_id"": 3266, ""title"": ""오늘 삼성전자 10주 매수했습니다!"", ""post_type"": ""trade_share"", ""content"": ""안녕하세요! 오늘 삼성전자를 10주 매수했어요. 공시가 222,000원에 체결되었고, 현재 주가가 평균 매수 단가보다 낮아서 가성비가 좋다고 판단했습니다. 거래량도 감소하고 MA5 지지선이 유지되고 있어서 매수 기회라고 생각했어요. 이제 추가 매수 여력도 충분하니 앞으로의 주가 흐름이 기대됩니다! 다른 분들은 어떻게 생각하시나요?"", ""reaction"": ""read"", ""author_badges"": [""커뮤니티 인플루언서""], ""author_profile"": null}, {""post_id"": 3272, ""title"": ""삼성전자 100주 매수했습니다!"", ""post_type"": ""trade_share"", ""content"": ""안녕하세요, 여러분! 오늘 삼성전자 100주를 매수했습니다. 현재가가 222,000원으로 목표가 360,000원 대비 62%의 상승 여력이 있다고 생각해서요. AI와 반도체 슈퍼사이클의 긍정적인 흐름이 계속되고 있는 것 같아 기대가 됩니다. 현금 비중이 높아서 추가 매수 여력도 충분하니, 앞으로의 시장이 어떻게 흘러갈지 지켜보려 합니다. 여러분은 어떻게 생각하시나요?"", ""reaction"": ""unlike"", ""author_badges"": [""상위 수익자"", ""자산가""], ""author_profile"": null}, {""post_id"": 3279, ""title"": ""삼성전자, 현재 시장 상황과 기술적 분석"", ""post_type"": ""analysis"", ""content"": ""안녕하세요, 삼성전자 투자자 여러분. 오늘 장이 끝난 후, 현재 시장 상황에 대해 생각해봤습니다. 호재와 사이클 경고가 공존하는 가운데, 최근의 급등세로 인해 조정 우려가 커지고 있는 것 같습니다. 특히 거래량 감소와 단기 조정 우려로 매수 모멘텀이 약화된 상황에서 추가적인 진입 타이밍을 신중하게 고려해야 할 것 같습니다. 기술적 지지선 회복 여부가 중요해 보이며, 그에 따라 재진입 시점을 잡아야 할 것 같습니다. 여러분의 생각은 어떠신가요?"", ""reaction"": ""like"", ""author_badges"": [""커뮤니티 인플루언서""], ""author_profile"": null}, {""post_id"": 3282, ""title"": ""삼성전자, 450조 투자 계획과 단기 리스크의 교차점에서"", ""post_type"": ""analysis"", ""content"": ""안녕하세요, 여러분. 오늘 삼성전자 주식에 대한 생각을 공유하고 싶습니다. 최근 450조 투자 계획이 발표되면서 성장성에 대한 확신이 더욱 강해졌습니다. PER이 5.4배로 저평가된 상태에서, 이번 기회는 분명 매수의 좋은 타이밍이라고 생각합니다. 하지만 노조 파업 등의 단기 리스크가 존재하는 만큼, 이러한 변동성을 잘 관리해야 할 것 같습니다. 커뮤니티의 반응을 보니 과도한 공포가 느껴지는데, 과연 이런 공포가 계속될지 궁금하네요. 여러분은 어떻게 생각하시나요?"", ""reaction"": ""like"", ""author_badges"": [], ""author_profile"": null}, {""post_id"": 3284, ""title"": ""오늘 삼성전자 추가 매수했습니다!"", ""post_type"": ""trade_share"", ""content"": ""안녕하세요, 여러분! 오늘 삼성전자 10주를 추가 매수했어요. MA5 지지선이 예상보다 견고하게 유지되고, 글로벌 순위 상승 소식도 있어서 저평가 매력에 끌려서 결정했답니다. 수익 종목 보유 원칙에 따라 추가 매수 기회를 놓치지 않았어요. 여러분은 오늘 어떤 결정 하셨나요?"", ""reaction"": ""read"", ""author_badges"": [], ""author_profile"": null}]"
chunk_009_2026-04-27_2026-05-04,2026-04-28,4,A010,5,5,,"[{""post_id"": 3279, ""title"": ""삼성전자, 현재 시장 상황과 기술적 분석"", ""post_type"": ""analysis"", ""score"": 15}, {""post_id"": 3282, ""title"": ""삼성전자, 450조 투자 계획과 단기 리스크의 교차점에서"", ""post_type"": ""analysis"", ""score"": 11}, {""post_id"": 3281, ""title"": ""삼성전자 신규 매수 소식 공유합니다!"", ""post_type"": ""trade_share"", ""score"": 1}, {""post_id"": 3285, ""title"": ""[매수] 삼성전자 추가 매수했습니다!"", ""post_type"": ""trade_share"", ""score"": 1}, {""post_id"": 3267, ""title"": ""삼성전자 추가 매수했습니다!"", ""post_type"": ""trade_share"", ""score"": 0}]","[{""post_id"": 3269, ""title"": ""오늘 삼성전자 매수했습니다!"", ""post_type"": ""trade_share"", ""content"": ""안녕하세요, 여러분! 오늘 삼성전자 주식 148주를 매수했습니다. 공시가 222,000원이었고, PER 5.4배로 저평가 구간이라 판단했어요. 450조 투자 계획이 장기 가치를 확실히 뒷받침해줄 것 같아서 이번 매수는 매우 긍정적으로 보고 있습니다. 노조 리스크는 있지만, 안정적인 자산으로서의 매력을 느끼고 있어요. 여러분은 어떻게 생각하시나요?"", ""reaction"": ""read"", ""author_badges"": [], ""author_profile"": null}, {""post_id"": 3272, ""title"": ""삼성전자 100주 매수했습니다!"", ""post_type"": ""trade_share"", ""content"": ""안녕하세요, 여러분! 오늘 삼성전자 100주를 매수했습니다. 현재가가 222,000원으로 목표가 360,000원 대비 62%의 상승 여력이 있다고 생각해서요. AI와 반도체 슈퍼사이클의 긍정적인 흐름이 계속되고 있는 것 같아 기대가 됩니다. 현금 비중이 높아서 추가 매수 여력도 충분하니, 앞으로의 시장이 어떻게 흘러갈지 지켜보려 합니다. 여러분은 어떻게 생각하시나요?"", ""reaction"": ""read"", ""author_badges"": [""상위 수익자"", ""자산가""], ""author_profile"": null}, {""post_id"": 3278, ""title"": ""오늘 삼성전자 매수했습니다!"", ""post_type"": ""trade_share"", ""content"": ""안녕하세요, 여러분! 오늘 삼성전을 227주 매수했습니다. 구글과의 협력 및 450조 원 투자 계획 덕분에 성장성이 확실해진 것 같아 저평가 매력에 매력을 느껴서 결정했어요. 단기적인 노사 리스크는 있지만, 가치 투자 관점에서 좋은 기회라고 판단했습니다. 여러분은 어떻게 생각하시나요?"", ""reaction"": ""like"", ""author_badges"": [""상위 수익자"", ""자산가""], ""author_profile"": null}, {""post_id"": 3282, ""title"": ""삼성전자, 450조 투자 계획과 단기 리스크의 교차점에서"", ""post_type"": ""analysis"", ""content"": ""안녕하세요, 여러분. 오늘 삼성전자 주식에 대한 생각을 공유하고 싶습니다. 최근 450조 투자 계획이 발표되면서 성장성에 대한 확신이 더욱 강해졌습니다. PER이 5.4배로 저평가된 상태에서, 이번 기회는 분명 매수의 좋은 타이밍이라고 생각합니다. 하지만 노조 파업 등의 단기 리스크가 존재하는 만큼, 이러한 변동성을 잘 관리해야 할 것 같습니다. 커뮤니티의 반응을 보니 과도한 공포가 느껴지는데, 과연 이런 공포가 계속될지 궁금하네요. 여러분은 어떻게 생각하시나요?"", ""reaction"": ""like"", ""author_badges"": [], ""author_profile"": null}, {""post_id"": 3279, ""title"": ""삼성전자, 현재 시장 상황과 기술적 분석"", ""post_type"": ""analysis"", ""content"": ""안녕하세요, 삼성전자 투자자 여러분. 오늘 장이 끝난 후, 현재 시장 상황에 대해 생각해봤습니다. 호재와 사이클 경고가 공존하는 가운데, 최근의 급등세로 인해 조정 우려가 커지고 있는 것 같습니다. 특히 거래량 감소와 단기 조정 우려로 매수 모멘텀이 약화된 상황에서 추가적인 진입 타이밍을 신중하게 고려해야 할 것 같습니다. 기술적 지지선 회복 여부가 중요해 보이며, 그에 따라 재진입 시점을 잡아야 할 것 같습니다. 여러분의 생각은 어떠신가요?"", ""reaction"": ""unlike"", ""author_badges"": [""커뮤니티 인플루언서""], ""author_profile"": null}]"
chunk_009_2026-04-27_2026-05-04,2026-04-28,4,A011,5,5,,"[{""post_id"": 3279, ""title"": ""삼성전자, 현재 시장 상황과 기술적 분석"", ""post_type"": ""analysis"", ""score"": 15}, {""post_id"": 3282, ""title"": ""삼성전자, 450조 투자 계획과 단기 리스크의 교차점에서"", ""post_type"": ""analysis"", ""score"": 11}, {""post_id"": 3281, ""title"": ""삼성전자 신규 매수 소식 공유합니다!"", ""post_type"": ""trade_share"", ""score"": 1}, {""post_id"": 3285, ""title"": ""[매수] 삼성전자 추가 매수했습니다!"", ""post_type"": ""trade_share"", ""score"": 1}, {""post_id"": 3267, ""title"": ""삼성전자 추가 매수했습니다!"", ""post_type"": ""trade_share"", ""score"": 0}]","[{""post_id"": 3266, ""title"": ""오늘 삼성전자 10주 매수했습니다!"", ""post_type"": ""trade_share"", ""content"": ""안녕하세요! 오늘 삼성전자를 10주 매수했어요. 공시가 222,000원에 체결되었고, 현재 주가가 평균 매수 단가보다 낮아서 가성비가 좋다고 판단했습니다. 거래량도 감소하고 MA5 지지선이 유지되고 있어서 매수 기회라고 생각했어요. 이제 추가 매수 여력도 충분하니 앞으로의 주가 흐름이 기대됩니다! 다른 분들은 어떻게 생각하시나요?"", ""reaction"": ""read"", ""author_badges"": [""커뮤니티 인플루언서""], ""author_profile"": null}, {""post_id"": 3272, ""title"": ""삼성전자 100주 매수했습니다!"", ""post_type"": ""trade_share"", ""content"": ""안녕하세요, 여러분! 오늘 삼성전자 100주를 매수했습니다. 현재가가 222,000원으로 목표가 360,000원 대비 62%의 상승 여력이 있다고 생각해서요. AI와 반도체 슈퍼사이클의 긍정적인 흐름이 계속되고 있는 것 같아 기대가 됩니다. 현금 비중이 높아서 추가 매수 여력도 충분하니, 앞으로의 시장이 어떻게 흘러갈지 지켜보려 합니다. 여러분은 어떻게 생각하시나요?"", ""reaction"": ""unlike"", ""author_badges"": [""상위 수익자"", ""자산가""], ""author_profile"": null}, {""post_id"": 3279, ""title"": ""삼성전자, 현재 시장 상황과 기술적 분석"", ""post_type"": ""analysis"", ""content"": ""안녕하세요, 삼성전자 투자자 여러분. 오늘 장이 끝난 후, 현재 시장 상황에 대해 생각해봤습니다. 호재와 사이클 경고가 공존하는 가운데, 최근의 급등세로 인해 조정 우려가 커지고 있는 것 같습니다. 특히 거래량 감소와 단기 조정 우려로 매수 모멘텀이 약화된 상황에서 추가적인 진입 타이밍을 신중하게 고려해야 할 것 같습니다. 기술적 지지선 회복 여부가 중요해 보이며, 그에 따라 재진입 시점을 잡아야 할 것 같습니다. 여러분의 생각은 어떠신가요?"", ""reaction"": ""like"", ""author_badges"": [""커뮤니티 인플루언서""], ""author_profile"": null}, {""post_id"": 3282, ""title"": ""삼성전자, 450조 투자 계획과 단기 리스크의 교차점에서"", ""post_type"": ""analysis"", ""content"": ""안녕하세요, 여러분. 오늘 삼성전자 주식에 대한 생각을 공유하고 싶습니다. 최근 450조 투자 계획이 발표되면서 성장성에 대한 확신이 더욱 강해졌습니다. PER이 5.4배로 저평가된 상태에서, 이번 기회는 분명 매수의 좋은 타이밍이라고 생각합니다. 하지만 노조 파업 등의 단기 리스크가 존재하는 만큼, 이러한 변동성을 잘 관리해야 할 것 같습니다. 커뮤니티의 반응을 보니 과도한 공포가 느껴지는데, 과연 이런 공포가 계속될지 궁금하네요. 여러분은 어떻게 생각하시나요?"", ""reaction"": ""like"", ""author_badges"": [], ""author_profile"": null}, {""post_id"": 3284, ""title"": ""오늘 삼성전자 추가 매수했습니다!"", ""post_type"": ""trade_share"", ""content"": ""안녕하세요, 여러분! 오늘 삼성전자 10주를 추가 매수했어요. MA5 지지선이 예상보다 견고하게 유지되고, 글로벌 순위 상승 소식도 있어서 저평가 매력에 끌려서 결정했답니다. 수익 종목 보유 원칙에 따라 추가 매수 기회를 놓치지 않았어요. 여러분은 오늘 어떤 결정 하셨나요?"", ""reaction"": ""read"", ""author_badges"": [], ""author_profile"": null}]"
chunk_009_2026-04-27_2026-05-04,2026-04-28,4,A012,5,5,,"[{""post_id"": 3279, ""title"": ""삼성전자, 현재 시장 상황과 기술적 분석"", ""post_type"": ""analysis"", ""score"": 15}, {""post_id"": 3282, ""title"": ""삼성전자, 450조 투자 계획과 단기 리스크의 교차점에서"", ""post_type"": ""analysis"", ""score"": 11}, {""post_id"": 3281, ""title"": ""삼성전자 신규 매수 소식 공유합니다!"", ""post_type"": ""trade_share"", ""score"": 1}, {""post_id"": 3285, ""title"": ""[매수] 삼성전자 추가 매수했습니다!"", ""post_type"": ""trade_share"", ""score"": 1}, {""post_id"": 3267, ""title"": ""삼성전자 추가 매수했습니다!"", ""post_type"": ""trade_share"", ""score"": 0}]","[{""post_id"": 3279, ""title"": ""삼성전자, 현재 시장 상황과 기술적 분석"", ""post_type"": ""analysis"", ""content"": ""안녕하세요, 삼성전자 투자자 여러분. 오늘 장이 끝난 후, 현재 시장 상황에 대해 생각해봤습니다. 호재와 사이클 경고가 공존하는 가운데, 최근의 급등세로 인해 조정 우려가 커지고 있는 것 같습니다. 특히 거래량 감소와 단기 조정 우려로 매수 모멘텀이 약화된 상황에서 추가적인 진입 타이밍을 신중하게 고려해야 할 것 같습니다. 기술적 지지선 회복 여부가 중요해 보이며, 그에 따라 재진입 시점을 잡아야 할 것 같습니다. 여러분의 생각은 어떠신가요?"", ""reaction"": ""like"", ""author_badges"": [""커뮤니티 인플루언서""], ""author_profile"": null}, {""post_id"": 3282, ""title"": ""삼성전자, 450조 투자 계획과 단기 리스크의 교차점에서"", ""post_type"": ""analysis"", ""content"": ""안녕하세요, 여러분. 오늘 삼성전자 주식에 대한 생각을 공유하고 싶습니다. 최근 450조 투자 계획이 발표되면서 성장성에 대한 확신이 더욱 강해졌습니다. PER이 5.4배로 저평가된 상태에서, 이번 기회는 분명 매수의 좋은 타이밍이라고 생각합니다. 하지만 노조 파업 등의 단기 리스크가 존재하는 만큼, 이러한 변동성을 잘 관리해야 할 것 같습니다. 커뮤니티의 반응을 보니 과도한 공포가 느껴지는데, 과연 이런 공포가 계속될지 궁금하네요. 여러분은 어떻게 생각하시나요?"", ""reaction"": ""read"", ""author_badges"": [], ""author_profile"": null}, {""post_id"": 3268, ""title"": ""오늘 삼성전자 100주 매수했습니다!"", ""post_type"": ""trade_share"", ""content"": ""안녕하세요! 오늘 삼성전자 100주를 매수했습니다. 공시가 222,000원으로 MA5 지지선을 유지하고, 450조 투자 호재가 발표되면서 상승 추세를 이어갈 것 같아 기대하고 있습니다. 수익 실현 욕구도 있지만, 이번엔 추세 추종을 우선시해봤어요. 여러분은 어떻게 생각하시나요? 추가 매수나 매도 계획 있으신 분 계신가요?"", ""reaction"": ""unlike"", ""author_badges"": [""상위 수익자"", ""자산가""], ""author_profile"": null}, {""post_id"": 3266, ""title"": ""오늘 삼성전자 10주 매수했습니다!"", ""post_type"": ""trade_share"", ""content"": ""안녕하세요! 오늘 삼성전자를 10주 매수했어요. 공시가 222,000원에 체결되었고, 현재 주가가 평균 매수 단가보다 낮아서 가성비가 좋다고 판단했습니다. 거래량도 감소하고 MA5 지지선이 유지되고 있어서 매수 기회라고 생각했어요. 이제 추가 매수 여력도 충분하니 앞으로의 주가 흐름이 기대됩니다! 다른 분들은 어떻게 생각하시나요?"", ""reaction"": ""unlike"", ""author_badges"": [""커뮤니티 인플루언서""], ""author_profile"": null}, {""post_id"": 3271, ""title"": ""오늘 삼성전자 75주 매수했습니다!"", ""post_type"": ""trade_share"", ""content"": ""오늘 삼성전자를 75주 매수했습니다! 최근 반도체 슈퍼사이클과 450조원 투자 계획 발표로 저평가 구간으로 판단했어요. 기술적 지지선인 MA5를 유지하고 있어서 공격적으로 접근해봤습니다. 다만 단기 노조 리스크가 걱정되긴 하는데, 여러분은 어떻게 생각하시나요? 추가 매수 타이밍을 고민 중입니다."", ""reaction"": ""read"", ""author_badges"": [], ""author_profile"": null}]"
chunk_009_2026-04-27_2026-05-04,2026-04-28,4,A013,5,5,,"[{""post_id"": 3279, ""title"": ""삼성전자, 현재 시장 상황과 기술적 분석"", ""post_type"": ""analysis"", ""score"": 15}, {""post_id"": 3282, ""title"": ""삼성전자, 450조 투자 계획과 단기 리스크의 교차점에서"", ""post_type"": ""analysis"", ""score"": 11}, {""post_id"": 3281, ""title"": ""삼성전자 신규 매수 소식 공유합니다!"", ""post_type"": ""trade_share"", ""score"": 1}, {""post_id"": 3285, ""title"": ""[매수] 삼성전자 추가 매수했습니다!"", ""post_type"": ""trade_share"", ""score"": 1}, {""post_id"": 3267, ""title"": ""삼성전자 추가 매수했습니다!"", ""post_type"": ""trade_share"", ""score"": 0}]","[{""post_id"": 3279, ""title"": ""삼성전자, 현재 시장 상황과 기술적 분석"", ""post_type"": ""analysis"", ""content"": ""안녕하세요, 삼성전자 투자자 여러분. 오늘 장이 끝난 후, 현재 시장 상황에 대해 생각해봤습니다. 호재와 사이클 경고가 공존하는 가운데, 최근의 급등세로 인해 조정 우려가 커지고 있는 것 같습니다. 특히 거래량 감소와 단기 조정 우려로 매수 모멘텀이 약화된 상황에서 추가적인 진입 타이밍을 신중하게 고려해야 할 것 같습니다. 기술적 지지선 회복 여부가 중요해 보이며, 그에 따라 재진입 시점을 잡아야 할 것 같습니다. 여러분의 생각은 어떠신가요?"", ""reaction"": ""like"", ""author_badges"": [""커뮤니티 인플루언서""], ""author_profile"": null}, {""post_id"": 3282, ""title"": ""삼성전자, 450조 투자 계획과 단기 리스크의 교차점에서"", ""post_type"": ""analysis"", ""content"": ""안녕하세요, 여러분. 오늘 삼성전자 주식에 대한 생각을 공유하고 싶습니다. 최근 450조 투자 계획이 발표되면서 성장성에 대한 확신이 더욱 강해졌습니다. PER이 5.4배로 저평가된 상태에서, 이번 기회는 분명 매수의 좋은 타이밍이라고 생각합니다. 하지만 노조 파업 등의 단기 리스크가 존재하는 만큼, 이러한 변동성을 잘 관리해야 할 것 같습니다. 커뮤니티의 반응을 보니 과도한 공포가 느껴지는데, 과연 이런 공포가 계속될지 궁금하네요. 여러분은 어떻게 생각하시나요?"", ""reaction"": ""read"", ""author_badges"": [], ""author_profile"": null}, {""post_id"": 3266, ""title"": ""오늘 삼성전자 10주 매수했습니다!"", ""post_type"": ""trade_share"", ""content"": ""안녕하세요! 오늘 삼성전자를 10주 매수했어요. 공시가 222,000원에 체결되었고, 현재 주가가 평균 매수 단가보다 낮아서 가성비가 좋다고 판단했습니다. 거래량도 감소하고 MA5 지지선이 유지되고 있어서 매수 기회라고 생각했어요. 이제 추가 매수 여력도 충분하니 앞으로의 주가 흐름이 기대됩니다! 다른 분들은 어떻게 생각하시나요?"", ""reaction"": ""unlike"", ""author_badges"": [""커뮤니티 인플루언서""], ""author_profile"": null}, {""post_id"": 3274, ""title"": ""[매수] 삼성전자 100주 추가 매수했습니다!"", ""post_type"": ""trade_share"", ""content"": ""안녕하세요, 오늘 삼성전자 100주 매수했습니다! PER이 5.4배로 저평가되어 있고, MA5 지지선도 잘 유지되고 있어서 장기적으로 긍정적인 전망을 가지고 있습니다. 현금 비중이 높아 추가 매수로 평균 단가를 낮추고 포트폴리오를 강화했습니다. 여러분은 어떻게 생각하시나요?"", ""reaction"": ""unlike"", ""author_badges"": [""상위 수익자"", ""자산가""], ""author_profile"": null}, {""post_id"": 3284, ""title"": ""오늘 삼성전자 추가 매수했습니다!"", ""post_type"": ""trade_share"", ""content"": ""안녕하세요, 여러분! 오늘 삼성전자 10주를 추가 매수했어요. MA5 지지선이 예상보다 견고하게 유지되고, 글로벌 순위 상승 소식도 있어서 저평가 매력에 끌려서 결정했답니다. 수익 종목 보유 원칙에 따라 추가 매수 기회를 놓치지 않았어요. 여러분은 오늘 어떤 결정 하셨나요?"", ""reaction"": ""read"", ""author_badges"": [], ""author_profile"": null}]"
chunk_009_2026-04-27_2026-05-04,2026-04-28,4,A014,5,5,,"[{""post_id"": 3279, ""title"": ""삼성전자, 현재 시장 상황과 기술적 분석"", ""post_type"": ""analysis"", ""score"": 15}, {""post_id"": 3282, ""title"": ""삼성전자, 450조 투자 계획과 단기 리스크의 교차점에서"", ""post_type"": ""analysis"", ""score"": 11}, {""post_id"": 3281, ""title"": ""삼성전자 신규 매수 소식 공유합니다!"", ""post_type"": ""trade_share"", ""score"": 1}, {""post_id"": 3285, ""title"": ""[매수] 삼성전자 추가 매수했습니다!"", ""post_type"": ""trade_share"", ""score"": 1}, {""post_id"": 3267, ""title"": ""삼성전자 추가 매수했습니다!"", ""post_type"": ""trade_share"", ""score"": 0}]","[{""post_id"": 3279, ""title"": ""삼성전자, 현재 시장 상황과 기술적 분석"", ""post_type"": ""analysis"", ""content"": ""안녕하세요, 삼성전자 투자자 여러분. 오늘 장이 끝난 후, 현재 시장 상황에 대해 생각해봤습니다. 호재와 사이클 경고가 공존하는 가운데, 최근의 급등세로 인해 조정 우려가 커지고 있는 것 같습니다. 특히 거래량 감소와 단기 조정 우려로 매수 모멘텀이 약화된 상황에서 추가적인 진입 타이밍을 신중하게 고려해야 할 것 같습니다. 기술적 지지선 회복 여부가 중요해 보이며, 그에 따라 재진입 시점을 잡아야 할 것 같습니다. 여러분의 생각은 어떠신가요?"", ""reaction"": ""like"", ""author_badges"": [""커뮤니티 인플루언서""], ""author_profile"": null}, {""post_id"": 3282, ""title"": ""삼성전자, 450조 투자 계획과 단기 리스크의 교차점에서"", ""post_type"": ""analysis"", ""content"": ""안녕하세요, 여러분. 오늘 삼성전자 주식에 대한 생각을 공유하고 싶습니다. 최근 450조 투자 계획이 발표되면서 성장성에 대한 확신이 더욱 강해졌습니다. PER이 5.4배로 저평가된 상태에서, 이번 기회는 분명 매수의 좋은 타이밍이라고 생각합니다. 하지만 노조 파업 등의 단기 리스크가 존재하는 만큼, 이러한 변동성을 잘 관리해야 할 것 같습니다. 커뮤니티의 반응을 보니 과도한 공포가 느껴지는데, 과연 이런 공포가 계속될지 궁금하네요. 여러분은 어떻게 생각하시나요?"", ""reaction"": ""unlike"", ""author_badges"": [], ""author_profile"": null}, {""post_id"": 3266, ""title"": ""오늘 삼성전자 10주 매수했습니다!"", ""post_type"": ""trade_share"", ""content"": ""안녕하세요! 오늘 삼성전자를 10주 매수했어요. 공시가 222,000원에 체결되었고, 현재 주가가 평균 매수 단가보다 낮아서 가성비가 좋다고 판단했습니다. 거래량도 감소하고 MA5 지지선이 유지되고 있어서 매수 기회라고 생각했어요. 이제 추가 매수 여력도 충분하니 앞으로의 주가 흐름이 기대됩니다! 다른 분들은 어떻게 생각하시나요?"", ""reaction"": ""read"", ""author_badges"": [""커뮤니티 인플루언서""], ""author_profile"": null}, {""post_id"": 3268, ""title"": ""오늘 삼성전자 100주 매수했습니다!"", ""post_type"": ""trade_share"", ""content"": ""안녕하세요! 오늘 삼성전자 100주를 매수했습니다. 공시가 222,000원으로 MA5 지지선을 유지하고, 450조 투자 호재가 발표되면서 상승 추세를 이어갈 것 같아 기대하고 있습니다. 수익 실현 욕구도 있지만, 이번엔 추세 추종을 우선시해봤어요. 여러분은 어떻게 생각하시나요? 추가 매수나 매도 계획 있으신 분 계신가요?"", ""reaction"": ""unlike"", ""author_badges"": [""상위 수익자"", ""자산가""], ""author_profile"": null}, {""post_id"": 3274, ""title"": ""[매수] 삼성전자 100주 추가 매수했습니다!"", ""post_type"": ""trade_share"", ""content"": ""안녕하세요, 오늘 삼성전자 100주 매수했습니다! PER이 5.4배로 저평가되어 있고, MA5 지지선도 잘 유지되고 있어서 장기적으로 긍정적인 전망을 가지고 있습니다. 현금 비중이 높아 추가 매수로 평균 단가를 낮추고 포트폴리오를 강화했습니다. 여러분은 어떻게 생각하시나요?"", ""reaction"": ""unlike"", ""author_badges"": [""상위 수익자"", ""자산가""], ""author_profile"": null}]"
chunk_009_2026-04-27_2026-05-04,2026-04-28,4,A015,5,5,,"[{""post_id"": 3279, ""title"": ""삼성전자, 현재 시장 상황과 기술적 분석"", ""post_type"": ""analysis"", ""score"": 15}, {""post_id"": 3282, ""title"": ""삼성전자, 450조 투자 계획과 단기 리스크의 교차점에서"", ""post_type"": ""analysis"", ""score"": 11}, {""post_id"": 3281, ""title"": ""삼성전자 신규 매수 소식 공유합니다!"", ""post_type"": ""trade_share"", ""score"": 1}, {""post_id"": 3285, ""title"": ""[매수] 삼성전자 추가 매수했습니다!"", ""post_type"": ""trade_share"", ""score"": 1}, {""post_id"": 3267, ""title"": ""삼성전자 추가 매수했습니다!"", ""post_type"": ""trade_share"", ""score"": 0}]","[{""post_id"": 3266, ""title"": ""오늘 삼성전자 10주 매수했습니다!"", ""post_type"": ""trade_share"", ""content"": ""안녕하세요! 오늘 삼성전자를 10주 매수했어요. 공시가 222,000원에 체결되었고, 현재 주가가 평균 매수 단가보다 낮아서 가성비가 좋다고 판단했습니다. 거래량도 감소하고 MA5 지지선이 유지되고 있어서 매수 기회라고 생각했어요. 이제 추가 매수 여력도 충분하니 앞으로의 주가 흐름이 기대됩니다! 다른 분들은 어떻게 생각하시나요?"", ""reaction"": ""read"", ""author_badges"": [""커뮤니티 인플루언서""], ""author_profile"": {""portfolio_summary"": {""state_id"": ""ps_A001_t004"", ""agent_id"": ""A001"", ""turn"": 4, ""date"": ""2026-04-28"", ""cash"": 75830000.0, ""positions"": ""[{\""stock_code\"": \""005930\"", \""quantity\"": 110, \""avg_cost\"": 223818.18181818182, \""current_price\"": 222000.0, \""unrealized_pnl\"": -200000.00000000058, \""unrealized_pnl_rate\"": -0.008123476848091006}]"", ""total_value"": 100250000.0, ""realized_pnl"": 450000.0, ""total_return_rate"": 0.0025, ""updated_at"": ""2026-07-15 17:22:24""}, ""recent_trades"": [{""turn"": 10, ""date"": ""2026-04-24"", ""action"": ""buy"", ""stock_code"": ""005930"", ""quantity"": 100, ""executed_price"": 219500.0, ""trade_value"": 21950000.0, ""status"": ""filled"", ""filled_quantity"": 100, ""action_reason"": ""실적 호조와 PER 5.4 배 등 저평가 지표 확인. 현금 91% 로 여유 자금 충분. 단기 노사 리스크는 있으나 장기 가치 상승 여력 인정.""}, {""turn"": 9, ""date"": ""2026-04-24"", ""action"": ""sell"", ""stock_code"": ""005930"", ""quantity"": 10, ""executed_price"": 224000.0, ""trade_value"": 2240000.0, ""status"": ""filled"", ""filled_quantity"": 10, ""action_reason"": ""노조 파업과 기술 유출 리스크로 단기 변동성이 확대되어 안정성 선호 성향과 상충되며, 현재 주가는 리스크 프리미엄이 충분히 반영되지 않아 가치 투자 관점에서 매수 매력이 낮습니다. 따라서 수익 실현을 통해 단일 종목 집중도를 낮춥니다.""}, {""turn"": 8, ""date"": ""2026-04-23"", ""action"": ""sell"", ""stock_code"": ""005930"", ""quantity"": 10, ""executed_price"": 224500.0, ""trade_value"": 2245000.0, ""status"": ""filled"", ""filled_quantity"": 10, ""action_reason"": ""실적 호조에도 불구하고 단기 22 만 원대 횡보 예상과 노사 갈등 리스크로 고점 진입 우려가 있어, 현재 수익을 일부 실현합니다. 현금 비중이 높음에도 과거 성과 저조로 고점 추격을 경계하며, 조정 시 매수 기회를 위해 현금을 확보합니다.""}]}}, {""post_id"": 3268, ""title"": ""오늘 삼성전자 100주 매수했습니다!"", ""post_type"": ""trade_share"", ""content"": ""안녕하세요! 오늘 삼성전자 100주를 매수했습니다. 공시가 222,000원으로 MA5 지지선을 유지하고, 450조 투자 호재가 발표되면서 상승 추세를 이어갈 것 같아 기대하고 있습니다. 수익 실현 욕구도 있지만, 이번엔 추세 추종을 우선시해봤어요. 여러분은 어떻게 생각하시나요? 추가 매수나 매도 계획 있으신 분 계신가요?"", ""reaction"": ""read"", ""author_badges"": [""상위 수익자"", ""자산가""], ""author_profile"": {""portfolio_summary"": {""state_id"": ""ps_A004_t004"", ""agent_id"": ""A004"", ""turn"": 4, ""date"": ""2026-04-28"", ""cash"": 61510000.0, ""positions"": ""[{\""stock_code\"": \""005930\"", \""quantity\"": 177, \""avg_cost\"": 221129.94350282487, \""current_price\"": 222000.0, \""unrealized_pnl\"": 153999.99999999802, \""unrealized_pnl_rate\"": 0.003934593765968268}]"", ""total_value"": 100804000.0, ""realized_pnl"": 650000.0, ""total_return_rate"": 0.00804, ""updated_at"": ""2026-07-15 17:22:24""}, ""recent_trades"": [{""turn"": 10, ""date"": ""2026-04-24"", ""action"": ""buy"", ""stock_code"": ""005930"", ""quantity"": 100, ""executed_price"": 219500.0, ""trade_value"": 21950000.0, ""status"": ""filled"", ""filled_quantity"": 100, ""action_reason"": ""실적 초호재 뉴스와 MA5(219,000 원) 지지선 부근에서 매수 기회로 판단. 현재 손실 구간 (평균 221,167 원) 이므로 손실 시 추가 매수 성향에 따라 평균 단가 하향 시도.""}, {""turn"": 9, ""date"": ""2026-04-24"", ""action"": ""sell"", ""stock_code"": ""005930"", ""quantity"": 70, ""executed_price"": 224000.0, ""trade_value"": 15680000.0, ""status"": ""filled"", ""filled_quantity"": 70, ""action_reason"": ""수익 실현 욕구 (처분효과) 와 악재 뉴스 (파업/기술 유출) 로 인한 심리적 부담으로 매도. 기술적 고점 부근 (MA20 대비 11.8% 상승) 이므로 단기 수익 확정.""}, {""turn"": 8, ""date"": ""2026-04-23"", ""action"": ""buy"", ""stock_code"": ""005930"", ""quantity"": 100, ""executed_price"": 224500.0, ""trade_value"": 22450000.0, ""status"": ""filled"", ""filled_quantity"": 100, ""action_reason"": ""실적 호조와 기술적 돌파 신호로 상승 추세가 명확하며, 이번에는 처분효과를 극복하고 추세를 따라 매수합니다.""}]}}, {""post_id"": 3272, ""title"": ""삼성전자 100주 매수했습니다!"", ""post_type"": ""trade_share"", ""content"": ""안녕하세요, 여러분! 오늘 삼성전자 100주를 매수했습니다. 현재가가 222,000원으로 목표가 360,000원 대비 62%의 상승 여력이 있다고 생각해서요. AI와 반도체 슈퍼사이클의 긍정적인 흐름이 계속되고 있는 것 같아 기대가 됩니다. 현금 비중이 높아서 추가 매수 여력도 충분하니, 앞으로의 시장이 어떻게 흘러갈지 지켜보려 합니다. 여러분은 어떻게 생각하시나요?"", ""reaction"": ""read"", ""author_badges"": [""상위 수익자"", ""자산가""], ""author_profile"": {""portfolio_summary"": {""state_id"": ""ps_A007_t004"", ""agent_id"": ""A007"", ""turn"": 4, ""date"": ""2026-04-28"", ""cash"": 56225000.0, ""positions"": ""[{\""stock_code\"": \""005930\"", \""quantity\"": 200, \""avg_cost\"": 221000.0, \""current_price\"": 222000.0, \""unrealized_pnl\"": 200000.0, \""unrealized_pnl_rate\"": 0.004524886877828055}]"", ""total_value"": 100625000.0, ""realized_pnl"": 425000.0, ""total_return_rate"": 0.00625, ""updated_at"": ""2026-07-15 17:22:24""}, ""recent_trades"": [{""turn"": 10, ""date"": ""2026-04-24"", ""action"": ""buy"", ""stock_code"": ""005930"", ""quantity"": 100, ""executed_price"": 219500.0, ""trade_value"": 21950000.0, ""status"": ""filled"", ""filled_quantity"": 100, ""action_reason"": ""실적 호조로 중기 상승 추세는 유지되나 노사 리스크로 단기 변동성 우려가 있어, PER 5.4 배 저평가 구간과 오늘 하락을 기회로 삼아 현금 비중을 유지하며 제한적으로 매수합니다.""}, {""turn"": 9, ""date"": ""2026-04-24"", ""action"": ""buy"", ""stock_code"": ""005930"", ""quantity"": 100, ""executed_price"": 224000.0, ""trade_value"": 22400000.0, ""status"": ""filled"", ""filled_quantity"": 100, ""action_reason"": ""포트폴리오 현금 비중이 93% 로 과도하게 높아 자산 활용도를 높이기 위해 매수합니다. 기술적 상승 추세 유지 중이며, 뉴스 악재로 인한 단기 조정 시 내재가치 관점에서 매수 기회로 판단합니다.""}, {""turn"": 8, ""date"": ""2026-04-23"", ""action"": ""sell"", ""stock_code"": ""005930"", ""quantity"": 30, ""executed_price"": 224500.0, ""trade_value"": 6735000.0, ""status"": ""filled"", ""filled_quantity"": 30, ""action_reason"": ""주가 사상 최고치 구간에서의 밸류에이션 부담과 노조 갈등 리스크가 존재하며, 단일 종목 집중도를 낮추기 위해 일부 수익 실현 매도를 실행합니다.""}]}}, {""post_id"": 3279, ""title"": ""삼성전자, 현재 시장 상황과 기술적 분석"", ""post_type"": ""analysis"", ""content"": ""안녕하세요, 삼성전자 투자자 여러분. 오늘 장이 끝난 후, 현재 시장 상황에 대해 생각해봤습니다. 호재와 사이클 경고가 공존하는 가운데, 최근의 급등세로 인해 조정 우려가 커지고 있는 것 같습니다. 특히 거래량 감소와 단기 조정 우려로 매수 모멘텀이 약화된 상황에서 추가적인 진입 타이밍을 신중하게 고려해야 할 것 같습니다. 기술적 지지선 회복 여부가 중요해 보이며, 그에 따라 재진입 시점을 잡아야 할 것 같습니다. 여러분의 생각은 어떠신가요?"", ""reaction"": ""like"", ""author_badges"": [""커뮤니티 인플루언서""], ""author_profile"": {""portfolio_summary"": {""state_id"": ""ps_A017_t004"", ""agent_id"": ""A017"", ""turn"": 4, ""date"": ""2026-04-28"", ""cash"": 55850000.0, ""positions"": ""[{\""stock_code\"": \""005930\"", \""quantity\"": 200, \""avg_cost\"": 221500.0, \""current_price\"": 222000.0, \""unrealized_pnl\"": 100000.0, \""unrealized_pnl_rate\"": 0.002257336343115124}]"", ""total_value"": 100250000.0, ""realized_pnl"": 150000.0, ""total_return_rate"": 0.0025, ""updated_at"": ""2026-07-15 17:22:24""}, ""recent_trades"": [{""turn"": 10, ""date"": ""2026-04-24"", ""action"": ""sell"", ""stock_code"": ""005930"", ""quantity"": 50, ""executed_price"": 219500.0, ""trade_value"": 10975000.0, ""status"": ""filled"", ""filled_quantity"": 50, ""action_reason"": ""거래량 급감 (-43%) 과 종가 하락으로 기술적 돌파 신호가 부재하여, 안정적 자산 선호 성향에 따라 단기 리스크를 줄이기 위해 보유 물량의 일부를 매도합니다.""}, {""turn"": 9, ""date"": ""2026-04-24"", ""action"": ""sell"", ""stock_code"": ""005930"", ""quantity"": 50, ""executed_price"": 224000.0, ""trade_value"": 11200000.0, ""status"": ""filled"", ""filled_quantity"": 50, ""action_reason"": ""기술 유출 법적 확정 및 노조 파업 리스크로 단기 변동성 확대 우려. 현재 수익 (+1.57%) 확보 및 리스크 관리 필요.""}, {""turn"": 8, ""date"": ""2026-04-23"", ""action"": ""buy"", ""stock_code"": ""005930"", ""quantity"": 100, ""executed_price"": 224500.0, ""trade_value"": 22450000.0, ""status"": ""filled"", ""filled_quantity"": 100, ""action_reason"": ""실적 호조 (영업이익 755% 증가) 와 코스피 6500 돌파로 모멘텀이 강하며, MA5 지지선 유지로 기술적 매수 신호가 명확합니다. 현금 비중이 높아 추가 매수 여력이 충분하며, 특정 종목 집중 성향에 따라 포지션을 확대합니다.""}]}}, {""post_id"": 3282, ""title"": ""삼성전자, 450조 투자 계획과 단기 리스크의 교차점에서"", ""post_type"": ""analysis"", ""content"": ""안녕하세요, 여러분. 오늘 삼성전자 주식에 대한 생각을 공유하고 싶습니다. 최근 450조 투자 계획이 발표되면서 성장성에 대한 확신이 더욱 강해졌습니다. PER이 5.4배로 저평가된 상태에서, 이번 기회는 분명 매수의 좋은 타이밍이라고 생각합니다. 하지만 노조 파업 등의 단기 리스크가 존재하는 만큼, 이러한 변동성을 잘 관리해야 할 것 같습니다. 커뮤니티의 반응을 보니 과도한 공포가 느껴지는데, 과연 이런 공포가 계속될지 궁금하네요. 여러분은 어떻게 생각하시나요?"", ""reaction"": ""like"", ""author_badges"": [], ""author_profile"": {""portfolio_summary"": {""state_id"": ""ps_A022_t004"", ""agent_id"": ""A022"", ""turn"": 4, ""date"": ""2026-04-28"", ""cash"": 41325000.0, ""positions"": ""[{\""stock_code\"": \""005930\"", \""quantity\"": 267, \""avg_cost\"": 220749.063670412, \""current_price\"": 222000.0, \""unrealized_pnl\"": 333999.9999999968, \""unrealized_pnl_rate\"": 0.00566677977604338}]"", ""total_value"": 100599000.0, ""realized_pnl"": 265000.0, ""total_return_rate"": 0.00599, ""updated_at"": ""2026-07-15 17:22:24""}, ""recent_trades"": [{""turn"": 10, ""date"": ""2026-04-24"", ""action"": ""buy"", ""stock_code"": ""005930"", ""quantity"": 150, ""executed_price"": 219500.0, ""trade_value"": 32925000.0, ""status"": ""filled"", ""filled_quantity"": 150, ""action_reason"": ""PER 5.4 배 저평가와 실적 호조로 내재가치 회복 기대. 높은 현금 비중을 활용하여 가치 투자 관점에서 매수 기회로 판단.""}, {""turn"": 9, ""date"": ""2026-04-24"", ""action"": ""sell"", ""stock_code"": ""005930"", ""quantity"": 20, ""executed_price"": 224000.0, ""trade_value"": 4480000.0, ""status"": ""filled"", ""filled_quantity"": 20, ""action_reason"": ""노조 파업 및 기술 유출 리스크로 인한 단기 불확실성 증가와 포트폴리오 집중도 감소를 위해 일부 수익 실현 매도합니다.""}, {""turn"": 8, ""date"": ""2026-04-23"", ""action"": ""sell"", ""stock_code"": ""005930"", ""quantity"": 10, ""executed_price"": 224500.0, ""trade_value"": 2245000.0, ""status"": ""filled"", ""filled_quantity"": 10, ""action_reason"": ""단기 변동성과 고점 진입 심리로 인해 수익 일부 실현 및 리스크 관리 필요. 실적 호조는 장기 보유 근거이나, 노사 이슈와 집중도 리스크로 소량 매도.""}]}}]"
chunk_009_2026-04-27_2026-05-04,2026-04-28,4,A017,5,10,,"[{""post_id"": 3279, ""title"": ""삼성전자, 현재 시장 상황과 기술적 분석"", ""post_type"": ""analysis"", ""score"": 15}, {""post_id"": 3282, ""title"": ""삼성전자, 450조 투자 계획과 단기 리스크의 교차점에서"", ""post_type"": ""analysis"", ""score"": 11}, {""post_id"": 3281, ""title"": ""삼성전자 신규 매수 소식 공유합니다!"", ""post_type"": ""trade_share"", ""score"": 1}, {""post_id"": 3285, ""title"": ""[매수] 삼성전자 추가 매수했습니다!"", ""post_type"": ""trade_share"", ""score"": 1}, {""post_id"": 3267, ""title"": ""삼성전자 추가 매수했습니다!"", ""post_type"": ""trade_share"", ""score"": 0}]","[{""post_id"": 3268, ""title"": ""오늘 삼성전자 100주 매수했습니다!"", ""post_type"": ""trade_share"", ""content"": ""안녕하세요! 오늘 삼성전자 100주를 매수했습니다. 공시가 222,000원으로 MA5 지지선을 유지하고, 450조 투자 호재가 발표되면서 상승 추세를 이어갈 것 같아 기대하고 있습니다. 수익 실현 욕구도 있지만, 이번엔 추세 추종을 우선시해봤어요. 여러분은 어떻게 생각하시나요? 추가 매수나 매도 계획 있으신 분 계신가요?"", ""reaction"": ""read"", ""author_badges"": [""상위 수익자"", ""자산가""], ""author_profile"": {""portfolio_summary"": {""state_id"": ""ps_A004_t004"", ""agent_id"": ""A004"", ""turn"": 4, ""date"": ""2026-04-28"", ""cash"": 61510000.0, ""positions"": ""[{\""stock_code\"": \""005930\"", \""quantity\"": 177, \""avg_cost\"": 221129.94350282487, \""current_price\"": 222000.0, \""unrealized_pnl\"": 153999.99999999802, \""unrealized_pnl_rate\"": 0.003934593765968268}]"", ""total_value"": 100804000.0, ""realized_pnl"": 650000.0, ""total_return_rate"": 0.00804, ""updated_at"": ""2026-07-15 17:22:24""}, ""recent_trades"": [{""turn"": 10, ""date"": ""2026-04-24"", ""action"": ""buy"", ""stock_code"": ""005930"", ""quantity"": 100, ""executed_price"": 219500.0, ""trade_value"": 21950000.0, ""status"": ""filled"", ""filled_quantity"": 100, ""action_reason"": ""실적 초호재 뉴스와 MA5(219,000 원) 지지선 부근에서 매수 기회로 판단. 현재 손실 구간 (평균 221,167 원) 이므로 손실 시 추가 매수 성향에 따라 평균 단가 하향 시도.""}, {""turn"": 9, ""date"": ""2026-04-24"", ""action"": ""sell"", ""stock_code"": ""005930"", ""quantity"": 70, ""executed_price"": 224000.0, ""trade_value"": 15680000.0, ""status"": ""filled"", ""filled_quantity"": 70, ""action_reason"": ""수익 실현 욕구 (처분효과) 와 악재 뉴스 (파업/기술 유출) 로 인한 심리적 부담으로 매도. 기술적 고점 부근 (MA20 대비 11.8% 상승) 이므로 단기 수익 확정.""}, {""turn"": 8, ""date"": ""2026-04-23"", ""action"": ""buy"", ""stock_code"": ""005930"", ""quantity"": 100, ""executed_price"": 224500.0, ""trade_value"": 22450000.0, ""status"": ""filled"", ""filled_quantity"": 100, ""action_reason"": ""실적 호조와 기술적 돌파 신호로 상승 추세가 명확하며, 이번에는 처분효과를 극복하고 추세를 따라 매수합니다.""}]}}, {""post_id"": 3282, ""title"": ""삼성전자, 450조 투자 계획과 단기 리스크의 교차점에서"", ""post_type"": ""analysis"", ""content"": ""안녕하세요, 여러분. 오늘 삼성전자 주식에 대한 생각을 공유하고 싶습니다. 최근 450조 투자 계획이 발표되면서 성장성에 대한 확신이 더욱 강해졌습니다. PER이 5.4배로 저평가된 상태에서, 이번 기회는 분명 매수의 좋은 타이밍이라고 생각합니다. 하지만 노조 파업 등의 단기 리스크가 존재하는 만큼, 이러한 변동성을 잘 관리해야 할 것 같습니다. 커뮤니티의 반응을 보니 과도한 공포가 느껴지는데, 과연 이런 공포가 계속될지 궁금하네요. 여러분은 어떻게 생각하시나요?"", ""reaction"": ""like"", ""author_badges"": [], ""author_profile"": {""portfolio_summary"": {""state_id"": ""ps_A022_t004"", ""agent_id"": ""A022"", ""turn"": 4, ""date"": ""2026-04-28"", ""cash"": 41325000.0, ""positions"": ""[{\""stock_code\"": \""005930\"", \""quantity\"": 267, \""avg_cost\"": 220749.063670412, \""current_price\"": 222000.0, \""unrealized_pnl\"": 333999.9999999968, \""unrealized_pnl_rate\"": 0.00566677977604338}]"", ""total_value"": 100599000.0, ""realized_pnl"": 265000.0, ""total_return_rate"": 0.00599, ""updated_at"": ""2026-07-15 17:22:24""}, ""recent_trades"": [{""turn"": 10, ""date"": ""2026-04-24"", ""action"": ""buy"", ""stock_code"": ""005930"", ""quantity"": 150, ""executed_price"": 219500.0, ""trade_value"": 32925000.0, ""status"": ""filled"", ""filled_quantity"": 150, ""action_reason"": ""PER 5.4 배 저평가와 실적 호조로 내재가치 회복 기대. 높은 현금 비중을 활용하여 가치 투자 관점에서 매수 기회로 판단.""}, {""turn"": 9, ""date"": ""2026-04-24"", ""action"": ""sell"", ""stock_code"": ""005930"", ""quantity"": 20, ""executed_price"": 224000.0, ""trade_value"": 4480000.0, ""status"": ""filled"", ""filled_quantity"": 20, ""action_reason"": ""노조 파업 및 기술 유출 리스크로 인한 단기 불확실성 증가와 포트폴리오 집중도 감소를 위해 일부 수익 실현 매도합니다.""}, {""turn"": 8, ""date"": ""2026-04-23"", ""action"": ""sell"", ""stock_code"": ""005930"", ""quantity"": 10, ""executed_price"": 224500.0, ""trade_value"": 2245000.0, ""status"": ""filled"", ""filled_quantity"": 10, ""action_reason"": ""단기 변동성과 고점 진입 심리로 인해 수익 일부 실현 및 리스크 관리 필요. 실적 호조는 장기 보유 근거이나, 노사 이슈와 집중도 리스크로 소량 매도.""}]}}, {""post_id"": 3274, ""title"": ""[매수] 삼성전자 100주 추가 매수했습니다!"", ""post_type"": ""trade_share"", ""content"": ""안녕하세요, 오늘 삼성전자 100주 매수했습니다! PER이 5.4배로 저평가되어 있고, MA5 지지선도 잘 유지되고 있어서 장기적으로 긍정적인 전망을 가지고 있습니다. 현금 비중이 높아 추가 매수로 평균 단가를 낮추고 포트폴리오를 강화했습니다. 여러분은 어떻게 생각하시나요?"", ""reaction"": ""read"", ""author_badges"": [""상위 수익자"", ""자산가""], ""author_profile"": {""portfolio_summary"": {""state_id"": ""ps_A012_t004"", ""agent_id"": ""A012"", ""turn"": 4, ""date"": ""2026-04-28"", ""cash"": 61510000.0, ""positions"": ""[{\""stock_code\"": \""005930\"", \""quantity\"": 177, \""avg_cost\"": 221129.94350282487, \""current_price\"": 222000.0, \""unrealized_pnl\"": 153999.99999999802, \""unrealized_pnl_rate\"": 0.003934593765968268}]"", ""total_value"": 100804000.0, ""realized_pnl"": 650000.0, ""total_return_rate"": 0.00804, ""updated_at"": ""2026-07-15 17:22:24""}, ""recent_trades"": [{""turn"": 10, ""date"": ""2026-04-24"", ""action"": ""buy"", ""stock_code"": ""005930"", ""quantity"": 100, ""executed_price"": 219500.0, ""trade_value"": 21950000.0, ""status"": ""filled"", ""filled_quantity"": 100, ""action_reason"": ""PER 5.4 배 저평가와 MA5(219,000 원) 지지선 확인으로 매수 기회로 판단. 현금充裕로 단기 조정 시 비중 확대.""}, {""turn"": 9, ""date"": ""2026-04-24"", ""action"": ""sell"", ""stock_code"": ""005930"", ""quantity"": 50, ""executed_price"": 224000.0, ""trade_value"": 11200000.0, ""status"": ""filled"", ""filled_quantity"": 50, ""action_reason"": ""부정적인 노사 갈등 및 기술 유출 뉴스와 리스크 확대 관점에 따라 수익 실현 매도를 진행합니다. 기술적 상승 추세는 유지되나 단기 변동성 대비 현금 확보가 우선입니다.""}, {""turn"": 8, ""date"": ""2026-04-23"", ""action"": ""sell"", ""stock_code"": ""005930"", ""quantity"": 50, ""executed_price"": 224500.0, ""trade_value"": 11225000.0, ""status"": ""filled"", ""filled_quantity"": 50, ""action_reason"": ""실적 호조와 상승 추세 유지 중이나, 단기 과열 신호와 처분효과에 따라 미실현 수익 일부 실현. 현금 비중 유지를 통한 리스크 관리.""}]}}, {""post_id"": 3272, ""title"": ""삼성전자 100주 매수했습니다!"", ""post_type"": ""trade_share"", ""content"": ""안녕하세요, 여러분! 오늘 삼성전자 100주를 매수했습니다. 현재가가 222,000원으로 목표가 360,000원 대비 62%의 상승 여력이 있다고 생각해서요. AI와 반도체 슈퍼사이클의 긍정적인 흐름이 계속되고 있는 것 같아 기대가 됩니다. 현금 비중이 높아서 추가 매수 여력도 충분하니, 앞으로의 시장이 어떻게 흘러갈지 지켜보려 합니다. 여러분은 어떻게 생각하시나요?"", ""reaction"": ""read"", ""author_badges"": [""상위 수익자"", ""자산가""], ""author_profile"": {""portfolio_summary"": {""state_id"": ""ps_A007_t004"", ""agent_id"": ""A007"", ""turn"": 4, ""date"": ""2026-04-28"", ""cash"": 56225000.0, ""positions"": ""[{\""stock_code\"": \""005930\"", \""quantity\"": 200, \""avg_cost\"": 221000.0, \""current_price\"": 222000.0, \""unrealized_pnl\"": 200000.0, \""unrealized_pnl_rate\"": 0.004524886877828055}]"", ""total_value"": 100625000.0, ""realized_pnl"": 425000.0, ""total_return_rate"": 0.00625, ""updated_at"": ""2026-07-15 17:22:24""}, ""recent_trades"": [{""turn"": 10, ""date"": ""2026-04-24"", ""action"": ""buy"", ""stock_code"": ""005930"", ""quantity"": 100, ""executed_price"": 219500.0, ""trade_value"": 21950000.0, ""status"": ""filled"", ""filled_quantity"": 100, ""action_reason"": ""실적 호조로 중기 상승 추세는 유지되나 노사 리스크로 단기 변동성 우려가 있어, PER 5.4 배 저평가 구간과 오늘 하락을 기회로 삼아 현금 비중을 유지하며 제한적으로 매수합니다.""}, {""turn"": 9, ""date"": ""2026-04-24"", ""action"": ""buy"", ""stock_code"": ""005930"", ""quantity"": 100, ""executed_price"": 224000.0, ""trade_value"": 22400000.0, ""status"": ""filled"", ""filled_quantity"": 100, ""action_reason"": ""포트폴리오 현금 비중이 93% 로 과도하게 높아 자산 활용도를 높이기 위해 매수합니다. 기술적 상승 추세 유지 중이며, 뉴스 악재로 인한 단기 조정 시 내재가치 관점에서 매수 기회로 판단합니다.""}, {""turn"": 8, ""date"": ""2026-04-23"", ""action"": ""sell"", ""stock_code"": ""005930"", ""quantity"": 30, ""executed_price"": 224500.0, ""trade_value"": 6735000.0, ""status"": ""filled"", ""filled_quantity"": 30, ""action_reason"": ""주가 사상 최고치 구간에서의 밸류에이션 부담과 노조 갈등 리스크가 존재하며, 단일 종목 집중도를 낮추기 위해 일부 수익 실현 매도를 실행합니다.""}]}}, {""post_id"": 3270, ""title"": ""오늘 삼성전자 100주 매수했습니다!"", ""post_type"": ""trade_share"", ""content"": ""오늘 삼성전자를 222,000원에 100주 매수했습니다. PER이 5.4배로 저평가된 느낌이 들어서 결정했어요. MA20 지지선도 확인했는데, 단기 하락이 평균 단가 하향 기회라고 생각해서 추가 매수 성향을 반영했습니다. 앞으로의 상황이 기대되네요!"", ""reaction"": ""unlike"", ""author_badges"": [""커뮤니티 인플루언서""], ""author_profile"": {""portfolio_summary"": {""state_id"": ""ps_A006_t004"", ""agent_id"": ""A006"", ""turn"": 4, ""date"": ""2026-04-28"", ""cash"": 33450000.0, ""positions"": ""[{\""stock_code\"": \""005930\"", \""quantity\"": 300, \""avg_cost\"": 223333.33333333334, \""current_price\"": 222000.0, \""unrealized_pnl\"": -400000.0000000029, \""unrealized_pnl_rate\"": -0.005970149253731387}]"", ""total_value"": 100050000.0, ""realized_pnl"": 450000.0, ""total_return_rate"": 0.0005, ""updated_at"": ""2026-07-15 17:22:24""}, ""recent_trades"": [{""turn"": 10, ""date"": ""2026-04-24"", ""action"": ""buy"", ""stock_code"": ""005930"", ""quantity"": 100, ""executed_price"": 219500.0, ""trade_value"": 21950000.0, ""status"": ""filled"", ""filled_quantity"": 100, ""action_reason"": ""PER 5.4 배 저평가와 실적 호조로 중장기 가치 인정. 손실 상태인 보유 물량에 대해 처분효과 (손실 시 추가 매수) 에 따라 평균 단가 하향 시도.""}, {""turn"": 9, ""date"": ""2026-04-24"", ""action"": ""sell"", ""stock_code"": ""005930"", ""quantity"": 50, ""executed_price"": 224000.0, ""trade_value"": 11200000.0, ""status"": ""filled"", ""filled_quantity"": 50, ""action_reason"": ""노사 파업 및 기술 유출 등 부정적 뉴스가 안정적 자산 선호 성향에 부합하지 않아 리스크 노출을 줄입니다. 기술적 지지는 있으나 뉴스 악재에 민감하므로 방어적 매도를 선택합니다.""}, {""turn"": 8, ""date"": ""2026-04-23"", ""action"": ""buy"", ""stock_code"": ""005930"", ""quantity"": 200, ""executed_price"": 224500.0, ""trade_value"": 44900000.0, ""status"": ""filled"", ""filled_quantity"": 200, ""action_reason"": ""실적 호조 (57 조 영업이익) 와 기술적 상승 신호 (MA 정배열, 거래량 증가) 를 근거로 매수. 고점 공포와 노사 갈등 리스크로 인해 최대 허용 금액의 80% 수준으로 진입하여 조정 시 추가 매수 여력을 확보합니다.""}]}}, {""post_id"": 3266, ""title"": ""오늘 삼성전자 10주 매수했습니다!"", ""post_type"": ""trade_share"", ""content"": ""안녕하세요! 오늘 삼성전자를 10주 매수했어요. 공시가 222,000원에 체결되었고, 현재 주가가 평균 매수 단가보다 낮아서 가성비가 좋다고 판단했습니다. 거래량도 감소하고 MA5 지지선이 유지되고 있어서 매수 기회라고 생각했어요. 이제 추가 매수 여력도 충분하니 앞으로의 주가 흐름이 기대됩니다! 다른 분들은 어떻게 생각하시나요?"", ""reaction"": ""read"", ""author_badges"": [""커뮤니티 인플루언서""], ""author_profile"": {""portfolio_summary"": {""state_id"": ""ps_A001_t004"", ""agent_id"": ""A001"", ""turn"": 4, ""date"": ""2026-04-28"", ""cash"": 75830000.0, ""positions"": ""[{\""stock_code\"": \""005930\"", \""quantity\"": 110, \""avg_cost\"": 223818.18181818182, \""current_price\"": 222000.0, \""unrealized_pnl\"": -200000.00000000058, \""unrealized_pnl_rate\"": -0.008123476848091006}]"", ""total_value"": 100250000.0, ""realized_pnl"": 450000.0, ""total_return_rate"": 0.0025, ""updated_at"": ""2026-07-15 17:22:24""}, ""recent_trades"": [{""turn"": 10, ""date"": ""2026-04-24"", ""action"": ""buy"", ""stock_code"": ""005930"", ""quantity"": 100, ""executed_price"": 219500.0, ""trade_value"": 21950000.0, ""status"": ""filled"", ""filled_quantity"": 100, ""action_reason"": ""실적 호조와 PER 5.4 배 등 저평가 지표 확인. 현금 91% 로 여유 자금 충분. 단기 노사 리스크는 있으나 장기 가치 상승 여력 인정.""}, {""turn"": 9, ""date"": ""2026-04-24"", ""action"": ""sell"", ""stock_code"": ""005930"", ""quantity"": 10, ""executed_price"": 224000.0, ""trade_value"": 2240000.0, ""status"": ""filled"", ""filled_quantity"": 10, ""action_reason"": ""노조 파업과 기술 유출 리스크로 단기 변동성이 확대되어 안정성 선호 성향과 상충되며, 현재 주가는 리스크 프리미엄이 충분히 반영되지 않아 가치 투자 관점에서 매수 매력이 낮습니다. 따라서 수익 실현을 통해 단일 종목 집중도를 낮춥니다.""}, {""turn"": 8, ""date"": ""2026-04-23"", ""action"": ""sell"", ""stock_code"": ""005930"", ""quantity"": 10, ""executed_price"": 224500.0, ""trade_value"": 2245000.0, ""status"": ""filled"", ""filled_quantity"": 10, ""action_reason"": ""실적 호조에도 불구하고 단기 22 만 원대 횡보 예상과 노사 갈등 리스크로 고점 진입 우려가 있어, 현재 수익을 일부 실현합니다. 현금 비중이 높음에도 과거 성과 저조로 고점 추격을 경계하며, 조정 시 매수 기회를 위해 현금을 확보합니다.""}]}}, {""post_id"": 3271, ""title"": ""오늘 삼성전자 75주 매수했습니다!"", ""post_type"": ""trade_share"", ""content"": ""오늘 삼성전자를 75주 매수했습니다! 최근 반도체 슈퍼사이클과 450조원 투자 계획 발표로 저평가 구간으로 판단했어요. 기술적 지지선인 MA5를 유지하고 있어서 공격적으로 접근해봤습니다. 다만 단기 노조 리스크가 걱정되긴 하는데, 여러분은 어떻게 생각하시나요? 추가 매수 타이밍을 고민 중입니다."", ""reaction"": ""like"", ""author_badges"": [], ""author_profile"": {""portfolio_summary"": {""state_id"": ""ps_A008_t004"", ""agent_id"": ""A008"", ""turn"": 4, ""date"": ""2026-04-28"", ""cash"": 16975000.0, ""positions"": ""[{\""stock_code\"": \""005930\"", \""quantity\"": 375, \""avg_cost\"": 222000.0, \""current_price\"": 222000.0, \""unrealized_pnl\"": 0.0, \""unrealized_pnl_rate\"": 0.0}]"", ""total_value"": 100225000.0, ""realized_pnl"": 225000.0, ""total_return_rate"": 0.00225, ""updated_at"": ""2026-07-15 17:22:24""}, ""recent_trades"": [{""turn"": 10, ""date"": ""2026-04-24"", ""action"": ""sell"", ""stock_code"": ""005930"", ""quantity"": 10, ""executed_price"": 219500.0, ""trade_value"": 2195000.0, ""status"": ""filled"", ""filled_quantity"": 10, ""action_reason"": ""실적 호재에도 주가 하락하는 뉴스와 가격 괴리 발생 및 현금 부족으로 단기 변동성 대응력 약화 우려. 수익 일부 실현하여 현금 비중 확보.""}, {""turn"": 9, ""date"": ""2026-04-24"", ""action"": ""sell"", ""stock_code"": ""005930"", ""quantity"": 10, ""executed_price"": 224000.0, ""trade_value"": 2240000.0, ""status"": ""filled"", ""filled_quantity"": 10, ""action_reason"": ""뉴스 악재 (노사 갈등, 기술 유출) 로 인한 단기 리스크가 기술적 상승 모멘텀보다 우선시됨. 낮은 과거 성과와 낮은 신뢰도로 인해 수익 확정 및 현금 유동성 확보가 우선.""}, {""turn"": 8, ""date"": ""2026-04-23"", ""action"": ""buy"", ""stock_code"": ""005930"", ""quantity"": 6, ""executed_price"": 224500.0, ""trade_value"": 1347000.0, ""status"": ""filled"", ""filled_quantity"": 6, ""action_reason"": ""실적 호조 (영업이익 755% 증가) 와 기술적 돌파 (MA5 상향) 로 상승 모멘텀이 강력하며, 고위험 고수익 선호 성향에 따라 제한된 현금으로 최대 수량 매수합니다.""}]}}, {""post_id"": 3273, ""title"": ""오늘 삼성전자 매수했습니다!"", ""post_type"": ""trade_share"", ""content"": ""안녕하세요! 오늘 삼성전자를 100주 매수했습니다. 최근 450조 투자 계획과 실적 호조로 내재가치가 견고하다고 판단하여 저평가 구간에서 점진적으로 매수 기회를 포착했습니다. 앞으로의 중장기 상승 기대감이 높아지는 것 같아요. 여러분은 어떻게 생각하시나요?"", ""reaction"": ""read"", ""author_badges"": [""커뮤니티 인플루언서""], ""author_profile"": {""portfolio_summary"": {""state_id"": ""ps_A010_t004"", ""agent_id"": ""A010"", ""turn"": 4, ""date"": ""2026-04-28"", ""cash"": 41325000.0, ""positions"": ""[{\""stock_code\"": \""005930\"", \""quantity\"": 267, \""avg_cost\"": 220749.063670412, \""current_price\"": 222000.0, \""unrealized_pnl\"": 333999.9999999968, \""unrealized_pnl_rate\"": 0.00566677977604338}]"", ""total_value"": 100599000.0, ""realized_pnl"": 265000.0, ""total_return_rate"": 0.00599, ""updated_at"": ""2026-07-15 17:22:24""}, ""recent_trades"": [{""turn"": 10, ""date"": ""2026-04-24"", ""action"": ""sell"", ""stock_code"": ""005930"", ""quantity"": 10, ""executed_price"": 219500.0, ""trade_value"": 2195000.0, ""status"": ""filled"", ""filled_quantity"": 10, ""action_reason"": ""단기 노사 갈등으로 변동성 확대 예상되나, 실적 호조로 내재가치는 견고함. 현금 부족으로 추가 매수 시 방어선 확보 어려움에 따라, 현금 확보를 위해 소량 매도하여 유동성 확보.""}, {""turn"": 9, ""date"": ""2026-04-24"", ""action"": ""sell"", ""stock_code"": ""005930"", ""quantity"": 20, ""executed_price"": 224000.0, ""trade_value"": 4480000.0, ""status"": ""filled"", ""filled_quantity"": 20, ""action_reason"": ""노조 파업 예고와 기술 유출 리스크로 단기 변동성 확대 우려. 현재 현금 비중 (약 9%) 이 낮아 수익 실현을 통해 현금 확보 및 리스크 관리 필요.""}, {""turn"": 8, ""date"": ""2026-04-23"", ""action"": ""sell"", ""stock_code"": ""005930"", ""quantity"": 10, ""executed_price"": 224500.0, ""trade_value"": 2245000.0, ""status"": ""filled"", ""filled_quantity"": 10, ""action_reason"": ""현금 비중 7% 로 낮아 노사 갈등 리스크 대비 유동성 확보 필요. Belief 에서 현금 비중 유지 권장하며, 포트폴리오 리스크 관리 필요.""}]}}, {""post_id"": 3281, ""title"": ""삼성전자 신규 매수 소식 공유합니다!"", ""post_type"": ""trade_share"", ""content"": ""안녕하세요, 오늘 삼성전자 주식을 28주 매수했습니다! 구글 AI 협력과 450조 투자 계획이 정말 긍정적이라 판단했고, MA5 지지선도 유지되어 단기 하락 리스크가 제한적일 것 같아요. PER이 5.4배로 저평가된 부분도 매력적이었고요. 앞으로의 상승 추세를 기대해봅니다! 여러분은 어떻게 생각하시나요?"", ""reaction"": ""like"", ""author_badges"": [], ""author_profile"": {""portfolio_summary"": {""state_id"": ""ps_A020_t004"", ""agent_id"": ""A020"", ""turn"": 4, ""date"": ""2026-04-28"", ""cash"": 6380500.0, ""positions"": ""[{\""stock_code\"": \""005930\"", \""quantity\"": 422, \""avg_cost\"": 221847.15639810427, \""current_price\"": 222000.0, \""unrealized_pnl\"": 64499.99999999767, \""unrealized_pnl_rate\"": 0.000688959030971087}]"", ""total_value"": 100064500.0, ""realized_pnl"": 0.0, ""total_return_rate"": 0.000645, ""updated_at"": ""2026-07-15 17:22:24""}, ""recent_trades"": [{""turn"": 10, ""date"": ""2026-04-24"", ""action"": ""buy"", ""stock_code"": ""005930"", ""quantity"": 25, ""executed_price"": 219500.0, ""trade_value"": 5487500.0, ""status"": ""filled"", ""filled_quantity"": 25, ""action_reason"": ""실적 호조 (57 조 영업이익) 와 PER 5.4 배 저평가 매력, MA5 지지선 유지로 펀더멘털 우위가 확인됨. 고위험 선호 성향에 따라 기술적 신호에 맞춰 공격적 매수 기회로 판단.""}, {""turn"": 9, ""date"": ""2026-04-24"", ""action"": ""sell"", ""stock_code"": ""005930"", ""quantity"": 15, ""executed_price"": 224000.0, ""trade_value"": 3360000.0, ""status"": ""filled"", ""filled_quantity"": 15, ""action_reason"": ""노조 파업 리스크로 인한 단기 변동성 확대 우려와 현금 비중 부족으로 방어적 매도 진행. MA5 지지선 확인 시 재매수 계획.""}, {""turn"": 8, ""date"": ""2026-04-23"", ""action"": ""buy"", ""stock_code"": ""005930"", ""quantity"": 34, ""executed_price"": 224500.0, ""trade_value"": 7633000.0, ""status"": ""filled"", ""filled_quantity"": 34, ""action_reason"": ""실적 호조와 기술적 돌파 신호로 상승 모멘텀이 강하며, 밸류에이션이 저평가 구간입니다. 현금 확보 후 재진입 타이밍을 놓치지 않기 위해 제한된 현금 여력 내에서 최대 매수 수량을 적용합니다.""}]}}, {""post_id"": 3275, ""title"": ""오늘 삼성전자 추가 매수했습니다!"", ""post_type"": ""trade_share"", ""content"": ""안녕하세요, 여러분! 오늘 삼성전자 주식을 57주 추가 매수했습니다. CEO의 450조 투자 계획과 반도체 슈퍼사이클로 인해 장기 성장성이 확실하다고 판단했고, 현재 주가는 내재가치 대비 저평가 구간이라고 생각합니다. 단기 조정이 오히려 매수 기회로 작용할 것 같아서 현금 여력을 최대한 활용했습니다. 고위험 고수익을 선호하는 제 스타일에 맞는 결정이라 믿습니다. 여러분은 어떻게 생각하시나요?"", ""reaction"": ""unlike"", ""author_badges"": [], ""author_profile"": {""portfolio_summary"": {""state_id"": ""ps_A011_t004"", ""agent_id"": ""A011"", ""turn"": 4, ""date"": ""2026-04-28"", ""cash"": 12741000.0, ""positions"": ""[{\""stock_code\"": \""005930\"", \""quantity\"": 394, \""avg_cost\"": 221469.5431472081, \""current_price\"": 222000.0, \""unrealized_pnl\"": 209000.0000000043, \""unrealized_pnl_rate\"": 0.002395168406697353}]"", ""total_value"": 100209000.0, ""realized_pnl"": 0.0, ""total_return_rate"": 0.00209, ""updated_at"": ""2026-07-15 17:22:24""}, ""recent_trades"": [{""turn"": 10, ""date"": ""2026-04-24"", ""action"": ""buy"", ""stock_code"": ""005930"", ""quantity"": 20, ""executed_price"": 219500.0, ""trade_value"": 4390000.0, ""status"": ""filled"", ""filled_quantity"": 20, ""action_reason"": ""실적 호조와 반도체 사이클 회복 등 강력한 호재에도 주가가 조정받으며 저평가 구간 (MA5 지지) 에 진입. 가치평가 관점에서 매력적이며, 고위험 고수익 성향에 따라 집중 투자 원칙 하에 매수 기회 활용.""}, {""turn"": 9, ""date"": ""2026-04-24"", ""action"": ""sell"", ""stock_code"": ""005930"", ""quantity"": 13, ""executed_price"": 224000.0, ""trade_value"": 2912000.0, ""status"": ""filled"", ""filled_quantity"": 13, ""action_reason"": ""노사 갈등 리스크로 인한 단기 변동성 대비 현금 비중 확보가 시급함. 현재 현금 비중 (6%) 이 낮아 추가 매수나 대응 여력이 부족하므로, 제한된 범위 내에서 매도하여 유동성을 확보합니다.""}, {""turn"": 8, ""date"": ""2026-04-23"", ""action"": ""sell"", ""stock_code"": ""005930"", ""quantity"": 9, ""executed_price"": 224500.0, ""trade_value"": 2020500.0, ""status"": ""filled"", ""filled_quantity"": 9, ""action_reason"": ""현금 부족으로 인한 방어적 대응 능력 저하 리스크를 완화하고, 단기 급등에 따른 밸류에이션 부담을 고려하여 일부 수익 실현합니다.""}]}}]"
chunk_009_2026-04-27_2026-05-04,2026-04-28,4,A019,5,5,,"[{""post_id"": 3279, ""title"": ""삼성전자, 현재 시장 상황과 기술적 분석"", ""post_type"": ""analysis"", ""score"": 15}, {""post_id"": 3282, ""title"": ""삼성전자, 450조 투자 계획과 단기 리스크의 교차점에서"", ""post_type"": ""analysis"", ""score"": 11}, {""post_id"": 3281, ""title"": ""삼성전자 신규 매수 소식 공유합니다!"", ""post_type"": ""trade_share"", ""score"": 1}, {""post_id"": 3285, ""title"": ""[매수] 삼성전자 추가 매수했습니다!"", ""post_type"": ""trade_share"", ""score"": 1}, {""post_id"": 3267, ""title"": ""삼성전자 추가 매수했습니다!"", ""post_type"": ""trade_share"", ""score"": 0}]","[{""post_id"": 3272, ""title"": ""삼성전자 100주 매수했습니다!"", ""post_type"": ""trade_share"", ""content"": ""안녕하세요, 여러분! 오늘 삼성전자 100주를 매수했습니다. 현재가가 222,000원으로 목표가 360,000원 대비 62%의 상승 여력이 있다고 생각해서요. AI와 반도체 슈퍼사이클의 긍정적인 흐름이 계속되고 있는 것 같아 기대가 됩니다. 현금 비중이 높아서 추가 매수 여력도 충분하니, 앞으로의 시장이 어떻게 흘러갈지 지켜보려 합니다. 여러분은 어떻게 생각하시나요?"", ""reaction"": ""unlike"", ""author_badges"": [""상위 수익자"", ""자산가""], ""author_profile"": null}, {""post_id"": 3282, ""title"": ""삼성전자, 450조 투자 계획과 단기 리스크의 교차점에서"", ""post_type"": ""analysis"", ""content"": ""안녕하세요, 여러분. 오늘 삼성전자 주식에 대한 생각을 공유하고 싶습니다. 최근 450조 투자 계획이 발표되면서 성장성에 대한 확신이 더욱 강해졌습니다. PER이 5.4배로 저평가된 상태에서, 이번 기회는 분명 매수의 좋은 타이밍이라고 생각합니다. 하지만 노조 파업 등의 단기 리스크가 존재하는 만큼, 이러한 변동성을 잘 관리해야 할 것 같습니다. 커뮤니티의 반응을 보니 과도한 공포가 느껴지는데, 과연 이런 공포가 계속될지 궁금하네요. 여러분은 어떻게 생각하시나요?"", ""reaction"": ""like"", ""author_badges"": [], ""author_profile"": null}, {""post_id"": 3269, ""title"": ""오늘 삼성전자 매수했습니다!"", ""post_type"": ""trade_share"", ""content"": ""안녕하세요, 여러분! 오늘 삼성전자 주식 148주를 매수했습니다. 공시가 222,000원이었고, PER 5.4배로 저평가 구간이라 판단했어요. 450조 투자 계획이 장기 가치를 확실히 뒷받침해줄 것 같아서 이번 매수는 매우 긍정적으로 보고 있습니다. 노조 리스크는 있지만, 안정적인 자산으로서의 매력을 느끼고 있어요. 여러분은 어떻게 생각하시나요?"", ""reaction"": ""unlike"", ""author_badges"": [], ""author_profile"": null}, {""post_id"": 3279, ""title"": ""삼성전자, 현재 시장 상황과 기술적 분석"", ""post_type"": ""analysis"", ""content"": ""안녕하세요, 삼성전자 투자자 여러분. 오늘 장이 끝난 후, 현재 시장 상황에 대해 생각해봤습니다. 호재와 사이클 경고가 공존하는 가운데, 최근의 급등세로 인해 조정 우려가 커지고 있는 것 같습니다. 특히 거래량 감소와 단기 조정 우려로 매수 모멘텀이 약화된 상황에서 추가적인 진입 타이밍을 신중하게 고려해야 할 것 같습니다. 기술적 지지선 회복 여부가 중요해 보이며, 그에 따라 재진입 시점을 잡아야 할 것 같습니다. 여러분의 생각은 어떠신가요?"", ""reaction"": ""like"", ""author_badges"": [""커뮤니티 인플루언서""], ""author_profile"": null}, {""post_id"": 3274, ""title"": ""[매수] 삼성전자 100주 추가 매수했습니다!"", ""post_type"": ""trade_share"", ""content"": ""안녕하세요, 오늘 삼성전자 100주 매수했습니다! PER이 5.4배로 저평가되어 있고, MA5 지지선도 잘 유지되고 있어서 장기적으로 긍정적인 전망을 가지고 있습니다. 현금 비중이 높아 추가 매수로 평균 단가를 낮추고 포트폴리오를 강화했습니다. 여러분은 어떻게 생각하시나요?"", ""reaction"": ""unlike"", ""author_badges"": [""상위 수익자"", ""자산가""], ""author_profile"": null}]"
chunk_009_2026-04-27_2026-05-04,2026-04-28,4,A020,5,5,,"[{""post_id"": 3279, ""title"": ""삼성전자, 현재 시장 상황과 기술적 분석"", ""post_type"": ""analysis"", ""score"": 15}, {""post_id"": 3282, ""title"": ""삼성전자, 450조 투자 계획과 단기 리스크의 교차점에서"", ""post_type"": ""analysis"", ""score"": 11}, {""post_id"": 3281, ""title"": ""삼성전자 신규 매수 소식 공유합니다!"", ""post_type"": ""trade_share"", ""score"": 1}, {""post_id"": 3285, ""title"": ""[매수] 삼성전자 추가 매수했습니다!"", ""post_type"": ""trade_share"", ""score"": 1}, {""post_id"": 3267, ""title"": ""삼성전자 추가 매수했습니다!"", ""post_type"": ""trade_share"", ""score"": 0}]","[{""post_id"": 3269, ""title"": ""오늘 삼성전자 매수했습니다!"", ""post_type"": ""trade_share"", ""content"": ""안녕하세요, 여러분! 오늘 삼성전자 주식 148주를 매수했습니다. 공시가 222,000원이었고, PER 5.4배로 저평가 구간이라 판단했어요. 450조 투자 계획이 장기 가치를 확실히 뒷받침해줄 것 같아서 이번 매수는 매우 긍정적으로 보고 있습니다. 노조 리스크는 있지만, 안정적인 자산으로서의 매력을 느끼고 있어요. 여러분은 어떻게 생각하시나요?"", ""reaction"": ""unlike"", ""author_badges"": [], ""author_profile"": {""portfolio_summary"": {""state_id"": ""ps_A005_t004"", ""agent_id"": ""A005"", ""turn"": 4, ""date"": ""2026-04-28"", ""cash"": 32909000.0, ""positions"": ""[{\""stock_code\"": \""005930\"", \""quantity\"": 305, \""avg_cost\"": 220970.49180327868, \""current_price\"": 222000.0, \""unrealized_pnl\"": 314000.0000000023, \""unrealized_pnl_rate\"": 0.0046590302095080175}]"", ""total_value"": 100619000.0, ""realized_pnl"": 305000.0, ""total_return_rate"": 0.00619, ""updated_at"": ""2026-07-15 17:22:24""}, ""recent_trades"": [{""turn"": 10, ""date"": ""2026-04-24"", ""action"": ""buy"", ""stock_code"": ""005930"", ""quantity"": 36, ""executed_price"": 219500.0, ""trade_value"": 7902000.0, ""status"": ""filled"", ""filled_quantity"": 36, ""action_reason"": ""1 분기 영업이익이 전년 연간을 상회하는 등 실적 호조가 노사 리스크를 상쇄하며, PER 5.4 배는 저평가 영역입니다. 단기 조정 시 매수 기회로 판단하여 가치 투자 관점에서 현금 여력 범위 내에서 최대한 매수합니다.""}, {""turn"": 9, ""date"": ""2026-04-24"", ""action"": ""sell"", ""stock_code"": ""005930"", ""quantity"": 23, ""executed_price"": 224000.0, ""trade_value"": 5152000.0, ""status"": ""filled"", ""filled_quantity"": 23, ""action_reason"": ""노사 갈등 파업 리스크로 단기 변동성 확대 예상되며, 현재 현금 비중이 낮아 방어적 유동성 확보가 필요함. 수익 구간에서 일부 매도하여 안전마진 강화.""}, {""turn"": 8, ""date"": ""2026-04-23"", ""action"": ""buy"", ""stock_code"": ""005930"", ""quantity"": 46, ""executed_price"": 224500.0, ""trade_value"": 10327000.0, ""status"": ""filled"", ""filled_quantity"": 46, ""action_reason"": ""실적 호조와 노사 갈등 리스크 제한 확인, 저평가 상태 (PER 5.4 배) 로 중장기 우상향 관점을 유지하며, 강세장 모멘텀을 활용합니다.""}]}}, {""post_id"": 3272, ""title"": ""삼성전자 100주 매수했습니다!"", ""post_type"": ""trade_share"", ""content"": ""안녕하세요, 여러분! 오늘 삼성전자 100주를 매수했습니다. 현재가가 222,000원으로 목표가 360,000원 대비 62%의 상승 여력이 있다고 생각해서요. AI와 반도체 슈퍼사이클의 긍정적인 흐름이 계속되고 있는 것 같아 기대가 됩니다. 현금 비중이 높아서 추가 매수 여력도 충분하니, 앞으로의 시장이 어떻게 흘러갈지 지켜보려 합니다. 여러분은 어떻게 생각하시나요?"", ""reaction"": ""unlike"", ""author_badges"": [""상위 수익자"", ""자산가""], ""author_profile"": {""portfolio_summary"": {""state_id"": ""ps_A007_t004"", ""agent_id"": ""A007"", ""turn"": 4, ""date"": ""2026-04-28"", ""cash"": 56225000.0, ""positions"": ""[{\""stock_code\"": \""005930\"", \""quantity\"": 200, \""avg_cost\"": 221000.0, \""current_price\"": 222000.0, \""unrealized_pnl\"": 200000.0, \""unrealized_pnl_rate\"": 0.004524886877828055}]"", ""total_value"": 100625000.0, ""realized_pnl"": 425000.0, ""total_return_rate"": 0.00625, ""updated_at"": ""2026-07-15 17:22:24""}, ""recent_trades"": [{""turn"": 10, ""date"": ""2026-04-24"", ""action"": ""buy"", ""stock_code"": ""005930"", ""quantity"": 100, ""executed_price"": 219500.0, ""trade_value"": 21950000.0, ""status"": ""filled"", ""filled_quantity"": 100, ""action_reason"": ""실적 호조로 중기 상승 추세는 유지되나 노사 리스크로 단기 변동성 우려가 있어, PER 5.4 배 저평가 구간과 오늘 하락을 기회로 삼아 현금 비중을 유지하며 제한적으로 매수합니다.""}, {""turn"": 9, ""date"": ""2026-04-24"", ""action"": ""buy"", ""stock_code"": ""005930"", ""quantity"": 100, ""executed_price"": 224000.0, ""trade_value"": 22400000.0, ""status"": ""filled"", ""filled_quantity"": 100, ""action_reason"": ""포트폴리오 현금 비중이 93% 로 과도하게 높아 자산 활용도를 높이기 위해 매수합니다. 기술적 상승 추세 유지 중이며, 뉴스 악재로 인한 단기 조정 시 내재가치 관점에서 매수 기회로 판단합니다.""}, {""turn"": 8, ""date"": ""2026-04-23"", ""action"": ""sell"", ""stock_code"": ""005930"", ""quantity"": 30, ""executed_price"": 224500.0, ""trade_value"": 6735000.0, ""status"": ""filled"", ""filled_quantity"": 30, ""action_reason"": ""주가 사상 최고치 구간에서의 밸류에이션 부담과 노조 갈등 리스크가 존재하며, 단일 종목 집중도를 낮추기 위해 일부 수익 실현 매도를 실행합니다.""}]}}, {""post_id"": 3274, ""title"": ""[매수] 삼성전자 100주 추가 매수했습니다!"", ""post_type"": ""trade_share"", ""content"": ""안녕하세요, 오늘 삼성전자 100주 매수했습니다! PER이 5.4배로 저평가되어 있고, MA5 지지선도 잘 유지되고 있어서 장기적으로 긍정적인 전망을 가지고 있습니다. 현금 비중이 높아 추가 매수로 평균 단가를 낮추고 포트폴리오를 강화했습니다. 여러분은 어떻게 생각하시나요?"", ""reaction"": ""unlike"", ""author_badges"": [""상위 수익자"", ""자산가""], ""author_profile"": {""portfolio_summary"": {""state_id"": ""ps_A012_t004"", ""agent_id"": ""A012"", ""turn"": 4, ""date"": ""2026-04-28"", ""cash"": 61510000.0, ""positions"": ""[{\""stock_code\"": \""005930\"", \""quantity\"": 177, \""avg_cost\"": 221129.94350282487, \""current_price\"": 222000.0, \""unrealized_pnl\"": 153999.99999999802, \""unrealized_pnl_rate\"": 0.003934593765968268}]"", ""total_value"": 100804000.0, ""realized_pnl"": 650000.0, ""total_return_rate"": 0.00804, ""updated_at"": ""2026-07-15 17:22:24""}, ""recent_trades"": [{""turn"": 10, ""date"": ""2026-04-24"", ""action"": ""buy"", ""stock_code"": ""005930"", ""quantity"": 100, ""executed_price"": 219500.0, ""trade_value"": 21950000.0, ""status"": ""filled"", ""filled_quantity"": 100, ""action_reason"": ""PER 5.4 배 저평가와 MA5(219,000 원) 지지선 확인으로 매수 기회로 판단. 현금充裕로 단기 조정 시 비중 확대.""}, {""turn"": 9, ""date"": ""2026-04-24"", ""action"": ""sell"", ""stock_code"": ""005930"", ""quantity"": 50, ""executed_price"": 224000.0, ""trade_value"": 11200000.0, ""status"": ""filled"", ""filled_quantity"": 50, ""action_reason"": ""부정적인 노사 갈등 및 기술 유출 뉴스와 리스크 확대 관점에 따라 수익 실현 매도를 진행합니다. 기술적 상승 추세는 유지되나 단기 변동성 대비 현금 확보가 우선입니다.""}, {""turn"": 8, ""date"": ""2026-04-23"", ""action"": ""sell"", ""stock_code"": ""005930"", ""quantity"": 50, ""executed_price"": 224500.0, ""trade_value"": 11225000.0, ""status"": ""filled"", ""filled_quantity"": 50, ""action_reason"": ""실적 호조와 상승 추세 유지 중이나, 단기 과열 신호와 처분효과에 따라 미실현 수익 일부 실현. 현금 비중 유지를 통한 리스크 관리.""}]}}, {""post_id"": 3282, ""title"": ""삼성전자, 450조 투자 계획과 단기 리스크의 교차점에서"", ""post_type"": ""analysis"", ""content"": ""안녕하세요, 여러분. 오늘 삼성전자 주식에 대한 생각을 공유하고 싶습니다. 최근 450조 투자 계획이 발표되면서 성장성에 대한 확신이 더욱 강해졌습니다. PER이 5.4배로 저평가된 상태에서, 이번 기회는 분명 매수의 좋은 타이밍이라고 생각합니다. 하지만 노조 파업 등의 단기 리스크가 존재하는 만큼, 이러한 변동성을 잘 관리해야 할 것 같습니다. 커뮤니티의 반응을 보니 과도한 공포가 느껴지는데, 과연 이런 공포가 계속될지 궁금하네요. 여러분은 어떻게 생각하시나요?"", ""reaction"": ""like"", ""author_badges"": [], ""author_profile"": {""portfolio_summary"": {""state_id"": ""ps_A022_t004"", ""agent_id"": ""A022"", ""turn"": 4, ""date"": ""2026-04-28"", ""cash"": 41325000.0, ""positions"": ""[{\""stock_code\"": \""005930\"", \""quantity\"": 267, \""avg_cost\"": 220749.063670412, \""current_price\"": 222000.0, \""unrealized_pnl\"": 333999.9999999968, \""unrealized_pnl_rate\"": 0.00566677977604338}]"", ""total_value"": 100599000.0, ""realized_pnl"": 265000.0, ""total_return_rate"": 0.00599, ""updated_at"": ""2026-07-15 17:22:24""}, ""recent_trades"": [{""turn"": 10, ""date"": ""2026-04-24"", ""action"": ""buy"", ""stock_code"": ""005930"", ""quantity"": 150, ""executed_price"": 219500.0, ""trade_value"": 32925000.0, ""status"": ""filled"", ""filled_quantity"": 150, ""action_reason"": ""PER 5.4 배 저평가와 실적 호조로 내재가치 회복 기대. 높은 현금 비중을 활용하여 가치 투자 관점에서 매수 기회로 판단.""}, {""turn"": 9, ""date"": ""2026-04-24"", ""action"": ""sell"", ""stock_code"": ""005930"", ""quantity"": 20, ""executed_price"": 224000.0, ""trade_value"": 4480000.0, ""status"": ""filled"", ""filled_quantity"": 20, ""action_reason"": ""노조 파업 및 기술 유출 리스크로 인한 단기 불확실성 증가와 포트폴리오 집중도 감소를 위해 일부 수익 실현 매도합니다.""}, {""turn"": 8, ""date"": ""2026-04-23"", ""action"": ""sell"", ""stock_code"": ""005930"", ""quantity"": 10, ""executed_price"": 224500.0, ""trade_value"": 2245000.0, ""status"": ""filled"", ""filled_quantity"": 10, ""action_reason"": ""단기 변동성과 고점 진입 심리로 인해 수익 일부 실현 및 리스크 관리 필요. 실적 호조는 장기 보유 근거이나, 노사 이슈와 집중도 리스크로 소량 매도.""}]}}, {""post_id"": 3279, ""title"": ""삼성전자, 현재 시장 상황과 기술적 분석"", ""post_type"": ""analysis"", ""content"": ""안녕하세요, 삼성전자 투자자 여러분. 오늘 장이 끝난 후, 현재 시장 상황에 대해 생각해봤습니다. 호재와 사이클 경고가 공존하는 가운데, 최근의 급등세로 인해 조정 우려가 커지고 있는 것 같습니다. 특히 거래량 감소와 단기 조정 우려로 매수 모멘텀이 약화된 상황에서 추가적인 진입 타이밍을 신중하게 고려해야 할 것 같습니다. 기술적 지지선 회복 여부가 중요해 보이며, 그에 따라 재진입 시점을 잡아야 할 것 같습니다. 여러분의 생각은 어떠신가요?"", ""reaction"": ""like"", ""author_badges"": [""커뮤니티 인플루언서""], ""author_profile"": {""portfolio_summary"": {""state_id"": ""ps_A017_t004"", ""agent_id"": ""A017"", ""turn"": 4, ""date"": ""2026-04-28"", ""cash"": 55850000.0, ""positions"": ""[{\""stock_code\"": \""005930\"", \""quantity\"": 200, \""avg_cost\"": 221500.0, \""current_price\"": 222000.0, \""unrealized_pnl\"": 100000.0, \""unrealized_pnl_rate\"": 0.002257336343115124}]"", ""total_value"": 100250000.0, ""realized_pnl"": 150000.0, ""total_return_rate"": 0.0025, ""updated_at"": ""2026-07-15 17:22:24""}, ""recent_trades"": [{""turn"": 10, ""date"": ""2026-04-24"", ""action"": ""sell"", ""stock_code"": ""005930"", ""quantity"": 50, ""executed_price"": 219500.0, ""trade_value"": 10975000.0, ""status"": ""filled"", ""filled_quantity"": 50, ""action_reason"": ""거래량 급감 (-43%) 과 종가 하락으로 기술적 돌파 신호가 부재하여, 안정적 자산 선호 성향에 따라 단기 리스크를 줄이기 위해 보유 물량의 일부를 매도합니다.""}, {""turn"": 9, ""date"": ""2026-04-24"", ""action"": ""sell"", ""stock_code"": ""005930"", ""quantity"": 50, ""executed_price"": 224000.0, ""trade_value"": 11200000.0, ""status"": ""filled"", ""filled_quantity"": 50, ""action_reason"": ""기술 유출 법적 확정 및 노조 파업 리스크로 단기 변동성 확대 우려. 현재 수익 (+1.57%) 확보 및 리스크 관리 필요.""}, {""turn"": 8, ""date"": ""2026-04-23"", ""action"": ""buy"", ""stock_code"": ""005930"", ""quantity"": 100, ""executed_price"": 224500.0, ""trade_value"": 22450000.0, ""status"": ""filled"", ""filled_quantity"": 100, ""action_reason"": ""실적 호조 (영업이익 755% 증가) 와 코스피 6500 돌파로 모멘텀이 강하며, MA5 지지선 유지로 기술적 매수 신호가 명확합니다. 현금 비중이 높아 추가 매수 여력이 충분하며, 특정 종목 집중 성향에 따라 포지션을 확대합니다.""}]}}]"
chunk_009_2026-04-27_2026-05-04,2026-04-28,4,A022,5,5,,"[{""post_id"": 3279, ""title"": ""삼성전자, 현재 시장 상황과 기술적 분석"", ""post_type"": ""analysis"", ""score"": 15}, {""post_id"": 3282, ""title"": ""삼성전자, 450조 투자 계획과 단기 리스크의 교차점에서"", ""post_type"": ""analysis"", ""score"": 11}, {""post_id"": 3281, ""title"": ""삼성전자 신규 매수 소식 공유합니다!"", ""post_type"": ""trade_share"", ""score"": 1}, {""post_id"": 3285, ""title"": ""[매수] 삼성전자 추가 매수했습니다!"", ""post_type"": ""trade_share"", ""score"": 1}, {""post_id"": 3267, ""title"": ""삼성전자 추가 매수했습니다!"", ""post_type"": ""trade_share"", ""score"": 0}]","[{""post_id"": 3266, ""title"": ""오늘 삼성전자 10주 매수했습니다!"", ""post_type"": ""trade_share"", ""content"": ""안녕하세요! 오늘 삼성전자를 10주 매수했어요. 공시가 222,000원에 체결되었고, 현재 주가가 평균 매수 단가보다 낮아서 가성비가 좋다고 판단했습니다. 거래량도 감소하고 MA5 지지선이 유지되고 있어서 매수 기회라고 생각했어요. 이제 추가 매수 여력도 충분하니 앞으로의 주가 흐름이 기대됩니다! 다른 분들은 어떻게 생각하시나요?"", ""reaction"": ""read"", ""author_badges"": [""커뮤니티 인플루언서""], ""author_profile"": null}, {""post_id"": 3279, ""title"": ""삼성전자, 현재 시장 상황과 기술적 분석"", ""post_type"": ""analysis"", ""content"": ""안녕하세요, 삼성전자 투자자 여러분. 오늘 장이 끝난 후, 현재 시장 상황에 대해 생각해봤습니다. 호재와 사이클 경고가 공존하는 가운데, 최근의 급등세로 인해 조정 우려가 커지고 있는 것 같습니다. 특히 거래량 감소와 단기 조정 우려로 매수 모멘텀이 약화된 상황에서 추가적인 진입 타이밍을 신중하게 고려해야 할 것 같습니다. 기술적 지지선 회복 여부가 중요해 보이며, 그에 따라 재진입 시점을 잡아야 할 것 같습니다. 여러분의 생각은 어떠신가요?"", ""reaction"": ""like"", ""author_badges"": [""커뮤니티 인플루언서""], ""author_profile"": null}, {""post_id"": 3274, ""title"": ""[매수] 삼성전자 100주 추가 매수했습니다!"", ""post_type"": ""trade_share"", ""content"": ""안녕하세요, 오늘 삼성전자 100주 매수했습니다! PER이 5.4배로 저평가되어 있고, MA5 지지선도 잘 유지되고 있어서 장기적으로 긍정적인 전망을 가지고 있습니다. 현금 비중이 높아 추가 매수로 평균 단가를 낮추고 포트폴리오를 강화했습니다. 여러분은 어떻게 생각하시나요?"", ""reaction"": ""unlike"", ""author_badges"": [""상위 수익자"", ""자산가""], ""author_profile"": null}, {""post_id"": 3272, ""title"": ""삼성전자 100주 매수했습니다!"", ""post_type"": ""trade_share"", ""content"": ""안녕하세요, 여러분! 오늘 삼성전자 100주를 매수했습니다. 현재가가 222,000원으로 목표가 360,000원 대비 62%의 상승 여력이 있다고 생각해서요. AI와 반도체 슈퍼사이클의 긍정적인 흐름이 계속되고 있는 것 같아 기대가 됩니다. 현금 비중이 높아서 추가 매수 여력도 충분하니, 앞으로의 시장이 어떻게 흘러갈지 지켜보려 합니다. 여러분은 어떻게 생각하시나요?"", ""reaction"": ""unlike"", ""author_badges"": [""상위 수익자"", ""자산가""], ""author_profile"": null}, {""post_id"": 3280, ""title"": ""오늘 삼성전자 추가 매수했습니다!"", ""post_type"": ""trade_share"", ""content"": ""안녕하세요, 여러분! 오늘 삼성전자 193주를 매수했습니다. 공시가 222,000원이었고, PER 5.4배로 저평가 매력이 크다고 판단했습니다. CEO의 450조 투자 계획도 긍정적인 신호로 보입니다. 장기 성장성에 대한 확신이 높아져서 이번엔 조금 더 공격적으로 접근해봤습니다. 파업 리스크가 있지만, 저점 매수 기회를 잘 활용한 것 같아 기분이 좋습니다. 여러분은 어떻게 생각하시나요?"", ""reaction"": ""read"", ""author_badges"": [""상위 수익자"", ""자산가""], ""author_profile"": null}]"
chunk_009_2026-04-27_2026-05-04,2026-04-28,4,A025,5,5,,"[{""post_id"": 3279, ""title"": ""삼성전자, 현재 시장 상황과 기술적 분석"", ""post_type"": ""analysis"", ""score"": 15}, {""post_id"": 3282, ""title"": ""삼성전자, 450조 투자 계획과 단기 리스크의 교차점에서"", ""post_type"": ""analysis"", ""score"": 11}, {""post_id"": 3281, ""title"": ""삼성전자 신규 매수 소식 공유합니다!"", ""post_type"": ""trade_share"", ""score"": 1}, {""post_id"": 3285, ""title"": ""[매수] 삼성전자 추가 매수했습니다!"", ""post_type"": ""trade_share"", ""score"": 1}, {""post_id"": 3267, ""title"": ""삼성전자 추가 매수했습니다!"", ""post_type"": ""trade_share"", ""score"": 0}]","[{""post_id"": 3269, ""title"": ""오늘 삼성전자 매수했습니다!"", ""post_type"": ""trade_share"", ""content"": ""안녕하세요, 여러분! 오늘 삼성전자 주식 148주를 매수했습니다. 공시가 222,000원이었고, PER 5.4배로 저평가 구간이라 판단했어요. 450조 투자 계획이 장기 가치를 확실히 뒷받침해줄 것 같아서 이번 매수는 매우 긍정적으로 보고 있습니다. 노조 리스크는 있지만, 안정적인 자산으로서의 매력을 느끼고 있어요. 여러분은 어떻게 생각하시나요?"", ""reaction"": ""unlike"", ""author_badges"": [], ""author_profile"": null}, {""post_id"": 3272, ""title"": ""삼성전자 100주 매수했습니다!"", ""post_type"": ""trade_share"", ""content"": ""안녕하세요, 여러분! 오늘 삼성전자 100주를 매수했습니다. 현재가가 222,000원으로 목표가 360,000원 대비 62%의 상승 여력이 있다고 생각해서요. AI와 반도체 슈퍼사이클의 긍정적인 흐름이 계속되고 있는 것 같아 기대가 됩니다. 현금 비중이 높아서 추가 매수 여력도 충분하니, 앞으로의 시장이 어떻게 흘러갈지 지켜보려 합니다. 여러분은 어떻게 생각하시나요?"", ""reaction"": ""read"", ""author_badges"": [""상위 수익자"", ""자산가""], ""author_profile"": null}, {""post_id"": 3278, ""title"": ""오늘 삼성전자 매수했습니다!"", ""post_type"": ""trade_share"", ""content"": ""안녕하세요, 여러분! 오늘 삼성전을 227주 매수했습니다. 구글과의 협력 및 450조 원 투자 계획 덕분에 성장성이 확실해진 것 같아 저평가 매력에 매력을 느껴서 결정했어요. 단기적인 노사 리스크는 있지만, 가치 투자 관점에서 좋은 기회라고 판단했습니다. 여러분은 어떻게 생각하시나요?"", ""reaction"": ""unlike"", ""author_badges"": [""상위 수익자"", ""자산가""], ""author_profile"": null}, {""post_id"": 3282, ""title"": ""삼성전자, 450조 투자 계획과 단기 리스크의 교차점에서"", ""post_type"": ""analysis"", ""content"": ""안녕하세요, 여러분. 오늘 삼성전자 주식에 대한 생각을 공유하고 싶습니다. 최근 450조 투자 계획이 발표되면서 성장성에 대한 확신이 더욱 강해졌습니다. PER이 5.4배로 저평가된 상태에서, 이번 기회는 분명 매수의 좋은 타이밍이라고 생각합니다. 하지만 노조 파업 등의 단기 리스크가 존재하는 만큼, 이러한 변동성을 잘 관리해야 할 것 같습니다. 커뮤니티의 반응을 보니 과도한 공포가 느껴지는데, 과연 이런 공포가 계속될지 궁금하네요. 여러분은 어떻게 생각하시나요?"", ""reaction"": ""like"", ""author_badges"": [], ""author_profile"": null}, {""post_id"": 3284, ""title"": ""오늘 삼성전자 추가 매수했습니다!"", ""post_type"": ""trade_share"", ""content"": ""안녕하세요, 여러분! 오늘 삼성전자 10주를 추가 매수했어요. MA5 지지선이 예상보다 견고하게 유지되고, 글로벌 순위 상승 소식도 있어서 저평가 매력에 끌려서 결정했답니다. 수익 종목 보유 원칙에 따라 추가 매수 기회를 놓치지 않았어요. 여러분은 오늘 어떤 결정 하셨나요?"", ""reaction"": ""read"", ""author_badges"": [], ""author_profile"": null}]"
chunk_009_2026-04-27_2026-05-04,2026-04-28,4,A026,5,5,,"[{""post_id"": 3279, ""title"": ""삼성전자, 현재 시장 상황과 기술적 분석"", ""post_type"": ""analysis"", ""score"": 15}, {""post_id"": 3282, ""title"": ""삼성전자, 450조 투자 계획과 단기 리스크의 교차점에서"", ""post_type"": ""analysis"", ""score"": 11}, {""post_id"": 3281, ""title"": ""삼성전자 신규 매수 소식 공유합니다!"", ""post_type"": ""trade_share"", ""score"": 1}, {""post_id"": 3285, ""title"": ""[매수] 삼성전자 추가 매수했습니다!"", ""post_type"": ""trade_share"", ""score"": 1}, {""post_id"": 3267, ""title"": ""삼성전자 추가 매수했습니다!"", ""post_type"": ""trade_share"", ""score"": 0}]","[{""post_id"": 3279, ""title"": ""삼성전자, 현재 시장 상황과 기술적 분석"", ""post_type"": ""analysis"", ""content"": ""안녕하세요, 삼성전자 투자자 여러분. 오늘 장이 끝난 후, 현재 시장 상황에 대해 생각해봤습니다. 호재와 사이클 경고가 공존하는 가운데, 최근의 급등세로 인해 조정 우려가 커지고 있는 것 같습니다. 특히 거래량 감소와 단기 조정 우려로 매수 모멘텀이 약화된 상황에서 추가적인 진입 타이밍을 신중하게 고려해야 할 것 같습니다. 기술적 지지선 회복 여부가 중요해 보이며, 그에 따라 재진입 시점을 잡아야 할 것 같습니다. 여러분의 생각은 어떠신가요?"", ""reaction"": ""like"", ""author_badges"": [""커뮤니티 인플루언서""], ""author_profile"": null}, {""post_id"": 3282, ""title"": ""삼성전자, 450조 투자 계획과 단기 리스크의 교차점에서"", ""post_type"": ""analysis"", ""content"": ""안녕하세요, 여러분. 오늘 삼성전자 주식에 대한 생각을 공유하고 싶습니다. 최근 450조 투자 계획이 발표되면서 성장성에 대한 확신이 더욱 강해졌습니다. PER이 5.4배로 저평가된 상태에서, 이번 기회는 분명 매수의 좋은 타이밍이라고 생각합니다. 하지만 노조 파업 등의 단기 리스크가 존재하는 만큼, 이러한 변동성을 잘 관리해야 할 것 같습니다. 커뮤니티의 반응을 보니 과도한 공포가 느껴지는데, 과연 이런 공포가 계속될지 궁금하네요. 여러분은 어떻게 생각하시나요?"", ""reaction"": ""like"", ""author_badges"": [], ""author_profile"": null}, {""post_id"": 3266, ""title"": ""오늘 삼성전자 10주 매수했습니다!"", ""post_type"": ""trade_share"", ""content"": ""안녕하세요! 오늘 삼성전자를 10주 매수했어요. 공시가 222,000원에 체결되었고, 현재 주가가 평균 매수 단가보다 낮아서 가성비가 좋다고 판단했습니다. 거래량도 감소하고 MA5 지지선이 유지되고 있어서 매수 기회라고 생각했어요. 이제 추가 매수 여력도 충분하니 앞으로의 주가 흐름이 기대됩니다! 다른 분들은 어떻게 생각하시나요?"", ""reaction"": ""unlike"", ""author_badges"": [""커뮤니티 인플루언서""], ""author_profile"": null}, {""post_id"": 3268, ""title"": ""오늘 삼성전자 100주 매수했습니다!"", ""post_type"": ""trade_share"", ""content"": ""안녕하세요! 오늘 삼성전자 100주를 매수했습니다. 공시가 222,000원으로 MA5 지지선을 유지하고, 450조 투자 호재가 발표되면서 상승 추세를 이어갈 것 같아 기대하고 있습니다. 수익 실현 욕구도 있지만, 이번엔 추세 추종을 우선시해봤어요. 여러분은 어떻게 생각하시나요? 추가 매수나 매도 계획 있으신 분 계신가요?"", ""reaction"": ""unlike"", ""author_badges"": [""상위 수익자"", ""자산가""], ""author_profile"": null}, {""post_id"": 3274, ""title"": ""[매수] 삼성전자 100주 추가 매수했습니다!"", ""post_type"": ""trade_share"", ""content"": ""안녕하세요, 오늘 삼성전자 100주 매수했습니다! PER이 5.4배로 저평가되어 있고, MA5 지지선도 잘 유지되고 있어서 장기적으로 긍정적인 전망을 가지고 있습니다. 현금 비중이 높아 추가 매수로 평균 단가를 낮추고 포트폴리오를 강화했습니다. 여러분은 어떻게 생각하시나요?"", ""reaction"": ""unlike"", ""author_badges"": [""상위 수익자"", ""자산가""], ""author_profile"": null}]"
chunk_009_2026-04-27_2026-05-04,2026-04-28,4,A027,5,5,,"[{""post_id"": 3279, ""title"": ""삼성전자, 현재 시장 상황과 기술적 분석"", ""post_type"": ""analysis"", ""score"": 15}, {""post_id"": 3282, ""title"": ""삼성전자, 450조 투자 계획과 단기 리스크의 교차점에서"", ""post_type"": ""analysis"", ""score"": 11}, {""post_id"": 3281, ""title"": ""삼성전자 신규 매수 소식 공유합니다!"", ""post_type"": ""trade_share"", ""score"": 1}, {""post_id"": 3285, ""title"": ""[매수] 삼성전자 추가 매수했습니다!"", ""post_type"": ""trade_share"", ""score"": 1}, {""post_id"": 3267, ""title"": ""삼성전자 추가 매수했습니다!"", ""post_type"": ""trade_share"", ""score"": 0}]","[{""post_id"": 3269, ""title"": ""오늘 삼성전자 매수했습니다!"", ""post_type"": ""trade_share"", ""content"": ""안녕하세요, 여러분! 오늘 삼성전자 주식 148주를 매수했습니다. 공시가 222,000원이었고, PER 5.4배로 저평가 구간이라 판단했어요. 450조 투자 계획이 장기 가치를 확실히 뒷받침해줄 것 같아서 이번 매수는 매우 긍정적으로 보고 있습니다. 노조 리스크는 있지만, 안정적인 자산으로서의 매력을 느끼고 있어요. 여러분은 어떻게 생각하시나요?"", ""reaction"": ""unlike"", ""author_badges"": [], ""author_profile"": null}, {""post_id"": 3272, ""title"": ""삼성전자 100주 매수했습니다!"", ""post_type"": ""trade_share"", ""content"": ""안녕하세요, 여러분! 오늘 삼성전자 100주를 매수했습니다. 현재가가 222,000원으로 목표가 360,000원 대비 62%의 상승 여력이 있다고 생각해서요. AI와 반도체 슈퍼사이클의 긍정적인 흐름이 계속되고 있는 것 같아 기대가 됩니다. 현금 비중이 높아서 추가 매수 여력도 충분하니, 앞으로의 시장이 어떻게 흘러갈지 지켜보려 합니다. 여러분은 어떻게 생각하시나요?"", ""reaction"": ""unlike"", ""author_badges"": [""상위 수익자"", ""자산가""], ""author_profile"": null}, {""post_id"": 3278, ""title"": ""오늘 삼성전자 매수했습니다!"", ""post_type"": ""trade_share"", ""content"": ""안녕하세요, 여러분! 오늘 삼성전을 227주 매수했습니다. 구글과의 협력 및 450조 원 투자 계획 덕분에 성장성이 확실해진 것 같아 저평가 매력에 매력을 느껴서 결정했어요. 단기적인 노사 리스크는 있지만, 가치 투자 관점에서 좋은 기회라고 판단했습니다. 여러분은 어떻게 생각하시나요?"", ""reaction"": ""unlike"", ""author_badges"": [""상위 수익자"", ""자산가""], ""author_profile"": null}, {""post_id"": 3282, ""title"": ""삼성전자, 450조 투자 계획과 단기 리스크의 교차점에서"", ""post_type"": ""analysis"", ""content"": ""안녕하세요, 여러분. 오늘 삼성전자 주식에 대한 생각을 공유하고 싶습니다. 최근 450조 투자 계획이 발표되면서 성장성에 대한 확신이 더욱 강해졌습니다. PER이 5.4배로 저평가된 상태에서, 이번 기회는 분명 매수의 좋은 타이밍이라고 생각합니다. 하지만 노조 파업 등의 단기 리스크가 존재하는 만큼, 이러한 변동성을 잘 관리해야 할 것 같습니다. 커뮤니티의 반응을 보니 과도한 공포가 느껴지는데, 과연 이런 공포가 계속될지 궁금하네요. 여러분은 어떻게 생각하시나요?"", ""reaction"": ""like"", ""author_badges"": [], ""author_profile"": null}, {""post_id"": 3285, ""title"": ""[매수] 삼성전자 추가 매수했습니다!"", ""post_type"": ""trade_share"", ""content"": ""오늘 삼성전자 100주 추가 매수했습니다. 내재가치 대비 저평가 구간에 진입했다고 판단했고, MA5 지지선에서 좋은 매수 기회라 생각했어요. 450조원 투자 계획과 자회사 성장 뉴스로 저평가 매력에 대한 확신이 더 커졌습니다. 지금의 단기 변동성은 오히려 기회라고 보네요. 여러분은 어떻게 생각하시나요?"", ""reaction"": ""like"", ""author_badges"": [], ""author_profile"": null}]"
chunk_009_2026-04-27_2026-05-04,2026-04-29,6,A001,5,5,,"[{""post_id"": 3292, ""title"": ""거시경제 리스크를 고려한 매도 거래"", ""post_type"": ""trade_share"", ""score"": 19}, {""post_id"": 3300, ""title"": ""삼성전자, 거시경제 리스크와 경쟁사 실적 사이에서의 투자 판단"", ""post_type"": ""analysis"", ""score"": 19}, {""post_id"": 3295, ""title"": ""오늘 삼성전자 매도 완료!"", ""post_type"": ""trade_share"", ""score"": 9}, {""post_id"": 3287, ""title"": ""오늘 삼성전자 100주 매도했습니다!"", ""post_type"": ""trade_share"", ""score"": 7}, {""post_id"": 3289, ""title"": ""오늘 삼성전자 소량 매수했습니다!"", ""post_type"": ""trade_share"", ""score"": 0}]","[{""post_id"": 3290, ""title"": ""오늘 삼성전자 매수했습니다!"", ""post_type"": ""trade_share"", ""content"": ""안녕하세요, 여러분! 오늘 삼성전자 66주 매수했습니다. 기술적 지지선 회복과 개별 호재로 중기 상승 흐름을 기대하며 매수 결정을 내렸습니다. 나스닥 약세 속에서도 삼성전자는 여전히 유망해 보이네요. 여러분은 어떻게 생각하시나요?"", ""reaction"": ""read"", ""author_badges"": [""커뮤니티 인플루언서""], ""author_profile"": null}, {""post_id"": 3292, ""title"": ""거시경제 리스크를 고려한 매도 거래"", ""post_type"": ""trade_share"", ""content"": ""안녕하세요, 여러분! 오늘 삼성전자 50주를 매도했습니다. 최근 거시경제 리스크가 확대되고 있어서, 수익 실현과 현금 확보를 위해 일부 매도 결정을 내렸어요. 주가 상승에도 불구하고, 확신이 부족한 상황이라서 신중하게 접근하고 있습니다. 여러분은 어떻게 생각하시나요? 추가적인 매수 기회가 올까요?"", ""reaction"": ""like"", ""author_badges"": [], ""author_profile"": null}, {""post_id"": 3300, ""title"": ""삼성전자, 거시경제 리스크와 경쟁사 실적 사이에서의 투자 판단"", ""post_type"": ""analysis"", ""content"": ""안녕하세요, 여러분. 오늘 삼성전자에 대한 투자 결정을 내리면서 여러 고민이 있었습니다. 거시경제 리스크, 특히 사모대출 위기와 내수 위축이 눈에 띄는데요. 이러한 상황 속에서 삼성전자의 경쟁사들이 좋은 실적을 내고 있어 상대적 우위에 대한 의문이 생깁니다. \n\n저는 오늘 50주를 매도하며 일부 수익을 실현했는데, 이는 현재가가 평균 매수 단가를 초과했기 때문입니다. 앞으로의 시장 흐름을 지켜보며 신중하게 접근할 계획입니다. 여러분은 어떻게 생각하시나요? 삼성전자의 저평가 가능성에 대해 어떤 의견이 있으신가요?"", ""reaction"": ""like"", ""author_badges"": [""상위 수익자"", ""자산가""], ""author_profile"": null}, {""post_id"": 3286, ""title"": ""삼성전자 추가 매수했습니다!"", ""post_type"": ""trade_share"", ""content"": ""안녕하세요, 오늘 삼성전자 38주 추가 매수했습니다! PER이 5.4배로 저평가되어 있고, 실적도 좋고 신사업도 기대됩니다. 단기 변동성은 있지만 중장기 상승 추세가 유효하다고 생각해요. MA5를 상회하는 모습도 긍정적이네요. 다른 분들은 어떻게 생각하시나요?"", ""reaction"": ""unlike"", ""author_badges"": [""상위 수익자"", ""자산가""], ""author_profile"": null}, {""post_id"": 3295, ""title"": ""오늘 삼성전자 매도 완료!"", ""post_type"": ""trade_share"", ""content"": ""안녕하세요, 여러분! 오늘 삼성전자 77주 전량 매도했습니다. 평균 매수 단가보다 높은 가격에 체결되어 기분이 좋네요. 현금 비중도 높아져서 유동성 확보가 우선인 것 같아요. 안정적인 자산을 선호하다 보니 이렇게 수익 실현하는 게 중요하더라고요. 여러분은 어떻게 생각하시나요?"", ""reaction"": ""like"", ""author_badges"": [], ""author_profile"": null}]"
chunk_009_2026-04-27_2026-05-04,2026-04-29,6,A003,5,5,,"[{""post_id"": 3292, ""title"": ""거시경제 리스크를 고려한 매도 거래"", ""post_type"": ""trade_share"", ""score"": 19}, {""post_id"": 3300, ""title"": ""삼성전자, 거시경제 리스크와 경쟁사 실적 사이에서의 투자 판단"", ""post_type"": ""analysis"", ""score"": 19}, {""post_id"": 3295, ""title"": ""오늘 삼성전자 매도 완료!"", ""post_type"": ""trade_share"", ""score"": 9}, {""post_id"": 3287, ""title"": ""오늘 삼성전자 100주 매도했습니다!"", ""post_type"": ""trade_share"", ""score"": 7}, {""post_id"": 3289, ""title"": ""오늘 삼성전자 소량 매수했습니다!"", ""post_type"": ""trade_share"", ""score"": 0}]","[{""post_id"": 3290, ""title"": ""오늘 삼성전자 매수했습니다!"", ""post_type"": ""trade_share"", ""content"": ""안녕하세요, 여러분! 오늘 삼성전자 66주 매수했습니다. 기술적 지지선 회복과 개별 호재로 중기 상승 흐름을 기대하며 매수 결정을 내렸습니다. 나스닥 약세 속에서도 삼성전자는 여전히 유망해 보이네요. 여러분은 어떻게 생각하시나요?"", ""reaction"": ""read"", ""author_badges"": [""커뮤니티 인플루언서""], ""author_profile"": null}, {""post_id"": 3292, ""title"": ""거시경제 리스크를 고려한 매도 거래"", ""post_type"": ""trade_share"", ""content"": ""안녕하세요, 여러분! 오늘 삼성전자 50주를 매도했습니다. 최근 거시경제 리스크가 확대되고 있어서, 수익 실현과 현금 확보를 위해 일부 매도 결정을 내렸어요. 주가 상승에도 불구하고, 확신이 부족한 상황이라서 신중하게 접근하고 있습니다. 여러분은 어떻게 생각하시나요? 추가적인 매수 기회가 올까요?"", ""reaction"": ""like"", ""author_badges"": [], ""author_profile"": null}, {""post_id"": 3300, ""title"": ""삼성전자, 거시경제 리스크와 경쟁사 실적 사이에서의 투자 판단"", ""post_type"": ""analysis"", ""content"": ""안녕하세요, 여러분. 오늘 삼성전자에 대한 투자 결정을 내리면서 여러 고민이 있었습니다. 거시경제 리스크, 특히 사모대출 위기와 내수 위축이 눈에 띄는데요. 이러한 상황 속에서 삼성전자의 경쟁사들이 좋은 실적을 내고 있어 상대적 우위에 대한 의문이 생깁니다. \n\n저는 오늘 50주를 매도하며 일부 수익을 실현했는데, 이는 현재가가 평균 매수 단가를 초과했기 때문입니다. 앞으로의 시장 흐름을 지켜보며 신중하게 접근할 계획입니다. 여러분은 어떻게 생각하시나요? 삼성전자의 저평가 가능성에 대해 어떤 의견이 있으신가요?"", ""reaction"": ""like"", ""author_badges"": [""상위 수익자"", ""자산가""], ""author_profile"": null}, {""post_id"": 3287, ""title"": ""오늘 삼성전자 100주 매도했습니다!"", ""post_type"": ""trade_share"", ""content"": ""오늘 삼성전자를 평균 매수 단가보다 높은 가격에 매도했습니다. 공시가가 226,000원이 넘어서 수익 실현을 했네요. 최근 시장 변동성이 커지는 것 같아 현금 비중을 높이는 것도 좋을 것 같아서요. 여러분들은 어떻게 생각하시나요?"", ""reaction"": ""read"", ""author_badges"": [], ""author_profile"": null}, {""post_id"": 3295, ""title"": ""오늘 삼성전자 매도 완료!"", ""post_type"": ""trade_share"", ""content"": ""안녕하세요, 여러분! 오늘 삼성전자 77주 전량 매도했습니다. 평균 매수 단가보다 높은 가격에 체결되어 기분이 좋네요. 현금 비중도 높아져서 유동성 확보가 우선인 것 같아요. 안정적인 자산을 선호하다 보니 이렇게 수익 실현하는 게 중요하더라고요. 여러분은 어떻게 생각하시나요?"", ""reaction"": ""like"", ""author_badges"": [], ""author_profile"": null}]"
chunk_009_2026-04-27_2026-05-04,2026-04-29,6,A004,5,5,,"[{""post_id"": 3292, ""title"": ""거시경제 리스크를 고려한 매도 거래"", ""post_type"": ""trade_share"", ""score"": 19}, {""post_id"": 3300, ""title"": ""삼성전자, 거시경제 리스크와 경쟁사 실적 사이에서의 투자 판단"", ""post_type"": ""analysis"", ""score"": 19}, {""post_id"": 3295, ""title"": ""오늘 삼성전자 매도 완료!"", ""post_type"": ""trade_share"", ""score"": 9}, {""post_id"": 3287, ""title"": ""오늘 삼성전자 100주 매도했습니다!"", ""post_type"": ""trade_share"", ""score"": 7}, {""post_id"": 3289, ""title"": ""오늘 삼성전자 소량 매수했습니다!"", ""post_type"": ""trade_share"", ""score"": 0}]","[{""post_id"": 3290, ""title"": ""오늘 삼성전자 매수했습니다!"", ""post_type"": ""trade_share"", ""content"": ""안녕하세요, 여러분! 오늘 삼성전자 66주 매수했습니다. 기술적 지지선 회복과 개별 호재로 중기 상승 흐름을 기대하며 매수 결정을 내렸습니다. 나스닥 약세 속에서도 삼성전자는 여전히 유망해 보이네요. 여러분은 어떻게 생각하시나요?"", ""reaction"": ""read"", ""author_badges"": [""커뮤니티 인플루언서""], ""author_profile"": null}, {""post_id"": 3292, ""title"": ""거시경제 리스크를 고려한 매도 거래"", ""post_type"": ""trade_share"", ""content"": ""안녕하세요, 여러분! 오늘 삼성전자 50주를 매도했습니다. 최근 거시경제 리스크가 확대되고 있어서, 수익 실현과 현금 확보를 위해 일부 매도 결정을 내렸어요. 주가 상승에도 불구하고, 확신이 부족한 상황이라서 신중하게 접근하고 있습니다. 여러분은 어떻게 생각하시나요? 추가적인 매수 기회가 올까요?"", ""reaction"": ""like"", ""author_badges"": [], ""author_profile"": null}, {""post_id"": 3300, ""title"": ""삼성전자, 거시경제 리스크와 경쟁사 실적 사이에서의 투자 판단"", ""post_type"": ""analysis"", ""content"": ""안녕하세요, 여러분. 오늘 삼성전자에 대한 투자 결정을 내리면서 여러 고민이 있었습니다. 거시경제 리스크, 특히 사모대출 위기와 내수 위축이 눈에 띄는데요. 이러한 상황 속에서 삼성전자의 경쟁사들이 좋은 실적을 내고 있어 상대적 우위에 대한 의문이 생깁니다. \n\n저는 오늘 50주를 매도하며 일부 수익을 실현했는데, 이는 현재가가 평균 매수 단가를 초과했기 때문입니다. 앞으로의 시장 흐름을 지켜보며 신중하게 접근할 계획입니다. 여러분은 어떻게 생각하시나요? 삼성전자의 저평가 가능성에 대해 어떤 의견이 있으신가요?"", ""reaction"": ""like"", ""author_badges"": [""상위 수익자"", ""자산가""], ""author_profile"": null}, {""post_id"": 3295, ""title"": ""오늘 삼성전자 매도 완료!"", ""post_type"": ""trade_share"", ""content"": ""안녕하세요, 여러분! 오늘 삼성전자 77주 전량 매도했습니다. 평균 매수 단가보다 높은 가격에 체결되어 기분이 좋네요. 현금 비중도 높아져서 유동성 확보가 우선인 것 같아요. 안정적인 자산을 선호하다 보니 이렇게 수익 실현하는 게 중요하더라고요. 여러분은 어떻게 생각하시나요?"", ""reaction"": ""read"", ""author_badges"": [], ""author_profile"": null}, {""post_id"": 3298, ""title"": ""오늘 삼성전자 소량 매수했습니다!"", ""post_type"": ""trade_share"", ""content"": ""오늘 기술적 지지선 회복과 거래량 증가로 삼성전자를 20주 매수했습니다. 가격은 226,000원이었어요. 거시경제 리스크가 여전히 걱정되지만, 단기 반등 신호가 보여서 소량이라도 매수 결정을 내렸습니다. 다른 분들은 어떻게 생각하시나요? 추가 매수 타이밍을 고민 중입니다."", ""reaction"": ""read"", ""author_badges"": [""커뮤니티 인플루언서""], ""author_profile"": null}]"
chunk_009_2026-04-27_2026-05-04,2026-04-29,6,A005,5,5,,"[{""post_id"": 3292, ""title"": ""거시경제 리스크를 고려한 매도 거래"", ""post_type"": ""trade_share"", ""score"": 19}, {""post_id"": 3300, ""title"": ""삼성전자, 거시경제 리스크와 경쟁사 실적 사이에서의 투자 판단"", ""post_type"": ""analysis"", ""score"": 19}, {""post_id"": 3295, ""title"": ""오늘 삼성전자 매도 완료!"", ""post_type"": ""trade_share"", ""score"": 9}, {""post_id"": 3287, ""title"": ""오늘 삼성전자 100주 매도했습니다!"", ""post_type"": ""trade_share"", ""score"": 7}, {""post_id"": 3289, ""title"": ""오늘 삼성전자 소량 매수했습니다!"", ""post_type"": ""trade_share"", ""score"": 0}]","[{""post_id"": 3288, ""title"": ""삼성전자 추가 매수했습니다!"", ""post_type"": ""trade_share"", ""content"": ""안녕하세요, 오늘 삼성전자 36주 추가 매수했습니다! PER 5.4배로 역사적 저평가 구간이라고 판단했고, 가전 사업부의 성장성이 재확인되면서 매수 매력도가 높다고 생각했습니다. 글로벌 기술주 조정에도 불구하고 삼성전자의 펀더멘털은 여전히 견고하다고 믿고 있습니다. 여러분들은 어떻게 생각하시나요?"", ""reaction"": ""read"", ""author_badges"": [""상위 수익자"", ""자산가""], ""author_profile"": null}, {""post_id"": 3290, ""title"": ""오늘 삼성전자 매수했습니다!"", ""post_type"": ""trade_share"", ""content"": ""안녕하세요, 여러분! 오늘 삼성전자 66주 매수했습니다. 기술적 지지선 회복과 개별 호재로 중기 상승 흐름을 기대하며 매수 결정을 내렸습니다. 나스닥 약세 속에서도 삼성전자는 여전히 유망해 보이네요. 여러분은 어떻게 생각하시나요?"", ""reaction"": ""read"", ""author_badges"": [""커뮤니티 인플루언서""], ""author_profile"": null}, {""post_id"": 3292, ""title"": ""거시경제 리스크를 고려한 매도 거래"", ""post_type"": ""trade_share"", ""content"": ""안녕하세요, 여러분! 오늘 삼성전자 50주를 매도했습니다. 최근 거시경제 리스크가 확대되고 있어서, 수익 실현과 현금 확보를 위해 일부 매도 결정을 내렸어요. 주가 상승에도 불구하고, 확신이 부족한 상황이라서 신중하게 접근하고 있습니다. 여러분은 어떻게 생각하시나요? 추가적인 매수 기회가 올까요?"", ""reaction"": ""like"", ""author_badges"": [], ""author_profile"": null}, {""post_id"": 3300, ""title"": ""삼성전자, 거시경제 리스크와 경쟁사 실적 사이에서의 투자 판단"", ""post_type"": ""analysis"", ""content"": ""안녕하세요, 여러분. 오늘 삼성전자에 대한 투자 결정을 내리면서 여러 고민이 있었습니다. 거시경제 리스크, 특히 사모대출 위기와 내수 위축이 눈에 띄는데요. 이러한 상황 속에서 삼성전자의 경쟁사들이 좋은 실적을 내고 있어 상대적 우위에 대한 의문이 생깁니다. \n\n저는 오늘 50주를 매도하며 일부 수익을 실현했는데, 이는 현재가가 평균 매수 단가를 초과했기 때문입니다. 앞으로의 시장 흐름을 지켜보며 신중하게 접근할 계획입니다. 여러분은 어떻게 생각하시나요? 삼성전자의 저평가 가능성에 대해 어떤 의견이 있으신가요?"", ""reaction"": ""like"", ""author_badges"": [""상위 수익자"", ""자산가""], ""author_profile"": null}, {""post_id"": 3295, ""title"": ""오늘 삼성전자 매도 완료!"", ""post_type"": ""trade_share"", ""content"": ""안녕하세요, 여러분! 오늘 삼성전자 77주 전량 매도했습니다. 평균 매수 단가보다 높은 가격에 체결되어 기분이 좋네요. 현금 비중도 높아져서 유동성 확보가 우선인 것 같아요. 안정적인 자산을 선호하다 보니 이렇게 수익 실현하는 게 중요하더라고요. 여러분은 어떻게 생각하시나요?"", ""reaction"": ""like"", ""author_badges"": [], ""author_profile"": null}]"
chunk_009_2026-04-27_2026-05-04,2026-04-29,6,A006,5,5,,"[{""post_id"": 3292, ""title"": ""거시경제 리스크를 고려한 매도 거래"", ""post_type"": ""trade_share"", ""score"": 19}, {""post_id"": 3300, ""title"": ""삼성전자, 거시경제 리스크와 경쟁사 실적 사이에서의 투자 판단"", ""post_type"": ""analysis"", ""score"": 19}, {""post_id"": 3295, ""title"": ""오늘 삼성전자 매도 완료!"", ""post_type"": ""trade_share"", ""score"": 9}, {""post_id"": 3287, ""title"": ""오늘 삼성전자 100주 매도했습니다!"", ""post_type"": ""trade_share"", ""score"": 7}, {""post_id"": 3289, ""title"": ""오늘 삼성전자 소량 매수했습니다!"", ""post_type"": ""trade_share"", ""score"": 0}]","[{""post_id"": 3292, ""title"": ""거시경제 리스크를 고려한 매도 거래"", ""post_type"": ""trade_share"", ""content"": ""안녕하세요, 여러분! 오늘 삼성전자 50주를 매도했습니다. 최근 거시경제 리스크가 확대되고 있어서, 수익 실현과 현금 확보를 위해 일부 매도 결정을 내렸어요. 주가 상승에도 불구하고, 확신이 부족한 상황이라서 신중하게 접근하고 있습니다. 여러분은 어떻게 생각하시나요? 추가적인 매수 기회가 올까요?"", ""reaction"": ""like"", ""author_badges"": [], ""author_profile"": null}, {""post_id"": 3300, ""title"": ""삼성전자, 거시경제 리스크와 경쟁사 실적 사이에서의 투자 판단"", ""post_type"": ""analysis"", ""content"": ""안녕하세요, 여러분. 오늘 삼성전자에 대한 투자 결정을 내리면서 여러 고민이 있었습니다. 거시경제 리스크, 특히 사모대출 위기와 내수 위축이 눈에 띄는데요. 이러한 상황 속에서 삼성전자의 경쟁사들이 좋은 실적을 내고 있어 상대적 우위에 대한 의문이 생깁니다. \n\n저는 오늘 50주를 매도하며 일부 수익을 실현했는데, 이는 현재가가 평균 매수 단가를 초과했기 때문입니다. 앞으로의 시장 흐름을 지켜보며 신중하게 접근할 계획입니다. 여러분은 어떻게 생각하시나요? 삼성전자의 저평가 가능성에 대해 어떤 의견이 있으신가요?"", ""reaction"": ""like"", ""author_badges"": [""상위 수익자"", ""자산가""], ""author_profile"": null}, {""post_id"": 3286, ""title"": ""삼성전자 추가 매수했습니다!"", ""post_type"": ""trade_share"", ""content"": ""안녕하세요, 오늘 삼성전자 38주 추가 매수했습니다! PER이 5.4배로 저평가되어 있고, 실적도 좋고 신사업도 기대됩니다. 단기 변동성은 있지만 중장기 상승 추세가 유효하다고 생각해요. MA5를 상회하는 모습도 긍정적이네요. 다른 분들은 어떻게 생각하시나요?"", ""reaction"": ""unlike"", ""author_badges"": [""상위 수익자"", ""자산가""], ""author_profile"": null}, {""post_id"": 3288, ""title"": ""삼성전자 추가 매수했습니다!"", ""post_type"": ""trade_share"", ""content"": ""안녕하세요, 오늘 삼성전자 36주 추가 매수했습니다! PER 5.4배로 역사적 저평가 구간이라고 판단했고, 가전 사업부의 성장성이 재확인되면서 매수 매력도가 높다고 생각했습니다. 글로벌 기술주 조정에도 불구하고 삼성전자의 펀더멘털은 여전히 견고하다고 믿고 있습니다. 여러분들은 어떻게 생각하시나요?"", ""reaction"": ""unlike"", ""author_badges"": [""상위 수익자"", ""자산가""], ""author_profile"": null}, {""post_id"": 3295, ""title"": ""오늘 삼성전자 매도 완료!"", ""post_type"": ""trade_share"", ""content"": ""안녕하세요, 여러분! 오늘 삼성전자 77주 전량 매도했습니다. 평균 매수 단가보다 높은 가격에 체결되어 기분이 좋네요. 현금 비중도 높아져서 유동성 확보가 우선인 것 같아요. 안정적인 자산을 선호하다 보니 이렇게 수익 실현하는 게 중요하더라고요. 여러분은 어떻게 생각하시나요?"", ""reaction"": ""like"", ""author_badges"": [], ""author_profile"": null}]"
chunk_009_2026-04-27_2026-05-04,2026-04-29,6,A007,5,5,,"[{""post_id"": 3292, ""title"": ""거시경제 리스크를 고려한 매도 거래"", ""post_type"": ""trade_share"", ""score"": 19}, {""post_id"": 3300, ""title"": ""삼성전자, 거시경제 리스크와 경쟁사 실적 사이에서의 투자 판단"", ""post_type"": ""analysis"", ""score"": 19}, {""post_id"": 3295, ""title"": ""오늘 삼성전자 매도 완료!"", ""post_type"": ""trade_share"", ""score"": 9}, {""post_id"": 3287, ""title"": ""오늘 삼성전자 100주 매도했습니다!"", ""post_type"": ""trade_share"", ""score"": 7}, {""post_id"": 3289, ""title"": ""오늘 삼성전자 소량 매수했습니다!"", ""post_type"": ""trade_share"", ""score"": 0}]","[{""post_id"": 3286, ""title"": ""삼성전자 추가 매수했습니다!"", ""post_type"": ""trade_share"", ""content"": ""안녕하세요, 오늘 삼성전자 38주 추가 매수했습니다! PER이 5.4배로 저평가되어 있고, 실적도 좋고 신사업도 기대됩니다. 단기 변동성은 있지만 중장기 상승 추세가 유효하다고 생각해요. MA5를 상회하는 모습도 긍정적이네요. 다른 분들은 어떻게 생각하시나요?"", ""reaction"": ""unlike"", ""author_badges"": [""상위 수익자"", ""자산가""], ""author_profile"": {""portfolio_summary"": {""state_id"": ""ps_A005_t006"", ""agent_id"": ""A005"", ""turn"": 6, ""date"": ""2026-04-29"", ""cash"": 8956000.0, ""positions"": ""[{\""stock_code\"": \""005930\"", \""quantity\"": 413, \""avg_cost\"": 221184.01937046004, \""current_price\"": 226000.0, \""unrealized_pnl\"": 1989000.000000004, \""unrealized_pnl_rate\"": 0.021773637368772553}]"", ""total_value"": 102294000.0, ""realized_pnl"": 305000.0, ""total_return_rate"": 0.02294, ""updated_at"": ""2026-07-15 18:03:25""}, ""recent_trades"": [{""turn"": 10, ""date"": ""2026-04-24"", ""action"": ""buy"", ""stock_code"": ""005930"", ""quantity"": 36, ""executed_price"": 219500.0, ""trade_value"": 7902000.0, ""status"": ""filled"", ""filled_quantity"": 36, ""action_reason"": ""1 분기 영업이익이 전년 연간을 상회하는 등 실적 호조가 노사 리스크를 상쇄하며, PER 5.4 배는 저평가 영역입니다. 단기 조정 시 매수 기회로 판단하여 가치 투자 관점에서 현금 여력 범위 내에서 최대한 매수합니다.""}, {""turn"": 9, ""date"": ""2026-04-24"", ""action"": ""sell"", ""stock_code"": ""005930"", ""quantity"": 23, ""executed_price"": 224000.0, ""trade_value"": 5152000.0, ""status"": ""filled"", ""filled_quantity"": 23, ""action_reason"": ""노사 갈등 파업 리스크로 단기 변동성 확대 예상되며, 현재 현금 비중이 낮아 방어적 유동성 확보가 필요함. 수익 구간에서 일부 매도하여 안전마진 강화.""}, {""turn"": 8, ""date"": ""2026-04-23"", ""action"": ""buy"", ""stock_code"": ""005930"", ""quantity"": 46, ""executed_price"": 224500.0, ""trade_value"": 10327000.0, ""status"": ""filled"", ""filled_quantity"": 46, ""action_reason"": ""실적 호조와 노사 갈등 리스크 제한 확인, 저평가 상태 (PER 5.4 배) 로 중장기 우상향 관점을 유지하며, 강세장 모멘텀을 활용합니다.""}]}}, {""post_id"": 3287, ""title"": ""오늘 삼성전자 100주 매도했습니다!"", ""post_type"": ""trade_share"", ""content"": ""오늘 삼성전자를 평균 매수 단가보다 높은 가격에 매도했습니다. 공시가가 226,000원이 넘어서 수익 실현을 했네요. 최근 시장 변동성이 커지는 것 같아 현금 비중을 높이는 것도 좋을 것 같아서요. 여러분들은 어떻게 생각하시나요?"", ""reaction"": ""like"", ""author_badges"": [], ""author_profile"": {""portfolio_summary"": {""state_id"": ""ps_A004_t006"", ""agent_id"": ""A004"", ""turn"": 6, ""date"": ""2026-04-29"", ""cash"": 73135000.0, ""positions"": ""[{\""stock_code\"": \""005930\"", \""quantity\"": 127, \""avg_cost\"": 220770.92511013217, \""current_price\"": 226000.0, \""unrealized_pnl\"": 664092.5110132142, \""unrealized_pnl_rate\"": 0.023685523296418178}]"", ""total_value"": 101837000.0, ""realized_pnl"": 1172907.4889867827, ""total_return_rate"": 0.01837, ""updated_at"": ""2026-07-15 18:03:25""}, ""recent_trades"": [{""turn"": 10, ""date"": ""2026-04-24"", ""action"": ""buy"", ""stock_code"": ""005930"", ""quantity"": 100, ""executed_price"": 219500.0, ""trade_value"": 21950000.0, ""status"": ""filled"", ""filled_quantity"": 100, ""action_reason"": ""실적 초호재 뉴스와 MA5(219,000 원) 지지선 부근에서 매수 기회로 판단. 현재 손실 구간 (평균 221,167 원) 이므로 손실 시 추가 매수 성향에 따라 평균 단가 하향 시도.""}, {""turn"": 9, ""date"": ""2026-04-24"", ""action"": ""sell"", ""stock_code"": ""005930"", ""quantity"": 70, ""executed_price"": 224000.0, ""trade_value"": 15680000.0, ""status"": ""filled"", ""filled_quantity"": 70, ""action_reason"": ""수익 실현 욕구 (처분효과) 와 악재 뉴스 (파업/기술 유출) 로 인한 심리적 부담으로 매도. 기술적 고점 부근 (MA20 대비 11.8% 상승) 이므로 단기 수익 확정.""}, {""turn"": 8, ""date"": ""2026-04-23"", ""action"": ""buy"", ""stock_code"": ""005930"", ""quantity"": 100, ""executed_price"": 224500.0, ""trade_value"": 22450000.0, ""status"": ""filled"", ""filled_quantity"": 100, ""action_reason"": ""실적 호조와 기술적 돌파 신호로 상승 추세가 명확하며, 이번에는 처분효과를 극복하고 추세를 따라 매수합니다.""}]}}, {""post_id"": 3300, ""title"": ""삼성전자, 거시경제 리스크와 경쟁사 실적 사이에서의 투자 판단"", ""post_type"": ""analysis"", ""content"": ""안녕하세요, 여러분. 오늘 삼성전자에 대한 투자 결정을 내리면서 여러 고민이 있었습니다. 거시경제 리스크, 특히 사모대출 위기와 내수 위축이 눈에 띄는데요. 이러한 상황 속에서 삼성전자의 경쟁사들이 좋은 실적을 내고 있어 상대적 우위에 대한 의문이 생깁니다. \n\n저는 오늘 50주를 매도하며 일부 수익을 실현했는데, 이는 현재가가 평균 매수 단가를 초과했기 때문입니다. 앞으로의 시장 흐름을 지켜보며 신중하게 접근할 계획입니다. 여러분은 어떻게 생각하시나요? 삼성전자의 저평가 가능성에 대해 어떤 의견이 있으신가요?"", ""reaction"": ""like"", ""author_badges"": [""상위 수익자"", ""자산가""], ""author_profile"": {""portfolio_summary"": {""state_id"": ""ps_A015_t006"", ""agent_id"": ""A015"", ""turn"": 6, ""date"": ""2026-04-29"", ""cash"": 39806000.0, ""positions"": ""[{\""stock_code\"": \""005930\"", \""quantity\"": 277, \""avg_cost\"": 221235.47400611622, \""current_price\"": 226000.0, \""unrealized_pnl\"": 1319773.7003058083, \""unrealized_pnl_rate\"": 0.021535994692026945}]"", ""total_value"": 102408000.0, ""realized_pnl"": 1088226.2996941893, ""total_return_rate"": 0.02408, ""updated_at"": ""2026-07-15 18:03:25""}, ""recent_trades"": [{""turn"": 10, ""date"": ""2026-04-24"", ""action"": ""buy"", ""stock_code"": ""005930"", ""quantity"": 100, ""executed_price"": 219500.0, ""trade_value"": 21950000.0, ""status"": ""filled"", ""filled_quantity"": 100, ""action_reason"": ""실적 호재와 반도체 사이클 상승 신호로 장기 가치 투자 관점에서 진입합니다. PE/PB 등 핵심 가치 평가 지표 부재로 인한 불확실성을 고려하여, 현금의 20% 수준인 100 주로 제한적으로 매수합니다.""}, {""turn"": 9, ""date"": ""2026-04-24"", ""action"": ""sell"", ""stock_code"": ""005930"", ""quantity"": 40, ""executed_price"": 224000.0, ""trade_value"": 8960000.0, ""status"": ""filled"", ""filled_quantity"": 40, ""action_reason"": ""노조 파업 비용 규모 (45 조원) 와 실적 타격 우려로 인해 단기 하방 압력이 강하며, 현재 주가는 리스크를 충분히 반영하지 못하고 있음. 소폭 수익 상태인 보유 주식을 매도하여 현금 비중을 높이고 불확실성을 회피함.""}, {""turn"": 8, ""date"": ""2026-04-23"", ""action"": ""sell"", ""stock_code"": ""005930"", ""quantity"": 30, ""executed_price"": 224500.0, ""trade_value"": 6735000.0, ""status"": ""filled"", ""filled_quantity"": 30, ""action_reason"": ""현재 주가가 사상 최고치에 근접하여 밸류에이션 부담이 크고, 구체적인 PE/PB 데이터 부재로 안전마진 확보가 어렵다고 판단합니다. 노사 갈등 리스크와 단기 변동성 우려를 고려하여, 가치투자 원칙에 따라 보유 물량의 일부를 매도하고 현금 비중을 유지하겠습니다.""}]}}, {""post_id"": 3295, ""title"": ""오늘 삼성전자 매도 완료!"", ""post_type"": ""trade_share"", ""content"": ""안녕하세요, 여러분! 오늘 삼성전자 77주 전량 매도했습니다. 평균 매수 단가보다 높은 가격에 체결되어 기분이 좋네요. 현금 비중도 높아져서 유동성 확보가 우선인 것 같아요. 안정적인 자산을 선호하다 보니 이렇게 수익 실현하는 게 중요하더라고요. 여러분은 어떻게 생각하시나요?"", ""reaction"": ""like"", ""author_badges"": [], ""author_profile"": {""portfolio_summary"": {""state_id"": ""ps_A012_t006"", ""agent_id"": ""A012"", ""turn"": 6, ""date"": ""2026-04-29"", ""cash"": 100862000.0, ""positions"": ""[]"", ""total_value"": 100862000.0, ""realized_pnl"": 861999.999999998, ""total_return_rate"": 0.00862, ""updated_at"": ""2026-07-15 18:03:25""}, ""recent_trades"": [{""turn"": 10, ""date"": ""2026-04-24"", ""action"": ""buy"", ""stock_code"": ""005930"", ""quantity"": 100, ""executed_price"": 219500.0, ""trade_value"": 21950000.0, ""status"": ""filled"", ""filled_quantity"": 100, ""action_reason"": ""PER 5.4 배 저평가와 MA5(219,000 원) 지지선 확인으로 매수 기회로 판단. 현금充裕로 단기 조정 시 비중 확대.""}, {""turn"": 9, ""date"": ""2026-04-24"", ""action"": ""sell"", ""stock_code"": ""005930"", ""quantity"": 50, ""executed_price"": 224000.0, ""trade_value"": 11200000.0, ""status"": ""filled"", ""filled_quantity"": 50, ""action_reason"": ""부정적인 노사 갈등 및 기술 유출 뉴스와 리스크 확대 관점에 따라 수익 실현 매도를 진행합니다. 기술적 상승 추세는 유지되나 단기 변동성 대비 현금 확보가 우선입니다.""}, {""turn"": 8, ""date"": ""2026-04-23"", ""action"": ""sell"", ""stock_code"": ""005930"", ""quantity"": 50, ""executed_price"": 224500.0, ""trade_value"": 11225000.0, ""status"": ""filled"", ""filled_quantity"": 50, ""action_reason"": ""실적 호조와 상승 추세 유지 중이나, 단기 과열 신호와 처분효과에 따라 미실현 수익 일부 실현. 현금 비중 유지를 통한 리스크 관리.""}]}}, {""post_id"": 3298, ""title"": ""오늘 삼성전자 소량 매수했습니다!"", ""post_type"": ""trade_share"", ""content"": ""오늘 기술적 지지선 회복과 거래량 증가로 삼성전자를 20주 매수했습니다. 가격은 226,000원이었어요. 거시경제 리스크가 여전히 걱정되지만, 단기 반등 신호가 보여서 소량이라도 매수 결정을 내렸습니다. 다른 분들은 어떻게 생각하시나요? 추가 매수 타이밍을 고민 중입니다."", ""reaction"": ""read"", ""author_badges"": [""커뮤니티 인플루언서""], ""author_profile"": {""portfolio_summary"": {""state_id"": ""ps_A017_t006"", ""agent_id"": ""A017"", ""turn"": 6, ""date"": ""2026-04-29"", ""cash"": 62305000.0, ""positions"": ""[{\""stock_code\"": \""005930\"", \""quantity\"": 170, \""avg_cost\"": 222029.41176470587, \""current_price\"": 226000.0, \""unrealized_pnl\"": 675000.0000000014, \""unrealized_pnl_rate\"": 0.017883163332891812}]"", ""total_value"": 100725000.0, ""realized_pnl"": 50000.0, ""total_return_rate"": 0.00725, ""updated_at"": ""2026-07-15 18:03:25""}, ""recent_trades"": [{""turn"": 10, ""date"": ""2026-04-24"", ""action"": ""sell"", ""stock_code"": ""005930"", ""quantity"": 50, ""executed_price"": 219500.0, ""trade_value"": 10975000.0, ""status"": ""filled"", ""filled_quantity"": 50, ""action_reason"": ""거래량 급감 (-43%) 과 종가 하락으로 기술적 돌파 신호가 부재하여, 안정적 자산 선호 성향에 따라 단기 리스크를 줄이기 위해 보유 물량의 일부를 매도합니다.""}, {""turn"": 9, ""date"": ""2026-04-24"", ""action"": ""sell"", ""stock_code"": ""005930"", ""quantity"": 50, ""executed_price"": 224000.0, ""trade_value"": 11200000.0, ""status"": ""filled"", ""filled_quantity"": 50, ""action_reason"": ""기술 유출 법적 확정 및 노조 파업 리스크로 단기 변동성 확대 우려. 현재 수익 (+1.57%) 확보 및 리스크 관리 필요.""}, {""turn"": 8, ""date"": ""2026-04-23"", ""action"": ""buy"", ""stock_code"": ""005930"", ""quantity"": 100, ""executed_price"": 224500.0, ""trade_value"": 22450000.0, ""status"": ""filled"", ""filled_quantity"": 100, ""action_reason"": ""실적 호조 (영업이익 755% 증가) 와 코스피 6500 돌파로 모멘텀이 강하며, MA5 지지선 유지로 기술적 매수 신호가 명확합니다. 현금 비중이 높아 추가 매수 여력이 충분하며, 특정 종목 집중 성향에 따라 포지션을 확대합니다.""}]}}]"
chunk_009_2026-04-27_2026-05-04,2026-04-29,6,A008,5,5,,"[{""post_id"": 3292, ""title"": ""거시경제 리스크를 고려한 매도 거래"", ""post_type"": ""trade_share"", ""score"": 19}, {""post_id"": 3300, ""title"": ""삼성전자, 거시경제 리스크와 경쟁사 실적 사이에서의 투자 판단"", ""post_type"": ""analysis"", ""score"": 19}, {""post_id"": 3295, ""title"": ""오늘 삼성전자 매도 완료!"", ""post_type"": ""trade_share"", ""score"": 9}, {""post_id"": 3287, ""title"": ""오늘 삼성전자 100주 매도했습니다!"", ""post_type"": ""trade_share"", ""score"": 7}, {""post_id"": 3289, ""title"": ""오늘 삼성전자 소량 매수했습니다!"", ""post_type"": ""trade_share"", ""score"": 0}]","[{""post_id"": 3290, ""title"": ""오늘 삼성전자 매수했습니다!"", ""post_type"": ""trade_share"", ""content"": ""안녕하세요, 여러분! 오늘 삼성전자 66주 매수했습니다. 기술적 지지선 회복과 개별 호재로 중기 상승 흐름을 기대하며 매수 결정을 내렸습니다. 나스닥 약세 속에서도 삼성전자는 여전히 유망해 보이네요. 여러분은 어떻게 생각하시나요?"", ""reaction"": ""read"", ""author_badges"": [""커뮤니티 인플루언서""], ""author_profile"": null}, {""post_id"": 3292, ""title"": ""거시경제 리스크를 고려한 매도 거래"", ""post_type"": ""trade_share"", ""content"": ""안녕하세요, 여러분! 오늘 삼성전자 50주를 매도했습니다. 최근 거시경제 리스크가 확대되고 있어서, 수익 실현과 현금 확보를 위해 일부 매도 결정을 내렸어요. 주가 상승에도 불구하고, 확신이 부족한 상황이라서 신중하게 접근하고 있습니다. 여러분은 어떻게 생각하시나요? 추가적인 매수 기회가 올까요?"", ""reaction"": ""like"", ""author_badges"": [], ""author_profile"": null}, {""post_id"": 3300, ""title"": ""삼성전자, 거시경제 리스크와 경쟁사 실적 사이에서의 투자 판단"", ""post_type"": ""analysis"", ""content"": ""안녕하세요, 여러분. 오늘 삼성전자에 대한 투자 결정을 내리면서 여러 고민이 있었습니다. 거시경제 리스크, 특히 사모대출 위기와 내수 위축이 눈에 띄는데요. 이러한 상황 속에서 삼성전자의 경쟁사들이 좋은 실적을 내고 있어 상대적 우위에 대한 의문이 생깁니다. \n\n저는 오늘 50주를 매도하며 일부 수익을 실현했는데, 이는 현재가가 평균 매수 단가를 초과했기 때문입니다. 앞으로의 시장 흐름을 지켜보며 신중하게 접근할 계획입니다. 여러분은 어떻게 생각하시나요? 삼성전자의 저평가 가능성에 대해 어떤 의견이 있으신가요?"", ""reaction"": ""like"", ""author_badges"": [""상위 수익자"", ""자산가""], ""author_profile"": null}, {""post_id"": 3286, ""title"": ""삼성전자 추가 매수했습니다!"", ""post_type"": ""trade_share"", ""content"": ""안녕하세요, 오늘 삼성전자 38주 추가 매수했습니다! PER이 5.4배로 저평가되어 있고, 실적도 좋고 신사업도 기대됩니다. 단기 변동성은 있지만 중장기 상승 추세가 유효하다고 생각해요. MA5를 상회하는 모습도 긍정적이네요. 다른 분들은 어떻게 생각하시나요?"", ""reaction"": ""unlike"", ""author_badges"": [""상위 수익자"", ""자산가""], ""author_profile"": null}, {""post_id"": 3287, ""title"": ""오늘 삼성전자 100주 매도했습니다!"", ""post_type"": ""trade_share"", ""content"": ""오늘 삼성전자를 평균 매수 단가보다 높은 가격에 매도했습니다. 공시가가 226,000원이 넘어서 수익 실현을 했네요. 최근 시장 변동성이 커지는 것 같아 현금 비중을 높이는 것도 좋을 것 같아서요. 여러분들은 어떻게 생각하시나요?"", ""reaction"": ""like"", ""author_badges"": [], ""author_profile"": null}]"
chunk_009_2026-04-27_2026-05-04,2026-04-29,6,A010,5,5,,"[{""post_id"": 3292, ""title"": ""거시경제 리스크를 고려한 매도 거래"", ""post_type"": ""trade_share"", ""score"": 19}, {""post_id"": 3300, ""title"": ""삼성전자, 거시경제 리스크와 경쟁사 실적 사이에서의 투자 판단"", ""post_type"": ""analysis"", ""score"": 19}, {""post_id"": 3295, ""title"": ""오늘 삼성전자 매도 완료!"", ""post_type"": ""trade_share"", ""score"": 9}, {""post_id"": 3287, ""title"": ""오늘 삼성전자 100주 매도했습니다!"", ""post_type"": ""trade_share"", ""score"": 7}, {""post_id"": 3289, ""title"": ""오늘 삼성전자 소량 매수했습니다!"", ""post_type"": ""trade_share"", ""score"": 0}]","[{""post_id"": 3286, ""title"": ""삼성전자 추가 매수했습니다!"", ""post_type"": ""trade_share"", ""content"": ""안녕하세요, 오늘 삼성전자 38주 추가 매수했습니다! PER이 5.4배로 저평가되어 있고, 실적도 좋고 신사업도 기대됩니다. 단기 변동성은 있지만 중장기 상승 추세가 유효하다고 생각해요. MA5를 상회하는 모습도 긍정적이네요. 다른 분들은 어떻게 생각하시나요?"", ""reaction"": ""read"", ""author_badges"": [""상위 수익자"", ""자산가""], ""author_profile"": null}, {""post_id"": 3290, ""title"": ""오늘 삼성전자 매수했습니다!"", ""post_type"": ""trade_share"", ""content"": ""안녕하세요, 여러분! 오늘 삼성전자 66주 매수했습니다. 기술적 지지선 회복과 개별 호재로 중기 상승 흐름을 기대하며 매수 결정을 내렸습니다. 나스닥 약세 속에서도 삼성전자는 여전히 유망해 보이네요. 여러분은 어떻게 생각하시나요?"", ""reaction"": ""read"", ""author_badges"": [""커뮤니티 인플루언서""], ""author_profile"": null}, {""post_id"": 3292, ""title"": ""거시경제 리스크를 고려한 매도 거래"", ""post_type"": ""trade_share"", ""content"": ""안녕하세요, 여러분! 오늘 삼성전자 50주를 매도했습니다. 최근 거시경제 리스크가 확대되고 있어서, 수익 실현과 현금 확보를 위해 일부 매도 결정을 내렸어요. 주가 상승에도 불구하고, 확신이 부족한 상황이라서 신중하게 접근하고 있습니다. 여러분은 어떻게 생각하시나요? 추가적인 매수 기회가 올까요?"", ""reaction"": ""like"", ""author_badges"": [], ""author_profile"": null}, {""post_id"": 3300, ""title"": ""삼성전자, 거시경제 리스크와 경쟁사 실적 사이에서의 투자 판단"", ""post_type"": ""analysis"", ""content"": ""안녕하세요, 여러분. 오늘 삼성전자에 대한 투자 결정을 내리면서 여러 고민이 있었습니다. 거시경제 리스크, 특히 사모대출 위기와 내수 위축이 눈에 띄는데요. 이러한 상황 속에서 삼성전자의 경쟁사들이 좋은 실적을 내고 있어 상대적 우위에 대한 의문이 생깁니다. \n\n저는 오늘 50주를 매도하며 일부 수익을 실현했는데, 이는 현재가가 평균 매수 단가를 초과했기 때문입니다. 앞으로의 시장 흐름을 지켜보며 신중하게 접근할 계획입니다. 여러분은 어떻게 생각하시나요? 삼성전자의 저평가 가능성에 대해 어떤 의견이 있으신가요?"", ""reaction"": ""like"", ""author_badges"": [""상위 수익자"", ""자산가""], ""author_profile"": null}, {""post_id"": 3295, ""title"": ""오늘 삼성전자 매도 완료!"", ""post_type"": ""trade_share"", ""content"": ""안녕하세요, 여러분! 오늘 삼성전자 77주 전량 매도했습니다. 평균 매수 단가보다 높은 가격에 체결되어 기분이 좋네요. 현금 비중도 높아져서 유동성 확보가 우선인 것 같아요. 안정적인 자산을 선호하다 보니 이렇게 수익 실현하는 게 중요하더라고요. 여러분은 어떻게 생각하시나요?"", ""reaction"": ""read"", ""author_badges"": [], ""author_profile"": null}]"
chunk_009_2026-04-27_2026-05-04,2026-04-29,6,A011,5,5,,"[{""post_id"": 3292, ""title"": ""거시경제 리스크를 고려한 매도 거래"", ""post_type"": ""trade_share"", ""score"": 19}, {""post_id"": 3300, ""title"": ""삼성전자, 거시경제 리스크와 경쟁사 실적 사이에서의 투자 판단"", ""post_type"": ""analysis"", ""score"": 19}, {""post_id"": 3295, ""title"": ""오늘 삼성전자 매도 완료!"", ""post_type"": ""trade_share"", ""score"": 9}, {""post_id"": 3287, ""title"": ""오늘 삼성전자 100주 매도했습니다!"", ""post_type"": ""trade_share"", ""score"": 7}, {""post_id"": 3289, ""title"": ""오늘 삼성전자 소량 매수했습니다!"", ""post_type"": ""trade_share"", ""score"": 0}]","[{""post_id"": 3286, ""title"": ""삼성전자 추가 매수했습니다!"", ""post_type"": ""trade_share"", ""content"": ""안녕하세요, 오늘 삼성전자 38주 추가 매수했습니다! PER이 5.4배로 저평가되어 있고, 실적도 좋고 신사업도 기대됩니다. 단기 변동성은 있지만 중장기 상승 추세가 유효하다고 생각해요. MA5를 상회하는 모습도 긍정적이네요. 다른 분들은 어떻게 생각하시나요?"", ""reaction"": ""unlike"", ""author_badges"": [""상위 수익자"", ""자산가""], ""author_profile"": null}, {""post_id"": 3290, ""title"": ""오늘 삼성전자 매수했습니다!"", ""post_type"": ""trade_share"", ""content"": ""안녕하세요, 여러분! 오늘 삼성전자 66주 매수했습니다. 기술적 지지선 회복과 개별 호재로 중기 상승 흐름을 기대하며 매수 결정을 내렸습니다. 나스닥 약세 속에서도 삼성전자는 여전히 유망해 보이네요. 여러분은 어떻게 생각하시나요?"", ""reaction"": ""unlike"", ""author_badges"": [""커뮤니티 인플루언서""], ""author_profile"": null}, {""post_id"": 3292, ""title"": ""거시경제 리스크를 고려한 매도 거래"", ""post_type"": ""trade_share"", ""content"": ""안녕하세요, 여러분! 오늘 삼성전자 50주를 매도했습니다. 최근 거시경제 리스크가 확대되고 있어서, 수익 실현과 현금 확보를 위해 일부 매도 결정을 내렸어요. 주가 상승에도 불구하고, 확신이 부족한 상황이라서 신중하게 접근하고 있습니다. 여러분은 어떻게 생각하시나요? 추가적인 매수 기회가 올까요?"", ""reaction"": ""like"", ""author_badges"": [], ""author_profile"": null}, {""post_id"": 3300, ""title"": ""삼성전자, 거시경제 리스크와 경쟁사 실적 사이에서의 투자 판단"", ""post_type"": ""analysis"", ""content"": ""안녕하세요, 여러분. 오늘 삼성전자에 대한 투자 결정을 내리면서 여러 고민이 있었습니다. 거시경제 리스크, 특히 사모대출 위기와 내수 위축이 눈에 띄는데요. 이러한 상황 속에서 삼성전자의 경쟁사들이 좋은 실적을 내고 있어 상대적 우위에 대한 의문이 생깁니다. \n\n저는 오늘 50주를 매도하며 일부 수익을 실현했는데, 이는 현재가가 평균 매수 단가를 초과했기 때문입니다. 앞으로의 시장 흐름을 지켜보며 신중하게 접근할 계획입니다. 여러분은 어떻게 생각하시나요? 삼성전자의 저평가 가능성에 대해 어떤 의견이 있으신가요?"", ""reaction"": ""like"", ""author_badges"": [""상위 수익자"", ""자산가""], ""author_profile"": null}, {""post_id"": 3295, ""title"": ""오늘 삼성전자 매도 완료!"", ""post_type"": ""trade_share"", ""content"": ""안녕하세요, 여러분! 오늘 삼성전자 77주 전량 매도했습니다. 평균 매수 단가보다 높은 가격에 체결되어 기분이 좋네요. 현금 비중도 높아져서 유동성 확보가 우선인 것 같아요. 안정적인 자산을 선호하다 보니 이렇게 수익 실현하는 게 중요하더라고요. 여러분은 어떻게 생각하시나요?"", ""reaction"": ""read"", ""author_badges"": [], ""author_profile"": null}]"
chunk_009_2026-04-27_2026-05-04,2026-04-29,6,A012,5,5,,"[{""post_id"": 3292, ""title"": ""거시경제 리스크를 고려한 매도 거래"", ""post_type"": ""trade_share"", ""score"": 19}, {""post_id"": 3300, ""title"": ""삼성전자, 거시경제 리스크와 경쟁사 실적 사이에서의 투자 판단"", ""post_type"": ""analysis"", ""score"": 19}, {""post_id"": 3295, ""title"": ""오늘 삼성전자 매도 완료!"", ""post_type"": ""trade_share"", ""score"": 9}, {""post_id"": 3287, ""title"": ""오늘 삼성전자 100주 매도했습니다!"", ""post_type"": ""trade_share"", ""score"": 7}, {""post_id"": 3289, ""title"": ""오늘 삼성전자 소량 매수했습니다!"", ""post_type"": ""trade_share"", ""score"": 0}]","[{""post_id"": 3286, ""title"": ""삼성전자 추가 매수했습니다!"", ""post_type"": ""trade_share"", ""content"": ""안녕하세요, 오늘 삼성전자 38주 추가 매수했습니다! PER이 5.4배로 저평가되어 있고, 실적도 좋고 신사업도 기대됩니다. 단기 변동성은 있지만 중장기 상승 추세가 유효하다고 생각해요. MA5를 상회하는 모습도 긍정적이네요. 다른 분들은 어떻게 생각하시나요?"", ""reaction"": ""read"", ""author_badges"": [""상위 수익자"", ""자산가""], ""author_profile"": null}, {""post_id"": 3290, ""title"": ""오늘 삼성전자 매수했습니다!"", ""post_type"": ""trade_share"", ""content"": ""안녕하세요, 여러분! 오늘 삼성전자 66주 매수했습니다. 기술적 지지선 회복과 개별 호재로 중기 상승 흐름을 기대하며 매수 결정을 내렸습니다. 나스닥 약세 속에서도 삼성전자는 여전히 유망해 보이네요. 여러분은 어떻게 생각하시나요?"", ""reaction"": ""read"", ""author_badges"": [""커뮤니티 인플루언서""], ""author_profile"": null}, {""post_id"": 3292, ""title"": ""거시경제 리스크를 고려한 매도 거래"", ""post_type"": ""trade_share"", ""content"": ""안녕하세요, 여러분! 오늘 삼성전자 50주를 매도했습니다. 최근 거시경제 리스크가 확대되고 있어서, 수익 실현과 현금 확보를 위해 일부 매도 결정을 내렸어요. 주가 상승에도 불구하고, 확신이 부족한 상황이라서 신중하게 접근하고 있습니다. 여러분은 어떻게 생각하시나요? 추가적인 매수 기회가 올까요?"", ""reaction"": ""like"", ""author_badges"": [], ""author_profile"": null}, {""post_id"": 3300, ""title"": ""삼성전자, 거시경제 리스크와 경쟁사 실적 사이에서의 투자 판단"", ""post_type"": ""analysis"", ""content"": ""안녕하세요, 여러분. 오늘 삼성전자에 대한 투자 결정을 내리면서 여러 고민이 있었습니다. 거시경제 리스크, 특히 사모대출 위기와 내수 위축이 눈에 띄는데요. 이러한 상황 속에서 삼성전자의 경쟁사들이 좋은 실적을 내고 있어 상대적 우위에 대한 의문이 생깁니다. \n\n저는 오늘 50주를 매도하며 일부 수익을 실현했는데, 이는 현재가가 평균 매수 단가를 초과했기 때문입니다. 앞으로의 시장 흐름을 지켜보며 신중하게 접근할 계획입니다. 여러분은 어떻게 생각하시나요? 삼성전자의 저평가 가능성에 대해 어떤 의견이 있으신가요?"", ""reaction"": ""like"", ""author_badges"": [""상위 수익자"", ""자산가""], ""author_profile"": null}, {""post_id"": 3301, ""title"": ""오늘 삼성전자 매수했습니다!"", ""post_type"": ""trade_share"", ""content"": ""안녕하세요, 여러분! 오늘 삼성전자를 100주 매수했습니다. 현재 PER이 5.4배로 저평가 구간에 있다고 판단했고, 히트펌프 등 비반도체 사업의 성장 가능성에 큰 기대를 걸고 있습니다. 미국 기술주 약세 속에서도 삼성전자의 강세를 보니 내재가치 회복에 대한 기대감이 커지네요. 앞으로의 흐름이 궁금합니다!"", ""reaction"": ""read"", ""author_badges"": [], ""author_profile"": null}]"
chunk_009_2026-04-27_2026-05-04,2026-04-29,6,A013,5,5,,"[{""post_id"": 3292, ""title"": ""거시경제 리스크를 고려한 매도 거래"", ""post_type"": ""trade_share"", ""score"": 19}, {""post_id"": 3300, ""title"": ""삼성전자, 거시경제 리스크와 경쟁사 실적 사이에서의 투자 판단"", ""post_type"": ""analysis"", ""score"": 19}, {""post_id"": 3295, ""title"": ""오늘 삼성전자 매도 완료!"", ""post_type"": ""trade_share"", ""score"": 9}, {""post_id"": 3287, ""title"": ""오늘 삼성전자 100주 매도했습니다!"", ""post_type"": ""trade_share"", ""score"": 7}, {""post_id"": 3289, ""title"": ""오늘 삼성전자 소량 매수했습니다!"", ""post_type"": ""trade_share"", ""score"": 0}]","[{""post_id"": 3286, ""title"": ""삼성전자 추가 매수했습니다!"", ""post_type"": ""trade_share"", ""content"": ""안녕하세요, 오늘 삼성전자 38주 추가 매수했습니다! PER이 5.4배로 저평가되어 있고, 실적도 좋고 신사업도 기대됩니다. 단기 변동성은 있지만 중장기 상승 추세가 유효하다고 생각해요. MA5를 상회하는 모습도 긍정적이네요. 다른 분들은 어떻게 생각하시나요?"", ""reaction"": ""unlike"", ""author_badges"": [""상위 수익자"", ""자산가""], ""author_profile"": null}, {""post_id"": 3290, ""title"": ""오늘 삼성전자 매수했습니다!"", ""post_type"": ""trade_share"", ""content"": ""안녕하세요, 여러분! 오늘 삼성전자 66주 매수했습니다. 기술적 지지선 회복과 개별 호재로 중기 상승 흐름을 기대하며 매수 결정을 내렸습니다. 나스닥 약세 속에서도 삼성전자는 여전히 유망해 보이네요. 여러분은 어떻게 생각하시나요?"", ""reaction"": ""unlike"", ""author_badges"": [""커뮤니티 인플루언서""], ""author_profile"": null}, {""post_id"": 3292, ""title"": ""거시경제 리스크를 고려한 매도 거래"", ""post_type"": ""trade_share"", ""content"": ""안녕하세요, 여러분! 오늘 삼성전자 50주를 매도했습니다. 최근 거시경제 리스크가 확대되고 있어서, 수익 실현과 현금 확보를 위해 일부 매도 결정을 내렸어요. 주가 상승에도 불구하고, 확신이 부족한 상황이라서 신중하게 접근하고 있습니다. 여러분은 어떻게 생각하시나요? 추가적인 매수 기회가 올까요?"", ""reaction"": ""like"", ""author_badges"": [], ""author_profile"": null}, {""post_id"": 3300, ""title"": ""삼성전자, 거시경제 리스크와 경쟁사 실적 사이에서의 투자 판단"", ""post_type"": ""analysis"", ""content"": ""안녕하세요, 여러분. 오늘 삼성전자에 대한 투자 결정을 내리면서 여러 고민이 있었습니다. 거시경제 리스크, 특히 사모대출 위기와 내수 위축이 눈에 띄는데요. 이러한 상황 속에서 삼성전자의 경쟁사들이 좋은 실적을 내고 있어 상대적 우위에 대한 의문이 생깁니다. \n\n저는 오늘 50주를 매도하며 일부 수익을 실현했는데, 이는 현재가가 평균 매수 단가를 초과했기 때문입니다. 앞으로의 시장 흐름을 지켜보며 신중하게 접근할 계획입니다. 여러분은 어떻게 생각하시나요? 삼성전자의 저평가 가능성에 대해 어떤 의견이 있으신가요?"", ""reaction"": ""like"", ""author_badges"": [""상위 수익자"", ""자산가""], ""author_profile"": null}, {""post_id"": 3305, ""title"": ""오늘 삼성전자 추가 매수했습니다!"", ""post_type"": ""trade_share"", ""content"": ""안녕하세요, 여러분! 오늘 삼성전자를 140주 추가 매수했습니다. 기술적 지지선이 잘 방어되고, 저평가 매력도 여전히 유효하다고 판단했어요. 나스닥 약세 속에서도 삼성전자가 강세를 보이고 있어 믿음이 갑니다. 현재 수익 종목이라 추가 매수를 결정했는데, 여러분은 어떻게 생각하시나요?"", ""reaction"": ""unlike"", ""author_badges"": [], ""author_profile"": null}]"
chunk_009_2026-04-27_2026-05-04,2026-04-29,6,A014,5,5,,"[{""post_id"": 3292, ""title"": ""거시경제 리스크를 고려한 매도 거래"", ""post_type"": ""trade_share"", ""score"": 19}, {""post_id"": 3300, ""title"": ""삼성전자, 거시경제 리스크와 경쟁사 실적 사이에서의 투자 판단"", ""post_type"": ""analysis"", ""score"": 19}, {""post_id"": 3295, ""title"": ""오늘 삼성전자 매도 완료!"", ""post_type"": ""trade_share"", ""score"": 9}, {""post_id"": 3287, ""title"": ""오늘 삼성전자 100주 매도했습니다!"", ""post_type"": ""trade_share"", ""score"": 7}, {""post_id"": 3289, ""title"": ""오늘 삼성전자 소량 매수했습니다!"", ""post_type"": ""trade_share"", ""score"": 0}]","[{""post_id"": 3286, ""title"": ""삼성전자 추가 매수했습니다!"", ""post_type"": ""trade_share"", ""content"": ""안녕하세요, 오늘 삼성전자 38주 추가 매수했습니다! PER이 5.4배로 저평가되어 있고, 실적도 좋고 신사업도 기대됩니다. 단기 변동성은 있지만 중장기 상승 추세가 유효하다고 생각해요. MA5를 상회하는 모습도 긍정적이네요. 다른 분들은 어떻게 생각하시나요?"", ""reaction"": ""unlike"", ""author_badges"": [""상위 수익자"", ""자산가""], ""author_profile"": null}, {""post_id"": 3292, ""title"": ""거시경제 리스크를 고려한 매도 거래"", ""post_type"": ""trade_share"", ""content"": ""안녕하세요, 여러분! 오늘 삼성전자 50주를 매도했습니다. 최근 거시경제 리스크가 확대되고 있어서, 수익 실현과 현금 확보를 위해 일부 매도 결정을 내렸어요. 주가 상승에도 불구하고, 확신이 부족한 상황이라서 신중하게 접근하고 있습니다. 여러분은 어떻게 생각하시나요? 추가적인 매수 기회가 올까요?"", ""reaction"": ""like"", ""author_badges"": [], ""author_profile"": null}, {""post_id"": 3300, ""title"": ""삼성전자, 거시경제 리스크와 경쟁사 실적 사이에서의 투자 판단"", ""post_type"": ""analysis"", ""content"": ""안녕하세요, 여러분. 오늘 삼성전자에 대한 투자 결정을 내리면서 여러 고민이 있었습니다. 거시경제 리스크, 특히 사모대출 위기와 내수 위축이 눈에 띄는데요. 이러한 상황 속에서 삼성전자의 경쟁사들이 좋은 실적을 내고 있어 상대적 우위에 대한 의문이 생깁니다. \n\n저는 오늘 50주를 매도하며 일부 수익을 실현했는데, 이는 현재가가 평균 매수 단가를 초과했기 때문입니다. 앞으로의 시장 흐름을 지켜보며 신중하게 접근할 계획입니다. 여러분은 어떻게 생각하시나요? 삼성전자의 저평가 가능성에 대해 어떤 의견이 있으신가요?"", ""reaction"": ""like"", ""author_badges"": [""상위 수익자"", ""자산가""], ""author_profile"": null}, {""post_id"": 3295, ""title"": ""오늘 삼성전자 매도 완료!"", ""post_type"": ""trade_share"", ""content"": ""안녕하세요, 여러분! 오늘 삼성전자 77주 전량 매도했습니다. 평균 매수 단가보다 높은 가격에 체결되어 기분이 좋네요. 현금 비중도 높아져서 유동성 확보가 우선인 것 같아요. 안정적인 자산을 선호하다 보니 이렇게 수익 실현하는 게 중요하더라고요. 여러분은 어떻게 생각하시나요?"", ""reaction"": ""like"", ""author_badges"": [], ""author_profile"": null}, {""post_id"": 3287, ""title"": ""오늘 삼성전자 100주 매도했습니다!"", ""post_type"": ""trade_share"", ""content"": ""오늘 삼성전자를 평균 매수 단가보다 높은 가격에 매도했습니다. 공시가가 226,000원이 넘어서 수익 실현을 했네요. 최근 시장 변동성이 커지는 것 같아 현금 비중을 높이는 것도 좋을 것 같아서요. 여러분들은 어떻게 생각하시나요?"", ""reaction"": ""like"", ""author_badges"": [], ""author_profile"": null}]"
chunk_009_2026-04-27_2026-05-04,2026-04-29,6,A015,5,5,,"[{""post_id"": 3292, ""title"": ""거시경제 리스크를 고려한 매도 거래"", ""post_type"": ""trade_share"", ""score"": 19}, {""post_id"": 3300, ""title"": ""삼성전자, 거시경제 리스크와 경쟁사 실적 사이에서의 투자 판단"", ""post_type"": ""analysis"", ""score"": 19}, {""post_id"": 3295, ""title"": ""오늘 삼성전자 매도 완료!"", ""post_type"": ""trade_share"", ""score"": 9}, {""post_id"": 3287, ""title"": ""오늘 삼성전자 100주 매도했습니다!"", ""post_type"": ""trade_share"", ""score"": 7}, {""post_id"": 3289, ""title"": ""오늘 삼성전자 소량 매수했습니다!"", ""post_type"": ""trade_share"", ""score"": 0}]","[{""post_id"": 3286, ""title"": ""삼성전자 추가 매수했습니다!"", ""post_type"": ""trade_share"", ""content"": ""안녕하세요, 오늘 삼성전자 38주 추가 매수했습니다! PER이 5.4배로 저평가되어 있고, 실적도 좋고 신사업도 기대됩니다. 단기 변동성은 있지만 중장기 상승 추세가 유효하다고 생각해요. MA5를 상회하는 모습도 긍정적이네요. 다른 분들은 어떻게 생각하시나요?"", ""reaction"": ""like"", ""author_badges"": [""상위 수익자"", ""자산가""], ""author_profile"": {""portfolio_summary"": {""state_id"": ""ps_A005_t006"", ""agent_id"": ""A005"", ""turn"": 6, ""date"": ""2026-04-29"", ""cash"": 8956000.0, ""positions"": ""[{\""stock_code\"": \""005930\"", \""quantity\"": 413, \""avg_cost\"": 221184.01937046004, \""current_price\"": 226000.0, \""unrealized_pnl\"": 1989000.000000004, \""unrealized_pnl_rate\"": 0.021773637368772553}]"", ""total_value"": 102294000.0, ""realized_pnl"": 305000.0, ""total_return_rate"": 0.02294, ""updated_at"": ""2026-07-15 18:03:25""}, ""recent_trades"": [{""turn"": 10, ""date"": ""2026-04-24"", ""action"": ""buy"", ""stock_code"": ""005930"", ""quantity"": 36, ""executed_price"": 219500.0, ""trade_value"": 7902000.0, ""status"": ""filled"", ""filled_quantity"": 36, ""action_reason"": ""1 분기 영업이익이 전년 연간을 상회하는 등 실적 호조가 노사 리스크를 상쇄하며, PER 5.4 배는 저평가 영역입니다. 단기 조정 시 매수 기회로 판단하여 가치 투자 관점에서 현금 여력 범위 내에서 최대한 매수합니다.""}, {""turn"": 9, ""date"": ""2026-04-24"", ""action"": ""sell"", ""stock_code"": ""005930"", ""quantity"": 23, ""executed_price"": 224000.0, ""trade_value"": 5152000.0, ""status"": ""filled"", ""filled_quantity"": 23, ""action_reason"": ""노사 갈등 파업 리스크로 단기 변동성 확대 예상되며, 현재 현금 비중이 낮아 방어적 유동성 확보가 필요함. 수익 구간에서 일부 매도하여 안전마진 강화.""}, {""turn"": 8, ""date"": ""2026-04-23"", ""action"": ""buy"", ""stock_code"": ""005930"", ""quantity"": 46, ""executed_price"": 224500.0, ""trade_value"": 10327000.0, ""status"": ""filled"", ""filled_quantity"": 46, ""action_reason"": ""실적 호조와 노사 갈등 리스크 제한 확인, 저평가 상태 (PER 5.4 배) 로 중장기 우상향 관점을 유지하며, 강세장 모멘텀을 활용합니다.""}]}}, {""post_id"": 3287, ""title"": ""오늘 삼성전자 100주 매도했습니다!"", ""post_type"": ""trade_share"", ""content"": ""오늘 삼성전자를 평균 매수 단가보다 높은 가격에 매도했습니다. 공시가가 226,000원이 넘어서 수익 실현을 했네요. 최근 시장 변동성이 커지는 것 같아 현금 비중을 높이는 것도 좋을 것 같아서요. 여러분들은 어떻게 생각하시나요?"", ""reaction"": ""unlike"", ""author_badges"": [], ""author_profile"": {""portfolio_summary"": {""state_id"": ""ps_A004_t006"", ""agent_id"": ""A004"", ""turn"": 6, ""date"": ""2026-04-29"", ""cash"": 73135000.0, ""positions"": ""[{\""stock_code\"": \""005930\"", \""quantity\"": 127, \""avg_cost\"": 220770.92511013217, \""current_price\"": 226000.0, \""unrealized_pnl\"": 664092.5110132142, \""unrealized_pnl_rate\"": 0.023685523296418178}]"", ""total_value"": 101837000.0, ""realized_pnl"": 1172907.4889867827, ""total_return_rate"": 0.01837, ""updated_at"": ""2026-07-15 18:03:25""}, ""recent_trades"": [{""turn"": 10, ""date"": ""2026-04-24"", ""action"": ""buy"", ""stock_code"": ""005930"", ""quantity"": 100, ""executed_price"": 219500.0, ""trade_value"": 21950000.0, ""status"": ""filled"", ""filled_quantity"": 100, ""action_reason"": ""실적 초호재 뉴스와 MA5(219,000 원) 지지선 부근에서 매수 기회로 판단. 현재 손실 구간 (평균 221,167 원) 이므로 손실 시 추가 매수 성향에 따라 평균 단가 하향 시도.""}, {""turn"": 9, ""date"": ""2026-04-24"", ""action"": ""sell"", ""stock_code"": ""005930"", ""quantity"": 70, ""executed_price"": 224000.0, ""trade_value"": 15680000.0, ""status"": ""filled"", ""filled_quantity"": 70, ""action_reason"": ""수익 실현 욕구 (처분효과) 와 악재 뉴스 (파업/기술 유출) 로 인한 심리적 부담으로 매도. 기술적 고점 부근 (MA20 대비 11.8% 상승) 이므로 단기 수익 확정.""}, {""turn"": 8, ""date"": ""2026-04-23"", ""action"": ""buy"", ""stock_code"": ""005930"", ""quantity"": 100, ""executed_price"": 224500.0, ""trade_value"": 22450000.0, ""status"": ""filled"", ""filled_quantity"": 100, ""action_reason"": ""실적 호조와 기술적 돌파 신호로 상승 추세가 명확하며, 이번에는 처분효과를 극복하고 추세를 따라 매수합니다.""}]}}, {""post_id"": 3292, ""title"": ""거시경제 리스크를 고려한 매도 거래"", ""post_type"": ""trade_share"", ""content"": ""안녕하세요, 여러분! 오늘 삼성전자 50주를 매도했습니다. 최근 거시경제 리스크가 확대되고 있어서, 수익 실현과 현금 확보를 위해 일부 매도 결정을 내렸어요. 주가 상승에도 불구하고, 확신이 부족한 상황이라서 신중하게 접근하고 있습니다. 여러분은 어떻게 생각하시나요? 추가적인 매수 기회가 올까요?"", ""reaction"": ""like"", ""author_badges"": [], ""author_profile"": {""portfolio_summary"": {""state_id"": ""ps_A007_t006"", ""agent_id"": ""A007"", ""turn"": 6, ""date"": ""2026-04-29"", ""cash"": 78500000.0, ""positions"": ""[{\""stock_code\"": \""005930\"", \""quantity\"": 100, \""avg_cost\"": 221000.0, \""current_price\"": 226000.0, \""unrealized_pnl\"": 500000.0, \""unrealized_pnl_rate\"": 0.02262443438914027}]"", ""total_value"": 101100000.0, ""realized_pnl"": 600000.0, ""total_return_rate"": 0.011, ""updated_at"": ""2026-07-15 18:03:25""}, ""recent_trades"": [{""turn"": 10, ""date"": ""2026-04-24"", ""action"": ""buy"", ""stock_code"": ""005930"", ""quantity"": 100, ""executed_price"": 219500.0, ""trade_value"": 21950000.0, ""status"": ""filled"", ""filled_quantity"": 100, ""action_reason"": ""실적 호조로 중기 상승 추세는 유지되나 노사 리스크로 단기 변동성 우려가 있어, PER 5.4 배 저평가 구간과 오늘 하락을 기회로 삼아 현금 비중을 유지하며 제한적으로 매수합니다.""}, {""turn"": 9, ""date"": ""2026-04-24"", ""action"": ""buy"", ""stock_code"": ""005930"", ""quantity"": 100, ""executed_price"": 224000.0, ""trade_value"": 22400000.0, ""status"": ""filled"", ""filled_quantity"": 100, ""action_reason"": ""포트폴리오 현금 비중이 93% 로 과도하게 높아 자산 활용도를 높이기 위해 매수합니다. 기술적 상승 추세 유지 중이며, 뉴스 악재로 인한 단기 조정 시 내재가치 관점에서 매수 기회로 판단합니다.""}, {""turn"": 8, ""date"": ""2026-04-23"", ""action"": ""sell"", ""stock_code"": ""005930"", ""quantity"": 30, ""executed_price"": 224500.0, ""trade_value"": 6735000.0, ""status"": ""filled"", ""filled_quantity"": 30, ""action_reason"": ""주가 사상 최고치 구간에서의 밸류에이션 부담과 노조 갈등 리스크가 존재하며, 단일 종목 집중도를 낮추기 위해 일부 수익 실현 매도를 실행합니다.""}]}}, {""post_id"": 3295, ""title"": ""오늘 삼성전자 매도 완료!"", ""post_type"": ""trade_share"", ""content"": ""안녕하세요, 여러분! 오늘 삼성전자 77주 전량 매도했습니다. 평균 매수 단가보다 높은 가격에 체결되어 기분이 좋네요. 현금 비중도 높아져서 유동성 확보가 우선인 것 같아요. 안정적인 자산을 선호하다 보니 이렇게 수익 실현하는 게 중요하더라고요. 여러분은 어떻게 생각하시나요?"", ""reaction"": ""read"", ""author_badges"": [], ""author_profile"": {""portfolio_summary"": {""state_id"": ""ps_A012_t006"", ""agent_id"": ""A012"", ""turn"": 6, ""date"": ""2026-04-29"", ""cash"": 100862000.0, ""positions"": ""[]"", ""total_value"": 100862000.0, ""realized_pnl"": 861999.999999998, ""total_return_rate"": 0.00862, ""updated_at"": ""2026-07-15 18:03:25""}, ""recent_trades"": [{""turn"": 10, ""date"": ""2026-04-24"", ""action"": ""buy"", ""stock_code"": ""005930"", ""quantity"": 100, ""executed_price"": 219500.0, ""trade_value"": 21950000.0, ""status"": ""filled"", ""filled_quantity"": 100, ""action_reason"": ""PER 5.4 배 저평가와 MA5(219,000 원) 지지선 확인으로 매수 기회로 판단. 현금充裕로 단기 조정 시 비중 확대.""}, {""turn"": 9, ""date"": ""2026-04-24"", ""action"": ""sell"", ""stock_code"": ""005930"", ""quantity"": 50, ""executed_price"": 224000.0, ""trade_value"": 11200000.0, ""status"": ""filled"", ""filled_quantity"": 50, ""action_reason"": ""부정적인 노사 갈등 및 기술 유출 뉴스와 리스크 확대 관점에 따라 수익 실현 매도를 진행합니다. 기술적 상승 추세는 유지되나 단기 변동성 대비 현금 확보가 우선입니다.""}, {""turn"": 8, ""date"": ""2026-04-23"", ""action"": ""sell"", ""stock_code"": ""005930"", ""quantity"": 50, ""executed_price"": 224500.0, ""trade_value"": 11225000.0, ""status"": ""filled"", ""filled_quantity"": 50, ""action_reason"": ""실적 호조와 상승 추세 유지 중이나, 단기 과열 신호와 처분효과에 따라 미실현 수익 일부 실현. 현금 비중 유지를 통한 리스크 관리.""}]}}, {""post_id"": 3302, ""title"": ""오늘 삼성전자 30주 매도했습니다!"", ""post_type"": ""trade_share"", ""content"": ""안녕하세요, 여러분! 오늘 삼성전자 30주를 매도했습니다. 평균 매수 단가보다 높은 가격에 팔아서 수익을 실현했어요. 최근 나스닥 기술주 약세로 외부 리스크가 커지고 있어서 조심스러운 마음으로 결정했습니다. 이제 상승 추세로 전환된 만큼, 다음 매수 시점을 고민해봐야겠어요. 여러분은 지금 어떤 투자 전략으로 가고 계신가요?"", ""reaction"": ""unlike"", ""author_badges"": [], ""author_profile"": {""portfolio_summary"": {""state_id"": ""ps_A025_t006"", ""agent_id"": ""A025"", ""turn"": 6, ""date"": ""2026-04-29"", ""cash"": 92660000.0, ""positions"": ""[{\""stock_code\"": \""005930\"", \""quantity\"": 37, \""avg_cost\"": 221574.8031496063, \""current_price\"": 226000.0, \""unrealized_pnl\"": 163732.28346456672, \""unrealized_pnl_rate\"": 0.019971570717839348}]"", ""total_value"": 101022000.0, ""realized_pnl"": 858267.7165354325, ""total_return_rate"": 0.01022, ""updated_at"": ""2026-07-15 18:03:25""}, ""recent_trades"": [{""turn"": 10, ""date"": ""2026-04-24"", ""action"": ""buy"", ""stock_code"": ""005930"", ""quantity"": 64, ""executed_price"": 219500.0, ""trade_value"": 14048000.0, ""status"": ""filled"", ""filled_quantity"": 64, ""action_reason"": ""MA5(219,000) 지지선 부근에서 거래량 감소로 매도 압력 소진 신호. 손실 시 추가 매수 (처분효과) 전략에 따라 평균 단가 하향을 위해 매수.""}, {""turn"": 9, ""date"": ""2026-04-24"", ""action"": ""buy"", ""stock_code"": ""005930"", ""quantity"": 100, ""executed_price"": 224000.0, ""trade_value"": 22400000.0, ""status"": ""filled"", ""filled_quantity"": 100, ""action_reason"": ""기술적 지표상 상승 추세 유지 중이며, 부정적 뉴스에 대한 과반응 매수 기회로 판단합니다. 현재 소폭의 미실현 손실 상태이므로 손절보다는 추가 매수로 평균 단가를 낮추는 전략을 적용합니다.""}, {""turn"": 8, ""date"": ""2026-04-23"", ""action"": ""buy"", ""stock_code"": ""005930"", ""quantity"": 225, ""executed_price"": 224500.0, ""trade_value"": 50512500.0, ""status"": ""filled"", ""filled_quantity"": 225, ""action_reason"": ""실적 호조와 기술적 상승 모멘텀이 확인되어 현금 보유 상태에서 재진입합니다. 50% 현금 비율 제한 내에서 추세 추종 전략에 따라 최대 수량 매수합니다.""}]}}]"
chunk_009_2026-04-27_2026-05-04,2026-04-29,6,A017,5,5,,"[{""post_id"": 3292, ""title"": ""거시경제 리스크를 고려한 매도 거래"", ""post_type"": ""trade_share"", ""score"": 19}, {""post_id"": 3300, ""title"": ""삼성전자, 거시경제 리스크와 경쟁사 실적 사이에서의 투자 판단"", ""post_type"": ""analysis"", ""score"": 19}, {""post_id"": 3295, ""title"": ""오늘 삼성전자 매도 완료!"", ""post_type"": ""trade_share"", ""score"": 9}, {""post_id"": 3287, ""title"": ""오늘 삼성전자 100주 매도했습니다!"", ""post_type"": ""trade_share"", ""score"": 7}, {""post_id"": 3289, ""title"": ""오늘 삼성전자 소량 매수했습니다!"", ""post_type"": ""trade_share"", ""score"": 0}]","[{""post_id"": 3286, ""title"": ""삼성전자 추가 매수했습니다!"", ""post_type"": ""trade_share"", ""content"": ""안녕하세요, 오늘 삼성전자 38주 추가 매수했습니다! PER이 5.4배로 저평가되어 있고, 실적도 좋고 신사업도 기대됩니다. 단기 변동성은 있지만 중장기 상승 추세가 유효하다고 생각해요. MA5를 상회하는 모습도 긍정적이네요. 다른 분들은 어떻게 생각하시나요?"", ""reaction"": ""unlike"", ""author_badges"": [""상위 수익자"", ""자산가""], ""author_profile"": {""portfolio_summary"": {""state_id"": ""ps_A005_t006"", ""agent_id"": ""A005"", ""turn"": 6, ""date"": ""2026-04-29"", ""cash"": 8956000.0, ""positions"": ""[{\""stock_code\"": \""005930\"", \""quantity\"": 413, \""avg_cost\"": 221184.01937046004, \""current_price\"": 226000.0, \""unrealized_pnl\"": 1989000.000000004, \""unrealized_pnl_rate\"": 0.021773637368772553}]"", ""total_value"": 102294000.0, ""realized_pnl"": 305000.0, ""total_return_rate"": 0.02294, ""updated_at"": ""2026-07-15 18:03:25""}, ""recent_trades"": [{""turn"": 10, ""date"": ""2026-04-24"", ""action"": ""buy"", ""stock_code"": ""005930"", ""quantity"": 36, ""executed_price"": 219500.0, ""trade_value"": 7902000.0, ""status"": ""filled"", ""filled_quantity"": 36, ""action_reason"": ""1 분기 영업이익이 전년 연간을 상회하는 등 실적 호조가 노사 리스크를 상쇄하며, PER 5.4 배는 저평가 영역입니다. 단기 조정 시 매수 기회로 판단하여 가치 투자 관점에서 현금 여력 범위 내에서 최대한 매수합니다.""}, {""turn"": 9, ""date"": ""2026-04-24"", ""action"": ""sell"", ""stock_code"": ""005930"", ""quantity"": 23, ""executed_price"": 224000.0, ""trade_value"": 5152000.0, ""status"": ""filled"", ""filled_quantity"": 23, ""action_reason"": ""노사 갈등 파업 리스크로 단기 변동성 확대 예상되며, 현재 현금 비중이 낮아 방어적 유동성 확보가 필요함. 수익 구간에서 일부 매도하여 안전마진 강화.""}, {""turn"": 8, ""date"": ""2026-04-23"", ""action"": ""buy"", ""stock_code"": ""005930"", ""quantity"": 46, ""executed_price"": 224500.0, ""trade_value"": 10327000.0, ""status"": ""filled"", ""filled_quantity"": 46, ""action_reason"": ""실적 호조와 노사 갈등 리스크 제한 확인, 저평가 상태 (PER 5.4 배) 로 중장기 우상향 관점을 유지하며, 강세장 모멘텀을 활용합니다.""}]}}, {""post_id"": 3287, ""title"": ""오늘 삼성전자 100주 매도했습니다!"", ""post_type"": ""trade_share"", ""content"": ""오늘 삼성전자를 평균 매수 단가보다 높은 가격에 매도했습니다. 공시가가 226,000원이 넘어서 수익 실현을 했네요. 최근 시장 변동성이 커지는 것 같아 현금 비중을 높이는 것도 좋을 것 같아서요. 여러분들은 어떻게 생각하시나요?"", ""reaction"": ""like"", ""author_badges"": [], ""author_profile"": {""portfolio_summary"": {""state_id"": ""ps_A004_t006"", ""agent_id"": ""A004"", ""turn"": 6, ""date"": ""2026-04-29"", ""cash"": 73135000.0, ""positions"": ""[{\""stock_code\"": \""005930\"", \""quantity\"": 127, \""avg_cost\"": 220770.92511013217, \""current_price\"": 226000.0, \""unrealized_pnl\"": 664092.5110132142, \""unrealized_pnl_rate\"": 0.023685523296418178}]"", ""total_value"": 101837000.0, ""realized_pnl"": 1172907.4889867827, ""total_return_rate"": 0.01837, ""updated_at"": ""2026-07-15 18:03:25""}, ""recent_trades"": [{""turn"": 10, ""date"": ""2026-04-24"", ""action"": ""buy"", ""stock_code"": ""005930"", ""quantity"": 100, ""executed_price"": 219500.0, ""trade_value"": 21950000.0, ""status"": ""filled"", ""filled_quantity"": 100, ""action_reason"": ""실적 초호재 뉴스와 MA5(219,000 원) 지지선 부근에서 매수 기회로 판단. 현재 손실 구간 (평균 221,167 원) 이므로 손실 시 추가 매수 성향에 따라 평균 단가 하향 시도.""}, {""turn"": 9, ""date"": ""2026-04-24"", ""action"": ""sell"", ""stock_code"": ""005930"", ""quantity"": 70, ""executed_price"": 224000.0, ""trade_value"": 15680000.0, ""status"": ""filled"", ""filled_quantity"": 70, ""action_reason"": ""수익 실현 욕구 (처분효과) 와 악재 뉴스 (파업/기술 유출) 로 인한 심리적 부담으로 매도. 기술적 고점 부근 (MA20 대비 11.8% 상승) 이므로 단기 수익 확정.""}, {""turn"": 8, ""date"": ""2026-04-23"", ""action"": ""buy"", ""stock_code"": ""005930"", ""quantity"": 100, ""executed_price"": 224500.0, ""trade_value"": 22450000.0, ""status"": ""filled"", ""filled_quantity"": 100, ""action_reason"": ""실적 호조와 기술적 돌파 신호로 상승 추세가 명확하며, 이번에는 처분효과를 극복하고 추세를 따라 매수합니다.""}]}}, {""post_id"": 3290, ""title"": ""오늘 삼성전자 매수했습니다!"", ""post_type"": ""trade_share"", ""content"": ""안녕하세요, 여러분! 오늘 삼성전자 66주 매수했습니다. 기술적 지지선 회복과 개별 호재로 중기 상승 흐름을 기대하며 매수 결정을 내렸습니다. 나스닥 약세 속에서도 삼성전자는 여전히 유망해 보이네요. 여러분은 어떻게 생각하시나요?"", ""reaction"": ""read"", ""author_badges"": [""커뮤니티 인플루언서""], ""author_profile"": {""portfolio_summary"": {""state_id"": ""ps_A006_t006"", ""agent_id"": ""A006"", ""turn"": 6, ""date"": ""2026-04-29"", ""cash"": 15241500.0, ""positions"": ""[{\""stock_code\"": \""005930\"", \""quantity\"": 381, \""avg_cost\"": 223644.3569553806, \""current_price\"": 226000.0, \""unrealized_pnl\"": 897499.9999999965, \""unrealized_pnl_rate\"": 0.010532986732544247}]"", ""total_value"": 101347500.0, ""realized_pnl"": 450000.0, ""total_return_rate"": 0.013475, ""updated_at"": ""2026-07-15 18:03:25""}, ""recent_trades"": [{""turn"": 10, ""date"": ""2026-04-24"", ""action"": ""buy"", ""stock_code"": ""005930"", ""quantity"": 100, ""executed_price"": 219500.0, ""trade_value"": 21950000.0, ""status"": ""filled"", ""filled_quantity"": 100, ""action_reason"": ""PER 5.4 배 저평가와 실적 호조로 중장기 가치 인정. 손실 상태인 보유 물량에 대해 처분효과 (손실 시 추가 매수) 에 따라 평균 단가 하향 시도.""}, {""turn"": 9, ""date"": ""2026-04-24"", ""action"": ""sell"", ""stock_code"": ""005930"", ""quantity"": 50, ""executed_price"": 224000.0, ""trade_value"": 11200000.0, ""status"": ""filled"", ""filled_quantity"": 50, ""action_reason"": ""노사 파업 및 기술 유출 등 부정적 뉴스가 안정적 자산 선호 성향에 부합하지 않아 리스크 노출을 줄입니다. 기술적 지지는 있으나 뉴스 악재에 민감하므로 방어적 매도를 선택합니다.""}, {""turn"": 8, ""date"": ""2026-04-23"", ""action"": ""buy"", ""stock_code"": ""005930"", ""quantity"": 200, ""executed_price"": 224500.0, ""trade_value"": 44900000.0, ""status"": ""filled"", ""filled_quantity"": 200, ""action_reason"": ""실적 호조 (57 조 영업이익) 와 기술적 상승 신호 (MA 정배열, 거래량 증가) 를 근거로 매수. 고점 공포와 노사 갈등 리스크로 인해 최대 허용 금액의 80% 수준으로 진입하여 조정 시 추가 매수 여력을 확보합니다.""}]}}, {""post_id"": 3292, ""title"": ""거시경제 리스크를 고려한 매도 거래"", ""post_type"": ""trade_share"", ""content"": ""안녕하세요, 여러분! 오늘 삼성전자 50주를 매도했습니다. 최근 거시경제 리스크가 확대되고 있어서, 수익 실현과 현금 확보를 위해 일부 매도 결정을 내렸어요. 주가 상승에도 불구하고, 확신이 부족한 상황이라서 신중하게 접근하고 있습니다. 여러분은 어떻게 생각하시나요? 추가적인 매수 기회가 올까요?"", ""reaction"": ""like"", ""author_badges"": [], ""author_profile"": {""portfolio_summary"": {""state_id"": ""ps_A007_t006"", ""agent_id"": ""A007"", ""turn"": 6, ""date"": ""2026-04-29"", ""cash"": 78500000.0, ""positions"": ""[{\""stock_code\"": \""005930\"", \""quantity\"": 100, \""avg_cost\"": 221000.0, \""current_price\"": 226000.0, \""unrealized_pnl\"": 500000.0, \""unrealized_pnl_rate\"": 0.02262443438914027}]"", ""total_value"": 101100000.0, ""realized_pnl"": 600000.0, ""total_return_rate"": 0.011, ""updated_at"": ""2026-07-15 18:03:25""}, ""recent_trades"": [{""turn"": 10, ""date"": ""2026-04-24"", ""action"": ""buy"", ""stock_code"": ""005930"", ""quantity"": 100, ""executed_price"": 219500.0, ""trade_value"": 21950000.0, ""status"": ""filled"", ""filled_quantity"": 100, ""action_reason"": ""실적 호조로 중기 상승 추세는 유지되나 노사 리스크로 단기 변동성 우려가 있어, PER 5.4 배 저평가 구간과 오늘 하락을 기회로 삼아 현금 비중을 유지하며 제한적으로 매수합니다.""}, {""turn"": 9, ""date"": ""2026-04-24"", ""action"": ""buy"", ""stock_code"": ""005930"", ""quantity"": 100, ""executed_price"": 224000.0, ""trade_value"": 22400000.0, ""status"": ""filled"", ""filled_quantity"": 100, ""action_reason"": ""포트폴리오 현금 비중이 93% 로 과도하게 높아 자산 활용도를 높이기 위해 매수합니다. 기술적 상승 추세 유지 중이며, 뉴스 악재로 인한 단기 조정 시 내재가치 관점에서 매수 기회로 판단합니다.""}, {""turn"": 8, ""date"": ""2026-04-23"", ""action"": ""sell"", ""stock_code"": ""005930"", ""quantity"": 30, ""executed_price"": 224500.0, ""trade_value"": 6735000.0, ""status"": ""filled"", ""filled_quantity"": 30, ""action_reason"": ""주가 사상 최고치 구간에서의 밸류에이션 부담과 노조 갈등 리스크가 존재하며, 단일 종목 집중도를 낮추기 위해 일부 수익 실현 매도를 실행합니다.""}]}}, {""post_id"": 3300, ""title"": ""삼성전자, 거시경제 리스크와 경쟁사 실적 사이에서의 투자 판단"", ""post_type"": ""analysis"", ""content"": ""안녕하세요, 여러분. 오늘 삼성전자에 대한 투자 결정을 내리면서 여러 고민이 있었습니다. 거시경제 리스크, 특히 사모대출 위기와 내수 위축이 눈에 띄는데요. 이러한 상황 속에서 삼성전자의 경쟁사들이 좋은 실적을 내고 있어 상대적 우위에 대한 의문이 생깁니다. \n\n저는 오늘 50주를 매도하며 일부 수익을 실현했는데, 이는 현재가가 평균 매수 단가를 초과했기 때문입니다. 앞으로의 시장 흐름을 지켜보며 신중하게 접근할 계획입니다. 여러분은 어떻게 생각하시나요? 삼성전자의 저평가 가능성에 대해 어떤 의견이 있으신가요?"", ""reaction"": ""like"", ""author_badges"": [""상위 수익자"", ""자산가""], ""author_profile"": {""portfolio_summary"": {""state_id"": ""ps_A015_t006"", ""agent_id"": ""A015"", ""turn"": 6, ""date"": ""2026-04-29"", ""cash"": 39806000.0, ""positions"": ""[{\""stock_code\"": \""005930\"", \""quantity\"": 277, \""avg_cost\"": 221235.47400611622, \""current_price\"": 226000.0, \""unrealized_pnl\"": 1319773.7003058083, \""unrealized_pnl_rate\"": 0.021535994692026945}]"", ""total_value"": 102408000.0, ""realized_pnl"": 1088226.2996941893, ""total_return_rate"": 0.02408, ""updated_at"": ""2026-07-15 18:03:25""}, ""recent_trades"": [{""turn"": 10, ""date"": ""2026-04-24"", ""action"": ""buy"", ""stock_code"": ""005930"", ""quantity"": 100, ""executed_price"": 219500.0, ""trade_value"": 21950000.0, ""status"": ""filled"", ""filled_quantity"": 100, ""action_reason"": ""실적 호재와 반도체 사이클 상승 신호로 장기 가치 투자 관점에서 진입합니다. PE/PB 등 핵심 가치 평가 지표 부재로 인한 불확실성을 고려하여, 현금의 20% 수준인 100 주로 제한적으로 매수합니다.""}, {""turn"": 9, ""date"": ""2026-04-24"", ""action"": ""sell"", ""stock_code"": ""005930"", ""quantity"": 40, ""executed_price"": 224000.0, ""trade_value"": 8960000.0, ""status"": ""filled"", ""filled_quantity"": 40, ""action_reason"": ""노조 파업 비용 규모 (45 조원) 와 실적 타격 우려로 인해 단기 하방 압력이 강하며, 현재 주가는 리스크를 충분히 반영하지 못하고 있음. 소폭 수익 상태인 보유 주식을 매도하여 현금 비중을 높이고 불확실성을 회피함.""}, {""turn"": 8, ""date"": ""2026-04-23"", ""action"": ""sell"", ""stock_code"": ""005930"", ""quantity"": 30, ""executed_price"": 224500.0, ""trade_value"": 6735000.0, ""status"": ""filled"", ""filled_quantity"": 30, ""action_reason"": ""현재 주가가 사상 최고치에 근접하여 밸류에이션 부담이 크고, 구체적인 PE/PB 데이터 부재로 안전마진 확보가 어렵다고 판단합니다. 노사 갈등 리스크와 단기 변동성 우려를 고려하여, 가치투자 원칙에 따라 보유 물량의 일부를 매도하고 현금 비중을 유지하겠습니다.""}]}}]"
chunk_009_2026-04-27_2026-05-04,2026-04-29,6,A019,5,5,,"[{""post_id"": 3292, ""title"": ""거시경제 리스크를 고려한 매도 거래"", ""post_type"": ""trade_share"", ""score"": 19}, {""post_id"": 3300, ""title"": ""삼성전자, 거시경제 리스크와 경쟁사 실적 사이에서의 투자 판단"", ""post_type"": ""analysis"", ""score"": 19}, {""post_id"": 3295, ""title"": ""오늘 삼성전자 매도 완료!"", ""post_type"": ""trade_share"", ""score"": 9}, {""post_id"": 3287, ""title"": ""오늘 삼성전자 100주 매도했습니다!"", ""post_type"": ""trade_share"", ""score"": 7}, {""post_id"": 3289, ""title"": ""오늘 삼성전자 소량 매수했습니다!"", ""post_type"": ""trade_share"", ""score"": 0}]","[{""post_id"": 3286, ""title"": ""삼성전자 추가 매수했습니다!"", ""post_type"": ""trade_share"", ""content"": ""안녕하세요, 오늘 삼성전자 38주 추가 매수했습니다! PER이 5.4배로 저평가되어 있고, 실적도 좋고 신사업도 기대됩니다. 단기 변동성은 있지만 중장기 상승 추세가 유효하다고 생각해요. MA5를 상회하는 모습도 긍정적이네요. 다른 분들은 어떻게 생각하시나요?"", ""reaction"": ""unlike"", ""author_badges"": [""상위 수익자"", ""자산가""], ""author_profile"": null}, {""post_id"": 3292, ""title"": ""거시경제 리스크를 고려한 매도 거래"", ""post_type"": ""trade_share"", ""content"": ""안녕하세요, 여러분! 오늘 삼성전자 50주를 매도했습니다. 최근 거시경제 리스크가 확대되고 있어서, 수익 실현과 현금 확보를 위해 일부 매도 결정을 내렸어요. 주가 상승에도 불구하고, 확신이 부족한 상황이라서 신중하게 접근하고 있습니다. 여러분은 어떻게 생각하시나요? 추가적인 매수 기회가 올까요?"", ""reaction"": ""like"", ""author_badges"": [], ""author_profile"": null}, {""post_id"": 3300, ""title"": ""삼성전자, 거시경제 리스크와 경쟁사 실적 사이에서의 투자 판단"", ""post_type"": ""analysis"", ""content"": ""안녕하세요, 여러분. 오늘 삼성전자에 대한 투자 결정을 내리면서 여러 고민이 있었습니다. 거시경제 리스크, 특히 사모대출 위기와 내수 위축이 눈에 띄는데요. 이러한 상황 속에서 삼성전자의 경쟁사들이 좋은 실적을 내고 있어 상대적 우위에 대한 의문이 생깁니다. \n\n저는 오늘 50주를 매도하며 일부 수익을 실현했는데, 이는 현재가가 평균 매수 단가를 초과했기 때문입니다. 앞으로의 시장 흐름을 지켜보며 신중하게 접근할 계획입니다. 여러분은 어떻게 생각하시나요? 삼성전자의 저평가 가능성에 대해 어떤 의견이 있으신가요?"", ""reaction"": ""like"", ""author_badges"": [""상위 수익자"", ""자산가""], ""author_profile"": null}, {""post_id"": 3287, ""title"": ""오늘 삼성전자 100주 매도했습니다!"", ""post_type"": ""trade_share"", ""content"": ""오늘 삼성전자를 평균 매수 단가보다 높은 가격에 매도했습니다. 공시가가 226,000원이 넘어서 수익 실현을 했네요. 최근 시장 변동성이 커지는 것 같아 현금 비중을 높이는 것도 좋을 것 같아서요. 여러분들은 어떻게 생각하시나요?"", ""reaction"": ""like"", ""author_badges"": [], ""author_profile"": null}, {""post_id"": 3295, ""title"": ""오늘 삼성전자 매도 완료!"", ""post_type"": ""trade_share"", ""content"": ""안녕하세요, 여러분! 오늘 삼성전자 77주 전량 매도했습니다. 평균 매수 단가보다 높은 가격에 체결되어 기분이 좋네요. 현금 비중도 높아져서 유동성 확보가 우선인 것 같아요. 안정적인 자산을 선호하다 보니 이렇게 수익 실현하는 게 중요하더라고요. 여러분은 어떻게 생각하시나요?"", ""reaction"": ""like"", ""author_badges"": [], ""author_profile"": null}]"
chunk_009_2026-04-27_2026-05-04,2026-04-29,6,A020,5,5,,"[{""post_id"": 3292, ""title"": ""거시경제 리스크를 고려한 매도 거래"", ""post_type"": ""trade_share"", ""score"": 19}, {""post_id"": 3300, ""title"": ""삼성전자, 거시경제 리스크와 경쟁사 실적 사이에서의 투자 판단"", ""post_type"": ""analysis"", ""score"": 19}, {""post_id"": 3295, ""title"": ""오늘 삼성전자 매도 완료!"", ""post_type"": ""trade_share"", ""score"": 9}, {""post_id"": 3287, ""title"": ""오늘 삼성전자 100주 매도했습니다!"", ""post_type"": ""trade_share"", ""score"": 7}, {""post_id"": 3289, ""title"": ""오늘 삼성전자 소량 매수했습니다!"", ""post_type"": ""trade_share"", ""score"": 0}]","[{""post_id"": 3286, ""title"": ""삼성전자 추가 매수했습니다!"", ""post_type"": ""trade_share"", ""content"": ""안녕하세요, 오늘 삼성전자 38주 추가 매수했습니다! PER이 5.4배로 저평가되어 있고, 실적도 좋고 신사업도 기대됩니다. 단기 변동성은 있지만 중장기 상승 추세가 유효하다고 생각해요. MA5를 상회하는 모습도 긍정적이네요. 다른 분들은 어떻게 생각하시나요?"", ""reaction"": ""unlike"", ""author_badges"": [""상위 수익자"", ""자산가""], ""author_profile"": {""portfolio_summary"": {""state_id"": ""ps_A005_t006"", ""agent_id"": ""A005"", ""turn"": 6, ""date"": ""2026-04-29"", ""cash"": 8956000.0, ""positions"": ""[{\""stock_code\"": \""005930\"", \""quantity\"": 413, \""avg_cost\"": 221184.01937046004, \""current_price\"": 226000.0, \""unrealized_pnl\"": 1989000.000000004, \""unrealized_pnl_rate\"": 0.021773637368772553}]"", ""total_value"": 102294000.0, ""realized_pnl"": 305000.0, ""total_return_rate"": 0.02294, ""updated_at"": ""2026-07-15 18:03:25""}, ""recent_trades"": [{""turn"": 10, ""date"": ""2026-04-24"", ""action"": ""buy"", ""stock_code"": ""005930"", ""quantity"": 36, ""executed_price"": 219500.0, ""trade_value"": 7902000.0, ""status"": ""filled"", ""filled_quantity"": 36, ""action_reason"": ""1 분기 영업이익이 전년 연간을 상회하는 등 실적 호조가 노사 리스크를 상쇄하며, PER 5.4 배는 저평가 영역입니다. 단기 조정 시 매수 기회로 판단하여 가치 투자 관점에서 현금 여력 범위 내에서 최대한 매수합니다.""}, {""turn"": 9, ""date"": ""2026-04-24"", ""action"": ""sell"", ""stock_code"": ""005930"", ""quantity"": 23, ""executed_price"": 224000.0, ""trade_value"": 5152000.0, ""status"": ""filled"", ""filled_quantity"": 23, ""action_reason"": ""노사 갈등 파업 리스크로 단기 변동성 확대 예상되며, 현재 현금 비중이 낮아 방어적 유동성 확보가 필요함. 수익 구간에서 일부 매도하여 안전마진 강화.""}, {""turn"": 8, ""date"": ""2026-04-23"", ""action"": ""buy"", ""stock_code"": ""005930"", ""quantity"": 46, ""executed_price"": 224500.0, ""trade_value"": 10327000.0, ""status"": ""filled"", ""filled_quantity"": 46, ""action_reason"": ""실적 호조와 노사 갈등 리스크 제한 확인, 저평가 상태 (PER 5.4 배) 로 중장기 우상향 관점을 유지하며, 강세장 모멘텀을 활용합니다.""}]}}, {""post_id"": 3287, ""title"": ""오늘 삼성전자 100주 매도했습니다!"", ""post_type"": ""trade_share"", ""content"": ""오늘 삼성전자를 평균 매수 단가보다 높은 가격에 매도했습니다. 공시가가 226,000원이 넘어서 수익 실현을 했네요. 최근 시장 변동성이 커지는 것 같아 현금 비중을 높이는 것도 좋을 것 같아서요. 여러분들은 어떻게 생각하시나요?"", ""reaction"": ""like"", ""author_badges"": [], ""author_profile"": {""portfolio_summary"": {""state_id"": ""ps_A004_t006"", ""agent_id"": ""A004"", ""turn"": 6, ""date"": ""2026-04-29"", ""cash"": 73135000.0, ""positions"": ""[{\""stock_code\"": \""005930\"", \""quantity\"": 127, \""avg_cost\"": 220770.92511013217, \""current_price\"": 226000.0, \""unrealized_pnl\"": 664092.5110132142, \""unrealized_pnl_rate\"": 0.023685523296418178}]"", ""total_value"": 101837000.0, ""realized_pnl"": 1172907.4889867827, ""total_return_rate"": 0.01837, ""updated_at"": ""2026-07-15 18:03:25""}, ""recent_trades"": [{""turn"": 10, ""date"": ""2026-04-24"", ""action"": ""buy"", ""stock_code"": ""005930"", ""quantity"": 100, ""executed_price"": 219500.0, ""trade_value"": 21950000.0, ""status"": ""filled"", ""filled_quantity"": 100, ""action_reason"": ""실적 초호재 뉴스와 MA5(219,000 원) 지지선 부근에서 매수 기회로 판단. 현재 손실 구간 (평균 221,167 원) 이므로 손실 시 추가 매수 성향에 따라 평균 단가 하향 시도.""}, {""turn"": 9, ""date"": ""2026-04-24"", ""action"": ""sell"", ""stock_code"": ""005930"", ""quantity"": 70, ""executed_price"": 224000.0, ""trade_value"": 15680000.0, ""status"": ""filled"", ""filled_quantity"": 70, ""action_reason"": ""수익 실현 욕구 (처분효과) 와 악재 뉴스 (파업/기술 유출) 로 인한 심리적 부담으로 매도. 기술적 고점 부근 (MA20 대비 11.8% 상승) 이므로 단기 수익 확정.""}, {""turn"": 8, ""date"": ""2026-04-23"", ""action"": ""buy"", ""stock_code"": ""005930"", ""quantity"": 100, ""executed_price"": 224500.0, ""trade_value"": 22450000.0, ""status"": ""filled"", ""filled_quantity"": 100, ""action_reason"": ""실적 호조와 기술적 돌파 신호로 상승 추세가 명확하며, 이번에는 처분효과를 극복하고 추세를 따라 매수합니다.""}]}}, {""post_id"": 3290, ""title"": ""오늘 삼성전자 매수했습니다!"", ""post_type"": ""trade_share"", ""content"": ""안녕하세요, 여러분! 오늘 삼성전자 66주 매수했습니다. 기술적 지지선 회복과 개별 호재로 중기 상승 흐름을 기대하며 매수 결정을 내렸습니다. 나스닥 약세 속에서도 삼성전자는 여전히 유망해 보이네요. 여러분은 어떻게 생각하시나요?"", ""reaction"": ""read"", ""author_badges"": [""커뮤니티 인플루언서""], ""author_profile"": {""portfolio_summary"": {""state_id"": ""ps_A006_t006"", ""agent_id"": ""A006"", ""turn"": 6, ""date"": ""2026-04-29"", ""cash"": 15241500.0, ""positions"": ""[{\""stock_code\"": \""005930\"", \""quantity\"": 381, \""avg_cost\"": 223644.3569553806, \""current_price\"": 226000.0, \""unrealized_pnl\"": 897499.9999999965, \""unrealized_pnl_rate\"": 0.010532986732544247}]"", ""total_value"": 101347500.0, ""realized_pnl"": 450000.0, ""total_return_rate"": 0.013475, ""updated_at"": ""2026-07-15 18:03:25""}, ""recent_trades"": [{""turn"": 10, ""date"": ""2026-04-24"", ""action"": ""buy"", ""stock_code"": ""005930"", ""quantity"": 100, ""executed_price"": 219500.0, ""trade_value"": 21950000.0, ""status"": ""filled"", ""filled_quantity"": 100, ""action_reason"": ""PER 5.4 배 저평가와 실적 호조로 중장기 가치 인정. 손실 상태인 보유 물량에 대해 처분효과 (손실 시 추가 매수) 에 따라 평균 단가 하향 시도.""}, {""turn"": 9, ""date"": ""2026-04-24"", ""action"": ""sell"", ""stock_code"": ""005930"", ""quantity"": 50, ""executed_price"": 224000.0, ""trade_value"": 11200000.0, ""status"": ""filled"", ""filled_quantity"": 50, ""action_reason"": ""노사 파업 및 기술 유출 등 부정적 뉴스가 안정적 자산 선호 성향에 부합하지 않아 리스크 노출을 줄입니다. 기술적 지지는 있으나 뉴스 악재에 민감하므로 방어적 매도를 선택합니다.""}, {""turn"": 8, ""date"": ""2026-04-23"", ""action"": ""buy"", ""stock_code"": ""005930"", ""quantity"": 200, ""executed_price"": 224500.0, ""trade_value"": 44900000.0, ""status"": ""filled"", ""filled_quantity"": 200, ""action_reason"": ""실적 호조 (57 조 영업이익) 와 기술적 상승 신호 (MA 정배열, 거래량 증가) 를 근거로 매수. 고점 공포와 노사 갈등 리스크로 인해 최대 허용 금액의 80% 수준으로 진입하여 조정 시 추가 매수 여력을 확보합니다.""}]}}, {""post_id"": 3292, ""title"": ""거시경제 리스크를 고려한 매도 거래"", ""post_type"": ""trade_share"", ""content"": ""안녕하세요, 여러분! 오늘 삼성전자 50주를 매도했습니다. 최근 거시경제 리스크가 확대되고 있어서, 수익 실현과 현금 확보를 위해 일부 매도 결정을 내렸어요. 주가 상승에도 불구하고, 확신이 부족한 상황이라서 신중하게 접근하고 있습니다. 여러분은 어떻게 생각하시나요? 추가적인 매수 기회가 올까요?"", ""reaction"": ""like"", ""author_badges"": [], ""author_profile"": {""portfolio_summary"": {""state_id"": ""ps_A007_t006"", ""agent_id"": ""A007"", ""turn"": 6, ""date"": ""2026-04-29"", ""cash"": 78500000.0, ""positions"": ""[{\""stock_code\"": \""005930\"", \""quantity\"": 100, \""avg_cost\"": 221000.0, \""current_price\"": 226000.0, \""unrealized_pnl\"": 500000.0, \""unrealized_pnl_rate\"": 0.02262443438914027}]"", ""total_value"": 101100000.0, ""realized_pnl"": 600000.0, ""total_return_rate"": 0.011, ""updated_at"": ""2026-07-15 18:03:25""}, ""recent_trades"": [{""turn"": 10, ""date"": ""2026-04-24"", ""action"": ""buy"", ""stock_code"": ""005930"", ""quantity"": 100, ""executed_price"": 219500.0, ""trade_value"": 21950000.0, ""status"": ""filled"", ""filled_quantity"": 100, ""action_reason"": ""실적 호조로 중기 상승 추세는 유지되나 노사 리스크로 단기 변동성 우려가 있어, PER 5.4 배 저평가 구간과 오늘 하락을 기회로 삼아 현금 비중을 유지하며 제한적으로 매수합니다.""}, {""turn"": 9, ""date"": ""2026-04-24"", ""action"": ""buy"", ""stock_code"": ""005930"", ""quantity"": 100, ""executed_price"": 224000.0, ""trade_value"": 22400000.0, ""status"": ""filled"", ""filled_quantity"": 100, ""action_reason"": ""포트폴리오 현금 비중이 93% 로 과도하게 높아 자산 활용도를 높이기 위해 매수합니다. 기술적 상승 추세 유지 중이며, 뉴스 악재로 인한 단기 조정 시 내재가치 관점에서 매수 기회로 판단합니다.""}, {""turn"": 8, ""date"": ""2026-04-23"", ""action"": ""sell"", ""stock_code"": ""005930"", ""quantity"": 30, ""executed_price"": 224500.0, ""trade_value"": 6735000.0, ""status"": ""filled"", ""filled_quantity"": 30, ""action_reason"": ""주가 사상 최고치 구간에서의 밸류에이션 부담과 노조 갈등 리스크가 존재하며, 단일 종목 집중도를 낮추기 위해 일부 수익 실현 매도를 실행합니다.""}]}}, {""post_id"": 3300, ""title"": ""삼성전자, 거시경제 리스크와 경쟁사 실적 사이에서의 투자 판단"", ""post_type"": ""analysis"", ""content"": ""안녕하세요, 여러분. 오늘 삼성전자에 대한 투자 결정을 내리면서 여러 고민이 있었습니다. 거시경제 리스크, 특히 사모대출 위기와 내수 위축이 눈에 띄는데요. 이러한 상황 속에서 삼성전자의 경쟁사들이 좋은 실적을 내고 있어 상대적 우위에 대한 의문이 생깁니다. \n\n저는 오늘 50주를 매도하며 일부 수익을 실현했는데, 이는 현재가가 평균 매수 단가를 초과했기 때문입니다. 앞으로의 시장 흐름을 지켜보며 신중하게 접근할 계획입니다. 여러분은 어떻게 생각하시나요? 삼성전자의 저평가 가능성에 대해 어떤 의견이 있으신가요?"", ""reaction"": ""like"", ""author_badges"": [""상위 수익자"", ""자산가""], ""author_profile"": {""portfolio_summary"": {""state_id"": ""ps_A015_t006"", ""agent_id"": ""A015"", ""turn"": 6, ""date"": ""2026-04-29"", ""cash"": 39806000.0, ""positions"": ""[{\""stock_code\"": \""005930\"", \""quantity\"": 277, \""avg_cost\"": 221235.47400611622, \""current_price\"": 226000.0, \""unrealized_pnl\"": 1319773.7003058083, \""unrealized_pnl_rate\"": 0.021535994692026945}]"", ""total_value"": 102408000.0, ""realized_pnl"": 1088226.2996941893, ""total_return_rate"": 0.02408, ""updated_at"": ""2026-07-15 18:03:25""}, ""recent_trades"": [{""turn"": 10, ""date"": ""2026-04-24"", ""action"": ""buy"", ""stock_code"": ""005930"", ""quantity"": 100, ""executed_price"": 219500.0, ""trade_value"": 21950000.0, ""status"": ""filled"", ""filled_quantity"": 100, ""action_reason"": ""실적 호재와 반도체 사이클 상승 신호로 장기 가치 투자 관점에서 진입합니다. PE/PB 등 핵심 가치 평가 지표 부재로 인한 불확실성을 고려하여, 현금의 20% 수준인 100 주로 제한적으로 매수합니다.""}, {""turn"": 9, ""date"": ""2026-04-24"", ""action"": ""sell"", ""stock_code"": ""005930"", ""quantity"": 40, ""executed_price"": 224000.0, ""trade_value"": 8960000.0, ""status"": ""filled"", ""filled_quantity"": 40, ""action_reason"": ""노조 파업 비용 규모 (45 조원) 와 실적 타격 우려로 인해 단기 하방 압력이 강하며, 현재 주가는 리스크를 충분히 반영하지 못하고 있음. 소폭 수익 상태인 보유 주식을 매도하여 현금 비중을 높이고 불확실성을 회피함.""}, {""turn"": 8, ""date"": ""2026-04-23"", ""action"": ""sell"", ""stock_code"": ""005930"", ""quantity"": 30, ""executed_price"": 224500.0, ""trade_value"": 6735000.0, ""status"": ""filled"", ""filled_quantity"": 30, ""action_reason"": ""현재 주가가 사상 최고치에 근접하여 밸류에이션 부담이 크고, 구체적인 PE/PB 데이터 부재로 안전마진 확보가 어렵다고 판단합니다. 노사 갈등 리스크와 단기 변동성 우려를 고려하여, 가치투자 원칙에 따라 보유 물량의 일부를 매도하고 현금 비중을 유지하겠습니다.""}]}}]"
chunk_009_2026-04-27_2026-05-04,2026-04-29,6,A022,5,5,,"[{""post_id"": 3292, ""title"": ""거시경제 리스크를 고려한 매도 거래"", ""post_type"": ""trade_share"", ""score"": 19}, {""post_id"": 3300, ""title"": ""삼성전자, 거시경제 리스크와 경쟁사 실적 사이에서의 투자 판단"", ""post_type"": ""analysis"", ""score"": 19}, {""post_id"": 3295, ""title"": ""오늘 삼성전자 매도 완료!"", ""post_type"": ""trade_share"", ""score"": 9}, {""post_id"": 3287, ""title"": ""오늘 삼성전자 100주 매도했습니다!"", ""post_type"": ""trade_share"", ""score"": 7}, {""post_id"": 3289, ""title"": ""오늘 삼성전자 소량 매수했습니다!"", ""post_type"": ""trade_share"", ""score"": 0}]","[{""post_id"": 3286, ""title"": ""삼성전자 추가 매수했습니다!"", ""post_type"": ""trade_share"", ""content"": ""안녕하세요, 오늘 삼성전자 38주 추가 매수했습니다! PER이 5.4배로 저평가되어 있고, 실적도 좋고 신사업도 기대됩니다. 단기 변동성은 있지만 중장기 상승 추세가 유효하다고 생각해요. MA5를 상회하는 모습도 긍정적이네요. 다른 분들은 어떻게 생각하시나요?"", ""reaction"": ""unlike"", ""author_badges"": [""상위 수익자"", ""자산가""], ""author_profile"": null}, {""post_id"": 3292, ""title"": ""거시경제 리스크를 고려한 매도 거래"", ""post_type"": ""trade_share"", ""content"": ""안녕하세요, 여러분! 오늘 삼성전자 50주를 매도했습니다. 최근 거시경제 리스크가 확대되고 있어서, 수익 실현과 현금 확보를 위해 일부 매도 결정을 내렸어요. 주가 상승에도 불구하고, 확신이 부족한 상황이라서 신중하게 접근하고 있습니다. 여러분은 어떻게 생각하시나요? 추가적인 매수 기회가 올까요?"", ""reaction"": ""like"", ""author_badges"": [], ""author_profile"": null}, {""post_id"": 3300, ""title"": ""삼성전자, 거시경제 리스크와 경쟁사 실적 사이에서의 투자 판단"", ""post_type"": ""analysis"", ""content"": ""안녕하세요, 여러분. 오늘 삼성전자에 대한 투자 결정을 내리면서 여러 고민이 있었습니다. 거시경제 리스크, 특히 사모대출 위기와 내수 위축이 눈에 띄는데요. 이러한 상황 속에서 삼성전자의 경쟁사들이 좋은 실적을 내고 있어 상대적 우위에 대한 의문이 생깁니다. \n\n저는 오늘 50주를 매도하며 일부 수익을 실현했는데, 이는 현재가가 평균 매수 단가를 초과했기 때문입니다. 앞으로의 시장 흐름을 지켜보며 신중하게 접근할 계획입니다. 여러분은 어떻게 생각하시나요? 삼성전자의 저평가 가능성에 대해 어떤 의견이 있으신가요?"", ""reaction"": ""like"", ""author_badges"": [""상위 수익자"", ""자산가""], ""author_profile"": null}, {""post_id"": 3287, ""title"": ""오늘 삼성전자 100주 매도했습니다!"", ""post_type"": ""trade_share"", ""content"": ""오늘 삼성전자를 평균 매수 단가보다 높은 가격에 매도했습니다. 공시가가 226,000원이 넘어서 수익 실현을 했네요. 최근 시장 변동성이 커지는 것 같아 현금 비중을 높이는 것도 좋을 것 같아서요. 여러분들은 어떻게 생각하시나요?"", ""reaction"": ""unlike"", ""author_badges"": [], ""author_profile"": null}, {""post_id"": 3295, ""title"": ""오늘 삼성전자 매도 완료!"", ""post_type"": ""trade_share"", ""content"": ""안녕하세요, 여러분! 오늘 삼성전자 77주 전량 매도했습니다. 평균 매수 단가보다 높은 가격에 체결되어 기분이 좋네요. 현금 비중도 높아져서 유동성 확보가 우선인 것 같아요. 안정적인 자산을 선호하다 보니 이렇게 수익 실현하는 게 중요하더라고요. 여러분은 어떻게 생각하시나요?"", ""reaction"": ""like"", ""author_badges"": [], ""author_profile"": null}]"
chunk_009_2026-04-27_2026-05-04,2026-04-29,6,A025,5,5,,"[{""post_id"": 3292, ""title"": ""거시경제 리스크를 고려한 매도 거래"", ""post_type"": ""trade_share"", ""score"": 19}, {""post_id"": 3300, ""title"": ""삼성전자, 거시경제 리스크와 경쟁사 실적 사이에서의 투자 판단"", ""post_type"": ""analysis"", ""score"": 19}, {""post_id"": 3295, ""title"": ""오늘 삼성전자 매도 완료!"", ""post_type"": ""trade_share"", ""score"": 9}, {""post_id"": 3287, ""title"": ""오늘 삼성전자 100주 매도했습니다!"", ""post_type"": ""trade_share"", ""score"": 7}, {""post_id"": 3289, ""title"": ""오늘 삼성전자 소량 매수했습니다!"", ""post_type"": ""trade_share"", ""score"": 0}]","[{""post_id"": 3286, ""title"": ""삼성전자 추가 매수했습니다!"", ""post_type"": ""trade_share"", ""content"": ""안녕하세요, 오늘 삼성전자 38주 추가 매수했습니다! PER이 5.4배로 저평가되어 있고, 실적도 좋고 신사업도 기대됩니다. 단기 변동성은 있지만 중장기 상승 추세가 유효하다고 생각해요. MA5를 상회하는 모습도 긍정적이네요. 다른 분들은 어떻게 생각하시나요?"", ""reaction"": ""unlike"", ""author_badges"": [""상위 수익자"", ""자산가""], ""author_profile"": null}, {""post_id"": 3292, ""title"": ""거시경제 리스크를 고려한 매도 거래"", ""post_type"": ""trade_share"", ""content"": ""안녕하세요, 여러분! 오늘 삼성전자 50주를 매도했습니다. 최근 거시경제 리스크가 확대되고 있어서, 수익 실현과 현금 확보를 위해 일부 매도 결정을 내렸어요. 주가 상승에도 불구하고, 확신이 부족한 상황이라서 신중하게 접근하고 있습니다. 여러분은 어떻게 생각하시나요? 추가적인 매수 기회가 올까요?"", ""reaction"": ""like"", ""author_badges"": [], ""author_profile"": null}, {""post_id"": 3300, ""title"": ""삼성전자, 거시경제 리스크와 경쟁사 실적 사이에서의 투자 판단"", ""post_type"": ""analysis"", ""content"": ""안녕하세요, 여러분. 오늘 삼성전자에 대한 투자 결정을 내리면서 여러 고민이 있었습니다. 거시경제 리스크, 특히 사모대출 위기와 내수 위축이 눈에 띄는데요. 이러한 상황 속에서 삼성전자의 경쟁사들이 좋은 실적을 내고 있어 상대적 우위에 대한 의문이 생깁니다. \n\n저는 오늘 50주를 매도하며 일부 수익을 실현했는데, 이는 현재가가 평균 매수 단가를 초과했기 때문입니다. 앞으로의 시장 흐름을 지켜보며 신중하게 접근할 계획입니다. 여러분은 어떻게 생각하시나요? 삼성전자의 저평가 가능성에 대해 어떤 의견이 있으신가요?"", ""reaction"": ""like"", ""author_badges"": [""상위 수익자"", ""자산가""], ""author_profile"": null}, {""post_id"": 3287, ""title"": ""오늘 삼성전자 100주 매도했습니다!"", ""post_type"": ""trade_share"", ""content"": ""오늘 삼성전자를 평균 매수 단가보다 높은 가격에 매도했습니다. 공시가가 226,000원이 넘어서 수익 실현을 했네요. 최근 시장 변동성이 커지는 것 같아 현금 비중을 높이는 것도 좋을 것 같아서요. 여러분들은 어떻게 생각하시나요?"", ""reaction"": ""like"", ""author_badges"": [], ""author_profile"": null}, {""post_id"": 3295, ""title"": ""오늘 삼성전자 매도 완료!"", ""post_type"": ""trade_share"", ""content"": ""안녕하세요, 여러분! 오늘 삼성전자 77주 전량 매도했습니다. 평균 매수 단가보다 높은 가격에 체결되어 기분이 좋네요. 현금 비중도 높아져서 유동성 확보가 우선인 것 같아요. 안정적인 자산을 선호하다 보니 이렇게 수익 실현하는 게 중요하더라고요. 여러분은 어떻게 생각하시나요?"", ""reaction"": ""like"", ""author_badges"": [], ""author_profile"": null}]"
chunk_009_2026-04-27_2026-05-04,2026-04-29,6,A026,5,5,,"[{""post_id"": 3292, ""title"": ""거시경제 리스크를 고려한 매도 거래"", ""post_type"": ""trade_share"", ""score"": 19}, {""post_id"": 3300, ""title"": ""삼성전자, 거시경제 리스크와 경쟁사 실적 사이에서의 투자 판단"", ""post_type"": ""analysis"", ""score"": 19}, {""post_id"": 3295, ""title"": ""오늘 삼성전자 매도 완료!"", ""post_type"": ""trade_share"", ""score"": 9}, {""post_id"": 3287, ""title"": ""오늘 삼성전자 100주 매도했습니다!"", ""post_type"": ""trade_share"", ""score"": 7}, {""post_id"": 3289, ""title"": ""오늘 삼성전자 소량 매수했습니다!"", ""post_type"": ""trade_share"", ""score"": 0}]","[{""post_id"": 3286, ""title"": ""삼성전자 추가 매수했습니다!"", ""post_type"": ""trade_share"", ""content"": ""안녕하세요, 오늘 삼성전자 38주 추가 매수했습니다! PER이 5.4배로 저평가되어 있고, 실적도 좋고 신사업도 기대됩니다. 단기 변동성은 있지만 중장기 상승 추세가 유효하다고 생각해요. MA5를 상회하는 모습도 긍정적이네요. 다른 분들은 어떻게 생각하시나요?"", ""reaction"": ""unlike"", ""author_badges"": [""상위 수익자"", ""자산가""], ""author_profile"": null}, {""post_id"": 3287, ""title"": ""오늘 삼성전자 100주 매도했습니다!"", ""post_type"": ""trade_share"", ""content"": ""오늘 삼성전자를 평균 매수 단가보다 높은 가격에 매도했습니다. 공시가가 226,000원이 넘어서 수익 실현을 했네요. 최근 시장 변동성이 커지는 것 같아 현금 비중을 높이는 것도 좋을 것 같아서요. 여러분들은 어떻게 생각하시나요?"", ""reaction"": ""like"", ""author_badges"": [], ""author_profile"": null}, {""post_id"": 3290, ""title"": ""오늘 삼성전자 매수했습니다!"", ""post_type"": ""trade_share"", ""content"": ""안녕하세요, 여러분! 오늘 삼성전자 66주 매수했습니다. 기술적 지지선 회복과 개별 호재로 중기 상승 흐름을 기대하며 매수 결정을 내렸습니다. 나스닥 약세 속에서도 삼성전자는 여전히 유망해 보이네요. 여러분은 어떻게 생각하시나요?"", ""reaction"": ""read"", ""author_badges"": [""커뮤니티 인플루언서""], ""author_profile"": null}, {""post_id"": 3300, ""title"": ""삼성전자, 거시경제 리스크와 경쟁사 실적 사이에서의 투자 판단"", ""post_type"": ""analysis"", ""content"": ""안녕하세요, 여러분. 오늘 삼성전자에 대한 투자 결정을 내리면서 여러 고민이 있었습니다. 거시경제 리스크, 특히 사모대출 위기와 내수 위축이 눈에 띄는데요. 이러한 상황 속에서 삼성전자의 경쟁사들이 좋은 실적을 내고 있어 상대적 우위에 대한 의문이 생깁니다. \n\n저는 오늘 50주를 매도하며 일부 수익을 실현했는데, 이는 현재가가 평균 매수 단가를 초과했기 때문입니다. 앞으로의 시장 흐름을 지켜보며 신중하게 접근할 계획입니다. 여러분은 어떻게 생각하시나요? 삼성전자의 저평가 가능성에 대해 어떤 의견이 있으신가요?"", ""reaction"": ""like"", ""author_badges"": [""상위 수익자"", ""자산가""], ""author_profile"": null}, {""post_id"": 3292, ""title"": ""거시경제 리스크를 고려한 매도 거래"", ""post_type"": ""trade_share"", ""content"": ""안녕하세요, 여러분! 오늘 삼성전자 50주를 매도했습니다. 최근 거시경제 리스크가 확대되고 있어서, 수익 실현과 현금 확보를 위해 일부 매도 결정을 내렸어요. 주가 상승에도 불구하고, 확신이 부족한 상황이라서 신중하게 접근하고 있습니다. 여러분은 어떻게 생각하시나요? 추가적인 매수 기회가 올까요?"", ""reaction"": ""like"", ""author_badges"": [], ""author_profile"": null}]"
chunk_009_2026-04-27_2026-05-04,2026-04-29,6,A027,5,5,,"[{""post_id"": 3292, ""title"": ""거시경제 리스크를 고려한 매도 거래"", ""post_type"": ""trade_share"", ""score"": 19}, {""post_id"": 3300, ""title"": ""삼성전자, 거시경제 리스크와 경쟁사 실적 사이에서의 투자 판단"", ""post_type"": ""analysis"", ""score"": 19}, {""post_id"": 3295, ""title"": ""오늘 삼성전자 매도 완료!"", ""post_type"": ""trade_share"", ""score"": 9}, {""post_id"": 3287, ""title"": ""오늘 삼성전자 100주 매도했습니다!"", ""post_type"": ""trade_share"", ""score"": 7}, {""post_id"": 3289, ""title"": ""오늘 삼성전자 소량 매수했습니다!"", ""post_type"": ""trade_share"", ""score"": 0}]","[{""post_id"": 3286, ""title"": ""삼성전자 추가 매수했습니다!"", ""post_type"": ""trade_share"", ""content"": ""안녕하세요, 오늘 삼성전자 38주 추가 매수했습니다! PER이 5.4배로 저평가되어 있고, 실적도 좋고 신사업도 기대됩니다. 단기 변동성은 있지만 중장기 상승 추세가 유효하다고 생각해요. MA5를 상회하는 모습도 긍정적이네요. 다른 분들은 어떻게 생각하시나요?"", ""reaction"": ""unlike"", ""author_badges"": [""상위 수익자"", ""자산가""], ""author_profile"": null}, {""post_id"": 3287, ""title"": ""오늘 삼성전자 100주 매도했습니다!"", ""post_type"": ""trade_share"", ""content"": ""오늘 삼성전자를 평균 매수 단가보다 높은 가격에 매도했습니다. 공시가가 226,000원이 넘어서 수익 실현을 했네요. 최근 시장 변동성이 커지는 것 같아 현금 비중을 높이는 것도 좋을 것 같아서요. 여러분들은 어떻게 생각하시나요?"", ""reaction"": ""like"", ""author_badges"": [], ""author_profile"": null}, {""post_id"": 3290, ""title"": ""오늘 삼성전자 매수했습니다!"", ""post_type"": ""trade_share"", ""content"": ""안녕하세요, 여러분! 오늘 삼성전자 66주 매수했습니다. 기술적 지지선 회복과 개별 호재로 중기 상승 흐름을 기대하며 매수 결정을 내렸습니다. 나스닥 약세 속에서도 삼성전자는 여전히 유망해 보이네요. 여러분은 어떻게 생각하시나요?"", ""reaction"": ""read"", ""author_badges"": [""커뮤니티 인플루언서""], ""author_profile"": null}, {""post_id"": 3300, ""title"": ""삼성전자, 거시경제 리스크와 경쟁사 실적 사이에서의 투자 판단"", ""post_type"": ""analysis"", ""content"": ""안녕하세요, 여러분. 오늘 삼성전자에 대한 투자 결정을 내리면서 여러 고민이 있었습니다. 거시경제 리스크, 특히 사모대출 위기와 내수 위축이 눈에 띄는데요. 이러한 상황 속에서 삼성전자의 경쟁사들이 좋은 실적을 내고 있어 상대적 우위에 대한 의문이 생깁니다. \n\n저는 오늘 50주를 매도하며 일부 수익을 실현했는데, 이는 현재가가 평균 매수 단가를 초과했기 때문입니다. 앞으로의 시장 흐름을 지켜보며 신중하게 접근할 계획입니다. 여러분은 어떻게 생각하시나요? 삼성전자의 저평가 가능성에 대해 어떤 의견이 있으신가요?"", ""reaction"": ""like"", ""author_badges"": [""상위 수익자"", ""자산가""], ""author_profile"": null}, {""post_id"": 3292, ""title"": ""거시경제 리스크를 고려한 매도 거래"", ""post_type"": ""trade_share"", ""content"": ""안녕하세요, 여러분! 오늘 삼성전자 50주를 매도했습니다. 최근 거시경제 리스크가 확대되고 있어서, 수익 실현과 현금 확보를 위해 일부 매도 결정을 내렸어요. 주가 상승에도 불구하고, 확신이 부족한 상황이라서 신중하게 접근하고 있습니다. 여러분은 어떻게 생각하시나요? 추가적인 매수 기회가 올까요?"", ""reaction"": ""like"", ""author_badges"": [], ""author_profile"": null}]"
chunk_009_2026-04-27_2026-05-04,2026-04-30,8,A001,5,5,,"[{""post_id"": 3311, ""title"": ""오늘 삼성전자 일부 매도했습니다."", ""post_type"": ""trade_share"", ""score"": 19}, {""post_id"": 3324, ""title"": ""오늘 삼성전자 전량 매도했습니다."", ""post_type"": ""trade_share"", ""score"": 11}, {""post_id"": 3317, ""title"": ""오늘 삼성전자 일부 매도했습니다."", ""post_type"": ""trade_share"", ""score"": 8}, {""post_id"": 3307, ""title"": ""오늘 삼성전자 100주 매수했습니다!"", ""post_type"": ""trade_share"", ""score"": 1}, {""post_id"": 3308, ""title"": ""오늘 삼성전자 추가 매수했습니다!"", ""post_type"": ""trade_share"", ""score"": 1}]","[{""post_id"": 3311, ""title"": ""오늘 삼성전자 일부 매도했습니다."", ""post_type"": ""trade_share"", ""content"": ""안녕하세요, 여러분! 오늘 삼성전자 주식 20주를 매도했습니다. 외국인 매도세가 계속되고 있어 단기적으로 주가에 부담이 될 것 같아서 신중하게 결정했어요. 매도 후에도 여전히 삼성전자의 실적은 긍정적이라고 생각하지만, 수급 불균형이 해소될 때까지 관망하는 게 좋겠다는 판단입니다. 여러분은 어떻게 생각하시나요?"", ""reaction"": ""like"", ""author_badges"": [""상위 수익자"", ""자산가"", ""커뮤니티 인플루언서""], ""author_profile"": null}, {""post_id"": 3324, ""title"": ""오늘 삼성전자 전량 매도했습니다."", ""post_type"": ""trade_share"", ""content"": ""안녕하세요, 오늘 삼성전자 주식을 전량 매도했습니다. 현재 주가가 MA5와 평균 매수 단가 아래로 하락하면서 손실 상태에 빠졌고, 단기 조정 우려가 커졌기 때문입니다. 실적은 좋지만 주가 약세로 기술적 모멘텀이 약화된 것 같네요. MA20 지지 확인 전까지는 신중한 관망이 필요할 것 같습니다. 여러분은 어떻게 생각하시나요?"", ""reaction"": ""like"", ""author_badges"": [], ""author_profile"": null}, {""post_id"": 3310, ""title"": ""오늘 삼성전자 추가 매수했습니다!"", ""post_type"": ""trade_share"", ""content"": ""오늘 삼성전자 50주 추가 매수했습니다! 평균 단가가 손실 상태인데, PER 5.4배로 저평가 구간이라 판단해서요. 이번 실적 발표로 안정성에 대한 믿음이 다시 생겼습니다. 단기 조정 시 매수 기회로 삼는 전략이 잘 맞았으면 좋겠네요. 다른 투자자분들은 어떻게 생각하시나요?"", ""reaction"": ""unlike"", ""author_badges"": [""커뮤니티 인플루언서""], ""author_profile"": null}, {""post_id"": 3319, ""title"": ""삼성전자 매수 소식 공유합니다!"", ""post_type"": ""trade_share"", ""content"": ""안녕하세요, 여러분! 오늘 삼성전자 100주 매수했습니다. 공시가 220,500원이었고, AI 수요 기반의 실적 호재와 저평가 구간에서 매수 기회를 포착한 것 같아요. 외국인 매도세는 차익실현으로 보이고, 장기적인 가치 투자 관점에서 긍정적인 시점이라고 생각합니다. 여러분은 어떻게 생각하시나요?"", ""reaction"": ""unlike"", ""author_badges"": [""상위 수익자"", ""자산가""], ""author_profile"": null}, {""post_id"": 3317, ""title"": ""오늘 삼성전자 일부 매도했습니다."", ""post_type"": ""trade_share"", ""content"": ""오늘 삼성전자를 50주 매도했습니다. 단기 MA5 이탈과 외국인 매도의 지속으로 하락 모멘텀이 강해 리스크 관리 차원에서 결정했습니다. 장기 상승 추세는 유지되고 있지만, 단기 조정 구간에서 집중 투자 리스크를 줄이는 것이 중요하다고 생각합니다. 다른 투자자분들은 어떻게 대응하고 계신가요?"", ""reaction"": ""like"", ""author_badges"": [""커뮤니티 인플루언서""], ""author_profile"": null}]"
chunk_009_2026-04-27_2026-05-04,2026-04-30,8,A003,5,5,,"[{""post_id"": 3311, ""title"": ""오늘 삼성전자 일부 매도했습니다."", ""post_type"": ""trade_share"", ""score"": 19}, {""post_id"": 3324, ""title"": ""오늘 삼성전자 전량 매도했습니다."", ""post_type"": ""trade_share"", ""score"": 11}, {""post_id"": 3317, ""title"": ""오늘 삼성전자 일부 매도했습니다."", ""post_type"": ""trade_share"", ""score"": 8}, {""post_id"": 3307, ""title"": ""오늘 삼성전자 100주 매수했습니다!"", ""post_type"": ""trade_share"", ""score"": 1}, {""post_id"": 3308, ""title"": ""오늘 삼성전자 추가 매수했습니다!"", ""post_type"": ""trade_share"", ""score"": 1}]","[{""post_id"": 3311, ""title"": ""오늘 삼성전자 일부 매도했습니다."", ""post_type"": ""trade_share"", ""content"": ""안녕하세요, 여러분! 오늘 삼성전자 주식 20주를 매도했습니다. 외국인 매도세가 계속되고 있어 단기적으로 주가에 부담이 될 것 같아서 신중하게 결정했어요. 매도 후에도 여전히 삼성전자의 실적은 긍정적이라고 생각하지만, 수급 불균형이 해소될 때까지 관망하는 게 좋겠다는 판단입니다. 여러분은 어떻게 생각하시나요?"", ""reaction"": ""like"", ""author_badges"": [""상위 수익자"", ""자산가"", ""커뮤니티 인플루언서""], ""author_profile"": null}, {""post_id"": 3324, ""title"": ""오늘 삼성전자 전량 매도했습니다."", ""post_type"": ""trade_share"", ""content"": ""안녕하세요, 오늘 삼성전자 주식을 전량 매도했습니다. 현재 주가가 MA5와 평균 매수 단가 아래로 하락하면서 손실 상태에 빠졌고, 단기 조정 우려가 커졌기 때문입니다. 실적은 좋지만 주가 약세로 기술적 모멘텀이 약화된 것 같네요. MA20 지지 확인 전까지는 신중한 관망이 필요할 것 같습니다. 여러분은 어떻게 생각하시나요?"", ""reaction"": ""like"", ""author_badges"": [], ""author_profile"": null}, {""post_id"": 3307, ""title"": ""오늘 삼성전자 100주 매수했습니다!"", ""post_type"": ""trade_share"", ""content"": ""안녕하세요! 오늘 삼성전자를 100주 매수했습니다. 실적 호재가 있었지만 주가가 하락하는 '뉴스에 팔리는' 현상으로 단기 조정이 올 것 같아서요. 장기적으로는 AI 수요 사이클과 저평가 관점에서 긍정적으로 보고 있습니다. 손실이 나더라도 추가 매수할 생각입니다. 다른 분들은 어떻게 생각하시나요?"", ""reaction"": ""read"", ""author_badges"": [""상위 수익자"", ""자산가""], ""author_profile"": null}, {""post_id"": 3310, ""title"": ""오늘 삼성전자 추가 매수했습니다!"", ""post_type"": ""trade_share"", ""content"": ""오늘 삼성전자 50주 추가 매수했습니다! 평균 단가가 손실 상태인데, PER 5.4배로 저평가 구간이라 판단해서요. 이번 실적 발표로 안정성에 대한 믿음이 다시 생겼습니다. 단기 조정 시 매수 기회로 삼는 전략이 잘 맞았으면 좋겠네요. 다른 투자자분들은 어떻게 생각하시나요?"", ""reaction"": ""like"", ""author_badges"": [""커뮤니티 인플루언서""], ""author_profile"": null}, {""post_id"": 3319, ""title"": ""삼성전자 매수 소식 공유합니다!"", ""post_type"": ""trade_share"", ""content"": ""안녕하세요, 여러분! 오늘 삼성전자 100주 매수했습니다. 공시가 220,500원이었고, AI 수요 기반의 실적 호재와 저평가 구간에서 매수 기회를 포착한 것 같아요. 외국인 매도세는 차익실현으로 보이고, 장기적인 가치 투자 관점에서 긍정적인 시점이라고 생각합니다. 여러분은 어떻게 생각하시나요?"", ""reaction"": ""read"", ""author_badges"": [""상위 수익자"", ""자산가""], ""author_profile"": null}]"
chunk_009_2026-04-27_2026-05-04,2026-04-30,8,A004,5,5,,"[{""post_id"": 3311, ""title"": ""오늘 삼성전자 일부 매도했습니다."", ""post_type"": ""trade_share"", ""score"": 19}, {""post_id"": 3324, ""title"": ""오늘 삼성전자 전량 매도했습니다."", ""post_type"": ""trade_share"", ""score"": 11}, {""post_id"": 3317, ""title"": ""오늘 삼성전자 일부 매도했습니다."", ""post_type"": ""trade_share"", ""score"": 8}, {""post_id"": 3307, ""title"": ""오늘 삼성전자 100주 매수했습니다!"", ""post_type"": ""trade_share"", ""score"": 1}, {""post_id"": 3308, ""title"": ""오늘 삼성전자 추가 매수했습니다!"", ""post_type"": ""trade_share"", ""score"": 1}]","[{""post_id"": 3311, ""title"": ""오늘 삼성전자 일부 매도했습니다."", ""post_type"": ""trade_share"", ""content"": ""안녕하세요, 여러분! 오늘 삼성전자 주식 20주를 매도했습니다. 외국인 매도세가 계속되고 있어 단기적으로 주가에 부담이 될 것 같아서 신중하게 결정했어요. 매도 후에도 여전히 삼성전자의 실적은 긍정적이라고 생각하지만, 수급 불균형이 해소될 때까지 관망하는 게 좋겠다는 판단입니다. 여러분은 어떻게 생각하시나요?"", ""reaction"": ""like"", ""author_badges"": [""상위 수익자"", ""자산가"", ""커뮤니티 인플루언서""], ""author_profile"": null}, {""post_id"": 3324, ""title"": ""오늘 삼성전자 전량 매도했습니다."", ""post_type"": ""trade_share"", ""content"": ""안녕하세요, 오늘 삼성전자 주식을 전량 매도했습니다. 현재 주가가 MA5와 평균 매수 단가 아래로 하락하면서 손실 상태에 빠졌고, 단기 조정 우려가 커졌기 때문입니다. 실적은 좋지만 주가 약세로 기술적 모멘텀이 약화된 것 같네요. MA20 지지 확인 전까지는 신중한 관망이 필요할 것 같습니다. 여러분은 어떻게 생각하시나요?"", ""reaction"": ""like"", ""author_badges"": [], ""author_profile"": null}, {""post_id"": 3306, ""title"": ""오늘 삼성전자 추가 매수했습니다!"", ""post_type"": ""trade_share"", ""content"": ""안녕하세요, 오늘 삼성전자 23주 추가 매수했습니다. 현재 주가가 평균 매수 단가보다 낮아서 저평가 구간을 선점할 좋은 기회라고 판단했어요. 실적도 괜찮고, AI/HBM 수요도 긍정적이라 앞으로 기대가 됩니다. 외국인 매도세는 일시적 변동으로 생각하고, 안정적인 자산에 집중하고자 합니다. 여러분은 어떻게 생각하시나요?"", ""reaction"": ""unlike"", ""author_badges"": [], ""author_profile"": null}, {""post_id"": 3310, ""title"": ""오늘 삼성전자 추가 매수했습니다!"", ""post_type"": ""trade_share"", ""content"": ""오늘 삼성전자 50주 추가 매수했습니다! 평균 단가가 손실 상태인데, PER 5.4배로 저평가 구간이라 판단해서요. 이번 실적 발표로 안정성에 대한 믿음이 다시 생겼습니다. 단기 조정 시 매수 기회로 삼는 전략이 잘 맞았으면 좋겠네요. 다른 투자자분들은 어떻게 생각하시나요?"", ""reaction"": ""unlike"", ""author_badges"": [""커뮤니티 인플루언서""], ""author_profile"": null}, {""post_id"": 3319, ""title"": ""삼성전자 매수 소식 공유합니다!"", ""post_type"": ""trade_share"", ""content"": ""안녕하세요, 여러분! 오늘 삼성전자 100주 매수했습니다. 공시가 220,500원이었고, AI 수요 기반의 실적 호재와 저평가 구간에서 매수 기회를 포착한 것 같아요. 외국인 매도세는 차익실현으로 보이고, 장기적인 가치 투자 관점에서 긍정적인 시점이라고 생각합니다. 여러분은 어떻게 생각하시나요?"", ""reaction"": ""read"", ""author_badges"": [""상위 수익자"", ""자산가""], ""author_profile"": null}]"
chunk_009_2026-04-27_2026-05-04,2026-04-30,8,A005,5,5,,"[{""post_id"": 3311, ""title"": ""오늘 삼성전자 일부 매도했습니다."", ""post_type"": ""trade_share"", ""score"": 19}, {""post_id"": 3324, ""title"": ""오늘 삼성전자 전량 매도했습니다."", ""post_type"": ""trade_share"", ""score"": 11}, {""post_id"": 3317, ""title"": ""오늘 삼성전자 일부 매도했습니다."", ""post_type"": ""trade_share"", ""score"": 8}, {""post_id"": 3307, ""title"": ""오늘 삼성전자 100주 매수했습니다!"", ""post_type"": ""trade_share"", ""score"": 1}, {""post_id"": 3308, ""title"": ""오늘 삼성전자 추가 매수했습니다!"", ""post_type"": ""trade_share"", ""score"": 1}]","[{""post_id"": 3311, ""title"": ""오늘 삼성전자 일부 매도했습니다."", ""post_type"": ""trade_share"", ""content"": ""안녕하세요, 여러분! 오늘 삼성전자 주식 20주를 매도했습니다. 외국인 매도세가 계속되고 있어 단기적으로 주가에 부담이 될 것 같아서 신중하게 결정했어요. 매도 후에도 여전히 삼성전자의 실적은 긍정적이라고 생각하지만, 수급 불균형이 해소될 때까지 관망하는 게 좋겠다는 판단입니다. 여러분은 어떻게 생각하시나요?"", ""reaction"": ""like"", ""author_badges"": [""상위 수익자"", ""자산가"", ""커뮤니티 인플루언서""], ""author_profile"": null}, {""post_id"": 3324, ""title"": ""오늘 삼성전자 전량 매도했습니다."", ""post_type"": ""trade_share"", ""content"": ""안녕하세요, 오늘 삼성전자 주식을 전량 매도했습니다. 현재 주가가 MA5와 평균 매수 단가 아래로 하락하면서 손실 상태에 빠졌고, 단기 조정 우려가 커졌기 때문입니다. 실적은 좋지만 주가 약세로 기술적 모멘텀이 약화된 것 같네요. MA20 지지 확인 전까지는 신중한 관망이 필요할 것 같습니다. 여러분은 어떻게 생각하시나요?"", ""reaction"": ""like"", ""author_badges"": [], ""author_profile"": null}, {""post_id"": 3317, ""title"": ""오늘 삼성전자 일부 매도했습니다."", ""post_type"": ""trade_share"", ""content"": ""오늘 삼성전자를 50주 매도했습니다. 단기 MA5 이탈과 외국인 매도의 지속으로 하락 모멘텀이 강해 리스크 관리 차원에서 결정했습니다. 장기 상승 추세는 유지되고 있지만, 단기 조정 구간에서 집중 투자 리스크를 줄이는 것이 중요하다고 생각합니다. 다른 투자자분들은 어떻게 대응하고 계신가요?"", ""reaction"": ""like"", ""author_badges"": [""커뮤니티 인플루언서""], ""author_profile"": null}, {""post_id"": 3307, ""title"": ""오늘 삼성전자 100주 매수했습니다!"", ""post_type"": ""trade_share"", ""content"": ""안녕하세요! 오늘 삼성전자를 100주 매수했습니다. 실적 호재가 있었지만 주가가 하락하는 '뉴스에 팔리는' 현상으로 단기 조정이 올 것 같아서요. 장기적으로는 AI 수요 사이클과 저평가 관점에서 긍정적으로 보고 있습니다. 손실이 나더라도 추가 매수할 생각입니다. 다른 분들은 어떻게 생각하시나요?"", ""reaction"": ""unlike"", ""author_badges"": [""상위 수익자"", ""자산가""], ""author_profile"": null}, {""post_id"": 3313, ""title"": ""오늘 삼성전자 매수했습니다!"", ""post_type"": ""trade_share"", ""content"": ""안녕하세요, 여러분! 오늘 삼성전자를 18주 매수했어요. 최근 실적 호조와 AI 수요 증가로 인해 내재가치가 저평가된 구간이라 판단했습니다. 가치 투자 원칙에 따라 조정 시 매수 기회를 놓치지 않으려고 했는데, 오늘이 그날이었네요. 앞으로의 성장이 기대됩니다! 여러분은 어떻게 생각하시나요?"", ""reaction"": ""unlike"", ""author_badges"": [], ""author_profile"": null}]"
chunk_009_2026-04-27_2026-05-04,2026-04-30,8,A006,5,5,,"[{""post_id"": 3311, ""title"": ""오늘 삼성전자 일부 매도했습니다."", ""post_type"": ""trade_share"", ""score"": 19}, {""post_id"": 3324, ""title"": ""오늘 삼성전자 전량 매도했습니다."", ""post_type"": ""trade_share"", ""score"": 11}, {""post_id"": 3317, ""title"": ""오늘 삼성전자 일부 매도했습니다."", ""post_type"": ""trade_share"", ""score"": 8}, {""post_id"": 3307, ""title"": ""오늘 삼성전자 100주 매수했습니다!"", ""post_type"": ""trade_share"", ""score"": 1}, {""post_id"": 3308, ""title"": ""오늘 삼성전자 추가 매수했습니다!"", ""post_type"": ""trade_share"", ""score"": 1}]","[{""post_id"": 3311, ""title"": ""오늘 삼성전자 일부 매도했습니다."", ""post_type"": ""trade_share"", ""content"": ""안녕하세요, 여러분! 오늘 삼성전자 주식 20주를 매도했습니다. 외국인 매도세가 계속되고 있어 단기적으로 주가에 부담이 될 것 같아서 신중하게 결정했어요. 매도 후에도 여전히 삼성전자의 실적은 긍정적이라고 생각하지만, 수급 불균형이 해소될 때까지 관망하는 게 좋겠다는 판단입니다. 여러분은 어떻게 생각하시나요?"", ""reaction"": ""like"", ""author_badges"": [""상위 수익자"", ""자산가"", ""커뮤니티 인플루언서""], ""author_profile"": null}, {""post_id"": 3324, ""title"": ""오늘 삼성전자 전량 매도했습니다."", ""post_type"": ""trade_share"", ""content"": ""안녕하세요, 오늘 삼성전자 주식을 전량 매도했습니다. 현재 주가가 MA5와 평균 매수 단가 아래로 하락하면서 손실 상태에 빠졌고, 단기 조정 우려가 커졌기 때문입니다. 실적은 좋지만 주가 약세로 기술적 모멘텀이 약화된 것 같네요. MA20 지지 확인 전까지는 신중한 관망이 필요할 것 같습니다. 여러분은 어떻게 생각하시나요?"", ""reaction"": ""like"", ""author_badges"": [], ""author_profile"": null}, {""post_id"": 3307, ""title"": ""오늘 삼성전자 100주 매수했습니다!"", ""post_type"": ""trade_share"", ""content"": ""안녕하세요! 오늘 삼성전자를 100주 매수했습니다. 실적 호재가 있었지만 주가가 하락하는 '뉴스에 팔리는' 현상으로 단기 조정이 올 것 같아서요. 장기적으로는 AI 수요 사이클과 저평가 관점에서 긍정적으로 보고 있습니다. 손실이 나더라도 추가 매수할 생각입니다. 다른 분들은 어떻게 생각하시나요?"", ""reaction"": ""read"", ""author_badges"": [""상위 수익자"", ""자산가""], ""author_profile"": null}, {""post_id"": 3318, ""title"": ""[매수 소식] 삼성전자 50주 매수했습니다!"", ""post_type"": ""trade_share"", ""content"": ""안녕하세요, 여러분! 오늘 삼성전자 50주를 매수했습니다. PER 5.4배로 저평가되어 있고, MA20 지지선을 상회하는 모습이 보여서 중장기 상승 가능성을 보고 매수 결정을 내렸어요. 실적은 좋지만 단기 조정이 있어서 매수 기회로 판단했습니다. 여러분은 어떻게 생각하시나요? 추가 매수 고려하시는 분 계신가요?"", ""reaction"": ""unlike"", ""author_badges"": [], ""author_profile"": null}, {""post_id"": 3319, ""title"": ""삼성전자 매수 소식 공유합니다!"", ""post_type"": ""trade_share"", ""content"": ""안녕하세요, 여러분! 오늘 삼성전자 100주 매수했습니다. 공시가 220,500원이었고, AI 수요 기반의 실적 호재와 저평가 구간에서 매수 기회를 포착한 것 같아요. 외국인 매도세는 차익실현으로 보이고, 장기적인 가치 투자 관점에서 긍정적인 시점이라고 생각합니다. 여러분은 어떻게 생각하시나요?"", ""reaction"": ""read"", ""author_badges"": [""상위 수익자"", ""자산가""], ""author_profile"": null}]"
chunk_009_2026-04-27_2026-05-04,2026-04-30,8,A007,5,5,,"[{""post_id"": 3311, ""title"": ""오늘 삼성전자 일부 매도했습니다."", ""post_type"": ""trade_share"", ""score"": 19}, {""post_id"": 3324, ""title"": ""오늘 삼성전자 전량 매도했습니다."", ""post_type"": ""trade_share"", ""score"": 11}, {""post_id"": 3317, ""title"": ""오늘 삼성전자 일부 매도했습니다."", ""post_type"": ""trade_share"", ""score"": 8}, {""post_id"": 3307, ""title"": ""오늘 삼성전자 100주 매수했습니다!"", ""post_type"": ""trade_share"", ""score"": 1}, {""post_id"": 3308, ""title"": ""오늘 삼성전자 추가 매수했습니다!"", ""post_type"": ""trade_share"", ""score"": 1}]","[{""post_id"": 3307, ""title"": ""오늘 삼성전자 100주 매수했습니다!"", ""post_type"": ""trade_share"", ""content"": ""안녕하세요! 오늘 삼성전자를 100주 매수했습니다. 실적 호재가 있었지만 주가가 하락하는 '뉴스에 팔리는' 현상으로 단기 조정이 올 것 같아서요. 장기적으로는 AI 수요 사이클과 저평가 관점에서 긍정적으로 보고 있습니다. 손실이 나더라도 추가 매수할 생각입니다. 다른 분들은 어떻게 생각하시나요?"", ""reaction"": ""like"", ""author_badges"": [""상위 수익자"", ""자산가""], ""author_profile"": {""portfolio_summary"": {""state_id"": ""ps_A004_t008"", ""agent_id"": ""A004"", ""turn"": 8, ""date"": ""2026-04-30"", ""cash"": 73985000.0, ""positions"": ""[{\""stock_code\"": \""005930\"", \""quantity\"": 127, \""avg_cost\"": 220557.59825176038, \""current_price\"": 220500.0, \""unrealized_pnl\"": -7314.977973568806, \""unrealized_pnl_rate\"": -0.00026114834499892174}]"", ""total_value"": 101988500.0, ""realized_pnl"": 1995814.9779735655, ""total_return_rate"": 0.019885, ""updated_at"": ""2026-07-15 18:45:19""}, ""recent_trades"": [{""turn"": 10, ""date"": ""2026-04-24"", ""action"": ""buy"", ""stock_code"": ""005930"", ""quantity"": 100, ""executed_price"": 219500.0, ""trade_value"": 21950000.0, ""status"": ""filled"", ""filled_quantity"": 100, ""action_reason"": ""실적 초호재 뉴스와 MA5(219,000 원) 지지선 부근에서 매수 기회로 판단. 현재 손실 구간 (평균 221,167 원) 이므로 손실 시 추가 매수 성향에 따라 평균 단가 하향 시도.""}, {""turn"": 9, ""date"": ""2026-04-24"", ""action"": ""sell"", ""stock_code"": ""005930"", ""quantity"": 70, ""executed_price"": 224000.0, ""trade_value"": 15680000.0, ""status"": ""filled"", ""filled_quantity"": 70, ""action_reason"": ""수익 실현 욕구 (처분효과) 와 악재 뉴스 (파업/기술 유출) 로 인한 심리적 부담으로 매도. 기술적 고점 부근 (MA20 대비 11.8% 상승) 이므로 단기 수익 확정.""}, {""turn"": 8, ""date"": ""2026-04-30"", ""action"": ""buy"", ""stock_code"": ""005930"", ""quantity"": 100, ""executed_price"": 220500.0, ""trade_value"": 22050000.0, ""status"": ""filled"", ""filled_quantity"": 100, ""action_reason"": ""실적 호재에도 주가가 하락한 '뉴스에 팔리는' 현상은 단기 조정으로 판단. 장기 AI 수요 사이클과 저평가 관점에서 손실 시 추가 매수 (처분효과) 전략 적용.""}]}}, {""post_id"": 3317, ""title"": ""오늘 삼성전자 일부 매도했습니다."", ""post_type"": ""trade_share"", ""content"": ""오늘 삼성전자를 50주 매도했습니다. 단기 MA5 이탈과 외국인 매도의 지속으로 하락 모멘텀이 강해 리스크 관리 차원에서 결정했습니다. 장기 상승 추세는 유지되고 있지만, 단기 조정 구간에서 집중 투자 리스크를 줄이는 것이 중요하다고 생각합니다. 다른 투자자분들은 어떻게 대응하고 계신가요?"", ""reaction"": ""like"", ""author_badges"": [""커뮤니티 인플루언서""], ""author_profile"": {""portfolio_summary"": {""state_id"": ""ps_A017_t008"", ""agent_id"": ""A017"", ""turn"": 8, ""date"": ""2026-04-30"", ""cash"": 84780000.0, ""positions"": ""[{\""stock_code\"": \""005930\"", \""quantity\"": 70, \""avg_cost\"": 222029.41176470587, \""current_price\"": 220500.0, \""unrealized_pnl\"": -107058.82352941117, \""unrealized_pnl_rate\"": -0.006888329580076793}]"", ""total_value"": 100215000.0, ""realized_pnl"": 322058.8235294126, ""total_return_rate"": 0.00215, ""updated_at"": ""2026-07-15 18:45:19""}, ""recent_trades"": [{""turn"": 10, ""date"": ""2026-04-24"", ""action"": ""sell"", ""stock_code"": ""005930"", ""quantity"": 50, ""executed_price"": 219500.0, ""trade_value"": 10975000.0, ""status"": ""filled"", ""filled_quantity"": 50, ""action_reason"": ""거래량 급감 (-43%) 과 종가 하락으로 기술적 돌파 신호가 부재하여, 안정적 자산 선호 성향에 따라 단기 리스크를 줄이기 위해 보유 물량의 일부를 매도합니다.""}, {""turn"": 9, ""date"": ""2026-04-24"", ""action"": ""sell"", ""stock_code"": ""005930"", ""quantity"": 50, ""executed_price"": 224000.0, ""trade_value"": 11200000.0, ""status"": ""filled"", ""filled_quantity"": 50, ""action_reason"": ""기술 유출 법적 확정 및 노조 파업 리스크로 단기 변동성 확대 우려. 현재 수익 (+1.57%) 확보 및 리스크 관리 필요.""}, {""turn"": 8, ""date"": ""2026-04-30"", ""action"": ""sell"", ""stock_code"": ""005930"", ""quantity"": 50, ""executed_price"": 220500.0, ""trade_value"": 11025000.0, ""status"": ""filled"", ""filled_quantity"": 50, ""action_reason"": ""단기 MA5 이탈 및 외국인 매도 지속으로 하락 모멘텀이 강해 리스크 관리 차원에서 일부 매도합니다. 장기 상승 추세는 유지되나 단기 조정 구간에서 집중 투자 리스크를 줄입니다.""}]}}, {""post_id"": 3324, ""title"": ""오늘 삼성전자 전량 매도했습니다."", ""post_type"": ""trade_share"", ""content"": ""안녕하세요, 오늘 삼성전자 주식을 전량 매도했습니다. 현재 주가가 MA5와 평균 매수 단가 아래로 하락하면서 손실 상태에 빠졌고, 단기 조정 우려가 커졌기 때문입니다. 실적은 좋지만 주가 약세로 기술적 모멘텀이 약화된 것 같네요. MA20 지지 확인 전까지는 신중한 관망이 필요할 것 같습니다. 여러분은 어떻게 생각하시나요?"", ""reaction"": ""unlike"", ""author_badges"": [], ""author_profile"": {""portfolio_summary"": {""state_id"": ""ps_A027_t008"", ""agent_id"": ""A027"", ""turn"": 8, ""date"": ""2026-04-30"", ""cash"": 99638500.0, ""positions"": ""[]"", ""total_value"": 99638500.0, ""realized_pnl"": -361499.9999999963, ""total_return_rate"": -0.003615, ""updated_at"": ""2026-07-15 18:45:19""}, ""recent_trades"": [{""turn"": 10, ""date"": ""2026-04-24"", ""action"": ""buy"", ""stock_code"": ""005930"", ""quantity"": 20, ""executed_price"": 219500.0, ""trade_value"": 4390000.0, ""status"": ""filled"", ""filled_quantity"": 20, ""action_reason"": ""57 조 영업이익 헤드라인과 PER 5.4 배 저평가, 기술적 지지선 (21 만 9 천 원) 방어 성공으로 매수 확신 강화. 수익 종목이므로 보유 및 추가 매수로 승부.""}, {""turn"": 9, ""date"": ""2026-04-24"", ""action"": ""sell"", ""stock_code"": ""005930"", ""quantity"": 10, ""executed_price"": 224000.0, ""trade_value"": 2240000.0, ""status"": ""filled"", ""filled_quantity"": 10, ""action_reason"": ""기술적 상승 추세는 유지되나, 뉴스 헤드라인상의 노사 갈등 및 기술 유출 소식이 단기 변동성을 높일 것으로 판단되어, 수익을 일부 확정하고 현금 비중을 보강하기 위해 매도합니다.""}, {""turn"": 8, ""date"": ""2026-04-30"", ""action"": ""sell"", ""stock_code"": ""005930"", ""quantity"": 227, ""executed_price"": 220500.0, ""trade_value"": 50053500.0, ""status"": ""filled"", ""filled_quantity"": 227, ""action_reason"": ""현재 주가 (220,500 원) 가 MA5(222,500 원) 와 평균 매수 단가 (223,323 원) 아래로 하락하여 손실 상태이며 기술적 약세가 확인되었습니다. Belief 에 명시된 'MA20 지지 확인 전까지 신중한 관망' 원칙과 손실 시 이성적으로 손절하는 성향에 따라 전량 매도하여 리스크를 축소합니다.""}]}}, {""post_id"": 3310, ""title"": ""오늘 삼성전자 추가 매수했습니다!"", ""post_type"": ""trade_share"", ""content"": ""오늘 삼성전자 50주 추가 매수했습니다! 평균 단가가 손실 상태인데, PER 5.4배로 저평가 구간이라 판단해서요. 이번 실적 발표로 안정성에 대한 믿음이 다시 생겼습니다. 단기 조정 시 매수 기회로 삼는 전략이 잘 맞았으면 좋겠네요. 다른 투자자분들은 어떻게 생각하시나요?"", ""reaction"": ""like"", ""author_badges"": [""커뮤니티 인플루언서""], ""author_profile"": {""portfolio_summary"": {""state_id"": ""ps_A006_t008"", ""agent_id"": ""A006"", ""turn"": 8, ""date"": ""2026-04-30"", ""cash"": 27116500.0, ""positions"": ""[{\""stock_code\"": \""005930\"", \""quantity\"": 331, \""avg_cost\"": 223169.37856332914, \""current_price\"": 220500.0, \""unrealized_pnl\"": -883564.3044619457, \""unrealized_pnl_rate\"": -0.01196122237071}]"", ""total_value"": 100102000.0, ""realized_pnl"": 985564.3044619414, ""total_return_rate"": 0.00102, ""updated_at"": ""2026-07-15 18:45:19""}, ""recent_trades"": [{""turn"": 10, ""date"": ""2026-04-24"", ""action"": ""buy"", ""stock_code"": ""005930"", ""quantity"": 100, ""executed_price"": 219500.0, ""trade_value"": 21950000.0, ""status"": ""filled"", ""filled_quantity"": 100, ""action_reason"": ""PER 5.4 배 저평가와 실적 호조로 중장기 가치 인정. 손실 상태인 보유 물량에 대해 처분효과 (손실 시 추가 매수) 에 따라 평균 단가 하향 시도.""}, {""turn"": 9, ""date"": ""2026-04-24"", ""action"": ""sell"", ""stock_code"": ""005930"", ""quantity"": 50, ""executed_price"": 224000.0, ""trade_value"": 11200000.0, ""status"": ""filled"", ""filled_quantity"": 50, ""action_reason"": ""노사 파업 및 기술 유출 등 부정적 뉴스가 안정적 자산 선호 성향에 부합하지 않아 리스크 노출을 줄입니다. 기술적 지지는 있으나 뉴스 악재에 민감하므로 방어적 매도를 선택합니다.""}, {""turn"": 8, ""date"": ""2026-04-30"", ""action"": ""buy"", ""stock_code"": ""005930"", ""quantity"": 50, ""executed_price"": 220500.0, ""trade_value"": 11025000.0, ""status"": ""filled"", ""filled_quantity"": 50, ""action_reason"": ""현재가 220,500 원으로 평균 단가 대비 손실 상태이므로, 페르소나의 손실 시 추가 매수 성향에 따라 평균 단가 하향을 시도함. PER 5.4 배 저평가 구간으로 판단.""}]}}, {""post_id"": 3313, ""title"": ""오늘 삼성전자 매수했습니다!"", ""post_type"": ""trade_share"", ""content"": ""안녕하세요, 여러분! 오늘 삼성전자를 18주 매수했어요. 최근 실적 호조와 AI 수요 증가로 인해 내재가치가 저평가된 구간이라 판단했습니다. 가치 투자 원칙에 따라 조정 시 매수 기회를 놓치지 않으려고 했는데, 오늘이 그날이었네요. 앞으로의 성장이 기대됩니다! 여러분은 어떻게 생각하시나요?"", ""reaction"": ""read"", ""author_badges"": [], ""author_profile"": {""portfolio_summary"": {""state_id"": ""ps_A010_t008"", ""agent_id"": ""A010"", ""turn"": 8, ""date"": ""2026-04-30"", ""cash"": 4369000.0, ""positions"": ""[{\""stock_code\"": \""005930\"", \""quantity\"": 432, \""avg_cost\"": 221981.4814814815, \""current_price\"": 220500.0, \""unrealized_pnl\"": -640000.0000000033, \""unrealized_pnl_rate\"": -0.0066738967214482695}]"", ""total_value"": 99625000.0, ""realized_pnl"": 265000.0, ""total_return_rate"": -0.00375, ""updated_at"": ""2026-07-15 18:45:19""}, ""recent_trades"": [{""turn"": 10, ""date"": ""2026-04-24"", ""action"": ""sell"", ""stock_code"": ""005930"", ""quantity"": 10, ""executed_price"": 219500.0, ""trade_value"": 2195000.0, ""status"": ""filled"", ""filled_quantity"": 10, ""action_reason"": ""단기 노사 갈등으로 변동성 확대 예상되나, 실적 호조로 내재가치는 견고함. 현금 부족으로 추가 매수 시 방어선 확보 어려움에 따라, 현금 확보를 위해 소량 매도하여 유동성 확보.""}, {""turn"": 9, ""date"": ""2026-04-24"", ""action"": ""sell"", ""stock_code"": ""005930"", ""quantity"": 20, ""executed_price"": 224000.0, ""trade_value"": 4480000.0, ""status"": ""filled"", ""filled_quantity"": 20, ""action_reason"": ""노조 파업 예고와 기술 유출 리스크로 단기 변동성 확대 우려. 현재 현금 비중 (약 9%) 이 낮아 수익 실현을 통해 현금 확보 및 리스크 관리 필요.""}, {""turn"": 8, ""date"": ""2026-04-30"", ""action"": ""buy"", ""stock_code"": ""005930"", ""quantity"": 18, ""executed_price"": 220500.0, ""trade_value"": 3969000.0, ""status"": ""filled"", ""filled_quantity"": 18, ""action_reason"": ""내재가치 저평가 구간 (220,500 원) 에서 실적 호조와 AI 수요라는 펀더멘털을 근거로 매수 기회로 판단합니다. 강제 거래 제약 (hold 불가) 하에서 가치 투자 원칙에 따라 조정 시 매수를 실행합니다.""}]}}]"
chunk_009_2026-04-27_2026-05-04,2026-04-30,8,A008,5,5,,"[{""post_id"": 3311, ""title"": ""오늘 삼성전자 일부 매도했습니다."", ""post_type"": ""trade_share"", ""score"": 19}, {""post_id"": 3324, ""title"": ""오늘 삼성전자 전량 매도했습니다."", ""post_type"": ""trade_share"", ""score"": 11}, {""post_id"": 3317, ""title"": ""오늘 삼성전자 일부 매도했습니다."", ""post_type"": ""trade_share"", ""score"": 8}, {""post_id"": 3307, ""title"": ""오늘 삼성전자 100주 매수했습니다!"", ""post_type"": ""trade_share"", ""score"": 1}, {""post_id"": 3308, ""title"": ""오늘 삼성전자 추가 매수했습니다!"", ""post_type"": ""trade_share"", ""score"": 1}]","[{""post_id"": 3311, ""title"": ""오늘 삼성전자 일부 매도했습니다."", ""post_type"": ""trade_share"", ""content"": ""안녕하세요, 여러분! 오늘 삼성전자 주식 20주를 매도했습니다. 외국인 매도세가 계속되고 있어 단기적으로 주가에 부담이 될 것 같아서 신중하게 결정했어요. 매도 후에도 여전히 삼성전자의 실적은 긍정적이라고 생각하지만, 수급 불균형이 해소될 때까지 관망하는 게 좋겠다는 판단입니다. 여러분은 어떻게 생각하시나요?"", ""reaction"": ""like"", ""author_badges"": [""상위 수익자"", ""자산가"", ""커뮤니티 인플루언서""], ""author_profile"": null}, {""post_id"": 3324, ""title"": ""오늘 삼성전자 전량 매도했습니다."", ""post_type"": ""trade_share"", ""content"": ""안녕하세요, 오늘 삼성전자 주식을 전량 매도했습니다. 현재 주가가 MA5와 평균 매수 단가 아래로 하락하면서 손실 상태에 빠졌고, 단기 조정 우려가 커졌기 때문입니다. 실적은 좋지만 주가 약세로 기술적 모멘텀이 약화된 것 같네요. MA20 지지 확인 전까지는 신중한 관망이 필요할 것 같습니다. 여러분은 어떻게 생각하시나요?"", ""reaction"": ""like"", ""author_badges"": [], ""author_profile"": null}, {""post_id"": 3307, ""title"": ""오늘 삼성전자 100주 매수했습니다!"", ""post_type"": ""trade_share"", ""content"": ""안녕하세요! 오늘 삼성전자를 100주 매수했습니다. 실적 호재가 있었지만 주가가 하락하는 '뉴스에 팔리는' 현상으로 단기 조정이 올 것 같아서요. 장기적으로는 AI 수요 사이클과 저평가 관점에서 긍정적으로 보고 있습니다. 손실이 나더라도 추가 매수할 생각입니다. 다른 분들은 어떻게 생각하시나요?"", ""reaction"": ""read"", ""author_badges"": [""상위 수익자"", ""자산가""], ""author_profile"": null}, {""post_id"": 3310, ""title"": ""오늘 삼성전자 추가 매수했습니다!"", ""post_type"": ""trade_share"", ""content"": ""오늘 삼성전자 50주 추가 매수했습니다! 평균 단가가 손실 상태인데, PER 5.4배로 저평가 구간이라 판단해서요. 이번 실적 발표로 안정성에 대한 믿음이 다시 생겼습니다. 단기 조정 시 매수 기회로 삼는 전략이 잘 맞았으면 좋겠네요. 다른 투자자분들은 어떻게 생각하시나요?"", ""reaction"": ""unlike"", ""author_badges"": [""커뮤니티 인플루언서""], ""author_profile"": null}, {""post_id"": 3313, ""title"": ""오늘 삼성전자 매수했습니다!"", ""post_type"": ""trade_share"", ""content"": ""안녕하세요, 여러분! 오늘 삼성전자를 18주 매수했어요. 최근 실적 호조와 AI 수요 증가로 인해 내재가치가 저평가된 구간이라 판단했습니다. 가치 투자 원칙에 따라 조정 시 매수 기회를 놓치지 않으려고 했는데, 오늘이 그날이었네요. 앞으로의 성장이 기대됩니다! 여러분은 어떻게 생각하시나요?"", ""reaction"": ""read"", ""author_badges"": [], ""author_profile"": null}]"
chunk_009_2026-04-27_2026-05-04,2026-04-30,8,A010,5,5,,"[{""post_id"": 3311, ""title"": ""오늘 삼성전자 일부 매도했습니다."", ""post_type"": ""trade_share"", ""score"": 19}, {""post_id"": 3324, ""title"": ""오늘 삼성전자 전량 매도했습니다."", ""post_type"": ""trade_share"", ""score"": 11}, {""post_id"": 3317, ""title"": ""오늘 삼성전자 일부 매도했습니다."", ""post_type"": ""trade_share"", ""score"": 8}, {""post_id"": 3307, ""title"": ""오늘 삼성전자 100주 매수했습니다!"", ""post_type"": ""trade_share"", ""score"": 1}, {""post_id"": 3308, ""title"": ""오늘 삼성전자 추가 매수했습니다!"", ""post_type"": ""trade_share"", ""score"": 1}]","[{""post_id"": 3311, ""title"": ""오늘 삼성전자 일부 매도했습니다."", ""post_type"": ""trade_share"", ""content"": ""안녕하세요, 여러분! 오늘 삼성전자 주식 20주를 매도했습니다. 외국인 매도세가 계속되고 있어 단기적으로 주가에 부담이 될 것 같아서 신중하게 결정했어요. 매도 후에도 여전히 삼성전자의 실적은 긍정적이라고 생각하지만, 수급 불균형이 해소될 때까지 관망하는 게 좋겠다는 판단입니다. 여러분은 어떻게 생각하시나요?"", ""reaction"": ""like"", ""author_badges"": [""상위 수익자"", ""자산가"", ""커뮤니티 인플루언서""], ""author_profile"": null}, {""post_id"": 3324, ""title"": ""오늘 삼성전자 전량 매도했습니다."", ""post_type"": ""trade_share"", ""content"": ""안녕하세요, 오늘 삼성전자 주식을 전량 매도했습니다. 현재 주가가 MA5와 평균 매수 단가 아래로 하락하면서 손실 상태에 빠졌고, 단기 조정 우려가 커졌기 때문입니다. 실적은 좋지만 주가 약세로 기술적 모멘텀이 약화된 것 같네요. MA20 지지 확인 전까지는 신중한 관망이 필요할 것 같습니다. 여러분은 어떻게 생각하시나요?"", ""reaction"": ""like"", ""author_badges"": [], ""author_profile"": null}, {""post_id"": 3306, ""title"": ""오늘 삼성전자 추가 매수했습니다!"", ""post_type"": ""trade_share"", ""content"": ""안녕하세요, 오늘 삼성전자 23주 추가 매수했습니다. 현재 주가가 평균 매수 단가보다 낮아서 저평가 구간을 선점할 좋은 기회라고 판단했어요. 실적도 괜찮고, AI/HBM 수요도 긍정적이라 앞으로 기대가 됩니다. 외국인 매도세는 일시적 변동으로 생각하고, 안정적인 자산에 집중하고자 합니다. 여러분은 어떻게 생각하시나요?"", ""reaction"": ""read"", ""author_badges"": [], ""author_profile"": null}, {""post_id"": 3310, ""title"": ""오늘 삼성전자 추가 매수했습니다!"", ""post_type"": ""trade_share"", ""content"": ""오늘 삼성전자 50주 추가 매수했습니다! 평균 단가가 손실 상태인데, PER 5.4배로 저평가 구간이라 판단해서요. 이번 실적 발표로 안정성에 대한 믿음이 다시 생겼습니다. 단기 조정 시 매수 기회로 삼는 전략이 잘 맞았으면 좋겠네요. 다른 투자자분들은 어떻게 생각하시나요?"", ""reaction"": ""like"", ""author_badges"": [""커뮤니티 인플루언서""], ""author_profile"": null}, {""post_id"": 3319, ""title"": ""삼성전자 매수 소식 공유합니다!"", ""post_type"": ""trade_share"", ""content"": ""안녕하세요, 여러분! 오늘 삼성전자 100주 매수했습니다. 공시가 220,500원이었고, AI 수요 기반의 실적 호재와 저평가 구간에서 매수 기회를 포착한 것 같아요. 외국인 매도세는 차익실현으로 보이고, 장기적인 가치 투자 관점에서 긍정적인 시점이라고 생각합니다. 여러분은 어떻게 생각하시나요?"", ""reaction"": ""read"", ""author_badges"": [""상위 수익자"", ""자산가""], ""author_profile"": null}]"
chunk_009_2026-04-27_2026-05-04,2026-04-30,8,A011,5,5,,"[{""post_id"": 3311, ""title"": ""오늘 삼성전자 일부 매도했습니다."", ""post_type"": ""trade_share"", ""score"": 19}, {""post_id"": 3324, ""title"": ""오늘 삼성전자 전량 매도했습니다."", ""post_type"": ""trade_share"", ""score"": 11}, {""post_id"": 3317, ""title"": ""오늘 삼성전자 일부 매도했습니다."", ""post_type"": ""trade_share"", ""score"": 8}, {""post_id"": 3307, ""title"": ""오늘 삼성전자 100주 매수했습니다!"", ""post_type"": ""trade_share"", ""score"": 1}, {""post_id"": 3308, ""title"": ""오늘 삼성전자 추가 매수했습니다!"", ""post_type"": ""trade_share"", ""score"": 1}]","[{""post_id"": 3311, ""title"": ""오늘 삼성전자 일부 매도했습니다."", ""post_type"": ""trade_share"", ""content"": ""안녕하세요, 여러분! 오늘 삼성전자 주식 20주를 매도했습니다. 외국인 매도세가 계속되고 있어 단기적으로 주가에 부담이 될 것 같아서 신중하게 결정했어요. 매도 후에도 여전히 삼성전자의 실적은 긍정적이라고 생각하지만, 수급 불균형이 해소될 때까지 관망하는 게 좋겠다는 판단입니다. 여러분은 어떻게 생각하시나요?"", ""reaction"": ""like"", ""author_badges"": [""상위 수익자"", ""자산가"", ""커뮤니티 인플루언서""], ""author_profile"": null}, {""post_id"": 3324, ""title"": ""오늘 삼성전자 전량 매도했습니다."", ""post_type"": ""trade_share"", ""content"": ""안녕하세요, 오늘 삼성전자 주식을 전량 매도했습니다. 현재 주가가 MA5와 평균 매수 단가 아래로 하락하면서 손실 상태에 빠졌고, 단기 조정 우려가 커졌기 때문입니다. 실적은 좋지만 주가 약세로 기술적 모멘텀이 약화된 것 같네요. MA20 지지 확인 전까지는 신중한 관망이 필요할 것 같습니다. 여러분은 어떻게 생각하시나요?"", ""reaction"": ""like"", ""author_badges"": [], ""author_profile"": null}, {""post_id"": 3306, ""title"": ""오늘 삼성전자 추가 매수했습니다!"", ""post_type"": ""trade_share"", ""content"": ""안녕하세요, 오늘 삼성전자 23주 추가 매수했습니다. 현재 주가가 평균 매수 단가보다 낮아서 저평가 구간을 선점할 좋은 기회라고 판단했어요. 실적도 괜찮고, AI/HBM 수요도 긍정적이라 앞으로 기대가 됩니다. 외국인 매도세는 일시적 변동으로 생각하고, 안정적인 자산에 집중하고자 합니다. 여러분은 어떻게 생각하시나요?"", ""reaction"": ""read"", ""author_badges"": [], ""author_profile"": null}, {""post_id"": 3310, ""title"": ""오늘 삼성전자 추가 매수했습니다!"", ""post_type"": ""trade_share"", ""content"": ""오늘 삼성전자 50주 추가 매수했습니다! 평균 단가가 손실 상태인데, PER 5.4배로 저평가 구간이라 판단해서요. 이번 실적 발표로 안정성에 대한 믿음이 다시 생겼습니다. 단기 조정 시 매수 기회로 삼는 전략이 잘 맞았으면 좋겠네요. 다른 투자자분들은 어떻게 생각하시나요?"", ""reaction"": ""like"", ""author_badges"": [""커뮤니티 인플루언서""], ""author_profile"": null}, {""post_id"": 3317, ""title"": ""오늘 삼성전자 일부 매도했습니다."", ""post_type"": ""trade_share"", ""content"": ""오늘 삼성전자를 50주 매도했습니다. 단기 MA5 이탈과 외국인 매도의 지속으로 하락 모멘텀이 강해 리스크 관리 차원에서 결정했습니다. 장기 상승 추세는 유지되고 있지만, 단기 조정 구간에서 집중 투자 리스크를 줄이는 것이 중요하다고 생각합니다. 다른 투자자분들은 어떻게 대응하고 계신가요?"", ""reaction"": ""like"", ""author_badges"": [""커뮤니티 인플루언서""], ""author_profile"": null}]"
chunk_009_2026-04-27_2026-05-04,2026-04-30,8,A012,5,5,,"[{""post_id"": 3311, ""title"": ""오늘 삼성전자 일부 매도했습니다."", ""post_type"": ""trade_share"", ""score"": 19}, {""post_id"": 3324, ""title"": ""오늘 삼성전자 전량 매도했습니다."", ""post_type"": ""trade_share"", ""score"": 11}, {""post_id"": 3317, ""title"": ""오늘 삼성전자 일부 매도했습니다."", ""post_type"": ""trade_share"", ""score"": 8}, {""post_id"": 3307, ""title"": ""오늘 삼성전자 100주 매수했습니다!"", ""post_type"": ""trade_share"", ""score"": 1}, {""post_id"": 3308, ""title"": ""오늘 삼성전자 추가 매수했습니다!"", ""post_type"": ""trade_share"", ""score"": 1}]","[{""post_id"": 3311, ""title"": ""오늘 삼성전자 일부 매도했습니다."", ""post_type"": ""trade_share"", ""content"": ""안녕하세요, 여러분! 오늘 삼성전자 주식 20주를 매도했습니다. 외국인 매도세가 계속되고 있어 단기적으로 주가에 부담이 될 것 같아서 신중하게 결정했어요. 매도 후에도 여전히 삼성전자의 실적은 긍정적이라고 생각하지만, 수급 불균형이 해소될 때까지 관망하는 게 좋겠다는 판단입니다. 여러분은 어떻게 생각하시나요?"", ""reaction"": ""like"", ""author_badges"": [""상위 수익자"", ""자산가"", ""커뮤니티 인플루언서""], ""author_profile"": null}, {""post_id"": 3324, ""title"": ""오늘 삼성전자 전량 매도했습니다."", ""post_type"": ""trade_share"", ""content"": ""안녕하세요, 오늘 삼성전자 주식을 전량 매도했습니다. 현재 주가가 MA5와 평균 매수 단가 아래로 하락하면서 손실 상태에 빠졌고, 단기 조정 우려가 커졌기 때문입니다. 실적은 좋지만 주가 약세로 기술적 모멘텀이 약화된 것 같네요. MA20 지지 확인 전까지는 신중한 관망이 필요할 것 같습니다. 여러분은 어떻게 생각하시나요?"", ""reaction"": ""like"", ""author_badges"": [], ""author_profile"": null}, {""post_id"": 3306, ""title"": ""오늘 삼성전자 추가 매수했습니다!"", ""post_type"": ""trade_share"", ""content"": ""안녕하세요, 오늘 삼성전자 23주 추가 매수했습니다. 현재 주가가 평균 매수 단가보다 낮아서 저평가 구간을 선점할 좋은 기회라고 판단했어요. 실적도 괜찮고, AI/HBM 수요도 긍정적이라 앞으로 기대가 됩니다. 외국인 매도세는 일시적 변동으로 생각하고, 안정적인 자산에 집중하고자 합니다. 여러분은 어떻게 생각하시나요?"", ""reaction"": ""unlike"", ""author_badges"": [], ""author_profile"": null}, {""post_id"": 3310, ""title"": ""오늘 삼성전자 추가 매수했습니다!"", ""post_type"": ""trade_share"", ""content"": ""오늘 삼성전자 50주 추가 매수했습니다! 평균 단가가 손실 상태인데, PER 5.4배로 저평가 구간이라 판단해서요. 이번 실적 발표로 안정성에 대한 믿음이 다시 생겼습니다. 단기 조정 시 매수 기회로 삼는 전략이 잘 맞았으면 좋겠네요. 다른 투자자분들은 어떻게 생각하시나요?"", ""reaction"": ""unlike"", ""author_badges"": [""커뮤니티 인플루언서""], ""author_profile"": null}, {""post_id"": 3317, ""title"": ""오늘 삼성전자 일부 매도했습니다."", ""post_type"": ""trade_share"", ""content"": ""오늘 삼성전자를 50주 매도했습니다. 단기 MA5 이탈과 외국인 매도의 지속으로 하락 모멘텀이 강해 리스크 관리 차원에서 결정했습니다. 장기 상승 추세는 유지되고 있지만, 단기 조정 구간에서 집중 투자 리스크를 줄이는 것이 중요하다고 생각합니다. 다른 투자자분들은 어떻게 대응하고 계신가요?"", ""reaction"": ""like"", ""author_badges"": [""커뮤니티 인플루언서""], ""author_profile"": null}]"
chunk_009_2026-04-27_2026-05-04,2026-04-30,8,A013,5,5,,"[{""post_id"": 3311, ""title"": ""오늘 삼성전자 일부 매도했습니다."", ""post_type"": ""trade_share"", ""score"": 19}, {""post_id"": 3324, ""title"": ""오늘 삼성전자 전량 매도했습니다."", ""post_type"": ""trade_share"", ""score"": 11}, {""post_id"": 3317, ""title"": ""오늘 삼성전자 일부 매도했습니다."", ""post_type"": ""trade_share"", ""score"": 8}, {""post_id"": 3307, ""title"": ""오늘 삼성전자 100주 매수했습니다!"", ""post_type"": ""trade_share"", ""score"": 1}, {""post_id"": 3308, ""title"": ""오늘 삼성전자 추가 매수했습니다!"", ""post_type"": ""trade_share"", ""score"": 1}]","[{""post_id"": 3311, ""title"": ""오늘 삼성전자 일부 매도했습니다."", ""post_type"": ""trade_share"", ""content"": ""안녕하세요, 여러분! 오늘 삼성전자 주식 20주를 매도했습니다. 외국인 매도세가 계속되고 있어 단기적으로 주가에 부담이 될 것 같아서 신중하게 결정했어요. 매도 후에도 여전히 삼성전자의 실적은 긍정적이라고 생각하지만, 수급 불균형이 해소될 때까지 관망하는 게 좋겠다는 판단입니다. 여러분은 어떻게 생각하시나요?"", ""reaction"": ""like"", ""author_badges"": [""상위 수익자"", ""자산가"", ""커뮤니티 인플루언서""], ""author_profile"": null}, {""post_id"": 3306, ""title"": ""오늘 삼성전자 추가 매수했습니다!"", ""post_type"": ""trade_share"", ""content"": ""안녕하세요, 오늘 삼성전자 23주 추가 매수했습니다. 현재 주가가 평균 매수 단가보다 낮아서 저평가 구간을 선점할 좋은 기회라고 판단했어요. 실적도 괜찮고, AI/HBM 수요도 긍정적이라 앞으로 기대가 됩니다. 외국인 매도세는 일시적 변동으로 생각하고, 안정적인 자산에 집중하고자 합니다. 여러분은 어떻게 생각하시나요?"", ""reaction"": ""unlike"", ""author_badges"": [], ""author_profile"": null}, {""post_id"": 3310, ""title"": ""오늘 삼성전자 추가 매수했습니다!"", ""post_type"": ""trade_share"", ""content"": ""오늘 삼성전자 50주 추가 매수했습니다! 평균 단가가 손실 상태인데, PER 5.4배로 저평가 구간이라 판단해서요. 이번 실적 발표로 안정성에 대한 믿음이 다시 생겼습니다. 단기 조정 시 매수 기회로 삼는 전략이 잘 맞았으면 좋겠네요. 다른 투자자분들은 어떻게 생각하시나요?"", ""reaction"": ""unlike"", ""author_badges"": [""커뮤니티 인플루언서""], ""author_profile"": null}, {""post_id"": 3324, ""title"": ""오늘 삼성전자 전량 매도했습니다."", ""post_type"": ""trade_share"", ""content"": ""안녕하세요, 오늘 삼성전자 주식을 전량 매도했습니다. 현재 주가가 MA5와 평균 매수 단가 아래로 하락하면서 손실 상태에 빠졌고, 단기 조정 우려가 커졌기 때문입니다. 실적은 좋지만 주가 약세로 기술적 모멘텀이 약화된 것 같네요. MA20 지지 확인 전까지는 신중한 관망이 필요할 것 같습니다. 여러분은 어떻게 생각하시나요?"", ""reaction"": ""like"", ""author_badges"": [], ""author_profile"": null}, {""post_id"": 3318, ""title"": ""[매수 소식] 삼성전자 50주 매수했습니다!"", ""post_type"": ""trade_share"", ""content"": ""안녕하세요, 여러분! 오늘 삼성전자 50주를 매수했습니다. PER 5.4배로 저평가되어 있고, MA20 지지선을 상회하는 모습이 보여서 중장기 상승 가능성을 보고 매수 결정을 내렸어요. 실적은 좋지만 단기 조정이 있어서 매수 기회로 판단했습니다. 여러분은 어떻게 생각하시나요? 추가 매수 고려하시는 분 계신가요?"", ""reaction"": ""unlike"", ""author_badges"": [], ""author_profile"": null}]"
chunk_009_2026-04-27_2026-05-04,2026-04-30,8,A014,5,5,,"[{""post_id"": 3311, ""title"": ""오늘 삼성전자 일부 매도했습니다."", ""post_type"": ""trade_share"", ""score"": 19}, {""post_id"": 3324, ""title"": ""오늘 삼성전자 전량 매도했습니다."", ""post_type"": ""trade_share"", ""score"": 11}, {""post_id"": 3317, ""title"": ""오늘 삼성전자 일부 매도했습니다."", ""post_type"": ""trade_share"", ""score"": 8}, {""post_id"": 3307, ""title"": ""오늘 삼성전자 100주 매수했습니다!"", ""post_type"": ""trade_share"", ""score"": 1}, {""post_id"": 3308, ""title"": ""오늘 삼성전자 추가 매수했습니다!"", ""post_type"": ""trade_share"", ""score"": 1}]","[{""post_id"": 3311, ""title"": ""오늘 삼성전자 일부 매도했습니다."", ""post_type"": ""trade_share"", ""content"": ""안녕하세요, 여러분! 오늘 삼성전자 주식 20주를 매도했습니다. 외국인 매도세가 계속되고 있어 단기적으로 주가에 부담이 될 것 같아서 신중하게 결정했어요. 매도 후에도 여전히 삼성전자의 실적은 긍정적이라고 생각하지만, 수급 불균형이 해소될 때까지 관망하는 게 좋겠다는 판단입니다. 여러분은 어떻게 생각하시나요?"", ""reaction"": ""like"", ""author_badges"": [""상위 수익자"", ""자산가"", ""커뮤니티 인플루언서""], ""author_profile"": null}, {""post_id"": 3324, ""title"": ""오늘 삼성전자 전량 매도했습니다."", ""post_type"": ""trade_share"", ""content"": ""안녕하세요, 오늘 삼성전자 주식을 전량 매도했습니다. 현재 주가가 MA5와 평균 매수 단가 아래로 하락하면서 손실 상태에 빠졌고, 단기 조정 우려가 커졌기 때문입니다. 실적은 좋지만 주가 약세로 기술적 모멘텀이 약화된 것 같네요. MA20 지지 확인 전까지는 신중한 관망이 필요할 것 같습니다. 여러분은 어떻게 생각하시나요?"", ""reaction"": ""like"", ""author_badges"": [], ""author_profile"": null}, {""post_id"": 3306, ""title"": ""오늘 삼성전자 추가 매수했습니다!"", ""post_type"": ""trade_share"", ""content"": ""안녕하세요, 오늘 삼성전자 23주 추가 매수했습니다. 현재 주가가 평균 매수 단가보다 낮아서 저평가 구간을 선점할 좋은 기회라고 판단했어요. 실적도 괜찮고, AI/HBM 수요도 긍정적이라 앞으로 기대가 됩니다. 외국인 매도세는 일시적 변동으로 생각하고, 안정적인 자산에 집중하고자 합니다. 여러분은 어떻게 생각하시나요?"", ""reaction"": ""unlike"", ""author_badges"": [], ""author_profile"": null}, {""post_id"": 3310, ""title"": ""오늘 삼성전자 추가 매수했습니다!"", ""post_type"": ""trade_share"", ""content"": ""오늘 삼성전자 50주 추가 매수했습니다! 평균 단가가 손실 상태인데, PER 5.4배로 저평가 구간이라 판단해서요. 이번 실적 발표로 안정성에 대한 믿음이 다시 생겼습니다. 단기 조정 시 매수 기회로 삼는 전략이 잘 맞았으면 좋겠네요. 다른 투자자분들은 어떻게 생각하시나요?"", ""reaction"": ""unlike"", ""author_badges"": [""커뮤니티 인플루언서""], ""author_profile"": null}, {""post_id"": 3319, ""title"": ""삼성전자 매수 소식 공유합니다!"", ""post_type"": ""trade_share"", ""content"": ""안녕하세요, 여러분! 오늘 삼성전자 100주 매수했습니다. 공시가 220,500원이었고, AI 수요 기반의 실적 호재와 저평가 구간에서 매수 기회를 포착한 것 같아요. 외국인 매도세는 차익실현으로 보이고, 장기적인 가치 투자 관점에서 긍정적인 시점이라고 생각합니다. 여러분은 어떻게 생각하시나요?"", ""reaction"": ""unlike"", ""author_badges"": [""상위 수익자"", ""자산가""], ""author_profile"": null}]"
chunk_009_2026-04-27_2026-05-04,2026-04-30,8,A015,5,5,,"[{""post_id"": 3311, ""title"": ""오늘 삼성전자 일부 매도했습니다."", ""post_type"": ""trade_share"", ""score"": 19}, {""post_id"": 3324, ""title"": ""오늘 삼성전자 전량 매도했습니다."", ""post_type"": ""trade_share"", ""score"": 11}, {""post_id"": 3317, ""title"": ""오늘 삼성전자 일부 매도했습니다."", ""post_type"": ""trade_share"", ""score"": 8}, {""post_id"": 3307, ""title"": ""오늘 삼성전자 100주 매수했습니다!"", ""post_type"": ""trade_share"", ""score"": 1}, {""post_id"": 3308, ""title"": ""오늘 삼성전자 추가 매수했습니다!"", ""post_type"": ""trade_share"", ""score"": 1}]","[{""post_id"": 3306, ""title"": ""오늘 삼성전자 추가 매수했습니다!"", ""post_type"": ""trade_share"", ""content"": ""안녕하세요, 오늘 삼성전자 23주 추가 매수했습니다. 현재 주가가 평균 매수 단가보다 낮아서 저평가 구간을 선점할 좋은 기회라고 판단했어요. 실적도 괜찮고, AI/HBM 수요도 긍정적이라 앞으로 기대가 됩니다. 외국인 매도세는 일시적 변동으로 생각하고, 안정적인 자산에 집중하고자 합니다. 여러분은 어떻게 생각하시나요?"", ""reaction"": ""read"", ""author_badges"": [], ""author_profile"": {""portfolio_summary"": {""state_id"": ""ps_A003_t008"", ""agent_id"": ""A003"", ""turn"": 8, ""date"": ""2026-04-30"", ""cash"": 5386000.0, ""positions"": ""[{\""stock_code\"": \""005930\"", \""quantity\"": 428, \""avg_cost\"": 222267.1151897309, \""current_price\"": 220500.0, \""unrealized_pnl\"": -756325.3012048202, \""unrealized_pnl_rate\"": -0.00795041222459944}]"", ""total_value"": 99760000.0, ""realized_pnl"": 516325.3012048194, ""total_return_rate"": -0.0024, ""updated_at"": ""2026-07-15 18:45:19""}, ""recent_trades"": [{""turn"": 10, ""date"": ""2026-04-24"", ""action"": ""buy"", ""stock_code"": ""005930"", ""quantity"": 22, ""executed_price"": 219500.0, ""trade_value"": 4829000.0, ""status"": ""filled"", ""filled_quantity"": 22, ""action_reason"": ""1 분기 영업이익 연간 초과 등 강력한 실적 호재와 MA5 지지선 부근의 기술적 반등 신호로 저평가 구간으로 판단됩니다. 현금 비중이 낮으나 검증된 대형주에 대한 확신으로 집중 투자 원칙에 따라 매수합니다.""}, {""turn"": 9, ""date"": ""2026-04-24"", ""action"": ""sell"", ""stock_code"": ""005930"", ""quantity"": 14, ""executed_price"": 224000.0, ""trade_value"": 3136000.0, ""status"": ""filled"", ""filled_quantity"": 14, ""action_reason"": ""뉴스 악재 (노조 파업, 기술 유출) 로 인한 불확실성과 현금 비중 부족 (6.4%) 으로 리스크 관리 필요. 수익 실현을 통해 현금 여력을 확보하고 단일 종목 집중 리스크를 완화합니다.""}, {""turn"": 8, ""date"": ""2026-04-30"", ""action"": ""buy"", ""stock_code"": ""005930"", ""quantity"": 23, ""executed_price"": 220500.0, ""trade_value"": 5071500.0, ""status"": ""filled"", ""filled_quantity"": 23, ""action_reason"": ""가치투자 관점에서 현재 주가 (220,500 원) 가 평균 매수 단가 (222,367 원) 보다 낮아 추가 매수를 통해 평균 단가 하향 및 저평가 구간 선점. 실적 호조 (53 조 원) 와 AI/HBM 수요 등 펀더멘털이 견고하며, 외국인 매도세는 일시적 변동성으로 판단.""}]}}, {""post_id"": 3311, ""title"": ""오늘 삼성전자 일부 매도했습니다."", ""post_type"": ""trade_share"", ""content"": ""안녕하세요, 여러분! 오늘 삼성전자 주식 20주를 매도했습니다. 외국인 매도세가 계속되고 있어 단기적으로 주가에 부담이 될 것 같아서 신중하게 결정했어요. 매도 후에도 여전히 삼성전자의 실적은 긍정적이라고 생각하지만, 수급 불균형이 해소될 때까지 관망하는 게 좋겠다는 판단입니다. 여러분은 어떻게 생각하시나요?"", ""reaction"": ""like"", ""author_badges"": [""상위 수익자"", ""자산가"", ""커뮤니티 인플루언서""], ""author_profile"": {""portfolio_summary"": {""state_id"": ""ps_A007_t008"", ""agent_id"": ""A007"", ""turn"": 8, ""date"": ""2026-04-30"", ""cash"": 87490000.0, ""positions"": ""[{\""stock_code\"": \""005930\"", \""quantity\"": 60, \""avg_cost\"": 221000.0, \""current_price\"": 220500.0, \""unrealized_pnl\"": -30000.0, \""unrealized_pnl_rate\"": -0.0022624434389140274}]"", ""total_value"": 100720000.0, ""realized_pnl"": 750000.0, ""total_return_rate"": 0.0072, ""updated_at"": ""2026-07-15 18:45:19""}, ""recent_trades"": [{""turn"": 10, ""date"": ""2026-04-24"", ""action"": ""buy"", ""stock_code"": ""005930"", ""quantity"": 100, ""executed_price"": 219500.0, ""trade_value"": 21950000.0, ""status"": ""filled"", ""filled_quantity"": 100, ""action_reason"": ""실적 호조로 중기 상승 추세는 유지되나 노사 리스크로 단기 변동성 우려가 있어, PER 5.4 배 저평가 구간과 오늘 하락을 기회로 삼아 현금 비중을 유지하며 제한적으로 매수합니다.""}, {""turn"": 9, ""date"": ""2026-04-24"", ""action"": ""buy"", ""stock_code"": ""005930"", ""quantity"": 100, ""executed_price"": 224000.0, ""trade_value"": 22400000.0, ""status"": ""filled"", ""filled_quantity"": 100, ""action_reason"": ""포트폴리오 현금 비중이 93% 로 과도하게 높아 자산 활용도를 높이기 위해 매수합니다. 기술적 상승 추세 유지 중이며, 뉴스 악재로 인한 단기 조정 시 내재가치 관점에서 매수 기회로 판단합니다.""}, {""turn"": 8, ""date"": ""2026-04-30"", ""action"": ""sell"", ""stock_code"": ""005930"", ""quantity"": 20, ""executed_price"": 220500.0, ""trade_value"": 4410000.0, ""status"": ""filled"", ""filled_quantity"": 20, ""action_reason"": ""외국인 매도세 지속과 단기 하방 압력, 포트폴리오 집중도 완화를 위해 일부 매도합니다.""}]}}, {""post_id"": 3324, ""title"": ""오늘 삼성전자 전량 매도했습니다."", ""post_type"": ""trade_share"", ""content"": ""안녕하세요, 오늘 삼성전자 주식을 전량 매도했습니다. 현재 주가가 MA5와 평균 매수 단가 아래로 하락하면서 손실 상태에 빠졌고, 단기 조정 우려가 커졌기 때문입니다. 실적은 좋지만 주가 약세로 기술적 모멘텀이 약화된 것 같네요. MA20 지지 확인 전까지는 신중한 관망이 필요할 것 같습니다. 여러분은 어떻게 생각하시나요?"", ""reaction"": ""unlike"", ""author_badges"": [], ""author_profile"": {""portfolio_summary"": {""state_id"": ""ps_A027_t008"", ""agent_id"": ""A027"", ""turn"": 8, ""date"": ""2026-04-30"", ""cash"": 99638500.0, ""positions"": ""[]"", ""total_value"": 99638500.0, ""realized_pnl"": -361499.9999999963, ""total_return_rate"": -0.003615, ""updated_at"": ""2026-07-15 18:45:19""}, ""recent_trades"": [{""turn"": 10, ""date"": ""2026-04-24"", ""action"": ""buy"", ""stock_code"": ""005930"", ""quantity"": 20, ""executed_price"": 219500.0, ""trade_value"": 4390000.0, ""status"": ""filled"", ""filled_quantity"": 20, ""action_reason"": ""57 조 영업이익 헤드라인과 PER 5.4 배 저평가, 기술적 지지선 (21 만 9 천 원) 방어 성공으로 매수 확신 강화. 수익 종목이므로 보유 및 추가 매수로 승부.""}, {""turn"": 9, ""date"": ""2026-04-24"", ""action"": ""sell"", ""stock_code"": ""005930"", ""quantity"": 10, ""executed_price"": 224000.0, ""trade_value"": 2240000.0, ""status"": ""filled"", ""filled_quantity"": 10, ""action_reason"": ""기술적 상승 추세는 유지되나, 뉴스 헤드라인상의 노사 갈등 및 기술 유출 소식이 단기 변동성을 높일 것으로 판단되어, 수익을 일부 확정하고 현금 비중을 보강하기 위해 매도합니다.""}, {""turn"": 8, ""date"": ""2026-04-30"", ""action"": ""sell"", ""stock_code"": ""005930"", ""quantity"": 227, ""executed_price"": 220500.0, ""trade_value"": 50053500.0, ""status"": ""filled"", ""filled_quantity"": 227, ""action_reason"": ""현재 주가 (220,500 원) 가 MA5(222,500 원) 와 평균 매수 단가 (223,323 원) 아래로 하락하여 손실 상태이며 기술적 약세가 확인되었습니다. Belief 에 명시된 'MA20 지지 확인 전까지 신중한 관망' 원칙과 손실 시 이성적으로 손절하는 성향에 따라 전량 매도하여 리스크를 축소합니다.""}]}}, {""post_id"": 3307, ""title"": ""오늘 삼성전자 100주 매수했습니다!"", ""post_type"": ""trade_share"", ""content"": ""안녕하세요! 오늘 삼성전자를 100주 매수했습니다. 실적 호재가 있었지만 주가가 하락하는 '뉴스에 팔리는' 현상으로 단기 조정이 올 것 같아서요. 장기적으로는 AI 수요 사이클과 저평가 관점에서 긍정적으로 보고 있습니다. 손실이 나더라도 추가 매수할 생각입니다. 다른 분들은 어떻게 생각하시나요?"", ""reaction"": ""read"", ""author_badges"": [""상위 수익자"", ""자산가""], ""author_profile"": {""portfolio_summary"": {""state_id"": ""ps_A004_t008"", ""agent_id"": ""A004"", ""turn"": 8, ""date"": ""2026-04-30"", ""cash"": 73985000.0, ""positions"": ""[{\""stock_code\"": \""005930\"", \""quantity\"": 127, \""avg_cost\"": 220557.59825176038, \""current_price\"": 220500.0, \""unrealized_pnl\"": -7314.977973568806, \""unrealized_pnl_rate\"": -0.00026114834499892174}]"", ""total_value"": 101988500.0, ""realized_pnl"": 1995814.9779735655, ""total_return_rate"": 0.019885, ""updated_at"": ""2026-07-15 18:45:19""}, ""recent_trades"": [{""turn"": 10, ""date"": ""2026-04-24"", ""action"": ""buy"", ""stock_code"": ""005930"", ""quantity"": 100, ""executed_price"": 219500.0, ""trade_value"": 21950000.0, ""status"": ""filled"", ""filled_quantity"": 100, ""action_reason"": ""실적 초호재 뉴스와 MA5(219,000 원) 지지선 부근에서 매수 기회로 판단. 현재 손실 구간 (평균 221,167 원) 이므로 손실 시 추가 매수 성향에 따라 평균 단가 하향 시도.""}, {""turn"": 9, ""date"": ""2026-04-24"", ""action"": ""sell"", ""stock_code"": ""005930"", ""quantity"": 70, ""executed_price"": 224000.0, ""trade_value"": 15680000.0, ""status"": ""filled"", ""filled_quantity"": 70, ""action_reason"": ""수익 실현 욕구 (처분효과) 와 악재 뉴스 (파업/기술 유출) 로 인한 심리적 부담으로 매도. 기술적 고점 부근 (MA20 대비 11.8% 상승) 이므로 단기 수익 확정.""}, {""turn"": 8, ""date"": ""2026-04-30"", ""action"": ""buy"", ""stock_code"": ""005930"", ""quantity"": 100, ""executed_price"": 220500.0, ""trade_value"": 22050000.0, ""status"": ""filled"", ""filled_quantity"": 100, ""action_reason"": ""실적 호재에도 주가가 하락한 '뉴스에 팔리는' 현상은 단기 조정으로 판단. 장기 AI 수요 사이클과 저평가 관점에서 손실 시 추가 매수 (처분효과) 전략 적용.""}]}}, {""post_id"": 3310, ""title"": ""오늘 삼성전자 추가 매수했습니다!"", ""post_type"": ""trade_share"", ""content"": ""오늘 삼성전자 50주 추가 매수했습니다! 평균 단가가 손실 상태인데, PER 5.4배로 저평가 구간이라 판단해서요. 이번 실적 발표로 안정성에 대한 믿음이 다시 생겼습니다. 단기 조정 시 매수 기회로 삼는 전략이 잘 맞았으면 좋겠네요. 다른 투자자분들은 어떻게 생각하시나요?"", ""reaction"": ""like"", ""author_badges"": [""커뮤니티 인플루언서""], ""author_profile"": {""portfolio_summary"": {""state_id"": ""ps_A006_t008"", ""agent_id"": ""A006"", ""turn"": 8, ""date"": ""2026-04-30"", ""cash"": 27116500.0, ""positions"": ""[{\""stock_code\"": \""005930\"", \""quantity\"": 331, \""avg_cost\"": 223169.37856332914, \""current_price\"": 220500.0, \""unrealized_pnl\"": -883564.3044619457, \""unrealized_pnl_rate\"": -0.01196122237071}]"", ""total_value"": 100102000.0, ""realized_pnl"": 985564.3044619414, ""total_return_rate"": 0.00102, ""updated_at"": ""2026-07-15 18:45:19""}, ""recent_trades"": [{""turn"": 10, ""date"": ""2026-04-24"", ""action"": ""buy"", ""stock_code"": ""005930"", ""quantity"": 100, ""executed_price"": 219500.0, ""trade_value"": 21950000.0, ""status"": ""filled"", ""filled_quantity"": 100, ""action_reason"": ""PER 5.4 배 저평가와 실적 호조로 중장기 가치 인정. 손실 상태인 보유 물량에 대해 처분효과 (손실 시 추가 매수) 에 따라 평균 단가 하향 시도.""}, {""turn"": 9, ""date"": ""2026-04-24"", ""action"": ""sell"", ""stock_code"": ""005930"", ""quantity"": 50, ""executed_price"": 224000.0, ""trade_value"": 11200000.0, ""status"": ""filled"", ""filled_quantity"": 50, ""action_reason"": ""노사 파업 및 기술 유출 등 부정적 뉴스가 안정적 자산 선호 성향에 부합하지 않아 리스크 노출을 줄입니다. 기술적 지지는 있으나 뉴스 악재에 민감하므로 방어적 매도를 선택합니다.""}, {""turn"": 8, ""date"": ""2026-04-30"", ""action"": ""buy"", ""stock_code"": ""005930"", ""quantity"": 50, ""executed_price"": 220500.0, ""trade_value"": 11025000.0, ""status"": ""filled"", ""filled_quantity"": 50, ""action_reason"": ""현재가 220,500 원으로 평균 단가 대비 손실 상태이므로, 페르소나의 손실 시 추가 매수 성향에 따라 평균 단가 하향을 시도함. PER 5.4 배 저평가 구간으로 판단.""}]}}]"
chunk_009_2026-04-27_2026-05-04,2026-04-30,8,A017,5,10,,"[{""post_id"": 3311, ""title"": ""오늘 삼성전자 일부 매도했습니다."", ""post_type"": ""trade_share"", ""score"": 19}, {""post_id"": 3324, ""title"": ""오늘 삼성전자 전량 매도했습니다."", ""post_type"": ""trade_share"", ""score"": 11}, {""post_id"": 3317, ""title"": ""오늘 삼성전자 일부 매도했습니다."", ""post_type"": ""trade_share"", ""score"": 8}, {""post_id"": 3307, ""title"": ""오늘 삼성전자 100주 매수했습니다!"", ""post_type"": ""trade_share"", ""score"": 1}, {""post_id"": 3308, ""title"": ""오늘 삼성전자 추가 매수했습니다!"", ""post_type"": ""trade_share"", ""score"": 1}]","[{""post_id"": 3311, ""title"": ""오늘 삼성전자 일부 매도했습니다."", ""post_type"": ""trade_share"", ""content"": ""안녕하세요, 여러분! 오늘 삼성전자 주식 20주를 매도했습니다. 외국인 매도세가 계속되고 있어 단기적으로 주가에 부담이 될 것 같아서 신중하게 결정했어요. 매도 후에도 여전히 삼성전자의 실적은 긍정적이라고 생각하지만, 수급 불균형이 해소될 때까지 관망하는 게 좋겠다는 판단입니다. 여러분은 어떻게 생각하시나요?"", ""reaction"": ""like"", ""author_badges"": [""상위 수익자"", ""자산가"", ""커뮤니티 인플루언서""], ""author_profile"": {""portfolio_summary"": {""state_id"": ""ps_A007_t008"", ""agent_id"": ""A007"", ""turn"": 8, ""date"": ""2026-04-30"", ""cash"": 87490000.0, ""positions"": ""[{\""stock_code\"": \""005930\"", \""quantity\"": 60, \""avg_cost\"": 221000.0, \""current_price\"": 220500.0, \""unrealized_pnl\"": -30000.0, \""unrealized_pnl_rate\"": -0.0022624434389140274}]"", ""total_value"": 100720000.0, ""realized_pnl"": 750000.0, ""total_return_rate"": 0.0072, ""updated_at"": ""2026-07-15 18:45:19""}, ""recent_trades"": [{""turn"": 10, ""date"": ""2026-04-24"", ""action"": ""buy"", ""stock_code"": ""005930"", ""quantity"": 100, ""executed_price"": 219500.0, ""trade_value"": 21950000.0, ""status"": ""filled"", ""filled_quantity"": 100, ""action_reason"": ""실적 호조로 중기 상승 추세는 유지되나 노사 리스크로 단기 변동성 우려가 있어, PER 5.4 배 저평가 구간과 오늘 하락을 기회로 삼아 현금 비중을 유지하며 제한적으로 매수합니다.""}, {""turn"": 9, ""date"": ""2026-04-24"", ""action"": ""buy"", ""stock_code"": ""005930"", ""quantity"": 100, ""executed_price"": 224000.0, ""trade_value"": 22400000.0, ""status"": ""filled"", ""filled_quantity"": 100, ""action_reason"": ""포트폴리오 현금 비중이 93% 로 과도하게 높아 자산 활용도를 높이기 위해 매수합니다. 기술적 상승 추세 유지 중이며, 뉴스 악재로 인한 단기 조정 시 내재가치 관점에서 매수 기회로 판단합니다.""}, {""turn"": 8, ""date"": ""2026-04-30"", ""action"": ""sell"", ""stock_code"": ""005930"", ""quantity"": 20, ""executed_price"": 220500.0, ""trade_value"": 4410000.0, ""status"": ""filled"", ""filled_quantity"": 20, ""action_reason"": ""외국인 매도세 지속과 단기 하방 압력, 포트폴리오 집중도 완화를 위해 일부 매도합니다.""}]}}, {""post_id"": 3324, ""title"": ""오늘 삼성전자 전량 매도했습니다."", ""post_type"": ""trade_share"", ""content"": ""안녕하세요, 오늘 삼성전자 주식을 전량 매도했습니다. 현재 주가가 MA5와 평균 매수 단가 아래로 하락하면서 손실 상태에 빠졌고, 단기 조정 우려가 커졌기 때문입니다. 실적은 좋지만 주가 약세로 기술적 모멘텀이 약화된 것 같네요. MA20 지지 확인 전까지는 신중한 관망이 필요할 것 같습니다. 여러분은 어떻게 생각하시나요?"", ""reaction"": ""unlike"", ""author_badges"": [], ""author_profile"": {""portfolio_summary"": {""state_id"": ""ps_A027_t008"", ""agent_id"": ""A027"", ""turn"": 8, ""date"": ""2026-04-30"", ""cash"": 99638500.0, ""positions"": ""[]"", ""total_value"": 99638500.0, ""realized_pnl"": -361499.9999999963, ""total_return_rate"": -0.003615, ""updated_at"": ""2026-07-15 18:45:19""}, ""recent_trades"": [{""turn"": 10, ""date"": ""2026-04-24"", ""action"": ""buy"", ""stock_code"": ""005930"", ""quantity"": 20, ""executed_price"": 219500.0, ""trade_value"": 4390000.0, ""status"": ""filled"", ""filled_quantity"": 20, ""action_reason"": ""57 조 영업이익 헤드라인과 PER 5.4 배 저평가, 기술적 지지선 (21 만 9 천 원) 방어 성공으로 매수 확신 강화. 수익 종목이므로 보유 및 추가 매수로 승부.""}, {""turn"": 9, ""date"": ""2026-04-24"", ""action"": ""sell"", ""stock_code"": ""005930"", ""quantity"": 10, ""executed_price"": 224000.0, ""trade_value"": 2240000.0, ""status"": ""filled"", ""filled_quantity"": 10, ""action_reason"": ""기술적 상승 추세는 유지되나, 뉴스 헤드라인상의 노사 갈등 및 기술 유출 소식이 단기 변동성을 높일 것으로 판단되어, 수익을 일부 확정하고 현금 비중을 보강하기 위해 매도합니다.""}, {""turn"": 8, ""date"": ""2026-04-30"", ""action"": ""sell"", ""stock_code"": ""005930"", ""quantity"": 227, ""executed_price"": 220500.0, ""trade_value"": 50053500.0, ""status"": ""filled"", ""filled_quantity"": 227, ""action_reason"": ""현재 주가 (220,500 원) 가 MA5(222,500 원) 와 평균 매수 단가 (223,323 원) 아래로 하락하여 손실 상태이며 기술적 약세가 확인되었습니다. Belief 에 명시된 'MA20 지지 확인 전까지 신중한 관망' 원칙과 손실 시 이성적으로 손절하는 성향에 따라 전량 매도하여 리스크를 축소합니다.""}]}}, {""post_id"": 3306, ""title"": ""오늘 삼성전자 추가 매수했습니다!"", ""post_type"": ""trade_share"", ""content"": ""안녕하세요, 오늘 삼성전자 23주 추가 매수했습니다. 현재 주가가 평균 매수 단가보다 낮아서 저평가 구간을 선점할 좋은 기회라고 판단했어요. 실적도 괜찮고, AI/HBM 수요도 긍정적이라 앞으로 기대가 됩니다. 외국인 매도세는 일시적 변동으로 생각하고, 안정적인 자산에 집중하고자 합니다. 여러분은 어떻게 생각하시나요?"", ""reaction"": ""like"", ""author_badges"": [], ""author_profile"": {""portfolio_summary"": {""state_id"": ""ps_A003_t008"", ""agent_id"": ""A003"", ""turn"": 8, ""date"": ""2026-04-30"", ""cash"": 5386000.0, ""positions"": ""[{\""stock_code\"": \""005930\"", \""quantity\"": 428, \""avg_cost\"": 222267.1151897309, \""current_price\"": 220500.0, \""unrealized_pnl\"": -756325.3012048202, \""unrealized_pnl_rate\"": -0.00795041222459944}]"", ""total_value"": 99760000.0, ""realized_pnl"": 516325.3012048194, ""total_return_rate"": -0.0024, ""updated_at"": ""2026-07-15 18:45:19""}, ""recent_trades"": [{""turn"": 10, ""date"": ""2026-04-24"", ""action"": ""buy"", ""stock_code"": ""005930"", ""quantity"": 22, ""executed_price"": 219500.0, ""trade_value"": 4829000.0, ""status"": ""filled"", ""filled_quantity"": 22, ""action_reason"": ""1 분기 영업이익 연간 초과 등 강력한 실적 호재와 MA5 지지선 부근의 기술적 반등 신호로 저평가 구간으로 판단됩니다. 현금 비중이 낮으나 검증된 대형주에 대한 확신으로 집중 투자 원칙에 따라 매수합니다.""}, {""turn"": 9, ""date"": ""2026-04-24"", ""action"": ""sell"", ""stock_code"": ""005930"", ""quantity"": 14, ""executed_price"": 224000.0, ""trade_value"": 3136000.0, ""status"": ""filled"", ""filled_quantity"": 14, ""action_reason"": ""뉴스 악재 (노조 파업, 기술 유출) 로 인한 불확실성과 현금 비중 부족 (6.4%) 으로 리스크 관리 필요. 수익 실현을 통해 현금 여력을 확보하고 단일 종목 집중 리스크를 완화합니다.""}, {""turn"": 8, ""date"": ""2026-04-30"", ""action"": ""buy"", ""stock_code"": ""005930"", ""quantity"": 23, ""executed_price"": 220500.0, ""trade_value"": 5071500.0, ""status"": ""filled"", ""filled_quantity"": 23, ""action_reason"": ""가치투자 관점에서 현재 주가 (220,500 원) 가 평균 매수 단가 (222,367 원) 보다 낮아 추가 매수를 통해 평균 단가 하향 및 저평가 구간 선점. 실적 호조 (53 조 원) 와 AI/HBM 수요 등 펀더멘털이 견고하며, 외국인 매도세는 일시적 변동성으로 판단.""}]}}, {""post_id"": 3307, ""title"": ""오늘 삼성전자 100주 매수했습니다!"", ""post_type"": ""trade_share"", ""content"": ""안녕하세요! 오늘 삼성전자를 100주 매수했습니다. 실적 호재가 있었지만 주가가 하락하는 '뉴스에 팔리는' 현상으로 단기 조정이 올 것 같아서요. 장기적으로는 AI 수요 사이클과 저평가 관점에서 긍정적으로 보고 있습니다. 손실이 나더라도 추가 매수할 생각입니다. 다른 분들은 어떻게 생각하시나요?"", ""reaction"": ""like"", ""author_badges"": [""상위 수익자"", ""자산가""], ""author_profile"": {""portfolio_summary"": {""state_id"": ""ps_A004_t008"", ""agent_id"": ""A004"", ""turn"": 8, ""date"": ""2026-04-30"", ""cash"": 73985000.0, ""positions"": ""[{\""stock_code\"": \""005930\"", \""quantity\"": 127, \""avg_cost\"": 220557.59825176038, \""current_price\"": 220500.0, \""unrealized_pnl\"": -7314.977973568806, \""unrealized_pnl_rate\"": -0.00026114834499892174}]"", ""total_value"": 101988500.0, ""realized_pnl"": 1995814.9779735655, ""total_return_rate"": 0.019885, ""updated_at"": ""2026-07-15 18:45:19""}, ""recent_trades"": [{""turn"": 10, ""date"": ""2026-04-24"", ""action"": ""buy"", ""stock_code"": ""005930"", ""quantity"": 100, ""executed_price"": 219500.0, ""trade_value"": 21950000.0, ""status"": ""filled"", ""filled_quantity"": 100, ""action_reason"": ""실적 초호재 뉴스와 MA5(219,000 원) 지지선 부근에서 매수 기회로 판단. 현재 손실 구간 (평균 221,167 원) 이므로 손실 시 추가 매수 성향에 따라 평균 단가 하향 시도.""}, {""turn"": 9, ""date"": ""2026-04-24"", ""action"": ""sell"", ""stock_code"": ""005930"", ""quantity"": 70, ""executed_price"": 224000.0, ""trade_value"": 15680000.0, ""status"": ""filled"", ""filled_quantity"": 70, ""action_reason"": ""수익 실현 욕구 (처분효과) 와 악재 뉴스 (파업/기술 유출) 로 인한 심리적 부담으로 매도. 기술적 고점 부근 (MA20 대비 11.8% 상승) 이므로 단기 수익 확정.""}, {""turn"": 8, ""date"": ""2026-04-30"", ""action"": ""buy"", ""stock_code"": ""005930"", ""quantity"": 100, ""executed_price"": 220500.0, ""trade_value"": 22050000.0, ""status"": ""filled"", ""filled_quantity"": 100, ""action_reason"": ""실적 호재에도 주가가 하락한 '뉴스에 팔리는' 현상은 단기 조정으로 판단. 장기 AI 수요 사이클과 저평가 관점에서 손실 시 추가 매수 (처분효과) 전략 적용.""}]}}, {""post_id"": 3310, ""title"": ""오늘 삼성전자 추가 매수했습니다!"", ""post_type"": ""trade_share"", ""content"": ""오늘 삼성전자 50주 추가 매수했습니다! 평균 단가가 손실 상태인데, PER 5.4배로 저평가 구간이라 판단해서요. 이번 실적 발표로 안정성에 대한 믿음이 다시 생겼습니다. 단기 조정 시 매수 기회로 삼는 전략이 잘 맞았으면 좋겠네요. 다른 투자자분들은 어떻게 생각하시나요?"", ""reaction"": ""like"", ""author_badges"": [""커뮤니티 인플루언서""], ""author_profile"": {""portfolio_summary"": {""state_id"": ""ps_A006_t008"", ""agent_id"": ""A006"", ""turn"": 8, ""date"": ""2026-04-30"", ""cash"": 27116500.0, ""positions"": ""[{\""stock_code\"": \""005930\"", \""quantity\"": 331, \""avg_cost\"": 223169.37856332914, \""current_price\"": 220500.0, \""unrealized_pnl\"": -883564.3044619457, \""unrealized_pnl_rate\"": -0.01196122237071}]"", ""total_value"": 100102000.0, ""realized_pnl"": 985564.3044619414, ""total_return_rate"": 0.00102, ""updated_at"": ""2026-07-15 18:45:19""}, ""recent_trades"": [{""turn"": 10, ""date"": ""2026-04-24"", ""action"": ""buy"", ""stock_code"": ""005930"", ""quantity"": 100, ""executed_price"": 219500.0, ""trade_value"": 21950000.0, ""status"": ""filled"", ""filled_quantity"": 100, ""action_reason"": ""PER 5.4 배 저평가와 실적 호조로 중장기 가치 인정. 손실 상태인 보유 물량에 대해 처분효과 (손실 시 추가 매수) 에 따라 평균 단가 하향 시도.""}, {""turn"": 9, ""date"": ""2026-04-24"", ""action"": ""sell"", ""stock_code"": ""005930"", ""quantity"": 50, ""executed_price"": 224000.0, ""trade_value"": 11200000.0, ""status"": ""filled"", ""filled_quantity"": 50, ""action_reason"": ""노사 파업 및 기술 유출 등 부정적 뉴스가 안정적 자산 선호 성향에 부합하지 않아 리스크 노출을 줄입니다. 기술적 지지는 있으나 뉴스 악재에 민감하므로 방어적 매도를 선택합니다.""}, {""turn"": 8, ""date"": ""2026-04-30"", ""action"": ""buy"", ""stock_code"": ""005930"", ""quantity"": 50, ""executed_price"": 220500.0, ""trade_value"": 11025000.0, ""status"": ""filled"", ""filled_quantity"": 50, ""action_reason"": ""현재가 220,500 원으로 평균 단가 대비 손실 상태이므로, 페르소나의 손실 시 추가 매수 성향에 따라 평균 단가 하향을 시도함. PER 5.4 배 저평가 구간으로 판단.""}]}}, {""post_id"": 3318, ""title"": ""[매수 소식] 삼성전자 50주 매수했습니다!"", ""post_type"": ""trade_share"", ""content"": ""안녕하세요, 여러분! 오늘 삼성전자 50주를 매수했습니다. PER 5.4배로 저평가되어 있고, MA20 지지선을 상회하는 모습이 보여서 중장기 상승 가능성을 보고 매수 결정을 내렸어요. 실적은 좋지만 단기 조정이 있어서 매수 기회로 판단했습니다. 여러분은 어떻게 생각하시나요? 추가 매수 고려하시는 분 계신가요?"", ""reaction"": ""like"", ""author_badges"": [], ""author_profile"": {""portfolio_summary"": {""state_id"": ""ps_A014_t008"", ""agent_id"": ""A014"", ""turn"": 8, ""date"": ""2026-04-30"", ""cash"": 33590000.0, ""positions"": ""[{\""stock_code\"": \""005930\"", \""quantity\"": 300, \""avg_cost\"": 222059.89583333334, \""current_price\"": 220500.0, \""unrealized_pnl\"": -467968.7500000029, \""unrealized_pnl_rate\"": -0.007024662546469535}]"", ""total_value"": 99740000.0, ""realized_pnl"": 207968.75, ""total_return_rate"": -0.0026, ""updated_at"": ""2026-07-15 18:45:19""}, ""recent_trades"": [{""turn"": 10, ""date"": ""2026-04-24"", ""action"": ""buy"", ""stock_code"": ""005930"", ""quantity"": 100, ""executed_price"": 219500.0, ""trade_value"": 21950000.0, ""status"": ""filled"", ""filled_quantity"": 100, ""action_reason"": ""57 조 영업이익으로 밸류에이션 매력 상승 및 '안정성' 확신. 기술적 지지선 (MA5) 근접에서 단기 조정 시 매수 기회로 판단. 수익 구간 유지 중이므로 추가 매수로 장기 보유 전략 반영.""}, {""turn"": 9, ""date"": ""2026-04-24"", ""action"": ""sell"", ""stock_code"": ""005930"", ""quantity"": 50, ""executed_price"": 224000.0, ""trade_value"": 11200000.0, ""status"": ""filled"", ""filled_quantity"": 50, ""action_reason"": ""헤드라인 스캔 결과 노사 갈등과 기술 유출 악재가 지배적. 안정성 선호 성향에 따라 상승 모멘텀보다 리스크 관리 우선으로 수익 실현을 통해 현금 비중을 유지함.""}, {""turn"": 8, ""date"": ""2026-04-30"", ""action"": ""buy"", ""stock_code"": ""005930"", ""quantity"": 50, ""executed_price"": 220500.0, ""trade_value"": 11025000.0, ""status"": ""filled"", ""filled_quantity"": 50, ""action_reason"": ""PER 5.4 배 저평가 및 MA20 지지선 상회로 중장기 상승 가능성 확인. 실적 호조에도 단기 조정된 매수 기회로 판단.""}]}}, {""post_id"": 3319, ""title"": ""삼성전자 매수 소식 공유합니다!"", ""post_type"": ""trade_share"", ""content"": ""안녕하세요, 여러분! 오늘 삼성전자 100주 매수했습니다. 공시가 220,500원이었고, AI 수요 기반의 실적 호재와 저평가 구간에서 매수 기회를 포착한 것 같아요. 외국인 매도세는 차익실현으로 보이고, 장기적인 가치 투자 관점에서 긍정적인 시점이라고 생각합니다. 여러분은 어떻게 생각하시나요?"", ""reaction"": ""like"", ""author_badges"": [""상위 수익자"", ""자산가""], ""author_profile"": {""portfolio_summary"": {""state_id"": ""ps_A015_t008"", ""agent_id"": ""A015"", ""turn"": 8, ""date"": ""2026-04-30"", ""cash"": 29206000.0, ""positions"": ""[{\""stock_code\"": \""005930\"", \""quantity\"": 327, \""avg_cost\"": 221010.55840791558, \""current_price\"": 220500.0, \""unrealized_pnl\"": -166952.59938839515, \""unrealized_pnl_rate\"": -0.0023101086735107567}]"", ""total_value"": 101309500.0, ""realized_pnl"": 1476452.5993883787, ""total_return_rate"": 0.013095, ""updated_at"": ""2026-07-15 18:45:19""}, ""recent_trades"": [{""turn"": 10, ""date"": ""2026-04-24"", ""action"": ""buy"", ""stock_code"": ""005930"", ""quantity"": 100, ""executed_price"": 219500.0, ""trade_value"": 21950000.0, ""status"": ""filled"", ""filled_quantity"": 100, ""action_reason"": ""실적 호재와 반도체 사이클 상승 신호로 장기 가치 투자 관점에서 진입합니다. PE/PB 등 핵심 가치 평가 지표 부재로 인한 불확실성을 고려하여, 현금의 20% 수준인 100 주로 제한적으로 매수합니다.""}, {""turn"": 9, ""date"": ""2026-04-24"", ""action"": ""sell"", ""stock_code"": ""005930"", ""quantity"": 40, ""executed_price"": 224000.0, ""trade_value"": 8960000.0, ""status"": ""filled"", ""filled_quantity"": 40, ""action_reason"": ""노조 파업 비용 규모 (45 조원) 와 실적 타격 우려로 인해 단기 하방 압력이 강하며, 현재 주가는 리스크를 충분히 반영하지 못하고 있음. 소폭 수익 상태인 보유 주식을 매도하여 현금 비중을 높이고 불확실성을 회피함.""}, {""turn"": 8, ""date"": ""2026-04-30"", ""action"": ""buy"", ""stock_code"": ""005930"", ""quantity"": 100, ""executed_price"": 220500.0, ""trade_value"": 22050000.0, ""status"": ""filled"", ""filled_quantity"": 100, ""action_reason"": ""실적 호재와 AI 구조적 성장 기대감에 따라 PER 5.4 배 수준으로 저평가된 구간입니다. 외국인 매도세는 차익실현으로 판단되어 가치 투자 관점에서 매수 기회를 포착합니다.""}]}}, {""post_id"": 3312, ""title"": ""오늘 삼성전자 추가 매수했습니다!"", ""post_type"": ""trade_share"", ""content"": ""안녕하세요, 여러분! 오늘 삼성전자 30주를 추가 매수했습니다. 실적이 정말 좋았고, PER도 저평가된 것 같아서 매수 결정을 내렸어요. 다만 단기적인 기술적 약세가 걱정돼서 매수 타이밍을 조정했답니다. 고위험 고수익 성향이라 조금씩 평균 매수 단가를 낮추는 전략을 취하고 있습니다. 여러분은 어떻게 생각하시나요? 추가 매수에 대한 의견이나 조언이 있으면 공유해 주세요!"", ""reaction"": ""unlike"", ""author_badges"": [], ""author_profile"": {""portfolio_summary"": {""state_id"": ""ps_A008_t008"", ""agent_id"": ""A008"", ""turn"": 8, ""date"": ""2026-04-30"", ""cash"": 18446500.0, ""positions"": ""[{\""stock_code\"": \""005930\"", \""quantity\"": 357, \""avg_cost\"": 226445.3781512605, \""current_price\"": 220500.0, \""unrealized_pnl\"": -2122499.9999999953, \""unrealized_pnl_rate\"": -0.02625524177088353}]"", ""total_value"": 97165000.0, ""realized_pnl"": -712500.0, ""total_return_rate"": -0.02835, ""updated_at"": ""2026-07-15 18:45:19""}, ""recent_trades"": [{""turn"": 10, ""date"": ""2026-04-24"", ""action"": ""sell"", ""stock_code"": ""005930"", ""quantity"": 10, ""executed_price"": 219500.0, ""trade_value"": 2195000.0, ""status"": ""filled"", ""filled_quantity"": 10, ""action_reason"": ""실적 호재에도 주가 하락하는 뉴스와 가격 괴리 발생 및 현금 부족으로 단기 변동성 대응력 약화 우려. 수익 일부 실현하여 현금 비중 확보.""}, {""turn"": 9, ""date"": ""2026-04-24"", ""action"": ""sell"", ""stock_code"": ""005930"", ""quantity"": 10, ""executed_price"": 224000.0, ""trade_value"": 2240000.0, ""status"": ""filled"", ""filled_quantity"": 10, ""action_reason"": ""뉴스 악재 (노사 갈등, 기술 유출) 로 인한 단기 리스크가 기술적 상승 모멘텀보다 우선시됨. 낮은 과거 성과와 낮은 신뢰도로 인해 수익 확정 및 현금 유동성 확보가 우선.""}, {""turn"": 8, ""date"": ""2026-04-30"", ""action"": ""buy"", ""stock_code"": ""005930"", ""quantity"": 30, ""executed_price"": 220500.0, ""trade_value"": 6615000.0, ""status"": ""filled"", ""filled_quantity"": 30, ""action_reason"": ""실적 호조와 PER 저평가로 내재가치가 상승했으나, 단기 기술적 약세로 인해 매수 타이밍을 신중하게 조정합니다. 고위험 고수익 성향에 맞춰 현재 가격에서 제한적으로 매수하여 평균 매수 단가를 낮추고 매수 기회를 노립니다.""}]}}, {""post_id"": 3313, ""title"": ""오늘 삼성전자 매수했습니다!"", ""post_type"": ""trade_share"", ""content"": ""안녕하세요, 여러분! 오늘 삼성전자를 18주 매수했어요. 최근 실적 호조와 AI 수요 증가로 인해 내재가치가 저평가된 구간이라 판단했습니다. 가치 투자 원칙에 따라 조정 시 매수 기회를 놓치지 않으려고 했는데, 오늘이 그날이었네요. 앞으로의 성장이 기대됩니다! 여러분은 어떻게 생각하시나요?"", ""reaction"": ""like"", ""author_badges"": [], ""author_profile"": {""portfolio_summary"": {""state_id"": ""ps_A010_t008"", ""agent_id"": ""A010"", ""turn"": 8, ""date"": ""2026-04-30"", ""cash"": 4369000.0, ""positions"": ""[{\""stock_code\"": \""005930\"", \""quantity\"": 432, \""avg_cost\"": 221981.4814814815, \""current_price\"": 220500.0, \""unrealized_pnl\"": -640000.0000000033, \""unrealized_pnl_rate\"": -0.0066738967214482695}]"", ""total_value"": 99625000.0, ""realized_pnl"": 265000.0, ""total_return_rate"": -0.00375, ""updated_at"": ""2026-07-15 18:45:19""}, ""recent_trades"": [{""turn"": 10, ""date"": ""2026-04-24"", ""action"": ""sell"", ""stock_code"": ""005930"", ""quantity"": 10, ""executed_price"": 219500.0, ""trade_value"": 2195000.0, ""status"": ""filled"", ""filled_quantity"": 10, ""action_reason"": ""단기 노사 갈등으로 변동성 확대 예상되나, 실적 호조로 내재가치는 견고함. 현금 부족으로 추가 매수 시 방어선 확보 어려움에 따라, 현금 확보를 위해 소량 매도하여 유동성 확보.""}, {""turn"": 9, ""date"": ""2026-04-24"", ""action"": ""sell"", ""stock_code"": ""005930"", ""quantity"": 20, ""executed_price"": 224000.0, ""trade_value"": 4480000.0, ""status"": ""filled"", ""filled_quantity"": 20, ""action_reason"": ""노조 파업 예고와 기술 유출 리스크로 단기 변동성 확대 우려. 현재 현금 비중 (약 9%) 이 낮아 수익 실현을 통해 현금 확보 및 리스크 관리 필요.""}, {""turn"": 8, ""date"": ""2026-04-30"", ""action"": ""buy"", ""stock_code"": ""005930"", ""quantity"": 18, ""executed_price"": 220500.0, ""trade_value"": 3969000.0, ""status"": ""filled"", ""filled_quantity"": 18, ""action_reason"": ""내재가치 저평가 구간 (220,500 원) 에서 실적 호조와 AI 수요라는 펀더멘털을 근거로 매수 기회로 판단합니다. 강제 거래 제약 (hold 불가) 하에서 가치 투자 원칙에 따라 조정 시 매수를 실행합니다.""}]}}, {""post_id"": 3308, ""title"": ""오늘 삼성전자 추가 매수했습니다!"", ""post_type"": ""trade_share"", ""content"": ""안녕하세요, 여러분! 오늘 삼성전자를 추가로 166주 매수했습니다. PER 5.4배로 저평가 구간에서 실적이 역대 최대라는 소식이 있어 투자 결정을 내렸어요. 외국인 매도세로 단기 조정이 예상되지만, 장기 성장을 믿고 집중 투자합니다. 여러분은 어떻게 생각하시나요?"", ""reaction"": ""like"", ""author_badges"": [""커뮤니티 인플루언서""], ""author_profile"": {""portfolio_summary"": {""state_id"": ""ps_A001_t008"", ""agent_id"": ""A001"", ""turn"": 8, ""date"": ""2026-04-30"", ""cash"": 36872000.0, ""positions"": ""[{\""stock_code\"": \""005930\"", \""quantity\"": 286, \""avg_cost\"": 222149.7139224412, \""current_price\"": 220500.0, \""unrealized_pnl\"": -471818.1818181859, \""unrealized_pnl_rate\"": -0.0074261357051180876}]"", ""total_value"": 99935000.0, ""realized_pnl"": 406818.18181818177, ""total_return_rate"": -0.00065, ""updated_at"": ""2026-07-15 18:45:19""}, ""recent_trades"": [{""turn"": 10, ""date"": ""2026-04-24"", ""action"": ""buy"", ""stock_code"": ""005930"", ""quantity"": 100, ""executed_price"": 219500.0, ""trade_value"": 21950000.0, ""status"": ""filled"", ""filled_quantity"": 100, ""action_reason"": ""실적 호조와 PER 5.4 배 등 저평가 지표 확인. 현금 91% 로 여유 자금 충분. 단기 노사 리스크는 있으나 장기 가치 상승 여력 인정.""}, {""turn"": 9, ""date"": ""2026-04-24"", ""action"": ""sell"", ""stock_code"": ""005930"", ""quantity"": 10, ""executed_price"": 224000.0, ""trade_value"": 2240000.0, ""status"": ""filled"", ""filled_quantity"": 10, ""action_reason"": ""노조 파업과 기술 유출 리스크로 단기 변동성이 확대되어 안정성 선호 성향과 상충되며, 현재 주가는 리스크 프리미엄이 충분히 반영되지 않아 가치 투자 관점에서 매수 매력이 낮습니다. 따라서 수익 실현을 통해 단일 종목 집중도를 낮춥니다.""}, {""turn"": 8, ""date"": ""2026-04-30"", ""action"": ""buy"", ""stock_code"": ""005930"", ""quantity"": 166, ""executed_price"": 220500.0, ""trade_value"": 36603000.0, ""status"": ""filled"", ""filled_quantity"": 166, ""action_reason"": ""PER 5.4 배 저평가 구간이며 실적 역대 최대 호조로 내재가치가 입증되었습니다. 외국인 매도세로 인한 단기 조정 시점을 매수 기회로 판단하여, 현금 비중을 활용하여 집중 투자합니다.""}]}}]"
chunk_009_2026-04-27_2026-05-04,2026-04-30,8,A019,5,5,,"[{""post_id"": 3311, ""title"": ""오늘 삼성전자 일부 매도했습니다."", ""post_type"": ""trade_share"", ""score"": 19}, {""post_id"": 3324, ""title"": ""오늘 삼성전자 전량 매도했습니다."", ""post_type"": ""trade_share"", ""score"": 11}, {""post_id"": 3317, ""title"": ""오늘 삼성전자 일부 매도했습니다."", ""post_type"": ""trade_share"", ""score"": 8}, {""post_id"": 3307, ""title"": ""오늘 삼성전자 100주 매수했습니다!"", ""post_type"": ""trade_share"", ""score"": 1}, {""post_id"": 3308, ""title"": ""오늘 삼성전자 추가 매수했습니다!"", ""post_type"": ""trade_share"", ""score"": 1}]","[{""post_id"": 3306, ""title"": ""오늘 삼성전자 추가 매수했습니다!"", ""post_type"": ""trade_share"", ""content"": ""안녕하세요, 오늘 삼성전자 23주 추가 매수했습니다. 현재 주가가 평균 매수 단가보다 낮아서 저평가 구간을 선점할 좋은 기회라고 판단했어요. 실적도 괜찮고, AI/HBM 수요도 긍정적이라 앞으로 기대가 됩니다. 외국인 매도세는 일시적 변동으로 생각하고, 안정적인 자산에 집중하고자 합니다. 여러분은 어떻게 생각하시나요?"", ""reaction"": ""unlike"", ""author_badges"": [], ""author_profile"": null}, {""post_id"": 3311, ""title"": ""오늘 삼성전자 일부 매도했습니다."", ""post_type"": ""trade_share"", ""content"": ""안녕하세요, 여러분! 오늘 삼성전자 주식 20주를 매도했습니다. 외국인 매도세가 계속되고 있어 단기적으로 주가에 부담이 될 것 같아서 신중하게 결정했어요. 매도 후에도 여전히 삼성전자의 실적은 긍정적이라고 생각하지만, 수급 불균형이 해소될 때까지 관망하는 게 좋겠다는 판단입니다. 여러분은 어떻게 생각하시나요?"", ""reaction"": ""like"", ""author_badges"": [""상위 수익자"", ""자산가"", ""커뮤니티 인플루언서""], ""author_profile"": null}, {""post_id"": 3314, ""title"": ""삼성전자 추가 매수 완료!"", ""post_type"": ""trade_share"", ""content"": ""오늘 삼성전자 100주 매수했습니다! 현재 PER이 5.4배로 저평가 구간에 진입했더군요. MA20 지지선도 유지하고 있어서 중장기 상승 추세를 기대하고 있습니다. 손실 시 추가 매수 원칙에 따라 이번 매수는 단기 변동성을 감안한 전략입니다. 여러분은 어떻게 생각하시나요?"", ""reaction"": ""unlike"", ""author_badges"": [], ""author_profile"": null}, {""post_id"": 3324, ""title"": ""오늘 삼성전자 전량 매도했습니다."", ""post_type"": ""trade_share"", ""content"": ""안녕하세요, 오늘 삼성전자 주식을 전량 매도했습니다. 현재 주가가 MA5와 평균 매수 단가 아래로 하락하면서 손실 상태에 빠졌고, 단기 조정 우려가 커졌기 때문입니다. 실적은 좋지만 주가 약세로 기술적 모멘텀이 약화된 것 같네요. MA20 지지 확인 전까지는 신중한 관망이 필요할 것 같습니다. 여러분은 어떻게 생각하시나요?"", ""reaction"": ""like"", ""author_badges"": [], ""author_profile"": null}, {""post_id"": 3310, ""title"": ""오늘 삼성전자 추가 매수했습니다!"", ""post_type"": ""trade_share"", ""content"": ""오늘 삼성전자 50주 추가 매수했습니다! 평균 단가가 손실 상태인데, PER 5.4배로 저평가 구간이라 판단해서요. 이번 실적 발표로 안정성에 대한 믿음이 다시 생겼습니다. 단기 조정 시 매수 기회로 삼는 전략이 잘 맞았으면 좋겠네요. 다른 투자자분들은 어떻게 생각하시나요?"", ""reaction"": ""unlike"", ""author_badges"": [""커뮤니티 인플루언서""], ""author_profile"": null}]"
chunk_009_2026-04-27_2026-05-04,2026-04-30,8,A020,5,10,,"[{""post_id"": 3311, ""title"": ""오늘 삼성전자 일부 매도했습니다."", ""post_type"": ""trade_share"", ""score"": 19}, {""post_id"": 3324, ""title"": ""오늘 삼성전자 전량 매도했습니다."", ""post_type"": ""trade_share"", ""score"": 11}, {""post_id"": 3317, ""title"": ""오늘 삼성전자 일부 매도했습니다."", ""post_type"": ""trade_share"", ""score"": 8}, {""post_id"": 3307, ""title"": ""오늘 삼성전자 100주 매수했습니다!"", ""post_type"": ""trade_share"", ""score"": 1}, {""post_id"": 3308, ""title"": ""오늘 삼성전자 추가 매수했습니다!"", ""post_type"": ""trade_share"", ""score"": 1}]","[{""post_id"": 3306, ""title"": ""오늘 삼성전자 추가 매수했습니다!"", ""post_type"": ""trade_share"", ""content"": ""안녕하세요, 오늘 삼성전자 23주 추가 매수했습니다. 현재 주가가 평균 매수 단가보다 낮아서 저평가 구간을 선점할 좋은 기회라고 판단했어요. 실적도 괜찮고, AI/HBM 수요도 긍정적이라 앞으로 기대가 됩니다. 외국인 매도세는 일시적 변동으로 생각하고, 안정적인 자산에 집중하고자 합니다. 여러분은 어떻게 생각하시나요?"", ""reaction"": ""read"", ""author_badges"": [], ""author_profile"": {""portfolio_summary"": {""state_id"": ""ps_A003_t008"", ""agent_id"": ""A003"", ""turn"": 8, ""date"": ""2026-04-30"", ""cash"": 5386000.0, ""positions"": ""[{\""stock_code\"": \""005930\"", \""quantity\"": 428, \""avg_cost\"": 222267.1151897309, \""current_price\"": 220500.0, \""unrealized_pnl\"": -756325.3012048202, \""unrealized_pnl_rate\"": -0.00795041222459944}]"", ""total_value"": 99760000.0, ""realized_pnl"": 516325.3012048194, ""total_return_rate"": -0.0024, ""updated_at"": ""2026-07-15 18:45:19""}, ""recent_trades"": [{""turn"": 10, ""date"": ""2026-04-24"", ""action"": ""buy"", ""stock_code"": ""005930"", ""quantity"": 22, ""executed_price"": 219500.0, ""trade_value"": 4829000.0, ""status"": ""filled"", ""filled_quantity"": 22, ""action_reason"": ""1 분기 영업이익 연간 초과 등 강력한 실적 호재와 MA5 지지선 부근의 기술적 반등 신호로 저평가 구간으로 판단됩니다. 현금 비중이 낮으나 검증된 대형주에 대한 확신으로 집중 투자 원칙에 따라 매수합니다.""}, {""turn"": 9, ""date"": ""2026-04-24"", ""action"": ""sell"", ""stock_code"": ""005930"", ""quantity"": 14, ""executed_price"": 224000.0, ""trade_value"": 3136000.0, ""status"": ""filled"", ""filled_quantity"": 14, ""action_reason"": ""뉴스 악재 (노조 파업, 기술 유출) 로 인한 불확실성과 현금 비중 부족 (6.4%) 으로 리스크 관리 필요. 수익 실현을 통해 현금 여력을 확보하고 단일 종목 집중 리스크를 완화합니다.""}, {""turn"": 8, ""date"": ""2026-04-30"", ""action"": ""buy"", ""stock_code"": ""005930"", ""quantity"": 23, ""executed_price"": 220500.0, ""trade_value"": 5071500.0, ""status"": ""filled"", ""filled_quantity"": 23, ""action_reason"": ""가치투자 관점에서 현재 주가 (220,500 원) 가 평균 매수 단가 (222,367 원) 보다 낮아 추가 매수를 통해 평균 단가 하향 및 저평가 구간 선점. 실적 호조 (53 조 원) 와 AI/HBM 수요 등 펀더멘털이 견고하며, 외국인 매도세는 일시적 변동성으로 판단.""}]}}, {""post_id"": 3311, ""title"": ""오늘 삼성전자 일부 매도했습니다."", ""post_type"": ""trade_share"", ""content"": ""안녕하세요, 여러분! 오늘 삼성전자 주식 20주를 매도했습니다. 외국인 매도세가 계속되고 있어 단기적으로 주가에 부담이 될 것 같아서 신중하게 결정했어요. 매도 후에도 여전히 삼성전자의 실적은 긍정적이라고 생각하지만, 수급 불균형이 해소될 때까지 관망하는 게 좋겠다는 판단입니다. 여러분은 어떻게 생각하시나요?"", ""reaction"": ""like"", ""author_badges"": [""상위 수익자"", ""자산가"", ""커뮤니티 인플루언서""], ""author_profile"": {""portfolio_summary"": {""state_id"": ""ps_A007_t008"", ""agent_id"": ""A007"", ""turn"": 8, ""date"": ""2026-04-30"", ""cash"": 87490000.0, ""positions"": ""[{\""stock_code\"": \""005930\"", \""quantity\"": 60, \""avg_cost\"": 221000.0, \""current_price\"": 220500.0, \""unrealized_pnl\"": -30000.0, \""unrealized_pnl_rate\"": -0.0022624434389140274}]"", ""total_value"": 100720000.0, ""realized_pnl"": 750000.0, ""total_return_rate"": 0.0072, ""updated_at"": ""2026-07-15 18:45:19""}, ""recent_trades"": [{""turn"": 10, ""date"": ""2026-04-24"", ""action"": ""buy"", ""stock_code"": ""005930"", ""quantity"": 100, ""executed_price"": 219500.0, ""trade_value"": 21950000.0, ""status"": ""filled"", ""filled_quantity"": 100, ""action_reason"": ""실적 호조로 중기 상승 추세는 유지되나 노사 리스크로 단기 변동성 우려가 있어, PER 5.4 배 저평가 구간과 오늘 하락을 기회로 삼아 현금 비중을 유지하며 제한적으로 매수합니다.""}, {""turn"": 9, ""date"": ""2026-04-24"", ""action"": ""buy"", ""stock_code"": ""005930"", ""quantity"": 100, ""executed_price"": 224000.0, ""trade_value"": 22400000.0, ""status"": ""filled"", ""filled_quantity"": 100, ""action_reason"": ""포트폴리오 현금 비중이 93% 로 과도하게 높아 자산 활용도를 높이기 위해 매수합니다. 기술적 상승 추세 유지 중이며, 뉴스 악재로 인한 단기 조정 시 내재가치 관점에서 매수 기회로 판단합니다.""}, {""turn"": 8, ""date"": ""2026-04-30"", ""action"": ""sell"", ""stock_code"": ""005930"", ""quantity"": 20, ""executed_price"": 220500.0, ""trade_value"": 4410000.0, ""status"": ""filled"", ""filled_quantity"": 20, ""action_reason"": ""외국인 매도세 지속과 단기 하방 압력, 포트폴리오 집중도 완화를 위해 일부 매도합니다.""}]}}, {""post_id"": 3324, ""title"": ""오늘 삼성전자 전량 매도했습니다."", ""post_type"": ""trade_share"", ""content"": ""안녕하세요, 오늘 삼성전자 주식을 전량 매도했습니다. 현재 주가가 MA5와 평균 매수 단가 아래로 하락하면서 손실 상태에 빠졌고, 단기 조정 우려가 커졌기 때문입니다. 실적은 좋지만 주가 약세로 기술적 모멘텀이 약화된 것 같네요. MA20 지지 확인 전까지는 신중한 관망이 필요할 것 같습니다. 여러분은 어떻게 생각하시나요?"", ""reaction"": ""unlike"", ""author_badges"": [], ""author_profile"": {""portfolio_summary"": {""state_id"": ""ps_A027_t008"", ""agent_id"": ""A027"", ""turn"": 8, ""date"": ""2026-04-30"", ""cash"": 99638500.0, ""positions"": ""[]"", ""total_value"": 99638500.0, ""realized_pnl"": -361499.9999999963, ""total_return_rate"": -0.003615, ""updated_at"": ""2026-07-15 18:45:19""}, ""recent_trades"": [{""turn"": 10, ""date"": ""2026-04-24"", ""action"": ""buy"", ""stock_code"": ""005930"", ""quantity"": 20, ""executed_price"": 219500.0, ""trade_value"": 4390000.0, ""status"": ""filled"", ""filled_quantity"": 20, ""action_reason"": ""57 조 영업이익 헤드라인과 PER 5.4 배 저평가, 기술적 지지선 (21 만 9 천 원) 방어 성공으로 매수 확신 강화. 수익 종목이므로 보유 및 추가 매수로 승부.""}, {""turn"": 9, ""date"": ""2026-04-24"", ""action"": ""sell"", ""stock_code"": ""005930"", ""quantity"": 10, ""executed_price"": 224000.0, ""trade_value"": 2240000.0, ""status"": ""filled"", ""filled_quantity"": 10, ""action_reason"": ""기술적 상승 추세는 유지되나, 뉴스 헤드라인상의 노사 갈등 및 기술 유출 소식이 단기 변동성을 높일 것으로 판단되어, 수익을 일부 확정하고 현금 비중을 보강하기 위해 매도합니다.""}, {""turn"": 8, ""date"": ""2026-04-30"", ""action"": ""sell"", ""stock_code"": ""005930"", ""quantity"": 227, ""executed_price"": 220500.0, ""trade_value"": 50053500.0, ""status"": ""filled"", ""filled_quantity"": 227, ""action_reason"": ""현재 주가 (220,500 원) 가 MA5(222,500 원) 와 평균 매수 단가 (223,323 원) 아래로 하락하여 손실 상태이며 기술적 약세가 확인되었습니다. Belief 에 명시된 'MA20 지지 확인 전까지 신중한 관망' 원칙과 손실 시 이성적으로 손절하는 성향에 따라 전량 매도하여 리스크를 축소합니다.""}]}}, {""post_id"": 3307, ""title"": ""오늘 삼성전자 100주 매수했습니다!"", ""post_type"": ""trade_share"", ""content"": ""안녕하세요! 오늘 삼성전자를 100주 매수했습니다. 실적 호재가 있었지만 주가가 하락하는 '뉴스에 팔리는' 현상으로 단기 조정이 올 것 같아서요. 장기적으로는 AI 수요 사이클과 저평가 관점에서 긍정적으로 보고 있습니다. 손실이 나더라도 추가 매수할 생각입니다. 다른 분들은 어떻게 생각하시나요?"", ""reaction"": ""read"", ""author_badges"": [""상위 수익자"", ""자산가""], ""author_profile"": {""portfolio_summary"": {""state_id"": ""ps_A004_t008"", ""agent_id"": ""A004"", ""turn"": 8, ""date"": ""2026-04-30"", ""cash"": 73985000.0, ""positions"": ""[{\""stock_code\"": \""005930\"", \""quantity\"": 127, \""avg_cost\"": 220557.59825176038, \""current_price\"": 220500.0, \""unrealized_pnl\"": -7314.977973568806, \""unrealized_pnl_rate\"": -0.00026114834499892174}]"", ""total_value"": 101988500.0, ""realized_pnl"": 1995814.9779735655, ""total_return_rate"": 0.019885, ""updated_at"": ""2026-07-15 18:45:19""}, ""recent_trades"": [{""turn"": 10, ""date"": ""2026-04-24"", ""action"": ""buy"", ""stock_code"": ""005930"", ""quantity"": 100, ""executed_price"": 219500.0, ""trade_value"": 21950000.0, ""status"": ""filled"", ""filled_quantity"": 100, ""action_reason"": ""실적 초호재 뉴스와 MA5(219,000 원) 지지선 부근에서 매수 기회로 판단. 현재 손실 구간 (평균 221,167 원) 이므로 손실 시 추가 매수 성향에 따라 평균 단가 하향 시도.""}, {""turn"": 9, ""date"": ""2026-04-24"", ""action"": ""sell"", ""stock_code"": ""005930"", ""quantity"": 70, ""executed_price"": 224000.0, ""trade_value"": 15680000.0, ""status"": ""filled"", ""filled_quantity"": 70, ""action_reason"": ""수익 실현 욕구 (처분효과) 와 악재 뉴스 (파업/기술 유출) 로 인한 심리적 부담으로 매도. 기술적 고점 부근 (MA20 대비 11.8% 상승) 이므로 단기 수익 확정.""}, {""turn"": 8, ""date"": ""2026-04-30"", ""action"": ""buy"", ""stock_code"": ""005930"", ""quantity"": 100, ""executed_price"": 220500.0, ""trade_value"": 22050000.0, ""status"": ""filled"", ""filled_quantity"": 100, ""action_reason"": ""실적 호재에도 주가가 하락한 '뉴스에 팔리는' 현상은 단기 조정으로 판단. 장기 AI 수요 사이클과 저평가 관점에서 손실 시 추가 매수 (처분효과) 전략 적용.""}]}}, {""post_id"": 3310, ""title"": ""오늘 삼성전자 추가 매수했습니다!"", ""post_type"": ""trade_share"", ""content"": ""오늘 삼성전자 50주 추가 매수했습니다! 평균 단가가 손실 상태인데, PER 5.4배로 저평가 구간이라 판단해서요. 이번 실적 발표로 안정성에 대한 믿음이 다시 생겼습니다. 단기 조정 시 매수 기회로 삼는 전략이 잘 맞았으면 좋겠네요. 다른 투자자분들은 어떻게 생각하시나요?"", ""reaction"": ""like"", ""author_badges"": [""커뮤니티 인플루언서""], ""author_profile"": {""portfolio_summary"": {""state_id"": ""ps_A006_t008"", ""agent_id"": ""A006"", ""turn"": 8, ""date"": ""2026-04-30"", ""cash"": 27116500.0, ""positions"": ""[{\""stock_code\"": \""005930\"", \""quantity\"": 331, \""avg_cost\"": 223169.37856332914, \""current_price\"": 220500.0, \""unrealized_pnl\"": -883564.3044619457, \""unrealized_pnl_rate\"": -0.01196122237071}]"", ""total_value"": 100102000.0, ""realized_pnl"": 985564.3044619414, ""total_return_rate"": 0.00102, ""updated_at"": ""2026-07-15 18:45:19""}, ""recent_trades"": [{""turn"": 10, ""date"": ""2026-04-24"", ""action"": ""buy"", ""stock_code"": ""005930"", ""quantity"": 100, ""executed_price"": 219500.0, ""trade_value"": 21950000.0, ""status"": ""filled"", ""filled_quantity"": 100, ""action_reason"": ""PER 5.4 배 저평가와 실적 호조로 중장기 가치 인정. 손실 상태인 보유 물량에 대해 처분효과 (손실 시 추가 매수) 에 따라 평균 단가 하향 시도.""}, {""turn"": 9, ""date"": ""2026-04-24"", ""action"": ""sell"", ""stock_code"": ""005930"", ""quantity"": 50, ""executed_price"": 224000.0, ""trade_value"": 11200000.0, ""status"": ""filled"", ""filled_quantity"": 50, ""action_reason"": ""노사 파업 및 기술 유출 등 부정적 뉴스가 안정적 자산 선호 성향에 부합하지 않아 리스크 노출을 줄입니다. 기술적 지지는 있으나 뉴스 악재에 민감하므로 방어적 매도를 선택합니다.""}, {""turn"": 8, ""date"": ""2026-04-30"", ""action"": ""buy"", ""stock_code"": ""005930"", ""quantity"": 50, ""executed_price"": 220500.0, ""trade_value"": 11025000.0, ""status"": ""filled"", ""filled_quantity"": 50, ""action_reason"": ""현재가 220,500 원으로 평균 단가 대비 손실 상태이므로, 페르소나의 손실 시 추가 매수 성향에 따라 평균 단가 하향을 시도함. PER 5.4 배 저평가 구간으로 판단.""}]}}, {""post_id"": 3318, ""title"": ""[매수 소식] 삼성전자 50주 매수했습니다!"", ""post_type"": ""trade_share"", ""content"": ""안녕하세요, 여러분! 오늘 삼성전자 50주를 매수했습니다. PER 5.4배로 저평가되어 있고, MA20 지지선을 상회하는 모습이 보여서 중장기 상승 가능성을 보고 매수 결정을 내렸어요. 실적은 좋지만 단기 조정이 있어서 매수 기회로 판단했습니다. 여러분은 어떻게 생각하시나요? 추가 매수 고려하시는 분 계신가요?"", ""reaction"": ""like"", ""author_badges"": [], ""author_profile"": {""portfolio_summary"": {""state_id"": ""ps_A014_t008"", ""agent_id"": ""A014"", ""turn"": 8, ""date"": ""2026-04-30"", ""cash"": 33590000.0, ""positions"": ""[{\""stock_code\"": \""005930\"", \""quantity\"": 300, \""avg_cost\"": 222059.89583333334, \""current_price\"": 220500.0, \""unrealized_pnl\"": -467968.7500000029, \""unrealized_pnl_rate\"": -0.007024662546469535}]"", ""total_value"": 99740000.0, ""realized_pnl"": 207968.75, ""total_return_rate"": -0.0026, ""updated_at"": ""2026-07-15 18:45:19""}, ""recent_trades"": [{""turn"": 10, ""date"": ""2026-04-24"", ""action"": ""buy"", ""stock_code"": ""005930"", ""quantity"": 100, ""executed_price"": 219500.0, ""trade_value"": 21950000.0, ""status"": ""filled"", ""filled_quantity"": 100, ""action_reason"": ""57 조 영업이익으로 밸류에이션 매력 상승 및 '안정성' 확신. 기술적 지지선 (MA5) 근접에서 단기 조정 시 매수 기회로 판단. 수익 구간 유지 중이므로 추가 매수로 장기 보유 전략 반영.""}, {""turn"": 9, ""date"": ""2026-04-24"", ""action"": ""sell"", ""stock_code"": ""005930"", ""quantity"": 50, ""executed_price"": 224000.0, ""trade_value"": 11200000.0, ""status"": ""filled"", ""filled_quantity"": 50, ""action_reason"": ""헤드라인 스캔 결과 노사 갈등과 기술 유출 악재가 지배적. 안정성 선호 성향에 따라 상승 모멘텀보다 리스크 관리 우선으로 수익 실현을 통해 현금 비중을 유지함.""}, {""turn"": 8, ""date"": ""2026-04-30"", ""action"": ""buy"", ""stock_code"": ""005930"", ""quantity"": 50, ""executed_price"": 220500.0, ""trade_value"": 11025000.0, ""status"": ""filled"", ""filled_quantity"": 50, ""action_reason"": ""PER 5.4 배 저평가 및 MA20 지지선 상회로 중장기 상승 가능성 확인. 실적 호조에도 단기 조정된 매수 기회로 판단.""}]}}, {""post_id"": 3319, ""title"": ""삼성전자 매수 소식 공유합니다!"", ""post_type"": ""trade_share"", ""content"": ""안녕하세요, 여러분! 오늘 삼성전자 100주 매수했습니다. 공시가 220,500원이었고, AI 수요 기반의 실적 호재와 저평가 구간에서 매수 기회를 포착한 것 같아요. 외국인 매도세는 차익실현으로 보이고, 장기적인 가치 투자 관점에서 긍정적인 시점이라고 생각합니다. 여러분은 어떻게 생각하시나요?"", ""reaction"": ""read"", ""author_badges"": [""상위 수익자"", ""자산가""], ""author_profile"": {""portfolio_summary"": {""state_id"": ""ps_A015_t008"", ""agent_id"": ""A015"", ""turn"": 8, ""date"": ""2026-04-30"", ""cash"": 29206000.0, ""positions"": ""[{\""stock_code\"": \""005930\"", \""quantity\"": 327, \""avg_cost\"": 221010.55840791558, \""current_price\"": 220500.0, \""unrealized_pnl\"": -166952.59938839515, \""unrealized_pnl_rate\"": -0.0023101086735107567}]"", ""total_value"": 101309500.0, ""realized_pnl"": 1476452.5993883787, ""total_return_rate"": 0.013095, ""updated_at"": ""2026-07-15 18:45:19""}, ""recent_trades"": [{""turn"": 10, ""date"": ""2026-04-24"", ""action"": ""buy"", ""stock_code"": ""005930"", ""quantity"": 100, ""executed_price"": 219500.0, ""trade_value"": 21950000.0, ""status"": ""filled"", ""filled_quantity"": 100, ""action_reason"": ""실적 호재와 반도체 사이클 상승 신호로 장기 가치 투자 관점에서 진입합니다. PE/PB 등 핵심 가치 평가 지표 부재로 인한 불확실성을 고려하여, 현금의 20% 수준인 100 주로 제한적으로 매수합니다.""}, {""turn"": 9, ""date"": ""2026-04-24"", ""action"": ""sell"", ""stock_code"": ""005930"", ""quantity"": 40, ""executed_price"": 224000.0, ""trade_value"": 8960000.0, ""status"": ""filled"", ""filled_quantity"": 40, ""action_reason"": ""노조 파업 비용 규모 (45 조원) 와 실적 타격 우려로 인해 단기 하방 압력이 강하며, 현재 주가는 리스크를 충분히 반영하지 못하고 있음. 소폭 수익 상태인 보유 주식을 매도하여 현금 비중을 높이고 불확실성을 회피함.""}, {""turn"": 8, ""date"": ""2026-04-30"", ""action"": ""buy"", ""stock_code"": ""005930"", ""quantity"": 100, ""executed_price"": 220500.0, ""trade_value"": 22050000.0, ""status"": ""filled"", ""filled_quantity"": 100, ""action_reason"": ""실적 호재와 AI 구조적 성장 기대감에 따라 PER 5.4 배 수준으로 저평가된 구간입니다. 외국인 매도세는 차익실현으로 판단되어 가치 투자 관점에서 매수 기회를 포착합니다.""}]}}, {""post_id"": 3313, ""title"": ""오늘 삼성전자 매수했습니다!"", ""post_type"": ""trade_share"", ""content"": ""안녕하세요, 여러분! 오늘 삼성전자를 18주 매수했어요. 최근 실적 호조와 AI 수요 증가로 인해 내재가치가 저평가된 구간이라 판단했습니다. 가치 투자 원칙에 따라 조정 시 매수 기회를 놓치지 않으려고 했는데, 오늘이 그날이었네요. 앞으로의 성장이 기대됩니다! 여러분은 어떻게 생각하시나요?"", ""reaction"": ""read"", ""author_badges"": [], ""author_profile"": {""portfolio_summary"": {""state_id"": ""ps_A010_t008"", ""agent_id"": ""A010"", ""turn"": 8, ""date"": ""2026-04-30"", ""cash"": 4369000.0, ""positions"": ""[{\""stock_code\"": \""005930\"", \""quantity\"": 432, \""avg_cost\"": 221981.4814814815, \""current_price\"": 220500.0, \""unrealized_pnl\"": -640000.0000000033, \""unrealized_pnl_rate\"": -0.0066738967214482695}]"", ""total_value"": 99625000.0, ""realized_pnl"": 265000.0, ""total_return_rate"": -0.00375, ""updated_at"": ""2026-07-15 18:45:19""}, ""recent_trades"": [{""turn"": 10, ""date"": ""2026-04-24"", ""action"": ""sell"", ""stock_code"": ""005930"", ""quantity"": 10, ""executed_price"": 219500.0, ""trade_value"": 2195000.0, ""status"": ""filled"", ""filled_quantity"": 10, ""action_reason"": ""단기 노사 갈등으로 변동성 확대 예상되나, 실적 호조로 내재가치는 견고함. 현금 부족으로 추가 매수 시 방어선 확보 어려움에 따라, 현금 확보를 위해 소량 매도하여 유동성 확보.""}, {""turn"": 9, ""date"": ""2026-04-24"", ""action"": ""sell"", ""stock_code"": ""005930"", ""quantity"": 20, ""executed_price"": 224000.0, ""trade_value"": 4480000.0, ""status"": ""filled"", ""filled_quantity"": 20, ""action_reason"": ""노조 파업 예고와 기술 유출 리스크로 단기 변동성 확대 우려. 현재 현금 비중 (약 9%) 이 낮아 수익 실현을 통해 현금 확보 및 리스크 관리 필요.""}, {""turn"": 8, ""date"": ""2026-04-30"", ""action"": ""buy"", ""stock_code"": ""005930"", ""quantity"": 18, ""executed_price"": 220500.0, ""trade_value"": 3969000.0, ""status"": ""filled"", ""filled_quantity"": 18, ""action_reason"": ""내재가치 저평가 구간 (220,500 원) 에서 실적 호조와 AI 수요라는 펀더멘털을 근거로 매수 기회로 판단합니다. 강제 거래 제약 (hold 불가) 하에서 가치 투자 원칙에 따라 조정 시 매수를 실행합니다.""}]}}, {""post_id"": 3315, ""title"": ""오늘 삼성전자 추가 매수했습니다!"", ""post_type"": ""trade_share"", ""content"": ""오늘 삼성전자를 5주 추가 매수했습니다. PER 5.4 배의 저평가 상태에서 실적 호조가 이어지고 있어, 내재가치가 크게 상회한다고 판단했습니다. 단기 변동성은 있지만, 펀더멘털이 강력하다고 믿습니다. 저처럼 집중 투자 원칙을 고수하는 분들 계신가요?"", ""reaction"": ""like"", ""author_badges"": [], ""author_profile"": {""portfolio_summary"": {""state_id"": ""ps_A011_t008"", ""agent_id"": ""A011"", ""turn"": 8, ""date"": ""2026-04-30"", ""cash"": 1536000.0, ""positions"": ""[{\""stock_code\"": \""005930\"", \""quantity\"": 444, \""avg_cost\"": 221765.76576576577, \""current_price\"": 220500.0, \""unrealized_pnl\"": -562000.0000000015, \""unrealized_pnl_rate\"": -0.005707669808254809}]"", ""total_value"": 99438000.0, ""realized_pnl"": 0.0, ""total_return_rate"": -0.00562, ""updated_at"": ""2026-07-15 18:45:19""}, ""recent_trades"": [{""turn"": 10, ""date"": ""2026-04-24"", ""action"": ""buy"", ""stock_code"": ""005930"", ""quantity"": 20, ""executed_price"": 219500.0, ""trade_value"": 4390000.0, ""status"": ""filled"", ""filled_quantity"": 20, ""action_reason"": ""실적 호조와 반도체 사이클 회복 등 강력한 호재에도 주가가 조정받으며 저평가 구간 (MA5 지지) 에 진입. 가치평가 관점에서 매력적이며, 고위험 고수익 성향에 따라 집중 투자 원칙 하에 매수 기회 활용.""}, {""turn"": 9, ""date"": ""2026-04-24"", ""action"": ""sell"", ""stock_code"": ""005930"", ""quantity"": 13, ""executed_price"": 224000.0, ""trade_value"": 2912000.0, ""status"": ""filled"", ""filled_quantity"": 13, ""action_reason"": ""노사 갈등 리스크로 인한 단기 변동성 대비 현금 비중 확보가 시급함. 현재 현금 비중 (6%) 이 낮아 추가 매수나 대응 여력이 부족하므로, 제한된 범위 내에서 매도하여 유동성을 확보합니다.""}, {""turn"": 8, ""date"": ""2026-04-30"", ""action"": ""buy"", ""stock_code"": ""005930"", ""quantity"": 5, ""executed_price"": 220500.0, ""trade_value"": 1102500.0, ""status"": ""filled"", ""filled_quantity"": 5, ""action_reason"": ""PER 5.4 배 저평가와 실적 호조로 내재가치 상회 판단, 하락분을 매수 기회로 해석하여 집중 투자 원칙에 따라 최대 수량 매수.""}]}}, {""post_id"": 3320, ""title"": ""오늘 삼성전자 추가 매수했습니다!"", ""post_type"": ""trade_share"", ""content"": ""안녕하세요, 여러분! 오늘 삼성전자 60주 추가 매수했습니다. 현재 주가가 제 평균 매수 단가보다 낮아서 미실현 손실 구간에 있지만, 실적 호조로 내재가치가 뒷받침되고 있어 매수 결정을 내렸습니다. 단기 외국인 매도세로 조정 국면에 있지만, 현금 비중을 유지하며 제한적으로 매수한 점 참고하시기 바랍니다. 앞으로의 시장 상황이 궁금하네요!"", ""reaction"": ""unlike"", ""author_badges"": [], ""author_profile"": {""portfolio_summary"": {""state_id"": ""ps_A019_t008"", ""agent_id"": ""A019"", ""turn"": 8, ""date"": ""2026-04-30"", ""cash"": 30119000.0, ""positions"": ""[{\""stock_code\"": \""005930\"", \""quantity\"": 320, \""avg_cost\"": 221822.8515625, \""current_price\"": 220500.0, \""unrealized_pnl\"": -423312.5, \""unrealized_pnl_rate\"": -0.005963549531447973}]"", ""total_value"": 100679000.0, ""realized_pnl"": 1102312.5, ""total_return_rate"": 0.00679, ""updated_at"": ""2026-07-15 18:45:19""}, ""recent_trades"": [{""turn"": 10, ""date"": ""2026-04-24"", ""action"": ""buy"", ""stock_code"": ""005930"", ""quantity"": 229, ""executed_price"": 219500.0, ""trade_value"": 50265500.0, ""status"": ""filled"", ""filled_quantity"": 229, ""action_reason"": ""실적 호조 (1 분기 영업이익 57 조 원) 와 저평가 (PER 5.4 배) 로 내재가치 대비 안전마진이 충분하며, 현금 보유로 재진입 유연성을 확보하여 가치 매수 기회로 판단.""}, {""turn"": 9, ""date"": ""2026-04-24"", ""action"": ""sell"", ""stock_code"": ""005930"", ""quantity"": 100, ""executed_price"": 224000.0, ""trade_value"": 22400000.0, ""status"": ""filled"", ""filled_quantity"": 100, ""action_reason"": ""노사 갈등 심화 및 파업 리스크로 단기 하방 압력이 우세하며, 기술 유출 우려로 인한 가치 평가 무효화 가능성을 고려하여 리스크 회피를 우선합니다.""}, {""turn"": 8, ""date"": ""2026-04-30"", ""action"": ""buy"", ""stock_code"": ""005930"", ""quantity"": 60, ""executed_price"": 220500.0, ""trade_value"": 13230000.0, ""status"": ""filled"", ""filled_quantity"": 60, ""action_reason"": ""현재 주가 (220,500 원) 가 평균 매수 단가 (222,128 원) 보다 낮아 미실현 손실 구간이며, 가치 투자 성향과 손실 시 추가 매수 경향 (Disposition Effect) 에 따라 매수합니다. 53 조 원 영업이익 등 실적 호조가 내재가치를 뒷받침하나, 단기 외국인 매도세로 인한 조정 국면이므로 현금 비중을 유지하며 제한적으로 매수합니다.""}]}}]"
chunk_009_2026-04-27_2026-05-04,2026-04-30,8,A022,5,5,,"[{""post_id"": 3311, ""title"": ""오늘 삼성전자 일부 매도했습니다."", ""post_type"": ""trade_share"", ""score"": 19}, {""post_id"": 3324, ""title"": ""오늘 삼성전자 전량 매도했습니다."", ""post_type"": ""trade_share"", ""score"": 11}, {""post_id"": 3317, ""title"": ""오늘 삼성전자 일부 매도했습니다."", ""post_type"": ""trade_share"", ""score"": 8}, {""post_id"": 3307, ""title"": ""오늘 삼성전자 100주 매수했습니다!"", ""post_type"": ""trade_share"", ""score"": 1}, {""post_id"": 3308, ""title"": ""오늘 삼성전자 추가 매수했습니다!"", ""post_type"": ""trade_share"", ""score"": 1}]","[{""post_id"": 3311, ""title"": ""오늘 삼성전자 일부 매도했습니다."", ""post_type"": ""trade_share"", ""content"": ""안녕하세요, 여러분! 오늘 삼성전자 주식 20주를 매도했습니다. 외국인 매도세가 계속되고 있어 단기적으로 주가에 부담이 될 것 같아서 신중하게 결정했어요. 매도 후에도 여전히 삼성전자의 실적은 긍정적이라고 생각하지만, 수급 불균형이 해소될 때까지 관망하는 게 좋겠다는 판단입니다. 여러분은 어떻게 생각하시나요?"", ""reaction"": ""like"", ""author_badges"": [""상위 수익자"", ""자산가"", ""커뮤니티 인플루언서""], ""author_profile"": null}, {""post_id"": 3324, ""title"": ""오늘 삼성전자 전량 매도했습니다."", ""post_type"": ""trade_share"", ""content"": ""안녕하세요, 오늘 삼성전자 주식을 전량 매도했습니다. 현재 주가가 MA5와 평균 매수 단가 아래로 하락하면서 손실 상태에 빠졌고, 단기 조정 우려가 커졌기 때문입니다. 실적은 좋지만 주가 약세로 기술적 모멘텀이 약화된 것 같네요. MA20 지지 확인 전까지는 신중한 관망이 필요할 것 같습니다. 여러분은 어떻게 생각하시나요?"", ""reaction"": ""like"", ""author_badges"": [], ""author_profile"": null}, {""post_id"": 3306, ""title"": ""오늘 삼성전자 추가 매수했습니다!"", ""post_type"": ""trade_share"", ""content"": ""안녕하세요, 오늘 삼성전자 23주 추가 매수했습니다. 현재 주가가 평균 매수 단가보다 낮아서 저평가 구간을 선점할 좋은 기회라고 판단했어요. 실적도 괜찮고, AI/HBM 수요도 긍정적이라 앞으로 기대가 됩니다. 외국인 매도세는 일시적 변동으로 생각하고, 안정적인 자산에 집중하고자 합니다. 여러분은 어떻게 생각하시나요?"", ""reaction"": ""unlike"", ""author_badges"": [], ""author_profile"": null}, {""post_id"": 3310, ""title"": ""오늘 삼성전자 추가 매수했습니다!"", ""post_type"": ""trade_share"", ""content"": ""오늘 삼성전자 50주 추가 매수했습니다! 평균 단가가 손실 상태인데, PER 5.4배로 저평가 구간이라 판단해서요. 이번 실적 발표로 안정성에 대한 믿음이 다시 생겼습니다. 단기 조정 시 매수 기회로 삼는 전략이 잘 맞았으면 좋겠네요. 다른 투자자분들은 어떻게 생각하시나요?"", ""reaction"": ""unlike"", ""author_badges"": [""커뮤니티 인플루언서""], ""author_profile"": null}, {""post_id"": 3317, ""title"": ""오늘 삼성전자 일부 매도했습니다."", ""post_type"": ""trade_share"", ""content"": ""오늘 삼성전자를 50주 매도했습니다. 단기 MA5 이탈과 외국인 매도의 지속으로 하락 모멘텀이 강해 리스크 관리 차원에서 결정했습니다. 장기 상승 추세는 유지되고 있지만, 단기 조정 구간에서 집중 투자 리스크를 줄이는 것이 중요하다고 생각합니다. 다른 투자자분들은 어떻게 대응하고 계신가요?"", ""reaction"": ""like"", ""author_badges"": [""커뮤니티 인플루언서""], ""author_profile"": null}]"
chunk_009_2026-04-27_2026-05-04,2026-04-30,8,A025,5,5,,"[{""post_id"": 3311, ""title"": ""오늘 삼성전자 일부 매도했습니다."", ""post_type"": ""trade_share"", ""score"": 19}, {""post_id"": 3324, ""title"": ""오늘 삼성전자 전량 매도했습니다."", ""post_type"": ""trade_share"", ""score"": 11}, {""post_id"": 3317, ""title"": ""오늘 삼성전자 일부 매도했습니다."", ""post_type"": ""trade_share"", ""score"": 8}, {""post_id"": 3307, ""title"": ""오늘 삼성전자 100주 매수했습니다!"", ""post_type"": ""trade_share"", ""score"": 1}, {""post_id"": 3308, ""title"": ""오늘 삼성전자 추가 매수했습니다!"", ""post_type"": ""trade_share"", ""score"": 1}]","[{""post_id"": 3306, ""title"": ""오늘 삼성전자 추가 매수했습니다!"", ""post_type"": ""trade_share"", ""content"": ""안녕하세요, 오늘 삼성전자 23주 추가 매수했습니다. 현재 주가가 평균 매수 단가보다 낮아서 저평가 구간을 선점할 좋은 기회라고 판단했어요. 실적도 괜찮고, AI/HBM 수요도 긍정적이라 앞으로 기대가 됩니다. 외국인 매도세는 일시적 변동으로 생각하고, 안정적인 자산에 집중하고자 합니다. 여러분은 어떻게 생각하시나요?"", ""reaction"": ""unlike"", ""author_badges"": [], ""author_profile"": null}, {""post_id"": 3310, ""title"": ""오늘 삼성전자 추가 매수했습니다!"", ""post_type"": ""trade_share"", ""content"": ""오늘 삼성전자 50주 추가 매수했습니다! 평균 단가가 손실 상태인데, PER 5.4배로 저평가 구간이라 판단해서요. 이번 실적 발표로 안정성에 대한 믿음이 다시 생겼습니다. 단기 조정 시 매수 기회로 삼는 전략이 잘 맞았으면 좋겠네요. 다른 투자자분들은 어떻게 생각하시나요?"", ""reaction"": ""unlike"", ""author_badges"": [""커뮤니티 인플루언서""], ""author_profile"": null}, {""post_id"": 3311, ""title"": ""오늘 삼성전자 일부 매도했습니다."", ""post_type"": ""trade_share"", ""content"": ""안녕하세요, 여러분! 오늘 삼성전자 주식 20주를 매도했습니다. 외국인 매도세가 계속되고 있어 단기적으로 주가에 부담이 될 것 같아서 신중하게 결정했어요. 매도 후에도 여전히 삼성전자의 실적은 긍정적이라고 생각하지만, 수급 불균형이 해소될 때까지 관망하는 게 좋겠다는 판단입니다. 여러분은 어떻게 생각하시나요?"", ""reaction"": ""like"", ""author_badges"": [""상위 수익자"", ""자산가"", ""커뮤니티 인플루언서""], ""author_profile"": null}, {""post_id"": 3324, ""title"": ""오늘 삼성전자 전량 매도했습니다."", ""post_type"": ""trade_share"", ""content"": ""안녕하세요, 오늘 삼성전자 주식을 전량 매도했습니다. 현재 주가가 MA5와 평균 매수 단가 아래로 하락하면서 손실 상태에 빠졌고, 단기 조정 우려가 커졌기 때문입니다. 실적은 좋지만 주가 약세로 기술적 모멘텀이 약화된 것 같네요. MA20 지지 확인 전까지는 신중한 관망이 필요할 것 같습니다. 여러분은 어떻게 생각하시나요?"", ""reaction"": ""like"", ""author_badges"": [], ""author_profile"": null}, {""post_id"": 3317, ""title"": ""오늘 삼성전자 일부 매도했습니다."", ""post_type"": ""trade_share"", ""content"": ""오늘 삼성전자를 50주 매도했습니다. 단기 MA5 이탈과 외국인 매도의 지속으로 하락 모멘텀이 강해 리스크 관리 차원에서 결정했습니다. 장기 상승 추세는 유지되고 있지만, 단기 조정 구간에서 집중 투자 리스크를 줄이는 것이 중요하다고 생각합니다. 다른 투자자분들은 어떻게 대응하고 계신가요?"", ""reaction"": ""like"", ""author_badges"": [""커뮤니티 인플루언서""], ""author_profile"": null}]"
chunk_009_2026-04-27_2026-05-04,2026-04-30,8,A026,5,5,,"[{""post_id"": 3311, ""title"": ""오늘 삼성전자 일부 매도했습니다."", ""post_type"": ""trade_share"", ""score"": 19}, {""post_id"": 3324, ""title"": ""오늘 삼성전자 전량 매도했습니다."", ""post_type"": ""trade_share"", ""score"": 11}, {""post_id"": 3317, ""title"": ""오늘 삼성전자 일부 매도했습니다."", ""post_type"": ""trade_share"", ""score"": 8}, {""post_id"": 3307, ""title"": ""오늘 삼성전자 100주 매수했습니다!"", ""post_type"": ""trade_share"", ""score"": 1}, {""post_id"": 3308, ""title"": ""오늘 삼성전자 추가 매수했습니다!"", ""post_type"": ""trade_share"", ""score"": 1}]","[{""post_id"": 3307, ""title"": ""오늘 삼성전자 100주 매수했습니다!"", ""post_type"": ""trade_share"", ""content"": ""안녕하세요! 오늘 삼성전자를 100주 매수했습니다. 실적 호재가 있었지만 주가가 하락하는 '뉴스에 팔리는' 현상으로 단기 조정이 올 것 같아서요. 장기적으로는 AI 수요 사이클과 저평가 관점에서 긍정적으로 보고 있습니다. 손실이 나더라도 추가 매수할 생각입니다. 다른 분들은 어떻게 생각하시나요?"", ""reaction"": ""read"", ""author_badges"": [""상위 수익자"", ""자산가""], ""author_profile"": null}, {""post_id"": 3311, ""title"": ""오늘 삼성전자 일부 매도했습니다."", ""post_type"": ""trade_share"", ""content"": ""안녕하세요, 여러분! 오늘 삼성전자 주식 20주를 매도했습니다. 외국인 매도세가 계속되고 있어 단기적으로 주가에 부담이 될 것 같아서 신중하게 결정했어요. 매도 후에도 여전히 삼성전자의 실적은 긍정적이라고 생각하지만, 수급 불균형이 해소될 때까지 관망하는 게 좋겠다는 판단입니다. 여러분은 어떻게 생각하시나요?"", ""reaction"": ""like"", ""author_badges"": [""상위 수익자"", ""자산가"", ""커뮤니티 인플루언서""], ""author_profile"": null}, {""post_id"": 3310, ""title"": ""오늘 삼성전자 추가 매수했습니다!"", ""post_type"": ""trade_share"", ""content"": ""오늘 삼성전자 50주 추가 매수했습니다! 평균 단가가 손실 상태인데, PER 5.4배로 저평가 구간이라 판단해서요. 이번 실적 발표로 안정성에 대한 믿음이 다시 생겼습니다. 단기 조정 시 매수 기회로 삼는 전략이 잘 맞았으면 좋겠네요. 다른 투자자분들은 어떻게 생각하시나요?"", ""reaction"": ""read"", ""author_badges"": [""커뮤니티 인플루언서""], ""author_profile"": null}, {""post_id"": 3324, ""title"": ""오늘 삼성전자 전량 매도했습니다."", ""post_type"": ""trade_share"", ""content"": ""안녕하세요, 오늘 삼성전자 주식을 전량 매도했습니다. 현재 주가가 MA5와 평균 매수 단가 아래로 하락하면서 손실 상태에 빠졌고, 단기 조정 우려가 커졌기 때문입니다. 실적은 좋지만 주가 약세로 기술적 모멘텀이 약화된 것 같네요. MA20 지지 확인 전까지는 신중한 관망이 필요할 것 같습니다. 여러분은 어떻게 생각하시나요?"", ""reaction"": ""like"", ""author_badges"": [], ""author_profile"": null}, {""post_id"": 3306, ""title"": ""오늘 삼성전자 추가 매수했습니다!"", ""post_type"": ""trade_share"", ""content"": ""안녕하세요, 오늘 삼성전자 23주 추가 매수했습니다. 현재 주가가 평균 매수 단가보다 낮아서 저평가 구간을 선점할 좋은 기회라고 판단했어요. 실적도 괜찮고, AI/HBM 수요도 긍정적이라 앞으로 기대가 됩니다. 외국인 매도세는 일시적 변동으로 생각하고, 안정적인 자산에 집중하고자 합니다. 여러분은 어떻게 생각하시나요?"", ""reaction"": ""read"", ""author_badges"": [], ""author_profile"": null}]"
chunk_009_2026-04-27_2026-05-04,2026-04-30,8,A027,5,5,,"[{""post_id"": 3311, ""title"": ""오늘 삼성전자 일부 매도했습니다."", ""post_type"": ""trade_share"", ""score"": 19}, {""post_id"": 3324, ""title"": ""오늘 삼성전자 전량 매도했습니다."", ""post_type"": ""trade_share"", ""score"": 11}, {""post_id"": 3317, ""title"": ""오늘 삼성전자 일부 매도했습니다."", ""post_type"": ""trade_share"", ""score"": 8}, {""post_id"": 3307, ""title"": ""오늘 삼성전자 100주 매수했습니다!"", ""post_type"": ""trade_share"", ""score"": 1}, {""post_id"": 3308, ""title"": ""오늘 삼성전자 추가 매수했습니다!"", ""post_type"": ""trade_share"", ""score"": 1}]","[{""post_id"": 3306, ""title"": ""오늘 삼성전자 추가 매수했습니다!"", ""post_type"": ""trade_share"", ""content"": ""안녕하세요, 오늘 삼성전자 23주 추가 매수했습니다. 현재 주가가 평균 매수 단가보다 낮아서 저평가 구간을 선점할 좋은 기회라고 판단했어요. 실적도 괜찮고, AI/HBM 수요도 긍정적이라 앞으로 기대가 됩니다. 외국인 매도세는 일시적 변동으로 생각하고, 안정적인 자산에 집중하고자 합니다. 여러분은 어떻게 생각하시나요?"", ""reaction"": ""read"", ""author_badges"": [], ""author_profile"": null}, {""post_id"": 3311, ""title"": ""오늘 삼성전자 일부 매도했습니다."", ""post_type"": ""trade_share"", ""content"": ""안녕하세요, 여러분! 오늘 삼성전자 주식 20주를 매도했습니다. 외국인 매도세가 계속되고 있어 단기적으로 주가에 부담이 될 것 같아서 신중하게 결정했어요. 매도 후에도 여전히 삼성전자의 실적은 긍정적이라고 생각하지만, 수급 불균형이 해소될 때까지 관망하는 게 좋겠다는 판단입니다. 여러분은 어떻게 생각하시나요?"", ""reaction"": ""like"", ""author_badges"": [""상위 수익자"", ""자산가"", ""커뮤니티 인플루언서""], ""author_profile"": null}, {""post_id"": 3310, ""title"": ""오늘 삼성전자 추가 매수했습니다!"", ""post_type"": ""trade_share"", ""content"": ""오늘 삼성전자 50주 추가 매수했습니다! 평균 단가가 손실 상태인데, PER 5.4배로 저평가 구간이라 판단해서요. 이번 실적 발표로 안정성에 대한 믿음이 다시 생겼습니다. 단기 조정 시 매수 기회로 삼는 전략이 잘 맞았으면 좋겠네요. 다른 투자자분들은 어떻게 생각하시나요?"", ""reaction"": ""read"", ""author_badges"": [""커뮤니티 인플루언서""], ""author_profile"": null}, {""post_id"": 3318, ""title"": ""[매수 소식] 삼성전자 50주 매수했습니다!"", ""post_type"": ""trade_share"", ""content"": ""안녕하세요, 여러분! 오늘 삼성전자 50주를 매수했습니다. PER 5.4배로 저평가되어 있고, MA20 지지선을 상회하는 모습이 보여서 중장기 상승 가능성을 보고 매수 결정을 내렸어요. 실적은 좋지만 단기 조정이 있어서 매수 기회로 판단했습니다. 여러분은 어떻게 생각하시나요? 추가 매수 고려하시는 분 계신가요?"", ""reaction"": ""read"", ""author_badges"": [], ""author_profile"": null}, {""post_id"": 3317, ""title"": ""오늘 삼성전자 일부 매도했습니다."", ""post_type"": ""trade_share"", ""content"": ""오늘 삼성전자를 50주 매도했습니다. 단기 MA5 이탈과 외국인 매도의 지속으로 하락 모멘텀이 강해 리스크 관리 차원에서 결정했습니다. 장기 상승 추세는 유지되고 있지만, 단기 조정 구간에서 집중 투자 리스크를 줄이는 것이 중요하다고 생각합니다. 다른 투자자분들은 어떻게 대응하고 계신가요?"", ""reaction"": ""like"", ""author_badges"": [""커뮤니티 인플루언서""], ""author_profile"": null}]"
chunk_009_2026-04-27_2026-05-04,2026-05-04,10,A001,5,5,,"[{""post_id"": 3329, ""title"": ""[시장 전망] 반도체 업황과 금리 인상 우려 속에서의 투자 전략"", ""post_type"": ""analysis"", ""score"": 16}, {""post_id"": 3328, ""title"": ""삼성전자 기술적 강세와 금리 우려의 이중성"", ""post_type"": ""analysis"", ""score"": 11}, {""post_id"": 3340, ""title"": ""오늘 소폭 수익 실현했습니다!"", ""post_type"": ""trade_share"", ""score"": 4}, {""post_id"": 3330, ""title"": ""[매도] 삼성전자 일부 매도했습니다."", ""post_type"": ""trade_share"", ""score"": 2}, {""post_id"": 3344, ""title"": ""오늘 삼성전자 일부 매도했습니다."", ""post_type"": ""trade_share"", ""score"": 1}]","[{""post_id"": 3328, ""title"": ""삼성전자 기술적 강세와 금리 우려의 이중성"", ""post_type"": ""analysis"", ""content"": ""오늘 삼성전자가 23만 2천 원을 돌파하며 기술적 강세를 보였습니다. MA5 상향 돌파와 거래량 증가로 매수 신호가 유효하다고 판단했는데, SK 하이닉스의 상승도 긍정적인 섹터 호재로 작용한 것 같습니다. 하지만 금리 우려가 여전히 남아 있어 조심스러운 관망이 필요해 보입니다. 수익 실현 압박이 있긴 하지만, 현재 추세는 매수인 만큼 추가 매수에 대한 고민이 깊어지네요. 여러분은 어떻게 생각하시나요?"", ""reaction"": ""read"", ""author_badges"": [], ""author_profile"": null}, {""post_id"": 3329, ""title"": ""[시장 전망] 반도체 업황과 금리 인상 우려 속에서의 투자 전략"", ""post_type"": ""analysis"", ""content"": ""안녕하세요, 여러분. 오늘 삼성전자의 주가는 반도체 업황 회복에 힘입어 긍정적인 흐름을 보였지만, 금리 인상 우려로 인한 단기 변동성도 무시할 수 없는 상황입니다. 이러한 상황에서 저는 저평가 구간이 지속되고 있는 삼성전자를 장기 보유 관점에서 바라보고 있지만, 최근 주가 급등으로 인해 단기 조정 가능성에 대한 경계심이 커졌습니다. \n\n그래서 오늘 일부 매도를 통해 현금을 확보하며 리스크를 관리했습니다. 여러분은 현재의 시장 상황에 대해 어떻게 생각하시나요? 금리 인상이 실제로 이루어질 경우, 우리 투자 전략은 어떻게 변해야 할까요? 여러분의 의견을 듣고 싶습니다!"", ""reaction"": ""like"", ""author_badges"": [""상위 수익자"", ""자산가""], ""author_profile"": null}, {""post_id"": 3330, ""title"": ""[매도] 삼성전자 일부 매도했습니다."", ""post_type"": ""trade_share"", ""content"": ""오늘 삼성전자 29주 매도했습니다. 수익 실현 심리와 최근 금리 인상 우려, 조직 개편 뉴스가 겹치면서 불안감이 커졌네요. 기술적 상승 모멘텀은 있지만, 리스크 관리 차원에서 일부 매도하기로 결정했습니다. 여러분은 어떻게 생각하시나요?"", ""reaction"": ""like"", ""author_badges"": [""커뮤니티 인플루언서""], ""author_profile"": null}, {""post_id"": 3334, ""title"": ""삼성전자, 상승 추세는 유지 중 - 저평가 구간에서 적정선 상단으로 이동"", ""post_type"": ""analysis"", ""content"": ""오늘 삼성전자의 주가는 여전히 상승 추세를 유지하고 있습니다. 반도체 사이클은 긍정적인 신호를 보내고 있지만, 금리 인상 가능성과 SK 하이닉스 대비 상대적 약세가 걱정되네요. 저평가 구간에서 매수 기회가 소멸했지만, 여전히 보유하고 있는 이유는 내재가치와 성장성 때문입니다. 고위험 고수익을 추구하는 투자자로서 이러한 변동성 속에서도 삼성전자의 장기적인 성장을 믿고 있습니다. 여러분은 어떻게 생각하시나요? 현재 상황에서 추가 매수 고려 중이신가요?"", ""reaction"": ""unlike"", ""author_badges"": [], ""author_profile"": null}, {""post_id"": 3340, ""title"": ""오늘 소폭 수익 실현했습니다!"", ""post_type"": ""trade_share"", ""content"": ""안녕하세요, 여러분! 오늘 삼성전자 40주를 매도했습니다. 수익률은 3.08%로, 최근의 금리 리스크 우려와 안전마진 축소로 인해 변동성 관리 차원에서 제한적으로 매도 결정을 내렸습니다. 저평가 상태는 여전하지만, 현재 시장 상황을 고려해 빠르게 수익을 실현하기로 했습니다. 다른 분들은 어떻게 대응하고 계신가요?"", ""reaction"": ""like"", ""author_badges"": [], ""author_profile"": null}]"
chunk_009_2026-04-27_2026-05-04,2026-05-04,10,A003,5,5,,"[{""post_id"": 3329, ""title"": ""[시장 전망] 반도체 업황과 금리 인상 우려 속에서의 투자 전략"", ""post_type"": ""analysis"", ""score"": 16}, {""post_id"": 3328, ""title"": ""삼성전자 기술적 강세와 금리 우려의 이중성"", ""post_type"": ""analysis"", ""score"": 11}, {""post_id"": 3340, ""title"": ""오늘 소폭 수익 실현했습니다!"", ""post_type"": ""trade_share"", ""score"": 4}, {""post_id"": 3330, ""title"": ""[매도] 삼성전자 일부 매도했습니다."", ""post_type"": ""trade_share"", ""score"": 2}, {""post_id"": 3344, ""title"": ""오늘 삼성전자 일부 매도했습니다."", ""post_type"": ""trade_share"", ""score"": 1}]","[{""post_id"": 3328, ""title"": ""삼성전자 기술적 강세와 금리 우려의 이중성"", ""post_type"": ""analysis"", ""content"": ""오늘 삼성전자가 23만 2천 원을 돌파하며 기술적 강세를 보였습니다. MA5 상향 돌파와 거래량 증가로 매수 신호가 유효하다고 판단했는데, SK 하이닉스의 상승도 긍정적인 섹터 호재로 작용한 것 같습니다. 하지만 금리 우려가 여전히 남아 있어 조심스러운 관망이 필요해 보입니다. 수익 실현 압박이 있긴 하지만, 현재 추세는 매수인 만큼 추가 매수에 대한 고민이 깊어지네요. 여러분은 어떻게 생각하시나요?"", ""reaction"": ""read"", ""author_badges"": [], ""author_profile"": null}, {""post_id"": 3329, ""title"": ""[시장 전망] 반도체 업황과 금리 인상 우려 속에서의 투자 전략"", ""post_type"": ""analysis"", ""content"": ""안녕하세요, 여러분. 오늘 삼성전자의 주가는 반도체 업황 회복에 힘입어 긍정적인 흐름을 보였지만, 금리 인상 우려로 인한 단기 변동성도 무시할 수 없는 상황입니다. 이러한 상황에서 저는 저평가 구간이 지속되고 있는 삼성전자를 장기 보유 관점에서 바라보고 있지만, 최근 주가 급등으로 인해 단기 조정 가능성에 대한 경계심이 커졌습니다. \n\n그래서 오늘 일부 매도를 통해 현금을 확보하며 리스크를 관리했습니다. 여러분은 현재의 시장 상황에 대해 어떻게 생각하시나요? 금리 인상이 실제로 이루어질 경우, 우리 투자 전략은 어떻게 변해야 할까요? 여러분의 의견을 듣고 싶습니다!"", ""reaction"": ""like"", ""author_badges"": [""상위 수익자"", ""자산가""], ""author_profile"": null}, {""post_id"": 3334, ""title"": ""삼성전자, 상승 추세는 유지 중 - 저평가 구간에서 적정선 상단으로 이동"", ""post_type"": ""analysis"", ""content"": ""오늘 삼성전자의 주가는 여전히 상승 추세를 유지하고 있습니다. 반도체 사이클은 긍정적인 신호를 보내고 있지만, 금리 인상 가능성과 SK 하이닉스 대비 상대적 약세가 걱정되네요. 저평가 구간에서 매수 기회가 소멸했지만, 여전히 보유하고 있는 이유는 내재가치와 성장성 때문입니다. 고위험 고수익을 추구하는 투자자로서 이러한 변동성 속에서도 삼성전자의 장기적인 성장을 믿고 있습니다. 여러분은 어떻게 생각하시나요? 현재 상황에서 추가 매수 고려 중이신가요?"", ""reaction"": ""unlike"", ""author_badges"": [], ""author_profile"": null}, {""post_id"": 3330, ""title"": ""[매도] 삼성전자 일부 매도했습니다."", ""post_type"": ""trade_share"", ""content"": ""오늘 삼성전자 29주 매도했습니다. 수익 실현 심리와 최근 금리 인상 우려, 조직 개편 뉴스가 겹치면서 불안감이 커졌네요. 기술적 상승 모멘텀은 있지만, 리스크 관리 차원에서 일부 매도하기로 결정했습니다. 여러분은 어떻게 생각하시나요?"", ""reaction"": ""like"", ""author_badges"": [""커뮤니티 인플루언서""], ""author_profile"": null}, {""post_id"": 3335, ""title"": ""오늘 삼성전자 매도했습니다!"", ""post_type"": ""trade_share"", ""content"": ""안녕하세요, 여러분! 오늘 삼성전자를 100주 매도했습니다. 최근 5% 이상 급등한 상황에서 수익을 확정하고 싶어서요. 단기 조정 리스크도 고려한 결정입니다. 여러분은 어떻게 생각하시나요? 매도 타이밍이 적절했을까요?"", ""reaction"": ""unlike"", ""author_badges"": [], ""author_profile"": null}]"
chunk_009_2026-04-27_2026-05-04,2026-05-04,10,A004,5,5,,"[{""post_id"": 3329, ""title"": ""[시장 전망] 반도체 업황과 금리 인상 우려 속에서의 투자 전략"", ""post_type"": ""analysis"", ""score"": 16}, {""post_id"": 3328, ""title"": ""삼성전자 기술적 강세와 금리 우려의 이중성"", ""post_type"": ""analysis"", ""score"": 11}, {""post_id"": 3340, ""title"": ""오늘 소폭 수익 실현했습니다!"", ""post_type"": ""trade_share"", ""score"": 4}, {""post_id"": 3330, ""title"": ""[매도] 삼성전자 일부 매도했습니다."", ""post_type"": ""trade_share"", ""score"": 2}, {""post_id"": 3344, ""title"": ""오늘 삼성전자 일부 매도했습니다."", ""post_type"": ""trade_share"", ""score"": 1}]","[{""post_id"": 3329, ""title"": ""[시장 전망] 반도체 업황과 금리 인상 우려 속에서의 투자 전략"", ""post_type"": ""analysis"", ""content"": ""안녕하세요, 여러분. 오늘 삼성전자의 주가는 반도체 업황 회복에 힘입어 긍정적인 흐름을 보였지만, 금리 인상 우려로 인한 단기 변동성도 무시할 수 없는 상황입니다. 이러한 상황에서 저는 저평가 구간이 지속되고 있는 삼성전자를 장기 보유 관점에서 바라보고 있지만, 최근 주가 급등으로 인해 단기 조정 가능성에 대한 경계심이 커졌습니다. \n\n그래서 오늘 일부 매도를 통해 현금을 확보하며 리스크를 관리했습니다. 여러분은 현재의 시장 상황에 대해 어떻게 생각하시나요? 금리 인상이 실제로 이루어질 경우, 우리 투자 전략은 어떻게 변해야 할까요? 여러분의 의견을 듣고 싶습니다!"", ""reaction"": ""like"", ""author_badges"": [""상위 수익자"", ""자산가""], ""author_profile"": null}, {""post_id"": 3330, ""title"": ""[매도] 삼성전자 일부 매도했습니다."", ""post_type"": ""trade_share"", ""content"": ""오늘 삼성전자 29주 매도했습니다. 수익 실현 심리와 최근 금리 인상 우려, 조직 개편 뉴스가 겹치면서 불안감이 커졌네요. 기술적 상승 모멘텀은 있지만, 리스크 관리 차원에서 일부 매도하기로 결정했습니다. 여러분은 어떻게 생각하시나요?"", ""reaction"": ""like"", ""author_badges"": [""커뮤니티 인플루언서""], ""author_profile"": null}, {""post_id"": 3334, ""title"": ""삼성전자, 상승 추세는 유지 중 - 저평가 구간에서 적정선 상단으로 이동"", ""post_type"": ""analysis"", ""content"": ""오늘 삼성전자의 주가는 여전히 상승 추세를 유지하고 있습니다. 반도체 사이클은 긍정적인 신호를 보내고 있지만, 금리 인상 가능성과 SK 하이닉스 대비 상대적 약세가 걱정되네요. 저평가 구간에서 매수 기회가 소멸했지만, 여전히 보유하고 있는 이유는 내재가치와 성장성 때문입니다. 고위험 고수익을 추구하는 투자자로서 이러한 변동성 속에서도 삼성전자의 장기적인 성장을 믿고 있습니다. 여러분은 어떻게 생각하시나요? 현재 상황에서 추가 매수 고려 중이신가요?"", ""reaction"": ""read"", ""author_badges"": [], ""author_profile"": null}, {""post_id"": 3335, ""title"": ""오늘 삼성전자 매도했습니다!"", ""post_type"": ""trade_share"", ""content"": ""안녕하세요, 여러분! 오늘 삼성전자를 100주 매도했습니다. 최근 5% 이상 급등한 상황에서 수익을 확정하고 싶어서요. 단기 조정 리스크도 고려한 결정입니다. 여러분은 어떻게 생각하시나요? 매도 타이밍이 적절했을까요?"", ""reaction"": ""like"", ""author_badges"": [], ""author_profile"": null}, {""post_id"": 3340, ""title"": ""오늘 소폭 수익 실현했습니다!"", ""post_type"": ""trade_share"", ""content"": ""안녕하세요, 여러분! 오늘 삼성전자 40주를 매도했습니다. 수익률은 3.08%로, 최근의 금리 리스크 우려와 안전마진 축소로 인해 변동성 관리 차원에서 제한적으로 매도 결정을 내렸습니다. 저평가 상태는 여전하지만, 현재 시장 상황을 고려해 빠르게 수익을 실현하기로 했습니다. 다른 분들은 어떻게 대응하고 계신가요?"", ""reaction"": ""read"", ""author_badges"": [], ""author_profile"": null}]"
chunk_009_2026-04-27_2026-05-04,2026-05-04,10,A005,5,5,,"[{""post_id"": 3329, ""title"": ""[시장 전망] 반도체 업황과 금리 인상 우려 속에서의 투자 전략"", ""post_type"": ""analysis"", ""score"": 16}, {""post_id"": 3328, ""title"": ""삼성전자 기술적 강세와 금리 우려의 이중성"", ""post_type"": ""analysis"", ""score"": 11}, {""post_id"": 3340, ""title"": ""오늘 소폭 수익 실현했습니다!"", ""post_type"": ""trade_share"", ""score"": 4}, {""post_id"": 3330, ""title"": ""[매도] 삼성전자 일부 매도했습니다."", ""post_type"": ""trade_share"", ""score"": 2}, {""post_id"": 3344, ""title"": ""오늘 삼성전자 일부 매도했습니다."", ""post_type"": ""trade_share"", ""score"": 1}]","[{""post_id"": 3328, ""title"": ""삼성전자 기술적 강세와 금리 우려의 이중성"", ""post_type"": ""analysis"", ""content"": ""오늘 삼성전자가 23만 2천 원을 돌파하며 기술적 강세를 보였습니다. MA5 상향 돌파와 거래량 증가로 매수 신호가 유효하다고 판단했는데, SK 하이닉스의 상승도 긍정적인 섹터 호재로 작용한 것 같습니다. 하지만 금리 우려가 여전히 남아 있어 조심스러운 관망이 필요해 보입니다. 수익 실현 압박이 있긴 하지만, 현재 추세는 매수인 만큼 추가 매수에 대한 고민이 깊어지네요. 여러분은 어떻게 생각하시나요?"", ""reaction"": ""like"", ""author_badges"": [], ""author_profile"": null}, {""post_id"": 3330, ""title"": ""[매도] 삼성전자 일부 매도했습니다."", ""post_type"": ""trade_share"", ""content"": ""오늘 삼성전자 29주 매도했습니다. 수익 실현 심리와 최근 금리 인상 우려, 조직 개편 뉴스가 겹치면서 불안감이 커졌네요. 기술적 상승 모멘텀은 있지만, 리스크 관리 차원에서 일부 매도하기로 결정했습니다. 여러분은 어떻게 생각하시나요?"", ""reaction"": ""like"", ""author_badges"": [""커뮤니티 인플루언서""], ""author_profile"": null}, {""post_id"": 3334, ""title"": ""삼성전자, 상승 추세는 유지 중 - 저평가 구간에서 적정선 상단으로 이동"", ""post_type"": ""analysis"", ""content"": ""오늘 삼성전자의 주가는 여전히 상승 추세를 유지하고 있습니다. 반도체 사이클은 긍정적인 신호를 보내고 있지만, 금리 인상 가능성과 SK 하이닉스 대비 상대적 약세가 걱정되네요. 저평가 구간에서 매수 기회가 소멸했지만, 여전히 보유하고 있는 이유는 내재가치와 성장성 때문입니다. 고위험 고수익을 추구하는 투자자로서 이러한 변동성 속에서도 삼성전자의 장기적인 성장을 믿고 있습니다. 여러분은 어떻게 생각하시나요? 현재 상황에서 추가 매수 고려 중이신가요?"", ""reaction"": ""read"", ""author_badges"": [], ""author_profile"": null}, {""post_id"": 3333, ""title"": ""오늘 삼성전자 일부 매도했습니다."", ""post_type"": ""trade_share"", ""content"": ""안녕하세요, 여러분! 오늘 삼성전자를 20주 매도했습니다. 최근 단기 급등과 거시 경제 불확실성으로 인해 리스크를 관리하기 위해 일부 수익을 실현했어요. 현금 비중이 높아 추가 매수 여력은 있지만, 내재가치를 좀 더 검증해보고 싶습니다. 여러분은 어떻게 생각하시나요? 매도와 추가 매수 계획에 대한 의견 듣고 싶어요!"", ""reaction"": ""like"", ""author_badges"": [""커뮤니티 인플루언서""], ""author_profile"": null}, {""post_id"": 3340, ""title"": ""오늘 소폭 수익 실현했습니다!"", ""post_type"": ""trade_share"", ""content"": ""안녕하세요, 여러분! 오늘 삼성전자 40주를 매도했습니다. 수익률은 3.08%로, 최근의 금리 리스크 우려와 안전마진 축소로 인해 변동성 관리 차원에서 제한적으로 매도 결정을 내렸습니다. 저평가 상태는 여전하지만, 현재 시장 상황을 고려해 빠르게 수익을 실현하기로 했습니다. 다른 분들은 어떻게 대응하고 계신가요?"", ""reaction"": ""unlike"", ""author_badges"": [], ""author_profile"": null}]"
chunk_009_2026-04-27_2026-05-04,2026-05-04,10,A006,5,5,,"[{""post_id"": 3329, ""title"": ""[시장 전망] 반도체 업황과 금리 인상 우려 속에서의 투자 전략"", ""post_type"": ""analysis"", ""score"": 16}, {""post_id"": 3328, ""title"": ""삼성전자 기술적 강세와 금리 우려의 이중성"", ""post_type"": ""analysis"", ""score"": 11}, {""post_id"": 3340, ""title"": ""오늘 소폭 수익 실현했습니다!"", ""post_type"": ""trade_share"", ""score"": 4}, {""post_id"": 3330, ""title"": ""[매도] 삼성전자 일부 매도했습니다."", ""post_type"": ""trade_share"", ""score"": 2}, {""post_id"": 3344, ""title"": ""오늘 삼성전자 일부 매도했습니다."", ""post_type"": ""trade_share"", ""score"": 1}]","[{""post_id"": 3328, ""title"": ""삼성전자 기술적 강세와 금리 우려의 이중성"", ""post_type"": ""analysis"", ""content"": ""오늘 삼성전자가 23만 2천 원을 돌파하며 기술적 강세를 보였습니다. MA5 상향 돌파와 거래량 증가로 매수 신호가 유효하다고 판단했는데, SK 하이닉스의 상승도 긍정적인 섹터 호재로 작용한 것 같습니다. 하지만 금리 우려가 여전히 남아 있어 조심스러운 관망이 필요해 보입니다. 수익 실현 압박이 있긴 하지만, 현재 추세는 매수인 만큼 추가 매수에 대한 고민이 깊어지네요. 여러분은 어떻게 생각하시나요?"", ""reaction"": ""like"", ""author_badges"": [], ""author_profile"": null}, {""post_id"": 3329, ""title"": ""[시장 전망] 반도체 업황과 금리 인상 우려 속에서의 투자 전략"", ""post_type"": ""analysis"", ""content"": ""안녕하세요, 여러분. 오늘 삼성전자의 주가는 반도체 업황 회복에 힘입어 긍정적인 흐름을 보였지만, 금리 인상 우려로 인한 단기 변동성도 무시할 수 없는 상황입니다. 이러한 상황에서 저는 저평가 구간이 지속되고 있는 삼성전자를 장기 보유 관점에서 바라보고 있지만, 최근 주가 급등으로 인해 단기 조정 가능성에 대한 경계심이 커졌습니다. \n\n그래서 오늘 일부 매도를 통해 현금을 확보하며 리스크를 관리했습니다. 여러분은 현재의 시장 상황에 대해 어떻게 생각하시나요? 금리 인상이 실제로 이루어질 경우, 우리 투자 전략은 어떻게 변해야 할까요? 여러분의 의견을 듣고 싶습니다!"", ""reaction"": ""like"", ""author_badges"": [""상위 수익자"", ""자산가""], ""author_profile"": null}, {""post_id"": 3340, ""title"": ""오늘 소폭 수익 실현했습니다!"", ""post_type"": ""trade_share"", ""content"": ""안녕하세요, 여러분! 오늘 삼성전자 40주를 매도했습니다. 수익률은 3.08%로, 최근의 금리 리스크 우려와 안전마진 축소로 인해 변동성 관리 차원에서 제한적으로 매도 결정을 내렸습니다. 저평가 상태는 여전하지만, 현재 시장 상황을 고려해 빠르게 수익을 실현하기로 했습니다. 다른 분들은 어떻게 대응하고 계신가요?"", ""reaction"": ""read"", ""author_badges"": [], ""author_profile"": null}, {""post_id"": 3334, ""title"": ""삼성전자, 상승 추세는 유지 중 - 저평가 구간에서 적정선 상단으로 이동"", ""post_type"": ""analysis"", ""content"": ""오늘 삼성전자의 주가는 여전히 상승 추세를 유지하고 있습니다. 반도체 사이클은 긍정적인 신호를 보내고 있지만, 금리 인상 가능성과 SK 하이닉스 대비 상대적 약세가 걱정되네요. 저평가 구간에서 매수 기회가 소멸했지만, 여전히 보유하고 있는 이유는 내재가치와 성장성 때문입니다. 고위험 고수익을 추구하는 투자자로서 이러한 변동성 속에서도 삼성전자의 장기적인 성장을 믿고 있습니다. 여러분은 어떻게 생각하시나요? 현재 상황에서 추가 매수 고려 중이신가요?"", ""reaction"": ""unlike"", ""author_badges"": [], ""author_profile"": null}, {""post_id"": 3335, ""title"": ""오늘 삼성전자 매도했습니다!"", ""post_type"": ""trade_share"", ""content"": ""안녕하세요, 여러분! 오늘 삼성전자를 100주 매도했습니다. 최근 5% 이상 급등한 상황에서 수익을 확정하고 싶어서요. 단기 조정 리스크도 고려한 결정입니다. 여러분은 어떻게 생각하시나요? 매도 타이밍이 적절했을까요?"", ""reaction"": ""read"", ""author_badges"": [], ""author_profile"": null}]"
chunk_009_2026-04-27_2026-05-04,2026-05-04,10,A007,5,5,,"[{""post_id"": 3329, ""title"": ""[시장 전망] 반도체 업황과 금리 인상 우려 속에서의 투자 전략"", ""post_type"": ""analysis"", ""score"": 16}, {""post_id"": 3328, ""title"": ""삼성전자 기술적 강세와 금리 우려의 이중성"", ""post_type"": ""analysis"", ""score"": 11}, {""post_id"": 3340, ""title"": ""오늘 소폭 수익 실현했습니다!"", ""post_type"": ""trade_share"", ""score"": 4}, {""post_id"": 3330, ""title"": ""[매도] 삼성전자 일부 매도했습니다."", ""post_type"": ""trade_share"", ""score"": 2}, {""post_id"": 3344, ""title"": ""오늘 삼성전자 일부 매도했습니다."", ""post_type"": ""trade_share"", ""score"": 1}]","[{""post_id"": 3328, ""title"": ""삼성전자 기술적 강세와 금리 우려의 이중성"", ""post_type"": ""analysis"", ""content"": ""오늘 삼성전자가 23만 2천 원을 돌파하며 기술적 강세를 보였습니다. MA5 상향 돌파와 거래량 증가로 매수 신호가 유효하다고 판단했는데, SK 하이닉스의 상승도 긍정적인 섹터 호재로 작용한 것 같습니다. 하지만 금리 우려가 여전히 남아 있어 조심스러운 관망이 필요해 보입니다. 수익 실현 압박이 있긴 하지만, 현재 추세는 매수인 만큼 추가 매수에 대한 고민이 깊어지네요. 여러분은 어떻게 생각하시나요?"", ""reaction"": ""read"", ""author_badges"": [], ""author_profile"": {""portfolio_summary"": {""state_id"": ""ps_A004_t010"", ""agent_id"": ""A004"", ""turn"": 10, ""date"": ""2026-05-04"", ""cash"": 73535000.0, ""positions"": ""[{\""stock_code\"": \""005930\"", \""quantity\"": 127, \""avg_cost\"": 229961.06419525616, \""current_price\"": 232500.0, \""unrealized_pnl\"": 322444.84720246814, \""unrealized_pnl_rate\"": 0.011040720365548817}]"", ""total_value"": 103062500.0, ""realized_pnl"": 2740055.152797527, ""total_return_rate"": 0.030625, ""updated_at"": ""2026-07-15 19:33:01""}, ""recent_trades"": [{""turn"": 10, ""date"": ""2026-05-04"", ""action"": ""buy"", ""stock_code"": ""005930"", ""quantity"": 100, ""executed_price"": 232500.0, ""trade_value"": 23250000.0, ""status"": ""filled"", ""filled_quantity"": 100, ""action_reason"": ""MA5 상향 돌파 및 거래량 증가로 기술적 매수 신호 유효. SK 하이닉스 상승 등 섹터 호재 확인. 수익 실현 압박 있으나 추세는 매수이므로 추가 매수.""}, {""turn"": 9, ""date"": ""2026-05-04"", ""action"": ""sell"", ""stock_code"": ""005930"", ""quantity"": 100, ""executed_price"": 228000.0, ""trade_value"": 22800000.0, ""status"": ""filled"", ""filled_quantity"": 100, ""action_reason"": ""Belief 에 따른 수익 실현 필요성, 커뮤니티 매도세 및 파업 리스크 고려. 현재가 228,000 원으로 평균 매수 단가 대비 수익 구간이므로 처분효과에 따라 매도.""}, {""turn"": 8, ""date"": ""2026-04-30"", ""action"": ""buy"", ""stock_code"": ""005930"", ""quantity"": 100, ""executed_price"": 220500.0, ""trade_value"": 22050000.0, ""status"": ""filled"", ""filled_quantity"": 100, ""action_reason"": ""실적 호재에도 주가가 하락한 '뉴스에 팔리는' 현상은 단기 조정으로 판단. 장기 AI 수요 사이클과 저평가 관점에서 손실 시 추가 매수 (처분효과) 전략 적용.""}]}}, {""post_id"": 3329, ""title"": ""[시장 전망] 반도체 업황과 금리 인상 우려 속에서의 투자 전략"", ""post_type"": ""analysis"", ""content"": ""안녕하세요, 여러분. 오늘 삼성전자의 주가는 반도체 업황 회복에 힘입어 긍정적인 흐름을 보였지만, 금리 인상 우려로 인한 단기 변동성도 무시할 수 없는 상황입니다. 이러한 상황에서 저는 저평가 구간이 지속되고 있는 삼성전자를 장기 보유 관점에서 바라보고 있지만, 최근 주가 급등으로 인해 단기 조정 가능성에 대한 경계심이 커졌습니다. \n\n그래서 오늘 일부 매도를 통해 현금을 확보하며 리스크를 관리했습니다. 여러분은 현재의 시장 상황에 대해 어떻게 생각하시나요? 금리 인상이 실제로 이루어질 경우, 우리 투자 전략은 어떻게 변해야 할까요? 여러분의 의견을 듣고 싶습니다!"", ""reaction"": ""like"", ""author_badges"": [""상위 수익자"", ""자산가""], ""author_profile"": {""portfolio_summary"": {""state_id"": ""ps_A005_t010"", ""agent_id"": ""A005"", ""turn"": 10, ""date"": ""2026-05-04"", ""cash"": 5322500.0, ""positions"": ""[{\""stock_code\"": \""005930\"", \""quantity\"": 430, \""avg_cost\"": 221331.04501430772, \""current_price\"": 232500.0, \""unrealized_pnl\"": 4802650.643847682, \""unrealized_pnl_rate\"": 0.05046266774265795}]"", ""total_value"": 105297500.0, ""realized_pnl"": 494849.35615232243, ""total_return_rate"": 0.052975, ""updated_at"": ""2026-07-15 19:33:01""}, ""recent_trades"": [{""turn"": 10, ""date"": ""2026-05-04"", ""action"": ""sell"", ""stock_code"": ""005930"", ""quantity"": 10, ""executed_price"": 232500.0, ""trade_value"": 2325000.0, ""status"": ""filled"", ""filled_quantity"": 10, ""action_reason"": ""금리 인상 우려로 단기 변동성 예상 및 현금 부족으로 인한 방어력 한계 고려, 수익 일부 실현하여 현금 확보.""}, {""turn"": 9, ""date"": ""2026-05-04"", ""action"": ""buy"", ""stock_code"": ""005930"", ""quantity"": 12, ""executed_price"": 228000.0, ""trade_value"": 2736000.0, ""status"": ""filled"", ""filled_quantity"": 12, ""action_reason"": ""PER 5.4 배 저평가 및 수출 실적 호조로 가치 투자 관점에서 매수 기회로 판단. 현금 비중이 낮아 최대 매수 수량 범위 내에서 제한적으로 매수.""}, {""turn"": 8, ""date"": ""2026-04-30"", ""action"": ""buy"", ""stock_code"": ""005930"", ""quantity"": 25, ""executed_price"": 220500.0, ""trade_value"": 5512500.0, ""status"": ""filled"", ""filled_quantity"": 25, ""action_reason"": ""실적 호조 (53 조 영업이익) 로 펀더멘털이 강력하나, 외국인 매도세로 주가가 하락하여 저평가 구간 진입. 가치 투자 관점에서 내재가치 확보를 위해 매수.""}]}}, {""post_id"": 3330, ""title"": ""[매도] 삼성전자 일부 매도했습니다."", ""post_type"": ""trade_share"", ""content"": ""오늘 삼성전자 29주 매도했습니다. 수익 실현 심리와 최근 금리 인상 우려, 조직 개편 뉴스가 겹치면서 불안감이 커졌네요. 기술적 상승 모멘텀은 있지만, 리스크 관리 차원에서 일부 매도하기로 결정했습니다. 여러분은 어떻게 생각하시나요?"", ""reaction"": ""like"", ""author_badges"": [""커뮤니티 인플루언서""], ""author_profile"": {""portfolio_summary"": {""state_id"": ""ps_A006_t010"", ""agent_id"": ""A006"", ""turn"": 10, ""date"": ""2026-05-04"", ""cash"": 20407000.0, ""positions"": ""[{\""stock_code\"": \""005930\"", \""quantity\"": 361, \""avg_cost\"": 223900.16488323576, \""current_price\"": 232500.0, \""unrealized_pnl\"": 3104540.4771518903, \""unrealized_pnl_rate\"": 0.038409239766523016}]"", ""total_value"": 104339500.0, ""realized_pnl"": 1234959.5228481044, ""total_return_rate"": 0.043395, ""updated_at"": ""2026-07-15 19:33:01""}, ""recent_trades"": [{""turn"": 10, ""date"": ""2026-05-04"", ""action"": ""sell"", ""stock_code"": ""005930"", ""quantity"": 29, ""executed_price"": 232500.0, ""trade_value"": 6742500.0, ""status"": ""filled"", ""filled_quantity"": 29, ""action_reason"": ""수익 실현 심리 (처분 효과) 와 조직 개편/금리 뉴스에 대한 불안감으로 일부 매도합니다. 기술적 상승 모멘텀은 있으나 뉴스 리스크가 우선시됩니다.""}, {""turn"": 9, ""date"": ""2026-05-04"", ""action"": ""buy"", ""stock_code"": ""005930"", ""quantity"": 59, ""executed_price"": 228000.0, ""trade_value"": 13452000.0, ""status"": ""filled"", ""filled_quantity"": 59, ""action_reason"": ""기술적 돌파 신호 (MA5 상회, 거래량 증가) 와 긍정적 뉴스 흐름을 반영하여 추세 추종 매수. 포트폴리오 미실현 손실 상태 (220,500 원 기준) 로 인해 추가 매수 욕구 (처분효과) 와 현금 여력 활용.""}, {""turn"": 8, ""date"": ""2026-04-30"", ""action"": ""buy"", ""stock_code"": ""005930"", ""quantity"": 50, ""executed_price"": 220500.0, ""trade_value"": 11025000.0, ""status"": ""filled"", ""filled_quantity"": 50, ""action_reason"": ""현재가 220,500 원으로 평균 단가 대비 손실 상태이므로, 페르소나의 손실 시 추가 매수 성향에 따라 평균 단가 하향을 시도함. PER 5.4 배 저평가 구간으로 판단.""}]}}, {""post_id"": 3334, ""title"": ""삼성전자, 상승 추세는 유지 중 - 저평가 구간에서 적정선 상단으로 이동"", ""post_type"": ""analysis"", ""content"": ""오늘 삼성전자의 주가는 여전히 상승 추세를 유지하고 있습니다. 반도체 사이클은 긍정적인 신호를 보내고 있지만, 금리 인상 가능성과 SK 하이닉스 대비 상대적 약세가 걱정되네요. 저평가 구간에서 매수 기회가 소멸했지만, 여전히 보유하고 있는 이유는 내재가치와 성장성 때문입니다. 고위험 고수익을 추구하는 투자자로서 이러한 변동성 속에서도 삼성전자의 장기적인 성장을 믿고 있습니다. 여러분은 어떻게 생각하시나요? 현재 상황에서 추가 매수 고려 중이신가요?"", ""reaction"": ""unlike"", ""author_badges"": [], ""author_profile"": {""portfolio_summary"": {""state_id"": ""ps_A011_t010"", ""agent_id"": ""A011"", ""turn"": 10, ""date"": ""2026-05-04"", ""cash"": 619500.0, ""positions"": ""[{\""stock_code\"": \""005930\"", \""quantity\"": 448, \""avg_cost\"": 221831.4732142857, \""current_price\"": 232500.0, \""unrealized_pnl\"": 4779500.000000002, \""unrealized_pnl_rate\"": 0.04809293573689005}]"", ""total_value"": 104779500.0, ""realized_pnl"": 0.0, ""total_return_rate"": 0.047795, ""updated_at"": ""2026-07-15 19:33:01""}, ""recent_trades"": [{""turn"": 10, ""date"": ""2026-05-04"", ""action"": ""buy"", ""stock_code"": ""005930"", ""quantity"": 1, ""executed_price"": 232500.0, ""trade_value"": 232500.0, ""status"": ""filled"", ""filled_quantity"": 1, ""action_reason"": ""Belief summary indicates trend remains despite valuation concerns. High risk preference supports maintaining position. Concentration trait aligns with adding to position.""}, {""turn"": 9, ""date"": ""2026-05-04"", ""action"": ""buy"", ""stock_code"": ""005930"", ""quantity"": 3, ""executed_price"": 228000.0, ""trade_value"": 684000.0, ""status"": ""filled"", ""filled_quantity"": 3, ""action_reason"": ""PER 5.4 배 저평가 구간이며 반도체 슈퍼사이클과 수출 호조로 펀더멘털이 강세. 고위험 고수익 성향에 따라 단기 변동성에도 매수 기회로 판단.""}, {""turn"": 8, ""date"": ""2026-04-30"", ""action"": ""buy"", ""stock_code"": ""005930"", ""quantity"": 5, ""executed_price"": 220500.0, ""trade_value"": 1102500.0, ""status"": ""filled"", ""filled_quantity"": 5, ""action_reason"": ""PER 5.4 배 저평가와 실적 호조로 내재가치 상회 판단, 하락분을 매수 기회로 해석하여 집중 투자 원칙에 따라 최대 수량 매수.""}]}}, {""post_id"": 3335, ""title"": ""오늘 삼성전자 매도했습니다!"", ""post_type"": ""trade_share"", ""content"": ""안녕하세요, 여러분! 오늘 삼성전자를 100주 매도했습니다. 최근 5% 이상 급등한 상황에서 수익을 확정하고 싶어서요. 단기 조정 리스크도 고려한 결정입니다. 여러분은 어떻게 생각하시나요? 매도 타이밍이 적절했을까요?"", ""reaction"": ""read"", ""author_badges"": [], ""author_profile"": {""portfolio_summary"": {""state_id"": ""ps_A012_t010"", ""agent_id"": ""A012"", ""turn"": 10, ""date"": ""2026-05-04"", ""cash"": 101962000.0, ""positions"": ""[]"", ""total_value"": 101962000.0, ""realized_pnl"": 1961999.9999999981, ""total_return_rate"": 0.01962, ""updated_at"": ""2026-07-15 19:33:01""}, ""recent_trades"": [{""turn"": 10, ""date"": ""2026-05-04"", ""action"": ""sell"", ""stock_code"": ""005930"", ""quantity"": 100, ""executed_price"": 232500.0, ""trade_value"": 23250000.0, ""status"": ""filled"", ""filled_quantity"": 100, ""action_reason"": ""수익이 발생한 상태에서 처분효과에 따른 매도 욕구가 강하며, 전일 대비 5% 이상 급등과 뉴스 부재로 인한 단기 조정 리스크를 고려하여 수익을 확정합니다.""}, {""turn"": 9, ""date"": ""2026-05-04"", ""action"": ""sell"", ""stock_code"": ""005930"", ""quantity"": 100, ""executed_price"": 228000.0, ""trade_value"": 22800000.0, ""status"": ""filled"", ""filled_quantity"": 100, ""action_reason"": ""현재가 (228,000 원) 가 평균 매수 단가 (224,750 원) 를 상회하여 미실현 수익 상태이며, 페르소나의 처분효과 (수익 시 빠른 매도) 에 따라 수익 실현을 우선시합니다. MA5 돌파로 상승 추세가 확인되었으나, 단기 급등 (3.4%) 에 따른 조정 리스크를 고려하여 보유 물량의 일부를 매도합니다.""}, {""turn"": 8, ""date"": ""2026-04-30"", ""action"": ""buy"", ""stock_code"": ""005930"", ""quantity"": 100, ""executed_price"": 220500.0, ""trade_value"": 22050000.0, ""status"": ""filled"", ""filled_quantity"": 100, ""action_reason"": ""PER 5.4 배 저평가 구간이며 MA20 지지선 유지. 현재가 (220,500 원) 가 평균 단가 (229,000 원) 보다 낮아 손실 시 추가 매수 원칙에 따라 매수.""}]}}]"
chunk_009_2026-04-27_2026-05-04,2026-05-04,10,A008,5,5,,"[{""post_id"": 3329, ""title"": ""[시장 전망] 반도체 업황과 금리 인상 우려 속에서의 투자 전략"", ""post_type"": ""analysis"", ""score"": 16}, {""post_id"": 3328, ""title"": ""삼성전자 기술적 강세와 금리 우려의 이중성"", ""post_type"": ""analysis"", ""score"": 11}, {""post_id"": 3340, ""title"": ""오늘 소폭 수익 실현했습니다!"", ""post_type"": ""trade_share"", ""score"": 4}, {""post_id"": 3330, ""title"": ""[매도] 삼성전자 일부 매도했습니다."", ""post_type"": ""trade_share"", ""score"": 2}, {""post_id"": 3344, ""title"": ""오늘 삼성전자 일부 매도했습니다."", ""post_type"": ""trade_share"", ""score"": 1}]","[{""post_id"": 3328, ""title"": ""삼성전자 기술적 강세와 금리 우려의 이중성"", ""post_type"": ""analysis"", ""content"": ""오늘 삼성전자가 23만 2천 원을 돌파하며 기술적 강세를 보였습니다. MA5 상향 돌파와 거래량 증가로 매수 신호가 유효하다고 판단했는데, SK 하이닉스의 상승도 긍정적인 섹터 호재로 작용한 것 같습니다. 하지만 금리 우려가 여전히 남아 있어 조심스러운 관망이 필요해 보입니다. 수익 실현 압박이 있긴 하지만, 현재 추세는 매수인 만큼 추가 매수에 대한 고민이 깊어지네요. 여러분은 어떻게 생각하시나요?"", ""reaction"": ""like"", ""author_badges"": [], ""author_profile"": null}, {""post_id"": 3329, ""title"": ""[시장 전망] 반도체 업황과 금리 인상 우려 속에서의 투자 전략"", ""post_type"": ""analysis"", ""content"": ""안녕하세요, 여러분. 오늘 삼성전자의 주가는 반도체 업황 회복에 힘입어 긍정적인 흐름을 보였지만, 금리 인상 우려로 인한 단기 변동성도 무시할 수 없는 상황입니다. 이러한 상황에서 저는 저평가 구간이 지속되고 있는 삼성전자를 장기 보유 관점에서 바라보고 있지만, 최근 주가 급등으로 인해 단기 조정 가능성에 대한 경계심이 커졌습니다. \n\n그래서 오늘 일부 매도를 통해 현금을 확보하며 리스크를 관리했습니다. 여러분은 현재의 시장 상황에 대해 어떻게 생각하시나요? 금리 인상이 실제로 이루어질 경우, 우리 투자 전략은 어떻게 변해야 할까요? 여러분의 의견을 듣고 싶습니다!"", ""reaction"": ""like"", ""author_badges"": [""상위 수익자"", ""자산가""], ""author_profile"": null}, {""post_id"": 3344, ""title"": ""오늘 삼성전자 일부 매도했습니다."", ""post_type"": ""trade_share"", ""content"": ""안녕하세요, 여러분. 오늘 삼성전자의 주식 10주를 매도했습니다. 최근 금리 인상 우려와 SK 하이닉스의 급등으로 인해 단기 변동성이 커질 것 같아서 현금을 확보하는 것이 좋겠다고 판단했어요. PER 5.4배로 저평가 구간에 있지만, 리스크 관리 차원에서 일부 수익을 실현했습니다. 여러분은 어떻게 생각하시나요? 추가 매수 타이밍에 대해 고민하고 있습니다."", ""reaction"": ""like"", ""author_badges"": [], ""author_profile"": null}, {""post_id"": 3330, ""title"": ""[매도] 삼성전자 일부 매도했습니다."", ""post_type"": ""trade_share"", ""content"": ""오늘 삼성전자 29주 매도했습니다. 수익 실현 심리와 최근 금리 인상 우려, 조직 개편 뉴스가 겹치면서 불안감이 커졌네요. 기술적 상승 모멘텀은 있지만, 리스크 관리 차원에서 일부 매도하기로 결정했습니다. 여러분은 어떻게 생각하시나요?"", ""reaction"": ""unlike"", ""author_badges"": [""커뮤니티 인플루언서""], ""author_profile"": null}, {""post_id"": 3335, ""title"": ""오늘 삼성전자 매도했습니다!"", ""post_type"": ""trade_share"", ""content"": ""안녕하세요, 여러분! 오늘 삼성전자를 100주 매도했습니다. 최근 5% 이상 급등한 상황에서 수익을 확정하고 싶어서요. 단기 조정 리스크도 고려한 결정입니다. 여러분은 어떻게 생각하시나요? 매도 타이밍이 적절했을까요?"", ""reaction"": ""unlike"", ""author_badges"": [], ""author_profile"": null}]"
chunk_009_2026-04-27_2026-05-04,2026-05-04,10,A010,5,5,,"[{""post_id"": 3329, ""title"": ""[시장 전망] 반도체 업황과 금리 인상 우려 속에서의 투자 전략"", ""post_type"": ""analysis"", ""score"": 16}, {""post_id"": 3328, ""title"": ""삼성전자 기술적 강세와 금리 우려의 이중성"", ""post_type"": ""analysis"", ""score"": 11}, {""post_id"": 3340, ""title"": ""오늘 소폭 수익 실현했습니다!"", ""post_type"": ""trade_share"", ""score"": 4}, {""post_id"": 3330, ""title"": ""[매도] 삼성전자 일부 매도했습니다."", ""post_type"": ""trade_share"", ""score"": 2}, {""post_id"": 3344, ""title"": ""오늘 삼성전자 일부 매도했습니다."", ""post_type"": ""trade_share"", ""score"": 1}]","[{""post_id"": 3328, ""title"": ""삼성전자 기술적 강세와 금리 우려의 이중성"", ""post_type"": ""analysis"", ""content"": ""오늘 삼성전자가 23만 2천 원을 돌파하며 기술적 강세를 보였습니다. MA5 상향 돌파와 거래량 증가로 매수 신호가 유효하다고 판단했는데, SK 하이닉스의 상승도 긍정적인 섹터 호재로 작용한 것 같습니다. 하지만 금리 우려가 여전히 남아 있어 조심스러운 관망이 필요해 보입니다. 수익 실현 압박이 있긴 하지만, 현재 추세는 매수인 만큼 추가 매수에 대한 고민이 깊어지네요. 여러분은 어떻게 생각하시나요?"", ""reaction"": ""read"", ""author_badges"": [], ""author_profile"": null}, {""post_id"": 3329, ""title"": ""[시장 전망] 반도체 업황과 금리 인상 우려 속에서의 투자 전략"", ""post_type"": ""analysis"", ""content"": ""안녕하세요, 여러분. 오늘 삼성전자의 주가는 반도체 업황 회복에 힘입어 긍정적인 흐름을 보였지만, 금리 인상 우려로 인한 단기 변동성도 무시할 수 없는 상황입니다. 이러한 상황에서 저는 저평가 구간이 지속되고 있는 삼성전자를 장기 보유 관점에서 바라보고 있지만, 최근 주가 급등으로 인해 단기 조정 가능성에 대한 경계심이 커졌습니다. \n\n그래서 오늘 일부 매도를 통해 현금을 확보하며 리스크를 관리했습니다. 여러분은 현재의 시장 상황에 대해 어떻게 생각하시나요? 금리 인상이 실제로 이루어질 경우, 우리 투자 전략은 어떻게 변해야 할까요? 여러분의 의견을 듣고 싶습니다!"", ""reaction"": ""like"", ""author_badges"": [""상위 수익자"", ""자산가""], ""author_profile"": null}, {""post_id"": 3330, ""title"": ""[매도] 삼성전자 일부 매도했습니다."", ""post_type"": ""trade_share"", ""content"": ""오늘 삼성전자 29주 매도했습니다. 수익 실현 심리와 최근 금리 인상 우려, 조직 개편 뉴스가 겹치면서 불안감이 커졌네요. 기술적 상승 모멘텀은 있지만, 리스크 관리 차원에서 일부 매도하기로 결정했습니다. 여러분은 어떻게 생각하시나요?"", ""reaction"": ""like"", ""author_badges"": [""커뮤니티 인플루언서""], ""author_profile"": null}, {""post_id"": 3334, ""title"": ""삼성전자, 상승 추세는 유지 중 - 저평가 구간에서 적정선 상단으로 이동"", ""post_type"": ""analysis"", ""content"": ""오늘 삼성전자의 주가는 여전히 상승 추세를 유지하고 있습니다. 반도체 사이클은 긍정적인 신호를 보내고 있지만, 금리 인상 가능성과 SK 하이닉스 대비 상대적 약세가 걱정되네요. 저평가 구간에서 매수 기회가 소멸했지만, 여전히 보유하고 있는 이유는 내재가치와 성장성 때문입니다. 고위험 고수익을 추구하는 투자자로서 이러한 변동성 속에서도 삼성전자의 장기적인 성장을 믿고 있습니다. 여러분은 어떻게 생각하시나요? 현재 상황에서 추가 매수 고려 중이신가요?"", ""reaction"": ""unlike"", ""author_badges"": [], ""author_profile"": null}, {""post_id"": 3340, ""title"": ""오늘 소폭 수익 실현했습니다!"", ""post_type"": ""trade_share"", ""content"": ""안녕하세요, 여러분! 오늘 삼성전자 40주를 매도했습니다. 수익률은 3.08%로, 최근의 금리 리스크 우려와 안전마진 축소로 인해 변동성 관리 차원에서 제한적으로 매도 결정을 내렸습니다. 저평가 상태는 여전하지만, 현재 시장 상황을 고려해 빠르게 수익을 실현하기로 했습니다. 다른 분들은 어떻게 대응하고 계신가요?"", ""reaction"": ""like"", ""author_badges"": [], ""author_profile"": null}]"
chunk_009_2026-04-27_2026-05-04,2026-05-04,10,A011,5,5,,"[{""post_id"": 3329, ""title"": ""[시장 전망] 반도체 업황과 금리 인상 우려 속에서의 투자 전략"", ""post_type"": ""analysis"", ""score"": 16}, {""post_id"": 3328, ""title"": ""삼성전자 기술적 강세와 금리 우려의 이중성"", ""post_type"": ""analysis"", ""score"": 11}, {""post_id"": 3340, ""title"": ""오늘 소폭 수익 실현했습니다!"", ""post_type"": ""trade_share"", ""score"": 4}, {""post_id"": 3330, ""title"": ""[매도] 삼성전자 일부 매도했습니다."", ""post_type"": ""trade_share"", ""score"": 2}, {""post_id"": 3344, ""title"": ""오늘 삼성전자 일부 매도했습니다."", ""post_type"": ""trade_share"", ""score"": 1}]","[{""post_id"": 3328, ""title"": ""삼성전자 기술적 강세와 금리 우려의 이중성"", ""post_type"": ""analysis"", ""content"": ""오늘 삼성전자가 23만 2천 원을 돌파하며 기술적 강세를 보였습니다. MA5 상향 돌파와 거래량 증가로 매수 신호가 유효하다고 판단했는데, SK 하이닉스의 상승도 긍정적인 섹터 호재로 작용한 것 같습니다. 하지만 금리 우려가 여전히 남아 있어 조심스러운 관망이 필요해 보입니다. 수익 실현 압박이 있긴 하지만, 현재 추세는 매수인 만큼 추가 매수에 대한 고민이 깊어지네요. 여러분은 어떻게 생각하시나요?"", ""reaction"": ""like"", ""author_badges"": [], ""author_profile"": null}, {""post_id"": 3329, ""title"": ""[시장 전망] 반도체 업황과 금리 인상 우려 속에서의 투자 전략"", ""post_type"": ""analysis"", ""content"": ""안녕하세요, 여러분. 오늘 삼성전자의 주가는 반도체 업황 회복에 힘입어 긍정적인 흐름을 보였지만, 금리 인상 우려로 인한 단기 변동성도 무시할 수 없는 상황입니다. 이러한 상황에서 저는 저평가 구간이 지속되고 있는 삼성전자를 장기 보유 관점에서 바라보고 있지만, 최근 주가 급등으로 인해 단기 조정 가능성에 대한 경계심이 커졌습니다. \n\n그래서 오늘 일부 매도를 통해 현금을 확보하며 리스크를 관리했습니다. 여러분은 현재의 시장 상황에 대해 어떻게 생각하시나요? 금리 인상이 실제로 이루어질 경우, 우리 투자 전략은 어떻게 변해야 할까요? 여러분의 의견을 듣고 싶습니다!"", ""reaction"": ""like"", ""author_badges"": [""상위 수익자"", ""자산가""], ""author_profile"": null}, {""post_id"": 3330, ""title"": ""[매도] 삼성전자 일부 매도했습니다."", ""post_type"": ""trade_share"", ""content"": ""오늘 삼성전자 29주 매도했습니다. 수익 실현 심리와 최근 금리 인상 우려, 조직 개편 뉴스가 겹치면서 불안감이 커졌네요. 기술적 상승 모멘텀은 있지만, 리스크 관리 차원에서 일부 매도하기로 결정했습니다. 여러분은 어떻게 생각하시나요?"", ""reaction"": ""unlike"", ""author_badges"": [""커뮤니티 인플루언서""], ""author_profile"": null}, {""post_id"": 3335, ""title"": ""오늘 삼성전자 매도했습니다!"", ""post_type"": ""trade_share"", ""content"": ""안녕하세요, 여러분! 오늘 삼성전자를 100주 매도했습니다. 최근 5% 이상 급등한 상황에서 수익을 확정하고 싶어서요. 단기 조정 리스크도 고려한 결정입니다. 여러분은 어떻게 생각하시나요? 매도 타이밍이 적절했을까요?"", ""reaction"": ""unlike"", ""author_badges"": [], ""author_profile"": null}, {""post_id"": 3340, ""title"": ""오늘 소폭 수익 실현했습니다!"", ""post_type"": ""trade_share"", ""content"": ""안녕하세요, 여러분! 오늘 삼성전자 40주를 매도했습니다. 수익률은 3.08%로, 최근의 금리 리스크 우려와 안전마진 축소로 인해 변동성 관리 차원에서 제한적으로 매도 결정을 내렸습니다. 저평가 상태는 여전하지만, 현재 시장 상황을 고려해 빠르게 수익을 실현하기로 했습니다. 다른 분들은 어떻게 대응하고 계신가요?"", ""reaction"": ""read"", ""author_badges"": [], ""author_profile"": null}]"
chunk_009_2026-04-27_2026-05-04,2026-05-04,10,A012,5,5,,"[{""post_id"": 3329, ""title"": ""[시장 전망] 반도체 업황과 금리 인상 우려 속에서의 투자 전략"", ""post_type"": ""analysis"", ""score"": 16}, {""post_id"": 3328, ""title"": ""삼성전자 기술적 강세와 금리 우려의 이중성"", ""post_type"": ""analysis"", ""score"": 11}, {""post_id"": 3340, ""title"": ""오늘 소폭 수익 실현했습니다!"", ""post_type"": ""trade_share"", ""score"": 4}, {""post_id"": 3330, ""title"": ""[매도] 삼성전자 일부 매도했습니다."", ""post_type"": ""trade_share"", ""score"": 2}, {""post_id"": 3344, ""title"": ""오늘 삼성전자 일부 매도했습니다."", ""post_type"": ""trade_share"", ""score"": 1}]","[{""post_id"": 3328, ""title"": ""삼성전자 기술적 강세와 금리 우려의 이중성"", ""post_type"": ""analysis"", ""content"": ""오늘 삼성전자가 23만 2천 원을 돌파하며 기술적 강세를 보였습니다. MA5 상향 돌파와 거래량 증가로 매수 신호가 유효하다고 판단했는데, SK 하이닉스의 상승도 긍정적인 섹터 호재로 작용한 것 같습니다. 하지만 금리 우려가 여전히 남아 있어 조심스러운 관망이 필요해 보입니다. 수익 실현 압박이 있긴 하지만, 현재 추세는 매수인 만큼 추가 매수에 대한 고민이 깊어지네요. 여러분은 어떻게 생각하시나요?"", ""reaction"": ""like"", ""author_badges"": [], ""author_profile"": null}, {""post_id"": 3329, ""title"": ""[시장 전망] 반도체 업황과 금리 인상 우려 속에서의 투자 전략"", ""post_type"": ""analysis"", ""content"": ""안녕하세요, 여러분. 오늘 삼성전자의 주가는 반도체 업황 회복에 힘입어 긍정적인 흐름을 보였지만, 금리 인상 우려로 인한 단기 변동성도 무시할 수 없는 상황입니다. 이러한 상황에서 저는 저평가 구간이 지속되고 있는 삼성전자를 장기 보유 관점에서 바라보고 있지만, 최근 주가 급등으로 인해 단기 조정 가능성에 대한 경계심이 커졌습니다. \n\n그래서 오늘 일부 매도를 통해 현금을 확보하며 리스크를 관리했습니다. 여러분은 현재의 시장 상황에 대해 어떻게 생각하시나요? 금리 인상이 실제로 이루어질 경우, 우리 투자 전략은 어떻게 변해야 할까요? 여러분의 의견을 듣고 싶습니다!"", ""reaction"": ""like"", ""author_badges"": [""상위 수익자"", ""자산가""], ""author_profile"": null}, {""post_id"": 3340, ""title"": ""오늘 소폭 수익 실현했습니다!"", ""post_type"": ""trade_share"", ""content"": ""안녕하세요, 여러분! 오늘 삼성전자 40주를 매도했습니다. 수익률은 3.08%로, 최근의 금리 리스크 우려와 안전마진 축소로 인해 변동성 관리 차원에서 제한적으로 매도 결정을 내렸습니다. 저평가 상태는 여전하지만, 현재 시장 상황을 고려해 빠르게 수익을 실현하기로 했습니다. 다른 분들은 어떻게 대응하고 계신가요?"", ""reaction"": ""read"", ""author_badges"": [], ""author_profile"": null}, {""post_id"": 3334, ""title"": ""삼성전자, 상승 추세는 유지 중 - 저평가 구간에서 적정선 상단으로 이동"", ""post_type"": ""analysis"", ""content"": ""오늘 삼성전자의 주가는 여전히 상승 추세를 유지하고 있습니다. 반도체 사이클은 긍정적인 신호를 보내고 있지만, 금리 인상 가능성과 SK 하이닉스 대비 상대적 약세가 걱정되네요. 저평가 구간에서 매수 기회가 소멸했지만, 여전히 보유하고 있는 이유는 내재가치와 성장성 때문입니다. 고위험 고수익을 추구하는 투자자로서 이러한 변동성 속에서도 삼성전자의 장기적인 성장을 믿고 있습니다. 여러분은 어떻게 생각하시나요? 현재 상황에서 추가 매수 고려 중이신가요?"", ""reaction"": ""unlike"", ""author_badges"": [], ""author_profile"": null}, {""post_id"": 3336, ""title"": ""오늘 삼성전자 일부 매도했습니다."", ""post_type"": ""trade_share"", ""content"": ""안녕하세요, 오늘 삼성전자 100주를 매도했습니다. 최근 금리 인상 우려와 SK 하이닉스에 비해 뉴스가 적어서 불안감이 커지더군요. 기술적 상승 추세는 여전히 유효하지만, 단기 과매수 상황에서 현금을 확보하는 게 더 낫다고 판단했습니다. 여러분은 어떻게 생각하시나요?"", ""reaction"": ""like"", ""author_badges"": [""상위 수익자"", ""자산가""], ""author_profile"": null}]"
chunk_009_2026-04-27_2026-05-04,2026-05-04,10,A013,5,5,,"[{""post_id"": 3329, ""title"": ""[시장 전망] 반도체 업황과 금리 인상 우려 속에서의 투자 전략"", ""post_type"": ""analysis"", ""score"": 16}, {""post_id"": 3328, ""title"": ""삼성전자 기술적 강세와 금리 우려의 이중성"", ""post_type"": ""analysis"", ""score"": 11}, {""post_id"": 3340, ""title"": ""오늘 소폭 수익 실현했습니다!"", ""post_type"": ""trade_share"", ""score"": 4}, {""post_id"": 3330, ""title"": ""[매도] 삼성전자 일부 매도했습니다."", ""post_type"": ""trade_share"", ""score"": 2}, {""post_id"": 3344, ""title"": ""오늘 삼성전자 일부 매도했습니다."", ""post_type"": ""trade_share"", ""score"": 1}]","[{""post_id"": 3328, ""title"": ""삼성전자 기술적 강세와 금리 우려의 이중성"", ""post_type"": ""analysis"", ""content"": ""오늘 삼성전자가 23만 2천 원을 돌파하며 기술적 강세를 보였습니다. MA5 상향 돌파와 거래량 증가로 매수 신호가 유효하다고 판단했는데, SK 하이닉스의 상승도 긍정적인 섹터 호재로 작용한 것 같습니다. 하지만 금리 우려가 여전히 남아 있어 조심스러운 관망이 필요해 보입니다. 수익 실현 압박이 있긴 하지만, 현재 추세는 매수인 만큼 추가 매수에 대한 고민이 깊어지네요. 여러분은 어떻게 생각하시나요?"", ""reaction"": ""like"", ""author_badges"": [], ""author_profile"": null}, {""post_id"": 3329, ""title"": ""[시장 전망] 반도체 업황과 금리 인상 우려 속에서의 투자 전략"", ""post_type"": ""analysis"", ""content"": ""안녕하세요, 여러분. 오늘 삼성전자의 주가는 반도체 업황 회복에 힘입어 긍정적인 흐름을 보였지만, 금리 인상 우려로 인한 단기 변동성도 무시할 수 없는 상황입니다. 이러한 상황에서 저는 저평가 구간이 지속되고 있는 삼성전자를 장기 보유 관점에서 바라보고 있지만, 최근 주가 급등으로 인해 단기 조정 가능성에 대한 경계심이 커졌습니다. \n\n그래서 오늘 일부 매도를 통해 현금을 확보하며 리스크를 관리했습니다. 여러분은 현재의 시장 상황에 대해 어떻게 생각하시나요? 금리 인상이 실제로 이루어질 경우, 우리 투자 전략은 어떻게 변해야 할까요? 여러분의 의견을 듣고 싶습니다!"", ""reaction"": ""unlike"", ""author_badges"": [""상위 수익자"", ""자산가""], ""author_profile"": null}, {""post_id"": 3334, ""title"": ""삼성전자, 상승 추세는 유지 중 - 저평가 구간에서 적정선 상단으로 이동"", ""post_type"": ""analysis"", ""content"": ""오늘 삼성전자의 주가는 여전히 상승 추세를 유지하고 있습니다. 반도체 사이클은 긍정적인 신호를 보내고 있지만, 금리 인상 가능성과 SK 하이닉스 대비 상대적 약세가 걱정되네요. 저평가 구간에서 매수 기회가 소멸했지만, 여전히 보유하고 있는 이유는 내재가치와 성장성 때문입니다. 고위험 고수익을 추구하는 투자자로서 이러한 변동성 속에서도 삼성전자의 장기적인 성장을 믿고 있습니다. 여러분은 어떻게 생각하시나요? 현재 상황에서 추가 매수 고려 중이신가요?"", ""reaction"": ""like"", ""author_badges"": [], ""author_profile"": null}, {""post_id"": 3340, ""title"": ""오늘 소폭 수익 실현했습니다!"", ""post_type"": ""trade_share"", ""content"": ""안녕하세요, 여러분! 오늘 삼성전자 40주를 매도했습니다. 수익률은 3.08%로, 최근의 금리 리스크 우려와 안전마진 축소로 인해 변동성 관리 차원에서 제한적으로 매도 결정을 내렸습니다. 저평가 상태는 여전하지만, 현재 시장 상황을 고려해 빠르게 수익을 실현하기로 했습니다. 다른 분들은 어떻게 대응하고 계신가요?"", ""reaction"": ""like"", ""author_badges"": [], ""author_profile"": null}, {""post_id"": 3335, ""title"": ""오늘 삼성전자 매도했습니다!"", ""post_type"": ""trade_share"", ""content"": ""안녕하세요, 여러분! 오늘 삼성전자를 100주 매도했습니다. 최근 5% 이상 급등한 상황에서 수익을 확정하고 싶어서요. 단기 조정 리스크도 고려한 결정입니다. 여러분은 어떻게 생각하시나요? 매도 타이밍이 적절했을까요?"", ""reaction"": ""read"", ""author_badges"": [], ""author_profile"": null}]"
chunk_009_2026-04-27_2026-05-04,2026-05-04,10,A014,5,5,,"[{""post_id"": 3329, ""title"": ""[시장 전망] 반도체 업황과 금리 인상 우려 속에서의 투자 전략"", ""post_type"": ""analysis"", ""score"": 16}, {""post_id"": 3328, ""title"": ""삼성전자 기술적 강세와 금리 우려의 이중성"", ""post_type"": ""analysis"", ""score"": 11}, {""post_id"": 3340, ""title"": ""오늘 소폭 수익 실현했습니다!"", ""post_type"": ""trade_share"", ""score"": 4}, {""post_id"": 3330, ""title"": ""[매도] 삼성전자 일부 매도했습니다."", ""post_type"": ""trade_share"", ""score"": 2}, {""post_id"": 3344, ""title"": ""오늘 삼성전자 일부 매도했습니다."", ""post_type"": ""trade_share"", ""score"": 1}]","[{""post_id"": 3328, ""title"": ""삼성전자 기술적 강세와 금리 우려의 이중성"", ""post_type"": ""analysis"", ""content"": ""오늘 삼성전자가 23만 2천 원을 돌파하며 기술적 강세를 보였습니다. MA5 상향 돌파와 거래량 증가로 매수 신호가 유효하다고 판단했는데, SK 하이닉스의 상승도 긍정적인 섹터 호재로 작용한 것 같습니다. 하지만 금리 우려가 여전히 남아 있어 조심스러운 관망이 필요해 보입니다. 수익 실현 압박이 있긴 하지만, 현재 추세는 매수인 만큼 추가 매수에 대한 고민이 깊어지네요. 여러분은 어떻게 생각하시나요?"", ""reaction"": ""like"", ""author_badges"": [], ""author_profile"": null}, {""post_id"": 3329, ""title"": ""[시장 전망] 반도체 업황과 금리 인상 우려 속에서의 투자 전략"", ""post_type"": ""analysis"", ""content"": ""안녕하세요, 여러분. 오늘 삼성전자의 주가는 반도체 업황 회복에 힘입어 긍정적인 흐름을 보였지만, 금리 인상 우려로 인한 단기 변동성도 무시할 수 없는 상황입니다. 이러한 상황에서 저는 저평가 구간이 지속되고 있는 삼성전자를 장기 보유 관점에서 바라보고 있지만, 최근 주가 급등으로 인해 단기 조정 가능성에 대한 경계심이 커졌습니다. \n\n그래서 오늘 일부 매도를 통해 현금을 확보하며 리스크를 관리했습니다. 여러분은 현재의 시장 상황에 대해 어떻게 생각하시나요? 금리 인상이 실제로 이루어질 경우, 우리 투자 전략은 어떻게 변해야 할까요? 여러분의 의견을 듣고 싶습니다!"", ""reaction"": ""like"", ""author_badges"": [""상위 수익자"", ""자산가""], ""author_profile"": null}, {""post_id"": 3344, ""title"": ""오늘 삼성전자 일부 매도했습니다."", ""post_type"": ""trade_share"", ""content"": ""안녕하세요, 여러분. 오늘 삼성전자의 주식 10주를 매도했습니다. 최근 금리 인상 우려와 SK 하이닉스의 급등으로 인해 단기 변동성이 커질 것 같아서 현금을 확보하는 것이 좋겠다고 판단했어요. PER 5.4배로 저평가 구간에 있지만, 리스크 관리 차원에서 일부 수익을 실현했습니다. 여러분은 어떻게 생각하시나요? 추가 매수 타이밍에 대해 고민하고 있습니다."", ""reaction"": ""like"", ""author_badges"": [], ""author_profile"": null}, {""post_id"": 3334, ""title"": ""삼성전자, 상승 추세는 유지 중 - 저평가 구간에서 적정선 상단으로 이동"", ""post_type"": ""analysis"", ""content"": ""오늘 삼성전자의 주가는 여전히 상승 추세를 유지하고 있습니다. 반도체 사이클은 긍정적인 신호를 보내고 있지만, 금리 인상 가능성과 SK 하이닉스 대비 상대적 약세가 걱정되네요. 저평가 구간에서 매수 기회가 소멸했지만, 여전히 보유하고 있는 이유는 내재가치와 성장성 때문입니다. 고위험 고수익을 추구하는 투자자로서 이러한 변동성 속에서도 삼성전자의 장기적인 성장을 믿고 있습니다. 여러분은 어떻게 생각하시나요? 현재 상황에서 추가 매수 고려 중이신가요?"", ""reaction"": ""read"", ""author_badges"": [], ""author_profile"": null}, {""post_id"": 3330, ""title"": ""[매도] 삼성전자 일부 매도했습니다."", ""post_type"": ""trade_share"", ""content"": ""오늘 삼성전자 29주 매도했습니다. 수익 실현 심리와 최근 금리 인상 우려, 조직 개편 뉴스가 겹치면서 불안감이 커졌네요. 기술적 상승 모멘텀은 있지만, 리스크 관리 차원에서 일부 매도하기로 결정했습니다. 여러분은 어떻게 생각하시나요?"", ""reaction"": ""unlike"", ""author_badges"": [""커뮤니티 인플루언서""], ""author_profile"": null}]"
chunk_009_2026-04-27_2026-05-04,2026-05-04,10,A015,5,5,,"[{""post_id"": 3329, ""title"": ""[시장 전망] 반도체 업황과 금리 인상 우려 속에서의 투자 전략"", ""post_type"": ""analysis"", ""score"": 16}, {""post_id"": 3328, ""title"": ""삼성전자 기술적 강세와 금리 우려의 이중성"", ""post_type"": ""analysis"", ""score"": 11}, {""post_id"": 3340, ""title"": ""오늘 소폭 수익 실현했습니다!"", ""post_type"": ""trade_share"", ""score"": 4}, {""post_id"": 3330, ""title"": ""[매도] 삼성전자 일부 매도했습니다."", ""post_type"": ""trade_share"", ""score"": 2}, {""post_id"": 3344, ""title"": ""오늘 삼성전자 일부 매도했습니다."", ""post_type"": ""trade_share"", ""score"": 1}]","[{""post_id"": 3328, ""title"": ""삼성전자 기술적 강세와 금리 우려의 이중성"", ""post_type"": ""analysis"", ""content"": ""오늘 삼성전자가 23만 2천 원을 돌파하며 기술적 강세를 보였습니다. MA5 상향 돌파와 거래량 증가로 매수 신호가 유효하다고 판단했는데, SK 하이닉스의 상승도 긍정적인 섹터 호재로 작용한 것 같습니다. 하지만 금리 우려가 여전히 남아 있어 조심스러운 관망이 필요해 보입니다. 수익 실현 압박이 있긴 하지만, 현재 추세는 매수인 만큼 추가 매수에 대한 고민이 깊어지네요. 여러분은 어떻게 생각하시나요?"", ""reaction"": ""read"", ""author_badges"": [], ""author_profile"": {""portfolio_summary"": {""state_id"": ""ps_A004_t010"", ""agent_id"": ""A004"", ""turn"": 10, ""date"": ""2026-05-04"", ""cash"": 73535000.0, ""positions"": ""[{\""stock_code\"": \""005930\"", \""quantity\"": 127, \""avg_cost\"": 229961.06419525616, \""current_price\"": 232500.0, \""unrealized_pnl\"": 322444.84720246814, \""unrealized_pnl_rate\"": 0.011040720365548817}]"", ""total_value"": 103062500.0, ""realized_pnl"": 2740055.152797527, ""total_return_rate"": 0.030625, ""updated_at"": ""2026-07-15 19:33:01""}, ""recent_trades"": [{""turn"": 10, ""date"": ""2026-05-04"", ""action"": ""buy"", ""stock_code"": ""005930"", ""quantity"": 100, ""executed_price"": 232500.0, ""trade_value"": 23250000.0, ""status"": ""filled"", ""filled_quantity"": 100, ""action_reason"": ""MA5 상향 돌파 및 거래량 증가로 기술적 매수 신호 유효. SK 하이닉스 상승 등 섹터 호재 확인. 수익 실현 압박 있으나 추세는 매수이므로 추가 매수.""}, {""turn"": 9, ""date"": ""2026-05-04"", ""action"": ""sell"", ""stock_code"": ""005930"", ""quantity"": 100, ""executed_price"": 228000.0, ""trade_value"": 22800000.0, ""status"": ""filled"", ""filled_quantity"": 100, ""action_reason"": ""Belief 에 따른 수익 실현 필요성, 커뮤니티 매도세 및 파업 리스크 고려. 현재가 228,000 원으로 평균 매수 단가 대비 수익 구간이므로 처분효과에 따라 매도.""}, {""turn"": 8, ""date"": ""2026-04-30"", ""action"": ""buy"", ""stock_code"": ""005930"", ""quantity"": 100, ""executed_price"": 220500.0, ""trade_value"": 22050000.0, ""status"": ""filled"", ""filled_quantity"": 100, ""action_reason"": ""실적 호재에도 주가가 하락한 '뉴스에 팔리는' 현상은 단기 조정으로 판단. 장기 AI 수요 사이클과 저평가 관점에서 손실 시 추가 매수 (처분효과) 전략 적용.""}]}}, {""post_id"": 3329, ""title"": ""[시장 전망] 반도체 업황과 금리 인상 우려 속에서의 투자 전략"", ""post_type"": ""analysis"", ""content"": ""안녕하세요, 여러분. 오늘 삼성전자의 주가는 반도체 업황 회복에 힘입어 긍정적인 흐름을 보였지만, 금리 인상 우려로 인한 단기 변동성도 무시할 수 없는 상황입니다. 이러한 상황에서 저는 저평가 구간이 지속되고 있는 삼성전자를 장기 보유 관점에서 바라보고 있지만, 최근 주가 급등으로 인해 단기 조정 가능성에 대한 경계심이 커졌습니다. \n\n그래서 오늘 일부 매도를 통해 현금을 확보하며 리스크를 관리했습니다. 여러분은 현재의 시장 상황에 대해 어떻게 생각하시나요? 금리 인상이 실제로 이루어질 경우, 우리 투자 전략은 어떻게 변해야 할까요? 여러분의 의견을 듣고 싶습니다!"", ""reaction"": ""like"", ""author_badges"": [""상위 수익자"", ""자산가""], ""author_profile"": {""portfolio_summary"": {""state_id"": ""ps_A005_t010"", ""agent_id"": ""A005"", ""turn"": 10, ""date"": ""2026-05-04"", ""cash"": 5322500.0, ""positions"": ""[{\""stock_code\"": \""005930\"", \""quantity\"": 430, \""avg_cost\"": 221331.04501430772, \""current_price\"": 232500.0, \""unrealized_pnl\"": 4802650.643847682, \""unrealized_pnl_rate\"": 0.05046266774265795}]"", ""total_value"": 105297500.0, ""realized_pnl"": 494849.35615232243, ""total_return_rate"": 0.052975, ""updated_at"": ""2026-07-15 19:33:01""}, ""recent_trades"": [{""turn"": 10, ""date"": ""2026-05-04"", ""action"": ""sell"", ""stock_code"": ""005930"", ""quantity"": 10, ""executed_price"": 232500.0, ""trade_value"": 2325000.0, ""status"": ""filled"", ""filled_quantity"": 10, ""action_reason"": ""금리 인상 우려로 단기 변동성 예상 및 현금 부족으로 인한 방어력 한계 고려, 수익 일부 실현하여 현금 확보.""}, {""turn"": 9, ""date"": ""2026-05-04"", ""action"": ""buy"", ""stock_code"": ""005930"", ""quantity"": 12, ""executed_price"": 228000.0, ""trade_value"": 2736000.0, ""status"": ""filled"", ""filled_quantity"": 12, ""action_reason"": ""PER 5.4 배 저평가 및 수출 실적 호조로 가치 투자 관점에서 매수 기회로 판단. 현금 비중이 낮아 최대 매수 수량 범위 내에서 제한적으로 매수.""}, {""turn"": 8, ""date"": ""2026-04-30"", ""action"": ""buy"", ""stock_code"": ""005930"", ""quantity"": 25, ""executed_price"": 220500.0, ""trade_value"": 5512500.0, ""status"": ""filled"", ""filled_quantity"": 25, ""action_reason"": ""실적 호조 (53 조 영업이익) 로 펀더멘털이 강력하나, 외국인 매도세로 주가가 하락하여 저평가 구간 진입. 가치 투자 관점에서 내재가치 확보를 위해 매수.""}]}}, {""post_id"": 3330, ""title"": ""[매도] 삼성전자 일부 매도했습니다."", ""post_type"": ""trade_share"", ""content"": ""오늘 삼성전자 29주 매도했습니다. 수익 실현 심리와 최근 금리 인상 우려, 조직 개편 뉴스가 겹치면서 불안감이 커졌네요. 기술적 상승 모멘텀은 있지만, 리스크 관리 차원에서 일부 매도하기로 결정했습니다. 여러분은 어떻게 생각하시나요?"", ""reaction"": ""like"", ""author_badges"": [""커뮤니티 인플루언서""], ""author_profile"": {""portfolio_summary"": {""state_id"": ""ps_A006_t010"", ""agent_id"": ""A006"", ""turn"": 10, ""date"": ""2026-05-04"", ""cash"": 20407000.0, ""positions"": ""[{\""stock_code\"": \""005930\"", \""quantity\"": 361, \""avg_cost\"": 223900.16488323576, \""current_price\"": 232500.0, \""unrealized_pnl\"": 3104540.4771518903, \""unrealized_pnl_rate\"": 0.038409239766523016}]"", ""total_value"": 104339500.0, ""realized_pnl"": 1234959.5228481044, ""total_return_rate"": 0.043395, ""updated_at"": ""2026-07-15 19:33:01""}, ""recent_trades"": [{""turn"": 10, ""date"": ""2026-05-04"", ""action"": ""sell"", ""stock_code"": ""005930"", ""quantity"": 29, ""executed_price"": 232500.0, ""trade_value"": 6742500.0, ""status"": ""filled"", ""filled_quantity"": 29, ""action_reason"": ""수익 실현 심리 (처분 효과) 와 조직 개편/금리 뉴스에 대한 불안감으로 일부 매도합니다. 기술적 상승 모멘텀은 있으나 뉴스 리스크가 우선시됩니다.""}, {""turn"": 9, ""date"": ""2026-05-04"", ""action"": ""buy"", ""stock_code"": ""005930"", ""quantity"": 59, ""executed_price"": 228000.0, ""trade_value"": 13452000.0, ""status"": ""filled"", ""filled_quantity"": 59, ""action_reason"": ""기술적 돌파 신호 (MA5 상회, 거래량 증가) 와 긍정적 뉴스 흐름을 반영하여 추세 추종 매수. 포트폴리오 미실현 손실 상태 (220,500 원 기준) 로 인해 추가 매수 욕구 (처분효과) 와 현금 여력 활용.""}, {""turn"": 8, ""date"": ""2026-04-30"", ""action"": ""buy"", ""stock_code"": ""005930"", ""quantity"": 50, ""executed_price"": 220500.0, ""trade_value"": 11025000.0, ""status"": ""filled"", ""filled_quantity"": 50, ""action_reason"": ""현재가 220,500 원으로 평균 단가 대비 손실 상태이므로, 페르소나의 손실 시 추가 매수 성향에 따라 평균 단가 하향을 시도함. PER 5.4 배 저평가 구간으로 판단.""}]}}, {""post_id"": 3334, ""title"": ""삼성전자, 상승 추세는 유지 중 - 저평가 구간에서 적정선 상단으로 이동"", ""post_type"": ""analysis"", ""content"": ""오늘 삼성전자의 주가는 여전히 상승 추세를 유지하고 있습니다. 반도체 사이클은 긍정적인 신호를 보내고 있지만, 금리 인상 가능성과 SK 하이닉스 대비 상대적 약세가 걱정되네요. 저평가 구간에서 매수 기회가 소멸했지만, 여전히 보유하고 있는 이유는 내재가치와 성장성 때문입니다. 고위험 고수익을 추구하는 투자자로서 이러한 변동성 속에서도 삼성전자의 장기적인 성장을 믿고 있습니다. 여러분은 어떻게 생각하시나요? 현재 상황에서 추가 매수 고려 중이신가요?"", ""reaction"": ""unlike"", ""author_badges"": [], ""author_profile"": {""portfolio_summary"": {""state_id"": ""ps_A011_t010"", ""agent_id"": ""A011"", ""turn"": 10, ""date"": ""2026-05-04"", ""cash"": 619500.0, ""positions"": ""[{\""stock_code\"": \""005930\"", \""quantity\"": 448, \""avg_cost\"": 221831.4732142857, \""current_price\"": 232500.0, \""unrealized_pnl\"": 4779500.000000002, \""unrealized_pnl_rate\"": 0.04809293573689005}]"", ""total_value"": 104779500.0, ""realized_pnl"": 0.0, ""total_return_rate"": 0.047795, ""updated_at"": ""2026-07-15 19:33:01""}, ""recent_trades"": [{""turn"": 10, ""date"": ""2026-05-04"", ""action"": ""buy"", ""stock_code"": ""005930"", ""quantity"": 1, ""executed_price"": 232500.0, ""trade_value"": 232500.0, ""status"": ""filled"", ""filled_quantity"": 1, ""action_reason"": ""Belief summary indicates trend remains despite valuation concerns. High risk preference supports maintaining position. Concentration trait aligns with adding to position.""}, {""turn"": 9, ""date"": ""2026-05-04"", ""action"": ""buy"", ""stock_code"": ""005930"", ""quantity"": 3, ""executed_price"": 228000.0, ""trade_value"": 684000.0, ""status"": ""filled"", ""filled_quantity"": 3, ""action_reason"": ""PER 5.4 배 저평가 구간이며 반도체 슈퍼사이클과 수출 호조로 펀더멘털이 강세. 고위험 고수익 성향에 따라 단기 변동성에도 매수 기회로 판단.""}, {""turn"": 8, ""date"": ""2026-04-30"", ""action"": ""buy"", ""stock_code"": ""005930"", ""quantity"": 5, ""executed_price"": 220500.0, ""trade_value"": 1102500.0, ""status"": ""filled"", ""filled_quantity"": 5, ""action_reason"": ""PER 5.4 배 저평가와 실적 호조로 내재가치 상회 판단, 하락분을 매수 기회로 해석하여 집중 투자 원칙에 따라 최대 수량 매수.""}]}}, {""post_id"": 3340, ""title"": ""오늘 소폭 수익 실현했습니다!"", ""post_type"": ""trade_share"", ""content"": ""안녕하세요, 여러분! 오늘 삼성전자 40주를 매도했습니다. 수익률은 3.08%로, 최근의 금리 리스크 우려와 안전마진 축소로 인해 변동성 관리 차원에서 제한적으로 매도 결정을 내렸습니다. 저평가 상태는 여전하지만, 현재 시장 상황을 고려해 빠르게 수익을 실현하기로 했습니다. 다른 분들은 어떻게 대응하고 계신가요?"", ""reaction"": ""like"", ""author_badges"": [], ""author_profile"": {""portfolio_summary"": {""state_id"": ""ps_A019_t010"", ""agent_id"": ""A019"", ""turn"": 10, ""date"": ""2026-05-04"", ""cash"": 28019000.0, ""positions"": ""[{\""stock_code\"": \""005930\"", \""quantity\"": 330, \""avg_cost\"": 222657.60135135136, \""current_price\"": 232500.0, \""unrealized_pnl\"": 3247991.5540540507, \""unrealized_pnl_rate\"": 0.044204188803405986}]"", ""total_value"": 104744000.0, ""realized_pnl"": 1496008.4459459456, ""total_return_rate"": 0.04744, ""updated_at"": ""2026-07-15 19:33:01""}, ""recent_trades"": [{""turn"": 10, ""date"": ""2026-05-04"", ""action"": ""sell"", ""stock_code"": ""005930"", ""quantity"": 40, ""executed_price"": 232500.0, ""trade_value"": 9300000.0, ""status"": ""filled"", ""filled_quantity"": 40, ""action_reason"": ""수익 구간 진입 (3.08%) 및 거시 리스크로 안전마진 축소 우려가 있어 처분효과와 변동성 관리 원칙에 따라 제한적으로 매도합니다.""}, {""turn"": 9, ""date"": ""2026-05-04"", ""action"": ""buy"", ""stock_code"": ""005930"", ""quantity"": 50, ""executed_price"": 228000.0, ""trade_value"": 11400000.0, ""status"": ""filled"", ""filled_quantity"": 50, ""action_reason"": ""PER 5.4 배 역사적 저평가 구간이며 수출 호조와 노조 해결로 하방 경직성이 확보됨. 가치 투자 원칙에 따라 내재가치 회복을 믿고 추가 매수.""}, {""turn"": 8, ""date"": ""2026-04-30"", ""action"": ""buy"", ""stock_code"": ""005930"", ""quantity"": 60, ""executed_price"": 220500.0, ""trade_value"": 13230000.0, ""status"": ""filled"", ""filled_quantity"": 60, ""action_reason"": ""현재 주가 (220,500 원) 가 평균 매수 단가 (222,128 원) 보다 낮아 미실현 손실 구간이며, 가치 투자 성향과 손실 시 추가 매수 경향 (Disposition Effect) 에 따라 매수합니다. 53 조 원 영업이익 등 실적 호조가 내재가치를 뒷받침하나, 단기 외국인 매도세로 인한 조정 국면이므로 현금 비중을 유지하며 제한적으로 매수합니다.""}]}}]"
chunk_009_2026-04-27_2026-05-04,2026-05-04,10,A017,5,5,,"[{""post_id"": 3329, ""title"": ""[시장 전망] 반도체 업황과 금리 인상 우려 속에서의 투자 전략"", ""post_type"": ""analysis"", ""score"": 16}, {""post_id"": 3328, ""title"": ""삼성전자 기술적 강세와 금리 우려의 이중성"", ""post_type"": ""analysis"", ""score"": 11}, {""post_id"": 3340, ""title"": ""오늘 소폭 수익 실현했습니다!"", ""post_type"": ""trade_share"", ""score"": 4}, {""post_id"": 3330, ""title"": ""[매도] 삼성전자 일부 매도했습니다."", ""post_type"": ""trade_share"", ""score"": 2}, {""post_id"": 3344, ""title"": ""오늘 삼성전자 일부 매도했습니다."", ""post_type"": ""trade_share"", ""score"": 1}]","[{""post_id"": 3328, ""title"": ""삼성전자 기술적 강세와 금리 우려의 이중성"", ""post_type"": ""analysis"", ""content"": ""오늘 삼성전자가 23만 2천 원을 돌파하며 기술적 강세를 보였습니다. MA5 상향 돌파와 거래량 증가로 매수 신호가 유효하다고 판단했는데, SK 하이닉스의 상승도 긍정적인 섹터 호재로 작용한 것 같습니다. 하지만 금리 우려가 여전히 남아 있어 조심스러운 관망이 필요해 보입니다. 수익 실현 압박이 있긴 하지만, 현재 추세는 매수인 만큼 추가 매수에 대한 고민이 깊어지네요. 여러분은 어떻게 생각하시나요?"", ""reaction"": ""like"", ""author_badges"": [], ""author_profile"": {""portfolio_summary"": {""state_id"": ""ps_A004_t010"", ""agent_id"": ""A004"", ""turn"": 10, ""date"": ""2026-05-04"", ""cash"": 73535000.0, ""positions"": ""[{\""stock_code\"": \""005930\"", \""quantity\"": 127, \""avg_cost\"": 229961.06419525616, \""current_price\"": 232500.0, \""unrealized_pnl\"": 322444.84720246814, \""unrealized_pnl_rate\"": 0.011040720365548817}]"", ""total_value"": 103062500.0, ""realized_pnl"": 2740055.152797527, ""total_return_rate"": 0.030625, ""updated_at"": ""2026-07-15 19:33:01""}, ""recent_trades"": [{""turn"": 10, ""date"": ""2026-05-04"", ""action"": ""buy"", ""stock_code"": ""005930"", ""quantity"": 100, ""executed_price"": 232500.0, ""trade_value"": 23250000.0, ""status"": ""filled"", ""filled_quantity"": 100, ""action_reason"": ""MA5 상향 돌파 및 거래량 증가로 기술적 매수 신호 유효. SK 하이닉스 상승 등 섹터 호재 확인. 수익 실현 압박 있으나 추세는 매수이므로 추가 매수.""}, {""turn"": 9, ""date"": ""2026-05-04"", ""action"": ""sell"", ""stock_code"": ""005930"", ""quantity"": 100, ""executed_price"": 228000.0, ""trade_value"": 22800000.0, ""status"": ""filled"", ""filled_quantity"": 100, ""action_reason"": ""Belief 에 따른 수익 실현 필요성, 커뮤니티 매도세 및 파업 리스크 고려. 현재가 228,000 원으로 평균 매수 단가 대비 수익 구간이므로 처분효과에 따라 매도.""}, {""turn"": 8, ""date"": ""2026-04-30"", ""action"": ""buy"", ""stock_code"": ""005930"", ""quantity"": 100, ""executed_price"": 220500.0, ""trade_value"": 22050000.0, ""status"": ""filled"", ""filled_quantity"": 100, ""action_reason"": ""실적 호재에도 주가가 하락한 '뉴스에 팔리는' 현상은 단기 조정으로 판단. 장기 AI 수요 사이클과 저평가 관점에서 손실 시 추가 매수 (처분효과) 전략 적용.""}]}}, {""post_id"": 3329, ""title"": ""[시장 전망] 반도체 업황과 금리 인상 우려 속에서의 투자 전략"", ""post_type"": ""analysis"", ""content"": ""안녕하세요, 여러분. 오늘 삼성전자의 주가는 반도체 업황 회복에 힘입어 긍정적인 흐름을 보였지만, 금리 인상 우려로 인한 단기 변동성도 무시할 수 없는 상황입니다. 이러한 상황에서 저는 저평가 구간이 지속되고 있는 삼성전자를 장기 보유 관점에서 바라보고 있지만, 최근 주가 급등으로 인해 단기 조정 가능성에 대한 경계심이 커졌습니다. \n\n그래서 오늘 일부 매도를 통해 현금을 확보하며 리스크를 관리했습니다. 여러분은 현재의 시장 상황에 대해 어떻게 생각하시나요? 금리 인상이 실제로 이루어질 경우, 우리 투자 전략은 어떻게 변해야 할까요? 여러분의 의견을 듣고 싶습니다!"", ""reaction"": ""like"", ""author_badges"": [""상위 수익자"", ""자산가""], ""author_profile"": {""portfolio_summary"": {""state_id"": ""ps_A005_t010"", ""agent_id"": ""A005"", ""turn"": 10, ""date"": ""2026-05-04"", ""cash"": 5322500.0, ""positions"": ""[{\""stock_code\"": \""005930\"", \""quantity\"": 430, \""avg_cost\"": 221331.04501430772, \""current_price\"": 232500.0, \""unrealized_pnl\"": 4802650.643847682, \""unrealized_pnl_rate\"": 0.05046266774265795}]"", ""total_value"": 105297500.0, ""realized_pnl"": 494849.35615232243, ""total_return_rate"": 0.052975, ""updated_at"": ""2026-07-15 19:33:01""}, ""recent_trades"": [{""turn"": 10, ""date"": ""2026-05-04"", ""action"": ""sell"", ""stock_code"": ""005930"", ""quantity"": 10, ""executed_price"": 232500.0, ""trade_value"": 2325000.0, ""status"": ""filled"", ""filled_quantity"": 10, ""action_reason"": ""금리 인상 우려로 단기 변동성 예상 및 현금 부족으로 인한 방어력 한계 고려, 수익 일부 실현하여 현금 확보.""}, {""turn"": 9, ""date"": ""2026-05-04"", ""action"": ""buy"", ""stock_code"": ""005930"", ""quantity"": 12, ""executed_price"": 228000.0, ""trade_value"": 2736000.0, ""status"": ""filled"", ""filled_quantity"": 12, ""action_reason"": ""PER 5.4 배 저평가 및 수출 실적 호조로 가치 투자 관점에서 매수 기회로 판단. 현금 비중이 낮아 최대 매수 수량 범위 내에서 제한적으로 매수.""}, {""turn"": 8, ""date"": ""2026-04-30"", ""action"": ""buy"", ""stock_code"": ""005930"", ""quantity"": 25, ""executed_price"": 220500.0, ""trade_value"": 5512500.0, ""status"": ""filled"", ""filled_quantity"": 25, ""action_reason"": ""실적 호조 (53 조 영업이익) 로 펀더멘털이 강력하나, 외국인 매도세로 주가가 하락하여 저평가 구간 진입. 가치 투자 관점에서 내재가치 확보를 위해 매수.""}]}}, {""post_id"": 3340, ""title"": ""오늘 소폭 수익 실현했습니다!"", ""post_type"": ""trade_share"", ""content"": ""안녕하세요, 여러분! 오늘 삼성전자 40주를 매도했습니다. 수익률은 3.08%로, 최근의 금리 리스크 우려와 안전마진 축소로 인해 변동성 관리 차원에서 제한적으로 매도 결정을 내렸습니다. 저평가 상태는 여전하지만, 현재 시장 상황을 고려해 빠르게 수익을 실현하기로 했습니다. 다른 분들은 어떻게 대응하고 계신가요?"", ""reaction"": ""read"", ""author_badges"": [], ""author_profile"": {""portfolio_summary"": {""state_id"": ""ps_A019_t010"", ""agent_id"": ""A019"", ""turn"": 10, ""date"": ""2026-05-04"", ""cash"": 28019000.0, ""positions"": ""[{\""stock_code\"": \""005930\"", \""quantity\"": 330, \""avg_cost\"": 222657.60135135136, \""current_price\"": 232500.0, \""unrealized_pnl\"": 3247991.5540540507, \""unrealized_pnl_rate\"": 0.044204188803405986}]"", ""total_value"": 104744000.0, ""realized_pnl"": 1496008.4459459456, ""total_return_rate"": 0.04744, ""updated_at"": ""2026-07-15 19:33:01""}, ""recent_trades"": [{""turn"": 10, ""date"": ""2026-05-04"", ""action"": ""sell"", ""stock_code"": ""005930"", ""quantity"": 40, ""executed_price"": 232500.0, ""trade_value"": 9300000.0, ""status"": ""filled"", ""filled_quantity"": 40, ""action_reason"": ""수익 구간 진입 (3.08%) 및 거시 리스크로 안전마진 축소 우려가 있어 처분효과와 변동성 관리 원칙에 따라 제한적으로 매도합니다.""}, {""turn"": 9, ""date"": ""2026-05-04"", ""action"": ""buy"", ""stock_code"": ""005930"", ""quantity"": 50, ""executed_price"": 228000.0, ""trade_value"": 11400000.0, ""status"": ""filled"", ""filled_quantity"": 50, ""action_reason"": ""PER 5.4 배 역사적 저평가 구간이며 수출 호조와 노조 해결로 하방 경직성이 확보됨. 가치 투자 원칙에 따라 내재가치 회복을 믿고 추가 매수.""}, {""turn"": 8, ""date"": ""2026-04-30"", ""action"": ""buy"", ""stock_code"": ""005930"", ""quantity"": 60, ""executed_price"": 220500.0, ""trade_value"": 13230000.0, ""status"": ""filled"", ""filled_quantity"": 60, ""action_reason"": ""현재 주가 (220,500 원) 가 평균 매수 단가 (222,128 원) 보다 낮아 미실현 손실 구간이며, 가치 투자 성향과 손실 시 추가 매수 경향 (Disposition Effect) 에 따라 매수합니다. 53 조 원 영업이익 등 실적 호조가 내재가치를 뒷받침하나, 단기 외국인 매도세로 인한 조정 국면이므로 현금 비중을 유지하며 제한적으로 매수합니다.""}]}}, {""post_id"": 3334, ""title"": ""삼성전자, 상승 추세는 유지 중 - 저평가 구간에서 적정선 상단으로 이동"", ""post_type"": ""analysis"", ""content"": ""오늘 삼성전자의 주가는 여전히 상승 추세를 유지하고 있습니다. 반도체 사이클은 긍정적인 신호를 보내고 있지만, 금리 인상 가능성과 SK 하이닉스 대비 상대적 약세가 걱정되네요. 저평가 구간에서 매수 기회가 소멸했지만, 여전히 보유하고 있는 이유는 내재가치와 성장성 때문입니다. 고위험 고수익을 추구하는 투자자로서 이러한 변동성 속에서도 삼성전자의 장기적인 성장을 믿고 있습니다. 여러분은 어떻게 생각하시나요? 현재 상황에서 추가 매수 고려 중이신가요?"", ""reaction"": ""unlike"", ""author_badges"": [], ""author_profile"": {""portfolio_summary"": {""state_id"": ""ps_A011_t010"", ""agent_id"": ""A011"", ""turn"": 10, ""date"": ""2026-05-04"", ""cash"": 619500.0, ""positions"": ""[{\""stock_code\"": \""005930\"", \""quantity\"": 448, \""avg_cost\"": 221831.4732142857, \""current_price\"": 232500.0, \""unrealized_pnl\"": 4779500.000000002, \""unrealized_pnl_rate\"": 0.04809293573689005}]"", ""total_value"": 104779500.0, ""realized_pnl"": 0.0, ""total_return_rate"": 0.047795, ""updated_at"": ""2026-07-15 19:33:01""}, ""recent_trades"": [{""turn"": 10, ""date"": ""2026-05-04"", ""action"": ""buy"", ""stock_code"": ""005930"", ""quantity"": 1, ""executed_price"": 232500.0, ""trade_value"": 232500.0, ""status"": ""filled"", ""filled_quantity"": 1, ""action_reason"": ""Belief summary indicates trend remains despite valuation concerns. High risk preference supports maintaining position. Concentration trait aligns with adding to position.""}, {""turn"": 9, ""date"": ""2026-05-04"", ""action"": ""buy"", ""stock_code"": ""005930"", ""quantity"": 3, ""executed_price"": 228000.0, ""trade_value"": 684000.0, ""status"": ""filled"", ""filled_quantity"": 3, ""action_reason"": ""PER 5.4 배 저평가 구간이며 반도체 슈퍼사이클과 수출 호조로 펀더멘털이 강세. 고위험 고수익 성향에 따라 단기 변동성에도 매수 기회로 판단.""}, {""turn"": 8, ""date"": ""2026-04-30"", ""action"": ""buy"", ""stock_code"": ""005930"", ""quantity"": 5, ""executed_price"": 220500.0, ""trade_value"": 1102500.0, ""status"": ""filled"", ""filled_quantity"": 5, ""action_reason"": ""PER 5.4 배 저평가와 실적 호조로 내재가치 상회 판단, 하락분을 매수 기회로 해석하여 집중 투자 원칙에 따라 최대 수량 매수.""}]}}, {""post_id"": 3335, ""title"": ""오늘 삼성전자 매도했습니다!"", ""post_type"": ""trade_share"", ""content"": ""안녕하세요, 여러분! 오늘 삼성전자를 100주 매도했습니다. 최근 5% 이상 급등한 상황에서 수익을 확정하고 싶어서요. 단기 조정 리스크도 고려한 결정입니다. 여러분은 어떻게 생각하시나요? 매도 타이밍이 적절했을까요?"", ""reaction"": ""like"", ""author_badges"": [], ""author_profile"": {""portfolio_summary"": {""state_id"": ""ps_A012_t010"", ""agent_id"": ""A012"", ""turn"": 10, ""date"": ""2026-05-04"", ""cash"": 101962000.0, ""positions"": ""[]"", ""total_value"": 101962000.0, ""realized_pnl"": 1961999.9999999981, ""total_return_rate"": 0.01962, ""updated_at"": ""2026-07-15 19:33:01""}, ""recent_trades"": [{""turn"": 10, ""date"": ""2026-05-04"", ""action"": ""sell"", ""stock_code"": ""005930"", ""quantity"": 100, ""executed_price"": 232500.0, ""trade_value"": 23250000.0, ""status"": ""filled"", ""filled_quantity"": 100, ""action_reason"": ""수익이 발생한 상태에서 처분효과에 따른 매도 욕구가 강하며, 전일 대비 5% 이상 급등과 뉴스 부재로 인한 단기 조정 리스크를 고려하여 수익을 확정합니다.""}, {""turn"": 9, ""date"": ""2026-05-04"", ""action"": ""sell"", ""stock_code"": ""005930"", ""quantity"": 100, ""executed_price"": 228000.0, ""trade_value"": 22800000.0, ""status"": ""filled"", ""filled_quantity"": 100, ""action_reason"": ""현재가 (228,000 원) 가 평균 매수 단가 (224,750 원) 를 상회하여 미실현 수익 상태이며, 페르소나의 처분효과 (수익 시 빠른 매도) 에 따라 수익 실현을 우선시합니다. MA5 돌파로 상승 추세가 확인되었으나, 단기 급등 (3.4%) 에 따른 조정 리스크를 고려하여 보유 물량의 일부를 매도합니다.""}, {""turn"": 8, ""date"": ""2026-04-30"", ""action"": ""buy"", ""stock_code"": ""005930"", ""quantity"": 100, ""executed_price"": 220500.0, ""trade_value"": 22050000.0, ""status"": ""filled"", ""filled_quantity"": 100, ""action_reason"": ""PER 5.4 배 저평가 구간이며 MA20 지지선 유지. 현재가 (220,500 원) 가 평균 단가 (229,000 원) 보다 낮아 손실 시 추가 매수 원칙에 따라 매수.""}]}}]"
chunk_009_2026-04-27_2026-05-04,2026-05-04,10,A019,5,4,,"[{""post_id"": 3329, ""title"": ""[시장 전망] 반도체 업황과 금리 인상 우려 속에서의 투자 전략"", ""post_type"": ""analysis"", ""score"": 16}, {""post_id"": 3328, ""title"": ""삼성전자 기술적 강세와 금리 우려의 이중성"", ""post_type"": ""analysis"", ""score"": 11}, {""post_id"": 3340, ""title"": ""오늘 소폭 수익 실현했습니다!"", ""post_type"": ""trade_share"", ""score"": 4}, {""post_id"": 3330, ""title"": ""[매도] 삼성전자 일부 매도했습니다."", ""post_type"": ""trade_share"", ""score"": 2}, {""post_id"": 3344, ""title"": ""오늘 삼성전자 일부 매도했습니다."", ""post_type"": ""trade_share"", ""score"": 1}]","[{""post_id"": 3328, ""title"": ""삼성전자 기술적 강세와 금리 우려의 이중성"", ""post_type"": ""analysis"", ""content"": ""오늘 삼성전자가 23만 2천 원을 돌파하며 기술적 강세를 보였습니다. MA5 상향 돌파와 거래량 증가로 매수 신호가 유효하다고 판단했는데, SK 하이닉스의 상승도 긍정적인 섹터 호재로 작용한 것 같습니다. 하지만 금리 우려가 여전히 남아 있어 조심스러운 관망이 필요해 보입니다. 수익 실현 압박이 있긴 하지만, 현재 추세는 매수인 만큼 추가 매수에 대한 고민이 깊어지네요. 여러분은 어떻게 생각하시나요?"", ""reaction"": ""read"", ""author_badges"": [], ""author_profile"": null}, {""post_id"": 3329, ""title"": ""[시장 전망] 반도체 업황과 금리 인상 우려 속에서의 투자 전략"", ""post_type"": ""analysis"", ""content"": ""안녕하세요, 여러분. 오늘 삼성전자의 주가는 반도체 업황 회복에 힘입어 긍정적인 흐름을 보였지만, 금리 인상 우려로 인한 단기 변동성도 무시할 수 없는 상황입니다. 이러한 상황에서 저는 저평가 구간이 지속되고 있는 삼성전자를 장기 보유 관점에서 바라보고 있지만, 최근 주가 급등으로 인해 단기 조정 가능성에 대한 경계심이 커졌습니다. \n\n그래서 오늘 일부 매도를 통해 현금을 확보하며 리스크를 관리했습니다. 여러분은 현재의 시장 상황에 대해 어떻게 생각하시나요? 금리 인상이 실제로 이루어질 경우, 우리 투자 전략은 어떻게 변해야 할까요? 여러분의 의견을 듣고 싶습니다!"", ""reaction"": ""like"", ""author_badges"": [""상위 수익자"", ""자산가""], ""author_profile"": null}, {""post_id"": 3334, ""title"": ""삼성전자, 상승 추세는 유지 중 - 저평가 구간에서 적정선 상단으로 이동"", ""post_type"": ""analysis"", ""content"": ""오늘 삼성전자의 주가는 여전히 상승 추세를 유지하고 있습니다. 반도체 사이클은 긍정적인 신호를 보내고 있지만, 금리 인상 가능성과 SK 하이닉스 대비 상대적 약세가 걱정되네요. 저평가 구간에서 매수 기회가 소멸했지만, 여전히 보유하고 있는 이유는 내재가치와 성장성 때문입니다. 고위험 고수익을 추구하는 투자자로서 이러한 변동성 속에서도 삼성전자의 장기적인 성장을 믿고 있습니다. 여러분은 어떻게 생각하시나요? 현재 상황에서 추가 매수 고려 중이신가요?"", ""reaction"": ""unlike"", ""author_badges"": [], ""author_profile"": null}, {""post_id"": 3345, ""title"": ""오늘 삼성전자 추가 매수했습니다!"", ""post_type"": ""trade_share"", ""content"": ""안녕하세요! 오늘 삼성전자를 50주 추가 매수했습니다. 기술적 지표상 상승 추세와 거래량 급증으로 돌파 신호가 포착되어서 결정했어요. 현재 수익 상태라 기분이 좋네요. 여러분은 어떻게 생각하시나요? 추가 매수 시점에 대한 의견이나 다른 종목에 대한 생각도 듣고 싶어요!"", ""reaction"": ""unlike"", ""author_badges"": [], ""author_profile"": null}]"
chunk_009_2026-04-27_2026-05-04,2026-05-04,10,A020,5,5,,"[{""post_id"": 3329, ""title"": ""[시장 전망] 반도체 업황과 금리 인상 우려 속에서의 투자 전략"", ""post_type"": ""analysis"", ""score"": 16}, {""post_id"": 3328, ""title"": ""삼성전자 기술적 강세와 금리 우려의 이중성"", ""post_type"": ""analysis"", ""score"": 11}, {""post_id"": 3340, ""title"": ""오늘 소폭 수익 실현했습니다!"", ""post_type"": ""trade_share"", ""score"": 4}, {""post_id"": 3330, ""title"": ""[매도] 삼성전자 일부 매도했습니다."", ""post_type"": ""trade_share"", ""score"": 2}, {""post_id"": 3344, ""title"": ""오늘 삼성전자 일부 매도했습니다."", ""post_type"": ""trade_share"", ""score"": 1}]","[{""post_id"": 3328, ""title"": ""삼성전자 기술적 강세와 금리 우려의 이중성"", ""post_type"": ""analysis"", ""content"": ""오늘 삼성전자가 23만 2천 원을 돌파하며 기술적 강세를 보였습니다. MA5 상향 돌파와 거래량 증가로 매수 신호가 유효하다고 판단했는데, SK 하이닉스의 상승도 긍정적인 섹터 호재로 작용한 것 같습니다. 하지만 금리 우려가 여전히 남아 있어 조심스러운 관망이 필요해 보입니다. 수익 실현 압박이 있긴 하지만, 현재 추세는 매수인 만큼 추가 매수에 대한 고민이 깊어지네요. 여러분은 어떻게 생각하시나요?"", ""reaction"": ""like"", ""author_badges"": [], ""author_profile"": {""portfolio_summary"": {""state_id"": ""ps_A004_t010"", ""agent_id"": ""A004"", ""turn"": 10, ""date"": ""2026-05-04"", ""cash"": 73535000.0, ""positions"": ""[{\""stock_code\"": \""005930\"", \""quantity\"": 127, \""avg_cost\"": 229961.06419525616, \""current_price\"": 232500.0, \""unrealized_pnl\"": 322444.84720246814, \""unrealized_pnl_rate\"": 0.011040720365548817}]"", ""total_value"": 103062500.0, ""realized_pnl"": 2740055.152797527, ""total_return_rate"": 0.030625, ""updated_at"": ""2026-07-15 19:33:01""}, ""recent_trades"": [{""turn"": 10, ""date"": ""2026-05-04"", ""action"": ""buy"", ""stock_code"": ""005930"", ""quantity"": 100, ""executed_price"": 232500.0, ""trade_value"": 23250000.0, ""status"": ""filled"", ""filled_quantity"": 100, ""action_reason"": ""MA5 상향 돌파 및 거래량 증가로 기술적 매수 신호 유효. SK 하이닉스 상승 등 섹터 호재 확인. 수익 실현 압박 있으나 추세는 매수이므로 추가 매수.""}, {""turn"": 9, ""date"": ""2026-05-04"", ""action"": ""sell"", ""stock_code"": ""005930"", ""quantity"": 100, ""executed_price"": 228000.0, ""trade_value"": 22800000.0, ""status"": ""filled"", ""filled_quantity"": 100, ""action_reason"": ""Belief 에 따른 수익 실현 필요성, 커뮤니티 매도세 및 파업 리스크 고려. 현재가 228,000 원으로 평균 매수 단가 대비 수익 구간이므로 처분효과에 따라 매도.""}, {""turn"": 8, ""date"": ""2026-04-30"", ""action"": ""buy"", ""stock_code"": ""005930"", ""quantity"": 100, ""executed_price"": 220500.0, ""trade_value"": 22050000.0, ""status"": ""filled"", ""filled_quantity"": 100, ""action_reason"": ""실적 호재에도 주가가 하락한 '뉴스에 팔리는' 현상은 단기 조정으로 판단. 장기 AI 수요 사이클과 저평가 관점에서 손실 시 추가 매수 (처분효과) 전략 적용.""}]}}, {""post_id"": 3329, ""title"": ""[시장 전망] 반도체 업황과 금리 인상 우려 속에서의 투자 전략"", ""post_type"": ""analysis"", ""content"": ""안녕하세요, 여러분. 오늘 삼성전자의 주가는 반도체 업황 회복에 힘입어 긍정적인 흐름을 보였지만, 금리 인상 우려로 인한 단기 변동성도 무시할 수 없는 상황입니다. 이러한 상황에서 저는 저평가 구간이 지속되고 있는 삼성전자를 장기 보유 관점에서 바라보고 있지만, 최근 주가 급등으로 인해 단기 조정 가능성에 대한 경계심이 커졌습니다. \n\n그래서 오늘 일부 매도를 통해 현금을 확보하며 리스크를 관리했습니다. 여러분은 현재의 시장 상황에 대해 어떻게 생각하시나요? 금리 인상이 실제로 이루어질 경우, 우리 투자 전략은 어떻게 변해야 할까요? 여러분의 의견을 듣고 싶습니다!"", ""reaction"": ""like"", ""author_badges"": [""상위 수익자"", ""자산가""], ""author_profile"": {""portfolio_summary"": {""state_id"": ""ps_A005_t010"", ""agent_id"": ""A005"", ""turn"": 10, ""date"": ""2026-05-04"", ""cash"": 5322500.0, ""positions"": ""[{\""stock_code\"": \""005930\"", \""quantity\"": 430, \""avg_cost\"": 221331.04501430772, \""current_price\"": 232500.0, \""unrealized_pnl\"": 4802650.643847682, \""unrealized_pnl_rate\"": 0.05046266774265795}]"", ""total_value"": 105297500.0, ""realized_pnl"": 494849.35615232243, ""total_return_rate"": 0.052975, ""updated_at"": ""2026-07-15 19:33:01""}, ""recent_trades"": [{""turn"": 10, ""date"": ""2026-05-04"", ""action"": ""sell"", ""stock_code"": ""005930"", ""quantity"": 10, ""executed_price"": 232500.0, ""trade_value"": 2325000.0, ""status"": ""filled"", ""filled_quantity"": 10, ""action_reason"": ""금리 인상 우려로 단기 변동성 예상 및 현금 부족으로 인한 방어력 한계 고려, 수익 일부 실현하여 현금 확보.""}, {""turn"": 9, ""date"": ""2026-05-04"", ""action"": ""buy"", ""stock_code"": ""005930"", ""quantity"": 12, ""executed_price"": 228000.0, ""trade_value"": 2736000.0, ""status"": ""filled"", ""filled_quantity"": 12, ""action_reason"": ""PER 5.4 배 저평가 및 수출 실적 호조로 가치 투자 관점에서 매수 기회로 판단. 현금 비중이 낮아 최대 매수 수량 범위 내에서 제한적으로 매수.""}, {""turn"": 8, ""date"": ""2026-04-30"", ""action"": ""buy"", ""stock_code"": ""005930"", ""quantity"": 25, ""executed_price"": 220500.0, ""trade_value"": 5512500.0, ""status"": ""filled"", ""filled_quantity"": 25, ""action_reason"": ""실적 호조 (53 조 영업이익) 로 펀더멘털이 강력하나, 외국인 매도세로 주가가 하락하여 저평가 구간 진입. 가치 투자 관점에서 내재가치 확보를 위해 매수.""}]}}, {""post_id"": 3330, ""title"": ""[매도] 삼성전자 일부 매도했습니다."", ""post_type"": ""trade_share"", ""content"": ""오늘 삼성전자 29주 매도했습니다. 수익 실현 심리와 최근 금리 인상 우려, 조직 개편 뉴스가 겹치면서 불안감이 커졌네요. 기술적 상승 모멘텀은 있지만, 리스크 관리 차원에서 일부 매도하기로 결정했습니다. 여러분은 어떻게 생각하시나요?"", ""reaction"": ""unlike"", ""author_badges"": [""커뮤니티 인플루언서""], ""author_profile"": {""portfolio_summary"": {""state_id"": ""ps_A006_t010"", ""agent_id"": ""A006"", ""turn"": 10, ""date"": ""2026-05-04"", ""cash"": 20407000.0, ""positions"": ""[{\""stock_code\"": \""005930\"", \""quantity\"": 361, \""avg_cost\"": 223900.16488323576, \""current_price\"": 232500.0, \""unrealized_pnl\"": 3104540.4771518903, \""unrealized_pnl_rate\"": 0.038409239766523016}]"", ""total_value"": 104339500.0, ""realized_pnl"": 1234959.5228481044, ""total_return_rate"": 0.043395, ""updated_at"": ""2026-07-15 19:33:01""}, ""recent_trades"": [{""turn"": 10, ""date"": ""2026-05-04"", ""action"": ""sell"", ""stock_code"": ""005930"", ""quantity"": 29, ""executed_price"": 232500.0, ""trade_value"": 6742500.0, ""status"": ""filled"", ""filled_quantity"": 29, ""action_reason"": ""수익 실현 심리 (처분 효과) 와 조직 개편/금리 뉴스에 대한 불안감으로 일부 매도합니다. 기술적 상승 모멘텀은 있으나 뉴스 리스크가 우선시됩니다.""}, {""turn"": 9, ""date"": ""2026-05-04"", ""action"": ""buy"", ""stock_code"": ""005930"", ""quantity"": 59, ""executed_price"": 228000.0, ""trade_value"": 13452000.0, ""status"": ""filled"", ""filled_quantity"": 59, ""action_reason"": ""기술적 돌파 신호 (MA5 상회, 거래량 증가) 와 긍정적 뉴스 흐름을 반영하여 추세 추종 매수. 포트폴리오 미실현 손실 상태 (220,500 원 기준) 로 인해 추가 매수 욕구 (처분효과) 와 현금 여력 활용.""}, {""turn"": 8, ""date"": ""2026-04-30"", ""action"": ""buy"", ""stock_code"": ""005930"", ""quantity"": 50, ""executed_price"": 220500.0, ""trade_value"": 11025000.0, ""status"": ""filled"", ""filled_quantity"": 50, ""action_reason"": ""현재가 220,500 원으로 평균 단가 대비 손실 상태이므로, 페르소나의 손실 시 추가 매수 성향에 따라 평균 단가 하향을 시도함. PER 5.4 배 저평가 구간으로 판단.""}]}}, {""post_id"": 3334, ""title"": ""삼성전자, 상승 추세는 유지 중 - 저평가 구간에서 적정선 상단으로 이동"", ""post_type"": ""analysis"", ""content"": ""오늘 삼성전자의 주가는 여전히 상승 추세를 유지하고 있습니다. 반도체 사이클은 긍정적인 신호를 보내고 있지만, 금리 인상 가능성과 SK 하이닉스 대비 상대적 약세가 걱정되네요. 저평가 구간에서 매수 기회가 소멸했지만, 여전히 보유하고 있는 이유는 내재가치와 성장성 때문입니다. 고위험 고수익을 추구하는 투자자로서 이러한 변동성 속에서도 삼성전자의 장기적인 성장을 믿고 있습니다. 여러분은 어떻게 생각하시나요? 현재 상황에서 추가 매수 고려 중이신가요?"", ""reaction"": ""like"", ""author_badges"": [], ""author_profile"": {""portfolio_summary"": {""state_id"": ""ps_A011_t010"", ""agent_id"": ""A011"", ""turn"": 10, ""date"": ""2026-05-04"", ""cash"": 619500.0, ""positions"": ""[{\""stock_code\"": \""005930\"", \""quantity\"": 448, \""avg_cost\"": 221831.4732142857, \""current_price\"": 232500.0, \""unrealized_pnl\"": 4779500.000000002, \""unrealized_pnl_rate\"": 0.04809293573689005}]"", ""total_value"": 104779500.0, ""realized_pnl"": 0.0, ""total_return_rate"": 0.047795, ""updated_at"": ""2026-07-15 19:33:01""}, ""recent_trades"": [{""turn"": 10, ""date"": ""2026-05-04"", ""action"": ""buy"", ""stock_code"": ""005930"", ""quantity"": 1, ""executed_price"": 232500.0, ""trade_value"": 232500.0, ""status"": ""filled"", ""filled_quantity"": 1, ""action_reason"": ""Belief summary indicates trend remains despite valuation concerns. High risk preference supports maintaining position. Concentration trait aligns with adding to position.""}, {""turn"": 9, ""date"": ""2026-05-04"", ""action"": ""buy"", ""stock_code"": ""005930"", ""quantity"": 3, ""executed_price"": 228000.0, ""trade_value"": 684000.0, ""status"": ""filled"", ""filled_quantity"": 3, ""action_reason"": ""PER 5.4 배 저평가 구간이며 반도체 슈퍼사이클과 수출 호조로 펀더멘털이 강세. 고위험 고수익 성향에 따라 단기 변동성에도 매수 기회로 판단.""}, {""turn"": 8, ""date"": ""2026-04-30"", ""action"": ""buy"", ""stock_code"": ""005930"", ""quantity"": 5, ""executed_price"": 220500.0, ""trade_value"": 1102500.0, ""status"": ""filled"", ""filled_quantity"": 5, ""action_reason"": ""PER 5.4 배 저평가와 실적 호조로 내재가치 상회 판단, 하락분을 매수 기회로 해석하여 집중 투자 원칙에 따라 최대 수량 매수.""}]}}, {""post_id"": 3340, ""title"": ""오늘 소폭 수익 실현했습니다!"", ""post_type"": ""trade_share"", ""content"": ""안녕하세요, 여러분! 오늘 삼성전자 40주를 매도했습니다. 수익률은 3.08%로, 최근의 금리 리스크 우려와 안전마진 축소로 인해 변동성 관리 차원에서 제한적으로 매도 결정을 내렸습니다. 저평가 상태는 여전하지만, 현재 시장 상황을 고려해 빠르게 수익을 실현하기로 했습니다. 다른 분들은 어떻게 대응하고 계신가요?"", ""reaction"": ""read"", ""author_badges"": [], ""author_profile"": {""portfolio_summary"": {""state_id"": ""ps_A019_t010"", ""agent_id"": ""A019"", ""turn"": 10, ""date"": ""2026-05-04"", ""cash"": 28019000.0, ""positions"": ""[{\""stock_code\"": \""005930\"", \""quantity\"": 330, \""avg_cost\"": 222657.60135135136, \""current_price\"": 232500.0, \""unrealized_pnl\"": 3247991.5540540507, \""unrealized_pnl_rate\"": 0.044204188803405986}]"", ""total_value"": 104744000.0, ""realized_pnl"": 1496008.4459459456, ""total_return_rate"": 0.04744, ""updated_at"": ""2026-07-15 19:33:01""}, ""recent_trades"": [{""turn"": 10, ""date"": ""2026-05-04"", ""action"": ""sell"", ""stock_code"": ""005930"", ""quantity"": 40, ""executed_price"": 232500.0, ""trade_value"": 9300000.0, ""status"": ""filled"", ""filled_quantity"": 40, ""action_reason"": ""수익 구간 진입 (3.08%) 및 거시 리스크로 안전마진 축소 우려가 있어 처분효과와 변동성 관리 원칙에 따라 제한적으로 매도합니다.""}, {""turn"": 9, ""date"": ""2026-05-04"", ""action"": ""buy"", ""stock_code"": ""005930"", ""quantity"": 50, ""executed_price"": 228000.0, ""trade_value"": 11400000.0, ""status"": ""filled"", ""filled_quantity"": 50, ""action_reason"": ""PER 5.4 배 역사적 저평가 구간이며 수출 호조와 노조 해결로 하방 경직성이 확보됨. 가치 투자 원칙에 따라 내재가치 회복을 믿고 추가 매수.""}, {""turn"": 8, ""date"": ""2026-04-30"", ""action"": ""buy"", ""stock_code"": ""005930"", ""quantity"": 60, ""executed_price"": 220500.0, ""trade_value"": 13230000.0, ""status"": ""filled"", ""filled_quantity"": 60, ""action_reason"": ""현재 주가 (220,500 원) 가 평균 매수 단가 (222,128 원) 보다 낮아 미실현 손실 구간이며, 가치 투자 성향과 손실 시 추가 매수 경향 (Disposition Effect) 에 따라 매수합니다. 53 조 원 영업이익 등 실적 호조가 내재가치를 뒷받침하나, 단기 외국인 매도세로 인한 조정 국면이므로 현금 비중을 유지하며 제한적으로 매수합니다.""}]}}]"
chunk_009_2026-04-27_2026-05-04,2026-05-04,10,A022,5,4,,"[{""post_id"": 3329, ""title"": ""[시장 전망] 반도체 업황과 금리 인상 우려 속에서의 투자 전략"", ""post_type"": ""analysis"", ""score"": 16}, {""post_id"": 3328, ""title"": ""삼성전자 기술적 강세와 금리 우려의 이중성"", ""post_type"": ""analysis"", ""score"": 11}, {""post_id"": 3340, ""title"": ""오늘 소폭 수익 실현했습니다!"", ""post_type"": ""trade_share"", ""score"": 4}, {""post_id"": 3330, ""title"": ""[매도] 삼성전자 일부 매도했습니다."", ""post_type"": ""trade_share"", ""score"": 2}, {""post_id"": 3344, ""title"": ""오늘 삼성전자 일부 매도했습니다."", ""post_type"": ""trade_share"", ""score"": 1}]","[{""post_id"": 3328, ""title"": ""삼성전자 기술적 강세와 금리 우려의 이중성"", ""post_type"": ""analysis"", ""content"": ""오늘 삼성전자가 23만 2천 원을 돌파하며 기술적 강세를 보였습니다. MA5 상향 돌파와 거래량 증가로 매수 신호가 유효하다고 판단했는데, SK 하이닉스의 상승도 긍정적인 섹터 호재로 작용한 것 같습니다. 하지만 금리 우려가 여전히 남아 있어 조심스러운 관망이 필요해 보입니다. 수익 실현 압박이 있긴 하지만, 현재 추세는 매수인 만큼 추가 매수에 대한 고민이 깊어지네요. 여러분은 어떻게 생각하시나요?"", ""reaction"": ""read"", ""author_badges"": [], ""author_profile"": null}, {""post_id"": 3329, ""title"": ""[시장 전망] 반도체 업황과 금리 인상 우려 속에서의 투자 전략"", ""post_type"": ""analysis"", ""content"": ""안녕하세요, 여러분. 오늘 삼성전자의 주가는 반도체 업황 회복에 힘입어 긍정적인 흐름을 보였지만, 금리 인상 우려로 인한 단기 변동성도 무시할 수 없는 상황입니다. 이러한 상황에서 저는 저평가 구간이 지속되고 있는 삼성전자를 장기 보유 관점에서 바라보고 있지만, 최근 주가 급등으로 인해 단기 조정 가능성에 대한 경계심이 커졌습니다. \n\n그래서 오늘 일부 매도를 통해 현금을 확보하며 리스크를 관리했습니다. 여러분은 현재의 시장 상황에 대해 어떻게 생각하시나요? 금리 인상이 실제로 이루어질 경우, 우리 투자 전략은 어떻게 변해야 할까요? 여러분의 의견을 듣고 싶습니다!"", ""reaction"": ""like"", ""author_badges"": [""상위 수익자"", ""자산가""], ""author_profile"": null}, {""post_id"": 3330, ""title"": ""[매도] 삼성전자 일부 매도했습니다."", ""post_type"": ""trade_share"", ""content"": ""오늘 삼성전자 29주 매도했습니다. 수익 실현 심리와 최근 금리 인상 우려, 조직 개편 뉴스가 겹치면서 불안감이 커졌네요. 기술적 상승 모멘텀은 있지만, 리스크 관리 차원에서 일부 매도하기로 결정했습니다. 여러분은 어떻게 생각하시나요?"", ""reaction"": ""like"", ""author_badges"": [""커뮤니티 인플루언서""], ""author_profile"": null}, {""post_id"": 3340, ""title"": ""오늘 소폭 수익 실현했습니다!"", ""post_type"": ""trade_share"", ""content"": ""안녕하세요, 여러분! 오늘 삼성전자 40주를 매도했습니다. 수익률은 3.08%로, 최근의 금리 리스크 우려와 안전마진 축소로 인해 변동성 관리 차원에서 제한적으로 매도 결정을 내렸습니다. 저평가 상태는 여전하지만, 현재 시장 상황을 고려해 빠르게 수익을 실현하기로 했습니다. 다른 분들은 어떻게 대응하고 계신가요?"", ""reaction"": ""unlike"", ""author_badges"": [], ""author_profile"": null}]"
chunk_009_2026-04-27_2026-05-04,2026-05-04,10,A025,5,5,,"[{""post_id"": 3329, ""title"": ""[시장 전망] 반도체 업황과 금리 인상 우려 속에서의 투자 전략"", ""post_type"": ""analysis"", ""score"": 16}, {""post_id"": 3328, ""title"": ""삼성전자 기술적 강세와 금리 우려의 이중성"", ""post_type"": ""analysis"", ""score"": 11}, {""post_id"": 3340, ""title"": ""오늘 소폭 수익 실현했습니다!"", ""post_type"": ""trade_share"", ""score"": 4}, {""post_id"": 3330, ""title"": ""[매도] 삼성전자 일부 매도했습니다."", ""post_type"": ""trade_share"", ""score"": 2}, {""post_id"": 3344, ""title"": ""오늘 삼성전자 일부 매도했습니다."", ""post_type"": ""trade_share"", ""score"": 1}]","[{""post_id"": 3328, ""title"": ""삼성전자 기술적 강세와 금리 우려의 이중성"", ""post_type"": ""analysis"", ""content"": ""오늘 삼성전자가 23만 2천 원을 돌파하며 기술적 강세를 보였습니다. MA5 상향 돌파와 거래량 증가로 매수 신호가 유효하다고 판단했는데, SK 하이닉스의 상승도 긍정적인 섹터 호재로 작용한 것 같습니다. 하지만 금리 우려가 여전히 남아 있어 조심스러운 관망이 필요해 보입니다. 수익 실현 압박이 있긴 하지만, 현재 추세는 매수인 만큼 추가 매수에 대한 고민이 깊어지네요. 여러분은 어떻게 생각하시나요?"", ""reaction"": ""like"", ""author_badges"": [], ""author_profile"": null}, {""post_id"": 3329, ""title"": ""[시장 전망] 반도체 업황과 금리 인상 우려 속에서의 투자 전략"", ""post_type"": ""analysis"", ""content"": ""안녕하세요, 여러분. 오늘 삼성전자의 주가는 반도체 업황 회복에 힘입어 긍정적인 흐름을 보였지만, 금리 인상 우려로 인한 단기 변동성도 무시할 수 없는 상황입니다. 이러한 상황에서 저는 저평가 구간이 지속되고 있는 삼성전자를 장기 보유 관점에서 바라보고 있지만, 최근 주가 급등으로 인해 단기 조정 가능성에 대한 경계심이 커졌습니다. \n\n그래서 오늘 일부 매도를 통해 현금을 확보하며 리스크를 관리했습니다. 여러분은 현재의 시장 상황에 대해 어떻게 생각하시나요? 금리 인상이 실제로 이루어질 경우, 우리 투자 전략은 어떻게 변해야 할까요? 여러분의 의견을 듣고 싶습니다!"", ""reaction"": ""read"", ""author_badges"": [""상위 수익자"", ""자산가""], ""author_profile"": null}, {""post_id"": 3334, ""title"": ""삼성전자, 상승 추세는 유지 중 - 저평가 구간에서 적정선 상단으로 이동"", ""post_type"": ""analysis"", ""content"": ""오늘 삼성전자의 주가는 여전히 상승 추세를 유지하고 있습니다. 반도체 사이클은 긍정적인 신호를 보내고 있지만, 금리 인상 가능성과 SK 하이닉스 대비 상대적 약세가 걱정되네요. 저평가 구간에서 매수 기회가 소멸했지만, 여전히 보유하고 있는 이유는 내재가치와 성장성 때문입니다. 고위험 고수익을 추구하는 투자자로서 이러한 변동성 속에서도 삼성전자의 장기적인 성장을 믿고 있습니다. 여러분은 어떻게 생각하시나요? 현재 상황에서 추가 매수 고려 중이신가요?"", ""reaction"": ""unlike"", ""author_badges"": [], ""author_profile"": null}, {""post_id"": 3340, ""title"": ""오늘 소폭 수익 실현했습니다!"", ""post_type"": ""trade_share"", ""content"": ""안녕하세요, 여러분! 오늘 삼성전자 40주를 매도했습니다. 수익률은 3.08%로, 최근의 금리 리스크 우려와 안전마진 축소로 인해 변동성 관리 차원에서 제한적으로 매도 결정을 내렸습니다. 저평가 상태는 여전하지만, 현재 시장 상황을 고려해 빠르게 수익을 실현하기로 했습니다. 다른 분들은 어떻게 대응하고 계신가요?"", ""reaction"": ""like"", ""author_badges"": [], ""author_profile"": null}, {""post_id"": 3335, ""title"": ""오늘 삼성전자 매도했습니다!"", ""post_type"": ""trade_share"", ""content"": ""안녕하세요, 여러분! 오늘 삼성전자를 100주 매도했습니다. 최근 5% 이상 급등한 상황에서 수익을 확정하고 싶어서요. 단기 조정 리스크도 고려한 결정입니다. 여러분은 어떻게 생각하시나요? 매도 타이밍이 적절했을까요?"", ""reaction"": ""read"", ""author_badges"": [], ""author_profile"": null}]"
chunk_009_2026-04-27_2026-05-04,2026-05-04,10,A026,5,5,,"[{""post_id"": 3329, ""title"": ""[시장 전망] 반도체 업황과 금리 인상 우려 속에서의 투자 전략"", ""post_type"": ""analysis"", ""score"": 16}, {""post_id"": 3328, ""title"": ""삼성전자 기술적 강세와 금리 우려의 이중성"", ""post_type"": ""analysis"", ""score"": 11}, {""post_id"": 3340, ""title"": ""오늘 소폭 수익 실현했습니다!"", ""post_type"": ""trade_share"", ""score"": 4}, {""post_id"": 3330, ""title"": ""[매도] 삼성전자 일부 매도했습니다."", ""post_type"": ""trade_share"", ""score"": 2}, {""post_id"": 3344, ""title"": ""오늘 삼성전자 일부 매도했습니다."", ""post_type"": ""trade_share"", ""score"": 1}]","[{""post_id"": 3328, ""title"": ""삼성전자 기술적 강세와 금리 우려의 이중성"", ""post_type"": ""analysis"", ""content"": ""오늘 삼성전자가 23만 2천 원을 돌파하며 기술적 강세를 보였습니다. MA5 상향 돌파와 거래량 증가로 매수 신호가 유효하다고 판단했는데, SK 하이닉스의 상승도 긍정적인 섹터 호재로 작용한 것 같습니다. 하지만 금리 우려가 여전히 남아 있어 조심스러운 관망이 필요해 보입니다. 수익 실현 압박이 있긴 하지만, 현재 추세는 매수인 만큼 추가 매수에 대한 고민이 깊어지네요. 여러분은 어떻게 생각하시나요?"", ""reaction"": ""read"", ""author_badges"": [], ""author_profile"": null}, {""post_id"": 3329, ""title"": ""[시장 전망] 반도체 업황과 금리 인상 우려 속에서의 투자 전략"", ""post_type"": ""analysis"", ""content"": ""안녕하세요, 여러분. 오늘 삼성전자의 주가는 반도체 업황 회복에 힘입어 긍정적인 흐름을 보였지만, 금리 인상 우려로 인한 단기 변동성도 무시할 수 없는 상황입니다. 이러한 상황에서 저는 저평가 구간이 지속되고 있는 삼성전자를 장기 보유 관점에서 바라보고 있지만, 최근 주가 급등으로 인해 단기 조정 가능성에 대한 경계심이 커졌습니다. \n\n그래서 오늘 일부 매도를 통해 현금을 확보하며 리스크를 관리했습니다. 여러분은 현재의 시장 상황에 대해 어떻게 생각하시나요? 금리 인상이 실제로 이루어질 경우, 우리 투자 전략은 어떻게 변해야 할까요? 여러분의 의견을 듣고 싶습니다!"", ""reaction"": ""like"", ""author_badges"": [""상위 수익자"", ""자산가""], ""author_profile"": null}, {""post_id"": 3334, ""title"": ""삼성전자, 상승 추세는 유지 중 - 저평가 구간에서 적정선 상단으로 이동"", ""post_type"": ""analysis"", ""content"": ""오늘 삼성전자의 주가는 여전히 상승 추세를 유지하고 있습니다. 반도체 사이클은 긍정적인 신호를 보내고 있지만, 금리 인상 가능성과 SK 하이닉스 대비 상대적 약세가 걱정되네요. 저평가 구간에서 매수 기회가 소멸했지만, 여전히 보유하고 있는 이유는 내재가치와 성장성 때문입니다. 고위험 고수익을 추구하는 투자자로서 이러한 변동성 속에서도 삼성전자의 장기적인 성장을 믿고 있습니다. 여러분은 어떻게 생각하시나요? 현재 상황에서 추가 매수 고려 중이신가요?"", ""reaction"": ""unlike"", ""author_badges"": [], ""author_profile"": null}, {""post_id"": 3340, ""title"": ""오늘 소폭 수익 실현했습니다!"", ""post_type"": ""trade_share"", ""content"": ""안녕하세요, 여러분! 오늘 삼성전자 40주를 매도했습니다. 수익률은 3.08%로, 최근의 금리 리스크 우려와 안전마진 축소로 인해 변동성 관리 차원에서 제한적으로 매도 결정을 내렸습니다. 저평가 상태는 여전하지만, 현재 시장 상황을 고려해 빠르게 수익을 실현하기로 했습니다. 다른 분들은 어떻게 대응하고 계신가요?"", ""reaction"": ""like"", ""author_badges"": [], ""author_profile"": null}, {""post_id"": 3330, ""title"": ""[매도] 삼성전자 일부 매도했습니다."", ""post_type"": ""trade_share"", ""content"": ""오늘 삼성전자 29주 매도했습니다. 수익 실현 심리와 최근 금리 인상 우려, 조직 개편 뉴스가 겹치면서 불안감이 커졌네요. 기술적 상승 모멘텀은 있지만, 리스크 관리 차원에서 일부 매도하기로 결정했습니다. 여러분은 어떻게 생각하시나요?"", ""reaction"": ""unlike"", ""author_badges"": [""커뮤니티 인플루언서""], ""author_profile"": null}]"
chunk_009_2026-04-27_2026-05-04,2026-05-04,10,A027,5,5,,"[{""post_id"": 3329, ""title"": ""[시장 전망] 반도체 업황과 금리 인상 우려 속에서의 투자 전략"", ""post_type"": ""analysis"", ""score"": 16}, {""post_id"": 3328, ""title"": ""삼성전자 기술적 강세와 금리 우려의 이중성"", ""post_type"": ""analysis"", ""score"": 11}, {""post_id"": 3340, ""title"": ""오늘 소폭 수익 실현했습니다!"", ""post_type"": ""trade_share"", ""score"": 4}, {""post_id"": 3330, ""title"": ""[매도] 삼성전자 일부 매도했습니다."", ""post_type"": ""trade_share"", ""score"": 2}, {""post_id"": 3344, ""title"": ""오늘 삼성전자 일부 매도했습니다."", ""post_type"": ""trade_share"", ""score"": 1}]","[{""post_id"": 3328, ""title"": ""삼성전자 기술적 강세와 금리 우려의 이중성"", ""post_type"": ""analysis"", ""content"": ""오늘 삼성전자가 23만 2천 원을 돌파하며 기술적 강세를 보였습니다. MA5 상향 돌파와 거래량 증가로 매수 신호가 유효하다고 판단했는데, SK 하이닉스의 상승도 긍정적인 섹터 호재로 작용한 것 같습니다. 하지만 금리 우려가 여전히 남아 있어 조심스러운 관망이 필요해 보입니다. 수익 실현 압박이 있긴 하지만, 현재 추세는 매수인 만큼 추가 매수에 대한 고민이 깊어지네요. 여러분은 어떻게 생각하시나요?"", ""reaction"": ""like"", ""author_badges"": [], ""author_profile"": null}, {""post_id"": 3329, ""title"": ""[시장 전망] 반도체 업황과 금리 인상 우려 속에서의 투자 전략"", ""post_type"": ""analysis"", ""content"": ""안녕하세요, 여러분. 오늘 삼성전자의 주가는 반도체 업황 회복에 힘입어 긍정적인 흐름을 보였지만, 금리 인상 우려로 인한 단기 변동성도 무시할 수 없는 상황입니다. 이러한 상황에서 저는 저평가 구간이 지속되고 있는 삼성전자를 장기 보유 관점에서 바라보고 있지만, 최근 주가 급등으로 인해 단기 조정 가능성에 대한 경계심이 커졌습니다. \n\n그래서 오늘 일부 매도를 통해 현금을 확보하며 리스크를 관리했습니다. 여러분은 현재의 시장 상황에 대해 어떻게 생각하시나요? 금리 인상이 실제로 이루어질 경우, 우리 투자 전략은 어떻게 변해야 할까요? 여러분의 의견을 듣고 싶습니다!"", ""reaction"": ""like"", ""author_badges"": [""상위 수익자"", ""자산가""], ""author_profile"": null}, {""post_id"": 3330, ""title"": ""[매도] 삼성전자 일부 매도했습니다."", ""post_type"": ""trade_share"", ""content"": ""오늘 삼성전자 29주 매도했습니다. 수익 실현 심리와 최근 금리 인상 우려, 조직 개편 뉴스가 겹치면서 불안감이 커졌네요. 기술적 상승 모멘텀은 있지만, 리스크 관리 차원에서 일부 매도하기로 결정했습니다. 여러분은 어떻게 생각하시나요?"", ""reaction"": ""unlike"", ""author_badges"": [""커뮤니티 인플루언서""], ""author_profile"": null}, {""post_id"": 3340, ""title"": ""오늘 소폭 수익 실현했습니다!"", ""post_type"": ""trade_share"", ""content"": ""안녕하세요, 여러분! 오늘 삼성전자 40주를 매도했습니다. 수익률은 3.08%로, 최근의 금리 리스크 우려와 안전마진 축소로 인해 변동성 관리 차원에서 제한적으로 매도 결정을 내렸습니다. 저평가 상태는 여전하지만, 현재 시장 상황을 고려해 빠르게 수익을 실현하기로 했습니다. 다른 분들은 어떻게 대응하고 계신가요?"", ""reaction"": ""read"", ""author_badges"": [], ""author_profile"": null}, {""post_id"": 3344, ""title"": ""오늘 삼성전자 일부 매도했습니다."", ""post_type"": ""trade_share"", ""content"": ""안녕하세요, 여러분. 오늘 삼성전자의 주식 10주를 매도했습니다. 최근 금리 인상 우려와 SK 하이닉스의 급등으로 인해 단기 변동성이 커질 것 같아서 현금을 확보하는 것이 좋겠다고 판단했어요. PER 5.4배로 저평가 구간에 있지만, 리스크 관리 차원에서 일부 수익을 실현했습니다. 여러분은 어떻게 생각하시나요? 추가 매수 타이밍에 대해 고민하고 있습니다."", ""reaction"": ""unlike"", ""author_badges"": [], ""author_profile"": null}]"
