run_id,date,turn,agent_id,depth,read_limit,visible_post_count,visible_post_ids,visible_posts_json
chunk_009_2026-04-27_2026-05-04,2026-04-27,2,A001,1,5,19,"[3247, 3248, 3249, 3250, 3251, 3252, 3253, 3254, 3255, 3256, 3257, 3258, 3259, 3260, 3261, 3262, 3263, 3264, 3265]","[{""post_id"": 3247, ""anonymous_code"": ""황소-9750"", ""post_type"": ""trade_share"", ""title"": ""오늘 삼성전자 일부 매도했습니다."", ""like_count"": 0, ""unlike_count"": 0, ""score"": 0, ""author_badges"": [""상위 수익자"", ""자산가""]}, {""post_id"": 3248, ""anonymous_code"": ""곰-1801"", ""post_type"": ""trade_share"", ""title"": ""[매도 거래 공유] 삼성전자 일부 매도"", ""like_count"": 0, ""unlike_count"": 0, ""score"": 0, ""author_badges"": [""상위 수익자"", ""자산가""]}, {""post_id"": 3249, ""anonymous_code"": ""코끼리-6457"", ""post_type"": ""analysis"", ""title"": ""삼성전자 기술적 상승과 노조 파업 리스크: 신중한 접근이 필요합니다."", ""like_count"": 0, ""unlike_count"": 0, ""score"": 0, ""author_badges"": [""상위 수익자"", ""자산가""]}, {""post_id"": 3250, ""anonymous_code"": ""늑대-8884"", ""post_type"": ""trade_share"", ""title"": ""오늘 삼성전자 매도했습니다"", ""like_count"": 0, ""unlike_count"": 0, ""score"": 0, ""author_badges"": [""커뮤니티 인플루언서""]}, {""post_id"": 3251, ""anonymous_code"": ""여우-7933"", ""post_type"": ""trade_share"", ""title"": ""오늘 삼성전자 일부 매도했습니다."", ""like_count"": 0, ""unlike_count"": 0, ""score"": 0, ""author_badges"": []}, {""post_id"": 3252, ""anonymous_code"": ""독수리-4082"", ""post_type"": ""trade_share"", ""title"": ""오늘 삼성전자 일부 매도했습니다."", ""like_count"": 0, ""unlike_count"": 0, ""score"": 0, ""author_badges"": [""커뮤니티 인플루언서""]}, {""post_id"": 3253, ""anonymous_code"": ""돌고래-5489"", ""post_type"": ""trade_share"", ""title"": ""삼성전자 추가 매수했습니다!"", ""like_count"": 0, ""unlike_count"": 0, ""score"": 0, ""author_badges"": [""상위 수익자"", ""자산가""]}, {""post_id"": 3254, ""anonymous_code"": ""펭귄-3788"", ""post_type"": ""trade_share"", ""title"": ""파업 리스크 속 소신 있는 매도"", ""like_count"": 0, ""unlike_count"": 0, ""score"": 0, ""author_badges"": [""상위 수익자"", ""자산가""]}, {""post_id"": 3255, ""anonymous_code"": ""사자-8665"", ""post_type"": ""trade_share"", ""title"": ""오늘 삼성전자 매도 거래 공유합니다"", ""like_count"": 0, ""unlike_count"": 0, ""score"": 0, ""author_badges"": [""상위 수익자"", ""자산가""]}, {""post_id"": 3256, ""anonymous_code"": ""코끼리-2877"", ""post_type"": ""trade_share"", ""title"": ""오늘 삼성전자 추가 매수했습니다!"", ""like_count"": 0, ""unlike_count"": 0, ""score"": 0, ""author_badges"": []}, {""post_id"": 3257, ""anonymous_code"": ""사자-5895"", ""post_type"": ""trade_share"", ""title"": ""[매도] 삼성전자 일부 매도 후 현금 확보"", ""like_count"": 0, ""unlike_count"": 0, ""score"": 0, ""author_badges"": []}, {""post_id"": 3258, ""anonymous_code"": ""사자-5055"", ""post_type"": ""trade_share"", ""title"": ""오늘 삼성전자 일부 매도했습니다."", ""like_count"": 0, ""unlike_count"": 0, ""score"": 0, ""author_badges"": []}, {""post_id"": 3259, ""anonymous_code"": ""황소-8760"", ""post_type"": ""trade_share"", ""title"": ""오늘 삼성전자 매수했습니다!"", ""like_count"": 0, ""unlike_count"": 0, ""score"": 0, ""author_badges"": []}, {""post_id"": 3260, ""anonymous_code"": ""곰-9761"", ""post_type"": ""analysis"", ""title"": ""노조 파업 리스크에 대한 신중한 접근 필요"", ""like_count"": 0, ""unlike_count"": 0, ""score"": 0, ""author_badges"": []}, {""post_id"": 3261, ""anonymous_code"": ""곰-1911"", ""post_type"": ""trade_share"", ""title"": ""오늘 삼성전자 매수했습니다!"", ""like_count"": 0, ""unlike_count"": 0, ""score"": 0, ""author_badges"": [""커뮤니티 인플루언서""]}, {""post_id"": 3262, ""anonymous_code"": ""돌고래-5159"", ""post_type"": ""trade_share"", ""title"": ""[매도 거래 공유] 삼성전자 일부 매도했습니다."", ""like_count"": 0, ""unlike_count"": 0, ""score"": 0, ""author_badges"": []}, {""post_id"": 3263, ""anonymous_code"": ""독수리-8072"", ""post_type"": ""trade_share"", ""title"": ""오늘 삼성전자 일부 매도했습니다"", ""like_count"": 0, ""unlike_count"": 0, ""score"": 0, ""author_badges"": []}, {""post_id"": 3264, ""anonymous_code"": ""늑대-4264"", ""post_type"": ""analysis"", ""title"": ""삼성전자, 노조 파업 리스크 속에서도 기술적 지지선은 여전히 긍정적"", ""like_count"": 0, ""unlike_count"": 0, ""score"": 0, ""author_badges"": []}, {""post_id"": 3265, ""anonymous_code"": ""여우-2283"", ""post_type"": ""trade_share"", ""title"": ""오늘 삼성전자 소폭 매도했습니다."", ""like_count"": 0, ""unlike_count"": 0, ""score"": 0, ""author_badges"": []}]"
chunk_009_2026-04-27_2026-05-04,2026-04-27,2,A003,1,5,19,"[3246, 3247, 3249, 3250, 3251, 3252, 3253, 3254, 3255, 3256, 3257, 3258, 3259, 3260, 3261, 3262, 3263, 3264, 3265]","[{""post_id"": 3246, ""anonymous_code"": ""호랑이-8886"", ""post_type"": ""trade_share"", ""title"": ""오늘 삼성전자 전량 매도했습니다."", ""like_count"": 0, ""unlike_count"": 0, ""score"": 0, ""author_badges"": [""커뮤니티 인플루언서""]}, {""post_id"": 3247, ""anonymous_code"": ""황소-9750"", ""post_type"": ""trade_share"", ""title"": ""오늘 삼성전자 일부 매도했습니다."", ""like_count"": 0, ""unlike_count"": 0, ""score"": 0, ""author_badges"": [""상위 수익자"", ""자산가""]}, {""post_id"": 3249, ""anonymous_code"": ""코끼리-6457"", ""post_type"": ""analysis"", ""title"": ""삼성전자 기술적 상승과 노조 파업 리스크: 신중한 접근이 필요합니다."", ""like_count"": 0, ""unlike_count"": 0, ""score"": 0, ""author_badges"": [""상위 수익자"", ""자산가""]}, {""post_id"": 3250, ""anonymous_code"": ""늑대-8884"", ""post_type"": ""trade_share"", ""title"": ""오늘 삼성전자 매도했습니다"", ""like_count"": 0, ""unlike_count"": 0, ""score"": 0, ""author_badges"": [""커뮤니티 인플루언서""]}, {""post_id"": 3251, ""anonymous_code"": ""여우-7933"", ""post_type"": ""trade_share"", ""title"": ""오늘 삼성전자 일부 매도했습니다."", ""like_count"": 0, ""unlike_count"": 0, ""score"": 0, ""author_badges"": []}, {""post_id"": 3252, ""anonymous_code"": ""독수리-4082"", ""post_type"": ""trade_share"", ""title"": ""오늘 삼성전자 일부 매도했습니다."", ""like_count"": 0, ""unlike_count"": 0, ""score"": 0, ""author_badges"": [""커뮤니티 인플루언서""]}, {""post_id"": 3253, ""anonymous_code"": ""돌고래-5489"", ""post_type"": ""trade_share"", ""title"": ""삼성전자 추가 매수했습니다!"", ""like_count"": 0, ""unlike_count"": 0, ""score"": 0, ""author_badges"": [""상위 수익자"", ""자산가""]}, {""post_id"": 3254, ""anonymous_code"": ""펭귄-3788"", ""post_type"": ""trade_share"", ""title"": ""파업 리스크 속 소신 있는 매도"", ""like_count"": 0, ""unlike_count"": 0, ""score"": 0, ""author_badges"": [""상위 수익자"", ""자산가""]}, {""post_id"": 3255, ""anonymous_code"": ""사자-8665"", ""post_type"": ""trade_share"", ""title"": ""오늘 삼성전자 매도 거래 공유합니다"", ""like_count"": 0, ""unlike_count"": 0, ""score"": 0, ""author_badges"": [""상위 수익자"", ""자산가""]}, {""post_id"": 3256, ""anonymous_code"": ""코끼리-2877"", ""post_type"": ""trade_share"", ""title"": ""오늘 삼성전자 추가 매수했습니다!"", ""like_count"": 0, ""unlike_count"": 0, ""score"": 0, ""author_badges"": []}, {""post_id"": 3257, ""anonymous_code"": ""사자-5895"", ""post_type"": ""trade_share"", ""title"": ""[매도] 삼성전자 일부 매도 후 현금 확보"", ""like_count"": 0, ""unlike_count"": 0, ""score"": 0, ""author_badges"": []}, {""post_id"": 3258, ""anonymous_code"": ""사자-5055"", ""post_type"": ""trade_share"", ""title"": ""오늘 삼성전자 일부 매도했습니다."", ""like_count"": 0, ""unlike_count"": 0, ""score"": 0, ""author_badges"": []}, {""post_id"": 3259, ""anonymous_code"": ""황소-8760"", ""post_type"": ""trade_share"", ""title"": ""오늘 삼성전자 매수했습니다!"", ""like_count"": 0, ""unlike_count"": 0, ""score"": 0, ""author_badges"": []}, {""post_id"": 3260, ""anonymous_code"": ""곰-9761"", ""post_type"": ""analysis"", ""title"": ""노조 파업 리스크에 대한 신중한 접근 필요"", ""like_count"": 0, ""unlike_count"": 0, ""score"": 0, ""author_badges"": []}, {""post_id"": 3261, ""anonymous_code"": ""곰-1911"", ""post_type"": ""trade_share"", ""title"": ""오늘 삼성전자 매수했습니다!"", ""like_count"": 0, ""unlike_count"": 0, ""score"": 0, ""author_badges"": [""커뮤니티 인플루언서""]}, {""post_id"": 3262, ""anonymous_code"": ""돌고래-5159"", ""post_type"": ""trade_share"", ""title"": ""[매도 거래 공유] 삼성전자 일부 매도했습니다."", ""like_count"": 0, ""unlike_count"": 0, ""score"": 0, ""author_badges"": []}, {""post_id"": 3263, ""anonymous_code"": ""독수리-8072"", ""post_type"": ""trade_share"", ""title"": ""오늘 삼성전자 일부 매도했습니다"", ""like_count"": 0, ""unlike_count"": 0, ""score"": 0, ""author_badges"": []}, {""post_id"": 3264, ""anonymous_code"": ""늑대-4264"", ""post_type"": ""analysis"", ""title"": ""삼성전자, 노조 파업 리스크 속에서도 기술적 지지선은 여전히 긍정적"", ""like_count"": 0, ""unlike_count"": 0, ""score"": 0, ""author_badges"": []}, {""post_id"": 3265, ""anonymous_code"": ""여우-2283"", ""post_type"": ""trade_share"", ""title"": ""오늘 삼성전자 소폭 매도했습니다."", ""like_count"": 0, ""unlike_count"": 0, ""score"": 0, ""author_badges"": []}]"
chunk_009_2026-04-27_2026-05-04,2026-04-27,2,A004,1,5,19,"[3246, 3247, 3248, 3250, 3251, 3252, 3253, 3254, 3255, 3256, 3257, 3258, 3259, 3260, 3261, 3262, 3263, 3264, 3265]","[{""post_id"": 3246, ""anonymous_code"": ""호랑이-8886"", ""post_type"": ""trade_share"", ""title"": ""오늘 삼성전자 전량 매도했습니다."", ""like_count"": 0, ""unlike_count"": 0, ""score"": 0, ""author_badges"": [""커뮤니티 인플루언서""]}, {""post_id"": 3247, ""anonymous_code"": ""황소-9750"", ""post_type"": ""trade_share"", ""title"": ""오늘 삼성전자 일부 매도했습니다."", ""like_count"": 0, ""unlike_count"": 0, ""score"": 0, ""author_badges"": [""상위 수익자"", ""자산가""]}, {""post_id"": 3248, ""anonymous_code"": ""곰-1801"", ""post_type"": ""trade_share"", ""title"": ""[매도 거래 공유] 삼성전자 일부 매도"", ""like_count"": 0, ""unlike_count"": 0, ""score"": 0, ""author_badges"": [""상위 수익자"", ""자산가""]}, {""post_id"": 3250, ""anonymous_code"": ""늑대-8884"", ""post_type"": ""trade_share"", ""title"": ""오늘 삼성전자 매도했습니다"", ""like_count"": 0, ""unlike_count"": 0, ""score"": 0, ""author_badges"": [""커뮤니티 인플루언서""]}, {""post_id"": 3251, ""anonymous_code"": ""여우-7933"", ""post_type"": ""trade_share"", ""title"": ""오늘 삼성전자 일부 매도했습니다."", ""like_count"": 0, ""unlike_count"": 0, ""score"": 0, ""author_badges"": []}, {""post_id"": 3252, ""anonymous_code"": ""독수리-4082"", ""post_type"": ""trade_share"", ""title"": ""오늘 삼성전자 일부 매도했습니다."", ""like_count"": 0, ""unlike_count"": 0, ""score"": 0, ""author_badges"": [""커뮤니티 인플루언서""]}, {""post_id"": 3253, ""anonymous_code"": ""돌고래-5489"", ""post_type"": ""trade_share"", ""title"": ""삼성전자 추가 매수했습니다!"", ""like_count"": 0, ""unlike_count"": 0, ""score"": 0, ""author_badges"": [""상위 수익자"", ""자산가""]}, {""post_id"": 3254, ""anonymous_code"": ""펭귄-3788"", ""post_type"": ""trade_share"", ""title"": ""파업 리스크 속 소신 있는 매도"", ""like_count"": 0, ""unlike_count"": 0, ""score"": 0, ""author_badges"": [""상위 수익자"", ""자산가""]}, {""post_id"": 3255, ""anonymous_code"": ""사자-8665"", ""post_type"": ""trade_share"", ""title"": ""오늘 삼성전자 매도 거래 공유합니다"", ""like_count"": 0, ""unlike_count"": 0, ""score"": 0, ""author_badges"": [""상위 수익자"", ""자산가""]}, {""post_id"": 3256, ""anonymous_code"": ""코끼리-2877"", ""post_type"": ""trade_share"", ""title"": ""오늘 삼성전자 추가 매수했습니다!"", ""like_count"": 0, ""unlike_count"": 0, ""score"": 0, ""author_badges"": []}, {""post_id"": 3257, ""anonymous_code"": ""사자-5895"", ""post_type"": ""trade_share"", ""title"": ""[매도] 삼성전자 일부 매도 후 현금 확보"", ""like_count"": 0, ""unlike_count"": 0, ""score"": 0, ""author_badges"": []}, {""post_id"": 3258, ""anonymous_code"": ""사자-5055"", ""post_type"": ""trade_share"", ""title"": ""오늘 삼성전자 일부 매도했습니다."", ""like_count"": 0, ""unlike_count"": 0, ""score"": 0, ""author_badges"": []}, {""post_id"": 3259, ""anonymous_code"": ""황소-8760"", ""post_type"": ""trade_share"", ""title"": ""오늘 삼성전자 매수했습니다!"", ""like_count"": 0, ""unlike_count"": 0, ""score"": 0, ""author_badges"": []}, {""post_id"": 3260, ""anonymous_code"": ""곰-9761"", ""post_type"": ""analysis"", ""title"": ""노조 파업 리스크에 대한 신중한 접근 필요"", ""like_count"": 0, ""unlike_count"": 0, ""score"": 0, ""author_badges"": []}, {""post_id"": 3261, ""anonymous_code"": ""곰-1911"", ""post_type"": ""trade_share"", ""title"": ""오늘 삼성전자 매수했습니다!"", ""like_count"": 0, ""unlike_count"": 0, ""score"": 0, ""author_badges"": [""커뮤니티 인플루언서""]}, {""post_id"": 3262, ""anonymous_code"": ""돌고래-5159"", ""post_type"": ""trade_share"", ""title"": ""[매도 거래 공유] 삼성전자 일부 매도했습니다."", ""like_count"": 0, ""unlike_count"": 0, ""score"": 0, ""author_badges"": []}, {""post_id"": 3263, ""anonymous_code"": ""독수리-8072"", ""post_type"": ""trade_share"", ""title"": ""오늘 삼성전자 일부 매도했습니다"", ""like_count"": 0, ""unlike_count"": 0, ""score"": 0, ""author_badges"": []}, {""post_id"": 3264, ""anonymous_code"": ""늑대-4264"", ""post_type"": ""analysis"", ""title"": ""삼성전자, 노조 파업 리스크 속에서도 기술적 지지선은 여전히 긍정적"", ""like_count"": 0, ""unlike_count"": 0, ""score"": 0, ""author_badges"": []}, {""post_id"": 3265, ""anonymous_code"": ""여우-2283"", ""post_type"": ""trade_share"", ""title"": ""오늘 삼성전자 소폭 매도했습니다."", ""like_count"": 0, ""unlike_count"": 0, ""score"": 0, ""author_badges"": []}]"
chunk_009_2026-04-27_2026-05-04,2026-04-27,2,A005,1,5,19,"[3246, 3248, 3249, 3250, 3251, 3252, 3253, 3254, 3255, 3256, 3257, 3258, 3259, 3260, 3261, 3262, 3263, 3264, 3265]","[{""post_id"": 3246, ""anonymous_code"": ""호랑이-8886"", ""post_type"": ""trade_share"", ""title"": ""오늘 삼성전자 전량 매도했습니다."", ""like_count"": 0, ""unlike_count"": 0, ""score"": 0, ""author_badges"": [""커뮤니티 인플루언서""]}, {""post_id"": 3248, ""anonymous_code"": ""곰-1801"", ""post_type"": ""trade_share"", ""title"": ""[매도 거래 공유] 삼성전자 일부 매도"", ""like_count"": 0, ""unlike_count"": 0, ""score"": 0, ""author_badges"": [""상위 수익자"", ""자산가""]}, {""post_id"": 3249, ""anonymous_code"": ""코끼리-6457"", ""post_type"": ""analysis"", ""title"": ""삼성전자 기술적 상승과 노조 파업 리스크: 신중한 접근이 필요합니다."", ""like_count"": 0, ""unlike_count"": 0, ""score"": 0, ""author_badges"": [""상위 수익자"", ""자산가""]}, {""post_id"": 3250, ""anonymous_code"": ""늑대-8884"", ""post_type"": ""trade_share"", ""title"": ""오늘 삼성전자 매도했습니다"", ""like_count"": 0, ""unlike_count"": 0, ""score"": 0, ""author_badges"": [""커뮤니티 인플루언서""]}, {""post_id"": 3251, ""anonymous_code"": ""여우-7933"", ""post_type"": ""trade_share"", ""title"": ""오늘 삼성전자 일부 매도했습니다."", ""like_count"": 0, ""unlike_count"": 0, ""score"": 0, ""author_badges"": []}, {""post_id"": 3252, ""anonymous_code"": ""독수리-4082"", ""post_type"": ""trade_share"", ""title"": ""오늘 삼성전자 일부 매도했습니다."", ""like_count"": 0, ""unlike_count"": 0, ""score"": 0, ""author_badges"": [""커뮤니티 인플루언서""]}, {""post_id"": 3253, ""anonymous_code"": ""돌고래-5489"", ""post_type"": ""trade_share"", ""title"": ""삼성전자 추가 매수했습니다!"", ""like_count"": 0, ""unlike_count"": 0, ""score"": 0, ""author_badges"": [""상위 수익자"", ""자산가""]}, {""post_id"": 3254, ""anonymous_code"": ""펭귄-3788"", ""post_type"": ""trade_share"", ""title"": ""파업 리스크 속 소신 있는 매도"", ""like_count"": 0, ""unlike_count"": 0, ""score"": 0, ""author_badges"": [""상위 수익자"", ""자산가""]}, {""post_id"": 3255, ""anonymous_code"": ""사자-8665"", ""post_type"": ""trade_share"", ""title"": ""오늘 삼성전자 매도 거래 공유합니다"", ""like_count"": 0, ""unlike_count"": 0, ""score"": 0, ""author_badges"": [""상위 수익자"", ""자산가""]}, {""post_id"": 3256, ""anonymous_code"": ""코끼리-2877"", ""post_type"": ""trade_share"", ""title"": ""오늘 삼성전자 추가 매수했습니다!"", ""like_count"": 0, ""unlike_count"": 0, ""score"": 0, ""author_badges"": []}, {""post_id"": 3257, ""anonymous_code"": ""사자-5895"", ""post_type"": ""trade_share"", ""title"": ""[매도] 삼성전자 일부 매도 후 현금 확보"", ""like_count"": 0, ""unlike_count"": 0, ""score"": 0, ""author_badges"": []}, {""post_id"": 3258, ""anonymous_code"": ""사자-5055"", ""post_type"": ""trade_share"", ""title"": ""오늘 삼성전자 일부 매도했습니다."", ""like_count"": 0, ""unlike_count"": 0, ""score"": 0, ""author_badges"": []}, {""post_id"": 3259, ""anonymous_code"": ""황소-8760"", ""post_type"": ""trade_share"", ""title"": ""오늘 삼성전자 매수했습니다!"", ""like_count"": 0, ""unlike_count"": 0, ""score"": 0, ""author_badges"": []}, {""post_id"": 3260, ""anonymous_code"": ""곰-9761"", ""post_type"": ""analysis"", ""title"": ""노조 파업 리스크에 대한 신중한 접근 필요"", ""like_count"": 0, ""unlike_count"": 0, ""score"": 0, ""author_badges"": []}, {""post_id"": 3261, ""anonymous_code"": ""곰-1911"", ""post_type"": ""trade_share"", ""title"": ""오늘 삼성전자 매수했습니다!"", ""like_count"": 0, ""unlike_count"": 0, ""score"": 0, ""author_badges"": [""커뮤니티 인플루언서""]}, {""post_id"": 3262, ""anonymous_code"": ""돌고래-5159"", ""post_type"": ""trade_share"", ""title"": ""[매도 거래 공유] 삼성전자 일부 매도했습니다."", ""like_count"": 0, ""unlike_count"": 0, ""score"": 0, ""author_badges"": []}, {""post_id"": 3263, ""anonymous_code"": ""독수리-8072"", ""post_type"": ""trade_share"", ""title"": ""오늘 삼성전자 일부 매도했습니다"", ""like_count"": 0, ""unlike_count"": 0, ""score"": 0, ""author_badges"": []}, {""post_id"": 3264, ""anonymous_code"": ""늑대-4264"", ""post_type"": ""analysis"", ""title"": ""삼성전자, 노조 파업 리스크 속에서도 기술적 지지선은 여전히 긍정적"", ""like_count"": 0, ""unlike_count"": 0, ""score"": 0, ""author_badges"": []}, {""post_id"": 3265, ""anonymous_code"": ""여우-2283"", ""post_type"": ""trade_share"", ""title"": ""오늘 삼성전자 소폭 매도했습니다."", ""like_count"": 0, ""unlike_count"": 0, ""score"": 0, ""author_badges"": []}]"
chunk_009_2026-04-27_2026-05-04,2026-04-27,2,A006,1,5,19,"[3246, 3247, 3248, 3249, 3251, 3252, 3253, 3254, 3255, 3256, 3257, 3258, 3259, 3260, 3261, 3262, 3263, 3264, 3265]","[{""post_id"": 3246, ""anonymous_code"": ""호랑이-8886"", ""post_type"": ""trade_share"", ""title"": ""오늘 삼성전자 전량 매도했습니다."", ""like_count"": 0, ""unlike_count"": 0, ""score"": 0, ""author_badges"": [""커뮤니티 인플루언서""]}, {""post_id"": 3247, ""anonymous_code"": ""황소-9750"", ""post_type"": ""trade_share"", ""title"": ""오늘 삼성전자 일부 매도했습니다."", ""like_count"": 0, ""unlike_count"": 0, ""score"": 0, ""author_badges"": [""상위 수익자"", ""자산가""]}, {""post_id"": 3248, ""anonymous_code"": ""곰-1801"", ""post_type"": ""trade_share"", ""title"": ""[매도 거래 공유] 삼성전자 일부 매도"", ""like_count"": 0, ""unlike_count"": 0, ""score"": 0, ""author_badges"": [""상위 수익자"", ""자산가""]}, {""post_id"": 3249, ""anonymous_code"": ""코끼리-6457"", ""post_type"": ""analysis"", ""title"": ""삼성전자 기술적 상승과 노조 파업 리스크: 신중한 접근이 필요합니다."", ""like_count"": 1, ""unlike_count"": 0, ""score"": 1, ""author_badges"": [""상위 수익자"", ""자산가""]}, {""post_id"": 3251, ""anonymous_code"": ""여우-7933"", ""post_type"": ""trade_share"", ""title"": ""오늘 삼성전자 일부 매도했습니다."", ""like_count"": 0, ""unlike_count"": 0, ""score"": 0, ""author_badges"": []}, {""post_id"": 3252, ""anonymous_code"": ""독수리-4082"", ""post_type"": ""trade_share"", ""title"": ""오늘 삼성전자 일부 매도했습니다."", ""like_count"": 0, ""unlike_count"": 0, ""score"": 0, ""author_badges"": [""커뮤니티 인플루언서""]}, {""post_id"": 3253, ""anonymous_code"": ""돌고래-5489"", ""post_type"": ""trade_share"", ""title"": ""삼성전자 추가 매수했습니다!"", ""like_count"": 0, ""unlike_count"": 1, ""score"": -1, ""author_badges"": [""상위 수익자"", ""자산가""]}, {""post_id"": 3254, ""anonymous_code"": ""펭귄-3788"", ""post_type"": ""trade_share"", ""title"": ""파업 리스크 속 소신 있는 매도"", ""like_count"": 1, ""unlike_count"": 0, ""score"": 1, ""author_badges"": [""상위 수익자"", ""자산가""]}, {""post_id"": 3255, ""anonymous_code"": ""사자-8665"", ""post_type"": ""trade_share"", ""title"": ""오늘 삼성전자 매도 거래 공유합니다"", ""like_count"": 0, ""unlike_count"": 0, ""score"": 0, ""author_badges"": [""상위 수익자"", ""자산가""]}, {""post_id"": 3256, ""anonymous_code"": ""코끼리-2877"", ""post_type"": ""trade_share"", ""title"": ""오늘 삼성전자 추가 매수했습니다!"", ""like_count"": 0, ""unlike_count"": 0, ""score"": 0, ""author_badges"": []}, {""post_id"": 3257, ""anonymous_code"": ""사자-5895"", ""post_type"": ""trade_share"", ""title"": ""[매도] 삼성전자 일부 매도 후 현금 확보"", ""like_count"": 0, ""unlike_count"": 0, ""score"": 0, ""author_badges"": []}, {""post_id"": 3258, ""anonymous_code"": ""사자-5055"", ""post_type"": ""trade_share"", ""title"": ""오늘 삼성전자 일부 매도했습니다."", ""like_count"": 0, ""unlike_count"": 0, ""score"": 0, ""author_badges"": []}, {""post_id"": 3259, ""anonymous_code"": ""황소-8760"", ""post_type"": ""trade_share"", ""title"": ""오늘 삼성전자 매수했습니다!"", ""like_count"": 0, ""unlike_count"": 0, ""score"": 0, ""author_badges"": []}, {""post_id"": 3260, ""anonymous_code"": ""곰-9761"", ""post_type"": ""analysis"", ""title"": ""노조 파업 리스크에 대한 신중한 접근 필요"", ""like_count"": 1, ""unlike_count"": 0, ""score"": 1, ""author_badges"": []}, {""post_id"": 3261, ""anonymous_code"": ""곰-1911"", ""post_type"": ""trade_share"", ""title"": ""오늘 삼성전자 매수했습니다!"", ""like_count"": 0, ""unlike_count"": 0, ""score"": 0, ""author_badges"": [""커뮤니티 인플루언서""]}, {""post_id"": 3262, ""anonymous_code"": ""돌고래-5159"", ""post_type"": ""trade_share"", ""title"": ""[매도 거래 공유] 삼성전자 일부 매도했습니다."", ""like_count"": 0, ""unlike_count"": 0, ""score"": 0, ""author_badges"": []}, {""post_id"": 3263, ""anonymous_code"": ""독수리-8072"", ""post_type"": ""trade_share"", ""title"": ""오늘 삼성전자 일부 매도했습니다"", ""like_count"": 0, ""unlike_count"": 0, ""score"": 0, ""author_badges"": []}, {""post_id"": 3264, ""anonymous_code"": ""늑대-4264"", ""post_type"": ""analysis"", ""title"": ""삼성전자, 노조 파업 리스크 속에서도 기술적 지지선은 여전히 긍정적"", ""like_count"": 0, ""unlike_count"": 0, ""score"": 0, ""author_badges"": []}, {""post_id"": 3265, ""anonymous_code"": ""여우-2283"", ""post_type"": ""trade_share"", ""title"": ""오늘 삼성전자 소폭 매도했습니다."", ""like_count"": 0, ""unlike_count"": 0, ""score"": 0, ""author_badges"": []}]"
chunk_009_2026-04-27_2026-05-04,2026-04-27,2,A007,2,10,19,"[3246, 3247, 3248, 3249, 3250, 3251, 3253, 3254, 3255, 3256, 3257, 3258, 3259, 3260, 3261, 3262, 3263, 3264, 3265]","[{""post_id"": 3246, ""anonymous_code"": ""호랑이-8886"", ""post_type"": ""trade_share"", ""title"": ""오늘 삼성전자 전량 매도했습니다."", ""like_count"": 0, ""unlike_count"": 0, ""score"": 0, ""author_badges"": [""커뮤니티 인플루언서""]}, {""post_id"": 3247, ""anonymous_code"": ""황소-9750"", ""post_type"": ""trade_share"", ""title"": ""오늘 삼성전자 일부 매도했습니다."", ""like_count"": 0, ""unlike_count"": 0, ""score"": 0, ""author_badges"": [""상위 수익자"", ""자산가""]}, {""post_id"": 3248, ""anonymous_code"": ""곰-1801"", ""post_type"": ""trade_share"", ""title"": ""[매도 거래 공유] 삼성전자 일부 매도"", ""like_count"": 0, ""unlike_count"": 0, ""score"": 0, ""author_badges"": [""상위 수익자"", ""자산가""]}, {""post_id"": 3249, ""anonymous_code"": ""코끼리-6457"", ""post_type"": ""analysis"", ""title"": ""삼성전자 기술적 상승과 노조 파업 리스크: 신중한 접근이 필요합니다."", ""like_count"": 2, ""unlike_count"": 0, ""score"": 2, ""author_badges"": [""상위 수익자"", ""자산가""]}, {""post_id"": 3250, ""anonymous_code"": ""늑대-8884"", ""post_type"": ""trade_share"", ""title"": ""오늘 삼성전자 매도했습니다"", ""like_count"": 0, ""unlike_count"": 0, ""score"": 0, ""author_badges"": [""커뮤니티 인플루언서""]}, {""post_id"": 3251, ""anonymous_code"": ""여우-7933"", ""post_type"": ""trade_share"", ""title"": ""오늘 삼성전자 일부 매도했습니다."", ""like_count"": 0, ""unlike_count"": 0, ""score"": 0, ""author_badges"": []}, {""post_id"": 3253, ""anonymous_code"": ""돌고래-5489"", ""post_type"": ""trade_share"", ""title"": ""삼성전자 추가 매수했습니다!"", ""like_count"": 0, ""unlike_count"": 2, ""score"": -2, ""author_badges"": [""상위 수익자"", ""자산가""]}, {""post_id"": 3254, ""anonymous_code"": ""펭귄-3788"", ""post_type"": ""trade_share"", ""title"": ""파업 리스크 속 소신 있는 매도"", ""like_count"": 2, ""unlike_count"": 0, ""score"": 2, ""author_badges"": [""상위 수익자"", ""자산가""]}, {""post_id"": 3255, ""anonymous_code"": ""사자-8665"", ""post_type"": ""trade_share"", ""title"": ""오늘 삼성전자 매도 거래 공유합니다"", ""like_count"": 0, ""unlike_count"": 0, ""score"": 0, ""author_badges"": [""상위 수익자"", ""자산가""]}, {""post_id"": 3256, ""anonymous_code"": ""코끼리-2877"", ""post_type"": ""trade_share"", ""title"": ""오늘 삼성전자 추가 매수했습니다!"", ""like_count"": 0, ""unlike_count"": 0, ""score"": 0, ""author_badges"": []}, {""post_id"": 3257, ""anonymous_code"": ""사자-5895"", ""post_type"": ""trade_share"", ""title"": ""[매도] 삼성전자 일부 매도 후 현금 확보"", ""like_count"": 0, ""unlike_count"": 0, ""score"": 0, ""author_badges"": []}, {""post_id"": 3258, ""anonymous_code"": ""사자-5055"", ""post_type"": ""trade_share"", ""title"": ""오늘 삼성전자 일부 매도했습니다."", ""like_count"": 0, ""unlike_count"": 0, ""score"": 0, ""author_badges"": []}, {""post_id"": 3259, ""anonymous_code"": ""황소-8760"", ""post_type"": ""trade_share"", ""title"": ""오늘 삼성전자 매수했습니다!"", ""like_count"": 0, ""unlike_count"": 0, ""score"": 0, ""author_badges"": []}, {""post_id"": 3260, ""anonymous_code"": ""곰-9761"", ""post_type"": ""analysis"", ""title"": ""노조 파업 리스크에 대한 신중한 접근 필요"", ""like_count"": 2, ""unlike_count"": 0, ""score"": 2, ""author_badges"": []}, {""post_id"": 3261, ""anonymous_code"": ""곰-1911"", ""post_type"": ""trade_share"", ""title"": ""오늘 삼성전자 매수했습니다!"", ""like_count"": 0, ""unlike_count"": 0, ""score"": 0, ""author_badges"": [""커뮤니티 인플루언서""]}, {""post_id"": 3262, ""anonymous_code"": ""돌고래-5159"", ""post_type"": ""trade_share"", ""title"": ""[매도 거래 공유] 삼성전자 일부 매도했습니다."", ""like_count"": 0, ""unlike_count"": 0, ""score"": 0, ""author_badges"": []}, {""post_id"": 3263, ""anonymous_code"": ""독수리-8072"", ""post_type"": ""trade_share"", ""title"": ""오늘 삼성전자 일부 매도했습니다"", ""like_count"": 0, ""unlike_count"": 0, ""score"": 0, ""author_badges"": []}, {""post_id"": 3264, ""anonymous_code"": ""늑대-4264"", ""post_type"": ""analysis"", ""title"": ""삼성전자, 노조 파업 리스크 속에서도 기술적 지지선은 여전히 긍정적"", ""like_count"": 0, ""unlike_count"": 0, ""score"": 0, ""author_badges"": []}, {""post_id"": 3265, ""anonymous_code"": ""여우-2283"", ""post_type"": ""trade_share"", ""title"": ""오늘 삼성전자 소폭 매도했습니다."", ""like_count"": 0, ""unlike_count"": 0, ""score"": 0, ""author_badges"": []}]"
chunk_009_2026-04-27_2026-05-04,2026-04-27,2,A008,1,5,19,"[3246, 3247, 3248, 3249, 3250, 3252, 3253, 3254, 3255, 3256, 3257, 3258, 3259, 3260, 3261, 3262, 3263, 3264, 3265]","[{""post_id"": 3246, ""anonymous_code"": ""호랑이-8886"", ""post_type"": ""trade_share"", ""title"": ""오늘 삼성전자 전량 매도했습니다."", ""like_count"": 0, ""unlike_count"": 1, ""score"": -1, ""author_badges"": [""커뮤니티 인플루언서""]}, {""post_id"": 3247, ""anonymous_code"": ""황소-9750"", ""post_type"": ""trade_share"", ""title"": ""오늘 삼성전자 일부 매도했습니다."", ""like_count"": 0, ""unlike_count"": 0, ""score"": 0, ""author_badges"": [""상위 수익자"", ""자산가""]}, {""post_id"": 3248, ""anonymous_code"": ""곰-1801"", ""post_type"": ""trade_share"", ""title"": ""[매도 거래 공유] 삼성전자 일부 매도"", ""like_count"": 0, ""unlike_count"": 0, ""score"": 0, ""author_badges"": [""상위 수익자"", ""자산가""]}, {""post_id"": 3249, ""anonymous_code"": ""코끼리-6457"", ""post_type"": ""analysis"", ""title"": ""삼성전자 기술적 상승과 노조 파업 리스크: 신중한 접근이 필요합니다."", ""like_count"": 2, ""unlike_count"": 0, ""score"": 2, ""author_badges"": [""상위 수익자"", ""자산가""]}, {""post_id"": 3250, ""anonymous_code"": ""늑대-8884"", ""post_type"": ""trade_share"", ""title"": ""오늘 삼성전자 매도했습니다"", ""like_count"": 1, ""unlike_count"": 0, ""score"": 1, ""author_badges"": [""커뮤니티 인플루언서""]}, {""post_id"": 3252, ""anonymous_code"": ""독수리-4082"", ""post_type"": ""trade_share"", ""title"": ""오늘 삼성전자 일부 매도했습니다."", ""like_count"": 0, ""unlike_count"": 0, ""score"": 0, ""author_badges"": [""커뮤니티 인플루언서""]}, {""post_id"": 3253, ""anonymous_code"": ""돌고래-5489"", ""post_type"": ""trade_share"", ""title"": ""삼성전자 추가 매수했습니다!"", ""like_count"": 0, ""unlike_count"": 3, ""score"": -3, ""author_badges"": [""상위 수익자"", ""자산가""]}, {""post_id"": 3254, ""anonymous_code"": ""펭귄-3788"", ""post_type"": ""trade_share"", ""title"": ""파업 리스크 속 소신 있는 매도"", ""like_count"": 2, ""unlike_count"": 0, ""score"": 2, ""author_badges"": [""상위 수익자"", ""자산가""]}, {""post_id"": 3255, ""anonymous_code"": ""사자-8665"", ""post_type"": ""trade_share"", ""title"": ""오늘 삼성전자 매도 거래 공유합니다"", ""like_count"": 0, ""unlike_count"": 0, ""score"": 0, ""author_badges"": [""상위 수익자"", ""자산가""]}, {""post_id"": 3256, ""anonymous_code"": ""코끼리-2877"", ""post_type"": ""trade_share"", ""title"": ""오늘 삼성전자 추가 매수했습니다!"", ""like_count"": 0, ""unlike_count"": 0, ""score"": 0, ""author_badges"": []}, {""post_id"": 3257, ""anonymous_code"": ""사자-5895"", ""post_type"": ""trade_share"", ""title"": ""[매도] 삼성전자 일부 매도 후 현금 확보"", ""like_count"": 0, ""unlike_count"": 0, ""score"": 0, ""author_badges"": []}, {""post_id"": 3258, ""anonymous_code"": ""사자-5055"", ""post_type"": ""trade_share"", ""title"": ""오늘 삼성전자 일부 매도했습니다."", ""like_count"": 0, ""unlike_count"": 0, ""score"": 0, ""author_badges"": []}, {""post_id"": 3259, ""anonymous_code"": ""황소-8760"", ""post_type"": ""trade_share"", ""title"": ""오늘 삼성전자 매수했습니다!"", ""like_count"": 0, ""unlike_count"": 0, ""score"": 0, ""author_badges"": []}, {""post_id"": 3260, ""anonymous_code"": ""곰-9761"", ""post_type"": ""analysis"", ""title"": ""노조 파업 리스크에 대한 신중한 접근 필요"", ""like_count"": 3, ""unlike_count"": 0, ""score"": 3, ""author_badges"": []}, {""post_id"": 3261, ""anonymous_code"": ""곰-1911"", ""post_type"": ""trade_share"", ""title"": ""오늘 삼성전자 매수했습니다!"", ""like_count"": 0, ""unlike_count"": 0, ""score"": 0, ""author_badges"": [""커뮤니티 인플루언서""]}, {""post_id"": 3262, ""anonymous_code"": ""돌고래-5159"", ""post_type"": ""trade_share"", ""title"": ""[매도 거래 공유] 삼성전자 일부 매도했습니다."", ""like_count"": 0, ""unlike_count"": 0, ""score"": 0, ""author_badges"": []}, {""post_id"": 3263, ""anonymous_code"": ""독수리-8072"", ""post_type"": ""trade_share"", ""title"": ""오늘 삼성전자 일부 매도했습니다"", ""like_count"": 0, ""unlike_count"": 0, ""score"": 0, ""author_badges"": []}, {""post_id"": 3264, ""anonymous_code"": ""늑대-4264"", ""post_type"": ""analysis"", ""title"": ""삼성전자, 노조 파업 리스크 속에서도 기술적 지지선은 여전히 긍정적"", ""like_count"": 0, ""unlike_count"": 0, ""score"": 0, ""author_badges"": []}, {""post_id"": 3265, ""anonymous_code"": ""여우-2283"", ""post_type"": ""trade_share"", ""title"": ""오늘 삼성전자 소폭 매도했습니다."", ""like_count"": 0, ""unlike_count"": 0, ""score"": 0, ""author_badges"": []}]"
chunk_009_2026-04-27_2026-05-04,2026-04-27,2,A010,1,5,19,"[3246, 3247, 3248, 3249, 3250, 3251, 3252, 3253, 3255, 3256, 3257, 3258, 3259, 3260, 3261, 3262, 3263, 3264, 3265]","[{""post_id"": 3246, ""anonymous_code"": ""호랑이-8886"", ""post_type"": ""trade_share"", ""title"": ""오늘 삼성전자 전량 매도했습니다."", ""like_count"": 0, ""unlike_count"": 1, ""score"": -1, ""author_badges"": [""커뮤니티 인플루언서""]}, {""post_id"": 3247, ""anonymous_code"": ""황소-9750"", ""post_type"": ""trade_share"", ""title"": ""오늘 삼성전자 일부 매도했습니다."", ""like_count"": 0, ""unlike_count"": 0, ""score"": 0, ""author_badges"": [""상위 수익자"", ""자산가""]}, {""post_id"": 3248, ""anonymous_code"": ""곰-1801"", ""post_type"": ""trade_share"", ""title"": ""[매도 거래 공유] 삼성전자 일부 매도"", ""like_count"": 0, ""unlike_count"": 0, ""score"": 0, ""author_badges"": [""상위 수익자"", ""자산가""]}, {""post_id"": 3249, ""anonymous_code"": ""코끼리-6457"", ""post_type"": ""analysis"", ""title"": ""삼성전자 기술적 상승과 노조 파업 리스크: 신중한 접근이 필요합니다."", ""like_count"": 3, ""unlike_count"": 0, ""score"": 3, ""author_badges"": [""상위 수익자"", ""자산가""]}, {""post_id"": 3250, ""anonymous_code"": ""늑대-8884"", ""post_type"": ""trade_share"", ""title"": ""오늘 삼성전자 매도했습니다"", ""like_count"": 1, ""unlike_count"": 0, ""score"": 1, ""author_badges"": [""커뮤니티 인플루언서""]}, {""post_id"": 3251, ""anonymous_code"": ""여우-7933"", ""post_type"": ""trade_share"", ""title"": ""오늘 삼성전자 일부 매도했습니다."", ""like_count"": 0, ""unlike_count"": 0, ""score"": 0, ""author_badges"": []}, {""post_id"": 3252, ""anonymous_code"": ""독수리-4082"", ""post_type"": ""trade_share"", ""title"": ""오늘 삼성전자 일부 매도했습니다."", ""like_count"": 0, ""unlike_count"": 0, ""score"": 0, ""author_badges"": [""커뮤니티 인플루언서""]}, {""post_id"": 3253, ""anonymous_code"": ""돌고래-5489"", ""post_type"": ""trade_share"", ""title"": ""삼성전자 추가 매수했습니다!"", ""like_count"": 0, ""unlike_count"": 3, ""score"": -3, ""author_badges"": [""상위 수익자"", ""자산가""]}, {""post_id"": 3255, ""anonymous_code"": ""사자-8665"", ""post_type"": ""trade_share"", ""title"": ""오늘 삼성전자 매도 거래 공유합니다"", ""like_count"": 0, ""unlike_count"": 0, ""score"": 0, ""author_badges"": [""상위 수익자"", ""자산가""]}, {""post_id"": 3256, ""anonymous_code"": ""코끼리-2877"", ""post_type"": ""trade_share"", ""title"": ""오늘 삼성전자 추가 매수했습니다!"", ""like_count"": 0, ""unlike_count"": 0, ""score"": 0, ""author_badges"": []}, {""post_id"": 3257, ""anonymous_code"": ""사자-5895"", ""post_type"": ""trade_share"", ""title"": ""[매도] 삼성전자 일부 매도 후 현금 확보"", ""like_count"": 0, ""unlike_count"": 0, ""score"": 0, ""author_badges"": []}, {""post_id"": 3258, ""anonymous_code"": ""사자-5055"", ""post_type"": ""trade_share"", ""title"": ""오늘 삼성전자 일부 매도했습니다."", ""like_count"": 0, ""unlike_count"": 0, ""score"": 0, ""author_badges"": []}, {""post_id"": 3259, ""anonymous_code"": ""황소-8760"", ""post_type"": ""trade_share"", ""title"": ""오늘 삼성전자 매수했습니다!"", ""like_count"": 0, ""unlike_count"": 0, ""score"": 0, ""author_badges"": []}, {""post_id"": 3260, ""anonymous_code"": ""곰-9761"", ""post_type"": ""analysis"", ""title"": ""노조 파업 리스크에 대한 신중한 접근 필요"", ""like_count"": 3, ""unlike_count"": 1, ""score"": 2, ""author_badges"": []}, {""post_id"": 3261, ""anonymous_code"": ""곰-1911"", ""post_type"": ""trade_share"", ""title"": ""오늘 삼성전자 매수했습니다!"", ""like_count"": 0, ""unlike_count"": 0, ""score"": 0, ""author_badges"": [""커뮤니티 인플루언서""]}, {""post_id"": 3262, ""anonymous_code"": ""돌고래-5159"", ""post_type"": ""trade_share"", ""title"": ""[매도 거래 공유] 삼성전자 일부 매도했습니다."", ""like_count"": 0, ""unlike_count"": 0, ""score"": 0, ""author_badges"": []}, {""post_id"": 3263, ""anonymous_code"": ""독수리-8072"", ""post_type"": ""trade_share"", ""title"": ""오늘 삼성전자 일부 매도했습니다"", ""like_count"": 0, ""unlike_count"": 0, ""score"": 0, ""author_badges"": []}, {""post_id"": 3264, ""anonymous_code"": ""늑대-4264"", ""post_type"": ""analysis"", ""title"": ""삼성전자, 노조 파업 리스크 속에서도 기술적 지지선은 여전히 긍정적"", ""like_count"": 0, ""unlike_count"": 0, ""score"": 0, ""author_badges"": []}, {""post_id"": 3265, ""anonymous_code"": ""여우-2283"", ""post_type"": ""trade_share"", ""title"": ""오늘 삼성전자 소폭 매도했습니다."", ""like_count"": 0, ""unlike_count"": 0, ""score"": 0, ""author_badges"": []}]"
chunk_009_2026-04-27_2026-05-04,2026-04-27,2,A011,1,5,19,"[3246, 3247, 3248, 3249, 3250, 3251, 3252, 3254, 3255, 3256, 3257, 3258, 3259, 3260, 3261, 3262, 3263, 3264, 3265]","[{""post_id"": 3246, ""anonymous_code"": ""호랑이-8886"", ""post_type"": ""trade_share"", ""title"": ""오늘 삼성전자 전량 매도했습니다."", ""like_count"": 0, ""unlike_count"": 1, ""score"": -1, ""author_badges"": [""커뮤니티 인플루언서""]}, {""post_id"": 3247, ""anonymous_code"": ""황소-9750"", ""post_type"": ""trade_share"", ""title"": ""오늘 삼성전자 일부 매도했습니다."", ""like_count"": 0, ""unlike_count"": 0, ""score"": 0, ""author_badges"": [""상위 수익자"", ""자산가""]}, {""post_id"": 3248, ""anonymous_code"": ""곰-1801"", ""post_type"": ""trade_share"", ""title"": ""[매도 거래 공유] 삼성전자 일부 매도"", ""like_count"": 0, ""unlike_count"": 0, ""score"": 0, ""author_badges"": [""상위 수익자"", ""자산가""]}, {""post_id"": 3249, ""anonymous_code"": ""코끼리-6457"", ""post_type"": ""analysis"", ""title"": ""삼성전자 기술적 상승과 노조 파업 리스크: 신중한 접근이 필요합니다."", ""like_count"": 4, ""unlike_count"": 0, ""score"": 4, ""author_badges"": [""상위 수익자"", ""자산가""]}, {""post_id"": 3250, ""anonymous_code"": ""늑대-8884"", ""post_type"": ""trade_share"", ""title"": ""오늘 삼성전자 매도했습니다"", ""like_count"": 1, ""unlike_count"": 0, ""score"": 1, ""author_badges"": [""커뮤니티 인플루언서""]}, {""post_id"": 3251, ""anonymous_code"": ""여우-7933"", ""post_type"": ""trade_share"", ""title"": ""오늘 삼성전자 일부 매도했습니다."", ""like_count"": 0, ""unlike_count"": 0, ""score"": 0, ""author_badges"": []}, {""post_id"": 3252, ""anonymous_code"": ""독수리-4082"", ""post_type"": ""trade_share"", ""title"": ""오늘 삼성전자 일부 매도했습니다."", ""like_count"": 0, ""unlike_count"": 0, ""score"": 0, ""author_badges"": [""커뮤니티 인플루언서""]}, {""post_id"": 3254, ""anonymous_code"": ""펭귄-3788"", ""post_type"": ""trade_share"", ""title"": ""파업 리스크 속 소신 있는 매도"", ""like_count"": 3, ""unlike_count"": 1, ""score"": 2, ""author_badges"": [""상위 수익자"", ""자산가""]}, {""post_id"": 3255, ""anonymous_code"": ""사자-8665"", ""post_type"": ""trade_share"", ""title"": ""오늘 삼성전자 매도 거래 공유합니다"", ""like_count"": 0, ""unlike_count"": 0, ""score"": 0, ""author_badges"": [""상위 수익자"", ""자산가""]}, {""post_id"": 3256, ""anonymous_code"": ""코끼리-2877"", ""post_type"": ""trade_share"", ""title"": ""오늘 삼성전자 추가 매수했습니다!"", ""like_count"": 0, ""unlike_count"": 0, ""score"": 0, ""author_badges"": []}, {""post_id"": 3257, ""anonymous_code"": ""사자-5895"", ""post_type"": ""trade_share"", ""title"": ""[매도] 삼성전자 일부 매도 후 현금 확보"", ""like_count"": 0, ""unlike_count"": 0, ""score"": 0, ""author_badges"": []}, {""post_id"": 3258, ""anonymous_code"": ""사자-5055"", ""post_type"": ""trade_share"", ""title"": ""오늘 삼성전자 일부 매도했습니다."", ""like_count"": 0, ""unlike_count"": 0, ""score"": 0, ""author_badges"": []}, {""post_id"": 3259, ""anonymous_code"": ""황소-8760"", ""post_type"": ""trade_share"", ""title"": ""오늘 삼성전자 매수했습니다!"", ""like_count"": 0, ""unlike_count"": 0, ""score"": 0, ""author_badges"": []}, {""post_id"": 3260, ""anonymous_code"": ""곰-9761"", ""post_type"": ""analysis"", ""title"": ""노조 파업 리스크에 대한 신중한 접근 필요"", ""like_count"": 4, ""unlike_count"": 1, ""score"": 3, ""author_badges"": []}, {""post_id"": 3261, ""anonymous_code"": ""곰-1911"", ""post_type"": ""trade_share"", ""title"": ""오늘 삼성전자 매수했습니다!"", ""like_count"": 0, ""unlike_count"": 0, ""score"": 0, ""author_badges"": [""커뮤니티 인플루언서""]}, {""post_id"": 3262, ""anonymous_code"": ""돌고래-5159"", ""post_type"": ""trade_share"", ""title"": ""[매도 거래 공유] 삼성전자 일부 매도했습니다."", ""like_count"": 0, ""unlike_count"": 0, ""score"": 0, ""author_badges"": []}, {""post_id"": 3263, ""anonymous_code"": ""독수리-8072"", ""post_type"": ""trade_share"", ""title"": ""오늘 삼성전자 일부 매도했습니다"", ""like_count"": 0, ""unlike_count"": 0, ""score"": 0, ""author_badges"": []}, {""post_id"": 3264, ""anonymous_code"": ""늑대-4264"", ""post_type"": ""analysis"", ""title"": ""삼성전자, 노조 파업 리스크 속에서도 기술적 지지선은 여전히 긍정적"", ""like_count"": 1, ""unlike_count"": 0, ""score"": 1, ""author_badges"": []}, {""post_id"": 3265, ""anonymous_code"": ""여우-2283"", ""post_type"": ""trade_share"", ""title"": ""오늘 삼성전자 소폭 매도했습니다."", ""like_count"": 0, ""unlike_count"": 0, ""score"": 0, ""author_badges"": []}]"
chunk_009_2026-04-27_2026-05-04,2026-04-27,2,A012,1,5,19,"[3246, 3247, 3248, 3249, 3250, 3251, 3252, 3253, 3254, 3256, 3257, 3258, 3259, 3260, 3261, 3262, 3263, 3264, 3265]","[{""post_id"": 3246, ""anonymous_code"": ""호랑이-8886"", ""post_type"": ""trade_share"", ""title"": ""오늘 삼성전자 전량 매도했습니다."", ""like_count"": 0, ""unlike_count"": 1, ""score"": -1, ""author_badges"": [""커뮤니티 인플루언서""]}, {""post_id"": 3247, ""anonymous_code"": ""황소-9750"", ""post_type"": ""trade_share"", ""title"": ""오늘 삼성전자 일부 매도했습니다."", ""like_count"": 0, ""unlike_count"": 0, ""score"": 0, ""author_badges"": [""상위 수익자"", ""자산가""]}, {""post_id"": 3248, ""anonymous_code"": ""곰-1801"", ""post_type"": ""trade_share"", ""title"": ""[매도 거래 공유] 삼성전자 일부 매도"", ""like_count"": 0, ""unlike_count"": 0, ""score"": 0, ""author_badges"": [""상위 수익자"", ""자산가""]}, {""post_id"": 3249, ""anonymous_code"": ""코끼리-6457"", ""post_type"": ""analysis"", ""title"": ""삼성전자 기술적 상승과 노조 파업 리스크: 신중한 접근이 필요합니다."", ""like_count"": 5, ""unlike_count"": 0, ""score"": 5, ""author_badges"": [""상위 수익자"", ""자산가""]}, {""post_id"": 3250, ""anonymous_code"": ""늑대-8884"", ""post_type"": ""trade_share"", ""title"": ""오늘 삼성전자 매도했습니다"", ""like_count"": 1, ""unlike_count"": 0, ""score"": 1, ""author_badges"": [""커뮤니티 인플루언서""]}, {""post_id"": 3251, ""anonymous_code"": ""여우-7933"", ""post_type"": ""trade_share"", ""title"": ""오늘 삼성전자 일부 매도했습니다."", ""like_count"": 0, ""unlike_count"": 0, ""score"": 0, ""author_badges"": []}, {""post_id"": 3252, ""anonymous_code"": ""독수리-4082"", ""post_type"": ""trade_share"", ""title"": ""오늘 삼성전자 일부 매도했습니다."", ""like_count"": 0, ""unlike_count"": 0, ""score"": 0, ""author_badges"": [""커뮤니티 인플루언서""]}, {""post_id"": 3253, ""anonymous_code"": ""돌고래-5489"", ""post_type"": ""trade_share"", ""title"": ""삼성전자 추가 매수했습니다!"", ""like_count"": 0, ""unlike_count"": 4, ""score"": -4, ""author_badges"": [""상위 수익자"", ""자산가""]}, {""post_id"": 3254, ""anonymous_code"": ""펭귄-3788"", ""post_type"": ""trade_share"", ""title"": ""파업 리스크 속 소신 있는 매도"", ""like_count"": 4, ""unlike_count"": 1, ""score"": 3, ""author_badges"": [""상위 수익자"", ""자산가""]}, {""post_id"": 3256, ""anonymous_code"": ""코끼리-2877"", ""post_type"": ""trade_share"", ""title"": ""오늘 삼성전자 추가 매수했습니다!"", ""like_count"": 0, ""unlike_count"": 0, ""score"": 0, ""author_badges"": []}, {""post_id"": 3257, ""anonymous_code"": ""사자-5895"", ""post_type"": ""trade_share"", ""title"": ""[매도] 삼성전자 일부 매도 후 현금 확보"", ""like_count"": 0, ""unlike_count"": 0, ""score"": 0, ""author_badges"": []}, {""post_id"": 3258, ""anonymous_code"": ""사자-5055"", ""post_type"": ""trade_share"", ""title"": ""오늘 삼성전자 일부 매도했습니다."", ""like_count"": 0, ""unlike_count"": 0, ""score"": 0, ""author_badges"": []}, {""post_id"": 3259, ""anonymous_code"": ""황소-8760"", ""post_type"": ""trade_share"", ""title"": ""오늘 삼성전자 매수했습니다!"", ""like_count"": 0, ""unlike_count"": 0, ""score"": 0, ""author_badges"": []}, {""post_id"": 3260, ""anonymous_code"": ""곰-9761"", ""post_type"": ""analysis"", ""title"": ""노조 파업 리스크에 대한 신중한 접근 필요"", ""like_count"": 4, ""unlike_count"": 2, ""score"": 2, ""author_badges"": []}, {""post_id"": 3261, ""anonymous_code"": ""곰-1911"", ""post_type"": ""trade_share"", ""title"": ""오늘 삼성전자 매수했습니다!"", ""like_count"": 0, ""unlike_count"": 0, ""score"": 0, ""author_badges"": [""커뮤니티 인플루언서""]}, {""post_id"": 3262, ""anonymous_code"": ""돌고래-5159"", ""post_type"": ""trade_share"", ""title"": ""[매도 거래 공유] 삼성전자 일부 매도했습니다."", ""like_count"": 0, ""unlike_count"": 0, ""score"": 0, ""author_badges"": []}, {""post_id"": 3263, ""anonymous_code"": ""독수리-8072"", ""post_type"": ""trade_share"", ""title"": ""오늘 삼성전자 일부 매도했습니다"", ""like_count"": 0, ""unlike_count"": 0, ""score"": 0, ""author_badges"": []}, {""post_id"": 3264, ""anonymous_code"": ""늑대-4264"", ""post_type"": ""analysis"", ""title"": ""삼성전자, 노조 파업 리스크 속에서도 기술적 지지선은 여전히 긍정적"", ""like_count"": 1, ""unlike_count"": 0, ""score"": 1, ""author_badges"": []}, {""post_id"": 3265, ""anonymous_code"": ""여우-2283"", ""post_type"": ""trade_share"", ""title"": ""오늘 삼성전자 소폭 매도했습니다."", ""like_count"": 0, ""unlike_count"": 0, ""score"": 0, ""author_badges"": []}]"
chunk_009_2026-04-27_2026-05-04,2026-04-27,2,A013,1,5,19,"[3246, 3247, 3248, 3249, 3250, 3251, 3252, 3253, 3254, 3255, 3256, 3258, 3259, 3260, 3261, 3262, 3263, 3264, 3265]","[{""post_id"": 3246, ""anonymous_code"": ""호랑이-8886"", ""post_type"": ""trade_share"", ""title"": ""오늘 삼성전자 전량 매도했습니다."", ""like_count"": 0, ""unlike_count"": 2, ""score"": -2, ""author_badges"": [""커뮤니티 인플루언서""]}, {""post_id"": 3247, ""anonymous_code"": ""황소-9750"", ""post_type"": ""trade_share"", ""title"": ""오늘 삼성전자 일부 매도했습니다."", ""like_count"": 0, ""unlike_count"": 0, ""score"": 0, ""author_badges"": [""상위 수익자"", ""자산가""]}, {""post_id"": 3248, ""anonymous_code"": ""곰-1801"", ""post_type"": ""trade_share"", ""title"": ""[매도 거래 공유] 삼성전자 일부 매도"", ""like_count"": 0, ""unlike_count"": 0, ""score"": 0, ""author_badges"": [""상위 수익자"", ""자산가""]}, {""post_id"": 3249, ""anonymous_code"": ""코끼리-6457"", ""post_type"": ""analysis"", ""title"": ""삼성전자 기술적 상승과 노조 파업 리스크: 신중한 접근이 필요합니다."", ""like_count"": 6, ""unlike_count"": 0, ""score"": 6, ""author_badges"": [""상위 수익자"", ""자산가""]}, {""post_id"": 3250, ""anonymous_code"": ""늑대-8884"", ""post_type"": ""trade_share"", ""title"": ""오늘 삼성전자 매도했습니다"", ""like_count"": 1, ""unlike_count"": 0, ""score"": 1, ""author_badges"": [""커뮤니티 인플루언서""]}, {""post_id"": 3251, ""anonymous_code"": ""여우-7933"", ""post_type"": ""trade_share"", ""title"": ""오늘 삼성전자 일부 매도했습니다."", ""like_count"": 0, ""unlike_count"": 0, ""score"": 0, ""author_badges"": []}, {""post_id"": 3252, ""anonymous_code"": ""독수리-4082"", ""post_type"": ""trade_share"", ""title"": ""오늘 삼성전자 일부 매도했습니다."", ""like_count"": 0, ""unlike_count"": 0, ""score"": 0, ""author_badges"": [""커뮤니티 인플루언서""]}, {""post_id"": 3253, ""anonymous_code"": ""돌고래-5489"", ""post_type"": ""trade_share"", ""title"": ""삼성전자 추가 매수했습니다!"", ""like_count"": 0, ""unlike_count"": 4, ""score"": -4, ""author_badges"": [""상위 수익자"", ""자산가""]}, {""post_id"": 3254, ""anonymous_code"": ""펭귄-3788"", ""post_type"": ""trade_share"", ""title"": ""파업 리스크 속 소신 있는 매도"", ""like_count"": 5, ""unlike_count"": 1, ""score"": 4, ""author_badges"": [""상위 수익자"", ""자산가""]}, {""post_id"": 3255, ""anonymous_code"": ""사자-8665"", ""post_type"": ""trade_share"", ""title"": ""오늘 삼성전자 매도 거래 공유합니다"", ""like_count"": 0, ""unlike_count"": 0, ""score"": 0, ""author_badges"": [""상위 수익자"", ""자산가""]}, {""post_id"": 3256, ""anonymous_code"": ""코끼리-2877"", ""post_type"": ""trade_share"", ""title"": ""오늘 삼성전자 추가 매수했습니다!"", ""like_count"": 0, ""unlike_count"": 0, ""score"": 0, ""author_badges"": []}, {""post_id"": 3258, ""anonymous_code"": ""사자-5055"", ""post_type"": ""trade_share"", ""title"": ""오늘 삼성전자 일부 매도했습니다."", ""like_count"": 0, ""unlike_count"": 0, ""score"": 0, ""author_badges"": []}, {""post_id"": 3259, ""anonymous_code"": ""황소-8760"", ""post_type"": ""trade_share"", ""title"": ""오늘 삼성전자 매수했습니다!"", ""like_count"": 0, ""unlike_count"": 0, ""score"": 0, ""author_badges"": []}, {""post_id"": 3260, ""anonymous_code"": ""곰-9761"", ""post_type"": ""analysis"", ""title"": ""노조 파업 리스크에 대한 신중한 접근 필요"", ""like_count"": 5, ""unlike_count"": 2, ""score"": 3, ""author_badges"": []}, {""post_id"": 3261, ""anonymous_code"": ""곰-1911"", ""post_type"": ""trade_share"", ""title"": ""오늘 삼성전자 매수했습니다!"", ""like_count"": 0, ""unlike_count"": 0, ""score"": 0, ""author_badges"": [""커뮤니티 인플루언서""]}, {""post_id"": 3262, ""anonymous_code"": ""돌고래-5159"", ""post_type"": ""trade_share"", ""title"": ""[매도 거래 공유] 삼성전자 일부 매도했습니다."", ""like_count"": 0, ""unlike_count"": 0, ""score"": 0, ""author_badges"": []}, {""post_id"": 3263, ""anonymous_code"": ""독수리-8072"", ""post_type"": ""trade_share"", ""title"": ""오늘 삼성전자 일부 매도했습니다"", ""like_count"": 0, ""unlike_count"": 0, ""score"": 0, ""author_badges"": []}, {""post_id"": 3264, ""anonymous_code"": ""늑대-4264"", ""post_type"": ""analysis"", ""title"": ""삼성전자, 노조 파업 리스크 속에서도 기술적 지지선은 여전히 긍정적"", ""like_count"": 1, ""unlike_count"": 0, ""score"": 1, ""author_badges"": []}, {""post_id"": 3265, ""anonymous_code"": ""여우-2283"", ""post_type"": ""trade_share"", ""title"": ""오늘 삼성전자 소폭 매도했습니다."", ""like_count"": 0, ""unlike_count"": 0, ""score"": 0, ""author_badges"": []}]"
chunk_009_2026-04-27_2026-05-04,2026-04-27,2,A014,1,5,19,"[3246, 3247, 3248, 3249, 3250, 3251, 3252, 3253, 3254, 3255, 3257, 3258, 3259, 3260, 3261, 3262, 3263, 3264, 3265]","[{""post_id"": 3246, ""anonymous_code"": ""호랑이-8886"", ""post_type"": ""trade_share"", ""title"": ""오늘 삼성전자 전량 매도했습니다."", ""like_count"": 0, ""unlike_count"": 3, ""score"": -3, ""author_badges"": [""커뮤니티 인플루언서""]}, {""post_id"": 3247, ""anonymous_code"": ""황소-9750"", ""post_type"": ""trade_share"", ""title"": ""오늘 삼성전자 일부 매도했습니다."", ""like_count"": 0, ""unlike_count"": 0, ""score"": 0, ""author_badges"": [""상위 수익자"", ""자산가""]}, {""post_id"": 3248, ""anonymous_code"": ""곰-1801"", ""post_type"": ""trade_share"", ""title"": ""[매도 거래 공유] 삼성전자 일부 매도"", ""like_count"": 0, ""unlike_count"": 0, ""score"": 0, ""author_badges"": [""상위 수익자"", ""자산가""]}, {""post_id"": 3249, ""anonymous_code"": ""코끼리-6457"", ""post_type"": ""analysis"", ""title"": ""삼성전자 기술적 상승과 노조 파업 리스크: 신중한 접근이 필요합니다."", ""like_count"": 7, ""unlike_count"": 0, ""score"": 7, ""author_badges"": [""상위 수익자"", ""자산가""]}, {""post_id"": 3250, ""anonymous_code"": ""늑대-8884"", ""post_type"": ""trade_share"", ""title"": ""오늘 삼성전자 매도했습니다"", ""like_count"": 1, ""unlike_count"": 0, ""score"": 1, ""author_badges"": [""커뮤니티 인플루언서""]}, {""post_id"": 3251, ""anonymous_code"": ""여우-7933"", ""post_type"": ""trade_share"", ""title"": ""오늘 삼성전자 일부 매도했습니다."", ""like_count"": 0, ""unlike_count"": 0, ""score"": 0, ""author_badges"": []}, {""post_id"": 3252, ""anonymous_code"": ""독수리-4082"", ""post_type"": ""trade_share"", ""title"": ""오늘 삼성전자 일부 매도했습니다."", ""like_count"": 0, ""unlike_count"": 0, ""score"": 0, ""author_badges"": [""커뮤니티 인플루언서""]}, {""post_id"": 3253, ""anonymous_code"": ""돌고래-5489"", ""post_type"": ""trade_share"", ""title"": ""삼성전자 추가 매수했습니다!"", ""like_count"": 0, ""unlike_count"": 4, ""score"": -4, ""author_badges"": [""상위 수익자"", ""자산가""]}, {""post_id"": 3254, ""anonymous_code"": ""펭귄-3788"", ""post_type"": ""trade_share"", ""title"": ""파업 리스크 속 소신 있는 매도"", ""like_count"": 6, ""unlike_count"": 1, ""score"": 5, ""author_badges"": [""상위 수익자"", ""자산가""]}, {""post_id"": 3255, ""anonymous_code"": ""사자-8665"", ""post_type"": ""trade_share"", ""title"": ""오늘 삼성전자 매도 거래 공유합니다"", ""like_count"": 0, ""unlike_count"": 0, ""score"": 0, ""author_badges"": [""상위 수익자"", ""자산가""]}, {""post_id"": 3257, ""anonymous_code"": ""사자-5895"", ""post_type"": ""trade_share"", ""title"": ""[매도] 삼성전자 일부 매도 후 현금 확보"", ""like_count"": 0, ""unlike_count"": 0, ""score"": 0, ""author_badges"": []}, {""post_id"": 3258, ""anonymous_code"": ""사자-5055"", ""post_type"": ""trade_share"", ""title"": ""오늘 삼성전자 일부 매도했습니다."", ""like_count"": 0, ""unlike_count"": 0, ""score"": 0, ""author_badges"": []}, {""post_id"": 3259, ""anonymous_code"": ""황소-8760"", ""post_type"": ""trade_share"", ""title"": ""오늘 삼성전자 매수했습니다!"", ""like_count"": 0, ""unlike_count"": 0, ""score"": 0, ""author_badges"": []}, {""post_id"": 3260, ""anonymous_code"": ""곰-9761"", ""post_type"": ""analysis"", ""title"": ""노조 파업 리스크에 대한 신중한 접근 필요"", ""like_count"": 6, ""unlike_count"": 2, ""score"": 4, ""author_badges"": []}, {""post_id"": 3261, ""anonymous_code"": ""곰-1911"", ""post_type"": ""trade_share"", ""title"": ""오늘 삼성전자 매수했습니다!"", ""like_count"": 0, ""unlike_count"": 0, ""score"": 0, ""author_badges"": [""커뮤니티 인플루언서""]}, {""post_id"": 3262, ""anonymous_code"": ""돌고래-5159"", ""post_type"": ""trade_share"", ""title"": ""[매도 거래 공유] 삼성전자 일부 매도했습니다."", ""like_count"": 0, ""unlike_count"": 0, ""score"": 0, ""author_badges"": []}, {""post_id"": 3263, ""anonymous_code"": ""독수리-8072"", ""post_type"": ""trade_share"", ""title"": ""오늘 삼성전자 일부 매도했습니다"", ""like_count"": 0, ""unlike_count"": 0, ""score"": 0, ""author_badges"": []}, {""post_id"": 3264, ""anonymous_code"": ""늑대-4264"", ""post_type"": ""analysis"", ""title"": ""삼성전자, 노조 파업 리스크 속에서도 기술적 지지선은 여전히 긍정적"", ""like_count"": 1, ""unlike_count"": 0, ""score"": 1, ""author_badges"": []}, {""post_id"": 3265, ""anonymous_code"": ""여우-2283"", ""post_type"": ""trade_share"", ""title"": ""오늘 삼성전자 소폭 매도했습니다."", ""like_count"": 0, ""unlike_count"": 0, ""score"": 0, ""author_badges"": []}]"
chunk_009_2026-04-27_2026-05-04,2026-04-27,2,A015,2,10,19,"[3246, 3247, 3248, 3249, 3250, 3251, 3252, 3253, 3254, 3255, 3256, 3257, 3259, 3260, 3261, 3262, 3263, 3264, 3265]","[{""post_id"": 3246, ""anonymous_code"": ""호랑이-8886"", ""post_type"": ""trade_share"", ""title"": ""오늘 삼성전자 전량 매도했습니다."", ""like_count"": 0, ""unlike_count"": 3, ""score"": -3, ""author_badges"": [""커뮤니티 인플루언서""]}, {""post_id"": 3247, ""anonymous_code"": ""황소-9750"", ""post_type"": ""trade_share"", ""title"": ""오늘 삼성전자 일부 매도했습니다."", ""like_count"": 0, ""unlike_count"": 0, ""score"": 0, ""author_badges"": [""상위 수익자"", ""자산가""]}, {""post_id"": 3248, ""anonymous_code"": ""곰-1801"", ""post_type"": ""trade_share"", ""title"": ""[매도 거래 공유] 삼성전자 일부 매도"", ""like_count"": 0, ""unlike_count"": 0, ""score"": 0, ""author_badges"": [""상위 수익자"", ""자산가""]}, {""post_id"": 3249, ""anonymous_code"": ""코끼리-6457"", ""post_type"": ""analysis"", ""title"": ""삼성전자 기술적 상승과 노조 파업 리스크: 신중한 접근이 필요합니다."", ""like_count"": 8, ""unlike_count"": 0, ""score"": 8, ""author_badges"": [""상위 수익자"", ""자산가""]}, {""post_id"": 3250, ""anonymous_code"": ""늑대-8884"", ""post_type"": ""trade_share"", ""title"": ""오늘 삼성전자 매도했습니다"", ""like_count"": 1, ""unlike_count"": 0, ""score"": 1, ""author_badges"": [""커뮤니티 인플루언서""]}, {""post_id"": 3251, ""anonymous_code"": ""여우-7933"", ""post_type"": ""trade_share"", ""title"": ""오늘 삼성전자 일부 매도했습니다."", ""like_count"": 0, ""unlike_count"": 0, ""score"": 0, ""author_badges"": []}, {""post_id"": 3252, ""anonymous_code"": ""독수리-4082"", ""post_type"": ""trade_share"", ""title"": ""오늘 삼성전자 일부 매도했습니다."", ""like_count"": 0, ""unlike_count"": 0, ""score"": 0, ""author_badges"": [""커뮤니티 인플루언서""]}, {""post_id"": 3253, ""anonymous_code"": ""돌고래-5489"", ""post_type"": ""trade_share"", ""title"": ""삼성전자 추가 매수했습니다!"", ""like_count"": 0, ""unlike_count"": 5, ""score"": -5, ""author_badges"": [""상위 수익자"", ""자산가""]}, {""post_id"": 3254, ""anonymous_code"": ""펭귄-3788"", ""post_type"": ""trade_share"", ""title"": ""파업 리스크 속 소신 있는 매도"", ""like_count"": 6, ""unlike_count"": 1, ""score"": 5, ""author_badges"": [""상위 수익자"", ""자산가""]}, {""post_id"": 3255, ""anonymous_code"": ""사자-8665"", ""post_type"": ""trade_share"", ""title"": ""오늘 삼성전자 매도 거래 공유합니다"", ""like_count"": 0, ""unlike_count"": 0, ""score"": 0, ""author_badges"": [""상위 수익자"", ""자산가""]}, {""post_id"": 3256, ""anonymous_code"": ""코끼리-2877"", ""post_type"": ""trade_share"", ""title"": ""오늘 삼성전자 추가 매수했습니다!"", ""like_count"": 0, ""unlike_count"": 0, ""score"": 0, ""author_badges"": []}, {""post_id"": 3257, ""anonymous_code"": ""사자-5895"", ""post_type"": ""trade_share"", ""title"": ""[매도] 삼성전자 일부 매도 후 현금 확보"", ""like_count"": 0, ""unlike_count"": 0, ""score"": 0, ""author_badges"": []}, {""post_id"": 3259, ""anonymous_code"": ""황소-8760"", ""post_type"": ""trade_share"", ""title"": ""오늘 삼성전자 매수했습니다!"", ""like_count"": 0, ""unlike_count"": 1, ""score"": -1, ""author_badges"": []}, {""post_id"": 3260, ""anonymous_code"": ""곰-9761"", ""post_type"": ""analysis"", ""title"": ""노조 파업 리스크에 대한 신중한 접근 필요"", ""like_count"": 7, ""unlike_count"": 2, ""score"": 5, ""author_badges"": []}, {""post_id"": 3261, ""anonymous_code"": ""곰-1911"", ""post_type"": ""trade_share"", ""title"": ""오늘 삼성전자 매수했습니다!"", ""like_count"": 0, ""unlike_count"": 0, ""score"": 0, ""author_badges"": [""커뮤니티 인플루언서""]}, {""post_id"": 3262, ""anonymous_code"": ""돌고래-5159"", ""post_type"": ""trade_share"", ""title"": ""[매도 거래 공유] 삼성전자 일부 매도했습니다."", ""like_count"": 0, ""unlike_count"": 0, ""score"": 0, ""author_badges"": []}, {""post_id"": 3263, ""anonymous_code"": ""독수리-8072"", ""post_type"": ""trade_share"", ""title"": ""오늘 삼성전자 일부 매도했습니다"", ""like_count"": 0, ""unlike_count"": 0, ""score"": 0, ""author_badges"": []}, {""post_id"": 3264, ""anonymous_code"": ""늑대-4264"", ""post_type"": ""analysis"", ""title"": ""삼성전자, 노조 파업 리스크 속에서도 기술적 지지선은 여전히 긍정적"", ""like_count"": 2, ""unlike_count"": 0, ""score"": 2, ""author_badges"": []}, {""post_id"": 3265, ""anonymous_code"": ""여우-2283"", ""post_type"": ""trade_share"", ""title"": ""오늘 삼성전자 소폭 매도했습니다."", ""like_count"": 0, ""unlike_count"": 0, ""score"": 0, ""author_badges"": []}]"
chunk_009_2026-04-27_2026-05-04,2026-04-27,2,A017,2,10,19,"[3246, 3247, 3248, 3249, 3250, 3251, 3252, 3253, 3254, 3255, 3256, 3257, 3258, 3259, 3260, 3262, 3263, 3264, 3265]","[{""post_id"": 3246, ""anonymous_code"": ""호랑이-8886"", ""post_type"": ""trade_share"", ""title"": ""오늘 삼성전자 전량 매도했습니다."", ""like_count"": 0, ""unlike_count"": 3, ""score"": -3, ""author_badges"": [""커뮤니티 인플루언서""]}, {""post_id"": 3247, ""anonymous_code"": ""황소-9750"", ""post_type"": ""trade_share"", ""title"": ""오늘 삼성전자 일부 매도했습니다."", ""like_count"": 0, ""unlike_count"": 0, ""score"": 0, ""author_badges"": [""상위 수익자"", ""자산가""]}, {""post_id"": 3248, ""anonymous_code"": ""곰-1801"", ""post_type"": ""trade_share"", ""title"": ""[매도 거래 공유] 삼성전자 일부 매도"", ""like_count"": 0, ""unlike_count"": 0, ""score"": 0, ""author_badges"": [""상위 수익자"", ""자산가""]}, {""post_id"": 3249, ""anonymous_code"": ""코끼리-6457"", ""post_type"": ""analysis"", ""title"": ""삼성전자 기술적 상승과 노조 파업 리스크: 신중한 접근이 필요합니다."", ""like_count"": 9, ""unlike_count"": 0, ""score"": 9, ""author_badges"": [""상위 수익자"", ""자산가""]}, {""post_id"": 3250, ""anonymous_code"": ""늑대-8884"", ""post_type"": ""trade_share"", ""title"": ""오늘 삼성전자 매도했습니다"", ""like_count"": 1, ""unlike_count"": 0, ""score"": 1, ""author_badges"": [""커뮤니티 인플루언서""]}, {""post_id"": 3251, ""anonymous_code"": ""여우-7933"", ""post_type"": ""trade_share"", ""title"": ""오늘 삼성전자 일부 매도했습니다."", ""like_count"": 0, ""unlike_count"": 0, ""score"": 0, ""author_badges"": []}, {""post_id"": 3252, ""anonymous_code"": ""독수리-4082"", ""post_type"": ""trade_share"", ""title"": ""오늘 삼성전자 일부 매도했습니다."", ""like_count"": 0, ""unlike_count"": 0, ""score"": 0, ""author_badges"": [""커뮤니티 인플루언서""]}, {""post_id"": 3253, ""anonymous_code"": ""돌고래-5489"", ""post_type"": ""trade_share"", ""title"": ""삼성전자 추가 매수했습니다!"", ""like_count"": 0, ""unlike_count"": 6, ""score"": -6, ""author_badges"": [""상위 수익자"", ""자산가""]}, {""post_id"": 3254, ""anonymous_code"": ""펭귄-3788"", ""post_type"": ""trade_share"", ""title"": ""파업 리스크 속 소신 있는 매도"", ""like_count"": 7, ""unlike_count"": 1, ""score"": 6, ""author_badges"": [""상위 수익자"", ""자산가""]}, {""post_id"": 3255, ""anonymous_code"": ""사자-8665"", ""post_type"": ""trade_share"", ""title"": ""오늘 삼성전자 매도 거래 공유합니다"", ""like_count"": 0, ""unlike_count"": 0, ""score"": 0, ""author_badges"": [""상위 수익자"", ""자산가""]}, {""post_id"": 3256, ""anonymous_code"": ""코끼리-2877"", ""post_type"": ""trade_share"", ""title"": ""오늘 삼성전자 추가 매수했습니다!"", ""like_count"": 0, ""unlike_count"": 0, ""score"": 0, ""author_badges"": []}, {""post_id"": 3257, ""anonymous_code"": ""사자-5895"", ""post_type"": ""trade_share"", ""title"": ""[매도] 삼성전자 일부 매도 후 현금 확보"", ""like_count"": 0, ""unlike_count"": 0, ""score"": 0, ""author_badges"": []}, {""post_id"": 3258, ""anonymous_code"": ""사자-5055"", ""post_type"": ""trade_share"", ""title"": ""오늘 삼성전자 일부 매도했습니다."", ""like_count"": 0, ""unlike_count"": 0, ""score"": 0, ""author_badges"": []}, {""post_id"": 3259, ""anonymous_code"": ""황소-8760"", ""post_type"": ""trade_share"", ""title"": ""오늘 삼성전자 매수했습니다!"", ""like_count"": 0, ""unlike_count"": 1, ""score"": -1, ""author_badges"": []}, {""post_id"": 3260, ""anonymous_code"": ""곰-9761"", ""post_type"": ""analysis"", ""title"": ""노조 파업 리스크에 대한 신중한 접근 필요"", ""like_count"": 8, ""unlike_count"": 2, ""score"": 6, ""author_badges"": []}, {""post_id"": 3262, ""anonymous_code"": ""돌고래-5159"", ""post_type"": ""trade_share"", ""title"": ""[매도 거래 공유] 삼성전자 일부 매도했습니다."", ""like_count"": 0, ""unlike_count"": 0, ""score"": 0, ""author_badges"": []}, {""post_id"": 3263, ""anonymous_code"": ""독수리-8072"", ""post_type"": ""trade_share"", ""title"": ""오늘 삼성전자 일부 매도했습니다"", ""like_count"": 0, ""unlike_count"": 0, ""score"": 0, ""author_badges"": []}, {""post_id"": 3264, ""anonymous_code"": ""늑대-4264"", ""post_type"": ""analysis"", ""title"": ""삼성전자, 노조 파업 리스크 속에서도 기술적 지지선은 여전히 긍정적"", ""like_count"": 2, ""unlike_count"": 0, ""score"": 2, ""author_badges"": []}, {""post_id"": 3265, ""anonymous_code"": ""여우-2283"", ""post_type"": ""trade_share"", ""title"": ""오늘 삼성전자 소폭 매도했습니다."", ""like_count"": 0, ""unlike_count"": 0, ""score"": 0, ""author_badges"": []}]"
chunk_009_2026-04-27_2026-05-04,2026-04-27,2,A019,1,5,19,"[3246, 3247, 3248, 3249, 3250, 3251, 3252, 3253, 3254, 3255, 3256, 3257, 3258, 3259, 3261, 3262, 3263, 3264, 3265]","[{""post_id"": 3246, ""anonymous_code"": ""호랑이-8886"", ""post_type"": ""trade_share"", ""title"": ""오늘 삼성전자 전량 매도했습니다."", ""like_count"": 0, ""unlike_count"": 4, ""score"": -4, ""author_badges"": [""커뮤니티 인플루언서""]}, {""post_id"": 3247, ""anonymous_code"": ""황소-9750"", ""post_type"": ""trade_share"", ""title"": ""오늘 삼성전자 일부 매도했습니다."", ""like_count"": 0, ""unlike_count"": 0, ""score"": 0, ""author_badges"": [""상위 수익자"", ""자산가""]}, {""post_id"": 3248, ""anonymous_code"": ""곰-1801"", ""post_type"": ""trade_share"", ""title"": ""[매도 거래 공유] 삼성전자 일부 매도"", ""like_count"": 0, ""unlike_count"": 0, ""score"": 0, ""author_badges"": [""상위 수익자"", ""자산가""]}, {""post_id"": 3249, ""anonymous_code"": ""코끼리-6457"", ""post_type"": ""analysis"", ""title"": ""삼성전자 기술적 상승과 노조 파업 리스크: 신중한 접근이 필요합니다."", ""like_count"": 10, ""unlike_count"": 0, ""score"": 10, ""author_badges"": [""상위 수익자"", ""자산가""]}, {""post_id"": 3250, ""anonymous_code"": ""늑대-8884"", ""post_type"": ""trade_share"", ""title"": ""오늘 삼성전자 매도했습니다"", ""like_count"": 1, ""unlike_count"": 0, ""score"": 1, ""author_badges"": [""커뮤니티 인플루언서""]}, {""post_id"": 3251, ""anonymous_code"": ""여우-7933"", ""post_type"": ""trade_share"", ""title"": ""오늘 삼성전자 일부 매도했습니다."", ""like_count"": 0, ""unlike_count"": 0, ""score"": 0, ""author_badges"": []}, {""post_id"": 3252, ""anonymous_code"": ""독수리-4082"", ""post_type"": ""trade_share"", ""title"": ""오늘 삼성전자 일부 매도했습니다."", ""like_count"": 0, ""unlike_count"": 0, ""score"": 0, ""author_badges"": [""커뮤니티 인플루언서""]}, {""post_id"": 3253, ""anonymous_code"": ""돌고래-5489"", ""post_type"": ""trade_share"", ""title"": ""삼성전자 추가 매수했습니다!"", ""like_count"": 0, ""unlike_count"": 6, ""score"": -6, ""author_badges"": [""상위 수익자"", ""자산가""]}, {""post_id"": 3254, ""anonymous_code"": ""펭귄-3788"", ""post_type"": ""trade_share"", ""title"": ""파업 리스크 속 소신 있는 매도"", ""like_count"": 8, ""unlike_count"": 1, ""score"": 7, ""author_badges"": [""상위 수익자"", ""자산가""]}, {""post_id"": 3255, ""anonymous_code"": ""사자-8665"", ""post_type"": ""trade_share"", ""title"": ""오늘 삼성전자 매도 거래 공유합니다"", ""like_count"": 0, ""unlike_count"": 0, ""score"": 0, ""author_badges"": [""상위 수익자"", ""자산가""]}, {""post_id"": 3256, ""anonymous_code"": ""코끼리-2877"", ""post_type"": ""trade_share"", ""title"": ""오늘 삼성전자 추가 매수했습니다!"", ""like_count"": 0, ""unlike_count"": 0, ""score"": 0, ""author_badges"": []}, {""post_id"": 3257, ""anonymous_code"": ""사자-5895"", ""post_type"": ""trade_share"", ""title"": ""[매도] 삼성전자 일부 매도 후 현금 확보"", ""like_count"": 0, ""unlike_count"": 0, ""score"": 0, ""author_badges"": []}, {""post_id"": 3258, ""anonymous_code"": ""사자-5055"", ""post_type"": ""trade_share"", ""title"": ""오늘 삼성전자 일부 매도했습니다."", ""like_count"": 0, ""unlike_count"": 0, ""score"": 0, ""author_badges"": []}, {""post_id"": 3259, ""anonymous_code"": ""황소-8760"", ""post_type"": ""trade_share"", ""title"": ""오늘 삼성전자 매수했습니다!"", ""like_count"": 0, ""unlike_count"": 1, ""score"": -1, ""author_badges"": []}, {""post_id"": 3261, ""anonymous_code"": ""곰-1911"", ""post_type"": ""trade_share"", ""title"": ""오늘 삼성전자 매수했습니다!"", ""like_count"": 0, ""unlike_count"": 0, ""score"": 0, ""author_badges"": [""커뮤니티 인플루언서""]}, {""post_id"": 3262, ""anonymous_code"": ""돌고래-5159"", ""post_type"": ""trade_share"", ""title"": ""[매도 거래 공유] 삼성전자 일부 매도했습니다."", ""like_count"": 0, ""unlike_count"": 0, ""score"": 0, ""author_badges"": []}, {""post_id"": 3263, ""anonymous_code"": ""독수리-8072"", ""post_type"": ""trade_share"", ""title"": ""오늘 삼성전자 일부 매도했습니다"", ""like_count"": 0, ""unlike_count"": 0, ""score"": 0, ""author_badges"": []}, {""post_id"": 3264, ""anonymous_code"": ""늑대-4264"", ""post_type"": ""analysis"", ""title"": ""삼성전자, 노조 파업 리스크 속에서도 기술적 지지선은 여전히 긍정적"", ""like_count"": 3, ""unlike_count"": 0, ""score"": 3, ""author_badges"": []}, {""post_id"": 3265, ""anonymous_code"": ""여우-2283"", ""post_type"": ""trade_share"", ""title"": ""오늘 삼성전자 소폭 매도했습니다."", ""like_count"": 0, ""unlike_count"": 0, ""score"": 0, ""author_badges"": []}]"
chunk_009_2026-04-27_2026-05-04,2026-04-27,2,A020,2,10,19,"[3246, 3247, 3248, 3249, 3250, 3251, 3252, 3253, 3254, 3255, 3256, 3257, 3258, 3260, 3261, 3262, 3263, 3264, 3265]","[{""post_id"": 3246, ""anonymous_code"": ""호랑이-8886"", ""post_type"": ""trade_share"", ""title"": ""오늘 삼성전자 전량 매도했습니다."", ""like_count"": 0, ""unlike_count"": 5, ""score"": -5, ""author_badges"": [""커뮤니티 인플루언서""]}, {""post_id"": 3247, ""anonymous_code"": ""황소-9750"", ""post_type"": ""trade_share"", ""title"": ""오늘 삼성전자 일부 매도했습니다."", ""like_count"": 0, ""unlike_count"": 0, ""score"": 0, ""author_badges"": [""상위 수익자"", ""자산가""]}, {""post_id"": 3248, ""anonymous_code"": ""곰-1801"", ""post_type"": ""trade_share"", ""title"": ""[매도 거래 공유] 삼성전자 일부 매도"", ""like_count"": 0, ""unlike_count"": 0, ""score"": 0, ""author_badges"": [""상위 수익자"", ""자산가""]}, {""post_id"": 3249, ""anonymous_code"": ""코끼리-6457"", ""post_type"": ""analysis"", ""title"": ""삼성전자 기술적 상승과 노조 파업 리스크: 신중한 접근이 필요합니다."", ""like_count"": 11, ""unlike_count"": 0, ""score"": 11, ""author_badges"": [""상위 수익자"", ""자산가""]}, {""post_id"": 3250, ""anonymous_code"": ""늑대-8884"", ""post_type"": ""trade_share"", ""title"": ""오늘 삼성전자 매도했습니다"", ""like_count"": 1, ""unlike_count"": 0, ""score"": 1, ""author_badges"": [""커뮤니티 인플루언서""]}, {""post_id"": 3251, ""anonymous_code"": ""여우-7933"", ""post_type"": ""trade_share"", ""title"": ""오늘 삼성전자 일부 매도했습니다."", ""like_count"": 0, ""unlike_count"": 0, ""score"": 0, ""author_badges"": []}, {""post_id"": 3252, ""anonymous_code"": ""독수리-4082"", ""post_type"": ""trade_share"", ""title"": ""오늘 삼성전자 일부 매도했습니다."", ""like_count"": 0, ""unlike_count"": 0, ""score"": 0, ""author_badges"": [""커뮤니티 인플루언서""]}, {""post_id"": 3253, ""anonymous_code"": ""돌고래-5489"", ""post_type"": ""trade_share"", ""title"": ""삼성전자 추가 매수했습니다!"", ""like_count"": 0, ""unlike_count"": 6, ""score"": -6, ""author_badges"": [""상위 수익자"", ""자산가""]}, {""post_id"": 3254, ""anonymous_code"": ""펭귄-3788"", ""post_type"": ""trade_share"", ""title"": ""파업 리스크 속 소신 있는 매도"", ""like_count"": 9, ""unlike_count"": 1, ""score"": 8, ""author_badges"": [""상위 수익자"", ""자산가""]}, {""post_id"": 3255, ""anonymous_code"": ""사자-8665"", ""post_type"": ""trade_share"", ""title"": ""오늘 삼성전자 매도 거래 공유합니다"", ""like_count"": 0, ""unlike_count"": 0, ""score"": 0, ""author_badges"": [""상위 수익자"", ""자산가""]}, {""post_id"": 3256, ""anonymous_code"": ""코끼리-2877"", ""post_type"": ""trade_share"", ""title"": ""오늘 삼성전자 추가 매수했습니다!"", ""like_count"": 0, ""unlike_count"": 0, ""score"": 0, ""author_badges"": []}, {""post_id"": 3257, ""anonymous_code"": ""사자-5895"", ""post_type"": ""trade_share"", ""title"": ""[매도] 삼성전자 일부 매도 후 현금 확보"", ""like_count"": 0, ""unlike_count"": 0, ""score"": 0, ""author_badges"": []}, {""post_id"": 3258, ""anonymous_code"": ""사자-5055"", ""post_type"": ""trade_share"", ""title"": ""오늘 삼성전자 일부 매도했습니다."", ""like_count"": 0, ""unlike_count"": 0, ""score"": 0, ""author_badges"": []}, {""post_id"": 3260, ""anonymous_code"": ""곰-9761"", ""post_type"": ""analysis"", ""title"": ""노조 파업 리스크에 대한 신중한 접근 필요"", ""like_count"": 9, ""unlike_count"": 3, ""score"": 6, ""author_badges"": []}, {""post_id"": 3261, ""anonymous_code"": ""곰-1911"", ""post_type"": ""trade_share"", ""title"": ""오늘 삼성전자 매수했습니다!"", ""like_count"": 0, ""unlike_count"": 0, ""score"": 0, ""author_badges"": [""커뮤니티 인플루언서""]}, {""post_id"": 3262, ""anonymous_code"": ""돌고래-5159"", ""post_type"": ""trade_share"", ""title"": ""[매도 거래 공유] 삼성전자 일부 매도했습니다."", ""like_count"": 0, ""unlike_count"": 0, ""score"": 0, ""author_badges"": []}, {""post_id"": 3263, ""anonymous_code"": ""독수리-8072"", ""post_type"": ""trade_share"", ""title"": ""오늘 삼성전자 일부 매도했습니다"", ""like_count"": 0, ""unlike_count"": 0, ""score"": 0, ""author_badges"": []}, {""post_id"": 3264, ""anonymous_code"": ""늑대-4264"", ""post_type"": ""analysis"", ""title"": ""삼성전자, 노조 파업 리스크 속에서도 기술적 지지선은 여전히 긍정적"", ""like_count"": 3, ""unlike_count"": 0, ""score"": 3, ""author_badges"": []}, {""post_id"": 3265, ""anonymous_code"": ""여우-2283"", ""post_type"": ""trade_share"", ""title"": ""오늘 삼성전자 소폭 매도했습니다."", ""like_count"": 0, ""unlike_count"": 0, ""score"": 0, ""author_badges"": []}]"
chunk_009_2026-04-27_2026-05-04,2026-04-27,2,A022,1,5,19,"[3246, 3247, 3248, 3249, 3250, 3251, 3252, 3253, 3254, 3255, 3256, 3257, 3258, 3259, 3260, 3261, 3263, 3264, 3265]","[{""post_id"": 3246, ""anonymous_code"": ""호랑이-8886"", ""post_type"": ""trade_share"", ""title"": ""오늘 삼성전자 전량 매도했습니다."", ""like_count"": 0, ""unlike_count"": 5, ""score"": -5, ""author_badges"": [""커뮤니티 인플루언서""]}, {""post_id"": 3247, ""anonymous_code"": ""황소-9750"", ""post_type"": ""trade_share"", ""title"": ""오늘 삼성전자 일부 매도했습니다."", ""like_count"": 0, ""unlike_count"": 0, ""score"": 0, ""author_badges"": [""상위 수익자"", ""자산가""]}, {""post_id"": 3248, ""anonymous_code"": ""곰-1801"", ""post_type"": ""trade_share"", ""title"": ""[매도 거래 공유] 삼성전자 일부 매도"", ""like_count"": 0, ""unlike_count"": 0, ""score"": 0, ""author_badges"": [""상위 수익자"", ""자산가""]}, {""post_id"": 3249, ""anonymous_code"": ""코끼리-6457"", ""post_type"": ""analysis"", ""title"": ""삼성전자 기술적 상승과 노조 파업 리스크: 신중한 접근이 필요합니다."", ""like_count"": 12, ""unlike_count"": 0, ""score"": 12, ""author_badges"": [""상위 수익자"", ""자산가""]}, {""post_id"": 3250, ""anonymous_code"": ""늑대-8884"", ""post_type"": ""trade_share"", ""title"": ""오늘 삼성전자 매도했습니다"", ""like_count"": 1, ""unlike_count"": 0, ""score"": 1, ""author_badges"": [""커뮤니티 인플루언서""]}, {""post_id"": 3251, ""anonymous_code"": ""여우-7933"", ""post_type"": ""trade_share"", ""title"": ""오늘 삼성전자 일부 매도했습니다."", ""like_count"": 0, ""unlike_count"": 0, ""score"": 0, ""author_badges"": []}, {""post_id"": 3252, ""anonymous_code"": ""독수리-4082"", ""post_type"": ""trade_share"", ""title"": ""오늘 삼성전자 일부 매도했습니다."", ""like_count"": 0, ""unlike_count"": 0, ""score"": 0, ""author_badges"": [""커뮤니티 인플루언서""]}, {""post_id"": 3253, ""anonymous_code"": ""돌고래-5489"", ""post_type"": ""trade_share"", ""title"": ""삼성전자 추가 매수했습니다!"", ""like_count"": 0, ""unlike_count"": 6, ""score"": -6, ""author_badges"": [""상위 수익자"", ""자산가""]}, {""post_id"": 3254, ""anonymous_code"": ""펭귄-3788"", ""post_type"": ""trade_share"", ""title"": ""파업 리스크 속 소신 있는 매도"", ""like_count"": 10, ""unlike_count"": 1, ""score"": 9, ""author_badges"": [""상위 수익자"", ""자산가""]}, {""post_id"": 3255, ""anonymous_code"": ""사자-8665"", ""post_type"": ""trade_share"", ""title"": ""오늘 삼성전자 매도 거래 공유합니다"", ""like_count"": 0, ""unlike_count"": 0, ""score"": 0, ""author_badges"": [""상위 수익자"", ""자산가""]}, {""post_id"": 3256, ""anonymous_code"": ""코끼리-2877"", ""post_type"": ""trade_share"", ""title"": ""오늘 삼성전자 추가 매수했습니다!"", ""like_count"": 0, ""unlike_count"": 0, ""score"": 0, ""author_badges"": []}, {""post_id"": 3257, ""anonymous_code"": ""사자-5895"", ""post_type"": ""trade_share"", ""title"": ""[매도] 삼성전자 일부 매도 후 현금 확보"", ""like_count"": 0, ""unlike_count"": 0, ""score"": 0, ""author_badges"": []}, {""post_id"": 3258, ""anonymous_code"": ""사자-5055"", ""post_type"": ""trade_share"", ""title"": ""오늘 삼성전자 일부 매도했습니다."", ""like_count"": 0, ""unlike_count"": 0, ""score"": 0, ""author_badges"": []}, {""post_id"": 3259, ""anonymous_code"": ""황소-8760"", ""post_type"": ""trade_share"", ""title"": ""오늘 삼성전자 매수했습니다!"", ""like_count"": 0, ""unlike_count"": 1, ""score"": -1, ""author_badges"": []}, {""post_id"": 3260, ""anonymous_code"": ""곰-9761"", ""post_type"": ""analysis"", ""title"": ""노조 파업 리스크에 대한 신중한 접근 필요"", ""like_count"": 9, ""unlike_count"": 4, ""score"": 5, ""author_badges"": []}, {""post_id"": 3261, ""anonymous_code"": ""곰-1911"", ""post_type"": ""trade_share"", ""title"": ""오늘 삼성전자 매수했습니다!"", ""like_count"": 0, ""unlike_count"": 0, ""score"": 0, ""author_badges"": [""커뮤니티 인플루언서""]}, {""post_id"": 3263, ""anonymous_code"": ""독수리-8072"", ""post_type"": ""trade_share"", ""title"": ""오늘 삼성전자 일부 매도했습니다"", ""like_count"": 0, ""unlike_count"": 0, ""score"": 0, ""author_badges"": []}, {""post_id"": 3264, ""anonymous_code"": ""늑대-4264"", ""post_type"": ""analysis"", ""title"": ""삼성전자, 노조 파업 리스크 속에서도 기술적 지지선은 여전히 긍정적"", ""like_count"": 3, ""unlike_count"": 0, ""score"": 3, ""author_badges"": []}, {""post_id"": 3265, ""anonymous_code"": ""여우-2283"", ""post_type"": ""trade_share"", ""title"": ""오늘 삼성전자 소폭 매도했습니다."", ""like_count"": 0, ""unlike_count"": 0, ""score"": 0, ""author_badges"": []}]"
chunk_009_2026-04-27_2026-05-04,2026-04-27,2,A025,1,5,19,"[3246, 3247, 3248, 3249, 3250, 3251, 3252, 3253, 3254, 3255, 3256, 3257, 3258, 3259, 3260, 3261, 3262, 3264, 3265]","[{""post_id"": 3246, ""anonymous_code"": ""호랑이-8886"", ""post_type"": ""trade_share"", ""title"": ""오늘 삼성전자 전량 매도했습니다."", ""like_count"": 0, ""unlike_count"": 5, ""score"": -5, ""author_badges"": [""커뮤니티 인플루언서""]}, {""post_id"": 3247, ""anonymous_code"": ""황소-9750"", ""post_type"": ""trade_share"", ""title"": ""오늘 삼성전자 일부 매도했습니다."", ""like_count"": 0, ""unlike_count"": 0, ""score"": 0, ""author_badges"": [""상위 수익자"", ""자산가""]}, {""post_id"": 3248, ""anonymous_code"": ""곰-1801"", ""post_type"": ""trade_share"", ""title"": ""[매도 거래 공유] 삼성전자 일부 매도"", ""like_count"": 0, ""unlike_count"": 0, ""score"": 0, ""author_badges"": [""상위 수익자"", ""자산가""]}, {""post_id"": 3249, ""anonymous_code"": ""코끼리-6457"", ""post_type"": ""analysis"", ""title"": ""삼성전자 기술적 상승과 노조 파업 리스크: 신중한 접근이 필요합니다."", ""like_count"": 13, ""unlike_count"": 0, ""score"": 13, ""author_badges"": [""상위 수익자"", ""자산가""]}, {""post_id"": 3250, ""anonymous_code"": ""늑대-8884"", ""post_type"": ""trade_share"", ""title"": ""오늘 삼성전자 매도했습니다"", ""like_count"": 1, ""unlike_count"": 0, ""score"": 1, ""author_badges"": [""커뮤니티 인플루언서""]}, {""post_id"": 3251, ""anonymous_code"": ""여우-7933"", ""post_type"": ""trade_share"", ""title"": ""오늘 삼성전자 일부 매도했습니다."", ""like_count"": 0, ""unlike_count"": 0, ""score"": 0, ""author_badges"": []}, {""post_id"": 3252, ""anonymous_code"": ""독수리-4082"", ""post_type"": ""trade_share"", ""title"": ""오늘 삼성전자 일부 매도했습니다."", ""like_count"": 0, ""unlike_count"": 0, ""score"": 0, ""author_badges"": [""커뮤니티 인플루언서""]}, {""post_id"": 3253, ""anonymous_code"": ""돌고래-5489"", ""post_type"": ""trade_share"", ""title"": ""삼성전자 추가 매수했습니다!"", ""like_count"": 0, ""unlike_count"": 6, ""score"": -6, ""author_badges"": [""상위 수익자"", ""자산가""]}, {""post_id"": 3254, ""anonymous_code"": ""펭귄-3788"", ""post_type"": ""trade_share"", ""title"": ""파업 리스크 속 소신 있는 매도"", ""like_count"": 11, ""unlike_count"": 1, ""score"": 10, ""author_badges"": [""상위 수익자"", ""자산가""]}, {""post_id"": 3255, ""anonymous_code"": ""사자-8665"", ""post_type"": ""trade_share"", ""title"": ""오늘 삼성전자 매도 거래 공유합니다"", ""like_count"": 0, ""unlike_count"": 0, ""score"": 0, ""author_badges"": [""상위 수익자"", ""자산가""]}, {""post_id"": 3256, ""anonymous_code"": ""코끼리-2877"", ""post_type"": ""trade_share"", ""title"": ""오늘 삼성전자 추가 매수했습니다!"", ""like_count"": 0, ""unlike_count"": 0, ""score"": 0, ""author_badges"": []}, {""post_id"": 3257, ""anonymous_code"": ""사자-5895"", ""post_type"": ""trade_share"", ""title"": ""[매도] 삼성전자 일부 매도 후 현금 확보"", ""like_count"": 0, ""unlike_count"": 0, ""score"": 0, ""author_badges"": []}, {""post_id"": 3258, ""anonymous_code"": ""사자-5055"", ""post_type"": ""trade_share"", ""title"": ""오늘 삼성전자 일부 매도했습니다."", ""like_count"": 0, ""unlike_count"": 0, ""score"": 0, ""author_badges"": []}, {""post_id"": 3259, ""anonymous_code"": ""황소-8760"", ""post_type"": ""trade_share"", ""title"": ""오늘 삼성전자 매수했습니다!"", ""like_count"": 0, ""unlike_count"": 1, ""score"": -1, ""author_badges"": []}, {""post_id"": 3260, ""anonymous_code"": ""곰-9761"", ""post_type"": ""analysis"", ""title"": ""노조 파업 리스크에 대한 신중한 접근 필요"", ""like_count"": 10, ""unlike_count"": 4, ""score"": 6, ""author_badges"": []}, {""post_id"": 3261, ""anonymous_code"": ""곰-1911"", ""post_type"": ""trade_share"", ""title"": ""오늘 삼성전자 매수했습니다!"", ""like_count"": 0, ""unlike_count"": 0, ""score"": 0, ""author_badges"": [""커뮤니티 인플루언서""]}, {""post_id"": 3262, ""anonymous_code"": ""돌고래-5159"", ""post_type"": ""trade_share"", ""title"": ""[매도 거래 공유] 삼성전자 일부 매도했습니다."", ""like_count"": 0, ""unlike_count"": 0, ""score"": 0, ""author_badges"": []}, {""post_id"": 3264, ""anonymous_code"": ""늑대-4264"", ""post_type"": ""analysis"", ""title"": ""삼성전자, 노조 파업 리스크 속에서도 기술적 지지선은 여전히 긍정적"", ""like_count"": 3, ""unlike_count"": 1, ""score"": 2, ""author_badges"": []}, {""post_id"": 3265, ""anonymous_code"": ""여우-2283"", ""post_type"": ""trade_share"", ""title"": ""오늘 삼성전자 소폭 매도했습니다."", ""like_count"": 0, ""unlike_count"": 0, ""score"": 0, ""author_badges"": []}]"
chunk_009_2026-04-27_2026-05-04,2026-04-27,2,A026,1,5,19,"[3246, 3247, 3248, 3249, 3250, 3251, 3252, 3253, 3254, 3255, 3256, 3257, 3258, 3259, 3260, 3261, 3262, 3263, 3264]","[{""post_id"": 3246, ""anonymous_code"": ""호랑이-8886"", ""post_type"": ""trade_share"", ""title"": ""오늘 삼성전자 전량 매도했습니다."", ""like_count"": 1, ""unlike_count"": 5, ""score"": -4, ""author_badges"": [""커뮤니티 인플루언서""]}, {""post_id"": 3247, ""anonymous_code"": ""황소-9750"", ""post_type"": ""trade_share"", ""title"": ""오늘 삼성전자 일부 매도했습니다."", ""like_count"": 0, ""unlike_count"": 0, ""score"": 0, ""author_badges"": [""상위 수익자"", ""자산가""]}, {""post_id"": 3248, ""anonymous_code"": ""곰-1801"", ""post_type"": ""trade_share"", ""title"": ""[매도 거래 공유] 삼성전자 일부 매도"", ""like_count"": 0, ""unlike_count"": 0, ""score"": 0, ""author_badges"": [""상위 수익자"", ""자산가""]}, {""post_id"": 3249, ""anonymous_code"": ""코끼리-6457"", ""post_type"": ""analysis"", ""title"": ""삼성전자 기술적 상승과 노조 파업 리스크: 신중한 접근이 필요합니다."", ""like_count"": 14, ""unlike_count"": 0, ""score"": 14, ""author_badges"": [""상위 수익자"", ""자산가""]}, {""post_id"": 3250, ""anonymous_code"": ""늑대-8884"", ""post_type"": ""trade_share"", ""title"": ""오늘 삼성전자 매도했습니다"", ""like_count"": 1, ""unlike_count"": 0, ""score"": 1, ""author_badges"": [""커뮤니티 인플루언서""]}, {""post_id"": 3251, ""anonymous_code"": ""여우-7933"", ""post_type"": ""trade_share"", ""title"": ""오늘 삼성전자 일부 매도했습니다."", ""like_count"": 0, ""unlike_count"": 0, ""score"": 0, ""author_badges"": []}, {""post_id"": 3252, ""anonymous_code"": ""독수리-4082"", ""post_type"": ""trade_share"", ""title"": ""오늘 삼성전자 일부 매도했습니다."", ""like_count"": 0, ""unlike_count"": 0, ""score"": 0, ""author_badges"": [""커뮤니티 인플루언서""]}, {""post_id"": 3253, ""anonymous_code"": ""돌고래-5489"", ""post_type"": ""trade_share"", ""title"": ""삼성전자 추가 매수했습니다!"", ""like_count"": 0, ""unlike_count"": 6, ""score"": -6, ""author_badges"": [""상위 수익자"", ""자산가""]}, {""post_id"": 3254, ""anonymous_code"": ""펭귄-3788"", ""post_type"": ""trade_share"", ""title"": ""파업 리스크 속 소신 있는 매도"", ""like_count"": 12, ""unlike_count"": 1, ""score"": 11, ""author_badges"": [""상위 수익자"", ""자산가""]}, {""post_id"": 3255, ""anonymous_code"": ""사자-8665"", ""post_type"": ""trade_share"", ""title"": ""오늘 삼성전자 매도 거래 공유합니다"", ""like_count"": 0, ""unlike_count"": 0, ""score"": 0, ""author_badges"": [""상위 수익자"", ""자산가""]}, {""post_id"": 3256, ""anonymous_code"": ""코끼리-2877"", ""post_type"": ""trade_share"", ""title"": ""오늘 삼성전자 추가 매수했습니다!"", ""like_count"": 0, ""unlike_count"": 0, ""score"": 0, ""author_badges"": []}, {""post_id"": 3257, ""anonymous_code"": ""사자-5895"", ""post_type"": ""trade_share"", ""title"": ""[매도] 삼성전자 일부 매도 후 현금 확보"", ""like_count"": 0, ""unlike_count"": 0, ""score"": 0, ""author_badges"": []}, {""post_id"": 3258, ""anonymous_code"": ""사자-5055"", ""post_type"": ""trade_share"", ""title"": ""오늘 삼성전자 일부 매도했습니다."", ""like_count"": 0, ""unlike_count"": 0, ""score"": 0, ""author_badges"": []}, {""post_id"": 3259, ""anonymous_code"": ""황소-8760"", ""post_type"": ""trade_share"", ""title"": ""오늘 삼성전자 매수했습니다!"", ""like_count"": 0, ""unlike_count"": 1, ""score"": -1, ""author_badges"": []}, {""post_id"": 3260, ""anonymous_code"": ""곰-9761"", ""post_type"": ""analysis"", ""title"": ""노조 파업 리스크에 대한 신중한 접근 필요"", ""like_count"": 10, ""unlike_count"": 5, ""score"": 5, ""author_badges"": []}, {""post_id"": 3261, ""anonymous_code"": ""곰-1911"", ""post_type"": ""trade_share"", ""title"": ""오늘 삼성전자 매수했습니다!"", ""like_count"": 0, ""unlike_count"": 0, ""score"": 0, ""author_badges"": [""커뮤니티 인플루언서""]}, {""post_id"": 3262, ""anonymous_code"": ""돌고래-5159"", ""post_type"": ""trade_share"", ""title"": ""[매도 거래 공유] 삼성전자 일부 매도했습니다."", ""like_count"": 0, ""unlike_count"": 0, ""score"": 0, ""author_badges"": []}, {""post_id"": 3263, ""anonymous_code"": ""독수리-8072"", ""post_type"": ""trade_share"", ""title"": ""오늘 삼성전자 일부 매도했습니다"", ""like_count"": 0, ""unlike_count"": 0, ""score"": 0, ""author_badges"": []}, {""post_id"": 3264, ""anonymous_code"": ""늑대-4264"", ""post_type"": ""analysis"", ""title"": ""삼성전자, 노조 파업 리스크 속에서도 기술적 지지선은 여전히 긍정적"", ""like_count"": 3, ""unlike_count"": 1, ""score"": 2, ""author_badges"": []}]"
chunk_009_2026-04-27_2026-05-04,2026-04-27,2,A027,1,5,19,"[3246, 3247, 3248, 3249, 3250, 3251, 3252, 3253, 3254, 3255, 3256, 3257, 3258, 3259, 3260, 3261, 3262, 3263, 3265]","[{""post_id"": 3246, ""anonymous_code"": ""호랑이-8886"", ""post_type"": ""trade_share"", ""title"": ""오늘 삼성전자 전량 매도했습니다."", ""like_count"": 1, ""unlike_count"": 6, ""score"": -5, ""author_badges"": [""커뮤니티 인플루언서""]}, {""post_id"": 3247, ""anonymous_code"": ""황소-9750"", ""post_type"": ""trade_share"", ""title"": ""오늘 삼성전자 일부 매도했습니다."", ""like_count"": 0, ""unlike_count"": 0, ""score"": 0, ""author_badges"": [""상위 수익자"", ""자산가""]}, {""post_id"": 3248, ""anonymous_code"": ""곰-1801"", ""post_type"": ""trade_share"", ""title"": ""[매도 거래 공유] 삼성전자 일부 매도"", ""like_count"": 0, ""unlike_count"": 0, ""score"": 0, ""author_badges"": [""상위 수익자"", ""자산가""]}, {""post_id"": 3249, ""anonymous_code"": ""코끼리-6457"", ""post_type"": ""analysis"", ""title"": ""삼성전자 기술적 상승과 노조 파업 리스크: 신중한 접근이 필요합니다."", ""like_count"": 15, ""unlike_count"": 0, ""score"": 15, ""author_badges"": [""상위 수익자"", ""자산가""]}, {""post_id"": 3250, ""anonymous_code"": ""늑대-8884"", ""post_type"": ""trade_share"", ""title"": ""오늘 삼성전자 매도했습니다"", ""like_count"": 1, ""unlike_count"": 0, ""score"": 1, ""author_badges"": [""커뮤니티 인플루언서""]}, {""post_id"": 3251, ""anonymous_code"": ""여우-7933"", ""post_type"": ""trade_share"", ""title"": ""오늘 삼성전자 일부 매도했습니다."", ""like_count"": 0, ""unlike_count"": 0, ""score"": 0, ""author_badges"": []}, {""post_id"": 3252, ""anonymous_code"": ""독수리-4082"", ""post_type"": ""trade_share"", ""title"": ""오늘 삼성전자 일부 매도했습니다."", ""like_count"": 0, ""unlike_count"": 0, ""score"": 0, ""author_badges"": [""커뮤니티 인플루언서""]}, {""post_id"": 3253, ""anonymous_code"": ""돌고래-5489"", ""post_type"": ""trade_share"", ""title"": ""삼성전자 추가 매수했습니다!"", ""like_count"": 0, ""unlike_count"": 6, ""score"": -6, ""author_badges"": [""상위 수익자"", ""자산가""]}, {""post_id"": 3254, ""anonymous_code"": ""펭귄-3788"", ""post_type"": ""trade_share"", ""title"": ""파업 리스크 속 소신 있는 매도"", ""like_count"": 13, ""unlike_count"": 1, ""score"": 12, ""author_badges"": [""상위 수익자"", ""자산가""]}, {""post_id"": 3255, ""anonymous_code"": ""사자-8665"", ""post_type"": ""trade_share"", ""title"": ""오늘 삼성전자 매도 거래 공유합니다"", ""like_count"": 0, ""unlike_count"": 0, ""score"": 0, ""author_badges"": [""상위 수익자"", ""자산가""]}, {""post_id"": 3256, ""anonymous_code"": ""코끼리-2877"", ""post_type"": ""trade_share"", ""title"": ""오늘 삼성전자 추가 매수했습니다!"", ""like_count"": 0, ""unlike_count"": 0, ""score"": 0, ""author_badges"": []}, {""post_id"": 3257, ""anonymous_code"": ""사자-5895"", ""post_type"": ""trade_share"", ""title"": ""[매도] 삼성전자 일부 매도 후 현금 확보"", ""like_count"": 0, ""unlike_count"": 0, ""score"": 0, ""author_badges"": []}, {""post_id"": 3258, ""anonymous_code"": ""사자-5055"", ""post_type"": ""trade_share"", ""title"": ""오늘 삼성전자 일부 매도했습니다."", ""like_count"": 0, ""unlike_count"": 0, ""score"": 0, ""author_badges"": []}, {""post_id"": 3259, ""anonymous_code"": ""황소-8760"", ""post_type"": ""trade_share"", ""title"": ""오늘 삼성전자 매수했습니다!"", ""like_count"": 0, ""unlike_count"": 1, ""score"": -1, ""author_badges"": []}, {""post_id"": 3260, ""anonymous_code"": ""곰-9761"", ""post_type"": ""analysis"", ""title"": ""노조 파업 리스크에 대한 신중한 접근 필요"", ""like_count"": 10, ""unlike_count"": 5, ""score"": 5, ""author_badges"": []}, {""post_id"": 3261, ""anonymous_code"": ""곰-1911"", ""post_type"": ""trade_share"", ""title"": ""오늘 삼성전자 매수했습니다!"", ""like_count"": 0, ""unlike_count"": 0, ""score"": 0, ""author_badges"": [""커뮤니티 인플루언서""]}, {""post_id"": 3262, ""anonymous_code"": ""돌고래-5159"", ""post_type"": ""trade_share"", ""title"": ""[매도 거래 공유] 삼성전자 일부 매도했습니다."", ""like_count"": 0, ""unlike_count"": 0, ""score"": 0, ""author_badges"": []}, {""post_id"": 3263, ""anonymous_code"": ""독수리-8072"", ""post_type"": ""trade_share"", ""title"": ""오늘 삼성전자 일부 매도했습니다"", ""like_count"": 0, ""unlike_count"": 0, ""score"": 0, ""author_badges"": []}, {""post_id"": 3265, ""anonymous_code"": ""여우-2283"", ""post_type"": ""trade_share"", ""title"": ""오늘 삼성전자 소폭 매도했습니다."", ""like_count"": 0, ""unlike_count"": 0, ""score"": 0, ""author_badges"": []}]"
chunk_009_2026-04-27_2026-05-04,2026-04-28,4,A001,1,5,19,"[3267, 3268, 3269, 3270, 3271, 3272, 3273, 3274, 3275, 3276, 3277, 3278, 3279, 3280, 3281, 3282, 3283, 3284, 3285]","[{""post_id"": 3267, ""anonymous_code"": ""곰-1801"", ""post_type"": ""trade_share"", ""title"": ""삼성전자 추가 매수했습니다!"", ""like_count"": 0, ""unlike_count"": 0, ""score"": 0, ""author_badges"": []}, {""post_id"": 3268, ""anonymous_code"": ""코끼리-6457"", ""post_type"": ""trade_share"", ""title"": ""오늘 삼성전자 100주 매수했습니다!"", ""like_count"": 0, ""unlike_count"": 0, ""score"": 0, ""author_badges"": [""상위 수익자"", ""자산가""]}, {""post_id"": 3269, ""anonymous_code"": ""황소-9750"", ""post_type"": ""trade_share"", ""title"": ""오늘 삼성전자 매수했습니다!"", ""like_count"": 0, ""unlike_count"": 0, ""score"": 0, ""author_badges"": []}, {""post_id"": 3270, ""anonymous_code"": ""늑대-8884"", ""post_type"": ""trade_share"", ""title"": ""오늘 삼성전자 100주 매수했습니다!"", ""like_count"": 0, ""unlike_count"": 0, ""score"": 0, ""author_badges"": [""커뮤니티 인플루언서""]}, {""post_id"": 3271, ""anonymous_code"": ""여우-7933"", ""post_type"": ""trade_share"", ""title"": ""오늘 삼성전자 75주 매수했습니다!"", ""like_count"": 0, ""unlike_count"": 0, ""score"": 0, ""author_badges"": []}, {""post_id"": 3272, ""anonymous_code"": ""독수리-4082"", ""post_type"": ""trade_share"", ""title"": ""삼성전자 100주 매수했습니다!"", ""like_count"": 0, ""unlike_count"": 0, ""score"": 0, ""author_badges"": [""상위 수익자"", ""자산가""]}, {""post_id"": 3273, ""anonymous_code"": ""펭귄-3788"", ""post_type"": ""trade_share"", ""title"": ""오늘 삼성전자 매수했습니다!"", ""like_count"": 0, ""unlike_count"": 0, ""score"": 0, ""author_badges"": [""커뮤니티 인플루언서""]}, {""post_id"": 3274, ""anonymous_code"": ""사자-8665"", ""post_type"": ""trade_share"", ""title"": ""[매수] 삼성전자 100주 추가 매수했습니다!"", ""like_count"": 0, ""unlike_count"": 0, ""score"": 0, ""author_badges"": [""상위 수익자"", ""자산가""]}, {""post_id"": 3275, ""anonymous_code"": ""돌고래-5489"", ""post_type"": ""trade_share"", ""title"": ""오늘 삼성전자 추가 매수했습니다!"", ""like_count"": 0, ""unlike_count"": 0, ""score"": 0, ""author_badges"": []}, {""post_id"": 3276, ""anonymous_code"": ""사자-5895"", ""post_type"": ""trade_share"", ""title"": ""오늘 삼성전자 추가 매수했습니다!"", ""like_count"": 0, ""unlike_count"": 0, ""score"": 0, ""author_badges"": []}, {""post_id"": 3277, ""anonymous_code"": ""코끼리-2877"", ""post_type"": ""trade_share"", ""title"": ""[매수 공유] 삼성전자 추가 매수했습니다!"", ""like_count"": 0, ""unlike_count"": 0, ""score"": 0, ""author_badges"": []}, {""post_id"": 3278, ""anonymous_code"": ""사자-5055"", ""post_type"": ""trade_share"", ""title"": ""오늘 삼성전자 매수했습니다!"", ""like_count"": 0, ""unlike_count"": 0, ""score"": 0, ""author_badges"": [""상위 수익자"", ""자산가""]}, {""post_id"": 3279, ""anonymous_code"": ""곰-1911"", ""post_type"": ""analysis"", ""title"": ""삼성전자, 현재 시장 상황과 기술적 분석"", ""like_count"": 0, ""unlike_count"": 0, ""score"": 0, ""author_badges"": [""커뮤니티 인플루언서""]}, {""post_id"": 3280, ""anonymous_code"": ""곰-9761"", ""post_type"": ""trade_share"", ""title"": ""오늘 삼성전자 추가 매수했습니다!"", ""like_count"": 0, ""unlike_count"": 0, ""score"": 0, ""author_badges"": [""상위 수익자"", ""자산가""]}, {""post_id"": 3281, ""anonymous_code"": ""황소-8760"", ""post_type"": ""trade_share"", ""title"": ""삼성전자 신규 매수 소식 공유합니다!"", ""like_count"": 0, ""unlike_count"": 0, ""score"": 0, ""author_badges"": []}, {""post_id"": 3282, ""anonymous_code"": ""돌고래-5159"", ""post_type"": ""analysis"", ""title"": ""삼성전자, 450조 투자 계획과 단기 리스크의 교차점에서"", ""like_count"": 0, ""unlike_count"": 0, ""score"": 0, ""author_badges"": []}, {""post_id"": 3283, ""anonymous_code"": ""독수리-8072"", ""post_type"": ""trade_share"", ""title"": ""[매수 공유] 삼성전자 추가 매수했습니다!"", ""like_count"": 0, ""unlike_count"": 0, ""score"": 0, ""author_badges"": [""상위 수익자"", ""자산가""]}, {""post_id"": 3284, ""anonymous_code"": ""늑대-4264"", ""post_type"": ""trade_share"", ""title"": ""오늘 삼성전자 추가 매수했습니다!"", ""like_count"": 0, ""unlike_count"": 0, ""score"": 0, ""author_badges"": []}, {""post_id"": 3285, ""anonymous_code"": ""여우-2283"", ""post_type"": ""trade_share"", ""title"": ""[매수] 삼성전자 추가 매수했습니다!"", ""like_count"": 0, ""unlike_count"": 0, ""score"": 0, ""author_badges"": []}]"
chunk_009_2026-04-27_2026-05-04,2026-04-28,4,A003,1,5,19,"[3266, 3268, 3269, 3270, 3271, 3272, 3273, 3274, 3275, 3276, 3277, 3278, 3279, 3280, 3281, 3282, 3283, 3284, 3285]","[{""post_id"": 3266, ""anonymous_code"": ""호랑이-8886"", ""post_type"": ""trade_share"", ""title"": ""오늘 삼성전자 10주 매수했습니다!"", ""like_count"": 0, ""unlike_count"": 0, ""score"": 0, ""author_badges"": [""커뮤니티 인플루언서""]}, {""post_id"": 3268, ""anonymous_code"": ""코끼리-6457"", ""post_type"": ""trade_share"", ""title"": ""오늘 삼성전자 100주 매수했습니다!"", ""like_count"": 0, ""unlike_count"": 0, ""score"": 0, ""author_badges"": [""상위 수익자"", ""자산가""]}, {""post_id"": 3269, ""anonymous_code"": ""황소-9750"", ""post_type"": ""trade_share"", ""title"": ""오늘 삼성전자 매수했습니다!"", ""like_count"": 0, ""unlike_count"": 0, ""score"": 0, ""author_badges"": []}, {""post_id"": 3270, ""anonymous_code"": ""늑대-8884"", ""post_type"": ""trade_share"", ""title"": ""오늘 삼성전자 100주 매수했습니다!"", ""like_count"": 0, ""unlike_count"": 0, ""score"": 0, ""author_badges"": [""커뮤니티 인플루언서""]}, {""post_id"": 3271, ""anonymous_code"": ""여우-7933"", ""post_type"": ""trade_share"", ""title"": ""오늘 삼성전자 75주 매수했습니다!"", ""like_count"": 0, ""unlike_count"": 0, ""score"": 0, ""author_badges"": []}, {""post_id"": 3272, ""anonymous_code"": ""독수리-4082"", ""post_type"": ""trade_share"", ""title"": ""삼성전자 100주 매수했습니다!"", ""like_count"": 0, ""unlike_count"": 0, ""score"": 0, ""author_badges"": [""상위 수익자"", ""자산가""]}, {""post_id"": 3273, ""anonymous_code"": ""펭귄-3788"", ""post_type"": ""trade_share"", ""title"": ""오늘 삼성전자 매수했습니다!"", ""like_count"": 0, ""unlike_count"": 0, ""score"": 0, ""author_badges"": [""커뮤니티 인플루언서""]}, {""post_id"": 3274, ""anonymous_code"": ""사자-8665"", ""post_type"": ""trade_share"", ""title"": ""[매수] 삼성전자 100주 추가 매수했습니다!"", ""like_count"": 0, ""unlike_count"": 0, ""score"": 0, ""author_badges"": [""상위 수익자"", ""자산가""]}, {""post_id"": 3275, ""anonymous_code"": ""돌고래-5489"", ""post_type"": ""trade_share"", ""title"": ""오늘 삼성전자 추가 매수했습니다!"", ""like_count"": 0, ""unlike_count"": 0, ""score"": 0, ""author_badges"": []}, {""post_id"": 3276, ""anonymous_code"": ""사자-5895"", ""post_type"": ""trade_share"", ""title"": ""오늘 삼성전자 추가 매수했습니다!"", ""like_count"": 0, ""unlike_count"": 0, ""score"": 0, ""author_badges"": []}, {""post_id"": 3277, ""anonymous_code"": ""코끼리-2877"", ""post_type"": ""trade_share"", ""title"": ""[매수 공유] 삼성전자 추가 매수했습니다!"", ""like_count"": 0, ""unlike_count"": 0, ""score"": 0, ""author_badges"": []}, {""post_id"": 3278, ""anonymous_code"": ""사자-5055"", ""post_type"": ""trade_share"", ""title"": ""오늘 삼성전자 매수했습니다!"", ""like_count"": 0, ""unlike_count"": 0, ""score"": 0, ""author_badges"": [""상위 수익자"", ""자산가""]}, {""post_id"": 3279, ""anonymous_code"": ""곰-1911"", ""post_type"": ""analysis"", ""title"": ""삼성전자, 현재 시장 상황과 기술적 분석"", ""like_count"": 0, ""unlike_count"": 0, ""score"": 0, ""author_badges"": [""커뮤니티 인플루언서""]}, {""post_id"": 3280, ""anonymous_code"": ""곰-9761"", ""post_type"": ""trade_share"", ""title"": ""오늘 삼성전자 추가 매수했습니다!"", ""like_count"": 0, ""unlike_count"": 0, ""score"": 0, ""author_badges"": [""상위 수익자"", ""자산가""]}, {""post_id"": 3281, ""anonymous_code"": ""황소-8760"", ""post_type"": ""trade_share"", ""title"": ""삼성전자 신규 매수 소식 공유합니다!"", ""like_count"": 0, ""unlike_count"": 0, ""score"": 0, ""author_badges"": []}, {""post_id"": 3282, ""anonymous_code"": ""돌고래-5159"", ""post_type"": ""analysis"", ""title"": ""삼성전자, 450조 투자 계획과 단기 리스크의 교차점에서"", ""like_count"": 0, ""unlike_count"": 0, ""score"": 0, ""author_badges"": []}, {""post_id"": 3283, ""anonymous_code"": ""독수리-8072"", ""post_type"": ""trade_share"", ""title"": ""[매수 공유] 삼성전자 추가 매수했습니다!"", ""like_count"": 0, ""unlike_count"": 0, ""score"": 0, ""author_badges"": [""상위 수익자"", ""자산가""]}, {""post_id"": 3284, ""anonymous_code"": ""늑대-4264"", ""post_type"": ""trade_share"", ""title"": ""오늘 삼성전자 추가 매수했습니다!"", ""like_count"": 0, ""unlike_count"": 0, ""score"": 0, ""author_badges"": []}, {""post_id"": 3285, ""anonymous_code"": ""여우-2283"", ""post_type"": ""trade_share"", ""title"": ""[매수] 삼성전자 추가 매수했습니다!"", ""like_count"": 0, ""unlike_count"": 0, ""score"": 0, ""author_badges"": []}]"
chunk_009_2026-04-27_2026-05-04,2026-04-28,4,A004,1,5,19,"[3266, 3267, 3269, 3270, 3271, 3272, 3273, 3274, 3275, 3276, 3277, 3278, 3279, 3280, 3281, 3282, 3283, 3284, 3285]","[{""post_id"": 3266, ""anonymous_code"": ""호랑이-8886"", ""post_type"": ""trade_share"", ""title"": ""오늘 삼성전자 10주 매수했습니다!"", ""like_count"": 0, ""unlike_count"": 0, ""score"": 0, ""author_badges"": [""커뮤니티 인플루언서""]}, {""post_id"": 3267, ""anonymous_code"": ""곰-1801"", ""post_type"": ""trade_share"", ""title"": ""삼성전자 추가 매수했습니다!"", ""like_count"": 0, ""unlike_count"": 0, ""score"": 0, ""author_badges"": []}, {""post_id"": 3269, ""anonymous_code"": ""황소-9750"", ""post_type"": ""trade_share"", ""title"": ""오늘 삼성전자 매수했습니다!"", ""like_count"": 0, ""unlike_count"": 0, ""score"": 0, ""author_badges"": []}, {""post_id"": 3270, ""anonymous_code"": ""늑대-8884"", ""post_type"": ""trade_share"", ""title"": ""오늘 삼성전자 100주 매수했습니다!"", ""like_count"": 0, ""unlike_count"": 0, ""score"": 0, ""author_badges"": [""커뮤니티 인플루언서""]}, {""post_id"": 3271, ""anonymous_code"": ""여우-7933"", ""post_type"": ""trade_share"", ""title"": ""오늘 삼성전자 75주 매수했습니다!"", ""like_count"": 0, ""unlike_count"": 0, ""score"": 0, ""author_badges"": []}, {""post_id"": 3272, ""anonymous_code"": ""독수리-4082"", ""post_type"": ""trade_share"", ""title"": ""삼성전자 100주 매수했습니다!"", ""like_count"": 0, ""unlike_count"": 0, ""score"": 0, ""author_badges"": [""상위 수익자"", ""자산가""]}, {""post_id"": 3273, ""anonymous_code"": ""펭귄-3788"", ""post_type"": ""trade_share"", ""title"": ""오늘 삼성전자 매수했습니다!"", ""like_count"": 0, ""unlike_count"": 0, ""score"": 0, ""author_badges"": [""커뮤니티 인플루언서""]}, {""post_id"": 3274, ""anonymous_code"": ""사자-8665"", ""post_type"": ""trade_share"", ""title"": ""[매수] 삼성전자 100주 추가 매수했습니다!"", ""like_count"": 0, ""unlike_count"": 0, ""score"": 0, ""author_badges"": [""상위 수익자"", ""자산가""]}, {""post_id"": 3275, ""anonymous_code"": ""돌고래-5489"", ""post_type"": ""trade_share"", ""title"": ""오늘 삼성전자 추가 매수했습니다!"", ""like_count"": 0, ""unlike_count"": 0, ""score"": 0, ""author_badges"": []}, {""post_id"": 3276, ""anonymous_code"": ""사자-5895"", ""post_type"": ""trade_share"", ""title"": ""오늘 삼성전자 추가 매수했습니다!"", ""like_count"": 0, ""unlike_count"": 0, ""score"": 0, ""author_badges"": []}, {""post_id"": 3277, ""anonymous_code"": ""코끼리-2877"", ""post_type"": ""trade_share"", ""title"": ""[매수 공유] 삼성전자 추가 매수했습니다!"", ""like_count"": 0, ""unlike_count"": 0, ""score"": 0, ""author_badges"": []}, {""post_id"": 3278, ""anonymous_code"": ""사자-5055"", ""post_type"": ""trade_share"", ""title"": ""오늘 삼성전자 매수했습니다!"", ""like_count"": 0, ""unlike_count"": 0, ""score"": 0, ""author_badges"": [""상위 수익자"", ""자산가""]}, {""post_id"": 3279, ""anonymous_code"": ""곰-1911"", ""post_type"": ""analysis"", ""title"": ""삼성전자, 현재 시장 상황과 기술적 분석"", ""like_count"": 0, ""unlike_count"": 0, ""score"": 0, ""author_badges"": [""커뮤니티 인플루언서""]}, {""post_id"": 3280, ""anonymous_code"": ""곰-9761"", ""post_type"": ""trade_share"", ""title"": ""오늘 삼성전자 추가 매수했습니다!"", ""like_count"": 0, ""unlike_count"": 0, ""score"": 0, ""author_badges"": [""상위 수익자"", ""자산가""]}, {""post_id"": 3281, ""anonymous_code"": ""황소-8760"", ""post_type"": ""trade_share"", ""title"": ""삼성전자 신규 매수 소식 공유합니다!"", ""like_count"": 0, ""unlike_count"": 0, ""score"": 0, ""author_badges"": []}, {""post_id"": 3282, ""anonymous_code"": ""돌고래-5159"", ""post_type"": ""analysis"", ""title"": ""삼성전자, 450조 투자 계획과 단기 리스크의 교차점에서"", ""like_count"": 0, ""unlike_count"": 0, ""score"": 0, ""author_badges"": []}, {""post_id"": 3283, ""anonymous_code"": ""독수리-8072"", ""post_type"": ""trade_share"", ""title"": ""[매수 공유] 삼성전자 추가 매수했습니다!"", ""like_count"": 0, ""unlike_count"": 0, ""score"": 0, ""author_badges"": [""상위 수익자"", ""자산가""]}, {""post_id"": 3284, ""anonymous_code"": ""늑대-4264"", ""post_type"": ""trade_share"", ""title"": ""오늘 삼성전자 추가 매수했습니다!"", ""like_count"": 0, ""unlike_count"": 0, ""score"": 0, ""author_badges"": []}, {""post_id"": 3285, ""anonymous_code"": ""여우-2283"", ""post_type"": ""trade_share"", ""title"": ""[매수] 삼성전자 추가 매수했습니다!"", ""like_count"": 0, ""unlike_count"": 0, ""score"": 0, ""author_badges"": []}]"
chunk_009_2026-04-27_2026-05-04,2026-04-28,4,A005,1,5,19,"[3266, 3267, 3268, 3270, 3271, 3272, 3273, 3274, 3275, 3276, 3277, 3278, 3279, 3280, 3281, 3282, 3283, 3284, 3285]","[{""post_id"": 3266, ""anonymous_code"": ""호랑이-8886"", ""post_type"": ""trade_share"", ""title"": ""오늘 삼성전자 10주 매수했습니다!"", ""like_count"": 0, ""unlike_count"": 0, ""score"": 0, ""author_badges"": [""커뮤니티 인플루언서""]}, {""post_id"": 3267, ""anonymous_code"": ""곰-1801"", ""post_type"": ""trade_share"", ""title"": ""삼성전자 추가 매수했습니다!"", ""like_count"": 0, ""unlike_count"": 0, ""score"": 0, ""author_badges"": []}, {""post_id"": 3268, ""anonymous_code"": ""코끼리-6457"", ""post_type"": ""trade_share"", ""title"": ""오늘 삼성전자 100주 매수했습니다!"", ""like_count"": 0, ""unlike_count"": 0, ""score"": 0, ""author_badges"": [""상위 수익자"", ""자산가""]}, {""post_id"": 3270, ""anonymous_code"": ""늑대-8884"", ""post_type"": ""trade_share"", ""title"": ""오늘 삼성전자 100주 매수했습니다!"", ""like_count"": 0, ""unlike_count"": 0, ""score"": 0, ""author_badges"": [""커뮤니티 인플루언서""]}, {""post_id"": 3271, ""anonymous_code"": ""여우-7933"", ""post_type"": ""trade_share"", ""title"": ""오늘 삼성전자 75주 매수했습니다!"", ""like_count"": 0, ""unlike_count"": 0, ""score"": 0, ""author_badges"": []}, {""post_id"": 3272, ""anonymous_code"": ""독수리-4082"", ""post_type"": ""trade_share"", ""title"": ""삼성전자 100주 매수했습니다!"", ""like_count"": 0, ""unlike_count"": 0, ""score"": 0, ""author_badges"": [""상위 수익자"", ""자산가""]}, {""post_id"": 3273, ""anonymous_code"": ""펭귄-3788"", ""post_type"": ""trade_share"", ""title"": ""오늘 삼성전자 매수했습니다!"", ""like_count"": 0, ""unlike_count"": 0, ""score"": 0, ""author_badges"": [""커뮤니티 인플루언서""]}, {""post_id"": 3274, ""anonymous_code"": ""사자-8665"", ""post_type"": ""trade_share"", ""title"": ""[매수] 삼성전자 100주 추가 매수했습니다!"", ""like_count"": 0, ""unlike_count"": 0, ""score"": 0, ""author_badges"": [""상위 수익자"", ""자산가""]}, {""post_id"": 3275, ""anonymous_code"": ""돌고래-5489"", ""post_type"": ""trade_share"", ""title"": ""오늘 삼성전자 추가 매수했습니다!"", ""like_count"": 0, ""unlike_count"": 0, ""score"": 0, ""author_badges"": []}, {""post_id"": 3276, ""anonymous_code"": ""사자-5895"", ""post_type"": ""trade_share"", ""title"": ""오늘 삼성전자 추가 매수했습니다!"", ""like_count"": 0, ""unlike_count"": 0, ""score"": 0, ""author_badges"": []}, {""post_id"": 3277, ""anonymous_code"": ""코끼리-2877"", ""post_type"": ""trade_share"", ""title"": ""[매수 공유] 삼성전자 추가 매수했습니다!"", ""like_count"": 0, ""unlike_count"": 0, ""score"": 0, ""author_badges"": []}, {""post_id"": 3278, ""anonymous_code"": ""사자-5055"", ""post_type"": ""trade_share"", ""title"": ""오늘 삼성전자 매수했습니다!"", ""like_count"": 0, ""unlike_count"": 0, ""score"": 0, ""author_badges"": [""상위 수익자"", ""자산가""]}, {""post_id"": 3279, ""anonymous_code"": ""곰-1911"", ""post_type"": ""analysis"", ""title"": ""삼성전자, 현재 시장 상황과 기술적 분석"", ""like_count"": 0, ""unlike_count"": 0, ""score"": 0, ""author_badges"": [""커뮤니티 인플루언서""]}, {""post_id"": 3280, ""anonymous_code"": ""곰-9761"", ""post_type"": ""trade_share"", ""title"": ""오늘 삼성전자 추가 매수했습니다!"", ""like_count"": 0, ""unlike_count"": 0, ""score"": 0, ""author_badges"": [""상위 수익자"", ""자산가""]}, {""post_id"": 3281, ""anonymous_code"": ""황소-8760"", ""post_type"": ""trade_share"", ""title"": ""삼성전자 신규 매수 소식 공유합니다!"", ""like_count"": 0, ""unlike_count"": 0, ""score"": 0, ""author_badges"": []}, {""post_id"": 3282, ""anonymous_code"": ""돌고래-5159"", ""post_type"": ""analysis"", ""title"": ""삼성전자, 450조 투자 계획과 단기 리스크의 교차점에서"", ""like_count"": 0, ""unlike_count"": 0, ""score"": 0, ""author_badges"": []}, {""post_id"": 3283, ""anonymous_code"": ""독수리-8072"", ""post_type"": ""trade_share"", ""title"": ""[매수 공유] 삼성전자 추가 매수했습니다!"", ""like_count"": 0, ""unlike_count"": 0, ""score"": 0, ""author_badges"": [""상위 수익자"", ""자산가""]}, {""post_id"": 3284, ""anonymous_code"": ""늑대-4264"", ""post_type"": ""trade_share"", ""title"": ""오늘 삼성전자 추가 매수했습니다!"", ""like_count"": 0, ""unlike_count"": 0, ""score"": 0, ""author_badges"": []}, {""post_id"": 3285, ""anonymous_code"": ""여우-2283"", ""post_type"": ""trade_share"", ""title"": ""[매수] 삼성전자 추가 매수했습니다!"", ""like_count"": 0, ""unlike_count"": 0, ""score"": 0, ""author_badges"": []}]"
chunk_009_2026-04-27_2026-05-04,2026-04-28,4,A006,1,5,19,"[3266, 3267, 3268, 3269, 3271, 3272, 3273, 3274, 3275, 3276, 3277, 3278, 3279, 3280, 3281, 3282, 3283, 3284, 3285]","[{""post_id"": 3266, ""anonymous_code"": ""호랑이-8886"", ""post_type"": ""trade_share"", ""title"": ""오늘 삼성전자 10주 매수했습니다!"", ""like_count"": 0, ""unlike_count"": 1, ""score"": -1, ""author_badges"": [""커뮤니티 인플루언서""]}, {""post_id"": 3267, ""anonymous_code"": ""곰-1801"", ""post_type"": ""trade_share"", ""title"": ""삼성전자 추가 매수했습니다!"", ""like_count"": 0, ""unlike_count"": 0, ""score"": 0, ""author_badges"": []}, {""post_id"": 3268, ""anonymous_code"": ""코끼리-6457"", ""post_type"": ""trade_share"", ""title"": ""오늘 삼성전자 100주 매수했습니다!"", ""like_count"": 0, ""unlike_count"": 0, ""score"": 0, ""author_badges"": [""상위 수익자"", ""자산가""]}, {""post_id"": 3269, ""anonymous_code"": ""황소-9750"", ""post_type"": ""trade_share"", ""title"": ""오늘 삼성전자 매수했습니다!"", ""like_count"": 0, ""unlike_count"": 0, ""score"": 0, ""author_badges"": []}, {""post_id"": 3271, ""anonymous_code"": ""여우-7933"", ""post_type"": ""trade_share"", ""title"": ""오늘 삼성전자 75주 매수했습니다!"", ""like_count"": 0, ""unlike_count"": 1, ""score"": -1, ""author_badges"": []}, {""post_id"": 3272, ""anonymous_code"": ""독수리-4082"", ""post_type"": ""trade_share"", ""title"": ""삼성전자 100주 매수했습니다!"", ""like_count"": 0, ""unlike_count"": 0, ""score"": 0, ""author_badges"": [""상위 수익자"", ""자산가""]}, {""post_id"": 3273, ""anonymous_code"": ""펭귄-3788"", ""post_type"": ""trade_share"", ""title"": ""오늘 삼성전자 매수했습니다!"", ""like_count"": 0, ""unlike_count"": 0, ""score"": 0, ""author_badges"": [""커뮤니티 인플루언서""]}, {""post_id"": 3274, ""anonymous_code"": ""사자-8665"", ""post_type"": ""trade_share"", ""title"": ""[매수] 삼성전자 100주 추가 매수했습니다!"", ""like_count"": 0, ""unlike_count"": 0, ""score"": 0, ""author_badges"": [""상위 수익자"", ""자산가""]}, {""post_id"": 3275, ""anonymous_code"": ""돌고래-5489"", ""post_type"": ""trade_share"", ""title"": ""오늘 삼성전자 추가 매수했습니다!"", ""like_count"": 0, ""unlike_count"": 0, ""score"": 0, ""author_badges"": []}, {""post_id"": 3276, ""anonymous_code"": ""사자-5895"", ""post_type"": ""trade_share"", ""title"": ""오늘 삼성전자 추가 매수했습니다!"", ""like_count"": 0, ""unlike_count"": 0, ""score"": 0, ""author_badges"": []}, {""post_id"": 3277, ""anonymous_code"": ""코끼리-2877"", ""post_type"": ""trade_share"", ""title"": ""[매수 공유] 삼성전자 추가 매수했습니다!"", ""like_count"": 0, ""unlike_count"": 0, ""score"": 0, ""author_badges"": []}, {""post_id"": 3278, ""anonymous_code"": ""사자-5055"", ""post_type"": ""trade_share"", ""title"": ""오늘 삼성전자 매수했습니다!"", ""like_count"": 0, ""unlike_count"": 0, ""score"": 0, ""author_badges"": [""상위 수익자"", ""자산가""]}, {""post_id"": 3279, ""anonymous_code"": ""곰-1911"", ""post_type"": ""analysis"", ""title"": ""삼성전자, 현재 시장 상황과 기술적 분석"", ""like_count"": 1, ""unlike_count"": 0, ""score"": 1, ""author_badges"": [""커뮤니티 인플루언서""]}, {""post_id"": 3280, ""anonymous_code"": ""곰-9761"", ""post_type"": ""trade_share"", ""title"": ""오늘 삼성전자 추가 매수했습니다!"", ""like_count"": 0, ""unlike_count"": 0, ""score"": 0, ""author_badges"": [""상위 수익자"", ""자산가""]}, {""post_id"": 3281, ""anonymous_code"": ""황소-8760"", ""post_type"": ""trade_share"", ""title"": ""삼성전자 신규 매수 소식 공유합니다!"", ""like_count"": 0, ""unlike_count"": 0, ""score"": 0, ""author_badges"": []}, {""post_id"": 3282, ""anonymous_code"": ""돌고래-5159"", ""post_type"": ""analysis"", ""title"": ""삼성전자, 450조 투자 계획과 단기 리스크의 교차점에서"", ""like_count"": 0, ""unlike_count"": 0, ""score"": 0, ""author_badges"": []}, {""post_id"": 3283, ""anonymous_code"": ""독수리-8072"", ""post_type"": ""trade_share"", ""title"": ""[매수 공유] 삼성전자 추가 매수했습니다!"", ""like_count"": 0, ""unlike_count"": 0, ""score"": 0, ""author_badges"": [""상위 수익자"", ""자산가""]}, {""post_id"": 3284, ""anonymous_code"": ""늑대-4264"", ""post_type"": ""trade_share"", ""title"": ""오늘 삼성전자 추가 매수했습니다!"", ""like_count"": 0, ""unlike_count"": 0, ""score"": 0, ""author_badges"": []}, {""post_id"": 3285, ""anonymous_code"": ""여우-2283"", ""post_type"": ""trade_share"", ""title"": ""[매수] 삼성전자 추가 매수했습니다!"", ""like_count"": 0, ""unlike_count"": 0, ""score"": 0, ""author_badges"": []}]"
chunk_009_2026-04-27_2026-05-04,2026-04-28,4,A007,2,10,19,"[3266, 3267, 3268, 3269, 3270, 3271, 3273, 3274, 3275, 3276, 3277, 3278, 3279, 3280, 3281, 3282, 3283, 3284, 3285]","[{""post_id"": 3266, ""anonymous_code"": ""호랑이-8886"", ""post_type"": ""trade_share"", ""title"": ""오늘 삼성전자 10주 매수했습니다!"", ""like_count"": 0, ""unlike_count"": 1, ""score"": -1, ""author_badges"": [""커뮤니티 인플루언서""]}, {""post_id"": 3267, ""anonymous_code"": ""곰-1801"", ""post_type"": ""trade_share"", ""title"": ""삼성전자 추가 매수했습니다!"", ""like_count"": 0, ""unlike_count"": 0, ""score"": 0, ""author_badges"": []}, {""post_id"": 3268, ""anonymous_code"": ""코끼리-6457"", ""post_type"": ""trade_share"", ""title"": ""오늘 삼성전자 100주 매수했습니다!"", ""like_count"": 0, ""unlike_count"": 1, ""score"": -1, ""author_badges"": [""상위 수익자"", ""자산가""]}, {""post_id"": 3269, ""anonymous_code"": ""황소-9750"", ""post_type"": ""trade_share"", ""title"": ""오늘 삼성전자 매수했습니다!"", ""like_count"": 0, ""unlike_count"": 0, ""score"": 0, ""author_badges"": []}, {""post_id"": 3270, ""anonymous_code"": ""늑대-8884"", ""post_type"": ""trade_share"", ""title"": ""오늘 삼성전자 100주 매수했습니다!"", ""like_count"": 0, ""unlike_count"": 0, ""score"": 0, ""author_badges"": [""커뮤니티 인플루언서""]}, {""post_id"": 3271, ""anonymous_code"": ""여우-7933"", ""post_type"": ""trade_share"", ""title"": ""오늘 삼성전자 75주 매수했습니다!"", ""like_count"": 0, ""unlike_count"": 1, ""score"": -1, ""author_badges"": []}, {""post_id"": 3273, ""anonymous_code"": ""펭귄-3788"", ""post_type"": ""trade_share"", ""title"": ""오늘 삼성전자 매수했습니다!"", ""like_count"": 0, ""unlike_count"": 0, ""score"": 0, ""author_badges"": [""커뮤니티 인플루언서""]}, {""post_id"": 3274, ""anonymous_code"": ""사자-8665"", ""post_type"": ""trade_share"", ""title"": ""[매수] 삼성전자 100주 추가 매수했습니다!"", ""like_count"": 0, ""unlike_count"": 1, ""score"": -1, ""author_badges"": [""상위 수익자"", ""자산가""]}, {""post_id"": 3275, ""anonymous_code"": ""돌고래-5489"", ""post_type"": ""trade_share"", ""title"": ""오늘 삼성전자 추가 매수했습니다!"", ""like_count"": 0, ""unlike_count"": 0, ""score"": 0, ""author_badges"": []}, {""post_id"": 3276, ""anonymous_code"": ""사자-5895"", ""post_type"": ""trade_share"", ""title"": ""오늘 삼성전자 추가 매수했습니다!"", ""like_count"": 0, ""unlike_count"": 0, ""score"": 0, ""author_badges"": []}, {""post_id"": 3277, ""anonymous_code"": ""코끼리-2877"", ""post_type"": ""trade_share"", ""title"": ""[매수 공유] 삼성전자 추가 매수했습니다!"", ""like_count"": 0, ""unlike_count"": 0, ""score"": 0, ""author_badges"": []}, {""post_id"": 3278, ""anonymous_code"": ""사자-5055"", ""post_type"": ""trade_share"", ""title"": ""오늘 삼성전자 매수했습니다!"", ""like_count"": 0, ""unlike_count"": 0, ""score"": 0, ""author_badges"": [""상위 수익자"", ""자산가""]}, {""post_id"": 3279, ""anonymous_code"": ""곰-1911"", ""post_type"": ""analysis"", ""title"": ""삼성전자, 현재 시장 상황과 기술적 분석"", ""like_count"": 2, ""unlike_count"": 0, ""score"": 2, ""author_badges"": [""커뮤니티 인플루언서""]}, {""post_id"": 3280, ""anonymous_code"": ""곰-9761"", ""post_type"": ""trade_share"", ""title"": ""오늘 삼성전자 추가 매수했습니다!"", ""like_count"": 0, ""unlike_count"": 0, ""score"": 0, ""author_badges"": [""상위 수익자"", ""자산가""]}, {""post_id"": 3281, ""anonymous_code"": ""황소-8760"", ""post_type"": ""trade_share"", ""title"": ""삼성전자 신규 매수 소식 공유합니다!"", ""like_count"": 0, ""unlike_count"": 0, ""score"": 0, ""author_badges"": []}, {""post_id"": 3282, ""anonymous_code"": ""돌고래-5159"", ""post_type"": ""analysis"", ""title"": ""삼성전자, 450조 투자 계획과 단기 리스크의 교차점에서"", ""like_count"": 1, ""unlike_count"": 0, ""score"": 1, ""author_badges"": []}, {""post_id"": 3283, ""anonymous_code"": ""독수리-8072"", ""post_type"": ""trade_share"", ""title"": ""[매수 공유] 삼성전자 추가 매수했습니다!"", ""like_count"": 0, ""unlike_count"": 0, ""score"": 0, ""author_badges"": [""상위 수익자"", ""자산가""]}, {""post_id"": 3284, ""anonymous_code"": ""늑대-4264"", ""post_type"": ""trade_share"", ""title"": ""오늘 삼성전자 추가 매수했습니다!"", ""like_count"": 0, ""unlike_count"": 0, ""score"": 0, ""author_badges"": []}, {""post_id"": 3285, ""anonymous_code"": ""여우-2283"", ""post_type"": ""trade_share"", ""title"": ""[매수] 삼성전자 추가 매수했습니다!"", ""like_count"": 0, ""unlike_count"": 0, ""score"": 0, ""author_badges"": []}]"
chunk_009_2026-04-27_2026-05-04,2026-04-28,4,A008,1,5,19,"[3266, 3267, 3268, 3269, 3270, 3272, 3273, 3274, 3275, 3276, 3277, 3278, 3279, 3280, 3281, 3282, 3283, 3284, 3285]","[{""post_id"": 3266, ""anonymous_code"": ""호랑이-8886"", ""post_type"": ""trade_share"", ""title"": ""오늘 삼성전자 10주 매수했습니다!"", ""like_count"": 0, ""unlike_count"": 2, ""score"": -2, ""author_badges"": [""커뮤니티 인플루언서""]}, {""post_id"": 3267, ""anonymous_code"": ""곰-1801"", ""post_type"": ""trade_share"", ""title"": ""삼성전자 추가 매수했습니다!"", ""like_count"": 0, ""unlike_count"": 0, ""score"": 0, ""author_badges"": []}, {""post_id"": 3268, ""anonymous_code"": ""코끼리-6457"", ""post_type"": ""trade_share"", ""title"": ""오늘 삼성전자 100주 매수했습니다!"", ""like_count"": 0, ""unlike_count"": 1, ""score"": -1, ""author_badges"": [""상위 수익자"", ""자산가""]}, {""post_id"": 3269, ""anonymous_code"": ""황소-9750"", ""post_type"": ""trade_share"", ""title"": ""오늘 삼성전자 매수했습니다!"", ""like_count"": 0, ""unlike_count"": 0, ""score"": 0, ""author_badges"": []}, {""post_id"": 3270, ""anonymous_code"": ""늑대-8884"", ""post_type"": ""trade_share"", ""title"": ""오늘 삼성전자 100주 매수했습니다!"", ""like_count"": 0, ""unlike_count"": 1, ""score"": -1, ""author_badges"": [""커뮤니티 인플루언서""]}, {""post_id"": 3272, ""anonymous_code"": ""독수리-4082"", ""post_type"": ""trade_share"", ""title"": ""삼성전자 100주 매수했습니다!"", ""like_count"": 0, ""unlike_count"": 1, ""score"": -1, ""author_badges"": [""상위 수익자"", ""자산가""]}, {""post_id"": 3273, ""anonymous_code"": ""펭귄-3788"", ""post_type"": ""trade_share"", ""title"": ""오늘 삼성전자 매수했습니다!"", ""like_count"": 0, ""unlike_count"": 0, ""score"": 0, ""author_badges"": [""커뮤니티 인플루언서""]}, {""post_id"": 3274, ""anonymous_code"": ""사자-8665"", ""post_type"": ""trade_share"", ""title"": ""[매수] 삼성전자 100주 추가 매수했습니다!"", ""like_count"": 0, ""unlike_count"": 2, ""score"": -2, ""author_badges"": [""상위 수익자"", ""자산가""]}, {""post_id"": 3275, ""anonymous_code"": ""돌고래-5489"", ""post_type"": ""trade_share"", ""title"": ""오늘 삼성전자 추가 매수했습니다!"", ""like_count"": 0, ""unlike_count"": 0, ""score"": 0, ""author_badges"": []}, {""post_id"": 3276, ""anonymous_code"": ""사자-5895"", ""post_type"": ""trade_share"", ""title"": ""오늘 삼성전자 추가 매수했습니다!"", ""like_count"": 0, ""unlike_count"": 0, ""score"": 0, ""author_badges"": []}, {""post_id"": 3277, ""anonymous_code"": ""코끼리-2877"", ""post_type"": ""trade_share"", ""title"": ""[매수 공유] 삼성전자 추가 매수했습니다!"", ""like_count"": 0, ""unlike_count"": 0, ""score"": 0, ""author_badges"": []}, {""post_id"": 3278, ""anonymous_code"": ""사자-5055"", ""post_type"": ""trade_share"", ""title"": ""오늘 삼성전자 매수했습니다!"", ""like_count"": 0, ""unlike_count"": 0, ""score"": 0, ""author_badges"": [""상위 수익자"", ""자산가""]}, {""post_id"": 3279, ""anonymous_code"": ""곰-1911"", ""post_type"": ""analysis"", ""title"": ""삼성전자, 현재 시장 상황과 기술적 분석"", ""like_count"": 3, ""unlike_count"": 0, ""score"": 3, ""author_badges"": [""커뮤니티 인플루언서""]}, {""post_id"": 3280, ""anonymous_code"": ""곰-9761"", ""post_type"": ""trade_share"", ""title"": ""오늘 삼성전자 추가 매수했습니다!"", ""like_count"": 0, ""unlike_count"": 0, ""score"": 0, ""author_badges"": [""상위 수익자"", ""자산가""]}, {""post_id"": 3281, ""anonymous_code"": ""황소-8760"", ""post_type"": ""trade_share"", ""title"": ""삼성전자 신규 매수 소식 공유합니다!"", ""like_count"": 0, ""unlike_count"": 0, ""score"": 0, ""author_badges"": []}, {""post_id"": 3282, ""anonymous_code"": ""돌고래-5159"", ""post_type"": ""analysis"", ""title"": ""삼성전자, 450조 투자 계획과 단기 리스크의 교차점에서"", ""like_count"": 1, ""unlike_count"": 0, ""score"": 1, ""author_badges"": []}, {""post_id"": 3283, ""anonymous_code"": ""독수리-8072"", ""post_type"": ""trade_share"", ""title"": ""[매수 공유] 삼성전자 추가 매수했습니다!"", ""like_count"": 0, ""unlike_count"": 0, ""score"": 0, ""author_badges"": [""상위 수익자"", ""자산가""]}, {""post_id"": 3284, ""anonymous_code"": ""늑대-4264"", ""post_type"": ""trade_share"", ""title"": ""오늘 삼성전자 추가 매수했습니다!"", ""like_count"": 0, ""unlike_count"": 0, ""score"": 0, ""author_badges"": []}, {""post_id"": 3285, ""anonymous_code"": ""여우-2283"", ""post_type"": ""trade_share"", ""title"": ""[매수] 삼성전자 추가 매수했습니다!"", ""like_count"": 0, ""unlike_count"": 0, ""score"": 0, ""author_badges"": []}]"
chunk_009_2026-04-27_2026-05-04,2026-04-28,4,A010,1,5,19,"[3266, 3267, 3268, 3269, 3270, 3271, 3272, 3274, 3275, 3276, 3277, 3278, 3279, 3280, 3281, 3282, 3283, 3284, 3285]","[{""post_id"": 3266, ""anonymous_code"": ""호랑이-8886"", ""post_type"": ""trade_share"", ""title"": ""오늘 삼성전자 10주 매수했습니다!"", ""like_count"": 0, ""unlike_count"": 2, ""score"": -2, ""author_badges"": [""커뮤니티 인플루언서""]}, {""post_id"": 3267, ""anonymous_code"": ""곰-1801"", ""post_type"": ""trade_share"", ""title"": ""삼성전자 추가 매수했습니다!"", ""like_count"": 0, ""unlike_count"": 0, ""score"": 0, ""author_badges"": []}, {""post_id"": 3268, ""anonymous_code"": ""코끼리-6457"", ""post_type"": ""trade_share"", ""title"": ""오늘 삼성전자 100주 매수했습니다!"", ""like_count"": 0, ""unlike_count"": 2, ""score"": -2, ""author_badges"": [""상위 수익자"", ""자산가""]}, {""post_id"": 3269, ""anonymous_code"": ""황소-9750"", ""post_type"": ""trade_share"", ""title"": ""오늘 삼성전자 매수했습니다!"", ""like_count"": 0, ""unlike_count"": 0, ""score"": 0, ""author_badges"": []}, {""post_id"": 3270, ""anonymous_code"": ""늑대-8884"", ""post_type"": ""trade_share"", ""title"": ""오늘 삼성전자 100주 매수했습니다!"", ""like_count"": 0, ""unlike_count"": 1, ""score"": -1, ""author_badges"": [""커뮤니티 인플루언서""]}, {""post_id"": 3271, ""anonymous_code"": ""여우-7933"", ""post_type"": ""trade_share"", ""title"": ""오늘 삼성전자 75주 매수했습니다!"", ""like_count"": 0, ""unlike_count"": 2, ""score"": -2, ""author_badges"": []}, {""post_id"": 3272, ""anonymous_code"": ""독수리-4082"", ""post_type"": ""trade_share"", ""title"": ""삼성전자 100주 매수했습니다!"", ""like_count"": 0, ""unlike_count"": 1, ""score"": -1, ""author_badges"": [""상위 수익자"", ""자산가""]}, {""post_id"": 3274, ""anonymous_code"": ""사자-8665"", ""post_type"": ""trade_share"", ""title"": ""[매수] 삼성전자 100주 추가 매수했습니다!"", ""like_count"": 0, ""unlike_count"": 2, ""score"": -2, ""author_badges"": [""상위 수익자"", ""자산가""]}, {""post_id"": 3275, ""anonymous_code"": ""돌고래-5489"", ""post_type"": ""trade_share"", ""title"": ""오늘 삼성전자 추가 매수했습니다!"", ""like_count"": 0, ""unlike_count"": 0, ""score"": 0, ""author_badges"": []}, {""post_id"": 3276, ""anonymous_code"": ""사자-5895"", ""post_type"": ""trade_share"", ""title"": ""오늘 삼성전자 추가 매수했습니다!"", ""like_count"": 0, ""unlike_count"": 0, ""score"": 0, ""author_badges"": []}, {""post_id"": 3277, ""anonymous_code"": ""코끼리-2877"", ""post_type"": ""trade_share"", ""title"": ""[매수 공유] 삼성전자 추가 매수했습니다!"", ""like_count"": 0, ""unlike_count"": 0, ""score"": 0, ""author_badges"": []}, {""post_id"": 3278, ""anonymous_code"": ""사자-5055"", ""post_type"": ""trade_share"", ""title"": ""오늘 삼성전자 매수했습니다!"", ""like_count"": 0, ""unlike_count"": 0, ""score"": 0, ""author_badges"": [""상위 수익자"", ""자산가""]}, {""post_id"": 3279, ""anonymous_code"": ""곰-1911"", ""post_type"": ""analysis"", ""title"": ""삼성전자, 현재 시장 상황과 기술적 분석"", ""like_count"": 4, ""unlike_count"": 0, ""score"": 4, ""author_badges"": [""커뮤니티 인플루언서""]}, {""post_id"": 3280, ""anonymous_code"": ""곰-9761"", ""post_type"": ""trade_share"", ""title"": ""오늘 삼성전자 추가 매수했습니다!"", ""like_count"": 0, ""unlike_count"": 0, ""score"": 0, ""author_badges"": [""상위 수익자"", ""자산가""]}, {""post_id"": 3281, ""anonymous_code"": ""황소-8760"", ""post_type"": ""trade_share"", ""title"": ""삼성전자 신규 매수 소식 공유합니다!"", ""like_count"": 0, ""unlike_count"": 0, ""score"": 0, ""author_badges"": []}, {""post_id"": 3282, ""anonymous_code"": ""돌고래-5159"", ""post_type"": ""analysis"", ""title"": ""삼성전자, 450조 투자 계획과 단기 리스크의 교차점에서"", ""like_count"": 1, ""unlike_count"": 1, ""score"": 0, ""author_badges"": []}, {""post_id"": 3283, ""anonymous_code"": ""독수리-8072"", ""post_type"": ""trade_share"", ""title"": ""[매수 공유] 삼성전자 추가 매수했습니다!"", ""like_count"": 0, ""unlike_count"": 0, ""score"": 0, ""author_badges"": [""상위 수익자"", ""자산가""]}, {""post_id"": 3284, ""anonymous_code"": ""늑대-4264"", ""post_type"": ""trade_share"", ""title"": ""오늘 삼성전자 추가 매수했습니다!"", ""like_count"": 0, ""unlike_count"": 0, ""score"": 0, ""author_badges"": []}, {""post_id"": 3285, ""anonymous_code"": ""여우-2283"", ""post_type"": ""trade_share"", ""title"": ""[매수] 삼성전자 추가 매수했습니다!"", ""like_count"": 0, ""unlike_count"": 0, ""score"": 0, ""author_badges"": []}]"
chunk_009_2026-04-27_2026-05-04,2026-04-28,4,A011,1,5,19,"[3266, 3267, 3268, 3269, 3270, 3271, 3272, 3273, 3274, 3276, 3277, 3278, 3279, 3280, 3281, 3282, 3283, 3284, 3285]","[{""post_id"": 3266, ""anonymous_code"": ""호랑이-8886"", ""post_type"": ""trade_share"", ""title"": ""오늘 삼성전자 10주 매수했습니다!"", ""like_count"": 0, ""unlike_count"": 2, ""score"": -2, ""author_badges"": [""커뮤니티 인플루언서""]}, {""post_id"": 3267, ""anonymous_code"": ""곰-1801"", ""post_type"": ""trade_share"", ""title"": ""삼성전자 추가 매수했습니다!"", ""like_count"": 0, ""unlike_count"": 0, ""score"": 0, ""author_badges"": []}, {""post_id"": 3268, ""anonymous_code"": ""코끼리-6457"", ""post_type"": ""trade_share"", ""title"": ""오늘 삼성전자 100주 매수했습니다!"", ""like_count"": 0, ""unlike_count"": 2, ""score"": -2, ""author_badges"": [""상위 수익자"", ""자산가""]}, {""post_id"": 3269, ""anonymous_code"": ""황소-9750"", ""post_type"": ""trade_share"", ""title"": ""오늘 삼성전자 매수했습니다!"", ""like_count"": 0, ""unlike_count"": 0, ""score"": 0, ""author_badges"": []}, {""post_id"": 3270, ""anonymous_code"": ""늑대-8884"", ""post_type"": ""trade_share"", ""title"": ""오늘 삼성전자 100주 매수했습니다!"", ""like_count"": 0, ""unlike_count"": 1, ""score"": -1, ""author_badges"": [""커뮤니티 인플루언서""]}, {""post_id"": 3271, ""anonymous_code"": ""여우-7933"", ""post_type"": ""trade_share"", ""title"": ""오늘 삼성전자 75주 매수했습니다!"", ""like_count"": 0, ""unlike_count"": 2, ""score"": -2, ""author_badges"": []}, {""post_id"": 3272, ""anonymous_code"": ""독수리-4082"", ""post_type"": ""trade_share"", ""title"": ""삼성전자 100주 매수했습니다!"", ""like_count"": 0, ""unlike_count"": 1, ""score"": -1, ""author_badges"": [""상위 수익자"", ""자산가""]}, {""post_id"": 3273, ""anonymous_code"": ""펭귄-3788"", ""post_type"": ""trade_share"", ""title"": ""오늘 삼성전자 매수했습니다!"", ""like_count"": 0, ""unlike_count"": 0, ""score"": 0, ""author_badges"": [""커뮤니티 인플루언서""]}, {""post_id"": 3274, ""anonymous_code"": ""사자-8665"", ""post_type"": ""trade_share"", ""title"": ""[매수] 삼성전자 100주 추가 매수했습니다!"", ""like_count"": 0, ""unlike_count"": 2, ""score"": -2, ""author_badges"": [""상위 수익자"", ""자산가""]}, {""post_id"": 3276, ""anonymous_code"": ""사자-5895"", ""post_type"": ""trade_share"", ""title"": ""오늘 삼성전자 추가 매수했습니다!"", ""like_count"": 0, ""unlike_count"": 0, ""score"": 0, ""author_badges"": []}, {""post_id"": 3277, ""anonymous_code"": ""코끼리-2877"", ""post_type"": ""trade_share"", ""title"": ""[매수 공유] 삼성전자 추가 매수했습니다!"", ""like_count"": 0, ""unlike_count"": 0, ""score"": 0, ""author_badges"": []}, {""post_id"": 3278, ""anonymous_code"": ""사자-5055"", ""post_type"": ""trade_share"", ""title"": ""오늘 삼성전자 매수했습니다!"", ""like_count"": 1, ""unlike_count"": 0, ""score"": 1, ""author_badges"": [""상위 수익자"", ""자산가""]}, {""post_id"": 3279, ""anonymous_code"": ""곰-1911"", ""post_type"": ""analysis"", ""title"": ""삼성전자, 현재 시장 상황과 기술적 분석"", ""like_count"": 4, ""unlike_count"": 1, ""score"": 3, ""author_badges"": [""커뮤니티 인플루언서""]}, {""post_id"": 3280, ""anonymous_code"": ""곰-9761"", ""post_type"": ""trade_share"", ""title"": ""오늘 삼성전자 추가 매수했습니다!"", ""like_count"": 0, ""unlike_count"": 0, ""score"": 0, ""author_badges"": [""상위 수익자"", ""자산가""]}, {""post_id"": 3281, ""anonymous_code"": ""황소-8760"", ""post_type"": ""trade_share"", ""title"": ""삼성전자 신규 매수 소식 공유합니다!"", ""like_count"": 0, ""unlike_count"": 0, ""score"": 0, ""author_badges"": []}, {""post_id"": 3282, ""anonymous_code"": ""돌고래-5159"", ""post_type"": ""analysis"", ""title"": ""삼성전자, 450조 투자 계획과 단기 리스크의 교차점에서"", ""like_count"": 2, ""unlike_count"": 1, ""score"": 1, ""author_badges"": []}, {""post_id"": 3283, ""anonymous_code"": ""독수리-8072"", ""post_type"": ""trade_share"", ""title"": ""[매수 공유] 삼성전자 추가 매수했습니다!"", ""like_count"": 0, ""unlike_count"": 0, ""score"": 0, ""author_badges"": [""상위 수익자"", ""자산가""]}, {""post_id"": 3284, ""anonymous_code"": ""늑대-4264"", ""post_type"": ""trade_share"", ""title"": ""오늘 삼성전자 추가 매수했습니다!"", ""like_count"": 0, ""unlike_count"": 0, ""score"": 0, ""author_badges"": []}, {""post_id"": 3285, ""anonymous_code"": ""여우-2283"", ""post_type"": ""trade_share"", ""title"": ""[매수] 삼성전자 추가 매수했습니다!"", ""like_count"": 0, ""unlike_count"": 0, ""score"": 0, ""author_badges"": []}]"
chunk_009_2026-04-27_2026-05-04,2026-04-28,4,A012,1,5,19,"[3266, 3267, 3268, 3269, 3270, 3271, 3272, 3273, 3275, 3276, 3277, 3278, 3279, 3280, 3281, 3282, 3283, 3284, 3285]","[{""post_id"": 3266, ""anonymous_code"": ""호랑이-8886"", ""post_type"": ""trade_share"", ""title"": ""오늘 삼성전자 10주 매수했습니다!"", ""like_count"": 0, ""unlike_count"": 2, ""score"": -2, ""author_badges"": [""커뮤니티 인플루언서""]}, {""post_id"": 3267, ""anonymous_code"": ""곰-1801"", ""post_type"": ""trade_share"", ""title"": ""삼성전자 추가 매수했습니다!"", ""like_count"": 0, ""unlike_count"": 0, ""score"": 0, ""author_badges"": []}, {""post_id"": 3268, ""anonymous_code"": ""코끼리-6457"", ""post_type"": ""trade_share"", ""title"": ""오늘 삼성전자 100주 매수했습니다!"", ""like_count"": 0, ""unlike_count"": 2, ""score"": -2, ""author_badges"": [""상위 수익자"", ""자산가""]}, {""post_id"": 3269, ""anonymous_code"": ""황소-9750"", ""post_type"": ""trade_share"", ""title"": ""오늘 삼성전자 매수했습니다!"", ""like_count"": 0, ""unlike_count"": 0, ""score"": 0, ""author_badges"": []}, {""post_id"": 3270, ""anonymous_code"": ""늑대-8884"", ""post_type"": ""trade_share"", ""title"": ""오늘 삼성전자 100주 매수했습니다!"", ""like_count"": 0, ""unlike_count"": 1, ""score"": -1, ""author_badges"": [""커뮤니티 인플루언서""]}, {""post_id"": 3271, ""anonymous_code"": ""여우-7933"", ""post_type"": ""trade_share"", ""title"": ""오늘 삼성전자 75주 매수했습니다!"", ""like_count"": 0, ""unlike_count"": 2, ""score"": -2, ""author_badges"": []}, {""post_id"": 3272, ""anonymous_code"": ""독수리-4082"", ""post_type"": ""trade_share"", ""title"": ""삼성전자 100주 매수했습니다!"", ""like_count"": 0, ""unlike_count"": 1, ""score"": -1, ""author_badges"": [""상위 수익자"", ""자산가""]}, {""post_id"": 3273, ""anonymous_code"": ""펭귄-3788"", ""post_type"": ""trade_share"", ""title"": ""오늘 삼성전자 매수했습니다!"", ""like_count"": 0, ""unlike_count"": 0, ""score"": 0, ""author_badges"": [""커뮤니티 인플루언서""]}, {""post_id"": 3275, ""anonymous_code"": ""돌고래-5489"", ""post_type"": ""trade_share"", ""title"": ""오늘 삼성전자 추가 매수했습니다!"", ""like_count"": 0, ""unlike_count"": 0, ""score"": 0, ""author_badges"": []}, {""post_id"": 3276, ""anonymous_code"": ""사자-5895"", ""post_type"": ""trade_share"", ""title"": ""오늘 삼성전자 추가 매수했습니다!"", ""like_count"": 0, ""unlike_count"": 0, ""score"": 0, ""author_badges"": []}, {""post_id"": 3277, ""anonymous_code"": ""코끼리-2877"", ""post_type"": ""trade_share"", ""title"": ""[매수 공유] 삼성전자 추가 매수했습니다!"", ""like_count"": 0, ""unlike_count"": 0, ""score"": 0, ""author_badges"": []}, {""post_id"": 3278, ""anonymous_code"": ""사자-5055"", ""post_type"": ""trade_share"", ""title"": ""오늘 삼성전자 매수했습니다!"", ""like_count"": 1, ""unlike_count"": 0, ""score"": 1, ""author_badges"": [""상위 수익자"", ""자산가""]}, {""post_id"": 3279, ""anonymous_code"": ""곰-1911"", ""post_type"": ""analysis"", ""title"": ""삼성전자, 현재 시장 상황과 기술적 분석"", ""like_count"": 5, ""unlike_count"": 1, ""score"": 4, ""author_badges"": [""커뮤니티 인플루언서""]}, {""post_id"": 3280, ""anonymous_code"": ""곰-9761"", ""post_type"": ""trade_share"", ""title"": ""오늘 삼성전자 추가 매수했습니다!"", ""like_count"": 0, ""unlike_count"": 0, ""score"": 0, ""author_badges"": [""상위 수익자"", ""자산가""]}, {""post_id"": 3281, ""anonymous_code"": ""황소-8760"", ""post_type"": ""trade_share"", ""title"": ""삼성전자 신규 매수 소식 공유합니다!"", ""like_count"": 0, ""unlike_count"": 0, ""score"": 0, ""author_badges"": []}, {""post_id"": 3282, ""anonymous_code"": ""돌고래-5159"", ""post_type"": ""analysis"", ""title"": ""삼성전자, 450조 투자 계획과 단기 리스크의 교차점에서"", ""like_count"": 3, ""unlike_count"": 1, ""score"": 2, ""author_badges"": []}, {""post_id"": 3283, ""anonymous_code"": ""독수리-8072"", ""post_type"": ""trade_share"", ""title"": ""[매수 공유] 삼성전자 추가 매수했습니다!"", ""like_count"": 0, ""unlike_count"": 0, ""score"": 0, ""author_badges"": [""상위 수익자"", ""자산가""]}, {""post_id"": 3284, ""anonymous_code"": ""늑대-4264"", ""post_type"": ""trade_share"", ""title"": ""오늘 삼성전자 추가 매수했습니다!"", ""like_count"": 0, ""unlike_count"": 0, ""score"": 0, ""author_badges"": []}, {""post_id"": 3285, ""anonymous_code"": ""여우-2283"", ""post_type"": ""trade_share"", ""title"": ""[매수] 삼성전자 추가 매수했습니다!"", ""like_count"": 0, ""unlike_count"": 0, ""score"": 0, ""author_badges"": []}]"
chunk_009_2026-04-27_2026-05-04,2026-04-28,4,A013,1,5,19,"[3266, 3267, 3268, 3269, 3270, 3271, 3272, 3273, 3274, 3275, 3277, 3278, 3279, 3280, 3281, 3282, 3283, 3284, 3285]","[{""post_id"": 3266, ""anonymous_code"": ""호랑이-8886"", ""post_type"": ""trade_share"", ""title"": ""오늘 삼성전자 10주 매수했습니다!"", ""like_count"": 0, ""unlike_count"": 2, ""score"": -2, ""author_badges"": [""커뮤니티 인플루언서""]}, {""post_id"": 3267, ""anonymous_code"": ""곰-1801"", ""post_type"": ""trade_share"", ""title"": ""삼성전자 추가 매수했습니다!"", ""like_count"": 0, ""unlike_count"": 0, ""score"": 0, ""author_badges"": []}, {""post_id"": 3268, ""anonymous_code"": ""코끼리-6457"", ""post_type"": ""trade_share"", ""title"": ""오늘 삼성전자 100주 매수했습니다!"", ""like_count"": 0, ""unlike_count"": 2, ""score"": -2, ""author_badges"": [""상위 수익자"", ""자산가""]}, {""post_id"": 3269, ""anonymous_code"": ""황소-9750"", ""post_type"": ""trade_share"", ""title"": ""오늘 삼성전자 매수했습니다!"", ""like_count"": 0, ""unlike_count"": 0, ""score"": 0, ""author_badges"": []}, {""post_id"": 3270, ""anonymous_code"": ""늑대-8884"", ""post_type"": ""trade_share"", ""title"": ""오늘 삼성전자 100주 매수했습니다!"", ""like_count"": 0, ""unlike_count"": 1, ""score"": -1, ""author_badges"": [""커뮤니티 인플루언서""]}, {""post_id"": 3271, ""anonymous_code"": ""여우-7933"", ""post_type"": ""trade_share"", ""title"": ""오늘 삼성전자 75주 매수했습니다!"", ""like_count"": 0, ""unlike_count"": 2, ""score"": -2, ""author_badges"": []}, {""post_id"": 3272, ""anonymous_code"": ""독수리-4082"", ""post_type"": ""trade_share"", ""title"": ""삼성전자 100주 매수했습니다!"", ""like_count"": 0, ""unlike_count"": 2, ""score"": -2, ""author_badges"": [""상위 수익자"", ""자산가""]}, {""post_id"": 3273, ""anonymous_code"": ""펭귄-3788"", ""post_type"": ""trade_share"", ""title"": ""오늘 삼성전자 매수했습니다!"", ""like_count"": 0, ""unlike_count"": 0, ""score"": 0, ""author_badges"": [""커뮤니티 인플루언서""]}, {""post_id"": 3274, ""anonymous_code"": ""사자-8665"", ""post_type"": ""trade_share"", ""title"": ""[매수] 삼성전자 100주 추가 매수했습니다!"", ""like_count"": 0, ""unlike_count"": 2, ""score"": -2, ""author_badges"": [""상위 수익자"", ""자산가""]}, {""post_id"": 3275, ""anonymous_code"": ""돌고래-5489"", ""post_type"": ""trade_share"", ""title"": ""오늘 삼성전자 추가 매수했습니다!"", ""like_count"": 0, ""unlike_count"": 0, ""score"": 0, ""author_badges"": []}, {""post_id"": 3277, ""anonymous_code"": ""코끼리-2877"", ""post_type"": ""trade_share"", ""title"": ""[매수 공유] 삼성전자 추가 매수했습니다!"", ""like_count"": 0, ""unlike_count"": 0, ""score"": 0, ""author_badges"": []}, {""post_id"": 3278, ""anonymous_code"": ""사자-5055"", ""post_type"": ""trade_share"", ""title"": ""오늘 삼성전자 매수했습니다!"", ""like_count"": 1, ""unlike_count"": 0, ""score"": 1, ""author_badges"": [""상위 수익자"", ""자산가""]}, {""post_id"": 3279, ""anonymous_code"": ""곰-1911"", ""post_type"": ""analysis"", ""title"": ""삼성전자, 현재 시장 상황과 기술적 분석"", ""like_count"": 6, ""unlike_count"": 1, ""score"": 5, ""author_badges"": [""커뮤니티 인플루언서""]}, {""post_id"": 3280, ""anonymous_code"": ""곰-9761"", ""post_type"": ""trade_share"", ""title"": ""오늘 삼성전자 추가 매수했습니다!"", ""like_count"": 0, ""unlike_count"": 0, ""score"": 0, ""author_badges"": [""상위 수익자"", ""자산가""]}, {""post_id"": 3281, ""anonymous_code"": ""황소-8760"", ""post_type"": ""trade_share"", ""title"": ""삼성전자 신규 매수 소식 공유합니다!"", ""like_count"": 0, ""unlike_count"": 0, ""score"": 0, ""author_badges"": []}, {""post_id"": 3282, ""anonymous_code"": ""돌고래-5159"", ""post_type"": ""analysis"", ""title"": ""삼성전자, 450조 투자 계획과 단기 리스크의 교차점에서"", ""like_count"": 4, ""unlike_count"": 1, ""score"": 3, ""author_badges"": []}, {""post_id"": 3283, ""anonymous_code"": ""독수리-8072"", ""post_type"": ""trade_share"", ""title"": ""[매수 공유] 삼성전자 추가 매수했습니다!"", ""like_count"": 0, ""unlike_count"": 0, ""score"": 0, ""author_badges"": [""상위 수익자"", ""자산가""]}, {""post_id"": 3284, ""anonymous_code"": ""늑대-4264"", ""post_type"": ""trade_share"", ""title"": ""오늘 삼성전자 추가 매수했습니다!"", ""like_count"": 0, ""unlike_count"": 0, ""score"": 0, ""author_badges"": []}, {""post_id"": 3285, ""anonymous_code"": ""여우-2283"", ""post_type"": ""trade_share"", ""title"": ""[매수] 삼성전자 추가 매수했습니다!"", ""like_count"": 0, ""unlike_count"": 0, ""score"": 0, ""author_badges"": []}]"
chunk_009_2026-04-27_2026-05-04,2026-04-28,4,A014,1,5,19,"[3266, 3267, 3268, 3269, 3270, 3271, 3272, 3273, 3274, 3275, 3276, 3278, 3279, 3280, 3281, 3282, 3283, 3284, 3285]","[{""post_id"": 3266, ""anonymous_code"": ""호랑이-8886"", ""post_type"": ""trade_share"", ""title"": ""오늘 삼성전자 10주 매수했습니다!"", ""like_count"": 0, ""unlike_count"": 2, ""score"": -2, ""author_badges"": [""커뮤니티 인플루언서""]}, {""post_id"": 3267, ""anonymous_code"": ""곰-1801"", ""post_type"": ""trade_share"", ""title"": ""삼성전자 추가 매수했습니다!"", ""like_count"": 0, ""unlike_count"": 0, ""score"": 0, ""author_badges"": []}, {""post_id"": 3268, ""anonymous_code"": ""코끼리-6457"", ""post_type"": ""trade_share"", ""title"": ""오늘 삼성전자 100주 매수했습니다!"", ""like_count"": 0, ""unlike_count"": 3, ""score"": -3, ""author_badges"": [""상위 수익자"", ""자산가""]}, {""post_id"": 3269, ""anonymous_code"": ""황소-9750"", ""post_type"": ""trade_share"", ""title"": ""오늘 삼성전자 매수했습니다!"", ""like_count"": 0, ""unlike_count"": 0, ""score"": 0, ""author_badges"": []}, {""post_id"": 3270, ""anonymous_code"": ""늑대-8884"", ""post_type"": ""trade_share"", ""title"": ""오늘 삼성전자 100주 매수했습니다!"", ""like_count"": 0, ""unlike_count"": 2, ""score"": -2, ""author_badges"": [""커뮤니티 인플루언서""]}, {""post_id"": 3271, ""anonymous_code"": ""여우-7933"", ""post_type"": ""trade_share"", ""title"": ""오늘 삼성전자 75주 매수했습니다!"", ""like_count"": 0, ""unlike_count"": 2, ""score"": -2, ""author_badges"": []}, {""post_id"": 3272, ""anonymous_code"": ""독수리-4082"", ""post_type"": ""trade_share"", ""title"": ""삼성전자 100주 매수했습니다!"", ""like_count"": 0, ""unlike_count"": 2, ""score"": -2, ""author_badges"": [""상위 수익자"", ""자산가""]}, {""post_id"": 3273, ""anonymous_code"": ""펭귄-3788"", ""post_type"": ""trade_share"", ""title"": ""오늘 삼성전자 매수했습니다!"", ""like_count"": 0, ""unlike_count"": 0, ""score"": 0, ""author_badges"": [""커뮤니티 인플루언서""]}, {""post_id"": 3274, ""anonymous_code"": ""사자-8665"", ""post_type"": ""trade_share"", ""title"": ""[매수] 삼성전자 100주 추가 매수했습니다!"", ""like_count"": 0, ""unlike_count"": 2, ""score"": -2, ""author_badges"": [""상위 수익자"", ""자산가""]}, {""post_id"": 3275, ""anonymous_code"": ""돌고래-5489"", ""post_type"": ""trade_share"", ""title"": ""오늘 삼성전자 추가 매수했습니다!"", ""like_count"": 0, ""unlike_count"": 0, ""score"": 0, ""author_badges"": []}, {""post_id"": 3276, ""anonymous_code"": ""사자-5895"", ""post_type"": ""trade_share"", ""title"": ""오늘 삼성전자 추가 매수했습니다!"", ""like_count"": 0, ""unlike_count"": 0, ""score"": 0, ""author_badges"": []}, {""post_id"": 3278, ""anonymous_code"": ""사자-5055"", ""post_type"": ""trade_share"", ""title"": ""오늘 삼성전자 매수했습니다!"", ""like_count"": 1, ""unlike_count"": 0, ""score"": 1, ""author_badges"": [""상위 수익자"", ""자산가""]}, {""post_id"": 3279, ""anonymous_code"": ""곰-1911"", ""post_type"": ""analysis"", ""title"": ""삼성전자, 현재 시장 상황과 기술적 분석"", ""like_count"": 7, ""unlike_count"": 1, ""score"": 6, ""author_badges"": [""커뮤니티 인플루언서""]}, {""post_id"": 3280, ""anonymous_code"": ""곰-9761"", ""post_type"": ""trade_share"", ""title"": ""오늘 삼성전자 추가 매수했습니다!"", ""like_count"": 0, ""unlike_count"": 0, ""score"": 0, ""author_badges"": [""상위 수익자"", ""자산가""]}, {""post_id"": 3281, ""anonymous_code"": ""황소-8760"", ""post_type"": ""trade_share"", ""title"": ""삼성전자 신규 매수 소식 공유합니다!"", ""like_count"": 0, ""unlike_count"": 0, ""score"": 0, ""author_badges"": []}, {""post_id"": 3282, ""anonymous_code"": ""돌고래-5159"", ""post_type"": ""analysis"", ""title"": ""삼성전자, 450조 투자 계획과 단기 리스크의 교차점에서"", ""like_count"": 5, ""unlike_count"": 1, ""score"": 4, ""author_badges"": []}, {""post_id"": 3283, ""anonymous_code"": ""독수리-8072"", ""post_type"": ""trade_share"", ""title"": ""[매수 공유] 삼성전자 추가 매수했습니다!"", ""like_count"": 0, ""unlike_count"": 0, ""score"": 0, ""author_badges"": [""상위 수익자"", ""자산가""]}, {""post_id"": 3284, ""anonymous_code"": ""늑대-4264"", ""post_type"": ""trade_share"", ""title"": ""오늘 삼성전자 추가 매수했습니다!"", ""like_count"": 0, ""unlike_count"": 0, ""score"": 0, ""author_badges"": []}, {""post_id"": 3285, ""anonymous_code"": ""여우-2283"", ""post_type"": ""trade_share"", ""title"": ""[매수] 삼성전자 추가 매수했습니다!"", ""like_count"": 0, ""unlike_count"": 0, ""score"": 0, ""author_badges"": []}]"
chunk_009_2026-04-27_2026-05-04,2026-04-28,4,A015,2,10,19,"[3266, 3267, 3268, 3269, 3270, 3271, 3272, 3273, 3274, 3275, 3276, 3277, 3279, 3280, 3281, 3282, 3283, 3284, 3285]","[{""post_id"": 3266, ""anonymous_code"": ""호랑이-8886"", ""post_type"": ""trade_share"", ""title"": ""오늘 삼성전자 10주 매수했습니다!"", ""like_count"": 0, ""unlike_count"": 2, ""score"": -2, ""author_badges"": [""커뮤니티 인플루언서""]}, {""post_id"": 3267, ""anonymous_code"": ""곰-1801"", ""post_type"": ""trade_share"", ""title"": ""삼성전자 추가 매수했습니다!"", ""like_count"": 0, ""unlike_count"": 0, ""score"": 0, ""author_badges"": []}, {""post_id"": 3268, ""anonymous_code"": ""코끼리-6457"", ""post_type"": ""trade_share"", ""title"": ""오늘 삼성전자 100주 매수했습니다!"", ""like_count"": 0, ""unlike_count"": 3, ""score"": -3, ""author_badges"": [""상위 수익자"", ""자산가""]}, {""post_id"": 3269, ""anonymous_code"": ""황소-9750"", ""post_type"": ""trade_share"", ""title"": ""오늘 삼성전자 매수했습니다!"", ""like_count"": 0, ""unlike_count"": 0, ""score"": 0, ""author_badges"": []}, {""post_id"": 3270, ""anonymous_code"": ""늑대-8884"", ""post_type"": ""trade_share"", ""title"": ""오늘 삼성전자 100주 매수했습니다!"", ""like_count"": 0, ""unlike_count"": 2, ""score"": -2, ""author_badges"": [""커뮤니티 인플루언서""]}, {""post_id"": 3271, ""anonymous_code"": ""여우-7933"", ""post_type"": ""trade_share"", ""title"": ""오늘 삼성전자 75주 매수했습니다!"", ""like_count"": 0, ""unlike_count"": 2, ""score"": -2, ""author_badges"": []}, {""post_id"": 3272, ""anonymous_code"": ""독수리-4082"", ""post_type"": ""trade_share"", ""title"": ""삼성전자 100주 매수했습니다!"", ""like_count"": 0, ""unlike_count"": 3, ""score"": -3, ""author_badges"": [""상위 수익자"", ""자산가""]}, {""post_id"": 3273, ""anonymous_code"": ""펭귄-3788"", ""post_type"": ""trade_share"", ""title"": ""오늘 삼성전자 매수했습니다!"", ""like_count"": 0, ""unlike_count"": 0, ""score"": 0, ""author_badges"": [""커뮤니티 인플루언서""]}, {""post_id"": 3274, ""anonymous_code"": ""사자-8665"", ""post_type"": ""trade_share"", ""title"": ""[매수] 삼성전자 100주 추가 매수했습니다!"", ""like_count"": 0, ""unlike_count"": 2, ""score"": -2, ""author_badges"": [""상위 수익자"", ""자산가""]}, {""post_id"": 3275, ""anonymous_code"": ""돌고래-5489"", ""post_type"": ""trade_share"", ""title"": ""오늘 삼성전자 추가 매수했습니다!"", ""like_count"": 0, ""unlike_count"": 0, ""score"": 0, ""author_badges"": []}, {""post_id"": 3276, ""anonymous_code"": ""사자-5895"", ""post_type"": ""trade_share"", ""title"": ""오늘 삼성전자 추가 매수했습니다!"", ""like_count"": 0, ""unlike_count"": 0, ""score"": 0, ""author_badges"": []}, {""post_id"": 3277, ""anonymous_code"": ""코끼리-2877"", ""post_type"": ""trade_share"", ""title"": ""[매수 공유] 삼성전자 추가 매수했습니다!"", ""like_count"": 0, ""unlike_count"": 0, ""score"": 0, ""author_badges"": []}, {""post_id"": 3279, ""anonymous_code"": ""곰-1911"", ""post_type"": ""analysis"", ""title"": ""삼성전자, 현재 시장 상황과 기술적 분석"", ""like_count"": 8, ""unlike_count"": 1, ""score"": 7, ""author_badges"": [""커뮤니티 인플루언서""]}, {""post_id"": 3280, ""anonymous_code"": ""곰-9761"", ""post_type"": ""trade_share"", ""title"": ""오늘 삼성전자 추가 매수했습니다!"", ""like_count"": 0, ""unlike_count"": 0, ""score"": 0, ""author_badges"": [""상위 수익자"", ""자산가""]}, {""post_id"": 3281, ""anonymous_code"": ""황소-8760"", ""post_type"": ""trade_share"", ""title"": ""삼성전자 신규 매수 소식 공유합니다!"", ""like_count"": 0, ""unlike_count"": 0, ""score"": 0, ""author_badges"": []}, {""post_id"": 3282, ""anonymous_code"": ""돌고래-5159"", ""post_type"": ""analysis"", ""title"": ""삼성전자, 450조 투자 계획과 단기 리스크의 교차점에서"", ""like_count"": 6, ""unlike_count"": 1, ""score"": 5, ""author_badges"": []}, {""post_id"": 3283, ""anonymous_code"": ""독수리-8072"", ""post_type"": ""trade_share"", ""title"": ""[매수 공유] 삼성전자 추가 매수했습니다!"", ""like_count"": 0, ""unlike_count"": 0, ""score"": 0, ""author_badges"": [""상위 수익자"", ""자산가""]}, {""post_id"": 3284, ""anonymous_code"": ""늑대-4264"", ""post_type"": ""trade_share"", ""title"": ""오늘 삼성전자 추가 매수했습니다!"", ""like_count"": 0, ""unlike_count"": 0, ""score"": 0, ""author_badges"": []}, {""post_id"": 3285, ""anonymous_code"": ""여우-2283"", ""post_type"": ""trade_share"", ""title"": ""[매수] 삼성전자 추가 매수했습니다!"", ""like_count"": 0, ""unlike_count"": 0, ""score"": 0, ""author_badges"": []}]"
chunk_009_2026-04-27_2026-05-04,2026-04-28,4,A017,2,10,19,"[3266, 3267, 3268, 3269, 3270, 3271, 3272, 3273, 3274, 3275, 3276, 3277, 3278, 3280, 3281, 3282, 3283, 3284, 3285]","[{""post_id"": 3266, ""anonymous_code"": ""호랑이-8886"", ""post_type"": ""trade_share"", ""title"": ""오늘 삼성전자 10주 매수했습니다!"", ""like_count"": 0, ""unlike_count"": 2, ""score"": -2, ""author_badges"": [""커뮤니티 인플루언서""]}, {""post_id"": 3267, ""anonymous_code"": ""곰-1801"", ""post_type"": ""trade_share"", ""title"": ""삼성전자 추가 매수했습니다!"", ""like_count"": 0, ""unlike_count"": 0, ""score"": 0, ""author_badges"": []}, {""post_id"": 3268, ""anonymous_code"": ""코끼리-6457"", ""post_type"": ""trade_share"", ""title"": ""오늘 삼성전자 100주 매수했습니다!"", ""like_count"": 0, ""unlike_count"": 4, ""score"": -4, ""author_badges"": [""상위 수익자"", ""자산가""]}, {""post_id"": 3269, ""anonymous_code"": ""황소-9750"", ""post_type"": ""trade_share"", ""title"": ""오늘 삼성전자 매수했습니다!"", ""like_count"": 0, ""unlike_count"": 0, ""score"": 0, ""author_badges"": []}, {""post_id"": 3270, ""anonymous_code"": ""늑대-8884"", ""post_type"": ""trade_share"", ""title"": ""오늘 삼성전자 100주 매수했습니다!"", ""like_count"": 0, ""unlike_count"": 2, ""score"": -2, ""author_badges"": [""커뮤니티 인플루언서""]}, {""post_id"": 3271, ""anonymous_code"": ""여우-7933"", ""post_type"": ""trade_share"", ""title"": ""오늘 삼성전자 75주 매수했습니다!"", ""like_count"": 0, ""unlike_count"": 2, ""score"": -2, ""author_badges"": []}, {""post_id"": 3272, ""anonymous_code"": ""독수리-4082"", ""post_type"": ""trade_share"", ""title"": ""삼성전자 100주 매수했습니다!"", ""like_count"": 0, ""unlike_count"": 3, ""score"": -3, ""author_badges"": [""상위 수익자"", ""자산가""]}, {""post_id"": 3273, ""anonymous_code"": ""펭귄-3788"", ""post_type"": ""trade_share"", ""title"": ""오늘 삼성전자 매수했습니다!"", ""like_count"": 0, ""unlike_count"": 0, ""score"": 0, ""author_badges"": [""커뮤니티 인플루언서""]}, {""post_id"": 3274, ""anonymous_code"": ""사자-8665"", ""post_type"": ""trade_share"", ""title"": ""[매수] 삼성전자 100주 추가 매수했습니다!"", ""like_count"": 0, ""unlike_count"": 3, ""score"": -3, ""author_badges"": [""상위 수익자"", ""자산가""]}, {""post_id"": 3275, ""anonymous_code"": ""돌고래-5489"", ""post_type"": ""trade_share"", ""title"": ""오늘 삼성전자 추가 매수했습니다!"", ""like_count"": 0, ""unlike_count"": 0, ""score"": 0, ""author_badges"": []}, {""post_id"": 3276, ""anonymous_code"": ""사자-5895"", ""post_type"": ""trade_share"", ""title"": ""오늘 삼성전자 추가 매수했습니다!"", ""like_count"": 0, ""unlike_count"": 0, ""score"": 0, ""author_badges"": []}, {""post_id"": 3277, ""anonymous_code"": ""코끼리-2877"", ""post_type"": ""trade_share"", ""title"": ""[매수 공유] 삼성전자 추가 매수했습니다!"", ""like_count"": 0, ""unlike_count"": 0, ""score"": 0, ""author_badges"": []}, {""post_id"": 3278, ""anonymous_code"": ""사자-5055"", ""post_type"": ""trade_share"", ""title"": ""오늘 삼성전자 매수했습니다!"", ""like_count"": 1, ""unlike_count"": 0, ""score"": 1, ""author_badges"": [""상위 수익자"", ""자산가""]}, {""post_id"": 3280, ""anonymous_code"": ""곰-9761"", ""post_type"": ""trade_share"", ""title"": ""오늘 삼성전자 추가 매수했습니다!"", ""like_count"": 0, ""unlike_count"": 0, ""score"": 0, ""author_badges"": [""상위 수익자"", ""자산가""]}, {""post_id"": 3281, ""anonymous_code"": ""황소-8760"", ""post_type"": ""trade_share"", ""title"": ""삼성전자 신규 매수 소식 공유합니다!"", ""like_count"": 0, ""unlike_count"": 0, ""score"": 0, ""author_badges"": []}, {""post_id"": 3282, ""anonymous_code"": ""돌고래-5159"", ""post_type"": ""analysis"", ""title"": ""삼성전자, 450조 투자 계획과 단기 리스크의 교차점에서"", ""like_count"": 6, ""unlike_count"": 2, ""score"": 4, ""author_badges"": []}, {""post_id"": 3283, ""anonymous_code"": ""독수리-8072"", ""post_type"": ""trade_share"", ""title"": ""[매수 공유] 삼성전자 추가 매수했습니다!"", ""like_count"": 0, ""unlike_count"": 0, ""score"": 0, ""author_badges"": [""상위 수익자"", ""자산가""]}, {""post_id"": 3284, ""anonymous_code"": ""늑대-4264"", ""post_type"": ""trade_share"", ""title"": ""오늘 삼성전자 추가 매수했습니다!"", ""like_count"": 0, ""unlike_count"": 0, ""score"": 0, ""author_badges"": []}, {""post_id"": 3285, ""anonymous_code"": ""여우-2283"", ""post_type"": ""trade_share"", ""title"": ""[매수] 삼성전자 추가 매수했습니다!"", ""like_count"": 0, ""unlike_count"": 0, ""score"": 0, ""author_badges"": []}]"
chunk_009_2026-04-27_2026-05-04,2026-04-28,4,A019,1,5,19,"[3266, 3267, 3268, 3269, 3270, 3271, 3272, 3273, 3274, 3275, 3276, 3277, 3278, 3279, 3281, 3282, 3283, 3284, 3285]","[{""post_id"": 3266, ""anonymous_code"": ""호랑이-8886"", ""post_type"": ""trade_share"", ""title"": ""오늘 삼성전자 10주 매수했습니다!"", ""like_count"": 0, ""unlike_count"": 3, ""score"": -3, ""author_badges"": [""커뮤니티 인플루언서""]}, {""post_id"": 3267, ""anonymous_code"": ""곰-1801"", ""post_type"": ""trade_share"", ""title"": ""삼성전자 추가 매수했습니다!"", ""like_count"": 0, ""unlike_count"": 0, ""score"": 0, ""author_badges"": []}, {""post_id"": 3268, ""anonymous_code"": ""코끼리-6457"", ""post_type"": ""trade_share"", ""title"": ""오늘 삼성전자 100주 매수했습니다!"", ""like_count"": 0, ""unlike_count"": 4, ""score"": -4, ""author_badges"": [""상위 수익자"", ""자산가""]}, {""post_id"": 3269, ""anonymous_code"": ""황소-9750"", ""post_type"": ""trade_share"", ""title"": ""오늘 삼성전자 매수했습니다!"", ""like_count"": 0, ""unlike_count"": 0, ""score"": 0, ""author_badges"": []}, {""post_id"": 3270, ""anonymous_code"": ""늑대-8884"", ""post_type"": ""trade_share"", ""title"": ""오늘 삼성전자 100주 매수했습니다!"", ""like_count"": 0, ""unlike_count"": 2, ""score"": -2, ""author_badges"": [""커뮤니티 인플루언서""]}, {""post_id"": 3271, ""anonymous_code"": ""여우-7933"", ""post_type"": ""trade_share"", ""title"": ""오늘 삼성전자 75주 매수했습니다!"", ""like_count"": 0, ""unlike_count"": 2, ""score"": -2, ""author_badges"": []}, {""post_id"": 3272, ""anonymous_code"": ""독수리-4082"", ""post_type"": ""trade_share"", ""title"": ""삼성전자 100주 매수했습니다!"", ""like_count"": 0, ""unlike_count"": 3, ""score"": -3, ""author_badges"": [""상위 수익자"", ""자산가""]}, {""post_id"": 3273, ""anonymous_code"": ""펭귄-3788"", ""post_type"": ""trade_share"", ""title"": ""오늘 삼성전자 매수했습니다!"", ""like_count"": 0, ""unlike_count"": 0, ""score"": 0, ""author_badges"": [""커뮤니티 인플루언서""]}, {""post_id"": 3274, ""anonymous_code"": ""사자-8665"", ""post_type"": ""trade_share"", ""title"": ""[매수] 삼성전자 100주 추가 매수했습니다!"", ""like_count"": 0, ""unlike_count"": 4, ""score"": -4, ""author_badges"": [""상위 수익자"", ""자산가""]}, {""post_id"": 3275, ""anonymous_code"": ""돌고래-5489"", ""post_type"": ""trade_share"", ""title"": ""오늘 삼성전자 추가 매수했습니다!"", ""like_count"": 0, ""unlike_count"": 0, ""score"": 0, ""author_badges"": []}, {""post_id"": 3276, ""anonymous_code"": ""사자-5895"", ""post_type"": ""trade_share"", ""title"": ""오늘 삼성전자 추가 매수했습니다!"", ""like_count"": 0, ""unlike_count"": 0, ""score"": 0, ""author_badges"": []}, {""post_id"": 3277, ""anonymous_code"": ""코끼리-2877"", ""post_type"": ""trade_share"", ""title"": ""[매수 공유] 삼성전자 추가 매수했습니다!"", ""like_count"": 0, ""unlike_count"": 0, ""score"": 0, ""author_badges"": []}, {""post_id"": 3278, ""anonymous_code"": ""사자-5055"", ""post_type"": ""trade_share"", ""title"": ""오늘 삼성전자 매수했습니다!"", ""like_count"": 1, ""unlike_count"": 0, ""score"": 1, ""author_badges"": [""상위 수익자"", ""자산가""]}, {""post_id"": 3279, ""anonymous_code"": ""곰-1911"", ""post_type"": ""analysis"", ""title"": ""삼성전자, 현재 시장 상황과 기술적 분석"", ""like_count"": 10, ""unlike_count"": 1, ""score"": 9, ""author_badges"": [""커뮤니티 인플루언서""]}, {""post_id"": 3281, ""anonymous_code"": ""황소-8760"", ""post_type"": ""trade_share"", ""title"": ""삼성전자 신규 매수 소식 공유합니다!"", ""like_count"": 0, ""unlike_count"": 0, ""score"": 0, ""author_badges"": []}, {""post_id"": 3282, ""anonymous_code"": ""돌고래-5159"", ""post_type"": ""analysis"", ""title"": ""삼성전자, 450조 투자 계획과 단기 리스크의 교차점에서"", ""like_count"": 6, ""unlike_count"": 2, ""score"": 4, ""author_badges"": []}, {""post_id"": 3283, ""anonymous_code"": ""독수리-8072"", ""post_type"": ""trade_share"", ""title"": ""[매수 공유] 삼성전자 추가 매수했습니다!"", ""like_count"": 0, ""unlike_count"": 0, ""score"": 0, ""author_badges"": [""상위 수익자"", ""자산가""]}, {""post_id"": 3284, ""anonymous_code"": ""늑대-4264"", ""post_type"": ""trade_share"", ""title"": ""오늘 삼성전자 추가 매수했습니다!"", ""like_count"": 0, ""unlike_count"": 0, ""score"": 0, ""author_badges"": []}, {""post_id"": 3285, ""anonymous_code"": ""여우-2283"", ""post_type"": ""trade_share"", ""title"": ""[매수] 삼성전자 추가 매수했습니다!"", ""like_count"": 0, ""unlike_count"": 0, ""score"": 0, ""author_badges"": []}]"
chunk_009_2026-04-27_2026-05-04,2026-04-28,4,A020,2,10,19,"[3266, 3267, 3268, 3269, 3270, 3271, 3272, 3273, 3274, 3275, 3276, 3277, 3278, 3279, 3280, 3282, 3283, 3284, 3285]","[{""post_id"": 3266, ""anonymous_code"": ""호랑이-8886"", ""post_type"": ""trade_share"", ""title"": ""오늘 삼성전자 10주 매수했습니다!"", ""like_count"": 0, ""unlike_count"": 4, ""score"": -4, ""author_badges"": [""커뮤니티 인플루언서""]}, {""post_id"": 3267, ""anonymous_code"": ""곰-1801"", ""post_type"": ""trade_share"", ""title"": ""삼성전자 추가 매수했습니다!"", ""like_count"": 0, ""unlike_count"": 0, ""score"": 0, ""author_badges"": []}, {""post_id"": 3268, ""anonymous_code"": ""코끼리-6457"", ""post_type"": ""trade_share"", ""title"": ""오늘 삼성전자 100주 매수했습니다!"", ""like_count"": 0, ""unlike_count"": 5, ""score"": -5, ""author_badges"": [""상위 수익자"", ""자산가""]}, {""post_id"": 3269, ""anonymous_code"": ""황소-9750"", ""post_type"": ""trade_share"", ""title"": ""오늘 삼성전자 매수했습니다!"", ""like_count"": 0, ""unlike_count"": 0, ""score"": 0, ""author_badges"": []}, {""post_id"": 3270, ""anonymous_code"": ""늑대-8884"", ""post_type"": ""trade_share"", ""title"": ""오늘 삼성전자 100주 매수했습니다!"", ""like_count"": 0, ""unlike_count"": 2, ""score"": -2, ""author_badges"": [""커뮤니티 인플루언서""]}, {""post_id"": 3271, ""anonymous_code"": ""여우-7933"", ""post_type"": ""trade_share"", ""title"": ""오늘 삼성전자 75주 매수했습니다!"", ""like_count"": 0, ""unlike_count"": 2, ""score"": -2, ""author_badges"": []}, {""post_id"": 3272, ""anonymous_code"": ""독수리-4082"", ""post_type"": ""trade_share"", ""title"": ""삼성전자 100주 매수했습니다!"", ""like_count"": 0, ""unlike_count"": 3, ""score"": -3, ""author_badges"": [""상위 수익자"", ""자산가""]}, {""post_id"": 3273, ""anonymous_code"": ""펭귄-3788"", ""post_type"": ""trade_share"", ""title"": ""오늘 삼성전자 매수했습니다!"", ""like_count"": 0, ""unlike_count"": 0, ""score"": 0, ""author_badges"": [""커뮤니티 인플루언서""]}, {""post_id"": 3274, ""anonymous_code"": ""사자-8665"", ""post_type"": ""trade_share"", ""title"": ""[매수] 삼성전자 100주 추가 매수했습니다!"", ""like_count"": 0, ""unlike_count"": 4, ""score"": -4, ""author_badges"": [""상위 수익자"", ""자산가""]}, {""post_id"": 3275, ""anonymous_code"": ""돌고래-5489"", ""post_type"": ""trade_share"", ""title"": ""오늘 삼성전자 추가 매수했습니다!"", ""like_count"": 0, ""unlike_count"": 0, ""score"": 0, ""author_badges"": []}, {""post_id"": 3276, ""anonymous_code"": ""사자-5895"", ""post_type"": ""trade_share"", ""title"": ""오늘 삼성전자 추가 매수했습니다!"", ""like_count"": 0, ""unlike_count"": 0, ""score"": 0, ""author_badges"": []}, {""post_id"": 3277, ""anonymous_code"": ""코끼리-2877"", ""post_type"": ""trade_share"", ""title"": ""[매수 공유] 삼성전자 추가 매수했습니다!"", ""like_count"": 0, ""unlike_count"": 0, ""score"": 0, ""author_badges"": []}, {""post_id"": 3278, ""anonymous_code"": ""사자-5055"", ""post_type"": ""trade_share"", ""title"": ""오늘 삼성전자 매수했습니다!"", ""like_count"": 1, ""unlike_count"": 0, ""score"": 1, ""author_badges"": [""상위 수익자"", ""자산가""]}, {""post_id"": 3279, ""anonymous_code"": ""곰-1911"", ""post_type"": ""analysis"", ""title"": ""삼성전자, 현재 시장 상황과 기술적 분석"", ""like_count"": 11, ""unlike_count"": 1, ""score"": 10, ""author_badges"": [""커뮤니티 인플루언서""]}, {""post_id"": 3280, ""anonymous_code"": ""곰-9761"", ""post_type"": ""trade_share"", ""title"": ""오늘 삼성전자 추가 매수했습니다!"", ""like_count"": 0, ""unlike_count"": 0, ""score"": 0, ""author_badges"": [""상위 수익자"", ""자산가""]}, {""post_id"": 3282, ""anonymous_code"": ""돌고래-5159"", ""post_type"": ""analysis"", ""title"": ""삼성전자, 450조 투자 계획과 단기 리스크의 교차점에서"", ""like_count"": 6, ""unlike_count"": 2, ""score"": 4, ""author_badges"": []}, {""post_id"": 3283, ""anonymous_code"": ""독수리-8072"", ""post_type"": ""trade_share"", ""title"": ""[매수 공유] 삼성전자 추가 매수했습니다!"", ""like_count"": 0, ""unlike_count"": 0, ""score"": 0, ""author_badges"": [""상위 수익자"", ""자산가""]}, {""post_id"": 3284, ""anonymous_code"": ""늑대-4264"", ""post_type"": ""trade_share"", ""title"": ""오늘 삼성전자 추가 매수했습니다!"", ""like_count"": 0, ""unlike_count"": 0, ""score"": 0, ""author_badges"": []}, {""post_id"": 3285, ""anonymous_code"": ""여우-2283"", ""post_type"": ""trade_share"", ""title"": ""[매수] 삼성전자 추가 매수했습니다!"", ""like_count"": 0, ""unlike_count"": 0, ""score"": 0, ""author_badges"": []}]"
chunk_009_2026-04-27_2026-05-04,2026-04-28,4,A022,1,5,19,"[3266, 3267, 3268, 3269, 3270, 3271, 3272, 3273, 3274, 3275, 3276, 3277, 3278, 3279, 3280, 3281, 3283, 3284, 3285]","[{""post_id"": 3266, ""anonymous_code"": ""호랑이-8886"", ""post_type"": ""trade_share"", ""title"": ""오늘 삼성전자 10주 매수했습니다!"", ""like_count"": 0, ""unlike_count"": 4, ""score"": -4, ""author_badges"": [""커뮤니티 인플루언서""]}, {""post_id"": 3267, ""anonymous_code"": ""곰-1801"", ""post_type"": ""trade_share"", ""title"": ""삼성전자 추가 매수했습니다!"", ""like_count"": 0, ""unlike_count"": 0, ""score"": 0, ""author_badges"": []}, {""post_id"": 3268, ""anonymous_code"": ""코끼리-6457"", ""post_type"": ""trade_share"", ""title"": ""오늘 삼성전자 100주 매수했습니다!"", ""like_count"": 0, ""unlike_count"": 5, ""score"": -5, ""author_badges"": [""상위 수익자"", ""자산가""]}, {""post_id"": 3269, ""anonymous_code"": ""황소-9750"", ""post_type"": ""trade_share"", ""title"": ""오늘 삼성전자 매수했습니다!"", ""like_count"": 0, ""unlike_count"": 0, ""score"": 0, ""author_badges"": []}, {""post_id"": 3270, ""anonymous_code"": ""늑대-8884"", ""post_type"": ""trade_share"", ""title"": ""오늘 삼성전자 100주 매수했습니다!"", ""like_count"": 0, ""unlike_count"": 2, ""score"": -2, ""author_badges"": [""커뮤니티 인플루언서""]}, {""post_id"": 3271, ""anonymous_code"": ""여우-7933"", ""post_type"": ""trade_share"", ""title"": ""오늘 삼성전자 75주 매수했습니다!"", ""like_count"": 0, ""unlike_count"": 2, ""score"": -2, ""author_badges"": []}, {""post_id"": 3272, ""anonymous_code"": ""독수리-4082"", ""post_type"": ""trade_share"", ""title"": ""삼성전자 100주 매수했습니다!"", ""like_count"": 0, ""unlike_count"": 3, ""score"": -3, ""author_badges"": [""상위 수익자"", ""자산가""]}, {""post_id"": 3273, ""anonymous_code"": ""펭귄-3788"", ""post_type"": ""trade_share"", ""title"": ""오늘 삼성전자 매수했습니다!"", ""like_count"": 0, ""unlike_count"": 0, ""score"": 0, ""author_badges"": [""커뮤니티 인플루언서""]}, {""post_id"": 3274, ""anonymous_code"": ""사자-8665"", ""post_type"": ""trade_share"", ""title"": ""[매수] 삼성전자 100주 추가 매수했습니다!"", ""like_count"": 0, ""unlike_count"": 4, ""score"": -4, ""author_badges"": [""상위 수익자"", ""자산가""]}, {""post_id"": 3275, ""anonymous_code"": ""돌고래-5489"", ""post_type"": ""trade_share"", ""title"": ""오늘 삼성전자 추가 매수했습니다!"", ""like_count"": 0, ""unlike_count"": 0, ""score"": 0, ""author_badges"": []}, {""post_id"": 3276, ""anonymous_code"": ""사자-5895"", ""post_type"": ""trade_share"", ""title"": ""오늘 삼성전자 추가 매수했습니다!"", ""like_count"": 0, ""unlike_count"": 0, ""score"": 0, ""author_badges"": []}, {""post_id"": 3277, ""anonymous_code"": ""코끼리-2877"", ""post_type"": ""trade_share"", ""title"": ""[매수 공유] 삼성전자 추가 매수했습니다!"", ""like_count"": 0, ""unlike_count"": 0, ""score"": 0, ""author_badges"": []}, {""post_id"": 3278, ""anonymous_code"": ""사자-5055"", ""post_type"": ""trade_share"", ""title"": ""오늘 삼성전자 매수했습니다!"", ""like_count"": 1, ""unlike_count"": 0, ""score"": 1, ""author_badges"": [""상위 수익자"", ""자산가""]}, {""post_id"": 3279, ""anonymous_code"": ""곰-1911"", ""post_type"": ""analysis"", ""title"": ""삼성전자, 현재 시장 상황과 기술적 분석"", ""like_count"": 12, ""unlike_count"": 1, ""score"": 11, ""author_badges"": [""커뮤니티 인플루언서""]}, {""post_id"": 3280, ""anonymous_code"": ""곰-9761"", ""post_type"": ""trade_share"", ""title"": ""오늘 삼성전자 추가 매수했습니다!"", ""like_count"": 0, ""unlike_count"": 0, ""score"": 0, ""author_badges"": [""상위 수익자"", ""자산가""]}, {""post_id"": 3281, ""anonymous_code"": ""황소-8760"", ""post_type"": ""trade_share"", ""title"": ""삼성전자 신규 매수 소식 공유합니다!"", ""like_count"": 0, ""unlike_count"": 0, ""score"": 0, ""author_badges"": []}, {""post_id"": 3283, ""anonymous_code"": ""독수리-8072"", ""post_type"": ""trade_share"", ""title"": ""[매수 공유] 삼성전자 추가 매수했습니다!"", ""like_count"": 0, ""unlike_count"": 0, ""score"": 0, ""author_badges"": [""상위 수익자"", ""자산가""]}, {""post_id"": 3284, ""anonymous_code"": ""늑대-4264"", ""post_type"": ""trade_share"", ""title"": ""오늘 삼성전자 추가 매수했습니다!"", ""like_count"": 0, ""unlike_count"": 0, ""score"": 0, ""author_badges"": []}, {""post_id"": 3285, ""anonymous_code"": ""여우-2283"", ""post_type"": ""trade_share"", ""title"": ""[매수] 삼성전자 추가 매수했습니다!"", ""like_count"": 0, ""unlike_count"": 0, ""score"": 0, ""author_badges"": []}]"
chunk_009_2026-04-27_2026-05-04,2026-04-28,4,A025,1,5,19,"[3266, 3267, 3268, 3269, 3270, 3271, 3272, 3273, 3274, 3275, 3276, 3277, 3278, 3279, 3280, 3281, 3282, 3284, 3285]","[{""post_id"": 3266, ""anonymous_code"": ""호랑이-8886"", ""post_type"": ""trade_share"", ""title"": ""오늘 삼성전자 10주 매수했습니다!"", ""like_count"": 0, ""unlike_count"": 4, ""score"": -4, ""author_badges"": [""커뮤니티 인플루언서""]}, {""post_id"": 3267, ""anonymous_code"": ""곰-1801"", ""post_type"": ""trade_share"", ""title"": ""삼성전자 추가 매수했습니다!"", ""like_count"": 0, ""unlike_count"": 0, ""score"": 0, ""author_badges"": []}, {""post_id"": 3268, ""anonymous_code"": ""코끼리-6457"", ""post_type"": ""trade_share"", ""title"": ""오늘 삼성전자 100주 매수했습니다!"", ""like_count"": 0, ""unlike_count"": 5, ""score"": -5, ""author_badges"": [""상위 수익자"", ""자산가""]}, {""post_id"": 3269, ""anonymous_code"": ""황소-9750"", ""post_type"": ""trade_share"", ""title"": ""오늘 삼성전자 매수했습니다!"", ""like_count"": 0, ""unlike_count"": 1, ""score"": -1, ""author_badges"": []}, {""post_id"": 3270, ""anonymous_code"": ""늑대-8884"", ""post_type"": ""trade_share"", ""title"": ""오늘 삼성전자 100주 매수했습니다!"", ""like_count"": 0, ""unlike_count"": 2, ""score"": -2, ""author_badges"": [""커뮤니티 인플루언서""]}, {""post_id"": 3271, ""anonymous_code"": ""여우-7933"", ""post_type"": ""trade_share"", ""title"": ""오늘 삼성전자 75주 매수했습니다!"", ""like_count"": 0, ""unlike_count"": 2, ""score"": -2, ""author_badges"": []}, {""post_id"": 3272, ""anonymous_code"": ""독수리-4082"", ""post_type"": ""trade_share"", ""title"": ""삼성전자 100주 매수했습니다!"", ""like_count"": 0, ""unlike_count"": 4, ""score"": -4, ""author_badges"": [""상위 수익자"", ""자산가""]}, {""post_id"": 3273, ""anonymous_code"": ""펭귄-3788"", ""post_type"": ""trade_share"", ""title"": ""오늘 삼성전자 매수했습니다!"", ""like_count"": 0, ""unlike_count"": 0, ""score"": 0, ""author_badges"": [""커뮤니티 인플루언서""]}, {""post_id"": 3274, ""anonymous_code"": ""사자-8665"", ""post_type"": ""trade_share"", ""title"": ""[매수] 삼성전자 100주 추가 매수했습니다!"", ""like_count"": 0, ""unlike_count"": 5, ""score"": -5, ""author_badges"": [""상위 수익자"", ""자산가""]}, {""post_id"": 3275, ""anonymous_code"": ""돌고래-5489"", ""post_type"": ""trade_share"", ""title"": ""오늘 삼성전자 추가 매수했습니다!"", ""like_count"": 0, ""unlike_count"": 0, ""score"": 0, ""author_badges"": []}, {""post_id"": 3276, ""anonymous_code"": ""사자-5895"", ""post_type"": ""trade_share"", ""title"": ""오늘 삼성전자 추가 매수했습니다!"", ""like_count"": 0, ""unlike_count"": 0, ""score"": 0, ""author_badges"": []}, {""post_id"": 3277, ""anonymous_code"": ""코끼리-2877"", ""post_type"": ""trade_share"", ""title"": ""[매수 공유] 삼성전자 추가 매수했습니다!"", ""like_count"": 0, ""unlike_count"": 0, ""score"": 0, ""author_badges"": []}, {""post_id"": 3278, ""anonymous_code"": ""사자-5055"", ""post_type"": ""trade_share"", ""title"": ""오늘 삼성전자 매수했습니다!"", ""like_count"": 1, ""unlike_count"": 0, ""score"": 1, ""author_badges"": [""상위 수익자"", ""자산가""]}, {""post_id"": 3279, ""anonymous_code"": ""곰-1911"", ""post_type"": ""analysis"", ""title"": ""삼성전자, 현재 시장 상황과 기술적 분석"", ""like_count"": 13, ""unlike_count"": 1, ""score"": 12, ""author_badges"": [""커뮤니티 인플루언서""]}, {""post_id"": 3280, ""anonymous_code"": ""곰-9761"", ""post_type"": ""trade_share"", ""title"": ""오늘 삼성전자 추가 매수했습니다!"", ""like_count"": 0, ""unlike_count"": 0, ""score"": 0, ""author_badges"": [""상위 수익자"", ""자산가""]}, {""post_id"": 3281, ""anonymous_code"": ""황소-8760"", ""post_type"": ""trade_share"", ""title"": ""삼성전자 신규 매수 소식 공유합니다!"", ""like_count"": 0, ""unlike_count"": 0, ""score"": 0, ""author_badges"": []}, {""post_id"": 3282, ""anonymous_code"": ""돌고래-5159"", ""post_type"": ""analysis"", ""title"": ""삼성전자, 450조 투자 계획과 단기 리스크의 교차점에서"", ""like_count"": 8, ""unlike_count"": 2, ""score"": 6, ""author_badges"": []}, {""post_id"": 3284, ""anonymous_code"": ""늑대-4264"", ""post_type"": ""trade_share"", ""title"": ""오늘 삼성전자 추가 매수했습니다!"", ""like_count"": 0, ""unlike_count"": 0, ""score"": 0, ""author_badges"": []}, {""post_id"": 3285, ""anonymous_code"": ""여우-2283"", ""post_type"": ""trade_share"", ""title"": ""[매수] 삼성전자 추가 매수했습니다!"", ""like_count"": 0, ""unlike_count"": 0, ""score"": 0, ""author_badges"": []}]"
chunk_009_2026-04-27_2026-05-04,2026-04-28,4,A026,1,5,19,"[3266, 3267, 3268, 3269, 3270, 3271, 3272, 3273, 3274, 3275, 3276, 3277, 3278, 3279, 3280, 3281, 3282, 3283, 3284]","[{""post_id"": 3266, ""anonymous_code"": ""호랑이-8886"", ""post_type"": ""trade_share"", ""title"": ""오늘 삼성전자 10주 매수했습니다!"", ""like_count"": 0, ""unlike_count"": 4, ""score"": -4, ""author_badges"": [""커뮤니티 인플루언서""]}, {""post_id"": 3267, ""anonymous_code"": ""곰-1801"", ""post_type"": ""trade_share"", ""title"": ""삼성전자 추가 매수했습니다!"", ""like_count"": 0, ""unlike_count"": 0, ""score"": 0, ""author_badges"": []}, {""post_id"": 3268, ""anonymous_code"": ""코끼리-6457"", ""post_type"": ""trade_share"", ""title"": ""오늘 삼성전자 100주 매수했습니다!"", ""like_count"": 0, ""unlike_count"": 5, ""score"": -5, ""author_badges"": [""상위 수익자"", ""자산가""]}, {""post_id"": 3269, ""anonymous_code"": ""황소-9750"", ""post_type"": ""trade_share"", ""title"": ""오늘 삼성전자 매수했습니다!"", ""like_count"": 0, ""unlike_count"": 2, ""score"": -2, ""author_badges"": []}, {""post_id"": 3270, ""anonymous_code"": ""늑대-8884"", ""post_type"": ""trade_share"", ""title"": ""오늘 삼성전자 100주 매수했습니다!"", ""like_count"": 0, ""unlike_count"": 2, ""score"": -2, ""author_badges"": [""커뮤니티 인플루언서""]}, {""post_id"": 3271, ""anonymous_code"": ""여우-7933"", ""post_type"": ""trade_share"", ""title"": ""오늘 삼성전자 75주 매수했습니다!"", ""like_count"": 0, ""unlike_count"": 2, ""score"": -2, ""author_badges"": []}, {""post_id"": 3272, ""anonymous_code"": ""독수리-4082"", ""post_type"": ""trade_share"", ""title"": ""삼성전자 100주 매수했습니다!"", ""like_count"": 0, ""unlike_count"": 5, ""score"": -5, ""author_badges"": [""상위 수익자"", ""자산가""]}, {""post_id"": 3273, ""anonymous_code"": ""펭귄-3788"", ""post_type"": ""trade_share"", ""title"": ""오늘 삼성전자 매수했습니다!"", ""like_count"": 0, ""unlike_count"": 0, ""score"": 0, ""author_badges"": [""커뮤니티 인플루언서""]}, {""post_id"": 3274, ""anonymous_code"": ""사자-8665"", ""post_type"": ""trade_share"", ""title"": ""[매수] 삼성전자 100주 추가 매수했습니다!"", ""like_count"": 0, ""unlike_count"": 6, ""score"": -6, ""author_badges"": [""상위 수익자"", ""자산가""]}, {""post_id"": 3275, ""anonymous_code"": ""돌고래-5489"", ""post_type"": ""trade_share"", ""title"": ""오늘 삼성전자 추가 매수했습니다!"", ""like_count"": 0, ""unlike_count"": 0, ""score"": 0, ""author_badges"": []}, {""post_id"": 3276, ""anonymous_code"": ""사자-5895"", ""post_type"": ""trade_share"", ""title"": ""오늘 삼성전자 추가 매수했습니다!"", ""like_count"": 0, ""unlike_count"": 0, ""score"": 0, ""author_badges"": []}, {""post_id"": 3277, ""anonymous_code"": ""코끼리-2877"", ""post_type"": ""trade_share"", ""title"": ""[매수 공유] 삼성전자 추가 매수했습니다!"", ""like_count"": 0, ""unlike_count"": 0, ""score"": 0, ""author_badges"": []}, {""post_id"": 3278, ""anonymous_code"": ""사자-5055"", ""post_type"": ""trade_share"", ""title"": ""오늘 삼성전자 매수했습니다!"", ""like_count"": 1, ""unlike_count"": 0, ""score"": 1, ""author_badges"": [""상위 수익자"", ""자산가""]}, {""post_id"": 3279, ""anonymous_code"": ""곰-1911"", ""post_type"": ""analysis"", ""title"": ""삼성전자, 현재 시장 상황과 기술적 분석"", ""like_count"": 14, ""unlike_count"": 1, ""score"": 13, ""author_badges"": [""커뮤니티 인플루언서""]}, {""post_id"": 3280, ""anonymous_code"": ""곰-9761"", ""post_type"": ""trade_share"", ""title"": ""오늘 삼성전자 추가 매수했습니다!"", ""like_count"": 0, ""unlike_count"": 0, ""score"": 0, ""author_badges"": [""상위 수익자"", ""자산가""]}, {""post_id"": 3281, ""anonymous_code"": ""황소-8760"", ""post_type"": ""trade_share"", ""title"": ""삼성전자 신규 매수 소식 공유합니다!"", ""like_count"": 0, ""unlike_count"": 0, ""score"": 0, ""author_badges"": []}, {""post_id"": 3282, ""anonymous_code"": ""돌고래-5159"", ""post_type"": ""analysis"", ""title"": ""삼성전자, 450조 투자 계획과 단기 리스크의 교차점에서"", ""like_count"": 9, ""unlike_count"": 2, ""score"": 7, ""author_badges"": []}, {""post_id"": 3283, ""anonymous_code"": ""독수리-8072"", ""post_type"": ""trade_share"", ""title"": ""[매수 공유] 삼성전자 추가 매수했습니다!"", ""like_count"": 0, ""unlike_count"": 0, ""score"": 0, ""author_badges"": [""상위 수익자"", ""자산가""]}, {""post_id"": 3284, ""anonymous_code"": ""늑대-4264"", ""post_type"": ""trade_share"", ""title"": ""오늘 삼성전자 추가 매수했습니다!"", ""like_count"": 0, ""unlike_count"": 0, ""score"": 0, ""author_badges"": []}]"
chunk_009_2026-04-27_2026-05-04,2026-04-28,4,A027,1,5,19,"[3266, 3267, 3268, 3269, 3270, 3271, 3272, 3273, 3274, 3275, 3276, 3277, 3278, 3279, 3280, 3281, 3282, 3283, 3285]","[{""post_id"": 3266, ""anonymous_code"": ""호랑이-8886"", ""post_type"": ""trade_share"", ""title"": ""오늘 삼성전자 10주 매수했습니다!"", ""like_count"": 0, ""unlike_count"": 4, ""score"": -4, ""author_badges"": [""커뮤니티 인플루언서""]}, {""post_id"": 3267, ""anonymous_code"": ""곰-1801"", ""post_type"": ""trade_share"", ""title"": ""삼성전자 추가 매수했습니다!"", ""like_count"": 0, ""unlike_count"": 0, ""score"": 0, ""author_badges"": []}, {""post_id"": 3268, ""anonymous_code"": ""코끼리-6457"", ""post_type"": ""trade_share"", ""title"": ""오늘 삼성전자 100주 매수했습니다!"", ""like_count"": 0, ""unlike_count"": 5, ""score"": -5, ""author_badges"": [""상위 수익자"", ""자산가""]}, {""post_id"": 3269, ""anonymous_code"": ""황소-9750"", ""post_type"": ""trade_share"", ""title"": ""오늘 삼성전자 매수했습니다!"", ""like_count"": 0, ""unlike_count"": 2, ""score"": -2, ""author_badges"": []}, {""post_id"": 3270, ""anonymous_code"": ""늑대-8884"", ""post_type"": ""trade_share"", ""title"": ""오늘 삼성전자 100주 매수했습니다!"", ""like_count"": 0, ""unlike_count"": 2, ""score"": -2, ""author_badges"": [""커뮤니티 인플루언서""]}, {""post_id"": 3271, ""anonymous_code"": ""여우-7933"", ""post_type"": ""trade_share"", ""title"": ""오늘 삼성전자 75주 매수했습니다!"", ""like_count"": 0, ""unlike_count"": 2, ""score"": -2, ""author_badges"": []}, {""post_id"": 3272, ""anonymous_code"": ""독수리-4082"", ""post_type"": ""trade_share"", ""title"": ""삼성전자 100주 매수했습니다!"", ""like_count"": 0, ""unlike_count"": 6, ""score"": -6, ""author_badges"": [""상위 수익자"", ""자산가""]}, {""post_id"": 3273, ""anonymous_code"": ""펭귄-3788"", ""post_type"": ""trade_share"", ""title"": ""오늘 삼성전자 매수했습니다!"", ""like_count"": 0, ""unlike_count"": 0, ""score"": 0, ""author_badges"": [""커뮤니티 인플루언서""]}, {""post_id"": 3274, ""anonymous_code"": ""사자-8665"", ""post_type"": ""trade_share"", ""title"": ""[매수] 삼성전자 100주 추가 매수했습니다!"", ""like_count"": 0, ""unlike_count"": 7, ""score"": -7, ""author_badges"": [""상위 수익자"", ""자산가""]}, {""post_id"": 3275, ""anonymous_code"": ""돌고래-5489"", ""post_type"": ""trade_share"", ""title"": ""오늘 삼성전자 추가 매수했습니다!"", ""like_count"": 0, ""unlike_count"": 0, ""score"": 0, ""author_badges"": []}, {""post_id"": 3276, ""anonymous_code"": ""사자-5895"", ""post_type"": ""trade_share"", ""title"": ""오늘 삼성전자 추가 매수했습니다!"", ""like_count"": 0, ""unlike_count"": 0, ""score"": 0, ""author_badges"": []}, {""post_id"": 3277, ""anonymous_code"": ""코끼리-2877"", ""post_type"": ""trade_share"", ""title"": ""[매수 공유] 삼성전자 추가 매수했습니다!"", ""like_count"": 0, ""unlike_count"": 0, ""score"": 0, ""author_badges"": []}, {""post_id"": 3278, ""anonymous_code"": ""사자-5055"", ""post_type"": ""trade_share"", ""title"": ""오늘 삼성전자 매수했습니다!"", ""like_count"": 1, ""unlike_count"": 0, ""score"": 1, ""author_badges"": [""상위 수익자"", ""자산가""]}, {""post_id"": 3279, ""anonymous_code"": ""곰-1911"", ""post_type"": ""analysis"", ""title"": ""삼성전자, 현재 시장 상황과 기술적 분석"", ""like_count"": 15, ""unlike_count"": 1, ""score"": 14, ""author_badges"": [""커뮤니티 인플루언서""]}, {""post_id"": 3280, ""anonymous_code"": ""곰-9761"", ""post_type"": ""trade_share"", ""title"": ""오늘 삼성전자 추가 매수했습니다!"", ""like_count"": 0, ""unlike_count"": 0, ""score"": 0, ""author_badges"": [""상위 수익자"", ""자산가""]}, {""post_id"": 3281, ""anonymous_code"": ""황소-8760"", ""post_type"": ""trade_share"", ""title"": ""삼성전자 신규 매수 소식 공유합니다!"", ""like_count"": 0, ""unlike_count"": 0, ""score"": 0, ""author_badges"": []}, {""post_id"": 3282, ""anonymous_code"": ""돌고래-5159"", ""post_type"": ""analysis"", ""title"": ""삼성전자, 450조 투자 계획과 단기 리스크의 교차점에서"", ""like_count"": 9, ""unlike_count"": 2, ""score"": 7, ""author_badges"": []}, {""post_id"": 3283, ""anonymous_code"": ""독수리-8072"", ""post_type"": ""trade_share"", ""title"": ""[매수 공유] 삼성전자 추가 매수했습니다!"", ""like_count"": 0, ""unlike_count"": 0, ""score"": 0, ""author_badges"": [""상위 수익자"", ""자산가""]}, {""post_id"": 3285, ""anonymous_code"": ""여우-2283"", ""post_type"": ""trade_share"", ""title"": ""[매수] 삼성전자 추가 매수했습니다!"", ""like_count"": 0, ""unlike_count"": 0, ""score"": 0, ""author_badges"": []}]"
chunk_009_2026-04-27_2026-05-04,2026-04-29,6,A001,1,5,19,"[3286, 3287, 3288, 3290, 3291, 3292, 3293, 3294, 3295, 3296, 3297, 3298, 3299, 3300, 3301, 3302, 3303, 3304, 3305]","[{""post_id"": 3286, ""anonymous_code"": ""황소-9750"", ""post_type"": ""trade_share"", ""title"": ""삼성전자 추가 매수했습니다!"", ""like_count"": 0, ""unlike_count"": 0, ""score"": 0, ""author_badges"": [""상위 수익자"", ""자산가""]}, {""post_id"": 3287, ""anonymous_code"": ""코끼리-6457"", ""post_type"": ""trade_share"", ""title"": ""오늘 삼성전자 100주 매도했습니다!"", ""like_count"": 0, ""unlike_count"": 0, ""score"": 0, ""author_badges"": []}, {""post_id"": 3288, ""anonymous_code"": ""곰-1801"", ""post_type"": ""trade_share"", ""title"": ""삼성전자 추가 매수했습니다!"", ""like_count"": 0, ""unlike_count"": 0, ""score"": 0, ""author_badges"": [""상위 수익자"", ""자산가""]}, {""post_id"": 3290, ""anonymous_code"": ""늑대-8884"", ""post_type"": ""trade_share"", ""title"": ""오늘 삼성전자 매수했습니다!"", ""like_count"": 0, ""unlike_count"": 0, ""score"": 0, ""author_badges"": [""커뮤니티 인플루언서""]}, {""post_id"": 3291, ""anonymous_code"": ""여우-7933"", ""post_type"": ""trade_share"", ""title"": ""오늘 삼성전자 매수했습니다!"", ""like_count"": 0, ""unlike_count"": 0, ""score"": 0, ""author_badges"": []}, {""post_id"": 3292, ""anonymous_code"": ""독수리-4082"", ""post_type"": ""trade_share"", ""title"": ""거시경제 리스크를 고려한 매도 거래"", ""like_count"": 0, ""unlike_count"": 0, ""score"": 0, ""author_badges"": []}, {""post_id"": 3293, ""anonymous_code"": ""펭귄-3788"", ""post_type"": ""trade_share"", ""title"": ""오늘 삼성전자 추가 매수했습니다!"", ""like_count"": 0, ""unlike_count"": 0, ""score"": 0, ""author_badges"": [""상위 수익자"", ""자산가"", ""커뮤니티 인플루언서""]}, {""post_id"": 3294, ""anonymous_code"": ""돌고래-5489"", ""post_type"": ""trade_share"", ""title"": ""오늘 삼성전자 20주 매수했습니다!"", ""like_count"": 0, ""unlike_count"": 0, ""score"": 0, ""author_badges"": []}, {""post_id"": 3295, ""anonymous_code"": ""사자-8665"", ""post_type"": ""trade_share"", ""title"": ""오늘 삼성전자 매도 완료!"", ""like_count"": 0, ""unlike_count"": 0, ""score"": 0, ""author_badges"": []}, {""post_id"": 3296, ""anonymous_code"": ""사자-5895"", ""post_type"": ""trade_share"", ""title"": ""오늘 삼성전자 매도 거래했습니다!"", ""like_count"": 0, ""unlike_count"": 0, ""score"": 0, ""author_badges"": [""상위 수익자"", ""자산가""]}, {""post_id"": 3297, ""anonymous_code"": ""코끼리-2877"", ""post_type"": ""trade_share"", ""title"": ""오늘 삼성전자 30주 매수했습니다!"", ""like_count"": 0, ""unlike_count"": 0, ""score"": 0, ""author_badges"": []}, {""post_id"": 3298, ""anonymous_code"": ""곰-1911"", ""post_type"": ""trade_share"", ""title"": ""오늘 삼성전자 소량 매수했습니다!"", ""like_count"": 0, ""unlike_count"": 0, ""score"": 0, ""author_badges"": [""커뮤니티 인플루언서""]}, {""post_id"": 3299, ""anonymous_code"": ""곰-9761"", ""post_type"": ""trade_share"", ""title"": ""삼성전자 추가 매수했습니다!"", ""like_count"": 0, ""unlike_count"": 0, ""score"": 0, ""author_badges"": []}, {""post_id"": 3300, ""anonymous_code"": ""사자-5055"", ""post_type"": ""analysis"", ""title"": ""삼성전자, 거시경제 리스크와 경쟁사 실적 사이에서의 투자 판단"", ""like_count"": 0, ""unlike_count"": 0, ""score"": 0, ""author_badges"": [""상위 수익자"", ""자산가""]}, {""post_id"": 3301, ""anonymous_code"": ""돌고래-5159"", ""post_type"": ""trade_share"", ""title"": ""오늘 삼성전자 매수했습니다!"", ""like_count"": 0, ""unlike_count"": 0, ""score"": 0, ""author_badges"": []}, {""post_id"": 3302, ""anonymous_code"": ""독수리-8072"", ""post_type"": ""trade_share"", ""title"": ""오늘 삼성전자 30주 매도했습니다!"", ""like_count"": 0, ""unlike_count"": 0, ""score"": 0, ""author_badges"": []}, {""post_id"": 3303, ""anonymous_code"": ""황소-8760"", ""post_type"": ""trade_share"", ""title"": ""오늘 삼성전자 매수했습니다!"", ""like_count"": 0, ""unlike_count"": 0, ""score"": 0, ""author_badges"": []}, {""post_id"": 3304, ""anonymous_code"": ""여우-2283"", ""post_type"": ""trade_share"", ""title"": ""오늘 삼성전자 추가 매수했습니다!"", ""like_count"": 0, ""unlike_count"": 0, ""score"": 0, ""author_badges"": []}, {""post_id"": 3305, ""anonymous_code"": ""늑대-4264"", ""post_type"": ""trade_share"", ""title"": ""오늘 삼성전자 추가 매수했습니다!"", ""like_count"": 0, ""unlike_count"": 0, ""score"": 0, ""author_badges"": []}]"
chunk_009_2026-04-27_2026-05-04,2026-04-29,6,A003,1,5,19,"[3286, 3287, 3289, 3290, 3291, 3292, 3293, 3294, 3295, 3296, 3297, 3298, 3299, 3300, 3301, 3302, 3303, 3304, 3305]","[{""post_id"": 3286, ""anonymous_code"": ""황소-9750"", ""post_type"": ""trade_share"", ""title"": ""삼성전자 추가 매수했습니다!"", ""like_count"": 0, ""unlike_count"": 0, ""score"": 0, ""author_badges"": [""상위 수익자"", ""자산가""]}, {""post_id"": 3287, ""anonymous_code"": ""코끼리-6457"", ""post_type"": ""trade_share"", ""title"": ""오늘 삼성전자 100주 매도했습니다!"", ""like_count"": 0, ""unlike_count"": 0, ""score"": 0, ""author_badges"": []}, {""post_id"": 3289, ""anonymous_code"": ""호랑이-8886"", ""post_type"": ""trade_share"", ""title"": ""오늘 삼성전자 소량 매수했습니다!"", ""like_count"": 0, ""unlike_count"": 0, ""score"": 0, ""author_badges"": [""커뮤니티 인플루언서""]}, {""post_id"": 3290, ""anonymous_code"": ""늑대-8884"", ""post_type"": ""trade_share"", ""title"": ""오늘 삼성전자 매수했습니다!"", ""like_count"": 0, ""unlike_count"": 0, ""score"": 0, ""author_badges"": [""커뮤니티 인플루언서""]}, {""post_id"": 3291, ""anonymous_code"": ""여우-7933"", ""post_type"": ""trade_share"", ""title"": ""오늘 삼성전자 매수했습니다!"", ""like_count"": 0, ""unlike_count"": 0, ""score"": 0, ""author_badges"": []}, {""post_id"": 3292, ""anonymous_code"": ""독수리-4082"", ""post_type"": ""trade_share"", ""title"": ""거시경제 리스크를 고려한 매도 거래"", ""like_count"": 0, ""unlike_count"": 0, ""score"": 0, ""author_badges"": []}, {""post_id"": 3293, ""anonymous_code"": ""펭귄-3788"", ""post_type"": ""trade_share"", ""title"": ""오늘 삼성전자 추가 매수했습니다!"", ""like_count"": 0, ""unlike_count"": 0, ""score"": 0, ""author_badges"": [""상위 수익자"", ""자산가"", ""커뮤니티 인플루언서""]}, {""post_id"": 3294, ""anonymous_code"": ""돌고래-5489"", ""post_type"": ""trade_share"", ""title"": ""오늘 삼성전자 20주 매수했습니다!"", ""like_count"": 0, ""unlike_count"": 0, ""score"": 0, ""author_badges"": []}, {""post_id"": 3295, ""anonymous_code"": ""사자-8665"", ""post_type"": ""trade_share"", ""title"": ""오늘 삼성전자 매도 완료!"", ""like_count"": 0, ""unlike_count"": 0, ""score"": 0, ""author_badges"": []}, {""post_id"": 3296, ""anonymous_code"": ""사자-5895"", ""post_type"": ""trade_share"", ""title"": ""오늘 삼성전자 매도 거래했습니다!"", ""like_count"": 0, ""unlike_count"": 0, ""score"": 0, ""author_badges"": [""상위 수익자"", ""자산가""]}, {""post_id"": 3297, ""anonymous_code"": ""코끼리-2877"", ""post_type"": ""trade_share"", ""title"": ""오늘 삼성전자 30주 매수했습니다!"", ""like_count"": 0, ""unlike_count"": 0, ""score"": 0, ""author_badges"": []}, {""post_id"": 3298, ""anonymous_code"": ""곰-1911"", ""post_type"": ""trade_share"", ""title"": ""오늘 삼성전자 소량 매수했습니다!"", ""like_count"": 0, ""unlike_count"": 0, ""score"": 0, ""author_badges"": [""커뮤니티 인플루언서""]}, {""post_id"": 3299, ""anonymous_code"": ""곰-9761"", ""post_type"": ""trade_share"", ""title"": ""삼성전자 추가 매수했습니다!"", ""like_count"": 0, ""unlike_count"": 0, ""score"": 0, ""author_badges"": []}, {""post_id"": 3300, ""anonymous_code"": ""사자-5055"", ""post_type"": ""analysis"", ""title"": ""삼성전자, 거시경제 리스크와 경쟁사 실적 사이에서의 투자 판단"", ""like_count"": 0, ""unlike_count"": 0, ""score"": 0, ""author_badges"": [""상위 수익자"", ""자산가""]}, {""post_id"": 3301, ""anonymous_code"": ""돌고래-5159"", ""post_type"": ""trade_share"", ""title"": ""오늘 삼성전자 매수했습니다!"", ""like_count"": 0, ""unlike_count"": 0, ""score"": 0, ""author_badges"": []}, {""post_id"": 3302, ""anonymous_code"": ""독수리-8072"", ""post_type"": ""trade_share"", ""title"": ""오늘 삼성전자 30주 매도했습니다!"", ""like_count"": 0, ""unlike_count"": 0, ""score"": 0, ""author_badges"": []}, {""post_id"": 3303, ""anonymous_code"": ""황소-8760"", ""post_type"": ""trade_share"", ""title"": ""오늘 삼성전자 매수했습니다!"", ""like_count"": 0, ""unlike_count"": 0, ""score"": 0, ""author_badges"": []}, {""post_id"": 3304, ""anonymous_code"": ""여우-2283"", ""post_type"": ""trade_share"", ""title"": ""오늘 삼성전자 추가 매수했습니다!"", ""like_count"": 0, ""unlike_count"": 0, ""score"": 0, ""author_badges"": []}, {""post_id"": 3305, ""anonymous_code"": ""늑대-4264"", ""post_type"": ""trade_share"", ""title"": ""오늘 삼성전자 추가 매수했습니다!"", ""like_count"": 0, ""unlike_count"": 0, ""score"": 0, ""author_badges"": []}]"
chunk_009_2026-04-27_2026-05-04,2026-04-29,6,A004,1,5,19,"[3286, 3288, 3289, 3290, 3291, 3292, 3293, 3294, 3295, 3296, 3297, 3298, 3299, 3300, 3301, 3302, 3303, 3304, 3305]","[{""post_id"": 3286, ""anonymous_code"": ""황소-9750"", ""post_type"": ""trade_share"", ""title"": ""삼성전자 추가 매수했습니다!"", ""like_count"": 0, ""unlike_count"": 0, ""score"": 0, ""author_badges"": [""상위 수익자"", ""자산가""]}, {""post_id"": 3288, ""anonymous_code"": ""곰-1801"", ""post_type"": ""trade_share"", ""title"": ""삼성전자 추가 매수했습니다!"", ""like_count"": 0, ""unlike_count"": 0, ""score"": 0, ""author_badges"": [""상위 수익자"", ""자산가""]}, {""post_id"": 3289, ""anonymous_code"": ""호랑이-8886"", ""post_type"": ""trade_share"", ""title"": ""오늘 삼성전자 소량 매수했습니다!"", ""like_count"": 0, ""unlike_count"": 0, ""score"": 0, ""author_badges"": [""커뮤니티 인플루언서""]}, {""post_id"": 3290, ""anonymous_code"": ""늑대-8884"", ""post_type"": ""trade_share"", ""title"": ""오늘 삼성전자 매수했습니다!"", ""like_count"": 0, ""unlike_count"": 0, ""score"": 0, ""author_badges"": [""커뮤니티 인플루언서""]}, {""post_id"": 3291, ""anonymous_code"": ""여우-7933"", ""post_type"": ""trade_share"", ""title"": ""오늘 삼성전자 매수했습니다!"", ""like_count"": 0, ""unlike_count"": 0, ""score"": 0, ""author_badges"": []}, {""post_id"": 3292, ""anonymous_code"": ""독수리-4082"", ""post_type"": ""trade_share"", ""title"": ""거시경제 리스크를 고려한 매도 거래"", ""like_count"": 0, ""unlike_count"": 0, ""score"": 0, ""author_badges"": []}, {""post_id"": 3293, ""anonymous_code"": ""펭귄-3788"", ""post_type"": ""trade_share"", ""title"": ""오늘 삼성전자 추가 매수했습니다!"", ""like_count"": 0, ""unlike_count"": 0, ""score"": 0, ""author_badges"": [""상위 수익자"", ""자산가"", ""커뮤니티 인플루언서""]}, {""post_id"": 3294, ""anonymous_code"": ""돌고래-5489"", ""post_type"": ""trade_share"", ""title"": ""오늘 삼성전자 20주 매수했습니다!"", ""like_count"": 0, ""unlike_count"": 0, ""score"": 0, ""author_badges"": []}, {""post_id"": 3295, ""anonymous_code"": ""사자-8665"", ""post_type"": ""trade_share"", ""title"": ""오늘 삼성전자 매도 완료!"", ""like_count"": 0, ""unlike_count"": 0, ""score"": 0, ""author_badges"": []}, {""post_id"": 3296, ""anonymous_code"": ""사자-5895"", ""post_type"": ""trade_share"", ""title"": ""오늘 삼성전자 매도 거래했습니다!"", ""like_count"": 0, ""unlike_count"": 0, ""score"": 0, ""author_badges"": [""상위 수익자"", ""자산가""]}, {""post_id"": 3297, ""anonymous_code"": ""코끼리-2877"", ""post_type"": ""trade_share"", ""title"": ""오늘 삼성전자 30주 매수했습니다!"", ""like_count"": 0, ""unlike_count"": 0, ""score"": 0, ""author_badges"": []}, {""post_id"": 3298, ""anonymous_code"": ""곰-1911"", ""post_type"": ""trade_share"", ""title"": ""오늘 삼성전자 소량 매수했습니다!"", ""like_count"": 0, ""unlike_count"": 0, ""score"": 0, ""author_badges"": [""커뮤니티 인플루언서""]}, {""post_id"": 3299, ""anonymous_code"": ""곰-9761"", ""post_type"": ""trade_share"", ""title"": ""삼성전자 추가 매수했습니다!"", ""like_count"": 0, ""unlike_count"": 0, ""score"": 0, ""author_badges"": []}, {""post_id"": 3300, ""anonymous_code"": ""사자-5055"", ""post_type"": ""analysis"", ""title"": ""삼성전자, 거시경제 리스크와 경쟁사 실적 사이에서의 투자 판단"", ""like_count"": 0, ""unlike_count"": 0, ""score"": 0, ""author_badges"": [""상위 수익자"", ""자산가""]}, {""post_id"": 3301, ""anonymous_code"": ""돌고래-5159"", ""post_type"": ""trade_share"", ""title"": ""오늘 삼성전자 매수했습니다!"", ""like_count"": 0, ""unlike_count"": 0, ""score"": 0, ""author_badges"": []}, {""post_id"": 3302, ""anonymous_code"": ""독수리-8072"", ""post_type"": ""trade_share"", ""title"": ""오늘 삼성전자 30주 매도했습니다!"", ""like_count"": 0, ""unlike_count"": 0, ""score"": 0, ""author_badges"": []}, {""post_id"": 3303, ""anonymous_code"": ""황소-8760"", ""post_type"": ""trade_share"", ""title"": ""오늘 삼성전자 매수했습니다!"", ""like_count"": 0, ""unlike_count"": 0, ""score"": 0, ""author_badges"": []}, {""post_id"": 3304, ""anonymous_code"": ""여우-2283"", ""post_type"": ""trade_share"", ""title"": ""오늘 삼성전자 추가 매수했습니다!"", ""like_count"": 0, ""unlike_count"": 0, ""score"": 0, ""author_badges"": []}, {""post_id"": 3305, ""anonymous_code"": ""늑대-4264"", ""post_type"": ""trade_share"", ""title"": ""오늘 삼성전자 추가 매수했습니다!"", ""like_count"": 0, ""unlike_count"": 0, ""score"": 0, ""author_badges"": []}]"
chunk_009_2026-04-27_2026-05-04,2026-04-29,6,A005,1,5,19,"[3287, 3288, 3289, 3290, 3291, 3292, 3293, 3294, 3295, 3296, 3297, 3298, 3299, 3300, 3301, 3302, 3303, 3304, 3305]","[{""post_id"": 3287, ""anonymous_code"": ""코끼리-6457"", ""post_type"": ""trade_share"", ""title"": ""오늘 삼성전자 100주 매도했습니다!"", ""like_count"": 0, ""unlike_count"": 0, ""score"": 0, ""author_badges"": []}, {""post_id"": 3288, ""anonymous_code"": ""곰-1801"", ""post_type"": ""trade_share"", ""title"": ""삼성전자 추가 매수했습니다!"", ""like_count"": 0, ""unlike_count"": 0, ""score"": 0, ""author_badges"": [""상위 수익자"", ""자산가""]}, {""post_id"": 3289, ""anonymous_code"": ""호랑이-8886"", ""post_type"": ""trade_share"", ""title"": ""오늘 삼성전자 소량 매수했습니다!"", ""like_count"": 0, ""unlike_count"": 0, ""score"": 0, ""author_badges"": [""커뮤니티 인플루언서""]}, {""post_id"": 3290, ""anonymous_code"": ""늑대-8884"", ""post_type"": ""trade_share"", ""title"": ""오늘 삼성전자 매수했습니다!"", ""like_count"": 0, ""unlike_count"": 0, ""score"": 0, ""author_badges"": [""커뮤니티 인플루언서""]}, {""post_id"": 3291, ""anonymous_code"": ""여우-7933"", ""post_type"": ""trade_share"", ""title"": ""오늘 삼성전자 매수했습니다!"", ""like_count"": 0, ""unlike_count"": 0, ""score"": 0, ""author_badges"": []}, {""post_id"": 3292, ""anonymous_code"": ""독수리-4082"", ""post_type"": ""trade_share"", ""title"": ""거시경제 리스크를 고려한 매도 거래"", ""like_count"": 0, ""unlike_count"": 0, ""score"": 0, ""author_badges"": []}, {""post_id"": 3293, ""anonymous_code"": ""펭귄-3788"", ""post_type"": ""trade_share"", ""title"": ""오늘 삼성전자 추가 매수했습니다!"", ""like_count"": 0, ""unlike_count"": 0, ""score"": 0, ""author_badges"": [""상위 수익자"", ""자산가"", ""커뮤니티 인플루언서""]}, {""post_id"": 3294, ""anonymous_code"": ""돌고래-5489"", ""post_type"": ""trade_share"", ""title"": ""오늘 삼성전자 20주 매수했습니다!"", ""like_count"": 0, ""unlike_count"": 0, ""score"": 0, ""author_badges"": []}, {""post_id"": 3295, ""anonymous_code"": ""사자-8665"", ""post_type"": ""trade_share"", ""title"": ""오늘 삼성전자 매도 완료!"", ""like_count"": 0, ""unlike_count"": 0, ""score"": 0, ""author_badges"": []}, {""post_id"": 3296, ""anonymous_code"": ""사자-5895"", ""post_type"": ""trade_share"", ""title"": ""오늘 삼성전자 매도 거래했습니다!"", ""like_count"": 0, ""unlike_count"": 0, ""score"": 0, ""author_badges"": [""상위 수익자"", ""자산가""]}, {""post_id"": 3297, ""anonymous_code"": ""코끼리-2877"", ""post_type"": ""trade_share"", ""title"": ""오늘 삼성전자 30주 매수했습니다!"", ""like_count"": 0, ""unlike_count"": 0, ""score"": 0, ""author_badges"": []}, {""post_id"": 3298, ""anonymous_code"": ""곰-1911"", ""post_type"": ""trade_share"", ""title"": ""오늘 삼성전자 소량 매수했습니다!"", ""like_count"": 0, ""unlike_count"": 0, ""score"": 0, ""author_badges"": [""커뮤니티 인플루언서""]}, {""post_id"": 3299, ""anonymous_code"": ""곰-9761"", ""post_type"": ""trade_share"", ""title"": ""삼성전자 추가 매수했습니다!"", ""like_count"": 0, ""unlike_count"": 0, ""score"": 0, ""author_badges"": []}, {""post_id"": 3300, ""anonymous_code"": ""사자-5055"", ""post_type"": ""analysis"", ""title"": ""삼성전자, 거시경제 리스크와 경쟁사 실적 사이에서의 투자 판단"", ""like_count"": 0, ""unlike_count"": 0, ""score"": 0, ""author_badges"": [""상위 수익자"", ""자산가""]}, {""post_id"": 3301, ""anonymous_code"": ""돌고래-5159"", ""post_type"": ""trade_share"", ""title"": ""오늘 삼성전자 매수했습니다!"", ""like_count"": 0, ""unlike_count"": 0, ""score"": 0, ""author_badges"": []}, {""post_id"": 3302, ""anonymous_code"": ""독수리-8072"", ""post_type"": ""trade_share"", ""title"": ""오늘 삼성전자 30주 매도했습니다!"", ""like_count"": 0, ""unlike_count"": 0, ""score"": 0, ""author_badges"": []}, {""post_id"": 3303, ""anonymous_code"": ""황소-8760"", ""post_type"": ""trade_share"", ""title"": ""오늘 삼성전자 매수했습니다!"", ""like_count"": 0, ""unlike_count"": 0, ""score"": 0, ""author_badges"": []}, {""post_id"": 3304, ""anonymous_code"": ""여우-2283"", ""post_type"": ""trade_share"", ""title"": ""오늘 삼성전자 추가 매수했습니다!"", ""like_count"": 0, ""unlike_count"": 0, ""score"": 0, ""author_badges"": []}, {""post_id"": 3305, ""anonymous_code"": ""늑대-4264"", ""post_type"": ""trade_share"", ""title"": ""오늘 삼성전자 추가 매수했습니다!"", ""like_count"": 0, ""unlike_count"": 0, ""score"": 0, ""author_badges"": []}]"
chunk_009_2026-04-27_2026-05-04,2026-04-29,6,A006,1,5,19,"[3286, 3287, 3288, 3289, 3291, 3292, 3293, 3294, 3295, 3296, 3297, 3298, 3299, 3300, 3301, 3302, 3303, 3304, 3305]","[{""post_id"": 3286, ""anonymous_code"": ""황소-9750"", ""post_type"": ""trade_share"", ""title"": ""삼성전자 추가 매수했습니다!"", ""like_count"": 0, ""unlike_count"": 0, ""score"": 0, ""author_badges"": [""상위 수익자"", ""자산가""]}, {""post_id"": 3287, ""anonymous_code"": ""코끼리-6457"", ""post_type"": ""trade_share"", ""title"": ""오늘 삼성전자 100주 매도했습니다!"", ""like_count"": 0, ""unlike_count"": 0, ""score"": 0, ""author_badges"": []}, {""post_id"": 3288, ""anonymous_code"": ""곰-1801"", ""post_type"": ""trade_share"", ""title"": ""삼성전자 추가 매수했습니다!"", ""like_count"": 0, ""unlike_count"": 0, ""score"": 0, ""author_badges"": [""상위 수익자"", ""자산가""]}, {""post_id"": 3289, ""anonymous_code"": ""호랑이-8886"", ""post_type"": ""trade_share"", ""title"": ""오늘 삼성전자 소량 매수했습니다!"", ""like_count"": 0, ""unlike_count"": 0, ""score"": 0, ""author_badges"": [""커뮤니티 인플루언서""]}, {""post_id"": 3291, ""anonymous_code"": ""여우-7933"", ""post_type"": ""trade_share"", ""title"": ""오늘 삼성전자 매수했습니다!"", ""like_count"": 0, ""unlike_count"": 0, ""score"": 0, ""author_badges"": []}, {""post_id"": 3292, ""anonymous_code"": ""독수리-4082"", ""post_type"": ""trade_share"", ""title"": ""거시경제 리스크를 고려한 매도 거래"", ""like_count"": 1, ""unlike_count"": 0, ""score"": 1, ""author_badges"": []}, {""post_id"": 3293, ""anonymous_code"": ""펭귄-3788"", ""post_type"": ""trade_share"", ""title"": ""오늘 삼성전자 추가 매수했습니다!"", ""like_count"": 0, ""unlike_count"": 0, ""score"": 0, ""author_badges"": [""상위 수익자"", ""자산가"", ""커뮤니티 인플루언서""]}, {""post_id"": 3294, ""anonymous_code"": ""돌고래-5489"", ""post_type"": ""trade_share"", ""title"": ""오늘 삼성전자 20주 매수했습니다!"", ""like_count"": 0, ""unlike_count"": 0, ""score"": 0, ""author_badges"": []}, {""post_id"": 3295, ""anonymous_code"": ""사자-8665"", ""post_type"": ""trade_share"", ""title"": ""오늘 삼성전자 매도 완료!"", ""like_count"": 0, ""unlike_count"": 0, ""score"": 0, ""author_badges"": []}, {""post_id"": 3296, ""anonymous_code"": ""사자-5895"", ""post_type"": ""trade_share"", ""title"": ""오늘 삼성전자 매도 거래했습니다!"", ""like_count"": 0, ""unlike_count"": 0, ""score"": 0, ""author_badges"": [""상위 수익자"", ""자산가""]}, {""post_id"": 3297, ""anonymous_code"": ""코끼리-2877"", ""post_type"": ""trade_share"", ""title"": ""오늘 삼성전자 30주 매수했습니다!"", ""like_count"": 0, ""unlike_count"": 0, ""score"": 0, ""author_badges"": []}, {""post_id"": 3298, ""anonymous_code"": ""곰-1911"", ""post_type"": ""trade_share"", ""title"": ""오늘 삼성전자 소량 매수했습니다!"", ""like_count"": 0, ""unlike_count"": 0, ""score"": 0, ""author_badges"": [""커뮤니티 인플루언서""]}, {""post_id"": 3299, ""anonymous_code"": ""곰-9761"", ""post_type"": ""trade_share"", ""title"": ""삼성전자 추가 매수했습니다!"", ""like_count"": 0, ""unlike_count"": 0, ""score"": 0, ""author_badges"": []}, {""post_id"": 3300, ""anonymous_code"": ""사자-5055"", ""post_type"": ""analysis"", ""title"": ""삼성전자, 거시경제 리스크와 경쟁사 실적 사이에서의 투자 판단"", ""like_count"": 1, ""unlike_count"": 0, ""score"": 1, ""author_badges"": [""상위 수익자"", ""자산가""]}, {""post_id"": 3301, ""anonymous_code"": ""돌고래-5159"", ""post_type"": ""trade_share"", ""title"": ""오늘 삼성전자 매수했습니다!"", ""like_count"": 0, ""unlike_count"": 0, ""score"": 0, ""author_badges"": []}, {""post_id"": 3302, ""anonymous_code"": ""독수리-8072"", ""post_type"": ""trade_share"", ""title"": ""오늘 삼성전자 30주 매도했습니다!"", ""like_count"": 0, ""unlike_count"": 0, ""score"": 0, ""author_badges"": []}, {""post_id"": 3303, ""anonymous_code"": ""황소-8760"", ""post_type"": ""trade_share"", ""title"": ""오늘 삼성전자 매수했습니다!"", ""like_count"": 0, ""unlike_count"": 0, ""score"": 0, ""author_badges"": []}, {""post_id"": 3304, ""anonymous_code"": ""여우-2283"", ""post_type"": ""trade_share"", ""title"": ""오늘 삼성전자 추가 매수했습니다!"", ""like_count"": 0, ""unlike_count"": 0, ""score"": 0, ""author_badges"": []}, {""post_id"": 3305, ""anonymous_code"": ""늑대-4264"", ""post_type"": ""trade_share"", ""title"": ""오늘 삼성전자 추가 매수했습니다!"", ""like_count"": 0, ""unlike_count"": 0, ""score"": 0, ""author_badges"": []}]"
chunk_009_2026-04-27_2026-05-04,2026-04-29,6,A007,2,10,19,"[3286, 3287, 3288, 3289, 3290, 3291, 3293, 3294, 3295, 3296, 3297, 3298, 3299, 3300, 3301, 3302, 3303, 3304, 3305]","[{""post_id"": 3286, ""anonymous_code"": ""황소-9750"", ""post_type"": ""trade_share"", ""title"": ""삼성전자 추가 매수했습니다!"", ""like_count"": 0, ""unlike_count"": 0, ""score"": 0, ""author_badges"": [""상위 수익자"", ""자산가""]}, {""post_id"": 3287, ""anonymous_code"": ""코끼리-6457"", ""post_type"": ""trade_share"", ""title"": ""오늘 삼성전자 100주 매도했습니다!"", ""like_count"": 0, ""unlike_count"": 0, ""score"": 0, ""author_badges"": []}, {""post_id"": 3288, ""anonymous_code"": ""곰-1801"", ""post_type"": ""trade_share"", ""title"": ""삼성전자 추가 매수했습니다!"", ""like_count"": 0, ""unlike_count"": 0, ""score"": 0, ""author_badges"": [""상위 수익자"", ""자산가""]}, {""post_id"": 3289, ""anonymous_code"": ""호랑이-8886"", ""post_type"": ""trade_share"", ""title"": ""오늘 삼성전자 소량 매수했습니다!"", ""like_count"": 0, ""unlike_count"": 0, ""score"": 0, ""author_badges"": [""커뮤니티 인플루언서""]}, {""post_id"": 3290, ""anonymous_code"": ""늑대-8884"", ""post_type"": ""trade_share"", ""title"": ""오늘 삼성전자 매수했습니다!"", ""like_count"": 0, ""unlike_count"": 0, ""score"": 0, ""author_badges"": [""커뮤니티 인플루언서""]}, {""post_id"": 3291, ""anonymous_code"": ""여우-7933"", ""post_type"": ""trade_share"", ""title"": ""오늘 삼성전자 매수했습니다!"", ""like_count"": 0, ""unlike_count"": 0, ""score"": 0, ""author_badges"": []}, {""post_id"": 3293, ""anonymous_code"": ""펭귄-3788"", ""post_type"": ""trade_share"", ""title"": ""오늘 삼성전자 추가 매수했습니다!"", ""like_count"": 0, ""unlike_count"": 0, ""score"": 0, ""author_badges"": [""상위 수익자"", ""자산가"", ""커뮤니티 인플루언서""]}, {""post_id"": 3294, ""anonymous_code"": ""돌고래-5489"", ""post_type"": ""trade_share"", ""title"": ""오늘 삼성전자 20주 매수했습니다!"", ""like_count"": 0, ""unlike_count"": 0, ""score"": 0, ""author_badges"": []}, {""post_id"": 3295, ""anonymous_code"": ""사자-8665"", ""post_type"": ""trade_share"", ""title"": ""오늘 삼성전자 매도 완료!"", ""like_count"": 1, ""unlike_count"": 0, ""score"": 1, ""author_badges"": []}, {""post_id"": 3296, ""anonymous_code"": ""사자-5895"", ""post_type"": ""trade_share"", ""title"": ""오늘 삼성전자 매도 거래했습니다!"", ""like_count"": 0, ""unlike_count"": 0, ""score"": 0, ""author_badges"": [""상위 수익자"", ""자산가""]}, {""post_id"": 3297, ""anonymous_code"": ""코끼리-2877"", ""post_type"": ""trade_share"", ""title"": ""오늘 삼성전자 30주 매수했습니다!"", ""like_count"": 0, ""unlike_count"": 0, ""score"": 0, ""author_badges"": []}, {""post_id"": 3298, ""anonymous_code"": ""곰-1911"", ""post_type"": ""trade_share"", ""title"": ""오늘 삼성전자 소량 매수했습니다!"", ""like_count"": 0, ""unlike_count"": 0, ""score"": 0, ""author_badges"": [""커뮤니티 인플루언서""]}, {""post_id"": 3299, ""anonymous_code"": ""곰-9761"", ""post_type"": ""trade_share"", ""title"": ""삼성전자 추가 매수했습니다!"", ""like_count"": 0, ""unlike_count"": 0, ""score"": 0, ""author_badges"": []}, {""post_id"": 3300, ""anonymous_code"": ""사자-5055"", ""post_type"": ""analysis"", ""title"": ""삼성전자, 거시경제 리스크와 경쟁사 실적 사이에서의 투자 판단"", ""like_count"": 2, ""unlike_count"": 0, ""score"": 2, ""author_badges"": [""상위 수익자"", ""자산가""]}, {""post_id"": 3301, ""anonymous_code"": ""돌고래-5159"", ""post_type"": ""trade_share"", ""title"": ""오늘 삼성전자 매수했습니다!"", ""like_count"": 0, ""unlike_count"": 0, ""score"": 0, ""author_badges"": []}, {""post_id"": 3302, ""anonymous_code"": ""독수리-8072"", ""post_type"": ""trade_share"", ""title"": ""오늘 삼성전자 30주 매도했습니다!"", ""like_count"": 0, ""unlike_count"": 0, ""score"": 0, ""author_badges"": []}, {""post_id"": 3303, ""anonymous_code"": ""황소-8760"", ""post_type"": ""trade_share"", ""title"": ""오늘 삼성전자 매수했습니다!"", ""like_count"": 0, ""unlike_count"": 0, ""score"": 0, ""author_badges"": []}, {""post_id"": 3304, ""anonymous_code"": ""여우-2283"", ""post_type"": ""trade_share"", ""title"": ""오늘 삼성전자 추가 매수했습니다!"", ""like_count"": 0, ""unlike_count"": 0, ""score"": 0, ""author_badges"": []}, {""post_id"": 3305, ""anonymous_code"": ""늑대-4264"", ""post_type"": ""trade_share"", ""title"": ""오늘 삼성전자 추가 매수했습니다!"", ""like_count"": 0, ""unlike_count"": 0, ""score"": 0, ""author_badges"": []}]"
chunk_009_2026-04-27_2026-05-04,2026-04-29,6,A008,1,5,19,"[3286, 3287, 3288, 3289, 3290, 3292, 3293, 3294, 3295, 3296, 3297, 3298, 3299, 3300, 3301, 3302, 3303, 3304, 3305]","[{""post_id"": 3286, ""anonymous_code"": ""황소-9750"", ""post_type"": ""trade_share"", ""title"": ""삼성전자 추가 매수했습니다!"", ""like_count"": 0, ""unlike_count"": 0, ""score"": 0, ""author_badges"": [""상위 수익자"", ""자산가""]}, {""post_id"": 3287, ""anonymous_code"": ""코끼리-6457"", ""post_type"": ""trade_share"", ""title"": ""오늘 삼성전자 100주 매도했습니다!"", ""like_count"": 0, ""unlike_count"": 0, ""score"": 0, ""author_badges"": []}, {""post_id"": 3288, ""anonymous_code"": ""곰-1801"", ""post_type"": ""trade_share"", ""title"": ""삼성전자 추가 매수했습니다!"", ""like_count"": 0, ""unlike_count"": 0, ""score"": 0, ""author_badges"": [""상위 수익자"", ""자산가""]}, {""post_id"": 3289, ""anonymous_code"": ""호랑이-8886"", ""post_type"": ""trade_share"", ""title"": ""오늘 삼성전자 소량 매수했습니다!"", ""like_count"": 0, ""unlike_count"": 0, ""score"": 0, ""author_badges"": [""커뮤니티 인플루언서""]}, {""post_id"": 3290, ""anonymous_code"": ""늑대-8884"", ""post_type"": ""trade_share"", ""title"": ""오늘 삼성전자 매수했습니다!"", ""like_count"": 0, ""unlike_count"": 0, ""score"": 0, ""author_badges"": [""커뮤니티 인플루언서""]}, {""post_id"": 3292, ""anonymous_code"": ""독수리-4082"", ""post_type"": ""trade_share"", ""title"": ""거시경제 리스크를 고려한 매도 거래"", ""like_count"": 3, ""unlike_count"": 0, ""score"": 3, ""author_badges"": []}, {""post_id"": 3293, ""anonymous_code"": ""펭귄-3788"", ""post_type"": ""trade_share"", ""title"": ""오늘 삼성전자 추가 매수했습니다!"", ""like_count"": 0, ""unlike_count"": 0, ""score"": 0, ""author_badges"": [""상위 수익자"", ""자산가"", ""커뮤니티 인플루언서""]}, {""post_id"": 3294, ""anonymous_code"": ""돌고래-5489"", ""post_type"": ""trade_share"", ""title"": ""오늘 삼성전자 20주 매수했습니다!"", ""like_count"": 0, ""unlike_count"": 0, ""score"": 0, ""author_badges"": []}, {""post_id"": 3295, ""anonymous_code"": ""사자-8665"", ""post_type"": ""trade_share"", ""title"": ""오늘 삼성전자 매도 완료!"", ""like_count"": 2, ""unlike_count"": 0, ""score"": 2, ""author_badges"": []}, {""post_id"": 3296, ""anonymous_code"": ""사자-5895"", ""post_type"": ""trade_share"", ""title"": ""오늘 삼성전자 매도 거래했습니다!"", ""like_count"": 0, ""unlike_count"": 0, ""score"": 0, ""author_badges"": [""상위 수익자"", ""자산가""]}, {""post_id"": 3297, ""anonymous_code"": ""코끼리-2877"", ""post_type"": ""trade_share"", ""title"": ""오늘 삼성전자 30주 매수했습니다!"", ""like_count"": 0, ""unlike_count"": 0, ""score"": 0, ""author_badges"": []}, {""post_id"": 3298, ""anonymous_code"": ""곰-1911"", ""post_type"": ""trade_share"", ""title"": ""오늘 삼성전자 소량 매수했습니다!"", ""like_count"": 0, ""unlike_count"": 0, ""score"": 0, ""author_badges"": [""커뮤니티 인플루언서""]}, {""post_id"": 3299, ""anonymous_code"": ""곰-9761"", ""post_type"": ""trade_share"", ""title"": ""삼성전자 추가 매수했습니다!"", ""like_count"": 0, ""unlike_count"": 0, ""score"": 0, ""author_badges"": []}, {""post_id"": 3300, ""anonymous_code"": ""사자-5055"", ""post_type"": ""analysis"", ""title"": ""삼성전자, 거시경제 리스크와 경쟁사 실적 사이에서의 투자 판단"", ""like_count"": 3, ""unlike_count"": 0, ""score"": 3, ""author_badges"": [""상위 수익자"", ""자산가""]}, {""post_id"": 3301, ""anonymous_code"": ""돌고래-5159"", ""post_type"": ""trade_share"", ""title"": ""오늘 삼성전자 매수했습니다!"", ""like_count"": 0, ""unlike_count"": 0, ""score"": 0, ""author_badges"": []}, {""post_id"": 3302, ""anonymous_code"": ""독수리-8072"", ""post_type"": ""trade_share"", ""title"": ""오늘 삼성전자 30주 매도했습니다!"", ""like_count"": 0, ""unlike_count"": 0, ""score"": 0, ""author_badges"": []}, {""post_id"": 3303, ""anonymous_code"": ""황소-8760"", ""post_type"": ""trade_share"", ""title"": ""오늘 삼성전자 매수했습니다!"", ""like_count"": 0, ""unlike_count"": 0, ""score"": 0, ""author_badges"": []}, {""post_id"": 3304, ""anonymous_code"": ""여우-2283"", ""post_type"": ""trade_share"", ""title"": ""오늘 삼성전자 추가 매수했습니다!"", ""like_count"": 0, ""unlike_count"": 0, ""score"": 0, ""author_badges"": []}, {""post_id"": 3305, ""anonymous_code"": ""늑대-4264"", ""post_type"": ""trade_share"", ""title"": ""오늘 삼성전자 추가 매수했습니다!"", ""like_count"": 0, ""unlike_count"": 0, ""score"": 0, ""author_badges"": []}]"
chunk_009_2026-04-27_2026-05-04,2026-04-29,6,A010,1,5,19,"[3286, 3287, 3288, 3289, 3290, 3291, 3292, 3294, 3295, 3296, 3297, 3298, 3299, 3300, 3301, 3302, 3303, 3304, 3305]","[{""post_id"": 3286, ""anonymous_code"": ""황소-9750"", ""post_type"": ""trade_share"", ""title"": ""삼성전자 추가 매수했습니다!"", ""like_count"": 0, ""unlike_count"": 1, ""score"": -1, ""author_badges"": [""상위 수익자"", ""자산가""]}, {""post_id"": 3287, ""anonymous_code"": ""코끼리-6457"", ""post_type"": ""trade_share"", ""title"": ""오늘 삼성전자 100주 매도했습니다!"", ""like_count"": 0, ""unlike_count"": 0, ""score"": 0, ""author_badges"": []}, {""post_id"": 3288, ""anonymous_code"": ""곰-1801"", ""post_type"": ""trade_share"", ""title"": ""삼성전자 추가 매수했습니다!"", ""like_count"": 0, ""unlike_count"": 0, ""score"": 0, ""author_badges"": [""상위 수익자"", ""자산가""]}, {""post_id"": 3289, ""anonymous_code"": ""호랑이-8886"", ""post_type"": ""trade_share"", ""title"": ""오늘 삼성전자 소량 매수했습니다!"", ""like_count"": 0, ""unlike_count"": 0, ""score"": 0, ""author_badges"": [""커뮤니티 인플루언서""]}, {""post_id"": 3290, ""anonymous_code"": ""늑대-8884"", ""post_type"": ""trade_share"", ""title"": ""오늘 삼성전자 매수했습니다!"", ""like_count"": 0, ""unlike_count"": 0, ""score"": 0, ""author_badges"": [""커뮤니티 인플루언서""]}, {""post_id"": 3291, ""anonymous_code"": ""여우-7933"", ""post_type"": ""trade_share"", ""title"": ""오늘 삼성전자 매수했습니다!"", ""like_count"": 0, ""unlike_count"": 0, ""score"": 0, ""author_badges"": []}, {""post_id"": 3292, ""anonymous_code"": ""독수리-4082"", ""post_type"": ""trade_share"", ""title"": ""거시경제 리스크를 고려한 매도 거래"", ""like_count"": 4, ""unlike_count"": 0, ""score"": 4, ""author_badges"": []}, {""post_id"": 3294, ""anonymous_code"": ""돌고래-5489"", ""post_type"": ""trade_share"", ""title"": ""오늘 삼성전자 20주 매수했습니다!"", ""like_count"": 0, ""unlike_count"": 0, ""score"": 0, ""author_badges"": []}, {""post_id"": 3295, ""anonymous_code"": ""사자-8665"", ""post_type"": ""trade_share"", ""title"": ""오늘 삼성전자 매도 완료!"", ""like_count"": 3, ""unlike_count"": 0, ""score"": 3, ""author_badges"": []}, {""post_id"": 3296, ""anonymous_code"": ""사자-5895"", ""post_type"": ""trade_share"", ""title"": ""오늘 삼성전자 매도 거래했습니다!"", ""like_count"": 0, ""unlike_count"": 0, ""score"": 0, ""author_badges"": [""상위 수익자"", ""자산가""]}, {""post_id"": 3297, ""anonymous_code"": ""코끼리-2877"", ""post_type"": ""trade_share"", ""title"": ""오늘 삼성전자 30주 매수했습니다!"", ""like_count"": 0, ""unlike_count"": 0, ""score"": 0, ""author_badges"": []}, {""post_id"": 3298, ""anonymous_code"": ""곰-1911"", ""post_type"": ""trade_share"", ""title"": ""오늘 삼성전자 소량 매수했습니다!"", ""like_count"": 0, ""unlike_count"": 0, ""score"": 0, ""author_badges"": [""커뮤니티 인플루언서""]}, {""post_id"": 3299, ""anonymous_code"": ""곰-9761"", ""post_type"": ""trade_share"", ""title"": ""삼성전자 추가 매수했습니다!"", ""like_count"": 0, ""unlike_count"": 0, ""score"": 0, ""author_badges"": []}, {""post_id"": 3300, ""anonymous_code"": ""사자-5055"", ""post_type"": ""analysis"", ""title"": ""삼성전자, 거시경제 리스크와 경쟁사 실적 사이에서의 투자 판단"", ""like_count"": 4, ""unlike_count"": 0, ""score"": 4, ""author_badges"": [""상위 수익자"", ""자산가""]}, {""post_id"": 3301, ""anonymous_code"": ""돌고래-5159"", ""post_type"": ""trade_share"", ""title"": ""오늘 삼성전자 매수했습니다!"", ""like_count"": 0, ""unlike_count"": 0, ""score"": 0, ""author_badges"": []}, {""post_id"": 3302, ""anonymous_code"": ""독수리-8072"", ""post_type"": ""trade_share"", ""title"": ""오늘 삼성전자 30주 매도했습니다!"", ""like_count"": 0, ""unlike_count"": 0, ""score"": 0, ""author_badges"": []}, {""post_id"": 3303, ""anonymous_code"": ""황소-8760"", ""post_type"": ""trade_share"", ""title"": ""오늘 삼성전자 매수했습니다!"", ""like_count"": 0, ""unlike_count"": 0, ""score"": 0, ""author_badges"": []}, {""post_id"": 3304, ""anonymous_code"": ""여우-2283"", ""post_type"": ""trade_share"", ""title"": ""오늘 삼성전자 추가 매수했습니다!"", ""like_count"": 0, ""unlike_count"": 0, ""score"": 0, ""author_badges"": []}, {""post_id"": 3305, ""anonymous_code"": ""늑대-4264"", ""post_type"": ""trade_share"", ""title"": ""오늘 삼성전자 추가 매수했습니다!"", ""like_count"": 0, ""unlike_count"": 0, ""score"": 0, ""author_badges"": []}]"
chunk_009_2026-04-27_2026-05-04,2026-04-29,6,A011,1,5,19,"[3286, 3287, 3288, 3289, 3290, 3291, 3292, 3293, 3295, 3296, 3297, 3298, 3299, 3300, 3301, 3302, 3303, 3304, 3305]","[{""post_id"": 3286, ""anonymous_code"": ""황소-9750"", ""post_type"": ""trade_share"", ""title"": ""삼성전자 추가 매수했습니다!"", ""like_count"": 0, ""unlike_count"": 2, ""score"": -2, ""author_badges"": [""상위 수익자"", ""자산가""]}, {""post_id"": 3287, ""anonymous_code"": ""코끼리-6457"", ""post_type"": ""trade_share"", ""title"": ""오늘 삼성전자 100주 매도했습니다!"", ""like_count"": 0, ""unlike_count"": 0, ""score"": 0, ""author_badges"": []}, {""post_id"": 3288, ""anonymous_code"": ""곰-1801"", ""post_type"": ""trade_share"", ""title"": ""삼성전자 추가 매수했습니다!"", ""like_count"": 0, ""unlike_count"": 1, ""score"": -1, ""author_badges"": [""상위 수익자"", ""자산가""]}, {""post_id"": 3289, ""anonymous_code"": ""호랑이-8886"", ""post_type"": ""trade_share"", ""title"": ""오늘 삼성전자 소량 매수했습니다!"", ""like_count"": 0, ""unlike_count"": 0, ""score"": 0, ""author_badges"": [""커뮤니티 인플루언서""]}, {""post_id"": 3290, ""anonymous_code"": ""늑대-8884"", ""post_type"": ""trade_share"", ""title"": ""오늘 삼성전자 매수했습니다!"", ""like_count"": 0, ""unlike_count"": 0, ""score"": 0, ""author_badges"": [""커뮤니티 인플루언서""]}, {""post_id"": 3291, ""anonymous_code"": ""여우-7933"", ""post_type"": ""trade_share"", ""title"": ""오늘 삼성전자 매수했습니다!"", ""like_count"": 0, ""unlike_count"": 0, ""score"": 0, ""author_badges"": []}, {""post_id"": 3292, ""anonymous_code"": ""독수리-4082"", ""post_type"": ""trade_share"", ""title"": ""거시경제 리스크를 고려한 매도 거래"", ""like_count"": 5, ""unlike_count"": 0, ""score"": 5, ""author_badges"": []}, {""post_id"": 3293, ""anonymous_code"": ""펭귄-3788"", ""post_type"": ""trade_share"", ""title"": ""오늘 삼성전자 추가 매수했습니다!"", ""like_count"": 0, ""unlike_count"": 0, ""score"": 0, ""author_badges"": [""상위 수익자"", ""자산가"", ""커뮤니티 인플루언서""]}, {""post_id"": 3295, ""anonymous_code"": ""사자-8665"", ""post_type"": ""trade_share"", ""title"": ""오늘 삼성전자 매도 완료!"", ""like_count"": 4, ""unlike_count"": 0, ""score"": 4, ""author_badges"": []}, {""post_id"": 3296, ""anonymous_code"": ""사자-5895"", ""post_type"": ""trade_share"", ""title"": ""오늘 삼성전자 매도 거래했습니다!"", ""like_count"": 0, ""unlike_count"": 0, ""score"": 0, ""author_badges"": [""상위 수익자"", ""자산가""]}, {""post_id"": 3297, ""anonymous_code"": ""코끼리-2877"", ""post_type"": ""trade_share"", ""title"": ""오늘 삼성전자 30주 매수했습니다!"", ""like_count"": 0, ""unlike_count"": 0, ""score"": 0, ""author_badges"": []}, {""post_id"": 3298, ""anonymous_code"": ""곰-1911"", ""post_type"": ""trade_share"", ""title"": ""오늘 삼성전자 소량 매수했습니다!"", ""like_count"": 0, ""unlike_count"": 0, ""score"": 0, ""author_badges"": [""커뮤니티 인플루언서""]}, {""post_id"": 3299, ""anonymous_code"": ""곰-9761"", ""post_type"": ""trade_share"", ""title"": ""삼성전자 추가 매수했습니다!"", ""like_count"": 0, ""unlike_count"": 0, ""score"": 0, ""author_badges"": []}, {""post_id"": 3300, ""anonymous_code"": ""사자-5055"", ""post_type"": ""analysis"", ""title"": ""삼성전자, 거시경제 리스크와 경쟁사 실적 사이에서의 투자 판단"", ""like_count"": 5, ""unlike_count"": 0, ""score"": 5, ""author_badges"": [""상위 수익자"", ""자산가""]}, {""post_id"": 3301, ""anonymous_code"": ""돌고래-5159"", ""post_type"": ""trade_share"", ""title"": ""오늘 삼성전자 매수했습니다!"", ""like_count"": 0, ""unlike_count"": 0, ""score"": 0, ""author_badges"": []}, {""post_id"": 3302, ""anonymous_code"": ""독수리-8072"", ""post_type"": ""trade_share"", ""title"": ""오늘 삼성전자 30주 매도했습니다!"", ""like_count"": 0, ""unlike_count"": 0, ""score"": 0, ""author_badges"": []}, {""post_id"": 3303, ""anonymous_code"": ""황소-8760"", ""post_type"": ""trade_share"", ""title"": ""오늘 삼성전자 매수했습니다!"", ""like_count"": 0, ""unlike_count"": 0, ""score"": 0, ""author_badges"": []}, {""post_id"": 3304, ""anonymous_code"": ""여우-2283"", ""post_type"": ""trade_share"", ""title"": ""오늘 삼성전자 추가 매수했습니다!"", ""like_count"": 0, ""unlike_count"": 0, ""score"": 0, ""author_badges"": []}, {""post_id"": 3305, ""anonymous_code"": ""늑대-4264"", ""post_type"": ""trade_share"", ""title"": ""오늘 삼성전자 추가 매수했습니다!"", ""like_count"": 0, ""unlike_count"": 0, ""score"": 0, ""author_badges"": []}]"
chunk_009_2026-04-27_2026-05-04,2026-04-29,6,A012,1,5,19,"[3286, 3287, 3288, 3289, 3290, 3291, 3292, 3293, 3294, 3296, 3297, 3298, 3299, 3300, 3301, 3302, 3303, 3304, 3305]","[{""post_id"": 3286, ""anonymous_code"": ""황소-9750"", ""post_type"": ""trade_share"", ""title"": ""삼성전자 추가 매수했습니다!"", ""like_count"": 0, ""unlike_count"": 3, ""score"": -3, ""author_badges"": [""상위 수익자"", ""자산가""]}, {""post_id"": 3287, ""anonymous_code"": ""코끼리-6457"", ""post_type"": ""trade_share"", ""title"": ""오늘 삼성전자 100주 매도했습니다!"", ""like_count"": 1, ""unlike_count"": 0, ""score"": 1, ""author_badges"": []}, {""post_id"": 3288, ""anonymous_code"": ""곰-1801"", ""post_type"": ""trade_share"", ""title"": ""삼성전자 추가 매수했습니다!"", ""like_count"": 0, ""unlike_count"": 1, ""score"": -1, ""author_badges"": [""상위 수익자"", ""자산가""]}, {""post_id"": 3289, ""anonymous_code"": ""호랑이-8886"", ""post_type"": ""trade_share"", ""title"": ""오늘 삼성전자 소량 매수했습니다!"", ""like_count"": 0, ""unlike_count"": 0, ""score"": 0, ""author_badges"": [""커뮤니티 인플루언서""]}, {""post_id"": 3290, ""anonymous_code"": ""늑대-8884"", ""post_type"": ""trade_share"", ""title"": ""오늘 삼성전자 매수했습니다!"", ""like_count"": 0, ""unlike_count"": 0, ""score"": 0, ""author_badges"": [""커뮤니티 인플루언서""]}, {""post_id"": 3291, ""anonymous_code"": ""여우-7933"", ""post_type"": ""trade_share"", ""title"": ""오늘 삼성전자 매수했습니다!"", ""like_count"": 0, ""unlike_count"": 0, ""score"": 0, ""author_badges"": []}, {""post_id"": 3292, ""anonymous_code"": ""독수리-4082"", ""post_type"": ""trade_share"", ""title"": ""거시경제 리스크를 고려한 매도 거래"", ""like_count"": 5, ""unlike_count"": 0, ""score"": 5, ""author_badges"": []}, {""post_id"": 3293, ""anonymous_code"": ""펭귄-3788"", ""post_type"": ""trade_share"", ""title"": ""오늘 삼성전자 추가 매수했습니다!"", ""like_count"": 0, ""unlike_count"": 0, ""score"": 0, ""author_badges"": [""상위 수익자"", ""자산가"", ""커뮤니티 인플루언서""]}, {""post_id"": 3294, ""anonymous_code"": ""돌고래-5489"", ""post_type"": ""trade_share"", ""title"": ""오늘 삼성전자 20주 매수했습니다!"", ""like_count"": 0, ""unlike_count"": 0, ""score"": 0, ""author_badges"": []}, {""post_id"": 3296, ""anonymous_code"": ""사자-5895"", ""post_type"": ""trade_share"", ""title"": ""오늘 삼성전자 매도 거래했습니다!"", ""like_count"": 0, ""unlike_count"": 0, ""score"": 0, ""author_badges"": [""상위 수익자"", ""자산가""]}, {""post_id"": 3297, ""anonymous_code"": ""코끼리-2877"", ""post_type"": ""trade_share"", ""title"": ""오늘 삼성전자 30주 매수했습니다!"", ""like_count"": 0, ""unlike_count"": 0, ""score"": 0, ""author_badges"": []}, {""post_id"": 3298, ""anonymous_code"": ""곰-1911"", ""post_type"": ""trade_share"", ""title"": ""오늘 삼성전자 소량 매수했습니다!"", ""like_count"": 0, ""unlike_count"": 0, ""score"": 0, ""author_badges"": [""커뮤니티 인플루언서""]}, {""post_id"": 3299, ""anonymous_code"": ""곰-9761"", ""post_type"": ""trade_share"", ""title"": ""삼성전자 추가 매수했습니다!"", ""like_count"": 0, ""unlike_count"": 0, ""score"": 0, ""author_badges"": []}, {""post_id"": 3300, ""anonymous_code"": ""사자-5055"", ""post_type"": ""analysis"", ""title"": ""삼성전자, 거시경제 리스크와 경쟁사 실적 사이에서의 투자 판단"", ""like_count"": 6, ""unlike_count"": 0, ""score"": 6, ""author_badges"": [""상위 수익자"", ""자산가""]}, {""post_id"": 3301, ""anonymous_code"": ""돌고래-5159"", ""post_type"": ""trade_share"", ""title"": ""오늘 삼성전자 매수했습니다!"", ""like_count"": 0, ""unlike_count"": 0, ""score"": 0, ""author_badges"": []}, {""post_id"": 3302, ""anonymous_code"": ""독수리-8072"", ""post_type"": ""trade_share"", ""title"": ""오늘 삼성전자 30주 매도했습니다!"", ""like_count"": 0, ""unlike_count"": 0, ""score"": 0, ""author_badges"": []}, {""post_id"": 3303, ""anonymous_code"": ""황소-8760"", ""post_type"": ""trade_share"", ""title"": ""오늘 삼성전자 매수했습니다!"", ""like_count"": 0, ""unlike_count"": 0, ""score"": 0, ""author_badges"": []}, {""post_id"": 3304, ""anonymous_code"": ""여우-2283"", ""post_type"": ""trade_share"", ""title"": ""오늘 삼성전자 추가 매수했습니다!"", ""like_count"": 0, ""unlike_count"": 0, ""score"": 0, ""author_badges"": []}, {""post_id"": 3305, ""anonymous_code"": ""늑대-4264"", ""post_type"": ""trade_share"", ""title"": ""오늘 삼성전자 추가 매수했습니다!"", ""like_count"": 0, ""unlike_count"": 0, ""score"": 0, ""author_badges"": []}]"
chunk_009_2026-04-27_2026-05-04,2026-04-29,6,A013,1,5,19,"[3286, 3287, 3288, 3289, 3290, 3291, 3292, 3293, 3294, 3295, 3297, 3298, 3299, 3300, 3301, 3302, 3303, 3304, 3305]","[{""post_id"": 3286, ""anonymous_code"": ""황소-9750"", ""post_type"": ""trade_share"", ""title"": ""삼성전자 추가 매수했습니다!"", ""like_count"": 0, ""unlike_count"": 4, ""score"": -4, ""author_badges"": [""상위 수익자"", ""자산가""]}, {""post_id"": 3287, ""anonymous_code"": ""코끼리-6457"", ""post_type"": ""trade_share"", ""title"": ""오늘 삼성전자 100주 매도했습니다!"", ""like_count"": 2, ""unlike_count"": 0, ""score"": 2, ""author_badges"": []}, {""post_id"": 3288, ""anonymous_code"": ""곰-1801"", ""post_type"": ""trade_share"", ""title"": ""삼성전자 추가 매수했습니다!"", ""like_count"": 0, ""unlike_count"": 1, ""score"": -1, ""author_badges"": [""상위 수익자"", ""자산가""]}, {""post_id"": 3289, ""anonymous_code"": ""호랑이-8886"", ""post_type"": ""trade_share"", ""title"": ""오늘 삼성전자 소량 매수했습니다!"", ""like_count"": 0, ""unlike_count"": 0, ""score"": 0, ""author_badges"": [""커뮤니티 인플루언서""]}, {""post_id"": 3290, ""anonymous_code"": ""늑대-8884"", ""post_type"": ""trade_share"", ""title"": ""오늘 삼성전자 매수했습니다!"", ""like_count"": 0, ""unlike_count"": 0, ""score"": 0, ""author_badges"": [""커뮤니티 인플루언서""]}, {""post_id"": 3291, ""anonymous_code"": ""여우-7933"", ""post_type"": ""trade_share"", ""title"": ""오늘 삼성전자 매수했습니다!"", ""like_count"": 0, ""unlike_count"": 0, ""score"": 0, ""author_badges"": []}, {""post_id"": 3292, ""anonymous_code"": ""독수리-4082"", ""post_type"": ""trade_share"", ""title"": ""거시경제 리스크를 고려한 매도 거래"", ""like_count"": 6, ""unlike_count"": 0, ""score"": 6, ""author_badges"": []}, {""post_id"": 3293, ""anonymous_code"": ""펭귄-3788"", ""post_type"": ""trade_share"", ""title"": ""오늘 삼성전자 추가 매수했습니다!"", ""like_count"": 0, ""unlike_count"": 0, ""score"": 0, ""author_badges"": [""상위 수익자"", ""자산가"", ""커뮤니티 인플루언서""]}, {""post_id"": 3294, ""anonymous_code"": ""돌고래-5489"", ""post_type"": ""trade_share"", ""title"": ""오늘 삼성전자 20주 매수했습니다!"", ""like_count"": 0, ""unlike_count"": 0, ""score"": 0, ""author_badges"": []}, {""post_id"": 3295, ""anonymous_code"": ""사자-8665"", ""post_type"": ""trade_share"", ""title"": ""오늘 삼성전자 매도 완료!"", ""like_count"": 5, ""unlike_count"": 0, ""score"": 5, ""author_badges"": []}, {""post_id"": 3297, ""anonymous_code"": ""코끼리-2877"", ""post_type"": ""trade_share"", ""title"": ""오늘 삼성전자 30주 매수했습니다!"", ""like_count"": 0, ""unlike_count"": 0, ""score"": 0, ""author_badges"": []}, {""post_id"": 3298, ""anonymous_code"": ""곰-1911"", ""post_type"": ""trade_share"", ""title"": ""오늘 삼성전자 소량 매수했습니다!"", ""like_count"": 0, ""unlike_count"": 0, ""score"": 0, ""author_badges"": [""커뮤니티 인플루언서""]}, {""post_id"": 3299, ""anonymous_code"": ""곰-9761"", ""post_type"": ""trade_share"", ""title"": ""삼성전자 추가 매수했습니다!"", ""like_count"": 0, ""unlike_count"": 0, ""score"": 0, ""author_badges"": []}, {""post_id"": 3300, ""anonymous_code"": ""사자-5055"", ""post_type"": ""analysis"", ""title"": ""삼성전자, 거시경제 리스크와 경쟁사 실적 사이에서의 투자 판단"", ""like_count"": 7, ""unlike_count"": 0, ""score"": 7, ""author_badges"": [""상위 수익자"", ""자산가""]}, {""post_id"": 3301, ""anonymous_code"": ""돌고래-5159"", ""post_type"": ""trade_share"", ""title"": ""오늘 삼성전자 매수했습니다!"", ""like_count"": 0, ""unlike_count"": 0, ""score"": 0, ""author_badges"": []}, {""post_id"": 3302, ""anonymous_code"": ""독수리-8072"", ""post_type"": ""trade_share"", ""title"": ""오늘 삼성전자 30주 매도했습니다!"", ""like_count"": 0, ""unlike_count"": 0, ""score"": 0, ""author_badges"": []}, {""post_id"": 3303, ""anonymous_code"": ""황소-8760"", ""post_type"": ""trade_share"", ""title"": ""오늘 삼성전자 매수했습니다!"", ""like_count"": 0, ""unlike_count"": 0, ""score"": 0, ""author_badges"": []}, {""post_id"": 3304, ""anonymous_code"": ""여우-2283"", ""post_type"": ""trade_share"", ""title"": ""오늘 삼성전자 추가 매수했습니다!"", ""like_count"": 0, ""unlike_count"": 0, ""score"": 0, ""author_badges"": []}, {""post_id"": 3305, ""anonymous_code"": ""늑대-4264"", ""post_type"": ""trade_share"", ""title"": ""오늘 삼성전자 추가 매수했습니다!"", ""like_count"": 0, ""unlike_count"": 0, ""score"": 0, ""author_badges"": []}]"
chunk_009_2026-04-27_2026-05-04,2026-04-29,6,A014,1,5,19,"[3286, 3287, 3288, 3289, 3290, 3291, 3292, 3293, 3294, 3295, 3296, 3298, 3299, 3300, 3301, 3302, 3303, 3304, 3305]","[{""post_id"": 3286, ""anonymous_code"": ""황소-9750"", ""post_type"": ""trade_share"", ""title"": ""삼성전자 추가 매수했습니다!"", ""like_count"": 0, ""unlike_count"": 4, ""score"": -4, ""author_badges"": [""상위 수익자"", ""자산가""]}, {""post_id"": 3287, ""anonymous_code"": ""코끼리-6457"", ""post_type"": ""trade_share"", ""title"": ""오늘 삼성전자 100주 매도했습니다!"", ""like_count"": 2, ""unlike_count"": 0, ""score"": 2, ""author_badges"": []}, {""post_id"": 3288, ""anonymous_code"": ""곰-1801"", ""post_type"": ""trade_share"", ""title"": ""삼성전자 추가 매수했습니다!"", ""like_count"": 0, ""unlike_count"": 1, ""score"": -1, ""author_badges"": [""상위 수익자"", ""자산가""]}, {""post_id"": 3289, ""anonymous_code"": ""호랑이-8886"", ""post_type"": ""trade_share"", ""title"": ""오늘 삼성전자 소량 매수했습니다!"", ""like_count"": 0, ""unlike_count"": 0, ""score"": 0, ""author_badges"": [""커뮤니티 인플루언서""]}, {""post_id"": 3290, ""anonymous_code"": ""늑대-8884"", ""post_type"": ""trade_share"", ""title"": ""오늘 삼성전자 매수했습니다!"", ""like_count"": 0, ""unlike_count"": 0, ""score"": 0, ""author_badges"": [""커뮤니티 인플루언서""]}, {""post_id"": 3291, ""anonymous_code"": ""여우-7933"", ""post_type"": ""trade_share"", ""title"": ""오늘 삼성전자 매수했습니다!"", ""like_count"": 0, ""unlike_count"": 0, ""score"": 0, ""author_badges"": []}, {""post_id"": 3292, ""anonymous_code"": ""독수리-4082"", ""post_type"": ""trade_share"", ""title"": ""거시경제 리스크를 고려한 매도 거래"", ""like_count"": 7, ""unlike_count"": 0, ""score"": 7, ""author_badges"": []}, {""post_id"": 3293, ""anonymous_code"": ""펭귄-3788"", ""post_type"": ""trade_share"", ""title"": ""오늘 삼성전자 추가 매수했습니다!"", ""like_count"": 0, ""unlike_count"": 0, ""score"": 0, ""author_badges"": [""상위 수익자"", ""자산가"", ""커뮤니티 인플루언서""]}, {""post_id"": 3294, ""anonymous_code"": ""돌고래-5489"", ""post_type"": ""trade_share"", ""title"": ""오늘 삼성전자 20주 매수했습니다!"", ""like_count"": 0, ""unlike_count"": 0, ""score"": 0, ""author_badges"": []}, {""post_id"": 3295, ""anonymous_code"": ""사자-8665"", ""post_type"": ""trade_share"", ""title"": ""오늘 삼성전자 매도 완료!"", ""like_count"": 5, ""unlike_count"": 0, ""score"": 5, ""author_badges"": []}, {""post_id"": 3296, ""anonymous_code"": ""사자-5895"", ""post_type"": ""trade_share"", ""title"": ""오늘 삼성전자 매도 거래했습니다!"", ""like_count"": 0, ""unlike_count"": 0, ""score"": 0, ""author_badges"": [""상위 수익자"", ""자산가""]}, {""post_id"": 3298, ""anonymous_code"": ""곰-1911"", ""post_type"": ""trade_share"", ""title"": ""오늘 삼성전자 소량 매수했습니다!"", ""like_count"": 0, ""unlike_count"": 0, ""score"": 0, ""author_badges"": [""커뮤니티 인플루언서""]}, {""post_id"": 3299, ""anonymous_code"": ""곰-9761"", ""post_type"": ""trade_share"", ""title"": ""삼성전자 추가 매수했습니다!"", ""like_count"": 0, ""unlike_count"": 0, ""score"": 0, ""author_badges"": []}, {""post_id"": 3300, ""anonymous_code"": ""사자-5055"", ""post_type"": ""analysis"", ""title"": ""삼성전자, 거시경제 리스크와 경쟁사 실적 사이에서의 투자 판단"", ""like_count"": 8, ""unlike_count"": 0, ""score"": 8, ""author_badges"": [""상위 수익자"", ""자산가""]}, {""post_id"": 3301, ""anonymous_code"": ""돌고래-5159"", ""post_type"": ""trade_share"", ""title"": ""오늘 삼성전자 매수했습니다!"", ""like_count"": 0, ""unlike_count"": 0, ""score"": 0, ""author_badges"": []}, {""post_id"": 3302, ""anonymous_code"": ""독수리-8072"", ""post_type"": ""trade_share"", ""title"": ""오늘 삼성전자 30주 매도했습니다!"", ""like_count"": 0, ""unlike_count"": 0, ""score"": 0, ""author_badges"": []}, {""post_id"": 3303, ""anonymous_code"": ""황소-8760"", ""post_type"": ""trade_share"", ""title"": ""오늘 삼성전자 매수했습니다!"", ""like_count"": 0, ""unlike_count"": 0, ""score"": 0, ""author_badges"": []}, {""post_id"": 3304, ""anonymous_code"": ""여우-2283"", ""post_type"": ""trade_share"", ""title"": ""오늘 삼성전자 추가 매수했습니다!"", ""like_count"": 0, ""unlike_count"": 0, ""score"": 0, ""author_badges"": []}, {""post_id"": 3305, ""anonymous_code"": ""늑대-4264"", ""post_type"": ""trade_share"", ""title"": ""오늘 삼성전자 추가 매수했습니다!"", ""like_count"": 0, ""unlike_count"": 0, ""score"": 0, ""author_badges"": []}]"
chunk_009_2026-04-27_2026-05-04,2026-04-29,6,A015,2,10,19,"[3286, 3287, 3288, 3289, 3290, 3291, 3292, 3293, 3294, 3295, 3296, 3297, 3298, 3299, 3301, 3302, 3303, 3304, 3305]","[{""post_id"": 3286, ""anonymous_code"": ""황소-9750"", ""post_type"": ""trade_share"", ""title"": ""삼성전자 추가 매수했습니다!"", ""like_count"": 0, ""unlike_count"": 5, ""score"": -5, ""author_badges"": [""상위 수익자"", ""자산가""]}, {""post_id"": 3287, ""anonymous_code"": ""코끼리-6457"", ""post_type"": ""trade_share"", ""title"": ""오늘 삼성전자 100주 매도했습니다!"", ""like_count"": 2, ""unlike_count"": 0, ""score"": 2, ""author_badges"": []}, {""post_id"": 3288, ""anonymous_code"": ""곰-1801"", ""post_type"": ""trade_share"", ""title"": ""삼성전자 추가 매수했습니다!"", ""like_count"": 0, ""unlike_count"": 1, ""score"": -1, ""author_badges"": [""상위 수익자"", ""자산가""]}, {""post_id"": 3289, ""anonymous_code"": ""호랑이-8886"", ""post_type"": ""trade_share"", ""title"": ""오늘 삼성전자 소량 매수했습니다!"", ""like_count"": 0, ""unlike_count"": 0, ""score"": 0, ""author_badges"": [""커뮤니티 인플루언서""]}, {""post_id"": 3290, ""anonymous_code"": ""늑대-8884"", ""post_type"": ""trade_share"", ""title"": ""오늘 삼성전자 매수했습니다!"", ""like_count"": 0, ""unlike_count"": 1, ""score"": -1, ""author_badges"": [""커뮤니티 인플루언서""]}, {""post_id"": 3291, ""anonymous_code"": ""여우-7933"", ""post_type"": ""trade_share"", ""title"": ""오늘 삼성전자 매수했습니다!"", ""like_count"": 0, ""unlike_count"": 0, ""score"": 0, ""author_badges"": []}, {""post_id"": 3292, ""anonymous_code"": ""독수리-4082"", ""post_type"": ""trade_share"", ""title"": ""거시경제 리스크를 고려한 매도 거래"", ""like_count"": 8, ""unlike_count"": 0, ""score"": 8, ""author_badges"": []}, {""post_id"": 3293, ""anonymous_code"": ""펭귄-3788"", ""post_type"": ""trade_share"", ""title"": ""오늘 삼성전자 추가 매수했습니다!"", ""like_count"": 0, ""unlike_count"": 0, ""score"": 0, ""author_badges"": [""상위 수익자"", ""자산가"", ""커뮤니티 인플루언서""]}, {""post_id"": 3294, ""anonymous_code"": ""돌고래-5489"", ""post_type"": ""trade_share"", ""title"": ""오늘 삼성전자 20주 매수했습니다!"", ""like_count"": 0, ""unlike_count"": 0, ""score"": 0, ""author_badges"": []}, {""post_id"": 3295, ""anonymous_code"": ""사자-8665"", ""post_type"": ""trade_share"", ""title"": ""오늘 삼성전자 매도 완료!"", ""like_count"": 5, ""unlike_count"": 0, ""score"": 5, ""author_badges"": []}, {""post_id"": 3296, ""anonymous_code"": ""사자-5895"", ""post_type"": ""trade_share"", ""title"": ""오늘 삼성전자 매도 거래했습니다!"", ""like_count"": 0, ""unlike_count"": 0, ""score"": 0, ""author_badges"": [""상위 수익자"", ""자산가""]}, {""post_id"": 3297, ""anonymous_code"": ""코끼리-2877"", ""post_type"": ""trade_share"", ""title"": ""오늘 삼성전자 30주 매수했습니다!"", ""like_count"": 0, ""unlike_count"": 0, ""score"": 0, ""author_badges"": []}, {""post_id"": 3298, ""anonymous_code"": ""곰-1911"", ""post_type"": ""trade_share"", ""title"": ""오늘 삼성전자 소량 매수했습니다!"", ""like_count"": 0, ""unlike_count"": 0, ""score"": 0, ""author_badges"": [""커뮤니티 인플루언서""]}, {""post_id"": 3299, ""anonymous_code"": ""곰-9761"", ""post_type"": ""trade_share"", ""title"": ""삼성전자 추가 매수했습니다!"", ""like_count"": 0, ""unlike_count"": 0, ""score"": 0, ""author_badges"": []}, {""post_id"": 3301, ""anonymous_code"": ""돌고래-5159"", ""post_type"": ""trade_share"", ""title"": ""오늘 삼성전자 매수했습니다!"", ""like_count"": 0, ""unlike_count"": 0, ""score"": 0, ""author_badges"": []}, {""post_id"": 3302, ""anonymous_code"": ""독수리-8072"", ""post_type"": ""trade_share"", ""title"": ""오늘 삼성전자 30주 매도했습니다!"", ""like_count"": 0, ""unlike_count"": 0, ""score"": 0, ""author_badges"": []}, {""post_id"": 3303, ""anonymous_code"": ""황소-8760"", ""post_type"": ""trade_share"", ""title"": ""오늘 삼성전자 매수했습니다!"", ""like_count"": 0, ""unlike_count"": 0, ""score"": 0, ""author_badges"": []}, {""post_id"": 3304, ""anonymous_code"": ""여우-2283"", ""post_type"": ""trade_share"", ""title"": ""오늘 삼성전자 추가 매수했습니다!"", ""like_count"": 0, ""unlike_count"": 0, ""score"": 0, ""author_badges"": []}, {""post_id"": 3305, ""anonymous_code"": ""늑대-4264"", ""post_type"": ""trade_share"", ""title"": ""오늘 삼성전자 추가 매수했습니다!"", ""like_count"": 0, ""unlike_count"": 0, ""score"": 0, ""author_badges"": []}]"
chunk_009_2026-04-27_2026-05-04,2026-04-29,6,A017,2,10,19,"[3286, 3287, 3288, 3289, 3290, 3291, 3292, 3293, 3294, 3295, 3296, 3297, 3299, 3300, 3301, 3302, 3303, 3304, 3305]","[{""post_id"": 3286, ""anonymous_code"": ""황소-9750"", ""post_type"": ""trade_share"", ""title"": ""삼성전자 추가 매수했습니다!"", ""like_count"": 0, ""unlike_count"": 5, ""score"": -5, ""author_badges"": [""상위 수익자"", ""자산가""]}, {""post_id"": 3287, ""anonymous_code"": ""코끼리-6457"", ""post_type"": ""trade_share"", ""title"": ""오늘 삼성전자 100주 매도했습니다!"", ""like_count"": 2, ""unlike_count"": 0, ""score"": 2, ""author_badges"": []}, {""post_id"": 3288, ""anonymous_code"": ""곰-1801"", ""post_type"": ""trade_share"", ""title"": ""삼성전자 추가 매수했습니다!"", ""like_count"": 0, ""unlike_count"": 1, ""score"": -1, ""author_badges"": [""상위 수익자"", ""자산가""]}, {""post_id"": 3289, ""anonymous_code"": ""호랑이-8886"", ""post_type"": ""trade_share"", ""title"": ""오늘 삼성전자 소량 매수했습니다!"", ""like_count"": 0, ""unlike_count"": 0, ""score"": 0, ""author_badges"": [""커뮤니티 인플루언서""]}, {""post_id"": 3290, ""anonymous_code"": ""늑대-8884"", ""post_type"": ""trade_share"", ""title"": ""오늘 삼성전자 매수했습니다!"", ""like_count"": 0, ""unlike_count"": 1, ""score"": -1, ""author_badges"": [""커뮤니티 인플루언서""]}, {""post_id"": 3291, ""anonymous_code"": ""여우-7933"", ""post_type"": ""trade_share"", ""title"": ""오늘 삼성전자 매수했습니다!"", ""like_count"": 0, ""unlike_count"": 0, ""score"": 0, ""author_badges"": []}, {""post_id"": 3292, ""anonymous_code"": ""독수리-4082"", ""post_type"": ""trade_share"", ""title"": ""거시경제 리스크를 고려한 매도 거래"", ""like_count"": 9, ""unlike_count"": 0, ""score"": 9, ""author_badges"": []}, {""post_id"": 3293, ""anonymous_code"": ""펭귄-3788"", ""post_type"": ""trade_share"", ""title"": ""오늘 삼성전자 추가 매수했습니다!"", ""like_count"": 0, ""unlike_count"": 0, ""score"": 0, ""author_badges"": [""상위 수익자"", ""자산가"", ""커뮤니티 인플루언서""]}, {""post_id"": 3294, ""anonymous_code"": ""돌고래-5489"", ""post_type"": ""trade_share"", ""title"": ""오늘 삼성전자 20주 매수했습니다!"", ""like_count"": 0, ""unlike_count"": 0, ""score"": 0, ""author_badges"": []}, {""post_id"": 3295, ""anonymous_code"": ""사자-8665"", ""post_type"": ""trade_share"", ""title"": ""오늘 삼성전자 매도 완료!"", ""like_count"": 5, ""unlike_count"": 0, ""score"": 5, ""author_badges"": []}, {""post_id"": 3296, ""anonymous_code"": ""사자-5895"", ""post_type"": ""trade_share"", ""title"": ""오늘 삼성전자 매도 거래했습니다!"", ""like_count"": 0, ""unlike_count"": 0, ""score"": 0, ""author_badges"": [""상위 수익자"", ""자산가""]}, {""post_id"": 3297, ""anonymous_code"": ""코끼리-2877"", ""post_type"": ""trade_share"", ""title"": ""오늘 삼성전자 30주 매수했습니다!"", ""like_count"": 0, ""unlike_count"": 0, ""score"": 0, ""author_badges"": []}, {""post_id"": 3299, ""anonymous_code"": ""곰-9761"", ""post_type"": ""trade_share"", ""title"": ""삼성전자 추가 매수했습니다!"", ""like_count"": 0, ""unlike_count"": 0, ""score"": 0, ""author_badges"": []}, {""post_id"": 3300, ""anonymous_code"": ""사자-5055"", ""post_type"": ""analysis"", ""title"": ""삼성전자, 거시경제 리스크와 경쟁사 실적 사이에서의 투자 판단"", ""like_count"": 10, ""unlike_count"": 0, ""score"": 10, ""author_badges"": [""상위 수익자"", ""자산가""]}, {""post_id"": 3301, ""anonymous_code"": ""돌고래-5159"", ""post_type"": ""trade_share"", ""title"": ""오늘 삼성전자 매수했습니다!"", ""like_count"": 0, ""unlike_count"": 0, ""score"": 0, ""author_badges"": []}, {""post_id"": 3302, ""anonymous_code"": ""독수리-8072"", ""post_type"": ""trade_share"", ""title"": ""오늘 삼성전자 30주 매도했습니다!"", ""like_count"": 0, ""unlike_count"": 0, ""score"": 0, ""author_badges"": []}, {""post_id"": 3303, ""anonymous_code"": ""황소-8760"", ""post_type"": ""trade_share"", ""title"": ""오늘 삼성전자 매수했습니다!"", ""like_count"": 0, ""unlike_count"": 0, ""score"": 0, ""author_badges"": []}, {""post_id"": 3304, ""anonymous_code"": ""여우-2283"", ""post_type"": ""trade_share"", ""title"": ""오늘 삼성전자 추가 매수했습니다!"", ""like_count"": 0, ""unlike_count"": 0, ""score"": 0, ""author_badges"": []}, {""post_id"": 3305, ""anonymous_code"": ""늑대-4264"", ""post_type"": ""trade_share"", ""title"": ""오늘 삼성전자 추가 매수했습니다!"", ""like_count"": 0, ""unlike_count"": 0, ""score"": 0, ""author_badges"": []}]"
chunk_009_2026-04-27_2026-05-04,2026-04-29,6,A019,1,5,19,"[3286, 3287, 3288, 3289, 3290, 3291, 3292, 3293, 3294, 3295, 3296, 3297, 3298, 3300, 3301, 3302, 3303, 3304, 3305]","[{""post_id"": 3286, ""anonymous_code"": ""황소-9750"", ""post_type"": ""trade_share"", ""title"": ""삼성전자 추가 매수했습니다!"", ""like_count"": 0, ""unlike_count"": 6, ""score"": -6, ""author_badges"": [""상위 수익자"", ""자산가""]}, {""post_id"": 3287, ""anonymous_code"": ""코끼리-6457"", ""post_type"": ""trade_share"", ""title"": ""오늘 삼성전자 100주 매도했습니다!"", ""like_count"": 3, ""unlike_count"": 0, ""score"": 3, ""author_badges"": []}, {""post_id"": 3288, ""anonymous_code"": ""곰-1801"", ""post_type"": ""trade_share"", ""title"": ""삼성전자 추가 매수했습니다!"", ""like_count"": 0, ""unlike_count"": 1, ""score"": -1, ""author_badges"": [""상위 수익자"", ""자산가""]}, {""post_id"": 3289, ""anonymous_code"": ""호랑이-8886"", ""post_type"": ""trade_share"", ""title"": ""오늘 삼성전자 소량 매수했습니다!"", ""like_count"": 0, ""unlike_count"": 0, ""score"": 0, ""author_badges"": [""커뮤니티 인플루언서""]}, {""post_id"": 3290, ""anonymous_code"": ""늑대-8884"", ""post_type"": ""trade_share"", ""title"": ""오늘 삼성전자 매수했습니다!"", ""like_count"": 0, ""unlike_count"": 1, ""score"": -1, ""author_badges"": [""커뮤니티 인플루언서""]}, {""post_id"": 3291, ""anonymous_code"": ""여우-7933"", ""post_type"": ""trade_share"", ""title"": ""오늘 삼성전자 매수했습니다!"", ""like_count"": 0, ""unlike_count"": 0, ""score"": 0, ""author_badges"": []}, {""post_id"": 3292, ""anonymous_code"": ""독수리-4082"", ""post_type"": ""trade_share"", ""title"": ""거시경제 리스크를 고려한 매도 거래"", ""like_count"": 10, ""unlike_count"": 0, ""score"": 10, ""author_badges"": []}, {""post_id"": 3293, ""anonymous_code"": ""펭귄-3788"", ""post_type"": ""trade_share"", ""title"": ""오늘 삼성전자 추가 매수했습니다!"", ""like_count"": 0, ""unlike_count"": 0, ""score"": 0, ""author_badges"": [""상위 수익자"", ""자산가"", ""커뮤니티 인플루언서""]}, {""post_id"": 3294, ""anonymous_code"": ""돌고래-5489"", ""post_type"": ""trade_share"", ""title"": ""오늘 삼성전자 20주 매수했습니다!"", ""like_count"": 0, ""unlike_count"": 0, ""score"": 0, ""author_badges"": []}, {""post_id"": 3295, ""anonymous_code"": ""사자-8665"", ""post_type"": ""trade_share"", ""title"": ""오늘 삼성전자 매도 완료!"", ""like_count"": 6, ""unlike_count"": 0, ""score"": 6, ""author_badges"": []}, {""post_id"": 3296, ""anonymous_code"": ""사자-5895"", ""post_type"": ""trade_share"", ""title"": ""오늘 삼성전자 매도 거래했습니다!"", ""like_count"": 0, ""unlike_count"": 0, ""score"": 0, ""author_badges"": [""상위 수익자"", ""자산가""]}, {""post_id"": 3297, ""anonymous_code"": ""코끼리-2877"", ""post_type"": ""trade_share"", ""title"": ""오늘 삼성전자 30주 매수했습니다!"", ""like_count"": 0, ""unlike_count"": 0, ""score"": 0, ""author_badges"": []}, {""post_id"": 3298, ""anonymous_code"": ""곰-1911"", ""post_type"": ""trade_share"", ""title"": ""오늘 삼성전자 소량 매수했습니다!"", ""like_count"": 0, ""unlike_count"": 0, ""score"": 0, ""author_badges"": [""커뮤니티 인플루언서""]}, {""post_id"": 3300, ""anonymous_code"": ""사자-5055"", ""post_type"": ""analysis"", ""title"": ""삼성전자, 거시경제 리스크와 경쟁사 실적 사이에서의 투자 판단"", ""like_count"": 11, ""unlike_count"": 0, ""score"": 11, ""author_badges"": [""상위 수익자"", ""자산가""]}, {""post_id"": 3301, ""anonymous_code"": ""돌고래-5159"", ""post_type"": ""trade_share"", ""title"": ""오늘 삼성전자 매수했습니다!"", ""like_count"": 0, ""unlike_count"": 0, ""score"": 0, ""author_badges"": []}, {""post_id"": 3302, ""anonymous_code"": ""독수리-8072"", ""post_type"": ""trade_share"", ""title"": ""오늘 삼성전자 30주 매도했습니다!"", ""like_count"": 0, ""unlike_count"": 0, ""score"": 0, ""author_badges"": []}, {""post_id"": 3303, ""anonymous_code"": ""황소-8760"", ""post_type"": ""trade_share"", ""title"": ""오늘 삼성전자 매수했습니다!"", ""like_count"": 0, ""unlike_count"": 0, ""score"": 0, ""author_badges"": []}, {""post_id"": 3304, ""anonymous_code"": ""여우-2283"", ""post_type"": ""trade_share"", ""title"": ""오늘 삼성전자 추가 매수했습니다!"", ""like_count"": 0, ""unlike_count"": 0, ""score"": 0, ""author_badges"": []}, {""post_id"": 3305, ""anonymous_code"": ""늑대-4264"", ""post_type"": ""trade_share"", ""title"": ""오늘 삼성전자 추가 매수했습니다!"", ""like_count"": 0, ""unlike_count"": 0, ""score"": 0, ""author_badges"": []}]"
chunk_009_2026-04-27_2026-05-04,2026-04-29,6,A020,2,10,19,"[3286, 3287, 3288, 3289, 3290, 3291, 3292, 3293, 3294, 3295, 3296, 3297, 3298, 3299, 3300, 3301, 3302, 3304, 3305]","[{""post_id"": 3286, ""anonymous_code"": ""황소-9750"", ""post_type"": ""trade_share"", ""title"": ""삼성전자 추가 매수했습니다!"", ""like_count"": 1, ""unlike_count"": 6, ""score"": -5, ""author_badges"": [""상위 수익자"", ""자산가""]}, {""post_id"": 3287, ""anonymous_code"": ""코끼리-6457"", ""post_type"": ""trade_share"", ""title"": ""오늘 삼성전자 100주 매도했습니다!"", ""like_count"": 3, ""unlike_count"": 1, ""score"": 2, ""author_badges"": []}, {""post_id"": 3288, ""anonymous_code"": ""곰-1801"", ""post_type"": ""trade_share"", ""title"": ""삼성전자 추가 매수했습니다!"", ""like_count"": 0, ""unlike_count"": 1, ""score"": -1, ""author_badges"": [""상위 수익자"", ""자산가""]}, {""post_id"": 3289, ""anonymous_code"": ""호랑이-8886"", ""post_type"": ""trade_share"", ""title"": ""오늘 삼성전자 소량 매수했습니다!"", ""like_count"": 0, ""unlike_count"": 0, ""score"": 0, ""author_badges"": [""커뮤니티 인플루언서""]}, {""post_id"": 3290, ""anonymous_code"": ""늑대-8884"", ""post_type"": ""trade_share"", ""title"": ""오늘 삼성전자 매수했습니다!"", ""like_count"": 0, ""unlike_count"": 1, ""score"": -1, ""author_badges"": [""커뮤니티 인플루언서""]}, {""post_id"": 3291, ""anonymous_code"": ""여우-7933"", ""post_type"": ""trade_share"", ""title"": ""오늘 삼성전자 매수했습니다!"", ""like_count"": 0, ""unlike_count"": 0, ""score"": 0, ""author_badges"": []}, {""post_id"": 3292, ""anonymous_code"": ""독수리-4082"", ""post_type"": ""trade_share"", ""title"": ""거시경제 리스크를 고려한 매도 거래"", ""like_count"": 11, ""unlike_count"": 0, ""score"": 11, ""author_badges"": []}, {""post_id"": 3293, ""anonymous_code"": ""펭귄-3788"", ""post_type"": ""trade_share"", ""title"": ""오늘 삼성전자 추가 매수했습니다!"", ""like_count"": 0, ""unlike_count"": 0, ""score"": 0, ""author_badges"": [""상위 수익자"", ""자산가"", ""커뮤니티 인플루언서""]}, {""post_id"": 3294, ""anonymous_code"": ""돌고래-5489"", ""post_type"": ""trade_share"", ""title"": ""오늘 삼성전자 20주 매수했습니다!"", ""like_count"": 0, ""unlike_count"": 0, ""score"": 0, ""author_badges"": []}, {""post_id"": 3295, ""anonymous_code"": ""사자-8665"", ""post_type"": ""trade_share"", ""title"": ""오늘 삼성전자 매도 완료!"", ""like_count"": 6, ""unlike_count"": 0, ""score"": 6, ""author_badges"": []}, {""post_id"": 3296, ""anonymous_code"": ""사자-5895"", ""post_type"": ""trade_share"", ""title"": ""오늘 삼성전자 매도 거래했습니다!"", ""like_count"": 0, ""unlike_count"": 0, ""score"": 0, ""author_badges"": [""상위 수익자"", ""자산가""]}, {""post_id"": 3297, ""anonymous_code"": ""코끼리-2877"", ""post_type"": ""trade_share"", ""title"": ""오늘 삼성전자 30주 매수했습니다!"", ""like_count"": 0, ""unlike_count"": 0, ""score"": 0, ""author_badges"": []}, {""post_id"": 3298, ""anonymous_code"": ""곰-1911"", ""post_type"": ""trade_share"", ""title"": ""오늘 삼성전자 소량 매수했습니다!"", ""like_count"": 0, ""unlike_count"": 0, ""score"": 0, ""author_badges"": [""커뮤니티 인플루언서""]}, {""post_id"": 3299, ""anonymous_code"": ""곰-9761"", ""post_type"": ""trade_share"", ""title"": ""삼성전자 추가 매수했습니다!"", ""like_count"": 0, ""unlike_count"": 0, ""score"": 0, ""author_badges"": []}, {""post_id"": 3300, ""anonymous_code"": ""사자-5055"", ""post_type"": ""analysis"", ""title"": ""삼성전자, 거시경제 리스크와 경쟁사 실적 사이에서의 투자 판단"", ""like_count"": 11, ""unlike_count"": 0, ""score"": 11, ""author_badges"": [""상위 수익자"", ""자산가""]}, {""post_id"": 3301, ""anonymous_code"": ""돌고래-5159"", ""post_type"": ""trade_share"", ""title"": ""오늘 삼성전자 매수했습니다!"", ""like_count"": 0, ""unlike_count"": 0, ""score"": 0, ""author_badges"": []}, {""post_id"": 3302, ""anonymous_code"": ""독수리-8072"", ""post_type"": ""trade_share"", ""title"": ""오늘 삼성전자 30주 매도했습니다!"", ""like_count"": 0, ""unlike_count"": 1, ""score"": -1, ""author_badges"": []}, {""post_id"": 3304, ""anonymous_code"": ""여우-2283"", ""post_type"": ""trade_share"", ""title"": ""오늘 삼성전자 추가 매수했습니다!"", ""like_count"": 0, ""unlike_count"": 0, ""score"": 0, ""author_badges"": []}, {""post_id"": 3305, ""anonymous_code"": ""늑대-4264"", ""post_type"": ""trade_share"", ""title"": ""오늘 삼성전자 추가 매수했습니다!"", ""like_count"": 0, ""unlike_count"": 0, ""score"": 0, ""author_badges"": []}]"
chunk_009_2026-04-27_2026-05-04,2026-04-29,6,A022,1,5,19,"[3286, 3287, 3288, 3289, 3290, 3291, 3292, 3293, 3294, 3295, 3296, 3297, 3298, 3299, 3300, 3302, 3303, 3304, 3305]","[{""post_id"": 3286, ""anonymous_code"": ""황소-9750"", ""post_type"": ""trade_share"", ""title"": ""삼성전자 추가 매수했습니다!"", ""like_count"": 1, ""unlike_count"": 7, ""score"": -6, ""author_badges"": [""상위 수익자"", ""자산가""]}, {""post_id"": 3287, ""anonymous_code"": ""코끼리-6457"", ""post_type"": ""trade_share"", ""title"": ""오늘 삼성전자 100주 매도했습니다!"", ""like_count"": 3, ""unlike_count"": 1, ""score"": 2, ""author_badges"": []}, {""post_id"": 3288, ""anonymous_code"": ""곰-1801"", ""post_type"": ""trade_share"", ""title"": ""삼성전자 추가 매수했습니다!"", ""like_count"": 0, ""unlike_count"": 1, ""score"": -1, ""author_badges"": [""상위 수익자"", ""자산가""]}, {""post_id"": 3289, ""anonymous_code"": ""호랑이-8886"", ""post_type"": ""trade_share"", ""title"": ""오늘 삼성전자 소량 매수했습니다!"", ""like_count"": 0, ""unlike_count"": 0, ""score"": 0, ""author_badges"": [""커뮤니티 인플루언서""]}, {""post_id"": 3290, ""anonymous_code"": ""늑대-8884"", ""post_type"": ""trade_share"", ""title"": ""오늘 삼성전자 매수했습니다!"", ""like_count"": 0, ""unlike_count"": 2, ""score"": -2, ""author_badges"": [""커뮤니티 인플루언서""]}, {""post_id"": 3291, ""anonymous_code"": ""여우-7933"", ""post_type"": ""trade_share"", ""title"": ""오늘 삼성전자 매수했습니다!"", ""like_count"": 0, ""unlike_count"": 0, ""score"": 0, ""author_badges"": []}, {""post_id"": 3292, ""anonymous_code"": ""독수리-4082"", ""post_type"": ""trade_share"", ""title"": ""거시경제 리스크를 고려한 매도 거래"", ""like_count"": 12, ""unlike_count"": 0, ""score"": 12, ""author_badges"": []}, {""post_id"": 3293, ""anonymous_code"": ""펭귄-3788"", ""post_type"": ""trade_share"", ""title"": ""오늘 삼성전자 추가 매수했습니다!"", ""like_count"": 0, ""unlike_count"": 0, ""score"": 0, ""author_badges"": [""상위 수익자"", ""자산가"", ""커뮤니티 인플루언서""]}, {""post_id"": 3294, ""anonymous_code"": ""돌고래-5489"", ""post_type"": ""trade_share"", ""title"": ""오늘 삼성전자 20주 매수했습니다!"", ""like_count"": 0, ""unlike_count"": 0, ""score"": 0, ""author_badges"": []}, {""post_id"": 3295, ""anonymous_code"": ""사자-8665"", ""post_type"": ""trade_share"", ""title"": ""오늘 삼성전자 매도 완료!"", ""like_count"": 6, ""unlike_count"": 0, ""score"": 6, ""author_badges"": []}, {""post_id"": 3296, ""anonymous_code"": ""사자-5895"", ""post_type"": ""trade_share"", ""title"": ""오늘 삼성전자 매도 거래했습니다!"", ""like_count"": 0, ""unlike_count"": 0, ""score"": 0, ""author_badges"": [""상위 수익자"", ""자산가""]}, {""post_id"": 3297, ""anonymous_code"": ""코끼리-2877"", ""post_type"": ""trade_share"", ""title"": ""오늘 삼성전자 30주 매수했습니다!"", ""like_count"": 0, ""unlike_count"": 0, ""score"": 0, ""author_badges"": []}, {""post_id"": 3298, ""anonymous_code"": ""곰-1911"", ""post_type"": ""trade_share"", ""title"": ""오늘 삼성전자 소량 매수했습니다!"", ""like_count"": 0, ""unlike_count"": 0, ""score"": 0, ""author_badges"": [""커뮤니티 인플루언서""]}, {""post_id"": 3299, ""anonymous_code"": ""곰-9761"", ""post_type"": ""trade_share"", ""title"": ""삼성전자 추가 매수했습니다!"", ""like_count"": 0, ""unlike_count"": 0, ""score"": 0, ""author_badges"": []}, {""post_id"": 3300, ""anonymous_code"": ""사자-5055"", ""post_type"": ""analysis"", ""title"": ""삼성전자, 거시경제 리스크와 경쟁사 실적 사이에서의 투자 판단"", ""like_count"": 12, ""unlike_count"": 0, ""score"": 12, ""author_badges"": [""상위 수익자"", ""자산가""]}, {""post_id"": 3302, ""anonymous_code"": ""독수리-8072"", ""post_type"": ""trade_share"", ""title"": ""오늘 삼성전자 30주 매도했습니다!"", ""like_count"": 0, ""unlike_count"": 1, ""score"": -1, ""author_badges"": []}, {""post_id"": 3303, ""anonymous_code"": ""황소-8760"", ""post_type"": ""trade_share"", ""title"": ""오늘 삼성전자 매수했습니다!"", ""like_count"": 0, ""unlike_count"": 0, ""score"": 0, ""author_badges"": []}, {""post_id"": 3304, ""anonymous_code"": ""여우-2283"", ""post_type"": ""trade_share"", ""title"": ""오늘 삼성전자 추가 매수했습니다!"", ""like_count"": 0, ""unlike_count"": 0, ""score"": 0, ""author_badges"": []}, {""post_id"": 3305, ""anonymous_code"": ""늑대-4264"", ""post_type"": ""trade_share"", ""title"": ""오늘 삼성전자 추가 매수했습니다!"", ""like_count"": 0, ""unlike_count"": 1, ""score"": -1, ""author_badges"": []}]"
chunk_009_2026-04-27_2026-05-04,2026-04-29,6,A025,1,5,19,"[3286, 3287, 3288, 3289, 3290, 3291, 3292, 3293, 3294, 3295, 3296, 3297, 3298, 3299, 3300, 3301, 3303, 3304, 3305]","[{""post_id"": 3286, ""anonymous_code"": ""황소-9750"", ""post_type"": ""trade_share"", ""title"": ""삼성전자 추가 매수했습니다!"", ""like_count"": 1, ""unlike_count"": 8, ""score"": -7, ""author_badges"": [""상위 수익자"", ""자산가""]}, {""post_id"": 3287, ""anonymous_code"": ""코끼리-6457"", ""post_type"": ""trade_share"", ""title"": ""오늘 삼성전자 100주 매도했습니다!"", ""like_count"": 4, ""unlike_count"": 1, ""score"": 3, ""author_badges"": []}, {""post_id"": 3288, ""anonymous_code"": ""곰-1801"", ""post_type"": ""trade_share"", ""title"": ""삼성전자 추가 매수했습니다!"", ""like_count"": 0, ""unlike_count"": 1, ""score"": -1, ""author_badges"": [""상위 수익자"", ""자산가""]}, {""post_id"": 3289, ""anonymous_code"": ""호랑이-8886"", ""post_type"": ""trade_share"", ""title"": ""오늘 삼성전자 소량 매수했습니다!"", ""like_count"": 0, ""unlike_count"": 0, ""score"": 0, ""author_badges"": [""커뮤니티 인플루언서""]}, {""post_id"": 3290, ""anonymous_code"": ""늑대-8884"", ""post_type"": ""trade_share"", ""title"": ""오늘 삼성전자 매수했습니다!"", ""like_count"": 0, ""unlike_count"": 2, ""score"": -2, ""author_badges"": [""커뮤니티 인플루언서""]}, {""post_id"": 3291, ""anonymous_code"": ""여우-7933"", ""post_type"": ""trade_share"", ""title"": ""오늘 삼성전자 매수했습니다!"", ""like_count"": 0, ""unlike_count"": 0, ""score"": 0, ""author_badges"": []}, {""post_id"": 3292, ""anonymous_code"": ""독수리-4082"", ""post_type"": ""trade_share"", ""title"": ""거시경제 리스크를 고려한 매도 거래"", ""like_count"": 13, ""unlike_count"": 0, ""score"": 13, ""author_badges"": []}, {""post_id"": 3293, ""anonymous_code"": ""펭귄-3788"", ""post_type"": ""trade_share"", ""title"": ""오늘 삼성전자 추가 매수했습니다!"", ""like_count"": 0, ""unlike_count"": 0, ""score"": 0, ""author_badges"": [""상위 수익자"", ""자산가"", ""커뮤니티 인플루언서""]}, {""post_id"": 3294, ""anonymous_code"": ""돌고래-5489"", ""post_type"": ""trade_share"", ""title"": ""오늘 삼성전자 20주 매수했습니다!"", ""like_count"": 0, ""unlike_count"": 0, ""score"": 0, ""author_badges"": []}, {""post_id"": 3295, ""anonymous_code"": ""사자-8665"", ""post_type"": ""trade_share"", ""title"": ""오늘 삼성전자 매도 완료!"", ""like_count"": 7, ""unlike_count"": 0, ""score"": 7, ""author_badges"": []}, {""post_id"": 3296, ""anonymous_code"": ""사자-5895"", ""post_type"": ""trade_share"", ""title"": ""오늘 삼성전자 매도 거래했습니다!"", ""like_count"": 0, ""unlike_count"": 0, ""score"": 0, ""author_badges"": [""상위 수익자"", ""자산가""]}, {""post_id"": 3297, ""anonymous_code"": ""코끼리-2877"", ""post_type"": ""trade_share"", ""title"": ""오늘 삼성전자 30주 매수했습니다!"", ""like_count"": 0, ""unlike_count"": 0, ""score"": 0, ""author_badges"": []}, {""post_id"": 3298, ""anonymous_code"": ""곰-1911"", ""post_type"": ""trade_share"", ""title"": ""오늘 삼성전자 소량 매수했습니다!"", ""like_count"": 0, ""unlike_count"": 0, ""score"": 0, ""author_badges"": [""커뮤니티 인플루언서""]}, {""post_id"": 3299, ""anonymous_code"": ""곰-9761"", ""post_type"": ""trade_share"", ""title"": ""삼성전자 추가 매수했습니다!"", ""like_count"": 0, ""unlike_count"": 0, ""score"": 0, ""author_badges"": []}, {""post_id"": 3300, ""anonymous_code"": ""사자-5055"", ""post_type"": ""analysis"", ""title"": ""삼성전자, 거시경제 리스크와 경쟁사 실적 사이에서의 투자 판단"", ""like_count"": 13, ""unlike_count"": 0, ""score"": 13, ""author_badges"": [""상위 수익자"", ""자산가""]}, {""post_id"": 3301, ""anonymous_code"": ""돌고래-5159"", ""post_type"": ""trade_share"", ""title"": ""오늘 삼성전자 매수했습니다!"", ""like_count"": 0, ""unlike_count"": 0, ""score"": 0, ""author_badges"": []}, {""post_id"": 3303, ""anonymous_code"": ""황소-8760"", ""post_type"": ""trade_share"", ""title"": ""오늘 삼성전자 매수했습니다!"", ""like_count"": 0, ""unlike_count"": 0, ""score"": 0, ""author_badges"": []}, {""post_id"": 3304, ""anonymous_code"": ""여우-2283"", ""post_type"": ""trade_share"", ""title"": ""오늘 삼성전자 추가 매수했습니다!"", ""like_count"": 0, ""unlike_count"": 0, ""score"": 0, ""author_badges"": []}, {""post_id"": 3305, ""anonymous_code"": ""늑대-4264"", ""post_type"": ""trade_share"", ""title"": ""오늘 삼성전자 추가 매수했습니다!"", ""like_count"": 0, ""unlike_count"": 1, ""score"": -1, ""author_badges"": []}]"
chunk_009_2026-04-27_2026-05-04,2026-04-29,6,A026,1,5,19,"[3286, 3287, 3288, 3289, 3290, 3291, 3292, 3293, 3294, 3295, 3296, 3297, 3298, 3299, 3300, 3301, 3302, 3303, 3305]","[{""post_id"": 3286, ""anonymous_code"": ""황소-9750"", ""post_type"": ""trade_share"", ""title"": ""삼성전자 추가 매수했습니다!"", ""like_count"": 1, ""unlike_count"": 9, ""score"": -8, ""author_badges"": [""상위 수익자"", ""자산가""]}, {""post_id"": 3287, ""anonymous_code"": ""코끼리-6457"", ""post_type"": ""trade_share"", ""title"": ""오늘 삼성전자 100주 매도했습니다!"", ""like_count"": 5, ""unlike_count"": 1, ""score"": 4, ""author_badges"": []}, {""post_id"": 3288, ""anonymous_code"": ""곰-1801"", ""post_type"": ""trade_share"", ""title"": ""삼성전자 추가 매수했습니다!"", ""like_count"": 0, ""unlike_count"": 1, ""score"": -1, ""author_badges"": [""상위 수익자"", ""자산가""]}, {""post_id"": 3289, ""anonymous_code"": ""호랑이-8886"", ""post_type"": ""trade_share"", ""title"": ""오늘 삼성전자 소량 매수했습니다!"", ""like_count"": 0, ""unlike_count"": 0, ""score"": 0, ""author_badges"": [""커뮤니티 인플루언서""]}, {""post_id"": 3290, ""anonymous_code"": ""늑대-8884"", ""post_type"": ""trade_share"", ""title"": ""오늘 삼성전자 매수했습니다!"", ""like_count"": 0, ""unlike_count"": 2, ""score"": -2, ""author_badges"": [""커뮤니티 인플루언서""]}, {""post_id"": 3291, ""anonymous_code"": ""여우-7933"", ""post_type"": ""trade_share"", ""title"": ""오늘 삼성전자 매수했습니다!"", ""like_count"": 0, ""unlike_count"": 0, ""score"": 0, ""author_badges"": []}, {""post_id"": 3292, ""anonymous_code"": ""독수리-4082"", ""post_type"": ""trade_share"", ""title"": ""거시경제 리스크를 고려한 매도 거래"", ""like_count"": 14, ""unlike_count"": 0, ""score"": 14, ""author_badges"": []}, {""post_id"": 3293, ""anonymous_code"": ""펭귄-3788"", ""post_type"": ""trade_share"", ""title"": ""오늘 삼성전자 추가 매수했습니다!"", ""like_count"": 0, ""unlike_count"": 0, ""score"": 0, ""author_badges"": [""상위 수익자"", ""자산가"", ""커뮤니티 인플루언서""]}, {""post_id"": 3294, ""anonymous_code"": ""돌고래-5489"", ""post_type"": ""trade_share"", ""title"": ""오늘 삼성전자 20주 매수했습니다!"", ""like_count"": 0, ""unlike_count"": 0, ""score"": 0, ""author_badges"": []}, {""post_id"": 3295, ""anonymous_code"": ""사자-8665"", ""post_type"": ""trade_share"", ""title"": ""오늘 삼성전자 매도 완료!"", ""like_count"": 7, ""unlike_count"": 0, ""score"": 7, ""author_badges"": []}, {""post_id"": 3296, ""anonymous_code"": ""사자-5895"", ""post_type"": ""trade_share"", ""title"": ""오늘 삼성전자 매도 거래했습니다!"", ""like_count"": 0, ""unlike_count"": 0, ""score"": 0, ""author_badges"": [""상위 수익자"", ""자산가""]}, {""post_id"": 3297, ""anonymous_code"": ""코끼리-2877"", ""post_type"": ""trade_share"", ""title"": ""오늘 삼성전자 30주 매수했습니다!"", ""like_count"": 0, ""unlike_count"": 0, ""score"": 0, ""author_badges"": []}, {""post_id"": 3298, ""anonymous_code"": ""곰-1911"", ""post_type"": ""trade_share"", ""title"": ""오늘 삼성전자 소량 매수했습니다!"", ""like_count"": 0, ""unlike_count"": 0, ""score"": 0, ""author_badges"": [""커뮤니티 인플루언서""]}, {""post_id"": 3299, ""anonymous_code"": ""곰-9761"", ""post_type"": ""trade_share"", ""title"": ""삼성전자 추가 매수했습니다!"", ""like_count"": 0, ""unlike_count"": 0, ""score"": 0, ""author_badges"": []}, {""post_id"": 3300, ""anonymous_code"": ""사자-5055"", ""post_type"": ""analysis"", ""title"": ""삼성전자, 거시경제 리스크와 경쟁사 실적 사이에서의 투자 판단"", ""like_count"": 14, ""unlike_count"": 0, ""score"": 14, ""author_badges"": [""상위 수익자"", ""자산가""]}, {""post_id"": 3301, ""anonymous_code"": ""돌고래-5159"", ""post_type"": ""trade_share"", ""title"": ""오늘 삼성전자 매수했습니다!"", ""like_count"": 0, ""unlike_count"": 0, ""score"": 0, ""author_badges"": []}, {""post_id"": 3302, ""anonymous_code"": ""독수리-8072"", ""post_type"": ""trade_share"", ""title"": ""오늘 삼성전자 30주 매도했습니다!"", ""like_count"": 0, ""unlike_count"": 1, ""score"": -1, ""author_badges"": []}, {""post_id"": 3303, ""anonymous_code"": ""황소-8760"", ""post_type"": ""trade_share"", ""title"": ""오늘 삼성전자 매수했습니다!"", ""like_count"": 0, ""unlike_count"": 0, ""score"": 0, ""author_badges"": []}, {""post_id"": 3305, ""anonymous_code"": ""늑대-4264"", ""post_type"": ""trade_share"", ""title"": ""오늘 삼성전자 추가 매수했습니다!"", ""like_count"": 0, ""unlike_count"": 1, ""score"": -1, ""author_badges"": []}]"
chunk_009_2026-04-27_2026-05-04,2026-04-29,6,A027,1,5,19,"[3286, 3287, 3288, 3289, 3290, 3291, 3292, 3293, 3294, 3295, 3296, 3297, 3298, 3299, 3300, 3301, 3302, 3303, 3304]","[{""post_id"": 3286, ""anonymous_code"": ""황소-9750"", ""post_type"": ""trade_share"", ""title"": ""삼성전자 추가 매수했습니다!"", ""like_count"": 1, ""unlike_count"": 10, ""score"": -9, ""author_badges"": [""상위 수익자"", ""자산가""]}, {""post_id"": 3287, ""anonymous_code"": ""코끼리-6457"", ""post_type"": ""trade_share"", ""title"": ""오늘 삼성전자 100주 매도했습니다!"", ""like_count"": 6, ""unlike_count"": 1, ""score"": 5, ""author_badges"": []}, {""post_id"": 3288, ""anonymous_code"": ""곰-1801"", ""post_type"": ""trade_share"", ""title"": ""삼성전자 추가 매수했습니다!"", ""like_count"": 0, ""unlike_count"": 1, ""score"": -1, ""author_badges"": [""상위 수익자"", ""자산가""]}, {""post_id"": 3289, ""anonymous_code"": ""호랑이-8886"", ""post_type"": ""trade_share"", ""title"": ""오늘 삼성전자 소량 매수했습니다!"", ""like_count"": 0, ""unlike_count"": 0, ""score"": 0, ""author_badges"": [""커뮤니티 인플루언서""]}, {""post_id"": 3290, ""anonymous_code"": ""늑대-8884"", ""post_type"": ""trade_share"", ""title"": ""오늘 삼성전자 매수했습니다!"", ""like_count"": 0, ""unlike_count"": 2, ""score"": -2, ""author_badges"": [""커뮤니티 인플루언서""]}, {""post_id"": 3291, ""anonymous_code"": ""여우-7933"", ""post_type"": ""trade_share"", ""title"": ""오늘 삼성전자 매수했습니다!"", ""like_count"": 0, ""unlike_count"": 0, ""score"": 0, ""author_badges"": []}, {""post_id"": 3292, ""anonymous_code"": ""독수리-4082"", ""post_type"": ""trade_share"", ""title"": ""거시경제 리스크를 고려한 매도 거래"", ""like_count"": 15, ""unlike_count"": 0, ""score"": 15, ""author_badges"": []}, {""post_id"": 3293, ""anonymous_code"": ""펭귄-3788"", ""post_type"": ""trade_share"", ""title"": ""오늘 삼성전자 추가 매수했습니다!"", ""like_count"": 0, ""unlike_count"": 0, ""score"": 0, ""author_badges"": [""상위 수익자"", ""자산가"", ""커뮤니티 인플루언서""]}, {""post_id"": 3294, ""anonymous_code"": ""돌고래-5489"", ""post_type"": ""trade_share"", ""title"": ""오늘 삼성전자 20주 매수했습니다!"", ""like_count"": 0, ""unlike_count"": 0, ""score"": 0, ""author_badges"": []}, {""post_id"": 3295, ""anonymous_code"": ""사자-8665"", ""post_type"": ""trade_share"", ""title"": ""오늘 삼성전자 매도 완료!"", ""like_count"": 7, ""unlike_count"": 0, ""score"": 7, ""author_badges"": []}, {""post_id"": 3296, ""anonymous_code"": ""사자-5895"", ""post_type"": ""trade_share"", ""title"": ""오늘 삼성전자 매도 거래했습니다!"", ""like_count"": 0, ""unlike_count"": 0, ""score"": 0, ""author_badges"": [""상위 수익자"", ""자산가""]}, {""post_id"": 3297, ""anonymous_code"": ""코끼리-2877"", ""post_type"": ""trade_share"", ""title"": ""오늘 삼성전자 30주 매수했습니다!"", ""like_count"": 0, ""unlike_count"": 0, ""score"": 0, ""author_badges"": []}, {""post_id"": 3298, ""anonymous_code"": ""곰-1911"", ""post_type"": ""trade_share"", ""title"": ""오늘 삼성전자 소량 매수했습니다!"", ""like_count"": 0, ""unlike_count"": 0, ""score"": 0, ""author_badges"": [""커뮤니티 인플루언서""]}, {""post_id"": 3299, ""anonymous_code"": ""곰-9761"", ""post_type"": ""trade_share"", ""title"": ""삼성전자 추가 매수했습니다!"", ""like_count"": 0, ""unlike_count"": 0, ""score"": 0, ""author_badges"": []}, {""post_id"": 3300, ""anonymous_code"": ""사자-5055"", ""post_type"": ""analysis"", ""title"": ""삼성전자, 거시경제 리스크와 경쟁사 실적 사이에서의 투자 판단"", ""like_count"": 15, ""unlike_count"": 0, ""score"": 15, ""author_badges"": [""상위 수익자"", ""자산가""]}, {""post_id"": 3301, ""anonymous_code"": ""돌고래-5159"", ""post_type"": ""trade_share"", ""title"": ""오늘 삼성전자 매수했습니다!"", ""like_count"": 0, ""unlike_count"": 0, ""score"": 0, ""author_badges"": []}, {""post_id"": 3302, ""anonymous_code"": ""독수리-8072"", ""post_type"": ""trade_share"", ""title"": ""오늘 삼성전자 30주 매도했습니다!"", ""like_count"": 0, ""unlike_count"": 1, ""score"": -1, ""author_badges"": []}, {""post_id"": 3303, ""anonymous_code"": ""황소-8760"", ""post_type"": ""trade_share"", ""title"": ""오늘 삼성전자 매수했습니다!"", ""like_count"": 0, ""unlike_count"": 0, ""score"": 0, ""author_badges"": []}, {""post_id"": 3304, ""anonymous_code"": ""여우-2283"", ""post_type"": ""trade_share"", ""title"": ""오늘 삼성전자 추가 매수했습니다!"", ""like_count"": 0, ""unlike_count"": 0, ""score"": 0, ""author_badges"": []}]"
chunk_009_2026-04-27_2026-05-04,2026-04-30,8,A001,1,5,19,"[3306, 3307, 3309, 3310, 3311, 3312, 3313, 3314, 3315, 3316, 3317, 3318, 3319, 3320, 3321, 3322, 3323, 3324, 3325]","[{""post_id"": 3306, ""anonymous_code"": ""곰-1801"", ""post_type"": ""trade_share"", ""title"": ""오늘 삼성전자 추가 매수했습니다!"", ""like_count"": 0, ""unlike_count"": 0, ""score"": 0, ""author_badges"": []}, {""post_id"": 3307, ""anonymous_code"": ""코끼리-6457"", ""post_type"": ""trade_share"", ""title"": ""오늘 삼성전자 100주 매수했습니다!"", ""like_count"": 0, ""unlike_count"": 0, ""score"": 0, ""author_badges"": [""상위 수익자"", ""자산가""]}, {""post_id"": 3309, ""anonymous_code"": ""황소-9750"", ""post_type"": ""trade_share"", ""title"": ""오늘 삼성전자 매수했습니다!"", ""like_count"": 0, ""unlike_count"": 0, ""score"": 0, ""author_badges"": []}, {""post_id"": 3310, ""anonymous_code"": ""늑대-8884"", ""post_type"": ""trade_share"", ""title"": ""오늘 삼성전자 추가 매수했습니다!"", ""like_count"": 0, ""unlike_count"": 0, ""score"": 0, ""author_badges"": [""커뮤니티 인플루언서""]}, {""post_id"": 3311, ""anonymous_code"": ""독수리-4082"", ""post_type"": ""trade_share"", ""title"": ""오늘 삼성전자 일부 매도했습니다."", ""like_count"": 0, ""unlike_count"": 0, ""score"": 0, ""author_badges"": [""상위 수익자"", ""자산가"", ""커뮤니티 인플루언서""]}, {""post_id"": 3312, ""anonymous_code"": ""여우-7933"", ""post_type"": ""trade_share"", ""title"": ""오늘 삼성전자 추가 매수했습니다!"", ""like_count"": 0, ""unlike_count"": 0, ""score"": 0, ""author_badges"": []}, {""post_id"": 3313, ""anonymous_code"": ""펭귄-3788"", ""post_type"": ""trade_share"", ""title"": ""오늘 삼성전자 매수했습니다!"", ""like_count"": 0, ""unlike_count"": 0, ""score"": 0, ""author_badges"": []}, {""post_id"": 3314, ""anonymous_code"": ""사자-8665"", ""post_type"": ""trade_share"", ""title"": ""삼성전자 추가 매수 완료!"", ""like_count"": 0, ""unlike_count"": 0, ""score"": 0, ""author_badges"": []}, {""post_id"": 3315, ""anonymous_code"": ""돌고래-5489"", ""post_type"": ""trade_share"", ""title"": ""오늘 삼성전자 추가 매수했습니다!"", ""like_count"": 0, ""unlike_count"": 0, ""score"": 0, ""author_badges"": []}, {""post_id"": 3316, ""anonymous_code"": ""사자-5895"", ""post_type"": ""trade_share"", ""title"": ""[매수] 삼성전자 100주 매수했습니다!"", ""like_count"": 0, ""unlike_count"": 0, ""score"": 0, ""author_badges"": [""상위 수익자"", ""자산가""]}, {""post_id"": 3317, ""anonymous_code"": ""곰-1911"", ""post_type"": ""trade_share"", ""title"": ""오늘 삼성전자 일부 매도했습니다."", ""like_count"": 0, ""unlike_count"": 0, ""score"": 0, ""author_badges"": [""커뮤니티 인플루언서""]}, {""post_id"": 3318, ""anonymous_code"": ""코끼리-2877"", ""post_type"": ""trade_share"", ""title"": ""[매수 소식] 삼성전자 50주 매수했습니다!"", ""like_count"": 0, ""unlike_count"": 0, ""score"": 0, ""author_badges"": []}, {""post_id"": 3319, ""anonymous_code"": ""사자-5055"", ""post_type"": ""trade_share"", ""title"": ""삼성전자 매수 소식 공유합니다!"", ""like_count"": 0, ""unlike_count"": 0, ""score"": 0, ""author_badges"": [""상위 수익자"", ""자산가""]}, {""post_id"": 3320, ""anonymous_code"": ""곰-9761"", ""post_type"": ""trade_share"", ""title"": ""오늘 삼성전자 추가 매수했습니다!"", ""like_count"": 0, ""unlike_count"": 0, ""score"": 0, ""author_badges"": []}, {""post_id"": 3321, ""anonymous_code"": ""황소-8760"", ""post_type"": ""trade_share"", ""title"": ""삼성전자 3주 매수했습니다!"", ""like_count"": 0, ""unlike_count"": 0, ""score"": 0, ""author_badges"": []}, {""post_id"": 3322, ""anonymous_code"": ""돌고래-5159"", ""post_type"": ""trade_share"", ""title"": ""오늘 삼성전자 60주 매수했습니다!"", ""like_count"": 0, ""unlike_count"": 0, ""score"": 0, ""author_badges"": []}, {""post_id"": 3323, ""anonymous_code"": ""독수리-8072"", ""post_type"": ""trade_share"", ""title"": ""오늘 삼성전자 추가 매수했습니다!"", ""like_count"": 0, ""unlike_count"": 0, ""score"": 0, ""author_badges"": [""상위 수익자"", ""자산가""]}, {""post_id"": 3324, ""anonymous_code"": ""늑대-4264"", ""post_type"": ""trade_share"", ""title"": ""오늘 삼성전자 전량 매도했습니다."", ""like_count"": 0, ""unlike_count"": 0, ""score"": 0, ""author_badges"": []}, {""post_id"": 3325, ""anonymous_code"": ""여우-2283"", ""post_type"": ""trade_share"", ""title"": ""오늘 삼성전자 50주 매수했습니다!"", ""like_count"": 0, ""unlike_count"": 0, ""score"": 0, ""author_badges"": []}]"
chunk_009_2026-04-27_2026-05-04,2026-04-30,8,A003,1,5,19,"[3307, 3308, 3309, 3310, 3311, 3312, 3313, 3314, 3315, 3316, 3317, 3318, 3319, 3320, 3321, 3322, 3323, 3324, 3325]","[{""post_id"": 3307, ""anonymous_code"": ""코끼리-6457"", ""post_type"": ""trade_share"", ""title"": ""오늘 삼성전자 100주 매수했습니다!"", ""like_count"": 0, ""unlike_count"": 0, ""score"": 0, ""author_badges"": [""상위 수익자"", ""자산가""]}, {""post_id"": 3308, ""anonymous_code"": ""호랑이-8886"", ""post_type"": ""trade_share"", ""title"": ""오늘 삼성전자 추가 매수했습니다!"", ""like_count"": 0, ""unlike_count"": 0, ""score"": 0, ""author_badges"": [""커뮤니티 인플루언서""]}, {""post_id"": 3309, ""anonymous_code"": ""황소-9750"", ""post_type"": ""trade_share"", ""title"": ""오늘 삼성전자 매수했습니다!"", ""like_count"": 0, ""unlike_count"": 0, ""score"": 0, ""author_badges"": []}, {""post_id"": 3310, ""anonymous_code"": ""늑대-8884"", ""post_type"": ""trade_share"", ""title"": ""오늘 삼성전자 추가 매수했습니다!"", ""like_count"": 0, ""unlike_count"": 0, ""score"": 0, ""author_badges"": [""커뮤니티 인플루언서""]}, {""post_id"": 3311, ""anonymous_code"": ""독수리-4082"", ""post_type"": ""trade_share"", ""title"": ""오늘 삼성전자 일부 매도했습니다."", ""like_count"": 0, ""unlike_count"": 0, ""score"": 0, ""author_badges"": [""상위 수익자"", ""자산가"", ""커뮤니티 인플루언서""]}, {""post_id"": 3312, ""anonymous_code"": ""여우-7933"", ""post_type"": ""trade_share"", ""title"": ""오늘 삼성전자 추가 매수했습니다!"", ""like_count"": 0, ""unlike_count"": 0, ""score"": 0, ""author_badges"": []}, {""post_id"": 3313, ""anonymous_code"": ""펭귄-3788"", ""post_type"": ""trade_share"", ""title"": ""오늘 삼성전자 매수했습니다!"", ""like_count"": 0, ""unlike_count"": 0, ""score"": 0, ""author_badges"": []}, {""post_id"": 3314, ""anonymous_code"": ""사자-8665"", ""post_type"": ""trade_share"", ""title"": ""삼성전자 추가 매수 완료!"", ""like_count"": 0, ""unlike_count"": 0, ""score"": 0, ""author_badges"": []}, {""post_id"": 3315, ""anonymous_code"": ""돌고래-5489"", ""post_type"": ""trade_share"", ""title"": ""오늘 삼성전자 추가 매수했습니다!"", ""like_count"": 0, ""unlike_count"": 0, ""score"": 0, ""author_badges"": []}, {""post_id"": 3316, ""anonymous_code"": ""사자-5895"", ""post_type"": ""trade_share"", ""title"": ""[매수] 삼성전자 100주 매수했습니다!"", ""like_count"": 0, ""unlike_count"": 0, ""score"": 0, ""author_badges"": [""상위 수익자"", ""자산가""]}, {""post_id"": 3317, ""anonymous_code"": ""곰-1911"", ""post_type"": ""trade_share"", ""title"": ""오늘 삼성전자 일부 매도했습니다."", ""like_count"": 0, ""unlike_count"": 0, ""score"": 0, ""author_badges"": [""커뮤니티 인플루언서""]}, {""post_id"": 3318, ""anonymous_code"": ""코끼리-2877"", ""post_type"": ""trade_share"", ""title"": ""[매수 소식] 삼성전자 50주 매수했습니다!"", ""like_count"": 0, ""unlike_count"": 0, ""score"": 0, ""author_badges"": []}, {""post_id"": 3319, ""anonymous_code"": ""사자-5055"", ""post_type"": ""trade_share"", ""title"": ""삼성전자 매수 소식 공유합니다!"", ""like_count"": 0, ""unlike_count"": 0, ""score"": 0, ""author_badges"": [""상위 수익자"", ""자산가""]}, {""post_id"": 3320, ""anonymous_code"": ""곰-9761"", ""post_type"": ""trade_share"", ""title"": ""오늘 삼성전자 추가 매수했습니다!"", ""like_count"": 0, ""unlike_count"": 0, ""score"": 0, ""author_badges"": []}, {""post_id"": 3321, ""anonymous_code"": ""황소-8760"", ""post_type"": ""trade_share"", ""title"": ""삼성전자 3주 매수했습니다!"", ""like_count"": 0, ""unlike_count"": 0, ""score"": 0, ""author_badges"": []}, {""post_id"": 3322, ""anonymous_code"": ""돌고래-5159"", ""post_type"": ""trade_share"", ""title"": ""오늘 삼성전자 60주 매수했습니다!"", ""like_count"": 0, ""unlike_count"": 0, ""score"": 0, ""author_badges"": []}, {""post_id"": 3323, ""anonymous_code"": ""독수리-8072"", ""post_type"": ""trade_share"", ""title"": ""오늘 삼성전자 추가 매수했습니다!"", ""like_count"": 0, ""unlike_count"": 0, ""score"": 0, ""author_badges"": [""상위 수익자"", ""자산가""]}, {""post_id"": 3324, ""anonymous_code"": ""늑대-4264"", ""post_type"": ""trade_share"", ""title"": ""오늘 삼성전자 전량 매도했습니다."", ""like_count"": 0, ""unlike_count"": 0, ""score"": 0, ""author_badges"": []}, {""post_id"": 3325, ""anonymous_code"": ""여우-2283"", ""post_type"": ""trade_share"", ""title"": ""오늘 삼성전자 50주 매수했습니다!"", ""like_count"": 0, ""unlike_count"": 0, ""score"": 0, ""author_badges"": []}]"
chunk_009_2026-04-27_2026-05-04,2026-04-30,8,A004,1,5,19,"[3306, 3308, 3309, 3310, 3311, 3312, 3313, 3314, 3315, 3316, 3317, 3318, 3319, 3320, 3321, 3322, 3323, 3324, 3325]","[{""post_id"": 3306, ""anonymous_code"": ""곰-1801"", ""post_type"": ""trade_share"", ""title"": ""오늘 삼성전자 추가 매수했습니다!"", ""like_count"": 0, ""unlike_count"": 0, ""score"": 0, ""author_badges"": []}, {""post_id"": 3308, ""anonymous_code"": ""호랑이-8886"", ""post_type"": ""trade_share"", ""title"": ""오늘 삼성전자 추가 매수했습니다!"", ""like_count"": 0, ""unlike_count"": 0, ""score"": 0, ""author_badges"": [""커뮤니티 인플루언서""]}, {""post_id"": 3309, ""anonymous_code"": ""황소-9750"", ""post_type"": ""trade_share"", ""title"": ""오늘 삼성전자 매수했습니다!"", ""like_count"": 0, ""unlike_count"": 0, ""score"": 0, ""author_badges"": []}, {""post_id"": 3310, ""anonymous_code"": ""늑대-8884"", ""post_type"": ""trade_share"", ""title"": ""오늘 삼성전자 추가 매수했습니다!"", ""like_count"": 0, ""unlike_count"": 0, ""score"": 0, ""author_badges"": [""커뮤니티 인플루언서""]}, {""post_id"": 3311, ""anonymous_code"": ""독수리-4082"", ""post_type"": ""trade_share"", ""title"": ""오늘 삼성전자 일부 매도했습니다."", ""like_count"": 0, ""unlike_count"": 0, ""score"": 0, ""author_badges"": [""상위 수익자"", ""자산가"", ""커뮤니티 인플루언서""]}, {""post_id"": 3312, ""anonymous_code"": ""여우-7933"", ""post_type"": ""trade_share"", ""title"": ""오늘 삼성전자 추가 매수했습니다!"", ""like_count"": 0, ""unlike_count"": 0, ""score"": 0, ""author_badges"": []}, {""post_id"": 3313, ""anonymous_code"": ""펭귄-3788"", ""post_type"": ""trade_share"", ""title"": ""오늘 삼성전자 매수했습니다!"", ""like_count"": 0, ""unlike_count"": 0, ""score"": 0, ""author_badges"": []}, {""post_id"": 3314, ""anonymous_code"": ""사자-8665"", ""post_type"": ""trade_share"", ""title"": ""삼성전자 추가 매수 완료!"", ""like_count"": 0, ""unlike_count"": 0, ""score"": 0, ""author_badges"": []}, {""post_id"": 3315, ""anonymous_code"": ""돌고래-5489"", ""post_type"": ""trade_share"", ""title"": ""오늘 삼성전자 추가 매수했습니다!"", ""like_count"": 0, ""unlike_count"": 0, ""score"": 0, ""author_badges"": []}, {""post_id"": 3316, ""anonymous_code"": ""사자-5895"", ""post_type"": ""trade_share"", ""title"": ""[매수] 삼성전자 100주 매수했습니다!"", ""like_count"": 0, ""unlike_count"": 0, ""score"": 0, ""author_badges"": [""상위 수익자"", ""자산가""]}, {""post_id"": 3317, ""anonymous_code"": ""곰-1911"", ""post_type"": ""trade_share"", ""title"": ""오늘 삼성전자 일부 매도했습니다."", ""like_count"": 0, ""unlike_count"": 0, ""score"": 0, ""author_badges"": [""커뮤니티 인플루언서""]}, {""post_id"": 3318, ""anonymous_code"": ""코끼리-2877"", ""post_type"": ""trade_share"", ""title"": ""[매수 소식] 삼성전자 50주 매수했습니다!"", ""like_count"": 0, ""unlike_count"": 0, ""score"": 0, ""author_badges"": []}, {""post_id"": 3319, ""anonymous_code"": ""사자-5055"", ""post_type"": ""trade_share"", ""title"": ""삼성전자 매수 소식 공유합니다!"", ""like_count"": 0, ""unlike_count"": 0, ""score"": 0, ""author_badges"": [""상위 수익자"", ""자산가""]}, {""post_id"": 3320, ""anonymous_code"": ""곰-9761"", ""post_type"": ""trade_share"", ""title"": ""오늘 삼성전자 추가 매수했습니다!"", ""like_count"": 0, ""unlike_count"": 0, ""score"": 0, ""author_badges"": []}, {""post_id"": 3321, ""anonymous_code"": ""황소-8760"", ""post_type"": ""trade_share"", ""title"": ""삼성전자 3주 매수했습니다!"", ""like_count"": 0, ""unlike_count"": 0, ""score"": 0, ""author_badges"": []}, {""post_id"": 3322, ""anonymous_code"": ""돌고래-5159"", ""post_type"": ""trade_share"", ""title"": ""오늘 삼성전자 60주 매수했습니다!"", ""like_count"": 0, ""unlike_count"": 0, ""score"": 0, ""author_badges"": []}, {""post_id"": 3323, ""anonymous_code"": ""독수리-8072"", ""post_type"": ""trade_share"", ""title"": ""오늘 삼성전자 추가 매수했습니다!"", ""like_count"": 0, ""unlike_count"": 0, ""score"": 0, ""author_badges"": [""상위 수익자"", ""자산가""]}, {""post_id"": 3324, ""anonymous_code"": ""늑대-4264"", ""post_type"": ""trade_share"", ""title"": ""오늘 삼성전자 전량 매도했습니다."", ""like_count"": 0, ""unlike_count"": 0, ""score"": 0, ""author_badges"": []}, {""post_id"": 3325, ""anonymous_code"": ""여우-2283"", ""post_type"": ""trade_share"", ""title"": ""오늘 삼성전자 50주 매수했습니다!"", ""like_count"": 0, ""unlike_count"": 0, ""score"": 0, ""author_badges"": []}]"
chunk_009_2026-04-27_2026-05-04,2026-04-30,8,A005,1,5,19,"[3306, 3307, 3308, 3310, 3311, 3312, 3313, 3314, 3315, 3316, 3317, 3318, 3319, 3320, 3321, 3322, 3323, 3324, 3325]","[{""post_id"": 3306, ""anonymous_code"": ""곰-1801"", ""post_type"": ""trade_share"", ""title"": ""오늘 삼성전자 추가 매수했습니다!"", ""like_count"": 0, ""unlike_count"": 0, ""score"": 0, ""author_badges"": []}, {""post_id"": 3307, ""anonymous_code"": ""코끼리-6457"", ""post_type"": ""trade_share"", ""title"": ""오늘 삼성전자 100주 매수했습니다!"", ""like_count"": 0, ""unlike_count"": 0, ""score"": 0, ""author_badges"": [""상위 수익자"", ""자산가""]}, {""post_id"": 3308, ""anonymous_code"": ""호랑이-8886"", ""post_type"": ""trade_share"", ""title"": ""오늘 삼성전자 추가 매수했습니다!"", ""like_count"": 0, ""unlike_count"": 0, ""score"": 0, ""author_badges"": [""커뮤니티 인플루언서""]}, {""post_id"": 3310, ""anonymous_code"": ""늑대-8884"", ""post_type"": ""trade_share"", ""title"": ""오늘 삼성전자 추가 매수했습니다!"", ""like_count"": 0, ""unlike_count"": 0, ""score"": 0, ""author_badges"": [""커뮤니티 인플루언서""]}, {""post_id"": 3311, ""anonymous_code"": ""독수리-4082"", ""post_type"": ""trade_share"", ""title"": ""오늘 삼성전자 일부 매도했습니다."", ""like_count"": 0, ""unlike_count"": 0, ""score"": 0, ""author_badges"": [""상위 수익자"", ""자산가"", ""커뮤니티 인플루언서""]}, {""post_id"": 3312, ""anonymous_code"": ""여우-7933"", ""post_type"": ""trade_share"", ""title"": ""오늘 삼성전자 추가 매수했습니다!"", ""like_count"": 0, ""unlike_count"": 0, ""score"": 0, ""author_badges"": []}, {""post_id"": 3313, ""anonymous_code"": ""펭귄-3788"", ""post_type"": ""trade_share"", ""title"": ""오늘 삼성전자 매수했습니다!"", ""like_count"": 0, ""unlike_count"": 0, ""score"": 0, ""author_badges"": []}, {""post_id"": 3314, ""anonymous_code"": ""사자-8665"", ""post_type"": ""trade_share"", ""title"": ""삼성전자 추가 매수 완료!"", ""like_count"": 0, ""unlike_count"": 0, ""score"": 0, ""author_badges"": []}, {""post_id"": 3315, ""anonymous_code"": ""돌고래-5489"", ""post_type"": ""trade_share"", ""title"": ""오늘 삼성전자 추가 매수했습니다!"", ""like_count"": 0, ""unlike_count"": 0, ""score"": 0, ""author_badges"": []}, {""post_id"": 3316, ""anonymous_code"": ""사자-5895"", ""post_type"": ""trade_share"", ""title"": ""[매수] 삼성전자 100주 매수했습니다!"", ""like_count"": 0, ""unlike_count"": 0, ""score"": 0, ""author_badges"": [""상위 수익자"", ""자산가""]}, {""post_id"": 3317, ""anonymous_code"": ""곰-1911"", ""post_type"": ""trade_share"", ""title"": ""오늘 삼성전자 일부 매도했습니다."", ""like_count"": 0, ""unlike_count"": 0, ""score"": 0, ""author_badges"": [""커뮤니티 인플루언서""]}, {""post_id"": 3318, ""anonymous_code"": ""코끼리-2877"", ""post_type"": ""trade_share"", ""title"": ""[매수 소식] 삼성전자 50주 매수했습니다!"", ""like_count"": 0, ""unlike_count"": 0, ""score"": 0, ""author_badges"": []}, {""post_id"": 3319, ""anonymous_code"": ""사자-5055"", ""post_type"": ""trade_share"", ""title"": ""삼성전자 매수 소식 공유합니다!"", ""like_count"": 0, ""unlike_count"": 0, ""score"": 0, ""author_badges"": [""상위 수익자"", ""자산가""]}, {""post_id"": 3320, ""anonymous_code"": ""곰-9761"", ""post_type"": ""trade_share"", ""title"": ""오늘 삼성전자 추가 매수했습니다!"", ""like_count"": 0, ""unlike_count"": 0, ""score"": 0, ""author_badges"": []}, {""post_id"": 3321, ""anonymous_code"": ""황소-8760"", ""post_type"": ""trade_share"", ""title"": ""삼성전자 3주 매수했습니다!"", ""like_count"": 0, ""unlike_count"": 0, ""score"": 0, ""author_badges"": []}, {""post_id"": 3322, ""anonymous_code"": ""돌고래-5159"", ""post_type"": ""trade_share"", ""title"": ""오늘 삼성전자 60주 매수했습니다!"", ""like_count"": 0, ""unlike_count"": 0, ""score"": 0, ""author_badges"": []}, {""post_id"": 3323, ""anonymous_code"": ""독수리-8072"", ""post_type"": ""trade_share"", ""title"": ""오늘 삼성전자 추가 매수했습니다!"", ""like_count"": 0, ""unlike_count"": 0, ""score"": 0, ""author_badges"": [""상위 수익자"", ""자산가""]}, {""post_id"": 3324, ""anonymous_code"": ""늑대-4264"", ""post_type"": ""trade_share"", ""title"": ""오늘 삼성전자 전량 매도했습니다."", ""like_count"": 0, ""unlike_count"": 0, ""score"": 0, ""author_badges"": []}, {""post_id"": 3325, ""anonymous_code"": ""여우-2283"", ""post_type"": ""trade_share"", ""title"": ""오늘 삼성전자 50주 매수했습니다!"", ""like_count"": 0, ""unlike_count"": 0, ""score"": 0, ""author_badges"": []}]"
chunk_009_2026-04-27_2026-05-04,2026-04-30,8,A006,1,5,19,"[3306, 3307, 3308, 3309, 3311, 3312, 3313, 3314, 3315, 3316, 3317, 3318, 3319, 3320, 3321, 3322, 3323, 3324, 3325]","[{""post_id"": 3306, ""anonymous_code"": ""곰-1801"", ""post_type"": ""trade_share"", ""title"": ""오늘 삼성전자 추가 매수했습니다!"", ""like_count"": 0, ""unlike_count"": 0, ""score"": 0, ""author_badges"": []}, {""post_id"": 3307, ""anonymous_code"": ""코끼리-6457"", ""post_type"": ""trade_share"", ""title"": ""오늘 삼성전자 100주 매수했습니다!"", ""like_count"": 0, ""unlike_count"": 0, ""score"": 0, ""author_badges"": [""상위 수익자"", ""자산가""]}, {""post_id"": 3308, ""anonymous_code"": ""호랑이-8886"", ""post_type"": ""trade_share"", ""title"": ""오늘 삼성전자 추가 매수했습니다!"", ""like_count"": 0, ""unlike_count"": 0, ""score"": 0, ""author_badges"": [""커뮤니티 인플루언서""]}, {""post_id"": 3309, ""anonymous_code"": ""황소-9750"", ""post_type"": ""trade_share"", ""title"": ""오늘 삼성전자 매수했습니다!"", ""like_count"": 0, ""unlike_count"": 0, ""score"": 0, ""author_badges"": []}, {""post_id"": 3311, ""anonymous_code"": ""독수리-4082"", ""post_type"": ""trade_share"", ""title"": ""오늘 삼성전자 일부 매도했습니다."", ""like_count"": 1, ""unlike_count"": 0, ""score"": 1, ""author_badges"": [""상위 수익자"", ""자산가"", ""커뮤니티 인플루언서""]}, {""post_id"": 3312, ""anonymous_code"": ""여우-7933"", ""post_type"": ""trade_share"", ""title"": ""오늘 삼성전자 추가 매수했습니다!"", ""like_count"": 0, ""unlike_count"": 0, ""score"": 0, ""author_badges"": []}, {""post_id"": 3313, ""anonymous_code"": ""펭귄-3788"", ""post_type"": ""trade_share"", ""title"": ""오늘 삼성전자 매수했습니다!"", ""like_count"": 0, ""unlike_count"": 0, ""score"": 0, ""author_badges"": []}, {""post_id"": 3314, ""anonymous_code"": ""사자-8665"", ""post_type"": ""trade_share"", ""title"": ""삼성전자 추가 매수 완료!"", ""like_count"": 0, ""unlike_count"": 0, ""score"": 0, ""author_badges"": []}, {""post_id"": 3315, ""anonymous_code"": ""돌고래-5489"", ""post_type"": ""trade_share"", ""title"": ""오늘 삼성전자 추가 매수했습니다!"", ""like_count"": 0, ""unlike_count"": 0, ""score"": 0, ""author_badges"": []}, {""post_id"": 3316, ""anonymous_code"": ""사자-5895"", ""post_type"": ""trade_share"", ""title"": ""[매수] 삼성전자 100주 매수했습니다!"", ""like_count"": 0, ""unlike_count"": 0, ""score"": 0, ""author_badges"": [""상위 수익자"", ""자산가""]}, {""post_id"": 3317, ""anonymous_code"": ""곰-1911"", ""post_type"": ""trade_share"", ""title"": ""오늘 삼성전자 일부 매도했습니다."", ""like_count"": 0, ""unlike_count"": 0, ""score"": 0, ""author_badges"": [""커뮤니티 인플루언서""]}, {""post_id"": 3318, ""anonymous_code"": ""코끼리-2877"", ""post_type"": ""trade_share"", ""title"": ""[매수 소식] 삼성전자 50주 매수했습니다!"", ""like_count"": 0, ""unlike_count"": 0, ""score"": 0, ""author_badges"": []}, {""post_id"": 3319, ""anonymous_code"": ""사자-5055"", ""post_type"": ""trade_share"", ""title"": ""삼성전자 매수 소식 공유합니다!"", ""like_count"": 0, ""unlike_count"": 0, ""score"": 0, ""author_badges"": [""상위 수익자"", ""자산가""]}, {""post_id"": 3320, ""anonymous_code"": ""곰-9761"", ""post_type"": ""trade_share"", ""title"": ""오늘 삼성전자 추가 매수했습니다!"", ""like_count"": 0, ""unlike_count"": 0, ""score"": 0, ""author_badges"": []}, {""post_id"": 3321, ""anonymous_code"": ""황소-8760"", ""post_type"": ""trade_share"", ""title"": ""삼성전자 3주 매수했습니다!"", ""like_count"": 0, ""unlike_count"": 0, ""score"": 0, ""author_badges"": []}, {""post_id"": 3322, ""anonymous_code"": ""돌고래-5159"", ""post_type"": ""trade_share"", ""title"": ""오늘 삼성전자 60주 매수했습니다!"", ""like_count"": 0, ""unlike_count"": 0, ""score"": 0, ""author_badges"": []}, {""post_id"": 3323, ""anonymous_code"": ""독수리-8072"", ""post_type"": ""trade_share"", ""title"": ""오늘 삼성전자 추가 매수했습니다!"", ""like_count"": 0, ""unlike_count"": 0, ""score"": 0, ""author_badges"": [""상위 수익자"", ""자산가""]}, {""post_id"": 3324, ""anonymous_code"": ""늑대-4264"", ""post_type"": ""trade_share"", ""title"": ""오늘 삼성전자 전량 매도했습니다."", ""like_count"": 1, ""unlike_count"": 0, ""score"": 1, ""author_badges"": []}, {""post_id"": 3325, ""anonymous_code"": ""여우-2283"", ""post_type"": ""trade_share"", ""title"": ""오늘 삼성전자 50주 매수했습니다!"", ""like_count"": 0, ""unlike_count"": 0, ""score"": 0, ""author_badges"": []}]"
chunk_009_2026-04-27_2026-05-04,2026-04-30,8,A007,2,10,19,"[3306, 3307, 3308, 3309, 3310, 3312, 3313, 3314, 3315, 3316, 3317, 3318, 3319, 3320, 3321, 3322, 3323, 3324, 3325]","[{""post_id"": 3306, ""anonymous_code"": ""곰-1801"", ""post_type"": ""trade_share"", ""title"": ""오늘 삼성전자 추가 매수했습니다!"", ""like_count"": 0, ""unlike_count"": 0, ""score"": 0, ""author_badges"": []}, {""post_id"": 3307, ""anonymous_code"": ""코끼리-6457"", ""post_type"": ""trade_share"", ""title"": ""오늘 삼성전자 100주 매수했습니다!"", ""like_count"": 0, ""unlike_count"": 1, ""score"": -1, ""author_badges"": [""상위 수익자"", ""자산가""]}, {""post_id"": 3308, ""anonymous_code"": ""호랑이-8886"", ""post_type"": ""trade_share"", ""title"": ""오늘 삼성전자 추가 매수했습니다!"", ""like_count"": 0, ""unlike_count"": 0, ""score"": 0, ""author_badges"": [""커뮤니티 인플루언서""]}, {""post_id"": 3309, ""anonymous_code"": ""황소-9750"", ""post_type"": ""trade_share"", ""title"": ""오늘 삼성전자 매수했습니다!"", ""like_count"": 0, ""unlike_count"": 0, ""score"": 0, ""author_badges"": []}, {""post_id"": 3310, ""anonymous_code"": ""늑대-8884"", ""post_type"": ""trade_share"", ""title"": ""오늘 삼성전자 추가 매수했습니다!"", ""like_count"": 1, ""unlike_count"": 0, ""score"": 1, ""author_badges"": [""커뮤니티 인플루언서""]}, {""post_id"": 3312, ""anonymous_code"": ""여우-7933"", ""post_type"": ""trade_share"", ""title"": ""오늘 삼성전자 추가 매수했습니다!"", ""like_count"": 0, ""unlike_count"": 0, ""score"": 0, ""author_badges"": []}, {""post_id"": 3313, ""anonymous_code"": ""펭귄-3788"", ""post_type"": ""trade_share"", ""title"": ""오늘 삼성전자 매수했습니다!"", ""like_count"": 0, ""unlike_count"": 1, ""score"": -1, ""author_badges"": []}, {""post_id"": 3314, ""anonymous_code"": ""사자-8665"", ""post_type"": ""trade_share"", ""title"": ""삼성전자 추가 매수 완료!"", ""like_count"": 0, ""unlike_count"": 0, ""score"": 0, ""author_badges"": []}, {""post_id"": 3315, ""anonymous_code"": ""돌고래-5489"", ""post_type"": ""trade_share"", ""title"": ""오늘 삼성전자 추가 매수했습니다!"", ""like_count"": 0, ""unlike_count"": 0, ""score"": 0, ""author_badges"": []}, {""post_id"": 3316, ""anonymous_code"": ""사자-5895"", ""post_type"": ""trade_share"", ""title"": ""[매수] 삼성전자 100주 매수했습니다!"", ""like_count"": 0, ""unlike_count"": 0, ""score"": 0, ""author_badges"": [""상위 수익자"", ""자산가""]}, {""post_id"": 3317, ""anonymous_code"": ""곰-1911"", ""post_type"": ""trade_share"", ""title"": ""오늘 삼성전자 일부 매도했습니다."", ""like_count"": 1, ""unlike_count"": 0, ""score"": 1, ""author_badges"": [""커뮤니티 인플루언서""]}, {""post_id"": 3318, ""anonymous_code"": ""코끼리-2877"", ""post_type"": ""trade_share"", ""title"": ""[매수 소식] 삼성전자 50주 매수했습니다!"", ""like_count"": 0, ""unlike_count"": 0, ""score"": 0, ""author_badges"": []}, {""post_id"": 3319, ""anonymous_code"": ""사자-5055"", ""post_type"": ""trade_share"", ""title"": ""삼성전자 매수 소식 공유합니다!"", ""like_count"": 0, ""unlike_count"": 0, ""score"": 0, ""author_badges"": [""상위 수익자"", ""자산가""]}, {""post_id"": 3320, ""anonymous_code"": ""곰-9761"", ""post_type"": ""trade_share"", ""title"": ""오늘 삼성전자 추가 매수했습니다!"", ""like_count"": 0, ""unlike_count"": 0, ""score"": 0, ""author_badges"": []}, {""post_id"": 3321, ""anonymous_code"": ""황소-8760"", ""post_type"": ""trade_share"", ""title"": ""삼성전자 3주 매수했습니다!"", ""like_count"": 0, ""unlike_count"": 0, ""score"": 0, ""author_badges"": []}, {""post_id"": 3322, ""anonymous_code"": ""돌고래-5159"", ""post_type"": ""trade_share"", ""title"": ""오늘 삼성전자 60주 매수했습니다!"", ""like_count"": 0, ""unlike_count"": 0, ""score"": 0, ""author_badges"": []}, {""post_id"": 3323, ""anonymous_code"": ""독수리-8072"", ""post_type"": ""trade_share"", ""title"": ""오늘 삼성전자 추가 매수했습니다!"", ""like_count"": 0, ""unlike_count"": 0, ""score"": 0, ""author_badges"": [""상위 수익자"", ""자산가""]}, {""post_id"": 3324, ""anonymous_code"": ""늑대-4264"", ""post_type"": ""trade_share"", ""title"": ""오늘 삼성전자 전량 매도했습니다."", ""like_count"": 2, ""unlike_count"": 0, ""score"": 2, ""author_badges"": []}, {""post_id"": 3325, ""anonymous_code"": ""여우-2283"", ""post_type"": ""trade_share"", ""title"": ""오늘 삼성전자 50주 매수했습니다!"", ""like_count"": 0, ""unlike_count"": 0, ""score"": 0, ""author_badges"": []}]"
chunk_009_2026-04-27_2026-05-04,2026-04-30,8,A008,1,5,19,"[3306, 3307, 3308, 3309, 3310, 3311, 3313, 3314, 3315, 3316, 3317, 3318, 3319, 3320, 3321, 3322, 3323, 3324, 3325]","[{""post_id"": 3306, ""anonymous_code"": ""곰-1801"", ""post_type"": ""trade_share"", ""title"": ""오늘 삼성전자 추가 매수했습니다!"", ""like_count"": 0, ""unlike_count"": 1, ""score"": -1, ""author_badges"": []}, {""post_id"": 3307, ""anonymous_code"": ""코끼리-6457"", ""post_type"": ""trade_share"", ""title"": ""오늘 삼성전자 100주 매수했습니다!"", ""like_count"": 0, ""unlike_count"": 1, ""score"": -1, ""author_badges"": [""상위 수익자"", ""자산가""]}, {""post_id"": 3308, ""anonymous_code"": ""호랑이-8886"", ""post_type"": ""trade_share"", ""title"": ""오늘 삼성전자 추가 매수했습니다!"", ""like_count"": 0, ""unlike_count"": 0, ""score"": 0, ""author_badges"": [""커뮤니티 인플루언서""]}, {""post_id"": 3309, ""anonymous_code"": ""황소-9750"", ""post_type"": ""trade_share"", ""title"": ""오늘 삼성전자 매수했습니다!"", ""like_count"": 0, ""unlike_count"": 0, ""score"": 0, ""author_badges"": []}, {""post_id"": 3310, ""anonymous_code"": ""늑대-8884"", ""post_type"": ""trade_share"", ""title"": ""오늘 삼성전자 추가 매수했습니다!"", ""like_count"": 1, ""unlike_count"": 1, ""score"": 0, ""author_badges"": [""커뮤니티 인플루언서""]}, {""post_id"": 3311, ""anonymous_code"": ""독수리-4082"", ""post_type"": ""trade_share"", ""title"": ""오늘 삼성전자 일부 매도했습니다."", ""like_count"": 3, ""unlike_count"": 0, ""score"": 3, ""author_badges"": [""상위 수익자"", ""자산가"", ""커뮤니티 인플루언서""]}, {""post_id"": 3313, ""anonymous_code"": ""펭귄-3788"", ""post_type"": ""trade_share"", ""title"": ""오늘 삼성전자 매수했습니다!"", ""like_count"": 0, ""unlike_count"": 1, ""score"": -1, ""author_badges"": []}, {""post_id"": 3314, ""anonymous_code"": ""사자-8665"", ""post_type"": ""trade_share"", ""title"": ""삼성전자 추가 매수 완료!"", ""like_count"": 0, ""unlike_count"": 0, ""score"": 0, ""author_badges"": []}, {""post_id"": 3315, ""anonymous_code"": ""돌고래-5489"", ""post_type"": ""trade_share"", ""title"": ""오늘 삼성전자 추가 매수했습니다!"", ""like_count"": 0, ""unlike_count"": 0, ""score"": 0, ""author_badges"": []}, {""post_id"": 3316, ""anonymous_code"": ""사자-5895"", ""post_type"": ""trade_share"", ""title"": ""[매수] 삼성전자 100주 매수했습니다!"", ""like_count"": 0, ""unlike_count"": 0, ""score"": 0, ""author_badges"": [""상위 수익자"", ""자산가""]}, {""post_id"": 3317, ""anonymous_code"": ""곰-1911"", ""post_type"": ""trade_share"", ""title"": ""오늘 삼성전자 일부 매도했습니다."", ""like_count"": 1, ""unlike_count"": 0, ""score"": 1, ""author_badges"": [""커뮤니티 인플루언서""]}, {""post_id"": 3318, ""anonymous_code"": ""코끼리-2877"", ""post_type"": ""trade_share"", ""title"": ""[매수 소식] 삼성전자 50주 매수했습니다!"", ""like_count"": 0, ""unlike_count"": 0, ""score"": 0, ""author_badges"": []}, {""post_id"": 3319, ""anonymous_code"": ""사자-5055"", ""post_type"": ""trade_share"", ""title"": ""삼성전자 매수 소식 공유합니다!"", ""like_count"": 0, ""unlike_count"": 0, ""score"": 0, ""author_badges"": [""상위 수익자"", ""자산가""]}, {""post_id"": 3320, ""anonymous_code"": ""곰-9761"", ""post_type"": ""trade_share"", ""title"": ""오늘 삼성전자 추가 매수했습니다!"", ""like_count"": 0, ""unlike_count"": 0, ""score"": 0, ""author_badges"": []}, {""post_id"": 3321, ""anonymous_code"": ""황소-8760"", ""post_type"": ""trade_share"", ""title"": ""삼성전자 3주 매수했습니다!"", ""like_count"": 0, ""unlike_count"": 0, ""score"": 0, ""author_badges"": []}, {""post_id"": 3322, ""anonymous_code"": ""돌고래-5159"", ""post_type"": ""trade_share"", ""title"": ""오늘 삼성전자 60주 매수했습니다!"", ""like_count"": 0, ""unlike_count"": 0, ""score"": 0, ""author_badges"": []}, {""post_id"": 3323, ""anonymous_code"": ""독수리-8072"", ""post_type"": ""trade_share"", ""title"": ""오늘 삼성전자 추가 매수했습니다!"", ""like_count"": 0, ""unlike_count"": 0, ""score"": 0, ""author_badges"": [""상위 수익자"", ""자산가""]}, {""post_id"": 3324, ""anonymous_code"": ""늑대-4264"", ""post_type"": ""trade_share"", ""title"": ""오늘 삼성전자 전량 매도했습니다."", ""like_count"": 3, ""unlike_count"": 0, ""score"": 3, ""author_badges"": []}, {""post_id"": 3325, ""anonymous_code"": ""여우-2283"", ""post_type"": ""trade_share"", ""title"": ""오늘 삼성전자 50주 매수했습니다!"", ""like_count"": 0, ""unlike_count"": 0, ""score"": 0, ""author_badges"": []}]"
chunk_009_2026-04-27_2026-05-04,2026-04-30,8,A010,1,5,19,"[3306, 3307, 3308, 3309, 3310, 3311, 3312, 3314, 3315, 3316, 3317, 3318, 3319, 3320, 3321, 3322, 3323, 3324, 3325]","[{""post_id"": 3306, ""anonymous_code"": ""곰-1801"", ""post_type"": ""trade_share"", ""title"": ""오늘 삼성전자 추가 매수했습니다!"", ""like_count"": 0, ""unlike_count"": 1, ""score"": -1, ""author_badges"": []}, {""post_id"": 3307, ""anonymous_code"": ""코끼리-6457"", ""post_type"": ""trade_share"", ""title"": ""오늘 삼성전자 100주 매수했습니다!"", ""like_count"": 0, ""unlike_count"": 1, ""score"": -1, ""author_badges"": [""상위 수익자"", ""자산가""]}, {""post_id"": 3308, ""anonymous_code"": ""호랑이-8886"", ""post_type"": ""trade_share"", ""title"": ""오늘 삼성전자 추가 매수했습니다!"", ""like_count"": 0, ""unlike_count"": 0, ""score"": 0, ""author_badges"": [""커뮤니티 인플루언서""]}, {""post_id"": 3309, ""anonymous_code"": ""황소-9750"", ""post_type"": ""trade_share"", ""title"": ""오늘 삼성전자 매수했습니다!"", ""like_count"": 0, ""unlike_count"": 0, ""score"": 0, ""author_badges"": []}, {""post_id"": 3310, ""anonymous_code"": ""늑대-8884"", ""post_type"": ""trade_share"", ""title"": ""오늘 삼성전자 추가 매수했습니다!"", ""like_count"": 1, ""unlike_count"": 2, ""score"": -1, ""author_badges"": [""커뮤니티 인플루언서""]}, {""post_id"": 3311, ""anonymous_code"": ""독수리-4082"", ""post_type"": ""trade_share"", ""title"": ""오늘 삼성전자 일부 매도했습니다."", ""like_count"": 4, ""unlike_count"": 0, ""score"": 4, ""author_badges"": [""상위 수익자"", ""자산가"", ""커뮤니티 인플루언서""]}, {""post_id"": 3312, ""anonymous_code"": ""여우-7933"", ""post_type"": ""trade_share"", ""title"": ""오늘 삼성전자 추가 매수했습니다!"", ""like_count"": 0, ""unlike_count"": 0, ""score"": 0, ""author_badges"": []}, {""post_id"": 3314, ""anonymous_code"": ""사자-8665"", ""post_type"": ""trade_share"", ""title"": ""삼성전자 추가 매수 완료!"", ""like_count"": 0, ""unlike_count"": 0, ""score"": 0, ""author_badges"": []}, {""post_id"": 3315, ""anonymous_code"": ""돌고래-5489"", ""post_type"": ""trade_share"", ""title"": ""오늘 삼성전자 추가 매수했습니다!"", ""like_count"": 0, ""unlike_count"": 0, ""score"": 0, ""author_badges"": []}, {""post_id"": 3316, ""anonymous_code"": ""사자-5895"", ""post_type"": ""trade_share"", ""title"": ""[매수] 삼성전자 100주 매수했습니다!"", ""like_count"": 0, ""unlike_count"": 0, ""score"": 0, ""author_badges"": [""상위 수익자"", ""자산가""]}, {""post_id"": 3317, ""anonymous_code"": ""곰-1911"", ""post_type"": ""trade_share"", ""title"": ""오늘 삼성전자 일부 매도했습니다."", ""like_count"": 2, ""unlike_count"": 0, ""score"": 2, ""author_badges"": [""커뮤니티 인플루언서""]}, {""post_id"": 3318, ""anonymous_code"": ""코끼리-2877"", ""post_type"": ""trade_share"", ""title"": ""[매수 소식] 삼성전자 50주 매수했습니다!"", ""like_count"": 0, ""unlike_count"": 0, ""score"": 0, ""author_badges"": []}, {""post_id"": 3319, ""anonymous_code"": ""사자-5055"", ""post_type"": ""trade_share"", ""title"": ""삼성전자 매수 소식 공유합니다!"", ""like_count"": 0, ""unlike_count"": 1, ""score"": -1, ""author_badges"": [""상위 수익자"", ""자산가""]}, {""post_id"": 3320, ""anonymous_code"": ""곰-9761"", ""post_type"": ""trade_share"", ""title"": ""오늘 삼성전자 추가 매수했습니다!"", ""like_count"": 0, ""unlike_count"": 0, ""score"": 0, ""author_badges"": []}, {""post_id"": 3321, ""anonymous_code"": ""황소-8760"", ""post_type"": ""trade_share"", ""title"": ""삼성전자 3주 매수했습니다!"", ""like_count"": 0, ""unlike_count"": 0, ""score"": 0, ""author_badges"": []}, {""post_id"": 3322, ""anonymous_code"": ""돌고래-5159"", ""post_type"": ""trade_share"", ""title"": ""오늘 삼성전자 60주 매수했습니다!"", ""like_count"": 0, ""unlike_count"": 0, ""score"": 0, ""author_badges"": []}, {""post_id"": 3323, ""anonymous_code"": ""독수리-8072"", ""post_type"": ""trade_share"", ""title"": ""오늘 삼성전자 추가 매수했습니다!"", ""like_count"": 0, ""unlike_count"": 0, ""score"": 0, ""author_badges"": [""상위 수익자"", ""자산가""]}, {""post_id"": 3324, ""anonymous_code"": ""늑대-4264"", ""post_type"": ""trade_share"", ""title"": ""오늘 삼성전자 전량 매도했습니다."", ""like_count"": 4, ""unlike_count"": 0, ""score"": 4, ""author_badges"": []}, {""post_id"": 3325, ""anonymous_code"": ""여우-2283"", ""post_type"": ""trade_share"", ""title"": ""오늘 삼성전자 50주 매수했습니다!"", ""like_count"": 0, ""unlike_count"": 0, ""score"": 0, ""author_badges"": []}]"
chunk_009_2026-04-27_2026-05-04,2026-04-30,8,A011,1,5,19,"[3306, 3307, 3308, 3309, 3310, 3311, 3312, 3313, 3314, 3316, 3317, 3318, 3319, 3320, 3321, 3322, 3323, 3324, 3325]","[{""post_id"": 3306, ""anonymous_code"": ""곰-1801"", ""post_type"": ""trade_share"", ""title"": ""오늘 삼성전자 추가 매수했습니다!"", ""like_count"": 0, ""unlike_count"": 1, ""score"": -1, ""author_badges"": []}, {""post_id"": 3307, ""anonymous_code"": ""코끼리-6457"", ""post_type"": ""trade_share"", ""title"": ""오늘 삼성전자 100주 매수했습니다!"", ""like_count"": 0, ""unlike_count"": 1, ""score"": -1, ""author_badges"": [""상위 수익자"", ""자산가""]}, {""post_id"": 3308, ""anonymous_code"": ""호랑이-8886"", ""post_type"": ""trade_share"", ""title"": ""오늘 삼성전자 추가 매수했습니다!"", ""like_count"": 0, ""unlike_count"": 0, ""score"": 0, ""author_badges"": [""커뮤니티 인플루언서""]}, {""post_id"": 3309, ""anonymous_code"": ""황소-9750"", ""post_type"": ""trade_share"", ""title"": ""오늘 삼성전자 매수했습니다!"", ""like_count"": 0, ""unlike_count"": 0, ""score"": 0, ""author_badges"": []}, {""post_id"": 3310, ""anonymous_code"": ""늑대-8884"", ""post_type"": ""trade_share"", ""title"": ""오늘 삼성전자 추가 매수했습니다!"", ""like_count"": 1, ""unlike_count"": 3, ""score"": -2, ""author_badges"": [""커뮤니티 인플루언서""]}, {""post_id"": 3311, ""anonymous_code"": ""독수리-4082"", ""post_type"": ""trade_share"", ""title"": ""오늘 삼성전자 일부 매도했습니다."", ""like_count"": 5, ""unlike_count"": 0, ""score"": 5, ""author_badges"": [""상위 수익자"", ""자산가"", ""커뮤니티 인플루언서""]}, {""post_id"": 3312, ""anonymous_code"": ""여우-7933"", ""post_type"": ""trade_share"", ""title"": ""오늘 삼성전자 추가 매수했습니다!"", ""like_count"": 0, ""unlike_count"": 0, ""score"": 0, ""author_badges"": []}, {""post_id"": 3313, ""anonymous_code"": ""펭귄-3788"", ""post_type"": ""trade_share"", ""title"": ""오늘 삼성전자 매수했습니다!"", ""like_count"": 0, ""unlike_count"": 1, ""score"": -1, ""author_badges"": []}, {""post_id"": 3314, ""anonymous_code"": ""사자-8665"", ""post_type"": ""trade_share"", ""title"": ""삼성전자 추가 매수 완료!"", ""like_count"": 0, ""unlike_count"": 0, ""score"": 0, ""author_badges"": []}, {""post_id"": 3316, ""anonymous_code"": ""사자-5895"", ""post_type"": ""trade_share"", ""title"": ""[매수] 삼성전자 100주 매수했습니다!"", ""like_count"": 0, ""unlike_count"": 0, ""score"": 0, ""author_badges"": [""상위 수익자"", ""자산가""]}, {""post_id"": 3317, ""anonymous_code"": ""곰-1911"", ""post_type"": ""trade_share"", ""title"": ""오늘 삼성전자 일부 매도했습니다."", ""like_count"": 2, ""unlike_count"": 0, ""score"": 2, ""author_badges"": [""커뮤니티 인플루언서""]}, {""post_id"": 3318, ""anonymous_code"": ""코끼리-2877"", ""post_type"": ""trade_share"", ""title"": ""[매수 소식] 삼성전자 50주 매수했습니다!"", ""like_count"": 0, ""unlike_count"": 0, ""score"": 0, ""author_badges"": []}, {""post_id"": 3319, ""anonymous_code"": ""사자-5055"", ""post_type"": ""trade_share"", ""title"": ""삼성전자 매수 소식 공유합니다!"", ""like_count"": 0, ""unlike_count"": 1, ""score"": -1, ""author_badges"": [""상위 수익자"", ""자산가""]}, {""post_id"": 3320, ""anonymous_code"": ""곰-9761"", ""post_type"": ""trade_share"", ""title"": ""오늘 삼성전자 추가 매수했습니다!"", ""like_count"": 0, ""unlike_count"": 0, ""score"": 0, ""author_badges"": []}, {""post_id"": 3321, ""anonymous_code"": ""황소-8760"", ""post_type"": ""trade_share"", ""title"": ""삼성전자 3주 매수했습니다!"", ""like_count"": 0, ""unlike_count"": 0, ""score"": 0, ""author_badges"": []}, {""post_id"": 3322, ""anonymous_code"": ""돌고래-5159"", ""post_type"": ""trade_share"", ""title"": ""오늘 삼성전자 60주 매수했습니다!"", ""like_count"": 0, ""unlike_count"": 0, ""score"": 0, ""author_badges"": []}, {""post_id"": 3323, ""anonymous_code"": ""독수리-8072"", ""post_type"": ""trade_share"", ""title"": ""오늘 삼성전자 추가 매수했습니다!"", ""like_count"": 0, ""unlike_count"": 0, ""score"": 0, ""author_badges"": [""상위 수익자"", ""자산가""]}, {""post_id"": 3324, ""anonymous_code"": ""늑대-4264"", ""post_type"": ""trade_share"", ""title"": ""오늘 삼성전자 전량 매도했습니다."", ""like_count"": 5, ""unlike_count"": 0, ""score"": 5, ""author_badges"": []}, {""post_id"": 3325, ""anonymous_code"": ""여우-2283"", ""post_type"": ""trade_share"", ""title"": ""오늘 삼성전자 50주 매수했습니다!"", ""like_count"": 0, ""unlike_count"": 0, ""score"": 0, ""author_badges"": []}]"
chunk_009_2026-04-27_2026-05-04,2026-04-30,8,A012,1,5,19,"[3306, 3307, 3308, 3309, 3310, 3311, 3312, 3313, 3315, 3316, 3317, 3318, 3319, 3320, 3321, 3322, 3323, 3324, 3325]","[{""post_id"": 3306, ""anonymous_code"": ""곰-1801"", ""post_type"": ""trade_share"", ""title"": ""오늘 삼성전자 추가 매수했습니다!"", ""like_count"": 0, ""unlike_count"": 1, ""score"": -1, ""author_badges"": []}, {""post_id"": 3307, ""anonymous_code"": ""코끼리-6457"", ""post_type"": ""trade_share"", ""title"": ""오늘 삼성전자 100주 매수했습니다!"", ""like_count"": 0, ""unlike_count"": 1, ""score"": -1, ""author_badges"": [""상위 수익자"", ""자산가""]}, {""post_id"": 3308, ""anonymous_code"": ""호랑이-8886"", ""post_type"": ""trade_share"", ""title"": ""오늘 삼성전자 추가 매수했습니다!"", ""like_count"": 0, ""unlike_count"": 0, ""score"": 0, ""author_badges"": [""커뮤니티 인플루언서""]}, {""post_id"": 3309, ""anonymous_code"": ""황소-9750"", ""post_type"": ""trade_share"", ""title"": ""오늘 삼성전자 매수했습니다!"", ""like_count"": 0, ""unlike_count"": 0, ""score"": 0, ""author_badges"": []}, {""post_id"": 3310, ""anonymous_code"": ""늑대-8884"", ""post_type"": ""trade_share"", ""title"": ""오늘 삼성전자 추가 매수했습니다!"", ""like_count"": 2, ""unlike_count"": 3, ""score"": -1, ""author_badges"": [""커뮤니티 인플루언서""]}, {""post_id"": 3311, ""anonymous_code"": ""독수리-4082"", ""post_type"": ""trade_share"", ""title"": ""오늘 삼성전자 일부 매도했습니다."", ""like_count"": 6, ""unlike_count"": 0, ""score"": 6, ""author_badges"": [""상위 수익자"", ""자산가"", ""커뮤니티 인플루언서""]}, {""post_id"": 3312, ""anonymous_code"": ""여우-7933"", ""post_type"": ""trade_share"", ""title"": ""오늘 삼성전자 추가 매수했습니다!"", ""like_count"": 0, ""unlike_count"": 0, ""score"": 0, ""author_badges"": []}, {""post_id"": 3313, ""anonymous_code"": ""펭귄-3788"", ""post_type"": ""trade_share"", ""title"": ""오늘 삼성전자 매수했습니다!"", ""like_count"": 0, ""unlike_count"": 1, ""score"": -1, ""author_badges"": []}, {""post_id"": 3315, ""anonymous_code"": ""돌고래-5489"", ""post_type"": ""trade_share"", ""title"": ""오늘 삼성전자 추가 매수했습니다!"", ""like_count"": 0, ""unlike_count"": 0, ""score"": 0, ""author_badges"": []}, {""post_id"": 3316, ""anonymous_code"": ""사자-5895"", ""post_type"": ""trade_share"", ""title"": ""[매수] 삼성전자 100주 매수했습니다!"", ""like_count"": 0, ""unlike_count"": 0, ""score"": 0, ""author_badges"": [""상위 수익자"", ""자산가""]}, {""post_id"": 3317, ""anonymous_code"": ""곰-1911"", ""post_type"": ""trade_share"", ""title"": ""오늘 삼성전자 일부 매도했습니다."", ""like_count"": 2, ""unlike_count"": 0, ""score"": 2, ""author_badges"": [""커뮤니티 인플루언서""]}, {""post_id"": 3318, ""anonymous_code"": ""코끼리-2877"", ""post_type"": ""trade_share"", ""title"": ""[매수 소식] 삼성전자 50주 매수했습니다!"", ""like_count"": 0, ""unlike_count"": 0, ""score"": 0, ""author_badges"": []}, {""post_id"": 3319, ""anonymous_code"": ""사자-5055"", ""post_type"": ""trade_share"", ""title"": ""삼성전자 매수 소식 공유합니다!"", ""like_count"": 0, ""unlike_count"": 1, ""score"": -1, ""author_badges"": [""상위 수익자"", ""자산가""]}, {""post_id"": 3320, ""anonymous_code"": ""곰-9761"", ""post_type"": ""trade_share"", ""title"": ""오늘 삼성전자 추가 매수했습니다!"", ""like_count"": 0, ""unlike_count"": 0, ""score"": 0, ""author_badges"": []}, {""post_id"": 3321, ""anonymous_code"": ""황소-8760"", ""post_type"": ""trade_share"", ""title"": ""삼성전자 3주 매수했습니다!"", ""like_count"": 0, ""unlike_count"": 0, ""score"": 0, ""author_badges"": []}, {""post_id"": 3322, ""anonymous_code"": ""돌고래-5159"", ""post_type"": ""trade_share"", ""title"": ""오늘 삼성전자 60주 매수했습니다!"", ""like_count"": 0, ""unlike_count"": 0, ""score"": 0, ""author_badges"": []}, {""post_id"": 3323, ""anonymous_code"": ""독수리-8072"", ""post_type"": ""trade_share"", ""title"": ""오늘 삼성전자 추가 매수했습니다!"", ""like_count"": 0, ""unlike_count"": 0, ""score"": 0, ""author_badges"": [""상위 수익자"", ""자산가""]}, {""post_id"": 3324, ""anonymous_code"": ""늑대-4264"", ""post_type"": ""trade_share"", ""title"": ""오늘 삼성전자 전량 매도했습니다."", ""like_count"": 6, ""unlike_count"": 0, ""score"": 6, ""author_badges"": []}, {""post_id"": 3325, ""anonymous_code"": ""여우-2283"", ""post_type"": ""trade_share"", ""title"": ""오늘 삼성전자 50주 매수했습니다!"", ""like_count"": 0, ""unlike_count"": 0, ""score"": 0, ""author_badges"": []}]"
chunk_009_2026-04-27_2026-05-04,2026-04-30,8,A013,1,5,19,"[3306, 3307, 3308, 3309, 3310, 3311, 3312, 3313, 3314, 3315, 3317, 3318, 3319, 3320, 3321, 3322, 3323, 3324, 3325]","[{""post_id"": 3306, ""anonymous_code"": ""곰-1801"", ""post_type"": ""trade_share"", ""title"": ""오늘 삼성전자 추가 매수했습니다!"", ""like_count"": 0, ""unlike_count"": 1, ""score"": -1, ""author_badges"": []}, {""post_id"": 3307, ""anonymous_code"": ""코끼리-6457"", ""post_type"": ""trade_share"", ""title"": ""오늘 삼성전자 100주 매수했습니다!"", ""like_count"": 0, ""unlike_count"": 1, ""score"": -1, ""author_badges"": [""상위 수익자"", ""자산가""]}, {""post_id"": 3308, ""anonymous_code"": ""호랑이-8886"", ""post_type"": ""trade_share"", ""title"": ""오늘 삼성전자 추가 매수했습니다!"", ""like_count"": 0, ""unlike_count"": 0, ""score"": 0, ""author_badges"": [""커뮤니티 인플루언서""]}, {""post_id"": 3309, ""anonymous_code"": ""황소-9750"", ""post_type"": ""trade_share"", ""title"": ""오늘 삼성전자 매수했습니다!"", ""like_count"": 0, ""unlike_count"": 0, ""score"": 0, ""author_badges"": []}, {""post_id"": 3310, ""anonymous_code"": ""늑대-8884"", ""post_type"": ""trade_share"", ""title"": ""오늘 삼성전자 추가 매수했습니다!"", ""like_count"": 2, ""unlike_count"": 3, ""score"": -1, ""author_badges"": [""커뮤니티 인플루언서""]}, {""post_id"": 3311, ""anonymous_code"": ""독수리-4082"", ""post_type"": ""trade_share"", ""title"": ""오늘 삼성전자 일부 매도했습니다."", ""like_count"": 7, ""unlike_count"": 0, ""score"": 7, ""author_badges"": [""상위 수익자"", ""자산가"", ""커뮤니티 인플루언서""]}, {""post_id"": 3312, ""anonymous_code"": ""여우-7933"", ""post_type"": ""trade_share"", ""title"": ""오늘 삼성전자 추가 매수했습니다!"", ""like_count"": 0, ""unlike_count"": 0, ""score"": 0, ""author_badges"": []}, {""post_id"": 3313, ""anonymous_code"": ""펭귄-3788"", ""post_type"": ""trade_share"", ""title"": ""오늘 삼성전자 매수했습니다!"", ""like_count"": 0, ""unlike_count"": 1, ""score"": -1, ""author_badges"": []}, {""post_id"": 3314, ""anonymous_code"": ""사자-8665"", ""post_type"": ""trade_share"", ""title"": ""삼성전자 추가 매수 완료!"", ""like_count"": 0, ""unlike_count"": 0, ""score"": 0, ""author_badges"": []}, {""post_id"": 3315, ""anonymous_code"": ""돌고래-5489"", ""post_type"": ""trade_share"", ""title"": ""오늘 삼성전자 추가 매수했습니다!"", ""like_count"": 0, ""unlike_count"": 0, ""score"": 0, ""author_badges"": []}, {""post_id"": 3317, ""anonymous_code"": ""곰-1911"", ""post_type"": ""trade_share"", ""title"": ""오늘 삼성전자 일부 매도했습니다."", ""like_count"": 2, ""unlike_count"": 0, ""score"": 2, ""author_badges"": [""커뮤니티 인플루언서""]}, {""post_id"": 3318, ""anonymous_code"": ""코끼리-2877"", ""post_type"": ""trade_share"", ""title"": ""[매수 소식] 삼성전자 50주 매수했습니다!"", ""like_count"": 0, ""unlike_count"": 1, ""score"": -1, ""author_badges"": []}, {""post_id"": 3319, ""anonymous_code"": ""사자-5055"", ""post_type"": ""trade_share"", ""title"": ""삼성전자 매수 소식 공유합니다!"", ""like_count"": 0, ""unlike_count"": 1, ""score"": -1, ""author_badges"": [""상위 수익자"", ""자산가""]}, {""post_id"": 3320, ""anonymous_code"": ""곰-9761"", ""post_type"": ""trade_share"", ""title"": ""오늘 삼성전자 추가 매수했습니다!"", ""like_count"": 0, ""unlike_count"": 0, ""score"": 0, ""author_badges"": []}, {""post_id"": 3321, ""anonymous_code"": ""황소-8760"", ""post_type"": ""trade_share"", ""title"": ""삼성전자 3주 매수했습니다!"", ""like_count"": 0, ""unlike_count"": 0, ""score"": 0, ""author_badges"": []}, {""post_id"": 3322, ""anonymous_code"": ""돌고래-5159"", ""post_type"": ""trade_share"", ""title"": ""오늘 삼성전자 60주 매수했습니다!"", ""like_count"": 0, ""unlike_count"": 0, ""score"": 0, ""author_badges"": []}, {""post_id"": 3323, ""anonymous_code"": ""독수리-8072"", ""post_type"": ""trade_share"", ""title"": ""오늘 삼성전자 추가 매수했습니다!"", ""like_count"": 0, ""unlike_count"": 0, ""score"": 0, ""author_badges"": [""상위 수익자"", ""자산가""]}, {""post_id"": 3324, ""anonymous_code"": ""늑대-4264"", ""post_type"": ""trade_share"", ""title"": ""오늘 삼성전자 전량 매도했습니다."", ""like_count"": 7, ""unlike_count"": 0, ""score"": 7, ""author_badges"": []}, {""post_id"": 3325, ""anonymous_code"": ""여우-2283"", ""post_type"": ""trade_share"", ""title"": ""오늘 삼성전자 50주 매수했습니다!"", ""like_count"": 0, ""unlike_count"": 0, ""score"": 0, ""author_badges"": []}]"
chunk_009_2026-04-27_2026-05-04,2026-04-30,8,A014,1,5,19,"[3306, 3307, 3308, 3309, 3310, 3311, 3312, 3313, 3314, 3315, 3316, 3317, 3319, 3320, 3321, 3322, 3323, 3324, 3325]","[{""post_id"": 3306, ""anonymous_code"": ""곰-1801"", ""post_type"": ""trade_share"", ""title"": ""오늘 삼성전자 추가 매수했습니다!"", ""like_count"": 0, ""unlike_count"": 1, ""score"": -1, ""author_badges"": []}, {""post_id"": 3307, ""anonymous_code"": ""코끼리-6457"", ""post_type"": ""trade_share"", ""title"": ""오늘 삼성전자 100주 매수했습니다!"", ""like_count"": 1, ""unlike_count"": 1, ""score"": 0, ""author_badges"": [""상위 수익자"", ""자산가""]}, {""post_id"": 3308, ""anonymous_code"": ""호랑이-8886"", ""post_type"": ""trade_share"", ""title"": ""오늘 삼성전자 추가 매수했습니다!"", ""like_count"": 0, ""unlike_count"": 0, ""score"": 0, ""author_badges"": [""커뮤니티 인플루언서""]}, {""post_id"": 3309, ""anonymous_code"": ""황소-9750"", ""post_type"": ""trade_share"", ""title"": ""오늘 삼성전자 매수했습니다!"", ""like_count"": 0, ""unlike_count"": 0, ""score"": 0, ""author_badges"": []}, {""post_id"": 3310, ""anonymous_code"": ""늑대-8884"", ""post_type"": ""trade_share"", ""title"": ""오늘 삼성전자 추가 매수했습니다!"", ""like_count"": 3, ""unlike_count"": 3, ""score"": 0, ""author_badges"": [""커뮤니티 인플루언서""]}, {""post_id"": 3311, ""anonymous_code"": ""독수리-4082"", ""post_type"": ""trade_share"", ""title"": ""오늘 삼성전자 일부 매도했습니다."", ""like_count"": 7, ""unlike_count"": 0, ""score"": 7, ""author_badges"": [""상위 수익자"", ""자산가"", ""커뮤니티 인플루언서""]}, {""post_id"": 3312, ""anonymous_code"": ""여우-7933"", ""post_type"": ""trade_share"", ""title"": ""오늘 삼성전자 추가 매수했습니다!"", ""like_count"": 0, ""unlike_count"": 0, ""score"": 0, ""author_badges"": []}, {""post_id"": 3313, ""anonymous_code"": ""펭귄-3788"", ""post_type"": ""trade_share"", ""title"": ""오늘 삼성전자 매수했습니다!"", ""like_count"": 0, ""unlike_count"": 1, ""score"": -1, ""author_badges"": []}, {""post_id"": 3314, ""anonymous_code"": ""사자-8665"", ""post_type"": ""trade_share"", ""title"": ""삼성전자 추가 매수 완료!"", ""like_count"": 0, ""unlike_count"": 0, ""score"": 0, ""author_badges"": []}, {""post_id"": 3315, ""anonymous_code"": ""돌고래-5489"", ""post_type"": ""trade_share"", ""title"": ""오늘 삼성전자 추가 매수했습니다!"", ""like_count"": 0, ""unlike_count"": 0, ""score"": 0, ""author_badges"": []}, {""post_id"": 3316, ""anonymous_code"": ""사자-5895"", ""post_type"": ""trade_share"", ""title"": ""[매수] 삼성전자 100주 매수했습니다!"", ""like_count"": 0, ""unlike_count"": 0, ""score"": 0, ""author_badges"": [""상위 수익자"", ""자산가""]}, {""post_id"": 3317, ""anonymous_code"": ""곰-1911"", ""post_type"": ""trade_share"", ""title"": ""오늘 삼성전자 일부 매도했습니다."", ""like_count"": 3, ""unlike_count"": 0, ""score"": 3, ""author_badges"": [""커뮤니티 인플루언서""]}, {""post_id"": 3319, ""anonymous_code"": ""사자-5055"", ""post_type"": ""trade_share"", ""title"": ""삼성전자 매수 소식 공유합니다!"", ""like_count"": 0, ""unlike_count"": 1, ""score"": -1, ""author_badges"": [""상위 수익자"", ""자산가""]}, {""post_id"": 3320, ""anonymous_code"": ""곰-9761"", ""post_type"": ""trade_share"", ""title"": ""오늘 삼성전자 추가 매수했습니다!"", ""like_count"": 0, ""unlike_count"": 0, ""score"": 0, ""author_badges"": []}, {""post_id"": 3321, ""anonymous_code"": ""황소-8760"", ""post_type"": ""trade_share"", ""title"": ""삼성전자 3주 매수했습니다!"", ""like_count"": 0, ""unlike_count"": 0, ""score"": 0, ""author_badges"": []}, {""post_id"": 3322, ""anonymous_code"": ""돌고래-5159"", ""post_type"": ""trade_share"", ""title"": ""오늘 삼성전자 60주 매수했습니다!"", ""like_count"": 0, ""unlike_count"": 0, ""score"": 0, ""author_badges"": []}, {""post_id"": 3323, ""anonymous_code"": ""독수리-8072"", ""post_type"": ""trade_share"", ""title"": ""오늘 삼성전자 추가 매수했습니다!"", ""like_count"": 0, ""unlike_count"": 0, ""score"": 0, ""author_badges"": [""상위 수익자"", ""자산가""]}, {""post_id"": 3324, ""anonymous_code"": ""늑대-4264"", ""post_type"": ""trade_share"", ""title"": ""오늘 삼성전자 전량 매도했습니다."", ""like_count"": 7, ""unlike_count"": 1, ""score"": 6, ""author_badges"": []}, {""post_id"": 3325, ""anonymous_code"": ""여우-2283"", ""post_type"": ""trade_share"", ""title"": ""오늘 삼성전자 50주 매수했습니다!"", ""like_count"": 0, ""unlike_count"": 0, ""score"": 0, ""author_badges"": []}]"
chunk_009_2026-04-27_2026-05-04,2026-04-30,8,A015,2,10,19,"[3306, 3307, 3308, 3309, 3310, 3311, 3312, 3313, 3314, 3315, 3316, 3317, 3318, 3320, 3321, 3322, 3323, 3324, 3325]","[{""post_id"": 3306, ""anonymous_code"": ""곰-1801"", ""post_type"": ""trade_share"", ""title"": ""오늘 삼성전자 추가 매수했습니다!"", ""like_count"": 0, ""unlike_count"": 2, ""score"": -2, ""author_badges"": []}, {""post_id"": 3307, ""anonymous_code"": ""코끼리-6457"", ""post_type"": ""trade_share"", ""title"": ""오늘 삼성전자 100주 매수했습니다!"", ""like_count"": 1, ""unlike_count"": 1, ""score"": 0, ""author_badges"": [""상위 수익자"", ""자산가""]}, {""post_id"": 3308, ""anonymous_code"": ""호랑이-8886"", ""post_type"": ""trade_share"", ""title"": ""오늘 삼성전자 추가 매수했습니다!"", ""like_count"": 0, ""unlike_count"": 0, ""score"": 0, ""author_badges"": [""커뮤니티 인플루언서""]}, {""post_id"": 3309, ""anonymous_code"": ""황소-9750"", ""post_type"": ""trade_share"", ""title"": ""오늘 삼성전자 매수했습니다!"", ""like_count"": 0, ""unlike_count"": 0, ""score"": 0, ""author_badges"": []}, {""post_id"": 3310, ""anonymous_code"": ""늑대-8884"", ""post_type"": ""trade_share"", ""title"": ""오늘 삼성전자 추가 매수했습니다!"", ""like_count"": 3, ""unlike_count"": 4, ""score"": -1, ""author_badges"": [""커뮤니티 인플루언서""]}, {""post_id"": 3311, ""anonymous_code"": ""독수리-4082"", ""post_type"": ""trade_share"", ""title"": ""오늘 삼성전자 일부 매도했습니다."", ""like_count"": 8, ""unlike_count"": 0, ""score"": 8, ""author_badges"": [""상위 수익자"", ""자산가"", ""커뮤니티 인플루언서""]}, {""post_id"": 3312, ""anonymous_code"": ""여우-7933"", ""post_type"": ""trade_share"", ""title"": ""오늘 삼성전자 추가 매수했습니다!"", ""like_count"": 0, ""unlike_count"": 0, ""score"": 0, ""author_badges"": []}, {""post_id"": 3313, ""anonymous_code"": ""펭귄-3788"", ""post_type"": ""trade_share"", ""title"": ""오늘 삼성전자 매수했습니다!"", ""like_count"": 0, ""unlike_count"": 1, ""score"": -1, ""author_badges"": []}, {""post_id"": 3314, ""anonymous_code"": ""사자-8665"", ""post_type"": ""trade_share"", ""title"": ""삼성전자 추가 매수 완료!"", ""like_count"": 0, ""unlike_count"": 0, ""score"": 0, ""author_badges"": []}, {""post_id"": 3315, ""anonymous_code"": ""돌고래-5489"", ""post_type"": ""trade_share"", ""title"": ""오늘 삼성전자 추가 매수했습니다!"", ""like_count"": 0, ""unlike_count"": 0, ""score"": 0, ""author_badges"": []}, {""post_id"": 3316, ""anonymous_code"": ""사자-5895"", ""post_type"": ""trade_share"", ""title"": ""[매수] 삼성전자 100주 매수했습니다!"", ""like_count"": 0, ""unlike_count"": 0, ""score"": 0, ""author_badges"": [""상위 수익자"", ""자산가""]}, {""post_id"": 3317, ""anonymous_code"": ""곰-1911"", ""post_type"": ""trade_share"", ""title"": ""오늘 삼성전자 일부 매도했습니다."", ""like_count"": 3, ""unlike_count"": 0, ""score"": 3, ""author_badges"": [""커뮤니티 인플루언서""]}, {""post_id"": 3318, ""anonymous_code"": ""코끼리-2877"", ""post_type"": ""trade_share"", ""title"": ""[매수 소식] 삼성전자 50주 매수했습니다!"", ""like_count"": 0, ""unlike_count"": 2, ""score"": -2, ""author_badges"": []}, {""post_id"": 3320, ""anonymous_code"": ""곰-9761"", ""post_type"": ""trade_share"", ""title"": ""오늘 삼성전자 추가 매수했습니다!"", ""like_count"": 0, ""unlike_count"": 0, ""score"": 0, ""author_badges"": []}, {""post_id"": 3321, ""anonymous_code"": ""황소-8760"", ""post_type"": ""trade_share"", ""title"": ""삼성전자 3주 매수했습니다!"", ""like_count"": 0, ""unlike_count"": 0, ""score"": 0, ""author_badges"": []}, {""post_id"": 3322, ""anonymous_code"": ""돌고래-5159"", ""post_type"": ""trade_share"", ""title"": ""오늘 삼성전자 60주 매수했습니다!"", ""like_count"": 0, ""unlike_count"": 0, ""score"": 0, ""author_badges"": []}, {""post_id"": 3323, ""anonymous_code"": ""독수리-8072"", ""post_type"": ""trade_share"", ""title"": ""오늘 삼성전자 추가 매수했습니다!"", ""like_count"": 0, ""unlike_count"": 0, ""score"": 0, ""author_badges"": [""상위 수익자"", ""자산가""]}, {""post_id"": 3324, ""anonymous_code"": ""늑대-4264"", ""post_type"": ""trade_share"", ""title"": ""오늘 삼성전자 전량 매도했습니다."", ""like_count"": 8, ""unlike_count"": 1, ""score"": 7, ""author_badges"": []}, {""post_id"": 3325, ""anonymous_code"": ""여우-2283"", ""post_type"": ""trade_share"", ""title"": ""오늘 삼성전자 50주 매수했습니다!"", ""like_count"": 0, ""unlike_count"": 0, ""score"": 0, ""author_badges"": []}]"
chunk_009_2026-04-27_2026-05-04,2026-04-30,8,A017,2,10,19,"[3306, 3307, 3308, 3309, 3310, 3311, 3312, 3313, 3314, 3315, 3316, 3318, 3319, 3320, 3321, 3322, 3323, 3324, 3325]","[{""post_id"": 3306, ""anonymous_code"": ""곰-1801"", ""post_type"": ""trade_share"", ""title"": ""오늘 삼성전자 추가 매수했습니다!"", ""like_count"": 0, ""unlike_count"": 2, ""score"": -2, ""author_badges"": []}, {""post_id"": 3307, ""anonymous_code"": ""코끼리-6457"", ""post_type"": ""trade_share"", ""title"": ""오늘 삼성전자 100주 매수했습니다!"", ""like_count"": 1, ""unlike_count"": 1, ""score"": 0, ""author_badges"": [""상위 수익자"", ""자산가""]}, {""post_id"": 3308, ""anonymous_code"": ""호랑이-8886"", ""post_type"": ""trade_share"", ""title"": ""오늘 삼성전자 추가 매수했습니다!"", ""like_count"": 0, ""unlike_count"": 0, ""score"": 0, ""author_badges"": [""커뮤니티 인플루언서""]}, {""post_id"": 3309, ""anonymous_code"": ""황소-9750"", ""post_type"": ""trade_share"", ""title"": ""오늘 삼성전자 매수했습니다!"", ""like_count"": 0, ""unlike_count"": 0, ""score"": 0, ""author_badges"": []}, {""post_id"": 3310, ""anonymous_code"": ""늑대-8884"", ""post_type"": ""trade_share"", ""title"": ""오늘 삼성전자 추가 매수했습니다!"", ""like_count"": 4, ""unlike_count"": 4, ""score"": 0, ""author_badges"": [""커뮤니티 인플루언서""]}, {""post_id"": 3311, ""anonymous_code"": ""독수리-4082"", ""post_type"": ""trade_share"", ""title"": ""오늘 삼성전자 일부 매도했습니다."", ""like_count"": 9, ""unlike_count"": 0, ""score"": 9, ""author_badges"": [""상위 수익자"", ""자산가"", ""커뮤니티 인플루언서""]}, {""post_id"": 3312, ""anonymous_code"": ""여우-7933"", ""post_type"": ""trade_share"", ""title"": ""오늘 삼성전자 추가 매수했습니다!"", ""like_count"": 0, ""unlike_count"": 0, ""score"": 0, ""author_badges"": []}, {""post_id"": 3313, ""anonymous_code"": ""펭귄-3788"", ""post_type"": ""trade_share"", ""title"": ""오늘 삼성전자 매수했습니다!"", ""like_count"": 0, ""unlike_count"": 1, ""score"": -1, ""author_badges"": []}, {""post_id"": 3314, ""anonymous_code"": ""사자-8665"", ""post_type"": ""trade_share"", ""title"": ""삼성전자 추가 매수 완료!"", ""like_count"": 0, ""unlike_count"": 0, ""score"": 0, ""author_badges"": []}, {""post_id"": 3315, ""anonymous_code"": ""돌고래-5489"", ""post_type"": ""trade_share"", ""title"": ""오늘 삼성전자 추가 매수했습니다!"", ""like_count"": 0, ""unlike_count"": 0, ""score"": 0, ""author_badges"": []}, {""post_id"": 3316, ""anonymous_code"": ""사자-5895"", ""post_type"": ""trade_share"", ""title"": ""[매수] 삼성전자 100주 매수했습니다!"", ""like_count"": 0, ""unlike_count"": 0, ""score"": 0, ""author_badges"": [""상위 수익자"", ""자산가""]}, {""post_id"": 3318, ""anonymous_code"": ""코끼리-2877"", ""post_type"": ""trade_share"", ""title"": ""[매수 소식] 삼성전자 50주 매수했습니다!"", ""like_count"": 0, ""unlike_count"": 2, ""score"": -2, ""author_badges"": []}, {""post_id"": 3319, ""anonymous_code"": ""사자-5055"", ""post_type"": ""trade_share"", ""title"": ""삼성전자 매수 소식 공유합니다!"", ""like_count"": 0, ""unlike_count"": 1, ""score"": -1, ""author_badges"": [""상위 수익자"", ""자산가""]}, {""post_id"": 3320, ""anonymous_code"": ""곰-9761"", ""post_type"": ""trade_share"", ""title"": ""오늘 삼성전자 추가 매수했습니다!"", ""like_count"": 0, ""unlike_count"": 0, ""score"": 0, ""author_badges"": []}, {""post_id"": 3321, ""anonymous_code"": ""황소-8760"", ""post_type"": ""trade_share"", ""title"": ""삼성전자 3주 매수했습니다!"", ""like_count"": 0, ""unlike_count"": 0, ""score"": 0, ""author_badges"": []}, {""post_id"": 3322, ""anonymous_code"": ""돌고래-5159"", ""post_type"": ""trade_share"", ""title"": ""오늘 삼성전자 60주 매수했습니다!"", ""like_count"": 0, ""unlike_count"": 0, ""score"": 0, ""author_badges"": []}, {""post_id"": 3323, ""anonymous_code"": ""독수리-8072"", ""post_type"": ""trade_share"", ""title"": ""오늘 삼성전자 추가 매수했습니다!"", ""like_count"": 0, ""unlike_count"": 0, ""score"": 0, ""author_badges"": [""상위 수익자"", ""자산가""]}, {""post_id"": 3324, ""anonymous_code"": ""늑대-4264"", ""post_type"": ""trade_share"", ""title"": ""오늘 삼성전자 전량 매도했습니다."", ""like_count"": 9, ""unlike_count"": 1, ""score"": 8, ""author_badges"": []}, {""post_id"": 3325, ""anonymous_code"": ""여우-2283"", ""post_type"": ""trade_share"", ""title"": ""오늘 삼성전자 50주 매수했습니다!"", ""like_count"": 0, ""unlike_count"": 0, ""score"": 0, ""author_badges"": []}]"
chunk_009_2026-04-27_2026-05-04,2026-04-30,8,A019,1,5,19,"[3306, 3307, 3308, 3309, 3310, 3311, 3312, 3313, 3314, 3315, 3316, 3317, 3318, 3319, 3321, 3322, 3323, 3324, 3325]","[{""post_id"": 3306, ""anonymous_code"": ""곰-1801"", ""post_type"": ""trade_share"", ""title"": ""오늘 삼성전자 추가 매수했습니다!"", ""like_count"": 0, ""unlike_count"": 3, ""score"": -3, ""author_badges"": []}, {""post_id"": 3307, ""anonymous_code"": ""코끼리-6457"", ""post_type"": ""trade_share"", ""title"": ""오늘 삼성전자 100주 매수했습니다!"", ""like_count"": 1, ""unlike_count"": 1, ""score"": 0, ""author_badges"": [""상위 수익자"", ""자산가""]}, {""post_id"": 3308, ""anonymous_code"": ""호랑이-8886"", ""post_type"": ""trade_share"", ""title"": ""오늘 삼성전자 추가 매수했습니다!"", ""like_count"": 0, ""unlike_count"": 0, ""score"": 0, ""author_badges"": [""커뮤니티 인플루언서""]}, {""post_id"": 3309, ""anonymous_code"": ""황소-9750"", ""post_type"": ""trade_share"", ""title"": ""오늘 삼성전자 매수했습니다!"", ""like_count"": 0, ""unlike_count"": 0, ""score"": 0, ""author_badges"": []}, {""post_id"": 3310, ""anonymous_code"": ""늑대-8884"", ""post_type"": ""trade_share"", ""title"": ""오늘 삼성전자 추가 매수했습니다!"", ""like_count"": 4, ""unlike_count"": 5, ""score"": -1, ""author_badges"": [""커뮤니티 인플루언서""]}, {""post_id"": 3311, ""anonymous_code"": ""독수리-4082"", ""post_type"": ""trade_share"", ""title"": ""오늘 삼성전자 일부 매도했습니다."", ""like_count"": 10, ""unlike_count"": 0, ""score"": 10, ""author_badges"": [""상위 수익자"", ""자산가"", ""커뮤니티 인플루언서""]}, {""post_id"": 3312, ""anonymous_code"": ""여우-7933"", ""post_type"": ""trade_share"", ""title"": ""오늘 삼성전자 추가 매수했습니다!"", ""like_count"": 0, ""unlike_count"": 0, ""score"": 0, ""author_badges"": []}, {""post_id"": 3313, ""anonymous_code"": ""펭귄-3788"", ""post_type"": ""trade_share"", ""title"": ""오늘 삼성전자 매수했습니다!"", ""like_count"": 0, ""unlike_count"": 1, ""score"": -1, ""author_badges"": []}, {""post_id"": 3314, ""anonymous_code"": ""사자-8665"", ""post_type"": ""trade_share"", ""title"": ""삼성전자 추가 매수 완료!"", ""like_count"": 0, ""unlike_count"": 0, ""score"": 0, ""author_badges"": []}, {""post_id"": 3315, ""anonymous_code"": ""돌고래-5489"", ""post_type"": ""trade_share"", ""title"": ""오늘 삼성전자 추가 매수했습니다!"", ""like_count"": 0, ""unlike_count"": 0, ""score"": 0, ""author_badges"": []}, {""post_id"": 3316, ""anonymous_code"": ""사자-5895"", ""post_type"": ""trade_share"", ""title"": ""[매수] 삼성전자 100주 매수했습니다!"", ""like_count"": 0, ""unlike_count"": 0, ""score"": 0, ""author_badges"": [""상위 수익자"", ""자산가""]}, {""post_id"": 3317, ""anonymous_code"": ""곰-1911"", ""post_type"": ""trade_share"", ""title"": ""오늘 삼성전자 일부 매도했습니다."", ""like_count"": 5, ""unlike_count"": 0, ""score"": 5, ""author_badges"": [""커뮤니티 인플루언서""]}, {""post_id"": 3318, ""anonymous_code"": ""코끼리-2877"", ""post_type"": ""trade_share"", ""title"": ""[매수 소식] 삼성전자 50주 매수했습니다!"", ""like_count"": 0, ""unlike_count"": 2, ""score"": -2, ""author_badges"": []}, {""post_id"": 3319, ""anonymous_code"": ""사자-5055"", ""post_type"": ""trade_share"", ""title"": ""삼성전자 매수 소식 공유합니다!"", ""like_count"": 0, ""unlike_count"": 1, ""score"": -1, ""author_badges"": [""상위 수익자"", ""자산가""]}, {""post_id"": 3321, ""anonymous_code"": ""황소-8760"", ""post_type"": ""trade_share"", ""title"": ""삼성전자 3주 매수했습니다!"", ""like_count"": 0, ""unlike_count"": 0, ""score"": 0, ""author_badges"": []}, {""post_id"": 3322, ""anonymous_code"": ""돌고래-5159"", ""post_type"": ""trade_share"", ""title"": ""오늘 삼성전자 60주 매수했습니다!"", ""like_count"": 0, ""unlike_count"": 0, ""score"": 0, ""author_badges"": []}, {""post_id"": 3323, ""anonymous_code"": ""독수리-8072"", ""post_type"": ""trade_share"", ""title"": ""오늘 삼성전자 추가 매수했습니다!"", ""like_count"": 0, ""unlike_count"": 0, ""score"": 0, ""author_badges"": [""상위 수익자"", ""자산가""]}, {""post_id"": 3324, ""anonymous_code"": ""늑대-4264"", ""post_type"": ""trade_share"", ""title"": ""오늘 삼성전자 전량 매도했습니다."", ""like_count"": 10, ""unlike_count"": 1, ""score"": 9, ""author_badges"": []}, {""post_id"": 3325, ""anonymous_code"": ""여우-2283"", ""post_type"": ""trade_share"", ""title"": ""오늘 삼성전자 50주 매수했습니다!"", ""like_count"": 0, ""unlike_count"": 0, ""score"": 0, ""author_badges"": []}]"
chunk_009_2026-04-27_2026-05-04,2026-04-30,8,A020,2,10,19,"[3306, 3307, 3308, 3309, 3310, 3311, 3312, 3313, 3314, 3315, 3316, 3317, 3318, 3319, 3320, 3322, 3323, 3324, 3325]","[{""post_id"": 3306, ""anonymous_code"": ""곰-1801"", ""post_type"": ""trade_share"", ""title"": ""오늘 삼성전자 추가 매수했습니다!"", ""like_count"": 0, ""unlike_count"": 4, ""score"": -4, ""author_badges"": []}, {""post_id"": 3307, ""anonymous_code"": ""코끼리-6457"", ""post_type"": ""trade_share"", ""title"": ""오늘 삼성전자 100주 매수했습니다!"", ""like_count"": 1, ""unlike_count"": 1, ""score"": 0, ""author_badges"": [""상위 수익자"", ""자산가""]}, {""post_id"": 3308, ""anonymous_code"": ""호랑이-8886"", ""post_type"": ""trade_share"", ""title"": ""오늘 삼성전자 추가 매수했습니다!"", ""like_count"": 0, ""unlike_count"": 0, ""score"": 0, ""author_badges"": [""커뮤니티 인플루언서""]}, {""post_id"": 3309, ""anonymous_code"": ""황소-9750"", ""post_type"": ""trade_share"", ""title"": ""오늘 삼성전자 매수했습니다!"", ""like_count"": 0, ""unlike_count"": 0, ""score"": 0, ""author_badges"": []}, {""post_id"": 3310, ""anonymous_code"": ""늑대-8884"", ""post_type"": ""trade_share"", ""title"": ""오늘 삼성전자 추가 매수했습니다!"", ""like_count"": 4, ""unlike_count"": 6, ""score"": -2, ""author_badges"": [""커뮤니티 인플루언서""]}, {""post_id"": 3311, ""anonymous_code"": ""독수리-4082"", ""post_type"": ""trade_share"", ""title"": ""오늘 삼성전자 일부 매도했습니다."", ""like_count"": 11, ""unlike_count"": 0, ""score"": 11, ""author_badges"": [""상위 수익자"", ""자산가"", ""커뮤니티 인플루언서""]}, {""post_id"": 3312, ""anonymous_code"": ""여우-7933"", ""post_type"": ""trade_share"", ""title"": ""오늘 삼성전자 추가 매수했습니다!"", ""like_count"": 0, ""unlike_count"": 0, ""score"": 0, ""author_badges"": []}, {""post_id"": 3313, ""anonymous_code"": ""펭귄-3788"", ""post_type"": ""trade_share"", ""title"": ""오늘 삼성전자 매수했습니다!"", ""like_count"": 0, ""unlike_count"": 1, ""score"": -1, ""author_badges"": []}, {""post_id"": 3314, ""anonymous_code"": ""사자-8665"", ""post_type"": ""trade_share"", ""title"": ""삼성전자 추가 매수 완료!"", ""like_count"": 0, ""unlike_count"": 0, ""score"": 0, ""author_badges"": []}, {""post_id"": 3315, ""anonymous_code"": ""돌고래-5489"", ""post_type"": ""trade_share"", ""title"": ""오늘 삼성전자 추가 매수했습니다!"", ""like_count"": 0, ""unlike_count"": 0, ""score"": 0, ""author_badges"": []}, {""post_id"": 3316, ""anonymous_code"": ""사자-5895"", ""post_type"": ""trade_share"", ""title"": ""[매수] 삼성전자 100주 매수했습니다!"", ""like_count"": 0, ""unlike_count"": 0, ""score"": 0, ""author_badges"": [""상위 수익자"", ""자산가""]}, {""post_id"": 3317, ""anonymous_code"": ""곰-1911"", ""post_type"": ""trade_share"", ""title"": ""오늘 삼성전자 일부 매도했습니다."", ""like_count"": 5, ""unlike_count"": 0, ""score"": 5, ""author_badges"": [""커뮤니티 인플루언서""]}, {""post_id"": 3318, ""anonymous_code"": ""코끼리-2877"", ""post_type"": ""trade_share"", ""title"": ""[매수 소식] 삼성전자 50주 매수했습니다!"", ""like_count"": 0, ""unlike_count"": 2, ""score"": -2, ""author_badges"": []}, {""post_id"": 3319, ""anonymous_code"": ""사자-5055"", ""post_type"": ""trade_share"", ""title"": ""삼성전자 매수 소식 공유합니다!"", ""like_count"": 0, ""unlike_count"": 2, ""score"": -2, ""author_badges"": [""상위 수익자"", ""자산가""]}, {""post_id"": 3320, ""anonymous_code"": ""곰-9761"", ""post_type"": ""trade_share"", ""title"": ""오늘 삼성전자 추가 매수했습니다!"", ""like_count"": 0, ""unlike_count"": 0, ""score"": 0, ""author_badges"": []}, {""post_id"": 3322, ""anonymous_code"": ""돌고래-5159"", ""post_type"": ""trade_share"", ""title"": ""오늘 삼성전자 60주 매수했습니다!"", ""like_count"": 0, ""unlike_count"": 0, ""score"": 0, ""author_badges"": []}, {""post_id"": 3323, ""anonymous_code"": ""독수리-8072"", ""post_type"": ""trade_share"", ""title"": ""오늘 삼성전자 추가 매수했습니다!"", ""like_count"": 0, ""unlike_count"": 0, ""score"": 0, ""author_badges"": [""상위 수익자"", ""자산가""]}, {""post_id"": 3324, ""anonymous_code"": ""늑대-4264"", ""post_type"": ""trade_share"", ""title"": ""오늘 삼성전자 전량 매도했습니다."", ""like_count"": 11, ""unlike_count"": 1, ""score"": 10, ""author_badges"": []}, {""post_id"": 3325, ""anonymous_code"": ""여우-2283"", ""post_type"": ""trade_share"", ""title"": ""오늘 삼성전자 50주 매수했습니다!"", ""like_count"": 0, ""unlike_count"": 0, ""score"": 0, ""author_badges"": []}]"
chunk_009_2026-04-27_2026-05-04,2026-04-30,8,A022,1,5,19,"[3306, 3307, 3308, 3309, 3310, 3311, 3312, 3313, 3314, 3315, 3316, 3317, 3318, 3319, 3320, 3321, 3323, 3324, 3325]","[{""post_id"": 3306, ""anonymous_code"": ""곰-1801"", ""post_type"": ""trade_share"", ""title"": ""오늘 삼성전자 추가 매수했습니다!"", ""like_count"": 0, ""unlike_count"": 4, ""score"": -4, ""author_badges"": []}, {""post_id"": 3307, ""anonymous_code"": ""코끼리-6457"", ""post_type"": ""trade_share"", ""title"": ""오늘 삼성전자 100주 매수했습니다!"", ""like_count"": 1, ""unlike_count"": 1, ""score"": 0, ""author_badges"": [""상위 수익자"", ""자산가""]}, {""post_id"": 3308, ""anonymous_code"": ""호랑이-8886"", ""post_type"": ""trade_share"", ""title"": ""오늘 삼성전자 추가 매수했습니다!"", ""like_count"": 0, ""unlike_count"": 0, ""score"": 0, ""author_badges"": [""커뮤니티 인플루언서""]}, {""post_id"": 3309, ""anonymous_code"": ""황소-9750"", ""post_type"": ""trade_share"", ""title"": ""오늘 삼성전자 매수했습니다!"", ""like_count"": 0, ""unlike_count"": 0, ""score"": 0, ""author_badges"": []}, {""post_id"": 3310, ""anonymous_code"": ""늑대-8884"", ""post_type"": ""trade_share"", ""title"": ""오늘 삼성전자 추가 매수했습니다!"", ""like_count"": 5, ""unlike_count"": 6, ""score"": -1, ""author_badges"": [""커뮤니티 인플루언서""]}, {""post_id"": 3311, ""anonymous_code"": ""독수리-4082"", ""post_type"": ""trade_share"", ""title"": ""오늘 삼성전자 일부 매도했습니다."", ""like_count"": 12, ""unlike_count"": 0, ""score"": 12, ""author_badges"": [""상위 수익자"", ""자산가"", ""커뮤니티 인플루언서""]}, {""post_id"": 3312, ""anonymous_code"": ""여우-7933"", ""post_type"": ""trade_share"", ""title"": ""오늘 삼성전자 추가 매수했습니다!"", ""like_count"": 0, ""unlike_count"": 0, ""score"": 0, ""author_badges"": []}, {""post_id"": 3313, ""anonymous_code"": ""펭귄-3788"", ""post_type"": ""trade_share"", ""title"": ""오늘 삼성전자 매수했습니다!"", ""like_count"": 0, ""unlike_count"": 1, ""score"": -1, ""author_badges"": []}, {""post_id"": 3314, ""anonymous_code"": ""사자-8665"", ""post_type"": ""trade_share"", ""title"": ""삼성전자 추가 매수 완료!"", ""like_count"": 0, ""unlike_count"": 0, ""score"": 0, ""author_badges"": []}, {""post_id"": 3315, ""anonymous_code"": ""돌고래-5489"", ""post_type"": ""trade_share"", ""title"": ""오늘 삼성전자 추가 매수했습니다!"", ""like_count"": 0, ""unlike_count"": 0, ""score"": 0, ""author_badges"": []}, {""post_id"": 3316, ""anonymous_code"": ""사자-5895"", ""post_type"": ""trade_share"", ""title"": ""[매수] 삼성전자 100주 매수했습니다!"", ""like_count"": 0, ""unlike_count"": 0, ""score"": 0, ""author_badges"": [""상위 수익자"", ""자산가""]}, {""post_id"": 3317, ""anonymous_code"": ""곰-1911"", ""post_type"": ""trade_share"", ""title"": ""오늘 삼성전자 일부 매도했습니다."", ""like_count"": 5, ""unlike_count"": 0, ""score"": 5, ""author_badges"": [""커뮤니티 인플루언서""]}, {""post_id"": 3318, ""anonymous_code"": ""코끼리-2877"", ""post_type"": ""trade_share"", ""title"": ""[매수 소식] 삼성전자 50주 매수했습니다!"", ""like_count"": 0, ""unlike_count"": 2, ""score"": -2, ""author_badges"": []}, {""post_id"": 3319, ""anonymous_code"": ""사자-5055"", ""post_type"": ""trade_share"", ""title"": ""삼성전자 매수 소식 공유합니다!"", ""like_count"": 0, ""unlike_count"": 2, ""score"": -2, ""author_badges"": [""상위 수익자"", ""자산가""]}, {""post_id"": 3320, ""anonymous_code"": ""곰-9761"", ""post_type"": ""trade_share"", ""title"": ""오늘 삼성전자 추가 매수했습니다!"", ""like_count"": 0, ""unlike_count"": 0, ""score"": 0, ""author_badges"": []}, {""post_id"": 3321, ""anonymous_code"": ""황소-8760"", ""post_type"": ""trade_share"", ""title"": ""삼성전자 3주 매수했습니다!"", ""like_count"": 0, ""unlike_count"": 0, ""score"": 0, ""author_badges"": []}, {""post_id"": 3323, ""anonymous_code"": ""독수리-8072"", ""post_type"": ""trade_share"", ""title"": ""오늘 삼성전자 추가 매수했습니다!"", ""like_count"": 0, ""unlike_count"": 0, ""score"": 0, ""author_badges"": [""상위 수익자"", ""자산가""]}, {""post_id"": 3324, ""anonymous_code"": ""늑대-4264"", ""post_type"": ""trade_share"", ""title"": ""오늘 삼성전자 전량 매도했습니다."", ""like_count"": 11, ""unlike_count"": 2, ""score"": 9, ""author_badges"": []}, {""post_id"": 3325, ""anonymous_code"": ""여우-2283"", ""post_type"": ""trade_share"", ""title"": ""오늘 삼성전자 50주 매수했습니다!"", ""like_count"": 0, ""unlike_count"": 0, ""score"": 0, ""author_badges"": []}]"
chunk_009_2026-04-27_2026-05-04,2026-04-30,8,A025,1,5,19,"[3306, 3307, 3308, 3309, 3310, 3311, 3312, 3313, 3314, 3315, 3316, 3317, 3318, 3319, 3320, 3321, 3322, 3324, 3325]","[{""post_id"": 3306, ""anonymous_code"": ""곰-1801"", ""post_type"": ""trade_share"", ""title"": ""오늘 삼성전자 추가 매수했습니다!"", ""like_count"": 0, ""unlike_count"": 5, ""score"": -5, ""author_badges"": []}, {""post_id"": 3307, ""anonymous_code"": ""코끼리-6457"", ""post_type"": ""trade_share"", ""title"": ""오늘 삼성전자 100주 매수했습니다!"", ""like_count"": 1, ""unlike_count"": 1, ""score"": 0, ""author_badges"": [""상위 수익자"", ""자산가""]}, {""post_id"": 3308, ""anonymous_code"": ""호랑이-8886"", ""post_type"": ""trade_share"", ""title"": ""오늘 삼성전자 추가 매수했습니다!"", ""like_count"": 0, ""unlike_count"": 0, ""score"": 0, ""author_badges"": [""커뮤니티 인플루언서""]}, {""post_id"": 3309, ""anonymous_code"": ""황소-9750"", ""post_type"": ""trade_share"", ""title"": ""오늘 삼성전자 매수했습니다!"", ""like_count"": 0, ""unlike_count"": 0, ""score"": 0, ""author_badges"": []}, {""post_id"": 3310, ""anonymous_code"": ""늑대-8884"", ""post_type"": ""trade_share"", ""title"": ""오늘 삼성전자 추가 매수했습니다!"", ""like_count"": 5, ""unlike_count"": 7, ""score"": -2, ""author_badges"": [""커뮤니티 인플루언서""]}, {""post_id"": 3311, ""anonymous_code"": ""독수리-4082"", ""post_type"": ""trade_share"", ""title"": ""오늘 삼성전자 일부 매도했습니다."", ""like_count"": 13, ""unlike_count"": 0, ""score"": 13, ""author_badges"": [""상위 수익자"", ""자산가"", ""커뮤니티 인플루언서""]}, {""post_id"": 3312, ""anonymous_code"": ""여우-7933"", ""post_type"": ""trade_share"", ""title"": ""오늘 삼성전자 추가 매수했습니다!"", ""like_count"": 0, ""unlike_count"": 0, ""score"": 0, ""author_badges"": []}, {""post_id"": 3313, ""anonymous_code"": ""펭귄-3788"", ""post_type"": ""trade_share"", ""title"": ""오늘 삼성전자 매수했습니다!"", ""like_count"": 0, ""unlike_count"": 1, ""score"": -1, ""author_badges"": []}, {""post_id"": 3314, ""anonymous_code"": ""사자-8665"", ""post_type"": ""trade_share"", ""title"": ""삼성전자 추가 매수 완료!"", ""like_count"": 0, ""unlike_count"": 1, ""score"": -1, ""author_badges"": []}, {""post_id"": 3315, ""anonymous_code"": ""돌고래-5489"", ""post_type"": ""trade_share"", ""title"": ""오늘 삼성전자 추가 매수했습니다!"", ""like_count"": 0, ""unlike_count"": 0, ""score"": 0, ""author_badges"": []}, {""post_id"": 3316, ""anonymous_code"": ""사자-5895"", ""post_type"": ""trade_share"", ""title"": ""[매수] 삼성전자 100주 매수했습니다!"", ""like_count"": 0, ""unlike_count"": 0, ""score"": 0, ""author_badges"": [""상위 수익자"", ""자산가""]}, {""post_id"": 3317, ""anonymous_code"": ""곰-1911"", ""post_type"": ""trade_share"", ""title"": ""오늘 삼성전자 일부 매도했습니다."", ""like_count"": 5, ""unlike_count"": 0, ""score"": 5, ""author_badges"": [""커뮤니티 인플루언서""]}, {""post_id"": 3318, ""anonymous_code"": ""코끼리-2877"", ""post_type"": ""trade_share"", ""title"": ""[매수 소식] 삼성전자 50주 매수했습니다!"", ""like_count"": 0, ""unlike_count"": 2, ""score"": -2, ""author_badges"": []}, {""post_id"": 3319, ""anonymous_code"": ""사자-5055"", ""post_type"": ""trade_share"", ""title"": ""삼성전자 매수 소식 공유합니다!"", ""like_count"": 0, ""unlike_count"": 2, ""score"": -2, ""author_badges"": [""상위 수익자"", ""자산가""]}, {""post_id"": 3320, ""anonymous_code"": ""곰-9761"", ""post_type"": ""trade_share"", ""title"": ""오늘 삼성전자 추가 매수했습니다!"", ""like_count"": 0, ""unlike_count"": 0, ""score"": 0, ""author_badges"": []}, {""post_id"": 3321, ""anonymous_code"": ""황소-8760"", ""post_type"": ""trade_share"", ""title"": ""삼성전자 3주 매수했습니다!"", ""like_count"": 0, ""unlike_count"": 0, ""score"": 0, ""author_badges"": []}, {""post_id"": 3322, ""anonymous_code"": ""돌고래-5159"", ""post_type"": ""trade_share"", ""title"": ""오늘 삼성전자 60주 매수했습니다!"", ""like_count"": 0, ""unlike_count"": 0, ""score"": 0, ""author_badges"": []}, {""post_id"": 3324, ""anonymous_code"": ""늑대-4264"", ""post_type"": ""trade_share"", ""title"": ""오늘 삼성전자 전량 매도했습니다."", ""like_count"": 12, ""unlike_count"": 2, ""score"": 10, ""author_badges"": []}, {""post_id"": 3325, ""anonymous_code"": ""여우-2283"", ""post_type"": ""trade_share"", ""title"": ""오늘 삼성전자 50주 매수했습니다!"", ""like_count"": 0, ""unlike_count"": 0, ""score"": 0, ""author_badges"": []}]"
chunk_009_2026-04-27_2026-05-04,2026-04-30,8,A026,1,5,19,"[3306, 3307, 3308, 3309, 3310, 3311, 3312, 3313, 3314, 3315, 3316, 3317, 3318, 3319, 3320, 3321, 3322, 3323, 3324]","[{""post_id"": 3306, ""anonymous_code"": ""곰-1801"", ""post_type"": ""trade_share"", ""title"": ""오늘 삼성전자 추가 매수했습니다!"", ""like_count"": 1, ""unlike_count"": 5, ""score"": -4, ""author_badges"": []}, {""post_id"": 3307, ""anonymous_code"": ""코끼리-6457"", ""post_type"": ""trade_share"", ""title"": ""오늘 삼성전자 100주 매수했습니다!"", ""like_count"": 2, ""unlike_count"": 1, ""score"": 1, ""author_badges"": [""상위 수익자"", ""자산가""]}, {""post_id"": 3308, ""anonymous_code"": ""호랑이-8886"", ""post_type"": ""trade_share"", ""title"": ""오늘 삼성전자 추가 매수했습니다!"", ""like_count"": 1, ""unlike_count"": 0, ""score"": 1, ""author_badges"": [""커뮤니티 인플루언서""]}, {""post_id"": 3309, ""anonymous_code"": ""황소-9750"", ""post_type"": ""trade_share"", ""title"": ""오늘 삼성전자 매수했습니다!"", ""like_count"": 0, ""unlike_count"": 0, ""score"": 0, ""author_badges"": []}, {""post_id"": 3310, ""anonymous_code"": ""늑대-8884"", ""post_type"": ""trade_share"", ""title"": ""오늘 삼성전자 추가 매수했습니다!"", ""like_count"": 6, ""unlike_count"": 7, ""score"": -1, ""author_badges"": [""커뮤니티 인플루언서""]}, {""post_id"": 3311, ""anonymous_code"": ""독수리-4082"", ""post_type"": ""trade_share"", ""title"": ""오늘 삼성전자 일부 매도했습니다."", ""like_count"": 14, ""unlike_count"": 0, ""score"": 14, ""author_badges"": [""상위 수익자"", ""자산가"", ""커뮤니티 인플루언서""]}, {""post_id"": 3312, ""anonymous_code"": ""여우-7933"", ""post_type"": ""trade_share"", ""title"": ""오늘 삼성전자 추가 매수했습니다!"", ""like_count"": 0, ""unlike_count"": 1, ""score"": -1, ""author_badges"": []}, {""post_id"": 3313, ""anonymous_code"": ""펭귄-3788"", ""post_type"": ""trade_share"", ""title"": ""오늘 삼성전자 매수했습니다!"", ""like_count"": 1, ""unlike_count"": 1, ""score"": 0, ""author_badges"": []}, {""post_id"": 3314, ""anonymous_code"": ""사자-8665"", ""post_type"": ""trade_share"", ""title"": ""삼성전자 추가 매수 완료!"", ""like_count"": 0, ""unlike_count"": 1, ""score"": -1, ""author_badges"": []}, {""post_id"": 3315, ""anonymous_code"": ""돌고래-5489"", ""post_type"": ""trade_share"", ""title"": ""오늘 삼성전자 추가 매수했습니다!"", ""like_count"": 0, ""unlike_count"": 0, ""score"": 0, ""author_badges"": []}, {""post_id"": 3316, ""anonymous_code"": ""사자-5895"", ""post_type"": ""trade_share"", ""title"": ""[매수] 삼성전자 100주 매수했습니다!"", ""like_count"": 0, ""unlike_count"": 0, ""score"": 0, ""author_badges"": [""상위 수익자"", ""자산가""]}, {""post_id"": 3317, ""anonymous_code"": ""곰-1911"", ""post_type"": ""trade_share"", ""title"": ""오늘 삼성전자 일부 매도했습니다."", ""like_count"": 5, ""unlike_count"": 0, ""score"": 5, ""author_badges"": [""커뮤니티 인플루언서""]}, {""post_id"": 3318, ""anonymous_code"": ""코끼리-2877"", ""post_type"": ""trade_share"", ""title"": ""[매수 소식] 삼성전자 50주 매수했습니다!"", ""like_count"": 1, ""unlike_count"": 2, ""score"": -1, ""author_badges"": []}, {""post_id"": 3319, ""anonymous_code"": ""사자-5055"", ""post_type"": ""trade_share"", ""title"": ""삼성전자 매수 소식 공유합니다!"", ""like_count"": 1, ""unlike_count"": 2, ""score"": -1, ""author_badges"": [""상위 수익자"", ""자산가""]}, {""post_id"": 3320, ""anonymous_code"": ""곰-9761"", ""post_type"": ""trade_share"", ""title"": ""오늘 삼성전자 추가 매수했습니다!"", ""like_count"": 0, ""unlike_count"": 0, ""score"": 0, ""author_badges"": []}, {""post_id"": 3321, ""anonymous_code"": ""황소-8760"", ""post_type"": ""trade_share"", ""title"": ""삼성전자 3주 매수했습니다!"", ""like_count"": 0, ""unlike_count"": 0, ""score"": 0, ""author_badges"": []}, {""post_id"": 3322, ""anonymous_code"": ""돌고래-5159"", ""post_type"": ""trade_share"", ""title"": ""오늘 삼성전자 60주 매수했습니다!"", ""like_count"": 0, ""unlike_count"": 0, ""score"": 0, ""author_badges"": []}, {""post_id"": 3323, ""anonymous_code"": ""독수리-8072"", ""post_type"": ""trade_share"", ""title"": ""오늘 삼성전자 추가 매수했습니다!"", ""like_count"": 0, ""unlike_count"": 0, ""score"": 0, ""author_badges"": [""상위 수익자"", ""자산가""]}, {""post_id"": 3324, ""anonymous_code"": ""늑대-4264"", ""post_type"": ""trade_share"", ""title"": ""오늘 삼성전자 전량 매도했습니다."", ""like_count"": 12, ""unlike_count"": 3, ""score"": 9, ""author_badges"": []}]"
chunk_009_2026-04-27_2026-05-04,2026-04-30,8,A027,1,5,19,"[3306, 3307, 3308, 3309, 3310, 3311, 3312, 3313, 3314, 3315, 3316, 3317, 3318, 3319, 3320, 3321, 3322, 3323, 3325]","[{""post_id"": 3306, ""anonymous_code"": ""곰-1801"", ""post_type"": ""trade_share"", ""title"": ""오늘 삼성전자 추가 매수했습니다!"", ""like_count"": 1, ""unlike_count"": 6, ""score"": -5, ""author_badges"": []}, {""post_id"": 3307, ""anonymous_code"": ""코끼리-6457"", ""post_type"": ""trade_share"", ""title"": ""오늘 삼성전자 100주 매수했습니다!"", ""like_count"": 2, ""unlike_count"": 1, ""score"": 1, ""author_badges"": [""상위 수익자"", ""자산가""]}, {""post_id"": 3308, ""anonymous_code"": ""호랑이-8886"", ""post_type"": ""trade_share"", ""title"": ""오늘 삼성전자 추가 매수했습니다!"", ""like_count"": 1, ""unlike_count"": 0, ""score"": 1, ""author_badges"": [""커뮤니티 인플루언서""]}, {""post_id"": 3309, ""anonymous_code"": ""황소-9750"", ""post_type"": ""trade_share"", ""title"": ""오늘 삼성전자 매수했습니다!"", ""like_count"": 0, ""unlike_count"": 0, ""score"": 0, ""author_badges"": []}, {""post_id"": 3310, ""anonymous_code"": ""늑대-8884"", ""post_type"": ""trade_share"", ""title"": ""오늘 삼성전자 추가 매수했습니다!"", ""like_count"": 6, ""unlike_count"": 8, ""score"": -2, ""author_badges"": [""커뮤니티 인플루언서""]}, {""post_id"": 3311, ""anonymous_code"": ""독수리-4082"", ""post_type"": ""trade_share"", ""title"": ""오늘 삼성전자 일부 매도했습니다."", ""like_count"": 15, ""unlike_count"": 0, ""score"": 15, ""author_badges"": [""상위 수익자"", ""자산가"", ""커뮤니티 인플루언서""]}, {""post_id"": 3312, ""anonymous_code"": ""여우-7933"", ""post_type"": ""trade_share"", ""title"": ""오늘 삼성전자 추가 매수했습니다!"", ""like_count"": 0, ""unlike_count"": 1, ""score"": -1, ""author_badges"": []}, {""post_id"": 3313, ""anonymous_code"": ""펭귄-3788"", ""post_type"": ""trade_share"", ""title"": ""오늘 삼성전자 매수했습니다!"", ""like_count"": 1, ""unlike_count"": 1, ""score"": 0, ""author_badges"": []}, {""post_id"": 3314, ""anonymous_code"": ""사자-8665"", ""post_type"": ""trade_share"", ""title"": ""삼성전자 추가 매수 완료!"", ""like_count"": 0, ""unlike_count"": 1, ""score"": -1, ""author_badges"": []}, {""post_id"": 3315, ""anonymous_code"": ""돌고래-5489"", ""post_type"": ""trade_share"", ""title"": ""오늘 삼성전자 추가 매수했습니다!"", ""like_count"": 0, ""unlike_count"": 0, ""score"": 0, ""author_badges"": []}, {""post_id"": 3316, ""anonymous_code"": ""사자-5895"", ""post_type"": ""trade_share"", ""title"": ""[매수] 삼성전자 100주 매수했습니다!"", ""like_count"": 0, ""unlike_count"": 0, ""score"": 0, ""author_badges"": [""상위 수익자"", ""자산가""]}, {""post_id"": 3317, ""anonymous_code"": ""곰-1911"", ""post_type"": ""trade_share"", ""title"": ""오늘 삼성전자 일부 매도했습니다."", ""like_count"": 6, ""unlike_count"": 0, ""score"": 6, ""author_badges"": [""커뮤니티 인플루언서""]}, {""post_id"": 3318, ""anonymous_code"": ""코끼리-2877"", ""post_type"": ""trade_share"", ""title"": ""[매수 소식] 삼성전자 50주 매수했습니다!"", ""like_count"": 1, ""unlike_count"": 2, ""score"": -1, ""author_badges"": []}, {""post_id"": 3319, ""anonymous_code"": ""사자-5055"", ""post_type"": ""trade_share"", ""title"": ""삼성전자 매수 소식 공유합니다!"", ""like_count"": 1, ""unlike_count"": 2, ""score"": -1, ""author_badges"": [""상위 수익자"", ""자산가""]}, {""post_id"": 3320, ""anonymous_code"": ""곰-9761"", ""post_type"": ""trade_share"", ""title"": ""오늘 삼성전자 추가 매수했습니다!"", ""like_count"": 0, ""unlike_count"": 0, ""score"": 0, ""author_badges"": []}, {""post_id"": 3321, ""anonymous_code"": ""황소-8760"", ""post_type"": ""trade_share"", ""title"": ""삼성전자 3주 매수했습니다!"", ""like_count"": 0, ""unlike_count"": 0, ""score"": 0, ""author_badges"": []}, {""post_id"": 3322, ""anonymous_code"": ""돌고래-5159"", ""post_type"": ""trade_share"", ""title"": ""오늘 삼성전자 60주 매수했습니다!"", ""like_count"": 0, ""unlike_count"": 0, ""score"": 0, ""author_badges"": []}, {""post_id"": 3323, ""anonymous_code"": ""독수리-8072"", ""post_type"": ""trade_share"", ""title"": ""오늘 삼성전자 추가 매수했습니다!"", ""like_count"": 0, ""unlike_count"": 0, ""score"": 0, ""author_badges"": [""상위 수익자"", ""자산가""]}, {""post_id"": 3325, ""anonymous_code"": ""여우-2283"", ""post_type"": ""trade_share"", ""title"": ""오늘 삼성전자 50주 매수했습니다!"", ""like_count"": 0, ""unlike_count"": 0, ""score"": 0, ""author_badges"": []}]"
chunk_009_2026-04-27_2026-05-04,2026-05-04,10,A001,1,5,19,"[3326, 3328, 3329, 3330, 3331, 3332, 3333, 3334, 3335, 3336, 3337, 3338, 3339, 3340, 3341, 3342, 3343, 3344, 3345]","[{""post_id"": 3326, ""anonymous_code"": ""곰-1801"", ""post_type"": ""trade_share"", ""title"": ""오늘 삼성전자 1주 매수했습니다!"", ""like_count"": 0, ""unlike_count"": 0, ""score"": 0, ""author_badges"": [""상위 수익자"", ""자산가""]}, {""post_id"": 3328, ""anonymous_code"": ""코끼리-6457"", ""post_type"": ""analysis"", ""title"": ""삼성전자 기술적 강세와 금리 우려의 이중성"", ""like_count"": 0, ""unlike_count"": 0, ""score"": 0, ""author_badges"": []}, {""post_id"": 3329, ""anonymous_code"": ""황소-9750"", ""post_type"": ""analysis"", ""title"": ""[시장 전망] 반도체 업황과 금리 인상 우려 속에서의 투자 전략"", ""like_count"": 0, ""unlike_count"": 0, ""score"": 0, ""author_badges"": [""상위 수익자"", ""자산가""]}, {""post_id"": 3330, ""anonymous_code"": ""늑대-8884"", ""post_type"": ""trade_share"", ""title"": ""[매도] 삼성전자 일부 매도했습니다."", ""like_count"": 0, ""unlike_count"": 0, ""score"": 0, ""author_badges"": [""커뮤니티 인플루언서""]}, {""post_id"": 3331, ""anonymous_code"": ""펭귄-3788"", ""post_type"": ""trade_share"", ""title"": ""오늘 삼성전자 5주 매수했습니다!"", ""like_count"": 0, ""unlike_count"": 0, ""score"": 0, ""author_badges"": []}, {""post_id"": 3332, ""anonymous_code"": ""여우-7933"", ""post_type"": ""trade_share"", ""title"": ""오늘 삼성전자 추가 매수했습니다!"", ""like_count"": 0, ""unlike_count"": 0, ""score"": 0, ""author_badges"": []}, {""post_id"": 3333, ""anonymous_code"": ""독수리-4082"", ""post_type"": ""trade_share"", ""title"": ""오늘 삼성전자 일부 매도했습니다."", ""like_count"": 0, ""unlike_count"": 0, ""score"": 0, ""author_badges"": [""커뮤니티 인플루언서""]}, {""post_id"": 3334, ""anonymous_code"": ""돌고래-5489"", ""post_type"": ""analysis"", ""title"": ""삼성전자, 상승 추세는 유지 중 - 저평가 구간에서 적정선 상단으로 이동"", ""like_count"": 0, ""unlike_count"": 0, ""score"": 0, ""author_badges"": []}, {""post_id"": 3335, ""anonymous_code"": ""사자-8665"", ""post_type"": ""trade_share"", ""title"": ""오늘 삼성전자 매도했습니다!"", ""like_count"": 0, ""unlike_count"": 0, ""score"": 0, ""author_badges"": []}, {""post_id"": 3336, ""anonymous_code"": ""사자-5895"", ""post_type"": ""trade_share"", ""title"": ""오늘 삼성전자 일부 매도했습니다."", ""like_count"": 0, ""unlike_count"": 0, ""score"": 0, ""author_badges"": [""상위 수익자"", ""자산가""]}, {""post_id"": 3337, ""anonymous_code"": ""코끼리-2877"", ""post_type"": ""trade_share"", ""title"": ""오늘 삼성전자 일부 매도했습니다."", ""like_count"": 0, ""unlike_count"": 0, ""score"": 0, ""author_badges"": []}, {""post_id"": 3338, ""anonymous_code"": ""곰-1911"", ""post_type"": ""trade_share"", ""title"": ""오늘 삼성전자 매수했습니다!"", ""like_count"": 0, ""unlike_count"": 0, ""score"": 0, ""author_badges"": [""커뮤니티 인플루언서""]}, {""post_id"": 3339, ""anonymous_code"": ""사자-5055"", ""post_type"": ""trade_share"", ""title"": ""오늘 삼성전자 매도 거래 공유합니다!"", ""like_count"": 0, ""unlike_count"": 0, ""score"": 0, ""author_badges"": [""상위 수익자"", ""자산가""]}, {""post_id"": 3340, ""anonymous_code"": ""곰-9761"", ""post_type"": ""trade_share"", ""title"": ""오늘 소폭 수익 실현했습니다!"", ""like_count"": 0, ""unlike_count"": 0, ""score"": 0, ""author_badges"": []}, {""post_id"": 3341, ""anonymous_code"": ""황소-8760"", ""post_type"": ""trade_share"", ""title"": ""오늘 삼성전자 1주 매도했습니다"", ""like_count"": 0, ""unlike_count"": 0, ""score"": 0, ""author_badges"": []}, {""post_id"": 3342, ""anonymous_code"": ""여우-2283"", ""post_type"": ""trade_share"", ""title"": ""오늘 삼성전자 매수했습니다!"", ""like_count"": 0, ""unlike_count"": 0, ""score"": 0, ""author_badges"": []}, {""post_id"": 3343, ""anonymous_code"": ""독수리-8072"", ""post_type"": ""trade_share"", ""title"": ""오늘 삼성전자 일부 매도했습니다!"", ""like_count"": 0, ""unlike_count"": 0, ""score"": 0, ""author_badges"": []}, {""post_id"": 3344, ""anonymous_code"": ""돌고래-5159"", ""post_type"": ""trade_share"", ""title"": ""오늘 삼성전자 일부 매도했습니다."", ""like_count"": 0, ""unlike_count"": 0, ""score"": 0, ""author_badges"": []}, {""post_id"": 3345, ""anonymous_code"": ""늑대-4264"", ""post_type"": ""trade_share"", ""title"": ""오늘 삼성전자 추가 매수했습니다!"", ""like_count"": 0, ""unlike_count"": 0, ""score"": 0, ""author_badges"": []}]"
chunk_009_2026-04-27_2026-05-04,2026-05-04,10,A003,1,5,19,"[3327, 3328, 3329, 3330, 3331, 3332, 3333, 3334, 3335, 3336, 3337, 3338, 3339, 3340, 3341, 3342, 3343, 3344, 3345]","[{""post_id"": 3327, ""anonymous_code"": ""호랑이-8886"", ""post_type"": ""trade_share"", ""title"": ""오늘 삼성전자 80주 매수했습니다!"", ""like_count"": 0, ""unlike_count"": 0, ""score"": 0, ""author_badges"": [""커뮤니티 인플루언서""]}, {""post_id"": 3328, ""anonymous_code"": ""코끼리-6457"", ""post_type"": ""analysis"", ""title"": ""삼성전자 기술적 강세와 금리 우려의 이중성"", ""like_count"": 0, ""unlike_count"": 0, ""score"": 0, ""author_badges"": []}, {""post_id"": 3329, ""anonymous_code"": ""황소-9750"", ""post_type"": ""analysis"", ""title"": ""[시장 전망] 반도체 업황과 금리 인상 우려 속에서의 투자 전략"", ""like_count"": 0, ""unlike_count"": 0, ""score"": 0, ""author_badges"": [""상위 수익자"", ""자산가""]}, {""post_id"": 3330, ""anonymous_code"": ""늑대-8884"", ""post_type"": ""trade_share"", ""title"": ""[매도] 삼성전자 일부 매도했습니다."", ""like_count"": 0, ""unlike_count"": 0, ""score"": 0, ""author_badges"": [""커뮤니티 인플루언서""]}, {""post_id"": 3331, ""anonymous_code"": ""펭귄-3788"", ""post_type"": ""trade_share"", ""title"": ""오늘 삼성전자 5주 매수했습니다!"", ""like_count"": 0, ""unlike_count"": 0, ""score"": 0, ""author_badges"": []}, {""post_id"": 3332, ""anonymous_code"": ""여우-7933"", ""post_type"": ""trade_share"", ""title"": ""오늘 삼성전자 추가 매수했습니다!"", ""like_count"": 0, ""unlike_count"": 0, ""score"": 0, ""author_badges"": []}, {""post_id"": 3333, ""anonymous_code"": ""독수리-4082"", ""post_type"": ""trade_share"", ""title"": ""오늘 삼성전자 일부 매도했습니다."", ""like_count"": 0, ""unlike_count"": 0, ""score"": 0, ""author_badges"": [""커뮤니티 인플루언서""]}, {""post_id"": 3334, ""anonymous_code"": ""돌고래-5489"", ""post_type"": ""analysis"", ""title"": ""삼성전자, 상승 추세는 유지 중 - 저평가 구간에서 적정선 상단으로 이동"", ""like_count"": 0, ""unlike_count"": 0, ""score"": 0, ""author_badges"": []}, {""post_id"": 3335, ""anonymous_code"": ""사자-8665"", ""post_type"": ""trade_share"", ""title"": ""오늘 삼성전자 매도했습니다!"", ""like_count"": 0, ""unlike_count"": 0, ""score"": 0, ""author_badges"": []}, {""post_id"": 3336, ""anonymous_code"": ""사자-5895"", ""post_type"": ""trade_share"", ""title"": ""오늘 삼성전자 일부 매도했습니다."", ""like_count"": 0, ""unlike_count"": 0, ""score"": 0, ""author_badges"": [""상위 수익자"", ""자산가""]}, {""post_id"": 3337, ""anonymous_code"": ""코끼리-2877"", ""post_type"": ""trade_share"", ""title"": ""오늘 삼성전자 일부 매도했습니다."", ""like_count"": 0, ""unlike_count"": 0, ""score"": 0, ""author_badges"": []}, {""post_id"": 3338, ""anonymous_code"": ""곰-1911"", ""post_type"": ""trade_share"", ""title"": ""오늘 삼성전자 매수했습니다!"", ""like_count"": 0, ""unlike_count"": 0, ""score"": 0, ""author_badges"": [""커뮤니티 인플루언서""]}, {""post_id"": 3339, ""anonymous_code"": ""사자-5055"", ""post_type"": ""trade_share"", ""title"": ""오늘 삼성전자 매도 거래 공유합니다!"", ""like_count"": 0, ""unlike_count"": 0, ""score"": 0, ""author_badges"": [""상위 수익자"", ""자산가""]}, {""post_id"": 3340, ""anonymous_code"": ""곰-9761"", ""post_type"": ""trade_share"", ""title"": ""오늘 소폭 수익 실현했습니다!"", ""like_count"": 0, ""unlike_count"": 0, ""score"": 0, ""author_badges"": []}, {""post_id"": 3341, ""anonymous_code"": ""황소-8760"", ""post_type"": ""trade_share"", ""title"": ""오늘 삼성전자 1주 매도했습니다"", ""like_count"": 0, ""unlike_count"": 0, ""score"": 0, ""author_badges"": []}, {""post_id"": 3342, ""anonymous_code"": ""여우-2283"", ""post_type"": ""trade_share"", ""title"": ""오늘 삼성전자 매수했습니다!"", ""like_count"": 0, ""unlike_count"": 0, ""score"": 0, ""author_badges"": []}, {""post_id"": 3343, ""anonymous_code"": ""독수리-8072"", ""post_type"": ""trade_share"", ""title"": ""오늘 삼성전자 일부 매도했습니다!"", ""like_count"": 0, ""unlike_count"": 0, ""score"": 0, ""author_badges"": []}, {""post_id"": 3344, ""anonymous_code"": ""돌고래-5159"", ""post_type"": ""trade_share"", ""title"": ""오늘 삼성전자 일부 매도했습니다."", ""like_count"": 0, ""unlike_count"": 0, ""score"": 0, ""author_badges"": []}, {""post_id"": 3345, ""anonymous_code"": ""늑대-4264"", ""post_type"": ""trade_share"", ""title"": ""오늘 삼성전자 추가 매수했습니다!"", ""like_count"": 0, ""unlike_count"": 0, ""score"": 0, ""author_badges"": []}]"
chunk_009_2026-04-27_2026-05-04,2026-05-04,10,A004,1,5,19,"[3326, 3327, 3329, 3330, 3331, 3332, 3333, 3334, 3335, 3336, 3337, 3338, 3339, 3340, 3341, 3342, 3343, 3344, 3345]","[{""post_id"": 3326, ""anonymous_code"": ""곰-1801"", ""post_type"": ""trade_share"", ""title"": ""오늘 삼성전자 1주 매수했습니다!"", ""like_count"": 0, ""unlike_count"": 0, ""score"": 0, ""author_badges"": [""상위 수익자"", ""자산가""]}, {""post_id"": 3327, ""anonymous_code"": ""호랑이-8886"", ""post_type"": ""trade_share"", ""title"": ""오늘 삼성전자 80주 매수했습니다!"", ""like_count"": 0, ""unlike_count"": 0, ""score"": 0, ""author_badges"": [""커뮤니티 인플루언서""]}, {""post_id"": 3329, ""anonymous_code"": ""황소-9750"", ""post_type"": ""analysis"", ""title"": ""[시장 전망] 반도체 업황과 금리 인상 우려 속에서의 투자 전략"", ""like_count"": 0, ""unlike_count"": 0, ""score"": 0, ""author_badges"": [""상위 수익자"", ""자산가""]}, {""post_id"": 3330, ""anonymous_code"": ""늑대-8884"", ""post_type"": ""trade_share"", ""title"": ""[매도] 삼성전자 일부 매도했습니다."", ""like_count"": 0, ""unlike_count"": 0, ""score"": 0, ""author_badges"": [""커뮤니티 인플루언서""]}, {""post_id"": 3331, ""anonymous_code"": ""펭귄-3788"", ""post_type"": ""trade_share"", ""title"": ""오늘 삼성전자 5주 매수했습니다!"", ""like_count"": 0, ""unlike_count"": 0, ""score"": 0, ""author_badges"": []}, {""post_id"": 3332, ""anonymous_code"": ""여우-7933"", ""post_type"": ""trade_share"", ""title"": ""오늘 삼성전자 추가 매수했습니다!"", ""like_count"": 0, ""unlike_count"": 0, ""score"": 0, ""author_badges"": []}, {""post_id"": 3333, ""anonymous_code"": ""독수리-4082"", ""post_type"": ""trade_share"", ""title"": ""오늘 삼성전자 일부 매도했습니다."", ""like_count"": 0, ""unlike_count"": 0, ""score"": 0, ""author_badges"": [""커뮤니티 인플루언서""]}, {""post_id"": 3334, ""anonymous_code"": ""돌고래-5489"", ""post_type"": ""analysis"", ""title"": ""삼성전자, 상승 추세는 유지 중 - 저평가 구간에서 적정선 상단으로 이동"", ""like_count"": 0, ""unlike_count"": 0, ""score"": 0, ""author_badges"": []}, {""post_id"": 3335, ""anonymous_code"": ""사자-8665"", ""post_type"": ""trade_share"", ""title"": ""오늘 삼성전자 매도했습니다!"", ""like_count"": 0, ""unlike_count"": 0, ""score"": 0, ""author_badges"": []}, {""post_id"": 3336, ""anonymous_code"": ""사자-5895"", ""post_type"": ""trade_share"", ""title"": ""오늘 삼성전자 일부 매도했습니다."", ""like_count"": 0, ""unlike_count"": 0, ""score"": 0, ""author_badges"": [""상위 수익자"", ""자산가""]}, {""post_id"": 3337, ""anonymous_code"": ""코끼리-2877"", ""post_type"": ""trade_share"", ""title"": ""오늘 삼성전자 일부 매도했습니다."", ""like_count"": 0, ""unlike_count"": 0, ""score"": 0, ""author_badges"": []}, {""post_id"": 3338, ""anonymous_code"": ""곰-1911"", ""post_type"": ""trade_share"", ""title"": ""오늘 삼성전자 매수했습니다!"", ""like_count"": 0, ""unlike_count"": 0, ""score"": 0, ""author_badges"": [""커뮤니티 인플루언서""]}, {""post_id"": 3339, ""anonymous_code"": ""사자-5055"", ""post_type"": ""trade_share"", ""title"": ""오늘 삼성전자 매도 거래 공유합니다!"", ""like_count"": 0, ""unlike_count"": 0, ""score"": 0, ""author_badges"": [""상위 수익자"", ""자산가""]}, {""post_id"": 3340, ""anonymous_code"": ""곰-9761"", ""post_type"": ""trade_share"", ""title"": ""오늘 소폭 수익 실현했습니다!"", ""like_count"": 0, ""unlike_count"": 0, ""score"": 0, ""author_badges"": []}, {""post_id"": 3341, ""anonymous_code"": ""황소-8760"", ""post_type"": ""trade_share"", ""title"": ""오늘 삼성전자 1주 매도했습니다"", ""like_count"": 0, ""unlike_count"": 0, ""score"": 0, ""author_badges"": []}, {""post_id"": 3342, ""anonymous_code"": ""여우-2283"", ""post_type"": ""trade_share"", ""title"": ""오늘 삼성전자 매수했습니다!"", ""like_count"": 0, ""unlike_count"": 0, ""score"": 0, ""author_badges"": []}, {""post_id"": 3343, ""anonymous_code"": ""독수리-8072"", ""post_type"": ""trade_share"", ""title"": ""오늘 삼성전자 일부 매도했습니다!"", ""like_count"": 0, ""unlike_count"": 0, ""score"": 0, ""author_badges"": []}, {""post_id"": 3344, ""anonymous_code"": ""돌고래-5159"", ""post_type"": ""trade_share"", ""title"": ""오늘 삼성전자 일부 매도했습니다."", ""like_count"": 0, ""unlike_count"": 0, ""score"": 0, ""author_badges"": []}, {""post_id"": 3345, ""anonymous_code"": ""늑대-4264"", ""post_type"": ""trade_share"", ""title"": ""오늘 삼성전자 추가 매수했습니다!"", ""like_count"": 0, ""unlike_count"": 0, ""score"": 0, ""author_badges"": []}]"
chunk_009_2026-04-27_2026-05-04,2026-05-04,10,A005,1,5,19,"[3326, 3327, 3328, 3330, 3331, 3332, 3333, 3334, 3335, 3336, 3337, 3338, 3339, 3340, 3341, 3342, 3343, 3344, 3345]","[{""post_id"": 3326, ""anonymous_code"": ""곰-1801"", ""post_type"": ""trade_share"", ""title"": ""오늘 삼성전자 1주 매수했습니다!"", ""like_count"": 0, ""unlike_count"": 0, ""score"": 0, ""author_badges"": [""상위 수익자"", ""자산가""]}, {""post_id"": 3327, ""anonymous_code"": ""호랑이-8886"", ""post_type"": ""trade_share"", ""title"": ""오늘 삼성전자 80주 매수했습니다!"", ""like_count"": 0, ""unlike_count"": 0, ""score"": 0, ""author_badges"": [""커뮤니티 인플루언서""]}, {""post_id"": 3328, ""anonymous_code"": ""코끼리-6457"", ""post_type"": ""analysis"", ""title"": ""삼성전자 기술적 강세와 금리 우려의 이중성"", ""like_count"": 0, ""unlike_count"": 0, ""score"": 0, ""author_badges"": []}, {""post_id"": 3330, ""anonymous_code"": ""늑대-8884"", ""post_type"": ""trade_share"", ""title"": ""[매도] 삼성전자 일부 매도했습니다."", ""like_count"": 0, ""unlike_count"": 0, ""score"": 0, ""author_badges"": [""커뮤니티 인플루언서""]}, {""post_id"": 3331, ""anonymous_code"": ""펭귄-3788"", ""post_type"": ""trade_share"", ""title"": ""오늘 삼성전자 5주 매수했습니다!"", ""like_count"": 0, ""unlike_count"": 0, ""score"": 0, ""author_badges"": []}, {""post_id"": 3332, ""anonymous_code"": ""여우-7933"", ""post_type"": ""trade_share"", ""title"": ""오늘 삼성전자 추가 매수했습니다!"", ""like_count"": 0, ""unlike_count"": 0, ""score"": 0, ""author_badges"": []}, {""post_id"": 3333, ""anonymous_code"": ""독수리-4082"", ""post_type"": ""trade_share"", ""title"": ""오늘 삼성전자 일부 매도했습니다."", ""like_count"": 0, ""unlike_count"": 0, ""score"": 0, ""author_badges"": [""커뮤니티 인플루언서""]}, {""post_id"": 3334, ""anonymous_code"": ""돌고래-5489"", ""post_type"": ""analysis"", ""title"": ""삼성전자, 상승 추세는 유지 중 - 저평가 구간에서 적정선 상단으로 이동"", ""like_count"": 0, ""unlike_count"": 0, ""score"": 0, ""author_badges"": []}, {""post_id"": 3335, ""anonymous_code"": ""사자-8665"", ""post_type"": ""trade_share"", ""title"": ""오늘 삼성전자 매도했습니다!"", ""like_count"": 0, ""unlike_count"": 0, ""score"": 0, ""author_badges"": []}, {""post_id"": 3336, ""anonymous_code"": ""사자-5895"", ""post_type"": ""trade_share"", ""title"": ""오늘 삼성전자 일부 매도했습니다."", ""like_count"": 0, ""unlike_count"": 0, ""score"": 0, ""author_badges"": [""상위 수익자"", ""자산가""]}, {""post_id"": 3337, ""anonymous_code"": ""코끼리-2877"", ""post_type"": ""trade_share"", ""title"": ""오늘 삼성전자 일부 매도했습니다."", ""like_count"": 0, ""unlike_count"": 0, ""score"": 0, ""author_badges"": []}, {""post_id"": 3338, ""anonymous_code"": ""곰-1911"", ""post_type"": ""trade_share"", ""title"": ""오늘 삼성전자 매수했습니다!"", ""like_count"": 0, ""unlike_count"": 0, ""score"": 0, ""author_badges"": [""커뮤니티 인플루언서""]}, {""post_id"": 3339, ""anonymous_code"": ""사자-5055"", ""post_type"": ""trade_share"", ""title"": ""오늘 삼성전자 매도 거래 공유합니다!"", ""like_count"": 0, ""unlike_count"": 0, ""score"": 0, ""author_badges"": [""상위 수익자"", ""자산가""]}, {""post_id"": 3340, ""anonymous_code"": ""곰-9761"", ""post_type"": ""trade_share"", ""title"": ""오늘 소폭 수익 실현했습니다!"", ""like_count"": 0, ""unlike_count"": 0, ""score"": 0, ""author_badges"": []}, {""post_id"": 3341, ""anonymous_code"": ""황소-8760"", ""post_type"": ""trade_share"", ""title"": ""오늘 삼성전자 1주 매도했습니다"", ""like_count"": 0, ""unlike_count"": 0, ""score"": 0, ""author_badges"": []}, {""post_id"": 3342, ""anonymous_code"": ""여우-2283"", ""post_type"": ""trade_share"", ""title"": ""오늘 삼성전자 매수했습니다!"", ""like_count"": 0, ""unlike_count"": 0, ""score"": 0, ""author_badges"": []}, {""post_id"": 3343, ""anonymous_code"": ""독수리-8072"", ""post_type"": ""trade_share"", ""title"": ""오늘 삼성전자 일부 매도했습니다!"", ""like_count"": 0, ""unlike_count"": 0, ""score"": 0, ""author_badges"": []}, {""post_id"": 3344, ""anonymous_code"": ""돌고래-5159"", ""post_type"": ""trade_share"", ""title"": ""오늘 삼성전자 일부 매도했습니다."", ""like_count"": 0, ""unlike_count"": 0, ""score"": 0, ""author_badges"": []}, {""post_id"": 3345, ""anonymous_code"": ""늑대-4264"", ""post_type"": ""trade_share"", ""title"": ""오늘 삼성전자 추가 매수했습니다!"", ""like_count"": 0, ""unlike_count"": 0, ""score"": 0, ""author_badges"": []}]"
chunk_009_2026-04-27_2026-05-04,2026-05-04,10,A006,1,5,19,"[3326, 3327, 3328, 3329, 3331, 3332, 3333, 3334, 3335, 3336, 3337, 3338, 3339, 3340, 3341, 3342, 3343, 3344, 3345]","[{""post_id"": 3326, ""anonymous_code"": ""곰-1801"", ""post_type"": ""trade_share"", ""title"": ""오늘 삼성전자 1주 매수했습니다!"", ""like_count"": 0, ""unlike_count"": 0, ""score"": 0, ""author_badges"": [""상위 수익자"", ""자산가""]}, {""post_id"": 3327, ""anonymous_code"": ""호랑이-8886"", ""post_type"": ""trade_share"", ""title"": ""오늘 삼성전자 80주 매수했습니다!"", ""like_count"": 0, ""unlike_count"": 0, ""score"": 0, ""author_badges"": [""커뮤니티 인플루언서""]}, {""post_id"": 3328, ""anonymous_code"": ""코끼리-6457"", ""post_type"": ""analysis"", ""title"": ""삼성전자 기술적 강세와 금리 우려의 이중성"", ""like_count"": 0, ""unlike_count"": 0, ""score"": 0, ""author_badges"": []}, {""post_id"": 3329, ""anonymous_code"": ""황소-9750"", ""post_type"": ""analysis"", ""title"": ""[시장 전망] 반도체 업황과 금리 인상 우려 속에서의 투자 전략"", ""like_count"": 1, ""unlike_count"": 0, ""score"": 1, ""author_badges"": [""상위 수익자"", ""자산가""]}, {""post_id"": 3331, ""anonymous_code"": ""펭귄-3788"", ""post_type"": ""trade_share"", ""title"": ""오늘 삼성전자 5주 매수했습니다!"", ""like_count"": 0, ""unlike_count"": 0, ""score"": 0, ""author_badges"": []}, {""post_id"": 3332, ""anonymous_code"": ""여우-7933"", ""post_type"": ""trade_share"", ""title"": ""오늘 삼성전자 추가 매수했습니다!"", ""like_count"": 0, ""unlike_count"": 0, ""score"": 0, ""author_badges"": []}, {""post_id"": 3333, ""anonymous_code"": ""독수리-4082"", ""post_type"": ""trade_share"", ""title"": ""오늘 삼성전자 일부 매도했습니다."", ""like_count"": 0, ""unlike_count"": 0, ""score"": 0, ""author_badges"": [""커뮤니티 인플루언서""]}, {""post_id"": 3334, ""anonymous_code"": ""돌고래-5489"", ""post_type"": ""analysis"", ""title"": ""삼성전자, 상승 추세는 유지 중 - 저평가 구간에서 적정선 상단으로 이동"", ""like_count"": 0, ""unlike_count"": 0, ""score"": 0, ""author_badges"": []}, {""post_id"": 3335, ""anonymous_code"": ""사자-8665"", ""post_type"": ""trade_share"", ""title"": ""오늘 삼성전자 매도했습니다!"", ""like_count"": 1, ""unlike_count"": 0, ""score"": 1, ""author_badges"": []}, {""post_id"": 3336, ""anonymous_code"": ""사자-5895"", ""post_type"": ""trade_share"", ""title"": ""오늘 삼성전자 일부 매도했습니다."", ""like_count"": 0, ""unlike_count"": 0, ""score"": 0, ""author_badges"": [""상위 수익자"", ""자산가""]}, {""post_id"": 3337, ""anonymous_code"": ""코끼리-2877"", ""post_type"": ""trade_share"", ""title"": ""오늘 삼성전자 일부 매도했습니다."", ""like_count"": 0, ""unlike_count"": 0, ""score"": 0, ""author_badges"": []}, {""post_id"": 3338, ""anonymous_code"": ""곰-1911"", ""post_type"": ""trade_share"", ""title"": ""오늘 삼성전자 매수했습니다!"", ""like_count"": 0, ""unlike_count"": 0, ""score"": 0, ""author_badges"": [""커뮤니티 인플루언서""]}, {""post_id"": 3339, ""anonymous_code"": ""사자-5055"", ""post_type"": ""trade_share"", ""title"": ""오늘 삼성전자 매도 거래 공유합니다!"", ""like_count"": 0, ""unlike_count"": 0, ""score"": 0, ""author_badges"": [""상위 수익자"", ""자산가""]}, {""post_id"": 3340, ""anonymous_code"": ""곰-9761"", ""post_type"": ""trade_share"", ""title"": ""오늘 소폭 수익 실현했습니다!"", ""like_count"": 0, ""unlike_count"": 0, ""score"": 0, ""author_badges"": []}, {""post_id"": 3341, ""anonymous_code"": ""황소-8760"", ""post_type"": ""trade_share"", ""title"": ""오늘 삼성전자 1주 매도했습니다"", ""like_count"": 0, ""unlike_count"": 0, ""score"": 0, ""author_badges"": []}, {""post_id"": 3342, ""anonymous_code"": ""여우-2283"", ""post_type"": ""trade_share"", ""title"": ""오늘 삼성전자 매수했습니다!"", ""like_count"": 0, ""unlike_count"": 0, ""score"": 0, ""author_badges"": []}, {""post_id"": 3343, ""anonymous_code"": ""독수리-8072"", ""post_type"": ""trade_share"", ""title"": ""오늘 삼성전자 일부 매도했습니다!"", ""like_count"": 0, ""unlike_count"": 0, ""score"": 0, ""author_badges"": []}, {""post_id"": 3344, ""anonymous_code"": ""돌고래-5159"", ""post_type"": ""trade_share"", ""title"": ""오늘 삼성전자 일부 매도했습니다."", ""like_count"": 0, ""unlike_count"": 0, ""score"": 0, ""author_badges"": []}, {""post_id"": 3345, ""anonymous_code"": ""늑대-4264"", ""post_type"": ""trade_share"", ""title"": ""오늘 삼성전자 추가 매수했습니다!"", ""like_count"": 0, ""unlike_count"": 0, ""score"": 0, ""author_badges"": []}]"
chunk_009_2026-04-27_2026-05-04,2026-05-04,10,A007,2,10,19,"[3326, 3327, 3328, 3329, 3330, 3331, 3332, 3334, 3335, 3336, 3337, 3338, 3339, 3340, 3341, 3342, 3343, 3344, 3345]","[{""post_id"": 3326, ""anonymous_code"": ""곰-1801"", ""post_type"": ""trade_share"", ""title"": ""오늘 삼성전자 1주 매수했습니다!"", ""like_count"": 0, ""unlike_count"": 0, ""score"": 0, ""author_badges"": [""상위 수익자"", ""자산가""]}, {""post_id"": 3327, ""anonymous_code"": ""호랑이-8886"", ""post_type"": ""trade_share"", ""title"": ""오늘 삼성전자 80주 매수했습니다!"", ""like_count"": 0, ""unlike_count"": 0, ""score"": 0, ""author_badges"": [""커뮤니티 인플루언서""]}, {""post_id"": 3328, ""anonymous_code"": ""코끼리-6457"", ""post_type"": ""analysis"", ""title"": ""삼성전자 기술적 강세와 금리 우려의 이중성"", ""like_count"": 1, ""unlike_count"": 0, ""score"": 1, ""author_badges"": []}, {""post_id"": 3329, ""anonymous_code"": ""황소-9750"", ""post_type"": ""analysis"", ""title"": ""[시장 전망] 반도체 업황과 금리 인상 우려 속에서의 투자 전략"", ""like_count"": 1, ""unlike_count"": 0, ""score"": 1, ""author_badges"": [""상위 수익자"", ""자산가""]}, {""post_id"": 3330, ""anonymous_code"": ""늑대-8884"", ""post_type"": ""trade_share"", ""title"": ""[매도] 삼성전자 일부 매도했습니다."", ""like_count"": 2, ""unlike_count"": 0, ""score"": 2, ""author_badges"": [""커뮤니티 인플루언서""]}, {""post_id"": 3331, ""anonymous_code"": ""펭귄-3788"", ""post_type"": ""trade_share"", ""title"": ""오늘 삼성전자 5주 매수했습니다!"", ""like_count"": 0, ""unlike_count"": 0, ""score"": 0, ""author_badges"": []}, {""post_id"": 3332, ""anonymous_code"": ""여우-7933"", ""post_type"": ""trade_share"", ""title"": ""오늘 삼성전자 추가 매수했습니다!"", ""like_count"": 0, ""unlike_count"": 0, ""score"": 0, ""author_badges"": []}, {""post_id"": 3334, ""anonymous_code"": ""돌고래-5489"", ""post_type"": ""analysis"", ""title"": ""삼성전자, 상승 추세는 유지 중 - 저평가 구간에서 적정선 상단으로 이동"", ""like_count"": 0, ""unlike_count"": 0, ""score"": 0, ""author_badges"": []}, {""post_id"": 3335, ""anonymous_code"": ""사자-8665"", ""post_type"": ""trade_share"", ""title"": ""오늘 삼성전자 매도했습니다!"", ""like_count"": 1, ""unlike_count"": 0, ""score"": 1, ""author_badges"": []}, {""post_id"": 3336, ""anonymous_code"": ""사자-5895"", ""post_type"": ""trade_share"", ""title"": ""오늘 삼성전자 일부 매도했습니다."", ""like_count"": 0, ""unlike_count"": 0, ""score"": 0, ""author_badges"": [""상위 수익자"", ""자산가""]}, {""post_id"": 3337, ""anonymous_code"": ""코끼리-2877"", ""post_type"": ""trade_share"", ""title"": ""오늘 삼성전자 일부 매도했습니다."", ""like_count"": 0, ""unlike_count"": 0, ""score"": 0, ""author_badges"": []}, {""post_id"": 3338, ""anonymous_code"": ""곰-1911"", ""post_type"": ""trade_share"", ""title"": ""오늘 삼성전자 매수했습니다!"", ""like_count"": 0, ""unlike_count"": 0, ""score"": 0, ""author_badges"": [""커뮤니티 인플루언서""]}, {""post_id"": 3339, ""anonymous_code"": ""사자-5055"", ""post_type"": ""trade_share"", ""title"": ""오늘 삼성전자 매도 거래 공유합니다!"", ""like_count"": 0, ""unlike_count"": 0, ""score"": 0, ""author_badges"": [""상위 수익자"", ""자산가""]}, {""post_id"": 3340, ""anonymous_code"": ""곰-9761"", ""post_type"": ""trade_share"", ""title"": ""오늘 소폭 수익 실현했습니다!"", ""like_count"": 0, ""unlike_count"": 1, ""score"": -1, ""author_badges"": []}, {""post_id"": 3341, ""anonymous_code"": ""황소-8760"", ""post_type"": ""trade_share"", ""title"": ""오늘 삼성전자 1주 매도했습니다"", ""like_count"": 0, ""unlike_count"": 0, ""score"": 0, ""author_badges"": []}, {""post_id"": 3342, ""anonymous_code"": ""여우-2283"", ""post_type"": ""trade_share"", ""title"": ""오늘 삼성전자 매수했습니다!"", ""like_count"": 0, ""unlike_count"": 0, ""score"": 0, ""author_badges"": []}, {""post_id"": 3343, ""anonymous_code"": ""독수리-8072"", ""post_type"": ""trade_share"", ""title"": ""오늘 삼성전자 일부 매도했습니다!"", ""like_count"": 0, ""unlike_count"": 0, ""score"": 0, ""author_badges"": []}, {""post_id"": 3344, ""anonymous_code"": ""돌고래-5159"", ""post_type"": ""trade_share"", ""title"": ""오늘 삼성전자 일부 매도했습니다."", ""like_count"": 0, ""unlike_count"": 0, ""score"": 0, ""author_badges"": []}, {""post_id"": 3345, ""anonymous_code"": ""늑대-4264"", ""post_type"": ""trade_share"", ""title"": ""오늘 삼성전자 추가 매수했습니다!"", ""like_count"": 0, ""unlike_count"": 0, ""score"": 0, ""author_badges"": []}]"
chunk_009_2026-04-27_2026-05-04,2026-05-04,10,A008,1,5,19,"[3326, 3327, 3328, 3329, 3330, 3331, 3333, 3334, 3335, 3336, 3337, 3338, 3339, 3340, 3341, 3342, 3343, 3344, 3345]","[{""post_id"": 3326, ""anonymous_code"": ""곰-1801"", ""post_type"": ""trade_share"", ""title"": ""오늘 삼성전자 1주 매수했습니다!"", ""like_count"": 0, ""unlike_count"": 0, ""score"": 0, ""author_badges"": [""상위 수익자"", ""자산가""]}, {""post_id"": 3327, ""anonymous_code"": ""호랑이-8886"", ""post_type"": ""trade_share"", ""title"": ""오늘 삼성전자 80주 매수했습니다!"", ""like_count"": 0, ""unlike_count"": 0, ""score"": 0, ""author_badges"": [""커뮤니티 인플루언서""]}, {""post_id"": 3328, ""anonymous_code"": ""코끼리-6457"", ""post_type"": ""analysis"", ""title"": ""삼성전자 기술적 강세와 금리 우려의 이중성"", ""like_count"": 1, ""unlike_count"": 0, ""score"": 1, ""author_badges"": []}, {""post_id"": 3329, ""anonymous_code"": ""황소-9750"", ""post_type"": ""analysis"", ""title"": ""[시장 전망] 반도체 업황과 금리 인상 우려 속에서의 투자 전략"", ""like_count"": 2, ""unlike_count"": 0, ""score"": 2, ""author_badges"": [""상위 수익자"", ""자산가""]}, {""post_id"": 3330, ""anonymous_code"": ""늑대-8884"", ""post_type"": ""trade_share"", ""title"": ""[매도] 삼성전자 일부 매도했습니다."", ""like_count"": 3, ""unlike_count"": 0, ""score"": 3, ""author_badges"": [""커뮤니티 인플루언서""]}, {""post_id"": 3331, ""anonymous_code"": ""펭귄-3788"", ""post_type"": ""trade_share"", ""title"": ""오늘 삼성전자 5주 매수했습니다!"", ""like_count"": 0, ""unlike_count"": 0, ""score"": 0, ""author_badges"": []}, {""post_id"": 3333, ""anonymous_code"": ""독수리-4082"", ""post_type"": ""trade_share"", ""title"": ""오늘 삼성전자 일부 매도했습니다."", ""like_count"": 1, ""unlike_count"": 0, ""score"": 1, ""author_badges"": [""커뮤니티 인플루언서""]}, {""post_id"": 3334, ""anonymous_code"": ""돌고래-5489"", ""post_type"": ""analysis"", ""title"": ""삼성전자, 상승 추세는 유지 중 - 저평가 구간에서 적정선 상단으로 이동"", ""like_count"": 0, ""unlike_count"": 1, ""score"": -1, ""author_badges"": []}, {""post_id"": 3335, ""anonymous_code"": ""사자-8665"", ""post_type"": ""trade_share"", ""title"": ""오늘 삼성전자 매도했습니다!"", ""like_count"": 1, ""unlike_count"": 1, ""score"": 0, ""author_badges"": []}, {""post_id"": 3336, ""anonymous_code"": ""사자-5895"", ""post_type"": ""trade_share"", ""title"": ""오늘 삼성전자 일부 매도했습니다."", ""like_count"": 0, ""unlike_count"": 0, ""score"": 0, ""author_badges"": [""상위 수익자"", ""자산가""]}, {""post_id"": 3337, ""anonymous_code"": ""코끼리-2877"", ""post_type"": ""trade_share"", ""title"": ""오늘 삼성전자 일부 매도했습니다."", ""like_count"": 0, ""unlike_count"": 0, ""score"": 0, ""author_badges"": []}, {""post_id"": 3338, ""anonymous_code"": ""곰-1911"", ""post_type"": ""trade_share"", ""title"": ""오늘 삼성전자 매수했습니다!"", ""like_count"": 0, ""unlike_count"": 0, ""score"": 0, ""author_badges"": [""커뮤니티 인플루언서""]}, {""post_id"": 3339, ""anonymous_code"": ""사자-5055"", ""post_type"": ""trade_share"", ""title"": ""오늘 삼성전자 매도 거래 공유합니다!"", ""like_count"": 0, ""unlike_count"": 0, ""score"": 0, ""author_badges"": [""상위 수익자"", ""자산가""]}, {""post_id"": 3340, ""anonymous_code"": ""곰-9761"", ""post_type"": ""trade_share"", ""title"": ""오늘 소폭 수익 실현했습니다!"", ""like_count"": 0, ""unlike_count"": 1, ""score"": -1, ""author_badges"": []}, {""post_id"": 3341, ""anonymous_code"": ""황소-8760"", ""post_type"": ""trade_share"", ""title"": ""오늘 삼성전자 1주 매도했습니다"", ""like_count"": 0, ""unlike_count"": 0, ""score"": 0, ""author_badges"": []}, {""post_id"": 3342, ""anonymous_code"": ""여우-2283"", ""post_type"": ""trade_share"", ""title"": ""오늘 삼성전자 매수했습니다!"", ""like_count"": 0, ""unlike_count"": 0, ""score"": 0, ""author_badges"": []}, {""post_id"": 3343, ""anonymous_code"": ""독수리-8072"", ""post_type"": ""trade_share"", ""title"": ""오늘 삼성전자 일부 매도했습니다!"", ""like_count"": 0, ""unlike_count"": 0, ""score"": 0, ""author_badges"": []}, {""post_id"": 3344, ""anonymous_code"": ""돌고래-5159"", ""post_type"": ""trade_share"", ""title"": ""오늘 삼성전자 일부 매도했습니다."", ""like_count"": 0, ""unlike_count"": 0, ""score"": 0, ""author_badges"": []}, {""post_id"": 3345, ""anonymous_code"": ""늑대-4264"", ""post_type"": ""trade_share"", ""title"": ""오늘 삼성전자 추가 매수했습니다!"", ""like_count"": 0, ""unlike_count"": 0, ""score"": 0, ""author_badges"": []}]"
chunk_009_2026-04-27_2026-05-04,2026-05-04,10,A010,1,5,19,"[3326, 3327, 3328, 3329, 3330, 3332, 3333, 3334, 3335, 3336, 3337, 3338, 3339, 3340, 3341, 3342, 3343, 3344, 3345]","[{""post_id"": 3326, ""anonymous_code"": ""곰-1801"", ""post_type"": ""trade_share"", ""title"": ""오늘 삼성전자 1주 매수했습니다!"", ""like_count"": 0, ""unlike_count"": 0, ""score"": 0, ""author_badges"": [""상위 수익자"", ""자산가""]}, {""post_id"": 3327, ""anonymous_code"": ""호랑이-8886"", ""post_type"": ""trade_share"", ""title"": ""오늘 삼성전자 80주 매수했습니다!"", ""like_count"": 0, ""unlike_count"": 0, ""score"": 0, ""author_badges"": [""커뮤니티 인플루언서""]}, {""post_id"": 3328, ""anonymous_code"": ""코끼리-6457"", ""post_type"": ""analysis"", ""title"": ""삼성전자 기술적 강세와 금리 우려의 이중성"", ""like_count"": 1, ""unlike_count"": 0, ""score"": 1, ""author_badges"": []}, {""post_id"": 3329, ""anonymous_code"": ""황소-9750"", ""post_type"": ""analysis"", ""title"": ""[시장 전망] 반도체 업황과 금리 인상 우려 속에서의 투자 전략"", ""like_count"": 3, ""unlike_count"": 0, ""score"": 3, ""author_badges"": [""상위 수익자"", ""자산가""]}, {""post_id"": 3330, ""anonymous_code"": ""늑대-8884"", ""post_type"": ""trade_share"", ""title"": ""[매도] 삼성전자 일부 매도했습니다."", ""like_count"": 4, ""unlike_count"": 0, ""score"": 4, ""author_badges"": [""커뮤니티 인플루언서""]}, {""post_id"": 3332, ""anonymous_code"": ""여우-7933"", ""post_type"": ""trade_share"", ""title"": ""오늘 삼성전자 추가 매수했습니다!"", ""like_count"": 0, ""unlike_count"": 0, ""score"": 0, ""author_badges"": []}, {""post_id"": 3333, ""anonymous_code"": ""독수리-4082"", ""post_type"": ""trade_share"", ""title"": ""오늘 삼성전자 일부 매도했습니다."", ""like_count"": 1, ""unlike_count"": 0, ""score"": 1, ""author_badges"": [""커뮤니티 인플루언서""]}, {""post_id"": 3334, ""anonymous_code"": ""돌고래-5489"", ""post_type"": ""analysis"", ""title"": ""삼성전자, 상승 추세는 유지 중 - 저평가 구간에서 적정선 상단으로 이동"", ""like_count"": 0, ""unlike_count"": 2, ""score"": -2, ""author_badges"": []}, {""post_id"": 3335, ""anonymous_code"": ""사자-8665"", ""post_type"": ""trade_share"", ""title"": ""오늘 삼성전자 매도했습니다!"", ""like_count"": 1, ""unlike_count"": 1, ""score"": 0, ""author_badges"": []}, {""post_id"": 3336, ""anonymous_code"": ""사자-5895"", ""post_type"": ""trade_share"", ""title"": ""오늘 삼성전자 일부 매도했습니다."", ""like_count"": 0, ""unlike_count"": 0, ""score"": 0, ""author_badges"": [""상위 수익자"", ""자산가""]}, {""post_id"": 3337, ""anonymous_code"": ""코끼리-2877"", ""post_type"": ""trade_share"", ""title"": ""오늘 삼성전자 일부 매도했습니다."", ""like_count"": 0, ""unlike_count"": 0, ""score"": 0, ""author_badges"": []}, {""post_id"": 3338, ""anonymous_code"": ""곰-1911"", ""post_type"": ""trade_share"", ""title"": ""오늘 삼성전자 매수했습니다!"", ""like_count"": 0, ""unlike_count"": 0, ""score"": 0, ""author_badges"": [""커뮤니티 인플루언서""]}, {""post_id"": 3339, ""anonymous_code"": ""사자-5055"", ""post_type"": ""trade_share"", ""title"": ""오늘 삼성전자 매도 거래 공유합니다!"", ""like_count"": 0, ""unlike_count"": 0, ""score"": 0, ""author_badges"": [""상위 수익자"", ""자산가""]}, {""post_id"": 3340, ""anonymous_code"": ""곰-9761"", ""post_type"": ""trade_share"", ""title"": ""오늘 소폭 수익 실현했습니다!"", ""like_count"": 1, ""unlike_count"": 1, ""score"": 0, ""author_badges"": []}, {""post_id"": 3341, ""anonymous_code"": ""황소-8760"", ""post_type"": ""trade_share"", ""title"": ""오늘 삼성전자 1주 매도했습니다"", ""like_count"": 0, ""unlike_count"": 0, ""score"": 0, ""author_badges"": []}, {""post_id"": 3342, ""anonymous_code"": ""여우-2283"", ""post_type"": ""trade_share"", ""title"": ""오늘 삼성전자 매수했습니다!"", ""like_count"": 0, ""unlike_count"": 0, ""score"": 0, ""author_badges"": []}, {""post_id"": 3343, ""anonymous_code"": ""독수리-8072"", ""post_type"": ""trade_share"", ""title"": ""오늘 삼성전자 일부 매도했습니다!"", ""like_count"": 0, ""unlike_count"": 0, ""score"": 0, ""author_badges"": []}, {""post_id"": 3344, ""anonymous_code"": ""돌고래-5159"", ""post_type"": ""trade_share"", ""title"": ""오늘 삼성전자 일부 매도했습니다."", ""like_count"": 0, ""unlike_count"": 0, ""score"": 0, ""author_badges"": []}, {""post_id"": 3345, ""anonymous_code"": ""늑대-4264"", ""post_type"": ""trade_share"", ""title"": ""오늘 삼성전자 추가 매수했습니다!"", ""like_count"": 0, ""unlike_count"": 0, ""score"": 0, ""author_badges"": []}]"
chunk_009_2026-04-27_2026-05-04,2026-05-04,10,A011,1,5,19,"[3326, 3327, 3328, 3329, 3330, 3331, 3332, 3333, 3335, 3336, 3337, 3338, 3339, 3340, 3341, 3342, 3343, 3344, 3345]","[{""post_id"": 3326, ""anonymous_code"": ""곰-1801"", ""post_type"": ""trade_share"", ""title"": ""오늘 삼성전자 1주 매수했습니다!"", ""like_count"": 0, ""unlike_count"": 0, ""score"": 0, ""author_badges"": [""상위 수익자"", ""자산가""]}, {""post_id"": 3327, ""anonymous_code"": ""호랑이-8886"", ""post_type"": ""trade_share"", ""title"": ""오늘 삼성전자 80주 매수했습니다!"", ""like_count"": 0, ""unlike_count"": 0, ""score"": 0, ""author_badges"": [""커뮤니티 인플루언서""]}, {""post_id"": 3328, ""anonymous_code"": ""코끼리-6457"", ""post_type"": ""analysis"", ""title"": ""삼성전자 기술적 강세와 금리 우려의 이중성"", ""like_count"": 2, ""unlike_count"": 0, ""score"": 2, ""author_badges"": []}, {""post_id"": 3329, ""anonymous_code"": ""황소-9750"", ""post_type"": ""analysis"", ""title"": ""[시장 전망] 반도체 업황과 금리 인상 우려 속에서의 투자 전략"", ""like_count"": 4, ""unlike_count"": 0, ""score"": 4, ""author_badges"": [""상위 수익자"", ""자산가""]}, {""post_id"": 3330, ""anonymous_code"": ""늑대-8884"", ""post_type"": ""trade_share"", ""title"": ""[매도] 삼성전자 일부 매도했습니다."", ""like_count"": 4, ""unlike_count"": 0, ""score"": 4, ""author_badges"": [""커뮤니티 인플루언서""]}, {""post_id"": 3331, ""anonymous_code"": ""펭귄-3788"", ""post_type"": ""trade_share"", ""title"": ""오늘 삼성전자 5주 매수했습니다!"", ""like_count"": 0, ""unlike_count"": 0, ""score"": 0, ""author_badges"": []}, {""post_id"": 3332, ""anonymous_code"": ""여우-7933"", ""post_type"": ""trade_share"", ""title"": ""오늘 삼성전자 추가 매수했습니다!"", ""like_count"": 0, ""unlike_count"": 0, ""score"": 0, ""author_badges"": []}, {""post_id"": 3333, ""anonymous_code"": ""독수리-4082"", ""post_type"": ""trade_share"", ""title"": ""오늘 삼성전자 일부 매도했습니다."", ""like_count"": 1, ""unlike_count"": 0, ""score"": 1, ""author_badges"": [""커뮤니티 인플루언서""]}, {""post_id"": 3335, ""anonymous_code"": ""사자-8665"", ""post_type"": ""trade_share"", ""title"": ""오늘 삼성전자 매도했습니다!"", ""like_count"": 1, ""unlike_count"": 1, ""score"": 0, ""author_badges"": []}, {""post_id"": 3336, ""anonymous_code"": ""사자-5895"", ""post_type"": ""trade_share"", ""title"": ""오늘 삼성전자 일부 매도했습니다."", ""like_count"": 0, ""unlike_count"": 0, ""score"": 0, ""author_badges"": [""상위 수익자"", ""자산가""]}, {""post_id"": 3337, ""anonymous_code"": ""코끼리-2877"", ""post_type"": ""trade_share"", ""title"": ""오늘 삼성전자 일부 매도했습니다."", ""like_count"": 0, ""unlike_count"": 0, ""score"": 0, ""author_badges"": []}, {""post_id"": 3338, ""anonymous_code"": ""곰-1911"", ""post_type"": ""trade_share"", ""title"": ""오늘 삼성전자 매수했습니다!"", ""like_count"": 0, ""unlike_count"": 0, ""score"": 0, ""author_badges"": [""커뮤니티 인플루언서""]}, {""post_id"": 3339, ""anonymous_code"": ""사자-5055"", ""post_type"": ""trade_share"", ""title"": ""오늘 삼성전자 매도 거래 공유합니다!"", ""like_count"": 0, ""unlike_count"": 0, ""score"": 0, ""author_badges"": [""상위 수익자"", ""자산가""]}, {""post_id"": 3340, ""anonymous_code"": ""곰-9761"", ""post_type"": ""trade_share"", ""title"": ""오늘 소폭 수익 실현했습니다!"", ""like_count"": 1, ""unlike_count"": 1, ""score"": 0, ""author_badges"": []}, {""post_id"": 3341, ""anonymous_code"": ""황소-8760"", ""post_type"": ""trade_share"", ""title"": ""오늘 삼성전자 1주 매도했습니다"", ""like_count"": 0, ""unlike_count"": 0, ""score"": 0, ""author_badges"": []}, {""post_id"": 3342, ""anonymous_code"": ""여우-2283"", ""post_type"": ""trade_share"", ""title"": ""오늘 삼성전자 매수했습니다!"", ""like_count"": 0, ""unlike_count"": 0, ""score"": 0, ""author_badges"": []}, {""post_id"": 3343, ""anonymous_code"": ""독수리-8072"", ""post_type"": ""trade_share"", ""title"": ""오늘 삼성전자 일부 매도했습니다!"", ""like_count"": 0, ""unlike_count"": 0, ""score"": 0, ""author_badges"": []}, {""post_id"": 3344, ""anonymous_code"": ""돌고래-5159"", ""post_type"": ""trade_share"", ""title"": ""오늘 삼성전자 일부 매도했습니다."", ""like_count"": 0, ""unlike_count"": 0, ""score"": 0, ""author_badges"": []}, {""post_id"": 3345, ""anonymous_code"": ""늑대-4264"", ""post_type"": ""trade_share"", ""title"": ""오늘 삼성전자 추가 매수했습니다!"", ""like_count"": 0, ""unlike_count"": 0, ""score"": 0, ""author_badges"": []}]"
chunk_009_2026-04-27_2026-05-04,2026-05-04,10,A012,1,5,19,"[3326, 3327, 3328, 3329, 3330, 3331, 3332, 3333, 3334, 3336, 3337, 3338, 3339, 3340, 3341, 3342, 3343, 3344, 3345]","[{""post_id"": 3326, ""anonymous_code"": ""곰-1801"", ""post_type"": ""trade_share"", ""title"": ""오늘 삼성전자 1주 매수했습니다!"", ""like_count"": 0, ""unlike_count"": 0, ""score"": 0, ""author_badges"": [""상위 수익자"", ""자산가""]}, {""post_id"": 3327, ""anonymous_code"": ""호랑이-8886"", ""post_type"": ""trade_share"", ""title"": ""오늘 삼성전자 80주 매수했습니다!"", ""like_count"": 0, ""unlike_count"": 0, ""score"": 0, ""author_badges"": [""커뮤니티 인플루언서""]}, {""post_id"": 3328, ""anonymous_code"": ""코끼리-6457"", ""post_type"": ""analysis"", ""title"": ""삼성전자 기술적 강세와 금리 우려의 이중성"", ""like_count"": 2, ""unlike_count"": 0, ""score"": 2, ""author_badges"": []}, {""post_id"": 3329, ""anonymous_code"": ""황소-9750"", ""post_type"": ""analysis"", ""title"": ""[시장 전망] 반도체 업황과 금리 인상 우려 속에서의 투자 전략"", ""like_count"": 5, ""unlike_count"": 0, ""score"": 5, ""author_badges"": [""상위 수익자"", ""자산가""]}, {""post_id"": 3330, ""anonymous_code"": ""늑대-8884"", ""post_type"": ""trade_share"", ""title"": ""[매도] 삼성전자 일부 매도했습니다."", ""like_count"": 5, ""unlike_count"": 0, ""score"": 5, ""author_badges"": [""커뮤니티 인플루언서""]}, {""post_id"": 3331, ""anonymous_code"": ""펭귄-3788"", ""post_type"": ""trade_share"", ""title"": ""오늘 삼성전자 5주 매수했습니다!"", ""like_count"": 0, ""unlike_count"": 0, ""score"": 0, ""author_badges"": []}, {""post_id"": 3332, ""anonymous_code"": ""여우-7933"", ""post_type"": ""trade_share"", ""title"": ""오늘 삼성전자 추가 매수했습니다!"", ""like_count"": 0, ""unlike_count"": 0, ""score"": 0, ""author_badges"": []}, {""post_id"": 3333, ""anonymous_code"": ""독수리-4082"", ""post_type"": ""trade_share"", ""title"": ""오늘 삼성전자 일부 매도했습니다."", ""like_count"": 1, ""unlike_count"": 0, ""score"": 1, ""author_badges"": [""커뮤니티 인플루언서""]}, {""post_id"": 3334, ""anonymous_code"": ""돌고래-5489"", ""post_type"": ""analysis"", ""title"": ""삼성전자, 상승 추세는 유지 중 - 저평가 구간에서 적정선 상단으로 이동"", ""like_count"": 0, ""unlike_count"": 4, ""score"": -4, ""author_badges"": []}, {""post_id"": 3336, ""anonymous_code"": ""사자-5895"", ""post_type"": ""trade_share"", ""title"": ""오늘 삼성전자 일부 매도했습니다."", ""like_count"": 0, ""unlike_count"": 0, ""score"": 0, ""author_badges"": [""상위 수익자"", ""자산가""]}, {""post_id"": 3337, ""anonymous_code"": ""코끼리-2877"", ""post_type"": ""trade_share"", ""title"": ""오늘 삼성전자 일부 매도했습니다."", ""like_count"": 0, ""unlike_count"": 0, ""score"": 0, ""author_badges"": []}, {""post_id"": 3338, ""anonymous_code"": ""곰-1911"", ""post_type"": ""trade_share"", ""title"": ""오늘 삼성전자 매수했습니다!"", ""like_count"": 0, ""unlike_count"": 0, ""score"": 0, ""author_badges"": [""커뮤니티 인플루언서""]}, {""post_id"": 3339, ""anonymous_code"": ""사자-5055"", ""post_type"": ""trade_share"", ""title"": ""오늘 삼성전자 매도 거래 공유합니다!"", ""like_count"": 0, ""unlike_count"": 0, ""score"": 0, ""author_badges"": [""상위 수익자"", ""자산가""]}, {""post_id"": 3340, ""anonymous_code"": ""곰-9761"", ""post_type"": ""trade_share"", ""title"": ""오늘 소폭 수익 실현했습니다!"", ""like_count"": 1, ""unlike_count"": 1, ""score"": 0, ""author_badges"": []}, {""post_id"": 3341, ""anonymous_code"": ""황소-8760"", ""post_type"": ""trade_share"", ""title"": ""오늘 삼성전자 1주 매도했습니다"", ""like_count"": 0, ""unlike_count"": 0, ""score"": 0, ""author_badges"": []}, {""post_id"": 3342, ""anonymous_code"": ""여우-2283"", ""post_type"": ""trade_share"", ""title"": ""오늘 삼성전자 매수했습니다!"", ""like_count"": 0, ""unlike_count"": 0, ""score"": 0, ""author_badges"": []}, {""post_id"": 3343, ""anonymous_code"": ""독수리-8072"", ""post_type"": ""trade_share"", ""title"": ""오늘 삼성전자 일부 매도했습니다!"", ""like_count"": 0, ""unlike_count"": 0, ""score"": 0, ""author_badges"": []}, {""post_id"": 3344, ""anonymous_code"": ""돌고래-5159"", ""post_type"": ""trade_share"", ""title"": ""오늘 삼성전자 일부 매도했습니다."", ""like_count"": 0, ""unlike_count"": 0, ""score"": 0, ""author_badges"": []}, {""post_id"": 3345, ""anonymous_code"": ""늑대-4264"", ""post_type"": ""trade_share"", ""title"": ""오늘 삼성전자 추가 매수했습니다!"", ""like_count"": 0, ""unlike_count"": 0, ""score"": 0, ""author_badges"": []}]"
chunk_009_2026-04-27_2026-05-04,2026-05-04,10,A013,1,5,19,"[3326, 3327, 3328, 3329, 3330, 3331, 3332, 3333, 3334, 3335, 3337, 3338, 3339, 3340, 3341, 3342, 3343, 3344, 3345]","[{""post_id"": 3326, ""anonymous_code"": ""곰-1801"", ""post_type"": ""trade_share"", ""title"": ""오늘 삼성전자 1주 매수했습니다!"", ""like_count"": 0, ""unlike_count"": 0, ""score"": 0, ""author_badges"": [""상위 수익자"", ""자산가""]}, {""post_id"": 3327, ""anonymous_code"": ""호랑이-8886"", ""post_type"": ""trade_share"", ""title"": ""오늘 삼성전자 80주 매수했습니다!"", ""like_count"": 0, ""unlike_count"": 0, ""score"": 0, ""author_badges"": [""커뮤니티 인플루언서""]}, {""post_id"": 3328, ""anonymous_code"": ""코끼리-6457"", ""post_type"": ""analysis"", ""title"": ""삼성전자 기술적 강세와 금리 우려의 이중성"", ""like_count"": 3, ""unlike_count"": 0, ""score"": 3, ""author_badges"": []}, {""post_id"": 3329, ""anonymous_code"": ""황소-9750"", ""post_type"": ""analysis"", ""title"": ""[시장 전망] 반도체 업황과 금리 인상 우려 속에서의 투자 전략"", ""like_count"": 6, ""unlike_count"": 0, ""score"": 6, ""author_badges"": [""상위 수익자"", ""자산가""]}, {""post_id"": 3330, ""anonymous_code"": ""늑대-8884"", ""post_type"": ""trade_share"", ""title"": ""[매도] 삼성전자 일부 매도했습니다."", ""like_count"": 5, ""unlike_count"": 1, ""score"": 4, ""author_badges"": [""커뮤니티 인플루언서""]}, {""post_id"": 3331, ""anonymous_code"": ""펭귄-3788"", ""post_type"": ""trade_share"", ""title"": ""오늘 삼성전자 5주 매수했습니다!"", ""like_count"": 0, ""unlike_count"": 0, ""score"": 0, ""author_badges"": []}, {""post_id"": 3332, ""anonymous_code"": ""여우-7933"", ""post_type"": ""trade_share"", ""title"": ""오늘 삼성전자 추가 매수했습니다!"", ""like_count"": 0, ""unlike_count"": 0, ""score"": 0, ""author_badges"": []}, {""post_id"": 3333, ""anonymous_code"": ""독수리-4082"", ""post_type"": ""trade_share"", ""title"": ""오늘 삼성전자 일부 매도했습니다."", ""like_count"": 1, ""unlike_count"": 0, ""score"": 1, ""author_badges"": [""커뮤니티 인플루언서""]}, {""post_id"": 3334, ""anonymous_code"": ""돌고래-5489"", ""post_type"": ""analysis"", ""title"": ""삼성전자, 상승 추세는 유지 중 - 저평가 구간에서 적정선 상단으로 이동"", ""like_count"": 0, ""unlike_count"": 4, ""score"": -4, ""author_badges"": []}, {""post_id"": 3335, ""anonymous_code"": ""사자-8665"", ""post_type"": ""trade_share"", ""title"": ""오늘 삼성전자 매도했습니다!"", ""like_count"": 1, ""unlike_count"": 2, ""score"": -1, ""author_badges"": []}, {""post_id"": 3337, ""anonymous_code"": ""코끼리-2877"", ""post_type"": ""trade_share"", ""title"": ""오늘 삼성전자 일부 매도했습니다."", ""like_count"": 0, ""unlike_count"": 0, ""score"": 0, ""author_badges"": []}, {""post_id"": 3338, ""anonymous_code"": ""곰-1911"", ""post_type"": ""trade_share"", ""title"": ""오늘 삼성전자 매수했습니다!"", ""like_count"": 0, ""unlike_count"": 0, ""score"": 0, ""author_badges"": [""커뮤니티 인플루언서""]}, {""post_id"": 3339, ""anonymous_code"": ""사자-5055"", ""post_type"": ""trade_share"", ""title"": ""오늘 삼성전자 매도 거래 공유합니다!"", ""like_count"": 0, ""unlike_count"": 0, ""score"": 0, ""author_badges"": [""상위 수익자"", ""자산가""]}, {""post_id"": 3340, ""anonymous_code"": ""곰-9761"", ""post_type"": ""trade_share"", ""title"": ""오늘 소폭 수익 실현했습니다!"", ""like_count"": 1, ""unlike_count"": 1, ""score"": 0, ""author_badges"": []}, {""post_id"": 3341, ""anonymous_code"": ""황소-8760"", ""post_type"": ""trade_share"", ""title"": ""오늘 삼성전자 1주 매도했습니다"", ""like_count"": 0, ""unlike_count"": 0, ""score"": 0, ""author_badges"": []}, {""post_id"": 3342, ""anonymous_code"": ""여우-2283"", ""post_type"": ""trade_share"", ""title"": ""오늘 삼성전자 매수했습니다!"", ""like_count"": 0, ""unlike_count"": 0, ""score"": 0, ""author_badges"": []}, {""post_id"": 3343, ""anonymous_code"": ""독수리-8072"", ""post_type"": ""trade_share"", ""title"": ""오늘 삼성전자 일부 매도했습니다!"", ""like_count"": 0, ""unlike_count"": 0, ""score"": 0, ""author_badges"": []}, {""post_id"": 3344, ""anonymous_code"": ""돌고래-5159"", ""post_type"": ""trade_share"", ""title"": ""오늘 삼성전자 일부 매도했습니다."", ""like_count"": 1, ""unlike_count"": 0, ""score"": 1, ""author_badges"": []}, {""post_id"": 3345, ""anonymous_code"": ""늑대-4264"", ""post_type"": ""trade_share"", ""title"": ""오늘 삼성전자 추가 매수했습니다!"", ""like_count"": 0, ""unlike_count"": 0, ""score"": 0, ""author_badges"": []}]"
chunk_009_2026-04-27_2026-05-04,2026-05-04,10,A014,1,5,19,"[3326, 3327, 3328, 3329, 3330, 3331, 3332, 3333, 3334, 3335, 3336, 3338, 3339, 3340, 3341, 3342, 3343, 3344, 3345]","[{""post_id"": 3326, ""anonymous_code"": ""곰-1801"", ""post_type"": ""trade_share"", ""title"": ""오늘 삼성전자 1주 매수했습니다!"", ""like_count"": 0, ""unlike_count"": 0, ""score"": 0, ""author_badges"": [""상위 수익자"", ""자산가""]}, {""post_id"": 3327, ""anonymous_code"": ""호랑이-8886"", ""post_type"": ""trade_share"", ""title"": ""오늘 삼성전자 80주 매수했습니다!"", ""like_count"": 0, ""unlike_count"": 0, ""score"": 0, ""author_badges"": [""커뮤니티 인플루언서""]}, {""post_id"": 3328, ""anonymous_code"": ""코끼리-6457"", ""post_type"": ""analysis"", ""title"": ""삼성전자 기술적 강세와 금리 우려의 이중성"", ""like_count"": 4, ""unlike_count"": 0, ""score"": 4, ""author_badges"": []}, {""post_id"": 3329, ""anonymous_code"": ""황소-9750"", ""post_type"": ""analysis"", ""title"": ""[시장 전망] 반도체 업황과 금리 인상 우려 속에서의 투자 전략"", ""like_count"": 7, ""unlike_count"": 0, ""score"": 7, ""author_badges"": [""상위 수익자"", ""자산가""]}, {""post_id"": 3330, ""anonymous_code"": ""늑대-8884"", ""post_type"": ""trade_share"", ""title"": ""[매도] 삼성전자 일부 매도했습니다."", ""like_count"": 5, ""unlike_count"": 2, ""score"": 3, ""author_badges"": [""커뮤니티 인플루언서""]}, {""post_id"": 3331, ""anonymous_code"": ""펭귄-3788"", ""post_type"": ""trade_share"", ""title"": ""오늘 삼성전자 5주 매수했습니다!"", ""like_count"": 0, ""unlike_count"": 0, ""score"": 0, ""author_badges"": []}, {""post_id"": 3332, ""anonymous_code"": ""여우-7933"", ""post_type"": ""trade_share"", ""title"": ""오늘 삼성전자 추가 매수했습니다!"", ""like_count"": 0, ""unlike_count"": 0, ""score"": 0, ""author_badges"": []}, {""post_id"": 3333, ""anonymous_code"": ""독수리-4082"", ""post_type"": ""trade_share"", ""title"": ""오늘 삼성전자 일부 매도했습니다."", ""like_count"": 1, ""unlike_count"": 0, ""score"": 1, ""author_badges"": [""커뮤니티 인플루언서""]}, {""post_id"": 3334, ""anonymous_code"": ""돌고래-5489"", ""post_type"": ""analysis"", ""title"": ""삼성전자, 상승 추세는 유지 중 - 저평가 구간에서 적정선 상단으로 이동"", ""like_count"": 0, ""unlike_count"": 4, ""score"": -4, ""author_badges"": []}, {""post_id"": 3335, ""anonymous_code"": ""사자-8665"", ""post_type"": ""trade_share"", ""title"": ""오늘 삼성전자 매도했습니다!"", ""like_count"": 1, ""unlike_count"": 3, ""score"": -2, ""author_badges"": []}, {""post_id"": 3336, ""anonymous_code"": ""사자-5895"", ""post_type"": ""trade_share"", ""title"": ""오늘 삼성전자 일부 매도했습니다."", ""like_count"": 0, ""unlike_count"": 0, ""score"": 0, ""author_badges"": [""상위 수익자"", ""자산가""]}, {""post_id"": 3338, ""anonymous_code"": ""곰-1911"", ""post_type"": ""trade_share"", ""title"": ""오늘 삼성전자 매수했습니다!"", ""like_count"": 0, ""unlike_count"": 0, ""score"": 0, ""author_badges"": [""커뮤니티 인플루언서""]}, {""post_id"": 3339, ""anonymous_code"": ""사자-5055"", ""post_type"": ""trade_share"", ""title"": ""오늘 삼성전자 매도 거래 공유합니다!"", ""like_count"": 0, ""unlike_count"": 0, ""score"": 0, ""author_badges"": [""상위 수익자"", ""자산가""]}, {""post_id"": 3340, ""anonymous_code"": ""곰-9761"", ""post_type"": ""trade_share"", ""title"": ""오늘 소폭 수익 실현했습니다!"", ""like_count"": 1, ""unlike_count"": 1, ""score"": 0, ""author_badges"": []}, {""post_id"": 3341, ""anonymous_code"": ""황소-8760"", ""post_type"": ""trade_share"", ""title"": ""오늘 삼성전자 1주 매도했습니다"", ""like_count"": 0, ""unlike_count"": 0, ""score"": 0, ""author_badges"": []}, {""post_id"": 3342, ""anonymous_code"": ""여우-2283"", ""post_type"": ""trade_share"", ""title"": ""오늘 삼성전자 매수했습니다!"", ""like_count"": 0, ""unlike_count"": 0, ""score"": 0, ""author_badges"": []}, {""post_id"": 3343, ""anonymous_code"": ""독수리-8072"", ""post_type"": ""trade_share"", ""title"": ""오늘 삼성전자 일부 매도했습니다!"", ""like_count"": 0, ""unlike_count"": 0, ""score"": 0, ""author_badges"": []}, {""post_id"": 3344, ""anonymous_code"": ""돌고래-5159"", ""post_type"": ""trade_share"", ""title"": ""오늘 삼성전자 일부 매도했습니다."", ""like_count"": 1, ""unlike_count"": 0, ""score"": 1, ""author_badges"": []}, {""post_id"": 3345, ""anonymous_code"": ""늑대-4264"", ""post_type"": ""trade_share"", ""title"": ""오늘 삼성전자 추가 매수했습니다!"", ""like_count"": 0, ""unlike_count"": 0, ""score"": 0, ""author_badges"": []}]"
chunk_009_2026-04-27_2026-05-04,2026-05-04,10,A015,2,10,19,"[3326, 3327, 3328, 3329, 3330, 3331, 3332, 3333, 3334, 3335, 3336, 3337, 3338, 3340, 3341, 3342, 3343, 3344, 3345]","[{""post_id"": 3326, ""anonymous_code"": ""곰-1801"", ""post_type"": ""trade_share"", ""title"": ""오늘 삼성전자 1주 매수했습니다!"", ""like_count"": 0, ""unlike_count"": 0, ""score"": 0, ""author_badges"": [""상위 수익자"", ""자산가""]}, {""post_id"": 3327, ""anonymous_code"": ""호랑이-8886"", ""post_type"": ""trade_share"", ""title"": ""오늘 삼성전자 80주 매수했습니다!"", ""like_count"": 0, ""unlike_count"": 0, ""score"": 0, ""author_badges"": [""커뮤니티 인플루언서""]}, {""post_id"": 3328, ""anonymous_code"": ""코끼리-6457"", ""post_type"": ""analysis"", ""title"": ""삼성전자 기술적 강세와 금리 우려의 이중성"", ""like_count"": 5, ""unlike_count"": 0, ""score"": 5, ""author_badges"": []}, {""post_id"": 3329, ""anonymous_code"": ""황소-9750"", ""post_type"": ""analysis"", ""title"": ""[시장 전망] 반도체 업황과 금리 인상 우려 속에서의 투자 전략"", ""like_count"": 8, ""unlike_count"": 0, ""score"": 8, ""author_badges"": [""상위 수익자"", ""자산가""]}, {""post_id"": 3330, ""anonymous_code"": ""늑대-8884"", ""post_type"": ""trade_share"", ""title"": ""[매도] 삼성전자 일부 매도했습니다."", ""like_count"": 5, ""unlike_count"": 2, ""score"": 3, ""author_badges"": [""커뮤니티 인플루언서""]}, {""post_id"": 3331, ""anonymous_code"": ""펭귄-3788"", ""post_type"": ""trade_share"", ""title"": ""오늘 삼성전자 5주 매수했습니다!"", ""like_count"": 0, ""unlike_count"": 0, ""score"": 0, ""author_badges"": []}, {""post_id"": 3332, ""anonymous_code"": ""여우-7933"", ""post_type"": ""trade_share"", ""title"": ""오늘 삼성전자 추가 매수했습니다!"", ""like_count"": 0, ""unlike_count"": 0, ""score"": 0, ""author_badges"": []}, {""post_id"": 3333, ""anonymous_code"": ""독수리-4082"", ""post_type"": ""trade_share"", ""title"": ""오늘 삼성전자 일부 매도했습니다."", ""like_count"": 1, ""unlike_count"": 0, ""score"": 1, ""author_badges"": [""커뮤니티 인플루언서""]}, {""post_id"": 3334, ""anonymous_code"": ""돌고래-5489"", ""post_type"": ""analysis"", ""title"": ""삼성전자, 상승 추세는 유지 중 - 저평가 구간에서 적정선 상단으로 이동"", ""like_count"": 0, ""unlike_count"": 5, ""score"": -5, ""author_badges"": []}, {""post_id"": 3335, ""anonymous_code"": ""사자-8665"", ""post_type"": ""trade_share"", ""title"": ""오늘 삼성전자 매도했습니다!"", ""like_count"": 1, ""unlike_count"": 3, ""score"": -2, ""author_badges"": []}, {""post_id"": 3336, ""anonymous_code"": ""사자-5895"", ""post_type"": ""trade_share"", ""title"": ""오늘 삼성전자 일부 매도했습니다."", ""like_count"": 1, ""unlike_count"": 0, ""score"": 1, ""author_badges"": [""상위 수익자"", ""자산가""]}, {""post_id"": 3337, ""anonymous_code"": ""코끼리-2877"", ""post_type"": ""trade_share"", ""title"": ""오늘 삼성전자 일부 매도했습니다."", ""like_count"": 0, ""unlike_count"": 0, ""score"": 0, ""author_badges"": []}, {""post_id"": 3338, ""anonymous_code"": ""곰-1911"", ""post_type"": ""trade_share"", ""title"": ""오늘 삼성전자 매수했습니다!"", ""like_count"": 0, ""unlike_count"": 0, ""score"": 0, ""author_badges"": [""커뮤니티 인플루언서""]}, {""post_id"": 3340, ""anonymous_code"": ""곰-9761"", ""post_type"": ""trade_share"", ""title"": ""오늘 소폭 수익 실현했습니다!"", ""like_count"": 1, ""unlike_count"": 1, ""score"": 0, ""author_badges"": []}, {""post_id"": 3341, ""anonymous_code"": ""황소-8760"", ""post_type"": ""trade_share"", ""title"": ""오늘 삼성전자 1주 매도했습니다"", ""like_count"": 0, ""unlike_count"": 0, ""score"": 0, ""author_badges"": []}, {""post_id"": 3342, ""anonymous_code"": ""여우-2283"", ""post_type"": ""trade_share"", ""title"": ""오늘 삼성전자 매수했습니다!"", ""like_count"": 0, ""unlike_count"": 0, ""score"": 0, ""author_badges"": []}, {""post_id"": 3343, ""anonymous_code"": ""독수리-8072"", ""post_type"": ""trade_share"", ""title"": ""오늘 삼성전자 일부 매도했습니다!"", ""like_count"": 0, ""unlike_count"": 0, ""score"": 0, ""author_badges"": []}, {""post_id"": 3344, ""anonymous_code"": ""돌고래-5159"", ""post_type"": ""trade_share"", ""title"": ""오늘 삼성전자 일부 매도했습니다."", ""like_count"": 1, ""unlike_count"": 0, ""score"": 1, ""author_badges"": []}, {""post_id"": 3345, ""anonymous_code"": ""늑대-4264"", ""post_type"": ""trade_share"", ""title"": ""오늘 삼성전자 추가 매수했습니다!"", ""like_count"": 0, ""unlike_count"": 0, ""score"": 0, ""author_badges"": []}]"
chunk_009_2026-04-27_2026-05-04,2026-05-04,10,A017,2,10,19,"[3326, 3327, 3328, 3329, 3330, 3331, 3332, 3333, 3334, 3335, 3336, 3337, 3339, 3340, 3341, 3342, 3343, 3344, 3345]","[{""post_id"": 3326, ""anonymous_code"": ""곰-1801"", ""post_type"": ""trade_share"", ""title"": ""오늘 삼성전자 1주 매수했습니다!"", ""like_count"": 0, ""unlike_count"": 0, ""score"": 0, ""author_badges"": [""상위 수익자"", ""자산가""]}, {""post_id"": 3327, ""anonymous_code"": ""호랑이-8886"", ""post_type"": ""trade_share"", ""title"": ""오늘 삼성전자 80주 매수했습니다!"", ""like_count"": 0, ""unlike_count"": 0, ""score"": 0, ""author_badges"": [""커뮤니티 인플루언서""]}, {""post_id"": 3328, ""anonymous_code"": ""코끼리-6457"", ""post_type"": ""analysis"", ""title"": ""삼성전자 기술적 강세와 금리 우려의 이중성"", ""like_count"": 5, ""unlike_count"": 0, ""score"": 5, ""author_badges"": []}, {""post_id"": 3329, ""anonymous_code"": ""황소-9750"", ""post_type"": ""analysis"", ""title"": ""[시장 전망] 반도체 업황과 금리 인상 우려 속에서의 투자 전략"", ""like_count"": 9, ""unlike_count"": 0, ""score"": 9, ""author_badges"": [""상위 수익자"", ""자산가""]}, {""post_id"": 3330, ""anonymous_code"": ""늑대-8884"", ""post_type"": ""trade_share"", ""title"": ""[매도] 삼성전자 일부 매도했습니다."", ""like_count"": 6, ""unlike_count"": 2, ""score"": 4, ""author_badges"": [""커뮤니티 인플루언서""]}, {""post_id"": 3331, ""anonymous_code"": ""펭귄-3788"", ""post_type"": ""trade_share"", ""title"": ""오늘 삼성전자 5주 매수했습니다!"", ""like_count"": 0, ""unlike_count"": 0, ""score"": 0, ""author_badges"": []}, {""post_id"": 3332, ""anonymous_code"": ""여우-7933"", ""post_type"": ""trade_share"", ""title"": ""오늘 삼성전자 추가 매수했습니다!"", ""like_count"": 0, ""unlike_count"": 0, ""score"": 0, ""author_badges"": []}, {""post_id"": 3333, ""anonymous_code"": ""독수리-4082"", ""post_type"": ""trade_share"", ""title"": ""오늘 삼성전자 일부 매도했습니다."", ""like_count"": 1, ""unlike_count"": 0, ""score"": 1, ""author_badges"": [""커뮤니티 인플루언서""]}, {""post_id"": 3334, ""anonymous_code"": ""돌고래-5489"", ""post_type"": ""analysis"", ""title"": ""삼성전자, 상승 추세는 유지 중 - 저평가 구간에서 적정선 상단으로 이동"", ""like_count"": 0, ""unlike_count"": 6, ""score"": -6, ""author_badges"": []}, {""post_id"": 3335, ""anonymous_code"": ""사자-8665"", ""post_type"": ""trade_share"", ""title"": ""오늘 삼성전자 매도했습니다!"", ""like_count"": 1, ""unlike_count"": 3, ""score"": -2, ""author_badges"": []}, {""post_id"": 3336, ""anonymous_code"": ""사자-5895"", ""post_type"": ""trade_share"", ""title"": ""오늘 삼성전자 일부 매도했습니다."", ""like_count"": 1, ""unlike_count"": 0, ""score"": 1, ""author_badges"": [""상위 수익자"", ""자산가""]}, {""post_id"": 3337, ""anonymous_code"": ""코끼리-2877"", ""post_type"": ""trade_share"", ""title"": ""오늘 삼성전자 일부 매도했습니다."", ""like_count"": 0, ""unlike_count"": 0, ""score"": 0, ""author_badges"": []}, {""post_id"": 3339, ""anonymous_code"": ""사자-5055"", ""post_type"": ""trade_share"", ""title"": ""오늘 삼성전자 매도 거래 공유합니다!"", ""like_count"": 0, ""unlike_count"": 0, ""score"": 0, ""author_badges"": [""상위 수익자"", ""자산가""]}, {""post_id"": 3340, ""anonymous_code"": ""곰-9761"", ""post_type"": ""trade_share"", ""title"": ""오늘 소폭 수익 실현했습니다!"", ""like_count"": 2, ""unlike_count"": 1, ""score"": 1, ""author_badges"": []}, {""post_id"": 3341, ""anonymous_code"": ""황소-8760"", ""post_type"": ""trade_share"", ""title"": ""오늘 삼성전자 1주 매도했습니다"", ""like_count"": 0, ""unlike_count"": 0, ""score"": 0, ""author_badges"": []}, {""post_id"": 3342, ""anonymous_code"": ""여우-2283"", ""post_type"": ""trade_share"", ""title"": ""오늘 삼성전자 매수했습니다!"", ""like_count"": 0, ""unlike_count"": 0, ""score"": 0, ""author_badges"": []}, {""post_id"": 3343, ""anonymous_code"": ""독수리-8072"", ""post_type"": ""trade_share"", ""title"": ""오늘 삼성전자 일부 매도했습니다!"", ""like_count"": 0, ""unlike_count"": 0, ""score"": 0, ""author_badges"": []}, {""post_id"": 3344, ""anonymous_code"": ""돌고래-5159"", ""post_type"": ""trade_share"", ""title"": ""오늘 삼성전자 일부 매도했습니다."", ""like_count"": 1, ""unlike_count"": 0, ""score"": 1, ""author_badges"": []}, {""post_id"": 3345, ""anonymous_code"": ""늑대-4264"", ""post_type"": ""trade_share"", ""title"": ""오늘 삼성전자 추가 매수했습니다!"", ""like_count"": 0, ""unlike_count"": 0, ""score"": 0, ""author_badges"": []}]"
chunk_009_2026-04-27_2026-05-04,2026-05-04,10,A019,1,5,19,"[3326, 3327, 3328, 3329, 3330, 3331, 3332, 3333, 3334, 3335, 3336, 3337, 3338, 3339, 3341, 3342, 3343, 3344, 3345]","[{""post_id"": 3326, ""anonymous_code"": ""곰-1801"", ""post_type"": ""trade_share"", ""title"": ""오늘 삼성전자 1주 매수했습니다!"", ""like_count"": 0, ""unlike_count"": 0, ""score"": 0, ""author_badges"": [""상위 수익자"", ""자산가""]}, {""post_id"": 3327, ""anonymous_code"": ""호랑이-8886"", ""post_type"": ""trade_share"", ""title"": ""오늘 삼성전자 80주 매수했습니다!"", ""like_count"": 0, ""unlike_count"": 0, ""score"": 0, ""author_badges"": [""커뮤니티 인플루언서""]}, {""post_id"": 3328, ""anonymous_code"": ""코끼리-6457"", ""post_type"": ""analysis"", ""title"": ""삼성전자 기술적 강세와 금리 우려의 이중성"", ""like_count"": 6, ""unlike_count"": 0, ""score"": 6, ""author_badges"": []}, {""post_id"": 3329, ""anonymous_code"": ""황소-9750"", ""post_type"": ""analysis"", ""title"": ""[시장 전망] 반도체 업황과 금리 인상 우려 속에서의 투자 전략"", ""like_count"": 9, ""unlike_count"": 1, ""score"": 8, ""author_badges"": [""상위 수익자"", ""자산가""]}, {""post_id"": 3330, ""anonymous_code"": ""늑대-8884"", ""post_type"": ""trade_share"", ""title"": ""[매도] 삼성전자 일부 매도했습니다."", ""like_count"": 6, ""unlike_count"": 2, ""score"": 4, ""author_badges"": [""커뮤니티 인플루언서""]}, {""post_id"": 3331, ""anonymous_code"": ""펭귄-3788"", ""post_type"": ""trade_share"", ""title"": ""오늘 삼성전자 5주 매수했습니다!"", ""like_count"": 0, ""unlike_count"": 0, ""score"": 0, ""author_badges"": []}, {""post_id"": 3332, ""anonymous_code"": ""여우-7933"", ""post_type"": ""trade_share"", ""title"": ""오늘 삼성전자 추가 매수했습니다!"", ""like_count"": 0, ""unlike_count"": 0, ""score"": 0, ""author_badges"": []}, {""post_id"": 3333, ""anonymous_code"": ""독수리-4082"", ""post_type"": ""trade_share"", ""title"": ""오늘 삼성전자 일부 매도했습니다."", ""like_count"": 1, ""unlike_count"": 0, ""score"": 1, ""author_badges"": [""커뮤니티 인플루언서""]}, {""post_id"": 3334, ""anonymous_code"": ""돌고래-5489"", ""post_type"": ""analysis"", ""title"": ""삼성전자, 상승 추세는 유지 중 - 저평가 구간에서 적정선 상단으로 이동"", ""like_count"": 1, ""unlike_count"": 6, ""score"": -5, ""author_badges"": []}, {""post_id"": 3335, ""anonymous_code"": ""사자-8665"", ""post_type"": ""trade_share"", ""title"": ""오늘 삼성전자 매도했습니다!"", ""like_count"": 1, ""unlike_count"": 3, ""score"": -2, ""author_badges"": []}, {""post_id"": 3336, ""anonymous_code"": ""사자-5895"", ""post_type"": ""trade_share"", ""title"": ""오늘 삼성전자 일부 매도했습니다."", ""like_count"": 1, ""unlike_count"": 0, ""score"": 1, ""author_badges"": [""상위 수익자"", ""자산가""]}, {""post_id"": 3337, ""anonymous_code"": ""코끼리-2877"", ""post_type"": ""trade_share"", ""title"": ""오늘 삼성전자 일부 매도했습니다."", ""like_count"": 0, ""unlike_count"": 0, ""score"": 0, ""author_badges"": []}, {""post_id"": 3338, ""anonymous_code"": ""곰-1911"", ""post_type"": ""trade_share"", ""title"": ""오늘 삼성전자 매수했습니다!"", ""like_count"": 0, ""unlike_count"": 0, ""score"": 0, ""author_badges"": [""커뮤니티 인플루언서""]}, {""post_id"": 3339, ""anonymous_code"": ""사자-5055"", ""post_type"": ""trade_share"", ""title"": ""오늘 삼성전자 매도 거래 공유합니다!"", ""like_count"": 0, ""unlike_count"": 0, ""score"": 0, ""author_badges"": [""상위 수익자"", ""자산가""]}, {""post_id"": 3341, ""anonymous_code"": ""황소-8760"", ""post_type"": ""trade_share"", ""title"": ""오늘 삼성전자 1주 매도했습니다"", ""like_count"": 0, ""unlike_count"": 0, ""score"": 0, ""author_badges"": []}, {""post_id"": 3342, ""anonymous_code"": ""여우-2283"", ""post_type"": ""trade_share"", ""title"": ""오늘 삼성전자 매수했습니다!"", ""like_count"": 0, ""unlike_count"": 0, ""score"": 0, ""author_badges"": []}, {""post_id"": 3343, ""anonymous_code"": ""독수리-8072"", ""post_type"": ""trade_share"", ""title"": ""오늘 삼성전자 일부 매도했습니다!"", ""like_count"": 0, ""unlike_count"": 0, ""score"": 0, ""author_badges"": []}, {""post_id"": 3344, ""anonymous_code"": ""돌고래-5159"", ""post_type"": ""trade_share"", ""title"": ""오늘 삼성전자 일부 매도했습니다."", ""like_count"": 1, ""unlike_count"": 0, ""score"": 1, ""author_badges"": []}, {""post_id"": 3345, ""anonymous_code"": ""늑대-4264"", ""post_type"": ""trade_share"", ""title"": ""오늘 삼성전자 추가 매수했습니다!"", ""like_count"": 0, ""unlike_count"": 0, ""score"": 0, ""author_badges"": []}]"
chunk_009_2026-04-27_2026-05-04,2026-05-04,10,A020,2,10,19,"[3326, 3327, 3328, 3329, 3330, 3331, 3332, 3333, 3334, 3335, 3336, 3337, 3338, 3339, 3340, 3342, 3343, 3344, 3345]","[{""post_id"": 3326, ""anonymous_code"": ""곰-1801"", ""post_type"": ""trade_share"", ""title"": ""오늘 삼성전자 1주 매수했습니다!"", ""like_count"": 0, ""unlike_count"": 0, ""score"": 0, ""author_badges"": [""상위 수익자"", ""자산가""]}, {""post_id"": 3327, ""anonymous_code"": ""호랑이-8886"", ""post_type"": ""trade_share"", ""title"": ""오늘 삼성전자 80주 매수했습니다!"", ""like_count"": 0, ""unlike_count"": 0, ""score"": 0, ""author_badges"": [""커뮤니티 인플루언서""]}, {""post_id"": 3328, ""anonymous_code"": ""코끼리-6457"", ""post_type"": ""analysis"", ""title"": ""삼성전자 기술적 강세와 금리 우려의 이중성"", ""like_count"": 7, ""unlike_count"": 0, ""score"": 7, ""author_badges"": []}, {""post_id"": 3329, ""anonymous_code"": ""황소-9750"", ""post_type"": ""analysis"", ""title"": ""[시장 전망] 반도체 업황과 금리 인상 우려 속에서의 투자 전략"", ""like_count"": 10, ""unlike_count"": 1, ""score"": 9, ""author_badges"": [""상위 수익자"", ""자산가""]}, {""post_id"": 3330, ""anonymous_code"": ""늑대-8884"", ""post_type"": ""trade_share"", ""title"": ""[매도] 삼성전자 일부 매도했습니다."", ""like_count"": 6, ""unlike_count"": 3, ""score"": 3, ""author_badges"": [""커뮤니티 인플루언서""]}, {""post_id"": 3331, ""anonymous_code"": ""펭귄-3788"", ""post_type"": ""trade_share"", ""title"": ""오늘 삼성전자 5주 매수했습니다!"", ""like_count"": 0, ""unlike_count"": 0, ""score"": 0, ""author_badges"": []}, {""post_id"": 3332, ""anonymous_code"": ""여우-7933"", ""post_type"": ""trade_share"", ""title"": ""오늘 삼성전자 추가 매수했습니다!"", ""like_count"": 0, ""unlike_count"": 0, ""score"": 0, ""author_badges"": []}, {""post_id"": 3333, ""anonymous_code"": ""독수리-4082"", ""post_type"": ""trade_share"", ""title"": ""오늘 삼성전자 일부 매도했습니다."", ""like_count"": 1, ""unlike_count"": 0, ""score"": 1, ""author_badges"": [""커뮤니티 인플루언서""]}, {""post_id"": 3334, ""anonymous_code"": ""돌고래-5489"", ""post_type"": ""analysis"", ""title"": ""삼성전자, 상승 추세는 유지 중 - 저평가 구간에서 적정선 상단으로 이동"", ""like_count"": 1, ""unlike_count"": 6, ""score"": -5, ""author_badges"": []}, {""post_id"": 3335, ""anonymous_code"": ""사자-8665"", ""post_type"": ""trade_share"", ""title"": ""오늘 삼성전자 매도했습니다!"", ""like_count"": 1, ""unlike_count"": 3, ""score"": -2, ""author_badges"": []}, {""post_id"": 3336, ""anonymous_code"": ""사자-5895"", ""post_type"": ""trade_share"", ""title"": ""오늘 삼성전자 일부 매도했습니다."", ""like_count"": 1, ""unlike_count"": 0, ""score"": 1, ""author_badges"": [""상위 수익자"", ""자산가""]}, {""post_id"": 3337, ""anonymous_code"": ""코끼리-2877"", ""post_type"": ""trade_share"", ""title"": ""오늘 삼성전자 일부 매도했습니다."", ""like_count"": 0, ""unlike_count"": 0, ""score"": 0, ""author_badges"": []}, {""post_id"": 3338, ""anonymous_code"": ""곰-1911"", ""post_type"": ""trade_share"", ""title"": ""오늘 삼성전자 매수했습니다!"", ""like_count"": 0, ""unlike_count"": 0, ""score"": 0, ""author_badges"": [""커뮤니티 인플루언서""]}, {""post_id"": 3339, ""anonymous_code"": ""사자-5055"", ""post_type"": ""trade_share"", ""title"": ""오늘 삼성전자 매도 거래 공유합니다!"", ""like_count"": 0, ""unlike_count"": 0, ""score"": 0, ""author_badges"": [""상위 수익자"", ""자산가""]}, {""post_id"": 3340, ""anonymous_code"": ""곰-9761"", ""post_type"": ""trade_share"", ""title"": ""오늘 소폭 수익 실현했습니다!"", ""like_count"": 3, ""unlike_count"": 1, ""score"": 2, ""author_badges"": []}, {""post_id"": 3342, ""anonymous_code"": ""여우-2283"", ""post_type"": ""trade_share"", ""title"": ""오늘 삼성전자 매수했습니다!"", ""like_count"": 0, ""unlike_count"": 0, ""score"": 0, ""author_badges"": []}, {""post_id"": 3343, ""anonymous_code"": ""독수리-8072"", ""post_type"": ""trade_share"", ""title"": ""오늘 삼성전자 일부 매도했습니다!"", ""like_count"": 0, ""unlike_count"": 0, ""score"": 0, ""author_badges"": []}, {""post_id"": 3344, ""anonymous_code"": ""돌고래-5159"", ""post_type"": ""trade_share"", ""title"": ""오늘 삼성전자 일부 매도했습니다."", ""like_count"": 2, ""unlike_count"": 0, ""score"": 2, ""author_badges"": []}, {""post_id"": 3345, ""anonymous_code"": ""늑대-4264"", ""post_type"": ""trade_share"", ""title"": ""오늘 삼성전자 추가 매수했습니다!"", ""like_count"": 0, ""unlike_count"": 0, ""score"": 0, ""author_badges"": []}]"
chunk_009_2026-04-27_2026-05-04,2026-05-04,10,A022,1,5,19,"[3326, 3327, 3328, 3329, 3330, 3331, 3332, 3333, 3334, 3335, 3336, 3337, 3338, 3339, 3340, 3341, 3342, 3343, 3345]","[{""post_id"": 3326, ""anonymous_code"": ""곰-1801"", ""post_type"": ""trade_share"", ""title"": ""오늘 삼성전자 1주 매수했습니다!"", ""like_count"": 0, ""unlike_count"": 0, ""score"": 0, ""author_badges"": [""상위 수익자"", ""자산가""]}, {""post_id"": 3327, ""anonymous_code"": ""호랑이-8886"", ""post_type"": ""trade_share"", ""title"": ""오늘 삼성전자 80주 매수했습니다!"", ""like_count"": 0, ""unlike_count"": 0, ""score"": 0, ""author_badges"": [""커뮤니티 인플루언서""]}, {""post_id"": 3328, ""anonymous_code"": ""코끼리-6457"", ""post_type"": ""analysis"", ""title"": ""삼성전자 기술적 강세와 금리 우려의 이중성"", ""like_count"": 7, ""unlike_count"": 0, ""score"": 7, ""author_badges"": []}, {""post_id"": 3329, ""anonymous_code"": ""황소-9750"", ""post_type"": ""analysis"", ""title"": ""[시장 전망] 반도체 업황과 금리 인상 우려 속에서의 투자 전략"", ""like_count"": 11, ""unlike_count"": 1, ""score"": 10, ""author_badges"": [""상위 수익자"", ""자산가""]}, {""post_id"": 3330, ""anonymous_code"": ""늑대-8884"", ""post_type"": ""trade_share"", ""title"": ""[매도] 삼성전자 일부 매도했습니다."", ""like_count"": 7, ""unlike_count"": 3, ""score"": 4, ""author_badges"": [""커뮤니티 인플루언서""]}, {""post_id"": 3331, ""anonymous_code"": ""펭귄-3788"", ""post_type"": ""trade_share"", ""title"": ""오늘 삼성전자 5주 매수했습니다!"", ""like_count"": 0, ""unlike_count"": 0, ""score"": 0, ""author_badges"": []}, {""post_id"": 3332, ""anonymous_code"": ""여우-7933"", ""post_type"": ""trade_share"", ""title"": ""오늘 삼성전자 추가 매수했습니다!"", ""like_count"": 0, ""unlike_count"": 0, ""score"": 0, ""author_badges"": []}, {""post_id"": 3333, ""anonymous_code"": ""독수리-4082"", ""post_type"": ""trade_share"", ""title"": ""오늘 삼성전자 일부 매도했습니다."", ""like_count"": 1, ""unlike_count"": 0, ""score"": 1, ""author_badges"": [""커뮤니티 인플루언서""]}, {""post_id"": 3334, ""anonymous_code"": ""돌고래-5489"", ""post_type"": ""analysis"", ""title"": ""삼성전자, 상승 추세는 유지 중 - 저평가 구간에서 적정선 상단으로 이동"", ""like_count"": 1, ""unlike_count"": 7, ""score"": -6, ""author_badges"": []}, {""post_id"": 3335, ""anonymous_code"": ""사자-8665"", ""post_type"": ""trade_share"", ""title"": ""오늘 삼성전자 매도했습니다!"", ""like_count"": 1, ""unlike_count"": 3, ""score"": -2, ""author_badges"": []}, {""post_id"": 3336, ""anonymous_code"": ""사자-5895"", ""post_type"": ""trade_share"", ""title"": ""오늘 삼성전자 일부 매도했습니다."", ""like_count"": 1, ""unlike_count"": 0, ""score"": 1, ""author_badges"": [""상위 수익자"", ""자산가""]}, {""post_id"": 3337, ""anonymous_code"": ""코끼리-2877"", ""post_type"": ""trade_share"", ""title"": ""오늘 삼성전자 일부 매도했습니다."", ""like_count"": 0, ""unlike_count"": 0, ""score"": 0, ""author_badges"": []}, {""post_id"": 3338, ""anonymous_code"": ""곰-1911"", ""post_type"": ""trade_share"", ""title"": ""오늘 삼성전자 매수했습니다!"", ""like_count"": 0, ""unlike_count"": 0, ""score"": 0, ""author_badges"": [""커뮤니티 인플루언서""]}, {""post_id"": 3339, ""anonymous_code"": ""사자-5055"", ""post_type"": ""trade_share"", ""title"": ""오늘 삼성전자 매도 거래 공유합니다!"", ""like_count"": 0, ""unlike_count"": 0, ""score"": 0, ""author_badges"": [""상위 수익자"", ""자산가""]}, {""post_id"": 3340, ""anonymous_code"": ""곰-9761"", ""post_type"": ""trade_share"", ""title"": ""오늘 소폭 수익 실현했습니다!"", ""like_count"": 4, ""unlike_count"": 1, ""score"": 3, ""author_badges"": []}, {""post_id"": 3341, ""anonymous_code"": ""황소-8760"", ""post_type"": ""trade_share"", ""title"": ""오늘 삼성전자 1주 매도했습니다"", ""like_count"": 0, ""unlike_count"": 0, ""score"": 0, ""author_badges"": []}, {""post_id"": 3342, ""anonymous_code"": ""여우-2283"", ""post_type"": ""trade_share"", ""title"": ""오늘 삼성전자 매수했습니다!"", ""like_count"": 0, ""unlike_count"": 0, ""score"": 0, ""author_badges"": []}, {""post_id"": 3343, ""anonymous_code"": ""독수리-8072"", ""post_type"": ""trade_share"", ""title"": ""오늘 삼성전자 일부 매도했습니다!"", ""like_count"": 0, ""unlike_count"": 0, ""score"": 0, ""author_badges"": []}, {""post_id"": 3345, ""anonymous_code"": ""늑대-4264"", ""post_type"": ""trade_share"", ""title"": ""오늘 삼성전자 추가 매수했습니다!"", ""like_count"": 0, ""unlike_count"": 0, ""score"": 0, ""author_badges"": []}]"
chunk_009_2026-04-27_2026-05-04,2026-05-04,10,A025,1,5,19,"[3326, 3327, 3328, 3329, 3330, 3331, 3332, 3333, 3334, 3335, 3336, 3337, 3338, 3339, 3340, 3341, 3342, 3344, 3345]","[{""post_id"": 3326, ""anonymous_code"": ""곰-1801"", ""post_type"": ""trade_share"", ""title"": ""오늘 삼성전자 1주 매수했습니다!"", ""like_count"": 0, ""unlike_count"": 0, ""score"": 0, ""author_badges"": [""상위 수익자"", ""자산가""]}, {""post_id"": 3327, ""anonymous_code"": ""호랑이-8886"", ""post_type"": ""trade_share"", ""title"": ""오늘 삼성전자 80주 매수했습니다!"", ""like_count"": 0, ""unlike_count"": 0, ""score"": 0, ""author_badges"": [""커뮤니티 인플루언서""]}, {""post_id"": 3328, ""anonymous_code"": ""코끼리-6457"", ""post_type"": ""analysis"", ""title"": ""삼성전자 기술적 강세와 금리 우려의 이중성"", ""like_count"": 7, ""unlike_count"": 0, ""score"": 7, ""author_badges"": []}, {""post_id"": 3329, ""anonymous_code"": ""황소-9750"", ""post_type"": ""analysis"", ""title"": ""[시장 전망] 반도체 업황과 금리 인상 우려 속에서의 투자 전략"", ""like_count"": 12, ""unlike_count"": 1, ""score"": 11, ""author_badges"": [""상위 수익자"", ""자산가""]}, {""post_id"": 3330, ""anonymous_code"": ""늑대-8884"", ""post_type"": ""trade_share"", ""title"": ""[매도] 삼성전자 일부 매도했습니다."", ""like_count"": 7, ""unlike_count"": 3, ""score"": 4, ""author_badges"": [""커뮤니티 인플루언서""]}, {""post_id"": 3331, ""anonymous_code"": ""펭귄-3788"", ""post_type"": ""trade_share"", ""title"": ""오늘 삼성전자 5주 매수했습니다!"", ""like_count"": 0, ""unlike_count"": 0, ""score"": 0, ""author_badges"": []}, {""post_id"": 3332, ""anonymous_code"": ""여우-7933"", ""post_type"": ""trade_share"", ""title"": ""오늘 삼성전자 추가 매수했습니다!"", ""like_count"": 0, ""unlike_count"": 0, ""score"": 0, ""author_badges"": []}, {""post_id"": 3333, ""anonymous_code"": ""독수리-4082"", ""post_type"": ""trade_share"", ""title"": ""오늘 삼성전자 일부 매도했습니다."", ""like_count"": 1, ""unlike_count"": 0, ""score"": 1, ""author_badges"": [""커뮤니티 인플루언서""]}, {""post_id"": 3334, ""anonymous_code"": ""돌고래-5489"", ""post_type"": ""analysis"", ""title"": ""삼성전자, 상승 추세는 유지 중 - 저평가 구간에서 적정선 상단으로 이동"", ""like_count"": 1, ""unlike_count"": 8, ""score"": -7, ""author_badges"": []}, {""post_id"": 3335, ""anonymous_code"": ""사자-8665"", ""post_type"": ""trade_share"", ""title"": ""오늘 삼성전자 매도했습니다!"", ""like_count"": 1, ""unlike_count"": 3, ""score"": -2, ""author_badges"": []}, {""post_id"": 3336, ""anonymous_code"": ""사자-5895"", ""post_type"": ""trade_share"", ""title"": ""오늘 삼성전자 일부 매도했습니다."", ""like_count"": 1, ""unlike_count"": 0, ""score"": 1, ""author_badges"": [""상위 수익자"", ""자산가""]}, {""post_id"": 3337, ""anonymous_code"": ""코끼리-2877"", ""post_type"": ""trade_share"", ""title"": ""오늘 삼성전자 일부 매도했습니다."", ""like_count"": 0, ""unlike_count"": 0, ""score"": 0, ""author_badges"": []}, {""post_id"": 3338, ""anonymous_code"": ""곰-1911"", ""post_type"": ""trade_share"", ""title"": ""오늘 삼성전자 매수했습니다!"", ""like_count"": 0, ""unlike_count"": 0, ""score"": 0, ""author_badges"": [""커뮤니티 인플루언서""]}, {""post_id"": 3339, ""anonymous_code"": ""사자-5055"", ""post_type"": ""trade_share"", ""title"": ""오늘 삼성전자 매도 거래 공유합니다!"", ""like_count"": 0, ""unlike_count"": 0, ""score"": 0, ""author_badges"": [""상위 수익자"", ""자산가""]}, {""post_id"": 3340, ""anonymous_code"": ""곰-9761"", ""post_type"": ""trade_share"", ""title"": ""오늘 소폭 수익 실현했습니다!"", ""like_count"": 4, ""unlike_count"": 1, ""score"": 3, ""author_badges"": []}, {""post_id"": 3341, ""anonymous_code"": ""황소-8760"", ""post_type"": ""trade_share"", ""title"": ""오늘 삼성전자 1주 매도했습니다"", ""like_count"": 0, ""unlike_count"": 0, ""score"": 0, ""author_badges"": []}, {""post_id"": 3342, ""anonymous_code"": ""여우-2283"", ""post_type"": ""trade_share"", ""title"": ""오늘 삼성전자 매수했습니다!"", ""like_count"": 0, ""unlike_count"": 0, ""score"": 0, ""author_badges"": []}, {""post_id"": 3344, ""anonymous_code"": ""돌고래-5159"", ""post_type"": ""trade_share"", ""title"": ""오늘 삼성전자 일부 매도했습니다."", ""like_count"": 2, ""unlike_count"": 0, ""score"": 2, ""author_badges"": []}, {""post_id"": 3345, ""anonymous_code"": ""늑대-4264"", ""post_type"": ""trade_share"", ""title"": ""오늘 삼성전자 추가 매수했습니다!"", ""like_count"": 0, ""unlike_count"": 1, ""score"": -1, ""author_badges"": []}]"
chunk_009_2026-04-27_2026-05-04,2026-05-04,10,A026,1,5,19,"[3326, 3327, 3328, 3329, 3330, 3331, 3332, 3333, 3334, 3335, 3336, 3337, 3338, 3339, 3340, 3341, 3343, 3344, 3345]","[{""post_id"": 3326, ""anonymous_code"": ""곰-1801"", ""post_type"": ""trade_share"", ""title"": ""오늘 삼성전자 1주 매수했습니다!"", ""like_count"": 0, ""unlike_count"": 0, ""score"": 0, ""author_badges"": [""상위 수익자"", ""자산가""]}, {""post_id"": 3327, ""anonymous_code"": ""호랑이-8886"", ""post_type"": ""trade_share"", ""title"": ""오늘 삼성전자 80주 매수했습니다!"", ""like_count"": 0, ""unlike_count"": 0, ""score"": 0, ""author_badges"": [""커뮤니티 인플루언서""]}, {""post_id"": 3328, ""anonymous_code"": ""코끼리-6457"", ""post_type"": ""analysis"", ""title"": ""삼성전자 기술적 강세와 금리 우려의 이중성"", ""like_count"": 8, ""unlike_count"": 0, ""score"": 8, ""author_badges"": []}, {""post_id"": 3329, ""anonymous_code"": ""황소-9750"", ""post_type"": ""analysis"", ""title"": ""[시장 전망] 반도체 업황과 금리 인상 우려 속에서의 투자 전략"", ""like_count"": 13, ""unlike_count"": 1, ""score"": 12, ""author_badges"": [""상위 수익자"", ""자산가""]}, {""post_id"": 3330, ""anonymous_code"": ""늑대-8884"", ""post_type"": ""trade_share"", ""title"": ""[매도] 삼성전자 일부 매도했습니다."", ""like_count"": 7, ""unlike_count"": 3, ""score"": 4, ""author_badges"": [""커뮤니티 인플루언서""]}, {""post_id"": 3331, ""anonymous_code"": ""펭귄-3788"", ""post_type"": ""trade_share"", ""title"": ""오늘 삼성전자 5주 매수했습니다!"", ""like_count"": 0, ""unlike_count"": 0, ""score"": 0, ""author_badges"": []}, {""post_id"": 3332, ""anonymous_code"": ""여우-7933"", ""post_type"": ""trade_share"", ""title"": ""오늘 삼성전자 추가 매수했습니다!"", ""like_count"": 0, ""unlike_count"": 0, ""score"": 0, ""author_badges"": []}, {""post_id"": 3333, ""anonymous_code"": ""독수리-4082"", ""post_type"": ""trade_share"", ""title"": ""오늘 삼성전자 일부 매도했습니다."", ""like_count"": 1, ""unlike_count"": 0, ""score"": 1, ""author_badges"": [""커뮤니티 인플루언서""]}, {""post_id"": 3334, ""anonymous_code"": ""돌고래-5489"", ""post_type"": ""analysis"", ""title"": ""삼성전자, 상승 추세는 유지 중 - 저평가 구간에서 적정선 상단으로 이동"", ""like_count"": 1, ""unlike_count"": 9, ""score"": -8, ""author_badges"": []}, {""post_id"": 3335, ""anonymous_code"": ""사자-8665"", ""post_type"": ""trade_share"", ""title"": ""오늘 삼성전자 매도했습니다!"", ""like_count"": 2, ""unlike_count"": 3, ""score"": -1, ""author_badges"": []}, {""post_id"": 3336, ""anonymous_code"": ""사자-5895"", ""post_type"": ""trade_share"", ""title"": ""오늘 삼성전자 일부 매도했습니다."", ""like_count"": 1, ""unlike_count"": 0, ""score"": 1, ""author_badges"": [""상위 수익자"", ""자산가""]}, {""post_id"": 3337, ""anonymous_code"": ""코끼리-2877"", ""post_type"": ""trade_share"", ""title"": ""오늘 삼성전자 일부 매도했습니다."", ""like_count"": 0, ""unlike_count"": 0, ""score"": 0, ""author_badges"": []}, {""post_id"": 3338, ""anonymous_code"": ""곰-1911"", ""post_type"": ""trade_share"", ""title"": ""오늘 삼성전자 매수했습니다!"", ""like_count"": 0, ""unlike_count"": 0, ""score"": 0, ""author_badges"": [""커뮤니티 인플루언서""]}, {""post_id"": 3339, ""anonymous_code"": ""사자-5055"", ""post_type"": ""trade_share"", ""title"": ""오늘 삼성전자 매도 거래 공유합니다!"", ""like_count"": 0, ""unlike_count"": 0, ""score"": 0, ""author_badges"": [""상위 수익자"", ""자산가""]}, {""post_id"": 3340, ""anonymous_code"": ""곰-9761"", ""post_type"": ""trade_share"", ""title"": ""오늘 소폭 수익 실현했습니다!"", ""like_count"": 4, ""unlike_count"": 1, ""score"": 3, ""author_badges"": []}, {""post_id"": 3341, ""anonymous_code"": ""황소-8760"", ""post_type"": ""trade_share"", ""title"": ""오늘 삼성전자 1주 매도했습니다"", ""like_count"": 0, ""unlike_count"": 0, ""score"": 0, ""author_badges"": []}, {""post_id"": 3343, ""anonymous_code"": ""독수리-8072"", ""post_type"": ""trade_share"", ""title"": ""오늘 삼성전자 일부 매도했습니다!"", ""like_count"": 0, ""unlike_count"": 0, ""score"": 0, ""author_badges"": []}, {""post_id"": 3344, ""anonymous_code"": ""돌고래-5159"", ""post_type"": ""trade_share"", ""title"": ""오늘 삼성전자 일부 매도했습니다."", ""like_count"": 2, ""unlike_count"": 0, ""score"": 2, ""author_badges"": []}, {""post_id"": 3345, ""anonymous_code"": ""늑대-4264"", ""post_type"": ""trade_share"", ""title"": ""오늘 삼성전자 추가 매수했습니다!"", ""like_count"": 0, ""unlike_count"": 1, ""score"": -1, ""author_badges"": []}]"
chunk_009_2026-04-27_2026-05-04,2026-05-04,10,A027,1,5,19,"[3326, 3327, 3328, 3329, 3330, 3331, 3332, 3333, 3334, 3335, 3336, 3337, 3338, 3339, 3340, 3341, 3342, 3343, 3344]","[{""post_id"": 3326, ""anonymous_code"": ""곰-1801"", ""post_type"": ""trade_share"", ""title"": ""오늘 삼성전자 1주 매수했습니다!"", ""like_count"": 0, ""unlike_count"": 0, ""score"": 0, ""author_badges"": [""상위 수익자"", ""자산가""]}, {""post_id"": 3327, ""anonymous_code"": ""호랑이-8886"", ""post_type"": ""trade_share"", ""title"": ""오늘 삼성전자 80주 매수했습니다!"", ""like_count"": 0, ""unlike_count"": 0, ""score"": 0, ""author_badges"": [""커뮤니티 인플루언서""]}, {""post_id"": 3328, ""anonymous_code"": ""코끼리-6457"", ""post_type"": ""analysis"", ""title"": ""삼성전자 기술적 강세와 금리 우려의 이중성"", ""like_count"": 9, ""unlike_count"": 0, ""score"": 9, ""author_badges"": []}, {""post_id"": 3329, ""anonymous_code"": ""황소-9750"", ""post_type"": ""analysis"", ""title"": ""[시장 전망] 반도체 업황과 금리 인상 우려 속에서의 투자 전략"", ""like_count"": 14, ""unlike_count"": 1, ""score"": 13, ""author_badges"": [""상위 수익자"", ""자산가""]}, {""post_id"": 3330, ""anonymous_code"": ""늑대-8884"", ""post_type"": ""trade_share"", ""title"": ""[매도] 삼성전자 일부 매도했습니다."", ""like_count"": 7, ""unlike_count"": 4, ""score"": 3, ""author_badges"": [""커뮤니티 인플루언서""]}, {""post_id"": 3331, ""anonymous_code"": ""펭귄-3788"", ""post_type"": ""trade_share"", ""title"": ""오늘 삼성전자 5주 매수했습니다!"", ""like_count"": 0, ""unlike_count"": 0, ""score"": 0, ""author_badges"": []}, {""post_id"": 3332, ""anonymous_code"": ""여우-7933"", ""post_type"": ""trade_share"", ""title"": ""오늘 삼성전자 추가 매수했습니다!"", ""like_count"": 0, ""unlike_count"": 0, ""score"": 0, ""author_badges"": []}, {""post_id"": 3333, ""anonymous_code"": ""독수리-4082"", ""post_type"": ""trade_share"", ""title"": ""오늘 삼성전자 일부 매도했습니다."", ""like_count"": 1, ""unlike_count"": 0, ""score"": 1, ""author_badges"": [""커뮤니티 인플루언서""]}, {""post_id"": 3334, ""anonymous_code"": ""돌고래-5489"", ""post_type"": ""analysis"", ""title"": ""삼성전자, 상승 추세는 유지 중 - 저평가 구간에서 적정선 상단으로 이동"", ""like_count"": 2, ""unlike_count"": 9, ""score"": -7, ""author_badges"": []}, {""post_id"": 3335, ""anonymous_code"": ""사자-8665"", ""post_type"": ""trade_share"", ""title"": ""오늘 삼성전자 매도했습니다!"", ""like_count"": 2, ""unlike_count"": 3, ""score"": -1, ""author_badges"": []}, {""post_id"": 3336, ""anonymous_code"": ""사자-5895"", ""post_type"": ""trade_share"", ""title"": ""오늘 삼성전자 일부 매도했습니다."", ""like_count"": 1, ""unlike_count"": 0, ""score"": 1, ""author_badges"": [""상위 수익자"", ""자산가""]}, {""post_id"": 3337, ""anonymous_code"": ""코끼리-2877"", ""post_type"": ""trade_share"", ""title"": ""오늘 삼성전자 일부 매도했습니다."", ""like_count"": 0, ""unlike_count"": 0, ""score"": 0, ""author_badges"": []}, {""post_id"": 3338, ""anonymous_code"": ""곰-1911"", ""post_type"": ""trade_share"", ""title"": ""오늘 삼성전자 매수했습니다!"", ""like_count"": 0, ""unlike_count"": 0, ""score"": 0, ""author_badges"": [""커뮤니티 인플루언서""]}, {""post_id"": 3339, ""anonymous_code"": ""사자-5055"", ""post_type"": ""trade_share"", ""title"": ""오늘 삼성전자 매도 거래 공유합니다!"", ""like_count"": 0, ""unlike_count"": 0, ""score"": 0, ""author_badges"": [""상위 수익자"", ""자산가""]}, {""post_id"": 3340, ""anonymous_code"": ""곰-9761"", ""post_type"": ""trade_share"", ""title"": ""오늘 소폭 수익 실현했습니다!"", ""like_count"": 4, ""unlike_count"": 1, ""score"": 3, ""author_badges"": []}, {""post_id"": 3341, ""anonymous_code"": ""황소-8760"", ""post_type"": ""trade_share"", ""title"": ""오늘 삼성전자 1주 매도했습니다"", ""like_count"": 0, ""unlike_count"": 0, ""score"": 0, ""author_badges"": []}, {""post_id"": 3342, ""anonymous_code"": ""여우-2283"", ""post_type"": ""trade_share"", ""title"": ""오늘 삼성전자 매수했습니다!"", ""like_count"": 0, ""unlike_count"": 0, ""score"": 0, ""author_badges"": []}, {""post_id"": 3343, ""anonymous_code"": ""독수리-8072"", ""post_type"": ""trade_share"", ""title"": ""오늘 삼성전자 일부 매도했습니다!"", ""like_count"": 0, ""unlike_count"": 0, ""score"": 0, ""author_badges"": []}, {""post_id"": 3344, ""anonymous_code"": ""돌고래-5159"", ""post_type"": ""trade_share"", ""title"": ""오늘 삼성전자 일부 매도했습니다."", ""like_count"": 2, ""unlike_count"": 0, ""score"": 2, ""author_badges"": []}]"
