run_id,date,turn,agent_id,selected_post_ids,post_id,title,post_type,reaction,author_badges,author_profile
chunk_010_2026-05-06_2026-05-12,2026-05-06,2,A004,"[3349, 3352, 3359, 3360, 3364]",3349,오늘 매도한 이유와 향후 전략,trade_share,like,"[""상위 수익자"", ""자산가""]",null
chunk_010_2026-05-06_2026-05-12,2026-05-06,2,A004,"[3349, 3352, 3359, 3360, 3364]",3352,삼성전자 주가 급등 이후의 가치 평가에 대한 고민,analysis,like,"[""커뮤니티 인플루언서""]",null
chunk_010_2026-05-06_2026-05-12,2026-05-06,2,A004,"[3349, 3352, 3359, 3360, 3364]",3359,삼성전자 주가 급등에 대한 신중한 접근,analysis,like,[],null
chunk_010_2026-05-06_2026-05-12,2026-05-06,2,A004,"[3349, 3352, 3359, 3360, 3364]",3360,오늘 삼성전자 일부 매도했습니다.,trade_share,like,[],null
chunk_010_2026-05-06_2026-05-12,2026-05-06,2,A004,"[3349, 3352, 3359, 3360, 3364]",3364,"삼성전자, 강세 유지 중 조정 리스크를 고려한 투자 관점",analysis,like,[],null
chunk_010_2026-05-06_2026-05-12,2026-05-06,2,A005,"[3349, 3352, 3359, 3360, 3364]",3349,오늘 매도한 이유와 향후 전략,trade_share,like,"[""상위 수익자"", ""자산가""]",null
chunk_010_2026-05-06_2026-05-12,2026-05-06,2,A005,"[3349, 3352, 3359, 3360, 3364]",3352,삼성전자 주가 급등 이후의 가치 평가에 대한 고민,analysis,like,"[""커뮤니티 인플루언서""]",null
chunk_010_2026-05-06_2026-05-12,2026-05-06,2,A005,"[3349, 3352, 3359, 3360, 3364]",3359,삼성전자 주가 급등에 대한 신중한 접근,analysis,like,[],null
chunk_010_2026-05-06_2026-05-12,2026-05-06,2,A005,"[3349, 3352, 3359, 3360, 3364]",3360,오늘 삼성전자 일부 매도했습니다.,trade_share,like,[],null
chunk_010_2026-05-06_2026-05-12,2026-05-06,2,A005,"[3349, 3352, 3359, 3360, 3364]",3364,"삼성전자, 강세 유지 중 조정 리스크를 고려한 투자 관점",analysis,like,[],null
chunk_010_2026-05-06_2026-05-12,2026-05-06,2,A003,"[3352, 3359, 3364, 3346, 3350]",3352,삼성전자 주가 급등 이후의 가치 평가에 대한 고민,analysis,like,"[""커뮤니티 인플루언서""]",null
chunk_010_2026-05-06_2026-05-12,2026-05-06,2,A003,"[3352, 3359, 3364, 3346, 3350]",3359,삼성전자 주가 급등에 대한 신중한 접근,analysis,like,[],null
chunk_010_2026-05-06_2026-05-12,2026-05-06,2,A003,"[3352, 3359, 3364, 3346, 3350]",3364,"삼성전자, 강세 유지 중 조정 리스크를 고려한 투자 관점",analysis,like,[],null
chunk_010_2026-05-06_2026-05-12,2026-05-06,2,A003,"[3352, 3359, 3364, 3346, 3350]",3346,오늘 삼성전자 일부 매도했습니다!,trade_share,read,"[""커뮤니티 인플루언서""]",null
chunk_010_2026-05-06_2026-05-12,2026-05-06,2,A003,"[3352, 3359, 3364, 3346, 3350]",3350,오늘 삼성전자 전량 매도했습니다!,trade_share,unlike,"[""커뮤니티 인플루언서""]",null
chunk_010_2026-05-06_2026-05-12,2026-05-06,2,A001,"[3348, 3352, 3359, 3364, 3351]",3348,오늘 삼성전자 50주 매수했습니다!,trade_share,unlike,"[""상위 수익자"", ""자산가""]",null
chunk_010_2026-05-06_2026-05-12,2026-05-06,2,A001,"[3348, 3352, 3359, 3364, 3351]",3352,삼성전자 주가 급등 이후의 가치 평가에 대한 고민,analysis,like,"[""커뮤니티 인플루언서""]",null
chunk_010_2026-05-06_2026-05-12,2026-05-06,2,A001,"[3348, 3352, 3359, 3364, 3351]",3359,삼성전자 주가 급등에 대한 신중한 접근,analysis,like,[],null
chunk_010_2026-05-06_2026-05-12,2026-05-06,2,A001,"[3348, 3352, 3359, 3364, 3351]",3364,"삼성전자, 강세 유지 중 조정 리스크를 고려한 투자 관점",analysis,like,[],null
chunk_010_2026-05-06_2026-05-12,2026-05-06,2,A001,"[3348, 3352, 3359, 3364, 3351]",3351,오늘 삼성전자 매수했습니다!,trade_share,unlike,"[""상위 수익자"", ""자산가""]",null
chunk_010_2026-05-06_2026-05-12,2026-05-06,2,A006,"[3346, 3349, 3352, 3359, 3364]",3346,오늘 삼성전자 일부 매도했습니다!,trade_share,like,"[""커뮤니티 인플루언서""]",null
chunk_010_2026-05-06_2026-05-12,2026-05-06,2,A006,"[3346, 3349, 3352, 3359, 3364]",3349,오늘 매도한 이유와 향후 전략,trade_share,like,"[""상위 수익자"", ""자산가""]",null
chunk_010_2026-05-06_2026-05-12,2026-05-06,2,A006,"[3346, 3349, 3352, 3359, 3364]",3352,삼성전자 주가 급등 이후의 가치 평가에 대한 고민,analysis,read,"[""커뮤니티 인플루언서""]",null
chunk_010_2026-05-06_2026-05-12,2026-05-06,2,A006,"[3346, 3349, 3352, 3359, 3364]",3359,삼성전자 주가 급등에 대한 신중한 접근,analysis,like,[],null
chunk_010_2026-05-06_2026-05-12,2026-05-06,2,A006,"[3346, 3349, 3352, 3359, 3364]",3364,"삼성전자, 강세 유지 중 조정 리스크를 고려한 투자 관점",analysis,like,[],null
chunk_010_2026-05-06_2026-05-12,2026-05-06,2,A007,"[3346, 3349, 3350, 3359, 3360, 3364]",3346,오늘 삼성전자 일부 매도했습니다!,trade_share,like,"[""커뮤니티 인플루언서""]","{""portfolio_summary"": {""state_id"": ""ps_A001_t002"", ""agent_id"": ""A001"", ""turn"": 2, ""date"": ""2026-05-06"", ""cash"": 64560000.0, ""positions"": ""[{\""stock_code\"": \""005930\"", \""quantity\"": 140, \""avg_cost\"": 254000.0, \""current_price\"": 266000.0, \""unrealized_pnl\"": 1680000.0, \""unrealized_pnl_rate\"": 0.047244094488188976}]"", ""total_value"": 101800000.0, ""realized_pnl"": 120000.0, ""total_return_rate"": 0.018, ""updated_at"": ""2026-07-15 20:12:01""}, ""recent_trades"": [{""turn"": 10, ""date"": ""2026-05-04"", ""action"": ""buy"", ""stock_code"": ""005930"", ""quantity"": 80, ""executed_price"": 232500.0, ""trade_value"": 18600000.0, ""status"": ""filled"", ""filled_quantity"": 80, ""action_reason"": ""PER 5.4 배 저평가 지표 유효 및 반도체 업황 회복세에 따른 매수 기회로 판단하여 현금 비중 활용.""}, {""turn"": 9, ""date"": ""2026-05-04"", ""action"": ""sell"", ""stock_code"": ""005930"", ""quantity"": 50, ""executed_price"": 228000.0, ""trade_value"": 11400000.0, ""status"": ""filled"", ""filled_quantity"": 50, ""action_reason"": ""노조 파업 및 R&D 예산 축소 우려로 안정성 리스크가 존재하며, 집중 투자 리스크 감소를 위해 일부 매도합니다.""}, {""turn"": 8, ""date"": ""2026-04-30"", ""action"": ""buy"", ""stock_code"": ""005930"", ""quantity"": 166, ""executed_price"": 220500.0, ""trade_value"": 36603000.0, ""status"": ""filled"", ""filled_quantity"": 166, ""action_reason"": ""PER 5.4 배 저평가 구간이며 실적 역대 최대 호조로 내재가치가 입증되었습니다. 외국인 매도세로 인한 단기 조정 시점을 매수 기회로 판단하여, 현금 비중을 활용하여 집중 투자합니다.""}]}"
chunk_010_2026-05-06_2026-05-12,2026-05-06,2,A007,"[3346, 3349, 3350, 3359, 3360, 3364]",3349,오늘 매도한 이유와 향후 전략,trade_share,like,"[""상위 수익자"", ""자산가""]","{""portfolio_summary"": {""state_id"": ""ps_A003_t002"", ""agent_id"": ""A003"", ""turn"": 2, ""date"": ""2026-05-06"", ""cash"": 55536000.0, ""positions"": ""[{\""stock_code\"": \""005930\"", \""quantity\"": 176, \""avg_cost\"": 254000.0, \""current_price\"": 266000.0, \""unrealized_pnl\"": 2112000.0, \""unrealized_pnl_rate\"": 0.047244094488188976}]"", ""total_value"": 102352000.0, ""realized_pnl"": 240000.0, ""total_return_rate"": 0.02352, ""updated_at"": ""2026-07-15 20:12:01""}, ""recent_trades"": [{""turn"": 10, ""date"": ""2026-05-04"", ""action"": ""buy"", ""stock_code"": ""005930"", ""quantity"": 1, ""executed_price"": 232500.0, ""trade_value"": 232500.0, ""status"": ""filled"", ""filled_quantity"": 1, ""action_reason"": ""반도체 업황 회복과 내재가치 저평가 판단 (뉴스/시장) 에 따라 매수 기회 유지. 다만 현금 부족 (포트폴리오) 으로 최소 수량인 1 주로 제한적 매수.""}, {""turn"": 9, ""date"": ""2026-05-04"", ""action"": ""buy"", ""stock_code"": ""005930"", ""quantity"": 11, ""executed_price"": 228000.0, ""trade_value"": 2508000.0, ""status"": ""filled"", ""filled_quantity"": 11, ""action_reason"": ""PER 5.4 배 저평가 및 AI 슈퍼사이클 지속으로 내재가치 상승 기대가 명확함. 현금 잔고 부족으로 매수 여력은 제한적이지만, 가치 투자 원칙에 따라 최대 한도 내에서 추가 매수하여 수익 확대를 도모함.""}, {""turn"": 8, ""date"": ""2026-04-30"", ""action"": ""buy"", ""stock_code"": ""005930"", ""quantity"": 23, ""executed_price"": 220500.0, ""trade_value"": 5071500.0, ""status"": ""filled"", ""filled_quantity"": 23, ""action_reason"": ""가치투자 관점에서 현재 주가 (220,500 원) 가 평균 매수 단가 (222,367 원) 보다 낮아 추가 매수를 통해 평균 단가 하향 및 저평가 구간 선점. 실적 호조 (53 조 원) 와 AI/HBM 수요 등 펀더멘털이 견고하며, 외국인 매도세는 일시적 변동성으로 판단.""}]}"
chunk_010_2026-05-06_2026-05-12,2026-05-06,2,A007,"[3346, 3349, 3350, 3359, 3360, 3364]",3350,오늘 삼성전자 전량 매도했습니다!,trade_share,unlike,"[""커뮤니티 인플루언서""]","{""portfolio_summary"": {""state_id"": ""ps_A006_t002"", ""agent_id"": ""A006"", ""turn"": 2, ""date"": ""2026-05-06"", ""cash"": 101200000.0, ""positions"": ""[]"", ""total_value"": 101200000.0, ""realized_pnl"": 1200000.0, ""total_return_rate"": 0.012, ""updated_at"": ""2026-07-15 20:12:01""}, ""recent_trades"": [{""turn"": 10, ""date"": ""2026-05-04"", ""action"": ""sell"", ""stock_code"": ""005930"", ""quantity"": 29, ""executed_price"": 232500.0, ""trade_value"": 6742500.0, ""status"": ""filled"", ""filled_quantity"": 29, ""action_reason"": ""수익 실현 심리 (처분 효과) 와 조직 개편/금리 뉴스에 대한 불안감으로 일부 매도합니다. 기술적 상승 모멘텀은 있으나 뉴스 리스크가 우선시됩니다.""}, {""turn"": 9, ""date"": ""2026-05-04"", ""action"": ""buy"", ""stock_code"": ""005930"", ""quantity"": 59, ""executed_price"": 228000.0, ""trade_value"": 13452000.0, ""status"": ""filled"", ""filled_quantity"": 59, ""action_reason"": ""기술적 돌파 신호 (MA5 상회, 거래량 증가) 와 긍정적 뉴스 흐름을 반영하여 추세 추종 매수. 포트폴리오 미실현 손실 상태 (220,500 원 기준) 로 인해 추가 매수 욕구 (처분효과) 와 현금 여력 활용.""}, {""turn"": 8, ""date"": ""2026-04-30"", ""action"": ""buy"", ""stock_code"": ""005930"", ""quantity"": 50, ""executed_price"": 220500.0, ""trade_value"": 11025000.0, ""status"": ""filled"", ""filled_quantity"": 50, ""action_reason"": ""현재가 220,500 원으로 평균 단가 대비 손실 상태이므로, 페르소나의 손실 시 추가 매수 성향에 따라 평균 단가 하향을 시도함. PER 5.4 배 저평가 구간으로 판단.""}]}"
chunk_010_2026-05-06_2026-05-12,2026-05-06,2,A007,"[3346, 3349, 3350, 3359, 3360, 3364]",3359,삼성전자 주가 급등에 대한 신중한 접근,analysis,like,[],"{""portfolio_summary"": {""state_id"": ""ps_A015_t002"", ""agent_id"": ""A015"", ""turn"": 2, ""date"": ""2026-05-06"", ""cash"": 87900000.0, ""positions"": ""[{\""stock_code\"": \""005930\"", \""quantity\"": 50, \""avg_cost\"": 254000.0, \""current_price\"": 266000.0, \""unrealized_pnl\"": 600000.0, \""unrealized_pnl_rate\"": 0.047244094488188976}]"", ""total_value"": 101200000.0, ""realized_pnl"": 600000.0, ""total_return_rate"": 0.012, ""updated_at"": ""2026-07-15 20:12:01""}, ""recent_trades"": [{""turn"": 10, ""date"": ""2026-05-04"", ""action"": ""sell"", ""stock_code"": ""005930"", ""quantity"": 50, ""executed_price"": 232500.0, ""trade_value"": 11625000.0, ""status"": ""filled"", ""filled_quantity"": 50, ""action_reason"": ""주가 급등 (5.44%) 및 금리 인상 우려로 밸류에이션 부담이 커진 점을 고려하여, 수익 실현을 통해 리스크를 관리합니다.""}, {""turn"": 9, ""date"": ""2026-05-04"", ""action"": ""sell"", ""stock_code"": ""005930"", ""quantity"": 50, ""executed_price"": 228000.0, ""trade_value"": 11400000.0, ""status"": ""filled"", ""filled_quantity"": 50, ""action_reason"": ""5 월 말 파업 확정으로 인한 단기 변동성 확대 우려와 포트폴리오 집중도 (약 72%) 가 높으므로, 리스크 관리를 위해 보유 물량의 일부를 매도합니다. PER 5.4 배 저평가 구간이지만, 노사 갈등 불확실성 하에서 현금 비중을 높여 방어력을 강화하는 것이 안정적 자산 선호 성향에 부합합니다.""}, {""turn"": 8, ""date"": ""2026-04-30"", ""action"": ""buy"", ""stock_code"": ""005930"", ""quantity"": 100, ""executed_price"": 220500.0, ""trade_value"": 22050000.0, ""status"": ""filled"", ""filled_quantity"": 100, ""action_reason"": ""실적 호재와 AI 구조적 성장 기대감에 따라 PER 5.4 배 수준으로 저평가된 구간입니다. 외국인 매도세는 차익실현으로 판단되어 가치 투자 관점에서 매수 기회를 포착합니다.""}]}"
chunk_010_2026-05-06_2026-05-12,2026-05-06,2,A007,"[3346, 3349, 3350, 3359, 3360, 3364]",3360,오늘 삼성전자 일부 매도했습니다.,trade_share,like,[],"{""portfolio_summary"": {""state_id"": ""ps_A019_t002"", ""agent_id"": ""A019"", ""turn"": 2, ""date"": ""2026-05-06"", ""cash"": 100120000.0, ""positions"": ""[]"", ""total_value"": 100120000.0, ""realized_pnl"": 120000.0, ""total_return_rate"": 0.0012, ""updated_at"": ""2026-07-15 20:12:01""}, ""recent_trades"": [{""turn"": 10, ""date"": ""2026-05-04"", ""action"": ""sell"", ""stock_code"": ""005930"", ""quantity"": 40, ""executed_price"": 232500.0, ""trade_value"": 9300000.0, ""status"": ""filled"", ""filled_quantity"": 40, ""action_reason"": ""수익 구간 진입 (3.08%) 및 거시 리스크로 안전마진 축소 우려가 있어 처분효과와 변동성 관리 원칙에 따라 제한적으로 매도합니다.""}, {""turn"": 9, ""date"": ""2026-05-04"", ""action"": ""buy"", ""stock_code"": ""005930"", ""quantity"": 50, ""executed_price"": 228000.0, ""trade_value"": 11400000.0, ""status"": ""filled"", ""filled_quantity"": 50, ""action_reason"": ""PER 5.4 배 역사적 저평가 구간이며 수출 호조와 노조 해결로 하방 경직성이 확보됨. 가치 투자 원칙에 따라 내재가치 회복을 믿고 추가 매수.""}, {""turn"": 8, ""date"": ""2026-04-30"", ""action"": ""buy"", ""stock_code"": ""005930"", ""quantity"": 60, ""executed_price"": 220500.0, ""trade_value"": 13230000.0, ""status"": ""filled"", ""filled_quantity"": 60, ""action_reason"": ""현재 주가 (220,500 원) 가 평균 매수 단가 (222,128 원) 보다 낮아 미실현 손실 구간이며, 가치 투자 성향과 손실 시 추가 매수 경향 (Disposition Effect) 에 따라 매수합니다. 53 조 원 영업이익 등 실적 호조가 내재가치를 뒷받침하나, 단기 외국인 매도세로 인한 조정 국면이므로 현금 비중을 유지하며 제한적으로 매수합니다.""}]}"
chunk_010_2026-05-06_2026-05-12,2026-05-06,2,A007,"[3346, 3349, 3350, 3359, 3360, 3364]",3364,"삼성전자, 강세 유지 중 조정 리스크를 고려한 투자 관점",analysis,like,[],"{""portfolio_summary"": {""state_id"": ""ps_A020_t002"", ""agent_id"": ""A020"", ""turn"": 2, ""date"": ""2026-05-06"", ""cash"": 101200000.0, ""positions"": ""[]"", ""total_value"": 101200000.0, ""realized_pnl"": 1200000.0, ""total_return_rate"": 0.012, ""updated_at"": ""2026-07-15 20:12:01""}, ""recent_trades"": [{""turn"": 10, ""date"": ""2026-05-04"", ""action"": ""sell"", ""stock_code"": ""005930"", ""quantity"": 1, ""executed_price"": 232500.0, ""trade_value"": 232500.0, ""status"": ""filled"", ""filled_quantity"": 1, ""action_reason"": ""현금 비중이 0.5% 미만으로 위험 관리 여력이 부족하며, 단기 급등 (5.44%) 과 금리 리스크로 조정 가능성 존재. 수익 실현을 통해 유동성을 확보합니다.""}, {""turn"": 9, ""date"": ""2026-05-04"", ""action"": ""buy"", ""stock_code"": ""005930"", ""quantity"": 1, ""executed_price"": 228000.0, ""trade_value"": 228000.0, ""status"": ""filled"", ""filled_quantity"": 1, ""action_reason"": ""기술적 MA5 돌파 및 수출 호조로 상승 모멘텀이 명확함. 고위험 선호 성향에 따라 추세를 따라 매수합니다.""}, {""turn"": 8, ""date"": ""2026-04-30"", ""action"": ""buy"", ""stock_code"": ""005930"", ""quantity"": 3, ""executed_price"": 220500.0, ""trade_value"": 661500.0, ""status"": ""filled"", ""filled_quantity"": 3, ""action_reason"": ""PER 5.4 배 저평가 및 실적 호조로 펀더멘털이 견고하나, 현재가 (220,500 원) 가 평균 매수 단가 (222,020 원) 보다 낮아 평균 단가 하향 효과 기대. 기술적 조정 국면이지만 22 만 원대 지지선 확인 시 매수 기회로 판단.""}]}"
chunk_010_2026-05-06_2026-05-12,2026-05-06,2,A008,"[3349, 3352, 3359, 3360, 3364]",3349,오늘 매도한 이유와 향후 전략,trade_share,like,"[""상위 수익자"", ""자산가""]",null
chunk_010_2026-05-06_2026-05-12,2026-05-06,2,A008,"[3349, 3352, 3359, 3360, 3364]",3352,삼성전자 주가 급등 이후의 가치 평가에 대한 고민,analysis,like,"[""커뮤니티 인플루언서""]",null
chunk_010_2026-05-06_2026-05-12,2026-05-06,2,A008,"[3349, 3352, 3359, 3360, 3364]",3359,삼성전자 주가 급등에 대한 신중한 접근,analysis,like,[],null
chunk_010_2026-05-06_2026-05-12,2026-05-06,2,A008,"[3349, 3352, 3359, 3360, 3364]",3360,오늘 삼성전자 일부 매도했습니다.,trade_share,like,[],null
chunk_010_2026-05-06_2026-05-12,2026-05-06,2,A008,"[3349, 3352, 3359, 3360, 3364]",3364,"삼성전자, 강세 유지 중 조정 리스크를 고려한 투자 관점",analysis,like,[],null
chunk_010_2026-05-06_2026-05-12,2026-05-06,2,A010,"[3348, 3352, 3359, 3360, 3364]",3348,오늘 삼성전자 50주 매수했습니다!,trade_share,unlike,"[""상위 수익자"", ""자산가""]",null
chunk_010_2026-05-06_2026-05-12,2026-05-06,2,A010,"[3348, 3352, 3359, 3360, 3364]",3352,삼성전자 주가 급등 이후의 가치 평가에 대한 고민,analysis,like,"[""커뮤니티 인플루언서""]",null
chunk_010_2026-05-06_2026-05-12,2026-05-06,2,A010,"[3348, 3352, 3359, 3360, 3364]",3359,삼성전자 주가 급등에 대한 신중한 접근,analysis,like,[],null
chunk_010_2026-05-06_2026-05-12,2026-05-06,2,A010,"[3348, 3352, 3359, 3360, 3364]",3360,오늘 삼성전자 일부 매도했습니다.,trade_share,like,[],null
chunk_010_2026-05-06_2026-05-12,2026-05-06,2,A010,"[3348, 3352, 3359, 3360, 3364]",3364,"삼성전자, 강세 유지 중 조정 리스크를 고려한 투자 관점",analysis,like,[],null
chunk_010_2026-05-06_2026-05-12,2026-05-06,2,A011,"[3346, 3349, 3352, 3359, 3364]",3346,오늘 삼성전자 일부 매도했습니다!,trade_share,like,"[""커뮤니티 인플루언서""]",null
chunk_010_2026-05-06_2026-05-12,2026-05-06,2,A011,"[3346, 3349, 3352, 3359, 3364]",3349,오늘 매도한 이유와 향후 전략,trade_share,like,"[""상위 수익자"", ""자산가""]",null
chunk_010_2026-05-06_2026-05-12,2026-05-06,2,A011,"[3346, 3349, 3352, 3359, 3364]",3352,삼성전자 주가 급등 이후의 가치 평가에 대한 고민,analysis,read,"[""커뮤니티 인플루언서""]",null
chunk_010_2026-05-06_2026-05-12,2026-05-06,2,A011,"[3346, 3349, 3352, 3359, 3364]",3359,삼성전자 주가 급등에 대한 신중한 접근,analysis,like,[],null
chunk_010_2026-05-06_2026-05-12,2026-05-06,2,A011,"[3346, 3349, 3352, 3359, 3364]",3364,"삼성전자, 강세 유지 중 조정 리스크를 고려한 투자 관점",analysis,like,[],null
chunk_010_2026-05-06_2026-05-12,2026-05-06,2,A013,"[3349, 3352, 3359, 3360, 3364]",3349,오늘 매도한 이유와 향후 전략,trade_share,like,"[""상위 수익자"", ""자산가""]",null
chunk_010_2026-05-06_2026-05-12,2026-05-06,2,A013,"[3349, 3352, 3359, 3360, 3364]",3352,삼성전자 주가 급등 이후의 가치 평가에 대한 고민,analysis,like,"[""커뮤니티 인플루언서""]",null
chunk_010_2026-05-06_2026-05-12,2026-05-06,2,A013,"[3349, 3352, 3359, 3360, 3364]",3359,삼성전자 주가 급등에 대한 신중한 접근,analysis,like,[],null
chunk_010_2026-05-06_2026-05-12,2026-05-06,2,A013,"[3349, 3352, 3359, 3360, 3364]",3360,오늘 삼성전자 일부 매도했습니다.,trade_share,like,[],null
chunk_010_2026-05-06_2026-05-12,2026-05-06,2,A013,"[3349, 3352, 3359, 3360, 3364]",3364,"삼성전자, 강세 유지 중 조정 리스크를 고려한 투자 관점",analysis,like,[],null
chunk_010_2026-05-06_2026-05-12,2026-05-06,2,A012,"[3349, 3352, 3359, 3360, 3364]",3349,오늘 매도한 이유와 향후 전략,trade_share,like,"[""상위 수익자"", ""자산가""]",null
chunk_010_2026-05-06_2026-05-12,2026-05-06,2,A012,"[3349, 3352, 3359, 3360, 3364]",3352,삼성전자 주가 급등 이후의 가치 평가에 대한 고민,analysis,like,"[""커뮤니티 인플루언서""]",null
chunk_010_2026-05-06_2026-05-12,2026-05-06,2,A012,"[3349, 3352, 3359, 3360, 3364]",3359,삼성전자 주가 급등에 대한 신중한 접근,analysis,like,[],null
chunk_010_2026-05-06_2026-05-12,2026-05-06,2,A012,"[3349, 3352, 3359, 3360, 3364]",3360,오늘 삼성전자 일부 매도했습니다.,trade_share,like,[],null
chunk_010_2026-05-06_2026-05-12,2026-05-06,2,A012,"[3349, 3352, 3359, 3360, 3364]",3364,"삼성전자, 강세 유지 중 조정 리스크를 고려한 투자 관점",analysis,like,[],null
chunk_010_2026-05-06_2026-05-12,2026-05-06,2,A014,"[3349, 3352, 3359, 3360, 3364]",3349,오늘 매도한 이유와 향후 전략,trade_share,like,"[""상위 수익자"", ""자산가""]",null
chunk_010_2026-05-06_2026-05-12,2026-05-06,2,A014,"[3349, 3352, 3359, 3360, 3364]",3352,삼성전자 주가 급등 이후의 가치 평가에 대한 고민,analysis,like,"[""커뮤니티 인플루언서""]",null
chunk_010_2026-05-06_2026-05-12,2026-05-06,2,A014,"[3349, 3352, 3359, 3360, 3364]",3359,삼성전자 주가 급등에 대한 신중한 접근,analysis,like,[],null
chunk_010_2026-05-06_2026-05-12,2026-05-06,2,A014,"[3349, 3352, 3359, 3360, 3364]",3360,오늘 삼성전자 일부 매도했습니다.,trade_share,like,[],null
chunk_010_2026-05-06_2026-05-12,2026-05-06,2,A014,"[3349, 3352, 3359, 3360, 3364]",3364,"삼성전자, 강세 유지 중 조정 리스크를 고려한 투자 관점",analysis,like,[],null
chunk_010_2026-05-06_2026-05-12,2026-05-06,2,A017,"[3346, 3349, 3352, 3359, 3364]",3346,오늘 삼성전자 일부 매도했습니다!,trade_share,like,"[""커뮤니티 인플루언서""]","{""portfolio_summary"": {""state_id"": ""ps_A001_t002"", ""agent_id"": ""A001"", ""turn"": 2, ""date"": ""2026-05-06"", ""cash"": 64560000.0, ""positions"": ""[{\""stock_code\"": \""005930\"", \""quantity\"": 140, \""avg_cost\"": 254000.0, \""current_price\"": 266000.0, \""unrealized_pnl\"": 1680000.0, \""unrealized_pnl_rate\"": 0.047244094488188976}]"", ""total_value"": 101800000.0, ""realized_pnl"": 120000.0, ""total_return_rate"": 0.018, ""updated_at"": ""2026-07-15 20:12:01""}, ""recent_trades"": [{""turn"": 10, ""date"": ""2026-05-04"", ""action"": ""buy"", ""stock_code"": ""005930"", ""quantity"": 80, ""executed_price"": 232500.0, ""trade_value"": 18600000.0, ""status"": ""filled"", ""filled_quantity"": 80, ""action_reason"": ""PER 5.4 배 저평가 지표 유효 및 반도체 업황 회복세에 따른 매수 기회로 판단하여 현금 비중 활용.""}, {""turn"": 9, ""date"": ""2026-05-04"", ""action"": ""sell"", ""stock_code"": ""005930"", ""quantity"": 50, ""executed_price"": 228000.0, ""trade_value"": 11400000.0, ""status"": ""filled"", ""filled_quantity"": 50, ""action_reason"": ""노조 파업 및 R&D 예산 축소 우려로 안정성 리스크가 존재하며, 집중 투자 리스크 감소를 위해 일부 매도합니다.""}, {""turn"": 8, ""date"": ""2026-04-30"", ""action"": ""buy"", ""stock_code"": ""005930"", ""quantity"": 166, ""executed_price"": 220500.0, ""trade_value"": 36603000.0, ""status"": ""filled"", ""filled_quantity"": 166, ""action_reason"": ""PER 5.4 배 저평가 구간이며 실적 역대 최대 호조로 내재가치가 입증되었습니다. 외국인 매도세로 인한 단기 조정 시점을 매수 기회로 판단하여, 현금 비중을 활용하여 집중 투자합니다.""}]}"
chunk_010_2026-05-06_2026-05-12,2026-05-06,2,A017,"[3346, 3349, 3352, 3359, 3364]",3349,오늘 매도한 이유와 향후 전략,trade_share,like,"[""상위 수익자"", ""자산가""]","{""portfolio_summary"": {""state_id"": ""ps_A003_t002"", ""agent_id"": ""A003"", ""turn"": 2, ""date"": ""2026-05-06"", ""cash"": 55536000.0, ""positions"": ""[{\""stock_code\"": \""005930\"", \""quantity\"": 176, \""avg_cost\"": 254000.0, \""current_price\"": 266000.0, \""unrealized_pnl\"": 2112000.0, \""unrealized_pnl_rate\"": 0.047244094488188976}]"", ""total_value"": 102352000.0, ""realized_pnl"": 240000.0, ""total_return_rate"": 0.02352, ""updated_at"": ""2026-07-15 20:12:01""}, ""recent_trades"": [{""turn"": 10, ""date"": ""2026-05-04"", ""action"": ""buy"", ""stock_code"": ""005930"", ""quantity"": 1, ""executed_price"": 232500.0, ""trade_value"": 232500.0, ""status"": ""filled"", ""filled_quantity"": 1, ""action_reason"": ""반도체 업황 회복과 내재가치 저평가 판단 (뉴스/시장) 에 따라 매수 기회 유지. 다만 현금 부족 (포트폴리오) 으로 최소 수량인 1 주로 제한적 매수.""}, {""turn"": 9, ""date"": ""2026-05-04"", ""action"": ""buy"", ""stock_code"": ""005930"", ""quantity"": 11, ""executed_price"": 228000.0, ""trade_value"": 2508000.0, ""status"": ""filled"", ""filled_quantity"": 11, ""action_reason"": ""PER 5.4 배 저평가 및 AI 슈퍼사이클 지속으로 내재가치 상승 기대가 명확함. 현금 잔고 부족으로 매수 여력은 제한적이지만, 가치 투자 원칙에 따라 최대 한도 내에서 추가 매수하여 수익 확대를 도모함.""}, {""turn"": 8, ""date"": ""2026-04-30"", ""action"": ""buy"", ""stock_code"": ""005930"", ""quantity"": 23, ""executed_price"": 220500.0, ""trade_value"": 5071500.0, ""status"": ""filled"", ""filled_quantity"": 23, ""action_reason"": ""가치투자 관점에서 현재 주가 (220,500 원) 가 평균 매수 단가 (222,367 원) 보다 낮아 추가 매수를 통해 평균 단가 하향 및 저평가 구간 선점. 실적 호조 (53 조 원) 와 AI/HBM 수요 등 펀더멘털이 견고하며, 외국인 매도세는 일시적 변동성으로 판단.""}]}"
chunk_010_2026-05-06_2026-05-12,2026-05-06,2,A017,"[3346, 3349, 3352, 3359, 3364]",3352,삼성전자 주가 급등 이후의 가치 평가에 대한 고민,analysis,like,"[""커뮤니티 인플루언서""]","{""portfolio_summary"": {""state_id"": ""ps_A007_t002"", ""agent_id"": ""A007"", ""turn"": 2, ""date"": ""2026-05-06"", ""cash"": 87900000.0, ""positions"": ""[{\""stock_code\"": \""005930\"", \""quantity\"": 50, \""avg_cost\"": 254000.0, \""current_price\"": 266000.0, \""unrealized_pnl\"": 600000.0, \""unrealized_pnl_rate\"": 0.047244094488188976}]"", ""total_value"": 101200000.0, ""realized_pnl"": 600000.0, ""total_return_rate"": 0.012, ""updated_at"": ""2026-07-15 20:12:01""}, ""recent_trades"": [{""turn"": 10, ""date"": ""2026-05-04"", ""action"": ""sell"", ""stock_code"": ""005930"", ""quantity"": 20, ""executed_price"": 232500.0, ""trade_value"": 4650000.0, ""status"": ""filled"", ""filled_quantity"": 20, ""action_reason"": ""단기 급등 (5.44%) 과 거시 불확실성으로 인한 밸류에이션 부담을 고려하여, 수익 일부 실현을 통해 리스크를 관리합니다. 현재 현금 비중이 높아 추가 매수 여력은 있으나, 내재가치 검증이 필요하여 매도 우선순위를 높입니다.""}, {""turn"": 9, ""date"": ""2026-05-04"", ""action"": ""sell"", ""stock_code"": ""005930"", ""quantity"": 20, ""executed_price"": 228000.0, ""trade_value"": 4560000.0, ""status"": ""filled"", ""filled_quantity"": 20, ""action_reason"": ""노조 파업 시작일 확정으로 단기 변동성 우려가 크며, 안정적 자산 선호 성향에 따라 현재 주가는 리스크 할인이 필요해 매수보다는 리스크 관리가 우선입니다.""}, {""turn"": 8, ""date"": ""2026-04-30"", ""action"": ""sell"", ""stock_code"": ""005930"", ""quantity"": 20, ""executed_price"": 220500.0, ""trade_value"": 4410000.0, ""status"": ""filled"", ""filled_quantity"": 20, ""action_reason"": ""외국인 매도세 지속과 단기 하방 압력, 포트폴리오 집중도 완화를 위해 일부 매도합니다.""}]}"
chunk_010_2026-05-06_2026-05-12,2026-05-06,2,A017,"[3346, 3349, 3352, 3359, 3364]",3359,삼성전자 주가 급등에 대한 신중한 접근,analysis,like,[],"{""portfolio_summary"": {""state_id"": ""ps_A015_t002"", ""agent_id"": ""A015"", ""turn"": 2, ""date"": ""2026-05-06"", ""cash"": 87900000.0, ""positions"": ""[{\""stock_code\"": \""005930\"", \""quantity\"": 50, \""avg_cost\"": 254000.0, \""current_price\"": 266000.0, \""unrealized_pnl\"": 600000.0, \""unrealized_pnl_rate\"": 0.047244094488188976}]"", ""total_value"": 101200000.0, ""realized_pnl"": 600000.0, ""total_return_rate"": 0.012, ""updated_at"": ""2026-07-15 20:12:01""}, ""recent_trades"": [{""turn"": 10, ""date"": ""2026-05-04"", ""action"": ""sell"", ""stock_code"": ""005930"", ""quantity"": 50, ""executed_price"": 232500.0, ""trade_value"": 11625000.0, ""status"": ""filled"", ""filled_quantity"": 50, ""action_reason"": ""주가 급등 (5.44%) 및 금리 인상 우려로 밸류에이션 부담이 커진 점을 고려하여, 수익 실현을 통해 리스크를 관리합니다.""}, {""turn"": 9, ""date"": ""2026-05-04"", ""action"": ""sell"", ""stock_code"": ""005930"", ""quantity"": 50, ""executed_price"": 228000.0, ""trade_value"": 11400000.0, ""status"": ""filled"", ""filled_quantity"": 50, ""action_reason"": ""5 월 말 파업 확정으로 인한 단기 변동성 확대 우려와 포트폴리오 집중도 (약 72%) 가 높으므로, 리스크 관리를 위해 보유 물량의 일부를 매도합니다. PER 5.4 배 저평가 구간이지만, 노사 갈등 불확실성 하에서 현금 비중을 높여 방어력을 강화하는 것이 안정적 자산 선호 성향에 부합합니다.""}, {""turn"": 8, ""date"": ""2026-04-30"", ""action"": ""buy"", ""stock_code"": ""005930"", ""quantity"": 100, ""executed_price"": 220500.0, ""trade_value"": 22050000.0, ""status"": ""filled"", ""filled_quantity"": 100, ""action_reason"": ""실적 호재와 AI 구조적 성장 기대감에 따라 PER 5.4 배 수준으로 저평가된 구간입니다. 외국인 매도세는 차익실현으로 판단되어 가치 투자 관점에서 매수 기회를 포착합니다.""}]}"
chunk_010_2026-05-06_2026-05-12,2026-05-06,2,A017,"[3346, 3349, 3352, 3359, 3364]",3364,"삼성전자, 강세 유지 중 조정 리스크를 고려한 투자 관점",analysis,read,[],"{""portfolio_summary"": {""state_id"": ""ps_A020_t002"", ""agent_id"": ""A020"", ""turn"": 2, ""date"": ""2026-05-06"", ""cash"": 101200000.0, ""positions"": ""[]"", ""total_value"": 101200000.0, ""realized_pnl"": 1200000.0, ""total_return_rate"": 0.012, ""updated_at"": ""2026-07-15 20:12:01""}, ""recent_trades"": [{""turn"": 10, ""date"": ""2026-05-04"", ""action"": ""sell"", ""stock_code"": ""005930"", ""quantity"": 1, ""executed_price"": 232500.0, ""trade_value"": 232500.0, ""status"": ""filled"", ""filled_quantity"": 1, ""action_reason"": ""현금 비중이 0.5% 미만으로 위험 관리 여력이 부족하며, 단기 급등 (5.44%) 과 금리 리스크로 조정 가능성 존재. 수익 실현을 통해 유동성을 확보합니다.""}, {""turn"": 9, ""date"": ""2026-05-04"", ""action"": ""buy"", ""stock_code"": ""005930"", ""quantity"": 1, ""executed_price"": 228000.0, ""trade_value"": 228000.0, ""status"": ""filled"", ""filled_quantity"": 1, ""action_reason"": ""기술적 MA5 돌파 및 수출 호조로 상승 모멘텀이 명확함. 고위험 선호 성향에 따라 추세를 따라 매수합니다.""}, {""turn"": 8, ""date"": ""2026-04-30"", ""action"": ""buy"", ""stock_code"": ""005930"", ""quantity"": 3, ""executed_price"": 220500.0, ""trade_value"": 661500.0, ""status"": ""filled"", ""filled_quantity"": 3, ""action_reason"": ""PER 5.4 배 저평가 및 실적 호조로 펀더멘털이 견고하나, 현재가 (220,500 원) 가 평균 매수 단가 (222,020 원) 보다 낮아 평균 단가 하향 효과 기대. 기술적 조정 국면이지만 22 만 원대 지지선 확인 시 매수 기회로 판단.""}]}"
chunk_010_2026-05-06_2026-05-12,2026-05-06,2,A019,"[3349, 3352, 3359, 3364, 3361]",3349,오늘 매도한 이유와 향후 전략,trade_share,like,"[""상위 수익자"", ""자산가""]",null
chunk_010_2026-05-06_2026-05-12,2026-05-06,2,A019,"[3349, 3352, 3359, 3364, 3361]",3352,삼성전자 주가 급등 이후의 가치 평가에 대한 고민,analysis,like,"[""커뮤니티 인플루언서""]",null
chunk_010_2026-05-06_2026-05-12,2026-05-06,2,A019,"[3349, 3352, 3359, 3364, 3361]",3359,삼성전자 주가 급등에 대한 신중한 접근,analysis,like,[],null
chunk_010_2026-05-06_2026-05-12,2026-05-06,2,A019,"[3349, 3352, 3359, 3364, 3361]",3364,"삼성전자, 강세 유지 중 조정 리스크를 고려한 투자 관점",analysis,like,[],null
chunk_010_2026-05-06_2026-05-12,2026-05-06,2,A019,"[3349, 3352, 3359, 3364, 3361]",3361,삼성전자 50주 매수했습니다!,trade_share,unlike,[],null
chunk_010_2026-05-06_2026-05-12,2026-05-06,2,A015,"[3346, 3349, 3352, 3360, 3364]",3346,오늘 삼성전자 일부 매도했습니다!,trade_share,like,"[""커뮤니티 인플루언서""]","{""portfolio_summary"": {""state_id"": ""ps_A001_t002"", ""agent_id"": ""A001"", ""turn"": 2, ""date"": ""2026-05-06"", ""cash"": 64560000.0, ""positions"": ""[{\""stock_code\"": \""005930\"", \""quantity\"": 140, \""avg_cost\"": 254000.0, \""current_price\"": 266000.0, \""unrealized_pnl\"": 1680000.0, \""unrealized_pnl_rate\"": 0.047244094488188976}]"", ""total_value"": 101800000.0, ""realized_pnl"": 120000.0, ""total_return_rate"": 0.018, ""updated_at"": ""2026-07-15 20:12:01""}, ""recent_trades"": [{""turn"": 10, ""date"": ""2026-05-04"", ""action"": ""buy"", ""stock_code"": ""005930"", ""quantity"": 80, ""executed_price"": 232500.0, ""trade_value"": 18600000.0, ""status"": ""filled"", ""filled_quantity"": 80, ""action_reason"": ""PER 5.4 배 저평가 지표 유효 및 반도체 업황 회복세에 따른 매수 기회로 판단하여 현금 비중 활용.""}, {""turn"": 9, ""date"": ""2026-05-04"", ""action"": ""sell"", ""stock_code"": ""005930"", ""quantity"": 50, ""executed_price"": 228000.0, ""trade_value"": 11400000.0, ""status"": ""filled"", ""filled_quantity"": 50, ""action_reason"": ""노조 파업 및 R&D 예산 축소 우려로 안정성 리스크가 존재하며, 집중 투자 리스크 감소를 위해 일부 매도합니다.""}, {""turn"": 8, ""date"": ""2026-04-30"", ""action"": ""buy"", ""stock_code"": ""005930"", ""quantity"": 166, ""executed_price"": 220500.0, ""trade_value"": 36603000.0, ""status"": ""filled"", ""filled_quantity"": 166, ""action_reason"": ""PER 5.4 배 저평가 구간이며 실적 역대 최대 호조로 내재가치가 입증되었습니다. 외국인 매도세로 인한 단기 조정 시점을 매수 기회로 판단하여, 현금 비중을 활용하여 집중 투자합니다.""}]}"
chunk_010_2026-05-06_2026-05-12,2026-05-06,2,A015,"[3346, 3349, 3352, 3360, 3364]",3349,오늘 매도한 이유와 향후 전략,trade_share,like,"[""상위 수익자"", ""자산가""]","{""portfolio_summary"": {""state_id"": ""ps_A003_t002"", ""agent_id"": ""A003"", ""turn"": 2, ""date"": ""2026-05-06"", ""cash"": 55536000.0, ""positions"": ""[{\""stock_code\"": \""005930\"", \""quantity\"": 176, \""avg_cost\"": 254000.0, \""current_price\"": 266000.0, \""unrealized_pnl\"": 2112000.0, \""unrealized_pnl_rate\"": 0.047244094488188976}]"", ""total_value"": 102352000.0, ""realized_pnl"": 240000.0, ""total_return_rate"": 0.02352, ""updated_at"": ""2026-07-15 20:12:01""}, ""recent_trades"": [{""turn"": 10, ""date"": ""2026-05-04"", ""action"": ""buy"", ""stock_code"": ""005930"", ""quantity"": 1, ""executed_price"": 232500.0, ""trade_value"": 232500.0, ""status"": ""filled"", ""filled_quantity"": 1, ""action_reason"": ""반도체 업황 회복과 내재가치 저평가 판단 (뉴스/시장) 에 따라 매수 기회 유지. 다만 현금 부족 (포트폴리오) 으로 최소 수량인 1 주로 제한적 매수.""}, {""turn"": 9, ""date"": ""2026-05-04"", ""action"": ""buy"", ""stock_code"": ""005930"", ""quantity"": 11, ""executed_price"": 228000.0, ""trade_value"": 2508000.0, ""status"": ""filled"", ""filled_quantity"": 11, ""action_reason"": ""PER 5.4 배 저평가 및 AI 슈퍼사이클 지속으로 내재가치 상승 기대가 명확함. 현금 잔고 부족으로 매수 여력은 제한적이지만, 가치 투자 원칙에 따라 최대 한도 내에서 추가 매수하여 수익 확대를 도모함.""}, {""turn"": 8, ""date"": ""2026-04-30"", ""action"": ""buy"", ""stock_code"": ""005930"", ""quantity"": 23, ""executed_price"": 220500.0, ""trade_value"": 5071500.0, ""status"": ""filled"", ""filled_quantity"": 23, ""action_reason"": ""가치투자 관점에서 현재 주가 (220,500 원) 가 평균 매수 단가 (222,367 원) 보다 낮아 추가 매수를 통해 평균 단가 하향 및 저평가 구간 선점. 실적 호조 (53 조 원) 와 AI/HBM 수요 등 펀더멘털이 견고하며, 외국인 매도세는 일시적 변동성으로 판단.""}]}"
chunk_010_2026-05-06_2026-05-12,2026-05-06,2,A015,"[3346, 3349, 3352, 3360, 3364]",3352,삼성전자 주가 급등 이후의 가치 평가에 대한 고민,analysis,like,"[""커뮤니티 인플루언서""]","{""portfolio_summary"": {""state_id"": ""ps_A007_t002"", ""agent_id"": ""A007"", ""turn"": 2, ""date"": ""2026-05-06"", ""cash"": 87900000.0, ""positions"": ""[{\""stock_code\"": \""005930\"", \""quantity\"": 50, \""avg_cost\"": 254000.0, \""current_price\"": 266000.0, \""unrealized_pnl\"": 600000.0, \""unrealized_pnl_rate\"": 0.047244094488188976}]"", ""total_value"": 101200000.0, ""realized_pnl"": 600000.0, ""total_return_rate"": 0.012, ""updated_at"": ""2026-07-15 20:12:01""}, ""recent_trades"": [{""turn"": 10, ""date"": ""2026-05-04"", ""action"": ""sell"", ""stock_code"": ""005930"", ""quantity"": 20, ""executed_price"": 232500.0, ""trade_value"": 4650000.0, ""status"": ""filled"", ""filled_quantity"": 20, ""action_reason"": ""단기 급등 (5.44%) 과 거시 불확실성으로 인한 밸류에이션 부담을 고려하여, 수익 일부 실현을 통해 리스크를 관리합니다. 현재 현금 비중이 높아 추가 매수 여력은 있으나, 내재가치 검증이 필요하여 매도 우선순위를 높입니다.""}, {""turn"": 9, ""date"": ""2026-05-04"", ""action"": ""sell"", ""stock_code"": ""005930"", ""quantity"": 20, ""executed_price"": 228000.0, ""trade_value"": 4560000.0, ""status"": ""filled"", ""filled_quantity"": 20, ""action_reason"": ""노조 파업 시작일 확정으로 단기 변동성 우려가 크며, 안정적 자산 선호 성향에 따라 현재 주가는 리스크 할인이 필요해 매수보다는 리스크 관리가 우선입니다.""}, {""turn"": 8, ""date"": ""2026-04-30"", ""action"": ""sell"", ""stock_code"": ""005930"", ""quantity"": 20, ""executed_price"": 220500.0, ""trade_value"": 4410000.0, ""status"": ""filled"", ""filled_quantity"": 20, ""action_reason"": ""외국인 매도세 지속과 단기 하방 압력, 포트폴리오 집중도 완화를 위해 일부 매도합니다.""}]}"
chunk_010_2026-05-06_2026-05-12,2026-05-06,2,A015,"[3346, 3349, 3352, 3360, 3364]",3360,오늘 삼성전자 일부 매도했습니다.,trade_share,like,[],"{""portfolio_summary"": {""state_id"": ""ps_A019_t002"", ""agent_id"": ""A019"", ""turn"": 2, ""date"": ""2026-05-06"", ""cash"": 100120000.0, ""positions"": ""[]"", ""total_value"": 100120000.0, ""realized_pnl"": 120000.0, ""total_return_rate"": 0.0012, ""updated_at"": ""2026-07-15 20:12:01""}, ""recent_trades"": [{""turn"": 10, ""date"": ""2026-05-04"", ""action"": ""sell"", ""stock_code"": ""005930"", ""quantity"": 40, ""executed_price"": 232500.0, ""trade_value"": 9300000.0, ""status"": ""filled"", ""filled_quantity"": 40, ""action_reason"": ""수익 구간 진입 (3.08%) 및 거시 리스크로 안전마진 축소 우려가 있어 처분효과와 변동성 관리 원칙에 따라 제한적으로 매도합니다.""}, {""turn"": 9, ""date"": ""2026-05-04"", ""action"": ""buy"", ""stock_code"": ""005930"", ""quantity"": 50, ""executed_price"": 228000.0, ""trade_value"": 11400000.0, ""status"": ""filled"", ""filled_quantity"": 50, ""action_reason"": ""PER 5.4 배 역사적 저평가 구간이며 수출 호조와 노조 해결로 하방 경직성이 확보됨. 가치 투자 원칙에 따라 내재가치 회복을 믿고 추가 매수.""}, {""turn"": 8, ""date"": ""2026-04-30"", ""action"": ""buy"", ""stock_code"": ""005930"", ""quantity"": 60, ""executed_price"": 220500.0, ""trade_value"": 13230000.0, ""status"": ""filled"", ""filled_quantity"": 60, ""action_reason"": ""현재 주가 (220,500 원) 가 평균 매수 단가 (222,128 원) 보다 낮아 미실현 손실 구간이며, 가치 투자 성향과 손실 시 추가 매수 경향 (Disposition Effect) 에 따라 매수합니다. 53 조 원 영업이익 등 실적 호조가 내재가치를 뒷받침하나, 단기 외국인 매도세로 인한 조정 국면이므로 현금 비중을 유지하며 제한적으로 매수합니다.""}]}"
chunk_010_2026-05-06_2026-05-12,2026-05-06,2,A015,"[3346, 3349, 3352, 3360, 3364]",3364,"삼성전자, 강세 유지 중 조정 리스크를 고려한 투자 관점",analysis,read,[],"{""portfolio_summary"": {""state_id"": ""ps_A020_t002"", ""agent_id"": ""A020"", ""turn"": 2, ""date"": ""2026-05-06"", ""cash"": 101200000.0, ""positions"": ""[]"", ""total_value"": 101200000.0, ""realized_pnl"": 1200000.0, ""total_return_rate"": 0.012, ""updated_at"": ""2026-07-15 20:12:01""}, ""recent_trades"": [{""turn"": 10, ""date"": ""2026-05-04"", ""action"": ""sell"", ""stock_code"": ""005930"", ""quantity"": 1, ""executed_price"": 232500.0, ""trade_value"": 232500.0, ""status"": ""filled"", ""filled_quantity"": 1, ""action_reason"": ""현금 비중이 0.5% 미만으로 위험 관리 여력이 부족하며, 단기 급등 (5.44%) 과 금리 리스크로 조정 가능성 존재. 수익 실현을 통해 유동성을 확보합니다.""}, {""turn"": 9, ""date"": ""2026-05-04"", ""action"": ""buy"", ""stock_code"": ""005930"", ""quantity"": 1, ""executed_price"": 228000.0, ""trade_value"": 228000.0, ""status"": ""filled"", ""filled_quantity"": 1, ""action_reason"": ""기술적 MA5 돌파 및 수출 호조로 상승 모멘텀이 명확함. 고위험 선호 성향에 따라 추세를 따라 매수합니다.""}, {""turn"": 8, ""date"": ""2026-04-30"", ""action"": ""buy"", ""stock_code"": ""005930"", ""quantity"": 3, ""executed_price"": 220500.0, ""trade_value"": 661500.0, ""status"": ""filled"", ""filled_quantity"": 3, ""action_reason"": ""PER 5.4 배 저평가 및 실적 호조로 펀더멘털이 견고하나, 현재가 (220,500 원) 가 평균 매수 단가 (222,020 원) 보다 낮아 평균 단가 하향 효과 기대. 기술적 조정 국면이지만 22 만 원대 지지선 확인 시 매수 기회로 판단.""}]}"
chunk_010_2026-05-06_2026-05-12,2026-05-06,2,A022,"[3346, 3349, 3352, 3359, 3364]",3346,오늘 삼성전자 일부 매도했습니다!,trade_share,like,"[""커뮤니티 인플루언서""]",null
chunk_010_2026-05-06_2026-05-12,2026-05-06,2,A022,"[3346, 3349, 3352, 3359, 3364]",3349,오늘 매도한 이유와 향후 전략,trade_share,like,"[""상위 수익자"", ""자산가""]",null
chunk_010_2026-05-06_2026-05-12,2026-05-06,2,A022,"[3346, 3349, 3352, 3359, 3364]",3352,삼성전자 주가 급등 이후의 가치 평가에 대한 고민,analysis,read,"[""커뮤니티 인플루언서""]",null
chunk_010_2026-05-06_2026-05-12,2026-05-06,2,A022,"[3346, 3349, 3352, 3359, 3364]",3359,삼성전자 주가 급등에 대한 신중한 접근,analysis,like,[],null
chunk_010_2026-05-06_2026-05-12,2026-05-06,2,A022,"[3346, 3349, 3352, 3359, 3364]",3364,"삼성전자, 강세 유지 중 조정 리스크를 고려한 투자 관점",analysis,like,[],null
chunk_010_2026-05-06_2026-05-12,2026-05-06,2,A020,"[3346, 3349, 3352, 3359, 3360]",3346,오늘 삼성전자 일부 매도했습니다!,trade_share,like,"[""커뮤니티 인플루언서""]","{""portfolio_summary"": {""state_id"": ""ps_A001_t002"", ""agent_id"": ""A001"", ""turn"": 2, ""date"": ""2026-05-06"", ""cash"": 64560000.0, ""positions"": ""[{\""stock_code\"": \""005930\"", \""quantity\"": 140, \""avg_cost\"": 254000.0, \""current_price\"": 266000.0, \""unrealized_pnl\"": 1680000.0, \""unrealized_pnl_rate\"": 0.047244094488188976}]"", ""total_value"": 101800000.0, ""realized_pnl"": 120000.0, ""total_return_rate"": 0.018, ""updated_at"": ""2026-07-15 20:12:01""}, ""recent_trades"": [{""turn"": 10, ""date"": ""2026-05-04"", ""action"": ""buy"", ""stock_code"": ""005930"", ""quantity"": 80, ""executed_price"": 232500.0, ""trade_value"": 18600000.0, ""status"": ""filled"", ""filled_quantity"": 80, ""action_reason"": ""PER 5.4 배 저평가 지표 유효 및 반도체 업황 회복세에 따른 매수 기회로 판단하여 현금 비중 활용.""}, {""turn"": 9, ""date"": ""2026-05-04"", ""action"": ""sell"", ""stock_code"": ""005930"", ""quantity"": 50, ""executed_price"": 228000.0, ""trade_value"": 11400000.0, ""status"": ""filled"", ""filled_quantity"": 50, ""action_reason"": ""노조 파업 및 R&D 예산 축소 우려로 안정성 리스크가 존재하며, 집중 투자 리스크 감소를 위해 일부 매도합니다.""}, {""turn"": 8, ""date"": ""2026-04-30"", ""action"": ""buy"", ""stock_code"": ""005930"", ""quantity"": 166, ""executed_price"": 220500.0, ""trade_value"": 36603000.0, ""status"": ""filled"", ""filled_quantity"": 166, ""action_reason"": ""PER 5.4 배 저평가 구간이며 실적 역대 최대 호조로 내재가치가 입증되었습니다. 외국인 매도세로 인한 단기 조정 시점을 매수 기회로 판단하여, 현금 비중을 활용하여 집중 투자합니다.""}]}"
chunk_010_2026-05-06_2026-05-12,2026-05-06,2,A020,"[3346, 3349, 3352, 3359, 3360]",3349,오늘 매도한 이유와 향후 전략,trade_share,like,"[""상위 수익자"", ""자산가""]","{""portfolio_summary"": {""state_id"": ""ps_A003_t002"", ""agent_id"": ""A003"", ""turn"": 2, ""date"": ""2026-05-06"", ""cash"": 55536000.0, ""positions"": ""[{\""stock_code\"": \""005930\"", \""quantity\"": 176, \""avg_cost\"": 254000.0, \""current_price\"": 266000.0, \""unrealized_pnl\"": 2112000.0, \""unrealized_pnl_rate\"": 0.047244094488188976}]"", ""total_value"": 102352000.0, ""realized_pnl"": 240000.0, ""total_return_rate"": 0.02352, ""updated_at"": ""2026-07-15 20:12:01""}, ""recent_trades"": [{""turn"": 10, ""date"": ""2026-05-04"", ""action"": ""buy"", ""stock_code"": ""005930"", ""quantity"": 1, ""executed_price"": 232500.0, ""trade_value"": 232500.0, ""status"": ""filled"", ""filled_quantity"": 1, ""action_reason"": ""반도체 업황 회복과 내재가치 저평가 판단 (뉴스/시장) 에 따라 매수 기회 유지. 다만 현금 부족 (포트폴리오) 으로 최소 수량인 1 주로 제한적 매수.""}, {""turn"": 9, ""date"": ""2026-05-04"", ""action"": ""buy"", ""stock_code"": ""005930"", ""quantity"": 11, ""executed_price"": 228000.0, ""trade_value"": 2508000.0, ""status"": ""filled"", ""filled_quantity"": 11, ""action_reason"": ""PER 5.4 배 저평가 및 AI 슈퍼사이클 지속으로 내재가치 상승 기대가 명확함. 현금 잔고 부족으로 매수 여력은 제한적이지만, 가치 투자 원칙에 따라 최대 한도 내에서 추가 매수하여 수익 확대를 도모함.""}, {""turn"": 8, ""date"": ""2026-04-30"", ""action"": ""buy"", ""stock_code"": ""005930"", ""quantity"": 23, ""executed_price"": 220500.0, ""trade_value"": 5071500.0, ""status"": ""filled"", ""filled_quantity"": 23, ""action_reason"": ""가치투자 관점에서 현재 주가 (220,500 원) 가 평균 매수 단가 (222,367 원) 보다 낮아 추가 매수를 통해 평균 단가 하향 및 저평가 구간 선점. 실적 호조 (53 조 원) 와 AI/HBM 수요 등 펀더멘털이 견고하며, 외국인 매도세는 일시적 변동성으로 판단.""}]}"
chunk_010_2026-05-06_2026-05-12,2026-05-06,2,A020,"[3346, 3349, 3352, 3359, 3360]",3352,삼성전자 주가 급등 이후의 가치 평가에 대한 고민,analysis,like,"[""커뮤니티 인플루언서""]","{""portfolio_summary"": {""state_id"": ""ps_A007_t002"", ""agent_id"": ""A007"", ""turn"": 2, ""date"": ""2026-05-06"", ""cash"": 87900000.0, ""positions"": ""[{\""stock_code\"": \""005930\"", \""quantity\"": 50, \""avg_cost\"": 254000.0, \""current_price\"": 266000.0, \""unrealized_pnl\"": 600000.0, \""unrealized_pnl_rate\"": 0.047244094488188976}]"", ""total_value"": 101200000.0, ""realized_pnl"": 600000.0, ""total_return_rate"": 0.012, ""updated_at"": ""2026-07-15 20:12:01""}, ""recent_trades"": [{""turn"": 10, ""date"": ""2026-05-04"", ""action"": ""sell"", ""stock_code"": ""005930"", ""quantity"": 20, ""executed_price"": 232500.0, ""trade_value"": 4650000.0, ""status"": ""filled"", ""filled_quantity"": 20, ""action_reason"": ""단기 급등 (5.44%) 과 거시 불확실성으로 인한 밸류에이션 부담을 고려하여, 수익 일부 실현을 통해 리스크를 관리합니다. 현재 현금 비중이 높아 추가 매수 여력은 있으나, 내재가치 검증이 필요하여 매도 우선순위를 높입니다.""}, {""turn"": 9, ""date"": ""2026-05-04"", ""action"": ""sell"", ""stock_code"": ""005930"", ""quantity"": 20, ""executed_price"": 228000.0, ""trade_value"": 4560000.0, ""status"": ""filled"", ""filled_quantity"": 20, ""action_reason"": ""노조 파업 시작일 확정으로 단기 변동성 우려가 크며, 안정적 자산 선호 성향에 따라 현재 주가는 리스크 할인이 필요해 매수보다는 리스크 관리가 우선입니다.""}, {""turn"": 8, ""date"": ""2026-04-30"", ""action"": ""sell"", ""stock_code"": ""005930"", ""quantity"": 20, ""executed_price"": 220500.0, ""trade_value"": 4410000.0, ""status"": ""filled"", ""filled_quantity"": 20, ""action_reason"": ""외국인 매도세 지속과 단기 하방 압력, 포트폴리오 집중도 완화를 위해 일부 매도합니다.""}]}"
chunk_010_2026-05-06_2026-05-12,2026-05-06,2,A020,"[3346, 3349, 3352, 3359, 3360]",3359,삼성전자 주가 급등에 대한 신중한 접근,analysis,like,[],"{""portfolio_summary"": {""state_id"": ""ps_A015_t002"", ""agent_id"": ""A015"", ""turn"": 2, ""date"": ""2026-05-06"", ""cash"": 87900000.0, ""positions"": ""[{\""stock_code\"": \""005930\"", \""quantity\"": 50, \""avg_cost\"": 254000.0, \""current_price\"": 266000.0, \""unrealized_pnl\"": 600000.0, \""unrealized_pnl_rate\"": 0.047244094488188976}]"", ""total_value"": 101200000.0, ""realized_pnl"": 600000.0, ""total_return_rate"": 0.012, ""updated_at"": ""2026-07-15 20:12:01""}, ""recent_trades"": [{""turn"": 10, ""date"": ""2026-05-04"", ""action"": ""sell"", ""stock_code"": ""005930"", ""quantity"": 50, ""executed_price"": 232500.0, ""trade_value"": 11625000.0, ""status"": ""filled"", ""filled_quantity"": 50, ""action_reason"": ""주가 급등 (5.44%) 및 금리 인상 우려로 밸류에이션 부담이 커진 점을 고려하여, 수익 실현을 통해 리스크를 관리합니다.""}, {""turn"": 9, ""date"": ""2026-05-04"", ""action"": ""sell"", ""stock_code"": ""005930"", ""quantity"": 50, ""executed_price"": 228000.0, ""trade_value"": 11400000.0, ""status"": ""filled"", ""filled_quantity"": 50, ""action_reason"": ""5 월 말 파업 확정으로 인한 단기 변동성 확대 우려와 포트폴리오 집중도 (약 72%) 가 높으므로, 리스크 관리를 위해 보유 물량의 일부를 매도합니다. PER 5.4 배 저평가 구간이지만, 노사 갈등 불확실성 하에서 현금 비중을 높여 방어력을 강화하는 것이 안정적 자산 선호 성향에 부합합니다.""}, {""turn"": 8, ""date"": ""2026-04-30"", ""action"": ""buy"", ""stock_code"": ""005930"", ""quantity"": 100, ""executed_price"": 220500.0, ""trade_value"": 22050000.0, ""status"": ""filled"", ""filled_quantity"": 100, ""action_reason"": ""실적 호재와 AI 구조적 성장 기대감에 따라 PER 5.4 배 수준으로 저평가된 구간입니다. 외국인 매도세는 차익실현으로 판단되어 가치 투자 관점에서 매수 기회를 포착합니다.""}]}"
chunk_010_2026-05-06_2026-05-12,2026-05-06,2,A020,"[3346, 3349, 3352, 3359, 3360]",3360,오늘 삼성전자 일부 매도했습니다.,trade_share,read,[],"{""portfolio_summary"": {""state_id"": ""ps_A019_t002"", ""agent_id"": ""A019"", ""turn"": 2, ""date"": ""2026-05-06"", ""cash"": 100120000.0, ""positions"": ""[]"", ""total_value"": 100120000.0, ""realized_pnl"": 120000.0, ""total_return_rate"": 0.0012, ""updated_at"": ""2026-07-15 20:12:01""}, ""recent_trades"": [{""turn"": 10, ""date"": ""2026-05-04"", ""action"": ""sell"", ""stock_code"": ""005930"", ""quantity"": 40, ""executed_price"": 232500.0, ""trade_value"": 9300000.0, ""status"": ""filled"", ""filled_quantity"": 40, ""action_reason"": ""수익 구간 진입 (3.08%) 및 거시 리스크로 안전마진 축소 우려가 있어 처분효과와 변동성 관리 원칙에 따라 제한적으로 매도합니다.""}, {""turn"": 9, ""date"": ""2026-05-04"", ""action"": ""buy"", ""stock_code"": ""005930"", ""quantity"": 50, ""executed_price"": 228000.0, ""trade_value"": 11400000.0, ""status"": ""filled"", ""filled_quantity"": 50, ""action_reason"": ""PER 5.4 배 역사적 저평가 구간이며 수출 호조와 노조 해결로 하방 경직성이 확보됨. 가치 투자 원칙에 따라 내재가치 회복을 믿고 추가 매수.""}, {""turn"": 8, ""date"": ""2026-04-30"", ""action"": ""buy"", ""stock_code"": ""005930"", ""quantity"": 60, ""executed_price"": 220500.0, ""trade_value"": 13230000.0, ""status"": ""filled"", ""filled_quantity"": 60, ""action_reason"": ""현재 주가 (220,500 원) 가 평균 매수 단가 (222,128 원) 보다 낮아 미실현 손실 구간이며, 가치 투자 성향과 손실 시 추가 매수 경향 (Disposition Effect) 에 따라 매수합니다. 53 조 원 영업이익 등 실적 호조가 내재가치를 뒷받침하나, 단기 외국인 매도세로 인한 조정 국면이므로 현금 비중을 유지하며 제한적으로 매수합니다.""}]}"
chunk_010_2026-05-06_2026-05-12,2026-05-06,2,A025,"[3349, 3352, 3359, 3360, 3364]",3349,오늘 매도한 이유와 향후 전략,trade_share,like,"[""상위 수익자"", ""자산가""]",null
chunk_010_2026-05-06_2026-05-12,2026-05-06,2,A025,"[3349, 3352, 3359, 3360, 3364]",3352,삼성전자 주가 급등 이후의 가치 평가에 대한 고민,analysis,like,"[""커뮤니티 인플루언서""]",null
chunk_010_2026-05-06_2026-05-12,2026-05-06,2,A025,"[3349, 3352, 3359, 3360, 3364]",3359,삼성전자 주가 급등에 대한 신중한 접근,analysis,like,[],null
chunk_010_2026-05-06_2026-05-12,2026-05-06,2,A025,"[3349, 3352, 3359, 3360, 3364]",3360,오늘 삼성전자 일부 매도했습니다.,trade_share,like,[],null
chunk_010_2026-05-06_2026-05-12,2026-05-06,2,A025,"[3349, 3352, 3359, 3360, 3364]",3364,"삼성전자, 강세 유지 중 조정 리스크를 고려한 투자 관점",analysis,like,[],null
chunk_010_2026-05-06_2026-05-12,2026-05-06,2,A026,"[3349, 3352, 3359, 3360, 3364]",3349,오늘 매도한 이유와 향후 전략,trade_share,like,"[""상위 수익자"", ""자산가""]",null
chunk_010_2026-05-06_2026-05-12,2026-05-06,2,A026,"[3349, 3352, 3359, 3360, 3364]",3352,삼성전자 주가 급등 이후의 가치 평가에 대한 고민,analysis,like,"[""커뮤니티 인플루언서""]",null
chunk_010_2026-05-06_2026-05-12,2026-05-06,2,A026,"[3349, 3352, 3359, 3360, 3364]",3359,삼성전자 주가 급등에 대한 신중한 접근,analysis,like,[],null
chunk_010_2026-05-06_2026-05-12,2026-05-06,2,A026,"[3349, 3352, 3359, 3360, 3364]",3360,오늘 삼성전자 일부 매도했습니다.,trade_share,like,[],null
chunk_010_2026-05-06_2026-05-12,2026-05-06,2,A026,"[3349, 3352, 3359, 3360, 3364]",3364,"삼성전자, 강세 유지 중 조정 리스크를 고려한 투자 관점",analysis,like,[],null
chunk_010_2026-05-06_2026-05-12,2026-05-06,2,A027,"[3349, 3352, 3360, 3364, 3359]",3349,오늘 매도한 이유와 향후 전략,trade_share,like,"[""상위 수익자"", ""자산가""]",null
chunk_010_2026-05-06_2026-05-12,2026-05-06,2,A027,"[3349, 3352, 3360, 3364, 3359]",3352,삼성전자 주가 급등 이후의 가치 평가에 대한 고민,analysis,like,"[""커뮤니티 인플루언서""]",null
chunk_010_2026-05-06_2026-05-12,2026-05-06,2,A027,"[3349, 3352, 3360, 3364, 3359]",3360,오늘 삼성전자 일부 매도했습니다.,trade_share,like,[],null
chunk_010_2026-05-06_2026-05-12,2026-05-06,2,A027,"[3349, 3352, 3360, 3364, 3359]",3364,"삼성전자, 강세 유지 중 조정 리스크를 고려한 투자 관점",analysis,like,[],null
chunk_010_2026-05-06_2026-05-12,2026-05-06,2,A027,"[3349, 3352, 3360, 3364, 3359]",3359,삼성전자 주가 급등에 대한 신중한 접근,analysis,unlike,[],null
chunk_010_2026-05-06_2026-05-12,2026-05-07,4,A004,"[3369, 3371, 3375, 3381, 3385]",3369,"[분석] 삼성전자, 메모리 호황과 에너지 리스크의 경계에서",analysis,like,[],null
chunk_010_2026-05-06_2026-05-12,2026-05-07,4,A004,"[3369, 3371, 3375, 3381, 3385]",3371,오늘 삼성전자 추가 매수 했습니다!,trade_share,unlike,"[""커뮤니티 인플루언서""]",null
chunk_010_2026-05-06_2026-05-12,2026-05-07,4,A004,"[3369, 3371, 3375, 3381, 3385]",3375,오늘 삼성전자 전량 매도했습니다!,trade_share,like,[],null
chunk_010_2026-05-06_2026-05-12,2026-05-07,4,A004,"[3369, 3371, 3375, 3381, 3385]",3381,오늘 삼성전자 매도 결정했습니다.,trade_share,like,[],null
chunk_010_2026-05-06_2026-05-12,2026-05-07,4,A004,"[3369, 3371, 3375, 3381, 3385]",3385,"[시장 전망] 삼성전자, AI 수요와 에너지 비용의 딜레마",analysis,like,[],null
chunk_010_2026-05-06_2026-05-12,2026-05-07,4,A001,"[3368, 3369, 3371, 3375, 3385]",3368,현재 삼성전자 주가의 상승 추세와 리스크 관리에 대한 생각,analysis,like,"[""상위 수익자"", ""자산가""]",null
chunk_010_2026-05-06_2026-05-12,2026-05-07,4,A001,"[3368, 3369, 3371, 3375, 3385]",3369,"[분석] 삼성전자, 메모리 호황과 에너지 리스크의 경계에서",analysis,like,[],null
chunk_010_2026-05-06_2026-05-12,2026-05-07,4,A001,"[3368, 3369, 3371, 3375, 3385]",3371,오늘 삼성전자 추가 매수 했습니다!,trade_share,read,"[""커뮤니티 인플루언서""]",null
chunk_010_2026-05-06_2026-05-12,2026-05-07,4,A001,"[3368, 3369, 3371, 3375, 3385]",3375,오늘 삼성전자 전량 매도했습니다!,trade_share,like,[],null
chunk_010_2026-05-06_2026-05-12,2026-05-07,4,A001,"[3368, 3369, 3371, 3375, 3385]",3385,"[시장 전망] 삼성전자, AI 수요와 에너지 비용의 딜레마",analysis,like,[],null
chunk_010_2026-05-06_2026-05-12,2026-05-07,4,A005,"[3368, 3369, 3375, 3381, 3385]",3368,현재 삼성전자 주가의 상승 추세와 리스크 관리에 대한 생각,analysis,like,"[""상위 수익자"", ""자산가""]",null
chunk_010_2026-05-06_2026-05-12,2026-05-07,4,A005,"[3368, 3369, 3375, 3381, 3385]",3369,"[분석] 삼성전자, 메모리 호황과 에너지 리스크의 경계에서",analysis,like,[],null
chunk_010_2026-05-06_2026-05-12,2026-05-07,4,A005,"[3368, 3369, 3375, 3381, 3385]",3375,오늘 삼성전자 전량 매도했습니다!,trade_share,unlike,[],null
chunk_010_2026-05-06_2026-05-12,2026-05-07,4,A005,"[3368, 3369, 3375, 3381, 3385]",3381,오늘 삼성전자 매도 결정했습니다.,trade_share,like,[],null
chunk_010_2026-05-06_2026-05-12,2026-05-07,4,A005,"[3368, 3369, 3375, 3381, 3385]",3385,"[시장 전망] 삼성전자, AI 수요와 에너지 비용의 딜레마",analysis,like,[],null
chunk_010_2026-05-06_2026-05-12,2026-05-07,4,A003,"[3368, 3375, 3385, 3371, 3379]",3368,현재 삼성전자 주가의 상승 추세와 리스크 관리에 대한 생각,analysis,like,"[""상위 수익자"", ""자산가""]",null
chunk_010_2026-05-06_2026-05-12,2026-05-07,4,A003,"[3368, 3375, 3385, 3371, 3379]",3375,오늘 삼성전자 전량 매도했습니다!,trade_share,like,[],null
chunk_010_2026-05-06_2026-05-12,2026-05-07,4,A003,"[3368, 3375, 3385, 3371, 3379]",3385,"[시장 전망] 삼성전자, AI 수요와 에너지 비용의 딜레마",analysis,like,[],null
chunk_010_2026-05-06_2026-05-12,2026-05-07,4,A003,"[3368, 3375, 3385, 3371, 3379]",3371,오늘 삼성전자 추가 매수 했습니다!,trade_share,unlike,"[""커뮤니티 인플루언서""]",null
chunk_010_2026-05-06_2026-05-12,2026-05-07,4,A003,"[3368, 3375, 3385, 3371, 3379]",3379,오늘 삼성전자 일부 매도했습니다.,trade_share,like,"[""커뮤니티 인플루언서""]",null
chunk_010_2026-05-06_2026-05-12,2026-05-07,4,A006,"[3368, 3369, 3375, 3381, 3385]",3368,현재 삼성전자 주가의 상승 추세와 리스크 관리에 대한 생각,analysis,like,"[""상위 수익자"", ""자산가""]",null
chunk_010_2026-05-06_2026-05-12,2026-05-07,4,A006,"[3368, 3369, 3375, 3381, 3385]",3369,"[분석] 삼성전자, 메모리 호황과 에너지 리스크의 경계에서",analysis,like,[],null
chunk_010_2026-05-06_2026-05-12,2026-05-07,4,A006,"[3368, 3369, 3375, 3381, 3385]",3375,오늘 삼성전자 전량 매도했습니다!,trade_share,like,[],null
chunk_010_2026-05-06_2026-05-12,2026-05-07,4,A006,"[3368, 3369, 3375, 3381, 3385]",3381,오늘 삼성전자 매도 결정했습니다.,trade_share,like,[],null
chunk_010_2026-05-06_2026-05-12,2026-05-07,4,A006,"[3368, 3369, 3375, 3381, 3385]",3385,"[시장 전망] 삼성전자, AI 수요와 에너지 비용의 딜레마",analysis,read,[],null
chunk_010_2026-05-06_2026-05-12,2026-05-07,4,A010,"[3368, 3369, 3375, 3381, 3385]",3368,현재 삼성전자 주가의 상승 추세와 리스크 관리에 대한 생각,analysis,like,"[""상위 수익자"", ""자산가""]",null
chunk_010_2026-05-06_2026-05-12,2026-05-07,4,A010,"[3368, 3369, 3375, 3381, 3385]",3369,"[분석] 삼성전자, 메모리 호황과 에너지 리스크의 경계에서",analysis,like,[],null
chunk_010_2026-05-06_2026-05-12,2026-05-07,4,A010,"[3368, 3369, 3375, 3381, 3385]",3375,오늘 삼성전자 전량 매도했습니다!,trade_share,like,[],null
chunk_010_2026-05-06_2026-05-12,2026-05-07,4,A010,"[3368, 3369, 3375, 3381, 3385]",3381,오늘 삼성전자 매도 결정했습니다.,trade_share,like,[],null
chunk_010_2026-05-06_2026-05-12,2026-05-07,4,A010,"[3368, 3369, 3375, 3381, 3385]",3385,"[시장 전망] 삼성전자, AI 수요와 에너지 비용의 딜레마",analysis,read,[],null
chunk_010_2026-05-06_2026-05-12,2026-05-07,4,A007,"[3368, 3369, 3371, 3375, 3381, 3385]",3368,현재 삼성전자 주가의 상승 추세와 리스크 관리에 대한 생각,analysis,like,"[""상위 수익자"", ""자산가""]","{""portfolio_summary"": {""state_id"": ""ps_A004_t004"", ""agent_id"": ""A004"", ""turn"": 4, ""date"": ""2026-05-07"", ""cash"": 77691000.0, ""positions"": ""[{\""stock_code\"": \""005930\"", \""quantity\"": 96, \""avg_cost\"": 256439.0243902439, \""current_price\"": 271500.0, \""unrealized_pnl\"": 1445853.658536586, \""unrealized_pnl_rate\"": 0.05873121552216096}]"", ""total_value"": 103755000.0, ""realized_pnl"": 2309146.3414634154, ""total_return_rate"": 0.03755, ""updated_at"": ""2026-07-15 20:51:57""}, ""recent_trades"": [{""turn"": 10, ""date"": ""2026-05-04"", ""action"": ""buy"", ""stock_code"": ""005930"", ""quantity"": 100, ""executed_price"": 232500.0, ""trade_value"": 23250000.0, ""status"": ""filled"", ""filled_quantity"": 100, ""action_reason"": ""MA5 상향 돌파 및 거래량 증가로 기술적 매수 신호 유효. SK 하이닉스 상승 등 섹터 호재 확인. 수익 실현 압박 있으나 추세는 매수이므로 추가 매수.""}, {""turn"": 9, ""date"": ""2026-05-04"", ""action"": ""sell"", ""stock_code"": ""005930"", ""quantity"": 100, ""executed_price"": 228000.0, ""trade_value"": 22800000.0, ""status"": ""filled"", ""filled_quantity"": 100, ""action_reason"": ""Belief 에 따른 수익 실현 필요성, 커뮤니티 매도세 및 파업 리스크 고려. 현재가 228,000 원으로 평균 매수 단가 대비 수익 구간이므로 처분효과에 따라 매도.""}, {""turn"": 8, ""date"": ""2026-04-30"", ""action"": ""buy"", ""stock_code"": ""005930"", ""quantity"": 100, ""executed_price"": 220500.0, ""trade_value"": 22050000.0, ""status"": ""filled"", ""filled_quantity"": 100, ""action_reason"": ""실적 호재에도 주가가 하락한 '뉴스에 팔리는' 현상은 단기 조정으로 판단. 장기 AI 수요 사이클과 저평가 관점에서 손실 시 추가 매수 (처분효과) 전략 적용.""}]}"
chunk_010_2026-05-06_2026-05-12,2026-05-07,4,A007,"[3368, 3369, 3371, 3375, 3381, 3385]",3369,"[분석] 삼성전자, 메모리 호황과 에너지 리스크의 경계에서",analysis,like,[],"{""portfolio_summary"": {""state_id"": ""ps_A003_t004"", ""agent_id"": ""A003"", ""turn"": 4, ""date"": ""2026-05-07"", ""cash"": 44686000.0, ""positions"": ""[{\""stock_code\"": \""005930\"", \""quantity\"": 216, \""avg_cost\"": 258861.11111111112, \""current_price\"": 271500.0, \""unrealized_pnl\"": 2729999.999999997, \""unrealized_pnl_rate\"": 0.048824981221161017}]"", ""total_value"": 103330000.0, ""realized_pnl"": 600000.0, ""total_return_rate"": 0.0333, ""updated_at"": ""2026-07-15 20:51:57""}, ""recent_trades"": [{""turn"": 10, ""date"": ""2026-05-04"", ""action"": ""buy"", ""stock_code"": ""005930"", ""quantity"": 1, ""executed_price"": 232500.0, ""trade_value"": 232500.0, ""status"": ""filled"", ""filled_quantity"": 1, ""action_reason"": ""반도체 업황 회복과 내재가치 저평가 판단 (뉴스/시장) 에 따라 매수 기회 유지. 다만 현금 부족 (포트폴리오) 으로 최소 수량인 1 주로 제한적 매수.""}, {""turn"": 9, ""date"": ""2026-05-04"", ""action"": ""buy"", ""stock_code"": ""005930"", ""quantity"": 11, ""executed_price"": 228000.0, ""trade_value"": 2508000.0, ""status"": ""filled"", ""filled_quantity"": 11, ""action_reason"": ""PER 5.4 배 저평가 및 AI 슈퍼사이클 지속으로 내재가치 상승 기대가 명확함. 현금 잔고 부족으로 매수 여력은 제한적이지만, 가치 투자 원칙에 따라 최대 한도 내에서 추가 매수하여 수익 확대를 도모함.""}, {""turn"": 8, ""date"": ""2026-04-30"", ""action"": ""buy"", ""stock_code"": ""005930"", ""quantity"": 23, ""executed_price"": 220500.0, ""trade_value"": 5071500.0, ""status"": ""filled"", ""filled_quantity"": 23, ""action_reason"": ""가치투자 관점에서 현재 주가 (220,500 원) 가 평균 매수 단가 (222,367 원) 보다 낮아 추가 매수를 통해 평균 단가 하향 및 저평가 구간 선점. 실적 호조 (53 조 원) 와 AI/HBM 수요 등 펀더멘털이 견고하며, 외국인 매도세는 일시적 변동성으로 판단.""}]}"
chunk_010_2026-05-06_2026-05-12,2026-05-07,4,A007,"[3368, 3369, 3371, 3375, 3381, 3385]",3371,오늘 삼성전자 추가 매수 했습니다!,trade_share,unlike,"[""커뮤니티 인플루언서""]","{""portfolio_summary"": {""state_id"": ""ps_A006_t004"", ""agent_id"": ""A006"", ""turn"": 4, ""date"": ""2026-05-07"", ""cash"": 54985000.0, ""positions"": ""[{\""stock_code\"": \""005930\"", \""quantity\"": 170, \""avg_cost\"": 271852.9411764706, \""current_price\"": 271500.0, \""unrealized_pnl\"": -60000.00000000233, \""unrealized_pnl_rate\"": -0.0012982797792924878}]"", ""total_value"": 101140000.0, ""realized_pnl"": 1200000.0, ""total_return_rate"": 0.0114, ""updated_at"": ""2026-07-15 20:51:57""}, ""recent_trades"": [{""turn"": 10, ""date"": ""2026-05-04"", ""action"": ""sell"", ""stock_code"": ""005930"", ""quantity"": 29, ""executed_price"": 232500.0, ""trade_value"": 6742500.0, ""status"": ""filled"", ""filled_quantity"": 29, ""action_reason"": ""수익 실현 심리 (처분 효과) 와 조직 개편/금리 뉴스에 대한 불안감으로 일부 매도합니다. 기술적 상승 모멘텀은 있으나 뉴스 리스크가 우선시됩니다.""}, {""turn"": 9, ""date"": ""2026-05-04"", ""action"": ""buy"", ""stock_code"": ""005930"", ""quantity"": 59, ""executed_price"": 228000.0, ""trade_value"": 13452000.0, ""status"": ""filled"", ""filled_quantity"": 59, ""action_reason"": ""기술적 돌파 신호 (MA5 상회, 거래량 증가) 와 긍정적 뉴스 흐름을 반영하여 추세 추종 매수. 포트폴리오 미실현 손실 상태 (220,500 원 기준) 로 인해 추가 매수 욕구 (처분효과) 와 현금 여력 활용.""}, {""turn"": 8, ""date"": ""2026-04-30"", ""action"": ""buy"", ""stock_code"": ""005930"", ""quantity"": 50, ""executed_price"": 220500.0, ""trade_value"": 11025000.0, ""status"": ""filled"", ""filled_quantity"": 50, ""action_reason"": ""현재가 220,500 원으로 평균 단가 대비 손실 상태이므로, 페르소나의 손실 시 추가 매수 성향에 따라 평균 단가 하향을 시도함. PER 5.4 배 저평가 구간으로 판단.""}]}"
chunk_010_2026-05-06_2026-05-12,2026-05-07,4,A007,"[3368, 3369, 3371, 3375, 3381, 3385]",3375,오늘 삼성전자 전량 매도했습니다!,trade_share,like,[],"{""portfolio_summary"": {""state_id"": ""ps_A012_t004"", ""agent_id"": ""A012"", ""turn"": 4, ""date"": ""2026-05-07"", ""cash"": 102350000.0, ""positions"": ""[]"", ""total_value"": 102350000.0, ""realized_pnl"": 2350000.0, ""total_return_rate"": 0.0235, ""updated_at"": ""2026-07-15 20:51:57""}, ""recent_trades"": [{""turn"": 10, ""date"": ""2026-05-04"", ""action"": ""sell"", ""stock_code"": ""005930"", ""quantity"": 100, ""executed_price"": 232500.0, ""trade_value"": 23250000.0, ""status"": ""filled"", ""filled_quantity"": 100, ""action_reason"": ""수익이 발생한 상태에서 처분효과에 따른 매도 욕구가 강하며, 전일 대비 5% 이상 급등과 뉴스 부재로 인한 단기 조정 리스크를 고려하여 수익을 확정합니다.""}, {""turn"": 9, ""date"": ""2026-05-04"", ""action"": ""sell"", ""stock_code"": ""005930"", ""quantity"": 100, ""executed_price"": 228000.0, ""trade_value"": 22800000.0, ""status"": ""filled"", ""filled_quantity"": 100, ""action_reason"": ""현재가 (228,000 원) 가 평균 매수 단가 (224,750 원) 를 상회하여 미실현 수익 상태이며, 페르소나의 처분효과 (수익 시 빠른 매도) 에 따라 수익 실현을 우선시합니다. MA5 돌파로 상승 추세가 확인되었으나, 단기 급등 (3.4%) 에 따른 조정 리스크를 고려하여 보유 물량의 일부를 매도합니다.""}, {""turn"": 8, ""date"": ""2026-04-30"", ""action"": ""buy"", ""stock_code"": ""005930"", ""quantity"": 100, ""executed_price"": 220500.0, ""trade_value"": 22050000.0, ""status"": ""filled"", ""filled_quantity"": 100, ""action_reason"": ""PER 5.4 배 저평가 구간이며 MA20 지지선 유지. 현재가 (220,500 원) 가 평균 단가 (229,000 원) 보다 낮아 손실 시 추가 매수 원칙에 따라 매수.""}]}"
chunk_010_2026-05-06_2026-05-12,2026-05-07,4,A007,"[3368, 3369, 3371, 3375, 3381, 3385]",3381,오늘 삼성전자 매도 결정했습니다.,trade_share,unlike,[],"{""portfolio_summary"": {""state_id"": ""ps_A019_t004"", ""agent_id"": ""A019"", ""turn"": 4, ""date"": ""2026-05-07"", ""cash"": 100095000.0, ""positions"": ""[]"", ""total_value"": 100095000.0, ""realized_pnl"": 95000.0, ""total_return_rate"": 0.00095, ""updated_at"": ""2026-07-15 20:51:57""}, ""recent_trades"": [{""turn"": 10, ""date"": ""2026-05-04"", ""action"": ""sell"", ""stock_code"": ""005930"", ""quantity"": 40, ""executed_price"": 232500.0, ""trade_value"": 9300000.0, ""status"": ""filled"", ""filled_quantity"": 40, ""action_reason"": ""수익 구간 진입 (3.08%) 및 거시 리스크로 안전마진 축소 우려가 있어 처분효과와 변동성 관리 원칙에 따라 제한적으로 매도합니다.""}, {""turn"": 9, ""date"": ""2026-05-04"", ""action"": ""buy"", ""stock_code"": ""005930"", ""quantity"": 50, ""executed_price"": 228000.0, ""trade_value"": 11400000.0, ""status"": ""filled"", ""filled_quantity"": 50, ""action_reason"": ""PER 5.4 배 역사적 저평가 구간이며 수출 호조와 노조 해결로 하방 경직성이 확보됨. 가치 투자 원칙에 따라 내재가치 회복을 믿고 추가 매수.""}, {""turn"": 8, ""date"": ""2026-04-30"", ""action"": ""buy"", ""stock_code"": ""005930"", ""quantity"": 60, ""executed_price"": 220500.0, ""trade_value"": 13230000.0, ""status"": ""filled"", ""filled_quantity"": 60, ""action_reason"": ""현재 주가 (220,500 원) 가 평균 매수 단가 (222,128 원) 보다 낮아 미실현 손실 구간이며, 가치 투자 성향과 손실 시 추가 매수 경향 (Disposition Effect) 에 따라 매수합니다. 53 조 원 영업이익 등 실적 호조가 내재가치를 뒷받침하나, 단기 외국인 매도세로 인한 조정 국면이므로 현금 비중을 유지하며 제한적으로 매수합니다.""}]}"
chunk_010_2026-05-06_2026-05-12,2026-05-07,4,A007,"[3368, 3369, 3371, 3375, 3381, 3385]",3385,"[시장 전망] 삼성전자, AI 수요와 에너지 비용의 딜레마",analysis,like,[],"{""portfolio_summary"": {""state_id"": ""ps_A026_t004"", ""agent_id"": ""A026"", ""turn"": 4, ""date"": ""2026-05-07"", ""cash"": 44985000.0, ""positions"": ""[{\""stock_code\"": \""005930\"", \""quantity\"": 210, \""avg_cost\"": 261976.19047619047, \""current_price\"": 271500.0, \""unrealized_pnl\"": 2000000.0000000005, \""unrealized_pnl_rate\"": 0.0363537217122603}]"", ""total_value"": 102000000.0, ""realized_pnl"": 0.0, ""total_return_rate"": 0.02, ""updated_at"": ""2026-07-15 20:51:57""}, ""recent_trades"": [{""turn"": 10, ""date"": ""2026-05-04"", ""action"": ""buy"", ""stock_code"": ""005930"", ""quantity"": 18, ""executed_price"": 232500.0, ""trade_value"": 4185000.0, ""status"": ""filled"", ""filled_quantity"": 18, ""action_reason"": ""Belief 에 따르면 장기 우상향 흐름이 유효하며 DX 조직 개편과 기술적 반등 (MA5 상회) 으로 매수 관점이 강화되었습니다. 내재가치 대비 저평가 폭이 좁아졌으나 여전히 매력적인 수준으로 판단됩니다.""}, {""turn"": 9, ""date"": ""2026-05-04"", ""action"": ""buy"", ""stock_code"": ""005930"", ""quantity"": 37, ""executed_price"": 228000.0, ""trade_value"": 8436000.0, ""status"": ""filled"", ""filled_quantity"": 37, ""action_reason"": ""PER 5.4 배 저평가 구간과 수출 호조, 기술적 반등으로 내재가치 회복이 기대되므로 매수합니다. 현금 여력이 충분하고 특정 종목 집중 투자 성향에 따라 매수 기회를 활용합니다.""}, {""turn"": 8, ""date"": ""2026-04-30"", ""action"": ""buy"", ""stock_code"": ""005930"", ""quantity"": 50, ""executed_price"": 220500.0, ""trade_value"": 11025000.0, ""status"": ""filled"", ""filled_quantity"": 50, ""action_reason"": ""PER 5.4 배의 역사적 저평가 구간과 53 조 원 영업이익 호실적으로 내재가치가 상승했으나 주가가 조정받음. 22 만 원 대는 매력적 진입점으로 판단하여 현금 여력을 활용 매수.""}]}"
chunk_010_2026-05-06_2026-05-12,2026-05-07,4,A008,"[3368, 3369, 3375, 3381, 3385]",3368,현재 삼성전자 주가의 상승 추세와 리스크 관리에 대한 생각,analysis,like,"[""상위 수익자"", ""자산가""]",null
chunk_010_2026-05-06_2026-05-12,2026-05-07,4,A008,"[3368, 3369, 3375, 3381, 3385]",3369,"[분석] 삼성전자, 메모리 호황과 에너지 리스크의 경계에서",analysis,like,[],null
chunk_010_2026-05-06_2026-05-12,2026-05-07,4,A008,"[3368, 3369, 3375, 3381, 3385]",3375,오늘 삼성전자 전량 매도했습니다!,trade_share,unlike,[],null
chunk_010_2026-05-06_2026-05-12,2026-05-07,4,A008,"[3368, 3369, 3375, 3381, 3385]",3381,오늘 삼성전자 매도 결정했습니다.,trade_share,like,[],null
chunk_010_2026-05-06_2026-05-12,2026-05-07,4,A008,"[3368, 3369, 3375, 3381, 3385]",3385,"[시장 전망] 삼성전자, AI 수요와 에너지 비용의 딜레마",analysis,read,[],null
chunk_010_2026-05-06_2026-05-12,2026-05-07,4,A011,"[3368, 3369, 3371, 3375, 3385]",3368,현재 삼성전자 주가의 상승 추세와 리스크 관리에 대한 생각,analysis,like,"[""상위 수익자"", ""자산가""]",null
chunk_010_2026-05-06_2026-05-12,2026-05-07,4,A011,"[3368, 3369, 3371, 3375, 3385]",3369,"[분석] 삼성전자, 메모리 호황과 에너지 리스크의 경계에서",analysis,like,[],null
chunk_010_2026-05-06_2026-05-12,2026-05-07,4,A011,"[3368, 3369, 3371, 3375, 3385]",3371,오늘 삼성전자 추가 매수 했습니다!,trade_share,read,"[""커뮤니티 인플루언서""]",null
chunk_010_2026-05-06_2026-05-12,2026-05-07,4,A011,"[3368, 3369, 3371, 3375, 3385]",3375,오늘 삼성전자 전량 매도했습니다!,trade_share,like,[],null
chunk_010_2026-05-06_2026-05-12,2026-05-07,4,A011,"[3368, 3369, 3371, 3375, 3385]",3385,"[시장 전망] 삼성전자, AI 수요와 에너지 비용의 딜레마",analysis,like,[],null
chunk_010_2026-05-06_2026-05-12,2026-05-07,4,A013,"[3368, 3369, 3371, 3375, 3385]",3368,현재 삼성전자 주가의 상승 추세와 리스크 관리에 대한 생각,analysis,like,"[""상위 수익자"", ""자산가""]",null
chunk_010_2026-05-06_2026-05-12,2026-05-07,4,A013,"[3368, 3369, 3371, 3375, 3385]",3369,"[분석] 삼성전자, 메모리 호황과 에너지 리스크의 경계에서",analysis,like,[],null
chunk_010_2026-05-06_2026-05-12,2026-05-07,4,A013,"[3368, 3369, 3371, 3375, 3385]",3371,오늘 삼성전자 추가 매수 했습니다!,trade_share,unlike,"[""커뮤니티 인플루언서""]",null
chunk_010_2026-05-06_2026-05-12,2026-05-07,4,A013,"[3368, 3369, 3371, 3375, 3385]",3375,오늘 삼성전자 전량 매도했습니다!,trade_share,like,[],null
chunk_010_2026-05-06_2026-05-12,2026-05-07,4,A013,"[3368, 3369, 3371, 3375, 3385]",3385,"[시장 전망] 삼성전자, AI 수요와 에너지 비용의 딜레마",analysis,read,[],null
chunk_010_2026-05-06_2026-05-12,2026-05-07,4,A012,"[3368, 3369, 3381, 3385, 3371]",3368,현재 삼성전자 주가의 상승 추세와 리스크 관리에 대한 생각,analysis,like,"[""상위 수익자"", ""자산가""]",null
chunk_010_2026-05-06_2026-05-12,2026-05-07,4,A012,"[3368, 3369, 3381, 3385, 3371]",3369,"[분석] 삼성전자, 메모리 호황과 에너지 리스크의 경계에서",analysis,like,[],null
chunk_010_2026-05-06_2026-05-12,2026-05-07,4,A012,"[3368, 3369, 3381, 3385, 3371]",3381,오늘 삼성전자 매도 결정했습니다.,trade_share,like,[],null
chunk_010_2026-05-06_2026-05-12,2026-05-07,4,A012,"[3368, 3369, 3381, 3385, 3371]",3385,"[시장 전망] 삼성전자, AI 수요와 에너지 비용의 딜레마",analysis,read,[],null
chunk_010_2026-05-06_2026-05-12,2026-05-07,4,A012,"[3368, 3369, 3381, 3385, 3371]",3371,오늘 삼성전자 추가 매수 했습니다!,trade_share,unlike,"[""커뮤니티 인플루언서""]",null
chunk_010_2026-05-06_2026-05-12,2026-05-07,4,A014,"[3368, 3369, 3371, 3375, 3385]",3368,현재 삼성전자 주가의 상승 추세와 리스크 관리에 대한 생각,analysis,like,"[""상위 수익자"", ""자산가""]",null
chunk_010_2026-05-06_2026-05-12,2026-05-07,4,A014,"[3368, 3369, 3371, 3375, 3385]",3369,"[분석] 삼성전자, 메모리 호황과 에너지 리스크의 경계에서",analysis,like,[],null
chunk_010_2026-05-06_2026-05-12,2026-05-07,4,A014,"[3368, 3369, 3371, 3375, 3385]",3371,오늘 삼성전자 추가 매수 했습니다!,trade_share,unlike,"[""커뮤니티 인플루언서""]",null
chunk_010_2026-05-06_2026-05-12,2026-05-07,4,A014,"[3368, 3369, 3371, 3375, 3385]",3375,오늘 삼성전자 전량 매도했습니다!,trade_share,like,[],null
chunk_010_2026-05-06_2026-05-12,2026-05-07,4,A014,"[3368, 3369, 3371, 3375, 3385]",3385,"[시장 전망] 삼성전자, AI 수요와 에너지 비용의 딜레마",analysis,read,[],null
chunk_010_2026-05-06_2026-05-12,2026-05-07,4,A015,"[3368, 3369, 3375, 3381, 3385]",3368,현재 삼성전자 주가의 상승 추세와 리스크 관리에 대한 생각,analysis,like,"[""상위 수익자"", ""자산가""]","{""portfolio_summary"": {""state_id"": ""ps_A004_t004"", ""agent_id"": ""A004"", ""turn"": 4, ""date"": ""2026-05-07"", ""cash"": 77691000.0, ""positions"": ""[{\""stock_code\"": \""005930\"", \""quantity\"": 96, \""avg_cost\"": 256439.0243902439, \""current_price\"": 271500.0, \""unrealized_pnl\"": 1445853.658536586, \""unrealized_pnl_rate\"": 0.05873121552216096}]"", ""total_value"": 103755000.0, ""realized_pnl"": 2309146.3414634154, ""total_return_rate"": 0.03755, ""updated_at"": ""2026-07-15 20:51:57""}, ""recent_trades"": [{""turn"": 10, ""date"": ""2026-05-04"", ""action"": ""buy"", ""stock_code"": ""005930"", ""quantity"": 100, ""executed_price"": 232500.0, ""trade_value"": 23250000.0, ""status"": ""filled"", ""filled_quantity"": 100, ""action_reason"": ""MA5 상향 돌파 및 거래량 증가로 기술적 매수 신호 유효. SK 하이닉스 상승 등 섹터 호재 확인. 수익 실현 압박 있으나 추세는 매수이므로 추가 매수.""}, {""turn"": 9, ""date"": ""2026-05-04"", ""action"": ""sell"", ""stock_code"": ""005930"", ""quantity"": 100, ""executed_price"": 228000.0, ""trade_value"": 22800000.0, ""status"": ""filled"", ""filled_quantity"": 100, ""action_reason"": ""Belief 에 따른 수익 실현 필요성, 커뮤니티 매도세 및 파업 리스크 고려. 현재가 228,000 원으로 평균 매수 단가 대비 수익 구간이므로 처분효과에 따라 매도.""}, {""turn"": 8, ""date"": ""2026-04-30"", ""action"": ""buy"", ""stock_code"": ""005930"", ""quantity"": 100, ""executed_price"": 220500.0, ""trade_value"": 22050000.0, ""status"": ""filled"", ""filled_quantity"": 100, ""action_reason"": ""실적 호재에도 주가가 하락한 '뉴스에 팔리는' 현상은 단기 조정으로 판단. 장기 AI 수요 사이클과 저평가 관점에서 손실 시 추가 매수 (처분효과) 전략 적용.""}]}"
chunk_010_2026-05-06_2026-05-12,2026-05-07,4,A015,"[3368, 3369, 3375, 3381, 3385]",3369,"[분석] 삼성전자, 메모리 호황과 에너지 리스크의 경계에서",analysis,like,[],"{""portfolio_summary"": {""state_id"": ""ps_A003_t004"", ""agent_id"": ""A003"", ""turn"": 4, ""date"": ""2026-05-07"", ""cash"": 44686000.0, ""positions"": ""[{\""stock_code\"": \""005930\"", \""quantity\"": 216, \""avg_cost\"": 258861.11111111112, \""current_price\"": 271500.0, \""unrealized_pnl\"": 2729999.999999997, \""unrealized_pnl_rate\"": 0.048824981221161017}]"", ""total_value"": 103330000.0, ""realized_pnl"": 600000.0, ""total_return_rate"": 0.0333, ""updated_at"": ""2026-07-15 20:51:57""}, ""recent_trades"": [{""turn"": 10, ""date"": ""2026-05-04"", ""action"": ""buy"", ""stock_code"": ""005930"", ""quantity"": 1, ""executed_price"": 232500.0, ""trade_value"": 232500.0, ""status"": ""filled"", ""filled_quantity"": 1, ""action_reason"": ""반도체 업황 회복과 내재가치 저평가 판단 (뉴스/시장) 에 따라 매수 기회 유지. 다만 현금 부족 (포트폴리오) 으로 최소 수량인 1 주로 제한적 매수.""}, {""turn"": 9, ""date"": ""2026-05-04"", ""action"": ""buy"", ""stock_code"": ""005930"", ""quantity"": 11, ""executed_price"": 228000.0, ""trade_value"": 2508000.0, ""status"": ""filled"", ""filled_quantity"": 11, ""action_reason"": ""PER 5.4 배 저평가 및 AI 슈퍼사이클 지속으로 내재가치 상승 기대가 명확함. 현금 잔고 부족으로 매수 여력은 제한적이지만, 가치 투자 원칙에 따라 최대 한도 내에서 추가 매수하여 수익 확대를 도모함.""}, {""turn"": 8, ""date"": ""2026-04-30"", ""action"": ""buy"", ""stock_code"": ""005930"", ""quantity"": 23, ""executed_price"": 220500.0, ""trade_value"": 5071500.0, ""status"": ""filled"", ""filled_quantity"": 23, ""action_reason"": ""가치투자 관점에서 현재 주가 (220,500 원) 가 평균 매수 단가 (222,367 원) 보다 낮아 추가 매수를 통해 평균 단가 하향 및 저평가 구간 선점. 실적 호조 (53 조 원) 와 AI/HBM 수요 등 펀더멘털이 견고하며, 외국인 매도세는 일시적 변동성으로 판단.""}]}"
chunk_010_2026-05-06_2026-05-12,2026-05-07,4,A015,"[3368, 3369, 3375, 3381, 3385]",3375,오늘 삼성전자 전량 매도했습니다!,trade_share,unlike,[],"{""portfolio_summary"": {""state_id"": ""ps_A012_t004"", ""agent_id"": ""A012"", ""turn"": 4, ""date"": ""2026-05-07"", ""cash"": 102350000.0, ""positions"": ""[]"", ""total_value"": 102350000.0, ""realized_pnl"": 2350000.0, ""total_return_rate"": 0.0235, ""updated_at"": ""2026-07-15 20:51:57""}, ""recent_trades"": [{""turn"": 10, ""date"": ""2026-05-04"", ""action"": ""sell"", ""stock_code"": ""005930"", ""quantity"": 100, ""executed_price"": 232500.0, ""trade_value"": 23250000.0, ""status"": ""filled"", ""filled_quantity"": 100, ""action_reason"": ""수익이 발생한 상태에서 처분효과에 따른 매도 욕구가 강하며, 전일 대비 5% 이상 급등과 뉴스 부재로 인한 단기 조정 리스크를 고려하여 수익을 확정합니다.""}, {""turn"": 9, ""date"": ""2026-05-04"", ""action"": ""sell"", ""stock_code"": ""005930"", ""quantity"": 100, ""executed_price"": 228000.0, ""trade_value"": 22800000.0, ""status"": ""filled"", ""filled_quantity"": 100, ""action_reason"": ""현재가 (228,000 원) 가 평균 매수 단가 (224,750 원) 를 상회하여 미실현 수익 상태이며, 페르소나의 처분효과 (수익 시 빠른 매도) 에 따라 수익 실현을 우선시합니다. MA5 돌파로 상승 추세가 확인되었으나, 단기 급등 (3.4%) 에 따른 조정 리스크를 고려하여 보유 물량의 일부를 매도합니다.""}, {""turn"": 8, ""date"": ""2026-04-30"", ""action"": ""buy"", ""stock_code"": ""005930"", ""quantity"": 100, ""executed_price"": 220500.0, ""trade_value"": 22050000.0, ""status"": ""filled"", ""filled_quantity"": 100, ""action_reason"": ""PER 5.4 배 저평가 구간이며 MA20 지지선 유지. 현재가 (220,500 원) 가 평균 단가 (229,000 원) 보다 낮아 손실 시 추가 매수 원칙에 따라 매수.""}]}"
chunk_010_2026-05-06_2026-05-12,2026-05-07,4,A015,"[3368, 3369, 3375, 3381, 3385]",3381,오늘 삼성전자 매도 결정했습니다.,trade_share,like,[],"{""portfolio_summary"": {""state_id"": ""ps_A019_t004"", ""agent_id"": ""A019"", ""turn"": 4, ""date"": ""2026-05-07"", ""cash"": 100095000.0, ""positions"": ""[]"", ""total_value"": 100095000.0, ""realized_pnl"": 95000.0, ""total_return_rate"": 0.00095, ""updated_at"": ""2026-07-15 20:51:57""}, ""recent_trades"": [{""turn"": 10, ""date"": ""2026-05-04"", ""action"": ""sell"", ""stock_code"": ""005930"", ""quantity"": 40, ""executed_price"": 232500.0, ""trade_value"": 9300000.0, ""status"": ""filled"", ""filled_quantity"": 40, ""action_reason"": ""수익 구간 진입 (3.08%) 및 거시 리스크로 안전마진 축소 우려가 있어 처분효과와 변동성 관리 원칙에 따라 제한적으로 매도합니다.""}, {""turn"": 9, ""date"": ""2026-05-04"", ""action"": ""buy"", ""stock_code"": ""005930"", ""quantity"": 50, ""executed_price"": 228000.0, ""trade_value"": 11400000.0, ""status"": ""filled"", ""filled_quantity"": 50, ""action_reason"": ""PER 5.4 배 역사적 저평가 구간이며 수출 호조와 노조 해결로 하방 경직성이 확보됨. 가치 투자 원칙에 따라 내재가치 회복을 믿고 추가 매수.""}, {""turn"": 8, ""date"": ""2026-04-30"", ""action"": ""buy"", ""stock_code"": ""005930"", ""quantity"": 60, ""executed_price"": 220500.0, ""trade_value"": 13230000.0, ""status"": ""filled"", ""filled_quantity"": 60, ""action_reason"": ""현재 주가 (220,500 원) 가 평균 매수 단가 (222,128 원) 보다 낮아 미실현 손실 구간이며, 가치 투자 성향과 손실 시 추가 매수 경향 (Disposition Effect) 에 따라 매수합니다. 53 조 원 영업이익 등 실적 호조가 내재가치를 뒷받침하나, 단기 외국인 매도세로 인한 조정 국면이므로 현금 비중을 유지하며 제한적으로 매수합니다.""}]}"
chunk_010_2026-05-06_2026-05-12,2026-05-07,4,A015,"[3368, 3369, 3375, 3381, 3385]",3385,"[시장 전망] 삼성전자, AI 수요와 에너지 비용의 딜레마",analysis,like,[],"{""portfolio_summary"": {""state_id"": ""ps_A026_t004"", ""agent_id"": ""A026"", ""turn"": 4, ""date"": ""2026-05-07"", ""cash"": 44985000.0, ""positions"": ""[{\""stock_code\"": \""005930\"", \""quantity\"": 210, \""avg_cost\"": 261976.19047619047, \""current_price\"": 271500.0, \""unrealized_pnl\"": 2000000.0000000005, \""unrealized_pnl_rate\"": 0.0363537217122603}]"", ""total_value"": 102000000.0, ""realized_pnl"": 0.0, ""total_return_rate"": 0.02, ""updated_at"": ""2026-07-15 20:51:57""}, ""recent_trades"": [{""turn"": 10, ""date"": ""2026-05-04"", ""action"": ""buy"", ""stock_code"": ""005930"", ""quantity"": 18, ""executed_price"": 232500.0, ""trade_value"": 4185000.0, ""status"": ""filled"", ""filled_quantity"": 18, ""action_reason"": ""Belief 에 따르면 장기 우상향 흐름이 유효하며 DX 조직 개편과 기술적 반등 (MA5 상회) 으로 매수 관점이 강화되었습니다. 내재가치 대비 저평가 폭이 좁아졌으나 여전히 매력적인 수준으로 판단됩니다.""}, {""turn"": 9, ""date"": ""2026-05-04"", ""action"": ""buy"", ""stock_code"": ""005930"", ""quantity"": 37, ""executed_price"": 228000.0, ""trade_value"": 8436000.0, ""status"": ""filled"", ""filled_quantity"": 37, ""action_reason"": ""PER 5.4 배 저평가 구간과 수출 호조, 기술적 반등으로 내재가치 회복이 기대되므로 매수합니다. 현금 여력이 충분하고 특정 종목 집중 투자 성향에 따라 매수 기회를 활용합니다.""}, {""turn"": 8, ""date"": ""2026-04-30"", ""action"": ""buy"", ""stock_code"": ""005930"", ""quantity"": 50, ""executed_price"": 220500.0, ""trade_value"": 11025000.0, ""status"": ""filled"", ""filled_quantity"": 50, ""action_reason"": ""PER 5.4 배의 역사적 저평가 구간과 53 조 원 영업이익 호실적으로 내재가치가 상승했으나 주가가 조정받음. 22 만 원 대는 매력적 진입점으로 판단하여 현금 여력을 활용 매수.""}]}"
chunk_010_2026-05-06_2026-05-12,2026-05-07,4,A017,"[3368, 3369, 3371, 3375, 3381, 3385]",3368,현재 삼성전자 주가의 상승 추세와 리스크 관리에 대한 생각,analysis,like,"[""상위 수익자"", ""자산가""]","{""portfolio_summary"": {""state_id"": ""ps_A004_t004"", ""agent_id"": ""A004"", ""turn"": 4, ""date"": ""2026-05-07"", ""cash"": 77691000.0, ""positions"": ""[{\""stock_code\"": \""005930\"", \""quantity\"": 96, \""avg_cost\"": 256439.0243902439, \""current_price\"": 271500.0, \""unrealized_pnl\"": 1445853.658536586, \""unrealized_pnl_rate\"": 0.05873121552216096}]"", ""total_value"": 103755000.0, ""realized_pnl"": 2309146.3414634154, ""total_return_rate"": 0.03755, ""updated_at"": ""2026-07-15 20:51:57""}, ""recent_trades"": [{""turn"": 10, ""date"": ""2026-05-04"", ""action"": ""buy"", ""stock_code"": ""005930"", ""quantity"": 100, ""executed_price"": 232500.0, ""trade_value"": 23250000.0, ""status"": ""filled"", ""filled_quantity"": 100, ""action_reason"": ""MA5 상향 돌파 및 거래량 증가로 기술적 매수 신호 유효. SK 하이닉스 상승 등 섹터 호재 확인. 수익 실현 압박 있으나 추세는 매수이므로 추가 매수.""}, {""turn"": 9, ""date"": ""2026-05-04"", ""action"": ""sell"", ""stock_code"": ""005930"", ""quantity"": 100, ""executed_price"": 228000.0, ""trade_value"": 22800000.0, ""status"": ""filled"", ""filled_quantity"": 100, ""action_reason"": ""Belief 에 따른 수익 실현 필요성, 커뮤니티 매도세 및 파업 리스크 고려. 현재가 228,000 원으로 평균 매수 단가 대비 수익 구간이므로 처분효과에 따라 매도.""}, {""turn"": 8, ""date"": ""2026-04-30"", ""action"": ""buy"", ""stock_code"": ""005930"", ""quantity"": 100, ""executed_price"": 220500.0, ""trade_value"": 22050000.0, ""status"": ""filled"", ""filled_quantity"": 100, ""action_reason"": ""실적 호재에도 주가가 하락한 '뉴스에 팔리는' 현상은 단기 조정으로 판단. 장기 AI 수요 사이클과 저평가 관점에서 손실 시 추가 매수 (처분효과) 전략 적용.""}]}"
chunk_010_2026-05-06_2026-05-12,2026-05-07,4,A017,"[3368, 3369, 3371, 3375, 3381, 3385]",3369,"[분석] 삼성전자, 메모리 호황과 에너지 리스크의 경계에서",analysis,like,[],"{""portfolio_summary"": {""state_id"": ""ps_A003_t004"", ""agent_id"": ""A003"", ""turn"": 4, ""date"": ""2026-05-07"", ""cash"": 44686000.0, ""positions"": ""[{\""stock_code\"": \""005930\"", \""quantity\"": 216, \""avg_cost\"": 258861.11111111112, \""current_price\"": 271500.0, \""unrealized_pnl\"": 2729999.999999997, \""unrealized_pnl_rate\"": 0.048824981221161017}]"", ""total_value"": 103330000.0, ""realized_pnl"": 600000.0, ""total_return_rate"": 0.0333, ""updated_at"": ""2026-07-15 20:51:57""}, ""recent_trades"": [{""turn"": 10, ""date"": ""2026-05-04"", ""action"": ""buy"", ""stock_code"": ""005930"", ""quantity"": 1, ""executed_price"": 232500.0, ""trade_value"": 232500.0, ""status"": ""filled"", ""filled_quantity"": 1, ""action_reason"": ""반도체 업황 회복과 내재가치 저평가 판단 (뉴스/시장) 에 따라 매수 기회 유지. 다만 현금 부족 (포트폴리오) 으로 최소 수량인 1 주로 제한적 매수.""}, {""turn"": 9, ""date"": ""2026-05-04"", ""action"": ""buy"", ""stock_code"": ""005930"", ""quantity"": 11, ""executed_price"": 228000.0, ""trade_value"": 2508000.0, ""status"": ""filled"", ""filled_quantity"": 11, ""action_reason"": ""PER 5.4 배 저평가 및 AI 슈퍼사이클 지속으로 내재가치 상승 기대가 명확함. 현금 잔고 부족으로 매수 여력은 제한적이지만, 가치 투자 원칙에 따라 최대 한도 내에서 추가 매수하여 수익 확대를 도모함.""}, {""turn"": 8, ""date"": ""2026-04-30"", ""action"": ""buy"", ""stock_code"": ""005930"", ""quantity"": 23, ""executed_price"": 220500.0, ""trade_value"": 5071500.0, ""status"": ""filled"", ""filled_quantity"": 23, ""action_reason"": ""가치투자 관점에서 현재 주가 (220,500 원) 가 평균 매수 단가 (222,367 원) 보다 낮아 추가 매수를 통해 평균 단가 하향 및 저평가 구간 선점. 실적 호조 (53 조 원) 와 AI/HBM 수요 등 펀더멘털이 견고하며, 외국인 매도세는 일시적 변동성으로 판단.""}]}"
chunk_010_2026-05-06_2026-05-12,2026-05-07,4,A017,"[3368, 3369, 3371, 3375, 3381, 3385]",3371,오늘 삼성전자 추가 매수 했습니다!,trade_share,unlike,"[""커뮤니티 인플루언서""]","{""portfolio_summary"": {""state_id"": ""ps_A006_t004"", ""agent_id"": ""A006"", ""turn"": 4, ""date"": ""2026-05-07"", ""cash"": 54985000.0, ""positions"": ""[{\""stock_code\"": \""005930\"", \""quantity\"": 170, \""avg_cost\"": 271852.9411764706, \""current_price\"": 271500.0, \""unrealized_pnl\"": -60000.00000000233, \""unrealized_pnl_rate\"": -0.0012982797792924878}]"", ""total_value"": 101140000.0, ""realized_pnl"": 1200000.0, ""total_return_rate"": 0.0114, ""updated_at"": ""2026-07-15 20:51:57""}, ""recent_trades"": [{""turn"": 10, ""date"": ""2026-05-04"", ""action"": ""sell"", ""stock_code"": ""005930"", ""quantity"": 29, ""executed_price"": 232500.0, ""trade_value"": 6742500.0, ""status"": ""filled"", ""filled_quantity"": 29, ""action_reason"": ""수익 실현 심리 (처분 효과) 와 조직 개편/금리 뉴스에 대한 불안감으로 일부 매도합니다. 기술적 상승 모멘텀은 있으나 뉴스 리스크가 우선시됩니다.""}, {""turn"": 9, ""date"": ""2026-05-04"", ""action"": ""buy"", ""stock_code"": ""005930"", ""quantity"": 59, ""executed_price"": 228000.0, ""trade_value"": 13452000.0, ""status"": ""filled"", ""filled_quantity"": 59, ""action_reason"": ""기술적 돌파 신호 (MA5 상회, 거래량 증가) 와 긍정적 뉴스 흐름을 반영하여 추세 추종 매수. 포트폴리오 미실현 손실 상태 (220,500 원 기준) 로 인해 추가 매수 욕구 (처분효과) 와 현금 여력 활용.""}, {""turn"": 8, ""date"": ""2026-04-30"", ""action"": ""buy"", ""stock_code"": ""005930"", ""quantity"": 50, ""executed_price"": 220500.0, ""trade_value"": 11025000.0, ""status"": ""filled"", ""filled_quantity"": 50, ""action_reason"": ""현재가 220,500 원으로 평균 단가 대비 손실 상태이므로, 페르소나의 손실 시 추가 매수 성향에 따라 평균 단가 하향을 시도함. PER 5.4 배 저평가 구간으로 판단.""}]}"
chunk_010_2026-05-06_2026-05-12,2026-05-07,4,A017,"[3368, 3369, 3371, 3375, 3381, 3385]",3375,오늘 삼성전자 전량 매도했습니다!,trade_share,like,[],"{""portfolio_summary"": {""state_id"": ""ps_A012_t004"", ""agent_id"": ""A012"", ""turn"": 4, ""date"": ""2026-05-07"", ""cash"": 102350000.0, ""positions"": ""[]"", ""total_value"": 102350000.0, ""realized_pnl"": 2350000.0, ""total_return_rate"": 0.0235, ""updated_at"": ""2026-07-15 20:51:57""}, ""recent_trades"": [{""turn"": 10, ""date"": ""2026-05-04"", ""action"": ""sell"", ""stock_code"": ""005930"", ""quantity"": 100, ""executed_price"": 232500.0, ""trade_value"": 23250000.0, ""status"": ""filled"", ""filled_quantity"": 100, ""action_reason"": ""수익이 발생한 상태에서 처분효과에 따른 매도 욕구가 강하며, 전일 대비 5% 이상 급등과 뉴스 부재로 인한 단기 조정 리스크를 고려하여 수익을 확정합니다.""}, {""turn"": 9, ""date"": ""2026-05-04"", ""action"": ""sell"", ""stock_code"": ""005930"", ""quantity"": 100, ""executed_price"": 228000.0, ""trade_value"": 22800000.0, ""status"": ""filled"", ""filled_quantity"": 100, ""action_reason"": ""현재가 (228,000 원) 가 평균 매수 단가 (224,750 원) 를 상회하여 미실현 수익 상태이며, 페르소나의 처분효과 (수익 시 빠른 매도) 에 따라 수익 실현을 우선시합니다. MA5 돌파로 상승 추세가 확인되었으나, 단기 급등 (3.4%) 에 따른 조정 리스크를 고려하여 보유 물량의 일부를 매도합니다.""}, {""turn"": 8, ""date"": ""2026-04-30"", ""action"": ""buy"", ""stock_code"": ""005930"", ""quantity"": 100, ""executed_price"": 220500.0, ""trade_value"": 22050000.0, ""status"": ""filled"", ""filled_quantity"": 100, ""action_reason"": ""PER 5.4 배 저평가 구간이며 MA20 지지선 유지. 현재가 (220,500 원) 가 평균 단가 (229,000 원) 보다 낮아 손실 시 추가 매수 원칙에 따라 매수.""}]}"
chunk_010_2026-05-06_2026-05-12,2026-05-07,4,A017,"[3368, 3369, 3371, 3375, 3381, 3385]",3381,오늘 삼성전자 매도 결정했습니다.,trade_share,like,[],"{""portfolio_summary"": {""state_id"": ""ps_A019_t004"", ""agent_id"": ""A019"", ""turn"": 4, ""date"": ""2026-05-07"", ""cash"": 100095000.0, ""positions"": ""[]"", ""total_value"": 100095000.0, ""realized_pnl"": 95000.0, ""total_return_rate"": 0.00095, ""updated_at"": ""2026-07-15 20:51:57""}, ""recent_trades"": [{""turn"": 10, ""date"": ""2026-05-04"", ""action"": ""sell"", ""stock_code"": ""005930"", ""quantity"": 40, ""executed_price"": 232500.0, ""trade_value"": 9300000.0, ""status"": ""filled"", ""filled_quantity"": 40, ""action_reason"": ""수익 구간 진입 (3.08%) 및 거시 리스크로 안전마진 축소 우려가 있어 처분효과와 변동성 관리 원칙에 따라 제한적으로 매도합니다.""}, {""turn"": 9, ""date"": ""2026-05-04"", ""action"": ""buy"", ""stock_code"": ""005930"", ""quantity"": 50, ""executed_price"": 228000.0, ""trade_value"": 11400000.0, ""status"": ""filled"", ""filled_quantity"": 50, ""action_reason"": ""PER 5.4 배 역사적 저평가 구간이며 수출 호조와 노조 해결로 하방 경직성이 확보됨. 가치 투자 원칙에 따라 내재가치 회복을 믿고 추가 매수.""}, {""turn"": 8, ""date"": ""2026-04-30"", ""action"": ""buy"", ""stock_code"": ""005930"", ""quantity"": 60, ""executed_price"": 220500.0, ""trade_value"": 13230000.0, ""status"": ""filled"", ""filled_quantity"": 60, ""action_reason"": ""현재 주가 (220,500 원) 가 평균 매수 단가 (222,128 원) 보다 낮아 미실현 손실 구간이며, 가치 투자 성향과 손실 시 추가 매수 경향 (Disposition Effect) 에 따라 매수합니다. 53 조 원 영업이익 등 실적 호조가 내재가치를 뒷받침하나, 단기 외국인 매도세로 인한 조정 국면이므로 현금 비중을 유지하며 제한적으로 매수합니다.""}]}"
chunk_010_2026-05-06_2026-05-12,2026-05-07,4,A017,"[3368, 3369, 3371, 3375, 3381, 3385]",3385,"[시장 전망] 삼성전자, AI 수요와 에너지 비용의 딜레마",analysis,read,[],"{""portfolio_summary"": {""state_id"": ""ps_A026_t004"", ""agent_id"": ""A026"", ""turn"": 4, ""date"": ""2026-05-07"", ""cash"": 44985000.0, ""positions"": ""[{\""stock_code\"": \""005930\"", \""quantity\"": 210, \""avg_cost\"": 261976.19047619047, \""current_price\"": 271500.0, \""unrealized_pnl\"": 2000000.0000000005, \""unrealized_pnl_rate\"": 0.0363537217122603}]"", ""total_value"": 102000000.0, ""realized_pnl"": 0.0, ""total_return_rate"": 0.02, ""updated_at"": ""2026-07-15 20:51:57""}, ""recent_trades"": [{""turn"": 10, ""date"": ""2026-05-04"", ""action"": ""buy"", ""stock_code"": ""005930"", ""quantity"": 18, ""executed_price"": 232500.0, ""trade_value"": 4185000.0, ""status"": ""filled"", ""filled_quantity"": 18, ""action_reason"": ""Belief 에 따르면 장기 우상향 흐름이 유효하며 DX 조직 개편과 기술적 반등 (MA5 상회) 으로 매수 관점이 강화되었습니다. 내재가치 대비 저평가 폭이 좁아졌으나 여전히 매력적인 수준으로 판단됩니다.""}, {""turn"": 9, ""date"": ""2026-05-04"", ""action"": ""buy"", ""stock_code"": ""005930"", ""quantity"": 37, ""executed_price"": 228000.0, ""trade_value"": 8436000.0, ""status"": ""filled"", ""filled_quantity"": 37, ""action_reason"": ""PER 5.4 배 저평가 구간과 수출 호조, 기술적 반등으로 내재가치 회복이 기대되므로 매수합니다. 현금 여력이 충분하고 특정 종목 집중 투자 성향에 따라 매수 기회를 활용합니다.""}, {""turn"": 8, ""date"": ""2026-04-30"", ""action"": ""buy"", ""stock_code"": ""005930"", ""quantity"": 50, ""executed_price"": 220500.0, ""trade_value"": 11025000.0, ""status"": ""filled"", ""filled_quantity"": 50, ""action_reason"": ""PER 5.4 배의 역사적 저평가 구간과 53 조 원 영업이익 호실적으로 내재가치가 상승했으나 주가가 조정받음. 22 만 원 대는 매력적 진입점으로 판단하여 현금 여력을 활용 매수.""}]}"
chunk_010_2026-05-06_2026-05-12,2026-05-07,4,A019,"[3368, 3369, 3375, 3385, 3371]",3368,현재 삼성전자 주가의 상승 추세와 리스크 관리에 대한 생각,analysis,like,"[""상위 수익자"", ""자산가""]",null
chunk_010_2026-05-06_2026-05-12,2026-05-07,4,A019,"[3368, 3369, 3375, 3385, 3371]",3369,"[분석] 삼성전자, 메모리 호황과 에너지 리스크의 경계에서",analysis,like,[],null
chunk_010_2026-05-06_2026-05-12,2026-05-07,4,A019,"[3368, 3369, 3375, 3385, 3371]",3375,오늘 삼성전자 전량 매도했습니다!,trade_share,like,[],null
chunk_010_2026-05-06_2026-05-12,2026-05-07,4,A019,"[3368, 3369, 3375, 3385, 3371]",3385,"[시장 전망] 삼성전자, AI 수요와 에너지 비용의 딜레마",analysis,like,[],null
chunk_010_2026-05-06_2026-05-12,2026-05-07,4,A019,"[3368, 3369, 3375, 3385, 3371]",3371,오늘 삼성전자 추가 매수 했습니다!,trade_share,unlike,"[""커뮤니티 인플루언서""]",null
chunk_010_2026-05-06_2026-05-12,2026-05-07,4,A020,"[3368, 3369, 3375, 3381, 3385]",3368,현재 삼성전자 주가의 상승 추세와 리스크 관리에 대한 생각,analysis,like,"[""상위 수익자"", ""자산가""]","{""portfolio_summary"": {""state_id"": ""ps_A004_t004"", ""agent_id"": ""A004"", ""turn"": 4, ""date"": ""2026-05-07"", ""cash"": 77691000.0, ""positions"": ""[{\""stock_code\"": \""005930\"", \""quantity\"": 96, \""avg_cost\"": 256439.0243902439, \""current_price\"": 271500.0, \""unrealized_pnl\"": 1445853.658536586, \""unrealized_pnl_rate\"": 0.05873121552216096}]"", ""total_value"": 103755000.0, ""realized_pnl"": 2309146.3414634154, ""total_return_rate"": 0.03755, ""updated_at"": ""2026-07-15 20:51:57""}, ""recent_trades"": [{""turn"": 10, ""date"": ""2026-05-04"", ""action"": ""buy"", ""stock_code"": ""005930"", ""quantity"": 100, ""executed_price"": 232500.0, ""trade_value"": 23250000.0, ""status"": ""filled"", ""filled_quantity"": 100, ""action_reason"": ""MA5 상향 돌파 및 거래량 증가로 기술적 매수 신호 유효. SK 하이닉스 상승 등 섹터 호재 확인. 수익 실현 압박 있으나 추세는 매수이므로 추가 매수.""}, {""turn"": 9, ""date"": ""2026-05-04"", ""action"": ""sell"", ""stock_code"": ""005930"", ""quantity"": 100, ""executed_price"": 228000.0, ""trade_value"": 22800000.0, ""status"": ""filled"", ""filled_quantity"": 100, ""action_reason"": ""Belief 에 따른 수익 실현 필요성, 커뮤니티 매도세 및 파업 리스크 고려. 현재가 228,000 원으로 평균 매수 단가 대비 수익 구간이므로 처분효과에 따라 매도.""}, {""turn"": 8, ""date"": ""2026-04-30"", ""action"": ""buy"", ""stock_code"": ""005930"", ""quantity"": 100, ""executed_price"": 220500.0, ""trade_value"": 22050000.0, ""status"": ""filled"", ""filled_quantity"": 100, ""action_reason"": ""실적 호재에도 주가가 하락한 '뉴스에 팔리는' 현상은 단기 조정으로 판단. 장기 AI 수요 사이클과 저평가 관점에서 손실 시 추가 매수 (처분효과) 전략 적용.""}]}"
chunk_010_2026-05-06_2026-05-12,2026-05-07,4,A020,"[3368, 3369, 3375, 3381, 3385]",3369,"[분석] 삼성전자, 메모리 호황과 에너지 리스크의 경계에서",analysis,like,[],"{""portfolio_summary"": {""state_id"": ""ps_A003_t004"", ""agent_id"": ""A003"", ""turn"": 4, ""date"": ""2026-05-07"", ""cash"": 44686000.0, ""positions"": ""[{\""stock_code\"": \""005930\"", \""quantity\"": 216, \""avg_cost\"": 258861.11111111112, \""current_price\"": 271500.0, \""unrealized_pnl\"": 2729999.999999997, \""unrealized_pnl_rate\"": 0.048824981221161017}]"", ""total_value"": 103330000.0, ""realized_pnl"": 600000.0, ""total_return_rate"": 0.0333, ""updated_at"": ""2026-07-15 20:51:57""}, ""recent_trades"": [{""turn"": 10, ""date"": ""2026-05-04"", ""action"": ""buy"", ""stock_code"": ""005930"", ""quantity"": 1, ""executed_price"": 232500.0, ""trade_value"": 232500.0, ""status"": ""filled"", ""filled_quantity"": 1, ""action_reason"": ""반도체 업황 회복과 내재가치 저평가 판단 (뉴스/시장) 에 따라 매수 기회 유지. 다만 현금 부족 (포트폴리오) 으로 최소 수량인 1 주로 제한적 매수.""}, {""turn"": 9, ""date"": ""2026-05-04"", ""action"": ""buy"", ""stock_code"": ""005930"", ""quantity"": 11, ""executed_price"": 228000.0, ""trade_value"": 2508000.0, ""status"": ""filled"", ""filled_quantity"": 11, ""action_reason"": ""PER 5.4 배 저평가 및 AI 슈퍼사이클 지속으로 내재가치 상승 기대가 명확함. 현금 잔고 부족으로 매수 여력은 제한적이지만, 가치 투자 원칙에 따라 최대 한도 내에서 추가 매수하여 수익 확대를 도모함.""}, {""turn"": 8, ""date"": ""2026-04-30"", ""action"": ""buy"", ""stock_code"": ""005930"", ""quantity"": 23, ""executed_price"": 220500.0, ""trade_value"": 5071500.0, ""status"": ""filled"", ""filled_quantity"": 23, ""action_reason"": ""가치투자 관점에서 현재 주가 (220,500 원) 가 평균 매수 단가 (222,367 원) 보다 낮아 추가 매수를 통해 평균 단가 하향 및 저평가 구간 선점. 실적 호조 (53 조 원) 와 AI/HBM 수요 등 펀더멘털이 견고하며, 외국인 매도세는 일시적 변동성으로 판단.""}]}"
chunk_010_2026-05-06_2026-05-12,2026-05-07,4,A020,"[3368, 3369, 3375, 3381, 3385]",3375,오늘 삼성전자 전량 매도했습니다!,trade_share,unlike,[],"{""portfolio_summary"": {""state_id"": ""ps_A012_t004"", ""agent_id"": ""A012"", ""turn"": 4, ""date"": ""2026-05-07"", ""cash"": 102350000.0, ""positions"": ""[]"", ""total_value"": 102350000.0, ""realized_pnl"": 2350000.0, ""total_return_rate"": 0.0235, ""updated_at"": ""2026-07-15 20:51:57""}, ""recent_trades"": [{""turn"": 10, ""date"": ""2026-05-04"", ""action"": ""sell"", ""stock_code"": ""005930"", ""quantity"": 100, ""executed_price"": 232500.0, ""trade_value"": 23250000.0, ""status"": ""filled"", ""filled_quantity"": 100, ""action_reason"": ""수익이 발생한 상태에서 처분효과에 따른 매도 욕구가 강하며, 전일 대비 5% 이상 급등과 뉴스 부재로 인한 단기 조정 리스크를 고려하여 수익을 확정합니다.""}, {""turn"": 9, ""date"": ""2026-05-04"", ""action"": ""sell"", ""stock_code"": ""005930"", ""quantity"": 100, ""executed_price"": 228000.0, ""trade_value"": 22800000.0, ""status"": ""filled"", ""filled_quantity"": 100, ""action_reason"": ""현재가 (228,000 원) 가 평균 매수 단가 (224,750 원) 를 상회하여 미실현 수익 상태이며, 페르소나의 처분효과 (수익 시 빠른 매도) 에 따라 수익 실현을 우선시합니다. MA5 돌파로 상승 추세가 확인되었으나, 단기 급등 (3.4%) 에 따른 조정 리스크를 고려하여 보유 물량의 일부를 매도합니다.""}, {""turn"": 8, ""date"": ""2026-04-30"", ""action"": ""buy"", ""stock_code"": ""005930"", ""quantity"": 100, ""executed_price"": 220500.0, ""trade_value"": 22050000.0, ""status"": ""filled"", ""filled_quantity"": 100, ""action_reason"": ""PER 5.4 배 저평가 구간이며 MA20 지지선 유지. 현재가 (220,500 원) 가 평균 단가 (229,000 원) 보다 낮아 손실 시 추가 매수 원칙에 따라 매수.""}]}"
chunk_010_2026-05-06_2026-05-12,2026-05-07,4,A020,"[3368, 3369, 3375, 3381, 3385]",3381,오늘 삼성전자 매도 결정했습니다.,trade_share,like,[],"{""portfolio_summary"": {""state_id"": ""ps_A019_t004"", ""agent_id"": ""A019"", ""turn"": 4, ""date"": ""2026-05-07"", ""cash"": 100095000.0, ""positions"": ""[]"", ""total_value"": 100095000.0, ""realized_pnl"": 95000.0, ""total_return_rate"": 0.00095, ""updated_at"": ""2026-07-15 20:51:57""}, ""recent_trades"": [{""turn"": 10, ""date"": ""2026-05-04"", ""action"": ""sell"", ""stock_code"": ""005930"", ""quantity"": 40, ""executed_price"": 232500.0, ""trade_value"": 9300000.0, ""status"": ""filled"", ""filled_quantity"": 40, ""action_reason"": ""수익 구간 진입 (3.08%) 및 거시 리스크로 안전마진 축소 우려가 있어 처분효과와 변동성 관리 원칙에 따라 제한적으로 매도합니다.""}, {""turn"": 9, ""date"": ""2026-05-04"", ""action"": ""buy"", ""stock_code"": ""005930"", ""quantity"": 50, ""executed_price"": 228000.0, ""trade_value"": 11400000.0, ""status"": ""filled"", ""filled_quantity"": 50, ""action_reason"": ""PER 5.4 배 역사적 저평가 구간이며 수출 호조와 노조 해결로 하방 경직성이 확보됨. 가치 투자 원칙에 따라 내재가치 회복을 믿고 추가 매수.""}, {""turn"": 8, ""date"": ""2026-04-30"", ""action"": ""buy"", ""stock_code"": ""005930"", ""quantity"": 60, ""executed_price"": 220500.0, ""trade_value"": 13230000.0, ""status"": ""filled"", ""filled_quantity"": 60, ""action_reason"": ""현재 주가 (220,500 원) 가 평균 매수 단가 (222,128 원) 보다 낮아 미실현 손실 구간이며, 가치 투자 성향과 손실 시 추가 매수 경향 (Disposition Effect) 에 따라 매수합니다. 53 조 원 영업이익 등 실적 호조가 내재가치를 뒷받침하나, 단기 외국인 매도세로 인한 조정 국면이므로 현금 비중을 유지하며 제한적으로 매수합니다.""}]}"
chunk_010_2026-05-06_2026-05-12,2026-05-07,4,A020,"[3368, 3369, 3375, 3381, 3385]",3385,"[시장 전망] 삼성전자, AI 수요와 에너지 비용의 딜레마",analysis,read,[],"{""portfolio_summary"": {""state_id"": ""ps_A026_t004"", ""agent_id"": ""A026"", ""turn"": 4, ""date"": ""2026-05-07"", ""cash"": 44985000.0, ""positions"": ""[{\""stock_code\"": \""005930\"", \""quantity\"": 210, \""avg_cost\"": 261976.19047619047, \""current_price\"": 271500.0, \""unrealized_pnl\"": 2000000.0000000005, \""unrealized_pnl_rate\"": 0.0363537217122603}]"", ""total_value"": 102000000.0, ""realized_pnl"": 0.0, ""total_return_rate"": 0.02, ""updated_at"": ""2026-07-15 20:51:57""}, ""recent_trades"": [{""turn"": 10, ""date"": ""2026-05-04"", ""action"": ""buy"", ""stock_code"": ""005930"", ""quantity"": 18, ""executed_price"": 232500.0, ""trade_value"": 4185000.0, ""status"": ""filled"", ""filled_quantity"": 18, ""action_reason"": ""Belief 에 따르면 장기 우상향 흐름이 유효하며 DX 조직 개편과 기술적 반등 (MA5 상회) 으로 매수 관점이 강화되었습니다. 내재가치 대비 저평가 폭이 좁아졌으나 여전히 매력적인 수준으로 판단됩니다.""}, {""turn"": 9, ""date"": ""2026-05-04"", ""action"": ""buy"", ""stock_code"": ""005930"", ""quantity"": 37, ""executed_price"": 228000.0, ""trade_value"": 8436000.0, ""status"": ""filled"", ""filled_quantity"": 37, ""action_reason"": ""PER 5.4 배 저평가 구간과 수출 호조, 기술적 반등으로 내재가치 회복이 기대되므로 매수합니다. 현금 여력이 충분하고 특정 종목 집중 투자 성향에 따라 매수 기회를 활용합니다.""}, {""turn"": 8, ""date"": ""2026-04-30"", ""action"": ""buy"", ""stock_code"": ""005930"", ""quantity"": 50, ""executed_price"": 220500.0, ""trade_value"": 11025000.0, ""status"": ""filled"", ""filled_quantity"": 50, ""action_reason"": ""PER 5.4 배의 역사적 저평가 구간과 53 조 원 영업이익 호실적으로 내재가치가 상승했으나 주가가 조정받음. 22 만 원 대는 매력적 진입점으로 판단하여 현금 여력을 활용 매수.""}]}"
chunk_010_2026-05-06_2026-05-12,2026-05-07,4,A022,"[3368, 3369, 3371, 3375, 3385]",3368,현재 삼성전자 주가의 상승 추세와 리스크 관리에 대한 생각,analysis,like,"[""상위 수익자"", ""자산가""]",null
chunk_010_2026-05-06_2026-05-12,2026-05-07,4,A022,"[3368, 3369, 3371, 3375, 3385]",3369,"[분석] 삼성전자, 메모리 호황과 에너지 리스크의 경계에서",analysis,like,[],null
chunk_010_2026-05-06_2026-05-12,2026-05-07,4,A022,"[3368, 3369, 3371, 3375, 3385]",3371,오늘 삼성전자 추가 매수 했습니다!,trade_share,read,"[""커뮤니티 인플루언서""]",null
chunk_010_2026-05-06_2026-05-12,2026-05-07,4,A022,"[3368, 3369, 3371, 3375, 3385]",3375,오늘 삼성전자 전량 매도했습니다!,trade_share,like,[],null
chunk_010_2026-05-06_2026-05-12,2026-05-07,4,A022,"[3368, 3369, 3371, 3375, 3385]",3385,"[시장 전망] 삼성전자, AI 수요와 에너지 비용의 딜레마",analysis,like,[],null
chunk_010_2026-05-06_2026-05-12,2026-05-07,4,A025,"[3368, 3369, 3371, 3375, 3385]",3368,현재 삼성전자 주가의 상승 추세와 리스크 관리에 대한 생각,analysis,like,"[""상위 수익자"", ""자산가""]",null
chunk_010_2026-05-06_2026-05-12,2026-05-07,4,A025,"[3368, 3369, 3371, 3375, 3385]",3369,"[분석] 삼성전자, 메모리 호황과 에너지 리스크의 경계에서",analysis,like,[],null
chunk_010_2026-05-06_2026-05-12,2026-05-07,4,A025,"[3368, 3369, 3371, 3375, 3385]",3371,오늘 삼성전자 추가 매수 했습니다!,trade_share,read,"[""커뮤니티 인플루언서""]",null
chunk_010_2026-05-06_2026-05-12,2026-05-07,4,A025,"[3368, 3369, 3371, 3375, 3385]",3375,오늘 삼성전자 전량 매도했습니다!,trade_share,like,[],null
chunk_010_2026-05-06_2026-05-12,2026-05-07,4,A025,"[3368, 3369, 3371, 3375, 3385]",3385,"[시장 전망] 삼성전자, AI 수요와 에너지 비용의 딜레마",analysis,unlike,[],null
chunk_010_2026-05-06_2026-05-12,2026-05-07,4,A026,"[3368, 3369, 3375, 3381, 3371]",3368,현재 삼성전자 주가의 상승 추세와 리스크 관리에 대한 생각,analysis,like,"[""상위 수익자"", ""자산가""]",null
chunk_010_2026-05-06_2026-05-12,2026-05-07,4,A026,"[3368, 3369, 3375, 3381, 3371]",3369,"[분석] 삼성전자, 메모리 호황과 에너지 리스크의 경계에서",analysis,like,[],null
chunk_010_2026-05-06_2026-05-12,2026-05-07,4,A026,"[3368, 3369, 3375, 3381, 3371]",3375,오늘 삼성전자 전량 매도했습니다!,trade_share,unlike,[],null
chunk_010_2026-05-06_2026-05-12,2026-05-07,4,A026,"[3368, 3369, 3375, 3381, 3371]",3381,오늘 삼성전자 매도 결정했습니다.,trade_share,like,[],null
chunk_010_2026-05-06_2026-05-12,2026-05-07,4,A026,"[3368, 3369, 3375, 3381, 3371]",3371,오늘 삼성전자 추가 매수 했습니다!,trade_share,read,"[""커뮤니티 인플루언서""]",null
chunk_010_2026-05-06_2026-05-12,2026-05-07,4,A027,"[3368, 3369, 3375, 3381, 3385]",3368,현재 삼성전자 주가의 상승 추세와 리스크 관리에 대한 생각,analysis,like,"[""상위 수익자"", ""자산가""]",null
chunk_010_2026-05-06_2026-05-12,2026-05-07,4,A027,"[3368, 3369, 3375, 3381, 3385]",3369,"[분석] 삼성전자, 메모리 호황과 에너지 리스크의 경계에서",analysis,like,[],null
chunk_010_2026-05-06_2026-05-12,2026-05-07,4,A027,"[3368, 3369, 3375, 3381, 3385]",3375,오늘 삼성전자 전량 매도했습니다!,trade_share,like,[],null
chunk_010_2026-05-06_2026-05-12,2026-05-07,4,A027,"[3368, 3369, 3375, 3381, 3385]",3381,오늘 삼성전자 매도 결정했습니다.,trade_share,unlike,[],null
chunk_010_2026-05-06_2026-05-12,2026-05-07,4,A027,"[3368, 3369, 3375, 3381, 3385]",3385,"[시장 전망] 삼성전자, AI 수요와 에너지 비용의 딜레마",analysis,read,[],null
chunk_010_2026-05-06_2026-05-12,2026-05-08,6,A005,"[3388, 3399, 3392, 3391, 3402]",3388,현재 삼성전자 투자 관점 및 리스크 요인 분석,analysis,like,"[""커뮤니티 인플루언서""]",null
chunk_010_2026-05-06_2026-05-12,2026-05-08,6,A005,"[3388, 3399, 3392, 3391, 3402]",3399,삼성전자 기술적 분석 및 매수 전략 점검,analysis,read,"[""커뮤니티 인플루언서""]",null
chunk_010_2026-05-06_2026-05-12,2026-05-08,6,A005,"[3388, 3399, 3392, 3391, 3402]",3392,오늘 삼성전자 일부 매도했습니다.,trade_share,like,"[""커뮤니티 인플루언서""]",null
chunk_010_2026-05-06_2026-05-12,2026-05-08,6,A005,"[3388, 3399, 3392, 3391, 3402]",3391,오늘 삼성전자 추가 매수했습니다!,trade_share,unlike,"[""커뮤니티 인플루언서""]",null
chunk_010_2026-05-06_2026-05-12,2026-05-08,6,A005,"[3388, 3399, 3392, 3391, 3402]",3402,오늘 삼성전자 일부 매도했습니다!,trade_share,read,[],null
chunk_010_2026-05-06_2026-05-12,2026-05-08,6,A003,"[3388, 3399, 3402, 3391, 3400]",3388,현재 삼성전자 투자 관점 및 리스크 요인 분석,analysis,like,"[""커뮤니티 인플루언서""]",null
chunk_010_2026-05-06_2026-05-12,2026-05-08,6,A003,"[3388, 3399, 3402, 3391, 3400]",3399,삼성전자 기술적 분석 및 매수 전략 점검,analysis,read,"[""커뮤니티 인플루언서""]",null
chunk_010_2026-05-06_2026-05-12,2026-05-08,6,A003,"[3388, 3399, 3402, 3391, 3400]",3402,오늘 삼성전자 일부 매도했습니다!,trade_share,unlike,[],null
chunk_010_2026-05-06_2026-05-12,2026-05-08,6,A003,"[3388, 3399, 3402, 3391, 3400]",3391,오늘 삼성전자 추가 매수했습니다!,trade_share,unlike,"[""커뮤니티 인플루언서""]",null
chunk_010_2026-05-06_2026-05-12,2026-05-08,6,A003,"[3388, 3399, 3402, 3391, 3400]",3400,오늘 삼성전자 1주 매도했습니다.,trade_share,like,[],null
chunk_010_2026-05-06_2026-05-12,2026-05-08,6,A004,"[3388, 3399, 3401, 3392, 3394]",3388,현재 삼성전자 투자 관점 및 리스크 요인 분석,analysis,like,"[""커뮤니티 인플루언서""]",null
chunk_010_2026-05-06_2026-05-12,2026-05-08,6,A004,"[3388, 3399, 3401, 3392, 3394]",3399,삼성전자 기술적 분석 및 매수 전략 점검,analysis,read,"[""커뮤니티 인플루언서""]",null
chunk_010_2026-05-06_2026-05-12,2026-05-08,6,A004,"[3388, 3399, 3401, 3392, 3394]",3401,오늘 삼성전자 매수했습니다!,trade_share,like,[],null
chunk_010_2026-05-06_2026-05-12,2026-05-08,6,A004,"[3388, 3399, 3401, 3392, 3394]",3392,오늘 삼성전자 일부 매도했습니다.,trade_share,like,"[""커뮤니티 인플루언서""]",null
chunk_010_2026-05-06_2026-05-12,2026-05-08,6,A004,"[3388, 3399, 3401, 3392, 3394]",3394,오늘 삼성전자 6주 매수했습니다!,trade_share,unlike,[],null
chunk_010_2026-05-06_2026-05-12,2026-05-08,6,A006,"[3388, 3399, 3392, 3401, 3404]",3388,현재 삼성전자 투자 관점 및 리스크 요인 분석,analysis,like,"[""커뮤니티 인플루언서""]",null
chunk_010_2026-05-06_2026-05-12,2026-05-08,6,A006,"[3388, 3399, 3392, 3401, 3404]",3399,삼성전자 기술적 분석 및 매수 전략 점검,analysis,like,"[""커뮤니티 인플루언서""]",null
chunk_010_2026-05-06_2026-05-12,2026-05-08,6,A006,"[3388, 3399, 3392, 3401, 3404]",3392,오늘 삼성전자 일부 매도했습니다.,trade_share,like,"[""커뮤니티 인플루언서""]",null
chunk_010_2026-05-06_2026-05-12,2026-05-08,6,A006,"[3388, 3399, 3392, 3401, 3404]",3401,오늘 삼성전자 매수했습니다!,trade_share,read,[],null
chunk_010_2026-05-06_2026-05-12,2026-05-08,6,A006,"[3388, 3399, 3392, 3401, 3404]",3404,오늘 삼성전자 50주 매수했습니다!,trade_share,unlike,[],null
chunk_010_2026-05-06_2026-05-12,2026-05-08,6,A001,"[3389, 3392, 3399, 3400, 3405]",3389,오늘 일부 매도했습니다.,trade_share,like,[],null
chunk_010_2026-05-06_2026-05-12,2026-05-08,6,A001,"[3389, 3392, 3399, 3400, 3405]",3392,오늘 삼성전자 일부 매도했습니다.,trade_share,like,"[""커뮤니티 인플루언서""]",null
chunk_010_2026-05-06_2026-05-12,2026-05-08,6,A001,"[3389, 3392, 3399, 3400, 3405]",3399,삼성전자 기술적 분석 및 매수 전략 점검,analysis,read,"[""커뮤니티 인플루언서""]",null
chunk_010_2026-05-06_2026-05-12,2026-05-08,6,A001,"[3389, 3392, 3399, 3400, 3405]",3400,오늘 삼성전자 1주 매도했습니다.,trade_share,like,[],null
chunk_010_2026-05-06_2026-05-12,2026-05-08,6,A001,"[3389, 3392, 3399, 3400, 3405]",3405,오늘 삼성전자 50주 매수했습니다,trade_share,unlike,[],null
chunk_010_2026-05-06_2026-05-12,2026-05-08,6,A008,"[3388, 3399, 3401, 3402, 3403]",3388,현재 삼성전자 투자 관점 및 리스크 요인 분석,analysis,like,"[""커뮤니티 인플루언서""]",null
chunk_010_2026-05-06_2026-05-12,2026-05-08,6,A008,"[3388, 3399, 3401, 3402, 3403]",3399,삼성전자 기술적 분석 및 매수 전략 점검,analysis,like,"[""커뮤니티 인플루언서""]",null
chunk_010_2026-05-06_2026-05-12,2026-05-08,6,A008,"[3388, 3399, 3401, 3402, 3403]",3401,오늘 삼성전자 매수했습니다!,trade_share,read,[],null
chunk_010_2026-05-06_2026-05-12,2026-05-08,6,A008,"[3388, 3399, 3401, 3402, 3403]",3402,오늘 삼성전자 일부 매도했습니다!,trade_share,read,[],null
chunk_010_2026-05-06_2026-05-12,2026-05-08,6,A008,"[3388, 3399, 3401, 3402, 3403]",3403,오늘 삼성전자 매수했습니다!,trade_share,unlike,[],null
chunk_010_2026-05-06_2026-05-12,2026-05-08,6,A007,"[3388, 3399, 3387, 3391, 3402]",3388,현재 삼성전자 투자 관점 및 리스크 요인 분석,analysis,like,"[""커뮤니티 인플루언서""]","{""portfolio_summary"": {""state_id"": ""ps_A001_t006"", ""agent_id"": ""A001"", ""turn"": 6, ""date"": ""2026-05-08"", ""cash"": 42751500.0, ""positions"": ""[{\""stock_code\"": \""005930\"", \""quantity\"": 219, \""avg_cost\"": 262303.2924777698, \""current_price\"": 268500.0, \""unrealized_pnl\"": 1357078.9473684188, \""unrealized_pnl_rate\"": 0.023624207930044928}]"", ""total_value"": 101553000.0, ""realized_pnl"": 195921.05263157957, ""total_return_rate"": 0.01553, ""updated_at"": ""2026-07-15 21:37:39""}, ""recent_trades"": [{""turn"": 10, ""date"": ""2026-05-04"", ""action"": ""buy"", ""stock_code"": ""005930"", ""quantity"": 80, ""executed_price"": 232500.0, ""trade_value"": 18600000.0, ""status"": ""filled"", ""filled_quantity"": 80, ""action_reason"": ""PER 5.4 배 저평가 지표 유효 및 반도체 업황 회복세에 따른 매수 기회로 판단하여 현금 비중 활용.""}, {""turn"": 9, ""date"": ""2026-05-04"", ""action"": ""sell"", ""stock_code"": ""005930"", ""quantity"": 50, ""executed_price"": 228000.0, ""trade_value"": 11400000.0, ""status"": ""filled"", ""filled_quantity"": 50, ""action_reason"": ""노조 파업 및 R&D 예산 축소 우려로 안정성 리스크가 존재하며, 집중 투자 리스크 감소를 위해 일부 매도합니다.""}, {""turn"": 8, ""date"": ""2026-04-30"", ""action"": ""buy"", ""stock_code"": ""005930"", ""quantity"": 166, ""executed_price"": 220500.0, ""trade_value"": 36603000.0, ""status"": ""filled"", ""filled_quantity"": 166, ""action_reason"": ""PER 5.4 배 저평가 구간이며 실적 역대 최대 호조로 내재가치가 입증되었습니다. 외국인 매도세로 인한 단기 조정 시점을 매수 기회로 판단하여, 현금 비중을 활용하여 집중 투자합니다.""}]}"
chunk_010_2026-05-06_2026-05-12,2026-05-08,6,A007,"[3388, 3399, 3387, 3391, 3402]",3399,삼성전자 기술적 분석 및 매수 전략 점검,analysis,unlike,"[""커뮤니티 인플루언서""]","{""portfolio_summary"": {""state_id"": ""ps_A017_t006"", ""agent_id"": ""A017"", ""turn"": 6, ""date"": ""2026-05-08"", ""cash"": 56610000.0, ""positions"": ""[{\""stock_code\"": \""005930\"", \""quantity\"": 170, \""avg_cost\"": 261676.4705882353, \""current_price\"": 268500.0, \""unrealized_pnl\"": 1159999.9999999988, \""unrealized_pnl_rate\"": 0.026076205462515427}]"", ""total_value"": 102255000.0, ""realized_pnl"": 1095000.0, ""total_return_rate"": 0.02255, ""updated_at"": ""2026-07-15 21:37:39""}, ""recent_trades"": [{""turn"": 10, ""date"": ""2026-05-04"", ""action"": ""buy"", ""stock_code"": ""005930"", ""quantity"": 100, ""executed_price"": 232500.0, ""trade_value"": 23250000.0, ""status"": ""filled"", ""filled_quantity"": 100, ""action_reason"": ""기술적 지표 (MA5 상향 정렬, 거래량 48% 급증) 로 상승 추세가 명확하며, 현금 여력이 충분하여 추세 추종 매수를 실행합니다.""}, {""turn"": 9, ""date"": ""2026-05-04"", ""action"": ""buy"", ""stock_code"": ""005930"", ""quantity"": 100, ""executed_price"": 228000.0, ""trade_value"": 22800000.0, ""status"": ""filled"", ""filled_quantity"": 100, ""action_reason"": ""기술적 지표 (MA5 돌파, 거래량 증가) 가 상승 추세를 확인하며, 높은 현금 보유량으로 매수 여력이 충분합니다.""}, {""turn"": 8, ""date"": ""2026-04-30"", ""action"": ""sell"", ""stock_code"": ""005930"", ""quantity"": 50, ""executed_price"": 220500.0, ""trade_value"": 11025000.0, ""status"": ""filled"", ""filled_quantity"": 50, ""action_reason"": ""단기 MA5 이탈 및 외국인 매도 지속으로 하락 모멘텀이 강해 리스크 관리 차원에서 일부 매도합니다. 장기 상승 추세는 유지되나 단기 조정 구간에서 집중 투자 리스크를 줄입니다.""}]}"
chunk_010_2026-05-06_2026-05-12,2026-05-08,6,A007,"[3388, 3399, 3387, 3391, 3402]",3387,오늘 삼성전자 매도 완료!,trade_share,like,"[""상위 수익자"", ""자산가""]","{""portfolio_summary"": {""state_id"": ""ps_A004_t006"", ""agent_id"": ""A004"", ""turn"": 6, ""date"": ""2026-05-08"", ""cash"": 77467000.0, ""positions"": ""[{\""stock_code\"": \""005930\"", \""quantity\"": 100, \""avg_cost\"": 258255.8486809358, \""current_price\"": 268500.0, \""unrealized_pnl\"": 1024415.13190642, \""unrealized_pnl_rate\"": 0.039666676946086964}]"", ""total_value"": 104317000.0, ""realized_pnl"": 3292584.8680935786, ""total_return_rate"": 0.04317, ""updated_at"": ""2026-07-15 21:37:39""}, ""recent_trades"": [{""turn"": 10, ""date"": ""2026-05-04"", ""action"": ""buy"", ""stock_code"": ""005930"", ""quantity"": 100, ""executed_price"": 232500.0, ""trade_value"": 23250000.0, ""status"": ""filled"", ""filled_quantity"": 100, ""action_reason"": ""MA5 상향 돌파 및 거래량 증가로 기술적 매수 신호 유효. SK 하이닉스 상승 등 섹터 호재 확인. 수익 실현 압박 있으나 추세는 매수이므로 추가 매수.""}, {""turn"": 9, ""date"": ""2026-05-04"", ""action"": ""sell"", ""stock_code"": ""005930"", ""quantity"": 100, ""executed_price"": 228000.0, ""trade_value"": 22800000.0, ""status"": ""filled"", ""filled_quantity"": 100, ""action_reason"": ""Belief 에 따른 수익 실현 필요성, 커뮤니티 매도세 및 파업 리스크 고려. 현재가 228,000 원으로 평균 매수 단가 대비 수익 구간이므로 처분효과에 따라 매도.""}, {""turn"": 8, ""date"": ""2026-04-30"", ""action"": ""buy"", ""stock_code"": ""005930"", ""quantity"": 100, ""executed_price"": 220500.0, ""trade_value"": 22050000.0, ""status"": ""filled"", ""filled_quantity"": 100, ""action_reason"": ""실적 호재에도 주가가 하락한 '뉴스에 팔리는' 현상은 단기 조정으로 판단. 장기 AI 수요 사이클과 저평가 관점에서 손실 시 추가 매수 (처분효과) 전략 적용.""}]}"
chunk_010_2026-05-06_2026-05-12,2026-05-08,6,A007,"[3388, 3399, 3387, 3391, 3402]",3391,오늘 삼성전자 추가 매수했습니다!,trade_share,unlike,"[""커뮤니티 인플루언서""]","{""portfolio_summary"": {""state_id"": ""ps_A006_t006"", ""agent_id"": ""A006"", ""turn"": 6, ""date"": ""2026-05-08"", ""cash"": 33930000.0, ""positions"": ""[{\""stock_code\"": \""005930\"", \""quantity\"": 250, \""avg_cost\"": 269080.0, \""current_price\"": 268500.0, \""unrealized_pnl\"": -145000.0, \""unrealized_pnl_rate\"": -0.0021554927902482533}]"", ""total_value"": 101055000.0, ""realized_pnl"": 1200000.0, ""total_return_rate"": 0.01055, ""updated_at"": ""2026-07-15 21:37:39""}, ""recent_trades"": [{""turn"": 10, ""date"": ""2026-05-04"", ""action"": ""sell"", ""stock_code"": ""005930"", ""quantity"": 29, ""executed_price"": 232500.0, ""trade_value"": 6742500.0, ""status"": ""filled"", ""filled_quantity"": 29, ""action_reason"": ""수익 실현 심리 (처분 효과) 와 조직 개편/금리 뉴스에 대한 불안감으로 일부 매도합니다. 기술적 상승 모멘텀은 있으나 뉴스 리스크가 우선시됩니다.""}, {""turn"": 9, ""date"": ""2026-05-04"", ""action"": ""buy"", ""stock_code"": ""005930"", ""quantity"": 59, ""executed_price"": 228000.0, ""trade_value"": 13452000.0, ""status"": ""filled"", ""filled_quantity"": 59, ""action_reason"": ""기술적 돌파 신호 (MA5 상회, 거래량 증가) 와 긍정적 뉴스 흐름을 반영하여 추세 추종 매수. 포트폴리오 미실현 손실 상태 (220,500 원 기준) 로 인해 추가 매수 욕구 (처분효과) 와 현금 여력 활용.""}, {""turn"": 8, ""date"": ""2026-04-30"", ""action"": ""buy"", ""stock_code"": ""005930"", ""quantity"": 50, ""executed_price"": 220500.0, ""trade_value"": 11025000.0, ""status"": ""filled"", ""filled_quantity"": 50, ""action_reason"": ""현재가 220,500 원으로 평균 단가 대비 손실 상태이므로, 페르소나의 손실 시 추가 매수 성향에 따라 평균 단가 하향을 시도함. PER 5.4 배 저평가 구간으로 판단.""}]}"
chunk_010_2026-05-06_2026-05-12,2026-05-08,6,A007,"[3388, 3399, 3387, 3391, 3402]",3402,오늘 삼성전자 일부 매도했습니다!,trade_share,read,[],"{""portfolio_summary"": {""state_id"": ""ps_A025_t006"", ""agent_id"": ""A025"", ""turn"": 6, ""date"": ""2026-05-08"", ""cash"": 92040000.0, ""positions"": ""[{\""stock_code\"": \""005930\"", \""quantity\"": 40, \""avg_cost\"": 256500.0, \""current_price\"": 268500.0, \""unrealized_pnl\"": 480000.0, \""unrealized_pnl_rate\"": 0.04678362573099415}]"", ""total_value"": 102780000.0, ""realized_pnl"": 2300000.0, ""total_return_rate"": 0.0278, ""updated_at"": ""2026-07-15 21:37:39""}, ""recent_trades"": [{""turn"": 10, ""date"": ""2026-05-04"", ""action"": ""sell"", ""stock_code"": ""005930"", ""quantity"": 50, ""executed_price"": 232500.0, ""trade_value"": 11625000.0, ""status"": ""filled"", ""filled_quantity"": 50, ""action_reason"": ""수익 실현 성향과 현금 부족으로 인해 일부 매도하여 현금 유동성을 확보하고 리스크를 관리합니다. 기술적 강세는 있으나 거시 리스크 대비 방어적 접근.""}, {""turn"": 9, ""date"": ""2026-05-04"", ""action"": ""buy"", ""stock_code"": ""005930"", ""quantity"": 100, ""executed_price"": 228000.0, ""trade_value"": 22800000.0, ""status"": ""filled"", ""filled_quantity"": 100, ""action_reason"": ""MA5 상향 돌파 신호와 수출 호조 뉴스에 따른 상승 모멘텀을 확인하여 매수합니다. 수익 실현 욕구보다 기술적 추세를 우선시합니다.""}, {""turn"": 8, ""date"": ""2026-04-30"", ""action"": ""buy"", ""stock_code"": ""005930"", ""quantity"": 200, ""executed_price"": 220500.0, ""trade_value"": 44100000.0, ""status"": ""filled"", ""filled_quantity"": 200, ""action_reason"": ""역대 최대 실적 호조 뉴스와 PER 5.4 배 저평가 매력 확인. 현재 평균 단가 대비 손실 상태이므로 처분 효과에 따른 추가 매수 (Averaging Down) 로 평균 단가 하향. MA20 지지선 유지로 중장기 상승 모멘텀 유효.""}]}"
chunk_010_2026-05-06_2026-05-12,2026-05-08,6,A010,"[3388, 3399, 3401, 3402, 3404]",3388,현재 삼성전자 투자 관점 및 리스크 요인 분석,analysis,like,"[""커뮤니티 인플루언서""]",null
chunk_010_2026-05-06_2026-05-12,2026-05-08,6,A010,"[3388, 3399, 3401, 3402, 3404]",3399,삼성전자 기술적 분석 및 매수 전략 점검,analysis,read,"[""커뮤니티 인플루언서""]",null
chunk_010_2026-05-06_2026-05-12,2026-05-08,6,A010,"[3388, 3399, 3401, 3402, 3404]",3401,오늘 삼성전자 매수했습니다!,trade_share,like,[],null
chunk_010_2026-05-06_2026-05-12,2026-05-08,6,A010,"[3388, 3399, 3401, 3402, 3404]",3402,오늘 삼성전자 일부 매도했습니다!,trade_share,like,[],null
chunk_010_2026-05-06_2026-05-12,2026-05-08,6,A010,"[3388, 3399, 3401, 3402, 3404]",3404,오늘 삼성전자 50주 매수했습니다!,trade_share,unlike,[],null
chunk_010_2026-05-06_2026-05-12,2026-05-08,6,A012,"[3388, 3399, 3401, 3402, 3404]",3388,현재 삼성전자 투자 관점 및 리스크 요인 분석,analysis,like,"[""커뮤니티 인플루언서""]",null
chunk_010_2026-05-06_2026-05-12,2026-05-08,6,A012,"[3388, 3399, 3401, 3402, 3404]",3399,삼성전자 기술적 분석 및 매수 전략 점검,analysis,read,"[""커뮤니티 인플루언서""]",null
chunk_010_2026-05-06_2026-05-12,2026-05-08,6,A012,"[3388, 3399, 3401, 3402, 3404]",3401,오늘 삼성전자 매수했습니다!,trade_share,like,[],null
chunk_010_2026-05-06_2026-05-12,2026-05-08,6,A012,"[3388, 3399, 3401, 3402, 3404]",3402,오늘 삼성전자 일부 매도했습니다!,trade_share,like,[],null
chunk_010_2026-05-06_2026-05-12,2026-05-08,6,A012,"[3388, 3399, 3401, 3402, 3404]",3404,오늘 삼성전자 50주 매수했습니다!,trade_share,unlike,[],null
chunk_010_2026-05-06_2026-05-12,2026-05-08,6,A011,"[3388, 3399, 3401, 3402, 3404]",3388,현재 삼성전자 투자 관점 및 리스크 요인 분석,analysis,like,"[""커뮤니티 인플루언서""]",null
chunk_010_2026-05-06_2026-05-12,2026-05-08,6,A011,"[3388, 3399, 3401, 3402, 3404]",3399,삼성전자 기술적 분석 및 매수 전략 점검,analysis,read,"[""커뮤니티 인플루언서""]",null
chunk_010_2026-05-06_2026-05-12,2026-05-08,6,A011,"[3388, 3399, 3401, 3402, 3404]",3401,오늘 삼성전자 매수했습니다!,trade_share,like,[],null
chunk_010_2026-05-06_2026-05-12,2026-05-08,6,A011,"[3388, 3399, 3401, 3402, 3404]",3402,오늘 삼성전자 일부 매도했습니다!,trade_share,unlike,[],null
chunk_010_2026-05-06_2026-05-12,2026-05-08,6,A011,"[3388, 3399, 3401, 3402, 3404]",3404,오늘 삼성전자 50주 매수했습니다!,trade_share,read,[],null
chunk_010_2026-05-06_2026-05-12,2026-05-08,6,A013,"[3388, 3391, 3399, 3402, 3404]",3388,현재 삼성전자 투자 관점 및 리스크 요인 분석,analysis,like,"[""커뮤니티 인플루언서""]",null
chunk_010_2026-05-06_2026-05-12,2026-05-08,6,A013,"[3388, 3391, 3399, 3402, 3404]",3391,오늘 삼성전자 추가 매수했습니다!,trade_share,read,"[""커뮤니티 인플루언서""]",null
chunk_010_2026-05-06_2026-05-12,2026-05-08,6,A013,"[3388, 3391, 3399, 3402, 3404]",3399,삼성전자 기술적 분석 및 매수 전략 점검,analysis,unlike,"[""커뮤니티 인플루언서""]",null
chunk_010_2026-05-06_2026-05-12,2026-05-08,6,A013,"[3388, 3391, 3399, 3402, 3404]",3402,오늘 삼성전자 일부 매도했습니다!,trade_share,like,[],null
chunk_010_2026-05-06_2026-05-12,2026-05-08,6,A013,"[3388, 3391, 3399, 3402, 3404]",3404,오늘 삼성전자 50주 매수했습니다!,trade_share,read,[],null
chunk_010_2026-05-06_2026-05-12,2026-05-08,6,A014,"[3388, 3399, 3401, 3392, 3387]",3388,현재 삼성전자 투자 관점 및 리스크 요인 분석,analysis,like,"[""커뮤니티 인플루언서""]",null
chunk_010_2026-05-06_2026-05-12,2026-05-08,6,A014,"[3388, 3399, 3401, 3392, 3387]",3399,삼성전자 기술적 분석 및 매수 전략 점검,analysis,read,"[""커뮤니티 인플루언서""]",null
chunk_010_2026-05-06_2026-05-12,2026-05-08,6,A014,"[3388, 3399, 3401, 3392, 3387]",3401,오늘 삼성전자 매수했습니다!,trade_share,like,[],null
chunk_010_2026-05-06_2026-05-12,2026-05-08,6,A014,"[3388, 3399, 3401, 3392, 3387]",3392,오늘 삼성전자 일부 매도했습니다.,trade_share,like,"[""커뮤니티 인플루언서""]",null
chunk_010_2026-05-06_2026-05-12,2026-05-08,6,A014,"[3388, 3399, 3401, 3392, 3387]",3387,오늘 삼성전자 매도 완료!,trade_share,unlike,"[""상위 수익자"", ""자산가""]",null
chunk_010_2026-05-06_2026-05-12,2026-05-08,6,A017,"[3388, 3392, 3402, 3387, 3391]",3388,현재 삼성전자 투자 관점 및 리스크 요인 분석,analysis,like,"[""커뮤니티 인플루언서""]","{""portfolio_summary"": {""state_id"": ""ps_A001_t006"", ""agent_id"": ""A001"", ""turn"": 6, ""date"": ""2026-05-08"", ""cash"": 42751500.0, ""positions"": ""[{\""stock_code\"": \""005930\"", \""quantity\"": 219, \""avg_cost\"": 262303.2924777698, \""current_price\"": 268500.0, \""unrealized_pnl\"": 1357078.9473684188, \""unrealized_pnl_rate\"": 0.023624207930044928}]"", ""total_value"": 101553000.0, ""realized_pnl"": 195921.05263157957, ""total_return_rate"": 0.01553, ""updated_at"": ""2026-07-15 21:37:39""}, ""recent_trades"": [{""turn"": 10, ""date"": ""2026-05-04"", ""action"": ""buy"", ""stock_code"": ""005930"", ""quantity"": 80, ""executed_price"": 232500.0, ""trade_value"": 18600000.0, ""status"": ""filled"", ""filled_quantity"": 80, ""action_reason"": ""PER 5.4 배 저평가 지표 유효 및 반도체 업황 회복세에 따른 매수 기회로 판단하여 현금 비중 활용.""}, {""turn"": 9, ""date"": ""2026-05-04"", ""action"": ""sell"", ""stock_code"": ""005930"", ""quantity"": 50, ""executed_price"": 228000.0, ""trade_value"": 11400000.0, ""status"": ""filled"", ""filled_quantity"": 50, ""action_reason"": ""노조 파업 및 R&D 예산 축소 우려로 안정성 리스크가 존재하며, 집중 투자 리스크 감소를 위해 일부 매도합니다.""}, {""turn"": 8, ""date"": ""2026-04-30"", ""action"": ""buy"", ""stock_code"": ""005930"", ""quantity"": 166, ""executed_price"": 220500.0, ""trade_value"": 36603000.0, ""status"": ""filled"", ""filled_quantity"": 166, ""action_reason"": ""PER 5.4 배 저평가 구간이며 실적 역대 최대 호조로 내재가치가 입증되었습니다. 외국인 매도세로 인한 단기 조정 시점을 매수 기회로 판단하여, 현금 비중을 활용하여 집중 투자합니다.""}]}"
chunk_010_2026-05-06_2026-05-12,2026-05-08,6,A017,"[3388, 3392, 3402, 3387, 3391]",3392,오늘 삼성전자 일부 매도했습니다.,trade_share,like,"[""커뮤니티 인플루언서""]","{""portfolio_summary"": {""state_id"": ""ps_A007_t006"", ""agent_id"": ""A007"", ""turn"": 6, ""date"": ""2026-05-08"", ""cash"": 48510000.0, ""positions"": ""[{\""stock_code\"": \""005930\"", \""quantity\"": 200, \""avg_cost\"": 262060.0, \""current_price\"": 268500.0, \""unrealized_pnl\"": 1288000.0, \""unrealized_pnl_rate\"": 0.02457452491795772}]"", ""total_value"": 102210000.0, ""realized_pnl"": 922000.0, ""total_return_rate"": 0.0221, ""updated_at"": ""2026-07-15 21:37:39""}, ""recent_trades"": [{""turn"": 10, ""date"": ""2026-05-04"", ""action"": ""sell"", ""stock_code"": ""005930"", ""quantity"": 20, ""executed_price"": 232500.0, ""trade_value"": 4650000.0, ""status"": ""filled"", ""filled_quantity"": 20, ""action_reason"": ""단기 급등 (5.44%) 과 거시 불확실성으로 인한 밸류에이션 부담을 고려하여, 수익 일부 실현을 통해 리스크를 관리합니다. 현재 현금 비중이 높아 추가 매수 여력은 있으나, 내재가치 검증이 필요하여 매도 우선순위를 높입니다.""}, {""turn"": 9, ""date"": ""2026-05-04"", ""action"": ""sell"", ""stock_code"": ""005930"", ""quantity"": 20, ""executed_price"": 228000.0, ""trade_value"": 4560000.0, ""status"": ""filled"", ""filled_quantity"": 20, ""action_reason"": ""노조 파업 시작일 확정으로 단기 변동성 우려가 크며, 안정적 자산 선호 성향에 따라 현재 주가는 리스크 할인이 필요해 매수보다는 리스크 관리가 우선입니다.""}, {""turn"": 8, ""date"": ""2026-04-30"", ""action"": ""sell"", ""stock_code"": ""005930"", ""quantity"": 20, ""executed_price"": 220500.0, ""trade_value"": 4410000.0, ""status"": ""filled"", ""filled_quantity"": 20, ""action_reason"": ""외국인 매도세 지속과 단기 하방 압력, 포트폴리오 집중도 완화를 위해 일부 매도합니다.""}]}"
chunk_010_2026-05-06_2026-05-12,2026-05-08,6,A017,"[3388, 3392, 3402, 3387, 3391]",3402,오늘 삼성전자 일부 매도했습니다!,trade_share,unlike,[],"{""portfolio_summary"": {""state_id"": ""ps_A025_t006"", ""agent_id"": ""A025"", ""turn"": 6, ""date"": ""2026-05-08"", ""cash"": 92040000.0, ""positions"": ""[{\""stock_code\"": \""005930\"", \""quantity\"": 40, \""avg_cost\"": 256500.0, \""current_price\"": 268500.0, \""unrealized_pnl\"": 480000.0, \""unrealized_pnl_rate\"": 0.04678362573099415}]"", ""total_value"": 102780000.0, ""realized_pnl"": 2300000.0, ""total_return_rate"": 0.0278, ""updated_at"": ""2026-07-15 21:37:39""}, ""recent_trades"": [{""turn"": 10, ""date"": ""2026-05-04"", ""action"": ""sell"", ""stock_code"": ""005930"", ""quantity"": 50, ""executed_price"": 232500.0, ""trade_value"": 11625000.0, ""status"": ""filled"", ""filled_quantity"": 50, ""action_reason"": ""수익 실현 성향과 현금 부족으로 인해 일부 매도하여 현금 유동성을 확보하고 리스크를 관리합니다. 기술적 강세는 있으나 거시 리스크 대비 방어적 접근.""}, {""turn"": 9, ""date"": ""2026-05-04"", ""action"": ""buy"", ""stock_code"": ""005930"", ""quantity"": 100, ""executed_price"": 228000.0, ""trade_value"": 22800000.0, ""status"": ""filled"", ""filled_quantity"": 100, ""action_reason"": ""MA5 상향 돌파 신호와 수출 호조 뉴스에 따른 상승 모멘텀을 확인하여 매수합니다. 수익 실현 욕구보다 기술적 추세를 우선시합니다.""}, {""turn"": 8, ""date"": ""2026-04-30"", ""action"": ""buy"", ""stock_code"": ""005930"", ""quantity"": 200, ""executed_price"": 220500.0, ""trade_value"": 44100000.0, ""status"": ""filled"", ""filled_quantity"": 200, ""action_reason"": ""역대 최대 실적 호조 뉴스와 PER 5.4 배 저평가 매력 확인. 현재 평균 단가 대비 손실 상태이므로 처분 효과에 따른 추가 매수 (Averaging Down) 로 평균 단가 하향. MA20 지지선 유지로 중장기 상승 모멘텀 유효.""}]}"
chunk_010_2026-05-06_2026-05-12,2026-05-08,6,A017,"[3388, 3392, 3402, 3387, 3391]",3387,오늘 삼성전자 매도 완료!,trade_share,like,"[""상위 수익자"", ""자산가""]","{""portfolio_summary"": {""state_id"": ""ps_A004_t006"", ""agent_id"": ""A004"", ""turn"": 6, ""date"": ""2026-05-08"", ""cash"": 77467000.0, ""positions"": ""[{\""stock_code\"": \""005930\"", \""quantity\"": 100, \""avg_cost\"": 258255.8486809358, \""current_price\"": 268500.0, \""unrealized_pnl\"": 1024415.13190642, \""unrealized_pnl_rate\"": 0.039666676946086964}]"", ""total_value"": 104317000.0, ""realized_pnl"": 3292584.8680935786, ""total_return_rate"": 0.04317, ""updated_at"": ""2026-07-15 21:37:39""}, ""recent_trades"": [{""turn"": 10, ""date"": ""2026-05-04"", ""action"": ""buy"", ""stock_code"": ""005930"", ""quantity"": 100, ""executed_price"": 232500.0, ""trade_value"": 23250000.0, ""status"": ""filled"", ""filled_quantity"": 100, ""action_reason"": ""MA5 상향 돌파 및 거래량 증가로 기술적 매수 신호 유효. SK 하이닉스 상승 등 섹터 호재 확인. 수익 실현 압박 있으나 추세는 매수이므로 추가 매수.""}, {""turn"": 9, ""date"": ""2026-05-04"", ""action"": ""sell"", ""stock_code"": ""005930"", ""quantity"": 100, ""executed_price"": 228000.0, ""trade_value"": 22800000.0, ""status"": ""filled"", ""filled_quantity"": 100, ""action_reason"": ""Belief 에 따른 수익 실현 필요성, 커뮤니티 매도세 및 파업 리스크 고려. 현재가 228,000 원으로 평균 매수 단가 대비 수익 구간이므로 처분효과에 따라 매도.""}, {""turn"": 8, ""date"": ""2026-04-30"", ""action"": ""buy"", ""stock_code"": ""005930"", ""quantity"": 100, ""executed_price"": 220500.0, ""trade_value"": 22050000.0, ""status"": ""filled"", ""filled_quantity"": 100, ""action_reason"": ""실적 호재에도 주가가 하락한 '뉴스에 팔리는' 현상은 단기 조정으로 판단. 장기 AI 수요 사이클과 저평가 관점에서 손실 시 추가 매수 (처분효과) 전략 적용.""}]}"
chunk_010_2026-05-06_2026-05-12,2026-05-08,6,A017,"[3388, 3392, 3402, 3387, 3391]",3391,오늘 삼성전자 추가 매수했습니다!,trade_share,unlike,"[""커뮤니티 인플루언서""]","{""portfolio_summary"": {""state_id"": ""ps_A006_t006"", ""agent_id"": ""A006"", ""turn"": 6, ""date"": ""2026-05-08"", ""cash"": 33930000.0, ""positions"": ""[{\""stock_code\"": \""005930\"", \""quantity\"": 250, \""avg_cost\"": 269080.0, \""current_price\"": 268500.0, \""unrealized_pnl\"": -145000.0, \""unrealized_pnl_rate\"": -0.0021554927902482533}]"", ""total_value"": 101055000.0, ""realized_pnl"": 1200000.0, ""total_return_rate"": 0.01055, ""updated_at"": ""2026-07-15 21:37:39""}, ""recent_trades"": [{""turn"": 10, ""date"": ""2026-05-04"", ""action"": ""sell"", ""stock_code"": ""005930"", ""quantity"": 29, ""executed_price"": 232500.0, ""trade_value"": 6742500.0, ""status"": ""filled"", ""filled_quantity"": 29, ""action_reason"": ""수익 실현 심리 (처분 효과) 와 조직 개편/금리 뉴스에 대한 불안감으로 일부 매도합니다. 기술적 상승 모멘텀은 있으나 뉴스 리스크가 우선시됩니다.""}, {""turn"": 9, ""date"": ""2026-05-04"", ""action"": ""buy"", ""stock_code"": ""005930"", ""quantity"": 59, ""executed_price"": 228000.0, ""trade_value"": 13452000.0, ""status"": ""filled"", ""filled_quantity"": 59, ""action_reason"": ""기술적 돌파 신호 (MA5 상회, 거래량 증가) 와 긍정적 뉴스 흐름을 반영하여 추세 추종 매수. 포트폴리오 미실현 손실 상태 (220,500 원 기준) 로 인해 추가 매수 욕구 (처분효과) 와 현금 여력 활용.""}, {""turn"": 8, ""date"": ""2026-04-30"", ""action"": ""buy"", ""stock_code"": ""005930"", ""quantity"": 50, ""executed_price"": 220500.0, ""trade_value"": 11025000.0, ""status"": ""filled"", ""filled_quantity"": 50, ""action_reason"": ""현재가 220,500 원으로 평균 단가 대비 손실 상태이므로, 페르소나의 손실 시 추가 매수 성향에 따라 평균 단가 하향을 시도함. PER 5.4 배 저평가 구간으로 판단.""}]}"
chunk_010_2026-05-06_2026-05-12,2026-05-08,6,A015,"[3388, 3399, 3402, 3401, 3391]",3388,현재 삼성전자 투자 관점 및 리스크 요인 분석,analysis,like,"[""커뮤니티 인플루언서""]","{""portfolio_summary"": {""state_id"": ""ps_A001_t006"", ""agent_id"": ""A001"", ""turn"": 6, ""date"": ""2026-05-08"", ""cash"": 42751500.0, ""positions"": ""[{\""stock_code\"": \""005930\"", \""quantity\"": 219, \""avg_cost\"": 262303.2924777698, \""current_price\"": 268500.0, \""unrealized_pnl\"": 1357078.9473684188, \""unrealized_pnl_rate\"": 0.023624207930044928}]"", ""total_value"": 101553000.0, ""realized_pnl"": 195921.05263157957, ""total_return_rate"": 0.01553, ""updated_at"": ""2026-07-15 21:37:39""}, ""recent_trades"": [{""turn"": 10, ""date"": ""2026-05-04"", ""action"": ""buy"", ""stock_code"": ""005930"", ""quantity"": 80, ""executed_price"": 232500.0, ""trade_value"": 18600000.0, ""status"": ""filled"", ""filled_quantity"": 80, ""action_reason"": ""PER 5.4 배 저평가 지표 유효 및 반도체 업황 회복세에 따른 매수 기회로 판단하여 현금 비중 활용.""}, {""turn"": 9, ""date"": ""2026-05-04"", ""action"": ""sell"", ""stock_code"": ""005930"", ""quantity"": 50, ""executed_price"": 228000.0, ""trade_value"": 11400000.0, ""status"": ""filled"", ""filled_quantity"": 50, ""action_reason"": ""노조 파업 및 R&D 예산 축소 우려로 안정성 리스크가 존재하며, 집중 투자 리스크 감소를 위해 일부 매도합니다.""}, {""turn"": 8, ""date"": ""2026-04-30"", ""action"": ""buy"", ""stock_code"": ""005930"", ""quantity"": 166, ""executed_price"": 220500.0, ""trade_value"": 36603000.0, ""status"": ""filled"", ""filled_quantity"": 166, ""action_reason"": ""PER 5.4 배 저평가 구간이며 실적 역대 최대 호조로 내재가치가 입증되었습니다. 외국인 매도세로 인한 단기 조정 시점을 매수 기회로 판단하여, 현금 비중을 활용하여 집중 투자합니다.""}]}"
chunk_010_2026-05-06_2026-05-12,2026-05-08,6,A015,"[3388, 3399, 3402, 3401, 3391]",3399,삼성전자 기술적 분석 및 매수 전략 점검,analysis,read,"[""커뮤니티 인플루언서""]","{""portfolio_summary"": {""state_id"": ""ps_A017_t006"", ""agent_id"": ""A017"", ""turn"": 6, ""date"": ""2026-05-08"", ""cash"": 56610000.0, ""positions"": ""[{\""stock_code\"": \""005930\"", \""quantity\"": 170, \""avg_cost\"": 261676.4705882353, \""current_price\"": 268500.0, \""unrealized_pnl\"": 1159999.9999999988, \""unrealized_pnl_rate\"": 0.026076205462515427}]"", ""total_value"": 102255000.0, ""realized_pnl"": 1095000.0, ""total_return_rate"": 0.02255, ""updated_at"": ""2026-07-15 21:37:39""}, ""recent_trades"": [{""turn"": 10, ""date"": ""2026-05-04"", ""action"": ""buy"", ""stock_code"": ""005930"", ""quantity"": 100, ""executed_price"": 232500.0, ""trade_value"": 23250000.0, ""status"": ""filled"", ""filled_quantity"": 100, ""action_reason"": ""기술적 지표 (MA5 상향 정렬, 거래량 48% 급증) 로 상승 추세가 명확하며, 현금 여력이 충분하여 추세 추종 매수를 실행합니다.""}, {""turn"": 9, ""date"": ""2026-05-04"", ""action"": ""buy"", ""stock_code"": ""005930"", ""quantity"": 100, ""executed_price"": 228000.0, ""trade_value"": 22800000.0, ""status"": ""filled"", ""filled_quantity"": 100, ""action_reason"": ""기술적 지표 (MA5 돌파, 거래량 증가) 가 상승 추세를 확인하며, 높은 현금 보유량으로 매수 여력이 충분합니다.""}, {""turn"": 8, ""date"": ""2026-04-30"", ""action"": ""sell"", ""stock_code"": ""005930"", ""quantity"": 50, ""executed_price"": 220500.0, ""trade_value"": 11025000.0, ""status"": ""filled"", ""filled_quantity"": 50, ""action_reason"": ""단기 MA5 이탈 및 외국인 매도 지속으로 하락 모멘텀이 강해 리스크 관리 차원에서 일부 매도합니다. 장기 상승 추세는 유지되나 단기 조정 구간에서 집중 투자 리스크를 줄입니다.""}]}"
chunk_010_2026-05-06_2026-05-12,2026-05-08,6,A015,"[3388, 3399, 3402, 3401, 3391]",3402,오늘 삼성전자 일부 매도했습니다!,trade_share,unlike,[],"{""portfolio_summary"": {""state_id"": ""ps_A025_t006"", ""agent_id"": ""A025"", ""turn"": 6, ""date"": ""2026-05-08"", ""cash"": 92040000.0, ""positions"": ""[{\""stock_code\"": \""005930\"", \""quantity\"": 40, \""avg_cost\"": 256500.0, \""current_price\"": 268500.0, \""unrealized_pnl\"": 480000.0, \""unrealized_pnl_rate\"": 0.04678362573099415}]"", ""total_value"": 102780000.0, ""realized_pnl"": 2300000.0, ""total_return_rate"": 0.0278, ""updated_at"": ""2026-07-15 21:37:39""}, ""recent_trades"": [{""turn"": 10, ""date"": ""2026-05-04"", ""action"": ""sell"", ""stock_code"": ""005930"", ""quantity"": 50, ""executed_price"": 232500.0, ""trade_value"": 11625000.0, ""status"": ""filled"", ""filled_quantity"": 50, ""action_reason"": ""수익 실현 성향과 현금 부족으로 인해 일부 매도하여 현금 유동성을 확보하고 리스크를 관리합니다. 기술적 강세는 있으나 거시 리스크 대비 방어적 접근.""}, {""turn"": 9, ""date"": ""2026-05-04"", ""action"": ""buy"", ""stock_code"": ""005930"", ""quantity"": 100, ""executed_price"": 228000.0, ""trade_value"": 22800000.0, ""status"": ""filled"", ""filled_quantity"": 100, ""action_reason"": ""MA5 상향 돌파 신호와 수출 호조 뉴스에 따른 상승 모멘텀을 확인하여 매수합니다. 수익 실현 욕구보다 기술적 추세를 우선시합니다.""}, {""turn"": 8, ""date"": ""2026-04-30"", ""action"": ""buy"", ""stock_code"": ""005930"", ""quantity"": 200, ""executed_price"": 220500.0, ""trade_value"": 44100000.0, ""status"": ""filled"", ""filled_quantity"": 200, ""action_reason"": ""역대 최대 실적 호조 뉴스와 PER 5.4 배 저평가 매력 확인. 현재 평균 단가 대비 손실 상태이므로 처분 효과에 따른 추가 매수 (Averaging Down) 로 평균 단가 하향. MA20 지지선 유지로 중장기 상승 모멘텀 유효.""}]}"
chunk_010_2026-05-06_2026-05-12,2026-05-08,6,A015,"[3388, 3399, 3402, 3401, 3391]",3401,오늘 삼성전자 매수했습니다!,trade_share,read,[],"{""portfolio_summary"": {""state_id"": ""ps_A020_t006"", ""agent_id"": ""A020"", ""turn"": 6, ""date"": ""2026-05-08"", ""cash"": 25770000.0, ""positions"": ""[{\""stock_code\"": \""005930\"", \""quantity\"": 280, \""avg_cost\"": 269392.85714285716, \""current_price\"": 268500.0, \""unrealized_pnl\"": -250000.00000000466, \""unrealized_pnl_rate\"": -0.0033143311679703653}]"", ""total_value"": 100950000.0, ""realized_pnl"": 1200000.0, ""total_return_rate"": 0.0095, ""updated_at"": ""2026-07-15 21:37:39""}, ""recent_trades"": [{""turn"": 10, ""date"": ""2026-05-04"", ""action"": ""sell"", ""stock_code"": ""005930"", ""quantity"": 1, ""executed_price"": 232500.0, ""trade_value"": 232500.0, ""status"": ""filled"", ""filled_quantity"": 1, ""action_reason"": ""현금 비중이 0.5% 미만으로 위험 관리 여력이 부족하며, 단기 급등 (5.44%) 과 금리 리스크로 조정 가능성 존재. 수익 실현을 통해 유동성을 확보합니다.""}, {""turn"": 9, ""date"": ""2026-05-04"", ""action"": ""buy"", ""stock_code"": ""005930"", ""quantity"": 1, ""executed_price"": 228000.0, ""trade_value"": 228000.0, ""status"": ""filled"", ""filled_quantity"": 1, ""action_reason"": ""기술적 MA5 돌파 및 수출 호조로 상승 모멘텀이 명확함. 고위험 선호 성향에 따라 추세를 따라 매수합니다.""}, {""turn"": 8, ""date"": ""2026-04-30"", ""action"": ""buy"", ""stock_code"": ""005930"", ""quantity"": 3, ""executed_price"": 220500.0, ""trade_value"": 661500.0, ""status"": ""filled"", ""filled_quantity"": 3, ""action_reason"": ""PER 5.4 배 저평가 및 실적 호조로 펀더멘털이 견고하나, 현재가 (220,500 원) 가 평균 매수 단가 (222,020 원) 보다 낮아 평균 단가 하향 효과 기대. 기술적 조정 국면이지만 22 만 원대 지지선 확인 시 매수 기회로 판단.""}]}"
chunk_010_2026-05-06_2026-05-12,2026-05-08,6,A015,"[3388, 3399, 3402, 3401, 3391]",3391,오늘 삼성전자 추가 매수했습니다!,trade_share,like,"[""커뮤니티 인플루언서""]","{""portfolio_summary"": {""state_id"": ""ps_A006_t006"", ""agent_id"": ""A006"", ""turn"": 6, ""date"": ""2026-05-08"", ""cash"": 33930000.0, ""positions"": ""[{\""stock_code\"": \""005930\"", \""quantity\"": 250, \""avg_cost\"": 269080.0, \""current_price\"": 268500.0, \""unrealized_pnl\"": -145000.0, \""unrealized_pnl_rate\"": -0.0021554927902482533}]"", ""total_value"": 101055000.0, ""realized_pnl"": 1200000.0, ""total_return_rate"": 0.01055, ""updated_at"": ""2026-07-15 21:37:39""}, ""recent_trades"": [{""turn"": 10, ""date"": ""2026-05-04"", ""action"": ""sell"", ""stock_code"": ""005930"", ""quantity"": 29, ""executed_price"": 232500.0, ""trade_value"": 6742500.0, ""status"": ""filled"", ""filled_quantity"": 29, ""action_reason"": ""수익 실현 심리 (처분 효과) 와 조직 개편/금리 뉴스에 대한 불안감으로 일부 매도합니다. 기술적 상승 모멘텀은 있으나 뉴스 리스크가 우선시됩니다.""}, {""turn"": 9, ""date"": ""2026-05-04"", ""action"": ""buy"", ""stock_code"": ""005930"", ""quantity"": 59, ""executed_price"": 228000.0, ""trade_value"": 13452000.0, ""status"": ""filled"", ""filled_quantity"": 59, ""action_reason"": ""기술적 돌파 신호 (MA5 상회, 거래량 증가) 와 긍정적 뉴스 흐름을 반영하여 추세 추종 매수. 포트폴리오 미실현 손실 상태 (220,500 원 기준) 로 인해 추가 매수 욕구 (처분효과) 와 현금 여력 활용.""}, {""turn"": 8, ""date"": ""2026-04-30"", ""action"": ""buy"", ""stock_code"": ""005930"", ""quantity"": 50, ""executed_price"": 220500.0, ""trade_value"": 11025000.0, ""status"": ""filled"", ""filled_quantity"": 50, ""action_reason"": ""현재가 220,500 원으로 평균 단가 대비 손실 상태이므로, 페르소나의 손실 시 추가 매수 성향에 따라 평균 단가 하향을 시도함. PER 5.4 배 저평가 구간으로 판단.""}]}"
chunk_010_2026-05-06_2026-05-12,2026-05-08,6,A019,"[3388, 3399, 3402, 3404, 3405]",3388,현재 삼성전자 투자 관점 및 리스크 요인 분석,analysis,like,"[""커뮤니티 인플루언서""]",null
chunk_010_2026-05-06_2026-05-12,2026-05-08,6,A019,"[3388, 3399, 3402, 3404, 3405]",3399,삼성전자 기술적 분석 및 매수 전략 점검,analysis,read,"[""커뮤니티 인플루언서""]",null
chunk_010_2026-05-06_2026-05-12,2026-05-08,6,A019,"[3388, 3399, 3402, 3404, 3405]",3402,오늘 삼성전자 일부 매도했습니다!,trade_share,like,[],null
chunk_010_2026-05-06_2026-05-12,2026-05-08,6,A019,"[3388, 3399, 3402, 3404, 3405]",3404,오늘 삼성전자 50주 매수했습니다!,trade_share,unlike,[],null
chunk_010_2026-05-06_2026-05-12,2026-05-08,6,A019,"[3388, 3399, 3402, 3404, 3405]",3405,오늘 삼성전자 50주 매수했습니다,trade_share,read,[],null
chunk_010_2026-05-06_2026-05-12,2026-05-08,6,A022,"[3388, 3399, 3402, 3391, 3387]",3388,현재 삼성전자 투자 관점 및 리스크 요인 분석,analysis,like,"[""커뮤니티 인플루언서""]",null
chunk_010_2026-05-06_2026-05-12,2026-05-08,6,A022,"[3388, 3399, 3402, 3391, 3387]",3399,삼성전자 기술적 분석 및 매수 전략 점검,analysis,read,"[""커뮤니티 인플루언서""]",null
chunk_010_2026-05-06_2026-05-12,2026-05-08,6,A022,"[3388, 3399, 3402, 3391, 3387]",3402,오늘 삼성전자 일부 매도했습니다!,trade_share,unlike,[],null
chunk_010_2026-05-06_2026-05-12,2026-05-08,6,A022,"[3388, 3399, 3402, 3391, 3387]",3391,오늘 삼성전자 추가 매수했습니다!,trade_share,unlike,"[""커뮤니티 인플루언서""]",null
chunk_010_2026-05-06_2026-05-12,2026-05-08,6,A022,"[3388, 3399, 3402, 3391, 3387]",3387,오늘 삼성전자 매도 완료!,trade_share,like,"[""상위 수익자"", ""자산가""]",null
chunk_010_2026-05-06_2026-05-12,2026-05-08,6,A020,"[3388, 3399, 3402, 3404, 3405]",3388,현재 삼성전자 투자 관점 및 리스크 요인 분석,analysis,like,"[""커뮤니티 인플루언서""]","{""portfolio_summary"": {""state_id"": ""ps_A001_t006"", ""agent_id"": ""A001"", ""turn"": 6, ""date"": ""2026-05-08"", ""cash"": 42751500.0, ""positions"": ""[{\""stock_code\"": \""005930\"", \""quantity\"": 219, \""avg_cost\"": 262303.2924777698, \""current_price\"": 268500.0, \""unrealized_pnl\"": 1357078.9473684188, \""unrealized_pnl_rate\"": 0.023624207930044928}]"", ""total_value"": 101553000.0, ""realized_pnl"": 195921.05263157957, ""total_return_rate"": 0.01553, ""updated_at"": ""2026-07-15 21:37:39""}, ""recent_trades"": [{""turn"": 10, ""date"": ""2026-05-04"", ""action"": ""buy"", ""stock_code"": ""005930"", ""quantity"": 80, ""executed_price"": 232500.0, ""trade_value"": 18600000.0, ""status"": ""filled"", ""filled_quantity"": 80, ""action_reason"": ""PER 5.4 배 저평가 지표 유효 및 반도체 업황 회복세에 따른 매수 기회로 판단하여 현금 비중 활용.""}, {""turn"": 9, ""date"": ""2026-05-04"", ""action"": ""sell"", ""stock_code"": ""005930"", ""quantity"": 50, ""executed_price"": 228000.0, ""trade_value"": 11400000.0, ""status"": ""filled"", ""filled_quantity"": 50, ""action_reason"": ""노조 파업 및 R&D 예산 축소 우려로 안정성 리스크가 존재하며, 집중 투자 리스크 감소를 위해 일부 매도합니다.""}, {""turn"": 8, ""date"": ""2026-04-30"", ""action"": ""buy"", ""stock_code"": ""005930"", ""quantity"": 166, ""executed_price"": 220500.0, ""trade_value"": 36603000.0, ""status"": ""filled"", ""filled_quantity"": 166, ""action_reason"": ""PER 5.4 배 저평가 구간이며 실적 역대 최대 호조로 내재가치가 입증되었습니다. 외국인 매도세로 인한 단기 조정 시점을 매수 기회로 판단하여, 현금 비중을 활용하여 집중 투자합니다.""}]}"
chunk_010_2026-05-06_2026-05-12,2026-05-08,6,A020,"[3388, 3399, 3402, 3404, 3405]",3399,삼성전자 기술적 분석 및 매수 전략 점검,analysis,like,"[""커뮤니티 인플루언서""]","{""portfolio_summary"": {""state_id"": ""ps_A017_t006"", ""agent_id"": ""A017"", ""turn"": 6, ""date"": ""2026-05-08"", ""cash"": 56610000.0, ""positions"": ""[{\""stock_code\"": \""005930\"", \""quantity\"": 170, \""avg_cost\"": 261676.4705882353, \""current_price\"": 268500.0, \""unrealized_pnl\"": 1159999.9999999988, \""unrealized_pnl_rate\"": 0.026076205462515427}]"", ""total_value"": 102255000.0, ""realized_pnl"": 1095000.0, ""total_return_rate"": 0.02255, ""updated_at"": ""2026-07-15 21:37:39""}, ""recent_trades"": [{""turn"": 10, ""date"": ""2026-05-04"", ""action"": ""buy"", ""stock_code"": ""005930"", ""quantity"": 100, ""executed_price"": 232500.0, ""trade_value"": 23250000.0, ""status"": ""filled"", ""filled_quantity"": 100, ""action_reason"": ""기술적 지표 (MA5 상향 정렬, 거래량 48% 급증) 로 상승 추세가 명확하며, 현금 여력이 충분하여 추세 추종 매수를 실행합니다.""}, {""turn"": 9, ""date"": ""2026-05-04"", ""action"": ""buy"", ""stock_code"": ""005930"", ""quantity"": 100, ""executed_price"": 228000.0, ""trade_value"": 22800000.0, ""status"": ""filled"", ""filled_quantity"": 100, ""action_reason"": ""기술적 지표 (MA5 돌파, 거래량 증가) 가 상승 추세를 확인하며, 높은 현금 보유량으로 매수 여력이 충분합니다.""}, {""turn"": 8, ""date"": ""2026-04-30"", ""action"": ""sell"", ""stock_code"": ""005930"", ""quantity"": 50, ""executed_price"": 220500.0, ""trade_value"": 11025000.0, ""status"": ""filled"", ""filled_quantity"": 50, ""action_reason"": ""단기 MA5 이탈 및 외국인 매도 지속으로 하락 모멘텀이 강해 리스크 관리 차원에서 일부 매도합니다. 장기 상승 추세는 유지되나 단기 조정 구간에서 집중 투자 리스크를 줄입니다.""}]}"
chunk_010_2026-05-06_2026-05-12,2026-05-08,6,A020,"[3388, 3399, 3402, 3404, 3405]",3402,오늘 삼성전자 일부 매도했습니다!,trade_share,unlike,[],"{""portfolio_summary"": {""state_id"": ""ps_A025_t006"", ""agent_id"": ""A025"", ""turn"": 6, ""date"": ""2026-05-08"", ""cash"": 92040000.0, ""positions"": ""[{\""stock_code\"": \""005930\"", \""quantity\"": 40, \""avg_cost\"": 256500.0, \""current_price\"": 268500.0, \""unrealized_pnl\"": 480000.0, \""unrealized_pnl_rate\"": 0.04678362573099415}]"", ""total_value"": 102780000.0, ""realized_pnl"": 2300000.0, ""total_return_rate"": 0.0278, ""updated_at"": ""2026-07-15 21:37:39""}, ""recent_trades"": [{""turn"": 10, ""date"": ""2026-05-04"", ""action"": ""sell"", ""stock_code"": ""005930"", ""quantity"": 50, ""executed_price"": 232500.0, ""trade_value"": 11625000.0, ""status"": ""filled"", ""filled_quantity"": 50, ""action_reason"": ""수익 실현 성향과 현금 부족으로 인해 일부 매도하여 현금 유동성을 확보하고 리스크를 관리합니다. 기술적 강세는 있으나 거시 리스크 대비 방어적 접근.""}, {""turn"": 9, ""date"": ""2026-05-04"", ""action"": ""buy"", ""stock_code"": ""005930"", ""quantity"": 100, ""executed_price"": 228000.0, ""trade_value"": 22800000.0, ""status"": ""filled"", ""filled_quantity"": 100, ""action_reason"": ""MA5 상향 돌파 신호와 수출 호조 뉴스에 따른 상승 모멘텀을 확인하여 매수합니다. 수익 실현 욕구보다 기술적 추세를 우선시합니다.""}, {""turn"": 8, ""date"": ""2026-04-30"", ""action"": ""buy"", ""stock_code"": ""005930"", ""quantity"": 200, ""executed_price"": 220500.0, ""trade_value"": 44100000.0, ""status"": ""filled"", ""filled_quantity"": 200, ""action_reason"": ""역대 최대 실적 호조 뉴스와 PER 5.4 배 저평가 매력 확인. 현재 평균 단가 대비 손실 상태이므로 처분 효과에 따른 추가 매수 (Averaging Down) 로 평균 단가 하향. MA20 지지선 유지로 중장기 상승 모멘텀 유효.""}]}"
chunk_010_2026-05-06_2026-05-12,2026-05-08,6,A020,"[3388, 3399, 3402, 3404, 3405]",3404,오늘 삼성전자 50주 매수했습니다!,trade_share,read,[],"{""portfolio_summary"": {""state_id"": ""ps_A026_t006"", ""agent_id"": ""A026"", ""turn"": 6, ""date"": ""2026-05-08"", ""cash"": 21160000.0, ""positions"": ""[{\""stock_code\"": \""005930\"", \""quantity\"": 300, \""avg_cost\"": 262800.0, \""current_price\"": 268500.0, \""unrealized_pnl\"": 1710000.0, \""unrealized_pnl_rate\"": 0.021689497716894976}]"", ""total_value"": 101710000.0, ""realized_pnl"": 0.0, ""total_return_rate"": 0.0171, ""updated_at"": ""2026-07-15 21:37:39""}, ""recent_trades"": [{""turn"": 10, ""date"": ""2026-05-04"", ""action"": ""buy"", ""stock_code"": ""005930"", ""quantity"": 18, ""executed_price"": 232500.0, ""trade_value"": 4185000.0, ""status"": ""filled"", ""filled_quantity"": 18, ""action_reason"": ""Belief 에 따르면 장기 우상향 흐름이 유효하며 DX 조직 개편과 기술적 반등 (MA5 상회) 으로 매수 관점이 강화되었습니다. 내재가치 대비 저평가 폭이 좁아졌으나 여전히 매력적인 수준으로 판단됩니다.""}, {""turn"": 9, ""date"": ""2026-05-04"", ""action"": ""buy"", ""stock_code"": ""005930"", ""quantity"": 37, ""executed_price"": 228000.0, ""trade_value"": 8436000.0, ""status"": ""filled"", ""filled_quantity"": 37, ""action_reason"": ""PER 5.4 배 저평가 구간과 수출 호조, 기술적 반등으로 내재가치 회복이 기대되므로 매수합니다. 현금 여력이 충분하고 특정 종목 집중 투자 성향에 따라 매수 기회를 활용합니다.""}, {""turn"": 8, ""date"": ""2026-04-30"", ""action"": ""buy"", ""stock_code"": ""005930"", ""quantity"": 50, ""executed_price"": 220500.0, ""trade_value"": 11025000.0, ""status"": ""filled"", ""filled_quantity"": 50, ""action_reason"": ""PER 5.4 배의 역사적 저평가 구간과 53 조 원 영업이익 호실적으로 내재가치가 상승했으나 주가가 조정받음. 22 만 원 대는 매력적 진입점으로 판단하여 현금 여력을 활용 매수.""}]}"
chunk_010_2026-05-06_2026-05-12,2026-05-08,6,A020,"[3388, 3399, 3402, 3404, 3405]",3405,오늘 삼성전자 50주 매수했습니다,trade_share,read,[],"{""portfolio_summary"": {""state_id"": ""ps_A022_t006"", ""agent_id"": ""A022"", ""turn"": 6, ""date"": ""2026-05-08"", ""cash"": 35750000.0, ""positions"": ""[{\""stock_code\"": \""005930\"", \""quantity\"": 250, \""avg_cost\"": 261700.0, \""current_price\"": 268500.0, \""unrealized_pnl\"": 1700000.0, \""unrealized_pnl_rate\"": 0.025983951089033244}]"", ""total_value"": 102875000.0, ""realized_pnl"": 1175000.0, ""total_return_rate"": 0.02875, ""updated_at"": ""2026-07-15 21:37:39""}, ""recent_trades"": [{""turn"": 10, ""date"": ""2026-05-04"", ""action"": ""sell"", ""stock_code"": ""005930"", ""quantity"": 10, ""executed_price"": 232500.0, ""trade_value"": 2325000.0, ""status"": ""filled"", ""filled_quantity"": 10, ""action_reason"": ""현금 비중이 낮아 (15.9%) 추가 하락 시 방어 수단 부족 우려가 있으며, 금리 인상 가능성과 단기 변동성 확대 리스크를 고려하여 현금 확보를 우선시합니다. PER 5.4 배 저평가 구간이지만 금리 민감도 증가로 매력도가 다소 하락하여 수익 일부 실현을 통해 리스크 관리합니다.""}, {""turn"": 9, ""date"": ""2026-05-04"", ""action"": ""sell"", ""stock_code"": ""005930"", ""quantity"": 10, ""executed_price"": 228000.0, ""trade_value"": 2280000.0, ""status"": ""filled"", ""filled_quantity"": 10, ""action_reason"": ""노조 비용 부담으로 인한 내재가치 리스크와 현금 부족으로 추가 매수 여력이 부족하여, 리스크 관리 차원에서 일부 매도합니다.""}, {""turn"": 8, ""date"": ""2026-04-30"", ""action"": ""buy"", ""stock_code"": ""005930"", ""quantity"": 60, ""executed_price"": 220500.0, ""trade_value"": 13230000.0, ""status"": ""filled"", ""filled_quantity"": 60, ""action_reason"": ""53 조 원 영업이익 발표로 내재가치 상승, 현재가 22 만 원대는 역사적 저점 구간. 가치 투자 관점에서 매력적.""}]}"
chunk_010_2026-05-06_2026-05-12,2026-05-08,6,A026,"[3388, 3399, 3387, 3402, 3401]",3388,현재 삼성전자 투자 관점 및 리스크 요인 분석,analysis,like,"[""커뮤니티 인플루언서""]",null
chunk_010_2026-05-06_2026-05-12,2026-05-08,6,A026,"[3388, 3399, 3387, 3402, 3401]",3399,삼성전자 기술적 분석 및 매수 전략 점검,analysis,read,"[""커뮤니티 인플루언서""]",null
chunk_010_2026-05-06_2026-05-12,2026-05-08,6,A026,"[3388, 3399, 3387, 3402, 3401]",3387,오늘 삼성전자 매도 완료!,trade_share,unlike,"[""상위 수익자"", ""자산가""]",null
chunk_010_2026-05-06_2026-05-12,2026-05-08,6,A026,"[3388, 3399, 3387, 3402, 3401]",3402,오늘 삼성전자 일부 매도했습니다!,trade_share,unlike,[],null
chunk_010_2026-05-06_2026-05-12,2026-05-08,6,A026,"[3388, 3399, 3387, 3402, 3401]",3401,오늘 삼성전자 매수했습니다!,trade_share,read,[],null
chunk_010_2026-05-06_2026-05-12,2026-05-08,6,A025,"[3388, 3391, 3399, 3400, 3404]",3388,현재 삼성전자 투자 관점 및 리스크 요인 분석,analysis,like,"[""커뮤니티 인플루언서""]",null
chunk_010_2026-05-06_2026-05-12,2026-05-08,6,A025,"[3388, 3391, 3399, 3400, 3404]",3391,오늘 삼성전자 추가 매수했습니다!,trade_share,read,"[""커뮤니티 인플루언서""]",null
chunk_010_2026-05-06_2026-05-12,2026-05-08,6,A025,"[3388, 3391, 3399, 3400, 3404]",3399,삼성전자 기술적 분석 및 매수 전략 점검,analysis,like,"[""커뮤니티 인플루언서""]",null
chunk_010_2026-05-06_2026-05-12,2026-05-08,6,A025,"[3388, 3391, 3399, 3400, 3404]",3400,오늘 삼성전자 1주 매도했습니다.,trade_share,like,[],null
chunk_010_2026-05-06_2026-05-12,2026-05-08,6,A025,"[3388, 3391, 3399, 3400, 3404]",3404,오늘 삼성전자 50주 매수했습니다!,trade_share,unlike,[],null
chunk_010_2026-05-06_2026-05-12,2026-05-08,6,A027,"[3388, 3399, 3402, 3387, 3392]",3388,현재 삼성전자 투자 관점 및 리스크 요인 분석,analysis,like,"[""커뮤니티 인플루언서""]",null
chunk_010_2026-05-06_2026-05-12,2026-05-08,6,A027,"[3388, 3399, 3402, 3387, 3392]",3399,삼성전자 기술적 분석 및 매수 전략 점검,analysis,like,"[""커뮤니티 인플루언서""]",null
chunk_010_2026-05-06_2026-05-12,2026-05-08,6,A027,"[3388, 3399, 3402, 3387, 3392]",3402,오늘 삼성전자 일부 매도했습니다!,trade_share,read,[],null
chunk_010_2026-05-06_2026-05-12,2026-05-08,6,A027,"[3388, 3399, 3402, 3387, 3392]",3387,오늘 삼성전자 매도 완료!,trade_share,unlike,"[""상위 수익자"", ""자산가""]",null
chunk_010_2026-05-06_2026-05-12,2026-05-08,6,A027,"[3388, 3399, 3402, 3387, 3392]",3392,오늘 삼성전자 일부 매도했습니다.,trade_share,like,"[""커뮤니티 인플루언서""]",null
chunk_010_2026-05-06_2026-05-12,2026-05-11,8,A004,"[3412, 3415, 3406, 3414, 3420]",3412,반도체 업종의 변동성과 삼성전자 투자 전략,analysis,like,"[""상위 수익자"", ""자산가""]",null
chunk_010_2026-05-06_2026-05-12,2026-05-11,8,A004,"[3412, 3415, 3406, 3414, 3420]",3415,"파업 임박, 삼성전자 향후 전망은?",analysis,like,"[""상위 수익자"", ""자산가""]",null
chunk_010_2026-05-06_2026-05-12,2026-05-11,8,A004,"[3412, 3415, 3406, 3414, 3420]",3406,단기 리스크 관리로 삼성전자 일부 매도,trade_share,like,[],null
chunk_010_2026-05-06_2026-05-12,2026-05-11,8,A004,"[3412, 3415, 3406, 3414, 3420]",3414,[매수 인증] 삼성전자 35주 추가 매수했습니다!,trade_share,unlike,"[""상위 수익자"", ""자산가""]",null
chunk_010_2026-05-06_2026-05-12,2026-05-11,8,A004,"[3412, 3415, 3406, 3414, 3420]",3420,오늘 삼성전자 일부 매도했습니다!,trade_share,like,[],null
chunk_010_2026-05-06_2026-05-12,2026-05-11,8,A005,"[3412, 3415, 3408, 3414, 3413]",3412,반도체 업종의 변동성과 삼성전자 투자 전략,analysis,like,"[""상위 수익자"", ""자산가""]",null
chunk_010_2026-05-06_2026-05-12,2026-05-11,8,A005,"[3412, 3415, 3408, 3414, 3413]",3415,"파업 임박, 삼성전자 향후 전망은?",analysis,like,"[""상위 수익자"", ""자산가""]",null
chunk_010_2026-05-06_2026-05-12,2026-05-11,8,A005,"[3412, 3415, 3408, 3414, 3413]",3408,오늘 삼성전자 60주 매수했습니다!,trade_share,read,[],null
chunk_010_2026-05-06_2026-05-12,2026-05-11,8,A005,"[3412, 3415, 3408, 3414, 3413]",3414,[매수 인증] 삼성전자 35주 추가 매수했습니다!,trade_share,read,"[""상위 수익자"", ""자산가""]",null
chunk_010_2026-05-06_2026-05-12,2026-05-11,8,A005,"[3412, 3415, 3408, 3414, 3413]",3413,[매도] 삼성전자 50주 매도했습니다.,trade_share,unlike,"[""커뮤니티 인플루언서""]",null
chunk_010_2026-05-06_2026-05-12,2026-05-11,8,A001,"[3412, 3415, 3406, 3413, 3410]",3412,반도체 업종의 변동성과 삼성전자 투자 전략,analysis,like,"[""상위 수익자"", ""자산가""]",null
chunk_010_2026-05-06_2026-05-12,2026-05-11,8,A001,"[3412, 3415, 3406, 3413, 3410]",3415,"파업 임박, 삼성전자 향후 전망은?",analysis,like,"[""상위 수익자"", ""자산가""]",null
chunk_010_2026-05-06_2026-05-12,2026-05-11,8,A001,"[3412, 3415, 3406, 3413, 3410]",3406,단기 리스크 관리로 삼성전자 일부 매도,trade_share,like,[],null
chunk_010_2026-05-06_2026-05-12,2026-05-11,8,A001,"[3412, 3415, 3406, 3413, 3410]",3413,[매도] 삼성전자 50주 매도했습니다.,trade_share,like,"[""커뮤니티 인플루언서""]",null
chunk_010_2026-05-06_2026-05-12,2026-05-11,8,A001,"[3412, 3415, 3406, 3413, 3410]",3410,오늘 삼성전자 일부 매도했습니다.,trade_share,unlike,"[""커뮤니티 인플루언서""]",null
chunk_010_2026-05-06_2026-05-12,2026-05-11,8,A003,"[3412, 3415, 3406, 3410, 3420]",3412,반도체 업종의 변동성과 삼성전자 투자 전략,analysis,like,"[""상위 수익자"", ""자산가""]",null
chunk_010_2026-05-06_2026-05-12,2026-05-11,8,A003,"[3412, 3415, 3406, 3410, 3420]",3415,"파업 임박, 삼성전자 향후 전망은?",analysis,like,"[""상위 수익자"", ""자산가""]",null
chunk_010_2026-05-06_2026-05-12,2026-05-11,8,A003,"[3412, 3415, 3406, 3410, 3420]",3406,단기 리스크 관리로 삼성전자 일부 매도,trade_share,like,[],null
chunk_010_2026-05-06_2026-05-12,2026-05-11,8,A003,"[3412, 3415, 3406, 3410, 3420]",3410,오늘 삼성전자 일부 매도했습니다.,trade_share,read,"[""커뮤니티 인플루언서""]",null
chunk_010_2026-05-06_2026-05-12,2026-05-11,8,A003,"[3412, 3415, 3406, 3410, 3420]",3420,오늘 삼성전자 일부 매도했습니다!,trade_share,unlike,[],null
chunk_010_2026-05-06_2026-05-12,2026-05-11,8,A008,"[3406, 3415, 3413, 3410, 3414]",3406,단기 리스크 관리로 삼성전자 일부 매도,trade_share,like,[],null
chunk_010_2026-05-06_2026-05-12,2026-05-11,8,A008,"[3406, 3415, 3413, 3410, 3414]",3415,"파업 임박, 삼성전자 향후 전망은?",analysis,like,"[""상위 수익자"", ""자산가""]",null
chunk_010_2026-05-06_2026-05-12,2026-05-11,8,A008,"[3406, 3415, 3413, 3410, 3414]",3413,[매도] 삼성전자 50주 매도했습니다.,trade_share,unlike,"[""커뮤니티 인플루언서""]",null
chunk_010_2026-05-06_2026-05-12,2026-05-11,8,A008,"[3406, 3415, 3413, 3410, 3414]",3410,오늘 삼성전자 일부 매도했습니다.,trade_share,unlike,"[""커뮤니티 인플루언서""]",null
chunk_010_2026-05-06_2026-05-12,2026-05-11,8,A008,"[3406, 3415, 3413, 3410, 3414]",3414,[매수 인증] 삼성전자 35주 추가 매수했습니다!,trade_share,read,"[""상위 수익자"", ""자산가""]",null
chunk_010_2026-05-06_2026-05-12,2026-05-11,8,A006,"[3412, 3415, 3406, 3414, 3420]",3412,반도체 업종의 변동성과 삼성전자 투자 전략,analysis,like,"[""상위 수익자"", ""자산가""]",null
chunk_010_2026-05-06_2026-05-12,2026-05-11,8,A006,"[3412, 3415, 3406, 3414, 3420]",3415,"파업 임박, 삼성전자 향후 전망은?",analysis,like,"[""상위 수익자"", ""자산가""]",null
chunk_010_2026-05-06_2026-05-12,2026-05-11,8,A006,"[3412, 3415, 3406, 3414, 3420]",3406,단기 리스크 관리로 삼성전자 일부 매도,trade_share,like,[],null
chunk_010_2026-05-06_2026-05-12,2026-05-11,8,A006,"[3412, 3415, 3406, 3414, 3420]",3414,[매수 인증] 삼성전자 35주 추가 매수했습니다!,trade_share,read,"[""상위 수익자"", ""자산가""]",null
chunk_010_2026-05-06_2026-05-12,2026-05-11,8,A006,"[3412, 3415, 3406, 3414, 3420]",3420,오늘 삼성전자 일부 매도했습니다!,trade_share,like,[],null
chunk_010_2026-05-06_2026-05-12,2026-05-11,8,A010,"[3406, 3412, 3415, 3409, 3410]",3406,단기 리스크 관리로 삼성전자 일부 매도,trade_share,like,[],null
chunk_010_2026-05-06_2026-05-12,2026-05-11,8,A010,"[3406, 3412, 3415, 3409, 3410]",3412,반도체 업종의 변동성과 삼성전자 투자 전략,analysis,read,"[""상위 수익자"", ""자산가""]",null
chunk_010_2026-05-06_2026-05-12,2026-05-11,8,A010,"[3406, 3412, 3415, 3409, 3410]",3415,"파업 임박, 삼성전자 향후 전망은?",analysis,like,"[""상위 수익자"", ""자산가""]",null
chunk_010_2026-05-06_2026-05-12,2026-05-11,8,A010,"[3406, 3412, 3415, 3409, 3410]",3409,오늘 삼성전자 일부 매도했습니다.,trade_share,like,"[""커뮤니티 인플루언서""]",null
chunk_010_2026-05-06_2026-05-12,2026-05-11,8,A010,"[3406, 3412, 3415, 3409, 3410]",3410,오늘 삼성전자 일부 매도했습니다.,trade_share,unlike,"[""커뮤니티 인플루언서""]",null
chunk_010_2026-05-06_2026-05-12,2026-05-11,8,A007,"[3406, 3412, 3415, 3407, 3419]",3406,단기 리스크 관리로 삼성전자 일부 매도,trade_share,like,[],"{""portfolio_summary"": {""state_id"": ""ps_A005_t008"", ""agent_id"": ""A005"", ""turn"": 8, ""date"": ""2026-05-11"", ""cash"": 64660000.0, ""positions"": ""[{\""stock_code\"": \""005930\"", \""quantity\"": 140, \""avg_cost\"": 264599.5475113122, \""current_price\"": 285500.0, \""unrealized_pnl\"": 2926063.348416295, \""unrealized_pnl_rate\"": 0.07898899557942096}]"", ""total_value"": 104630000.0, ""realized_pnl"": 1703936.6515837116, ""total_return_rate"": 0.0463, ""updated_at"": ""2026-07-15 22:18:25""}, ""recent_trades"": [{""turn"": 10, ""date"": ""2026-05-04"", ""action"": ""sell"", ""stock_code"": ""005930"", ""quantity"": 10, ""executed_price"": 232500.0, ""trade_value"": 2325000.0, ""status"": ""filled"", ""filled_quantity"": 10, ""action_reason"": ""금리 인상 우려로 단기 변동성 예상 및 현금 부족으로 인한 방어력 한계 고려, 수익 일부 실현하여 현금 확보.""}, {""turn"": 9, ""date"": ""2026-05-04"", ""action"": ""buy"", ""stock_code"": ""005930"", ""quantity"": 12, ""executed_price"": 228000.0, ""trade_value"": 2736000.0, ""status"": ""filled"", ""filled_quantity"": 12, ""action_reason"": ""PER 5.4 배 저평가 및 수출 실적 호조로 가치 투자 관점에서 매수 기회로 판단. 현금 비중이 낮아 최대 매수 수량 범위 내에서 제한적으로 매수.""}, {""turn"": 8, ""date"": ""2026-05-11"", ""action"": ""sell"", ""stock_code"": ""005930"", ""quantity"": 30, ""executed_price"": 285500.0, ""trade_value"": 8565000.0, ""status"": ""filled"", ""filled_quantity"": 30, ""action_reason"": ""5 월 21 일 파업 임박으로 단기 변동성 리스크가 커짐에 따라, 수익 구간에서 일부 매도로 리스크 노출을 줄이고 현금 방어력을 확보합니다.""}]}"
chunk_010_2026-05-06_2026-05-12,2026-05-11,8,A007,"[3406, 3412, 3415, 3407, 3419]",3412,반도체 업종의 변동성과 삼성전자 투자 전략,analysis,read,"[""상위 수익자"", ""자산가""]","{""portfolio_summary"": {""state_id"": ""ps_A008_t008"", ""agent_id"": ""A008"", ""turn"": 8, ""date"": ""2026-05-11"", ""cash"": 1186500.0, ""positions"": ""[{\""stock_code\"": \""005930\"", \""quantity\"": 378, \""avg_cost\"": 261411.37566137567, \""current_price\"": 285500.0, \""unrealized_pnl\"": 9105499.999999996, \""unrealized_pnl_rate\"": 0.09214834005474956}]"", ""total_value"": 109105500.0, ""realized_pnl"": 0.0, ""total_return_rate"": 0.091055, ""updated_at"": ""2026-07-15 22:18:25""}, ""recent_trades"": [{""turn"": 10, ""date"": ""2026-05-04"", ""action"": ""buy"", ""stock_code"": ""005930"", ""quantity"": 10, ""executed_price"": 232500.0, ""trade_value"": 2325000.0, ""status"": ""filled"", ""filled_quantity"": 10, ""action_reason"": ""기술적 돌파와 섹터 모멘텀에 따른 추세 추종 전략을 유지하되, 단기 과열 신호를 고려해 최대 수량 대비 절반 수준으로 제한적으로 매수합니다.""}, {""turn"": 9, ""date"": ""2026-05-04"", ""action"": ""buy"", ""stock_code"": ""005930"", ""quantity"": 40, ""executed_price"": 228000.0, ""trade_value"": 9120000.0, ""status"": ""filled"", ""filled_quantity"": 40, ""action_reason"": ""수출 호조와 AI 수요로 상승 추세가 명확해졌으며, 기술적 돌파 신호가 확인되었습니다. 현재가가 평균 매수 단가를 상회하여 수익 구간 진입으로 추세를 따라 매수 확대가 유리합니다.""}, {""turn"": 8, ""date"": ""2026-05-11"", ""action"": ""buy"", ""stock_code"": ""005930"", ""quantity"": 3, ""executed_price"": 285500.0, ""trade_value"": 856500.0, ""status"": ""filled"", ""filled_quantity"": 3, ""action_reason"": ""강세 모멘텀 (기관 매수, MA5 상회) 과 고위험 선호 성향을 반영하여 제한된 현금으로 최대 수량 매수. 다만 뉴스 리스크 (노사 분쟁) 를 인지함.""}]}"
chunk_010_2026-05-06_2026-05-12,2026-05-11,8,A007,"[3406, 3412, 3415, 3407, 3419]",3415,"파업 임박, 삼성전자 향후 전망은?",analysis,like,"[""상위 수익자"", ""자산가""]","{""portfolio_summary"": {""state_id"": ""ps_A011_t008"", ""agent_id"": ""A011"", ""turn"": 8, ""date"": ""2026-05-11"", ""cash"": 1156500.0, ""positions"": ""[{\""stock_code\"": \""005930\"", \""quantity\"": 379, \""avg_cost\"": 260865.7894736842, \""current_price\"": 285500.0, \""unrealized_pnl\"": 9336365.789473683, \""unrealized_pnl_rate\"": 0.09443250713716468}]"", ""total_value"": 109361000.0, ""realized_pnl"": 24634.210526315786, ""total_return_rate"": 0.09361, ""updated_at"": ""2026-07-15 22:18:25""}, ""recent_trades"": [{""turn"": 10, ""date"": ""2026-05-04"", ""action"": ""buy"", ""stock_code"": ""005930"", ""quantity"": 1, ""executed_price"": 232500.0, ""trade_value"": 232500.0, ""status"": ""filled"", ""filled_quantity"": 1, ""action_reason"": ""Belief summary indicates trend remains despite valuation concerns. High risk preference supports maintaining position. Concentration trait aligns with adding to position.""}, {""turn"": 9, ""date"": ""2026-05-04"", ""action"": ""buy"", ""stock_code"": ""005930"", ""quantity"": 3, ""executed_price"": 228000.0, ""trade_value"": 684000.0, ""status"": ""filled"", ""filled_quantity"": 3, ""action_reason"": ""PER 5.4 배 저평가 구간이며 반도체 슈퍼사이클과 수출 호조로 펀더멘털이 강세. 고위험 고수익 성향에 따라 단기 변동성에도 매수 기회로 판단.""}, {""turn"": 8, ""date"": ""2026-05-11"", ""action"": ""sell"", ""stock_code"": ""005930"", ""quantity"": 1, ""executed_price"": 285500.0, ""trade_value"": 285500.0, ""status"": ""filled"", ""filled_quantity"": 1, ""action_reason"": ""5 월 21 일 파업 임박으로 단기 변동성 확대 우려가 현실화되었고, 현재 현금 비중이 0.8% 로 방어 여력이 부족합니다. 고위험 성향이지만 집중 투자 리스크를 고려해 소량 매도로 현금 유동성을 확보합니다.""}]}"
chunk_010_2026-05-06_2026-05-12,2026-05-11,8,A007,"[3406, 3412, 3415, 3407, 3419]",3407,오늘 삼성전자 일부 매도했습니다.,trade_share,like,"[""상위 수익자"", ""자산가""]","{""portfolio_summary"": {""state_id"": ""ps_A003_t008"", ""agent_id"": ""A003"", ""turn"": 8, ""date"": ""2026-05-11"", ""cash"": 30053500.0, ""positions"": ""[{\""stock_code\"": \""005930\"", \""quantity\"": 276, \""avg_cost\"": 259763.2398753894, \""current_price\"": 285500.0, \""unrealized_pnl\"": 7103345.794392523, \""unrealized_pnl_rate\"": 0.09907776072148135}]"", ""total_value"": 108851500.0, ""realized_pnl"": 1748154.2056074766, ""total_return_rate"": 0.088515, ""updated_at"": ""2026-07-15 22:18:25""}, ""recent_trades"": [{""turn"": 10, ""date"": ""2026-05-04"", ""action"": ""buy"", ""stock_code"": ""005930"", ""quantity"": 1, ""executed_price"": 232500.0, ""trade_value"": 232500.0, ""status"": ""filled"", ""filled_quantity"": 1, ""action_reason"": ""반도체 업황 회복과 내재가치 저평가 판단 (뉴스/시장) 에 따라 매수 기회 유지. 다만 현금 부족 (포트폴리오) 으로 최소 수량인 1 주로 제한적 매수.""}, {""turn"": 9, ""date"": ""2026-05-04"", ""action"": ""buy"", ""stock_code"": ""005930"", ""quantity"": 11, ""executed_price"": 228000.0, ""trade_value"": 2508000.0, ""status"": ""filled"", ""filled_quantity"": 11, ""action_reason"": ""PER 5.4 배 저평가 및 AI 슈퍼사이클 지속으로 내재가치 상승 기대가 명확함. 현금 잔고 부족으로 매수 여력은 제한적이지만, 가치 투자 원칙에 따라 최대 한도 내에서 추가 매수하여 수익 확대를 도모함.""}, {""turn"": 8, ""date"": ""2026-05-11"", ""action"": ""sell"", ""stock_code"": ""005930"", ""quantity"": 35, ""executed_price"": 285500.0, ""trade_value"": 9992500.0, ""status"": ""filled"", ""filled_quantity"": 35, ""action_reason"": ""21 일 파업 임박으로 단기 변동성 확대 우려가 있으며, 오늘 6% 급등으로 밸류에이션 부담이 발생함. 수익 실현을 통해 현금 유동성을 확보하고 단일 종목 집중 리스크를 완화해야 함.""}]}"
chunk_010_2026-05-06_2026-05-12,2026-05-11,8,A007,"[3406, 3412, 3415, 3407, 3419]",3419,오늘 삼성전자 50주 매수했습니다!,trade_share,unlike,[],"{""portfolio_summary"": {""state_id"": ""ps_A014_t008"", ""agent_id"": ""A014"", ""turn"": 8, ""date"": ""2026-05-11"", ""cash"": 49800000.0, ""positions"": ""[{\""stock_code\"": \""005930\"", \""quantity\"": 190, \""avg_cost\"": 270234.33583959896, \""current_price\"": 285500.0, \""unrealized_pnl\"": 2900476.190476197, \""unrealized_pnl_rate\"": 0.0564904682188949}]"", ""total_value"": 104045000.0, ""realized_pnl"": 1144523.8095238106, ""total_return_rate"": 0.04045, ""updated_at"": ""2026-07-15 22:18:25""}, ""recent_trades"": [{""turn"": 10, ""date"": ""2026-05-04"", ""action"": ""sell"", ""stock_code"": ""005930"", ""quantity"": 40, ""executed_price"": 232500.0, ""trade_value"": 9300000.0, ""status"": ""filled"", ""filled_quantity"": 40, ""action_reason"": ""기술적 상승 신호와 뉴스 악재가 공존하나, 낮은 신뢰도와 수익 구간에서 리스크 관리 차원에서 일부 매도합니다.""}, {""turn"": 9, ""date"": ""2026-05-04"", ""action"": ""buy"", ""stock_code"": ""005930"", ""quantity"": 50, ""executed_price"": 228000.0, ""trade_value"": 11400000.0, ""status"": ""filled"", ""filled_quantity"": 50, ""action_reason"": ""MA5(222,500 원) 돌파와 수출 호조 (319 억 달러) 로 상승 모멘텀이 명확함. 기술적 신호를 신뢰하여 추가 매수.""}, {""turn"": 8, ""date"": ""2026-05-11"", ""action"": ""buy"", ""stock_code"": ""005930"", ""quantity"": 50, ""executed_price"": 285500.0, ""trade_value"": 14275000.0, ""status"": ""filled"", ""filled_quantity"": 50, ""action_reason"": ""기술적 지표 (MA5, MA20 상승, 거래량 동반 증가) 로 상승 추세 지속 확인. 수익 구간에서 보유 전략 (Disposition Effect) 에 따라 추격 매수 결정. 뉴스 부재로 기술적 요인 위주 판단.""}]}"
chunk_010_2026-05-06_2026-05-12,2026-05-11,8,A012,"[3406, 3412, 3415, 3408, 3413]",3406,단기 리스크 관리로 삼성전자 일부 매도,trade_share,like,[],null
chunk_010_2026-05-06_2026-05-12,2026-05-11,8,A012,"[3406, 3412, 3415, 3408, 3413]",3412,반도체 업종의 변동성과 삼성전자 투자 전략,analysis,read,"[""상위 수익자"", ""자산가""]",null
chunk_010_2026-05-06_2026-05-12,2026-05-11,8,A012,"[3406, 3412, 3415, 3408, 3413]",3415,"파업 임박, 삼성전자 향후 전망은?",analysis,like,"[""상위 수익자"", ""자산가""]",null
chunk_010_2026-05-06_2026-05-12,2026-05-11,8,A012,"[3406, 3412, 3415, 3408, 3413]",3408,오늘 삼성전자 60주 매수했습니다!,trade_share,unlike,[],null
chunk_010_2026-05-06_2026-05-12,2026-05-11,8,A012,"[3406, 3412, 3415, 3408, 3413]",3413,[매도] 삼성전자 50주 매도했습니다.,trade_share,like,"[""커뮤니티 인플루언서""]",null
chunk_010_2026-05-06_2026-05-12,2026-05-11,8,A011,"[3406, 3412, 3413, 3420, 3423]",3406,단기 리스크 관리로 삼성전자 일부 매도,trade_share,like,[],null
chunk_010_2026-05-06_2026-05-12,2026-05-11,8,A011,"[3406, 3412, 3413, 3420, 3423]",3412,반도체 업종의 변동성과 삼성전자 투자 전략,analysis,read,"[""상위 수익자"", ""자산가""]",null
chunk_010_2026-05-06_2026-05-12,2026-05-11,8,A011,"[3406, 3412, 3413, 3420, 3423]",3413,[매도] 삼성전자 50주 매도했습니다.,trade_share,like,"[""커뮤니티 인플루언서""]",null
chunk_010_2026-05-06_2026-05-12,2026-05-11,8,A011,"[3406, 3412, 3413, 3420, 3423]",3420,오늘 삼성전자 일부 매도했습니다!,trade_share,like,[],null
chunk_010_2026-05-06_2026-05-12,2026-05-11,8,A011,"[3406, 3412, 3413, 3420, 3423]",3423,[매도] 삼성전자 20주 처분했습니다!,trade_share,unlike,[],null
chunk_010_2026-05-06_2026-05-12,2026-05-11,8,A013,"[3406, 3412, 3415, 3408, 3413]",3406,단기 리스크 관리로 삼성전자 일부 매도,trade_share,like,[],null
chunk_010_2026-05-06_2026-05-12,2026-05-11,8,A013,"[3406, 3412, 3415, 3408, 3413]",3412,반도체 업종의 변동성과 삼성전자 투자 전략,analysis,read,"[""상위 수익자"", ""자산가""]",null
chunk_010_2026-05-06_2026-05-12,2026-05-11,8,A013,"[3406, 3412, 3415, 3408, 3413]",3415,"파업 임박, 삼성전자 향후 전망은?",analysis,like,"[""상위 수익자"", ""자산가""]",null
chunk_010_2026-05-06_2026-05-12,2026-05-11,8,A013,"[3406, 3412, 3415, 3408, 3413]",3408,오늘 삼성전자 60주 매수했습니다!,trade_share,unlike,[],null
chunk_010_2026-05-06_2026-05-12,2026-05-11,8,A013,"[3406, 3412, 3415, 3408, 3413]",3413,[매도] 삼성전자 50주 매도했습니다.,trade_share,like,"[""커뮤니티 인플루언서""]",null
chunk_010_2026-05-06_2026-05-12,2026-05-11,8,A014,"[3406, 3412, 3415, 3408, 3413]",3406,단기 리스크 관리로 삼성전자 일부 매도,trade_share,like,[],null
chunk_010_2026-05-06_2026-05-12,2026-05-11,8,A014,"[3406, 3412, 3415, 3408, 3413]",3412,반도체 업종의 변동성과 삼성전자 투자 전략,analysis,read,"[""상위 수익자"", ""자산가""]",null
chunk_010_2026-05-06_2026-05-12,2026-05-11,8,A014,"[3406, 3412, 3415, 3408, 3413]",3415,"파업 임박, 삼성전자 향후 전망은?",analysis,like,"[""상위 수익자"", ""자산가""]",null
chunk_010_2026-05-06_2026-05-12,2026-05-11,8,A014,"[3406, 3412, 3415, 3408, 3413]",3408,오늘 삼성전자 60주 매수했습니다!,trade_share,unlike,[],null
chunk_010_2026-05-06_2026-05-12,2026-05-11,8,A014,"[3406, 3412, 3415, 3408, 3413]",3413,[매도] 삼성전자 50주 매도했습니다.,trade_share,like,"[""커뮤니티 인플루언서""]",null
chunk_010_2026-05-06_2026-05-12,2026-05-11,8,A015,"[3406, 3412, 3415, 3409, 3413]",3406,단기 리스크 관리로 삼성전자 일부 매도,trade_share,like,[],"{""portfolio_summary"": {""state_id"": ""ps_A005_t008"", ""agent_id"": ""A005"", ""turn"": 8, ""date"": ""2026-05-11"", ""cash"": 64660000.0, ""positions"": ""[{\""stock_code\"": \""005930\"", \""quantity\"": 140, \""avg_cost\"": 264599.5475113122, \""current_price\"": 285500.0, \""unrealized_pnl\"": 2926063.348416295, \""unrealized_pnl_rate\"": 0.07898899557942096}]"", ""total_value"": 104630000.0, ""realized_pnl"": 1703936.6515837116, ""total_return_rate"": 0.0463, ""updated_at"": ""2026-07-15 22:18:25""}, ""recent_trades"": [{""turn"": 10, ""date"": ""2026-05-04"", ""action"": ""sell"", ""stock_code"": ""005930"", ""quantity"": 10, ""executed_price"": 232500.0, ""trade_value"": 2325000.0, ""status"": ""filled"", ""filled_quantity"": 10, ""action_reason"": ""금리 인상 우려로 단기 변동성 예상 및 현금 부족으로 인한 방어력 한계 고려, 수익 일부 실현하여 현금 확보.""}, {""turn"": 9, ""date"": ""2026-05-04"", ""action"": ""buy"", ""stock_code"": ""005930"", ""quantity"": 12, ""executed_price"": 228000.0, ""trade_value"": 2736000.0, ""status"": ""filled"", ""filled_quantity"": 12, ""action_reason"": ""PER 5.4 배 저평가 및 수출 실적 호조로 가치 투자 관점에서 매수 기회로 판단. 현금 비중이 낮아 최대 매수 수량 범위 내에서 제한적으로 매수.""}, {""turn"": 8, ""date"": ""2026-05-11"", ""action"": ""sell"", ""stock_code"": ""005930"", ""quantity"": 30, ""executed_price"": 285500.0, ""trade_value"": 8565000.0, ""status"": ""filled"", ""filled_quantity"": 30, ""action_reason"": ""5 월 21 일 파업 임박으로 단기 변동성 리스크가 커짐에 따라, 수익 구간에서 일부 매도로 리스크 노출을 줄이고 현금 방어력을 확보합니다.""}]}"
chunk_010_2026-05-06_2026-05-12,2026-05-11,8,A015,"[3406, 3412, 3415, 3409, 3413]",3412,반도체 업종의 변동성과 삼성전자 투자 전략,analysis,read,"[""상위 수익자"", ""자산가""]","{""portfolio_summary"": {""state_id"": ""ps_A008_t008"", ""agent_id"": ""A008"", ""turn"": 8, ""date"": ""2026-05-11"", ""cash"": 1186500.0, ""positions"": ""[{\""stock_code\"": \""005930\"", \""quantity\"": 378, \""avg_cost\"": 261411.37566137567, \""current_price\"": 285500.0, \""unrealized_pnl\"": 9105499.999999996, \""unrealized_pnl_rate\"": 0.09214834005474956}]"", ""total_value"": 109105500.0, ""realized_pnl"": 0.0, ""total_return_rate"": 0.091055, ""updated_at"": ""2026-07-15 22:18:25""}, ""recent_trades"": [{""turn"": 10, ""date"": ""2026-05-04"", ""action"": ""buy"", ""stock_code"": ""005930"", ""quantity"": 10, ""executed_price"": 232500.0, ""trade_value"": 2325000.0, ""status"": ""filled"", ""filled_quantity"": 10, ""action_reason"": ""기술적 돌파와 섹터 모멘텀에 따른 추세 추종 전략을 유지하되, 단기 과열 신호를 고려해 최대 수량 대비 절반 수준으로 제한적으로 매수합니다.""}, {""turn"": 9, ""date"": ""2026-05-04"", ""action"": ""buy"", ""stock_code"": ""005930"", ""quantity"": 40, ""executed_price"": 228000.0, ""trade_value"": 9120000.0, ""status"": ""filled"", ""filled_quantity"": 40, ""action_reason"": ""수출 호조와 AI 수요로 상승 추세가 명확해졌으며, 기술적 돌파 신호가 확인되었습니다. 현재가가 평균 매수 단가를 상회하여 수익 구간 진입으로 추세를 따라 매수 확대가 유리합니다.""}, {""turn"": 8, ""date"": ""2026-05-11"", ""action"": ""buy"", ""stock_code"": ""005930"", ""quantity"": 3, ""executed_price"": 285500.0, ""trade_value"": 856500.0, ""status"": ""filled"", ""filled_quantity"": 3, ""action_reason"": ""강세 모멘텀 (기관 매수, MA5 상회) 과 고위험 선호 성향을 반영하여 제한된 현금으로 최대 수량 매수. 다만 뉴스 리스크 (노사 분쟁) 를 인지함.""}]}"
chunk_010_2026-05-06_2026-05-12,2026-05-11,8,A015,"[3406, 3412, 3415, 3409, 3413]",3415,"파업 임박, 삼성전자 향후 전망은?",analysis,like,"[""상위 수익자"", ""자산가""]","{""portfolio_summary"": {""state_id"": ""ps_A011_t008"", ""agent_id"": ""A011"", ""turn"": 8, ""date"": ""2026-05-11"", ""cash"": 1156500.0, ""positions"": ""[{\""stock_code\"": \""005930\"", \""quantity\"": 379, \""avg_cost\"": 260865.7894736842, \""current_price\"": 285500.0, \""unrealized_pnl\"": 9336365.789473683, \""unrealized_pnl_rate\"": 0.09443250713716468}]"", ""total_value"": 109361000.0, ""realized_pnl"": 24634.210526315786, ""total_return_rate"": 0.09361, ""updated_at"": ""2026-07-15 22:18:25""}, ""recent_trades"": [{""turn"": 10, ""date"": ""2026-05-04"", ""action"": ""buy"", ""stock_code"": ""005930"", ""quantity"": 1, ""executed_price"": 232500.0, ""trade_value"": 232500.0, ""status"": ""filled"", ""filled_quantity"": 1, ""action_reason"": ""Belief summary indicates trend remains despite valuation concerns. High risk preference supports maintaining position. Concentration trait aligns with adding to position.""}, {""turn"": 9, ""date"": ""2026-05-04"", ""action"": ""buy"", ""stock_code"": ""005930"", ""quantity"": 3, ""executed_price"": 228000.0, ""trade_value"": 684000.0, ""status"": ""filled"", ""filled_quantity"": 3, ""action_reason"": ""PER 5.4 배 저평가 구간이며 반도체 슈퍼사이클과 수출 호조로 펀더멘털이 강세. 고위험 고수익 성향에 따라 단기 변동성에도 매수 기회로 판단.""}, {""turn"": 8, ""date"": ""2026-05-11"", ""action"": ""sell"", ""stock_code"": ""005930"", ""quantity"": 1, ""executed_price"": 285500.0, ""trade_value"": 285500.0, ""status"": ""filled"", ""filled_quantity"": 1, ""action_reason"": ""5 월 21 일 파업 임박으로 단기 변동성 확대 우려가 현실화되었고, 현재 현금 비중이 0.8% 로 방어 여력이 부족합니다. 고위험 성향이지만 집중 투자 리스크를 고려해 소량 매도로 현금 유동성을 확보합니다.""}]}"
chunk_010_2026-05-06_2026-05-12,2026-05-11,8,A015,"[3406, 3412, 3415, 3409, 3413]",3409,오늘 삼성전자 일부 매도했습니다.,trade_share,like,"[""커뮤니티 인플루언서""]","{""portfolio_summary"": {""state_id"": ""ps_A001_t008"", ""agent_id"": ""A001"", ""turn"": 8, ""date"": ""2026-05-11"", ""cash"": 65561500.0, ""positions"": ""[{\""stock_code\"": \""005930\"", \""quantity\"": 139, \""avg_cost\"": 262303.2924777698, \""current_price\"": 285500.0, \""unrealized_pnl\"": 3224342.345590001, \""unrealized_pnl_rate\"": 0.08843467919563437}]"", ""total_value"": 105246000.0, ""realized_pnl"": 2021657.6544099974, ""total_return_rate"": 0.05246, ""updated_at"": ""2026-07-15 22:18:25""}, ""recent_trades"": [{""turn"": 10, ""date"": ""2026-05-04"", ""action"": ""buy"", ""stock_code"": ""005930"", ""quantity"": 80, ""executed_price"": 232500.0, ""trade_value"": 18600000.0, ""status"": ""filled"", ""filled_quantity"": 80, ""action_reason"": ""PER 5.4 배 저평가 지표 유효 및 반도체 업황 회복세에 따른 매수 기회로 판단하여 현금 비중 활용.""}, {""turn"": 9, ""date"": ""2026-05-04"", ""action"": ""sell"", ""stock_code"": ""005930"", ""quantity"": 50, ""executed_price"": 228000.0, ""trade_value"": 11400000.0, ""status"": ""filled"", ""filled_quantity"": 50, ""action_reason"": ""노조 파업 및 R&D 예산 축소 우려로 안정성 리스크가 존재하며, 집중 투자 리스크 감소를 위해 일부 매도합니다.""}, {""turn"": 8, ""date"": ""2026-05-11"", ""action"": ""sell"", ""stock_code"": ""005930"", ""quantity"": 50, ""executed_price"": 285500.0, ""trade_value"": 14275000.0, ""status"": ""filled"", ""filled_quantity"": 50, ""action_reason"": ""5 월 21 일 노사 파업 임박으로 인한 변동성 우려가 크며, 현재 수익 구간에서 일부 수익 실현을 통해 리스크를 관리합니다.""}]}"
chunk_010_2026-05-06_2026-05-12,2026-05-11,8,A015,"[3406, 3412, 3415, 3409, 3413]",3413,[매도] 삼성전자 50주 매도했습니다.,trade_share,unlike,"[""커뮤니티 인플루언서""]","{""portfolio_summary"": {""state_id"": ""ps_A007_t008"", ""agent_id"": ""A007"", ""turn"": 8, ""date"": ""2026-05-11"", ""cash"": 77010000.0, ""positions"": ""[{\""stock_code\"": \""005930\"", \""quantity\"": 100, \""avg_cost\"": 262060.0, \""current_price\"": 285500.0, \""unrealized_pnl\"": 2344000.0, \""unrealized_pnl_rate\"": 0.08944516522933679}]"", ""total_value"": 105560000.0, ""realized_pnl"": 3216000.0, ""total_return_rate"": 0.0556, ""updated_at"": ""2026-07-15 22:18:25""}, ""recent_trades"": [{""turn"": 10, ""date"": ""2026-05-04"", ""action"": ""sell"", ""stock_code"": ""005930"", ""quantity"": 20, ""executed_price"": 232500.0, ""trade_value"": 4650000.0, ""status"": ""filled"", ""filled_quantity"": 20, ""action_reason"": ""단기 급등 (5.44%) 과 거시 불확실성으로 인한 밸류에이션 부담을 고려하여, 수익 일부 실현을 통해 리스크를 관리합니다. 현재 현금 비중이 높아 추가 매수 여력은 있으나, 내재가치 검증이 필요하여 매도 우선순위를 높입니다.""}, {""turn"": 9, ""date"": ""2026-05-04"", ""action"": ""sell"", ""stock_code"": ""005930"", ""quantity"": 20, ""executed_price"": 228000.0, ""trade_value"": 4560000.0, ""status"": ""filled"", ""filled_quantity"": 20, ""action_reason"": ""노조 파업 시작일 확정으로 단기 변동성 우려가 크며, 안정적 자산 선호 성향에 따라 현재 주가는 리스크 할인이 필요해 매수보다는 리스크 관리가 우선입니다.""}, {""turn"": 8, ""date"": ""2026-05-11"", ""action"": ""sell"", ""stock_code"": ""005930"", ""quantity"": 50, ""executed_price"": 285500.0, ""trade_value"": 14275000.0, ""status"": ""filled"", ""filled_quantity"": 50, ""action_reason"": ""노사 파업으로 인한 40 조 원 손실 리스크와 단기 급등 (+6.33%) 에 따른 조정 가능성을 고려하여 수익 실현을 우선시합니다. PE 5.2 배의 저평가 매력은 있으나, 불확실성 해소 전까지는 안정적 자산 선호 성향에 따라 위험 노출을 줄입니다.""}]}"
chunk_010_2026-05-06_2026-05-12,2026-05-11,8,A020,"[3406, 3412, 3415, 3408, 3413]",3406,단기 리스크 관리로 삼성전자 일부 매도,trade_share,like,[],"{""portfolio_summary"": {""state_id"": ""ps_A005_t008"", ""agent_id"": ""A005"", ""turn"": 8, ""date"": ""2026-05-11"", ""cash"": 64660000.0, ""positions"": ""[{\""stock_code\"": \""005930\"", \""quantity\"": 140, \""avg_cost\"": 264599.5475113122, \""current_price\"": 285500.0, \""unrealized_pnl\"": 2926063.348416295, \""unrealized_pnl_rate\"": 0.07898899557942096}]"", ""total_value"": 104630000.0, ""realized_pnl"": 1703936.6515837116, ""total_return_rate"": 0.0463, ""updated_at"": ""2026-07-15 22:18:25""}, ""recent_trades"": [{""turn"": 10, ""date"": ""2026-05-04"", ""action"": ""sell"", ""stock_code"": ""005930"", ""quantity"": 10, ""executed_price"": 232500.0, ""trade_value"": 2325000.0, ""status"": ""filled"", ""filled_quantity"": 10, ""action_reason"": ""금리 인상 우려로 단기 변동성 예상 및 현금 부족으로 인한 방어력 한계 고려, 수익 일부 실현하여 현금 확보.""}, {""turn"": 9, ""date"": ""2026-05-04"", ""action"": ""buy"", ""stock_code"": ""005930"", ""quantity"": 12, ""executed_price"": 228000.0, ""trade_value"": 2736000.0, ""status"": ""filled"", ""filled_quantity"": 12, ""action_reason"": ""PER 5.4 배 저평가 및 수출 실적 호조로 가치 투자 관점에서 매수 기회로 판단. 현금 비중이 낮아 최대 매수 수량 범위 내에서 제한적으로 매수.""}, {""turn"": 8, ""date"": ""2026-05-11"", ""action"": ""sell"", ""stock_code"": ""005930"", ""quantity"": 30, ""executed_price"": 285500.0, ""trade_value"": 8565000.0, ""status"": ""filled"", ""filled_quantity"": 30, ""action_reason"": ""5 월 21 일 파업 임박으로 단기 변동성 리스크가 커짐에 따라, 수익 구간에서 일부 매도로 리스크 노출을 줄이고 현금 방어력을 확보합니다.""}]}"
chunk_010_2026-05-06_2026-05-12,2026-05-11,8,A020,"[3406, 3412, 3415, 3408, 3413]",3412,반도체 업종의 변동성과 삼성전자 투자 전략,analysis,read,"[""상위 수익자"", ""자산가""]","{""portfolio_summary"": {""state_id"": ""ps_A008_t008"", ""agent_id"": ""A008"", ""turn"": 8, ""date"": ""2026-05-11"", ""cash"": 1186500.0, ""positions"": ""[{\""stock_code\"": \""005930\"", \""quantity\"": 378, \""avg_cost\"": 261411.37566137567, \""current_price\"": 285500.0, \""unrealized_pnl\"": 9105499.999999996, \""unrealized_pnl_rate\"": 0.09214834005474956}]"", ""total_value"": 109105500.0, ""realized_pnl"": 0.0, ""total_return_rate"": 0.091055, ""updated_at"": ""2026-07-15 22:18:25""}, ""recent_trades"": [{""turn"": 10, ""date"": ""2026-05-04"", ""action"": ""buy"", ""stock_code"": ""005930"", ""quantity"": 10, ""executed_price"": 232500.0, ""trade_value"": 2325000.0, ""status"": ""filled"", ""filled_quantity"": 10, ""action_reason"": ""기술적 돌파와 섹터 모멘텀에 따른 추세 추종 전략을 유지하되, 단기 과열 신호를 고려해 최대 수량 대비 절반 수준으로 제한적으로 매수합니다.""}, {""turn"": 9, ""date"": ""2026-05-04"", ""action"": ""buy"", ""stock_code"": ""005930"", ""quantity"": 40, ""executed_price"": 228000.0, ""trade_value"": 9120000.0, ""status"": ""filled"", ""filled_quantity"": 40, ""action_reason"": ""수출 호조와 AI 수요로 상승 추세가 명확해졌으며, 기술적 돌파 신호가 확인되었습니다. 현재가가 평균 매수 단가를 상회하여 수익 구간 진입으로 추세를 따라 매수 확대가 유리합니다.""}, {""turn"": 8, ""date"": ""2026-05-11"", ""action"": ""buy"", ""stock_code"": ""005930"", ""quantity"": 3, ""executed_price"": 285500.0, ""trade_value"": 856500.0, ""status"": ""filled"", ""filled_quantity"": 3, ""action_reason"": ""강세 모멘텀 (기관 매수, MA5 상회) 과 고위험 선호 성향을 반영하여 제한된 현금으로 최대 수량 매수. 다만 뉴스 리스크 (노사 분쟁) 를 인지함.""}]}"
chunk_010_2026-05-06_2026-05-12,2026-05-11,8,A020,"[3406, 3412, 3415, 3408, 3413]",3415,"파업 임박, 삼성전자 향후 전망은?",analysis,like,"[""상위 수익자"", ""자산가""]","{""portfolio_summary"": {""state_id"": ""ps_A011_t008"", ""agent_id"": ""A011"", ""turn"": 8, ""date"": ""2026-05-11"", ""cash"": 1156500.0, ""positions"": ""[{\""stock_code\"": \""005930\"", \""quantity\"": 379, \""avg_cost\"": 260865.7894736842, \""current_price\"": 285500.0, \""unrealized_pnl\"": 9336365.789473683, \""unrealized_pnl_rate\"": 0.09443250713716468}]"", ""total_value"": 109361000.0, ""realized_pnl"": 24634.210526315786, ""total_return_rate"": 0.09361, ""updated_at"": ""2026-07-15 22:18:25""}, ""recent_trades"": [{""turn"": 10, ""date"": ""2026-05-04"", ""action"": ""buy"", ""stock_code"": ""005930"", ""quantity"": 1, ""executed_price"": 232500.0, ""trade_value"": 232500.0, ""status"": ""filled"", ""filled_quantity"": 1, ""action_reason"": ""Belief summary indicates trend remains despite valuation concerns. High risk preference supports maintaining position. Concentration trait aligns with adding to position.""}, {""turn"": 9, ""date"": ""2026-05-04"", ""action"": ""buy"", ""stock_code"": ""005930"", ""quantity"": 3, ""executed_price"": 228000.0, ""trade_value"": 684000.0, ""status"": ""filled"", ""filled_quantity"": 3, ""action_reason"": ""PER 5.4 배 저평가 구간이며 반도체 슈퍼사이클과 수출 호조로 펀더멘털이 강세. 고위험 고수익 성향에 따라 단기 변동성에도 매수 기회로 판단.""}, {""turn"": 8, ""date"": ""2026-05-11"", ""action"": ""sell"", ""stock_code"": ""005930"", ""quantity"": 1, ""executed_price"": 285500.0, ""trade_value"": 285500.0, ""status"": ""filled"", ""filled_quantity"": 1, ""action_reason"": ""5 월 21 일 파업 임박으로 단기 변동성 확대 우려가 현실화되었고, 현재 현금 비중이 0.8% 로 방어 여력이 부족합니다. 고위험 성향이지만 집중 투자 리스크를 고려해 소량 매도로 현금 유동성을 확보합니다.""}]}"
chunk_010_2026-05-06_2026-05-12,2026-05-11,8,A020,"[3406, 3412, 3415, 3408, 3413]",3408,오늘 삼성전자 60주 매수했습니다!,trade_share,unlike,[],"{""portfolio_summary"": {""state_id"": ""ps_A004_t008"", ""agent_id"": ""A004"", ""turn"": 8, ""date"": ""2026-05-11"", ""cash"": 88787000.0, ""positions"": ""[{\""stock_code\"": \""005930\"", \""quantity\"": 60, \""avg_cost\"": 285500.0, \""current_price\"": 285500.0, \""unrealized_pnl\"": 0.0, \""unrealized_pnl_rate\"": 0.0}]"", ""total_value"": 105917000.0, ""realized_pnl"": 5916999.999999998, ""total_return_rate"": 0.05917, ""updated_at"": ""2026-07-15 22:18:25""}, ""recent_trades"": [{""turn"": 10, ""date"": ""2026-05-04"", ""action"": ""buy"", ""stock_code"": ""005930"", ""quantity"": 100, ""executed_price"": 232500.0, ""trade_value"": 23250000.0, ""status"": ""filled"", ""filled_quantity"": 100, ""action_reason"": ""MA5 상향 돌파 및 거래량 증가로 기술적 매수 신호 유효. SK 하이닉스 상승 등 섹터 호재 확인. 수익 실현 압박 있으나 추세는 매수이므로 추가 매수.""}, {""turn"": 9, ""date"": ""2026-05-04"", ""action"": ""sell"", ""stock_code"": ""005930"", ""quantity"": 100, ""executed_price"": 228000.0, ""trade_value"": 22800000.0, ""status"": ""filled"", ""filled_quantity"": 100, ""action_reason"": ""Belief 에 따른 수익 실현 필요성, 커뮤니티 매도세 및 파업 리스크 고려. 현재가 228,000 원으로 평균 매수 단가 대비 수익 구간이므로 처분효과에 따라 매도.""}, {""turn"": 8, ""date"": ""2026-05-11"", ""action"": ""buy"", ""stock_code"": ""005930"", ""quantity"": 60, ""executed_price"": 285500.0, ""trade_value"": 17130000.0, ""status"": ""filled"", ""filled_quantity"": 60, ""action_reason"": ""거래 제약상 매수만 가능하나, 현재 주가가 MA5 대비 과열 구간이며 5/21 파업 리스크가 존재함. 고점 매수 공포를 고려해 제한적 수량으로 진입하여 기회비용과 리스크를 균형 잡음.""}]}"
chunk_010_2026-05-06_2026-05-12,2026-05-11,8,A020,"[3406, 3412, 3415, 3408, 3413]",3413,[매도] 삼성전자 50주 매도했습니다.,trade_share,like,"[""커뮤니티 인플루언서""]","{""portfolio_summary"": {""state_id"": ""ps_A007_t008"", ""agent_id"": ""A007"", ""turn"": 8, ""date"": ""2026-05-11"", ""cash"": 77010000.0, ""positions"": ""[{\""stock_code\"": \""005930\"", \""quantity\"": 100, \""avg_cost\"": 262060.0, \""current_price\"": 285500.0, \""unrealized_pnl\"": 2344000.0, \""unrealized_pnl_rate\"": 0.08944516522933679}]"", ""total_value"": 105560000.0, ""realized_pnl"": 3216000.0, ""total_return_rate"": 0.0556, ""updated_at"": ""2026-07-15 22:18:25""}, ""recent_trades"": [{""turn"": 10, ""date"": ""2026-05-04"", ""action"": ""sell"", ""stock_code"": ""005930"", ""quantity"": 20, ""executed_price"": 232500.0, ""trade_value"": 4650000.0, ""status"": ""filled"", ""filled_quantity"": 20, ""action_reason"": ""단기 급등 (5.44%) 과 거시 불확실성으로 인한 밸류에이션 부담을 고려하여, 수익 일부 실현을 통해 리스크를 관리합니다. 현재 현금 비중이 높아 추가 매수 여력은 있으나, 내재가치 검증이 필요하여 매도 우선순위를 높입니다.""}, {""turn"": 9, ""date"": ""2026-05-04"", ""action"": ""sell"", ""stock_code"": ""005930"", ""quantity"": 20, ""executed_price"": 228000.0, ""trade_value"": 4560000.0, ""status"": ""filled"", ""filled_quantity"": 20, ""action_reason"": ""노조 파업 시작일 확정으로 단기 변동성 우려가 크며, 안정적 자산 선호 성향에 따라 현재 주가는 리스크 할인이 필요해 매수보다는 리스크 관리가 우선입니다.""}, {""turn"": 8, ""date"": ""2026-05-11"", ""action"": ""sell"", ""stock_code"": ""005930"", ""quantity"": 50, ""executed_price"": 285500.0, ""trade_value"": 14275000.0, ""status"": ""filled"", ""filled_quantity"": 50, ""action_reason"": ""노사 파업으로 인한 40 조 원 손실 리스크와 단기 급등 (+6.33%) 에 따른 조정 가능성을 고려하여 수익 실현을 우선시합니다. PE 5.2 배의 저평가 매력은 있으나, 불확실성 해소 전까지는 안정적 자산 선호 성향에 따라 위험 노출을 줄입니다.""}]}"
chunk_010_2026-05-06_2026-05-12,2026-05-11,8,A017,"[3406, 3412, 3415, 3408, 3413]",3406,단기 리스크 관리로 삼성전자 일부 매도,trade_share,like,[],"{""portfolio_summary"": {""state_id"": ""ps_A005_t008"", ""agent_id"": ""A005"", ""turn"": 8, ""date"": ""2026-05-11"", ""cash"": 64660000.0, ""positions"": ""[{\""stock_code\"": \""005930\"", \""quantity\"": 140, \""avg_cost\"": 264599.5475113122, \""current_price\"": 285500.0, \""unrealized_pnl\"": 2926063.348416295, \""unrealized_pnl_rate\"": 0.07898899557942096}]"", ""total_value"": 104630000.0, ""realized_pnl"": 1703936.6515837116, ""total_return_rate"": 0.0463, ""updated_at"": ""2026-07-15 22:18:25""}, ""recent_trades"": [{""turn"": 10, ""date"": ""2026-05-04"", ""action"": ""sell"", ""stock_code"": ""005930"", ""quantity"": 10, ""executed_price"": 232500.0, ""trade_value"": 2325000.0, ""status"": ""filled"", ""filled_quantity"": 10, ""action_reason"": ""금리 인상 우려로 단기 변동성 예상 및 현금 부족으로 인한 방어력 한계 고려, 수익 일부 실현하여 현금 확보.""}, {""turn"": 9, ""date"": ""2026-05-04"", ""action"": ""buy"", ""stock_code"": ""005930"", ""quantity"": 12, ""executed_price"": 228000.0, ""trade_value"": 2736000.0, ""status"": ""filled"", ""filled_quantity"": 12, ""action_reason"": ""PER 5.4 배 저평가 및 수출 실적 호조로 가치 투자 관점에서 매수 기회로 판단. 현금 비중이 낮아 최대 매수 수량 범위 내에서 제한적으로 매수.""}, {""turn"": 8, ""date"": ""2026-05-11"", ""action"": ""sell"", ""stock_code"": ""005930"", ""quantity"": 30, ""executed_price"": 285500.0, ""trade_value"": 8565000.0, ""status"": ""filled"", ""filled_quantity"": 30, ""action_reason"": ""5 월 21 일 파업 임박으로 단기 변동성 리스크가 커짐에 따라, 수익 구간에서 일부 매도로 리스크 노출을 줄이고 현금 방어력을 확보합니다.""}]}"
chunk_010_2026-05-06_2026-05-12,2026-05-11,8,A017,"[3406, 3412, 3415, 3408, 3413]",3412,반도체 업종의 변동성과 삼성전자 투자 전략,analysis,read,"[""상위 수익자"", ""자산가""]","{""portfolio_summary"": {""state_id"": ""ps_A008_t008"", ""agent_id"": ""A008"", ""turn"": 8, ""date"": ""2026-05-11"", ""cash"": 1186500.0, ""positions"": ""[{\""stock_code\"": \""005930\"", \""quantity\"": 378, \""avg_cost\"": 261411.37566137567, \""current_price\"": 285500.0, \""unrealized_pnl\"": 9105499.999999996, \""unrealized_pnl_rate\"": 0.09214834005474956}]"", ""total_value"": 109105500.0, ""realized_pnl"": 0.0, ""total_return_rate"": 0.091055, ""updated_at"": ""2026-07-15 22:18:25""}, ""recent_trades"": [{""turn"": 10, ""date"": ""2026-05-04"", ""action"": ""buy"", ""stock_code"": ""005930"", ""quantity"": 10, ""executed_price"": 232500.0, ""trade_value"": 2325000.0, ""status"": ""filled"", ""filled_quantity"": 10, ""action_reason"": ""기술적 돌파와 섹터 모멘텀에 따른 추세 추종 전략을 유지하되, 단기 과열 신호를 고려해 최대 수량 대비 절반 수준으로 제한적으로 매수합니다.""}, {""turn"": 9, ""date"": ""2026-05-04"", ""action"": ""buy"", ""stock_code"": ""005930"", ""quantity"": 40, ""executed_price"": 228000.0, ""trade_value"": 9120000.0, ""status"": ""filled"", ""filled_quantity"": 40, ""action_reason"": ""수출 호조와 AI 수요로 상승 추세가 명확해졌으며, 기술적 돌파 신호가 확인되었습니다. 현재가가 평균 매수 단가를 상회하여 수익 구간 진입으로 추세를 따라 매수 확대가 유리합니다.""}, {""turn"": 8, ""date"": ""2026-05-11"", ""action"": ""buy"", ""stock_code"": ""005930"", ""quantity"": 3, ""executed_price"": 285500.0, ""trade_value"": 856500.0, ""status"": ""filled"", ""filled_quantity"": 3, ""action_reason"": ""강세 모멘텀 (기관 매수, MA5 상회) 과 고위험 선호 성향을 반영하여 제한된 현금으로 최대 수량 매수. 다만 뉴스 리스크 (노사 분쟁) 를 인지함.""}]}"
chunk_010_2026-05-06_2026-05-12,2026-05-11,8,A017,"[3406, 3412, 3415, 3408, 3413]",3415,"파업 임박, 삼성전자 향후 전망은?",analysis,like,"[""상위 수익자"", ""자산가""]","{""portfolio_summary"": {""state_id"": ""ps_A011_t008"", ""agent_id"": ""A011"", ""turn"": 8, ""date"": ""2026-05-11"", ""cash"": 1156500.0, ""positions"": ""[{\""stock_code\"": \""005930\"", \""quantity\"": 379, \""avg_cost\"": 260865.7894736842, \""current_price\"": 285500.0, \""unrealized_pnl\"": 9336365.789473683, \""unrealized_pnl_rate\"": 0.09443250713716468}]"", ""total_value"": 109361000.0, ""realized_pnl"": 24634.210526315786, ""total_return_rate"": 0.09361, ""updated_at"": ""2026-07-15 22:18:25""}, ""recent_trades"": [{""turn"": 10, ""date"": ""2026-05-04"", ""action"": ""buy"", ""stock_code"": ""005930"", ""quantity"": 1, ""executed_price"": 232500.0, ""trade_value"": 232500.0, ""status"": ""filled"", ""filled_quantity"": 1, ""action_reason"": ""Belief summary indicates trend remains despite valuation concerns. High risk preference supports maintaining position. Concentration trait aligns with adding to position.""}, {""turn"": 9, ""date"": ""2026-05-04"", ""action"": ""buy"", ""stock_code"": ""005930"", ""quantity"": 3, ""executed_price"": 228000.0, ""trade_value"": 684000.0, ""status"": ""filled"", ""filled_quantity"": 3, ""action_reason"": ""PER 5.4 배 저평가 구간이며 반도체 슈퍼사이클과 수출 호조로 펀더멘털이 강세. 고위험 고수익 성향에 따라 단기 변동성에도 매수 기회로 판단.""}, {""turn"": 8, ""date"": ""2026-05-11"", ""action"": ""sell"", ""stock_code"": ""005930"", ""quantity"": 1, ""executed_price"": 285500.0, ""trade_value"": 285500.0, ""status"": ""filled"", ""filled_quantity"": 1, ""action_reason"": ""5 월 21 일 파업 임박으로 단기 변동성 확대 우려가 현실화되었고, 현재 현금 비중이 0.8% 로 방어 여력이 부족합니다. 고위험 성향이지만 집중 투자 리스크를 고려해 소량 매도로 현금 유동성을 확보합니다.""}]}"
chunk_010_2026-05-06_2026-05-12,2026-05-11,8,A017,"[3406, 3412, 3415, 3408, 3413]",3408,오늘 삼성전자 60주 매수했습니다!,trade_share,unlike,[],"{""portfolio_summary"": {""state_id"": ""ps_A004_t008"", ""agent_id"": ""A004"", ""turn"": 8, ""date"": ""2026-05-11"", ""cash"": 88787000.0, ""positions"": ""[{\""stock_code\"": \""005930\"", \""quantity\"": 60, \""avg_cost\"": 285500.0, \""current_price\"": 285500.0, \""unrealized_pnl\"": 0.0, \""unrealized_pnl_rate\"": 0.0}]"", ""total_value"": 105917000.0, ""realized_pnl"": 5916999.999999998, ""total_return_rate"": 0.05917, ""updated_at"": ""2026-07-15 22:18:25""}, ""recent_trades"": [{""turn"": 10, ""date"": ""2026-05-04"", ""action"": ""buy"", ""stock_code"": ""005930"", ""quantity"": 100, ""executed_price"": 232500.0, ""trade_value"": 23250000.0, ""status"": ""filled"", ""filled_quantity"": 100, ""action_reason"": ""MA5 상향 돌파 및 거래량 증가로 기술적 매수 신호 유효. SK 하이닉스 상승 등 섹터 호재 확인. 수익 실현 압박 있으나 추세는 매수이므로 추가 매수.""}, {""turn"": 9, ""date"": ""2026-05-04"", ""action"": ""sell"", ""stock_code"": ""005930"", ""quantity"": 100, ""executed_price"": 228000.0, ""trade_value"": 22800000.0, ""status"": ""filled"", ""filled_quantity"": 100, ""action_reason"": ""Belief 에 따른 수익 실현 필요성, 커뮤니티 매도세 및 파업 리스크 고려. 현재가 228,000 원으로 평균 매수 단가 대비 수익 구간이므로 처분효과에 따라 매도.""}, {""turn"": 8, ""date"": ""2026-05-11"", ""action"": ""buy"", ""stock_code"": ""005930"", ""quantity"": 60, ""executed_price"": 285500.0, ""trade_value"": 17130000.0, ""status"": ""filled"", ""filled_quantity"": 60, ""action_reason"": ""거래 제약상 매수만 가능하나, 현재 주가가 MA5 대비 과열 구간이며 5/21 파업 리스크가 존재함. 고점 매수 공포를 고려해 제한적 수량으로 진입하여 기회비용과 리스크를 균형 잡음.""}]}"
chunk_010_2026-05-06_2026-05-12,2026-05-11,8,A017,"[3406, 3412, 3415, 3408, 3413]",3413,[매도] 삼성전자 50주 매도했습니다.,trade_share,like,"[""커뮤니티 인플루언서""]","{""portfolio_summary"": {""state_id"": ""ps_A007_t008"", ""agent_id"": ""A007"", ""turn"": 8, ""date"": ""2026-05-11"", ""cash"": 77010000.0, ""positions"": ""[{\""stock_code\"": \""005930\"", \""quantity\"": 100, \""avg_cost\"": 262060.0, \""current_price\"": 285500.0, \""unrealized_pnl\"": 2344000.0, \""unrealized_pnl_rate\"": 0.08944516522933679}]"", ""total_value"": 105560000.0, ""realized_pnl"": 3216000.0, ""total_return_rate"": 0.0556, ""updated_at"": ""2026-07-15 22:18:25""}, ""recent_trades"": [{""turn"": 10, ""date"": ""2026-05-04"", ""action"": ""sell"", ""stock_code"": ""005930"", ""quantity"": 20, ""executed_price"": 232500.0, ""trade_value"": 4650000.0, ""status"": ""filled"", ""filled_quantity"": 20, ""action_reason"": ""단기 급등 (5.44%) 과 거시 불확실성으로 인한 밸류에이션 부담을 고려하여, 수익 일부 실현을 통해 리스크를 관리합니다. 현재 현금 비중이 높아 추가 매수 여력은 있으나, 내재가치 검증이 필요하여 매도 우선순위를 높입니다.""}, {""turn"": 9, ""date"": ""2026-05-04"", ""action"": ""sell"", ""stock_code"": ""005930"", ""quantity"": 20, ""executed_price"": 228000.0, ""trade_value"": 4560000.0, ""status"": ""filled"", ""filled_quantity"": 20, ""action_reason"": ""노조 파업 시작일 확정으로 단기 변동성 우려가 크며, 안정적 자산 선호 성향에 따라 현재 주가는 리스크 할인이 필요해 매수보다는 리스크 관리가 우선입니다.""}, {""turn"": 8, ""date"": ""2026-05-11"", ""action"": ""sell"", ""stock_code"": ""005930"", ""quantity"": 50, ""executed_price"": 285500.0, ""trade_value"": 14275000.0, ""status"": ""filled"", ""filled_quantity"": 50, ""action_reason"": ""노사 파업으로 인한 40 조 원 손실 리스크와 단기 급등 (+6.33%) 에 따른 조정 가능성을 고려하여 수익 실현을 우선시합니다. PE 5.2 배의 저평가 매력은 있으나, 불확실성 해소 전까지는 안정적 자산 선호 성향에 따라 위험 노출을 줄입니다.""}]}"
chunk_010_2026-05-06_2026-05-12,2026-05-11,8,A019,"[3406, 3412, 3415, 3408, 3413]",3406,단기 리스크 관리로 삼성전자 일부 매도,trade_share,like,[],null
chunk_010_2026-05-06_2026-05-12,2026-05-11,8,A019,"[3406, 3412, 3415, 3408, 3413]",3412,반도체 업종의 변동성과 삼성전자 투자 전략,analysis,read,"[""상위 수익자"", ""자산가""]",null
chunk_010_2026-05-06_2026-05-12,2026-05-11,8,A019,"[3406, 3412, 3415, 3408, 3413]",3415,"파업 임박, 삼성전자 향후 전망은?",analysis,like,"[""상위 수익자"", ""자산가""]",null
chunk_010_2026-05-06_2026-05-12,2026-05-11,8,A019,"[3406, 3412, 3415, 3408, 3413]",3408,오늘 삼성전자 60주 매수했습니다!,trade_share,unlike,[],null
chunk_010_2026-05-06_2026-05-12,2026-05-11,8,A019,"[3406, 3412, 3415, 3408, 3413]",3413,[매도] 삼성전자 50주 매도했습니다.,trade_share,like,"[""커뮤니티 인플루언서""]",null
chunk_010_2026-05-06_2026-05-12,2026-05-11,8,A022,"[3406, 3412, 3415, 3408, 3413]",3406,단기 리스크 관리로 삼성전자 일부 매도,trade_share,like,[],null
chunk_010_2026-05-06_2026-05-12,2026-05-11,8,A022,"[3406, 3412, 3415, 3408, 3413]",3412,반도체 업종의 변동성과 삼성전자 투자 전략,analysis,read,"[""상위 수익자"", ""자산가""]",null
chunk_010_2026-05-06_2026-05-12,2026-05-11,8,A022,"[3406, 3412, 3415, 3408, 3413]",3415,"파업 임박, 삼성전자 향후 전망은?",analysis,like,"[""상위 수익자"", ""자산가""]",null
chunk_010_2026-05-06_2026-05-12,2026-05-11,8,A022,"[3406, 3412, 3415, 3408, 3413]",3408,오늘 삼성전자 60주 매수했습니다!,trade_share,unlike,[],null
chunk_010_2026-05-06_2026-05-12,2026-05-11,8,A022,"[3406, 3412, 3415, 3408, 3413]",3413,[매도] 삼성전자 50주 매도했습니다.,trade_share,like,"[""커뮤니티 인플루언서""]",null
chunk_010_2026-05-06_2026-05-12,2026-05-11,8,A025,"[3406, 3412, 3415, 3408, 3413]",3406,단기 리스크 관리로 삼성전자 일부 매도,trade_share,like,[],null
chunk_010_2026-05-06_2026-05-12,2026-05-11,8,A025,"[3406, 3412, 3415, 3408, 3413]",3412,반도체 업종의 변동성과 삼성전자 투자 전략,analysis,read,"[""상위 수익자"", ""자산가""]",null
chunk_010_2026-05-06_2026-05-12,2026-05-11,8,A025,"[3406, 3412, 3415, 3408, 3413]",3415,"파업 임박, 삼성전자 향후 전망은?",analysis,like,"[""상위 수익자"", ""자산가""]",null
chunk_010_2026-05-06_2026-05-12,2026-05-11,8,A025,"[3406, 3412, 3415, 3408, 3413]",3408,오늘 삼성전자 60주 매수했습니다!,trade_share,unlike,[],null
chunk_010_2026-05-06_2026-05-12,2026-05-11,8,A025,"[3406, 3412, 3415, 3408, 3413]",3413,[매도] 삼성전자 50주 매도했습니다.,trade_share,like,"[""커뮤니티 인플루언서""]",null
chunk_010_2026-05-06_2026-05-12,2026-05-11,8,A026,"[3406, 3412, 3415, 3408, 3413]",3406,단기 리스크 관리로 삼성전자 일부 매도,trade_share,like,[],null
chunk_010_2026-05-06_2026-05-12,2026-05-11,8,A026,"[3406, 3412, 3415, 3408, 3413]",3412,반도체 업종의 변동성과 삼성전자 투자 전략,analysis,read,"[""상위 수익자"", ""자산가""]",null
chunk_010_2026-05-06_2026-05-12,2026-05-11,8,A026,"[3406, 3412, 3415, 3408, 3413]",3415,"파업 임박, 삼성전자 향후 전망은?",analysis,like,"[""상위 수익자"", ""자산가""]",null
chunk_010_2026-05-06_2026-05-12,2026-05-11,8,A026,"[3406, 3412, 3415, 3408, 3413]",3408,오늘 삼성전자 60주 매수했습니다!,trade_share,unlike,[],null
chunk_010_2026-05-06_2026-05-12,2026-05-11,8,A026,"[3406, 3412, 3415, 3408, 3413]",3413,[매도] 삼성전자 50주 매도했습니다.,trade_share,like,"[""커뮤니티 인플루언서""]",null
chunk_010_2026-05-06_2026-05-12,2026-05-11,8,A027,"[3406, 3412, 3415, 3408, 3413]",3406,단기 리스크 관리로 삼성전자 일부 매도,trade_share,like,[],null
chunk_010_2026-05-06_2026-05-12,2026-05-11,8,A027,"[3406, 3412, 3415, 3408, 3413]",3412,반도체 업종의 변동성과 삼성전자 투자 전략,analysis,read,"[""상위 수익자"", ""자산가""]",null
chunk_010_2026-05-06_2026-05-12,2026-05-11,8,A027,"[3406, 3412, 3415, 3408, 3413]",3415,"파업 임박, 삼성전자 향후 전망은?",analysis,like,"[""상위 수익자"", ""자산가""]",null
chunk_010_2026-05-06_2026-05-12,2026-05-11,8,A027,"[3406, 3412, 3415, 3408, 3413]",3408,오늘 삼성전자 60주 매수했습니다!,trade_share,unlike,[],null
chunk_010_2026-05-06_2026-05-12,2026-05-11,8,A027,"[3406, 3412, 3415, 3408, 3413]",3413,[매도] 삼성전자 50주 매도했습니다.,trade_share,like,"[""커뮤니티 인플루언서""]",null
chunk_010_2026-05-06_2026-05-12,2026-05-12,10,A005,"[3431, 3432, 3437, 3441, 3445]",3431,"[매도 거래 공유] 삼성전자, 노사 파업 리스크 고려한 결정",trade_share,like,[],null
chunk_010_2026-05-06_2026-05-12,2026-05-12,10,A005,"[3431, 3432, 3437, 3441, 3445]",3432,"삼성전자, 안정적 업황 속 리스크 관리가 필요하다",analysis,like,"[""커뮤니티 인플루언서""]",null
chunk_010_2026-05-06_2026-05-12,2026-05-12,10,A005,"[3431, 3432, 3437, 3441, 3445]",3437,"삼성전자, 신중한 접근이 필요한 시점",analysis,like,[],null
chunk_010_2026-05-06_2026-05-12,2026-05-12,10,A005,"[3431, 3432, 3437, 3441, 3445]",3441,삼성전자 단기 조정 가능성 및 기회 분석,analysis,read,[],null
chunk_010_2026-05-06_2026-05-12,2026-05-12,10,A005,"[3431, 3432, 3437, 3441, 3445]",3445,삼성전자 단기 조정 우려와 기술적 지지선 분석,analysis,unlike,[],null
chunk_010_2026-05-06_2026-05-12,2026-05-12,10,A003,"[3431, 3432, 3437, 3441, 3445]",3431,"[매도 거래 공유] 삼성전자, 노사 파업 리스크 고려한 결정",trade_share,like,[],null
chunk_010_2026-05-06_2026-05-12,2026-05-12,10,A003,"[3431, 3432, 3437, 3441, 3445]",3432,"삼성전자, 안정적 업황 속 리스크 관리가 필요하다",analysis,like,"[""커뮤니티 인플루언서""]",null
chunk_010_2026-05-06_2026-05-12,2026-05-12,10,A003,"[3431, 3432, 3437, 3441, 3445]",3437,"삼성전자, 신중한 접근이 필요한 시점",analysis,like,[],null
chunk_010_2026-05-06_2026-05-12,2026-05-12,10,A003,"[3431, 3432, 3437, 3441, 3445]",3441,삼성전자 단기 조정 가능성 및 기회 분석,analysis,read,[],null
chunk_010_2026-05-06_2026-05-12,2026-05-12,10,A003,"[3431, 3432, 3437, 3441, 3445]",3445,삼성전자 단기 조정 우려와 기술적 지지선 분석,analysis,unlike,[],null
chunk_010_2026-05-06_2026-05-12,2026-05-12,10,A001,"[3431, 3432, 3437, 3441, 3445]",3431,"[매도 거래 공유] 삼성전자, 노사 파업 리스크 고려한 결정",trade_share,like,[],null
chunk_010_2026-05-06_2026-05-12,2026-05-12,10,A001,"[3431, 3432, 3437, 3441, 3445]",3432,"삼성전자, 안정적 업황 속 리스크 관리가 필요하다",analysis,like,"[""커뮤니티 인플루언서""]",null
chunk_010_2026-05-06_2026-05-12,2026-05-12,10,A001,"[3431, 3432, 3437, 3441, 3445]",3437,"삼성전자, 신중한 접근이 필요한 시점",analysis,like,[],null
chunk_010_2026-05-06_2026-05-12,2026-05-12,10,A001,"[3431, 3432, 3437, 3441, 3445]",3441,삼성전자 단기 조정 가능성 및 기회 분석,analysis,read,[],null
chunk_010_2026-05-06_2026-05-12,2026-05-12,10,A001,"[3431, 3432, 3437, 3441, 3445]",3445,삼성전자 단기 조정 우려와 기술적 지지선 분석,analysis,unlike,[],null
chunk_010_2026-05-06_2026-05-12,2026-05-12,10,A004,"[3431, 3432, 3437, 3441, 3445]",3431,"[매도 거래 공유] 삼성전자, 노사 파업 리스크 고려한 결정",trade_share,like,[],null
chunk_010_2026-05-06_2026-05-12,2026-05-12,10,A004,"[3431, 3432, 3437, 3441, 3445]",3432,"삼성전자, 안정적 업황 속 리스크 관리가 필요하다",analysis,like,"[""커뮤니티 인플루언서""]",null
chunk_010_2026-05-06_2026-05-12,2026-05-12,10,A004,"[3431, 3432, 3437, 3441, 3445]",3437,"삼성전자, 신중한 접근이 필요한 시점",analysis,like,[],null
chunk_010_2026-05-06_2026-05-12,2026-05-12,10,A004,"[3431, 3432, 3437, 3441, 3445]",3441,삼성전자 단기 조정 가능성 및 기회 분석,analysis,read,[],null
chunk_010_2026-05-06_2026-05-12,2026-05-12,10,A004,"[3431, 3432, 3437, 3441, 3445]",3445,삼성전자 단기 조정 우려와 기술적 지지선 분석,analysis,unlike,[],null
chunk_010_2026-05-06_2026-05-12,2026-05-12,10,A006,"[3431, 3432, 3437, 3441, 3445]",3431,"[매도 거래 공유] 삼성전자, 노사 파업 리스크 고려한 결정",trade_share,like,[],null
chunk_010_2026-05-06_2026-05-12,2026-05-12,10,A006,"[3431, 3432, 3437, 3441, 3445]",3432,"삼성전자, 안정적 업황 속 리스크 관리가 필요하다",analysis,like,"[""커뮤니티 인플루언서""]",null
chunk_010_2026-05-06_2026-05-12,2026-05-12,10,A006,"[3431, 3432, 3437, 3441, 3445]",3437,"삼성전자, 신중한 접근이 필요한 시점",analysis,like,[],null
chunk_010_2026-05-06_2026-05-12,2026-05-12,10,A006,"[3431, 3432, 3437, 3441, 3445]",3441,삼성전자 단기 조정 가능성 및 기회 분석,analysis,read,[],null
chunk_010_2026-05-06_2026-05-12,2026-05-12,10,A006,"[3431, 3432, 3437, 3441, 3445]",3445,삼성전자 단기 조정 우려와 기술적 지지선 분석,analysis,unlike,[],null
chunk_010_2026-05-06_2026-05-12,2026-05-12,10,A007,"[3431, 3437, 3441, 3445, 3430]",3431,"[매도 거래 공유] 삼성전자, 노사 파업 리스크 고려한 결정",trade_share,like,[],"{""portfolio_summary"": {""state_id"": ""ps_A008_t010"", ""agent_id"": ""A008"", ""turn"": 10, ""date"": ""2026-05-12"", ""cash"": 885500.0, ""positions"": ""[{\""stock_code\"": \""005930\"", \""quantity\"": 379, \""avg_cost\"": 261561.84210526315, \""current_price\"": 279000.0, \""unrealized_pnl\"": 6609061.842105268, \""unrealized_pnl_rate\"": 0.06666934960535653}]"", ""total_value"": 106626500.0, ""realized_pnl"": 17438.157894736854, ""total_return_rate"": 0.066265, ""updated_at"": ""2026-07-15 22:56:14""}, ""recent_trades"": [{""turn"": 10, ""date"": ""2026-05-12"", ""action"": ""sell"", ""stock_code"": ""005930"", ""quantity"": 1, ""executed_price"": 279000.0, ""trade_value"": 279000.0, ""status"": ""filled"", ""filled_quantity"": 1, ""action_reason"": ""최근 매수 단가 대비 손실 구간 진입 및 노사 파업 리스크로 인한 변동성 확대 우려. 수익 실현을 통해 현금 유동성 확보 및 리스크 관리 필요.""}, {""turn"": 9, ""date"": ""2026-05-12"", ""action"": ""buy"", ""stock_code"": ""005930"", ""quantity"": 2, ""executed_price"": 290000.0, ""trade_value"": 580000.0, ""status"": ""filled"", ""filled_quantity"": 2, ""action_reason"": ""상승 추세와 거시 호재 (GDP, 반도체 업황) 를 신뢰하여 추세 추종 매수를 실행합니다. 다만 현금 여력이 부족하여 최대 허용 수량인 2 주로 제한합니다.""}, {""turn"": 8, ""date"": ""2026-05-11"", ""action"": ""buy"", ""stock_code"": ""005930"", ""quantity"": 3, ""executed_price"": 285500.0, ""trade_value"": 856500.0, ""status"": ""filled"", ""filled_quantity"": 3, ""action_reason"": ""강세 모멘텀 (기관 매수, MA5 상회) 과 고위험 선호 성향을 반영하여 제한된 현금으로 최대 수량 매수. 다만 뉴스 리스크 (노사 분쟁) 를 인지함.""}]}"
chunk_010_2026-05-06_2026-05-12,2026-05-12,10,A007,"[3431, 3437, 3441, 3445, 3430]",3437,"삼성전자, 신중한 접근이 필요한 시점",analysis,like,[],"{""portfolio_summary"": {""state_id"": ""ps_A015_t010"", ""agent_id"": ""A015"", ""turn"": 10, ""date"": ""2026-05-12"", ""cash"": 88680000.0, ""positions"": ""[{\""stock_code\"": \""005930\"", \""quantity\"": 60, \""avg_cost\"": 265086.2068965517, \""current_price\"": 279000.0, \""unrealized_pnl\"": 834827.5862068974, \""unrealized_pnl_rate\"": 0.05248780487804884}]"", ""total_value"": 105420000.0, ""realized_pnl"": 4585172.413793107, ""total_return_rate"": 0.0542, ""updated_at"": ""2026-07-15 22:56:14""}, ""recent_trades"": [{""turn"": 10, ""date"": ""2026-05-12"", ""action"": ""sell"", ""stock_code"": ""005930"", ""quantity"": 30, ""executed_price"": 279000.0, ""trade_value"": 8370000.0, ""status"": ""filled"", ""filled_quantity"": 30, ""action_reason"": ""밸류에이션 데이터 부재 및 파업 리스크로 단기 변동성 우려가 있으나, AI 슈퍼사이클 장기 관점은 유지합니다. 수익 실현을 통해 현금 비중을 높이고 추가 정보 확인 시 매수 기회를 기다립니다.""}, {""turn"": 9, ""date"": ""2026-05-12"", ""action"": ""sell"", ""stock_code"": ""005930"", ""quantity"": 50, ""executed_price"": 290000.0, ""trade_value"": 14500000.0, ""status"": ""filled"", ""filled_quantity"": 50, ""action_reason"": ""현재 주가 (29 만 원) 가 5 일선 대비 9.5% 프리미엄으로 밸류에이션 부담이 있으며, 노사 갈등 리스크로 인해 안정성 중시 성향에 부합하지 않아 수익 일부 실현합니다.""}, {""turn"": 8, ""date"": ""2026-05-11"", ""action"": ""sell"", ""stock_code"": ""005930"", ""quantity"": 50, ""executed_price"": 285500.0, ""trade_value"": 14275000.0, ""status"": ""filled"", ""filled_quantity"": 50, ""action_reason"": ""단기 6.3% 급등으로 과매수 우려와 파업 협상 불확실성으로 인해 수익 실현을 위해 일부 매도합니다. PER 5.2 배 저평가 매력은 유지하되, 리스크 관리 차원에서 현금 비중을 높입니다.""}]}"
chunk_010_2026-05-06_2026-05-12,2026-05-12,10,A007,"[3431, 3437, 3441, 3445, 3430]",3441,삼성전자 단기 조정 가능성 및 기회 분석,analysis,unlike,[],"{""portfolio_summary"": {""state_id"": ""ps_A020_t010"", ""agent_id"": ""A020"", ""turn"": 10, ""date"": ""2026-05-12"", ""cash"": 17075000.0, ""positions"": ""[{\""stock_code\"": \""005930\"", \""quantity\"": 310, \""avg_cost\"": 276244.2396313365, \""current_price\"": 279000.0, \""unrealized_pnl\"": 854285.7142856932, \""unrealized_pnl_rate\"": 0.009975811160229962}]"", ""total_value"": 103565000.0, ""realized_pnl"": 2710714.285714284, ""total_return_rate"": 0.03565, ""updated_at"": ""2026-07-15 22:56:14""}, ""recent_trades"": [{""turn"": 10, ""date"": ""2026-05-12"", ""action"": ""buy"", ""stock_code"": ""005930"", ""quantity"": 30, ""executed_price"": 279000.0, ""trade_value"": 8370000.0, ""status"": ""filled"", ""filled_quantity"": 30, ""action_reason"": ""MA5 지지선 유지 및 섹터 호조로 중장기 상승 추세 유효. 고위험 성향으로 조정 시 매수 기회로 판단.""}, {""turn"": 9, ""date"": ""2026-05-12"", ""action"": ""buy"", ""stock_code"": ""005930"", ""quantity"": 50, ""executed_price"": 290000.0, ""trade_value"": 14500000.0, ""status"": ""filled"", ""filled_quantity"": 50, ""action_reason"": ""MA5 상향 돌파와 거래량 증가로 상승 추세가 확인되었으며, GDP 성장률 1 위 등 펀더멘털 호재가 파업 리스크를 상쇄하여 고위험 고수익 성향에 따라 추세를 따릅니다.""}, {""turn"": 8, ""date"": ""2026-05-11"", ""action"": ""buy"", ""stock_code"": ""005930"", ""quantity"": 50, ""executed_price"": 285500.0, ""trade_value"": 14275000.0, ""status"": ""filled"", ""filled_quantity"": 50, ""action_reason"": ""기술적 돌파 신호와 거래량 급증으로 상승 추세가 명확하며, 고위험 고수익 선호 성향에 따라 추세 추종을 선택합니다. 반도체 테마 호재가 단기 리스크를 상쇄하고 있습니다.""}]}"
chunk_010_2026-05-06_2026-05-12,2026-05-12,10,A007,"[3431, 3437, 3441, 3445, 3430]",3445,삼성전자 단기 조정 우려와 기술적 지지선 분석,analysis,like,[],"{""portfolio_summary"": {""state_id"": ""ps_A027_t010"", ""agent_id"": ""A027"", ""turn"": 10, ""date"": ""2026-05-12"", ""cash"": 31229000.0, ""positions"": ""[{\""stock_code\"": \""005930\"", \""quantity\"": 249, \""avg_cost\"": 280500.0, \""current_price\"": 279000.0, \""unrealized_pnl\"": -373500.0, \""unrealized_pnl_rate\"": -0.0053475935828877}]"", ""total_value"": 100700000.0, ""realized_pnl"": 1073500.0, ""total_return_rate"": 0.007, ""updated_at"": ""2026-07-15 22:56:14""}, ""recent_trades"": [{""turn"": 10, ""date"": ""2026-05-12"", ""action"": ""sell"", ""stock_code"": ""005930"", ""quantity"": 1, ""executed_price"": 279000.0, ""trade_value"": 279000.0, ""status"": ""filled"", ""filled_quantity"": 1, ""action_reason"": ""fallback_decision_after_invalid_llm_output: the model failed to return a valid decision after retry, so the system submitted a minimal valid sell order.""}, {""turn"": 9, ""date"": ""2026-05-12"", ""action"": ""buy"", ""stock_code"": ""005930"", ""quantity"": 100, ""executed_price"": 290000.0, ""trade_value"": 29000000.0, ""status"": ""filled"", ""filled_quantity"": 100, ""action_reason"": ""29 만 원 돌파와 거래량 증가 등 기술적 신호가 강하며, 목표가 상향 뉴스가 파업 공포를 상쇄합니다. 상승 추세 유지 중이므로 수익 보유 상태에서 추세를 따릅니다.""}, {""turn"": 8, ""date"": ""2026-05-11"", ""action"": ""buy"", ""stock_code"": ""005930"", ""quantity"": 50, ""executed_price"": 285500.0, ""trade_value"": 14275000.0, ""status"": ""filled"", ""filled_quantity"": 50, ""action_reason"": ""거래량 39% 증가와 기관 매수세로 상승 추세가 명확히 확인되었으므로, 추세 추종 전략에 따라 수익 구간에서 추가 매수합니다.""}]}"
chunk_010_2026-05-06_2026-05-12,2026-05-12,10,A007,"[3431, 3437, 3441, 3445, 3430]",3430,오늘 삼성전자 매도 거래 공유합니다!,trade_share,read,"[""커뮤니티 인플루언서""]","{""portfolio_summary"": {""state_id"": ""ps_A006_t010"", ""agent_id"": ""A006"", ""turn"": 10, ""date"": ""2026-05-12"", ""cash"": 92110500.0, ""positions"": ""[{\""stock_code\"": \""005930\"", \""quantity\"": 45, \""avg_cost\"": 269080.0, \""current_price\"": 279000.0, \""unrealized_pnl\"": 446400.0, \""unrealized_pnl_rate\"": 0.03686635944700461}]"", ""total_value"": 104665500.0, ""realized_pnl"": 4219100.0, ""total_return_rate"": 0.046655, ""updated_at"": ""2026-07-15 22:56:14""}, ""recent_trades"": [{""turn"": 10, ""date"": ""2026-05-12"", ""action"": ""sell"", ""stock_code"": ""005930"", ""quantity"": 45, ""executed_price"": 279000.0, ""trade_value"": 12555000.0, ""status"": ""filled"", ""filled_quantity"": 45, ""action_reason"": ""공시 종가 279,000 원에서 평균 매수 단가 대비 수익 구간이므로 처분 효과에 따라 일부 매도합니다. 파업 리스크로 인한 단기 변동성 확대 우려가 있어 현금 비중을 높입니다.""}, {""turn"": 9, ""date"": ""2026-05-12"", ""action"": ""sell"", ""stock_code"": ""005930"", ""quantity"": 1, ""executed_price"": 290000.0, ""trade_value"": 290000.0, ""status"": ""filled"", ""filled_quantity"": 1, ""action_reason"": ""fallback_decision_after_invalid_llm_output: the model failed to return a valid decision after retry, so the system submitted a minimal valid sell order.""}, {""turn"": 8, ""date"": ""2026-05-11"", ""action"": ""sell"", ""stock_code"": ""005930"", ""quantity"": 100, ""executed_price"": 285500.0, ""trade_value"": 28550000.0, ""status"": ""filled"", ""filled_quantity"": 100, ""action_reason"": ""현재 수익 상태 (미실현손익 +294 만 원) 로 차익 실현 욕구가 강하며, 노사 갈등 뉴스 리스크로 인한 변동성을 경계합니다. 기술적 강세는 유지되나 밸류에이션이 과열된 상태이므로, 수익을 일부 확정하고 위험을 줄이는 것이 신중한 접근입니다. 단일 종목 집중 투자 리스크를 완화하기 위해 보유 물량의 약 50% 를 매도합니다.""}]}"
chunk_010_2026-05-06_2026-05-12,2026-05-12,10,A008,"[3432, 3437, 3441, 3445, 3430]",3432,"삼성전자, 안정적 업황 속 리스크 관리가 필요하다",analysis,like,"[""커뮤니티 인플루언서""]",null
chunk_010_2026-05-06_2026-05-12,2026-05-12,10,A008,"[3432, 3437, 3441, 3445, 3430]",3437,"삼성전자, 신중한 접근이 필요한 시점",analysis,like,[],null
chunk_010_2026-05-06_2026-05-12,2026-05-12,10,A008,"[3432, 3437, 3441, 3445, 3430]",3441,삼성전자 단기 조정 가능성 및 기회 분석,analysis,read,[],null
chunk_010_2026-05-06_2026-05-12,2026-05-12,10,A008,"[3432, 3437, 3441, 3445, 3430]",3445,삼성전자 단기 조정 우려와 기술적 지지선 분석,analysis,unlike,[],null
chunk_010_2026-05-06_2026-05-12,2026-05-12,10,A008,"[3432, 3437, 3441, 3445, 3430]",3430,오늘 삼성전자 매도 거래 공유합니다!,trade_share,read,"[""커뮤니티 인플루언서""]",null
chunk_010_2026-05-06_2026-05-12,2026-05-12,10,A010,"[3431, 3432, 3437, 3441, 3445]",3431,"[매도 거래 공유] 삼성전자, 노사 파업 리스크 고려한 결정",trade_share,like,[],null
chunk_010_2026-05-06_2026-05-12,2026-05-12,10,A010,"[3431, 3432, 3437, 3441, 3445]",3432,"삼성전자, 안정적 업황 속 리스크 관리가 필요하다",analysis,like,"[""커뮤니티 인플루언서""]",null
chunk_010_2026-05-06_2026-05-12,2026-05-12,10,A010,"[3431, 3432, 3437, 3441, 3445]",3437,"삼성전자, 신중한 접근이 필요한 시점",analysis,like,[],null
chunk_010_2026-05-06_2026-05-12,2026-05-12,10,A010,"[3431, 3432, 3437, 3441, 3445]",3441,삼성전자 단기 조정 가능성 및 기회 분석,analysis,read,[],null
chunk_010_2026-05-06_2026-05-12,2026-05-12,10,A010,"[3431, 3432, 3437, 3441, 3445]",3445,삼성전자 단기 조정 우려와 기술적 지지선 분석,analysis,unlike,[],null
chunk_010_2026-05-06_2026-05-12,2026-05-12,10,A011,"[3431, 3432, 3437, 3441, 3445]",3431,"[매도 거래 공유] 삼성전자, 노사 파업 리스크 고려한 결정",trade_share,like,[],null
chunk_010_2026-05-06_2026-05-12,2026-05-12,10,A011,"[3431, 3432, 3437, 3441, 3445]",3432,"삼성전자, 안정적 업황 속 리스크 관리가 필요하다",analysis,like,"[""커뮤니티 인플루언서""]",null
chunk_010_2026-05-06_2026-05-12,2026-05-12,10,A011,"[3431, 3432, 3437, 3441, 3445]",3437,"삼성전자, 신중한 접근이 필요한 시점",analysis,like,[],null
chunk_010_2026-05-06_2026-05-12,2026-05-12,10,A011,"[3431, 3432, 3437, 3441, 3445]",3441,삼성전자 단기 조정 가능성 및 기회 분석,analysis,read,[],null
chunk_010_2026-05-06_2026-05-12,2026-05-12,10,A011,"[3431, 3432, 3437, 3441, 3445]",3445,삼성전자 단기 조정 우려와 기술적 지지선 분석,analysis,unlike,[],null
chunk_010_2026-05-06_2026-05-12,2026-05-12,10,A013,"[3431, 3432, 3437, 3441, 3445]",3431,"[매도 거래 공유] 삼성전자, 노사 파업 리스크 고려한 결정",trade_share,like,[],null
chunk_010_2026-05-06_2026-05-12,2026-05-12,10,A013,"[3431, 3432, 3437, 3441, 3445]",3432,"삼성전자, 안정적 업황 속 리스크 관리가 필요하다",analysis,like,"[""커뮤니티 인플루언서""]",null
chunk_010_2026-05-06_2026-05-12,2026-05-12,10,A013,"[3431, 3432, 3437, 3441, 3445]",3437,"삼성전자, 신중한 접근이 필요한 시점",analysis,like,[],null
chunk_010_2026-05-06_2026-05-12,2026-05-12,10,A013,"[3431, 3432, 3437, 3441, 3445]",3441,삼성전자 단기 조정 가능성 및 기회 분석,analysis,read,[],null
chunk_010_2026-05-06_2026-05-12,2026-05-12,10,A013,"[3431, 3432, 3437, 3441, 3445]",3445,삼성전자 단기 조정 우려와 기술적 지지선 분석,analysis,unlike,[],null
chunk_010_2026-05-06_2026-05-12,2026-05-12,10,A014,"[3431, 3432, 3437, 3441, 3445]",3431,"[매도 거래 공유] 삼성전자, 노사 파업 리스크 고려한 결정",trade_share,like,[],null
chunk_010_2026-05-06_2026-05-12,2026-05-12,10,A014,"[3431, 3432, 3437, 3441, 3445]",3432,"삼성전자, 안정적 업황 속 리스크 관리가 필요하다",analysis,like,"[""커뮤니티 인플루언서""]",null
chunk_010_2026-05-06_2026-05-12,2026-05-12,10,A014,"[3431, 3432, 3437, 3441, 3445]",3437,"삼성전자, 신중한 접근이 필요한 시점",analysis,like,[],null
chunk_010_2026-05-06_2026-05-12,2026-05-12,10,A014,"[3431, 3432, 3437, 3441, 3445]",3441,삼성전자 단기 조정 가능성 및 기회 분석,analysis,read,[],null
chunk_010_2026-05-06_2026-05-12,2026-05-12,10,A014,"[3431, 3432, 3437, 3441, 3445]",3445,삼성전자 단기 조정 우려와 기술적 지지선 분석,analysis,unlike,[],null
chunk_010_2026-05-06_2026-05-12,2026-05-12,10,A012,"[3431, 3432, 3437, 3441, 3445]",3431,"[매도 거래 공유] 삼성전자, 노사 파업 리스크 고려한 결정",trade_share,like,[],null
chunk_010_2026-05-06_2026-05-12,2026-05-12,10,A012,"[3431, 3432, 3437, 3441, 3445]",3432,"삼성전자, 안정적 업황 속 리스크 관리가 필요하다",analysis,like,"[""커뮤니티 인플루언서""]",null
chunk_010_2026-05-06_2026-05-12,2026-05-12,10,A012,"[3431, 3432, 3437, 3441, 3445]",3437,"삼성전자, 신중한 접근이 필요한 시점",analysis,like,[],null
chunk_010_2026-05-06_2026-05-12,2026-05-12,10,A012,"[3431, 3432, 3437, 3441, 3445]",3441,삼성전자 단기 조정 가능성 및 기회 분석,analysis,read,[],null
chunk_010_2026-05-06_2026-05-12,2026-05-12,10,A012,"[3431, 3432, 3437, 3441, 3445]",3445,삼성전자 단기 조정 우려와 기술적 지지선 분석,analysis,unlike,[],null
chunk_010_2026-05-06_2026-05-12,2026-05-12,10,A019,"[3431, 3432, 3437, 3441, 3445]",3431,"[매도 거래 공유] 삼성전자, 노사 파업 리스크 고려한 결정",trade_share,like,[],null
chunk_010_2026-05-06_2026-05-12,2026-05-12,10,A019,"[3431, 3432, 3437, 3441, 3445]",3432,"삼성전자, 안정적 업황 속 리스크 관리가 필요하다",analysis,like,"[""커뮤니티 인플루언서""]",null
chunk_010_2026-05-06_2026-05-12,2026-05-12,10,A019,"[3431, 3432, 3437, 3441, 3445]",3437,"삼성전자, 신중한 접근이 필요한 시점",analysis,like,[],null
chunk_010_2026-05-06_2026-05-12,2026-05-12,10,A019,"[3431, 3432, 3437, 3441, 3445]",3441,삼성전자 단기 조정 가능성 및 기회 분석,analysis,read,[],null
chunk_010_2026-05-06_2026-05-12,2026-05-12,10,A019,"[3431, 3432, 3437, 3441, 3445]",3445,삼성전자 단기 조정 우려와 기술적 지지선 분석,analysis,unlike,[],null
chunk_010_2026-05-06_2026-05-12,2026-05-12,10,A020,"[3431, 3432, 3437, 3445, 3430]",3431,"[매도 거래 공유] 삼성전자, 노사 파업 리스크 고려한 결정",trade_share,like,[],"{""portfolio_summary"": {""state_id"": ""ps_A008_t010"", ""agent_id"": ""A008"", ""turn"": 10, ""date"": ""2026-05-12"", ""cash"": 885500.0, ""positions"": ""[{\""stock_code\"": \""005930\"", \""quantity\"": 379, \""avg_cost\"": 261561.84210526315, \""current_price\"": 279000.0, \""unrealized_pnl\"": 6609061.842105268, \""unrealized_pnl_rate\"": 0.06666934960535653}]"", ""total_value"": 106626500.0, ""realized_pnl"": 17438.157894736854, ""total_return_rate"": 0.066265, ""updated_at"": ""2026-07-15 22:56:14""}, ""recent_trades"": [{""turn"": 10, ""date"": ""2026-05-12"", ""action"": ""sell"", ""stock_code"": ""005930"", ""quantity"": 1, ""executed_price"": 279000.0, ""trade_value"": 279000.0, ""status"": ""filled"", ""filled_quantity"": 1, ""action_reason"": ""최근 매수 단가 대비 손실 구간 진입 및 노사 파업 리스크로 인한 변동성 확대 우려. 수익 실현을 통해 현금 유동성 확보 및 리스크 관리 필요.""}, {""turn"": 9, ""date"": ""2026-05-12"", ""action"": ""buy"", ""stock_code"": ""005930"", ""quantity"": 2, ""executed_price"": 290000.0, ""trade_value"": 580000.0, ""status"": ""filled"", ""filled_quantity"": 2, ""action_reason"": ""상승 추세와 거시 호재 (GDP, 반도체 업황) 를 신뢰하여 추세 추종 매수를 실행합니다. 다만 현금 여력이 부족하여 최대 허용 수량인 2 주로 제한합니다.""}, {""turn"": 8, ""date"": ""2026-05-11"", ""action"": ""buy"", ""stock_code"": ""005930"", ""quantity"": 3, ""executed_price"": 285500.0, ""trade_value"": 856500.0, ""status"": ""filled"", ""filled_quantity"": 3, ""action_reason"": ""강세 모멘텀 (기관 매수, MA5 상회) 과 고위험 선호 성향을 반영하여 제한된 현금으로 최대 수량 매수. 다만 뉴스 리스크 (노사 분쟁) 를 인지함.""}]}"
chunk_010_2026-05-06_2026-05-12,2026-05-12,10,A020,"[3431, 3432, 3437, 3445, 3430]",3432,"삼성전자, 안정적 업황 속 리스크 관리가 필요하다",analysis,like,"[""커뮤니티 인플루언서""]","{""portfolio_summary"": {""state_id"": ""ps_A007_t010"", ""agent_id"": ""A007"", ""turn"": 10, ""date"": ""2026-05-12"", ""cash"": 105460000.0, ""positions"": ""[]"", ""total_value"": 105460000.0, ""realized_pnl"": 5460000.0, ""total_return_rate"": 0.0546, ""updated_at"": ""2026-07-15 22:56:14""}, ""recent_trades"": [{""turn"": 10, ""date"": ""2026-05-12"", ""action"": ""sell"", ""stock_code"": ""005930"", ""quantity"": 50, ""executed_price"": 279000.0, ""trade_value"": 13950000.0, ""status"": ""filled"", ""filled_quantity"": 50, ""action_reason"": ""밸류에이션 데이터 부족 및 파업 리스크로 단기 매수 보류. 현재 미실현 수익 확정 및 현금 비중 확대를 통해 리스크 관리 우선.""}, {""turn"": 9, ""date"": ""2026-05-12"", ""action"": ""sell"", ""stock_code"": ""005930"", ""quantity"": 50, ""executed_price"": 290000.0, ""trade_value"": 14500000.0, ""status"": ""filled"", ""filled_quantity"": 50, ""action_reason"": ""노사 갈등 리스크와 밸류에이션 불확실성으로 인해 단기 수익 실현을 통한 리스크 관리가 필요합니다. 현재 현금 비중이 높으므로 추가 매수보다는 보유 주식의 일부 매도를 통해 집중 리스크를 완화합니다.""}, {""turn"": 8, ""date"": ""2026-05-11"", ""action"": ""sell"", ""stock_code"": ""005930"", ""quantity"": 50, ""executed_price"": 285500.0, ""trade_value"": 14275000.0, ""status"": ""filled"", ""filled_quantity"": 50, ""action_reason"": ""노사 파업으로 인한 40 조 원 손실 리스크와 단기 급등 (+6.33%) 에 따른 조정 가능성을 고려하여 수익 실현을 우선시합니다. PE 5.2 배의 저평가 매력은 있으나, 불확실성 해소 전까지는 안정적 자산 선호 성향에 따라 위험 노출을 줄입니다.""}]}"
chunk_010_2026-05-06_2026-05-12,2026-05-12,10,A020,"[3431, 3432, 3437, 3445, 3430]",3437,"삼성전자, 신중한 접근이 필요한 시점",analysis,like,[],"{""portfolio_summary"": {""state_id"": ""ps_A015_t010"", ""agent_id"": ""A015"", ""turn"": 10, ""date"": ""2026-05-12"", ""cash"": 88680000.0, ""positions"": ""[{\""stock_code\"": \""005930\"", \""quantity\"": 60, \""avg_cost\"": 265086.2068965517, \""current_price\"": 279000.0, \""unrealized_pnl\"": 834827.5862068974, \""unrealized_pnl_rate\"": 0.05248780487804884}]"", ""total_value"": 105420000.0, ""realized_pnl"": 4585172.413793107, ""total_return_rate"": 0.0542, ""updated_at"": ""2026-07-15 22:56:14""}, ""recent_trades"": [{""turn"": 10, ""date"": ""2026-05-12"", ""action"": ""sell"", ""stock_code"": ""005930"", ""quantity"": 30, ""executed_price"": 279000.0, ""trade_value"": 8370000.0, ""status"": ""filled"", ""filled_quantity"": 30, ""action_reason"": ""밸류에이션 데이터 부재 및 파업 리스크로 단기 변동성 우려가 있으나, AI 슈퍼사이클 장기 관점은 유지합니다. 수익 실현을 통해 현금 비중을 높이고 추가 정보 확인 시 매수 기회를 기다립니다.""}, {""turn"": 9, ""date"": ""2026-05-12"", ""action"": ""sell"", ""stock_code"": ""005930"", ""quantity"": 50, ""executed_price"": 290000.0, ""trade_value"": 14500000.0, ""status"": ""filled"", ""filled_quantity"": 50, ""action_reason"": ""현재 주가 (29 만 원) 가 5 일선 대비 9.5% 프리미엄으로 밸류에이션 부담이 있으며, 노사 갈등 리스크로 인해 안정성 중시 성향에 부합하지 않아 수익 일부 실현합니다.""}, {""turn"": 8, ""date"": ""2026-05-11"", ""action"": ""sell"", ""stock_code"": ""005930"", ""quantity"": 50, ""executed_price"": 285500.0, ""trade_value"": 14275000.0, ""status"": ""filled"", ""filled_quantity"": 50, ""action_reason"": ""단기 6.3% 급등으로 과매수 우려와 파업 협상 불확실성으로 인해 수익 실현을 위해 일부 매도합니다. PER 5.2 배 저평가 매력은 유지하되, 리스크 관리 차원에서 현금 비중을 높입니다.""}]}"
chunk_010_2026-05-06_2026-05-12,2026-05-12,10,A020,"[3431, 3432, 3437, 3445, 3430]",3445,삼성전자 단기 조정 우려와 기술적 지지선 분석,analysis,unlike,[],"{""portfolio_summary"": {""state_id"": ""ps_A027_t010"", ""agent_id"": ""A027"", ""turn"": 10, ""date"": ""2026-05-12"", ""cash"": 31229000.0, ""positions"": ""[{\""stock_code\"": \""005930\"", \""quantity\"": 249, \""avg_cost\"": 280500.0, \""current_price\"": 279000.0, \""unrealized_pnl\"": -373500.0, \""unrealized_pnl_rate\"": -0.0053475935828877}]"", ""total_value"": 100700000.0, ""realized_pnl"": 1073500.0, ""total_return_rate"": 0.007, ""updated_at"": ""2026-07-15 22:56:14""}, ""recent_trades"": [{""turn"": 10, ""date"": ""2026-05-12"", ""action"": ""sell"", ""stock_code"": ""005930"", ""quantity"": 1, ""executed_price"": 279000.0, ""trade_value"": 279000.0, ""status"": ""filled"", ""filled_quantity"": 1, ""action_reason"": ""fallback_decision_after_invalid_llm_output: the model failed to return a valid decision after retry, so the system submitted a minimal valid sell order.""}, {""turn"": 9, ""date"": ""2026-05-12"", ""action"": ""buy"", ""stock_code"": ""005930"", ""quantity"": 100, ""executed_price"": 290000.0, ""trade_value"": 29000000.0, ""status"": ""filled"", ""filled_quantity"": 100, ""action_reason"": ""29 만 원 돌파와 거래량 증가 등 기술적 신호가 강하며, 목표가 상향 뉴스가 파업 공포를 상쇄합니다. 상승 추세 유지 중이므로 수익 보유 상태에서 추세를 따릅니다.""}, {""turn"": 8, ""date"": ""2026-05-11"", ""action"": ""buy"", ""stock_code"": ""005930"", ""quantity"": 50, ""executed_price"": 285500.0, ""trade_value"": 14275000.0, ""status"": ""filled"", ""filled_quantity"": 50, ""action_reason"": ""거래량 39% 증가와 기관 매수세로 상승 추세가 명확히 확인되었으므로, 추세 추종 전략에 따라 수익 구간에서 추가 매수합니다.""}]}"
chunk_010_2026-05-06_2026-05-12,2026-05-12,10,A020,"[3431, 3432, 3437, 3445, 3430]",3430,오늘 삼성전자 매도 거래 공유합니다!,trade_share,read,"[""커뮤니티 인플루언서""]","{""portfolio_summary"": {""state_id"": ""ps_A006_t010"", ""agent_id"": ""A006"", ""turn"": 10, ""date"": ""2026-05-12"", ""cash"": 92110500.0, ""positions"": ""[{\""stock_code\"": \""005930\"", \""quantity\"": 45, \""avg_cost\"": 269080.0, \""current_price\"": 279000.0, \""unrealized_pnl\"": 446400.0, \""unrealized_pnl_rate\"": 0.03686635944700461}]"", ""total_value"": 104665500.0, ""realized_pnl"": 4219100.0, ""total_return_rate"": 0.046655, ""updated_at"": ""2026-07-15 22:56:14""}, ""recent_trades"": [{""turn"": 10, ""date"": ""2026-05-12"", ""action"": ""sell"", ""stock_code"": ""005930"", ""quantity"": 45, ""executed_price"": 279000.0, ""trade_value"": 12555000.0, ""status"": ""filled"", ""filled_quantity"": 45, ""action_reason"": ""공시 종가 279,000 원에서 평균 매수 단가 대비 수익 구간이므로 처분 효과에 따라 일부 매도합니다. 파업 리스크로 인한 단기 변동성 확대 우려가 있어 현금 비중을 높입니다.""}, {""turn"": 9, ""date"": ""2026-05-12"", ""action"": ""sell"", ""stock_code"": ""005930"", ""quantity"": 1, ""executed_price"": 290000.0, ""trade_value"": 290000.0, ""status"": ""filled"", ""filled_quantity"": 1, ""action_reason"": ""fallback_decision_after_invalid_llm_output: the model failed to return a valid decision after retry, so the system submitted a minimal valid sell order.""}, {""turn"": 8, ""date"": ""2026-05-11"", ""action"": ""sell"", ""stock_code"": ""005930"", ""quantity"": 100, ""executed_price"": 285500.0, ""trade_value"": 28550000.0, ""status"": ""filled"", ""filled_quantity"": 100, ""action_reason"": ""현재 수익 상태 (미실현손익 +294 만 원) 로 차익 실현 욕구가 강하며, 노사 갈등 뉴스 리스크로 인한 변동성을 경계합니다. 기술적 강세는 유지되나 밸류에이션이 과열된 상태이므로, 수익을 일부 확정하고 위험을 줄이는 것이 신중한 접근입니다. 단일 종목 집중 투자 리스크를 완화하기 위해 보유 물량의 약 50% 를 매도합니다.""}]}"
chunk_010_2026-05-06_2026-05-12,2026-05-12,10,A017,"[3431, 3432, 3437, 3441, 3445]",3431,"[매도 거래 공유] 삼성전자, 노사 파업 리스크 고려한 결정",trade_share,like,[],"{""portfolio_summary"": {""state_id"": ""ps_A008_t010"", ""agent_id"": ""A008"", ""turn"": 10, ""date"": ""2026-05-12"", ""cash"": 885500.0, ""positions"": ""[{\""stock_code\"": \""005930\"", \""quantity\"": 379, \""avg_cost\"": 261561.84210526315, \""current_price\"": 279000.0, \""unrealized_pnl\"": 6609061.842105268, \""unrealized_pnl_rate\"": 0.06666934960535653}]"", ""total_value"": 106626500.0, ""realized_pnl"": 17438.157894736854, ""total_return_rate"": 0.066265, ""updated_at"": ""2026-07-15 22:56:14""}, ""recent_trades"": [{""turn"": 10, ""date"": ""2026-05-12"", ""action"": ""sell"", ""stock_code"": ""005930"", ""quantity"": 1, ""executed_price"": 279000.0, ""trade_value"": 279000.0, ""status"": ""filled"", ""filled_quantity"": 1, ""action_reason"": ""최근 매수 단가 대비 손실 구간 진입 및 노사 파업 리스크로 인한 변동성 확대 우려. 수익 실현을 통해 현금 유동성 확보 및 리스크 관리 필요.""}, {""turn"": 9, ""date"": ""2026-05-12"", ""action"": ""buy"", ""stock_code"": ""005930"", ""quantity"": 2, ""executed_price"": 290000.0, ""trade_value"": 580000.0, ""status"": ""filled"", ""filled_quantity"": 2, ""action_reason"": ""상승 추세와 거시 호재 (GDP, 반도체 업황) 를 신뢰하여 추세 추종 매수를 실행합니다. 다만 현금 여력이 부족하여 최대 허용 수량인 2 주로 제한합니다.""}, {""turn"": 8, ""date"": ""2026-05-11"", ""action"": ""buy"", ""stock_code"": ""005930"", ""quantity"": 3, ""executed_price"": 285500.0, ""trade_value"": 856500.0, ""status"": ""filled"", ""filled_quantity"": 3, ""action_reason"": ""강세 모멘텀 (기관 매수, MA5 상회) 과 고위험 선호 성향을 반영하여 제한된 현금으로 최대 수량 매수. 다만 뉴스 리스크 (노사 분쟁) 를 인지함.""}]}"
chunk_010_2026-05-06_2026-05-12,2026-05-12,10,A017,"[3431, 3432, 3437, 3441, 3445]",3432,"삼성전자, 안정적 업황 속 리스크 관리가 필요하다",analysis,like,"[""커뮤니티 인플루언서""]","{""portfolio_summary"": {""state_id"": ""ps_A007_t010"", ""agent_id"": ""A007"", ""turn"": 10, ""date"": ""2026-05-12"", ""cash"": 105460000.0, ""positions"": ""[]"", ""total_value"": 105460000.0, ""realized_pnl"": 5460000.0, ""total_return_rate"": 0.0546, ""updated_at"": ""2026-07-15 22:56:14""}, ""recent_trades"": [{""turn"": 10, ""date"": ""2026-05-12"", ""action"": ""sell"", ""stock_code"": ""005930"", ""quantity"": 50, ""executed_price"": 279000.0, ""trade_value"": 13950000.0, ""status"": ""filled"", ""filled_quantity"": 50, ""action_reason"": ""밸류에이션 데이터 부족 및 파업 리스크로 단기 매수 보류. 현재 미실현 수익 확정 및 현금 비중 확대를 통해 리스크 관리 우선.""}, {""turn"": 9, ""date"": ""2026-05-12"", ""action"": ""sell"", ""stock_code"": ""005930"", ""quantity"": 50, ""executed_price"": 290000.0, ""trade_value"": 14500000.0, ""status"": ""filled"", ""filled_quantity"": 50, ""action_reason"": ""노사 갈등 리스크와 밸류에이션 불확실성으로 인해 단기 수익 실현을 통한 리스크 관리가 필요합니다. 현재 현금 비중이 높으므로 추가 매수보다는 보유 주식의 일부 매도를 통해 집중 리스크를 완화합니다.""}, {""turn"": 8, ""date"": ""2026-05-11"", ""action"": ""sell"", ""stock_code"": ""005930"", ""quantity"": 50, ""executed_price"": 285500.0, ""trade_value"": 14275000.0, ""status"": ""filled"", ""filled_quantity"": 50, ""action_reason"": ""노사 파업으로 인한 40 조 원 손실 리스크와 단기 급등 (+6.33%) 에 따른 조정 가능성을 고려하여 수익 실현을 우선시합니다. PE 5.2 배의 저평가 매력은 있으나, 불확실성 해소 전까지는 안정적 자산 선호 성향에 따라 위험 노출을 줄입니다.""}]}"
chunk_010_2026-05-06_2026-05-12,2026-05-12,10,A017,"[3431, 3432, 3437, 3441, 3445]",3437,"삼성전자, 신중한 접근이 필요한 시점",analysis,like,[],"{""portfolio_summary"": {""state_id"": ""ps_A015_t010"", ""agent_id"": ""A015"", ""turn"": 10, ""date"": ""2026-05-12"", ""cash"": 88680000.0, ""positions"": ""[{\""stock_code\"": \""005930\"", \""quantity\"": 60, \""avg_cost\"": 265086.2068965517, \""current_price\"": 279000.0, \""unrealized_pnl\"": 834827.5862068974, \""unrealized_pnl_rate\"": 0.05248780487804884}]"", ""total_value"": 105420000.0, ""realized_pnl"": 4585172.413793107, ""total_return_rate"": 0.0542, ""updated_at"": ""2026-07-15 22:56:14""}, ""recent_trades"": [{""turn"": 10, ""date"": ""2026-05-12"", ""action"": ""sell"", ""stock_code"": ""005930"", ""quantity"": 30, ""executed_price"": 279000.0, ""trade_value"": 8370000.0, ""status"": ""filled"", ""filled_quantity"": 30, ""action_reason"": ""밸류에이션 데이터 부재 및 파업 리스크로 단기 변동성 우려가 있으나, AI 슈퍼사이클 장기 관점은 유지합니다. 수익 실현을 통해 현금 비중을 높이고 추가 정보 확인 시 매수 기회를 기다립니다.""}, {""turn"": 9, ""date"": ""2026-05-12"", ""action"": ""sell"", ""stock_code"": ""005930"", ""quantity"": 50, ""executed_price"": 290000.0, ""trade_value"": 14500000.0, ""status"": ""filled"", ""filled_quantity"": 50, ""action_reason"": ""현재 주가 (29 만 원) 가 5 일선 대비 9.5% 프리미엄으로 밸류에이션 부담이 있으며, 노사 갈등 리스크로 인해 안정성 중시 성향에 부합하지 않아 수익 일부 실현합니다.""}, {""turn"": 8, ""date"": ""2026-05-11"", ""action"": ""sell"", ""stock_code"": ""005930"", ""quantity"": 50, ""executed_price"": 285500.0, ""trade_value"": 14275000.0, ""status"": ""filled"", ""filled_quantity"": 50, ""action_reason"": ""단기 6.3% 급등으로 과매수 우려와 파업 협상 불확실성으로 인해 수익 실현을 위해 일부 매도합니다. PER 5.2 배 저평가 매력은 유지하되, 리스크 관리 차원에서 현금 비중을 높입니다.""}]}"
chunk_010_2026-05-06_2026-05-12,2026-05-12,10,A017,"[3431, 3432, 3437, 3441, 3445]",3441,삼성전자 단기 조정 가능성 및 기회 분석,analysis,unlike,[],"{""portfolio_summary"": {""state_id"": ""ps_A020_t010"", ""agent_id"": ""A020"", ""turn"": 10, ""date"": ""2026-05-12"", ""cash"": 17075000.0, ""positions"": ""[{\""stock_code\"": \""005930\"", \""quantity\"": 310, \""avg_cost\"": 276244.2396313365, \""current_price\"": 279000.0, \""unrealized_pnl\"": 854285.7142856932, \""unrealized_pnl_rate\"": 0.009975811160229962}]"", ""total_value"": 103565000.0, ""realized_pnl"": 2710714.285714284, ""total_return_rate"": 0.03565, ""updated_at"": ""2026-07-15 22:56:14""}, ""recent_trades"": [{""turn"": 10, ""date"": ""2026-05-12"", ""action"": ""buy"", ""stock_code"": ""005930"", ""quantity"": 30, ""executed_price"": 279000.0, ""trade_value"": 8370000.0, ""status"": ""filled"", ""filled_quantity"": 30, ""action_reason"": ""MA5 지지선 유지 및 섹터 호조로 중장기 상승 추세 유효. 고위험 성향으로 조정 시 매수 기회로 판단.""}, {""turn"": 9, ""date"": ""2026-05-12"", ""action"": ""buy"", ""stock_code"": ""005930"", ""quantity"": 50, ""executed_price"": 290000.0, ""trade_value"": 14500000.0, ""status"": ""filled"", ""filled_quantity"": 50, ""action_reason"": ""MA5 상향 돌파와 거래량 증가로 상승 추세가 확인되었으며, GDP 성장률 1 위 등 펀더멘털 호재가 파업 리스크를 상쇄하여 고위험 고수익 성향에 따라 추세를 따릅니다.""}, {""turn"": 8, ""date"": ""2026-05-11"", ""action"": ""buy"", ""stock_code"": ""005930"", ""quantity"": 50, ""executed_price"": 285500.0, ""trade_value"": 14275000.0, ""status"": ""filled"", ""filled_quantity"": 50, ""action_reason"": ""기술적 돌파 신호와 거래량 급증으로 상승 추세가 명확하며, 고위험 고수익 선호 성향에 따라 추세 추종을 선택합니다. 반도체 테마 호재가 단기 리스크를 상쇄하고 있습니다.""}]}"
chunk_010_2026-05-06_2026-05-12,2026-05-12,10,A017,"[3431, 3432, 3437, 3441, 3445]",3445,삼성전자 단기 조정 우려와 기술적 지지선 분석,analysis,read,[],"{""portfolio_summary"": {""state_id"": ""ps_A027_t010"", ""agent_id"": ""A027"", ""turn"": 10, ""date"": ""2026-05-12"", ""cash"": 31229000.0, ""positions"": ""[{\""stock_code\"": \""005930\"", \""quantity\"": 249, \""avg_cost\"": 280500.0, \""current_price\"": 279000.0, \""unrealized_pnl\"": -373500.0, \""unrealized_pnl_rate\"": -0.0053475935828877}]"", ""total_value"": 100700000.0, ""realized_pnl"": 1073500.0, ""total_return_rate"": 0.007, ""updated_at"": ""2026-07-15 22:56:14""}, ""recent_trades"": [{""turn"": 10, ""date"": ""2026-05-12"", ""action"": ""sell"", ""stock_code"": ""005930"", ""quantity"": 1, ""executed_price"": 279000.0, ""trade_value"": 279000.0, ""status"": ""filled"", ""filled_quantity"": 1, ""action_reason"": ""fallback_decision_after_invalid_llm_output: the model failed to return a valid decision after retry, so the system submitted a minimal valid sell order.""}, {""turn"": 9, ""date"": ""2026-05-12"", ""action"": ""buy"", ""stock_code"": ""005930"", ""quantity"": 100, ""executed_price"": 290000.0, ""trade_value"": 29000000.0, ""status"": ""filled"", ""filled_quantity"": 100, ""action_reason"": ""29 만 원 돌파와 거래량 증가 등 기술적 신호가 강하며, 목표가 상향 뉴스가 파업 공포를 상쇄합니다. 상승 추세 유지 중이므로 수익 보유 상태에서 추세를 따릅니다.""}, {""turn"": 8, ""date"": ""2026-05-11"", ""action"": ""buy"", ""stock_code"": ""005930"", ""quantity"": 50, ""executed_price"": 285500.0, ""trade_value"": 14275000.0, ""status"": ""filled"", ""filled_quantity"": 50, ""action_reason"": ""거래량 39% 증가와 기관 매수세로 상승 추세가 명확히 확인되었으므로, 추세 추종 전략에 따라 수익 구간에서 추가 매수합니다.""}]}"
chunk_010_2026-05-06_2026-05-12,2026-05-12,10,A015,"[3431, 3432, 3441, 3445, 3438]",3431,"[매도 거래 공유] 삼성전자, 노사 파업 리스크 고려한 결정",trade_share,like,[],"{""portfolio_summary"": {""state_id"": ""ps_A008_t010"", ""agent_id"": ""A008"", ""turn"": 10, ""date"": ""2026-05-12"", ""cash"": 885500.0, ""positions"": ""[{\""stock_code\"": \""005930\"", \""quantity\"": 379, \""avg_cost\"": 261561.84210526315, \""current_price\"": 279000.0, \""unrealized_pnl\"": 6609061.842105268, \""unrealized_pnl_rate\"": 0.06666934960535653}]"", ""total_value"": 106626500.0, ""realized_pnl"": 17438.157894736854, ""total_return_rate"": 0.066265, ""updated_at"": ""2026-07-15 22:56:14""}, ""recent_trades"": [{""turn"": 10, ""date"": ""2026-05-12"", ""action"": ""sell"", ""stock_code"": ""005930"", ""quantity"": 1, ""executed_price"": 279000.0, ""trade_value"": 279000.0, ""status"": ""filled"", ""filled_quantity"": 1, ""action_reason"": ""최근 매수 단가 대비 손실 구간 진입 및 노사 파업 리스크로 인한 변동성 확대 우려. 수익 실현을 통해 현금 유동성 확보 및 리스크 관리 필요.""}, {""turn"": 9, ""date"": ""2026-05-12"", ""action"": ""buy"", ""stock_code"": ""005930"", ""quantity"": 2, ""executed_price"": 290000.0, ""trade_value"": 580000.0, ""status"": ""filled"", ""filled_quantity"": 2, ""action_reason"": ""상승 추세와 거시 호재 (GDP, 반도체 업황) 를 신뢰하여 추세 추종 매수를 실행합니다. 다만 현금 여력이 부족하여 최대 허용 수량인 2 주로 제한합니다.""}, {""turn"": 8, ""date"": ""2026-05-11"", ""action"": ""buy"", ""stock_code"": ""005930"", ""quantity"": 3, ""executed_price"": 285500.0, ""trade_value"": 856500.0, ""status"": ""filled"", ""filled_quantity"": 3, ""action_reason"": ""강세 모멘텀 (기관 매수, MA5 상회) 과 고위험 선호 성향을 반영하여 제한된 현금으로 최대 수량 매수. 다만 뉴스 리스크 (노사 분쟁) 를 인지함.""}]}"
chunk_010_2026-05-06_2026-05-12,2026-05-12,10,A015,"[3431, 3432, 3441, 3445, 3438]",3432,"삼성전자, 안정적 업황 속 리스크 관리가 필요하다",analysis,like,"[""커뮤니티 인플루언서""]","{""portfolio_summary"": {""state_id"": ""ps_A007_t010"", ""agent_id"": ""A007"", ""turn"": 10, ""date"": ""2026-05-12"", ""cash"": 105460000.0, ""positions"": ""[]"", ""total_value"": 105460000.0, ""realized_pnl"": 5460000.0, ""total_return_rate"": 0.0546, ""updated_at"": ""2026-07-15 22:56:14""}, ""recent_trades"": [{""turn"": 10, ""date"": ""2026-05-12"", ""action"": ""sell"", ""stock_code"": ""005930"", ""quantity"": 50, ""executed_price"": 279000.0, ""trade_value"": 13950000.0, ""status"": ""filled"", ""filled_quantity"": 50, ""action_reason"": ""밸류에이션 데이터 부족 및 파업 리스크로 단기 매수 보류. 현재 미실현 수익 확정 및 현금 비중 확대를 통해 리스크 관리 우선.""}, {""turn"": 9, ""date"": ""2026-05-12"", ""action"": ""sell"", ""stock_code"": ""005930"", ""quantity"": 50, ""executed_price"": 290000.0, ""trade_value"": 14500000.0, ""status"": ""filled"", ""filled_quantity"": 50, ""action_reason"": ""노사 갈등 리스크와 밸류에이션 불확실성으로 인해 단기 수익 실현을 통한 리스크 관리가 필요합니다. 현재 현금 비중이 높으므로 추가 매수보다는 보유 주식의 일부 매도를 통해 집중 리스크를 완화합니다.""}, {""turn"": 8, ""date"": ""2026-05-11"", ""action"": ""sell"", ""stock_code"": ""005930"", ""quantity"": 50, ""executed_price"": 285500.0, ""trade_value"": 14275000.0, ""status"": ""filled"", ""filled_quantity"": 50, ""action_reason"": ""노사 파업으로 인한 40 조 원 손실 리스크와 단기 급등 (+6.33%) 에 따른 조정 가능성을 고려하여 수익 실현을 우선시합니다. PE 5.2 배의 저평가 매력은 있으나, 불확실성 해소 전까지는 안정적 자산 선호 성향에 따라 위험 노출을 줄입니다.""}]}"
chunk_010_2026-05-06_2026-05-12,2026-05-12,10,A015,"[3431, 3432, 3441, 3445, 3438]",3441,삼성전자 단기 조정 가능성 및 기회 분석,analysis,unlike,[],"{""portfolio_summary"": {""state_id"": ""ps_A020_t010"", ""agent_id"": ""A020"", ""turn"": 10, ""date"": ""2026-05-12"", ""cash"": 17075000.0, ""positions"": ""[{\""stock_code\"": \""005930\"", \""quantity\"": 310, \""avg_cost\"": 276244.2396313365, \""current_price\"": 279000.0, \""unrealized_pnl\"": 854285.7142856932, \""unrealized_pnl_rate\"": 0.009975811160229962}]"", ""total_value"": 103565000.0, ""realized_pnl"": 2710714.285714284, ""total_return_rate"": 0.03565, ""updated_at"": ""2026-07-15 22:56:14""}, ""recent_trades"": [{""turn"": 10, ""date"": ""2026-05-12"", ""action"": ""buy"", ""stock_code"": ""005930"", ""quantity"": 30, ""executed_price"": 279000.0, ""trade_value"": 8370000.0, ""status"": ""filled"", ""filled_quantity"": 30, ""action_reason"": ""MA5 지지선 유지 및 섹터 호조로 중장기 상승 추세 유효. 고위험 성향으로 조정 시 매수 기회로 판단.""}, {""turn"": 9, ""date"": ""2026-05-12"", ""action"": ""buy"", ""stock_code"": ""005930"", ""quantity"": 50, ""executed_price"": 290000.0, ""trade_value"": 14500000.0, ""status"": ""filled"", ""filled_quantity"": 50, ""action_reason"": ""MA5 상향 돌파와 거래량 증가로 상승 추세가 확인되었으며, GDP 성장률 1 위 등 펀더멘털 호재가 파업 리스크를 상쇄하여 고위험 고수익 성향에 따라 추세를 따릅니다.""}, {""turn"": 8, ""date"": ""2026-05-11"", ""action"": ""buy"", ""stock_code"": ""005930"", ""quantity"": 50, ""executed_price"": 285500.0, ""trade_value"": 14275000.0, ""status"": ""filled"", ""filled_quantity"": 50, ""action_reason"": ""기술적 돌파 신호와 거래량 급증으로 상승 추세가 명확하며, 고위험 고수익 선호 성향에 따라 추세 추종을 선택합니다. 반도체 테마 호재가 단기 리스크를 상쇄하고 있습니다.""}]}"
chunk_010_2026-05-06_2026-05-12,2026-05-12,10,A015,"[3431, 3432, 3441, 3445, 3438]",3445,삼성전자 단기 조정 우려와 기술적 지지선 분석,analysis,like,[],"{""portfolio_summary"": {""state_id"": ""ps_A027_t010"", ""agent_id"": ""A027"", ""turn"": 10, ""date"": ""2026-05-12"", ""cash"": 31229000.0, ""positions"": ""[{\""stock_code\"": \""005930\"", \""quantity\"": 249, \""avg_cost\"": 280500.0, \""current_price\"": 279000.0, \""unrealized_pnl\"": -373500.0, \""unrealized_pnl_rate\"": -0.0053475935828877}]"", ""total_value"": 100700000.0, ""realized_pnl"": 1073500.0, ""total_return_rate"": 0.007, ""updated_at"": ""2026-07-15 22:56:14""}, ""recent_trades"": [{""turn"": 10, ""date"": ""2026-05-12"", ""action"": ""sell"", ""stock_code"": ""005930"", ""quantity"": 1, ""executed_price"": 279000.0, ""trade_value"": 279000.0, ""status"": ""filled"", ""filled_quantity"": 1, ""action_reason"": ""fallback_decision_after_invalid_llm_output: the model failed to return a valid decision after retry, so the system submitted a minimal valid sell order.""}, {""turn"": 9, ""date"": ""2026-05-12"", ""action"": ""buy"", ""stock_code"": ""005930"", ""quantity"": 100, ""executed_price"": 290000.0, ""trade_value"": 29000000.0, ""status"": ""filled"", ""filled_quantity"": 100, ""action_reason"": ""29 만 원 돌파와 거래량 증가 등 기술적 신호가 강하며, 목표가 상향 뉴스가 파업 공포를 상쇄합니다. 상승 추세 유지 중이므로 수익 보유 상태에서 추세를 따릅니다.""}, {""turn"": 8, ""date"": ""2026-05-11"", ""action"": ""buy"", ""stock_code"": ""005930"", ""quantity"": 50, ""executed_price"": 285500.0, ""trade_value"": 14275000.0, ""status"": ""filled"", ""filled_quantity"": 50, ""action_reason"": ""거래량 39% 증가와 기관 매수세로 상승 추세가 명확히 확인되었으므로, 추세 추종 전략에 따라 수익 구간에서 추가 매수합니다.""}]}"
chunk_010_2026-05-06_2026-05-12,2026-05-12,10,A015,"[3431, 3432, 3441, 3445, 3438]",3438,현재 삼성전자 상황 분석 및 향후 전망,analysis,read,"[""상위 수익자"", ""자산가""]","{""portfolio_summary"": {""state_id"": ""ps_A013_t010"", ""agent_id"": ""A013"", ""turn"": 10, ""date"": ""2026-05-12"", ""cash"": 10261000.0, ""positions"": ""[{\""stock_code\"": \""005930\"", \""quantity\"": 348, \""avg_cost\"": 264245.76357591216, \""current_price\"": 279000.0, \""unrealized_pnl\"": 5134474.275582568, \""unrealized_pnl_rate\"": 0.05583528085531355}]"", ""total_value"": 107353000.0, ""realized_pnl"": 2218525.7244174266, ""total_return_rate"": 0.07353, ""updated_at"": ""2026-07-15 22:56:14""}, ""recent_trades"": [{""turn"": 10, ""date"": ""2026-05-12"", ""action"": ""sell"", ""stock_code"": ""005930"", ""quantity"": 12, ""executed_price"": 279000.0, ""trade_value"": 3348000.0, ""status"": ""filled"", ""filled_quantity"": 12, ""action_reason"": ""수익 실현 욕구 (처분효과) 에 따라 단기 파업 리스크로 인한 조정 가능성을 피하기 위해 매도합니다. 현금 비중이 낮아 매도 후 현금 확보가 필요합니다.""}, {""turn"": 9, ""date"": ""2026-05-12"", ""action"": ""buy"", ""stock_code"": ""005930"", ""quantity"": 23, ""executed_price"": 290000.0, ""trade_value"": 6670000.0, ""status"": ""filled"", ""filled_quantity"": 23, ""action_reason"": ""반도체 성장률 1 위와 목표가 상향세로 상승 모멘텀이 강하며, 기술적 돌파 신호 유효. 현금 비중 낮아 추가 매수로 상승 여력 확보.""}, {""turn"": 8, ""date"": ""2026-05-11"", ""action"": ""buy"", ""stock_code"": ""005930"", ""quantity"": 35, ""executed_price"": 285500.0, ""trade_value"": 9992500.0, ""status"": ""filled"", ""filled_quantity"": 35, ""action_reason"": ""기술적 돌파 신호와 기관 매수세 (24 조 원) 를 신뢰하며, 어제의 처분효과로 인한 수익 손실 경험을 보완하기 위해 추종 매수합니다. 반도체 테마와 저평가 매력은 유지됩니다.""}]}"
chunk_010_2026-05-06_2026-05-12,2026-05-12,10,A025,"[3431, 3432, 3437, 3441, 3445]",3431,"[매도 거래 공유] 삼성전자, 노사 파업 리스크 고려한 결정",trade_share,like,[],null
chunk_010_2026-05-06_2026-05-12,2026-05-12,10,A025,"[3431, 3432, 3437, 3441, 3445]",3432,"삼성전자, 안정적 업황 속 리스크 관리가 필요하다",analysis,like,"[""커뮤니티 인플루언서""]",null
chunk_010_2026-05-06_2026-05-12,2026-05-12,10,A025,"[3431, 3432, 3437, 3441, 3445]",3437,"삼성전자, 신중한 접근이 필요한 시점",analysis,like,[],null
chunk_010_2026-05-06_2026-05-12,2026-05-12,10,A025,"[3431, 3432, 3437, 3441, 3445]",3441,삼성전자 단기 조정 가능성 및 기회 분석,analysis,read,[],null
chunk_010_2026-05-06_2026-05-12,2026-05-12,10,A025,"[3431, 3432, 3437, 3441, 3445]",3445,삼성전자 단기 조정 우려와 기술적 지지선 분석,analysis,unlike,[],null
chunk_010_2026-05-06_2026-05-12,2026-05-12,10,A022,"[3431, 3432, 3437, 3441, 3445]",3431,"[매도 거래 공유] 삼성전자, 노사 파업 리스크 고려한 결정",trade_share,like,[],null
chunk_010_2026-05-06_2026-05-12,2026-05-12,10,A022,"[3431, 3432, 3437, 3441, 3445]",3432,"삼성전자, 안정적 업황 속 리스크 관리가 필요하다",analysis,like,"[""커뮤니티 인플루언서""]",null
chunk_010_2026-05-06_2026-05-12,2026-05-12,10,A022,"[3431, 3432, 3437, 3441, 3445]",3437,"삼성전자, 신중한 접근이 필요한 시점",analysis,like,[],null
chunk_010_2026-05-06_2026-05-12,2026-05-12,10,A022,"[3431, 3432, 3437, 3441, 3445]",3441,삼성전자 단기 조정 가능성 및 기회 분석,analysis,read,[],null
chunk_010_2026-05-06_2026-05-12,2026-05-12,10,A022,"[3431, 3432, 3437, 3441, 3445]",3445,삼성전자 단기 조정 우려와 기술적 지지선 분석,analysis,unlike,[],null
chunk_010_2026-05-06_2026-05-12,2026-05-12,10,A027,"[3431, 3432, 3437, 3441, 3444]",3431,"[매도 거래 공유] 삼성전자, 노사 파업 리스크 고려한 결정",trade_share,like,[],null
chunk_010_2026-05-06_2026-05-12,2026-05-12,10,A027,"[3431, 3432, 3437, 3441, 3444]",3432,"삼성전자, 안정적 업황 속 리스크 관리가 필요하다",analysis,like,"[""커뮤니티 인플루언서""]",null
chunk_010_2026-05-06_2026-05-12,2026-05-12,10,A027,"[3431, 3432, 3437, 3441, 3444]",3437,"삼성전자, 신중한 접근이 필요한 시점",analysis,like,[],null
chunk_010_2026-05-06_2026-05-12,2026-05-12,10,A027,"[3431, 3432, 3437, 3441, 3444]",3441,삼성전자 단기 조정 가능성 및 기회 분석,analysis,read,[],null
chunk_010_2026-05-06_2026-05-12,2026-05-12,10,A027,"[3431, 3432, 3437, 3441, 3444]",3444,단기 리스크 관리 차원에서 일부 매도했습니다.,trade_share,like,[],null
chunk_010_2026-05-06_2026-05-12,2026-05-12,10,A026,"[3431, 3432, 3437, 3441, 3445]",3431,"[매도 거래 공유] 삼성전자, 노사 파업 리스크 고려한 결정",trade_share,like,[],null
chunk_010_2026-05-06_2026-05-12,2026-05-12,10,A026,"[3431, 3432, 3437, 3441, 3445]",3432,"삼성전자, 안정적 업황 속 리스크 관리가 필요하다",analysis,like,"[""커뮤니티 인플루언서""]",null
chunk_010_2026-05-06_2026-05-12,2026-05-12,10,A026,"[3431, 3432, 3437, 3441, 3445]",3437,"삼성전자, 신중한 접근이 필요한 시점",analysis,like,[],null
chunk_010_2026-05-06_2026-05-12,2026-05-12,10,A026,"[3431, 3432, 3437, 3441, 3445]",3441,삼성전자 단기 조정 가능성 및 기회 분석,analysis,read,[],null
chunk_010_2026-05-06_2026-05-12,2026-05-12,10,A026,"[3431, 3432, 3437, 3441, 3445]",3445,삼성전자 단기 조정 우려와 기술적 지지선 분석,analysis,unlike,[],null
