run_id,date,turn,subturn,stock_code,agent_id,action,quantity,executed_price,status
simulation_20260715_000826_158697_23249,2026-02-27,1,am,005930,A001,buy,200,210000.0,filled
simulation_20260715_000826_158697_23249,2026-02-27,1,am,005930,A002,buy,200,210000.0,filled
simulation_20260715_000826_158697_23249,2026-02-27,1,am,005930,A003,buy,238,210000.0,filled
simulation_20260715_000826_158697_23249,2026-02-27,1,am,005930,A004,buy,238,210000.0,filled
simulation_20260715_000826_158697_23249,2026-02-27,1,am,005930,A005,buy,238,210000.0,filled
simulation_20260715_000826_158697_23249,2026-02-27,1,am,005930,A006,buy,238,210000.0,filled
simulation_20260715_000826_158697_23249,2026-02-27,1,am,005930,A007,buy,200,210000.0,filled
simulation_20260715_000826_158697_23249,2026-02-27,1,am,005930,A008,buy,238,210000.0,filled
simulation_20260715_000826_158697_23249,2026-02-27,1,am,005930,A009,buy,200,210000.0,filled
simulation_20260715_000826_158697_23249,2026-02-27,1,am,005930,A010,buy,238,210000.0,filled
simulation_20260715_000826_158697_23249,2026-02-27,1,am,005930,A011,buy,238,210000.0,filled
simulation_20260715_000826_158697_23249,2026-02-27,1,am,005930,A012,buy,238,210000.0,filled
simulation_20260715_000826_158697_23249,2026-02-27,1,am,005930,A013,buy,238,210000.0,filled
simulation_20260715_000826_158697_23249,2026-02-27,1,am,005930,A014,buy,238,210000.0,filled
simulation_20260715_000826_158697_23249,2026-02-27,1,am,005930,A015,buy,100,210000.0,filled
simulation_20260715_000826_158697_23249,2026-02-27,1,am,005930,A016,buy,238,210000.0,filled
simulation_20260715_000826_158697_23249,2026-02-27,1,am,005930,A017,buy,238,210000.0,filled
simulation_20260715_000826_158697_23249,2026-02-27,1,am,005930,A018,buy,238,210000.0,filled
simulation_20260715_000826_158697_23249,2026-02-27,1,am,005930,A019,buy,200,210000.0,filled
simulation_20260715_000826_158697_23249,2026-02-27,1,am,005930,A020,buy,238,210000.0,filled
simulation_20260715_000826_158697_23249,2026-02-27,1,am,005930,A021,buy,200,210000.0,filled
simulation_20260715_000826_158697_23249,2026-02-27,1,am,005930,A022,buy,238,210000.0,filled
simulation_20260715_000826_158697_23249,2026-02-27,1,am,005930,A023,buy,238,210000.0,filled
simulation_20260715_000826_158697_23249,2026-02-27,1,am,005930,A024,buy,238,210000.0,filled
simulation_20260715_000826_158697_23249,2026-02-27,1,am,005930,A025,buy,238,210000.0,filled
simulation_20260715_000826_158697_23249,2026-02-27,1,am,005930,A026,buy,238,210000.0,filled
simulation_20260715_000826_158697_23249,2026-02-27,1,am,005930,A027,buy,238,210000.0,filled
simulation_20260715_000826_158697_23249,2026-02-27,1,am,005930,A028,buy,238,210000.0,filled
simulation_20260715_000826_158697_23249,2026-02-27,1,am,005930,A029,buy,238,210000.0,filled
simulation_20260715_000826_158697_23249,2026-02-27,1,am,005930,A030,buy,120,210000.0,filled
simulation_20260715_000826_158697_23249,2026-02-27,2,pm,005930,A001,buy,50,216500.0,filled
simulation_20260715_000826_158697_23249,2026-02-27,2,pm,005930,A002,buy,10,216500.0,filled
simulation_20260715_000826_158697_23249,2026-02-27,2,pm,005930,A003,buy,115,216500.0,filled
simulation_20260715_000826_158697_23249,2026-02-27,2,pm,005930,A005,buy,115,216500.0,filled
simulation_20260715_000826_158697_23249,2026-02-27,2,pm,005930,A008,buy,115,216500.0,filled
simulation_20260715_000826_158697_23249,2026-02-27,2,pm,005930,A009,buy,133,216500.0,filled
simulation_20260715_000826_158697_23249,2026-02-27,2,pm,005930,A010,buy,115,216500.0,filled
simulation_20260715_000826_158697_23249,2026-02-27,2,pm,005930,A014,buy,50,216500.0,filled
simulation_20260715_000826_158697_23249,2026-02-27,2,pm,005930,A016,buy,50,216500.0,filled
simulation_20260715_000826_158697_23249,2026-02-27,2,pm,005930,A017,buy,100,216500.0,filled
simulation_20260715_000826_158697_23249,2026-02-27,2,pm,005930,A020,buy,100,216500.0,filled
simulation_20260715_000826_158697_23249,2026-02-27,2,pm,005930,A021,buy,100,216500.0,filled
simulation_20260715_000826_158697_23249,2026-02-27,2,pm,005930,A022,buy,100,216500.0,filled
simulation_20260715_000826_158697_23249,2026-02-27,2,pm,005930,A024,buy,115,216500.0,filled
simulation_20260715_000826_158697_23249,2026-02-27,2,pm,005930,A025,buy,115,216500.0,filled
simulation_20260715_000826_158697_23249,2026-02-27,2,pm,005930,A026,buy,100,216500.0,filled
simulation_20260715_000826_158697_23249,2026-02-27,2,pm,005930,A027,buy,100,216500.0,filled
simulation_20260715_000826_158697_23249,2026-02-27,2,pm,005930,A028,buy,115,216500.0,filled
simulation_20260715_000826_158697_23249,2026-02-27,2,pm,005930,A030,buy,50,216500.0,filled
simulation_20260715_000826_158697_23249,2026-02-27,2,pm,005930,A004,sell,115,216500.0,filled
simulation_20260715_000826_158697_23249,2026-02-27,2,pm,005930,A006,sell,120,216500.0,filled
simulation_20260715_000826_158697_23249,2026-02-27,2,pm,005930,A007,sell,100,216500.0,filled
simulation_20260715_000826_158697_23249,2026-02-27,2,pm,005930,A011,sell,1,216500.0,filled
simulation_20260715_000826_158697_23249,2026-02-27,2,pm,005930,A012,sell,100,216500.0,filled
simulation_20260715_000826_158697_23249,2026-02-27,2,pm,005930,A013,sell,1,216500.0,filled
simulation_20260715_000826_158697_23249,2026-02-27,2,pm,005930,A015,sell,1,216500.0,filled
simulation_20260715_000826_158697_23249,2026-02-27,2,pm,005930,A018,sell,120,216500.0,filled
simulation_20260715_000826_158697_23249,2026-02-27,2,pm,005930,A019,sell,133,216500.0,filled
simulation_20260715_000826_158697_23249,2026-02-27,2,pm,005930,A023,sell,50,216500.0,filled
simulation_20260715_000826_158697_23249,2026-02-27,2,pm,005930,A029,sell,120,216500.0,filled
simulation_20260715_000826_158697_23249,2026-03-03,3,am,005930,A001,buy,100,209500.0,filled
simulation_20260715_000826_158697_23249,2026-03-03,3,am,005930,A002,buy,100,209500.0,filled
simulation_20260715_000826_158697_23249,2026-03-03,3,am,005930,A003,buy,50,209500.0,filled
simulation_20260715_000826_158697_23249,2026-03-03,3,am,005930,A004,buy,150,209500.0,filled
simulation_20260715_000826_158697_23249,2026-03-03,3,am,005930,A005,buy,59,209500.0,filled
simulation_20260715_000826_158697_23249,2026-03-03,3,am,005930,A006,buy,180,209500.0,filled
simulation_20260715_000826_158697_23249,2026-03-03,3,am,005930,A007,buy,100,209500.0,filled
simulation_20260715_000826_158697_23249,2026-03-03,3,am,005930,A008,buy,59,209500.0,filled
simulation_20260715_000826_158697_23249,2026-03-03,3,am,005930,A009,buy,60,209500.0,filled
simulation_20260715_000826_158697_23249,2026-03-03,3,am,005930,A010,buy,50,209500.0,filled
simulation_20260715_000826_158697_23249,2026-03-03,3,am,005930,A011,buy,119,209500.0,filled
simulation_20260715_000826_158697_23249,2026-03-03,3,am,005930,A012,buy,150,209500.0,filled
simulation_20260715_000826_158697_23249,2026-03-03,3,am,005930,A013,buy,50,209500.0,filled
simulation_20260715_000826_158697_23249,2026-03-03,3,am,005930,A014,buy,50,209500.0,filled
simulation_20260715_000826_158697_23249,2026-03-03,3,am,005930,A015,buy,100,209500.0,filled
simulation_20260715_000826_158697_23249,2026-03-03,3,am,005930,A016,buy,50,209500.0,filled
simulation_20260715_000826_158697_23249,2026-03-03,3,am,005930,A017,buy,50,209500.0,filled
simulation_20260715_000826_158697_23249,2026-03-03,3,am,005930,A018,buy,100,209500.0,filled
simulation_20260715_000826_158697_23249,2026-03-03,3,am,005930,A019,buy,100,209500.0,filled
simulation_20260715_000826_158697_23249,2026-03-03,3,am,005930,A020,buy,50,209500.0,filled
simulation_20260715_000826_158697_23249,2026-03-03,3,am,005930,A021,buy,50,209500.0,filled
simulation_20260715_000826_158697_23249,2026-03-03,3,am,005930,A022,buy,67,209500.0,filled
simulation_20260715_000826_158697_23249,2026-03-03,3,am,005930,A023,buy,145,209500.0,filled
simulation_20260715_000826_158697_23249,2026-03-03,3,am,005930,A024,buy,50,209500.0,filled
simulation_20260715_000826_158697_23249,2026-03-03,3,am,005930,A025,buy,50,209500.0,filled
simulation_20260715_000826_158697_23249,2026-03-03,3,am,005930,A026,buy,67,209500.0,filled
simulation_20260715_000826_158697_23249,2026-03-03,3,am,005930,A027,buy,67,209500.0,filled
simulation_20260715_000826_158697_23249,2026-03-03,3,am,005930,A028,buy,59,209500.0,filled
simulation_20260715_000826_158697_23249,2026-03-03,3,am,005930,A029,buy,181,209500.0,filled
simulation_20260715_000826_158697_23249,2026-03-03,3,am,005930,A030,buy,100,209500.0,filled
simulation_20260715_000826_158697_23249,2026-03-03,4,pm,005930,A001,buy,30,195100.0,filled
simulation_20260715_000826_158697_23249,2026-03-03,4,pm,005930,A003,buy,37,195100.0,filled
simulation_20260715_000826_158697_23249,2026-03-03,4,pm,005930,A004,buy,100,195100.0,filled
simulation_20260715_000826_158697_23249,2026-03-03,4,pm,005930,A005,buy,32,195100.0,filled
simulation_20260715_000826_158697_23249,2026-03-03,4,pm,005930,A006,buy,98,195100.0,filled
simulation_20260715_000826_158697_23249,2026-03-03,4,pm,005930,A007,buy,100,195100.0,filled
simulation_20260715_000826_158697_23249,2026-03-03,4,pm,005930,A008,buy,32,195100.0,filled
simulation_20260715_000826_158697_23249,2026-03-03,4,pm,005930,A009,buy,42,195100.0,filled
simulation_20260715_000826_158697_23249,2026-03-03,4,pm,005930,A010,buy,37,195100.0,filled
simulation_20260715_000826_158697_23249,2026-03-03,4,pm,005930,A011,buy,64,195100.0,filled
simulation_20260715_000826_158697_23249,2026-03-03,4,pm,005930,A012,buy,100,195100.0,filled
simulation_20260715_000826_158697_23249,2026-03-03,4,pm,005930,A013,buy,101,195100.0,filled
simulation_20260715_000826_158697_23249,2026-03-03,4,pm,005930,A014,buy,50,195100.0,filled
simulation_20260715_000826_158697_23249,2026-03-03,4,pm,005930,A015,buy,100,195100.0,filled
simulation_20260715_000826_158697_23249,2026-03-03,4,pm,005930,A016,buy,50,195100.0,filled
simulation_20260715_000826_158697_23249,2026-03-03,4,pm,005930,A018,buy,141,195100.0,filled
simulation_20260715_000826_158697_23249,2026-03-03,4,pm,005930,A019,buy,100,195100.0,filled
simulation_20260715_000826_158697_23249,2026-03-03,4,pm,005930,A021,buy,66,195100.0,filled
simulation_20260715_000826_158697_23249,2026-03-03,4,pm,005930,A022,buy,36,195100.0,filled
simulation_20260715_000826_158697_23249,2026-03-03,4,pm,005930,A023,buy,78,195100.0,filled
simulation_20260715_000826_158697_23249,2026-03-03,4,pm,005930,A024,buy,37,195100.0,filled
simulation_20260715_000826_158697_23249,2026-03-03,4,pm,005930,A025,buy,15,195100.0,filled
simulation_20260715_000826_158697_23249,2026-03-03,4,pm,005930,A026,buy,36,195100.0,filled
simulation_20260715_000826_158697_23249,2026-03-03,4,pm,005930,A027,buy,36,195100.0,filled
simulation_20260715_000826_158697_23249,2026-03-03,4,pm,005930,A028,buy,32,195100.0,filled
simulation_20260715_000826_158697_23249,2026-03-03,4,pm,005930,A029,buy,97,195100.0,filled
simulation_20260715_000826_158697_23249,2026-03-03,4,pm,005930,A002,sell,50,195100.0,filled
simulation_20260715_000826_158697_23249,2026-03-03,4,pm,005930,A017,sell,45,195100.0,filled
simulation_20260715_000826_158697_23249,2026-03-03,4,pm,005930,A020,sell,45,195100.0,filled
simulation_20260715_000826_158697_23249,2026-03-03,4,pm,005930,A030,sell,50,195100.0,filled
simulation_20260715_000826_158697_23249,2026-03-04,5,am,005930,A002,buy,50,184200.0,filled
simulation_20260715_000826_158697_23249,2026-03-04,5,am,005930,A004,buy,65,184200.0,filled
simulation_20260715_000826_158697_23249,2026-03-04,5,am,005930,A005,buy,10,184200.0,filled
simulation_20260715_000826_158697_23249,2026-03-04,5,am,005930,A007,buy,50,184200.0,filled
simulation_20260715_000826_158697_23249,2026-03-04,5,am,005930,A008,buy,17,184200.0,filled
simulation_20260715_000826_158697_23249,2026-03-04,5,am,005930,A009,buy,22,184200.0,filled
simulation_20260715_000826_158697_23249,2026-03-04,5,am,005930,A010,buy,20,184200.0,filled
simulation_20260715_000826_158697_23249,2026-03-04,5,am,005930,A011,buy,34,184200.0,filled
simulation_20260715_000826_158697_23249,2026-03-04,5,am,005930,A012,buy,56,184200.0,filled
simulation_20260715_000826_158697_23249,2026-03-04,5,am,005930,A013,buy,54,184200.0,filled
simulation_20260715_000826_158697_23249,2026-03-04,5,am,005930,A015,buy,100,184200.0,filled
simulation_20260715_000826_158697_23249,2026-03-04,5,am,005930,A016,buy,10,184200.0,filled
simulation_20260715_000826_158697_23249,2026-03-04,5,am,005930,A017,buy,50,184200.0,filled
simulation_20260715_000826_158697_23249,2026-03-04,5,am,005930,A018,buy,74,184200.0,filled
simulation_20260715_000826_158697_23249,2026-03-04,5,am,005930,A019,buy,125,184200.0,filled
simulation_20260715_000826_158697_23249,2026-03-04,5,am,005930,A020,buy,60,184200.0,filled
simulation_20260715_000826_158697_23249,2026-03-04,5,am,005930,A021,buy,15,184200.0,filled
simulation_20260715_000826_158697_23249,2026-03-04,5,am,005930,A022,buy,10,184200.0,filled
simulation_20260715_000826_158697_23249,2026-03-04,5,am,005930,A023,buy,41,184200.0,filled
simulation_20260715_000826_158697_23249,2026-03-04,5,am,005930,A024,buy,20,184200.0,filled
simulation_20260715_000826_158697_23249,2026-03-04,5,am,005930,A025,buy,15,184200.0,filled
simulation_20260715_000826_158697_23249,2026-03-04,5,am,005930,A026,buy,19,184200.0,filled
simulation_20260715_000826_158697_23249,2026-03-04,5,am,005930,A028,buy,17,184200.0,filled
simulation_20260715_000826_158697_23249,2026-03-04,5,am,005930,A029,buy,51,184200.0,filled
simulation_20260715_000826_158697_23249,2026-03-04,5,am,005930,A030,buy,100,184200.0,filled
simulation_20260715_000826_158697_23249,2026-03-04,5,am,005930,A001,sell,1,184200.0,filled
simulation_20260715_000826_158697_23249,2026-03-04,5,am,005930,A003,sell,1,184200.0,filled
simulation_20260715_000826_158697_23249,2026-03-04,5,am,005930,A006,sell,50,184200.0,filled
simulation_20260715_000826_158697_23249,2026-03-04,5,am,005930,A014,sell,50,184200.0,filled
simulation_20260715_000826_158697_23249,2026-03-04,5,am,005930,A027,sell,100,184200.0,filled
simulation_20260715_000826_158697_23249,2026-03-04,6,pm,005930,A001,buy,30,172200.0,filled
simulation_20260715_000826_158697_23249,2026-03-04,6,pm,005930,A011,buy,19,172200.0,filled
simulation_20260715_000826_158697_23249,2026-03-04,6,pm,005930,A012,buy,20,172200.0,filled
simulation_20260715_000826_158697_23249,2026-03-04,6,pm,005930,A013,buy,29,172200.0,filled
simulation_20260715_000826_158697_23249,2026-03-04,6,pm,005930,A015,buy,30,172200.0,filled
simulation_20260715_000826_158697_23249,2026-03-04,6,pm,005930,A016,buy,10,172200.0,filled
simulation_20260715_000826_158697_23249,2026-03-04,6,pm,005930,A018,buy,40,172200.0,filled
simulation_20260715_000826_158697_23249,2026-03-04,6,pm,005930,A019,buy,30,172200.0,filled
simulation_20260715_000826_158697_23249,2026-03-04,6,pm,005930,A020,buy,45,172200.0,filled
simulation_20260715_000826_158697_23249,2026-03-04,6,pm,005930,A023,buy,22,172200.0,filled
simulation_20260715_000826_158697_23249,2026-03-04,6,pm,005930,A026,buy,11,172200.0,filled
simulation_20260715_000826_158697_23249,2026-03-04,6,pm,005930,A028,buy,9,172200.0,filled
simulation_20260715_000826_158697_23249,2026-03-04,6,pm,005930,A029,buy,28,172200.0,filled
simulation_20260715_000826_158697_23249,2026-03-04,6,pm,005930,A030,buy,10,172200.0,filled
simulation_20260715_000826_158697_23249,2026-03-04,6,pm,005930,A002,sell,50,172200.0,filled
simulation_20260715_000826_158697_23249,2026-03-04,6,pm,005930,A003,sell,20,172200.0,filled
simulation_20260715_000826_158697_23249,2026-03-04,6,pm,005930,A004,sell,100,172200.0,filled
simulation_20260715_000826_158697_23249,2026-03-04,6,pm,005930,A005,sell,10,172200.0,filled
simulation_20260715_000826_158697_23249,2026-03-04,6,pm,005930,A006,sell,82,172200.0,filled
simulation_20260715_000826_158697_23249,2026-03-04,6,pm,005930,A007,sell,50,172200.0,filled
simulation_20260715_000826_158697_23249,2026-03-04,6,pm,005930,A008,sell,200,172200.0,filled
simulation_20260715_000826_158697_23249,2026-03-04,6,pm,005930,A009,sell,457,172200.0,filled
simulation_20260715_000826_158697_23249,2026-03-04,6,pm,005930,A010,sell,10,172200.0,filled
simulation_20260715_000826_158697_23249,2026-03-04,6,pm,005930,A014,sell,50,172200.0,filled
simulation_20260715_000826_158697_23249,2026-03-04,6,pm,005930,A017,sell,50,172200.0,filled
simulation_20260715_000826_158697_23249,2026-03-04,6,pm,005930,A021,sell,431,172200.0,filled
simulation_20260715_000826_158697_23249,2026-03-04,6,pm,005930,A022,sell,15,172200.0,filled
simulation_20260715_000826_158697_23249,2026-03-04,6,pm,005930,A024,sell,460,172200.0,filled
simulation_20260715_000826_158697_23249,2026-03-04,6,pm,005930,A025,sell,433,172200.0,filled
simulation_20260715_000826_158697_23249,2026-03-04,6,pm,005930,A027,sell,341,172200.0,filled
simulation_20260715_000826_158697_23249,2026-03-05,7,am,005930,A001,buy,30,195000.0,filled
simulation_20260715_000826_158697_23249,2026-03-05,7,am,005930,A002,buy,50,195000.0,filled
simulation_20260715_000826_158697_23249,2026-03-05,7,am,005930,A003,buy,28,195000.0,filled
simulation_20260715_000826_158697_23249,2026-03-05,7,am,005930,A004,buy,74,195000.0,filled
simulation_20260715_000826_158697_23249,2026-03-05,7,am,005930,A005,buy,16,195000.0,filled
simulation_20260715_000826_158697_23249,2026-03-05,7,am,005930,A006,buy,80,195000.0,filled
simulation_20260715_000826_158697_23249,2026-03-05,7,am,005930,A007,buy,50,195000.0,filled
simulation_20260715_000826_158697_23249,2026-03-05,7,am,005930,A008,buy,70,195000.0,filled
simulation_20260715_000826_158697_23249,2026-03-05,7,am,005930,A009,buy,150,195000.0,filled
simulation_20260715_000826_158697_23249,2026-03-05,7,am,005930,A010,buy,14,195000.0,filled
simulation_20260715_000826_158697_23249,2026-03-05,7,am,005930,A011,buy,8,195000.0,filled
simulation_20260715_000826_158697_23249,2026-03-05,7,am,005930,A012,buy,17,195000.0,filled
simulation_20260715_000826_158697_23249,2026-03-05,7,am,005930,A013,buy,13,195000.0,filled
simulation_20260715_000826_158697_23249,2026-03-05,7,am,005930,A017,buy,66,195000.0,filled
simulation_20260715_000826_158697_23249,2026-03-05,7,am,005930,A018,buy,18,195000.0,filled
simulation_20260715_000826_158697_23249,2026-03-05,7,am,005930,A019,buy,30,195000.0,filled
simulation_20260715_000826_158697_23249,2026-03-05,7,am,005930,A020,buy,20,195000.0,filled
simulation_20260715_000826_158697_23249,2026-03-05,7,am,005930,A021,buy,100,195000.0,filled
simulation_20260715_000826_158697_23249,2026-03-05,7,am,005930,A022,buy,10,195000.0,filled
simulation_20260715_000826_158697_23249,2026-03-05,7,am,005930,A023,buy,10,195000.0,filled
simulation_20260715_000826_158697_23249,2026-03-05,7,am,005930,A024,buy,210,195000.0,filled
simulation_20260715_000826_158697_23249,2026-03-05,7,am,005930,A025,buy,200,195000.0,filled
simulation_20260715_000826_158697_23249,2026-03-05,7,am,005930,A026,buy,4,195000.0,filled
simulation_20260715_000826_158697_23249,2026-03-05,7,am,005930,A027,buy,216,195000.0,filled
simulation_20260715_000826_158697_23249,2026-03-05,7,am,005930,A028,buy,4,195000.0,filled
simulation_20260715_000826_158697_23249,2026-03-05,7,am,005930,A029,buy,12,195000.0,filled
simulation_20260715_000826_158697_23249,2026-03-05,7,am,005930,A030,buy,50,195000.0,filled
simulation_20260715_000826_158697_23249,2026-03-05,7,am,005930,A014,sell,50,195000.0,filled
simulation_20260715_000826_158697_23249,2026-03-05,7,am,005930,A015,sell,50,195000.0,filled
simulation_20260715_000826_158697_23249,2026-03-05,7,am,005930,A016,sell,10,195000.0,filled
simulation_20260715_000826_158697_23249,2026-03-05,8,pm,005930,A002,buy,50,191600.0,filled
simulation_20260715_000826_158697_23249,2026-03-05,8,pm,005930,A004,buy,30,191600.0,filled
simulation_20260715_000826_158697_23249,2026-03-05,8,pm,005930,A006,buy,50,191600.0,filled
simulation_20260715_000826_158697_23249,2026-03-05,8,pm,005930,A007,buy,75,191600.0,filled
simulation_20260715_000826_158697_23249,2026-03-05,8,pm,005930,A010,buy,7,191600.0,filled
simulation_20260715_000826_158697_23249,2026-03-05,8,pm,005930,A011,buy,4,191600.0,filled
simulation_20260715_000826_158697_23249,2026-03-05,8,pm,005930,A012,buy,5,191600.0,filled
simulation_20260715_000826_158697_23249,2026-03-05,8,pm,005930,A013,buy,6,191600.0,filled
simulation_20260715_000826_158697_23249,2026-03-05,8,pm,005930,A016,buy,45,191600.0,filled
simulation_20260715_000826_158697_23249,2026-03-05,8,pm,005930,A018,buy,9,191600.0,filled
simulation_20260715_000826_158697_23249,2026-03-05,8,pm,005930,A019,buy,10,191600.0,filled
simulation_20260715_000826_158697_23249,2026-03-05,8,pm,005930,A021,buy,100,191600.0,filled
simulation_20260715_000826_158697_23249,2026-03-05,8,pm,005930,A023,buy,5,191600.0,filled
simulation_20260715_000826_158697_23249,2026-03-05,8,pm,005930,A024,buy,109,191600.0,filled
simulation_20260715_000826_158697_23249,2026-03-05,8,pm,005930,A025,buy,100,191600.0,filled
simulation_20260715_000826_158697_23249,2026-03-05,8,pm,005930,A026,buy,2,191600.0,filled
simulation_20260715_000826_158697_23249,2026-03-05,8,pm,005930,A028,buy,2,191600.0,filled
simulation_20260715_000826_158697_23249,2026-03-05,8,pm,005930,A029,buy,6,191600.0,filled
simulation_20260715_000826_158697_23249,2026-03-05,8,pm,005930,A030,buy,40,191600.0,filled
simulation_20260715_000826_158697_23249,2026-03-05,8,pm,005930,A001,sell,24,191600.0,filled
simulation_20260715_000826_158697_23249,2026-03-05,8,pm,005930,A003,sell,1,191600.0,filled
simulation_20260715_000826_158697_23249,2026-03-05,8,pm,005930,A005,sell,8,191600.0,filled
simulation_20260715_000826_158697_23249,2026-03-05,8,pm,005930,A008,sell,50,191600.0,filled
simulation_20260715_000826_158697_23249,2026-03-05,8,pm,005930,A009,sell,140,191600.0,filled
simulation_20260715_000826_158697_23249,2026-03-05,8,pm,005930,A014,sell,50,191600.0,filled
simulation_20260715_000826_158697_23249,2026-03-05,8,pm,005930,A015,sell,50,191600.0,filled
simulation_20260715_000826_158697_23249,2026-03-05,8,pm,005930,A017,sell,50,191600.0,filled
simulation_20260715_000826_158697_23249,2026-03-05,8,pm,005930,A020,sell,10,191600.0,filled
simulation_20260715_000826_158697_23249,2026-03-05,8,pm,005930,A022,sell,15,191600.0,filled
simulation_20260715_000826_158697_23249,2026-03-05,8,pm,005930,A027,sell,216,191600.0,filled
simulation_20260715_000826_158697_23249,2026-03-06,9,am,005930,A002,buy,30,186100.0,filled
simulation_20260715_000826_158697_23249,2026-03-06,9,am,005930,A003,buy,15,186100.0,filled
simulation_20260715_000826_158697_23249,2026-03-06,9,am,005930,A004,buy,24,186100.0,filled
simulation_20260715_000826_158697_23249,2026-03-06,9,am,005930,A005,buy,12,186100.0,filled
simulation_20260715_000826_158697_23249,2026-03-06,9,am,005930,A006,buy,40,186100.0,filled
simulation_20260715_000826_158697_23249,2026-03-06,9,am,005930,A007,buy,10,186100.0,filled
simulation_20260715_000826_158697_23249,2026-03-06,9,am,005930,A008,buy,90,186100.0,filled
simulation_20260715_000826_158697_23249,2026-03-06,9,am,005930,A010,buy,3,186100.0,filled
simulation_20260715_000826_158697_23249,2026-03-06,9,am,005930,A011,buy,2,186100.0,filled
simulation_20260715_000826_158697_23249,2026-03-06,9,am,005930,A012,buy,7,186100.0,filled
simulation_20260715_000826_158697_23249,2026-03-06,9,am,005930,A013,buy,3,186100.0,filled
simulation_20260715_000826_158697_23249,2026-03-06,9,am,005930,A014,buy,50,186100.0,filled
simulation_20260715_000826_158697_23249,2026-03-06,9,am,005930,A015,buy,50,186100.0,filled
simulation_20260715_000826_158697_23249,2026-03-06,9,am,005930,A016,buy,15,186100.0,filled
simulation_20260715_000826_158697_23249,2026-03-06,9,am,005930,A018,buy,4,186100.0,filled
simulation_20260715_000826_158697_23249,2026-03-06,9,am,005930,A019,buy,15,186100.0,filled
simulation_20260715_000826_158697_23249,2026-03-06,9,am,005930,A020,buy,15,186100.0,filled
simulation_20260715_000826_158697_23249,2026-03-06,9,am,005930,A021,buy,100,186100.0,filled
simulation_20260715_000826_158697_23249,2026-03-06,9,am,005930,A022,buy,15,186100.0,filled
simulation_20260715_000826_158697_23249,2026-03-06,9,am,005930,A023,buy,2,186100.0,filled
simulation_20260715_000826_158697_23249,2026-03-06,9,am,005930,A024,buy,56,186100.0,filled
simulation_20260715_000826_158697_23249,2026-03-06,9,am,005930,A025,buy,30,186100.0,filled
simulation_20260715_000826_158697_23249,2026-03-06,9,am,005930,A026,buy,2,186100.0,filled
simulation_20260715_000826_158697_23249,2026-03-06,9,am,005930,A027,buy,200,186100.0,filled
simulation_20260715_000826_158697_23249,2026-03-06,9,am,005930,A028,buy,1,186100.0,filled
simulation_20260715_000826_158697_23249,2026-03-06,9,am,005930,A029,buy,3,186100.0,filled
simulation_20260715_000826_158697_23249,2026-03-06,9,am,005930,A030,buy,20,186100.0,filled
simulation_20260715_000826_158697_23249,2026-03-06,9,am,005930,A001,sell,20,186100.0,filled
simulation_20260715_000826_158697_23249,2026-03-06,9,am,005930,A009,sell,10,186100.0,filled
simulation_20260715_000826_158697_23249,2026-03-06,9,am,005930,A017,sell,50,186100.0,filled
simulation_20260715_000826_158697_23249,2026-03-06,10,pm,005930,A001,buy,40,188200.0,filled
simulation_20260715_000826_158697_23249,2026-03-06,10,pm,005930,A002,buy,50,188200.0,filled
simulation_20260715_000826_158697_23249,2026-03-06,10,pm,005930,A003,buy,7,188200.0,filled
simulation_20260715_000826_158697_23249,2026-03-06,10,pm,005930,A004,buy,12,188200.0,filled
simulation_20260715_000826_158697_23249,2026-03-06,10,pm,005930,A005,buy,6,188200.0,filled
simulation_20260715_000826_158697_23249,2026-03-06,10,pm,005930,A006,buy,10,188200.0,filled
simulation_20260715_000826_158697_23249,2026-03-06,10,pm,005930,A007,buy,33,188200.0,filled
simulation_20260715_000826_158697_23249,2026-03-06,10,pm,005930,A008,buy,45,188200.0,filled
simulation_20260715_000826_158697_23249,2026-03-06,10,pm,005930,A009,buy,219,188200.0,filled
simulation_20260715_000826_158697_23249,2026-03-06,10,pm,005930,A010,buy,2,188200.0,filled
simulation_20260715_000826_158697_23249,2026-03-06,10,pm,005930,A011,buy,1,188200.0,filled
simulation_20260715_000826_158697_23249,2026-03-06,10,pm,005930,A012,buy,3,188200.0,filled
simulation_20260715_000826_158697_23249,2026-03-06,10,pm,005930,A014,buy,50,188200.0,filled
simulation_20260715_000826_158697_23249,2026-03-06,10,pm,005930,A015,buy,50,188200.0,filled
simulation_20260715_000826_158697_23249,2026-03-06,10,pm,005930,A016,buy,15,188200.0,filled
simulation_20260715_000826_158697_23249,2026-03-06,10,pm,005930,A017,buy,50,188200.0,filled
simulation_20260715_000826_158697_23249,2026-03-06,10,pm,005930,A018,buy,2,188200.0,filled
simulation_20260715_000826_158697_23249,2026-03-06,10,pm,005930,A019,buy,20,188200.0,filled
simulation_20260715_000826_158697_23249,2026-03-06,10,pm,005930,A020,buy,6,188200.0,filled
simulation_20260715_000826_158697_23249,2026-03-06,10,pm,005930,A021,buy,10,188200.0,filled
simulation_20260715_000826_158697_23249,2026-03-06,10,pm,005930,A023,buy,1,188200.0,filled
simulation_20260715_000826_158697_23249,2026-03-06,10,pm,005930,A024,buy,28,188200.0,filled
simulation_20260715_000826_158697_23249,2026-03-06,10,pm,005930,A025,buy,30,188200.0,filled
simulation_20260715_000826_158697_23249,2026-03-06,10,pm,005930,A026,buy,1,188200.0,filled
simulation_20260715_000826_158697_23249,2026-03-06,10,pm,005930,A027,buy,100,188200.0,filled
simulation_20260715_000826_158697_23249,2026-03-06,10,pm,005930,A028,buy,1,188200.0,filled
simulation_20260715_000826_158697_23249,2026-03-06,10,pm,005930,A029,buy,2,188200.0,filled
simulation_20260715_000826_158697_23249,2026-03-06,10,pm,005930,A013,sell,2,188200.0,filled
simulation_20260715_000826_158697_23249,2026-03-06,10,pm,005930,A022,sell,10,188200.0,filled
simulation_20260715_000826_158697_23249,2026-03-06,10,pm,005930,A030,sell,50,188200.0,filled
simulation_20260715_000826_158697_23249,2026-03-09,11,am,005930,A004,buy,6,173500.0,filled
simulation_20260715_000826_158697_23249,2026-03-09,11,am,005930,A007,buy,10,173500.0,filled
simulation_20260715_000826_158697_23249,2026-03-09,11,am,005930,A010,buy,1,173500.0,filled
simulation_20260715_000826_158697_23249,2026-03-09,11,am,005930,A011,buy,1,173500.0,filled
simulation_20260715_000826_158697_23249,2026-03-09,11,am,005930,A016,buy,1,173500.0,filled
simulation_20260715_000826_158697_23249,2026-03-09,11,am,005930,A019,buy,11,173500.0,filled
simulation_20260715_000826_158697_23249,2026-03-09,11,am,005930,A023,buy,1,173500.0,filled
simulation_20260715_000826_158697_23249,2026-03-09,11,am,005930,A025,buy,40,173500.0,filled
simulation_20260715_000826_158697_23249,2026-03-09,11,am,005930,A029,buy,1,173500.0,filled
simulation_20260715_000826_158697_23249,2026-03-09,11,am,005930,A030,buy,10,173500.0,filled
simulation_20260715_000826_158697_23249,2026-03-09,11,am,005930,A001,sell,150,173500.0,filled
simulation_20260715_000826_158697_23249,2026-03-09,11,am,005930,A002,sell,28,173500.0,filled
simulation_20260715_000826_158697_23249,2026-03-09,11,am,005930,A003,sell,4,173500.0,filled
simulation_20260715_000826_158697_23249,2026-03-09,11,am,005930,A005,sell,1,173500.0,filled
simulation_20260715_000826_158697_23249,2026-03-09,11,am,005930,A006,sell,23,173500.0,filled
simulation_20260715_000826_158697_23249,2026-03-09,11,am,005930,A008,sell,24,173500.0,filled
simulation_20260715_000826_158697_23249,2026-03-09,11,am,005930,A009,sell,119,173500.0,filled
simulation_20260715_000826_158697_23249,2026-03-09,11,am,005930,A012,sell,10,173500.0,filled
simulation_20260715_000826_158697_23249,2026-03-09,11,am,005930,A013,sell,1,173500.0,filled
simulation_20260715_000826_158697_23249,2026-03-09,11,am,005930,A014,sell,100,173500.0,filled
simulation_20260715_000826_158697_23249,2026-03-09,11,am,005930,A015,sell,20,173500.0,filled
simulation_20260715_000826_158697_23249,2026-03-09,11,am,005930,A017,sell,100,173500.0,filled
simulation_20260715_000826_158697_23249,2026-03-09,11,am,005930,A018,sell,1,173500.0,filled
simulation_20260715_000826_158697_23249,2026-03-09,11,am,005930,A020,sell,5,173500.0,filled
simulation_20260715_000826_158697_23249,2026-03-09,11,am,005930,A021,sell,72,173500.0,filled
simulation_20260715_000826_158697_23249,2026-03-09,11,am,005930,A022,sell,10,173500.0,filled
simulation_20260715_000826_158697_23249,2026-03-09,11,am,005930,A024,sell,403,173500.0,filled
simulation_20260715_000826_158697_23249,2026-03-09,11,am,005930,A026,sell,260,173500.0,filled
simulation_20260715_000826_158697_23249,2026-03-09,11,am,005930,A027,sell,79,173500.0,filled
simulation_20260715_000826_158697_23249,2026-03-09,11,am,005930,A028,sell,250,173500.0,filled
simulation_20260715_000826_158697_23249,2026-03-09,12,pm,005930,A001,buy,100,173500.0,filled
simulation_20260715_000826_158697_23249,2026-03-09,12,pm,005930,A002,buy,30,173500.0,filled
simulation_20260715_000826_158697_23249,2026-03-09,12,pm,005930,A003,buy,6,173500.0,filled
simulation_20260715_000826_158697_23249,2026-03-09,12,pm,005930,A004,buy,3,173500.0,filled
simulation_20260715_000826_158697_23249,2026-03-09,12,pm,005930,A005,buy,4,173500.0,filled
simulation_20260715_000826_158697_23249,2026-03-09,12,pm,005930,A006,buy,34,173500.0,filled
simulation_20260715_000826_158697_23249,2026-03-09,12,pm,005930,A007,buy,10,173500.0,filled
simulation_20260715_000826_158697_23249,2026-03-09,12,pm,005930,A008,buy,36,173500.0,filled
simulation_20260715_000826_158697_23249,2026-03-09,12,pm,005930,A013,buy,4,173500.0,filled
simulation_20260715_000826_158697_23249,2026-03-09,12,pm,005930,A015,buy,50,173500.0,filled
simulation_20260715_000826_158697_23249,2026-03-09,12,pm,005930,A016,buy,1,173500.0,filled
simulation_20260715_000826_158697_23249,2026-03-09,12,pm,005930,A018,buy,2,173500.0,filled
simulation_20260715_000826_158697_23249,2026-03-09,12,pm,005930,A019,buy,5,173500.0,filled
simulation_20260715_000826_158697_23249,2026-03-09,12,pm,005930,A020,buy,8,173500.0,filled
simulation_20260715_000826_158697_23249,2026-03-09,12,pm,005930,A022,buy,25,173500.0,filled
simulation_20260715_000826_158697_23249,2026-03-09,12,pm,005930,A024,buy,200,173500.0,filled
simulation_20260715_000826_158697_23249,2026-03-09,12,pm,005930,A026,buy,130,173500.0,filled
simulation_20260715_000826_158697_23249,2026-03-09,12,pm,005930,A028,buy,100,173500.0,filled
simulation_20260715_000826_158697_23249,2026-03-09,12,pm,005930,A030,buy,10,173500.0,filled
simulation_20260715_000826_158697_23249,2026-03-09,12,pm,005930,A009,sell,100,173500.0,filled
simulation_20260715_000826_158697_23249,2026-03-09,12,pm,005930,A010,sell,1,173500.0,filled
simulation_20260715_000826_158697_23249,2026-03-09,12,pm,005930,A011,sell,1,173500.0,filled
simulation_20260715_000826_158697_23249,2026-03-09,12,pm,005930,A012,sell,7,173500.0,filled
simulation_20260715_000826_158697_23249,2026-03-09,12,pm,005930,A014,sell,50,173500.0,filled
simulation_20260715_000826_158697_23249,2026-03-09,12,pm,005930,A017,sell,100,173500.0,filled
simulation_20260715_000826_158697_23249,2026-03-09,12,pm,005930,A021,sell,50,173500.0,filled
simulation_20260715_000826_158697_23249,2026-03-09,12,pm,005930,A023,sell,1,173500.0,filled
simulation_20260715_000826_158697_23249,2026-03-09,12,pm,005930,A025,sell,20,173500.0,filled
simulation_20260715_000826_158697_23249,2026-03-09,12,pm,005930,A027,sell,100,173500.0,filled
simulation_20260715_000826_158697_23249,2026-03-09,12,pm,005930,A029,sell,499,173500.0,filled
simulation_20260715_000826_158697_23249,2026-03-10,13,am,005930,A001,buy,50,187600.0,filled
simulation_20260715_000826_158697_23249,2026-03-10,13,am,005930,A003,buy,3,187600.0,filled
simulation_20260715_000826_158697_23249,2026-03-10,13,am,005930,A004,buy,2,187600.0,filled
simulation_20260715_000826_158697_23249,2026-03-10,13,am,005930,A006,buy,10,187600.0,filled
simulation_20260715_000826_158697_23249,2026-03-10,13,am,005930,A008,buy,17,187600.0,filled
simulation_20260715_000826_158697_23249,2026-03-10,13,am,005930,A009,buy,100,187600.0,filled
simulation_20260715_000826_158697_23249,2026-03-10,13,am,005930,A010,buy,1,187600.0,filled
simulation_20260715_000826_158697_23249,2026-03-10,13,am,005930,A011,buy,1,187600.0,filled
simulation_20260715_000826_158697_23249,2026-03-10,13,am,005930,A012,buy,10,187600.0,filled
simulation_20260715_000826_158697_23249,2026-03-10,13,am,005930,A013,buy,1,187600.0,filled
simulation_20260715_000826_158697_23249,2026-03-10,13,am,005930,A015,buy,20,187600.0,filled
simulation_20260715_000826_158697_23249,2026-03-10,13,am,005930,A016,buy,5,187600.0,filled
simulation_20260715_000826_158697_23249,2026-03-10,13,am,005930,A017,buy,50,187600.0,filled
simulation_20260715_000826_158697_23249,2026-03-10,13,am,005930,A019,buy,2,187600.0,filled
simulation_20260715_000826_158697_23249,2026-03-10,13,am,005930,A020,buy,3,187600.0,filled
simulation_20260715_000826_158697_23249,2026-03-10,13,am,005930,A021,buy,100,187600.0,filled
simulation_20260715_000826_158697_23249,2026-03-10,13,am,005930,A022,buy,14,187600.0,filled
simulation_20260715_000826_158697_23249,2026-03-10,13,am,005930,A023,buy,1,187600.0,filled
simulation_20260715_000826_158697_23249,2026-03-10,13,am,005930,A024,buy,108,187600.0,filled
simulation_20260715_000826_158697_23249,2026-03-10,13,am,005930,A025,buy,20,187600.0,filled
simulation_20260715_000826_158697_23249,2026-03-10,13,am,005930,A026,buy,60,187600.0,filled
simulation_20260715_000826_158697_23249,2026-03-10,13,am,005930,A027,buy,100,187600.0,filled
simulation_20260715_000826_158697_23249,2026-03-10,13,am,005930,A028,buy,70,187600.0,filled
simulation_20260715_000826_158697_23249,2026-03-10,13,am,005930,A029,buy,231,187600.0,filled
simulation_20260715_000826_158697_23249,2026-03-10,13,am,005930,A030,buy,20,187600.0,filled
simulation_20260715_000826_158697_23249,2026-03-10,13,am,005930,A002,sell,24,187600.0,filled
simulation_20260715_000826_158697_23249,2026-03-10,13,am,005930,A005,sell,1,187600.0,filled
simulation_20260715_000826_158697_23249,2026-03-10,13,am,005930,A007,sell,20,187600.0,filled
simulation_20260715_000826_158697_23249,2026-03-10,13,am,005930,A014,sell,30,187600.0,filled
simulation_20260715_000826_158697_23249,2026-03-10,13,am,005930,A018,sell,1,187600.0,filled
simulation_20260715_000826_158697_23249,2026-03-10,14,pm,005930,A001,buy,25,187900.0,filled
simulation_20260715_000826_158697_23249,2026-03-10,14,pm,005930,A003,buy,2,187900.0,filled
simulation_20260715_000826_158697_23249,2026-03-10,14,pm,005930,A004,buy,1,187900.0,filled
simulation_20260715_000826_158697_23249,2026-03-10,14,pm,005930,A005,buy,2,187900.0,filled
simulation_20260715_000826_158697_23249,2026-03-10,14,pm,005930,A006,buy,11,187900.0,filled
simulation_20260715_000826_158697_23249,2026-03-10,14,pm,005930,A007,buy,10,187900.0,filled
simulation_20260715_000826_158697_23249,2026-03-10,14,pm,005930,A008,buy,8,187900.0,filled
simulation_20260715_000826_158697_23249,2026-03-10,14,pm,005930,A013,buy,1,187900.0,filled
simulation_20260715_000826_158697_23249,2026-03-10,14,pm,005930,A014,buy,100,187900.0,filled
simulation_20260715_000826_158697_23249,2026-03-10,14,pm,005930,A015,buy,18,187900.0,filled
simulation_20260715_000826_158697_23249,2026-03-10,14,pm,005930,A016,buy,4,187900.0,filled
simulation_20260715_000826_158697_23249,2026-03-10,14,pm,005930,A017,buy,50,187900.0,filled
simulation_20260715_000826_158697_23249,2026-03-10,14,pm,005930,A018,buy,1,187900.0,filled
simulation_20260715_000826_158697_23249,2026-03-10,14,pm,005930,A019,buy,1,187900.0,filled
simulation_20260715_000826_158697_23249,2026-03-10,14,pm,005930,A020,buy,2,187900.0,filled
simulation_20260715_000826_158697_23249,2026-03-10,14,pm,005930,A021,buy,20,187900.0,filled
simulation_20260715_000826_158697_23249,2026-03-10,14,pm,005930,A022,buy,7,187900.0,filled
simulation_20260715_000826_158697_23249,2026-03-10,14,pm,005930,A024,buy,54,187900.0,filled
simulation_20260715_000826_158697_23249,2026-03-10,14,pm,005930,A025,buy,18,187900.0,filled
simulation_20260715_000826_158697_23249,2026-03-10,14,pm,005930,A026,buy,30,187900.0,filled
simulation_20260715_000826_158697_23249,2026-03-10,14,pm,005930,A028,buy,35,187900.0,filled
simulation_20260715_000826_158697_23249,2026-03-10,14,pm,005930,A030,buy,10,187900.0,filled
simulation_20260715_000826_158697_23249,2026-03-10,14,pm,005930,A002,sell,100,187900.0,filled
simulation_20260715_000826_158697_23249,2026-03-10,14,pm,005930,A009,sell,100,187900.0,filled
simulation_20260715_000826_158697_23249,2026-03-10,14,pm,005930,A010,sell,1,187900.0,filled
simulation_20260715_000826_158697_23249,2026-03-10,14,pm,005930,A011,sell,1,187900.0,filled
simulation_20260715_000826_158697_23249,2026-03-10,14,pm,005930,A012,sell,5,187900.0,filled
simulation_20260715_000826_158697_23249,2026-03-10,14,pm,005930,A023,sell,1,187900.0,filled
simulation_20260715_000826_158697_23249,2026-03-10,14,pm,005930,A027,sell,100,187900.0,filled
simulation_20260715_000826_158697_23249,2026-03-10,14,pm,005930,A029,sell,115,187900.0,filled
simulation_20260715_000826_158697_23249,2026-03-11,15,am,005930,A002,buy,60,193000.0,filled
simulation_20260715_000826_158697_23249,2026-03-11,15,am,005930,A003,buy,1,193000.0,filled
simulation_20260715_000826_158697_23249,2026-03-11,15,am,005930,A005,buy,1,193000.0,filled
simulation_20260715_000826_158697_23249,2026-03-11,15,am,005930,A006,buy,5,193000.0,filled
simulation_20260715_000826_158697_23249,2026-03-11,15,am,005930,A008,buy,4,193000.0,filled
simulation_20260715_000826_158697_23249,2026-03-11,15,am,005930,A009,buy,150,193000.0,filled
simulation_20260715_000826_158697_23249,2026-03-11,15,am,005930,A010,buy,1,193000.0,filled
simulation_20260715_000826_158697_23249,2026-03-11,15,am,005930,A011,buy,1,193000.0,filled
simulation_20260715_000826_158697_23249,2026-03-11,15,am,005930,A012,buy,7,193000.0,filled
simulation_20260715_000826_158697_23249,2026-03-11,15,am,005930,A014,buy,100,193000.0,filled
simulation_20260715_000826_158697_23249,2026-03-11,15,am,005930,A015,buy,8,193000.0,filled
simulation_20260715_000826_158697_23249,2026-03-11,15,am,005930,A016,buy,2,193000.0,filled
simulation_20260715_000826_158697_23249,2026-03-11,15,am,005930,A017,buy,50,193000.0,filled
simulation_20260715_000826_158697_23249,2026-03-11,15,am,005930,A018,buy,1,193000.0,filled
simulation_20260715_000826_158697_23249,2026-03-11,15,am,005930,A019,buy,1,193000.0,filled
simulation_20260715_000826_158697_23249,2026-03-11,15,am,005930,A020,buy,1,193000.0,filled
simulation_20260715_000826_158697_23249,2026-03-11,15,am,005930,A021,buy,30,193000.0,filled
simulation_20260715_000826_158697_23249,2026-03-11,15,am,005930,A022,buy,3,193000.0,filled
simulation_20260715_000826_158697_23249,2026-03-11,15,am,005930,A023,buy,1,193000.0,filled
simulation_20260715_000826_158697_23249,2026-03-11,15,am,005930,A024,buy,26,193000.0,filled
simulation_20260715_000826_158697_23249,2026-03-11,15,am,005930,A026,buy,15,193000.0,filled
simulation_20260715_000826_158697_23249,2026-03-11,15,am,005930,A027,buy,100,193000.0,filled
simulation_20260715_000826_158697_23249,2026-03-11,15,am,005930,A028,buy,17,193000.0,filled
simulation_20260715_000826_158697_23249,2026-03-11,15,am,005930,A029,buy,150,193000.0,filled
simulation_20260715_000826_158697_23249,2026-03-11,15,am,005930,A030,buy,20,193000.0,filled
simulation_20260715_000826_158697_23249,2026-03-11,15,am,005930,A001,sell,10,193000.0,filled
simulation_20260715_000826_158697_23249,2026-03-11,15,am,005930,A004,sell,1,193000.0,filled
simulation_20260715_000826_158697_23249,2026-03-11,15,am,005930,A007,sell,10,193000.0,filled
simulation_20260715_000826_158697_23249,2026-03-11,15,am,005930,A013,sell,1,193000.0,filled
simulation_20260715_000826_158697_23249,2026-03-11,15,am,005930,A025,sell,100,193000.0,filled
simulation_20260715_000826_158697_23249,2026-03-11,16,pm,005930,A002,buy,55,190000.0,filled
simulation_20260715_000826_158697_23249,2026-03-11,16,pm,005930,A004,buy,1,190000.0,filled
simulation_20260715_000826_158697_23249,2026-03-11,16,pm,005930,A005,buy,1,190000.0,filled
simulation_20260715_000826_158697_23249,2026-03-11,16,pm,005930,A006,buy,3,190000.0,filled
simulation_20260715_000826_158697_23249,2026-03-11,16,pm,005930,A008,buy,2,190000.0,filled
simulation_20260715_000826_158697_23249,2026-03-11,16,pm,005930,A013,buy,1,190000.0,filled
simulation_20260715_000826_158697_23249,2026-03-11,16,pm,005930,A015,buy,5,190000.0,filled
simulation_20260715_000826_158697_23249,2026-03-11,16,pm,005930,A016,buy,1,190000.0,filled
simulation_20260715_000826_158697_23249,2026-03-11,16,pm,005930,A017,buy,30,190000.0,filled
simulation_20260715_000826_158697_23249,2026-03-11,16,pm,005930,A022,buy,2,190000.0,filled
simulation_20260715_000826_158697_23249,2026-03-11,16,pm,005930,A024,buy,13,190000.0,filled
simulation_20260715_000826_158697_23249,2026-03-11,16,pm,005930,A025,buy,30,190000.0,filled
simulation_20260715_000826_158697_23249,2026-03-11,16,pm,005930,A026,buy,7,190000.0,filled
simulation_20260715_000826_158697_23249,2026-03-11,16,pm,005930,A030,buy,10,190000.0,filled
simulation_20260715_000826_158697_23249,2026-03-11,16,pm,005930,A001,sell,10,190000.0,filled
simulation_20260715_000826_158697_23249,2026-03-11,16,pm,005930,A003,sell,100,190000.0,filled
simulation_20260715_000826_158697_23249,2026-03-11,16,pm,005930,A007,sell,10,190000.0,filled
simulation_20260715_000826_158697_23249,2026-03-11,16,pm,005930,A009,sell,150,190000.0,filled
simulation_20260715_000826_158697_23249,2026-03-11,16,pm,005930,A010,sell,1,190000.0,filled
simulation_20260715_000826_158697_23249,2026-03-11,16,pm,005930,A011,sell,1,190000.0,filled
simulation_20260715_000826_158697_23249,2026-03-11,16,pm,005930,A012,sell,3,190000.0,filled
simulation_20260715_000826_158697_23249,2026-03-11,16,pm,005930,A014,sell,80,190000.0,filled
simulation_20260715_000826_158697_23249,2026-03-11,16,pm,005930,A018,sell,100,190000.0,filled
simulation_20260715_000826_158697_23249,2026-03-11,16,pm,005930,A019,sell,1,190000.0,filled
simulation_20260715_000826_158697_23249,2026-03-11,16,pm,005930,A020,sell,1,190000.0,filled
simulation_20260715_000826_158697_23249,2026-03-11,16,pm,005930,A021,sell,20,190000.0,filled
simulation_20260715_000826_158697_23249,2026-03-11,16,pm,005930,A023,sell,1,190000.0,filled
simulation_20260715_000826_158697_23249,2026-03-11,16,pm,005930,A027,sell,100,190000.0,filled
simulation_20260715_000826_158697_23249,2026-03-11,16,pm,005930,A028,sell,450,190000.0,filled
simulation_20260715_000826_158697_23249,2026-03-11,16,pm,005930,A029,sell,1,190000.0,filled
simulation_20260715_000826_158697_23249,2026-03-12,17,am,005930,A001,buy,10,186600.0,filled
simulation_20260715_000826_158697_23249,2026-03-12,17,am,005930,A002,buy,28,186600.0,filled
simulation_20260715_000826_158697_23249,2026-03-12,17,am,005930,A003,buy,50,186600.0,filled
simulation_20260715_000826_158697_23249,2026-03-12,17,am,005930,A006,buy,1,186600.0,filled
simulation_20260715_000826_158697_23249,2026-03-12,17,am,005930,A007,buy,23,186600.0,filled
simulation_20260715_000826_158697_23249,2026-03-12,17,am,005930,A008,buy,1,186600.0,filled
simulation_20260715_000826_158697_23249,2026-03-12,17,am,005930,A009,buy,150,186600.0,filled
simulation_20260715_000826_158697_23249,2026-03-12,17,am,005930,A010,buy,1,186600.0,filled
simulation_20260715_000826_158697_23249,2026-03-12,17,am,005930,A011,buy,1,186600.0,filled
simulation_20260715_000826_158697_23249,2026-03-12,17,am,005930,A012,buy,5,186600.0,filled
simulation_20260715_000826_158697_23249,2026-03-12,17,am,005930,A014,buy,100,186600.0,filled
simulation_20260715_000826_158697_23249,2026-03-12,17,am,005930,A015,buy,2,186600.0,filled
simulation_20260715_000826_158697_23249,2026-03-12,17,am,005930,A016,buy,1,186600.0,filled
simulation_20260715_000826_158697_23249,2026-03-12,17,am,005930,A017,buy,30,186600.0,filled
simulation_20260715_000826_158697_23249,2026-03-12,17,am,005930,A018,buy,50,186600.0,filled
simulation_20260715_000826_158697_23249,2026-03-12,17,am,005930,A019,buy,1,186600.0,filled
simulation_20260715_000826_158697_23249,2026-03-12,17,am,005930,A020,buy,1,186600.0,filled
simulation_20260715_000826_158697_23249,2026-03-12,17,am,005930,A021,buy,30,186600.0,filled
simulation_20260715_000826_158697_23249,2026-03-12,17,am,005930,A022,buy,1,186600.0,filled
simulation_20260715_000826_158697_23249,2026-03-12,17,am,005930,A023,buy,1,186600.0,filled
simulation_20260715_000826_158697_23249,2026-03-12,17,am,005930,A024,buy,7,186600.0,filled
simulation_20260715_000826_158697_23249,2026-03-12,17,am,005930,A025,buy,45,186600.0,filled
simulation_20260715_000826_158697_23249,2026-03-12,17,am,005930,A026,buy,4,186600.0,filled
simulation_20260715_000826_158697_23249,2026-03-12,17,am,005930,A027,buy,100,186600.0,filled
simulation_20260715_000826_158697_23249,2026-03-12,17,am,005930,A028,buy,238,186600.0,filled
simulation_20260715_000826_158697_23249,2026-03-12,17,am,005930,A029,buy,97,186600.0,filled
simulation_20260715_000826_158697_23249,2026-03-12,17,am,005930,A030,buy,10,186600.0,filled
simulation_20260715_000826_158697_23249,2026-03-12,17,am,005930,A004,sell,1,186600.0,filled
simulation_20260715_000826_158697_23249,2026-03-12,17,am,005930,A005,sell,1,186600.0,filled
simulation_20260715_000826_158697_23249,2026-03-12,17,am,005930,A013,sell,1,186600.0,filled
simulation_20260715_000826_158697_23249,2026-03-12,18,pm,005930,A001,buy,10,187900.0,filled
simulation_20260715_000826_158697_23249,2026-03-12,18,pm,005930,A002,buy,14,187900.0,filled
simulation_20260715_000826_158697_23249,2026-03-12,18,pm,005930,A003,buy,26,187900.0,filled
simulation_20260715_000826_158697_23249,2026-03-12,18,pm,005930,A004,buy,1,187900.0,filled
simulation_20260715_000826_158697_23249,2026-03-12,18,pm,005930,A005,buy,1,187900.0,filled
simulation_20260715_000826_158697_23249,2026-03-12,18,pm,005930,A006,buy,1,187900.0,filled
simulation_20260715_000826_158697_23249,2026-03-12,18,pm,005930,A007,buy,11,187900.0,filled
simulation_20260715_000826_158697_23249,2026-03-12,18,pm,005930,A008,buy,1,187900.0,filled
simulation_20260715_000826_158697_23249,2026-03-12,18,pm,005930,A009,buy,100,187900.0,filled
simulation_20260715_000826_158697_23249,2026-03-12,18,pm,005930,A012,buy,3,187900.0,filled
simulation_20260715_000826_158697_23249,2026-03-12,18,pm,005930,A013,buy,1,187900.0,filled
simulation_20260715_000826_158697_23249,2026-03-12,18,pm,005930,A014,buy,50,187900.0,filled
simulation_20260715_000826_158697_23249,2026-03-12,18,pm,005930,A015,buy,1,187900.0,filled
simulation_20260715_000826_158697_23249,2026-03-12,18,pm,005930,A017,buy,30,187900.0,filled
simulation_20260715_000826_158697_23249,2026-03-12,18,pm,005930,A018,buy,26,187900.0,filled
simulation_20260715_000826_158697_23249,2026-03-12,18,pm,005930,A021,buy,20,187900.0,filled
simulation_20260715_000826_158697_23249,2026-03-12,18,pm,005930,A024,buy,3,187900.0,filled
simulation_20260715_000826_158697_23249,2026-03-12,18,pm,005930,A025,buy,23,187900.0,filled
simulation_20260715_000826_158697_23249,2026-03-12,18,pm,005930,A026,buy,2,187900.0,filled
simulation_20260715_000826_158697_23249,2026-03-12,18,pm,005930,A027,buy,100,187900.0,filled
simulation_20260715_000826_158697_23249,2026-03-12,18,pm,005930,A028,buy,100,187900.0,filled
simulation_20260715_000826_158697_23249,2026-03-12,18,pm,005930,A029,buy,48,187900.0,filled
simulation_20260715_000826_158697_23249,2026-03-12,18,pm,005930,A030,buy,11,187900.0,filled
simulation_20260715_000826_158697_23249,2026-03-12,18,pm,005930,A010,sell,1,187900.0,filled
simulation_20260715_000826_158697_23249,2026-03-12,18,pm,005930,A011,sell,1,187900.0,filled
simulation_20260715_000826_158697_23249,2026-03-12,18,pm,005930,A016,sell,488,187900.0,filled
simulation_20260715_000826_158697_23249,2026-03-12,18,pm,005930,A019,sell,1,187900.0,filled
simulation_20260715_000826_158697_23249,2026-03-12,18,pm,005930,A020,sell,1,187900.0,filled
simulation_20260715_000826_158697_23249,2026-03-12,18,pm,005930,A022,sell,1,187900.0,filled
simulation_20260715_000826_158697_23249,2026-03-12,18,pm,005930,A023,sell,1,187900.0,filled
simulation_20260715_000826_158697_23249,2026-03-13,19,am,005930,A001,buy,10,180000.0,filled
simulation_20260715_000826_158697_23249,2026-03-13,19,am,005930,A003,buy,13,180000.0,filled
simulation_20260715_000826_158697_23249,2026-03-13,19,am,005930,A007,buy,1,180000.0,filled
simulation_20260715_000826_158697_23249,2026-03-13,19,am,005930,A010,buy,1,180000.0,filled
simulation_20260715_000826_158697_23249,2026-03-13,19,am,005930,A011,buy,1,180000.0,filled
simulation_20260715_000826_158697_23249,2026-03-13,19,am,005930,A012,buy,1,180000.0,filled
simulation_20260715_000826_158697_23249,2026-03-13,19,am,005930,A014,buy,50,180000.0,filled
simulation_20260715_000826_158697_23249,2026-03-13,19,am,005930,A016,buy,50,180000.0,filled
simulation_20260715_000826_158697_23249,2026-03-13,19,am,005930,A018,buy,14,180000.0,filled
simulation_20260715_000826_158697_23249,2026-03-13,19,am,005930,A019,buy,1,180000.0,filled
simulation_20260715_000826_158697_23249,2026-03-13,19,am,005930,A026,buy,1,180000.0,filled
simulation_20260715_000826_158697_23249,2026-03-13,19,am,005930,A028,buy,50,180000.0,filled
simulation_20260715_000826_158697_23249,2026-03-13,19,am,005930,A029,buy,25,180000.0,filled
simulation_20260715_000826_158697_23249,2026-03-13,19,am,005930,A030,buy,5,180000.0,filled
simulation_20260715_000826_158697_23249,2026-03-13,19,am,005930,A002,sell,100,180000.0,filled
simulation_20260715_000826_158697_23249,2026-03-13,19,am,005930,A004,sell,1,180000.0,filled
simulation_20260715_000826_158697_23249,2026-03-13,19,am,005930,A005,sell,1,180000.0,filled
simulation_20260715_000826_158697_23249,2026-03-13,19,am,005930,A006,sell,1,180000.0,filled
simulation_20260715_000826_158697_23249,2026-03-13,19,am,005930,A008,sell,461,180000.0,filled
simulation_20260715_000826_158697_23249,2026-03-13,19,am,005930,A009,sell,89,180000.0,filled
simulation_20260715_000826_158697_23249,2026-03-13,19,am,005930,A013,sell,1,180000.0,filled
simulation_20260715_000826_158697_23249,2026-03-13,19,am,005930,A015,sell,1,180000.0,filled
simulation_20260715_000826_158697_23249,2026-03-13,19,am,005930,A017,sell,1,180000.0,filled
simulation_20260715_000826_158697_23249,2026-03-13,19,am,005930,A020,sell,1,180000.0,filled
simulation_20260715_000826_158697_23249,2026-03-13,19,am,005930,A021,sell,1,180000.0,filled
simulation_20260715_000826_158697_23249,2026-03-13,19,am,005930,A022,sell,1,180000.0,filled
simulation_20260715_000826_158697_23249,2026-03-13,19,am,005930,A023,sell,1,180000.0,filled
simulation_20260715_000826_158697_23249,2026-03-13,19,am,005930,A024,sell,411,180000.0,filled
simulation_20260715_000826_158697_23249,2026-03-13,19,am,005930,A025,sell,100,180000.0,filled
simulation_20260715_000826_158697_23249,2026-03-13,19,am,005930,A027,sell,58,180000.0,filled
simulation_20260715_000826_158697_23249,2026-03-13,20,pm,005930,A001,buy,8,183500.0,filled
simulation_20260715_000826_158697_23249,2026-03-13,20,pm,005930,A002,buy,45,183500.0,filled
simulation_20260715_000826_158697_23249,2026-03-13,20,pm,005930,A003,buy,7,183500.0,filled
simulation_20260715_000826_158697_23249,2026-03-13,20,pm,005930,A004,buy,1,183500.0,filled
simulation_20260715_000826_158697_23249,2026-03-13,20,pm,005930,A005,buy,1,183500.0,filled
simulation_20260715_000826_158697_23249,2026-03-13,20,pm,005930,A006,buy,1,183500.0,filled
simulation_20260715_000826_158697_23249,2026-03-13,20,pm,005930,A007,buy,5,183500.0,filled
simulation_20260715_000826_158697_23249,2026-03-13,20,pm,005930,A008,buy,226,183500.0,filled
simulation_20260715_000826_158697_23249,2026-03-13,20,pm,005930,A012,buy,1,183500.0,filled
simulation_20260715_000826_158697_23249,2026-03-13,20,pm,005930,A014,buy,15,183500.0,filled
simulation_20260715_000826_158697_23249,2026-03-13,20,pm,005930,A015,buy,1,183500.0,filled
simulation_20260715_000826_158697_23249,2026-03-13,20,pm,005930,A016,buy,150,183500.0,filled
simulation_20260715_000826_158697_23249,2026-03-13,20,pm,005930,A018,buy,6,183500.0,filled
simulation_20260715_000826_158697_23249,2026-03-13,20,pm,005930,A020,buy,1,183500.0,filled
simulation_20260715_000826_158697_23249,2026-03-13,20,pm,005930,A021,buy,30,183500.0,filled
simulation_20260715_000826_158697_23249,2026-03-13,20,pm,005930,A023,buy,1,183500.0,filled
simulation_20260715_000826_158697_23249,2026-03-13,20,pm,005930,A024,buy,203,183500.0,filled
simulation_20260715_000826_158697_23249,2026-03-13,20,pm,005930,A025,buy,61,183500.0,filled
simulation_20260715_000826_158697_23249,2026-03-13,20,pm,005930,A027,buy,50,183500.0,filled
simulation_20260715_000826_158697_23249,2026-03-13,20,pm,005930,A028,buy,45,183500.0,filled
simulation_20260715_000826_158697_23249,2026-03-13,20,pm,005930,A029,buy,13,183500.0,filled
simulation_20260715_000826_158697_23249,2026-03-13,20,pm,005930,A030,buy,3,183500.0,filled
simulation_20260715_000826_158697_23249,2026-03-13,20,pm,005930,A009,sell,100,183500.0,filled
simulation_20260715_000826_158697_23249,2026-03-13,20,pm,005930,A010,sell,1,183500.0,filled
simulation_20260715_000826_158697_23249,2026-03-13,20,pm,005930,A011,sell,1,183500.0,filled
simulation_20260715_000826_158697_23249,2026-03-13,20,pm,005930,A013,sell,1,183500.0,filled
simulation_20260715_000826_158697_23249,2026-03-13,20,pm,005930,A017,sell,10,183500.0,filled
simulation_20260715_000826_158697_23249,2026-03-13,20,pm,005930,A019,sell,1,183500.0,filled
simulation_20260715_000826_158697_23249,2026-03-13,20,pm,005930,A022,sell,1,183500.0,filled
simulation_20260715_000826_158697_23249,2026-03-13,20,pm,005930,A026,sell,1,183500.0,filled
simulation_20260715_000826_158697_23249,2026-03-16,21,am,005930,A001,buy,4,184600.0,filled
simulation_20260715_000826_158697_23249,2026-03-16,21,am,005930,A002,buy,20,184600.0,filled
simulation_20260715_000826_158697_23249,2026-03-16,21,am,005930,A003,buy,3,184600.0,filled
simulation_20260715_000826_158697_23249,2026-03-16,21,am,005930,A007,buy,3,184600.0,filled
simulation_20260715_000826_158697_23249,2026-03-16,21,am,005930,A008,buy,50,184600.0,filled
simulation_20260715_000826_158697_23249,2026-03-16,21,am,005930,A009,buy,100,184600.0,filled
simulation_20260715_000826_158697_23249,2026-03-16,21,am,005930,A011,buy,1,184600.0,filled
simulation_20260715_000826_158697_23249,2026-03-16,21,am,005930,A013,buy,1,184600.0,filled
simulation_20260715_000826_158697_23249,2026-03-16,21,am,005930,A014,buy,10,184600.0,filled
simulation_20260715_000826_158697_23249,2026-03-16,21,am,005930,A016,buy,50,184600.0,filled
simulation_20260715_000826_158697_23249,2026-03-16,21,am,005930,A018,buy,3,184600.0,filled
simulation_20260715_000826_158697_23249,2026-03-16,21,am,005930,A019,buy,1,184600.0,filled
simulation_20260715_000826_158697_23249,2026-03-16,21,am,005930,A020,buy,1,184600.0,filled
simulation_20260715_000826_158697_23249,2026-03-16,21,am,005930,A021,buy,19,184600.0,filled
simulation_20260715_000826_158697_23249,2026-03-16,21,am,005930,A022,buy,2,184600.0,filled
simulation_20260715_000826_158697_23249,2026-03-16,21,am,005930,A023,buy,1,184600.0,filled
simulation_20260715_000826_158697_23249,2026-03-16,21,am,005930,A024,buy,100,184600.0,filled
simulation_20260715_000826_158697_23249,2026-03-16,21,am,005930,A025,buy,30,184600.0,filled
simulation_20260715_000826_158697_23249,2026-03-16,21,am,005930,A026,buy,1,184600.0,filled
simulation_20260715_000826_158697_23249,2026-03-16,21,am,005930,A027,buy,60,184600.0,filled
simulation_20260715_000826_158697_23249,2026-03-16,21,am,005930,A028,buy,22,184600.0,filled
simulation_20260715_000826_158697_23249,2026-03-16,21,am,005930,A029,buy,6,184600.0,filled
simulation_20260715_000826_158697_23249,2026-03-16,21,am,005930,A030,buy,1,184600.0,filled
simulation_20260715_000826_158697_23249,2026-03-16,21,am,005930,A004,sell,200,184600.0,filled
simulation_20260715_000826_158697_23249,2026-03-16,21,am,005930,A005,sell,1,184600.0,filled
simulation_20260715_000826_158697_23249,2026-03-16,21,am,005930,A006,sell,1,184600.0,filled
simulation_20260715_000826_158697_23249,2026-03-16,21,am,005930,A010,sell,1,184600.0,filled
simulation_20260715_000826_158697_23249,2026-03-16,21,am,005930,A012,sell,100,184600.0,filled
simulation_20260715_000826_158697_23249,2026-03-16,21,am,005930,A015,sell,1,184600.0,filled
simulation_20260715_000826_158697_23249,2026-03-16,21,am,005930,A017,sell,10,184600.0,filled
simulation_20260715_000826_158697_23249,2026-03-16,22,pm,005930,A003,buy,2,188700.0,filled
simulation_20260715_000826_158697_23249,2026-03-16,22,pm,005930,A004,buy,50,188700.0,filled
simulation_20260715_000826_158697_23249,2026-03-16,22,pm,005930,A005,buy,1,188700.0,filled
simulation_20260715_000826_158697_23249,2026-03-16,22,pm,005930,A006,buy,1,188700.0,filled
simulation_20260715_000826_158697_23249,2026-03-16,22,pm,005930,A007,buy,1,188700.0,filled
simulation_20260715_000826_158697_23249,2026-03-16,22,pm,005930,A008,buy,20,188700.0,filled
simulation_20260715_000826_158697_23249,2026-03-16,22,pm,005930,A012,buy,30,188700.0,filled
simulation_20260715_000826_158697_23249,2026-03-16,22,pm,005930,A013,buy,1,188700.0,filled
simulation_20260715_000826_158697_23249,2026-03-16,22,pm,005930,A016,buy,50,188700.0,filled
simulation_20260715_000826_158697_23249,2026-03-16,22,pm,005930,A017,buy,20,188700.0,filled
simulation_20260715_000826_158697_23249,2026-03-16,22,pm,005930,A018,buy,2,188700.0,filled
simulation_20260715_000826_158697_23249,2026-03-16,22,pm,005930,A022,buy,1,188700.0,filled
simulation_20260715_000826_158697_23249,2026-03-16,22,pm,005930,A024,buy,50,188700.0,filled
simulation_20260715_000826_158697_23249,2026-03-16,22,pm,005930,A025,buy,15,188700.0,filled
simulation_20260715_000826_158697_23249,2026-03-16,22,pm,005930,A027,buy,15,188700.0,filled
simulation_20260715_000826_158697_23249,2026-03-16,22,pm,005930,A028,buy,11,188700.0,filled
simulation_20260715_000826_158697_23249,2026-03-16,22,pm,005930,A029,buy,3,188700.0,filled
simulation_20260715_000826_158697_23249,2026-03-16,22,pm,005930,A030,buy,1,188700.0,filled
simulation_20260715_000826_158697_23249,2026-03-16,22,pm,005930,A001,sell,1,188700.0,filled
simulation_20260715_000826_158697_23249,2026-03-16,22,pm,005930,A002,sell,23,188700.0,filled
simulation_20260715_000826_158697_23249,2026-03-16,22,pm,005930,A009,sell,50,188700.0,filled
simulation_20260715_000826_158697_23249,2026-03-16,22,pm,005930,A010,sell,1,188700.0,filled
simulation_20260715_000826_158697_23249,2026-03-16,22,pm,005930,A011,sell,1,188700.0,filled
simulation_20260715_000826_158697_23249,2026-03-16,22,pm,005930,A014,sell,11,188700.0,filled
simulation_20260715_000826_158697_23249,2026-03-16,22,pm,005930,A015,sell,1,188700.0,filled
simulation_20260715_000826_158697_23249,2026-03-16,22,pm,005930,A019,sell,1,188700.0,filled
simulation_20260715_000826_158697_23249,2026-03-16,22,pm,005930,A020,sell,100,188700.0,filled
simulation_20260715_000826_158697_23249,2026-03-16,22,pm,005930,A021,sell,9,188700.0,filled
simulation_20260715_000826_158697_23249,2026-03-16,22,pm,005930,A023,sell,1,188700.0,filled
simulation_20260715_000826_158697_23249,2026-03-16,22,pm,005930,A026,sell,1,188700.0,filled
simulation_20260715_000826_158697_23249,2026-03-17,23,am,005930,A002,buy,30,198000.0,filled
simulation_20260715_000826_158697_23249,2026-03-17,23,am,005930,A003,buy,1,198000.0,filled
simulation_20260715_000826_158697_23249,2026-03-17,23,am,005930,A007,buy,1,198000.0,filled
simulation_20260715_000826_158697_23249,2026-03-17,23,am,005930,A008,buy,20,198000.0,filled
simulation_20260715_000826_158697_23249,2026-03-17,23,am,005930,A009,buy,100,198000.0,filled
simulation_20260715_000826_158697_23249,2026-03-17,23,am,005930,A010,buy,2,198000.0,filled
simulation_20260715_000826_158697_23249,2026-03-17,23,am,005930,A011,buy,1,198000.0,filled
simulation_20260715_000826_158697_23249,2026-03-17,23,am,005930,A012,buy,32,198000.0,filled
simulation_20260715_000826_158697_23249,2026-03-17,23,am,005930,A014,buy,10,198000.0,filled
simulation_20260715_000826_158697_23249,2026-03-17,23,am,005930,A015,buy,1,198000.0,filled
simulation_20260715_000826_158697_23249,2026-03-17,23,am,005930,A020,buy,40,198000.0,filled
simulation_20260715_000826_158697_23249,2026-03-17,23,am,005930,A021,buy,5,198000.0,filled
simulation_20260715_000826_158697_23249,2026-03-17,23,am,005930,A024,buy,24,198000.0,filled
simulation_20260715_000826_158697_23249,2026-03-17,23,am,005930,A025,buy,5,198000.0,filled
simulation_20260715_000826_158697_23249,2026-03-17,23,am,005930,A026,buy,1,198000.0,filled
simulation_20260715_000826_158697_23249,2026-03-17,23,am,005930,A027,buy,15,198000.0,filled
simulation_20260715_000826_158697_23249,2026-03-17,23,am,005930,A028,buy,5,198000.0,filled
simulation_20260715_000826_158697_23249,2026-03-17,23,am,005930,A029,buy,1,198000.0,filled
simulation_20260715_000826_158697_23249,2026-03-17,23,am,005930,A001,sell,1,198000.0,filled
simulation_20260715_000826_158697_23249,2026-03-17,23,am,005930,A004,sell,200,198000.0,filled
simulation_20260715_000826_158697_23249,2026-03-17,23,am,005930,A005,sell,1,198000.0,filled
simulation_20260715_000826_158697_23249,2026-03-17,23,am,005930,A006,sell,1,198000.0,filled
simulation_20260715_000826_158697_23249,2026-03-17,23,am,005930,A013,sell,1,198000.0,filled
simulation_20260715_000826_158697_23249,2026-03-17,23,am,005930,A016,sell,90,198000.0,filled
simulation_20260715_000826_158697_23249,2026-03-17,23,am,005930,A017,sell,20,198000.0,filled
simulation_20260715_000826_158697_23249,2026-03-17,23,am,005930,A018,sell,1,198000.0,filled
simulation_20260715_000826_158697_23249,2026-03-17,23,am,005930,A019,sell,1,198000.0,filled
simulation_20260715_000826_158697_23249,2026-03-17,23,am,005930,A022,sell,50,198000.0,filled
simulation_20260715_000826_158697_23249,2026-03-17,23,am,005930,A023,sell,1,198000.0,filled
simulation_20260715_000826_158697_23249,2026-03-17,23,am,005930,A030,sell,1,198000.0,filled
simulation_20260715_000826_158697_23249,2026-03-17,24,pm,005930,A004,buy,100,193900.0,filled
simulation_20260715_000826_158697_23249,2026-03-17,24,pm,005930,A006,buy,1,193900.0,filled
simulation_20260715_000826_158697_23249,2026-03-17,24,pm,005930,A008,buy,50,193900.0,filled
simulation_20260715_000826_158697_23249,2026-03-17,24,pm,005930,A009,buy,50,193900.0,filled
simulation_20260715_000826_158697_23249,2026-03-17,24,pm,005930,A010,buy,1,193900.0,filled
simulation_20260715_000826_158697_23249,2026-03-17,24,pm,005930,A012,buy,17,193900.0,filled
simulation_20260715_000826_158697_23249,2026-03-17,24,pm,005930,A013,buy,1,193900.0,filled
simulation_20260715_000826_158697_23249,2026-03-17,24,pm,005930,A014,buy,11,193900.0,filled
simulation_20260715_000826_158697_23249,2026-03-17,24,pm,005930,A016,buy,50,193900.0,filled
simulation_20260715_000826_158697_23249,2026-03-17,24,pm,005930,A018,buy,1,193900.0,filled
simulation_20260715_000826_158697_23249,2026-03-17,24,pm,005930,A019,buy,1,193900.0,filled
simulation_20260715_000826_158697_23249,2026-03-17,24,pm,005930,A020,buy,29,193900.0,filled
simulation_20260715_000826_158697_23249,2026-03-17,24,pm,005930,A022,buy,26,193900.0,filled
simulation_20260715_000826_158697_23249,2026-03-17,24,pm,005930,A023,buy,1,193900.0,filled
simulation_20260715_000826_158697_23249,2026-03-17,24,pm,005930,A024,buy,12,193900.0,filled
simulation_20260715_000826_158697_23249,2026-03-17,24,pm,005930,A028,buy,3,193900.0,filled
simulation_20260715_000826_158697_23249,2026-03-17,24,pm,005930,A001,sell,1,193900.0,filled
simulation_20260715_000826_158697_23249,2026-03-17,24,pm,005930,A002,sell,10,193900.0,filled
simulation_20260715_000826_158697_23249,2026-03-17,24,pm,005930,A003,sell,100,193900.0,filled
simulation_20260715_000826_158697_23249,2026-03-17,24,pm,005930,A005,sell,1,193900.0,filled
simulation_20260715_000826_158697_23249,2026-03-17,24,pm,005930,A007,sell,1,193900.0,filled
simulation_20260715_000826_158697_23249,2026-03-17,24,pm,005930,A011,sell,1,193900.0,filled
simulation_20260715_000826_158697_23249,2026-03-17,24,pm,005930,A015,sell,1,193900.0,filled
simulation_20260715_000826_158697_23249,2026-03-17,24,pm,005930,A017,sell,10,193900.0,filled
simulation_20260715_000826_158697_23249,2026-03-17,24,pm,005930,A021,sell,10,193900.0,filled
simulation_20260715_000826_158697_23249,2026-03-17,24,pm,005930,A025,sell,4,193900.0,filled
simulation_20260715_000826_158697_23249,2026-03-17,24,pm,005930,A026,sell,1,193900.0,filled
simulation_20260715_000826_158697_23249,2026-03-17,24,pm,005930,A027,sell,10,193900.0,filled
simulation_20260715_000826_158697_23249,2026-03-17,24,pm,005930,A029,sell,1,193900.0,filled
simulation_20260715_000826_158697_23249,2026-03-17,24,pm,005930,A030,sell,1,193900.0,filled
simulation_20260715_000826_158697_23249,2026-03-18,25,am,005930,A003,buy,20,200500.0,filled
simulation_20260715_000826_158697_23249,2026-03-18,25,am,005930,A005,buy,1,200500.0,filled
simulation_20260715_000826_158697_23249,2026-03-18,25,am,005930,A007,buy,1,200500.0,filled
simulation_20260715_000826_158697_23249,2026-03-18,25,am,005930,A008,buy,37,200500.0,filled
simulation_20260715_000826_158697_23249,2026-03-18,25,am,005930,A009,buy,69,200500.0,filled
simulation_20260715_000826_158697_23249,2026-03-18,25,am,005930,A016,buy,80,200500.0,filled
simulation_20260715_000826_158697_23249,2026-03-18,25,am,005930,A020,buy,10,200500.0,filled
simulation_20260715_000826_158697_23249,2026-03-18,25,am,005930,A022,buy,13,200500.0,filled
simulation_20260715_000826_158697_23249,2026-03-18,25,am,005930,A023,buy,1,200500.0,filled
simulation_20260715_000826_158697_23249,2026-03-18,25,am,005930,A024,buy,6,200500.0,filled
simulation_20260715_000826_158697_23249,2026-03-18,25,am,005930,A026,buy,1,200500.0,filled
simulation_20260715_000826_158697_23249,2026-03-18,25,am,005930,A027,buy,18,200500.0,filled
simulation_20260715_000826_158697_23249,2026-03-18,25,am,005930,A028,buy,1,200500.0,filled
simulation_20260715_000826_158697_23249,2026-03-18,25,am,005930,A001,sell,1,200500.0,filled
simulation_20260715_000826_158697_23249,2026-03-18,25,am,005930,A002,sell,1,200500.0,filled
simulation_20260715_000826_158697_23249,2026-03-18,25,am,005930,A004,sell,100,200500.0,filled
simulation_20260715_000826_158697_23249,2026-03-18,25,am,005930,A006,sell,1,200500.0,filled
simulation_20260715_000826_158697_23249,2026-03-18,25,am,005930,A010,sell,1,200500.0,filled
simulation_20260715_000826_158697_23249,2026-03-18,25,am,005930,A011,sell,1,200500.0,filled
simulation_20260715_000826_158697_23249,2026-03-18,25,am,005930,A012,sell,100,200500.0,filled
simulation_20260715_000826_158697_23249,2026-03-18,25,am,005930,A013,sell,1,200500.0,filled
simulation_20260715_000826_158697_23249,2026-03-18,25,am,005930,A014,sell,6,200500.0,filled
simulation_20260715_000826_158697_23249,2026-03-18,25,am,005930,A015,sell,1,200500.0,filled
simulation_20260715_000826_158697_23249,2026-03-18,25,am,005930,A017,sell,20,200500.0,filled
simulation_20260715_000826_158697_23249,2026-03-18,25,am,005930,A018,sell,1,200500.0,filled
simulation_20260715_000826_158697_23249,2026-03-18,25,am,005930,A019,sell,1,200500.0,filled
simulation_20260715_000826_158697_23249,2026-03-18,25,am,005930,A021,sell,10,200500.0,filled
simulation_20260715_000826_158697_23249,2026-03-18,25,am,005930,A025,sell,5,200500.0,filled
simulation_20260715_000826_158697_23249,2026-03-18,25,am,005930,A029,sell,1,200500.0,filled
simulation_20260715_000826_158697_23249,2026-03-18,25,am,005930,A030,sell,1,200500.0,filled
simulation_20260715_000826_158697_23249,2026-03-18,26,pm,005930,A008,buy,10,208500.0,filled
simulation_20260715_000826_158697_23249,2026-03-18,26,pm,005930,A011,buy,1,208500.0,filled
simulation_20260715_000826_158697_23249,2026-03-18,26,pm,005930,A024,buy,3,208500.0,filled
simulation_20260715_000826_158697_23249,2026-03-18,26,pm,005930,A027,buy,8,208500.0,filled
simulation_20260715_000826_158697_23249,2026-03-18,26,pm,005930,A028,buy,1,208500.0,filled
simulation_20260715_000826_158697_23249,2026-03-18,26,pm,005930,A001,sell,1,208500.0,filled
simulation_20260715_000826_158697_23249,2026-03-18,26,pm,005930,A002,sell,10,208500.0,filled
simulation_20260715_000826_158697_23249,2026-03-18,26,pm,005930,A003,sell,100,208500.0,filled
simulation_20260715_000826_158697_23249,2026-03-18,26,pm,005930,A004,sell,100,208500.0,filled
simulation_20260715_000826_158697_23249,2026-03-18,26,pm,005930,A005,sell,1,208500.0,filled
simulation_20260715_000826_158697_23249,2026-03-18,26,pm,005930,A006,sell,1,208500.0,filled
simulation_20260715_000826_158697_23249,2026-03-18,26,pm,005930,A007,sell,50,208500.0,filled
simulation_20260715_000826_158697_23249,2026-03-18,26,pm,005930,A009,sell,33,208500.0,filled
simulation_20260715_000826_158697_23249,2026-03-18,26,pm,005930,A010,sell,1,208500.0,filled
simulation_20260715_000826_158697_23249,2026-03-18,26,pm,005930,A012,sell,56,208500.0,filled
simulation_20260715_000826_158697_23249,2026-03-18,26,pm,005930,A013,sell,1,208500.0,filled
simulation_20260715_000826_158697_23249,2026-03-18,26,pm,005930,A014,sell,8,208500.0,filled
simulation_20260715_000826_158697_23249,2026-03-18,26,pm,005930,A015,sell,1,208500.0,filled
simulation_20260715_000826_158697_23249,2026-03-18,26,pm,005930,A016,sell,50,208500.0,filled
simulation_20260715_000826_158697_23249,2026-03-18,26,pm,005930,A017,sell,50,208500.0,filled
simulation_20260715_000826_158697_23249,2026-03-18,26,pm,005930,A018,sell,1,208500.0,filled
simulation_20260715_000826_158697_23249,2026-03-18,26,pm,005930,A019,sell,1,208500.0,filled
simulation_20260715_000826_158697_23249,2026-03-18,26,pm,005930,A020,sell,5,208500.0,filled
simulation_20260715_000826_158697_23249,2026-03-18,26,pm,005930,A021,sell,10,208500.0,filled
simulation_20260715_000826_158697_23249,2026-03-18,26,pm,005930,A022,sell,10,208500.0,filled
simulation_20260715_000826_158697_23249,2026-03-18,26,pm,005930,A023,sell,10,208500.0,filled
simulation_20260715_000826_158697_23249,2026-03-18,26,pm,005930,A025,sell,5,208500.0,filled
simulation_20260715_000826_158697_23249,2026-03-18,26,pm,005930,A026,sell,1,208500.0,filled
simulation_20260715_000826_158697_23249,2026-03-18,26,pm,005930,A029,sell,2,208500.0,filled
simulation_20260715_000826_158697_23249,2026-03-18,26,pm,005930,A030,sell,2,208500.0,filled
simulation_20260715_000826_158697_23249,2026-03-19,27,am,005930,A003,buy,50,199900.0,filled
simulation_20260715_000826_158697_23249,2026-03-19,27,am,005930,A005,buy,1,199900.0,filled
simulation_20260715_000826_158697_23249,2026-03-19,27,am,005930,A008,buy,13,199900.0,filled
simulation_20260715_000826_158697_23249,2026-03-19,27,am,005930,A010,buy,1,199900.0,filled
simulation_20260715_000826_158697_23249,2026-03-19,27,am,005930,A013,buy,1,199900.0,filled
simulation_20260715_000826_158697_23249,2026-03-19,27,am,005930,A018,buy,2,199900.0,filled
simulation_20260715_000826_158697_23249,2026-03-19,27,am,005930,A020,buy,10,199900.0,filled
simulation_20260715_000826_158697_23249,2026-03-19,27,am,005930,A022,buy,11,199900.0,filled
simulation_20260715_000826_158697_23249,2026-03-19,27,am,005930,A023,buy,5,199900.0,filled
simulation_20260715_000826_158697_23249,2026-03-19,27,am,005930,A024,buy,2,199900.0,filled
simulation_20260715_000826_158697_23249,2026-03-19,27,am,005930,A029,buy,3,199900.0,filled
simulation_20260715_000826_158697_23249,2026-03-19,27,am,005930,A001,sell,2,199900.0,filled
simulation_20260715_000826_158697_23249,2026-03-19,27,am,005930,A002,sell,20,199900.0,filled
simulation_20260715_000826_158697_23249,2026-03-19,27,am,005930,A004,sell,40,199900.0,filled
simulation_20260715_000826_158697_23249,2026-03-19,27,am,005930,A006,sell,1,199900.0,filled
simulation_20260715_000826_158697_23249,2026-03-19,27,am,005930,A007,sell,20,199900.0,filled
simulation_20260715_000826_158697_23249,2026-03-19,27,am,005930,A009,sell,50,199900.0,filled
simulation_20260715_000826_158697_23249,2026-03-19,27,am,005930,A011,sell,1,199900.0,filled
simulation_20260715_000826_158697_23249,2026-03-19,27,am,005930,A012,sell,87,199900.0,filled
simulation_20260715_000826_158697_23249,2026-03-19,27,am,005930,A014,sell,10,199900.0,filled
simulation_20260715_000826_158697_23249,2026-03-19,27,am,005930,A015,sell,1,199900.0,filled
simulation_20260715_000826_158697_23249,2026-03-19,27,am,005930,A016,sell,50,199900.0,filled
simulation_20260715_000826_158697_23249,2026-03-19,27,am,005930,A017,sell,50,199900.0,filled
simulation_20260715_000826_158697_23249,2026-03-19,27,am,005930,A019,sell,2,199900.0,filled
simulation_20260715_000826_158697_23249,2026-03-19,27,am,005930,A021,sell,15,199900.0,filled
simulation_20260715_000826_158697_23249,2026-03-19,27,am,005930,A025,sell,50,199900.0,filled
simulation_20260715_000826_158697_23249,2026-03-19,27,am,005930,A026,sell,1,199900.0,filled
simulation_20260715_000826_158697_23249,2026-03-19,27,am,005930,A027,sell,5,199900.0,filled
simulation_20260715_000826_158697_23249,2026-03-19,27,am,005930,A028,sell,200,199900.0,filled
simulation_20260715_000826_158697_23249,2026-03-19,27,am,005930,A030,sell,1,199900.0,filled
simulation_20260715_000826_158697_23249,2026-03-19,28,pm,005930,A001,buy,5,200500.0,filled
simulation_20260715_000826_158697_23249,2026-03-19,28,pm,005930,A002,buy,38,200500.0,filled
simulation_20260715_000826_158697_23249,2026-03-19,28,pm,005930,A003,buy,66,200500.0,filled
simulation_20260715_000826_158697_23249,2026-03-19,28,pm,005930,A004,buy,241,200500.0,filled
simulation_20260715_000826_158697_23249,2026-03-19,28,pm,005930,A005,buy,1,200500.0,filled
simulation_20260715_000826_158697_23249,2026-03-19,28,pm,005930,A007,buy,10,200500.0,filled
simulation_20260715_000826_158697_23249,2026-03-19,28,pm,005930,A008,buy,7,200500.0,filled
simulation_20260715_000826_158697_23249,2026-03-19,28,pm,005930,A009,buy,77,200500.0,filled
simulation_20260715_000826_158697_23249,2026-03-19,28,pm,005930,A010,buy,1,200500.0,filled
simulation_20260715_000826_158697_23249,2026-03-19,28,pm,005930,A011,buy,1,200500.0,filled
simulation_20260715_000826_158697_23249,2026-03-19,28,pm,005930,A012,buy,100,200500.0,filled
simulation_20260715_000826_158697_23249,2026-03-19,28,pm,005930,A013,buy,1,200500.0,filled
simulation_20260715_000826_158697_23249,2026-03-19,28,pm,005930,A014,buy,10,200500.0,filled
simulation_20260715_000826_158697_23249,2026-03-19,28,pm,005930,A016,buy,50,200500.0,filled
simulation_20260715_000826_158697_23249,2026-03-19,28,pm,005930,A019,buy,3,200500.0,filled
simulation_20260715_000826_158697_23249,2026-03-19,28,pm,005930,A020,buy,1,200500.0,filled
simulation_20260715_000826_158697_23249,2026-03-19,28,pm,005930,A022,buy,6,200500.0,filled
simulation_20260715_000826_158697_23249,2026-03-19,28,pm,005930,A023,buy,3,200500.0,filled
simulation_20260715_000826_158697_23249,2026-03-19,28,pm,005930,A024,buy,1,200500.0,filled
simulation_20260715_000826_158697_23249,2026-03-19,28,pm,005930,A025,buy,36,200500.0,filled
simulation_20260715_000826_158697_23249,2026-03-19,28,pm,005930,A026,buy,1,200500.0,filled
simulation_20260715_000826_158697_23249,2026-03-19,28,pm,005930,A027,buy,7,200500.0,filled
simulation_20260715_000826_158697_23249,2026-03-19,28,pm,005930,A028,buy,100,200500.0,filled
simulation_20260715_000826_158697_23249,2026-03-19,28,pm,005930,A029,buy,1,200500.0,filled
simulation_20260715_000826_158697_23249,2026-03-19,28,pm,005930,A006,sell,1,200500.0,filled
simulation_20260715_000826_158697_23249,2026-03-19,28,pm,005930,A015,sell,1,200500.0,filled
simulation_20260715_000826_158697_23249,2026-03-19,28,pm,005930,A017,sell,50,200500.0,filled
simulation_20260715_000826_158697_23249,2026-03-19,28,pm,005930,A018,sell,1,200500.0,filled
simulation_20260715_000826_158697_23249,2026-03-19,28,pm,005930,A021,sell,10,200500.0,filled
simulation_20260715_000826_158697_23249,2026-03-19,28,pm,005930,A030,sell,1,200500.0,filled
simulation_20260715_000826_158697_23249,2026-03-20,29,am,005930,A001,buy,3,202000.0,filled
simulation_20260715_000826_158697_23249,2026-03-20,29,am,005930,A003,buy,32,202000.0,filled
simulation_20260715_000826_158697_23249,2026-03-20,29,am,005930,A004,buy,100,202000.0,filled
simulation_20260715_000826_158697_23249,2026-03-20,29,am,005930,A007,buy,30,202000.0,filled
simulation_20260715_000826_158697_23249,2026-03-20,29,am,005930,A008,buy,3,202000.0,filled
simulation_20260715_000826_158697_23249,2026-03-20,29,am,005930,A009,buy,10,202000.0,filled
simulation_20260715_000826_158697_23249,2026-03-20,29,am,005930,A012,buy,80,202000.0,filled
simulation_20260715_000826_158697_23249,2026-03-20,29,am,005930,A015,buy,3,202000.0,filled
simulation_20260715_000826_158697_23249,2026-03-20,29,am,005930,A016,buy,50,202000.0,filled
simulation_20260715_000826_158697_23249,2026-03-20,29,am,005930,A017,buy,50,202000.0,filled
simulation_20260715_000826_158697_23249,2026-03-20,29,am,005930,A018,buy,1,202000.0,filled
simulation_20260715_000826_158697_23249,2026-03-20,29,am,005930,A021,buy,10,202000.0,filled
simulation_20260715_000826_158697_23249,2026-03-20,29,am,005930,A022,buy,3,202000.0,filled
simulation_20260715_000826_158697_23249,2026-03-20,29,am,005930,A023,buy,1,202000.0,filled
simulation_20260715_000826_158697_23249,2026-03-20,29,am,005930,A026,buy,1,202000.0,filled
simulation_20260715_000826_158697_23249,2026-03-20,29,am,005930,A028,buy,49,202000.0,filled
simulation_20260715_000826_158697_23249,2026-03-20,29,am,005930,A002,sell,10,202000.0,filled
simulation_20260715_000826_158697_23249,2026-03-20,29,am,005930,A005,sell,1,202000.0,filled
simulation_20260715_000826_158697_23249,2026-03-20,29,am,005930,A006,sell,1,202000.0,filled
simulation_20260715_000826_158697_23249,2026-03-20,29,am,005930,A010,sell,1,202000.0,filled
simulation_20260715_000826_158697_23249,2026-03-20,29,am,005930,A011,sell,1,202000.0,filled
simulation_20260715_000826_158697_23249,2026-03-20,29,am,005930,A013,sell,100,202000.0,filled
simulation_20260715_000826_158697_23249,2026-03-20,29,am,005930,A014,sell,10,202000.0,filled
simulation_20260715_000826_158697_23249,2026-03-20,29,am,005930,A019,sell,1,202000.0,filled
simulation_20260715_000826_158697_23249,2026-03-20,29,am,005930,A020,sell,6,202000.0,filled
simulation_20260715_000826_158697_23249,2026-03-20,29,am,005930,A024,sell,1,202000.0,filled
simulation_20260715_000826_158697_23249,2026-03-20,29,am,005930,A025,sell,10,202000.0,filled
simulation_20260715_000826_158697_23249,2026-03-20,29,am,005930,A027,sell,4,202000.0,filled
simulation_20260715_000826_158697_23249,2026-03-20,29,am,005930,A029,sell,1,202000.0,filled
simulation_20260715_000826_158697_23249,2026-03-20,29,am,005930,A030,sell,4,202000.0,filled
simulation_20260715_000826_158697_23249,2026-03-20,30,pm,005930,A003,buy,16,199400.0,filled
simulation_20260715_000826_158697_23249,2026-03-20,30,pm,005930,A004,buy,50,199400.0,filled
simulation_20260715_000826_158697_23249,2026-03-20,30,pm,005930,A005,buy,1,199400.0,filled
simulation_20260715_000826_158697_23249,2026-03-20,30,pm,005930,A008,buy,2,199400.0,filled
simulation_20260715_000826_158697_23249,2026-03-20,30,pm,005930,A011,buy,1,199400.0,filled
simulation_20260715_000826_158697_23249,2026-03-20,30,pm,005930,A012,buy,20,199400.0,filled
simulation_20260715_000826_158697_23249,2026-03-20,30,pm,005930,A013,buy,50,199400.0,filled
simulation_20260715_000826_158697_23249,2026-03-20,30,pm,005930,A016,buy,30,199400.0,filled
simulation_20260715_000826_158697_23249,2026-03-20,30,pm,005930,A020,buy,5,199400.0,filled
simulation_20260715_000826_158697_23249,2026-03-20,30,pm,005930,A021,buy,10,199400.0,filled
simulation_20260715_000826_158697_23249,2026-03-20,30,pm,005930,A022,buy,1,199400.0,filled
simulation_20260715_000826_158697_23249,2026-03-20,30,pm,005930,A024,buy,1,199400.0,filled
simulation_20260715_000826_158697_23249,2026-03-20,30,pm,005930,A028,buy,25,199400.0,filled
simulation_20260715_000826_158697_23249,2026-03-20,30,pm,005930,A001,sell,1,199400.0,filled
simulation_20260715_000826_158697_23249,2026-03-20,30,pm,005930,A002,sell,20,199400.0,filled
simulation_20260715_000826_158697_23249,2026-03-20,30,pm,005930,A006,sell,3,199400.0,filled
simulation_20260715_000826_158697_23249,2026-03-20,30,pm,005930,A007,sell,10,199400.0,filled
simulation_20260715_000826_158697_23249,2026-03-20,30,pm,005930,A009,sell,33,199400.0,filled
simulation_20260715_000826_158697_23249,2026-03-20,30,pm,005930,A010,sell,1,199400.0,filled
simulation_20260715_000826_158697_23249,2026-03-20,30,pm,005930,A014,sell,10,199400.0,filled
simulation_20260715_000826_158697_23249,2026-03-20,30,pm,005930,A015,sell,1,199400.0,filled
simulation_20260715_000826_158697_23249,2026-03-20,30,pm,005930,A017,sell,50,199400.0,filled
simulation_20260715_000826_158697_23249,2026-03-20,30,pm,005930,A018,sell,1,199400.0,filled
simulation_20260715_000826_158697_23249,2026-03-20,30,pm,005930,A019,sell,1,199400.0,filled
simulation_20260715_000826_158697_23249,2026-03-20,30,pm,005930,A023,sell,1,199400.0,filled
simulation_20260715_000826_158697_23249,2026-03-20,30,pm,005930,A025,sell,23,199400.0,filled
simulation_20260715_000826_158697_23249,2026-03-20,30,pm,005930,A026,sell,1,199400.0,filled
simulation_20260715_000826_158697_23249,2026-03-20,30,pm,005930,A027,sell,5,199400.0,filled
simulation_20260715_000826_158697_23249,2026-03-20,30,pm,005930,A029,sell,1,199400.0,filled
simulation_20260715_000826_158697_23249,2026-03-20,30,pm,005930,A030,sell,5,199400.0,filled
simulation_20260715_000826_158697_23249,2026-03-23,31,am,005930,A003,buy,9,190500.0,filled
simulation_20260715_000826_158697_23249,2026-03-23,31,am,005930,A006,buy,4,190500.0,filled
simulation_20260715_000826_158697_23249,2026-03-23,31,am,005930,A011,buy,1,190500.0,filled
simulation_20260715_000826_158697_23249,2026-03-23,31,am,005930,A013,buy,27,190500.0,filled
simulation_20260715_000826_158697_23249,2026-03-23,31,am,005930,A015,buy,3,190500.0,filled
simulation_20260715_000826_158697_23249,2026-03-23,31,am,005930,A016,buy,60,190500.0,filled
simulation_20260715_000826_158697_23249,2026-03-23,31,am,005930,A028,buy,10,190500.0,filled
simulation_20260715_000826_158697_23249,2026-03-23,31,am,005930,A001,sell,2,190500.0,filled
simulation_20260715_000826_158697_23249,2026-03-23,31,am,005930,A002,sell,50,190500.0,filled
simulation_20260715_000826_158697_23249,2026-03-23,31,am,005930,A004,sell,48,190500.0,filled
simulation_20260715_000826_158697_23249,2026-03-23,31,am,005930,A005,sell,1,190500.0,filled
simulation_20260715_000826_158697_23249,2026-03-23,31,am,005930,A007,sell,10,190500.0,filled
simulation_20260715_000826_158697_23249,2026-03-23,31,am,005930,A008,sell,438,190500.0,filled
simulation_20260715_000826_158697_23249,2026-03-23,31,am,005930,A009,sell,50,190500.0,filled
simulation_20260715_000826_158697_23249,2026-03-23,31,am,005930,A010,sell,1,190500.0,filled
simulation_20260715_000826_158697_23249,2026-03-23,31,am,005930,A012,sell,100,190500.0,filled
simulation_20260715_000826_158697_23249,2026-03-23,31,am,005930,A014,sell,100,190500.0,filled
simulation_20260715_000826_158697_23249,2026-03-23,31,am,005930,A017,sell,50,190500.0,filled
simulation_20260715_000826_158697_23249,2026-03-23,31,am,005930,A018,sell,1,190500.0,filled
simulation_20260715_000826_158697_23249,2026-03-23,31,am,005930,A019,sell,2,190500.0,filled
simulation_20260715_000826_158697_23249,2026-03-23,31,am,005930,A020,sell,7,190500.0,filled
simulation_20260715_000826_158697_23249,2026-03-23,31,am,005930,A021,sell,10,190500.0,filled
simulation_20260715_000826_158697_23249,2026-03-23,31,am,005930,A022,sell,1,190500.0,filled
simulation_20260715_000826_158697_23249,2026-03-23,31,am,005930,A023,sell,1,190500.0,filled
simulation_20260715_000826_158697_23249,2026-03-23,31,am,005930,A024,sell,401,190500.0,filled
simulation_20260715_000826_158697_23249,2026-03-23,31,am,005930,A025,sell,36,190500.0,filled
simulation_20260715_000826_158697_23249,2026-03-23,31,am,005930,A026,sell,1,190500.0,filled
simulation_20260715_000826_158697_23249,2026-03-23,31,am,005930,A027,sell,100,190500.0,filled
simulation_20260715_000826_158697_23249,2026-03-23,31,am,005930,A029,sell,1,190500.0,filled
simulation_20260715_000826_158697_23249,2026-03-23,31,am,005930,A030,sell,5,190500.0,filled
simulation_20260715_000826_158697_23249,2026-03-23,32,pm,005930,A002,buy,50,186300.0,filled
simulation_20260715_000826_158697_23249,2026-03-23,32,pm,005930,A003,buy,5,186300.0,filled
simulation_20260715_000826_158697_23249,2026-03-23,32,pm,005930,A005,buy,1,186300.0,filled
simulation_20260715_000826_158697_23249,2026-03-23,32,pm,005930,A007,buy,10,186300.0,filled
simulation_20260715_000826_158697_23249,2026-03-23,32,pm,005930,A008,buy,225,186300.0,filled
simulation_20260715_000826_158697_23249,2026-03-23,32,pm,005930,A009,buy,50,186300.0,filled
simulation_20260715_000826_158697_23249,2026-03-23,32,pm,005930,A010,buy,2,186300.0,filled
simulation_20260715_000826_158697_23249,2026-03-23,32,pm,005930,A012,buy,50,186300.0,filled
simulation_20260715_000826_158697_23249,2026-03-23,32,pm,005930,A013,buy,14,186300.0,filled
simulation_20260715_000826_158697_23249,2026-03-23,32,pm,005930,A015,buy,1,186300.0,filled
simulation_20260715_000826_158697_23249,2026-03-23,32,pm,005930,A016,buy,5,186300.0,filled
simulation_20260715_000826_158697_23249,2026-03-23,32,pm,005930,A017,buy,50,186300.0,filled
simulation_20260715_000826_158697_23249,2026-03-23,32,pm,005930,A018,buy,2,186300.0,filled
simulation_20260715_000826_158697_23249,2026-03-23,32,pm,005930,A019,buy,1,186300.0,filled
simulation_20260715_000826_158697_23249,2026-03-23,32,pm,005930,A020,buy,10,186300.0,filled
simulation_20260715_000826_158697_23249,2026-03-23,32,pm,005930,A022,buy,1,186300.0,filled
simulation_20260715_000826_158697_23249,2026-03-23,32,pm,005930,A024,buy,1,186300.0,filled
simulation_20260715_000826_158697_23249,2026-03-23,32,pm,005930,A026,buy,1,186300.0,filled
simulation_20260715_000826_158697_23249,2026-03-23,32,pm,005930,A028,buy,9,186300.0,filled
simulation_20260715_000826_158697_23249,2026-03-23,32,pm,005930,A029,buy,3,186300.0,filled
simulation_20260715_000826_158697_23249,2026-03-23,32,pm,005930,A001,sell,1,186300.0,filled
simulation_20260715_000826_158697_23249,2026-03-23,32,pm,005930,A004,sell,73,186300.0,filled
simulation_20260715_000826_158697_23249,2026-03-23,32,pm,005930,A006,sell,1,186300.0,filled
simulation_20260715_000826_158697_23249,2026-03-23,32,pm,005930,A011,sell,1,186300.0,filled
simulation_20260715_000826_158697_23249,2026-03-23,32,pm,005930,A014,sell,100,186300.0,filled
simulation_20260715_000826_158697_23249,2026-03-23,32,pm,005930,A021,sell,10,186300.0,filled
simulation_20260715_000826_158697_23249,2026-03-23,32,pm,005930,A023,sell,1,186300.0,filled
simulation_20260715_000826_158697_23249,2026-03-23,32,pm,005930,A025,sell,100,186300.0,filled
simulation_20260715_000826_158697_23249,2026-03-23,32,pm,005930,A027,sell,50,186300.0,filled
simulation_20260715_000826_158697_23249,2026-03-23,32,pm,005930,A030,sell,11,186300.0,filled
simulation_20260715_000826_158697_23249,2026-03-24,33,am,005930,A003,buy,2,195500.0,filled
simulation_20260715_000826_158697_23249,2026-03-24,33,am,005930,A006,buy,1,195500.0,filled
simulation_20260715_000826_158697_23249,2026-03-24,33,am,005930,A008,buy,80,195500.0,filled
simulation_20260715_000826_158697_23249,2026-03-24,33,am,005930,A009,buy,50,195500.0,filled
simulation_20260715_000826_158697_23249,2026-03-24,33,am,005930,A010,buy,1,195500.0,filled
simulation_20260715_000826_158697_23249,2026-03-24,33,am,005930,A012,buy,40,195500.0,filled
simulation_20260715_000826_158697_23249,2026-03-24,33,am,005930,A013,buy,7,195500.0,filled
simulation_20260715_000826_158697_23249,2026-03-24,33,am,005930,A015,buy,1,195500.0,filled
simulation_20260715_000826_158697_23249,2026-03-24,33,am,005930,A018,buy,1,195500.0,filled
simulation_20260715_000826_158697_23249,2026-03-24,33,am,005930,A020,buy,5,195500.0,filled
simulation_20260715_000826_158697_23249,2026-03-24,33,am,005930,A021,buy,10,195500.0,filled
simulation_20260715_000826_158697_23249,2026-03-24,33,am,005930,A022,buy,1,195500.0,filled
simulation_20260715_000826_158697_23249,2026-03-24,33,am,005930,A023,buy,2,195500.0,filled
simulation_20260715_000826_158697_23249,2026-03-24,33,am,005930,A024,buy,195,195500.0,filled
simulation_20260715_000826_158697_23249,2026-03-24,33,am,005930,A028,buy,4,195500.0,filled
simulation_20260715_000826_158697_23249,2026-03-24,33,am,005930,A001,sell,3,195500.0,filled
simulation_20260715_000826_158697_23249,2026-03-24,33,am,005930,A002,sell,35,195500.0,filled
simulation_20260715_000826_158697_23249,2026-03-24,33,am,005930,A004,sell,50,195500.0,filled
simulation_20260715_000826_158697_23249,2026-03-24,33,am,005930,A005,sell,1,195500.0,filled
simulation_20260715_000826_158697_23249,2026-03-24,33,am,005930,A007,sell,10,195500.0,filled
simulation_20260715_000826_158697_23249,2026-03-24,33,am,005930,A011,sell,1,195500.0,filled
simulation_20260715_000826_158697_23249,2026-03-24,33,am,005930,A014,sell,100,195500.0,filled
simulation_20260715_000826_158697_23249,2026-03-24,33,am,005930,A016,sell,20,195500.0,filled
simulation_20260715_000826_158697_23249,2026-03-24,33,am,005930,A017,sell,50,195500.0,filled
simulation_20260715_000826_158697_23249,2026-03-24,33,am,005930,A019,sell,1,195500.0,filled
simulation_20260715_000826_158697_23249,2026-03-24,33,am,005930,A025,sell,50,195500.0,filled
simulation_20260715_000826_158697_23249,2026-03-24,33,am,005930,A026,sell,1,195500.0,filled
simulation_20260715_000826_158697_23249,2026-03-24,33,am,005930,A027,sell,100,195500.0,filled
simulation_20260715_000826_158697_23249,2026-03-24,33,am,005930,A029,sell,1,195500.0,filled
simulation_20260715_000826_158697_23249,2026-03-24,33,am,005930,A030,sell,16,195500.0,filled
simulation_20260715_000826_158697_23249,2026-03-24,34,pm,005930,A005,buy,1,189700.0,filled
simulation_20260715_000826_158697_23249,2026-03-24,34,pm,005930,A012,buy,20,189700.0,filled
simulation_20260715_000826_158697_23249,2026-03-24,34,pm,005930,A013,buy,3,189700.0,filled
simulation_20260715_000826_158697_23249,2026-03-24,34,pm,005930,A017,buy,50,189700.0,filled
simulation_20260715_000826_158697_23249,2026-03-24,34,pm,005930,A023,buy,1,189700.0,filled
simulation_20260715_000826_158697_23249,2026-03-24,34,pm,005930,A024,buy,100,189700.0,filled
simulation_20260715_000826_158697_23249,2026-03-24,34,pm,005930,A001,sell,5,189700.0,filled
simulation_20260715_000826_158697_23249,2026-03-24,34,pm,005930,A002,sell,55,189700.0,filled
simulation_20260715_000826_158697_23249,2026-03-24,34,pm,005930,A003,sell,1,189700.0,filled
simulation_20260715_000826_158697_23249,2026-03-24,34,pm,005930,A004,sell,100,189700.0,filled
simulation_20260715_000826_158697_23249,2026-03-24,34,pm,005930,A006,sell,1,189700.0,filled
simulation_20260715_000826_158697_23249,2026-03-24,34,pm,005930,A007,sell,10,189700.0,filled
simulation_20260715_000826_158697_23249,2026-03-24,34,pm,005930,A008,sell,69,189700.0,filled
simulation_20260715_000826_158697_23249,2026-03-24,34,pm,005930,A009,sell,27,189700.0,filled
simulation_20260715_000826_158697_23249,2026-03-24,34,pm,005930,A010,sell,1,189700.0,filled
simulation_20260715_000826_158697_23249,2026-03-24,34,pm,005930,A011,sell,1,189700.0,filled
simulation_20260715_000826_158697_23249,2026-03-24,34,pm,005930,A014,sell,129,189700.0,filled
simulation_20260715_000826_158697_23249,2026-03-24,34,pm,005930,A015,sell,1,189700.0,filled
simulation_20260715_000826_158697_23249,2026-03-24,34,pm,005930,A016,sell,20,189700.0,filled
simulation_20260715_000826_158697_23249,2026-03-24,34,pm,005930,A018,sell,100,189700.0,filled
simulation_20260715_000826_158697_23249,2026-03-24,34,pm,005930,A019,sell,1,189700.0,filled
simulation_20260715_000826_158697_23249,2026-03-24,34,pm,005930,A020,sell,1,189700.0,filled
simulation_20260715_000826_158697_23249,2026-03-24,34,pm,005930,A021,sell,20,189700.0,filled
simulation_20260715_000826_158697_23249,2026-03-24,34,pm,005930,A022,sell,1,189700.0,filled
simulation_20260715_000826_158697_23249,2026-03-24,34,pm,005930,A025,sell,100,189700.0,filled
simulation_20260715_000826_158697_23249,2026-03-24,34,pm,005930,A026,sell,1,189700.0,filled
simulation_20260715_000826_158697_23249,2026-03-24,34,pm,005930,A027,sell,100,189700.0,filled
simulation_20260715_000826_158697_23249,2026-03-24,34,pm,005930,A028,sell,1,189700.0,filled
simulation_20260715_000826_158697_23249,2026-03-24,34,pm,005930,A029,sell,1,189700.0,filled
simulation_20260715_000826_158697_23249,2026-03-24,34,pm,005930,A030,sell,20,189700.0,filled
simulation_20260715_000826_158697_23249,2026-03-25,35,am,005930,A001,buy,1,193700.0,filled
simulation_20260715_000826_158697_23249,2026-03-25,35,am,005930,A002,buy,30,193700.0,filled
simulation_20260715_000826_158697_23249,2026-03-25,35,am,005930,A003,buy,1,193700.0,filled
simulation_20260715_000826_158697_23249,2026-03-25,35,am,005930,A006,buy,3,193700.0,filled
simulation_20260715_000826_158697_23249,2026-03-25,35,am,005930,A010,buy,1,193700.0,filled
simulation_20260715_000826_158697_23249,2026-03-25,35,am,005930,A011,buy,2,193700.0,filled
simulation_20260715_000826_158697_23249,2026-03-25,35,am,005930,A013,buy,2,193700.0,filled
simulation_20260715_000826_158697_23249,2026-03-25,35,am,005930,A014,buy,150,193700.0,filled
simulation_20260715_000826_158697_23249,2026-03-25,35,am,005930,A018,buy,20,193700.0,filled
simulation_20260715_000826_158697_23249,2026-03-25,35,am,005930,A020,buy,3,193700.0,filled
simulation_20260715_000826_158697_23249,2026-03-25,35,am,005930,A022,buy,1,193700.0,filled
simulation_20260715_000826_158697_23249,2026-03-25,35,am,005930,A023,buy,1,193700.0,filled
simulation_20260715_000826_158697_23249,2026-03-25,35,am,005930,A024,buy,40,193700.0,filled
simulation_20260715_000826_158697_23249,2026-03-25,35,am,005930,A028,buy,2,193700.0,filled
simulation_20260715_000826_158697_23249,2026-03-25,35,am,005930,A004,sell,120,193700.0,filled
simulation_20260715_000826_158697_23249,2026-03-25,35,am,005930,A005,sell,1,193700.0,filled
simulation_20260715_000826_158697_23249,2026-03-25,35,am,005930,A007,sell,10,193700.0,filled
simulation_20260715_000826_158697_23249,2026-03-25,35,am,005930,A008,sell,100,193700.0,filled
simulation_20260715_000826_158697_23249,2026-03-25,35,am,005930,A009,sell,50,193700.0,filled
simulation_20260715_000826_158697_23249,2026-03-25,35,am,005930,A012,sell,1,193700.0,filled
simulation_20260715_000826_158697_23249,2026-03-25,35,am,005930,A015,sell,1,193700.0,filled
simulation_20260715_000826_158697_23249,2026-03-25,35,am,005930,A016,sell,20,193700.0,filled
simulation_20260715_000826_158697_23249,2026-03-25,35,am,005930,A017,sell,50,193700.0,filled
simulation_20260715_000826_158697_23249,2026-03-25,35,am,005930,A019,sell,1,193700.0,filled
simulation_20260715_000826_158697_23249,2026-03-25,35,am,005930,A021,sell,20,193700.0,filled
simulation_20260715_000826_158697_23249,2026-03-25,35,am,005930,A025,sell,40,193700.0,filled
simulation_20260715_000826_158697_23249,2026-03-25,35,am,005930,A026,sell,1,193700.0,filled
simulation_20260715_000826_158697_23249,2026-03-25,35,am,005930,A027,sell,62,193700.0,filled
simulation_20260715_000826_158697_23249,2026-03-25,35,am,005930,A029,sell,1,193700.0,filled
simulation_20260715_000826_158697_23249,2026-03-25,35,am,005930,A030,sell,10,193700.0,filled
simulation_20260715_000826_158697_23249,2026-03-25,36,pm,005930,A004,buy,100,189000.0,filled
simulation_20260715_000826_158697_23249,2026-03-25,36,pm,005930,A013,buy,1,189000.0,filled
simulation_20260715_000826_158697_23249,2026-03-25,36,pm,005930,A016,buy,20,189000.0,filled
simulation_20260715_000826_158697_23249,2026-03-25,36,pm,005930,A018,buy,40,189000.0,filled
simulation_20260715_000826_158697_23249,2026-03-25,36,pm,005930,A019,buy,1,189000.0,filled
simulation_20260715_000826_158697_23249,2026-03-25,36,pm,005930,A027,buy,100,189000.0,filled
simulation_20260715_000826_158697_23249,2026-03-25,36,pm,005930,A001,sell,1,189000.0,filled
simulation_20260715_000826_158697_23249,2026-03-25,36,pm,005930,A002,sell,1,189000.0,filled
simulation_20260715_000826_158697_23249,2026-03-25,36,pm,005930,A003,sell,1,189000.0,filled
simulation_20260715_000826_158697_23249,2026-03-25,36,pm,005930,A005,sell,1,189000.0,filled
simulation_20260715_000826_158697_23249,2026-03-25,36,pm,005930,A006,sell,1,189000.0,filled
simulation_20260715_000826_158697_23249,2026-03-25,36,pm,005930,A007,sell,10,189000.0,filled
simulation_20260715_000826_158697_23249,2026-03-25,36,pm,005930,A008,sell,136,189000.0,filled
simulation_20260715_000826_158697_23249,2026-03-25,36,pm,005930,A009,sell,50,189000.0,filled
simulation_20260715_000826_158697_23249,2026-03-25,36,pm,005930,A010,sell,1,189000.0,filled
simulation_20260715_000826_158697_23249,2026-03-25,36,pm,005930,A011,sell,1,189000.0,filled
simulation_20260715_000826_158697_23249,2026-03-25,36,pm,005930,A012,sell,28,189000.0,filled
simulation_20260715_000826_158697_23249,2026-03-25,36,pm,005930,A014,sell,150,189000.0,filled
simulation_20260715_000826_158697_23249,2026-03-25,36,pm,005930,A015,sell,1,189000.0,filled
simulation_20260715_000826_158697_23249,2026-03-25,36,pm,005930,A017,sell,50,189000.0,filled
simulation_20260715_000826_158697_23249,2026-03-25,36,pm,005930,A020,sell,1,189000.0,filled
simulation_20260715_000826_158697_23249,2026-03-25,36,pm,005930,A021,sell,20,189000.0,filled
simulation_20260715_000826_158697_23249,2026-03-25,36,pm,005930,A022,sell,1,189000.0,filled
simulation_20260715_000826_158697_23249,2026-03-25,36,pm,005930,A023,sell,1,189000.0,filled
simulation_20260715_000826_158697_23249,2026-03-25,36,pm,005930,A024,sell,336,189000.0,filled
simulation_20260715_000826_158697_23249,2026-03-25,36,pm,005930,A025,sell,40,189000.0,filled
simulation_20260715_000826_158697_23249,2026-03-25,36,pm,005930,A026,sell,1,189000.0,filled
simulation_20260715_000826_158697_23249,2026-03-25,36,pm,005930,A028,sell,1,189000.0,filled
simulation_20260715_000826_158697_23249,2026-03-25,36,pm,005930,A029,sell,3,189000.0,filled
simulation_20260715_000826_158697_23249,2026-03-25,36,pm,005930,A030,sell,1,189000.0,filled
simulation_20260715_000826_158697_23249,2026-03-26,37,am,005930,A001,buy,5,185500.0,filled
simulation_20260715_000826_158697_23249,2026-03-26,37,am,005930,A006,buy,2,185500.0,filled
simulation_20260715_000826_158697_23249,2026-03-26,37,am,005930,A008,buy,100,185500.0,filled
simulation_20260715_000826_158697_23249,2026-03-26,37,am,005930,A009,buy,40,185500.0,filled
simulation_20260715_000826_158697_23249,2026-03-26,37,am,005930,A010,buy,1,185500.0,filled
simulation_20260715_000826_158697_23249,2026-03-26,37,am,005930,A011,buy,1,185500.0,filled
simulation_20260715_000826_158697_23249,2026-03-26,37,am,005930,A012,buy,20,185500.0,filled
simulation_20260715_000826_158697_23249,2026-03-26,37,am,005930,A014,buy,10,185500.0,filled
simulation_20260715_000826_158697_23249,2026-03-26,37,am,005930,A016,buy,10,185500.0,filled
simulation_20260715_000826_158697_23249,2026-03-26,37,am,005930,A018,buy,21,185500.0,filled
simulation_20260715_000826_158697_23249,2026-03-26,37,am,005930,A020,buy,2,185500.0,filled
simulation_20260715_000826_158697_23249,2026-03-26,37,am,005930,A023,buy,1,185500.0,filled
simulation_20260715_000826_158697_23249,2026-03-26,37,am,005930,A024,buy,202,185500.0,filled
simulation_20260715_000826_158697_23249,2026-03-26,37,am,005930,A025,buy,150,185500.0,filled
simulation_20260715_000826_158697_23249,2026-03-26,37,am,005930,A026,buy,1,185500.0,filled
simulation_20260715_000826_158697_23249,2026-03-26,37,am,005930,A029,buy,4,185500.0,filled
simulation_20260715_000826_158697_23249,2026-03-26,37,am,005930,A002,sell,10,185500.0,filled
simulation_20260715_000826_158697_23249,2026-03-26,37,am,005930,A003,sell,1,185500.0,filled
simulation_20260715_000826_158697_23249,2026-03-26,37,am,005930,A004,sell,100,185500.0,filled
simulation_20260715_000826_158697_23249,2026-03-26,37,am,005930,A005,sell,1,185500.0,filled
simulation_20260715_000826_158697_23249,2026-03-26,37,am,005930,A007,sell,10,185500.0,filled
simulation_20260715_000826_158697_23249,2026-03-26,37,am,005930,A013,sell,500,185500.0,filled
simulation_20260715_000826_158697_23249,2026-03-26,37,am,005930,A015,sell,1,185500.0,filled
simulation_20260715_000826_158697_23249,2026-03-26,37,am,005930,A017,sell,50,185500.0,filled
simulation_20260715_000826_158697_23249,2026-03-26,37,am,005930,A019,sell,1,185500.0,filled
simulation_20260715_000826_158697_23249,2026-03-26,37,am,005930,A021,sell,20,185500.0,filled
simulation_20260715_000826_158697_23249,2026-03-26,37,am,005930,A022,sell,1,185500.0,filled
simulation_20260715_000826_158697_23249,2026-03-26,37,am,005930,A027,sell,100,185500.0,filled
simulation_20260715_000826_158697_23249,2026-03-26,37,am,005930,A028,sell,1,185500.0,filled
simulation_20260715_000826_158697_23249,2026-03-26,37,am,005930,A030,sell,1,185500.0,filled
simulation_20260715_000826_158697_23249,2026-03-26,38,pm,005930,A001,buy,5,180100.0,filled
simulation_20260715_000826_158697_23249,2026-03-26,38,pm,005930,A002,buy,20,180100.0,filled
simulation_20260715_000826_158697_23249,2026-03-26,38,pm,005930,A003,buy,2,180100.0,filled
simulation_20260715_000826_158697_23249,2026-03-26,38,pm,005930,A004,buy,100,180100.0,filled
simulation_20260715_000826_158697_23249,2026-03-26,38,pm,005930,A005,buy,2,180100.0,filled
simulation_20260715_000826_158697_23249,2026-03-26,38,pm,005930,A011,buy,1,180100.0,filled
simulation_20260715_000826_158697_23249,2026-03-26,38,pm,005930,A012,buy,20,180100.0,filled
simulation_20260715_000826_158697_23249,2026-03-26,38,pm,005930,A013,buy,200,180100.0,filled
simulation_20260715_000826_158697_23249,2026-03-26,38,pm,005930,A018,buy,11,180100.0,filled
simulation_20260715_000826_158697_23249,2026-03-26,38,pm,005930,A019,buy,5,180100.0,filled
simulation_20260715_000826_158697_23249,2026-03-26,38,pm,005930,A025,buy,100,180100.0,filled
simulation_20260715_000826_158697_23249,2026-03-26,38,pm,005930,A026,buy,1,180100.0,filled
simulation_20260715_000826_158697_23249,2026-03-26,38,pm,005930,A027,buy,200,180100.0,filled
simulation_20260715_000826_158697_23249,2026-03-26,38,pm,005930,A029,buy,2,180100.0,filled
simulation_20260715_000826_158697_23249,2026-03-26,38,pm,005930,A006,sell,1,180100.0,filled
simulation_20260715_000826_158697_23249,2026-03-26,38,pm,005930,A007,sell,50,180100.0,filled
simulation_20260715_000826_158697_23249,2026-03-26,38,pm,005930,A008,sell,100,180100.0,filled
simulation_20260715_000826_158697_23249,2026-03-26,38,pm,005930,A009,sell,76,180100.0,filled
simulation_20260715_000826_158697_23249,2026-03-26,38,pm,005930,A010,sell,100,180100.0,filled
simulation_20260715_000826_158697_23249,2026-03-26,38,pm,005930,A014,sell,10,180100.0,filled
simulation_20260715_000826_158697_23249,2026-03-26,38,pm,005930,A015,sell,1,180100.0,filled
simulation_20260715_000826_158697_23249,2026-03-26,38,pm,005930,A016,sell,10,180100.0,filled
simulation_20260715_000826_158697_23249,2026-03-26,38,pm,005930,A017,sell,48,180100.0,filled
simulation_20260715_000826_158697_23249,2026-03-26,38,pm,005930,A020,sell,1,180100.0,filled
simulation_20260715_000826_158697_23249,2026-03-26,38,pm,005930,A021,sell,20,180100.0,filled
simulation_20260715_000826_158697_23249,2026-03-26,38,pm,005930,A022,sell,1,180100.0,filled
simulation_20260715_000826_158697_23249,2026-03-26,38,pm,005930,A023,sell,10,180100.0,filled
simulation_20260715_000826_158697_23249,2026-03-26,38,pm,005930,A024,sell,104,180100.0,filled
simulation_20260715_000826_158697_23249,2026-03-26,38,pm,005930,A028,sell,1,180100.0,filled
simulation_20260715_000826_158697_23249,2026-03-26,38,pm,005930,A030,sell,20,180100.0,filled
simulation_20260715_000826_158697_23249,2026-03-27,39,am,005930,A001,buy,3,172100.0,filled
simulation_20260715_000826_158697_23249,2026-03-27,39,am,005930,A003,buy,1,172100.0,filled
simulation_20260715_000826_158697_23249,2026-03-27,39,am,005930,A004,buy,100,172100.0,filled
simulation_20260715_000826_158697_23249,2026-03-27,39,am,005930,A005,buy,1,172100.0,filled
simulation_20260715_000826_158697_23249,2026-03-27,39,am,005930,A006,buy,1,172100.0,filled
simulation_20260715_000826_158697_23249,2026-03-27,39,am,005930,A008,buy,200,172100.0,filled
simulation_20260715_000826_158697_23249,2026-03-27,39,am,005930,A009,buy,50,172100.0,filled
simulation_20260715_000826_158697_23249,2026-03-27,39,am,005930,A010,buy,53,172100.0,filled
simulation_20260715_000826_158697_23249,2026-03-27,39,am,005930,A013,buy,165,172100.0,filled
simulation_20260715_000826_158697_23249,2026-03-27,39,am,005930,A014,buy,100,172100.0,filled
simulation_20260715_000826_158697_23249,2026-03-27,39,am,005930,A016,buy,30,172100.0,filled
simulation_20260715_000826_158697_23249,2026-03-27,39,am,005930,A017,buy,100,172100.0,filled
simulation_20260715_000826_158697_23249,2026-03-27,39,am,005930,A018,buy,5,172100.0,filled
simulation_20260715_000826_158697_23249,2026-03-27,39,am,005930,A019,buy,2,172100.0,filled
simulation_20260715_000826_158697_23249,2026-03-27,39,am,005930,A022,buy,2,172100.0,filled
simulation_20260715_000826_158697_23249,2026-03-27,39,am,005930,A023,buy,1,172100.0,filled
simulation_20260715_000826_158697_23249,2026-03-27,39,am,005930,A024,buy,100,172100.0,filled
simulation_20260715_000826_158697_23249,2026-03-27,39,am,005930,A025,buy,50,172100.0,filled
simulation_20260715_000826_158697_23249,2026-03-27,39,am,005930,A026,buy,2,172100.0,filled
simulation_20260715_000826_158697_23249,2026-03-27,39,am,005930,A028,buy,3,172100.0,filled
simulation_20260715_000826_158697_23249,2026-03-27,39,am,005930,A029,buy,1,172100.0,filled
simulation_20260715_000826_158697_23249,2026-03-27,39,am,005930,A002,sell,60,172100.0,filled
simulation_20260715_000826_158697_23249,2026-03-27,39,am,005930,A007,sell,20,172100.0,filled
simulation_20260715_000826_158697_23249,2026-03-27,39,am,005930,A011,sell,489,172100.0,filled
simulation_20260715_000826_158697_23249,2026-03-27,39,am,005930,A012,sell,1,172100.0,filled
simulation_20260715_000826_158697_23249,2026-03-27,39,am,005930,A015,sell,1,172100.0,filled
simulation_20260715_000826_158697_23249,2026-03-27,39,am,005930,A020,sell,1,172100.0,filled
simulation_20260715_000826_158697_23249,2026-03-27,39,am,005930,A021,sell,20,172100.0,filled
simulation_20260715_000826_158697_23249,2026-03-27,39,am,005930,A027,sell,200,172100.0,filled
simulation_20260715_000826_158697_23249,2026-03-27,39,am,005930,A030,sell,10,172100.0,filled
simulation_20260715_000826_158697_23249,2026-03-27,40,pm,005930,A003,buy,1,179700.0,filled
simulation_20260715_000826_158697_23249,2026-03-27,40,pm,005930,A004,buy,100,179700.0,filled
simulation_20260715_000826_158697_23249,2026-03-27,40,pm,005930,A005,buy,1,179700.0,filled
simulation_20260715_000826_158697_23249,2026-03-27,40,pm,005930,A006,buy,1,179700.0,filled
simulation_20260715_000826_158697_23249,2026-03-27,40,pm,005930,A008,buy,100,179700.0,filled
simulation_20260715_000826_158697_23249,2026-03-27,40,pm,005930,A010,buy,20,179700.0,filled
simulation_20260715_000826_158697_23249,2026-03-27,40,pm,005930,A011,buy,150,179700.0,filled
simulation_20260715_000826_158697_23249,2026-03-27,40,pm,005930,A013,buy,50,179700.0,filled
simulation_20260715_000826_158697_23249,2026-03-27,40,pm,005930,A016,buy,25,179700.0,filled
simulation_20260715_000826_158697_23249,2026-03-27,40,pm,005930,A018,buy,3,179700.0,filled
simulation_20260715_000826_158697_23249,2026-03-27,40,pm,005930,A019,buy,1,179700.0,filled
simulation_20260715_000826_158697_23249,2026-03-27,40,pm,005930,A022,buy,1,179700.0,filled
simulation_20260715_000826_158697_23249,2026-03-27,40,pm,005930,A023,buy,5,179700.0,filled
simulation_20260715_000826_158697_23249,2026-03-27,40,pm,005930,A025,buy,50,179700.0,filled
simulation_20260715_000826_158697_23249,2026-03-27,40,pm,005930,A026,buy,1,179700.0,filled
simulation_20260715_000826_158697_23249,2026-03-27,40,pm,005930,A027,buy,100,179700.0,filled
simulation_20260715_000826_158697_23249,2026-03-27,40,pm,005930,A028,buy,2,179700.0,filled
simulation_20260715_000826_158697_23249,2026-03-27,40,pm,005930,A029,buy,1,179700.0,filled
simulation_20260715_000826_158697_23249,2026-03-27,40,pm,005930,A030,buy,10,179700.0,filled
simulation_20260715_000826_158697_23249,2026-03-27,40,pm,005930,A001,sell,1,179700.0,filled
simulation_20260715_000826_158697_23249,2026-03-27,40,pm,005930,A002,sell,50,179700.0,filled
simulation_20260715_000826_158697_23249,2026-03-27,40,pm,005930,A007,sell,50,179700.0,filled
simulation_20260715_000826_158697_23249,2026-03-27,40,pm,005930,A009,sell,50,179700.0,filled
simulation_20260715_000826_158697_23249,2026-03-27,40,pm,005930,A012,sell,20,179700.0,filled
simulation_20260715_000826_158697_23249,2026-03-27,40,pm,005930,A014,sell,1,179700.0,filled
simulation_20260715_000826_158697_23249,2026-03-27,40,pm,005930,A015,sell,1,179700.0,filled
simulation_20260715_000826_158697_23249,2026-03-27,40,pm,005930,A017,sell,100,179700.0,filled
simulation_20260715_000826_158697_23249,2026-03-27,40,pm,005930,A020,sell,1,179700.0,filled
simulation_20260715_000826_158697_23249,2026-03-27,40,pm,005930,A021,sell,20,179700.0,filled
simulation_20260715_000826_158697_23249,2026-03-27,40,pm,005930,A024,sell,100,179700.0,filled
simulation_20260715_000826_158697_23249,2026-03-30,41,am,005930,A001,buy,2,171000.0,filled
simulation_20260715_000826_158697_23249,2026-03-30,41,am,005930,A004,buy,115,171000.0,filled
simulation_20260715_000826_158697_23249,2026-03-30,41,am,005930,A007,buy,50,171000.0,filled
simulation_20260715_000826_158697_23249,2026-03-30,41,am,005930,A009,buy,100,171000.0,filled
simulation_20260715_000826_158697_23249,2026-03-30,41,am,005930,A010,buy,16,171000.0,filled
simulation_20260715_000826_158697_23249,2026-03-30,41,am,005930,A011,buy,150,171000.0,filled
simulation_20260715_000826_158697_23249,2026-03-30,41,am,005930,A012,buy,36,171000.0,filled
simulation_20260715_000826_158697_23249,2026-03-30,41,am,005930,A013,buy,57,171000.0,filled
simulation_20260715_000826_158697_23249,2026-03-30,41,am,005930,A016,buy,20,171000.0,filled
simulation_20260715_000826_158697_23249,2026-03-30,41,am,005930,A017,buy,265,171000.0,filled
simulation_20260715_000826_158697_23249,2026-03-30,41,am,005930,A018,buy,1,171000.0,filled
simulation_20260715_000826_158697_23249,2026-03-30,41,am,005930,A019,buy,1,171000.0,filled
simulation_20260715_000826_158697_23249,2026-03-30,41,am,005930,A020,buy,3,171000.0,filled
simulation_20260715_000826_158697_23249,2026-03-30,41,am,005930,A023,buy,3,171000.0,filled
simulation_20260715_000826_158697_23249,2026-03-30,41,am,005930,A024,buy,150,171000.0,filled
simulation_20260715_000826_158697_23249,2026-03-30,41,am,005930,A025,buy,50,171000.0,filled
simulation_20260715_000826_158697_23249,2026-03-30,41,am,005930,A028,buy,1,171000.0,filled
simulation_20260715_000826_158697_23249,2026-03-30,41,am,005930,A002,sell,100,171000.0,filled
simulation_20260715_000826_158697_23249,2026-03-30,41,am,005930,A003,sell,100,171000.0,filled
simulation_20260715_000826_158697_23249,2026-03-30,41,am,005930,A005,sell,1,171000.0,filled
simulation_20260715_000826_158697_23249,2026-03-30,41,am,005930,A006,sell,1,171000.0,filled
simulation_20260715_000826_158697_23249,2026-03-30,41,am,005930,A008,sell,100,171000.0,filled
simulation_20260715_000826_158697_23249,2026-03-30,41,am,005930,A014,sell,99,171000.0,filled
simulation_20260715_000826_158697_23249,2026-03-30,41,am,005930,A015,sell,1,171000.0,filled
simulation_20260715_000826_158697_23249,2026-03-30,41,am,005930,A021,sell,20,171000.0,filled
simulation_20260715_000826_158697_23249,2026-03-30,41,am,005930,A022,sell,1,171000.0,filled
simulation_20260715_000826_158697_23249,2026-03-30,41,am,005930,A026,sell,1,171000.0,filled
simulation_20260715_000826_158697_23249,2026-03-30,41,am,005930,A027,sell,100,171000.0,filled
simulation_20260715_000826_158697_23249,2026-03-30,41,am,005930,A029,sell,1,171000.0,filled
simulation_20260715_000826_158697_23249,2026-03-30,41,am,005930,A030,sell,20,171000.0,filled
simulation_20260715_000826_158697_23249,2026-03-30,42,pm,005930,A001,buy,1,176300.0,filled
simulation_20260715_000826_158697_23249,2026-03-30,42,pm,005930,A002,buy,100,176300.0,filled
simulation_20260715_000826_158697_23249,2026-03-30,42,pm,005930,A003,buy,40,176300.0,filled
simulation_20260715_000826_158697_23249,2026-03-30,42,pm,005930,A004,buy,50,176300.0,filled
simulation_20260715_000826_158697_23249,2026-03-30,42,pm,005930,A005,buy,1,176300.0,filled
simulation_20260715_000826_158697_23249,2026-03-30,42,pm,005930,A008,buy,100,176300.0,filled
simulation_20260715_000826_158697_23249,2026-03-30,42,pm,005930,A010,buy,8,176300.0,filled
simulation_20260715_000826_158697_23249,2026-03-30,42,pm,005930,A011,buy,90,176300.0,filled
simulation_20260715_000826_158697_23249,2026-03-30,42,pm,005930,A012,buy,10,176300.0,filled
simulation_20260715_000826_158697_23249,2026-03-30,42,pm,005930,A013,buy,28,176300.0,filled
simulation_20260715_000826_158697_23249,2026-03-30,42,pm,005930,A014,buy,250,176300.0,filled
simulation_20260715_000826_158697_23249,2026-03-30,42,pm,005930,A015,buy,4,176300.0,filled
simulation_20260715_000826_158697_23249,2026-03-30,42,pm,005930,A016,buy,15,176300.0,filled
simulation_20260715_000826_158697_23249,2026-03-30,42,pm,005930,A018,buy,1,176300.0,filled
simulation_20260715_000826_158697_23249,2026-03-30,42,pm,005930,A020,buy,1,176300.0,filled
simulation_20260715_000826_158697_23249,2026-03-30,42,pm,005930,A021,buy,50,176300.0,filled
simulation_20260715_000826_158697_23249,2026-03-30,42,pm,005930,A022,buy,1,176300.0,filled
simulation_20260715_000826_158697_23249,2026-03-30,42,pm,005930,A023,buy,1,176300.0,filled
simulation_20260715_000826_158697_23249,2026-03-30,42,pm,005930,A024,buy,89,176300.0,filled
simulation_20260715_000826_158697_23249,2026-03-30,42,pm,005930,A025,buy,32,176300.0,filled
simulation_20260715_000826_158697_23249,2026-03-30,42,pm,005930,A026,buy,1,176300.0,filled
simulation_20260715_000826_158697_23249,2026-03-30,42,pm,005930,A027,buy,100,176300.0,filled
simulation_20260715_000826_158697_23249,2026-03-30,42,pm,005930,A029,buy,1,176300.0,filled
simulation_20260715_000826_158697_23249,2026-03-30,42,pm,005930,A030,buy,20,176300.0,filled
simulation_20260715_000826_158697_23249,2026-03-30,42,pm,005930,A006,sell,1,176300.0,filled
simulation_20260715_000826_158697_23249,2026-03-30,42,pm,005930,A007,sell,50,176300.0,filled
simulation_20260715_000826_158697_23249,2026-03-30,42,pm,005930,A009,sell,50,176300.0,filled
simulation_20260715_000826_158697_23249,2026-03-30,42,pm,005930,A017,sell,100,176300.0,filled
simulation_20260715_000826_158697_23249,2026-03-30,42,pm,005930,A019,sell,1,176300.0,filled
simulation_20260715_000826_158697_23249,2026-03-30,42,pm,005930,A028,sell,1,176300.0,filled
simulation_20260715_000826_158697_23249,2026-03-31,43,am,005930,A002,buy,100,170000.0,filled
simulation_20260715_000826_158697_23249,2026-03-31,43,am,005930,A003,buy,30,170000.0,filled
simulation_20260715_000826_158697_23249,2026-03-31,43,am,005930,A004,buy,32,170000.0,filled
simulation_20260715_000826_158697_23249,2026-03-31,43,am,005930,A010,buy,1,170000.0,filled
simulation_20260715_000826_158697_23249,2026-03-31,43,am,005930,A011,buy,46,170000.0,filled
simulation_20260715_000826_158697_23249,2026-03-31,43,am,005930,A012,buy,10,170000.0,filled
simulation_20260715_000826_158697_23249,2026-03-31,43,am,005930,A013,buy,14,170000.0,filled
simulation_20260715_000826_158697_23249,2026-03-31,43,am,005930,A015,buy,2,170000.0,filled
simulation_20260715_000826_158697_23249,2026-03-31,43,am,005930,A016,buy,5,170000.0,filled
simulation_20260715_000826_158697_23249,2026-03-31,43,am,005930,A019,buy,1,170000.0,filled
simulation_20260715_000826_158697_23249,2026-03-31,43,am,005930,A024,buy,46,170000.0,filled
simulation_20260715_000826_158697_23249,2026-03-31,43,am,005930,A025,buy,10,170000.0,filled
simulation_20260715_000826_158697_23249,2026-03-31,43,am,005930,A028,buy,1,170000.0,filled
simulation_20260715_000826_158697_23249,2026-03-31,43,am,005930,A030,buy,20,170000.0,filled
simulation_20260715_000826_158697_23249,2026-03-31,43,am,005930,A001,sell,1,170000.0,filled
simulation_20260715_000826_158697_23249,2026-03-31,43,am,005930,A005,sell,1,170000.0,filled
simulation_20260715_000826_158697_23249,2026-03-31,43,am,005930,A006,sell,1,170000.0,filled
simulation_20260715_000826_158697_23249,2026-03-31,43,am,005930,A007,sell,50,170000.0,filled
simulation_20260715_000826_158697_23249,2026-03-31,43,am,005930,A008,sell,300,170000.0,filled
simulation_20260715_000826_158697_23249,2026-03-31,43,am,005930,A009,sell,50,170000.0,filled
simulation_20260715_000826_158697_23249,2026-03-31,43,am,005930,A014,sell,100,170000.0,filled
simulation_20260715_000826_158697_23249,2026-03-31,43,am,005930,A017,sell,50,170000.0,filled
simulation_20260715_000826_158697_23249,2026-03-31,43,am,005930,A018,sell,1,170000.0,filled
simulation_20260715_000826_158697_23249,2026-03-31,43,am,005930,A020,sell,1,170000.0,filled
simulation_20260715_000826_158697_23249,2026-03-31,43,am,005930,A021,sell,50,170000.0,filled
simulation_20260715_000826_158697_23249,2026-03-31,43,am,005930,A022,sell,1,170000.0,filled
simulation_20260715_000826_158697_23249,2026-03-31,43,am,005930,A023,sell,1,170000.0,filled
simulation_20260715_000826_158697_23249,2026-03-31,43,am,005930,A026,sell,1,170000.0,filled
simulation_20260715_000826_158697_23249,2026-03-31,43,am,005930,A027,sell,100,170000.0,filled
simulation_20260715_000826_158697_23249,2026-03-31,43,am,005930,A029,sell,1,170000.0,filled
simulation_20260715_000826_158697_23249,2026-03-31,44,pm,005930,A002,buy,40,167200.0,filled
simulation_20260715_000826_158697_23249,2026-03-31,44,pm,005930,A003,buy,15,167200.0,filled
simulation_20260715_000826_158697_23249,2026-03-31,44,pm,005930,A004,buy,16,167200.0,filled
simulation_20260715_000826_158697_23249,2026-03-31,44,pm,005930,A005,buy,1,167200.0,filled
simulation_20260715_000826_158697_23249,2026-03-31,44,pm,005930,A007,buy,100,167200.0,filled
simulation_20260715_000826_158697_23249,2026-03-31,44,pm,005930,A008,buy,245,167200.0,filled
simulation_20260715_000826_158697_23249,2026-03-31,44,pm,005930,A009,buy,100,167200.0,filled
simulation_20260715_000826_158697_23249,2026-03-31,44,pm,005930,A010,buy,1,167200.0,filled
simulation_20260715_000826_158697_23249,2026-03-31,44,pm,005930,A011,buy,24,167200.0,filled
simulation_20260715_000826_158697_23249,2026-03-31,44,pm,005930,A013,buy,7,167200.0,filled
simulation_20260715_000826_158697_23249,2026-03-31,44,pm,005930,A015,buy,1,167200.0,filled
simulation_20260715_000826_158697_23249,2026-03-31,44,pm,005930,A016,buy,1,167200.0,filled
simulation_20260715_000826_158697_23249,2026-03-31,44,pm,005930,A018,buy,1,167200.0,filled
simulation_20260715_000826_158697_23249,2026-03-31,44,pm,005930,A020,buy,1,167200.0,filled
simulation_20260715_000826_158697_23249,2026-03-31,44,pm,005930,A022,buy,1,167200.0,filled
simulation_20260715_000826_158697_23249,2026-03-31,44,pm,005930,A023,buy,1,167200.0,filled
simulation_20260715_000826_158697_23249,2026-03-31,44,pm,005930,A024,buy,23,167200.0,filled
simulation_20260715_000826_158697_23249,2026-03-31,44,pm,005930,A025,buy,12,167200.0,filled
simulation_20260715_000826_158697_23249,2026-03-31,44,pm,005930,A026,buy,1,167200.0,filled
simulation_20260715_000826_158697_23249,2026-03-31,44,pm,005930,A027,buy,150,167200.0,filled
simulation_20260715_000826_158697_23249,2026-03-31,44,pm,005930,A029,buy,1,167200.0,filled
simulation_20260715_000826_158697_23249,2026-03-31,44,pm,005930,A030,buy,20,167200.0,filled
simulation_20260715_000826_158697_23249,2026-03-31,44,pm,005930,A001,sell,1,167200.0,filled
simulation_20260715_000826_158697_23249,2026-03-31,44,pm,005930,A006,sell,1,167200.0,filled
simulation_20260715_000826_158697_23249,2026-03-31,44,pm,005930,A012,sell,1,167200.0,filled
simulation_20260715_000826_158697_23249,2026-03-31,44,pm,005930,A014,sell,150,167200.0,filled
simulation_20260715_000826_158697_23249,2026-03-31,44,pm,005930,A017,sell,115,167200.0,filled
simulation_20260715_000826_158697_23249,2026-03-31,44,pm,005930,A019,sell,1,167200.0,filled
simulation_20260715_000826_158697_23249,2026-03-31,44,pm,005930,A021,sell,20,167200.0,filled
simulation_20260715_000826_158697_23249,2026-03-31,44,pm,005930,A028,sell,100,167200.0,filled
simulation_20260715_000826_158697_23249,2026-04-01,46,pm,005930,A001,buy,1,189600.0,filled
simulation_20260715_000826_158697_23249,2026-04-01,46,pm,005930,A008,buy,100,189600.0,filled
simulation_20260715_000826_158697_23249,2026-04-01,46,pm,005930,A009,buy,60,189600.0,filled
simulation_20260715_000826_158697_23249,2026-04-01,46,pm,005930,A010,buy,2,189600.0,filled
simulation_20260715_000826_158697_23249,2026-04-01,46,pm,005930,A011,buy,10,189600.0,filled
simulation_20260715_000826_158697_23249,2026-04-01,46,pm,005930,A012,buy,7,189600.0,filled
simulation_20260715_000826_158697_23249,2026-04-01,46,pm,005930,A013,buy,3,189600.0,filled
simulation_20260715_000826_158697_23249,2026-04-01,46,pm,005930,A014,buy,200,189600.0,filled
simulation_20260715_000826_158697_23249,2026-04-01,46,pm,005930,A017,buy,230,189600.0,filled
simulation_20260715_000826_158697_23249,2026-04-01,46,pm,005930,A019,buy,1,189600.0,filled
simulation_20260715_000826_158697_23249,2026-04-01,46,pm,005930,A020,buy,1,189600.0,filled
simulation_20260715_000826_158697_23249,2026-04-01,46,pm,005930,A024,buy,10,189600.0,filled
simulation_20260715_000826_158697_23249,2026-04-01,46,pm,005930,A026,buy,1,189600.0,filled
simulation_20260715_000826_158697_23249,2026-04-01,46,pm,005930,A027,buy,141,189600.0,filled
simulation_20260715_000826_158697_23249,2026-04-01,46,pm,005930,A028,buy,40,189600.0,filled
simulation_20260715_000826_158697_23249,2026-04-01,46,pm,005930,A002,sell,50,189600.0,filled
simulation_20260715_000826_158697_23249,2026-04-01,46,pm,005930,A003,sell,50,189600.0,filled
simulation_20260715_000826_158697_23249,2026-04-01,46,pm,005930,A004,sell,300,189600.0,filled
simulation_20260715_000826_158697_23249,2026-04-01,46,pm,005930,A005,sell,1,189600.0,filled
simulation_20260715_000826_158697_23249,2026-04-01,46,pm,005930,A006,sell,1,189600.0,filled
simulation_20260715_000826_158697_23249,2026-04-01,46,pm,005930,A007,sell,50,189600.0,filled
simulation_20260715_000826_158697_23249,2026-04-01,46,pm,005930,A015,sell,1,189600.0,filled
simulation_20260715_000826_158697_23249,2026-04-01,46,pm,005930,A016,sell,4,189600.0,filled
simulation_20260715_000826_158697_23249,2026-04-01,46,pm,005930,A018,sell,512,189600.0,filled
simulation_20260715_000826_158697_23249,2026-04-01,46,pm,005930,A021,sell,50,189600.0,filled
simulation_20260715_000826_158697_23249,2026-04-01,46,pm,005930,A022,sell,100,189600.0,filled
simulation_20260715_000826_158697_23249,2026-04-01,46,pm,005930,A023,sell,10,189600.0,filled
simulation_20260715_000826_158697_23249,2026-04-01,46,pm,005930,A025,sell,100,189600.0,filled
simulation_20260715_000826_158697_23249,2026-04-01,46,pm,005930,A029,sell,460,189600.0,filled
simulation_20260715_000826_158697_23249,2026-04-01,46,pm,005930,A030,sell,32,189600.0,filled
simulation_20260715_000826_158697_23249,2026-04-01,46,pm,005930,A001,buy,1,189600.0,filled
simulation_20260715_000826_158697_23249,2026-04-01,46,pm,005930,A008,buy,100,189600.0,filled
simulation_20260715_000826_158697_23249,2026-04-01,46,pm,005930,A009,buy,60,189600.0,filled
simulation_20260715_000826_158697_23249,2026-04-01,46,pm,005930,A010,buy,2,189600.0,filled
simulation_20260715_000826_158697_23249,2026-04-01,46,pm,005930,A011,buy,10,189600.0,filled
simulation_20260715_000826_158697_23249,2026-04-01,46,pm,005930,A012,buy,7,189600.0,filled
simulation_20260715_000826_158697_23249,2026-04-01,46,pm,005930,A013,buy,3,189600.0,filled
simulation_20260715_000826_158697_23249,2026-04-01,46,pm,005930,A014,buy,200,189600.0,filled
simulation_20260715_000826_158697_23249,2026-04-01,46,pm,005930,A017,buy,230,189600.0,filled
simulation_20260715_000826_158697_23249,2026-04-01,46,pm,005930,A019,buy,1,189600.0,filled
simulation_20260715_000826_158697_23249,2026-04-01,46,pm,005930,A020,buy,1,189600.0,filled
simulation_20260715_000826_158697_23249,2026-04-01,46,pm,005930,A024,buy,10,189600.0,filled
simulation_20260715_000826_158697_23249,2026-04-01,46,pm,005930,A026,buy,1,189600.0,filled
simulation_20260715_000826_158697_23249,2026-04-01,46,pm,005930,A027,buy,141,189600.0,filled
simulation_20260715_000826_158697_23249,2026-04-01,46,pm,005930,A028,buy,40,189600.0,filled
simulation_20260715_000826_158697_23249,2026-04-01,46,pm,005930,A002,sell,50,189600.0,filled
simulation_20260715_000826_158697_23249,2026-04-01,46,pm,005930,A003,sell,50,189600.0,filled
simulation_20260715_000826_158697_23249,2026-04-01,46,pm,005930,A004,sell,300,189600.0,filled
simulation_20260715_000826_158697_23249,2026-04-01,46,pm,005930,A005,sell,1,189600.0,filled
simulation_20260715_000826_158697_23249,2026-04-01,46,pm,005930,A006,sell,1,189600.0,filled
simulation_20260715_000826_158697_23249,2026-04-01,46,pm,005930,A007,sell,50,189600.0,filled
simulation_20260715_000826_158697_23249,2026-04-01,46,pm,005930,A015,sell,1,189600.0,filled
simulation_20260715_000826_158697_23249,2026-04-01,46,pm,005930,A016,sell,4,189600.0,filled
simulation_20260715_000826_158697_23249,2026-04-01,46,pm,005930,A018,sell,512,189600.0,filled
simulation_20260715_000826_158697_23249,2026-04-01,46,pm,005930,A021,sell,50,189600.0,filled
simulation_20260715_000826_158697_23249,2026-04-01,46,pm,005930,A022,sell,100,189600.0,filled
simulation_20260715_000826_158697_23249,2026-04-01,46,pm,005930,A023,sell,10,189600.0,filled
simulation_20260715_000826_158697_23249,2026-04-01,46,pm,005930,A025,sell,100,189600.0,filled
simulation_20260715_000826_158697_23249,2026-04-01,46,pm,005930,A029,sell,460,189600.0,filled
simulation_20260715_000826_158697_23249,2026-04-01,46,pm,005930,A030,sell,32,189600.0,filled
simulation_20260715_000826_158697_23249,2026-04-02,47,am,005930,A003,buy,10,192600.0,filled
simulation_20260715_000826_158697_23249,2026-04-02,47,am,005930,A005,buy,1,192600.0,filled
simulation_20260715_000826_158697_23249,2026-04-02,47,am,005930,A006,buy,3,192600.0,filled
simulation_20260715_000826_158697_23249,2026-04-02,47,am,005930,A010,buy,1,192600.0,filled
simulation_20260715_000826_158697_23249,2026-04-02,47,am,005930,A011,buy,5,192600.0,filled
simulation_20260715_000826_158697_23249,2026-04-02,47,am,005930,A018,buy,252,192600.0,filled
simulation_20260715_000826_158697_23249,2026-04-02,47,am,005930,A024,buy,5,192600.0,filled
simulation_20260715_000826_158697_23249,2026-04-02,47,am,005930,A029,buy,227,192600.0,filled
simulation_20260715_000826_158697_23249,2026-04-02,47,am,005930,A001,sell,1,192600.0,filled
simulation_20260715_000826_158697_23249,2026-04-02,47,am,005930,A002,sell,50,192600.0,filled
simulation_20260715_000826_158697_23249,2026-04-02,47,am,005930,A004,sell,100,192600.0,filled
simulation_20260715_000826_158697_23249,2026-04-02,47,am,005930,A007,sell,50,192600.0,filled
simulation_20260715_000826_158697_23249,2026-04-02,47,am,005930,A008,sell,50,192600.0,filled
simulation_20260715_000826_158697_23249,2026-04-02,47,am,005930,A009,sell,35,192600.0,filled
simulation_20260715_000826_158697_23249,2026-04-02,47,am,005930,A012,sell,4,192600.0,filled
simulation_20260715_000826_158697_23249,2026-04-02,47,am,005930,A013,sell,2,192600.0,filled
simulation_20260715_000826_158697_23249,2026-04-02,47,am,005930,A014,sell,1,192600.0,filled
simulation_20260715_000826_158697_23249,2026-04-02,47,am,005930,A015,sell,1,192600.0,filled
simulation_20260715_000826_158697_23249,2026-04-02,47,am,005930,A016,sell,5,192600.0,filled
simulation_20260715_000826_158697_23249,2026-04-02,47,am,005930,A017,sell,100,192600.0,filled
simulation_20260715_000826_158697_23249,2026-04-02,47,am,005930,A019,sell,1,192600.0,filled
simulation_20260715_000826_158697_23249,2026-04-02,47,am,005930,A020,sell,1,192600.0,filled
simulation_20260715_000826_158697_23249,2026-04-02,47,am,005930,A021,sell,10,192600.0,filled
simulation_20260715_000826_158697_23249,2026-04-02,47,am,005930,A022,sell,50,192600.0,filled
simulation_20260715_000826_158697_23249,2026-04-02,47,am,005930,A023,sell,1,192600.0,filled
simulation_20260715_000826_158697_23249,2026-04-02,47,am,005930,A025,sell,100,192600.0,filled
simulation_20260715_000826_158697_23249,2026-04-02,47,am,005930,A026,sell,10,192600.0,filled
simulation_20260715_000826_158697_23249,2026-04-02,47,am,005930,A027,sell,50,192600.0,filled
simulation_20260715_000826_158697_23249,2026-04-02,47,am,005930,A028,sell,100,192600.0,filled
simulation_20260715_000826_158697_23249,2026-04-02,47,am,005930,A030,sell,20,192600.0,filled
simulation_20260715_000826_158697_23249,2026-04-02,48,pm,005930,A003,buy,28,178400.0,filled
simulation_20260715_000826_158697_23249,2026-04-02,48,pm,005930,A007,buy,100,178400.0,filled
simulation_20260715_000826_158697_23249,2026-04-02,48,pm,005930,A010,buy,1,178400.0,filled
simulation_20260715_000826_158697_23249,2026-04-02,48,pm,005930,A011,buy,3,178400.0,filled
simulation_20260715_000826_158697_23249,2026-04-02,48,pm,005930,A016,buy,5,178400.0,filled
simulation_20260715_000826_158697_23249,2026-04-02,48,pm,005930,A018,buy,136,178400.0,filled
simulation_20260715_000826_158697_23249,2026-04-02,48,pm,005930,A019,buy,1,178400.0,filled
simulation_20260715_000826_158697_23249,2026-04-02,48,pm,005930,A021,buy,50,178400.0,filled
simulation_20260715_000826_158697_23249,2026-04-02,48,pm,005930,A024,buy,3,178400.0,filled
simulation_20260715_000826_158697_23249,2026-04-02,48,pm,005930,A025,buy,100,178400.0,filled
simulation_20260715_000826_158697_23249,2026-04-02,48,pm,005930,A026,buy,1,178400.0,filled
simulation_20260715_000826_158697_23249,2026-04-02,48,pm,005930,A029,buy,100,178400.0,filled
simulation_20260715_000826_158697_23249,2026-04-02,48,pm,005930,A001,sell,1,178400.0,filled
simulation_20260715_000826_158697_23249,2026-04-02,48,pm,005930,A002,sell,100,178400.0,filled
simulation_20260715_000826_158697_23249,2026-04-02,48,pm,005930,A004,sell,113,178400.0,filled
simulation_20260715_000826_158697_23249,2026-04-02,48,pm,005930,A005,sell,1,178400.0,filled
simulation_20260715_000826_158697_23249,2026-04-02,48,pm,005930,A006,sell,1,178400.0,filled
simulation_20260715_000826_158697_23249,2026-04-02,48,pm,005930,A008,sell,295,178400.0,filled
simulation_20260715_000826_158697_23249,2026-04-02,48,pm,005930,A009,sell,313,178400.0,filled
simulation_20260715_000826_158697_23249,2026-04-02,48,pm,005930,A012,sell,1,178400.0,filled
simulation_20260715_000826_158697_23249,2026-04-02,48,pm,005930,A013,sell,2,178400.0,filled
simulation_20260715_000826_158697_23249,2026-04-02,48,pm,005930,A014,sell,199,178400.0,filled
simulation_20260715_000826_158697_23249,2026-04-02,48,pm,005930,A015,sell,2,178400.0,filled
simulation_20260715_000826_158697_23249,2026-04-02,48,pm,005930,A017,sell,60,178400.0,filled
simulation_20260715_000826_158697_23249,2026-04-02,48,pm,005930,A020,sell,1,178400.0,filled
simulation_20260715_000826_158697_23249,2026-04-02,48,pm,005930,A022,sell,50,178400.0,filled
simulation_20260715_000826_158697_23249,2026-04-02,48,pm,005930,A023,sell,1,178400.0,filled
simulation_20260715_000826_158697_23249,2026-04-02,48,pm,005930,A027,sell,241,178400.0,filled
simulation_20260715_000826_158697_23249,2026-04-02,48,pm,005930,A028,sell,80,178400.0,filled
simulation_20260715_000826_158697_23249,2026-04-02,48,pm,005930,A030,sell,20,178400.0,filled
simulation_20260715_000826_158697_23249,2026-04-03,49,am,005930,A004,buy,269,184200.0,filled
simulation_20260715_000826_158697_23249,2026-04-03,49,am,005930,A008,buy,1,184200.0,filled
simulation_20260715_000826_158697_23249,2026-04-03,49,am,005930,A009,buy,200,184200.0,filled
simulation_20260715_000826_158697_23249,2026-04-03,49,am,005930,A011,buy,1,184200.0,filled
simulation_20260715_000826_158697_23249,2026-04-03,49,am,005930,A012,buy,1,184200.0,filled
simulation_20260715_000826_158697_23249,2026-04-03,49,am,005930,A014,buy,200,184200.0,filled
simulation_20260715_000826_158697_23249,2026-04-03,49,am,005930,A018,buy,66,184200.0,filled
simulation_20260715_000826_158697_23249,2026-04-03,49,am,005930,A020,buy,1,184200.0,filled
simulation_20260715_000826_158697_23249,2026-04-03,49,am,005930,A021,buy,100,184200.0,filled
simulation_20260715_000826_158697_23249,2026-04-03,49,am,005930,A022,buy,50,184200.0,filled
simulation_20260715_000826_158697_23249,2026-04-03,49,am,005930,A023,buy,1,184200.0,filled
simulation_20260715_000826_158697_23249,2026-04-03,49,am,005930,A024,buy,1,184200.0,filled
simulation_20260715_000826_158697_23249,2026-04-03,49,am,005930,A026,buy,1,184200.0,filled
simulation_20260715_000826_158697_23249,2026-04-03,49,am,005930,A027,buy,50,184200.0,filled
simulation_20260715_000826_158697_23249,2026-04-03,49,am,005930,A028,buy,50,184200.0,filled
simulation_20260715_000826_158697_23249,2026-04-03,49,am,005930,A029,buy,50,184200.0,filled
simulation_20260715_000826_158697_23249,2026-04-03,49,am,005930,A001,sell,1,184200.0,filled
simulation_20260715_000826_158697_23249,2026-04-03,49,am,005930,A002,sell,50,184200.0,filled
simulation_20260715_000826_158697_23249,2026-04-03,49,am,005930,A003,sell,14,184200.0,filled
simulation_20260715_000826_158697_23249,2026-04-03,49,am,005930,A005,sell,1,184200.0,filled
simulation_20260715_000826_158697_23249,2026-04-03,49,am,005930,A006,sell,1,184200.0,filled
simulation_20260715_000826_158697_23249,2026-04-03,49,am,005930,A007,sell,50,184200.0,filled
simulation_20260715_000826_158697_23249,2026-04-03,49,am,005930,A010,sell,1,184200.0,filled
simulation_20260715_000826_158697_23249,2026-04-03,49,am,005930,A013,sell,2,184200.0,filled
simulation_20260715_000826_158697_23249,2026-04-03,49,am,005930,A015,sell,1,184200.0,filled
simulation_20260715_000826_158697_23249,2026-04-03,49,am,005930,A016,sell,5,184200.0,filled
simulation_20260715_000826_158697_23249,2026-04-03,49,am,005930,A017,sell,70,184200.0,filled
simulation_20260715_000826_158697_23249,2026-04-03,49,am,005930,A019,sell,1,184200.0,filled
simulation_20260715_000826_158697_23249,2026-04-03,49,am,005930,A025,sell,61,184200.0,filled
simulation_20260715_000826_158697_23249,2026-04-03,49,am,005930,A030,sell,30,184200.0,filled
simulation_20260715_000826_158697_23249,2026-04-03,50,pm,005930,A001,buy,2,186200.0,filled
simulation_20260715_000826_158697_23249,2026-04-03,50,pm,005930,A003,buy,20,186200.0,filled
simulation_20260715_000826_158697_23249,2026-04-03,50,pm,005930,A006,buy,2,186200.0,filled
simulation_20260715_000826_158697_23249,2026-04-03,50,pm,005930,A008,buy,100,186200.0,filled
simulation_20260715_000826_158697_23249,2026-04-03,50,pm,005930,A010,buy,1,186200.0,filled
simulation_20260715_000826_158697_23249,2026-04-03,50,pm,005930,A011,buy,1,186200.0,filled
simulation_20260715_000826_158697_23249,2026-04-03,50,pm,005930,A012,buy,6,186200.0,filled
simulation_20260715_000826_158697_23249,2026-04-03,50,pm,005930,A014,buy,100,186200.0,filled
simulation_20260715_000826_158697_23249,2026-04-03,50,pm,005930,A015,buy,3,186200.0,filled
simulation_20260715_000826_158697_23249,2026-04-03,50,pm,005930,A017,buy,100,186200.0,filled
simulation_20260715_000826_158697_23249,2026-04-03,50,pm,005930,A018,buy,33,186200.0,filled
simulation_20260715_000826_158697_23249,2026-04-03,50,pm,005930,A019,buy,1,186200.0,filled
simulation_20260715_000826_158697_23249,2026-04-03,50,pm,005930,A022,buy,50,186200.0,filled
simulation_20260715_000826_158697_23249,2026-04-03,50,pm,005930,A026,buy,1,186200.0,filled
simulation_20260715_000826_158697_23249,2026-04-03,50,pm,005930,A028,buy,50,186200.0,filled
simulation_20260715_000826_158697_23249,2026-04-03,50,pm,005930,A029,buy,44,186200.0,filled
simulation_20260715_000826_158697_23249,2026-04-03,50,pm,005930,A002,sell,50,186200.0,filled
simulation_20260715_000826_158697_23249,2026-04-03,50,pm,005930,A004,sell,133,186200.0,filled
simulation_20260715_000826_158697_23249,2026-04-03,50,pm,005930,A005,sell,1,186200.0,filled
simulation_20260715_000826_158697_23249,2026-04-03,50,pm,005930,A007,sell,50,186200.0,filled
simulation_20260715_000826_158697_23249,2026-04-03,50,pm,005930,A009,sell,200,186200.0,filled
simulation_20260715_000826_158697_23249,2026-04-03,50,pm,005930,A013,sell,2,186200.0,filled
simulation_20260715_000826_158697_23249,2026-04-03,50,pm,005930,A016,sell,5,186200.0,filled
simulation_20260715_000826_158697_23249,2026-04-03,50,pm,005930,A020,sell,1,186200.0,filled
simulation_20260715_000826_158697_23249,2026-04-03,50,pm,005930,A021,sell,50,186200.0,filled
simulation_20260715_000826_158697_23249,2026-04-03,50,pm,005930,A023,sell,1,186200.0,filled
simulation_20260715_000826_158697_23249,2026-04-03,50,pm,005930,A024,sell,1,186200.0,filled
simulation_20260715_000826_158697_23249,2026-04-03,50,pm,005930,A025,sell,90,186200.0,filled
simulation_20260715_000826_158697_23249,2026-04-03,50,pm,005930,A027,sell,50,186200.0,filled
simulation_20260715_000826_158697_23249,2026-04-03,50,pm,005930,A030,sell,20,186200.0,filled
simulation_20260715_000826_158697_23249,2026-04-06,51,am,005930,A005,buy,1,190900.0,filled
simulation_20260715_000826_158697_23249,2026-04-06,51,am,005930,A009,buy,100,190900.0,filled
simulation_20260715_000826_158697_23249,2026-04-06,51,am,005930,A012,buy,3,190900.0,filled
simulation_20260715_000826_158697_23249,2026-04-06,51,am,005930,A014,buy,50,190900.0,filled
simulation_20260715_000826_158697_23249,2026-04-06,51,am,005930,A020,buy,1,190900.0,filled
simulation_20260715_000826_158697_23249,2026-04-06,51,am,005930,A022,buy,50,190900.0,filled
simulation_20260715_000826_158697_23249,2026-04-06,51,am,005930,A023,buy,1,190900.0,filled
simulation_20260715_000826_158697_23249,2026-04-06,51,am,005930,A026,buy,4,190900.0,filled
simulation_20260715_000826_158697_23249,2026-04-06,51,am,005930,A027,buy,50,190900.0,filled
simulation_20260715_000826_158697_23249,2026-04-06,51,am,005930,A028,buy,50,190900.0,filled
simulation_20260715_000826_158697_23249,2026-04-06,51,am,005930,A029,buy,15,190900.0,filled
simulation_20260715_000826_158697_23249,2026-04-06,51,am,005930,A030,buy,20,190900.0,filled
simulation_20260715_000826_158697_23249,2026-04-06,51,am,005930,A001,sell,1,190900.0,filled
simulation_20260715_000826_158697_23249,2026-04-06,51,am,005930,A002,sell,20,190900.0,filled
simulation_20260715_000826_158697_23249,2026-04-06,51,am,005930,A003,sell,10,190900.0,filled
simulation_20260715_000826_158697_23249,2026-04-06,51,am,005930,A004,sell,100,190900.0,filled
simulation_20260715_000826_158697_23249,2026-04-06,51,am,005930,A006,sell,1,190900.0,filled
simulation_20260715_000826_158697_23249,2026-04-06,51,am,005930,A007,sell,50,190900.0,filled
simulation_20260715_000826_158697_23249,2026-04-06,51,am,005930,A008,sell,50,190900.0,filled
simulation_20260715_000826_158697_23249,2026-04-06,51,am,005930,A010,sell,1,190900.0,filled
simulation_20260715_000826_158697_23249,2026-04-06,51,am,005930,A011,sell,10,190900.0,filled
simulation_20260715_000826_158697_23249,2026-04-06,51,am,005930,A013,sell,5,190900.0,filled
simulation_20260715_000826_158697_23249,2026-04-06,51,am,005930,A015,sell,1,190900.0,filled
simulation_20260715_000826_158697_23249,2026-04-06,51,am,005930,A016,sell,5,190900.0,filled
simulation_20260715_000826_158697_23249,2026-04-06,51,am,005930,A017,sell,100,190900.0,filled
simulation_20260715_000826_158697_23249,2026-04-06,51,am,005930,A018,sell,16,190900.0,filled
simulation_20260715_000826_158697_23249,2026-04-06,51,am,005930,A019,sell,1,190900.0,filled
simulation_20260715_000826_158697_23249,2026-04-06,51,am,005930,A021,sell,50,190900.0,filled
simulation_20260715_000826_158697_23249,2026-04-06,51,am,005930,A024,sell,1,190900.0,filled
simulation_20260715_000826_158697_23249,2026-04-06,51,am,005930,A025,sell,100,190900.0,filled
simulation_20260715_000826_158697_23249,2026-04-06,52,pm,005930,A001,buy,2,193100.0,filled
simulation_20260715_000826_158697_23249,2026-04-06,52,pm,005930,A003,buy,15,193100.0,filled
simulation_20260715_000826_158697_23249,2026-04-06,52,pm,005930,A004,buy,100,193100.0,filled
simulation_20260715_000826_158697_23249,2026-04-06,52,pm,005930,A005,buy,1,193100.0,filled
simulation_20260715_000826_158697_23249,2026-04-06,52,pm,005930,A006,buy,2,193100.0,filled
simulation_20260715_000826_158697_23249,2026-04-06,52,pm,005930,A008,buy,180,193100.0,filled
simulation_20260715_000826_158697_23249,2026-04-06,52,pm,005930,A009,buy,80,193100.0,filled
simulation_20260715_000826_158697_23249,2026-04-06,52,pm,005930,A010,buy,1,193100.0,filled
simulation_20260715_000826_158697_23249,2026-04-06,52,pm,005930,A011,buy,5,193100.0,filled
simulation_20260715_000826_158697_23249,2026-04-06,52,pm,005930,A013,buy,8,193100.0,filled
simulation_20260715_000826_158697_23249,2026-04-06,52,pm,005930,A014,buy,54,193100.0,filled
simulation_20260715_000826_158697_23249,2026-04-06,52,pm,005930,A015,buy,1,193100.0,filled
simulation_20260715_000826_158697_23249,2026-04-06,52,pm,005930,A017,buy,100,193100.0,filled
simulation_20260715_000826_158697_23249,2026-04-06,52,pm,005930,A018,buy,24,193100.0,filled
simulation_20260715_000826_158697_23249,2026-04-06,52,pm,005930,A019,buy,1,193100.0,filled
simulation_20260715_000826_158697_23249,2026-04-06,52,pm,005930,A020,buy,1,193100.0,filled
simulation_20260715_000826_158697_23249,2026-04-06,52,pm,005930,A022,buy,25,193100.0,filled
simulation_20260715_000826_158697_23249,2026-04-06,52,pm,005930,A023,buy,6,193100.0,filled
simulation_20260715_000826_158697_23249,2026-04-06,52,pm,005930,A024,buy,2,193100.0,filled
simulation_20260715_000826_158697_23249,2026-04-06,52,pm,005930,A026,buy,2,193100.0,filled
simulation_20260715_000826_158697_23249,2026-04-06,52,pm,005930,A027,buy,50,193100.0,filled
simulation_20260715_000826_158697_23249,2026-04-06,52,pm,005930,A028,buy,38,193100.0,filled
simulation_20260715_000826_158697_23249,2026-04-06,52,pm,005930,A002,sell,20,193100.0,filled
simulation_20260715_000826_158697_23249,2026-04-06,52,pm,005930,A007,sell,50,193100.0,filled
simulation_20260715_000826_158697_23249,2026-04-06,52,pm,005930,A012,sell,1,193100.0,filled
simulation_20260715_000826_158697_23249,2026-04-06,52,pm,005930,A016,sell,5,193100.0,filled
simulation_20260715_000826_158697_23249,2026-04-06,52,pm,005930,A021,sell,40,193100.0,filled
simulation_20260715_000826_158697_23249,2026-04-06,52,pm,005930,A025,sell,50,193100.0,filled
simulation_20260715_000826_158697_23249,2026-04-06,52,pm,005930,A029,sell,100,193100.0,filled
simulation_20260715_000826_158697_23249,2026-04-06,52,pm,005930,A030,sell,20,193100.0,filled
simulation_20260715_000826_158697_23249,2026-04-07,53,am,005930,A004,buy,100,202000.0,filled
simulation_20260715_000826_158697_23249,2026-04-07,53,am,005930,A008,buy,100,202000.0,filled
simulation_20260715_000826_158697_23249,2026-04-07,53,am,005930,A009,buy,50,202000.0,filled
simulation_20260715_000826_158697_23249,2026-04-07,53,am,005930,A011,buy,3,202000.0,filled
simulation_20260715_000826_158697_23249,2026-04-07,53,am,005930,A015,buy,1,202000.0,filled
simulation_20260715_000826_158697_23249,2026-04-07,53,am,005930,A017,buy,100,202000.0,filled
simulation_20260715_000826_158697_23249,2026-04-07,53,am,005930,A021,buy,50,202000.0,filled
simulation_20260715_000826_158697_23249,2026-04-07,53,am,005930,A022,buy,5,202000.0,filled
simulation_20260715_000826_158697_23249,2026-04-07,53,am,005930,A023,buy,1,202000.0,filled
simulation_20260715_000826_158697_23249,2026-04-07,53,am,005930,A024,buy,1,202000.0,filled
simulation_20260715_000826_158697_23249,2026-04-07,53,am,005930,A028,buy,18,202000.0,filled
simulation_20260715_000826_158697_23249,2026-04-07,53,am,005930,A029,buy,50,202000.0,filled
simulation_20260715_000826_158697_23249,2026-04-07,53,am,005930,A001,sell,1,202000.0,filled
simulation_20260715_000826_158697_23249,2026-04-07,53,am,005930,A002,sell,53,202000.0,filled
simulation_20260715_000826_158697_23249,2026-04-07,53,am,005930,A003,sell,50,202000.0,filled
simulation_20260715_000826_158697_23249,2026-04-07,53,am,005930,A005,sell,1,202000.0,filled
simulation_20260715_000826_158697_23249,2026-04-07,53,am,005930,A006,sell,1,202000.0,filled
simulation_20260715_000826_158697_23249,2026-04-07,53,am,005930,A007,sell,100,202000.0,filled
simulation_20260715_000826_158697_23249,2026-04-07,53,am,005930,A010,sell,1,202000.0,filled
simulation_20260715_000826_158697_23249,2026-04-07,53,am,005930,A012,sell,1,202000.0,filled
simulation_20260715_000826_158697_23249,2026-04-07,53,am,005930,A013,sell,4,202000.0,filled
simulation_20260715_000826_158697_23249,2026-04-07,53,am,005930,A014,sell,1,202000.0,filled
simulation_20260715_000826_158697_23249,2026-04-07,53,am,005930,A016,sell,10,202000.0,filled
simulation_20260715_000826_158697_23249,2026-04-07,53,am,005930,A018,sell,11,202000.0,filled
simulation_20260715_000826_158697_23249,2026-04-07,53,am,005930,A019,sell,1,202000.0,filled
simulation_20260715_000826_158697_23249,2026-04-07,53,am,005930,A020,sell,1,202000.0,filled
simulation_20260715_000826_158697_23249,2026-04-07,53,am,005930,A025,sell,53,202000.0,filled
simulation_20260715_000826_158697_23249,2026-04-07,53,am,005930,A026,sell,1,202000.0,filled
simulation_20260715_000826_158697_23249,2026-04-07,53,am,005930,A027,sell,100,202000.0,filled
simulation_20260715_000826_158697_23249,2026-04-07,53,am,005930,A030,sell,30,202000.0,filled
simulation_20260715_000826_158697_23249,2026-04-07,54,pm,005930,A001,buy,1,196500.0,filled
simulation_20260715_000826_158697_23249,2026-04-07,54,pm,005930,A002,buy,200,196500.0,filled
simulation_20260715_000826_158697_23249,2026-04-07,54,pm,005930,A003,buy,15,196500.0,filled
simulation_20260715_000826_158697_23249,2026-04-07,54,pm,005930,A004,buy,100,196500.0,filled
simulation_20260715_000826_158697_23249,2026-04-07,54,pm,005930,A006,buy,1,196500.0,filled
simulation_20260715_000826_158697_23249,2026-04-07,54,pm,005930,A008,buy,50,196500.0,filled
simulation_20260715_000826_158697_23249,2026-04-07,54,pm,005930,A009,buy,50,196500.0,filled
simulation_20260715_000826_158697_23249,2026-04-07,54,pm,005930,A010,buy,1,196500.0,filled
simulation_20260715_000826_158697_23249,2026-04-07,54,pm,005930,A011,buy,1,196500.0,filled
simulation_20260715_000826_158697_23249,2026-04-07,54,pm,005930,A017,buy,100,196500.0,filled
simulation_20260715_000826_158697_23249,2026-04-07,54,pm,005930,A021,buy,30,196500.0,filled
simulation_20260715_000826_158697_23249,2026-04-07,54,pm,005930,A022,buy,10,196500.0,filled
simulation_20260715_000826_158697_23249,2026-04-07,54,pm,005930,A023,buy,2,196500.0,filled
simulation_20260715_000826_158697_23249,2026-04-07,54,pm,005930,A025,buy,200,196500.0,filled
simulation_20260715_000826_158697_23249,2026-04-07,54,pm,005930,A026,buy,1,196500.0,filled
simulation_20260715_000826_158697_23249,2026-04-07,54,pm,005930,A027,buy,205,196500.0,filled
simulation_20260715_000826_158697_23249,2026-04-07,54,pm,005930,A028,buy,9,196500.0,filled
simulation_20260715_000826_158697_23249,2026-04-07,54,pm,005930,A005,sell,1,196500.0,filled
simulation_20260715_000826_158697_23249,2026-04-07,54,pm,005930,A007,sell,43,196500.0,filled
simulation_20260715_000826_158697_23249,2026-04-07,54,pm,005930,A012,sell,1,196500.0,filled
simulation_20260715_000826_158697_23249,2026-04-07,54,pm,005930,A013,sell,5,196500.0,filled
simulation_20260715_000826_158697_23249,2026-04-07,54,pm,005930,A014,sell,10,196500.0,filled
simulation_20260715_000826_158697_23249,2026-04-07,54,pm,005930,A015,sell,1,196500.0,filled
simulation_20260715_000826_158697_23249,2026-04-07,54,pm,005930,A016,sell,10,196500.0,filled
simulation_20260715_000826_158697_23249,2026-04-07,54,pm,005930,A018,sell,15,196500.0,filled
simulation_20260715_000826_158697_23249,2026-04-07,54,pm,005930,A019,sell,1,196500.0,filled
simulation_20260715_000826_158697_23249,2026-04-07,54,pm,005930,A020,sell,1,196500.0,filled
simulation_20260715_000826_158697_23249,2026-04-07,54,pm,005930,A024,sell,10,196500.0,filled
simulation_20260715_000826_158697_23249,2026-04-07,54,pm,005930,A029,sell,200,196500.0,filled
simulation_20260715_000826_158697_23249,2026-04-07,54,pm,005930,A030,sell,20,196500.0,filled
simulation_20260715_000826_158697_23249,2026-04-08,55,am,005930,A003,buy,20,214000.0,filled
simulation_20260715_000826_158697_23249,2026-04-08,55,am,005930,A007,buy,100,214000.0,filled
simulation_20260715_000826_158697_23249,2026-04-08,55,am,005930,A008,buy,20,214000.0,filled
simulation_20260715_000826_158697_23249,2026-04-08,55,am,005930,A009,buy,50,214000.0,filled
simulation_20260715_000826_158697_23249,2026-04-08,55,am,005930,A020,buy,1,214000.0,filled
simulation_20260715_000826_158697_23249,2026-04-08,55,am,005930,A021,buy,50,214000.0,filled
simulation_20260715_000826_158697_23249,2026-04-08,55,am,005930,A024,buy,5,214000.0,filled
simulation_20260715_000826_158697_23249,2026-04-08,55,am,005930,A028,buy,4,214000.0,filled
simulation_20260715_000826_158697_23249,2026-04-08,55,am,005930,A001,sell,1,214000.0,filled
simulation_20260715_000826_158697_23249,2026-04-08,55,am,005930,A002,sell,100,214000.0,filled
simulation_20260715_000826_158697_23249,2026-04-08,55,am,005930,A004,sell,70,214000.0,filled
simulation_20260715_000826_158697_23249,2026-04-08,55,am,005930,A005,sell,1,214000.0,filled
simulation_20260715_000826_158697_23249,2026-04-08,55,am,005930,A006,sell,1,214000.0,filled
simulation_20260715_000826_158697_23249,2026-04-08,55,am,005930,A010,sell,1,214000.0,filled
simulation_20260715_000826_158697_23249,2026-04-08,55,am,005930,A011,sell,1,214000.0,filled
simulation_20260715_000826_158697_23249,2026-04-08,55,am,005930,A012,sell,2,214000.0,filled
simulation_20260715_000826_158697_23249,2026-04-08,55,am,005930,A013,sell,8,214000.0,filled
simulation_20260715_000826_158697_23249,2026-04-08,55,am,005930,A014,sell,29,214000.0,filled
simulation_20260715_000826_158697_23249,2026-04-08,55,am,005930,A015,sell,1,214000.0,filled
simulation_20260715_000826_158697_23249,2026-04-08,55,am,005930,A016,sell,10,214000.0,filled
simulation_20260715_000826_158697_23249,2026-04-08,55,am,005930,A017,sell,100,214000.0,filled
simulation_20260715_000826_158697_23249,2026-04-08,55,am,005930,A018,sell,40,214000.0,filled
simulation_20260715_000826_158697_23249,2026-04-08,55,am,005930,A019,sell,1,214000.0,filled
simulation_20260715_000826_158697_23249,2026-04-08,55,am,005930,A022,sell,2,214000.0,filled
simulation_20260715_000826_158697_23249,2026-04-08,55,am,005930,A023,sell,1,214000.0,filled
simulation_20260715_000826_158697_23249,2026-04-08,55,am,005930,A025,sell,150,214000.0,filled
simulation_20260715_000826_158697_23249,2026-04-08,55,am,005930,A026,sell,1,214000.0,filled
simulation_20260715_000826_158697_23249,2026-04-08,55,am,005930,A027,sell,94,214000.0,filled
simulation_20260715_000826_158697_23249,2026-04-08,55,am,005930,A029,sell,126,214000.0,filled
simulation_20260715_000826_158697_23249,2026-04-08,55,am,005930,A030,sell,100,214000.0,filled
simulation_20260715_000826_158697_23249,2026-04-08,56,pm,005930,A007,buy,100,210500.0,filled
simulation_20260715_000826_158697_23249,2026-04-08,56,pm,005930,A008,buy,14,210500.0,filled
simulation_20260715_000826_158697_23249,2026-04-08,56,pm,005930,A009,buy,10,210500.0,filled
simulation_20260715_000826_158697_23249,2026-04-08,56,pm,005930,A010,buy,1,210500.0,filled
simulation_20260715_000826_158697_23249,2026-04-08,56,pm,005930,A011,buy,1,210500.0,filled
simulation_20260715_000826_158697_23249,2026-04-08,56,pm,005930,A017,buy,100,210500.0,filled
simulation_20260715_000826_158697_23249,2026-04-08,56,pm,005930,A018,buy,35,210500.0,filled
simulation_20260715_000826_158697_23249,2026-04-08,56,pm,005930,A024,buy,2,210500.0,filled
simulation_20260715_000826_158697_23249,2026-04-08,56,pm,005930,A027,buy,100,210500.0,filled
simulation_20260715_000826_158697_23249,2026-04-08,56,pm,005930,A028,buy,3,210500.0,filled
simulation_20260715_000826_158697_23249,2026-04-08,56,pm,005930,A001,sell,1,210500.0,filled
simulation_20260715_000826_158697_23249,2026-04-08,56,pm,005930,A002,sell,100,210500.0,filled
simulation_20260715_000826_158697_23249,2026-04-08,56,pm,005930,A003,sell,14,210500.0,filled
simulation_20260715_000826_158697_23249,2026-04-08,56,pm,005930,A004,sell,100,210500.0,filled
simulation_20260715_000826_158697_23249,2026-04-08,56,pm,005930,A005,sell,1,210500.0,filled
simulation_20260715_000826_158697_23249,2026-04-08,56,pm,005930,A006,sell,1,210500.0,filled
simulation_20260715_000826_158697_23249,2026-04-08,56,pm,005930,A012,sell,1,210500.0,filled
simulation_20260715_000826_158697_23249,2026-04-08,56,pm,005930,A013,sell,10,210500.0,filled
simulation_20260715_000826_158697_23249,2026-04-08,56,pm,005930,A014,sell,20,210500.0,filled
simulation_20260715_000826_158697_23249,2026-04-08,56,pm,005930,A015,sell,2,210500.0,filled
simulation_20260715_000826_158697_23249,2026-04-08,56,pm,005930,A016,sell,10,210500.0,filled
simulation_20260715_000826_158697_23249,2026-04-08,56,pm,005930,A019,sell,2,210500.0,filled
simulation_20260715_000826_158697_23249,2026-04-08,56,pm,005930,A020,sell,1,210500.0,filled
simulation_20260715_000826_158697_23249,2026-04-08,56,pm,005930,A021,sell,30,210500.0,filled
simulation_20260715_000826_158697_23249,2026-04-08,56,pm,005930,A022,sell,5,210500.0,filled
simulation_20260715_000826_158697_23249,2026-04-08,56,pm,005930,A023,sell,1,210500.0,filled
simulation_20260715_000826_158697_23249,2026-04-08,56,pm,005930,A025,sell,50,210500.0,filled
simulation_20260715_000826_158697_23249,2026-04-08,56,pm,005930,A026,sell,1,210500.0,filled
simulation_20260715_000826_158697_23249,2026-04-08,56,pm,005930,A029,sell,60,210500.0,filled
simulation_20260715_000826_158697_23249,2026-04-08,56,pm,005930,A030,sell,50,210500.0,filled
simulation_20260715_000826_158697_23249,2026-04-09,57,am,005930,A002,buy,200,207000.0,filled
simulation_20260715_000826_158697_23249,2026-04-09,57,am,005930,A003,buy,21,207000.0,filled
simulation_20260715_000826_158697_23249,2026-04-09,57,am,005930,A005,buy,1,207000.0,filled
simulation_20260715_000826_158697_23249,2026-04-09,57,am,005930,A007,buy,100,207000.0,filled
simulation_20260715_000826_158697_23249,2026-04-09,57,am,005930,A011,buy,1,207000.0,filled
simulation_20260715_000826_158697_23249,2026-04-09,57,am,005930,A018,buy,26,207000.0,filled
simulation_20260715_000826_158697_23249,2026-04-09,57,am,005930,A021,buy,50,207000.0,filled
simulation_20260715_000826_158697_23249,2026-04-09,57,am,005930,A024,buy,1,207000.0,filled
simulation_20260715_000826_158697_23249,2026-04-09,57,am,005930,A025,buy,225,207000.0,filled
simulation_20260715_000826_158697_23249,2026-04-09,57,am,005930,A028,buy,1,207000.0,filled
simulation_20260715_000826_158697_23249,2026-04-09,57,am,005930,A029,buy,200,207000.0,filled
simulation_20260715_000826_158697_23249,2026-04-09,57,am,005930,A001,sell,1,207000.0,filled
simulation_20260715_000826_158697_23249,2026-04-09,57,am,005930,A004,sell,166,207000.0,filled
simulation_20260715_000826_158697_23249,2026-04-09,57,am,005930,A006,sell,1,207000.0,filled
simulation_20260715_000826_158697_23249,2026-04-09,57,am,005930,A008,sell,5,207000.0,filled
simulation_20260715_000826_158697_23249,2026-04-09,57,am,005930,A009,sell,50,207000.0,filled
simulation_20260715_000826_158697_23249,2026-04-09,57,am,005930,A010,sell,1,207000.0,filled
simulation_20260715_000826_158697_23249,2026-04-09,57,am,005930,A012,sell,1,207000.0,filled
simulation_20260715_000826_158697_23249,2026-04-09,57,am,005930,A013,sell,10,207000.0,filled
simulation_20260715_000826_158697_23249,2026-04-09,57,am,005930,A014,sell,30,207000.0,filled
simulation_20260715_000826_158697_23249,2026-04-09,57,am,005930,A015,sell,3,207000.0,filled
simulation_20260715_000826_158697_23249,2026-04-09,57,am,005930,A016,sell,10,207000.0,filled
simulation_20260715_000826_158697_23249,2026-04-09,57,am,005930,A017,sell,50,207000.0,filled
simulation_20260715_000826_158697_23249,2026-04-09,57,am,005930,A019,sell,5,207000.0,filled
simulation_20260715_000826_158697_23249,2026-04-09,57,am,005930,A020,sell,1,207000.0,filled
simulation_20260715_000826_158697_23249,2026-04-09,57,am,005930,A022,sell,5,207000.0,filled
simulation_20260715_000826_158697_23249,2026-04-09,57,am,005930,A023,sell,2,207000.0,filled
simulation_20260715_000826_158697_23249,2026-04-09,57,am,005930,A026,sell,1,207000.0,filled
simulation_20260715_000826_158697_23249,2026-04-09,57,am,005930,A027,sell,95,207000.0,filled
simulation_20260715_000826_158697_23249,2026-04-09,57,am,005930,A030,sell,20,207000.0,filled
simulation_20260715_000826_158697_23249,2026-04-09,58,pm,005930,A001,buy,2,204000.0,filled
simulation_20260715_000826_158697_23249,2026-04-09,58,pm,005930,A002,buy,100,204000.0,filled
simulation_20260715_000826_158697_23249,2026-04-09,58,pm,005930,A003,buy,11,204000.0,filled
simulation_20260715_000826_158697_23249,2026-04-09,58,pm,005930,A004,buy,256,204000.0,filled
simulation_20260715_000826_158697_23249,2026-04-09,58,pm,005930,A005,buy,2,204000.0,filled
simulation_20260715_000826_158697_23249,2026-04-09,58,pm,005930,A007,buy,50,204000.0,filled
simulation_20260715_000826_158697_23249,2026-04-09,58,pm,005930,A008,buy,10,204000.0,filled
simulation_20260715_000826_158697_23249,2026-04-09,58,pm,005930,A010,buy,1,204000.0,filled
simulation_20260715_000826_158697_23249,2026-04-09,58,pm,005930,A013,buy,20,204000.0,filled
simulation_20260715_000826_158697_23249,2026-04-09,58,pm,005930,A014,buy,71,204000.0,filled
simulation_20260715_000826_158697_23249,2026-04-09,58,pm,005930,A017,buy,100,204000.0,filled
simulation_20260715_000826_158697_23249,2026-04-09,58,pm,005930,A018,buy,13,204000.0,filled
simulation_20260715_000826_158697_23249,2026-04-09,58,pm,005930,A020,buy,2,204000.0,filled
simulation_20260715_000826_158697_23249,2026-04-09,58,pm,005930,A021,buy,40,204000.0,filled
simulation_20260715_000826_158697_23249,2026-04-09,58,pm,005930,A022,buy,11,204000.0,filled
simulation_20260715_000826_158697_23249,2026-04-09,58,pm,005930,A023,buy,1,204000.0,filled
simulation_20260715_000826_158697_23249,2026-04-09,58,pm,005930,A024,buy,1,204000.0,filled
simulation_20260715_000826_158697_23249,2026-04-09,58,pm,005930,A025,buy,100,204000.0,filled
simulation_20260715_000826_158697_23249,2026-04-09,58,pm,005930,A027,buy,145,204000.0,filled
simulation_20260715_000826_158697_23249,2026-04-09,58,pm,005930,A028,buy,1,204000.0,filled
simulation_20260715_000826_158697_23249,2026-04-09,58,pm,005930,A029,buy,128,204000.0,filled
simulation_20260715_000826_158697_23249,2026-04-09,58,pm,005930,A030,buy,50,204000.0,filled
simulation_20260715_000826_158697_23249,2026-04-09,58,pm,005930,A006,sell,1,204000.0,filled
simulation_20260715_000826_158697_23249,2026-04-09,58,pm,005930,A009,sell,1,204000.0,filled
simulation_20260715_000826_158697_23249,2026-04-09,58,pm,005930,A011,sell,1,204000.0,filled
simulation_20260715_000826_158697_23249,2026-04-09,58,pm,005930,A012,sell,5,204000.0,filled
simulation_20260715_000826_158697_23249,2026-04-09,58,pm,005930,A015,sell,5,204000.0,filled
simulation_20260715_000826_158697_23249,2026-04-09,58,pm,005930,A016,sell,10,204000.0,filled
simulation_20260715_000826_158697_23249,2026-04-09,58,pm,005930,A019,sell,5,204000.0,filled
simulation_20260715_000826_158697_23249,2026-04-09,58,pm,005930,A026,sell,1,204000.0,filled
simulation_20260715_000826_158697_23249,2026-04-10,59,am,005930,A002,buy,30,208500.0,filled
simulation_20260715_000826_158697_23249,2026-04-10,59,am,005930,A003,buy,5,208500.0,filled
simulation_20260715_000826_158697_23249,2026-04-10,59,am,005930,A007,buy,20,208500.0,filled
simulation_20260715_000826_158697_23249,2026-04-10,59,am,005930,A009,buy,10,208500.0,filled
simulation_20260715_000826_158697_23249,2026-04-10,59,am,005930,A018,buy,7,208500.0,filled
simulation_20260715_000826_158697_23249,2026-04-10,59,am,005930,A021,buy,15,208500.0,filled
simulation_20260715_000826_158697_23249,2026-04-10,59,am,005930,A029,buy,40,208500.0,filled
simulation_20260715_000826_158697_23249,2026-04-10,59,am,005930,A030,buy,50,208500.0,filled
simulation_20260715_000826_158697_23249,2026-04-10,59,am,005930,A001,sell,1,208500.0,filled
simulation_20260715_000826_158697_23249,2026-04-10,59,am,005930,A004,sell,128,208500.0,filled
simulation_20260715_000826_158697_23249,2026-04-10,59,am,005930,A005,sell,1,208500.0,filled
simulation_20260715_000826_158697_23249,2026-04-10,59,am,005930,A006,sell,1,208500.0,filled
simulation_20260715_000826_158697_23249,2026-04-10,59,am,005930,A008,sell,5,208500.0,filled
simulation_20260715_000826_158697_23249,2026-04-10,59,am,005930,A010,sell,1,208500.0,filled
simulation_20260715_000826_158697_23249,2026-04-10,59,am,005930,A011,sell,1,208500.0,filled
simulation_20260715_000826_158697_23249,2026-04-10,59,am,005930,A012,sell,5,208500.0,filled
simulation_20260715_000826_158697_23249,2026-04-10,59,am,005930,A013,sell,12,208500.0,filled
simulation_20260715_000826_158697_23249,2026-04-10,59,am,005930,A014,sell,10,208500.0,filled
simulation_20260715_000826_158697_23249,2026-04-10,59,am,005930,A015,sell,5,208500.0,filled
simulation_20260715_000826_158697_23249,2026-04-10,59,am,005930,A016,sell,10,208500.0,filled
simulation_20260715_000826_158697_23249,2026-04-10,59,am,005930,A017,sell,50,208500.0,filled
simulation_20260715_000826_158697_23249,2026-04-10,59,am,005930,A019,sell,5,208500.0,filled
simulation_20260715_000826_158697_23249,2026-04-10,59,am,005930,A020,sell,1,208500.0,filled
simulation_20260715_000826_158697_23249,2026-04-10,59,am,005930,A022,sell,5,208500.0,filled
simulation_20260715_000826_158697_23249,2026-04-10,59,am,005930,A023,sell,1,208500.0,filled
simulation_20260715_000826_158697_23249,2026-04-10,59,am,005930,A024,sell,1,208500.0,filled
simulation_20260715_000826_158697_23249,2026-04-10,59,am,005930,A025,sell,63,208500.0,filled
simulation_20260715_000826_158697_23249,2026-04-10,59,am,005930,A026,sell,1,208500.0,filled
simulation_20260715_000826_158697_23249,2026-04-10,59,am,005930,A027,sell,70,208500.0,filled
simulation_20260715_000826_158697_23249,2026-04-10,59,am,005930,A028,sell,1,208500.0,filled
simulation_20260715_000826_158697_23249,2026-04-10,60,pm,005930,A005,buy,1,206000.0,filled
simulation_20260715_000826_158697_23249,2026-04-10,60,pm,005930,A007,buy,50,206000.0,filled
simulation_20260715_000826_158697_23249,2026-04-10,60,pm,005930,A009,buy,10,206000.0,filled
simulation_20260715_000826_158697_23249,2026-04-10,60,pm,005930,A014,buy,41,206000.0,filled
simulation_20260715_000826_158697_23249,2026-04-10,60,pm,005930,A018,buy,3,206000.0,filled
simulation_20260715_000826_158697_23249,2026-04-10,60,pm,005930,A023,buy,2,206000.0,filled
simulation_20260715_000826_158697_23249,2026-04-10,60,pm,005930,A025,buy,50,206000.0,filled
simulation_20260715_000826_158697_23249,2026-04-10,60,pm,005930,A029,buy,43,206000.0,filled
simulation_20260715_000826_158697_23249,2026-04-10,60,pm,005930,A001,sell,1,206000.0,filled
simulation_20260715_000826_158697_23249,2026-04-10,60,pm,005930,A002,sell,67,206000.0,filled
simulation_20260715_000826_158697_23249,2026-04-10,60,pm,005930,A003,sell,1,206000.0,filled
simulation_20260715_000826_158697_23249,2026-04-10,60,pm,005930,A004,sell,128,206000.0,filled
simulation_20260715_000826_158697_23249,2026-04-10,60,pm,005930,A006,sell,1,206000.0,filled
simulation_20260715_000826_158697_23249,2026-04-10,60,pm,005930,A008,sell,5,206000.0,filled
simulation_20260715_000826_158697_23249,2026-04-10,60,pm,005930,A010,sell,1,206000.0,filled
simulation_20260715_000826_158697_23249,2026-04-10,60,pm,005930,A011,sell,1,206000.0,filled
simulation_20260715_000826_158697_23249,2026-04-10,60,pm,005930,A012,sell,10,206000.0,filled
simulation_20260715_000826_158697_23249,2026-04-10,60,pm,005930,A013,sell,19,206000.0,filled
simulation_20260715_000826_158697_23249,2026-04-10,60,pm,005930,A015,sell,10,206000.0,filled
simulation_20260715_000826_158697_23249,2026-04-10,60,pm,005930,A016,sell,10,206000.0,filled
simulation_20260715_000826_158697_23249,2026-04-10,60,pm,005930,A017,sell,50,206000.0,filled
simulation_20260715_000826_158697_23249,2026-04-10,60,pm,005930,A019,sell,5,206000.0,filled
simulation_20260715_000826_158697_23249,2026-04-10,60,pm,005930,A020,sell,1,206000.0,filled
simulation_20260715_000826_158697_23249,2026-04-10,60,pm,005930,A021,sell,34,206000.0,filled
simulation_20260715_000826_158697_23249,2026-04-10,60,pm,005930,A022,sell,5,206000.0,filled
simulation_20260715_000826_158697_23249,2026-04-10,60,pm,005930,A024,sell,1,206000.0,filled
simulation_20260715_000826_158697_23249,2026-04-10,60,pm,005930,A026,sell,1,206000.0,filled
simulation_20260715_000826_158697_23249,2026-04-10,60,pm,005930,A027,sell,50,206000.0,filled
simulation_20260715_000826_158697_23249,2026-04-10,60,pm,005930,A028,sell,1,206000.0,filled
simulation_20260715_000826_158697_23249,2026-04-10,60,pm,005930,A030,sell,50,206000.0,filled
simulation_20260715_000826_158697_23249,2026-04-13,61,am,005930,A002,buy,50,198200.0,filled
simulation_20260715_000826_158697_23249,2026-04-13,61,am,005930,A003,buy,3,198200.0,filled
simulation_20260715_000826_158697_23249,2026-04-13,61,am,005930,A004,buy,100,198200.0,filled
simulation_20260715_000826_158697_23249,2026-04-13,61,am,005930,A005,buy,1,198200.0,filled
simulation_20260715_000826_158697_23249,2026-04-13,61,am,005930,A010,buy,1,198200.0,filled
simulation_20260715_000826_158697_23249,2026-04-13,61,am,005930,A012,buy,10,198200.0,filled
simulation_20260715_000826_158697_23249,2026-04-13,61,am,005930,A017,buy,50,198200.0,filled
simulation_20260715_000826_158697_23249,2026-04-13,61,am,005930,A018,buy,2,198200.0,filled
simulation_20260715_000826_158697_23249,2026-04-13,61,am,005930,A020,buy,1,198200.0,filled
simulation_20260715_000826_158697_23249,2026-04-13,61,am,005930,A021,buy,15,198200.0,filled
simulation_20260715_000826_158697_23249,2026-04-13,61,am,005930,A023,buy,2,198200.0,filled
simulation_20260715_000826_158697_23249,2026-04-13,61,am,005930,A024,buy,1,198200.0,filled
simulation_20260715_000826_158697_23249,2026-04-13,61,am,005930,A025,buy,50,198200.0,filled
simulation_20260715_000826_158697_23249,2026-04-13,61,am,005930,A029,buy,22,198200.0,filled
simulation_20260715_000826_158697_23249,2026-04-13,61,am,005930,A030,buy,50,198200.0,filled
simulation_20260715_000826_158697_23249,2026-04-13,61,am,005930,A001,sell,1,198200.0,filled
simulation_20260715_000826_158697_23249,2026-04-13,61,am,005930,A006,sell,1,198200.0,filled
simulation_20260715_000826_158697_23249,2026-04-13,61,am,005930,A007,sell,1,198200.0,filled
simulation_20260715_000826_158697_23249,2026-04-13,61,am,005930,A008,sell,10,198200.0,filled
simulation_20260715_000826_158697_23249,2026-04-13,61,am,005930,A009,sell,39,198200.0,filled
simulation_20260715_000826_158697_23249,2026-04-13,61,am,005930,A011,sell,1,198200.0,filled
simulation_20260715_000826_158697_23249,2026-04-13,61,am,005930,A013,sell,50,198200.0,filled
simulation_20260715_000826_158697_23249,2026-04-13,61,am,005930,A014,sell,21,198200.0,filled
simulation_20260715_000826_158697_23249,2026-04-13,61,am,005930,A015,sell,10,198200.0,filled
simulation_20260715_000826_158697_23249,2026-04-13,61,am,005930,A016,sell,10,198200.0,filled
simulation_20260715_000826_158697_23249,2026-04-13,61,am,005930,A019,sell,5,198200.0,filled
simulation_20260715_000826_158697_23249,2026-04-13,61,am,005930,A022,sell,10,198200.0,filled
simulation_20260715_000826_158697_23249,2026-04-13,61,am,005930,A026,sell,4,198200.0,filled
simulation_20260715_000826_158697_23249,2026-04-13,61,am,005930,A027,sell,70,198200.0,filled
simulation_20260715_000826_158697_23249,2026-04-13,61,am,005930,A028,sell,1,198200.0,filled
simulation_20260715_000826_158697_23249,2026-04-13,62,pm,005930,A002,buy,50,201000.0,filled
simulation_20260715_000826_158697_23249,2026-04-13,62,pm,005930,A003,buy,2,201000.0,filled
simulation_20260715_000826_158697_23249,2026-04-13,62,pm,005930,A007,buy,20,201000.0,filled
simulation_20260715_000826_158697_23249,2026-04-13,62,pm,005930,A010,buy,1,201000.0,filled
simulation_20260715_000826_158697_23249,2026-04-13,62,pm,005930,A011,buy,2,201000.0,filled
simulation_20260715_000826_158697_23249,2026-04-13,62,pm,005930,A012,buy,10,201000.0,filled
simulation_20260715_000826_158697_23249,2026-04-13,62,pm,005930,A016,buy,20,201000.0,filled
simulation_20260715_000826_158697_23249,2026-04-13,62,pm,005930,A020,buy,1,201000.0,filled
simulation_20260715_000826_158697_23249,2026-04-13,62,pm,005930,A021,buy,10,201000.0,filled
simulation_20260715_000826_158697_23249,2026-04-13,62,pm,005930,A023,buy,1,201000.0,filled
simulation_20260715_000826_158697_23249,2026-04-13,62,pm,005930,A024,buy,1,201000.0,filled
simulation_20260715_000826_158697_23249,2026-04-13,62,pm,005930,A029,buy,11,201000.0,filled
simulation_20260715_000826_158697_23249,2026-04-13,62,pm,005930,A030,buy,50,201000.0,filled
simulation_20260715_000826_158697_23249,2026-04-13,62,pm,005930,A001,sell,1,201000.0,filled
simulation_20260715_000826_158697_23249,2026-04-13,62,pm,005930,A004,sell,100,201000.0,filled
simulation_20260715_000826_158697_23249,2026-04-13,62,pm,005930,A005,sell,1,201000.0,filled
simulation_20260715_000826_158697_23249,2026-04-13,62,pm,005930,A006,sell,1,201000.0,filled
simulation_20260715_000826_158697_23249,2026-04-13,62,pm,005930,A008,sell,15,201000.0,filled
simulation_20260715_000826_158697_23249,2026-04-13,62,pm,005930,A009,sell,10,201000.0,filled
simulation_20260715_000826_158697_23249,2026-04-13,62,pm,005930,A013,sell,50,201000.0,filled
simulation_20260715_000826_158697_23249,2026-04-13,62,pm,005930,A014,sell,25,201000.0,filled
simulation_20260715_000826_158697_23249,2026-04-13,62,pm,005930,A015,sell,10,201000.0,filled
simulation_20260715_000826_158697_23249,2026-04-13,62,pm,005930,A017,sell,50,201000.0,filled
simulation_20260715_000826_158697_23249,2026-04-13,62,pm,005930,A018,sell,1,201000.0,filled
simulation_20260715_000826_158697_23249,2026-04-13,62,pm,005930,A019,sell,10,201000.0,filled
simulation_20260715_000826_158697_23249,2026-04-13,62,pm,005930,A022,sell,10,201000.0,filled
simulation_20260715_000826_158697_23249,2026-04-13,62,pm,005930,A025,sell,48,201000.0,filled
simulation_20260715_000826_158697_23249,2026-04-13,62,pm,005930,A026,sell,5,201000.0,filled
simulation_20260715_000826_158697_23249,2026-04-13,62,pm,005930,A027,sell,71,201000.0,filled
simulation_20260715_000826_158697_23249,2026-04-13,62,pm,005930,A028,sell,2,201000.0,filled
simulation_20260715_000826_158697_23249,2026-04-14,63,am,005930,A004,buy,200,208000.0,filled
simulation_20260715_000826_158697_23249,2026-04-14,63,am,005930,A007,buy,1,208000.0,filled
simulation_20260715_000826_158697_23249,2026-04-14,63,am,005930,A008,buy,22,208000.0,filled
simulation_20260715_000826_158697_23249,2026-04-14,63,am,005930,A017,buy,10,208000.0,filled
simulation_20260715_000826_158697_23249,2026-04-14,63,am,005930,A019,buy,20,208000.0,filled
simulation_20260715_000826_158697_23249,2026-04-14,63,am,005930,A021,buy,30,208000.0,filled
simulation_20260715_000826_158697_23249,2026-04-14,63,am,005930,A023,buy,1,208000.0,filled
simulation_20260715_000826_158697_23249,2026-04-14,63,am,005930,A027,buy,180,208000.0,filled
simulation_20260715_000826_158697_23249,2026-04-14,63,am,005930,A028,buy,2,208000.0,filled
simulation_20260715_000826_158697_23249,2026-04-14,63,am,005930,A001,sell,1,208000.0,filled
simulation_20260715_000826_158697_23249,2026-04-14,63,am,005930,A002,sell,50,208000.0,filled
simulation_20260715_000826_158697_23249,2026-04-14,63,am,005930,A003,sell,1,208000.0,filled
simulation_20260715_000826_158697_23249,2026-04-14,63,am,005930,A005,sell,1,208000.0,filled
simulation_20260715_000826_158697_23249,2026-04-14,63,am,005930,A006,sell,1,208000.0,filled
simulation_20260715_000826_158697_23249,2026-04-14,63,am,005930,A009,sell,10,208000.0,filled
simulation_20260715_000826_158697_23249,2026-04-14,63,am,005930,A010,sell,1,208000.0,filled
simulation_20260715_000826_158697_23249,2026-04-14,63,am,005930,A011,sell,1,208000.0,filled
simulation_20260715_000826_158697_23249,2026-04-14,63,am,005930,A012,sell,5,208000.0,filled
simulation_20260715_000826_158697_23249,2026-04-14,63,am,005930,A013,sell,50,208000.0,filled
simulation_20260715_000826_158697_23249,2026-04-14,63,am,005930,A014,sell,40,208000.0,filled
simulation_20260715_000826_158697_23249,2026-04-14,63,am,005930,A015,sell,10,208000.0,filled
simulation_20260715_000826_158697_23249,2026-04-14,63,am,005930,A016,sell,20,208000.0,filled
simulation_20260715_000826_158697_23249,2026-04-14,63,am,005930,A018,sell,1,208000.0,filled
simulation_20260715_000826_158697_23249,2026-04-14,63,am,005930,A020,sell,1,208000.0,filled
simulation_20260715_000826_158697_23249,2026-04-14,63,am,005930,A022,sell,10,208000.0,filled
simulation_20260715_000826_158697_23249,2026-04-14,63,am,005930,A024,sell,1,208000.0,filled
simulation_20260715_000826_158697_23249,2026-04-14,63,am,005930,A025,sell,100,208000.0,filled
simulation_20260715_000826_158697_23249,2026-04-14,63,am,005930,A026,sell,5,208000.0,filled
simulation_20260715_000826_158697_23249,2026-04-14,63,am,005930,A029,sell,6,208000.0,filled
simulation_20260715_000826_158697_23249,2026-04-14,63,am,005930,A030,sell,50,208000.0,filled
simulation_20260715_000826_158697_23249,2026-04-14,64,pm,005930,A001,buy,4,206500.0,filled
simulation_20260715_000826_158697_23249,2026-04-14,64,pm,005930,A003,buy,1,206500.0,filled
simulation_20260715_000826_158697_23249,2026-04-14,64,pm,005930,A004,buy,100,206500.0,filled
simulation_20260715_000826_158697_23249,2026-04-14,64,pm,005930,A005,buy,1,206500.0,filled
simulation_20260715_000826_158697_23249,2026-04-14,64,pm,005930,A006,buy,1,206500.0,filled
simulation_20260715_000826_158697_23249,2026-04-14,64,pm,005930,A007,buy,17,206500.0,filled
simulation_20260715_000826_158697_23249,2026-04-14,64,pm,005930,A008,buy,11,206500.0,filled
simulation_20260715_000826_158697_23249,2026-04-14,64,pm,005930,A009,buy,20,206500.0,filled
simulation_20260715_000826_158697_23249,2026-04-14,64,pm,005930,A010,buy,1,206500.0,filled
simulation_20260715_000826_158697_23249,2026-04-14,64,pm,005930,A011,buy,2,206500.0,filled
simulation_20260715_000826_158697_23249,2026-04-14,64,pm,005930,A012,buy,7,206500.0,filled
simulation_20260715_000826_158697_23249,2026-04-14,64,pm,005930,A013,buy,102,206500.0,filled
simulation_20260715_000826_158697_23249,2026-04-14,64,pm,005930,A015,buy,25,206500.0,filled
simulation_20260715_000826_158697_23249,2026-04-14,64,pm,005930,A017,buy,30,206500.0,filled
simulation_20260715_000826_158697_23249,2026-04-14,64,pm,005930,A018,buy,2,206500.0,filled
simulation_20260715_000826_158697_23249,2026-04-14,64,pm,005930,A022,buy,25,206500.0,filled
simulation_20260715_000826_158697_23249,2026-04-14,64,pm,005930,A024,buy,1,206500.0,filled
simulation_20260715_000826_158697_23249,2026-04-14,64,pm,005930,A026,buy,10,206500.0,filled
simulation_20260715_000826_158697_23249,2026-04-14,64,pm,005930,A027,buy,100,206500.0,filled
simulation_20260715_000826_158697_23249,2026-04-14,64,pm,005930,A028,buy,1,206500.0,filled
simulation_20260715_000826_158697_23249,2026-04-14,64,pm,005930,A029,buy,9,206500.0,filled
simulation_20260715_000826_158697_23249,2026-04-14,64,pm,005930,A002,sell,10,206500.0,filled
simulation_20260715_000826_158697_23249,2026-04-14,64,pm,005930,A014,sell,20,206500.0,filled
simulation_20260715_000826_158697_23249,2026-04-14,64,pm,005930,A016,sell,20,206500.0,filled
simulation_20260715_000826_158697_23249,2026-04-14,64,pm,005930,A019,sell,10,206500.0,filled
simulation_20260715_000826_158697_23249,2026-04-14,64,pm,005930,A020,sell,1,206500.0,filled
simulation_20260715_000826_158697_23249,2026-04-14,64,pm,005930,A021,sell,10,206500.0,filled
simulation_20260715_000826_158697_23249,2026-04-14,64,pm,005930,A023,sell,1,206500.0,filled
simulation_20260715_000826_158697_23249,2026-04-14,64,pm,005930,A025,sell,50,206500.0,filled
simulation_20260715_000826_158697_23249,2026-04-14,64,pm,005930,A030,sell,50,206500.0,filled
simulation_20260715_000826_158697_23249,2026-04-15,65,am,005930,A001,buy,2,215000.0,filled
simulation_20260715_000826_158697_23249,2026-04-15,65,am,005930,A003,buy,1,215000.0,filled
simulation_20260715_000826_158697_23249,2026-04-15,65,am,005930,A008,buy,5,215000.0,filled
simulation_20260715_000826_158697_23249,2026-04-15,65,am,005930,A009,buy,20,215000.0,filled
simulation_20260715_000826_158697_23249,2026-04-15,65,am,005930,A002,sell,10,215000.0,filled
simulation_20260715_000826_158697_23249,2026-04-15,65,am,005930,A004,sell,100,215000.0,filled
simulation_20260715_000826_158697_23249,2026-04-15,65,am,005930,A005,sell,1,215000.0,filled
simulation_20260715_000826_158697_23249,2026-04-15,65,am,005930,A006,sell,50,215000.0,filled
simulation_20260715_000826_158697_23249,2026-04-15,65,am,005930,A007,sell,1,215000.0,filled
simulation_20260715_000826_158697_23249,2026-04-15,65,am,005930,A010,sell,1,215000.0,filled
simulation_20260715_000826_158697_23249,2026-04-15,65,am,005930,A011,sell,1,215000.0,filled
simulation_20260715_000826_158697_23249,2026-04-15,65,am,005930,A012,sell,4,215000.0,filled
simulation_20260715_000826_158697_23249,2026-04-15,65,am,005930,A013,sell,50,215000.0,filled
simulation_20260715_000826_158697_23249,2026-04-15,65,am,005930,A014,sell,50,215000.0,filled
simulation_20260715_000826_158697_23249,2026-04-15,65,am,005930,A015,sell,25,215000.0,filled
simulation_20260715_000826_158697_23249,2026-04-15,65,am,005930,A016,sell,30,215000.0,filled
simulation_20260715_000826_158697_23249,2026-04-15,65,am,005930,A017,sell,50,215000.0,filled
simulation_20260715_000826_158697_23249,2026-04-15,65,am,005930,A018,sell,1,215000.0,filled
simulation_20260715_000826_158697_23249,2026-04-15,65,am,005930,A019,sell,10,215000.0,filled
simulation_20260715_000826_158697_23249,2026-04-15,65,am,005930,A020,sell,1,215000.0,filled
simulation_20260715_000826_158697_23249,2026-04-15,65,am,005930,A021,sell,30,215000.0,filled
simulation_20260715_000826_158697_23249,2026-04-15,65,am,005930,A022,sell,12,215000.0,filled
simulation_20260715_000826_158697_23249,2026-04-15,65,am,005930,A023,sell,1,215000.0,filled
simulation_20260715_000826_158697_23249,2026-04-15,65,am,005930,A024,sell,1,215000.0,filled
simulation_20260715_000826_158697_23249,2026-04-15,65,am,005930,A025,sell,80,215000.0,filled
simulation_20260715_000826_158697_23249,2026-04-15,65,am,005930,A026,sell,10,215000.0,filled
simulation_20260715_000826_158697_23249,2026-04-15,65,am,005930,A027,sell,100,215000.0,filled
simulation_20260715_000826_158697_23249,2026-04-15,65,am,005930,A028,sell,1,215000.0,filled
simulation_20260715_000826_158697_23249,2026-04-15,65,am,005930,A029,sell,4,215000.0,filled
simulation_20260715_000826_158697_23249,2026-04-15,65,am,005930,A030,sell,50,215000.0,filled
simulation_20260715_000826_158697_23249,2026-04-15,66,pm,005930,A009,buy,10,211000.0,filled
simulation_20260715_000826_158697_23249,2026-04-15,66,pm,005930,A013,buy,50,211000.0,filled
simulation_20260715_000826_158697_23249,2026-04-15,66,pm,005930,A017,buy,50,211000.0,filled
simulation_20260715_000826_158697_23249,2026-04-15,66,pm,005930,A029,buy,6,211000.0,filled
simulation_20260715_000826_158697_23249,2026-04-15,66,pm,005930,A001,sell,1,211000.0,filled
simulation_20260715_000826_158697_23249,2026-04-15,66,pm,005930,A002,sell,50,211000.0,filled
simulation_20260715_000826_158697_23249,2026-04-15,66,pm,005930,A003,sell,1,211000.0,filled
simulation_20260715_000826_158697_23249,2026-04-15,66,pm,005930,A004,sell,100,211000.0,filled
simulation_20260715_000826_158697_23249,2026-04-15,66,pm,005930,A005,sell,1,211000.0,filled
simulation_20260715_000826_158697_23249,2026-04-15,66,pm,005930,A006,sell,30,211000.0,filled
simulation_20260715_000826_158697_23249,2026-04-15,66,pm,005930,A007,sell,5,211000.0,filled
simulation_20260715_000826_158697_23249,2026-04-15,66,pm,005930,A008,sell,3,211000.0,filled
simulation_20260715_000826_158697_23249,2026-04-15,66,pm,005930,A010,sell,1,211000.0,filled
simulation_20260715_000826_158697_23249,2026-04-15,66,pm,005930,A011,sell,1,211000.0,filled
simulation_20260715_000826_158697_23249,2026-04-15,66,pm,005930,A012,sell,6,211000.0,filled
simulation_20260715_000826_158697_23249,2026-04-15,66,pm,005930,A014,sell,50,211000.0,filled
simulation_20260715_000826_158697_23249,2026-04-15,66,pm,005930,A015,sell,20,211000.0,filled
simulation_20260715_000826_158697_23249,2026-04-15,66,pm,005930,A016,sell,20,211000.0,filled
simulation_20260715_000826_158697_23249,2026-04-15,66,pm,005930,A018,sell,1,211000.0,filled
simulation_20260715_000826_158697_23249,2026-04-15,66,pm,005930,A019,sell,20,211000.0,filled
simulation_20260715_000826_158697_23249,2026-04-15,66,pm,005930,A020,sell,1,211000.0,filled
simulation_20260715_000826_158697_23249,2026-04-15,66,pm,005930,A021,sell,10,211000.0,filled
simulation_20260715_000826_158697_23249,2026-04-15,66,pm,005930,A022,sell,50,211000.0,filled
simulation_20260715_000826_158697_23249,2026-04-15,66,pm,005930,A023,sell,1,211000.0,filled
simulation_20260715_000826_158697_23249,2026-04-15,66,pm,005930,A024,sell,1,211000.0,filled
simulation_20260715_000826_158697_23249,2026-04-15,66,pm,005930,A025,sell,84,211000.0,filled
simulation_20260715_000826_158697_23249,2026-04-15,66,pm,005930,A026,sell,10,211000.0,filled
simulation_20260715_000826_158697_23249,2026-04-15,66,pm,005930,A027,sell,50,211000.0,filled
simulation_20260715_000826_158697_23249,2026-04-15,66,pm,005930,A028,sell,1,211000.0,filled
simulation_20260715_000826_158697_23249,2026-04-15,66,pm,005930,A030,sell,99,211000.0,filled
simulation_20260715_000826_158697_23249,2026-04-16,67,am,005930,A008,buy,4,212000.0,filled
simulation_20260715_000826_158697_23249,2026-04-16,67,am,005930,A009,buy,20,212000.0,filled
simulation_20260715_000826_158697_23249,2026-04-16,67,am,005930,A021,buy,40,212000.0,filled
simulation_20260715_000826_158697_23249,2026-04-16,67,am,005930,A025,buy,224,212000.0,filled
simulation_20260715_000826_158697_23249,2026-04-16,67,am,005930,A027,buy,50,212000.0,filled
simulation_20260715_000826_158697_23249,2026-04-16,67,am,005930,A028,buy,2,212000.0,filled
simulation_20260715_000826_158697_23249,2026-04-16,67,am,005930,A030,buy,50,212000.0,filled
simulation_20260715_000826_158697_23249,2026-04-16,67,am,005930,A001,sell,1,212000.0,filled
simulation_20260715_000826_158697_23249,2026-04-16,67,am,005930,A002,sell,30,212000.0,filled
simulation_20260715_000826_158697_23249,2026-04-16,67,am,005930,A003,sell,1,212000.0,filled
simulation_20260715_000826_158697_23249,2026-04-16,67,am,005930,A004,sell,100,212000.0,filled
simulation_20260715_000826_158697_23249,2026-04-16,67,am,005930,A005,sell,1,212000.0,filled
simulation_20260715_000826_158697_23249,2026-04-16,67,am,005930,A006,sell,45,212000.0,filled
simulation_20260715_000826_158697_23249,2026-04-16,67,am,005930,A007,sell,10,212000.0,filled
simulation_20260715_000826_158697_23249,2026-04-16,67,am,005930,A010,sell,1,212000.0,filled
simulation_20260715_000826_158697_23249,2026-04-16,67,am,005930,A011,sell,2,212000.0,filled
simulation_20260715_000826_158697_23249,2026-04-16,67,am,005930,A012,sell,9,212000.0,filled
simulation_20260715_000826_158697_23249,2026-04-16,67,am,005930,A013,sell,50,212000.0,filled
simulation_20260715_000826_158697_23249,2026-04-16,67,am,005930,A014,sell,50,212000.0,filled
simulation_20260715_000826_158697_23249,2026-04-16,67,am,005930,A015,sell,20,212000.0,filled
simulation_20260715_000826_158697_23249,2026-04-16,67,am,005930,A016,sell,20,212000.0,filled
simulation_20260715_000826_158697_23249,2026-04-16,67,am,005930,A017,sell,50,212000.0,filled
simulation_20260715_000826_158697_23249,2026-04-16,67,am,005930,A018,sell,2,212000.0,filled
simulation_20260715_000826_158697_23249,2026-04-16,67,am,005930,A019,sell,20,212000.0,filled
simulation_20260715_000826_158697_23249,2026-04-16,67,am,005930,A020,sell,1,212000.0,filled
simulation_20260715_000826_158697_23249,2026-04-16,67,am,005930,A022,sell,20,212000.0,filled
simulation_20260715_000826_158697_23249,2026-04-16,67,am,005930,A023,sell,1,212000.0,filled
simulation_20260715_000826_158697_23249,2026-04-16,67,am,005930,A024,sell,1,212000.0,filled
simulation_20260715_000826_158697_23249,2026-04-16,67,am,005930,A026,sell,10,212000.0,filled
simulation_20260715_000826_158697_23249,2026-04-16,67,am,005930,A029,sell,3,212000.0,filled
simulation_20260715_000826_158697_23249,2026-04-16,68,pm,005930,A004,buy,200,217500.0,filled
simulation_20260715_000826_158697_23249,2026-04-16,68,pm,005930,A009,buy,29,217500.0,filled
simulation_20260715_000826_158697_23249,2026-04-16,68,pm,005930,A024,buy,2,217500.0,filled
simulation_20260715_000826_158697_23249,2026-04-16,68,pm,005930,A001,sell,2,217500.0,filled
simulation_20260715_000826_158697_23249,2026-04-16,68,pm,005930,A002,sell,20,217500.0,filled
simulation_20260715_000826_158697_23249,2026-04-16,68,pm,005930,A003,sell,1,217500.0,filled
simulation_20260715_000826_158697_23249,2026-04-16,68,pm,005930,A005,sell,1,217500.0,filled
simulation_20260715_000826_158697_23249,2026-04-16,68,pm,005930,A006,sell,50,217500.0,filled
simulation_20260715_000826_158697_23249,2026-04-16,68,pm,005930,A007,sell,10,217500.0,filled
simulation_20260715_000826_158697_23249,2026-04-16,68,pm,005930,A008,sell,2,217500.0,filled
simulation_20260715_000826_158697_23249,2026-04-16,68,pm,005930,A010,sell,1,217500.0,filled
simulation_20260715_000826_158697_23249,2026-04-16,68,pm,005930,A011,sell,2,217500.0,filled
simulation_20260715_000826_158697_23249,2026-04-16,68,pm,005930,A012,sell,10,217500.0,filled
simulation_20260715_000826_158697_23249,2026-04-16,68,pm,005930,A013,sell,50,217500.0,filled
simulation_20260715_000826_158697_23249,2026-04-16,68,pm,005930,A014,sell,50,217500.0,filled
simulation_20260715_000826_158697_23249,2026-04-16,68,pm,005930,A015,sell,20,217500.0,filled
simulation_20260715_000826_158697_23249,2026-04-16,68,pm,005930,A016,sell,20,217500.0,filled
simulation_20260715_000826_158697_23249,2026-04-16,68,pm,005930,A017,sell,50,217500.0,filled
simulation_20260715_000826_158697_23249,2026-04-16,68,pm,005930,A018,sell,3,217500.0,filled
simulation_20260715_000826_158697_23249,2026-04-16,68,pm,005930,A019,sell,30,217500.0,filled
simulation_20260715_000826_158697_23249,2026-04-16,68,pm,005930,A020,sell,1,217500.0,filled
simulation_20260715_000826_158697_23249,2026-04-16,68,pm,005930,A021,sell,10,217500.0,filled
simulation_20260715_000826_158697_23249,2026-04-16,68,pm,005930,A022,sell,20,217500.0,filled
simulation_20260715_000826_158697_23249,2026-04-16,68,pm,005930,A023,sell,1,217500.0,filled
simulation_20260715_000826_158697_23249,2026-04-16,68,pm,005930,A025,sell,100,217500.0,filled
simulation_20260715_000826_158697_23249,2026-04-16,68,pm,005930,A026,sell,10,217500.0,filled
simulation_20260715_000826_158697_23249,2026-04-16,68,pm,005930,A027,sell,100,217500.0,filled
simulation_20260715_000826_158697_23249,2026-04-16,68,pm,005930,A028,sell,1,217500.0,filled
simulation_20260715_000826_158697_23249,2026-04-16,68,pm,005930,A029,sell,4,217500.0,filled
simulation_20260715_000826_158697_23249,2026-04-16,68,pm,005930,A030,sell,50,217500.0,filled
simulation_20260715_000826_158697_23249,2026-04-17,69,am,005930,A004,buy,100,217000.0,filled
simulation_20260715_000826_158697_23249,2026-04-17,69,am,005930,A008,buy,3,217000.0,filled
simulation_20260715_000826_158697_23249,2026-04-17,69,am,005930,A016,buy,10,217000.0,filled
simulation_20260715_000826_158697_23249,2026-04-17,69,am,005930,A024,buy,1,217000.0,filled
simulation_20260715_000826_158697_23249,2026-04-17,69,am,005930,A027,buy,50,217000.0,filled
simulation_20260715_000826_158697_23249,2026-04-17,69,am,005930,A030,buy,50,217000.0,filled
simulation_20260715_000826_158697_23249,2026-04-17,69,am,005930,A001,sell,3,217000.0,filled
simulation_20260715_000826_158697_23249,2026-04-17,69,am,005930,A002,sell,20,217000.0,filled
simulation_20260715_000826_158697_23249,2026-04-17,69,am,005930,A003,sell,2,217000.0,filled
simulation_20260715_000826_158697_23249,2026-04-17,69,am,005930,A005,sell,1,217000.0,filled
simulation_20260715_000826_158697_23249,2026-04-17,69,am,005930,A006,sell,50,217000.0,filled
simulation_20260715_000826_158697_23249,2026-04-17,69,am,005930,A007,sell,10,217000.0,filled
simulation_20260715_000826_158697_23249,2026-04-17,69,am,005930,A009,sell,14,217000.0,filled
simulation_20260715_000826_158697_23249,2026-04-17,69,am,005930,A010,sell,1,217000.0,filled
simulation_20260715_000826_158697_23249,2026-04-17,69,am,005930,A011,sell,1,217000.0,filled
simulation_20260715_000826_158697_23249,2026-04-17,69,am,005930,A012,sell,18,217000.0,filled
simulation_20260715_000826_158697_23249,2026-04-17,69,am,005930,A013,sell,50,217000.0,filled
simulation_20260715_000826_158697_23249,2026-04-17,69,am,005930,A014,sell,10,217000.0,filled
simulation_20260715_000826_158697_23249,2026-04-17,69,am,005930,A015,sell,25,217000.0,filled
simulation_20260715_000826_158697_23249,2026-04-17,69,am,005930,A017,sell,50,217000.0,filled
simulation_20260715_000826_158697_23249,2026-04-17,69,am,005930,A018,sell,2,217000.0,filled
simulation_20260715_000826_158697_23249,2026-04-17,69,am,005930,A019,sell,50,217000.0,filled
simulation_20260715_000826_158697_23249,2026-04-17,69,am,005930,A020,sell,4,217000.0,filled
simulation_20260715_000826_158697_23249,2026-04-17,69,am,005930,A021,sell,10,217000.0,filled
simulation_20260715_000826_158697_23249,2026-04-17,69,am,005930,A022,sell,10,217000.0,filled
simulation_20260715_000826_158697_23249,2026-04-17,69,am,005930,A023,sell,3,217000.0,filled
simulation_20260715_000826_158697_23249,2026-04-17,69,am,005930,A025,sell,100,217000.0,filled
simulation_20260715_000826_158697_23249,2026-04-17,69,am,005930,A026,sell,10,217000.0,filled
simulation_20260715_000826_158697_23249,2026-04-17,69,am,005930,A028,sell,1,217000.0,filled
simulation_20260715_000826_158697_23249,2026-04-17,69,am,005930,A029,sell,10,217000.0,filled
simulation_20260715_000826_158697_23249,2026-04-17,70,pm,005930,A004,buy,50,216000.0,filled
simulation_20260715_000826_158697_23249,2026-04-17,70,pm,005930,A014,buy,50,216000.0,filled
simulation_20260715_000826_158697_23249,2026-04-17,70,pm,005930,A023,buy,4,216000.0,filled
simulation_20260715_000826_158697_23249,2026-04-17,70,pm,005930,A028,buy,2,216000.0,filled
simulation_20260715_000826_158697_23249,2026-04-17,70,pm,005930,A029,buy,11,216000.0,filled
simulation_20260715_000826_158697_23249,2026-04-17,70,pm,005930,A001,sell,4,216000.0,filled
simulation_20260715_000826_158697_23249,2026-04-17,70,pm,005930,A002,sell,20,216000.0,filled
simulation_20260715_000826_158697_23249,2026-04-17,70,pm,005930,A003,sell,1,216000.0,filled
simulation_20260715_000826_158697_23249,2026-04-17,70,pm,005930,A005,sell,1,216000.0,filled
simulation_20260715_000826_158697_23249,2026-04-17,70,pm,005930,A006,sell,50,216000.0,filled
simulation_20260715_000826_158697_23249,2026-04-17,70,pm,005930,A007,sell,10,216000.0,filled
simulation_20260715_000826_158697_23249,2026-04-17,70,pm,005930,A008,sell,1,216000.0,filled
simulation_20260715_000826_158697_23249,2026-04-17,70,pm,005930,A009,sell,10,216000.0,filled
simulation_20260715_000826_158697_23249,2026-04-17,70,pm,005930,A010,sell,3,216000.0,filled
simulation_20260715_000826_158697_23249,2026-04-17,70,pm,005930,A011,sell,4,216000.0,filled
simulation_20260715_000826_158697_23249,2026-04-17,70,pm,005930,A012,sell,25,216000.0,filled
simulation_20260715_000826_158697_23249,2026-04-17,70,pm,005930,A013,sell,50,216000.0,filled
simulation_20260715_000826_158697_23249,2026-04-17,70,pm,005930,A015,sell,20,216000.0,filled
simulation_20260715_000826_158697_23249,2026-04-17,70,pm,005930,A016,sell,20,216000.0,filled
simulation_20260715_000826_158697_23249,2026-04-17,70,pm,005930,A017,sell,10,216000.0,filled
simulation_20260715_000826_158697_23249,2026-04-17,70,pm,005930,A018,sell,5,216000.0,filled
simulation_20260715_000826_158697_23249,2026-04-17,70,pm,005930,A019,sell,50,216000.0,filled
simulation_20260715_000826_158697_23249,2026-04-17,70,pm,005930,A020,sell,1,216000.0,filled
simulation_20260715_000826_158697_23249,2026-04-17,70,pm,005930,A021,sell,10,216000.0,filled
simulation_20260715_000826_158697_23249,2026-04-17,70,pm,005930,A022,sell,20,216000.0,filled
simulation_20260715_000826_158697_23249,2026-04-17,70,pm,005930,A024,sell,10,216000.0,filled
simulation_20260715_000826_158697_23249,2026-04-17,70,pm,005930,A025,sell,24,216000.0,filled
simulation_20260715_000826_158697_23249,2026-04-17,70,pm,005930,A026,sell,30,216000.0,filled
simulation_20260715_000826_158697_23249,2026-04-17,70,pm,005930,A027,sell,50,216000.0,filled
simulation_20260715_000826_158697_23249,2026-04-17,70,pm,005930,A030,sell,50,216000.0,filled
simulation_20260715_000826_158697_23249,2026-04-20,71,am,005930,A004,buy,10,214500.0,filled
simulation_20260715_000826_158697_23249,2026-04-20,71,am,005930,A011,buy,6,214500.0,filled
simulation_20260715_000826_158697_23249,2026-04-20,71,am,005930,A012,buy,40,214500.0,filled
simulation_20260715_000826_158697_23249,2026-04-20,71,am,005930,A013,buy,50,214500.0,filled
simulation_20260715_000826_158697_23249,2026-04-20,71,am,005930,A021,buy,20,214500.0,filled
simulation_20260715_000826_158697_23249,2026-04-20,71,am,005930,A025,buy,200,214500.0,filled
simulation_20260715_000826_158697_23249,2026-04-20,71,am,005930,A030,buy,10,214500.0,filled
simulation_20260715_000826_158697_23249,2026-04-20,71,am,005930,A001,sell,2,214500.0,filled
simulation_20260715_000826_158697_23249,2026-04-20,71,am,005930,A002,sell,10,214500.0,filled
simulation_20260715_000826_158697_23249,2026-04-20,71,am,005930,A003,sell,1,214500.0,filled
simulation_20260715_000826_158697_23249,2026-04-20,71,am,005930,A005,sell,1,214500.0,filled
simulation_20260715_000826_158697_23249,2026-04-20,71,am,005930,A006,sell,50,214500.0,filled
simulation_20260715_000826_158697_23249,2026-04-20,71,am,005930,A007,sell,10,214500.0,filled
simulation_20260715_000826_158697_23249,2026-04-20,71,am,005930,A008,sell,1,214500.0,filled
simulation_20260715_000826_158697_23249,2026-04-20,71,am,005930,A009,sell,10,214500.0,filled
simulation_20260715_000826_158697_23249,2026-04-20,71,am,005930,A010,sell,4,214500.0,filled
simulation_20260715_000826_158697_23249,2026-04-20,71,am,005930,A014,sell,50,214500.0,filled
simulation_20260715_000826_158697_23249,2026-04-20,71,am,005930,A015,sell,20,214500.0,filled
simulation_20260715_000826_158697_23249,2026-04-20,71,am,005930,A016,sell,20,214500.0,filled
simulation_20260715_000826_158697_23249,2026-04-20,71,am,005930,A017,sell,50,214500.0,filled
simulation_20260715_000826_158697_23249,2026-04-20,71,am,005930,A018,sell,8,214500.0,filled
simulation_20260715_000826_158697_23249,2026-04-20,71,am,005930,A019,sell,50,214500.0,filled
simulation_20260715_000826_158697_23249,2026-04-20,71,am,005930,A020,sell,5,214500.0,filled
simulation_20260715_000826_158697_23249,2026-04-20,71,am,005930,A022,sell,10,214500.0,filled
simulation_20260715_000826_158697_23249,2026-04-20,71,am,005930,A023,sell,1,214500.0,filled
simulation_20260715_000826_158697_23249,2026-04-20,71,am,005930,A024,sell,1,214500.0,filled
simulation_20260715_000826_158697_23249,2026-04-20,71,am,005930,A026,sell,10,214500.0,filled
simulation_20260715_000826_158697_23249,2026-04-20,71,am,005930,A027,sell,40,214500.0,filled
simulation_20260715_000826_158697_23249,2026-04-20,71,am,005930,A028,sell,1,214500.0,filled
simulation_20260715_000826_158697_23249,2026-04-20,71,am,005930,A029,sell,6,214500.0,filled
simulation_20260715_000826_158697_23249,2026-04-20,72,pm,005930,A002,buy,50,214500.0,filled
simulation_20260715_000826_158697_23249,2026-04-20,72,pm,005930,A004,buy,68,214500.0,filled
simulation_20260715_000826_158697_23249,2026-04-20,72,pm,005930,A006,buy,50,214500.0,filled
simulation_20260715_000826_158697_23249,2026-04-20,72,pm,005930,A008,buy,3,214500.0,filled
simulation_20260715_000826_158697_23249,2026-04-20,72,pm,005930,A011,buy,3,214500.0,filled
simulation_20260715_000826_158697_23249,2026-04-20,72,pm,005930,A012,buy,20,214500.0,filled
simulation_20260715_000826_158697_23249,2026-04-20,72,pm,005930,A013,buy,100,214500.0,filled
simulation_20260715_000826_158697_23249,2026-04-20,72,pm,005930,A014,buy,50,214500.0,filled
simulation_20260715_000826_158697_23249,2026-04-20,72,pm,005930,A020,buy,9,214500.0,filled
simulation_20260715_000826_158697_23249,2026-04-20,72,pm,005930,A021,buy,20,214500.0,filled
simulation_20260715_000826_158697_23249,2026-04-20,72,pm,005930,A024,buy,6,214500.0,filled
simulation_20260715_000826_158697_23249,2026-04-20,72,pm,005930,A025,buy,124,214500.0,filled
simulation_20260715_000826_158697_23249,2026-04-20,72,pm,005930,A026,buy,20,214500.0,filled
simulation_20260715_000826_158697_23249,2026-04-20,72,pm,005930,A027,buy,50,214500.0,filled
simulation_20260715_000826_158697_23249,2026-04-20,72,pm,005930,A029,buy,9,214500.0,filled
simulation_20260715_000826_158697_23249,2026-04-20,72,pm,005930,A030,buy,50,214500.0,filled
simulation_20260715_000826_158697_23249,2026-04-20,72,pm,005930,A001,sell,5,214500.0,filled
simulation_20260715_000826_158697_23249,2026-04-20,72,pm,005930,A003,sell,4,214500.0,filled
simulation_20260715_000826_158697_23249,2026-04-20,72,pm,005930,A005,sell,1,214500.0,filled
simulation_20260715_000826_158697_23249,2026-04-20,72,pm,005930,A007,sell,10,214500.0,filled
simulation_20260715_000826_158697_23249,2026-04-20,72,pm,005930,A009,sell,10,214500.0,filled
simulation_20260715_000826_158697_23249,2026-04-20,72,pm,005930,A010,sell,6,214500.0,filled
simulation_20260715_000826_158697_23249,2026-04-20,72,pm,005930,A015,sell,20,214500.0,filled
simulation_20260715_000826_158697_23249,2026-04-20,72,pm,005930,A016,sell,10,214500.0,filled
simulation_20260715_000826_158697_23249,2026-04-20,72,pm,005930,A017,sell,10,214500.0,filled
simulation_20260715_000826_158697_23249,2026-04-20,72,pm,005930,A018,sell,10,214500.0,filled
simulation_20260715_000826_158697_23249,2026-04-20,72,pm,005930,A019,sell,50,214500.0,filled
simulation_20260715_000826_158697_23249,2026-04-20,72,pm,005930,A022,sell,20,214500.0,filled
simulation_20260715_000826_158697_23249,2026-04-20,72,pm,005930,A023,sell,1,214500.0,filled
simulation_20260715_000826_158697_23249,2026-04-20,72,pm,005930,A028,sell,1,214500.0,filled
simulation_20260715_000826_158697_23249,2026-04-21,73,am,005930,A006,buy,50,218000.0,filled
simulation_20260715_000826_158697_23249,2026-04-21,73,am,005930,A011,buy,2,218000.0,filled
simulation_20260715_000826_158697_23249,2026-04-21,73,am,005930,A014,buy,50,218000.0,filled
simulation_20260715_000826_158697_23249,2026-04-21,73,am,005930,A021,buy,1,218000.0,filled
simulation_20260715_000826_158697_23249,2026-04-21,73,am,005930,A024,buy,3,218000.0,filled
simulation_20260715_000826_158697_23249,2026-04-21,73,am,005930,A027,buy,30,218000.0,filled
simulation_20260715_000826_158697_23249,2026-04-21,73,am,005930,A028,buy,2,218000.0,filled
simulation_20260715_000826_158697_23249,2026-04-21,73,am,005930,A001,sell,10,218000.0,filled
simulation_20260715_000826_158697_23249,2026-04-21,73,am,005930,A002,sell,20,218000.0,filled
simulation_20260715_000826_158697_23249,2026-04-21,73,am,005930,A003,sell,1,218000.0,filled
simulation_20260715_000826_158697_23249,2026-04-21,73,am,005930,A004,sell,100,218000.0,filled
simulation_20260715_000826_158697_23249,2026-04-21,73,am,005930,A005,sell,1,218000.0,filled
simulation_20260715_000826_158697_23249,2026-04-21,73,am,005930,A007,sell,10,218000.0,filled
simulation_20260715_000826_158697_23249,2026-04-21,73,am,005930,A008,sell,1,218000.0,filled
simulation_20260715_000826_158697_23249,2026-04-21,73,am,005930,A009,sell,20,218000.0,filled
simulation_20260715_000826_158697_23249,2026-04-21,73,am,005930,A010,sell,5,218000.0,filled
simulation_20260715_000826_158697_23249,2026-04-21,73,am,005930,A012,sell,10,218000.0,filled
simulation_20260715_000826_158697_23249,2026-04-21,73,am,005930,A013,sell,73,218000.0,filled
simulation_20260715_000826_158697_23249,2026-04-21,73,am,005930,A015,sell,20,218000.0,filled
simulation_20260715_000826_158697_23249,2026-04-21,73,am,005930,A016,sell,10,218000.0,filled
simulation_20260715_000826_158697_23249,2026-04-21,73,am,005930,A017,sell,30,218000.0,filled
simulation_20260715_000826_158697_23249,2026-04-21,73,am,005930,A018,sell,16,218000.0,filled
simulation_20260715_000826_158697_23249,2026-04-21,73,am,005930,A019,sell,100,218000.0,filled
simulation_20260715_000826_158697_23249,2026-04-21,73,am,005930,A020,sell,1,218000.0,filled
simulation_20260715_000826_158697_23249,2026-04-21,73,am,005930,A022,sell,20,218000.0,filled
simulation_20260715_000826_158697_23249,2026-04-21,73,am,005930,A023,sell,1,218000.0,filled
simulation_20260715_000826_158697_23249,2026-04-21,73,am,005930,A025,sell,100,218000.0,filled
simulation_20260715_000826_158697_23249,2026-04-21,73,am,005930,A026,sell,10,218000.0,filled
simulation_20260715_000826_158697_23249,2026-04-21,73,am,005930,A029,sell,4,218000.0,filled
simulation_20260715_000826_158697_23249,2026-04-21,73,am,005930,A030,sell,10,218000.0,filled
simulation_20260715_000826_158697_23249,2026-04-21,74,pm,005930,A004,buy,50,219000.0,filled
simulation_20260715_000826_158697_23249,2026-04-21,74,pm,005930,A006,buy,100,219000.0,filled
simulation_20260715_000826_158697_23249,2026-04-21,74,pm,005930,A008,buy,2,219000.0,filled
simulation_20260715_000826_158697_23249,2026-04-21,74,pm,005930,A011,buy,1,219000.0,filled
simulation_20260715_000826_158697_23249,2026-04-21,74,pm,005930,A014,buy,50,219000.0,filled
simulation_20260715_000826_158697_23249,2026-04-21,74,pm,005930,A017,buy,150,219000.0,filled
simulation_20260715_000826_158697_23249,2026-04-21,74,pm,005930,A018,buy,24,219000.0,filled
simulation_20260715_000826_158697_23249,2026-04-21,74,pm,005930,A021,buy,10,219000.0,filled
simulation_20260715_000826_158697_23249,2026-04-21,74,pm,005930,A024,buy,1,219000.0,filled
simulation_20260715_000826_158697_23249,2026-04-21,74,pm,005930,A025,buy,110,219000.0,filled
simulation_20260715_000826_158697_23249,2026-04-21,74,pm,005930,A027,buy,50,219000.0,filled
simulation_20260715_000826_158697_23249,2026-04-21,74,pm,005930,A029,buy,6,219000.0,filled
simulation_20260715_000826_158697_23249,2026-04-21,74,pm,005930,A001,sell,10,219000.0,filled
simulation_20260715_000826_158697_23249,2026-04-21,74,pm,005930,A002,sell,10,219000.0,filled
simulation_20260715_000826_158697_23249,2026-04-21,74,pm,005930,A003,sell,6,219000.0,filled
simulation_20260715_000826_158697_23249,2026-04-21,74,pm,005930,A005,sell,5,219000.0,filled
simulation_20260715_000826_158697_23249,2026-04-21,74,pm,005930,A007,sell,10,219000.0,filled
simulation_20260715_000826_158697_23249,2026-04-21,74,pm,005930,A009,sell,40,219000.0,filled
simulation_20260715_000826_158697_23249,2026-04-21,74,pm,005930,A010,sell,10,219000.0,filled
simulation_20260715_000826_158697_23249,2026-04-21,74,pm,005930,A012,sell,10,219000.0,filled
simulation_20260715_000826_158697_23249,2026-04-21,74,pm,005930,A013,sell,100,219000.0,filled
simulation_20260715_000826_158697_23249,2026-04-21,74,pm,005930,A015,sell,20,219000.0,filled
simulation_20260715_000826_158697_23249,2026-04-21,74,pm,005930,A016,sell,20,219000.0,filled
simulation_20260715_000826_158697_23249,2026-04-21,74,pm,005930,A019,sell,108,219000.0,filled
simulation_20260715_000826_158697_23249,2026-04-21,74,pm,005930,A020,sell,4,219000.0,filled
simulation_20260715_000826_158697_23249,2026-04-21,74,pm,005930,A022,sell,10,219000.0,filled
simulation_20260715_000826_158697_23249,2026-04-21,74,pm,005930,A023,sell,4,219000.0,filled
simulation_20260715_000826_158697_23249,2026-04-21,74,pm,005930,A026,sell,20,219000.0,filled
simulation_20260715_000826_158697_23249,2026-04-21,74,pm,005930,A028,sell,1,219000.0,filled
simulation_20260715_000826_158697_23249,2026-04-21,74,pm,005930,A030,sell,10,219000.0,filled
simulation_20260715_000826_158697_23249,2026-04-22,75,am,005930,A002,buy,20,218500.0,filled
simulation_20260715_000826_158697_23249,2026-04-22,75,am,005930,A008,buy,1,218500.0,filled
simulation_20260715_000826_158697_23249,2026-04-22,75,am,005930,A019,buy,50,218500.0,filled
simulation_20260715_000826_158697_23249,2026-04-22,75,am,005930,A024,buy,1,218500.0,filled
simulation_20260715_000826_158697_23249,2026-04-22,75,am,005930,A027,buy,30,218500.0,filled
simulation_20260715_000826_158697_23249,2026-04-22,75,am,005930,A001,sell,20,218500.0,filled
simulation_20260715_000826_158697_23249,2026-04-22,75,am,005930,A003,sell,9,218500.0,filled
simulation_20260715_000826_158697_23249,2026-04-22,75,am,005930,A004,sell,100,218500.0,filled
simulation_20260715_000826_158697_23249,2026-04-22,75,am,005930,A005,sell,5,218500.0,filled
simulation_20260715_000826_158697_23249,2026-04-22,75,am,005930,A006,sell,50,218500.0,filled
simulation_20260715_000826_158697_23249,2026-04-22,75,am,005930,A007,sell,10,218500.0,filled
simulation_20260715_000826_158697_23249,2026-04-22,75,am,005930,A009,sell,40,218500.0,filled
simulation_20260715_000826_158697_23249,2026-04-22,75,am,005930,A010,sell,10,218500.0,filled
simulation_20260715_000826_158697_23249,2026-04-22,75,am,005930,A011,sell,1,218500.0,filled
simulation_20260715_000826_158697_23249,2026-04-22,75,am,005930,A012,sell,20,218500.0,filled
simulation_20260715_000826_158697_23249,2026-04-22,75,am,005930,A013,sell,100,218500.0,filled
simulation_20260715_000826_158697_23249,2026-04-22,75,am,005930,A014,sell,50,218500.0,filled
simulation_20260715_000826_158697_23249,2026-04-22,75,am,005930,A015,sell,20,218500.0,filled
simulation_20260715_000826_158697_23249,2026-04-22,75,am,005930,A016,sell,20,218500.0,filled
simulation_20260715_000826_158697_23249,2026-04-22,75,am,005930,A017,sell,1,218500.0,filled
simulation_20260715_000826_158697_23249,2026-04-22,75,am,005930,A018,sell,10,218500.0,filled
simulation_20260715_000826_158697_23249,2026-04-22,75,am,005930,A020,sell,7,218500.0,filled
simulation_20260715_000826_158697_23249,2026-04-22,75,am,005930,A021,sell,10,218500.0,filled
simulation_20260715_000826_158697_23249,2026-04-22,75,am,005930,A022,sell,20,218500.0,filled
simulation_20260715_000826_158697_23249,2026-04-22,75,am,005930,A023,sell,6,218500.0,filled
simulation_20260715_000826_158697_23249,2026-04-22,75,am,005930,A025,sell,55,218500.0,filled
simulation_20260715_000826_158697_23249,2026-04-22,75,am,005930,A026,sell,20,218500.0,filled
simulation_20260715_000826_158697_23249,2026-04-22,75,am,005930,A028,sell,1,218500.0,filled
simulation_20260715_000826_158697_23249,2026-04-22,75,am,005930,A029,sell,10,218500.0,filled
simulation_20260715_000826_158697_23249,2026-04-22,75,am,005930,A030,sell,40,218500.0,filled
simulation_20260715_000826_158697_23249,2026-04-22,76,pm,005930,A002,buy,20,217500.0,filled
simulation_20260715_000826_158697_23249,2026-04-22,76,pm,005930,A009,buy,40,217500.0,filled
simulation_20260715_000826_158697_23249,2026-04-22,76,pm,005930,A030,buy,10,217500.0,filled
simulation_20260715_000826_158697_23249,2026-04-22,76,pm,005930,A001,sell,10,217500.0,filled
simulation_20260715_000826_158697_23249,2026-04-22,76,pm,005930,A003,sell,14,217500.0,filled
simulation_20260715_000826_158697_23249,2026-04-22,76,pm,005930,A004,sell,100,217500.0,filled
simulation_20260715_000826_158697_23249,2026-04-22,76,pm,005930,A005,sell,5,217500.0,filled
simulation_20260715_000826_158697_23249,2026-04-22,76,pm,005930,A006,sell,50,217500.0,filled
simulation_20260715_000826_158697_23249,2026-04-22,76,pm,005930,A007,sell,10,217500.0,filled
simulation_20260715_000826_158697_23249,2026-04-22,76,pm,005930,A008,sell,10,217500.0,filled
simulation_20260715_000826_158697_23249,2026-04-22,76,pm,005930,A010,sell,10,217500.0,filled
simulation_20260715_000826_158697_23249,2026-04-22,76,pm,005930,A011,sell,1,217500.0,filled
simulation_20260715_000826_158697_23249,2026-04-22,76,pm,005930,A012,sell,20,217500.0,filled
simulation_20260715_000826_158697_23249,2026-04-22,76,pm,005930,A013,sell,100,217500.0,filled
simulation_20260715_000826_158697_23249,2026-04-22,76,pm,005930,A014,sell,50,217500.0,filled
simulation_20260715_000826_158697_23249,2026-04-22,76,pm,005930,A015,sell,50,217500.0,filled
simulation_20260715_000826_158697_23249,2026-04-22,76,pm,005930,A016,sell,10,217500.0,filled
simulation_20260715_000826_158697_23249,2026-04-22,76,pm,005930,A017,sell,10,217500.0,filled
simulation_20260715_000826_158697_23249,2026-04-22,76,pm,005930,A018,sell,15,217500.0,filled
simulation_20260715_000826_158697_23249,2026-04-22,76,pm,005930,A019,sell,50,217500.0,filled
simulation_20260715_000826_158697_23249,2026-04-22,76,pm,005930,A020,sell,5,217500.0,filled
simulation_20260715_000826_158697_23249,2026-04-22,76,pm,005930,A021,sell,10,217500.0,filled
simulation_20260715_000826_158697_23249,2026-04-22,76,pm,005930,A022,sell,20,217500.0,filled
simulation_20260715_000826_158697_23249,2026-04-22,76,pm,005930,A023,sell,5,217500.0,filled
simulation_20260715_000826_158697_23249,2026-04-22,76,pm,005930,A024,sell,1,217500.0,filled
simulation_20260715_000826_158697_23249,2026-04-22,76,pm,005930,A025,sell,83,217500.0,filled
simulation_20260715_000826_158697_23249,2026-04-22,76,pm,005930,A026,sell,50,217500.0,filled
simulation_20260715_000826_158697_23249,2026-04-22,76,pm,005930,A027,sell,50,217500.0,filled
simulation_20260715_000826_158697_23249,2026-04-22,76,pm,005930,A028,sell,1,217500.0,filled
simulation_20260715_000826_158697_23249,2026-04-22,76,pm,005930,A029,sell,8,217500.0,filled
simulation_20260715_000826_158697_23249,2026-04-23,77,am,005930,A002,buy,50,223000.0,filled
simulation_20260715_000826_158697_23249,2026-04-23,77,am,005930,A004,buy,100,223000.0,filled
simulation_20260715_000826_158697_23249,2026-04-23,77,am,005930,A008,buy,5,223000.0,filled
simulation_20260715_000826_158697_23249,2026-04-23,77,am,005930,A013,buy,254,223000.0,filled
simulation_20260715_000826_158697_23249,2026-04-23,77,am,005930,A018,buy,24,223000.0,filled
simulation_20260715_000826_158697_23249,2026-04-23,77,am,005930,A019,buy,100,223000.0,filled
simulation_20260715_000826_158697_23249,2026-04-23,77,am,005930,A021,buy,20,223000.0,filled
simulation_20260715_000826_158697_23249,2026-04-23,77,am,005930,A024,buy,1,223000.0,filled
simulation_20260715_000826_158697_23249,2026-04-23,77,am,005930,A025,buy,50,223000.0,filled
simulation_20260715_000826_158697_23249,2026-04-23,77,am,005930,A027,buy,50,223000.0,filled
simulation_20260715_000826_158697_23249,2026-04-23,77,am,005930,A029,buy,12,223000.0,filled
simulation_20260715_000826_158697_23249,2026-04-23,77,am,005930,A001,sell,20,223000.0,filled
simulation_20260715_000826_158697_23249,2026-04-23,77,am,005930,A003,sell,10,223000.0,filled
simulation_20260715_000826_158697_23249,2026-04-23,77,am,005930,A005,sell,5,223000.0,filled
simulation_20260715_000826_158697_23249,2026-04-23,77,am,005930,A006,sell,50,223000.0,filled
simulation_20260715_000826_158697_23249,2026-04-23,77,am,005930,A007,sell,1,223000.0,filled
simulation_20260715_000826_158697_23249,2026-04-23,77,am,005930,A009,sell,40,223000.0,filled
simulation_20260715_000826_158697_23249,2026-04-23,77,am,005930,A010,sell,26,223000.0,filled
simulation_20260715_000826_158697_23249,2026-04-23,77,am,005930,A011,sell,1,223000.0,filled
simulation_20260715_000826_158697_23249,2026-04-23,77,am,005930,A012,sell,20,223000.0,filled
simulation_20260715_000826_158697_23249,2026-04-23,77,am,005930,A014,sell,50,223000.0,filled
simulation_20260715_000826_158697_23249,2026-04-23,77,am,005930,A015,sell,100,223000.0,filled
simulation_20260715_000826_158697_23249,2026-04-23,77,am,005930,A016,sell,1,223000.0,filled
simulation_20260715_000826_158697_23249,2026-04-23,77,am,005930,A017,sell,10,223000.0,filled
simulation_20260715_000826_158697_23249,2026-04-23,77,am,005930,A020,sell,1,223000.0,filled
simulation_20260715_000826_158697_23249,2026-04-23,77,am,005930,A022,sell,50,223000.0,filled
simulation_20260715_000826_158697_23249,2026-04-23,77,am,005930,A023,sell,5,223000.0,filled
simulation_20260715_000826_158697_23249,2026-04-23,77,am,005930,A026,sell,1,223000.0,filled
simulation_20260715_000826_158697_23249,2026-04-23,77,am,005930,A028,sell,1,223000.0,filled
simulation_20260715_000826_158697_23249,2026-04-23,77,am,005930,A030,sell,10,223000.0,filled
simulation_20260715_000826_158697_23249,2026-04-23,78,pm,005930,A001,buy,44,224500.0,filled
simulation_20260715_000826_158697_23249,2026-04-23,78,pm,005930,A004,buy,100,224500.0,filled
simulation_20260715_000826_158697_23249,2026-04-23,78,pm,005930,A006,buy,50,224500.0,filled
simulation_20260715_000826_158697_23249,2026-04-23,78,pm,005930,A008,buy,3,224500.0,filled
simulation_20260715_000826_158697_23249,2026-04-23,78,pm,005930,A009,buy,50,224500.0,filled
simulation_20260715_000826_158697_23249,2026-04-23,78,pm,005930,A013,buy,126,224500.0,filled
simulation_20260715_000826_158697_23249,2026-04-23,78,pm,005930,A014,buy,100,224500.0,filled
simulation_20260715_000826_158697_23249,2026-04-23,78,pm,005930,A017,buy,50,224500.0,filled
simulation_20260715_000826_158697_23249,2026-04-23,78,pm,005930,A020,buy,13,224500.0,filled
simulation_20260715_000826_158697_23249,2026-04-23,78,pm,005930,A025,buy,90,224500.0,filled
simulation_20260715_000826_158697_23249,2026-04-23,78,pm,005930,A026,buy,50,224500.0,filled
simulation_20260715_000826_158697_23249,2026-04-23,78,pm,005930,A027,buy,92,224500.0,filled
simulation_20260715_000826_158697_23249,2026-04-23,78,pm,005930,A028,buy,3,224500.0,filled
simulation_20260715_000826_158697_23249,2026-04-23,78,pm,005930,A030,buy,100,224500.0,filled
simulation_20260715_000826_158697_23249,2026-04-23,78,pm,005930,A002,sell,20,224500.0,filled
simulation_20260715_000826_158697_23249,2026-04-23,78,pm,005930,A003,sell,10,224500.0,filled
simulation_20260715_000826_158697_23249,2026-04-23,78,pm,005930,A005,sell,5,224500.0,filled
simulation_20260715_000826_158697_23249,2026-04-23,78,pm,005930,A007,sell,10,224500.0,filled
simulation_20260715_000826_158697_23249,2026-04-23,78,pm,005930,A010,sell,20,224500.0,filled
simulation_20260715_000826_158697_23249,2026-04-23,78,pm,005930,A011,sell,1,224500.0,filled
simulation_20260715_000826_158697_23249,2026-04-23,78,pm,005930,A012,sell,20,224500.0,filled
simulation_20260715_000826_158697_23249,2026-04-23,78,pm,005930,A015,sell,50,224500.0,filled
simulation_20260715_000826_158697_23249,2026-04-23,78,pm,005930,A016,sell,20,224500.0,filled
simulation_20260715_000826_158697_23249,2026-04-23,78,pm,005930,A018,sell,12,224500.0,filled
simulation_20260715_000826_158697_23249,2026-04-23,78,pm,005930,A019,sell,100,224500.0,filled
simulation_20260715_000826_158697_23249,2026-04-23,78,pm,005930,A021,sell,10,224500.0,filled
simulation_20260715_000826_158697_23249,2026-04-23,78,pm,005930,A022,sell,50,224500.0,filled
simulation_20260715_000826_158697_23249,2026-04-23,78,pm,005930,A023,sell,5,224500.0,filled
simulation_20260715_000826_158697_23249,2026-04-23,78,pm,005930,A024,sell,1,224500.0,filled
simulation_20260715_000826_158697_23249,2026-04-23,78,pm,005930,A029,sell,6,224500.0,filled
simulation_20260715_000826_158697_23249,2026-04-24,79,am,005930,A009,buy,30,224000.0,filled
simulation_20260715_000826_158697_23249,2026-04-24,79,am,005930,A019,buy,10,224000.0,filled
simulation_20260715_000826_158697_23249,2026-04-24,79,am,005930,A024,buy,1,224000.0,filled
simulation_20260715_000826_158697_23249,2026-04-24,79,am,005930,A028,buy,1,224000.0,filled
simulation_20260715_000826_158697_23249,2026-04-24,79,am,005930,A030,buy,50,224000.0,filled
simulation_20260715_000826_158697_23249,2026-04-24,79,am,005930,A001,sell,20,224000.0,filled
simulation_20260715_000826_158697_23249,2026-04-24,79,am,005930,A002,sell,10,224000.0,filled
simulation_20260715_000826_158697_23249,2026-04-24,79,am,005930,A003,sell,20,224000.0,filled
simulation_20260715_000826_158697_23249,2026-04-24,79,am,005930,A004,sell,54,224000.0,filled
simulation_20260715_000826_158697_23249,2026-04-24,79,am,005930,A005,sell,17,224000.0,filled
simulation_20260715_000826_158697_23249,2026-04-24,79,am,005930,A006,sell,50,224000.0,filled
simulation_20260715_000826_158697_23249,2026-04-24,79,am,005930,A007,sell,10,224000.0,filled
simulation_20260715_000826_158697_23249,2026-04-24,79,am,005930,A008,sell,1,224000.0,filled
simulation_20260715_000826_158697_23249,2026-04-24,79,am,005930,A010,sell,20,224000.0,filled
simulation_20260715_000826_158697_23249,2026-04-24,79,am,005930,A011,sell,2,224000.0,filled
simulation_20260715_000826_158697_23249,2026-04-24,79,am,005930,A012,sell,20,224000.0,filled
simulation_20260715_000826_158697_23249,2026-04-24,79,am,005930,A013,sell,100,224000.0,filled
simulation_20260715_000826_158697_23249,2026-04-24,79,am,005930,A014,sell,50,224000.0,filled
simulation_20260715_000826_158697_23249,2026-04-24,79,am,005930,A015,sell,50,224000.0,filled
simulation_20260715_000826_158697_23249,2026-04-24,79,am,005930,A016,sell,20,224000.0,filled
simulation_20260715_000826_158697_23249,2026-04-24,79,am,005930,A017,sell,50,224000.0,filled
simulation_20260715_000826_158697_23249,2026-04-24,79,am,005930,A018,sell,18,224000.0,filled
simulation_20260715_000826_158697_23249,2026-04-24,79,am,005930,A020,sell,5,224000.0,filled
simulation_20260715_000826_158697_23249,2026-04-24,79,am,005930,A021,sell,10,224000.0,filled
simulation_20260715_000826_158697_23249,2026-04-24,79,am,005930,A022,sell,121,224000.0,filled
simulation_20260715_000826_158697_23249,2026-04-24,79,am,005930,A023,sell,15,224000.0,filled
simulation_20260715_000826_158697_23249,2026-04-24,79,am,005930,A025,sell,51,224000.0,filled
simulation_20260715_000826_158697_23249,2026-04-24,79,am,005930,A026,sell,20,224000.0,filled
simulation_20260715_000826_158697_23249,2026-04-24,79,am,005930,A027,sell,100,224000.0,filled
simulation_20260715_000826_158697_23249,2026-04-24,79,am,005930,A029,sell,9,224000.0,filled
simulation_20260715_000826_158697_23249,2026-04-24,80,pm,005930,A002,buy,100,219500.0,filled
simulation_20260715_000826_158697_23249,2026-04-24,80,pm,005930,A003,buy,41,219500.0,filled
simulation_20260715_000826_158697_23249,2026-04-24,80,pm,005930,A004,buy,80,219500.0,filled
simulation_20260715_000826_158697_23249,2026-04-24,80,pm,005930,A005,buy,26,219500.0,filled
simulation_20260715_000826_158697_23249,2026-04-24,80,pm,005930,A008,buy,2,219500.0,filled
simulation_20260715_000826_158697_23249,2026-04-24,80,pm,005930,A010,buy,60,219500.0,filled
simulation_20260715_000826_158697_23249,2026-04-24,80,pm,005930,A011,buy,3,219500.0,filled
simulation_20260715_000826_158697_23249,2026-04-24,80,pm,005930,A013,buy,100,219500.0,filled
simulation_20260715_000826_158697_23249,2026-04-24,80,pm,005930,A014,buy,100,219500.0,filled
simulation_20260715_000826_158697_23249,2026-04-24,80,pm,005930,A015,buy,100,219500.0,filled
simulation_20260715_000826_158697_23249,2026-04-24,80,pm,005930,A017,buy,100,219500.0,filled
simulation_20260715_000826_158697_23249,2026-04-24,80,pm,005930,A019,buy,250,219500.0,filled
simulation_20260715_000826_158697_23249,2026-04-24,80,pm,005930,A022,buy,238,219500.0,filled
simulation_20260715_000826_158697_23249,2026-04-24,80,pm,005930,A025,buy,50,219500.0,filled
simulation_20260715_000826_158697_23249,2026-04-24,80,pm,005930,A026,buy,74,219500.0,filled
simulation_20260715_000826_158697_23249,2026-04-24,80,pm,005930,A030,buy,50,219500.0,filled
simulation_20260715_000826_158697_23249,2026-04-24,80,pm,005930,A001,sell,20,219500.0,filled
simulation_20260715_000826_158697_23249,2026-04-24,80,pm,005930,A006,sell,50,219500.0,filled
simulation_20260715_000826_158697_23249,2026-04-24,80,pm,005930,A007,sell,10,219500.0,filled
simulation_20260715_000826_158697_23249,2026-04-24,80,pm,005930,A009,sell,45,219500.0,filled
simulation_20260715_000826_158697_23249,2026-04-24,80,pm,005930,A012,sell,20,219500.0,filled
simulation_20260715_000826_158697_23249,2026-04-24,80,pm,005930,A016,sell,10,219500.0,filled
simulation_20260715_000826_158697_23249,2026-04-24,80,pm,005930,A018,sell,28,219500.0,filled
simulation_20260715_000826_158697_23249,2026-04-24,80,pm,005930,A020,sell,9,219500.0,filled
simulation_20260715_000826_158697_23249,2026-04-24,80,pm,005930,A021,sell,10,219500.0,filled
simulation_20260715_000826_158697_23249,2026-04-24,80,pm,005930,A023,sell,15,219500.0,filled
simulation_20260715_000826_158697_23249,2026-04-24,80,pm,005930,A024,sell,1,219500.0,filled
simulation_20260715_000826_158697_23249,2026-04-24,80,pm,005930,A027,sell,90,219500.0,filled
simulation_20260715_000826_158697_23249,2026-04-24,80,pm,005930,A028,sell,1,219500.0,filled
simulation_20260715_000826_158697_23249,2026-04-24,80,pm,005930,A029,sell,10,219500.0,filled
simulation_20260715_000826_158697_23249,2026-04-27,81,am,005930,A003,buy,20,220000.0,filled
simulation_20260715_000826_158697_23249,2026-04-27,81,am,005930,A004,buy,20,220000.0,filled
simulation_20260715_000826_158697_23249,2026-04-27,81,am,005930,A011,buy,2,220000.0,filled
simulation_20260715_000826_158697_23249,2026-04-27,81,am,005930,A015,buy,50,220000.0,filled
simulation_20260715_000826_158697_23249,2026-04-27,81,am,005930,A019,buy,50,220000.0,filled
simulation_20260715_000826_158697_23249,2026-04-27,81,am,005930,A024,buy,1,220000.0,filled
simulation_20260715_000826_158697_23249,2026-04-27,81,am,005930,A026,buy,37,220000.0,filled
simulation_20260715_000826_158697_23249,2026-04-27,81,am,005930,A030,buy,10,220000.0,filled
simulation_20260715_000826_158697_23249,2026-04-27,81,am,005930,A001,sell,20,220000.0,filled
simulation_20260715_000826_158697_23249,2026-04-27,81,am,005930,A002,sell,10,220000.0,filled
simulation_20260715_000826_158697_23249,2026-04-27,81,am,005930,A005,sell,10,220000.0,filled
simulation_20260715_000826_158697_23249,2026-04-27,81,am,005930,A006,sell,50,220000.0,filled
simulation_20260715_000826_158697_23249,2026-04-27,81,am,005930,A007,sell,10,220000.0,filled
simulation_20260715_000826_158697_23249,2026-04-27,81,am,005930,A008,sell,1,220000.0,filled
simulation_20260715_000826_158697_23249,2026-04-27,81,am,005930,A009,sell,50,220000.0,filled
simulation_20260715_000826_158697_23249,2026-04-27,81,am,005930,A010,sell,20,220000.0,filled
simulation_20260715_000826_158697_23249,2026-04-27,81,am,005930,A012,sell,20,220000.0,filled
simulation_20260715_000826_158697_23249,2026-04-27,81,am,005930,A013,sell,66,220000.0,filled
simulation_20260715_000826_158697_23249,2026-04-27,81,am,005930,A014,sell,100,220000.0,filled
simulation_20260715_000826_158697_23249,2026-04-27,81,am,005930,A016,sell,10,220000.0,filled
simulation_20260715_000826_158697_23249,2026-04-27,81,am,005930,A017,sell,50,220000.0,filled
simulation_20260715_000826_158697_23249,2026-04-27,81,am,005930,A018,sell,20,220000.0,filled
simulation_20260715_000826_158697_23249,2026-04-27,81,am,005930,A020,sell,5,220000.0,filled
simulation_20260715_000826_158697_23249,2026-04-27,81,am,005930,A021,sell,10,220000.0,filled
simulation_20260715_000826_158697_23249,2026-04-27,81,am,005930,A022,sell,50,220000.0,filled
simulation_20260715_000826_158697_23249,2026-04-27,81,am,005930,A023,sell,15,220000.0,filled
simulation_20260715_000826_158697_23249,2026-04-27,81,am,005930,A025,sell,50,220000.0,filled
simulation_20260715_000826_158697_23249,2026-04-27,81,am,005930,A027,sell,50,220000.0,filled
simulation_20260715_000826_158697_23249,2026-04-27,81,am,005930,A028,sell,1,220000.0,filled
simulation_20260715_000826_158697_23249,2026-04-27,81,am,005930,A029,sell,10,220000.0,filled
simulation_20260715_000826_158697_23249,2026-04-27,82,pm,005930,A005,buy,18,224500.0,filled
simulation_20260715_000826_158697_23249,2026-04-27,82,pm,005930,A009,buy,50,224500.0,filled
simulation_20260715_000826_158697_23249,2026-04-27,82,pm,005930,A011,buy,1,224500.0,filled
simulation_20260715_000826_158697_23249,2026-04-27,82,pm,005930,A013,buy,50,224500.0,filled
simulation_20260715_000826_158697_23249,2026-04-27,82,pm,005930,A014,buy,30,224500.0,filled
simulation_20260715_000826_158697_23249,2026-04-27,82,pm,005930,A017,buy,100,224500.0,filled
simulation_20260715_000826_158697_23249,2026-04-27,82,pm,005930,A020,buy,15,224500.0,filled
simulation_20260715_000826_158697_23249,2026-04-27,82,pm,005930,A028,buy,2,224500.0,filled
simulation_20260715_000826_158697_23249,2026-04-27,82,pm,005930,A030,buy,10,224500.0,filled
simulation_20260715_000826_158697_23249,2026-04-27,82,pm,005930,A001,sell,50,224500.0,filled
simulation_20260715_000826_158697_23249,2026-04-27,82,pm,005930,A002,sell,50,224500.0,filled
simulation_20260715_000826_158697_23249,2026-04-27,82,pm,005930,A003,sell,10,224500.0,filled
simulation_20260715_000826_158697_23249,2026-04-27,82,pm,005930,A004,sell,200,224500.0,filled
simulation_20260715_000826_158697_23249,2026-04-27,82,pm,005930,A006,sell,50,224500.0,filled
simulation_20260715_000826_158697_23249,2026-04-27,82,pm,005930,A007,sell,10,224500.0,filled
simulation_20260715_000826_158697_23249,2026-04-27,82,pm,005930,A008,sell,1,224500.0,filled
simulation_20260715_000826_158697_23249,2026-04-27,82,pm,005930,A010,sell,30,224500.0,filled
simulation_20260715_000826_158697_23249,2026-04-27,82,pm,005930,A012,sell,20,224500.0,filled
simulation_20260715_000826_158697_23249,2026-04-27,82,pm,005930,A015,sell,50,224500.0,filled
simulation_20260715_000826_158697_23249,2026-04-27,82,pm,005930,A016,sell,20,224500.0,filled
simulation_20260715_000826_158697_23249,2026-04-27,82,pm,005930,A018,sell,50,224500.0,filled
simulation_20260715_000826_158697_23249,2026-04-27,82,pm,005930,A019,sell,310,224500.0,filled
simulation_20260715_000826_158697_23249,2026-04-27,82,pm,005930,A021,sell,10,224500.0,filled
simulation_20260715_000826_158697_23249,2026-04-27,82,pm,005930,A022,sell,100,224500.0,filled
simulation_20260715_000826_158697_23249,2026-04-27,82,pm,005930,A023,sell,20,224500.0,filled
simulation_20260715_000826_158697_23249,2026-04-27,82,pm,005930,A024,sell,1,224500.0,filled
simulation_20260715_000826_158697_23249,2026-04-27,82,pm,005930,A025,sell,100,224500.0,filled
simulation_20260715_000826_158697_23249,2026-04-27,82,pm,005930,A026,sell,15,224500.0,filled
simulation_20260715_000826_158697_23249,2026-04-27,82,pm,005930,A027,sell,52,224500.0,filled
simulation_20260715_000826_158697_23249,2026-04-27,82,pm,005930,A029,sell,10,224500.0,filled
simulation_20260715_000826_158697_23249,2026-04-28,83,am,005930,A009,buy,50,224000.0,filled
simulation_20260715_000826_158697_23249,2026-04-28,83,am,005930,A013,buy,72,224000.0,filled
simulation_20260715_000826_158697_23249,2026-04-28,83,am,005930,A019,buy,100,224000.0,filled
simulation_20260715_000826_158697_23249,2026-04-28,83,am,005930,A022,buy,50,224000.0,filled
simulation_20260715_000826_158697_23249,2026-04-28,83,am,005930,A024,buy,1,224000.0,filled
simulation_20260715_000826_158697_23249,2026-04-28,83,am,005930,A027,buy,100,224000.0,filled
simulation_20260715_000826_158697_23249,2026-04-28,83,am,005930,A028,buy,1,224000.0,filled
simulation_20260715_000826_158697_23249,2026-04-28,83,am,005930,A030,buy,10,224000.0,filled
simulation_20260715_000826_158697_23249,2026-04-28,83,am,005930,A001,sell,50,224000.0,filled
simulation_20260715_000826_158697_23249,2026-04-28,83,am,005930,A002,sell,10,224000.0,filled
simulation_20260715_000826_158697_23249,2026-04-28,83,am,005930,A003,sell,10,224000.0,filled
simulation_20260715_000826_158697_23249,2026-04-28,83,am,005930,A004,sell,100,224000.0,filled
simulation_20260715_000826_158697_23249,2026-04-28,83,am,005930,A005,sell,5,224000.0,filled
simulation_20260715_000826_158697_23249,2026-04-28,83,am,005930,A006,sell,10,224000.0,filled
simulation_20260715_000826_158697_23249,2026-04-28,83,am,005930,A007,sell,10,224000.0,filled
simulation_20260715_000826_158697_23249,2026-04-28,83,am,005930,A008,sell,1,224000.0,filled
simulation_20260715_000826_158697_23249,2026-04-28,83,am,005930,A010,sell,10,224000.0,filled
simulation_20260715_000826_158697_23249,2026-04-28,83,am,005930,A011,sell,1,224000.0,filled
simulation_20260715_000826_158697_23249,2026-04-28,83,am,005930,A012,sell,20,224000.0,filled
simulation_20260715_000826_158697_23249,2026-04-28,83,am,005930,A014,sell,50,224000.0,filled
simulation_20260715_000826_158697_23249,2026-04-28,83,am,005930,A015,sell,50,224000.0,filled
simulation_20260715_000826_158697_23249,2026-04-28,83,am,005930,A016,sell,10,224000.0,filled
simulation_20260715_000826_158697_23249,2026-04-28,83,am,005930,A017,sell,50,224000.0,filled
simulation_20260715_000826_158697_23249,2026-04-28,83,am,005930,A018,sell,100,224000.0,filled
simulation_20260715_000826_158697_23249,2026-04-28,83,am,005930,A020,sell,5,224000.0,filled
simulation_20260715_000826_158697_23249,2026-04-28,83,am,005930,A021,sell,10,224000.0,filled
simulation_20260715_000826_158697_23249,2026-04-28,83,am,005930,A023,sell,10,224000.0,filled
simulation_20260715_000826_158697_23249,2026-04-28,83,am,005930,A025,sell,80,224000.0,filled
simulation_20260715_000826_158697_23249,2026-04-28,83,am,005930,A026,sell,10,224000.0,filled
simulation_20260715_000826_158697_23249,2026-04-28,83,am,005930,A029,sell,15,224000.0,filled
simulation_20260715_000826_158697_23249,2026-04-28,84,pm,005930,A001,buy,100,222000.0,filled
simulation_20260715_000826_158697_23249,2026-04-28,84,pm,005930,A007,buy,20,222000.0,filled
simulation_20260715_000826_158697_23249,2026-04-28,84,pm,005930,A008,buy,2,222000.0,filled
simulation_20260715_000826_158697_23249,2026-04-28,84,pm,005930,A010,buy,60,222000.0,filled
simulation_20260715_000826_158697_23249,2026-04-28,84,pm,005930,A013,buy,36,222000.0,filled
simulation_20260715_000826_158697_23249,2026-04-28,84,pm,005930,A015,buy,200,222000.0,filled
simulation_20260715_000826_158697_23249,2026-04-28,84,pm,005930,A017,buy,50,222000.0,filled
simulation_20260715_000826_158697_23249,2026-04-28,84,pm,005930,A019,buy,150,222000.0,filled
simulation_20260715_000826_158697_23249,2026-04-28,84,pm,005930,A020,buy,11,222000.0,filled
simulation_20260715_000826_158697_23249,2026-04-28,84,pm,005930,A021,buy,10,222000.0,filled
simulation_20260715_000826_158697_23249,2026-04-28,84,pm,005930,A022,buy,100,222000.0,filled
simulation_20260715_000826_158697_23249,2026-04-28,84,pm,005930,A026,buy,10,222000.0,filled
simulation_20260715_000826_158697_23249,2026-04-28,84,pm,005930,A027,buy,100,222000.0,filled
simulation_20260715_000826_158697_23249,2026-04-28,84,pm,005930,A029,buy,36,222000.0,filled
simulation_20260715_000826_158697_23249,2026-04-28,84,pm,005930,A030,buy,10,222000.0,filled
simulation_20260715_000826_158697_23249,2026-04-28,84,pm,005930,A002,sell,10,222000.0,filled
simulation_20260715_000826_158697_23249,2026-04-28,84,pm,005930,A003,sell,10,222000.0,filled
simulation_20260715_000826_158697_23249,2026-04-28,84,pm,005930,A004,sell,100,222000.0,filled
simulation_20260715_000826_158697_23249,2026-04-28,84,pm,005930,A005,sell,10,222000.0,filled
simulation_20260715_000826_158697_23249,2026-04-28,84,pm,005930,A006,sell,42,222000.0,filled
simulation_20260715_000826_158697_23249,2026-04-28,84,pm,005930,A009,sell,50,222000.0,filled
simulation_20260715_000826_158697_23249,2026-04-28,84,pm,005930,A011,sell,1,222000.0,filled
simulation_20260715_000826_158697_23249,2026-04-28,84,pm,005930,A012,sell,20,222000.0,filled
simulation_20260715_000826_158697_23249,2026-04-28,84,pm,005930,A014,sell,50,222000.0,filled
simulation_20260715_000826_158697_23249,2026-04-28,84,pm,005930,A016,sell,10,222000.0,filled
simulation_20260715_000826_158697_23249,2026-04-28,84,pm,005930,A018,sell,80,222000.0,filled
simulation_20260715_000826_158697_23249,2026-04-28,84,pm,005930,A023,sell,15,222000.0,filled
simulation_20260715_000826_158697_23249,2026-04-28,84,pm,005930,A024,sell,10,222000.0,filled
simulation_20260715_000826_158697_23249,2026-04-28,84,pm,005930,A025,sell,100,222000.0,filled
simulation_20260715_000826_158697_23249,2026-04-28,84,pm,005930,A028,sell,1,222000.0,filled
simulation_20260715_000826_158697_23249,2026-04-29,85,am,005930,A001,buy,50,219500.0,filled
simulation_20260715_000826_158697_23249,2026-04-29,85,am,005930,A003,buy,26,219500.0,filled
simulation_20260715_000826_158697_23249,2026-04-29,85,am,005930,A006,buy,200,219500.0,filled
simulation_20260715_000826_158697_23249,2026-04-29,85,am,005930,A007,buy,20,219500.0,filled
simulation_20260715_000826_158697_23249,2026-04-29,85,am,005930,A013,buy,18,219500.0,filled
simulation_20260715_000826_158697_23249,2026-04-29,85,am,005930,A017,buy,50,219500.0,filled
simulation_20260715_000826_158697_23249,2026-04-29,85,am,005930,A019,buy,50,219500.0,filled
simulation_20260715_000826_158697_23249,2026-04-29,85,am,005930,A022,buy,100,219500.0,filled
simulation_20260715_000826_158697_23249,2026-04-29,85,am,005930,A023,buy,30,219500.0,filled
simulation_20260715_000826_158697_23249,2026-04-29,85,am,005930,A030,buy,10,219500.0,filled
simulation_20260715_000826_158697_23249,2026-04-29,85,am,005930,A002,sell,10,219500.0,filled
simulation_20260715_000826_158697_23249,2026-04-29,85,am,005930,A004,sell,24,219500.0,filled
simulation_20260715_000826_158697_23249,2026-04-29,85,am,005930,A005,sell,10,219500.0,filled
simulation_20260715_000826_158697_23249,2026-04-29,85,am,005930,A008,sell,1,219500.0,filled
simulation_20260715_000826_158697_23249,2026-04-29,85,am,005930,A009,sell,50,219500.0,filled
simulation_20260715_000826_158697_23249,2026-04-29,85,am,005930,A010,sell,10,219500.0,filled
simulation_20260715_000826_158697_23249,2026-04-29,85,am,005930,A011,sell,1,219500.0,filled
simulation_20260715_000826_158697_23249,2026-04-29,85,am,005930,A012,sell,20,219500.0,filled
simulation_20260715_000826_158697_23249,2026-04-29,85,am,005930,A014,sell,50,219500.0,filled
simulation_20260715_000826_158697_23249,2026-04-29,85,am,005930,A015,sell,1,219500.0,filled
simulation_20260715_000826_158697_23249,2026-04-29,85,am,005930,A016,sell,10,219500.0,filled
simulation_20260715_000826_158697_23249,2026-04-29,85,am,005930,A018,sell,100,219500.0,filled
simulation_20260715_000826_158697_23249,2026-04-29,85,am,005930,A020,sell,5,219500.0,filled
simulation_20260715_000826_158697_23249,2026-04-29,85,am,005930,A021,sell,10,219500.0,filled
simulation_20260715_000826_158697_23249,2026-04-29,85,am,005930,A024,sell,5,219500.0,filled
simulation_20260715_000826_158697_23249,2026-04-29,85,am,005930,A025,sell,5,219500.0,filled
simulation_20260715_000826_158697_23249,2026-04-29,85,am,005930,A026,sell,10,219500.0,filled
simulation_20260715_000826_158697_23249,2026-04-29,85,am,005930,A027,sell,50,219500.0,filled
simulation_20260715_000826_158697_23249,2026-04-29,85,am,005930,A028,sell,1,219500.0,filled
simulation_20260715_000826_158697_23249,2026-04-29,85,am,005930,A029,sell,50,219500.0,filled
simulation_20260715_000826_158697_23249,2026-04-29,86,pm,005930,A004,buy,200,226000.0,filled
simulation_20260715_000826_158697_23249,2026-04-29,86,pm,005930,A008,buy,1,226000.0,filled
simulation_20260715_000826_158697_23249,2026-04-29,86,pm,005930,A009,buy,20,226000.0,filled
simulation_20260715_000826_158697_23249,2026-04-29,86,pm,005930,A011,buy,1,226000.0,filled
simulation_20260715_000826_158697_23249,2026-04-29,86,pm,005930,A014,buy,50,226000.0,filled
simulation_20260715_000826_158697_23249,2026-04-29,86,pm,005930,A016,buy,50,226000.0,filled
simulation_20260715_000826_158697_23249,2026-04-29,86,pm,005930,A018,buy,213,226000.0,filled
simulation_20260715_000826_158697_23249,2026-04-29,86,pm,005930,A021,buy,20,226000.0,filled
simulation_20260715_000826_158697_23249,2026-04-29,86,pm,005930,A023,buy,15,226000.0,filled
simulation_20260715_000826_158697_23249,2026-04-29,86,pm,005930,A024,buy,8,226000.0,filled
simulation_20260715_000826_158697_23249,2026-04-29,86,pm,005930,A025,buy,150,226000.0,filled
simulation_20260715_000826_158697_23249,2026-04-29,86,pm,005930,A027,buy,100,226000.0,filled
simulation_20260715_000826_158697_23249,2026-04-29,86,pm,005930,A028,buy,1,226000.0,filled
simulation_20260715_000826_158697_23249,2026-04-29,86,pm,005930,A001,sell,10,226000.0,filled
simulation_20260715_000826_158697_23249,2026-04-29,86,pm,005930,A002,sell,20,226000.0,filled
simulation_20260715_000826_158697_23249,2026-04-29,86,pm,005930,A003,sell,10,226000.0,filled
simulation_20260715_000826_158697_23249,2026-04-29,86,pm,005930,A005,sell,10,226000.0,filled
simulation_20260715_000826_158697_23249,2026-04-29,86,pm,005930,A006,sell,100,226000.0,filled
simulation_20260715_000826_158697_23249,2026-04-29,86,pm,005930,A007,sell,50,226000.0,filled
simulation_20260715_000826_158697_23249,2026-04-29,86,pm,005930,A010,sell,10,226000.0,filled
simulation_20260715_000826_158697_23249,2026-04-29,86,pm,005930,A012,sell,20,226000.0,filled
simulation_20260715_000826_158697_23249,2026-04-29,86,pm,005930,A013,sell,100,226000.0,filled
simulation_20260715_000826_158697_23249,2026-04-29,86,pm,005930,A015,sell,50,226000.0,filled
simulation_20260715_000826_158697_23249,2026-04-29,86,pm,005930,A017,sell,34,226000.0,filled
simulation_20260715_000826_158697_23249,2026-04-29,86,pm,005930,A019,sell,100,226000.0,filled
simulation_20260715_000826_158697_23249,2026-04-29,86,pm,005930,A020,sell,5,226000.0,filled
simulation_20260715_000826_158697_23249,2026-04-29,86,pm,005930,A022,sell,100,226000.0,filled
simulation_20260715_000826_158697_23249,2026-04-29,86,pm,005930,A026,sell,20,226000.0,filled
simulation_20260715_000826_158697_23249,2026-04-29,86,pm,005930,A029,sell,42,226000.0,filled
simulation_20260715_000826_158697_23249,2026-04-29,86,pm,005930,A030,sell,20,226000.0,filled
simulation_20260715_000826_158697_23249,2026-04-30,87,am,005930,A008,buy,1,229000.0,filled
simulation_20260715_000826_158697_23249,2026-04-30,87,am,005930,A009,buy,30,229000.0,filled
simulation_20260715_000826_158697_23249,2026-04-30,87,am,005930,A014,buy,10,229000.0,filled
simulation_20260715_000826_158697_23249,2026-04-30,87,am,005930,A016,buy,10,229000.0,filled
simulation_20260715_000826_158697_23249,2026-04-30,87,am,005930,A017,buy,30,229000.0,filled
simulation_20260715_000826_158697_23249,2026-04-30,87,am,005930,A018,buy,105,229000.0,filled
simulation_20260715_000826_158697_23249,2026-04-30,87,am,005930,A023,buy,30,229000.0,filled
simulation_20260715_000826_158697_23249,2026-04-30,87,am,005930,A024,buy,4,229000.0,filled
simulation_20260715_000826_158697_23249,2026-04-30,87,am,005930,A027,buy,50,229000.0,filled
simulation_20260715_000826_158697_23249,2026-04-30,87,am,005930,A028,buy,1,229000.0,filled
simulation_20260715_000826_158697_23249,2026-04-30,87,am,005930,A029,buy,62,229000.0,filled
simulation_20260715_000826_158697_23249,2026-04-30,87,am,005930,A001,sell,10,229000.0,filled
simulation_20260715_000826_158697_23249,2026-04-30,87,am,005930,A002,sell,10,229000.0,filled
simulation_20260715_000826_158697_23249,2026-04-30,87,am,005930,A003,sell,10,229000.0,filled
simulation_20260715_000826_158697_23249,2026-04-30,87,am,005930,A004,sell,139,229000.0,filled
simulation_20260715_000826_158697_23249,2026-04-30,87,am,005930,A005,sell,10,229000.0,filled
simulation_20260715_000826_158697_23249,2026-04-30,87,am,005930,A006,sell,100,229000.0,filled
simulation_20260715_000826_158697_23249,2026-04-30,87,am,005930,A007,sell,30,229000.0,filled
simulation_20260715_000826_158697_23249,2026-04-30,87,am,005930,A010,sell,30,229000.0,filled
simulation_20260715_000826_158697_23249,2026-04-30,87,am,005930,A011,sell,1,229000.0,filled
simulation_20260715_000826_158697_23249,2026-04-30,87,am,005930,A012,sell,30,229000.0,filled
simulation_20260715_000826_158697_23249,2026-04-30,87,am,005930,A013,sell,100,229000.0,filled
simulation_20260715_000826_158697_23249,2026-04-30,87,am,005930,A015,sell,50,229000.0,filled
simulation_20260715_000826_158697_23249,2026-04-30,87,am,005930,A019,sell,100,229000.0,filled
simulation_20260715_000826_158697_23249,2026-04-30,87,am,005930,A020,sell,10,229000.0,filled
simulation_20260715_000826_158697_23249,2026-04-30,87,am,005930,A021,sell,10,229000.0,filled
simulation_20260715_000826_158697_23249,2026-04-30,87,am,005930,A022,sell,50,229000.0,filled
simulation_20260715_000826_158697_23249,2026-04-30,87,am,005930,A025,sell,100,229000.0,filled
simulation_20260715_000826_158697_23249,2026-04-30,87,am,005930,A026,sell,10,229000.0,filled
simulation_20260715_000826_158697_23249,2026-04-30,87,am,005930,A030,sell,10,229000.0,filled
simulation_20260715_000826_158697_23249,2026-04-30,88,pm,005930,A001,buy,10,220500.0,filled
simulation_20260715_000826_158697_23249,2026-04-30,88,pm,005930,A002,buy,100,220500.0,filled
simulation_20260715_000826_158697_23249,2026-04-30,88,pm,005930,A003,buy,20,220500.0,filled
simulation_20260715_000826_158697_23249,2026-04-30,88,pm,005930,A004,buy,200,220500.0,filled
simulation_20260715_000826_158697_23249,2026-04-30,88,pm,005930,A005,buy,32,220500.0,filled
simulation_20260715_000826_158697_23249,2026-04-30,88,pm,005930,A006,buy,200,220500.0,filled
simulation_20260715_000826_158697_23249,2026-04-30,88,pm,005930,A008,buy,1,220500.0,filled
simulation_20260715_000826_158697_23249,2026-04-30,88,pm,005930,A010,buy,50,220500.0,filled
simulation_20260715_000826_158697_23249,2026-04-30,88,pm,005930,A011,buy,2,220500.0,filled
simulation_20260715_000826_158697_23249,2026-04-30,88,pm,005930,A013,buy,100,220500.0,filled
simulation_20260715_000826_158697_23249,2026-04-30,88,pm,005930,A014,buy,50,220500.0,filled
simulation_20260715_000826_158697_23249,2026-04-30,88,pm,005930,A015,buy,150,220500.0,filled
simulation_20260715_000826_158697_23249,2026-04-30,88,pm,005930,A016,buy,50,220500.0,filled
simulation_20260715_000826_158697_23249,2026-04-30,88,pm,005930,A017,buy,15,220500.0,filled
simulation_20260715_000826_158697_23249,2026-04-30,88,pm,005930,A018,buy,45,220500.0,filled
simulation_20260715_000826_158697_23249,2026-04-30,88,pm,005930,A019,buy,100,220500.0,filled
simulation_20260715_000826_158697_23249,2026-04-30,88,pm,005930,A020,buy,15,220500.0,filled
simulation_20260715_000826_158697_23249,2026-04-30,88,pm,005930,A022,buy,120,220500.0,filled
simulation_20260715_000826_158697_23249,2026-04-30,88,pm,005930,A023,buy,23,220500.0,filled
simulation_20260715_000826_158697_23249,2026-04-30,88,pm,005930,A024,buy,2,220500.0,filled
simulation_20260715_000826_158697_23249,2026-04-30,88,pm,005930,A025,buy,100,220500.0,filled
simulation_20260715_000826_158697_23249,2026-04-30,88,pm,005930,A026,buy,20,220500.0,filled
simulation_20260715_000826_158697_23249,2026-04-30,88,pm,005930,A029,buy,30,220500.0,filled
simulation_20260715_000826_158697_23249,2026-04-30,88,pm,005930,A030,buy,20,220500.0,filled
simulation_20260715_000826_158697_23249,2026-04-30,88,pm,005930,A007,sell,30,220500.0,filled
simulation_20260715_000826_158697_23249,2026-04-30,88,pm,005930,A009,sell,66,220500.0,filled
simulation_20260715_000826_158697_23249,2026-04-30,88,pm,005930,A012,sell,20,220500.0,filled
simulation_20260715_000826_158697_23249,2026-04-30,88,pm,005930,A021,sell,10,220500.0,filled
simulation_20260715_000826_158697_23249,2026-04-30,88,pm,005930,A027,sell,40,220500.0,filled
simulation_20260715_000826_158697_23249,2026-04-30,88,pm,005930,A028,sell,1,220500.0,filled
simulation_20260715_000826_158697_23249,2026-05-04,89,am,005930,A004,buy,100,228000.0,filled
simulation_20260715_000826_158697_23249,2026-05-04,89,am,005930,A009,buy,30,228000.0,filled
simulation_20260715_000826_158697_23249,2026-05-04,89,am,005930,A010,buy,20,228000.0,filled
simulation_20260715_000826_158697_23249,2026-05-04,89,am,005930,A014,buy,100,228000.0,filled
simulation_20260715_000826_158697_23249,2026-05-04,89,am,005930,A021,buy,10,228000.0,filled
simulation_20260715_000826_158697_23249,2026-05-04,89,am,005930,A023,buy,11,228000.0,filled
simulation_20260715_000826_158697_23249,2026-05-04,89,am,005930,A028,buy,1,228000.0,filled
simulation_20260715_000826_158697_23249,2026-05-04,89,am,005930,A001,sell,10,228000.0,filled
simulation_20260715_000826_158697_23249,2026-05-04,89,am,005930,A002,sell,10,228000.0,filled
simulation_20260715_000826_158697_23249,2026-05-04,89,am,005930,A003,sell,10,228000.0,filled
simulation_20260715_000826_158697_23249,2026-05-04,89,am,005930,A005,sell,16,228000.0,filled
simulation_20260715_000826_158697_23249,2026-05-04,89,am,005930,A006,sell,100,228000.0,filled
simulation_20260715_000826_158697_23249,2026-05-04,89,am,005930,A007,sell,50,228000.0,filled
simulation_20260715_000826_158697_23249,2026-05-04,89,am,005930,A008,sell,1,228000.0,filled
simulation_20260715_000826_158697_23249,2026-05-04,89,am,005930,A011,sell,1,228000.0,filled
simulation_20260715_000826_158697_23249,2026-05-04,89,am,005930,A012,sell,30,228000.0,filled
simulation_20260715_000826_158697_23249,2026-05-04,89,am,005930,A013,sell,61,228000.0,filled
simulation_20260715_000826_158697_23249,2026-05-04,89,am,005930,A015,sell,50,228000.0,filled
simulation_20260715_000826_158697_23249,2026-05-04,89,am,005930,A016,sell,10,228000.0,filled
simulation_20260715_000826_158697_23249,2026-05-04,89,am,005930,A017,sell,28,228000.0,filled
simulation_20260715_000826_158697_23249,2026-05-04,89,am,005930,A018,sell,100,228000.0,filled
simulation_20260715_000826_158697_23249,2026-05-04,89,am,005930,A019,sell,200,228000.0,filled
simulation_20260715_000826_158697_23249,2026-05-04,89,am,005930,A020,sell,5,228000.0,filled
simulation_20260715_000826_158697_23249,2026-05-04,89,am,005930,A022,sell,50,228000.0,filled
simulation_20260715_000826_158697_23249,2026-05-04,89,am,005930,A024,sell,1,228000.0,filled
simulation_20260715_000826_158697_23249,2026-05-04,89,am,005930,A025,sell,150,228000.0,filled
simulation_20260715_000826_158697_23249,2026-05-04,89,am,005930,A026,sell,20,228000.0,filled
simulation_20260715_000826_158697_23249,2026-05-04,89,am,005930,A027,sell,50,228000.0,filled
simulation_20260715_000826_158697_23249,2026-05-04,89,am,005930,A029,sell,150,228000.0,filled
simulation_20260715_000826_158697_23249,2026-05-04,89,am,005930,A030,sell,10,228000.0,filled
simulation_20260715_000826_158697_23249,2026-05-04,90,pm,005930,A005,buy,10,232500.0,filled
simulation_20260715_000826_158697_23249,2026-05-04,90,pm,005930,A006,buy,100,232500.0,filled
simulation_20260715_000826_158697_23249,2026-05-04,90,pm,005930,A010,buy,10,232500.0,filled
simulation_20260715_000826_158697_23249,2026-05-04,90,pm,005930,A011,buy,1,232500.0,filled
simulation_20260715_000826_158697_23249,2026-05-04,90,pm,005930,A012,buy,100,232500.0,filled
simulation_20260715_000826_158697_23249,2026-05-04,90,pm,005930,A013,buy,80,232500.0,filled
simulation_20260715_000826_158697_23249,2026-05-04,90,pm,005930,A018,buy,79,232500.0,filled
simulation_20260715_000826_158697_23249,2026-05-04,90,pm,005930,A019,buy,50,232500.0,filled
simulation_20260715_000826_158697_23249,2026-05-04,90,pm,005930,A020,buy,10,232500.0,filled
simulation_20260715_000826_158697_23249,2026-05-04,90,pm,005930,A021,buy,10,232500.0,filled
simulation_20260715_000826_158697_23249,2026-05-04,90,pm,005930,A024,buy,1,232500.0,filled
simulation_20260715_000826_158697_23249,2026-05-04,90,pm,005930,A025,buy,150,232500.0,filled
simulation_20260715_000826_158697_23249,2026-05-04,90,pm,005930,A027,buy,81,232500.0,filled
simulation_20260715_000826_158697_23249,2026-05-04,90,pm,005930,A029,buy,90,232500.0,filled
simulation_20260715_000826_158697_23249,2026-05-04,90,pm,005930,A001,sell,10,232500.0,filled
simulation_20260715_000826_158697_23249,2026-05-04,90,pm,005930,A002,sell,50,232500.0,filled
simulation_20260715_000826_158697_23249,2026-05-04,90,pm,005930,A003,sell,10,232500.0,filled
simulation_20260715_000826_158697_23249,2026-05-04,90,pm,005930,A004,sell,62,232500.0,filled
simulation_20260715_000826_158697_23249,2026-05-04,90,pm,005930,A007,sell,50,232500.0,filled
simulation_20260715_000826_158697_23249,2026-05-04,90,pm,005930,A008,sell,1,232500.0,filled
simulation_20260715_000826_158697_23249,2026-05-04,90,pm,005930,A009,sell,100,232500.0,filled
simulation_20260715_000826_158697_23249,2026-05-04,90,pm,005930,A014,sell,50,232500.0,filled
simulation_20260715_000826_158697_23249,2026-05-04,90,pm,005930,A015,sell,50,232500.0,filled
simulation_20260715_000826_158697_23249,2026-05-04,90,pm,005930,A016,sell,10,232500.0,filled
simulation_20260715_000826_158697_23249,2026-05-04,90,pm,005930,A017,sell,10,232500.0,filled
simulation_20260715_000826_158697_23249,2026-05-04,90,pm,005930,A022,sell,50,232500.0,filled
simulation_20260715_000826_158697_23249,2026-05-04,90,pm,005930,A023,sell,50,232500.0,filled
simulation_20260715_000826_158697_23249,2026-05-04,90,pm,005930,A026,sell,10,232500.0,filled
simulation_20260715_000826_158697_23249,2026-05-04,90,pm,005930,A028,sell,100,232500.0,filled
simulation_20260715_000826_158697_23249,2026-05-04,90,pm,005930,A030,sell,10,232500.0,filled
simulation_20260715_000826_158697_23249,2026-05-06,91,am,005930,A008,buy,1,254000.0,filled
simulation_20260715_000826_158697_23249,2026-05-06,91,am,005930,A009,buy,50,254000.0,filled
simulation_20260715_000826_158697_23249,2026-05-06,91,am,005930,A024,buy,1,254000.0,filled
simulation_20260715_000826_158697_23249,2026-05-06,91,am,005930,A025,buy,100,254000.0,filled
simulation_20260715_000826_158697_23249,2026-05-06,91,am,005930,A028,buy,46,254000.0,filled
simulation_20260715_000826_158697_23249,2026-05-06,91,am,005930,A029,buy,20,254000.0,filled
simulation_20260715_000826_158697_23249,2026-05-06,91,am,005930,A001,sell,38,254000.0,filled
simulation_20260715_000826_158697_23249,2026-05-06,91,am,005930,A002,sell,50,254000.0,filled
simulation_20260715_000826_158697_23249,2026-05-06,91,am,005930,A003,sell,10,254000.0,filled
simulation_20260715_000826_158697_23249,2026-05-06,91,am,005930,A004,sell,85,254000.0,filled
simulation_20260715_000826_158697_23249,2026-05-06,91,am,005930,A005,sell,17,254000.0,filled
simulation_20260715_000826_158697_23249,2026-05-06,91,am,005930,A006,sell,124,254000.0,filled
simulation_20260715_000826_158697_23249,2026-05-06,91,am,005930,A007,sell,120,254000.0,filled
simulation_20260715_000826_158697_23249,2026-05-06,91,am,005930,A010,sell,100,254000.0,filled
simulation_20260715_000826_158697_23249,2026-05-06,91,am,005930,A011,sell,250,254000.0,filled
simulation_20260715_000826_158697_23249,2026-05-06,91,am,005930,A012,sell,120,254000.0,filled
simulation_20260715_000826_158697_23249,2026-05-06,91,am,005930,A013,sell,100,254000.0,filled
simulation_20260715_000826_158697_23249,2026-05-06,91,am,005930,A014,sell,100,254000.0,filled
simulation_20260715_000826_158697_23249,2026-05-06,91,am,005930,A015,sell,50,254000.0,filled
simulation_20260715_000826_158697_23249,2026-05-06,91,am,005930,A016,sell,50,254000.0,filled
simulation_20260715_000826_158697_23249,2026-05-06,91,am,005930,A017,sell,50,254000.0,filled
simulation_20260715_000826_158697_23249,2026-05-06,91,am,005930,A018,sell,36,254000.0,filled
simulation_20260715_000826_158697_23249,2026-05-06,91,am,005930,A019,sell,50,254000.0,filled
simulation_20260715_000826_158697_23249,2026-05-06,91,am,005930,A020,sell,4,254000.0,filled
simulation_20260715_000826_158697_23249,2026-05-06,91,am,005930,A021,sell,10,254000.0,filled
simulation_20260715_000826_158697_23249,2026-05-06,91,am,005930,A022,sell,50,254000.0,filled
simulation_20260715_000826_158697_23249,2026-05-06,91,am,005930,A023,sell,25,254000.0,filled
simulation_20260715_000826_158697_23249,2026-05-06,91,am,005930,A026,sell,30,254000.0,filled
simulation_20260715_000826_158697_23249,2026-05-06,91,am,005930,A027,sell,50,254000.0,filled
simulation_20260715_000826_158697_23249,2026-05-06,91,am,005930,A030,sell,100,254000.0,filled
simulation_20260715_000826_158697_23249,2026-05-06,92,pm,005930,A003,buy,20,266000.0,filled
simulation_20260715_000826_158697_23249,2026-05-06,92,pm,005930,A005,buy,24,266000.0,filled
simulation_20260715_000826_158697_23249,2026-05-06,92,pm,005930,A007,buy,100,266000.0,filled
simulation_20260715_000826_158697_23249,2026-05-06,92,pm,005930,A009,buy,89,266000.0,filled
simulation_20260715_000826_158697_23249,2026-05-06,92,pm,005930,A010,buy,60,266000.0,filled
simulation_20260715_000826_158697_23249,2026-05-06,92,pm,005930,A013,buy,90,266000.0,filled
simulation_20260715_000826_158697_23249,2026-05-06,92,pm,005930,A018,buy,52,266000.0,filled
simulation_20260715_000826_158697_23249,2026-05-06,92,pm,005930,A019,buy,150,266000.0,filled
simulation_20260715_000826_158697_23249,2026-05-06,92,pm,005930,A021,buy,10,266000.0,filled
simulation_20260715_000826_158697_23249,2026-05-06,92,pm,005930,A022,buy,100,266000.0,filled
simulation_20260715_000826_158697_23249,2026-05-06,92,pm,005930,A027,buy,50,266000.0,filled
simulation_20260715_000826_158697_23249,2026-05-06,92,pm,005930,A028,buy,22,266000.0,filled
simulation_20260715_000826_158697_23249,2026-05-06,92,pm,005930,A029,buy,30,266000.0,filled
simulation_20260715_000826_158697_23249,2026-05-06,92,pm,005930,A001,sell,50,266000.0,filled
simulation_20260715_000826_158697_23249,2026-05-06,92,pm,005930,A002,sell,50,266000.0,filled
simulation_20260715_000826_158697_23249,2026-05-06,92,pm,005930,A004,sell,100,266000.0,filled
simulation_20260715_000826_158697_23249,2026-05-06,92,pm,005930,A006,sell,76,266000.0,filled
simulation_20260715_000826_158697_23249,2026-05-06,92,pm,005930,A008,sell,1,266000.0,filled
simulation_20260715_000826_158697_23249,2026-05-06,92,pm,005930,A011,sell,50,266000.0,filled
simulation_20260715_000826_158697_23249,2026-05-06,92,pm,005930,A012,sell,100,266000.0,filled
simulation_20260715_000826_158697_23249,2026-05-06,92,pm,005930,A014,sell,50,266000.0,filled
simulation_20260715_000826_158697_23249,2026-05-06,92,pm,005930,A015,sell,50,266000.0,filled
simulation_20260715_000826_158697_23249,2026-05-06,92,pm,005930,A016,sell,50,266000.0,filled
simulation_20260715_000826_158697_23249,2026-05-06,92,pm,005930,A017,sell,50,266000.0,filled
simulation_20260715_000826_158697_23249,2026-05-06,92,pm,005930,A020,sell,6,266000.0,filled
simulation_20260715_000826_158697_23249,2026-05-06,92,pm,005930,A023,sell,39,266000.0,filled
simulation_20260715_000826_158697_23249,2026-05-06,92,pm,005930,A024,sell,1,266000.0,filled
simulation_20260715_000826_158697_23249,2026-05-06,92,pm,005930,A025,sell,1,266000.0,filled
simulation_20260715_000826_158697_23249,2026-05-06,92,pm,005930,A026,sell,30,266000.0,filled
simulation_20260715_000826_158697_23249,2026-05-06,92,pm,005930,A030,sell,50,266000.0,filled
simulation_20260715_000826_158697_23249,2026-05-07,93,am,005930,A006,buy,100,272000.0,filled
simulation_20260715_000826_158697_23249,2026-05-07,93,am,005930,A009,buy,43,272000.0,filled
simulation_20260715_000826_158697_23249,2026-05-07,93,am,005930,A021,buy,10,272000.0,filled
simulation_20260715_000826_158697_23249,2026-05-07,93,am,005930,A028,buy,11,272000.0,filled
simulation_20260715_000826_158697_23249,2026-05-07,93,am,005930,A001,sell,10,272000.0,filled
simulation_20260715_000826_158697_23249,2026-05-07,93,am,005930,A002,sell,50,272000.0,filled
simulation_20260715_000826_158697_23249,2026-05-07,93,am,005930,A003,sell,10,272000.0,filled
simulation_20260715_000826_158697_23249,2026-05-07,93,am,005930,A004,sell,100,272000.0,filled
simulation_20260715_000826_158697_23249,2026-05-07,93,am,005930,A005,sell,12,272000.0,filled
simulation_20260715_000826_158697_23249,2026-05-07,93,am,005930,A007,sell,100,272000.0,filled
simulation_20260715_000826_158697_23249,2026-05-07,93,am,005930,A008,sell,1,272000.0,filled
simulation_20260715_000826_158697_23249,2026-05-07,93,am,005930,A010,sell,30,272000.0,filled
simulation_20260715_000826_158697_23249,2026-05-07,93,am,005930,A011,sell,50,272000.0,filled
simulation_20260715_000826_158697_23249,2026-05-07,93,am,005930,A012,sell,24,272000.0,filled
simulation_20260715_000826_158697_23249,2026-05-07,93,am,005930,A013,sell,200,272000.0,filled
simulation_20260715_000826_158697_23249,2026-05-07,93,am,005930,A014,sell,40,272000.0,filled
simulation_20260715_000826_158697_23249,2026-05-07,93,am,005930,A015,sell,50,272000.0,filled
simulation_20260715_000826_158697_23249,2026-05-07,93,am,005930,A016,sell,46,272000.0,filled
simulation_20260715_000826_158697_23249,2026-05-07,93,am,005930,A017,sell,50,272000.0,filled
simulation_20260715_000826_158697_23249,2026-05-07,93,am,005930,A018,sell,25,272000.0,filled
simulation_20260715_000826_158697_23249,2026-05-07,93,am,005930,A019,sell,50,272000.0,filled
simulation_20260715_000826_158697_23249,2026-05-07,93,am,005930,A020,sell,9,272000.0,filled
simulation_20260715_000826_158697_23249,2026-05-07,93,am,005930,A022,sell,50,272000.0,filled
simulation_20260715_000826_158697_23249,2026-05-07,93,am,005930,A023,sell,100,272000.0,filled
simulation_20260715_000826_158697_23249,2026-05-07,93,am,005930,A024,sell,1,272000.0,filled
simulation_20260715_000826_158697_23249,2026-05-07,93,am,005930,A025,sell,72,272000.0,filled
simulation_20260715_000826_158697_23249,2026-05-07,93,am,005930,A026,sell,71,272000.0,filled
simulation_20260715_000826_158697_23249,2026-05-07,93,am,005930,A027,sell,34,272000.0,filled
simulation_20260715_000826_158697_23249,2026-05-07,93,am,005930,A029,sell,15,272000.0,filled
simulation_20260715_000826_158697_23249,2026-05-07,93,am,005930,A030,sell,70,272000.0,filled
simulation_20260715_000826_158697_23249,2026-05-07,94,pm,005930,A003,buy,10,271500.0,filled
simulation_20260715_000826_158697_23249,2026-05-07,94,pm,005930,A006,buy,100,271500.0,filled
simulation_20260715_000826_158697_23249,2026-05-07,94,pm,005930,A007,buy,100,271500.0,filled
simulation_20260715_000826_158697_23249,2026-05-07,94,pm,005930,A008,buy,1,271500.0,filled
simulation_20260715_000826_158697_23249,2026-05-07,94,pm,005930,A011,buy,100,271500.0,filled
simulation_20260715_000826_158697_23249,2026-05-07,94,pm,005930,A012,buy,100,271500.0,filled
simulation_20260715_000826_158697_23249,2026-05-07,94,pm,005930,A014,buy,50,271500.0,filled
simulation_20260715_000826_158697_23249,2026-05-07,94,pm,005930,A015,buy,150,271500.0,filled
simulation_20260715_000826_158697_23249,2026-05-07,94,pm,005930,A016,buy,10,271500.0,filled
simulation_20260715_000826_158697_23249,2026-05-07,94,pm,005930,A018,buy,38,271500.0,filled
simulation_20260715_000826_158697_23249,2026-05-07,94,pm,005930,A021,buy,10,271500.0,filled
simulation_20260715_000826_158697_23249,2026-05-07,94,pm,005930,A028,buy,5,271500.0,filled
simulation_20260715_000826_158697_23249,2026-05-07,94,pm,005930,A030,buy,10,271500.0,filled
simulation_20260715_000826_158697_23249,2026-05-07,94,pm,005930,A001,sell,20,271500.0,filled
simulation_20260715_000826_158697_23249,2026-05-07,94,pm,005930,A002,sell,50,271500.0,filled
simulation_20260715_000826_158697_23249,2026-05-07,94,pm,005930,A004,sell,14,271500.0,filled
simulation_20260715_000826_158697_23249,2026-05-07,94,pm,005930,A005,sell,18,271500.0,filled
simulation_20260715_000826_158697_23249,2026-05-07,94,pm,005930,A009,sell,50,271500.0,filled
simulation_20260715_000826_158697_23249,2026-05-07,94,pm,005930,A010,sell,45,271500.0,filled
simulation_20260715_000826_158697_23249,2026-05-07,94,pm,005930,A013,sell,80,271500.0,filled
simulation_20260715_000826_158697_23249,2026-05-07,94,pm,005930,A017,sell,50,271500.0,filled
simulation_20260715_000826_158697_23249,2026-05-07,94,pm,005930,A019,sell,50,271500.0,filled
simulation_20260715_000826_158697_23249,2026-05-07,94,pm,005930,A020,sell,10,271500.0,filled
simulation_20260715_000826_158697_23249,2026-05-07,94,pm,005930,A022,sell,50,271500.0,filled
simulation_20260715_000826_158697_23249,2026-05-07,94,pm,005930,A023,sell,50,271500.0,filled
simulation_20260715_000826_158697_23249,2026-05-07,94,pm,005930,A024,sell,1,271500.0,filled
simulation_20260715_000826_158697_23249,2026-05-07,94,pm,005930,A025,sell,100,271500.0,filled
simulation_20260715_000826_158697_23249,2026-05-07,94,pm,005930,A026,sell,50,271500.0,filled
simulation_20260715_000826_158697_23249,2026-05-07,94,pm,005930,A027,sell,50,271500.0,filled
simulation_20260715_000826_158697_23249,2026-05-07,94,pm,005930,A029,sell,100,271500.0,filled
simulation_20260715_000826_158697_23249,2026-05-08,95,am,005930,A003,buy,1,260000.0,filled
simulation_20260715_000826_158697_23249,2026-05-08,95,am,005930,A004,buy,200,260000.0,filled
simulation_20260715_000826_158697_23249,2026-05-08,95,am,005930,A005,buy,28,260000.0,filled
simulation_20260715_000826_158697_23249,2026-05-08,95,am,005930,A006,buy,100,260000.0,filled
simulation_20260715_000826_158697_23249,2026-05-08,95,am,005930,A011,buy,120,260000.0,filled
simulation_20260715_000826_158697_23249,2026-05-08,95,am,005930,A012,buy,50,260000.0,filled
simulation_20260715_000826_158697_23249,2026-05-08,95,am,005930,A013,buy,100,260000.0,filled
simulation_20260715_000826_158697_23249,2026-05-08,95,am,005930,A016,buy,212,260000.0,filled
simulation_20260715_000826_158697_23249,2026-05-08,95,am,005930,A020,buy,19,260000.0,filled
simulation_20260715_000826_158697_23249,2026-05-08,95,am,005930,A021,buy,10,260000.0,filled
simulation_20260715_000826_158697_23249,2026-05-08,95,am,005930,A022,buy,100,260000.0,filled
simulation_20260715_000826_158697_23249,2026-05-08,95,am,005930,A023,buy,100,260000.0,filled
simulation_20260715_000826_158697_23249,2026-05-08,95,am,005930,A024,buy,2,260000.0,filled
simulation_20260715_000826_158697_23249,2026-05-08,95,am,005930,A025,buy,100,260000.0,filled
simulation_20260715_000826_158697_23249,2026-05-08,95,am,005930,A029,buy,75,260000.0,filled
simulation_20260715_000826_158697_23249,2026-05-08,95,am,005930,A030,buy,20,260000.0,filled
simulation_20260715_000826_158697_23249,2026-05-08,95,am,005930,A001,sell,50,260000.0,filled
simulation_20260715_000826_158697_23249,2026-05-08,95,am,005930,A002,sell,43,260000.0,filled
simulation_20260715_000826_158697_23249,2026-05-08,95,am,005930,A007,sell,100,260000.0,filled
simulation_20260715_000826_158697_23249,2026-05-08,95,am,005930,A008,sell,1,260000.0,filled
simulation_20260715_000826_158697_23249,2026-05-08,95,am,005930,A009,sell,50,260000.0,filled
simulation_20260715_000826_158697_23249,2026-05-08,95,am,005930,A010,sell,50,260000.0,filled
simulation_20260715_000826_158697_23249,2026-05-08,95,am,005930,A014,sell,50,260000.0,filled
simulation_20260715_000826_158697_23249,2026-05-08,95,am,005930,A015,sell,50,260000.0,filled
simulation_20260715_000826_158697_23249,2026-05-08,95,am,005930,A017,sell,50,260000.0,filled
simulation_20260715_000826_158697_23249,2026-05-08,95,am,005930,A018,sell,20,260000.0,filled
simulation_20260715_000826_158697_23249,2026-05-08,95,am,005930,A019,sell,1,260000.0,filled
simulation_20260715_000826_158697_23249,2026-05-08,95,am,005930,A026,sell,50,260000.0,filled
simulation_20260715_000826_158697_23249,2026-05-08,95,am,005930,A027,sell,50,260000.0,filled
simulation_20260715_000826_158697_23249,2026-05-08,95,am,005930,A028,sell,50,260000.0,filled
simulation_20260715_000826_158697_23249,2026-05-08,96,pm,005930,A001,buy,50,268500.0,filled
simulation_20260715_000826_158697_23249,2026-05-08,96,pm,005930,A002,buy,209,268500.0,filled
simulation_20260715_000826_158697_23249,2026-05-08,96,pm,005930,A003,buy,13,268500.0,filled
simulation_20260715_000826_158697_23249,2026-05-08,96,pm,005930,A006,buy,50,268500.0,filled
simulation_20260715_000826_158697_23249,2026-05-08,96,pm,005930,A007,buy,200,268500.0,filled
simulation_20260715_000826_158697_23249,2026-05-08,96,pm,005930,A009,buy,10,268500.0,filled
simulation_20260715_000826_158697_23249,2026-05-08,96,pm,005930,A010,buy,92,268500.0,filled
simulation_20260715_000826_158697_23249,2026-05-08,96,pm,005930,A011,buy,60,268500.0,filled
simulation_20260715_000826_158697_23249,2026-05-08,96,pm,005930,A012,buy,50,268500.0,filled
simulation_20260715_000826_158697_23249,2026-05-08,96,pm,005930,A013,buy,100,268500.0,filled
simulation_20260715_000826_158697_23249,2026-05-08,96,pm,005930,A014,buy,180,268500.0,filled
simulation_20260715_000826_158697_23249,2026-05-08,96,pm,005930,A017,buy,50,268500.0,filled
simulation_20260715_000826_158697_23249,2026-05-08,96,pm,005930,A018,buy,29,268500.0,filled
simulation_20260715_000826_158697_23249,2026-05-08,96,pm,005930,A019,buy,50,268500.0,filled
simulation_20260715_000826_158697_23249,2026-05-08,96,pm,005930,A023,buy,85,268500.0,filled
simulation_20260715_000826_158697_23249,2026-05-08,96,pm,005930,A026,buy,150,268500.0,filled
simulation_20260715_000826_158697_23249,2026-05-08,96,pm,005930,A027,buy,50,268500.0,filled
simulation_20260715_000826_158697_23249,2026-05-08,96,pm,005930,A028,buy,27,268500.0,filled
simulation_20260715_000826_158697_23249,2026-05-08,96,pm,005930,A029,buy,25,268500.0,filled
simulation_20260715_000826_158697_23249,2026-05-08,96,pm,005930,A030,buy,50,268500.0,filled
simulation_20260715_000826_158697_23249,2026-05-08,96,pm,005930,A004,sell,131,268500.0,filled
simulation_20260715_000826_158697_23249,2026-05-08,96,pm,005930,A005,sell,13,268500.0,filled
simulation_20260715_000826_158697_23249,2026-05-08,96,pm,005930,A008,sell,1,268500.0,filled
simulation_20260715_000826_158697_23249,2026-05-08,96,pm,005930,A015,sell,20,268500.0,filled
simulation_20260715_000826_158697_23249,2026-05-08,96,pm,005930,A016,sell,20,268500.0,filled
simulation_20260715_000826_158697_23249,2026-05-08,96,pm,005930,A020,sell,9,268500.0,filled
simulation_20260715_000826_158697_23249,2026-05-08,96,pm,005930,A021,sell,10,268500.0,filled
simulation_20260715_000826_158697_23249,2026-05-08,96,pm,005930,A022,sell,50,268500.0,filled
simulation_20260715_000826_158697_23249,2026-05-08,96,pm,005930,A024,sell,1,268500.0,filled
simulation_20260715_000826_158697_23249,2026-05-08,96,pm,005930,A025,sell,100,268500.0,filled
simulation_20260715_000826_158697_23249,2026-05-11,97,am,005930,A003,buy,6,284500.0,filled
simulation_20260715_000826_158697_23249,2026-05-11,97,am,005930,A007,buy,50,284500.0,filled
simulation_20260715_000826_158697_23249,2026-05-11,97,am,005930,A008,buy,2,284500.0,filled
simulation_20260715_000826_158697_23249,2026-05-11,97,am,005930,A026,buy,20,284500.0,filled
simulation_20260715_000826_158697_23249,2026-05-11,97,am,005930,A001,sell,50,284500.0,filled
simulation_20260715_000826_158697_23249,2026-05-11,97,am,005930,A002,sell,50,284500.0,filled
simulation_20260715_000826_158697_23249,2026-05-11,97,am,005930,A004,sell,69,284500.0,filled
simulation_20260715_000826_158697_23249,2026-05-11,97,am,005930,A005,sell,50,284500.0,filled
simulation_20260715_000826_158697_23249,2026-05-11,97,am,005930,A006,sell,150,284500.0,filled
simulation_20260715_000826_158697_23249,2026-05-11,97,am,005930,A009,sell,10,284500.0,filled
simulation_20260715_000826_158697_23249,2026-05-11,97,am,005930,A010,sell,44,284500.0,filled
simulation_20260715_000826_158697_23249,2026-05-11,97,am,005930,A011,sell,50,284500.0,filled
simulation_20260715_000826_158697_23249,2026-05-11,97,am,005930,A012,sell,100,284500.0,filled
simulation_20260715_000826_158697_23249,2026-05-11,97,am,005930,A013,sell,80,284500.0,filled
simulation_20260715_000826_158697_23249,2026-05-11,97,am,005930,A014,sell,50,284500.0,filled
simulation_20260715_000826_158697_23249,2026-05-11,97,am,005930,A015,sell,129,284500.0,filled
simulation_20260715_000826_158697_23249,2026-05-11,97,am,005930,A016,sell,100,284500.0,filled
simulation_20260715_000826_158697_23249,2026-05-11,97,am,005930,A017,sell,50,284500.0,filled
simulation_20260715_000826_158697_23249,2026-05-11,97,am,005930,A018,sell,13,284500.0,filled
simulation_20260715_000826_158697_23249,2026-05-11,97,am,005930,A019,sell,99,284500.0,filled
simulation_20260715_000826_158697_23249,2026-05-11,97,am,005930,A020,sell,10,284500.0,filled
simulation_20260715_000826_158697_23249,2026-05-11,97,am,005930,A021,sell,10,284500.0,filled
simulation_20260715_000826_158697_23249,2026-05-11,97,am,005930,A022,sell,50,284500.0,filled
simulation_20260715_000826_158697_23249,2026-05-11,97,am,005930,A023,sell,30,284500.0,filled
simulation_20260715_000826_158697_23249,2026-05-11,97,am,005930,A024,sell,1,284500.0,filled
simulation_20260715_000826_158697_23249,2026-05-11,97,am,005930,A025,sell,38,284500.0,filled
simulation_20260715_000826_158697_23249,2026-05-11,97,am,005930,A027,sell,50,284500.0,filled
simulation_20260715_000826_158697_23249,2026-05-11,97,am,005930,A028,sell,50,284500.0,filled
simulation_20260715_000826_158697_23249,2026-05-11,97,am,005930,A029,sell,100,284500.0,filled
simulation_20260715_000826_158697_23249,2026-05-11,97,am,005930,A030,sell,40,284500.0,filled
simulation_20260715_000826_158697_23249,2026-05-11,98,pm,005930,A004,buy,200,285500.0,filled
simulation_20260715_000826_158697_23249,2026-05-11,98,pm,005930,A008,buy,1,285500.0,filled
simulation_20260715_000826_158697_23249,2026-05-11,98,pm,005930,A009,buy,40,285500.0,filled
simulation_20260715_000826_158697_23249,2026-05-11,98,pm,005930,A011,buy,50,285500.0,filled
simulation_20260715_000826_158697_23249,2026-05-11,98,pm,005930,A015,buy,150,285500.0,filled
simulation_20260715_000826_158697_23249,2026-05-11,98,pm,005930,A018,buy,20,285500.0,filled
simulation_20260715_000826_158697_23249,2026-05-11,98,pm,005930,A019,buy,10,285500.0,filled
simulation_20260715_000826_158697_23249,2026-05-11,98,pm,005930,A021,buy,10,285500.0,filled
simulation_20260715_000826_158697_23249,2026-05-11,98,pm,005930,A024,buy,1,285500.0,filled
simulation_20260715_000826_158697_23249,2026-05-11,98,pm,005930,A028,buy,37,285500.0,filled
simulation_20260715_000826_158697_23249,2026-05-11,98,pm,005930,A001,sell,50,285500.0,filled
simulation_20260715_000826_158697_23249,2026-05-11,98,pm,005930,A002,sell,50,285500.0,filled
simulation_20260715_000826_158697_23249,2026-05-11,98,pm,005930,A003,sell,3,285500.0,filled
simulation_20260715_000826_158697_23249,2026-05-11,98,pm,005930,A005,sell,44,285500.0,filled
simulation_20260715_000826_158697_23249,2026-05-11,98,pm,005930,A006,sell,100,285500.0,filled
simulation_20260715_000826_158697_23249,2026-05-11,98,pm,005930,A007,sell,50,285500.0,filled
simulation_20260715_000826_158697_23249,2026-05-11,98,pm,005930,A010,sell,50,285500.0,filled
simulation_20260715_000826_158697_23249,2026-05-11,98,pm,005930,A012,sell,100,285500.0,filled
simulation_20260715_000826_158697_23249,2026-05-11,98,pm,005930,A013,sell,123,285500.0,filled
simulation_20260715_000826_158697_23249,2026-05-11,98,pm,005930,A014,sell,50,285500.0,filled
simulation_20260715_000826_158697_23249,2026-05-11,98,pm,005930,A016,sell,20,285500.0,filled
simulation_20260715_000826_158697_23249,2026-05-11,98,pm,005930,A017,sell,50,285500.0,filled
simulation_20260715_000826_158697_23249,2026-05-11,98,pm,005930,A020,sell,18,285500.0,filled
simulation_20260715_000826_158697_23249,2026-05-11,98,pm,005930,A022,sell,50,285500.0,filled
simulation_20260715_000826_158697_23249,2026-05-11,98,pm,005930,A023,sell,50,285500.0,filled
simulation_20260715_000826_158697_23249,2026-05-11,98,pm,005930,A025,sell,39,285500.0,filled
simulation_20260715_000826_158697_23249,2026-05-11,98,pm,005930,A026,sell,60,285500.0,filled
simulation_20260715_000826_158697_23249,2026-05-11,98,pm,005930,A027,sell,50,285500.0,filled
simulation_20260715_000826_158697_23249,2026-05-11,98,pm,005930,A029,sell,50,285500.0,filled
simulation_20260715_000826_158697_23249,2026-05-11,98,pm,005930,A030,sell,40,285500.0,filled
simulation_20260715_000826_158697_23249,2026-05-12,99,am,005930,A009,buy,40,290000.0,filled
simulation_20260715_000826_158697_23249,2026-05-12,99,am,005930,A012,buy,100,290000.0,filled
simulation_20260715_000826_158697_23249,2026-05-12,99,am,005930,A018,buy,10,290000.0,filled
simulation_20260715_000826_158697_23249,2026-05-12,99,am,005930,A021,buy,15,290000.0,filled
simulation_20260715_000826_158697_23249,2026-05-12,99,am,005930,A025,buy,100,290000.0,filled
simulation_20260715_000826_158697_23249,2026-05-12,99,am,005930,A028,buy,19,290000.0,filled
simulation_20260715_000826_158697_23249,2026-05-12,99,am,005930,A030,buy,10,290000.0,filled
simulation_20260715_000826_158697_23249,2026-05-12,99,am,005930,A001,sell,50,290000.0,filled
simulation_20260715_000826_158697_23249,2026-05-12,99,am,005930,A002,sell,109,290000.0,filled
simulation_20260715_000826_158697_23249,2026-05-12,99,am,005930,A003,sell,5,290000.0,filled
simulation_20260715_000826_158697_23249,2026-05-12,99,am,005930,A004,sell,200,290000.0,filled
simulation_20260715_000826_158697_23249,2026-05-12,99,am,005930,A005,sell,10,290000.0,filled
simulation_20260715_000826_158697_23249,2026-05-12,99,am,005930,A006,sell,100,290000.0,filled
simulation_20260715_000826_158697_23249,2026-05-12,99,am,005930,A007,sell,50,290000.0,filled
simulation_20260715_000826_158697_23249,2026-05-12,99,am,005930,A008,sell,427,290000.0,filled
simulation_20260715_000826_158697_23249,2026-05-12,99,am,005930,A010,sell,50,290000.0,filled
simulation_20260715_000826_158697_23249,2026-05-12,99,am,005930,A011,sell,28,290000.0,filled
simulation_20260715_000826_158697_23249,2026-05-12,99,am,005930,A013,sell,100,290000.0,filled
simulation_20260715_000826_158697_23249,2026-05-12,99,am,005930,A014,sell,80,290000.0,filled
simulation_20260715_000826_158697_23249,2026-05-12,99,am,005930,A015,sell,50,290000.0,filled
simulation_20260715_000826_158697_23249,2026-05-12,99,am,005930,A016,sell,50,290000.0,filled
simulation_20260715_000826_158697_23249,2026-05-12,99,am,005930,A017,sell,20,290000.0,filled
simulation_20260715_000826_158697_23249,2026-05-12,99,am,005930,A019,sell,10,290000.0,filled
simulation_20260715_000826_158697_23249,2026-05-12,99,am,005930,A020,sell,30,290000.0,filled
simulation_20260715_000826_158697_23249,2026-05-12,99,am,005930,A022,sell,50,290000.0,filled
simulation_20260715_000826_158697_23249,2026-05-12,99,am,005930,A023,sell,79,290000.0,filled
simulation_20260715_000826_158697_23249,2026-05-12,99,am,005930,A024,sell,1,290000.0,filled
simulation_20260715_000826_158697_23249,2026-05-12,99,am,005930,A026,sell,50,290000.0,filled
simulation_20260715_000826_158697_23249,2026-05-12,99,am,005930,A027,sell,50,290000.0,filled
simulation_20260715_000826_158697_23249,2026-05-12,99,am,005930,A029,sell,90,290000.0,filled
simulation_20260715_000826_158697_23249,2026-05-12,100,pm,005930,A001,buy,100,279000.0,filled
simulation_20260715_000826_158697_23249,2026-05-12,100,pm,005930,A002,buy,10,279000.0,filled
simulation_20260715_000826_158697_23249,2026-05-12,100,pm,005930,A004,buy,226,279000.0,filled
simulation_20260715_000826_158697_23249,2026-05-12,100,pm,005930,A005,buy,50,279000.0,filled
simulation_20260715_000826_158697_23249,2026-05-12,100,pm,005930,A006,buy,1,279000.0,filled
simulation_20260715_000826_158697_23249,2026-05-12,100,pm,005930,A008,buy,222,279000.0,filled
simulation_20260715_000826_158697_23249,2026-05-12,100,pm,005930,A010,buy,100,279000.0,filled
simulation_20260715_000826_158697_23249,2026-05-12,100,pm,005930,A011,buy,43,279000.0,filled
simulation_20260715_000826_158697_23249,2026-05-12,100,pm,005930,A012,buy,100,279000.0,filled
simulation_20260715_000826_158697_23249,2026-05-12,100,pm,005930,A013,buy,150,279000.0,filled
simulation_20260715_000826_158697_23249,2026-05-12,100,pm,005930,A014,buy,192,279000.0,filled
simulation_20260715_000826_158697_23249,2026-05-12,100,pm,005930,A015,buy,50,279000.0,filled
simulation_20260715_000826_158697_23249,2026-05-12,100,pm,005930,A016,buy,20,279000.0,filled
simulation_20260715_000826_158697_23249,2026-05-12,100,pm,005930,A017,buy,100,279000.0,filled
simulation_20260715_000826_158697_23249,2026-05-12,100,pm,005930,A018,buy,5,279000.0,filled
simulation_20260715_000826_158697_23249,2026-05-12,100,pm,005930,A019,buy,150,279000.0,filled
simulation_20260715_000826_158697_23249,2026-05-12,100,pm,005930,A024,buy,1,279000.0,filled
simulation_20260715_000826_158697_23249,2026-05-12,100,pm,005930,A025,buy,20,279000.0,filled
simulation_20260715_000826_158697_23249,2026-05-12,100,pm,005930,A026,buy,100,279000.0,filled
simulation_20260715_000826_158697_23249,2026-05-12,100,pm,005930,A027,buy,50,279000.0,filled
simulation_20260715_000826_158697_23249,2026-05-12,100,pm,005930,A028,buy,10,279000.0,filled
simulation_20260715_000826_158697_23249,2026-05-12,100,pm,005930,A029,buy,120,279000.0,filled
simulation_20260715_000826_158697_23249,2026-05-12,100,pm,005930,A030,buy,10,279000.0,filled
simulation_20260715_000826_158697_23249,2026-05-12,100,pm,005930,A003,sell,5,279000.0,filled
simulation_20260715_000826_158697_23249,2026-05-12,100,pm,005930,A007,sell,50,279000.0,filled
simulation_20260715_000826_158697_23249,2026-05-12,100,pm,005930,A009,sell,40,279000.0,filled
simulation_20260715_000826_158697_23249,2026-05-12,100,pm,005930,A020,sell,20,279000.0,filled
simulation_20260715_000826_158697_23249,2026-05-12,100,pm,005930,A021,sell,10,279000.0,filled
simulation_20260715_000826_158697_23249,2026-05-12,100,pm,005930,A022,sell,58,279000.0,filled
simulation_20260715_000826_158697_23249,2026-05-12,100,pm,005930,A023,sell,50,279000.0,filled
simulation_20260715_000826_158697_23249,2026-05-13,101,am,005930,A002,buy,10,264000.0,filled
simulation_20260715_000826_158697_23249,2026-05-13,101,am,005930,A004,buy,100,264000.0,filled
simulation_20260715_000826_158697_23249,2026-05-13,101,am,005930,A005,buy,50,264000.0,filled
simulation_20260715_000826_158697_23249,2026-05-13,101,am,005930,A006,buy,1,264000.0,filled
simulation_20260715_000826_158697_23249,2026-05-13,101,am,005930,A008,buy,100,264000.0,filled
simulation_20260715_000826_158697_23249,2026-05-13,101,am,005930,A010,buy,72,264000.0,filled
simulation_20260715_000826_158697_23249,2026-05-13,101,am,005930,A011,buy,23,264000.0,filled
simulation_20260715_000826_158697_23249,2026-05-13,101,am,005930,A013,buy,175,264000.0,filled
simulation_20260715_000826_158697_23249,2026-05-13,101,am,005930,A015,buy,50,264000.0,filled
simulation_20260715_000826_158697_23249,2026-05-13,101,am,005930,A016,buy,100,264000.0,filled
simulation_20260715_000826_158697_23249,2026-05-13,101,am,005930,A019,buy,100,264000.0,filled
simulation_20260715_000826_158697_23249,2026-05-13,101,am,005930,A022,buy,50,264000.0,filled
simulation_20260715_000826_158697_23249,2026-05-13,101,am,005930,A023,buy,100,264000.0,filled
simulation_20260715_000826_158697_23249,2026-05-13,101,am,005930,A024,buy,1,264000.0,filled
simulation_20260715_000826_158697_23249,2026-05-13,101,am,005930,A026,buy,80,264000.0,filled
simulation_20260715_000826_158697_23249,2026-05-13,101,am,005930,A028,buy,5,264000.0,filled
simulation_20260715_000826_158697_23249,2026-05-13,101,am,005930,A029,buy,50,264000.0,filled
simulation_20260715_000826_158697_23249,2026-05-13,101,am,005930,A030,buy,10,264000.0,filled
simulation_20260715_000826_158697_23249,2026-05-13,101,am,005930,A001,sell,50,264000.0,filled
simulation_20260715_000826_158697_23249,2026-05-13,101,am,005930,A003,sell,11,264000.0,filled
simulation_20260715_000826_158697_23249,2026-05-13,101,am,005930,A007,sell,100,264000.0,filled
simulation_20260715_000826_158697_23249,2026-05-13,101,am,005930,A009,sell,50,264000.0,filled
simulation_20260715_000826_158697_23249,2026-05-13,101,am,005930,A012,sell,200,264000.0,filled
simulation_20260715_000826_158697_23249,2026-05-13,101,am,005930,A014,sell,50,264000.0,filled
simulation_20260715_000826_158697_23249,2026-05-13,101,am,005930,A017,sell,60,264000.0,filled
simulation_20260715_000826_158697_23249,2026-05-13,101,am,005930,A018,sell,2,264000.0,filled
simulation_20260715_000826_158697_23249,2026-05-13,101,am,005930,A020,sell,50,264000.0,filled
simulation_20260715_000826_158697_23249,2026-05-13,101,am,005930,A021,sell,10,264000.0,filled
simulation_20260715_000826_158697_23249,2026-05-13,101,am,005930,A025,sell,50,264000.0,filled
simulation_20260715_000826_158697_23249,2026-05-13,101,am,005930,A027,sell,107,264000.0,filled
simulation_20260715_000826_158697_23249,2026-05-13,102,pm,005930,A003,buy,15,284000.0,filled
simulation_20260715_000826_158697_23249,2026-05-13,102,pm,005930,A007,buy,20,284000.0,filled
simulation_20260715_000826_158697_23249,2026-05-13,102,pm,005930,A008,buy,60,284000.0,filled
simulation_20260715_000826_158697_23249,2026-05-13,102,pm,005930,A009,buy,50,284000.0,filled
simulation_20260715_000826_158697_23249,2026-05-13,102,pm,005930,A011,buy,11,284000.0,filled
simulation_20260715_000826_158697_23249,2026-05-13,102,pm,005930,A012,buy,50,284000.0,filled
simulation_20260715_000826_158697_23249,2026-05-13,102,pm,005930,A015,buy,50,284000.0,filled
simulation_20260715_000826_158697_23249,2026-05-13,102,pm,005930,A016,buy,50,284000.0,filled
simulation_20260715_000826_158697_23249,2026-05-13,102,pm,005930,A018,buy,3,284000.0,filled
simulation_20260715_000826_158697_23249,2026-05-13,102,pm,005930,A025,buy,20,284000.0,filled
simulation_20260715_000826_158697_23249,2026-05-13,102,pm,005930,A027,buy,150,284000.0,filled
simulation_20260715_000826_158697_23249,2026-05-13,102,pm,005930,A028,buy,2,284000.0,filled
simulation_20260715_000826_158697_23249,2026-05-13,102,pm,005930,A001,sell,50,284000.0,filled
simulation_20260715_000826_158697_23249,2026-05-13,102,pm,005930,A002,sell,20,284000.0,filled
simulation_20260715_000826_158697_23249,2026-05-13,102,pm,005930,A004,sell,64,284000.0,filled
simulation_20260715_000826_158697_23249,2026-05-13,102,pm,005930,A005,sell,50,284000.0,filled
simulation_20260715_000826_158697_23249,2026-05-13,102,pm,005930,A006,sell,2,284000.0,filled
simulation_20260715_000826_158697_23249,2026-05-13,102,pm,005930,A010,sell,30,284000.0,filled
simulation_20260715_000826_158697_23249,2026-05-13,102,pm,005930,A013,sell,150,284000.0,filled
simulation_20260715_000826_158697_23249,2026-05-13,102,pm,005930,A014,sell,20,284000.0,filled
simulation_20260715_000826_158697_23249,2026-05-13,102,pm,005930,A017,sell,62,284000.0,filled
simulation_20260715_000826_158697_23249,2026-05-13,102,pm,005930,A019,sell,200,284000.0,filled
simulation_20260715_000826_158697_23249,2026-05-13,102,pm,005930,A020,sell,76,284000.0,filled
simulation_20260715_000826_158697_23249,2026-05-13,102,pm,005930,A021,sell,10,284000.0,filled
simulation_20260715_000826_158697_23249,2026-05-13,102,pm,005930,A022,sell,50,284000.0,filled
simulation_20260715_000826_158697_23249,2026-05-13,102,pm,005930,A023,sell,50,284000.0,filled
simulation_20260715_000826_158697_23249,2026-05-13,102,pm,005930,A024,sell,1,284000.0,filled
simulation_20260715_000826_158697_23249,2026-05-13,102,pm,005930,A026,sell,100,284000.0,filled
simulation_20260715_000826_158697_23249,2026-05-13,102,pm,005930,A029,sell,100,284000.0,filled
simulation_20260715_000826_158697_23249,2026-05-13,102,pm,005930,A030,sell,30,284000.0,filled
simulation_20260715_000826_158697_23249,2026-05-14,103,am,005930,A002,buy,50,282000.0,filled
simulation_20260715_000826_158697_23249,2026-05-14,103,am,005930,A003,buy,8,282000.0,filled
simulation_20260715_000826_158697_23249,2026-05-14,103,am,005930,A006,buy,150,282000.0,filled
simulation_20260715_000826_158697_23249,2026-05-14,103,am,005930,A008,buy,33,282000.0,filled
simulation_20260715_000826_158697_23249,2026-05-14,103,am,005930,A009,buy,10,282000.0,filled
simulation_20260715_000826_158697_23249,2026-05-14,103,am,005930,A012,buy,1,282000.0,filled
simulation_20260715_000826_158697_23249,2026-05-14,103,am,005930,A013,buy,100,282000.0,filled
simulation_20260715_000826_158697_23249,2026-05-14,103,am,005930,A017,buy,100,282000.0,filled
simulation_20260715_000826_158697_23249,2026-05-14,103,am,005930,A018,buy,2,282000.0,filled
simulation_20260715_000826_158697_23249,2026-05-14,103,am,005930,A022,buy,216,282000.0,filled
simulation_20260715_000826_158697_23249,2026-05-14,103,am,005930,A025,buy,80,282000.0,filled
simulation_20260715_000826_158697_23249,2026-05-14,103,am,005930,A028,buy,1,282000.0,filled
simulation_20260715_000826_158697_23249,2026-05-14,103,am,005930,A030,buy,100,282000.0,filled
simulation_20260715_000826_158697_23249,2026-05-14,103,am,005930,A001,sell,50,282000.0,filled
simulation_20260715_000826_158697_23249,2026-05-14,103,am,005930,A004,sell,60,282000.0,filled
simulation_20260715_000826_158697_23249,2026-05-14,103,am,005930,A005,sell,50,282000.0,filled
simulation_20260715_000826_158697_23249,2026-05-14,103,am,005930,A007,sell,20,282000.0,filled
simulation_20260715_000826_158697_23249,2026-05-14,103,am,005930,A010,sell,49,282000.0,filled
simulation_20260715_000826_158697_23249,2026-05-14,103,am,005930,A011,sell,5,282000.0,filled
simulation_20260715_000826_158697_23249,2026-05-14,103,am,005930,A014,sell,20,282000.0,filled
simulation_20260715_000826_158697_23249,2026-05-14,103,am,005930,A015,sell,50,282000.0,filled
simulation_20260715_000826_158697_23249,2026-05-14,103,am,005930,A016,sell,50,282000.0,filled
simulation_20260715_000826_158697_23249,2026-05-14,103,am,005930,A019,sell,50,282000.0,filled
simulation_20260715_000826_158697_23249,2026-05-14,103,am,005930,A020,sell,50,282000.0,filled
simulation_20260715_000826_158697_23249,2026-05-14,103,am,005930,A021,sell,10,282000.0,filled
simulation_20260715_000826_158697_23249,2026-05-14,103,am,005930,A023,sell,50,282000.0,filled
simulation_20260715_000826_158697_23249,2026-05-14,103,am,005930,A024,sell,1,282000.0,filled
simulation_20260715_000826_158697_23249,2026-05-14,103,am,005930,A026,sell,50,282000.0,filled
simulation_20260715_000826_158697_23249,2026-05-14,103,am,005930,A027,sell,50,282000.0,filled
simulation_20260715_000826_158697_23249,2026-05-14,103,am,005930,A029,sell,50,282000.0,filled
simulation_20260715_000826_158697_23249,2026-05-14,104,pm,005930,A002,buy,20,296000.0,filled
simulation_20260715_000826_158697_23249,2026-05-14,104,pm,005930,A007,buy,20,296000.0,filled
simulation_20260715_000826_158697_23249,2026-05-14,104,pm,005930,A008,buy,16,296000.0,filled
simulation_20260715_000826_158697_23249,2026-05-14,104,pm,005930,A009,buy,35,296000.0,filled
simulation_20260715_000826_158697_23249,2026-05-14,104,pm,005930,A018,buy,1,296000.0,filled
simulation_20260715_000826_158697_23249,2026-05-14,104,pm,005930,A019,buy,10,296000.0,filled
simulation_20260715_000826_158697_23249,2026-05-14,104,pm,005930,A020,buy,100,296000.0,filled
simulation_20260715_000826_158697_23249,2026-05-14,104,pm,005930,A024,buy,1,296000.0,filled
simulation_20260715_000826_158697_23249,2026-05-14,104,pm,005930,A027,buy,50,296000.0,filled
simulation_20260715_000826_158697_23249,2026-05-14,104,pm,005930,A028,buy,1,296000.0,filled
simulation_20260715_000826_158697_23249,2026-05-14,104,pm,005930,A029,buy,131,296000.0,filled
simulation_20260715_000826_158697_23249,2026-05-14,104,pm,005930,A001,sell,83,296000.0,filled
simulation_20260715_000826_158697_23249,2026-05-14,104,pm,005930,A003,sell,3,296000.0,filled
simulation_20260715_000826_158697_23249,2026-05-14,104,pm,005930,A004,sell,100,296000.0,filled
simulation_20260715_000826_158697_23249,2026-05-14,104,pm,005930,A005,sell,50,296000.0,filled
simulation_20260715_000826_158697_23249,2026-05-14,104,pm,005930,A006,sell,100,296000.0,filled
simulation_20260715_000826_158697_23249,2026-05-14,104,pm,005930,A010,sell,70,296000.0,filled
simulation_20260715_000826_158697_23249,2026-05-14,104,pm,005930,A011,sell,5,296000.0,filled
simulation_20260715_000826_158697_23249,2026-05-14,104,pm,005930,A012,sell,51,296000.0,filled
simulation_20260715_000826_158697_23249,2026-05-14,104,pm,005930,A013,sell,150,296000.0,filled
simulation_20260715_000826_158697_23249,2026-05-14,104,pm,005930,A014,sell,50,296000.0,filled
simulation_20260715_000826_158697_23249,2026-05-14,104,pm,005930,A015,sell,50,296000.0,filled
simulation_20260715_000826_158697_23249,2026-05-14,104,pm,005930,A016,sell,50,296000.0,filled
simulation_20260715_000826_158697_23249,2026-05-14,104,pm,005930,A017,sell,100,296000.0,filled
simulation_20260715_000826_158697_23249,2026-05-14,104,pm,005930,A021,sell,10,296000.0,filled
simulation_20260715_000826_158697_23249,2026-05-14,104,pm,005930,A022,sell,100,296000.0,filled
simulation_20260715_000826_158697_23249,2026-05-14,104,pm,005930,A023,sell,50,296000.0,filled
simulation_20260715_000826_158697_23249,2026-05-14,104,pm,005930,A025,sell,50,296000.0,filled
simulation_20260715_000826_158697_23249,2026-05-14,104,pm,005930,A026,sell,50,296000.0,filled
simulation_20260715_000826_158697_23249,2026-05-14,104,pm,005930,A030,sell,100,296000.0,filled
simulation_20260715_000826_158697_23249,2026-05-15,105,am,005930,A001,buy,50,291000.0,filled
simulation_20260715_000826_158697_23249,2026-05-15,105,am,005930,A002,buy,10,291000.0,filled
simulation_20260715_000826_158697_23249,2026-05-15,105,am,005930,A003,buy,5,291000.0,filled
simulation_20260715_000826_158697_23249,2026-05-15,105,am,005930,A010,buy,50,291000.0,filled
simulation_20260715_000826_158697_23249,2026-05-15,105,am,005930,A012,buy,150,291000.0,filled
simulation_20260715_000826_158697_23249,2026-05-15,105,am,005930,A013,buy,50,291000.0,filled
simulation_20260715_000826_158697_23249,2026-05-15,105,am,005930,A015,buy,50,291000.0,filled
simulation_20260715_000826_158697_23249,2026-05-15,105,am,005930,A017,buy,100,291000.0,filled
simulation_20260715_000826_158697_23249,2026-05-15,105,am,005930,A019,buy,100,291000.0,filled
simulation_20260715_000826_158697_23249,2026-05-15,105,am,005930,A023,buy,50,291000.0,filled
simulation_20260715_000826_158697_23249,2026-05-15,105,am,005930,A024,buy,1,291000.0,filled
simulation_20260715_000826_158697_23249,2026-05-15,105,am,005930,A026,buy,100,291000.0,filled
simulation_20260715_000826_158697_23249,2026-05-15,105,am,005930,A029,buy,50,291000.0,filled
simulation_20260715_000826_158697_23249,2026-05-15,105,am,005930,A030,buy,10,291000.0,filled
simulation_20260715_000826_158697_23249,2026-05-15,105,am,005930,A004,sell,102,291000.0,filled
simulation_20260715_000826_158697_23249,2026-05-15,105,am,005930,A005,sell,50,291000.0,filled
simulation_20260715_000826_158697_23249,2026-05-15,105,am,005930,A006,sell,50,291000.0,filled
simulation_20260715_000826_158697_23249,2026-05-15,105,am,005930,A007,sell,20,291000.0,filled
simulation_20260715_000826_158697_23249,2026-05-15,105,am,005930,A008,sell,8,291000.0,filled
simulation_20260715_000826_158697_23249,2026-05-15,105,am,005930,A009,sell,21,291000.0,filled
simulation_20260715_000826_158697_23249,2026-05-15,105,am,005930,A011,sell,10,291000.0,filled
simulation_20260715_000826_158697_23249,2026-05-15,105,am,005930,A014,sell,20,291000.0,filled
simulation_20260715_000826_158697_23249,2026-05-15,105,am,005930,A016,sell,20,291000.0,filled
simulation_20260715_000826_158697_23249,2026-05-15,105,am,005930,A018,sell,1,291000.0,filled
simulation_20260715_000826_158697_23249,2026-05-15,105,am,005930,A020,sell,50,291000.0,filled
simulation_20260715_000826_158697_23249,2026-05-15,105,am,005930,A021,sell,10,291000.0,filled
simulation_20260715_000826_158697_23249,2026-05-15,105,am,005930,A022,sell,50,291000.0,filled
simulation_20260715_000826_158697_23249,2026-05-15,105,am,005930,A025,sell,50,291000.0,filled
simulation_20260715_000826_158697_23249,2026-05-15,105,am,005930,A027,sell,50,291000.0,filled
simulation_20260715_000826_158697_23249,2026-05-15,105,am,005930,A028,sell,50,291000.0,filled
simulation_20260715_000826_158697_23249,2026-05-15,106,pm,005930,A001,buy,100,270500.0,filled
simulation_20260715_000826_158697_23249,2026-05-15,106,pm,005930,A003,buy,3,270500.0,filled
simulation_20260715_000826_158697_23249,2026-05-15,106,pm,005930,A004,buy,200,270500.0,filled
simulation_20260715_000826_158697_23249,2026-05-15,106,pm,005930,A005,buy,50,270500.0,filled
simulation_20260715_000826_158697_23249,2026-05-15,106,pm,005930,A006,buy,100,270500.0,filled
simulation_20260715_000826_158697_23249,2026-05-15,106,pm,005930,A007,buy,100,270500.0,filled
simulation_20260715_000826_158697_23249,2026-05-15,106,pm,005930,A010,buy,50,270500.0,filled
simulation_20260715_000826_158697_23249,2026-05-15,106,pm,005930,A011,buy,16,270500.0,filled
simulation_20260715_000826_158697_23249,2026-05-15,106,pm,005930,A012,buy,50,270500.0,filled
simulation_20260715_000826_158697_23249,2026-05-15,106,pm,005930,A013,buy,150,270500.0,filled
simulation_20260715_000826_158697_23249,2026-05-15,106,pm,005930,A019,buy,100,270500.0,filled
simulation_20260715_000826_158697_23249,2026-05-15,106,pm,005930,A020,buy,50,270500.0,filled
simulation_20260715_000826_158697_23249,2026-05-15,106,pm,005930,A022,buy,194,270500.0,filled
simulation_20260715_000826_158697_23249,2026-05-15,106,pm,005930,A025,buy,20,270500.0,filled
simulation_20260715_000826_158697_23249,2026-05-15,106,pm,005930,A026,buy,91,270500.0,filled
simulation_20260715_000826_158697_23249,2026-05-15,106,pm,005930,A029,buy,45,270500.0,filled
simulation_20260715_000826_158697_23249,2026-05-15,106,pm,005930,A002,sell,80,270500.0,filled
simulation_20260715_000826_158697_23249,2026-05-15,106,pm,005930,A008,sell,100,270500.0,filled
simulation_20260715_000826_158697_23249,2026-05-15,106,pm,005930,A009,sell,100,270500.0,filled
simulation_20260715_000826_158697_23249,2026-05-15,106,pm,005930,A014,sell,32,270500.0,filled
simulation_20260715_000826_158697_23249,2026-05-15,106,pm,005930,A015,sell,50,270500.0,filled
simulation_20260715_000826_158697_23249,2026-05-15,106,pm,005930,A016,sell,82,270500.0,filled
simulation_20260715_000826_158697_23249,2026-05-15,106,pm,005930,A017,sell,100,270500.0,filled
simulation_20260715_000826_158697_23249,2026-05-15,106,pm,005930,A018,sell,10,270500.0,filled
simulation_20260715_000826_158697_23249,2026-05-15,106,pm,005930,A021,sell,10,270500.0,filled
simulation_20260715_000826_158697_23249,2026-05-15,106,pm,005930,A023,sell,50,270500.0,filled
simulation_20260715_000826_158697_23249,2026-05-15,106,pm,005930,A024,sell,1,270500.0,filled
simulation_20260715_000826_158697_23249,2026-05-15,106,pm,005930,A027,sell,100,270500.0,filled
simulation_20260715_000826_158697_23249,2026-05-15,106,pm,005930,A028,sell,50,270500.0,filled
simulation_20260715_000826_158697_23249,2026-05-15,106,pm,005930,A030,sell,10,270500.0,filled
simulation_20260715_000826_158697_23249,2026-05-18,107,am,005930,A001,buy,100,269500.0,filled
simulation_20260715_000826_158697_23249,2026-05-18,107,am,005930,A002,buy,50,269500.0,filled
simulation_20260715_000826_158697_23249,2026-05-18,107,am,005930,A003,buy,1,269500.0,filled
simulation_20260715_000826_158697_23249,2026-05-18,107,am,005930,A004,buy,100,269500.0,filled
simulation_20260715_000826_158697_23249,2026-05-18,107,am,005930,A005,buy,80,269500.0,filled
simulation_20260715_000826_158697_23249,2026-05-18,107,am,005930,A006,buy,100,269500.0,filled
simulation_20260715_000826_158697_23249,2026-05-18,107,am,005930,A009,buy,20,269500.0,filled
simulation_20260715_000826_158697_23249,2026-05-18,107,am,005930,A010,buy,30,269500.0,filled
simulation_20260715_000826_158697_23249,2026-05-18,107,am,005930,A011,buy,8,269500.0,filled
simulation_20260715_000826_158697_23249,2026-05-18,107,am,005930,A012,buy,50,269500.0,filled
simulation_20260715_000826_158697_23249,2026-05-18,107,am,005930,A013,buy,93,269500.0,filled
simulation_20260715_000826_158697_23249,2026-05-18,107,am,005930,A014,buy,50,269500.0,filled
simulation_20260715_000826_158697_23249,2026-05-18,107,am,005930,A015,buy,100,269500.0,filled
simulation_20260715_000826_158697_23249,2026-05-18,107,am,005930,A016,buy,10,269500.0,filled
simulation_20260715_000826_158697_23249,2026-05-18,107,am,005930,A017,buy,200,269500.0,filled
simulation_20260715_000826_158697_23249,2026-05-18,107,am,005930,A019,buy,50,269500.0,filled
simulation_20260715_000826_158697_23249,2026-05-18,107,am,005930,A020,buy,93,269500.0,filled
simulation_20260715_000826_158697_23249,2026-05-18,107,am,005930,A022,buy,20,269500.0,filled
simulation_20260715_000826_158697_23249,2026-05-18,107,am,005930,A023,buy,50,269500.0,filled
simulation_20260715_000826_158697_23249,2026-05-18,107,am,005930,A025,buy,50,269500.0,filled
simulation_20260715_000826_158697_23249,2026-05-18,107,am,005930,A026,buy,40,269500.0,filled
simulation_20260715_000826_158697_23249,2026-05-18,107,am,005930,A027,buy,120,269500.0,filled
simulation_20260715_000826_158697_23249,2026-05-18,107,am,005930,A028,buy,30,269500.0,filled
simulation_20260715_000826_158697_23249,2026-05-18,107,am,005930,A029,buy,22,269500.0,filled
simulation_20260715_000826_158697_23249,2026-05-18,107,am,005930,A030,buy,10,269500.0,filled
simulation_20260715_000826_158697_23249,2026-05-18,107,am,005930,A007,sell,20,269500.0,filled
simulation_20260715_000826_158697_23249,2026-05-18,107,am,005930,A008,sell,63,269500.0,filled
simulation_20260715_000826_158697_23249,2026-05-18,107,am,005930,A018,sell,6,269500.0,filled
simulation_20260715_000826_158697_23249,2026-05-18,107,am,005930,A021,sell,10,269500.0,filled
simulation_20260715_000826_158697_23249,2026-05-18,107,am,005930,A024,sell,1,269500.0,filled
simulation_20260715_000826_158697_23249,2026-05-18,108,pm,005930,A008,buy,80,281000.0,filled
simulation_20260715_000826_158697_23249,2026-05-18,108,pm,005930,A009,buy,30,281000.0,filled
simulation_20260715_000826_158697_23249,2026-05-18,108,pm,005930,A012,buy,50,281000.0,filled
simulation_20260715_000826_158697_23249,2026-05-18,108,pm,005930,A014,buy,50,281000.0,filled
simulation_20260715_000826_158697_23249,2026-05-18,108,pm,005930,A015,buy,10,281000.0,filled
simulation_20260715_000826_158697_23249,2026-05-18,108,pm,005930,A017,buy,100,281000.0,filled
simulation_20260715_000826_158697_23249,2026-05-18,108,pm,005930,A018,buy,5,281000.0,filled
simulation_20260715_000826_158697_23249,2026-05-18,108,pm,005930,A019,buy,50,281000.0,filled
simulation_20260715_000826_158697_23249,2026-05-18,108,pm,005930,A021,buy,10,281000.0,filled
simulation_20260715_000826_158697_23249,2026-05-18,108,pm,005930,A026,buy,10,281000.0,filled
simulation_20260715_000826_158697_23249,2026-05-18,108,pm,005930,A027,buy,50,281000.0,filled
simulation_20260715_000826_158697_23249,2026-05-18,108,pm,005930,A028,buy,36,281000.0,filled
simulation_20260715_000826_158697_23249,2026-05-18,108,pm,005930,A001,sell,50,281000.0,filled
simulation_20260715_000826_158697_23249,2026-05-18,108,pm,005930,A002,sell,1,281000.0,filled
simulation_20260715_000826_158697_23249,2026-05-18,108,pm,005930,A003,sell,1,281000.0,filled
simulation_20260715_000826_158697_23249,2026-05-18,108,pm,005930,A004,sell,80,281000.0,filled
simulation_20260715_000826_158697_23249,2026-05-18,108,pm,005930,A005,sell,50,281000.0,filled
simulation_20260715_000826_158697_23249,2026-05-18,108,pm,005930,A006,sell,100,281000.0,filled
simulation_20260715_000826_158697_23249,2026-05-18,108,pm,005930,A007,sell,20,281000.0,filled
simulation_20260715_000826_158697_23249,2026-05-18,108,pm,005930,A010,sell,46,281000.0,filled
simulation_20260715_000826_158697_23249,2026-05-18,108,pm,005930,A011,sell,4,281000.0,filled
simulation_20260715_000826_158697_23249,2026-05-18,108,pm,005930,A013,sell,200,281000.0,filled
simulation_20260715_000826_158697_23249,2026-05-18,108,pm,005930,A016,sell,10,281000.0,filled
simulation_20260715_000826_158697_23249,2026-05-18,108,pm,005930,A020,sell,40,281000.0,filled
simulation_20260715_000826_158697_23249,2026-05-18,108,pm,005930,A022,sell,10,281000.0,filled
simulation_20260715_000826_158697_23249,2026-05-18,108,pm,005930,A023,sell,50,281000.0,filled
simulation_20260715_000826_158697_23249,2026-05-18,108,pm,005930,A024,sell,1,281000.0,filled
simulation_20260715_000826_158697_23249,2026-05-18,108,pm,005930,A025,sell,50,281000.0,filled
simulation_20260715_000826_158697_23249,2026-05-18,108,pm,005930,A029,sell,100,281000.0,filled
simulation_20260715_000826_158697_23249,2026-05-18,108,pm,005930,A030,sell,10,281000.0,filled
simulation_20260715_000826_158697_23249,2026-05-19,109,am,005930,A001,buy,50,274000.0,filled
simulation_20260715_000826_158697_23249,2026-05-19,109,am,005930,A002,buy,10,274000.0,filled
simulation_20260715_000826_158697_23249,2026-05-19,109,am,005930,A005,buy,50,274000.0,filled
simulation_20260715_000826_158697_23249,2026-05-19,109,am,005930,A011,buy,6,274000.0,filled
simulation_20260715_000826_158697_23249,2026-05-19,109,am,005930,A012,buy,50,274000.0,filled
simulation_20260715_000826_158697_23249,2026-05-19,109,am,005930,A013,buy,100,274000.0,filled
simulation_20260715_000826_158697_23249,2026-05-19,109,am,005930,A015,buy,50,274000.0,filled
simulation_20260715_000826_158697_23249,2026-05-19,109,am,005930,A016,buy,100,274000.0,filled
simulation_20260715_000826_158697_23249,2026-05-19,109,am,005930,A019,buy,40,274000.0,filled
simulation_20260715_000826_158697_23249,2026-05-19,109,am,005930,A020,buy,20,274000.0,filled
simulation_20260715_000826_158697_23249,2026-05-19,109,am,005930,A022,buy,10,274000.0,filled
simulation_20260715_000826_158697_23249,2026-05-19,109,am,005930,A023,buy,150,274000.0,filled
simulation_20260715_000826_158697_23249,2026-05-19,109,am,005930,A026,buy,10,274000.0,filled
simulation_20260715_000826_158697_23249,2026-05-19,109,am,005930,A029,buy,62,274000.0,filled
simulation_20260715_000826_158697_23249,2026-05-19,109,am,005930,A030,buy,50,274000.0,filled
simulation_20260715_000826_158697_23249,2026-05-19,109,am,005930,A003,sell,1,274000.0,filled
simulation_20260715_000826_158697_23249,2026-05-19,109,am,005930,A004,sell,100,274000.0,filled
simulation_20260715_000826_158697_23249,2026-05-19,109,am,005930,A006,sell,100,274000.0,filled
simulation_20260715_000826_158697_23249,2026-05-19,109,am,005930,A007,sell,60,274000.0,filled
simulation_20260715_000826_158697_23249,2026-05-19,109,am,005930,A008,sell,52,274000.0,filled
simulation_20260715_000826_158697_23249,2026-05-19,109,am,005930,A009,sell,200,274000.0,filled
simulation_20260715_000826_158697_23249,2026-05-19,109,am,005930,A010,sell,50,274000.0,filled
simulation_20260715_000826_158697_23249,2026-05-19,109,am,005930,A014,sell,100,274000.0,filled
simulation_20260715_000826_158697_23249,2026-05-19,109,am,005930,A017,sell,50,274000.0,filled
simulation_20260715_000826_158697_23249,2026-05-19,109,am,005930,A018,sell,5,274000.0,filled
simulation_20260715_000826_158697_23249,2026-05-19,109,am,005930,A021,sell,10,274000.0,filled
simulation_20260715_000826_158697_23249,2026-05-19,109,am,005930,A024,sell,1,274000.0,filled
simulation_20260715_000826_158697_23249,2026-05-19,109,am,005930,A025,sell,50,274000.0,filled
simulation_20260715_000826_158697_23249,2026-05-19,109,am,005930,A027,sell,50,274000.0,filled
simulation_20260715_000826_158697_23249,2026-05-19,109,am,005930,A028,sell,20,274000.0,filled
simulation_20260715_000826_158697_23249,2026-05-19,110,pm,005930,A001,buy,100,275500.0,filled
simulation_20260715_000826_158697_23249,2026-05-19,110,pm,005930,A006,buy,150,275500.0,filled
simulation_20260715_000826_158697_23249,2026-05-19,110,pm,005930,A007,buy,100,275500.0,filled
simulation_20260715_000826_158697_23249,2026-05-19,110,pm,005930,A008,buy,50,275500.0,filled
simulation_20260715_000826_158697_23249,2026-05-19,110,pm,005930,A009,buy,150,275500.0,filled
simulation_20260715_000826_158697_23249,2026-05-19,110,pm,005930,A011,buy,3,275500.0,filled
simulation_20260715_000826_158697_23249,2026-05-19,110,pm,005930,A012,buy,20,275500.0,filled
simulation_20260715_000826_158697_23249,2026-05-19,110,pm,005930,A014,buy,100,275500.0,filled
simulation_20260715_000826_158697_23249,2026-05-19,110,pm,005930,A015,buy,50,275500.0,filled
simulation_20260715_000826_158697_23249,2026-05-19,110,pm,005930,A016,buy,10,275500.0,filled
simulation_20260715_000826_158697_23249,2026-05-19,110,pm,005930,A018,buy,9,275500.0,filled
simulation_20260715_000826_158697_23249,2026-05-19,110,pm,005930,A019,buy,20,275500.0,filled
simulation_20260715_000826_158697_23249,2026-05-19,110,pm,005930,A020,buy,56,275500.0,filled
simulation_20260715_000826_158697_23249,2026-05-19,110,pm,005930,A022,buy,50,275500.0,filled
simulation_20260715_000826_158697_23249,2026-05-19,110,pm,005930,A023,buy,50,275500.0,filled
simulation_20260715_000826_158697_23249,2026-05-19,110,pm,005930,A028,buy,28,275500.0,filled
simulation_20260715_000826_158697_23249,2026-05-19,110,pm,005930,A029,buy,31,275500.0,filled
simulation_20260715_000826_158697_23249,2026-05-19,110,pm,005930,A002,sell,10,275500.0,filled
simulation_20260715_000826_158697_23249,2026-05-19,110,pm,005930,A003,sell,1,275500.0,filled
simulation_20260715_000826_158697_23249,2026-05-19,110,pm,005930,A004,sell,120,275500.0,filled
simulation_20260715_000826_158697_23249,2026-05-19,110,pm,005930,A005,sell,50,275500.0,filled
simulation_20260715_000826_158697_23249,2026-05-19,110,pm,005930,A010,sell,50,275500.0,filled
simulation_20260715_000826_158697_23249,2026-05-19,110,pm,005930,A013,sell,100,275500.0,filled
simulation_20260715_000826_158697_23249,2026-05-19,110,pm,005930,A017,sell,50,275500.0,filled
simulation_20260715_000826_158697_23249,2026-05-19,110,pm,005930,A021,sell,10,275500.0,filled
simulation_20260715_000826_158697_23249,2026-05-19,110,pm,005930,A024,sell,1,275500.0,filled
simulation_20260715_000826_158697_23249,2026-05-19,110,pm,005930,A025,sell,40,275500.0,filled
simulation_20260715_000826_158697_23249,2026-05-19,110,pm,005930,A026,sell,10,275500.0,filled
simulation_20260715_000826_158697_23249,2026-05-19,110,pm,005930,A027,sell,60,275500.0,filled
simulation_20260715_000826_158697_23249,2026-05-19,110,pm,005930,A030,sell,10,275500.0,filled
simulation_20260715_000826_158697_23249,2026-05-20,111,am,005930,A002,buy,50,278000.0,filled
simulation_20260715_000826_158697_23249,2026-05-20,111,am,005930,A004,buy,100,278000.0,filled
simulation_20260715_000826_158697_23249,2026-05-20,111,am,005930,A009,buy,40,278000.0,filled
simulation_20260715_000826_158697_23249,2026-05-20,111,am,005930,A011,buy,2,278000.0,filled
simulation_20260715_000826_158697_23249,2026-05-20,111,am,005930,A012,buy,20,278000.0,filled
simulation_20260715_000826_158697_23249,2026-05-20,111,am,005930,A015,buy,45,278000.0,filled
simulation_20260715_000826_158697_23249,2026-05-20,111,am,005930,A016,buy,100,278000.0,filled
simulation_20260715_000826_158697_23249,2026-05-20,111,am,005930,A019,buy,25,278000.0,filled
simulation_20260715_000826_158697_23249,2026-05-20,111,am,005930,A025,buy,50,278000.0,filled
simulation_20260715_000826_158697_23249,2026-05-20,111,am,005930,A001,sell,50,278000.0,filled
simulation_20260715_000826_158697_23249,2026-05-20,111,am,005930,A003,sell,2,278000.0,filled
simulation_20260715_000826_158697_23249,2026-05-20,111,am,005930,A005,sell,50,278000.0,filled
simulation_20260715_000826_158697_23249,2026-05-20,111,am,005930,A006,sell,149,278000.0,filled
simulation_20260715_000826_158697_23249,2026-05-20,111,am,005930,A007,sell,100,278000.0,filled
simulation_20260715_000826_158697_23249,2026-05-20,111,am,005930,A008,sell,50,278000.0,filled
simulation_20260715_000826_158697_23249,2026-05-20,111,am,005930,A010,sell,50,278000.0,filled
simulation_20260715_000826_158697_23249,2026-05-20,111,am,005930,A013,sell,100,278000.0,filled
simulation_20260715_000826_158697_23249,2026-05-20,111,am,005930,A014,sell,1,278000.0,filled
simulation_20260715_000826_158697_23249,2026-05-20,111,am,005930,A017,sell,50,278000.0,filled
simulation_20260715_000826_158697_23249,2026-05-20,111,am,005930,A018,sell,4,278000.0,filled
simulation_20260715_000826_158697_23249,2026-05-20,111,am,005930,A020,sell,28,278000.0,filled
simulation_20260715_000826_158697_23249,2026-05-20,111,am,005930,A021,sell,10,278000.0,filled
simulation_20260715_000826_158697_23249,2026-05-20,111,am,005930,A022,sell,10,278000.0,filled
simulation_20260715_000826_158697_23249,2026-05-20,111,am,005930,A023,sell,50,278000.0,filled
simulation_20260715_000826_158697_23249,2026-05-20,111,am,005930,A024,sell,1,278000.0,filled
simulation_20260715_000826_158697_23249,2026-05-20,111,am,005930,A026,sell,10,278000.0,filled
simulation_20260715_000826_158697_23249,2026-05-20,111,am,005930,A027,sell,60,278000.0,filled
simulation_20260715_000826_158697_23249,2026-05-20,111,am,005930,A028,sell,14,278000.0,filled
simulation_20260715_000826_158697_23249,2026-05-20,111,am,005930,A029,sell,16,278000.0,filled
simulation_20260715_000826_158697_23249,2026-05-20,111,am,005930,A030,sell,40,278000.0,filled
simulation_20260715_000826_158697_23249,2026-05-20,112,pm,005930,A004,buy,100,276000.0,filled
simulation_20260715_000826_158697_23249,2026-05-20,112,pm,005930,A007,buy,150,276000.0,filled
simulation_20260715_000826_158697_23249,2026-05-20,112,pm,005930,A009,buy,20,276000.0,filled
simulation_20260715_000826_158697_23249,2026-05-20,112,pm,005930,A011,buy,1,276000.0,filled
simulation_20260715_000826_158697_23249,2026-05-20,112,pm,005930,A018,buy,6,276000.0,filled
simulation_20260715_000826_158697_23249,2026-05-20,112,pm,005930,A019,buy,10,276000.0,filled
simulation_20260715_000826_158697_23249,2026-05-20,112,pm,005930,A026,buy,10,276000.0,filled
simulation_20260715_000826_158697_23249,2026-05-20,112,pm,005930,A027,buy,175,276000.0,filled
simulation_20260715_000826_158697_23249,2026-05-20,112,pm,005930,A028,buy,21,276000.0,filled
simulation_20260715_000826_158697_23249,2026-05-20,112,pm,005930,A029,buy,10,276000.0,filled
simulation_20260715_000826_158697_23249,2026-05-20,112,pm,005930,A030,buy,1,276000.0,filled
simulation_20260715_000826_158697_23249,2026-05-20,112,pm,005930,A001,sell,50,276000.0,filled
simulation_20260715_000826_158697_23249,2026-05-20,112,pm,005930,A002,sell,10,276000.0,filled
simulation_20260715_000826_158697_23249,2026-05-20,112,pm,005930,A003,sell,3,276000.0,filled
simulation_20260715_000826_158697_23249,2026-05-20,112,pm,005930,A005,sell,50,276000.0,filled
simulation_20260715_000826_158697_23249,2026-05-20,112,pm,005930,A006,sell,1,276000.0,filled
simulation_20260715_000826_158697_23249,2026-05-20,112,pm,005930,A008,sell,150,276000.0,filled
simulation_20260715_000826_158697_23249,2026-05-20,112,pm,005930,A010,sell,50,276000.0,filled
simulation_20260715_000826_158697_23249,2026-05-20,112,pm,005930,A012,sell,19,276000.0,filled
simulation_20260715_000826_158697_23249,2026-05-20,112,pm,005930,A013,sell,134,276000.0,filled
simulation_20260715_000826_158697_23249,2026-05-20,112,pm,005930,A014,sell,50,276000.0,filled
simulation_20260715_000826_158697_23249,2026-05-20,112,pm,005930,A015,sell,23,276000.0,filled
simulation_20260715_000826_158697_23249,2026-05-20,112,pm,005930,A016,sell,10,276000.0,filled
simulation_20260715_000826_158697_23249,2026-05-20,112,pm,005930,A017,sell,100,276000.0,filled
simulation_20260715_000826_158697_23249,2026-05-20,112,pm,005930,A020,sell,40,276000.0,filled
simulation_20260715_000826_158697_23249,2026-05-20,112,pm,005930,A021,sell,10,276000.0,filled
simulation_20260715_000826_158697_23249,2026-05-20,112,pm,005930,A022,sell,10,276000.0,filled
simulation_20260715_000826_158697_23249,2026-05-20,112,pm,005930,A023,sell,50,276000.0,filled
simulation_20260715_000826_158697_23249,2026-05-20,112,pm,005930,A024,sell,1,276000.0,filled
simulation_20260715_000826_158697_23249,2026-05-20,112,pm,005930,A025,sell,50,276000.0,filled
simulation_20260715_000826_158697_23249,2026-05-21,113,am,005930,A001,buy,100,291000.0,filled
simulation_20260715_000826_158697_23249,2026-05-21,113,am,005930,A005,buy,100,291000.0,filled
simulation_20260715_000826_158697_23249,2026-05-21,113,am,005930,A006,buy,150,291000.0,filled
simulation_20260715_000826_158697_23249,2026-05-21,113,am,005930,A008,buy,145,291000.0,filled
simulation_20260715_000826_158697_23249,2026-05-21,113,am,005930,A009,buy,40,291000.0,filled
simulation_20260715_000826_158697_23249,2026-05-21,113,am,005930,A013,buy,251,291000.0,filled
simulation_20260715_000826_158697_23249,2026-05-21,113,am,005930,A014,buy,100,291000.0,filled
simulation_20260715_000826_158697_23249,2026-05-21,113,am,005930,A017,buy,50,291000.0,filled
simulation_20260715_000826_158697_23249,2026-05-21,113,am,005930,A018,buy,3,291000.0,filled
simulation_20260715_000826_158697_23249,2026-05-21,113,am,005930,A020,buy,40,291000.0,filled
simulation_20260715_000826_158697_23249,2026-05-21,113,am,005930,A021,buy,10,291000.0,filled
simulation_20260715_000826_158697_23249,2026-05-21,113,am,005930,A022,buy,60,291000.0,filled
simulation_20260715_000826_158697_23249,2026-05-21,113,am,005930,A024,buy,2,291000.0,filled
simulation_20260715_000826_158697_23249,2026-05-21,113,am,005930,A025,buy,150,291000.0,filled
simulation_20260715_000826_158697_23249,2026-05-21,113,am,005930,A027,buy,40,291000.0,filled
simulation_20260715_000826_158697_23249,2026-05-21,113,am,005930,A028,buy,10,291000.0,filled
simulation_20260715_000826_158697_23249,2026-05-21,113,am,005930,A030,buy,20,291000.0,filled
simulation_20260715_000826_158697_23249,2026-05-21,113,am,005930,A002,sell,10,291000.0,filled
simulation_20260715_000826_158697_23249,2026-05-21,113,am,005930,A003,sell,1,291000.0,filled
simulation_20260715_000826_158697_23249,2026-05-21,113,am,005930,A004,sell,133,291000.0,filled
simulation_20260715_000826_158697_23249,2026-05-21,113,am,005930,A007,sell,50,291000.0,filled
simulation_20260715_000826_158697_23249,2026-05-21,113,am,005930,A010,sell,50,291000.0,filled
simulation_20260715_000826_158697_23249,2026-05-21,113,am,005930,A011,sell,100,291000.0,filled
simulation_20260715_000826_158697_23249,2026-05-21,113,am,005930,A012,sell,50,291000.0,filled
simulation_20260715_000826_158697_23249,2026-05-21,113,am,005930,A015,sell,32,291000.0,filled
simulation_20260715_000826_158697_23249,2026-05-21,113,am,005930,A016,sell,50,291000.0,filled
simulation_20260715_000826_158697_23249,2026-05-21,113,am,005930,A019,sell,405,291000.0,filled
simulation_20260715_000826_158697_23249,2026-05-21,113,am,005930,A023,sell,50,291000.0,filled
simulation_20260715_000826_158697_23249,2026-05-21,113,am,005930,A026,sell,10,291000.0,filled
simulation_20260715_000826_158697_23249,2026-05-21,113,am,005930,A029,sell,18,291000.0,filled
simulation_20260715_000826_158697_23249,2026-05-21,114,pm,005930,A003,buy,1,299500.0,filled
simulation_20260715_000826_158697_23249,2026-05-21,114,pm,005930,A004,buy,100,299500.0,filled
simulation_20260715_000826_158697_23249,2026-05-21,114,pm,005930,A008,buy,70,299500.0,filled
simulation_20260715_000826_158697_23249,2026-05-21,114,pm,005930,A009,buy,28,299500.0,filled
simulation_20260715_000826_158697_23249,2026-05-21,114,pm,005930,A011,buy,40,299500.0,filled
simulation_20260715_000826_158697_23249,2026-05-21,114,pm,005930,A013,buy,100,299500.0,filled
simulation_20260715_000826_158697_23249,2026-05-21,114,pm,005930,A014,buy,50,299500.0,filled
simulation_20260715_000826_158697_23249,2026-05-21,114,pm,005930,A019,buy,50,299500.0,filled
simulation_20260715_000826_158697_23249,2026-05-21,114,pm,005930,A021,buy,20,299500.0,filled
simulation_20260715_000826_158697_23249,2026-05-21,114,pm,005930,A024,buy,3,299500.0,filled
simulation_20260715_000826_158697_23249,2026-05-21,114,pm,005930,A027,buy,62,299500.0,filled
simulation_20260715_000826_158697_23249,2026-05-21,114,pm,005930,A029,buy,26,299500.0,filled
simulation_20260715_000826_158697_23249,2026-05-21,114,pm,005930,A001,sell,50,299500.0,filled
simulation_20260715_000826_158697_23249,2026-05-21,114,pm,005930,A002,sell,10,299500.0,filled
simulation_20260715_000826_158697_23249,2026-05-21,114,pm,005930,A005,sell,50,299500.0,filled
simulation_20260715_000826_158697_23249,2026-05-21,114,pm,005930,A006,sell,1,299500.0,filled
simulation_20260715_000826_158697_23249,2026-05-21,114,pm,005930,A007,sell,100,299500.0,filled
simulation_20260715_000826_158697_23249,2026-05-21,114,pm,005930,A010,sell,50,299500.0,filled
simulation_20260715_000826_158697_23249,2026-05-21,114,pm,005930,A012,sell,30,299500.0,filled
simulation_20260715_000826_158697_23249,2026-05-21,114,pm,005930,A015,sell,47,299500.0,filled
simulation_20260715_000826_158697_23249,2026-05-21,114,pm,005930,A016,sell,50,299500.0,filled
simulation_20260715_000826_158697_23249,2026-05-21,114,pm,005930,A017,sell,100,299500.0,filled
simulation_20260715_000826_158697_23249,2026-05-21,114,pm,005930,A018,sell,100,299500.0,filled
simulation_20260715_000826_158697_23249,2026-05-21,114,pm,005930,A020,sell,40,299500.0,filled
simulation_20260715_000826_158697_23249,2026-05-21,114,pm,005930,A022,sell,20,299500.0,filled
simulation_20260715_000826_158697_23249,2026-05-21,114,pm,005930,A023,sell,100,299500.0,filled
simulation_20260715_000826_158697_23249,2026-05-21,114,pm,005930,A025,sell,100,299500.0,filled
simulation_20260715_000826_158697_23249,2026-05-21,114,pm,005930,A026,sell,10,299500.0,filled
simulation_20260715_000826_158697_23249,2026-05-21,114,pm,005930,A028,sell,5,299500.0,filled
simulation_20260715_000826_158697_23249,2026-05-21,114,pm,005930,A030,sell,10,299500.0,filled
simulation_20260715_000826_158697_23249,2026-05-22,115,am,005930,A007,buy,100,300000.0,filled
simulation_20260715_000826_158697_23249,2026-05-22,115,am,005930,A008,buy,20,300000.0,filled
simulation_20260715_000826_158697_23249,2026-05-22,115,am,005930,A009,buy,10,300000.0,filled
simulation_20260715_000826_158697_23249,2026-05-22,115,am,005930,A011,buy,20,300000.0,filled
simulation_20260715_000826_158697_23249,2026-05-22,115,am,005930,A013,buy,70,300000.0,filled
simulation_20260715_000826_158697_23249,2026-05-22,115,am,005930,A017,buy,100,300000.0,filled
simulation_20260715_000826_158697_23249,2026-05-22,115,am,005930,A024,buy,1,300000.0,filled
simulation_20260715_000826_158697_23249,2026-05-22,115,am,005930,A029,buy,10,300000.0,filled
simulation_20260715_000826_158697_23249,2026-05-22,115,am,005930,A001,sell,50,300000.0,filled
simulation_20260715_000826_158697_23249,2026-05-22,115,am,005930,A002,sell,10,300000.0,filled
simulation_20260715_000826_158697_23249,2026-05-22,115,am,005930,A003,sell,1,300000.0,filled
simulation_20260715_000826_158697_23249,2026-05-22,115,am,005930,A004,sell,100,300000.0,filled
simulation_20260715_000826_158697_23249,2026-05-22,115,am,005930,A005,sell,50,300000.0,filled
simulation_20260715_000826_158697_23249,2026-05-22,115,am,005930,A006,sell,136,300000.0,filled
simulation_20260715_000826_158697_23249,2026-05-22,115,am,005930,A010,sell,20,300000.0,filled
simulation_20260715_000826_158697_23249,2026-05-22,115,am,005930,A012,sell,50,300000.0,filled
simulation_20260715_000826_158697_23249,2026-05-22,115,am,005930,A014,sell,50,300000.0,filled
simulation_20260715_000826_158697_23249,2026-05-22,115,am,005930,A015,sell,50,300000.0,filled
simulation_20260715_000826_158697_23249,2026-05-22,115,am,005930,A016,sell,100,300000.0,filled
simulation_20260715_000826_158697_23249,2026-05-22,115,am,005930,A018,sell,51,300000.0,filled
simulation_20260715_000826_158697_23249,2026-05-22,115,am,005930,A019,sell,50,300000.0,filled
simulation_20260715_000826_158697_23249,2026-05-22,115,am,005930,A020,sell,30,300000.0,filled
simulation_20260715_000826_158697_23249,2026-05-22,115,am,005930,A021,sell,10,300000.0,filled
simulation_20260715_000826_158697_23249,2026-05-22,115,am,005930,A022,sell,100,300000.0,filled
simulation_20260715_000826_158697_23249,2026-05-22,115,am,005930,A023,sell,10,300000.0,filled
simulation_20260715_000826_158697_23249,2026-05-22,115,am,005930,A025,sell,50,300000.0,filled
simulation_20260715_000826_158697_23249,2026-05-22,115,am,005930,A026,sell,10,300000.0,filled
simulation_20260715_000826_158697_23249,2026-05-22,115,am,005930,A027,sell,50,300000.0,filled
simulation_20260715_000826_158697_23249,2026-05-22,115,am,005930,A028,sell,5,300000.0,filled
simulation_20260715_000826_158697_23249,2026-05-22,115,am,005930,A030,sell,11,300000.0,filled
simulation_20260715_000826_158697_23249,2026-05-22,116,pm,005930,A002,buy,50,292500.0,filled
simulation_20260715_000826_158697_23249,2026-05-22,116,pm,005930,A003,buy,5,292500.0,filled
simulation_20260715_000826_158697_23249,2026-05-22,116,pm,005930,A005,buy,100,292500.0,filled
simulation_20260715_000826_158697_23249,2026-05-22,116,pm,005930,A007,buy,50,292500.0,filled
simulation_20260715_000826_158697_23249,2026-05-22,116,pm,005930,A008,buy,26,292500.0,filled
simulation_20260715_000826_158697_23249,2026-05-22,116,pm,005930,A010,buy,200,292500.0,filled
simulation_20260715_000826_158697_23249,2026-05-22,116,pm,005930,A011,buy,19,292500.0,filled
simulation_20260715_000826_158697_23249,2026-05-22,116,pm,005930,A012,buy,50,292500.0,filled
simulation_20260715_000826_158697_23249,2026-05-22,116,pm,005930,A013,buy,38,292500.0,filled
simulation_20260715_000826_158697_23249,2026-05-22,116,pm,005930,A014,buy,100,292500.0,filled
simulation_20260715_000826_158697_23249,2026-05-22,116,pm,005930,A015,buy,30,292500.0,filled
simulation_20260715_000826_158697_23249,2026-05-22,116,pm,005930,A016,buy,100,292500.0,filled
simulation_20260715_000826_158697_23249,2026-05-22,116,pm,005930,A017,buy,100,292500.0,filled
simulation_20260715_000826_158697_23249,2026-05-22,116,pm,005930,A018,buy,70,292500.0,filled
simulation_20260715_000826_158697_23249,2026-05-22,116,pm,005930,A019,buy,150,292500.0,filled
simulation_20260715_000826_158697_23249,2026-05-22,116,pm,005930,A021,buy,30,292500.0,filled
simulation_20260715_000826_158697_23249,2026-05-22,116,pm,005930,A023,buy,50,292500.0,filled
simulation_20260715_000826_158697_23249,2026-05-22,116,pm,005930,A024,buy,1,292500.0,filled
simulation_20260715_000826_158697_23249,2026-05-22,116,pm,005930,A025,buy,100,292500.0,filled
simulation_20260715_000826_158697_23249,2026-05-22,116,pm,005930,A026,buy,34,292500.0,filled
simulation_20260715_000826_158697_23249,2026-05-22,116,pm,005930,A028,buy,10,292500.0,filled
simulation_20260715_000826_158697_23249,2026-05-22,116,pm,005930,A029,buy,8,292500.0,filled
simulation_20260715_000826_158697_23249,2026-05-22,116,pm,005930,A030,buy,150,292500.0,filled
simulation_20260715_000826_158697_23249,2026-05-22,116,pm,005930,A001,sell,50,292500.0,filled
simulation_20260715_000826_158697_23249,2026-05-22,116,pm,005930,A004,sell,67,292500.0,filled
simulation_20260715_000826_158697_23249,2026-05-22,116,pm,005930,A006,sell,13,292500.0,filled
simulation_20260715_000826_158697_23249,2026-05-22,116,pm,005930,A009,sell,10,292500.0,filled
simulation_20260715_000826_158697_23249,2026-05-22,116,pm,005930,A020,sell,50,292500.0,filled
simulation_20260715_000826_158697_23249,2026-05-22,116,pm,005930,A022,sell,98,292500.0,filled
simulation_20260715_000826_158697_23249,2026-05-22,116,pm,005930,A027,sell,50,292500.0,filled
simulation_20260715_000826_158697_23249,2026-05-26,117,am,005930,A004,buy,1,298000.0,filled
simulation_20260715_000826_158697_23249,2026-05-26,117,am,005930,A006,buy,100,298000.0,filled
simulation_20260715_000826_158697_23249,2026-05-26,117,am,005930,A008,buy,12,298000.0,filled
simulation_20260715_000826_158697_23249,2026-05-26,117,am,005930,A009,buy,14,298000.0,filled
simulation_20260715_000826_158697_23249,2026-05-26,117,am,005930,A010,buy,100,298000.0,filled
simulation_20260715_000826_158697_23249,2026-05-26,117,am,005930,A011,buy,10,298000.0,filled
simulation_20260715_000826_158697_23249,2026-05-26,117,am,005930,A016,buy,10,298000.0,filled
simulation_20260715_000826_158697_23249,2026-05-26,117,am,005930,A026,buy,10,298000.0,filled
simulation_20260715_000826_158697_23249,2026-05-26,117,am,005930,A001,sell,100,298000.0,filled
simulation_20260715_000826_158697_23249,2026-05-26,117,am,005930,A002,sell,10,298000.0,filled
simulation_20260715_000826_158697_23249,2026-05-26,117,am,005930,A003,sell,1,298000.0,filled
simulation_20260715_000826_158697_23249,2026-05-26,117,am,005930,A005,sell,100,298000.0,filled
simulation_20260715_000826_158697_23249,2026-05-26,117,am,005930,A007,sell,50,298000.0,filled
simulation_20260715_000826_158697_23249,2026-05-26,117,am,005930,A012,sell,50,298000.0,filled
simulation_20260715_000826_158697_23249,2026-05-26,117,am,005930,A013,sell,19,298000.0,filled
simulation_20260715_000826_158697_23249,2026-05-26,117,am,005930,A014,sell,50,298000.0,filled
simulation_20260715_000826_158697_23249,2026-05-26,117,am,005930,A015,sell,50,298000.0,filled
simulation_20260715_000826_158697_23249,2026-05-26,117,am,005930,A017,sell,50,298000.0,filled
simulation_20260715_000826_158697_23249,2026-05-26,117,am,005930,A018,sell,100,298000.0,filled
simulation_20260715_000826_158697_23249,2026-05-26,117,am,005930,A019,sell,139,298000.0,filled
simulation_20260715_000826_158697_23249,2026-05-26,117,am,005930,A020,sell,50,298000.0,filled
simulation_20260715_000826_158697_23249,2026-05-26,117,am,005930,A021,sell,10,298000.0,filled
simulation_20260715_000826_158697_23249,2026-05-26,117,am,005930,A022,sell,50,298000.0,filled
simulation_20260715_000826_158697_23249,2026-05-26,117,am,005930,A023,sell,20,298000.0,filled
simulation_20260715_000826_158697_23249,2026-05-26,117,am,005930,A024,sell,1,298000.0,filled
simulation_20260715_000826_158697_23249,2026-05-26,117,am,005930,A025,sell,100,298000.0,filled
simulation_20260715_000826_158697_23249,2026-05-26,117,am,005930,A027,sell,50,298000.0,filled
simulation_20260715_000826_158697_23249,2026-05-26,117,am,005930,A028,sell,1,298000.0,filled
simulation_20260715_000826_158697_23249,2026-05-26,117,am,005930,A029,sell,4,298000.0,filled
simulation_20260715_000826_158697_23249,2026-05-26,117,am,005930,A030,sell,10,298000.0,filled
simulation_20260715_000826_158697_23249,2026-05-26,118,pm,005930,A001,buy,100,299000.0,filled
simulation_20260715_000826_158697_23249,2026-05-26,118,pm,005930,A004,buy,100,299000.0,filled
simulation_20260715_000826_158697_23249,2026-05-26,118,pm,005930,A005,buy,80,299000.0,filled
simulation_20260715_000826_158697_23249,2026-05-26,118,pm,005930,A006,buy,100,299000.0,filled
simulation_20260715_000826_158697_23249,2026-05-26,118,pm,005930,A008,buy,6,299000.0,filled
simulation_20260715_000826_158697_23249,2026-05-26,118,pm,005930,A010,buy,69,299000.0,filled
simulation_20260715_000826_158697_23249,2026-05-26,118,pm,005930,A011,buy,5,299000.0,filled
simulation_20260715_000826_158697_23249,2026-05-26,118,pm,005930,A012,buy,50,299000.0,filled
simulation_20260715_000826_158697_23249,2026-05-26,118,pm,005930,A013,buy,28,299000.0,filled
simulation_20260715_000826_158697_23249,2026-05-26,118,pm,005930,A016,buy,50,299000.0,filled
simulation_20260715_000826_158697_23249,2026-05-26,118,pm,005930,A019,buy,100,299000.0,filled
simulation_20260715_000826_158697_23249,2026-05-26,118,pm,005930,A020,buy,100,299000.0,filled
simulation_20260715_000826_158697_23249,2026-05-26,118,pm,005930,A021,buy,20,299000.0,filled
simulation_20260715_000826_158697_23249,2026-05-26,118,pm,005930,A022,buy,50,299000.0,filled
simulation_20260715_000826_158697_23249,2026-05-26,118,pm,005930,A023,buy,100,299000.0,filled
simulation_20260715_000826_158697_23249,2026-05-26,118,pm,005930,A024,buy,1,299000.0,filled
simulation_20260715_000826_158697_23249,2026-05-26,118,pm,005930,A025,buy,100,299000.0,filled
simulation_20260715_000826_158697_23249,2026-05-26,118,pm,005930,A026,buy,10,299000.0,filled
simulation_20260715_000826_158697_23249,2026-05-26,118,pm,005930,A027,buy,105,299000.0,filled
simulation_20260715_000826_158697_23249,2026-05-26,118,pm,005930,A028,buy,5,299000.0,filled
simulation_20260715_000826_158697_23249,2026-05-26,118,pm,005930,A030,buy,50,299000.0,filled
simulation_20260715_000826_158697_23249,2026-05-26,118,pm,005930,A002,sell,10,299000.0,filled
simulation_20260715_000826_158697_23249,2026-05-26,118,pm,005930,A003,sell,1,299000.0,filled
simulation_20260715_000826_158697_23249,2026-05-26,118,pm,005930,A007,sell,50,299000.0,filled
simulation_20260715_000826_158697_23249,2026-05-26,118,pm,005930,A009,sell,7,299000.0,filled
simulation_20260715_000826_158697_23249,2026-05-26,118,pm,005930,A014,sell,50,299000.0,filled
simulation_20260715_000826_158697_23249,2026-05-26,118,pm,005930,A015,sell,30,299000.0,filled
simulation_20260715_000826_158697_23249,2026-05-26,118,pm,005930,A017,sell,50,299000.0,filled
simulation_20260715_000826_158697_23249,2026-05-26,118,pm,005930,A018,sell,50,299000.0,filled
simulation_20260715_000826_158697_23249,2026-05-26,118,pm,005930,A029,sell,6,299000.0,filled
simulation_20260715_000826_158697_23249,2026-05-27,119,am,005930,A009,buy,10,321500.0,filled
simulation_20260715_000826_158697_23249,2026-05-27,119,am,005930,A011,buy,2,321500.0,filled
simulation_20260715_000826_158697_23249,2026-05-27,119,am,005930,A012,buy,50,321500.0,filled
simulation_20260715_000826_158697_23249,2026-05-27,119,am,005930,A014,buy,50,321500.0,filled
simulation_20260715_000826_158697_23249,2026-05-27,119,am,005930,A018,buy,50,321500.0,filled
simulation_20260715_000826_158697_23249,2026-05-27,119,am,005930,A027,buy,20,321500.0,filled
simulation_20260715_000826_158697_23249,2026-05-27,119,am,005930,A001,sell,50,321500.0,filled
simulation_20260715_000826_158697_23249,2026-05-27,119,am,005930,A002,sell,20,321500.0,filled
simulation_20260715_000826_158697_23249,2026-05-27,119,am,005930,A003,sell,2,321500.0,filled
simulation_20260715_000826_158697_23249,2026-05-27,119,am,005930,A004,sell,101,321500.0,filled
simulation_20260715_000826_158697_23249,2026-05-27,119,am,005930,A005,sell,86,321500.0,filled
simulation_20260715_000826_158697_23249,2026-05-27,119,am,005930,A006,sell,100,321500.0,filled
simulation_20260715_000826_158697_23249,2026-05-27,119,am,005930,A007,sell,50,321500.0,filled
simulation_20260715_000826_158697_23249,2026-05-27,119,am,005930,A008,sell,3,321500.0,filled
simulation_20260715_000826_158697_23249,2026-05-27,119,am,005930,A010,sell,30,321500.0,filled
simulation_20260715_000826_158697_23249,2026-05-27,119,am,005930,A013,sell,50,321500.0,filled
simulation_20260715_000826_158697_23249,2026-05-27,119,am,005930,A015,sell,100,321500.0,filled
simulation_20260715_000826_158697_23249,2026-05-27,119,am,005930,A016,sell,100,321500.0,filled
simulation_20260715_000826_158697_23249,2026-05-27,119,am,005930,A017,sell,100,321500.0,filled
simulation_20260715_000826_158697_23249,2026-05-27,119,am,005930,A019,sell,111,321500.0,filled
simulation_20260715_000826_158697_23249,2026-05-27,119,am,005930,A020,sell,50,321500.0,filled
simulation_20260715_000826_158697_23249,2026-05-27,119,am,005930,A021,sell,10,321500.0,filled
simulation_20260715_000826_158697_23249,2026-05-27,119,am,005930,A022,sell,50,321500.0,filled
simulation_20260715_000826_158697_23249,2026-05-27,119,am,005930,A023,sell,50,321500.0,filled
simulation_20260715_000826_158697_23249,2026-05-27,119,am,005930,A024,sell,1,321500.0,filled
simulation_20260715_000826_158697_23249,2026-05-27,119,am,005930,A025,sell,100,321500.0,filled
simulation_20260715_000826_158697_23249,2026-05-27,119,am,005930,A026,sell,10,321500.0,filled
simulation_20260715_000826_158697_23249,2026-05-27,119,am,005930,A028,sell,1,321500.0,filled
simulation_20260715_000826_158697_23249,2026-05-27,119,am,005930,A029,sell,5,321500.0,filled
simulation_20260715_000826_158697_23249,2026-05-27,119,am,005930,A030,sell,50,321500.0,filled
simulation_20260715_000826_158697_23249,2026-05-27,120,pm,005930,A004,buy,200,307000.0,filled
simulation_20260715_000826_158697_23249,2026-05-27,120,pm,005930,A005,buy,100,307000.0,filled
simulation_20260715_000826_158697_23249,2026-05-27,120,pm,005930,A007,buy,100,307000.0,filled
simulation_20260715_000826_158697_23249,2026-05-27,120,pm,005930,A008,buy,5,307000.0,filled
simulation_20260715_000826_158697_23249,2026-05-27,120,pm,005930,A010,buy,30,307000.0,filled
simulation_20260715_000826_158697_23249,2026-05-27,120,pm,005930,A011,buy,1,307000.0,filled
simulation_20260715_000826_158697_23249,2026-05-27,120,pm,005930,A016,buy,50,307000.0,filled
simulation_20260715_000826_158697_23249,2026-05-27,120,pm,005930,A017,buy,150,307000.0,filled
simulation_20260715_000826_158697_23249,2026-05-27,120,pm,005930,A018,buy,50,307000.0,filled
simulation_20260715_000826_158697_23249,2026-05-27,120,pm,005930,A019,buy,100,307000.0,filled
simulation_20260715_000826_158697_23249,2026-05-27,120,pm,005930,A021,buy,25,307000.0,filled
simulation_20260715_000826_158697_23249,2026-05-27,120,pm,005930,A022,buy,50,307000.0,filled
simulation_20260715_000826_158697_23249,2026-05-27,120,pm,005930,A023,buy,100,307000.0,filled
simulation_20260715_000826_158697_23249,2026-05-27,120,pm,005930,A025,buy,100,307000.0,filled
simulation_20260715_000826_158697_23249,2026-05-27,120,pm,005930,A029,buy,12,307000.0,filled
simulation_20260715_000826_158697_23249,2026-05-27,120,pm,005930,A001,sell,50,307000.0,filled
simulation_20260715_000826_158697_23249,2026-05-27,120,pm,005930,A002,sell,20,307000.0,filled
simulation_20260715_000826_158697_23249,2026-05-27,120,pm,005930,A003,sell,4,307000.0,filled
simulation_20260715_000826_158697_23249,2026-05-27,120,pm,005930,A006,sell,100,307000.0,filled
simulation_20260715_000826_158697_23249,2026-05-27,120,pm,005930,A009,sell,5,307000.0,filled
simulation_20260715_000826_158697_23249,2026-05-27,120,pm,005930,A012,sell,50,307000.0,filled
simulation_20260715_000826_158697_23249,2026-05-27,120,pm,005930,A013,sell,40,307000.0,filled
simulation_20260715_000826_158697_23249,2026-05-27,120,pm,005930,A014,sell,50,307000.0,filled
simulation_20260715_000826_158697_23249,2026-05-27,120,pm,005930,A015,sell,30,307000.0,filled
simulation_20260715_000826_158697_23249,2026-05-27,120,pm,005930,A020,sell,50,307000.0,filled
simulation_20260715_000826_158697_23249,2026-05-27,120,pm,005930,A024,sell,1,307000.0,filled
simulation_20260715_000826_158697_23249,2026-05-27,120,pm,005930,A026,sell,10,307000.0,filled
simulation_20260715_000826_158697_23249,2026-05-27,120,pm,005930,A027,sell,50,307000.0,filled
simulation_20260715_000826_158697_23249,2026-05-27,120,pm,005930,A028,sell,1,307000.0,filled
simulation_20260715_000826_158697_23249,2026-05-27,120,pm,005930,A030,sell,10,307000.0,filled
simulation_20260715_000826_158697_23249,2026-05-28,121,am,005930,A005,buy,50,305000.0,filled
simulation_20260715_000826_158697_23249,2026-05-28,121,am,005930,A006,buy,100,305000.0,filled
simulation_20260715_000826_158697_23249,2026-05-28,121,am,005930,A007,buy,100,305000.0,filled
simulation_20260715_000826_158697_23249,2026-05-28,121,am,005930,A008,buy,2,305000.0,filled
simulation_20260715_000826_158697_23249,2026-05-28,121,am,005930,A009,buy,8,305000.0,filled
simulation_20260715_000826_158697_23249,2026-05-28,121,am,005930,A010,buy,20,305000.0,filled
simulation_20260715_000826_158697_23249,2026-05-28,121,am,005930,A016,buy,1,305000.0,filled
simulation_20260715_000826_158697_23249,2026-05-28,121,am,005930,A017,buy,20,305000.0,filled
simulation_20260715_000826_158697_23249,2026-05-28,121,am,005930,A019,buy,50,305000.0,filled
simulation_20260715_000826_158697_23249,2026-05-28,121,am,005930,A022,buy,20,305000.0,filled
simulation_20260715_000826_158697_23249,2026-05-28,121,am,005930,A023,buy,100,305000.0,filled
simulation_20260715_000826_158697_23249,2026-05-28,121,am,005930,A024,buy,1,305000.0,filled
simulation_20260715_000826_158697_23249,2026-05-28,121,am,005930,A025,buy,50,305000.0,filled
simulation_20260715_000826_158697_23249,2026-05-28,121,am,005930,A029,buy,6,305000.0,filled
simulation_20260715_000826_158697_23249,2026-05-28,121,am,005930,A001,sell,50,305000.0,filled
simulation_20260715_000826_158697_23249,2026-05-28,121,am,005930,A002,sell,1,305000.0,filled
simulation_20260715_000826_158697_23249,2026-05-28,121,am,005930,A003,sell,5,305000.0,filled
simulation_20260715_000826_158697_23249,2026-05-28,121,am,005930,A004,sell,100,305000.0,filled
simulation_20260715_000826_158697_23249,2026-05-28,121,am,005930,A011,sell,1,305000.0,filled
simulation_20260715_000826_158697_23249,2026-05-28,121,am,005930,A012,sell,50,305000.0,filled
simulation_20260715_000826_158697_23249,2026-05-28,121,am,005930,A013,sell,50,305000.0,filled
simulation_20260715_000826_158697_23249,2026-05-28,121,am,005930,A014,sell,50,305000.0,filled
simulation_20260715_000826_158697_23249,2026-05-28,121,am,005930,A015,sell,30,305000.0,filled
simulation_20260715_000826_158697_23249,2026-05-28,121,am,005930,A018,sell,50,305000.0,filled
simulation_20260715_000826_158697_23249,2026-05-28,121,am,005930,A020,sell,50,305000.0,filled
simulation_20260715_000826_158697_23249,2026-05-28,121,am,005930,A021,sell,10,305000.0,filled
simulation_20260715_000826_158697_23249,2026-05-28,121,am,005930,A026,sell,10,305000.0,filled
simulation_20260715_000826_158697_23249,2026-05-28,121,am,005930,A027,sell,50,305000.0,filled
simulation_20260715_000826_158697_23249,2026-05-28,121,am,005930,A028,sell,1,305000.0,filled
simulation_20260715_000826_158697_23249,2026-05-28,121,am,005930,A030,sell,130,305000.0,filled
simulation_20260715_000826_158697_23249,2026-05-28,122,pm,005930,A005,buy,25,299500.0,filled
simulation_20260715_000826_158697_23249,2026-05-28,122,pm,005930,A006,buy,100,299500.0,filled
simulation_20260715_000826_158697_23249,2026-05-28,122,pm,005930,A007,buy,50,299500.0,filled
simulation_20260715_000826_158697_23249,2026-05-28,122,pm,005930,A019,buy,50,299500.0,filled
simulation_20260715_000826_158697_23249,2026-05-28,122,pm,005930,A022,buy,50,299500.0,filled
simulation_20260715_000826_158697_23249,2026-05-28,122,pm,005930,A025,buy,50,299500.0,filled
simulation_20260715_000826_158697_23249,2026-05-28,122,pm,005930,A028,buy,4,299500.0,filled
simulation_20260715_000826_158697_23249,2026-05-28,122,pm,005930,A030,buy,50,299500.0,filled
simulation_20260715_000826_158697_23249,2026-05-28,122,pm,005930,A001,sell,50,299500.0,filled
simulation_20260715_000826_158697_23249,2026-05-28,122,pm,005930,A002,sell,10,299500.0,filled
simulation_20260715_000826_158697_23249,2026-05-28,122,pm,005930,A003,sell,5,299500.0,filled
simulation_20260715_000826_158697_23249,2026-05-28,122,pm,005930,A004,sell,100,299500.0,filled
simulation_20260715_000826_158697_23249,2026-05-28,122,pm,005930,A008,sell,1,299500.0,filled
simulation_20260715_000826_158697_23249,2026-05-28,122,pm,005930,A009,sell,4,299500.0,filled
simulation_20260715_000826_158697_23249,2026-05-28,122,pm,005930,A010,sell,25,299500.0,filled
simulation_20260715_000826_158697_23249,2026-05-28,122,pm,005930,A011,sell,1,299500.0,filled
simulation_20260715_000826_158697_23249,2026-05-28,122,pm,005930,A012,sell,50,299500.0,filled
simulation_20260715_000826_158697_23249,2026-05-28,122,pm,005930,A013,sell,50,299500.0,filled
simulation_20260715_000826_158697_23249,2026-05-28,122,pm,005930,A014,sell,50,299500.0,filled
simulation_20260715_000826_158697_23249,2026-05-28,122,pm,005930,A015,sell,43,299500.0,filled
simulation_20260715_000826_158697_23249,2026-05-28,122,pm,005930,A016,sell,10,299500.0,filled
simulation_20260715_000826_158697_23249,2026-05-28,122,pm,005930,A017,sell,20,299500.0,filled
simulation_20260715_000826_158697_23249,2026-05-28,122,pm,005930,A018,sell,50,299500.0,filled
simulation_20260715_000826_158697_23249,2026-05-28,122,pm,005930,A020,sell,50,299500.0,filled
simulation_20260715_000826_158697_23249,2026-05-28,122,pm,005930,A021,sell,20,299500.0,filled
simulation_20260715_000826_158697_23249,2026-05-28,122,pm,005930,A023,sell,20,299500.0,filled
simulation_20260715_000826_158697_23249,2026-05-28,122,pm,005930,A024,sell,1,299500.0,filled
simulation_20260715_000826_158697_23249,2026-05-28,122,pm,005930,A026,sell,10,299500.0,filled
simulation_20260715_000826_158697_23249,2026-05-28,122,pm,005930,A027,sell,50,299500.0,filled
simulation_20260715_000826_158697_23249,2026-05-28,122,pm,005930,A029,sell,3,299500.0,filled
simulation_20260715_000826_158697_23249,2026-05-29,123,am,005930,A001,buy,10,309500.0,filled
simulation_20260715_000826_158697_23249,2026-05-29,123,am,005930,A004,buy,200,309500.0,filled
simulation_20260715_000826_158697_23249,2026-05-29,123,am,005930,A008,buy,2,309500.0,filled
simulation_20260715_000826_158697_23249,2026-05-29,123,am,005930,A009,buy,3,309500.0,filled
simulation_20260715_000826_158697_23249,2026-05-29,123,am,005930,A010,buy,20,309500.0,filled
simulation_20260715_000826_158697_23249,2026-05-29,123,am,005930,A013,buy,108,309500.0,filled
simulation_20260715_000826_158697_23249,2026-05-29,123,am,005930,A014,buy,50,309500.0,filled
simulation_20260715_000826_158697_23249,2026-05-29,123,am,005930,A015,buy,10,309500.0,filled
simulation_20260715_000826_158697_23249,2026-05-29,123,am,005930,A018,buy,100,309500.0,filled
simulation_20260715_000826_158697_23249,2026-05-29,123,am,005930,A019,buy,100,309500.0,filled
simulation_20260715_000826_158697_23249,2026-05-29,123,am,005930,A021,buy,15,309500.0,filled
simulation_20260715_000826_158697_23249,2026-05-29,123,am,005930,A028,buy,2,309500.0,filled
simulation_20260715_000826_158697_23249,2026-05-29,123,am,005930,A029,buy,4,309500.0,filled
simulation_20260715_000826_158697_23249,2026-05-29,123,am,005930,A002,sell,5,309500.0,filled
simulation_20260715_000826_158697_23249,2026-05-29,123,am,005930,A003,sell,5,309500.0,filled
simulation_20260715_000826_158697_23249,2026-05-29,123,am,005930,A005,sell,40,309500.0,filled
simulation_20260715_000826_158697_23249,2026-05-29,123,am,005930,A006,sell,200,309500.0,filled
simulation_20260715_000826_158697_23249,2026-05-29,123,am,005930,A007,sell,50,309500.0,filled
simulation_20260715_000826_158697_23249,2026-05-29,123,am,005930,A011,sell,1,309500.0,filled
simulation_20260715_000826_158697_23249,2026-05-29,123,am,005930,A012,sell,50,309500.0,filled
simulation_20260715_000826_158697_23249,2026-05-29,123,am,005930,A016,sell,50,309500.0,filled
simulation_20260715_000826_158697_23249,2026-05-29,123,am,005930,A017,sell,1,309500.0,filled
simulation_20260715_000826_158697_23249,2026-05-29,123,am,005930,A020,sell,50,309500.0,filled
simulation_20260715_000826_158697_23249,2026-05-29,123,am,005930,A022,sell,1,309500.0,filled
simulation_20260715_000826_158697_23249,2026-05-29,123,am,005930,A023,sell,20,309500.0,filled
simulation_20260715_000826_158697_23249,2026-05-29,123,am,005930,A024,sell,10,309500.0,filled
simulation_20260715_000826_158697_23249,2026-05-29,123,am,005930,A025,sell,100,309500.0,filled
simulation_20260715_000826_158697_23249,2026-05-29,123,am,005930,A026,sell,10,309500.0,filled
simulation_20260715_000826_158697_23249,2026-05-29,123,am,005930,A027,sell,50,309500.0,filled
simulation_20260715_000826_158697_23249,2026-05-29,123,am,005930,A030,sell,50,309500.0,filled
simulation_20260715_000826_158697_23249,2026-05-29,124,pm,005930,A006,buy,50,317000.0,filled
simulation_20260715_000826_158697_23249,2026-05-29,124,pm,005930,A009,buy,4,317000.0,filled
simulation_20260715_000826_158697_23249,2026-05-29,124,pm,005930,A012,buy,50,317000.0,filled
simulation_20260715_000826_158697_23249,2026-05-29,124,pm,005930,A013,buy,50,317000.0,filled
simulation_20260715_000826_158697_23249,2026-05-29,124,pm,005930,A017,buy,50,317000.0,filled
simulation_20260715_000826_158697_23249,2026-05-29,124,pm,005930,A018,buy,60,317000.0,filled
simulation_20260715_000826_158697_23249,2026-05-29,124,pm,005930,A020,buy,190,317000.0,filled
simulation_20260715_000826_158697_23249,2026-05-29,124,pm,005930,A024,buy,6,317000.0,filled
simulation_20260715_000826_158697_23249,2026-05-29,124,pm,005930,A027,buy,100,317000.0,filled
simulation_20260715_000826_158697_23249,2026-05-29,124,pm,005930,A028,buy,1,317000.0,filled
simulation_20260715_000826_158697_23249,2026-05-29,124,pm,005930,A030,buy,50,317000.0,filled
simulation_20260715_000826_158697_23249,2026-05-29,124,pm,005930,A001,sell,10,317000.0,filled
simulation_20260715_000826_158697_23249,2026-05-29,124,pm,005930,A002,sell,5,317000.0,filled
simulation_20260715_000826_158697_23249,2026-05-29,124,pm,005930,A003,sell,5,317000.0,filled
simulation_20260715_000826_158697_23249,2026-05-29,124,pm,005930,A004,sell,100,317000.0,filled
simulation_20260715_000826_158697_23249,2026-05-29,124,pm,005930,A005,sell,50,317000.0,filled
simulation_20260715_000826_158697_23249,2026-05-29,124,pm,005930,A007,sell,50,317000.0,filled
simulation_20260715_000826_158697_23249,2026-05-29,124,pm,005930,A008,sell,1,317000.0,filled
simulation_20260715_000826_158697_23249,2026-05-29,124,pm,005930,A010,sell,20,317000.0,filled
simulation_20260715_000826_158697_23249,2026-05-29,124,pm,005930,A011,sell,1,317000.0,filled
simulation_20260715_000826_158697_23249,2026-05-29,124,pm,005930,A014,sell,50,317000.0,filled
simulation_20260715_000826_158697_23249,2026-05-29,124,pm,005930,A015,sell,10,317000.0,filled
simulation_20260715_000826_158697_23249,2026-05-29,124,pm,005930,A016,sell,10,317000.0,filled
simulation_20260715_000826_158697_23249,2026-05-29,124,pm,005930,A019,sell,60,317000.0,filled
simulation_20260715_000826_158697_23249,2026-05-29,124,pm,005930,A021,sell,30,317000.0,filled
simulation_20260715_000826_158697_23249,2026-05-29,124,pm,005930,A022,sell,50,317000.0,filled
simulation_20260715_000826_158697_23249,2026-05-29,124,pm,005930,A023,sell,40,317000.0,filled
simulation_20260715_000826_158697_23249,2026-05-29,124,pm,005930,A025,sell,100,317000.0,filled
simulation_20260715_000826_158697_23249,2026-05-29,124,pm,005930,A026,sell,10,317000.0,filled
simulation_20260715_000826_158697_23249,2026-05-29,124,pm,005930,A029,sell,2,317000.0,filled
simulation_20260715_000826_158697_23249,2026-06-01,125,am,005930,A001,buy,50,319500.0,filled
simulation_20260715_000826_158697_23249,2026-06-01,125,am,005930,A012,buy,50,319500.0,filled
simulation_20260715_000826_158697_23249,2026-06-01,125,am,005930,A015,buy,50,319500.0,filled
simulation_20260715_000826_158697_23249,2026-06-01,125,am,005930,A022,buy,100,319500.0,filled
simulation_20260715_000826_158697_23249,2026-06-01,125,am,005930,A024,buy,3,319500.0,filled
simulation_20260715_000826_158697_23249,2026-06-01,125,am,005930,A025,buy,100,319500.0,filled
simulation_20260715_000826_158697_23249,2026-06-01,125,am,005930,A027,buy,50,319500.0,filled
simulation_20260715_000826_158697_23249,2026-06-01,125,am,005930,A028,buy,1,319500.0,filled
simulation_20260715_000826_158697_23249,2026-06-01,125,am,005930,A002,sell,1,319500.0,filled
simulation_20260715_000826_158697_23249,2026-06-01,125,am,005930,A003,sell,10,319500.0,filled
simulation_20260715_000826_158697_23249,2026-06-01,125,am,005930,A004,sell,100,319500.0,filled
simulation_20260715_000826_158697_23249,2026-06-01,125,am,005930,A005,sell,50,319500.0,filled
simulation_20260715_000826_158697_23249,2026-06-01,125,am,005930,A006,sell,50,319500.0,filled
simulation_20260715_000826_158697_23249,2026-06-01,125,am,005930,A007,sell,50,319500.0,filled
simulation_20260715_000826_158697_23249,2026-06-01,125,am,005930,A008,sell,1,319500.0,filled
simulation_20260715_000826_158697_23249,2026-06-01,125,am,005930,A009,sell,10,319500.0,filled
simulation_20260715_000826_158697_23249,2026-06-01,125,am,005930,A010,sell,20,319500.0,filled
simulation_20260715_000826_158697_23249,2026-06-01,125,am,005930,A011,sell,2,319500.0,filled
simulation_20260715_000826_158697_23249,2026-06-01,125,am,005930,A013,sell,50,319500.0,filled
simulation_20260715_000826_158697_23249,2026-06-01,125,am,005930,A014,sell,49,319500.0,filled
simulation_20260715_000826_158697_23249,2026-06-01,125,am,005930,A016,sell,1,319500.0,filled
simulation_20260715_000826_158697_23249,2026-06-01,125,am,005930,A017,sell,10,319500.0,filled
simulation_20260715_000826_158697_23249,2026-06-01,125,am,005930,A018,sell,30,319500.0,filled
simulation_20260715_000826_158697_23249,2026-06-01,125,am,005930,A019,sell,60,319500.0,filled
simulation_20260715_000826_158697_23249,2026-06-01,125,am,005930,A020,sell,50,319500.0,filled
simulation_20260715_000826_158697_23249,2026-06-01,125,am,005930,A021,sell,20,319500.0,filled
simulation_20260715_000826_158697_23249,2026-06-01,125,am,005930,A023,sell,50,319500.0,filled
simulation_20260715_000826_158697_23249,2026-06-01,125,am,005930,A026,sell,20,319500.0,filled
simulation_20260715_000826_158697_23249,2026-06-01,125,am,005930,A029,sell,3,319500.0,filled
simulation_20260715_000826_158697_23249,2026-06-01,125,am,005930,A030,sell,50,319500.0,filled
simulation_20260715_000826_158697_23249,2026-06-01,126,pm,005930,A004,buy,150,349000.0,filled
simulation_20260715_000826_158697_23249,2026-06-01,126,pm,005930,A006,buy,187,349000.0,filled
simulation_20260715_000826_158697_23249,2026-06-01,126,pm,005930,A007,buy,50,349000.0,filled
simulation_20260715_000826_158697_23249,2026-06-01,126,pm,005930,A008,buy,2,349000.0,filled
simulation_20260715_000826_158697_23249,2026-06-01,126,pm,005930,A009,buy,6,349000.0,filled
simulation_20260715_000826_158697_23249,2026-06-01,126,pm,005930,A014,buy,140,349000.0,filled
simulation_20260715_000826_158697_23249,2026-06-01,126,pm,005930,A017,buy,50,349000.0,filled
simulation_20260715_000826_158697_23249,2026-06-01,126,pm,005930,A018,buy,41,349000.0,filled
simulation_20260715_000826_158697_23249,2026-06-01,126,pm,005930,A020,buy,100,349000.0,filled
simulation_20260715_000826_158697_23249,2026-06-01,126,pm,005930,A021,buy,30,349000.0,filled
simulation_20260715_000826_158697_23249,2026-06-01,126,pm,005930,A024,buy,1,349000.0,filled
simulation_20260715_000826_158697_23249,2026-06-01,126,pm,005930,A027,buy,55,349000.0,filled
simulation_20260715_000826_158697_23249,2026-06-01,126,pm,005930,A029,buy,4,349000.0,filled
simulation_20260715_000826_158697_23249,2026-06-01,126,pm,005930,A030,buy,1,349000.0,filled
simulation_20260715_000826_158697_23249,2026-06-01,126,pm,005930,A001,sell,50,349000.0,filled
simulation_20260715_000826_158697_23249,2026-06-01,126,pm,005930,A002,sell,5,349000.0,filled
simulation_20260715_000826_158697_23249,2026-06-01,126,pm,005930,A003,sell,10,349000.0,filled
simulation_20260715_000826_158697_23249,2026-06-01,126,pm,005930,A005,sell,100,349000.0,filled
simulation_20260715_000826_158697_23249,2026-06-01,126,pm,005930,A010,sell,42,349000.0,filled
simulation_20260715_000826_158697_23249,2026-06-01,126,pm,005930,A011,sell,1,349000.0,filled
simulation_20260715_000826_158697_23249,2026-06-01,126,pm,005930,A012,sell,50,349000.0,filled
simulation_20260715_000826_158697_23249,2026-06-01,126,pm,005930,A013,sell,48,349000.0,filled
simulation_20260715_000826_158697_23249,2026-06-01,126,pm,005930,A015,sell,50,349000.0,filled
simulation_20260715_000826_158697_23249,2026-06-01,126,pm,005930,A016,sell,10,349000.0,filled
simulation_20260715_000826_158697_23249,2026-06-01,126,pm,005930,A019,sell,109,349000.0,filled
simulation_20260715_000826_158697_23249,2026-06-01,126,pm,005930,A022,sell,50,349000.0,filled
simulation_20260715_000826_158697_23249,2026-06-01,126,pm,005930,A023,sell,50,349000.0,filled
simulation_20260715_000826_158697_23249,2026-06-01,126,pm,005930,A025,sell,100,349000.0,filled
simulation_20260715_000826_158697_23249,2026-06-01,126,pm,005930,A026,sell,40,349000.0,filled
simulation_20260715_000826_158697_23249,2026-06-01,126,pm,005930,A028,sell,1,349000.0,filled
