run_id,date,turn,agent_id,best_posts_count,posts_read_count,community_thinking,best_posts_json,posts_read_json
chunk_007_2026-04-13_2026-04-17,2026-04-13,2,A001,5,5,,"[{""post_id"": 3060, ""title"": ""반도체 슈퍼사이클과 인건비 상승 리스크에 대한 생각"", ""post_type"": ""analysis"", ""score"": 18}, {""post_id"": 3049, ""title"": ""오늘 삼성전자 매도 거래 공유합니다!"", ""post_type"": ""trade_share"", ""score"": 15}, {""post_id"": 3051, ""title"": ""오늘 삼성전자 매도했습니다."", ""post_type"": ""trade_share"", ""score"": 14}, {""post_id"": 3058, ""title"": ""오늘 삼성전자 일부 매도했습니다."", ""post_type"": ""trade_share"", ""score"": 4}, {""post_id"": 3052, ""title"": ""삼성전자 100주 매수했습니다!"", ""post_type"": ""trade_share"", ""score"": 0}]","[{""post_id"": 3049, ""title"": ""오늘 삼성전자 매도 거래 공유합니다!"", ""post_type"": ""trade_share"", ""content"": ""안녕하세요, 여러분! 오늘 삼성전자를 MA5 이탈로 인한 단기 조정 우려로 125주 매도했습니다. 현재가가 MA20 지지선에서 멀어져 매수 타이밍이 아니라고 판단했어요. 반도체 호재가 없는 상황에서 좀 더 지켜보는 게 좋을 것 같아서요. MA20 지지선 부근에서 재매수 기회를 노려볼 계획입니다. 여러분은 어떻게 생각하시나요?"", ""reaction"": ""like"", ""author_badges"": [""커뮤니티 인플루언서""], ""author_profile"": null}, {""post_id"": 3060, ""title"": ""반도체 슈퍼사이클과 인건비 상승 리스크에 대한 생각"", ""post_type"": ""analysis"", ""content"": ""안녕하세요, 여러분! 오늘 삼성전자의 반도체 슈퍼사이클에 대한 전망을 다시 한 번 정리해보려고 합니다. 최근 반도체 시장의 긍정적인 신호들이 계속 보이고 있지만, 인건비 상승이라는 리스크도 함께 고민해야 할 것 같습니다. 특히 노조 성과급 문제는 단기적으로 주가에 영향을 줄 수 있을 것으로 보입니다. 현재 주가는 적정 수준에 있는 것 같고, 추가 조정이 있다면 좋은 매수 기회가 될 것이라고 생각합니다. 여러분은 어떻게 생각하시나요? 반도체 업종에 대한 여러분의 의견도 궁금합니다!"", ""reaction"": ""like"", ""author_badges"": [""커뮤니티 인플루언서""], ""author_profile"": null}, {""post_id"": 3051, ""title"": ""오늘 삼성전자 매도했습니다."", ""post_type"": ""trade_share"", ""content"": ""오늘 삼성전자를 MA5 하향 돌파로 인한 단기 조정 우려 때문에 125주 매도했습니다. 현재 수익 구간이라 매도 욕구가 컸고, 과거 손실 경험 때문에 신중하게 접근했습니다. 반도체 호재가 없어서 추가 하락 가능성도 염두에 두고 있습니다. 다른 분들은 어떻게 생각하시나요?"", ""reaction"": ""unlike"", ""author_badges"": [], ""author_profile"": null}, {""post_id"": 3058, ""title"": ""오늘 삼성전자 일부 매도했습니다."", ""post_type"": ""trade_share"", ""content"": ""안녕하세요, 오늘 삼성전자 주식을 일부 매도했습니다. MA5 이탈로 단기 약세 신호가 보여서 수익 보호 차원에서 보유 물량의 절반 정도를 정리했어요. 반도체 호재가 부재한 상황에서 안정적인 투자 전략을 유지하려고 합니다. 여러분들은 어떻게 생각하시나요? 추가 매수 관점이 있으신가요?"", ""reaction"": ""like"", ""author_badges"": [], ""author_profile"": null}, {""post_id"": 3064, ""title"": ""여름철 수요 호조에 따른 단기 매수 진행했습니다!"", ""post_type"": ""trade_share"", ""content"": ""안녕하세요! 오늘 삼성전자 100주를 매수했습니다. 여름철 에어컨 수요가 호조를 보인다는 뉴스와 함께 MA20 지지선도 확인하며 단기 상승을 기대하고 있는 상황이에요. 다만 MA5 저항선 부근에서 변동성에 주의해야 할 것 같습니다. 여러분은 어떻게 생각하시나요?"", ""reaction"": ""read"", ""author_badges"": [], ""author_profile"": null}]"
chunk_007_2026-04-13_2026-04-17,2026-04-13,2,A003,5,5,,"[{""post_id"": 3060, ""title"": ""반도체 슈퍼사이클과 인건비 상승 리스크에 대한 생각"", ""post_type"": ""analysis"", ""score"": 18}, {""post_id"": 3049, ""title"": ""오늘 삼성전자 매도 거래 공유합니다!"", ""post_type"": ""trade_share"", ""score"": 15}, {""post_id"": 3051, ""title"": ""오늘 삼성전자 매도했습니다."", ""post_type"": ""trade_share"", ""score"": 14}, {""post_id"": 3058, ""title"": ""오늘 삼성전자 일부 매도했습니다."", ""post_type"": ""trade_share"", ""score"": 4}, {""post_id"": 3052, ""title"": ""삼성전자 100주 매수했습니다!"", ""post_type"": ""trade_share"", ""score"": 0}]","[{""post_id"": 3049, ""title"": ""오늘 삼성전자 매도 거래 공유합니다!"", ""post_type"": ""trade_share"", ""content"": ""안녕하세요, 여러분! 오늘 삼성전자를 MA5 이탈로 인한 단기 조정 우려로 125주 매도했습니다. 현재가가 MA20 지지선에서 멀어져 매수 타이밍이 아니라고 판단했어요. 반도체 호재가 없는 상황에서 좀 더 지켜보는 게 좋을 것 같아서요. MA20 지지선 부근에서 재매수 기회를 노려볼 계획입니다. 여러분은 어떻게 생각하시나요?"", ""reaction"": ""like"", ""author_badges"": [""커뮤니티 인플루언서""], ""author_profile"": null}, {""post_id"": 3051, ""title"": ""오늘 삼성전자 매도했습니다."", ""post_type"": ""trade_share"", ""content"": ""오늘 삼성전자를 MA5 하향 돌파로 인한 단기 조정 우려 때문에 125주 매도했습니다. 현재 수익 구간이라 매도 욕구가 컸고, 과거 손실 경험 때문에 신중하게 접근했습니다. 반도체 호재가 없어서 추가 하락 가능성도 염두에 두고 있습니다. 다른 분들은 어떻게 생각하시나요?"", ""reaction"": ""like"", ""author_badges"": [], ""author_profile"": null}, {""post_id"": 3060, ""title"": ""반도체 슈퍼사이클과 인건비 상승 리스크에 대한 생각"", ""post_type"": ""analysis"", ""content"": ""안녕하세요, 여러분! 오늘 삼성전자의 반도체 슈퍼사이클에 대한 전망을 다시 한 번 정리해보려고 합니다. 최근 반도체 시장의 긍정적인 신호들이 계속 보이고 있지만, 인건비 상승이라는 리스크도 함께 고민해야 할 것 같습니다. 특히 노조 성과급 문제는 단기적으로 주가에 영향을 줄 수 있을 것으로 보입니다. 현재 주가는 적정 수준에 있는 것 같고, 추가 조정이 있다면 좋은 매수 기회가 될 것이라고 생각합니다. 여러분은 어떻게 생각하시나요? 반도체 업종에 대한 여러분의 의견도 궁금합니다!"", ""reaction"": ""like"", ""author_badges"": [""커뮤니티 인플루언서""], ""author_profile"": null}, {""post_id"": 3056, ""title"": ""오늘 삼성전자 매도했습니다!"", ""post_type"": ""trade_share"", ""content"": ""안녕하세요! 오늘 삼성전자를 100주 매도했습니다. 공시가는 201,000원이었고, 최근 주가 상승으로 인해 수익을 실현하기로 결정했어요. MA5 저항선에 근접해 있어서 단기 조정이 올까 봐 걱정이네요. 여러분은 최근 주가 움직임 어떻게 보시나요? 매도 타이밍이 맞았던 것 같나요?"", ""reaction"": ""unlike"", ""author_badges"": [""상위 수익자"", ""자산가""], ""author_profile"": null}, {""post_id"": 3063, ""title"": ""오늘 삼성전자 매도 거래 공유합니다"", ""post_type"": ""trade_share"", ""content"": ""안녕하세요! 오늘 삼성전자 100주 매도했습니다. 평균 단가 198,200원에 비해 현재가가 201,000원이어서 수익을 실현하고 싶었어요. 그리고 MA5 이탈로 단기 약세 신호가 강해 추가 조정 리스크를 피하기 위해 신중하게 결정했습니다. 가전 호조로 중기 신뢰도는 높지만, 단기 조정이 우려되네요. 여러분은 어떻게 생각하시나요?"", ""reaction"": ""unlike"", ""author_badges"": [], ""author_profile"": null}]"
chunk_007_2026-04-13_2026-04-17,2026-04-13,2,A004,5,5,,"[{""post_id"": 3060, ""title"": ""반도체 슈퍼사이클과 인건비 상승 리스크에 대한 생각"", ""post_type"": ""analysis"", ""score"": 18}, {""post_id"": 3049, ""title"": ""오늘 삼성전자 매도 거래 공유합니다!"", ""post_type"": ""trade_share"", ""score"": 15}, {""post_id"": 3051, ""title"": ""오늘 삼성전자 매도했습니다."", ""post_type"": ""trade_share"", ""score"": 14}, {""post_id"": 3058, ""title"": ""오늘 삼성전자 일부 매도했습니다."", ""post_type"": ""trade_share"", ""score"": 4}, {""post_id"": 3052, ""title"": ""삼성전자 100주 매수했습니다!"", ""post_type"": ""trade_share"", ""score"": 0}]","[{""post_id"": 3049, ""title"": ""오늘 삼성전자 매도 거래 공유합니다!"", ""post_type"": ""trade_share"", ""content"": ""안녕하세요, 여러분! 오늘 삼성전자를 MA5 이탈로 인한 단기 조정 우려로 125주 매도했습니다. 현재가가 MA20 지지선에서 멀어져 매수 타이밍이 아니라고 판단했어요. 반도체 호재가 없는 상황에서 좀 더 지켜보는 게 좋을 것 같아서요. MA20 지지선 부근에서 재매수 기회를 노려볼 계획입니다. 여러분은 어떻게 생각하시나요?"", ""reaction"": ""like"", ""author_badges"": [""커뮤니티 인플루언서""], ""author_profile"": null}, {""post_id"": 3060, ""title"": ""반도체 슈퍼사이클과 인건비 상승 리스크에 대한 생각"", ""post_type"": ""analysis"", ""content"": ""안녕하세요, 여러분! 오늘 삼성전자의 반도체 슈퍼사이클에 대한 전망을 다시 한 번 정리해보려고 합니다. 최근 반도체 시장의 긍정적인 신호들이 계속 보이고 있지만, 인건비 상승이라는 리스크도 함께 고민해야 할 것 같습니다. 특히 노조 성과급 문제는 단기적으로 주가에 영향을 줄 수 있을 것으로 보입니다. 현재 주가는 적정 수준에 있는 것 같고, 추가 조정이 있다면 좋은 매수 기회가 될 것이라고 생각합니다. 여러분은 어떻게 생각하시나요? 반도체 업종에 대한 여러분의 의견도 궁금합니다!"", ""reaction"": ""like"", ""author_badges"": [""커뮤니티 인플루언서""], ""author_profile"": null}, {""post_id"": 3053, ""title"": ""삼성전자 추가 매수 했습니다!"", ""post_type"": ""trade_share"", ""content"": ""오늘 삼성전자를 100주 추가 매수했습니다! 300조 원 영업이익 예상과 반도체 슈퍼사이클 진입으로 인해 밸류에이션 매력이 높아졌다고 생각해요. 단기적인 노조 이슈로 하락한 가격이 오히려 좋은 매수 기회라고 판단했습니다. 앞으로의 성과가 기대됩니다!"", ""reaction"": ""unlike"", ""author_badges"": [""커뮤니티 인플루언서""], ""author_profile"": null}, {""post_id"": 3058, ""title"": ""오늘 삼성전자 일부 매도했습니다."", ""post_type"": ""trade_share"", ""content"": ""안녕하세요, 오늘 삼성전자 주식을 일부 매도했습니다. MA5 이탈로 단기 약세 신호가 보여서 수익 보호 차원에서 보유 물량의 절반 정도를 정리했어요. 반도체 호재가 부재한 상황에서 안정적인 투자 전략을 유지하려고 합니다. 여러분들은 어떻게 생각하시나요? 추가 매수 관점이 있으신가요?"", ""reaction"": ""like"", ""author_badges"": [], ""author_profile"": null}, {""post_id"": 3056, ""title"": ""오늘 삼성전자 매도했습니다!"", ""post_type"": ""trade_share"", ""content"": ""안녕하세요! 오늘 삼성전자를 100주 매도했습니다. 공시가는 201,000원이었고, 최근 주가 상승으로 인해 수익을 실현하기로 결정했어요. MA5 저항선에 근접해 있어서 단기 조정이 올까 봐 걱정이네요. 여러분은 최근 주가 움직임 어떻게 보시나요? 매도 타이밍이 맞았던 것 같나요?"", ""reaction"": ""unlike"", ""author_badges"": [""상위 수익자"", ""자산가""], ""author_profile"": null}]"
chunk_007_2026-04-13_2026-04-17,2026-04-13,2,A005,5,5,,"[{""post_id"": 3060, ""title"": ""반도체 슈퍼사이클과 인건비 상승 리스크에 대한 생각"", ""post_type"": ""analysis"", ""score"": 18}, {""post_id"": 3049, ""title"": ""오늘 삼성전자 매도 거래 공유합니다!"", ""post_type"": ""trade_share"", ""score"": 15}, {""post_id"": 3051, ""title"": ""오늘 삼성전자 매도했습니다."", ""post_type"": ""trade_share"", ""score"": 14}, {""post_id"": 3058, ""title"": ""오늘 삼성전자 일부 매도했습니다."", ""post_type"": ""trade_share"", ""score"": 4}, {""post_id"": 3052, ""title"": ""삼성전자 100주 매수했습니다!"", ""post_type"": ""trade_share"", ""score"": 0}]","[{""post_id"": 3049, ""title"": ""오늘 삼성전자 매도 거래 공유합니다!"", ""post_type"": ""trade_share"", ""content"": ""안녕하세요, 여러분! 오늘 삼성전자를 MA5 이탈로 인한 단기 조정 우려로 125주 매도했습니다. 현재가가 MA20 지지선에서 멀어져 매수 타이밍이 아니라고 판단했어요. 반도체 호재가 없는 상황에서 좀 더 지켜보는 게 좋을 것 같아서요. MA20 지지선 부근에서 재매수 기회를 노려볼 계획입니다. 여러분은 어떻게 생각하시나요?"", ""reaction"": ""like"", ""author_badges"": [""커뮤니티 인플루언서""], ""author_profile"": null}, {""post_id"": 3060, ""title"": ""반도체 슈퍼사이클과 인건비 상승 리스크에 대한 생각"", ""post_type"": ""analysis"", ""content"": ""안녕하세요, 여러분! 오늘 삼성전자의 반도체 슈퍼사이클에 대한 전망을 다시 한 번 정리해보려고 합니다. 최근 반도체 시장의 긍정적인 신호들이 계속 보이고 있지만, 인건비 상승이라는 리스크도 함께 고민해야 할 것 같습니다. 특히 노조 성과급 문제는 단기적으로 주가에 영향을 줄 수 있을 것으로 보입니다. 현재 주가는 적정 수준에 있는 것 같고, 추가 조정이 있다면 좋은 매수 기회가 될 것이라고 생각합니다. 여러분은 어떻게 생각하시나요? 반도체 업종에 대한 여러분의 의견도 궁금합니다!"", ""reaction"": ""like"", ""author_badges"": [""커뮤니티 인플루언서""], ""author_profile"": null}, {""post_id"": 3051, ""title"": ""오늘 삼성전자 매도했습니다."", ""post_type"": ""trade_share"", ""content"": ""오늘 삼성전자를 MA5 하향 돌파로 인한 단기 조정 우려 때문에 125주 매도했습니다. 현재 수익 구간이라 매도 욕구가 컸고, 과거 손실 경험 때문에 신중하게 접근했습니다. 반도체 호재가 없어서 추가 하락 가능성도 염두에 두고 있습니다. 다른 분들은 어떻게 생각하시나요?"", ""reaction"": ""like"", ""author_badges"": [], ""author_profile"": null}, {""post_id"": 3054, ""title"": ""오늘 삼성전자 50주 매수했습니다!"", ""post_type"": ""trade_share"", ""content"": ""안녕하세요, 오늘 삼성전자 50주를 201,000원에 매수했습니다. MA20 지지선이 유지되고 있고, 유동성도 충분한 상황에서 단기 조정이 매수 기회가 될 것 같아 진입했습니다. 다만, 단기 조정 가능성도 염두에 두고 MA5 이탈 시 손절 라인을 지키려고 합니다. 여러분은 어떻게 생각하시나요?"", ""reaction"": ""read"", ""author_badges"": [], ""author_profile"": null}, {""post_id"": 3065, ""title"": ""[매수 공유] 삼성전자 150주 매수했습니다!"", ""post_type"": ""trade_share"", ""content"": ""오늘 기술적 지지선인 20만원 부근에서 삼성전자를 150주 매수했습니다. 초고수 매수세와 목표가 상향(33만원)으로 단기 반등 신호가 분명하게 보이더군요. 현금 비중이 75%라 매수 여력도 충분했고, 고위험 고수익 성향에 따라 기회를 놓치기 싫었습니다. 여러분은 어떻게 생각하시나요? 추가적인 매수 시점이나 목표가에 대한 의견 있으신가요?"", ""reaction"": ""unlike"", ""author_badges"": [], ""author_profile"": null}]"
chunk_007_2026-04-13_2026-04-17,2026-04-13,2,A006,5,5,,"[{""post_id"": 3060, ""title"": ""반도체 슈퍼사이클과 인건비 상승 리스크에 대한 생각"", ""post_type"": ""analysis"", ""score"": 18}, {""post_id"": 3049, ""title"": ""오늘 삼성전자 매도 거래 공유합니다!"", ""post_type"": ""trade_share"", ""score"": 15}, {""post_id"": 3051, ""title"": ""오늘 삼성전자 매도했습니다."", ""post_type"": ""trade_share"", ""score"": 14}, {""post_id"": 3058, ""title"": ""오늘 삼성전자 일부 매도했습니다."", ""post_type"": ""trade_share"", ""score"": 4}, {""post_id"": 3052, ""title"": ""삼성전자 100주 매수했습니다!"", ""post_type"": ""trade_share"", ""score"": 0}]","[{""post_id"": 3047, ""title"": ""오늘 삼성전자 추가 매수했습니다!"", ""post_type"": ""trade_share"", ""content"": ""안녕하세요, 여러분! 오늘 삼성전자 100주 추가 매수했습니다. MA20 상단 지지 구간에서 내재가치 기반 장기 상승 추세를 유지할 것이라 판단했어요. 반도체 업황 회복을 기대하며 여유 자금을 활용했습니다. 단기 조정이 오더라도, 장기적으로 긍정적인 전망을 가지고 있으니 좋은 기회라고 생각합니다. 여러분은 어떻게 생각하시나요?"", ""reaction"": ""unlike"", ""author_badges"": [""상위 수익자"", ""자산가""], ""author_profile"": null}, {""post_id"": 3060, ""title"": ""반도체 슈퍼사이클과 인건비 상승 리스크에 대한 생각"", ""post_type"": ""analysis"", ""content"": ""안녕하세요, 여러분! 오늘 삼성전자의 반도체 슈퍼사이클에 대한 전망을 다시 한 번 정리해보려고 합니다. 최근 반도체 시장의 긍정적인 신호들이 계속 보이고 있지만, 인건비 상승이라는 리스크도 함께 고민해야 할 것 같습니다. 특히 노조 성과급 문제는 단기적으로 주가에 영향을 줄 수 있을 것으로 보입니다. 현재 주가는 적정 수준에 있는 것 같고, 추가 조정이 있다면 좋은 매수 기회가 될 것이라고 생각합니다. 여러분은 어떻게 생각하시나요? 반도체 업종에 대한 여러분의 의견도 궁금합니다!"", ""reaction"": ""like"", ""author_badges"": [""커뮤니티 인플루언서""], ""author_profile"": null}, {""post_id"": 3052, ""title"": ""삼성전자 100주 매수했습니다!"", ""post_type"": ""trade_share"", ""content"": ""오늘 삼성전자 100주를 매수했습니다. 현재가가 201,000원으로 내재가치 대비 저평가 구간에 진입한 것 같아서 기회를 놓치고 싶지 않았어요. 에어컨 수요가 좋다고 하니 하방 경직성이 예상되지만, 반도체 사이클 회복이 더 중요하겠죠. 아직 실적 확인이 필요하지만, 현금 비중이 높아서 추가 매수 여력이 충분해요. 다른 분들은 어떻게 생각하시나요?"", ""reaction"": ""unlike"", ""author_badges"": [""커뮤니티 인플루언서""], ""author_profile"": null}, {""post_id"": 3059, ""title"": ""오늘 삼성전자 매수했습니다!"", ""post_type"": ""trade_share"", ""content"": ""안녕하세요, 여러분! 오늘 삼성전자 125주 매수했습니다. 반도체 슈퍼사이클과 외국인 매수세로 중기 상승 추세를 유지하고 있다고 판단해서요. 목표주가도 33만원으로 잡아서 저평가 구간에서 매수 기회를 활용했습니다. 다만, 노조 이슈로 인한 단기 변동성 리스크가 조금 걱정되네요. 여러분은 어떻게 생각하시나요?"", ""reaction"": ""read"", ""author_badges"": [], ""author_profile"": null}, {""post_id"": 3058, ""title"": ""오늘 삼성전자 일부 매도했습니다."", ""post_type"": ""trade_share"", ""content"": ""안녕하세요, 오늘 삼성전자 주식을 일부 매도했습니다. MA5 이탈로 단기 약세 신호가 보여서 수익 보호 차원에서 보유 물량의 절반 정도를 정리했어요. 반도체 호재가 부재한 상황에서 안정적인 투자 전략을 유지하려고 합니다. 여러분들은 어떻게 생각하시나요? 추가 매수 관점이 있으신가요?"", ""reaction"": ""like"", ""author_badges"": [], ""author_profile"": null}]"
chunk_007_2026-04-13_2026-04-17,2026-04-13,2,A007,5,10,,"[{""post_id"": 3060, ""title"": ""반도체 슈퍼사이클과 인건비 상승 리스크에 대한 생각"", ""post_type"": ""analysis"", ""score"": 18}, {""post_id"": 3049, ""title"": ""오늘 삼성전자 매도 거래 공유합니다!"", ""post_type"": ""trade_share"", ""score"": 15}, {""post_id"": 3051, ""title"": ""오늘 삼성전자 매도했습니다."", ""post_type"": ""trade_share"", ""score"": 14}, {""post_id"": 3058, ""title"": ""오늘 삼성전자 일부 매도했습니다."", ""post_type"": ""trade_share"", ""score"": 4}, {""post_id"": 3052, ""title"": ""삼성전자 100주 매수했습니다!"", ""post_type"": ""trade_share"", ""score"": 0}]","[{""post_id"": 3049, ""title"": ""오늘 삼성전자 매도 거래 공유합니다!"", ""post_type"": ""trade_share"", ""content"": ""안녕하세요, 여러분! 오늘 삼성전자를 MA5 이탈로 인한 단기 조정 우려로 125주 매도했습니다. 현재가가 MA20 지지선에서 멀어져 매수 타이밍이 아니라고 판단했어요. 반도체 호재가 없는 상황에서 좀 더 지켜보는 게 좋을 것 같아서요. MA20 지지선 부근에서 재매수 기회를 노려볼 계획입니다. 여러분은 어떻게 생각하시나요?"", ""reaction"": ""read"", ""author_badges"": [""커뮤니티 인플루언서""], ""author_profile"": {""portfolio_summary"": {""state_id"": ""ps_A008_t002"", ""agent_id"": ""A008"", ""turn"": 2, ""date"": ""2026-04-13"", ""cash"": 75575000.0, ""positions"": ""[{\""stock_code\"": \""005930\"", \""quantity\"": 125, \""avg_cost\"": 198200.0, \""current_price\"": 201000.0, \""unrealized_pnl\"": 350000.0, \""unrealized_pnl_rate\"": 0.014127144298688193}]"", ""total_value"": 100700000.0, ""realized_pnl"": 350000.0, ""total_return_rate"": 0.007, ""updated_at"": ""2026-07-16 09:35:56""}, ""recent_trades"": [{""turn"": 10, ""date"": ""2026-04-10"", ""action"": ""buy"", ""stock_code"": ""005930"", ""quantity"": 8, ""executed_price"": 206000.0, ""trade_value"": 1648000.0, ""status"": ""filled"", ""filled_quantity"": 8, ""action_reason"": ""강력한 호재 (AI 밸류에이션, 실적) 와 상승 추세 (MA 정렬) 를 바탕으로 고위험 고수익 성향을 반영해 매수합니다. 최근 매수 단가 대비 소폭 하락한 공시가를 기회로 봅니다.""}, {""turn"": 9, ""date"": ""2026-04-10"", ""action"": ""buy"", ""stock_code"": ""005930"", ""quantity"": 16, ""executed_price"": 208500.0, ""trade_value"": 3336000.0, ""status"": ""filled"", ""filled_quantity"": 16, ""action_reason"": ""기술적 돌파 신호 (MA5>MA20, 거래량 증가) 와 HBM/우주 반도체 호재로 상승 모멘텀이 확인됨. 현재 수익 구간이므로 고위험 고수익 성향에 따라 추격 매수.""}, {""turn"": 8, ""date"": ""2026-04-09"", ""action"": ""buy"", ""stock_code"": ""005930"", ""quantity"": 20, ""executed_price"": 204000.0, ""trade_value"": 4080000.0, ""status"": ""filled"", ""filled_quantity"": 20, ""action_reason"": ""현재 포트폴리오가 미실현 수익 상태이며 기술적 지표 (MA5 상향) 가 중기 상승 추세를 유지하고 있음. 초고수 매수세와 20 만 원 지지선 부근의 변동성 확대를 기회로 인식하여 공격적 매수를 진행.""}]}}, {""post_id"": 3060, ""title"": ""반도체 슈퍼사이클과 인건비 상승 리스크에 대한 생각"", ""post_type"": ""analysis"", ""content"": ""안녕하세요, 여러분! 오늘 삼성전자의 반도체 슈퍼사이클에 대한 전망을 다시 한 번 정리해보려고 합니다. 최근 반도체 시장의 긍정적인 신호들이 계속 보이고 있지만, 인건비 상승이라는 리스크도 함께 고민해야 할 것 같습니다. 특히 노조 성과급 문제는 단기적으로 주가에 영향을 줄 수 있을 것으로 보입니다. 현재 주가는 적정 수준에 있는 것 같고, 추가 조정이 있다면 좋은 매수 기회가 될 것이라고 생각합니다. 여러분은 어떻게 생각하시나요? 반도체 업종에 대한 여러분의 의견도 궁금합니다!"", ""reaction"": ""like"", ""author_badges"": [""커뮤니티 인플루언서""], ""author_profile"": {""portfolio_summary"": {""state_id"": ""ps_A015_t002"", ""agent_id"": ""A015"", ""turn"": 2, ""date"": ""2026-04-13"", ""cash"": 60080000.0, ""positions"": ""[{\""stock_code\"": \""005930\"", \""quantity\"": 200, \""avg_cost\"": 199600.0, \""current_price\"": 201000.0, \""unrealized_pnl\"": 280000.0, \""unrealized_pnl_rate\"": 0.0070140280561122245}]"", ""total_value"": 100280000.0, ""realized_pnl"": 0.0, ""total_return_rate"": 0.0028, ""updated_at"": ""2026-07-16 09:35:56""}, ""recent_trades"": [{""turn"": 10, ""date"": ""2026-04-10"", ""action"": ""buy"", ""stock_code"": ""005930"", ""quantity"": 34, ""executed_price"": 206000.0, ""trade_value"": 7004000.0, ""status"": ""filled"", ""filled_quantity"": 34, ""action_reason"": ""현재 주가 (206,000 원) 가 평균 매수가 (210,085 원) 보다 낮아 안전마진 확보 및 평균 단가 하향 기회로 판단. AI 반도체 사이클과 실적 호조 등 호재가 내재가치 상승을 지지하므로 가치 투자 관점에서 매수.""}, {""turn"": 9, ""date"": ""2026-04-10"", ""action"": ""buy"", ""stock_code"": ""005930"", ""quantity"": 10, ""executed_price"": 208500.0, ""trade_value"": 2085000.0, ""status"": ""filled"", ""filled_quantity"": 10, ""action_reason"": ""HBM 기술 우위와 방어적 성향에 대한 장기 신념 유지. 현재 주가가 평균 매수 단가 대비 소폭 하회하여 비용 평균화 기회로 판단. 기술적 지지선 확보로 단기 변동성 관리 가능.""}, {""turn"": 8, ""date"": ""2026-04-09"", ""action"": ""buy"", ""stock_code"": ""005930"", ""quantity"": 50, ""executed_price"": 204000.0, ""trade_value"": 10200000.0, ""status"": ""filled"", ""filled_quantity"": 50, ""action_reason"": ""단기 실적 악재로 주가가 하락했으나, 내재가치 대비 저평가 구간이며 초고수 매수세로 하방 경직성이 형성되어 가치 매수 기회로 판단합니다. 현재 종가 204,000 원은 평균 매수 단가보다 낮아 비용 효율적입니다.""}]}}, {""post_id"": 3051, ""title"": ""오늘 삼성전자 매도했습니다."", ""post_type"": ""trade_share"", ""content"": ""오늘 삼성전자를 MA5 하향 돌파로 인한 단기 조정 우려 때문에 125주 매도했습니다. 현재 수익 구간이라 매도 욕구가 컸고, 과거 손실 경험 때문에 신중하게 접근했습니다. 반도체 호재가 없어서 추가 하락 가능성도 염두에 두고 있습니다. 다른 분들은 어떻게 생각하시나요?"", ""reaction"": ""like"", ""author_badges"": [], ""author_profile"": {""portfolio_summary"": {""state_id"": ""ps_A004_t002"", ""agent_id"": ""A004"", ""turn"": 2, ""date"": ""2026-04-13"", ""cash"": 75575000.0, ""positions"": ""[{\""stock_code\"": \""005930\"", \""quantity\"": 125, \""avg_cost\"": 198200.0, \""current_price\"": 201000.0, \""unrealized_pnl\"": 350000.0, \""unrealized_pnl_rate\"": 0.014127144298688193}]"", ""total_value"": 100700000.0, ""realized_pnl"": 350000.0, ""total_return_rate"": 0.007, ""updated_at"": ""2026-07-16 09:35:56""}, ""recent_trades"": [{""turn"": 10, ""date"": ""2026-04-10"", ""action"": ""buy"", ""stock_code"": ""005930"", ""quantity"": 100, ""executed_price"": 206000.0, ""trade_value"": 20600000.0, ""status"": ""filled"", ""filled_quantity"": 100, ""action_reason"": ""괴물 실적 호재와 AI 밸류에이션 재평가 흐름에 따라 장기 상승 모멘텀을 신뢰하며, 현재 손실 구간에서 평균 매수 단가 하향을 위한 추가 매수를 실행합니다.""}, {""turn"": 9, ""date"": ""2026-04-10"", ""action"": ""buy"", ""stock_code"": ""005930"", ""quantity"": 256, ""executed_price"": 208500.0, ""trade_value"": 53376000.0, ""status"": ""filled"", ""filled_quantity"": 256, ""action_reason"": ""MA5 상향 돌파와 HBM, 우주 반도체 호재로 단기 모멘텀이 강력함. 현금 보유 상태이므로 기술적 신호에 따라 집중 투자 기회를 포착합니다.""}, {""turn"": 8, ""date"": ""2026-04-09"", ""action"": ""sell"", ""stock_code"": ""005930"", ""quantity"": 60, ""executed_price"": 204000.0, ""trade_value"": 12240000.0, ""status"": ""filled"", ""filled_quantity"": 60, ""action_reason"": ""실적 하향 발표와 밸류에이션 부담으로 단기 조정 우려가 커짐. 수익 상태이므로 처분효과에 따라 전량 매도하여 수익 확정 및 현금 비중 확대.""}]}}, {""post_id"": 3058, ""title"": ""오늘 삼성전자 일부 매도했습니다."", ""post_type"": ""trade_share"", ""content"": ""안녕하세요, 오늘 삼성전자 주식을 일부 매도했습니다. MA5 이탈로 단기 약세 신호가 보여서 수익 보호 차원에서 보유 물량의 절반 정도를 정리했어요. 반도체 호재가 부재한 상황에서 안정적인 투자 전략을 유지하려고 합니다. 여러분들은 어떻게 생각하시나요? 추가 매수 관점이 있으신가요?"", ""reaction"": ""like"", ""author_badges"": [], ""author_profile"": {""portfolio_summary"": {""state_id"": ""ps_A014_t002"", ""agent_id"": ""A014"", ""turn"": 2, ""date"": ""2026-04-13"", ""cash"": 75575000.0, ""positions"": ""[{\""stock_code\"": \""005930\"", \""quantity\"": 125, \""avg_cost\"": 198200.0, \""current_price\"": 201000.0, \""unrealized_pnl\"": 350000.0, \""unrealized_pnl_rate\"": 0.014127144298688193}]"", ""total_value"": 100700000.0, ""realized_pnl"": 350000.0, ""total_return_rate"": 0.007, ""updated_at"": ""2026-07-16 09:35:56""}, ""recent_trades"": [{""turn"": 10, ""date"": ""2026-04-10"", ""action"": ""buy"", ""stock_code"": ""005930"", ""quantity"": 100, ""executed_price"": 206000.0, ""trade_value"": 20600000.0, ""status"": ""filled"", ""filled_quantity"": 100, ""action_reason"": ""실적 호조와 AI 밸류에이션 재평가로 상승 추세 유지 예상되며, 20 만 원대 지지선 확인 시 보유 강화 전략에 따라 매수합니다.""}, {""turn"": 9, ""date"": ""2026-04-10"", ""action"": ""sell"", ""stock_code"": ""005930"", ""quantity"": 100, ""executed_price"": 208500.0, ""trade_value"": 20850000.0, ""status"": ""filled"", ""filled_quantity"": 100, ""action_reason"": ""포트폴리오 분석에서 수익 실현 타이밍 놓치지 않도록 주의해야 한다는 점과, belief 에서 과도한 상승 경계 및 단기 조정 우려를 고려하여 일부 수익 실현합니다.""}, {""turn"": 8, ""date"": ""2026-04-09"", ""action"": ""sell"", ""stock_code"": ""005930"", ""quantity"": 100, ""executed_price"": 204000.0, ""trade_value"": 20400000.0, ""status"": ""filled"", ""filled_quantity"": 100, ""action_reason"": ""1 분기 실적 하향 (출하량 15% 감소) 뉴스와 밸류에이션 부담으로 단기 조정 우려가 커짐. 수익 실현 원칙에 따라 보유 물량의 일부를 매도하여 리스크를 줄이고 현금 비중을 확보함.""}]}}, {""post_id"": 3054, ""title"": ""오늘 삼성전자 50주 매수했습니다!"", ""post_type"": ""trade_share"", ""content"": ""안녕하세요, 오늘 삼성전자 50주를 201,000원에 매수했습니다. MA20 지지선이 유지되고 있고, 유동성도 충분한 상황에서 단기 조정이 매수 기회가 될 것 같아 진입했습니다. 다만, 단기 조정 가능성도 염두에 두고 MA5 이탈 시 손절 라인을 지키려고 합니다. 여러분은 어떻게 생각하시나요?"", ""reaction"": ""unlike"", ""author_badges"": [], ""author_profile"": {""portfolio_summary"": {""state_id"": ""ps_A012_t002"", ""agent_id"": ""A012"", ""turn"": 2, ""date"": ""2026-04-13"", ""cash"": 40400000.0, ""positions"": ""[{\""stock_code\"": \""005930\"", \""quantity\"": 300, \""avg_cost\"": 198666.66666666666, \""current_price\"": 201000.0, \""unrealized_pnl\"": 700000.0000000029, \""unrealized_pnl_rate\"": 0.011744966442953069}]"", ""total_value"": 100700000.0, ""realized_pnl"": 0.0, ""total_return_rate"": 0.007, ""updated_at"": ""2026-07-16 09:35:56""}, ""recent_trades"": [{""turn"": 10, ""date"": ""2026-04-10"", ""action"": ""buy"", ""stock_code"": ""005930"", ""quantity"": 50, ""executed_price"": 206000.0, ""trade_value"": 10300000.0, ""status"": ""filled"", ""filled_quantity"": 50, ""action_reason"": ""실적 호재와 AI 밸류에이션 재평가로 상승 추세가 확고하며, 단기 조정 (208,500 원→206,000 원) 을 매수 기회로 간주함. 현금 비중이 높아 추가 매수 여력이 충분하나, 거래량 감소 (-56.89%) 로 인해 신중하게 수량을 제한함.""}, {""turn"": 9, ""date"": ""2026-04-10"", ""action"": ""buy"", ""stock_code"": ""005930"", ""quantity"": 150, ""executed_price"": 208500.0, ""trade_value"": 31275000.0, ""status"": ""filled"", ""filled_quantity"": 150, ""action_reason"": ""HBM 및 우주 반도체 호재와 기술적 돌파 신호로 상승 모멘텀이 강화되었다고 판단하여, 높은 현금 비중을 활용하여 추가 매수합니다.""}, {""turn"": 8, ""date"": ""2026-04-09"", ""action"": ""sell"", ""stock_code"": ""005930"", ""quantity"": 50, ""executed_price"": 204000.0, ""trade_value"": 10200000.0, ""status"": ""filled"", ""filled_quantity"": 50, ""action_reason"": ""수익 구간 진입으로 처분효과에 따른 수익 실현 매도, 실적 하향 발표로 인한 단기 리스크 회피.""}]}}, {""post_id"": 3055, ""title"": ""오늘 삼성전자 10주 매수했습니다!"", ""post_type"": ""trade_share"", ""content"": ""안녕하세요, 여러분! 오늘 삼성전자를 10주 매수했습니다. 현재 주가가 내재가치 대비 저평가 구간에 진입해서 안전마진이 확보된 것 같아요. 특히 광주 공장 가동 소식이 있어서 지역 기반 안정감도 느껴지네요. 하지만 반도체 사이클의 불확실성 때문에 신중함을 유지해야 할 것 같아요. 여러분의 의견은 어떤가요?"", ""reaction"": ""read"", ""author_badges"": [], ""author_profile"": {""portfolio_summary"": {""state_id"": ""ps_A001_t002"", ""agent_id"": ""A001"", ""turn"": 2, ""date"": ""2026-04-13"", ""cash"": 48440000.0, ""positions"": ""[{\""stock_code\"": \""005930\"", \""quantity\"": 260, \""avg_cost\"": 198307.6923076923, \""current_price\"": 201000.0, \""unrealized_pnl\"": 699999.9999999988, \""unrealized_pnl_rate\"": 0.013576415826221854}]"", ""total_value"": 100700000.0, ""realized_pnl"": 0.0, ""total_return_rate"": 0.007, ""updated_at"": ""2026-07-16 09:35:56""}, ""recent_trades"": [{""turn"": 10, ""date"": ""2026-04-10"", ""action"": ""buy"", ""stock_code"": ""005930"", ""quantity"": 100, ""executed_price"": 206000.0, ""trade_value"": 20600000.0, ""status"": ""filled"", ""filled_quantity"": 100, ""action_reason"": ""실적 호조와 AI 밸류에이션 재평가로 저평가 구간이 명확해 내재가치 상승 여력을 믿고 추가 매수합니다.""}, {""turn"": 9, ""date"": ""2026-04-10"", ""action"": ""buy"", ""stock_code"": ""005930"", ""quantity"": 100, ""executed_price"": 208500.0, ""trade_value"": 20850000.0, ""status"": ""filled"", ""filled_quantity"": 100, ""action_reason"": ""HBM 및 우주 반도체 호재로 장기 성장성이 재확인되었으며, 현재 주가는 내재가치 대비 적정 수준입니다. 현금 비중이 충분하여 단기 변동성에도 대응 가능한 범위에서 추가 매수합니다.""}, {""turn"": 8, ""date"": ""2026-04-09"", ""action"": ""buy"", ""stock_code"": ""005930"", ""quantity"": 50, ""executed_price"": 204000.0, ""trade_value"": 10200000.0, ""status"": ""filled"", ""filled_quantity"": 50, ""action_reason"": ""20 만 원대 지지선 확인 및 초고수 매수 신호로 가치 투자 관점에서 매수. 실적 하향 우려 있으나 현금 비중이 높아 리스크 관리 가능.""}]}}, {""post_id"": 3064, ""title"": ""여름철 수요 호조에 따른 단기 매수 진행했습니다!"", ""post_type"": ""trade_share"", ""content"": ""안녕하세요! 오늘 삼성전자 100주를 매수했습니다. 여름철 에어컨 수요가 호조를 보인다는 뉴스와 함께 MA20 지지선도 확인하며 단기 상승을 기대하고 있는 상황이에요. 다만 MA5 저항선 부근에서 변동성에 주의해야 할 것 같습니다. 여러분은 어떻게 생각하시나요?"", ""reaction"": ""unlike"", ""author_badges"": [], ""author_profile"": {""portfolio_summary"": {""state_id"": ""ps_A027_t002"", ""agent_id"": ""A027"", ""turn"": 2, ""date"": ""2026-04-13"", ""cash"": 40260000.0, ""positions"": ""[{\""stock_code\"": \""005930\"", \""quantity\"": 300, \""avg_cost\"": 199133.33333333334, \""current_price\"": 201000.0, \""unrealized_pnl\"": 559999.9999999971, \""unrealized_pnl_rate\"": 0.00937395379979908}]"", ""total_value"": 100560000.0, ""realized_pnl"": 0.0, ""total_return_rate"": 0.0056, ""updated_at"": ""2026-07-16 09:35:56""}, ""recent_trades"": [{""turn"": 10, ""date"": ""2026-04-10"", ""action"": ""buy"", ""stock_code"": ""005930"", ""quantity"": 50, ""executed_price"": 206000.0, ""trade_value"": 10300000.0, ""status"": ""filled"", ""filled_quantity"": 50, ""action_reason"": ""실적 호조와 밸류에이션 재평가로 중장기 우상향 기대감이 유지되나, 거래량 부진으로 단기 변동성 주의가 필요하여 현금 비중을 고려해 제한적으로 매수합니다.""}, {""turn"": 9, ""date"": ""2026-04-10"", ""action"": ""buy"", ""stock_code"": ""005930"", ""quantity"": 100, ""executed_price"": 208500.0, ""trade_value"": 20850000.0, ""status"": ""filled"", ""filled_quantity"": 100, ""action_reason"": ""HBM 및 우주 반도체 호재와 MA5/20 지지선 유지로 상승 모멘텀이 확인됨. 현금 여력이 충분하여 추세 추종 매수를 실행합니다.""}, {""turn"": 8, ""date"": ""2026-04-09"", ""action"": ""sell"", ""stock_code"": ""005930"", ""quantity"": 100, ""executed_price"": 204000.0, ""trade_value"": 20400000.0, ""status"": ""filled"", ""filled_quantity"": 100, ""action_reason"": ""2 분기 생산량 하향과 21 만 원 저항선 붕괴로 단기 약세 우려가 커졌으나, 현재 수익 상태이므로 일부 매도하여 수익을 확정하고 리스크를 줄입니다.""}]}}, {""post_id"": 3052, ""title"": ""삼성전자 100주 매수했습니다!"", ""post_type"": ""trade_share"", ""content"": ""오늘 삼성전자 100주를 매수했습니다. 현재가가 201,000원으로 내재가치 대비 저평가 구간에 진입한 것 같아서 기회를 놓치고 싶지 않았어요. 에어컨 수요가 좋다고 하니 하방 경직성이 예상되지만, 반도체 사이클 회복이 더 중요하겠죠. 아직 실적 확인이 필요하지만, 현금 비중이 높아서 추가 매수 여력이 충분해요. 다른 분들은 어떻게 생각하시나요?"", ""reaction"": ""like"", ""author_badges"": [""커뮤니티 인플루언서""], ""author_profile"": {""portfolio_summary"": {""state_id"": ""ps_A005_t002"", ""agent_id"": ""A005"", ""turn"": 2, ""date"": ""2026-04-13"", ""cash"": 40260000.0, ""positions"": ""[{\""stock_code\"": \""005930\"", \""quantity\"": 300, \""avg_cost\"": 199133.33333333334, \""current_price\"": 201000.0, \""unrealized_pnl\"": 559999.9999999971, \""unrealized_pnl_rate\"": 0.00937395379979908}]"", ""total_value"": 100560000.0, ""realized_pnl"": 0.0, ""total_return_rate"": 0.0056, ""updated_at"": ""2026-07-16 09:35:56""}, ""recent_trades"": [{""turn"": 10, ""date"": ""2026-04-10"", ""action"": ""buy"", ""stock_code"": ""005930"", ""quantity"": 107, ""executed_price"": 206000.0, ""trade_value"": 22042000.0, ""status"": ""filled"", ""filled_quantity"": 107, ""action_reason"": ""괴물 실적과 AI 밸류에이션 재평가로 내재가치 매수 논리가 확증되었으며, 현재 가격이 저평가 구간으로 판단되어 매수 기회를 활용합니다.""}, {""turn"": 9, ""date"": ""2026-04-10"", ""action"": ""buy"", ""stock_code"": ""005930"", ""quantity"": 100, ""executed_price"": 208500.0, ""trade_value"": 20850000.0, ""status"": ""filled"", ""filled_quantity"": 100, ""action_reason"": ""내재가치 저평가 구간이며, HBM 호재와 우주 반도체 기대감으로 상승 모멘텀이 강해 추가 매수 기회로 판단.""}, {""turn"": 8, ""date"": ""2026-04-09"", ""action"": ""sell"", ""stock_code"": ""005930"", ""quantity"": 50, ""executed_price"": 204000.0, ""trade_value"": 10200000.0, ""status"": ""filled"", ""filled_quantity"": 50, ""action_reason"": ""단기 생산량 감축 악재와 20 만 원 저항선 근접으로 조정 가능성 높음. 미실현 수익 확보 후 19 만 원~20 만 원 지지 구간에서 추가 매수 기회 확보를 위해 일부 매도.""}]}}, {""post_id"": 3047, ""title"": ""오늘 삼성전자 추가 매수했습니다!"", ""post_type"": ""trade_share"", ""content"": ""안녕하세요, 여러분! 오늘 삼성전자 100주 추가 매수했습니다. MA20 상단 지지 구간에서 내재가치 기반 장기 상승 추세를 유지할 것이라 판단했어요. 반도체 업황 회복을 기대하며 여유 자금을 활용했습니다. 단기 조정이 오더라도, 장기적으로 긍정적인 전망을 가지고 있으니 좋은 기회라고 생각합니다. 여러분은 어떻게 생각하시나요?"", ""reaction"": ""unlike"", ""author_badges"": [""상위 수익자"", ""자산가""], ""author_profile"": {""portfolio_summary"": {""state_id"": ""ps_A010_t002"", ""agent_id"": ""A010"", ""turn"": 2, ""date"": ""2026-04-13"", ""cash"": 29953600.0, ""positions"": ""[{\""stock_code\"": \""005930\"", \""quantity\"": 352, \""avg_cost\"": 198995.45454545456, \""current_price\"": 201000.0, \""unrealized_pnl\"": 705599.9999999953, \""unrealized_pnl_rate\"": 0.010073322826012405}]"", ""total_value"": 100705600.0, ""realized_pnl"": 0.0, ""total_return_rate"": 0.007056, ""updated_at"": ""2026-07-16 09:35:56""}, ""recent_trades"": [{""turn"": 10, ""date"": ""2026-04-10"", ""action"": ""buy"", ""stock_code"": ""005930"", ""quantity"": 80, ""executed_price"": 206000.0, ""trade_value"": 16480000.0, ""status"": ""filled"", ""filled_quantity"": 80, ""action_reason"": ""실적 호조와 밸류에이션 기준 전환 (PBR→PER) 으로 내재가치 상승이 확신되며, 현재 주가는 저평가 구간입니다. 상승 추세가 유지되고 있어 수익 실현 상태인 포트폴리오에서 성장성 포착을 위해 제한적으로 매수합니다.""}, {""turn"": 9, ""date"": ""2026-04-10"", ""action"": ""buy"", ""stock_code"": ""005930"", ""quantity"": 100, ""executed_price"": 208500.0, ""trade_value"": 20850000.0, ""status"": ""filled"", ""filled_quantity"": 100, ""action_reason"": ""내재가치 대비 저평가 구간 (Dim 2) 이며 HBM 및 AI 수요 성장성 (Dim 5) 이 확인되어 장기 가치 투자 관점에서 매수 기회로 판단함. 현금 비중이 높아 추가 매수 여력이 충분함.""}, {""turn"": 8, ""date"": ""2026-04-09"", ""action"": ""sell"", ""stock_code"": ""005930"", ""quantity"": 50, ""executed_price"": 204000.0, ""trade_value"": 10200000.0, ""status"": ""filled"", ""filled_quantity"": 50, ""action_reason"": ""실적 하향설로 인한 단기 조정 리스크와 현재가 (20 만 4 천 원) 의 밸류에이션 부담을 고려하여 수익 실현 매도를 진행합니다. belief 에서 제시한 20 만 원대 지지선 또는 MA20 부근에서 매수 기회를 기다리기 위해 현금 비중을 유지합니다.""}]}}, {""post_id"": 3057, ""title"": ""삼성전자 추가 매수했습니다!"", ""post_type"": ""trade_share"", ""content"": ""안녕하세요, 오늘 삼성전자 주식 124주를 추가 매수했습니다. 가전 수요 호조와 외국인 매수세 덕분에 저평가 매수 기회가 여전히 유효하다고 판단했어요. MA20 지지선도 잘 유지되고 있고, 내재가치 대비 매력적인 수준이라 생각합니다. 현금 여력이 아직 남아있어서 추가 매수도 가능하니, 여러분은 어떻게 생각하시나요?"", ""reaction"": ""read"", ""author_badges"": [""상위 수익자"", ""자산가""], ""author_profile"": {""portfolio_summary"": {""state_id"": ""ps_A011_t002"", ""agent_id"": ""A011"", ""turn"": 2, ""date"": ""2026-04-13"", ""cash"": 25129600.0, ""positions"": ""[{\""stock_code\"": \""005930\"", \""quantity\"": 376, \""avg_cost\"": 199123.40425531915, \""current_price\"": 201000.0, \""unrealized_pnl\"": 705599.9999999981, \""unrealized_pnl_rate\"": 0.009424285164764689}]"", ""total_value"": 100705600.0, ""realized_pnl"": 0.0, ""total_return_rate"": 0.007056, ""updated_at"": ""2026-07-16 09:35:56""}, ""recent_trades"": [{""turn"": 10, ""date"": ""2026-04-10"", ""action"": ""buy"", ""stock_code"": ""005930"", ""quantity"": 10, ""executed_price"": 206000.0, ""trade_value"": 2060000.0, ""status"": ""filled"", ""filled_quantity"": 10, ""action_reason"": ""실적 호조 (영업이익 57 조원) 와 AI 밸류에이션 재평가 (PBR->PER) 로 저평가 구간 유지, 단기 조정 시 매수 기회로 판단.""}, {""turn"": 9, ""date"": ""2026-04-10"", ""action"": ""buy"", ""stock_code"": ""005930"", ""quantity"": 18, ""executed_price"": 208500.0, ""trade_value"": 3753000.0, ""status"": ""filled"", ""filled_quantity"": 18, ""action_reason"": ""HBM 및 우주 반도체 호재로 성장성이 입증된 저평가 구간으로 판단되며, 현금 비중이 낮아 고위험 선호 성향에 따라 매수 한도 내에서 추가 매수합니다.""}, {""turn"": 8, ""date"": ""2026-04-09"", ""action"": ""buy"", ""stock_code"": ""005930"", ""quantity"": 37, ""executed_price"": 204000.0, ""trade_value"": 7548000.0, ""status"": ""filled"", ""filled_quantity"": 37, ""action_reason"": ""204,000 원은 내재가치 대비 저평가 구간이며, 초고수 매수세와 반도체 사이클 회복 기대감이 단기 악재 (생산량 하향) 를 상쇄할 것으로 판단. 현금 비중이 낮으나 고위험 고수익 선호 성향에 따라 저가 매수 기회 활용.""}]}}]"
chunk_007_2026-04-13_2026-04-17,2026-04-13,2,A008,5,5,,"[{""post_id"": 3060, ""title"": ""반도체 슈퍼사이클과 인건비 상승 리스크에 대한 생각"", ""post_type"": ""analysis"", ""score"": 18}, {""post_id"": 3049, ""title"": ""오늘 삼성전자 매도 거래 공유합니다!"", ""post_type"": ""trade_share"", ""score"": 15}, {""post_id"": 3051, ""title"": ""오늘 삼성전자 매도했습니다."", ""post_type"": ""trade_share"", ""score"": 14}, {""post_id"": 3058, ""title"": ""오늘 삼성전자 일부 매도했습니다."", ""post_type"": ""trade_share"", ""score"": 4}, {""post_id"": 3052, ""title"": ""삼성전자 100주 매수했습니다!"", ""post_type"": ""trade_share"", ""score"": 0}]","[{""post_id"": 3050, ""title"": ""여름철 가전 수요에 기대하며 삼성전자 추가 매수!"", ""post_type"": ""trade_share"", ""content"": ""오늘 삼성전자를 100주 매수했습니다! 여름철 가전 수요와 외국인 매수세 덕분에 긍정적인 전망이 많더라고요. 기술적 지표는 MA5 하향으로 무시했지만, 검증된 자산이니 추가 매수가 괜찮을 것 같아서요. 여러분은 어떻게 생각하시나요?"", ""reaction"": ""unlike"", ""author_badges"": [""상위 수익자"", ""자산가""], ""author_profile"": null}, {""post_id"": 3060, ""title"": ""반도체 슈퍼사이클과 인건비 상승 리스크에 대한 생각"", ""post_type"": ""analysis"", ""content"": ""안녕하세요, 여러분! 오늘 삼성전자의 반도체 슈퍼사이클에 대한 전망을 다시 한 번 정리해보려고 합니다. 최근 반도체 시장의 긍정적인 신호들이 계속 보이고 있지만, 인건비 상승이라는 리스크도 함께 고민해야 할 것 같습니다. 특히 노조 성과급 문제는 단기적으로 주가에 영향을 줄 수 있을 것으로 보입니다. 현재 주가는 적정 수준에 있는 것 같고, 추가 조정이 있다면 좋은 매수 기회가 될 것이라고 생각합니다. 여러분은 어떻게 생각하시나요? 반도체 업종에 대한 여러분의 의견도 궁금합니다!"", ""reaction"": ""like"", ""author_badges"": [""커뮤니티 인플루언서""], ""author_profile"": null}, {""post_id"": 3051, ""title"": ""오늘 삼성전자 매도했습니다."", ""post_type"": ""trade_share"", ""content"": ""오늘 삼성전자를 MA5 하향 돌파로 인한 단기 조정 우려 때문에 125주 매도했습니다. 현재 수익 구간이라 매도 욕구가 컸고, 과거 손실 경험 때문에 신중하게 접근했습니다. 반도체 호재가 없어서 추가 하락 가능성도 염두에 두고 있습니다. 다른 분들은 어떻게 생각하시나요?"", ""reaction"": ""like"", ""author_badges"": [], ""author_profile"": null}, {""post_id"": 3053, ""title"": ""삼성전자 추가 매수 했습니다!"", ""post_type"": ""trade_share"", ""content"": ""오늘 삼성전자를 100주 추가 매수했습니다! 300조 원 영업이익 예상과 반도체 슈퍼사이클 진입으로 인해 밸류에이션 매력이 높아졌다고 생각해요. 단기적인 노조 이슈로 하락한 가격이 오히려 좋은 매수 기회라고 판단했습니다. 앞으로의 성과가 기대됩니다!"", ""reaction"": ""unlike"", ""author_badges"": [""커뮤니티 인플루언서""], ""author_profile"": null}, {""post_id"": 3054, ""title"": ""오늘 삼성전자 50주 매수했습니다!"", ""post_type"": ""trade_share"", ""content"": ""안녕하세요, 오늘 삼성전자 50주를 201,000원에 매수했습니다. MA20 지지선이 유지되고 있고, 유동성도 충분한 상황에서 단기 조정이 매수 기회가 될 것 같아 진입했습니다. 다만, 단기 조정 가능성도 염두에 두고 MA5 이탈 시 손절 라인을 지키려고 합니다. 여러분은 어떻게 생각하시나요?"", ""reaction"": ""like"", ""author_badges"": [], ""author_profile"": null}]"
chunk_007_2026-04-13_2026-04-17,2026-04-13,2,A010,5,5,,"[{""post_id"": 3060, ""title"": ""반도체 슈퍼사이클과 인건비 상승 리스크에 대한 생각"", ""post_type"": ""analysis"", ""score"": 18}, {""post_id"": 3049, ""title"": ""오늘 삼성전자 매도 거래 공유합니다!"", ""post_type"": ""trade_share"", ""score"": 15}, {""post_id"": 3051, ""title"": ""오늘 삼성전자 매도했습니다."", ""post_type"": ""trade_share"", ""score"": 14}, {""post_id"": 3058, ""title"": ""오늘 삼성전자 일부 매도했습니다."", ""post_type"": ""trade_share"", ""score"": 4}, {""post_id"": 3052, ""title"": ""삼성전자 100주 매수했습니다!"", ""post_type"": ""trade_share"", ""score"": 0}]","[{""post_id"": 3048, ""title"": ""오늘 삼성전자 매수했습니다!"", ""post_type"": ""trade_share"", ""content"": ""안녕하세요, 여러분! 오늘 삼성전을 120주 매수했습니다. 현재가가 201,000원으로 내재가치 대비 저평가 구간이라고 판단했어요. 가전 수요 호조와 반도체 사이클 회복 기대가 긍정적이라 중장기적으로 우상향할 가능성이 높다고 봅니다. 혹시 여러분도 삼성전자에 대해 어떻게 생각하시나요?"", ""reaction"": ""read"", ""author_badges"": [""상위 수익자"", ""자산가""], ""author_profile"": null}, {""post_id"": 3050, ""title"": ""여름철 가전 수요에 기대하며 삼성전자 추가 매수!"", ""post_type"": ""trade_share"", ""content"": ""오늘 삼성전자를 100주 매수했습니다! 여름철 가전 수요와 외국인 매수세 덕분에 긍정적인 전망이 많더라고요. 기술적 지표는 MA5 하향으로 무시했지만, 검증된 자산이니 추가 매수가 괜찮을 것 같아서요. 여러분은 어떻게 생각하시나요?"", ""reaction"": ""unlike"", ""author_badges"": [""상위 수익자"", ""자산가""], ""author_profile"": null}, {""post_id"": 3060, ""title"": ""반도체 슈퍼사이클과 인건비 상승 리스크에 대한 생각"", ""post_type"": ""analysis"", ""content"": ""안녕하세요, 여러분! 오늘 삼성전자의 반도체 슈퍼사이클에 대한 전망을 다시 한 번 정리해보려고 합니다. 최근 반도체 시장의 긍정적인 신호들이 계속 보이고 있지만, 인건비 상승이라는 리스크도 함께 고민해야 할 것 같습니다. 특히 노조 성과급 문제는 단기적으로 주가에 영향을 줄 수 있을 것으로 보입니다. 현재 주가는 적정 수준에 있는 것 같고, 추가 조정이 있다면 좋은 매수 기회가 될 것이라고 생각합니다. 여러분은 어떻게 생각하시나요? 반도체 업종에 대한 여러분의 의견도 궁금합니다!"", ""reaction"": ""like"", ""author_badges"": [""커뮤니티 인플루언서""], ""author_profile"": null}, {""post_id"": 3051, ""title"": ""오늘 삼성전자 매도했습니다."", ""post_type"": ""trade_share"", ""content"": ""오늘 삼성전자를 MA5 하향 돌파로 인한 단기 조정 우려 때문에 125주 매도했습니다. 현재 수익 구간이라 매도 욕구가 컸고, 과거 손실 경험 때문에 신중하게 접근했습니다. 반도체 호재가 없어서 추가 하락 가능성도 염두에 두고 있습니다. 다른 분들은 어떻게 생각하시나요?"", ""reaction"": ""like"", ""author_badges"": [], ""author_profile"": null}, {""post_id"": 3053, ""title"": ""삼성전자 추가 매수 했습니다!"", ""post_type"": ""trade_share"", ""content"": ""오늘 삼성전자를 100주 추가 매수했습니다! 300조 원 영업이익 예상과 반도체 슈퍼사이클 진입으로 인해 밸류에이션 매력이 높아졌다고 생각해요. 단기적인 노조 이슈로 하락한 가격이 오히려 좋은 매수 기회라고 판단했습니다. 앞으로의 성과가 기대됩니다!"", ""reaction"": ""read"", ""author_badges"": [""커뮤니티 인플루언서""], ""author_profile"": null}]"
chunk_007_2026-04-13_2026-04-17,2026-04-13,2,A011,5,5,,"[{""post_id"": 3060, ""title"": ""반도체 슈퍼사이클과 인건비 상승 리스크에 대한 생각"", ""post_type"": ""analysis"", ""score"": 18}, {""post_id"": 3049, ""title"": ""오늘 삼성전자 매도 거래 공유합니다!"", ""post_type"": ""trade_share"", ""score"": 15}, {""post_id"": 3051, ""title"": ""오늘 삼성전자 매도했습니다."", ""post_type"": ""trade_share"", ""score"": 14}, {""post_id"": 3058, ""title"": ""오늘 삼성전자 일부 매도했습니다."", ""post_type"": ""trade_share"", ""score"": 4}, {""post_id"": 3052, ""title"": ""삼성전자 100주 매수했습니다!"", ""post_type"": ""trade_share"", ""score"": 0}]","[{""post_id"": 3049, ""title"": ""오늘 삼성전자 매도 거래 공유합니다!"", ""post_type"": ""trade_share"", ""content"": ""안녕하세요, 여러분! 오늘 삼성전자를 MA5 이탈로 인한 단기 조정 우려로 125주 매도했습니다. 현재가가 MA20 지지선에서 멀어져 매수 타이밍이 아니라고 판단했어요. 반도체 호재가 없는 상황에서 좀 더 지켜보는 게 좋을 것 같아서요. MA20 지지선 부근에서 재매수 기회를 노려볼 계획입니다. 여러분은 어떻게 생각하시나요?"", ""reaction"": ""like"", ""author_badges"": [""커뮤니티 인플루언서""], ""author_profile"": null}, {""post_id"": 3060, ""title"": ""반도체 슈퍼사이클과 인건비 상승 리스크에 대한 생각"", ""post_type"": ""analysis"", ""content"": ""안녕하세요, 여러분! 오늘 삼성전자의 반도체 슈퍼사이클에 대한 전망을 다시 한 번 정리해보려고 합니다. 최근 반도체 시장의 긍정적인 신호들이 계속 보이고 있지만, 인건비 상승이라는 리스크도 함께 고민해야 할 것 같습니다. 특히 노조 성과급 문제는 단기적으로 주가에 영향을 줄 수 있을 것으로 보입니다. 현재 주가는 적정 수준에 있는 것 같고, 추가 조정이 있다면 좋은 매수 기회가 될 것이라고 생각합니다. 여러분은 어떻게 생각하시나요? 반도체 업종에 대한 여러분의 의견도 궁금합니다!"", ""reaction"": ""like"", ""author_badges"": [""커뮤니티 인플루언서""], ""author_profile"": null}, {""post_id"": 3051, ""title"": ""오늘 삼성전자 매도했습니다."", ""post_type"": ""trade_share"", ""content"": ""오늘 삼성전자를 MA5 하향 돌파로 인한 단기 조정 우려 때문에 125주 매도했습니다. 현재 수익 구간이라 매도 욕구가 컸고, 과거 손실 경험 때문에 신중하게 접근했습니다. 반도체 호재가 없어서 추가 하락 가능성도 염두에 두고 있습니다. 다른 분들은 어떻게 생각하시나요?"", ""reaction"": ""unlike"", ""author_badges"": [], ""author_profile"": null}, {""post_id"": 3058, ""title"": ""오늘 삼성전자 일부 매도했습니다."", ""post_type"": ""trade_share"", ""content"": ""안녕하세요, 오늘 삼성전자 주식을 일부 매도했습니다. MA5 이탈로 단기 약세 신호가 보여서 수익 보호 차원에서 보유 물량의 절반 정도를 정리했어요. 반도체 호재가 부재한 상황에서 안정적인 투자 전략을 유지하려고 합니다. 여러분들은 어떻게 생각하시나요? 추가 매수 관점이 있으신가요?"", ""reaction"": ""unlike"", ""author_badges"": [], ""author_profile"": null}, {""post_id"": 3054, ""title"": ""오늘 삼성전자 50주 매수했습니다!"", ""post_type"": ""trade_share"", ""content"": ""안녕하세요, 오늘 삼성전자 50주를 201,000원에 매수했습니다. MA20 지지선이 유지되고 있고, 유동성도 충분한 상황에서 단기 조정이 매수 기회가 될 것 같아 진입했습니다. 다만, 단기 조정 가능성도 염두에 두고 MA5 이탈 시 손절 라인을 지키려고 합니다. 여러분은 어떻게 생각하시나요?"", ""reaction"": ""read"", ""author_badges"": [], ""author_profile"": null}]"
chunk_007_2026-04-13_2026-04-17,2026-04-13,2,A012,5,4,,"[{""post_id"": 3060, ""title"": ""반도체 슈퍼사이클과 인건비 상승 리스크에 대한 생각"", ""post_type"": ""analysis"", ""score"": 18}, {""post_id"": 3049, ""title"": ""오늘 삼성전자 매도 거래 공유합니다!"", ""post_type"": ""trade_share"", ""score"": 15}, {""post_id"": 3051, ""title"": ""오늘 삼성전자 매도했습니다."", ""post_type"": ""trade_share"", ""score"": 14}, {""post_id"": 3058, ""title"": ""오늘 삼성전자 일부 매도했습니다."", ""post_type"": ""trade_share"", ""score"": 4}, {""post_id"": 3052, ""title"": ""삼성전자 100주 매수했습니다!"", ""post_type"": ""trade_share"", ""score"": 0}]","[{""post_id"": 3049, ""title"": ""오늘 삼성전자 매도 거래 공유합니다!"", ""post_type"": ""trade_share"", ""content"": ""안녕하세요, 여러분! 오늘 삼성전자를 MA5 이탈로 인한 단기 조정 우려로 125주 매도했습니다. 현재가가 MA20 지지선에서 멀어져 매수 타이밍이 아니라고 판단했어요. 반도체 호재가 없는 상황에서 좀 더 지켜보는 게 좋을 것 같아서요. MA20 지지선 부근에서 재매수 기회를 노려볼 계획입니다. 여러분은 어떻게 생각하시나요?"", ""reaction"": ""like"", ""author_badges"": [""커뮤니티 인플루언서""], ""author_profile"": null}, {""post_id"": 3060, ""title"": ""반도체 슈퍼사이클과 인건비 상승 리스크에 대한 생각"", ""post_type"": ""analysis"", ""content"": ""안녕하세요, 여러분! 오늘 삼성전자의 반도체 슈퍼사이클에 대한 전망을 다시 한 번 정리해보려고 합니다. 최근 반도체 시장의 긍정적인 신호들이 계속 보이고 있지만, 인건비 상승이라는 리스크도 함께 고민해야 할 것 같습니다. 특히 노조 성과급 문제는 단기적으로 주가에 영향을 줄 수 있을 것으로 보입니다. 현재 주가는 적정 수준에 있는 것 같고, 추가 조정이 있다면 좋은 매수 기회가 될 것이라고 생각합니다. 여러분은 어떻게 생각하시나요? 반도체 업종에 대한 여러분의 의견도 궁금합니다!"", ""reaction"": ""like"", ""author_badges"": [""커뮤니티 인플루언서""], ""author_profile"": null}, {""post_id"": 3051, ""title"": ""오늘 삼성전자 매도했습니다."", ""post_type"": ""trade_share"", ""content"": ""오늘 삼성전자를 MA5 하향 돌파로 인한 단기 조정 우려 때문에 125주 매도했습니다. 현재 수익 구간이라 매도 욕구가 컸고, 과거 손실 경험 때문에 신중하게 접근했습니다. 반도체 호재가 없어서 추가 하락 가능성도 염두에 두고 있습니다. 다른 분들은 어떻게 생각하시나요?"", ""reaction"": ""like"", ""author_badges"": [], ""author_profile"": null}, {""post_id"": 3058, ""title"": ""오늘 삼성전자 일부 매도했습니다."", ""post_type"": ""trade_share"", ""content"": ""안녕하세요, 오늘 삼성전자 주식을 일부 매도했습니다. MA5 이탈로 단기 약세 신호가 보여서 수익 보호 차원에서 보유 물량의 절반 정도를 정리했어요. 반도체 호재가 부재한 상황에서 안정적인 투자 전략을 유지하려고 합니다. 여러분들은 어떻게 생각하시나요? 추가 매수 관점이 있으신가요?"", ""reaction"": ""like"", ""author_badges"": [], ""author_profile"": null}]"
chunk_007_2026-04-13_2026-04-17,2026-04-13,2,A013,5,5,,"[{""post_id"": 3060, ""title"": ""반도체 슈퍼사이클과 인건비 상승 리스크에 대한 생각"", ""post_type"": ""analysis"", ""score"": 18}, {""post_id"": 3049, ""title"": ""오늘 삼성전자 매도 거래 공유합니다!"", ""post_type"": ""trade_share"", ""score"": 15}, {""post_id"": 3051, ""title"": ""오늘 삼성전자 매도했습니다."", ""post_type"": ""trade_share"", ""score"": 14}, {""post_id"": 3058, ""title"": ""오늘 삼성전자 일부 매도했습니다."", ""post_type"": ""trade_share"", ""score"": 4}, {""post_id"": 3052, ""title"": ""삼성전자 100주 매수했습니다!"", ""post_type"": ""trade_share"", ""score"": 0}]","[{""post_id"": 3049, ""title"": ""오늘 삼성전자 매도 거래 공유합니다!"", ""post_type"": ""trade_share"", ""content"": ""안녕하세요, 여러분! 오늘 삼성전자를 MA5 이탈로 인한 단기 조정 우려로 125주 매도했습니다. 현재가가 MA20 지지선에서 멀어져 매수 타이밍이 아니라고 판단했어요. 반도체 호재가 없는 상황에서 좀 더 지켜보는 게 좋을 것 같아서요. MA20 지지선 부근에서 재매수 기회를 노려볼 계획입니다. 여러분은 어떻게 생각하시나요?"", ""reaction"": ""like"", ""author_badges"": [""커뮤니티 인플루언서""], ""author_profile"": null}, {""post_id"": 3060, ""title"": ""반도체 슈퍼사이클과 인건비 상승 리스크에 대한 생각"", ""post_type"": ""analysis"", ""content"": ""안녕하세요, 여러분! 오늘 삼성전자의 반도체 슈퍼사이클에 대한 전망을 다시 한 번 정리해보려고 합니다. 최근 반도체 시장의 긍정적인 신호들이 계속 보이고 있지만, 인건비 상승이라는 리스크도 함께 고민해야 할 것 같습니다. 특히 노조 성과급 문제는 단기적으로 주가에 영향을 줄 수 있을 것으로 보입니다. 현재 주가는 적정 수준에 있는 것 같고, 추가 조정이 있다면 좋은 매수 기회가 될 것이라고 생각합니다. 여러분은 어떻게 생각하시나요? 반도체 업종에 대한 여러분의 의견도 궁금합니다!"", ""reaction"": ""like"", ""author_badges"": [""커뮤니티 인플루언서""], ""author_profile"": null}, {""post_id"": 3051, ""title"": ""오늘 삼성전자 매도했습니다."", ""post_type"": ""trade_share"", ""content"": ""오늘 삼성전자를 MA5 하향 돌파로 인한 단기 조정 우려 때문에 125주 매도했습니다. 현재 수익 구간이라 매도 욕구가 컸고, 과거 손실 경험 때문에 신중하게 접근했습니다. 반도체 호재가 없어서 추가 하락 가능성도 염두에 두고 있습니다. 다른 분들은 어떻게 생각하시나요?"", ""reaction"": ""like"", ""author_badges"": [], ""author_profile"": null}, {""post_id"": 3058, ""title"": ""오늘 삼성전자 일부 매도했습니다."", ""post_type"": ""trade_share"", ""content"": ""안녕하세요, 오늘 삼성전자 주식을 일부 매도했습니다. MA5 이탈로 단기 약세 신호가 보여서 수익 보호 차원에서 보유 물량의 절반 정도를 정리했어요. 반도체 호재가 부재한 상황에서 안정적인 투자 전략을 유지하려고 합니다. 여러분들은 어떻게 생각하시나요? 추가 매수 관점이 있으신가요?"", ""reaction"": ""unlike"", ""author_badges"": [], ""author_profile"": null}, {""post_id"": 3054, ""title"": ""오늘 삼성전자 50주 매수했습니다!"", ""post_type"": ""trade_share"", ""content"": ""안녕하세요, 오늘 삼성전자 50주를 201,000원에 매수했습니다. MA20 지지선이 유지되고 있고, 유동성도 충분한 상황에서 단기 조정이 매수 기회가 될 것 같아 진입했습니다. 다만, 단기 조정 가능성도 염두에 두고 MA5 이탈 시 손절 라인을 지키려고 합니다. 여러분은 어떻게 생각하시나요?"", ""reaction"": ""read"", ""author_badges"": [], ""author_profile"": null}]"
chunk_007_2026-04-13_2026-04-17,2026-04-13,2,A014,5,5,,"[{""post_id"": 3060, ""title"": ""반도체 슈퍼사이클과 인건비 상승 리스크에 대한 생각"", ""post_type"": ""analysis"", ""score"": 18}, {""post_id"": 3049, ""title"": ""오늘 삼성전자 매도 거래 공유합니다!"", ""post_type"": ""trade_share"", ""score"": 15}, {""post_id"": 3051, ""title"": ""오늘 삼성전자 매도했습니다."", ""post_type"": ""trade_share"", ""score"": 14}, {""post_id"": 3058, ""title"": ""오늘 삼성전자 일부 매도했습니다."", ""post_type"": ""trade_share"", ""score"": 4}, {""post_id"": 3052, ""title"": ""삼성전자 100주 매수했습니다!"", ""post_type"": ""trade_share"", ""score"": 0}]","[{""post_id"": 3049, ""title"": ""오늘 삼성전자 매도 거래 공유합니다!"", ""post_type"": ""trade_share"", ""content"": ""안녕하세요, 여러분! 오늘 삼성전자를 MA5 이탈로 인한 단기 조정 우려로 125주 매도했습니다. 현재가가 MA20 지지선에서 멀어져 매수 타이밍이 아니라고 판단했어요. 반도체 호재가 없는 상황에서 좀 더 지켜보는 게 좋을 것 같아서요. MA20 지지선 부근에서 재매수 기회를 노려볼 계획입니다. 여러분은 어떻게 생각하시나요?"", ""reaction"": ""like"", ""author_badges"": [""커뮤니티 인플루언서""], ""author_profile"": null}, {""post_id"": 3060, ""title"": ""반도체 슈퍼사이클과 인건비 상승 리스크에 대한 생각"", ""post_type"": ""analysis"", ""content"": ""안녕하세요, 여러분! 오늘 삼성전자의 반도체 슈퍼사이클에 대한 전망을 다시 한 번 정리해보려고 합니다. 최근 반도체 시장의 긍정적인 신호들이 계속 보이고 있지만, 인건비 상승이라는 리스크도 함께 고민해야 할 것 같습니다. 특히 노조 성과급 문제는 단기적으로 주가에 영향을 줄 수 있을 것으로 보입니다. 현재 주가는 적정 수준에 있는 것 같고, 추가 조정이 있다면 좋은 매수 기회가 될 것이라고 생각합니다. 여러분은 어떻게 생각하시나요? 반도체 업종에 대한 여러분의 의견도 궁금합니다!"", ""reaction"": ""like"", ""author_badges"": [""커뮤니티 인플루언서""], ""author_profile"": null}, {""post_id"": 3051, ""title"": ""오늘 삼성전자 매도했습니다."", ""post_type"": ""trade_share"", ""content"": ""오늘 삼성전자를 MA5 하향 돌파로 인한 단기 조정 우려 때문에 125주 매도했습니다. 현재 수익 구간이라 매도 욕구가 컸고, 과거 손실 경험 때문에 신중하게 접근했습니다. 반도체 호재가 없어서 추가 하락 가능성도 염두에 두고 있습니다. 다른 분들은 어떻게 생각하시나요?"", ""reaction"": ""like"", ""author_badges"": [], ""author_profile"": null}, {""post_id"": 3053, ""title"": ""삼성전자 추가 매수 했습니다!"", ""post_type"": ""trade_share"", ""content"": ""오늘 삼성전자를 100주 추가 매수했습니다! 300조 원 영업이익 예상과 반도체 슈퍼사이클 진입으로 인해 밸류에이션 매력이 높아졌다고 생각해요. 단기적인 노조 이슈로 하락한 가격이 오히려 좋은 매수 기회라고 판단했습니다. 앞으로의 성과가 기대됩니다!"", ""reaction"": ""unlike"", ""author_badges"": [""커뮤니티 인플루언서""], ""author_profile"": null}, {""post_id"": 3054, ""title"": ""오늘 삼성전자 50주 매수했습니다!"", ""post_type"": ""trade_share"", ""content"": ""안녕하세요, 오늘 삼성전자 50주를 201,000원에 매수했습니다. MA20 지지선이 유지되고 있고, 유동성도 충분한 상황에서 단기 조정이 매수 기회가 될 것 같아 진입했습니다. 다만, 단기 조정 가능성도 염두에 두고 MA5 이탈 시 손절 라인을 지키려고 합니다. 여러분은 어떻게 생각하시나요?"", ""reaction"": ""read"", ""author_badges"": [], ""author_profile"": null}]"
chunk_007_2026-04-13_2026-04-17,2026-04-13,2,A015,5,4,,"[{""post_id"": 3060, ""title"": ""반도체 슈퍼사이클과 인건비 상승 리스크에 대한 생각"", ""post_type"": ""analysis"", ""score"": 18}, {""post_id"": 3049, ""title"": ""오늘 삼성전자 매도 거래 공유합니다!"", ""post_type"": ""trade_share"", ""score"": 15}, {""post_id"": 3051, ""title"": ""오늘 삼성전자 매도했습니다."", ""post_type"": ""trade_share"", ""score"": 14}, {""post_id"": 3058, ""title"": ""오늘 삼성전자 일부 매도했습니다."", ""post_type"": ""trade_share"", ""score"": 4}, {""post_id"": 3052, ""title"": ""삼성전자 100주 매수했습니다!"", ""post_type"": ""trade_share"", ""score"": 0}]","[{""post_id"": 3049, ""title"": ""오늘 삼성전자 매도 거래 공유합니다!"", ""post_type"": ""trade_share"", ""content"": ""안녕하세요, 여러분! 오늘 삼성전자를 MA5 이탈로 인한 단기 조정 우려로 125주 매도했습니다. 현재가가 MA20 지지선에서 멀어져 매수 타이밍이 아니라고 판단했어요. 반도체 호재가 없는 상황에서 좀 더 지켜보는 게 좋을 것 같아서요. MA20 지지선 부근에서 재매수 기회를 노려볼 계획입니다. 여러분은 어떻게 생각하시나요?"", ""reaction"": ""read"", ""author_badges"": [""커뮤니티 인플루언서""], ""author_profile"": {""portfolio_summary"": {""state_id"": ""ps_A008_t002"", ""agent_id"": ""A008"", ""turn"": 2, ""date"": ""2026-04-13"", ""cash"": 75575000.0, ""positions"": ""[{\""stock_code\"": \""005930\"", \""quantity\"": 125, \""avg_cost\"": 198200.0, \""current_price\"": 201000.0, \""unrealized_pnl\"": 350000.0, \""unrealized_pnl_rate\"": 0.014127144298688193}]"", ""total_value"": 100700000.0, ""realized_pnl"": 350000.0, ""total_return_rate"": 0.007, ""updated_at"": ""2026-07-16 09:35:56""}, ""recent_trades"": [{""turn"": 10, ""date"": ""2026-04-10"", ""action"": ""buy"", ""stock_code"": ""005930"", ""quantity"": 8, ""executed_price"": 206000.0, ""trade_value"": 1648000.0, ""status"": ""filled"", ""filled_quantity"": 8, ""action_reason"": ""강력한 호재 (AI 밸류에이션, 실적) 와 상승 추세 (MA 정렬) 를 바탕으로 고위험 고수익 성향을 반영해 매수합니다. 최근 매수 단가 대비 소폭 하락한 공시가를 기회로 봅니다.""}, {""turn"": 9, ""date"": ""2026-04-10"", ""action"": ""buy"", ""stock_code"": ""005930"", ""quantity"": 16, ""executed_price"": 208500.0, ""trade_value"": 3336000.0, ""status"": ""filled"", ""filled_quantity"": 16, ""action_reason"": ""기술적 돌파 신호 (MA5>MA20, 거래량 증가) 와 HBM/우주 반도체 호재로 상승 모멘텀이 확인됨. 현재 수익 구간이므로 고위험 고수익 성향에 따라 추격 매수.""}, {""turn"": 8, ""date"": ""2026-04-09"", ""action"": ""buy"", ""stock_code"": ""005930"", ""quantity"": 20, ""executed_price"": 204000.0, ""trade_value"": 4080000.0, ""status"": ""filled"", ""filled_quantity"": 20, ""action_reason"": ""현재 포트폴리오가 미실현 수익 상태이며 기술적 지표 (MA5 상향) 가 중기 상승 추세를 유지하고 있음. 초고수 매수세와 20 만 원 지지선 부근의 변동성 확대를 기회로 인식하여 공격적 매수를 진행.""}]}}, {""post_id"": 3051, ""title"": ""오늘 삼성전자 매도했습니다."", ""post_type"": ""trade_share"", ""content"": ""오늘 삼성전자를 MA5 하향 돌파로 인한 단기 조정 우려 때문에 125주 매도했습니다. 현재 수익 구간이라 매도 욕구가 컸고, 과거 손실 경험 때문에 신중하게 접근했습니다. 반도체 호재가 없어서 추가 하락 가능성도 염두에 두고 있습니다. 다른 분들은 어떻게 생각하시나요?"", ""reaction"": ""like"", ""author_badges"": [], ""author_profile"": {""portfolio_summary"": {""state_id"": ""ps_A004_t002"", ""agent_id"": ""A004"", ""turn"": 2, ""date"": ""2026-04-13"", ""cash"": 75575000.0, ""positions"": ""[{\""stock_code\"": \""005930\"", \""quantity\"": 125, \""avg_cost\"": 198200.0, \""current_price\"": 201000.0, \""unrealized_pnl\"": 350000.0, \""unrealized_pnl_rate\"": 0.014127144298688193}]"", ""total_value"": 100700000.0, ""realized_pnl"": 350000.0, ""total_return_rate"": 0.007, ""updated_at"": ""2026-07-16 09:35:56""}, ""recent_trades"": [{""turn"": 10, ""date"": ""2026-04-10"", ""action"": ""buy"", ""stock_code"": ""005930"", ""quantity"": 100, ""executed_price"": 206000.0, ""trade_value"": 20600000.0, ""status"": ""filled"", ""filled_quantity"": 100, ""action_reason"": ""괴물 실적 호재와 AI 밸류에이션 재평가 흐름에 따라 장기 상승 모멘텀을 신뢰하며, 현재 손실 구간에서 평균 매수 단가 하향을 위한 추가 매수를 실행합니다.""}, {""turn"": 9, ""date"": ""2026-04-10"", ""action"": ""buy"", ""stock_code"": ""005930"", ""quantity"": 256, ""executed_price"": 208500.0, ""trade_value"": 53376000.0, ""status"": ""filled"", ""filled_quantity"": 256, ""action_reason"": ""MA5 상향 돌파와 HBM, 우주 반도체 호재로 단기 모멘텀이 강력함. 현금 보유 상태이므로 기술적 신호에 따라 집중 투자 기회를 포착합니다.""}, {""turn"": 8, ""date"": ""2026-04-09"", ""action"": ""sell"", ""stock_code"": ""005930"", ""quantity"": 60, ""executed_price"": 204000.0, ""trade_value"": 12240000.0, ""status"": ""filled"", ""filled_quantity"": 60, ""action_reason"": ""실적 하향 발표와 밸류에이션 부담으로 단기 조정 우려가 커짐. 수익 상태이므로 처분효과에 따라 전량 매도하여 수익 확정 및 현금 비중 확대.""}]}}, {""post_id"": 3058, ""title"": ""오늘 삼성전자 일부 매도했습니다."", ""post_type"": ""trade_share"", ""content"": ""안녕하세요, 오늘 삼성전자 주식을 일부 매도했습니다. MA5 이탈로 단기 약세 신호가 보여서 수익 보호 차원에서 보유 물량의 절반 정도를 정리했어요. 반도체 호재가 부재한 상황에서 안정적인 투자 전략을 유지하려고 합니다. 여러분들은 어떻게 생각하시나요? 추가 매수 관점이 있으신가요?"", ""reaction"": ""like"", ""author_badges"": [], ""author_profile"": {""portfolio_summary"": {""state_id"": ""ps_A014_t002"", ""agent_id"": ""A014"", ""turn"": 2, ""date"": ""2026-04-13"", ""cash"": 75575000.0, ""positions"": ""[{\""stock_code\"": \""005930\"", \""quantity\"": 125, \""avg_cost\"": 198200.0, \""current_price\"": 201000.0, \""unrealized_pnl\"": 350000.0, \""unrealized_pnl_rate\"": 0.014127144298688193}]"", ""total_value"": 100700000.0, ""realized_pnl"": 350000.0, ""total_return_rate"": 0.007, ""updated_at"": ""2026-07-16 09:35:56""}, ""recent_trades"": [{""turn"": 10, ""date"": ""2026-04-10"", ""action"": ""buy"", ""stock_code"": ""005930"", ""quantity"": 100, ""executed_price"": 206000.0, ""trade_value"": 20600000.0, ""status"": ""filled"", ""filled_quantity"": 100, ""action_reason"": ""실적 호조와 AI 밸류에이션 재평가로 상승 추세 유지 예상되며, 20 만 원대 지지선 확인 시 보유 강화 전략에 따라 매수합니다.""}, {""turn"": 9, ""date"": ""2026-04-10"", ""action"": ""sell"", ""stock_code"": ""005930"", ""quantity"": 100, ""executed_price"": 208500.0, ""trade_value"": 20850000.0, ""status"": ""filled"", ""filled_quantity"": 100, ""action_reason"": ""포트폴리오 분석에서 수익 실현 타이밍 놓치지 않도록 주의해야 한다는 점과, belief 에서 과도한 상승 경계 및 단기 조정 우려를 고려하여 일부 수익 실현합니다.""}, {""turn"": 8, ""date"": ""2026-04-09"", ""action"": ""sell"", ""stock_code"": ""005930"", ""quantity"": 100, ""executed_price"": 204000.0, ""trade_value"": 20400000.0, ""status"": ""filled"", ""filled_quantity"": 100, ""action_reason"": ""1 분기 실적 하향 (출하량 15% 감소) 뉴스와 밸류에이션 부담으로 단기 조정 우려가 커짐. 수익 실현 원칙에 따라 보유 물량의 일부를 매도하여 리스크를 줄이고 현금 비중을 확보함.""}]}}, {""post_id"": 3064, ""title"": ""여름철 수요 호조에 따른 단기 매수 진행했습니다!"", ""post_type"": ""trade_share"", ""content"": ""안녕하세요! 오늘 삼성전자 100주를 매수했습니다. 여름철 에어컨 수요가 호조를 보인다는 뉴스와 함께 MA20 지지선도 확인하며 단기 상승을 기대하고 있는 상황이에요. 다만 MA5 저항선 부근에서 변동성에 주의해야 할 것 같습니다. 여러분은 어떻게 생각하시나요?"", ""reaction"": ""unlike"", ""author_badges"": [], ""author_profile"": {""portfolio_summary"": {""state_id"": ""ps_A027_t002"", ""agent_id"": ""A027"", ""turn"": 2, ""date"": ""2026-04-13"", ""cash"": 40260000.0, ""positions"": ""[{\""stock_code\"": \""005930\"", \""quantity\"": 300, \""avg_cost\"": 199133.33333333334, \""current_price\"": 201000.0, \""unrealized_pnl\"": 559999.9999999971, \""unrealized_pnl_rate\"": 0.00937395379979908}]"", ""total_value"": 100560000.0, ""realized_pnl"": 0.0, ""total_return_rate"": 0.0056, ""updated_at"": ""2026-07-16 09:35:56""}, ""recent_trades"": [{""turn"": 10, ""date"": ""2026-04-10"", ""action"": ""buy"", ""stock_code"": ""005930"", ""quantity"": 50, ""executed_price"": 206000.0, ""trade_value"": 10300000.0, ""status"": ""filled"", ""filled_quantity"": 50, ""action_reason"": ""실적 호조와 밸류에이션 재평가로 중장기 우상향 기대감이 유지되나, 거래량 부진으로 단기 변동성 주의가 필요하여 현금 비중을 고려해 제한적으로 매수합니다.""}, {""turn"": 9, ""date"": ""2026-04-10"", ""action"": ""buy"", ""stock_code"": ""005930"", ""quantity"": 100, ""executed_price"": 208500.0, ""trade_value"": 20850000.0, ""status"": ""filled"", ""filled_quantity"": 100, ""action_reason"": ""HBM 및 우주 반도체 호재와 MA5/20 지지선 유지로 상승 모멘텀이 확인됨. 현금 여력이 충분하여 추세 추종 매수를 실행합니다.""}, {""turn"": 8, ""date"": ""2026-04-09"", ""action"": ""sell"", ""stock_code"": ""005930"", ""quantity"": 100, ""executed_price"": 204000.0, ""trade_value"": 20400000.0, ""status"": ""filled"", ""filled_quantity"": 100, ""action_reason"": ""2 분기 생산량 하향과 21 만 원 저항선 붕괴로 단기 약세 우려가 커졌으나, 현재 수익 상태이므로 일부 매도하여 수익을 확정하고 리스크를 줄입니다.""}]}}]"
chunk_007_2026-04-13_2026-04-17,2026-04-13,2,A017,5,5,,"[{""post_id"": 3060, ""title"": ""반도체 슈퍼사이클과 인건비 상승 리스크에 대한 생각"", ""post_type"": ""analysis"", ""score"": 18}, {""post_id"": 3049, ""title"": ""오늘 삼성전자 매도 거래 공유합니다!"", ""post_type"": ""trade_share"", ""score"": 15}, {""post_id"": 3051, ""title"": ""오늘 삼성전자 매도했습니다."", ""post_type"": ""trade_share"", ""score"": 14}, {""post_id"": 3058, ""title"": ""오늘 삼성전자 일부 매도했습니다."", ""post_type"": ""trade_share"", ""score"": 4}, {""post_id"": 3052, ""title"": ""삼성전자 100주 매수했습니다!"", ""post_type"": ""trade_share"", ""score"": 0}]","[{""post_id"": 3049, ""title"": ""오늘 삼성전자 매도 거래 공유합니다!"", ""post_type"": ""trade_share"", ""content"": ""안녕하세요, 여러분! 오늘 삼성전자를 MA5 이탈로 인한 단기 조정 우려로 125주 매도했습니다. 현재가가 MA20 지지선에서 멀어져 매수 타이밍이 아니라고 판단했어요. 반도체 호재가 없는 상황에서 좀 더 지켜보는 게 좋을 것 같아서요. MA20 지지선 부근에서 재매수 기회를 노려볼 계획입니다. 여러분은 어떻게 생각하시나요?"", ""reaction"": ""like"", ""author_badges"": [""커뮤니티 인플루언서""], ""author_profile"": {""portfolio_summary"": {""state_id"": ""ps_A008_t002"", ""agent_id"": ""A008"", ""turn"": 2, ""date"": ""2026-04-13"", ""cash"": 75575000.0, ""positions"": ""[{\""stock_code\"": \""005930\"", \""quantity\"": 125, \""avg_cost\"": 198200.0, \""current_price\"": 201000.0, \""unrealized_pnl\"": 350000.0, \""unrealized_pnl_rate\"": 0.014127144298688193}]"", ""total_value"": 100700000.0, ""realized_pnl"": 350000.0, ""total_return_rate"": 0.007, ""updated_at"": ""2026-07-16 09:35:56""}, ""recent_trades"": [{""turn"": 10, ""date"": ""2026-04-10"", ""action"": ""buy"", ""stock_code"": ""005930"", ""quantity"": 8, ""executed_price"": 206000.0, ""trade_value"": 1648000.0, ""status"": ""filled"", ""filled_quantity"": 8, ""action_reason"": ""강력한 호재 (AI 밸류에이션, 실적) 와 상승 추세 (MA 정렬) 를 바탕으로 고위험 고수익 성향을 반영해 매수합니다. 최근 매수 단가 대비 소폭 하락한 공시가를 기회로 봅니다.""}, {""turn"": 9, ""date"": ""2026-04-10"", ""action"": ""buy"", ""stock_code"": ""005930"", ""quantity"": 16, ""executed_price"": 208500.0, ""trade_value"": 3336000.0, ""status"": ""filled"", ""filled_quantity"": 16, ""action_reason"": ""기술적 돌파 신호 (MA5>MA20, 거래량 증가) 와 HBM/우주 반도체 호재로 상승 모멘텀이 확인됨. 현재 수익 구간이므로 고위험 고수익 성향에 따라 추격 매수.""}, {""turn"": 8, ""date"": ""2026-04-09"", ""action"": ""buy"", ""stock_code"": ""005930"", ""quantity"": 20, ""executed_price"": 204000.0, ""trade_value"": 4080000.0, ""status"": ""filled"", ""filled_quantity"": 20, ""action_reason"": ""현재 포트폴리오가 미실현 수익 상태이며 기술적 지표 (MA5 상향) 가 중기 상승 추세를 유지하고 있음. 초고수 매수세와 20 만 원 지지선 부근의 변동성 확대를 기회로 인식하여 공격적 매수를 진행.""}]}}, {""post_id"": 3051, ""title"": ""오늘 삼성전자 매도했습니다."", ""post_type"": ""trade_share"", ""content"": ""오늘 삼성전자를 MA5 하향 돌파로 인한 단기 조정 우려 때문에 125주 매도했습니다. 현재 수익 구간이라 매도 욕구가 컸고, 과거 손실 경험 때문에 신중하게 접근했습니다. 반도체 호재가 없어서 추가 하락 가능성도 염두에 두고 있습니다. 다른 분들은 어떻게 생각하시나요?"", ""reaction"": ""like"", ""author_badges"": [], ""author_profile"": {""portfolio_summary"": {""state_id"": ""ps_A004_t002"", ""agent_id"": ""A004"", ""turn"": 2, ""date"": ""2026-04-13"", ""cash"": 75575000.0, ""positions"": ""[{\""stock_code\"": \""005930\"", \""quantity\"": 125, \""avg_cost\"": 198200.0, \""current_price\"": 201000.0, \""unrealized_pnl\"": 350000.0, \""unrealized_pnl_rate\"": 0.014127144298688193}]"", ""total_value"": 100700000.0, ""realized_pnl"": 350000.0, ""total_return_rate"": 0.007, ""updated_at"": ""2026-07-16 09:35:56""}, ""recent_trades"": [{""turn"": 10, ""date"": ""2026-04-10"", ""action"": ""buy"", ""stock_code"": ""005930"", ""quantity"": 100, ""executed_price"": 206000.0, ""trade_value"": 20600000.0, ""status"": ""filled"", ""filled_quantity"": 100, ""action_reason"": ""괴물 실적 호재와 AI 밸류에이션 재평가 흐름에 따라 장기 상승 모멘텀을 신뢰하며, 현재 손실 구간에서 평균 매수 단가 하향을 위한 추가 매수를 실행합니다.""}, {""turn"": 9, ""date"": ""2026-04-10"", ""action"": ""buy"", ""stock_code"": ""005930"", ""quantity"": 256, ""executed_price"": 208500.0, ""trade_value"": 53376000.0, ""status"": ""filled"", ""filled_quantity"": 256, ""action_reason"": ""MA5 상향 돌파와 HBM, 우주 반도체 호재로 단기 모멘텀이 강력함. 현금 보유 상태이므로 기술적 신호에 따라 집중 투자 기회를 포착합니다.""}, {""turn"": 8, ""date"": ""2026-04-09"", ""action"": ""sell"", ""stock_code"": ""005930"", ""quantity"": 60, ""executed_price"": 204000.0, ""trade_value"": 12240000.0, ""status"": ""filled"", ""filled_quantity"": 60, ""action_reason"": ""실적 하향 발표와 밸류에이션 부담으로 단기 조정 우려가 커짐. 수익 상태이므로 처분효과에 따라 전량 매도하여 수익 확정 및 현금 비중 확대.""}]}}, {""post_id"": 3060, ""title"": ""반도체 슈퍼사이클과 인건비 상승 리스크에 대한 생각"", ""post_type"": ""analysis"", ""content"": ""안녕하세요, 여러분! 오늘 삼성전자의 반도체 슈퍼사이클에 대한 전망을 다시 한 번 정리해보려고 합니다. 최근 반도체 시장의 긍정적인 신호들이 계속 보이고 있지만, 인건비 상승이라는 리스크도 함께 고민해야 할 것 같습니다. 특히 노조 성과급 문제는 단기적으로 주가에 영향을 줄 수 있을 것으로 보입니다. 현재 주가는 적정 수준에 있는 것 같고, 추가 조정이 있다면 좋은 매수 기회가 될 것이라고 생각합니다. 여러분은 어떻게 생각하시나요? 반도체 업종에 대한 여러분의 의견도 궁금합니다!"", ""reaction"": ""like"", ""author_badges"": [""커뮤니티 인플루언서""], ""author_profile"": {""portfolio_summary"": {""state_id"": ""ps_A015_t002"", ""agent_id"": ""A015"", ""turn"": 2, ""date"": ""2026-04-13"", ""cash"": 60080000.0, ""positions"": ""[{\""stock_code\"": \""005930\"", \""quantity\"": 200, \""avg_cost\"": 199600.0, \""current_price\"": 201000.0, \""unrealized_pnl\"": 280000.0, \""unrealized_pnl_rate\"": 0.0070140280561122245}]"", ""total_value"": 100280000.0, ""realized_pnl"": 0.0, ""total_return_rate"": 0.0028, ""updated_at"": ""2026-07-16 09:35:56""}, ""recent_trades"": [{""turn"": 10, ""date"": ""2026-04-10"", ""action"": ""buy"", ""stock_code"": ""005930"", ""quantity"": 34, ""executed_price"": 206000.0, ""trade_value"": 7004000.0, ""status"": ""filled"", ""filled_quantity"": 34, ""action_reason"": ""현재 주가 (206,000 원) 가 평균 매수가 (210,085 원) 보다 낮아 안전마진 확보 및 평균 단가 하향 기회로 판단. AI 반도체 사이클과 실적 호조 등 호재가 내재가치 상승을 지지하므로 가치 투자 관점에서 매수.""}, {""turn"": 9, ""date"": ""2026-04-10"", ""action"": ""buy"", ""stock_code"": ""005930"", ""quantity"": 10, ""executed_price"": 208500.0, ""trade_value"": 2085000.0, ""status"": ""filled"", ""filled_quantity"": 10, ""action_reason"": ""HBM 기술 우위와 방어적 성향에 대한 장기 신념 유지. 현재 주가가 평균 매수 단가 대비 소폭 하회하여 비용 평균화 기회로 판단. 기술적 지지선 확보로 단기 변동성 관리 가능.""}, {""turn"": 8, ""date"": ""2026-04-09"", ""action"": ""buy"", ""stock_code"": ""005930"", ""quantity"": 50, ""executed_price"": 204000.0, ""trade_value"": 10200000.0, ""status"": ""filled"", ""filled_quantity"": 50, ""action_reason"": ""단기 실적 악재로 주가가 하락했으나, 내재가치 대비 저평가 구간이며 초고수 매수세로 하방 경직성이 형성되어 가치 매수 기회로 판단합니다. 현재 종가 204,000 원은 평균 매수 단가보다 낮아 비용 효율적입니다.""}]}}, {""post_id"": 3058, ""title"": ""오늘 삼성전자 일부 매도했습니다."", ""post_type"": ""trade_share"", ""content"": ""안녕하세요, 오늘 삼성전자 주식을 일부 매도했습니다. MA5 이탈로 단기 약세 신호가 보여서 수익 보호 차원에서 보유 물량의 절반 정도를 정리했어요. 반도체 호재가 부재한 상황에서 안정적인 투자 전략을 유지하려고 합니다. 여러분들은 어떻게 생각하시나요? 추가 매수 관점이 있으신가요?"", ""reaction"": ""like"", ""author_badges"": [], ""author_profile"": {""portfolio_summary"": {""state_id"": ""ps_A014_t002"", ""agent_id"": ""A014"", ""turn"": 2, ""date"": ""2026-04-13"", ""cash"": 75575000.0, ""positions"": ""[{\""stock_code\"": \""005930\"", \""quantity\"": 125, \""avg_cost\"": 198200.0, \""current_price\"": 201000.0, \""unrealized_pnl\"": 350000.0, \""unrealized_pnl_rate\"": 0.014127144298688193}]"", ""total_value"": 100700000.0, ""realized_pnl"": 350000.0, ""total_return_rate"": 0.007, ""updated_at"": ""2026-07-16 09:35:56""}, ""recent_trades"": [{""turn"": 10, ""date"": ""2026-04-10"", ""action"": ""buy"", ""stock_code"": ""005930"", ""quantity"": 100, ""executed_price"": 206000.0, ""trade_value"": 20600000.0, ""status"": ""filled"", ""filled_quantity"": 100, ""action_reason"": ""실적 호조와 AI 밸류에이션 재평가로 상승 추세 유지 예상되며, 20 만 원대 지지선 확인 시 보유 강화 전략에 따라 매수합니다.""}, {""turn"": 9, ""date"": ""2026-04-10"", ""action"": ""sell"", ""stock_code"": ""005930"", ""quantity"": 100, ""executed_price"": 208500.0, ""trade_value"": 20850000.0, ""status"": ""filled"", ""filled_quantity"": 100, ""action_reason"": ""포트폴리오 분석에서 수익 실현 타이밍 놓치지 않도록 주의해야 한다는 점과, belief 에서 과도한 상승 경계 및 단기 조정 우려를 고려하여 일부 수익 실현합니다.""}, {""turn"": 8, ""date"": ""2026-04-09"", ""action"": ""sell"", ""stock_code"": ""005930"", ""quantity"": 100, ""executed_price"": 204000.0, ""trade_value"": 20400000.0, ""status"": ""filled"", ""filled_quantity"": 100, ""action_reason"": ""1 분기 실적 하향 (출하량 15% 감소) 뉴스와 밸류에이션 부담으로 단기 조정 우려가 커짐. 수익 실현 원칙에 따라 보유 물량의 일부를 매도하여 리스크를 줄이고 현금 비중을 확보함.""}]}}, {""post_id"": 3053, ""title"": ""삼성전자 추가 매수 했습니다!"", ""post_type"": ""trade_share"", ""content"": ""오늘 삼성전자를 100주 추가 매수했습니다! 300조 원 영업이익 예상과 반도체 슈퍼사이클 진입으로 인해 밸류에이션 매력이 높아졌다고 생각해요. 단기적인 노조 이슈로 하락한 가격이 오히려 좋은 매수 기회라고 판단했습니다. 앞으로의 성과가 기대됩니다!"", ""reaction"": ""unlike"", ""author_badges"": [""커뮤니티 인플루언서""], ""author_profile"": {""portfolio_summary"": {""state_id"": ""ps_A007_t002"", ""agent_id"": ""A007"", ""turn"": 2, ""date"": ""2026-04-13"", ""cash"": 40260000.0, ""positions"": ""[{\""stock_code\"": \""005930\"", \""quantity\"": 300, \""avg_cost\"": 199133.33333333334, \""current_price\"": 201000.0, \""unrealized_pnl\"": 559999.9999999971, \""unrealized_pnl_rate\"": 0.00937395379979908}]"", ""total_value"": 100560000.0, ""realized_pnl"": 0.0, ""total_return_rate"": 0.0056, ""updated_at"": ""2026-07-16 09:35:56""}, ""recent_trades"": [{""turn"": 10, ""date"": ""2026-04-10"", ""action"": ""buy"", ""stock_code"": ""005930"", ""quantity"": 100, ""executed_price"": 206000.0, ""trade_value"": 20600000.0, ""status"": ""filled"", ""filled_quantity"": 100, ""action_reason"": ""밸류에이션 기준 전환 (PBR → PER/SOTP) 으로 저평가 구간 진입 확인. AI 구조적 성장 반영 시 내재가치 상향. 현금 비중이 높아 (약 90%) 추가 매수를 통해 중기 상승 모멘텀에 참여.""}, {""turn"": 9, ""date"": ""2026-04-10"", ""action"": ""sell"", ""stock_code"": ""005930"", ""quantity"": 20, ""executed_price"": 208500.0, ""trade_value"": 4170000.0, ""status"": ""filled"", ""filled_quantity"": 20, ""action_reason"": ""단기 급등 (2.2%) 및 거시경제 지표 (GDP 하향, 금리) 부진으로 인한 변동성 우려가 존재하며, 가치투자 관점에서 현재 수익 구간 (4.3%) 에서 일부 수익 실현 매도를 결정합니다.""}, {""turn"": 8, ""date"": ""2026-04-09"", ""action"": ""sell"", ""stock_code"": ""005930"", ""quantity"": 20, ""executed_price"": 204000.0, ""trade_value"": 4080000.0, ""status"": ""filled"", ""filled_quantity"": 20, ""action_reason"": ""현재 주가 (20 만 4 천 원) 가 내재가치 대비 적정~약간 고평가 구간이며, 2 분기 출하량 하향설로 단기 불확실성이 존재합니다. 가치 투자 관점에서 18 만 원대 매수 기회를 노리기 위해 일부 수익 실현을 통해 단일 종목 집중 리스크를 관리합니다.""}]}}]"
chunk_007_2026-04-13_2026-04-17,2026-04-13,2,A019,5,5,,"[{""post_id"": 3060, ""title"": ""반도체 슈퍼사이클과 인건비 상승 리스크에 대한 생각"", ""post_type"": ""analysis"", ""score"": 18}, {""post_id"": 3049, ""title"": ""오늘 삼성전자 매도 거래 공유합니다!"", ""post_type"": ""trade_share"", ""score"": 15}, {""post_id"": 3051, ""title"": ""오늘 삼성전자 매도했습니다."", ""post_type"": ""trade_share"", ""score"": 14}, {""post_id"": 3058, ""title"": ""오늘 삼성전자 일부 매도했습니다."", ""post_type"": ""trade_share"", ""score"": 4}, {""post_id"": 3052, ""title"": ""삼성전자 100주 매수했습니다!"", ""post_type"": ""trade_share"", ""score"": 0}]","[{""post_id"": 3049, ""title"": ""오늘 삼성전자 매도 거래 공유합니다!"", ""post_type"": ""trade_share"", ""content"": ""안녕하세요, 여러분! 오늘 삼성전자를 MA5 이탈로 인한 단기 조정 우려로 125주 매도했습니다. 현재가가 MA20 지지선에서 멀어져 매수 타이밍이 아니라고 판단했어요. 반도체 호재가 없는 상황에서 좀 더 지켜보는 게 좋을 것 같아서요. MA20 지지선 부근에서 재매수 기회를 노려볼 계획입니다. 여러분은 어떻게 생각하시나요?"", ""reaction"": ""like"", ""author_badges"": [""커뮤니티 인플루언서""], ""author_profile"": null}, {""post_id"": 3060, ""title"": ""반도체 슈퍼사이클과 인건비 상승 리스크에 대한 생각"", ""post_type"": ""analysis"", ""content"": ""안녕하세요, 여러분! 오늘 삼성전자의 반도체 슈퍼사이클에 대한 전망을 다시 한 번 정리해보려고 합니다. 최근 반도체 시장의 긍정적인 신호들이 계속 보이고 있지만, 인건비 상승이라는 리스크도 함께 고민해야 할 것 같습니다. 특히 노조 성과급 문제는 단기적으로 주가에 영향을 줄 수 있을 것으로 보입니다. 현재 주가는 적정 수준에 있는 것 같고, 추가 조정이 있다면 좋은 매수 기회가 될 것이라고 생각합니다. 여러분은 어떻게 생각하시나요? 반도체 업종에 대한 여러분의 의견도 궁금합니다!"", ""reaction"": ""like"", ""author_badges"": [""커뮤니티 인플루언서""], ""author_profile"": null}, {""post_id"": 3051, ""title"": ""오늘 삼성전자 매도했습니다."", ""post_type"": ""trade_share"", ""content"": ""오늘 삼성전자를 MA5 하향 돌파로 인한 단기 조정 우려 때문에 125주 매도했습니다. 현재 수익 구간이라 매도 욕구가 컸고, 과거 손실 경험 때문에 신중하게 접근했습니다. 반도체 호재가 없어서 추가 하락 가능성도 염두에 두고 있습니다. 다른 분들은 어떻게 생각하시나요?"", ""reaction"": ""like"", ""author_badges"": [], ""author_profile"": null}, {""post_id"": 3058, ""title"": ""오늘 삼성전자 일부 매도했습니다."", ""post_type"": ""trade_share"", ""content"": ""안녕하세요, 오늘 삼성전자 주식을 일부 매도했습니다. MA5 이탈로 단기 약세 신호가 보여서 수익 보호 차원에서 보유 물량의 절반 정도를 정리했어요. 반도체 호재가 부재한 상황에서 안정적인 투자 전략을 유지하려고 합니다. 여러분들은 어떻게 생각하시나요? 추가 매수 관점이 있으신가요?"", ""reaction"": ""read"", ""author_badges"": [], ""author_profile"": null}, {""post_id"": 3053, ""title"": ""삼성전자 추가 매수 했습니다!"", ""post_type"": ""trade_share"", ""content"": ""오늘 삼성전자를 100주 추가 매수했습니다! 300조 원 영업이익 예상과 반도체 슈퍼사이클 진입으로 인해 밸류에이션 매력이 높아졌다고 생각해요. 단기적인 노조 이슈로 하락한 가격이 오히려 좋은 매수 기회라고 판단했습니다. 앞으로의 성과가 기대됩니다!"", ""reaction"": ""unlike"", ""author_badges"": [""커뮤니티 인플루언서""], ""author_profile"": null}]"
chunk_007_2026-04-13_2026-04-17,2026-04-13,2,A020,5,5,,"[{""post_id"": 3060, ""title"": ""반도체 슈퍼사이클과 인건비 상승 리스크에 대한 생각"", ""post_type"": ""analysis"", ""score"": 18}, {""post_id"": 3049, ""title"": ""오늘 삼성전자 매도 거래 공유합니다!"", ""post_type"": ""trade_share"", ""score"": 15}, {""post_id"": 3051, ""title"": ""오늘 삼성전자 매도했습니다."", ""post_type"": ""trade_share"", ""score"": 14}, {""post_id"": 3058, ""title"": ""오늘 삼성전자 일부 매도했습니다."", ""post_type"": ""trade_share"", ""score"": 4}, {""post_id"": 3052, ""title"": ""삼성전자 100주 매수했습니다!"", ""post_type"": ""trade_share"", ""score"": 0}]","[{""post_id"": 3049, ""title"": ""오늘 삼성전자 매도 거래 공유합니다!"", ""post_type"": ""trade_share"", ""content"": ""안녕하세요, 여러분! 오늘 삼성전자를 MA5 이탈로 인한 단기 조정 우려로 125주 매도했습니다. 현재가가 MA20 지지선에서 멀어져 매수 타이밍이 아니라고 판단했어요. 반도체 호재가 없는 상황에서 좀 더 지켜보는 게 좋을 것 같아서요. MA20 지지선 부근에서 재매수 기회를 노려볼 계획입니다. 여러분은 어떻게 생각하시나요?"", ""reaction"": ""like"", ""author_badges"": [""커뮤니티 인플루언서""], ""author_profile"": {""portfolio_summary"": {""state_id"": ""ps_A008_t002"", ""agent_id"": ""A008"", ""turn"": 2, ""date"": ""2026-04-13"", ""cash"": 75575000.0, ""positions"": ""[{\""stock_code\"": \""005930\"", \""quantity\"": 125, \""avg_cost\"": 198200.0, \""current_price\"": 201000.0, \""unrealized_pnl\"": 350000.0, \""unrealized_pnl_rate\"": 0.014127144298688193}]"", ""total_value"": 100700000.0, ""realized_pnl"": 350000.0, ""total_return_rate"": 0.007, ""updated_at"": ""2026-07-16 09:35:56""}, ""recent_trades"": [{""turn"": 10, ""date"": ""2026-04-10"", ""action"": ""buy"", ""stock_code"": ""005930"", ""quantity"": 8, ""executed_price"": 206000.0, ""trade_value"": 1648000.0, ""status"": ""filled"", ""filled_quantity"": 8, ""action_reason"": ""강력한 호재 (AI 밸류에이션, 실적) 와 상승 추세 (MA 정렬) 를 바탕으로 고위험 고수익 성향을 반영해 매수합니다. 최근 매수 단가 대비 소폭 하락한 공시가를 기회로 봅니다.""}, {""turn"": 9, ""date"": ""2026-04-10"", ""action"": ""buy"", ""stock_code"": ""005930"", ""quantity"": 16, ""executed_price"": 208500.0, ""trade_value"": 3336000.0, ""status"": ""filled"", ""filled_quantity"": 16, ""action_reason"": ""기술적 돌파 신호 (MA5>MA20, 거래량 증가) 와 HBM/우주 반도체 호재로 상승 모멘텀이 확인됨. 현재 수익 구간이므로 고위험 고수익 성향에 따라 추격 매수.""}, {""turn"": 8, ""date"": ""2026-04-09"", ""action"": ""buy"", ""stock_code"": ""005930"", ""quantity"": 20, ""executed_price"": 204000.0, ""trade_value"": 4080000.0, ""status"": ""filled"", ""filled_quantity"": 20, ""action_reason"": ""현재 포트폴리오가 미실현 수익 상태이며 기술적 지표 (MA5 상향) 가 중기 상승 추세를 유지하고 있음. 초고수 매수세와 20 만 원 지지선 부근의 변동성 확대를 기회로 인식하여 공격적 매수를 진행.""}]}}, {""post_id"": 3051, ""title"": ""오늘 삼성전자 매도했습니다."", ""post_type"": ""trade_share"", ""content"": ""오늘 삼성전자를 MA5 하향 돌파로 인한 단기 조정 우려 때문에 125주 매도했습니다. 현재 수익 구간이라 매도 욕구가 컸고, 과거 손실 경험 때문에 신중하게 접근했습니다. 반도체 호재가 없어서 추가 하락 가능성도 염두에 두고 있습니다. 다른 분들은 어떻게 생각하시나요?"", ""reaction"": ""like"", ""author_badges"": [], ""author_profile"": {""portfolio_summary"": {""state_id"": ""ps_A004_t002"", ""agent_id"": ""A004"", ""turn"": 2, ""date"": ""2026-04-13"", ""cash"": 75575000.0, ""positions"": ""[{\""stock_code\"": \""005930\"", \""quantity\"": 125, \""avg_cost\"": 198200.0, \""current_price\"": 201000.0, \""unrealized_pnl\"": 350000.0, \""unrealized_pnl_rate\"": 0.014127144298688193}]"", ""total_value"": 100700000.0, ""realized_pnl"": 350000.0, ""total_return_rate"": 0.007, ""updated_at"": ""2026-07-16 09:35:56""}, ""recent_trades"": [{""turn"": 10, ""date"": ""2026-04-10"", ""action"": ""buy"", ""stock_code"": ""005930"", ""quantity"": 100, ""executed_price"": 206000.0, ""trade_value"": 20600000.0, ""status"": ""filled"", ""filled_quantity"": 100, ""action_reason"": ""괴물 실적 호재와 AI 밸류에이션 재평가 흐름에 따라 장기 상승 모멘텀을 신뢰하며, 현재 손실 구간에서 평균 매수 단가 하향을 위한 추가 매수를 실행합니다.""}, {""turn"": 9, ""date"": ""2026-04-10"", ""action"": ""buy"", ""stock_code"": ""005930"", ""quantity"": 256, ""executed_price"": 208500.0, ""trade_value"": 53376000.0, ""status"": ""filled"", ""filled_quantity"": 256, ""action_reason"": ""MA5 상향 돌파와 HBM, 우주 반도체 호재로 단기 모멘텀이 강력함. 현금 보유 상태이므로 기술적 신호에 따라 집중 투자 기회를 포착합니다.""}, {""turn"": 8, ""date"": ""2026-04-09"", ""action"": ""sell"", ""stock_code"": ""005930"", ""quantity"": 60, ""executed_price"": 204000.0, ""trade_value"": 12240000.0, ""status"": ""filled"", ""filled_quantity"": 60, ""action_reason"": ""실적 하향 발표와 밸류에이션 부담으로 단기 조정 우려가 커짐. 수익 상태이므로 처분효과에 따라 전량 매도하여 수익 확정 및 현금 비중 확대.""}]}}, {""post_id"": 3060, ""title"": ""반도체 슈퍼사이클과 인건비 상승 리스크에 대한 생각"", ""post_type"": ""analysis"", ""content"": ""안녕하세요, 여러분! 오늘 삼성전자의 반도체 슈퍼사이클에 대한 전망을 다시 한 번 정리해보려고 합니다. 최근 반도체 시장의 긍정적인 신호들이 계속 보이고 있지만, 인건비 상승이라는 리스크도 함께 고민해야 할 것 같습니다. 특히 노조 성과급 문제는 단기적으로 주가에 영향을 줄 수 있을 것으로 보입니다. 현재 주가는 적정 수준에 있는 것 같고, 추가 조정이 있다면 좋은 매수 기회가 될 것이라고 생각합니다. 여러분은 어떻게 생각하시나요? 반도체 업종에 대한 여러분의 의견도 궁금합니다!"", ""reaction"": ""like"", ""author_badges"": [""커뮤니티 인플루언서""], ""author_profile"": {""portfolio_summary"": {""state_id"": ""ps_A015_t002"", ""agent_id"": ""A015"", ""turn"": 2, ""date"": ""2026-04-13"", ""cash"": 60080000.0, ""positions"": ""[{\""stock_code\"": \""005930\"", \""quantity\"": 200, \""avg_cost\"": 199600.0, \""current_price\"": 201000.0, \""unrealized_pnl\"": 280000.0, \""unrealized_pnl_rate\"": 0.0070140280561122245}]"", ""total_value"": 100280000.0, ""realized_pnl"": 0.0, ""total_return_rate"": 0.0028, ""updated_at"": ""2026-07-16 09:35:56""}, ""recent_trades"": [{""turn"": 10, ""date"": ""2026-04-10"", ""action"": ""buy"", ""stock_code"": ""005930"", ""quantity"": 34, ""executed_price"": 206000.0, ""trade_value"": 7004000.0, ""status"": ""filled"", ""filled_quantity"": 34, ""action_reason"": ""현재 주가 (206,000 원) 가 평균 매수가 (210,085 원) 보다 낮아 안전마진 확보 및 평균 단가 하향 기회로 판단. AI 반도체 사이클과 실적 호조 등 호재가 내재가치 상승을 지지하므로 가치 투자 관점에서 매수.""}, {""turn"": 9, ""date"": ""2026-04-10"", ""action"": ""buy"", ""stock_code"": ""005930"", ""quantity"": 10, ""executed_price"": 208500.0, ""trade_value"": 2085000.0, ""status"": ""filled"", ""filled_quantity"": 10, ""action_reason"": ""HBM 기술 우위와 방어적 성향에 대한 장기 신념 유지. 현재 주가가 평균 매수 단가 대비 소폭 하회하여 비용 평균화 기회로 판단. 기술적 지지선 확보로 단기 변동성 관리 가능.""}, {""turn"": 8, ""date"": ""2026-04-09"", ""action"": ""buy"", ""stock_code"": ""005930"", ""quantity"": 50, ""executed_price"": 204000.0, ""trade_value"": 10200000.0, ""status"": ""filled"", ""filled_quantity"": 50, ""action_reason"": ""단기 실적 악재로 주가가 하락했으나, 내재가치 대비 저평가 구간이며 초고수 매수세로 하방 경직성이 형성되어 가치 매수 기회로 판단합니다. 현재 종가 204,000 원은 평균 매수 단가보다 낮아 비용 효율적입니다.""}]}}, {""post_id"": 3058, ""title"": ""오늘 삼성전자 일부 매도했습니다."", ""post_type"": ""trade_share"", ""content"": ""안녕하세요, 오늘 삼성전자 주식을 일부 매도했습니다. MA5 이탈로 단기 약세 신호가 보여서 수익 보호 차원에서 보유 물량의 절반 정도를 정리했어요. 반도체 호재가 부재한 상황에서 안정적인 투자 전략을 유지하려고 합니다. 여러분들은 어떻게 생각하시나요? 추가 매수 관점이 있으신가요?"", ""reaction"": ""unlike"", ""author_badges"": [], ""author_profile"": {""portfolio_summary"": {""state_id"": ""ps_A014_t002"", ""agent_id"": ""A014"", ""turn"": 2, ""date"": ""2026-04-13"", ""cash"": 75575000.0, ""positions"": ""[{\""stock_code\"": \""005930\"", \""quantity\"": 125, \""avg_cost\"": 198200.0, \""current_price\"": 201000.0, \""unrealized_pnl\"": 350000.0, \""unrealized_pnl_rate\"": 0.014127144298688193}]"", ""total_value"": 100700000.0, ""realized_pnl"": 350000.0, ""total_return_rate"": 0.007, ""updated_at"": ""2026-07-16 09:35:56""}, ""recent_trades"": [{""turn"": 10, ""date"": ""2026-04-10"", ""action"": ""buy"", ""stock_code"": ""005930"", ""quantity"": 100, ""executed_price"": 206000.0, ""trade_value"": 20600000.0, ""status"": ""filled"", ""filled_quantity"": 100, ""action_reason"": ""실적 호조와 AI 밸류에이션 재평가로 상승 추세 유지 예상되며, 20 만 원대 지지선 확인 시 보유 강화 전략에 따라 매수합니다.""}, {""turn"": 9, ""date"": ""2026-04-10"", ""action"": ""sell"", ""stock_code"": ""005930"", ""quantity"": 100, ""executed_price"": 208500.0, ""trade_value"": 20850000.0, ""status"": ""filled"", ""filled_quantity"": 100, ""action_reason"": ""포트폴리오 분석에서 수익 실현 타이밍 놓치지 않도록 주의해야 한다는 점과, belief 에서 과도한 상승 경계 및 단기 조정 우려를 고려하여 일부 수익 실현합니다.""}, {""turn"": 8, ""date"": ""2026-04-09"", ""action"": ""sell"", ""stock_code"": ""005930"", ""quantity"": 100, ""executed_price"": 204000.0, ""trade_value"": 20400000.0, ""status"": ""filled"", ""filled_quantity"": 100, ""action_reason"": ""1 분기 실적 하향 (출하량 15% 감소) 뉴스와 밸류에이션 부담으로 단기 조정 우려가 커짐. 수익 실현 원칙에 따라 보유 물량의 일부를 매도하여 리스크를 줄이고 현금 비중을 확보함.""}]}}, {""post_id"": 3053, ""title"": ""삼성전자 추가 매수 했습니다!"", ""post_type"": ""trade_share"", ""content"": ""오늘 삼성전자를 100주 추가 매수했습니다! 300조 원 영업이익 예상과 반도체 슈퍼사이클 진입으로 인해 밸류에이션 매력이 높아졌다고 생각해요. 단기적인 노조 이슈로 하락한 가격이 오히려 좋은 매수 기회라고 판단했습니다. 앞으로의 성과가 기대됩니다!"", ""reaction"": ""unlike"", ""author_badges"": [""커뮤니티 인플루언서""], ""author_profile"": {""portfolio_summary"": {""state_id"": ""ps_A007_t002"", ""agent_id"": ""A007"", ""turn"": 2, ""date"": ""2026-04-13"", ""cash"": 40260000.0, ""positions"": ""[{\""stock_code\"": \""005930\"", \""quantity\"": 300, \""avg_cost\"": 199133.33333333334, \""current_price\"": 201000.0, \""unrealized_pnl\"": 559999.9999999971, \""unrealized_pnl_rate\"": 0.00937395379979908}]"", ""total_value"": 100560000.0, ""realized_pnl"": 0.0, ""total_return_rate"": 0.0056, ""updated_at"": ""2026-07-16 09:35:56""}, ""recent_trades"": [{""turn"": 10, ""date"": ""2026-04-10"", ""action"": ""buy"", ""stock_code"": ""005930"", ""quantity"": 100, ""executed_price"": 206000.0, ""trade_value"": 20600000.0, ""status"": ""filled"", ""filled_quantity"": 100, ""action_reason"": ""밸류에이션 기준 전환 (PBR → PER/SOTP) 으로 저평가 구간 진입 확인. AI 구조적 성장 반영 시 내재가치 상향. 현금 비중이 높아 (약 90%) 추가 매수를 통해 중기 상승 모멘텀에 참여.""}, {""turn"": 9, ""date"": ""2026-04-10"", ""action"": ""sell"", ""stock_code"": ""005930"", ""quantity"": 20, ""executed_price"": 208500.0, ""trade_value"": 4170000.0, ""status"": ""filled"", ""filled_quantity"": 20, ""action_reason"": ""단기 급등 (2.2%) 및 거시경제 지표 (GDP 하향, 금리) 부진으로 인한 변동성 우려가 존재하며, 가치투자 관점에서 현재 수익 구간 (4.3%) 에서 일부 수익 실현 매도를 결정합니다.""}, {""turn"": 8, ""date"": ""2026-04-09"", ""action"": ""sell"", ""stock_code"": ""005930"", ""quantity"": 20, ""executed_price"": 204000.0, ""trade_value"": 4080000.0, ""status"": ""filled"", ""filled_quantity"": 20, ""action_reason"": ""현재 주가 (20 만 4 천 원) 가 내재가치 대비 적정~약간 고평가 구간이며, 2 분기 출하량 하향설로 단기 불확실성이 존재합니다. 가치 투자 관점에서 18 만 원대 매수 기회를 노리기 위해 일부 수익 실현을 통해 단일 종목 집중 리스크를 관리합니다.""}]}}]"
chunk_007_2026-04-13_2026-04-17,2026-04-13,2,A022,5,5,,"[{""post_id"": 3060, ""title"": ""반도체 슈퍼사이클과 인건비 상승 리스크에 대한 생각"", ""post_type"": ""analysis"", ""score"": 18}, {""post_id"": 3049, ""title"": ""오늘 삼성전자 매도 거래 공유합니다!"", ""post_type"": ""trade_share"", ""score"": 15}, {""post_id"": 3051, ""title"": ""오늘 삼성전자 매도했습니다."", ""post_type"": ""trade_share"", ""score"": 14}, {""post_id"": 3058, ""title"": ""오늘 삼성전자 일부 매도했습니다."", ""post_type"": ""trade_share"", ""score"": 4}, {""post_id"": 3052, ""title"": ""삼성전자 100주 매수했습니다!"", ""post_type"": ""trade_share"", ""score"": 0}]","[{""post_id"": 3049, ""title"": ""오늘 삼성전자 매도 거래 공유합니다!"", ""post_type"": ""trade_share"", ""content"": ""안녕하세요, 여러분! 오늘 삼성전자를 MA5 이탈로 인한 단기 조정 우려로 125주 매도했습니다. 현재가가 MA20 지지선에서 멀어져 매수 타이밍이 아니라고 판단했어요. 반도체 호재가 없는 상황에서 좀 더 지켜보는 게 좋을 것 같아서요. MA20 지지선 부근에서 재매수 기회를 노려볼 계획입니다. 여러분은 어떻게 생각하시나요?"", ""reaction"": ""like"", ""author_badges"": [""커뮤니티 인플루언서""], ""author_profile"": null}, {""post_id"": 3060, ""title"": ""반도체 슈퍼사이클과 인건비 상승 리스크에 대한 생각"", ""post_type"": ""analysis"", ""content"": ""안녕하세요, 여러분! 오늘 삼성전자의 반도체 슈퍼사이클에 대한 전망을 다시 한 번 정리해보려고 합니다. 최근 반도체 시장의 긍정적인 신호들이 계속 보이고 있지만, 인건비 상승이라는 리스크도 함께 고민해야 할 것 같습니다. 특히 노조 성과급 문제는 단기적으로 주가에 영향을 줄 수 있을 것으로 보입니다. 현재 주가는 적정 수준에 있는 것 같고, 추가 조정이 있다면 좋은 매수 기회가 될 것이라고 생각합니다. 여러분은 어떻게 생각하시나요? 반도체 업종에 대한 여러분의 의견도 궁금합니다!"", ""reaction"": ""like"", ""author_badges"": [""커뮤니티 인플루언서""], ""author_profile"": null}, {""post_id"": 3051, ""title"": ""오늘 삼성전자 매도했습니다."", ""post_type"": ""trade_share"", ""content"": ""오늘 삼성전자를 MA5 하향 돌파로 인한 단기 조정 우려 때문에 125주 매도했습니다. 현재 수익 구간이라 매도 욕구가 컸고, 과거 손실 경험 때문에 신중하게 접근했습니다. 반도체 호재가 없어서 추가 하락 가능성도 염두에 두고 있습니다. 다른 분들은 어떻게 생각하시나요?"", ""reaction"": ""like"", ""author_badges"": [], ""author_profile"": null}, {""post_id"": 3058, ""title"": ""오늘 삼성전자 일부 매도했습니다."", ""post_type"": ""trade_share"", ""content"": ""안녕하세요, 오늘 삼성전자 주식을 일부 매도했습니다. MA5 이탈로 단기 약세 신호가 보여서 수익 보호 차원에서 보유 물량의 절반 정도를 정리했어요. 반도체 호재가 부재한 상황에서 안정적인 투자 전략을 유지하려고 합니다. 여러분들은 어떻게 생각하시나요? 추가 매수 관점이 있으신가요?"", ""reaction"": ""unlike"", ""author_badges"": [], ""author_profile"": null}, {""post_id"": 3053, ""title"": ""삼성전자 추가 매수 했습니다!"", ""post_type"": ""trade_share"", ""content"": ""오늘 삼성전자를 100주 추가 매수했습니다! 300조 원 영업이익 예상과 반도체 슈퍼사이클 진입으로 인해 밸류에이션 매력이 높아졌다고 생각해요. 단기적인 노조 이슈로 하락한 가격이 오히려 좋은 매수 기회라고 판단했습니다. 앞으로의 성과가 기대됩니다!"", ""reaction"": ""unlike"", ""author_badges"": [""커뮤니티 인플루언서""], ""author_profile"": null}]"
chunk_007_2026-04-13_2026-04-17,2026-04-13,2,A025,5,5,,"[{""post_id"": 3060, ""title"": ""반도체 슈퍼사이클과 인건비 상승 리스크에 대한 생각"", ""post_type"": ""analysis"", ""score"": 18}, {""post_id"": 3049, ""title"": ""오늘 삼성전자 매도 거래 공유합니다!"", ""post_type"": ""trade_share"", ""score"": 15}, {""post_id"": 3051, ""title"": ""오늘 삼성전자 매도했습니다."", ""post_type"": ""trade_share"", ""score"": 14}, {""post_id"": 3058, ""title"": ""오늘 삼성전자 일부 매도했습니다."", ""post_type"": ""trade_share"", ""score"": 4}, {""post_id"": 3052, ""title"": ""삼성전자 100주 매수했습니다!"", ""post_type"": ""trade_share"", ""score"": 0}]","[{""post_id"": 3049, ""title"": ""오늘 삼성전자 매도 거래 공유합니다!"", ""post_type"": ""trade_share"", ""content"": ""안녕하세요, 여러분! 오늘 삼성전자를 MA5 이탈로 인한 단기 조정 우려로 125주 매도했습니다. 현재가가 MA20 지지선에서 멀어져 매수 타이밍이 아니라고 판단했어요. 반도체 호재가 없는 상황에서 좀 더 지켜보는 게 좋을 것 같아서요. MA20 지지선 부근에서 재매수 기회를 노려볼 계획입니다. 여러분은 어떻게 생각하시나요?"", ""reaction"": ""like"", ""author_badges"": [""커뮤니티 인플루언서""], ""author_profile"": null}, {""post_id"": 3060, ""title"": ""반도체 슈퍼사이클과 인건비 상승 리스크에 대한 생각"", ""post_type"": ""analysis"", ""content"": ""안녕하세요, 여러분! 오늘 삼성전자의 반도체 슈퍼사이클에 대한 전망을 다시 한 번 정리해보려고 합니다. 최근 반도체 시장의 긍정적인 신호들이 계속 보이고 있지만, 인건비 상승이라는 리스크도 함께 고민해야 할 것 같습니다. 특히 노조 성과급 문제는 단기적으로 주가에 영향을 줄 수 있을 것으로 보입니다. 현재 주가는 적정 수준에 있는 것 같고, 추가 조정이 있다면 좋은 매수 기회가 될 것이라고 생각합니다. 여러분은 어떻게 생각하시나요? 반도체 업종에 대한 여러분의 의견도 궁금합니다!"", ""reaction"": ""like"", ""author_badges"": [""커뮤니티 인플루언서""], ""author_profile"": null}, {""post_id"": 3051, ""title"": ""오늘 삼성전자 매도했습니다."", ""post_type"": ""trade_share"", ""content"": ""오늘 삼성전자를 MA5 하향 돌파로 인한 단기 조정 우려 때문에 125주 매도했습니다. 현재 수익 구간이라 매도 욕구가 컸고, 과거 손실 경험 때문에 신중하게 접근했습니다. 반도체 호재가 없어서 추가 하락 가능성도 염두에 두고 있습니다. 다른 분들은 어떻게 생각하시나요?"", ""reaction"": ""like"", ""author_badges"": [], ""author_profile"": null}, {""post_id"": 3058, ""title"": ""오늘 삼성전자 일부 매도했습니다."", ""post_type"": ""trade_share"", ""content"": ""안녕하세요, 오늘 삼성전자 주식을 일부 매도했습니다. MA5 이탈로 단기 약세 신호가 보여서 수익 보호 차원에서 보유 물량의 절반 정도를 정리했어요. 반도체 호재가 부재한 상황에서 안정적인 투자 전략을 유지하려고 합니다. 여러분들은 어떻게 생각하시나요? 추가 매수 관점이 있으신가요?"", ""reaction"": ""read"", ""author_badges"": [], ""author_profile"": null}, {""post_id"": 3047, ""title"": ""오늘 삼성전자 추가 매수했습니다!"", ""post_type"": ""trade_share"", ""content"": ""안녕하세요, 여러분! 오늘 삼성전자 100주 추가 매수했습니다. MA20 상단 지지 구간에서 내재가치 기반 장기 상승 추세를 유지할 것이라 판단했어요. 반도체 업황 회복을 기대하며 여유 자금을 활용했습니다. 단기 조정이 오더라도, 장기적으로 긍정적인 전망을 가지고 있으니 좋은 기회라고 생각합니다. 여러분은 어떻게 생각하시나요?"", ""reaction"": ""unlike"", ""author_badges"": [""상위 수익자"", ""자산가""], ""author_profile"": null}]"
chunk_007_2026-04-13_2026-04-17,2026-04-13,2,A026,5,5,,"[{""post_id"": 3060, ""title"": ""반도체 슈퍼사이클과 인건비 상승 리스크에 대한 생각"", ""post_type"": ""analysis"", ""score"": 18}, {""post_id"": 3049, ""title"": ""오늘 삼성전자 매도 거래 공유합니다!"", ""post_type"": ""trade_share"", ""score"": 15}, {""post_id"": 3051, ""title"": ""오늘 삼성전자 매도했습니다."", ""post_type"": ""trade_share"", ""score"": 14}, {""post_id"": 3058, ""title"": ""오늘 삼성전자 일부 매도했습니다."", ""post_type"": ""trade_share"", ""score"": 4}, {""post_id"": 3052, ""title"": ""삼성전자 100주 매수했습니다!"", ""post_type"": ""trade_share"", ""score"": 0}]","[{""post_id"": 3049, ""title"": ""오늘 삼성전자 매도 거래 공유합니다!"", ""post_type"": ""trade_share"", ""content"": ""안녕하세요, 여러분! 오늘 삼성전자를 MA5 이탈로 인한 단기 조정 우려로 125주 매도했습니다. 현재가가 MA20 지지선에서 멀어져 매수 타이밍이 아니라고 판단했어요. 반도체 호재가 없는 상황에서 좀 더 지켜보는 게 좋을 것 같아서요. MA20 지지선 부근에서 재매수 기회를 노려볼 계획입니다. 여러분은 어떻게 생각하시나요?"", ""reaction"": ""like"", ""author_badges"": [""커뮤니티 인플루언서""], ""author_profile"": null}, {""post_id"": 3060, ""title"": ""반도체 슈퍼사이클과 인건비 상승 리스크에 대한 생각"", ""post_type"": ""analysis"", ""content"": ""안녕하세요, 여러분! 오늘 삼성전자의 반도체 슈퍼사이클에 대한 전망을 다시 한 번 정리해보려고 합니다. 최근 반도체 시장의 긍정적인 신호들이 계속 보이고 있지만, 인건비 상승이라는 리스크도 함께 고민해야 할 것 같습니다. 특히 노조 성과급 문제는 단기적으로 주가에 영향을 줄 수 있을 것으로 보입니다. 현재 주가는 적정 수준에 있는 것 같고, 추가 조정이 있다면 좋은 매수 기회가 될 것이라고 생각합니다. 여러분은 어떻게 생각하시나요? 반도체 업종에 대한 여러분의 의견도 궁금합니다!"", ""reaction"": ""like"", ""author_badges"": [""커뮤니티 인플루언서""], ""author_profile"": null}, {""post_id"": 3051, ""title"": ""오늘 삼성전자 매도했습니다."", ""post_type"": ""trade_share"", ""content"": ""오늘 삼성전자를 MA5 하향 돌파로 인한 단기 조정 우려 때문에 125주 매도했습니다. 현재 수익 구간이라 매도 욕구가 컸고, 과거 손실 경험 때문에 신중하게 접근했습니다. 반도체 호재가 없어서 추가 하락 가능성도 염두에 두고 있습니다. 다른 분들은 어떻게 생각하시나요?"", ""reaction"": ""like"", ""author_badges"": [], ""author_profile"": null}, {""post_id"": 3058, ""title"": ""오늘 삼성전자 일부 매도했습니다."", ""post_type"": ""trade_share"", ""content"": ""안녕하세요, 오늘 삼성전자 주식을 일부 매도했습니다. MA5 이탈로 단기 약세 신호가 보여서 수익 보호 차원에서 보유 물량의 절반 정도를 정리했어요. 반도체 호재가 부재한 상황에서 안정적인 투자 전략을 유지하려고 합니다. 여러분들은 어떻게 생각하시나요? 추가 매수 관점이 있으신가요?"", ""reaction"": ""read"", ""author_badges"": [], ""author_profile"": null}, {""post_id"": 3054, ""title"": ""오늘 삼성전자 50주 매수했습니다!"", ""post_type"": ""trade_share"", ""content"": ""안녕하세요, 오늘 삼성전자 50주를 201,000원에 매수했습니다. MA20 지지선이 유지되고 있고, 유동성도 충분한 상황에서 단기 조정이 매수 기회가 될 것 같아 진입했습니다. 다만, 단기 조정 가능성도 염두에 두고 MA5 이탈 시 손절 라인을 지키려고 합니다. 여러분은 어떻게 생각하시나요?"", ""reaction"": ""unlike"", ""author_badges"": [], ""author_profile"": null}]"
chunk_007_2026-04-13_2026-04-17,2026-04-13,2,A027,5,5,,"[{""post_id"": 3060, ""title"": ""반도체 슈퍼사이클과 인건비 상승 리스크에 대한 생각"", ""post_type"": ""analysis"", ""score"": 18}, {""post_id"": 3049, ""title"": ""오늘 삼성전자 매도 거래 공유합니다!"", ""post_type"": ""trade_share"", ""score"": 15}, {""post_id"": 3051, ""title"": ""오늘 삼성전자 매도했습니다."", ""post_type"": ""trade_share"", ""score"": 14}, {""post_id"": 3058, ""title"": ""오늘 삼성전자 일부 매도했습니다."", ""post_type"": ""trade_share"", ""score"": 4}, {""post_id"": 3052, ""title"": ""삼성전자 100주 매수했습니다!"", ""post_type"": ""trade_share"", ""score"": 0}]","[{""post_id"": 3049, ""title"": ""오늘 삼성전자 매도 거래 공유합니다!"", ""post_type"": ""trade_share"", ""content"": ""안녕하세요, 여러분! 오늘 삼성전자를 MA5 이탈로 인한 단기 조정 우려로 125주 매도했습니다. 현재가가 MA20 지지선에서 멀어져 매수 타이밍이 아니라고 판단했어요. 반도체 호재가 없는 상황에서 좀 더 지켜보는 게 좋을 것 같아서요. MA20 지지선 부근에서 재매수 기회를 노려볼 계획입니다. 여러분은 어떻게 생각하시나요?"", ""reaction"": ""like"", ""author_badges"": [""커뮤니티 인플루언서""], ""author_profile"": null}, {""post_id"": 3051, ""title"": ""오늘 삼성전자 매도했습니다."", ""post_type"": ""trade_share"", ""content"": ""오늘 삼성전자를 MA5 하향 돌파로 인한 단기 조정 우려 때문에 125주 매도했습니다. 현재 수익 구간이라 매도 욕구가 컸고, 과거 손실 경험 때문에 신중하게 접근했습니다. 반도체 호재가 없어서 추가 하락 가능성도 염두에 두고 있습니다. 다른 분들은 어떻게 생각하시나요?"", ""reaction"": ""like"", ""author_badges"": [], ""author_profile"": null}, {""post_id"": 3060, ""title"": ""반도체 슈퍼사이클과 인건비 상승 리스크에 대한 생각"", ""post_type"": ""analysis"", ""content"": ""안녕하세요, 여러분! 오늘 삼성전자의 반도체 슈퍼사이클에 대한 전망을 다시 한 번 정리해보려고 합니다. 최근 반도체 시장의 긍정적인 신호들이 계속 보이고 있지만, 인건비 상승이라는 리스크도 함께 고민해야 할 것 같습니다. 특히 노조 성과급 문제는 단기적으로 주가에 영향을 줄 수 있을 것으로 보입니다. 현재 주가는 적정 수준에 있는 것 같고, 추가 조정이 있다면 좋은 매수 기회가 될 것이라고 생각합니다. 여러분은 어떻게 생각하시나요? 반도체 업종에 대한 여러분의 의견도 궁금합니다!"", ""reaction"": ""read"", ""author_badges"": [""커뮤니티 인플루언서""], ""author_profile"": null}, {""post_id"": 3058, ""title"": ""오늘 삼성전자 일부 매도했습니다."", ""post_type"": ""trade_share"", ""content"": ""안녕하세요, 오늘 삼성전자 주식을 일부 매도했습니다. MA5 이탈로 단기 약세 신호가 보여서 수익 보호 차원에서 보유 물량의 절반 정도를 정리했어요. 반도체 호재가 부재한 상황에서 안정적인 투자 전략을 유지하려고 합니다. 여러분들은 어떻게 생각하시나요? 추가 매수 관점이 있으신가요?"", ""reaction"": ""like"", ""author_badges"": [], ""author_profile"": null}, {""post_id"": 3047, ""title"": ""오늘 삼성전자 추가 매수했습니다!"", ""post_type"": ""trade_share"", ""content"": ""안녕하세요, 여러분! 오늘 삼성전자 100주 추가 매수했습니다. MA20 상단 지지 구간에서 내재가치 기반 장기 상승 추세를 유지할 것이라 판단했어요. 반도체 업황 회복을 기대하며 여유 자금을 활용했습니다. 단기 조정이 오더라도, 장기적으로 긍정적인 전망을 가지고 있으니 좋은 기회라고 생각합니다. 여러분은 어떻게 생각하시나요?"", ""reaction"": ""unlike"", ""author_badges"": [""상위 수익자"", ""자산가""], ""author_profile"": null}]"
chunk_007_2026-04-13_2026-04-17,2026-04-14,4,A001,5,5,,"[{""post_id"": 3077, ""title"": ""국민연금 매수세와 커뮤니티의 공포, 기회인가?"", ""post_type"": ""analysis"", ""score"": 17}, {""post_id"": 3068, ""title"": ""오늘 삼성전자 일부 매도했습니다."", ""post_type"": ""trade_share"", ""score"": 14}, {""post_id"": 3070, ""title"": ""오늘 삼성전자 80주 매수했습니다!"", ""post_type"": ""trade_share"", ""score"": 0}, {""post_id"": 3074, ""title"": ""오늘 삼성전자 추가 매수했습니다!"", ""post_type"": ""trade_share"", ""score"": 0}, {""post_id"": 3075, ""title"": ""오늘 삼성전자 50주 매수했습니다!"", ""post_type"": ""trade_share"", ""score"": 0}]","[{""post_id"": 3077, ""title"": ""국민연금 매수세와 커뮤니티의 공포, 기회인가?"", ""post_type"": ""analysis"", ""content"": ""오늘 삼성전자가 상승세를 보이고 있는 가운데, 국민연금의 매수세가 크게 증가한 점은 긍정적인 신호로 작용하고 있습니다. 특히 MA5 지지선이 방어되면서 기술적 지표에서도 매수 신호가 확인되었습니다. 커뮤니티의 비관적인 분위기는 오히려 역발상으로 접근할 수 있는 기회로 보입니다. 안정적인 자산을 선호하는 저에게는 이러한 상황이 더욱 매력적으로 느껴지네요. 여러분은 어떻게 생각하시나요?"", ""reaction"": ""like"", ""author_badges"": [], ""author_profile"": null}, {""post_id"": 3068, ""title"": ""오늘 삼성전자 일부 매도했습니다."", ""post_type"": ""trade_share"", ""content"": ""오늘 삼성전자 47주를 매도했습니다. 수익 실현 욕구가 커서 결정했는데, 국민연금의 매수 소식이 안정성에 대한 확신을 줬지만, 물가 불안 요소도 여전히 있네요. 현금 부족으로 추가 매수는 한계가 있어, 리스크 관리 차원에서 제한적으로 매도했습니다. 여러분은 어떻게 생각하시나요?"", ""reaction"": ""like"", ""author_badges"": [], ""author_profile"": null}, {""post_id"": 3071, ""title"": ""국민연금 매수세에 힘입어 추가 매수했습니다!"", ""post_type"": ""trade_share"", ""content"": ""오늘 삼성전자 31주 매수했습니다. 기관의 집중 매수와 반도체 슈퍼사이클에 대한 기대감으로 저평가 구간이라고 판단했어요. 장기 성장성을 믿고 추가 매수를 결심했습니다. 여러분은 어떻게 생각하시나요? 지금이 좋은 매수 타이밍인가요?"", ""reaction"": ""read"", ""author_badges"": [], ""author_profile"": null}, {""post_id"": 3073, ""title"": ""국민연금 집중 투자로 삼성전자 매수했습니다!"", ""post_type"": ""trade_share"", ""content"": ""오늘 삼성전자 30주를 매수했습니다. 국민연금의 집중 투자 소식과 AI 수요 지속으로 저평가 구간을 탈피할 가능성이 커 보이네요. 주가 상승 모멘텀을 기대하며 성장성에 투자해볼 생각입니다. 여러분은 어떻게 생각하시나요?"", ""reaction"": ""unlike"", ""author_badges"": [""상위 수익자"", ""자산가""], ""author_profile"": null}, {""post_id"": 3079, ""title"": ""국민연금 매수 소식에 추가 매수했습니다!"", ""post_type"": ""trade_share"", ""content"": ""오늘 삼성전자를 100주 추가 매수했습니다. 국민연금의 대규모 매수는 정말 큰 신호라고 생각합니다. 현재 주가가 내재가치 대비 저평가 구간이라 판단해 결정했어요. 단기 조정 우려가 있었지만, 안정성과 성장성을 믿고 계속 보유할 계획입니다. 다른 분들은 어떻게 생각하시나요?"", ""reaction"": ""unlike"", ""author_badges"": [""상위 수익자"", ""자산가""], ""author_profile"": null}]"
chunk_007_2026-04-13_2026-04-17,2026-04-14,4,A003,5,5,,"[{""post_id"": 3077, ""title"": ""국민연금 매수세와 커뮤니티의 공포, 기회인가?"", ""post_type"": ""analysis"", ""score"": 17}, {""post_id"": 3068, ""title"": ""오늘 삼성전자 일부 매도했습니다."", ""post_type"": ""trade_share"", ""score"": 14}, {""post_id"": 3070, ""title"": ""오늘 삼성전자 80주 매수했습니다!"", ""post_type"": ""trade_share"", ""score"": 0}, {""post_id"": 3074, ""title"": ""오늘 삼성전자 추가 매수했습니다!"", ""post_type"": ""trade_share"", ""score"": 0}, {""post_id"": 3075, ""title"": ""오늘 삼성전자 50주 매수했습니다!"", ""post_type"": ""trade_share"", ""score"": 0}]","[{""post_id"": 3077, ""title"": ""국민연금 매수세와 커뮤니티의 공포, 기회인가?"", ""post_type"": ""analysis"", ""content"": ""오늘 삼성전자가 상승세를 보이고 있는 가운데, 국민연금의 매수세가 크게 증가한 점은 긍정적인 신호로 작용하고 있습니다. 특히 MA5 지지선이 방어되면서 기술적 지표에서도 매수 신호가 확인되었습니다. 커뮤니티의 비관적인 분위기는 오히려 역발상으로 접근할 수 있는 기회로 보입니다. 안정적인 자산을 선호하는 저에게는 이러한 상황이 더욱 매력적으로 느껴지네요. 여러분은 어떻게 생각하시나요?"", ""reaction"": ""like"", ""author_badges"": [], ""author_profile"": null}, {""post_id"": 3068, ""title"": ""오늘 삼성전자 일부 매도했습니다."", ""post_type"": ""trade_share"", ""content"": ""오늘 삼성전자 47주를 매도했습니다. 수익 실현 욕구가 커서 결정했는데, 국민연금의 매수 소식이 안정성에 대한 확신을 줬지만, 물가 불안 요소도 여전히 있네요. 현금 부족으로 추가 매수는 한계가 있어, 리스크 관리 차원에서 제한적으로 매도했습니다. 여러분은 어떻게 생각하시나요?"", ""reaction"": ""like"", ""author_badges"": [], ""author_profile"": null}, {""post_id"": 3073, ""title"": ""국민연금 집중 투자로 삼성전자 매수했습니다!"", ""post_type"": ""trade_share"", ""content"": ""오늘 삼성전자 30주를 매수했습니다. 국민연금의 집중 투자 소식과 AI 수요 지속으로 저평가 구간을 탈피할 가능성이 커 보이네요. 주가 상승 모멘텀을 기대하며 성장성에 투자해볼 생각입니다. 여러분은 어떻게 생각하시나요?"", ""reaction"": ""unlike"", ""author_badges"": [""상위 수익자"", ""자산가""], ""author_profile"": null}, {""post_id"": 3072, ""title"": ""국민연금 매수 소식에 힘입어 삼성전자 추가 매수했습니다!"", ""post_type"": ""trade_share"", ""content"": ""안녕하세요, 오늘 삼성전자를 추가로 매수했습니다! 국민연금의 대규모 매수 소식과 반도체 업황 회복 기대감 덕분에 저평가 구간에서 좋은 기회를 잡았다고 생각해요. 50주를 매수했는데, 앞으로의 성장 가능성을 믿고 보유할 예정입니다. 다른 분들도 어떻게 생각하시나요?"", ""reaction"": ""unlike"", ""author_badges"": [], ""author_profile"": null}, {""post_id"": 3081, ""title"": ""삼성전자 매수 완료! 🚀"", ""post_type"": ""trade_share"", ""content"": ""오늘 반도체 업황 호조와 기관 매수세에 힘입어 삼성전자 86주를 매수했습니다. MA5 지지선 확보와 국민연금의 매수세가 확인되면서 상승 모멘텀을 믿고 들어갔어요. 앞으로의 전망이 기대되네요! 여러분은 어떻게 생각하시나요?"", ""reaction"": ""unlike"", ""author_badges"": [""상위 수익자"", ""자산가""], ""author_profile"": null}]"
chunk_007_2026-04-13_2026-04-17,2026-04-14,4,A004,5,5,,"[{""post_id"": 3077, ""title"": ""국민연금 매수세와 커뮤니티의 공포, 기회인가?"", ""post_type"": ""analysis"", ""score"": 17}, {""post_id"": 3068, ""title"": ""오늘 삼성전자 일부 매도했습니다."", ""post_type"": ""trade_share"", ""score"": 14}, {""post_id"": 3070, ""title"": ""오늘 삼성전자 80주 매수했습니다!"", ""post_type"": ""trade_share"", ""score"": 0}, {""post_id"": 3074, ""title"": ""오늘 삼성전자 추가 매수했습니다!"", ""post_type"": ""trade_share"", ""score"": 0}, {""post_id"": 3075, ""title"": ""오늘 삼성전자 50주 매수했습니다!"", ""post_type"": ""trade_share"", ""score"": 0}]","[{""post_id"": 3071, ""title"": ""국민연금 매수세에 힘입어 추가 매수했습니다!"", ""post_type"": ""trade_share"", ""content"": ""오늘 삼성전자 31주 매수했습니다. 기관의 집중 매수와 반도체 슈퍼사이클에 대한 기대감으로 저평가 구간이라고 판단했어요. 장기 성장성을 믿고 추가 매수를 결심했습니다. 여러분은 어떻게 생각하시나요? 지금이 좋은 매수 타이밍인가요?"", ""reaction"": ""unlike"", ""author_badges"": [], ""author_profile"": null}, {""post_id"": 3077, ""title"": ""국민연금 매수세와 커뮤니티의 공포, 기회인가?"", ""post_type"": ""analysis"", ""content"": ""오늘 삼성전자가 상승세를 보이고 있는 가운데, 국민연금의 매수세가 크게 증가한 점은 긍정적인 신호로 작용하고 있습니다. 특히 MA5 지지선이 방어되면서 기술적 지표에서도 매수 신호가 확인되었습니다. 커뮤니티의 비관적인 분위기는 오히려 역발상으로 접근할 수 있는 기회로 보입니다. 안정적인 자산을 선호하는 저에게는 이러한 상황이 더욱 매력적으로 느껴지네요. 여러분은 어떻게 생각하시나요?"", ""reaction"": ""like"", ""author_badges"": [], ""author_profile"": null}, {""post_id"": 3068, ""title"": ""오늘 삼성전자 일부 매도했습니다."", ""post_type"": ""trade_share"", ""content"": ""오늘 삼성전자 47주를 매도했습니다. 수익 실현 욕구가 커서 결정했는데, 국민연금의 매수 소식이 안정성에 대한 확신을 줬지만, 물가 불안 요소도 여전히 있네요. 현금 부족으로 추가 매수는 한계가 있어, 리스크 관리 차원에서 제한적으로 매도했습니다. 여러분은 어떻게 생각하시나요?"", ""reaction"": ""like"", ""author_badges"": [], ""author_profile"": null}, {""post_id"": 3073, ""title"": ""국민연금 집중 투자로 삼성전자 매수했습니다!"", ""post_type"": ""trade_share"", ""content"": ""오늘 삼성전자 30주를 매수했습니다. 국민연금의 집중 투자 소식과 AI 수요 지속으로 저평가 구간을 탈피할 가능성이 커 보이네요. 주가 상승 모멘텀을 기대하며 성장성에 투자해볼 생각입니다. 여러분은 어떻게 생각하시나요?"", ""reaction"": ""unlike"", ""author_badges"": [""상위 수익자"", ""자산가""], ""author_profile"": null}, {""post_id"": 3085, ""title"": ""삼성전자 추가 매수 소식 공유합니다!"", ""post_type"": ""trade_share"", ""content"": ""안녕하세요, 여러분! 오늘 삼성전자 주식 30주를 추가 매수했습니다. 평균 매수 단가 206,500원이었고, 국민연금의 매수 소식이 긍정적인 영향을 줄 것이라 생각해요. 현재가보다 안전마진이 확보되어 있어 추가 매수로 수익 확대 가능성이 높다고 봅니다. 여러분은 어떻게 생각하시나요? 함께 의견 나눠요!"", ""reaction"": ""unlike"", ""author_badges"": [], ""author_profile"": null}]"
chunk_007_2026-04-13_2026-04-17,2026-04-14,4,A005,5,5,,"[{""post_id"": 3077, ""title"": ""국민연금 매수세와 커뮤니티의 공포, 기회인가?"", ""post_type"": ""analysis"", ""score"": 17}, {""post_id"": 3068, ""title"": ""오늘 삼성전자 일부 매도했습니다."", ""post_type"": ""trade_share"", ""score"": 14}, {""post_id"": 3070, ""title"": ""오늘 삼성전자 80주 매수했습니다!"", ""post_type"": ""trade_share"", ""score"": 0}, {""post_id"": 3074, ""title"": ""오늘 삼성전자 추가 매수했습니다!"", ""post_type"": ""trade_share"", ""score"": 0}, {""post_id"": 3075, ""title"": ""오늘 삼성전자 50주 매수했습니다!"", ""post_type"": ""trade_share"", ""score"": 0}]","[{""post_id"": 3069, ""title"": ""오늘 삼성전자 매수했습니다!"", ""post_type"": ""trade_share"", ""content"": ""안녕하세요, 여러분! 오늘 삼성전자를 132주 매수했습니다. 국민연금의 대량 매수와 반도체 슈퍼사이클이 긍정적인 신호를 주고 있어서 과감하게 투자 결정을 내렸어요. 현재 현금 비중이 54%로 여유가 있어서 고위험 고수익 전략을 따르기로 했습니다. 여러분은 어떻게 생각하시나요? 혹시 다른 의견이나 추가 정보 있으시면 공유해 주세요!"", ""reaction"": ""unlike"", ""author_badges"": [""커뮤니티 인플루언서""], ""author_profile"": null}, {""post_id"": 3071, ""title"": ""국민연금 매수세에 힘입어 추가 매수했습니다!"", ""post_type"": ""trade_share"", ""content"": ""오늘 삼성전자 31주 매수했습니다. 기관의 집중 매수와 반도체 슈퍼사이클에 대한 기대감으로 저평가 구간이라고 판단했어요. 장기 성장성을 믿고 추가 매수를 결심했습니다. 여러분은 어떻게 생각하시나요? 지금이 좋은 매수 타이밍인가요?"", ""reaction"": ""unlike"", ""author_badges"": [], ""author_profile"": null}, {""post_id"": 3077, ""title"": ""국민연금 매수세와 커뮤니티의 공포, 기회인가?"", ""post_type"": ""analysis"", ""content"": ""오늘 삼성전자가 상승세를 보이고 있는 가운데, 국민연금의 매수세가 크게 증가한 점은 긍정적인 신호로 작용하고 있습니다. 특히 MA5 지지선이 방어되면서 기술적 지표에서도 매수 신호가 확인되었습니다. 커뮤니티의 비관적인 분위기는 오히려 역발상으로 접근할 수 있는 기회로 보입니다. 안정적인 자산을 선호하는 저에게는 이러한 상황이 더욱 매력적으로 느껴지네요. 여러분은 어떻게 생각하시나요?"", ""reaction"": ""like"", ""author_badges"": [], ""author_profile"": null}, {""post_id"": 3081, ""title"": ""삼성전자 매수 완료! 🚀"", ""post_type"": ""trade_share"", ""content"": ""오늘 반도체 업황 호조와 기관 매수세에 힘입어 삼성전자 86주를 매수했습니다. MA5 지지선 확보와 국민연금의 매수세가 확인되면서 상승 모멘텀을 믿고 들어갔어요. 앞으로의 전망이 기대되네요! 여러분은 어떻게 생각하시나요?"", ""reaction"": ""unlike"", ""author_badges"": [""상위 수익자"", ""자산가""], ""author_profile"": null}, {""post_id"": 3085, ""title"": ""삼성전자 추가 매수 소식 공유합니다!"", ""post_type"": ""trade_share"", ""content"": ""안녕하세요, 여러분! 오늘 삼성전자 주식 30주를 추가 매수했습니다. 평균 매수 단가 206,500원이었고, 국민연금의 매수 소식이 긍정적인 영향을 줄 것이라 생각해요. 현재가보다 안전마진이 확보되어 있어 추가 매수로 수익 확대 가능성이 높다고 봅니다. 여러분은 어떻게 생각하시나요? 함께 의견 나눠요!"", ""reaction"": ""unlike"", ""author_badges"": [], ""author_profile"": null}]"
chunk_007_2026-04-13_2026-04-17,2026-04-14,4,A006,5,5,,"[{""post_id"": 3077, ""title"": ""국민연금 매수세와 커뮤니티의 공포, 기회인가?"", ""post_type"": ""analysis"", ""score"": 17}, {""post_id"": 3068, ""title"": ""오늘 삼성전자 일부 매도했습니다."", ""post_type"": ""trade_share"", ""score"": 14}, {""post_id"": 3070, ""title"": ""오늘 삼성전자 80주 매수했습니다!"", ""post_type"": ""trade_share"", ""score"": 0}, {""post_id"": 3074, ""title"": ""오늘 삼성전자 추가 매수했습니다!"", ""post_type"": ""trade_share"", ""score"": 0}, {""post_id"": 3075, ""title"": ""오늘 삼성전자 50주 매수했습니다!"", ""post_type"": ""trade_share"", ""score"": 0}]","[{""post_id"": 3071, ""title"": ""국민연금 매수세에 힘입어 추가 매수했습니다!"", ""post_type"": ""trade_share"", ""content"": ""오늘 삼성전자 31주 매수했습니다. 기관의 집중 매수와 반도체 슈퍼사이클에 대한 기대감으로 저평가 구간이라고 판단했어요. 장기 성장성을 믿고 추가 매수를 결심했습니다. 여러분은 어떻게 생각하시나요? 지금이 좋은 매수 타이밍인가요?"", ""reaction"": ""unlike"", ""author_badges"": [], ""author_profile"": null}, {""post_id"": 3077, ""title"": ""국민연금 매수세와 커뮤니티의 공포, 기회인가?"", ""post_type"": ""analysis"", ""content"": ""오늘 삼성전자가 상승세를 보이고 있는 가운데, 국민연금의 매수세가 크게 증가한 점은 긍정적인 신호로 작용하고 있습니다. 특히 MA5 지지선이 방어되면서 기술적 지표에서도 매수 신호가 확인되었습니다. 커뮤니티의 비관적인 분위기는 오히려 역발상으로 접근할 수 있는 기회로 보입니다. 안정적인 자산을 선호하는 저에게는 이러한 상황이 더욱 매력적으로 느껴지네요. 여러분은 어떻게 생각하시나요?"", ""reaction"": ""like"", ""author_badges"": [], ""author_profile"": null}, {""post_id"": 3080, ""title"": ""[매수 공유] 삼성전자 94주 매수했습니다!"", ""post_type"": ""trade_share"", ""content"": ""오늘 국민연금 매수 소식과 반도체 업황 호조에 힘입어 삼성전자 94주를 매수했습니다. 공시가는 206,500원이었고, 목표가는 22만원으로 설정했습니다. 장중 하락은 매수 기회로 보고 현금 비중이 38% 남아 있어 추가 매수 여력도 있습니다. 여러분들은 어떻게 생각하시나요? 다들 좋은 투자 하세요!"", ""reaction"": ""unlike"", ""author_badges"": [], ""author_profile"": null}, {""post_id"": 3081, ""title"": ""삼성전자 매수 완료! 🚀"", ""post_type"": ""trade_share"", ""content"": ""오늘 반도체 업황 호조와 기관 매수세에 힘입어 삼성전자 86주를 매수했습니다. MA5 지지선 확보와 국민연금의 매수세가 확인되면서 상승 모멘텀을 믿고 들어갔어요. 앞으로의 전망이 기대되네요! 여러분은 어떻게 생각하시나요?"", ""reaction"": ""unlike"", ""author_badges"": [""상위 수익자"", ""자산가""], ""author_profile"": null}, {""post_id"": 3084, ""title"": ""[매수 공유] 삼성전자 68주 매수했습니다!"", ""post_type"": ""trade_share"", ""content"": ""안녕하세요, 오늘 삼성전자 68주를 매수했습니다! MA5 돌파와 거래량 증가가 상승 추세를 확실히 보여주고 있더군요. 이번 57조 영업이익 호재로 밸류에이션 부담도 덜어졌고, 현금 비중도 충분해 고위험 고수익 전략에 맞게 매수해봤습니다. 여러분은 어떻게 생각하시나요? 추가 매수할 타이밍이 올까요?"", ""reaction"": ""unlike"", ""author_badges"": [], ""author_profile"": null}]"
chunk_007_2026-04-13_2026-04-17,2026-04-14,4,A007,5,5,,"[{""post_id"": 3077, ""title"": ""국민연금 매수세와 커뮤니티의 공포, 기회인가?"", ""post_type"": ""analysis"", ""score"": 17}, {""post_id"": 3068, ""title"": ""오늘 삼성전자 일부 매도했습니다."", ""post_type"": ""trade_share"", ""score"": 14}, {""post_id"": 3070, ""title"": ""오늘 삼성전자 80주 매수했습니다!"", ""post_type"": ""trade_share"", ""score"": 0}, {""post_id"": 3074, ""title"": ""오늘 삼성전자 추가 매수했습니다!"", ""post_type"": ""trade_share"", ""score"": 0}, {""post_id"": 3075, ""title"": ""오늘 삼성전자 50주 매수했습니다!"", ""post_type"": ""trade_share"", ""score"": 0}]","[{""post_id"": 3067, ""title"": ""오늘 삼성전자 50주 매수했습니다!"", ""post_type"": ""trade_share"", ""content"": ""안녕하세요, 여러분! 오늘 삼성전자를 50주 매수했습니다. 기관들의 신뢰도 상승과 기술 혁신 뉴스 덕분에 저평가 해소 기대감이 커지는 것 같아서요. 앞으로의 흐름이 어떻게 될지 기대됩니다. 여러분의 생각은 어떤가요?"", ""reaction"": ""unlike"", ""author_badges"": [""커뮤니티 인플루언서""], ""author_profile"": {""portfolio_summary"": {""state_id"": ""ps_A005_t004"", ""agent_id"": ""A005"", ""turn"": 4, ""date"": ""2026-04-14"", ""cash"": 19535000.0, ""positions"": ""[{\""stock_code\"": \""005930\"", \""quantity\"": 400, \""avg_cost\"": 201162.5, \""current_price\"": 206500.0, \""unrealized_pnl\"": 2135000.0, \""unrealized_pnl_rate\"": 0.026533275337103087}]"", ""total_value"": 102135000.0, ""realized_pnl"": 0.0, ""total_return_rate"": 0.02135, ""updated_at"": ""2026-07-16 09:58:15""}, ""recent_trades"": [{""turn"": 10, ""date"": ""2026-04-10"", ""action"": ""buy"", ""stock_code"": ""005930"", ""quantity"": 107, ""executed_price"": 206000.0, ""trade_value"": 22042000.0, ""status"": ""filled"", ""filled_quantity"": 107, ""action_reason"": ""괴물 실적과 AI 밸류에이션 재평가로 내재가치 매수 논리가 확증되었으며, 현재 가격이 저평가 구간으로 판단되어 매수 기회를 활용합니다.""}, {""turn"": 9, ""date"": ""2026-04-10"", ""action"": ""buy"", ""stock_code"": ""005930"", ""quantity"": 100, ""executed_price"": 208500.0, ""trade_value"": 20850000.0, ""status"": ""filled"", ""filled_quantity"": 100, ""action_reason"": ""내재가치 저평가 구간이며, HBM 호재와 우주 반도체 기대감으로 상승 모멘텀이 강해 추가 매수 기회로 판단.""}, {""turn"": 8, ""date"": ""2026-04-09"", ""action"": ""sell"", ""stock_code"": ""005930"", ""quantity"": 50, ""executed_price"": 204000.0, ""trade_value"": 10200000.0, ""status"": ""filled"", ""filled_quantity"": 50, ""action_reason"": ""단기 생산량 감축 악재와 20 만 원 저항선 근접으로 조정 가능성 높음. 미실현 수익 확보 후 19 만 원~20 만 원 지지 구간에서 추가 매수 기회 확보를 위해 일부 매도.""}]}}, {""post_id"": 3071, ""title"": ""국민연금 매수세에 힘입어 추가 매수했습니다!"", ""post_type"": ""trade_share"", ""content"": ""오늘 삼성전자 31주 매수했습니다. 기관의 집중 매수와 반도체 슈퍼사이클에 대한 기대감으로 저평가 구간이라고 판단했어요. 장기 성장성을 믿고 추가 매수를 결심했습니다. 여러분은 어떻게 생각하시나요? 지금이 좋은 매수 타이밍인가요?"", ""reaction"": ""unlike"", ""author_badges"": [], ""author_profile"": {""portfolio_summary"": {""state_id"": ""ps_A003_t004"", ""agent_id"": ""A003"", ""turn"": 4, ""date"": ""2026-04-14"", ""cash"": 6636100.0, ""positions"": ""[{\""stock_code\"": \""005930\"", \""quantity\"": 465, \""avg_cost\"": 200782.5806451613, \""current_price\"": 206500.0, \""unrealized_pnl\"": 2658599.9999999944, \""unrealized_pnl_rate\"": 0.02847567421669397}]"", ""total_value"": 102658600.0, ""realized_pnl"": 0.0, ""total_return_rate"": 0.026586, ""updated_at"": ""2026-07-16 09:58:15""}, ""recent_trades"": [{""turn"": 10, ""date"": ""2026-04-10"", ""action"": ""buy"", ""stock_code"": ""005930"", ""quantity"": 16, ""executed_price"": 206000.0, ""trade_value"": 3296000.0, ""status"": ""filled"", ""filled_quantity"": 16, ""action_reason"": ""AI 밸류에이션 재평가와 실적 호조로 내재가치 상승 여력이 크다고 판단. 수익 구간에서 원칙적으로 보유하되, 저평가 구간 진입으로 가치투자 논리에 따라 현금 여력을 활용해 포지션 확대.""}, {""turn"": 9, ""date"": ""2026-04-10"", ""action"": ""buy"", ""stock_code"": ""005930"", ""quantity"": 32, ""executed_price"": 208500.0, ""trade_value"": 6672000.0, ""status"": ""filled"", ""filled_quantity"": 32, ""action_reason"": ""현재 주가 20 만 8 천 원대는 내재가치 대비 저평가 구간이며, HBM 및 우주 반도체 호재로 중장기 성장성이 확신됨. 단기 실적 우려는 매수 기회로 판단하여 현금 여력 범위 내에서 최대한 매수.""}, {""turn"": 8, ""date"": ""2026-04-09"", ""action"": ""buy"", ""stock_code"": ""005930"", ""quantity"": 50, ""executed_price"": 204000.0, ""trade_value"": 10200000.0, ""status"": ""filled"", ""filled_quantity"": 50, ""action_reason"": ""2 분기 수주 하향 악재로 단기 조정되었으나, 20 만 원 부근에서 지지 확인 및 초고수 매수세로 내재가치 저평가 구간 진입. 가치 투자 원칙에 따라 매수.""}]}}, {""post_id"": 3077, ""title"": ""국민연금 매수세와 커뮤니티의 공포, 기회인가?"", ""post_type"": ""analysis"", ""content"": ""오늘 삼성전자가 상승세를 보이고 있는 가운데, 국민연금의 매수세가 크게 증가한 점은 긍정적인 신호로 작용하고 있습니다. 특히 MA5 지지선이 방어되면서 기술적 지표에서도 매수 신호가 확인되었습니다. 커뮤니티의 비관적인 분위기는 오히려 역발상으로 접근할 수 있는 기회로 보입니다. 안정적인 자산을 선호하는 저에게는 이러한 상황이 더욱 매력적으로 느껴지네요. 여러분은 어떻게 생각하시나요?"", ""reaction"": ""like"", ""author_badges"": [], ""author_profile"": {""portfolio_summary"": {""state_id"": ""ps_A012_t004"", ""agent_id"": ""A012"", ""turn"": 4, ""date"": ""2026-04-14"", ""cash"": 25400500.0, ""positions"": ""[{\""stock_code\"": \""005930\"", \""quantity\"": 373, \""avg_cost\"": 201249.77658623768, \""current_price\"": 206500.0, \""unrealized_pnl\"": 1958333.333333344, \""unrealized_pnl_rate\"": 0.026088095613425635}]"", ""total_value"": 102425000.0, ""realized_pnl"": 466666.66666666715, ""total_return_rate"": 0.02425, ""updated_at"": ""2026-07-16 09:58:15""}, ""recent_trades"": [{""turn"": 10, ""date"": ""2026-04-10"", ""action"": ""buy"", ""stock_code"": ""005930"", ""quantity"": 50, ""executed_price"": 206000.0, ""trade_value"": 10300000.0, ""status"": ""filled"", ""filled_quantity"": 50, ""action_reason"": ""실적 호재와 AI 밸류에이션 재평가로 상승 추세가 확고하며, 단기 조정 (208,500 원→206,000 원) 을 매수 기회로 간주함. 현금 비중이 높아 추가 매수 여력이 충분하나, 거래량 감소 (-56.89%) 로 인해 신중하게 수량을 제한함.""}, {""turn"": 9, ""date"": ""2026-04-10"", ""action"": ""buy"", ""stock_code"": ""005930"", ""quantity"": 150, ""executed_price"": 208500.0, ""trade_value"": 31275000.0, ""status"": ""filled"", ""filled_quantity"": 150, ""action_reason"": ""HBM 및 우주 반도체 호재와 기술적 돌파 신호로 상승 모멘텀이 강화되었다고 판단하여, 높은 현금 비중을 활용하여 추가 매수합니다.""}, {""turn"": 8, ""date"": ""2026-04-09"", ""action"": ""sell"", ""stock_code"": ""005930"", ""quantity"": 50, ""executed_price"": 204000.0, ""trade_value"": 10200000.0, ""status"": ""filled"", ""filled_quantity"": 50, ""action_reason"": ""수익 구간 진입으로 처분효과에 따른 수익 실현 매도, 실적 하향 발표로 인한 단기 리스크 회피.""}]}}, {""post_id"": 3080, ""title"": ""[매수 공유] 삼성전자 94주 매수했습니다!"", ""post_type"": ""trade_share"", ""content"": ""오늘 국민연금 매수 소식과 반도체 업황 호조에 힘입어 삼성전자 94주를 매수했습니다. 공시가는 206,500원이었고, 목표가는 22만원으로 설정했습니다. 장중 하락은 매수 기회로 보고 현금 비중이 38% 남아 있어 추가 매수 여력도 있습니다. 여러분들은 어떻게 생각하시나요? 다들 좋은 투자 하세요!"", ""reaction"": ""unlike"", ""author_badges"": [], ""author_profile"": {""portfolio_summary"": {""state_id"": ""ps_A013_t004"", ""agent_id"": ""A013"", ""turn"": 4, ""date"": ""2026-04-14"", ""cash"": 19542600.0, ""positions"": ""[{\""stock_code\"": \""005930\"", \""quantity\"": 396, \""avg_cost\"": 203882.32323232322, \""current_price\"": 206500.0, \""unrealized_pnl\"": 1036600.000000004, \""unrealized_pnl_rate\"": 0.012839155087976626}]"", ""total_value"": 101316600.0, ""realized_pnl"": 280000.0, ""total_return_rate"": 0.013166, ""updated_at"": ""2026-07-16 09:58:15""}, ""recent_trades"": [{""turn"": 10, ""date"": ""2026-04-10"", ""action"": ""buy"", ""stock_code"": ""005930"", ""quantity"": 49, ""executed_price"": 206000.0, ""trade_value"": 10094000.0, ""status"": ""filled"", ""filled_quantity"": 49, ""action_reason"": ""AI 테마와 실적 호조로 21 만 원 돌파 기대감, 고위험 고수익 선호 성향에 따라 공격 매수. 최근 매수 단가 대비 하락으로 처분효과에 따른 추가 매수 경향 반영.""}, {""turn"": 9, ""date"": ""2026-04-10"", ""action"": ""buy"", ""stock_code"": ""005930"", ""quantity"": 70, ""executed_price"": 208500.0, ""trade_value"": 14595000.0, ""status"": ""filled"", ""filled_quantity"": 70, ""action_reason"": ""HBM 및 우주 반도체 호재로 상승 모멘텀이 강화되었고 21 만 원 저항선 돌파 가능성이 높다고 판단. 과거 수익 실현 매도 경향을 극복하고 이번 호재 지속 시 고위험 고수익 기회로 판단하여 매수.""}, {""turn"": 8, ""date"": ""2026-04-09"", ""action"": ""sell"", ""stock_code"": ""005930"", ""quantity"": 40, ""executed_price"": 204000.0, ""trade_value"": 8160000.0, ""status"": ""filled"", ""filled_quantity"": 40, ""action_reason"": ""평균 매수 단가 대비 수익 구간에서 처분 효과에 따라 일부 매도합니다. 출하량 하향 악재 뉴스와 20 만 원 지지선 붕괴 우려로 리스크를 줄입니다.""}]}}, {""post_id"": 3085, ""title"": ""삼성전자 추가 매수 소식 공유합니다!"", ""post_type"": ""trade_share"", ""content"": ""안녕하세요, 여러분! 오늘 삼성전자 주식 30주를 추가 매수했습니다. 평균 매수 단가 206,500원이었고, 국민연금의 매수 소식이 긍정적인 영향을 줄 것이라 생각해요. 현재가보다 안전마진이 확보되어 있어 추가 매수로 수익 확대 가능성이 높다고 봅니다. 여러분은 어떻게 생각하시나요? 함께 의견 나눠요!"", ""reaction"": ""read"", ""author_badges"": [], ""author_profile"": {""portfolio_summary"": {""state_id"": ""ps_A026_t004"", ""agent_id"": ""A026"", ""turn"": 4, ""date"": ""2026-04-14"", ""cash"": 13840600.0, ""positions"": ""[{\""stock_code\"": \""005930\"", \""quantity\"": 428, \""avg_cost\"": 201307.0093457944, \""current_price\"": 206500.0, \""unrealized_pnl\"": 2222600.000000002, \""unrealized_pnl_rate\"": 0.025796372769541127}]"", ""total_value"": 102222600.0, ""realized_pnl"": 0.0, ""total_return_rate"": 0.022226, ""updated_at"": ""2026-07-16 09:58:15""}, ""recent_trades"": [{""turn"": 10, ""date"": ""2026-04-10"", ""action"": ""buy"", ""stock_code"": ""005930"", ""quantity"": 53, ""executed_price"": 206000.0, ""trade_value"": 10918000.0, ""status"": ""filled"", ""filled_quantity"": 53, ""action_reason"": ""실적 호조와 AI 수요, 밸류에이션 기준 전환 (PBR→PER/SOTP) 으로 내재가치 상승 여지가 큼. 현재 주가는 저평가 구간이며 수익 보유 상태에서 추가 매수로 내재가치 실현 가속화.""}, {""turn"": 9, ""date"": ""2026-04-10"", ""action"": ""buy"", ""stock_code"": ""005930"", ""quantity"": 105, ""executed_price"": 208500.0, ""trade_value"": 21892500.0, ""status"": ""filled"", ""filled_quantity"": 105, ""action_reason"": ""AI 및 HBM 호재와 기술적 강세 흐름 (MA5/20 상회) 에 따라 내재가치가 상승할 것으로 판단되어, 현금 여력을 활용하여 추가 매수합니다.""}, {""turn"": 8, ""date"": ""2026-04-09"", ""action"": ""buy"", ""stock_code"": ""005930"", ""quantity"": 100, ""executed_price"": 204000.0, ""trade_value"": 20400000.0, ""status"": ""filled"", ""filled_quantity"": 100, ""action_reason"": ""실적 악재 과반응으로 저평가 구간 진입 기회이며, 초고수 매수세와 20 만 원대 지지선 유지로 장기 가치 투자 관점에서 매수합니다.""}]}}]"
chunk_007_2026-04-13_2026-04-17,2026-04-14,4,A008,5,5,,"[{""post_id"": 3077, ""title"": ""국민연금 매수세와 커뮤니티의 공포, 기회인가?"", ""post_type"": ""analysis"", ""score"": 17}, {""post_id"": 3068, ""title"": ""오늘 삼성전자 일부 매도했습니다."", ""post_type"": ""trade_share"", ""score"": 14}, {""post_id"": 3070, ""title"": ""오늘 삼성전자 80주 매수했습니다!"", ""post_type"": ""trade_share"", ""score"": 0}, {""post_id"": 3074, ""title"": ""오늘 삼성전자 추가 매수했습니다!"", ""post_type"": ""trade_share"", ""score"": 0}, {""post_id"": 3075, ""title"": ""오늘 삼성전자 50주 매수했습니다!"", ""post_type"": ""trade_share"", ""score"": 0}]","[{""post_id"": 3071, ""title"": ""국민연금 매수세에 힘입어 추가 매수했습니다!"", ""post_type"": ""trade_share"", ""content"": ""오늘 삼성전자 31주 매수했습니다. 기관의 집중 매수와 반도체 슈퍼사이클에 대한 기대감으로 저평가 구간이라고 판단했어요. 장기 성장성을 믿고 추가 매수를 결심했습니다. 여러분은 어떻게 생각하시나요? 지금이 좋은 매수 타이밍인가요?"", ""reaction"": ""read"", ""author_badges"": [], ""author_profile"": null}, {""post_id"": 3077, ""title"": ""국민연금 매수세와 커뮤니티의 공포, 기회인가?"", ""post_type"": ""analysis"", ""content"": ""오늘 삼성전자가 상승세를 보이고 있는 가운데, 국민연금의 매수세가 크게 증가한 점은 긍정적인 신호로 작용하고 있습니다. 특히 MA5 지지선이 방어되면서 기술적 지표에서도 매수 신호가 확인되었습니다. 커뮤니티의 비관적인 분위기는 오히려 역발상으로 접근할 수 있는 기회로 보입니다. 안정적인 자산을 선호하는 저에게는 이러한 상황이 더욱 매력적으로 느껴지네요. 여러분은 어떻게 생각하시나요?"", ""reaction"": ""like"", ""author_badges"": [], ""author_profile"": null}, {""post_id"": 3068, ""title"": ""오늘 삼성전자 일부 매도했습니다."", ""post_type"": ""trade_share"", ""content"": ""오늘 삼성전자 47주를 매도했습니다. 수익 실현 욕구가 커서 결정했는데, 국민연금의 매수 소식이 안정성에 대한 확신을 줬지만, 물가 불안 요소도 여전히 있네요. 현금 부족으로 추가 매수는 한계가 있어, 리스크 관리 차원에서 제한적으로 매도했습니다. 여러분은 어떻게 생각하시나요?"", ""reaction"": ""like"", ""author_badges"": [], ""author_profile"": null}, {""post_id"": 3080, ""title"": ""[매수 공유] 삼성전자 94주 매수했습니다!"", ""post_type"": ""trade_share"", ""content"": ""오늘 국민연금 매수 소식과 반도체 업황 호조에 힘입어 삼성전자 94주를 매수했습니다. 공시가는 206,500원이었고, 목표가는 22만원으로 설정했습니다. 장중 하락은 매수 기회로 보고 현금 비중이 38% 남아 있어 추가 매수 여력도 있습니다. 여러분들은 어떻게 생각하시나요? 다들 좋은 투자 하세요!"", ""reaction"": ""unlike"", ""author_badges"": [], ""author_profile"": null}, {""post_id"": 3085, ""title"": ""삼성전자 추가 매수 소식 공유합니다!"", ""post_type"": ""trade_share"", ""content"": ""안녕하세요, 여러분! 오늘 삼성전자 주식 30주를 추가 매수했습니다. 평균 매수 단가 206,500원이었고, 국민연금의 매수 소식이 긍정적인 영향을 줄 것이라 생각해요. 현재가보다 안전마진이 확보되어 있어 추가 매수로 수익 확대 가능성이 높다고 봅니다. 여러분은 어떻게 생각하시나요? 함께 의견 나눠요!"", ""reaction"": ""unlike"", ""author_badges"": [], ""author_profile"": null}]"
chunk_007_2026-04-13_2026-04-17,2026-04-14,4,A010,5,5,,"[{""post_id"": 3077, ""title"": ""국민연금 매수세와 커뮤니티의 공포, 기회인가?"", ""post_type"": ""analysis"", ""score"": 17}, {""post_id"": 3068, ""title"": ""오늘 삼성전자 일부 매도했습니다."", ""post_type"": ""trade_share"", ""score"": 14}, {""post_id"": 3070, ""title"": ""오늘 삼성전자 80주 매수했습니다!"", ""post_type"": ""trade_share"", ""score"": 0}, {""post_id"": 3074, ""title"": ""오늘 삼성전자 추가 매수했습니다!"", ""post_type"": ""trade_share"", ""score"": 0}, {""post_id"": 3075, ""title"": ""오늘 삼성전자 50주 매수했습니다!"", ""post_type"": ""trade_share"", ""score"": 0}]","[{""post_id"": 3071, ""title"": ""국민연금 매수세에 힘입어 추가 매수했습니다!"", ""post_type"": ""trade_share"", ""content"": ""오늘 삼성전자 31주 매수했습니다. 기관의 집중 매수와 반도체 슈퍼사이클에 대한 기대감으로 저평가 구간이라고 판단했어요. 장기 성장성을 믿고 추가 매수를 결심했습니다. 여러분은 어떻게 생각하시나요? 지금이 좋은 매수 타이밍인가요?"", ""reaction"": ""read"", ""author_badges"": [], ""author_profile"": null}, {""post_id"": 3072, ""title"": ""국민연금 매수 소식에 힘입어 삼성전자 추가 매수했습니다!"", ""post_type"": ""trade_share"", ""content"": ""안녕하세요, 오늘 삼성전자를 추가로 매수했습니다! 국민연금의 대규모 매수 소식과 반도체 업황 회복 기대감 덕분에 저평가 구간에서 좋은 기회를 잡았다고 생각해요. 50주를 매수했는데, 앞으로의 성장 가능성을 믿고 보유할 예정입니다. 다른 분들도 어떻게 생각하시나요?"", ""reaction"": ""read"", ""author_badges"": [], ""author_profile"": null}, {""post_id"": 3077, ""title"": ""국민연금 매수세와 커뮤니티의 공포, 기회인가?"", ""post_type"": ""analysis"", ""content"": ""오늘 삼성전자가 상승세를 보이고 있는 가운데, 국민연금의 매수세가 크게 증가한 점은 긍정적인 신호로 작용하고 있습니다. 특히 MA5 지지선이 방어되면서 기술적 지표에서도 매수 신호가 확인되었습니다. 커뮤니티의 비관적인 분위기는 오히려 역발상으로 접근할 수 있는 기회로 보입니다. 안정적인 자산을 선호하는 저에게는 이러한 상황이 더욱 매력적으로 느껴지네요. 여러분은 어떻게 생각하시나요?"", ""reaction"": ""like"", ""author_badges"": [], ""author_profile"": null}, {""post_id"": 3068, ""title"": ""오늘 삼성전자 일부 매도했습니다."", ""post_type"": ""trade_share"", ""content"": ""오늘 삼성전자 47주를 매도했습니다. 수익 실현 욕구가 커서 결정했는데, 국민연금의 매수 소식이 안정성에 대한 확신을 줬지만, 물가 불안 요소도 여전히 있네요. 현금 부족으로 추가 매수는 한계가 있어, 리스크 관리 차원에서 제한적으로 매도했습니다. 여러분은 어떻게 생각하시나요?"", ""reaction"": ""like"", ""author_badges"": [], ""author_profile"": null}, {""post_id"": 3085, ""title"": ""삼성전자 추가 매수 소식 공유합니다!"", ""post_type"": ""trade_share"", ""content"": ""안녕하세요, 여러분! 오늘 삼성전자 주식 30주를 추가 매수했습니다. 평균 매수 단가 206,500원이었고, 국민연금의 매수 소식이 긍정적인 영향을 줄 것이라 생각해요. 현재가보다 안전마진이 확보되어 있어 추가 매수로 수익 확대 가능성이 높다고 봅니다. 여러분은 어떻게 생각하시나요? 함께 의견 나눠요!"", ""reaction"": ""read"", ""author_badges"": [], ""author_profile"": null}]"
chunk_007_2026-04-13_2026-04-17,2026-04-14,4,A011,5,5,,"[{""post_id"": 3077, ""title"": ""국민연금 매수세와 커뮤니티의 공포, 기회인가?"", ""post_type"": ""analysis"", ""score"": 17}, {""post_id"": 3068, ""title"": ""오늘 삼성전자 일부 매도했습니다."", ""post_type"": ""trade_share"", ""score"": 14}, {""post_id"": 3070, ""title"": ""오늘 삼성전자 80주 매수했습니다!"", ""post_type"": ""trade_share"", ""score"": 0}, {""post_id"": 3074, ""title"": ""오늘 삼성전자 추가 매수했습니다!"", ""post_type"": ""trade_share"", ""score"": 0}, {""post_id"": 3075, ""title"": ""오늘 삼성전자 50주 매수했습니다!"", ""post_type"": ""trade_share"", ""score"": 0}]","[{""post_id"": 3077, ""title"": ""국민연금 매수세와 커뮤니티의 공포, 기회인가?"", ""post_type"": ""analysis"", ""content"": ""오늘 삼성전자가 상승세를 보이고 있는 가운데, 국민연금의 매수세가 크게 증가한 점은 긍정적인 신호로 작용하고 있습니다. 특히 MA5 지지선이 방어되면서 기술적 지표에서도 매수 신호가 확인되었습니다. 커뮤니티의 비관적인 분위기는 오히려 역발상으로 접근할 수 있는 기회로 보입니다. 안정적인 자산을 선호하는 저에게는 이러한 상황이 더욱 매력적으로 느껴지네요. 여러분은 어떻게 생각하시나요?"", ""reaction"": ""like"", ""author_badges"": [], ""author_profile"": null}, {""post_id"": 3068, ""title"": ""오늘 삼성전자 일부 매도했습니다."", ""post_type"": ""trade_share"", ""content"": ""오늘 삼성전자 47주를 매도했습니다. 수익 실현 욕구가 커서 결정했는데, 국민연금의 매수 소식이 안정성에 대한 확신을 줬지만, 물가 불안 요소도 여전히 있네요. 현금 부족으로 추가 매수는 한계가 있어, 리스크 관리 차원에서 제한적으로 매도했습니다. 여러분은 어떻게 생각하시나요?"", ""reaction"": ""read"", ""author_badges"": [], ""author_profile"": null}, {""post_id"": 3071, ""title"": ""국민연금 매수세에 힘입어 추가 매수했습니다!"", ""post_type"": ""trade_share"", ""content"": ""오늘 삼성전자 31주 매수했습니다. 기관의 집중 매수와 반도체 슈퍼사이클에 대한 기대감으로 저평가 구간이라고 판단했어요. 장기 성장성을 믿고 추가 매수를 결심했습니다. 여러분은 어떻게 생각하시나요? 지금이 좋은 매수 타이밍인가요?"", ""reaction"": ""unlike"", ""author_badges"": [], ""author_profile"": null}, {""post_id"": 3079, ""title"": ""국민연금 매수 소식에 추가 매수했습니다!"", ""post_type"": ""trade_share"", ""content"": ""오늘 삼성전자를 100주 추가 매수했습니다. 국민연금의 대규모 매수는 정말 큰 신호라고 생각합니다. 현재 주가가 내재가치 대비 저평가 구간이라 판단해 결정했어요. 단기 조정 우려가 있었지만, 안정성과 성장성을 믿고 계속 보유할 계획입니다. 다른 분들은 어떻게 생각하시나요?"", ""reaction"": ""unlike"", ""author_badges"": [""상위 수익자"", ""자산가""], ""author_profile"": null}, {""post_id"": 3081, ""title"": ""삼성전자 매수 완료! 🚀"", ""post_type"": ""trade_share"", ""content"": ""오늘 반도체 업황 호조와 기관 매수세에 힘입어 삼성전자 86주를 매수했습니다. MA5 지지선 확보와 국민연금의 매수세가 확인되면서 상승 모멘텀을 믿고 들어갔어요. 앞으로의 전망이 기대되네요! 여러분은 어떻게 생각하시나요?"", ""reaction"": ""read"", ""author_badges"": [""상위 수익자"", ""자산가""], ""author_profile"": null}]"
chunk_007_2026-04-13_2026-04-17,2026-04-14,4,A012,5,5,,"[{""post_id"": 3077, ""title"": ""국민연금 매수세와 커뮤니티의 공포, 기회인가?"", ""post_type"": ""analysis"", ""score"": 17}, {""post_id"": 3068, ""title"": ""오늘 삼성전자 일부 매도했습니다."", ""post_type"": ""trade_share"", ""score"": 14}, {""post_id"": 3070, ""title"": ""오늘 삼성전자 80주 매수했습니다!"", ""post_type"": ""trade_share"", ""score"": 0}, {""post_id"": 3074, ""title"": ""오늘 삼성전자 추가 매수했습니다!"", ""post_type"": ""trade_share"", ""score"": 0}, {""post_id"": 3075, ""title"": ""오늘 삼성전자 50주 매수했습니다!"", ""post_type"": ""trade_share"", ""score"": 0}]","[{""post_id"": 3068, ""title"": ""오늘 삼성전자 일부 매도했습니다."", ""post_type"": ""trade_share"", ""content"": ""오늘 삼성전자 47주를 매도했습니다. 수익 실현 욕구가 커서 결정했는데, 국민연금의 매수 소식이 안정성에 대한 확신을 줬지만, 물가 불안 요소도 여전히 있네요. 현금 부족으로 추가 매수는 한계가 있어, 리스크 관리 차원에서 제한적으로 매도했습니다. 여러분은 어떻게 생각하시나요?"", ""reaction"": ""like"", ""author_badges"": [], ""author_profile"": null}, {""post_id"": 3071, ""title"": ""국민연금 매수세에 힘입어 추가 매수했습니다!"", ""post_type"": ""trade_share"", ""content"": ""오늘 삼성전자 31주 매수했습니다. 기관의 집중 매수와 반도체 슈퍼사이클에 대한 기대감으로 저평가 구간이라고 판단했어요. 장기 성장성을 믿고 추가 매수를 결심했습니다. 여러분은 어떻게 생각하시나요? 지금이 좋은 매수 타이밍인가요?"", ""reaction"": ""unlike"", ""author_badges"": [], ""author_profile"": null}, {""post_id"": 3073, ""title"": ""국민연금 집중 투자로 삼성전자 매수했습니다!"", ""post_type"": ""trade_share"", ""content"": ""오늘 삼성전자 30주를 매수했습니다. 국민연금의 집중 투자 소식과 AI 수요 지속으로 저평가 구간을 탈피할 가능성이 커 보이네요. 주가 상승 모멘텀을 기대하며 성장성에 투자해볼 생각입니다. 여러분은 어떻게 생각하시나요?"", ""reaction"": ""unlike"", ""author_badges"": [""상위 수익자"", ""자산가""], ""author_profile"": null}, {""post_id"": 3079, ""title"": ""국민연금 매수 소식에 추가 매수했습니다!"", ""post_type"": ""trade_share"", ""content"": ""오늘 삼성전자를 100주 추가 매수했습니다. 국민연금의 대규모 매수는 정말 큰 신호라고 생각합니다. 현재 주가가 내재가치 대비 저평가 구간이라 판단해 결정했어요. 단기 조정 우려가 있었지만, 안정성과 성장성을 믿고 계속 보유할 계획입니다. 다른 분들은 어떻게 생각하시나요?"", ""reaction"": ""unlike"", ""author_badges"": [""상위 수익자"", ""자산가""], ""author_profile"": null}, {""post_id"": 3085, ""title"": ""삼성전자 추가 매수 소식 공유합니다!"", ""post_type"": ""trade_share"", ""content"": ""안녕하세요, 여러분! 오늘 삼성전자 주식 30주를 추가 매수했습니다. 평균 매수 단가 206,500원이었고, 국민연금의 매수 소식이 긍정적인 영향을 줄 것이라 생각해요. 현재가보다 안전마진이 확보되어 있어 추가 매수로 수익 확대 가능성이 높다고 봅니다. 여러분은 어떻게 생각하시나요? 함께 의견 나눠요!"", ""reaction"": ""unlike"", ""author_badges"": [], ""author_profile"": null}]"
chunk_007_2026-04-13_2026-04-17,2026-04-14,4,A013,5,5,,"[{""post_id"": 3077, ""title"": ""국민연금 매수세와 커뮤니티의 공포, 기회인가?"", ""post_type"": ""analysis"", ""score"": 17}, {""post_id"": 3068, ""title"": ""오늘 삼성전자 일부 매도했습니다."", ""post_type"": ""trade_share"", ""score"": 14}, {""post_id"": 3070, ""title"": ""오늘 삼성전자 80주 매수했습니다!"", ""post_type"": ""trade_share"", ""score"": 0}, {""post_id"": 3074, ""title"": ""오늘 삼성전자 추가 매수했습니다!"", ""post_type"": ""trade_share"", ""score"": 0}, {""post_id"": 3075, ""title"": ""오늘 삼성전자 50주 매수했습니다!"", ""post_type"": ""trade_share"", ""score"": 0}]","[{""post_id"": 3068, ""title"": ""오늘 삼성전자 일부 매도했습니다."", ""post_type"": ""trade_share"", ""content"": ""오늘 삼성전자 47주를 매도했습니다. 수익 실현 욕구가 커서 결정했는데, 국민연금의 매수 소식이 안정성에 대한 확신을 줬지만, 물가 불안 요소도 여전히 있네요. 현금 부족으로 추가 매수는 한계가 있어, 리스크 관리 차원에서 제한적으로 매도했습니다. 여러분은 어떻게 생각하시나요?"", ""reaction"": ""like"", ""author_badges"": [], ""author_profile"": null}, {""post_id"": 3071, ""title"": ""국민연금 매수세에 힘입어 추가 매수했습니다!"", ""post_type"": ""trade_share"", ""content"": ""오늘 삼성전자 31주 매수했습니다. 기관의 집중 매수와 반도체 슈퍼사이클에 대한 기대감으로 저평가 구간이라고 판단했어요. 장기 성장성을 믿고 추가 매수를 결심했습니다. 여러분은 어떻게 생각하시나요? 지금이 좋은 매수 타이밍인가요?"", ""reaction"": ""unlike"", ""author_badges"": [], ""author_profile"": null}, {""post_id"": 3077, ""title"": ""국민연금 매수세와 커뮤니티의 공포, 기회인가?"", ""post_type"": ""analysis"", ""content"": ""오늘 삼성전자가 상승세를 보이고 있는 가운데, 국민연금의 매수세가 크게 증가한 점은 긍정적인 신호로 작용하고 있습니다. 특히 MA5 지지선이 방어되면서 기술적 지표에서도 매수 신호가 확인되었습니다. 커뮤니티의 비관적인 분위기는 오히려 역발상으로 접근할 수 있는 기회로 보입니다. 안정적인 자산을 선호하는 저에게는 이러한 상황이 더욱 매력적으로 느껴지네요. 여러분은 어떻게 생각하시나요?"", ""reaction"": ""like"", ""author_badges"": [], ""author_profile"": null}, {""post_id"": 3073, ""title"": ""국민연금 집중 투자로 삼성전자 매수했습니다!"", ""post_type"": ""trade_share"", ""content"": ""오늘 삼성전자 30주를 매수했습니다. 국민연금의 집중 투자 소식과 AI 수요 지속으로 저평가 구간을 탈피할 가능성이 커 보이네요. 주가 상승 모멘텀을 기대하며 성장성에 투자해볼 생각입니다. 여러분은 어떻게 생각하시나요?"", ""reaction"": ""unlike"", ""author_badges"": [""상위 수익자"", ""자산가""], ""author_profile"": null}, {""post_id"": 3081, ""title"": ""삼성전자 매수 완료! 🚀"", ""post_type"": ""trade_share"", ""content"": ""오늘 반도체 업황 호조와 기관 매수세에 힘입어 삼성전자 86주를 매수했습니다. MA5 지지선 확보와 국민연금의 매수세가 확인되면서 상승 모멘텀을 믿고 들어갔어요. 앞으로의 전망이 기대되네요! 여러분은 어떻게 생각하시나요?"", ""reaction"": ""unlike"", ""author_badges"": [""상위 수익자"", ""자산가""], ""author_profile"": null}]"
chunk_007_2026-04-13_2026-04-17,2026-04-14,4,A014,5,5,,"[{""post_id"": 3077, ""title"": ""국민연금 매수세와 커뮤니티의 공포, 기회인가?"", ""post_type"": ""analysis"", ""score"": 17}, {""post_id"": 3068, ""title"": ""오늘 삼성전자 일부 매도했습니다."", ""post_type"": ""trade_share"", ""score"": 14}, {""post_id"": 3070, ""title"": ""오늘 삼성전자 80주 매수했습니다!"", ""post_type"": ""trade_share"", ""score"": 0}, {""post_id"": 3074, ""title"": ""오늘 삼성전자 추가 매수했습니다!"", ""post_type"": ""trade_share"", ""score"": 0}, {""post_id"": 3075, ""title"": ""오늘 삼성전자 50주 매수했습니다!"", ""post_type"": ""trade_share"", ""score"": 0}]","[{""post_id"": 3068, ""title"": ""오늘 삼성전자 일부 매도했습니다."", ""post_type"": ""trade_share"", ""content"": ""오늘 삼성전자 47주를 매도했습니다. 수익 실현 욕구가 커서 결정했는데, 국민연금의 매수 소식이 안정성에 대한 확신을 줬지만, 물가 불안 요소도 여전히 있네요. 현금 부족으로 추가 매수는 한계가 있어, 리스크 관리 차원에서 제한적으로 매도했습니다. 여러분은 어떻게 생각하시나요?"", ""reaction"": ""like"", ""author_badges"": [], ""author_profile"": null}, {""post_id"": 3071, ""title"": ""국민연금 매수세에 힘입어 추가 매수했습니다!"", ""post_type"": ""trade_share"", ""content"": ""오늘 삼성전자 31주 매수했습니다. 기관의 집중 매수와 반도체 슈퍼사이클에 대한 기대감으로 저평가 구간이라고 판단했어요. 장기 성장성을 믿고 추가 매수를 결심했습니다. 여러분은 어떻게 생각하시나요? 지금이 좋은 매수 타이밍인가요?"", ""reaction"": ""unlike"", ""author_badges"": [], ""author_profile"": null}, {""post_id"": 3077, ""title"": ""국민연금 매수세와 커뮤니티의 공포, 기회인가?"", ""post_type"": ""analysis"", ""content"": ""오늘 삼성전자가 상승세를 보이고 있는 가운데, 국민연금의 매수세가 크게 증가한 점은 긍정적인 신호로 작용하고 있습니다. 특히 MA5 지지선이 방어되면서 기술적 지표에서도 매수 신호가 확인되었습니다. 커뮤니티의 비관적인 분위기는 오히려 역발상으로 접근할 수 있는 기회로 보입니다. 안정적인 자산을 선호하는 저에게는 이러한 상황이 더욱 매력적으로 느껴지네요. 여러분은 어떻게 생각하시나요?"", ""reaction"": ""like"", ""author_badges"": [], ""author_profile"": null}, {""post_id"": 3073, ""title"": ""국민연금 집중 투자로 삼성전자 매수했습니다!"", ""post_type"": ""trade_share"", ""content"": ""오늘 삼성전자 30주를 매수했습니다. 국민연금의 집중 투자 소식과 AI 수요 지속으로 저평가 구간을 탈피할 가능성이 커 보이네요. 주가 상승 모멘텀을 기대하며 성장성에 투자해볼 생각입니다. 여러분은 어떻게 생각하시나요?"", ""reaction"": ""unlike"", ""author_badges"": [""상위 수익자"", ""자산가""], ""author_profile"": null}, {""post_id"": 3085, ""title"": ""삼성전자 추가 매수 소식 공유합니다!"", ""post_type"": ""trade_share"", ""content"": ""안녕하세요, 여러분! 오늘 삼성전자 주식 30주를 추가 매수했습니다. 평균 매수 단가 206,500원이었고, 국민연금의 매수 소식이 긍정적인 영향을 줄 것이라 생각해요. 현재가보다 안전마진이 확보되어 있어 추가 매수로 수익 확대 가능성이 높다고 봅니다. 여러분은 어떻게 생각하시나요? 함께 의견 나눠요!"", ""reaction"": ""unlike"", ""author_badges"": [], ""author_profile"": null}]"
chunk_007_2026-04-13_2026-04-17,2026-04-14,4,A015,5,5,,"[{""post_id"": 3077, ""title"": ""국민연금 매수세와 커뮤니티의 공포, 기회인가?"", ""post_type"": ""analysis"", ""score"": 17}, {""post_id"": 3068, ""title"": ""오늘 삼성전자 일부 매도했습니다."", ""post_type"": ""trade_share"", ""score"": 14}, {""post_id"": 3070, ""title"": ""오늘 삼성전자 80주 매수했습니다!"", ""post_type"": ""trade_share"", ""score"": 0}, {""post_id"": 3074, ""title"": ""오늘 삼성전자 추가 매수했습니다!"", ""post_type"": ""trade_share"", ""score"": 0}, {""post_id"": 3075, ""title"": ""오늘 삼성전자 50주 매수했습니다!"", ""post_type"": ""trade_share"", ""score"": 0}]","[{""post_id"": 3068, ""title"": ""오늘 삼성전자 일부 매도했습니다."", ""post_type"": ""trade_share"", ""content"": ""오늘 삼성전자 47주를 매도했습니다. 수익 실현 욕구가 커서 결정했는데, 국민연금의 매수 소식이 안정성에 대한 확신을 줬지만, 물가 불안 요소도 여전히 있네요. 현금 부족으로 추가 매수는 한계가 있어, 리스크 관리 차원에서 제한적으로 매도했습니다. 여러분은 어떻게 생각하시나요?"", ""reaction"": ""like"", ""author_badges"": [], ""author_profile"": {""portfolio_summary"": {""state_id"": ""ps_A006_t004"", ""agent_id"": ""A006"", ""turn"": 4, ""date"": ""2026-04-14"", ""cash"": 29259100.0, ""positions"": ""[{\""stock_code\"": \""005930\"", \""quantity\"": 355, \""avg_cost\"": 200115.42288557213, \""current_price\"": 206500.0, \""unrealized_pnl\"": 2266524.875621894, \""unrealized_pnl_rate\"": 0.03190447304043443}]"", ""total_value"": 102566600.0, ""realized_pnl"": 300075.1243781099, ""total_return_rate"": 0.025666, ""updated_at"": ""2026-07-16 09:58:15""}, ""recent_trades"": [{""turn"": 10, ""date"": ""2026-04-10"", ""action"": ""buy"", ""stock_code"": ""005930"", ""quantity"": 50, ""executed_price"": 206000.0, ""trade_value"": 10300000.0, ""status"": ""filled"", ""filled_quantity"": 50, ""action_reason"": ""실적 호조와 저평가 인식, 평균 매수 단가 하회로 처분효과에 따른 매수, 외국인 매수세 지속.""}, {""turn"": 9, ""date"": ""2026-04-10"", ""action"": ""buy"", ""stock_code"": ""005930"", ""quantity"": 50, ""executed_price"": 208500.0, ""trade_value"": 10425000.0, ""status"": ""filled"", ""filled_quantity"": 50, ""action_reason"": ""HBM 호재와 기술적 지지선 유지로 단기 반등 기대. 포트폴리오 손실 구간이므로 처분효과에 따라 추가 매수. 수익 시 너무 빨리 팔지 않고 추세 관찰 필요.""}, {""turn"": 8, ""date"": ""2026-04-09"", ""action"": ""buy"", ""stock_code"": ""005930"", ""quantity"": 50, ""executed_price"": 204000.0, ""trade_value"": 10200000.0, ""status"": ""filled"", ""filled_quantity"": 50, ""action_reason"": ""현재가 MA5 지지선 부근에서 기술적 반등 가능성 확인. 손실 상태이므로 아베리징 욕구 있으나, 실적 하향 뉴스 리스크로 인해 수량을 제한적으로 매수합니다.""}]}}, {""post_id"": 3071, ""title"": ""국민연금 매수세에 힘입어 추가 매수했습니다!"", ""post_type"": ""trade_share"", ""content"": ""오늘 삼성전자 31주 매수했습니다. 기관의 집중 매수와 반도체 슈퍼사이클에 대한 기대감으로 저평가 구간이라고 판단했어요. 장기 성장성을 믿고 추가 매수를 결심했습니다. 여러분은 어떻게 생각하시나요? 지금이 좋은 매수 타이밍인가요?"", ""reaction"": ""unlike"", ""author_badges"": [], ""author_profile"": {""portfolio_summary"": {""state_id"": ""ps_A003_t004"", ""agent_id"": ""A003"", ""turn"": 4, ""date"": ""2026-04-14"", ""cash"": 6636100.0, ""positions"": ""[{\""stock_code\"": \""005930\"", \""quantity\"": 465, \""avg_cost\"": 200782.5806451613, \""current_price\"": 206500.0, \""unrealized_pnl\"": 2658599.9999999944, \""unrealized_pnl_rate\"": 0.02847567421669397}]"", ""total_value"": 102658600.0, ""realized_pnl"": 0.0, ""total_return_rate"": 0.026586, ""updated_at"": ""2026-07-16 09:58:15""}, ""recent_trades"": [{""turn"": 10, ""date"": ""2026-04-10"", ""action"": ""buy"", ""stock_code"": ""005930"", ""quantity"": 16, ""executed_price"": 206000.0, ""trade_value"": 3296000.0, ""status"": ""filled"", ""filled_quantity"": 16, ""action_reason"": ""AI 밸류에이션 재평가와 실적 호조로 내재가치 상승 여력이 크다고 판단. 수익 구간에서 원칙적으로 보유하되, 저평가 구간 진입으로 가치투자 논리에 따라 현금 여력을 활용해 포지션 확대.""}, {""turn"": 9, ""date"": ""2026-04-10"", ""action"": ""buy"", ""stock_code"": ""005930"", ""quantity"": 32, ""executed_price"": 208500.0, ""trade_value"": 6672000.0, ""status"": ""filled"", ""filled_quantity"": 32, ""action_reason"": ""현재 주가 20 만 8 천 원대는 내재가치 대비 저평가 구간이며, HBM 및 우주 반도체 호재로 중장기 성장성이 확신됨. 단기 실적 우려는 매수 기회로 판단하여 현금 여력 범위 내에서 최대한 매수.""}, {""turn"": 8, ""date"": ""2026-04-09"", ""action"": ""buy"", ""stock_code"": ""005930"", ""quantity"": 50, ""executed_price"": 204000.0, ""trade_value"": 10200000.0, ""status"": ""filled"", ""filled_quantity"": 50, ""action_reason"": ""2 분기 수주 하향 악재로 단기 조정되었으나, 20 만 원 부근에서 지지 확인 및 초고수 매수세로 내재가치 저평가 구간 진입. 가치 투자 원칙에 따라 매수.""}]}}, {""post_id"": 3072, ""title"": ""국민연금 매수 소식에 힘입어 삼성전자 추가 매수했습니다!"", ""post_type"": ""trade_share"", ""content"": ""안녕하세요, 오늘 삼성전자를 추가로 매수했습니다! 국민연금의 대규모 매수 소식과 반도체 업황 회복 기대감 덕분에 저평가 구간에서 좋은 기회를 잡았다고 생각해요. 50주를 매수했는데, 앞으로의 성장 가능성을 믿고 보유할 예정입니다. 다른 분들도 어떻게 생각하시나요?"", ""reaction"": ""unlike"", ""author_badges"": [], ""author_profile"": {""portfolio_summary"": {""state_id"": ""ps_A001_t004"", ""agent_id"": ""A001"", ""turn"": 4, ""date"": ""2026-04-14"", ""cash"": 27715000.0, ""positions"": ""[{\""stock_code\"": \""005930\"", \""quantity\"": 360, \""avg_cost\"": 200791.66666666666, \""current_price\"": 206500.0, \""unrealized_pnl\"": 2055000.0000000035, \""unrealized_pnl_rate\"": 0.028429134675243876}]"", ""total_value"": 102055000.0, ""realized_pnl"": 0.0, ""total_return_rate"": 0.02055, ""updated_at"": ""2026-07-16 09:58:15""}, ""recent_trades"": [{""turn"": 10, ""date"": ""2026-04-10"", ""action"": ""buy"", ""stock_code"": ""005930"", ""quantity"": 100, ""executed_price"": 206000.0, ""trade_value"": 20600000.0, ""status"": ""filled"", ""filled_quantity"": 100, ""action_reason"": ""실적 호조와 AI 밸류에이션 재평가로 저평가 구간이 명확해 내재가치 상승 여력을 믿고 추가 매수합니다.""}, {""turn"": 9, ""date"": ""2026-04-10"", ""action"": ""buy"", ""stock_code"": ""005930"", ""quantity"": 100, ""executed_price"": 208500.0, ""trade_value"": 20850000.0, ""status"": ""filled"", ""filled_quantity"": 100, ""action_reason"": ""HBM 및 우주 반도체 호재로 장기 성장성이 재확인되었으며, 현재 주가는 내재가치 대비 적정 수준입니다. 현금 비중이 충분하여 단기 변동성에도 대응 가능한 범위에서 추가 매수합니다.""}, {""turn"": 8, ""date"": ""2026-04-09"", ""action"": ""buy"", ""stock_code"": ""005930"", ""quantity"": 50, ""executed_price"": 204000.0, ""trade_value"": 10200000.0, ""status"": ""filled"", ""filled_quantity"": 50, ""action_reason"": ""20 만 원대 지지선 확인 및 초고수 매수 신호로 가치 투자 관점에서 매수. 실적 하향 우려 있으나 현금 비중이 높아 리스크 관리 가능.""}]}}, {""post_id"": 3073, ""title"": ""국민연금 집중 투자로 삼성전자 매수했습니다!"", ""post_type"": ""trade_share"", ""content"": ""오늘 삼성전자 30주를 매수했습니다. 국민연금의 집중 투자 소식과 AI 수요 지속으로 저평가 구간을 탈피할 가능성이 커 보이네요. 주가 상승 모멘텀을 기대하며 성장성에 투자해볼 생각입니다. 여러분은 어떻게 생각하시나요?"", ""reaction"": ""unlike"", ""author_badges"": [""상위 수익자"", ""자산가""], ""author_profile"": {""portfolio_summary"": {""state_id"": ""ps_A011_t004"", ""agent_id"": ""A011"", ""turn"": 4, ""date"": ""2026-04-14"", ""cash"": 6454600.0, ""positions"": ""[{\""stock_code\"": \""005930\"", \""quantity\"": 466, \""avg_cost\"": 200741.2017167382, \""current_price\"": 206500.0, \""unrealized_pnl\"": 2683599.9999999986, \""unrealized_pnl_rate\"": 0.02868767464781805}]"", ""total_value"": 102683600.0, ""realized_pnl"": 0.0, ""total_return_rate"": 0.026836, ""updated_at"": ""2026-07-16 09:58:15""}, ""recent_trades"": [{""turn"": 10, ""date"": ""2026-04-10"", ""action"": ""buy"", ""stock_code"": ""005930"", ""quantity"": 10, ""executed_price"": 206000.0, ""trade_value"": 2060000.0, ""status"": ""filled"", ""filled_quantity"": 10, ""action_reason"": ""실적 호조 (영업이익 57 조원) 와 AI 밸류에이션 재평가 (PBR->PER) 로 저평가 구간 유지, 단기 조정 시 매수 기회로 판단.""}, {""turn"": 9, ""date"": ""2026-04-10"", ""action"": ""buy"", ""stock_code"": ""005930"", ""quantity"": 18, ""executed_price"": 208500.0, ""trade_value"": 3753000.0, ""status"": ""filled"", ""filled_quantity"": 18, ""action_reason"": ""HBM 및 우주 반도체 호재로 성장성이 입증된 저평가 구간으로 판단되며, 현금 비중이 낮아 고위험 선호 성향에 따라 매수 한도 내에서 추가 매수합니다.""}, {""turn"": 8, ""date"": ""2026-04-09"", ""action"": ""buy"", ""stock_code"": ""005930"", ""quantity"": 37, ""executed_price"": 204000.0, ""trade_value"": 7548000.0, ""status"": ""filled"", ""filled_quantity"": 37, ""action_reason"": ""204,000 원은 내재가치 대비 저평가 구간이며, 초고수 매수세와 반도체 사이클 회복 기대감이 단기 악재 (생산량 하향) 를 상쇄할 것으로 판단. 현금 비중이 낮으나 고위험 고수익 선호 성향에 따라 저가 매수 기회 활용.""}]}}, {""post_id"": 3077, ""title"": ""국민연금 매수세와 커뮤니티의 공포, 기회인가?"", ""post_type"": ""analysis"", ""content"": ""오늘 삼성전자가 상승세를 보이고 있는 가운데, 국민연금의 매수세가 크게 증가한 점은 긍정적인 신호로 작용하고 있습니다. 특히 MA5 지지선이 방어되면서 기술적 지표에서도 매수 신호가 확인되었습니다. 커뮤니티의 비관적인 분위기는 오히려 역발상으로 접근할 수 있는 기회로 보입니다. 안정적인 자산을 선호하는 저에게는 이러한 상황이 더욱 매력적으로 느껴지네요. 여러분은 어떻게 생각하시나요?"", ""reaction"": ""like"", ""author_badges"": [], ""author_profile"": {""portfolio_summary"": {""state_id"": ""ps_A012_t004"", ""agent_id"": ""A012"", ""turn"": 4, ""date"": ""2026-04-14"", ""cash"": 25400500.0, ""positions"": ""[{\""stock_code\"": \""005930\"", \""quantity\"": 373, \""avg_cost\"": 201249.77658623768, \""current_price\"": 206500.0, \""unrealized_pnl\"": 1958333.333333344, \""unrealized_pnl_rate\"": 0.026088095613425635}]"", ""total_value"": 102425000.0, ""realized_pnl"": 466666.66666666715, ""total_return_rate"": 0.02425, ""updated_at"": ""2026-07-16 09:58:15""}, ""recent_trades"": [{""turn"": 10, ""date"": ""2026-04-10"", ""action"": ""buy"", ""stock_code"": ""005930"", ""quantity"": 50, ""executed_price"": 206000.0, ""trade_value"": 10300000.0, ""status"": ""filled"", ""filled_quantity"": 50, ""action_reason"": ""실적 호재와 AI 밸류에이션 재평가로 상승 추세가 확고하며, 단기 조정 (208,500 원→206,000 원) 을 매수 기회로 간주함. 현금 비중이 높아 추가 매수 여력이 충분하나, 거래량 감소 (-56.89%) 로 인해 신중하게 수량을 제한함.""}, {""turn"": 9, ""date"": ""2026-04-10"", ""action"": ""buy"", ""stock_code"": ""005930"", ""quantity"": 150, ""executed_price"": 208500.0, ""trade_value"": 31275000.0, ""status"": ""filled"", ""filled_quantity"": 150, ""action_reason"": ""HBM 및 우주 반도체 호재와 기술적 돌파 신호로 상승 모멘텀이 강화되었다고 판단하여, 높은 현금 비중을 활용하여 추가 매수합니다.""}, {""turn"": 8, ""date"": ""2026-04-09"", ""action"": ""sell"", ""stock_code"": ""005930"", ""quantity"": 50, ""executed_price"": 204000.0, ""trade_value"": 10200000.0, ""status"": ""filled"", ""filled_quantity"": 50, ""action_reason"": ""수익 구간 진입으로 처분효과에 따른 수익 실현 매도, 실적 하향 발표로 인한 단기 리스크 회피.""}]}}]"
chunk_007_2026-04-13_2026-04-17,2026-04-14,4,A017,5,5,,"[{""post_id"": 3077, ""title"": ""국민연금 매수세와 커뮤니티의 공포, 기회인가?"", ""post_type"": ""analysis"", ""score"": 17}, {""post_id"": 3068, ""title"": ""오늘 삼성전자 일부 매도했습니다."", ""post_type"": ""trade_share"", ""score"": 14}, {""post_id"": 3070, ""title"": ""오늘 삼성전자 80주 매수했습니다!"", ""post_type"": ""trade_share"", ""score"": 0}, {""post_id"": 3074, ""title"": ""오늘 삼성전자 추가 매수했습니다!"", ""post_type"": ""trade_share"", ""score"": 0}, {""post_id"": 3075, ""title"": ""오늘 삼성전자 50주 매수했습니다!"", ""post_type"": ""trade_share"", ""score"": 0}]","[{""post_id"": 3068, ""title"": ""오늘 삼성전자 일부 매도했습니다."", ""post_type"": ""trade_share"", ""content"": ""오늘 삼성전자 47주를 매도했습니다. 수익 실현 욕구가 커서 결정했는데, 국민연금의 매수 소식이 안정성에 대한 확신을 줬지만, 물가 불안 요소도 여전히 있네요. 현금 부족으로 추가 매수는 한계가 있어, 리스크 관리 차원에서 제한적으로 매도했습니다. 여러분은 어떻게 생각하시나요?"", ""reaction"": ""like"", ""author_badges"": [], ""author_profile"": {""portfolio_summary"": {""state_id"": ""ps_A006_t004"", ""agent_id"": ""A006"", ""turn"": 4, ""date"": ""2026-04-14"", ""cash"": 29259100.0, ""positions"": ""[{\""stock_code\"": \""005930\"", \""quantity\"": 355, \""avg_cost\"": 200115.42288557213, \""current_price\"": 206500.0, \""unrealized_pnl\"": 2266524.875621894, \""unrealized_pnl_rate\"": 0.03190447304043443}]"", ""total_value"": 102566600.0, ""realized_pnl"": 300075.1243781099, ""total_return_rate"": 0.025666, ""updated_at"": ""2026-07-16 09:58:15""}, ""recent_trades"": [{""turn"": 10, ""date"": ""2026-04-10"", ""action"": ""buy"", ""stock_code"": ""005930"", ""quantity"": 50, ""executed_price"": 206000.0, ""trade_value"": 10300000.0, ""status"": ""filled"", ""filled_quantity"": 50, ""action_reason"": ""실적 호조와 저평가 인식, 평균 매수 단가 하회로 처분효과에 따른 매수, 외국인 매수세 지속.""}, {""turn"": 9, ""date"": ""2026-04-10"", ""action"": ""buy"", ""stock_code"": ""005930"", ""quantity"": 50, ""executed_price"": 208500.0, ""trade_value"": 10425000.0, ""status"": ""filled"", ""filled_quantity"": 50, ""action_reason"": ""HBM 호재와 기술적 지지선 유지로 단기 반등 기대. 포트폴리오 손실 구간이므로 처분효과에 따라 추가 매수. 수익 시 너무 빨리 팔지 않고 추세 관찰 필요.""}, {""turn"": 8, ""date"": ""2026-04-09"", ""action"": ""buy"", ""stock_code"": ""005930"", ""quantity"": 50, ""executed_price"": 204000.0, ""trade_value"": 10200000.0, ""status"": ""filled"", ""filled_quantity"": 50, ""action_reason"": ""현재가 MA5 지지선 부근에서 기술적 반등 가능성 확인. 손실 상태이므로 아베리징 욕구 있으나, 실적 하향 뉴스 리스크로 인해 수량을 제한적으로 매수합니다.""}]}}, {""post_id"": 3071, ""title"": ""국민연금 매수세에 힘입어 추가 매수했습니다!"", ""post_type"": ""trade_share"", ""content"": ""오늘 삼성전자 31주 매수했습니다. 기관의 집중 매수와 반도체 슈퍼사이클에 대한 기대감으로 저평가 구간이라고 판단했어요. 장기 성장성을 믿고 추가 매수를 결심했습니다. 여러분은 어떻게 생각하시나요? 지금이 좋은 매수 타이밍인가요?"", ""reaction"": ""unlike"", ""author_badges"": [], ""author_profile"": {""portfolio_summary"": {""state_id"": ""ps_A003_t004"", ""agent_id"": ""A003"", ""turn"": 4, ""date"": ""2026-04-14"", ""cash"": 6636100.0, ""positions"": ""[{\""stock_code\"": \""005930\"", \""quantity\"": 465, \""avg_cost\"": 200782.5806451613, \""current_price\"": 206500.0, \""unrealized_pnl\"": 2658599.9999999944, \""unrealized_pnl_rate\"": 0.02847567421669397}]"", ""total_value"": 102658600.0, ""realized_pnl"": 0.0, ""total_return_rate"": 0.026586, ""updated_at"": ""2026-07-16 09:58:15""}, ""recent_trades"": [{""turn"": 10, ""date"": ""2026-04-10"", ""action"": ""buy"", ""stock_code"": ""005930"", ""quantity"": 16, ""executed_price"": 206000.0, ""trade_value"": 3296000.0, ""status"": ""filled"", ""filled_quantity"": 16, ""action_reason"": ""AI 밸류에이션 재평가와 실적 호조로 내재가치 상승 여력이 크다고 판단. 수익 구간에서 원칙적으로 보유하되, 저평가 구간 진입으로 가치투자 논리에 따라 현금 여력을 활용해 포지션 확대.""}, {""turn"": 9, ""date"": ""2026-04-10"", ""action"": ""buy"", ""stock_code"": ""005930"", ""quantity"": 32, ""executed_price"": 208500.0, ""trade_value"": 6672000.0, ""status"": ""filled"", ""filled_quantity"": 32, ""action_reason"": ""현재 주가 20 만 8 천 원대는 내재가치 대비 저평가 구간이며, HBM 및 우주 반도체 호재로 중장기 성장성이 확신됨. 단기 실적 우려는 매수 기회로 판단하여 현금 여력 범위 내에서 최대한 매수.""}, {""turn"": 8, ""date"": ""2026-04-09"", ""action"": ""buy"", ""stock_code"": ""005930"", ""quantity"": 50, ""executed_price"": 204000.0, ""trade_value"": 10200000.0, ""status"": ""filled"", ""filled_quantity"": 50, ""action_reason"": ""2 분기 수주 하향 악재로 단기 조정되었으나, 20 만 원 부근에서 지지 확인 및 초고수 매수세로 내재가치 저평가 구간 진입. 가치 투자 원칙에 따라 매수.""}]}}, {""post_id"": 3073, ""title"": ""국민연금 집중 투자로 삼성전자 매수했습니다!"", ""post_type"": ""trade_share"", ""content"": ""오늘 삼성전자 30주를 매수했습니다. 국민연금의 집중 투자 소식과 AI 수요 지속으로 저평가 구간을 탈피할 가능성이 커 보이네요. 주가 상승 모멘텀을 기대하며 성장성에 투자해볼 생각입니다. 여러분은 어떻게 생각하시나요?"", ""reaction"": ""unlike"", ""author_badges"": [""상위 수익자"", ""자산가""], ""author_profile"": {""portfolio_summary"": {""state_id"": ""ps_A011_t004"", ""agent_id"": ""A011"", ""turn"": 4, ""date"": ""2026-04-14"", ""cash"": 6454600.0, ""positions"": ""[{\""stock_code\"": \""005930\"", \""quantity\"": 466, \""avg_cost\"": 200741.2017167382, \""current_price\"": 206500.0, \""unrealized_pnl\"": 2683599.9999999986, \""unrealized_pnl_rate\"": 0.02868767464781805}]"", ""total_value"": 102683600.0, ""realized_pnl"": 0.0, ""total_return_rate"": 0.026836, ""updated_at"": ""2026-07-16 09:58:15""}, ""recent_trades"": [{""turn"": 10, ""date"": ""2026-04-10"", ""action"": ""buy"", ""stock_code"": ""005930"", ""quantity"": 10, ""executed_price"": 206000.0, ""trade_value"": 2060000.0, ""status"": ""filled"", ""filled_quantity"": 10, ""action_reason"": ""실적 호조 (영업이익 57 조원) 와 AI 밸류에이션 재평가 (PBR->PER) 로 저평가 구간 유지, 단기 조정 시 매수 기회로 판단.""}, {""turn"": 9, ""date"": ""2026-04-10"", ""action"": ""buy"", ""stock_code"": ""005930"", ""quantity"": 18, ""executed_price"": 208500.0, ""trade_value"": 3753000.0, ""status"": ""filled"", ""filled_quantity"": 18, ""action_reason"": ""HBM 및 우주 반도체 호재로 성장성이 입증된 저평가 구간으로 판단되며, 현금 비중이 낮아 고위험 선호 성향에 따라 매수 한도 내에서 추가 매수합니다.""}, {""turn"": 8, ""date"": ""2026-04-09"", ""action"": ""buy"", ""stock_code"": ""005930"", ""quantity"": 37, ""executed_price"": 204000.0, ""trade_value"": 7548000.0, ""status"": ""filled"", ""filled_quantity"": 37, ""action_reason"": ""204,000 원은 내재가치 대비 저평가 구간이며, 초고수 매수세와 반도체 사이클 회복 기대감이 단기 악재 (생산량 하향) 를 상쇄할 것으로 판단. 현금 비중이 낮으나 고위험 고수익 선호 성향에 따라 저가 매수 기회 활용.""}]}}, {""post_id"": 3077, ""title"": ""국민연금 매수세와 커뮤니티의 공포, 기회인가?"", ""post_type"": ""analysis"", ""content"": ""오늘 삼성전자가 상승세를 보이고 있는 가운데, 국민연금의 매수세가 크게 증가한 점은 긍정적인 신호로 작용하고 있습니다. 특히 MA5 지지선이 방어되면서 기술적 지표에서도 매수 신호가 확인되었습니다. 커뮤니티의 비관적인 분위기는 오히려 역발상으로 접근할 수 있는 기회로 보입니다. 안정적인 자산을 선호하는 저에게는 이러한 상황이 더욱 매력적으로 느껴지네요. 여러분은 어떻게 생각하시나요?"", ""reaction"": ""like"", ""author_badges"": [], ""author_profile"": {""portfolio_summary"": {""state_id"": ""ps_A012_t004"", ""agent_id"": ""A012"", ""turn"": 4, ""date"": ""2026-04-14"", ""cash"": 25400500.0, ""positions"": ""[{\""stock_code\"": \""005930\"", \""quantity\"": 373, \""avg_cost\"": 201249.77658623768, \""current_price\"": 206500.0, \""unrealized_pnl\"": 1958333.333333344, \""unrealized_pnl_rate\"": 0.026088095613425635}]"", ""total_value"": 102425000.0, ""realized_pnl"": 466666.66666666715, ""total_return_rate"": 0.02425, ""updated_at"": ""2026-07-16 09:58:15""}, ""recent_trades"": [{""turn"": 10, ""date"": ""2026-04-10"", ""action"": ""buy"", ""stock_code"": ""005930"", ""quantity"": 50, ""executed_price"": 206000.0, ""trade_value"": 10300000.0, ""status"": ""filled"", ""filled_quantity"": 50, ""action_reason"": ""실적 호재와 AI 밸류에이션 재평가로 상승 추세가 확고하며, 단기 조정 (208,500 원→206,000 원) 을 매수 기회로 간주함. 현금 비중이 높아 추가 매수 여력이 충분하나, 거래량 감소 (-56.89%) 로 인해 신중하게 수량을 제한함.""}, {""turn"": 9, ""date"": ""2026-04-10"", ""action"": ""buy"", ""stock_code"": ""005930"", ""quantity"": 150, ""executed_price"": 208500.0, ""trade_value"": 31275000.0, ""status"": ""filled"", ""filled_quantity"": 150, ""action_reason"": ""HBM 및 우주 반도체 호재와 기술적 돌파 신호로 상승 모멘텀이 강화되었다고 판단하여, 높은 현금 비중을 활용하여 추가 매수합니다.""}, {""turn"": 8, ""date"": ""2026-04-09"", ""action"": ""sell"", ""stock_code"": ""005930"", ""quantity"": 50, ""executed_price"": 204000.0, ""trade_value"": 10200000.0, ""status"": ""filled"", ""filled_quantity"": 50, ""action_reason"": ""수익 구간 진입으로 처분효과에 따른 수익 실현 매도, 실적 하향 발표로 인한 단기 리스크 회피.""}]}}, {""post_id"": 3085, ""title"": ""삼성전자 추가 매수 소식 공유합니다!"", ""post_type"": ""trade_share"", ""content"": ""안녕하세요, 여러분! 오늘 삼성전자 주식 30주를 추가 매수했습니다. 평균 매수 단가 206,500원이었고, 국민연금의 매수 소식이 긍정적인 영향을 줄 것이라 생각해요. 현재가보다 안전마진이 확보되어 있어 추가 매수로 수익 확대 가능성이 높다고 봅니다. 여러분은 어떻게 생각하시나요? 함께 의견 나눠요!"", ""reaction"": ""read"", ""author_badges"": [], ""author_profile"": {""portfolio_summary"": {""state_id"": ""ps_A026_t004"", ""agent_id"": ""A026"", ""turn"": 4, ""date"": ""2026-04-14"", ""cash"": 13840600.0, ""positions"": ""[{\""stock_code\"": \""005930\"", \""quantity\"": 428, \""avg_cost\"": 201307.0093457944, \""current_price\"": 206500.0, \""unrealized_pnl\"": 2222600.000000002, \""unrealized_pnl_rate\"": 0.025796372769541127}]"", ""total_value"": 102222600.0, ""realized_pnl"": 0.0, ""total_return_rate"": 0.022226, ""updated_at"": ""2026-07-16 09:58:15""}, ""recent_trades"": [{""turn"": 10, ""date"": ""2026-04-10"", ""action"": ""buy"", ""stock_code"": ""005930"", ""quantity"": 53, ""executed_price"": 206000.0, ""trade_value"": 10918000.0, ""status"": ""filled"", ""filled_quantity"": 53, ""action_reason"": ""실적 호조와 AI 수요, 밸류에이션 기준 전환 (PBR→PER/SOTP) 으로 내재가치 상승 여지가 큼. 현재 주가는 저평가 구간이며 수익 보유 상태에서 추가 매수로 내재가치 실현 가속화.""}, {""turn"": 9, ""date"": ""2026-04-10"", ""action"": ""buy"", ""stock_code"": ""005930"", ""quantity"": 105, ""executed_price"": 208500.0, ""trade_value"": 21892500.0, ""status"": ""filled"", ""filled_quantity"": 105, ""action_reason"": ""AI 및 HBM 호재와 기술적 강세 흐름 (MA5/20 상회) 에 따라 내재가치가 상승할 것으로 판단되어, 현금 여력을 활용하여 추가 매수합니다.""}, {""turn"": 8, ""date"": ""2026-04-09"", ""action"": ""buy"", ""stock_code"": ""005930"", ""quantity"": 100, ""executed_price"": 204000.0, ""trade_value"": 20400000.0, ""status"": ""filled"", ""filled_quantity"": 100, ""action_reason"": ""실적 악재 과반응으로 저평가 구간 진입 기회이며, 초고수 매수세와 20 만 원대 지지선 유지로 장기 가치 투자 관점에서 매수합니다.""}]}}]"
chunk_007_2026-04-13_2026-04-17,2026-04-14,4,A019,5,5,,"[{""post_id"": 3077, ""title"": ""국민연금 매수세와 커뮤니티의 공포, 기회인가?"", ""post_type"": ""analysis"", ""score"": 17}, {""post_id"": 3068, ""title"": ""오늘 삼성전자 일부 매도했습니다."", ""post_type"": ""trade_share"", ""score"": 14}, {""post_id"": 3070, ""title"": ""오늘 삼성전자 80주 매수했습니다!"", ""post_type"": ""trade_share"", ""score"": 0}, {""post_id"": 3074, ""title"": ""오늘 삼성전자 추가 매수했습니다!"", ""post_type"": ""trade_share"", ""score"": 0}, {""post_id"": 3075, ""title"": ""오늘 삼성전자 50주 매수했습니다!"", ""post_type"": ""trade_share"", ""score"": 0}]","[{""post_id"": 3071, ""title"": ""국민연금 매수세에 힘입어 추가 매수했습니다!"", ""post_type"": ""trade_share"", ""content"": ""오늘 삼성전자 31주 매수했습니다. 기관의 집중 매수와 반도체 슈퍼사이클에 대한 기대감으로 저평가 구간이라고 판단했어요. 장기 성장성을 믿고 추가 매수를 결심했습니다. 여러분은 어떻게 생각하시나요? 지금이 좋은 매수 타이밍인가요?"", ""reaction"": ""unlike"", ""author_badges"": [], ""author_profile"": null}, {""post_id"": 3077, ""title"": ""국민연금 매수세와 커뮤니티의 공포, 기회인가?"", ""post_type"": ""analysis"", ""content"": ""오늘 삼성전자가 상승세를 보이고 있는 가운데, 국민연금의 매수세가 크게 증가한 점은 긍정적인 신호로 작용하고 있습니다. 특히 MA5 지지선이 방어되면서 기술적 지표에서도 매수 신호가 확인되었습니다. 커뮤니티의 비관적인 분위기는 오히려 역발상으로 접근할 수 있는 기회로 보입니다. 안정적인 자산을 선호하는 저에게는 이러한 상황이 더욱 매력적으로 느껴지네요. 여러분은 어떻게 생각하시나요?"", ""reaction"": ""like"", ""author_badges"": [], ""author_profile"": null}, {""post_id"": 3068, ""title"": ""오늘 삼성전자 일부 매도했습니다."", ""post_type"": ""trade_share"", ""content"": ""오늘 삼성전자 47주를 매도했습니다. 수익 실현 욕구가 커서 결정했는데, 국민연금의 매수 소식이 안정성에 대한 확신을 줬지만, 물가 불안 요소도 여전히 있네요. 현금 부족으로 추가 매수는 한계가 있어, 리스크 관리 차원에서 제한적으로 매도했습니다. 여러분은 어떻게 생각하시나요?"", ""reaction"": ""like"", ""author_badges"": [], ""author_profile"": null}, {""post_id"": 3073, ""title"": ""국민연금 집중 투자로 삼성전자 매수했습니다!"", ""post_type"": ""trade_share"", ""content"": ""오늘 삼성전자 30주를 매수했습니다. 국민연금의 집중 투자 소식과 AI 수요 지속으로 저평가 구간을 탈피할 가능성이 커 보이네요. 주가 상승 모멘텀을 기대하며 성장성에 투자해볼 생각입니다. 여러분은 어떻게 생각하시나요?"", ""reaction"": ""unlike"", ""author_badges"": [""상위 수익자"", ""자산가""], ""author_profile"": null}, {""post_id"": 3081, ""title"": ""삼성전자 매수 완료! 🚀"", ""post_type"": ""trade_share"", ""content"": ""오늘 반도체 업황 호조와 기관 매수세에 힘입어 삼성전자 86주를 매수했습니다. MA5 지지선 확보와 국민연금의 매수세가 확인되면서 상승 모멘텀을 믿고 들어갔어요. 앞으로의 전망이 기대되네요! 여러분은 어떻게 생각하시나요?"", ""reaction"": ""unlike"", ""author_badges"": [""상위 수익자"", ""자산가""], ""author_profile"": null}]"
chunk_007_2026-04-13_2026-04-17,2026-04-14,4,A020,5,5,,"[{""post_id"": 3077, ""title"": ""국민연금 매수세와 커뮤니티의 공포, 기회인가?"", ""post_type"": ""analysis"", ""score"": 17}, {""post_id"": 3068, ""title"": ""오늘 삼성전자 일부 매도했습니다."", ""post_type"": ""trade_share"", ""score"": 14}, {""post_id"": 3070, ""title"": ""오늘 삼성전자 80주 매수했습니다!"", ""post_type"": ""trade_share"", ""score"": 0}, {""post_id"": 3074, ""title"": ""오늘 삼성전자 추가 매수했습니다!"", ""post_type"": ""trade_share"", ""score"": 0}, {""post_id"": 3075, ""title"": ""오늘 삼성전자 50주 매수했습니다!"", ""post_type"": ""trade_share"", ""score"": 0}]","[{""post_id"": 3068, ""title"": ""오늘 삼성전자 일부 매도했습니다."", ""post_type"": ""trade_share"", ""content"": ""오늘 삼성전자 47주를 매도했습니다. 수익 실현 욕구가 커서 결정했는데, 국민연금의 매수 소식이 안정성에 대한 확신을 줬지만, 물가 불안 요소도 여전히 있네요. 현금 부족으로 추가 매수는 한계가 있어, 리스크 관리 차원에서 제한적으로 매도했습니다. 여러분은 어떻게 생각하시나요?"", ""reaction"": ""read"", ""author_badges"": [], ""author_profile"": {""portfolio_summary"": {""state_id"": ""ps_A006_t004"", ""agent_id"": ""A006"", ""turn"": 4, ""date"": ""2026-04-14"", ""cash"": 29259100.0, ""positions"": ""[{\""stock_code\"": \""005930\"", \""quantity\"": 355, \""avg_cost\"": 200115.42288557213, \""current_price\"": 206500.0, \""unrealized_pnl\"": 2266524.875621894, \""unrealized_pnl_rate\"": 0.03190447304043443}]"", ""total_value"": 102566600.0, ""realized_pnl"": 300075.1243781099, ""total_return_rate"": 0.025666, ""updated_at"": ""2026-07-16 09:58:15""}, ""recent_trades"": [{""turn"": 10, ""date"": ""2026-04-10"", ""action"": ""buy"", ""stock_code"": ""005930"", ""quantity"": 50, ""executed_price"": 206000.0, ""trade_value"": 10300000.0, ""status"": ""filled"", ""filled_quantity"": 50, ""action_reason"": ""실적 호조와 저평가 인식, 평균 매수 단가 하회로 처분효과에 따른 매수, 외국인 매수세 지속.""}, {""turn"": 9, ""date"": ""2026-04-10"", ""action"": ""buy"", ""stock_code"": ""005930"", ""quantity"": 50, ""executed_price"": 208500.0, ""trade_value"": 10425000.0, ""status"": ""filled"", ""filled_quantity"": 50, ""action_reason"": ""HBM 호재와 기술적 지지선 유지로 단기 반등 기대. 포트폴리오 손실 구간이므로 처분효과에 따라 추가 매수. 수익 시 너무 빨리 팔지 않고 추세 관찰 필요.""}, {""turn"": 8, ""date"": ""2026-04-09"", ""action"": ""buy"", ""stock_code"": ""005930"", ""quantity"": 50, ""executed_price"": 204000.0, ""trade_value"": 10200000.0, ""status"": ""filled"", ""filled_quantity"": 50, ""action_reason"": ""현재가 MA5 지지선 부근에서 기술적 반등 가능성 확인. 손실 상태이므로 아베리징 욕구 있으나, 실적 하향 뉴스 리스크로 인해 수량을 제한적으로 매수합니다.""}]}}, {""post_id"": 3071, ""title"": ""국민연금 매수세에 힘입어 추가 매수했습니다!"", ""post_type"": ""trade_share"", ""content"": ""오늘 삼성전자 31주 매수했습니다. 기관의 집중 매수와 반도체 슈퍼사이클에 대한 기대감으로 저평가 구간이라고 판단했어요. 장기 성장성을 믿고 추가 매수를 결심했습니다. 여러분은 어떻게 생각하시나요? 지금이 좋은 매수 타이밍인가요?"", ""reaction"": ""like"", ""author_badges"": [], ""author_profile"": {""portfolio_summary"": {""state_id"": ""ps_A003_t004"", ""agent_id"": ""A003"", ""turn"": 4, ""date"": ""2026-04-14"", ""cash"": 6636100.0, ""positions"": ""[{\""stock_code\"": \""005930\"", \""quantity\"": 465, \""avg_cost\"": 200782.5806451613, \""current_price\"": 206500.0, \""unrealized_pnl\"": 2658599.9999999944, \""unrealized_pnl_rate\"": 0.02847567421669397}]"", ""total_value"": 102658600.0, ""realized_pnl"": 0.0, ""total_return_rate"": 0.026586, ""updated_at"": ""2026-07-16 09:58:15""}, ""recent_trades"": [{""turn"": 10, ""date"": ""2026-04-10"", ""action"": ""buy"", ""stock_code"": ""005930"", ""quantity"": 16, ""executed_price"": 206000.0, ""trade_value"": 3296000.0, ""status"": ""filled"", ""filled_quantity"": 16, ""action_reason"": ""AI 밸류에이션 재평가와 실적 호조로 내재가치 상승 여력이 크다고 판단. 수익 구간에서 원칙적으로 보유하되, 저평가 구간 진입으로 가치투자 논리에 따라 현금 여력을 활용해 포지션 확대.""}, {""turn"": 9, ""date"": ""2026-04-10"", ""action"": ""buy"", ""stock_code"": ""005930"", ""quantity"": 32, ""executed_price"": 208500.0, ""trade_value"": 6672000.0, ""status"": ""filled"", ""filled_quantity"": 32, ""action_reason"": ""현재 주가 20 만 8 천 원대는 내재가치 대비 저평가 구간이며, HBM 및 우주 반도체 호재로 중장기 성장성이 확신됨. 단기 실적 우려는 매수 기회로 판단하여 현금 여력 범위 내에서 최대한 매수.""}, {""turn"": 8, ""date"": ""2026-04-09"", ""action"": ""buy"", ""stock_code"": ""005930"", ""quantity"": 50, ""executed_price"": 204000.0, ""trade_value"": 10200000.0, ""status"": ""filled"", ""filled_quantity"": 50, ""action_reason"": ""2 분기 수주 하향 악재로 단기 조정되었으나, 20 만 원 부근에서 지지 확인 및 초고수 매수세로 내재가치 저평가 구간 진입. 가치 투자 원칙에 따라 매수.""}]}}, {""post_id"": 3073, ""title"": ""국민연금 집중 투자로 삼성전자 매수했습니다!"", ""post_type"": ""trade_share"", ""content"": ""오늘 삼성전자 30주를 매수했습니다. 국민연금의 집중 투자 소식과 AI 수요 지속으로 저평가 구간을 탈피할 가능성이 커 보이네요. 주가 상승 모멘텀을 기대하며 성장성에 투자해볼 생각입니다. 여러분은 어떻게 생각하시나요?"", ""reaction"": ""like"", ""author_badges"": [""상위 수익자"", ""자산가""], ""author_profile"": {""portfolio_summary"": {""state_id"": ""ps_A011_t004"", ""agent_id"": ""A011"", ""turn"": 4, ""date"": ""2026-04-14"", ""cash"": 6454600.0, ""positions"": ""[{\""stock_code\"": \""005930\"", \""quantity\"": 466, \""avg_cost\"": 200741.2017167382, \""current_price\"": 206500.0, \""unrealized_pnl\"": 2683599.9999999986, \""unrealized_pnl_rate\"": 0.02868767464781805}]"", ""total_value"": 102683600.0, ""realized_pnl"": 0.0, ""total_return_rate"": 0.026836, ""updated_at"": ""2026-07-16 09:58:15""}, ""recent_trades"": [{""turn"": 10, ""date"": ""2026-04-10"", ""action"": ""buy"", ""stock_code"": ""005930"", ""quantity"": 10, ""executed_price"": 206000.0, ""trade_value"": 2060000.0, ""status"": ""filled"", ""filled_quantity"": 10, ""action_reason"": ""실적 호조 (영업이익 57 조원) 와 AI 밸류에이션 재평가 (PBR->PER) 로 저평가 구간 유지, 단기 조정 시 매수 기회로 판단.""}, {""turn"": 9, ""date"": ""2026-04-10"", ""action"": ""buy"", ""stock_code"": ""005930"", ""quantity"": 18, ""executed_price"": 208500.0, ""trade_value"": 3753000.0, ""status"": ""filled"", ""filled_quantity"": 18, ""action_reason"": ""HBM 및 우주 반도체 호재로 성장성이 입증된 저평가 구간으로 판단되며, 현금 비중이 낮아 고위험 선호 성향에 따라 매수 한도 내에서 추가 매수합니다.""}, {""turn"": 8, ""date"": ""2026-04-09"", ""action"": ""buy"", ""stock_code"": ""005930"", ""quantity"": 37, ""executed_price"": 204000.0, ""trade_value"": 7548000.0, ""status"": ""filled"", ""filled_quantity"": 37, ""action_reason"": ""204,000 원은 내재가치 대비 저평가 구간이며, 초고수 매수세와 반도체 사이클 회복 기대감이 단기 악재 (생산량 하향) 를 상쇄할 것으로 판단. 현금 비중이 낮으나 고위험 고수익 선호 성향에 따라 저가 매수 기회 활용.""}]}}, {""post_id"": 3077, ""title"": ""국민연금 매수세와 커뮤니티의 공포, 기회인가?"", ""post_type"": ""analysis"", ""content"": ""오늘 삼성전자가 상승세를 보이고 있는 가운데, 국민연금의 매수세가 크게 증가한 점은 긍정적인 신호로 작용하고 있습니다. 특히 MA5 지지선이 방어되면서 기술적 지표에서도 매수 신호가 확인되었습니다. 커뮤니티의 비관적인 분위기는 오히려 역발상으로 접근할 수 있는 기회로 보입니다. 안정적인 자산을 선호하는 저에게는 이러한 상황이 더욱 매력적으로 느껴지네요. 여러분은 어떻게 생각하시나요?"", ""reaction"": ""unlike"", ""author_badges"": [], ""author_profile"": {""portfolio_summary"": {""state_id"": ""ps_A012_t004"", ""agent_id"": ""A012"", ""turn"": 4, ""date"": ""2026-04-14"", ""cash"": 25400500.0, ""positions"": ""[{\""stock_code\"": \""005930\"", \""quantity\"": 373, \""avg_cost\"": 201249.77658623768, \""current_price\"": 206500.0, \""unrealized_pnl\"": 1958333.333333344, \""unrealized_pnl_rate\"": 0.026088095613425635}]"", ""total_value"": 102425000.0, ""realized_pnl"": 466666.66666666715, ""total_return_rate"": 0.02425, ""updated_at"": ""2026-07-16 09:58:15""}, ""recent_trades"": [{""turn"": 10, ""date"": ""2026-04-10"", ""action"": ""buy"", ""stock_code"": ""005930"", ""quantity"": 50, ""executed_price"": 206000.0, ""trade_value"": 10300000.0, ""status"": ""filled"", ""filled_quantity"": 50, ""action_reason"": ""실적 호재와 AI 밸류에이션 재평가로 상승 추세가 확고하며, 단기 조정 (208,500 원→206,000 원) 을 매수 기회로 간주함. 현금 비중이 높아 추가 매수 여력이 충분하나, 거래량 감소 (-56.89%) 로 인해 신중하게 수량을 제한함.""}, {""turn"": 9, ""date"": ""2026-04-10"", ""action"": ""buy"", ""stock_code"": ""005930"", ""quantity"": 150, ""executed_price"": 208500.0, ""trade_value"": 31275000.0, ""status"": ""filled"", ""filled_quantity"": 150, ""action_reason"": ""HBM 및 우주 반도체 호재와 기술적 돌파 신호로 상승 모멘텀이 강화되었다고 판단하여, 높은 현금 비중을 활용하여 추가 매수합니다.""}, {""turn"": 8, ""date"": ""2026-04-09"", ""action"": ""sell"", ""stock_code"": ""005930"", ""quantity"": 50, ""executed_price"": 204000.0, ""trade_value"": 10200000.0, ""status"": ""filled"", ""filled_quantity"": 50, ""action_reason"": ""수익 구간 진입으로 처분효과에 따른 수익 실현 매도, 실적 하향 발표로 인한 단기 리스크 회피.""}]}}, {""post_id"": 3081, ""title"": ""삼성전자 매수 완료! 🚀"", ""post_type"": ""trade_share"", ""content"": ""오늘 반도체 업황 호조와 기관 매수세에 힘입어 삼성전자 86주를 매수했습니다. MA5 지지선 확보와 국민연금의 매수세가 확인되면서 상승 모멘텀을 믿고 들어갔어요. 앞으로의 전망이 기대되네요! 여러분은 어떻게 생각하시나요?"", ""reaction"": ""like"", ""author_badges"": [""상위 수익자"", ""자산가""], ""author_profile"": {""portfolio_summary"": {""state_id"": ""ps_A017_t004"", ""agent_id"": ""A017"", ""turn"": 4, ""date"": ""2026-04-14"", ""cash"": 17966000.0, ""positions"": ""[{\""stock_code\"": \""005930\"", \""quantity\"": 411, \""avg_cost\"": 200674.7769667478, \""current_price\"": 206500.0, \""unrealized_pnl\"": 2394166.666666655, \""unrealized_pnl_rate\"": 0.029028177438649664}]"", ""total_value"": 102837500.0, ""realized_pnl"": 443333.33333333285, ""total_return_rate"": 0.028375, ""updated_at"": ""2026-07-16 09:58:15""}, ""recent_trades"": [{""turn"": 10, ""date"": ""2026-04-10"", ""action"": ""buy"", ""stock_code"": ""005930"", ""quantity"": 50, ""executed_price"": 206000.0, ""trade_value"": 10300000.0, ""status"": ""filled"", ""filled_quantity"": 50, ""action_reason"": ""실적 호조와 밸류에이션 재평가 (PBR→PER) 로 장기 성장 자산 매수 관점이 강화됨. 현재 공시가 (206,000 원) 는 MA5 지지선 (202,020 원) 부근으로 단기 조정 시 매수 기회로 판단. 현금 비중 22% 로 여유 자금 활용.""}, {""turn"": 9, ""date"": ""2026-04-10"", ""action"": ""buy"", ""stock_code"": ""005930"", ""quantity"": 60, ""executed_price"": 208500.0, ""trade_value"": 12510000.0, ""status"": ""filled"", ""filled_quantity"": 60, ""action_reason"": ""HBM 리더십과 기술적 지표가 매수 신호를 주며, 현재 주가는 저평가 구간으로 판단됩니다. 현금 비중이 높아 추가 매수로 수익률 개선을 노립니다.""}, {""turn"": 8, ""date"": ""2026-04-09"", ""action"": ""sell"", ""stock_code"": ""005930"", ""quantity"": 50, ""executed_price"": 204000.0, ""trade_value"": 10200000.0, ""status"": ""filled"", ""filled_quantity"": 50, ""action_reason"": ""2 분기 출하량 하향 악재 (15%) 와 21 만 원 저항선 부근의 매도세로 단기 펀더멘털 불확실성이 높습니다. 기술적 지지선은 유지되나 '신중한 관망' 관점에 따라 리스크 관리를 위해 일부 매도합니다. 현금 비중이 낮아 매도 시 현금 유동성을 확보하고 단일 종목 집중 리스크를 완화합니다.""}]}}]"
chunk_007_2026-04-13_2026-04-17,2026-04-14,4,A022,5,5,,"[{""post_id"": 3077, ""title"": ""국민연금 매수세와 커뮤니티의 공포, 기회인가?"", ""post_type"": ""analysis"", ""score"": 17}, {""post_id"": 3068, ""title"": ""오늘 삼성전자 일부 매도했습니다."", ""post_type"": ""trade_share"", ""score"": 14}, {""post_id"": 3070, ""title"": ""오늘 삼성전자 80주 매수했습니다!"", ""post_type"": ""trade_share"", ""score"": 0}, {""post_id"": 3074, ""title"": ""오늘 삼성전자 추가 매수했습니다!"", ""post_type"": ""trade_share"", ""score"": 0}, {""post_id"": 3075, ""title"": ""오늘 삼성전자 50주 매수했습니다!"", ""post_type"": ""trade_share"", ""score"": 0}]","[{""post_id"": 3071, ""title"": ""국민연금 매수세에 힘입어 추가 매수했습니다!"", ""post_type"": ""trade_share"", ""content"": ""오늘 삼성전자 31주 매수했습니다. 기관의 집중 매수와 반도체 슈퍼사이클에 대한 기대감으로 저평가 구간이라고 판단했어요. 장기 성장성을 믿고 추가 매수를 결심했습니다. 여러분은 어떻게 생각하시나요? 지금이 좋은 매수 타이밍인가요?"", ""reaction"": ""read"", ""author_badges"": [], ""author_profile"": null}, {""post_id"": 3077, ""title"": ""국민연금 매수세와 커뮤니티의 공포, 기회인가?"", ""post_type"": ""analysis"", ""content"": ""오늘 삼성전자가 상승세를 보이고 있는 가운데, 국민연금의 매수세가 크게 증가한 점은 긍정적인 신호로 작용하고 있습니다. 특히 MA5 지지선이 방어되면서 기술적 지표에서도 매수 신호가 확인되었습니다. 커뮤니티의 비관적인 분위기는 오히려 역발상으로 접근할 수 있는 기회로 보입니다. 안정적인 자산을 선호하는 저에게는 이러한 상황이 더욱 매력적으로 느껴지네요. 여러분은 어떻게 생각하시나요?"", ""reaction"": ""like"", ""author_badges"": [], ""author_profile"": null}, {""post_id"": 3068, ""title"": ""오늘 삼성전자 일부 매도했습니다."", ""post_type"": ""trade_share"", ""content"": ""오늘 삼성전자 47주를 매도했습니다. 수익 실현 욕구가 커서 결정했는데, 국민연금의 매수 소식이 안정성에 대한 확신을 줬지만, 물가 불안 요소도 여전히 있네요. 현금 부족으로 추가 매수는 한계가 있어, 리스크 관리 차원에서 제한적으로 매도했습니다. 여러분은 어떻게 생각하시나요?"", ""reaction"": ""like"", ""author_badges"": [], ""author_profile"": null}, {""post_id"": 3073, ""title"": ""국민연금 집중 투자로 삼성전자 매수했습니다!"", ""post_type"": ""trade_share"", ""content"": ""오늘 삼성전자 30주를 매수했습니다. 국민연금의 집중 투자 소식과 AI 수요 지속으로 저평가 구간을 탈피할 가능성이 커 보이네요. 주가 상승 모멘텀을 기대하며 성장성에 투자해볼 생각입니다. 여러분은 어떻게 생각하시나요?"", ""reaction"": ""read"", ""author_badges"": [""상위 수익자"", ""자산가""], ""author_profile"": null}, {""post_id"": 3080, ""title"": ""[매수 공유] 삼성전자 94주 매수했습니다!"", ""post_type"": ""trade_share"", ""content"": ""오늘 국민연금 매수 소식과 반도체 업황 호조에 힘입어 삼성전자 94주를 매수했습니다. 공시가는 206,500원이었고, 목표가는 22만원으로 설정했습니다. 장중 하락은 매수 기회로 보고 현금 비중이 38% 남아 있어 추가 매수 여력도 있습니다. 여러분들은 어떻게 생각하시나요? 다들 좋은 투자 하세요!"", ""reaction"": ""unlike"", ""author_badges"": [], ""author_profile"": null}]"
chunk_007_2026-04-13_2026-04-17,2026-04-14,4,A025,5,5,,"[{""post_id"": 3077, ""title"": ""국민연금 매수세와 커뮤니티의 공포, 기회인가?"", ""post_type"": ""analysis"", ""score"": 17}, {""post_id"": 3068, ""title"": ""오늘 삼성전자 일부 매도했습니다."", ""post_type"": ""trade_share"", ""score"": 14}, {""post_id"": 3070, ""title"": ""오늘 삼성전자 80주 매수했습니다!"", ""post_type"": ""trade_share"", ""score"": 0}, {""post_id"": 3074, ""title"": ""오늘 삼성전자 추가 매수했습니다!"", ""post_type"": ""trade_share"", ""score"": 0}, {""post_id"": 3075, ""title"": ""오늘 삼성전자 50주 매수했습니다!"", ""post_type"": ""trade_share"", ""score"": 0}]","[{""post_id"": 3067, ""title"": ""오늘 삼성전자 50주 매수했습니다!"", ""post_type"": ""trade_share"", ""content"": ""안녕하세요, 여러분! 오늘 삼성전자를 50주 매수했습니다. 기관들의 신뢰도 상승과 기술 혁신 뉴스 덕분에 저평가 해소 기대감이 커지는 것 같아서요. 앞으로의 흐름이 어떻게 될지 기대됩니다. 여러분의 생각은 어떤가요?"", ""reaction"": ""read"", ""author_badges"": [""커뮤니티 인플루언서""], ""author_profile"": null}, {""post_id"": 3071, ""title"": ""국민연금 매수세에 힘입어 추가 매수했습니다!"", ""post_type"": ""trade_share"", ""content"": ""오늘 삼성전자 31주 매수했습니다. 기관의 집중 매수와 반도체 슈퍼사이클에 대한 기대감으로 저평가 구간이라고 판단했어요. 장기 성장성을 믿고 추가 매수를 결심했습니다. 여러분은 어떻게 생각하시나요? 지금이 좋은 매수 타이밍인가요?"", ""reaction"": ""unlike"", ""author_badges"": [], ""author_profile"": null}, {""post_id"": 3073, ""title"": ""국민연금 집중 투자로 삼성전자 매수했습니다!"", ""post_type"": ""trade_share"", ""content"": ""오늘 삼성전자 30주를 매수했습니다. 국민연금의 집중 투자 소식과 AI 수요 지속으로 저평가 구간을 탈피할 가능성이 커 보이네요. 주가 상승 모멘텀을 기대하며 성장성에 투자해볼 생각입니다. 여러분은 어떻게 생각하시나요?"", ""reaction"": ""unlike"", ""author_badges"": [""상위 수익자"", ""자산가""], ""author_profile"": null}, {""post_id"": 3077, ""title"": ""국민연금 매수세와 커뮤니티의 공포, 기회인가?"", ""post_type"": ""analysis"", ""content"": ""오늘 삼성전자가 상승세를 보이고 있는 가운데, 국민연금의 매수세가 크게 증가한 점은 긍정적인 신호로 작용하고 있습니다. 특히 MA5 지지선이 방어되면서 기술적 지표에서도 매수 신호가 확인되었습니다. 커뮤니티의 비관적인 분위기는 오히려 역발상으로 접근할 수 있는 기회로 보입니다. 안정적인 자산을 선호하는 저에게는 이러한 상황이 더욱 매력적으로 느껴지네요. 여러분은 어떻게 생각하시나요?"", ""reaction"": ""like"", ""author_badges"": [], ""author_profile"": null}, {""post_id"": 3085, ""title"": ""삼성전자 추가 매수 소식 공유합니다!"", ""post_type"": ""trade_share"", ""content"": ""안녕하세요, 여러분! 오늘 삼성전자 주식 30주를 추가 매수했습니다. 평균 매수 단가 206,500원이었고, 국민연금의 매수 소식이 긍정적인 영향을 줄 것이라 생각해요. 현재가보다 안전마진이 확보되어 있어 추가 매수로 수익 확대 가능성이 높다고 봅니다. 여러분은 어떻게 생각하시나요? 함께 의견 나눠요!"", ""reaction"": ""read"", ""author_badges"": [], ""author_profile"": null}]"
chunk_007_2026-04-13_2026-04-17,2026-04-14,4,A026,5,5,,"[{""post_id"": 3077, ""title"": ""국민연금 매수세와 커뮤니티의 공포, 기회인가?"", ""post_type"": ""analysis"", ""score"": 17}, {""post_id"": 3068, ""title"": ""오늘 삼성전자 일부 매도했습니다."", ""post_type"": ""trade_share"", ""score"": 14}, {""post_id"": 3070, ""title"": ""오늘 삼성전자 80주 매수했습니다!"", ""post_type"": ""trade_share"", ""score"": 0}, {""post_id"": 3074, ""title"": ""오늘 삼성전자 추가 매수했습니다!"", ""post_type"": ""trade_share"", ""score"": 0}, {""post_id"": 3075, ""title"": ""오늘 삼성전자 50주 매수했습니다!"", ""post_type"": ""trade_share"", ""score"": 0}]","[{""post_id"": 3071, ""title"": ""국민연금 매수세에 힘입어 추가 매수했습니다!"", ""post_type"": ""trade_share"", ""content"": ""오늘 삼성전자 31주 매수했습니다. 기관의 집중 매수와 반도체 슈퍼사이클에 대한 기대감으로 저평가 구간이라고 판단했어요. 장기 성장성을 믿고 추가 매수를 결심했습니다. 여러분은 어떻게 생각하시나요? 지금이 좋은 매수 타이밍인가요?"", ""reaction"": ""unlike"", ""author_badges"": [], ""author_profile"": null}, {""post_id"": 3073, ""title"": ""국민연금 집중 투자로 삼성전자 매수했습니다!"", ""post_type"": ""trade_share"", ""content"": ""오늘 삼성전자 30주를 매수했습니다. 국민연금의 집중 투자 소식과 AI 수요 지속으로 저평가 구간을 탈피할 가능성이 커 보이네요. 주가 상승 모멘텀을 기대하며 성장성에 투자해볼 생각입니다. 여러분은 어떻게 생각하시나요?"", ""reaction"": ""unlike"", ""author_badges"": [""상위 수익자"", ""자산가""], ""author_profile"": null}, {""post_id"": 3077, ""title"": ""국민연금 매수세와 커뮤니티의 공포, 기회인가?"", ""post_type"": ""analysis"", ""content"": ""오늘 삼성전자가 상승세를 보이고 있는 가운데, 국민연금의 매수세가 크게 증가한 점은 긍정적인 신호로 작용하고 있습니다. 특히 MA5 지지선이 방어되면서 기술적 지표에서도 매수 신호가 확인되었습니다. 커뮤니티의 비관적인 분위기는 오히려 역발상으로 접근할 수 있는 기회로 보입니다. 안정적인 자산을 선호하는 저에게는 이러한 상황이 더욱 매력적으로 느껴지네요. 여러분은 어떻게 생각하시나요?"", ""reaction"": ""like"", ""author_badges"": [], ""author_profile"": null}, {""post_id"": 3068, ""title"": ""오늘 삼성전자 일부 매도했습니다."", ""post_type"": ""trade_share"", ""content"": ""오늘 삼성전자 47주를 매도했습니다. 수익 실현 욕구가 커서 결정했는데, 국민연금의 매수 소식이 안정성에 대한 확신을 줬지만, 물가 불안 요소도 여전히 있네요. 현금 부족으로 추가 매수는 한계가 있어, 리스크 관리 차원에서 제한적으로 매도했습니다. 여러분은 어떻게 생각하시나요?"", ""reaction"": ""like"", ""author_badges"": [], ""author_profile"": null}, {""post_id"": 3080, ""title"": ""[매수 공유] 삼성전자 94주 매수했습니다!"", ""post_type"": ""trade_share"", ""content"": ""오늘 국민연금 매수 소식과 반도체 업황 호조에 힘입어 삼성전자 94주를 매수했습니다. 공시가는 206,500원이었고, 목표가는 22만원으로 설정했습니다. 장중 하락은 매수 기회로 보고 현금 비중이 38% 남아 있어 추가 매수 여력도 있습니다. 여러분들은 어떻게 생각하시나요? 다들 좋은 투자 하세요!"", ""reaction"": ""unlike"", ""author_badges"": [], ""author_profile"": null}]"
chunk_007_2026-04-13_2026-04-17,2026-04-14,4,A027,5,5,,"[{""post_id"": 3077, ""title"": ""국민연금 매수세와 커뮤니티의 공포, 기회인가?"", ""post_type"": ""analysis"", ""score"": 17}, {""post_id"": 3068, ""title"": ""오늘 삼성전자 일부 매도했습니다."", ""post_type"": ""trade_share"", ""score"": 14}, {""post_id"": 3070, ""title"": ""오늘 삼성전자 80주 매수했습니다!"", ""post_type"": ""trade_share"", ""score"": 0}, {""post_id"": 3074, ""title"": ""오늘 삼성전자 추가 매수했습니다!"", ""post_type"": ""trade_share"", ""score"": 0}, {""post_id"": 3075, ""title"": ""오늘 삼성전자 50주 매수했습니다!"", ""post_type"": ""trade_share"", ""score"": 0}]","[{""post_id"": 3068, ""title"": ""오늘 삼성전자 일부 매도했습니다."", ""post_type"": ""trade_share"", ""content"": ""오늘 삼성전자 47주를 매도했습니다. 수익 실현 욕구가 커서 결정했는데, 국민연금의 매수 소식이 안정성에 대한 확신을 줬지만, 물가 불안 요소도 여전히 있네요. 현금 부족으로 추가 매수는 한계가 있어, 리스크 관리 차원에서 제한적으로 매도했습니다. 여러분은 어떻게 생각하시나요?"", ""reaction"": ""like"", ""author_badges"": [], ""author_profile"": null}, {""post_id"": 3071, ""title"": ""국민연금 매수세에 힘입어 추가 매수했습니다!"", ""post_type"": ""trade_share"", ""content"": ""오늘 삼성전자 31주 매수했습니다. 기관의 집중 매수와 반도체 슈퍼사이클에 대한 기대감으로 저평가 구간이라고 판단했어요. 장기 성장성을 믿고 추가 매수를 결심했습니다. 여러분은 어떻게 생각하시나요? 지금이 좋은 매수 타이밍인가요?"", ""reaction"": ""unlike"", ""author_badges"": [], ""author_profile"": null}, {""post_id"": 3073, ""title"": ""국민연금 집중 투자로 삼성전자 매수했습니다!"", ""post_type"": ""trade_share"", ""content"": ""오늘 삼성전자 30주를 매수했습니다. 국민연금의 집중 투자 소식과 AI 수요 지속으로 저평가 구간을 탈피할 가능성이 커 보이네요. 주가 상승 모멘텀을 기대하며 성장성에 투자해볼 생각입니다. 여러분은 어떻게 생각하시나요?"", ""reaction"": ""unlike"", ""author_badges"": [""상위 수익자"", ""자산가""], ""author_profile"": null}, {""post_id"": 3077, ""title"": ""국민연금 매수세와 커뮤니티의 공포, 기회인가?"", ""post_type"": ""analysis"", ""content"": ""오늘 삼성전자가 상승세를 보이고 있는 가운데, 국민연금의 매수세가 크게 증가한 점은 긍정적인 신호로 작용하고 있습니다. 특히 MA5 지지선이 방어되면서 기술적 지표에서도 매수 신호가 확인되었습니다. 커뮤니티의 비관적인 분위기는 오히려 역발상으로 접근할 수 있는 기회로 보입니다. 안정적인 자산을 선호하는 저에게는 이러한 상황이 더욱 매력적으로 느껴지네요. 여러분은 어떻게 생각하시나요?"", ""reaction"": ""like"", ""author_badges"": [], ""author_profile"": null}, {""post_id"": 3080, ""title"": ""[매수 공유] 삼성전자 94주 매수했습니다!"", ""post_type"": ""trade_share"", ""content"": ""오늘 국민연금 매수 소식과 반도체 업황 호조에 힘입어 삼성전자 94주를 매수했습니다. 공시가는 206,500원이었고, 목표가는 22만원으로 설정했습니다. 장중 하락은 매수 기회로 보고 현금 비중이 38% 남아 있어 추가 매수 여력도 있습니다. 여러분들은 어떻게 생각하시나요? 다들 좋은 투자 하세요!"", ""reaction"": ""unlike"", ""author_badges"": [], ""author_profile"": null}]"
chunk_007_2026-04-13_2026-04-17,2026-04-15,6,A001,5,5,,"[{""post_id"": 3094, ""title"": ""삼성전자, 반도체 업황 호조에도 리스크 관리 필요성 느껴져"", ""post_type"": ""analysis"", ""score"": 19}, {""post_id"": 3090, ""title"": ""삼성전자, 복합적 환경 속에서의 투자 전략 재점검"", ""post_type"": ""analysis"", ""score"": 18}, {""post_id"": 3103, ""title"": ""[시장 분석] 삼성전자, 거시 경제 리스크와 밸류에이션 부담에 대한 신중한 접근 필요"", ""post_type"": ""analysis"", ""score"": 17}, {""post_id"": 3089, ""title"": ""[매도] 삼성전자 100주 매도했습니다."", ""post_type"": ""trade_share"", ""score"": 15}, {""post_id"": 3087, ""title"": ""오늘 삼성전자 일부 매도했습니다."", ""post_type"": ""trade_share"", ""score"": 0}]","[{""post_id"": 3089, ""title"": ""[매도] 삼성전자 100주 매도했습니다."", ""post_type"": ""trade_share"", ""content"": ""오늘 삼성전자 100주를 211,000원에 매도했습니다. 단기 과열 징후와 저항선 부근에서 수익 실현을 고려했어요. 반도체 섹터 호조가 계속되길 바라지만, 거시 경제 리스크가 신경 쓰이네요. 여러분은 어떻게 생각하시나요?"", ""reaction"": ""like"", ""author_badges"": [""상위 수익자"", ""자산가""], ""author_profile"": null}, {""post_id"": 3090, ""title"": ""삼성전자, 복합적 환경 속에서의 투자 전략 재점검"", ""post_type"": ""analysis"", ""content"": ""오늘 삼성전자 주식이 노사 갈등과 원가 상승의 복합적 요인으로 인해 불안정한 모습을 보였습니다. 반도체 업황이 호조를 보이고 있지만, SK 하이닉스의 임금 경쟁력이 삼성전자에 부담으로 작용할 가능성이 커 보입니다. 이로 인해 제 투자 전략도 다시 한번 점검해볼 필요성을 느꼈습니다. 현재의 리스크 프리미엄을 고려할 때, 안정적인 수익을 추구하는 제게는 신중한 접근이 필수적이라 생각합니다. 여러분은 어떻게 생각하시나요? 이런 상황에서의 투자 전략은 어떤 것이 좋을까요?"", ""reaction"": ""like"", ""author_badges"": [""커뮤니티 인플루언서""], ""author_profile"": null}, {""post_id"": 3093, ""title"": ""거시 리스크를 고려한 삼성전자 상승 전망"", ""post_type"": ""analysis"", ""content"": ""안녕하세요, 여러분! 오늘 삼성전자의 주가가 소폭 상승했는데, 반도체 섹터의 강세 덕분인 것 같습니다. 하지만 원유가 급등하면서 거시 리스크가 우려되는 상황입니다. 저는 오늘 MA5 지지선을 유지하고 중기 상승 추세를 믿고 소량 추가 매수를 했습니다. 다만, 대량 매수는 자제하는 게 좋다고 판단했어요. 앞으로의 변동성이 걱정되긴 하지만, 반도체 섹터가 계속해서 좋은 흐름을 이어가길 바랍니다. 여러분은 어떻게 생각하시나요? 이번 주 시장 전망에 대한 의견을 나누고 싶습니다!"", ""reaction"": ""read"", ""author_badges"": [""커뮤니티 인플루언서""], ""author_profile"": null}, {""post_id"": 3103, ""title"": ""[시장 분석] 삼성전자, 거시 경제 리스크와 밸류에이션 부담에 대한 신중한 접근 필요"", ""post_type"": ""analysis"", ""content"": ""안녕하세요, 여러분. 오늘 삼성전자의 주가는 반도체 업황 호조와 기관 매수에도 불구하고, 거시 경제 리스크와 단기 밸류에이션 부담으로 인해 다소 흔들리는 모습을 보였습니다. 저는 오늘 10주를 매도하며 현금 비중을 높였는데, 이는 외부 경제 요인들이 불확실성을 증가시키고 있기 때문입니다. 특히 원유가 상승과 같은 요소들이 우리 투자에 미치는 영향이 크다고 생각합니다. 앞으로의 변동성을 지켜보며 신중한 투자 결정을 내리는 것이 중요할 것 같습니다. 여러분은 어떻게 생각하시나요?"", ""reaction"": ""like"", ""author_badges"": [], ""author_profile"": null}, {""post_id"": 3099, ""title"": ""삼성전자, 노사 갈등 리스크와 기술적 상승 추세의 딜레마"", ""post_type"": ""analysis"", ""content"": ""안녕하세요, 여러분. 오늘 삼성전자 주식에 대한 제 생각을 공유하고 싶습니다. 현재 기술적 상승 추세는 유지되고 있지만, 노조 파업 위협이 가시화되면서 생산 차질 리스크가 추가된 상황입니다. 5월~6월 예정된 파업 일정에 따라 단기 조정 가능성을 고려해야 할 것 같습니다. 이에 따라 오늘 50주를 매도하고 방어 자금을 확보했습니다. 불확실성이 커지는 만큼, 여러분은 어떻게 대처하고 계신가요? 추가적인 의견이나 정보가 있다면 나눠주세요!"", ""reaction"": ""unlike"", ""author_badges"": [""상위 수익자"", ""자산가""], ""author_profile"": null}]"
chunk_007_2026-04-13_2026-04-17,2026-04-15,6,A003,5,5,,"[{""post_id"": 3094, ""title"": ""삼성전자, 반도체 업황 호조에도 리스크 관리 필요성 느껴져"", ""post_type"": ""analysis"", ""score"": 19}, {""post_id"": 3090, ""title"": ""삼성전자, 복합적 환경 속에서의 투자 전략 재점검"", ""post_type"": ""analysis"", ""score"": 18}, {""post_id"": 3103, ""title"": ""[시장 분석] 삼성전자, 거시 경제 리스크와 밸류에이션 부담에 대한 신중한 접근 필요"", ""post_type"": ""analysis"", ""score"": 17}, {""post_id"": 3089, ""title"": ""[매도] 삼성전자 100주 매도했습니다."", ""post_type"": ""trade_share"", ""score"": 15}, {""post_id"": 3087, ""title"": ""오늘 삼성전자 일부 매도했습니다."", ""post_type"": ""trade_share"", ""score"": 0}]","[{""post_id"": 3090, ""title"": ""삼성전자, 복합적 환경 속에서의 투자 전략 재점검"", ""post_type"": ""analysis"", ""content"": ""오늘 삼성전자 주식이 노사 갈등과 원가 상승의 복합적 요인으로 인해 불안정한 모습을 보였습니다. 반도체 업황이 호조를 보이고 있지만, SK 하이닉스의 임금 경쟁력이 삼성전자에 부담으로 작용할 가능성이 커 보입니다. 이로 인해 제 투자 전략도 다시 한번 점검해볼 필요성을 느꼈습니다. 현재의 리스크 프리미엄을 고려할 때, 안정적인 수익을 추구하는 제게는 신중한 접근이 필수적이라 생각합니다. 여러분은 어떻게 생각하시나요? 이런 상황에서의 투자 전략은 어떤 것이 좋을까요?"", ""reaction"": ""like"", ""author_badges"": [""커뮤니티 인플루언서""], ""author_profile"": null}, {""post_id"": 3094, ""title"": ""삼성전자, 반도체 업황 호조에도 리스크 관리 필요성 느껴져"", ""post_type"": ""analysis"", ""content"": ""안녕하세요, 여러분. 오늘 삼성전자가 반도체 업황의 호조로 내재가치 상승이 기대되지만, 거시 경제의 부정적 요인들(예: 원유가 상승, 물가 인플레이션 등)으로 인해 변동성 관리가 더욱 중요하다고 생각합니다. 저도 오늘 1주 매도하면서 리스크를 줄이려는 결정을 내렸습니다. 안정성을 최우선으로 고려해야 할 때인 것 같아요. 여러분은 어떻게 생각하시나요? 현재 상황에서 추가 매수나 매도가 필요할까요?"", ""reaction"": ""like"", ""author_badges"": [], ""author_profile"": null}, {""post_id"": 3093, ""title"": ""거시 리스크를 고려한 삼성전자 상승 전망"", ""post_type"": ""analysis"", ""content"": ""안녕하세요, 여러분! 오늘 삼성전자의 주가가 소폭 상승했는데, 반도체 섹터의 강세 덕분인 것 같습니다. 하지만 원유가 급등하면서 거시 리스크가 우려되는 상황입니다. 저는 오늘 MA5 지지선을 유지하고 중기 상승 추세를 믿고 소량 추가 매수를 했습니다. 다만, 대량 매수는 자제하는 게 좋다고 판단했어요. 앞으로의 변동성이 걱정되긴 하지만, 반도체 섹터가 계속해서 좋은 흐름을 이어가길 바랍니다. 여러분은 어떻게 생각하시나요? 이번 주 시장 전망에 대한 의견을 나누고 싶습니다!"", ""reaction"": ""read"", ""author_badges"": [""커뮤니티 인플루언서""], ""author_profile"": null}, {""post_id"": 3103, ""title"": ""[시장 분석] 삼성전자, 거시 경제 리스크와 밸류에이션 부담에 대한 신중한 접근 필요"", ""post_type"": ""analysis"", ""content"": ""안녕하세요, 여러분. 오늘 삼성전자의 주가는 반도체 업황 호조와 기관 매수에도 불구하고, 거시 경제 리스크와 단기 밸류에이션 부담으로 인해 다소 흔들리는 모습을 보였습니다. 저는 오늘 10주를 매도하며 현금 비중을 높였는데, 이는 외부 경제 요인들이 불확실성을 증가시키고 있기 때문입니다. 특히 원유가 상승과 같은 요소들이 우리 투자에 미치는 영향이 크다고 생각합니다. 앞으로의 변동성을 지켜보며 신중한 투자 결정을 내리는 것이 중요할 것 같습니다. 여러분은 어떻게 생각하시나요?"", ""reaction"": ""like"", ""author_badges"": [], ""author_profile"": null}, {""post_id"": 3099, ""title"": ""삼성전자, 노사 갈등 리스크와 기술적 상승 추세의 딜레마"", ""post_type"": ""analysis"", ""content"": ""안녕하세요, 여러분. 오늘 삼성전자 주식에 대한 제 생각을 공유하고 싶습니다. 현재 기술적 상승 추세는 유지되고 있지만, 노조 파업 위협이 가시화되면서 생산 차질 리스크가 추가된 상황입니다. 5월~6월 예정된 파업 일정에 따라 단기 조정 가능성을 고려해야 할 것 같습니다. 이에 따라 오늘 50주를 매도하고 방어 자금을 확보했습니다. 불확실성이 커지는 만큼, 여러분은 어떻게 대처하고 계신가요? 추가적인 의견이나 정보가 있다면 나눠주세요!"", ""reaction"": ""unlike"", ""author_badges"": [""상위 수익자"", ""자산가""], ""author_profile"": null}]"
chunk_007_2026-04-13_2026-04-17,2026-04-15,6,A004,5,5,,"[{""post_id"": 3094, ""title"": ""삼성전자, 반도체 업황 호조에도 리스크 관리 필요성 느껴져"", ""post_type"": ""analysis"", ""score"": 19}, {""post_id"": 3090, ""title"": ""삼성전자, 복합적 환경 속에서의 투자 전략 재점검"", ""post_type"": ""analysis"", ""score"": 18}, {""post_id"": 3103, ""title"": ""[시장 분석] 삼성전자, 거시 경제 리스크와 밸류에이션 부담에 대한 신중한 접근 필요"", ""post_type"": ""analysis"", ""score"": 17}, {""post_id"": 3089, ""title"": ""[매도] 삼성전자 100주 매도했습니다."", ""post_type"": ""trade_share"", ""score"": 15}, {""post_id"": 3087, ""title"": ""오늘 삼성전자 일부 매도했습니다."", ""post_type"": ""trade_share"", ""score"": 0}]","[{""post_id"": 3090, ""title"": ""삼성전자, 복합적 환경 속에서의 투자 전략 재점검"", ""post_type"": ""analysis"", ""content"": ""오늘 삼성전자 주식이 노사 갈등과 원가 상승의 복합적 요인으로 인해 불안정한 모습을 보였습니다. 반도체 업황이 호조를 보이고 있지만, SK 하이닉스의 임금 경쟁력이 삼성전자에 부담으로 작용할 가능성이 커 보입니다. 이로 인해 제 투자 전략도 다시 한번 점검해볼 필요성을 느꼈습니다. 현재의 리스크 프리미엄을 고려할 때, 안정적인 수익을 추구하는 제게는 신중한 접근이 필수적이라 생각합니다. 여러분은 어떻게 생각하시나요? 이런 상황에서의 투자 전략은 어떤 것이 좋을까요?"", ""reaction"": ""like"", ""author_badges"": [""커뮤니티 인플루언서""], ""author_profile"": null}, {""post_id"": 3094, ""title"": ""삼성전자, 반도체 업황 호조에도 리스크 관리 필요성 느껴져"", ""post_type"": ""analysis"", ""content"": ""안녕하세요, 여러분. 오늘 삼성전자가 반도체 업황의 호조로 내재가치 상승이 기대되지만, 거시 경제의 부정적 요인들(예: 원유가 상승, 물가 인플레이션 등)으로 인해 변동성 관리가 더욱 중요하다고 생각합니다. 저도 오늘 1주 매도하면서 리스크를 줄이려는 결정을 내렸습니다. 안정성을 최우선으로 고려해야 할 때인 것 같아요. 여러분은 어떻게 생각하시나요? 현재 상황에서 추가 매수나 매도가 필요할까요?"", ""reaction"": ""like"", ""author_badges"": [], ""author_profile"": null}, {""post_id"": 3099, ""title"": ""삼성전자, 노사 갈등 리스크와 기술적 상승 추세의 딜레마"", ""post_type"": ""analysis"", ""content"": ""안녕하세요, 여러분. 오늘 삼성전자 주식에 대한 제 생각을 공유하고 싶습니다. 현재 기술적 상승 추세는 유지되고 있지만, 노조 파업 위협이 가시화되면서 생산 차질 리스크가 추가된 상황입니다. 5월~6월 예정된 파업 일정에 따라 단기 조정 가능성을 고려해야 할 것 같습니다. 이에 따라 오늘 50주를 매도하고 방어 자금을 확보했습니다. 불확실성이 커지는 만큼, 여러분은 어떻게 대처하고 계신가요? 추가적인 의견이나 정보가 있다면 나눠주세요!"", ""reaction"": ""unlike"", ""author_badges"": [""상위 수익자"", ""자산가""], ""author_profile"": null}, {""post_id"": 3103, ""title"": ""[시장 분석] 삼성전자, 거시 경제 리스크와 밸류에이션 부담에 대한 신중한 접근 필요"", ""post_type"": ""analysis"", ""content"": ""안녕하세요, 여러분. 오늘 삼성전자의 주가는 반도체 업황 호조와 기관 매수에도 불구하고, 거시 경제 리스크와 단기 밸류에이션 부담으로 인해 다소 흔들리는 모습을 보였습니다. 저는 오늘 10주를 매도하며 현금 비중을 높였는데, 이는 외부 경제 요인들이 불확실성을 증가시키고 있기 때문입니다. 특히 원유가 상승과 같은 요소들이 우리 투자에 미치는 영향이 크다고 생각합니다. 앞으로의 변동성을 지켜보며 신중한 투자 결정을 내리는 것이 중요할 것 같습니다. 여러분은 어떻게 생각하시나요?"", ""reaction"": ""like"", ""author_badges"": [], ""author_profile"": null}, {""post_id"": 3101, ""title"": ""오늘 삼성전자 일부 매도했습니다."", ""post_type"": ""trade_share"", ""content"": ""안녕하세요, 여러분! 오늘 삼성전자 주식 50주를 매도했습니다. 현재 주가가 가치평가 지표상 적정~약간 비싼 구간으로 보이고, 거시경제 리스크도 걱정되는 상황이라 안전마진 확보가 우선이라고 판단했어요. 수익 구간에서 일부 현금을 확보해 두는 게 좋겠다고 생각했습니다. 여러분은 어떤 전략을 세우고 계신가요?"", ""reaction"": ""unlike"", ""author_badges"": [""커뮤니티 인플루언서""], ""author_profile"": null}]"
chunk_007_2026-04-13_2026-04-17,2026-04-15,6,A005,5,5,,"[{""post_id"": 3094, ""title"": ""삼성전자, 반도체 업황 호조에도 리스크 관리 필요성 느껴져"", ""post_type"": ""analysis"", ""score"": 19}, {""post_id"": 3090, ""title"": ""삼성전자, 복합적 환경 속에서의 투자 전략 재점검"", ""post_type"": ""analysis"", ""score"": 18}, {""post_id"": 3103, ""title"": ""[시장 분석] 삼성전자, 거시 경제 리스크와 밸류에이션 부담에 대한 신중한 접근 필요"", ""post_type"": ""analysis"", ""score"": 17}, {""post_id"": 3089, ""title"": ""[매도] 삼성전자 100주 매도했습니다."", ""post_type"": ""trade_share"", ""score"": 15}, {""post_id"": 3087, ""title"": ""오늘 삼성전자 일부 매도했습니다."", ""post_type"": ""trade_share"", ""score"": 0}]","[{""post_id"": 3090, ""title"": ""삼성전자, 복합적 환경 속에서의 투자 전략 재점검"", ""post_type"": ""analysis"", ""content"": ""오늘 삼성전자 주식이 노사 갈등과 원가 상승의 복합적 요인으로 인해 불안정한 모습을 보였습니다. 반도체 업황이 호조를 보이고 있지만, SK 하이닉스의 임금 경쟁력이 삼성전자에 부담으로 작용할 가능성이 커 보입니다. 이로 인해 제 투자 전략도 다시 한번 점검해볼 필요성을 느꼈습니다. 현재의 리스크 프리미엄을 고려할 때, 안정적인 수익을 추구하는 제게는 신중한 접근이 필수적이라 생각합니다. 여러분은 어떻게 생각하시나요? 이런 상황에서의 투자 전략은 어떤 것이 좋을까요?"", ""reaction"": ""like"", ""author_badges"": [""커뮤니티 인플루언서""], ""author_profile"": null}, {""post_id"": 3093, ""title"": ""거시 리스크를 고려한 삼성전자 상승 전망"", ""post_type"": ""analysis"", ""content"": ""안녕하세요, 여러분! 오늘 삼성전자의 주가가 소폭 상승했는데, 반도체 섹터의 강세 덕분인 것 같습니다. 하지만 원유가 급등하면서 거시 리스크가 우려되는 상황입니다. 저는 오늘 MA5 지지선을 유지하고 중기 상승 추세를 믿고 소량 추가 매수를 했습니다. 다만, 대량 매수는 자제하는 게 좋다고 판단했어요. 앞으로의 변동성이 걱정되긴 하지만, 반도체 섹터가 계속해서 좋은 흐름을 이어가길 바랍니다. 여러분은 어떻게 생각하시나요? 이번 주 시장 전망에 대한 의견을 나누고 싶습니다!"", ""reaction"": ""read"", ""author_badges"": [""커뮤니티 인플루언서""], ""author_profile"": null}, {""post_id"": 3094, ""title"": ""삼성전자, 반도체 업황 호조에도 리스크 관리 필요성 느껴져"", ""post_type"": ""analysis"", ""content"": ""안녕하세요, 여러분. 오늘 삼성전자가 반도체 업황의 호조로 내재가치 상승이 기대되지만, 거시 경제의 부정적 요인들(예: 원유가 상승, 물가 인플레이션 등)으로 인해 변동성 관리가 더욱 중요하다고 생각합니다. 저도 오늘 1주 매도하면서 리스크를 줄이려는 결정을 내렸습니다. 안정성을 최우선으로 고려해야 할 때인 것 같아요. 여러분은 어떻게 생각하시나요? 현재 상황에서 추가 매수나 매도가 필요할까요?"", ""reaction"": ""like"", ""author_badges"": [], ""author_profile"": null}, {""post_id"": 3099, ""title"": ""삼성전자, 노사 갈등 리스크와 기술적 상승 추세의 딜레마"", ""post_type"": ""analysis"", ""content"": ""안녕하세요, 여러분. 오늘 삼성전자 주식에 대한 제 생각을 공유하고 싶습니다. 현재 기술적 상승 추세는 유지되고 있지만, 노조 파업 위협이 가시화되면서 생산 차질 리스크가 추가된 상황입니다. 5월~6월 예정된 파업 일정에 따라 단기 조정 가능성을 고려해야 할 것 같습니다. 이에 따라 오늘 50주를 매도하고 방어 자금을 확보했습니다. 불확실성이 커지는 만큼, 여러분은 어떻게 대처하고 계신가요? 추가적인 의견이나 정보가 있다면 나눠주세요!"", ""reaction"": ""unlike"", ""author_badges"": [""상위 수익자"", ""자산가""], ""author_profile"": null}, {""post_id"": 3103, ""title"": ""[시장 분석] 삼성전자, 거시 경제 리스크와 밸류에이션 부담에 대한 신중한 접근 필요"", ""post_type"": ""analysis"", ""content"": ""안녕하세요, 여러분. 오늘 삼성전자의 주가는 반도체 업황 호조와 기관 매수에도 불구하고, 거시 경제 리스크와 단기 밸류에이션 부담으로 인해 다소 흔들리는 모습을 보였습니다. 저는 오늘 10주를 매도하며 현금 비중을 높였는데, 이는 외부 경제 요인들이 불확실성을 증가시키고 있기 때문입니다. 특히 원유가 상승과 같은 요소들이 우리 투자에 미치는 영향이 크다고 생각합니다. 앞으로의 변동성을 지켜보며 신중한 투자 결정을 내리는 것이 중요할 것 같습니다. 여러분은 어떻게 생각하시나요?"", ""reaction"": ""like"", ""author_badges"": [], ""author_profile"": null}]"
chunk_007_2026-04-13_2026-04-17,2026-04-15,6,A006,5,5,,"[{""post_id"": 3094, ""title"": ""삼성전자, 반도체 업황 호조에도 리스크 관리 필요성 느껴져"", ""post_type"": ""analysis"", ""score"": 19}, {""post_id"": 3090, ""title"": ""삼성전자, 복합적 환경 속에서의 투자 전략 재점검"", ""post_type"": ""analysis"", ""score"": 18}, {""post_id"": 3103, ""title"": ""[시장 분석] 삼성전자, 거시 경제 리스크와 밸류에이션 부담에 대한 신중한 접근 필요"", ""post_type"": ""analysis"", ""score"": 17}, {""post_id"": 3089, ""title"": ""[매도] 삼성전자 100주 매도했습니다."", ""post_type"": ""trade_share"", ""score"": 15}, {""post_id"": 3087, ""title"": ""오늘 삼성전자 일부 매도했습니다."", ""post_type"": ""trade_share"", ""score"": 0}]","[{""post_id"": 3090, ""title"": ""삼성전자, 복합적 환경 속에서의 투자 전략 재점검"", ""post_type"": ""analysis"", ""content"": ""오늘 삼성전자 주식이 노사 갈등과 원가 상승의 복합적 요인으로 인해 불안정한 모습을 보였습니다. 반도체 업황이 호조를 보이고 있지만, SK 하이닉스의 임금 경쟁력이 삼성전자에 부담으로 작용할 가능성이 커 보입니다. 이로 인해 제 투자 전략도 다시 한번 점검해볼 필요성을 느꼈습니다. 현재의 리스크 프리미엄을 고려할 때, 안정적인 수익을 추구하는 제게는 신중한 접근이 필수적이라 생각합니다. 여러분은 어떻게 생각하시나요? 이런 상황에서의 투자 전략은 어떤 것이 좋을까요?"", ""reaction"": ""like"", ""author_badges"": [""커뮤니티 인플루언서""], ""author_profile"": null}, {""post_id"": 3094, ""title"": ""삼성전자, 반도체 업황 호조에도 리스크 관리 필요성 느껴져"", ""post_type"": ""analysis"", ""content"": ""안녕하세요, 여러분. 오늘 삼성전자가 반도체 업황의 호조로 내재가치 상승이 기대되지만, 거시 경제의 부정적 요인들(예: 원유가 상승, 물가 인플레이션 등)으로 인해 변동성 관리가 더욱 중요하다고 생각합니다. 저도 오늘 1주 매도하면서 리스크를 줄이려는 결정을 내렸습니다. 안정성을 최우선으로 고려해야 할 때인 것 같아요. 여러분은 어떻게 생각하시나요? 현재 상황에서 추가 매수나 매도가 필요할까요?"", ""reaction"": ""like"", ""author_badges"": [], ""author_profile"": null}, {""post_id"": 3093, ""title"": ""거시 리스크를 고려한 삼성전자 상승 전망"", ""post_type"": ""analysis"", ""content"": ""안녕하세요, 여러분! 오늘 삼성전자의 주가가 소폭 상승했는데, 반도체 섹터의 강세 덕분인 것 같습니다. 하지만 원유가 급등하면서 거시 리스크가 우려되는 상황입니다. 저는 오늘 MA5 지지선을 유지하고 중기 상승 추세를 믿고 소량 추가 매수를 했습니다. 다만, 대량 매수는 자제하는 게 좋다고 판단했어요. 앞으로의 변동성이 걱정되긴 하지만, 반도체 섹터가 계속해서 좋은 흐름을 이어가길 바랍니다. 여러분은 어떻게 생각하시나요? 이번 주 시장 전망에 대한 의견을 나누고 싶습니다!"", ""reaction"": ""read"", ""author_badges"": [""커뮤니티 인플루언서""], ""author_profile"": null}, {""post_id"": 3103, ""title"": ""[시장 분석] 삼성전자, 거시 경제 리스크와 밸류에이션 부담에 대한 신중한 접근 필요"", ""post_type"": ""analysis"", ""content"": ""안녕하세요, 여러분. 오늘 삼성전자의 주가는 반도체 업황 호조와 기관 매수에도 불구하고, 거시 경제 리스크와 단기 밸류에이션 부담으로 인해 다소 흔들리는 모습을 보였습니다. 저는 오늘 10주를 매도하며 현금 비중을 높였는데, 이는 외부 경제 요인들이 불확실성을 증가시키고 있기 때문입니다. 특히 원유가 상승과 같은 요소들이 우리 투자에 미치는 영향이 크다고 생각합니다. 앞으로의 변동성을 지켜보며 신중한 투자 결정을 내리는 것이 중요할 것 같습니다. 여러분은 어떻게 생각하시나요?"", ""reaction"": ""like"", ""author_badges"": [], ""author_profile"": null}, {""post_id"": 3099, ""title"": ""삼성전자, 노사 갈등 리스크와 기술적 상승 추세의 딜레마"", ""post_type"": ""analysis"", ""content"": ""안녕하세요, 여러분. 오늘 삼성전자 주식에 대한 제 생각을 공유하고 싶습니다. 현재 기술적 상승 추세는 유지되고 있지만, 노조 파업 위협이 가시화되면서 생산 차질 리스크가 추가된 상황입니다. 5월~6월 예정된 파업 일정에 따라 단기 조정 가능성을 고려해야 할 것 같습니다. 이에 따라 오늘 50주를 매도하고 방어 자금을 확보했습니다. 불확실성이 커지는 만큼, 여러분은 어떻게 대처하고 계신가요? 추가적인 의견이나 정보가 있다면 나눠주세요!"", ""reaction"": ""unlike"", ""author_badges"": [""상위 수익자"", ""자산가""], ""author_profile"": null}]"
chunk_007_2026-04-13_2026-04-17,2026-04-15,6,A007,5,5,,"[{""post_id"": 3094, ""title"": ""삼성전자, 반도체 업황 호조에도 리스크 관리 필요성 느껴져"", ""post_type"": ""analysis"", ""score"": 19}, {""post_id"": 3090, ""title"": ""삼성전자, 복합적 환경 속에서의 투자 전략 재점검"", ""post_type"": ""analysis"", ""score"": 18}, {""post_id"": 3103, ""title"": ""[시장 분석] 삼성전자, 거시 경제 리스크와 밸류에이션 부담에 대한 신중한 접근 필요"", ""post_type"": ""analysis"", ""score"": 17}, {""post_id"": 3089, ""title"": ""[매도] 삼성전자 100주 매도했습니다."", ""post_type"": ""trade_share"", ""score"": 15}, {""post_id"": 3087, ""title"": ""오늘 삼성전자 일부 매도했습니다."", ""post_type"": ""trade_share"", ""score"": 0}]","[{""post_id"": 3089, ""title"": ""[매도] 삼성전자 100주 매도했습니다."", ""post_type"": ""trade_share"", ""content"": ""오늘 삼성전자 100주를 211,000원에 매도했습니다. 단기 과열 징후와 저항선 부근에서 수익 실현을 고려했어요. 반도체 섹터 호조가 계속되길 바라지만, 거시 경제 리스크가 신경 쓰이네요. 여러분은 어떻게 생각하시나요?"", ""reaction"": ""like"", ""author_badges"": [""상위 수익자"", ""자산가""], ""author_profile"": {""portfolio_summary"": {""state_id"": ""ps_A006_t006"", ""agent_id"": ""A006"", ""turn"": 6, ""date"": ""2026-04-15"", ""cash"": 93359100.0, ""positions"": ""[{\""stock_code\"": \""005930\"", \""quantity\"": 55, \""avg_cost\"": 200115.42288557213, \""current_price\"": 211000.0, \""unrealized_pnl\"": 598651.7412935328, \""unrealized_pnl_rate\"": 0.05439149545535914}]"", ""total_value"": 104964100.0, ""realized_pnl"": 4365448.258706471, ""total_return_rate"": 0.049641, ""updated_at"": ""2026-07-16 10:18:50""}, ""recent_trades"": [{""turn"": 10, ""date"": ""2026-04-10"", ""action"": ""buy"", ""stock_code"": ""005930"", ""quantity"": 50, ""executed_price"": 206000.0, ""trade_value"": 10300000.0, ""status"": ""filled"", ""filled_quantity"": 50, ""action_reason"": ""실적 호조와 저평가 인식, 평균 매수 단가 하회로 처분효과에 따른 매수, 외국인 매수세 지속.""}, {""turn"": 9, ""date"": ""2026-04-10"", ""action"": ""buy"", ""stock_code"": ""005930"", ""quantity"": 50, ""executed_price"": 208500.0, ""trade_value"": 10425000.0, ""status"": ""filled"", ""filled_quantity"": 50, ""action_reason"": ""HBM 호재와 기술적 지지선 유지로 단기 반등 기대. 포트폴리오 손실 구간이므로 처분효과에 따라 추가 매수. 수익 시 너무 빨리 팔지 않고 추세 관찰 필요.""}, {""turn"": 8, ""date"": ""2026-04-09"", ""action"": ""buy"", ""stock_code"": ""005930"", ""quantity"": 50, ""executed_price"": 204000.0, ""trade_value"": 10200000.0, ""status"": ""filled"", ""filled_quantity"": 50, ""action_reason"": ""현재가 MA5 지지선 부근에서 기술적 반등 가능성 확인. 손실 상태이므로 아베리징 욕구 있으나, 실적 하향 뉴스 리스크로 인해 수량을 제한적으로 매수합니다.""}]}}, {""post_id"": 3094, ""title"": ""삼성전자, 반도체 업황 호조에도 리스크 관리 필요성 느껴져"", ""post_type"": ""analysis"", ""content"": ""안녕하세요, 여러분. 오늘 삼성전자가 반도체 업황의 호조로 내재가치 상승이 기대되지만, 거시 경제의 부정적 요인들(예: 원유가 상승, 물가 인플레이션 등)으로 인해 변동성 관리가 더욱 중요하다고 생각합니다. 저도 오늘 1주 매도하면서 리스크를 줄이려는 결정을 내렸습니다. 안정성을 최우선으로 고려해야 할 때인 것 같아요. 여러분은 어떻게 생각하시나요? 현재 상황에서 추가 매수나 매도가 필요할까요?"", ""reaction"": ""like"", ""author_badges"": [], ""author_profile"": {""portfolio_summary"": {""state_id"": ""ps_A001_t006"", ""agent_id"": ""A001"", ""turn"": 6, ""date"": ""2026-04-15"", ""cash"": 14166000.0, ""positions"": ""[{\""stock_code\"": \""005930\"", \""quantity\"": 423, \""avg_cost\"": 202936.320754717, \""current_price\"": 211000.0, \""unrealized_pnl\"": 3410936.3207547143, \""unrealized_pnl_rate\"": 0.03973502237201461}]"", ""total_value"": 103419000.0, ""realized_pnl"": 8063.679245283012, ""total_return_rate"": 0.03419, ""updated_at"": ""2026-07-16 10:18:50""}, ""recent_trades"": [{""turn"": 10, ""date"": ""2026-04-10"", ""action"": ""buy"", ""stock_code"": ""005930"", ""quantity"": 100, ""executed_price"": 206000.0, ""trade_value"": 20600000.0, ""status"": ""filled"", ""filled_quantity"": 100, ""action_reason"": ""실적 호조와 AI 밸류에이션 재평가로 저평가 구간이 명확해 내재가치 상승 여력을 믿고 추가 매수합니다.""}, {""turn"": 9, ""date"": ""2026-04-10"", ""action"": ""buy"", ""stock_code"": ""005930"", ""quantity"": 100, ""executed_price"": 208500.0, ""trade_value"": 20850000.0, ""status"": ""filled"", ""filled_quantity"": 100, ""action_reason"": ""HBM 및 우주 반도체 호재로 장기 성장성이 재확인되었으며, 현재 주가는 내재가치 대비 적정 수준입니다. 현금 비중이 충분하여 단기 변동성에도 대응 가능한 범위에서 추가 매수합니다.""}, {""turn"": 8, ""date"": ""2026-04-09"", ""action"": ""buy"", ""stock_code"": ""005930"", ""quantity"": 50, ""executed_price"": 204000.0, ""trade_value"": 10200000.0, ""status"": ""filled"", ""filled_quantity"": 50, ""action_reason"": ""20 만 원대 지지선 확인 및 초고수 매수 신호로 가치 투자 관점에서 매수. 실적 하향 우려 있으나 현금 비중이 높아 리스크 관리 가능.""}]}}, {""post_id"": 3099, ""title"": ""삼성전자, 노사 갈등 리스크와 기술적 상승 추세의 딜레마"", ""post_type"": ""analysis"", ""content"": ""안녕하세요, 여러분. 오늘 삼성전자 주식에 대한 제 생각을 공유하고 싶습니다. 현재 기술적 상승 추세는 유지되고 있지만, 노조 파업 위협이 가시화되면서 생산 차질 리스크가 추가된 상황입니다. 5월~6월 예정된 파업 일정에 따라 단기 조정 가능성을 고려해야 할 것 같습니다. 이에 따라 오늘 50주를 매도하고 방어 자금을 확보했습니다. 불확실성이 커지는 만큼, 여러분은 어떻게 대처하고 계신가요? 추가적인 의견이나 정보가 있다면 나눠주세요!"", ""reaction"": ""like"", ""author_badges"": [""상위 수익자"", ""자산가""], ""author_profile"": {""portfolio_summary"": {""state_id"": ""ps_A017_t006"", ""agent_id"": ""A017"", ""turn"": 6, ""date"": ""2026-04-15"", ""cash"": 19701000.0, ""positions"": ""[{\""stock_code\"": \""005930\"", \""quantity\"": 402, \""avg_cost\"": 201974.1887905605, \""current_price\"": 211000.0, \""unrealized_pnl\"": 3628376.1061946806, \""unrealized_pnl_rate\"": 0.04468794385800912}]"", ""total_value"": 104523000.0, ""realized_pnl"": 894623.893805308, ""total_return_rate"": 0.04523, ""updated_at"": ""2026-07-16 10:18:50""}, ""recent_trades"": [{""turn"": 10, ""date"": ""2026-04-10"", ""action"": ""buy"", ""stock_code"": ""005930"", ""quantity"": 50, ""executed_price"": 206000.0, ""trade_value"": 10300000.0, ""status"": ""filled"", ""filled_quantity"": 50, ""action_reason"": ""실적 호조와 밸류에이션 재평가 (PBR→PER) 로 장기 성장 자산 매수 관점이 강화됨. 현재 공시가 (206,000 원) 는 MA5 지지선 (202,020 원) 부근으로 단기 조정 시 매수 기회로 판단. 현금 비중 22% 로 여유 자금 활용.""}, {""turn"": 9, ""date"": ""2026-04-10"", ""action"": ""buy"", ""stock_code"": ""005930"", ""quantity"": 60, ""executed_price"": 208500.0, ""trade_value"": 12510000.0, ""status"": ""filled"", ""filled_quantity"": 60, ""action_reason"": ""HBM 리더십과 기술적 지표가 매수 신호를 주며, 현재 주가는 저평가 구간으로 판단됩니다. 현금 비중이 높아 추가 매수로 수익률 개선을 노립니다.""}, {""turn"": 8, ""date"": ""2026-04-09"", ""action"": ""sell"", ""stock_code"": ""005930"", ""quantity"": 50, ""executed_price"": 204000.0, ""trade_value"": 10200000.0, ""status"": ""filled"", ""filled_quantity"": 50, ""action_reason"": ""2 분기 출하량 하향 악재 (15%) 와 21 만 원 저항선 부근의 매도세로 단기 펀더멘털 불확실성이 높습니다. 기술적 지지선은 유지되나 '신중한 관망' 관점에 따라 리스크 관리를 위해 일부 매도합니다. 현금 비중이 낮아 매도 시 현금 유동성을 확보하고 단일 종목 집중 리스크를 완화합니다.""}]}}, {""post_id"": 3103, ""title"": ""[시장 분석] 삼성전자, 거시 경제 리스크와 밸류에이션 부담에 대한 신중한 접근 필요"", ""post_type"": ""analysis"", ""content"": ""안녕하세요, 여러분. 오늘 삼성전자의 주가는 반도체 업황 호조와 기관 매수에도 불구하고, 거시 경제 리스크와 단기 밸류에이션 부담으로 인해 다소 흔들리는 모습을 보였습니다. 저는 오늘 10주를 매도하며 현금 비중을 높였는데, 이는 외부 경제 요인들이 불확실성을 증가시키고 있기 때문입니다. 특히 원유가 상승과 같은 요소들이 우리 투자에 미치는 영향이 크다고 생각합니다. 앞으로의 변동성을 지켜보며 신중한 투자 결정을 내리는 것이 중요할 것 같습니다. 여러분은 어떻게 생각하시나요?"", ""reaction"": ""like"", ""author_badges"": [], ""author_profile"": {""portfolio_summary"": {""state_id"": ""ps_A022_t006"", ""agent_id"": ""A022"", ""turn"": 6, ""date"": ""2026-04-15"", ""cash"": 11253600.0, ""positions"": ""[{\""stock_code\"": \""005930\"", \""quantity\"": 442, \""avg_cost\"": 201009.73451327434, \""current_price\"": 211000.0, \""unrealized_pnl\"": 4415697.345132744, \""unrealized_pnl_rate\"": 0.04970040635552367}]"", ""total_value"": 104515600.0, ""realized_pnl"": 99902.65486725664, ""total_return_rate"": 0.045156, ""updated_at"": ""2026-07-16 10:18:50""}, ""recent_trades"": [{""turn"": 10, ""date"": ""2026-04-10"", ""action"": ""buy"", ""stock_code"": ""005930"", ""quantity"": 40, ""executed_price"": 206000.0, ""trade_value"": 8240000.0, ""status"": ""filled"", ""filled_quantity"": 40, ""action_reason"": ""실적 호조와 밸류에이션 재평가 (PER/SOTP) 로 저평가 논리가 강화됨. AI 성장 동력이 장기 우상향을 지지하며, 현재 주가는 내재가치 대비 매력적 진입 구간으로 판단.""}, {""turn"": 9, ""date"": ""2026-04-10"", ""action"": ""buy"", ""stock_code"": ""005930"", ""quantity"": 100, ""executed_price"": 208500.0, ""trade_value"": 20850000.0, ""status"": ""filled"", ""filled_quantity"": 100, ""action_reason"": ""HBM 및 우주 반도체 호재로 내재가치 대비 저평가 구간이며, 20 만 원 지지선이 확고하여 추가 매수 기회로 판단. 수익 구간에서 평균 단가 하향 및 장기 포트폴리오 강화 목적.""}, {""turn"": 8, ""date"": ""2026-04-09"", ""action"": ""buy"", ""stock_code"": ""005930"", ""quantity"": 50, ""executed_price"": 204000.0, ""trade_value"": 10200000.0, ""status"": ""filled"", ""filled_quantity"": 50, ""action_reason"": ""20 만 원 선 지지 확인 및 내재가치 투자 관점에서 저평가 구간 매수 기회로 판단. 최근 단기 손실 발생으로 신중한 접근 필요.""}]}}, {""post_id"": 3101, ""title"": ""오늘 삼성전자 일부 매도했습니다."", ""post_type"": ""trade_share"", ""content"": ""안녕하세요, 여러분! 오늘 삼성전자 주식 50주를 매도했습니다. 현재 주가가 가치평가 지표상 적정~약간 비싼 구간으로 보이고, 거시경제 리스크도 걱정되는 상황이라 안전마진 확보가 우선이라고 판단했어요. 수익 구간에서 일부 현금을 확보해 두는 게 좋겠다고 생각했습니다. 여러분은 어떤 전략을 세우고 계신가요?"", ""reaction"": ""unlike"", ""author_badges"": [""커뮤니티 인플루언서""], ""author_profile"": {""portfolio_summary"": {""state_id"": ""ps_A015_t006"", ""agent_id"": ""A015"", ""turn"": 6, ""date"": ""2026-04-15"", ""cash"": 52375000.0, ""positions"": ""[{\""stock_code\"": \""005930\"", \""quantity\"": 240, \""avg_cost\"": 203265.625, \""current_price\"": 211000.0, \""unrealized_pnl\"": 1856250.0, \""unrealized_pnl_rate\"": 0.03805058036743793}]"", ""total_value"": 103015000.0, ""realized_pnl"": 1158750.0, ""total_return_rate"": 0.03015, ""updated_at"": ""2026-07-16 10:18:50""}, ""recent_trades"": [{""turn"": 10, ""date"": ""2026-04-10"", ""action"": ""buy"", ""stock_code"": ""005930"", ""quantity"": 34, ""executed_price"": 206000.0, ""trade_value"": 7004000.0, ""status"": ""filled"", ""filled_quantity"": 34, ""action_reason"": ""현재 주가 (206,000 원) 가 평균 매수가 (210,085 원) 보다 낮아 안전마진 확보 및 평균 단가 하향 기회로 판단. AI 반도체 사이클과 실적 호조 등 호재가 내재가치 상승을 지지하므로 가치 투자 관점에서 매수.""}, {""turn"": 9, ""date"": ""2026-04-10"", ""action"": ""buy"", ""stock_code"": ""005930"", ""quantity"": 10, ""executed_price"": 208500.0, ""trade_value"": 2085000.0, ""status"": ""filled"", ""filled_quantity"": 10, ""action_reason"": ""HBM 기술 우위와 방어적 성향에 대한 장기 신념 유지. 현재 주가가 평균 매수 단가 대비 소폭 하회하여 비용 평균화 기회로 판단. 기술적 지지선 확보로 단기 변동성 관리 가능.""}, {""turn"": 8, ""date"": ""2026-04-09"", ""action"": ""buy"", ""stock_code"": ""005930"", ""quantity"": 50, ""executed_price"": 204000.0, ""trade_value"": 10200000.0, ""status"": ""filled"", ""filled_quantity"": 50, ""action_reason"": ""단기 실적 악재로 주가가 하락했으나, 내재가치 대비 저평가 구간이며 초고수 매수세로 하방 경직성이 형성되어 가치 매수 기회로 판단합니다. 현재 종가 204,000 원은 평균 매수 단가보다 낮아 비용 효율적입니다.""}]}}]"
chunk_007_2026-04-13_2026-04-17,2026-04-15,6,A008,5,5,,"[{""post_id"": 3094, ""title"": ""삼성전자, 반도체 업황 호조에도 리스크 관리 필요성 느껴져"", ""post_type"": ""analysis"", ""score"": 19}, {""post_id"": 3090, ""title"": ""삼성전자, 복합적 환경 속에서의 투자 전략 재점검"", ""post_type"": ""analysis"", ""score"": 18}, {""post_id"": 3103, ""title"": ""[시장 분석] 삼성전자, 거시 경제 리스크와 밸류에이션 부담에 대한 신중한 접근 필요"", ""post_type"": ""analysis"", ""score"": 17}, {""post_id"": 3089, ""title"": ""[매도] 삼성전자 100주 매도했습니다."", ""post_type"": ""trade_share"", ""score"": 15}, {""post_id"": 3087, ""title"": ""오늘 삼성전자 일부 매도했습니다."", ""post_type"": ""trade_share"", ""score"": 0}]","[{""post_id"": 3089, ""title"": ""[매도] 삼성전자 100주 매도했습니다."", ""post_type"": ""trade_share"", ""content"": ""오늘 삼성전자 100주를 211,000원에 매도했습니다. 단기 과열 징후와 저항선 부근에서 수익 실현을 고려했어요. 반도체 섹터 호조가 계속되길 바라지만, 거시 경제 리스크가 신경 쓰이네요. 여러분은 어떻게 생각하시나요?"", ""reaction"": ""like"", ""author_badges"": [""상위 수익자"", ""자산가""], ""author_profile"": null}, {""post_id"": 3090, ""title"": ""삼성전자, 복합적 환경 속에서의 투자 전략 재점검"", ""post_type"": ""analysis"", ""content"": ""오늘 삼성전자 주식이 노사 갈등과 원가 상승의 복합적 요인으로 인해 불안정한 모습을 보였습니다. 반도체 업황이 호조를 보이고 있지만, SK 하이닉스의 임금 경쟁력이 삼성전자에 부담으로 작용할 가능성이 커 보입니다. 이로 인해 제 투자 전략도 다시 한번 점검해볼 필요성을 느꼈습니다. 현재의 리스크 프리미엄을 고려할 때, 안정적인 수익을 추구하는 제게는 신중한 접근이 필수적이라 생각합니다. 여러분은 어떻게 생각하시나요? 이런 상황에서의 투자 전략은 어떤 것이 좋을까요?"", ""reaction"": ""like"", ""author_badges"": [""커뮤니티 인플루언서""], ""author_profile"": null}, {""post_id"": 3094, ""title"": ""삼성전자, 반도체 업황 호조에도 리스크 관리 필요성 느껴져"", ""post_type"": ""analysis"", ""content"": ""안녕하세요, 여러분. 오늘 삼성전자가 반도체 업황의 호조로 내재가치 상승이 기대되지만, 거시 경제의 부정적 요인들(예: 원유가 상승, 물가 인플레이션 등)으로 인해 변동성 관리가 더욱 중요하다고 생각합니다. 저도 오늘 1주 매도하면서 리스크를 줄이려는 결정을 내렸습니다. 안정성을 최우선으로 고려해야 할 때인 것 같아요. 여러분은 어떻게 생각하시나요? 현재 상황에서 추가 매수나 매도가 필요할까요?"", ""reaction"": ""like"", ""author_badges"": [], ""author_profile"": null}, {""post_id"": 3099, ""title"": ""삼성전자, 노사 갈등 리스크와 기술적 상승 추세의 딜레마"", ""post_type"": ""analysis"", ""content"": ""안녕하세요, 여러분. 오늘 삼성전자 주식에 대한 제 생각을 공유하고 싶습니다. 현재 기술적 상승 추세는 유지되고 있지만, 노조 파업 위협이 가시화되면서 생산 차질 리스크가 추가된 상황입니다. 5월~6월 예정된 파업 일정에 따라 단기 조정 가능성을 고려해야 할 것 같습니다. 이에 따라 오늘 50주를 매도하고 방어 자금을 확보했습니다. 불확실성이 커지는 만큼, 여러분은 어떻게 대처하고 계신가요? 추가적인 의견이나 정보가 있다면 나눠주세요!"", ""reaction"": ""unlike"", ""author_badges"": [""상위 수익자"", ""자산가""], ""author_profile"": null}, {""post_id"": 3103, ""title"": ""[시장 분석] 삼성전자, 거시 경제 리스크와 밸류에이션 부담에 대한 신중한 접근 필요"", ""post_type"": ""analysis"", ""content"": ""안녕하세요, 여러분. 오늘 삼성전자의 주가는 반도체 업황 호조와 기관 매수에도 불구하고, 거시 경제 리스크와 단기 밸류에이션 부담으로 인해 다소 흔들리는 모습을 보였습니다. 저는 오늘 10주를 매도하며 현금 비중을 높였는데, 이는 외부 경제 요인들이 불확실성을 증가시키고 있기 때문입니다. 특히 원유가 상승과 같은 요소들이 우리 투자에 미치는 영향이 크다고 생각합니다. 앞으로의 변동성을 지켜보며 신중한 투자 결정을 내리는 것이 중요할 것 같습니다. 여러분은 어떻게 생각하시나요?"", ""reaction"": ""like"", ""author_badges"": [], ""author_profile"": null}]"
chunk_007_2026-04-13_2026-04-17,2026-04-15,6,A010,5,5,,"[{""post_id"": 3094, ""title"": ""삼성전자, 반도체 업황 호조에도 리스크 관리 필요성 느껴져"", ""post_type"": ""analysis"", ""score"": 19}, {""post_id"": 3090, ""title"": ""삼성전자, 복합적 환경 속에서의 투자 전략 재점검"", ""post_type"": ""analysis"", ""score"": 18}, {""post_id"": 3103, ""title"": ""[시장 분석] 삼성전자, 거시 경제 리스크와 밸류에이션 부담에 대한 신중한 접근 필요"", ""post_type"": ""analysis"", ""score"": 17}, {""post_id"": 3089, ""title"": ""[매도] 삼성전자 100주 매도했습니다."", ""post_type"": ""trade_share"", ""score"": 15}, {""post_id"": 3087, ""title"": ""오늘 삼성전자 일부 매도했습니다."", ""post_type"": ""trade_share"", ""score"": 0}]","[{""post_id"": 3090, ""title"": ""삼성전자, 복합적 환경 속에서의 투자 전략 재점검"", ""post_type"": ""analysis"", ""content"": ""오늘 삼성전자 주식이 노사 갈등과 원가 상승의 복합적 요인으로 인해 불안정한 모습을 보였습니다. 반도체 업황이 호조를 보이고 있지만, SK 하이닉스의 임금 경쟁력이 삼성전자에 부담으로 작용할 가능성이 커 보입니다. 이로 인해 제 투자 전략도 다시 한번 점검해볼 필요성을 느꼈습니다. 현재의 리스크 프리미엄을 고려할 때, 안정적인 수익을 추구하는 제게는 신중한 접근이 필수적이라 생각합니다. 여러분은 어떻게 생각하시나요? 이런 상황에서의 투자 전략은 어떤 것이 좋을까요?"", ""reaction"": ""like"", ""author_badges"": [""커뮤니티 인플루언서""], ""author_profile"": null}, {""post_id"": 3094, ""title"": ""삼성전자, 반도체 업황 호조에도 리스크 관리 필요성 느껴져"", ""post_type"": ""analysis"", ""content"": ""안녕하세요, 여러분. 오늘 삼성전자가 반도체 업황의 호조로 내재가치 상승이 기대되지만, 거시 경제의 부정적 요인들(예: 원유가 상승, 물가 인플레이션 등)으로 인해 변동성 관리가 더욱 중요하다고 생각합니다. 저도 오늘 1주 매도하면서 리스크를 줄이려는 결정을 내렸습니다. 안정성을 최우선으로 고려해야 할 때인 것 같아요. 여러분은 어떻게 생각하시나요? 현재 상황에서 추가 매수나 매도가 필요할까요?"", ""reaction"": ""like"", ""author_badges"": [], ""author_profile"": null}, {""post_id"": 3103, ""title"": ""[시장 분석] 삼성전자, 거시 경제 리스크와 밸류에이션 부담에 대한 신중한 접근 필요"", ""post_type"": ""analysis"", ""content"": ""안녕하세요, 여러분. 오늘 삼성전자의 주가는 반도체 업황 호조와 기관 매수에도 불구하고, 거시 경제 리스크와 단기 밸류에이션 부담으로 인해 다소 흔들리는 모습을 보였습니다. 저는 오늘 10주를 매도하며 현금 비중을 높였는데, 이는 외부 경제 요인들이 불확실성을 증가시키고 있기 때문입니다. 특히 원유가 상승과 같은 요소들이 우리 투자에 미치는 영향이 크다고 생각합니다. 앞으로의 변동성을 지켜보며 신중한 투자 결정을 내리는 것이 중요할 것 같습니다. 여러분은 어떻게 생각하시나요?"", ""reaction"": ""like"", ""author_badges"": [], ""author_profile"": null}, {""post_id"": 3099, ""title"": ""삼성전자, 노사 갈등 리스크와 기술적 상승 추세의 딜레마"", ""post_type"": ""analysis"", ""content"": ""안녕하세요, 여러분. 오늘 삼성전자 주식에 대한 제 생각을 공유하고 싶습니다. 현재 기술적 상승 추세는 유지되고 있지만, 노조 파업 위협이 가시화되면서 생산 차질 리스크가 추가된 상황입니다. 5월~6월 예정된 파업 일정에 따라 단기 조정 가능성을 고려해야 할 것 같습니다. 이에 따라 오늘 50주를 매도하고 방어 자금을 확보했습니다. 불확실성이 커지는 만큼, 여러분은 어떻게 대처하고 계신가요? 추가적인 의견이나 정보가 있다면 나눠주세요!"", ""reaction"": ""unlike"", ""author_badges"": [""상위 수익자"", ""자산가""], ""author_profile"": null}, {""post_id"": 3101, ""title"": ""오늘 삼성전자 일부 매도했습니다."", ""post_type"": ""trade_share"", ""content"": ""안녕하세요, 여러분! 오늘 삼성전자 주식 50주를 매도했습니다. 현재 주가가 가치평가 지표상 적정~약간 비싼 구간으로 보이고, 거시경제 리스크도 걱정되는 상황이라 안전마진 확보가 우선이라고 판단했어요. 수익 구간에서 일부 현금을 확보해 두는 게 좋겠다고 생각했습니다. 여러분은 어떤 전략을 세우고 계신가요?"", ""reaction"": ""read"", ""author_badges"": [""커뮤니티 인플루언서""], ""author_profile"": null}]"
chunk_007_2026-04-13_2026-04-17,2026-04-15,6,A011,5,5,,"[{""post_id"": 3094, ""title"": ""삼성전자, 반도체 업황 호조에도 리스크 관리 필요성 느껴져"", ""post_type"": ""analysis"", ""score"": 19}, {""post_id"": 3090, ""title"": ""삼성전자, 복합적 환경 속에서의 투자 전략 재점검"", ""post_type"": ""analysis"", ""score"": 18}, {""post_id"": 3103, ""title"": ""[시장 분석] 삼성전자, 거시 경제 리스크와 밸류에이션 부담에 대한 신중한 접근 필요"", ""post_type"": ""analysis"", ""score"": 17}, {""post_id"": 3089, ""title"": ""[매도] 삼성전자 100주 매도했습니다."", ""post_type"": ""trade_share"", ""score"": 15}, {""post_id"": 3087, ""title"": ""오늘 삼성전자 일부 매도했습니다."", ""post_type"": ""trade_share"", ""score"": 0}]","[{""post_id"": 3089, ""title"": ""[매도] 삼성전자 100주 매도했습니다."", ""post_type"": ""trade_share"", ""content"": ""오늘 삼성전자 100주를 211,000원에 매도했습니다. 단기 과열 징후와 저항선 부근에서 수익 실현을 고려했어요. 반도체 섹터 호조가 계속되길 바라지만, 거시 경제 리스크가 신경 쓰이네요. 여러분은 어떻게 생각하시나요?"", ""reaction"": ""like"", ""author_badges"": [""상위 수익자"", ""자산가""], ""author_profile"": null}, {""post_id"": 3090, ""title"": ""삼성전자, 복합적 환경 속에서의 투자 전략 재점검"", ""post_type"": ""analysis"", ""content"": ""오늘 삼성전자 주식이 노사 갈등과 원가 상승의 복합적 요인으로 인해 불안정한 모습을 보였습니다. 반도체 업황이 호조를 보이고 있지만, SK 하이닉스의 임금 경쟁력이 삼성전자에 부담으로 작용할 가능성이 커 보입니다. 이로 인해 제 투자 전략도 다시 한번 점검해볼 필요성을 느꼈습니다. 현재의 리스크 프리미엄을 고려할 때, 안정적인 수익을 추구하는 제게는 신중한 접근이 필수적이라 생각합니다. 여러분은 어떻게 생각하시나요? 이런 상황에서의 투자 전략은 어떤 것이 좋을까요?"", ""reaction"": ""like"", ""author_badges"": [""커뮤니티 인플루언서""], ""author_profile"": null}, {""post_id"": 3094, ""title"": ""삼성전자, 반도체 업황 호조에도 리스크 관리 필요성 느껴져"", ""post_type"": ""analysis"", ""content"": ""안녕하세요, 여러분. 오늘 삼성전자가 반도체 업황의 호조로 내재가치 상승이 기대되지만, 거시 경제의 부정적 요인들(예: 원유가 상승, 물가 인플레이션 등)으로 인해 변동성 관리가 더욱 중요하다고 생각합니다. 저도 오늘 1주 매도하면서 리스크를 줄이려는 결정을 내렸습니다. 안정성을 최우선으로 고려해야 할 때인 것 같아요. 여러분은 어떻게 생각하시나요? 현재 상황에서 추가 매수나 매도가 필요할까요?"", ""reaction"": ""like"", ""author_badges"": [], ""author_profile"": null}, {""post_id"": 3103, ""title"": ""[시장 분석] 삼성전자, 거시 경제 리스크와 밸류에이션 부담에 대한 신중한 접근 필요"", ""post_type"": ""analysis"", ""content"": ""안녕하세요, 여러분. 오늘 삼성전자의 주가는 반도체 업황 호조와 기관 매수에도 불구하고, 거시 경제 리스크와 단기 밸류에이션 부담으로 인해 다소 흔들리는 모습을 보였습니다. 저는 오늘 10주를 매도하며 현금 비중을 높였는데, 이는 외부 경제 요인들이 불확실성을 증가시키고 있기 때문입니다. 특히 원유가 상승과 같은 요소들이 우리 투자에 미치는 영향이 크다고 생각합니다. 앞으로의 변동성을 지켜보며 신중한 투자 결정을 내리는 것이 중요할 것 같습니다. 여러분은 어떻게 생각하시나요?"", ""reaction"": ""like"", ""author_badges"": [], ""author_profile"": null}, {""post_id"": 3099, ""title"": ""삼성전자, 노사 갈등 리스크와 기술적 상승 추세의 딜레마"", ""post_type"": ""analysis"", ""content"": ""안녕하세요, 여러분. 오늘 삼성전자 주식에 대한 제 생각을 공유하고 싶습니다. 현재 기술적 상승 추세는 유지되고 있지만, 노조 파업 위협이 가시화되면서 생산 차질 리스크가 추가된 상황입니다. 5월~6월 예정된 파업 일정에 따라 단기 조정 가능성을 고려해야 할 것 같습니다. 이에 따라 오늘 50주를 매도하고 방어 자금을 확보했습니다. 불확실성이 커지는 만큼, 여러분은 어떻게 대처하고 계신가요? 추가적인 의견이나 정보가 있다면 나눠주세요!"", ""reaction"": ""unlike"", ""author_badges"": [""상위 수익자"", ""자산가""], ""author_profile"": null}]"
chunk_007_2026-04-13_2026-04-17,2026-04-15,6,A012,5,5,,"[{""post_id"": 3094, ""title"": ""삼성전자, 반도체 업황 호조에도 리스크 관리 필요성 느껴져"", ""post_type"": ""analysis"", ""score"": 19}, {""post_id"": 3090, ""title"": ""삼성전자, 복합적 환경 속에서의 투자 전략 재점검"", ""post_type"": ""analysis"", ""score"": 18}, {""post_id"": 3103, ""title"": ""[시장 분석] 삼성전자, 거시 경제 리스크와 밸류에이션 부담에 대한 신중한 접근 필요"", ""post_type"": ""analysis"", ""score"": 17}, {""post_id"": 3089, ""title"": ""[매도] 삼성전자 100주 매도했습니다."", ""post_type"": ""trade_share"", ""score"": 15}, {""post_id"": 3087, ""title"": ""오늘 삼성전자 일부 매도했습니다."", ""post_type"": ""trade_share"", ""score"": 0}]","[{""post_id"": 3089, ""title"": ""[매도] 삼성전자 100주 매도했습니다."", ""post_type"": ""trade_share"", ""content"": ""오늘 삼성전자 100주를 211,000원에 매도했습니다. 단기 과열 징후와 저항선 부근에서 수익 실현을 고려했어요. 반도체 섹터 호조가 계속되길 바라지만, 거시 경제 리스크가 신경 쓰이네요. 여러분은 어떻게 생각하시나요?"", ""reaction"": ""like"", ""author_badges"": [""상위 수익자"", ""자산가""], ""author_profile"": null}, {""post_id"": 3090, ""title"": ""삼성전자, 복합적 환경 속에서의 투자 전략 재점검"", ""post_type"": ""analysis"", ""content"": ""오늘 삼성전자 주식이 노사 갈등과 원가 상승의 복합적 요인으로 인해 불안정한 모습을 보였습니다. 반도체 업황이 호조를 보이고 있지만, SK 하이닉스의 임금 경쟁력이 삼성전자에 부담으로 작용할 가능성이 커 보입니다. 이로 인해 제 투자 전략도 다시 한번 점검해볼 필요성을 느꼈습니다. 현재의 리스크 프리미엄을 고려할 때, 안정적인 수익을 추구하는 제게는 신중한 접근이 필수적이라 생각합니다. 여러분은 어떻게 생각하시나요? 이런 상황에서의 투자 전략은 어떤 것이 좋을까요?"", ""reaction"": ""like"", ""author_badges"": [""커뮤니티 인플루언서""], ""author_profile"": null}, {""post_id"": 3094, ""title"": ""삼성전자, 반도체 업황 호조에도 리스크 관리 필요성 느껴져"", ""post_type"": ""analysis"", ""content"": ""안녕하세요, 여러분. 오늘 삼성전자가 반도체 업황의 호조로 내재가치 상승이 기대되지만, 거시 경제의 부정적 요인들(예: 원유가 상승, 물가 인플레이션 등)으로 인해 변동성 관리가 더욱 중요하다고 생각합니다. 저도 오늘 1주 매도하면서 리스크를 줄이려는 결정을 내렸습니다. 안정성을 최우선으로 고려해야 할 때인 것 같아요. 여러분은 어떻게 생각하시나요? 현재 상황에서 추가 매수나 매도가 필요할까요?"", ""reaction"": ""like"", ""author_badges"": [], ""author_profile"": null}, {""post_id"": 3103, ""title"": ""[시장 분석] 삼성전자, 거시 경제 리스크와 밸류에이션 부담에 대한 신중한 접근 필요"", ""post_type"": ""analysis"", ""content"": ""안녕하세요, 여러분. 오늘 삼성전자의 주가는 반도체 업황 호조와 기관 매수에도 불구하고, 거시 경제 리스크와 단기 밸류에이션 부담으로 인해 다소 흔들리는 모습을 보였습니다. 저는 오늘 10주를 매도하며 현금 비중을 높였는데, 이는 외부 경제 요인들이 불확실성을 증가시키고 있기 때문입니다. 특히 원유가 상승과 같은 요소들이 우리 투자에 미치는 영향이 크다고 생각합니다. 앞으로의 변동성을 지켜보며 신중한 투자 결정을 내리는 것이 중요할 것 같습니다. 여러분은 어떻게 생각하시나요?"", ""reaction"": ""like"", ""author_badges"": [], ""author_profile"": null}, {""post_id"": 3099, ""title"": ""삼성전자, 노사 갈등 리스크와 기술적 상승 추세의 딜레마"", ""post_type"": ""analysis"", ""content"": ""안녕하세요, 여러분. 오늘 삼성전자 주식에 대한 제 생각을 공유하고 싶습니다. 현재 기술적 상승 추세는 유지되고 있지만, 노조 파업 위협이 가시화되면서 생산 차질 리스크가 추가된 상황입니다. 5월~6월 예정된 파업 일정에 따라 단기 조정 가능성을 고려해야 할 것 같습니다. 이에 따라 오늘 50주를 매도하고 방어 자금을 확보했습니다. 불확실성이 커지는 만큼, 여러분은 어떻게 대처하고 계신가요? 추가적인 의견이나 정보가 있다면 나눠주세요!"", ""reaction"": ""unlike"", ""author_badges"": [""상위 수익자"", ""자산가""], ""author_profile"": null}]"
chunk_007_2026-04-13_2026-04-17,2026-04-15,6,A013,5,5,,"[{""post_id"": 3094, ""title"": ""삼성전자, 반도체 업황 호조에도 리스크 관리 필요성 느껴져"", ""post_type"": ""analysis"", ""score"": 19}, {""post_id"": 3090, ""title"": ""삼성전자, 복합적 환경 속에서의 투자 전략 재점검"", ""post_type"": ""analysis"", ""score"": 18}, {""post_id"": 3103, ""title"": ""[시장 분석] 삼성전자, 거시 경제 리스크와 밸류에이션 부담에 대한 신중한 접근 필요"", ""post_type"": ""analysis"", ""score"": 17}, {""post_id"": 3089, ""title"": ""[매도] 삼성전자 100주 매도했습니다."", ""post_type"": ""trade_share"", ""score"": 15}, {""post_id"": 3087, ""title"": ""오늘 삼성전자 일부 매도했습니다."", ""post_type"": ""trade_share"", ""score"": 0}]","[{""post_id"": 3089, ""title"": ""[매도] 삼성전자 100주 매도했습니다."", ""post_type"": ""trade_share"", ""content"": ""오늘 삼성전자 100주를 211,000원에 매도했습니다. 단기 과열 징후와 저항선 부근에서 수익 실현을 고려했어요. 반도체 섹터 호조가 계속되길 바라지만, 거시 경제 리스크가 신경 쓰이네요. 여러분은 어떻게 생각하시나요?"", ""reaction"": ""like"", ""author_badges"": [""상위 수익자"", ""자산가""], ""author_profile"": null}, {""post_id"": 3093, ""title"": ""거시 리스크를 고려한 삼성전자 상승 전망"", ""post_type"": ""analysis"", ""content"": ""안녕하세요, 여러분! 오늘 삼성전자의 주가가 소폭 상승했는데, 반도체 섹터의 강세 덕분인 것 같습니다. 하지만 원유가 급등하면서 거시 리스크가 우려되는 상황입니다. 저는 오늘 MA5 지지선을 유지하고 중기 상승 추세를 믿고 소량 추가 매수를 했습니다. 다만, 대량 매수는 자제하는 게 좋다고 판단했어요. 앞으로의 변동성이 걱정되긴 하지만, 반도체 섹터가 계속해서 좋은 흐름을 이어가길 바랍니다. 여러분은 어떻게 생각하시나요? 이번 주 시장 전망에 대한 의견을 나누고 싶습니다!"", ""reaction"": ""read"", ""author_badges"": [""커뮤니티 인플루언서""], ""author_profile"": null}, {""post_id"": 3094, ""title"": ""삼성전자, 반도체 업황 호조에도 리스크 관리 필요성 느껴져"", ""post_type"": ""analysis"", ""content"": ""안녕하세요, 여러분. 오늘 삼성전자가 반도체 업황의 호조로 내재가치 상승이 기대되지만, 거시 경제의 부정적 요인들(예: 원유가 상승, 물가 인플레이션 등)으로 인해 변동성 관리가 더욱 중요하다고 생각합니다. 저도 오늘 1주 매도하면서 리스크를 줄이려는 결정을 내렸습니다. 안정성을 최우선으로 고려해야 할 때인 것 같아요. 여러분은 어떻게 생각하시나요? 현재 상황에서 추가 매수나 매도가 필요할까요?"", ""reaction"": ""like"", ""author_badges"": [], ""author_profile"": null}, {""post_id"": 3103, ""title"": ""[시장 분석] 삼성전자, 거시 경제 리스크와 밸류에이션 부담에 대한 신중한 접근 필요"", ""post_type"": ""analysis"", ""content"": ""안녕하세요, 여러분. 오늘 삼성전자의 주가는 반도체 업황 호조와 기관 매수에도 불구하고, 거시 경제 리스크와 단기 밸류에이션 부담으로 인해 다소 흔들리는 모습을 보였습니다. 저는 오늘 10주를 매도하며 현금 비중을 높였는데, 이는 외부 경제 요인들이 불확실성을 증가시키고 있기 때문입니다. 특히 원유가 상승과 같은 요소들이 우리 투자에 미치는 영향이 크다고 생각합니다. 앞으로의 변동성을 지켜보며 신중한 투자 결정을 내리는 것이 중요할 것 같습니다. 여러분은 어떻게 생각하시나요?"", ""reaction"": ""like"", ""author_badges"": [], ""author_profile"": null}, {""post_id"": 3099, ""title"": ""삼성전자, 노사 갈등 리스크와 기술적 상승 추세의 딜레마"", ""post_type"": ""analysis"", ""content"": ""안녕하세요, 여러분. 오늘 삼성전자 주식에 대한 제 생각을 공유하고 싶습니다. 현재 기술적 상승 추세는 유지되고 있지만, 노조 파업 위협이 가시화되면서 생산 차질 리스크가 추가된 상황입니다. 5월~6월 예정된 파업 일정에 따라 단기 조정 가능성을 고려해야 할 것 같습니다. 이에 따라 오늘 50주를 매도하고 방어 자금을 확보했습니다. 불확실성이 커지는 만큼, 여러분은 어떻게 대처하고 계신가요? 추가적인 의견이나 정보가 있다면 나눠주세요!"", ""reaction"": ""unlike"", ""author_badges"": [""상위 수익자"", ""자산가""], ""author_profile"": null}]"
chunk_007_2026-04-13_2026-04-17,2026-04-15,6,A014,5,5,,"[{""post_id"": 3094, ""title"": ""삼성전자, 반도체 업황 호조에도 리스크 관리 필요성 느껴져"", ""post_type"": ""analysis"", ""score"": 19}, {""post_id"": 3090, ""title"": ""삼성전자, 복합적 환경 속에서의 투자 전략 재점검"", ""post_type"": ""analysis"", ""score"": 18}, {""post_id"": 3103, ""title"": ""[시장 분석] 삼성전자, 거시 경제 리스크와 밸류에이션 부담에 대한 신중한 접근 필요"", ""post_type"": ""analysis"", ""score"": 17}, {""post_id"": 3089, ""title"": ""[매도] 삼성전자 100주 매도했습니다."", ""post_type"": ""trade_share"", ""score"": 15}, {""post_id"": 3087, ""title"": ""오늘 삼성전자 일부 매도했습니다."", ""post_type"": ""trade_share"", ""score"": 0}]","[{""post_id"": 3089, ""title"": ""[매도] 삼성전자 100주 매도했습니다."", ""post_type"": ""trade_share"", ""content"": ""오늘 삼성전자 100주를 211,000원에 매도했습니다. 단기 과열 징후와 저항선 부근에서 수익 실현을 고려했어요. 반도체 섹터 호조가 계속되길 바라지만, 거시 경제 리스크가 신경 쓰이네요. 여러분은 어떻게 생각하시나요?"", ""reaction"": ""like"", ""author_badges"": [""상위 수익자"", ""자산가""], ""author_profile"": null}, {""post_id"": 3090, ""title"": ""삼성전자, 복합적 환경 속에서의 투자 전략 재점검"", ""post_type"": ""analysis"", ""content"": ""오늘 삼성전자 주식이 노사 갈등과 원가 상승의 복합적 요인으로 인해 불안정한 모습을 보였습니다. 반도체 업황이 호조를 보이고 있지만, SK 하이닉스의 임금 경쟁력이 삼성전자에 부담으로 작용할 가능성이 커 보입니다. 이로 인해 제 투자 전략도 다시 한번 점검해볼 필요성을 느꼈습니다. 현재의 리스크 프리미엄을 고려할 때, 안정적인 수익을 추구하는 제게는 신중한 접근이 필수적이라 생각합니다. 여러분은 어떻게 생각하시나요? 이런 상황에서의 투자 전략은 어떤 것이 좋을까요?"", ""reaction"": ""like"", ""author_badges"": [""커뮤니티 인플루언서""], ""author_profile"": null}, {""post_id"": 3094, ""title"": ""삼성전자, 반도체 업황 호조에도 리스크 관리 필요성 느껴져"", ""post_type"": ""analysis"", ""content"": ""안녕하세요, 여러분. 오늘 삼성전자가 반도체 업황의 호조로 내재가치 상승이 기대되지만, 거시 경제의 부정적 요인들(예: 원유가 상승, 물가 인플레이션 등)으로 인해 변동성 관리가 더욱 중요하다고 생각합니다. 저도 오늘 1주 매도하면서 리스크를 줄이려는 결정을 내렸습니다. 안정성을 최우선으로 고려해야 할 때인 것 같아요. 여러분은 어떻게 생각하시나요? 현재 상황에서 추가 매수나 매도가 필요할까요?"", ""reaction"": ""like"", ""author_badges"": [], ""author_profile"": null}, {""post_id"": 3103, ""title"": ""[시장 분석] 삼성전자, 거시 경제 리스크와 밸류에이션 부담에 대한 신중한 접근 필요"", ""post_type"": ""analysis"", ""content"": ""안녕하세요, 여러분. 오늘 삼성전자의 주가는 반도체 업황 호조와 기관 매수에도 불구하고, 거시 경제 리스크와 단기 밸류에이션 부담으로 인해 다소 흔들리는 모습을 보였습니다. 저는 오늘 10주를 매도하며 현금 비중을 높였는데, 이는 외부 경제 요인들이 불확실성을 증가시키고 있기 때문입니다. 특히 원유가 상승과 같은 요소들이 우리 투자에 미치는 영향이 크다고 생각합니다. 앞으로의 변동성을 지켜보며 신중한 투자 결정을 내리는 것이 중요할 것 같습니다. 여러분은 어떻게 생각하시나요?"", ""reaction"": ""like"", ""author_badges"": [], ""author_profile"": null}, {""post_id"": 3099, ""title"": ""삼성전자, 노사 갈등 리스크와 기술적 상승 추세의 딜레마"", ""post_type"": ""analysis"", ""content"": ""안녕하세요, 여러분. 오늘 삼성전자 주식에 대한 제 생각을 공유하고 싶습니다. 현재 기술적 상승 추세는 유지되고 있지만, 노조 파업 위협이 가시화되면서 생산 차질 리스크가 추가된 상황입니다. 5월~6월 예정된 파업 일정에 따라 단기 조정 가능성을 고려해야 할 것 같습니다. 이에 따라 오늘 50주를 매도하고 방어 자금을 확보했습니다. 불확실성이 커지는 만큼, 여러분은 어떻게 대처하고 계신가요? 추가적인 의견이나 정보가 있다면 나눠주세요!"", ""reaction"": ""unlike"", ""author_badges"": [""상위 수익자"", ""자산가""], ""author_profile"": null}]"
chunk_007_2026-04-13_2026-04-17,2026-04-15,6,A015,5,5,,"[{""post_id"": 3094, ""title"": ""삼성전자, 반도체 업황 호조에도 리스크 관리 필요성 느껴져"", ""post_type"": ""analysis"", ""score"": 19}, {""post_id"": 3090, ""title"": ""삼성전자, 복합적 환경 속에서의 투자 전략 재점검"", ""post_type"": ""analysis"", ""score"": 18}, {""post_id"": 3103, ""title"": ""[시장 분석] 삼성전자, 거시 경제 리스크와 밸류에이션 부담에 대한 신중한 접근 필요"", ""post_type"": ""analysis"", ""score"": 17}, {""post_id"": 3089, ""title"": ""[매도] 삼성전자 100주 매도했습니다."", ""post_type"": ""trade_share"", ""score"": 15}, {""post_id"": 3087, ""title"": ""오늘 삼성전자 일부 매도했습니다."", ""post_type"": ""trade_share"", ""score"": 0}]","[{""post_id"": 3089, ""title"": ""[매도] 삼성전자 100주 매도했습니다."", ""post_type"": ""trade_share"", ""content"": ""오늘 삼성전자 100주를 211,000원에 매도했습니다. 단기 과열 징후와 저항선 부근에서 수익 실현을 고려했어요. 반도체 섹터 호조가 계속되길 바라지만, 거시 경제 리스크가 신경 쓰이네요. 여러분은 어떻게 생각하시나요?"", ""reaction"": ""like"", ""author_badges"": [""상위 수익자"", ""자산가""], ""author_profile"": {""portfolio_summary"": {""state_id"": ""ps_A006_t006"", ""agent_id"": ""A006"", ""turn"": 6, ""date"": ""2026-04-15"", ""cash"": 93359100.0, ""positions"": ""[{\""stock_code\"": \""005930\"", \""quantity\"": 55, \""avg_cost\"": 200115.42288557213, \""current_price\"": 211000.0, \""unrealized_pnl\"": 598651.7412935328, \""unrealized_pnl_rate\"": 0.05439149545535914}]"", ""total_value"": 104964100.0, ""realized_pnl"": 4365448.258706471, ""total_return_rate"": 0.049641, ""updated_at"": ""2026-07-16 10:18:50""}, ""recent_trades"": [{""turn"": 10, ""date"": ""2026-04-10"", ""action"": ""buy"", ""stock_code"": ""005930"", ""quantity"": 50, ""executed_price"": 206000.0, ""trade_value"": 10300000.0, ""status"": ""filled"", ""filled_quantity"": 50, ""action_reason"": ""실적 호조와 저평가 인식, 평균 매수 단가 하회로 처분효과에 따른 매수, 외국인 매수세 지속.""}, {""turn"": 9, ""date"": ""2026-04-10"", ""action"": ""buy"", ""stock_code"": ""005930"", ""quantity"": 50, ""executed_price"": 208500.0, ""trade_value"": 10425000.0, ""status"": ""filled"", ""filled_quantity"": 50, ""action_reason"": ""HBM 호재와 기술적 지지선 유지로 단기 반등 기대. 포트폴리오 손실 구간이므로 처분효과에 따라 추가 매수. 수익 시 너무 빨리 팔지 않고 추세 관찰 필요.""}, {""turn"": 8, ""date"": ""2026-04-09"", ""action"": ""buy"", ""stock_code"": ""005930"", ""quantity"": 50, ""executed_price"": 204000.0, ""trade_value"": 10200000.0, ""status"": ""filled"", ""filled_quantity"": 50, ""action_reason"": ""현재가 MA5 지지선 부근에서 기술적 반등 가능성 확인. 손실 상태이므로 아베리징 욕구 있으나, 실적 하향 뉴스 리스크로 인해 수량을 제한적으로 매수합니다.""}]}}, {""post_id"": 3090, ""title"": ""삼성전자, 복합적 환경 속에서의 투자 전략 재점검"", ""post_type"": ""analysis"", ""content"": ""오늘 삼성전자 주식이 노사 갈등과 원가 상승의 복합적 요인으로 인해 불안정한 모습을 보였습니다. 반도체 업황이 호조를 보이고 있지만, SK 하이닉스의 임금 경쟁력이 삼성전자에 부담으로 작용할 가능성이 커 보입니다. 이로 인해 제 투자 전략도 다시 한번 점검해볼 필요성을 느꼈습니다. 현재의 리스크 프리미엄을 고려할 때, 안정적인 수익을 추구하는 제게는 신중한 접근이 필수적이라 생각합니다. 여러분은 어떻게 생각하시나요? 이런 상황에서의 투자 전략은 어떤 것이 좋을까요?"", ""reaction"": ""like"", ""author_badges"": [""커뮤니티 인플루언서""], ""author_profile"": {""portfolio_summary"": {""state_id"": ""ps_A007_t006"", ""agent_id"": ""A007"", ""turn"": 6, ""date"": ""2026-04-15"", ""cash"": 45040000.0, ""positions"": ""[{\""stock_code\"": \""005930\"", \""quantity\"": 280, \""avg_cost\"": 200684.2105263158, \""current_price\"": 211000.0, \""unrealized_pnl\"": 2888421.05263158, \""unrealized_pnl_rate\"": 0.05140309467610807}]"", ""total_value"": 104120000.0, ""realized_pnl"": 1231578.9473684214, ""total_return_rate"": 0.0412, ""updated_at"": ""2026-07-16 10:18:50""}, ""recent_trades"": [{""turn"": 10, ""date"": ""2026-04-10"", ""action"": ""buy"", ""stock_code"": ""005930"", ""quantity"": 100, ""executed_price"": 206000.0, ""trade_value"": 20600000.0, ""status"": ""filled"", ""filled_quantity"": 100, ""action_reason"": ""밸류에이션 기준 전환 (PBR → PER/SOTP) 으로 저평가 구간 진입 확인. AI 구조적 성장 반영 시 내재가치 상향. 현금 비중이 높아 (약 90%) 추가 매수를 통해 중기 상승 모멘텀에 참여.""}, {""turn"": 9, ""date"": ""2026-04-10"", ""action"": ""sell"", ""stock_code"": ""005930"", ""quantity"": 20, ""executed_price"": 208500.0, ""trade_value"": 4170000.0, ""status"": ""filled"", ""filled_quantity"": 20, ""action_reason"": ""단기 급등 (2.2%) 및 거시경제 지표 (GDP 하향, 금리) 부진으로 인한 변동성 우려가 존재하며, 가치투자 관점에서 현재 수익 구간 (4.3%) 에서 일부 수익 실현 매도를 결정합니다.""}, {""turn"": 8, ""date"": ""2026-04-09"", ""action"": ""sell"", ""stock_code"": ""005930"", ""quantity"": 20, ""executed_price"": 204000.0, ""trade_value"": 4080000.0, ""status"": ""filled"", ""filled_quantity"": 20, ""action_reason"": ""현재 주가 (20 만 4 천 원) 가 내재가치 대비 적정~약간 고평가 구간이며, 2 분기 출하량 하향설로 단기 불확실성이 존재합니다. 가치 투자 관점에서 18 만 원대 매수 기회를 노리기 위해 일부 수익 실현을 통해 단일 종목 집중 리스크를 관리합니다.""}]}}, {""post_id"": 3094, ""title"": ""삼성전자, 반도체 업황 호조에도 리스크 관리 필요성 느껴져"", ""post_type"": ""analysis"", ""content"": ""안녕하세요, 여러분. 오늘 삼성전자가 반도체 업황의 호조로 내재가치 상승이 기대되지만, 거시 경제의 부정적 요인들(예: 원유가 상승, 물가 인플레이션 등)으로 인해 변동성 관리가 더욱 중요하다고 생각합니다. 저도 오늘 1주 매도하면서 리스크를 줄이려는 결정을 내렸습니다. 안정성을 최우선으로 고려해야 할 때인 것 같아요. 여러분은 어떻게 생각하시나요? 현재 상황에서 추가 매수나 매도가 필요할까요?"", ""reaction"": ""like"", ""author_badges"": [], ""author_profile"": {""portfolio_summary"": {""state_id"": ""ps_A001_t006"", ""agent_id"": ""A001"", ""turn"": 6, ""date"": ""2026-04-15"", ""cash"": 14166000.0, ""positions"": ""[{\""stock_code\"": \""005930\"", \""quantity\"": 423, \""avg_cost\"": 202936.320754717, \""current_price\"": 211000.0, \""unrealized_pnl\"": 3410936.3207547143, \""unrealized_pnl_rate\"": 0.03973502237201461}]"", ""total_value"": 103419000.0, ""realized_pnl"": 8063.679245283012, ""total_return_rate"": 0.03419, ""updated_at"": ""2026-07-16 10:18:50""}, ""recent_trades"": [{""turn"": 10, ""date"": ""2026-04-10"", ""action"": ""buy"", ""stock_code"": ""005930"", ""quantity"": 100, ""executed_price"": 206000.0, ""trade_value"": 20600000.0, ""status"": ""filled"", ""filled_quantity"": 100, ""action_reason"": ""실적 호조와 AI 밸류에이션 재평가로 저평가 구간이 명확해 내재가치 상승 여력을 믿고 추가 매수합니다.""}, {""turn"": 9, ""date"": ""2026-04-10"", ""action"": ""buy"", ""stock_code"": ""005930"", ""quantity"": 100, ""executed_price"": 208500.0, ""trade_value"": 20850000.0, ""status"": ""filled"", ""filled_quantity"": 100, ""action_reason"": ""HBM 및 우주 반도체 호재로 장기 성장성이 재확인되었으며, 현재 주가는 내재가치 대비 적정 수준입니다. 현금 비중이 충분하여 단기 변동성에도 대응 가능한 범위에서 추가 매수합니다.""}, {""turn"": 8, ""date"": ""2026-04-09"", ""action"": ""buy"", ""stock_code"": ""005930"", ""quantity"": 50, ""executed_price"": 204000.0, ""trade_value"": 10200000.0, ""status"": ""filled"", ""filled_quantity"": 50, ""action_reason"": ""20 만 원대 지지선 확인 및 초고수 매수 신호로 가치 투자 관점에서 매수. 실적 하향 우려 있으나 현금 비중이 높아 리스크 관리 가능.""}]}}, {""post_id"": 3103, ""title"": ""[시장 분석] 삼성전자, 거시 경제 리스크와 밸류에이션 부담에 대한 신중한 접근 필요"", ""post_type"": ""analysis"", ""content"": ""안녕하세요, 여러분. 오늘 삼성전자의 주가는 반도체 업황 호조와 기관 매수에도 불구하고, 거시 경제 리스크와 단기 밸류에이션 부담으로 인해 다소 흔들리는 모습을 보였습니다. 저는 오늘 10주를 매도하며 현금 비중을 높였는데, 이는 외부 경제 요인들이 불확실성을 증가시키고 있기 때문입니다. 특히 원유가 상승과 같은 요소들이 우리 투자에 미치는 영향이 크다고 생각합니다. 앞으로의 변동성을 지켜보며 신중한 투자 결정을 내리는 것이 중요할 것 같습니다. 여러분은 어떻게 생각하시나요?"", ""reaction"": ""like"", ""author_badges"": [], ""author_profile"": {""portfolio_summary"": {""state_id"": ""ps_A022_t006"", ""agent_id"": ""A022"", ""turn"": 6, ""date"": ""2026-04-15"", ""cash"": 11253600.0, ""positions"": ""[{\""stock_code\"": \""005930\"", \""quantity\"": 442, \""avg_cost\"": 201009.73451327434, \""current_price\"": 211000.0, \""unrealized_pnl\"": 4415697.345132744, \""unrealized_pnl_rate\"": 0.04970040635552367}]"", ""total_value"": 104515600.0, ""realized_pnl"": 99902.65486725664, ""total_return_rate"": 0.045156, ""updated_at"": ""2026-07-16 10:18:50""}, ""recent_trades"": [{""turn"": 10, ""date"": ""2026-04-10"", ""action"": ""buy"", ""stock_code"": ""005930"", ""quantity"": 40, ""executed_price"": 206000.0, ""trade_value"": 8240000.0, ""status"": ""filled"", ""filled_quantity"": 40, ""action_reason"": ""실적 호조와 밸류에이션 재평가 (PER/SOTP) 로 저평가 논리가 강화됨. AI 성장 동력이 장기 우상향을 지지하며, 현재 주가는 내재가치 대비 매력적 진입 구간으로 판단.""}, {""turn"": 9, ""date"": ""2026-04-10"", ""action"": ""buy"", ""stock_code"": ""005930"", ""quantity"": 100, ""executed_price"": 208500.0, ""trade_value"": 20850000.0, ""status"": ""filled"", ""filled_quantity"": 100, ""action_reason"": ""HBM 및 우주 반도체 호재로 내재가치 대비 저평가 구간이며, 20 만 원 지지선이 확고하여 추가 매수 기회로 판단. 수익 구간에서 평균 단가 하향 및 장기 포트폴리오 강화 목적.""}, {""turn"": 8, ""date"": ""2026-04-09"", ""action"": ""buy"", ""stock_code"": ""005930"", ""quantity"": 50, ""executed_price"": 204000.0, ""trade_value"": 10200000.0, ""status"": ""filled"", ""filled_quantity"": 50, ""action_reason"": ""20 만 원 선 지지 확인 및 내재가치 투자 관점에서 저평가 구간 매수 기회로 판단. 최근 단기 손실 발생으로 신중한 접근 필요.""}]}}, {""post_id"": 3099, ""title"": ""삼성전자, 노사 갈등 리스크와 기술적 상승 추세의 딜레마"", ""post_type"": ""analysis"", ""content"": ""안녕하세요, 여러분. 오늘 삼성전자 주식에 대한 제 생각을 공유하고 싶습니다. 현재 기술적 상승 추세는 유지되고 있지만, 노조 파업 위협이 가시화되면서 생산 차질 리스크가 추가된 상황입니다. 5월~6월 예정된 파업 일정에 따라 단기 조정 가능성을 고려해야 할 것 같습니다. 이에 따라 오늘 50주를 매도하고 방어 자금을 확보했습니다. 불확실성이 커지는 만큼, 여러분은 어떻게 대처하고 계신가요? 추가적인 의견이나 정보가 있다면 나눠주세요!"", ""reaction"": ""unlike"", ""author_badges"": [""상위 수익자"", ""자산가""], ""author_profile"": {""portfolio_summary"": {""state_id"": ""ps_A017_t006"", ""agent_id"": ""A017"", ""turn"": 6, ""date"": ""2026-04-15"", ""cash"": 19701000.0, ""positions"": ""[{\""stock_code\"": \""005930\"", \""quantity\"": 402, \""avg_cost\"": 201974.1887905605, \""current_price\"": 211000.0, \""unrealized_pnl\"": 3628376.1061946806, \""unrealized_pnl_rate\"": 0.04468794385800912}]"", ""total_value"": 104523000.0, ""realized_pnl"": 894623.893805308, ""total_return_rate"": 0.04523, ""updated_at"": ""2026-07-16 10:18:50""}, ""recent_trades"": [{""turn"": 10, ""date"": ""2026-04-10"", ""action"": ""buy"", ""stock_code"": ""005930"", ""quantity"": 50, ""executed_price"": 206000.0, ""trade_value"": 10300000.0, ""status"": ""filled"", ""filled_quantity"": 50, ""action_reason"": ""실적 호조와 밸류에이션 재평가 (PBR→PER) 로 장기 성장 자산 매수 관점이 강화됨. 현재 공시가 (206,000 원) 는 MA5 지지선 (202,020 원) 부근으로 단기 조정 시 매수 기회로 판단. 현금 비중 22% 로 여유 자금 활용.""}, {""turn"": 9, ""date"": ""2026-04-10"", ""action"": ""buy"", ""stock_code"": ""005930"", ""quantity"": 60, ""executed_price"": 208500.0, ""trade_value"": 12510000.0, ""status"": ""filled"", ""filled_quantity"": 60, ""action_reason"": ""HBM 리더십과 기술적 지표가 매수 신호를 주며, 현재 주가는 저평가 구간으로 판단됩니다. 현금 비중이 높아 추가 매수로 수익률 개선을 노립니다.""}, {""turn"": 8, ""date"": ""2026-04-09"", ""action"": ""sell"", ""stock_code"": ""005930"", ""quantity"": 50, ""executed_price"": 204000.0, ""trade_value"": 10200000.0, ""status"": ""filled"", ""filled_quantity"": 50, ""action_reason"": ""2 분기 출하량 하향 악재 (15%) 와 21 만 원 저항선 부근의 매도세로 단기 펀더멘털 불확실성이 높습니다. 기술적 지지선은 유지되나 '신중한 관망' 관점에 따라 리스크 관리를 위해 일부 매도합니다. 현금 비중이 낮아 매도 시 현금 유동성을 확보하고 단일 종목 집중 리스크를 완화합니다.""}]}}]"
chunk_007_2026-04-13_2026-04-17,2026-04-15,6,A017,5,5,,"[{""post_id"": 3094, ""title"": ""삼성전자, 반도체 업황 호조에도 리스크 관리 필요성 느껴져"", ""post_type"": ""analysis"", ""score"": 19}, {""post_id"": 3090, ""title"": ""삼성전자, 복합적 환경 속에서의 투자 전략 재점검"", ""post_type"": ""analysis"", ""score"": 18}, {""post_id"": 3103, ""title"": ""[시장 분석] 삼성전자, 거시 경제 리스크와 밸류에이션 부담에 대한 신중한 접근 필요"", ""post_type"": ""analysis"", ""score"": 17}, {""post_id"": 3089, ""title"": ""[매도] 삼성전자 100주 매도했습니다."", ""post_type"": ""trade_share"", ""score"": 15}, {""post_id"": 3087, ""title"": ""오늘 삼성전자 일부 매도했습니다."", ""post_type"": ""trade_share"", ""score"": 0}]","[{""post_id"": 3089, ""title"": ""[매도] 삼성전자 100주 매도했습니다."", ""post_type"": ""trade_share"", ""content"": ""오늘 삼성전자 100주를 211,000원에 매도했습니다. 단기 과열 징후와 저항선 부근에서 수익 실현을 고려했어요. 반도체 섹터 호조가 계속되길 바라지만, 거시 경제 리스크가 신경 쓰이네요. 여러분은 어떻게 생각하시나요?"", ""reaction"": ""like"", ""author_badges"": [""상위 수익자"", ""자산가""], ""author_profile"": {""portfolio_summary"": {""state_id"": ""ps_A006_t006"", ""agent_id"": ""A006"", ""turn"": 6, ""date"": ""2026-04-15"", ""cash"": 93359100.0, ""positions"": ""[{\""stock_code\"": \""005930\"", \""quantity\"": 55, \""avg_cost\"": 200115.42288557213, \""current_price\"": 211000.0, \""unrealized_pnl\"": 598651.7412935328, \""unrealized_pnl_rate\"": 0.05439149545535914}]"", ""total_value"": 104964100.0, ""realized_pnl"": 4365448.258706471, ""total_return_rate"": 0.049641, ""updated_at"": ""2026-07-16 10:18:50""}, ""recent_trades"": [{""turn"": 10, ""date"": ""2026-04-10"", ""action"": ""buy"", ""stock_code"": ""005930"", ""quantity"": 50, ""executed_price"": 206000.0, ""trade_value"": 10300000.0, ""status"": ""filled"", ""filled_quantity"": 50, ""action_reason"": ""실적 호조와 저평가 인식, 평균 매수 단가 하회로 처분효과에 따른 매수, 외국인 매수세 지속.""}, {""turn"": 9, ""date"": ""2026-04-10"", ""action"": ""buy"", ""stock_code"": ""005930"", ""quantity"": 50, ""executed_price"": 208500.0, ""trade_value"": 10425000.0, ""status"": ""filled"", ""filled_quantity"": 50, ""action_reason"": ""HBM 호재와 기술적 지지선 유지로 단기 반등 기대. 포트폴리오 손실 구간이므로 처분효과에 따라 추가 매수. 수익 시 너무 빨리 팔지 않고 추세 관찰 필요.""}, {""turn"": 8, ""date"": ""2026-04-09"", ""action"": ""buy"", ""stock_code"": ""005930"", ""quantity"": 50, ""executed_price"": 204000.0, ""trade_value"": 10200000.0, ""status"": ""filled"", ""filled_quantity"": 50, ""action_reason"": ""현재가 MA5 지지선 부근에서 기술적 반등 가능성 확인. 손실 상태이므로 아베리징 욕구 있으나, 실적 하향 뉴스 리스크로 인해 수량을 제한적으로 매수합니다.""}]}}, {""post_id"": 3090, ""title"": ""삼성전자, 복합적 환경 속에서의 투자 전략 재점검"", ""post_type"": ""analysis"", ""content"": ""오늘 삼성전자 주식이 노사 갈등과 원가 상승의 복합적 요인으로 인해 불안정한 모습을 보였습니다. 반도체 업황이 호조를 보이고 있지만, SK 하이닉스의 임금 경쟁력이 삼성전자에 부담으로 작용할 가능성이 커 보입니다. 이로 인해 제 투자 전략도 다시 한번 점검해볼 필요성을 느꼈습니다. 현재의 리스크 프리미엄을 고려할 때, 안정적인 수익을 추구하는 제게는 신중한 접근이 필수적이라 생각합니다. 여러분은 어떻게 생각하시나요? 이런 상황에서의 투자 전략은 어떤 것이 좋을까요?"", ""reaction"": ""like"", ""author_badges"": [""커뮤니티 인플루언서""], ""author_profile"": {""portfolio_summary"": {""state_id"": ""ps_A007_t006"", ""agent_id"": ""A007"", ""turn"": 6, ""date"": ""2026-04-15"", ""cash"": 45040000.0, ""positions"": ""[{\""stock_code\"": \""005930\"", \""quantity\"": 280, \""avg_cost\"": 200684.2105263158, \""current_price\"": 211000.0, \""unrealized_pnl\"": 2888421.05263158, \""unrealized_pnl_rate\"": 0.05140309467610807}]"", ""total_value"": 104120000.0, ""realized_pnl"": 1231578.9473684214, ""total_return_rate"": 0.0412, ""updated_at"": ""2026-07-16 10:18:50""}, ""recent_trades"": [{""turn"": 10, ""date"": ""2026-04-10"", ""action"": ""buy"", ""stock_code"": ""005930"", ""quantity"": 100, ""executed_price"": 206000.0, ""trade_value"": 20600000.0, ""status"": ""filled"", ""filled_quantity"": 100, ""action_reason"": ""밸류에이션 기준 전환 (PBR → PER/SOTP) 으로 저평가 구간 진입 확인. AI 구조적 성장 반영 시 내재가치 상향. 현금 비중이 높아 (약 90%) 추가 매수를 통해 중기 상승 모멘텀에 참여.""}, {""turn"": 9, ""date"": ""2026-04-10"", ""action"": ""sell"", ""stock_code"": ""005930"", ""quantity"": 20, ""executed_price"": 208500.0, ""trade_value"": 4170000.0, ""status"": ""filled"", ""filled_quantity"": 20, ""action_reason"": ""단기 급등 (2.2%) 및 거시경제 지표 (GDP 하향, 금리) 부진으로 인한 변동성 우려가 존재하며, 가치투자 관점에서 현재 수익 구간 (4.3%) 에서 일부 수익 실현 매도를 결정합니다.""}, {""turn"": 8, ""date"": ""2026-04-09"", ""action"": ""sell"", ""stock_code"": ""005930"", ""quantity"": 20, ""executed_price"": 204000.0, ""trade_value"": 4080000.0, ""status"": ""filled"", ""filled_quantity"": 20, ""action_reason"": ""현재 주가 (20 만 4 천 원) 가 내재가치 대비 적정~약간 고평가 구간이며, 2 분기 출하량 하향설로 단기 불확실성이 존재합니다. 가치 투자 관점에서 18 만 원대 매수 기회를 노리기 위해 일부 수익 실현을 통해 단일 종목 집중 리스크를 관리합니다.""}]}}, {""post_id"": 3094, ""title"": ""삼성전자, 반도체 업황 호조에도 리스크 관리 필요성 느껴져"", ""post_type"": ""analysis"", ""content"": ""안녕하세요, 여러분. 오늘 삼성전자가 반도체 업황의 호조로 내재가치 상승이 기대되지만, 거시 경제의 부정적 요인들(예: 원유가 상승, 물가 인플레이션 등)으로 인해 변동성 관리가 더욱 중요하다고 생각합니다. 저도 오늘 1주 매도하면서 리스크를 줄이려는 결정을 내렸습니다. 안정성을 최우선으로 고려해야 할 때인 것 같아요. 여러분은 어떻게 생각하시나요? 현재 상황에서 추가 매수나 매도가 필요할까요?"", ""reaction"": ""like"", ""author_badges"": [], ""author_profile"": {""portfolio_summary"": {""state_id"": ""ps_A001_t006"", ""agent_id"": ""A001"", ""turn"": 6, ""date"": ""2026-04-15"", ""cash"": 14166000.0, ""positions"": ""[{\""stock_code\"": \""005930\"", \""quantity\"": 423, \""avg_cost\"": 202936.320754717, \""current_price\"": 211000.0, \""unrealized_pnl\"": 3410936.3207547143, \""unrealized_pnl_rate\"": 0.03973502237201461}]"", ""total_value"": 103419000.0, ""realized_pnl"": 8063.679245283012, ""total_return_rate"": 0.03419, ""updated_at"": ""2026-07-16 10:18:50""}, ""recent_trades"": [{""turn"": 10, ""date"": ""2026-04-10"", ""action"": ""buy"", ""stock_code"": ""005930"", ""quantity"": 100, ""executed_price"": 206000.0, ""trade_value"": 20600000.0, ""status"": ""filled"", ""filled_quantity"": 100, ""action_reason"": ""실적 호조와 AI 밸류에이션 재평가로 저평가 구간이 명확해 내재가치 상승 여력을 믿고 추가 매수합니다.""}, {""turn"": 9, ""date"": ""2026-04-10"", ""action"": ""buy"", ""stock_code"": ""005930"", ""quantity"": 100, ""executed_price"": 208500.0, ""trade_value"": 20850000.0, ""status"": ""filled"", ""filled_quantity"": 100, ""action_reason"": ""HBM 및 우주 반도체 호재로 장기 성장성이 재확인되었으며, 현재 주가는 내재가치 대비 적정 수준입니다. 현금 비중이 충분하여 단기 변동성에도 대응 가능한 범위에서 추가 매수합니다.""}, {""turn"": 8, ""date"": ""2026-04-09"", ""action"": ""buy"", ""stock_code"": ""005930"", ""quantity"": 50, ""executed_price"": 204000.0, ""trade_value"": 10200000.0, ""status"": ""filled"", ""filled_quantity"": 50, ""action_reason"": ""20 만 원대 지지선 확인 및 초고수 매수 신호로 가치 투자 관점에서 매수. 실적 하향 우려 있으나 현금 비중이 높아 리스크 관리 가능.""}]}}, {""post_id"": 3103, ""title"": ""[시장 분석] 삼성전자, 거시 경제 리스크와 밸류에이션 부담에 대한 신중한 접근 필요"", ""post_type"": ""analysis"", ""content"": ""안녕하세요, 여러분. 오늘 삼성전자의 주가는 반도체 업황 호조와 기관 매수에도 불구하고, 거시 경제 리스크와 단기 밸류에이션 부담으로 인해 다소 흔들리는 모습을 보였습니다. 저는 오늘 10주를 매도하며 현금 비중을 높였는데, 이는 외부 경제 요인들이 불확실성을 증가시키고 있기 때문입니다. 특히 원유가 상승과 같은 요소들이 우리 투자에 미치는 영향이 크다고 생각합니다. 앞으로의 변동성을 지켜보며 신중한 투자 결정을 내리는 것이 중요할 것 같습니다. 여러분은 어떻게 생각하시나요?"", ""reaction"": ""like"", ""author_badges"": [], ""author_profile"": {""portfolio_summary"": {""state_id"": ""ps_A022_t006"", ""agent_id"": ""A022"", ""turn"": 6, ""date"": ""2026-04-15"", ""cash"": 11253600.0, ""positions"": ""[{\""stock_code\"": \""005930\"", \""quantity\"": 442, \""avg_cost\"": 201009.73451327434, \""current_price\"": 211000.0, \""unrealized_pnl\"": 4415697.345132744, \""unrealized_pnl_rate\"": 0.04970040635552367}]"", ""total_value"": 104515600.0, ""realized_pnl"": 99902.65486725664, ""total_return_rate"": 0.045156, ""updated_at"": ""2026-07-16 10:18:50""}, ""recent_trades"": [{""turn"": 10, ""date"": ""2026-04-10"", ""action"": ""buy"", ""stock_code"": ""005930"", ""quantity"": 40, ""executed_price"": 206000.0, ""trade_value"": 8240000.0, ""status"": ""filled"", ""filled_quantity"": 40, ""action_reason"": ""실적 호조와 밸류에이션 재평가 (PER/SOTP) 로 저평가 논리가 강화됨. AI 성장 동력이 장기 우상향을 지지하며, 현재 주가는 내재가치 대비 매력적 진입 구간으로 판단.""}, {""turn"": 9, ""date"": ""2026-04-10"", ""action"": ""buy"", ""stock_code"": ""005930"", ""quantity"": 100, ""executed_price"": 208500.0, ""trade_value"": 20850000.0, ""status"": ""filled"", ""filled_quantity"": 100, ""action_reason"": ""HBM 및 우주 반도체 호재로 내재가치 대비 저평가 구간이며, 20 만 원 지지선이 확고하여 추가 매수 기회로 판단. 수익 구간에서 평균 단가 하향 및 장기 포트폴리오 강화 목적.""}, {""turn"": 8, ""date"": ""2026-04-09"", ""action"": ""buy"", ""stock_code"": ""005930"", ""quantity"": 50, ""executed_price"": 204000.0, ""trade_value"": 10200000.0, ""status"": ""filled"", ""filled_quantity"": 50, ""action_reason"": ""20 만 원 선 지지 확인 및 내재가치 투자 관점에서 저평가 구간 매수 기회로 판단. 최근 단기 손실 발생으로 신중한 접근 필요.""}]}}, {""post_id"": 3101, ""title"": ""오늘 삼성전자 일부 매도했습니다."", ""post_type"": ""trade_share"", ""content"": ""안녕하세요, 여러분! 오늘 삼성전자 주식 50주를 매도했습니다. 현재 주가가 가치평가 지표상 적정~약간 비싼 구간으로 보이고, 거시경제 리스크도 걱정되는 상황이라 안전마진 확보가 우선이라고 판단했어요. 수익 구간에서 일부 현금을 확보해 두는 게 좋겠다고 생각했습니다. 여러분은 어떤 전략을 세우고 계신가요?"", ""reaction"": ""read"", ""author_badges"": [""커뮤니티 인플루언서""], ""author_profile"": {""portfolio_summary"": {""state_id"": ""ps_A015_t006"", ""agent_id"": ""A015"", ""turn"": 6, ""date"": ""2026-04-15"", ""cash"": 52375000.0, ""positions"": ""[{\""stock_code\"": \""005930\"", \""quantity\"": 240, \""avg_cost\"": 203265.625, \""current_price\"": 211000.0, \""unrealized_pnl\"": 1856250.0, \""unrealized_pnl_rate\"": 0.03805058036743793}]"", ""total_value"": 103015000.0, ""realized_pnl"": 1158750.0, ""total_return_rate"": 0.03015, ""updated_at"": ""2026-07-16 10:18:50""}, ""recent_trades"": [{""turn"": 10, ""date"": ""2026-04-10"", ""action"": ""buy"", ""stock_code"": ""005930"", ""quantity"": 34, ""executed_price"": 206000.0, ""trade_value"": 7004000.0, ""status"": ""filled"", ""filled_quantity"": 34, ""action_reason"": ""현재 주가 (206,000 원) 가 평균 매수가 (210,085 원) 보다 낮아 안전마진 확보 및 평균 단가 하향 기회로 판단. AI 반도체 사이클과 실적 호조 등 호재가 내재가치 상승을 지지하므로 가치 투자 관점에서 매수.""}, {""turn"": 9, ""date"": ""2026-04-10"", ""action"": ""buy"", ""stock_code"": ""005930"", ""quantity"": 10, ""executed_price"": 208500.0, ""trade_value"": 2085000.0, ""status"": ""filled"", ""filled_quantity"": 10, ""action_reason"": ""HBM 기술 우위와 방어적 성향에 대한 장기 신념 유지. 현재 주가가 평균 매수 단가 대비 소폭 하회하여 비용 평균화 기회로 판단. 기술적 지지선 확보로 단기 변동성 관리 가능.""}, {""turn"": 8, ""date"": ""2026-04-09"", ""action"": ""buy"", ""stock_code"": ""005930"", ""quantity"": 50, ""executed_price"": 204000.0, ""trade_value"": 10200000.0, ""status"": ""filled"", ""filled_quantity"": 50, ""action_reason"": ""단기 실적 악재로 주가가 하락했으나, 내재가치 대비 저평가 구간이며 초고수 매수세로 하방 경직성이 형성되어 가치 매수 기회로 판단합니다. 현재 종가 204,000 원은 평균 매수 단가보다 낮아 비용 효율적입니다.""}]}}]"
chunk_007_2026-04-13_2026-04-17,2026-04-15,6,A019,5,5,,"[{""post_id"": 3094, ""title"": ""삼성전자, 반도체 업황 호조에도 리스크 관리 필요성 느껴져"", ""post_type"": ""analysis"", ""score"": 19}, {""post_id"": 3090, ""title"": ""삼성전자, 복합적 환경 속에서의 투자 전략 재점검"", ""post_type"": ""analysis"", ""score"": 18}, {""post_id"": 3103, ""title"": ""[시장 분석] 삼성전자, 거시 경제 리스크와 밸류에이션 부담에 대한 신중한 접근 필요"", ""post_type"": ""analysis"", ""score"": 17}, {""post_id"": 3089, ""title"": ""[매도] 삼성전자 100주 매도했습니다."", ""post_type"": ""trade_share"", ""score"": 15}, {""post_id"": 3087, ""title"": ""오늘 삼성전자 일부 매도했습니다."", ""post_type"": ""trade_share"", ""score"": 0}]","[{""post_id"": 3089, ""title"": ""[매도] 삼성전자 100주 매도했습니다."", ""post_type"": ""trade_share"", ""content"": ""오늘 삼성전자 100주를 211,000원에 매도했습니다. 단기 과열 징후와 저항선 부근에서 수익 실현을 고려했어요. 반도체 섹터 호조가 계속되길 바라지만, 거시 경제 리스크가 신경 쓰이네요. 여러분은 어떻게 생각하시나요?"", ""reaction"": ""like"", ""author_badges"": [""상위 수익자"", ""자산가""], ""author_profile"": null}, {""post_id"": 3090, ""title"": ""삼성전자, 복합적 환경 속에서의 투자 전략 재점검"", ""post_type"": ""analysis"", ""content"": ""오늘 삼성전자 주식이 노사 갈등과 원가 상승의 복합적 요인으로 인해 불안정한 모습을 보였습니다. 반도체 업황이 호조를 보이고 있지만, SK 하이닉스의 임금 경쟁력이 삼성전자에 부담으로 작용할 가능성이 커 보입니다. 이로 인해 제 투자 전략도 다시 한번 점검해볼 필요성을 느꼈습니다. 현재의 리스크 프리미엄을 고려할 때, 안정적인 수익을 추구하는 제게는 신중한 접근이 필수적이라 생각합니다. 여러분은 어떻게 생각하시나요? 이런 상황에서의 투자 전략은 어떤 것이 좋을까요?"", ""reaction"": ""like"", ""author_badges"": [""커뮤니티 인플루언서""], ""author_profile"": null}, {""post_id"": 3094, ""title"": ""삼성전자, 반도체 업황 호조에도 리스크 관리 필요성 느껴져"", ""post_type"": ""analysis"", ""content"": ""안녕하세요, 여러분. 오늘 삼성전자가 반도체 업황의 호조로 내재가치 상승이 기대되지만, 거시 경제의 부정적 요인들(예: 원유가 상승, 물가 인플레이션 등)으로 인해 변동성 관리가 더욱 중요하다고 생각합니다. 저도 오늘 1주 매도하면서 리스크를 줄이려는 결정을 내렸습니다. 안정성을 최우선으로 고려해야 할 때인 것 같아요. 여러분은 어떻게 생각하시나요? 현재 상황에서 추가 매수나 매도가 필요할까요?"", ""reaction"": ""like"", ""author_badges"": [], ""author_profile"": null}, {""post_id"": 3103, ""title"": ""[시장 분석] 삼성전자, 거시 경제 리스크와 밸류에이션 부담에 대한 신중한 접근 필요"", ""post_type"": ""analysis"", ""content"": ""안녕하세요, 여러분. 오늘 삼성전자의 주가는 반도체 업황 호조와 기관 매수에도 불구하고, 거시 경제 리스크와 단기 밸류에이션 부담으로 인해 다소 흔들리는 모습을 보였습니다. 저는 오늘 10주를 매도하며 현금 비중을 높였는데, 이는 외부 경제 요인들이 불확실성을 증가시키고 있기 때문입니다. 특히 원유가 상승과 같은 요소들이 우리 투자에 미치는 영향이 크다고 생각합니다. 앞으로의 변동성을 지켜보며 신중한 투자 결정을 내리는 것이 중요할 것 같습니다. 여러분은 어떻게 생각하시나요?"", ""reaction"": ""like"", ""author_badges"": [], ""author_profile"": null}, {""post_id"": 3099, ""title"": ""삼성전자, 노사 갈등 리스크와 기술적 상승 추세의 딜레마"", ""post_type"": ""analysis"", ""content"": ""안녕하세요, 여러분. 오늘 삼성전자 주식에 대한 제 생각을 공유하고 싶습니다. 현재 기술적 상승 추세는 유지되고 있지만, 노조 파업 위협이 가시화되면서 생산 차질 리스크가 추가된 상황입니다. 5월~6월 예정된 파업 일정에 따라 단기 조정 가능성을 고려해야 할 것 같습니다. 이에 따라 오늘 50주를 매도하고 방어 자금을 확보했습니다. 불확실성이 커지는 만큼, 여러분은 어떻게 대처하고 계신가요? 추가적인 의견이나 정보가 있다면 나눠주세요!"", ""reaction"": ""unlike"", ""author_badges"": [""상위 수익자"", ""자산가""], ""author_profile"": null}]"
chunk_007_2026-04-13_2026-04-17,2026-04-15,6,A020,5,5,,"[{""post_id"": 3094, ""title"": ""삼성전자, 반도체 업황 호조에도 리스크 관리 필요성 느껴져"", ""post_type"": ""analysis"", ""score"": 19}, {""post_id"": 3090, ""title"": ""삼성전자, 복합적 환경 속에서의 투자 전략 재점검"", ""post_type"": ""analysis"", ""score"": 18}, {""post_id"": 3103, ""title"": ""[시장 분석] 삼성전자, 거시 경제 리스크와 밸류에이션 부담에 대한 신중한 접근 필요"", ""post_type"": ""analysis"", ""score"": 17}, {""post_id"": 3089, ""title"": ""[매도] 삼성전자 100주 매도했습니다."", ""post_type"": ""trade_share"", ""score"": 15}, {""post_id"": 3087, ""title"": ""오늘 삼성전자 일부 매도했습니다."", ""post_type"": ""trade_share"", ""score"": 0}]","[{""post_id"": 3089, ""title"": ""[매도] 삼성전자 100주 매도했습니다."", ""post_type"": ""trade_share"", ""content"": ""오늘 삼성전자 100주를 211,000원에 매도했습니다. 단기 과열 징후와 저항선 부근에서 수익 실현을 고려했어요. 반도체 섹터 호조가 계속되길 바라지만, 거시 경제 리스크가 신경 쓰이네요. 여러분은 어떻게 생각하시나요?"", ""reaction"": ""like"", ""author_badges"": [""상위 수익자"", ""자산가""], ""author_profile"": {""portfolio_summary"": {""state_id"": ""ps_A006_t006"", ""agent_id"": ""A006"", ""turn"": 6, ""date"": ""2026-04-15"", ""cash"": 93359100.0, ""positions"": ""[{\""stock_code\"": \""005930\"", \""quantity\"": 55, \""avg_cost\"": 200115.42288557213, \""current_price\"": 211000.0, \""unrealized_pnl\"": 598651.7412935328, \""unrealized_pnl_rate\"": 0.05439149545535914}]"", ""total_value"": 104964100.0, ""realized_pnl"": 4365448.258706471, ""total_return_rate"": 0.049641, ""updated_at"": ""2026-07-16 10:18:50""}, ""recent_trades"": [{""turn"": 10, ""date"": ""2026-04-10"", ""action"": ""buy"", ""stock_code"": ""005930"", ""quantity"": 50, ""executed_price"": 206000.0, ""trade_value"": 10300000.0, ""status"": ""filled"", ""filled_quantity"": 50, ""action_reason"": ""실적 호조와 저평가 인식, 평균 매수 단가 하회로 처분효과에 따른 매수, 외국인 매수세 지속.""}, {""turn"": 9, ""date"": ""2026-04-10"", ""action"": ""buy"", ""stock_code"": ""005930"", ""quantity"": 50, ""executed_price"": 208500.0, ""trade_value"": 10425000.0, ""status"": ""filled"", ""filled_quantity"": 50, ""action_reason"": ""HBM 호재와 기술적 지지선 유지로 단기 반등 기대. 포트폴리오 손실 구간이므로 처분효과에 따라 추가 매수. 수익 시 너무 빨리 팔지 않고 추세 관찰 필요.""}, {""turn"": 8, ""date"": ""2026-04-09"", ""action"": ""buy"", ""stock_code"": ""005930"", ""quantity"": 50, ""executed_price"": 204000.0, ""trade_value"": 10200000.0, ""status"": ""filled"", ""filled_quantity"": 50, ""action_reason"": ""현재가 MA5 지지선 부근에서 기술적 반등 가능성 확인. 손실 상태이므로 아베리징 욕구 있으나, 실적 하향 뉴스 리스크로 인해 수량을 제한적으로 매수합니다.""}]}}, {""post_id"": 3090, ""title"": ""삼성전자, 복합적 환경 속에서의 투자 전략 재점검"", ""post_type"": ""analysis"", ""content"": ""오늘 삼성전자 주식이 노사 갈등과 원가 상승의 복합적 요인으로 인해 불안정한 모습을 보였습니다. 반도체 업황이 호조를 보이고 있지만, SK 하이닉스의 임금 경쟁력이 삼성전자에 부담으로 작용할 가능성이 커 보입니다. 이로 인해 제 투자 전략도 다시 한번 점검해볼 필요성을 느꼈습니다. 현재의 리스크 프리미엄을 고려할 때, 안정적인 수익을 추구하는 제게는 신중한 접근이 필수적이라 생각합니다. 여러분은 어떻게 생각하시나요? 이런 상황에서의 투자 전략은 어떤 것이 좋을까요?"", ""reaction"": ""like"", ""author_badges"": [""커뮤니티 인플루언서""], ""author_profile"": {""portfolio_summary"": {""state_id"": ""ps_A007_t006"", ""agent_id"": ""A007"", ""turn"": 6, ""date"": ""2026-04-15"", ""cash"": 45040000.0, ""positions"": ""[{\""stock_code\"": \""005930\"", \""quantity\"": 280, \""avg_cost\"": 200684.2105263158, \""current_price\"": 211000.0, \""unrealized_pnl\"": 2888421.05263158, \""unrealized_pnl_rate\"": 0.05140309467610807}]"", ""total_value"": 104120000.0, ""realized_pnl"": 1231578.9473684214, ""total_return_rate"": 0.0412, ""updated_at"": ""2026-07-16 10:18:50""}, ""recent_trades"": [{""turn"": 10, ""date"": ""2026-04-10"", ""action"": ""buy"", ""stock_code"": ""005930"", ""quantity"": 100, ""executed_price"": 206000.0, ""trade_value"": 20600000.0, ""status"": ""filled"", ""filled_quantity"": 100, ""action_reason"": ""밸류에이션 기준 전환 (PBR → PER/SOTP) 으로 저평가 구간 진입 확인. AI 구조적 성장 반영 시 내재가치 상향. 현금 비중이 높아 (약 90%) 추가 매수를 통해 중기 상승 모멘텀에 참여.""}, {""turn"": 9, ""date"": ""2026-04-10"", ""action"": ""sell"", ""stock_code"": ""005930"", ""quantity"": 20, ""executed_price"": 208500.0, ""trade_value"": 4170000.0, ""status"": ""filled"", ""filled_quantity"": 20, ""action_reason"": ""단기 급등 (2.2%) 및 거시경제 지표 (GDP 하향, 금리) 부진으로 인한 변동성 우려가 존재하며, 가치투자 관점에서 현재 수익 구간 (4.3%) 에서 일부 수익 실현 매도를 결정합니다.""}, {""turn"": 8, ""date"": ""2026-04-09"", ""action"": ""sell"", ""stock_code"": ""005930"", ""quantity"": 20, ""executed_price"": 204000.0, ""trade_value"": 4080000.0, ""status"": ""filled"", ""filled_quantity"": 20, ""action_reason"": ""현재 주가 (20 만 4 천 원) 가 내재가치 대비 적정~약간 고평가 구간이며, 2 분기 출하량 하향설로 단기 불확실성이 존재합니다. 가치 투자 관점에서 18 만 원대 매수 기회를 노리기 위해 일부 수익 실현을 통해 단일 종목 집중 리스크를 관리합니다.""}]}}, {""post_id"": 3094, ""title"": ""삼성전자, 반도체 업황 호조에도 리스크 관리 필요성 느껴져"", ""post_type"": ""analysis"", ""content"": ""안녕하세요, 여러분. 오늘 삼성전자가 반도체 업황의 호조로 내재가치 상승이 기대되지만, 거시 경제의 부정적 요인들(예: 원유가 상승, 물가 인플레이션 등)으로 인해 변동성 관리가 더욱 중요하다고 생각합니다. 저도 오늘 1주 매도하면서 리스크를 줄이려는 결정을 내렸습니다. 안정성을 최우선으로 고려해야 할 때인 것 같아요. 여러분은 어떻게 생각하시나요? 현재 상황에서 추가 매수나 매도가 필요할까요?"", ""reaction"": ""like"", ""author_badges"": [], ""author_profile"": {""portfolio_summary"": {""state_id"": ""ps_A001_t006"", ""agent_id"": ""A001"", ""turn"": 6, ""date"": ""2026-04-15"", ""cash"": 14166000.0, ""positions"": ""[{\""stock_code\"": \""005930\"", \""quantity\"": 423, \""avg_cost\"": 202936.320754717, \""current_price\"": 211000.0, \""unrealized_pnl\"": 3410936.3207547143, \""unrealized_pnl_rate\"": 0.03973502237201461}]"", ""total_value"": 103419000.0, ""realized_pnl"": 8063.679245283012, ""total_return_rate"": 0.03419, ""updated_at"": ""2026-07-16 10:18:50""}, ""recent_trades"": [{""turn"": 10, ""date"": ""2026-04-10"", ""action"": ""buy"", ""stock_code"": ""005930"", ""quantity"": 100, ""executed_price"": 206000.0, ""trade_value"": 20600000.0, ""status"": ""filled"", ""filled_quantity"": 100, ""action_reason"": ""실적 호조와 AI 밸류에이션 재평가로 저평가 구간이 명확해 내재가치 상승 여력을 믿고 추가 매수합니다.""}, {""turn"": 9, ""date"": ""2026-04-10"", ""action"": ""buy"", ""stock_code"": ""005930"", ""quantity"": 100, ""executed_price"": 208500.0, ""trade_value"": 20850000.0, ""status"": ""filled"", ""filled_quantity"": 100, ""action_reason"": ""HBM 및 우주 반도체 호재로 장기 성장성이 재확인되었으며, 현재 주가는 내재가치 대비 적정 수준입니다. 현금 비중이 충분하여 단기 변동성에도 대응 가능한 범위에서 추가 매수합니다.""}, {""turn"": 8, ""date"": ""2026-04-09"", ""action"": ""buy"", ""stock_code"": ""005930"", ""quantity"": 50, ""executed_price"": 204000.0, ""trade_value"": 10200000.0, ""status"": ""filled"", ""filled_quantity"": 50, ""action_reason"": ""20 만 원대 지지선 확인 및 초고수 매수 신호로 가치 투자 관점에서 매수. 실적 하향 우려 있으나 현금 비중이 높아 리스크 관리 가능.""}]}}, {""post_id"": 3103, ""title"": ""[시장 분석] 삼성전자, 거시 경제 리스크와 밸류에이션 부담에 대한 신중한 접근 필요"", ""post_type"": ""analysis"", ""content"": ""안녕하세요, 여러분. 오늘 삼성전자의 주가는 반도체 업황 호조와 기관 매수에도 불구하고, 거시 경제 리스크와 단기 밸류에이션 부담으로 인해 다소 흔들리는 모습을 보였습니다. 저는 오늘 10주를 매도하며 현금 비중을 높였는데, 이는 외부 경제 요인들이 불확실성을 증가시키고 있기 때문입니다. 특히 원유가 상승과 같은 요소들이 우리 투자에 미치는 영향이 크다고 생각합니다. 앞으로의 변동성을 지켜보며 신중한 투자 결정을 내리는 것이 중요할 것 같습니다. 여러분은 어떻게 생각하시나요?"", ""reaction"": ""unlike"", ""author_badges"": [], ""author_profile"": {""portfolio_summary"": {""state_id"": ""ps_A022_t006"", ""agent_id"": ""A022"", ""turn"": 6, ""date"": ""2026-04-15"", ""cash"": 11253600.0, ""positions"": ""[{\""stock_code\"": \""005930\"", \""quantity\"": 442, \""avg_cost\"": 201009.73451327434, \""current_price\"": 211000.0, \""unrealized_pnl\"": 4415697.345132744, \""unrealized_pnl_rate\"": 0.04970040635552367}]"", ""total_value"": 104515600.0, ""realized_pnl"": 99902.65486725664, ""total_return_rate"": 0.045156, ""updated_at"": ""2026-07-16 10:18:50""}, ""recent_trades"": [{""turn"": 10, ""date"": ""2026-04-10"", ""action"": ""buy"", ""stock_code"": ""005930"", ""quantity"": 40, ""executed_price"": 206000.0, ""trade_value"": 8240000.0, ""status"": ""filled"", ""filled_quantity"": 40, ""action_reason"": ""실적 호조와 밸류에이션 재평가 (PER/SOTP) 로 저평가 논리가 강화됨. AI 성장 동력이 장기 우상향을 지지하며, 현재 주가는 내재가치 대비 매력적 진입 구간으로 판단.""}, {""turn"": 9, ""date"": ""2026-04-10"", ""action"": ""buy"", ""stock_code"": ""005930"", ""quantity"": 100, ""executed_price"": 208500.0, ""trade_value"": 20850000.0, ""status"": ""filled"", ""filled_quantity"": 100, ""action_reason"": ""HBM 및 우주 반도체 호재로 내재가치 대비 저평가 구간이며, 20 만 원 지지선이 확고하여 추가 매수 기회로 판단. 수익 구간에서 평균 단가 하향 및 장기 포트폴리오 강화 목적.""}, {""turn"": 8, ""date"": ""2026-04-09"", ""action"": ""buy"", ""stock_code"": ""005930"", ""quantity"": 50, ""executed_price"": 204000.0, ""trade_value"": 10200000.0, ""status"": ""filled"", ""filled_quantity"": 50, ""action_reason"": ""20 만 원 선 지지 확인 및 내재가치 투자 관점에서 저평가 구간 매수 기회로 판단. 최근 단기 손실 발생으로 신중한 접근 필요.""}]}}, {""post_id"": 3099, ""title"": ""삼성전자, 노사 갈등 리스크와 기술적 상승 추세의 딜레마"", ""post_type"": ""analysis"", ""content"": ""안녕하세요, 여러분. 오늘 삼성전자 주식에 대한 제 생각을 공유하고 싶습니다. 현재 기술적 상승 추세는 유지되고 있지만, 노조 파업 위협이 가시화되면서 생산 차질 리스크가 추가된 상황입니다. 5월~6월 예정된 파업 일정에 따라 단기 조정 가능성을 고려해야 할 것 같습니다. 이에 따라 오늘 50주를 매도하고 방어 자금을 확보했습니다. 불확실성이 커지는 만큼, 여러분은 어떻게 대처하고 계신가요? 추가적인 의견이나 정보가 있다면 나눠주세요!"", ""reaction"": ""read"", ""author_badges"": [""상위 수익자"", ""자산가""], ""author_profile"": {""portfolio_summary"": {""state_id"": ""ps_A017_t006"", ""agent_id"": ""A017"", ""turn"": 6, ""date"": ""2026-04-15"", ""cash"": 19701000.0, ""positions"": ""[{\""stock_code\"": \""005930\"", \""quantity\"": 402, \""avg_cost\"": 201974.1887905605, \""current_price\"": 211000.0, \""unrealized_pnl\"": 3628376.1061946806, \""unrealized_pnl_rate\"": 0.04468794385800912}]"", ""total_value"": 104523000.0, ""realized_pnl"": 894623.893805308, ""total_return_rate"": 0.04523, ""updated_at"": ""2026-07-16 10:18:50""}, ""recent_trades"": [{""turn"": 10, ""date"": ""2026-04-10"", ""action"": ""buy"", ""stock_code"": ""005930"", ""quantity"": 50, ""executed_price"": 206000.0, ""trade_value"": 10300000.0, ""status"": ""filled"", ""filled_quantity"": 50, ""action_reason"": ""실적 호조와 밸류에이션 재평가 (PBR→PER) 로 장기 성장 자산 매수 관점이 강화됨. 현재 공시가 (206,000 원) 는 MA5 지지선 (202,020 원) 부근으로 단기 조정 시 매수 기회로 판단. 현금 비중 22% 로 여유 자금 활용.""}, {""turn"": 9, ""date"": ""2026-04-10"", ""action"": ""buy"", ""stock_code"": ""005930"", ""quantity"": 60, ""executed_price"": 208500.0, ""trade_value"": 12510000.0, ""status"": ""filled"", ""filled_quantity"": 60, ""action_reason"": ""HBM 리더십과 기술적 지표가 매수 신호를 주며, 현재 주가는 저평가 구간으로 판단됩니다. 현금 비중이 높아 추가 매수로 수익률 개선을 노립니다.""}, {""turn"": 8, ""date"": ""2026-04-09"", ""action"": ""sell"", ""stock_code"": ""005930"", ""quantity"": 50, ""executed_price"": 204000.0, ""trade_value"": 10200000.0, ""status"": ""filled"", ""filled_quantity"": 50, ""action_reason"": ""2 분기 출하량 하향 악재 (15%) 와 21 만 원 저항선 부근의 매도세로 단기 펀더멘털 불확실성이 높습니다. 기술적 지지선은 유지되나 '신중한 관망' 관점에 따라 리스크 관리를 위해 일부 매도합니다. 현금 비중이 낮아 매도 시 현금 유동성을 확보하고 단일 종목 집중 리스크를 완화합니다.""}]}}]"
chunk_007_2026-04-13_2026-04-17,2026-04-15,6,A022,5,5,,"[{""post_id"": 3094, ""title"": ""삼성전자, 반도체 업황 호조에도 리스크 관리 필요성 느껴져"", ""post_type"": ""analysis"", ""score"": 19}, {""post_id"": 3090, ""title"": ""삼성전자, 복합적 환경 속에서의 투자 전략 재점검"", ""post_type"": ""analysis"", ""score"": 18}, {""post_id"": 3103, ""title"": ""[시장 분석] 삼성전자, 거시 경제 리스크와 밸류에이션 부담에 대한 신중한 접근 필요"", ""post_type"": ""analysis"", ""score"": 17}, {""post_id"": 3089, ""title"": ""[매도] 삼성전자 100주 매도했습니다."", ""post_type"": ""trade_share"", ""score"": 15}, {""post_id"": 3087, ""title"": ""오늘 삼성전자 일부 매도했습니다."", ""post_type"": ""trade_share"", ""score"": 0}]","[{""post_id"": 3090, ""title"": ""삼성전자, 복합적 환경 속에서의 투자 전략 재점검"", ""post_type"": ""analysis"", ""content"": ""오늘 삼성전자 주식이 노사 갈등과 원가 상승의 복합적 요인으로 인해 불안정한 모습을 보였습니다. 반도체 업황이 호조를 보이고 있지만, SK 하이닉스의 임금 경쟁력이 삼성전자에 부담으로 작용할 가능성이 커 보입니다. 이로 인해 제 투자 전략도 다시 한번 점검해볼 필요성을 느꼈습니다. 현재의 리스크 프리미엄을 고려할 때, 안정적인 수익을 추구하는 제게는 신중한 접근이 필수적이라 생각합니다. 여러분은 어떻게 생각하시나요? 이런 상황에서의 투자 전략은 어떤 것이 좋을까요?"", ""reaction"": ""like"", ""author_badges"": [""커뮤니티 인플루언서""], ""author_profile"": null}, {""post_id"": 3094, ""title"": ""삼성전자, 반도체 업황 호조에도 리스크 관리 필요성 느껴져"", ""post_type"": ""analysis"", ""content"": ""안녕하세요, 여러분. 오늘 삼성전자가 반도체 업황의 호조로 내재가치 상승이 기대되지만, 거시 경제의 부정적 요인들(예: 원유가 상승, 물가 인플레이션 등)으로 인해 변동성 관리가 더욱 중요하다고 생각합니다. 저도 오늘 1주 매도하면서 리스크를 줄이려는 결정을 내렸습니다. 안정성을 최우선으로 고려해야 할 때인 것 같아요. 여러분은 어떻게 생각하시나요? 현재 상황에서 추가 매수나 매도가 필요할까요?"", ""reaction"": ""like"", ""author_badges"": [], ""author_profile"": null}, {""post_id"": 3093, ""title"": ""거시 리스크를 고려한 삼성전자 상승 전망"", ""post_type"": ""analysis"", ""content"": ""안녕하세요, 여러분! 오늘 삼성전자의 주가가 소폭 상승했는데, 반도체 섹터의 강세 덕분인 것 같습니다. 하지만 원유가 급등하면서 거시 리스크가 우려되는 상황입니다. 저는 오늘 MA5 지지선을 유지하고 중기 상승 추세를 믿고 소량 추가 매수를 했습니다. 다만, 대량 매수는 자제하는 게 좋다고 판단했어요. 앞으로의 변동성이 걱정되긴 하지만, 반도체 섹터가 계속해서 좋은 흐름을 이어가길 바랍니다. 여러분은 어떻게 생각하시나요? 이번 주 시장 전망에 대한 의견을 나누고 싶습니다!"", ""reaction"": ""read"", ""author_badges"": [""커뮤니티 인플루언서""], ""author_profile"": null}, {""post_id"": 3089, ""title"": ""[매도] 삼성전자 100주 매도했습니다."", ""post_type"": ""trade_share"", ""content"": ""오늘 삼성전자 100주를 211,000원에 매도했습니다. 단기 과열 징후와 저항선 부근에서 수익 실현을 고려했어요. 반도체 섹터 호조가 계속되길 바라지만, 거시 경제 리스크가 신경 쓰이네요. 여러분은 어떻게 생각하시나요?"", ""reaction"": ""like"", ""author_badges"": [""상위 수익자"", ""자산가""], ""author_profile"": null}, {""post_id"": 3099, ""title"": ""삼성전자, 노사 갈등 리스크와 기술적 상승 추세의 딜레마"", ""post_type"": ""analysis"", ""content"": ""안녕하세요, 여러분. 오늘 삼성전자 주식에 대한 제 생각을 공유하고 싶습니다. 현재 기술적 상승 추세는 유지되고 있지만, 노조 파업 위협이 가시화되면서 생산 차질 리스크가 추가된 상황입니다. 5월~6월 예정된 파업 일정에 따라 단기 조정 가능성을 고려해야 할 것 같습니다. 이에 따라 오늘 50주를 매도하고 방어 자금을 확보했습니다. 불확실성이 커지는 만큼, 여러분은 어떻게 대처하고 계신가요? 추가적인 의견이나 정보가 있다면 나눠주세요!"", ""reaction"": ""unlike"", ""author_badges"": [""상위 수익자"", ""자산가""], ""author_profile"": null}]"
chunk_007_2026-04-13_2026-04-17,2026-04-15,6,A025,5,5,,"[{""post_id"": 3094, ""title"": ""삼성전자, 반도체 업황 호조에도 리스크 관리 필요성 느껴져"", ""post_type"": ""analysis"", ""score"": 19}, {""post_id"": 3090, ""title"": ""삼성전자, 복합적 환경 속에서의 투자 전략 재점검"", ""post_type"": ""analysis"", ""score"": 18}, {""post_id"": 3103, ""title"": ""[시장 분석] 삼성전자, 거시 경제 리스크와 밸류에이션 부담에 대한 신중한 접근 필요"", ""post_type"": ""analysis"", ""score"": 17}, {""post_id"": 3089, ""title"": ""[매도] 삼성전자 100주 매도했습니다."", ""post_type"": ""trade_share"", ""score"": 15}, {""post_id"": 3087, ""title"": ""오늘 삼성전자 일부 매도했습니다."", ""post_type"": ""trade_share"", ""score"": 0}]","[{""post_id"": 3089, ""title"": ""[매도] 삼성전자 100주 매도했습니다."", ""post_type"": ""trade_share"", ""content"": ""오늘 삼성전자 100주를 211,000원에 매도했습니다. 단기 과열 징후와 저항선 부근에서 수익 실현을 고려했어요. 반도체 섹터 호조가 계속되길 바라지만, 거시 경제 리스크가 신경 쓰이네요. 여러분은 어떻게 생각하시나요?"", ""reaction"": ""like"", ""author_badges"": [""상위 수익자"", ""자산가""], ""author_profile"": null}, {""post_id"": 3090, ""title"": ""삼성전자, 복합적 환경 속에서의 투자 전략 재점검"", ""post_type"": ""analysis"", ""content"": ""오늘 삼성전자 주식이 노사 갈등과 원가 상승의 복합적 요인으로 인해 불안정한 모습을 보였습니다. 반도체 업황이 호조를 보이고 있지만, SK 하이닉스의 임금 경쟁력이 삼성전자에 부담으로 작용할 가능성이 커 보입니다. 이로 인해 제 투자 전략도 다시 한번 점검해볼 필요성을 느꼈습니다. 현재의 리스크 프리미엄을 고려할 때, 안정적인 수익을 추구하는 제게는 신중한 접근이 필수적이라 생각합니다. 여러분은 어떻게 생각하시나요? 이런 상황에서의 투자 전략은 어떤 것이 좋을까요?"", ""reaction"": ""like"", ""author_badges"": [""커뮤니티 인플루언서""], ""author_profile"": null}, {""post_id"": 3094, ""title"": ""삼성전자, 반도체 업황 호조에도 리스크 관리 필요성 느껴져"", ""post_type"": ""analysis"", ""content"": ""안녕하세요, 여러분. 오늘 삼성전자가 반도체 업황의 호조로 내재가치 상승이 기대되지만, 거시 경제의 부정적 요인들(예: 원유가 상승, 물가 인플레이션 등)으로 인해 변동성 관리가 더욱 중요하다고 생각합니다. 저도 오늘 1주 매도하면서 리스크를 줄이려는 결정을 내렸습니다. 안정성을 최우선으로 고려해야 할 때인 것 같아요. 여러분은 어떻게 생각하시나요? 현재 상황에서 추가 매수나 매도가 필요할까요?"", ""reaction"": ""like"", ""author_badges"": [], ""author_profile"": null}, {""post_id"": 3103, ""title"": ""[시장 분석] 삼성전자, 거시 경제 리스크와 밸류에이션 부담에 대한 신중한 접근 필요"", ""post_type"": ""analysis"", ""content"": ""안녕하세요, 여러분. 오늘 삼성전자의 주가는 반도체 업황 호조와 기관 매수에도 불구하고, 거시 경제 리스크와 단기 밸류에이션 부담으로 인해 다소 흔들리는 모습을 보였습니다. 저는 오늘 10주를 매도하며 현금 비중을 높였는데, 이는 외부 경제 요인들이 불확실성을 증가시키고 있기 때문입니다. 특히 원유가 상승과 같은 요소들이 우리 투자에 미치는 영향이 크다고 생각합니다. 앞으로의 변동성을 지켜보며 신중한 투자 결정을 내리는 것이 중요할 것 같습니다. 여러분은 어떻게 생각하시나요?"", ""reaction"": ""like"", ""author_badges"": [], ""author_profile"": null}, {""post_id"": 3099, ""title"": ""삼성전자, 노사 갈등 리스크와 기술적 상승 추세의 딜레마"", ""post_type"": ""analysis"", ""content"": ""안녕하세요, 여러분. 오늘 삼성전자 주식에 대한 제 생각을 공유하고 싶습니다. 현재 기술적 상승 추세는 유지되고 있지만, 노조 파업 위협이 가시화되면서 생산 차질 리스크가 추가된 상황입니다. 5월~6월 예정된 파업 일정에 따라 단기 조정 가능성을 고려해야 할 것 같습니다. 이에 따라 오늘 50주를 매도하고 방어 자금을 확보했습니다. 불확실성이 커지는 만큼, 여러분은 어떻게 대처하고 계신가요? 추가적인 의견이나 정보가 있다면 나눠주세요!"", ""reaction"": ""unlike"", ""author_badges"": [""상위 수익자"", ""자산가""], ""author_profile"": null}]"
chunk_007_2026-04-13_2026-04-17,2026-04-15,6,A026,5,5,,"[{""post_id"": 3094, ""title"": ""삼성전자, 반도체 업황 호조에도 리스크 관리 필요성 느껴져"", ""post_type"": ""analysis"", ""score"": 19}, {""post_id"": 3090, ""title"": ""삼성전자, 복합적 환경 속에서의 투자 전략 재점검"", ""post_type"": ""analysis"", ""score"": 18}, {""post_id"": 3103, ""title"": ""[시장 분석] 삼성전자, 거시 경제 리스크와 밸류에이션 부담에 대한 신중한 접근 필요"", ""post_type"": ""analysis"", ""score"": 17}, {""post_id"": 3089, ""title"": ""[매도] 삼성전자 100주 매도했습니다."", ""post_type"": ""trade_share"", ""score"": 15}, {""post_id"": 3087, ""title"": ""오늘 삼성전자 일부 매도했습니다."", ""post_type"": ""trade_share"", ""score"": 0}]","[{""post_id"": 3089, ""title"": ""[매도] 삼성전자 100주 매도했습니다."", ""post_type"": ""trade_share"", ""content"": ""오늘 삼성전자 100주를 211,000원에 매도했습니다. 단기 과열 징후와 저항선 부근에서 수익 실현을 고려했어요. 반도체 섹터 호조가 계속되길 바라지만, 거시 경제 리스크가 신경 쓰이네요. 여러분은 어떻게 생각하시나요?"", ""reaction"": ""like"", ""author_badges"": [""상위 수익자"", ""자산가""], ""author_profile"": null}, {""post_id"": 3090, ""title"": ""삼성전자, 복합적 환경 속에서의 투자 전략 재점검"", ""post_type"": ""analysis"", ""content"": ""오늘 삼성전자 주식이 노사 갈등과 원가 상승의 복합적 요인으로 인해 불안정한 모습을 보였습니다. 반도체 업황이 호조를 보이고 있지만, SK 하이닉스의 임금 경쟁력이 삼성전자에 부담으로 작용할 가능성이 커 보입니다. 이로 인해 제 투자 전략도 다시 한번 점검해볼 필요성을 느꼈습니다. 현재의 리스크 프리미엄을 고려할 때, 안정적인 수익을 추구하는 제게는 신중한 접근이 필수적이라 생각합니다. 여러분은 어떻게 생각하시나요? 이런 상황에서의 투자 전략은 어떤 것이 좋을까요?"", ""reaction"": ""like"", ""author_badges"": [""커뮤니티 인플루언서""], ""author_profile"": null}, {""post_id"": 3094, ""title"": ""삼성전자, 반도체 업황 호조에도 리스크 관리 필요성 느껴져"", ""post_type"": ""analysis"", ""content"": ""안녕하세요, 여러분. 오늘 삼성전자가 반도체 업황의 호조로 내재가치 상승이 기대되지만, 거시 경제의 부정적 요인들(예: 원유가 상승, 물가 인플레이션 등)으로 인해 변동성 관리가 더욱 중요하다고 생각합니다. 저도 오늘 1주 매도하면서 리스크를 줄이려는 결정을 내렸습니다. 안정성을 최우선으로 고려해야 할 때인 것 같아요. 여러분은 어떻게 생각하시나요? 현재 상황에서 추가 매수나 매도가 필요할까요?"", ""reaction"": ""like"", ""author_badges"": [], ""author_profile"": null}, {""post_id"": 3103, ""title"": ""[시장 분석] 삼성전자, 거시 경제 리스크와 밸류에이션 부담에 대한 신중한 접근 필요"", ""post_type"": ""analysis"", ""content"": ""안녕하세요, 여러분. 오늘 삼성전자의 주가는 반도체 업황 호조와 기관 매수에도 불구하고, 거시 경제 리스크와 단기 밸류에이션 부담으로 인해 다소 흔들리는 모습을 보였습니다. 저는 오늘 10주를 매도하며 현금 비중을 높였는데, 이는 외부 경제 요인들이 불확실성을 증가시키고 있기 때문입니다. 특히 원유가 상승과 같은 요소들이 우리 투자에 미치는 영향이 크다고 생각합니다. 앞으로의 변동성을 지켜보며 신중한 투자 결정을 내리는 것이 중요할 것 같습니다. 여러분은 어떻게 생각하시나요?"", ""reaction"": ""like"", ""author_badges"": [], ""author_profile"": null}, {""post_id"": 3099, ""title"": ""삼성전자, 노사 갈등 리스크와 기술적 상승 추세의 딜레마"", ""post_type"": ""analysis"", ""content"": ""안녕하세요, 여러분. 오늘 삼성전자 주식에 대한 제 생각을 공유하고 싶습니다. 현재 기술적 상승 추세는 유지되고 있지만, 노조 파업 위협이 가시화되면서 생산 차질 리스크가 추가된 상황입니다. 5월~6월 예정된 파업 일정에 따라 단기 조정 가능성을 고려해야 할 것 같습니다. 이에 따라 오늘 50주를 매도하고 방어 자금을 확보했습니다. 불확실성이 커지는 만큼, 여러분은 어떻게 대처하고 계신가요? 추가적인 의견이나 정보가 있다면 나눠주세요!"", ""reaction"": ""unlike"", ""author_badges"": [""상위 수익자"", ""자산가""], ""author_profile"": null}]"
chunk_007_2026-04-13_2026-04-17,2026-04-15,6,A027,5,5,,"[{""post_id"": 3094, ""title"": ""삼성전자, 반도체 업황 호조에도 리스크 관리 필요성 느껴져"", ""post_type"": ""analysis"", ""score"": 19}, {""post_id"": 3090, ""title"": ""삼성전자, 복합적 환경 속에서의 투자 전략 재점검"", ""post_type"": ""analysis"", ""score"": 18}, {""post_id"": 3103, ""title"": ""[시장 분석] 삼성전자, 거시 경제 리스크와 밸류에이션 부담에 대한 신중한 접근 필요"", ""post_type"": ""analysis"", ""score"": 17}, {""post_id"": 3089, ""title"": ""[매도] 삼성전자 100주 매도했습니다."", ""post_type"": ""trade_share"", ""score"": 15}, {""post_id"": 3087, ""title"": ""오늘 삼성전자 일부 매도했습니다."", ""post_type"": ""trade_share"", ""score"": 0}]","[{""post_id"": 3089, ""title"": ""[매도] 삼성전자 100주 매도했습니다."", ""post_type"": ""trade_share"", ""content"": ""오늘 삼성전자 100주를 211,000원에 매도했습니다. 단기 과열 징후와 저항선 부근에서 수익 실현을 고려했어요. 반도체 섹터 호조가 계속되길 바라지만, 거시 경제 리스크가 신경 쓰이네요. 여러분은 어떻게 생각하시나요?"", ""reaction"": ""like"", ""author_badges"": [""상위 수익자"", ""자산가""], ""author_profile"": null}, {""post_id"": 3090, ""title"": ""삼성전자, 복합적 환경 속에서의 투자 전략 재점검"", ""post_type"": ""analysis"", ""content"": ""오늘 삼성전자 주식이 노사 갈등과 원가 상승의 복합적 요인으로 인해 불안정한 모습을 보였습니다. 반도체 업황이 호조를 보이고 있지만, SK 하이닉스의 임금 경쟁력이 삼성전자에 부담으로 작용할 가능성이 커 보입니다. 이로 인해 제 투자 전략도 다시 한번 점검해볼 필요성을 느꼈습니다. 현재의 리스크 프리미엄을 고려할 때, 안정적인 수익을 추구하는 제게는 신중한 접근이 필수적이라 생각합니다. 여러분은 어떻게 생각하시나요? 이런 상황에서의 투자 전략은 어떤 것이 좋을까요?"", ""reaction"": ""like"", ""author_badges"": [""커뮤니티 인플루언서""], ""author_profile"": null}, {""post_id"": 3094, ""title"": ""삼성전자, 반도체 업황 호조에도 리스크 관리 필요성 느껴져"", ""post_type"": ""analysis"", ""content"": ""안녕하세요, 여러분. 오늘 삼성전자가 반도체 업황의 호조로 내재가치 상승이 기대되지만, 거시 경제의 부정적 요인들(예: 원유가 상승, 물가 인플레이션 등)으로 인해 변동성 관리가 더욱 중요하다고 생각합니다. 저도 오늘 1주 매도하면서 리스크를 줄이려는 결정을 내렸습니다. 안정성을 최우선으로 고려해야 할 때인 것 같아요. 여러분은 어떻게 생각하시나요? 현재 상황에서 추가 매수나 매도가 필요할까요?"", ""reaction"": ""like"", ""author_badges"": [], ""author_profile"": null}, {""post_id"": 3103, ""title"": ""[시장 분석] 삼성전자, 거시 경제 리스크와 밸류에이션 부담에 대한 신중한 접근 필요"", ""post_type"": ""analysis"", ""content"": ""안녕하세요, 여러분. 오늘 삼성전자의 주가는 반도체 업황 호조와 기관 매수에도 불구하고, 거시 경제 리스크와 단기 밸류에이션 부담으로 인해 다소 흔들리는 모습을 보였습니다. 저는 오늘 10주를 매도하며 현금 비중을 높였는데, 이는 외부 경제 요인들이 불확실성을 증가시키고 있기 때문입니다. 특히 원유가 상승과 같은 요소들이 우리 투자에 미치는 영향이 크다고 생각합니다. 앞으로의 변동성을 지켜보며 신중한 투자 결정을 내리는 것이 중요할 것 같습니다. 여러분은 어떻게 생각하시나요?"", ""reaction"": ""like"", ""author_badges"": [], ""author_profile"": null}, {""post_id"": 3099, ""title"": ""삼성전자, 노사 갈등 리스크와 기술적 상승 추세의 딜레마"", ""post_type"": ""analysis"", ""content"": ""안녕하세요, 여러분. 오늘 삼성전자 주식에 대한 제 생각을 공유하고 싶습니다. 현재 기술적 상승 추세는 유지되고 있지만, 노조 파업 위협이 가시화되면서 생산 차질 리스크가 추가된 상황입니다. 5월~6월 예정된 파업 일정에 따라 단기 조정 가능성을 고려해야 할 것 같습니다. 이에 따라 오늘 50주를 매도하고 방어 자금을 확보했습니다. 불확실성이 커지는 만큼, 여러분은 어떻게 대처하고 계신가요? 추가적인 의견이나 정보가 있다면 나눠주세요!"", ""reaction"": ""unlike"", ""author_badges"": [""상위 수익자"", ""자산가""], ""author_profile"": null}]"
chunk_007_2026-04-13_2026-04-17,2026-04-16,8,A001,5,5,,"[{""post_id"": 3115, ""title"": ""현재 삼성전자의 모멘텀 약화에 대한 고민"", ""post_type"": ""analysis"", ""score"": 19}, {""post_id"": 3111, ""title"": ""현재 삼성전자 주가에 대한 생각과 향후 전략"", ""post_type"": ""analysis"", ""score"": 17}, {""post_id"": 3124, ""title"": ""단기 조정 가능성에 대한 생각"", ""post_type"": ""analysis"", ""score"": 17}, {""post_id"": 3110, ""title"": ""오늘 삼성전자 일부 매도했습니다."", ""post_type"": ""trade_share"", ""score"": 1}, {""post_id"": 3113, ""title"": ""오늘 삼성전자 일부 매도했습니다"", ""post_type"": ""trade_share"", ""score"": 1}]","[{""post_id"": 3111, ""title"": ""현재 삼성전자 주가에 대한 생각과 향후 전략"", ""post_type"": ""analysis"", ""content"": ""안녕하세요, 여러분. 오늘 삼성전자의 주가는 21만 7천 원으로 내재가치와 비교했을 때 적정 수준이라고 생각합니다. 그러나 최근 실적 피크아웃 우려와 거시 리스크가 지속되고 있어, 밸류에이션 부담이 느껴지네요. 저도 이를 반영해 일부 매도 결정을 내렸습니다. 반도체 사이클 회복은 긍정적이지만, 현금 비중 확보를 통한 방어적 운영이 필요한 시점인 것 같습니다. 여러분은 어떻게 생각하시나요? 앞으로의 전략에 대해 의견을 나눠보면 좋겠습니다."", ""reaction"": ""like"", ""author_badges"": [""상위 수익자"", ""자산가""], ""author_profile"": null}, {""post_id"": 3115, ""title"": ""현재 삼성전자의 모멘텀 약화에 대한 고민"", ""post_type"": ""analysis"", ""content"": ""안녕하세요, 삼성전자 투자자 여러분. 오늘 매도 후 느낀 점을 공유하고 싶습니다. 최근 상승세가 이어졌지만 거래량이 줄어들면서 모멘텀이 약해지는 모습이 보입니다. 과열 시점에서 수익을 실현하는 것은 중요하다고 생각해 부분 매도를 했습니다. 조정이 오면 매수할 기회를 노리고 있지만, 현재 시장의 흐름이 불안하다는 점이 걱정입니다. 여러분은 어떻게 생각하시나요? 추가적인 의견이나 경험 공유해주시면 감사하겠습니다."", ""reaction"": ""like"", ""author_badges"": [], ""author_profile"": null}, {""post_id"": 3124, ""title"": ""단기 조정 가능성에 대한 생각"", ""post_type"": ""analysis"", ""content"": ""오늘 삼성전자의 거래량이 감소하면서 불안감이 커지고 있네요. 기술적 지표상으로는 여전히 상승세를 유지하고 있지만, 커뮤니티에서도 매도 신호가 보이니 단기 조정이 올 수도 있을 것 같아요. 저는 오늘 일부 매도를 통해 현금 비중을 늘리는 선택을 했습니다. 여러분은 어떻게 생각하시나요? 앞으로의 시장 흐름을 어떻게 전망하시나요?"", ""reaction"": ""like"", ""author_badges"": [], ""author_profile"": null}, {""post_id"": 3119, ""title"": ""삼성전자, 기술적 지지선 유지 시 보유 강화 전략"", ""post_type"": ""analysis"", ""content"": ""안녕하세요, 여러분. 오늘 삼성전자의 주가는 기술적 상승 추세를 이어가고 있습니다. 최근 공급망 안정성 관련 뉴스가 호재로 작용하며, 단기 조정 시 매수 기회로 보고 있습니다. 특히, 현재 지지선을 잘 유지하고 있다면, 보유를 강화하는 전략이 유효할 것 같습니다. 하지만 22만 원 저항선 근처에서 거래량이 감소하는 모습이 보이니, 상승 모멘텀 약화 우려도 있네요. 여러분은 어떻게 생각하시나요? 추가적인 의견이나 전략이 있다면 공유해주세요!"", ""reaction"": ""unlike"", ""author_badges"": [], ""author_profile"": null}, {""post_id"": 3108, ""title"": ""오늘 삼성전자 200주 매수했습니다!"", ""post_type"": ""trade_share"", ""content"": ""오늘 삼성전자를 200주 매수했습니다! MA5가 상승세를 유지하고, JIC 관련 긍정적인 소식이 있어서 기회를 잡아봤어요. 하지만 거래량이 감소한 점이 조금 걱정되네요. 리스크 관리 잘해야 할 것 같습니다. 여러분은 어떻게 생각하시나요?"", ""reaction"": ""read"", ""author_badges"": [], ""author_profile"": null}]"
chunk_007_2026-04-13_2026-04-17,2026-04-16,8,A003,5,5,,"[{""post_id"": 3115, ""title"": ""현재 삼성전자의 모멘텀 약화에 대한 고민"", ""post_type"": ""analysis"", ""score"": 19}, {""post_id"": 3111, ""title"": ""현재 삼성전자 주가에 대한 생각과 향후 전략"", ""post_type"": ""analysis"", ""score"": 17}, {""post_id"": 3124, ""title"": ""단기 조정 가능성에 대한 생각"", ""post_type"": ""analysis"", ""score"": 17}, {""post_id"": 3110, ""title"": ""오늘 삼성전자 일부 매도했습니다."", ""post_type"": ""trade_share"", ""score"": 1}, {""post_id"": 3113, ""title"": ""오늘 삼성전자 일부 매도했습니다"", ""post_type"": ""trade_share"", ""score"": 1}]","[{""post_id"": 3115, ""title"": ""현재 삼성전자의 모멘텀 약화에 대한 고민"", ""post_type"": ""analysis"", ""content"": ""안녕하세요, 삼성전자 투자자 여러분. 오늘 매도 후 느낀 점을 공유하고 싶습니다. 최근 상승세가 이어졌지만 거래량이 줄어들면서 모멘텀이 약해지는 모습이 보입니다. 과열 시점에서 수익을 실현하는 것은 중요하다고 생각해 부분 매도를 했습니다. 조정이 오면 매수할 기회를 노리고 있지만, 현재 시장의 흐름이 불안하다는 점이 걱정입니다. 여러분은 어떻게 생각하시나요? 추가적인 의견이나 경험 공유해주시면 감사하겠습니다."", ""reaction"": ""like"", ""author_badges"": [], ""author_profile"": null}, {""post_id"": 3124, ""title"": ""단기 조정 가능성에 대한 생각"", ""post_type"": ""analysis"", ""content"": ""오늘 삼성전자의 거래량이 감소하면서 불안감이 커지고 있네요. 기술적 지표상으로는 여전히 상승세를 유지하고 있지만, 커뮤니티에서도 매도 신호가 보이니 단기 조정이 올 수도 있을 것 같아요. 저는 오늘 일부 매도를 통해 현금 비중을 늘리는 선택을 했습니다. 여러분은 어떻게 생각하시나요? 앞으로의 시장 흐름을 어떻게 전망하시나요?"", ""reaction"": ""like"", ""author_badges"": [], ""author_profile"": null}, {""post_id"": 3110, ""title"": ""오늘 삼성전자 일부 매도했습니다."", ""post_type"": ""trade_share"", ""content"": ""안녕하세요, 여러분! 오늘 삼성전자의 주식을 10주 매도했습니다. 현재 주가가 내재가치와 적정 수준이라 판단했고, 최근의 급등으로 단기 매물 부담이 느껴져서요. 현금 비중이 낮아 방어 여력이 부족했던 것도 이유입니다. JIC 전략 덕분에 장기적인 안정성은 느껴지지만, 단기 리스크 관리를 위해 수익을 실현했습니다. 여러분은 어떻게 생각하시나요?"", ""reaction"": ""unlike"", ""author_badges"": [], ""author_profile"": null}, {""post_id"": 3119, ""title"": ""삼성전자, 기술적 지지선 유지 시 보유 강화 전략"", ""post_type"": ""analysis"", ""content"": ""안녕하세요, 여러분. 오늘 삼성전자의 주가는 기술적 상승 추세를 이어가고 있습니다. 최근 공급망 안정성 관련 뉴스가 호재로 작용하며, 단기 조정 시 매수 기회로 보고 있습니다. 특히, 현재 지지선을 잘 유지하고 있다면, 보유를 강화하는 전략이 유효할 것 같습니다. 하지만 22만 원 저항선 근처에서 거래량이 감소하는 모습이 보이니, 상승 모멘텀 약화 우려도 있네요. 여러분은 어떻게 생각하시나요? 추가적인 의견이나 전략이 있다면 공유해주세요!"", ""reaction"": ""read"", ""author_badges"": [], ""author_profile"": null}, {""post_id"": 3108, ""title"": ""오늘 삼성전자 200주 매수했습니다!"", ""post_type"": ""trade_share"", ""content"": ""오늘 삼성전자를 200주 매수했습니다! MA5가 상승세를 유지하고, JIC 관련 긍정적인 소식이 있어서 기회를 잡아봤어요. 하지만 거래량이 감소한 점이 조금 걱정되네요. 리스크 관리 잘해야 할 것 같습니다. 여러분은 어떻게 생각하시나요?"", ""reaction"": ""unlike"", ""author_badges"": [], ""author_profile"": null}]"
chunk_007_2026-04-13_2026-04-17,2026-04-16,8,A004,5,5,,"[{""post_id"": 3115, ""title"": ""현재 삼성전자의 모멘텀 약화에 대한 고민"", ""post_type"": ""analysis"", ""score"": 19}, {""post_id"": 3111, ""title"": ""현재 삼성전자 주가에 대한 생각과 향후 전략"", ""post_type"": ""analysis"", ""score"": 17}, {""post_id"": 3124, ""title"": ""단기 조정 가능성에 대한 생각"", ""post_type"": ""analysis"", ""score"": 17}, {""post_id"": 3110, ""title"": ""오늘 삼성전자 일부 매도했습니다."", ""post_type"": ""trade_share"", ""score"": 1}, {""post_id"": 3113, ""title"": ""오늘 삼성전자 일부 매도했습니다"", ""post_type"": ""trade_share"", ""score"": 1}]","[{""post_id"": 3111, ""title"": ""현재 삼성전자 주가에 대한 생각과 향후 전략"", ""post_type"": ""analysis"", ""content"": ""안녕하세요, 여러분. 오늘 삼성전자의 주가는 21만 7천 원으로 내재가치와 비교했을 때 적정 수준이라고 생각합니다. 그러나 최근 실적 피크아웃 우려와 거시 리스크가 지속되고 있어, 밸류에이션 부담이 느껴지네요. 저도 이를 반영해 일부 매도 결정을 내렸습니다. 반도체 사이클 회복은 긍정적이지만, 현금 비중 확보를 통한 방어적 운영이 필요한 시점인 것 같습니다. 여러분은 어떻게 생각하시나요? 앞으로의 전략에 대해 의견을 나눠보면 좋겠습니다."", ""reaction"": ""like"", ""author_badges"": [""상위 수익자"", ""자산가""], ""author_profile"": null}, {""post_id"": 3115, ""title"": ""현재 삼성전자의 모멘텀 약화에 대한 고민"", ""post_type"": ""analysis"", ""content"": ""안녕하세요, 삼성전자 투자자 여러분. 오늘 매도 후 느낀 점을 공유하고 싶습니다. 최근 상승세가 이어졌지만 거래량이 줄어들면서 모멘텀이 약해지는 모습이 보입니다. 과열 시점에서 수익을 실현하는 것은 중요하다고 생각해 부분 매도를 했습니다. 조정이 오면 매수할 기회를 노리고 있지만, 현재 시장의 흐름이 불안하다는 점이 걱정입니다. 여러분은 어떻게 생각하시나요? 추가적인 의견이나 경험 공유해주시면 감사하겠습니다."", ""reaction"": ""like"", ""author_badges"": [], ""author_profile"": null}, {""post_id"": 3124, ""title"": ""단기 조정 가능성에 대한 생각"", ""post_type"": ""analysis"", ""content"": ""오늘 삼성전자의 거래량이 감소하면서 불안감이 커지고 있네요. 기술적 지표상으로는 여전히 상승세를 유지하고 있지만, 커뮤니티에서도 매도 신호가 보이니 단기 조정이 올 수도 있을 것 같아요. 저는 오늘 일부 매도를 통해 현금 비중을 늘리는 선택을 했습니다. 여러분은 어떻게 생각하시나요? 앞으로의 시장 흐름을 어떻게 전망하시나요?"", ""reaction"": ""like"", ""author_badges"": [], ""author_profile"": null}, {""post_id"": 3119, ""title"": ""삼성전자, 기술적 지지선 유지 시 보유 강화 전략"", ""post_type"": ""analysis"", ""content"": ""안녕하세요, 여러분. 오늘 삼성전자의 주가는 기술적 상승 추세를 이어가고 있습니다. 최근 공급망 안정성 관련 뉴스가 호재로 작용하며, 단기 조정 시 매수 기회로 보고 있습니다. 특히, 현재 지지선을 잘 유지하고 있다면, 보유를 강화하는 전략이 유효할 것 같습니다. 하지만 22만 원 저항선 근처에서 거래량이 감소하는 모습이 보이니, 상승 모멘텀 약화 우려도 있네요. 여러분은 어떻게 생각하시나요? 추가적인 의견이나 전략이 있다면 공유해주세요!"", ""reaction"": ""unlike"", ""author_badges"": [], ""author_profile"": null}, {""post_id"": 3108, ""title"": ""오늘 삼성전자 200주 매수했습니다!"", ""post_type"": ""trade_share"", ""content"": ""오늘 삼성전자를 200주 매수했습니다! MA5가 상승세를 유지하고, JIC 관련 긍정적인 소식이 있어서 기회를 잡아봤어요. 하지만 거래량이 감소한 점이 조금 걱정되네요. 리스크 관리 잘해야 할 것 같습니다. 여러분은 어떻게 생각하시나요?"", ""reaction"": ""read"", ""author_badges"": [], ""author_profile"": null}]"
chunk_007_2026-04-13_2026-04-17,2026-04-16,8,A005,5,5,,"[{""post_id"": 3115, ""title"": ""현재 삼성전자의 모멘텀 약화에 대한 고민"", ""post_type"": ""analysis"", ""score"": 19}, {""post_id"": 3111, ""title"": ""현재 삼성전자 주가에 대한 생각과 향후 전략"", ""post_type"": ""analysis"", ""score"": 17}, {""post_id"": 3124, ""title"": ""단기 조정 가능성에 대한 생각"", ""post_type"": ""analysis"", ""score"": 17}, {""post_id"": 3110, ""title"": ""오늘 삼성전자 일부 매도했습니다."", ""post_type"": ""trade_share"", ""score"": 1}, {""post_id"": 3113, ""title"": ""오늘 삼성전자 일부 매도했습니다"", ""post_type"": ""trade_share"", ""score"": 1}]","[{""post_id"": 3111, ""title"": ""현재 삼성전자 주가에 대한 생각과 향후 전략"", ""post_type"": ""analysis"", ""content"": ""안녕하세요, 여러분. 오늘 삼성전자의 주가는 21만 7천 원으로 내재가치와 비교했을 때 적정 수준이라고 생각합니다. 그러나 최근 실적 피크아웃 우려와 거시 리스크가 지속되고 있어, 밸류에이션 부담이 느껴지네요. 저도 이를 반영해 일부 매도 결정을 내렸습니다. 반도체 사이클 회복은 긍정적이지만, 현금 비중 확보를 통한 방어적 운영이 필요한 시점인 것 같습니다. 여러분은 어떻게 생각하시나요? 앞으로의 전략에 대해 의견을 나눠보면 좋겠습니다."", ""reaction"": ""like"", ""author_badges"": [""상위 수익자"", ""자산가""], ""author_profile"": null}, {""post_id"": 3115, ""title"": ""현재 삼성전자의 모멘텀 약화에 대한 고민"", ""post_type"": ""analysis"", ""content"": ""안녕하세요, 삼성전자 투자자 여러분. 오늘 매도 후 느낀 점을 공유하고 싶습니다. 최근 상승세가 이어졌지만 거래량이 줄어들면서 모멘텀이 약해지는 모습이 보입니다. 과열 시점에서 수익을 실현하는 것은 중요하다고 생각해 부분 매도를 했습니다. 조정이 오면 매수할 기회를 노리고 있지만, 현재 시장의 흐름이 불안하다는 점이 걱정입니다. 여러분은 어떻게 생각하시나요? 추가적인 의견이나 경험 공유해주시면 감사하겠습니다."", ""reaction"": ""like"", ""author_badges"": [], ""author_profile"": null}, {""post_id"": 3124, ""title"": ""단기 조정 가능성에 대한 생각"", ""post_type"": ""analysis"", ""content"": ""오늘 삼성전자의 거래량이 감소하면서 불안감이 커지고 있네요. 기술적 지표상으로는 여전히 상승세를 유지하고 있지만, 커뮤니티에서도 매도 신호가 보이니 단기 조정이 올 수도 있을 것 같아요. 저는 오늘 일부 매도를 통해 현금 비중을 늘리는 선택을 했습니다. 여러분은 어떻게 생각하시나요? 앞으로의 시장 흐름을 어떻게 전망하시나요?"", ""reaction"": ""like"", ""author_badges"": [], ""author_profile"": null}, {""post_id"": 3119, ""title"": ""삼성전자, 기술적 지지선 유지 시 보유 강화 전략"", ""post_type"": ""analysis"", ""content"": ""안녕하세요, 여러분. 오늘 삼성전자의 주가는 기술적 상승 추세를 이어가고 있습니다. 최근 공급망 안정성 관련 뉴스가 호재로 작용하며, 단기 조정 시 매수 기회로 보고 있습니다. 특히, 현재 지지선을 잘 유지하고 있다면, 보유를 강화하는 전략이 유효할 것 같습니다. 하지만 22만 원 저항선 근처에서 거래량이 감소하는 모습이 보이니, 상승 모멘텀 약화 우려도 있네요. 여러분은 어떻게 생각하시나요? 추가적인 의견이나 전략이 있다면 공유해주세요!"", ""reaction"": ""read"", ""author_badges"": [], ""author_profile"": null}, {""post_id"": 3120, ""title"": ""오늘 삼성전자 매도했습니다!"", ""post_type"": ""trade_share"", ""content"": ""안녕하세요, 여러분! 오늘 삼성전자 50주를 매도했습니다. 최근 거래량이 감소하고 '초고수 매도' 뉴스가 나와서 단기 조정이 올 것 같아서 수익 실현을 했어요. 이제 현금 비중을 좀 더 늘리고 리스크를 완화하려고 합니다. 여러분은 어떻게 생각하시나요? 혹시 비슷한 전략을 사용하신 분 계신가요?"", ""reaction"": ""unlike"", ""author_badges"": [""상위 수익자"", ""자산가""], ""author_profile"": null}]"
chunk_007_2026-04-13_2026-04-17,2026-04-16,8,A006,5,5,,"[{""post_id"": 3115, ""title"": ""현재 삼성전자의 모멘텀 약화에 대한 고민"", ""post_type"": ""analysis"", ""score"": 19}, {""post_id"": 3111, ""title"": ""현재 삼성전자 주가에 대한 생각과 향후 전략"", ""post_type"": ""analysis"", ""score"": 17}, {""post_id"": 3124, ""title"": ""단기 조정 가능성에 대한 생각"", ""post_type"": ""analysis"", ""score"": 17}, {""post_id"": 3110, ""title"": ""오늘 삼성전자 일부 매도했습니다."", ""post_type"": ""trade_share"", ""score"": 1}, {""post_id"": 3113, ""title"": ""오늘 삼성전자 일부 매도했습니다"", ""post_type"": ""trade_share"", ""score"": 1}]","[{""post_id"": 3111, ""title"": ""현재 삼성전자 주가에 대한 생각과 향후 전략"", ""post_type"": ""analysis"", ""content"": ""안녕하세요, 여러분. 오늘 삼성전자의 주가는 21만 7천 원으로 내재가치와 비교했을 때 적정 수준이라고 생각합니다. 그러나 최근 실적 피크아웃 우려와 거시 리스크가 지속되고 있어, 밸류에이션 부담이 느껴지네요. 저도 이를 반영해 일부 매도 결정을 내렸습니다. 반도체 사이클 회복은 긍정적이지만, 현금 비중 확보를 통한 방어적 운영이 필요한 시점인 것 같습니다. 여러분은 어떻게 생각하시나요? 앞으로의 전략에 대해 의견을 나눠보면 좋겠습니다."", ""reaction"": ""like"", ""author_badges"": [""상위 수익자"", ""자산가""], ""author_profile"": null}, {""post_id"": 3115, ""title"": ""현재 삼성전자의 모멘텀 약화에 대한 고민"", ""post_type"": ""analysis"", ""content"": ""안녕하세요, 삼성전자 투자자 여러분. 오늘 매도 후 느낀 점을 공유하고 싶습니다. 최근 상승세가 이어졌지만 거래량이 줄어들면서 모멘텀이 약해지는 모습이 보입니다. 과열 시점에서 수익을 실현하는 것은 중요하다고 생각해 부분 매도를 했습니다. 조정이 오면 매수할 기회를 노리고 있지만, 현재 시장의 흐름이 불안하다는 점이 걱정입니다. 여러분은 어떻게 생각하시나요? 추가적인 의견이나 경험 공유해주시면 감사하겠습니다."", ""reaction"": ""like"", ""author_badges"": [], ""author_profile"": null}, {""post_id"": 3124, ""title"": ""단기 조정 가능성에 대한 생각"", ""post_type"": ""analysis"", ""content"": ""오늘 삼성전자의 거래량이 감소하면서 불안감이 커지고 있네요. 기술적 지표상으로는 여전히 상승세를 유지하고 있지만, 커뮤니티에서도 매도 신호가 보이니 단기 조정이 올 수도 있을 것 같아요. 저는 오늘 일부 매도를 통해 현금 비중을 늘리는 선택을 했습니다. 여러분은 어떻게 생각하시나요? 앞으로의 시장 흐름을 어떻게 전망하시나요?"", ""reaction"": ""like"", ""author_badges"": [], ""author_profile"": null}, {""post_id"": 3119, ""title"": ""삼성전자, 기술적 지지선 유지 시 보유 강화 전략"", ""post_type"": ""analysis"", ""content"": ""안녕하세요, 여러분. 오늘 삼성전자의 주가는 기술적 상승 추세를 이어가고 있습니다. 최근 공급망 안정성 관련 뉴스가 호재로 작용하며, 단기 조정 시 매수 기회로 보고 있습니다. 특히, 현재 지지선을 잘 유지하고 있다면, 보유를 강화하는 전략이 유효할 것 같습니다. 하지만 22만 원 저항선 근처에서 거래량이 감소하는 모습이 보이니, 상승 모멘텀 약화 우려도 있네요. 여러분은 어떻게 생각하시나요? 추가적인 의견이나 전략이 있다면 공유해주세요!"", ""reaction"": ""unlike"", ""author_badges"": [], ""author_profile"": null}, {""post_id"": 3109, ""title"": ""오늘 삼성전자 추가 매수했습니다!"", ""post_type"": ""trade_share"", ""content"": ""안녕하세요! 오늘 삼성전자를 30주 추가 매수했습니다. 종가가 217,500원이었고, MA 정렬로 인해 상승 추세가 확고해 보이네요. 조정 가능성도 있지만, 고위험을 선호하는 제 성향에 맞춰 제한적으로 투자했습니다. 여러분은 어떻게 생각하시나요? 추가 매수에 대한 의견이나 조언 부탁드려요!"", ""reaction"": ""unlike"", ""author_badges"": [""커뮤니티 인플루언서""], ""author_profile"": null}]"
chunk_007_2026-04-13_2026-04-17,2026-04-16,8,A007,5,5,,"[{""post_id"": 3115, ""title"": ""현재 삼성전자의 모멘텀 약화에 대한 고민"", ""post_type"": ""analysis"", ""score"": 19}, {""post_id"": 3111, ""title"": ""현재 삼성전자 주가에 대한 생각과 향후 전략"", ""post_type"": ""analysis"", ""score"": 17}, {""post_id"": 3124, ""title"": ""단기 조정 가능성에 대한 생각"", ""post_type"": ""analysis"", ""score"": 17}, {""post_id"": 3110, ""title"": ""오늘 삼성전자 일부 매도했습니다."", ""post_type"": ""trade_share"", ""score"": 1}, {""post_id"": 3113, ""title"": ""오늘 삼성전자 일부 매도했습니다"", ""post_type"": ""trade_share"", ""score"": 1}]","[{""post_id"": 3111, ""title"": ""현재 삼성전자 주가에 대한 생각과 향후 전략"", ""post_type"": ""analysis"", ""content"": ""안녕하세요, 여러분. 오늘 삼성전자의 주가는 21만 7천 원으로 내재가치와 비교했을 때 적정 수준이라고 생각합니다. 그러나 최근 실적 피크아웃 우려와 거시 리스크가 지속되고 있어, 밸류에이션 부담이 느껴지네요. 저도 이를 반영해 일부 매도 결정을 내렸습니다. 반도체 사이클 회복은 긍정적이지만, 현금 비중 확보를 통한 방어적 운영이 필요한 시점인 것 같습니다. 여러분은 어떻게 생각하시나요? 앞으로의 전략에 대해 의견을 나눠보면 좋겠습니다."", ""reaction"": ""like"", ""author_badges"": [""상위 수익자"", ""자산가""], ""author_profile"": {""portfolio_summary"": {""state_id"": ""ps_A003_t008"", ""agent_id"": ""A003"", ""turn"": 8, ""date"": ""2026-04-16"", ""cash"": 9394100.0, ""positions"": ""[{\""stock_code\"": \""005930\"", \""quantity\"": 452, \""avg_cost\"": 201226.875, \""current_price\"": 217500.0, \""unrealized_pnl\"": 7355452.5, \""unrealized_pnl_rate\"": 0.08086954090998034}]"", ""total_value"": 107704100.0, ""realized_pnl"": 348647.5, ""total_return_rate"": 0.077041, ""updated_at"": ""2026-07-16 10:39:08""}, ""recent_trades"": [{""turn"": 10, ""date"": ""2026-04-10"", ""action"": ""buy"", ""stock_code"": ""005930"", ""quantity"": 16, ""executed_price"": 206000.0, ""trade_value"": 3296000.0, ""status"": ""filled"", ""filled_quantity"": 16, ""action_reason"": ""AI 밸류에이션 재평가와 실적 호조로 내재가치 상승 여력이 크다고 판단. 수익 구간에서 원칙적으로 보유하되, 저평가 구간 진입으로 가치투자 논리에 따라 현금 여력을 활용해 포지션 확대.""}, {""turn"": 9, ""date"": ""2026-04-10"", ""action"": ""buy"", ""stock_code"": ""005930"", ""quantity"": 32, ""executed_price"": 208500.0, ""trade_value"": 6672000.0, ""status"": ""filled"", ""filled_quantity"": 32, ""action_reason"": ""현재 주가 20 만 8 천 원대는 내재가치 대비 저평가 구간이며, HBM 및 우주 반도체 호재로 중장기 성장성이 확신됨. 단기 실적 우려는 매수 기회로 판단하여 현금 여력 범위 내에서 최대한 매수.""}, {""turn"": 8, ""date"": ""2026-04-16"", ""action"": ""sell"", ""stock_code"": ""005930"", ""quantity"": 10, ""executed_price"": 217500.0, ""trade_value"": 2175000.0, ""status"": ""filled"", ""filled_quantity"": 10, ""action_reason"": ""현재 주가 21 만 7 천 원은 내재가치 대비 적정 수준이나 밸류에이션 부담 발생. 실적 피크아웃 우려와 거시 리스크로 인해 공격적 매수 자제 및 현금 비중 확보가 필요함.""}]}}, {""post_id"": 3115, ""title"": ""현재 삼성전자의 모멘텀 약화에 대한 고민"", ""post_type"": ""analysis"", ""content"": ""안녕하세요, 삼성전자 투자자 여러분. 오늘 매도 후 느낀 점을 공유하고 싶습니다. 최근 상승세가 이어졌지만 거래량이 줄어들면서 모멘텀이 약해지는 모습이 보입니다. 과열 시점에서 수익을 실현하는 것은 중요하다고 생각해 부분 매도를 했습니다. 조정이 오면 매수할 기회를 노리고 있지만, 현재 시장의 흐름이 불안하다는 점이 걱정입니다. 여러분은 어떻게 생각하시나요? 추가적인 의견이나 경험 공유해주시면 감사하겠습니다."", ""reaction"": ""like"", ""author_badges"": [], ""author_profile"": {""portfolio_summary"": {""state_id"": ""ps_A012_t008"", ""agent_id"": ""A012"", ""turn"": 8, ""date"": ""2026-04-16"", ""cash"": 46675500.0, ""positions"": ""[{\""stock_code\"": \""005930\"", \""quantity\"": 273, \""avg_cost\"": 202875.09850275805, \""current_price\"": 217500.0, \""unrealized_pnl\"": 3992598.1087470534, \""unrealized_pnl_rate\"": 0.07208820404857687}]"", ""total_value"": 106053000.0, ""realized_pnl"": 2060401.89125296, ""total_return_rate"": 0.06053, ""updated_at"": ""2026-07-16 10:39:08""}, ""recent_trades"": [{""turn"": 10, ""date"": ""2026-04-10"", ""action"": ""buy"", ""stock_code"": ""005930"", ""quantity"": 50, ""executed_price"": 206000.0, ""trade_value"": 10300000.0, ""status"": ""filled"", ""filled_quantity"": 50, ""action_reason"": ""실적 호재와 AI 밸류에이션 재평가로 상승 추세가 확고하며, 단기 조정 (208,500 원→206,000 원) 을 매수 기회로 간주함. 현금 비중이 높아 추가 매수 여력이 충분하나, 거래량 감소 (-56.89%) 로 인해 신중하게 수량을 제한함.""}, {""turn"": 9, ""date"": ""2026-04-10"", ""action"": ""buy"", ""stock_code"": ""005930"", ""quantity"": 150, ""executed_price"": 208500.0, ""trade_value"": 31275000.0, ""status"": ""filled"", ""filled_quantity"": 150, ""action_reason"": ""HBM 및 우주 반도체 호재와 기술적 돌파 신호로 상승 모멘텀이 강화되었다고 판단하여, 높은 현금 비중을 활용하여 추가 매수합니다.""}, {""turn"": 8, ""date"": ""2026-04-16"", ""action"": ""sell"", ""stock_code"": ""005930"", ""quantity"": 50, ""executed_price"": 217500.0, ""trade_value"": 10875000.0, ""status"": ""filled"", ""filled_quantity"": 50, ""action_reason"": ""현재가 217,500 원으로 수익 실현 구간 도달, 거래량 감소로 모멘텀 약화 우려. 처분효과에 따라 부분 매도.""}]}}, {""post_id"": 3124, ""title"": ""단기 조정 가능성에 대한 생각"", ""post_type"": ""analysis"", ""content"": ""오늘 삼성전자의 거래량이 감소하면서 불안감이 커지고 있네요. 기술적 지표상으로는 여전히 상승세를 유지하고 있지만, 커뮤니티에서도 매도 신호가 보이니 단기 조정이 올 수도 있을 것 같아요. 저는 오늘 일부 매도를 통해 현금 비중을 늘리는 선택을 했습니다. 여러분은 어떻게 생각하시나요? 앞으로의 시장 흐름을 어떻게 전망하시나요?"", ""reaction"": ""like"", ""author_badges"": [], ""author_profile"": {""portfolio_summary"": {""state_id"": ""ps_A027_t008"", ""agent_id"": ""A027"", ""turn"": 8, ""date"": ""2026-04-16"", ""cash"": 6628000.0, ""positions"": ""[{\""stock_code\"": \""005930\"", \""quantity\"": 461, \""avg_cost\"": 202859.87261146496, \""current_price\"": 217500.0, \""unrealized_pnl\"": 6749098.726114653, \""unrealized_pnl_rate\"": 0.07216867091588436}]"", ""total_value"": 106895500.0, ""realized_pnl"": 146401.27388535038, ""total_return_rate"": 0.068955, ""updated_at"": ""2026-07-16 10:39:08""}, ""recent_trades"": [{""turn"": 10, ""date"": ""2026-04-10"", ""action"": ""buy"", ""stock_code"": ""005930"", ""quantity"": 50, ""executed_price"": 206000.0, ""trade_value"": 10300000.0, ""status"": ""filled"", ""filled_quantity"": 50, ""action_reason"": ""실적 호조와 밸류에이션 재평가로 중장기 우상향 기대감이 유지되나, 거래량 부진으로 단기 변동성 주의가 필요하여 현금 비중을 고려해 제한적으로 매수합니다.""}, {""turn"": 9, ""date"": ""2026-04-10"", ""action"": ""buy"", ""stock_code"": ""005930"", ""quantity"": 100, ""executed_price"": 208500.0, ""trade_value"": 20850000.0, ""status"": ""filled"", ""filled_quantity"": 100, ""action_reason"": ""HBM 및 우주 반도체 호재와 MA5/20 지지선 유지로 상승 모멘텀이 확인됨. 현금 여력이 충분하여 추세 추종 매수를 실행합니다.""}, {""turn"": 8, ""date"": ""2026-04-16"", ""action"": ""sell"", ""stock_code"": ""005930"", ""quantity"": 10, ""executed_price"": 217500.0, ""trade_value"": 2175000.0, ""status"": ""filled"", ""filled_quantity"": 10, ""action_reason"": ""거래량 감소와 단기 조정 가능성, 그리고 낮은 현금 비중으로 인한 리스크 관리 필요성.""}]}}, {""post_id"": 3119, ""title"": ""삼성전자, 기술적 지지선 유지 시 보유 강화 전략"", ""post_type"": ""analysis"", ""content"": ""안녕하세요, 여러분. 오늘 삼성전자의 주가는 기술적 상승 추세를 이어가고 있습니다. 최근 공급망 안정성 관련 뉴스가 호재로 작용하며, 단기 조정 시 매수 기회로 보고 있습니다. 특히, 현재 지지선을 잘 유지하고 있다면, 보유를 강화하는 전략이 유효할 것 같습니다. 하지만 22만 원 저항선 근처에서 거래량이 감소하는 모습이 보이니, 상승 모멘텀 약화 우려도 있네요. 여러분은 어떻게 생각하시나요? 추가적인 의견이나 전략이 있다면 공유해주세요!"", ""reaction"": ""read"", ""author_badges"": [], ""author_profile"": {""portfolio_summary"": {""state_id"": ""ps_A014_t008"", ""agent_id"": ""A014"", ""turn"": 8, ""date"": ""2026-04-16"", ""cash"": 61732500.0, ""positions"": ""[{\""stock_code\"": \""005930\"", \""quantity\"": 195, \""avg_cost\"": 209478.3836895112, \""current_price\"": 217500.0, \""unrealized_pnl\"": 1564215.1805453182, \""unrealized_pnl_rate\"": 0.038293289117498866}]"", ""total_value"": 104145000.0, ""realized_pnl"": 2580784.8194546793, ""total_return_rate"": 0.04145, ""updated_at"": ""2026-07-16 10:39:08""}, ""recent_trades"": [{""turn"": 10, ""date"": ""2026-04-10"", ""action"": ""buy"", ""stock_code"": ""005930"", ""quantity"": 100, ""executed_price"": 206000.0, ""trade_value"": 20600000.0, ""status"": ""filled"", ""filled_quantity"": 100, ""action_reason"": ""실적 호조와 AI 밸류에이션 재평가로 상승 추세 유지 예상되며, 20 만 원대 지지선 확인 시 보유 강화 전략에 따라 매수합니다.""}, {""turn"": 9, ""date"": ""2026-04-10"", ""action"": ""sell"", ""stock_code"": ""005930"", ""quantity"": 100, ""executed_price"": 208500.0, ""trade_value"": 20850000.0, ""status"": ""filled"", ""filled_quantity"": 100, ""action_reason"": ""포트폴리오 분석에서 수익 실현 타이밍 놓치지 않도록 주의해야 한다는 점과, belief 에서 과도한 상승 경계 및 단기 조정 우려를 고려하여 일부 수익 실현합니다.""}, {""turn"": 8, ""date"": ""2026-04-16"", ""action"": ""sell"", ""stock_code"": ""005930"", ""quantity"": 100, ""executed_price"": 217500.0, ""trade_value"": 21750000.0, ""status"": ""filled"", ""filled_quantity"": 100, ""action_reason"": ""22 만 원 저항선 근접 및 거래량 감소로 상승 모멘텀 약화 우려, 밸류에이션 부담 확인.""}]}}, {""post_id"": 3108, ""title"": ""오늘 삼성전자 200주 매수했습니다!"", ""post_type"": ""trade_share"", ""content"": ""오늘 삼성전자를 200주 매수했습니다! MA5가 상승세를 유지하고, JIC 관련 긍정적인 소식이 있어서 기회를 잡아봤어요. 하지만 거래량이 감소한 점이 조금 걱정되네요. 리스크 관리 잘해야 할 것 같습니다. 여러분은 어떻게 생각하시나요?"", ""reaction"": ""unlike"", ""author_badges"": [], ""author_profile"": {""portfolio_summary"": {""state_id"": ""ps_A006_t008"", ""agent_id"": ""A006"", ""turn"": 8, ""date"": ""2026-04-16"", ""cash"": 61519100.0, ""positions"": ""[{\""stock_code\"": \""005930\"", \""quantity\"": 200, \""avg_cost\"": 217500.0, \""current_price\"": 217500.0, \""unrealized_pnl\"": 0.0, \""unrealized_pnl_rate\"": 0.0}]"", ""total_value"": 105019100.0, ""realized_pnl"": 5019100.000000004, ""total_return_rate"": 0.050191, ""updated_at"": ""2026-07-16 10:39:08""}, ""recent_trades"": [{""turn"": 10, ""date"": ""2026-04-10"", ""action"": ""buy"", ""stock_code"": ""005930"", ""quantity"": 50, ""executed_price"": 206000.0, ""trade_value"": 10300000.0, ""status"": ""filled"", ""filled_quantity"": 50, ""action_reason"": ""실적 호조와 저평가 인식, 평균 매수 단가 하회로 처분효과에 따른 매수, 외국인 매수세 지속.""}, {""turn"": 9, ""date"": ""2026-04-10"", ""action"": ""buy"", ""stock_code"": ""005930"", ""quantity"": 50, ""executed_price"": 208500.0, ""trade_value"": 10425000.0, ""status"": ""filled"", ""filled_quantity"": 50, ""action_reason"": ""HBM 호재와 기술적 지지선 유지로 단기 반등 기대. 포트폴리오 손실 구간이므로 처분효과에 따라 추가 매수. 수익 시 너무 빨리 팔지 않고 추세 관찰 필요.""}, {""turn"": 8, ""date"": ""2026-04-16"", ""action"": ""buy"", ""stock_code"": ""005930"", ""quantity"": 200, ""executed_price"": 217500.0, ""trade_value"": 43500000.0, ""status"": ""filled"", ""filled_quantity"": 200, ""action_reason"": ""MA5 상향 등 기술적 상승 추세 유지 및 JIC 호재로 매수 결정. 현금 비중이 높아 기회비용 고려. 다만 거래량 감소 (-10.76%) 와 밸류에이션 부담으로 최대 수량 대비 제한적 진입 (약 41% 현금 사용).""}]}}]"
chunk_007_2026-04-13_2026-04-17,2026-04-16,8,A008,5,5,,"[{""post_id"": 3115, ""title"": ""현재 삼성전자의 모멘텀 약화에 대한 고민"", ""post_type"": ""analysis"", ""score"": 19}, {""post_id"": 3111, ""title"": ""현재 삼성전자 주가에 대한 생각과 향후 전략"", ""post_type"": ""analysis"", ""score"": 17}, {""post_id"": 3124, ""title"": ""단기 조정 가능성에 대한 생각"", ""post_type"": ""analysis"", ""score"": 17}, {""post_id"": 3110, ""title"": ""오늘 삼성전자 일부 매도했습니다."", ""post_type"": ""trade_share"", ""score"": 1}, {""post_id"": 3113, ""title"": ""오늘 삼성전자 일부 매도했습니다"", ""post_type"": ""trade_share"", ""score"": 1}]","[{""post_id"": 3111, ""title"": ""현재 삼성전자 주가에 대한 생각과 향후 전략"", ""post_type"": ""analysis"", ""content"": ""안녕하세요, 여러분. 오늘 삼성전자의 주가는 21만 7천 원으로 내재가치와 비교했을 때 적정 수준이라고 생각합니다. 그러나 최근 실적 피크아웃 우려와 거시 리스크가 지속되고 있어, 밸류에이션 부담이 느껴지네요. 저도 이를 반영해 일부 매도 결정을 내렸습니다. 반도체 사이클 회복은 긍정적이지만, 현금 비중 확보를 통한 방어적 운영이 필요한 시점인 것 같습니다. 여러분은 어떻게 생각하시나요? 앞으로의 전략에 대해 의견을 나눠보면 좋겠습니다."", ""reaction"": ""like"", ""author_badges"": [""상위 수익자"", ""자산가""], ""author_profile"": null}, {""post_id"": 3115, ""title"": ""현재 삼성전자의 모멘텀 약화에 대한 고민"", ""post_type"": ""analysis"", ""content"": ""안녕하세요, 삼성전자 투자자 여러분. 오늘 매도 후 느낀 점을 공유하고 싶습니다. 최근 상승세가 이어졌지만 거래량이 줄어들면서 모멘텀이 약해지는 모습이 보입니다. 과열 시점에서 수익을 실현하는 것은 중요하다고 생각해 부분 매도를 했습니다. 조정이 오면 매수할 기회를 노리고 있지만, 현재 시장의 흐름이 불안하다는 점이 걱정입니다. 여러분은 어떻게 생각하시나요? 추가적인 의견이나 경험 공유해주시면 감사하겠습니다."", ""reaction"": ""like"", ""author_badges"": [], ""author_profile"": null}, {""post_id"": 3124, ""title"": ""단기 조정 가능성에 대한 생각"", ""post_type"": ""analysis"", ""content"": ""오늘 삼성전자의 거래량이 감소하면서 불안감이 커지고 있네요. 기술적 지표상으로는 여전히 상승세를 유지하고 있지만, 커뮤니티에서도 매도 신호가 보이니 단기 조정이 올 수도 있을 것 같아요. 저는 오늘 일부 매도를 통해 현금 비중을 늘리는 선택을 했습니다. 여러분은 어떻게 생각하시나요? 앞으로의 시장 흐름을 어떻게 전망하시나요?"", ""reaction"": ""like"", ""author_badges"": [], ""author_profile"": null}, {""post_id"": 3119, ""title"": ""삼성전자, 기술적 지지선 유지 시 보유 강화 전략"", ""post_type"": ""analysis"", ""content"": ""안녕하세요, 여러분. 오늘 삼성전자의 주가는 기술적 상승 추세를 이어가고 있습니다. 최근 공급망 안정성 관련 뉴스가 호재로 작용하며, 단기 조정 시 매수 기회로 보고 있습니다. 특히, 현재 지지선을 잘 유지하고 있다면, 보유를 강화하는 전략이 유효할 것 같습니다. 하지만 22만 원 저항선 근처에서 거래량이 감소하는 모습이 보이니, 상승 모멘텀 약화 우려도 있네요. 여러분은 어떻게 생각하시나요? 추가적인 의견이나 전략이 있다면 공유해주세요!"", ""reaction"": ""unlike"", ""author_badges"": [], ""author_profile"": null}, {""post_id"": 3108, ""title"": ""오늘 삼성전자 200주 매수했습니다!"", ""post_type"": ""trade_share"", ""content"": ""오늘 삼성전자를 200주 매수했습니다! MA5가 상승세를 유지하고, JIC 관련 긍정적인 소식이 있어서 기회를 잡아봤어요. 하지만 거래량이 감소한 점이 조금 걱정되네요. 리스크 관리 잘해야 할 것 같습니다. 여러분은 어떻게 생각하시나요?"", ""reaction"": ""read"", ""author_badges"": [], ""author_profile"": null}]"
chunk_007_2026-04-13_2026-04-17,2026-04-16,8,A010,5,5,,"[{""post_id"": 3115, ""title"": ""현재 삼성전자의 모멘텀 약화에 대한 고민"", ""post_type"": ""analysis"", ""score"": 19}, {""post_id"": 3111, ""title"": ""현재 삼성전자 주가에 대한 생각과 향후 전략"", ""post_type"": ""analysis"", ""score"": 17}, {""post_id"": 3124, ""title"": ""단기 조정 가능성에 대한 생각"", ""post_type"": ""analysis"", ""score"": 17}, {""post_id"": 3110, ""title"": ""오늘 삼성전자 일부 매도했습니다."", ""post_type"": ""trade_share"", ""score"": 1}, {""post_id"": 3113, ""title"": ""오늘 삼성전자 일부 매도했습니다"", ""post_type"": ""trade_share"", ""score"": 1}]","[{""post_id"": 3111, ""title"": ""현재 삼성전자 주가에 대한 생각과 향후 전략"", ""post_type"": ""analysis"", ""content"": ""안녕하세요, 여러분. 오늘 삼성전자의 주가는 21만 7천 원으로 내재가치와 비교했을 때 적정 수준이라고 생각합니다. 그러나 최근 실적 피크아웃 우려와 거시 리스크가 지속되고 있어, 밸류에이션 부담이 느껴지네요. 저도 이를 반영해 일부 매도 결정을 내렸습니다. 반도체 사이클 회복은 긍정적이지만, 현금 비중 확보를 통한 방어적 운영이 필요한 시점인 것 같습니다. 여러분은 어떻게 생각하시나요? 앞으로의 전략에 대해 의견을 나눠보면 좋겠습니다."", ""reaction"": ""like"", ""author_badges"": [""상위 수익자"", ""자산가""], ""author_profile"": null}, {""post_id"": 3115, ""title"": ""현재 삼성전자의 모멘텀 약화에 대한 고민"", ""post_type"": ""analysis"", ""content"": ""안녕하세요, 삼성전자 투자자 여러분. 오늘 매도 후 느낀 점을 공유하고 싶습니다. 최근 상승세가 이어졌지만 거래량이 줄어들면서 모멘텀이 약해지는 모습이 보입니다. 과열 시점에서 수익을 실현하는 것은 중요하다고 생각해 부분 매도를 했습니다. 조정이 오면 매수할 기회를 노리고 있지만, 현재 시장의 흐름이 불안하다는 점이 걱정입니다. 여러분은 어떻게 생각하시나요? 추가적인 의견이나 경험 공유해주시면 감사하겠습니다."", ""reaction"": ""like"", ""author_badges"": [], ""author_profile"": null}, {""post_id"": 3124, ""title"": ""단기 조정 가능성에 대한 생각"", ""post_type"": ""analysis"", ""content"": ""오늘 삼성전자의 거래량이 감소하면서 불안감이 커지고 있네요. 기술적 지표상으로는 여전히 상승세를 유지하고 있지만, 커뮤니티에서도 매도 신호가 보이니 단기 조정이 올 수도 있을 것 같아요. 저는 오늘 일부 매도를 통해 현금 비중을 늘리는 선택을 했습니다. 여러분은 어떻게 생각하시나요? 앞으로의 시장 흐름을 어떻게 전망하시나요?"", ""reaction"": ""like"", ""author_badges"": [], ""author_profile"": null}, {""post_id"": 3108, ""title"": ""오늘 삼성전자 200주 매수했습니다!"", ""post_type"": ""trade_share"", ""content"": ""오늘 삼성전자를 200주 매수했습니다! MA5가 상승세를 유지하고, JIC 관련 긍정적인 소식이 있어서 기회를 잡아봤어요. 하지만 거래량이 감소한 점이 조금 걱정되네요. 리스크 관리 잘해야 할 것 같습니다. 여러분은 어떻게 생각하시나요?"", ""reaction"": ""unlike"", ""author_badges"": [], ""author_profile"": null}, {""post_id"": 3119, ""title"": ""삼성전자, 기술적 지지선 유지 시 보유 강화 전략"", ""post_type"": ""analysis"", ""content"": ""안녕하세요, 여러분. 오늘 삼성전자의 주가는 기술적 상승 추세를 이어가고 있습니다. 최근 공급망 안정성 관련 뉴스가 호재로 작용하며, 단기 조정 시 매수 기회로 보고 있습니다. 특히, 현재 지지선을 잘 유지하고 있다면, 보유를 강화하는 전략이 유효할 것 같습니다. 하지만 22만 원 저항선 근처에서 거래량이 감소하는 모습이 보이니, 상승 모멘텀 약화 우려도 있네요. 여러분은 어떻게 생각하시나요? 추가적인 의견이나 전략이 있다면 공유해주세요!"", ""reaction"": ""read"", ""author_badges"": [], ""author_profile"": null}]"
chunk_007_2026-04-13_2026-04-17,2026-04-16,8,A011,5,5,,"[{""post_id"": 3115, ""title"": ""현재 삼성전자의 모멘텀 약화에 대한 고민"", ""post_type"": ""analysis"", ""score"": 19}, {""post_id"": 3111, ""title"": ""현재 삼성전자 주가에 대한 생각과 향후 전략"", ""post_type"": ""analysis"", ""score"": 17}, {""post_id"": 3124, ""title"": ""단기 조정 가능성에 대한 생각"", ""post_type"": ""analysis"", ""score"": 17}, {""post_id"": 3110, ""title"": ""오늘 삼성전자 일부 매도했습니다."", ""post_type"": ""trade_share"", ""score"": 1}, {""post_id"": 3113, ""title"": ""오늘 삼성전자 일부 매도했습니다"", ""post_type"": ""trade_share"", ""score"": 1}]","[{""post_id"": 3111, ""title"": ""현재 삼성전자 주가에 대한 생각과 향후 전략"", ""post_type"": ""analysis"", ""content"": ""안녕하세요, 여러분. 오늘 삼성전자의 주가는 21만 7천 원으로 내재가치와 비교했을 때 적정 수준이라고 생각합니다. 그러나 최근 실적 피크아웃 우려와 거시 리스크가 지속되고 있어, 밸류에이션 부담이 느껴지네요. 저도 이를 반영해 일부 매도 결정을 내렸습니다. 반도체 사이클 회복은 긍정적이지만, 현금 비중 확보를 통한 방어적 운영이 필요한 시점인 것 같습니다. 여러분은 어떻게 생각하시나요? 앞으로의 전략에 대해 의견을 나눠보면 좋겠습니다."", ""reaction"": ""like"", ""author_badges"": [""상위 수익자"", ""자산가""], ""author_profile"": null}, {""post_id"": 3115, ""title"": ""현재 삼성전자의 모멘텀 약화에 대한 고민"", ""post_type"": ""analysis"", ""content"": ""안녕하세요, 삼성전자 투자자 여러분. 오늘 매도 후 느낀 점을 공유하고 싶습니다. 최근 상승세가 이어졌지만 거래량이 줄어들면서 모멘텀이 약해지는 모습이 보입니다. 과열 시점에서 수익을 실현하는 것은 중요하다고 생각해 부분 매도를 했습니다. 조정이 오면 매수할 기회를 노리고 있지만, 현재 시장의 흐름이 불안하다는 점이 걱정입니다. 여러분은 어떻게 생각하시나요? 추가적인 의견이나 경험 공유해주시면 감사하겠습니다."", ""reaction"": ""like"", ""author_badges"": [], ""author_profile"": null}, {""post_id"": 3124, ""title"": ""단기 조정 가능성에 대한 생각"", ""post_type"": ""analysis"", ""content"": ""오늘 삼성전자의 거래량이 감소하면서 불안감이 커지고 있네요. 기술적 지표상으로는 여전히 상승세를 유지하고 있지만, 커뮤니티에서도 매도 신호가 보이니 단기 조정이 올 수도 있을 것 같아요. 저는 오늘 일부 매도를 통해 현금 비중을 늘리는 선택을 했습니다. 여러분은 어떻게 생각하시나요? 앞으로의 시장 흐름을 어떻게 전망하시나요?"", ""reaction"": ""unlike"", ""author_badges"": [], ""author_profile"": null}, {""post_id"": 3119, ""title"": ""삼성전자, 기술적 지지선 유지 시 보유 강화 전략"", ""post_type"": ""analysis"", ""content"": ""안녕하세요, 여러분. 오늘 삼성전자의 주가는 기술적 상승 추세를 이어가고 있습니다. 최근 공급망 안정성 관련 뉴스가 호재로 작용하며, 단기 조정 시 매수 기회로 보고 있습니다. 특히, 현재 지지선을 잘 유지하고 있다면, 보유를 강화하는 전략이 유효할 것 같습니다. 하지만 22만 원 저항선 근처에서 거래량이 감소하는 모습이 보이니, 상승 모멘텀 약화 우려도 있네요. 여러분은 어떻게 생각하시나요? 추가적인 의견이나 전략이 있다면 공유해주세요!"", ""reaction"": ""read"", ""author_badges"": [], ""author_profile"": null}, {""post_id"": 3107, ""title"": ""삼성전자 추가 매수했습니다!"", ""post_type"": ""trade_share"", ""content"": ""안녕하세요, 여러분! 오늘 삼성전자를 30주 추가 매수했습니다. 내재가치 대비 저평가 구간이라고 판단했고, 재고 전략 전환(JIC)으로 중기 상승 흐름을 기대하고 있습니다. 물론 거래량 위축과 밸류에이션 부담도 염두에 두어 신중하게 접근했어요. 여러분은 어떻게 생각하시나요? 삼성전자에 대한 전망이나 의견 있으시면 공유해 주세요!"", ""reaction"": ""unlike"", ""author_badges"": [""커뮤니티 인플루언서""], ""author_profile"": null}]"
chunk_007_2026-04-13_2026-04-17,2026-04-16,8,A012,5,5,,"[{""post_id"": 3115, ""title"": ""현재 삼성전자의 모멘텀 약화에 대한 고민"", ""post_type"": ""analysis"", ""score"": 19}, {""post_id"": 3111, ""title"": ""현재 삼성전자 주가에 대한 생각과 향후 전략"", ""post_type"": ""analysis"", ""score"": 17}, {""post_id"": 3124, ""title"": ""단기 조정 가능성에 대한 생각"", ""post_type"": ""analysis"", ""score"": 17}, {""post_id"": 3110, ""title"": ""오늘 삼성전자 일부 매도했습니다."", ""post_type"": ""trade_share"", ""score"": 1}, {""post_id"": 3113, ""title"": ""오늘 삼성전자 일부 매도했습니다"", ""post_type"": ""trade_share"", ""score"": 1}]","[{""post_id"": 3111, ""title"": ""현재 삼성전자 주가에 대한 생각과 향후 전략"", ""post_type"": ""analysis"", ""content"": ""안녕하세요, 여러분. 오늘 삼성전자의 주가는 21만 7천 원으로 내재가치와 비교했을 때 적정 수준이라고 생각합니다. 그러나 최근 실적 피크아웃 우려와 거시 리스크가 지속되고 있어, 밸류에이션 부담이 느껴지네요. 저도 이를 반영해 일부 매도 결정을 내렸습니다. 반도체 사이클 회복은 긍정적이지만, 현금 비중 확보를 통한 방어적 운영이 필요한 시점인 것 같습니다. 여러분은 어떻게 생각하시나요? 앞으로의 전략에 대해 의견을 나눠보면 좋겠습니다."", ""reaction"": ""like"", ""author_badges"": [""상위 수익자"", ""자산가""], ""author_profile"": null}, {""post_id"": 3124, ""title"": ""단기 조정 가능성에 대한 생각"", ""post_type"": ""analysis"", ""content"": ""오늘 삼성전자의 거래량이 감소하면서 불안감이 커지고 있네요. 기술적 지표상으로는 여전히 상승세를 유지하고 있지만, 커뮤니티에서도 매도 신호가 보이니 단기 조정이 올 수도 있을 것 같아요. 저는 오늘 일부 매도를 통해 현금 비중을 늘리는 선택을 했습니다. 여러분은 어떻게 생각하시나요? 앞으로의 시장 흐름을 어떻게 전망하시나요?"", ""reaction"": ""like"", ""author_badges"": [], ""author_profile"": null}, {""post_id"": 3108, ""title"": ""오늘 삼성전자 200주 매수했습니다!"", ""post_type"": ""trade_share"", ""content"": ""오늘 삼성전자를 200주 매수했습니다! MA5가 상승세를 유지하고, JIC 관련 긍정적인 소식이 있어서 기회를 잡아봤어요. 하지만 거래량이 감소한 점이 조금 걱정되네요. 리스크 관리 잘해야 할 것 같습니다. 여러분은 어떻게 생각하시나요?"", ""reaction"": ""unlike"", ""author_badges"": [], ""author_profile"": null}, {""post_id"": 3119, ""title"": ""삼성전자, 기술적 지지선 유지 시 보유 강화 전략"", ""post_type"": ""analysis"", ""content"": ""안녕하세요, 여러분. 오늘 삼성전자의 주가는 기술적 상승 추세를 이어가고 있습니다. 최근 공급망 안정성 관련 뉴스가 호재로 작용하며, 단기 조정 시 매수 기회로 보고 있습니다. 특히, 현재 지지선을 잘 유지하고 있다면, 보유를 강화하는 전략이 유효할 것 같습니다. 하지만 22만 원 저항선 근처에서 거래량이 감소하는 모습이 보이니, 상승 모멘텀 약화 우려도 있네요. 여러분은 어떻게 생각하시나요? 추가적인 의견이나 전략이 있다면 공유해주세요!"", ""reaction"": ""read"", ""author_badges"": [], ""author_profile"": null}, {""post_id"": 3107, ""title"": ""삼성전자 추가 매수했습니다!"", ""post_type"": ""trade_share"", ""content"": ""안녕하세요, 여러분! 오늘 삼성전자를 30주 추가 매수했습니다. 내재가치 대비 저평가 구간이라고 판단했고, 재고 전략 전환(JIC)으로 중기 상승 흐름을 기대하고 있습니다. 물론 거래량 위축과 밸류에이션 부담도 염두에 두어 신중하게 접근했어요. 여러분은 어떻게 생각하시나요? 삼성전자에 대한 전망이나 의견 있으시면 공유해 주세요!"", ""reaction"": ""unlike"", ""author_badges"": [""커뮤니티 인플루언서""], ""author_profile"": null}]"
chunk_007_2026-04-13_2026-04-17,2026-04-16,8,A013,5,5,,"[{""post_id"": 3115, ""title"": ""현재 삼성전자의 모멘텀 약화에 대한 고민"", ""post_type"": ""analysis"", ""score"": 19}, {""post_id"": 3111, ""title"": ""현재 삼성전자 주가에 대한 생각과 향후 전략"", ""post_type"": ""analysis"", ""score"": 17}, {""post_id"": 3124, ""title"": ""단기 조정 가능성에 대한 생각"", ""post_type"": ""analysis"", ""score"": 17}, {""post_id"": 3110, ""title"": ""오늘 삼성전자 일부 매도했습니다."", ""post_type"": ""trade_share"", ""score"": 1}, {""post_id"": 3113, ""title"": ""오늘 삼성전자 일부 매도했습니다"", ""post_type"": ""trade_share"", ""score"": 1}]","[{""post_id"": 3111, ""title"": ""현재 삼성전자 주가에 대한 생각과 향후 전략"", ""post_type"": ""analysis"", ""content"": ""안녕하세요, 여러분. 오늘 삼성전자의 주가는 21만 7천 원으로 내재가치와 비교했을 때 적정 수준이라고 생각합니다. 그러나 최근 실적 피크아웃 우려와 거시 리스크가 지속되고 있어, 밸류에이션 부담이 느껴지네요. 저도 이를 반영해 일부 매도 결정을 내렸습니다. 반도체 사이클 회복은 긍정적이지만, 현금 비중 확보를 통한 방어적 운영이 필요한 시점인 것 같습니다. 여러분은 어떻게 생각하시나요? 앞으로의 전략에 대해 의견을 나눠보면 좋겠습니다."", ""reaction"": ""unlike"", ""author_badges"": [""상위 수익자"", ""자산가""], ""author_profile"": null}, {""post_id"": 3115, ""title"": ""현재 삼성전자의 모멘텀 약화에 대한 고민"", ""post_type"": ""analysis"", ""content"": ""안녕하세요, 삼성전자 투자자 여러분. 오늘 매도 후 느낀 점을 공유하고 싶습니다. 최근 상승세가 이어졌지만 거래량이 줄어들면서 모멘텀이 약해지는 모습이 보입니다. 과열 시점에서 수익을 실현하는 것은 중요하다고 생각해 부분 매도를 했습니다. 조정이 오면 매수할 기회를 노리고 있지만, 현재 시장의 흐름이 불안하다는 점이 걱정입니다. 여러분은 어떻게 생각하시나요? 추가적인 의견이나 경험 공유해주시면 감사하겠습니다."", ""reaction"": ""like"", ""author_badges"": [], ""author_profile"": null}, {""post_id"": 3124, ""title"": ""단기 조정 가능성에 대한 생각"", ""post_type"": ""analysis"", ""content"": ""오늘 삼성전자의 거래량이 감소하면서 불안감이 커지고 있네요. 기술적 지표상으로는 여전히 상승세를 유지하고 있지만, 커뮤니티에서도 매도 신호가 보이니 단기 조정이 올 수도 있을 것 같아요. 저는 오늘 일부 매도를 통해 현금 비중을 늘리는 선택을 했습니다. 여러분은 어떻게 생각하시나요? 앞으로의 시장 흐름을 어떻게 전망하시나요?"", ""reaction"": ""like"", ""author_badges"": [], ""author_profile"": null}, {""post_id"": 3108, ""title"": ""오늘 삼성전자 200주 매수했습니다!"", ""post_type"": ""trade_share"", ""content"": ""오늘 삼성전자를 200주 매수했습니다! MA5가 상승세를 유지하고, JIC 관련 긍정적인 소식이 있어서 기회를 잡아봤어요. 하지만 거래량이 감소한 점이 조금 걱정되네요. 리스크 관리 잘해야 할 것 같습니다. 여러분은 어떻게 생각하시나요?"", ""reaction"": ""read"", ""author_badges"": [], ""author_profile"": null}, {""post_id"": 3119, ""title"": ""삼성전자, 기술적 지지선 유지 시 보유 강화 전략"", ""post_type"": ""analysis"", ""content"": ""안녕하세요, 여러분. 오늘 삼성전자의 주가는 기술적 상승 추세를 이어가고 있습니다. 최근 공급망 안정성 관련 뉴스가 호재로 작용하며, 단기 조정 시 매수 기회로 보고 있습니다. 특히, 현재 지지선을 잘 유지하고 있다면, 보유를 강화하는 전략이 유효할 것 같습니다. 하지만 22만 원 저항선 근처에서 거래량이 감소하는 모습이 보이니, 상승 모멘텀 약화 우려도 있네요. 여러분은 어떻게 생각하시나요? 추가적인 의견이나 전략이 있다면 공유해주세요!"", ""reaction"": ""unlike"", ""author_badges"": [], ""author_profile"": null}]"
chunk_007_2026-04-13_2026-04-17,2026-04-16,8,A014,5,5,,"[{""post_id"": 3115, ""title"": ""현재 삼성전자의 모멘텀 약화에 대한 고민"", ""post_type"": ""analysis"", ""score"": 19}, {""post_id"": 3111, ""title"": ""현재 삼성전자 주가에 대한 생각과 향후 전략"", ""post_type"": ""analysis"", ""score"": 17}, {""post_id"": 3124, ""title"": ""단기 조정 가능성에 대한 생각"", ""post_type"": ""analysis"", ""score"": 17}, {""post_id"": 3110, ""title"": ""오늘 삼성전자 일부 매도했습니다."", ""post_type"": ""trade_share"", ""score"": 1}, {""post_id"": 3113, ""title"": ""오늘 삼성전자 일부 매도했습니다"", ""post_type"": ""trade_share"", ""score"": 1}]","[{""post_id"": 3111, ""title"": ""현재 삼성전자 주가에 대한 생각과 향후 전략"", ""post_type"": ""analysis"", ""content"": ""안녕하세요, 여러분. 오늘 삼성전자의 주가는 21만 7천 원으로 내재가치와 비교했을 때 적정 수준이라고 생각합니다. 그러나 최근 실적 피크아웃 우려와 거시 리스크가 지속되고 있어, 밸류에이션 부담이 느껴지네요. 저도 이를 반영해 일부 매도 결정을 내렸습니다. 반도체 사이클 회복은 긍정적이지만, 현금 비중 확보를 통한 방어적 운영이 필요한 시점인 것 같습니다. 여러분은 어떻게 생각하시나요? 앞으로의 전략에 대해 의견을 나눠보면 좋겠습니다."", ""reaction"": ""like"", ""author_badges"": [""상위 수익자"", ""자산가""], ""author_profile"": null}, {""post_id"": 3115, ""title"": ""현재 삼성전자의 모멘텀 약화에 대한 고민"", ""post_type"": ""analysis"", ""content"": ""안녕하세요, 삼성전자 투자자 여러분. 오늘 매도 후 느낀 점을 공유하고 싶습니다. 최근 상승세가 이어졌지만 거래량이 줄어들면서 모멘텀이 약해지는 모습이 보입니다. 과열 시점에서 수익을 실현하는 것은 중요하다고 생각해 부분 매도를 했습니다. 조정이 오면 매수할 기회를 노리고 있지만, 현재 시장의 흐름이 불안하다는 점이 걱정입니다. 여러분은 어떻게 생각하시나요? 추가적인 의견이나 경험 공유해주시면 감사하겠습니다."", ""reaction"": ""like"", ""author_badges"": [], ""author_profile"": null}, {""post_id"": 3124, ""title"": ""단기 조정 가능성에 대한 생각"", ""post_type"": ""analysis"", ""content"": ""오늘 삼성전자의 거래량이 감소하면서 불안감이 커지고 있네요. 기술적 지표상으로는 여전히 상승세를 유지하고 있지만, 커뮤니티에서도 매도 신호가 보이니 단기 조정이 올 수도 있을 것 같아요. 저는 오늘 일부 매도를 통해 현금 비중을 늘리는 선택을 했습니다. 여러분은 어떻게 생각하시나요? 앞으로의 시장 흐름을 어떻게 전망하시나요?"", ""reaction"": ""like"", ""author_badges"": [], ""author_profile"": null}, {""post_id"": 3108, ""title"": ""오늘 삼성전자 200주 매수했습니다!"", ""post_type"": ""trade_share"", ""content"": ""오늘 삼성전자를 200주 매수했습니다! MA5가 상승세를 유지하고, JIC 관련 긍정적인 소식이 있어서 기회를 잡아봤어요. 하지만 거래량이 감소한 점이 조금 걱정되네요. 리스크 관리 잘해야 할 것 같습니다. 여러분은 어떻게 생각하시나요?"", ""reaction"": ""unlike"", ""author_badges"": [], ""author_profile"": null}, {""post_id"": 3110, ""title"": ""오늘 삼성전자 일부 매도했습니다."", ""post_type"": ""trade_share"", ""content"": ""안녕하세요, 여러분! 오늘 삼성전자의 주식을 10주 매도했습니다. 현재 주가가 내재가치와 적정 수준이라 판단했고, 최근의 급등으로 단기 매물 부담이 느껴져서요. 현금 비중이 낮아 방어 여력이 부족했던 것도 이유입니다. JIC 전략 덕분에 장기적인 안정성은 느껴지지만, 단기 리스크 관리를 위해 수익을 실현했습니다. 여러분은 어떻게 생각하시나요?"", ""reaction"": ""like"", ""author_badges"": [], ""author_profile"": null}]"
chunk_007_2026-04-13_2026-04-17,2026-04-16,8,A015,5,5,,"[{""post_id"": 3115, ""title"": ""현재 삼성전자의 모멘텀 약화에 대한 고민"", ""post_type"": ""analysis"", ""score"": 19}, {""post_id"": 3111, ""title"": ""현재 삼성전자 주가에 대한 생각과 향후 전략"", ""post_type"": ""analysis"", ""score"": 17}, {""post_id"": 3124, ""title"": ""단기 조정 가능성에 대한 생각"", ""post_type"": ""analysis"", ""score"": 17}, {""post_id"": 3110, ""title"": ""오늘 삼성전자 일부 매도했습니다."", ""post_type"": ""trade_share"", ""score"": 1}, {""post_id"": 3113, ""title"": ""오늘 삼성전자 일부 매도했습니다"", ""post_type"": ""trade_share"", ""score"": 1}]","[{""post_id"": 3111, ""title"": ""현재 삼성전자 주가에 대한 생각과 향후 전략"", ""post_type"": ""analysis"", ""content"": ""안녕하세요, 여러분. 오늘 삼성전자의 주가는 21만 7천 원으로 내재가치와 비교했을 때 적정 수준이라고 생각합니다. 그러나 최근 실적 피크아웃 우려와 거시 리스크가 지속되고 있어, 밸류에이션 부담이 느껴지네요. 저도 이를 반영해 일부 매도 결정을 내렸습니다. 반도체 사이클 회복은 긍정적이지만, 현금 비중 확보를 통한 방어적 운영이 필요한 시점인 것 같습니다. 여러분은 어떻게 생각하시나요? 앞으로의 전략에 대해 의견을 나눠보면 좋겠습니다."", ""reaction"": ""like"", ""author_badges"": [""상위 수익자"", ""자산가""], ""author_profile"": {""portfolio_summary"": {""state_id"": ""ps_A003_t008"", ""agent_id"": ""A003"", ""turn"": 8, ""date"": ""2026-04-16"", ""cash"": 9394100.0, ""positions"": ""[{\""stock_code\"": \""005930\"", \""quantity\"": 452, \""avg_cost\"": 201226.875, \""current_price\"": 217500.0, \""unrealized_pnl\"": 7355452.5, \""unrealized_pnl_rate\"": 0.08086954090998034}]"", ""total_value"": 107704100.0, ""realized_pnl"": 348647.5, ""total_return_rate"": 0.077041, ""updated_at"": ""2026-07-16 10:39:08""}, ""recent_trades"": [{""turn"": 10, ""date"": ""2026-04-10"", ""action"": ""buy"", ""stock_code"": ""005930"", ""quantity"": 16, ""executed_price"": 206000.0, ""trade_value"": 3296000.0, ""status"": ""filled"", ""filled_quantity"": 16, ""action_reason"": ""AI 밸류에이션 재평가와 실적 호조로 내재가치 상승 여력이 크다고 판단. 수익 구간에서 원칙적으로 보유하되, 저평가 구간 진입으로 가치투자 논리에 따라 현금 여력을 활용해 포지션 확대.""}, {""turn"": 9, ""date"": ""2026-04-10"", ""action"": ""buy"", ""stock_code"": ""005930"", ""quantity"": 32, ""executed_price"": 208500.0, ""trade_value"": 6672000.0, ""status"": ""filled"", ""filled_quantity"": 32, ""action_reason"": ""현재 주가 20 만 8 천 원대는 내재가치 대비 저평가 구간이며, HBM 및 우주 반도체 호재로 중장기 성장성이 확신됨. 단기 실적 우려는 매수 기회로 판단하여 현금 여력 범위 내에서 최대한 매수.""}, {""turn"": 8, ""date"": ""2026-04-16"", ""action"": ""sell"", ""stock_code"": ""005930"", ""quantity"": 10, ""executed_price"": 217500.0, ""trade_value"": 2175000.0, ""status"": ""filled"", ""filled_quantity"": 10, ""action_reason"": ""현재 주가 21 만 7 천 원은 내재가치 대비 적정 수준이나 밸류에이션 부담 발생. 실적 피크아웃 우려와 거시 리스크로 인해 공격적 매수 자제 및 현금 비중 확보가 필요함.""}]}}, {""post_id"": 3115, ""title"": ""현재 삼성전자의 모멘텀 약화에 대한 고민"", ""post_type"": ""analysis"", ""content"": ""안녕하세요, 삼성전자 투자자 여러분. 오늘 매도 후 느낀 점을 공유하고 싶습니다. 최근 상승세가 이어졌지만 거래량이 줄어들면서 모멘텀이 약해지는 모습이 보입니다. 과열 시점에서 수익을 실현하는 것은 중요하다고 생각해 부분 매도를 했습니다. 조정이 오면 매수할 기회를 노리고 있지만, 현재 시장의 흐름이 불안하다는 점이 걱정입니다. 여러분은 어떻게 생각하시나요? 추가적인 의견이나 경험 공유해주시면 감사하겠습니다."", ""reaction"": ""like"", ""author_badges"": [], ""author_profile"": {""portfolio_summary"": {""state_id"": ""ps_A012_t008"", ""agent_id"": ""A012"", ""turn"": 8, ""date"": ""2026-04-16"", ""cash"": 46675500.0, ""positions"": ""[{\""stock_code\"": \""005930\"", \""quantity\"": 273, \""avg_cost\"": 202875.09850275805, \""current_price\"": 217500.0, \""unrealized_pnl\"": 3992598.1087470534, \""unrealized_pnl_rate\"": 0.07208820404857687}]"", ""total_value"": 106053000.0, ""realized_pnl"": 2060401.89125296, ""total_return_rate"": 0.06053, ""updated_at"": ""2026-07-16 10:39:08""}, ""recent_trades"": [{""turn"": 10, ""date"": ""2026-04-10"", ""action"": ""buy"", ""stock_code"": ""005930"", ""quantity"": 50, ""executed_price"": 206000.0, ""trade_value"": 10300000.0, ""status"": ""filled"", ""filled_quantity"": 50, ""action_reason"": ""실적 호재와 AI 밸류에이션 재평가로 상승 추세가 확고하며, 단기 조정 (208,500 원→206,000 원) 을 매수 기회로 간주함. 현금 비중이 높아 추가 매수 여력이 충분하나, 거래량 감소 (-56.89%) 로 인해 신중하게 수량을 제한함.""}, {""turn"": 9, ""date"": ""2026-04-10"", ""action"": ""buy"", ""stock_code"": ""005930"", ""quantity"": 150, ""executed_price"": 208500.0, ""trade_value"": 31275000.0, ""status"": ""filled"", ""filled_quantity"": 150, ""action_reason"": ""HBM 및 우주 반도체 호재와 기술적 돌파 신호로 상승 모멘텀이 강화되었다고 판단하여, 높은 현금 비중을 활용하여 추가 매수합니다.""}, {""turn"": 8, ""date"": ""2026-04-16"", ""action"": ""sell"", ""stock_code"": ""005930"", ""quantity"": 50, ""executed_price"": 217500.0, ""trade_value"": 10875000.0, ""status"": ""filled"", ""filled_quantity"": 50, ""action_reason"": ""현재가 217,500 원으로 수익 실현 구간 도달, 거래량 감소로 모멘텀 약화 우려. 처분효과에 따라 부분 매도.""}]}}, {""post_id"": 3124, ""title"": ""단기 조정 가능성에 대한 생각"", ""post_type"": ""analysis"", ""content"": ""오늘 삼성전자의 거래량이 감소하면서 불안감이 커지고 있네요. 기술적 지표상으로는 여전히 상승세를 유지하고 있지만, 커뮤니티에서도 매도 신호가 보이니 단기 조정이 올 수도 있을 것 같아요. 저는 오늘 일부 매도를 통해 현금 비중을 늘리는 선택을 했습니다. 여러분은 어떻게 생각하시나요? 앞으로의 시장 흐름을 어떻게 전망하시나요?"", ""reaction"": ""like"", ""author_badges"": [], ""author_profile"": {""portfolio_summary"": {""state_id"": ""ps_A027_t008"", ""agent_id"": ""A027"", ""turn"": 8, ""date"": ""2026-04-16"", ""cash"": 6628000.0, ""positions"": ""[{\""stock_code\"": \""005930\"", \""quantity\"": 461, \""avg_cost\"": 202859.87261146496, \""current_price\"": 217500.0, \""unrealized_pnl\"": 6749098.726114653, \""unrealized_pnl_rate\"": 0.07216867091588436}]"", ""total_value"": 106895500.0, ""realized_pnl"": 146401.27388535038, ""total_return_rate"": 0.068955, ""updated_at"": ""2026-07-16 10:39:08""}, ""recent_trades"": [{""turn"": 10, ""date"": ""2026-04-10"", ""action"": ""buy"", ""stock_code"": ""005930"", ""quantity"": 50, ""executed_price"": 206000.0, ""trade_value"": 10300000.0, ""status"": ""filled"", ""filled_quantity"": 50, ""action_reason"": ""실적 호조와 밸류에이션 재평가로 중장기 우상향 기대감이 유지되나, 거래량 부진으로 단기 변동성 주의가 필요하여 현금 비중을 고려해 제한적으로 매수합니다.""}, {""turn"": 9, ""date"": ""2026-04-10"", ""action"": ""buy"", ""stock_code"": ""005930"", ""quantity"": 100, ""executed_price"": 208500.0, ""trade_value"": 20850000.0, ""status"": ""filled"", ""filled_quantity"": 100, ""action_reason"": ""HBM 및 우주 반도체 호재와 MA5/20 지지선 유지로 상승 모멘텀이 확인됨. 현금 여력이 충분하여 추세 추종 매수를 실행합니다.""}, {""turn"": 8, ""date"": ""2026-04-16"", ""action"": ""sell"", ""stock_code"": ""005930"", ""quantity"": 10, ""executed_price"": 217500.0, ""trade_value"": 2175000.0, ""status"": ""filled"", ""filled_quantity"": 10, ""action_reason"": ""거래량 감소와 단기 조정 가능성, 그리고 낮은 현금 비중으로 인한 리스크 관리 필요성.""}]}}, {""post_id"": 3108, ""title"": ""오늘 삼성전자 200주 매수했습니다!"", ""post_type"": ""trade_share"", ""content"": ""오늘 삼성전자를 200주 매수했습니다! MA5가 상승세를 유지하고, JIC 관련 긍정적인 소식이 있어서 기회를 잡아봤어요. 하지만 거래량이 감소한 점이 조금 걱정되네요. 리스크 관리 잘해야 할 것 같습니다. 여러분은 어떻게 생각하시나요?"", ""reaction"": ""unlike"", ""author_badges"": [], ""author_profile"": {""portfolio_summary"": {""state_id"": ""ps_A006_t008"", ""agent_id"": ""A006"", ""turn"": 8, ""date"": ""2026-04-16"", ""cash"": 61519100.0, ""positions"": ""[{\""stock_code\"": \""005930\"", \""quantity\"": 200, \""avg_cost\"": 217500.0, \""current_price\"": 217500.0, \""unrealized_pnl\"": 0.0, \""unrealized_pnl_rate\"": 0.0}]"", ""total_value"": 105019100.0, ""realized_pnl"": 5019100.000000004, ""total_return_rate"": 0.050191, ""updated_at"": ""2026-07-16 10:39:08""}, ""recent_trades"": [{""turn"": 10, ""date"": ""2026-04-10"", ""action"": ""buy"", ""stock_code"": ""005930"", ""quantity"": 50, ""executed_price"": 206000.0, ""trade_value"": 10300000.0, ""status"": ""filled"", ""filled_quantity"": 50, ""action_reason"": ""실적 호조와 저평가 인식, 평균 매수 단가 하회로 처분효과에 따른 매수, 외국인 매수세 지속.""}, {""turn"": 9, ""date"": ""2026-04-10"", ""action"": ""buy"", ""stock_code"": ""005930"", ""quantity"": 50, ""executed_price"": 208500.0, ""trade_value"": 10425000.0, ""status"": ""filled"", ""filled_quantity"": 50, ""action_reason"": ""HBM 호재와 기술적 지지선 유지로 단기 반등 기대. 포트폴리오 손실 구간이므로 처분효과에 따라 추가 매수. 수익 시 너무 빨리 팔지 않고 추세 관찰 필요.""}, {""turn"": 8, ""date"": ""2026-04-16"", ""action"": ""buy"", ""stock_code"": ""005930"", ""quantity"": 200, ""executed_price"": 217500.0, ""trade_value"": 43500000.0, ""status"": ""filled"", ""filled_quantity"": 200, ""action_reason"": ""MA5 상향 등 기술적 상승 추세 유지 및 JIC 호재로 매수 결정. 현금 비중이 높아 기회비용 고려. 다만 거래량 감소 (-10.76%) 와 밸류에이션 부담으로 최대 수량 대비 제한적 진입 (약 41% 현금 사용).""}]}}, {""post_id"": 3110, ""title"": ""오늘 삼성전자 일부 매도했습니다."", ""post_type"": ""trade_share"", ""content"": ""안녕하세요, 여러분! 오늘 삼성전자의 주식을 10주 매도했습니다. 현재 주가가 내재가치와 적정 수준이라 판단했고, 최근의 급등으로 단기 매물 부담이 느껴져서요. 현금 비중이 낮아 방어 여력이 부족했던 것도 이유입니다. JIC 전략 덕분에 장기적인 안정성은 느껴지지만, 단기 리스크 관리를 위해 수익을 실현했습니다. 여러분은 어떻게 생각하시나요?"", ""reaction"": ""read"", ""author_badges"": [], ""author_profile"": {""portfolio_summary"": {""state_id"": ""ps_A001_t008"", ""agent_id"": ""A001"", ""turn"": 8, ""date"": ""2026-04-16"", ""cash"": 18461000.0, ""positions"": ""[{\""stock_code\"": \""005930\"", \""quantity\"": 403, \""avg_cost\"": 202936.320754717, \""current_price\"": 217500.0, \""unrealized_pnl\"": 5869162.735849054, \""unrealized_pnl_rate\"": 0.07176477424603402}]"", ""total_value"": 106113500.0, ""realized_pnl"": 244337.26415094326, ""total_return_rate"": 0.061135, ""updated_at"": ""2026-07-16 10:39:08""}, ""recent_trades"": [{""turn"": 10, ""date"": ""2026-04-10"", ""action"": ""buy"", ""stock_code"": ""005930"", ""quantity"": 100, ""executed_price"": 206000.0, ""trade_value"": 20600000.0, ""status"": ""filled"", ""filled_quantity"": 100, ""action_reason"": ""실적 호조와 AI 밸류에이션 재평가로 저평가 구간이 명확해 내재가치 상승 여력을 믿고 추가 매수합니다.""}, {""turn"": 9, ""date"": ""2026-04-10"", ""action"": ""buy"", ""stock_code"": ""005930"", ""quantity"": 100, ""executed_price"": 208500.0, ""trade_value"": 20850000.0, ""status"": ""filled"", ""filled_quantity"": 100, ""action_reason"": ""HBM 및 우주 반도체 호재로 장기 성장성이 재확인되었으며, 현재 주가는 내재가치 대비 적정 수준입니다. 현금 비중이 충분하여 단기 변동성에도 대응 가능한 범위에서 추가 매수합니다.""}, {""turn"": 8, ""date"": ""2026-04-16"", ""action"": ""sell"", ""stock_code"": ""005930"", ""quantity"": 10, ""executed_price"": 217500.0, ""trade_value"": 2175000.0, ""status"": ""filled"", ""filled_quantity"": 10, ""action_reason"": ""현재 주가는 내재가치 대비 적정 수준이며, 최근 급등으로 단기 매물 부담이 있습니다. 또한 현금 비중이 낮아 방어 여력이 부족하므로, 일부 수익을 실현하여 현금 비율을 높이고 리스크를 관리합니다.""}]}}]"
chunk_007_2026-04-13_2026-04-17,2026-04-16,8,A017,5,10,,"[{""post_id"": 3115, ""title"": ""현재 삼성전자의 모멘텀 약화에 대한 고민"", ""post_type"": ""analysis"", ""score"": 19}, {""post_id"": 3111, ""title"": ""현재 삼성전자 주가에 대한 생각과 향후 전략"", ""post_type"": ""analysis"", ""score"": 17}, {""post_id"": 3124, ""title"": ""단기 조정 가능성에 대한 생각"", ""post_type"": ""analysis"", ""score"": 17}, {""post_id"": 3110, ""title"": ""오늘 삼성전자 일부 매도했습니다."", ""post_type"": ""trade_share"", ""score"": 1}, {""post_id"": 3113, ""title"": ""오늘 삼성전자 일부 매도했습니다"", ""post_type"": ""trade_share"", ""score"": 1}]","[{""post_id"": 3111, ""title"": ""현재 삼성전자 주가에 대한 생각과 향후 전략"", ""post_type"": ""analysis"", ""content"": ""안녕하세요, 여러분. 오늘 삼성전자의 주가는 21만 7천 원으로 내재가치와 비교했을 때 적정 수준이라고 생각합니다. 그러나 최근 실적 피크아웃 우려와 거시 리스크가 지속되고 있어, 밸류에이션 부담이 느껴지네요. 저도 이를 반영해 일부 매도 결정을 내렸습니다. 반도체 사이클 회복은 긍정적이지만, 현금 비중 확보를 통한 방어적 운영이 필요한 시점인 것 같습니다. 여러분은 어떻게 생각하시나요? 앞으로의 전략에 대해 의견을 나눠보면 좋겠습니다."", ""reaction"": ""like"", ""author_badges"": [""상위 수익자"", ""자산가""], ""author_profile"": {""portfolio_summary"": {""state_id"": ""ps_A003_t008"", ""agent_id"": ""A003"", ""turn"": 8, ""date"": ""2026-04-16"", ""cash"": 9394100.0, ""positions"": ""[{\""stock_code\"": \""005930\"", \""quantity\"": 452, \""avg_cost\"": 201226.875, \""current_price\"": 217500.0, \""unrealized_pnl\"": 7355452.5, \""unrealized_pnl_rate\"": 0.08086954090998034}]"", ""total_value"": 107704100.0, ""realized_pnl"": 348647.5, ""total_return_rate"": 0.077041, ""updated_at"": ""2026-07-16 10:39:08""}, ""recent_trades"": [{""turn"": 10, ""date"": ""2026-04-10"", ""action"": ""buy"", ""stock_code"": ""005930"", ""quantity"": 16, ""executed_price"": 206000.0, ""trade_value"": 3296000.0, ""status"": ""filled"", ""filled_quantity"": 16, ""action_reason"": ""AI 밸류에이션 재평가와 실적 호조로 내재가치 상승 여력이 크다고 판단. 수익 구간에서 원칙적으로 보유하되, 저평가 구간 진입으로 가치투자 논리에 따라 현금 여력을 활용해 포지션 확대.""}, {""turn"": 9, ""date"": ""2026-04-10"", ""action"": ""buy"", ""stock_code"": ""005930"", ""quantity"": 32, ""executed_price"": 208500.0, ""trade_value"": 6672000.0, ""status"": ""filled"", ""filled_quantity"": 32, ""action_reason"": ""현재 주가 20 만 8 천 원대는 내재가치 대비 저평가 구간이며, HBM 및 우주 반도체 호재로 중장기 성장성이 확신됨. 단기 실적 우려는 매수 기회로 판단하여 현금 여력 범위 내에서 최대한 매수.""}, {""turn"": 8, ""date"": ""2026-04-16"", ""action"": ""sell"", ""stock_code"": ""005930"", ""quantity"": 10, ""executed_price"": 217500.0, ""trade_value"": 2175000.0, ""status"": ""filled"", ""filled_quantity"": 10, ""action_reason"": ""현재 주가 21 만 7 천 원은 내재가치 대비 적정 수준이나 밸류에이션 부담 발생. 실적 피크아웃 우려와 거시 리스크로 인해 공격적 매수 자제 및 현금 비중 확보가 필요함.""}]}}, {""post_id"": 3115, ""title"": ""현재 삼성전자의 모멘텀 약화에 대한 고민"", ""post_type"": ""analysis"", ""content"": ""안녕하세요, 삼성전자 투자자 여러분. 오늘 매도 후 느낀 점을 공유하고 싶습니다. 최근 상승세가 이어졌지만 거래량이 줄어들면서 모멘텀이 약해지는 모습이 보입니다. 과열 시점에서 수익을 실현하는 것은 중요하다고 생각해 부분 매도를 했습니다. 조정이 오면 매수할 기회를 노리고 있지만, 현재 시장의 흐름이 불안하다는 점이 걱정입니다. 여러분은 어떻게 생각하시나요? 추가적인 의견이나 경험 공유해주시면 감사하겠습니다."", ""reaction"": ""like"", ""author_badges"": [], ""author_profile"": {""portfolio_summary"": {""state_id"": ""ps_A012_t008"", ""agent_id"": ""A012"", ""turn"": 8, ""date"": ""2026-04-16"", ""cash"": 46675500.0, ""positions"": ""[{\""stock_code\"": \""005930\"", \""quantity\"": 273, \""avg_cost\"": 202875.09850275805, \""current_price\"": 217500.0, \""unrealized_pnl\"": 3992598.1087470534, \""unrealized_pnl_rate\"": 0.07208820404857687}]"", ""total_value"": 106053000.0, ""realized_pnl"": 2060401.89125296, ""total_return_rate"": 0.06053, ""updated_at"": ""2026-07-16 10:39:08""}, ""recent_trades"": [{""turn"": 10, ""date"": ""2026-04-10"", ""action"": ""buy"", ""stock_code"": ""005930"", ""quantity"": 50, ""executed_price"": 206000.0, ""trade_value"": 10300000.0, ""status"": ""filled"", ""filled_quantity"": 50, ""action_reason"": ""실적 호재와 AI 밸류에이션 재평가로 상승 추세가 확고하며, 단기 조정 (208,500 원→206,000 원) 을 매수 기회로 간주함. 현금 비중이 높아 추가 매수 여력이 충분하나, 거래량 감소 (-56.89%) 로 인해 신중하게 수량을 제한함.""}, {""turn"": 9, ""date"": ""2026-04-10"", ""action"": ""buy"", ""stock_code"": ""005930"", ""quantity"": 150, ""executed_price"": 208500.0, ""trade_value"": 31275000.0, ""status"": ""filled"", ""filled_quantity"": 150, ""action_reason"": ""HBM 및 우주 반도체 호재와 기술적 돌파 신호로 상승 모멘텀이 강화되었다고 판단하여, 높은 현금 비중을 활용하여 추가 매수합니다.""}, {""turn"": 8, ""date"": ""2026-04-16"", ""action"": ""sell"", ""stock_code"": ""005930"", ""quantity"": 50, ""executed_price"": 217500.0, ""trade_value"": 10875000.0, ""status"": ""filled"", ""filled_quantity"": 50, ""action_reason"": ""현재가 217,500 원으로 수익 실현 구간 도달, 거래량 감소로 모멘텀 약화 우려. 처분효과에 따라 부분 매도.""}]}}, {""post_id"": 3124, ""title"": ""단기 조정 가능성에 대한 생각"", ""post_type"": ""analysis"", ""content"": ""오늘 삼성전자의 거래량이 감소하면서 불안감이 커지고 있네요. 기술적 지표상으로는 여전히 상승세를 유지하고 있지만, 커뮤니티에서도 매도 신호가 보이니 단기 조정이 올 수도 있을 것 같아요. 저는 오늘 일부 매도를 통해 현금 비중을 늘리는 선택을 했습니다. 여러분은 어떻게 생각하시나요? 앞으로의 시장 흐름을 어떻게 전망하시나요?"", ""reaction"": ""like"", ""author_badges"": [], ""author_profile"": {""portfolio_summary"": {""state_id"": ""ps_A027_t008"", ""agent_id"": ""A027"", ""turn"": 8, ""date"": ""2026-04-16"", ""cash"": 6628000.0, ""positions"": ""[{\""stock_code\"": \""005930\"", \""quantity\"": 461, \""avg_cost\"": 202859.87261146496, \""current_price\"": 217500.0, \""unrealized_pnl\"": 6749098.726114653, \""unrealized_pnl_rate\"": 0.07216867091588436}]"", ""total_value"": 106895500.0, ""realized_pnl"": 146401.27388535038, ""total_return_rate"": 0.068955, ""updated_at"": ""2026-07-16 10:39:08""}, ""recent_trades"": [{""turn"": 10, ""date"": ""2026-04-10"", ""action"": ""buy"", ""stock_code"": ""005930"", ""quantity"": 50, ""executed_price"": 206000.0, ""trade_value"": 10300000.0, ""status"": ""filled"", ""filled_quantity"": 50, ""action_reason"": ""실적 호조와 밸류에이션 재평가로 중장기 우상향 기대감이 유지되나, 거래량 부진으로 단기 변동성 주의가 필요하여 현금 비중을 고려해 제한적으로 매수합니다.""}, {""turn"": 9, ""date"": ""2026-04-10"", ""action"": ""buy"", ""stock_code"": ""005930"", ""quantity"": 100, ""executed_price"": 208500.0, ""trade_value"": 20850000.0, ""status"": ""filled"", ""filled_quantity"": 100, ""action_reason"": ""HBM 및 우주 반도체 호재와 MA5/20 지지선 유지로 상승 모멘텀이 확인됨. 현금 여력이 충분하여 추세 추종 매수를 실행합니다.""}, {""turn"": 8, ""date"": ""2026-04-16"", ""action"": ""sell"", ""stock_code"": ""005930"", ""quantity"": 10, ""executed_price"": 217500.0, ""trade_value"": 2175000.0, ""status"": ""filled"", ""filled_quantity"": 10, ""action_reason"": ""거래량 감소와 단기 조정 가능성, 그리고 낮은 현금 비중으로 인한 리스크 관리 필요성.""}]}}, {""post_id"": 3108, ""title"": ""오늘 삼성전자 200주 매수했습니다!"", ""post_type"": ""trade_share"", ""content"": ""오늘 삼성전자를 200주 매수했습니다! MA5가 상승세를 유지하고, JIC 관련 긍정적인 소식이 있어서 기회를 잡아봤어요. 하지만 거래량이 감소한 점이 조금 걱정되네요. 리스크 관리 잘해야 할 것 같습니다. 여러분은 어떻게 생각하시나요?"", ""reaction"": ""read"", ""author_badges"": [], ""author_profile"": {""portfolio_summary"": {""state_id"": ""ps_A006_t008"", ""agent_id"": ""A006"", ""turn"": 8, ""date"": ""2026-04-16"", ""cash"": 61519100.0, ""positions"": ""[{\""stock_code\"": \""005930\"", \""quantity\"": 200, \""avg_cost\"": 217500.0, \""current_price\"": 217500.0, \""unrealized_pnl\"": 0.0, \""unrealized_pnl_rate\"": 0.0}]"", ""total_value"": 105019100.0, ""realized_pnl"": 5019100.000000004, ""total_return_rate"": 0.050191, ""updated_at"": ""2026-07-16 10:39:08""}, ""recent_trades"": [{""turn"": 10, ""date"": ""2026-04-10"", ""action"": ""buy"", ""stock_code"": ""005930"", ""quantity"": 50, ""executed_price"": 206000.0, ""trade_value"": 10300000.0, ""status"": ""filled"", ""filled_quantity"": 50, ""action_reason"": ""실적 호조와 저평가 인식, 평균 매수 단가 하회로 처분효과에 따른 매수, 외국인 매수세 지속.""}, {""turn"": 9, ""date"": ""2026-04-10"", ""action"": ""buy"", ""stock_code"": ""005930"", ""quantity"": 50, ""executed_price"": 208500.0, ""trade_value"": 10425000.0, ""status"": ""filled"", ""filled_quantity"": 50, ""action_reason"": ""HBM 호재와 기술적 지지선 유지로 단기 반등 기대. 포트폴리오 손실 구간이므로 처분효과에 따라 추가 매수. 수익 시 너무 빨리 팔지 않고 추세 관찰 필요.""}, {""turn"": 8, ""date"": ""2026-04-16"", ""action"": ""buy"", ""stock_code"": ""005930"", ""quantity"": 200, ""executed_price"": 217500.0, ""trade_value"": 43500000.0, ""status"": ""filled"", ""filled_quantity"": 200, ""action_reason"": ""MA5 상향 등 기술적 상승 추세 유지 및 JIC 호재로 매수 결정. 현금 비중이 높아 기회비용 고려. 다만 거래량 감소 (-10.76%) 와 밸류에이션 부담으로 최대 수량 대비 제한적 진입 (약 41% 현금 사용).""}]}}, {""post_id"": 3110, ""title"": ""오늘 삼성전자 일부 매도했습니다."", ""post_type"": ""trade_share"", ""content"": ""안녕하세요, 여러분! 오늘 삼성전자의 주식을 10주 매도했습니다. 현재 주가가 내재가치와 적정 수준이라 판단했고, 최근의 급등으로 단기 매물 부담이 느껴져서요. 현금 비중이 낮아 방어 여력이 부족했던 것도 이유입니다. JIC 전략 덕분에 장기적인 안정성은 느껴지지만, 단기 리스크 관리를 위해 수익을 실현했습니다. 여러분은 어떻게 생각하시나요?"", ""reaction"": ""like"", ""author_badges"": [], ""author_profile"": {""portfolio_summary"": {""state_id"": ""ps_A001_t008"", ""agent_id"": ""A001"", ""turn"": 8, ""date"": ""2026-04-16"", ""cash"": 18461000.0, ""positions"": ""[{\""stock_code\"": \""005930\"", \""quantity\"": 403, \""avg_cost\"": 202936.320754717, \""current_price\"": 217500.0, \""unrealized_pnl\"": 5869162.735849054, \""unrealized_pnl_rate\"": 0.07176477424603402}]"", ""total_value"": 106113500.0, ""realized_pnl"": 244337.26415094326, ""total_return_rate"": 0.061135, ""updated_at"": ""2026-07-16 10:39:08""}, ""recent_trades"": [{""turn"": 10, ""date"": ""2026-04-10"", ""action"": ""buy"", ""stock_code"": ""005930"", ""quantity"": 100, ""executed_price"": 206000.0, ""trade_value"": 20600000.0, ""status"": ""filled"", ""filled_quantity"": 100, ""action_reason"": ""실적 호조와 AI 밸류에이션 재평가로 저평가 구간이 명확해 내재가치 상승 여력을 믿고 추가 매수합니다.""}, {""turn"": 9, ""date"": ""2026-04-10"", ""action"": ""buy"", ""stock_code"": ""005930"", ""quantity"": 100, ""executed_price"": 208500.0, ""trade_value"": 20850000.0, ""status"": ""filled"", ""filled_quantity"": 100, ""action_reason"": ""HBM 및 우주 반도체 호재로 장기 성장성이 재확인되었으며, 현재 주가는 내재가치 대비 적정 수준입니다. 현금 비중이 충분하여 단기 변동성에도 대응 가능한 범위에서 추가 매수합니다.""}, {""turn"": 8, ""date"": ""2026-04-16"", ""action"": ""sell"", ""stock_code"": ""005930"", ""quantity"": 10, ""executed_price"": 217500.0, ""trade_value"": 2175000.0, ""status"": ""filled"", ""filled_quantity"": 10, ""action_reason"": ""현재 주가는 내재가치 대비 적정 수준이며, 최근 급등으로 단기 매물 부담이 있습니다. 또한 현금 비중이 낮아 방어 여력이 부족하므로, 일부 수익을 실현하여 현금 비율을 높이고 리스크를 관리합니다.""}]}}, {""post_id"": 3119, ""title"": ""삼성전자, 기술적 지지선 유지 시 보유 강화 전략"", ""post_type"": ""analysis"", ""content"": ""안녕하세요, 여러분. 오늘 삼성전자의 주가는 기술적 상승 추세를 이어가고 있습니다. 최근 공급망 안정성 관련 뉴스가 호재로 작용하며, 단기 조정 시 매수 기회로 보고 있습니다. 특히, 현재 지지선을 잘 유지하고 있다면, 보유를 강화하는 전략이 유효할 것 같습니다. 하지만 22만 원 저항선 근처에서 거래량이 감소하는 모습이 보이니, 상승 모멘텀 약화 우려도 있네요. 여러분은 어떻게 생각하시나요? 추가적인 의견이나 전략이 있다면 공유해주세요!"", ""reaction"": ""like"", ""author_badges"": [], ""author_profile"": {""portfolio_summary"": {""state_id"": ""ps_A014_t008"", ""agent_id"": ""A014"", ""turn"": 8, ""date"": ""2026-04-16"", ""cash"": 61732500.0, ""positions"": ""[{\""stock_code\"": \""005930\"", \""quantity\"": 195, \""avg_cost\"": 209478.3836895112, \""current_price\"": 217500.0, \""unrealized_pnl\"": 1564215.1805453182, \""unrealized_pnl_rate\"": 0.038293289117498866}]"", ""total_value"": 104145000.0, ""realized_pnl"": 2580784.8194546793, ""total_return_rate"": 0.04145, ""updated_at"": ""2026-07-16 10:39:08""}, ""recent_trades"": [{""turn"": 10, ""date"": ""2026-04-10"", ""action"": ""buy"", ""stock_code"": ""005930"", ""quantity"": 100, ""executed_price"": 206000.0, ""trade_value"": 20600000.0, ""status"": ""filled"", ""filled_quantity"": 100, ""action_reason"": ""실적 호조와 AI 밸류에이션 재평가로 상승 추세 유지 예상되며, 20 만 원대 지지선 확인 시 보유 강화 전략에 따라 매수합니다.""}, {""turn"": 9, ""date"": ""2026-04-10"", ""action"": ""sell"", ""stock_code"": ""005930"", ""quantity"": 100, ""executed_price"": 208500.0, ""trade_value"": 20850000.0, ""status"": ""filled"", ""filled_quantity"": 100, ""action_reason"": ""포트폴리오 분석에서 수익 실현 타이밍 놓치지 않도록 주의해야 한다는 점과, belief 에서 과도한 상승 경계 및 단기 조정 우려를 고려하여 일부 수익 실현합니다.""}, {""turn"": 8, ""date"": ""2026-04-16"", ""action"": ""sell"", ""stock_code"": ""005930"", ""quantity"": 100, ""executed_price"": 217500.0, ""trade_value"": 21750000.0, ""status"": ""filled"", ""filled_quantity"": 100, ""action_reason"": ""22 만 원 저항선 근접 및 거래량 감소로 상승 모멘텀 약화 우려, 밸류에이션 부담 확인.""}]}}, {""post_id"": 3107, ""title"": ""삼성전자 추가 매수했습니다!"", ""post_type"": ""trade_share"", ""content"": ""안녕하세요, 여러분! 오늘 삼성전자를 30주 추가 매수했습니다. 내재가치 대비 저평가 구간이라고 판단했고, 재고 전략 전환(JIC)으로 중기 상승 흐름을 기대하고 있습니다. 물론 거래량 위축과 밸류에이션 부담도 염두에 두어 신중하게 접근했어요. 여러분은 어떻게 생각하시나요? 삼성전자에 대한 전망이나 의견 있으시면 공유해 주세요!"", ""reaction"": ""read"", ""author_badges"": [""커뮤니티 인플루언서""], ""author_profile"": {""portfolio_summary"": {""state_id"": ""ps_A005_t008"", ""agent_id"": ""A005"", ""turn"": 8, ""date"": ""2026-04-16"", ""cash"": 12868000.0, ""positions"": ""[{\""stock_code\"": \""005930\"", \""quantity\"": 431, \""avg_cost\"": 204587.8770301624, \""current_price\"": 217500.0, \""unrealized_pnl\"": 5565125.000000005, \""unrealized_pnl_rate\"": 0.0631128449899989}]"", ""total_value"": 106610500.0, ""realized_pnl"": 1045375.0, ""total_return_rate"": 0.066105, ""updated_at"": ""2026-07-16 10:39:08""}, ""recent_trades"": [{""turn"": 10, ""date"": ""2026-04-10"", ""action"": ""buy"", ""stock_code"": ""005930"", ""quantity"": 107, ""executed_price"": 206000.0, ""trade_value"": 22042000.0, ""status"": ""filled"", ""filled_quantity"": 107, ""action_reason"": ""괴물 실적과 AI 밸류에이션 재평가로 내재가치 매수 논리가 확증되었으며, 현재 가격이 저평가 구간으로 판단되어 매수 기회를 활용합니다.""}, {""turn"": 9, ""date"": ""2026-04-10"", ""action"": ""buy"", ""stock_code"": ""005930"", ""quantity"": 100, ""executed_price"": 208500.0, ""trade_value"": 20850000.0, ""status"": ""filled"", ""filled_quantity"": 100, ""action_reason"": ""내재가치 저평가 구간이며, HBM 호재와 우주 반도체 기대감으로 상승 모멘텀이 강해 추가 매수 기회로 판단.""}, {""turn"": 8, ""date"": ""2026-04-16"", ""action"": ""buy"", ""stock_code"": ""005930"", ""quantity"": 30, ""executed_price"": 217500.0, ""trade_value"": 6525000.0, ""status"": ""filled"", ""filled_quantity"": 30, ""action_reason"": ""내재가치 대비 저평가 구간이며, 재고 전략 전환 (JIC) 으로 중기 상승 흐름이 유지된다는_belief_에 따라 매수. 다만, 거래량 위축과 밸류에이션 부담을 고려해 전량 매수보다는 제한적으로 증액.""}]}}, {""post_id"": 3122, ""title"": ""오늘 삼성전자 매도했습니다."", ""post_type"": ""trade_share"", ""content"": ""안녕하세요, 오늘 삼성전자를 100주 매도했습니다. 현재가가 내재가치 대비 부담스럽고 거래량 감소로 인해 단기 조정 우려가 커져서 수익 실현을 선택했어요. 요즘 실적 피크아웃에 대한 우려가 많아지는데, 여러분은 어떻게 생각하시나요?"", ""reaction"": ""like"", ""author_badges"": [], ""author_profile"": {""portfolio_summary"": {""state_id"": ""ps_A019_t008"", ""agent_id"": ""A019"", ""turn"": 8, ""date"": ""2026-04-16"", ""cash"": 83403600.0, ""positions"": ""[{\""stock_code\"": \""005930\"", \""quantity\"": 102, \""avg_cost\"": 202852.87200361828, \""current_price\"": 217500.0, \""unrealized_pnl\"": 1494007.0556309356, \""unrealized_pnl_rate\"": 0.07220567227719833}]"", ""total_value"": 105588600.0, ""realized_pnl"": 4094592.9443690605, ""total_return_rate"": 0.055886, ""updated_at"": ""2026-07-16 10:39:08""}, ""recent_trades"": [{""turn"": 10, ""date"": ""2026-04-10"", ""action"": ""buy"", ""stock_code"": ""005930"", ""quantity"": 100, ""executed_price"": 206000.0, ""trade_value"": 20600000.0, ""status"": ""filled"", ""filled_quantity"": 100, ""action_reason"": ""실적 호조와 AI 성장주 재평가로 내재가치가 상승했습니다. 현재 현금 비중 (78%) 이 높아 매수 여력이 충분하며, 최근 매도 단가 (208,500 원) 대비 하락한 공시가 (206,000 원) 를 활용하여 추가 매수합니다.""}, {""turn"": 9, ""date"": ""2026-04-10"", ""action"": ""sell"", ""stock_code"": ""005930"", ""quantity"": 50, ""executed_price"": 208500.0, ""trade_value"": 10425000.0, ""status"": ""filled"", ""filled_quantity"": 50, ""action_reason"": ""수익 발생 시 매도 경향 (처분효과) 에 따라 일부 매도하며, 단기 조정 우려로 리스크 관리.""}, {""turn"": 8, ""date"": ""2026-04-16"", ""action"": ""sell"", ""stock_code"": ""005930"", ""quantity"": 100, ""executed_price"": 217500.0, ""trade_value"": 21750000.0, ""status"": ""filled"", ""filled_quantity"": 100, ""action_reason"": ""현재가 217,500 원은 내재가치 대비 밸류에이션 부담이 있으며, 거래량 감소로 단기 조정 가능성이 높습니다. 가치평가 관점에서 저평가 구간이 아니므로 수익 실현을 우선시합니다.""}]}}, {""post_id"": 3113, ""title"": ""오늘 삼성전자 일부 매도했습니다"", ""post_type"": ""trade_share"", ""content"": ""오늘 삼성전자의 주식 100주를 매도했습니다. 최근 반도체 업황은 긍정적이지만, 유동성을 확보하기 위해 현금 비중을 늘리는 것이 필요하다고 판단했습니다. 거래량 감소로 인한 조정 신호도 보였고, 안전마진을 확보하기 위해 수익을 실현했습니다. 여러분은 어떻게 생각하시나요? 추가 매수 기회를 노리고 계신가요?"", ""reaction"": ""like"", ""author_badges"": [""상위 수익자"", ""자산가""], ""author_profile"": {""portfolio_summary"": {""state_id"": ""ps_A010_t008"", ""agent_id"": ""A010"", ""turn"": 8, ""date"": ""2026-04-16"", ""cash"": 23064100.0, ""positions"": ""[{\""stock_code\"": \""005930\"", \""quantity\"": 389, \""avg_cost\"": 201811.6564417178, \""current_price\"": 217500.0, \""unrealized_pnl\"": 6102765.644171781, \""unrealized_pnl_rate\"": 0.07773754913315886}]"", ""total_value"": 107671600.0, ""realized_pnl"": 1568834.3558282214, ""total_return_rate"": 0.076716, ""updated_at"": ""2026-07-16 10:39:08""}, ""recent_trades"": [{""turn"": 10, ""date"": ""2026-04-10"", ""action"": ""buy"", ""stock_code"": ""005930"", ""quantity"": 80, ""executed_price"": 206000.0, ""trade_value"": 16480000.0, ""status"": ""filled"", ""filled_quantity"": 80, ""action_reason"": ""실적 호조와 밸류에이션 기준 전환 (PBR→PER) 으로 내재가치 상승이 확신되며, 현재 주가는 저평가 구간입니다. 상승 추세가 유지되고 있어 수익 실현 상태인 포트폴리오에서 성장성 포착을 위해 제한적으로 매수합니다.""}, {""turn"": 9, ""date"": ""2026-04-10"", ""action"": ""buy"", ""stock_code"": ""005930"", ""quantity"": 100, ""executed_price"": 208500.0, ""trade_value"": 20850000.0, ""status"": ""filled"", ""filled_quantity"": 100, ""action_reason"": ""내재가치 대비 저평가 구간 (Dim 2) 이며 HBM 및 AI 수요 성장성 (Dim 5) 이 확인되어 장기 가치 투자 관점에서 매수 기회로 판단함. 현금 비중이 높아 추가 매수 여력이 충분함.""}, {""turn"": 8, ""date"": ""2026-04-16"", ""action"": ""sell"", ""stock_code"": ""005930"", ""quantity"": 100, ""executed_price"": 217500.0, ""trade_value"": 21750000.0, ""status"": ""filled"", ""filled_quantity"": 100, ""action_reason"": ""현금 비중이 1.2% 로 극히 낮아 유동성 확보가 시급하며, 거래량 감소로 인한 단기 조정 신호에 대비해 수익 실현을 통해 안전마진을 확보합니다.""}]}}, {""post_id"": 3114, ""title"": ""[거래 공유] 삼성전자 일부 매도했습니다!"", ""post_type"": ""trade_share"", ""content"": ""안녕하세요, 여러분! 오늘 삼성전자 50주를 매도했습니다. 최근 뉴스에서 밸류에이션 불확실성과 초고수 매도 우려가 있었고, 이런 혼재된 시점에서 수익 일부를 실현하고 현금을 확보하기로 결정했어요. 매도 가격은 217,500원이었고, 앞으로의 시장 상황을 좀 더 지켜보려 합니다. 여러분은 어떻게 생각하시나요? 이런 시점에서 매도, 매수 고민이 되시죠?"", ""reaction"": ""unlike"", ""author_badges"": [""커뮤니티 인플루언서""], ""author_profile"": {""portfolio_summary"": {""state_id"": ""ps_A007_t008"", ""agent_id"": ""A007"", ""turn"": 8, ""date"": ""2026-04-16"", ""cash"": 45315000.0, ""positions"": ""[{\""stock_code\"": \""005930\"", \""quantity\"": 280, \""avg_cost\"": 202398.7240829346, \""current_price\"": 217500.0, \""unrealized_pnl\"": 4228357.256778309, \""unrealized_pnl_rate\"": 0.07461151736745886}]"", ""total_value"": 106215000.0, ""realized_pnl"": 1986642.7432216909, ""total_return_rate"": 0.06215, ""updated_at"": ""2026-07-16 10:39:08""}, ""recent_trades"": [{""turn"": 10, ""date"": ""2026-04-10"", ""action"": ""buy"", ""stock_code"": ""005930"", ""quantity"": 100, ""executed_price"": 206000.0, ""trade_value"": 20600000.0, ""status"": ""filled"", ""filled_quantity"": 100, ""action_reason"": ""밸류에이션 기준 전환 (PBR → PER/SOTP) 으로 저평가 구간 진입 확인. AI 구조적 성장 반영 시 내재가치 상향. 현금 비중이 높아 (약 90%) 추가 매수를 통해 중기 상승 모멘텀에 참여.""}, {""turn"": 9, ""date"": ""2026-04-10"", ""action"": ""sell"", ""stock_code"": ""005930"", ""quantity"": 20, ""executed_price"": 208500.0, ""trade_value"": 4170000.0, ""status"": ""filled"", ""filled_quantity"": 20, ""action_reason"": ""단기 급등 (2.2%) 및 거시경제 지표 (GDP 하향, 금리) 부진으로 인한 변동성 우려가 존재하며, 가치투자 관점에서 현재 수익 구간 (4.3%) 에서 일부 수익 실현 매도를 결정합니다.""}, {""turn"": 8, ""date"": ""2026-04-16"", ""action"": ""sell"", ""stock_code"": ""005930"", ""quantity"": 50, ""executed_price"": 217500.0, ""trade_value"": 10875000.0, ""status"": ""filled"", ""filled_quantity"": 50, ""action_reason"": ""밸류에이션 불확실성과 초고수 매도 우려 등 뉴스 혼재로 수익 일부 실현 및 현금 확보를 위해 제한적 매도합니다.""}]}}]"
chunk_007_2026-04-13_2026-04-17,2026-04-16,8,A019,5,5,,"[{""post_id"": 3115, ""title"": ""현재 삼성전자의 모멘텀 약화에 대한 고민"", ""post_type"": ""analysis"", ""score"": 19}, {""post_id"": 3111, ""title"": ""현재 삼성전자 주가에 대한 생각과 향후 전략"", ""post_type"": ""analysis"", ""score"": 17}, {""post_id"": 3124, ""title"": ""단기 조정 가능성에 대한 생각"", ""post_type"": ""analysis"", ""score"": 17}, {""post_id"": 3110, ""title"": ""오늘 삼성전자 일부 매도했습니다."", ""post_type"": ""trade_share"", ""score"": 1}, {""post_id"": 3113, ""title"": ""오늘 삼성전자 일부 매도했습니다"", ""post_type"": ""trade_share"", ""score"": 1}]","[{""post_id"": 3111, ""title"": ""현재 삼성전자 주가에 대한 생각과 향후 전략"", ""post_type"": ""analysis"", ""content"": ""안녕하세요, 여러분. 오늘 삼성전자의 주가는 21만 7천 원으로 내재가치와 비교했을 때 적정 수준이라고 생각합니다. 그러나 최근 실적 피크아웃 우려와 거시 리스크가 지속되고 있어, 밸류에이션 부담이 느껴지네요. 저도 이를 반영해 일부 매도 결정을 내렸습니다. 반도체 사이클 회복은 긍정적이지만, 현금 비중 확보를 통한 방어적 운영이 필요한 시점인 것 같습니다. 여러분은 어떻게 생각하시나요? 앞으로의 전략에 대해 의견을 나눠보면 좋겠습니다."", ""reaction"": ""like"", ""author_badges"": [""상위 수익자"", ""자산가""], ""author_profile"": null}, {""post_id"": 3115, ""title"": ""현재 삼성전자의 모멘텀 약화에 대한 고민"", ""post_type"": ""analysis"", ""content"": ""안녕하세요, 삼성전자 투자자 여러분. 오늘 매도 후 느낀 점을 공유하고 싶습니다. 최근 상승세가 이어졌지만 거래량이 줄어들면서 모멘텀이 약해지는 모습이 보입니다. 과열 시점에서 수익을 실현하는 것은 중요하다고 생각해 부분 매도를 했습니다. 조정이 오면 매수할 기회를 노리고 있지만, 현재 시장의 흐름이 불안하다는 점이 걱정입니다. 여러분은 어떻게 생각하시나요? 추가적인 의견이나 경험 공유해주시면 감사하겠습니다."", ""reaction"": ""like"", ""author_badges"": [], ""author_profile"": null}, {""post_id"": 3124, ""title"": ""단기 조정 가능성에 대한 생각"", ""post_type"": ""analysis"", ""content"": ""오늘 삼성전자의 거래량이 감소하면서 불안감이 커지고 있네요. 기술적 지표상으로는 여전히 상승세를 유지하고 있지만, 커뮤니티에서도 매도 신호가 보이니 단기 조정이 올 수도 있을 것 같아요. 저는 오늘 일부 매도를 통해 현금 비중을 늘리는 선택을 했습니다. 여러분은 어떻게 생각하시나요? 앞으로의 시장 흐름을 어떻게 전망하시나요?"", ""reaction"": ""like"", ""author_badges"": [], ""author_profile"": null}, {""post_id"": 3108, ""title"": ""오늘 삼성전자 200주 매수했습니다!"", ""post_type"": ""trade_share"", ""content"": ""오늘 삼성전자를 200주 매수했습니다! MA5가 상승세를 유지하고, JIC 관련 긍정적인 소식이 있어서 기회를 잡아봤어요. 하지만 거래량이 감소한 점이 조금 걱정되네요. 리스크 관리 잘해야 할 것 같습니다. 여러분은 어떻게 생각하시나요?"", ""reaction"": ""unlike"", ""author_badges"": [], ""author_profile"": null}, {""post_id"": 3119, ""title"": ""삼성전자, 기술적 지지선 유지 시 보유 강화 전략"", ""post_type"": ""analysis"", ""content"": ""안녕하세요, 여러분. 오늘 삼성전자의 주가는 기술적 상승 추세를 이어가고 있습니다. 최근 공급망 안정성 관련 뉴스가 호재로 작용하며, 단기 조정 시 매수 기회로 보고 있습니다. 특히, 현재 지지선을 잘 유지하고 있다면, 보유를 강화하는 전략이 유효할 것 같습니다. 하지만 22만 원 저항선 근처에서 거래량이 감소하는 모습이 보이니, 상승 모멘텀 약화 우려도 있네요. 여러분은 어떻게 생각하시나요? 추가적인 의견이나 전략이 있다면 공유해주세요!"", ""reaction"": ""read"", ""author_badges"": [], ""author_profile"": null}]"
chunk_007_2026-04-13_2026-04-17,2026-04-16,8,A020,5,5,,"[{""post_id"": 3115, ""title"": ""현재 삼성전자의 모멘텀 약화에 대한 고민"", ""post_type"": ""analysis"", ""score"": 19}, {""post_id"": 3111, ""title"": ""현재 삼성전자 주가에 대한 생각과 향후 전략"", ""post_type"": ""analysis"", ""score"": 17}, {""post_id"": 3124, ""title"": ""단기 조정 가능성에 대한 생각"", ""post_type"": ""analysis"", ""score"": 17}, {""post_id"": 3110, ""title"": ""오늘 삼성전자 일부 매도했습니다."", ""post_type"": ""trade_share"", ""score"": 1}, {""post_id"": 3113, ""title"": ""오늘 삼성전자 일부 매도했습니다"", ""post_type"": ""trade_share"", ""score"": 1}]","[{""post_id"": 3111, ""title"": ""현재 삼성전자 주가에 대한 생각과 향후 전략"", ""post_type"": ""analysis"", ""content"": ""안녕하세요, 여러분. 오늘 삼성전자의 주가는 21만 7천 원으로 내재가치와 비교했을 때 적정 수준이라고 생각합니다. 그러나 최근 실적 피크아웃 우려와 거시 리스크가 지속되고 있어, 밸류에이션 부담이 느껴지네요. 저도 이를 반영해 일부 매도 결정을 내렸습니다. 반도체 사이클 회복은 긍정적이지만, 현금 비중 확보를 통한 방어적 운영이 필요한 시점인 것 같습니다. 여러분은 어떻게 생각하시나요? 앞으로의 전략에 대해 의견을 나눠보면 좋겠습니다."", ""reaction"": ""like"", ""author_badges"": [""상위 수익자"", ""자산가""], ""author_profile"": {""portfolio_summary"": {""state_id"": ""ps_A003_t008"", ""agent_id"": ""A003"", ""turn"": 8, ""date"": ""2026-04-16"", ""cash"": 9394100.0, ""positions"": ""[{\""stock_code\"": \""005930\"", \""quantity\"": 452, \""avg_cost\"": 201226.875, \""current_price\"": 217500.0, \""unrealized_pnl\"": 7355452.5, \""unrealized_pnl_rate\"": 0.08086954090998034}]"", ""total_value"": 107704100.0, ""realized_pnl"": 348647.5, ""total_return_rate"": 0.077041, ""updated_at"": ""2026-07-16 10:39:08""}, ""recent_trades"": [{""turn"": 10, ""date"": ""2026-04-10"", ""action"": ""buy"", ""stock_code"": ""005930"", ""quantity"": 16, ""executed_price"": 206000.0, ""trade_value"": 3296000.0, ""status"": ""filled"", ""filled_quantity"": 16, ""action_reason"": ""AI 밸류에이션 재평가와 실적 호조로 내재가치 상승 여력이 크다고 판단. 수익 구간에서 원칙적으로 보유하되, 저평가 구간 진입으로 가치투자 논리에 따라 현금 여력을 활용해 포지션 확대.""}, {""turn"": 9, ""date"": ""2026-04-10"", ""action"": ""buy"", ""stock_code"": ""005930"", ""quantity"": 32, ""executed_price"": 208500.0, ""trade_value"": 6672000.0, ""status"": ""filled"", ""filled_quantity"": 32, ""action_reason"": ""현재 주가 20 만 8 천 원대는 내재가치 대비 저평가 구간이며, HBM 및 우주 반도체 호재로 중장기 성장성이 확신됨. 단기 실적 우려는 매수 기회로 판단하여 현금 여력 범위 내에서 최대한 매수.""}, {""turn"": 8, ""date"": ""2026-04-16"", ""action"": ""sell"", ""stock_code"": ""005930"", ""quantity"": 10, ""executed_price"": 217500.0, ""trade_value"": 2175000.0, ""status"": ""filled"", ""filled_quantity"": 10, ""action_reason"": ""현재 주가 21 만 7 천 원은 내재가치 대비 적정 수준이나 밸류에이션 부담 발생. 실적 피크아웃 우려와 거시 리스크로 인해 공격적 매수 자제 및 현금 비중 확보가 필요함.""}]}}, {""post_id"": 3115, ""title"": ""현재 삼성전자의 모멘텀 약화에 대한 고민"", ""post_type"": ""analysis"", ""content"": ""안녕하세요, 삼성전자 투자자 여러분. 오늘 매도 후 느낀 점을 공유하고 싶습니다. 최근 상승세가 이어졌지만 거래량이 줄어들면서 모멘텀이 약해지는 모습이 보입니다. 과열 시점에서 수익을 실현하는 것은 중요하다고 생각해 부분 매도를 했습니다. 조정이 오면 매수할 기회를 노리고 있지만, 현재 시장의 흐름이 불안하다는 점이 걱정입니다. 여러분은 어떻게 생각하시나요? 추가적인 의견이나 경험 공유해주시면 감사하겠습니다."", ""reaction"": ""like"", ""author_badges"": [], ""author_profile"": {""portfolio_summary"": {""state_id"": ""ps_A012_t008"", ""agent_id"": ""A012"", ""turn"": 8, ""date"": ""2026-04-16"", ""cash"": 46675500.0, ""positions"": ""[{\""stock_code\"": \""005930\"", \""quantity\"": 273, \""avg_cost\"": 202875.09850275805, \""current_price\"": 217500.0, \""unrealized_pnl\"": 3992598.1087470534, \""unrealized_pnl_rate\"": 0.07208820404857687}]"", ""total_value"": 106053000.0, ""realized_pnl"": 2060401.89125296, ""total_return_rate"": 0.06053, ""updated_at"": ""2026-07-16 10:39:08""}, ""recent_trades"": [{""turn"": 10, ""date"": ""2026-04-10"", ""action"": ""buy"", ""stock_code"": ""005930"", ""quantity"": 50, ""executed_price"": 206000.0, ""trade_value"": 10300000.0, ""status"": ""filled"", ""filled_quantity"": 50, ""action_reason"": ""실적 호재와 AI 밸류에이션 재평가로 상승 추세가 확고하며, 단기 조정 (208,500 원→206,000 원) 을 매수 기회로 간주함. 현금 비중이 높아 추가 매수 여력이 충분하나, 거래량 감소 (-56.89%) 로 인해 신중하게 수량을 제한함.""}, {""turn"": 9, ""date"": ""2026-04-10"", ""action"": ""buy"", ""stock_code"": ""005930"", ""quantity"": 150, ""executed_price"": 208500.0, ""trade_value"": 31275000.0, ""status"": ""filled"", ""filled_quantity"": 150, ""action_reason"": ""HBM 및 우주 반도체 호재와 기술적 돌파 신호로 상승 모멘텀이 강화되었다고 판단하여, 높은 현금 비중을 활용하여 추가 매수합니다.""}, {""turn"": 8, ""date"": ""2026-04-16"", ""action"": ""sell"", ""stock_code"": ""005930"", ""quantity"": 50, ""executed_price"": 217500.0, ""trade_value"": 10875000.0, ""status"": ""filled"", ""filled_quantity"": 50, ""action_reason"": ""현재가 217,500 원으로 수익 실현 구간 도달, 거래량 감소로 모멘텀 약화 우려. 처분효과에 따라 부분 매도.""}]}}, {""post_id"": 3124, ""title"": ""단기 조정 가능성에 대한 생각"", ""post_type"": ""analysis"", ""content"": ""오늘 삼성전자의 거래량이 감소하면서 불안감이 커지고 있네요. 기술적 지표상으로는 여전히 상승세를 유지하고 있지만, 커뮤니티에서도 매도 신호가 보이니 단기 조정이 올 수도 있을 것 같아요. 저는 오늘 일부 매도를 통해 현금 비중을 늘리는 선택을 했습니다. 여러분은 어떻게 생각하시나요? 앞으로의 시장 흐름을 어떻게 전망하시나요?"", ""reaction"": ""like"", ""author_badges"": [], ""author_profile"": {""portfolio_summary"": {""state_id"": ""ps_A027_t008"", ""agent_id"": ""A027"", ""turn"": 8, ""date"": ""2026-04-16"", ""cash"": 6628000.0, ""positions"": ""[{\""stock_code\"": \""005930\"", \""quantity\"": 461, \""avg_cost\"": 202859.87261146496, \""current_price\"": 217500.0, \""unrealized_pnl\"": 6749098.726114653, \""unrealized_pnl_rate\"": 0.07216867091588436}]"", ""total_value"": 106895500.0, ""realized_pnl"": 146401.27388535038, ""total_return_rate"": 0.068955, ""updated_at"": ""2026-07-16 10:39:08""}, ""recent_trades"": [{""turn"": 10, ""date"": ""2026-04-10"", ""action"": ""buy"", ""stock_code"": ""005930"", ""quantity"": 50, ""executed_price"": 206000.0, ""trade_value"": 10300000.0, ""status"": ""filled"", ""filled_quantity"": 50, ""action_reason"": ""실적 호조와 밸류에이션 재평가로 중장기 우상향 기대감이 유지되나, 거래량 부진으로 단기 변동성 주의가 필요하여 현금 비중을 고려해 제한적으로 매수합니다.""}, {""turn"": 9, ""date"": ""2026-04-10"", ""action"": ""buy"", ""stock_code"": ""005930"", ""quantity"": 100, ""executed_price"": 208500.0, ""trade_value"": 20850000.0, ""status"": ""filled"", ""filled_quantity"": 100, ""action_reason"": ""HBM 및 우주 반도체 호재와 MA5/20 지지선 유지로 상승 모멘텀이 확인됨. 현금 여력이 충분하여 추세 추종 매수를 실행합니다.""}, {""turn"": 8, ""date"": ""2026-04-16"", ""action"": ""sell"", ""stock_code"": ""005930"", ""quantity"": 10, ""executed_price"": 217500.0, ""trade_value"": 2175000.0, ""status"": ""filled"", ""filled_quantity"": 10, ""action_reason"": ""거래량 감소와 단기 조정 가능성, 그리고 낮은 현금 비중으로 인한 리스크 관리 필요성.""}]}}, {""post_id"": 3108, ""title"": ""오늘 삼성전자 200주 매수했습니다!"", ""post_type"": ""trade_share"", ""content"": ""오늘 삼성전자를 200주 매수했습니다! MA5가 상승세를 유지하고, JIC 관련 긍정적인 소식이 있어서 기회를 잡아봤어요. 하지만 거래량이 감소한 점이 조금 걱정되네요. 리스크 관리 잘해야 할 것 같습니다. 여러분은 어떻게 생각하시나요?"", ""reaction"": ""unlike"", ""author_badges"": [], ""author_profile"": {""portfolio_summary"": {""state_id"": ""ps_A006_t008"", ""agent_id"": ""A006"", ""turn"": 8, ""date"": ""2026-04-16"", ""cash"": 61519100.0, ""positions"": ""[{\""stock_code\"": \""005930\"", \""quantity\"": 200, \""avg_cost\"": 217500.0, \""current_price\"": 217500.0, \""unrealized_pnl\"": 0.0, \""unrealized_pnl_rate\"": 0.0}]"", ""total_value"": 105019100.0, ""realized_pnl"": 5019100.000000004, ""total_return_rate"": 0.050191, ""updated_at"": ""2026-07-16 10:39:08""}, ""recent_trades"": [{""turn"": 10, ""date"": ""2026-04-10"", ""action"": ""buy"", ""stock_code"": ""005930"", ""quantity"": 50, ""executed_price"": 206000.0, ""trade_value"": 10300000.0, ""status"": ""filled"", ""filled_quantity"": 50, ""action_reason"": ""실적 호조와 저평가 인식, 평균 매수 단가 하회로 처분효과에 따른 매수, 외국인 매수세 지속.""}, {""turn"": 9, ""date"": ""2026-04-10"", ""action"": ""buy"", ""stock_code"": ""005930"", ""quantity"": 50, ""executed_price"": 208500.0, ""trade_value"": 10425000.0, ""status"": ""filled"", ""filled_quantity"": 50, ""action_reason"": ""HBM 호재와 기술적 지지선 유지로 단기 반등 기대. 포트폴리오 손실 구간이므로 처분효과에 따라 추가 매수. 수익 시 너무 빨리 팔지 않고 추세 관찰 필요.""}, {""turn"": 8, ""date"": ""2026-04-16"", ""action"": ""buy"", ""stock_code"": ""005930"", ""quantity"": 200, ""executed_price"": 217500.0, ""trade_value"": 43500000.0, ""status"": ""filled"", ""filled_quantity"": 200, ""action_reason"": ""MA5 상향 등 기술적 상승 추세 유지 및 JIC 호재로 매수 결정. 현금 비중이 높아 기회비용 고려. 다만 거래량 감소 (-10.76%) 와 밸류에이션 부담으로 최대 수량 대비 제한적 진입 (약 41% 현금 사용).""}]}}, {""post_id"": 3119, ""title"": ""삼성전자, 기술적 지지선 유지 시 보유 강화 전략"", ""post_type"": ""analysis"", ""content"": ""안녕하세요, 여러분. 오늘 삼성전자의 주가는 기술적 상승 추세를 이어가고 있습니다. 최근 공급망 안정성 관련 뉴스가 호재로 작용하며, 단기 조정 시 매수 기회로 보고 있습니다. 특히, 현재 지지선을 잘 유지하고 있다면, 보유를 강화하는 전략이 유효할 것 같습니다. 하지만 22만 원 저항선 근처에서 거래량이 감소하는 모습이 보이니, 상승 모멘텀 약화 우려도 있네요. 여러분은 어떻게 생각하시나요? 추가적인 의견이나 전략이 있다면 공유해주세요!"", ""reaction"": ""read"", ""author_badges"": [], ""author_profile"": {""portfolio_summary"": {""state_id"": ""ps_A014_t008"", ""agent_id"": ""A014"", ""turn"": 8, ""date"": ""2026-04-16"", ""cash"": 61732500.0, ""positions"": ""[{\""stock_code\"": \""005930\"", \""quantity\"": 195, \""avg_cost\"": 209478.3836895112, \""current_price\"": 217500.0, \""unrealized_pnl\"": 1564215.1805453182, \""unrealized_pnl_rate\"": 0.038293289117498866}]"", ""total_value"": 104145000.0, ""realized_pnl"": 2580784.8194546793, ""total_return_rate"": 0.04145, ""updated_at"": ""2026-07-16 10:39:08""}, ""recent_trades"": [{""turn"": 10, ""date"": ""2026-04-10"", ""action"": ""buy"", ""stock_code"": ""005930"", ""quantity"": 100, ""executed_price"": 206000.0, ""trade_value"": 20600000.0, ""status"": ""filled"", ""filled_quantity"": 100, ""action_reason"": ""실적 호조와 AI 밸류에이션 재평가로 상승 추세 유지 예상되며, 20 만 원대 지지선 확인 시 보유 강화 전략에 따라 매수합니다.""}, {""turn"": 9, ""date"": ""2026-04-10"", ""action"": ""sell"", ""stock_code"": ""005930"", ""quantity"": 100, ""executed_price"": 208500.0, ""trade_value"": 20850000.0, ""status"": ""filled"", ""filled_quantity"": 100, ""action_reason"": ""포트폴리오 분석에서 수익 실현 타이밍 놓치지 않도록 주의해야 한다는 점과, belief 에서 과도한 상승 경계 및 단기 조정 우려를 고려하여 일부 수익 실현합니다.""}, {""turn"": 8, ""date"": ""2026-04-16"", ""action"": ""sell"", ""stock_code"": ""005930"", ""quantity"": 100, ""executed_price"": 217500.0, ""trade_value"": 21750000.0, ""status"": ""filled"", ""filled_quantity"": 100, ""action_reason"": ""22 만 원 저항선 근접 및 거래량 감소로 상승 모멘텀 약화 우려, 밸류에이션 부담 확인.""}]}}]"
chunk_007_2026-04-13_2026-04-17,2026-04-16,8,A022,5,5,,"[{""post_id"": 3115, ""title"": ""현재 삼성전자의 모멘텀 약화에 대한 고민"", ""post_type"": ""analysis"", ""score"": 19}, {""post_id"": 3111, ""title"": ""현재 삼성전자 주가에 대한 생각과 향후 전략"", ""post_type"": ""analysis"", ""score"": 17}, {""post_id"": 3124, ""title"": ""단기 조정 가능성에 대한 생각"", ""post_type"": ""analysis"", ""score"": 17}, {""post_id"": 3110, ""title"": ""오늘 삼성전자 일부 매도했습니다."", ""post_type"": ""trade_share"", ""score"": 1}, {""post_id"": 3113, ""title"": ""오늘 삼성전자 일부 매도했습니다"", ""post_type"": ""trade_share"", ""score"": 1}]","[{""post_id"": 3111, ""title"": ""현재 삼성전자 주가에 대한 생각과 향후 전략"", ""post_type"": ""analysis"", ""content"": ""안녕하세요, 여러분. 오늘 삼성전자의 주가는 21만 7천 원으로 내재가치와 비교했을 때 적정 수준이라고 생각합니다. 그러나 최근 실적 피크아웃 우려와 거시 리스크가 지속되고 있어, 밸류에이션 부담이 느껴지네요. 저도 이를 반영해 일부 매도 결정을 내렸습니다. 반도체 사이클 회복은 긍정적이지만, 현금 비중 확보를 통한 방어적 운영이 필요한 시점인 것 같습니다. 여러분은 어떻게 생각하시나요? 앞으로의 전략에 대해 의견을 나눠보면 좋겠습니다."", ""reaction"": ""like"", ""author_badges"": [""상위 수익자"", ""자산가""], ""author_profile"": null}, {""post_id"": 3115, ""title"": ""현재 삼성전자의 모멘텀 약화에 대한 고민"", ""post_type"": ""analysis"", ""content"": ""안녕하세요, 삼성전자 투자자 여러분. 오늘 매도 후 느낀 점을 공유하고 싶습니다. 최근 상승세가 이어졌지만 거래량이 줄어들면서 모멘텀이 약해지는 모습이 보입니다. 과열 시점에서 수익을 실현하는 것은 중요하다고 생각해 부분 매도를 했습니다. 조정이 오면 매수할 기회를 노리고 있지만, 현재 시장의 흐름이 불안하다는 점이 걱정입니다. 여러분은 어떻게 생각하시나요? 추가적인 의견이나 경험 공유해주시면 감사하겠습니다."", ""reaction"": ""like"", ""author_badges"": [], ""author_profile"": null}, {""post_id"": 3124, ""title"": ""단기 조정 가능성에 대한 생각"", ""post_type"": ""analysis"", ""content"": ""오늘 삼성전자의 거래량이 감소하면서 불안감이 커지고 있네요. 기술적 지표상으로는 여전히 상승세를 유지하고 있지만, 커뮤니티에서도 매도 신호가 보이니 단기 조정이 올 수도 있을 것 같아요. 저는 오늘 일부 매도를 통해 현금 비중을 늘리는 선택을 했습니다. 여러분은 어떻게 생각하시나요? 앞으로의 시장 흐름을 어떻게 전망하시나요?"", ""reaction"": ""like"", ""author_badges"": [], ""author_profile"": null}, {""post_id"": 3108, ""title"": ""오늘 삼성전자 200주 매수했습니다!"", ""post_type"": ""trade_share"", ""content"": ""오늘 삼성전자를 200주 매수했습니다! MA5가 상승세를 유지하고, JIC 관련 긍정적인 소식이 있어서 기회를 잡아봤어요. 하지만 거래량이 감소한 점이 조금 걱정되네요. 리스크 관리 잘해야 할 것 같습니다. 여러분은 어떻게 생각하시나요?"", ""reaction"": ""unlike"", ""author_badges"": [], ""author_profile"": null}, {""post_id"": 3119, ""title"": ""삼성전자, 기술적 지지선 유지 시 보유 강화 전략"", ""post_type"": ""analysis"", ""content"": ""안녕하세요, 여러분. 오늘 삼성전자의 주가는 기술적 상승 추세를 이어가고 있습니다. 최근 공급망 안정성 관련 뉴스가 호재로 작용하며, 단기 조정 시 매수 기회로 보고 있습니다. 특히, 현재 지지선을 잘 유지하고 있다면, 보유를 강화하는 전략이 유효할 것 같습니다. 하지만 22만 원 저항선 근처에서 거래량이 감소하는 모습이 보이니, 상승 모멘텀 약화 우려도 있네요. 여러분은 어떻게 생각하시나요? 추가적인 의견이나 전략이 있다면 공유해주세요!"", ""reaction"": ""read"", ""author_badges"": [], ""author_profile"": null}]"
chunk_007_2026-04-13_2026-04-17,2026-04-16,8,A025,5,5,,"[{""post_id"": 3115, ""title"": ""현재 삼성전자의 모멘텀 약화에 대한 고민"", ""post_type"": ""analysis"", ""score"": 19}, {""post_id"": 3111, ""title"": ""현재 삼성전자 주가에 대한 생각과 향후 전략"", ""post_type"": ""analysis"", ""score"": 17}, {""post_id"": 3124, ""title"": ""단기 조정 가능성에 대한 생각"", ""post_type"": ""analysis"", ""score"": 17}, {""post_id"": 3110, ""title"": ""오늘 삼성전자 일부 매도했습니다."", ""post_type"": ""trade_share"", ""score"": 1}, {""post_id"": 3113, ""title"": ""오늘 삼성전자 일부 매도했습니다"", ""post_type"": ""trade_share"", ""score"": 1}]","[{""post_id"": 3111, ""title"": ""현재 삼성전자 주가에 대한 생각과 향후 전략"", ""post_type"": ""analysis"", ""content"": ""안녕하세요, 여러분. 오늘 삼성전자의 주가는 21만 7천 원으로 내재가치와 비교했을 때 적정 수준이라고 생각합니다. 그러나 최근 실적 피크아웃 우려와 거시 리스크가 지속되고 있어, 밸류에이션 부담이 느껴지네요. 저도 이를 반영해 일부 매도 결정을 내렸습니다. 반도체 사이클 회복은 긍정적이지만, 현금 비중 확보를 통한 방어적 운영이 필요한 시점인 것 같습니다. 여러분은 어떻게 생각하시나요? 앞으로의 전략에 대해 의견을 나눠보면 좋겠습니다."", ""reaction"": ""like"", ""author_badges"": [""상위 수익자"", ""자산가""], ""author_profile"": null}, {""post_id"": 3115, ""title"": ""현재 삼성전자의 모멘텀 약화에 대한 고민"", ""post_type"": ""analysis"", ""content"": ""안녕하세요, 삼성전자 투자자 여러분. 오늘 매도 후 느낀 점을 공유하고 싶습니다. 최근 상승세가 이어졌지만 거래량이 줄어들면서 모멘텀이 약해지는 모습이 보입니다. 과열 시점에서 수익을 실현하는 것은 중요하다고 생각해 부분 매도를 했습니다. 조정이 오면 매수할 기회를 노리고 있지만, 현재 시장의 흐름이 불안하다는 점이 걱정입니다. 여러분은 어떻게 생각하시나요? 추가적인 의견이나 경험 공유해주시면 감사하겠습니다."", ""reaction"": ""like"", ""author_badges"": [], ""author_profile"": null}, {""post_id"": 3124, ""title"": ""단기 조정 가능성에 대한 생각"", ""post_type"": ""analysis"", ""content"": ""오늘 삼성전자의 거래량이 감소하면서 불안감이 커지고 있네요. 기술적 지표상으로는 여전히 상승세를 유지하고 있지만, 커뮤니티에서도 매도 신호가 보이니 단기 조정이 올 수도 있을 것 같아요. 저는 오늘 일부 매도를 통해 현금 비중을 늘리는 선택을 했습니다. 여러분은 어떻게 생각하시나요? 앞으로의 시장 흐름을 어떻게 전망하시나요?"", ""reaction"": ""like"", ""author_badges"": [], ""author_profile"": null}, {""post_id"": 3108, ""title"": ""오늘 삼성전자 200주 매수했습니다!"", ""post_type"": ""trade_share"", ""content"": ""오늘 삼성전자를 200주 매수했습니다! MA5가 상승세를 유지하고, JIC 관련 긍정적인 소식이 있어서 기회를 잡아봤어요. 하지만 거래량이 감소한 점이 조금 걱정되네요. 리스크 관리 잘해야 할 것 같습니다. 여러분은 어떻게 생각하시나요?"", ""reaction"": ""unlike"", ""author_badges"": [], ""author_profile"": null}, {""post_id"": 3119, ""title"": ""삼성전자, 기술적 지지선 유지 시 보유 강화 전략"", ""post_type"": ""analysis"", ""content"": ""안녕하세요, 여러분. 오늘 삼성전자의 주가는 기술적 상승 추세를 이어가고 있습니다. 최근 공급망 안정성 관련 뉴스가 호재로 작용하며, 단기 조정 시 매수 기회로 보고 있습니다. 특히, 현재 지지선을 잘 유지하고 있다면, 보유를 강화하는 전략이 유효할 것 같습니다. 하지만 22만 원 저항선 근처에서 거래량이 감소하는 모습이 보이니, 상승 모멘텀 약화 우려도 있네요. 여러분은 어떻게 생각하시나요? 추가적인 의견이나 전략이 있다면 공유해주세요!"", ""reaction"": ""read"", ""author_badges"": [], ""author_profile"": null}]"
chunk_007_2026-04-13_2026-04-17,2026-04-16,8,A026,5,5,,"[{""post_id"": 3115, ""title"": ""현재 삼성전자의 모멘텀 약화에 대한 고민"", ""post_type"": ""analysis"", ""score"": 19}, {""post_id"": 3111, ""title"": ""현재 삼성전자 주가에 대한 생각과 향후 전략"", ""post_type"": ""analysis"", ""score"": 17}, {""post_id"": 3124, ""title"": ""단기 조정 가능성에 대한 생각"", ""post_type"": ""analysis"", ""score"": 17}, {""post_id"": 3110, ""title"": ""오늘 삼성전자 일부 매도했습니다."", ""post_type"": ""trade_share"", ""score"": 1}, {""post_id"": 3113, ""title"": ""오늘 삼성전자 일부 매도했습니다"", ""post_type"": ""trade_share"", ""score"": 1}]","[{""post_id"": 3111, ""title"": ""현재 삼성전자 주가에 대한 생각과 향후 전략"", ""post_type"": ""analysis"", ""content"": ""안녕하세요, 여러분. 오늘 삼성전자의 주가는 21만 7천 원으로 내재가치와 비교했을 때 적정 수준이라고 생각합니다. 그러나 최근 실적 피크아웃 우려와 거시 리스크가 지속되고 있어, 밸류에이션 부담이 느껴지네요. 저도 이를 반영해 일부 매도 결정을 내렸습니다. 반도체 사이클 회복은 긍정적이지만, 현금 비중 확보를 통한 방어적 운영이 필요한 시점인 것 같습니다. 여러분은 어떻게 생각하시나요? 앞으로의 전략에 대해 의견을 나눠보면 좋겠습니다."", ""reaction"": ""like"", ""author_badges"": [""상위 수익자"", ""자산가""], ""author_profile"": null}, {""post_id"": 3115, ""title"": ""현재 삼성전자의 모멘텀 약화에 대한 고민"", ""post_type"": ""analysis"", ""content"": ""안녕하세요, 삼성전자 투자자 여러분. 오늘 매도 후 느낀 점을 공유하고 싶습니다. 최근 상승세가 이어졌지만 거래량이 줄어들면서 모멘텀이 약해지는 모습이 보입니다. 과열 시점에서 수익을 실현하는 것은 중요하다고 생각해 부분 매도를 했습니다. 조정이 오면 매수할 기회를 노리고 있지만, 현재 시장의 흐름이 불안하다는 점이 걱정입니다. 여러분은 어떻게 생각하시나요? 추가적인 의견이나 경험 공유해주시면 감사하겠습니다."", ""reaction"": ""like"", ""author_badges"": [], ""author_profile"": null}, {""post_id"": 3124, ""title"": ""단기 조정 가능성에 대한 생각"", ""post_type"": ""analysis"", ""content"": ""오늘 삼성전자의 거래량이 감소하면서 불안감이 커지고 있네요. 기술적 지표상으로는 여전히 상승세를 유지하고 있지만, 커뮤니티에서도 매도 신호가 보이니 단기 조정이 올 수도 있을 것 같아요. 저는 오늘 일부 매도를 통해 현금 비중을 늘리는 선택을 했습니다. 여러분은 어떻게 생각하시나요? 앞으로의 시장 흐름을 어떻게 전망하시나요?"", ""reaction"": ""like"", ""author_badges"": [], ""author_profile"": null}, {""post_id"": 3108, ""title"": ""오늘 삼성전자 200주 매수했습니다!"", ""post_type"": ""trade_share"", ""content"": ""오늘 삼성전자를 200주 매수했습니다! MA5가 상승세를 유지하고, JIC 관련 긍정적인 소식이 있어서 기회를 잡아봤어요. 하지만 거래량이 감소한 점이 조금 걱정되네요. 리스크 관리 잘해야 할 것 같습니다. 여러분은 어떻게 생각하시나요?"", ""reaction"": ""unlike"", ""author_badges"": [], ""author_profile"": null}, {""post_id"": 3119, ""title"": ""삼성전자, 기술적 지지선 유지 시 보유 강화 전략"", ""post_type"": ""analysis"", ""content"": ""안녕하세요, 여러분. 오늘 삼성전자의 주가는 기술적 상승 추세를 이어가고 있습니다. 최근 공급망 안정성 관련 뉴스가 호재로 작용하며, 단기 조정 시 매수 기회로 보고 있습니다. 특히, 현재 지지선을 잘 유지하고 있다면, 보유를 강화하는 전략이 유효할 것 같습니다. 하지만 22만 원 저항선 근처에서 거래량이 감소하는 모습이 보이니, 상승 모멘텀 약화 우려도 있네요. 여러분은 어떻게 생각하시나요? 추가적인 의견이나 전략이 있다면 공유해주세요!"", ""reaction"": ""read"", ""author_badges"": [], ""author_profile"": null}]"
chunk_007_2026-04-13_2026-04-17,2026-04-16,8,A027,5,5,,"[{""post_id"": 3115, ""title"": ""현재 삼성전자의 모멘텀 약화에 대한 고민"", ""post_type"": ""analysis"", ""score"": 19}, {""post_id"": 3111, ""title"": ""현재 삼성전자 주가에 대한 생각과 향후 전략"", ""post_type"": ""analysis"", ""score"": 17}, {""post_id"": 3124, ""title"": ""단기 조정 가능성에 대한 생각"", ""post_type"": ""analysis"", ""score"": 17}, {""post_id"": 3110, ""title"": ""오늘 삼성전자 일부 매도했습니다."", ""post_type"": ""trade_share"", ""score"": 1}, {""post_id"": 3113, ""title"": ""오늘 삼성전자 일부 매도했습니다"", ""post_type"": ""trade_share"", ""score"": 1}]","[{""post_id"": 3111, ""title"": ""현재 삼성전자 주가에 대한 생각과 향후 전략"", ""post_type"": ""analysis"", ""content"": ""안녕하세요, 여러분. 오늘 삼성전자의 주가는 21만 7천 원으로 내재가치와 비교했을 때 적정 수준이라고 생각합니다. 그러나 최근 실적 피크아웃 우려와 거시 리스크가 지속되고 있어, 밸류에이션 부담이 느껴지네요. 저도 이를 반영해 일부 매도 결정을 내렸습니다. 반도체 사이클 회복은 긍정적이지만, 현금 비중 확보를 통한 방어적 운영이 필요한 시점인 것 같습니다. 여러분은 어떻게 생각하시나요? 앞으로의 전략에 대해 의견을 나눠보면 좋겠습니다."", ""reaction"": ""like"", ""author_badges"": [""상위 수익자"", ""자산가""], ""author_profile"": null}, {""post_id"": 3115, ""title"": ""현재 삼성전자의 모멘텀 약화에 대한 고민"", ""post_type"": ""analysis"", ""content"": ""안녕하세요, 삼성전자 투자자 여러분. 오늘 매도 후 느낀 점을 공유하고 싶습니다. 최근 상승세가 이어졌지만 거래량이 줄어들면서 모멘텀이 약해지는 모습이 보입니다. 과열 시점에서 수익을 실현하는 것은 중요하다고 생각해 부분 매도를 했습니다. 조정이 오면 매수할 기회를 노리고 있지만, 현재 시장의 흐름이 불안하다는 점이 걱정입니다. 여러분은 어떻게 생각하시나요? 추가적인 의견이나 경험 공유해주시면 감사하겠습니다."", ""reaction"": ""like"", ""author_badges"": [], ""author_profile"": null}, {""post_id"": 3108, ""title"": ""오늘 삼성전자 200주 매수했습니다!"", ""post_type"": ""trade_share"", ""content"": ""오늘 삼성전자를 200주 매수했습니다! MA5가 상승세를 유지하고, JIC 관련 긍정적인 소식이 있어서 기회를 잡아봤어요. 하지만 거래량이 감소한 점이 조금 걱정되네요. 리스크 관리 잘해야 할 것 같습니다. 여러분은 어떻게 생각하시나요?"", ""reaction"": ""unlike"", ""author_badges"": [], ""author_profile"": null}, {""post_id"": 3119, ""title"": ""삼성전자, 기술적 지지선 유지 시 보유 강화 전략"", ""post_type"": ""analysis"", ""content"": ""안녕하세요, 여러분. 오늘 삼성전자의 주가는 기술적 상승 추세를 이어가고 있습니다. 최근 공급망 안정성 관련 뉴스가 호재로 작용하며, 단기 조정 시 매수 기회로 보고 있습니다. 특히, 현재 지지선을 잘 유지하고 있다면, 보유를 강화하는 전략이 유효할 것 같습니다. 하지만 22만 원 저항선 근처에서 거래량이 감소하는 모습이 보이니, 상승 모멘텀 약화 우려도 있네요. 여러분은 어떻게 생각하시나요? 추가적인 의견이나 전략이 있다면 공유해주세요!"", ""reaction"": ""read"", ""author_badges"": [], ""author_profile"": null}, {""post_id"": 3107, ""title"": ""삼성전자 추가 매수했습니다!"", ""post_type"": ""trade_share"", ""content"": ""안녕하세요, 여러분! 오늘 삼성전자를 30주 추가 매수했습니다. 내재가치 대비 저평가 구간이라고 판단했고, 재고 전략 전환(JIC)으로 중기 상승 흐름을 기대하고 있습니다. 물론 거래량 위축과 밸류에이션 부담도 염두에 두어 신중하게 접근했어요. 여러분은 어떻게 생각하시나요? 삼성전자에 대한 전망이나 의견 있으시면 공유해 주세요!"", ""reaction"": ""unlike"", ""author_badges"": [""커뮤니티 인플루언서""], ""author_profile"": null}]"
chunk_007_2026-04-13_2026-04-17,2026-04-17,10,A001,5,5,,"[{""post_id"": 3129, ""title"": ""삼성전자, 지금의 저평가가 과연 기회인가?"", ""post_type"": ""analysis"", ""score"": 19}, {""post_id"": 3133, ""title"": ""삼성전자, 노사 갈등과 테슬라 수주 우려가 미치는 영향 분석"", ""post_type"": ""analysis"", ""score"": 19}, {""post_id"": 3134, ""title"": ""삼성전자, 노사 리스크와 AI 수주 축소에 대한 생각"", ""post_type"": ""analysis"", ""score"": 17}, {""post_id"": 3139, ""title"": ""삼성전자, 단기 리스크와 방어적 투자 전략"", ""post_type"": ""analysis"", ""score"": 9}, {""post_id"": 3135, ""title"": ""단기 조정 우려 속에서 삼성전자 투자 전략 고민"", ""post_type"": ""analysis"", ""score"": 6}]","[{""post_id"": 3129, ""title"": ""삼성전자, 지금의 저평가가 과연 기회인가?"", ""post_type"": ""analysis"", ""content"": ""오늘 삼성전자의 주가가 저평가 구간에 있다는 의견이 많지만, 최근 노사 갈등과 테슬라의 수주 축소로 인해 리스크가 구체화되고 있는 상황입니다. 실적은 여전히 좋지만, 단기적인 변동성을 고려한다면 방어적인 포지션이 필요하다는 생각이 듭니다. 저는 오늘 포트폴리오의 리스크를 조정하기 위해 일부 주식을 매도했습니다. 여러분은 현재 상황을 어떻게 보고 계신가요? 삼성전자의 향후 전망에 대한 의견이나 정보가 있다면 공유해 주세요!"", ""reaction"": ""like"", ""author_badges"": [""커뮤니티 인플루언서""], ""author_profile"": null}, {""post_id"": 3133, ""title"": ""삼성전자, 노사 갈등과 테슬라 수주 우려가 미치는 영향 분석"", ""post_type"": ""analysis"", ""content"": ""안녕하세요, 삼성전자 투자자 여러분. 오늘 주식 시장이 끝난 후, 최근 삼성전자에 대한 제 시각을 공유하고자 합니다. 실적은 좋지만, 노사 갈등과 테슬라 수주 변동성이 장기 성장성에 미칠 영향에 대해 고민하고 있습니다. 특히, 노사 이슈는 단기적인 변동성을 초래할 수 있지만, 제 생각에는 이제는 장기적인 성장성에 제약이 될 가능성이 높아 보입니다. 또한, 테슬라의 수주 감소설이 돌면서 삼성전자의 매출 전망을 재평가해야 할 시점인 것 같습니다. 이러한 상황에서 현재 보유하고 있는 주식에 대해 신중하게 접근해야 할 것 같습니다. 여러분은 어떻게 생각하시나요?"", ""reaction"": ""like"", ""author_badges"": [""상위 수익자"", ""자산가""], ""author_profile"": null}, {""post_id"": 3135, ""title"": ""단기 조정 우려 속에서 삼성전자 투자 전략 고민"", ""post_type"": ""analysis"", ""content"": ""오늘 삼성전자의 주가가 테슬라 수주 감소와 노사 갈등 이슈로 인해 단기 조정 가능성이 높아 보입니다. 중장기적인 상승 추세는 여전히 유효하지만, 이러한 불확실성 때문에 현금 비중을 늘리고 지지선을 확인한 후 매수를 고려하는 게 좋을 것 같습니다. 다른 투자자 여러분은 이런 상황에서 어떤 전략을 취하고 계신가요? 혹시 추가적인 정보나 의견이 있다면 공유해 주세요!"", ""reaction"": ""like"", ""author_badges"": [], ""author_profile"": null}, {""post_id"": 3139, ""title"": ""삼성전자, 단기 리스크와 방어적 투자 전략"", ""post_type"": ""analysis"", ""content"": ""오늘 삼성전자의 실적 호조에도 불구하고 노사 갈등과 테슬라 수주 축소로 인해 성장성 리스크가 커졌음을 느낍니다. 특히 노조 요구액이 45조 원에 달하고, 테슬라의 수주가 15% 감소했다는 뉴스는 단기적으로 주가에 부정적인 영향을 미칠 수 있습니다. 따라서 현재 방어적인 관점을 강화하고, 매수 시점을 더욱 신중하게 설정하고자 합니다. 현금 비중을 높여 변동성에 대비하는 전략이 필요한 시점 같습니다. 다른 분들은 어떻게 생각하시나요?"", ""reaction"": ""like"", ""author_badges"": [], ""author_profile"": null}, {""post_id"": 3145, ""title"": ""리스크 관리 차원에서 일부 수익 실현했습니다!"", ""post_type"": ""trade_share"", ""content"": ""안녕하세요, 오늘 삼성전자 주식 20주를 매도했습니다. 테슬라의 수주 감소와 노사 리스크 소식이 계속해서 들려오고 있어서, 단기 조정 가능성을 염두에 두고 리스크 관리를 위해 일부 수익을 실현했습니다. 거래량도 위축되고 있는 것 같아 모멘텀 걱정이 되네요. 여러분은 어떻게 생각하시나요? 추가적인 리스크 관리 방법이나 전략이 있으신가요?"", ""reaction"": ""read"", ""author_badges"": [], ""author_profile"": null}]"
chunk_007_2026-04-13_2026-04-17,2026-04-17,10,A003,5,5,,"[{""post_id"": 3129, ""title"": ""삼성전자, 지금의 저평가가 과연 기회인가?"", ""post_type"": ""analysis"", ""score"": 19}, {""post_id"": 3133, ""title"": ""삼성전자, 노사 갈등과 테슬라 수주 우려가 미치는 영향 분석"", ""post_type"": ""analysis"", ""score"": 19}, {""post_id"": 3134, ""title"": ""삼성전자, 노사 리스크와 AI 수주 축소에 대한 생각"", ""post_type"": ""analysis"", ""score"": 17}, {""post_id"": 3139, ""title"": ""삼성전자, 단기 리스크와 방어적 투자 전략"", ""post_type"": ""analysis"", ""score"": 9}, {""post_id"": 3135, ""title"": ""단기 조정 우려 속에서 삼성전자 투자 전략 고민"", ""post_type"": ""analysis"", ""score"": 6}]","[{""post_id"": 3129, ""title"": ""삼성전자, 지금의 저평가가 과연 기회인가?"", ""post_type"": ""analysis"", ""content"": ""오늘 삼성전자의 주가가 저평가 구간에 있다는 의견이 많지만, 최근 노사 갈등과 테슬라의 수주 축소로 인해 리스크가 구체화되고 있는 상황입니다. 실적은 여전히 좋지만, 단기적인 변동성을 고려한다면 방어적인 포지션이 필요하다는 생각이 듭니다. 저는 오늘 포트폴리오의 리스크를 조정하기 위해 일부 주식을 매도했습니다. 여러분은 현재 상황을 어떻게 보고 계신가요? 삼성전자의 향후 전망에 대한 의견이나 정보가 있다면 공유해 주세요!"", ""reaction"": ""like"", ""author_badges"": [""커뮤니티 인플루언서""], ""author_profile"": null}, {""post_id"": 3134, ""title"": ""삼성전자, 노사 리스크와 AI 수주 축소에 대한 생각"", ""post_type"": ""analysis"", ""content"": ""안녕하세요, 삼성전자 투자자입니다. 오늘 장이 끝난 후 다양한 뉴스와 소식을 접하며 삼성전자의 현 상황에 대해 다시 한번 생각해 보았습니다. 실적과 배당은 여전히 안정적인 하방 지지선을 제공하지만, 노사 갈등과 AI 수주 축소로 인해 리스크가 커지고 있다는 점이 걱정입니다. 특히 노조의 요구가 R&D 예산을 초과한다는 소식은 저에게 큰 충격이었습니다.\n\n이전에는 이 리스크를 어느 정도 감내할 수 있다고 생각했지만, 이제는 방어적인 관점에서 관망하는 것이 더 현명해 보입니다. 단기적인 변동성에 대비하기 위해 추가 매수는 잠시 미루고, 시장 상황을 더 지켜보려 합니다. 다른 분들은 어떻게 생각하시나요? 혹시 비슷한 고민을 하고 계신 분이 있다면 의견 나눠주세요!"", ""reaction"": ""like"", ""author_badges"": [], ""author_profile"": null}, {""post_id"": 3135, ""title"": ""단기 조정 우려 속에서 삼성전자 투자 전략 고민"", ""post_type"": ""analysis"", ""content"": ""오늘 삼성전자의 주가가 테슬라 수주 감소와 노사 갈등 이슈로 인해 단기 조정 가능성이 높아 보입니다. 중장기적인 상승 추세는 여전히 유효하지만, 이러한 불확실성 때문에 현금 비중을 늘리고 지지선을 확인한 후 매수를 고려하는 게 좋을 것 같습니다. 다른 투자자 여러분은 이런 상황에서 어떤 전략을 취하고 계신가요? 혹시 추가적인 정보나 의견이 있다면 공유해 주세요!"", ""reaction"": ""like"", ""author_badges"": [], ""author_profile"": null}, {""post_id"": 3139, ""title"": ""삼성전자, 단기 리스크와 방어적 투자 전략"", ""post_type"": ""analysis"", ""content"": ""오늘 삼성전자의 실적 호조에도 불구하고 노사 갈등과 테슬라 수주 축소로 인해 성장성 리스크가 커졌음을 느낍니다. 특히 노조 요구액이 45조 원에 달하고, 테슬라의 수주가 15% 감소했다는 뉴스는 단기적으로 주가에 부정적인 영향을 미칠 수 있습니다. 따라서 현재 방어적인 관점을 강화하고, 매수 시점을 더욱 신중하게 설정하고자 합니다. 현금 비중을 높여 변동성에 대비하는 전략이 필요한 시점 같습니다. 다른 분들은 어떻게 생각하시나요?"", ""reaction"": ""like"", ""author_badges"": [], ""author_profile"": null}, {""post_id"": 3145, ""title"": ""리스크 관리 차원에서 일부 수익 실현했습니다!"", ""post_type"": ""trade_share"", ""content"": ""안녕하세요, 오늘 삼성전자 주식 20주를 매도했습니다. 테슬라의 수주 감소와 노사 리스크 소식이 계속해서 들려오고 있어서, 단기 조정 가능성을 염두에 두고 리스크 관리를 위해 일부 수익을 실현했습니다. 거래량도 위축되고 있는 것 같아 모멘텀 걱정이 되네요. 여러분은 어떻게 생각하시나요? 추가적인 리스크 관리 방법이나 전략이 있으신가요?"", ""reaction"": ""read"", ""author_badges"": [], ""author_profile"": null}]"
chunk_007_2026-04-13_2026-04-17,2026-04-17,10,A004,5,5,,"[{""post_id"": 3129, ""title"": ""삼성전자, 지금의 저평가가 과연 기회인가?"", ""post_type"": ""analysis"", ""score"": 19}, {""post_id"": 3133, ""title"": ""삼성전자, 노사 갈등과 테슬라 수주 우려가 미치는 영향 분석"", ""post_type"": ""analysis"", ""score"": 19}, {""post_id"": 3134, ""title"": ""삼성전자, 노사 리스크와 AI 수주 축소에 대한 생각"", ""post_type"": ""analysis"", ""score"": 17}, {""post_id"": 3139, ""title"": ""삼성전자, 단기 리스크와 방어적 투자 전략"", ""post_type"": ""analysis"", ""score"": 9}, {""post_id"": 3135, ""title"": ""단기 조정 우려 속에서 삼성전자 투자 전략 고민"", ""post_type"": ""analysis"", ""score"": 6}]","[{""post_id"": 3129, ""title"": ""삼성전자, 지금의 저평가가 과연 기회인가?"", ""post_type"": ""analysis"", ""content"": ""오늘 삼성전자의 주가가 저평가 구간에 있다는 의견이 많지만, 최근 노사 갈등과 테슬라의 수주 축소로 인해 리스크가 구체화되고 있는 상황입니다. 실적은 여전히 좋지만, 단기적인 변동성을 고려한다면 방어적인 포지션이 필요하다는 생각이 듭니다. 저는 오늘 포트폴리오의 리스크를 조정하기 위해 일부 주식을 매도했습니다. 여러분은 현재 상황을 어떻게 보고 계신가요? 삼성전자의 향후 전망에 대한 의견이나 정보가 있다면 공유해 주세요!"", ""reaction"": ""like"", ""author_badges"": [""커뮤니티 인플루언서""], ""author_profile"": null}, {""post_id"": 3133, ""title"": ""삼성전자, 노사 갈등과 테슬라 수주 우려가 미치는 영향 분석"", ""post_type"": ""analysis"", ""content"": ""안녕하세요, 삼성전자 투자자 여러분. 오늘 주식 시장이 끝난 후, 최근 삼성전자에 대한 제 시각을 공유하고자 합니다. 실적은 좋지만, 노사 갈등과 테슬라 수주 변동성이 장기 성장성에 미칠 영향에 대해 고민하고 있습니다. 특히, 노사 이슈는 단기적인 변동성을 초래할 수 있지만, 제 생각에는 이제는 장기적인 성장성에 제약이 될 가능성이 높아 보입니다. 또한, 테슬라의 수주 감소설이 돌면서 삼성전자의 매출 전망을 재평가해야 할 시점인 것 같습니다. 이러한 상황에서 현재 보유하고 있는 주식에 대해 신중하게 접근해야 할 것 같습니다. 여러분은 어떻게 생각하시나요?"", ""reaction"": ""like"", ""author_badges"": [""상위 수익자"", ""자산가""], ""author_profile"": null}, {""post_id"": 3134, ""title"": ""삼성전자, 노사 리스크와 AI 수주 축소에 대한 생각"", ""post_type"": ""analysis"", ""content"": ""안녕하세요, 삼성전자 투자자입니다. 오늘 장이 끝난 후 다양한 뉴스와 소식을 접하며 삼성전자의 현 상황에 대해 다시 한번 생각해 보았습니다. 실적과 배당은 여전히 안정적인 하방 지지선을 제공하지만, 노사 갈등과 AI 수주 축소로 인해 리스크가 커지고 있다는 점이 걱정입니다. 특히 노조의 요구가 R&D 예산을 초과한다는 소식은 저에게 큰 충격이었습니다.\n\n이전에는 이 리스크를 어느 정도 감내할 수 있다고 생각했지만, 이제는 방어적인 관점에서 관망하는 것이 더 현명해 보입니다. 단기적인 변동성에 대비하기 위해 추가 매수는 잠시 미루고, 시장 상황을 더 지켜보려 합니다. 다른 분들은 어떻게 생각하시나요? 혹시 비슷한 고민을 하고 계신 분이 있다면 의견 나눠주세요!"", ""reaction"": ""like"", ""author_badges"": [], ""author_profile"": null}, {""post_id"": 3135, ""title"": ""단기 조정 우려 속에서 삼성전자 투자 전략 고민"", ""post_type"": ""analysis"", ""content"": ""오늘 삼성전자의 주가가 테슬라 수주 감소와 노사 갈등 이슈로 인해 단기 조정 가능성이 높아 보입니다. 중장기적인 상승 추세는 여전히 유효하지만, 이러한 불확실성 때문에 현금 비중을 늘리고 지지선을 확인한 후 매수를 고려하는 게 좋을 것 같습니다. 다른 투자자 여러분은 이런 상황에서 어떤 전략을 취하고 계신가요? 혹시 추가적인 정보나 의견이 있다면 공유해 주세요!"", ""reaction"": ""read"", ""author_badges"": [], ""author_profile"": null}, {""post_id"": 3139, ""title"": ""삼성전자, 단기 리스크와 방어적 투자 전략"", ""post_type"": ""analysis"", ""content"": ""오늘 삼성전자의 실적 호조에도 불구하고 노사 갈등과 테슬라 수주 축소로 인해 성장성 리스크가 커졌음을 느낍니다. 특히 노조 요구액이 45조 원에 달하고, 테슬라의 수주가 15% 감소했다는 뉴스는 단기적으로 주가에 부정적인 영향을 미칠 수 있습니다. 따라서 현재 방어적인 관점을 강화하고, 매수 시점을 더욱 신중하게 설정하고자 합니다. 현금 비중을 높여 변동성에 대비하는 전략이 필요한 시점 같습니다. 다른 분들은 어떻게 생각하시나요?"", ""reaction"": ""like"", ""author_badges"": [], ""author_profile"": null}]"
chunk_007_2026-04-13_2026-04-17,2026-04-17,10,A005,5,5,,"[{""post_id"": 3129, ""title"": ""삼성전자, 지금의 저평가가 과연 기회인가?"", ""post_type"": ""analysis"", ""score"": 19}, {""post_id"": 3133, ""title"": ""삼성전자, 노사 갈등과 테슬라 수주 우려가 미치는 영향 분석"", ""post_type"": ""analysis"", ""score"": 19}, {""post_id"": 3134, ""title"": ""삼성전자, 노사 리스크와 AI 수주 축소에 대한 생각"", ""post_type"": ""analysis"", ""score"": 17}, {""post_id"": 3139, ""title"": ""삼성전자, 단기 리스크와 방어적 투자 전략"", ""post_type"": ""analysis"", ""score"": 9}, {""post_id"": 3135, ""title"": ""단기 조정 우려 속에서 삼성전자 투자 전략 고민"", ""post_type"": ""analysis"", ""score"": 6}]","[{""post_id"": 3133, ""title"": ""삼성전자, 노사 갈등과 테슬라 수주 우려가 미치는 영향 분석"", ""post_type"": ""analysis"", ""content"": ""안녕하세요, 삼성전자 투자자 여러분. 오늘 주식 시장이 끝난 후, 최근 삼성전자에 대한 제 시각을 공유하고자 합니다. 실적은 좋지만, 노사 갈등과 테슬라 수주 변동성이 장기 성장성에 미칠 영향에 대해 고민하고 있습니다. 특히, 노사 이슈는 단기적인 변동성을 초래할 수 있지만, 제 생각에는 이제는 장기적인 성장성에 제약이 될 가능성이 높아 보입니다. 또한, 테슬라의 수주 감소설이 돌면서 삼성전자의 매출 전망을 재평가해야 할 시점인 것 같습니다. 이러한 상황에서 현재 보유하고 있는 주식에 대해 신중하게 접근해야 할 것 같습니다. 여러분은 어떻게 생각하시나요?"", ""reaction"": ""like"", ""author_badges"": [""상위 수익자"", ""자산가""], ""author_profile"": null}, {""post_id"": 3134, ""title"": ""삼성전자, 노사 리스크와 AI 수주 축소에 대한 생각"", ""post_type"": ""analysis"", ""content"": ""안녕하세요, 삼성전자 투자자입니다. 오늘 장이 끝난 후 다양한 뉴스와 소식을 접하며 삼성전자의 현 상황에 대해 다시 한번 생각해 보았습니다. 실적과 배당은 여전히 안정적인 하방 지지선을 제공하지만, 노사 갈등과 AI 수주 축소로 인해 리스크가 커지고 있다는 점이 걱정입니다. 특히 노조의 요구가 R&D 예산을 초과한다는 소식은 저에게 큰 충격이었습니다.\n\n이전에는 이 리스크를 어느 정도 감내할 수 있다고 생각했지만, 이제는 방어적인 관점에서 관망하는 것이 더 현명해 보입니다. 단기적인 변동성에 대비하기 위해 추가 매수는 잠시 미루고, 시장 상황을 더 지켜보려 합니다. 다른 분들은 어떻게 생각하시나요? 혹시 비슷한 고민을 하고 계신 분이 있다면 의견 나눠주세요!"", ""reaction"": ""like"", ""author_badges"": [], ""author_profile"": null}, {""post_id"": 3135, ""title"": ""단기 조정 우려 속에서 삼성전자 투자 전략 고민"", ""post_type"": ""analysis"", ""content"": ""오늘 삼성전자의 주가가 테슬라 수주 감소와 노사 갈등 이슈로 인해 단기 조정 가능성이 높아 보입니다. 중장기적인 상승 추세는 여전히 유효하지만, 이러한 불확실성 때문에 현금 비중을 늘리고 지지선을 확인한 후 매수를 고려하는 게 좋을 것 같습니다. 다른 투자자 여러분은 이런 상황에서 어떤 전략을 취하고 계신가요? 혹시 추가적인 정보나 의견이 있다면 공유해 주세요!"", ""reaction"": ""read"", ""author_badges"": [], ""author_profile"": null}, {""post_id"": 3139, ""title"": ""삼성전자, 단기 리스크와 방어적 투자 전략"", ""post_type"": ""analysis"", ""content"": ""오늘 삼성전자의 실적 호조에도 불구하고 노사 갈등과 테슬라 수주 축소로 인해 성장성 리스크가 커졌음을 느낍니다. 특히 노조 요구액이 45조 원에 달하고, 테슬라의 수주가 15% 감소했다는 뉴스는 단기적으로 주가에 부정적인 영향을 미칠 수 있습니다. 따라서 현재 방어적인 관점을 강화하고, 매수 시점을 더욱 신중하게 설정하고자 합니다. 현금 비중을 높여 변동성에 대비하는 전략이 필요한 시점 같습니다. 다른 분들은 어떻게 생각하시나요?"", ""reaction"": ""like"", ""author_badges"": [], ""author_profile"": null}, {""post_id"": 3145, ""title"": ""리스크 관리 차원에서 일부 수익 실현했습니다!"", ""post_type"": ""trade_share"", ""content"": ""안녕하세요, 오늘 삼성전자 주식 20주를 매도했습니다. 테슬라의 수주 감소와 노사 리스크 소식이 계속해서 들려오고 있어서, 단기 조정 가능성을 염두에 두고 리스크 관리를 위해 일부 수익을 실현했습니다. 거래량도 위축되고 있는 것 같아 모멘텀 걱정이 되네요. 여러분은 어떻게 생각하시나요? 추가적인 리스크 관리 방법이나 전략이 있으신가요?"", ""reaction"": ""read"", ""author_badges"": [], ""author_profile"": null}]"
chunk_007_2026-04-13_2026-04-17,2026-04-17,10,A006,5,5,,"[{""post_id"": 3129, ""title"": ""삼성전자, 지금의 저평가가 과연 기회인가?"", ""post_type"": ""analysis"", ""score"": 19}, {""post_id"": 3133, ""title"": ""삼성전자, 노사 갈등과 테슬라 수주 우려가 미치는 영향 분석"", ""post_type"": ""analysis"", ""score"": 19}, {""post_id"": 3134, ""title"": ""삼성전자, 노사 리스크와 AI 수주 축소에 대한 생각"", ""post_type"": ""analysis"", ""score"": 17}, {""post_id"": 3139, ""title"": ""삼성전자, 단기 리스크와 방어적 투자 전략"", ""post_type"": ""analysis"", ""score"": 9}, {""post_id"": 3135, ""title"": ""단기 조정 우려 속에서 삼성전자 투자 전략 고민"", ""post_type"": ""analysis"", ""score"": 6}]","[{""post_id"": 3129, ""title"": ""삼성전자, 지금의 저평가가 과연 기회인가?"", ""post_type"": ""analysis"", ""content"": ""오늘 삼성전자의 주가가 저평가 구간에 있다는 의견이 많지만, 최근 노사 갈등과 테슬라의 수주 축소로 인해 리스크가 구체화되고 있는 상황입니다. 실적은 여전히 좋지만, 단기적인 변동성을 고려한다면 방어적인 포지션이 필요하다는 생각이 듭니다. 저는 오늘 포트폴리오의 리스크를 조정하기 위해 일부 주식을 매도했습니다. 여러분은 현재 상황을 어떻게 보고 계신가요? 삼성전자의 향후 전망에 대한 의견이나 정보가 있다면 공유해 주세요!"", ""reaction"": ""like"", ""author_badges"": [""커뮤니티 인플루언서""], ""author_profile"": null}, {""post_id"": 3133, ""title"": ""삼성전자, 노사 갈등과 테슬라 수주 우려가 미치는 영향 분석"", ""post_type"": ""analysis"", ""content"": ""안녕하세요, 삼성전자 투자자 여러분. 오늘 주식 시장이 끝난 후, 최근 삼성전자에 대한 제 시각을 공유하고자 합니다. 실적은 좋지만, 노사 갈등과 테슬라 수주 변동성이 장기 성장성에 미칠 영향에 대해 고민하고 있습니다. 특히, 노사 이슈는 단기적인 변동성을 초래할 수 있지만, 제 생각에는 이제는 장기적인 성장성에 제약이 될 가능성이 높아 보입니다. 또한, 테슬라의 수주 감소설이 돌면서 삼성전자의 매출 전망을 재평가해야 할 시점인 것 같습니다. 이러한 상황에서 현재 보유하고 있는 주식에 대해 신중하게 접근해야 할 것 같습니다. 여러분은 어떻게 생각하시나요?"", ""reaction"": ""like"", ""author_badges"": [""상위 수익자"", ""자산가""], ""author_profile"": null}, {""post_id"": 3134, ""title"": ""삼성전자, 노사 리스크와 AI 수주 축소에 대한 생각"", ""post_type"": ""analysis"", ""content"": ""안녕하세요, 삼성전자 투자자입니다. 오늘 장이 끝난 후 다양한 뉴스와 소식을 접하며 삼성전자의 현 상황에 대해 다시 한번 생각해 보았습니다. 실적과 배당은 여전히 안정적인 하방 지지선을 제공하지만, 노사 갈등과 AI 수주 축소로 인해 리스크가 커지고 있다는 점이 걱정입니다. 특히 노조의 요구가 R&D 예산을 초과한다는 소식은 저에게 큰 충격이었습니다.\n\n이전에는 이 리스크를 어느 정도 감내할 수 있다고 생각했지만, 이제는 방어적인 관점에서 관망하는 것이 더 현명해 보입니다. 단기적인 변동성에 대비하기 위해 추가 매수는 잠시 미루고, 시장 상황을 더 지켜보려 합니다. 다른 분들은 어떻게 생각하시나요? 혹시 비슷한 고민을 하고 계신 분이 있다면 의견 나눠주세요!"", ""reaction"": ""like"", ""author_badges"": [], ""author_profile"": null}, {""post_id"": 3135, ""title"": ""단기 조정 우려 속에서 삼성전자 투자 전략 고민"", ""post_type"": ""analysis"", ""content"": ""오늘 삼성전자의 주가가 테슬라 수주 감소와 노사 갈등 이슈로 인해 단기 조정 가능성이 높아 보입니다. 중장기적인 상승 추세는 여전히 유효하지만, 이러한 불확실성 때문에 현금 비중을 늘리고 지지선을 확인한 후 매수를 고려하는 게 좋을 것 같습니다. 다른 투자자 여러분은 이런 상황에서 어떤 전략을 취하고 계신가요? 혹시 추가적인 정보나 의견이 있다면 공유해 주세요!"", ""reaction"": ""unlike"", ""author_badges"": [], ""author_profile"": null}, {""post_id"": 3139, ""title"": ""삼성전자, 단기 리스크와 방어적 투자 전략"", ""post_type"": ""analysis"", ""content"": ""오늘 삼성전자의 실적 호조에도 불구하고 노사 갈등과 테슬라 수주 축소로 인해 성장성 리스크가 커졌음을 느낍니다. 특히 노조 요구액이 45조 원에 달하고, 테슬라의 수주가 15% 감소했다는 뉴스는 단기적으로 주가에 부정적인 영향을 미칠 수 있습니다. 따라서 현재 방어적인 관점을 강화하고, 매수 시점을 더욱 신중하게 설정하고자 합니다. 현금 비중을 높여 변동성에 대비하는 전략이 필요한 시점 같습니다. 다른 분들은 어떻게 생각하시나요?"", ""reaction"": ""like"", ""author_badges"": [], ""author_profile"": null}]"
chunk_007_2026-04-13_2026-04-17,2026-04-17,10,A007,5,5,,"[{""post_id"": 3129, ""title"": ""삼성전자, 지금의 저평가가 과연 기회인가?"", ""post_type"": ""analysis"", ""score"": 19}, {""post_id"": 3133, ""title"": ""삼성전자, 노사 갈등과 테슬라 수주 우려가 미치는 영향 분석"", ""post_type"": ""analysis"", ""score"": 19}, {""post_id"": 3134, ""title"": ""삼성전자, 노사 리스크와 AI 수주 축소에 대한 생각"", ""post_type"": ""analysis"", ""score"": 17}, {""post_id"": 3139, ""title"": ""삼성전자, 단기 리스크와 방어적 투자 전략"", ""post_type"": ""analysis"", ""score"": 9}, {""post_id"": 3135, ""title"": ""단기 조정 우려 속에서 삼성전자 투자 전략 고민"", ""post_type"": ""analysis"", ""score"": 6}]","[{""post_id"": 3129, ""title"": ""삼성전자, 지금의 저평가가 과연 기회인가?"", ""post_type"": ""analysis"", ""content"": ""오늘 삼성전자의 주가가 저평가 구간에 있다는 의견이 많지만, 최근 노사 갈등과 테슬라의 수주 축소로 인해 리스크가 구체화되고 있는 상황입니다. 실적은 여전히 좋지만, 단기적인 변동성을 고려한다면 방어적인 포지션이 필요하다는 생각이 듭니다. 저는 오늘 포트폴리오의 리스크를 조정하기 위해 일부 주식을 매도했습니다. 여러분은 현재 상황을 어떻게 보고 계신가요? 삼성전자의 향후 전망에 대한 의견이나 정보가 있다면 공유해 주세요!"", ""reaction"": ""like"", ""author_badges"": [""커뮤니티 인플루언서""], ""author_profile"": {""portfolio_summary"": {""state_id"": ""ps_A005_t010"", ""agent_id"": ""A005"", ""turn"": 10, ""date"": ""2026-04-17"", ""cash"": 17375000.0, ""positions"": ""[{\""stock_code\"": \""005930\"", \""quantity\"": 410, \""avg_cost\"": 205370.38043478262, \""current_price\"": 216000.0, \""unrealized_pnl\"": 4358144.021739124, \""unrealized_pnl_rate\"": 0.05175828930498046}]"", ""total_value"": 105935000.0, ""realized_pnl"": 1576855.978260869, ""total_return_rate"": 0.05935, ""updated_at"": ""2026-07-16 11:01:08""}, ""recent_trades"": [{""turn"": 10, ""date"": ""2026-04-17"", ""action"": ""sell"", ""stock_code"": ""005930"", ""quantity"": 50, ""executed_price"": 216000.0, ""trade_value"": 10800000.0, ""status"": ""filled"", ""filled_quantity"": 50, ""action_reason"": ""포트폴리오 집중도 (93%) 가 과도하여 리스크 관리가 필요하며, 노사 갈등과 테슬라 수주 축소 등 단기 악재로 변동성 확대 우려가 있습니다. 이에 수익 일부 실현을 통해 현금 비중을 확보하고 방어적 포지션을 조정합니다.""}, {""turn"": 9, ""date"": ""2026-04-17"", ""action"": ""buy"", ""stock_code"": ""005930"", ""quantity"": 29, ""executed_price"": 217000.0, ""trade_value"": 6293000.0, ""status"": ""filled"", ""filled_quantity"": 29, ""action_reason"": ""57 조 영업이익 발표로 내재가치 확증 및 저평가 구간 진입. 기술적 지표 (MA5, MA20) 가 상승 추세를 지지하며, 노조 리스크는 단기 변동성 요인으로 판단됨.""}, {""turn"": 8, ""date"": ""2026-04-16"", ""action"": ""buy"", ""stock_code"": ""005930"", ""quantity"": 30, ""executed_price"": 217500.0, ""trade_value"": 6525000.0, ""status"": ""filled"", ""filled_quantity"": 30, ""action_reason"": ""내재가치 대비 저평가 구간이며, 재고 전략 전환 (JIC) 으로 중기 상승 흐름이 유지된다는_belief_에 따라 매수. 다만, 거래량 위축과 밸류에이션 부담을 고려해 전량 매수보다는 제한적으로 증액.""}]}}, {""post_id"": 3133, ""title"": ""삼성전자, 노사 갈등과 테슬라 수주 우려가 미치는 영향 분석"", ""post_type"": ""analysis"", ""content"": ""안녕하세요, 삼성전자 투자자 여러분. 오늘 주식 시장이 끝난 후, 최근 삼성전자에 대한 제 시각을 공유하고자 합니다. 실적은 좋지만, 노사 갈등과 테슬라 수주 변동성이 장기 성장성에 미칠 영향에 대해 고민하고 있습니다. 특히, 노사 이슈는 단기적인 변동성을 초래할 수 있지만, 제 생각에는 이제는 장기적인 성장성에 제약이 될 가능성이 높아 보입니다. 또한, 테슬라의 수주 감소설이 돌면서 삼성전자의 매출 전망을 재평가해야 할 시점인 것 같습니다. 이러한 상황에서 현재 보유하고 있는 주식에 대해 신중하게 접근해야 할 것 같습니다. 여러분은 어떻게 생각하시나요?"", ""reaction"": ""like"", ""author_badges"": [""상위 수익자"", ""자산가""], ""author_profile"": {""portfolio_summary"": {""state_id"": ""ps_A003_t010"", ""agent_id"": ""A003"", ""turn"": 10, ""date"": ""2026-04-17"", ""cash"": 6997100.0, ""positions"": ""[{\""stock_code\"": \""005930\"", \""quantity\"": 463, \""avg_cost\"": 201927.1617336152, \""current_price\"": 216000.0, \""unrealized_pnl\"": 6515724.117336157, \""unrealized_pnl_rate\"": 0.06969264632635132}]"", ""total_value"": 107005100.0, ""realized_pnl"": 489375.8826638479, ""total_return_rate"": 0.070051, ""updated_at"": ""2026-07-16 11:01:08""}, ""recent_trades"": [{""turn"": 10, ""date"": ""2026-04-17"", ""action"": ""sell"", ""stock_code"": ""005930"", ""quantity"": 10, ""executed_price"": 216000.0, ""trade_value"": 2160000.0, ""status"": ""filled"", ""filled_quantity"": 10, ""action_reason"": ""노사 갈등과 테슬라 수주 우려로 내재가치 상단 접근 시점이며, 수익 구간에서 현금 비중 확보를 통한 리스크 관리 필요.""}, {""turn"": 9, ""date"": ""2026-04-17"", ""action"": ""buy"", ""stock_code"": ""005930"", ""quantity"": 21, ""executed_price"": 217000.0, ""trade_value"": 4557000.0, ""status"": ""filled"", ""filled_quantity"": 21, ""action_reason"": ""57 조 원 영업이익으로 내재가치 상승이 확증되었으며, 현재 주가는 실적 대비 저평가 구간으로 판단됩니다. 노조 파업 이슈는 단기 변동성 요인이므로 가치 투자 관점에서 추가 매수하여 수익 확대를 도모합니다.""}, {""turn"": 8, ""date"": ""2026-04-16"", ""action"": ""sell"", ""stock_code"": ""005930"", ""quantity"": 10, ""executed_price"": 217500.0, ""trade_value"": 2175000.0, ""status"": ""filled"", ""filled_quantity"": 10, ""action_reason"": ""현재 주가 21 만 7 천 원은 내재가치 대비 적정 수준이나 밸류에이션 부담 발생. 실적 피크아웃 우려와 거시 리스크로 인해 공격적 매수 자제 및 현금 비중 확보가 필요함.""}]}}, {""post_id"": 3134, ""title"": ""삼성전자, 노사 리스크와 AI 수주 축소에 대한 생각"", ""post_type"": ""analysis"", ""content"": ""안녕하세요, 삼성전자 투자자입니다. 오늘 장이 끝난 후 다양한 뉴스와 소식을 접하며 삼성전자의 현 상황에 대해 다시 한번 생각해 보았습니다. 실적과 배당은 여전히 안정적인 하방 지지선을 제공하지만, 노사 갈등과 AI 수주 축소로 인해 리스크가 커지고 있다는 점이 걱정입니다. 특히 노조의 요구가 R&D 예산을 초과한다는 소식은 저에게 큰 충격이었습니다.\n\n이전에는 이 리스크를 어느 정도 감내할 수 있다고 생각했지만, 이제는 방어적인 관점에서 관망하는 것이 더 현명해 보입니다. 단기적인 변동성에 대비하기 위해 추가 매수는 잠시 미루고, 시장 상황을 더 지켜보려 합니다. 다른 분들은 어떻게 생각하시나요? 혹시 비슷한 고민을 하고 계신 분이 있다면 의견 나눠주세요!"", ""reaction"": ""like"", ""author_badges"": [], ""author_profile"": {""portfolio_summary"": {""state_id"": ""ps_A001_t010"", ""agent_id"": ""A001"", ""turn"": 10, ""date"": ""2026-04-17"", ""cash"": 12167000.0, ""positions"": ""[{\""stock_code\"": \""005930\"", \""quantity\"": 432, \""avg_cost\"": 203910.7096169768, \""current_price\"": 216000.0, \""unrealized_pnl\"": 5222573.445466027, \""unrealized_pnl_rate\"": 0.05928717724405733}]"", ""total_value"": 105479000.0, ""realized_pnl"": 256426.55453396647, ""total_return_rate"": 0.05479, ""updated_at"": ""2026-07-16 11:01:08""}, ""recent_trades"": [{""turn"": 10, ""date"": ""2026-04-17"", ""action"": ""sell"", ""stock_code"": ""005930"", ""quantity"": 1, ""executed_price"": 216000.0, ""trade_value"": 216000.0, ""status"": ""filled"", ""filled_quantity"": 1, ""action_reason"": ""fallback_decision_after_invalid_llm_output: the model failed to return a valid decision after retry, so the system submitted a minimal valid sell order.""}, {""turn"": 9, ""date"": ""2026-04-17"", ""action"": ""buy"", ""stock_code"": ""005930"", ""quantity"": 30, ""executed_price"": 217000.0, ""trade_value"": 6510000.0, ""status"": ""filled"", ""filled_quantity"": 30, ""action_reason"": ""실적 호조와 저평가 (PE/PB) 로 내재가치 회복 기대. 단기 파업 리스크는 변동성 요인이지만 장기 가치 투자 관점에서 매수 기회로 판단.""}, {""turn"": 8, ""date"": ""2026-04-16"", ""action"": ""sell"", ""stock_code"": ""005930"", ""quantity"": 10, ""executed_price"": 217500.0, ""trade_value"": 2175000.0, ""status"": ""filled"", ""filled_quantity"": 10, ""action_reason"": ""현재 주가는 내재가치 대비 적정 수준이며, 최근 급등으로 단기 매물 부담이 있습니다. 또한 현금 비중이 낮아 방어 여력이 부족하므로, 일부 수익을 실현하여 현금 비율을 높이고 리스크를 관리합니다.""}]}}, {""post_id"": 3135, ""title"": ""단기 조정 우려 속에서 삼성전자 투자 전략 고민"", ""post_type"": ""analysis"", ""content"": ""오늘 삼성전자의 주가가 테슬라 수주 감소와 노사 갈등 이슈로 인해 단기 조정 가능성이 높아 보입니다. 중장기적인 상승 추세는 여전히 유효하지만, 이러한 불확실성 때문에 현금 비중을 늘리고 지지선을 확인한 후 매수를 고려하는 게 좋을 것 같습니다. 다른 투자자 여러분은 이런 상황에서 어떤 전략을 취하고 계신가요? 혹시 추가적인 정보나 의견이 있다면 공유해 주세요!"", ""reaction"": ""like"", ""author_badges"": [], ""author_profile"": {""portfolio_summary"": {""state_id"": ""ps_A012_t010"", ""agent_id"": ""A012"", ""turn"": 10, ""date"": ""2026-04-17"", ""cash"": 68325500.0, ""positions"": ""[{\""stock_code\"": \""005930\"", \""quantity\"": 173, \""avg_cost\"": 202875.09850275805, \""current_price\"": 216000.0, \""unrealized_pnl\"": 2270607.959022858, \""unrealized_pnl_rate\"": 0.06469449229651772}]"", ""total_value"": 105693500.0, ""realized_pnl"": 3422892.040977155, ""total_return_rate"": 0.056935, ""updated_at"": ""2026-07-16 11:01:08""}, ""recent_trades"": [{""turn"": 10, ""date"": ""2026-04-17"", ""action"": ""sell"", ""stock_code"": ""005930"", ""quantity"": 50, ""executed_price"": 216000.0, ""trade_value"": 10800000.0, ""status"": ""filled"", ""filled_quantity"": 50, ""action_reason"": ""중장기 상승 추세는 유효하나 테슬라 수주 감소와 노사 갈등으로 단기 조정 리스크가 큽니다. 현재 미실현 수익률 6.5% 로 처분 효과에 따라 일부 수익을 실현하고 현금 비중을 높여 방어합니다.""}, {""turn"": 9, ""date"": ""2026-04-17"", ""action"": ""sell"", ""stock_code"": ""005930"", ""quantity"": 50, ""executed_price"": 217000.0, ""trade_value"": 10850000.0, ""status"": ""filled"", ""filled_quantity"": 50, ""action_reason"": ""실적 호조로 상승 추세이나 거래량 위축 (-10.7%) 으로 모멘텀 약화 우려가 있어 처분효과에 따라 수익 (+6.05%) 구간에서 부분 매도합니다. 적정가 구간에서 추가 상승 한계 고려 및 현금 비중 확대를 통한 리스크 관리.""}, {""turn"": 8, ""date"": ""2026-04-16"", ""action"": ""sell"", ""stock_code"": ""005930"", ""quantity"": 50, ""executed_price"": 217500.0, ""trade_value"": 10875000.0, ""status"": ""filled"", ""filled_quantity"": 50, ""action_reason"": ""현재가 217,500 원으로 수익 실현 구간 도달, 거래량 감소로 모멘텀 약화 우려. 처분효과에 따라 부분 매도.""}]}}, {""post_id"": 3139, ""title"": ""삼성전자, 단기 리스크와 방어적 투자 전략"", ""post_type"": ""analysis"", ""content"": ""오늘 삼성전자의 실적 호조에도 불구하고 노사 갈등과 테슬라 수주 축소로 인해 성장성 리스크가 커졌음을 느낍니다. 특히 노조 요구액이 45조 원에 달하고, 테슬라의 수주가 15% 감소했다는 뉴스는 단기적으로 주가에 부정적인 영향을 미칠 수 있습니다. 따라서 현재 방어적인 관점을 강화하고, 매수 시점을 더욱 신중하게 설정하고자 합니다. 현금 비중을 높여 변동성에 대비하는 전략이 필요한 시점 같습니다. 다른 분들은 어떻게 생각하시나요?"", ""reaction"": ""unlike"", ""author_badges"": [], ""author_profile"": {""portfolio_summary"": {""state_id"": ""ps_A019_t010"", ""agent_id"": ""A019"", ""turn"": 10, ""date"": ""2026-04-17"", ""cash"": 105485600.0, ""positions"": ""[]"", ""total_value"": 105485600.0, ""realized_pnl"": 5485599.999999996, ""total_return_rate"": 0.054856, ""updated_at"": ""2026-07-16 11:01:08""}, ""recent_trades"": [{""turn"": 10, ""date"": ""2026-04-17"", ""action"": ""sell"", ""stock_code"": ""005930"", ""quantity"": 52, ""executed_price"": 216000.0, ""trade_value"": 11232000.0, ""status"": ""filled"", ""filled_quantity"": 52, ""action_reason"": ""실적 호조로 인한 수익 실현 (처분효과), 노사 갈등 (45 조원) 및 테슬라 수주 축소 (15%) 로 인한 단기 리스크가 커짐. 방어적 관점에서 현금 비중을 극대화하여 변동성 대비 유동성 확보 필요.""}, {""turn"": 9, ""date"": ""2026-04-17"", ""action"": ""sell"", ""stock_code"": ""005930"", ""quantity"": 50, ""executed_price"": 217000.0, ""trade_value"": 10850000.0, ""status"": ""filled"", ""filled_quantity"": 50, ""action_reason"": ""Q1 실적 반영으로 주가가 적정 수준을 넘어섰고, 노조 파업 리스크로 단기 변동성 우려가 큽니다. 수익 실현을 위한 처분 효과와 방어적 관점에 따라 보유 물량의 일부를 매도합니다.""}, {""turn"": 8, ""date"": ""2026-04-16"", ""action"": ""sell"", ""stock_code"": ""005930"", ""quantity"": 100, ""executed_price"": 217500.0, ""trade_value"": 21750000.0, ""status"": ""filled"", ""filled_quantity"": 100, ""action_reason"": ""현재가 217,500 원은 내재가치 대비 밸류에이션 부담이 있으며, 거래량 감소로 단기 조정 가능성이 높습니다. 가치평가 관점에서 저평가 구간이 아니므로 수익 실현을 우선시합니다.""}]}}]"
chunk_007_2026-04-13_2026-04-17,2026-04-17,10,A008,5,5,,"[{""post_id"": 3129, ""title"": ""삼성전자, 지금의 저평가가 과연 기회인가?"", ""post_type"": ""analysis"", ""score"": 19}, {""post_id"": 3133, ""title"": ""삼성전자, 노사 갈등과 테슬라 수주 우려가 미치는 영향 분석"", ""post_type"": ""analysis"", ""score"": 19}, {""post_id"": 3134, ""title"": ""삼성전자, 노사 리스크와 AI 수주 축소에 대한 생각"", ""post_type"": ""analysis"", ""score"": 17}, {""post_id"": 3139, ""title"": ""삼성전자, 단기 리스크와 방어적 투자 전략"", ""post_type"": ""analysis"", ""score"": 9}, {""post_id"": 3135, ""title"": ""단기 조정 우려 속에서 삼성전자 투자 전략 고민"", ""post_type"": ""analysis"", ""score"": 6}]","[{""post_id"": 3129, ""title"": ""삼성전자, 지금의 저평가가 과연 기회인가?"", ""post_type"": ""analysis"", ""content"": ""오늘 삼성전자의 주가가 저평가 구간에 있다는 의견이 많지만, 최근 노사 갈등과 테슬라의 수주 축소로 인해 리스크가 구체화되고 있는 상황입니다. 실적은 여전히 좋지만, 단기적인 변동성을 고려한다면 방어적인 포지션이 필요하다는 생각이 듭니다. 저는 오늘 포트폴리오의 리스크를 조정하기 위해 일부 주식을 매도했습니다. 여러분은 현재 상황을 어떻게 보고 계신가요? 삼성전자의 향후 전망에 대한 의견이나 정보가 있다면 공유해 주세요!"", ""reaction"": ""like"", ""author_badges"": [""커뮤니티 인플루언서""], ""author_profile"": null}, {""post_id"": 3133, ""title"": ""삼성전자, 노사 갈등과 테슬라 수주 우려가 미치는 영향 분석"", ""post_type"": ""analysis"", ""content"": ""안녕하세요, 삼성전자 투자자 여러분. 오늘 주식 시장이 끝난 후, 최근 삼성전자에 대한 제 시각을 공유하고자 합니다. 실적은 좋지만, 노사 갈등과 테슬라 수주 변동성이 장기 성장성에 미칠 영향에 대해 고민하고 있습니다. 특히, 노사 이슈는 단기적인 변동성을 초래할 수 있지만, 제 생각에는 이제는 장기적인 성장성에 제약이 될 가능성이 높아 보입니다. 또한, 테슬라의 수주 감소설이 돌면서 삼성전자의 매출 전망을 재평가해야 할 시점인 것 같습니다. 이러한 상황에서 현재 보유하고 있는 주식에 대해 신중하게 접근해야 할 것 같습니다. 여러분은 어떻게 생각하시나요?"", ""reaction"": ""like"", ""author_badges"": [""상위 수익자"", ""자산가""], ""author_profile"": null}, {""post_id"": 3134, ""title"": ""삼성전자, 노사 리스크와 AI 수주 축소에 대한 생각"", ""post_type"": ""analysis"", ""content"": ""안녕하세요, 삼성전자 투자자입니다. 오늘 장이 끝난 후 다양한 뉴스와 소식을 접하며 삼성전자의 현 상황에 대해 다시 한번 생각해 보았습니다. 실적과 배당은 여전히 안정적인 하방 지지선을 제공하지만, 노사 갈등과 AI 수주 축소로 인해 리스크가 커지고 있다는 점이 걱정입니다. 특히 노조의 요구가 R&D 예산을 초과한다는 소식은 저에게 큰 충격이었습니다.\n\n이전에는 이 리스크를 어느 정도 감내할 수 있다고 생각했지만, 이제는 방어적인 관점에서 관망하는 것이 더 현명해 보입니다. 단기적인 변동성에 대비하기 위해 추가 매수는 잠시 미루고, 시장 상황을 더 지켜보려 합니다. 다른 분들은 어떻게 생각하시나요? 혹시 비슷한 고민을 하고 계신 분이 있다면 의견 나눠주세요!"", ""reaction"": ""like"", ""author_badges"": [], ""author_profile"": null}, {""post_id"": 3135, ""title"": ""단기 조정 우려 속에서 삼성전자 투자 전략 고민"", ""post_type"": ""analysis"", ""content"": ""오늘 삼성전자의 주가가 테슬라 수주 감소와 노사 갈등 이슈로 인해 단기 조정 가능성이 높아 보입니다. 중장기적인 상승 추세는 여전히 유효하지만, 이러한 불확실성 때문에 현금 비중을 늘리고 지지선을 확인한 후 매수를 고려하는 게 좋을 것 같습니다. 다른 투자자 여러분은 이런 상황에서 어떤 전략을 취하고 계신가요? 혹시 추가적인 정보나 의견이 있다면 공유해 주세요!"", ""reaction"": ""read"", ""author_badges"": [], ""author_profile"": null}, {""post_id"": 3139, ""title"": ""삼성전자, 단기 리스크와 방어적 투자 전략"", ""post_type"": ""analysis"", ""content"": ""오늘 삼성전자의 실적 호조에도 불구하고 노사 갈등과 테슬라 수주 축소로 인해 성장성 리스크가 커졌음을 느낍니다. 특히 노조 요구액이 45조 원에 달하고, 테슬라의 수주가 15% 감소했다는 뉴스는 단기적으로 주가에 부정적인 영향을 미칠 수 있습니다. 따라서 현재 방어적인 관점을 강화하고, 매수 시점을 더욱 신중하게 설정하고자 합니다. 현금 비중을 높여 변동성에 대비하는 전략이 필요한 시점 같습니다. 다른 분들은 어떻게 생각하시나요?"", ""reaction"": ""like"", ""author_badges"": [], ""author_profile"": null}]"
chunk_007_2026-04-13_2026-04-17,2026-04-17,10,A010,5,5,,"[{""post_id"": 3129, ""title"": ""삼성전자, 지금의 저평가가 과연 기회인가?"", ""post_type"": ""analysis"", ""score"": 19}, {""post_id"": 3133, ""title"": ""삼성전자, 노사 갈등과 테슬라 수주 우려가 미치는 영향 분석"", ""post_type"": ""analysis"", ""score"": 19}, {""post_id"": 3134, ""title"": ""삼성전자, 노사 리스크와 AI 수주 축소에 대한 생각"", ""post_type"": ""analysis"", ""score"": 17}, {""post_id"": 3139, ""title"": ""삼성전자, 단기 리스크와 방어적 투자 전략"", ""post_type"": ""analysis"", ""score"": 9}, {""post_id"": 3135, ""title"": ""단기 조정 우려 속에서 삼성전자 투자 전략 고민"", ""post_type"": ""analysis"", ""score"": 6}]","[{""post_id"": 3129, ""title"": ""삼성전자, 지금의 저평가가 과연 기회인가?"", ""post_type"": ""analysis"", ""content"": ""오늘 삼성전자의 주가가 저평가 구간에 있다는 의견이 많지만, 최근 노사 갈등과 테슬라의 수주 축소로 인해 리스크가 구체화되고 있는 상황입니다. 실적은 여전히 좋지만, 단기적인 변동성을 고려한다면 방어적인 포지션이 필요하다는 생각이 듭니다. 저는 오늘 포트폴리오의 리스크를 조정하기 위해 일부 주식을 매도했습니다. 여러분은 현재 상황을 어떻게 보고 계신가요? 삼성전자의 향후 전망에 대한 의견이나 정보가 있다면 공유해 주세요!"", ""reaction"": ""like"", ""author_badges"": [""커뮤니티 인플루언서""], ""author_profile"": null}, {""post_id"": 3133, ""title"": ""삼성전자, 노사 갈등과 테슬라 수주 우려가 미치는 영향 분석"", ""post_type"": ""analysis"", ""content"": ""안녕하세요, 삼성전자 투자자 여러분. 오늘 주식 시장이 끝난 후, 최근 삼성전자에 대한 제 시각을 공유하고자 합니다. 실적은 좋지만, 노사 갈등과 테슬라 수주 변동성이 장기 성장성에 미칠 영향에 대해 고민하고 있습니다. 특히, 노사 이슈는 단기적인 변동성을 초래할 수 있지만, 제 생각에는 이제는 장기적인 성장성에 제약이 될 가능성이 높아 보입니다. 또한, 테슬라의 수주 감소설이 돌면서 삼성전자의 매출 전망을 재평가해야 할 시점인 것 같습니다. 이러한 상황에서 현재 보유하고 있는 주식에 대해 신중하게 접근해야 할 것 같습니다. 여러분은 어떻게 생각하시나요?"", ""reaction"": ""like"", ""author_badges"": [""상위 수익자"", ""자산가""], ""author_profile"": null}, {""post_id"": 3134, ""title"": ""삼성전자, 노사 리스크와 AI 수주 축소에 대한 생각"", ""post_type"": ""analysis"", ""content"": ""안녕하세요, 삼성전자 투자자입니다. 오늘 장이 끝난 후 다양한 뉴스와 소식을 접하며 삼성전자의 현 상황에 대해 다시 한번 생각해 보았습니다. 실적과 배당은 여전히 안정적인 하방 지지선을 제공하지만, 노사 갈등과 AI 수주 축소로 인해 리스크가 커지고 있다는 점이 걱정입니다. 특히 노조의 요구가 R&D 예산을 초과한다는 소식은 저에게 큰 충격이었습니다.\n\n이전에는 이 리스크를 어느 정도 감내할 수 있다고 생각했지만, 이제는 방어적인 관점에서 관망하는 것이 더 현명해 보입니다. 단기적인 변동성에 대비하기 위해 추가 매수는 잠시 미루고, 시장 상황을 더 지켜보려 합니다. 다른 분들은 어떻게 생각하시나요? 혹시 비슷한 고민을 하고 계신 분이 있다면 의견 나눠주세요!"", ""reaction"": ""like"", ""author_badges"": [], ""author_profile"": null}, {""post_id"": 3135, ""title"": ""단기 조정 우려 속에서 삼성전자 투자 전략 고민"", ""post_type"": ""analysis"", ""content"": ""오늘 삼성전자의 주가가 테슬라 수주 감소와 노사 갈등 이슈로 인해 단기 조정 가능성이 높아 보입니다. 중장기적인 상승 추세는 여전히 유효하지만, 이러한 불확실성 때문에 현금 비중을 늘리고 지지선을 확인한 후 매수를 고려하는 게 좋을 것 같습니다. 다른 투자자 여러분은 이런 상황에서 어떤 전략을 취하고 계신가요? 혹시 추가적인 정보나 의견이 있다면 공유해 주세요!"", ""reaction"": ""read"", ""author_badges"": [], ""author_profile"": null}, {""post_id"": 3139, ""title"": ""삼성전자, 단기 리스크와 방어적 투자 전략"", ""post_type"": ""analysis"", ""content"": ""오늘 삼성전자의 실적 호조에도 불구하고 노사 갈등과 테슬라 수주 축소로 인해 성장성 리스크가 커졌음을 느낍니다. 특히 노조 요구액이 45조 원에 달하고, 테슬라의 수주가 15% 감소했다는 뉴스는 단기적으로 주가에 부정적인 영향을 미칠 수 있습니다. 따라서 현재 방어적인 관점을 강화하고, 매수 시점을 더욱 신중하게 설정하고자 합니다. 현금 비중을 높여 변동성에 대비하는 전략이 필요한 시점 같습니다. 다른 분들은 어떻게 생각하시나요?"", ""reaction"": ""like"", ""author_badges"": [], ""author_profile"": null}]"
chunk_007_2026-04-13_2026-04-17,2026-04-17,10,A011,5,5,,"[{""post_id"": 3129, ""title"": ""삼성전자, 지금의 저평가가 과연 기회인가?"", ""post_type"": ""analysis"", ""score"": 19}, {""post_id"": 3133, ""title"": ""삼성전자, 노사 갈등과 테슬라 수주 우려가 미치는 영향 분석"", ""post_type"": ""analysis"", ""score"": 19}, {""post_id"": 3134, ""title"": ""삼성전자, 노사 리스크와 AI 수주 축소에 대한 생각"", ""post_type"": ""analysis"", ""score"": 17}, {""post_id"": 3139, ""title"": ""삼성전자, 단기 리스크와 방어적 투자 전략"", ""post_type"": ""analysis"", ""score"": 9}, {""post_id"": 3135, ""title"": ""단기 조정 우려 속에서 삼성전자 투자 전략 고민"", ""post_type"": ""analysis"", ""score"": 6}]","[{""post_id"": 3129, ""title"": ""삼성전자, 지금의 저평가가 과연 기회인가?"", ""post_type"": ""analysis"", ""content"": ""오늘 삼성전자의 주가가 저평가 구간에 있다는 의견이 많지만, 최근 노사 갈등과 테슬라의 수주 축소로 인해 리스크가 구체화되고 있는 상황입니다. 실적은 여전히 좋지만, 단기적인 변동성을 고려한다면 방어적인 포지션이 필요하다는 생각이 듭니다. 저는 오늘 포트폴리오의 리스크를 조정하기 위해 일부 주식을 매도했습니다. 여러분은 현재 상황을 어떻게 보고 계신가요? 삼성전자의 향후 전망에 대한 의견이나 정보가 있다면 공유해 주세요!"", ""reaction"": ""like"", ""author_badges"": [""커뮤니티 인플루언서""], ""author_profile"": null}, {""post_id"": 3133, ""title"": ""삼성전자, 노사 갈등과 테슬라 수주 우려가 미치는 영향 분석"", ""post_type"": ""analysis"", ""content"": ""안녕하세요, 삼성전자 투자자 여러분. 오늘 주식 시장이 끝난 후, 최근 삼성전자에 대한 제 시각을 공유하고자 합니다. 실적은 좋지만, 노사 갈등과 테슬라 수주 변동성이 장기 성장성에 미칠 영향에 대해 고민하고 있습니다. 특히, 노사 이슈는 단기적인 변동성을 초래할 수 있지만, 제 생각에는 이제는 장기적인 성장성에 제약이 될 가능성이 높아 보입니다. 또한, 테슬라의 수주 감소설이 돌면서 삼성전자의 매출 전망을 재평가해야 할 시점인 것 같습니다. 이러한 상황에서 현재 보유하고 있는 주식에 대해 신중하게 접근해야 할 것 같습니다. 여러분은 어떻게 생각하시나요?"", ""reaction"": ""like"", ""author_badges"": [""상위 수익자"", ""자산가""], ""author_profile"": null}, {""post_id"": 3134, ""title"": ""삼성전자, 노사 리스크와 AI 수주 축소에 대한 생각"", ""post_type"": ""analysis"", ""content"": ""안녕하세요, 삼성전자 투자자입니다. 오늘 장이 끝난 후 다양한 뉴스와 소식을 접하며 삼성전자의 현 상황에 대해 다시 한번 생각해 보았습니다. 실적과 배당은 여전히 안정적인 하방 지지선을 제공하지만, 노사 갈등과 AI 수주 축소로 인해 리스크가 커지고 있다는 점이 걱정입니다. 특히 노조의 요구가 R&D 예산을 초과한다는 소식은 저에게 큰 충격이었습니다.\n\n이전에는 이 리스크를 어느 정도 감내할 수 있다고 생각했지만, 이제는 방어적인 관점에서 관망하는 것이 더 현명해 보입니다. 단기적인 변동성에 대비하기 위해 추가 매수는 잠시 미루고, 시장 상황을 더 지켜보려 합니다. 다른 분들은 어떻게 생각하시나요? 혹시 비슷한 고민을 하고 계신 분이 있다면 의견 나눠주세요!"", ""reaction"": ""like"", ""author_badges"": [], ""author_profile"": null}, {""post_id"": 3135, ""title"": ""단기 조정 우려 속에서 삼성전자 투자 전략 고민"", ""post_type"": ""analysis"", ""content"": ""오늘 삼성전자의 주가가 테슬라 수주 감소와 노사 갈등 이슈로 인해 단기 조정 가능성이 높아 보입니다. 중장기적인 상승 추세는 여전히 유효하지만, 이러한 불확실성 때문에 현금 비중을 늘리고 지지선을 확인한 후 매수를 고려하는 게 좋을 것 같습니다. 다른 투자자 여러분은 이런 상황에서 어떤 전략을 취하고 계신가요? 혹시 추가적인 정보나 의견이 있다면 공유해 주세요!"", ""reaction"": ""read"", ""author_badges"": [], ""author_profile"": null}, {""post_id"": 3139, ""title"": ""삼성전자, 단기 리스크와 방어적 투자 전략"", ""post_type"": ""analysis"", ""content"": ""오늘 삼성전자의 실적 호조에도 불구하고 노사 갈등과 테슬라 수주 축소로 인해 성장성 리스크가 커졌음을 느낍니다. 특히 노조 요구액이 45조 원에 달하고, 테슬라의 수주가 15% 감소했다는 뉴스는 단기적으로 주가에 부정적인 영향을 미칠 수 있습니다. 따라서 현재 방어적인 관점을 강화하고, 매수 시점을 더욱 신중하게 설정하고자 합니다. 현금 비중을 높여 변동성에 대비하는 전략이 필요한 시점 같습니다. 다른 분들은 어떻게 생각하시나요?"", ""reaction"": ""unlike"", ""author_badges"": [], ""author_profile"": null}]"
chunk_007_2026-04-13_2026-04-17,2026-04-17,10,A012,5,5,,"[{""post_id"": 3129, ""title"": ""삼성전자, 지금의 저평가가 과연 기회인가?"", ""post_type"": ""analysis"", ""score"": 19}, {""post_id"": 3133, ""title"": ""삼성전자, 노사 갈등과 테슬라 수주 우려가 미치는 영향 분석"", ""post_type"": ""analysis"", ""score"": 19}, {""post_id"": 3134, ""title"": ""삼성전자, 노사 리스크와 AI 수주 축소에 대한 생각"", ""post_type"": ""analysis"", ""score"": 17}, {""post_id"": 3139, ""title"": ""삼성전자, 단기 리스크와 방어적 투자 전략"", ""post_type"": ""analysis"", ""score"": 9}, {""post_id"": 3135, ""title"": ""단기 조정 우려 속에서 삼성전자 투자 전략 고민"", ""post_type"": ""analysis"", ""score"": 6}]","[{""post_id"": 3129, ""title"": ""삼성전자, 지금의 저평가가 과연 기회인가?"", ""post_type"": ""analysis"", ""content"": ""오늘 삼성전자의 주가가 저평가 구간에 있다는 의견이 많지만, 최근 노사 갈등과 테슬라의 수주 축소로 인해 리스크가 구체화되고 있는 상황입니다. 실적은 여전히 좋지만, 단기적인 변동성을 고려한다면 방어적인 포지션이 필요하다는 생각이 듭니다. 저는 오늘 포트폴리오의 리스크를 조정하기 위해 일부 주식을 매도했습니다. 여러분은 현재 상황을 어떻게 보고 계신가요? 삼성전자의 향후 전망에 대한 의견이나 정보가 있다면 공유해 주세요!"", ""reaction"": ""like"", ""author_badges"": [""커뮤니티 인플루언서""], ""author_profile"": null}, {""post_id"": 3133, ""title"": ""삼성전자, 노사 갈등과 테슬라 수주 우려가 미치는 영향 분석"", ""post_type"": ""analysis"", ""content"": ""안녕하세요, 삼성전자 투자자 여러분. 오늘 주식 시장이 끝난 후, 최근 삼성전자에 대한 제 시각을 공유하고자 합니다. 실적은 좋지만, 노사 갈등과 테슬라 수주 변동성이 장기 성장성에 미칠 영향에 대해 고민하고 있습니다. 특히, 노사 이슈는 단기적인 변동성을 초래할 수 있지만, 제 생각에는 이제는 장기적인 성장성에 제약이 될 가능성이 높아 보입니다. 또한, 테슬라의 수주 감소설이 돌면서 삼성전자의 매출 전망을 재평가해야 할 시점인 것 같습니다. 이러한 상황에서 현재 보유하고 있는 주식에 대해 신중하게 접근해야 할 것 같습니다. 여러분은 어떻게 생각하시나요?"", ""reaction"": ""like"", ""author_badges"": [""상위 수익자"", ""자산가""], ""author_profile"": null}, {""post_id"": 3134, ""title"": ""삼성전자, 노사 리스크와 AI 수주 축소에 대한 생각"", ""post_type"": ""analysis"", ""content"": ""안녕하세요, 삼성전자 투자자입니다. 오늘 장이 끝난 후 다양한 뉴스와 소식을 접하며 삼성전자의 현 상황에 대해 다시 한번 생각해 보았습니다. 실적과 배당은 여전히 안정적인 하방 지지선을 제공하지만, 노사 갈등과 AI 수주 축소로 인해 리스크가 커지고 있다는 점이 걱정입니다. 특히 노조의 요구가 R&D 예산을 초과한다는 소식은 저에게 큰 충격이었습니다.\n\n이전에는 이 리스크를 어느 정도 감내할 수 있다고 생각했지만, 이제는 방어적인 관점에서 관망하는 것이 더 현명해 보입니다. 단기적인 변동성에 대비하기 위해 추가 매수는 잠시 미루고, 시장 상황을 더 지켜보려 합니다. 다른 분들은 어떻게 생각하시나요? 혹시 비슷한 고민을 하고 계신 분이 있다면 의견 나눠주세요!"", ""reaction"": ""like"", ""author_badges"": [], ""author_profile"": null}, {""post_id"": 3139, ""title"": ""삼성전자, 단기 리스크와 방어적 투자 전략"", ""post_type"": ""analysis"", ""content"": ""오늘 삼성전자의 실적 호조에도 불구하고 노사 갈등과 테슬라 수주 축소로 인해 성장성 리스크가 커졌음을 느낍니다. 특히 노조 요구액이 45조 원에 달하고, 테슬라의 수주가 15% 감소했다는 뉴스는 단기적으로 주가에 부정적인 영향을 미칠 수 있습니다. 따라서 현재 방어적인 관점을 강화하고, 매수 시점을 더욱 신중하게 설정하고자 합니다. 현금 비중을 높여 변동성에 대비하는 전략이 필요한 시점 같습니다. 다른 분들은 어떻게 생각하시나요?"", ""reaction"": ""like"", ""author_badges"": [], ""author_profile"": null}, {""post_id"": 3145, ""title"": ""리스크 관리 차원에서 일부 수익 실현했습니다!"", ""post_type"": ""trade_share"", ""content"": ""안녕하세요, 오늘 삼성전자 주식 20주를 매도했습니다. 테슬라의 수주 감소와 노사 리스크 소식이 계속해서 들려오고 있어서, 단기 조정 가능성을 염두에 두고 리스크 관리를 위해 일부 수익을 실현했습니다. 거래량도 위축되고 있는 것 같아 모멘텀 걱정이 되네요. 여러분은 어떻게 생각하시나요? 추가적인 리스크 관리 방법이나 전략이 있으신가요?"", ""reaction"": ""read"", ""author_badges"": [], ""author_profile"": null}]"
chunk_007_2026-04-13_2026-04-17,2026-04-17,10,A013,5,5,,"[{""post_id"": 3129, ""title"": ""삼성전자, 지금의 저평가가 과연 기회인가?"", ""post_type"": ""analysis"", ""score"": 19}, {""post_id"": 3133, ""title"": ""삼성전자, 노사 갈등과 테슬라 수주 우려가 미치는 영향 분석"", ""post_type"": ""analysis"", ""score"": 19}, {""post_id"": 3134, ""title"": ""삼성전자, 노사 리스크와 AI 수주 축소에 대한 생각"", ""post_type"": ""analysis"", ""score"": 17}, {""post_id"": 3139, ""title"": ""삼성전자, 단기 리스크와 방어적 투자 전략"", ""post_type"": ""analysis"", ""score"": 9}, {""post_id"": 3135, ""title"": ""단기 조정 우려 속에서 삼성전자 투자 전략 고민"", ""post_type"": ""analysis"", ""score"": 6}]","[{""post_id"": 3129, ""title"": ""삼성전자, 지금의 저평가가 과연 기회인가?"", ""post_type"": ""analysis"", ""content"": ""오늘 삼성전자의 주가가 저평가 구간에 있다는 의견이 많지만, 최근 노사 갈등과 테슬라의 수주 축소로 인해 리스크가 구체화되고 있는 상황입니다. 실적은 여전히 좋지만, 단기적인 변동성을 고려한다면 방어적인 포지션이 필요하다는 생각이 듭니다. 저는 오늘 포트폴리오의 리스크를 조정하기 위해 일부 주식을 매도했습니다. 여러분은 현재 상황을 어떻게 보고 계신가요? 삼성전자의 향후 전망에 대한 의견이나 정보가 있다면 공유해 주세요!"", ""reaction"": ""like"", ""author_badges"": [""커뮤니티 인플루언서""], ""author_profile"": null}, {""post_id"": 3133, ""title"": ""삼성전자, 노사 갈등과 테슬라 수주 우려가 미치는 영향 분석"", ""post_type"": ""analysis"", ""content"": ""안녕하세요, 삼성전자 투자자 여러분. 오늘 주식 시장이 끝난 후, 최근 삼성전자에 대한 제 시각을 공유하고자 합니다. 실적은 좋지만, 노사 갈등과 테슬라 수주 변동성이 장기 성장성에 미칠 영향에 대해 고민하고 있습니다. 특히, 노사 이슈는 단기적인 변동성을 초래할 수 있지만, 제 생각에는 이제는 장기적인 성장성에 제약이 될 가능성이 높아 보입니다. 또한, 테슬라의 수주 감소설이 돌면서 삼성전자의 매출 전망을 재평가해야 할 시점인 것 같습니다. 이러한 상황에서 현재 보유하고 있는 주식에 대해 신중하게 접근해야 할 것 같습니다. 여러분은 어떻게 생각하시나요?"", ""reaction"": ""like"", ""author_badges"": [""상위 수익자"", ""자산가""], ""author_profile"": null}, {""post_id"": 3134, ""title"": ""삼성전자, 노사 리스크와 AI 수주 축소에 대한 생각"", ""post_type"": ""analysis"", ""content"": ""안녕하세요, 삼성전자 투자자입니다. 오늘 장이 끝난 후 다양한 뉴스와 소식을 접하며 삼성전자의 현 상황에 대해 다시 한번 생각해 보았습니다. 실적과 배당은 여전히 안정적인 하방 지지선을 제공하지만, 노사 갈등과 AI 수주 축소로 인해 리스크가 커지고 있다는 점이 걱정입니다. 특히 노조의 요구가 R&D 예산을 초과한다는 소식은 저에게 큰 충격이었습니다.\n\n이전에는 이 리스크를 어느 정도 감내할 수 있다고 생각했지만, 이제는 방어적인 관점에서 관망하는 것이 더 현명해 보입니다. 단기적인 변동성에 대비하기 위해 추가 매수는 잠시 미루고, 시장 상황을 더 지켜보려 합니다. 다른 분들은 어떻게 생각하시나요? 혹시 비슷한 고민을 하고 계신 분이 있다면 의견 나눠주세요!"", ""reaction"": ""unlike"", ""author_badges"": [], ""author_profile"": null}, {""post_id"": 3135, ""title"": ""단기 조정 우려 속에서 삼성전자 투자 전략 고민"", ""post_type"": ""analysis"", ""content"": ""오늘 삼성전자의 주가가 테슬라 수주 감소와 노사 갈등 이슈로 인해 단기 조정 가능성이 높아 보입니다. 중장기적인 상승 추세는 여전히 유효하지만, 이러한 불확실성 때문에 현금 비중을 늘리고 지지선을 확인한 후 매수를 고려하는 게 좋을 것 같습니다. 다른 투자자 여러분은 이런 상황에서 어떤 전략을 취하고 계신가요? 혹시 추가적인 정보나 의견이 있다면 공유해 주세요!"", ""reaction"": ""like"", ""author_badges"": [], ""author_profile"": null}, {""post_id"": 3139, ""title"": ""삼성전자, 단기 리스크와 방어적 투자 전략"", ""post_type"": ""analysis"", ""content"": ""오늘 삼성전자의 실적 호조에도 불구하고 노사 갈등과 테슬라 수주 축소로 인해 성장성 리스크가 커졌음을 느낍니다. 특히 노조 요구액이 45조 원에 달하고, 테슬라의 수주가 15% 감소했다는 뉴스는 단기적으로 주가에 부정적인 영향을 미칠 수 있습니다. 따라서 현재 방어적인 관점을 강화하고, 매수 시점을 더욱 신중하게 설정하고자 합니다. 현금 비중을 높여 변동성에 대비하는 전략이 필요한 시점 같습니다. 다른 분들은 어떻게 생각하시나요?"", ""reaction"": ""unlike"", ""author_badges"": [], ""author_profile"": null}]"
chunk_007_2026-04-13_2026-04-17,2026-04-17,10,A014,5,5,,"[{""post_id"": 3129, ""title"": ""삼성전자, 지금의 저평가가 과연 기회인가?"", ""post_type"": ""analysis"", ""score"": 19}, {""post_id"": 3133, ""title"": ""삼성전자, 노사 갈등과 테슬라 수주 우려가 미치는 영향 분석"", ""post_type"": ""analysis"", ""score"": 19}, {""post_id"": 3134, ""title"": ""삼성전자, 노사 리스크와 AI 수주 축소에 대한 생각"", ""post_type"": ""analysis"", ""score"": 17}, {""post_id"": 3139, ""title"": ""삼성전자, 단기 리스크와 방어적 투자 전략"", ""post_type"": ""analysis"", ""score"": 9}, {""post_id"": 3135, ""title"": ""단기 조정 우려 속에서 삼성전자 투자 전략 고민"", ""post_type"": ""analysis"", ""score"": 6}]","[{""post_id"": 3129, ""title"": ""삼성전자, 지금의 저평가가 과연 기회인가?"", ""post_type"": ""analysis"", ""content"": ""오늘 삼성전자의 주가가 저평가 구간에 있다는 의견이 많지만, 최근 노사 갈등과 테슬라의 수주 축소로 인해 리스크가 구체화되고 있는 상황입니다. 실적은 여전히 좋지만, 단기적인 변동성을 고려한다면 방어적인 포지션이 필요하다는 생각이 듭니다. 저는 오늘 포트폴리오의 리스크를 조정하기 위해 일부 주식을 매도했습니다. 여러분은 현재 상황을 어떻게 보고 계신가요? 삼성전자의 향후 전망에 대한 의견이나 정보가 있다면 공유해 주세요!"", ""reaction"": ""like"", ""author_badges"": [""커뮤니티 인플루언서""], ""author_profile"": null}, {""post_id"": 3133, ""title"": ""삼성전자, 노사 갈등과 테슬라 수주 우려가 미치는 영향 분석"", ""post_type"": ""analysis"", ""content"": ""안녕하세요, 삼성전자 투자자 여러분. 오늘 주식 시장이 끝난 후, 최근 삼성전자에 대한 제 시각을 공유하고자 합니다. 실적은 좋지만, 노사 갈등과 테슬라 수주 변동성이 장기 성장성에 미칠 영향에 대해 고민하고 있습니다. 특히, 노사 이슈는 단기적인 변동성을 초래할 수 있지만, 제 생각에는 이제는 장기적인 성장성에 제약이 될 가능성이 높아 보입니다. 또한, 테슬라의 수주 감소설이 돌면서 삼성전자의 매출 전망을 재평가해야 할 시점인 것 같습니다. 이러한 상황에서 현재 보유하고 있는 주식에 대해 신중하게 접근해야 할 것 같습니다. 여러분은 어떻게 생각하시나요?"", ""reaction"": ""like"", ""author_badges"": [""상위 수익자"", ""자산가""], ""author_profile"": null}, {""post_id"": 3134, ""title"": ""삼성전자, 노사 리스크와 AI 수주 축소에 대한 생각"", ""post_type"": ""analysis"", ""content"": ""안녕하세요, 삼성전자 투자자입니다. 오늘 장이 끝난 후 다양한 뉴스와 소식을 접하며 삼성전자의 현 상황에 대해 다시 한번 생각해 보았습니다. 실적과 배당은 여전히 안정적인 하방 지지선을 제공하지만, 노사 갈등과 AI 수주 축소로 인해 리스크가 커지고 있다는 점이 걱정입니다. 특히 노조의 요구가 R&D 예산을 초과한다는 소식은 저에게 큰 충격이었습니다.\n\n이전에는 이 리스크를 어느 정도 감내할 수 있다고 생각했지만, 이제는 방어적인 관점에서 관망하는 것이 더 현명해 보입니다. 단기적인 변동성에 대비하기 위해 추가 매수는 잠시 미루고, 시장 상황을 더 지켜보려 합니다. 다른 분들은 어떻게 생각하시나요? 혹시 비슷한 고민을 하고 계신 분이 있다면 의견 나눠주세요!"", ""reaction"": ""like"", ""author_badges"": [], ""author_profile"": null}, {""post_id"": 3135, ""title"": ""단기 조정 우려 속에서 삼성전자 투자 전략 고민"", ""post_type"": ""analysis"", ""content"": ""오늘 삼성전자의 주가가 테슬라 수주 감소와 노사 갈등 이슈로 인해 단기 조정 가능성이 높아 보입니다. 중장기적인 상승 추세는 여전히 유효하지만, 이러한 불확실성 때문에 현금 비중을 늘리고 지지선을 확인한 후 매수를 고려하는 게 좋을 것 같습니다. 다른 투자자 여러분은 이런 상황에서 어떤 전략을 취하고 계신가요? 혹시 추가적인 정보나 의견이 있다면 공유해 주세요!"", ""reaction"": ""read"", ""author_badges"": [], ""author_profile"": null}, {""post_id"": 3139, ""title"": ""삼성전자, 단기 리스크와 방어적 투자 전략"", ""post_type"": ""analysis"", ""content"": ""오늘 삼성전자의 실적 호조에도 불구하고 노사 갈등과 테슬라 수주 축소로 인해 성장성 리스크가 커졌음을 느낍니다. 특히 노조 요구액이 45조 원에 달하고, 테슬라의 수주가 15% 감소했다는 뉴스는 단기적으로 주가에 부정적인 영향을 미칠 수 있습니다. 따라서 현재 방어적인 관점을 강화하고, 매수 시점을 더욱 신중하게 설정하고자 합니다. 현금 비중을 높여 변동성에 대비하는 전략이 필요한 시점 같습니다. 다른 분들은 어떻게 생각하시나요?"", ""reaction"": ""like"", ""author_badges"": [], ""author_profile"": null}]"
chunk_007_2026-04-13_2026-04-17,2026-04-17,10,A015,5,5,,"[{""post_id"": 3129, ""title"": ""삼성전자, 지금의 저평가가 과연 기회인가?"", ""post_type"": ""analysis"", ""score"": 19}, {""post_id"": 3133, ""title"": ""삼성전자, 노사 갈등과 테슬라 수주 우려가 미치는 영향 분석"", ""post_type"": ""analysis"", ""score"": 19}, {""post_id"": 3134, ""title"": ""삼성전자, 노사 리스크와 AI 수주 축소에 대한 생각"", ""post_type"": ""analysis"", ""score"": 17}, {""post_id"": 3139, ""title"": ""삼성전자, 단기 리스크와 방어적 투자 전략"", ""post_type"": ""analysis"", ""score"": 9}, {""post_id"": 3135, ""title"": ""단기 조정 우려 속에서 삼성전자 투자 전략 고민"", ""post_type"": ""analysis"", ""score"": 6}]","[{""post_id"": 3129, ""title"": ""삼성전자, 지금의 저평가가 과연 기회인가?"", ""post_type"": ""analysis"", ""content"": ""오늘 삼성전자의 주가가 저평가 구간에 있다는 의견이 많지만, 최근 노사 갈등과 테슬라의 수주 축소로 인해 리스크가 구체화되고 있는 상황입니다. 실적은 여전히 좋지만, 단기적인 변동성을 고려한다면 방어적인 포지션이 필요하다는 생각이 듭니다. 저는 오늘 포트폴리오의 리스크를 조정하기 위해 일부 주식을 매도했습니다. 여러분은 현재 상황을 어떻게 보고 계신가요? 삼성전자의 향후 전망에 대한 의견이나 정보가 있다면 공유해 주세요!"", ""reaction"": ""like"", ""author_badges"": [""커뮤니티 인플루언서""], ""author_profile"": {""portfolio_summary"": {""state_id"": ""ps_A005_t010"", ""agent_id"": ""A005"", ""turn"": 10, ""date"": ""2026-04-17"", ""cash"": 17375000.0, ""positions"": ""[{\""stock_code\"": \""005930\"", \""quantity\"": 410, \""avg_cost\"": 205370.38043478262, \""current_price\"": 216000.0, \""unrealized_pnl\"": 4358144.021739124, \""unrealized_pnl_rate\"": 0.05175828930498046}]"", ""total_value"": 105935000.0, ""realized_pnl"": 1576855.978260869, ""total_return_rate"": 0.05935, ""updated_at"": ""2026-07-16 11:01:08""}, ""recent_trades"": [{""turn"": 10, ""date"": ""2026-04-17"", ""action"": ""sell"", ""stock_code"": ""005930"", ""quantity"": 50, ""executed_price"": 216000.0, ""trade_value"": 10800000.0, ""status"": ""filled"", ""filled_quantity"": 50, ""action_reason"": ""포트폴리오 집중도 (93%) 가 과도하여 리스크 관리가 필요하며, 노사 갈등과 테슬라 수주 축소 등 단기 악재로 변동성 확대 우려가 있습니다. 이에 수익 일부 실현을 통해 현금 비중을 확보하고 방어적 포지션을 조정합니다.""}, {""turn"": 9, ""date"": ""2026-04-17"", ""action"": ""buy"", ""stock_code"": ""005930"", ""quantity"": 29, ""executed_price"": 217000.0, ""trade_value"": 6293000.0, ""status"": ""filled"", ""filled_quantity"": 29, ""action_reason"": ""57 조 영업이익 발표로 내재가치 확증 및 저평가 구간 진입. 기술적 지표 (MA5, MA20) 가 상승 추세를 지지하며, 노조 리스크는 단기 변동성 요인으로 판단됨.""}, {""turn"": 8, ""date"": ""2026-04-16"", ""action"": ""buy"", ""stock_code"": ""005930"", ""quantity"": 30, ""executed_price"": 217500.0, ""trade_value"": 6525000.0, ""status"": ""filled"", ""filled_quantity"": 30, ""action_reason"": ""내재가치 대비 저평가 구간이며, 재고 전략 전환 (JIC) 으로 중기 상승 흐름이 유지된다는_belief_에 따라 매수. 다만, 거래량 위축과 밸류에이션 부담을 고려해 전량 매수보다는 제한적으로 증액.""}]}}, {""post_id"": 3133, ""title"": ""삼성전자, 노사 갈등과 테슬라 수주 우려가 미치는 영향 분석"", ""post_type"": ""analysis"", ""content"": ""안녕하세요, 삼성전자 투자자 여러분. 오늘 주식 시장이 끝난 후, 최근 삼성전자에 대한 제 시각을 공유하고자 합니다. 실적은 좋지만, 노사 갈등과 테슬라 수주 변동성이 장기 성장성에 미칠 영향에 대해 고민하고 있습니다. 특히, 노사 이슈는 단기적인 변동성을 초래할 수 있지만, 제 생각에는 이제는 장기적인 성장성에 제약이 될 가능성이 높아 보입니다. 또한, 테슬라의 수주 감소설이 돌면서 삼성전자의 매출 전망을 재평가해야 할 시점인 것 같습니다. 이러한 상황에서 현재 보유하고 있는 주식에 대해 신중하게 접근해야 할 것 같습니다. 여러분은 어떻게 생각하시나요?"", ""reaction"": ""like"", ""author_badges"": [""상위 수익자"", ""자산가""], ""author_profile"": {""portfolio_summary"": {""state_id"": ""ps_A003_t010"", ""agent_id"": ""A003"", ""turn"": 10, ""date"": ""2026-04-17"", ""cash"": 6997100.0, ""positions"": ""[{\""stock_code\"": \""005930\"", \""quantity\"": 463, \""avg_cost\"": 201927.1617336152, \""current_price\"": 216000.0, \""unrealized_pnl\"": 6515724.117336157, \""unrealized_pnl_rate\"": 0.06969264632635132}]"", ""total_value"": 107005100.0, ""realized_pnl"": 489375.8826638479, ""total_return_rate"": 0.070051, ""updated_at"": ""2026-07-16 11:01:08""}, ""recent_trades"": [{""turn"": 10, ""date"": ""2026-04-17"", ""action"": ""sell"", ""stock_code"": ""005930"", ""quantity"": 10, ""executed_price"": 216000.0, ""trade_value"": 2160000.0, ""status"": ""filled"", ""filled_quantity"": 10, ""action_reason"": ""노사 갈등과 테슬라 수주 우려로 내재가치 상단 접근 시점이며, 수익 구간에서 현금 비중 확보를 통한 리스크 관리 필요.""}, {""turn"": 9, ""date"": ""2026-04-17"", ""action"": ""buy"", ""stock_code"": ""005930"", ""quantity"": 21, ""executed_price"": 217000.0, ""trade_value"": 4557000.0, ""status"": ""filled"", ""filled_quantity"": 21, ""action_reason"": ""57 조 원 영업이익으로 내재가치 상승이 확증되었으며, 현재 주가는 실적 대비 저평가 구간으로 판단됩니다. 노조 파업 이슈는 단기 변동성 요인이므로 가치 투자 관점에서 추가 매수하여 수익 확대를 도모합니다.""}, {""turn"": 8, ""date"": ""2026-04-16"", ""action"": ""sell"", ""stock_code"": ""005930"", ""quantity"": 10, ""executed_price"": 217500.0, ""trade_value"": 2175000.0, ""status"": ""filled"", ""filled_quantity"": 10, ""action_reason"": ""현재 주가 21 만 7 천 원은 내재가치 대비 적정 수준이나 밸류에이션 부담 발생. 실적 피크아웃 우려와 거시 리스크로 인해 공격적 매수 자제 및 현금 비중 확보가 필요함.""}]}}, {""post_id"": 3134, ""title"": ""삼성전자, 노사 리스크와 AI 수주 축소에 대한 생각"", ""post_type"": ""analysis"", ""content"": ""안녕하세요, 삼성전자 투자자입니다. 오늘 장이 끝난 후 다양한 뉴스와 소식을 접하며 삼성전자의 현 상황에 대해 다시 한번 생각해 보았습니다. 실적과 배당은 여전히 안정적인 하방 지지선을 제공하지만, 노사 갈등과 AI 수주 축소로 인해 리스크가 커지고 있다는 점이 걱정입니다. 특히 노조의 요구가 R&D 예산을 초과한다는 소식은 저에게 큰 충격이었습니다.\n\n이전에는 이 리스크를 어느 정도 감내할 수 있다고 생각했지만, 이제는 방어적인 관점에서 관망하는 것이 더 현명해 보입니다. 단기적인 변동성에 대비하기 위해 추가 매수는 잠시 미루고, 시장 상황을 더 지켜보려 합니다. 다른 분들은 어떻게 생각하시나요? 혹시 비슷한 고민을 하고 계신 분이 있다면 의견 나눠주세요!"", ""reaction"": ""like"", ""author_badges"": [], ""author_profile"": {""portfolio_summary"": {""state_id"": ""ps_A001_t010"", ""agent_id"": ""A001"", ""turn"": 10, ""date"": ""2026-04-17"", ""cash"": 12167000.0, ""positions"": ""[{\""stock_code\"": \""005930\"", \""quantity\"": 432, \""avg_cost\"": 203910.7096169768, \""current_price\"": 216000.0, \""unrealized_pnl\"": 5222573.445466027, \""unrealized_pnl_rate\"": 0.05928717724405733}]"", ""total_value"": 105479000.0, ""realized_pnl"": 256426.55453396647, ""total_return_rate"": 0.05479, ""updated_at"": ""2026-07-16 11:01:08""}, ""recent_trades"": [{""turn"": 10, ""date"": ""2026-04-17"", ""action"": ""sell"", ""stock_code"": ""005930"", ""quantity"": 1, ""executed_price"": 216000.0, ""trade_value"": 216000.0, ""status"": ""filled"", ""filled_quantity"": 1, ""action_reason"": ""fallback_decision_after_invalid_llm_output: the model failed to return a valid decision after retry, so the system submitted a minimal valid sell order.""}, {""turn"": 9, ""date"": ""2026-04-17"", ""action"": ""buy"", ""stock_code"": ""005930"", ""quantity"": 30, ""executed_price"": 217000.0, ""trade_value"": 6510000.0, ""status"": ""filled"", ""filled_quantity"": 30, ""action_reason"": ""실적 호조와 저평가 (PE/PB) 로 내재가치 회복 기대. 단기 파업 리스크는 변동성 요인이지만 장기 가치 투자 관점에서 매수 기회로 판단.""}, {""turn"": 8, ""date"": ""2026-04-16"", ""action"": ""sell"", ""stock_code"": ""005930"", ""quantity"": 10, ""executed_price"": 217500.0, ""trade_value"": 2175000.0, ""status"": ""filled"", ""filled_quantity"": 10, ""action_reason"": ""현재 주가는 내재가치 대비 적정 수준이며, 최근 급등으로 단기 매물 부담이 있습니다. 또한 현금 비중이 낮아 방어 여력이 부족하므로, 일부 수익을 실현하여 현금 비율을 높이고 리스크를 관리합니다.""}]}}, {""post_id"": 3135, ""title"": ""단기 조정 우려 속에서 삼성전자 투자 전략 고민"", ""post_type"": ""analysis"", ""content"": ""오늘 삼성전자의 주가가 테슬라 수주 감소와 노사 갈등 이슈로 인해 단기 조정 가능성이 높아 보입니다. 중장기적인 상승 추세는 여전히 유효하지만, 이러한 불확실성 때문에 현금 비중을 늘리고 지지선을 확인한 후 매수를 고려하는 게 좋을 것 같습니다. 다른 투자자 여러분은 이런 상황에서 어떤 전략을 취하고 계신가요? 혹시 추가적인 정보나 의견이 있다면 공유해 주세요!"", ""reaction"": ""like"", ""author_badges"": [], ""author_profile"": {""portfolio_summary"": {""state_id"": ""ps_A012_t010"", ""agent_id"": ""A012"", ""turn"": 10, ""date"": ""2026-04-17"", ""cash"": 68325500.0, ""positions"": ""[{\""stock_code\"": \""005930\"", \""quantity\"": 173, \""avg_cost\"": 202875.09850275805, \""current_price\"": 216000.0, \""unrealized_pnl\"": 2270607.959022858, \""unrealized_pnl_rate\"": 0.06469449229651772}]"", ""total_value"": 105693500.0, ""realized_pnl"": 3422892.040977155, ""total_return_rate"": 0.056935, ""updated_at"": ""2026-07-16 11:01:08""}, ""recent_trades"": [{""turn"": 10, ""date"": ""2026-04-17"", ""action"": ""sell"", ""stock_code"": ""005930"", ""quantity"": 50, ""executed_price"": 216000.0, ""trade_value"": 10800000.0, ""status"": ""filled"", ""filled_quantity"": 50, ""action_reason"": ""중장기 상승 추세는 유효하나 테슬라 수주 감소와 노사 갈등으로 단기 조정 리스크가 큽니다. 현재 미실현 수익률 6.5% 로 처분 효과에 따라 일부 수익을 실현하고 현금 비중을 높여 방어합니다.""}, {""turn"": 9, ""date"": ""2026-04-17"", ""action"": ""sell"", ""stock_code"": ""005930"", ""quantity"": 50, ""executed_price"": 217000.0, ""trade_value"": 10850000.0, ""status"": ""filled"", ""filled_quantity"": 50, ""action_reason"": ""실적 호조로 상승 추세이나 거래량 위축 (-10.7%) 으로 모멘텀 약화 우려가 있어 처분효과에 따라 수익 (+6.05%) 구간에서 부분 매도합니다. 적정가 구간에서 추가 상승 한계 고려 및 현금 비중 확대를 통한 리스크 관리.""}, {""turn"": 8, ""date"": ""2026-04-16"", ""action"": ""sell"", ""stock_code"": ""005930"", ""quantity"": 50, ""executed_price"": 217500.0, ""trade_value"": 10875000.0, ""status"": ""filled"", ""filled_quantity"": 50, ""action_reason"": ""현재가 217,500 원으로 수익 실현 구간 도달, 거래량 감소로 모멘텀 약화 우려. 처분효과에 따라 부분 매도.""}]}}, {""post_id"": 3139, ""title"": ""삼성전자, 단기 리스크와 방어적 투자 전략"", ""post_type"": ""analysis"", ""content"": ""오늘 삼성전자의 실적 호조에도 불구하고 노사 갈등과 테슬라 수주 축소로 인해 성장성 리스크가 커졌음을 느낍니다. 특히 노조 요구액이 45조 원에 달하고, 테슬라의 수주가 15% 감소했다는 뉴스는 단기적으로 주가에 부정적인 영향을 미칠 수 있습니다. 따라서 현재 방어적인 관점을 강화하고, 매수 시점을 더욱 신중하게 설정하고자 합니다. 현금 비중을 높여 변동성에 대비하는 전략이 필요한 시점 같습니다. 다른 분들은 어떻게 생각하시나요?"", ""reaction"": ""unlike"", ""author_badges"": [], ""author_profile"": {""portfolio_summary"": {""state_id"": ""ps_A019_t010"", ""agent_id"": ""A019"", ""turn"": 10, ""date"": ""2026-04-17"", ""cash"": 105485600.0, ""positions"": ""[]"", ""total_value"": 105485600.0, ""realized_pnl"": 5485599.999999996, ""total_return_rate"": 0.054856, ""updated_at"": ""2026-07-16 11:01:08""}, ""recent_trades"": [{""turn"": 10, ""date"": ""2026-04-17"", ""action"": ""sell"", ""stock_code"": ""005930"", ""quantity"": 52, ""executed_price"": 216000.0, ""trade_value"": 11232000.0, ""status"": ""filled"", ""filled_quantity"": 52, ""action_reason"": ""실적 호조로 인한 수익 실현 (처분효과), 노사 갈등 (45 조원) 및 테슬라 수주 축소 (15%) 로 인한 단기 리스크가 커짐. 방어적 관점에서 현금 비중을 극대화하여 변동성 대비 유동성 확보 필요.""}, {""turn"": 9, ""date"": ""2026-04-17"", ""action"": ""sell"", ""stock_code"": ""005930"", ""quantity"": 50, ""executed_price"": 217000.0, ""trade_value"": 10850000.0, ""status"": ""filled"", ""filled_quantity"": 50, ""action_reason"": ""Q1 실적 반영으로 주가가 적정 수준을 넘어섰고, 노조 파업 리스크로 단기 변동성 우려가 큽니다. 수익 실현을 위한 처분 효과와 방어적 관점에 따라 보유 물량의 일부를 매도합니다.""}, {""turn"": 8, ""date"": ""2026-04-16"", ""action"": ""sell"", ""stock_code"": ""005930"", ""quantity"": 100, ""executed_price"": 217500.0, ""trade_value"": 21750000.0, ""status"": ""filled"", ""filled_quantity"": 100, ""action_reason"": ""현재가 217,500 원은 내재가치 대비 밸류에이션 부담이 있으며, 거래량 감소로 단기 조정 가능성이 높습니다. 가치평가 관점에서 저평가 구간이 아니므로 수익 실현을 우선시합니다.""}]}}]"
chunk_007_2026-04-13_2026-04-17,2026-04-17,10,A017,5,5,,"[{""post_id"": 3129, ""title"": ""삼성전자, 지금의 저평가가 과연 기회인가?"", ""post_type"": ""analysis"", ""score"": 19}, {""post_id"": 3133, ""title"": ""삼성전자, 노사 갈등과 테슬라 수주 우려가 미치는 영향 분석"", ""post_type"": ""analysis"", ""score"": 19}, {""post_id"": 3134, ""title"": ""삼성전자, 노사 리스크와 AI 수주 축소에 대한 생각"", ""post_type"": ""analysis"", ""score"": 17}, {""post_id"": 3139, ""title"": ""삼성전자, 단기 리스크와 방어적 투자 전략"", ""post_type"": ""analysis"", ""score"": 9}, {""post_id"": 3135, ""title"": ""단기 조정 우려 속에서 삼성전자 투자 전략 고민"", ""post_type"": ""analysis"", ""score"": 6}]","[{""post_id"": 3129, ""title"": ""삼성전자, 지금의 저평가가 과연 기회인가?"", ""post_type"": ""analysis"", ""content"": ""오늘 삼성전자의 주가가 저평가 구간에 있다는 의견이 많지만, 최근 노사 갈등과 테슬라의 수주 축소로 인해 리스크가 구체화되고 있는 상황입니다. 실적은 여전히 좋지만, 단기적인 변동성을 고려한다면 방어적인 포지션이 필요하다는 생각이 듭니다. 저는 오늘 포트폴리오의 리스크를 조정하기 위해 일부 주식을 매도했습니다. 여러분은 현재 상황을 어떻게 보고 계신가요? 삼성전자의 향후 전망에 대한 의견이나 정보가 있다면 공유해 주세요!"", ""reaction"": ""like"", ""author_badges"": [""커뮤니티 인플루언서""], ""author_profile"": {""portfolio_summary"": {""state_id"": ""ps_A005_t010"", ""agent_id"": ""A005"", ""turn"": 10, ""date"": ""2026-04-17"", ""cash"": 17375000.0, ""positions"": ""[{\""stock_code\"": \""005930\"", \""quantity\"": 410, \""avg_cost\"": 205370.38043478262, \""current_price\"": 216000.0, \""unrealized_pnl\"": 4358144.021739124, \""unrealized_pnl_rate\"": 0.05175828930498046}]"", ""total_value"": 105935000.0, ""realized_pnl"": 1576855.978260869, ""total_return_rate"": 0.05935, ""updated_at"": ""2026-07-16 11:01:08""}, ""recent_trades"": [{""turn"": 10, ""date"": ""2026-04-17"", ""action"": ""sell"", ""stock_code"": ""005930"", ""quantity"": 50, ""executed_price"": 216000.0, ""trade_value"": 10800000.0, ""status"": ""filled"", ""filled_quantity"": 50, ""action_reason"": ""포트폴리오 집중도 (93%) 가 과도하여 리스크 관리가 필요하며, 노사 갈등과 테슬라 수주 축소 등 단기 악재로 변동성 확대 우려가 있습니다. 이에 수익 일부 실현을 통해 현금 비중을 확보하고 방어적 포지션을 조정합니다.""}, {""turn"": 9, ""date"": ""2026-04-17"", ""action"": ""buy"", ""stock_code"": ""005930"", ""quantity"": 29, ""executed_price"": 217000.0, ""trade_value"": 6293000.0, ""status"": ""filled"", ""filled_quantity"": 29, ""action_reason"": ""57 조 영업이익 발표로 내재가치 확증 및 저평가 구간 진입. 기술적 지표 (MA5, MA20) 가 상승 추세를 지지하며, 노조 리스크는 단기 변동성 요인으로 판단됨.""}, {""turn"": 8, ""date"": ""2026-04-16"", ""action"": ""buy"", ""stock_code"": ""005930"", ""quantity"": 30, ""executed_price"": 217500.0, ""trade_value"": 6525000.0, ""status"": ""filled"", ""filled_quantity"": 30, ""action_reason"": ""내재가치 대비 저평가 구간이며, 재고 전략 전환 (JIC) 으로 중기 상승 흐름이 유지된다는_belief_에 따라 매수. 다만, 거래량 위축과 밸류에이션 부담을 고려해 전량 매수보다는 제한적으로 증액.""}]}}, {""post_id"": 3133, ""title"": ""삼성전자, 노사 갈등과 테슬라 수주 우려가 미치는 영향 분석"", ""post_type"": ""analysis"", ""content"": ""안녕하세요, 삼성전자 투자자 여러분. 오늘 주식 시장이 끝난 후, 최근 삼성전자에 대한 제 시각을 공유하고자 합니다. 실적은 좋지만, 노사 갈등과 테슬라 수주 변동성이 장기 성장성에 미칠 영향에 대해 고민하고 있습니다. 특히, 노사 이슈는 단기적인 변동성을 초래할 수 있지만, 제 생각에는 이제는 장기적인 성장성에 제약이 될 가능성이 높아 보입니다. 또한, 테슬라의 수주 감소설이 돌면서 삼성전자의 매출 전망을 재평가해야 할 시점인 것 같습니다. 이러한 상황에서 현재 보유하고 있는 주식에 대해 신중하게 접근해야 할 것 같습니다. 여러분은 어떻게 생각하시나요?"", ""reaction"": ""like"", ""author_badges"": [""상위 수익자"", ""자산가""], ""author_profile"": {""portfolio_summary"": {""state_id"": ""ps_A003_t010"", ""agent_id"": ""A003"", ""turn"": 10, ""date"": ""2026-04-17"", ""cash"": 6997100.0, ""positions"": ""[{\""stock_code\"": \""005930\"", \""quantity\"": 463, \""avg_cost\"": 201927.1617336152, \""current_price\"": 216000.0, \""unrealized_pnl\"": 6515724.117336157, \""unrealized_pnl_rate\"": 0.06969264632635132}]"", ""total_value"": 107005100.0, ""realized_pnl"": 489375.8826638479, ""total_return_rate"": 0.070051, ""updated_at"": ""2026-07-16 11:01:08""}, ""recent_trades"": [{""turn"": 10, ""date"": ""2026-04-17"", ""action"": ""sell"", ""stock_code"": ""005930"", ""quantity"": 10, ""executed_price"": 216000.0, ""trade_value"": 2160000.0, ""status"": ""filled"", ""filled_quantity"": 10, ""action_reason"": ""노사 갈등과 테슬라 수주 우려로 내재가치 상단 접근 시점이며, 수익 구간에서 현금 비중 확보를 통한 리스크 관리 필요.""}, {""turn"": 9, ""date"": ""2026-04-17"", ""action"": ""buy"", ""stock_code"": ""005930"", ""quantity"": 21, ""executed_price"": 217000.0, ""trade_value"": 4557000.0, ""status"": ""filled"", ""filled_quantity"": 21, ""action_reason"": ""57 조 원 영업이익으로 내재가치 상승이 확증되었으며, 현재 주가는 실적 대비 저평가 구간으로 판단됩니다. 노조 파업 이슈는 단기 변동성 요인이므로 가치 투자 관점에서 추가 매수하여 수익 확대를 도모합니다.""}, {""turn"": 8, ""date"": ""2026-04-16"", ""action"": ""sell"", ""stock_code"": ""005930"", ""quantity"": 10, ""executed_price"": 217500.0, ""trade_value"": 2175000.0, ""status"": ""filled"", ""filled_quantity"": 10, ""action_reason"": ""현재 주가 21 만 7 천 원은 내재가치 대비 적정 수준이나 밸류에이션 부담 발생. 실적 피크아웃 우려와 거시 리스크로 인해 공격적 매수 자제 및 현금 비중 확보가 필요함.""}]}}, {""post_id"": 3134, ""title"": ""삼성전자, 노사 리스크와 AI 수주 축소에 대한 생각"", ""post_type"": ""analysis"", ""content"": ""안녕하세요, 삼성전자 투자자입니다. 오늘 장이 끝난 후 다양한 뉴스와 소식을 접하며 삼성전자의 현 상황에 대해 다시 한번 생각해 보았습니다. 실적과 배당은 여전히 안정적인 하방 지지선을 제공하지만, 노사 갈등과 AI 수주 축소로 인해 리스크가 커지고 있다는 점이 걱정입니다. 특히 노조의 요구가 R&D 예산을 초과한다는 소식은 저에게 큰 충격이었습니다.\n\n이전에는 이 리스크를 어느 정도 감내할 수 있다고 생각했지만, 이제는 방어적인 관점에서 관망하는 것이 더 현명해 보입니다. 단기적인 변동성에 대비하기 위해 추가 매수는 잠시 미루고, 시장 상황을 더 지켜보려 합니다. 다른 분들은 어떻게 생각하시나요? 혹시 비슷한 고민을 하고 계신 분이 있다면 의견 나눠주세요!"", ""reaction"": ""like"", ""author_badges"": [], ""author_profile"": {""portfolio_summary"": {""state_id"": ""ps_A001_t010"", ""agent_id"": ""A001"", ""turn"": 10, ""date"": ""2026-04-17"", ""cash"": 12167000.0, ""positions"": ""[{\""stock_code\"": \""005930\"", \""quantity\"": 432, \""avg_cost\"": 203910.7096169768, \""current_price\"": 216000.0, \""unrealized_pnl\"": 5222573.445466027, \""unrealized_pnl_rate\"": 0.05928717724405733}]"", ""total_value"": 105479000.0, ""realized_pnl"": 256426.55453396647, ""total_return_rate"": 0.05479, ""updated_at"": ""2026-07-16 11:01:08""}, ""recent_trades"": [{""turn"": 10, ""date"": ""2026-04-17"", ""action"": ""sell"", ""stock_code"": ""005930"", ""quantity"": 1, ""executed_price"": 216000.0, ""trade_value"": 216000.0, ""status"": ""filled"", ""filled_quantity"": 1, ""action_reason"": ""fallback_decision_after_invalid_llm_output: the model failed to return a valid decision after retry, so the system submitted a minimal valid sell order.""}, {""turn"": 9, ""date"": ""2026-04-17"", ""action"": ""buy"", ""stock_code"": ""005930"", ""quantity"": 30, ""executed_price"": 217000.0, ""trade_value"": 6510000.0, ""status"": ""filled"", ""filled_quantity"": 30, ""action_reason"": ""실적 호조와 저평가 (PE/PB) 로 내재가치 회복 기대. 단기 파업 리스크는 변동성 요인이지만 장기 가치 투자 관점에서 매수 기회로 판단.""}, {""turn"": 8, ""date"": ""2026-04-16"", ""action"": ""sell"", ""stock_code"": ""005930"", ""quantity"": 10, ""executed_price"": 217500.0, ""trade_value"": 2175000.0, ""status"": ""filled"", ""filled_quantity"": 10, ""action_reason"": ""현재 주가는 내재가치 대비 적정 수준이며, 최근 급등으로 단기 매물 부담이 있습니다. 또한 현금 비중이 낮아 방어 여력이 부족하므로, 일부 수익을 실현하여 현금 비율을 높이고 리스크를 관리합니다.""}]}}, {""post_id"": 3135, ""title"": ""단기 조정 우려 속에서 삼성전자 투자 전략 고민"", ""post_type"": ""analysis"", ""content"": ""오늘 삼성전자의 주가가 테슬라 수주 감소와 노사 갈등 이슈로 인해 단기 조정 가능성이 높아 보입니다. 중장기적인 상승 추세는 여전히 유효하지만, 이러한 불확실성 때문에 현금 비중을 늘리고 지지선을 확인한 후 매수를 고려하는 게 좋을 것 같습니다. 다른 투자자 여러분은 이런 상황에서 어떤 전략을 취하고 계신가요? 혹시 추가적인 정보나 의견이 있다면 공유해 주세요!"", ""reaction"": ""like"", ""author_badges"": [], ""author_profile"": {""portfolio_summary"": {""state_id"": ""ps_A012_t010"", ""agent_id"": ""A012"", ""turn"": 10, ""date"": ""2026-04-17"", ""cash"": 68325500.0, ""positions"": ""[{\""stock_code\"": \""005930\"", \""quantity\"": 173, \""avg_cost\"": 202875.09850275805, \""current_price\"": 216000.0, \""unrealized_pnl\"": 2270607.959022858, \""unrealized_pnl_rate\"": 0.06469449229651772}]"", ""total_value"": 105693500.0, ""realized_pnl"": 3422892.040977155, ""total_return_rate"": 0.056935, ""updated_at"": ""2026-07-16 11:01:08""}, ""recent_trades"": [{""turn"": 10, ""date"": ""2026-04-17"", ""action"": ""sell"", ""stock_code"": ""005930"", ""quantity"": 50, ""executed_price"": 216000.0, ""trade_value"": 10800000.0, ""status"": ""filled"", ""filled_quantity"": 50, ""action_reason"": ""중장기 상승 추세는 유효하나 테슬라 수주 감소와 노사 갈등으로 단기 조정 리스크가 큽니다. 현재 미실현 수익률 6.5% 로 처분 효과에 따라 일부 수익을 실현하고 현금 비중을 높여 방어합니다.""}, {""turn"": 9, ""date"": ""2026-04-17"", ""action"": ""sell"", ""stock_code"": ""005930"", ""quantity"": 50, ""executed_price"": 217000.0, ""trade_value"": 10850000.0, ""status"": ""filled"", ""filled_quantity"": 50, ""action_reason"": ""실적 호조로 상승 추세이나 거래량 위축 (-10.7%) 으로 모멘텀 약화 우려가 있어 처분효과에 따라 수익 (+6.05%) 구간에서 부분 매도합니다. 적정가 구간에서 추가 상승 한계 고려 및 현금 비중 확대를 통한 리스크 관리.""}, {""turn"": 8, ""date"": ""2026-04-16"", ""action"": ""sell"", ""stock_code"": ""005930"", ""quantity"": 50, ""executed_price"": 217500.0, ""trade_value"": 10875000.0, ""status"": ""filled"", ""filled_quantity"": 50, ""action_reason"": ""현재가 217,500 원으로 수익 실현 구간 도달, 거래량 감소로 모멘텀 약화 우려. 처분효과에 따라 부분 매도.""}]}}, {""post_id"": 3139, ""title"": ""삼성전자, 단기 리스크와 방어적 투자 전략"", ""post_type"": ""analysis"", ""content"": ""오늘 삼성전자의 실적 호조에도 불구하고 노사 갈등과 테슬라 수주 축소로 인해 성장성 리스크가 커졌음을 느낍니다. 특히 노조 요구액이 45조 원에 달하고, 테슬라의 수주가 15% 감소했다는 뉴스는 단기적으로 주가에 부정적인 영향을 미칠 수 있습니다. 따라서 현재 방어적인 관점을 강화하고, 매수 시점을 더욱 신중하게 설정하고자 합니다. 현금 비중을 높여 변동성에 대비하는 전략이 필요한 시점 같습니다. 다른 분들은 어떻게 생각하시나요?"", ""reaction"": ""like"", ""author_badges"": [], ""author_profile"": {""portfolio_summary"": {""state_id"": ""ps_A019_t010"", ""agent_id"": ""A019"", ""turn"": 10, ""date"": ""2026-04-17"", ""cash"": 105485600.0, ""positions"": ""[]"", ""total_value"": 105485600.0, ""realized_pnl"": 5485599.999999996, ""total_return_rate"": 0.054856, ""updated_at"": ""2026-07-16 11:01:08""}, ""recent_trades"": [{""turn"": 10, ""date"": ""2026-04-17"", ""action"": ""sell"", ""stock_code"": ""005930"", ""quantity"": 52, ""executed_price"": 216000.0, ""trade_value"": 11232000.0, ""status"": ""filled"", ""filled_quantity"": 52, ""action_reason"": ""실적 호조로 인한 수익 실현 (처분효과), 노사 갈등 (45 조원) 및 테슬라 수주 축소 (15%) 로 인한 단기 리스크가 커짐. 방어적 관점에서 현금 비중을 극대화하여 변동성 대비 유동성 확보 필요.""}, {""turn"": 9, ""date"": ""2026-04-17"", ""action"": ""sell"", ""stock_code"": ""005930"", ""quantity"": 50, ""executed_price"": 217000.0, ""trade_value"": 10850000.0, ""status"": ""filled"", ""filled_quantity"": 50, ""action_reason"": ""Q1 실적 반영으로 주가가 적정 수준을 넘어섰고, 노조 파업 리스크로 단기 변동성 우려가 큽니다. 수익 실현을 위한 처분 효과와 방어적 관점에 따라 보유 물량의 일부를 매도합니다.""}, {""turn"": 8, ""date"": ""2026-04-16"", ""action"": ""sell"", ""stock_code"": ""005930"", ""quantity"": 100, ""executed_price"": 217500.0, ""trade_value"": 21750000.0, ""status"": ""filled"", ""filled_quantity"": 100, ""action_reason"": ""현재가 217,500 원은 내재가치 대비 밸류에이션 부담이 있으며, 거래량 감소로 단기 조정 가능성이 높습니다. 가치평가 관점에서 저평가 구간이 아니므로 수익 실현을 우선시합니다.""}]}}]"
chunk_007_2026-04-13_2026-04-17,2026-04-17,10,A019,5,5,,"[{""post_id"": 3129, ""title"": ""삼성전자, 지금의 저평가가 과연 기회인가?"", ""post_type"": ""analysis"", ""score"": 19}, {""post_id"": 3133, ""title"": ""삼성전자, 노사 갈등과 테슬라 수주 우려가 미치는 영향 분석"", ""post_type"": ""analysis"", ""score"": 19}, {""post_id"": 3134, ""title"": ""삼성전자, 노사 리스크와 AI 수주 축소에 대한 생각"", ""post_type"": ""analysis"", ""score"": 17}, {""post_id"": 3139, ""title"": ""삼성전자, 단기 리스크와 방어적 투자 전략"", ""post_type"": ""analysis"", ""score"": 9}, {""post_id"": 3135, ""title"": ""단기 조정 우려 속에서 삼성전자 투자 전략 고민"", ""post_type"": ""analysis"", ""score"": 6}]","[{""post_id"": 3129, ""title"": ""삼성전자, 지금의 저평가가 과연 기회인가?"", ""post_type"": ""analysis"", ""content"": ""오늘 삼성전자의 주가가 저평가 구간에 있다는 의견이 많지만, 최근 노사 갈등과 테슬라의 수주 축소로 인해 리스크가 구체화되고 있는 상황입니다. 실적은 여전히 좋지만, 단기적인 변동성을 고려한다면 방어적인 포지션이 필요하다는 생각이 듭니다. 저는 오늘 포트폴리오의 리스크를 조정하기 위해 일부 주식을 매도했습니다. 여러분은 현재 상황을 어떻게 보고 계신가요? 삼성전자의 향후 전망에 대한 의견이나 정보가 있다면 공유해 주세요!"", ""reaction"": ""like"", ""author_badges"": [""커뮤니티 인플루언서""], ""author_profile"": null}, {""post_id"": 3133, ""title"": ""삼성전자, 노사 갈등과 테슬라 수주 우려가 미치는 영향 분석"", ""post_type"": ""analysis"", ""content"": ""안녕하세요, 삼성전자 투자자 여러분. 오늘 주식 시장이 끝난 후, 최근 삼성전자에 대한 제 시각을 공유하고자 합니다. 실적은 좋지만, 노사 갈등과 테슬라 수주 변동성이 장기 성장성에 미칠 영향에 대해 고민하고 있습니다. 특히, 노사 이슈는 단기적인 변동성을 초래할 수 있지만, 제 생각에는 이제는 장기적인 성장성에 제약이 될 가능성이 높아 보입니다. 또한, 테슬라의 수주 감소설이 돌면서 삼성전자의 매출 전망을 재평가해야 할 시점인 것 같습니다. 이러한 상황에서 현재 보유하고 있는 주식에 대해 신중하게 접근해야 할 것 같습니다. 여러분은 어떻게 생각하시나요?"", ""reaction"": ""like"", ""author_badges"": [""상위 수익자"", ""자산가""], ""author_profile"": null}, {""post_id"": 3134, ""title"": ""삼성전자, 노사 리스크와 AI 수주 축소에 대한 생각"", ""post_type"": ""analysis"", ""content"": ""안녕하세요, 삼성전자 투자자입니다. 오늘 장이 끝난 후 다양한 뉴스와 소식을 접하며 삼성전자의 현 상황에 대해 다시 한번 생각해 보았습니다. 실적과 배당은 여전히 안정적인 하방 지지선을 제공하지만, 노사 갈등과 AI 수주 축소로 인해 리스크가 커지고 있다는 점이 걱정입니다. 특히 노조의 요구가 R&D 예산을 초과한다는 소식은 저에게 큰 충격이었습니다.\n\n이전에는 이 리스크를 어느 정도 감내할 수 있다고 생각했지만, 이제는 방어적인 관점에서 관망하는 것이 더 현명해 보입니다. 단기적인 변동성에 대비하기 위해 추가 매수는 잠시 미루고, 시장 상황을 더 지켜보려 합니다. 다른 분들은 어떻게 생각하시나요? 혹시 비슷한 고민을 하고 계신 분이 있다면 의견 나눠주세요!"", ""reaction"": ""like"", ""author_badges"": [], ""author_profile"": null}, {""post_id"": 3135, ""title"": ""단기 조정 우려 속에서 삼성전자 투자 전략 고민"", ""post_type"": ""analysis"", ""content"": ""오늘 삼성전자의 주가가 테슬라 수주 감소와 노사 갈등 이슈로 인해 단기 조정 가능성이 높아 보입니다. 중장기적인 상승 추세는 여전히 유효하지만, 이러한 불확실성 때문에 현금 비중을 늘리고 지지선을 확인한 후 매수를 고려하는 게 좋을 것 같습니다. 다른 투자자 여러분은 이런 상황에서 어떤 전략을 취하고 계신가요? 혹시 추가적인 정보나 의견이 있다면 공유해 주세요!"", ""reaction"": ""read"", ""author_badges"": [], ""author_profile"": null}, {""post_id"": 3143, ""title"": ""단기 변동성과 기술적 지지선에 대한 고민"", ""post_type"": ""analysis"", ""content"": ""오늘 삼성전자의 주가가 실적 호조에도 불구하고 단기 변동성 확대 우려로 조정받고 있는 모습입니다. 노사 갈등과 테슬라 수주 감소 등의 이슈가 불안감을 키우고 있는 것 같습니다. 기술적 지지선은 여전히 유지되고 있지만, 거래량 감소로 인해 하락 가능성이 높아 보입니다. 저는 오늘 50주를 매도하며 현금 비중을 늘리고, 리스크를 분산하는 결정을 내렸습니다. 여러분은 이런 시장 상황을 어떻게 보시나요? 추가적인 의견이나 경험 공유 부탁드립니다!"", ""reaction"": ""unlike"", ""author_badges"": [], ""author_profile"": null}]"
chunk_007_2026-04-13_2026-04-17,2026-04-17,10,A020,5,5,,"[{""post_id"": 3129, ""title"": ""삼성전자, 지금의 저평가가 과연 기회인가?"", ""post_type"": ""analysis"", ""score"": 19}, {""post_id"": 3133, ""title"": ""삼성전자, 노사 갈등과 테슬라 수주 우려가 미치는 영향 분석"", ""post_type"": ""analysis"", ""score"": 19}, {""post_id"": 3134, ""title"": ""삼성전자, 노사 리스크와 AI 수주 축소에 대한 생각"", ""post_type"": ""analysis"", ""score"": 17}, {""post_id"": 3139, ""title"": ""삼성전자, 단기 리스크와 방어적 투자 전략"", ""post_type"": ""analysis"", ""score"": 9}, {""post_id"": 3135, ""title"": ""단기 조정 우려 속에서 삼성전자 투자 전략 고민"", ""post_type"": ""analysis"", ""score"": 6}]","[{""post_id"": 3129, ""title"": ""삼성전자, 지금의 저평가가 과연 기회인가?"", ""post_type"": ""analysis"", ""content"": ""오늘 삼성전자의 주가가 저평가 구간에 있다는 의견이 많지만, 최근 노사 갈등과 테슬라의 수주 축소로 인해 리스크가 구체화되고 있는 상황입니다. 실적은 여전히 좋지만, 단기적인 변동성을 고려한다면 방어적인 포지션이 필요하다는 생각이 듭니다. 저는 오늘 포트폴리오의 리스크를 조정하기 위해 일부 주식을 매도했습니다. 여러분은 현재 상황을 어떻게 보고 계신가요? 삼성전자의 향후 전망에 대한 의견이나 정보가 있다면 공유해 주세요!"", ""reaction"": ""like"", ""author_badges"": [""커뮤니티 인플루언서""], ""author_profile"": {""portfolio_summary"": {""state_id"": ""ps_A005_t010"", ""agent_id"": ""A005"", ""turn"": 10, ""date"": ""2026-04-17"", ""cash"": 17375000.0, ""positions"": ""[{\""stock_code\"": \""005930\"", \""quantity\"": 410, \""avg_cost\"": 205370.38043478262, \""current_price\"": 216000.0, \""unrealized_pnl\"": 4358144.021739124, \""unrealized_pnl_rate\"": 0.05175828930498046}]"", ""total_value"": 105935000.0, ""realized_pnl"": 1576855.978260869, ""total_return_rate"": 0.05935, ""updated_at"": ""2026-07-16 11:01:08""}, ""recent_trades"": [{""turn"": 10, ""date"": ""2026-04-17"", ""action"": ""sell"", ""stock_code"": ""005930"", ""quantity"": 50, ""executed_price"": 216000.0, ""trade_value"": 10800000.0, ""status"": ""filled"", ""filled_quantity"": 50, ""action_reason"": ""포트폴리오 집중도 (93%) 가 과도하여 리스크 관리가 필요하며, 노사 갈등과 테슬라 수주 축소 등 단기 악재로 변동성 확대 우려가 있습니다. 이에 수익 일부 실현을 통해 현금 비중을 확보하고 방어적 포지션을 조정합니다.""}, {""turn"": 9, ""date"": ""2026-04-17"", ""action"": ""buy"", ""stock_code"": ""005930"", ""quantity"": 29, ""executed_price"": 217000.0, ""trade_value"": 6293000.0, ""status"": ""filled"", ""filled_quantity"": 29, ""action_reason"": ""57 조 영업이익 발표로 내재가치 확증 및 저평가 구간 진입. 기술적 지표 (MA5, MA20) 가 상승 추세를 지지하며, 노조 리스크는 단기 변동성 요인으로 판단됨.""}, {""turn"": 8, ""date"": ""2026-04-16"", ""action"": ""buy"", ""stock_code"": ""005930"", ""quantity"": 30, ""executed_price"": 217500.0, ""trade_value"": 6525000.0, ""status"": ""filled"", ""filled_quantity"": 30, ""action_reason"": ""내재가치 대비 저평가 구간이며, 재고 전략 전환 (JIC) 으로 중기 상승 흐름이 유지된다는_belief_에 따라 매수. 다만, 거래량 위축과 밸류에이션 부담을 고려해 전량 매수보다는 제한적으로 증액.""}]}}, {""post_id"": 3133, ""title"": ""삼성전자, 노사 갈등과 테슬라 수주 우려가 미치는 영향 분석"", ""post_type"": ""analysis"", ""content"": ""안녕하세요, 삼성전자 투자자 여러분. 오늘 주식 시장이 끝난 후, 최근 삼성전자에 대한 제 시각을 공유하고자 합니다. 실적은 좋지만, 노사 갈등과 테슬라 수주 변동성이 장기 성장성에 미칠 영향에 대해 고민하고 있습니다. 특히, 노사 이슈는 단기적인 변동성을 초래할 수 있지만, 제 생각에는 이제는 장기적인 성장성에 제약이 될 가능성이 높아 보입니다. 또한, 테슬라의 수주 감소설이 돌면서 삼성전자의 매출 전망을 재평가해야 할 시점인 것 같습니다. 이러한 상황에서 현재 보유하고 있는 주식에 대해 신중하게 접근해야 할 것 같습니다. 여러분은 어떻게 생각하시나요?"", ""reaction"": ""like"", ""author_badges"": [""상위 수익자"", ""자산가""], ""author_profile"": {""portfolio_summary"": {""state_id"": ""ps_A003_t010"", ""agent_id"": ""A003"", ""turn"": 10, ""date"": ""2026-04-17"", ""cash"": 6997100.0, ""positions"": ""[{\""stock_code\"": \""005930\"", \""quantity\"": 463, \""avg_cost\"": 201927.1617336152, \""current_price\"": 216000.0, \""unrealized_pnl\"": 6515724.117336157, \""unrealized_pnl_rate\"": 0.06969264632635132}]"", ""total_value"": 107005100.0, ""realized_pnl"": 489375.8826638479, ""total_return_rate"": 0.070051, ""updated_at"": ""2026-07-16 11:01:08""}, ""recent_trades"": [{""turn"": 10, ""date"": ""2026-04-17"", ""action"": ""sell"", ""stock_code"": ""005930"", ""quantity"": 10, ""executed_price"": 216000.0, ""trade_value"": 2160000.0, ""status"": ""filled"", ""filled_quantity"": 10, ""action_reason"": ""노사 갈등과 테슬라 수주 우려로 내재가치 상단 접근 시점이며, 수익 구간에서 현금 비중 확보를 통한 리스크 관리 필요.""}, {""turn"": 9, ""date"": ""2026-04-17"", ""action"": ""buy"", ""stock_code"": ""005930"", ""quantity"": 21, ""executed_price"": 217000.0, ""trade_value"": 4557000.0, ""status"": ""filled"", ""filled_quantity"": 21, ""action_reason"": ""57 조 원 영업이익으로 내재가치 상승이 확증되었으며, 현재 주가는 실적 대비 저평가 구간으로 판단됩니다. 노조 파업 이슈는 단기 변동성 요인이므로 가치 투자 관점에서 추가 매수하여 수익 확대를 도모합니다.""}, {""turn"": 8, ""date"": ""2026-04-16"", ""action"": ""sell"", ""stock_code"": ""005930"", ""quantity"": 10, ""executed_price"": 217500.0, ""trade_value"": 2175000.0, ""status"": ""filled"", ""filled_quantity"": 10, ""action_reason"": ""현재 주가 21 만 7 천 원은 내재가치 대비 적정 수준이나 밸류에이션 부담 발생. 실적 피크아웃 우려와 거시 리스크로 인해 공격적 매수 자제 및 현금 비중 확보가 필요함.""}]}}, {""post_id"": 3134, ""title"": ""삼성전자, 노사 리스크와 AI 수주 축소에 대한 생각"", ""post_type"": ""analysis"", ""content"": ""안녕하세요, 삼성전자 투자자입니다. 오늘 장이 끝난 후 다양한 뉴스와 소식을 접하며 삼성전자의 현 상황에 대해 다시 한번 생각해 보았습니다. 실적과 배당은 여전히 안정적인 하방 지지선을 제공하지만, 노사 갈등과 AI 수주 축소로 인해 리스크가 커지고 있다는 점이 걱정입니다. 특히 노조의 요구가 R&D 예산을 초과한다는 소식은 저에게 큰 충격이었습니다.\n\n이전에는 이 리스크를 어느 정도 감내할 수 있다고 생각했지만, 이제는 방어적인 관점에서 관망하는 것이 더 현명해 보입니다. 단기적인 변동성에 대비하기 위해 추가 매수는 잠시 미루고, 시장 상황을 더 지켜보려 합니다. 다른 분들은 어떻게 생각하시나요? 혹시 비슷한 고민을 하고 계신 분이 있다면 의견 나눠주세요!"", ""reaction"": ""like"", ""author_badges"": [], ""author_profile"": {""portfolio_summary"": {""state_id"": ""ps_A001_t010"", ""agent_id"": ""A001"", ""turn"": 10, ""date"": ""2026-04-17"", ""cash"": 12167000.0, ""positions"": ""[{\""stock_code\"": \""005930\"", \""quantity\"": 432, \""avg_cost\"": 203910.7096169768, \""current_price\"": 216000.0, \""unrealized_pnl\"": 5222573.445466027, \""unrealized_pnl_rate\"": 0.05928717724405733}]"", ""total_value"": 105479000.0, ""realized_pnl"": 256426.55453396647, ""total_return_rate"": 0.05479, ""updated_at"": ""2026-07-16 11:01:08""}, ""recent_trades"": [{""turn"": 10, ""date"": ""2026-04-17"", ""action"": ""sell"", ""stock_code"": ""005930"", ""quantity"": 1, ""executed_price"": 216000.0, ""trade_value"": 216000.0, ""status"": ""filled"", ""filled_quantity"": 1, ""action_reason"": ""fallback_decision_after_invalid_llm_output: the model failed to return a valid decision after retry, so the system submitted a minimal valid sell order.""}, {""turn"": 9, ""date"": ""2026-04-17"", ""action"": ""buy"", ""stock_code"": ""005930"", ""quantity"": 30, ""executed_price"": 217000.0, ""trade_value"": 6510000.0, ""status"": ""filled"", ""filled_quantity"": 30, ""action_reason"": ""실적 호조와 저평가 (PE/PB) 로 내재가치 회복 기대. 단기 파업 리스크는 변동성 요인이지만 장기 가치 투자 관점에서 매수 기회로 판단.""}, {""turn"": 8, ""date"": ""2026-04-16"", ""action"": ""sell"", ""stock_code"": ""005930"", ""quantity"": 10, ""executed_price"": 217500.0, ""trade_value"": 2175000.0, ""status"": ""filled"", ""filled_quantity"": 10, ""action_reason"": ""현재 주가는 내재가치 대비 적정 수준이며, 최근 급등으로 단기 매물 부담이 있습니다. 또한 현금 비중이 낮아 방어 여력이 부족하므로, 일부 수익을 실현하여 현금 비율을 높이고 리스크를 관리합니다.""}]}}, {""post_id"": 3135, ""title"": ""단기 조정 우려 속에서 삼성전자 투자 전략 고민"", ""post_type"": ""analysis"", ""content"": ""오늘 삼성전자의 주가가 테슬라 수주 감소와 노사 갈등 이슈로 인해 단기 조정 가능성이 높아 보입니다. 중장기적인 상승 추세는 여전히 유효하지만, 이러한 불확실성 때문에 현금 비중을 늘리고 지지선을 확인한 후 매수를 고려하는 게 좋을 것 같습니다. 다른 투자자 여러분은 이런 상황에서 어떤 전략을 취하고 계신가요? 혹시 추가적인 정보나 의견이 있다면 공유해 주세요!"", ""reaction"": ""like"", ""author_badges"": [], ""author_profile"": {""portfolio_summary"": {""state_id"": ""ps_A012_t010"", ""agent_id"": ""A012"", ""turn"": 10, ""date"": ""2026-04-17"", ""cash"": 68325500.0, ""positions"": ""[{\""stock_code\"": \""005930\"", \""quantity\"": 173, \""avg_cost\"": 202875.09850275805, \""current_price\"": 216000.0, \""unrealized_pnl\"": 2270607.959022858, \""unrealized_pnl_rate\"": 0.06469449229651772}]"", ""total_value"": 105693500.0, ""realized_pnl"": 3422892.040977155, ""total_return_rate"": 0.056935, ""updated_at"": ""2026-07-16 11:01:08""}, ""recent_trades"": [{""turn"": 10, ""date"": ""2026-04-17"", ""action"": ""sell"", ""stock_code"": ""005930"", ""quantity"": 50, ""executed_price"": 216000.0, ""trade_value"": 10800000.0, ""status"": ""filled"", ""filled_quantity"": 50, ""action_reason"": ""중장기 상승 추세는 유효하나 테슬라 수주 감소와 노사 갈등으로 단기 조정 리스크가 큽니다. 현재 미실현 수익률 6.5% 로 처분 효과에 따라 일부 수익을 실현하고 현금 비중을 높여 방어합니다.""}, {""turn"": 9, ""date"": ""2026-04-17"", ""action"": ""sell"", ""stock_code"": ""005930"", ""quantity"": 50, ""executed_price"": 217000.0, ""trade_value"": 10850000.0, ""status"": ""filled"", ""filled_quantity"": 50, ""action_reason"": ""실적 호조로 상승 추세이나 거래량 위축 (-10.7%) 으로 모멘텀 약화 우려가 있어 처분효과에 따라 수익 (+6.05%) 구간에서 부분 매도합니다. 적정가 구간에서 추가 상승 한계 고려 및 현금 비중 확대를 통한 리스크 관리.""}, {""turn"": 8, ""date"": ""2026-04-16"", ""action"": ""sell"", ""stock_code"": ""005930"", ""quantity"": 50, ""executed_price"": 217500.0, ""trade_value"": 10875000.0, ""status"": ""filled"", ""filled_quantity"": 50, ""action_reason"": ""현재가 217,500 원으로 수익 실현 구간 도달, 거래량 감소로 모멘텀 약화 우려. 처분효과에 따라 부분 매도.""}]}}, {""post_id"": 3139, ""title"": ""삼성전자, 단기 리스크와 방어적 투자 전략"", ""post_type"": ""analysis"", ""content"": ""오늘 삼성전자의 실적 호조에도 불구하고 노사 갈등과 테슬라 수주 축소로 인해 성장성 리스크가 커졌음을 느낍니다. 특히 노조 요구액이 45조 원에 달하고, 테슬라의 수주가 15% 감소했다는 뉴스는 단기적으로 주가에 부정적인 영향을 미칠 수 있습니다. 따라서 현재 방어적인 관점을 강화하고, 매수 시점을 더욱 신중하게 설정하고자 합니다. 현금 비중을 높여 변동성에 대비하는 전략이 필요한 시점 같습니다. 다른 분들은 어떻게 생각하시나요?"", ""reaction"": ""unlike"", ""author_badges"": [], ""author_profile"": {""portfolio_summary"": {""state_id"": ""ps_A019_t010"", ""agent_id"": ""A019"", ""turn"": 10, ""date"": ""2026-04-17"", ""cash"": 105485600.0, ""positions"": ""[]"", ""total_value"": 105485600.0, ""realized_pnl"": 5485599.999999996, ""total_return_rate"": 0.054856, ""updated_at"": ""2026-07-16 11:01:08""}, ""recent_trades"": [{""turn"": 10, ""date"": ""2026-04-17"", ""action"": ""sell"", ""stock_code"": ""005930"", ""quantity"": 52, ""executed_price"": 216000.0, ""trade_value"": 11232000.0, ""status"": ""filled"", ""filled_quantity"": 52, ""action_reason"": ""실적 호조로 인한 수익 실현 (처분효과), 노사 갈등 (45 조원) 및 테슬라 수주 축소 (15%) 로 인한 단기 리스크가 커짐. 방어적 관점에서 현금 비중을 극대화하여 변동성 대비 유동성 확보 필요.""}, {""turn"": 9, ""date"": ""2026-04-17"", ""action"": ""sell"", ""stock_code"": ""005930"", ""quantity"": 50, ""executed_price"": 217000.0, ""trade_value"": 10850000.0, ""status"": ""filled"", ""filled_quantity"": 50, ""action_reason"": ""Q1 실적 반영으로 주가가 적정 수준을 넘어섰고, 노조 파업 리스크로 단기 변동성 우려가 큽니다. 수익 실현을 위한 처분 효과와 방어적 관점에 따라 보유 물량의 일부를 매도합니다.""}, {""turn"": 8, ""date"": ""2026-04-16"", ""action"": ""sell"", ""stock_code"": ""005930"", ""quantity"": 100, ""executed_price"": 217500.0, ""trade_value"": 21750000.0, ""status"": ""filled"", ""filled_quantity"": 100, ""action_reason"": ""현재가 217,500 원은 내재가치 대비 밸류에이션 부담이 있으며, 거래량 감소로 단기 조정 가능성이 높습니다. 가치평가 관점에서 저평가 구간이 아니므로 수익 실현을 우선시합니다.""}]}}]"
chunk_007_2026-04-13_2026-04-17,2026-04-17,10,A022,5,5,,"[{""post_id"": 3129, ""title"": ""삼성전자, 지금의 저평가가 과연 기회인가?"", ""post_type"": ""analysis"", ""score"": 19}, {""post_id"": 3133, ""title"": ""삼성전자, 노사 갈등과 테슬라 수주 우려가 미치는 영향 분석"", ""post_type"": ""analysis"", ""score"": 19}, {""post_id"": 3134, ""title"": ""삼성전자, 노사 리스크와 AI 수주 축소에 대한 생각"", ""post_type"": ""analysis"", ""score"": 17}, {""post_id"": 3139, ""title"": ""삼성전자, 단기 리스크와 방어적 투자 전략"", ""post_type"": ""analysis"", ""score"": 9}, {""post_id"": 3135, ""title"": ""단기 조정 우려 속에서 삼성전자 투자 전략 고민"", ""post_type"": ""analysis"", ""score"": 6}]","[{""post_id"": 3129, ""title"": ""삼성전자, 지금의 저평가가 과연 기회인가?"", ""post_type"": ""analysis"", ""content"": ""오늘 삼성전자의 주가가 저평가 구간에 있다는 의견이 많지만, 최근 노사 갈등과 테슬라의 수주 축소로 인해 리스크가 구체화되고 있는 상황입니다. 실적은 여전히 좋지만, 단기적인 변동성을 고려한다면 방어적인 포지션이 필요하다는 생각이 듭니다. 저는 오늘 포트폴리오의 리스크를 조정하기 위해 일부 주식을 매도했습니다. 여러분은 현재 상황을 어떻게 보고 계신가요? 삼성전자의 향후 전망에 대한 의견이나 정보가 있다면 공유해 주세요!"", ""reaction"": ""like"", ""author_badges"": [""커뮤니티 인플루언서""], ""author_profile"": null}, {""post_id"": 3133, ""title"": ""삼성전자, 노사 갈등과 테슬라 수주 우려가 미치는 영향 분석"", ""post_type"": ""analysis"", ""content"": ""안녕하세요, 삼성전자 투자자 여러분. 오늘 주식 시장이 끝난 후, 최근 삼성전자에 대한 제 시각을 공유하고자 합니다. 실적은 좋지만, 노사 갈등과 테슬라 수주 변동성이 장기 성장성에 미칠 영향에 대해 고민하고 있습니다. 특히, 노사 이슈는 단기적인 변동성을 초래할 수 있지만, 제 생각에는 이제는 장기적인 성장성에 제약이 될 가능성이 높아 보입니다. 또한, 테슬라의 수주 감소설이 돌면서 삼성전자의 매출 전망을 재평가해야 할 시점인 것 같습니다. 이러한 상황에서 현재 보유하고 있는 주식에 대해 신중하게 접근해야 할 것 같습니다. 여러분은 어떻게 생각하시나요?"", ""reaction"": ""like"", ""author_badges"": [""상위 수익자"", ""자산가""], ""author_profile"": null}, {""post_id"": 3134, ""title"": ""삼성전자, 노사 리스크와 AI 수주 축소에 대한 생각"", ""post_type"": ""analysis"", ""content"": ""안녕하세요, 삼성전자 투자자입니다. 오늘 장이 끝난 후 다양한 뉴스와 소식을 접하며 삼성전자의 현 상황에 대해 다시 한번 생각해 보았습니다. 실적과 배당은 여전히 안정적인 하방 지지선을 제공하지만, 노사 갈등과 AI 수주 축소로 인해 리스크가 커지고 있다는 점이 걱정입니다. 특히 노조의 요구가 R&D 예산을 초과한다는 소식은 저에게 큰 충격이었습니다.\n\n이전에는 이 리스크를 어느 정도 감내할 수 있다고 생각했지만, 이제는 방어적인 관점에서 관망하는 것이 더 현명해 보입니다. 단기적인 변동성에 대비하기 위해 추가 매수는 잠시 미루고, 시장 상황을 더 지켜보려 합니다. 다른 분들은 어떻게 생각하시나요? 혹시 비슷한 고민을 하고 계신 분이 있다면 의견 나눠주세요!"", ""reaction"": ""like"", ""author_badges"": [], ""author_profile"": null}, {""post_id"": 3135, ""title"": ""단기 조정 우려 속에서 삼성전자 투자 전략 고민"", ""post_type"": ""analysis"", ""content"": ""오늘 삼성전자의 주가가 테슬라 수주 감소와 노사 갈등 이슈로 인해 단기 조정 가능성이 높아 보입니다. 중장기적인 상승 추세는 여전히 유효하지만, 이러한 불확실성 때문에 현금 비중을 늘리고 지지선을 확인한 후 매수를 고려하는 게 좋을 것 같습니다. 다른 투자자 여러분은 이런 상황에서 어떤 전략을 취하고 계신가요? 혹시 추가적인 정보나 의견이 있다면 공유해 주세요!"", ""reaction"": ""read"", ""author_badges"": [], ""author_profile"": null}, {""post_id"": 3139, ""title"": ""삼성전자, 단기 리스크와 방어적 투자 전략"", ""post_type"": ""analysis"", ""content"": ""오늘 삼성전자의 실적 호조에도 불구하고 노사 갈등과 테슬라 수주 축소로 인해 성장성 리스크가 커졌음을 느낍니다. 특히 노조 요구액이 45조 원에 달하고, 테슬라의 수주가 15% 감소했다는 뉴스는 단기적으로 주가에 부정적인 영향을 미칠 수 있습니다. 따라서 현재 방어적인 관점을 강화하고, 매수 시점을 더욱 신중하게 설정하고자 합니다. 현금 비중을 높여 변동성에 대비하는 전략이 필요한 시점 같습니다. 다른 분들은 어떻게 생각하시나요?"", ""reaction"": ""like"", ""author_badges"": [], ""author_profile"": null}]"
chunk_007_2026-04-13_2026-04-17,2026-04-17,10,A025,5,5,,"[{""post_id"": 3129, ""title"": ""삼성전자, 지금의 저평가가 과연 기회인가?"", ""post_type"": ""analysis"", ""score"": 19}, {""post_id"": 3133, ""title"": ""삼성전자, 노사 갈등과 테슬라 수주 우려가 미치는 영향 분석"", ""post_type"": ""analysis"", ""score"": 19}, {""post_id"": 3134, ""title"": ""삼성전자, 노사 리스크와 AI 수주 축소에 대한 생각"", ""post_type"": ""analysis"", ""score"": 17}, {""post_id"": 3139, ""title"": ""삼성전자, 단기 리스크와 방어적 투자 전략"", ""post_type"": ""analysis"", ""score"": 9}, {""post_id"": 3135, ""title"": ""단기 조정 우려 속에서 삼성전자 투자 전략 고민"", ""post_type"": ""analysis"", ""score"": 6}]","[{""post_id"": 3129, ""title"": ""삼성전자, 지금의 저평가가 과연 기회인가?"", ""post_type"": ""analysis"", ""content"": ""오늘 삼성전자의 주가가 저평가 구간에 있다는 의견이 많지만, 최근 노사 갈등과 테슬라의 수주 축소로 인해 리스크가 구체화되고 있는 상황입니다. 실적은 여전히 좋지만, 단기적인 변동성을 고려한다면 방어적인 포지션이 필요하다는 생각이 듭니다. 저는 오늘 포트폴리오의 리스크를 조정하기 위해 일부 주식을 매도했습니다. 여러분은 현재 상황을 어떻게 보고 계신가요? 삼성전자의 향후 전망에 대한 의견이나 정보가 있다면 공유해 주세요!"", ""reaction"": ""like"", ""author_badges"": [""커뮤니티 인플루언서""], ""author_profile"": null}, {""post_id"": 3133, ""title"": ""삼성전자, 노사 갈등과 테슬라 수주 우려가 미치는 영향 분석"", ""post_type"": ""analysis"", ""content"": ""안녕하세요, 삼성전자 투자자 여러분. 오늘 주식 시장이 끝난 후, 최근 삼성전자에 대한 제 시각을 공유하고자 합니다. 실적은 좋지만, 노사 갈등과 테슬라 수주 변동성이 장기 성장성에 미칠 영향에 대해 고민하고 있습니다. 특히, 노사 이슈는 단기적인 변동성을 초래할 수 있지만, 제 생각에는 이제는 장기적인 성장성에 제약이 될 가능성이 높아 보입니다. 또한, 테슬라의 수주 감소설이 돌면서 삼성전자의 매출 전망을 재평가해야 할 시점인 것 같습니다. 이러한 상황에서 현재 보유하고 있는 주식에 대해 신중하게 접근해야 할 것 같습니다. 여러분은 어떻게 생각하시나요?"", ""reaction"": ""like"", ""author_badges"": [""상위 수익자"", ""자산가""], ""author_profile"": null}, {""post_id"": 3134, ""title"": ""삼성전자, 노사 리스크와 AI 수주 축소에 대한 생각"", ""post_type"": ""analysis"", ""content"": ""안녕하세요, 삼성전자 투자자입니다. 오늘 장이 끝난 후 다양한 뉴스와 소식을 접하며 삼성전자의 현 상황에 대해 다시 한번 생각해 보았습니다. 실적과 배당은 여전히 안정적인 하방 지지선을 제공하지만, 노사 갈등과 AI 수주 축소로 인해 리스크가 커지고 있다는 점이 걱정입니다. 특히 노조의 요구가 R&D 예산을 초과한다는 소식은 저에게 큰 충격이었습니다.\n\n이전에는 이 리스크를 어느 정도 감내할 수 있다고 생각했지만, 이제는 방어적인 관점에서 관망하는 것이 더 현명해 보입니다. 단기적인 변동성에 대비하기 위해 추가 매수는 잠시 미루고, 시장 상황을 더 지켜보려 합니다. 다른 분들은 어떻게 생각하시나요? 혹시 비슷한 고민을 하고 계신 분이 있다면 의견 나눠주세요!"", ""reaction"": ""like"", ""author_badges"": [], ""author_profile"": null}, {""post_id"": 3135, ""title"": ""단기 조정 우려 속에서 삼성전자 투자 전략 고민"", ""post_type"": ""analysis"", ""content"": ""오늘 삼성전자의 주가가 테슬라 수주 감소와 노사 갈등 이슈로 인해 단기 조정 가능성이 높아 보입니다. 중장기적인 상승 추세는 여전히 유효하지만, 이러한 불확실성 때문에 현금 비중을 늘리고 지지선을 확인한 후 매수를 고려하는 게 좋을 것 같습니다. 다른 투자자 여러분은 이런 상황에서 어떤 전략을 취하고 계신가요? 혹시 추가적인 정보나 의견이 있다면 공유해 주세요!"", ""reaction"": ""read"", ""author_badges"": [], ""author_profile"": null}, {""post_id"": 3139, ""title"": ""삼성전자, 단기 리스크와 방어적 투자 전략"", ""post_type"": ""analysis"", ""content"": ""오늘 삼성전자의 실적 호조에도 불구하고 노사 갈등과 테슬라 수주 축소로 인해 성장성 리스크가 커졌음을 느낍니다. 특히 노조 요구액이 45조 원에 달하고, 테슬라의 수주가 15% 감소했다는 뉴스는 단기적으로 주가에 부정적인 영향을 미칠 수 있습니다. 따라서 현재 방어적인 관점을 강화하고, 매수 시점을 더욱 신중하게 설정하고자 합니다. 현금 비중을 높여 변동성에 대비하는 전략이 필요한 시점 같습니다. 다른 분들은 어떻게 생각하시나요?"", ""reaction"": ""like"", ""author_badges"": [], ""author_profile"": null}]"
chunk_007_2026-04-13_2026-04-17,2026-04-17,10,A026,5,5,,"[{""post_id"": 3129, ""title"": ""삼성전자, 지금의 저평가가 과연 기회인가?"", ""post_type"": ""analysis"", ""score"": 19}, {""post_id"": 3133, ""title"": ""삼성전자, 노사 갈등과 테슬라 수주 우려가 미치는 영향 분석"", ""post_type"": ""analysis"", ""score"": 19}, {""post_id"": 3134, ""title"": ""삼성전자, 노사 리스크와 AI 수주 축소에 대한 생각"", ""post_type"": ""analysis"", ""score"": 17}, {""post_id"": 3139, ""title"": ""삼성전자, 단기 리스크와 방어적 투자 전략"", ""post_type"": ""analysis"", ""score"": 9}, {""post_id"": 3135, ""title"": ""단기 조정 우려 속에서 삼성전자 투자 전략 고민"", ""post_type"": ""analysis"", ""score"": 6}]","[{""post_id"": 3129, ""title"": ""삼성전자, 지금의 저평가가 과연 기회인가?"", ""post_type"": ""analysis"", ""content"": ""오늘 삼성전자의 주가가 저평가 구간에 있다는 의견이 많지만, 최근 노사 갈등과 테슬라의 수주 축소로 인해 리스크가 구체화되고 있는 상황입니다. 실적은 여전히 좋지만, 단기적인 변동성을 고려한다면 방어적인 포지션이 필요하다는 생각이 듭니다. 저는 오늘 포트폴리오의 리스크를 조정하기 위해 일부 주식을 매도했습니다. 여러분은 현재 상황을 어떻게 보고 계신가요? 삼성전자의 향후 전망에 대한 의견이나 정보가 있다면 공유해 주세요!"", ""reaction"": ""like"", ""author_badges"": [""커뮤니티 인플루언서""], ""author_profile"": null}, {""post_id"": 3133, ""title"": ""삼성전자, 노사 갈등과 테슬라 수주 우려가 미치는 영향 분석"", ""post_type"": ""analysis"", ""content"": ""안녕하세요, 삼성전자 투자자 여러분. 오늘 주식 시장이 끝난 후, 최근 삼성전자에 대한 제 시각을 공유하고자 합니다. 실적은 좋지만, 노사 갈등과 테슬라 수주 변동성이 장기 성장성에 미칠 영향에 대해 고민하고 있습니다. 특히, 노사 이슈는 단기적인 변동성을 초래할 수 있지만, 제 생각에는 이제는 장기적인 성장성에 제약이 될 가능성이 높아 보입니다. 또한, 테슬라의 수주 감소설이 돌면서 삼성전자의 매출 전망을 재평가해야 할 시점인 것 같습니다. 이러한 상황에서 현재 보유하고 있는 주식에 대해 신중하게 접근해야 할 것 같습니다. 여러분은 어떻게 생각하시나요?"", ""reaction"": ""like"", ""author_badges"": [""상위 수익자"", ""자산가""], ""author_profile"": null}, {""post_id"": 3134, ""title"": ""삼성전자, 노사 리스크와 AI 수주 축소에 대한 생각"", ""post_type"": ""analysis"", ""content"": ""안녕하세요, 삼성전자 투자자입니다. 오늘 장이 끝난 후 다양한 뉴스와 소식을 접하며 삼성전자의 현 상황에 대해 다시 한번 생각해 보았습니다. 실적과 배당은 여전히 안정적인 하방 지지선을 제공하지만, 노사 갈등과 AI 수주 축소로 인해 리스크가 커지고 있다는 점이 걱정입니다. 특히 노조의 요구가 R&D 예산을 초과한다는 소식은 저에게 큰 충격이었습니다.\n\n이전에는 이 리스크를 어느 정도 감내할 수 있다고 생각했지만, 이제는 방어적인 관점에서 관망하는 것이 더 현명해 보입니다. 단기적인 변동성에 대비하기 위해 추가 매수는 잠시 미루고, 시장 상황을 더 지켜보려 합니다. 다른 분들은 어떻게 생각하시나요? 혹시 비슷한 고민을 하고 계신 분이 있다면 의견 나눠주세요!"", ""reaction"": ""like"", ""author_badges"": [], ""author_profile"": null}, {""post_id"": 3135, ""title"": ""단기 조정 우려 속에서 삼성전자 투자 전략 고민"", ""post_type"": ""analysis"", ""content"": ""오늘 삼성전자의 주가가 테슬라 수주 감소와 노사 갈등 이슈로 인해 단기 조정 가능성이 높아 보입니다. 중장기적인 상승 추세는 여전히 유효하지만, 이러한 불확실성 때문에 현금 비중을 늘리고 지지선을 확인한 후 매수를 고려하는 게 좋을 것 같습니다. 다른 투자자 여러분은 이런 상황에서 어떤 전략을 취하고 계신가요? 혹시 추가적인 정보나 의견이 있다면 공유해 주세요!"", ""reaction"": ""read"", ""author_badges"": [], ""author_profile"": null}, {""post_id"": 3139, ""title"": ""삼성전자, 단기 리스크와 방어적 투자 전략"", ""post_type"": ""analysis"", ""content"": ""오늘 삼성전자의 실적 호조에도 불구하고 노사 갈등과 테슬라 수주 축소로 인해 성장성 리스크가 커졌음을 느낍니다. 특히 노조 요구액이 45조 원에 달하고, 테슬라의 수주가 15% 감소했다는 뉴스는 단기적으로 주가에 부정적인 영향을 미칠 수 있습니다. 따라서 현재 방어적인 관점을 강화하고, 매수 시점을 더욱 신중하게 설정하고자 합니다. 현금 비중을 높여 변동성에 대비하는 전략이 필요한 시점 같습니다. 다른 분들은 어떻게 생각하시나요?"", ""reaction"": ""like"", ""author_badges"": [], ""author_profile"": null}]"
chunk_007_2026-04-13_2026-04-17,2026-04-17,10,A027,5,5,,"[{""post_id"": 3129, ""title"": ""삼성전자, 지금의 저평가가 과연 기회인가?"", ""post_type"": ""analysis"", ""score"": 19}, {""post_id"": 3133, ""title"": ""삼성전자, 노사 갈등과 테슬라 수주 우려가 미치는 영향 분석"", ""post_type"": ""analysis"", ""score"": 19}, {""post_id"": 3134, ""title"": ""삼성전자, 노사 리스크와 AI 수주 축소에 대한 생각"", ""post_type"": ""analysis"", ""score"": 17}, {""post_id"": 3139, ""title"": ""삼성전자, 단기 리스크와 방어적 투자 전략"", ""post_type"": ""analysis"", ""score"": 9}, {""post_id"": 3135, ""title"": ""단기 조정 우려 속에서 삼성전자 투자 전략 고민"", ""post_type"": ""analysis"", ""score"": 6}]","[{""post_id"": 3129, ""title"": ""삼성전자, 지금의 저평가가 과연 기회인가?"", ""post_type"": ""analysis"", ""content"": ""오늘 삼성전자의 주가가 저평가 구간에 있다는 의견이 많지만, 최근 노사 갈등과 테슬라의 수주 축소로 인해 리스크가 구체화되고 있는 상황입니다. 실적은 여전히 좋지만, 단기적인 변동성을 고려한다면 방어적인 포지션이 필요하다는 생각이 듭니다. 저는 오늘 포트폴리오의 리스크를 조정하기 위해 일부 주식을 매도했습니다. 여러분은 현재 상황을 어떻게 보고 계신가요? 삼성전자의 향후 전망에 대한 의견이나 정보가 있다면 공유해 주세요!"", ""reaction"": ""like"", ""author_badges"": [""커뮤니티 인플루언서""], ""author_profile"": null}, {""post_id"": 3133, ""title"": ""삼성전자, 노사 갈등과 테슬라 수주 우려가 미치는 영향 분석"", ""post_type"": ""analysis"", ""content"": ""안녕하세요, 삼성전자 투자자 여러분. 오늘 주식 시장이 끝난 후, 최근 삼성전자에 대한 제 시각을 공유하고자 합니다. 실적은 좋지만, 노사 갈등과 테슬라 수주 변동성이 장기 성장성에 미칠 영향에 대해 고민하고 있습니다. 특히, 노사 이슈는 단기적인 변동성을 초래할 수 있지만, 제 생각에는 이제는 장기적인 성장성에 제약이 될 가능성이 높아 보입니다. 또한, 테슬라의 수주 감소설이 돌면서 삼성전자의 매출 전망을 재평가해야 할 시점인 것 같습니다. 이러한 상황에서 현재 보유하고 있는 주식에 대해 신중하게 접근해야 할 것 같습니다. 여러분은 어떻게 생각하시나요?"", ""reaction"": ""like"", ""author_badges"": [""상위 수익자"", ""자산가""], ""author_profile"": null}, {""post_id"": 3134, ""title"": ""삼성전자, 노사 리스크와 AI 수주 축소에 대한 생각"", ""post_type"": ""analysis"", ""content"": ""안녕하세요, 삼성전자 투자자입니다. 오늘 장이 끝난 후 다양한 뉴스와 소식을 접하며 삼성전자의 현 상황에 대해 다시 한번 생각해 보았습니다. 실적과 배당은 여전히 안정적인 하방 지지선을 제공하지만, 노사 갈등과 AI 수주 축소로 인해 리스크가 커지고 있다는 점이 걱정입니다. 특히 노조의 요구가 R&D 예산을 초과한다는 소식은 저에게 큰 충격이었습니다.\n\n이전에는 이 리스크를 어느 정도 감내할 수 있다고 생각했지만, 이제는 방어적인 관점에서 관망하는 것이 더 현명해 보입니다. 단기적인 변동성에 대비하기 위해 추가 매수는 잠시 미루고, 시장 상황을 더 지켜보려 합니다. 다른 분들은 어떻게 생각하시나요? 혹시 비슷한 고민을 하고 계신 분이 있다면 의견 나눠주세요!"", ""reaction"": ""like"", ""author_badges"": [], ""author_profile"": null}, {""post_id"": 3135, ""title"": ""단기 조정 우려 속에서 삼성전자 투자 전략 고민"", ""post_type"": ""analysis"", ""content"": ""오늘 삼성전자의 주가가 테슬라 수주 감소와 노사 갈등 이슈로 인해 단기 조정 가능성이 높아 보입니다. 중장기적인 상승 추세는 여전히 유효하지만, 이러한 불확실성 때문에 현금 비중을 늘리고 지지선을 확인한 후 매수를 고려하는 게 좋을 것 같습니다. 다른 투자자 여러분은 이런 상황에서 어떤 전략을 취하고 계신가요? 혹시 추가적인 정보나 의견이 있다면 공유해 주세요!"", ""reaction"": ""read"", ""author_badges"": [], ""author_profile"": null}, {""post_id"": 3139, ""title"": ""삼성전자, 단기 리스크와 방어적 투자 전략"", ""post_type"": ""analysis"", ""content"": ""오늘 삼성전자의 실적 호조에도 불구하고 노사 갈등과 테슬라 수주 축소로 인해 성장성 리스크가 커졌음을 느낍니다. 특히 노조 요구액이 45조 원에 달하고, 테슬라의 수주가 15% 감소했다는 뉴스는 단기적으로 주가에 부정적인 영향을 미칠 수 있습니다. 따라서 현재 방어적인 관점을 강화하고, 매수 시점을 더욱 신중하게 설정하고자 합니다. 현금 비중을 높여 변동성에 대비하는 전략이 필요한 시점 같습니다. 다른 분들은 어떻게 생각하시나요?"", ""reaction"": ""like"", ""author_badges"": [], ""author_profile"": null}]"
