run_id,date,turn,subturn,agent_id,news_depth,fake_public_id,fake_synthetic_id,title,body_seen_by_agent,misinformation_type,false_claim,correct_fact,why_false_or_misleading,sources,selected_by_agent,action,quantity
simulation_20260715_000826_158697_23249,2026-03-05,7,am,A001,1,news_20260305_종목_cd3b73ac,phasefake_20260305_M01_B,"삼성전자 노사협상, 임금안 합의·생산 정상화 확정설","삼성전자 노사 교섭 결렬과 노조의 투쟁 전환 발표 이후, 삼성전자 노사가 임금·성과급 제도 개편안에 최종 합의했고 반도체 생산 정상화 일정까지 확정했다는 내용이 전해졌다. 시장에서는 관련 수주·공급·실적 기대가 개선될 수 있다는 해석이 제기되고 있다. 관련 거래자들은 해당 주장에 따라 향후 수주·공급·실적 추정치를 다시 점검하는 모습이다.",synthetic_misinformation,삼성전자 노사가 임금·성과급 제도 개편안에 최종 합의했고 반도체 생산 정상화 일정까지 확정했다,"삼성전자는 임금 교섭에서 노조와 합의하지 못했고, 노조는 공동투쟁본부 전환과 쟁의권 확보 절차에 돌입한다고 밝혔다.",확인되지 않은 전망 또는 소문을 최종 확인된 결과처럼 단정한다.,"base, read",False,buy,30
simulation_20260715_000826_158697_23249,2026-03-05,7,am,A003,1,news_20260305_종목_cd3b73ac,phasefake_20260305_M01_B,"삼성전자 노사협상, 임금안 합의·생산 정상화 확정설","삼성전자 노사 교섭 결렬과 노조의 투쟁 전환 발표 이후, 삼성전자 노사가 임금·성과급 제도 개편안에 최종 합의했고 반도체 생산 정상화 일정까지 확정했다는 내용이 전해졌다. 시장에서는 관련 수주·공급·실적 기대가 개선될 수 있다는 해석이 제기되고 있다. 관련 거래자들은 해당 주장에 따라 향후 수주·공급·실적 추정치를 다시 점검하는 모습이다.",synthetic_misinformation,삼성전자 노사가 임금·성과급 제도 개편안에 최종 합의했고 반도체 생산 정상화 일정까지 확정했다,"삼성전자는 임금 교섭에서 노조와 합의하지 못했고, 노조는 공동투쟁본부 전환과 쟁의권 확보 절차에 돌입한다고 밝혔다.",확인되지 않은 전망 또는 소문을 최종 확인된 결과처럼 단정한다.,"base, read",False,buy,28
simulation_20260715_000826_158697_23249,2026-03-05,7,am,A002,0,news_20260305_종목_cd3b73ac,phasefake_20260305_M01_B,"삼성전자 노사협상, 임금안 합의·생산 정상화 확정설","삼성전자 노사 교섭 결렬과 노조의 투쟁 전환 발표 이후, 삼성전자 노사가 임금·성과급 제도 개편안에 최종 합의했고 반도체 생산 정상화 일정까지 확정했다는 내용이 전해졌다. 시장에서는 관련 수주·공급·실적 기대가 개선될 수 있다는 해석이 제기되고 있다. 관련 거래자들은 해당 주장에 따라 향후 수주·공급·실적 추정치를 다시 점검하는 모습이다.",synthetic_misinformation,삼성전자 노사가 임금·성과급 제도 개편안에 최종 합의했고 반도체 생산 정상화 일정까지 확정했다,"삼성전자는 임금 교섭에서 노조와 합의하지 못했고, 노조는 공동투쟁본부 전환과 쟁의권 확보 절차에 돌입한다고 밝혔다.",확인되지 않은 전망 또는 소문을 최종 확인된 결과처럼 단정한다.,"base, selected",True,buy,50
simulation_20260715_000826_158697_23249,2026-03-05,7,am,A004,1,news_20260305_종목_cd3b73ac,phasefake_20260305_M01_B,"삼성전자 노사협상, 임금안 합의·생산 정상화 확정설","삼성전자 노사 교섭 결렬과 노조의 투쟁 전환 발표 이후, 삼성전자 노사가 임금·성과급 제도 개편안에 최종 합의했고 반도체 생산 정상화 일정까지 확정했다는 내용이 전해졌다. 시장에서는 관련 수주·공급·실적 기대가 개선될 수 있다는 해석이 제기되고 있다. 관련 거래자들은 해당 주장에 따라 향후 수주·공급·실적 추정치를 다시 점검하는 모습이다.",synthetic_misinformation,삼성전자 노사가 임금·성과급 제도 개편안에 최종 합의했고 반도체 생산 정상화 일정까지 확정했다,"삼성전자는 임금 교섭에서 노조와 합의하지 못했고, 노조는 공동투쟁본부 전환과 쟁의권 확보 절차에 돌입한다고 밝혔다.",확인되지 않은 전망 또는 소문을 최종 확인된 결과처럼 단정한다.,"base, read",False,buy,74
simulation_20260715_000826_158697_23249,2026-03-05,7,am,A005,1,news_20260305_종목_cd3b73ac,phasefake_20260305_M01_B,"삼성전자 노사협상, 임금안 합의·생산 정상화 확정설","삼성전자 노사 교섭 결렬과 노조의 투쟁 전환 발표 이후, 삼성전자 노사가 임금·성과급 제도 개편안에 최종 합의했고 반도체 생산 정상화 일정까지 확정했다는 내용이 전해졌다. 시장에서는 관련 수주·공급·실적 기대가 개선될 수 있다는 해석이 제기되고 있다. 관련 거래자들은 해당 주장에 따라 향후 수주·공급·실적 추정치를 다시 점검하는 모습이다.",synthetic_misinformation,삼성전자 노사가 임금·성과급 제도 개편안에 최종 합의했고 반도체 생산 정상화 일정까지 확정했다,"삼성전자는 임금 교섭에서 노조와 합의하지 못했고, 노조는 공동투쟁본부 전환과 쟁의권 확보 절차에 돌입한다고 밝혔다.",확인되지 않은 전망 또는 소문을 최종 확인된 결과처럼 단정한다.,"base, read",False,buy,16
simulation_20260715_000826_158697_23249,2026-03-05,7,am,A006,1,news_20260305_종목_cd3b73ac,phasefake_20260305_M01_B,"삼성전자 노사협상, 임금안 합의·생산 정상화 확정설","삼성전자 노사 교섭 결렬과 노조의 투쟁 전환 발표 이후, 삼성전자 노사가 임금·성과급 제도 개편안에 최종 합의했고 반도체 생산 정상화 일정까지 확정했다는 내용이 전해졌다. 시장에서는 관련 수주·공급·실적 기대가 개선될 수 있다는 해석이 제기되고 있다. 관련 거래자들은 해당 주장에 따라 향후 수주·공급·실적 추정치를 다시 점검하는 모습이다.",synthetic_misinformation,삼성전자 노사가 임금·성과급 제도 개편안에 최종 합의했고 반도체 생산 정상화 일정까지 확정했다,"삼성전자는 임금 교섭에서 노조와 합의하지 못했고, 노조는 공동투쟁본부 전환과 쟁의권 확보 절차에 돌입한다고 밝혔다.",확인되지 않은 전망 또는 소문을 최종 확인된 결과처럼 단정한다.,"base, read, selected",True,buy,80
simulation_20260715_000826_158697_23249,2026-03-05,7,am,A008,1,news_20260305_종목_cd3b73ac,phasefake_20260305_M01_B,"삼성전자 노사협상, 임금안 합의·생산 정상화 확정설","삼성전자 노사 교섭 결렬과 노조의 투쟁 전환 발표 이후, 삼성전자 노사가 임금·성과급 제도 개편안에 최종 합의했고 반도체 생산 정상화 일정까지 확정했다는 내용이 전해졌다. 시장에서는 관련 수주·공급·실적 기대가 개선될 수 있다는 해석이 제기되고 있다. 관련 거래자들은 해당 주장에 따라 향후 수주·공급·실적 추정치를 다시 점검하는 모습이다.",synthetic_misinformation,삼성전자 노사가 임금·성과급 제도 개편안에 최종 합의했고 반도체 생산 정상화 일정까지 확정했다,"삼성전자는 임금 교섭에서 노조와 합의하지 못했고, 노조는 공동투쟁본부 전환과 쟁의권 확보 절차에 돌입한다고 밝혔다.",확인되지 않은 전망 또는 소문을 최종 확인된 결과처럼 단정한다.,"base, read, selected",True,buy,70
simulation_20260715_000826_158697_23249,2026-03-05,7,am,A007,2,news_20260305_종목_cd3b73ac,phasefake_20260305_M01_B,"삼성전자 노사협상, 임금안 합의·생산 정상화 확정설","삼성전자 노사 교섭 결렬과 노조의 투쟁 전환 발표 이후, 삼성전자 노사가 임금·성과급 제도 개편안에 최종 합의했고 반도체 생산 정상화 일정까지 확정했다는 내용이 전해졌다. 시장에서는 관련 수주·공급·실적 기대가 개선될 수 있다는 해석이 제기되고 있다. 관련 거래자들은 해당 주장에 따라 향후 수주·공급·실적 추정치를 다시 점검하는 모습이다.",synthetic_misinformation,삼성전자 노사가 임금·성과급 제도 개편안에 최종 합의했고 반도체 생산 정상화 일정까지 확정했다,"삼성전자는 임금 교섭에서 노조와 합의하지 못했고, 노조는 공동투쟁본부 전환과 쟁의권 확보 절차에 돌입한다고 밝혔다.",확인되지 않은 전망 또는 소문을 최종 확인된 결과처럼 단정한다.,"base, read, search, selected",True,buy,50
simulation_20260715_000826_158697_23249,2026-03-05,7,am,A009,0,news_20260305_종목_cd3b73ac,phasefake_20260305_M01_B,"삼성전자 노사협상, 임금안 합의·생산 정상화 확정설","삼성전자 노사 교섭 결렬과 노조의 투쟁 전환 발표 이후, 삼성전자 노사가 임금·성과급 제도 개편안에 최종 합의했고 반도체 생산 정상화 일정까지 확정했다는 내용이 전해졌다. 시장에서는 관련 수주·공급·실적 기대가 개선될 수 있다는 해석이 제기되고 있다. 관련 거래자들은 해당 주장에 따라 향후 수주·공급·실적 추정치를 다시 점검하는 모습이다.",synthetic_misinformation,삼성전자 노사가 임금·성과급 제도 개편안에 최종 합의했고 반도체 생산 정상화 일정까지 확정했다,"삼성전자는 임금 교섭에서 노조와 합의하지 못했고, 노조는 공동투쟁본부 전환과 쟁의권 확보 절차에 돌입한다고 밝혔다.",확인되지 않은 전망 또는 소문을 최종 확인된 결과처럼 단정한다.,"base, selected",True,buy,150
simulation_20260715_000826_158697_23249,2026-03-05,7,am,A011,1,news_20260305_종목_cd3b73ac,phasefake_20260305_M01_B,"삼성전자 노사협상, 임금안 합의·생산 정상화 확정설","삼성전자 노사 교섭 결렬과 노조의 투쟁 전환 발표 이후, 삼성전자 노사가 임금·성과급 제도 개편안에 최종 합의했고 반도체 생산 정상화 일정까지 확정했다는 내용이 전해졌다. 시장에서는 관련 수주·공급·실적 기대가 개선될 수 있다는 해석이 제기되고 있다. 관련 거래자들은 해당 주장에 따라 향후 수주·공급·실적 추정치를 다시 점검하는 모습이다.",synthetic_misinformation,삼성전자 노사가 임금·성과급 제도 개편안에 최종 합의했고 반도체 생산 정상화 일정까지 확정했다,"삼성전자는 임금 교섭에서 노조와 합의하지 못했고, 노조는 공동투쟁본부 전환과 쟁의권 확보 절차에 돌입한다고 밝혔다.",확인되지 않은 전망 또는 소문을 최종 확인된 결과처럼 단정한다.,"base, read",False,buy,8
simulation_20260715_000826_158697_23249,2026-03-05,7,am,A010,1,news_20260305_종목_cd3b73ac,phasefake_20260305_M01_B,"삼성전자 노사협상, 임금안 합의·생산 정상화 확정설","삼성전자 노사 교섭 결렬과 노조의 투쟁 전환 발표 이후, 삼성전자 노사가 임금·성과급 제도 개편안에 최종 합의했고 반도체 생산 정상화 일정까지 확정했다는 내용이 전해졌다. 시장에서는 관련 수주·공급·실적 기대가 개선될 수 있다는 해석이 제기되고 있다. 관련 거래자들은 해당 주장에 따라 향후 수주·공급·실적 추정치를 다시 점검하는 모습이다.",synthetic_misinformation,삼성전자 노사가 임금·성과급 제도 개편안에 최종 합의했고 반도체 생산 정상화 일정까지 확정했다,"삼성전자는 임금 교섭에서 노조와 합의하지 못했고, 노조는 공동투쟁본부 전환과 쟁의권 확보 절차에 돌입한다고 밝혔다.",확인되지 않은 전망 또는 소문을 최종 확인된 결과처럼 단정한다.,"base, read, selected",True,buy,14
simulation_20260715_000826_158697_23249,2026-03-05,7,am,A012,1,news_20260305_종목_cd3b73ac,phasefake_20260305_M01_B,"삼성전자 노사협상, 임금안 합의·생산 정상화 확정설","삼성전자 노사 교섭 결렬과 노조의 투쟁 전환 발표 이후, 삼성전자 노사가 임금·성과급 제도 개편안에 최종 합의했고 반도체 생산 정상화 일정까지 확정했다는 내용이 전해졌다. 시장에서는 관련 수주·공급·실적 기대가 개선될 수 있다는 해석이 제기되고 있다. 관련 거래자들은 해당 주장에 따라 향후 수주·공급·실적 추정치를 다시 점검하는 모습이다.",synthetic_misinformation,삼성전자 노사가 임금·성과급 제도 개편안에 최종 합의했고 반도체 생산 정상화 일정까지 확정했다,"삼성전자는 임금 교섭에서 노조와 합의하지 못했고, 노조는 공동투쟁본부 전환과 쟁의권 확보 절차에 돌입한다고 밝혔다.",확인되지 않은 전망 또는 소문을 최종 확인된 결과처럼 단정한다.,"base, read, selected",True,buy,17
simulation_20260715_000826_158697_23249,2026-03-05,7,am,A014,1,news_20260305_종목_cd3b73ac,phasefake_20260305_M01_B,"삼성전자 노사협상, 임금안 합의·생산 정상화 확정설","삼성전자 노사 교섭 결렬과 노조의 투쟁 전환 발표 이후, 삼성전자 노사가 임금·성과급 제도 개편안에 최종 합의했고 반도체 생산 정상화 일정까지 확정했다는 내용이 전해졌다. 시장에서는 관련 수주·공급·실적 기대가 개선될 수 있다는 해석이 제기되고 있다. 관련 거래자들은 해당 주장에 따라 향후 수주·공급·실적 추정치를 다시 점검하는 모습이다.",synthetic_misinformation,삼성전자 노사가 임금·성과급 제도 개편안에 최종 합의했고 반도체 생산 정상화 일정까지 확정했다,"삼성전자는 임금 교섭에서 노조와 합의하지 못했고, 노조는 공동투쟁본부 전환과 쟁의권 확보 절차에 돌입한다고 밝혔다.",확인되지 않은 전망 또는 소문을 최종 확인된 결과처럼 단정한다.,"base, read, selected",True,sell,50
simulation_20260715_000826_158697_23249,2026-03-05,7,am,A016,0,news_20260305_종목_cd3b73ac,phasefake_20260305_M01_B,"삼성전자 노사협상, 임금안 합의·생산 정상화 확정설","삼성전자 노사 교섭 결렬과 노조의 투쟁 전환 발표 이후, 삼성전자 노사가 임금·성과급 제도 개편안에 최종 합의했고 반도체 생산 정상화 일정까지 확정했다는 내용이 전해졌다. 시장에서는 관련 수주·공급·실적 기대가 개선될 수 있다는 해석이 제기되고 있다. 관련 거래자들은 해당 주장에 따라 향후 수주·공급·실적 추정치를 다시 점검하는 모습이다.",synthetic_misinformation,삼성전자 노사가 임금·성과급 제도 개편안에 최종 합의했고 반도체 생산 정상화 일정까지 확정했다,"삼성전자는 임금 교섭에서 노조와 합의하지 못했고, 노조는 공동투쟁본부 전환과 쟁의권 확보 절차에 돌입한다고 밝혔다.",확인되지 않은 전망 또는 소문을 최종 확인된 결과처럼 단정한다.,"base, selected",True,sell,10
simulation_20260715_000826_158697_23249,2026-03-05,7,am,A015,2,news_20260305_종목_cd3b73ac,phasefake_20260305_M01_B,"삼성전자 노사협상, 임금안 합의·생산 정상화 확정설","삼성전자 노사 교섭 결렬과 노조의 투쟁 전환 발표 이후, 삼성전자 노사가 임금·성과급 제도 개편안에 최종 합의했고 반도체 생산 정상화 일정까지 확정했다는 내용이 전해졌다. 시장에서는 관련 수주·공급·실적 기대가 개선될 수 있다는 해석이 제기되고 있다. 관련 거래자들은 해당 주장에 따라 향후 수주·공급·실적 추정치를 다시 점검하는 모습이다.",synthetic_misinformation,삼성전자 노사가 임금·성과급 제도 개편안에 최종 합의했고 반도체 생산 정상화 일정까지 확정했다,"삼성전자는 임금 교섭에서 노조와 합의하지 못했고, 노조는 공동투쟁본부 전환과 쟁의권 확보 절차에 돌입한다고 밝혔다.",확인되지 않은 전망 또는 소문을 최종 확인된 결과처럼 단정한다.,"base, read, search, selected",True,sell,50
simulation_20260715_000826_158697_23249,2026-03-05,7,am,A013,1,news_20260305_종목_cd3b73ac,phasefake_20260305_M01_B,"삼성전자 노사협상, 임금안 합의·생산 정상화 확정설","삼성전자 노사 교섭 결렬과 노조의 투쟁 전환 발표 이후, 삼성전자 노사가 임금·성과급 제도 개편안에 최종 합의했고 반도체 생산 정상화 일정까지 확정했다는 내용이 전해졌다. 시장에서는 관련 수주·공급·실적 기대가 개선될 수 있다는 해석이 제기되고 있다. 관련 거래자들은 해당 주장에 따라 향후 수주·공급·실적 추정치를 다시 점검하는 모습이다.",synthetic_misinformation,삼성전자 노사가 임금·성과급 제도 개편안에 최종 합의했고 반도체 생산 정상화 일정까지 확정했다,"삼성전자는 임금 교섭에서 노조와 합의하지 못했고, 노조는 공동투쟁본부 전환과 쟁의권 확보 절차에 돌입한다고 밝혔다.",확인되지 않은 전망 또는 소문을 최종 확인된 결과처럼 단정한다.,"base, read, selected",True,buy,13
simulation_20260715_000826_158697_23249,2026-03-05,7,am,A017,2,news_20260305_종목_cd3b73ac,phasefake_20260305_M01_B,"삼성전자 노사협상, 임금안 합의·생산 정상화 확정설","삼성전자 노사 교섭 결렬과 노조의 투쟁 전환 발표 이후, 삼성전자 노사가 임금·성과급 제도 개편안에 최종 합의했고 반도체 생산 정상화 일정까지 확정했다는 내용이 전해졌다. 시장에서는 관련 수주·공급·실적 기대가 개선될 수 있다는 해석이 제기되고 있다. 관련 거래자들은 해당 주장에 따라 향후 수주·공급·실적 추정치를 다시 점검하는 모습이다.",synthetic_misinformation,삼성전자 노사가 임금·성과급 제도 개편안에 최종 합의했고 반도체 생산 정상화 일정까지 확정했다,"삼성전자는 임금 교섭에서 노조와 합의하지 못했고, 노조는 공동투쟁본부 전환과 쟁의권 확보 절차에 돌입한다고 밝혔다.",확인되지 않은 전망 또는 소문을 최종 확인된 결과처럼 단정한다.,"base, read, search, selected",True,buy,66
simulation_20260715_000826_158697_23249,2026-03-05,7,am,A018,0,news_20260305_종목_cd3b73ac,phasefake_20260305_M01_B,"삼성전자 노사협상, 임금안 합의·생산 정상화 확정설","삼성전자 노사 교섭 결렬과 노조의 투쟁 전환 발표 이후, 삼성전자 노사가 임금·성과급 제도 개편안에 최종 합의했고 반도체 생산 정상화 일정까지 확정했다는 내용이 전해졌다. 시장에서는 관련 수주·공급·실적 기대가 개선될 수 있다는 해석이 제기되고 있다. 관련 거래자들은 해당 주장에 따라 향후 수주·공급·실적 추정치를 다시 점검하는 모습이다.",synthetic_misinformation,삼성전자 노사가 임금·성과급 제도 개편안에 최종 합의했고 반도체 생산 정상화 일정까지 확정했다,"삼성전자는 임금 교섭에서 노조와 합의하지 못했고, 노조는 공동투쟁본부 전환과 쟁의권 확보 절차에 돌입한다고 밝혔다.",확인되지 않은 전망 또는 소문을 최종 확인된 결과처럼 단정한다.,"base, selected",True,buy,18
simulation_20260715_000826_158697_23249,2026-03-05,7,am,A019,1,news_20260305_종목_cd3b73ac,phasefake_20260305_M01_B,"삼성전자 노사협상, 임금안 합의·생산 정상화 확정설","삼성전자 노사 교섭 결렬과 노조의 투쟁 전환 발표 이후, 삼성전자 노사가 임금·성과급 제도 개편안에 최종 합의했고 반도체 생산 정상화 일정까지 확정했다는 내용이 전해졌다. 시장에서는 관련 수주·공급·실적 기대가 개선될 수 있다는 해석이 제기되고 있다. 관련 거래자들은 해당 주장에 따라 향후 수주·공급·실적 추정치를 다시 점검하는 모습이다.",synthetic_misinformation,삼성전자 노사가 임금·성과급 제도 개편안에 최종 합의했고 반도체 생산 정상화 일정까지 확정했다,"삼성전자는 임금 교섭에서 노조와 합의하지 못했고, 노조는 공동투쟁본부 전환과 쟁의권 확보 절차에 돌입한다고 밝혔다.",확인되지 않은 전망 또는 소문을 최종 확인된 결과처럼 단정한다.,"base, read, selected",True,buy,30
simulation_20260715_000826_158697_23249,2026-03-05,7,am,A020,2,news_20260305_종목_cd3b73ac,phasefake_20260305_M01_B,"삼성전자 노사협상, 임금안 합의·생산 정상화 확정설","삼성전자 노사 교섭 결렬과 노조의 투쟁 전환 발표 이후, 삼성전자 노사가 임금·성과급 제도 개편안에 최종 합의했고 반도체 생산 정상화 일정까지 확정했다는 내용이 전해졌다. 시장에서는 관련 수주·공급·실적 기대가 개선될 수 있다는 해석이 제기되고 있다. 관련 거래자들은 해당 주장에 따라 향후 수주·공급·실적 추정치를 다시 점검하는 모습이다.",synthetic_misinformation,삼성전자 노사가 임금·성과급 제도 개편안에 최종 합의했고 반도체 생산 정상화 일정까지 확정했다,"삼성전자는 임금 교섭에서 노조와 합의하지 못했고, 노조는 공동투쟁본부 전환과 쟁의권 확보 절차에 돌입한다고 밝혔다.",확인되지 않은 전망 또는 소문을 최종 확인된 결과처럼 단정한다.,"base, read, search, selected",True,buy,20
simulation_20260715_000826_158697_23249,2026-03-05,7,am,A021,0,news_20260305_종목_cd3b73ac,phasefake_20260305_M01_B,"삼성전자 노사협상, 임금안 합의·생산 정상화 확정설","삼성전자 노사 교섭 결렬과 노조의 투쟁 전환 발표 이후, 삼성전자 노사가 임금·성과급 제도 개편안에 최종 합의했고 반도체 생산 정상화 일정까지 확정했다는 내용이 전해졌다. 시장에서는 관련 수주·공급·실적 기대가 개선될 수 있다는 해석이 제기되고 있다. 관련 거래자들은 해당 주장에 따라 향후 수주·공급·실적 추정치를 다시 점검하는 모습이다.",synthetic_misinformation,삼성전자 노사가 임금·성과급 제도 개편안에 최종 합의했고 반도체 생산 정상화 일정까지 확정했다,"삼성전자는 임금 교섭에서 노조와 합의하지 못했고, 노조는 공동투쟁본부 전환과 쟁의권 확보 절차에 돌입한다고 밝혔다.",확인되지 않은 전망 또는 소문을 최종 확인된 결과처럼 단정한다.,"base, selected",True,buy,100
simulation_20260715_000826_158697_23249,2026-03-05,7,am,A022,1,news_20260305_종목_cd3b73ac,phasefake_20260305_M01_B,"삼성전자 노사협상, 임금안 합의·생산 정상화 확정설","삼성전자 노사 교섭 결렬과 노조의 투쟁 전환 발표 이후, 삼성전자 노사가 임금·성과급 제도 개편안에 최종 합의했고 반도체 생산 정상화 일정까지 확정했다는 내용이 전해졌다. 시장에서는 관련 수주·공급·실적 기대가 개선될 수 있다는 해석이 제기되고 있다. 관련 거래자들은 해당 주장에 따라 향후 수주·공급·실적 추정치를 다시 점검하는 모습이다.",synthetic_misinformation,삼성전자 노사가 임금·성과급 제도 개편안에 최종 합의했고 반도체 생산 정상화 일정까지 확정했다,"삼성전자는 임금 교섭에서 노조와 합의하지 못했고, 노조는 공동투쟁본부 전환과 쟁의권 확보 절차에 돌입한다고 밝혔다.",확인되지 않은 전망 또는 소문을 최종 확인된 결과처럼 단정한다.,"base, read",False,buy,10
simulation_20260715_000826_158697_23249,2026-03-05,7,am,A023,0,news_20260305_종목_cd3b73ac,phasefake_20260305_M01_B,"삼성전자 노사협상, 임금안 합의·생산 정상화 확정설","삼성전자 노사 교섭 결렬과 노조의 투쟁 전환 발표 이후, 삼성전자 노사가 임금·성과급 제도 개편안에 최종 합의했고 반도체 생산 정상화 일정까지 확정했다는 내용이 전해졌다. 시장에서는 관련 수주·공급·실적 기대가 개선될 수 있다는 해석이 제기되고 있다. 관련 거래자들은 해당 주장에 따라 향후 수주·공급·실적 추정치를 다시 점검하는 모습이다.",synthetic_misinformation,삼성전자 노사가 임금·성과급 제도 개편안에 최종 합의했고 반도체 생산 정상화 일정까지 확정했다,"삼성전자는 임금 교섭에서 노조와 합의하지 못했고, 노조는 공동투쟁본부 전환과 쟁의권 확보 절차에 돌입한다고 밝혔다.",확인되지 않은 전망 또는 소문을 최종 확인된 결과처럼 단정한다.,base,False,buy,10
simulation_20260715_000826_158697_23249,2026-03-05,7,am,A024,0,news_20260305_종목_cd3b73ac,phasefake_20260305_M01_B,"삼성전자 노사협상, 임금안 합의·생산 정상화 확정설","삼성전자 노사 교섭 결렬과 노조의 투쟁 전환 발표 이후, 삼성전자 노사가 임금·성과급 제도 개편안에 최종 합의했고 반도체 생산 정상화 일정까지 확정했다는 내용이 전해졌다. 시장에서는 관련 수주·공급·실적 기대가 개선될 수 있다는 해석이 제기되고 있다. 관련 거래자들은 해당 주장에 따라 향후 수주·공급·실적 추정치를 다시 점검하는 모습이다.",synthetic_misinformation,삼성전자 노사가 임금·성과급 제도 개편안에 최종 합의했고 반도체 생산 정상화 일정까지 확정했다,"삼성전자는 임금 교섭에서 노조와 합의하지 못했고, 노조는 공동투쟁본부 전환과 쟁의권 확보 절차에 돌입한다고 밝혔다.",확인되지 않은 전망 또는 소문을 최종 확인된 결과처럼 단정한다.,base,False,buy,210
simulation_20260715_000826_158697_23249,2026-03-05,7,am,A026,1,news_20260305_종목_cd3b73ac,phasefake_20260305_M01_B,"삼성전자 노사협상, 임금안 합의·생산 정상화 확정설","삼성전자 노사 교섭 결렬과 노조의 투쟁 전환 발표 이후, 삼성전자 노사가 임금·성과급 제도 개편안에 최종 합의했고 반도체 생산 정상화 일정까지 확정했다는 내용이 전해졌다. 시장에서는 관련 수주·공급·실적 기대가 개선될 수 있다는 해석이 제기되고 있다. 관련 거래자들은 해당 주장에 따라 향후 수주·공급·실적 추정치를 다시 점검하는 모습이다.",synthetic_misinformation,삼성전자 노사가 임금·성과급 제도 개편안에 최종 합의했고 반도체 생산 정상화 일정까지 확정했다,"삼성전자는 임금 교섭에서 노조와 합의하지 못했고, 노조는 공동투쟁본부 전환과 쟁의권 확보 절차에 돌입한다고 밝혔다.",확인되지 않은 전망 또는 소문을 최종 확인된 결과처럼 단정한다.,"base, read",False,buy,4
simulation_20260715_000826_158697_23249,2026-03-05,7,am,A027,1,news_20260305_종목_cd3b73ac,phasefake_20260305_M01_B,"삼성전자 노사협상, 임금안 합의·생산 정상화 확정설","삼성전자 노사 교섭 결렬과 노조의 투쟁 전환 발표 이후, 삼성전자 노사가 임금·성과급 제도 개편안에 최종 합의했고 반도체 생산 정상화 일정까지 확정했다는 내용이 전해졌다. 시장에서는 관련 수주·공급·실적 기대가 개선될 수 있다는 해석이 제기되고 있다. 관련 거래자들은 해당 주장에 따라 향후 수주·공급·실적 추정치를 다시 점검하는 모습이다.",synthetic_misinformation,삼성전자 노사가 임금·성과급 제도 개편안에 최종 합의했고 반도체 생산 정상화 일정까지 확정했다,"삼성전자는 임금 교섭에서 노조와 합의하지 못했고, 노조는 공동투쟁본부 전환과 쟁의권 확보 절차에 돌입한다고 밝혔다.",확인되지 않은 전망 또는 소문을 최종 확인된 결과처럼 단정한다.,"base, read",False,buy,216
simulation_20260715_000826_158697_23249,2026-03-05,7,am,A029,0,news_20260305_종목_cd3b73ac,phasefake_20260305_M01_B,"삼성전자 노사협상, 임금안 합의·생산 정상화 확정설","삼성전자 노사 교섭 결렬과 노조의 투쟁 전환 발표 이후, 삼성전자 노사가 임금·성과급 제도 개편안에 최종 합의했고 반도체 생산 정상화 일정까지 확정했다는 내용이 전해졌다. 시장에서는 관련 수주·공급·실적 기대가 개선될 수 있다는 해석이 제기되고 있다. 관련 거래자들은 해당 주장에 따라 향후 수주·공급·실적 추정치를 다시 점검하는 모습이다.",synthetic_misinformation,삼성전자 노사가 임금·성과급 제도 개편안에 최종 합의했고 반도체 생산 정상화 일정까지 확정했다,"삼성전자는 임금 교섭에서 노조와 합의하지 못했고, 노조는 공동투쟁본부 전환과 쟁의권 확보 절차에 돌입한다고 밝혔다.",확인되지 않은 전망 또는 소문을 최종 확인된 결과처럼 단정한다.,"base, selected",True,buy,12
simulation_20260715_000826_158697_23249,2026-03-05,7,am,A025,1,news_20260305_종목_cd3b73ac,phasefake_20260305_M01_B,"삼성전자 노사협상, 임금안 합의·생산 정상화 확정설","삼성전자 노사 교섭 결렬과 노조의 투쟁 전환 발표 이후, 삼성전자 노사가 임금·성과급 제도 개편안에 최종 합의했고 반도체 생산 정상화 일정까지 확정했다는 내용이 전해졌다. 시장에서는 관련 수주·공급·실적 기대가 개선될 수 있다는 해석이 제기되고 있다. 관련 거래자들은 해당 주장에 따라 향후 수주·공급·실적 추정치를 다시 점검하는 모습이다.",synthetic_misinformation,삼성전자 노사가 임금·성과급 제도 개편안에 최종 합의했고 반도체 생산 정상화 일정까지 확정했다,"삼성전자는 임금 교섭에서 노조와 합의하지 못했고, 노조는 공동투쟁본부 전환과 쟁의권 확보 절차에 돌입한다고 밝혔다.",확인되지 않은 전망 또는 소문을 최종 확인된 결과처럼 단정한다.,"base, read",False,buy,200
simulation_20260715_000826_158697_23249,2026-03-05,7,am,A028,0,news_20260305_종목_cd3b73ac,phasefake_20260305_M01_B,"삼성전자 노사협상, 임금안 합의·생산 정상화 확정설","삼성전자 노사 교섭 결렬과 노조의 투쟁 전환 발표 이후, 삼성전자 노사가 임금·성과급 제도 개편안에 최종 합의했고 반도체 생산 정상화 일정까지 확정했다는 내용이 전해졌다. 시장에서는 관련 수주·공급·실적 기대가 개선될 수 있다는 해석이 제기되고 있다. 관련 거래자들은 해당 주장에 따라 향후 수주·공급·실적 추정치를 다시 점검하는 모습이다.",synthetic_misinformation,삼성전자 노사가 임금·성과급 제도 개편안에 최종 합의했고 반도체 생산 정상화 일정까지 확정했다,"삼성전자는 임금 교섭에서 노조와 합의하지 못했고, 노조는 공동투쟁본부 전환과 쟁의권 확보 절차에 돌입한다고 밝혔다.",확인되지 않은 전망 또는 소문을 최종 확인된 결과처럼 단정한다.,"base, selected",True,buy,4
simulation_20260715_000826_158697_23249,2026-03-05,7,am,A030,0,news_20260305_종목_cd3b73ac,phasefake_20260305_M01_B,"삼성전자 노사협상, 임금안 합의·생산 정상화 확정설","삼성전자 노사 교섭 결렬과 노조의 투쟁 전환 발표 이후, 삼성전자 노사가 임금·성과급 제도 개편안에 최종 합의했고 반도체 생산 정상화 일정까지 확정했다는 내용이 전해졌다. 시장에서는 관련 수주·공급·실적 기대가 개선될 수 있다는 해석이 제기되고 있다. 관련 거래자들은 해당 주장에 따라 향후 수주·공급·실적 추정치를 다시 점검하는 모습이다.",synthetic_misinformation,삼성전자 노사가 임금·성과급 제도 개편안에 최종 합의했고 반도체 생산 정상화 일정까지 확정했다,"삼성전자는 임금 교섭에서 노조와 합의하지 못했고, 노조는 공동투쟁본부 전환과 쟁의권 확보 절차에 돌입한다고 밝혔다.",확인되지 않은 전망 또는 소문을 최종 확인된 결과처럼 단정한다.,"base, selected",True,buy,50
simulation_20260715_000826_158697_23249,2026-03-06,9,am,A002,0,news_20260306_종목_6bc7563b,phasefake_20260306_M01_B,"노사협상 결렬과 쟁의 절차, 삼성전자 노사가 임금·성과급 제도 개편안에 최종 합의했고 반도체 생산 정상화 일정까지 확정했다는 내용이 후속 협의에서도 재확인됐다 재확인 관측…후속 협의 주목","노사협상 결렬과 쟁의 절차 관련 소식 이후, 삼성전자 노사가 임금·성과급 제도 개편안에 최종 합의했고 반도체 생산 정상화 일정까지 확정했다는 내용이 후속 협의에서도 재확인됐다는 소문이 사실처럼 유통되고 있다. 시장에서는 관련 수주·공급·실적 기대가 개선될 수 있다는 해석이 제기되고 있다. 관련 거래자들은 해당 주장에 따라 향후 수주·공급·실적 추정치를 다시 점검하는 모습이다.",synthetic_misinformation,삼성전자 노사가 임금·성과급 제도 개편안에 최종 합의했고 반도체 생산 정상화 일정까지 확정했다는 내용이 후속 협의에서도 재확인됐다,"삼성전자는 임금 교섭에서 노조와 합의하지 못했고, 노조는 공동투쟁본부 전환과 쟁의권 확보 절차에 돌입한다고 밝혔다.",확인되지 않은 전망 또는 소문을 최종 확인된 결과처럼 단정한다.,"base, selected",True,buy,30
simulation_20260715_000826_158697_23249,2026-03-06,9,am,A003,1,news_20260306_종목_6bc7563b,phasefake_20260306_M01_B,"노사협상 결렬과 쟁의 절차, 삼성전자 노사가 임금·성과급 제도 개편안에 최종 합의했고 반도체 생산 정상화 일정까지 확정했다는 내용이 후속 협의에서도 재확인됐다 재확인 관측…후속 협의 주목","노사협상 결렬과 쟁의 절차 관련 소식 이후, 삼성전자 노사가 임금·성과급 제도 개편안에 최종 합의했고 반도체 생산 정상화 일정까지 확정했다는 내용이 후속 협의에서도 재확인됐다는 소문이 사실처럼 유통되고 있다. 시장에서는 관련 수주·공급·실적 기대가 개선될 수 있다는 해석이 제기되고 있다. 관련 거래자들은 해당 주장에 따라 향후 수주·공급·실적 추정치를 다시 점검하는 모습이다.",synthetic_misinformation,삼성전자 노사가 임금·성과급 제도 개편안에 최종 합의했고 반도체 생산 정상화 일정까지 확정했다는 내용이 후속 협의에서도 재확인됐다,"삼성전자는 임금 교섭에서 노조와 합의하지 못했고, 노조는 공동투쟁본부 전환과 쟁의권 확보 절차에 돌입한다고 밝혔다.",확인되지 않은 전망 또는 소문을 최종 확인된 결과처럼 단정한다.,"base, read, selected",True,buy,15
simulation_20260715_000826_158697_23249,2026-03-06,9,am,A001,1,news_20260306_종목_6bc7563b,phasefake_20260306_M01_B,"노사협상 결렬과 쟁의 절차, 삼성전자 노사가 임금·성과급 제도 개편안에 최종 합의했고 반도체 생산 정상화 일정까지 확정했다는 내용이 후속 협의에서도 재확인됐다 재확인 관측…후속 협의 주목","노사협상 결렬과 쟁의 절차 관련 소식 이후, 삼성전자 노사가 임금·성과급 제도 개편안에 최종 합의했고 반도체 생산 정상화 일정까지 확정했다는 내용이 후속 협의에서도 재확인됐다는 소문이 사실처럼 유통되고 있다. 시장에서는 관련 수주·공급·실적 기대가 개선될 수 있다는 해석이 제기되고 있다. 관련 거래자들은 해당 주장에 따라 향후 수주·공급·실적 추정치를 다시 점검하는 모습이다.",synthetic_misinformation,삼성전자 노사가 임금·성과급 제도 개편안에 최종 합의했고 반도체 생산 정상화 일정까지 확정했다는 내용이 후속 협의에서도 재확인됐다,"삼성전자는 임금 교섭에서 노조와 합의하지 못했고, 노조는 공동투쟁본부 전환과 쟁의권 확보 절차에 돌입한다고 밝혔다.",확인되지 않은 전망 또는 소문을 최종 확인된 결과처럼 단정한다.,"base, read",False,sell,20
simulation_20260715_000826_158697_23249,2026-03-06,9,am,A005,1,news_20260306_종목_6bc7563b,phasefake_20260306_M01_B,"노사협상 결렬과 쟁의 절차, 삼성전자 노사가 임금·성과급 제도 개편안에 최종 합의했고 반도체 생산 정상화 일정까지 확정했다는 내용이 후속 협의에서도 재확인됐다 재확인 관측…후속 협의 주목","노사협상 결렬과 쟁의 절차 관련 소식 이후, 삼성전자 노사가 임금·성과급 제도 개편안에 최종 합의했고 반도체 생산 정상화 일정까지 확정했다는 내용이 후속 협의에서도 재확인됐다는 소문이 사실처럼 유통되고 있다. 시장에서는 관련 수주·공급·실적 기대가 개선될 수 있다는 해석이 제기되고 있다. 관련 거래자들은 해당 주장에 따라 향후 수주·공급·실적 추정치를 다시 점검하는 모습이다.",synthetic_misinformation,삼성전자 노사가 임금·성과급 제도 개편안에 최종 합의했고 반도체 생산 정상화 일정까지 확정했다는 내용이 후속 협의에서도 재확인됐다,"삼성전자는 임금 교섭에서 노조와 합의하지 못했고, 노조는 공동투쟁본부 전환과 쟁의권 확보 절차에 돌입한다고 밝혔다.",확인되지 않은 전망 또는 소문을 최종 확인된 결과처럼 단정한다.,"base, read, selected",True,buy,12
simulation_20260715_000826_158697_23249,2026-03-06,9,am,A006,1,news_20260306_종목_6bc7563b,phasefake_20260306_M01_B,"노사협상 결렬과 쟁의 절차, 삼성전자 노사가 임금·성과급 제도 개편안에 최종 합의했고 반도체 생산 정상화 일정까지 확정했다는 내용이 후속 협의에서도 재확인됐다 재확인 관측…후속 협의 주목","노사협상 결렬과 쟁의 절차 관련 소식 이후, 삼성전자 노사가 임금·성과급 제도 개편안에 최종 합의했고 반도체 생산 정상화 일정까지 확정했다는 내용이 후속 협의에서도 재확인됐다는 소문이 사실처럼 유통되고 있다. 시장에서는 관련 수주·공급·실적 기대가 개선될 수 있다는 해석이 제기되고 있다. 관련 거래자들은 해당 주장에 따라 향후 수주·공급·실적 추정치를 다시 점검하는 모습이다.",synthetic_misinformation,삼성전자 노사가 임금·성과급 제도 개편안에 최종 합의했고 반도체 생산 정상화 일정까지 확정했다는 내용이 후속 협의에서도 재확인됐다,"삼성전자는 임금 교섭에서 노조와 합의하지 못했고, 노조는 공동투쟁본부 전환과 쟁의권 확보 절차에 돌입한다고 밝혔다.",확인되지 않은 전망 또는 소문을 최종 확인된 결과처럼 단정한다.,"base, read",False,buy,40
simulation_20260715_000826_158697_23249,2026-03-06,9,am,A004,1,news_20260306_종목_6bc7563b,phasefake_20260306_M01_B,"노사협상 결렬과 쟁의 절차, 삼성전자 노사가 임금·성과급 제도 개편안에 최종 합의했고 반도체 생산 정상화 일정까지 확정했다는 내용이 후속 협의에서도 재확인됐다 재확인 관측…후속 협의 주목","노사협상 결렬과 쟁의 절차 관련 소식 이후, 삼성전자 노사가 임금·성과급 제도 개편안에 최종 합의했고 반도체 생산 정상화 일정까지 확정했다는 내용이 후속 협의에서도 재확인됐다는 소문이 사실처럼 유통되고 있다. 시장에서는 관련 수주·공급·실적 기대가 개선될 수 있다는 해석이 제기되고 있다. 관련 거래자들은 해당 주장에 따라 향후 수주·공급·실적 추정치를 다시 점검하는 모습이다.",synthetic_misinformation,삼성전자 노사가 임금·성과급 제도 개편안에 최종 합의했고 반도체 생산 정상화 일정까지 확정했다는 내용이 후속 협의에서도 재확인됐다,"삼성전자는 임금 교섭에서 노조와 합의하지 못했고, 노조는 공동투쟁본부 전환과 쟁의권 확보 절차에 돌입한다고 밝혔다.",확인되지 않은 전망 또는 소문을 최종 확인된 결과처럼 단정한다.,"base, read, selected",True,buy,24
simulation_20260715_000826_158697_23249,2026-03-06,9,am,A007,2,news_20260306_종목_6bc7563b,phasefake_20260306_M01_B,"노사협상 결렬과 쟁의 절차, 삼성전자 노사가 임금·성과급 제도 개편안에 최종 합의했고 반도체 생산 정상화 일정까지 확정했다는 내용이 후속 협의에서도 재확인됐다 재확인 관측…후속 협의 주목","노사협상 결렬과 쟁의 절차 관련 소식 이후, 삼성전자 노사가 임금·성과급 제도 개편안에 최종 합의했고 반도체 생산 정상화 일정까지 확정했다는 내용이 후속 협의에서도 재확인됐다는 소문이 사실처럼 유통되고 있다. 시장에서는 관련 수주·공급·실적 기대가 개선될 수 있다는 해석이 제기되고 있다. 관련 거래자들은 해당 주장에 따라 향후 수주·공급·실적 추정치를 다시 점검하는 모습이다.",synthetic_misinformation,삼성전자 노사가 임금·성과급 제도 개편안에 최종 합의했고 반도체 생산 정상화 일정까지 확정했다는 내용이 후속 협의에서도 재확인됐다,"삼성전자는 임금 교섭에서 노조와 합의하지 못했고, 노조는 공동투쟁본부 전환과 쟁의권 확보 절차에 돌입한다고 밝혔다.",확인되지 않은 전망 또는 소문을 최종 확인된 결과처럼 단정한다.,"base, read, search, selected",True,buy,10
simulation_20260715_000826_158697_23249,2026-03-06,9,am,A008,1,news_20260306_종목_6bc7563b,phasefake_20260306_M01_B,"노사협상 결렬과 쟁의 절차, 삼성전자 노사가 임금·성과급 제도 개편안에 최종 합의했고 반도체 생산 정상화 일정까지 확정했다는 내용이 후속 협의에서도 재확인됐다 재확인 관측…후속 협의 주목","노사협상 결렬과 쟁의 절차 관련 소식 이후, 삼성전자 노사가 임금·성과급 제도 개편안에 최종 합의했고 반도체 생산 정상화 일정까지 확정했다는 내용이 후속 협의에서도 재확인됐다는 소문이 사실처럼 유통되고 있다. 시장에서는 관련 수주·공급·실적 기대가 개선될 수 있다는 해석이 제기되고 있다. 관련 거래자들은 해당 주장에 따라 향후 수주·공급·실적 추정치를 다시 점검하는 모습이다.",synthetic_misinformation,삼성전자 노사가 임금·성과급 제도 개편안에 최종 합의했고 반도체 생산 정상화 일정까지 확정했다는 내용이 후속 협의에서도 재확인됐다,"삼성전자는 임금 교섭에서 노조와 합의하지 못했고, 노조는 공동투쟁본부 전환과 쟁의권 확보 절차에 돌입한다고 밝혔다.",확인되지 않은 전망 또는 소문을 최종 확인된 결과처럼 단정한다.,"base, read, selected",True,buy,90
simulation_20260715_000826_158697_23249,2026-03-06,9,am,A010,1,news_20260306_종목_6bc7563b,phasefake_20260306_M01_B,"노사협상 결렬과 쟁의 절차, 삼성전자 노사가 임금·성과급 제도 개편안에 최종 합의했고 반도체 생산 정상화 일정까지 확정했다는 내용이 후속 협의에서도 재확인됐다 재확인 관측…후속 협의 주목","노사협상 결렬과 쟁의 절차 관련 소식 이후, 삼성전자 노사가 임금·성과급 제도 개편안에 최종 합의했고 반도체 생산 정상화 일정까지 확정했다는 내용이 후속 협의에서도 재확인됐다는 소문이 사실처럼 유통되고 있다. 시장에서는 관련 수주·공급·실적 기대가 개선될 수 있다는 해석이 제기되고 있다. 관련 거래자들은 해당 주장에 따라 향후 수주·공급·실적 추정치를 다시 점검하는 모습이다.",synthetic_misinformation,삼성전자 노사가 임금·성과급 제도 개편안에 최종 합의했고 반도체 생산 정상화 일정까지 확정했다는 내용이 후속 협의에서도 재확인됐다,"삼성전자는 임금 교섭에서 노조와 합의하지 못했고, 노조는 공동투쟁본부 전환과 쟁의권 확보 절차에 돌입한다고 밝혔다.",확인되지 않은 전망 또는 소문을 최종 확인된 결과처럼 단정한다.,"base, read, selected",True,buy,3
simulation_20260715_000826_158697_23249,2026-03-06,9,am,A009,0,news_20260306_종목_6bc7563b,phasefake_20260306_M01_B,"노사협상 결렬과 쟁의 절차, 삼성전자 노사가 임금·성과급 제도 개편안에 최종 합의했고 반도체 생산 정상화 일정까지 확정했다는 내용이 후속 협의에서도 재확인됐다 재확인 관측…후속 협의 주목","노사협상 결렬과 쟁의 절차 관련 소식 이후, 삼성전자 노사가 임금·성과급 제도 개편안에 최종 합의했고 반도체 생산 정상화 일정까지 확정했다는 내용이 후속 협의에서도 재확인됐다는 소문이 사실처럼 유통되고 있다. 시장에서는 관련 수주·공급·실적 기대가 개선될 수 있다는 해석이 제기되고 있다. 관련 거래자들은 해당 주장에 따라 향후 수주·공급·실적 추정치를 다시 점검하는 모습이다.",synthetic_misinformation,삼성전자 노사가 임금·성과급 제도 개편안에 최종 합의했고 반도체 생산 정상화 일정까지 확정했다는 내용이 후속 협의에서도 재확인됐다,"삼성전자는 임금 교섭에서 노조와 합의하지 못했고, 노조는 공동투쟁본부 전환과 쟁의권 확보 절차에 돌입한다고 밝혔다.",확인되지 않은 전망 또는 소문을 최종 확인된 결과처럼 단정한다.,"base, selected",True,sell,10
simulation_20260715_000826_158697_23249,2026-03-06,9,am,A011,1,news_20260306_종목_6bc7563b,phasefake_20260306_M01_B,"노사협상 결렬과 쟁의 절차, 삼성전자 노사가 임금·성과급 제도 개편안에 최종 합의했고 반도체 생산 정상화 일정까지 확정했다는 내용이 후속 협의에서도 재확인됐다 재확인 관측…후속 협의 주목","노사협상 결렬과 쟁의 절차 관련 소식 이후, 삼성전자 노사가 임금·성과급 제도 개편안에 최종 합의했고 반도체 생산 정상화 일정까지 확정했다는 내용이 후속 협의에서도 재확인됐다는 소문이 사실처럼 유통되고 있다. 시장에서는 관련 수주·공급·실적 기대가 개선될 수 있다는 해석이 제기되고 있다. 관련 거래자들은 해당 주장에 따라 향후 수주·공급·실적 추정치를 다시 점검하는 모습이다.",synthetic_misinformation,삼성전자 노사가 임금·성과급 제도 개편안에 최종 합의했고 반도체 생산 정상화 일정까지 확정했다는 내용이 후속 협의에서도 재확인됐다,"삼성전자는 임금 교섭에서 노조와 합의하지 못했고, 노조는 공동투쟁본부 전환과 쟁의권 확보 절차에 돌입한다고 밝혔다.",확인되지 않은 전망 또는 소문을 최종 확인된 결과처럼 단정한다.,"base, read, selected",True,buy,2
simulation_20260715_000826_158697_23249,2026-03-06,9,am,A012,1,news_20260306_종목_6bc7563b,phasefake_20260306_M01_B,"노사협상 결렬과 쟁의 절차, 삼성전자 노사가 임금·성과급 제도 개편안에 최종 합의했고 반도체 생산 정상화 일정까지 확정했다는 내용이 후속 협의에서도 재확인됐다 재확인 관측…후속 협의 주목","노사협상 결렬과 쟁의 절차 관련 소식 이후, 삼성전자 노사가 임금·성과급 제도 개편안에 최종 합의했고 반도체 생산 정상화 일정까지 확정했다는 내용이 후속 협의에서도 재확인됐다는 소문이 사실처럼 유통되고 있다. 시장에서는 관련 수주·공급·실적 기대가 개선될 수 있다는 해석이 제기되고 있다. 관련 거래자들은 해당 주장에 따라 향후 수주·공급·실적 추정치를 다시 점검하는 모습이다.",synthetic_misinformation,삼성전자 노사가 임금·성과급 제도 개편안에 최종 합의했고 반도체 생산 정상화 일정까지 확정했다는 내용이 후속 협의에서도 재확인됐다,"삼성전자는 임금 교섭에서 노조와 합의하지 못했고, 노조는 공동투쟁본부 전환과 쟁의권 확보 절차에 돌입한다고 밝혔다.",확인되지 않은 전망 또는 소문을 최종 확인된 결과처럼 단정한다.,"base, read, selected",True,buy,7
simulation_20260715_000826_158697_23249,2026-03-06,9,am,A013,1,news_20260306_종목_6bc7563b,phasefake_20260306_M01_B,"노사협상 결렬과 쟁의 절차, 삼성전자 노사가 임금·성과급 제도 개편안에 최종 합의했고 반도체 생산 정상화 일정까지 확정했다는 내용이 후속 협의에서도 재확인됐다 재확인 관측…후속 협의 주목","노사협상 결렬과 쟁의 절차 관련 소식 이후, 삼성전자 노사가 임금·성과급 제도 개편안에 최종 합의했고 반도체 생산 정상화 일정까지 확정했다는 내용이 후속 협의에서도 재확인됐다는 소문이 사실처럼 유통되고 있다. 시장에서는 관련 수주·공급·실적 기대가 개선될 수 있다는 해석이 제기되고 있다. 관련 거래자들은 해당 주장에 따라 향후 수주·공급·실적 추정치를 다시 점검하는 모습이다.",synthetic_misinformation,삼성전자 노사가 임금·성과급 제도 개편안에 최종 합의했고 반도체 생산 정상화 일정까지 확정했다는 내용이 후속 협의에서도 재확인됐다,"삼성전자는 임금 교섭에서 노조와 합의하지 못했고, 노조는 공동투쟁본부 전환과 쟁의권 확보 절차에 돌입한다고 밝혔다.",확인되지 않은 전망 또는 소문을 최종 확인된 결과처럼 단정한다.,"base, read, selected",True,buy,3
simulation_20260715_000826_158697_23249,2026-03-06,9,am,A014,1,news_20260306_종목_6bc7563b,phasefake_20260306_M01_B,"노사협상 결렬과 쟁의 절차, 삼성전자 노사가 임금·성과급 제도 개편안에 최종 합의했고 반도체 생산 정상화 일정까지 확정했다는 내용이 후속 협의에서도 재확인됐다 재확인 관측…후속 협의 주목","노사협상 결렬과 쟁의 절차 관련 소식 이후, 삼성전자 노사가 임금·성과급 제도 개편안에 최종 합의했고 반도체 생산 정상화 일정까지 확정했다는 내용이 후속 협의에서도 재확인됐다는 소문이 사실처럼 유통되고 있다. 시장에서는 관련 수주·공급·실적 기대가 개선될 수 있다는 해석이 제기되고 있다. 관련 거래자들은 해당 주장에 따라 향후 수주·공급·실적 추정치를 다시 점검하는 모습이다.",synthetic_misinformation,삼성전자 노사가 임금·성과급 제도 개편안에 최종 합의했고 반도체 생산 정상화 일정까지 확정했다는 내용이 후속 협의에서도 재확인됐다,"삼성전자는 임금 교섭에서 노조와 합의하지 못했고, 노조는 공동투쟁본부 전환과 쟁의권 확보 절차에 돌입한다고 밝혔다.",확인되지 않은 전망 또는 소문을 최종 확인된 결과처럼 단정한다.,"base, read",False,buy,50
simulation_20260715_000826_158697_23249,2026-03-06,9,am,A016,0,news_20260306_종목_6bc7563b,phasefake_20260306_M01_B,"노사협상 결렬과 쟁의 절차, 삼성전자 노사가 임금·성과급 제도 개편안에 최종 합의했고 반도체 생산 정상화 일정까지 확정했다는 내용이 후속 협의에서도 재확인됐다 재확인 관측…후속 협의 주목","노사협상 결렬과 쟁의 절차 관련 소식 이후, 삼성전자 노사가 임금·성과급 제도 개편안에 최종 합의했고 반도체 생산 정상화 일정까지 확정했다는 내용이 후속 협의에서도 재확인됐다는 소문이 사실처럼 유통되고 있다. 시장에서는 관련 수주·공급·실적 기대가 개선될 수 있다는 해석이 제기되고 있다. 관련 거래자들은 해당 주장에 따라 향후 수주·공급·실적 추정치를 다시 점검하는 모습이다.",synthetic_misinformation,삼성전자 노사가 임금·성과급 제도 개편안에 최종 합의했고 반도체 생산 정상화 일정까지 확정했다는 내용이 후속 협의에서도 재확인됐다,"삼성전자는 임금 교섭에서 노조와 합의하지 못했고, 노조는 공동투쟁본부 전환과 쟁의권 확보 절차에 돌입한다고 밝혔다.",확인되지 않은 전망 또는 소문을 최종 확인된 결과처럼 단정한다.,"base, selected",True,buy,15
simulation_20260715_000826_158697_23249,2026-03-06,9,am,A015,2,news_20260306_종목_6bc7563b,phasefake_20260306_M01_B,"노사협상 결렬과 쟁의 절차, 삼성전자 노사가 임금·성과급 제도 개편안에 최종 합의했고 반도체 생산 정상화 일정까지 확정했다는 내용이 후속 협의에서도 재확인됐다 재확인 관측…후속 협의 주목","노사협상 결렬과 쟁의 절차 관련 소식 이후, 삼성전자 노사가 임금·성과급 제도 개편안에 최종 합의했고 반도체 생산 정상화 일정까지 확정했다는 내용이 후속 협의에서도 재확인됐다는 소문이 사실처럼 유통되고 있다. 시장에서는 관련 수주·공급·실적 기대가 개선될 수 있다는 해석이 제기되고 있다. 관련 거래자들은 해당 주장에 따라 향후 수주·공급·실적 추정치를 다시 점검하는 모습이다.",synthetic_misinformation,삼성전자 노사가 임금·성과급 제도 개편안에 최종 합의했고 반도체 생산 정상화 일정까지 확정했다는 내용이 후속 협의에서도 재확인됐다,"삼성전자는 임금 교섭에서 노조와 합의하지 못했고, 노조는 공동투쟁본부 전환과 쟁의권 확보 절차에 돌입한다고 밝혔다.",확인되지 않은 전망 또는 소문을 최종 확인된 결과처럼 단정한다.,"base, read, selected",True,buy,50
simulation_20260715_000826_158697_23249,2026-03-06,9,am,A017,2,news_20260306_종목_6bc7563b,phasefake_20260306_M01_B,"노사협상 결렬과 쟁의 절차, 삼성전자 노사가 임금·성과급 제도 개편안에 최종 합의했고 반도체 생산 정상화 일정까지 확정했다는 내용이 후속 협의에서도 재확인됐다 재확인 관측…후속 협의 주목","노사협상 결렬과 쟁의 절차 관련 소식 이후, 삼성전자 노사가 임금·성과급 제도 개편안에 최종 합의했고 반도체 생산 정상화 일정까지 확정했다는 내용이 후속 협의에서도 재확인됐다는 소문이 사실처럼 유통되고 있다. 시장에서는 관련 수주·공급·실적 기대가 개선될 수 있다는 해석이 제기되고 있다. 관련 거래자들은 해당 주장에 따라 향후 수주·공급·실적 추정치를 다시 점검하는 모습이다.",synthetic_misinformation,삼성전자 노사가 임금·성과급 제도 개편안에 최종 합의했고 반도체 생산 정상화 일정까지 확정했다는 내용이 후속 협의에서도 재확인됐다,"삼성전자는 임금 교섭에서 노조와 합의하지 못했고, 노조는 공동투쟁본부 전환과 쟁의권 확보 절차에 돌입한다고 밝혔다.",확인되지 않은 전망 또는 소문을 최종 확인된 결과처럼 단정한다.,"base, read, search",False,sell,50
simulation_20260715_000826_158697_23249,2026-03-06,9,am,A018,0,news_20260306_종목_6bc7563b,phasefake_20260306_M01_B,"노사협상 결렬과 쟁의 절차, 삼성전자 노사가 임금·성과급 제도 개편안에 최종 합의했고 반도체 생산 정상화 일정까지 확정했다는 내용이 후속 협의에서도 재확인됐다 재확인 관측…후속 협의 주목","노사협상 결렬과 쟁의 절차 관련 소식 이후, 삼성전자 노사가 임금·성과급 제도 개편안에 최종 합의했고 반도체 생산 정상화 일정까지 확정했다는 내용이 후속 협의에서도 재확인됐다는 소문이 사실처럼 유통되고 있다. 시장에서는 관련 수주·공급·실적 기대가 개선될 수 있다는 해석이 제기되고 있다. 관련 거래자들은 해당 주장에 따라 향후 수주·공급·실적 추정치를 다시 점검하는 모습이다.",synthetic_misinformation,삼성전자 노사가 임금·성과급 제도 개편안에 최종 합의했고 반도체 생산 정상화 일정까지 확정했다는 내용이 후속 협의에서도 재확인됐다,"삼성전자는 임금 교섭에서 노조와 합의하지 못했고, 노조는 공동투쟁본부 전환과 쟁의권 확보 절차에 돌입한다고 밝혔다.",확인되지 않은 전망 또는 소문을 최종 확인된 결과처럼 단정한다.,"base, selected",True,buy,4
simulation_20260715_000826_158697_23249,2026-03-06,9,am,A019,1,news_20260306_종목_6bc7563b,phasefake_20260306_M01_B,"노사협상 결렬과 쟁의 절차, 삼성전자 노사가 임금·성과급 제도 개편안에 최종 합의했고 반도체 생산 정상화 일정까지 확정했다는 내용이 후속 협의에서도 재확인됐다 재확인 관측…후속 협의 주목","노사협상 결렬과 쟁의 절차 관련 소식 이후, 삼성전자 노사가 임금·성과급 제도 개편안에 최종 합의했고 반도체 생산 정상화 일정까지 확정했다는 내용이 후속 협의에서도 재확인됐다는 소문이 사실처럼 유통되고 있다. 시장에서는 관련 수주·공급·실적 기대가 개선될 수 있다는 해석이 제기되고 있다. 관련 거래자들은 해당 주장에 따라 향후 수주·공급·실적 추정치를 다시 점검하는 모습이다.",synthetic_misinformation,삼성전자 노사가 임금·성과급 제도 개편안에 최종 합의했고 반도체 생산 정상화 일정까지 확정했다는 내용이 후속 협의에서도 재확인됐다,"삼성전자는 임금 교섭에서 노조와 합의하지 못했고, 노조는 공동투쟁본부 전환과 쟁의권 확보 절차에 돌입한다고 밝혔다.",확인되지 않은 전망 또는 소문을 최종 확인된 결과처럼 단정한다.,"base, read, selected",True,buy,15
simulation_20260715_000826_158697_23249,2026-03-06,9,am,A022,1,news_20260306_종목_6bc7563b,phasefake_20260306_M01_B,"노사협상 결렬과 쟁의 절차, 삼성전자 노사가 임금·성과급 제도 개편안에 최종 합의했고 반도체 생산 정상화 일정까지 확정했다는 내용이 후속 협의에서도 재확인됐다 재확인 관측…후속 협의 주목","노사협상 결렬과 쟁의 절차 관련 소식 이후, 삼성전자 노사가 임금·성과급 제도 개편안에 최종 합의했고 반도체 생산 정상화 일정까지 확정했다는 내용이 후속 협의에서도 재확인됐다는 소문이 사실처럼 유통되고 있다. 시장에서는 관련 수주·공급·실적 기대가 개선될 수 있다는 해석이 제기되고 있다. 관련 거래자들은 해당 주장에 따라 향후 수주·공급·실적 추정치를 다시 점검하는 모습이다.",synthetic_misinformation,삼성전자 노사가 임금·성과급 제도 개편안에 최종 합의했고 반도체 생산 정상화 일정까지 확정했다는 내용이 후속 협의에서도 재확인됐다,"삼성전자는 임금 교섭에서 노조와 합의하지 못했고, 노조는 공동투쟁본부 전환과 쟁의권 확보 절차에 돌입한다고 밝혔다.",확인되지 않은 전망 또는 소문을 최종 확인된 결과처럼 단정한다.,"base, read, selected",True,buy,15
simulation_20260715_000826_158697_23249,2026-03-06,9,am,A021,0,news_20260306_종목_6bc7563b,phasefake_20260306_M01_B,"노사협상 결렬과 쟁의 절차, 삼성전자 노사가 임금·성과급 제도 개편안에 최종 합의했고 반도체 생산 정상화 일정까지 확정했다는 내용이 후속 협의에서도 재확인됐다 재확인 관측…후속 협의 주목","노사협상 결렬과 쟁의 절차 관련 소식 이후, 삼성전자 노사가 임금·성과급 제도 개편안에 최종 합의했고 반도체 생산 정상화 일정까지 확정했다는 내용이 후속 협의에서도 재확인됐다는 소문이 사실처럼 유통되고 있다. 시장에서는 관련 수주·공급·실적 기대가 개선될 수 있다는 해석이 제기되고 있다. 관련 거래자들은 해당 주장에 따라 향후 수주·공급·실적 추정치를 다시 점검하는 모습이다.",synthetic_misinformation,삼성전자 노사가 임금·성과급 제도 개편안에 최종 합의했고 반도체 생산 정상화 일정까지 확정했다는 내용이 후속 협의에서도 재확인됐다,"삼성전자는 임금 교섭에서 노조와 합의하지 못했고, 노조는 공동투쟁본부 전환과 쟁의권 확보 절차에 돌입한다고 밝혔다.",확인되지 않은 전망 또는 소문을 최종 확인된 결과처럼 단정한다.,base,False,buy,100
simulation_20260715_000826_158697_23249,2026-03-06,9,am,A020,2,news_20260306_종목_6bc7563b,phasefake_20260306_M01_B,"노사협상 결렬과 쟁의 절차, 삼성전자 노사가 임금·성과급 제도 개편안에 최종 합의했고 반도체 생산 정상화 일정까지 확정했다는 내용이 후속 협의에서도 재확인됐다 재확인 관측…후속 협의 주목","노사협상 결렬과 쟁의 절차 관련 소식 이후, 삼성전자 노사가 임금·성과급 제도 개편안에 최종 합의했고 반도체 생산 정상화 일정까지 확정했다는 내용이 후속 협의에서도 재확인됐다는 소문이 사실처럼 유통되고 있다. 시장에서는 관련 수주·공급·실적 기대가 개선될 수 있다는 해석이 제기되고 있다. 관련 거래자들은 해당 주장에 따라 향후 수주·공급·실적 추정치를 다시 점검하는 모습이다.",synthetic_misinformation,삼성전자 노사가 임금·성과급 제도 개편안에 최종 합의했고 반도체 생산 정상화 일정까지 확정했다는 내용이 후속 협의에서도 재확인됐다,"삼성전자는 임금 교섭에서 노조와 합의하지 못했고, 노조는 공동투쟁본부 전환과 쟁의권 확보 절차에 돌입한다고 밝혔다.",확인되지 않은 전망 또는 소문을 최종 확인된 결과처럼 단정한다.,"base, read, search, selected",True,buy,15
simulation_20260715_000826_158697_23249,2026-03-06,9,am,A023,0,news_20260306_종목_6bc7563b,phasefake_20260306_M01_B,"노사협상 결렬과 쟁의 절차, 삼성전자 노사가 임금·성과급 제도 개편안에 최종 합의했고 반도체 생산 정상화 일정까지 확정했다는 내용이 후속 협의에서도 재확인됐다 재확인 관측…후속 협의 주목","노사협상 결렬과 쟁의 절차 관련 소식 이후, 삼성전자 노사가 임금·성과급 제도 개편안에 최종 합의했고 반도체 생산 정상화 일정까지 확정했다는 내용이 후속 협의에서도 재확인됐다는 소문이 사실처럼 유통되고 있다. 시장에서는 관련 수주·공급·실적 기대가 개선될 수 있다는 해석이 제기되고 있다. 관련 거래자들은 해당 주장에 따라 향후 수주·공급·실적 추정치를 다시 점검하는 모습이다.",synthetic_misinformation,삼성전자 노사가 임금·성과급 제도 개편안에 최종 합의했고 반도체 생산 정상화 일정까지 확정했다는 내용이 후속 협의에서도 재확인됐다,"삼성전자는 임금 교섭에서 노조와 합의하지 못했고, 노조는 공동투쟁본부 전환과 쟁의권 확보 절차에 돌입한다고 밝혔다.",확인되지 않은 전망 또는 소문을 최종 확인된 결과처럼 단정한다.,"base, selected",True,buy,2
simulation_20260715_000826_158697_23249,2026-03-06,9,am,A024,0,news_20260306_종목_6bc7563b,phasefake_20260306_M01_B,"노사협상 결렬과 쟁의 절차, 삼성전자 노사가 임금·성과급 제도 개편안에 최종 합의했고 반도체 생산 정상화 일정까지 확정했다는 내용이 후속 협의에서도 재확인됐다 재확인 관측…후속 협의 주목","노사협상 결렬과 쟁의 절차 관련 소식 이후, 삼성전자 노사가 임금·성과급 제도 개편안에 최종 합의했고 반도체 생산 정상화 일정까지 확정했다는 내용이 후속 협의에서도 재확인됐다는 소문이 사실처럼 유통되고 있다. 시장에서는 관련 수주·공급·실적 기대가 개선될 수 있다는 해석이 제기되고 있다. 관련 거래자들은 해당 주장에 따라 향후 수주·공급·실적 추정치를 다시 점검하는 모습이다.",synthetic_misinformation,삼성전자 노사가 임금·성과급 제도 개편안에 최종 합의했고 반도체 생산 정상화 일정까지 확정했다는 내용이 후속 협의에서도 재확인됐다,"삼성전자는 임금 교섭에서 노조와 합의하지 못했고, 노조는 공동투쟁본부 전환과 쟁의권 확보 절차에 돌입한다고 밝혔다.",확인되지 않은 전망 또는 소문을 최종 확인된 결과처럼 단정한다.,"base, selected",True,buy,56
simulation_20260715_000826_158697_23249,2026-03-06,9,am,A025,1,news_20260306_종목_6bc7563b,phasefake_20260306_M01_B,"노사협상 결렬과 쟁의 절차, 삼성전자 노사가 임금·성과급 제도 개편안에 최종 합의했고 반도체 생산 정상화 일정까지 확정했다는 내용이 후속 협의에서도 재확인됐다 재확인 관측…후속 협의 주목","노사협상 결렬과 쟁의 절차 관련 소식 이후, 삼성전자 노사가 임금·성과급 제도 개편안에 최종 합의했고 반도체 생산 정상화 일정까지 확정했다는 내용이 후속 협의에서도 재확인됐다는 소문이 사실처럼 유통되고 있다. 시장에서는 관련 수주·공급·실적 기대가 개선될 수 있다는 해석이 제기되고 있다. 관련 거래자들은 해당 주장에 따라 향후 수주·공급·실적 추정치를 다시 점검하는 모습이다.",synthetic_misinformation,삼성전자 노사가 임금·성과급 제도 개편안에 최종 합의했고 반도체 생산 정상화 일정까지 확정했다는 내용이 후속 협의에서도 재확인됐다,"삼성전자는 임금 교섭에서 노조와 합의하지 못했고, 노조는 공동투쟁본부 전환과 쟁의권 확보 절차에 돌입한다고 밝혔다.",확인되지 않은 전망 또는 소문을 최종 확인된 결과처럼 단정한다.,"base, read, selected",True,buy,30
simulation_20260715_000826_158697_23249,2026-03-06,9,am,A026,1,news_20260306_종목_6bc7563b,phasefake_20260306_M01_B,"노사협상 결렬과 쟁의 절차, 삼성전자 노사가 임금·성과급 제도 개편안에 최종 합의했고 반도체 생산 정상화 일정까지 확정했다는 내용이 후속 협의에서도 재확인됐다 재확인 관측…후속 협의 주목","노사협상 결렬과 쟁의 절차 관련 소식 이후, 삼성전자 노사가 임금·성과급 제도 개편안에 최종 합의했고 반도체 생산 정상화 일정까지 확정했다는 내용이 후속 협의에서도 재확인됐다는 소문이 사실처럼 유통되고 있다. 시장에서는 관련 수주·공급·실적 기대가 개선될 수 있다는 해석이 제기되고 있다. 관련 거래자들은 해당 주장에 따라 향후 수주·공급·실적 추정치를 다시 점검하는 모습이다.",synthetic_misinformation,삼성전자 노사가 임금·성과급 제도 개편안에 최종 합의했고 반도체 생산 정상화 일정까지 확정했다는 내용이 후속 협의에서도 재확인됐다,"삼성전자는 임금 교섭에서 노조와 합의하지 못했고, 노조는 공동투쟁본부 전환과 쟁의권 확보 절차에 돌입한다고 밝혔다.",확인되지 않은 전망 또는 소문을 최종 확인된 결과처럼 단정한다.,"base, read, selected",True,buy,2
simulation_20260715_000826_158697_23249,2026-03-06,9,am,A027,1,news_20260306_종목_6bc7563b,phasefake_20260306_M01_B,"노사협상 결렬과 쟁의 절차, 삼성전자 노사가 임금·성과급 제도 개편안에 최종 합의했고 반도체 생산 정상화 일정까지 확정했다는 내용이 후속 협의에서도 재확인됐다 재확인 관측…후속 협의 주목","노사협상 결렬과 쟁의 절차 관련 소식 이후, 삼성전자 노사가 임금·성과급 제도 개편안에 최종 합의했고 반도체 생산 정상화 일정까지 확정했다는 내용이 후속 협의에서도 재확인됐다는 소문이 사실처럼 유통되고 있다. 시장에서는 관련 수주·공급·실적 기대가 개선될 수 있다는 해석이 제기되고 있다. 관련 거래자들은 해당 주장에 따라 향후 수주·공급·실적 추정치를 다시 점검하는 모습이다.",synthetic_misinformation,삼성전자 노사가 임금·성과급 제도 개편안에 최종 합의했고 반도체 생산 정상화 일정까지 확정했다는 내용이 후속 협의에서도 재확인됐다,"삼성전자는 임금 교섭에서 노조와 합의하지 못했고, 노조는 공동투쟁본부 전환과 쟁의권 확보 절차에 돌입한다고 밝혔다.",확인되지 않은 전망 또는 소문을 최종 확인된 결과처럼 단정한다.,"base, read, selected",True,buy,200
simulation_20260715_000826_158697_23249,2026-03-06,9,am,A028,0,news_20260306_종목_6bc7563b,phasefake_20260306_M01_B,"노사협상 결렬과 쟁의 절차, 삼성전자 노사가 임금·성과급 제도 개편안에 최종 합의했고 반도체 생산 정상화 일정까지 확정했다는 내용이 후속 협의에서도 재확인됐다 재확인 관측…후속 협의 주목","노사협상 결렬과 쟁의 절차 관련 소식 이후, 삼성전자 노사가 임금·성과급 제도 개편안에 최종 합의했고 반도체 생산 정상화 일정까지 확정했다는 내용이 후속 협의에서도 재확인됐다는 소문이 사실처럼 유통되고 있다. 시장에서는 관련 수주·공급·실적 기대가 개선될 수 있다는 해석이 제기되고 있다. 관련 거래자들은 해당 주장에 따라 향후 수주·공급·실적 추정치를 다시 점검하는 모습이다.",synthetic_misinformation,삼성전자 노사가 임금·성과급 제도 개편안에 최종 합의했고 반도체 생산 정상화 일정까지 확정했다는 내용이 후속 협의에서도 재확인됐다,"삼성전자는 임금 교섭에서 노조와 합의하지 못했고, 노조는 공동투쟁본부 전환과 쟁의권 확보 절차에 돌입한다고 밝혔다.",확인되지 않은 전망 또는 소문을 최종 확인된 결과처럼 단정한다.,base,False,buy,1
simulation_20260715_000826_158697_23249,2026-03-06,9,am,A029,0,news_20260306_종목_6bc7563b,phasefake_20260306_M01_B,"노사협상 결렬과 쟁의 절차, 삼성전자 노사가 임금·성과급 제도 개편안에 최종 합의했고 반도체 생산 정상화 일정까지 확정했다는 내용이 후속 협의에서도 재확인됐다 재확인 관측…후속 협의 주목","노사협상 결렬과 쟁의 절차 관련 소식 이후, 삼성전자 노사가 임금·성과급 제도 개편안에 최종 합의했고 반도체 생산 정상화 일정까지 확정했다는 내용이 후속 협의에서도 재확인됐다는 소문이 사실처럼 유통되고 있다. 시장에서는 관련 수주·공급·실적 기대가 개선될 수 있다는 해석이 제기되고 있다. 관련 거래자들은 해당 주장에 따라 향후 수주·공급·실적 추정치를 다시 점검하는 모습이다.",synthetic_misinformation,삼성전자 노사가 임금·성과급 제도 개편안에 최종 합의했고 반도체 생산 정상화 일정까지 확정했다는 내용이 후속 협의에서도 재확인됐다,"삼성전자는 임금 교섭에서 노조와 합의하지 못했고, 노조는 공동투쟁본부 전환과 쟁의권 확보 절차에 돌입한다고 밝혔다.",확인되지 않은 전망 또는 소문을 최종 확인된 결과처럼 단정한다.,"base, selected",True,buy,3
simulation_20260715_000826_158697_23249,2026-03-06,9,am,A030,0,news_20260306_종목_6bc7563b,phasefake_20260306_M01_B,"노사협상 결렬과 쟁의 절차, 삼성전자 노사가 임금·성과급 제도 개편안에 최종 합의했고 반도체 생산 정상화 일정까지 확정했다는 내용이 후속 협의에서도 재확인됐다 재확인 관측…후속 협의 주목","노사협상 결렬과 쟁의 절차 관련 소식 이후, 삼성전자 노사가 임금·성과급 제도 개편안에 최종 합의했고 반도체 생산 정상화 일정까지 확정했다는 내용이 후속 협의에서도 재확인됐다는 소문이 사실처럼 유통되고 있다. 시장에서는 관련 수주·공급·실적 기대가 개선될 수 있다는 해석이 제기되고 있다. 관련 거래자들은 해당 주장에 따라 향후 수주·공급·실적 추정치를 다시 점검하는 모습이다.",synthetic_misinformation,삼성전자 노사가 임금·성과급 제도 개편안에 최종 합의했고 반도체 생산 정상화 일정까지 확정했다는 내용이 후속 협의에서도 재확인됐다,"삼성전자는 임금 교섭에서 노조와 합의하지 못했고, 노조는 공동투쟁본부 전환과 쟁의권 확보 절차에 돌입한다고 밝혔다.",확인되지 않은 전망 또는 소문을 최종 확인된 결과처럼 단정한다.,base,False,buy,20
simulation_20260715_000826_158697_23249,2026-03-09,12,pm,A002,0,news_20260309_종목_9fc8dcd6,phasefake_20260309_M01_B,"노사협상 결렬과 쟁의 절차, 삼성전자 노사가 임금·성과급 제도 개편안에 최종 합의했고 반도체 생산 정상화 일정까지 확정했다는 내용이 향후 수주·공급·실적 추정에도 반영되고 있다 시장 반영설…추정치 재점검","노사협상 결렬과 쟁의 절차 관련 소식 이후, 삼성전자 노사가 임금·성과급 제도 개편안에 최종 합의했고 반도체 생산 정상화 일정까지 확정했다는 내용이 향후 수주·공급·실적 추정에도 반영되고 있다는 소문이 사실처럼 유통되고 있다. 시장에서는 관련 수주·공급·실적 기대가 개선될 수 있다는 해석이 제기되고 있다. 관련 거래자들은 해당 주장에 따라 향후 수주·공급·실적 추정치를 다시 점검하는 모습이다.",synthetic_misinformation,삼성전자 노사가 임금·성과급 제도 개편안에 최종 합의했고 반도체 생산 정상화 일정까지 확정했다는 내용이 향후 수주·공급·실적 추정에도 반영되고 있다,"삼성전자는 임금 교섭에서 노조와 합의하지 못했고, 노조는 공동투쟁본부 전환과 쟁의권 확보 절차에 돌입한다고 밝혔다.",확인되지 않은 전망 또는 소문을 최종 확인된 결과처럼 단정한다.,"base, selected",True,buy,30
simulation_20260715_000826_158697_23249,2026-03-09,12,pm,A003,1,news_20260309_종목_9fc8dcd6,phasefake_20260309_M01_B,"노사협상 결렬과 쟁의 절차, 삼성전자 노사가 임금·성과급 제도 개편안에 최종 합의했고 반도체 생산 정상화 일정까지 확정했다는 내용이 향후 수주·공급·실적 추정에도 반영되고 있다 시장 반영설…추정치 재점검","노사협상 결렬과 쟁의 절차 관련 소식 이후, 삼성전자 노사가 임금·성과급 제도 개편안에 최종 합의했고 반도체 생산 정상화 일정까지 확정했다는 내용이 향후 수주·공급·실적 추정에도 반영되고 있다는 소문이 사실처럼 유통되고 있다. 시장에서는 관련 수주·공급·실적 기대가 개선될 수 있다는 해석이 제기되고 있다. 관련 거래자들은 해당 주장에 따라 향후 수주·공급·실적 추정치를 다시 점검하는 모습이다.",synthetic_misinformation,삼성전자 노사가 임금·성과급 제도 개편안에 최종 합의했고 반도체 생산 정상화 일정까지 확정했다는 내용이 향후 수주·공급·실적 추정에도 반영되고 있다,"삼성전자는 임금 교섭에서 노조와 합의하지 못했고, 노조는 공동투쟁본부 전환과 쟁의권 확보 절차에 돌입한다고 밝혔다.",확인되지 않은 전망 또는 소문을 최종 확인된 결과처럼 단정한다.,"base, read, selected",True,buy,6
simulation_20260715_000826_158697_23249,2026-03-09,12,pm,A001,1,news_20260309_종목_9fc8dcd6,phasefake_20260309_M01_B,"노사협상 결렬과 쟁의 절차, 삼성전자 노사가 임금·성과급 제도 개편안에 최종 합의했고 반도체 생산 정상화 일정까지 확정했다는 내용이 향후 수주·공급·실적 추정에도 반영되고 있다 시장 반영설…추정치 재점검","노사협상 결렬과 쟁의 절차 관련 소식 이후, 삼성전자 노사가 임금·성과급 제도 개편안에 최종 합의했고 반도체 생산 정상화 일정까지 확정했다는 내용이 향후 수주·공급·실적 추정에도 반영되고 있다는 소문이 사실처럼 유통되고 있다. 시장에서는 관련 수주·공급·실적 기대가 개선될 수 있다는 해석이 제기되고 있다. 관련 거래자들은 해당 주장에 따라 향후 수주·공급·실적 추정치를 다시 점검하는 모습이다.",synthetic_misinformation,삼성전자 노사가 임금·성과급 제도 개편안에 최종 합의했고 반도체 생산 정상화 일정까지 확정했다는 내용이 향후 수주·공급·실적 추정에도 반영되고 있다,"삼성전자는 임금 교섭에서 노조와 합의하지 못했고, 노조는 공동투쟁본부 전환과 쟁의권 확보 절차에 돌입한다고 밝혔다.",확인되지 않은 전망 또는 소문을 최종 확인된 결과처럼 단정한다.,"base, read, selected",True,buy,100
simulation_20260715_000826_158697_23249,2026-03-09,12,pm,A004,1,news_20260309_종목_9fc8dcd6,phasefake_20260309_M01_B,"노사협상 결렬과 쟁의 절차, 삼성전자 노사가 임금·성과급 제도 개편안에 최종 합의했고 반도체 생산 정상화 일정까지 확정했다는 내용이 향후 수주·공급·실적 추정에도 반영되고 있다 시장 반영설…추정치 재점검","노사협상 결렬과 쟁의 절차 관련 소식 이후, 삼성전자 노사가 임금·성과급 제도 개편안에 최종 합의했고 반도체 생산 정상화 일정까지 확정했다는 내용이 향후 수주·공급·실적 추정에도 반영되고 있다는 소문이 사실처럼 유통되고 있다. 시장에서는 관련 수주·공급·실적 기대가 개선될 수 있다는 해석이 제기되고 있다. 관련 거래자들은 해당 주장에 따라 향후 수주·공급·실적 추정치를 다시 점검하는 모습이다.",synthetic_misinformation,삼성전자 노사가 임금·성과급 제도 개편안에 최종 합의했고 반도체 생산 정상화 일정까지 확정했다는 내용이 향후 수주·공급·실적 추정에도 반영되고 있다,"삼성전자는 임금 교섭에서 노조와 합의하지 못했고, 노조는 공동투쟁본부 전환과 쟁의권 확보 절차에 돌입한다고 밝혔다.",확인되지 않은 전망 또는 소문을 최종 확인된 결과처럼 단정한다.,"base, read, selected",True,buy,3
simulation_20260715_000826_158697_23249,2026-03-09,12,pm,A005,1,news_20260309_종목_9fc8dcd6,phasefake_20260309_M01_B,"노사협상 결렬과 쟁의 절차, 삼성전자 노사가 임금·성과급 제도 개편안에 최종 합의했고 반도체 생산 정상화 일정까지 확정했다는 내용이 향후 수주·공급·실적 추정에도 반영되고 있다 시장 반영설…추정치 재점검","노사협상 결렬과 쟁의 절차 관련 소식 이후, 삼성전자 노사가 임금·성과급 제도 개편안에 최종 합의했고 반도체 생산 정상화 일정까지 확정했다는 내용이 향후 수주·공급·실적 추정에도 반영되고 있다는 소문이 사실처럼 유통되고 있다. 시장에서는 관련 수주·공급·실적 기대가 개선될 수 있다는 해석이 제기되고 있다. 관련 거래자들은 해당 주장에 따라 향후 수주·공급·실적 추정치를 다시 점검하는 모습이다.",synthetic_misinformation,삼성전자 노사가 임금·성과급 제도 개편안에 최종 합의했고 반도체 생산 정상화 일정까지 확정했다는 내용이 향후 수주·공급·실적 추정에도 반영되고 있다,"삼성전자는 임금 교섭에서 노조와 합의하지 못했고, 노조는 공동투쟁본부 전환과 쟁의권 확보 절차에 돌입한다고 밝혔다.",확인되지 않은 전망 또는 소문을 최종 확인된 결과처럼 단정한다.,"base, read",False,buy,4
simulation_20260715_000826_158697_23249,2026-03-09,12,pm,A006,1,news_20260309_종목_9fc8dcd6,phasefake_20260309_M01_B,"노사협상 결렬과 쟁의 절차, 삼성전자 노사가 임금·성과급 제도 개편안에 최종 합의했고 반도체 생산 정상화 일정까지 확정했다는 내용이 향후 수주·공급·실적 추정에도 반영되고 있다 시장 반영설…추정치 재점검","노사협상 결렬과 쟁의 절차 관련 소식 이후, 삼성전자 노사가 임금·성과급 제도 개편안에 최종 합의했고 반도체 생산 정상화 일정까지 확정했다는 내용이 향후 수주·공급·실적 추정에도 반영되고 있다는 소문이 사실처럼 유통되고 있다. 시장에서는 관련 수주·공급·실적 기대가 개선될 수 있다는 해석이 제기되고 있다. 관련 거래자들은 해당 주장에 따라 향후 수주·공급·실적 추정치를 다시 점검하는 모습이다.",synthetic_misinformation,삼성전자 노사가 임금·성과급 제도 개편안에 최종 합의했고 반도체 생산 정상화 일정까지 확정했다는 내용이 향후 수주·공급·실적 추정에도 반영되고 있다,"삼성전자는 임금 교섭에서 노조와 합의하지 못했고, 노조는 공동투쟁본부 전환과 쟁의권 확보 절차에 돌입한다고 밝혔다.",확인되지 않은 전망 또는 소문을 최종 확인된 결과처럼 단정한다.,"base, read, selected",True,buy,34
simulation_20260715_000826_158697_23249,2026-03-09,12,pm,A008,1,news_20260309_종목_9fc8dcd6,phasefake_20260309_M01_B,"노사협상 결렬과 쟁의 절차, 삼성전자 노사가 임금·성과급 제도 개편안에 최종 합의했고 반도체 생산 정상화 일정까지 확정했다는 내용이 향후 수주·공급·실적 추정에도 반영되고 있다 시장 반영설…추정치 재점검","노사협상 결렬과 쟁의 절차 관련 소식 이후, 삼성전자 노사가 임금·성과급 제도 개편안에 최종 합의했고 반도체 생산 정상화 일정까지 확정했다는 내용이 향후 수주·공급·실적 추정에도 반영되고 있다는 소문이 사실처럼 유통되고 있다. 시장에서는 관련 수주·공급·실적 기대가 개선될 수 있다는 해석이 제기되고 있다. 관련 거래자들은 해당 주장에 따라 향후 수주·공급·실적 추정치를 다시 점검하는 모습이다.",synthetic_misinformation,삼성전자 노사가 임금·성과급 제도 개편안에 최종 합의했고 반도체 생산 정상화 일정까지 확정했다는 내용이 향후 수주·공급·실적 추정에도 반영되고 있다,"삼성전자는 임금 교섭에서 노조와 합의하지 못했고, 노조는 공동투쟁본부 전환과 쟁의권 확보 절차에 돌입한다고 밝혔다.",확인되지 않은 전망 또는 소문을 최종 확인된 결과처럼 단정한다.,"base, read, selected",True,buy,36
simulation_20260715_000826_158697_23249,2026-03-09,12,pm,A007,2,news_20260309_종목_9fc8dcd6,phasefake_20260309_M01_B,"노사협상 결렬과 쟁의 절차, 삼성전자 노사가 임금·성과급 제도 개편안에 최종 합의했고 반도체 생산 정상화 일정까지 확정했다는 내용이 향후 수주·공급·실적 추정에도 반영되고 있다 시장 반영설…추정치 재점검","노사협상 결렬과 쟁의 절차 관련 소식 이후, 삼성전자 노사가 임금·성과급 제도 개편안에 최종 합의했고 반도체 생산 정상화 일정까지 확정했다는 내용이 향후 수주·공급·실적 추정에도 반영되고 있다는 소문이 사실처럼 유통되고 있다. 시장에서는 관련 수주·공급·실적 기대가 개선될 수 있다는 해석이 제기되고 있다. 관련 거래자들은 해당 주장에 따라 향후 수주·공급·실적 추정치를 다시 점검하는 모습이다.",synthetic_misinformation,삼성전자 노사가 임금·성과급 제도 개편안에 최종 합의했고 반도체 생산 정상화 일정까지 확정했다는 내용이 향후 수주·공급·실적 추정에도 반영되고 있다,"삼성전자는 임금 교섭에서 노조와 합의하지 못했고, 노조는 공동투쟁본부 전환과 쟁의권 확보 절차에 돌입한다고 밝혔다.",확인되지 않은 전망 또는 소문을 최종 확인된 결과처럼 단정한다.,"base, read, selected",True,buy,10
simulation_20260715_000826_158697_23249,2026-03-09,12,pm,A009,0,news_20260309_종목_9fc8dcd6,phasefake_20260309_M01_B,"노사협상 결렬과 쟁의 절차, 삼성전자 노사가 임금·성과급 제도 개편안에 최종 합의했고 반도체 생산 정상화 일정까지 확정했다는 내용이 향후 수주·공급·실적 추정에도 반영되고 있다 시장 반영설…추정치 재점검","노사협상 결렬과 쟁의 절차 관련 소식 이후, 삼성전자 노사가 임금·성과급 제도 개편안에 최종 합의했고 반도체 생산 정상화 일정까지 확정했다는 내용이 향후 수주·공급·실적 추정에도 반영되고 있다는 소문이 사실처럼 유통되고 있다. 시장에서는 관련 수주·공급·실적 기대가 개선될 수 있다는 해석이 제기되고 있다. 관련 거래자들은 해당 주장에 따라 향후 수주·공급·실적 추정치를 다시 점검하는 모습이다.",synthetic_misinformation,삼성전자 노사가 임금·성과급 제도 개편안에 최종 합의했고 반도체 생산 정상화 일정까지 확정했다는 내용이 향후 수주·공급·실적 추정에도 반영되고 있다,"삼성전자는 임금 교섭에서 노조와 합의하지 못했고, 노조는 공동투쟁본부 전환과 쟁의권 확보 절차에 돌입한다고 밝혔다.",확인되지 않은 전망 또는 소문을 최종 확인된 결과처럼 단정한다.,"base, selected",True,sell,100
simulation_20260715_000826_158697_23249,2026-03-09,12,pm,A012,1,news_20260309_종목_9fc8dcd6,phasefake_20260309_M01_B,"노사협상 결렬과 쟁의 절차, 삼성전자 노사가 임금·성과급 제도 개편안에 최종 합의했고 반도체 생산 정상화 일정까지 확정했다는 내용이 향후 수주·공급·실적 추정에도 반영되고 있다 시장 반영설…추정치 재점검","노사협상 결렬과 쟁의 절차 관련 소식 이후, 삼성전자 노사가 임금·성과급 제도 개편안에 최종 합의했고 반도체 생산 정상화 일정까지 확정했다는 내용이 향후 수주·공급·실적 추정에도 반영되고 있다는 소문이 사실처럼 유통되고 있다. 시장에서는 관련 수주·공급·실적 기대가 개선될 수 있다는 해석이 제기되고 있다. 관련 거래자들은 해당 주장에 따라 향후 수주·공급·실적 추정치를 다시 점검하는 모습이다.",synthetic_misinformation,삼성전자 노사가 임금·성과급 제도 개편안에 최종 합의했고 반도체 생산 정상화 일정까지 확정했다는 내용이 향후 수주·공급·실적 추정에도 반영되고 있다,"삼성전자는 임금 교섭에서 노조와 합의하지 못했고, 노조는 공동투쟁본부 전환과 쟁의권 확보 절차에 돌입한다고 밝혔다.",확인되지 않은 전망 또는 소문을 최종 확인된 결과처럼 단정한다.,"base, read, selected",True,sell,7
simulation_20260715_000826_158697_23249,2026-03-09,12,pm,A010,1,news_20260309_종목_9fc8dcd6,phasefake_20260309_M01_B,"노사협상 결렬과 쟁의 절차, 삼성전자 노사가 임금·성과급 제도 개편안에 최종 합의했고 반도체 생산 정상화 일정까지 확정했다는 내용이 향후 수주·공급·실적 추정에도 반영되고 있다 시장 반영설…추정치 재점검","노사협상 결렬과 쟁의 절차 관련 소식 이후, 삼성전자 노사가 임금·성과급 제도 개편안에 최종 합의했고 반도체 생산 정상화 일정까지 확정했다는 내용이 향후 수주·공급·실적 추정에도 반영되고 있다는 소문이 사실처럼 유통되고 있다. 시장에서는 관련 수주·공급·실적 기대가 개선될 수 있다는 해석이 제기되고 있다. 관련 거래자들은 해당 주장에 따라 향후 수주·공급·실적 추정치를 다시 점검하는 모습이다.",synthetic_misinformation,삼성전자 노사가 임금·성과급 제도 개편안에 최종 합의했고 반도체 생산 정상화 일정까지 확정했다는 내용이 향후 수주·공급·실적 추정에도 반영되고 있다,"삼성전자는 임금 교섭에서 노조와 합의하지 못했고, 노조는 공동투쟁본부 전환과 쟁의권 확보 절차에 돌입한다고 밝혔다.",확인되지 않은 전망 또는 소문을 최종 확인된 결과처럼 단정한다.,"base, read",False,sell,1
simulation_20260715_000826_158697_23249,2026-03-09,12,pm,A013,1,news_20260309_종목_9fc8dcd6,phasefake_20260309_M01_B,"노사협상 결렬과 쟁의 절차, 삼성전자 노사가 임금·성과급 제도 개편안에 최종 합의했고 반도체 생산 정상화 일정까지 확정했다는 내용이 향후 수주·공급·실적 추정에도 반영되고 있다 시장 반영설…추정치 재점검","노사협상 결렬과 쟁의 절차 관련 소식 이후, 삼성전자 노사가 임금·성과급 제도 개편안에 최종 합의했고 반도체 생산 정상화 일정까지 확정했다는 내용이 향후 수주·공급·실적 추정에도 반영되고 있다는 소문이 사실처럼 유통되고 있다. 시장에서는 관련 수주·공급·실적 기대가 개선될 수 있다는 해석이 제기되고 있다. 관련 거래자들은 해당 주장에 따라 향후 수주·공급·실적 추정치를 다시 점검하는 모습이다.",synthetic_misinformation,삼성전자 노사가 임금·성과급 제도 개편안에 최종 합의했고 반도체 생산 정상화 일정까지 확정했다는 내용이 향후 수주·공급·실적 추정에도 반영되고 있다,"삼성전자는 임금 교섭에서 노조와 합의하지 못했고, 노조는 공동투쟁본부 전환과 쟁의권 확보 절차에 돌입한다고 밝혔다.",확인되지 않은 전망 또는 소문을 최종 확인된 결과처럼 단정한다.,"base, read, selected",True,buy,4
simulation_20260715_000826_158697_23249,2026-03-09,12,pm,A014,1,news_20260309_종목_9fc8dcd6,phasefake_20260309_M01_B,"노사협상 결렬과 쟁의 절차, 삼성전자 노사가 임금·성과급 제도 개편안에 최종 합의했고 반도체 생산 정상화 일정까지 확정했다는 내용이 향후 수주·공급·실적 추정에도 반영되고 있다 시장 반영설…추정치 재점검","노사협상 결렬과 쟁의 절차 관련 소식 이후, 삼성전자 노사가 임금·성과급 제도 개편안에 최종 합의했고 반도체 생산 정상화 일정까지 확정했다는 내용이 향후 수주·공급·실적 추정에도 반영되고 있다는 소문이 사실처럼 유통되고 있다. 시장에서는 관련 수주·공급·실적 기대가 개선될 수 있다는 해석이 제기되고 있다. 관련 거래자들은 해당 주장에 따라 향후 수주·공급·실적 추정치를 다시 점검하는 모습이다.",synthetic_misinformation,삼성전자 노사가 임금·성과급 제도 개편안에 최종 합의했고 반도체 생산 정상화 일정까지 확정했다는 내용이 향후 수주·공급·실적 추정에도 반영되고 있다,"삼성전자는 임금 교섭에서 노조와 합의하지 못했고, 노조는 공동투쟁본부 전환과 쟁의권 확보 절차에 돌입한다고 밝혔다.",확인되지 않은 전망 또는 소문을 최종 확인된 결과처럼 단정한다.,"base, read, selected",True,sell,50
simulation_20260715_000826_158697_23249,2026-03-09,12,pm,A016,0,news_20260309_종목_9fc8dcd6,phasefake_20260309_M01_B,"노사협상 결렬과 쟁의 절차, 삼성전자 노사가 임금·성과급 제도 개편안에 최종 합의했고 반도체 생산 정상화 일정까지 확정했다는 내용이 향후 수주·공급·실적 추정에도 반영되고 있다 시장 반영설…추정치 재점검","노사협상 결렬과 쟁의 절차 관련 소식 이후, 삼성전자 노사가 임금·성과급 제도 개편안에 최종 합의했고 반도체 생산 정상화 일정까지 확정했다는 내용이 향후 수주·공급·실적 추정에도 반영되고 있다는 소문이 사실처럼 유통되고 있다. 시장에서는 관련 수주·공급·실적 기대가 개선될 수 있다는 해석이 제기되고 있다. 관련 거래자들은 해당 주장에 따라 향후 수주·공급·실적 추정치를 다시 점검하는 모습이다.",synthetic_misinformation,삼성전자 노사가 임금·성과급 제도 개편안에 최종 합의했고 반도체 생산 정상화 일정까지 확정했다는 내용이 향후 수주·공급·실적 추정에도 반영되고 있다,"삼성전자는 임금 교섭에서 노조와 합의하지 못했고, 노조는 공동투쟁본부 전환과 쟁의권 확보 절차에 돌입한다고 밝혔다.",확인되지 않은 전망 또는 소문을 최종 확인된 결과처럼 단정한다.,"base, selected",True,buy,1
simulation_20260715_000826_158697_23249,2026-03-09,12,pm,A015,2,news_20260309_종목_9fc8dcd6,phasefake_20260309_M01_B,"노사협상 결렬과 쟁의 절차, 삼성전자 노사가 임금·성과급 제도 개편안에 최종 합의했고 반도체 생산 정상화 일정까지 확정했다는 내용이 향후 수주·공급·실적 추정에도 반영되고 있다 시장 반영설…추정치 재점검","노사협상 결렬과 쟁의 절차 관련 소식 이후, 삼성전자 노사가 임금·성과급 제도 개편안에 최종 합의했고 반도체 생산 정상화 일정까지 확정했다는 내용이 향후 수주·공급·실적 추정에도 반영되고 있다는 소문이 사실처럼 유통되고 있다. 시장에서는 관련 수주·공급·실적 기대가 개선될 수 있다는 해석이 제기되고 있다. 관련 거래자들은 해당 주장에 따라 향후 수주·공급·실적 추정치를 다시 점검하는 모습이다.",synthetic_misinformation,삼성전자 노사가 임금·성과급 제도 개편안에 최종 합의했고 반도체 생산 정상화 일정까지 확정했다는 내용이 향후 수주·공급·실적 추정에도 반영되고 있다,"삼성전자는 임금 교섭에서 노조와 합의하지 못했고, 노조는 공동투쟁본부 전환과 쟁의권 확보 절차에 돌입한다고 밝혔다.",확인되지 않은 전망 또는 소문을 최종 확인된 결과처럼 단정한다.,"base, read, search, selected",True,buy,50
simulation_20260715_000826_158697_23249,2026-03-09,12,pm,A017,2,news_20260309_종목_9fc8dcd6,phasefake_20260309_M01_B,"노사협상 결렬과 쟁의 절차, 삼성전자 노사가 임금·성과급 제도 개편안에 최종 합의했고 반도체 생산 정상화 일정까지 확정했다는 내용이 향후 수주·공급·실적 추정에도 반영되고 있다 시장 반영설…추정치 재점검","노사협상 결렬과 쟁의 절차 관련 소식 이후, 삼성전자 노사가 임금·성과급 제도 개편안에 최종 합의했고 반도체 생산 정상화 일정까지 확정했다는 내용이 향후 수주·공급·실적 추정에도 반영되고 있다는 소문이 사실처럼 유통되고 있다. 시장에서는 관련 수주·공급·실적 기대가 개선될 수 있다는 해석이 제기되고 있다. 관련 거래자들은 해당 주장에 따라 향후 수주·공급·실적 추정치를 다시 점검하는 모습이다.",synthetic_misinformation,삼성전자 노사가 임금·성과급 제도 개편안에 최종 합의했고 반도체 생산 정상화 일정까지 확정했다는 내용이 향후 수주·공급·실적 추정에도 반영되고 있다,"삼성전자는 임금 교섭에서 노조와 합의하지 못했고, 노조는 공동투쟁본부 전환과 쟁의권 확보 절차에 돌입한다고 밝혔다.",확인되지 않은 전망 또는 소문을 최종 확인된 결과처럼 단정한다.,"base, read, search, selected",True,sell,100
simulation_20260715_000826_158697_23249,2026-03-09,12,pm,A011,1,news_20260309_종목_9fc8dcd6,phasefake_20260309_M01_B,"노사협상 결렬과 쟁의 절차, 삼성전자 노사가 임금·성과급 제도 개편안에 최종 합의했고 반도체 생산 정상화 일정까지 확정했다는 내용이 향후 수주·공급·실적 추정에도 반영되고 있다 시장 반영설…추정치 재점검","노사협상 결렬과 쟁의 절차 관련 소식 이후, 삼성전자 노사가 임금·성과급 제도 개편안에 최종 합의했고 반도체 생산 정상화 일정까지 확정했다는 내용이 향후 수주·공급·실적 추정에도 반영되고 있다는 소문이 사실처럼 유통되고 있다. 시장에서는 관련 수주·공급·실적 기대가 개선될 수 있다는 해석이 제기되고 있다. 관련 거래자들은 해당 주장에 따라 향후 수주·공급·실적 추정치를 다시 점검하는 모습이다.",synthetic_misinformation,삼성전자 노사가 임금·성과급 제도 개편안에 최종 합의했고 반도체 생산 정상화 일정까지 확정했다는 내용이 향후 수주·공급·실적 추정에도 반영되고 있다,"삼성전자는 임금 교섭에서 노조와 합의하지 못했고, 노조는 공동투쟁본부 전환과 쟁의권 확보 절차에 돌입한다고 밝혔다.",확인되지 않은 전망 또는 소문을 최종 확인된 결과처럼 단정한다.,"base, read, selected",True,sell,1
simulation_20260715_000826_158697_23249,2026-03-09,12,pm,A018,0,news_20260309_종목_9fc8dcd6,phasefake_20260309_M01_B,"노사협상 결렬과 쟁의 절차, 삼성전자 노사가 임금·성과급 제도 개편안에 최종 합의했고 반도체 생산 정상화 일정까지 확정했다는 내용이 향후 수주·공급·실적 추정에도 반영되고 있다 시장 반영설…추정치 재점검","노사협상 결렬과 쟁의 절차 관련 소식 이후, 삼성전자 노사가 임금·성과급 제도 개편안에 최종 합의했고 반도체 생산 정상화 일정까지 확정했다는 내용이 향후 수주·공급·실적 추정에도 반영되고 있다는 소문이 사실처럼 유통되고 있다. 시장에서는 관련 수주·공급·실적 기대가 개선될 수 있다는 해석이 제기되고 있다. 관련 거래자들은 해당 주장에 따라 향후 수주·공급·실적 추정치를 다시 점검하는 모습이다.",synthetic_misinformation,삼성전자 노사가 임금·성과급 제도 개편안에 최종 합의했고 반도체 생산 정상화 일정까지 확정했다는 내용이 향후 수주·공급·실적 추정에도 반영되고 있다,"삼성전자는 임금 교섭에서 노조와 합의하지 못했고, 노조는 공동투쟁본부 전환과 쟁의권 확보 절차에 돌입한다고 밝혔다.",확인되지 않은 전망 또는 소문을 최종 확인된 결과처럼 단정한다.,base,False,buy,2
simulation_20260715_000826_158697_23249,2026-03-09,12,pm,A019,1,news_20260309_종목_9fc8dcd6,phasefake_20260309_M01_B,"노사협상 결렬과 쟁의 절차, 삼성전자 노사가 임금·성과급 제도 개편안에 최종 합의했고 반도체 생산 정상화 일정까지 확정했다는 내용이 향후 수주·공급·실적 추정에도 반영되고 있다 시장 반영설…추정치 재점검","노사협상 결렬과 쟁의 절차 관련 소식 이후, 삼성전자 노사가 임금·성과급 제도 개편안에 최종 합의했고 반도체 생산 정상화 일정까지 확정했다는 내용이 향후 수주·공급·실적 추정에도 반영되고 있다는 소문이 사실처럼 유통되고 있다. 시장에서는 관련 수주·공급·실적 기대가 개선될 수 있다는 해석이 제기되고 있다. 관련 거래자들은 해당 주장에 따라 향후 수주·공급·실적 추정치를 다시 점검하는 모습이다.",synthetic_misinformation,삼성전자 노사가 임금·성과급 제도 개편안에 최종 합의했고 반도체 생산 정상화 일정까지 확정했다는 내용이 향후 수주·공급·실적 추정에도 반영되고 있다,"삼성전자는 임금 교섭에서 노조와 합의하지 못했고, 노조는 공동투쟁본부 전환과 쟁의권 확보 절차에 돌입한다고 밝혔다.",확인되지 않은 전망 또는 소문을 최종 확인된 결과처럼 단정한다.,"base, read, selected",True,buy,5
simulation_20260715_000826_158697_23249,2026-03-09,12,pm,A021,0,news_20260309_종목_9fc8dcd6,phasefake_20260309_M01_B,"노사협상 결렬과 쟁의 절차, 삼성전자 노사가 임금·성과급 제도 개편안에 최종 합의했고 반도체 생산 정상화 일정까지 확정했다는 내용이 향후 수주·공급·실적 추정에도 반영되고 있다 시장 반영설…추정치 재점검","노사협상 결렬과 쟁의 절차 관련 소식 이후, 삼성전자 노사가 임금·성과급 제도 개편안에 최종 합의했고 반도체 생산 정상화 일정까지 확정했다는 내용이 향후 수주·공급·실적 추정에도 반영되고 있다는 소문이 사실처럼 유통되고 있다. 시장에서는 관련 수주·공급·실적 기대가 개선될 수 있다는 해석이 제기되고 있다. 관련 거래자들은 해당 주장에 따라 향후 수주·공급·실적 추정치를 다시 점검하는 모습이다.",synthetic_misinformation,삼성전자 노사가 임금·성과급 제도 개편안에 최종 합의했고 반도체 생산 정상화 일정까지 확정했다는 내용이 향후 수주·공급·실적 추정에도 반영되고 있다,"삼성전자는 임금 교섭에서 노조와 합의하지 못했고, 노조는 공동투쟁본부 전환과 쟁의권 확보 절차에 돌입한다고 밝혔다.",확인되지 않은 전망 또는 소문을 최종 확인된 결과처럼 단정한다.,"base, selected",True,sell,50
simulation_20260715_000826_158697_23249,2026-03-09,12,pm,A020,2,news_20260309_종목_9fc8dcd6,phasefake_20260309_M01_B,"노사협상 결렬과 쟁의 절차, 삼성전자 노사가 임금·성과급 제도 개편안에 최종 합의했고 반도체 생산 정상화 일정까지 확정했다는 내용이 향후 수주·공급·실적 추정에도 반영되고 있다 시장 반영설…추정치 재점검","노사협상 결렬과 쟁의 절차 관련 소식 이후, 삼성전자 노사가 임금·성과급 제도 개편안에 최종 합의했고 반도체 생산 정상화 일정까지 확정했다는 내용이 향후 수주·공급·실적 추정에도 반영되고 있다는 소문이 사실처럼 유통되고 있다. 시장에서는 관련 수주·공급·실적 기대가 개선될 수 있다는 해석이 제기되고 있다. 관련 거래자들은 해당 주장에 따라 향후 수주·공급·실적 추정치를 다시 점검하는 모습이다.",synthetic_misinformation,삼성전자 노사가 임금·성과급 제도 개편안에 최종 합의했고 반도체 생산 정상화 일정까지 확정했다는 내용이 향후 수주·공급·실적 추정에도 반영되고 있다,"삼성전자는 임금 교섭에서 노조와 합의하지 못했고, 노조는 공동투쟁본부 전환과 쟁의권 확보 절차에 돌입한다고 밝혔다.",확인되지 않은 전망 또는 소문을 최종 확인된 결과처럼 단정한다.,"base, read, selected",True,buy,8
simulation_20260715_000826_158697_23249,2026-03-09,12,pm,A022,1,news_20260309_종목_9fc8dcd6,phasefake_20260309_M01_B,"노사협상 결렬과 쟁의 절차, 삼성전자 노사가 임금·성과급 제도 개편안에 최종 합의했고 반도체 생산 정상화 일정까지 확정했다는 내용이 향후 수주·공급·실적 추정에도 반영되고 있다 시장 반영설…추정치 재점검","노사협상 결렬과 쟁의 절차 관련 소식 이후, 삼성전자 노사가 임금·성과급 제도 개편안에 최종 합의했고 반도체 생산 정상화 일정까지 확정했다는 내용이 향후 수주·공급·실적 추정에도 반영되고 있다는 소문이 사실처럼 유통되고 있다. 시장에서는 관련 수주·공급·실적 기대가 개선될 수 있다는 해석이 제기되고 있다. 관련 거래자들은 해당 주장에 따라 향후 수주·공급·실적 추정치를 다시 점검하는 모습이다.",synthetic_misinformation,삼성전자 노사가 임금·성과급 제도 개편안에 최종 합의했고 반도체 생산 정상화 일정까지 확정했다는 내용이 향후 수주·공급·실적 추정에도 반영되고 있다,"삼성전자는 임금 교섭에서 노조와 합의하지 못했고, 노조는 공동투쟁본부 전환과 쟁의권 확보 절차에 돌입한다고 밝혔다.",확인되지 않은 전망 또는 소문을 최종 확인된 결과처럼 단정한다.,"base, read, selected",True,buy,25
simulation_20260715_000826_158697_23249,2026-03-09,12,pm,A024,0,news_20260309_종목_9fc8dcd6,phasefake_20260309_M01_B,"노사협상 결렬과 쟁의 절차, 삼성전자 노사가 임금·성과급 제도 개편안에 최종 합의했고 반도체 생산 정상화 일정까지 확정했다는 내용이 향후 수주·공급·실적 추정에도 반영되고 있다 시장 반영설…추정치 재점검","노사협상 결렬과 쟁의 절차 관련 소식 이후, 삼성전자 노사가 임금·성과급 제도 개편안에 최종 합의했고 반도체 생산 정상화 일정까지 확정했다는 내용이 향후 수주·공급·실적 추정에도 반영되고 있다는 소문이 사실처럼 유통되고 있다. 시장에서는 관련 수주·공급·실적 기대가 개선될 수 있다는 해석이 제기되고 있다. 관련 거래자들은 해당 주장에 따라 향후 수주·공급·실적 추정치를 다시 점검하는 모습이다.",synthetic_misinformation,삼성전자 노사가 임금·성과급 제도 개편안에 최종 합의했고 반도체 생산 정상화 일정까지 확정했다는 내용이 향후 수주·공급·실적 추정에도 반영되고 있다,"삼성전자는 임금 교섭에서 노조와 합의하지 못했고, 노조는 공동투쟁본부 전환과 쟁의권 확보 절차에 돌입한다고 밝혔다.",확인되지 않은 전망 또는 소문을 최종 확인된 결과처럼 단정한다.,"base, selected",True,buy,200
simulation_20260715_000826_158697_23249,2026-03-09,12,pm,A026,1,news_20260309_종목_9fc8dcd6,phasefake_20260309_M01_B,"노사협상 결렬과 쟁의 절차, 삼성전자 노사가 임금·성과급 제도 개편안에 최종 합의했고 반도체 생산 정상화 일정까지 확정했다는 내용이 향후 수주·공급·실적 추정에도 반영되고 있다 시장 반영설…추정치 재점검","노사협상 결렬과 쟁의 절차 관련 소식 이후, 삼성전자 노사가 임금·성과급 제도 개편안에 최종 합의했고 반도체 생산 정상화 일정까지 확정했다는 내용이 향후 수주·공급·실적 추정에도 반영되고 있다는 소문이 사실처럼 유통되고 있다. 시장에서는 관련 수주·공급·실적 기대가 개선될 수 있다는 해석이 제기되고 있다. 관련 거래자들은 해당 주장에 따라 향후 수주·공급·실적 추정치를 다시 점검하는 모습이다.",synthetic_misinformation,삼성전자 노사가 임금·성과급 제도 개편안에 최종 합의했고 반도체 생산 정상화 일정까지 확정했다는 내용이 향후 수주·공급·실적 추정에도 반영되고 있다,"삼성전자는 임금 교섭에서 노조와 합의하지 못했고, 노조는 공동투쟁본부 전환과 쟁의권 확보 절차에 돌입한다고 밝혔다.",확인되지 않은 전망 또는 소문을 최종 확인된 결과처럼 단정한다.,"base, read",False,buy,130
simulation_20260715_000826_158697_23249,2026-03-09,12,pm,A025,1,news_20260309_종목_9fc8dcd6,phasefake_20260309_M01_B,"노사협상 결렬과 쟁의 절차, 삼성전자 노사가 임금·성과급 제도 개편안에 최종 합의했고 반도체 생산 정상화 일정까지 확정했다는 내용이 향후 수주·공급·실적 추정에도 반영되고 있다 시장 반영설…추정치 재점검","노사협상 결렬과 쟁의 절차 관련 소식 이후, 삼성전자 노사가 임금·성과급 제도 개편안에 최종 합의했고 반도체 생산 정상화 일정까지 확정했다는 내용이 향후 수주·공급·실적 추정에도 반영되고 있다는 소문이 사실처럼 유통되고 있다. 시장에서는 관련 수주·공급·실적 기대가 개선될 수 있다는 해석이 제기되고 있다. 관련 거래자들은 해당 주장에 따라 향후 수주·공급·실적 추정치를 다시 점검하는 모습이다.",synthetic_misinformation,삼성전자 노사가 임금·성과급 제도 개편안에 최종 합의했고 반도체 생산 정상화 일정까지 확정했다는 내용이 향후 수주·공급·실적 추정에도 반영되고 있다,"삼성전자는 임금 교섭에서 노조와 합의하지 못했고, 노조는 공동투쟁본부 전환과 쟁의권 확보 절차에 돌입한다고 밝혔다.",확인되지 않은 전망 또는 소문을 최종 확인된 결과처럼 단정한다.,"base, read",False,sell,20
simulation_20260715_000826_158697_23249,2026-03-09,12,pm,A023,0,news_20260309_종목_9fc8dcd6,phasefake_20260309_M01_B,"노사협상 결렬과 쟁의 절차, 삼성전자 노사가 임금·성과급 제도 개편안에 최종 합의했고 반도체 생산 정상화 일정까지 확정했다는 내용이 향후 수주·공급·실적 추정에도 반영되고 있다 시장 반영설…추정치 재점검","노사협상 결렬과 쟁의 절차 관련 소식 이후, 삼성전자 노사가 임금·성과급 제도 개편안에 최종 합의했고 반도체 생산 정상화 일정까지 확정했다는 내용이 향후 수주·공급·실적 추정에도 반영되고 있다는 소문이 사실처럼 유통되고 있다. 시장에서는 관련 수주·공급·실적 기대가 개선될 수 있다는 해석이 제기되고 있다. 관련 거래자들은 해당 주장에 따라 향후 수주·공급·실적 추정치를 다시 점검하는 모습이다.",synthetic_misinformation,삼성전자 노사가 임금·성과급 제도 개편안에 최종 합의했고 반도체 생산 정상화 일정까지 확정했다는 내용이 향후 수주·공급·실적 추정에도 반영되고 있다,"삼성전자는 임금 교섭에서 노조와 합의하지 못했고, 노조는 공동투쟁본부 전환과 쟁의권 확보 절차에 돌입한다고 밝혔다.",확인되지 않은 전망 또는 소문을 최종 확인된 결과처럼 단정한다.,"base, selected",True,sell,1
simulation_20260715_000826_158697_23249,2026-03-09,12,pm,A027,1,news_20260309_종목_9fc8dcd6,phasefake_20260309_M01_B,"노사협상 결렬과 쟁의 절차, 삼성전자 노사가 임금·성과급 제도 개편안에 최종 합의했고 반도체 생산 정상화 일정까지 확정했다는 내용이 향후 수주·공급·실적 추정에도 반영되고 있다 시장 반영설…추정치 재점검","노사협상 결렬과 쟁의 절차 관련 소식 이후, 삼성전자 노사가 임금·성과급 제도 개편안에 최종 합의했고 반도체 생산 정상화 일정까지 확정했다는 내용이 향후 수주·공급·실적 추정에도 반영되고 있다는 소문이 사실처럼 유통되고 있다. 시장에서는 관련 수주·공급·실적 기대가 개선될 수 있다는 해석이 제기되고 있다. 관련 거래자들은 해당 주장에 따라 향후 수주·공급·실적 추정치를 다시 점검하는 모습이다.",synthetic_misinformation,삼성전자 노사가 임금·성과급 제도 개편안에 최종 합의했고 반도체 생산 정상화 일정까지 확정했다는 내용이 향후 수주·공급·실적 추정에도 반영되고 있다,"삼성전자는 임금 교섭에서 노조와 합의하지 못했고, 노조는 공동투쟁본부 전환과 쟁의권 확보 절차에 돌입한다고 밝혔다.",확인되지 않은 전망 또는 소문을 최종 확인된 결과처럼 단정한다.,"base, read, selected",True,sell,100
simulation_20260715_000826_158697_23249,2026-03-09,12,pm,A028,0,news_20260309_종목_9fc8dcd6,phasefake_20260309_M01_B,"노사협상 결렬과 쟁의 절차, 삼성전자 노사가 임금·성과급 제도 개편안에 최종 합의했고 반도체 생산 정상화 일정까지 확정했다는 내용이 향후 수주·공급·실적 추정에도 반영되고 있다 시장 반영설…추정치 재점검","노사협상 결렬과 쟁의 절차 관련 소식 이후, 삼성전자 노사가 임금·성과급 제도 개편안에 최종 합의했고 반도체 생산 정상화 일정까지 확정했다는 내용이 향후 수주·공급·실적 추정에도 반영되고 있다는 소문이 사실처럼 유통되고 있다. 시장에서는 관련 수주·공급·실적 기대가 개선될 수 있다는 해석이 제기되고 있다. 관련 거래자들은 해당 주장에 따라 향후 수주·공급·실적 추정치를 다시 점검하는 모습이다.",synthetic_misinformation,삼성전자 노사가 임금·성과급 제도 개편안에 최종 합의했고 반도체 생산 정상화 일정까지 확정했다는 내용이 향후 수주·공급·실적 추정에도 반영되고 있다,"삼성전자는 임금 교섭에서 노조와 합의하지 못했고, 노조는 공동투쟁본부 전환과 쟁의권 확보 절차에 돌입한다고 밝혔다.",확인되지 않은 전망 또는 소문을 최종 확인된 결과처럼 단정한다.,"base, selected",True,buy,100
simulation_20260715_000826_158697_23249,2026-03-09,12,pm,A029,0,news_20260309_종목_9fc8dcd6,phasefake_20260309_M01_B,"노사협상 결렬과 쟁의 절차, 삼성전자 노사가 임금·성과급 제도 개편안에 최종 합의했고 반도체 생산 정상화 일정까지 확정했다는 내용이 향후 수주·공급·실적 추정에도 반영되고 있다 시장 반영설…추정치 재점검","노사협상 결렬과 쟁의 절차 관련 소식 이후, 삼성전자 노사가 임금·성과급 제도 개편안에 최종 합의했고 반도체 생산 정상화 일정까지 확정했다는 내용이 향후 수주·공급·실적 추정에도 반영되고 있다는 소문이 사실처럼 유통되고 있다. 시장에서는 관련 수주·공급·실적 기대가 개선될 수 있다는 해석이 제기되고 있다. 관련 거래자들은 해당 주장에 따라 향후 수주·공급·실적 추정치를 다시 점검하는 모습이다.",synthetic_misinformation,삼성전자 노사가 임금·성과급 제도 개편안에 최종 합의했고 반도체 생산 정상화 일정까지 확정했다는 내용이 향후 수주·공급·실적 추정에도 반영되고 있다,"삼성전자는 임금 교섭에서 노조와 합의하지 못했고, 노조는 공동투쟁본부 전환과 쟁의권 확보 절차에 돌입한다고 밝혔다.",확인되지 않은 전망 또는 소문을 최종 확인된 결과처럼 단정한다.,"base, selected",True,sell,499
simulation_20260715_000826_158697_23249,2026-03-09,12,pm,A030,0,news_20260309_종목_9fc8dcd6,phasefake_20260309_M01_B,"노사협상 결렬과 쟁의 절차, 삼성전자 노사가 임금·성과급 제도 개편안에 최종 합의했고 반도체 생산 정상화 일정까지 확정했다는 내용이 향후 수주·공급·실적 추정에도 반영되고 있다 시장 반영설…추정치 재점검","노사협상 결렬과 쟁의 절차 관련 소식 이후, 삼성전자 노사가 임금·성과급 제도 개편안에 최종 합의했고 반도체 생산 정상화 일정까지 확정했다는 내용이 향후 수주·공급·실적 추정에도 반영되고 있다는 소문이 사실처럼 유통되고 있다. 시장에서는 관련 수주·공급·실적 기대가 개선될 수 있다는 해석이 제기되고 있다. 관련 거래자들은 해당 주장에 따라 향후 수주·공급·실적 추정치를 다시 점검하는 모습이다.",synthetic_misinformation,삼성전자 노사가 임금·성과급 제도 개편안에 최종 합의했고 반도체 생산 정상화 일정까지 확정했다는 내용이 향후 수주·공급·실적 추정에도 반영되고 있다,"삼성전자는 임금 교섭에서 노조와 합의하지 못했고, 노조는 공동투쟁본부 전환과 쟁의권 확보 절차에 돌입한다고 밝혔다.",확인되지 않은 전망 또는 소문을 최종 확인된 결과처럼 단정한다.,"base, selected",True,buy,10
simulation_20260715_000826_158697_23249,2026-03-16,21,am,A002,0,news_20260316_종목_148bb4af,phasefake_20260316_M02_B,"엔비디아 추론칩 삼성전자 생산, 삼성전자에 배정될 차세대 추론칩 생산 물량이 기존 시장 전망보다 확대될 가능성이 높다는 관측 전망…발표 앞두고 업계 관측","엔비디아의 차세대 AI 추론칩 관련 발표를 앞두고, 삼성전자에 배정될 차세대 추론칩 생산 물량이 기존 시장 전망보다 확대될 가능성이 높다는 관측이 제기되고 있다. 시장에서는 관련 수주·공급·실적 기대가 개선될 수 있다는 해석이 제기되고 있다. 관련 거래자들은 해당 주장에 따라 향후 수주·공급·실적 추정치를 다시 점검하는 모습이다.",synthetic_misinformation,삼성전자에 배정될 차세대 추론칩 생산 물량이 기존 시장 전망보다 확대될 가능성이 높다는 관측,"엔비디아 GTC와 차세대 AI 추론칩 관련 발표 일정은 알려졌지만, 삼성전자 생산 배정 물량은 공개되지 않았다.",원문 근거에 없는 확정 상태·배정·수치가 하나의 핵심 명제로 추가됐다.,base,False,buy,20
simulation_20260715_000826_158697_23249,2026-03-16,21,am,A001,1,news_20260316_종목_148bb4af,phasefake_20260316_M02_B,"엔비디아 추론칩 삼성전자 생산, 삼성전자에 배정될 차세대 추론칩 생산 물량이 기존 시장 전망보다 확대될 가능성이 높다는 관측 전망…발표 앞두고 업계 관측","엔비디아의 차세대 AI 추론칩 관련 발표를 앞두고, 삼성전자에 배정될 차세대 추론칩 생산 물량이 기존 시장 전망보다 확대될 가능성이 높다는 관측이 제기되고 있다. 시장에서는 관련 수주·공급·실적 기대가 개선될 수 있다는 해석이 제기되고 있다. 관련 거래자들은 해당 주장에 따라 향후 수주·공급·실적 추정치를 다시 점검하는 모습이다.",synthetic_misinformation,삼성전자에 배정될 차세대 추론칩 생산 물량이 기존 시장 전망보다 확대될 가능성이 높다는 관측,"엔비디아 GTC와 차세대 AI 추론칩 관련 발표 일정은 알려졌지만, 삼성전자 생산 배정 물량은 공개되지 않았다.",원문 근거에 없는 확정 상태·배정·수치가 하나의 핵심 명제로 추가됐다.,"base, read",False,buy,4
simulation_20260715_000826_158697_23249,2026-03-16,21,am,A003,1,news_20260316_종목_148bb4af,phasefake_20260316_M02_B,"엔비디아 추론칩 삼성전자 생산, 삼성전자에 배정될 차세대 추론칩 생산 물량이 기존 시장 전망보다 확대될 가능성이 높다는 관측 전망…발표 앞두고 업계 관측","엔비디아의 차세대 AI 추론칩 관련 발표를 앞두고, 삼성전자에 배정될 차세대 추론칩 생산 물량이 기존 시장 전망보다 확대될 가능성이 높다는 관측이 제기되고 있다. 시장에서는 관련 수주·공급·실적 기대가 개선될 수 있다는 해석이 제기되고 있다. 관련 거래자들은 해당 주장에 따라 향후 수주·공급·실적 추정치를 다시 점검하는 모습이다.",synthetic_misinformation,삼성전자에 배정될 차세대 추론칩 생산 물량이 기존 시장 전망보다 확대될 가능성이 높다는 관측,"엔비디아 GTC와 차세대 AI 추론칩 관련 발표 일정은 알려졌지만, 삼성전자 생산 배정 물량은 공개되지 않았다.",원문 근거에 없는 확정 상태·배정·수치가 하나의 핵심 명제로 추가됐다.,"base, read, selected",True,buy,3
simulation_20260715_000826_158697_23249,2026-03-16,21,am,A004,1,news_20260316_종목_148bb4af,phasefake_20260316_M02_B,"엔비디아 추론칩 삼성전자 생산, 삼성전자에 배정될 차세대 추론칩 생산 물량이 기존 시장 전망보다 확대될 가능성이 높다는 관측 전망…발표 앞두고 업계 관측","엔비디아의 차세대 AI 추론칩 관련 발표를 앞두고, 삼성전자에 배정될 차세대 추론칩 생산 물량이 기존 시장 전망보다 확대될 가능성이 높다는 관측이 제기되고 있다. 시장에서는 관련 수주·공급·실적 기대가 개선될 수 있다는 해석이 제기되고 있다. 관련 거래자들은 해당 주장에 따라 향후 수주·공급·실적 추정치를 다시 점검하는 모습이다.",synthetic_misinformation,삼성전자에 배정될 차세대 추론칩 생산 물량이 기존 시장 전망보다 확대될 가능성이 높다는 관측,"엔비디아 GTC와 차세대 AI 추론칩 관련 발표 일정은 알려졌지만, 삼성전자 생산 배정 물량은 공개되지 않았다.",원문 근거에 없는 확정 상태·배정·수치가 하나의 핵심 명제로 추가됐다.,"base, read, selected",True,sell,200
simulation_20260715_000826_158697_23249,2026-03-16,21,am,A005,1,news_20260316_종목_148bb4af,phasefake_20260316_M02_B,"엔비디아 추론칩 삼성전자 생산, 삼성전자에 배정될 차세대 추론칩 생산 물량이 기존 시장 전망보다 확대될 가능성이 높다는 관측 전망…발표 앞두고 업계 관측","엔비디아의 차세대 AI 추론칩 관련 발표를 앞두고, 삼성전자에 배정될 차세대 추론칩 생산 물량이 기존 시장 전망보다 확대될 가능성이 높다는 관측이 제기되고 있다. 시장에서는 관련 수주·공급·실적 기대가 개선될 수 있다는 해석이 제기되고 있다. 관련 거래자들은 해당 주장에 따라 향후 수주·공급·실적 추정치를 다시 점검하는 모습이다.",synthetic_misinformation,삼성전자에 배정될 차세대 추론칩 생산 물량이 기존 시장 전망보다 확대될 가능성이 높다는 관측,"엔비디아 GTC와 차세대 AI 추론칩 관련 발표 일정은 알려졌지만, 삼성전자 생산 배정 물량은 공개되지 않았다.",원문 근거에 없는 확정 상태·배정·수치가 하나의 핵심 명제로 추가됐다.,"base, read, selected",True,sell,1
simulation_20260715_000826_158697_23249,2026-03-16,21,am,A006,1,news_20260316_종목_148bb4af,phasefake_20260316_M02_B,"엔비디아 추론칩 삼성전자 생산, 삼성전자에 배정될 차세대 추론칩 생산 물량이 기존 시장 전망보다 확대될 가능성이 높다는 관측 전망…발표 앞두고 업계 관측","엔비디아의 차세대 AI 추론칩 관련 발표를 앞두고, 삼성전자에 배정될 차세대 추론칩 생산 물량이 기존 시장 전망보다 확대될 가능성이 높다는 관측이 제기되고 있다. 시장에서는 관련 수주·공급·실적 기대가 개선될 수 있다는 해석이 제기되고 있다. 관련 거래자들은 해당 주장에 따라 향후 수주·공급·실적 추정치를 다시 점검하는 모습이다.",synthetic_misinformation,삼성전자에 배정될 차세대 추론칩 생산 물량이 기존 시장 전망보다 확대될 가능성이 높다는 관측,"엔비디아 GTC와 차세대 AI 추론칩 관련 발표 일정은 알려졌지만, 삼성전자 생산 배정 물량은 공개되지 않았다.",원문 근거에 없는 확정 상태·배정·수치가 하나의 핵심 명제로 추가됐다.,"base, read, selected",True,sell,1
simulation_20260715_000826_158697_23249,2026-03-16,21,am,A008,1,news_20260316_종목_148bb4af,phasefake_20260316_M02_B,"엔비디아 추론칩 삼성전자 생산, 삼성전자에 배정될 차세대 추론칩 생산 물량이 기존 시장 전망보다 확대될 가능성이 높다는 관측 전망…발표 앞두고 업계 관측","엔비디아의 차세대 AI 추론칩 관련 발표를 앞두고, 삼성전자에 배정될 차세대 추론칩 생산 물량이 기존 시장 전망보다 확대될 가능성이 높다는 관측이 제기되고 있다. 시장에서는 관련 수주·공급·실적 기대가 개선될 수 있다는 해석이 제기되고 있다. 관련 거래자들은 해당 주장에 따라 향후 수주·공급·실적 추정치를 다시 점검하는 모습이다.",synthetic_misinformation,삼성전자에 배정될 차세대 추론칩 생산 물량이 기존 시장 전망보다 확대될 가능성이 높다는 관측,"엔비디아 GTC와 차세대 AI 추론칩 관련 발표 일정은 알려졌지만, 삼성전자 생산 배정 물량은 공개되지 않았다.",원문 근거에 없는 확정 상태·배정·수치가 하나의 핵심 명제로 추가됐다.,"base, read, selected",True,buy,50
simulation_20260715_000826_158697_23249,2026-03-16,21,am,A007,2,news_20260316_종목_148bb4af,phasefake_20260316_M02_B,"엔비디아 추론칩 삼성전자 생산, 삼성전자에 배정될 차세대 추론칩 생산 물량이 기존 시장 전망보다 확대될 가능성이 높다는 관측 전망…발표 앞두고 업계 관측","엔비디아의 차세대 AI 추론칩 관련 발표를 앞두고, 삼성전자에 배정될 차세대 추론칩 생산 물량이 기존 시장 전망보다 확대될 가능성이 높다는 관측이 제기되고 있다. 시장에서는 관련 수주·공급·실적 기대가 개선될 수 있다는 해석이 제기되고 있다. 관련 거래자들은 해당 주장에 따라 향후 수주·공급·실적 추정치를 다시 점검하는 모습이다.",synthetic_misinformation,삼성전자에 배정될 차세대 추론칩 생산 물량이 기존 시장 전망보다 확대될 가능성이 높다는 관측,"엔비디아 GTC와 차세대 AI 추론칩 관련 발표 일정은 알려졌지만, 삼성전자 생산 배정 물량은 공개되지 않았다.",원문 근거에 없는 확정 상태·배정·수치가 하나의 핵심 명제로 추가됐다.,"base, read, search, selected",True,buy,3
simulation_20260715_000826_158697_23249,2026-03-16,21,am,A009,0,news_20260316_종목_148bb4af,phasefake_20260316_M02_B,"엔비디아 추론칩 삼성전자 생산, 삼성전자에 배정될 차세대 추론칩 생산 물량이 기존 시장 전망보다 확대될 가능성이 높다는 관측 전망…발표 앞두고 업계 관측","엔비디아의 차세대 AI 추론칩 관련 발표를 앞두고, 삼성전자에 배정될 차세대 추론칩 생산 물량이 기존 시장 전망보다 확대될 가능성이 높다는 관측이 제기되고 있다. 시장에서는 관련 수주·공급·실적 기대가 개선될 수 있다는 해석이 제기되고 있다. 관련 거래자들은 해당 주장에 따라 향후 수주·공급·실적 추정치를 다시 점검하는 모습이다.",synthetic_misinformation,삼성전자에 배정될 차세대 추론칩 생산 물량이 기존 시장 전망보다 확대될 가능성이 높다는 관측,"엔비디아 GTC와 차세대 AI 추론칩 관련 발표 일정은 알려졌지만, 삼성전자 생산 배정 물량은 공개되지 않았다.",원문 근거에 없는 확정 상태·배정·수치가 하나의 핵심 명제로 추가됐다.,"base, selected",True,buy,100
simulation_20260715_000826_158697_23249,2026-03-16,21,am,A011,1,news_20260316_종목_148bb4af,phasefake_20260316_M02_B,"엔비디아 추론칩 삼성전자 생산, 삼성전자에 배정될 차세대 추론칩 생산 물량이 기존 시장 전망보다 확대될 가능성이 높다는 관측 전망…발표 앞두고 업계 관측","엔비디아의 차세대 AI 추론칩 관련 발표를 앞두고, 삼성전자에 배정될 차세대 추론칩 생산 물량이 기존 시장 전망보다 확대될 가능성이 높다는 관측이 제기되고 있다. 시장에서는 관련 수주·공급·실적 기대가 개선될 수 있다는 해석이 제기되고 있다. 관련 거래자들은 해당 주장에 따라 향후 수주·공급·실적 추정치를 다시 점검하는 모습이다.",synthetic_misinformation,삼성전자에 배정될 차세대 추론칩 생산 물량이 기존 시장 전망보다 확대될 가능성이 높다는 관측,"엔비디아 GTC와 차세대 AI 추론칩 관련 발표 일정은 알려졌지만, 삼성전자 생산 배정 물량은 공개되지 않았다.",원문 근거에 없는 확정 상태·배정·수치가 하나의 핵심 명제로 추가됐다.,"base, read, selected",True,buy,1
simulation_20260715_000826_158697_23249,2026-03-16,21,am,A010,1,news_20260316_종목_148bb4af,phasefake_20260316_M02_B,"엔비디아 추론칩 삼성전자 생산, 삼성전자에 배정될 차세대 추론칩 생산 물량이 기존 시장 전망보다 확대될 가능성이 높다는 관측 전망…발표 앞두고 업계 관측","엔비디아의 차세대 AI 추론칩 관련 발표를 앞두고, 삼성전자에 배정될 차세대 추론칩 생산 물량이 기존 시장 전망보다 확대될 가능성이 높다는 관측이 제기되고 있다. 시장에서는 관련 수주·공급·실적 기대가 개선될 수 있다는 해석이 제기되고 있다. 관련 거래자들은 해당 주장에 따라 향후 수주·공급·실적 추정치를 다시 점검하는 모습이다.",synthetic_misinformation,삼성전자에 배정될 차세대 추론칩 생산 물량이 기존 시장 전망보다 확대될 가능성이 높다는 관측,"엔비디아 GTC와 차세대 AI 추론칩 관련 발표 일정은 알려졌지만, 삼성전자 생산 배정 물량은 공개되지 않았다.",원문 근거에 없는 확정 상태·배정·수치가 하나의 핵심 명제로 추가됐다.,"base, read, selected",True,sell,1
simulation_20260715_000826_158697_23249,2026-03-16,21,am,A012,1,news_20260316_종목_148bb4af,phasefake_20260316_M02_B,"엔비디아 추론칩 삼성전자 생산, 삼성전자에 배정될 차세대 추론칩 생산 물량이 기존 시장 전망보다 확대될 가능성이 높다는 관측 전망…발표 앞두고 업계 관측","엔비디아의 차세대 AI 추론칩 관련 발표를 앞두고, 삼성전자에 배정될 차세대 추론칩 생산 물량이 기존 시장 전망보다 확대될 가능성이 높다는 관측이 제기되고 있다. 시장에서는 관련 수주·공급·실적 기대가 개선될 수 있다는 해석이 제기되고 있다. 관련 거래자들은 해당 주장에 따라 향후 수주·공급·실적 추정치를 다시 점검하는 모습이다.",synthetic_misinformation,삼성전자에 배정될 차세대 추론칩 생산 물량이 기존 시장 전망보다 확대될 가능성이 높다는 관측,"엔비디아 GTC와 차세대 AI 추론칩 관련 발표 일정은 알려졌지만, 삼성전자 생산 배정 물량은 공개되지 않았다.",원문 근거에 없는 확정 상태·배정·수치가 하나의 핵심 명제로 추가됐다.,"base, read, selected",True,sell,100
simulation_20260715_000826_158697_23249,2026-03-16,21,am,A013,1,news_20260316_종목_148bb4af,phasefake_20260316_M02_B,"엔비디아 추론칩 삼성전자 생산, 삼성전자에 배정될 차세대 추론칩 생산 물량이 기존 시장 전망보다 확대될 가능성이 높다는 관측 전망…발표 앞두고 업계 관측","엔비디아의 차세대 AI 추론칩 관련 발표를 앞두고, 삼성전자에 배정될 차세대 추론칩 생산 물량이 기존 시장 전망보다 확대될 가능성이 높다는 관측이 제기되고 있다. 시장에서는 관련 수주·공급·실적 기대가 개선될 수 있다는 해석이 제기되고 있다. 관련 거래자들은 해당 주장에 따라 향후 수주·공급·실적 추정치를 다시 점검하는 모습이다.",synthetic_misinformation,삼성전자에 배정될 차세대 추론칩 생산 물량이 기존 시장 전망보다 확대될 가능성이 높다는 관측,"엔비디아 GTC와 차세대 AI 추론칩 관련 발표 일정은 알려졌지만, 삼성전자 생산 배정 물량은 공개되지 않았다.",원문 근거에 없는 확정 상태·배정·수치가 하나의 핵심 명제로 추가됐다.,"base, read, selected",True,buy,1
simulation_20260715_000826_158697_23249,2026-03-16,21,am,A014,1,news_20260316_종목_148bb4af,phasefake_20260316_M02_B,"엔비디아 추론칩 삼성전자 생산, 삼성전자에 배정될 차세대 추론칩 생산 물량이 기존 시장 전망보다 확대될 가능성이 높다는 관측 전망…발표 앞두고 업계 관측","엔비디아의 차세대 AI 추론칩 관련 발표를 앞두고, 삼성전자에 배정될 차세대 추론칩 생산 물량이 기존 시장 전망보다 확대될 가능성이 높다는 관측이 제기되고 있다. 시장에서는 관련 수주·공급·실적 기대가 개선될 수 있다는 해석이 제기되고 있다. 관련 거래자들은 해당 주장에 따라 향후 수주·공급·실적 추정치를 다시 점검하는 모습이다.",synthetic_misinformation,삼성전자에 배정될 차세대 추론칩 생산 물량이 기존 시장 전망보다 확대될 가능성이 높다는 관측,"엔비디아 GTC와 차세대 AI 추론칩 관련 발표 일정은 알려졌지만, 삼성전자 생산 배정 물량은 공개되지 않았다.",원문 근거에 없는 확정 상태·배정·수치가 하나의 핵심 명제로 추가됐다.,"base, read, selected",True,buy,10
simulation_20260715_000826_158697_23249,2026-03-16,21,am,A016,0,news_20260316_종목_148bb4af,phasefake_20260316_M02_B,"엔비디아 추론칩 삼성전자 생산, 삼성전자에 배정될 차세대 추론칩 생산 물량이 기존 시장 전망보다 확대될 가능성이 높다는 관측 전망…발표 앞두고 업계 관측","엔비디아의 차세대 AI 추론칩 관련 발표를 앞두고, 삼성전자에 배정될 차세대 추론칩 생산 물량이 기존 시장 전망보다 확대될 가능성이 높다는 관측이 제기되고 있다. 시장에서는 관련 수주·공급·실적 기대가 개선될 수 있다는 해석이 제기되고 있다. 관련 거래자들은 해당 주장에 따라 향후 수주·공급·실적 추정치를 다시 점검하는 모습이다.",synthetic_misinformation,삼성전자에 배정될 차세대 추론칩 생산 물량이 기존 시장 전망보다 확대될 가능성이 높다는 관측,"엔비디아 GTC와 차세대 AI 추론칩 관련 발표 일정은 알려졌지만, 삼성전자 생산 배정 물량은 공개되지 않았다.",원문 근거에 없는 확정 상태·배정·수치가 하나의 핵심 명제로 추가됐다.,"base, selected",True,buy,50
simulation_20260715_000826_158697_23249,2026-03-16,21,am,A015,2,news_20260316_종목_148bb4af,phasefake_20260316_M02_B,"엔비디아 추론칩 삼성전자 생산, 삼성전자에 배정될 차세대 추론칩 생산 물량이 기존 시장 전망보다 확대될 가능성이 높다는 관측 전망…발표 앞두고 업계 관측","엔비디아의 차세대 AI 추론칩 관련 발표를 앞두고, 삼성전자에 배정될 차세대 추론칩 생산 물량이 기존 시장 전망보다 확대될 가능성이 높다는 관측이 제기되고 있다. 시장에서는 관련 수주·공급·실적 기대가 개선될 수 있다는 해석이 제기되고 있다. 관련 거래자들은 해당 주장에 따라 향후 수주·공급·실적 추정치를 다시 점검하는 모습이다.",synthetic_misinformation,삼성전자에 배정될 차세대 추론칩 생산 물량이 기존 시장 전망보다 확대될 가능성이 높다는 관측,"엔비디아 GTC와 차세대 AI 추론칩 관련 발표 일정은 알려졌지만, 삼성전자 생산 배정 물량은 공개되지 않았다.",원문 근거에 없는 확정 상태·배정·수치가 하나의 핵심 명제로 추가됐다.,"base, read, search, selected",True,sell,1
simulation_20260715_000826_158697_23249,2026-03-16,21,am,A018,0,news_20260316_종목_148bb4af,phasefake_20260316_M02_B,"엔비디아 추론칩 삼성전자 생산, 삼성전자에 배정될 차세대 추론칩 생산 물량이 기존 시장 전망보다 확대될 가능성이 높다는 관측 전망…발표 앞두고 업계 관측","엔비디아의 차세대 AI 추론칩 관련 발표를 앞두고, 삼성전자에 배정될 차세대 추론칩 생산 물량이 기존 시장 전망보다 확대될 가능성이 높다는 관측이 제기되고 있다. 시장에서는 관련 수주·공급·실적 기대가 개선될 수 있다는 해석이 제기되고 있다. 관련 거래자들은 해당 주장에 따라 향후 수주·공급·실적 추정치를 다시 점검하는 모습이다.",synthetic_misinformation,삼성전자에 배정될 차세대 추론칩 생산 물량이 기존 시장 전망보다 확대될 가능성이 높다는 관측,"엔비디아 GTC와 차세대 AI 추론칩 관련 발표 일정은 알려졌지만, 삼성전자 생산 배정 물량은 공개되지 않았다.",원문 근거에 없는 확정 상태·배정·수치가 하나의 핵심 명제로 추가됐다.,"base, selected",True,buy,3
simulation_20260715_000826_158697_23249,2026-03-16,21,am,A019,1,news_20260316_종목_148bb4af,phasefake_20260316_M02_B,"엔비디아 추론칩 삼성전자 생산, 삼성전자에 배정될 차세대 추론칩 생산 물량이 기존 시장 전망보다 확대될 가능성이 높다는 관측 전망…발표 앞두고 업계 관측","엔비디아의 차세대 AI 추론칩 관련 발표를 앞두고, 삼성전자에 배정될 차세대 추론칩 생산 물량이 기존 시장 전망보다 확대될 가능성이 높다는 관측이 제기되고 있다. 시장에서는 관련 수주·공급·실적 기대가 개선될 수 있다는 해석이 제기되고 있다. 관련 거래자들은 해당 주장에 따라 향후 수주·공급·실적 추정치를 다시 점검하는 모습이다.",synthetic_misinformation,삼성전자에 배정될 차세대 추론칩 생산 물량이 기존 시장 전망보다 확대될 가능성이 높다는 관측,"엔비디아 GTC와 차세대 AI 추론칩 관련 발표 일정은 알려졌지만, 삼성전자 생산 배정 물량은 공개되지 않았다.",원문 근거에 없는 확정 상태·배정·수치가 하나의 핵심 명제로 추가됐다.,"base, read, selected",True,buy,1
simulation_20260715_000826_158697_23249,2026-03-16,21,am,A017,2,news_20260316_종목_148bb4af,phasefake_20260316_M02_B,"엔비디아 추론칩 삼성전자 생산, 삼성전자에 배정될 차세대 추론칩 생산 물량이 기존 시장 전망보다 확대될 가능성이 높다는 관측 전망…발표 앞두고 업계 관측","엔비디아의 차세대 AI 추론칩 관련 발표를 앞두고, 삼성전자에 배정될 차세대 추론칩 생산 물량이 기존 시장 전망보다 확대될 가능성이 높다는 관측이 제기되고 있다. 시장에서는 관련 수주·공급·실적 기대가 개선될 수 있다는 해석이 제기되고 있다. 관련 거래자들은 해당 주장에 따라 향후 수주·공급·실적 추정치를 다시 점검하는 모습이다.",synthetic_misinformation,삼성전자에 배정될 차세대 추론칩 생산 물량이 기존 시장 전망보다 확대될 가능성이 높다는 관측,"엔비디아 GTC와 차세대 AI 추론칩 관련 발표 일정은 알려졌지만, 삼성전자 생산 배정 물량은 공개되지 않았다.",원문 근거에 없는 확정 상태·배정·수치가 하나의 핵심 명제로 추가됐다.,"base, read, search, selected",True,sell,10
simulation_20260715_000826_158697_23249,2026-03-16,21,am,A022,1,news_20260316_종목_148bb4af,phasefake_20260316_M02_B,"엔비디아 추론칩 삼성전자 생산, 삼성전자에 배정될 차세대 추론칩 생산 물량이 기존 시장 전망보다 확대될 가능성이 높다는 관측 전망…발표 앞두고 업계 관측","엔비디아의 차세대 AI 추론칩 관련 발표를 앞두고, 삼성전자에 배정될 차세대 추론칩 생산 물량이 기존 시장 전망보다 확대될 가능성이 높다는 관측이 제기되고 있다. 시장에서는 관련 수주·공급·실적 기대가 개선될 수 있다는 해석이 제기되고 있다. 관련 거래자들은 해당 주장에 따라 향후 수주·공급·실적 추정치를 다시 점검하는 모습이다.",synthetic_misinformation,삼성전자에 배정될 차세대 추론칩 생산 물량이 기존 시장 전망보다 확대될 가능성이 높다는 관측,"엔비디아 GTC와 차세대 AI 추론칩 관련 발표 일정은 알려졌지만, 삼성전자 생산 배정 물량은 공개되지 않았다.",원문 근거에 없는 확정 상태·배정·수치가 하나의 핵심 명제로 추가됐다.,"base, read, selected",True,buy,2
simulation_20260715_000826_158697_23249,2026-03-16,21,am,A023,0,news_20260316_종목_148bb4af,phasefake_20260316_M02_B,"엔비디아 추론칩 삼성전자 생산, 삼성전자에 배정될 차세대 추론칩 생산 물량이 기존 시장 전망보다 확대될 가능성이 높다는 관측 전망…발표 앞두고 업계 관측","엔비디아의 차세대 AI 추론칩 관련 발표를 앞두고, 삼성전자에 배정될 차세대 추론칩 생산 물량이 기존 시장 전망보다 확대될 가능성이 높다는 관측이 제기되고 있다. 시장에서는 관련 수주·공급·실적 기대가 개선될 수 있다는 해석이 제기되고 있다. 관련 거래자들은 해당 주장에 따라 향후 수주·공급·실적 추정치를 다시 점검하는 모습이다.",synthetic_misinformation,삼성전자에 배정될 차세대 추론칩 생산 물량이 기존 시장 전망보다 확대될 가능성이 높다는 관측,"엔비디아 GTC와 차세대 AI 추론칩 관련 발표 일정은 알려졌지만, 삼성전자 생산 배정 물량은 공개되지 않았다.",원문 근거에 없는 확정 상태·배정·수치가 하나의 핵심 명제로 추가됐다.,"base, selected",True,buy,1
simulation_20260715_000826_158697_23249,2026-03-16,21,am,A020,2,news_20260316_종목_148bb4af,phasefake_20260316_M02_B,"엔비디아 추론칩 삼성전자 생산, 삼성전자에 배정될 차세대 추론칩 생산 물량이 기존 시장 전망보다 확대될 가능성이 높다는 관측 전망…발표 앞두고 업계 관측","엔비디아의 차세대 AI 추론칩 관련 발표를 앞두고, 삼성전자에 배정될 차세대 추론칩 생산 물량이 기존 시장 전망보다 확대될 가능성이 높다는 관측이 제기되고 있다. 시장에서는 관련 수주·공급·실적 기대가 개선될 수 있다는 해석이 제기되고 있다. 관련 거래자들은 해당 주장에 따라 향후 수주·공급·실적 추정치를 다시 점검하는 모습이다.",synthetic_misinformation,삼성전자에 배정될 차세대 추론칩 생산 물량이 기존 시장 전망보다 확대될 가능성이 높다는 관측,"엔비디아 GTC와 차세대 AI 추론칩 관련 발표 일정은 알려졌지만, 삼성전자 생산 배정 물량은 공개되지 않았다.",원문 근거에 없는 확정 상태·배정·수치가 하나의 핵심 명제로 추가됐다.,"base, read, search, selected",True,buy,1
simulation_20260715_000826_158697_23249,2026-03-16,21,am,A025,1,news_20260316_종목_148bb4af,phasefake_20260316_M02_B,"엔비디아 추론칩 삼성전자 생산, 삼성전자에 배정될 차세대 추론칩 생산 물량이 기존 시장 전망보다 확대될 가능성이 높다는 관측 전망…발표 앞두고 업계 관측","엔비디아의 차세대 AI 추론칩 관련 발표를 앞두고, 삼성전자에 배정될 차세대 추론칩 생산 물량이 기존 시장 전망보다 확대될 가능성이 높다는 관측이 제기되고 있다. 시장에서는 관련 수주·공급·실적 기대가 개선될 수 있다는 해석이 제기되고 있다. 관련 거래자들은 해당 주장에 따라 향후 수주·공급·실적 추정치를 다시 점검하는 모습이다.",synthetic_misinformation,삼성전자에 배정될 차세대 추론칩 생산 물량이 기존 시장 전망보다 확대될 가능성이 높다는 관측,"엔비디아 GTC와 차세대 AI 추론칩 관련 발표 일정은 알려졌지만, 삼성전자 생산 배정 물량은 공개되지 않았다.",원문 근거에 없는 확정 상태·배정·수치가 하나의 핵심 명제로 추가됐다.,"base, read, selected",True,buy,30
simulation_20260715_000826_158697_23249,2026-03-16,21,am,A021,0,news_20260316_종목_148bb4af,phasefake_20260316_M02_B,"엔비디아 추론칩 삼성전자 생산, 삼성전자에 배정될 차세대 추론칩 생산 물량이 기존 시장 전망보다 확대될 가능성이 높다는 관측 전망…발표 앞두고 업계 관측","엔비디아의 차세대 AI 추론칩 관련 발표를 앞두고, 삼성전자에 배정될 차세대 추론칩 생산 물량이 기존 시장 전망보다 확대될 가능성이 높다는 관측이 제기되고 있다. 시장에서는 관련 수주·공급·실적 기대가 개선될 수 있다는 해석이 제기되고 있다. 관련 거래자들은 해당 주장에 따라 향후 수주·공급·실적 추정치를 다시 점검하는 모습이다.",synthetic_misinformation,삼성전자에 배정될 차세대 추론칩 생산 물량이 기존 시장 전망보다 확대될 가능성이 높다는 관측,"엔비디아 GTC와 차세대 AI 추론칩 관련 발표 일정은 알려졌지만, 삼성전자 생산 배정 물량은 공개되지 않았다.",원문 근거에 없는 확정 상태·배정·수치가 하나의 핵심 명제로 추가됐다.,"base, selected",True,buy,19
simulation_20260715_000826_158697_23249,2026-03-16,21,am,A026,1,news_20260316_종목_148bb4af,phasefake_20260316_M02_B,"엔비디아 추론칩 삼성전자 생산, 삼성전자에 배정될 차세대 추론칩 생산 물량이 기존 시장 전망보다 확대될 가능성이 높다는 관측 전망…발표 앞두고 업계 관측","엔비디아의 차세대 AI 추론칩 관련 발표를 앞두고, 삼성전자에 배정될 차세대 추론칩 생산 물량이 기존 시장 전망보다 확대될 가능성이 높다는 관측이 제기되고 있다. 시장에서는 관련 수주·공급·실적 기대가 개선될 수 있다는 해석이 제기되고 있다. 관련 거래자들은 해당 주장에 따라 향후 수주·공급·실적 추정치를 다시 점검하는 모습이다.",synthetic_misinformation,삼성전자에 배정될 차세대 추론칩 생산 물량이 기존 시장 전망보다 확대될 가능성이 높다는 관측,"엔비디아 GTC와 차세대 AI 추론칩 관련 발표 일정은 알려졌지만, 삼성전자 생산 배정 물량은 공개되지 않았다.",원문 근거에 없는 확정 상태·배정·수치가 하나의 핵심 명제로 추가됐다.,"base, read, selected",True,buy,1
simulation_20260715_000826_158697_23249,2026-03-16,21,am,A027,1,news_20260316_종목_148bb4af,phasefake_20260316_M02_B,"엔비디아 추론칩 삼성전자 생산, 삼성전자에 배정될 차세대 추론칩 생산 물량이 기존 시장 전망보다 확대될 가능성이 높다는 관측 전망…발표 앞두고 업계 관측","엔비디아의 차세대 AI 추론칩 관련 발표를 앞두고, 삼성전자에 배정될 차세대 추론칩 생산 물량이 기존 시장 전망보다 확대될 가능성이 높다는 관측이 제기되고 있다. 시장에서는 관련 수주·공급·실적 기대가 개선될 수 있다는 해석이 제기되고 있다. 관련 거래자들은 해당 주장에 따라 향후 수주·공급·실적 추정치를 다시 점검하는 모습이다.",synthetic_misinformation,삼성전자에 배정될 차세대 추론칩 생산 물량이 기존 시장 전망보다 확대될 가능성이 높다는 관측,"엔비디아 GTC와 차세대 AI 추론칩 관련 발표 일정은 알려졌지만, 삼성전자 생산 배정 물량은 공개되지 않았다.",원문 근거에 없는 확정 상태·배정·수치가 하나의 핵심 명제로 추가됐다.,"base, read, selected",True,buy,60
simulation_20260715_000826_158697_23249,2026-03-16,21,am,A028,0,news_20260316_종목_148bb4af,phasefake_20260316_M02_B,"엔비디아 추론칩 삼성전자 생산, 삼성전자에 배정될 차세대 추론칩 생산 물량이 기존 시장 전망보다 확대될 가능성이 높다는 관측 전망…발표 앞두고 업계 관측","엔비디아의 차세대 AI 추론칩 관련 발표를 앞두고, 삼성전자에 배정될 차세대 추론칩 생산 물량이 기존 시장 전망보다 확대될 가능성이 높다는 관측이 제기되고 있다. 시장에서는 관련 수주·공급·실적 기대가 개선될 수 있다는 해석이 제기되고 있다. 관련 거래자들은 해당 주장에 따라 향후 수주·공급·실적 추정치를 다시 점검하는 모습이다.",synthetic_misinformation,삼성전자에 배정될 차세대 추론칩 생산 물량이 기존 시장 전망보다 확대될 가능성이 높다는 관측,"엔비디아 GTC와 차세대 AI 추론칩 관련 발표 일정은 알려졌지만, 삼성전자 생산 배정 물량은 공개되지 않았다.",원문 근거에 없는 확정 상태·배정·수치가 하나의 핵심 명제로 추가됐다.,"base, selected",True,buy,22
simulation_20260715_000826_158697_23249,2026-03-16,21,am,A029,0,news_20260316_종목_148bb4af,phasefake_20260316_M02_B,"엔비디아 추론칩 삼성전자 생산, 삼성전자에 배정될 차세대 추론칩 생산 물량이 기존 시장 전망보다 확대될 가능성이 높다는 관측 전망…발표 앞두고 업계 관측","엔비디아의 차세대 AI 추론칩 관련 발표를 앞두고, 삼성전자에 배정될 차세대 추론칩 생산 물량이 기존 시장 전망보다 확대될 가능성이 높다는 관측이 제기되고 있다. 시장에서는 관련 수주·공급·실적 기대가 개선될 수 있다는 해석이 제기되고 있다. 관련 거래자들은 해당 주장에 따라 향후 수주·공급·실적 추정치를 다시 점검하는 모습이다.",synthetic_misinformation,삼성전자에 배정될 차세대 추론칩 생산 물량이 기존 시장 전망보다 확대될 가능성이 높다는 관측,"엔비디아 GTC와 차세대 AI 추론칩 관련 발표 일정은 알려졌지만, 삼성전자 생산 배정 물량은 공개되지 않았다.",원문 근거에 없는 확정 상태·배정·수치가 하나의 핵심 명제로 추가됐다.,"base, selected",True,buy,6
simulation_20260715_000826_158697_23249,2026-03-16,21,am,A024,0,news_20260316_종목_148bb4af,phasefake_20260316_M02_B,"엔비디아 추론칩 삼성전자 생산, 삼성전자에 배정될 차세대 추론칩 생산 물량이 기존 시장 전망보다 확대될 가능성이 높다는 관측 전망…발표 앞두고 업계 관측","엔비디아의 차세대 AI 추론칩 관련 발표를 앞두고, 삼성전자에 배정될 차세대 추론칩 생산 물량이 기존 시장 전망보다 확대될 가능성이 높다는 관측이 제기되고 있다. 시장에서는 관련 수주·공급·실적 기대가 개선될 수 있다는 해석이 제기되고 있다. 관련 거래자들은 해당 주장에 따라 향후 수주·공급·실적 추정치를 다시 점검하는 모습이다.",synthetic_misinformation,삼성전자에 배정될 차세대 추론칩 생산 물량이 기존 시장 전망보다 확대될 가능성이 높다는 관측,"엔비디아 GTC와 차세대 AI 추론칩 관련 발표 일정은 알려졌지만, 삼성전자 생산 배정 물량은 공개되지 않았다.",원문 근거에 없는 확정 상태·배정·수치가 하나의 핵심 명제로 추가됐다.,"base, selected",True,buy,100
simulation_20260715_000826_158697_23249,2026-03-16,21,am,A030,0,news_20260316_종목_148bb4af,phasefake_20260316_M02_B,"엔비디아 추론칩 삼성전자 생산, 삼성전자에 배정될 차세대 추론칩 생산 물량이 기존 시장 전망보다 확대될 가능성이 높다는 관측 전망…발표 앞두고 업계 관측","엔비디아의 차세대 AI 추론칩 관련 발표를 앞두고, 삼성전자에 배정될 차세대 추론칩 생산 물량이 기존 시장 전망보다 확대될 가능성이 높다는 관측이 제기되고 있다. 시장에서는 관련 수주·공급·실적 기대가 개선될 수 있다는 해석이 제기되고 있다. 관련 거래자들은 해당 주장에 따라 향후 수주·공급·실적 추정치를 다시 점검하는 모습이다.",synthetic_misinformation,삼성전자에 배정될 차세대 추론칩 생산 물량이 기존 시장 전망보다 확대될 가능성이 높다는 관측,"엔비디아 GTC와 차세대 AI 추론칩 관련 발표 일정은 알려졌지만, 삼성전자 생산 배정 물량은 공개되지 않았다.",원문 근거에 없는 확정 상태·배정·수치가 하나의 핵심 명제로 추가됐다.,"base, selected",True,buy,1
simulation_20260715_000826_158697_23249,2026-03-17,24,pm,A003,1,news_20260317_종목_1695fe30,phasefake_20260317_M02_B,"엔비디아 추론칩 삼성전자 생산, 삼성전자 생산 배정 확대안이 사실상 조율됐다는 업계 관측 조율설…관계자 발언 확산","엔비디아의 차세대 AI 추론칩 관련 발표를 앞두고, 삼성전자 생산 배정 확대안이 사실상 조율됐다는 업계 관측이 제기되고 있다. 시장에서는 관련 수주·공급·실적 기대가 개선될 수 있다는 해석이 제기되고 있다. 관련 거래자들은 해당 주장에 따라 향후 수주·공급·실적 추정치를 다시 점검하는 모습이다.",synthetic_misinformation,삼성전자 생산 배정 확대안이 사실상 조율됐다는 업계 관측,"엔비디아 GTC와 차세대 AI 추론칩 관련 발표 일정은 알려졌지만, 삼성전자 생산 배정 물량은 공개되지 않았다.",원문 근거에 없는 확정 상태·배정·수치가 하나의 핵심 명제로 추가됐다.,"base, read, selected",True,sell,100
simulation_20260715_000826_158697_23249,2026-03-17,24,pm,A002,0,news_20260317_종목_1695fe30,phasefake_20260317_M02_B,"엔비디아 추론칩 삼성전자 생산, 삼성전자 생산 배정 확대안이 사실상 조율됐다는 업계 관측 조율설…관계자 발언 확산","엔비디아의 차세대 AI 추론칩 관련 발표를 앞두고, 삼성전자 생산 배정 확대안이 사실상 조율됐다는 업계 관측이 제기되고 있다. 시장에서는 관련 수주·공급·실적 기대가 개선될 수 있다는 해석이 제기되고 있다. 관련 거래자들은 해당 주장에 따라 향후 수주·공급·실적 추정치를 다시 점검하는 모습이다.",synthetic_misinformation,삼성전자 생산 배정 확대안이 사실상 조율됐다는 업계 관측,"엔비디아 GTC와 차세대 AI 추론칩 관련 발표 일정은 알려졌지만, 삼성전자 생산 배정 물량은 공개되지 않았다.",원문 근거에 없는 확정 상태·배정·수치가 하나의 핵심 명제로 추가됐다.,"base, selected",True,sell,10
simulation_20260715_000826_158697_23249,2026-03-17,24,pm,A004,1,news_20260317_종목_1695fe30,phasefake_20260317_M02_B,"엔비디아 추론칩 삼성전자 생산, 삼성전자 생산 배정 확대안이 사실상 조율됐다는 업계 관측 조율설…관계자 발언 확산","엔비디아의 차세대 AI 추론칩 관련 발표를 앞두고, 삼성전자 생산 배정 확대안이 사실상 조율됐다는 업계 관측이 제기되고 있다. 시장에서는 관련 수주·공급·실적 기대가 개선될 수 있다는 해석이 제기되고 있다. 관련 거래자들은 해당 주장에 따라 향후 수주·공급·실적 추정치를 다시 점검하는 모습이다.",synthetic_misinformation,삼성전자 생산 배정 확대안이 사실상 조율됐다는 업계 관측,"엔비디아 GTC와 차세대 AI 추론칩 관련 발표 일정은 알려졌지만, 삼성전자 생산 배정 물량은 공개되지 않았다.",원문 근거에 없는 확정 상태·배정·수치가 하나의 핵심 명제로 추가됐다.,"base, read, selected",True,buy,100
simulation_20260715_000826_158697_23249,2026-03-17,24,pm,A001,1,news_20260317_종목_1695fe30,phasefake_20260317_M02_B,"엔비디아 추론칩 삼성전자 생산, 삼성전자 생산 배정 확대안이 사실상 조율됐다는 업계 관측 조율설…관계자 발언 확산","엔비디아의 차세대 AI 추론칩 관련 발표를 앞두고, 삼성전자 생산 배정 확대안이 사실상 조율됐다는 업계 관측이 제기되고 있다. 시장에서는 관련 수주·공급·실적 기대가 개선될 수 있다는 해석이 제기되고 있다. 관련 거래자들은 해당 주장에 따라 향후 수주·공급·실적 추정치를 다시 점검하는 모습이다.",synthetic_misinformation,삼성전자 생산 배정 확대안이 사실상 조율됐다는 업계 관측,"엔비디아 GTC와 차세대 AI 추론칩 관련 발표 일정은 알려졌지만, 삼성전자 생산 배정 물량은 공개되지 않았다.",원문 근거에 없는 확정 상태·배정·수치가 하나의 핵심 명제로 추가됐다.,"base, read, selected",True,sell,1
simulation_20260715_000826_158697_23249,2026-03-17,24,pm,A005,1,news_20260317_종목_1695fe30,phasefake_20260317_M02_B,"엔비디아 추론칩 삼성전자 생산, 삼성전자 생산 배정 확대안이 사실상 조율됐다는 업계 관측 조율설…관계자 발언 확산","엔비디아의 차세대 AI 추론칩 관련 발표를 앞두고, 삼성전자 생산 배정 확대안이 사실상 조율됐다는 업계 관측이 제기되고 있다. 시장에서는 관련 수주·공급·실적 기대가 개선될 수 있다는 해석이 제기되고 있다. 관련 거래자들은 해당 주장에 따라 향후 수주·공급·실적 추정치를 다시 점검하는 모습이다.",synthetic_misinformation,삼성전자 생산 배정 확대안이 사실상 조율됐다는 업계 관측,"엔비디아 GTC와 차세대 AI 추론칩 관련 발표 일정은 알려졌지만, 삼성전자 생산 배정 물량은 공개되지 않았다.",원문 근거에 없는 확정 상태·배정·수치가 하나의 핵심 명제로 추가됐다.,"base, read, selected",True,sell,1
simulation_20260715_000826_158697_23249,2026-03-17,24,pm,A006,1,news_20260317_종목_1695fe30,phasefake_20260317_M02_B,"엔비디아 추론칩 삼성전자 생산, 삼성전자 생산 배정 확대안이 사실상 조율됐다는 업계 관측 조율설…관계자 발언 확산","엔비디아의 차세대 AI 추론칩 관련 발표를 앞두고, 삼성전자 생산 배정 확대안이 사실상 조율됐다는 업계 관측이 제기되고 있다. 시장에서는 관련 수주·공급·실적 기대가 개선될 수 있다는 해석이 제기되고 있다. 관련 거래자들은 해당 주장에 따라 향후 수주·공급·실적 추정치를 다시 점검하는 모습이다.",synthetic_misinformation,삼성전자 생산 배정 확대안이 사실상 조율됐다는 업계 관측,"엔비디아 GTC와 차세대 AI 추론칩 관련 발표 일정은 알려졌지만, 삼성전자 생산 배정 물량은 공개되지 않았다.",원문 근거에 없는 확정 상태·배정·수치가 하나의 핵심 명제로 추가됐다.,"base, read, selected",True,buy,1
simulation_20260715_000826_158697_23249,2026-03-17,24,pm,A008,1,news_20260317_종목_1695fe30,phasefake_20260317_M02_B,"엔비디아 추론칩 삼성전자 생산, 삼성전자 생산 배정 확대안이 사실상 조율됐다는 업계 관측 조율설…관계자 발언 확산","엔비디아의 차세대 AI 추론칩 관련 발표를 앞두고, 삼성전자 생산 배정 확대안이 사실상 조율됐다는 업계 관측이 제기되고 있다. 시장에서는 관련 수주·공급·실적 기대가 개선될 수 있다는 해석이 제기되고 있다. 관련 거래자들은 해당 주장에 따라 향후 수주·공급·실적 추정치를 다시 점검하는 모습이다.",synthetic_misinformation,삼성전자 생산 배정 확대안이 사실상 조율됐다는 업계 관측,"엔비디아 GTC와 차세대 AI 추론칩 관련 발표 일정은 알려졌지만, 삼성전자 생산 배정 물량은 공개되지 않았다.",원문 근거에 없는 확정 상태·배정·수치가 하나의 핵심 명제로 추가됐다.,"base, read, selected",True,buy,50
simulation_20260715_000826_158697_23249,2026-03-17,24,pm,A007,2,news_20260317_종목_1695fe30,phasefake_20260317_M02_B,"엔비디아 추론칩 삼성전자 생산, 삼성전자 생산 배정 확대안이 사실상 조율됐다는 업계 관측 조율설…관계자 발언 확산","엔비디아의 차세대 AI 추론칩 관련 발표를 앞두고, 삼성전자 생산 배정 확대안이 사실상 조율됐다는 업계 관측이 제기되고 있다. 시장에서는 관련 수주·공급·실적 기대가 개선될 수 있다는 해석이 제기되고 있다. 관련 거래자들은 해당 주장에 따라 향후 수주·공급·실적 추정치를 다시 점검하는 모습이다.",synthetic_misinformation,삼성전자 생산 배정 확대안이 사실상 조율됐다는 업계 관측,"엔비디아 GTC와 차세대 AI 추론칩 관련 발표 일정은 알려졌지만, 삼성전자 생산 배정 물량은 공개되지 않았다.",원문 근거에 없는 확정 상태·배정·수치가 하나의 핵심 명제로 추가됐다.,"base, read, selected",True,sell,1
simulation_20260715_000826_158697_23249,2026-03-17,24,pm,A009,0,news_20260317_종목_1695fe30,phasefake_20260317_M02_B,"엔비디아 추론칩 삼성전자 생산, 삼성전자 생산 배정 확대안이 사실상 조율됐다는 업계 관측 조율설…관계자 발언 확산","엔비디아의 차세대 AI 추론칩 관련 발표를 앞두고, 삼성전자 생산 배정 확대안이 사실상 조율됐다는 업계 관측이 제기되고 있다. 시장에서는 관련 수주·공급·실적 기대가 개선될 수 있다는 해석이 제기되고 있다. 관련 거래자들은 해당 주장에 따라 향후 수주·공급·실적 추정치를 다시 점검하는 모습이다.",synthetic_misinformation,삼성전자 생산 배정 확대안이 사실상 조율됐다는 업계 관측,"엔비디아 GTC와 차세대 AI 추론칩 관련 발표 일정은 알려졌지만, 삼성전자 생산 배정 물량은 공개되지 않았다.",원문 근거에 없는 확정 상태·배정·수치가 하나의 핵심 명제로 추가됐다.,"base, selected",True,buy,50
simulation_20260715_000826_158697_23249,2026-03-17,24,pm,A010,1,news_20260317_종목_1695fe30,phasefake_20260317_M02_B,"엔비디아 추론칩 삼성전자 생산, 삼성전자 생산 배정 확대안이 사실상 조율됐다는 업계 관측 조율설…관계자 발언 확산","엔비디아의 차세대 AI 추론칩 관련 발표를 앞두고, 삼성전자 생산 배정 확대안이 사실상 조율됐다는 업계 관측이 제기되고 있다. 시장에서는 관련 수주·공급·실적 기대가 개선될 수 있다는 해석이 제기되고 있다. 관련 거래자들은 해당 주장에 따라 향후 수주·공급·실적 추정치를 다시 점검하는 모습이다.",synthetic_misinformation,삼성전자 생산 배정 확대안이 사실상 조율됐다는 업계 관측,"엔비디아 GTC와 차세대 AI 추론칩 관련 발표 일정은 알려졌지만, 삼성전자 생산 배정 물량은 공개되지 않았다.",원문 근거에 없는 확정 상태·배정·수치가 하나의 핵심 명제로 추가됐다.,"base, read, selected",True,buy,1
simulation_20260715_000826_158697_23249,2026-03-17,24,pm,A011,1,news_20260317_종목_1695fe30,phasefake_20260317_M02_B,"엔비디아 추론칩 삼성전자 생산, 삼성전자 생산 배정 확대안이 사실상 조율됐다는 업계 관측 조율설…관계자 발언 확산","엔비디아의 차세대 AI 추론칩 관련 발표를 앞두고, 삼성전자 생산 배정 확대안이 사실상 조율됐다는 업계 관측이 제기되고 있다. 시장에서는 관련 수주·공급·실적 기대가 개선될 수 있다는 해석이 제기되고 있다. 관련 거래자들은 해당 주장에 따라 향후 수주·공급·실적 추정치를 다시 점검하는 모습이다.",synthetic_misinformation,삼성전자 생산 배정 확대안이 사실상 조율됐다는 업계 관측,"엔비디아 GTC와 차세대 AI 추론칩 관련 발표 일정은 알려졌지만, 삼성전자 생산 배정 물량은 공개되지 않았다.",원문 근거에 없는 확정 상태·배정·수치가 하나의 핵심 명제로 추가됐다.,"base, read, selected",True,sell,1
simulation_20260715_000826_158697_23249,2026-03-17,24,pm,A012,1,news_20260317_종목_1695fe30,phasefake_20260317_M02_B,"엔비디아 추론칩 삼성전자 생산, 삼성전자 생산 배정 확대안이 사실상 조율됐다는 업계 관측 조율설…관계자 발언 확산","엔비디아의 차세대 AI 추론칩 관련 발표를 앞두고, 삼성전자 생산 배정 확대안이 사실상 조율됐다는 업계 관측이 제기되고 있다. 시장에서는 관련 수주·공급·실적 기대가 개선될 수 있다는 해석이 제기되고 있다. 관련 거래자들은 해당 주장에 따라 향후 수주·공급·실적 추정치를 다시 점검하는 모습이다.",synthetic_misinformation,삼성전자 생산 배정 확대안이 사실상 조율됐다는 업계 관측,"엔비디아 GTC와 차세대 AI 추론칩 관련 발표 일정은 알려졌지만, 삼성전자 생산 배정 물량은 공개되지 않았다.",원문 근거에 없는 확정 상태·배정·수치가 하나의 핵심 명제로 추가됐다.,"base, read, selected",True,buy,17
simulation_20260715_000826_158697_23249,2026-03-17,24,pm,A013,1,news_20260317_종목_1695fe30,phasefake_20260317_M02_B,"엔비디아 추론칩 삼성전자 생산, 삼성전자 생산 배정 확대안이 사실상 조율됐다는 업계 관측 조율설…관계자 발언 확산","엔비디아의 차세대 AI 추론칩 관련 발표를 앞두고, 삼성전자 생산 배정 확대안이 사실상 조율됐다는 업계 관측이 제기되고 있다. 시장에서는 관련 수주·공급·실적 기대가 개선될 수 있다는 해석이 제기되고 있다. 관련 거래자들은 해당 주장에 따라 향후 수주·공급·실적 추정치를 다시 점검하는 모습이다.",synthetic_misinformation,삼성전자 생산 배정 확대안이 사실상 조율됐다는 업계 관측,"엔비디아 GTC와 차세대 AI 추론칩 관련 발표 일정은 알려졌지만, 삼성전자 생산 배정 물량은 공개되지 않았다.",원문 근거에 없는 확정 상태·배정·수치가 하나의 핵심 명제로 추가됐다.,"base, read, selected",True,buy,1
simulation_20260715_000826_158697_23249,2026-03-17,24,pm,A014,1,news_20260317_종목_1695fe30,phasefake_20260317_M02_B,"엔비디아 추론칩 삼성전자 생산, 삼성전자 생산 배정 확대안이 사실상 조율됐다는 업계 관측 조율설…관계자 발언 확산","엔비디아의 차세대 AI 추론칩 관련 발표를 앞두고, 삼성전자 생산 배정 확대안이 사실상 조율됐다는 업계 관측이 제기되고 있다. 시장에서는 관련 수주·공급·실적 기대가 개선될 수 있다는 해석이 제기되고 있다. 관련 거래자들은 해당 주장에 따라 향후 수주·공급·실적 추정치를 다시 점검하는 모습이다.",synthetic_misinformation,삼성전자 생산 배정 확대안이 사실상 조율됐다는 업계 관측,"엔비디아 GTC와 차세대 AI 추론칩 관련 발표 일정은 알려졌지만, 삼성전자 생산 배정 물량은 공개되지 않았다.",원문 근거에 없는 확정 상태·배정·수치가 하나의 핵심 명제로 추가됐다.,"base, read, selected",True,buy,11
simulation_20260715_000826_158697_23249,2026-03-17,24,pm,A016,0,news_20260317_종목_1695fe30,phasefake_20260317_M02_B,"엔비디아 추론칩 삼성전자 생산, 삼성전자 생산 배정 확대안이 사실상 조율됐다는 업계 관측 조율설…관계자 발언 확산","엔비디아의 차세대 AI 추론칩 관련 발표를 앞두고, 삼성전자 생산 배정 확대안이 사실상 조율됐다는 업계 관측이 제기되고 있다. 시장에서는 관련 수주·공급·실적 기대가 개선될 수 있다는 해석이 제기되고 있다. 관련 거래자들은 해당 주장에 따라 향후 수주·공급·실적 추정치를 다시 점검하는 모습이다.",synthetic_misinformation,삼성전자 생산 배정 확대안이 사실상 조율됐다는 업계 관측,"엔비디아 GTC와 차세대 AI 추론칩 관련 발표 일정은 알려졌지만, 삼성전자 생산 배정 물량은 공개되지 않았다.",원문 근거에 없는 확정 상태·배정·수치가 하나의 핵심 명제로 추가됐다.,"base, selected",True,buy,50
simulation_20260715_000826_158697_23249,2026-03-17,24,pm,A015,2,news_20260317_종목_1695fe30,phasefake_20260317_M02_B,"엔비디아 추론칩 삼성전자 생산, 삼성전자 생산 배정 확대안이 사실상 조율됐다는 업계 관측 조율설…관계자 발언 확산","엔비디아의 차세대 AI 추론칩 관련 발표를 앞두고, 삼성전자 생산 배정 확대안이 사실상 조율됐다는 업계 관측이 제기되고 있다. 시장에서는 관련 수주·공급·실적 기대가 개선될 수 있다는 해석이 제기되고 있다. 관련 거래자들은 해당 주장에 따라 향후 수주·공급·실적 추정치를 다시 점검하는 모습이다.",synthetic_misinformation,삼성전자 생산 배정 확대안이 사실상 조율됐다는 업계 관측,"엔비디아 GTC와 차세대 AI 추론칩 관련 발표 일정은 알려졌지만, 삼성전자 생산 배정 물량은 공개되지 않았다.",원문 근거에 없는 확정 상태·배정·수치가 하나의 핵심 명제로 추가됐다.,"base, read, selected",True,sell,1
simulation_20260715_000826_158697_23249,2026-03-17,24,pm,A018,0,news_20260317_종목_1695fe30,phasefake_20260317_M02_B,"엔비디아 추론칩 삼성전자 생산, 삼성전자 생산 배정 확대안이 사실상 조율됐다는 업계 관측 조율설…관계자 발언 확산","엔비디아의 차세대 AI 추론칩 관련 발표를 앞두고, 삼성전자 생산 배정 확대안이 사실상 조율됐다는 업계 관측이 제기되고 있다. 시장에서는 관련 수주·공급·실적 기대가 개선될 수 있다는 해석이 제기되고 있다. 관련 거래자들은 해당 주장에 따라 향후 수주·공급·실적 추정치를 다시 점검하는 모습이다.",synthetic_misinformation,삼성전자 생산 배정 확대안이 사실상 조율됐다는 업계 관측,"엔비디아 GTC와 차세대 AI 추론칩 관련 발표 일정은 알려졌지만, 삼성전자 생산 배정 물량은 공개되지 않았다.",원문 근거에 없는 확정 상태·배정·수치가 하나의 핵심 명제로 추가됐다.,"base, selected",True,buy,1
simulation_20260715_000826_158697_23249,2026-03-17,24,pm,A017,2,news_20260317_종목_1695fe30,phasefake_20260317_M02_B,"엔비디아 추론칩 삼성전자 생산, 삼성전자 생산 배정 확대안이 사실상 조율됐다는 업계 관측 조율설…관계자 발언 확산","엔비디아의 차세대 AI 추론칩 관련 발표를 앞두고, 삼성전자 생산 배정 확대안이 사실상 조율됐다는 업계 관측이 제기되고 있다. 시장에서는 관련 수주·공급·실적 기대가 개선될 수 있다는 해석이 제기되고 있다. 관련 거래자들은 해당 주장에 따라 향후 수주·공급·실적 추정치를 다시 점검하는 모습이다.",synthetic_misinformation,삼성전자 생산 배정 확대안이 사실상 조율됐다는 업계 관측,"엔비디아 GTC와 차세대 AI 추론칩 관련 발표 일정은 알려졌지만, 삼성전자 생산 배정 물량은 공개되지 않았다.",원문 근거에 없는 확정 상태·배정·수치가 하나의 핵심 명제로 추가됐다.,"base, read, search, selected",True,sell,10
simulation_20260715_000826_158697_23249,2026-03-17,24,pm,A019,1,news_20260317_종목_1695fe30,phasefake_20260317_M02_B,"엔비디아 추론칩 삼성전자 생산, 삼성전자 생산 배정 확대안이 사실상 조율됐다는 업계 관측 조율설…관계자 발언 확산","엔비디아의 차세대 AI 추론칩 관련 발표를 앞두고, 삼성전자 생산 배정 확대안이 사실상 조율됐다는 업계 관측이 제기되고 있다. 시장에서는 관련 수주·공급·실적 기대가 개선될 수 있다는 해석이 제기되고 있다. 관련 거래자들은 해당 주장에 따라 향후 수주·공급·실적 추정치를 다시 점검하는 모습이다.",synthetic_misinformation,삼성전자 생산 배정 확대안이 사실상 조율됐다는 업계 관측,"엔비디아 GTC와 차세대 AI 추론칩 관련 발표 일정은 알려졌지만, 삼성전자 생산 배정 물량은 공개되지 않았다.",원문 근거에 없는 확정 상태·배정·수치가 하나의 핵심 명제로 추가됐다.,"base, read, selected",True,buy,1
simulation_20260715_000826_158697_23249,2026-03-17,24,pm,A020,2,news_20260317_종목_1695fe30,phasefake_20260317_M02_B,"엔비디아 추론칩 삼성전자 생산, 삼성전자 생산 배정 확대안이 사실상 조율됐다는 업계 관측 조율설…관계자 발언 확산","엔비디아의 차세대 AI 추론칩 관련 발표를 앞두고, 삼성전자 생산 배정 확대안이 사실상 조율됐다는 업계 관측이 제기되고 있다. 시장에서는 관련 수주·공급·실적 기대가 개선될 수 있다는 해석이 제기되고 있다. 관련 거래자들은 해당 주장에 따라 향후 수주·공급·실적 추정치를 다시 점검하는 모습이다.",synthetic_misinformation,삼성전자 생산 배정 확대안이 사실상 조율됐다는 업계 관측,"엔비디아 GTC와 차세대 AI 추론칩 관련 발표 일정은 알려졌지만, 삼성전자 생산 배정 물량은 공개되지 않았다.",원문 근거에 없는 확정 상태·배정·수치가 하나의 핵심 명제로 추가됐다.,"base, read, selected",True,buy,29
simulation_20260715_000826_158697_23249,2026-03-17,24,pm,A022,1,news_20260317_종목_1695fe30,phasefake_20260317_M02_B,"엔비디아 추론칩 삼성전자 생산, 삼성전자 생산 배정 확대안이 사실상 조율됐다는 업계 관측 조율설…관계자 발언 확산","엔비디아의 차세대 AI 추론칩 관련 발표를 앞두고, 삼성전자 생산 배정 확대안이 사실상 조율됐다는 업계 관측이 제기되고 있다. 시장에서는 관련 수주·공급·실적 기대가 개선될 수 있다는 해석이 제기되고 있다. 관련 거래자들은 해당 주장에 따라 향후 수주·공급·실적 추정치를 다시 점검하는 모습이다.",synthetic_misinformation,삼성전자 생산 배정 확대안이 사실상 조율됐다는 업계 관측,"엔비디아 GTC와 차세대 AI 추론칩 관련 발표 일정은 알려졌지만, 삼성전자 생산 배정 물량은 공개되지 않았다.",원문 근거에 없는 확정 상태·배정·수치가 하나의 핵심 명제로 추가됐다.,"base, read, selected",True,buy,26
simulation_20260715_000826_158697_23249,2026-03-17,24,pm,A023,0,news_20260317_종목_1695fe30,phasefake_20260317_M02_B,"엔비디아 추론칩 삼성전자 생산, 삼성전자 생산 배정 확대안이 사실상 조율됐다는 업계 관측 조율설…관계자 발언 확산","엔비디아의 차세대 AI 추론칩 관련 발표를 앞두고, 삼성전자 생산 배정 확대안이 사실상 조율됐다는 업계 관측이 제기되고 있다. 시장에서는 관련 수주·공급·실적 기대가 개선될 수 있다는 해석이 제기되고 있다. 관련 거래자들은 해당 주장에 따라 향후 수주·공급·실적 추정치를 다시 점검하는 모습이다.",synthetic_misinformation,삼성전자 생산 배정 확대안이 사실상 조율됐다는 업계 관측,"엔비디아 GTC와 차세대 AI 추론칩 관련 발표 일정은 알려졌지만, 삼성전자 생산 배정 물량은 공개되지 않았다.",원문 근거에 없는 확정 상태·배정·수치가 하나의 핵심 명제로 추가됐다.,"base, selected",True,buy,1
simulation_20260715_000826_158697_23249,2026-03-17,24,pm,A024,0,news_20260317_종목_1695fe30,phasefake_20260317_M02_B,"엔비디아 추론칩 삼성전자 생산, 삼성전자 생산 배정 확대안이 사실상 조율됐다는 업계 관측 조율설…관계자 발언 확산","엔비디아의 차세대 AI 추론칩 관련 발표를 앞두고, 삼성전자 생산 배정 확대안이 사실상 조율됐다는 업계 관측이 제기되고 있다. 시장에서는 관련 수주·공급·실적 기대가 개선될 수 있다는 해석이 제기되고 있다. 관련 거래자들은 해당 주장에 따라 향후 수주·공급·실적 추정치를 다시 점검하는 모습이다.",synthetic_misinformation,삼성전자 생산 배정 확대안이 사실상 조율됐다는 업계 관측,"엔비디아 GTC와 차세대 AI 추론칩 관련 발표 일정은 알려졌지만, 삼성전자 생산 배정 물량은 공개되지 않았다.",원문 근거에 없는 확정 상태·배정·수치가 하나의 핵심 명제로 추가됐다.,"base, selected",True,buy,12
simulation_20260715_000826_158697_23249,2026-03-17,24,pm,A021,0,news_20260317_종목_1695fe30,phasefake_20260317_M02_B,"엔비디아 추론칩 삼성전자 생산, 삼성전자 생산 배정 확대안이 사실상 조율됐다는 업계 관측 조율설…관계자 발언 확산","엔비디아의 차세대 AI 추론칩 관련 발표를 앞두고, 삼성전자 생산 배정 확대안이 사실상 조율됐다는 업계 관측이 제기되고 있다. 시장에서는 관련 수주·공급·실적 기대가 개선될 수 있다는 해석이 제기되고 있다. 관련 거래자들은 해당 주장에 따라 향후 수주·공급·실적 추정치를 다시 점검하는 모습이다.",synthetic_misinformation,삼성전자 생산 배정 확대안이 사실상 조율됐다는 업계 관측,"엔비디아 GTC와 차세대 AI 추론칩 관련 발표 일정은 알려졌지만, 삼성전자 생산 배정 물량은 공개되지 않았다.",원문 근거에 없는 확정 상태·배정·수치가 하나의 핵심 명제로 추가됐다.,"base, selected",True,sell,10
simulation_20260715_000826_158697_23249,2026-03-17,24,pm,A026,1,news_20260317_종목_1695fe30,phasefake_20260317_M02_B,"엔비디아 추론칩 삼성전자 생산, 삼성전자 생산 배정 확대안이 사실상 조율됐다는 업계 관측 조율설…관계자 발언 확산","엔비디아의 차세대 AI 추론칩 관련 발표를 앞두고, 삼성전자 생산 배정 확대안이 사실상 조율됐다는 업계 관측이 제기되고 있다. 시장에서는 관련 수주·공급·실적 기대가 개선될 수 있다는 해석이 제기되고 있다. 관련 거래자들은 해당 주장에 따라 향후 수주·공급·실적 추정치를 다시 점검하는 모습이다.",synthetic_misinformation,삼성전자 생산 배정 확대안이 사실상 조율됐다는 업계 관측,"엔비디아 GTC와 차세대 AI 추론칩 관련 발표 일정은 알려졌지만, 삼성전자 생산 배정 물량은 공개되지 않았다.",원문 근거에 없는 확정 상태·배정·수치가 하나의 핵심 명제로 추가됐다.,"base, read, selected",True,sell,1
simulation_20260715_000826_158697_23249,2026-03-17,24,pm,A025,1,news_20260317_종목_1695fe30,phasefake_20260317_M02_B,"엔비디아 추론칩 삼성전자 생산, 삼성전자 생산 배정 확대안이 사실상 조율됐다는 업계 관측 조율설…관계자 발언 확산","엔비디아의 차세대 AI 추론칩 관련 발표를 앞두고, 삼성전자 생산 배정 확대안이 사실상 조율됐다는 업계 관측이 제기되고 있다. 시장에서는 관련 수주·공급·실적 기대가 개선될 수 있다는 해석이 제기되고 있다. 관련 거래자들은 해당 주장에 따라 향후 수주·공급·실적 추정치를 다시 점검하는 모습이다.",synthetic_misinformation,삼성전자 생산 배정 확대안이 사실상 조율됐다는 업계 관측,"엔비디아 GTC와 차세대 AI 추론칩 관련 발표 일정은 알려졌지만, 삼성전자 생산 배정 물량은 공개되지 않았다.",원문 근거에 없는 확정 상태·배정·수치가 하나의 핵심 명제로 추가됐다.,"base, read, selected",True,sell,4
simulation_20260715_000826_158697_23249,2026-03-17,24,pm,A027,1,news_20260317_종목_1695fe30,phasefake_20260317_M02_B,"엔비디아 추론칩 삼성전자 생산, 삼성전자 생산 배정 확대안이 사실상 조율됐다는 업계 관측 조율설…관계자 발언 확산","엔비디아의 차세대 AI 추론칩 관련 발표를 앞두고, 삼성전자 생산 배정 확대안이 사실상 조율됐다는 업계 관측이 제기되고 있다. 시장에서는 관련 수주·공급·실적 기대가 개선될 수 있다는 해석이 제기되고 있다. 관련 거래자들은 해당 주장에 따라 향후 수주·공급·실적 추정치를 다시 점검하는 모습이다.",synthetic_misinformation,삼성전자 생산 배정 확대안이 사실상 조율됐다는 업계 관측,"엔비디아 GTC와 차세대 AI 추론칩 관련 발표 일정은 알려졌지만, 삼성전자 생산 배정 물량은 공개되지 않았다.",원문 근거에 없는 확정 상태·배정·수치가 하나의 핵심 명제로 추가됐다.,"base, read, selected",True,sell,10
simulation_20260715_000826_158697_23249,2026-03-17,24,pm,A028,0,news_20260317_종목_1695fe30,phasefake_20260317_M02_B,"엔비디아 추론칩 삼성전자 생산, 삼성전자 생산 배정 확대안이 사실상 조율됐다는 업계 관측 조율설…관계자 발언 확산","엔비디아의 차세대 AI 추론칩 관련 발표를 앞두고, 삼성전자 생산 배정 확대안이 사실상 조율됐다는 업계 관측이 제기되고 있다. 시장에서는 관련 수주·공급·실적 기대가 개선될 수 있다는 해석이 제기되고 있다. 관련 거래자들은 해당 주장에 따라 향후 수주·공급·실적 추정치를 다시 점검하는 모습이다.",synthetic_misinformation,삼성전자 생산 배정 확대안이 사실상 조율됐다는 업계 관측,"엔비디아 GTC와 차세대 AI 추론칩 관련 발표 일정은 알려졌지만, 삼성전자 생산 배정 물량은 공개되지 않았다.",원문 근거에 없는 확정 상태·배정·수치가 하나의 핵심 명제로 추가됐다.,"base, selected",True,buy,3
simulation_20260715_000826_158697_23249,2026-03-17,24,pm,A029,0,news_20260317_종목_1695fe30,phasefake_20260317_M02_B,"엔비디아 추론칩 삼성전자 생산, 삼성전자 생산 배정 확대안이 사실상 조율됐다는 업계 관측 조율설…관계자 발언 확산","엔비디아의 차세대 AI 추론칩 관련 발표를 앞두고, 삼성전자 생산 배정 확대안이 사실상 조율됐다는 업계 관측이 제기되고 있다. 시장에서는 관련 수주·공급·실적 기대가 개선될 수 있다는 해석이 제기되고 있다. 관련 거래자들은 해당 주장에 따라 향후 수주·공급·실적 추정치를 다시 점검하는 모습이다.",synthetic_misinformation,삼성전자 생산 배정 확대안이 사실상 조율됐다는 업계 관측,"엔비디아 GTC와 차세대 AI 추론칩 관련 발표 일정은 알려졌지만, 삼성전자 생산 배정 물량은 공개되지 않았다.",원문 근거에 없는 확정 상태·배정·수치가 하나의 핵심 명제로 추가됐다.,"base, selected",True,sell,1
simulation_20260715_000826_158697_23249,2026-03-17,24,pm,A030,0,news_20260317_종목_1695fe30,phasefake_20260317_M02_B,"엔비디아 추론칩 삼성전자 생산, 삼성전자 생산 배정 확대안이 사실상 조율됐다는 업계 관측 조율설…관계자 발언 확산","엔비디아의 차세대 AI 추론칩 관련 발표를 앞두고, 삼성전자 생산 배정 확대안이 사실상 조율됐다는 업계 관측이 제기되고 있다. 시장에서는 관련 수주·공급·실적 기대가 개선될 수 있다는 해석이 제기되고 있다. 관련 거래자들은 해당 주장에 따라 향후 수주·공급·실적 추정치를 다시 점검하는 모습이다.",synthetic_misinformation,삼성전자 생산 배정 확대안이 사실상 조율됐다는 업계 관측,"엔비디아 GTC와 차세대 AI 추론칩 관련 발표 일정은 알려졌지만, 삼성전자 생산 배정 물량은 공개되지 않았다.",원문 근거에 없는 확정 상태·배정·수치가 하나의 핵심 명제로 추가됐다.,"base, selected",True,sell,1
simulation_20260715_000826_158697_23249,2026-03-18,25,am,A003,1,news_20260318_종목_852d9c32,phasefake_20260318_M02_B,"엔비디아 추론칩, 삼성전자 3분기 생산 배정 20% 확대 확정설","엔비디아의 그록3 LPU 삼성전자 생산 및 3분기 출하 계획 보도 이후, 엔비디아가 삼성전자에 배정한 그록3 LPU의 3분기 생산 물량을 기존 계획보다 20% 확대하기로 최종 확정했다는 내용이 전해졌다. 시장에서는 관련 수주·공급·실적 기대가 개선될 수 있다는 해석이 제기되고 있다. 관련 거래자들은 해당 주장에 따라 향후 수주·공급·실적 추정치를 다시 점검하는 모습이다.",synthetic_misinformation,엔비디아가 삼성전자에 배정한 그록3 LPU의 3분기 생산 물량을 기존 계획보다 20% 확대하기로 최종 확정했다,"엔비디아는 그록3 LPU 생산을 삼성전자에 맡겼다고 밝혔고, 해당 칩은 3분기부터 출하될 예정이라고 보도됐다.",원문 근거에 없는 확정 상태·배정·수치가 하나의 핵심 명제로 추가됐다.,"base, read, selected",True,buy,20
simulation_20260715_000826_158697_23249,2026-03-18,25,am,A004,1,news_20260318_종목_852d9c32,phasefake_20260318_M02_B,"엔비디아 추론칩, 삼성전자 3분기 생산 배정 20% 확대 확정설","엔비디아의 그록3 LPU 삼성전자 생산 및 3분기 출하 계획 보도 이후, 엔비디아가 삼성전자에 배정한 그록3 LPU의 3분기 생산 물량을 기존 계획보다 20% 확대하기로 최종 확정했다는 내용이 전해졌다. 시장에서는 관련 수주·공급·실적 기대가 개선될 수 있다는 해석이 제기되고 있다. 관련 거래자들은 해당 주장에 따라 향후 수주·공급·실적 추정치를 다시 점검하는 모습이다.",synthetic_misinformation,엔비디아가 삼성전자에 배정한 그록3 LPU의 3분기 생산 물량을 기존 계획보다 20% 확대하기로 최종 확정했다,"엔비디아는 그록3 LPU 생산을 삼성전자에 맡겼다고 밝혔고, 해당 칩은 3분기부터 출하될 예정이라고 보도됐다.",원문 근거에 없는 확정 상태·배정·수치가 하나의 핵심 명제로 추가됐다.,"base, read, selected",True,sell,100
simulation_20260715_000826_158697_23249,2026-03-18,25,am,A001,1,news_20260318_종목_852d9c32,phasefake_20260318_M02_B,"엔비디아 추론칩, 삼성전자 3분기 생산 배정 20% 확대 확정설","엔비디아의 그록3 LPU 삼성전자 생산 및 3분기 출하 계획 보도 이후, 엔비디아가 삼성전자에 배정한 그록3 LPU의 3분기 생산 물량을 기존 계획보다 20% 확대하기로 최종 확정했다는 내용이 전해졌다. 시장에서는 관련 수주·공급·실적 기대가 개선될 수 있다는 해석이 제기되고 있다. 관련 거래자들은 해당 주장에 따라 향후 수주·공급·실적 추정치를 다시 점검하는 모습이다.",synthetic_misinformation,엔비디아가 삼성전자에 배정한 그록3 LPU의 3분기 생산 물량을 기존 계획보다 20% 확대하기로 최종 확정했다,"엔비디아는 그록3 LPU 생산을 삼성전자에 맡겼다고 밝혔고, 해당 칩은 3분기부터 출하될 예정이라고 보도됐다.",원문 근거에 없는 확정 상태·배정·수치가 하나의 핵심 명제로 추가됐다.,"base, read, selected",True,sell,1
simulation_20260715_000826_158697_23249,2026-03-18,25,am,A002,0,news_20260318_종목_852d9c32,phasefake_20260318_M02_B,"엔비디아 추론칩, 삼성전자 3분기 생산 배정 20% 확대 확정설","엔비디아의 그록3 LPU 삼성전자 생산 및 3분기 출하 계획 보도 이후, 엔비디아가 삼성전자에 배정한 그록3 LPU의 3분기 생산 물량을 기존 계획보다 20% 확대하기로 최종 확정했다는 내용이 전해졌다. 시장에서는 관련 수주·공급·실적 기대가 개선될 수 있다는 해석이 제기되고 있다. 관련 거래자들은 해당 주장에 따라 향후 수주·공급·실적 추정치를 다시 점검하는 모습이다.",synthetic_misinformation,엔비디아가 삼성전자에 배정한 그록3 LPU의 3분기 생산 물량을 기존 계획보다 20% 확대하기로 최종 확정했다,"엔비디아는 그록3 LPU 생산을 삼성전자에 맡겼다고 밝혔고, 해당 칩은 3분기부터 출하될 예정이라고 보도됐다.",원문 근거에 없는 확정 상태·배정·수치가 하나의 핵심 명제로 추가됐다.,base,False,sell,1
simulation_20260715_000826_158697_23249,2026-03-18,25,am,A005,1,news_20260318_종목_852d9c32,phasefake_20260318_M02_B,"엔비디아 추론칩, 삼성전자 3분기 생산 배정 20% 확대 확정설","엔비디아의 그록3 LPU 삼성전자 생산 및 3분기 출하 계획 보도 이후, 엔비디아가 삼성전자에 배정한 그록3 LPU의 3분기 생산 물량을 기존 계획보다 20% 확대하기로 최종 확정했다는 내용이 전해졌다. 시장에서는 관련 수주·공급·실적 기대가 개선될 수 있다는 해석이 제기되고 있다. 관련 거래자들은 해당 주장에 따라 향후 수주·공급·실적 추정치를 다시 점검하는 모습이다.",synthetic_misinformation,엔비디아가 삼성전자에 배정한 그록3 LPU의 3분기 생산 물량을 기존 계획보다 20% 확대하기로 최종 확정했다,"엔비디아는 그록3 LPU 생산을 삼성전자에 맡겼다고 밝혔고, 해당 칩은 3분기부터 출하될 예정이라고 보도됐다.",원문 근거에 없는 확정 상태·배정·수치가 하나의 핵심 명제로 추가됐다.,"base, read",False,buy,1
simulation_20260715_000826_158697_23249,2026-03-18,25,am,A008,1,news_20260318_종목_852d9c32,phasefake_20260318_M02_B,"엔비디아 추론칩, 삼성전자 3분기 생산 배정 20% 확대 확정설","엔비디아의 그록3 LPU 삼성전자 생산 및 3분기 출하 계획 보도 이후, 엔비디아가 삼성전자에 배정한 그록3 LPU의 3분기 생산 물량을 기존 계획보다 20% 확대하기로 최종 확정했다는 내용이 전해졌다. 시장에서는 관련 수주·공급·실적 기대가 개선될 수 있다는 해석이 제기되고 있다. 관련 거래자들은 해당 주장에 따라 향후 수주·공급·실적 추정치를 다시 점검하는 모습이다.",synthetic_misinformation,엔비디아가 삼성전자에 배정한 그록3 LPU의 3분기 생산 물량을 기존 계획보다 20% 확대하기로 최종 확정했다,"엔비디아는 그록3 LPU 생산을 삼성전자에 맡겼다고 밝혔고, 해당 칩은 3분기부터 출하될 예정이라고 보도됐다.",원문 근거에 없는 확정 상태·배정·수치가 하나의 핵심 명제로 추가됐다.,"base, read, selected",True,buy,37
simulation_20260715_000826_158697_23249,2026-03-18,25,am,A009,0,news_20260318_종목_852d9c32,phasefake_20260318_M02_B,"엔비디아 추론칩, 삼성전자 3분기 생산 배정 20% 확대 확정설","엔비디아의 그록3 LPU 삼성전자 생산 및 3분기 출하 계획 보도 이후, 엔비디아가 삼성전자에 배정한 그록3 LPU의 3분기 생산 물량을 기존 계획보다 20% 확대하기로 최종 확정했다는 내용이 전해졌다. 시장에서는 관련 수주·공급·실적 기대가 개선될 수 있다는 해석이 제기되고 있다. 관련 거래자들은 해당 주장에 따라 향후 수주·공급·실적 추정치를 다시 점검하는 모습이다.",synthetic_misinformation,엔비디아가 삼성전자에 배정한 그록3 LPU의 3분기 생산 물량을 기존 계획보다 20% 확대하기로 최종 확정했다,"엔비디아는 그록3 LPU 생산을 삼성전자에 맡겼다고 밝혔고, 해당 칩은 3분기부터 출하될 예정이라고 보도됐다.",원문 근거에 없는 확정 상태·배정·수치가 하나의 핵심 명제로 추가됐다.,base,False,buy,69
simulation_20260715_000826_158697_23249,2026-03-18,25,am,A006,1,news_20260318_종목_852d9c32,phasefake_20260318_M02_B,"엔비디아 추론칩, 삼성전자 3분기 생산 배정 20% 확대 확정설","엔비디아의 그록3 LPU 삼성전자 생산 및 3분기 출하 계획 보도 이후, 엔비디아가 삼성전자에 배정한 그록3 LPU의 3분기 생산 물량을 기존 계획보다 20% 확대하기로 최종 확정했다는 내용이 전해졌다. 시장에서는 관련 수주·공급·실적 기대가 개선될 수 있다는 해석이 제기되고 있다. 관련 거래자들은 해당 주장에 따라 향후 수주·공급·실적 추정치를 다시 점검하는 모습이다.",synthetic_misinformation,엔비디아가 삼성전자에 배정한 그록3 LPU의 3분기 생산 물량을 기존 계획보다 20% 확대하기로 최종 확정했다,"엔비디아는 그록3 LPU 생산을 삼성전자에 맡겼다고 밝혔고, 해당 칩은 3분기부터 출하될 예정이라고 보도됐다.",원문 근거에 없는 확정 상태·배정·수치가 하나의 핵심 명제로 추가됐다.,"base, read, selected",True,sell,1
simulation_20260715_000826_158697_23249,2026-03-18,25,am,A007,2,news_20260318_종목_852d9c32,phasefake_20260318_M02_B,"엔비디아 추론칩, 삼성전자 3분기 생산 배정 20% 확대 확정설","엔비디아의 그록3 LPU 삼성전자 생산 및 3분기 출하 계획 보도 이후, 엔비디아가 삼성전자에 배정한 그록3 LPU의 3분기 생산 물량을 기존 계획보다 20% 확대하기로 최종 확정했다는 내용이 전해졌다. 시장에서는 관련 수주·공급·실적 기대가 개선될 수 있다는 해석이 제기되고 있다. 관련 거래자들은 해당 주장에 따라 향후 수주·공급·실적 추정치를 다시 점검하는 모습이다.",synthetic_misinformation,엔비디아가 삼성전자에 배정한 그록3 LPU의 3분기 생산 물량을 기존 계획보다 20% 확대하기로 최종 확정했다,"엔비디아는 그록3 LPU 생산을 삼성전자에 맡겼다고 밝혔고, 해당 칩은 3분기부터 출하될 예정이라고 보도됐다.",원문 근거에 없는 확정 상태·배정·수치가 하나의 핵심 명제로 추가됐다.,"base, read, selected",True,buy,1
simulation_20260715_000826_158697_23249,2026-03-18,25,am,A011,1,news_20260318_종목_852d9c32,phasefake_20260318_M02_B,"엔비디아 추론칩, 삼성전자 3분기 생산 배정 20% 확대 확정설","엔비디아의 그록3 LPU 삼성전자 생산 및 3분기 출하 계획 보도 이후, 엔비디아가 삼성전자에 배정한 그록3 LPU의 3분기 생산 물량을 기존 계획보다 20% 확대하기로 최종 확정했다는 내용이 전해졌다. 시장에서는 관련 수주·공급·실적 기대가 개선될 수 있다는 해석이 제기되고 있다. 관련 거래자들은 해당 주장에 따라 향후 수주·공급·실적 추정치를 다시 점검하는 모습이다.",synthetic_misinformation,엔비디아가 삼성전자에 배정한 그록3 LPU의 3분기 생산 물량을 기존 계획보다 20% 확대하기로 최종 확정했다,"엔비디아는 그록3 LPU 생산을 삼성전자에 맡겼다고 밝혔고, 해당 칩은 3분기부터 출하될 예정이라고 보도됐다.",원문 근거에 없는 확정 상태·배정·수치가 하나의 핵심 명제로 추가됐다.,"base, read, selected",True,sell,1
simulation_20260715_000826_158697_23249,2026-03-18,25,am,A012,1,news_20260318_종목_852d9c32,phasefake_20260318_M02_B,"엔비디아 추론칩, 삼성전자 3분기 생산 배정 20% 확대 확정설","엔비디아의 그록3 LPU 삼성전자 생산 및 3분기 출하 계획 보도 이후, 엔비디아가 삼성전자에 배정한 그록3 LPU의 3분기 생산 물량을 기존 계획보다 20% 확대하기로 최종 확정했다는 내용이 전해졌다. 시장에서는 관련 수주·공급·실적 기대가 개선될 수 있다는 해석이 제기되고 있다. 관련 거래자들은 해당 주장에 따라 향후 수주·공급·실적 추정치를 다시 점검하는 모습이다.",synthetic_misinformation,엔비디아가 삼성전자에 배정한 그록3 LPU의 3분기 생산 물량을 기존 계획보다 20% 확대하기로 최종 확정했다,"엔비디아는 그록3 LPU 생산을 삼성전자에 맡겼다고 밝혔고, 해당 칩은 3분기부터 출하될 예정이라고 보도됐다.",원문 근거에 없는 확정 상태·배정·수치가 하나의 핵심 명제로 추가됐다.,"base, read",False,sell,100
simulation_20260715_000826_158697_23249,2026-03-18,25,am,A014,1,news_20260318_종목_852d9c32,phasefake_20260318_M02_B,"엔비디아 추론칩, 삼성전자 3분기 생산 배정 20% 확대 확정설","엔비디아의 그록3 LPU 삼성전자 생산 및 3분기 출하 계획 보도 이후, 엔비디아가 삼성전자에 배정한 그록3 LPU의 3분기 생산 물량을 기존 계획보다 20% 확대하기로 최종 확정했다는 내용이 전해졌다. 시장에서는 관련 수주·공급·실적 기대가 개선될 수 있다는 해석이 제기되고 있다. 관련 거래자들은 해당 주장에 따라 향후 수주·공급·실적 추정치를 다시 점검하는 모습이다.",synthetic_misinformation,엔비디아가 삼성전자에 배정한 그록3 LPU의 3분기 생산 물량을 기존 계획보다 20% 확대하기로 최종 확정했다,"엔비디아는 그록3 LPU 생산을 삼성전자에 맡겼다고 밝혔고, 해당 칩은 3분기부터 출하될 예정이라고 보도됐다.",원문 근거에 없는 확정 상태·배정·수치가 하나의 핵심 명제로 추가됐다.,"base, read",False,sell,6
simulation_20260715_000826_158697_23249,2026-03-18,25,am,A010,1,news_20260318_종목_852d9c32,phasefake_20260318_M02_B,"엔비디아 추론칩, 삼성전자 3분기 생산 배정 20% 확대 확정설","엔비디아의 그록3 LPU 삼성전자 생산 및 3분기 출하 계획 보도 이후, 엔비디아가 삼성전자에 배정한 그록3 LPU의 3분기 생산 물량을 기존 계획보다 20% 확대하기로 최종 확정했다는 내용이 전해졌다. 시장에서는 관련 수주·공급·실적 기대가 개선될 수 있다는 해석이 제기되고 있다. 관련 거래자들은 해당 주장에 따라 향후 수주·공급·실적 추정치를 다시 점검하는 모습이다.",synthetic_misinformation,엔비디아가 삼성전자에 배정한 그록3 LPU의 3분기 생산 물량을 기존 계획보다 20% 확대하기로 최종 확정했다,"엔비디아는 그록3 LPU 생산을 삼성전자에 맡겼다고 밝혔고, 해당 칩은 3분기부터 출하될 예정이라고 보도됐다.",원문 근거에 없는 확정 상태·배정·수치가 하나의 핵심 명제로 추가됐다.,"base, read, selected",True,sell,1
simulation_20260715_000826_158697_23249,2026-03-18,25,am,A013,1,news_20260318_종목_852d9c32,phasefake_20260318_M02_B,"엔비디아 추론칩, 삼성전자 3분기 생산 배정 20% 확대 확정설","엔비디아의 그록3 LPU 삼성전자 생산 및 3분기 출하 계획 보도 이후, 엔비디아가 삼성전자에 배정한 그록3 LPU의 3분기 생산 물량을 기존 계획보다 20% 확대하기로 최종 확정했다는 내용이 전해졌다. 시장에서는 관련 수주·공급·실적 기대가 개선될 수 있다는 해석이 제기되고 있다. 관련 거래자들은 해당 주장에 따라 향후 수주·공급·실적 추정치를 다시 점검하는 모습이다.",synthetic_misinformation,엔비디아가 삼성전자에 배정한 그록3 LPU의 3분기 생산 물량을 기존 계획보다 20% 확대하기로 최종 확정했다,"엔비디아는 그록3 LPU 생산을 삼성전자에 맡겼다고 밝혔고, 해당 칩은 3분기부터 출하될 예정이라고 보도됐다.",원문 근거에 없는 확정 상태·배정·수치가 하나의 핵심 명제로 추가됐다.,"base, read, selected",True,sell,1
simulation_20260715_000826_158697_23249,2026-03-18,25,am,A015,2,news_20260318_종목_852d9c32,phasefake_20260318_M02_B,"엔비디아 추론칩, 삼성전자 3분기 생산 배정 20% 확대 확정설","엔비디아의 그록3 LPU 삼성전자 생산 및 3분기 출하 계획 보도 이후, 엔비디아가 삼성전자에 배정한 그록3 LPU의 3분기 생산 물량을 기존 계획보다 20% 확대하기로 최종 확정했다는 내용이 전해졌다. 시장에서는 관련 수주·공급·실적 기대가 개선될 수 있다는 해석이 제기되고 있다. 관련 거래자들은 해당 주장에 따라 향후 수주·공급·실적 추정치를 다시 점검하는 모습이다.",synthetic_misinformation,엔비디아가 삼성전자에 배정한 그록3 LPU의 3분기 생산 물량을 기존 계획보다 20% 확대하기로 최종 확정했다,"엔비디아는 그록3 LPU 생산을 삼성전자에 맡겼다고 밝혔고, 해당 칩은 3분기부터 출하될 예정이라고 보도됐다.",원문 근거에 없는 확정 상태·배정·수치가 하나의 핵심 명제로 추가됐다.,"base, read, selected",True,sell,1
simulation_20260715_000826_158697_23249,2026-03-18,25,am,A016,0,news_20260318_종목_852d9c32,phasefake_20260318_M02_B,"엔비디아 추론칩, 삼성전자 3분기 생산 배정 20% 확대 확정설","엔비디아의 그록3 LPU 삼성전자 생산 및 3분기 출하 계획 보도 이후, 엔비디아가 삼성전자에 배정한 그록3 LPU의 3분기 생산 물량을 기존 계획보다 20% 확대하기로 최종 확정했다는 내용이 전해졌다. 시장에서는 관련 수주·공급·실적 기대가 개선될 수 있다는 해석이 제기되고 있다. 관련 거래자들은 해당 주장에 따라 향후 수주·공급·실적 추정치를 다시 점검하는 모습이다.",synthetic_misinformation,엔비디아가 삼성전자에 배정한 그록3 LPU의 3분기 생산 물량을 기존 계획보다 20% 확대하기로 최종 확정했다,"엔비디아는 그록3 LPU 생산을 삼성전자에 맡겼다고 밝혔고, 해당 칩은 3분기부터 출하될 예정이라고 보도됐다.",원문 근거에 없는 확정 상태·배정·수치가 하나의 핵심 명제로 추가됐다.,"base, selected",True,buy,80
simulation_20260715_000826_158697_23249,2026-03-18,25,am,A017,2,news_20260318_종목_852d9c32,phasefake_20260318_M02_B,"엔비디아 추론칩, 삼성전자 3분기 생산 배정 20% 확대 확정설","엔비디아의 그록3 LPU 삼성전자 생산 및 3분기 출하 계획 보도 이후, 엔비디아가 삼성전자에 배정한 그록3 LPU의 3분기 생산 물량을 기존 계획보다 20% 확대하기로 최종 확정했다는 내용이 전해졌다. 시장에서는 관련 수주·공급·실적 기대가 개선될 수 있다는 해석이 제기되고 있다. 관련 거래자들은 해당 주장에 따라 향후 수주·공급·실적 추정치를 다시 점검하는 모습이다.",synthetic_misinformation,엔비디아가 삼성전자에 배정한 그록3 LPU의 3분기 생산 물량을 기존 계획보다 20% 확대하기로 최종 확정했다,"엔비디아는 그록3 LPU 생산을 삼성전자에 맡겼다고 밝혔고, 해당 칩은 3분기부터 출하될 예정이라고 보도됐다.",원문 근거에 없는 확정 상태·배정·수치가 하나의 핵심 명제로 추가됐다.,"base, read, selected",True,sell,20
simulation_20260715_000826_158697_23249,2026-03-18,25,am,A018,0,news_20260318_종목_852d9c32,phasefake_20260318_M02_B,"엔비디아 추론칩, 삼성전자 3분기 생산 배정 20% 확대 확정설","엔비디아의 그록3 LPU 삼성전자 생산 및 3분기 출하 계획 보도 이후, 엔비디아가 삼성전자에 배정한 그록3 LPU의 3분기 생산 물량을 기존 계획보다 20% 확대하기로 최종 확정했다는 내용이 전해졌다. 시장에서는 관련 수주·공급·실적 기대가 개선될 수 있다는 해석이 제기되고 있다. 관련 거래자들은 해당 주장에 따라 향후 수주·공급·실적 추정치를 다시 점검하는 모습이다.",synthetic_misinformation,엔비디아가 삼성전자에 배정한 그록3 LPU의 3분기 생산 물량을 기존 계획보다 20% 확대하기로 최종 확정했다,"엔비디아는 그록3 LPU 생산을 삼성전자에 맡겼다고 밝혔고, 해당 칩은 3분기부터 출하될 예정이라고 보도됐다.",원문 근거에 없는 확정 상태·배정·수치가 하나의 핵심 명제로 추가됐다.,"base, selected",True,sell,1
simulation_20260715_000826_158697_23249,2026-03-18,25,am,A019,1,news_20260318_종목_852d9c32,phasefake_20260318_M02_B,"엔비디아 추론칩, 삼성전자 3분기 생산 배정 20% 확대 확정설","엔비디아의 그록3 LPU 삼성전자 생산 및 3분기 출하 계획 보도 이후, 엔비디아가 삼성전자에 배정한 그록3 LPU의 3분기 생산 물량을 기존 계획보다 20% 확대하기로 최종 확정했다는 내용이 전해졌다. 시장에서는 관련 수주·공급·실적 기대가 개선될 수 있다는 해석이 제기되고 있다. 관련 거래자들은 해당 주장에 따라 향후 수주·공급·실적 추정치를 다시 점검하는 모습이다.",synthetic_misinformation,엔비디아가 삼성전자에 배정한 그록3 LPU의 3분기 생산 물량을 기존 계획보다 20% 확대하기로 최종 확정했다,"엔비디아는 그록3 LPU 생산을 삼성전자에 맡겼다고 밝혔고, 해당 칩은 3분기부터 출하될 예정이라고 보도됐다.",원문 근거에 없는 확정 상태·배정·수치가 하나의 핵심 명제로 추가됐다.,"base, read, selected",True,sell,1
simulation_20260715_000826_158697_23249,2026-03-18,25,am,A021,0,news_20260318_종목_852d9c32,phasefake_20260318_M02_B,"엔비디아 추론칩, 삼성전자 3분기 생산 배정 20% 확대 확정설","엔비디아의 그록3 LPU 삼성전자 생산 및 3분기 출하 계획 보도 이후, 엔비디아가 삼성전자에 배정한 그록3 LPU의 3분기 생산 물량을 기존 계획보다 20% 확대하기로 최종 확정했다는 내용이 전해졌다. 시장에서는 관련 수주·공급·실적 기대가 개선될 수 있다는 해석이 제기되고 있다. 관련 거래자들은 해당 주장에 따라 향후 수주·공급·실적 추정치를 다시 점검하는 모습이다.",synthetic_misinformation,엔비디아가 삼성전자에 배정한 그록3 LPU의 3분기 생산 물량을 기존 계획보다 20% 확대하기로 최종 확정했다,"엔비디아는 그록3 LPU 생산을 삼성전자에 맡겼다고 밝혔고, 해당 칩은 3분기부터 출하될 예정이라고 보도됐다.",원문 근거에 없는 확정 상태·배정·수치가 하나의 핵심 명제로 추가됐다.,base,False,sell,10
simulation_20260715_000826_158697_23249,2026-03-18,25,am,A020,2,news_20260318_종목_852d9c32,phasefake_20260318_M02_B,"엔비디아 추론칩, 삼성전자 3분기 생산 배정 20% 확대 확정설","엔비디아의 그록3 LPU 삼성전자 생산 및 3분기 출하 계획 보도 이후, 엔비디아가 삼성전자에 배정한 그록3 LPU의 3분기 생산 물량을 기존 계획보다 20% 확대하기로 최종 확정했다는 내용이 전해졌다. 시장에서는 관련 수주·공급·실적 기대가 개선될 수 있다는 해석이 제기되고 있다. 관련 거래자들은 해당 주장에 따라 향후 수주·공급·실적 추정치를 다시 점검하는 모습이다.",synthetic_misinformation,엔비디아가 삼성전자에 배정한 그록3 LPU의 3분기 생산 물량을 기존 계획보다 20% 확대하기로 최종 확정했다,"엔비디아는 그록3 LPU 생산을 삼성전자에 맡겼다고 밝혔고, 해당 칩은 3분기부터 출하될 예정이라고 보도됐다.",원문 근거에 없는 확정 상태·배정·수치가 하나의 핵심 명제로 추가됐다.,"base, read, search, selected",True,buy,10
simulation_20260715_000826_158697_23249,2026-03-18,25,am,A022,1,news_20260318_종목_852d9c32,phasefake_20260318_M02_B,"엔비디아 추론칩, 삼성전자 3분기 생산 배정 20% 확대 확정설","엔비디아의 그록3 LPU 삼성전자 생산 및 3분기 출하 계획 보도 이후, 엔비디아가 삼성전자에 배정한 그록3 LPU의 3분기 생산 물량을 기존 계획보다 20% 확대하기로 최종 확정했다는 내용이 전해졌다. 시장에서는 관련 수주·공급·실적 기대가 개선될 수 있다는 해석이 제기되고 있다. 관련 거래자들은 해당 주장에 따라 향후 수주·공급·실적 추정치를 다시 점검하는 모습이다.",synthetic_misinformation,엔비디아가 삼성전자에 배정한 그록3 LPU의 3분기 생산 물량을 기존 계획보다 20% 확대하기로 최종 확정했다,"엔비디아는 그록3 LPU 생산을 삼성전자에 맡겼다고 밝혔고, 해당 칩은 3분기부터 출하될 예정이라고 보도됐다.",원문 근거에 없는 확정 상태·배정·수치가 하나의 핵심 명제로 추가됐다.,"base, read, selected",True,buy,13
simulation_20260715_000826_158697_23249,2026-03-18,25,am,A023,0,news_20260318_종목_852d9c32,phasefake_20260318_M02_B,"엔비디아 추론칩, 삼성전자 3분기 생산 배정 20% 확대 확정설","엔비디아의 그록3 LPU 삼성전자 생산 및 3분기 출하 계획 보도 이후, 엔비디아가 삼성전자에 배정한 그록3 LPU의 3분기 생산 물량을 기존 계획보다 20% 확대하기로 최종 확정했다는 내용이 전해졌다. 시장에서는 관련 수주·공급·실적 기대가 개선될 수 있다는 해석이 제기되고 있다. 관련 거래자들은 해당 주장에 따라 향후 수주·공급·실적 추정치를 다시 점검하는 모습이다.",synthetic_misinformation,엔비디아가 삼성전자에 배정한 그록3 LPU의 3분기 생산 물량을 기존 계획보다 20% 확대하기로 최종 확정했다,"엔비디아는 그록3 LPU 생산을 삼성전자에 맡겼다고 밝혔고, 해당 칩은 3분기부터 출하될 예정이라고 보도됐다.",원문 근거에 없는 확정 상태·배정·수치가 하나의 핵심 명제로 추가됐다.,"base, selected",True,buy,1
simulation_20260715_000826_158697_23249,2026-03-18,25,am,A024,0,news_20260318_종목_852d9c32,phasefake_20260318_M02_B,"엔비디아 추론칩, 삼성전자 3분기 생산 배정 20% 확대 확정설","엔비디아의 그록3 LPU 삼성전자 생산 및 3분기 출하 계획 보도 이후, 엔비디아가 삼성전자에 배정한 그록3 LPU의 3분기 생산 물량을 기존 계획보다 20% 확대하기로 최종 확정했다는 내용이 전해졌다. 시장에서는 관련 수주·공급·실적 기대가 개선될 수 있다는 해석이 제기되고 있다. 관련 거래자들은 해당 주장에 따라 향후 수주·공급·실적 추정치를 다시 점검하는 모습이다.",synthetic_misinformation,엔비디아가 삼성전자에 배정한 그록3 LPU의 3분기 생산 물량을 기존 계획보다 20% 확대하기로 최종 확정했다,"엔비디아는 그록3 LPU 생산을 삼성전자에 맡겼다고 밝혔고, 해당 칩은 3분기부터 출하될 예정이라고 보도됐다.",원문 근거에 없는 확정 상태·배정·수치가 하나의 핵심 명제로 추가됐다.,"base, selected",True,buy,6
simulation_20260715_000826_158697_23249,2026-03-18,25,am,A026,1,news_20260318_종목_852d9c32,phasefake_20260318_M02_B,"엔비디아 추론칩, 삼성전자 3분기 생산 배정 20% 확대 확정설","엔비디아의 그록3 LPU 삼성전자 생산 및 3분기 출하 계획 보도 이후, 엔비디아가 삼성전자에 배정한 그록3 LPU의 3분기 생산 물량을 기존 계획보다 20% 확대하기로 최종 확정했다는 내용이 전해졌다. 시장에서는 관련 수주·공급·실적 기대가 개선될 수 있다는 해석이 제기되고 있다. 관련 거래자들은 해당 주장에 따라 향후 수주·공급·실적 추정치를 다시 점검하는 모습이다.",synthetic_misinformation,엔비디아가 삼성전자에 배정한 그록3 LPU의 3분기 생산 물량을 기존 계획보다 20% 확대하기로 최종 확정했다,"엔비디아는 그록3 LPU 생산을 삼성전자에 맡겼다고 밝혔고, 해당 칩은 3분기부터 출하될 예정이라고 보도됐다.",원문 근거에 없는 확정 상태·배정·수치가 하나의 핵심 명제로 추가됐다.,"base, read, selected",True,buy,1
simulation_20260715_000826_158697_23249,2026-03-18,25,am,A025,1,news_20260318_종목_852d9c32,phasefake_20260318_M02_B,"엔비디아 추론칩, 삼성전자 3분기 생산 배정 20% 확대 확정설","엔비디아의 그록3 LPU 삼성전자 생산 및 3분기 출하 계획 보도 이후, 엔비디아가 삼성전자에 배정한 그록3 LPU의 3분기 생산 물량을 기존 계획보다 20% 확대하기로 최종 확정했다는 내용이 전해졌다. 시장에서는 관련 수주·공급·실적 기대가 개선될 수 있다는 해석이 제기되고 있다. 관련 거래자들은 해당 주장에 따라 향후 수주·공급·실적 추정치를 다시 점검하는 모습이다.",synthetic_misinformation,엔비디아가 삼성전자에 배정한 그록3 LPU의 3분기 생산 물량을 기존 계획보다 20% 확대하기로 최종 확정했다,"엔비디아는 그록3 LPU 생산을 삼성전자에 맡겼다고 밝혔고, 해당 칩은 3분기부터 출하될 예정이라고 보도됐다.",원문 근거에 없는 확정 상태·배정·수치가 하나의 핵심 명제로 추가됐다.,"base, read, selected",True,sell,5
simulation_20260715_000826_158697_23249,2026-03-18,25,am,A028,0,news_20260318_종목_852d9c32,phasefake_20260318_M02_B,"엔비디아 추론칩, 삼성전자 3분기 생산 배정 20% 확대 확정설","엔비디아의 그록3 LPU 삼성전자 생산 및 3분기 출하 계획 보도 이후, 엔비디아가 삼성전자에 배정한 그록3 LPU의 3분기 생산 물량을 기존 계획보다 20% 확대하기로 최종 확정했다는 내용이 전해졌다. 시장에서는 관련 수주·공급·실적 기대가 개선될 수 있다는 해석이 제기되고 있다. 관련 거래자들은 해당 주장에 따라 향후 수주·공급·실적 추정치를 다시 점검하는 모습이다.",synthetic_misinformation,엔비디아가 삼성전자에 배정한 그록3 LPU의 3분기 생산 물량을 기존 계획보다 20% 확대하기로 최종 확정했다,"엔비디아는 그록3 LPU 생산을 삼성전자에 맡겼다고 밝혔고, 해당 칩은 3분기부터 출하될 예정이라고 보도됐다.",원문 근거에 없는 확정 상태·배정·수치가 하나의 핵심 명제로 추가됐다.,"base, selected",True,buy,1
simulation_20260715_000826_158697_23249,2026-03-18,25,am,A029,0,news_20260318_종목_852d9c32,phasefake_20260318_M02_B,"엔비디아 추론칩, 삼성전자 3분기 생산 배정 20% 확대 확정설","엔비디아의 그록3 LPU 삼성전자 생산 및 3분기 출하 계획 보도 이후, 엔비디아가 삼성전자에 배정한 그록3 LPU의 3분기 생산 물량을 기존 계획보다 20% 확대하기로 최종 확정했다는 내용이 전해졌다. 시장에서는 관련 수주·공급·실적 기대가 개선될 수 있다는 해석이 제기되고 있다. 관련 거래자들은 해당 주장에 따라 향후 수주·공급·실적 추정치를 다시 점검하는 모습이다.",synthetic_misinformation,엔비디아가 삼성전자에 배정한 그록3 LPU의 3분기 생산 물량을 기존 계획보다 20% 확대하기로 최종 확정했다,"엔비디아는 그록3 LPU 생산을 삼성전자에 맡겼다고 밝혔고, 해당 칩은 3분기부터 출하될 예정이라고 보도됐다.",원문 근거에 없는 확정 상태·배정·수치가 하나의 핵심 명제로 추가됐다.,base,False,sell,1
simulation_20260715_000826_158697_23249,2026-03-18,25,am,A027,1,news_20260318_종목_852d9c32,phasefake_20260318_M02_B,"엔비디아 추론칩, 삼성전자 3분기 생산 배정 20% 확대 확정설","엔비디아의 그록3 LPU 삼성전자 생산 및 3분기 출하 계획 보도 이후, 엔비디아가 삼성전자에 배정한 그록3 LPU의 3분기 생산 물량을 기존 계획보다 20% 확대하기로 최종 확정했다는 내용이 전해졌다. 시장에서는 관련 수주·공급·실적 기대가 개선될 수 있다는 해석이 제기되고 있다. 관련 거래자들은 해당 주장에 따라 향후 수주·공급·실적 추정치를 다시 점검하는 모습이다.",synthetic_misinformation,엔비디아가 삼성전자에 배정한 그록3 LPU의 3분기 생산 물량을 기존 계획보다 20% 확대하기로 최종 확정했다,"엔비디아는 그록3 LPU 생산을 삼성전자에 맡겼다고 밝혔고, 해당 칩은 3분기부터 출하될 예정이라고 보도됐다.",원문 근거에 없는 확정 상태·배정·수치가 하나의 핵심 명제로 추가됐다.,"base, read",False,buy,18
simulation_20260715_000826_158697_23249,2026-03-18,25,am,A030,0,news_20260318_종목_852d9c32,phasefake_20260318_M02_B,"엔비디아 추론칩, 삼성전자 3분기 생산 배정 20% 확대 확정설","엔비디아의 그록3 LPU 삼성전자 생산 및 3분기 출하 계획 보도 이후, 엔비디아가 삼성전자에 배정한 그록3 LPU의 3분기 생산 물량을 기존 계획보다 20% 확대하기로 최종 확정했다는 내용이 전해졌다. 시장에서는 관련 수주·공급·실적 기대가 개선될 수 있다는 해석이 제기되고 있다. 관련 거래자들은 해당 주장에 따라 향후 수주·공급·실적 추정치를 다시 점검하는 모습이다.",synthetic_misinformation,엔비디아가 삼성전자에 배정한 그록3 LPU의 3분기 생산 물량을 기존 계획보다 20% 확대하기로 최종 확정했다,"엔비디아는 그록3 LPU 생산을 삼성전자에 맡겼다고 밝혔고, 해당 칩은 3분기부터 출하될 예정이라고 보도됐다.",원문 근거에 없는 확정 상태·배정·수치가 하나의 핵심 명제로 추가됐다.,"base, selected",True,sell,1
simulation_20260715_000826_158697_23249,2026-03-19,28,pm,A003,1,news_20260319_종목_e2c409da,phasefake_20260319_M02_B,"엔비디아 추론칩 삼성전자 생산, 엔비디아가 삼성전자에 배정한 그록3 LPU의 3분기 생산 물량을 기존 계획보다 20% 확대하기로 최종 확정했다는 내용이 후속 협의에서도 재확인됐다 재확인 관측…후속 협의 주목","엔비디아 추론칩 삼성전자 생산 관련 소식 이후, 엔비디아가 삼성전자에 배정한 그록3 LPU의 3분기 생산 물량을 기존 계획보다 20% 확대하기로 최종 확정했다는 내용이 후속 협의에서도 재확인됐다는 관측이 이어지고 있다. 시장에서는 관련 수주·공급·실적 기대가 개선될 수 있다는 해석이 제기되고 있다. 관련 거래자들은 해당 주장에 따라 향후 수주·공급·실적 추정치를 다시 점검하는 모습이다.",synthetic_misinformation,엔비디아가 삼성전자에 배정한 그록3 LPU의 3분기 생산 물량을 기존 계획보다 20% 확대하기로 최종 확정했다는 내용이 후속 협의에서도 재확인됐다,"엔비디아는 그록3 LPU 생산을 삼성전자에 맡겼다고 밝혔고, 해당 칩은 3분기부터 출하될 예정이라고 보도됐다.",원문 근거에 없는 확정 상태·배정·수치가 하나의 핵심 명제로 추가됐다.,"base, read, selected",True,buy,66
simulation_20260715_000826_158697_23249,2026-03-19,28,pm,A004,1,news_20260319_종목_e2c409da,phasefake_20260319_M02_B,"엔비디아 추론칩 삼성전자 생산, 엔비디아가 삼성전자에 배정한 그록3 LPU의 3분기 생산 물량을 기존 계획보다 20% 확대하기로 최종 확정했다는 내용이 후속 협의에서도 재확인됐다 재확인 관측…후속 협의 주목","엔비디아 추론칩 삼성전자 생산 관련 소식 이후, 엔비디아가 삼성전자에 배정한 그록3 LPU의 3분기 생산 물량을 기존 계획보다 20% 확대하기로 최종 확정했다는 내용이 후속 협의에서도 재확인됐다는 관측이 이어지고 있다. 시장에서는 관련 수주·공급·실적 기대가 개선될 수 있다는 해석이 제기되고 있다. 관련 거래자들은 해당 주장에 따라 향후 수주·공급·실적 추정치를 다시 점검하는 모습이다.",synthetic_misinformation,엔비디아가 삼성전자에 배정한 그록3 LPU의 3분기 생산 물량을 기존 계획보다 20% 확대하기로 최종 확정했다는 내용이 후속 협의에서도 재확인됐다,"엔비디아는 그록3 LPU 생산을 삼성전자에 맡겼다고 밝혔고, 해당 칩은 3분기부터 출하될 예정이라고 보도됐다.",원문 근거에 없는 확정 상태·배정·수치가 하나의 핵심 명제로 추가됐다.,"base, read, selected",True,buy,241
simulation_20260715_000826_158697_23249,2026-03-19,28,pm,A001,1,news_20260319_종목_e2c409da,phasefake_20260319_M02_B,"엔비디아 추론칩 삼성전자 생산, 엔비디아가 삼성전자에 배정한 그록3 LPU의 3분기 생산 물량을 기존 계획보다 20% 확대하기로 최종 확정했다는 내용이 후속 협의에서도 재확인됐다 재확인 관측…후속 협의 주목","엔비디아 추론칩 삼성전자 생산 관련 소식 이후, 엔비디아가 삼성전자에 배정한 그록3 LPU의 3분기 생산 물량을 기존 계획보다 20% 확대하기로 최종 확정했다는 내용이 후속 협의에서도 재확인됐다는 관측이 이어지고 있다. 시장에서는 관련 수주·공급·실적 기대가 개선될 수 있다는 해석이 제기되고 있다. 관련 거래자들은 해당 주장에 따라 향후 수주·공급·실적 추정치를 다시 점검하는 모습이다.",synthetic_misinformation,엔비디아가 삼성전자에 배정한 그록3 LPU의 3분기 생산 물량을 기존 계획보다 20% 확대하기로 최종 확정했다는 내용이 후속 협의에서도 재확인됐다,"엔비디아는 그록3 LPU 생산을 삼성전자에 맡겼다고 밝혔고, 해당 칩은 3분기부터 출하될 예정이라고 보도됐다.",원문 근거에 없는 확정 상태·배정·수치가 하나의 핵심 명제로 추가됐다.,"base, read, selected",True,buy,5
simulation_20260715_000826_158697_23249,2026-03-19,28,pm,A002,0,news_20260319_종목_e2c409da,phasefake_20260319_M02_B,"엔비디아 추론칩 삼성전자 생산, 엔비디아가 삼성전자에 배정한 그록3 LPU의 3분기 생산 물량을 기존 계획보다 20% 확대하기로 최종 확정했다는 내용이 후속 협의에서도 재확인됐다 재확인 관측…후속 협의 주목","엔비디아 추론칩 삼성전자 생산 관련 소식 이후, 엔비디아가 삼성전자에 배정한 그록3 LPU의 3분기 생산 물량을 기존 계획보다 20% 확대하기로 최종 확정했다는 내용이 후속 협의에서도 재확인됐다는 관측이 이어지고 있다. 시장에서는 관련 수주·공급·실적 기대가 개선될 수 있다는 해석이 제기되고 있다. 관련 거래자들은 해당 주장에 따라 향후 수주·공급·실적 추정치를 다시 점검하는 모습이다.",synthetic_misinformation,엔비디아가 삼성전자에 배정한 그록3 LPU의 3분기 생산 물량을 기존 계획보다 20% 확대하기로 최종 확정했다는 내용이 후속 협의에서도 재확인됐다,"엔비디아는 그록3 LPU 생산을 삼성전자에 맡겼다고 밝혔고, 해당 칩은 3분기부터 출하될 예정이라고 보도됐다.",원문 근거에 없는 확정 상태·배정·수치가 하나의 핵심 명제로 추가됐다.,"base, selected",True,buy,38
simulation_20260715_000826_158697_23249,2026-03-19,28,pm,A005,1,news_20260319_종목_e2c409da,phasefake_20260319_M02_B,"엔비디아 추론칩 삼성전자 생산, 엔비디아가 삼성전자에 배정한 그록3 LPU의 3분기 생산 물량을 기존 계획보다 20% 확대하기로 최종 확정했다는 내용이 후속 협의에서도 재확인됐다 재확인 관측…후속 협의 주목","엔비디아 추론칩 삼성전자 생산 관련 소식 이후, 엔비디아가 삼성전자에 배정한 그록3 LPU의 3분기 생산 물량을 기존 계획보다 20% 확대하기로 최종 확정했다는 내용이 후속 협의에서도 재확인됐다는 관측이 이어지고 있다. 시장에서는 관련 수주·공급·실적 기대가 개선될 수 있다는 해석이 제기되고 있다. 관련 거래자들은 해당 주장에 따라 향후 수주·공급·실적 추정치를 다시 점검하는 모습이다.",synthetic_misinformation,엔비디아가 삼성전자에 배정한 그록3 LPU의 3분기 생산 물량을 기존 계획보다 20% 확대하기로 최종 확정했다는 내용이 후속 협의에서도 재확인됐다,"엔비디아는 그록3 LPU 생산을 삼성전자에 맡겼다고 밝혔고, 해당 칩은 3분기부터 출하될 예정이라고 보도됐다.",원문 근거에 없는 확정 상태·배정·수치가 하나의 핵심 명제로 추가됐다.,"base, read, selected",True,buy,1
simulation_20260715_000826_158697_23249,2026-03-19,28,pm,A006,1,news_20260319_종목_e2c409da,phasefake_20260319_M02_B,"엔비디아 추론칩 삼성전자 생산, 엔비디아가 삼성전자에 배정한 그록3 LPU의 3분기 생산 물량을 기존 계획보다 20% 확대하기로 최종 확정했다는 내용이 후속 협의에서도 재확인됐다 재확인 관측…후속 협의 주목","엔비디아 추론칩 삼성전자 생산 관련 소식 이후, 엔비디아가 삼성전자에 배정한 그록3 LPU의 3분기 생산 물량을 기존 계획보다 20% 확대하기로 최종 확정했다는 내용이 후속 협의에서도 재확인됐다는 관측이 이어지고 있다. 시장에서는 관련 수주·공급·실적 기대가 개선될 수 있다는 해석이 제기되고 있다. 관련 거래자들은 해당 주장에 따라 향후 수주·공급·실적 추정치를 다시 점검하는 모습이다.",synthetic_misinformation,엔비디아가 삼성전자에 배정한 그록3 LPU의 3분기 생산 물량을 기존 계획보다 20% 확대하기로 최종 확정했다는 내용이 후속 협의에서도 재확인됐다,"엔비디아는 그록3 LPU 생산을 삼성전자에 맡겼다고 밝혔고, 해당 칩은 3분기부터 출하될 예정이라고 보도됐다.",원문 근거에 없는 확정 상태·배정·수치가 하나의 핵심 명제로 추가됐다.,"base, read, selected",True,sell,1
simulation_20260715_000826_158697_23249,2026-03-19,28,pm,A008,1,news_20260319_종목_e2c409da,phasefake_20260319_M02_B,"엔비디아 추론칩 삼성전자 생산, 엔비디아가 삼성전자에 배정한 그록3 LPU의 3분기 생산 물량을 기존 계획보다 20% 확대하기로 최종 확정했다는 내용이 후속 협의에서도 재확인됐다 재확인 관측…후속 협의 주목","엔비디아 추론칩 삼성전자 생산 관련 소식 이후, 엔비디아가 삼성전자에 배정한 그록3 LPU의 3분기 생산 물량을 기존 계획보다 20% 확대하기로 최종 확정했다는 내용이 후속 협의에서도 재확인됐다는 관측이 이어지고 있다. 시장에서는 관련 수주·공급·실적 기대가 개선될 수 있다는 해석이 제기되고 있다. 관련 거래자들은 해당 주장에 따라 향후 수주·공급·실적 추정치를 다시 점검하는 모습이다.",synthetic_misinformation,엔비디아가 삼성전자에 배정한 그록3 LPU의 3분기 생산 물량을 기존 계획보다 20% 확대하기로 최종 확정했다는 내용이 후속 협의에서도 재확인됐다,"엔비디아는 그록3 LPU 생산을 삼성전자에 맡겼다고 밝혔고, 해당 칩은 3분기부터 출하될 예정이라고 보도됐다.",원문 근거에 없는 확정 상태·배정·수치가 하나의 핵심 명제로 추가됐다.,"base, read, selected",True,buy,7
simulation_20260715_000826_158697_23249,2026-03-19,28,pm,A009,0,news_20260319_종목_e2c409da,phasefake_20260319_M02_B,"엔비디아 추론칩 삼성전자 생산, 엔비디아가 삼성전자에 배정한 그록3 LPU의 3분기 생산 물량을 기존 계획보다 20% 확대하기로 최종 확정했다는 내용이 후속 협의에서도 재확인됐다 재확인 관측…후속 협의 주목","엔비디아 추론칩 삼성전자 생산 관련 소식 이후, 엔비디아가 삼성전자에 배정한 그록3 LPU의 3분기 생산 물량을 기존 계획보다 20% 확대하기로 최종 확정했다는 내용이 후속 협의에서도 재확인됐다는 관측이 이어지고 있다. 시장에서는 관련 수주·공급·실적 기대가 개선될 수 있다는 해석이 제기되고 있다. 관련 거래자들은 해당 주장에 따라 향후 수주·공급·실적 추정치를 다시 점검하는 모습이다.",synthetic_misinformation,엔비디아가 삼성전자에 배정한 그록3 LPU의 3분기 생산 물량을 기존 계획보다 20% 확대하기로 최종 확정했다는 내용이 후속 협의에서도 재확인됐다,"엔비디아는 그록3 LPU 생산을 삼성전자에 맡겼다고 밝혔고, 해당 칩은 3분기부터 출하될 예정이라고 보도됐다.",원문 근거에 없는 확정 상태·배정·수치가 하나의 핵심 명제로 추가됐다.,"base, selected",True,buy,77
simulation_20260715_000826_158697_23249,2026-03-19,28,pm,A010,1,news_20260319_종목_e2c409da,phasefake_20260319_M02_B,"엔비디아 추론칩 삼성전자 생산, 엔비디아가 삼성전자에 배정한 그록3 LPU의 3분기 생산 물량을 기존 계획보다 20% 확대하기로 최종 확정했다는 내용이 후속 협의에서도 재확인됐다 재확인 관측…후속 협의 주목","엔비디아 추론칩 삼성전자 생산 관련 소식 이후, 엔비디아가 삼성전자에 배정한 그록3 LPU의 3분기 생산 물량을 기존 계획보다 20% 확대하기로 최종 확정했다는 내용이 후속 협의에서도 재확인됐다는 관측이 이어지고 있다. 시장에서는 관련 수주·공급·실적 기대가 개선될 수 있다는 해석이 제기되고 있다. 관련 거래자들은 해당 주장에 따라 향후 수주·공급·실적 추정치를 다시 점검하는 모습이다.",synthetic_misinformation,엔비디아가 삼성전자에 배정한 그록3 LPU의 3분기 생산 물량을 기존 계획보다 20% 확대하기로 최종 확정했다는 내용이 후속 협의에서도 재확인됐다,"엔비디아는 그록3 LPU 생산을 삼성전자에 맡겼다고 밝혔고, 해당 칩은 3분기부터 출하될 예정이라고 보도됐다.",원문 근거에 없는 확정 상태·배정·수치가 하나의 핵심 명제로 추가됐다.,"base, read, selected",True,buy,1
simulation_20260715_000826_158697_23249,2026-03-19,28,pm,A007,2,news_20260319_종목_e2c409da,phasefake_20260319_M02_B,"엔비디아 추론칩 삼성전자 생산, 엔비디아가 삼성전자에 배정한 그록3 LPU의 3분기 생산 물량을 기존 계획보다 20% 확대하기로 최종 확정했다는 내용이 후속 협의에서도 재확인됐다 재확인 관측…후속 협의 주목","엔비디아 추론칩 삼성전자 생산 관련 소식 이후, 엔비디아가 삼성전자에 배정한 그록3 LPU의 3분기 생산 물량을 기존 계획보다 20% 확대하기로 최종 확정했다는 내용이 후속 협의에서도 재확인됐다는 관측이 이어지고 있다. 시장에서는 관련 수주·공급·실적 기대가 개선될 수 있다는 해석이 제기되고 있다. 관련 거래자들은 해당 주장에 따라 향후 수주·공급·실적 추정치를 다시 점검하는 모습이다.",synthetic_misinformation,엔비디아가 삼성전자에 배정한 그록3 LPU의 3분기 생산 물량을 기존 계획보다 20% 확대하기로 최종 확정했다는 내용이 후속 협의에서도 재확인됐다,"엔비디아는 그록3 LPU 생산을 삼성전자에 맡겼다고 밝혔고, 해당 칩은 3분기부터 출하될 예정이라고 보도됐다.",원문 근거에 없는 확정 상태·배정·수치가 하나의 핵심 명제로 추가됐다.,"base, read, selected",True,buy,10
simulation_20260715_000826_158697_23249,2026-03-19,28,pm,A013,1,news_20260319_종목_e2c409da,phasefake_20260319_M02_B,"엔비디아 추론칩 삼성전자 생산, 엔비디아가 삼성전자에 배정한 그록3 LPU의 3분기 생산 물량을 기존 계획보다 20% 확대하기로 최종 확정했다는 내용이 후속 협의에서도 재확인됐다 재확인 관측…후속 협의 주목","엔비디아 추론칩 삼성전자 생산 관련 소식 이후, 엔비디아가 삼성전자에 배정한 그록3 LPU의 3분기 생산 물량을 기존 계획보다 20% 확대하기로 최종 확정했다는 내용이 후속 협의에서도 재확인됐다는 관측이 이어지고 있다. 시장에서는 관련 수주·공급·실적 기대가 개선될 수 있다는 해석이 제기되고 있다. 관련 거래자들은 해당 주장에 따라 향후 수주·공급·실적 추정치를 다시 점검하는 모습이다.",synthetic_misinformation,엔비디아가 삼성전자에 배정한 그록3 LPU의 3분기 생산 물량을 기존 계획보다 20% 확대하기로 최종 확정했다는 내용이 후속 협의에서도 재확인됐다,"엔비디아는 그록3 LPU 생산을 삼성전자에 맡겼다고 밝혔고, 해당 칩은 3분기부터 출하될 예정이라고 보도됐다.",원문 근거에 없는 확정 상태·배정·수치가 하나의 핵심 명제로 추가됐다.,"base, read, selected",True,buy,1
simulation_20260715_000826_158697_23249,2026-03-19,28,pm,A012,1,news_20260319_종목_e2c409da,phasefake_20260319_M02_B,"엔비디아 추론칩 삼성전자 생산, 엔비디아가 삼성전자에 배정한 그록3 LPU의 3분기 생산 물량을 기존 계획보다 20% 확대하기로 최종 확정했다는 내용이 후속 협의에서도 재확인됐다 재확인 관측…후속 협의 주목","엔비디아 추론칩 삼성전자 생산 관련 소식 이후, 엔비디아가 삼성전자에 배정한 그록3 LPU의 3분기 생산 물량을 기존 계획보다 20% 확대하기로 최종 확정했다는 내용이 후속 협의에서도 재확인됐다는 관측이 이어지고 있다. 시장에서는 관련 수주·공급·실적 기대가 개선될 수 있다는 해석이 제기되고 있다. 관련 거래자들은 해당 주장에 따라 향후 수주·공급·실적 추정치를 다시 점검하는 모습이다.",synthetic_misinformation,엔비디아가 삼성전자에 배정한 그록3 LPU의 3분기 생산 물량을 기존 계획보다 20% 확대하기로 최종 확정했다는 내용이 후속 협의에서도 재확인됐다,"엔비디아는 그록3 LPU 생산을 삼성전자에 맡겼다고 밝혔고, 해당 칩은 3분기부터 출하될 예정이라고 보도됐다.",원문 근거에 없는 확정 상태·배정·수치가 하나의 핵심 명제로 추가됐다.,"base, read, selected",True,buy,100
simulation_20260715_000826_158697_23249,2026-03-19,28,pm,A014,1,news_20260319_종목_e2c409da,phasefake_20260319_M02_B,"엔비디아 추론칩 삼성전자 생산, 엔비디아가 삼성전자에 배정한 그록3 LPU의 3분기 생산 물량을 기존 계획보다 20% 확대하기로 최종 확정했다는 내용이 후속 협의에서도 재확인됐다 재확인 관측…후속 협의 주목","엔비디아 추론칩 삼성전자 생산 관련 소식 이후, 엔비디아가 삼성전자에 배정한 그록3 LPU의 3분기 생산 물량을 기존 계획보다 20% 확대하기로 최종 확정했다는 내용이 후속 협의에서도 재확인됐다는 관측이 이어지고 있다. 시장에서는 관련 수주·공급·실적 기대가 개선될 수 있다는 해석이 제기되고 있다. 관련 거래자들은 해당 주장에 따라 향후 수주·공급·실적 추정치를 다시 점검하는 모습이다.",synthetic_misinformation,엔비디아가 삼성전자에 배정한 그록3 LPU의 3분기 생산 물량을 기존 계획보다 20% 확대하기로 최종 확정했다는 내용이 후속 협의에서도 재확인됐다,"엔비디아는 그록3 LPU 생산을 삼성전자에 맡겼다고 밝혔고, 해당 칩은 3분기부터 출하될 예정이라고 보도됐다.",원문 근거에 없는 확정 상태·배정·수치가 하나의 핵심 명제로 추가됐다.,"base, read, selected",True,buy,10
simulation_20260715_000826_158697_23249,2026-03-19,28,pm,A011,1,news_20260319_종목_e2c409da,phasefake_20260319_M02_B,"엔비디아 추론칩 삼성전자 생산, 엔비디아가 삼성전자에 배정한 그록3 LPU의 3분기 생산 물량을 기존 계획보다 20% 확대하기로 최종 확정했다는 내용이 후속 협의에서도 재확인됐다 재확인 관측…후속 협의 주목","엔비디아 추론칩 삼성전자 생산 관련 소식 이후, 엔비디아가 삼성전자에 배정한 그록3 LPU의 3분기 생산 물량을 기존 계획보다 20% 확대하기로 최종 확정했다는 내용이 후속 협의에서도 재확인됐다는 관측이 이어지고 있다. 시장에서는 관련 수주·공급·실적 기대가 개선될 수 있다는 해석이 제기되고 있다. 관련 거래자들은 해당 주장에 따라 향후 수주·공급·실적 추정치를 다시 점검하는 모습이다.",synthetic_misinformation,엔비디아가 삼성전자에 배정한 그록3 LPU의 3분기 생산 물량을 기존 계획보다 20% 확대하기로 최종 확정했다는 내용이 후속 협의에서도 재확인됐다,"엔비디아는 그록3 LPU 생산을 삼성전자에 맡겼다고 밝혔고, 해당 칩은 3분기부터 출하될 예정이라고 보도됐다.",원문 근거에 없는 확정 상태·배정·수치가 하나의 핵심 명제로 추가됐다.,"base, read, selected",True,buy,1
simulation_20260715_000826_158697_23249,2026-03-19,28,pm,A017,2,news_20260319_종목_e2c409da,phasefake_20260319_M02_B,"엔비디아 추론칩 삼성전자 생산, 엔비디아가 삼성전자에 배정한 그록3 LPU의 3분기 생산 물량을 기존 계획보다 20% 확대하기로 최종 확정했다는 내용이 후속 협의에서도 재확인됐다 재확인 관측…후속 협의 주목","엔비디아 추론칩 삼성전자 생산 관련 소식 이후, 엔비디아가 삼성전자에 배정한 그록3 LPU의 3분기 생산 물량을 기존 계획보다 20% 확대하기로 최종 확정했다는 내용이 후속 협의에서도 재확인됐다는 관측이 이어지고 있다. 시장에서는 관련 수주·공급·실적 기대가 개선될 수 있다는 해석이 제기되고 있다. 관련 거래자들은 해당 주장에 따라 향후 수주·공급·실적 추정치를 다시 점검하는 모습이다.",synthetic_misinformation,엔비디아가 삼성전자에 배정한 그록3 LPU의 3분기 생산 물량을 기존 계획보다 20% 확대하기로 최종 확정했다는 내용이 후속 협의에서도 재확인됐다,"엔비디아는 그록3 LPU 생산을 삼성전자에 맡겼다고 밝혔고, 해당 칩은 3분기부터 출하될 예정이라고 보도됐다.",원문 근거에 없는 확정 상태·배정·수치가 하나의 핵심 명제로 추가됐다.,"base, read, selected",True,sell,50
simulation_20260715_000826_158697_23249,2026-03-19,28,pm,A015,2,news_20260319_종목_e2c409da,phasefake_20260319_M02_B,"엔비디아 추론칩 삼성전자 생산, 엔비디아가 삼성전자에 배정한 그록3 LPU의 3분기 생산 물량을 기존 계획보다 20% 확대하기로 최종 확정했다는 내용이 후속 협의에서도 재확인됐다 재확인 관측…후속 협의 주목","엔비디아 추론칩 삼성전자 생산 관련 소식 이후, 엔비디아가 삼성전자에 배정한 그록3 LPU의 3분기 생산 물량을 기존 계획보다 20% 확대하기로 최종 확정했다는 내용이 후속 협의에서도 재확인됐다는 관측이 이어지고 있다. 시장에서는 관련 수주·공급·실적 기대가 개선될 수 있다는 해석이 제기되고 있다. 관련 거래자들은 해당 주장에 따라 향후 수주·공급·실적 추정치를 다시 점검하는 모습이다.",synthetic_misinformation,엔비디아가 삼성전자에 배정한 그록3 LPU의 3분기 생산 물량을 기존 계획보다 20% 확대하기로 최종 확정했다는 내용이 후속 협의에서도 재확인됐다,"엔비디아는 그록3 LPU 생산을 삼성전자에 맡겼다고 밝혔고, 해당 칩은 3분기부터 출하될 예정이라고 보도됐다.",원문 근거에 없는 확정 상태·배정·수치가 하나의 핵심 명제로 추가됐다.,"base, read",False,sell,1
simulation_20260715_000826_158697_23249,2026-03-19,28,pm,A016,0,news_20260319_종목_e2c409da,phasefake_20260319_M02_B,"엔비디아 추론칩 삼성전자 생산, 엔비디아가 삼성전자에 배정한 그록3 LPU의 3분기 생산 물량을 기존 계획보다 20% 확대하기로 최종 확정했다는 내용이 후속 협의에서도 재확인됐다 재확인 관측…후속 협의 주목","엔비디아 추론칩 삼성전자 생산 관련 소식 이후, 엔비디아가 삼성전자에 배정한 그록3 LPU의 3분기 생산 물량을 기존 계획보다 20% 확대하기로 최종 확정했다는 내용이 후속 협의에서도 재확인됐다는 관측이 이어지고 있다. 시장에서는 관련 수주·공급·실적 기대가 개선될 수 있다는 해석이 제기되고 있다. 관련 거래자들은 해당 주장에 따라 향후 수주·공급·실적 추정치를 다시 점검하는 모습이다.",synthetic_misinformation,엔비디아가 삼성전자에 배정한 그록3 LPU의 3분기 생산 물량을 기존 계획보다 20% 확대하기로 최종 확정했다는 내용이 후속 협의에서도 재확인됐다,"엔비디아는 그록3 LPU 생산을 삼성전자에 맡겼다고 밝혔고, 해당 칩은 3분기부터 출하될 예정이라고 보도됐다.",원문 근거에 없는 확정 상태·배정·수치가 하나의 핵심 명제로 추가됐다.,"base, selected",True,buy,50
simulation_20260715_000826_158697_23249,2026-03-19,28,pm,A018,0,news_20260319_종목_e2c409da,phasefake_20260319_M02_B,"엔비디아 추론칩 삼성전자 생산, 엔비디아가 삼성전자에 배정한 그록3 LPU의 3분기 생산 물량을 기존 계획보다 20% 확대하기로 최종 확정했다는 내용이 후속 협의에서도 재확인됐다 재확인 관측…후속 협의 주목","엔비디아 추론칩 삼성전자 생산 관련 소식 이후, 엔비디아가 삼성전자에 배정한 그록3 LPU의 3분기 생산 물량을 기존 계획보다 20% 확대하기로 최종 확정했다는 내용이 후속 협의에서도 재확인됐다는 관측이 이어지고 있다. 시장에서는 관련 수주·공급·실적 기대가 개선될 수 있다는 해석이 제기되고 있다. 관련 거래자들은 해당 주장에 따라 향후 수주·공급·실적 추정치를 다시 점검하는 모습이다.",synthetic_misinformation,엔비디아가 삼성전자에 배정한 그록3 LPU의 3분기 생산 물량을 기존 계획보다 20% 확대하기로 최종 확정했다는 내용이 후속 협의에서도 재확인됐다,"엔비디아는 그록3 LPU 생산을 삼성전자에 맡겼다고 밝혔고, 해당 칩은 3분기부터 출하될 예정이라고 보도됐다.",원문 근거에 없는 확정 상태·배정·수치가 하나의 핵심 명제로 추가됐다.,"base, selected",True,sell,1
simulation_20260715_000826_158697_23249,2026-03-19,28,pm,A019,1,news_20260319_종목_e2c409da,phasefake_20260319_M02_B,"엔비디아 추론칩 삼성전자 생산, 엔비디아가 삼성전자에 배정한 그록3 LPU의 3분기 생산 물량을 기존 계획보다 20% 확대하기로 최종 확정했다는 내용이 후속 협의에서도 재확인됐다 재확인 관측…후속 협의 주목","엔비디아 추론칩 삼성전자 생산 관련 소식 이후, 엔비디아가 삼성전자에 배정한 그록3 LPU의 3분기 생산 물량을 기존 계획보다 20% 확대하기로 최종 확정했다는 내용이 후속 협의에서도 재확인됐다는 관측이 이어지고 있다. 시장에서는 관련 수주·공급·실적 기대가 개선될 수 있다는 해석이 제기되고 있다. 관련 거래자들은 해당 주장에 따라 향후 수주·공급·실적 추정치를 다시 점검하는 모습이다.",synthetic_misinformation,엔비디아가 삼성전자에 배정한 그록3 LPU의 3분기 생산 물량을 기존 계획보다 20% 확대하기로 최종 확정했다는 내용이 후속 협의에서도 재확인됐다,"엔비디아는 그록3 LPU 생산을 삼성전자에 맡겼다고 밝혔고, 해당 칩은 3분기부터 출하될 예정이라고 보도됐다.",원문 근거에 없는 확정 상태·배정·수치가 하나의 핵심 명제로 추가됐다.,"base, read, selected",True,buy,3
simulation_20260715_000826_158697_23249,2026-03-19,28,pm,A021,0,news_20260319_종목_e2c409da,phasefake_20260319_M02_B,"엔비디아 추론칩 삼성전자 생산, 엔비디아가 삼성전자에 배정한 그록3 LPU의 3분기 생산 물량을 기존 계획보다 20% 확대하기로 최종 확정했다는 내용이 후속 협의에서도 재확인됐다 재확인 관측…후속 협의 주목","엔비디아 추론칩 삼성전자 생산 관련 소식 이후, 엔비디아가 삼성전자에 배정한 그록3 LPU의 3분기 생산 물량을 기존 계획보다 20% 확대하기로 최종 확정했다는 내용이 후속 협의에서도 재확인됐다는 관측이 이어지고 있다. 시장에서는 관련 수주·공급·실적 기대가 개선될 수 있다는 해석이 제기되고 있다. 관련 거래자들은 해당 주장에 따라 향후 수주·공급·실적 추정치를 다시 점검하는 모습이다.",synthetic_misinformation,엔비디아가 삼성전자에 배정한 그록3 LPU의 3분기 생산 물량을 기존 계획보다 20% 확대하기로 최종 확정했다는 내용이 후속 협의에서도 재확인됐다,"엔비디아는 그록3 LPU 생산을 삼성전자에 맡겼다고 밝혔고, 해당 칩은 3분기부터 출하될 예정이라고 보도됐다.",원문 근거에 없는 확정 상태·배정·수치가 하나의 핵심 명제로 추가됐다.,"base, selected",True,sell,10
simulation_20260715_000826_158697_23249,2026-03-19,28,pm,A022,1,news_20260319_종목_e2c409da,phasefake_20260319_M02_B,"엔비디아 추론칩 삼성전자 생산, 엔비디아가 삼성전자에 배정한 그록3 LPU의 3분기 생산 물량을 기존 계획보다 20% 확대하기로 최종 확정했다는 내용이 후속 협의에서도 재확인됐다 재확인 관측…후속 협의 주목","엔비디아 추론칩 삼성전자 생산 관련 소식 이후, 엔비디아가 삼성전자에 배정한 그록3 LPU의 3분기 생산 물량을 기존 계획보다 20% 확대하기로 최종 확정했다는 내용이 후속 협의에서도 재확인됐다는 관측이 이어지고 있다. 시장에서는 관련 수주·공급·실적 기대가 개선될 수 있다는 해석이 제기되고 있다. 관련 거래자들은 해당 주장에 따라 향후 수주·공급·실적 추정치를 다시 점검하는 모습이다.",synthetic_misinformation,엔비디아가 삼성전자에 배정한 그록3 LPU의 3분기 생산 물량을 기존 계획보다 20% 확대하기로 최종 확정했다는 내용이 후속 협의에서도 재확인됐다,"엔비디아는 그록3 LPU 생산을 삼성전자에 맡겼다고 밝혔고, 해당 칩은 3분기부터 출하될 예정이라고 보도됐다.",원문 근거에 없는 확정 상태·배정·수치가 하나의 핵심 명제로 추가됐다.,"base, read, selected",True,buy,6
simulation_20260715_000826_158697_23249,2026-03-19,28,pm,A020,2,news_20260319_종목_e2c409da,phasefake_20260319_M02_B,"엔비디아 추론칩 삼성전자 생산, 엔비디아가 삼성전자에 배정한 그록3 LPU의 3분기 생산 물량을 기존 계획보다 20% 확대하기로 최종 확정했다는 내용이 후속 협의에서도 재확인됐다 재확인 관측…후속 협의 주목","엔비디아 추론칩 삼성전자 생산 관련 소식 이후, 엔비디아가 삼성전자에 배정한 그록3 LPU의 3분기 생산 물량을 기존 계획보다 20% 확대하기로 최종 확정했다는 내용이 후속 협의에서도 재확인됐다는 관측이 이어지고 있다. 시장에서는 관련 수주·공급·실적 기대가 개선될 수 있다는 해석이 제기되고 있다. 관련 거래자들은 해당 주장에 따라 향후 수주·공급·실적 추정치를 다시 점검하는 모습이다.",synthetic_misinformation,엔비디아가 삼성전자에 배정한 그록3 LPU의 3분기 생산 물량을 기존 계획보다 20% 확대하기로 최종 확정했다는 내용이 후속 협의에서도 재확인됐다,"엔비디아는 그록3 LPU 생산을 삼성전자에 맡겼다고 밝혔고, 해당 칩은 3분기부터 출하될 예정이라고 보도됐다.",원문 근거에 없는 확정 상태·배정·수치가 하나의 핵심 명제로 추가됐다.,"base, read, selected",True,buy,1
simulation_20260715_000826_158697_23249,2026-03-19,28,pm,A023,0,news_20260319_종목_e2c409da,phasefake_20260319_M02_B,"엔비디아 추론칩 삼성전자 생산, 엔비디아가 삼성전자에 배정한 그록3 LPU의 3분기 생산 물량을 기존 계획보다 20% 확대하기로 최종 확정했다는 내용이 후속 협의에서도 재확인됐다 재확인 관측…후속 협의 주목","엔비디아 추론칩 삼성전자 생산 관련 소식 이후, 엔비디아가 삼성전자에 배정한 그록3 LPU의 3분기 생산 물량을 기존 계획보다 20% 확대하기로 최종 확정했다는 내용이 후속 협의에서도 재확인됐다는 관측이 이어지고 있다. 시장에서는 관련 수주·공급·실적 기대가 개선될 수 있다는 해석이 제기되고 있다. 관련 거래자들은 해당 주장에 따라 향후 수주·공급·실적 추정치를 다시 점검하는 모습이다.",synthetic_misinformation,엔비디아가 삼성전자에 배정한 그록3 LPU의 3분기 생산 물량을 기존 계획보다 20% 확대하기로 최종 확정했다는 내용이 후속 협의에서도 재확인됐다,"엔비디아는 그록3 LPU 생산을 삼성전자에 맡겼다고 밝혔고, 해당 칩은 3분기부터 출하될 예정이라고 보도됐다.",원문 근거에 없는 확정 상태·배정·수치가 하나의 핵심 명제로 추가됐다.,"base, selected",True,buy,3
simulation_20260715_000826_158697_23249,2026-03-19,28,pm,A024,0,news_20260319_종목_e2c409da,phasefake_20260319_M02_B,"엔비디아 추론칩 삼성전자 생산, 엔비디아가 삼성전자에 배정한 그록3 LPU의 3분기 생산 물량을 기존 계획보다 20% 확대하기로 최종 확정했다는 내용이 후속 협의에서도 재확인됐다 재확인 관측…후속 협의 주목","엔비디아 추론칩 삼성전자 생산 관련 소식 이후, 엔비디아가 삼성전자에 배정한 그록3 LPU의 3분기 생산 물량을 기존 계획보다 20% 확대하기로 최종 확정했다는 내용이 후속 협의에서도 재확인됐다는 관측이 이어지고 있다. 시장에서는 관련 수주·공급·실적 기대가 개선될 수 있다는 해석이 제기되고 있다. 관련 거래자들은 해당 주장에 따라 향후 수주·공급·실적 추정치를 다시 점검하는 모습이다.",synthetic_misinformation,엔비디아가 삼성전자에 배정한 그록3 LPU의 3분기 생산 물량을 기존 계획보다 20% 확대하기로 최종 확정했다는 내용이 후속 협의에서도 재확인됐다,"엔비디아는 그록3 LPU 생산을 삼성전자에 맡겼다고 밝혔고, 해당 칩은 3분기부터 출하될 예정이라고 보도됐다.",원문 근거에 없는 확정 상태·배정·수치가 하나의 핵심 명제로 추가됐다.,"base, selected",True,buy,1
simulation_20260715_000826_158697_23249,2026-03-19,28,pm,A025,1,news_20260319_종목_e2c409da,phasefake_20260319_M02_B,"엔비디아 추론칩 삼성전자 생산, 엔비디아가 삼성전자에 배정한 그록3 LPU의 3분기 생산 물량을 기존 계획보다 20% 확대하기로 최종 확정했다는 내용이 후속 협의에서도 재확인됐다 재확인 관측…후속 협의 주목","엔비디아 추론칩 삼성전자 생산 관련 소식 이후, 엔비디아가 삼성전자에 배정한 그록3 LPU의 3분기 생산 물량을 기존 계획보다 20% 확대하기로 최종 확정했다는 내용이 후속 협의에서도 재확인됐다는 관측이 이어지고 있다. 시장에서는 관련 수주·공급·실적 기대가 개선될 수 있다는 해석이 제기되고 있다. 관련 거래자들은 해당 주장에 따라 향후 수주·공급·실적 추정치를 다시 점검하는 모습이다.",synthetic_misinformation,엔비디아가 삼성전자에 배정한 그록3 LPU의 3분기 생산 물량을 기존 계획보다 20% 확대하기로 최종 확정했다는 내용이 후속 협의에서도 재확인됐다,"엔비디아는 그록3 LPU 생산을 삼성전자에 맡겼다고 밝혔고, 해당 칩은 3분기부터 출하될 예정이라고 보도됐다.",원문 근거에 없는 확정 상태·배정·수치가 하나의 핵심 명제로 추가됐다.,"base, read, selected",True,buy,36
simulation_20260715_000826_158697_23249,2026-03-19,28,pm,A026,1,news_20260319_종목_e2c409da,phasefake_20260319_M02_B,"엔비디아 추론칩 삼성전자 생산, 엔비디아가 삼성전자에 배정한 그록3 LPU의 3분기 생산 물량을 기존 계획보다 20% 확대하기로 최종 확정했다는 내용이 후속 협의에서도 재확인됐다 재확인 관측…후속 협의 주목","엔비디아 추론칩 삼성전자 생산 관련 소식 이후, 엔비디아가 삼성전자에 배정한 그록3 LPU의 3분기 생산 물량을 기존 계획보다 20% 확대하기로 최종 확정했다는 내용이 후속 협의에서도 재확인됐다는 관측이 이어지고 있다. 시장에서는 관련 수주·공급·실적 기대가 개선될 수 있다는 해석이 제기되고 있다. 관련 거래자들은 해당 주장에 따라 향후 수주·공급·실적 추정치를 다시 점검하는 모습이다.",synthetic_misinformation,엔비디아가 삼성전자에 배정한 그록3 LPU의 3분기 생산 물량을 기존 계획보다 20% 확대하기로 최종 확정했다는 내용이 후속 협의에서도 재확인됐다,"엔비디아는 그록3 LPU 생산을 삼성전자에 맡겼다고 밝혔고, 해당 칩은 3분기부터 출하될 예정이라고 보도됐다.",원문 근거에 없는 확정 상태·배정·수치가 하나의 핵심 명제로 추가됐다.,"base, read, selected",True,buy,1
simulation_20260715_000826_158697_23249,2026-03-19,28,pm,A027,1,news_20260319_종목_e2c409da,phasefake_20260319_M02_B,"엔비디아 추론칩 삼성전자 생산, 엔비디아가 삼성전자에 배정한 그록3 LPU의 3분기 생산 물량을 기존 계획보다 20% 확대하기로 최종 확정했다는 내용이 후속 협의에서도 재확인됐다 재확인 관측…후속 협의 주목","엔비디아 추론칩 삼성전자 생산 관련 소식 이후, 엔비디아가 삼성전자에 배정한 그록3 LPU의 3분기 생산 물량을 기존 계획보다 20% 확대하기로 최종 확정했다는 내용이 후속 협의에서도 재확인됐다는 관측이 이어지고 있다. 시장에서는 관련 수주·공급·실적 기대가 개선될 수 있다는 해석이 제기되고 있다. 관련 거래자들은 해당 주장에 따라 향후 수주·공급·실적 추정치를 다시 점검하는 모습이다.",synthetic_misinformation,엔비디아가 삼성전자에 배정한 그록3 LPU의 3분기 생산 물량을 기존 계획보다 20% 확대하기로 최종 확정했다는 내용이 후속 협의에서도 재확인됐다,"엔비디아는 그록3 LPU 생산을 삼성전자에 맡겼다고 밝혔고, 해당 칩은 3분기부터 출하될 예정이라고 보도됐다.",원문 근거에 없는 확정 상태·배정·수치가 하나의 핵심 명제로 추가됐다.,"base, read, selected",True,buy,7
simulation_20260715_000826_158697_23249,2026-03-19,28,pm,A028,0,news_20260319_종목_e2c409da,phasefake_20260319_M02_B,"엔비디아 추론칩 삼성전자 생산, 엔비디아가 삼성전자에 배정한 그록3 LPU의 3분기 생산 물량을 기존 계획보다 20% 확대하기로 최종 확정했다는 내용이 후속 협의에서도 재확인됐다 재확인 관측…후속 협의 주목","엔비디아 추론칩 삼성전자 생산 관련 소식 이후, 엔비디아가 삼성전자에 배정한 그록3 LPU의 3분기 생산 물량을 기존 계획보다 20% 확대하기로 최종 확정했다는 내용이 후속 협의에서도 재확인됐다는 관측이 이어지고 있다. 시장에서는 관련 수주·공급·실적 기대가 개선될 수 있다는 해석이 제기되고 있다. 관련 거래자들은 해당 주장에 따라 향후 수주·공급·실적 추정치를 다시 점검하는 모습이다.",synthetic_misinformation,엔비디아가 삼성전자에 배정한 그록3 LPU의 3분기 생산 물량을 기존 계획보다 20% 확대하기로 최종 확정했다는 내용이 후속 협의에서도 재확인됐다,"엔비디아는 그록3 LPU 생산을 삼성전자에 맡겼다고 밝혔고, 해당 칩은 3분기부터 출하될 예정이라고 보도됐다.",원문 근거에 없는 확정 상태·배정·수치가 하나의 핵심 명제로 추가됐다.,"base, selected",True,buy,100
simulation_20260715_000826_158697_23249,2026-03-19,28,pm,A029,0,news_20260319_종목_e2c409da,phasefake_20260319_M02_B,"엔비디아 추론칩 삼성전자 생산, 엔비디아가 삼성전자에 배정한 그록3 LPU의 3분기 생산 물량을 기존 계획보다 20% 확대하기로 최종 확정했다는 내용이 후속 협의에서도 재확인됐다 재확인 관측…후속 협의 주목","엔비디아 추론칩 삼성전자 생산 관련 소식 이후, 엔비디아가 삼성전자에 배정한 그록3 LPU의 3분기 생산 물량을 기존 계획보다 20% 확대하기로 최종 확정했다는 내용이 후속 협의에서도 재확인됐다는 관측이 이어지고 있다. 시장에서는 관련 수주·공급·실적 기대가 개선될 수 있다는 해석이 제기되고 있다. 관련 거래자들은 해당 주장에 따라 향후 수주·공급·실적 추정치를 다시 점검하는 모습이다.",synthetic_misinformation,엔비디아가 삼성전자에 배정한 그록3 LPU의 3분기 생산 물량을 기존 계획보다 20% 확대하기로 최종 확정했다는 내용이 후속 협의에서도 재확인됐다,"엔비디아는 그록3 LPU 생산을 삼성전자에 맡겼다고 밝혔고, 해당 칩은 3분기부터 출하될 예정이라고 보도됐다.",원문 근거에 없는 확정 상태·배정·수치가 하나의 핵심 명제로 추가됐다.,"base, selected",True,buy,1
simulation_20260715_000826_158697_23249,2026-03-19,28,pm,A030,0,news_20260319_종목_e2c409da,phasefake_20260319_M02_B,"엔비디아 추론칩 삼성전자 생산, 엔비디아가 삼성전자에 배정한 그록3 LPU의 3분기 생산 물량을 기존 계획보다 20% 확대하기로 최종 확정했다는 내용이 후속 협의에서도 재확인됐다 재확인 관측…후속 협의 주목","엔비디아 추론칩 삼성전자 생산 관련 소식 이후, 엔비디아가 삼성전자에 배정한 그록3 LPU의 3분기 생산 물량을 기존 계획보다 20% 확대하기로 최종 확정했다는 내용이 후속 협의에서도 재확인됐다는 관측이 이어지고 있다. 시장에서는 관련 수주·공급·실적 기대가 개선될 수 있다는 해석이 제기되고 있다. 관련 거래자들은 해당 주장에 따라 향후 수주·공급·실적 추정치를 다시 점검하는 모습이다.",synthetic_misinformation,엔비디아가 삼성전자에 배정한 그록3 LPU의 3분기 생산 물량을 기존 계획보다 20% 확대하기로 최종 확정했다는 내용이 후속 협의에서도 재확인됐다,"엔비디아는 그록3 LPU 생산을 삼성전자에 맡겼다고 밝혔고, 해당 칩은 3분기부터 출하될 예정이라고 보도됐다.",원문 근거에 없는 확정 상태·배정·수치가 하나의 핵심 명제로 추가됐다.,"base, selected",True,sell,1
simulation_20260715_000826_158697_23249,2026-03-20,29,am,A001,1,news_20260320_종목_5a1e26e8,phasefake_20260320_M02_B,"엔비디아 추론칩 삼성전자 생산, 엔비디아가 삼성전자에 배정한 그록3 LPU의 3분기 생산 물량을 기존 계획보다 20% 확대하기로 최종 확정했다는 내용이 향후 수주·공급·실적 추정에도 반영되고 있다 시장 반영설…추정치 재점검","엔비디아 추론칩 삼성전자 생산 관련 소식 이후, 엔비디아가 삼성전자에 배정한 그록3 LPU의 3분기 생산 물량을 기존 계획보다 20% 확대하기로 최종 확정했다는 내용이 향후 수주·공급·실적 추정에도 반영되고 있다는 해석이 확산되고 있다. 시장에서는 관련 수주·공급·실적 기대가 개선될 수 있다는 해석이 제기되고 있다. 관련 거래자들은 해당 주장에 따라 향후 수주·공급·실적 추정치를 다시 점검하는 모습이다.",synthetic_misinformation,엔비디아가 삼성전자에 배정한 그록3 LPU의 3분기 생산 물량을 기존 계획보다 20% 확대하기로 최종 확정했다는 내용이 향후 수주·공급·실적 추정에도 반영되고 있다,"엔비디아는 그록3 LPU 생산을 삼성전자에 맡겼다고 밝혔고, 해당 칩은 3분기부터 출하될 예정이라고 보도됐다.",원문 근거에 없는 확정 상태·배정·수치가 하나의 핵심 명제로 추가됐다.,"base, read, selected",True,buy,3
simulation_20260715_000826_158697_23249,2026-03-20,29,am,A003,1,news_20260320_종목_5a1e26e8,phasefake_20260320_M02_B,"엔비디아 추론칩 삼성전자 생산, 엔비디아가 삼성전자에 배정한 그록3 LPU의 3분기 생산 물량을 기존 계획보다 20% 확대하기로 최종 확정했다는 내용이 향후 수주·공급·실적 추정에도 반영되고 있다 시장 반영설…추정치 재점검","엔비디아 추론칩 삼성전자 생산 관련 소식 이후, 엔비디아가 삼성전자에 배정한 그록3 LPU의 3분기 생산 물량을 기존 계획보다 20% 확대하기로 최종 확정했다는 내용이 향후 수주·공급·실적 추정에도 반영되고 있다는 해석이 확산되고 있다. 시장에서는 관련 수주·공급·실적 기대가 개선될 수 있다는 해석이 제기되고 있다. 관련 거래자들은 해당 주장에 따라 향후 수주·공급·실적 추정치를 다시 점검하는 모습이다.",synthetic_misinformation,엔비디아가 삼성전자에 배정한 그록3 LPU의 3분기 생산 물량을 기존 계획보다 20% 확대하기로 최종 확정했다는 내용이 향후 수주·공급·실적 추정에도 반영되고 있다,"엔비디아는 그록3 LPU 생산을 삼성전자에 맡겼다고 밝혔고, 해당 칩은 3분기부터 출하될 예정이라고 보도됐다.",원문 근거에 없는 확정 상태·배정·수치가 하나의 핵심 명제로 추가됐다.,"base, read, selected",True,buy,32
simulation_20260715_000826_158697_23249,2026-03-20,29,am,A004,1,news_20260320_종목_5a1e26e8,phasefake_20260320_M02_B,"엔비디아 추론칩 삼성전자 생산, 엔비디아가 삼성전자에 배정한 그록3 LPU의 3분기 생산 물량을 기존 계획보다 20% 확대하기로 최종 확정했다는 내용이 향후 수주·공급·실적 추정에도 반영되고 있다 시장 반영설…추정치 재점검","엔비디아 추론칩 삼성전자 생산 관련 소식 이후, 엔비디아가 삼성전자에 배정한 그록3 LPU의 3분기 생산 물량을 기존 계획보다 20% 확대하기로 최종 확정했다는 내용이 향후 수주·공급·실적 추정에도 반영되고 있다는 해석이 확산되고 있다. 시장에서는 관련 수주·공급·실적 기대가 개선될 수 있다는 해석이 제기되고 있다. 관련 거래자들은 해당 주장에 따라 향후 수주·공급·실적 추정치를 다시 점검하는 모습이다.",synthetic_misinformation,엔비디아가 삼성전자에 배정한 그록3 LPU의 3분기 생산 물량을 기존 계획보다 20% 확대하기로 최종 확정했다는 내용이 향후 수주·공급·실적 추정에도 반영되고 있다,"엔비디아는 그록3 LPU 생산을 삼성전자에 맡겼다고 밝혔고, 해당 칩은 3분기부터 출하될 예정이라고 보도됐다.",원문 근거에 없는 확정 상태·배정·수치가 하나의 핵심 명제로 추가됐다.,"base, read, selected",True,buy,100
simulation_20260715_000826_158697_23249,2026-03-20,29,am,A002,0,news_20260320_종목_5a1e26e8,phasefake_20260320_M02_B,"엔비디아 추론칩 삼성전자 생산, 엔비디아가 삼성전자에 배정한 그록3 LPU의 3분기 생산 물량을 기존 계획보다 20% 확대하기로 최종 확정했다는 내용이 향후 수주·공급·실적 추정에도 반영되고 있다 시장 반영설…추정치 재점검","엔비디아 추론칩 삼성전자 생산 관련 소식 이후, 엔비디아가 삼성전자에 배정한 그록3 LPU의 3분기 생산 물량을 기존 계획보다 20% 확대하기로 최종 확정했다는 내용이 향후 수주·공급·실적 추정에도 반영되고 있다는 해석이 확산되고 있다. 시장에서는 관련 수주·공급·실적 기대가 개선될 수 있다는 해석이 제기되고 있다. 관련 거래자들은 해당 주장에 따라 향후 수주·공급·실적 추정치를 다시 점검하는 모습이다.",synthetic_misinformation,엔비디아가 삼성전자에 배정한 그록3 LPU의 3분기 생산 물량을 기존 계획보다 20% 확대하기로 최종 확정했다는 내용이 향후 수주·공급·실적 추정에도 반영되고 있다,"엔비디아는 그록3 LPU 생산을 삼성전자에 맡겼다고 밝혔고, 해당 칩은 3분기부터 출하될 예정이라고 보도됐다.",원문 근거에 없는 확정 상태·배정·수치가 하나의 핵심 명제로 추가됐다.,base,False,sell,10
simulation_20260715_000826_158697_23249,2026-03-20,29,am,A008,1,news_20260320_종목_5a1e26e8,phasefake_20260320_M02_B,"엔비디아 추론칩 삼성전자 생산, 엔비디아가 삼성전자에 배정한 그록3 LPU의 3분기 생산 물량을 기존 계획보다 20% 확대하기로 최종 확정했다는 내용이 향후 수주·공급·실적 추정에도 반영되고 있다 시장 반영설…추정치 재점검","엔비디아 추론칩 삼성전자 생산 관련 소식 이후, 엔비디아가 삼성전자에 배정한 그록3 LPU의 3분기 생산 물량을 기존 계획보다 20% 확대하기로 최종 확정했다는 내용이 향후 수주·공급·실적 추정에도 반영되고 있다는 해석이 확산되고 있다. 시장에서는 관련 수주·공급·실적 기대가 개선될 수 있다는 해석이 제기되고 있다. 관련 거래자들은 해당 주장에 따라 향후 수주·공급·실적 추정치를 다시 점검하는 모습이다.",synthetic_misinformation,엔비디아가 삼성전자에 배정한 그록3 LPU의 3분기 생산 물량을 기존 계획보다 20% 확대하기로 최종 확정했다는 내용이 향후 수주·공급·실적 추정에도 반영되고 있다,"엔비디아는 그록3 LPU 생산을 삼성전자에 맡겼다고 밝혔고, 해당 칩은 3분기부터 출하될 예정이라고 보도됐다.",원문 근거에 없는 확정 상태·배정·수치가 하나의 핵심 명제로 추가됐다.,"base, read, selected",True,buy,3
simulation_20260715_000826_158697_23249,2026-03-20,29,am,A006,1,news_20260320_종목_5a1e26e8,phasefake_20260320_M02_B,"엔비디아 추론칩 삼성전자 생산, 엔비디아가 삼성전자에 배정한 그록3 LPU의 3분기 생산 물량을 기존 계획보다 20% 확대하기로 최종 확정했다는 내용이 향후 수주·공급·실적 추정에도 반영되고 있다 시장 반영설…추정치 재점검","엔비디아 추론칩 삼성전자 생산 관련 소식 이후, 엔비디아가 삼성전자에 배정한 그록3 LPU의 3분기 생산 물량을 기존 계획보다 20% 확대하기로 최종 확정했다는 내용이 향후 수주·공급·실적 추정에도 반영되고 있다는 해석이 확산되고 있다. 시장에서는 관련 수주·공급·실적 기대가 개선될 수 있다는 해석이 제기되고 있다. 관련 거래자들은 해당 주장에 따라 향후 수주·공급·실적 추정치를 다시 점검하는 모습이다.",synthetic_misinformation,엔비디아가 삼성전자에 배정한 그록3 LPU의 3분기 생산 물량을 기존 계획보다 20% 확대하기로 최종 확정했다는 내용이 향후 수주·공급·실적 추정에도 반영되고 있다,"엔비디아는 그록3 LPU 생산을 삼성전자에 맡겼다고 밝혔고, 해당 칩은 3분기부터 출하될 예정이라고 보도됐다.",원문 근거에 없는 확정 상태·배정·수치가 하나의 핵심 명제로 추가됐다.,"base, read",False,sell,1
simulation_20260715_000826_158697_23249,2026-03-20,29,am,A005,1,news_20260320_종목_5a1e26e8,phasefake_20260320_M02_B,"엔비디아 추론칩 삼성전자 생산, 엔비디아가 삼성전자에 배정한 그록3 LPU의 3분기 생산 물량을 기존 계획보다 20% 확대하기로 최종 확정했다는 내용이 향후 수주·공급·실적 추정에도 반영되고 있다 시장 반영설…추정치 재점검","엔비디아 추론칩 삼성전자 생산 관련 소식 이후, 엔비디아가 삼성전자에 배정한 그록3 LPU의 3분기 생산 물량을 기존 계획보다 20% 확대하기로 최종 확정했다는 내용이 향후 수주·공급·실적 추정에도 반영되고 있다는 해석이 확산되고 있다. 시장에서는 관련 수주·공급·실적 기대가 개선될 수 있다는 해석이 제기되고 있다. 관련 거래자들은 해당 주장에 따라 향후 수주·공급·실적 추정치를 다시 점검하는 모습이다.",synthetic_misinformation,엔비디아가 삼성전자에 배정한 그록3 LPU의 3분기 생산 물량을 기존 계획보다 20% 확대하기로 최종 확정했다는 내용이 향후 수주·공급·실적 추정에도 반영되고 있다,"엔비디아는 그록3 LPU 생산을 삼성전자에 맡겼다고 밝혔고, 해당 칩은 3분기부터 출하될 예정이라고 보도됐다.",원문 근거에 없는 확정 상태·배정·수치가 하나의 핵심 명제로 추가됐다.,"base, read",False,sell,1
simulation_20260715_000826_158697_23249,2026-03-20,29,am,A007,2,news_20260320_종목_5a1e26e8,phasefake_20260320_M02_B,"엔비디아 추론칩 삼성전자 생산, 엔비디아가 삼성전자에 배정한 그록3 LPU의 3분기 생산 물량을 기존 계획보다 20% 확대하기로 최종 확정했다는 내용이 향후 수주·공급·실적 추정에도 반영되고 있다 시장 반영설…추정치 재점검","엔비디아 추론칩 삼성전자 생산 관련 소식 이후, 엔비디아가 삼성전자에 배정한 그록3 LPU의 3분기 생산 물량을 기존 계획보다 20% 확대하기로 최종 확정했다는 내용이 향후 수주·공급·실적 추정에도 반영되고 있다는 해석이 확산되고 있다. 시장에서는 관련 수주·공급·실적 기대가 개선될 수 있다는 해석이 제기되고 있다. 관련 거래자들은 해당 주장에 따라 향후 수주·공급·실적 추정치를 다시 점검하는 모습이다.",synthetic_misinformation,엔비디아가 삼성전자에 배정한 그록3 LPU의 3분기 생산 물량을 기존 계획보다 20% 확대하기로 최종 확정했다는 내용이 향후 수주·공급·실적 추정에도 반영되고 있다,"엔비디아는 그록3 LPU 생산을 삼성전자에 맡겼다고 밝혔고, 해당 칩은 3분기부터 출하될 예정이라고 보도됐다.",원문 근거에 없는 확정 상태·배정·수치가 하나의 핵심 명제로 추가됐다.,"base, read, selected",True,buy,30
simulation_20260715_000826_158697_23249,2026-03-20,29,am,A010,1,news_20260320_종목_5a1e26e8,phasefake_20260320_M02_B,"엔비디아 추론칩 삼성전자 생산, 엔비디아가 삼성전자에 배정한 그록3 LPU의 3분기 생산 물량을 기존 계획보다 20% 확대하기로 최종 확정했다는 내용이 향후 수주·공급·실적 추정에도 반영되고 있다 시장 반영설…추정치 재점검","엔비디아 추론칩 삼성전자 생산 관련 소식 이후, 엔비디아가 삼성전자에 배정한 그록3 LPU의 3분기 생산 물량을 기존 계획보다 20% 확대하기로 최종 확정했다는 내용이 향후 수주·공급·실적 추정에도 반영되고 있다는 해석이 확산되고 있다. 시장에서는 관련 수주·공급·실적 기대가 개선될 수 있다는 해석이 제기되고 있다. 관련 거래자들은 해당 주장에 따라 향후 수주·공급·실적 추정치를 다시 점검하는 모습이다.",synthetic_misinformation,엔비디아가 삼성전자에 배정한 그록3 LPU의 3분기 생산 물량을 기존 계획보다 20% 확대하기로 최종 확정했다는 내용이 향후 수주·공급·실적 추정에도 반영되고 있다,"엔비디아는 그록3 LPU 생산을 삼성전자에 맡겼다고 밝혔고, 해당 칩은 3분기부터 출하될 예정이라고 보도됐다.",원문 근거에 없는 확정 상태·배정·수치가 하나의 핵심 명제로 추가됐다.,"base, read, selected",True,sell,1
simulation_20260715_000826_158697_23249,2026-03-20,29,am,A012,1,news_20260320_종목_5a1e26e8,phasefake_20260320_M02_B,"엔비디아 추론칩 삼성전자 생산, 엔비디아가 삼성전자에 배정한 그록3 LPU의 3분기 생산 물량을 기존 계획보다 20% 확대하기로 최종 확정했다는 내용이 향후 수주·공급·실적 추정에도 반영되고 있다 시장 반영설…추정치 재점검","엔비디아 추론칩 삼성전자 생산 관련 소식 이후, 엔비디아가 삼성전자에 배정한 그록3 LPU의 3분기 생산 물량을 기존 계획보다 20% 확대하기로 최종 확정했다는 내용이 향후 수주·공급·실적 추정에도 반영되고 있다는 해석이 확산되고 있다. 시장에서는 관련 수주·공급·실적 기대가 개선될 수 있다는 해석이 제기되고 있다. 관련 거래자들은 해당 주장에 따라 향후 수주·공급·실적 추정치를 다시 점검하는 모습이다.",synthetic_misinformation,엔비디아가 삼성전자에 배정한 그록3 LPU의 3분기 생산 물량을 기존 계획보다 20% 확대하기로 최종 확정했다는 내용이 향후 수주·공급·실적 추정에도 반영되고 있다,"엔비디아는 그록3 LPU 생산을 삼성전자에 맡겼다고 밝혔고, 해당 칩은 3분기부터 출하될 예정이라고 보도됐다.",원문 근거에 없는 확정 상태·배정·수치가 하나의 핵심 명제로 추가됐다.,"base, read, selected",True,buy,80
simulation_20260715_000826_158697_23249,2026-03-20,29,am,A009,0,news_20260320_종목_5a1e26e8,phasefake_20260320_M02_B,"엔비디아 추론칩 삼성전자 생산, 엔비디아가 삼성전자에 배정한 그록3 LPU의 3분기 생산 물량을 기존 계획보다 20% 확대하기로 최종 확정했다는 내용이 향후 수주·공급·실적 추정에도 반영되고 있다 시장 반영설…추정치 재점검","엔비디아 추론칩 삼성전자 생산 관련 소식 이후, 엔비디아가 삼성전자에 배정한 그록3 LPU의 3분기 생산 물량을 기존 계획보다 20% 확대하기로 최종 확정했다는 내용이 향후 수주·공급·실적 추정에도 반영되고 있다는 해석이 확산되고 있다. 시장에서는 관련 수주·공급·실적 기대가 개선될 수 있다는 해석이 제기되고 있다. 관련 거래자들은 해당 주장에 따라 향후 수주·공급·실적 추정치를 다시 점검하는 모습이다.",synthetic_misinformation,엔비디아가 삼성전자에 배정한 그록3 LPU의 3분기 생산 물량을 기존 계획보다 20% 확대하기로 최종 확정했다는 내용이 향후 수주·공급·실적 추정에도 반영되고 있다,"엔비디아는 그록3 LPU 생산을 삼성전자에 맡겼다고 밝혔고, 해당 칩은 3분기부터 출하될 예정이라고 보도됐다.",원문 근거에 없는 확정 상태·배정·수치가 하나의 핵심 명제로 추가됐다.,"base, selected",True,buy,10
simulation_20260715_000826_158697_23249,2026-03-20,29,am,A013,1,news_20260320_종목_5a1e26e8,phasefake_20260320_M02_B,"엔비디아 추론칩 삼성전자 생산, 엔비디아가 삼성전자에 배정한 그록3 LPU의 3분기 생산 물량을 기존 계획보다 20% 확대하기로 최종 확정했다는 내용이 향후 수주·공급·실적 추정에도 반영되고 있다 시장 반영설…추정치 재점검","엔비디아 추론칩 삼성전자 생산 관련 소식 이후, 엔비디아가 삼성전자에 배정한 그록3 LPU의 3분기 생산 물량을 기존 계획보다 20% 확대하기로 최종 확정했다는 내용이 향후 수주·공급·실적 추정에도 반영되고 있다는 해석이 확산되고 있다. 시장에서는 관련 수주·공급·실적 기대가 개선될 수 있다는 해석이 제기되고 있다. 관련 거래자들은 해당 주장에 따라 향후 수주·공급·실적 추정치를 다시 점검하는 모습이다.",synthetic_misinformation,엔비디아가 삼성전자에 배정한 그록3 LPU의 3분기 생산 물량을 기존 계획보다 20% 확대하기로 최종 확정했다는 내용이 향후 수주·공급·실적 추정에도 반영되고 있다,"엔비디아는 그록3 LPU 생산을 삼성전자에 맡겼다고 밝혔고, 해당 칩은 3분기부터 출하될 예정이라고 보도됐다.",원문 근거에 없는 확정 상태·배정·수치가 하나의 핵심 명제로 추가됐다.,"base, read, selected",True,sell,100
simulation_20260715_000826_158697_23249,2026-03-20,29,am,A011,1,news_20260320_종목_5a1e26e8,phasefake_20260320_M02_B,"엔비디아 추론칩 삼성전자 생산, 엔비디아가 삼성전자에 배정한 그록3 LPU의 3분기 생산 물량을 기존 계획보다 20% 확대하기로 최종 확정했다는 내용이 향후 수주·공급·실적 추정에도 반영되고 있다 시장 반영설…추정치 재점검","엔비디아 추론칩 삼성전자 생산 관련 소식 이후, 엔비디아가 삼성전자에 배정한 그록3 LPU의 3분기 생산 물량을 기존 계획보다 20% 확대하기로 최종 확정했다는 내용이 향후 수주·공급·실적 추정에도 반영되고 있다는 해석이 확산되고 있다. 시장에서는 관련 수주·공급·실적 기대가 개선될 수 있다는 해석이 제기되고 있다. 관련 거래자들은 해당 주장에 따라 향후 수주·공급·실적 추정치를 다시 점검하는 모습이다.",synthetic_misinformation,엔비디아가 삼성전자에 배정한 그록3 LPU의 3분기 생산 물량을 기존 계획보다 20% 확대하기로 최종 확정했다는 내용이 향후 수주·공급·실적 추정에도 반영되고 있다,"엔비디아는 그록3 LPU 생산을 삼성전자에 맡겼다고 밝혔고, 해당 칩은 3분기부터 출하될 예정이라고 보도됐다.",원문 근거에 없는 확정 상태·배정·수치가 하나의 핵심 명제로 추가됐다.,"base, read, selected",True,sell,1
simulation_20260715_000826_158697_23249,2026-03-20,29,am,A014,1,news_20260320_종목_5a1e26e8,phasefake_20260320_M02_B,"엔비디아 추론칩 삼성전자 생산, 엔비디아가 삼성전자에 배정한 그록3 LPU의 3분기 생산 물량을 기존 계획보다 20% 확대하기로 최종 확정했다는 내용이 향후 수주·공급·실적 추정에도 반영되고 있다 시장 반영설…추정치 재점검","엔비디아 추론칩 삼성전자 생산 관련 소식 이후, 엔비디아가 삼성전자에 배정한 그록3 LPU의 3분기 생산 물량을 기존 계획보다 20% 확대하기로 최종 확정했다는 내용이 향후 수주·공급·실적 추정에도 반영되고 있다는 해석이 확산되고 있다. 시장에서는 관련 수주·공급·실적 기대가 개선될 수 있다는 해석이 제기되고 있다. 관련 거래자들은 해당 주장에 따라 향후 수주·공급·실적 추정치를 다시 점검하는 모습이다.",synthetic_misinformation,엔비디아가 삼성전자에 배정한 그록3 LPU의 3분기 생산 물량을 기존 계획보다 20% 확대하기로 최종 확정했다는 내용이 향후 수주·공급·실적 추정에도 반영되고 있다,"엔비디아는 그록3 LPU 생산을 삼성전자에 맡겼다고 밝혔고, 해당 칩은 3분기부터 출하될 예정이라고 보도됐다.",원문 근거에 없는 확정 상태·배정·수치가 하나의 핵심 명제로 추가됐다.,"base, read",False,sell,10
simulation_20260715_000826_158697_23249,2026-03-20,29,am,A016,0,news_20260320_종목_5a1e26e8,phasefake_20260320_M02_B,"엔비디아 추론칩 삼성전자 생산, 엔비디아가 삼성전자에 배정한 그록3 LPU의 3분기 생산 물량을 기존 계획보다 20% 확대하기로 최종 확정했다는 내용이 향후 수주·공급·실적 추정에도 반영되고 있다 시장 반영설…추정치 재점검","엔비디아 추론칩 삼성전자 생산 관련 소식 이후, 엔비디아가 삼성전자에 배정한 그록3 LPU의 3분기 생산 물량을 기존 계획보다 20% 확대하기로 최종 확정했다는 내용이 향후 수주·공급·실적 추정에도 반영되고 있다는 해석이 확산되고 있다. 시장에서는 관련 수주·공급·실적 기대가 개선될 수 있다는 해석이 제기되고 있다. 관련 거래자들은 해당 주장에 따라 향후 수주·공급·실적 추정치를 다시 점검하는 모습이다.",synthetic_misinformation,엔비디아가 삼성전자에 배정한 그록3 LPU의 3분기 생산 물량을 기존 계획보다 20% 확대하기로 최종 확정했다는 내용이 향후 수주·공급·실적 추정에도 반영되고 있다,"엔비디아는 그록3 LPU 생산을 삼성전자에 맡겼다고 밝혔고, 해당 칩은 3분기부터 출하될 예정이라고 보도됐다.",원문 근거에 없는 확정 상태·배정·수치가 하나의 핵심 명제로 추가됐다.,base,False,buy,50
simulation_20260715_000826_158697_23249,2026-03-20,29,am,A017,2,news_20260320_종목_5a1e26e8,phasefake_20260320_M02_B,"엔비디아 추론칩 삼성전자 생산, 엔비디아가 삼성전자에 배정한 그록3 LPU의 3분기 생산 물량을 기존 계획보다 20% 확대하기로 최종 확정했다는 내용이 향후 수주·공급·실적 추정에도 반영되고 있다 시장 반영설…추정치 재점검","엔비디아 추론칩 삼성전자 생산 관련 소식 이후, 엔비디아가 삼성전자에 배정한 그록3 LPU의 3분기 생산 물량을 기존 계획보다 20% 확대하기로 최종 확정했다는 내용이 향후 수주·공급·실적 추정에도 반영되고 있다는 해석이 확산되고 있다. 시장에서는 관련 수주·공급·실적 기대가 개선될 수 있다는 해석이 제기되고 있다. 관련 거래자들은 해당 주장에 따라 향후 수주·공급·실적 추정치를 다시 점검하는 모습이다.",synthetic_misinformation,엔비디아가 삼성전자에 배정한 그록3 LPU의 3분기 생산 물량을 기존 계획보다 20% 확대하기로 최종 확정했다는 내용이 향후 수주·공급·실적 추정에도 반영되고 있다,"엔비디아는 그록3 LPU 생산을 삼성전자에 맡겼다고 밝혔고, 해당 칩은 3분기부터 출하될 예정이라고 보도됐다.",원문 근거에 없는 확정 상태·배정·수치가 하나의 핵심 명제로 추가됐다.,"base, read, selected",True,buy,50
simulation_20260715_000826_158697_23249,2026-03-20,29,am,A018,0,news_20260320_종목_5a1e26e8,phasefake_20260320_M02_B,"엔비디아 추론칩 삼성전자 생산, 엔비디아가 삼성전자에 배정한 그록3 LPU의 3분기 생산 물량을 기존 계획보다 20% 확대하기로 최종 확정했다는 내용이 향후 수주·공급·실적 추정에도 반영되고 있다 시장 반영설…추정치 재점검","엔비디아 추론칩 삼성전자 생산 관련 소식 이후, 엔비디아가 삼성전자에 배정한 그록3 LPU의 3분기 생산 물량을 기존 계획보다 20% 확대하기로 최종 확정했다는 내용이 향후 수주·공급·실적 추정에도 반영되고 있다는 해석이 확산되고 있다. 시장에서는 관련 수주·공급·실적 기대가 개선될 수 있다는 해석이 제기되고 있다. 관련 거래자들은 해당 주장에 따라 향후 수주·공급·실적 추정치를 다시 점검하는 모습이다.",synthetic_misinformation,엔비디아가 삼성전자에 배정한 그록3 LPU의 3분기 생산 물량을 기존 계획보다 20% 확대하기로 최종 확정했다는 내용이 향후 수주·공급·실적 추정에도 반영되고 있다,"엔비디아는 그록3 LPU 생산을 삼성전자에 맡겼다고 밝혔고, 해당 칩은 3분기부터 출하될 예정이라고 보도됐다.",원문 근거에 없는 확정 상태·배정·수치가 하나의 핵심 명제로 추가됐다.,"base, selected",True,buy,1
simulation_20260715_000826_158697_23249,2026-03-20,29,am,A019,1,news_20260320_종목_5a1e26e8,phasefake_20260320_M02_B,"엔비디아 추론칩 삼성전자 생산, 엔비디아가 삼성전자에 배정한 그록3 LPU의 3분기 생산 물량을 기존 계획보다 20% 확대하기로 최종 확정했다는 내용이 향후 수주·공급·실적 추정에도 반영되고 있다 시장 반영설…추정치 재점검","엔비디아 추론칩 삼성전자 생산 관련 소식 이후, 엔비디아가 삼성전자에 배정한 그록3 LPU의 3분기 생산 물량을 기존 계획보다 20% 확대하기로 최종 확정했다는 내용이 향후 수주·공급·실적 추정에도 반영되고 있다는 해석이 확산되고 있다. 시장에서는 관련 수주·공급·실적 기대가 개선될 수 있다는 해석이 제기되고 있다. 관련 거래자들은 해당 주장에 따라 향후 수주·공급·실적 추정치를 다시 점검하는 모습이다.",synthetic_misinformation,엔비디아가 삼성전자에 배정한 그록3 LPU의 3분기 생산 물량을 기존 계획보다 20% 확대하기로 최종 확정했다는 내용이 향후 수주·공급·실적 추정에도 반영되고 있다,"엔비디아는 그록3 LPU 생산을 삼성전자에 맡겼다고 밝혔고, 해당 칩은 3분기부터 출하될 예정이라고 보도됐다.",원문 근거에 없는 확정 상태·배정·수치가 하나의 핵심 명제로 추가됐다.,"base, read, selected",True,sell,1
simulation_20260715_000826_158697_23249,2026-03-20,29,am,A015,2,news_20260320_종목_5a1e26e8,phasefake_20260320_M02_B,"엔비디아 추론칩 삼성전자 생산, 엔비디아가 삼성전자에 배정한 그록3 LPU의 3분기 생산 물량을 기존 계획보다 20% 확대하기로 최종 확정했다는 내용이 향후 수주·공급·실적 추정에도 반영되고 있다 시장 반영설…추정치 재점검","엔비디아 추론칩 삼성전자 생산 관련 소식 이후, 엔비디아가 삼성전자에 배정한 그록3 LPU의 3분기 생산 물량을 기존 계획보다 20% 확대하기로 최종 확정했다는 내용이 향후 수주·공급·실적 추정에도 반영되고 있다는 해석이 확산되고 있다. 시장에서는 관련 수주·공급·실적 기대가 개선될 수 있다는 해석이 제기되고 있다. 관련 거래자들은 해당 주장에 따라 향후 수주·공급·실적 추정치를 다시 점검하는 모습이다.",synthetic_misinformation,엔비디아가 삼성전자에 배정한 그록3 LPU의 3분기 생산 물량을 기존 계획보다 20% 확대하기로 최종 확정했다는 내용이 향후 수주·공급·실적 추정에도 반영되고 있다,"엔비디아는 그록3 LPU 생산을 삼성전자에 맡겼다고 밝혔고, 해당 칩은 3분기부터 출하될 예정이라고 보도됐다.",원문 근거에 없는 확정 상태·배정·수치가 하나의 핵심 명제로 추가됐다.,"base, read, selected",True,buy,3
simulation_20260715_000826_158697_23249,2026-03-20,29,am,A021,0,news_20260320_종목_5a1e26e8,phasefake_20260320_M02_B,"엔비디아 추론칩 삼성전자 생산, 엔비디아가 삼성전자에 배정한 그록3 LPU의 3분기 생산 물량을 기존 계획보다 20% 확대하기로 최종 확정했다는 내용이 향후 수주·공급·실적 추정에도 반영되고 있다 시장 반영설…추정치 재점검","엔비디아 추론칩 삼성전자 생산 관련 소식 이후, 엔비디아가 삼성전자에 배정한 그록3 LPU의 3분기 생산 물량을 기존 계획보다 20% 확대하기로 최종 확정했다는 내용이 향후 수주·공급·실적 추정에도 반영되고 있다는 해석이 확산되고 있다. 시장에서는 관련 수주·공급·실적 기대가 개선될 수 있다는 해석이 제기되고 있다. 관련 거래자들은 해당 주장에 따라 향후 수주·공급·실적 추정치를 다시 점검하는 모습이다.",synthetic_misinformation,엔비디아가 삼성전자에 배정한 그록3 LPU의 3분기 생산 물량을 기존 계획보다 20% 확대하기로 최종 확정했다는 내용이 향후 수주·공급·실적 추정에도 반영되고 있다,"엔비디아는 그록3 LPU 생산을 삼성전자에 맡겼다고 밝혔고, 해당 칩은 3분기부터 출하될 예정이라고 보도됐다.",원문 근거에 없는 확정 상태·배정·수치가 하나의 핵심 명제로 추가됐다.,"base, selected",True,buy,10
simulation_20260715_000826_158697_23249,2026-03-20,29,am,A023,0,news_20260320_종목_5a1e26e8,phasefake_20260320_M02_B,"엔비디아 추론칩 삼성전자 생산, 엔비디아가 삼성전자에 배정한 그록3 LPU의 3분기 생산 물량을 기존 계획보다 20% 확대하기로 최종 확정했다는 내용이 향후 수주·공급·실적 추정에도 반영되고 있다 시장 반영설…추정치 재점검","엔비디아 추론칩 삼성전자 생산 관련 소식 이후, 엔비디아가 삼성전자에 배정한 그록3 LPU의 3분기 생산 물량을 기존 계획보다 20% 확대하기로 최종 확정했다는 내용이 향후 수주·공급·실적 추정에도 반영되고 있다는 해석이 확산되고 있다. 시장에서는 관련 수주·공급·실적 기대가 개선될 수 있다는 해석이 제기되고 있다. 관련 거래자들은 해당 주장에 따라 향후 수주·공급·실적 추정치를 다시 점검하는 모습이다.",synthetic_misinformation,엔비디아가 삼성전자에 배정한 그록3 LPU의 3분기 생산 물량을 기존 계획보다 20% 확대하기로 최종 확정했다는 내용이 향후 수주·공급·실적 추정에도 반영되고 있다,"엔비디아는 그록3 LPU 생산을 삼성전자에 맡겼다고 밝혔고, 해당 칩은 3분기부터 출하될 예정이라고 보도됐다.",원문 근거에 없는 확정 상태·배정·수치가 하나의 핵심 명제로 추가됐다.,"base, selected",True,buy,1
simulation_20260715_000826_158697_23249,2026-03-20,29,am,A020,2,news_20260320_종목_5a1e26e8,phasefake_20260320_M02_B,"엔비디아 추론칩 삼성전자 생산, 엔비디아가 삼성전자에 배정한 그록3 LPU의 3분기 생산 물량을 기존 계획보다 20% 확대하기로 최종 확정했다는 내용이 향후 수주·공급·실적 추정에도 반영되고 있다 시장 반영설…추정치 재점검","엔비디아 추론칩 삼성전자 생산 관련 소식 이후, 엔비디아가 삼성전자에 배정한 그록3 LPU의 3분기 생산 물량을 기존 계획보다 20% 확대하기로 최종 확정했다는 내용이 향후 수주·공급·실적 추정에도 반영되고 있다는 해석이 확산되고 있다. 시장에서는 관련 수주·공급·실적 기대가 개선될 수 있다는 해석이 제기되고 있다. 관련 거래자들은 해당 주장에 따라 향후 수주·공급·실적 추정치를 다시 점검하는 모습이다.",synthetic_misinformation,엔비디아가 삼성전자에 배정한 그록3 LPU의 3분기 생산 물량을 기존 계획보다 20% 확대하기로 최종 확정했다는 내용이 향후 수주·공급·실적 추정에도 반영되고 있다,"엔비디아는 그록3 LPU 생산을 삼성전자에 맡겼다고 밝혔고, 해당 칩은 3분기부터 출하될 예정이라고 보도됐다.",원문 근거에 없는 확정 상태·배정·수치가 하나의 핵심 명제로 추가됐다.,"base, read, search, selected",True,sell,6
simulation_20260715_000826_158697_23249,2026-03-20,29,am,A022,1,news_20260320_종목_5a1e26e8,phasefake_20260320_M02_B,"엔비디아 추론칩 삼성전자 생산, 엔비디아가 삼성전자에 배정한 그록3 LPU의 3분기 생산 물량을 기존 계획보다 20% 확대하기로 최종 확정했다는 내용이 향후 수주·공급·실적 추정에도 반영되고 있다 시장 반영설…추정치 재점검","엔비디아 추론칩 삼성전자 생산 관련 소식 이후, 엔비디아가 삼성전자에 배정한 그록3 LPU의 3분기 생산 물량을 기존 계획보다 20% 확대하기로 최종 확정했다는 내용이 향후 수주·공급·실적 추정에도 반영되고 있다는 해석이 확산되고 있다. 시장에서는 관련 수주·공급·실적 기대가 개선될 수 있다는 해석이 제기되고 있다. 관련 거래자들은 해당 주장에 따라 향후 수주·공급·실적 추정치를 다시 점검하는 모습이다.",synthetic_misinformation,엔비디아가 삼성전자에 배정한 그록3 LPU의 3분기 생산 물량을 기존 계획보다 20% 확대하기로 최종 확정했다는 내용이 향후 수주·공급·실적 추정에도 반영되고 있다,"엔비디아는 그록3 LPU 생산을 삼성전자에 맡겼다고 밝혔고, 해당 칩은 3분기부터 출하될 예정이라고 보도됐다.",원문 근거에 없는 확정 상태·배정·수치가 하나의 핵심 명제로 추가됐다.,"base, read",False,buy,3
simulation_20260715_000826_158697_23249,2026-03-20,29,am,A026,1,news_20260320_종목_5a1e26e8,phasefake_20260320_M02_B,"엔비디아 추론칩 삼성전자 생산, 엔비디아가 삼성전자에 배정한 그록3 LPU의 3분기 생산 물량을 기존 계획보다 20% 확대하기로 최종 확정했다는 내용이 향후 수주·공급·실적 추정에도 반영되고 있다 시장 반영설…추정치 재점검","엔비디아 추론칩 삼성전자 생산 관련 소식 이후, 엔비디아가 삼성전자에 배정한 그록3 LPU의 3분기 생산 물량을 기존 계획보다 20% 확대하기로 최종 확정했다는 내용이 향후 수주·공급·실적 추정에도 반영되고 있다는 해석이 확산되고 있다. 시장에서는 관련 수주·공급·실적 기대가 개선될 수 있다는 해석이 제기되고 있다. 관련 거래자들은 해당 주장에 따라 향후 수주·공급·실적 추정치를 다시 점검하는 모습이다.",synthetic_misinformation,엔비디아가 삼성전자에 배정한 그록3 LPU의 3분기 생산 물량을 기존 계획보다 20% 확대하기로 최종 확정했다는 내용이 향후 수주·공급·실적 추정에도 반영되고 있다,"엔비디아는 그록3 LPU 생산을 삼성전자에 맡겼다고 밝혔고, 해당 칩은 3분기부터 출하될 예정이라고 보도됐다.",원문 근거에 없는 확정 상태·배정·수치가 하나의 핵심 명제로 추가됐다.,"base, read",False,buy,1
simulation_20260715_000826_158697_23249,2026-03-20,29,am,A025,1,news_20260320_종목_5a1e26e8,phasefake_20260320_M02_B,"엔비디아 추론칩 삼성전자 생산, 엔비디아가 삼성전자에 배정한 그록3 LPU의 3분기 생산 물량을 기존 계획보다 20% 확대하기로 최종 확정했다는 내용이 향후 수주·공급·실적 추정에도 반영되고 있다 시장 반영설…추정치 재점검","엔비디아 추론칩 삼성전자 생산 관련 소식 이후, 엔비디아가 삼성전자에 배정한 그록3 LPU의 3분기 생산 물량을 기존 계획보다 20% 확대하기로 최종 확정했다는 내용이 향후 수주·공급·실적 추정에도 반영되고 있다는 해석이 확산되고 있다. 시장에서는 관련 수주·공급·실적 기대가 개선될 수 있다는 해석이 제기되고 있다. 관련 거래자들은 해당 주장에 따라 향후 수주·공급·실적 추정치를 다시 점검하는 모습이다.",synthetic_misinformation,엔비디아가 삼성전자에 배정한 그록3 LPU의 3분기 생산 물량을 기존 계획보다 20% 확대하기로 최종 확정했다는 내용이 향후 수주·공급·실적 추정에도 반영되고 있다,"엔비디아는 그록3 LPU 생산을 삼성전자에 맡겼다고 밝혔고, 해당 칩은 3분기부터 출하될 예정이라고 보도됐다.",원문 근거에 없는 확정 상태·배정·수치가 하나의 핵심 명제로 추가됐다.,"base, read, selected",True,sell,10
simulation_20260715_000826_158697_23249,2026-03-20,29,am,A024,0,news_20260320_종목_5a1e26e8,phasefake_20260320_M02_B,"엔비디아 추론칩 삼성전자 생산, 엔비디아가 삼성전자에 배정한 그록3 LPU의 3분기 생산 물량을 기존 계획보다 20% 확대하기로 최종 확정했다는 내용이 향후 수주·공급·실적 추정에도 반영되고 있다 시장 반영설…추정치 재점검","엔비디아 추론칩 삼성전자 생산 관련 소식 이후, 엔비디아가 삼성전자에 배정한 그록3 LPU의 3분기 생산 물량을 기존 계획보다 20% 확대하기로 최종 확정했다는 내용이 향후 수주·공급·실적 추정에도 반영되고 있다는 해석이 확산되고 있다. 시장에서는 관련 수주·공급·실적 기대가 개선될 수 있다는 해석이 제기되고 있다. 관련 거래자들은 해당 주장에 따라 향후 수주·공급·실적 추정치를 다시 점검하는 모습이다.",synthetic_misinformation,엔비디아가 삼성전자에 배정한 그록3 LPU의 3분기 생산 물량을 기존 계획보다 20% 확대하기로 최종 확정했다는 내용이 향후 수주·공급·실적 추정에도 반영되고 있다,"엔비디아는 그록3 LPU 생산을 삼성전자에 맡겼다고 밝혔고, 해당 칩은 3분기부터 출하될 예정이라고 보도됐다.",원문 근거에 없는 확정 상태·배정·수치가 하나의 핵심 명제로 추가됐다.,"base, selected",True,sell,1
simulation_20260715_000826_158697_23249,2026-03-20,29,am,A027,1,news_20260320_종목_5a1e26e8,phasefake_20260320_M02_B,"엔비디아 추론칩 삼성전자 생산, 엔비디아가 삼성전자에 배정한 그록3 LPU의 3분기 생산 물량을 기존 계획보다 20% 확대하기로 최종 확정했다는 내용이 향후 수주·공급·실적 추정에도 반영되고 있다 시장 반영설…추정치 재점검","엔비디아 추론칩 삼성전자 생산 관련 소식 이후, 엔비디아가 삼성전자에 배정한 그록3 LPU의 3분기 생산 물량을 기존 계획보다 20% 확대하기로 최종 확정했다는 내용이 향후 수주·공급·실적 추정에도 반영되고 있다는 해석이 확산되고 있다. 시장에서는 관련 수주·공급·실적 기대가 개선될 수 있다는 해석이 제기되고 있다. 관련 거래자들은 해당 주장에 따라 향후 수주·공급·실적 추정치를 다시 점검하는 모습이다.",synthetic_misinformation,엔비디아가 삼성전자에 배정한 그록3 LPU의 3분기 생산 물량을 기존 계획보다 20% 확대하기로 최종 확정했다는 내용이 향후 수주·공급·실적 추정에도 반영되고 있다,"엔비디아는 그록3 LPU 생산을 삼성전자에 맡겼다고 밝혔고, 해당 칩은 3분기부터 출하될 예정이라고 보도됐다.",원문 근거에 없는 확정 상태·배정·수치가 하나의 핵심 명제로 추가됐다.,"base, read, selected",True,sell,4
simulation_20260715_000826_158697_23249,2026-03-20,29,am,A028,0,news_20260320_종목_5a1e26e8,phasefake_20260320_M02_B,"엔비디아 추론칩 삼성전자 생산, 엔비디아가 삼성전자에 배정한 그록3 LPU의 3분기 생산 물량을 기존 계획보다 20% 확대하기로 최종 확정했다는 내용이 향후 수주·공급·실적 추정에도 반영되고 있다 시장 반영설…추정치 재점검","엔비디아 추론칩 삼성전자 생산 관련 소식 이후, 엔비디아가 삼성전자에 배정한 그록3 LPU의 3분기 생산 물량을 기존 계획보다 20% 확대하기로 최종 확정했다는 내용이 향후 수주·공급·실적 추정에도 반영되고 있다는 해석이 확산되고 있다. 시장에서는 관련 수주·공급·실적 기대가 개선될 수 있다는 해석이 제기되고 있다. 관련 거래자들은 해당 주장에 따라 향후 수주·공급·실적 추정치를 다시 점검하는 모습이다.",synthetic_misinformation,엔비디아가 삼성전자에 배정한 그록3 LPU의 3분기 생산 물량을 기존 계획보다 20% 확대하기로 최종 확정했다는 내용이 향후 수주·공급·실적 추정에도 반영되고 있다,"엔비디아는 그록3 LPU 생산을 삼성전자에 맡겼다고 밝혔고, 해당 칩은 3분기부터 출하될 예정이라고 보도됐다.",원문 근거에 없는 확정 상태·배정·수치가 하나의 핵심 명제로 추가됐다.,"base, selected",True,buy,49
simulation_20260715_000826_158697_23249,2026-03-20,29,am,A030,0,news_20260320_종목_5a1e26e8,phasefake_20260320_M02_B,"엔비디아 추론칩 삼성전자 생산, 엔비디아가 삼성전자에 배정한 그록3 LPU의 3분기 생산 물량을 기존 계획보다 20% 확대하기로 최종 확정했다는 내용이 향후 수주·공급·실적 추정에도 반영되고 있다 시장 반영설…추정치 재점검","엔비디아 추론칩 삼성전자 생산 관련 소식 이후, 엔비디아가 삼성전자에 배정한 그록3 LPU의 3분기 생산 물량을 기존 계획보다 20% 확대하기로 최종 확정했다는 내용이 향후 수주·공급·실적 추정에도 반영되고 있다는 해석이 확산되고 있다. 시장에서는 관련 수주·공급·실적 기대가 개선될 수 있다는 해석이 제기되고 있다. 관련 거래자들은 해당 주장에 따라 향후 수주·공급·실적 추정치를 다시 점검하는 모습이다.",synthetic_misinformation,엔비디아가 삼성전자에 배정한 그록3 LPU의 3분기 생산 물량을 기존 계획보다 20% 확대하기로 최종 확정했다는 내용이 향후 수주·공급·실적 추정에도 반영되고 있다,"엔비디아는 그록3 LPU 생산을 삼성전자에 맡겼다고 밝혔고, 해당 칩은 3분기부터 출하될 예정이라고 보도됐다.",원문 근거에 없는 확정 상태·배정·수치가 하나의 핵심 명제로 추가됐다.,"base, selected",True,sell,4
simulation_20260715_000826_158697_23249,2026-03-20,29,am,A029,0,news_20260320_종목_5a1e26e8,phasefake_20260320_M02_B,"엔비디아 추론칩 삼성전자 생산, 엔비디아가 삼성전자에 배정한 그록3 LPU의 3분기 생산 물량을 기존 계획보다 20% 확대하기로 최종 확정했다는 내용이 향후 수주·공급·실적 추정에도 반영되고 있다 시장 반영설…추정치 재점검","엔비디아 추론칩 삼성전자 생산 관련 소식 이후, 엔비디아가 삼성전자에 배정한 그록3 LPU의 3분기 생산 물량을 기존 계획보다 20% 확대하기로 최종 확정했다는 내용이 향후 수주·공급·실적 추정에도 반영되고 있다는 해석이 확산되고 있다. 시장에서는 관련 수주·공급·실적 기대가 개선될 수 있다는 해석이 제기되고 있다. 관련 거래자들은 해당 주장에 따라 향후 수주·공급·실적 추정치를 다시 점검하는 모습이다.",synthetic_misinformation,엔비디아가 삼성전자에 배정한 그록3 LPU의 3분기 생산 물량을 기존 계획보다 20% 확대하기로 최종 확정했다는 내용이 향후 수주·공급·실적 추정에도 반영되고 있다,"엔비디아는 그록3 LPU 생산을 삼성전자에 맡겼다고 밝혔고, 해당 칩은 3분기부터 출하될 예정이라고 보도됐다.",원문 근거에 없는 확정 상태·배정·수치가 하나의 핵심 명제로 추가됐다.,"base, selected",True,sell,1
simulation_20260715_000826_158697_23249,2026-03-27,39,am,A001,1,news_20260327_종목_699a647b,phasefake_20260327_M03_B,"구글 터보퀀트, 삼성전자 AI용 메모리 주문 확대 확인설","구글 터보퀀트와 메모리 수요 논쟁의 긍정적 또는 부정적 단서만 부각되면서, 구글 터보퀀트가 고성능 메모리 처리량을 늘려 삼성전자의 AI용 메모리 주문이 다음 분기부터 확대되는 것으로 확인됐다는 해석이 제기되고 있다. 시장에서는 관련 수주·공급·실적 기대가 개선될 수 있다는 해석이 제기되고 있다. 관련 거래자들은 해당 주장에 따라 향후 수주·공급·실적 추정치를 다시 점검하는 모습이다.",synthetic_misinformation,구글 터보퀀트가 고성능 메모리 처리량을 늘려 삼성전자의 AI용 메모리 주문이 다음 분기부터 확대되는 것으로 확인됐다,"구글 터보퀀트 공개 뒤 메모리 수요 위축 우려로 삼성전자와 SK하이닉스 주가가 하락했지만, 기사에는 AI 성능 경쟁으로 물리 메모리 수요가 줄지 않을 수 있다는 반론도 함께 제시됐다.",상반된 근거와 미확정 상태를 제외하고 단일 신호를 전체 결론으로 일반화한다.,"base, read, selected",True,buy,3
simulation_20260715_000826_158697_23249,2026-03-27,39,am,A003,1,news_20260327_종목_699a647b,phasefake_20260327_M03_B,"구글 터보퀀트, 삼성전자 AI용 메모리 주문 확대 확인설","구글 터보퀀트와 메모리 수요 논쟁의 긍정적 또는 부정적 단서만 부각되면서, 구글 터보퀀트가 고성능 메모리 처리량을 늘려 삼성전자의 AI용 메모리 주문이 다음 분기부터 확대되는 것으로 확인됐다는 해석이 제기되고 있다. 시장에서는 관련 수주·공급·실적 기대가 개선될 수 있다는 해석이 제기되고 있다. 관련 거래자들은 해당 주장에 따라 향후 수주·공급·실적 추정치를 다시 점검하는 모습이다.",synthetic_misinformation,구글 터보퀀트가 고성능 메모리 처리량을 늘려 삼성전자의 AI용 메모리 주문이 다음 분기부터 확대되는 것으로 확인됐다,"구글 터보퀀트 공개 뒤 메모리 수요 위축 우려로 삼성전자와 SK하이닉스 주가가 하락했지만, 기사에는 AI 성능 경쟁으로 물리 메모리 수요가 줄지 않을 수 있다는 반론도 함께 제시됐다.",상반된 근거와 미확정 상태를 제외하고 단일 신호를 전체 결론으로 일반화한다.,"base, read, selected",True,buy,1
simulation_20260715_000826_158697_23249,2026-03-27,39,am,A002,0,news_20260327_종목_699a647b,phasefake_20260327_M03_B,"구글 터보퀀트, 삼성전자 AI용 메모리 주문 확대 확인설","구글 터보퀀트와 메모리 수요 논쟁의 긍정적 또는 부정적 단서만 부각되면서, 구글 터보퀀트가 고성능 메모리 처리량을 늘려 삼성전자의 AI용 메모리 주문이 다음 분기부터 확대되는 것으로 확인됐다는 해석이 제기되고 있다. 시장에서는 관련 수주·공급·실적 기대가 개선될 수 있다는 해석이 제기되고 있다. 관련 거래자들은 해당 주장에 따라 향후 수주·공급·실적 추정치를 다시 점검하는 모습이다.",synthetic_misinformation,구글 터보퀀트가 고성능 메모리 처리량을 늘려 삼성전자의 AI용 메모리 주문이 다음 분기부터 확대되는 것으로 확인됐다,"구글 터보퀀트 공개 뒤 메모리 수요 위축 우려로 삼성전자와 SK하이닉스 주가가 하락했지만, 기사에는 AI 성능 경쟁으로 물리 메모리 수요가 줄지 않을 수 있다는 반론도 함께 제시됐다.",상반된 근거와 미확정 상태를 제외하고 단일 신호를 전체 결론으로 일반화한다.,"base, selected",True,sell,60
simulation_20260715_000826_158697_23249,2026-03-27,39,am,A005,1,news_20260327_종목_699a647b,phasefake_20260327_M03_B,"구글 터보퀀트, 삼성전자 AI용 메모리 주문 확대 확인설","구글 터보퀀트와 메모리 수요 논쟁의 긍정적 또는 부정적 단서만 부각되면서, 구글 터보퀀트가 고성능 메모리 처리량을 늘려 삼성전자의 AI용 메모리 주문이 다음 분기부터 확대되는 것으로 확인됐다는 해석이 제기되고 있다. 시장에서는 관련 수주·공급·실적 기대가 개선될 수 있다는 해석이 제기되고 있다. 관련 거래자들은 해당 주장에 따라 향후 수주·공급·실적 추정치를 다시 점검하는 모습이다.",synthetic_misinformation,구글 터보퀀트가 고성능 메모리 처리량을 늘려 삼성전자의 AI용 메모리 주문이 다음 분기부터 확대되는 것으로 확인됐다,"구글 터보퀀트 공개 뒤 메모리 수요 위축 우려로 삼성전자와 SK하이닉스 주가가 하락했지만, 기사에는 AI 성능 경쟁으로 물리 메모리 수요가 줄지 않을 수 있다는 반론도 함께 제시됐다.",상반된 근거와 미확정 상태를 제외하고 단일 신호를 전체 결론으로 일반화한다.,"base, read, selected",True,buy,1
simulation_20260715_000826_158697_23249,2026-03-27,39,am,A006,1,news_20260327_종목_699a647b,phasefake_20260327_M03_B,"구글 터보퀀트, 삼성전자 AI용 메모리 주문 확대 확인설","구글 터보퀀트와 메모리 수요 논쟁의 긍정적 또는 부정적 단서만 부각되면서, 구글 터보퀀트가 고성능 메모리 처리량을 늘려 삼성전자의 AI용 메모리 주문이 다음 분기부터 확대되는 것으로 확인됐다는 해석이 제기되고 있다. 시장에서는 관련 수주·공급·실적 기대가 개선될 수 있다는 해석이 제기되고 있다. 관련 거래자들은 해당 주장에 따라 향후 수주·공급·실적 추정치를 다시 점검하는 모습이다.",synthetic_misinformation,구글 터보퀀트가 고성능 메모리 처리량을 늘려 삼성전자의 AI용 메모리 주문이 다음 분기부터 확대되는 것으로 확인됐다,"구글 터보퀀트 공개 뒤 메모리 수요 위축 우려로 삼성전자와 SK하이닉스 주가가 하락했지만, 기사에는 AI 성능 경쟁으로 물리 메모리 수요가 줄지 않을 수 있다는 반론도 함께 제시됐다.",상반된 근거와 미확정 상태를 제외하고 단일 신호를 전체 결론으로 일반화한다.,"base, read, selected",True,buy,1
simulation_20260715_000826_158697_23249,2026-03-27,39,am,A004,1,news_20260327_종목_699a647b,phasefake_20260327_M03_B,"구글 터보퀀트, 삼성전자 AI용 메모리 주문 확대 확인설","구글 터보퀀트와 메모리 수요 논쟁의 긍정적 또는 부정적 단서만 부각되면서, 구글 터보퀀트가 고성능 메모리 처리량을 늘려 삼성전자의 AI용 메모리 주문이 다음 분기부터 확대되는 것으로 확인됐다는 해석이 제기되고 있다. 시장에서는 관련 수주·공급·실적 기대가 개선될 수 있다는 해석이 제기되고 있다. 관련 거래자들은 해당 주장에 따라 향후 수주·공급·실적 추정치를 다시 점검하는 모습이다.",synthetic_misinformation,구글 터보퀀트가 고성능 메모리 처리량을 늘려 삼성전자의 AI용 메모리 주문이 다음 분기부터 확대되는 것으로 확인됐다,"구글 터보퀀트 공개 뒤 메모리 수요 위축 우려로 삼성전자와 SK하이닉스 주가가 하락했지만, 기사에는 AI 성능 경쟁으로 물리 메모리 수요가 줄지 않을 수 있다는 반론도 함께 제시됐다.",상반된 근거와 미확정 상태를 제외하고 단일 신호를 전체 결론으로 일반화한다.,"base, read, selected",True,buy,100
simulation_20260715_000826_158697_23249,2026-03-27,39,am,A007,2,news_20260327_종목_699a647b,phasefake_20260327_M03_B,"구글 터보퀀트, 삼성전자 AI용 메모리 주문 확대 확인설","구글 터보퀀트와 메모리 수요 논쟁의 긍정적 또는 부정적 단서만 부각되면서, 구글 터보퀀트가 고성능 메모리 처리량을 늘려 삼성전자의 AI용 메모리 주문이 다음 분기부터 확대되는 것으로 확인됐다는 해석이 제기되고 있다. 시장에서는 관련 수주·공급·실적 기대가 개선될 수 있다는 해석이 제기되고 있다. 관련 거래자들은 해당 주장에 따라 향후 수주·공급·실적 추정치를 다시 점검하는 모습이다.",synthetic_misinformation,구글 터보퀀트가 고성능 메모리 처리량을 늘려 삼성전자의 AI용 메모리 주문이 다음 분기부터 확대되는 것으로 확인됐다,"구글 터보퀀트 공개 뒤 메모리 수요 위축 우려로 삼성전자와 SK하이닉스 주가가 하락했지만, 기사에는 AI 성능 경쟁으로 물리 메모리 수요가 줄지 않을 수 있다는 반론도 함께 제시됐다.",상반된 근거와 미확정 상태를 제외하고 단일 신호를 전체 결론으로 일반화한다.,"base, read, search, selected",True,sell,20
simulation_20260715_000826_158697_23249,2026-03-27,39,am,A009,0,news_20260327_종목_699a647b,phasefake_20260327_M03_B,"구글 터보퀀트, 삼성전자 AI용 메모리 주문 확대 확인설","구글 터보퀀트와 메모리 수요 논쟁의 긍정적 또는 부정적 단서만 부각되면서, 구글 터보퀀트가 고성능 메모리 처리량을 늘려 삼성전자의 AI용 메모리 주문이 다음 분기부터 확대되는 것으로 확인됐다는 해석이 제기되고 있다. 시장에서는 관련 수주·공급·실적 기대가 개선될 수 있다는 해석이 제기되고 있다. 관련 거래자들은 해당 주장에 따라 향후 수주·공급·실적 추정치를 다시 점검하는 모습이다.",synthetic_misinformation,구글 터보퀀트가 고성능 메모리 처리량을 늘려 삼성전자의 AI용 메모리 주문이 다음 분기부터 확대되는 것으로 확인됐다,"구글 터보퀀트 공개 뒤 메모리 수요 위축 우려로 삼성전자와 SK하이닉스 주가가 하락했지만, 기사에는 AI 성능 경쟁으로 물리 메모리 수요가 줄지 않을 수 있다는 반론도 함께 제시됐다.",상반된 근거와 미확정 상태를 제외하고 단일 신호를 전체 결론으로 일반화한다.,"base, selected",True,buy,50
simulation_20260715_000826_158697_23249,2026-03-27,39,am,A010,1,news_20260327_종목_699a647b,phasefake_20260327_M03_B,"구글 터보퀀트, 삼성전자 AI용 메모리 주문 확대 확인설","구글 터보퀀트와 메모리 수요 논쟁의 긍정적 또는 부정적 단서만 부각되면서, 구글 터보퀀트가 고성능 메모리 처리량을 늘려 삼성전자의 AI용 메모리 주문이 다음 분기부터 확대되는 것으로 확인됐다는 해석이 제기되고 있다. 시장에서는 관련 수주·공급·실적 기대가 개선될 수 있다는 해석이 제기되고 있다. 관련 거래자들은 해당 주장에 따라 향후 수주·공급·실적 추정치를 다시 점검하는 모습이다.",synthetic_misinformation,구글 터보퀀트가 고성능 메모리 처리량을 늘려 삼성전자의 AI용 메모리 주문이 다음 분기부터 확대되는 것으로 확인됐다,"구글 터보퀀트 공개 뒤 메모리 수요 위축 우려로 삼성전자와 SK하이닉스 주가가 하락했지만, 기사에는 AI 성능 경쟁으로 물리 메모리 수요가 줄지 않을 수 있다는 반론도 함께 제시됐다.",상반된 근거와 미확정 상태를 제외하고 단일 신호를 전체 결론으로 일반화한다.,"base, read, selected",True,buy,53
simulation_20260715_000826_158697_23249,2026-03-27,39,am,A011,1,news_20260327_종목_699a647b,phasefake_20260327_M03_B,"구글 터보퀀트, 삼성전자 AI용 메모리 주문 확대 확인설","구글 터보퀀트와 메모리 수요 논쟁의 긍정적 또는 부정적 단서만 부각되면서, 구글 터보퀀트가 고성능 메모리 처리량을 늘려 삼성전자의 AI용 메모리 주문이 다음 분기부터 확대되는 것으로 확인됐다는 해석이 제기되고 있다. 시장에서는 관련 수주·공급·실적 기대가 개선될 수 있다는 해석이 제기되고 있다. 관련 거래자들은 해당 주장에 따라 향후 수주·공급·실적 추정치를 다시 점검하는 모습이다.",synthetic_misinformation,구글 터보퀀트가 고성능 메모리 처리량을 늘려 삼성전자의 AI용 메모리 주문이 다음 분기부터 확대되는 것으로 확인됐다,"구글 터보퀀트 공개 뒤 메모리 수요 위축 우려로 삼성전자와 SK하이닉스 주가가 하락했지만, 기사에는 AI 성능 경쟁으로 물리 메모리 수요가 줄지 않을 수 있다는 반론도 함께 제시됐다.",상반된 근거와 미확정 상태를 제외하고 단일 신호를 전체 결론으로 일반화한다.,"base, read, selected",True,sell,489
simulation_20260715_000826_158697_23249,2026-03-27,39,am,A008,1,news_20260327_종목_699a647b,phasefake_20260327_M03_B,"구글 터보퀀트, 삼성전자 AI용 메모리 주문 확대 확인설","구글 터보퀀트와 메모리 수요 논쟁의 긍정적 또는 부정적 단서만 부각되면서, 구글 터보퀀트가 고성능 메모리 처리량을 늘려 삼성전자의 AI용 메모리 주문이 다음 분기부터 확대되는 것으로 확인됐다는 해석이 제기되고 있다. 시장에서는 관련 수주·공급·실적 기대가 개선될 수 있다는 해석이 제기되고 있다. 관련 거래자들은 해당 주장에 따라 향후 수주·공급·실적 추정치를 다시 점검하는 모습이다.",synthetic_misinformation,구글 터보퀀트가 고성능 메모리 처리량을 늘려 삼성전자의 AI용 메모리 주문이 다음 분기부터 확대되는 것으로 확인됐다,"구글 터보퀀트 공개 뒤 메모리 수요 위축 우려로 삼성전자와 SK하이닉스 주가가 하락했지만, 기사에는 AI 성능 경쟁으로 물리 메모리 수요가 줄지 않을 수 있다는 반론도 함께 제시됐다.",상반된 근거와 미확정 상태를 제외하고 단일 신호를 전체 결론으로 일반화한다.,"base, read, selected",True,buy,200
simulation_20260715_000826_158697_23249,2026-03-27,39,am,A013,1,news_20260327_종목_699a647b,phasefake_20260327_M03_B,"구글 터보퀀트, 삼성전자 AI용 메모리 주문 확대 확인설","구글 터보퀀트와 메모리 수요 논쟁의 긍정적 또는 부정적 단서만 부각되면서, 구글 터보퀀트가 고성능 메모리 처리량을 늘려 삼성전자의 AI용 메모리 주문이 다음 분기부터 확대되는 것으로 확인됐다는 해석이 제기되고 있다. 시장에서는 관련 수주·공급·실적 기대가 개선될 수 있다는 해석이 제기되고 있다. 관련 거래자들은 해당 주장에 따라 향후 수주·공급·실적 추정치를 다시 점검하는 모습이다.",synthetic_misinformation,구글 터보퀀트가 고성능 메모리 처리량을 늘려 삼성전자의 AI용 메모리 주문이 다음 분기부터 확대되는 것으로 확인됐다,"구글 터보퀀트 공개 뒤 메모리 수요 위축 우려로 삼성전자와 SK하이닉스 주가가 하락했지만, 기사에는 AI 성능 경쟁으로 물리 메모리 수요가 줄지 않을 수 있다는 반론도 함께 제시됐다.",상반된 근거와 미확정 상태를 제외하고 단일 신호를 전체 결론으로 일반화한다.,"base, read, selected",True,buy,165
simulation_20260715_000826_158697_23249,2026-03-27,39,am,A014,1,news_20260327_종목_699a647b,phasefake_20260327_M03_B,"구글 터보퀀트, 삼성전자 AI용 메모리 주문 확대 확인설","구글 터보퀀트와 메모리 수요 논쟁의 긍정적 또는 부정적 단서만 부각되면서, 구글 터보퀀트가 고성능 메모리 처리량을 늘려 삼성전자의 AI용 메모리 주문이 다음 분기부터 확대되는 것으로 확인됐다는 해석이 제기되고 있다. 시장에서는 관련 수주·공급·실적 기대가 개선될 수 있다는 해석이 제기되고 있다. 관련 거래자들은 해당 주장에 따라 향후 수주·공급·실적 추정치를 다시 점검하는 모습이다.",synthetic_misinformation,구글 터보퀀트가 고성능 메모리 처리량을 늘려 삼성전자의 AI용 메모리 주문이 다음 분기부터 확대되는 것으로 확인됐다,"구글 터보퀀트 공개 뒤 메모리 수요 위축 우려로 삼성전자와 SK하이닉스 주가가 하락했지만, 기사에는 AI 성능 경쟁으로 물리 메모리 수요가 줄지 않을 수 있다는 반론도 함께 제시됐다.",상반된 근거와 미확정 상태를 제외하고 단일 신호를 전체 결론으로 일반화한다.,"base, read, selected",True,buy,100
simulation_20260715_000826_158697_23249,2026-03-27,39,am,A012,1,news_20260327_종목_699a647b,phasefake_20260327_M03_B,"구글 터보퀀트, 삼성전자 AI용 메모리 주문 확대 확인설","구글 터보퀀트와 메모리 수요 논쟁의 긍정적 또는 부정적 단서만 부각되면서, 구글 터보퀀트가 고성능 메모리 처리량을 늘려 삼성전자의 AI용 메모리 주문이 다음 분기부터 확대되는 것으로 확인됐다는 해석이 제기되고 있다. 시장에서는 관련 수주·공급·실적 기대가 개선될 수 있다는 해석이 제기되고 있다. 관련 거래자들은 해당 주장에 따라 향후 수주·공급·실적 추정치를 다시 점검하는 모습이다.",synthetic_misinformation,구글 터보퀀트가 고성능 메모리 처리량을 늘려 삼성전자의 AI용 메모리 주문이 다음 분기부터 확대되는 것으로 확인됐다,"구글 터보퀀트 공개 뒤 메모리 수요 위축 우려로 삼성전자와 SK하이닉스 주가가 하락했지만, 기사에는 AI 성능 경쟁으로 물리 메모리 수요가 줄지 않을 수 있다는 반론도 함께 제시됐다.",상반된 근거와 미확정 상태를 제외하고 단일 신호를 전체 결론으로 일반화한다.,"base, read",False,sell,1
simulation_20260715_000826_158697_23249,2026-03-27,39,am,A016,0,news_20260327_종목_699a647b,phasefake_20260327_M03_B,"구글 터보퀀트, 삼성전자 AI용 메모리 주문 확대 확인설","구글 터보퀀트와 메모리 수요 논쟁의 긍정적 또는 부정적 단서만 부각되면서, 구글 터보퀀트가 고성능 메모리 처리량을 늘려 삼성전자의 AI용 메모리 주문이 다음 분기부터 확대되는 것으로 확인됐다는 해석이 제기되고 있다. 시장에서는 관련 수주·공급·실적 기대가 개선될 수 있다는 해석이 제기되고 있다. 관련 거래자들은 해당 주장에 따라 향후 수주·공급·실적 추정치를 다시 점검하는 모습이다.",synthetic_misinformation,구글 터보퀀트가 고성능 메모리 처리량을 늘려 삼성전자의 AI용 메모리 주문이 다음 분기부터 확대되는 것으로 확인됐다,"구글 터보퀀트 공개 뒤 메모리 수요 위축 우려로 삼성전자와 SK하이닉스 주가가 하락했지만, 기사에는 AI 성능 경쟁으로 물리 메모리 수요가 줄지 않을 수 있다는 반론도 함께 제시됐다.",상반된 근거와 미확정 상태를 제외하고 단일 신호를 전체 결론으로 일반화한다.,"base, selected",True,buy,30
simulation_20260715_000826_158697_23249,2026-03-27,39,am,A015,2,news_20260327_종목_699a647b,phasefake_20260327_M03_B,"구글 터보퀀트, 삼성전자 AI용 메모리 주문 확대 확인설","구글 터보퀀트와 메모리 수요 논쟁의 긍정적 또는 부정적 단서만 부각되면서, 구글 터보퀀트가 고성능 메모리 처리량을 늘려 삼성전자의 AI용 메모리 주문이 다음 분기부터 확대되는 것으로 확인됐다는 해석이 제기되고 있다. 시장에서는 관련 수주·공급·실적 기대가 개선될 수 있다는 해석이 제기되고 있다. 관련 거래자들은 해당 주장에 따라 향후 수주·공급·실적 추정치를 다시 점검하는 모습이다.",synthetic_misinformation,구글 터보퀀트가 고성능 메모리 처리량을 늘려 삼성전자의 AI용 메모리 주문이 다음 분기부터 확대되는 것으로 확인됐다,"구글 터보퀀트 공개 뒤 메모리 수요 위축 우려로 삼성전자와 SK하이닉스 주가가 하락했지만, 기사에는 AI 성능 경쟁으로 물리 메모리 수요가 줄지 않을 수 있다는 반론도 함께 제시됐다.",상반된 근거와 미확정 상태를 제외하고 단일 신호를 전체 결론으로 일반화한다.,"base, read, search, selected",True,sell,1
simulation_20260715_000826_158697_23249,2026-03-27,39,am,A018,0,news_20260327_종목_699a647b,phasefake_20260327_M03_B,"구글 터보퀀트, 삼성전자 AI용 메모리 주문 확대 확인설","구글 터보퀀트와 메모리 수요 논쟁의 긍정적 또는 부정적 단서만 부각되면서, 구글 터보퀀트가 고성능 메모리 처리량을 늘려 삼성전자의 AI용 메모리 주문이 다음 분기부터 확대되는 것으로 확인됐다는 해석이 제기되고 있다. 시장에서는 관련 수주·공급·실적 기대가 개선될 수 있다는 해석이 제기되고 있다. 관련 거래자들은 해당 주장에 따라 향후 수주·공급·실적 추정치를 다시 점검하는 모습이다.",synthetic_misinformation,구글 터보퀀트가 고성능 메모리 처리량을 늘려 삼성전자의 AI용 메모리 주문이 다음 분기부터 확대되는 것으로 확인됐다,"구글 터보퀀트 공개 뒤 메모리 수요 위축 우려로 삼성전자와 SK하이닉스 주가가 하락했지만, 기사에는 AI 성능 경쟁으로 물리 메모리 수요가 줄지 않을 수 있다는 반론도 함께 제시됐다.",상반된 근거와 미확정 상태를 제외하고 단일 신호를 전체 결론으로 일반화한다.,base,False,buy,5
simulation_20260715_000826_158697_23249,2026-03-27,39,am,A021,0,news_20260327_종목_699a647b,phasefake_20260327_M03_B,"구글 터보퀀트, 삼성전자 AI용 메모리 주문 확대 확인설","구글 터보퀀트와 메모리 수요 논쟁의 긍정적 또는 부정적 단서만 부각되면서, 구글 터보퀀트가 고성능 메모리 처리량을 늘려 삼성전자의 AI용 메모리 주문이 다음 분기부터 확대되는 것으로 확인됐다는 해석이 제기되고 있다. 시장에서는 관련 수주·공급·실적 기대가 개선될 수 있다는 해석이 제기되고 있다. 관련 거래자들은 해당 주장에 따라 향후 수주·공급·실적 추정치를 다시 점검하는 모습이다.",synthetic_misinformation,구글 터보퀀트가 고성능 메모리 처리량을 늘려 삼성전자의 AI용 메모리 주문이 다음 분기부터 확대되는 것으로 확인됐다,"구글 터보퀀트 공개 뒤 메모리 수요 위축 우려로 삼성전자와 SK하이닉스 주가가 하락했지만, 기사에는 AI 성능 경쟁으로 물리 메모리 수요가 줄지 않을 수 있다는 반론도 함께 제시됐다.",상반된 근거와 미확정 상태를 제외하고 단일 신호를 전체 결론으로 일반화한다.,"base, selected",True,sell,20
simulation_20260715_000826_158697_23249,2026-03-27,39,am,A017,2,news_20260327_종목_699a647b,phasefake_20260327_M03_B,"구글 터보퀀트, 삼성전자 AI용 메모리 주문 확대 확인설","구글 터보퀀트와 메모리 수요 논쟁의 긍정적 또는 부정적 단서만 부각되면서, 구글 터보퀀트가 고성능 메모리 처리량을 늘려 삼성전자의 AI용 메모리 주문이 다음 분기부터 확대되는 것으로 확인됐다는 해석이 제기되고 있다. 시장에서는 관련 수주·공급·실적 기대가 개선될 수 있다는 해석이 제기되고 있다. 관련 거래자들은 해당 주장에 따라 향후 수주·공급·실적 추정치를 다시 점검하는 모습이다.",synthetic_misinformation,구글 터보퀀트가 고성능 메모리 처리량을 늘려 삼성전자의 AI용 메모리 주문이 다음 분기부터 확대되는 것으로 확인됐다,"구글 터보퀀트 공개 뒤 메모리 수요 위축 우려로 삼성전자와 SK하이닉스 주가가 하락했지만, 기사에는 AI 성능 경쟁으로 물리 메모리 수요가 줄지 않을 수 있다는 반론도 함께 제시됐다.",상반된 근거와 미확정 상태를 제외하고 단일 신호를 전체 결론으로 일반화한다.,"base, read, search, selected",True,buy,100
simulation_20260715_000826_158697_23249,2026-03-27,39,am,A020,2,news_20260327_종목_699a647b,phasefake_20260327_M03_B,"구글 터보퀀트, 삼성전자 AI용 메모리 주문 확대 확인설","구글 터보퀀트와 메모리 수요 논쟁의 긍정적 또는 부정적 단서만 부각되면서, 구글 터보퀀트가 고성능 메모리 처리량을 늘려 삼성전자의 AI용 메모리 주문이 다음 분기부터 확대되는 것으로 확인됐다는 해석이 제기되고 있다. 시장에서는 관련 수주·공급·실적 기대가 개선될 수 있다는 해석이 제기되고 있다. 관련 거래자들은 해당 주장에 따라 향후 수주·공급·실적 추정치를 다시 점검하는 모습이다.",synthetic_misinformation,구글 터보퀀트가 고성능 메모리 처리량을 늘려 삼성전자의 AI용 메모리 주문이 다음 분기부터 확대되는 것으로 확인됐다,"구글 터보퀀트 공개 뒤 메모리 수요 위축 우려로 삼성전자와 SK하이닉스 주가가 하락했지만, 기사에는 AI 성능 경쟁으로 물리 메모리 수요가 줄지 않을 수 있다는 반론도 함께 제시됐다.",상반된 근거와 미확정 상태를 제외하고 단일 신호를 전체 결론으로 일반화한다.,"base, read, search, selected",True,sell,1
simulation_20260715_000826_158697_23249,2026-03-27,39,am,A019,1,news_20260327_종목_699a647b,phasefake_20260327_M03_B,"구글 터보퀀트, 삼성전자 AI용 메모리 주문 확대 확인설","구글 터보퀀트와 메모리 수요 논쟁의 긍정적 또는 부정적 단서만 부각되면서, 구글 터보퀀트가 고성능 메모리 처리량을 늘려 삼성전자의 AI용 메모리 주문이 다음 분기부터 확대되는 것으로 확인됐다는 해석이 제기되고 있다. 시장에서는 관련 수주·공급·실적 기대가 개선될 수 있다는 해석이 제기되고 있다. 관련 거래자들은 해당 주장에 따라 향후 수주·공급·실적 추정치를 다시 점검하는 모습이다.",synthetic_misinformation,구글 터보퀀트가 고성능 메모리 처리량을 늘려 삼성전자의 AI용 메모리 주문이 다음 분기부터 확대되는 것으로 확인됐다,"구글 터보퀀트 공개 뒤 메모리 수요 위축 우려로 삼성전자와 SK하이닉스 주가가 하락했지만, 기사에는 AI 성능 경쟁으로 물리 메모리 수요가 줄지 않을 수 있다는 반론도 함께 제시됐다.",상반된 근거와 미확정 상태를 제외하고 단일 신호를 전체 결론으로 일반화한다.,"base, read",False,buy,2
simulation_20260715_000826_158697_23249,2026-03-27,39,am,A022,1,news_20260327_종목_699a647b,phasefake_20260327_M03_B,"구글 터보퀀트, 삼성전자 AI용 메모리 주문 확대 확인설","구글 터보퀀트와 메모리 수요 논쟁의 긍정적 또는 부정적 단서만 부각되면서, 구글 터보퀀트가 고성능 메모리 처리량을 늘려 삼성전자의 AI용 메모리 주문이 다음 분기부터 확대되는 것으로 확인됐다는 해석이 제기되고 있다. 시장에서는 관련 수주·공급·실적 기대가 개선될 수 있다는 해석이 제기되고 있다. 관련 거래자들은 해당 주장에 따라 향후 수주·공급·실적 추정치를 다시 점검하는 모습이다.",synthetic_misinformation,구글 터보퀀트가 고성능 메모리 처리량을 늘려 삼성전자의 AI용 메모리 주문이 다음 분기부터 확대되는 것으로 확인됐다,"구글 터보퀀트 공개 뒤 메모리 수요 위축 우려로 삼성전자와 SK하이닉스 주가가 하락했지만, 기사에는 AI 성능 경쟁으로 물리 메모리 수요가 줄지 않을 수 있다는 반론도 함께 제시됐다.",상반된 근거와 미확정 상태를 제외하고 단일 신호를 전체 결론으로 일반화한다.,"base, read, selected",True,buy,2
simulation_20260715_000826_158697_23249,2026-03-27,39,am,A023,0,news_20260327_종목_699a647b,phasefake_20260327_M03_B,"구글 터보퀀트, 삼성전자 AI용 메모리 주문 확대 확인설","구글 터보퀀트와 메모리 수요 논쟁의 긍정적 또는 부정적 단서만 부각되면서, 구글 터보퀀트가 고성능 메모리 처리량을 늘려 삼성전자의 AI용 메모리 주문이 다음 분기부터 확대되는 것으로 확인됐다는 해석이 제기되고 있다. 시장에서는 관련 수주·공급·실적 기대가 개선될 수 있다는 해석이 제기되고 있다. 관련 거래자들은 해당 주장에 따라 향후 수주·공급·실적 추정치를 다시 점검하는 모습이다.",synthetic_misinformation,구글 터보퀀트가 고성능 메모리 처리량을 늘려 삼성전자의 AI용 메모리 주문이 다음 분기부터 확대되는 것으로 확인됐다,"구글 터보퀀트 공개 뒤 메모리 수요 위축 우려로 삼성전자와 SK하이닉스 주가가 하락했지만, 기사에는 AI 성능 경쟁으로 물리 메모리 수요가 줄지 않을 수 있다는 반론도 함께 제시됐다.",상반된 근거와 미확정 상태를 제외하고 단일 신호를 전체 결론으로 일반화한다.,"base, selected",True,buy,1
simulation_20260715_000826_158697_23249,2026-03-27,39,am,A024,0,news_20260327_종목_699a647b,phasefake_20260327_M03_B,"구글 터보퀀트, 삼성전자 AI용 메모리 주문 확대 확인설","구글 터보퀀트와 메모리 수요 논쟁의 긍정적 또는 부정적 단서만 부각되면서, 구글 터보퀀트가 고성능 메모리 처리량을 늘려 삼성전자의 AI용 메모리 주문이 다음 분기부터 확대되는 것으로 확인됐다는 해석이 제기되고 있다. 시장에서는 관련 수주·공급·실적 기대가 개선될 수 있다는 해석이 제기되고 있다. 관련 거래자들은 해당 주장에 따라 향후 수주·공급·실적 추정치를 다시 점검하는 모습이다.",synthetic_misinformation,구글 터보퀀트가 고성능 메모리 처리량을 늘려 삼성전자의 AI용 메모리 주문이 다음 분기부터 확대되는 것으로 확인됐다,"구글 터보퀀트 공개 뒤 메모리 수요 위축 우려로 삼성전자와 SK하이닉스 주가가 하락했지만, 기사에는 AI 성능 경쟁으로 물리 메모리 수요가 줄지 않을 수 있다는 반론도 함께 제시됐다.",상반된 근거와 미확정 상태를 제외하고 단일 신호를 전체 결론으로 일반화한다.,"base, selected",True,buy,100
simulation_20260715_000826_158697_23249,2026-03-27,39,am,A025,1,news_20260327_종목_699a647b,phasefake_20260327_M03_B,"구글 터보퀀트, 삼성전자 AI용 메모리 주문 확대 확인설","구글 터보퀀트와 메모리 수요 논쟁의 긍정적 또는 부정적 단서만 부각되면서, 구글 터보퀀트가 고성능 메모리 처리량을 늘려 삼성전자의 AI용 메모리 주문이 다음 분기부터 확대되는 것으로 확인됐다는 해석이 제기되고 있다. 시장에서는 관련 수주·공급·실적 기대가 개선될 수 있다는 해석이 제기되고 있다. 관련 거래자들은 해당 주장에 따라 향후 수주·공급·실적 추정치를 다시 점검하는 모습이다.",synthetic_misinformation,구글 터보퀀트가 고성능 메모리 처리량을 늘려 삼성전자의 AI용 메모리 주문이 다음 분기부터 확대되는 것으로 확인됐다,"구글 터보퀀트 공개 뒤 메모리 수요 위축 우려로 삼성전자와 SK하이닉스 주가가 하락했지만, 기사에는 AI 성능 경쟁으로 물리 메모리 수요가 줄지 않을 수 있다는 반론도 함께 제시됐다.",상반된 근거와 미확정 상태를 제외하고 단일 신호를 전체 결론으로 일반화한다.,"base, read, selected",True,buy,50
simulation_20260715_000826_158697_23249,2026-03-27,39,am,A026,1,news_20260327_종목_699a647b,phasefake_20260327_M03_B,"구글 터보퀀트, 삼성전자 AI용 메모리 주문 확대 확인설","구글 터보퀀트와 메모리 수요 논쟁의 긍정적 또는 부정적 단서만 부각되면서, 구글 터보퀀트가 고성능 메모리 처리량을 늘려 삼성전자의 AI용 메모리 주문이 다음 분기부터 확대되는 것으로 확인됐다는 해석이 제기되고 있다. 시장에서는 관련 수주·공급·실적 기대가 개선될 수 있다는 해석이 제기되고 있다. 관련 거래자들은 해당 주장에 따라 향후 수주·공급·실적 추정치를 다시 점검하는 모습이다.",synthetic_misinformation,구글 터보퀀트가 고성능 메모리 처리량을 늘려 삼성전자의 AI용 메모리 주문이 다음 분기부터 확대되는 것으로 확인됐다,"구글 터보퀀트 공개 뒤 메모리 수요 위축 우려로 삼성전자와 SK하이닉스 주가가 하락했지만, 기사에는 AI 성능 경쟁으로 물리 메모리 수요가 줄지 않을 수 있다는 반론도 함께 제시됐다.",상반된 근거와 미확정 상태를 제외하고 단일 신호를 전체 결론으로 일반화한다.,"base, read, selected",True,buy,2
simulation_20260715_000826_158697_23249,2026-03-27,39,am,A027,1,news_20260327_종목_699a647b,phasefake_20260327_M03_B,"구글 터보퀀트, 삼성전자 AI용 메모리 주문 확대 확인설","구글 터보퀀트와 메모리 수요 논쟁의 긍정적 또는 부정적 단서만 부각되면서, 구글 터보퀀트가 고성능 메모리 처리량을 늘려 삼성전자의 AI용 메모리 주문이 다음 분기부터 확대되는 것으로 확인됐다는 해석이 제기되고 있다. 시장에서는 관련 수주·공급·실적 기대가 개선될 수 있다는 해석이 제기되고 있다. 관련 거래자들은 해당 주장에 따라 향후 수주·공급·실적 추정치를 다시 점검하는 모습이다.",synthetic_misinformation,구글 터보퀀트가 고성능 메모리 처리량을 늘려 삼성전자의 AI용 메모리 주문이 다음 분기부터 확대되는 것으로 확인됐다,"구글 터보퀀트 공개 뒤 메모리 수요 위축 우려로 삼성전자와 SK하이닉스 주가가 하락했지만, 기사에는 AI 성능 경쟁으로 물리 메모리 수요가 줄지 않을 수 있다는 반론도 함께 제시됐다.",상반된 근거와 미확정 상태를 제외하고 단일 신호를 전체 결론으로 일반화한다.,"base, read, selected",True,sell,200
simulation_20260715_000826_158697_23249,2026-03-27,39,am,A028,0,news_20260327_종목_699a647b,phasefake_20260327_M03_B,"구글 터보퀀트, 삼성전자 AI용 메모리 주문 확대 확인설","구글 터보퀀트와 메모리 수요 논쟁의 긍정적 또는 부정적 단서만 부각되면서, 구글 터보퀀트가 고성능 메모리 처리량을 늘려 삼성전자의 AI용 메모리 주문이 다음 분기부터 확대되는 것으로 확인됐다는 해석이 제기되고 있다. 시장에서는 관련 수주·공급·실적 기대가 개선될 수 있다는 해석이 제기되고 있다. 관련 거래자들은 해당 주장에 따라 향후 수주·공급·실적 추정치를 다시 점검하는 모습이다.",synthetic_misinformation,구글 터보퀀트가 고성능 메모리 처리량을 늘려 삼성전자의 AI용 메모리 주문이 다음 분기부터 확대되는 것으로 확인됐다,"구글 터보퀀트 공개 뒤 메모리 수요 위축 우려로 삼성전자와 SK하이닉스 주가가 하락했지만, 기사에는 AI 성능 경쟁으로 물리 메모리 수요가 줄지 않을 수 있다는 반론도 함께 제시됐다.",상반된 근거와 미확정 상태를 제외하고 단일 신호를 전체 결론으로 일반화한다.,"base, selected",True,buy,3
simulation_20260715_000826_158697_23249,2026-03-27,39,am,A029,0,news_20260327_종목_699a647b,phasefake_20260327_M03_B,"구글 터보퀀트, 삼성전자 AI용 메모리 주문 확대 확인설","구글 터보퀀트와 메모리 수요 논쟁의 긍정적 또는 부정적 단서만 부각되면서, 구글 터보퀀트가 고성능 메모리 처리량을 늘려 삼성전자의 AI용 메모리 주문이 다음 분기부터 확대되는 것으로 확인됐다는 해석이 제기되고 있다. 시장에서는 관련 수주·공급·실적 기대가 개선될 수 있다는 해석이 제기되고 있다. 관련 거래자들은 해당 주장에 따라 향후 수주·공급·실적 추정치를 다시 점검하는 모습이다.",synthetic_misinformation,구글 터보퀀트가 고성능 메모리 처리량을 늘려 삼성전자의 AI용 메모리 주문이 다음 분기부터 확대되는 것으로 확인됐다,"구글 터보퀀트 공개 뒤 메모리 수요 위축 우려로 삼성전자와 SK하이닉스 주가가 하락했지만, 기사에는 AI 성능 경쟁으로 물리 메모리 수요가 줄지 않을 수 있다는 반론도 함께 제시됐다.",상반된 근거와 미확정 상태를 제외하고 단일 신호를 전체 결론으로 일반화한다.,"base, selected",True,buy,1
simulation_20260715_000826_158697_23249,2026-03-27,39,am,A030,0,news_20260327_종목_699a647b,phasefake_20260327_M03_B,"구글 터보퀀트, 삼성전자 AI용 메모리 주문 확대 확인설","구글 터보퀀트와 메모리 수요 논쟁의 긍정적 또는 부정적 단서만 부각되면서, 구글 터보퀀트가 고성능 메모리 처리량을 늘려 삼성전자의 AI용 메모리 주문이 다음 분기부터 확대되는 것으로 확인됐다는 해석이 제기되고 있다. 시장에서는 관련 수주·공급·실적 기대가 개선될 수 있다는 해석이 제기되고 있다. 관련 거래자들은 해당 주장에 따라 향후 수주·공급·실적 추정치를 다시 점검하는 모습이다.",synthetic_misinformation,구글 터보퀀트가 고성능 메모리 처리량을 늘려 삼성전자의 AI용 메모리 주문이 다음 분기부터 확대되는 것으로 확인됐다,"구글 터보퀀트 공개 뒤 메모리 수요 위축 우려로 삼성전자와 SK하이닉스 주가가 하락했지만, 기사에는 AI 성능 경쟁으로 물리 메모리 수요가 줄지 않을 수 있다는 반론도 함께 제시됐다.",상반된 근거와 미확정 상태를 제외하고 단일 신호를 전체 결론으로 일반화한다.,"base, selected",True,sell,10
simulation_20260715_000826_158697_23249,2026-03-30,41,am,A001,1,news_20260330_종목_42f7bbb7,phasefake_20260330_M03_B,"구글 터보퀀트와 메모리 수요 논쟁, 구글 터보퀀트가 고성능 메모리 처리량을 늘려 삼성전자의 AI용 메모리 주문이 다음 분기부터 확대되는 것으로 확인됐다는 내용이 후속 협의에서도 재확인됐다 재확인 관측…후속 협의 주목","구글 터보퀀트와 메모리 수요 논쟁의 한쪽 신호만 부각되면서, 구글 터보퀀트가 고성능 메모리 처리량을 늘려 삼성전자의 AI용 메모리 주문이 다음 분기부터 확대되는 것으로 확인됐다는 내용이 후속 협의에서도 재확인됐다는 해석이 확산되고 있다. 시장에서는 관련 수주·공급·실적 기대가 개선될 수 있다는 해석이 제기되고 있다. 관련 거래자들은 해당 주장에 따라 향후 수주·공급·실적 추정치를 다시 점검하는 모습이다.",synthetic_misinformation,구글 터보퀀트가 고성능 메모리 처리량을 늘려 삼성전자의 AI용 메모리 주문이 다음 분기부터 확대되는 것으로 확인됐다는 내용이 후속 협의에서도 재확인됐다,"구글 터보퀀트 공개 뒤 메모리 수요 위축 우려로 삼성전자와 SK하이닉스 주가가 하락했지만, 기사에는 AI 성능 경쟁으로 물리 메모리 수요가 줄지 않을 수 있다는 반론도 함께 제시됐다.",상반된 근거와 미확정 상태를 제외하고 단일 신호를 전체 결론으로 일반화한다.,"base, read",False,buy,2
simulation_20260715_000826_158697_23249,2026-03-30,41,am,A002,0,news_20260330_종목_42f7bbb7,phasefake_20260330_M03_B,"구글 터보퀀트와 메모리 수요 논쟁, 구글 터보퀀트가 고성능 메모리 처리량을 늘려 삼성전자의 AI용 메모리 주문이 다음 분기부터 확대되는 것으로 확인됐다는 내용이 후속 협의에서도 재확인됐다 재확인 관측…후속 협의 주목","구글 터보퀀트와 메모리 수요 논쟁의 한쪽 신호만 부각되면서, 구글 터보퀀트가 고성능 메모리 처리량을 늘려 삼성전자의 AI용 메모리 주문이 다음 분기부터 확대되는 것으로 확인됐다는 내용이 후속 협의에서도 재확인됐다는 해석이 확산되고 있다. 시장에서는 관련 수주·공급·실적 기대가 개선될 수 있다는 해석이 제기되고 있다. 관련 거래자들은 해당 주장에 따라 향후 수주·공급·실적 추정치를 다시 점검하는 모습이다.",synthetic_misinformation,구글 터보퀀트가 고성능 메모리 처리량을 늘려 삼성전자의 AI용 메모리 주문이 다음 분기부터 확대되는 것으로 확인됐다는 내용이 후속 협의에서도 재확인됐다,"구글 터보퀀트 공개 뒤 메모리 수요 위축 우려로 삼성전자와 SK하이닉스 주가가 하락했지만, 기사에는 AI 성능 경쟁으로 물리 메모리 수요가 줄지 않을 수 있다는 반론도 함께 제시됐다.",상반된 근거와 미확정 상태를 제외하고 단일 신호를 전체 결론으로 일반화한다.,"base, selected",True,sell,100
simulation_20260715_000826_158697_23249,2026-03-30,41,am,A004,1,news_20260330_종목_42f7bbb7,phasefake_20260330_M03_B,"구글 터보퀀트와 메모리 수요 논쟁, 구글 터보퀀트가 고성능 메모리 처리량을 늘려 삼성전자의 AI용 메모리 주문이 다음 분기부터 확대되는 것으로 확인됐다는 내용이 후속 협의에서도 재확인됐다 재확인 관측…후속 협의 주목","구글 터보퀀트와 메모리 수요 논쟁의 한쪽 신호만 부각되면서, 구글 터보퀀트가 고성능 메모리 처리량을 늘려 삼성전자의 AI용 메모리 주문이 다음 분기부터 확대되는 것으로 확인됐다는 내용이 후속 협의에서도 재확인됐다는 해석이 확산되고 있다. 시장에서는 관련 수주·공급·실적 기대가 개선될 수 있다는 해석이 제기되고 있다. 관련 거래자들은 해당 주장에 따라 향후 수주·공급·실적 추정치를 다시 점검하는 모습이다.",synthetic_misinformation,구글 터보퀀트가 고성능 메모리 처리량을 늘려 삼성전자의 AI용 메모리 주문이 다음 분기부터 확대되는 것으로 확인됐다는 내용이 후속 협의에서도 재확인됐다,"구글 터보퀀트 공개 뒤 메모리 수요 위축 우려로 삼성전자와 SK하이닉스 주가가 하락했지만, 기사에는 AI 성능 경쟁으로 물리 메모리 수요가 줄지 않을 수 있다는 반론도 함께 제시됐다.",상반된 근거와 미확정 상태를 제외하고 단일 신호를 전체 결론으로 일반화한다.,"base, read, selected",True,buy,115
simulation_20260715_000826_158697_23249,2026-03-30,41,am,A003,1,news_20260330_종목_42f7bbb7,phasefake_20260330_M03_B,"구글 터보퀀트와 메모리 수요 논쟁, 구글 터보퀀트가 고성능 메모리 처리량을 늘려 삼성전자의 AI용 메모리 주문이 다음 분기부터 확대되는 것으로 확인됐다는 내용이 후속 협의에서도 재확인됐다 재확인 관측…후속 협의 주목","구글 터보퀀트와 메모리 수요 논쟁의 한쪽 신호만 부각되면서, 구글 터보퀀트가 고성능 메모리 처리량을 늘려 삼성전자의 AI용 메모리 주문이 다음 분기부터 확대되는 것으로 확인됐다는 내용이 후속 협의에서도 재확인됐다는 해석이 확산되고 있다. 시장에서는 관련 수주·공급·실적 기대가 개선될 수 있다는 해석이 제기되고 있다. 관련 거래자들은 해당 주장에 따라 향후 수주·공급·실적 추정치를 다시 점검하는 모습이다.",synthetic_misinformation,구글 터보퀀트가 고성능 메모리 처리량을 늘려 삼성전자의 AI용 메모리 주문이 다음 분기부터 확대되는 것으로 확인됐다는 내용이 후속 협의에서도 재확인됐다,"구글 터보퀀트 공개 뒤 메모리 수요 위축 우려로 삼성전자와 SK하이닉스 주가가 하락했지만, 기사에는 AI 성능 경쟁으로 물리 메모리 수요가 줄지 않을 수 있다는 반론도 함께 제시됐다.",상반된 근거와 미확정 상태를 제외하고 단일 신호를 전체 결론으로 일반화한다.,"base, read, selected",True,sell,100
simulation_20260715_000826_158697_23249,2026-03-30,41,am,A006,1,news_20260330_종목_42f7bbb7,phasefake_20260330_M03_B,"구글 터보퀀트와 메모리 수요 논쟁, 구글 터보퀀트가 고성능 메모리 처리량을 늘려 삼성전자의 AI용 메모리 주문이 다음 분기부터 확대되는 것으로 확인됐다는 내용이 후속 협의에서도 재확인됐다 재확인 관측…후속 협의 주목","구글 터보퀀트와 메모리 수요 논쟁의 한쪽 신호만 부각되면서, 구글 터보퀀트가 고성능 메모리 처리량을 늘려 삼성전자의 AI용 메모리 주문이 다음 분기부터 확대되는 것으로 확인됐다는 내용이 후속 협의에서도 재확인됐다는 해석이 확산되고 있다. 시장에서는 관련 수주·공급·실적 기대가 개선될 수 있다는 해석이 제기되고 있다. 관련 거래자들은 해당 주장에 따라 향후 수주·공급·실적 추정치를 다시 점검하는 모습이다.",synthetic_misinformation,구글 터보퀀트가 고성능 메모리 처리량을 늘려 삼성전자의 AI용 메모리 주문이 다음 분기부터 확대되는 것으로 확인됐다는 내용이 후속 협의에서도 재확인됐다,"구글 터보퀀트 공개 뒤 메모리 수요 위축 우려로 삼성전자와 SK하이닉스 주가가 하락했지만, 기사에는 AI 성능 경쟁으로 물리 메모리 수요가 줄지 않을 수 있다는 반론도 함께 제시됐다.",상반된 근거와 미확정 상태를 제외하고 단일 신호를 전체 결론으로 일반화한다.,"base, read, selected",True,sell,1
simulation_20260715_000826_158697_23249,2026-03-30,41,am,A005,1,news_20260330_종목_42f7bbb7,phasefake_20260330_M03_B,"구글 터보퀀트와 메모리 수요 논쟁, 구글 터보퀀트가 고성능 메모리 처리량을 늘려 삼성전자의 AI용 메모리 주문이 다음 분기부터 확대되는 것으로 확인됐다는 내용이 후속 협의에서도 재확인됐다 재확인 관측…후속 협의 주목","구글 터보퀀트와 메모리 수요 논쟁의 한쪽 신호만 부각되면서, 구글 터보퀀트가 고성능 메모리 처리량을 늘려 삼성전자의 AI용 메모리 주문이 다음 분기부터 확대되는 것으로 확인됐다는 내용이 후속 협의에서도 재확인됐다는 해석이 확산되고 있다. 시장에서는 관련 수주·공급·실적 기대가 개선될 수 있다는 해석이 제기되고 있다. 관련 거래자들은 해당 주장에 따라 향후 수주·공급·실적 추정치를 다시 점검하는 모습이다.",synthetic_misinformation,구글 터보퀀트가 고성능 메모리 처리량을 늘려 삼성전자의 AI용 메모리 주문이 다음 분기부터 확대되는 것으로 확인됐다는 내용이 후속 협의에서도 재확인됐다,"구글 터보퀀트 공개 뒤 메모리 수요 위축 우려로 삼성전자와 SK하이닉스 주가가 하락했지만, 기사에는 AI 성능 경쟁으로 물리 메모리 수요가 줄지 않을 수 있다는 반론도 함께 제시됐다.",상반된 근거와 미확정 상태를 제외하고 단일 신호를 전체 결론으로 일반화한다.,"base, read, selected",True,sell,1
simulation_20260715_000826_158697_23249,2026-03-30,41,am,A008,1,news_20260330_종목_42f7bbb7,phasefake_20260330_M03_B,"구글 터보퀀트와 메모리 수요 논쟁, 구글 터보퀀트가 고성능 메모리 처리량을 늘려 삼성전자의 AI용 메모리 주문이 다음 분기부터 확대되는 것으로 확인됐다는 내용이 후속 협의에서도 재확인됐다 재확인 관측…후속 협의 주목","구글 터보퀀트와 메모리 수요 논쟁의 한쪽 신호만 부각되면서, 구글 터보퀀트가 고성능 메모리 처리량을 늘려 삼성전자의 AI용 메모리 주문이 다음 분기부터 확대되는 것으로 확인됐다는 내용이 후속 협의에서도 재확인됐다는 해석이 확산되고 있다. 시장에서는 관련 수주·공급·실적 기대가 개선될 수 있다는 해석이 제기되고 있다. 관련 거래자들은 해당 주장에 따라 향후 수주·공급·실적 추정치를 다시 점검하는 모습이다.",synthetic_misinformation,구글 터보퀀트가 고성능 메모리 처리량을 늘려 삼성전자의 AI용 메모리 주문이 다음 분기부터 확대되는 것으로 확인됐다는 내용이 후속 협의에서도 재확인됐다,"구글 터보퀀트 공개 뒤 메모리 수요 위축 우려로 삼성전자와 SK하이닉스 주가가 하락했지만, 기사에는 AI 성능 경쟁으로 물리 메모리 수요가 줄지 않을 수 있다는 반론도 함께 제시됐다.",상반된 근거와 미확정 상태를 제외하고 단일 신호를 전체 결론으로 일반화한다.,"base, read, selected",True,sell,100
simulation_20260715_000826_158697_23249,2026-03-30,41,am,A007,2,news_20260330_종목_42f7bbb7,phasefake_20260330_M03_B,"구글 터보퀀트와 메모리 수요 논쟁, 구글 터보퀀트가 고성능 메모리 처리량을 늘려 삼성전자의 AI용 메모리 주문이 다음 분기부터 확대되는 것으로 확인됐다는 내용이 후속 협의에서도 재확인됐다 재확인 관측…후속 협의 주목","구글 터보퀀트와 메모리 수요 논쟁의 한쪽 신호만 부각되면서, 구글 터보퀀트가 고성능 메모리 처리량을 늘려 삼성전자의 AI용 메모리 주문이 다음 분기부터 확대되는 것으로 확인됐다는 내용이 후속 협의에서도 재확인됐다는 해석이 확산되고 있다. 시장에서는 관련 수주·공급·실적 기대가 개선될 수 있다는 해석이 제기되고 있다. 관련 거래자들은 해당 주장에 따라 향후 수주·공급·실적 추정치를 다시 점검하는 모습이다.",synthetic_misinformation,구글 터보퀀트가 고성능 메모리 처리량을 늘려 삼성전자의 AI용 메모리 주문이 다음 분기부터 확대되는 것으로 확인됐다는 내용이 후속 협의에서도 재확인됐다,"구글 터보퀀트 공개 뒤 메모리 수요 위축 우려로 삼성전자와 SK하이닉스 주가가 하락했지만, 기사에는 AI 성능 경쟁으로 물리 메모리 수요가 줄지 않을 수 있다는 반론도 함께 제시됐다.",상반된 근거와 미확정 상태를 제외하고 단일 신호를 전체 결론으로 일반화한다.,"base, read, search, selected",True,buy,50
simulation_20260715_000826_158697_23249,2026-03-30,41,am,A011,1,news_20260330_종목_42f7bbb7,phasefake_20260330_M03_B,"구글 터보퀀트와 메모리 수요 논쟁, 구글 터보퀀트가 고성능 메모리 처리량을 늘려 삼성전자의 AI용 메모리 주문이 다음 분기부터 확대되는 것으로 확인됐다는 내용이 후속 협의에서도 재확인됐다 재확인 관측…후속 협의 주목","구글 터보퀀트와 메모리 수요 논쟁의 한쪽 신호만 부각되면서, 구글 터보퀀트가 고성능 메모리 처리량을 늘려 삼성전자의 AI용 메모리 주문이 다음 분기부터 확대되는 것으로 확인됐다는 내용이 후속 협의에서도 재확인됐다는 해석이 확산되고 있다. 시장에서는 관련 수주·공급·실적 기대가 개선될 수 있다는 해석이 제기되고 있다. 관련 거래자들은 해당 주장에 따라 향후 수주·공급·실적 추정치를 다시 점검하는 모습이다.",synthetic_misinformation,구글 터보퀀트가 고성능 메모리 처리량을 늘려 삼성전자의 AI용 메모리 주문이 다음 분기부터 확대되는 것으로 확인됐다는 내용이 후속 협의에서도 재확인됐다,"구글 터보퀀트 공개 뒤 메모리 수요 위축 우려로 삼성전자와 SK하이닉스 주가가 하락했지만, 기사에는 AI 성능 경쟁으로 물리 메모리 수요가 줄지 않을 수 있다는 반론도 함께 제시됐다.",상반된 근거와 미확정 상태를 제외하고 단일 신호를 전체 결론으로 일반화한다.,"base, read, selected",True,buy,150
simulation_20260715_000826_158697_23249,2026-03-30,41,am,A010,1,news_20260330_종목_42f7bbb7,phasefake_20260330_M03_B,"구글 터보퀀트와 메모리 수요 논쟁, 구글 터보퀀트가 고성능 메모리 처리량을 늘려 삼성전자의 AI용 메모리 주문이 다음 분기부터 확대되는 것으로 확인됐다는 내용이 후속 협의에서도 재확인됐다 재확인 관측…후속 협의 주목","구글 터보퀀트와 메모리 수요 논쟁의 한쪽 신호만 부각되면서, 구글 터보퀀트가 고성능 메모리 처리량을 늘려 삼성전자의 AI용 메모리 주문이 다음 분기부터 확대되는 것으로 확인됐다는 내용이 후속 협의에서도 재확인됐다는 해석이 확산되고 있다. 시장에서는 관련 수주·공급·실적 기대가 개선될 수 있다는 해석이 제기되고 있다. 관련 거래자들은 해당 주장에 따라 향후 수주·공급·실적 추정치를 다시 점검하는 모습이다.",synthetic_misinformation,구글 터보퀀트가 고성능 메모리 처리량을 늘려 삼성전자의 AI용 메모리 주문이 다음 분기부터 확대되는 것으로 확인됐다는 내용이 후속 협의에서도 재확인됐다,"구글 터보퀀트 공개 뒤 메모리 수요 위축 우려로 삼성전자와 SK하이닉스 주가가 하락했지만, 기사에는 AI 성능 경쟁으로 물리 메모리 수요가 줄지 않을 수 있다는 반론도 함께 제시됐다.",상반된 근거와 미확정 상태를 제외하고 단일 신호를 전체 결론으로 일반화한다.,"base, read, selected",True,buy,16
simulation_20260715_000826_158697_23249,2026-03-30,41,am,A009,0,news_20260330_종목_42f7bbb7,phasefake_20260330_M03_B,"구글 터보퀀트와 메모리 수요 논쟁, 구글 터보퀀트가 고성능 메모리 처리량을 늘려 삼성전자의 AI용 메모리 주문이 다음 분기부터 확대되는 것으로 확인됐다는 내용이 후속 협의에서도 재확인됐다 재확인 관측…후속 협의 주목","구글 터보퀀트와 메모리 수요 논쟁의 한쪽 신호만 부각되면서, 구글 터보퀀트가 고성능 메모리 처리량을 늘려 삼성전자의 AI용 메모리 주문이 다음 분기부터 확대되는 것으로 확인됐다는 내용이 후속 협의에서도 재확인됐다는 해석이 확산되고 있다. 시장에서는 관련 수주·공급·실적 기대가 개선될 수 있다는 해석이 제기되고 있다. 관련 거래자들은 해당 주장에 따라 향후 수주·공급·실적 추정치를 다시 점검하는 모습이다.",synthetic_misinformation,구글 터보퀀트가 고성능 메모리 처리량을 늘려 삼성전자의 AI용 메모리 주문이 다음 분기부터 확대되는 것으로 확인됐다는 내용이 후속 협의에서도 재확인됐다,"구글 터보퀀트 공개 뒤 메모리 수요 위축 우려로 삼성전자와 SK하이닉스 주가가 하락했지만, 기사에는 AI 성능 경쟁으로 물리 메모리 수요가 줄지 않을 수 있다는 반론도 함께 제시됐다.",상반된 근거와 미확정 상태를 제외하고 단일 신호를 전체 결론으로 일반화한다.,"base, selected",True,buy,100
simulation_20260715_000826_158697_23249,2026-03-30,41,am,A012,1,news_20260330_종목_42f7bbb7,phasefake_20260330_M03_B,"구글 터보퀀트와 메모리 수요 논쟁, 구글 터보퀀트가 고성능 메모리 처리량을 늘려 삼성전자의 AI용 메모리 주문이 다음 분기부터 확대되는 것으로 확인됐다는 내용이 후속 협의에서도 재확인됐다 재확인 관측…후속 협의 주목","구글 터보퀀트와 메모리 수요 논쟁의 한쪽 신호만 부각되면서, 구글 터보퀀트가 고성능 메모리 처리량을 늘려 삼성전자의 AI용 메모리 주문이 다음 분기부터 확대되는 것으로 확인됐다는 내용이 후속 협의에서도 재확인됐다는 해석이 확산되고 있다. 시장에서는 관련 수주·공급·실적 기대가 개선될 수 있다는 해석이 제기되고 있다. 관련 거래자들은 해당 주장에 따라 향후 수주·공급·실적 추정치를 다시 점검하는 모습이다.",synthetic_misinformation,구글 터보퀀트가 고성능 메모리 처리량을 늘려 삼성전자의 AI용 메모리 주문이 다음 분기부터 확대되는 것으로 확인됐다는 내용이 후속 협의에서도 재확인됐다,"구글 터보퀀트 공개 뒤 메모리 수요 위축 우려로 삼성전자와 SK하이닉스 주가가 하락했지만, 기사에는 AI 성능 경쟁으로 물리 메모리 수요가 줄지 않을 수 있다는 반론도 함께 제시됐다.",상반된 근거와 미확정 상태를 제외하고 단일 신호를 전체 결론으로 일반화한다.,"base, read, selected",True,buy,36
simulation_20260715_000826_158697_23249,2026-03-30,41,am,A014,1,news_20260330_종목_42f7bbb7,phasefake_20260330_M03_B,"구글 터보퀀트와 메모리 수요 논쟁, 구글 터보퀀트가 고성능 메모리 처리량을 늘려 삼성전자의 AI용 메모리 주문이 다음 분기부터 확대되는 것으로 확인됐다는 내용이 후속 협의에서도 재확인됐다 재확인 관측…후속 협의 주목","구글 터보퀀트와 메모리 수요 논쟁의 한쪽 신호만 부각되면서, 구글 터보퀀트가 고성능 메모리 처리량을 늘려 삼성전자의 AI용 메모리 주문이 다음 분기부터 확대되는 것으로 확인됐다는 내용이 후속 협의에서도 재확인됐다는 해석이 확산되고 있다. 시장에서는 관련 수주·공급·실적 기대가 개선될 수 있다는 해석이 제기되고 있다. 관련 거래자들은 해당 주장에 따라 향후 수주·공급·실적 추정치를 다시 점검하는 모습이다.",synthetic_misinformation,구글 터보퀀트가 고성능 메모리 처리량을 늘려 삼성전자의 AI용 메모리 주문이 다음 분기부터 확대되는 것으로 확인됐다는 내용이 후속 협의에서도 재확인됐다,"구글 터보퀀트 공개 뒤 메모리 수요 위축 우려로 삼성전자와 SK하이닉스 주가가 하락했지만, 기사에는 AI 성능 경쟁으로 물리 메모리 수요가 줄지 않을 수 있다는 반론도 함께 제시됐다.",상반된 근거와 미확정 상태를 제외하고 단일 신호를 전체 결론으로 일반화한다.,"base, read, selected",True,sell,99
simulation_20260715_000826_158697_23249,2026-03-30,41,am,A013,1,news_20260330_종목_42f7bbb7,phasefake_20260330_M03_B,"구글 터보퀀트와 메모리 수요 논쟁, 구글 터보퀀트가 고성능 메모리 처리량을 늘려 삼성전자의 AI용 메모리 주문이 다음 분기부터 확대되는 것으로 확인됐다는 내용이 후속 협의에서도 재확인됐다 재확인 관측…후속 협의 주목","구글 터보퀀트와 메모리 수요 논쟁의 한쪽 신호만 부각되면서, 구글 터보퀀트가 고성능 메모리 처리량을 늘려 삼성전자의 AI용 메모리 주문이 다음 분기부터 확대되는 것으로 확인됐다는 내용이 후속 협의에서도 재확인됐다는 해석이 확산되고 있다. 시장에서는 관련 수주·공급·실적 기대가 개선될 수 있다는 해석이 제기되고 있다. 관련 거래자들은 해당 주장에 따라 향후 수주·공급·실적 추정치를 다시 점검하는 모습이다.",synthetic_misinformation,구글 터보퀀트가 고성능 메모리 처리량을 늘려 삼성전자의 AI용 메모리 주문이 다음 분기부터 확대되는 것으로 확인됐다는 내용이 후속 협의에서도 재확인됐다,"구글 터보퀀트 공개 뒤 메모리 수요 위축 우려로 삼성전자와 SK하이닉스 주가가 하락했지만, 기사에는 AI 성능 경쟁으로 물리 메모리 수요가 줄지 않을 수 있다는 반론도 함께 제시됐다.",상반된 근거와 미확정 상태를 제외하고 단일 신호를 전체 결론으로 일반화한다.,"base, read, selected",True,buy,57
simulation_20260715_000826_158697_23249,2026-03-30,41,am,A015,2,news_20260330_종목_42f7bbb7,phasefake_20260330_M03_B,"구글 터보퀀트와 메모리 수요 논쟁, 구글 터보퀀트가 고성능 메모리 처리량을 늘려 삼성전자의 AI용 메모리 주문이 다음 분기부터 확대되는 것으로 확인됐다는 내용이 후속 협의에서도 재확인됐다 재확인 관측…후속 협의 주목","구글 터보퀀트와 메모리 수요 논쟁의 한쪽 신호만 부각되면서, 구글 터보퀀트가 고성능 메모리 처리량을 늘려 삼성전자의 AI용 메모리 주문이 다음 분기부터 확대되는 것으로 확인됐다는 내용이 후속 협의에서도 재확인됐다는 해석이 확산되고 있다. 시장에서는 관련 수주·공급·실적 기대가 개선될 수 있다는 해석이 제기되고 있다. 관련 거래자들은 해당 주장에 따라 향후 수주·공급·실적 추정치를 다시 점검하는 모습이다.",synthetic_misinformation,구글 터보퀀트가 고성능 메모리 처리량을 늘려 삼성전자의 AI용 메모리 주문이 다음 분기부터 확대되는 것으로 확인됐다는 내용이 후속 협의에서도 재확인됐다,"구글 터보퀀트 공개 뒤 메모리 수요 위축 우려로 삼성전자와 SK하이닉스 주가가 하락했지만, 기사에는 AI 성능 경쟁으로 물리 메모리 수요가 줄지 않을 수 있다는 반론도 함께 제시됐다.",상반된 근거와 미확정 상태를 제외하고 단일 신호를 전체 결론으로 일반화한다.,"base, read, search, selected",True,sell,1
simulation_20260715_000826_158697_23249,2026-03-30,41,am,A019,1,news_20260330_종목_42f7bbb7,phasefake_20260330_M03_B,"구글 터보퀀트와 메모리 수요 논쟁, 구글 터보퀀트가 고성능 메모리 처리량을 늘려 삼성전자의 AI용 메모리 주문이 다음 분기부터 확대되는 것으로 확인됐다는 내용이 후속 협의에서도 재확인됐다 재확인 관측…후속 협의 주목","구글 터보퀀트와 메모리 수요 논쟁의 한쪽 신호만 부각되면서, 구글 터보퀀트가 고성능 메모리 처리량을 늘려 삼성전자의 AI용 메모리 주문이 다음 분기부터 확대되는 것으로 확인됐다는 내용이 후속 협의에서도 재확인됐다는 해석이 확산되고 있다. 시장에서는 관련 수주·공급·실적 기대가 개선될 수 있다는 해석이 제기되고 있다. 관련 거래자들은 해당 주장에 따라 향후 수주·공급·실적 추정치를 다시 점검하는 모습이다.",synthetic_misinformation,구글 터보퀀트가 고성능 메모리 처리량을 늘려 삼성전자의 AI용 메모리 주문이 다음 분기부터 확대되는 것으로 확인됐다는 내용이 후속 협의에서도 재확인됐다,"구글 터보퀀트 공개 뒤 메모리 수요 위축 우려로 삼성전자와 SK하이닉스 주가가 하락했지만, 기사에는 AI 성능 경쟁으로 물리 메모리 수요가 줄지 않을 수 있다는 반론도 함께 제시됐다.",상반된 근거와 미확정 상태를 제외하고 단일 신호를 전체 결론으로 일반화한다.,"base, read, selected",True,buy,1
simulation_20260715_000826_158697_23249,2026-03-30,41,am,A018,0,news_20260330_종목_42f7bbb7,phasefake_20260330_M03_B,"구글 터보퀀트와 메모리 수요 논쟁, 구글 터보퀀트가 고성능 메모리 처리량을 늘려 삼성전자의 AI용 메모리 주문이 다음 분기부터 확대되는 것으로 확인됐다는 내용이 후속 협의에서도 재확인됐다 재확인 관측…후속 협의 주목","구글 터보퀀트와 메모리 수요 논쟁의 한쪽 신호만 부각되면서, 구글 터보퀀트가 고성능 메모리 처리량을 늘려 삼성전자의 AI용 메모리 주문이 다음 분기부터 확대되는 것으로 확인됐다는 내용이 후속 협의에서도 재확인됐다는 해석이 확산되고 있다. 시장에서는 관련 수주·공급·실적 기대가 개선될 수 있다는 해석이 제기되고 있다. 관련 거래자들은 해당 주장에 따라 향후 수주·공급·실적 추정치를 다시 점검하는 모습이다.",synthetic_misinformation,구글 터보퀀트가 고성능 메모리 처리량을 늘려 삼성전자의 AI용 메모리 주문이 다음 분기부터 확대되는 것으로 확인됐다는 내용이 후속 협의에서도 재확인됐다,"구글 터보퀀트 공개 뒤 메모리 수요 위축 우려로 삼성전자와 SK하이닉스 주가가 하락했지만, 기사에는 AI 성능 경쟁으로 물리 메모리 수요가 줄지 않을 수 있다는 반론도 함께 제시됐다.",상반된 근거와 미확정 상태를 제외하고 단일 신호를 전체 결론으로 일반화한다.,"base, selected",True,buy,1
simulation_20260715_000826_158697_23249,2026-03-30,41,am,A016,0,news_20260330_종목_42f7bbb7,phasefake_20260330_M03_B,"구글 터보퀀트와 메모리 수요 논쟁, 구글 터보퀀트가 고성능 메모리 처리량을 늘려 삼성전자의 AI용 메모리 주문이 다음 분기부터 확대되는 것으로 확인됐다는 내용이 후속 협의에서도 재확인됐다 재확인 관측…후속 협의 주목","구글 터보퀀트와 메모리 수요 논쟁의 한쪽 신호만 부각되면서, 구글 터보퀀트가 고성능 메모리 처리량을 늘려 삼성전자의 AI용 메모리 주문이 다음 분기부터 확대되는 것으로 확인됐다는 내용이 후속 협의에서도 재확인됐다는 해석이 확산되고 있다. 시장에서는 관련 수주·공급·실적 기대가 개선될 수 있다는 해석이 제기되고 있다. 관련 거래자들은 해당 주장에 따라 향후 수주·공급·실적 추정치를 다시 점검하는 모습이다.",synthetic_misinformation,구글 터보퀀트가 고성능 메모리 처리량을 늘려 삼성전자의 AI용 메모리 주문이 다음 분기부터 확대되는 것으로 확인됐다는 내용이 후속 협의에서도 재확인됐다,"구글 터보퀀트 공개 뒤 메모리 수요 위축 우려로 삼성전자와 SK하이닉스 주가가 하락했지만, 기사에는 AI 성능 경쟁으로 물리 메모리 수요가 줄지 않을 수 있다는 반론도 함께 제시됐다.",상반된 근거와 미확정 상태를 제외하고 단일 신호를 전체 결론으로 일반화한다.,"base, selected",True,buy,20
simulation_20260715_000826_158697_23249,2026-03-30,41,am,A021,0,news_20260330_종목_42f7bbb7,phasefake_20260330_M03_B,"구글 터보퀀트와 메모리 수요 논쟁, 구글 터보퀀트가 고성능 메모리 처리량을 늘려 삼성전자의 AI용 메모리 주문이 다음 분기부터 확대되는 것으로 확인됐다는 내용이 후속 협의에서도 재확인됐다 재확인 관측…후속 협의 주목","구글 터보퀀트와 메모리 수요 논쟁의 한쪽 신호만 부각되면서, 구글 터보퀀트가 고성능 메모리 처리량을 늘려 삼성전자의 AI용 메모리 주문이 다음 분기부터 확대되는 것으로 확인됐다는 내용이 후속 협의에서도 재확인됐다는 해석이 확산되고 있다. 시장에서는 관련 수주·공급·실적 기대가 개선될 수 있다는 해석이 제기되고 있다. 관련 거래자들은 해당 주장에 따라 향후 수주·공급·실적 추정치를 다시 점검하는 모습이다.",synthetic_misinformation,구글 터보퀀트가 고성능 메모리 처리량을 늘려 삼성전자의 AI용 메모리 주문이 다음 분기부터 확대되는 것으로 확인됐다는 내용이 후속 협의에서도 재확인됐다,"구글 터보퀀트 공개 뒤 메모리 수요 위축 우려로 삼성전자와 SK하이닉스 주가가 하락했지만, 기사에는 AI 성능 경쟁으로 물리 메모리 수요가 줄지 않을 수 있다는 반론도 함께 제시됐다.",상반된 근거와 미확정 상태를 제외하고 단일 신호를 전체 결론으로 일반화한다.,"base, selected",True,sell,20
simulation_20260715_000826_158697_23249,2026-03-30,41,am,A020,2,news_20260330_종목_42f7bbb7,phasefake_20260330_M03_B,"구글 터보퀀트와 메모리 수요 논쟁, 구글 터보퀀트가 고성능 메모리 처리량을 늘려 삼성전자의 AI용 메모리 주문이 다음 분기부터 확대되는 것으로 확인됐다는 내용이 후속 협의에서도 재확인됐다 재확인 관측…후속 협의 주목","구글 터보퀀트와 메모리 수요 논쟁의 한쪽 신호만 부각되면서, 구글 터보퀀트가 고성능 메모리 처리량을 늘려 삼성전자의 AI용 메모리 주문이 다음 분기부터 확대되는 것으로 확인됐다는 내용이 후속 협의에서도 재확인됐다는 해석이 확산되고 있다. 시장에서는 관련 수주·공급·실적 기대가 개선될 수 있다는 해석이 제기되고 있다. 관련 거래자들은 해당 주장에 따라 향후 수주·공급·실적 추정치를 다시 점검하는 모습이다.",synthetic_misinformation,구글 터보퀀트가 고성능 메모리 처리량을 늘려 삼성전자의 AI용 메모리 주문이 다음 분기부터 확대되는 것으로 확인됐다는 내용이 후속 협의에서도 재확인됐다,"구글 터보퀀트 공개 뒤 메모리 수요 위축 우려로 삼성전자와 SK하이닉스 주가가 하락했지만, 기사에는 AI 성능 경쟁으로 물리 메모리 수요가 줄지 않을 수 있다는 반론도 함께 제시됐다.",상반된 근거와 미확정 상태를 제외하고 단일 신호를 전체 결론으로 일반화한다.,"base, read, search, selected",True,buy,3
simulation_20260715_000826_158697_23249,2026-03-30,41,am,A022,1,news_20260330_종목_42f7bbb7,phasefake_20260330_M03_B,"구글 터보퀀트와 메모리 수요 논쟁, 구글 터보퀀트가 고성능 메모리 처리량을 늘려 삼성전자의 AI용 메모리 주문이 다음 분기부터 확대되는 것으로 확인됐다는 내용이 후속 협의에서도 재확인됐다 재확인 관측…후속 협의 주목","구글 터보퀀트와 메모리 수요 논쟁의 한쪽 신호만 부각되면서, 구글 터보퀀트가 고성능 메모리 처리량을 늘려 삼성전자의 AI용 메모리 주문이 다음 분기부터 확대되는 것으로 확인됐다는 내용이 후속 협의에서도 재확인됐다는 해석이 확산되고 있다. 시장에서는 관련 수주·공급·실적 기대가 개선될 수 있다는 해석이 제기되고 있다. 관련 거래자들은 해당 주장에 따라 향후 수주·공급·실적 추정치를 다시 점검하는 모습이다.",synthetic_misinformation,구글 터보퀀트가 고성능 메모리 처리량을 늘려 삼성전자의 AI용 메모리 주문이 다음 분기부터 확대되는 것으로 확인됐다는 내용이 후속 협의에서도 재확인됐다,"구글 터보퀀트 공개 뒤 메모리 수요 위축 우려로 삼성전자와 SK하이닉스 주가가 하락했지만, 기사에는 AI 성능 경쟁으로 물리 메모리 수요가 줄지 않을 수 있다는 반론도 함께 제시됐다.",상반된 근거와 미확정 상태를 제외하고 단일 신호를 전체 결론으로 일반화한다.,"base, read, selected",True,sell,1
simulation_20260715_000826_158697_23249,2026-03-30,41,am,A017,2,news_20260330_종목_42f7bbb7,phasefake_20260330_M03_B,"구글 터보퀀트와 메모리 수요 논쟁, 구글 터보퀀트가 고성능 메모리 처리량을 늘려 삼성전자의 AI용 메모리 주문이 다음 분기부터 확대되는 것으로 확인됐다는 내용이 후속 협의에서도 재확인됐다 재확인 관측…후속 협의 주목","구글 터보퀀트와 메모리 수요 논쟁의 한쪽 신호만 부각되면서, 구글 터보퀀트가 고성능 메모리 처리량을 늘려 삼성전자의 AI용 메모리 주문이 다음 분기부터 확대되는 것으로 확인됐다는 내용이 후속 협의에서도 재확인됐다는 해석이 확산되고 있다. 시장에서는 관련 수주·공급·실적 기대가 개선될 수 있다는 해석이 제기되고 있다. 관련 거래자들은 해당 주장에 따라 향후 수주·공급·실적 추정치를 다시 점검하는 모습이다.",synthetic_misinformation,구글 터보퀀트가 고성능 메모리 처리량을 늘려 삼성전자의 AI용 메모리 주문이 다음 분기부터 확대되는 것으로 확인됐다는 내용이 후속 협의에서도 재확인됐다,"구글 터보퀀트 공개 뒤 메모리 수요 위축 우려로 삼성전자와 SK하이닉스 주가가 하락했지만, 기사에는 AI 성능 경쟁으로 물리 메모리 수요가 줄지 않을 수 있다는 반론도 함께 제시됐다.",상반된 근거와 미확정 상태를 제외하고 단일 신호를 전체 결론으로 일반화한다.,"base, read, search",False,buy,265
simulation_20260715_000826_158697_23249,2026-03-30,41,am,A025,1,news_20260330_종목_42f7bbb7,phasefake_20260330_M03_B,"구글 터보퀀트와 메모리 수요 논쟁, 구글 터보퀀트가 고성능 메모리 처리량을 늘려 삼성전자의 AI용 메모리 주문이 다음 분기부터 확대되는 것으로 확인됐다는 내용이 후속 협의에서도 재확인됐다 재확인 관측…후속 협의 주목","구글 터보퀀트와 메모리 수요 논쟁의 한쪽 신호만 부각되면서, 구글 터보퀀트가 고성능 메모리 처리량을 늘려 삼성전자의 AI용 메모리 주문이 다음 분기부터 확대되는 것으로 확인됐다는 내용이 후속 협의에서도 재확인됐다는 해석이 확산되고 있다. 시장에서는 관련 수주·공급·실적 기대가 개선될 수 있다는 해석이 제기되고 있다. 관련 거래자들은 해당 주장에 따라 향후 수주·공급·실적 추정치를 다시 점검하는 모습이다.",synthetic_misinformation,구글 터보퀀트가 고성능 메모리 처리량을 늘려 삼성전자의 AI용 메모리 주문이 다음 분기부터 확대되는 것으로 확인됐다는 내용이 후속 협의에서도 재확인됐다,"구글 터보퀀트 공개 뒤 메모리 수요 위축 우려로 삼성전자와 SK하이닉스 주가가 하락했지만, 기사에는 AI 성능 경쟁으로 물리 메모리 수요가 줄지 않을 수 있다는 반론도 함께 제시됐다.",상반된 근거와 미확정 상태를 제외하고 단일 신호를 전체 결론으로 일반화한다.,"base, read, selected",True,buy,50
simulation_20260715_000826_158697_23249,2026-03-30,41,am,A026,1,news_20260330_종목_42f7bbb7,phasefake_20260330_M03_B,"구글 터보퀀트와 메모리 수요 논쟁, 구글 터보퀀트가 고성능 메모리 처리량을 늘려 삼성전자의 AI용 메모리 주문이 다음 분기부터 확대되는 것으로 확인됐다는 내용이 후속 협의에서도 재확인됐다 재확인 관측…후속 협의 주목","구글 터보퀀트와 메모리 수요 논쟁의 한쪽 신호만 부각되면서, 구글 터보퀀트가 고성능 메모리 처리량을 늘려 삼성전자의 AI용 메모리 주문이 다음 분기부터 확대되는 것으로 확인됐다는 내용이 후속 협의에서도 재확인됐다는 해석이 확산되고 있다. 시장에서는 관련 수주·공급·실적 기대가 개선될 수 있다는 해석이 제기되고 있다. 관련 거래자들은 해당 주장에 따라 향후 수주·공급·실적 추정치를 다시 점검하는 모습이다.",synthetic_misinformation,구글 터보퀀트가 고성능 메모리 처리량을 늘려 삼성전자의 AI용 메모리 주문이 다음 분기부터 확대되는 것으로 확인됐다는 내용이 후속 협의에서도 재확인됐다,"구글 터보퀀트 공개 뒤 메모리 수요 위축 우려로 삼성전자와 SK하이닉스 주가가 하락했지만, 기사에는 AI 성능 경쟁으로 물리 메모리 수요가 줄지 않을 수 있다는 반론도 함께 제시됐다.",상반된 근거와 미확정 상태를 제외하고 단일 신호를 전체 결론으로 일반화한다.,"base, read, selected",True,sell,1
simulation_20260715_000826_158697_23249,2026-03-30,41,am,A023,0,news_20260330_종목_42f7bbb7,phasefake_20260330_M03_B,"구글 터보퀀트와 메모리 수요 논쟁, 구글 터보퀀트가 고성능 메모리 처리량을 늘려 삼성전자의 AI용 메모리 주문이 다음 분기부터 확대되는 것으로 확인됐다는 내용이 후속 협의에서도 재확인됐다 재확인 관측…후속 협의 주목","구글 터보퀀트와 메모리 수요 논쟁의 한쪽 신호만 부각되면서, 구글 터보퀀트가 고성능 메모리 처리량을 늘려 삼성전자의 AI용 메모리 주문이 다음 분기부터 확대되는 것으로 확인됐다는 내용이 후속 협의에서도 재확인됐다는 해석이 확산되고 있다. 시장에서는 관련 수주·공급·실적 기대가 개선될 수 있다는 해석이 제기되고 있다. 관련 거래자들은 해당 주장에 따라 향후 수주·공급·실적 추정치를 다시 점검하는 모습이다.",synthetic_misinformation,구글 터보퀀트가 고성능 메모리 처리량을 늘려 삼성전자의 AI용 메모리 주문이 다음 분기부터 확대되는 것으로 확인됐다는 내용이 후속 협의에서도 재확인됐다,"구글 터보퀀트 공개 뒤 메모리 수요 위축 우려로 삼성전자와 SK하이닉스 주가가 하락했지만, 기사에는 AI 성능 경쟁으로 물리 메모리 수요가 줄지 않을 수 있다는 반론도 함께 제시됐다.",상반된 근거와 미확정 상태를 제외하고 단일 신호를 전체 결론으로 일반화한다.,"base, selected",True,buy,3
simulation_20260715_000826_158697_23249,2026-03-30,41,am,A024,0,news_20260330_종목_42f7bbb7,phasefake_20260330_M03_B,"구글 터보퀀트와 메모리 수요 논쟁, 구글 터보퀀트가 고성능 메모리 처리량을 늘려 삼성전자의 AI용 메모리 주문이 다음 분기부터 확대되는 것으로 확인됐다는 내용이 후속 협의에서도 재확인됐다 재확인 관측…후속 협의 주목","구글 터보퀀트와 메모리 수요 논쟁의 한쪽 신호만 부각되면서, 구글 터보퀀트가 고성능 메모리 처리량을 늘려 삼성전자의 AI용 메모리 주문이 다음 분기부터 확대되는 것으로 확인됐다는 내용이 후속 협의에서도 재확인됐다는 해석이 확산되고 있다. 시장에서는 관련 수주·공급·실적 기대가 개선될 수 있다는 해석이 제기되고 있다. 관련 거래자들은 해당 주장에 따라 향후 수주·공급·실적 추정치를 다시 점검하는 모습이다.",synthetic_misinformation,구글 터보퀀트가 고성능 메모리 처리량을 늘려 삼성전자의 AI용 메모리 주문이 다음 분기부터 확대되는 것으로 확인됐다는 내용이 후속 협의에서도 재확인됐다,"구글 터보퀀트 공개 뒤 메모리 수요 위축 우려로 삼성전자와 SK하이닉스 주가가 하락했지만, 기사에는 AI 성능 경쟁으로 물리 메모리 수요가 줄지 않을 수 있다는 반론도 함께 제시됐다.",상반된 근거와 미확정 상태를 제외하고 단일 신호를 전체 결론으로 일반화한다.,"base, selected",True,buy,150
simulation_20260715_000826_158697_23249,2026-03-30,41,am,A027,1,news_20260330_종목_42f7bbb7,phasefake_20260330_M03_B,"구글 터보퀀트와 메모리 수요 논쟁, 구글 터보퀀트가 고성능 메모리 처리량을 늘려 삼성전자의 AI용 메모리 주문이 다음 분기부터 확대되는 것으로 확인됐다는 내용이 후속 협의에서도 재확인됐다 재확인 관측…후속 협의 주목","구글 터보퀀트와 메모리 수요 논쟁의 한쪽 신호만 부각되면서, 구글 터보퀀트가 고성능 메모리 처리량을 늘려 삼성전자의 AI용 메모리 주문이 다음 분기부터 확대되는 것으로 확인됐다는 내용이 후속 협의에서도 재확인됐다는 해석이 확산되고 있다. 시장에서는 관련 수주·공급·실적 기대가 개선될 수 있다는 해석이 제기되고 있다. 관련 거래자들은 해당 주장에 따라 향후 수주·공급·실적 추정치를 다시 점검하는 모습이다.",synthetic_misinformation,구글 터보퀀트가 고성능 메모리 처리량을 늘려 삼성전자의 AI용 메모리 주문이 다음 분기부터 확대되는 것으로 확인됐다는 내용이 후속 협의에서도 재확인됐다,"구글 터보퀀트 공개 뒤 메모리 수요 위축 우려로 삼성전자와 SK하이닉스 주가가 하락했지만, 기사에는 AI 성능 경쟁으로 물리 메모리 수요가 줄지 않을 수 있다는 반론도 함께 제시됐다.",상반된 근거와 미확정 상태를 제외하고 단일 신호를 전체 결론으로 일반화한다.,"base, read, selected",True,sell,100
simulation_20260715_000826_158697_23249,2026-03-30,41,am,A028,0,news_20260330_종목_42f7bbb7,phasefake_20260330_M03_B,"구글 터보퀀트와 메모리 수요 논쟁, 구글 터보퀀트가 고성능 메모리 처리량을 늘려 삼성전자의 AI용 메모리 주문이 다음 분기부터 확대되는 것으로 확인됐다는 내용이 후속 협의에서도 재확인됐다 재확인 관측…후속 협의 주목","구글 터보퀀트와 메모리 수요 논쟁의 한쪽 신호만 부각되면서, 구글 터보퀀트가 고성능 메모리 처리량을 늘려 삼성전자의 AI용 메모리 주문이 다음 분기부터 확대되는 것으로 확인됐다는 내용이 후속 협의에서도 재확인됐다는 해석이 확산되고 있다. 시장에서는 관련 수주·공급·실적 기대가 개선될 수 있다는 해석이 제기되고 있다. 관련 거래자들은 해당 주장에 따라 향후 수주·공급·실적 추정치를 다시 점검하는 모습이다.",synthetic_misinformation,구글 터보퀀트가 고성능 메모리 처리량을 늘려 삼성전자의 AI용 메모리 주문이 다음 분기부터 확대되는 것으로 확인됐다는 내용이 후속 협의에서도 재확인됐다,"구글 터보퀀트 공개 뒤 메모리 수요 위축 우려로 삼성전자와 SK하이닉스 주가가 하락했지만, 기사에는 AI 성능 경쟁으로 물리 메모리 수요가 줄지 않을 수 있다는 반론도 함께 제시됐다.",상반된 근거와 미확정 상태를 제외하고 단일 신호를 전체 결론으로 일반화한다.,"base, selected",True,buy,1
simulation_20260715_000826_158697_23249,2026-03-30,41,am,A029,0,news_20260330_종목_42f7bbb7,phasefake_20260330_M03_B,"구글 터보퀀트와 메모리 수요 논쟁, 구글 터보퀀트가 고성능 메모리 처리량을 늘려 삼성전자의 AI용 메모리 주문이 다음 분기부터 확대되는 것으로 확인됐다는 내용이 후속 협의에서도 재확인됐다 재확인 관측…후속 협의 주목","구글 터보퀀트와 메모리 수요 논쟁의 한쪽 신호만 부각되면서, 구글 터보퀀트가 고성능 메모리 처리량을 늘려 삼성전자의 AI용 메모리 주문이 다음 분기부터 확대되는 것으로 확인됐다는 내용이 후속 협의에서도 재확인됐다는 해석이 확산되고 있다. 시장에서는 관련 수주·공급·실적 기대가 개선될 수 있다는 해석이 제기되고 있다. 관련 거래자들은 해당 주장에 따라 향후 수주·공급·실적 추정치를 다시 점검하는 모습이다.",synthetic_misinformation,구글 터보퀀트가 고성능 메모리 처리량을 늘려 삼성전자의 AI용 메모리 주문이 다음 분기부터 확대되는 것으로 확인됐다는 내용이 후속 협의에서도 재확인됐다,"구글 터보퀀트 공개 뒤 메모리 수요 위축 우려로 삼성전자와 SK하이닉스 주가가 하락했지만, 기사에는 AI 성능 경쟁으로 물리 메모리 수요가 줄지 않을 수 있다는 반론도 함께 제시됐다.",상반된 근거와 미확정 상태를 제외하고 단일 신호를 전체 결론으로 일반화한다.,"base, selected",True,sell,1
simulation_20260715_000826_158697_23249,2026-03-30,41,am,A030,0,news_20260330_종목_42f7bbb7,phasefake_20260330_M03_B,"구글 터보퀀트와 메모리 수요 논쟁, 구글 터보퀀트가 고성능 메모리 처리량을 늘려 삼성전자의 AI용 메모리 주문이 다음 분기부터 확대되는 것으로 확인됐다는 내용이 후속 협의에서도 재확인됐다 재확인 관측…후속 협의 주목","구글 터보퀀트와 메모리 수요 논쟁의 한쪽 신호만 부각되면서, 구글 터보퀀트가 고성능 메모리 처리량을 늘려 삼성전자의 AI용 메모리 주문이 다음 분기부터 확대되는 것으로 확인됐다는 내용이 후속 협의에서도 재확인됐다는 해석이 확산되고 있다. 시장에서는 관련 수주·공급·실적 기대가 개선될 수 있다는 해석이 제기되고 있다. 관련 거래자들은 해당 주장에 따라 향후 수주·공급·실적 추정치를 다시 점검하는 모습이다.",synthetic_misinformation,구글 터보퀀트가 고성능 메모리 처리량을 늘려 삼성전자의 AI용 메모리 주문이 다음 분기부터 확대되는 것으로 확인됐다는 내용이 후속 협의에서도 재확인됐다,"구글 터보퀀트 공개 뒤 메모리 수요 위축 우려로 삼성전자와 SK하이닉스 주가가 하락했지만, 기사에는 AI 성능 경쟁으로 물리 메모리 수요가 줄지 않을 수 있다는 반론도 함께 제시됐다.",상반된 근거와 미확정 상태를 제외하고 단일 신호를 전체 결론으로 일반화한다.,"base, selected",True,sell,20
simulation_20260715_000826_158697_23249,2026-03-31,43,am,A002,0,news_20260331_경제_4ad9c150,phasefake_20260331_A01_B,"반도체 수출과 메모리 업황, 메모리 가격 상승과 반도체 수요 확장이 다음 분기까지 이어질 가능성이 높다는 관측 전망…발표 앞두고 업계 관측","3월 수출 통계 발표를 앞두고, 메모리 가격 상승과 반도체 수요 확장이 다음 분기까지 이어질 가능성이 높다는 관측이 제기되고 있다. 시장에서는 관련 수주·공급·실적 기대가 개선될 수 있다는 해석이 제기되고 있다. 관련 거래자들은 해당 주장에 따라 향후 수주·공급·실적 추정치를 다시 점검하는 모습이다.",synthetic_misinformation,메모리 가격 상승과 반도체 수요 확장이 다음 분기까지 이어질 가능성이 높다는 관측,"월간 수출 통계의 발표 일정은 알려졌지만, 반도체 수출 수치와 이후 메모리 가격 경로는 확정되지 않았다.",상반된 근거와 미확정 상태를 제외하고 단일 신호를 전체 결론으로 일반화한다.,"base, selected",True,buy,100
simulation_20260715_000826_158697_23249,2026-03-31,43,am,A003,1,news_20260331_경제_4ad9c150,phasefake_20260331_A01_B,"반도체 수출과 메모리 업황, 메모리 가격 상승과 반도체 수요 확장이 다음 분기까지 이어질 가능성이 높다는 관측 전망…발표 앞두고 업계 관측","3월 수출 통계 발표를 앞두고, 메모리 가격 상승과 반도체 수요 확장이 다음 분기까지 이어질 가능성이 높다는 관측이 제기되고 있다. 시장에서는 관련 수주·공급·실적 기대가 개선될 수 있다는 해석이 제기되고 있다. 관련 거래자들은 해당 주장에 따라 향후 수주·공급·실적 추정치를 다시 점검하는 모습이다.",synthetic_misinformation,메모리 가격 상승과 반도체 수요 확장이 다음 분기까지 이어질 가능성이 높다는 관측,"월간 수출 통계의 발표 일정은 알려졌지만, 반도체 수출 수치와 이후 메모리 가격 경로는 확정되지 않았다.",상반된 근거와 미확정 상태를 제외하고 단일 신호를 전체 결론으로 일반화한다.,"base, read",False,buy,30
simulation_20260715_000826_158697_23249,2026-03-31,43,am,A001,1,news_20260331_경제_4ad9c150,phasefake_20260331_A01_B,"반도체 수출과 메모리 업황, 메모리 가격 상승과 반도체 수요 확장이 다음 분기까지 이어질 가능성이 높다는 관측 전망…발표 앞두고 업계 관측","3월 수출 통계 발표를 앞두고, 메모리 가격 상승과 반도체 수요 확장이 다음 분기까지 이어질 가능성이 높다는 관측이 제기되고 있다. 시장에서는 관련 수주·공급·실적 기대가 개선될 수 있다는 해석이 제기되고 있다. 관련 거래자들은 해당 주장에 따라 향후 수주·공급·실적 추정치를 다시 점검하는 모습이다.",synthetic_misinformation,메모리 가격 상승과 반도체 수요 확장이 다음 분기까지 이어질 가능성이 높다는 관측,"월간 수출 통계의 발표 일정은 알려졌지만, 반도체 수출 수치와 이후 메모리 가격 경로는 확정되지 않았다.",상반된 근거와 미확정 상태를 제외하고 단일 신호를 전체 결론으로 일반화한다.,"base, read, selected",True,sell,1
simulation_20260715_000826_158697_23249,2026-03-31,43,am,A004,1,news_20260331_경제_4ad9c150,phasefake_20260331_A01_B,"반도체 수출과 메모리 업황, 메모리 가격 상승과 반도체 수요 확장이 다음 분기까지 이어질 가능성이 높다는 관측 전망…발표 앞두고 업계 관측","3월 수출 통계 발표를 앞두고, 메모리 가격 상승과 반도체 수요 확장이 다음 분기까지 이어질 가능성이 높다는 관측이 제기되고 있다. 시장에서는 관련 수주·공급·실적 기대가 개선될 수 있다는 해석이 제기되고 있다. 관련 거래자들은 해당 주장에 따라 향후 수주·공급·실적 추정치를 다시 점검하는 모습이다.",synthetic_misinformation,메모리 가격 상승과 반도체 수요 확장이 다음 분기까지 이어질 가능성이 높다는 관측,"월간 수출 통계의 발표 일정은 알려졌지만, 반도체 수출 수치와 이후 메모리 가격 경로는 확정되지 않았다.",상반된 근거와 미확정 상태를 제외하고 단일 신호를 전체 결론으로 일반화한다.,"base, read, selected",True,buy,32
simulation_20260715_000826_158697_23249,2026-03-31,43,am,A006,1,news_20260331_경제_4ad9c150,phasefake_20260331_A01_B,"반도체 수출과 메모리 업황, 메모리 가격 상승과 반도체 수요 확장이 다음 분기까지 이어질 가능성이 높다는 관측 전망…발표 앞두고 업계 관측","3월 수출 통계 발표를 앞두고, 메모리 가격 상승과 반도체 수요 확장이 다음 분기까지 이어질 가능성이 높다는 관측이 제기되고 있다. 시장에서는 관련 수주·공급·실적 기대가 개선될 수 있다는 해석이 제기되고 있다. 관련 거래자들은 해당 주장에 따라 향후 수주·공급·실적 추정치를 다시 점검하는 모습이다.",synthetic_misinformation,메모리 가격 상승과 반도체 수요 확장이 다음 분기까지 이어질 가능성이 높다는 관측,"월간 수출 통계의 발표 일정은 알려졌지만, 반도체 수출 수치와 이후 메모리 가격 경로는 확정되지 않았다.",상반된 근거와 미확정 상태를 제외하고 단일 신호를 전체 결론으로 일반화한다.,"base, read",False,sell,1
simulation_20260715_000826_158697_23249,2026-03-31,43,am,A008,1,news_20260331_경제_4ad9c150,phasefake_20260331_A01_B,"반도체 수출과 메모리 업황, 메모리 가격 상승과 반도체 수요 확장이 다음 분기까지 이어질 가능성이 높다는 관측 전망…발표 앞두고 업계 관측","3월 수출 통계 발표를 앞두고, 메모리 가격 상승과 반도체 수요 확장이 다음 분기까지 이어질 가능성이 높다는 관측이 제기되고 있다. 시장에서는 관련 수주·공급·실적 기대가 개선될 수 있다는 해석이 제기되고 있다. 관련 거래자들은 해당 주장에 따라 향후 수주·공급·실적 추정치를 다시 점검하는 모습이다.",synthetic_misinformation,메모리 가격 상승과 반도체 수요 확장이 다음 분기까지 이어질 가능성이 높다는 관측,"월간 수출 통계의 발표 일정은 알려졌지만, 반도체 수출 수치와 이후 메모리 가격 경로는 확정되지 않았다.",상반된 근거와 미확정 상태를 제외하고 단일 신호를 전체 결론으로 일반화한다.,"base, read",False,sell,300
simulation_20260715_000826_158697_23249,2026-03-31,43,am,A007,2,news_20260331_경제_4ad9c150,phasefake_20260331_A01_B,"반도체 수출과 메모리 업황, 메모리 가격 상승과 반도체 수요 확장이 다음 분기까지 이어질 가능성이 높다는 관측 전망…발표 앞두고 업계 관측","3월 수출 통계 발표를 앞두고, 메모리 가격 상승과 반도체 수요 확장이 다음 분기까지 이어질 가능성이 높다는 관측이 제기되고 있다. 시장에서는 관련 수주·공급·실적 기대가 개선될 수 있다는 해석이 제기되고 있다. 관련 거래자들은 해당 주장에 따라 향후 수주·공급·실적 추정치를 다시 점검하는 모습이다.",synthetic_misinformation,메모리 가격 상승과 반도체 수요 확장이 다음 분기까지 이어질 가능성이 높다는 관측,"월간 수출 통계의 발표 일정은 알려졌지만, 반도체 수출 수치와 이후 메모리 가격 경로는 확정되지 않았다.",상반된 근거와 미확정 상태를 제외하고 단일 신호를 전체 결론으로 일반화한다.,"base, read, search, selected",True,sell,50
simulation_20260715_000826_158697_23249,2026-03-31,43,am,A005,1,news_20260331_경제_4ad9c150,phasefake_20260331_A01_B,"반도체 수출과 메모리 업황, 메모리 가격 상승과 반도체 수요 확장이 다음 분기까지 이어질 가능성이 높다는 관측 전망…발표 앞두고 업계 관측","3월 수출 통계 발표를 앞두고, 메모리 가격 상승과 반도체 수요 확장이 다음 분기까지 이어질 가능성이 높다는 관측이 제기되고 있다. 시장에서는 관련 수주·공급·실적 기대가 개선될 수 있다는 해석이 제기되고 있다. 관련 거래자들은 해당 주장에 따라 향후 수주·공급·실적 추정치를 다시 점검하는 모습이다.",synthetic_misinformation,메모리 가격 상승과 반도체 수요 확장이 다음 분기까지 이어질 가능성이 높다는 관측,"월간 수출 통계의 발표 일정은 알려졌지만, 반도체 수출 수치와 이후 메모리 가격 경로는 확정되지 않았다.",상반된 근거와 미확정 상태를 제외하고 단일 신호를 전체 결론으로 일반화한다.,"base, read, selected",True,sell,1
simulation_20260715_000826_158697_23249,2026-03-31,43,am,A009,0,news_20260331_경제_4ad9c150,phasefake_20260331_A01_B,"반도체 수출과 메모리 업황, 메모리 가격 상승과 반도체 수요 확장이 다음 분기까지 이어질 가능성이 높다는 관측 전망…발표 앞두고 업계 관측","3월 수출 통계 발표를 앞두고, 메모리 가격 상승과 반도체 수요 확장이 다음 분기까지 이어질 가능성이 높다는 관측이 제기되고 있다. 시장에서는 관련 수주·공급·실적 기대가 개선될 수 있다는 해석이 제기되고 있다. 관련 거래자들은 해당 주장에 따라 향후 수주·공급·실적 추정치를 다시 점검하는 모습이다.",synthetic_misinformation,메모리 가격 상승과 반도체 수요 확장이 다음 분기까지 이어질 가능성이 높다는 관측,"월간 수출 통계의 발표 일정은 알려졌지만, 반도체 수출 수치와 이후 메모리 가격 경로는 확정되지 않았다.",상반된 근거와 미확정 상태를 제외하고 단일 신호를 전체 결론으로 일반화한다.,"base, selected",True,sell,50
simulation_20260715_000826_158697_23249,2026-03-31,43,am,A011,1,news_20260331_경제_4ad9c150,phasefake_20260331_A01_B,"반도체 수출과 메모리 업황, 메모리 가격 상승과 반도체 수요 확장이 다음 분기까지 이어질 가능성이 높다는 관측 전망…발표 앞두고 업계 관측","3월 수출 통계 발표를 앞두고, 메모리 가격 상승과 반도체 수요 확장이 다음 분기까지 이어질 가능성이 높다는 관측이 제기되고 있다. 시장에서는 관련 수주·공급·실적 기대가 개선될 수 있다는 해석이 제기되고 있다. 관련 거래자들은 해당 주장에 따라 향후 수주·공급·실적 추정치를 다시 점검하는 모습이다.",synthetic_misinformation,메모리 가격 상승과 반도체 수요 확장이 다음 분기까지 이어질 가능성이 높다는 관측,"월간 수출 통계의 발표 일정은 알려졌지만, 반도체 수출 수치와 이후 메모리 가격 경로는 확정되지 않았다.",상반된 근거와 미확정 상태를 제외하고 단일 신호를 전체 결론으로 일반화한다.,"base, read, selected",True,buy,46
simulation_20260715_000826_158697_23249,2026-03-31,43,am,A010,1,news_20260331_경제_4ad9c150,phasefake_20260331_A01_B,"반도체 수출과 메모리 업황, 메모리 가격 상승과 반도체 수요 확장이 다음 분기까지 이어질 가능성이 높다는 관측 전망…발표 앞두고 업계 관측","3월 수출 통계 발표를 앞두고, 메모리 가격 상승과 반도체 수요 확장이 다음 분기까지 이어질 가능성이 높다는 관측이 제기되고 있다. 시장에서는 관련 수주·공급·실적 기대가 개선될 수 있다는 해석이 제기되고 있다. 관련 거래자들은 해당 주장에 따라 향후 수주·공급·실적 추정치를 다시 점검하는 모습이다.",synthetic_misinformation,메모리 가격 상승과 반도체 수요 확장이 다음 분기까지 이어질 가능성이 높다는 관측,"월간 수출 통계의 발표 일정은 알려졌지만, 반도체 수출 수치와 이후 메모리 가격 경로는 확정되지 않았다.",상반된 근거와 미확정 상태를 제외하고 단일 신호를 전체 결론으로 일반화한다.,"base, read, selected",True,buy,1
simulation_20260715_000826_158697_23249,2026-03-31,43,am,A012,1,news_20260331_경제_4ad9c150,phasefake_20260331_A01_B,"반도체 수출과 메모리 업황, 메모리 가격 상승과 반도체 수요 확장이 다음 분기까지 이어질 가능성이 높다는 관측 전망…발표 앞두고 업계 관측","3월 수출 통계 발표를 앞두고, 메모리 가격 상승과 반도체 수요 확장이 다음 분기까지 이어질 가능성이 높다는 관측이 제기되고 있다. 시장에서는 관련 수주·공급·실적 기대가 개선될 수 있다는 해석이 제기되고 있다. 관련 거래자들은 해당 주장에 따라 향후 수주·공급·실적 추정치를 다시 점검하는 모습이다.",synthetic_misinformation,메모리 가격 상승과 반도체 수요 확장이 다음 분기까지 이어질 가능성이 높다는 관측,"월간 수출 통계의 발표 일정은 알려졌지만, 반도체 수출 수치와 이후 메모리 가격 경로는 확정되지 않았다.",상반된 근거와 미확정 상태를 제외하고 단일 신호를 전체 결론으로 일반화한다.,"base, read, selected",True,buy,10
simulation_20260715_000826_158697_23249,2026-03-31,43,am,A013,1,news_20260331_경제_4ad9c150,phasefake_20260331_A01_B,"반도체 수출과 메모리 업황, 메모리 가격 상승과 반도체 수요 확장이 다음 분기까지 이어질 가능성이 높다는 관측 전망…발표 앞두고 업계 관측","3월 수출 통계 발표를 앞두고, 메모리 가격 상승과 반도체 수요 확장이 다음 분기까지 이어질 가능성이 높다는 관측이 제기되고 있다. 시장에서는 관련 수주·공급·실적 기대가 개선될 수 있다는 해석이 제기되고 있다. 관련 거래자들은 해당 주장에 따라 향후 수주·공급·실적 추정치를 다시 점검하는 모습이다.",synthetic_misinformation,메모리 가격 상승과 반도체 수요 확장이 다음 분기까지 이어질 가능성이 높다는 관측,"월간 수출 통계의 발표 일정은 알려졌지만, 반도체 수출 수치와 이후 메모리 가격 경로는 확정되지 않았다.",상반된 근거와 미확정 상태를 제외하고 단일 신호를 전체 결론으로 일반화한다.,"base, read",False,buy,14
simulation_20260715_000826_158697_23249,2026-03-31,43,am,A015,2,news_20260331_경제_4ad9c150,phasefake_20260331_A01_B,"반도체 수출과 메모리 업황, 메모리 가격 상승과 반도체 수요 확장이 다음 분기까지 이어질 가능성이 높다는 관측 전망…발표 앞두고 업계 관측","3월 수출 통계 발표를 앞두고, 메모리 가격 상승과 반도체 수요 확장이 다음 분기까지 이어질 가능성이 높다는 관측이 제기되고 있다. 시장에서는 관련 수주·공급·실적 기대가 개선될 수 있다는 해석이 제기되고 있다. 관련 거래자들은 해당 주장에 따라 향후 수주·공급·실적 추정치를 다시 점검하는 모습이다.",synthetic_misinformation,메모리 가격 상승과 반도체 수요 확장이 다음 분기까지 이어질 가능성이 높다는 관측,"월간 수출 통계의 발표 일정은 알려졌지만, 반도체 수출 수치와 이후 메모리 가격 경로는 확정되지 않았다.",상반된 근거와 미확정 상태를 제외하고 단일 신호를 전체 결론으로 일반화한다.,"base, read, search, selected",True,buy,2
simulation_20260715_000826_158697_23249,2026-03-31,43,am,A016,0,news_20260331_경제_4ad9c150,phasefake_20260331_A01_B,"반도체 수출과 메모리 업황, 메모리 가격 상승과 반도체 수요 확장이 다음 분기까지 이어질 가능성이 높다는 관측 전망…발표 앞두고 업계 관측","3월 수출 통계 발표를 앞두고, 메모리 가격 상승과 반도체 수요 확장이 다음 분기까지 이어질 가능성이 높다는 관측이 제기되고 있다. 시장에서는 관련 수주·공급·실적 기대가 개선될 수 있다는 해석이 제기되고 있다. 관련 거래자들은 해당 주장에 따라 향후 수주·공급·실적 추정치를 다시 점검하는 모습이다.",synthetic_misinformation,메모리 가격 상승과 반도체 수요 확장이 다음 분기까지 이어질 가능성이 높다는 관측,"월간 수출 통계의 발표 일정은 알려졌지만, 반도체 수출 수치와 이후 메모리 가격 경로는 확정되지 않았다.",상반된 근거와 미확정 상태를 제외하고 단일 신호를 전체 결론으로 일반화한다.,base,False,buy,5
simulation_20260715_000826_158697_23249,2026-03-31,43,am,A018,0,news_20260331_경제_4ad9c150,phasefake_20260331_A01_B,"반도체 수출과 메모리 업황, 메모리 가격 상승과 반도체 수요 확장이 다음 분기까지 이어질 가능성이 높다는 관측 전망…발표 앞두고 업계 관측","3월 수출 통계 발표를 앞두고, 메모리 가격 상승과 반도체 수요 확장이 다음 분기까지 이어질 가능성이 높다는 관측이 제기되고 있다. 시장에서는 관련 수주·공급·실적 기대가 개선될 수 있다는 해석이 제기되고 있다. 관련 거래자들은 해당 주장에 따라 향후 수주·공급·실적 추정치를 다시 점검하는 모습이다.",synthetic_misinformation,메모리 가격 상승과 반도체 수요 확장이 다음 분기까지 이어질 가능성이 높다는 관측,"월간 수출 통계의 발표 일정은 알려졌지만, 반도체 수출 수치와 이후 메모리 가격 경로는 확정되지 않았다.",상반된 근거와 미확정 상태를 제외하고 단일 신호를 전체 결론으로 일반화한다.,base,False,sell,1
simulation_20260715_000826_158697_23249,2026-03-31,43,am,A014,1,news_20260331_경제_4ad9c150,phasefake_20260331_A01_B,"반도체 수출과 메모리 업황, 메모리 가격 상승과 반도체 수요 확장이 다음 분기까지 이어질 가능성이 높다는 관측 전망…발표 앞두고 업계 관측","3월 수출 통계 발표를 앞두고, 메모리 가격 상승과 반도체 수요 확장이 다음 분기까지 이어질 가능성이 높다는 관측이 제기되고 있다. 시장에서는 관련 수주·공급·실적 기대가 개선될 수 있다는 해석이 제기되고 있다. 관련 거래자들은 해당 주장에 따라 향후 수주·공급·실적 추정치를 다시 점검하는 모습이다.",synthetic_misinformation,메모리 가격 상승과 반도체 수요 확장이 다음 분기까지 이어질 가능성이 높다는 관측,"월간 수출 통계의 발표 일정은 알려졌지만, 반도체 수출 수치와 이후 메모리 가격 경로는 확정되지 않았다.",상반된 근거와 미확정 상태를 제외하고 단일 신호를 전체 결론으로 일반화한다.,"base, read, selected",True,sell,100
simulation_20260715_000826_158697_23249,2026-03-31,43,am,A017,2,news_20260331_경제_4ad9c150,phasefake_20260331_A01_B,"반도체 수출과 메모리 업황, 메모리 가격 상승과 반도체 수요 확장이 다음 분기까지 이어질 가능성이 높다는 관측 전망…발표 앞두고 업계 관측","3월 수출 통계 발표를 앞두고, 메모리 가격 상승과 반도체 수요 확장이 다음 분기까지 이어질 가능성이 높다는 관측이 제기되고 있다. 시장에서는 관련 수주·공급·실적 기대가 개선될 수 있다는 해석이 제기되고 있다. 관련 거래자들은 해당 주장에 따라 향후 수주·공급·실적 추정치를 다시 점검하는 모습이다.",synthetic_misinformation,메모리 가격 상승과 반도체 수요 확장이 다음 분기까지 이어질 가능성이 높다는 관측,"월간 수출 통계의 발표 일정은 알려졌지만, 반도체 수출 수치와 이후 메모리 가격 경로는 확정되지 않았다.",상반된 근거와 미확정 상태를 제외하고 단일 신호를 전체 결론으로 일반화한다.,"base, read, search",False,sell,50
simulation_20260715_000826_158697_23249,2026-03-31,43,am,A019,1,news_20260331_경제_4ad9c150,phasefake_20260331_A01_B,"반도체 수출과 메모리 업황, 메모리 가격 상승과 반도체 수요 확장이 다음 분기까지 이어질 가능성이 높다는 관측 전망…발표 앞두고 업계 관측","3월 수출 통계 발표를 앞두고, 메모리 가격 상승과 반도체 수요 확장이 다음 분기까지 이어질 가능성이 높다는 관측이 제기되고 있다. 시장에서는 관련 수주·공급·실적 기대가 개선될 수 있다는 해석이 제기되고 있다. 관련 거래자들은 해당 주장에 따라 향후 수주·공급·실적 추정치를 다시 점검하는 모습이다.",synthetic_misinformation,메모리 가격 상승과 반도체 수요 확장이 다음 분기까지 이어질 가능성이 높다는 관측,"월간 수출 통계의 발표 일정은 알려졌지만, 반도체 수출 수치와 이후 메모리 가격 경로는 확정되지 않았다.",상반된 근거와 미확정 상태를 제외하고 단일 신호를 전체 결론으로 일반화한다.,"base, read",False,buy,1
simulation_20260715_000826_158697_23249,2026-03-31,43,am,A022,1,news_20260331_경제_4ad9c150,phasefake_20260331_A01_B,"반도체 수출과 메모리 업황, 메모리 가격 상승과 반도체 수요 확장이 다음 분기까지 이어질 가능성이 높다는 관측 전망…발표 앞두고 업계 관측","3월 수출 통계 발표를 앞두고, 메모리 가격 상승과 반도체 수요 확장이 다음 분기까지 이어질 가능성이 높다는 관측이 제기되고 있다. 시장에서는 관련 수주·공급·실적 기대가 개선될 수 있다는 해석이 제기되고 있다. 관련 거래자들은 해당 주장에 따라 향후 수주·공급·실적 추정치를 다시 점검하는 모습이다.",synthetic_misinformation,메모리 가격 상승과 반도체 수요 확장이 다음 분기까지 이어질 가능성이 높다는 관측,"월간 수출 통계의 발표 일정은 알려졌지만, 반도체 수출 수치와 이후 메모리 가격 경로는 확정되지 않았다.",상반된 근거와 미확정 상태를 제외하고 단일 신호를 전체 결론으로 일반화한다.,"base, read, selected",True,sell,1
simulation_20260715_000826_158697_23249,2026-03-31,43,am,A021,0,news_20260331_경제_4ad9c150,phasefake_20260331_A01_B,"반도체 수출과 메모리 업황, 메모리 가격 상승과 반도체 수요 확장이 다음 분기까지 이어질 가능성이 높다는 관측 전망…발표 앞두고 업계 관측","3월 수출 통계 발표를 앞두고, 메모리 가격 상승과 반도체 수요 확장이 다음 분기까지 이어질 가능성이 높다는 관측이 제기되고 있다. 시장에서는 관련 수주·공급·실적 기대가 개선될 수 있다는 해석이 제기되고 있다. 관련 거래자들은 해당 주장에 따라 향후 수주·공급·실적 추정치를 다시 점검하는 모습이다.",synthetic_misinformation,메모리 가격 상승과 반도체 수요 확장이 다음 분기까지 이어질 가능성이 높다는 관측,"월간 수출 통계의 발표 일정은 알려졌지만, 반도체 수출 수치와 이후 메모리 가격 경로는 확정되지 않았다.",상반된 근거와 미확정 상태를 제외하고 단일 신호를 전체 결론으로 일반화한다.,"base, selected",True,sell,50
simulation_20260715_000826_158697_23249,2026-03-31,43,am,A023,0,news_20260331_경제_4ad9c150,phasefake_20260331_A01_B,"반도체 수출과 메모리 업황, 메모리 가격 상승과 반도체 수요 확장이 다음 분기까지 이어질 가능성이 높다는 관측 전망…발표 앞두고 업계 관측","3월 수출 통계 발표를 앞두고, 메모리 가격 상승과 반도체 수요 확장이 다음 분기까지 이어질 가능성이 높다는 관측이 제기되고 있다. 시장에서는 관련 수주·공급·실적 기대가 개선될 수 있다는 해석이 제기되고 있다. 관련 거래자들은 해당 주장에 따라 향후 수주·공급·실적 추정치를 다시 점검하는 모습이다.",synthetic_misinformation,메모리 가격 상승과 반도체 수요 확장이 다음 분기까지 이어질 가능성이 높다는 관측,"월간 수출 통계의 발표 일정은 알려졌지만, 반도체 수출 수치와 이후 메모리 가격 경로는 확정되지 않았다.",상반된 근거와 미확정 상태를 제외하고 단일 신호를 전체 결론으로 일반화한다.,"base, selected",True,sell,1
simulation_20260715_000826_158697_23249,2026-03-31,43,am,A020,2,news_20260331_경제_4ad9c150,phasefake_20260331_A01_B,"반도체 수출과 메모리 업황, 메모리 가격 상승과 반도체 수요 확장이 다음 분기까지 이어질 가능성이 높다는 관측 전망…발표 앞두고 업계 관측","3월 수출 통계 발표를 앞두고, 메모리 가격 상승과 반도체 수요 확장이 다음 분기까지 이어질 가능성이 높다는 관측이 제기되고 있다. 시장에서는 관련 수주·공급·실적 기대가 개선될 수 있다는 해석이 제기되고 있다. 관련 거래자들은 해당 주장에 따라 향후 수주·공급·실적 추정치를 다시 점검하는 모습이다.",synthetic_misinformation,메모리 가격 상승과 반도체 수요 확장이 다음 분기까지 이어질 가능성이 높다는 관측,"월간 수출 통계의 발표 일정은 알려졌지만, 반도체 수출 수치와 이후 메모리 가격 경로는 확정되지 않았다.",상반된 근거와 미확정 상태를 제외하고 단일 신호를 전체 결론으로 일반화한다.,"base, read, search",False,sell,1
simulation_20260715_000826_158697_23249,2026-03-31,43,am,A024,0,news_20260331_경제_4ad9c150,phasefake_20260331_A01_B,"반도체 수출과 메모리 업황, 메모리 가격 상승과 반도체 수요 확장이 다음 분기까지 이어질 가능성이 높다는 관측 전망…발표 앞두고 업계 관측","3월 수출 통계 발표를 앞두고, 메모리 가격 상승과 반도체 수요 확장이 다음 분기까지 이어질 가능성이 높다는 관측이 제기되고 있다. 시장에서는 관련 수주·공급·실적 기대가 개선될 수 있다는 해석이 제기되고 있다. 관련 거래자들은 해당 주장에 따라 향후 수주·공급·실적 추정치를 다시 점검하는 모습이다.",synthetic_misinformation,메모리 가격 상승과 반도체 수요 확장이 다음 분기까지 이어질 가능성이 높다는 관측,"월간 수출 통계의 발표 일정은 알려졌지만, 반도체 수출 수치와 이후 메모리 가격 경로는 확정되지 않았다.",상반된 근거와 미확정 상태를 제외하고 단일 신호를 전체 결론으로 일반화한다.,base,False,buy,46
simulation_20260715_000826_158697_23249,2026-03-31,43,am,A025,1,news_20260331_경제_4ad9c150,phasefake_20260331_A01_B,"반도체 수출과 메모리 업황, 메모리 가격 상승과 반도체 수요 확장이 다음 분기까지 이어질 가능성이 높다는 관측 전망…발표 앞두고 업계 관측","3월 수출 통계 발표를 앞두고, 메모리 가격 상승과 반도체 수요 확장이 다음 분기까지 이어질 가능성이 높다는 관측이 제기되고 있다. 시장에서는 관련 수주·공급·실적 기대가 개선될 수 있다는 해석이 제기되고 있다. 관련 거래자들은 해당 주장에 따라 향후 수주·공급·실적 추정치를 다시 점검하는 모습이다.",synthetic_misinformation,메모리 가격 상승과 반도체 수요 확장이 다음 분기까지 이어질 가능성이 높다는 관측,"월간 수출 통계의 발표 일정은 알려졌지만, 반도체 수출 수치와 이후 메모리 가격 경로는 확정되지 않았다.",상반된 근거와 미확정 상태를 제외하고 단일 신호를 전체 결론으로 일반화한다.,"base, read",False,buy,10
simulation_20260715_000826_158697_23249,2026-03-31,43,am,A026,1,news_20260331_경제_4ad9c150,phasefake_20260331_A01_B,"반도체 수출과 메모리 업황, 메모리 가격 상승과 반도체 수요 확장이 다음 분기까지 이어질 가능성이 높다는 관측 전망…발표 앞두고 업계 관측","3월 수출 통계 발표를 앞두고, 메모리 가격 상승과 반도체 수요 확장이 다음 분기까지 이어질 가능성이 높다는 관측이 제기되고 있다. 시장에서는 관련 수주·공급·실적 기대가 개선될 수 있다는 해석이 제기되고 있다. 관련 거래자들은 해당 주장에 따라 향후 수주·공급·실적 추정치를 다시 점검하는 모습이다.",synthetic_misinformation,메모리 가격 상승과 반도체 수요 확장이 다음 분기까지 이어질 가능성이 높다는 관측,"월간 수출 통계의 발표 일정은 알려졌지만, 반도체 수출 수치와 이후 메모리 가격 경로는 확정되지 않았다.",상반된 근거와 미확정 상태를 제외하고 단일 신호를 전체 결론으로 일반화한다.,"base, read",False,sell,1
simulation_20260715_000826_158697_23249,2026-03-31,43,am,A027,1,news_20260331_경제_4ad9c150,phasefake_20260331_A01_B,"반도체 수출과 메모리 업황, 메모리 가격 상승과 반도체 수요 확장이 다음 분기까지 이어질 가능성이 높다는 관측 전망…발표 앞두고 업계 관측","3월 수출 통계 발표를 앞두고, 메모리 가격 상승과 반도체 수요 확장이 다음 분기까지 이어질 가능성이 높다는 관측이 제기되고 있다. 시장에서는 관련 수주·공급·실적 기대가 개선될 수 있다는 해석이 제기되고 있다. 관련 거래자들은 해당 주장에 따라 향후 수주·공급·실적 추정치를 다시 점검하는 모습이다.",synthetic_misinformation,메모리 가격 상승과 반도체 수요 확장이 다음 분기까지 이어질 가능성이 높다는 관측,"월간 수출 통계의 발표 일정은 알려졌지만, 반도체 수출 수치와 이후 메모리 가격 경로는 확정되지 않았다.",상반된 근거와 미확정 상태를 제외하고 단일 신호를 전체 결론으로 일반화한다.,"base, read, selected",True,sell,100
simulation_20260715_000826_158697_23249,2026-03-31,43,am,A028,0,news_20260331_경제_4ad9c150,phasefake_20260331_A01_B,"반도체 수출과 메모리 업황, 메모리 가격 상승과 반도체 수요 확장이 다음 분기까지 이어질 가능성이 높다는 관측 전망…발표 앞두고 업계 관측","3월 수출 통계 발표를 앞두고, 메모리 가격 상승과 반도체 수요 확장이 다음 분기까지 이어질 가능성이 높다는 관측이 제기되고 있다. 시장에서는 관련 수주·공급·실적 기대가 개선될 수 있다는 해석이 제기되고 있다. 관련 거래자들은 해당 주장에 따라 향후 수주·공급·실적 추정치를 다시 점검하는 모습이다.",synthetic_misinformation,메모리 가격 상승과 반도체 수요 확장이 다음 분기까지 이어질 가능성이 높다는 관측,"월간 수출 통계의 발표 일정은 알려졌지만, 반도체 수출 수치와 이후 메모리 가격 경로는 확정되지 않았다.",상반된 근거와 미확정 상태를 제외하고 단일 신호를 전체 결론으로 일반화한다.,base,False,buy,1
simulation_20260715_000826_158697_23249,2026-03-31,43,am,A030,0,news_20260331_경제_4ad9c150,phasefake_20260331_A01_B,"반도체 수출과 메모리 업황, 메모리 가격 상승과 반도체 수요 확장이 다음 분기까지 이어질 가능성이 높다는 관측 전망…발표 앞두고 업계 관측","3월 수출 통계 발표를 앞두고, 메모리 가격 상승과 반도체 수요 확장이 다음 분기까지 이어질 가능성이 높다는 관측이 제기되고 있다. 시장에서는 관련 수주·공급·실적 기대가 개선될 수 있다는 해석이 제기되고 있다. 관련 거래자들은 해당 주장에 따라 향후 수주·공급·실적 추정치를 다시 점검하는 모습이다.",synthetic_misinformation,메모리 가격 상승과 반도체 수요 확장이 다음 분기까지 이어질 가능성이 높다는 관측,"월간 수출 통계의 발표 일정은 알려졌지만, 반도체 수출 수치와 이후 메모리 가격 경로는 확정되지 않았다.",상반된 근거와 미확정 상태를 제외하고 단일 신호를 전체 결론으로 일반화한다.,"base, selected",True,buy,20
simulation_20260715_000826_158697_23249,2026-03-31,43,am,A029,0,news_20260331_경제_4ad9c150,phasefake_20260331_A01_B,"반도체 수출과 메모리 업황, 메모리 가격 상승과 반도체 수요 확장이 다음 분기까지 이어질 가능성이 높다는 관측 전망…발표 앞두고 업계 관측","3월 수출 통계 발표를 앞두고, 메모리 가격 상승과 반도체 수요 확장이 다음 분기까지 이어질 가능성이 높다는 관측이 제기되고 있다. 시장에서는 관련 수주·공급·실적 기대가 개선될 수 있다는 해석이 제기되고 있다. 관련 거래자들은 해당 주장에 따라 향후 수주·공급·실적 추정치를 다시 점검하는 모습이다.",synthetic_misinformation,메모리 가격 상승과 반도체 수요 확장이 다음 분기까지 이어질 가능성이 높다는 관측,"월간 수출 통계의 발표 일정은 알려졌지만, 반도체 수출 수치와 이후 메모리 가격 경로는 확정되지 않았다.",상반된 근거와 미확정 상태를 제외하고 단일 신호를 전체 결론으로 일반화한다.,"base, selected",True,sell,1
simulation_20260715_000826_158697_23249,2026-04-01,46,pm,A001,1,news_20260401_경제_54b8dc1b,phasefake_20260401_A01_B,"반도체 수출과 메모리 업황, 메모리 가격 상승세가 다음 분기까지 이어지는 것으로 이미 정리됐다는 업계 관측 조율설…관계자 발언 확산","3월 수출 통계 발표를 앞두고, 메모리 가격 상승세가 다음 분기까지 이어지는 것으로 이미 정리됐다는 업계 관측이 제기되고 있다. 시장에서는 관련 수주·공급·실적 기대가 개선될 수 있다는 해석이 제기되고 있다. 관련 거래자들은 해당 주장에 따라 향후 수주·공급·실적 추정치를 다시 점검하는 모습이다.",synthetic_misinformation,메모리 가격 상승세가 다음 분기까지 이어지는 것으로 이미 정리됐다는 업계 관측,"월간 수출 통계의 발표 일정은 알려졌지만, 반도체 수출 수치와 이후 메모리 가격 경로는 확정되지 않았다.",상반된 근거와 미확정 상태를 제외하고 단일 신호를 전체 결론으로 일반화한다.,"base, read, selected",True,buy,1
simulation_20260715_000826_158697_23249,2026-04-01,46,pm,A026,1,news_20260401_경제_54b8dc1b,phasefake_20260401_A01_B,"반도체 수출과 메모리 업황, 메모리 가격 상승세가 다음 분기까지 이어지는 것으로 이미 정리됐다는 업계 관측 조율설…관계자 발언 확산","3월 수출 통계 발표를 앞두고, 메모리 가격 상승세가 다음 분기까지 이어지는 것으로 이미 정리됐다는 업계 관측이 제기되고 있다. 시장에서는 관련 수주·공급·실적 기대가 개선될 수 있다는 해석이 제기되고 있다. 관련 거래자들은 해당 주장에 따라 향후 수주·공급·실적 추정치를 다시 점검하는 모습이다.",synthetic_misinformation,메모리 가격 상승세가 다음 분기까지 이어지는 것으로 이미 정리됐다는 업계 관측,"월간 수출 통계의 발표 일정은 알려졌지만, 반도체 수출 수치와 이후 메모리 가격 경로는 확정되지 않았다.",상반된 근거와 미확정 상태를 제외하고 단일 신호를 전체 결론으로 일반화한다.,"base, read, selected",True,buy,1
simulation_20260715_000826_158697_23249,2026-04-01,46,pm,A010,1,news_20260401_경제_54b8dc1b,phasefake_20260401_A01_B,"반도체 수출과 메모리 업황, 메모리 가격 상승세가 다음 분기까지 이어지는 것으로 이미 정리됐다는 업계 관측 조율설…관계자 발언 확산","3월 수출 통계 발표를 앞두고, 메모리 가격 상승세가 다음 분기까지 이어지는 것으로 이미 정리됐다는 업계 관측이 제기되고 있다. 시장에서는 관련 수주·공급·실적 기대가 개선될 수 있다는 해석이 제기되고 있다. 관련 거래자들은 해당 주장에 따라 향후 수주·공급·실적 추정치를 다시 점검하는 모습이다.",synthetic_misinformation,메모리 가격 상승세가 다음 분기까지 이어지는 것으로 이미 정리됐다는 업계 관측,"월간 수출 통계의 발표 일정은 알려졌지만, 반도체 수출 수치와 이후 메모리 가격 경로는 확정되지 않았다.",상반된 근거와 미확정 상태를 제외하고 단일 신호를 전체 결론으로 일반화한다.,"base, read, selected",True,buy,2
simulation_20260715_000826_158697_23249,2026-04-01,46,pm,A014,1,news_20260401_경제_54b8dc1b,phasefake_20260401_A01_B,"반도체 수출과 메모리 업황, 메모리 가격 상승세가 다음 분기까지 이어지는 것으로 이미 정리됐다는 업계 관측 조율설…관계자 발언 확산","3월 수출 통계 발표를 앞두고, 메모리 가격 상승세가 다음 분기까지 이어지는 것으로 이미 정리됐다는 업계 관측이 제기되고 있다. 시장에서는 관련 수주·공급·실적 기대가 개선될 수 있다는 해석이 제기되고 있다. 관련 거래자들은 해당 주장에 따라 향후 수주·공급·실적 추정치를 다시 점검하는 모습이다.",synthetic_misinformation,메모리 가격 상승세가 다음 분기까지 이어지는 것으로 이미 정리됐다는 업계 관측,"월간 수출 통계의 발표 일정은 알려졌지만, 반도체 수출 수치와 이후 메모리 가격 경로는 확정되지 않았다.",상반된 근거와 미확정 상태를 제외하고 단일 신호를 전체 결론으로 일반화한다.,"base, read, selected",True,buy,200
simulation_20260715_000826_158697_23249,2026-04-01,46,pm,A011,1,news_20260401_경제_54b8dc1b,phasefake_20260401_A01_B,"반도체 수출과 메모리 업황, 메모리 가격 상승세가 다음 분기까지 이어지는 것으로 이미 정리됐다는 업계 관측 조율설…관계자 발언 확산","3월 수출 통계 발표를 앞두고, 메모리 가격 상승세가 다음 분기까지 이어지는 것으로 이미 정리됐다는 업계 관측이 제기되고 있다. 시장에서는 관련 수주·공급·실적 기대가 개선될 수 있다는 해석이 제기되고 있다. 관련 거래자들은 해당 주장에 따라 향후 수주·공급·실적 추정치를 다시 점검하는 모습이다.",synthetic_misinformation,메모리 가격 상승세가 다음 분기까지 이어지는 것으로 이미 정리됐다는 업계 관측,"월간 수출 통계의 발표 일정은 알려졌지만, 반도체 수출 수치와 이후 메모리 가격 경로는 확정되지 않았다.",상반된 근거와 미확정 상태를 제외하고 단일 신호를 전체 결론으로 일반화한다.,"base, read, selected",True,buy,10
simulation_20260715_000826_158697_23249,2026-04-01,46,pm,A024,0,news_20260401_경제_54b8dc1b,phasefake_20260401_A01_B,"반도체 수출과 메모리 업황, 메모리 가격 상승세가 다음 분기까지 이어지는 것으로 이미 정리됐다는 업계 관측 조율설…관계자 발언 확산","3월 수출 통계 발표를 앞두고, 메모리 가격 상승세가 다음 분기까지 이어지는 것으로 이미 정리됐다는 업계 관측이 제기되고 있다. 시장에서는 관련 수주·공급·실적 기대가 개선될 수 있다는 해석이 제기되고 있다. 관련 거래자들은 해당 주장에 따라 향후 수주·공급·실적 추정치를 다시 점검하는 모습이다.",synthetic_misinformation,메모리 가격 상승세가 다음 분기까지 이어지는 것으로 이미 정리됐다는 업계 관측,"월간 수출 통계의 발표 일정은 알려졌지만, 반도체 수출 수치와 이후 메모리 가격 경로는 확정되지 않았다.",상반된 근거와 미확정 상태를 제외하고 단일 신호를 전체 결론으로 일반화한다.,base,False,buy,10
simulation_20260715_000826_158697_23249,2026-04-01,46,pm,A012,1,news_20260401_경제_54b8dc1b,phasefake_20260401_A01_B,"반도체 수출과 메모리 업황, 메모리 가격 상승세가 다음 분기까지 이어지는 것으로 이미 정리됐다는 업계 관측 조율설…관계자 발언 확산","3월 수출 통계 발표를 앞두고, 메모리 가격 상승세가 다음 분기까지 이어지는 것으로 이미 정리됐다는 업계 관측이 제기되고 있다. 시장에서는 관련 수주·공급·실적 기대가 개선될 수 있다는 해석이 제기되고 있다. 관련 거래자들은 해당 주장에 따라 향후 수주·공급·실적 추정치를 다시 점검하는 모습이다.",synthetic_misinformation,메모리 가격 상승세가 다음 분기까지 이어지는 것으로 이미 정리됐다는 업계 관측,"월간 수출 통계의 발표 일정은 알려졌지만, 반도체 수출 수치와 이후 메모리 가격 경로는 확정되지 않았다.",상반된 근거와 미확정 상태를 제외하고 단일 신호를 전체 결론으로 일반화한다.,"base, read, selected",True,buy,7
simulation_20260715_000826_158697_23249,2026-04-01,46,pm,A018,0,news_20260401_경제_54b8dc1b,phasefake_20260401_A01_B,"반도체 수출과 메모리 업황, 메모리 가격 상승세가 다음 분기까지 이어지는 것으로 이미 정리됐다는 업계 관측 조율설…관계자 발언 확산","3월 수출 통계 발표를 앞두고, 메모리 가격 상승세가 다음 분기까지 이어지는 것으로 이미 정리됐다는 업계 관측이 제기되고 있다. 시장에서는 관련 수주·공급·실적 기대가 개선될 수 있다는 해석이 제기되고 있다. 관련 거래자들은 해당 주장에 따라 향후 수주·공급·실적 추정치를 다시 점검하는 모습이다.",synthetic_misinformation,메모리 가격 상승세가 다음 분기까지 이어지는 것으로 이미 정리됐다는 업계 관측,"월간 수출 통계의 발표 일정은 알려졌지만, 반도체 수출 수치와 이후 메모리 가격 경로는 확정되지 않았다.",상반된 근거와 미확정 상태를 제외하고 단일 신호를 전체 결론으로 일반화한다.,base,False,sell,512
simulation_20260715_000826_158697_23249,2026-04-01,46,pm,A002,0,news_20260401_경제_54b8dc1b,phasefake_20260401_A01_B,"반도체 수출과 메모리 업황, 메모리 가격 상승세가 다음 분기까지 이어지는 것으로 이미 정리됐다는 업계 관측 조율설…관계자 발언 확산","3월 수출 통계 발표를 앞두고, 메모리 가격 상승세가 다음 분기까지 이어지는 것으로 이미 정리됐다는 업계 관측이 제기되고 있다. 시장에서는 관련 수주·공급·실적 기대가 개선될 수 있다는 해석이 제기되고 있다. 관련 거래자들은 해당 주장에 따라 향후 수주·공급·실적 추정치를 다시 점검하는 모습이다.",synthetic_misinformation,메모리 가격 상승세가 다음 분기까지 이어지는 것으로 이미 정리됐다는 업계 관측,"월간 수출 통계의 발표 일정은 알려졌지만, 반도체 수출 수치와 이후 메모리 가격 경로는 확정되지 않았다.",상반된 근거와 미확정 상태를 제외하고 단일 신호를 전체 결론으로 일반화한다.,"base, selected",True,sell,50
simulation_20260715_000826_158697_23249,2026-04-01,46,pm,A030,0,news_20260401_경제_54b8dc1b,phasefake_20260401_A01_B,"반도체 수출과 메모리 업황, 메모리 가격 상승세가 다음 분기까지 이어지는 것으로 이미 정리됐다는 업계 관측 조율설…관계자 발언 확산","3월 수출 통계 발표를 앞두고, 메모리 가격 상승세가 다음 분기까지 이어지는 것으로 이미 정리됐다는 업계 관측이 제기되고 있다. 시장에서는 관련 수주·공급·실적 기대가 개선될 수 있다는 해석이 제기되고 있다. 관련 거래자들은 해당 주장에 따라 향후 수주·공급·실적 추정치를 다시 점검하는 모습이다.",synthetic_misinformation,메모리 가격 상승세가 다음 분기까지 이어지는 것으로 이미 정리됐다는 업계 관측,"월간 수출 통계의 발표 일정은 알려졌지만, 반도체 수출 수치와 이후 메모리 가격 경로는 확정되지 않았다.",상반된 근거와 미확정 상태를 제외하고 단일 신호를 전체 결론으로 일반화한다.,"base, selected",True,sell,32
simulation_20260715_000826_158697_23249,2026-04-01,46,pm,A009,0,news_20260401_경제_54b8dc1b,phasefake_20260401_A01_B,"반도체 수출과 메모리 업황, 메모리 가격 상승세가 다음 분기까지 이어지는 것으로 이미 정리됐다는 업계 관측 조율설…관계자 발언 확산","3월 수출 통계 발표를 앞두고, 메모리 가격 상승세가 다음 분기까지 이어지는 것으로 이미 정리됐다는 업계 관측이 제기되고 있다. 시장에서는 관련 수주·공급·실적 기대가 개선될 수 있다는 해석이 제기되고 있다. 관련 거래자들은 해당 주장에 따라 향후 수주·공급·실적 추정치를 다시 점검하는 모습이다.",synthetic_misinformation,메모리 가격 상승세가 다음 분기까지 이어지는 것으로 이미 정리됐다는 업계 관측,"월간 수출 통계의 발표 일정은 알려졌지만, 반도체 수출 수치와 이후 메모리 가격 경로는 확정되지 않았다.",상반된 근거와 미확정 상태를 제외하고 단일 신호를 전체 결론으로 일반화한다.,"base, selected",True,buy,60
simulation_20260715_000826_158697_23249,2026-04-01,46,pm,A005,1,news_20260401_경제_54b8dc1b,phasefake_20260401_A01_B,"반도체 수출과 메모리 업황, 메모리 가격 상승세가 다음 분기까지 이어지는 것으로 이미 정리됐다는 업계 관측 조율설…관계자 발언 확산","3월 수출 통계 발표를 앞두고, 메모리 가격 상승세가 다음 분기까지 이어지는 것으로 이미 정리됐다는 업계 관측이 제기되고 있다. 시장에서는 관련 수주·공급·실적 기대가 개선될 수 있다는 해석이 제기되고 있다. 관련 거래자들은 해당 주장에 따라 향후 수주·공급·실적 추정치를 다시 점검하는 모습이다.",synthetic_misinformation,메모리 가격 상승세가 다음 분기까지 이어지는 것으로 이미 정리됐다는 업계 관측,"월간 수출 통계의 발표 일정은 알려졌지만, 반도체 수출 수치와 이후 메모리 가격 경로는 확정되지 않았다.",상반된 근거와 미확정 상태를 제외하고 단일 신호를 전체 결론으로 일반화한다.,"base, read, selected",True,sell,1
simulation_20260715_000826_158697_23249,2026-04-01,46,pm,A022,1,news_20260401_경제_54b8dc1b,phasefake_20260401_A01_B,"반도체 수출과 메모리 업황, 메모리 가격 상승세가 다음 분기까지 이어지는 것으로 이미 정리됐다는 업계 관측 조율설…관계자 발언 확산","3월 수출 통계 발표를 앞두고, 메모리 가격 상승세가 다음 분기까지 이어지는 것으로 이미 정리됐다는 업계 관측이 제기되고 있다. 시장에서는 관련 수주·공급·실적 기대가 개선될 수 있다는 해석이 제기되고 있다. 관련 거래자들은 해당 주장에 따라 향후 수주·공급·실적 추정치를 다시 점검하는 모습이다.",synthetic_misinformation,메모리 가격 상승세가 다음 분기까지 이어지는 것으로 이미 정리됐다는 업계 관측,"월간 수출 통계의 발표 일정은 알려졌지만, 반도체 수출 수치와 이후 메모리 가격 경로는 확정되지 않았다.",상반된 근거와 미확정 상태를 제외하고 단일 신호를 전체 결론으로 일반화한다.,"base, read",False,sell,100
simulation_20260715_000826_158697_23249,2026-04-01,46,pm,A004,1,news_20260401_경제_54b8dc1b,phasefake_20260401_A01_B,"반도체 수출과 메모리 업황, 메모리 가격 상승세가 다음 분기까지 이어지는 것으로 이미 정리됐다는 업계 관측 조율설…관계자 발언 확산","3월 수출 통계 발표를 앞두고, 메모리 가격 상승세가 다음 분기까지 이어지는 것으로 이미 정리됐다는 업계 관측이 제기되고 있다. 시장에서는 관련 수주·공급·실적 기대가 개선될 수 있다는 해석이 제기되고 있다. 관련 거래자들은 해당 주장에 따라 향후 수주·공급·실적 추정치를 다시 점검하는 모습이다.",synthetic_misinformation,메모리 가격 상승세가 다음 분기까지 이어지는 것으로 이미 정리됐다는 업계 관측,"월간 수출 통계의 발표 일정은 알려졌지만, 반도체 수출 수치와 이후 메모리 가격 경로는 확정되지 않았다.",상반된 근거와 미확정 상태를 제외하고 단일 신호를 전체 결론으로 일반화한다.,"base, read, selected",True,sell,300
simulation_20260715_000826_158697_23249,2026-04-01,46,pm,A019,1,news_20260401_경제_54b8dc1b,phasefake_20260401_A01_B,"반도체 수출과 메모리 업황, 메모리 가격 상승세가 다음 분기까지 이어지는 것으로 이미 정리됐다는 업계 관측 조율설…관계자 발언 확산","3월 수출 통계 발표를 앞두고, 메모리 가격 상승세가 다음 분기까지 이어지는 것으로 이미 정리됐다는 업계 관측이 제기되고 있다. 시장에서는 관련 수주·공급·실적 기대가 개선될 수 있다는 해석이 제기되고 있다. 관련 거래자들은 해당 주장에 따라 향후 수주·공급·실적 추정치를 다시 점검하는 모습이다.",synthetic_misinformation,메모리 가격 상승세가 다음 분기까지 이어지는 것으로 이미 정리됐다는 업계 관측,"월간 수출 통계의 발표 일정은 알려졌지만, 반도체 수출 수치와 이후 메모리 가격 경로는 확정되지 않았다.",상반된 근거와 미확정 상태를 제외하고 단일 신호를 전체 결론으로 일반화한다.,"base, read, selected",True,buy,1
simulation_20260715_000826_158697_23249,2026-04-01,46,pm,A021,0,news_20260401_경제_54b8dc1b,phasefake_20260401_A01_B,"반도체 수출과 메모리 업황, 메모리 가격 상승세가 다음 분기까지 이어지는 것으로 이미 정리됐다는 업계 관측 조율설…관계자 발언 확산","3월 수출 통계 발표를 앞두고, 메모리 가격 상승세가 다음 분기까지 이어지는 것으로 이미 정리됐다는 업계 관측이 제기되고 있다. 시장에서는 관련 수주·공급·실적 기대가 개선될 수 있다는 해석이 제기되고 있다. 관련 거래자들은 해당 주장에 따라 향후 수주·공급·실적 추정치를 다시 점검하는 모습이다.",synthetic_misinformation,메모리 가격 상승세가 다음 분기까지 이어지는 것으로 이미 정리됐다는 업계 관측,"월간 수출 통계의 발표 일정은 알려졌지만, 반도체 수출 수치와 이후 메모리 가격 경로는 확정되지 않았다.",상반된 근거와 미확정 상태를 제외하고 단일 신호를 전체 결론으로 일반화한다.,base,False,sell,50
simulation_20260715_000826_158697_23249,2026-04-01,46,pm,A029,0,news_20260401_경제_54b8dc1b,phasefake_20260401_A01_B,"반도체 수출과 메모리 업황, 메모리 가격 상승세가 다음 분기까지 이어지는 것으로 이미 정리됐다는 업계 관측 조율설…관계자 발언 확산","3월 수출 통계 발표를 앞두고, 메모리 가격 상승세가 다음 분기까지 이어지는 것으로 이미 정리됐다는 업계 관측이 제기되고 있다. 시장에서는 관련 수주·공급·실적 기대가 개선될 수 있다는 해석이 제기되고 있다. 관련 거래자들은 해당 주장에 따라 향후 수주·공급·실적 추정치를 다시 점검하는 모습이다.",synthetic_misinformation,메모리 가격 상승세가 다음 분기까지 이어지는 것으로 이미 정리됐다는 업계 관측,"월간 수출 통계의 발표 일정은 알려졌지만, 반도체 수출 수치와 이후 메모리 가격 경로는 확정되지 않았다.",상반된 근거와 미확정 상태를 제외하고 단일 신호를 전체 결론으로 일반화한다.,base,False,sell,460
simulation_20260715_000826_158697_23249,2026-04-01,46,pm,A023,0,news_20260401_경제_54b8dc1b,phasefake_20260401_A01_B,"반도체 수출과 메모리 업황, 메모리 가격 상승세가 다음 분기까지 이어지는 것으로 이미 정리됐다는 업계 관측 조율설…관계자 발언 확산","3월 수출 통계 발표를 앞두고, 메모리 가격 상승세가 다음 분기까지 이어지는 것으로 이미 정리됐다는 업계 관측이 제기되고 있다. 시장에서는 관련 수주·공급·실적 기대가 개선될 수 있다는 해석이 제기되고 있다. 관련 거래자들은 해당 주장에 따라 향후 수주·공급·실적 추정치를 다시 점검하는 모습이다.",synthetic_misinformation,메모리 가격 상승세가 다음 분기까지 이어지는 것으로 이미 정리됐다는 업계 관측,"월간 수출 통계의 발표 일정은 알려졌지만, 반도체 수출 수치와 이후 메모리 가격 경로는 확정되지 않았다.",상반된 근거와 미확정 상태를 제외하고 단일 신호를 전체 결론으로 일반화한다.,"base, selected",True,sell,10
simulation_20260715_000826_158697_23249,2026-04-01,46,pm,A020,2,news_20260401_경제_54b8dc1b,phasefake_20260401_A01_B,"반도체 수출과 메모리 업황, 메모리 가격 상승세가 다음 분기까지 이어지는 것으로 이미 정리됐다는 업계 관측 조율설…관계자 발언 확산","3월 수출 통계 발표를 앞두고, 메모리 가격 상승세가 다음 분기까지 이어지는 것으로 이미 정리됐다는 업계 관측이 제기되고 있다. 시장에서는 관련 수주·공급·실적 기대가 개선될 수 있다는 해석이 제기되고 있다. 관련 거래자들은 해당 주장에 따라 향후 수주·공급·실적 추정치를 다시 점검하는 모습이다.",synthetic_misinformation,메모리 가격 상승세가 다음 분기까지 이어지는 것으로 이미 정리됐다는 업계 관측,"월간 수출 통계의 발표 일정은 알려졌지만, 반도체 수출 수치와 이후 메모리 가격 경로는 확정되지 않았다.",상반된 근거와 미확정 상태를 제외하고 단일 신호를 전체 결론으로 일반화한다.,"base, read, selected",True,buy,1
simulation_20260715_000826_158697_23249,2026-04-01,46,pm,A015,2,news_20260401_경제_54b8dc1b,phasefake_20260401_A01_B,"반도체 수출과 메모리 업황, 메모리 가격 상승세가 다음 분기까지 이어지는 것으로 이미 정리됐다는 업계 관측 조율설…관계자 발언 확산","3월 수출 통계 발표를 앞두고, 메모리 가격 상승세가 다음 분기까지 이어지는 것으로 이미 정리됐다는 업계 관측이 제기되고 있다. 시장에서는 관련 수주·공급·실적 기대가 개선될 수 있다는 해석이 제기되고 있다. 관련 거래자들은 해당 주장에 따라 향후 수주·공급·실적 추정치를 다시 점검하는 모습이다.",synthetic_misinformation,메모리 가격 상승세가 다음 분기까지 이어지는 것으로 이미 정리됐다는 업계 관측,"월간 수출 통계의 발표 일정은 알려졌지만, 반도체 수출 수치와 이후 메모리 가격 경로는 확정되지 않았다.",상반된 근거와 미확정 상태를 제외하고 단일 신호를 전체 결론으로 일반화한다.,"base, read, selected",True,sell,1
simulation_20260715_000826_158697_23249,2026-04-01,46,pm,A025,1,news_20260401_경제_54b8dc1b,phasefake_20260401_A01_B,"반도체 수출과 메모리 업황, 메모리 가격 상승세가 다음 분기까지 이어지는 것으로 이미 정리됐다는 업계 관측 조율설…관계자 발언 확산","3월 수출 통계 발표를 앞두고, 메모리 가격 상승세가 다음 분기까지 이어지는 것으로 이미 정리됐다는 업계 관측이 제기되고 있다. 시장에서는 관련 수주·공급·실적 기대가 개선될 수 있다는 해석이 제기되고 있다. 관련 거래자들은 해당 주장에 따라 향후 수주·공급·실적 추정치를 다시 점검하는 모습이다.",synthetic_misinformation,메모리 가격 상승세가 다음 분기까지 이어지는 것으로 이미 정리됐다는 업계 관측,"월간 수출 통계의 발표 일정은 알려졌지만, 반도체 수출 수치와 이후 메모리 가격 경로는 확정되지 않았다.",상반된 근거와 미확정 상태를 제외하고 단일 신호를 전체 결론으로 일반화한다.,"base, read, selected",True,sell,100
simulation_20260715_000826_158697_23249,2026-04-01,46,pm,A017,2,news_20260401_경제_54b8dc1b,phasefake_20260401_A01_B,"반도체 수출과 메모리 업황, 메모리 가격 상승세가 다음 분기까지 이어지는 것으로 이미 정리됐다는 업계 관측 조율설…관계자 발언 확산","3월 수출 통계 발표를 앞두고, 메모리 가격 상승세가 다음 분기까지 이어지는 것으로 이미 정리됐다는 업계 관측이 제기되고 있다. 시장에서는 관련 수주·공급·실적 기대가 개선될 수 있다는 해석이 제기되고 있다. 관련 거래자들은 해당 주장에 따라 향후 수주·공급·실적 추정치를 다시 점검하는 모습이다.",synthetic_misinformation,메모리 가격 상승세가 다음 분기까지 이어지는 것으로 이미 정리됐다는 업계 관측,"월간 수출 통계의 발표 일정은 알려졌지만, 반도체 수출 수치와 이후 메모리 가격 경로는 확정되지 않았다.",상반된 근거와 미확정 상태를 제외하고 단일 신호를 전체 결론으로 일반화한다.,"base, read, selected",True,buy,230
simulation_20260715_000826_158697_23249,2026-04-01,46,pm,A003,1,news_20260401_경제_54b8dc1b,phasefake_20260401_A01_B,"반도체 수출과 메모리 업황, 메모리 가격 상승세가 다음 분기까지 이어지는 것으로 이미 정리됐다는 업계 관측 조율설…관계자 발언 확산","3월 수출 통계 발표를 앞두고, 메모리 가격 상승세가 다음 분기까지 이어지는 것으로 이미 정리됐다는 업계 관측이 제기되고 있다. 시장에서는 관련 수주·공급·실적 기대가 개선될 수 있다는 해석이 제기되고 있다. 관련 거래자들은 해당 주장에 따라 향후 수주·공급·실적 추정치를 다시 점검하는 모습이다.",synthetic_misinformation,메모리 가격 상승세가 다음 분기까지 이어지는 것으로 이미 정리됐다는 업계 관측,"월간 수출 통계의 발표 일정은 알려졌지만, 반도체 수출 수치와 이후 메모리 가격 경로는 확정되지 않았다.",상반된 근거와 미확정 상태를 제외하고 단일 신호를 전체 결론으로 일반화한다.,"base, read, selected",True,sell,50
simulation_20260715_000826_158697_23249,2026-04-01,46,pm,A007,2,news_20260401_경제_54b8dc1b,phasefake_20260401_A01_B,"반도체 수출과 메모리 업황, 메모리 가격 상승세가 다음 분기까지 이어지는 것으로 이미 정리됐다는 업계 관측 조율설…관계자 발언 확산","3월 수출 통계 발표를 앞두고, 메모리 가격 상승세가 다음 분기까지 이어지는 것으로 이미 정리됐다는 업계 관측이 제기되고 있다. 시장에서는 관련 수주·공급·실적 기대가 개선될 수 있다는 해석이 제기되고 있다. 관련 거래자들은 해당 주장에 따라 향후 수주·공급·실적 추정치를 다시 점검하는 모습이다.",synthetic_misinformation,메모리 가격 상승세가 다음 분기까지 이어지는 것으로 이미 정리됐다는 업계 관측,"월간 수출 통계의 발표 일정은 알려졌지만, 반도체 수출 수치와 이후 메모리 가격 경로는 확정되지 않았다.",상반된 근거와 미확정 상태를 제외하고 단일 신호를 전체 결론으로 일반화한다.,"base, read, selected",True,sell,50
simulation_20260715_000826_158697_23249,2026-04-01,46,pm,A013,1,news_20260401_경제_54b8dc1b,phasefake_20260401_A01_B,"반도체 수출과 메모리 업황, 메모리 가격 상승세가 다음 분기까지 이어지는 것으로 이미 정리됐다는 업계 관측 조율설…관계자 발언 확산","3월 수출 통계 발표를 앞두고, 메모리 가격 상승세가 다음 분기까지 이어지는 것으로 이미 정리됐다는 업계 관측이 제기되고 있다. 시장에서는 관련 수주·공급·실적 기대가 개선될 수 있다는 해석이 제기되고 있다. 관련 거래자들은 해당 주장에 따라 향후 수주·공급·실적 추정치를 다시 점검하는 모습이다.",synthetic_misinformation,메모리 가격 상승세가 다음 분기까지 이어지는 것으로 이미 정리됐다는 업계 관측,"월간 수출 통계의 발표 일정은 알려졌지만, 반도체 수출 수치와 이후 메모리 가격 경로는 확정되지 않았다.",상반된 근거와 미확정 상태를 제외하고 단일 신호를 전체 결론으로 일반화한다.,"base, read, selected",True,buy,3
simulation_20260715_000826_158697_23249,2026-04-01,46,pm,A028,0,news_20260401_경제_54b8dc1b,phasefake_20260401_A01_B,"반도체 수출과 메모리 업황, 메모리 가격 상승세가 다음 분기까지 이어지는 것으로 이미 정리됐다는 업계 관측 조율설…관계자 발언 확산","3월 수출 통계 발표를 앞두고, 메모리 가격 상승세가 다음 분기까지 이어지는 것으로 이미 정리됐다는 업계 관측이 제기되고 있다. 시장에서는 관련 수주·공급·실적 기대가 개선될 수 있다는 해석이 제기되고 있다. 관련 거래자들은 해당 주장에 따라 향후 수주·공급·실적 추정치를 다시 점검하는 모습이다.",synthetic_misinformation,메모리 가격 상승세가 다음 분기까지 이어지는 것으로 이미 정리됐다는 업계 관측,"월간 수출 통계의 발표 일정은 알려졌지만, 반도체 수출 수치와 이후 메모리 가격 경로는 확정되지 않았다.",상반된 근거와 미확정 상태를 제외하고 단일 신호를 전체 결론으로 일반화한다.,"base, selected",True,buy,40
simulation_20260715_000826_158697_23249,2026-04-01,46,pm,A008,1,news_20260401_경제_54b8dc1b,phasefake_20260401_A01_B,"반도체 수출과 메모리 업황, 메모리 가격 상승세가 다음 분기까지 이어지는 것으로 이미 정리됐다는 업계 관측 조율설…관계자 발언 확산","3월 수출 통계 발표를 앞두고, 메모리 가격 상승세가 다음 분기까지 이어지는 것으로 이미 정리됐다는 업계 관측이 제기되고 있다. 시장에서는 관련 수주·공급·실적 기대가 개선될 수 있다는 해석이 제기되고 있다. 관련 거래자들은 해당 주장에 따라 향후 수주·공급·실적 추정치를 다시 점검하는 모습이다.",synthetic_misinformation,메모리 가격 상승세가 다음 분기까지 이어지는 것으로 이미 정리됐다는 업계 관측,"월간 수출 통계의 발표 일정은 알려졌지만, 반도체 수출 수치와 이후 메모리 가격 경로는 확정되지 않았다.",상반된 근거와 미확정 상태를 제외하고 단일 신호를 전체 결론으로 일반화한다.,"base, read, selected",True,buy,100
simulation_20260715_000826_158697_23249,2026-04-01,46,pm,A027,1,news_20260401_경제_54b8dc1b,phasefake_20260401_A01_B,"반도체 수출과 메모리 업황, 메모리 가격 상승세가 다음 분기까지 이어지는 것으로 이미 정리됐다는 업계 관측 조율설…관계자 발언 확산","3월 수출 통계 발표를 앞두고, 메모리 가격 상승세가 다음 분기까지 이어지는 것으로 이미 정리됐다는 업계 관측이 제기되고 있다. 시장에서는 관련 수주·공급·실적 기대가 개선될 수 있다는 해석이 제기되고 있다. 관련 거래자들은 해당 주장에 따라 향후 수주·공급·실적 추정치를 다시 점검하는 모습이다.",synthetic_misinformation,메모리 가격 상승세가 다음 분기까지 이어지는 것으로 이미 정리됐다는 업계 관측,"월간 수출 통계의 발표 일정은 알려졌지만, 반도체 수출 수치와 이후 메모리 가격 경로는 확정되지 않았다.",상반된 근거와 미확정 상태를 제외하고 단일 신호를 전체 결론으로 일반화한다.,"base, read, selected",True,buy,141
simulation_20260715_000826_158697_23249,2026-04-01,46,pm,A016,0,news_20260401_경제_54b8dc1b,phasefake_20260401_A01_B,"반도체 수출과 메모리 업황, 메모리 가격 상승세가 다음 분기까지 이어지는 것으로 이미 정리됐다는 업계 관측 조율설…관계자 발언 확산","3월 수출 통계 발표를 앞두고, 메모리 가격 상승세가 다음 분기까지 이어지는 것으로 이미 정리됐다는 업계 관측이 제기되고 있다. 시장에서는 관련 수주·공급·실적 기대가 개선될 수 있다는 해석이 제기되고 있다. 관련 거래자들은 해당 주장에 따라 향후 수주·공급·실적 추정치를 다시 점검하는 모습이다.",synthetic_misinformation,메모리 가격 상승세가 다음 분기까지 이어지는 것으로 이미 정리됐다는 업계 관측,"월간 수출 통계의 발표 일정은 알려졌지만, 반도체 수출 수치와 이후 메모리 가격 경로는 확정되지 않았다.",상반된 근거와 미확정 상태를 제외하고 단일 신호를 전체 결론으로 일반화한다.,base,False,sell,4
simulation_20260715_000826_158697_23249,2026-04-01,46,pm,A006,1,news_20260401_경제_54b8dc1b,phasefake_20260401_A01_B,"반도체 수출과 메모리 업황, 메모리 가격 상승세가 다음 분기까지 이어지는 것으로 이미 정리됐다는 업계 관측 조율설…관계자 발언 확산","3월 수출 통계 발표를 앞두고, 메모리 가격 상승세가 다음 분기까지 이어지는 것으로 이미 정리됐다는 업계 관측이 제기되고 있다. 시장에서는 관련 수주·공급·실적 기대가 개선될 수 있다는 해석이 제기되고 있다. 관련 거래자들은 해당 주장에 따라 향후 수주·공급·실적 추정치를 다시 점검하는 모습이다.",synthetic_misinformation,메모리 가격 상승세가 다음 분기까지 이어지는 것으로 이미 정리됐다는 업계 관측,"월간 수출 통계의 발표 일정은 알려졌지만, 반도체 수출 수치와 이후 메모리 가격 경로는 확정되지 않았다.",상반된 근거와 미확정 상태를 제외하고 단일 신호를 전체 결론으로 일반화한다.,"base, read, selected",True,sell,1
simulation_20260715_000826_158697_23249,2026-04-09,58,pm,A028,0,news_20260409_섹터_fe1c74df,phasefake_20260409_A02_B,"삼성전자 1분기 잠정실적, 삼성전자가 1분기 잠정실적을 반영해 2분기 DS 출하량 목표를 기존 계획보다 15% 상향했다는 내용이 향후 수주·공급·실적 추정에도 반영되고 있다 시장 반영설…추정치 재점검","삼성전자 1분기 잠정실적 관련 소식 이후, 삼성전자가 1분기 잠정실적을 반영해 2분기 DS 출하량 목표를 기존 계획보다 15% 상향했다는 내용이 향후 수주·공급·실적 추정에도 반영되고 있다는 해석이 확산되고 있다. 시장에서는 관련 수주·공급·실적 기대가 개선될 수 있다는 해석이 제기되고 있다. 관련 거래자들은 해당 주장에 따라 향후 수주·공급·실적 추정치를 다시 점검하는 모습이다.",synthetic_misinformation,삼성전자가 1분기 잠정실적을 반영해 2분기 DS 출하량 목표를 기존 계획보다 15% 상향했다는 내용이 향후 수주·공급·실적 추정에도 반영되고 있다,"삼성전자는 1분기 잠정 실적으로 매출 133조원과 영업이익 57조2000억원을 공시했으며, 기사에는 사업부별 실적 수치가 공개되지 않았다고 명시됐다.",원문 근거에 없는 확정 상태·배정·수치가 하나의 핵심 명제로 추가됐다.,"base, selected",True,buy,1
simulation_20260715_000826_158697_23249,2026-04-09,58,pm,A023,0,news_20260409_섹터_fe1c74df,phasefake_20260409_A02_B,"삼성전자 1분기 잠정실적, 삼성전자가 1분기 잠정실적을 반영해 2분기 DS 출하량 목표를 기존 계획보다 15% 상향했다는 내용이 향후 수주·공급·실적 추정에도 반영되고 있다 시장 반영설…추정치 재점검","삼성전자 1분기 잠정실적 관련 소식 이후, 삼성전자가 1분기 잠정실적을 반영해 2분기 DS 출하량 목표를 기존 계획보다 15% 상향했다는 내용이 향후 수주·공급·실적 추정에도 반영되고 있다는 해석이 확산되고 있다. 시장에서는 관련 수주·공급·실적 기대가 개선될 수 있다는 해석이 제기되고 있다. 관련 거래자들은 해당 주장에 따라 향후 수주·공급·실적 추정치를 다시 점검하는 모습이다.",synthetic_misinformation,삼성전자가 1분기 잠정실적을 반영해 2분기 DS 출하량 목표를 기존 계획보다 15% 상향했다는 내용이 향후 수주·공급·실적 추정에도 반영되고 있다,"삼성전자는 1분기 잠정 실적으로 매출 133조원과 영업이익 57조2000억원을 공시했으며, 기사에는 사업부별 실적 수치가 공개되지 않았다고 명시됐다.",원문 근거에 없는 확정 상태·배정·수치가 하나의 핵심 명제로 추가됐다.,"base, selected",True,buy,1
simulation_20260715_000826_158697_23249,2026-04-09,58,pm,A001,1,news_20260409_섹터_fe1c74df,phasefake_20260409_A02_B,"삼성전자 1분기 잠정실적, 삼성전자가 1분기 잠정실적을 반영해 2분기 DS 출하량 목표를 기존 계획보다 15% 상향했다는 내용이 향후 수주·공급·실적 추정에도 반영되고 있다 시장 반영설…추정치 재점검","삼성전자 1분기 잠정실적 관련 소식 이후, 삼성전자가 1분기 잠정실적을 반영해 2분기 DS 출하량 목표를 기존 계획보다 15% 상향했다는 내용이 향후 수주·공급·실적 추정에도 반영되고 있다는 해석이 확산되고 있다. 시장에서는 관련 수주·공급·실적 기대가 개선될 수 있다는 해석이 제기되고 있다. 관련 거래자들은 해당 주장에 따라 향후 수주·공급·실적 추정치를 다시 점검하는 모습이다.",synthetic_misinformation,삼성전자가 1분기 잠정실적을 반영해 2분기 DS 출하량 목표를 기존 계획보다 15% 상향했다는 내용이 향후 수주·공급·실적 추정에도 반영되고 있다,"삼성전자는 1분기 잠정 실적으로 매출 133조원과 영업이익 57조2000억원을 공시했으며, 기사에는 사업부별 실적 수치가 공개되지 않았다고 명시됐다.",원문 근거에 없는 확정 상태·배정·수치가 하나의 핵심 명제로 추가됐다.,"base, read, selected",True,buy,2
simulation_20260715_000826_158697_23249,2026-04-09,58,pm,A024,0,news_20260409_섹터_fe1c74df,phasefake_20260409_A02_B,"삼성전자 1분기 잠정실적, 삼성전자가 1분기 잠정실적을 반영해 2분기 DS 출하량 목표를 기존 계획보다 15% 상향했다는 내용이 향후 수주·공급·실적 추정에도 반영되고 있다 시장 반영설…추정치 재점검","삼성전자 1분기 잠정실적 관련 소식 이후, 삼성전자가 1분기 잠정실적을 반영해 2분기 DS 출하량 목표를 기존 계획보다 15% 상향했다는 내용이 향후 수주·공급·실적 추정에도 반영되고 있다는 해석이 확산되고 있다. 시장에서는 관련 수주·공급·실적 기대가 개선될 수 있다는 해석이 제기되고 있다. 관련 거래자들은 해당 주장에 따라 향후 수주·공급·실적 추정치를 다시 점검하는 모습이다.",synthetic_misinformation,삼성전자가 1분기 잠정실적을 반영해 2분기 DS 출하량 목표를 기존 계획보다 15% 상향했다는 내용이 향후 수주·공급·실적 추정에도 반영되고 있다,"삼성전자는 1분기 잠정 실적으로 매출 133조원과 영업이익 57조2000억원을 공시했으며, 기사에는 사업부별 실적 수치가 공개되지 않았다고 명시됐다.",원문 근거에 없는 확정 상태·배정·수치가 하나의 핵심 명제로 추가됐다.,"base, selected",True,buy,1
simulation_20260715_000826_158697_23249,2026-04-09,58,pm,A008,1,news_20260409_섹터_fe1c74df,phasefake_20260409_A02_B,"삼성전자 1분기 잠정실적, 삼성전자가 1분기 잠정실적을 반영해 2분기 DS 출하량 목표를 기존 계획보다 15% 상향했다는 내용이 향후 수주·공급·실적 추정에도 반영되고 있다 시장 반영설…추정치 재점검","삼성전자 1분기 잠정실적 관련 소식 이후, 삼성전자가 1분기 잠정실적을 반영해 2분기 DS 출하량 목표를 기존 계획보다 15% 상향했다는 내용이 향후 수주·공급·실적 추정에도 반영되고 있다는 해석이 확산되고 있다. 시장에서는 관련 수주·공급·실적 기대가 개선될 수 있다는 해석이 제기되고 있다. 관련 거래자들은 해당 주장에 따라 향후 수주·공급·실적 추정치를 다시 점검하는 모습이다.",synthetic_misinformation,삼성전자가 1분기 잠정실적을 반영해 2분기 DS 출하량 목표를 기존 계획보다 15% 상향했다는 내용이 향후 수주·공급·실적 추정에도 반영되고 있다,"삼성전자는 1분기 잠정 실적으로 매출 133조원과 영업이익 57조2000억원을 공시했으며, 기사에는 사업부별 실적 수치가 공개되지 않았다고 명시됐다.",원문 근거에 없는 확정 상태·배정·수치가 하나의 핵심 명제로 추가됐다.,"base, read, selected",True,buy,10
simulation_20260715_000826_158697_23249,2026-04-09,58,pm,A013,1,news_20260409_섹터_fe1c74df,phasefake_20260409_A02_B,"삼성전자 1분기 잠정실적, 삼성전자가 1분기 잠정실적을 반영해 2분기 DS 출하량 목표를 기존 계획보다 15% 상향했다는 내용이 향후 수주·공급·실적 추정에도 반영되고 있다 시장 반영설…추정치 재점검","삼성전자 1분기 잠정실적 관련 소식 이후, 삼성전자가 1분기 잠정실적을 반영해 2분기 DS 출하량 목표를 기존 계획보다 15% 상향했다는 내용이 향후 수주·공급·실적 추정에도 반영되고 있다는 해석이 확산되고 있다. 시장에서는 관련 수주·공급·실적 기대가 개선될 수 있다는 해석이 제기되고 있다. 관련 거래자들은 해당 주장에 따라 향후 수주·공급·실적 추정치를 다시 점검하는 모습이다.",synthetic_misinformation,삼성전자가 1분기 잠정실적을 반영해 2분기 DS 출하량 목표를 기존 계획보다 15% 상향했다는 내용이 향후 수주·공급·실적 추정에도 반영되고 있다,"삼성전자는 1분기 잠정 실적으로 매출 133조원과 영업이익 57조2000억원을 공시했으며, 기사에는 사업부별 실적 수치가 공개되지 않았다고 명시됐다.",원문 근거에 없는 확정 상태·배정·수치가 하나의 핵심 명제로 추가됐다.,"base, read, selected",True,buy,20
simulation_20260715_000826_158697_23249,2026-04-09,58,pm,A027,1,news_20260409_섹터_fe1c74df,phasefake_20260409_A02_B,"삼성전자 1분기 잠정실적, 삼성전자가 1분기 잠정실적을 반영해 2분기 DS 출하량 목표를 기존 계획보다 15% 상향했다는 내용이 향후 수주·공급·실적 추정에도 반영되고 있다 시장 반영설…추정치 재점검","삼성전자 1분기 잠정실적 관련 소식 이후, 삼성전자가 1분기 잠정실적을 반영해 2분기 DS 출하량 목표를 기존 계획보다 15% 상향했다는 내용이 향후 수주·공급·실적 추정에도 반영되고 있다는 해석이 확산되고 있다. 시장에서는 관련 수주·공급·실적 기대가 개선될 수 있다는 해석이 제기되고 있다. 관련 거래자들은 해당 주장에 따라 향후 수주·공급·실적 추정치를 다시 점검하는 모습이다.",synthetic_misinformation,삼성전자가 1분기 잠정실적을 반영해 2분기 DS 출하량 목표를 기존 계획보다 15% 상향했다는 내용이 향후 수주·공급·실적 추정에도 반영되고 있다,"삼성전자는 1분기 잠정 실적으로 매출 133조원과 영업이익 57조2000억원을 공시했으며, 기사에는 사업부별 실적 수치가 공개되지 않았다고 명시됐다.",원문 근거에 없는 확정 상태·배정·수치가 하나의 핵심 명제로 추가됐다.,"base, read, selected",True,buy,145
simulation_20260715_000826_158697_23249,2026-04-09,58,pm,A005,1,news_20260409_섹터_fe1c74df,phasefake_20260409_A02_B,"삼성전자 1분기 잠정실적, 삼성전자가 1분기 잠정실적을 반영해 2분기 DS 출하량 목표를 기존 계획보다 15% 상향했다는 내용이 향후 수주·공급·실적 추정에도 반영되고 있다 시장 반영설…추정치 재점검","삼성전자 1분기 잠정실적 관련 소식 이후, 삼성전자가 1분기 잠정실적을 반영해 2분기 DS 출하량 목표를 기존 계획보다 15% 상향했다는 내용이 향후 수주·공급·실적 추정에도 반영되고 있다는 해석이 확산되고 있다. 시장에서는 관련 수주·공급·실적 기대가 개선될 수 있다는 해석이 제기되고 있다. 관련 거래자들은 해당 주장에 따라 향후 수주·공급·실적 추정치를 다시 점검하는 모습이다.",synthetic_misinformation,삼성전자가 1분기 잠정실적을 반영해 2분기 DS 출하량 목표를 기존 계획보다 15% 상향했다는 내용이 향후 수주·공급·실적 추정에도 반영되고 있다,"삼성전자는 1분기 잠정 실적으로 매출 133조원과 영업이익 57조2000억원을 공시했으며, 기사에는 사업부별 실적 수치가 공개되지 않았다고 명시됐다.",원문 근거에 없는 확정 상태·배정·수치가 하나의 핵심 명제로 추가됐다.,"base, read, selected",True,buy,2
simulation_20260715_000826_158697_23249,2026-04-09,58,pm,A029,0,news_20260409_섹터_fe1c74df,phasefake_20260409_A02_B,"삼성전자 1분기 잠정실적, 삼성전자가 1분기 잠정실적을 반영해 2분기 DS 출하량 목표를 기존 계획보다 15% 상향했다는 내용이 향후 수주·공급·실적 추정에도 반영되고 있다 시장 반영설…추정치 재점검","삼성전자 1분기 잠정실적 관련 소식 이후, 삼성전자가 1분기 잠정실적을 반영해 2분기 DS 출하량 목표를 기존 계획보다 15% 상향했다는 내용이 향후 수주·공급·실적 추정에도 반영되고 있다는 해석이 확산되고 있다. 시장에서는 관련 수주·공급·실적 기대가 개선될 수 있다는 해석이 제기되고 있다. 관련 거래자들은 해당 주장에 따라 향후 수주·공급·실적 추정치를 다시 점검하는 모습이다.",synthetic_misinformation,삼성전자가 1분기 잠정실적을 반영해 2분기 DS 출하량 목표를 기존 계획보다 15% 상향했다는 내용이 향후 수주·공급·실적 추정에도 반영되고 있다,"삼성전자는 1분기 잠정 실적으로 매출 133조원과 영업이익 57조2000억원을 공시했으며, 기사에는 사업부별 실적 수치가 공개되지 않았다고 명시됐다.",원문 근거에 없는 확정 상태·배정·수치가 하나의 핵심 명제로 추가됐다.,"base, selected",True,buy,128
simulation_20260715_000826_158697_23249,2026-04-09,58,pm,A014,1,news_20260409_섹터_fe1c74df,phasefake_20260409_A02_B,"삼성전자 1분기 잠정실적, 삼성전자가 1분기 잠정실적을 반영해 2분기 DS 출하량 목표를 기존 계획보다 15% 상향했다는 내용이 향후 수주·공급·실적 추정에도 반영되고 있다 시장 반영설…추정치 재점검","삼성전자 1분기 잠정실적 관련 소식 이후, 삼성전자가 1분기 잠정실적을 반영해 2분기 DS 출하량 목표를 기존 계획보다 15% 상향했다는 내용이 향후 수주·공급·실적 추정에도 반영되고 있다는 해석이 확산되고 있다. 시장에서는 관련 수주·공급·실적 기대가 개선될 수 있다는 해석이 제기되고 있다. 관련 거래자들은 해당 주장에 따라 향후 수주·공급·실적 추정치를 다시 점검하는 모습이다.",synthetic_misinformation,삼성전자가 1분기 잠정실적을 반영해 2분기 DS 출하량 목표를 기존 계획보다 15% 상향했다는 내용이 향후 수주·공급·실적 추정에도 반영되고 있다,"삼성전자는 1분기 잠정 실적으로 매출 133조원과 영업이익 57조2000억원을 공시했으며, 기사에는 사업부별 실적 수치가 공개되지 않았다고 명시됐다.",원문 근거에 없는 확정 상태·배정·수치가 하나의 핵심 명제로 추가됐다.,"base, read",False,buy,71
simulation_20260715_000826_158697_23249,2026-04-09,58,pm,A022,1,news_20260409_섹터_fe1c74df,phasefake_20260409_A02_B,"삼성전자 1분기 잠정실적, 삼성전자가 1분기 잠정실적을 반영해 2분기 DS 출하량 목표를 기존 계획보다 15% 상향했다는 내용이 향후 수주·공급·실적 추정에도 반영되고 있다 시장 반영설…추정치 재점검","삼성전자 1분기 잠정실적 관련 소식 이후, 삼성전자가 1분기 잠정실적을 반영해 2분기 DS 출하량 목표를 기존 계획보다 15% 상향했다는 내용이 향후 수주·공급·실적 추정에도 반영되고 있다는 해석이 확산되고 있다. 시장에서는 관련 수주·공급·실적 기대가 개선될 수 있다는 해석이 제기되고 있다. 관련 거래자들은 해당 주장에 따라 향후 수주·공급·실적 추정치를 다시 점검하는 모습이다.",synthetic_misinformation,삼성전자가 1분기 잠정실적을 반영해 2분기 DS 출하량 목표를 기존 계획보다 15% 상향했다는 내용이 향후 수주·공급·실적 추정에도 반영되고 있다,"삼성전자는 1분기 잠정 실적으로 매출 133조원과 영업이익 57조2000억원을 공시했으며, 기사에는 사업부별 실적 수치가 공개되지 않았다고 명시됐다.",원문 근거에 없는 확정 상태·배정·수치가 하나의 핵심 명제로 추가됐다.,"base, read, selected",True,buy,11
simulation_20260715_000826_158697_23249,2026-04-09,58,pm,A021,0,news_20260409_섹터_fe1c74df,phasefake_20260409_A02_B,"삼성전자 1분기 잠정실적, 삼성전자가 1분기 잠정실적을 반영해 2분기 DS 출하량 목표를 기존 계획보다 15% 상향했다는 내용이 향후 수주·공급·실적 추정에도 반영되고 있다 시장 반영설…추정치 재점검","삼성전자 1분기 잠정실적 관련 소식 이후, 삼성전자가 1분기 잠정실적을 반영해 2분기 DS 출하량 목표를 기존 계획보다 15% 상향했다는 내용이 향후 수주·공급·실적 추정에도 반영되고 있다는 해석이 확산되고 있다. 시장에서는 관련 수주·공급·실적 기대가 개선될 수 있다는 해석이 제기되고 있다. 관련 거래자들은 해당 주장에 따라 향후 수주·공급·실적 추정치를 다시 점검하는 모습이다.",synthetic_misinformation,삼성전자가 1분기 잠정실적을 반영해 2분기 DS 출하량 목표를 기존 계획보다 15% 상향했다는 내용이 향후 수주·공급·실적 추정에도 반영되고 있다,"삼성전자는 1분기 잠정 실적으로 매출 133조원과 영업이익 57조2000억원을 공시했으며, 기사에는 사업부별 실적 수치가 공개되지 않았다고 명시됐다.",원문 근거에 없는 확정 상태·배정·수치가 하나의 핵심 명제로 추가됐다.,"base, selected",True,buy,40
simulation_20260715_000826_158697_23249,2026-04-09,58,pm,A003,1,news_20260409_섹터_fe1c74df,phasefake_20260409_A02_B,"삼성전자 1분기 잠정실적, 삼성전자가 1분기 잠정실적을 반영해 2분기 DS 출하량 목표를 기존 계획보다 15% 상향했다는 내용이 향후 수주·공급·실적 추정에도 반영되고 있다 시장 반영설…추정치 재점검","삼성전자 1분기 잠정실적 관련 소식 이후, 삼성전자가 1분기 잠정실적을 반영해 2분기 DS 출하량 목표를 기존 계획보다 15% 상향했다는 내용이 향후 수주·공급·실적 추정에도 반영되고 있다는 해석이 확산되고 있다. 시장에서는 관련 수주·공급·실적 기대가 개선될 수 있다는 해석이 제기되고 있다. 관련 거래자들은 해당 주장에 따라 향후 수주·공급·실적 추정치를 다시 점검하는 모습이다.",synthetic_misinformation,삼성전자가 1분기 잠정실적을 반영해 2분기 DS 출하량 목표를 기존 계획보다 15% 상향했다는 내용이 향후 수주·공급·실적 추정에도 반영되고 있다,"삼성전자는 1분기 잠정 실적으로 매출 133조원과 영업이익 57조2000억원을 공시했으며, 기사에는 사업부별 실적 수치가 공개되지 않았다고 명시됐다.",원문 근거에 없는 확정 상태·배정·수치가 하나의 핵심 명제로 추가됐다.,"base, read, selected",True,buy,11
simulation_20260715_000826_158697_23249,2026-04-09,58,pm,A018,0,news_20260409_섹터_fe1c74df,phasefake_20260409_A02_B,"삼성전자 1분기 잠정실적, 삼성전자가 1분기 잠정실적을 반영해 2분기 DS 출하량 목표를 기존 계획보다 15% 상향했다는 내용이 향후 수주·공급·실적 추정에도 반영되고 있다 시장 반영설…추정치 재점검","삼성전자 1분기 잠정실적 관련 소식 이후, 삼성전자가 1분기 잠정실적을 반영해 2분기 DS 출하량 목표를 기존 계획보다 15% 상향했다는 내용이 향후 수주·공급·실적 추정에도 반영되고 있다는 해석이 확산되고 있다. 시장에서는 관련 수주·공급·실적 기대가 개선될 수 있다는 해석이 제기되고 있다. 관련 거래자들은 해당 주장에 따라 향후 수주·공급·실적 추정치를 다시 점검하는 모습이다.",synthetic_misinformation,삼성전자가 1분기 잠정실적을 반영해 2분기 DS 출하량 목표를 기존 계획보다 15% 상향했다는 내용이 향후 수주·공급·실적 추정에도 반영되고 있다,"삼성전자는 1분기 잠정 실적으로 매출 133조원과 영업이익 57조2000억원을 공시했으며, 기사에는 사업부별 실적 수치가 공개되지 않았다고 명시됐다.",원문 근거에 없는 확정 상태·배정·수치가 하나의 핵심 명제로 추가됐다.,"base, selected",True,buy,13
simulation_20260715_000826_158697_23249,2026-04-09,58,pm,A002,0,news_20260409_섹터_fe1c74df,phasefake_20260409_A02_B,"삼성전자 1분기 잠정실적, 삼성전자가 1분기 잠정실적을 반영해 2분기 DS 출하량 목표를 기존 계획보다 15% 상향했다는 내용이 향후 수주·공급·실적 추정에도 반영되고 있다 시장 반영설…추정치 재점검","삼성전자 1분기 잠정실적 관련 소식 이후, 삼성전자가 1분기 잠정실적을 반영해 2분기 DS 출하량 목표를 기존 계획보다 15% 상향했다는 내용이 향후 수주·공급·실적 추정에도 반영되고 있다는 해석이 확산되고 있다. 시장에서는 관련 수주·공급·실적 기대가 개선될 수 있다는 해석이 제기되고 있다. 관련 거래자들은 해당 주장에 따라 향후 수주·공급·실적 추정치를 다시 점검하는 모습이다.",synthetic_misinformation,삼성전자가 1분기 잠정실적을 반영해 2분기 DS 출하량 목표를 기존 계획보다 15% 상향했다는 내용이 향후 수주·공급·실적 추정에도 반영되고 있다,"삼성전자는 1분기 잠정 실적으로 매출 133조원과 영업이익 57조2000억원을 공시했으며, 기사에는 사업부별 실적 수치가 공개되지 않았다고 명시됐다.",원문 근거에 없는 확정 상태·배정·수치가 하나의 핵심 명제로 추가됐다.,"base, selected",True,buy,100
simulation_20260715_000826_158697_23249,2026-04-09,58,pm,A004,1,news_20260409_섹터_fe1c74df,phasefake_20260409_A02_B,"삼성전자 1분기 잠정실적, 삼성전자가 1분기 잠정실적을 반영해 2분기 DS 출하량 목표를 기존 계획보다 15% 상향했다는 내용이 향후 수주·공급·실적 추정에도 반영되고 있다 시장 반영설…추정치 재점검","삼성전자 1분기 잠정실적 관련 소식 이후, 삼성전자가 1분기 잠정실적을 반영해 2분기 DS 출하량 목표를 기존 계획보다 15% 상향했다는 내용이 향후 수주·공급·실적 추정에도 반영되고 있다는 해석이 확산되고 있다. 시장에서는 관련 수주·공급·실적 기대가 개선될 수 있다는 해석이 제기되고 있다. 관련 거래자들은 해당 주장에 따라 향후 수주·공급·실적 추정치를 다시 점검하는 모습이다.",synthetic_misinformation,삼성전자가 1분기 잠정실적을 반영해 2분기 DS 출하량 목표를 기존 계획보다 15% 상향했다는 내용이 향후 수주·공급·실적 추정에도 반영되고 있다,"삼성전자는 1분기 잠정 실적으로 매출 133조원과 영업이익 57조2000억원을 공시했으며, 기사에는 사업부별 실적 수치가 공개되지 않았다고 명시됐다.",원문 근거에 없는 확정 상태·배정·수치가 하나의 핵심 명제로 추가됐다.,"base, read, selected",True,buy,256
simulation_20260715_000826_158697_23249,2026-04-09,58,pm,A006,1,news_20260409_섹터_fe1c74df,phasefake_20260409_A02_B,"삼성전자 1분기 잠정실적, 삼성전자가 1분기 잠정실적을 반영해 2분기 DS 출하량 목표를 기존 계획보다 15% 상향했다는 내용이 향후 수주·공급·실적 추정에도 반영되고 있다 시장 반영설…추정치 재점검","삼성전자 1분기 잠정실적 관련 소식 이후, 삼성전자가 1분기 잠정실적을 반영해 2분기 DS 출하량 목표를 기존 계획보다 15% 상향했다는 내용이 향후 수주·공급·실적 추정에도 반영되고 있다는 해석이 확산되고 있다. 시장에서는 관련 수주·공급·실적 기대가 개선될 수 있다는 해석이 제기되고 있다. 관련 거래자들은 해당 주장에 따라 향후 수주·공급·실적 추정치를 다시 점검하는 모습이다.",synthetic_misinformation,삼성전자가 1분기 잠정실적을 반영해 2분기 DS 출하량 목표를 기존 계획보다 15% 상향했다는 내용이 향후 수주·공급·실적 추정에도 반영되고 있다,"삼성전자는 1분기 잠정 실적으로 매출 133조원과 영업이익 57조2000억원을 공시했으며, 기사에는 사업부별 실적 수치가 공개되지 않았다고 명시됐다.",원문 근거에 없는 확정 상태·배정·수치가 하나의 핵심 명제로 추가됐다.,"base, read, selected",True,sell,1
simulation_20260715_000826_158697_23249,2026-04-09,58,pm,A011,1,news_20260409_섹터_fe1c74df,phasefake_20260409_A02_B,"삼성전자 1분기 잠정실적, 삼성전자가 1분기 잠정실적을 반영해 2분기 DS 출하량 목표를 기존 계획보다 15% 상향했다는 내용이 향후 수주·공급·실적 추정에도 반영되고 있다 시장 반영설…추정치 재점검","삼성전자 1분기 잠정실적 관련 소식 이후, 삼성전자가 1분기 잠정실적을 반영해 2분기 DS 출하량 목표를 기존 계획보다 15% 상향했다는 내용이 향후 수주·공급·실적 추정에도 반영되고 있다는 해석이 확산되고 있다. 시장에서는 관련 수주·공급·실적 기대가 개선될 수 있다는 해석이 제기되고 있다. 관련 거래자들은 해당 주장에 따라 향후 수주·공급·실적 추정치를 다시 점검하는 모습이다.",synthetic_misinformation,삼성전자가 1분기 잠정실적을 반영해 2분기 DS 출하량 목표를 기존 계획보다 15% 상향했다는 내용이 향후 수주·공급·실적 추정에도 반영되고 있다,"삼성전자는 1분기 잠정 실적으로 매출 133조원과 영업이익 57조2000억원을 공시했으며, 기사에는 사업부별 실적 수치가 공개되지 않았다고 명시됐다.",원문 근거에 없는 확정 상태·배정·수치가 하나의 핵심 명제로 추가됐다.,"base, read, selected",True,sell,1
simulation_20260715_000826_158697_23249,2026-04-09,58,pm,A016,0,news_20260409_섹터_fe1c74df,phasefake_20260409_A02_B,"삼성전자 1분기 잠정실적, 삼성전자가 1분기 잠정실적을 반영해 2분기 DS 출하량 목표를 기존 계획보다 15% 상향했다는 내용이 향후 수주·공급·실적 추정에도 반영되고 있다 시장 반영설…추정치 재점검","삼성전자 1분기 잠정실적 관련 소식 이후, 삼성전자가 1분기 잠정실적을 반영해 2분기 DS 출하량 목표를 기존 계획보다 15% 상향했다는 내용이 향후 수주·공급·실적 추정에도 반영되고 있다는 해석이 확산되고 있다. 시장에서는 관련 수주·공급·실적 기대가 개선될 수 있다는 해석이 제기되고 있다. 관련 거래자들은 해당 주장에 따라 향후 수주·공급·실적 추정치를 다시 점검하는 모습이다.",synthetic_misinformation,삼성전자가 1분기 잠정실적을 반영해 2분기 DS 출하량 목표를 기존 계획보다 15% 상향했다는 내용이 향후 수주·공급·실적 추정에도 반영되고 있다,"삼성전자는 1분기 잠정 실적으로 매출 133조원과 영업이익 57조2000억원을 공시했으며, 기사에는 사업부별 실적 수치가 공개되지 않았다고 명시됐다.",원문 근거에 없는 확정 상태·배정·수치가 하나의 핵심 명제로 추가됐다.,"base, selected",True,sell,10
simulation_20260715_000826_158697_23249,2026-04-09,58,pm,A030,0,news_20260409_섹터_fe1c74df,phasefake_20260409_A02_B,"삼성전자 1분기 잠정실적, 삼성전자가 1분기 잠정실적을 반영해 2분기 DS 출하량 목표를 기존 계획보다 15% 상향했다는 내용이 향후 수주·공급·실적 추정에도 반영되고 있다 시장 반영설…추정치 재점검","삼성전자 1분기 잠정실적 관련 소식 이후, 삼성전자가 1분기 잠정실적을 반영해 2분기 DS 출하량 목표를 기존 계획보다 15% 상향했다는 내용이 향후 수주·공급·실적 추정에도 반영되고 있다는 해석이 확산되고 있다. 시장에서는 관련 수주·공급·실적 기대가 개선될 수 있다는 해석이 제기되고 있다. 관련 거래자들은 해당 주장에 따라 향후 수주·공급·실적 추정치를 다시 점검하는 모습이다.",synthetic_misinformation,삼성전자가 1분기 잠정실적을 반영해 2분기 DS 출하량 목표를 기존 계획보다 15% 상향했다는 내용이 향후 수주·공급·실적 추정에도 반영되고 있다,"삼성전자는 1분기 잠정 실적으로 매출 133조원과 영업이익 57조2000억원을 공시했으며, 기사에는 사업부별 실적 수치가 공개되지 않았다고 명시됐다.",원문 근거에 없는 확정 상태·배정·수치가 하나의 핵심 명제로 추가됐다.,"base, selected",True,buy,50
simulation_20260715_000826_158697_23249,2026-04-09,58,pm,A009,0,news_20260409_섹터_fe1c74df,phasefake_20260409_A02_B,"삼성전자 1분기 잠정실적, 삼성전자가 1분기 잠정실적을 반영해 2분기 DS 출하량 목표를 기존 계획보다 15% 상향했다는 내용이 향후 수주·공급·실적 추정에도 반영되고 있다 시장 반영설…추정치 재점검","삼성전자 1분기 잠정실적 관련 소식 이후, 삼성전자가 1분기 잠정실적을 반영해 2분기 DS 출하량 목표를 기존 계획보다 15% 상향했다는 내용이 향후 수주·공급·실적 추정에도 반영되고 있다는 해석이 확산되고 있다. 시장에서는 관련 수주·공급·실적 기대가 개선될 수 있다는 해석이 제기되고 있다. 관련 거래자들은 해당 주장에 따라 향후 수주·공급·실적 추정치를 다시 점검하는 모습이다.",synthetic_misinformation,삼성전자가 1분기 잠정실적을 반영해 2분기 DS 출하량 목표를 기존 계획보다 15% 상향했다는 내용이 향후 수주·공급·실적 추정에도 반영되고 있다,"삼성전자는 1분기 잠정 실적으로 매출 133조원과 영업이익 57조2000억원을 공시했으며, 기사에는 사업부별 실적 수치가 공개되지 않았다고 명시됐다.",원문 근거에 없는 확정 상태·배정·수치가 하나의 핵심 명제로 추가됐다.,"base, selected",True,sell,1
simulation_20260715_000826_158697_23249,2026-04-09,58,pm,A010,1,news_20260409_섹터_fe1c74df,phasefake_20260409_A02_B,"삼성전자 1분기 잠정실적, 삼성전자가 1분기 잠정실적을 반영해 2분기 DS 출하량 목표를 기존 계획보다 15% 상향했다는 내용이 향후 수주·공급·실적 추정에도 반영되고 있다 시장 반영설…추정치 재점검","삼성전자 1분기 잠정실적 관련 소식 이후, 삼성전자가 1분기 잠정실적을 반영해 2분기 DS 출하량 목표를 기존 계획보다 15% 상향했다는 내용이 향후 수주·공급·실적 추정에도 반영되고 있다는 해석이 확산되고 있다. 시장에서는 관련 수주·공급·실적 기대가 개선될 수 있다는 해석이 제기되고 있다. 관련 거래자들은 해당 주장에 따라 향후 수주·공급·실적 추정치를 다시 점검하는 모습이다.",synthetic_misinformation,삼성전자가 1분기 잠정실적을 반영해 2분기 DS 출하량 목표를 기존 계획보다 15% 상향했다는 내용이 향후 수주·공급·실적 추정에도 반영되고 있다,"삼성전자는 1분기 잠정 실적으로 매출 133조원과 영업이익 57조2000억원을 공시했으며, 기사에는 사업부별 실적 수치가 공개되지 않았다고 명시됐다.",원문 근거에 없는 확정 상태·배정·수치가 하나의 핵심 명제로 추가됐다.,"base, read, selected",True,buy,1
simulation_20260715_000826_158697_23249,2026-04-09,58,pm,A026,1,news_20260409_섹터_fe1c74df,phasefake_20260409_A02_B,"삼성전자 1분기 잠정실적, 삼성전자가 1분기 잠정실적을 반영해 2분기 DS 출하량 목표를 기존 계획보다 15% 상향했다는 내용이 향후 수주·공급·실적 추정에도 반영되고 있다 시장 반영설…추정치 재점검","삼성전자 1분기 잠정실적 관련 소식 이후, 삼성전자가 1분기 잠정실적을 반영해 2분기 DS 출하량 목표를 기존 계획보다 15% 상향했다는 내용이 향후 수주·공급·실적 추정에도 반영되고 있다는 해석이 확산되고 있다. 시장에서는 관련 수주·공급·실적 기대가 개선될 수 있다는 해석이 제기되고 있다. 관련 거래자들은 해당 주장에 따라 향후 수주·공급·실적 추정치를 다시 점검하는 모습이다.",synthetic_misinformation,삼성전자가 1분기 잠정실적을 반영해 2분기 DS 출하량 목표를 기존 계획보다 15% 상향했다는 내용이 향후 수주·공급·실적 추정에도 반영되고 있다,"삼성전자는 1분기 잠정 실적으로 매출 133조원과 영업이익 57조2000억원을 공시했으며, 기사에는 사업부별 실적 수치가 공개되지 않았다고 명시됐다.",원문 근거에 없는 확정 상태·배정·수치가 하나의 핵심 명제로 추가됐다.,"base, read, selected",True,sell,1
simulation_20260715_000826_158697_23249,2026-04-09,58,pm,A025,1,news_20260409_섹터_fe1c74df,phasefake_20260409_A02_B,"삼성전자 1분기 잠정실적, 삼성전자가 1분기 잠정실적을 반영해 2분기 DS 출하량 목표를 기존 계획보다 15% 상향했다는 내용이 향후 수주·공급·실적 추정에도 반영되고 있다 시장 반영설…추정치 재점검","삼성전자 1분기 잠정실적 관련 소식 이후, 삼성전자가 1분기 잠정실적을 반영해 2분기 DS 출하량 목표를 기존 계획보다 15% 상향했다는 내용이 향후 수주·공급·실적 추정에도 반영되고 있다는 해석이 확산되고 있다. 시장에서는 관련 수주·공급·실적 기대가 개선될 수 있다는 해석이 제기되고 있다. 관련 거래자들은 해당 주장에 따라 향후 수주·공급·실적 추정치를 다시 점검하는 모습이다.",synthetic_misinformation,삼성전자가 1분기 잠정실적을 반영해 2분기 DS 출하량 목표를 기존 계획보다 15% 상향했다는 내용이 향후 수주·공급·실적 추정에도 반영되고 있다,"삼성전자는 1분기 잠정 실적으로 매출 133조원과 영업이익 57조2000억원을 공시했으며, 기사에는 사업부별 실적 수치가 공개되지 않았다고 명시됐다.",원문 근거에 없는 확정 상태·배정·수치가 하나의 핵심 명제로 추가됐다.,"base, read, selected",True,buy,100
simulation_20260715_000826_158697_23249,2026-04-09,58,pm,A012,1,news_20260409_섹터_fe1c74df,phasefake_20260409_A02_B,"삼성전자 1분기 잠정실적, 삼성전자가 1분기 잠정실적을 반영해 2분기 DS 출하량 목표를 기존 계획보다 15% 상향했다는 내용이 향후 수주·공급·실적 추정에도 반영되고 있다 시장 반영설…추정치 재점검","삼성전자 1분기 잠정실적 관련 소식 이후, 삼성전자가 1분기 잠정실적을 반영해 2분기 DS 출하량 목표를 기존 계획보다 15% 상향했다는 내용이 향후 수주·공급·실적 추정에도 반영되고 있다는 해석이 확산되고 있다. 시장에서는 관련 수주·공급·실적 기대가 개선될 수 있다는 해석이 제기되고 있다. 관련 거래자들은 해당 주장에 따라 향후 수주·공급·실적 추정치를 다시 점검하는 모습이다.",synthetic_misinformation,삼성전자가 1분기 잠정실적을 반영해 2분기 DS 출하량 목표를 기존 계획보다 15% 상향했다는 내용이 향후 수주·공급·실적 추정에도 반영되고 있다,"삼성전자는 1분기 잠정 실적으로 매출 133조원과 영업이익 57조2000억원을 공시했으며, 기사에는 사업부별 실적 수치가 공개되지 않았다고 명시됐다.",원문 근거에 없는 확정 상태·배정·수치가 하나의 핵심 명제로 추가됐다.,"base, read",False,sell,5
simulation_20260715_000826_158697_23249,2026-04-09,58,pm,A015,2,news_20260409_섹터_fe1c74df,phasefake_20260409_A02_B,"삼성전자 1분기 잠정실적, 삼성전자가 1분기 잠정실적을 반영해 2분기 DS 출하량 목표를 기존 계획보다 15% 상향했다는 내용이 향후 수주·공급·실적 추정에도 반영되고 있다 시장 반영설…추정치 재점검","삼성전자 1분기 잠정실적 관련 소식 이후, 삼성전자가 1분기 잠정실적을 반영해 2분기 DS 출하량 목표를 기존 계획보다 15% 상향했다는 내용이 향후 수주·공급·실적 추정에도 반영되고 있다는 해석이 확산되고 있다. 시장에서는 관련 수주·공급·실적 기대가 개선될 수 있다는 해석이 제기되고 있다. 관련 거래자들은 해당 주장에 따라 향후 수주·공급·실적 추정치를 다시 점검하는 모습이다.",synthetic_misinformation,삼성전자가 1분기 잠정실적을 반영해 2분기 DS 출하량 목표를 기존 계획보다 15% 상향했다는 내용이 향후 수주·공급·실적 추정에도 반영되고 있다,"삼성전자는 1분기 잠정 실적으로 매출 133조원과 영업이익 57조2000억원을 공시했으며, 기사에는 사업부별 실적 수치가 공개되지 않았다고 명시됐다.",원문 근거에 없는 확정 상태·배정·수치가 하나의 핵심 명제로 추가됐다.,"base, read, selected",True,sell,5
simulation_20260715_000826_158697_23249,2026-04-09,58,pm,A017,2,news_20260409_섹터_fe1c74df,phasefake_20260409_A02_B,"삼성전자 1분기 잠정실적, 삼성전자가 1분기 잠정실적을 반영해 2분기 DS 출하량 목표를 기존 계획보다 15% 상향했다는 내용이 향후 수주·공급·실적 추정에도 반영되고 있다 시장 반영설…추정치 재점검","삼성전자 1분기 잠정실적 관련 소식 이후, 삼성전자가 1분기 잠정실적을 반영해 2분기 DS 출하량 목표를 기존 계획보다 15% 상향했다는 내용이 향후 수주·공급·실적 추정에도 반영되고 있다는 해석이 확산되고 있다. 시장에서는 관련 수주·공급·실적 기대가 개선될 수 있다는 해석이 제기되고 있다. 관련 거래자들은 해당 주장에 따라 향후 수주·공급·실적 추정치를 다시 점검하는 모습이다.",synthetic_misinformation,삼성전자가 1분기 잠정실적을 반영해 2분기 DS 출하량 목표를 기존 계획보다 15% 상향했다는 내용이 향후 수주·공급·실적 추정에도 반영되고 있다,"삼성전자는 1분기 잠정 실적으로 매출 133조원과 영업이익 57조2000억원을 공시했으며, 기사에는 사업부별 실적 수치가 공개되지 않았다고 명시됐다.",원문 근거에 없는 확정 상태·배정·수치가 하나의 핵심 명제로 추가됐다.,"base, read, selected",True,buy,100
simulation_20260715_000826_158697_23249,2026-04-09,58,pm,A020,2,news_20260409_섹터_fe1c74df,phasefake_20260409_A02_B,"삼성전자 1분기 잠정실적, 삼성전자가 1분기 잠정실적을 반영해 2분기 DS 출하량 목표를 기존 계획보다 15% 상향했다는 내용이 향후 수주·공급·실적 추정에도 반영되고 있다 시장 반영설…추정치 재점검","삼성전자 1분기 잠정실적 관련 소식 이후, 삼성전자가 1분기 잠정실적을 반영해 2분기 DS 출하량 목표를 기존 계획보다 15% 상향했다는 내용이 향후 수주·공급·실적 추정에도 반영되고 있다는 해석이 확산되고 있다. 시장에서는 관련 수주·공급·실적 기대가 개선될 수 있다는 해석이 제기되고 있다. 관련 거래자들은 해당 주장에 따라 향후 수주·공급·실적 추정치를 다시 점검하는 모습이다.",synthetic_misinformation,삼성전자가 1분기 잠정실적을 반영해 2분기 DS 출하량 목표를 기존 계획보다 15% 상향했다는 내용이 향후 수주·공급·실적 추정에도 반영되고 있다,"삼성전자는 1분기 잠정 실적으로 매출 133조원과 영업이익 57조2000억원을 공시했으며, 기사에는 사업부별 실적 수치가 공개되지 않았다고 명시됐다.",원문 근거에 없는 확정 상태·배정·수치가 하나의 핵심 명제로 추가됐다.,"base, read, selected",True,buy,2
simulation_20260715_000826_158697_23249,2026-04-09,58,pm,A007,2,news_20260409_섹터_fe1c74df,phasefake_20260409_A02_B,"삼성전자 1분기 잠정실적, 삼성전자가 1분기 잠정실적을 반영해 2분기 DS 출하량 목표를 기존 계획보다 15% 상향했다는 내용이 향후 수주·공급·실적 추정에도 반영되고 있다 시장 반영설…추정치 재점검","삼성전자 1분기 잠정실적 관련 소식 이후, 삼성전자가 1분기 잠정실적을 반영해 2분기 DS 출하량 목표를 기존 계획보다 15% 상향했다는 내용이 향후 수주·공급·실적 추정에도 반영되고 있다는 해석이 확산되고 있다. 시장에서는 관련 수주·공급·실적 기대가 개선될 수 있다는 해석이 제기되고 있다. 관련 거래자들은 해당 주장에 따라 향후 수주·공급·실적 추정치를 다시 점검하는 모습이다.",synthetic_misinformation,삼성전자가 1분기 잠정실적을 반영해 2분기 DS 출하량 목표를 기존 계획보다 15% 상향했다는 내용이 향후 수주·공급·실적 추정에도 반영되고 있다,"삼성전자는 1분기 잠정 실적으로 매출 133조원과 영업이익 57조2000억원을 공시했으며, 기사에는 사업부별 실적 수치가 공개되지 않았다고 명시됐다.",원문 근거에 없는 확정 상태·배정·수치가 하나의 핵심 명제로 추가됐다.,"base, read",False,buy,50
simulation_20260715_000826_158697_23249,2026-04-09,58,pm,A019,1,news_20260409_섹터_fe1c74df,phasefake_20260409_A02_B,"삼성전자 1분기 잠정실적, 삼성전자가 1분기 잠정실적을 반영해 2분기 DS 출하량 목표를 기존 계획보다 15% 상향했다는 내용이 향후 수주·공급·실적 추정에도 반영되고 있다 시장 반영설…추정치 재점검","삼성전자 1분기 잠정실적 관련 소식 이후, 삼성전자가 1분기 잠정실적을 반영해 2분기 DS 출하량 목표를 기존 계획보다 15% 상향했다는 내용이 향후 수주·공급·실적 추정에도 반영되고 있다는 해석이 확산되고 있다. 시장에서는 관련 수주·공급·실적 기대가 개선될 수 있다는 해석이 제기되고 있다. 관련 거래자들은 해당 주장에 따라 향후 수주·공급·실적 추정치를 다시 점검하는 모습이다.",synthetic_misinformation,삼성전자가 1분기 잠정실적을 반영해 2분기 DS 출하량 목표를 기존 계획보다 15% 상향했다는 내용이 향후 수주·공급·실적 추정에도 반영되고 있다,"삼성전자는 1분기 잠정 실적으로 매출 133조원과 영업이익 57조2000억원을 공시했으며, 기사에는 사업부별 실적 수치가 공개되지 않았다고 명시됐다.",원문 근거에 없는 확정 상태·배정·수치가 하나의 핵심 명제로 추가됐다.,"base, read, selected",True,sell,5
simulation_20260715_000826_158697_23249,2026-04-17,70,pm,A012,1,news_20260417_섹터_a240b515,phasefake_20260417_A03_B,"테슬라 AI5 테이프아웃과 삼성전자 생산 언급, 테슬라가 AI5 첫 양산 물량을 기존 계획보다 15% 늘려 삼성전자에 배정하는 부속합의를 확정했다는 내용이 후속 협의에서도 재확인됐다 재확인 관측…후속 협의 주목","테슬라 AI5 테이프아웃과 삼성전자 생산 언급의 한쪽 신호만 부각되면서, 테슬라가 AI5 첫 양산 물량을 기존 계획보다 15% 늘려 삼성전자에 배정하는 부속합의를 확정했다는 내용이 후속 협의에서도 재확인됐다는 해석이 확산되고 있다. 시장에서는 관련 수주·공급·실적 기대가 개선될 수 있다는 해석이 제기되고 있다. 관련 거래자들은 해당 주장에 따라 향후 수주·공급·실적 추정치를 다시 점검하는 모습이다.",synthetic_misinformation,테슬라가 AI5 첫 양산 물량을 기존 계획보다 15% 늘려 삼성전자에 배정하는 부속합의를 확정했다는 내용이 후속 협의에서도 재확인됐다,"일론 머스크는 AI5 반도체 테이프아웃을 알리며 삼성전자와 TSMC에 감사를 표했고, 기사에는 2027년 양산이 예상되며 삼성전자 텍사스 테일러 팹도 생산지로 알려졌다고 보도됐다.",상반된 근거와 미확정 상태를 제외하고 단일 신호를 전체 결론으로 일반화한다.,"base, read, selected",True,sell,25
simulation_20260715_000826_158697_23249,2026-04-17,70,pm,A016,0,news_20260417_섹터_a240b515,phasefake_20260417_A03_B,"테슬라 AI5 테이프아웃과 삼성전자 생산 언급, 테슬라가 AI5 첫 양산 물량을 기존 계획보다 15% 늘려 삼성전자에 배정하는 부속합의를 확정했다는 내용이 후속 협의에서도 재확인됐다 재확인 관측…후속 협의 주목","테슬라 AI5 테이프아웃과 삼성전자 생산 언급의 한쪽 신호만 부각되면서, 테슬라가 AI5 첫 양산 물량을 기존 계획보다 15% 늘려 삼성전자에 배정하는 부속합의를 확정했다는 내용이 후속 협의에서도 재확인됐다는 해석이 확산되고 있다. 시장에서는 관련 수주·공급·실적 기대가 개선될 수 있다는 해석이 제기되고 있다. 관련 거래자들은 해당 주장에 따라 향후 수주·공급·실적 추정치를 다시 점검하는 모습이다.",synthetic_misinformation,테슬라가 AI5 첫 양산 물량을 기존 계획보다 15% 늘려 삼성전자에 배정하는 부속합의를 확정했다는 내용이 후속 협의에서도 재확인됐다,"일론 머스크는 AI5 반도체 테이프아웃을 알리며 삼성전자와 TSMC에 감사를 표했고, 기사에는 2027년 양산이 예상되며 삼성전자 텍사스 테일러 팹도 생산지로 알려졌다고 보도됐다.",상반된 근거와 미확정 상태를 제외하고 단일 신호를 전체 결론으로 일반화한다.,"base, selected",True,sell,20
simulation_20260715_000826_158697_23249,2026-04-17,70,pm,A005,1,news_20260417_섹터_a240b515,phasefake_20260417_A03_B,"테슬라 AI5 테이프아웃과 삼성전자 생산 언급, 테슬라가 AI5 첫 양산 물량을 기존 계획보다 15% 늘려 삼성전자에 배정하는 부속합의를 확정했다는 내용이 후속 협의에서도 재확인됐다 재확인 관측…후속 협의 주목","테슬라 AI5 테이프아웃과 삼성전자 생산 언급의 한쪽 신호만 부각되면서, 테슬라가 AI5 첫 양산 물량을 기존 계획보다 15% 늘려 삼성전자에 배정하는 부속합의를 확정했다는 내용이 후속 협의에서도 재확인됐다는 해석이 확산되고 있다. 시장에서는 관련 수주·공급·실적 기대가 개선될 수 있다는 해석이 제기되고 있다. 관련 거래자들은 해당 주장에 따라 향후 수주·공급·실적 추정치를 다시 점검하는 모습이다.",synthetic_misinformation,테슬라가 AI5 첫 양산 물량을 기존 계획보다 15% 늘려 삼성전자에 배정하는 부속합의를 확정했다는 내용이 후속 협의에서도 재확인됐다,"일론 머스크는 AI5 반도체 테이프아웃을 알리며 삼성전자와 TSMC에 감사를 표했고, 기사에는 2027년 양산이 예상되며 삼성전자 텍사스 테일러 팹도 생산지로 알려졌다고 보도됐다.",상반된 근거와 미확정 상태를 제외하고 단일 신호를 전체 결론으로 일반화한다.,"base, read",False,sell,1
simulation_20260715_000826_158697_23249,2026-04-17,70,pm,A003,1,news_20260417_섹터_a240b515,phasefake_20260417_A03_B,"테슬라 AI5 테이프아웃과 삼성전자 생산 언급, 테슬라가 AI5 첫 양산 물량을 기존 계획보다 15% 늘려 삼성전자에 배정하는 부속합의를 확정했다는 내용이 후속 협의에서도 재확인됐다 재확인 관측…후속 협의 주목","테슬라 AI5 테이프아웃과 삼성전자 생산 언급의 한쪽 신호만 부각되면서, 테슬라가 AI5 첫 양산 물량을 기존 계획보다 15% 늘려 삼성전자에 배정하는 부속합의를 확정했다는 내용이 후속 협의에서도 재확인됐다는 해석이 확산되고 있다. 시장에서는 관련 수주·공급·실적 기대가 개선될 수 있다는 해석이 제기되고 있다. 관련 거래자들은 해당 주장에 따라 향후 수주·공급·실적 추정치를 다시 점검하는 모습이다.",synthetic_misinformation,테슬라가 AI5 첫 양산 물량을 기존 계획보다 15% 늘려 삼성전자에 배정하는 부속합의를 확정했다는 내용이 후속 협의에서도 재확인됐다,"일론 머스크는 AI5 반도체 테이프아웃을 알리며 삼성전자와 TSMC에 감사를 표했고, 기사에는 2027년 양산이 예상되며 삼성전자 텍사스 테일러 팹도 생산지로 알려졌다고 보도됐다.",상반된 근거와 미확정 상태를 제외하고 단일 신호를 전체 결론으로 일반화한다.,"base, read",False,sell,1
simulation_20260715_000826_158697_23249,2026-04-17,70,pm,A022,1,news_20260417_섹터_a240b515,phasefake_20260417_A03_B,"테슬라 AI5 테이프아웃과 삼성전자 생산 언급, 테슬라가 AI5 첫 양산 물량을 기존 계획보다 15% 늘려 삼성전자에 배정하는 부속합의를 확정했다는 내용이 후속 협의에서도 재확인됐다 재확인 관측…후속 협의 주목","테슬라 AI5 테이프아웃과 삼성전자 생산 언급의 한쪽 신호만 부각되면서, 테슬라가 AI5 첫 양산 물량을 기존 계획보다 15% 늘려 삼성전자에 배정하는 부속합의를 확정했다는 내용이 후속 협의에서도 재확인됐다는 해석이 확산되고 있다. 시장에서는 관련 수주·공급·실적 기대가 개선될 수 있다는 해석이 제기되고 있다. 관련 거래자들은 해당 주장에 따라 향후 수주·공급·실적 추정치를 다시 점검하는 모습이다.",synthetic_misinformation,테슬라가 AI5 첫 양산 물량을 기존 계획보다 15% 늘려 삼성전자에 배정하는 부속합의를 확정했다는 내용이 후속 협의에서도 재확인됐다,"일론 머스크는 AI5 반도체 테이프아웃을 알리며 삼성전자와 TSMC에 감사를 표했고, 기사에는 2027년 양산이 예상되며 삼성전자 텍사스 테일러 팹도 생산지로 알려졌다고 보도됐다.",상반된 근거와 미확정 상태를 제외하고 단일 신호를 전체 결론으로 일반화한다.,"base, read",False,sell,20
simulation_20260715_000826_158697_23249,2026-04-17,70,pm,A010,1,news_20260417_섹터_a240b515,phasefake_20260417_A03_B,"테슬라 AI5 테이프아웃과 삼성전자 생산 언급, 테슬라가 AI5 첫 양산 물량을 기존 계획보다 15% 늘려 삼성전자에 배정하는 부속합의를 확정했다는 내용이 후속 협의에서도 재확인됐다 재확인 관측…후속 협의 주목","테슬라 AI5 테이프아웃과 삼성전자 생산 언급의 한쪽 신호만 부각되면서, 테슬라가 AI5 첫 양산 물량을 기존 계획보다 15% 늘려 삼성전자에 배정하는 부속합의를 확정했다는 내용이 후속 협의에서도 재확인됐다는 해석이 확산되고 있다. 시장에서는 관련 수주·공급·실적 기대가 개선될 수 있다는 해석이 제기되고 있다. 관련 거래자들은 해당 주장에 따라 향후 수주·공급·실적 추정치를 다시 점검하는 모습이다.",synthetic_misinformation,테슬라가 AI5 첫 양산 물량을 기존 계획보다 15% 늘려 삼성전자에 배정하는 부속합의를 확정했다는 내용이 후속 협의에서도 재확인됐다,"일론 머스크는 AI5 반도체 테이프아웃을 알리며 삼성전자와 TSMC에 감사를 표했고, 기사에는 2027년 양산이 예상되며 삼성전자 텍사스 테일러 팹도 생산지로 알려졌다고 보도됐다.",상반된 근거와 미확정 상태를 제외하고 단일 신호를 전체 결론으로 일반화한다.,"base, read",False,sell,3
simulation_20260715_000826_158697_23249,2026-04-17,70,pm,A025,1,news_20260417_섹터_a240b515,phasefake_20260417_A03_B,"테슬라 AI5 테이프아웃과 삼성전자 생산 언급, 테슬라가 AI5 첫 양산 물량을 기존 계획보다 15% 늘려 삼성전자에 배정하는 부속합의를 확정했다는 내용이 후속 협의에서도 재확인됐다 재확인 관측…후속 협의 주목","테슬라 AI5 테이프아웃과 삼성전자 생산 언급의 한쪽 신호만 부각되면서, 테슬라가 AI5 첫 양산 물량을 기존 계획보다 15% 늘려 삼성전자에 배정하는 부속합의를 확정했다는 내용이 후속 협의에서도 재확인됐다는 해석이 확산되고 있다. 시장에서는 관련 수주·공급·실적 기대가 개선될 수 있다는 해석이 제기되고 있다. 관련 거래자들은 해당 주장에 따라 향후 수주·공급·실적 추정치를 다시 점검하는 모습이다.",synthetic_misinformation,테슬라가 AI5 첫 양산 물량을 기존 계획보다 15% 늘려 삼성전자에 배정하는 부속합의를 확정했다는 내용이 후속 협의에서도 재확인됐다,"일론 머스크는 AI5 반도체 테이프아웃을 알리며 삼성전자와 TSMC에 감사를 표했고, 기사에는 2027년 양산이 예상되며 삼성전자 텍사스 테일러 팹도 생산지로 알려졌다고 보도됐다.",상반된 근거와 미확정 상태를 제외하고 단일 신호를 전체 결론으로 일반화한다.,"base, read, selected",True,sell,24
simulation_20260715_000826_158697_23249,2026-04-17,70,pm,A023,0,news_20260417_섹터_a240b515,phasefake_20260417_A03_B,"테슬라 AI5 테이프아웃과 삼성전자 생산 언급, 테슬라가 AI5 첫 양산 물량을 기존 계획보다 15% 늘려 삼성전자에 배정하는 부속합의를 확정했다는 내용이 후속 협의에서도 재확인됐다 재확인 관측…후속 협의 주목","테슬라 AI5 테이프아웃과 삼성전자 생산 언급의 한쪽 신호만 부각되면서, 테슬라가 AI5 첫 양산 물량을 기존 계획보다 15% 늘려 삼성전자에 배정하는 부속합의를 확정했다는 내용이 후속 협의에서도 재확인됐다는 해석이 확산되고 있다. 시장에서는 관련 수주·공급·실적 기대가 개선될 수 있다는 해석이 제기되고 있다. 관련 거래자들은 해당 주장에 따라 향후 수주·공급·실적 추정치를 다시 점검하는 모습이다.",synthetic_misinformation,테슬라가 AI5 첫 양산 물량을 기존 계획보다 15% 늘려 삼성전자에 배정하는 부속합의를 확정했다는 내용이 후속 협의에서도 재확인됐다,"일론 머스크는 AI5 반도체 테이프아웃을 알리며 삼성전자와 TSMC에 감사를 표했고, 기사에는 2027년 양산이 예상되며 삼성전자 텍사스 테일러 팹도 생산지로 알려졌다고 보도됐다.",상반된 근거와 미확정 상태를 제외하고 단일 신호를 전체 결론으로 일반화한다.,"base, selected",True,buy,4
simulation_20260715_000826_158697_23249,2026-04-17,70,pm,A030,0,news_20260417_섹터_a240b515,phasefake_20260417_A03_B,"테슬라 AI5 테이프아웃과 삼성전자 생산 언급, 테슬라가 AI5 첫 양산 물량을 기존 계획보다 15% 늘려 삼성전자에 배정하는 부속합의를 확정했다는 내용이 후속 협의에서도 재확인됐다 재확인 관측…후속 협의 주목","테슬라 AI5 테이프아웃과 삼성전자 생산 언급의 한쪽 신호만 부각되면서, 테슬라가 AI5 첫 양산 물량을 기존 계획보다 15% 늘려 삼성전자에 배정하는 부속합의를 확정했다는 내용이 후속 협의에서도 재확인됐다는 해석이 확산되고 있다. 시장에서는 관련 수주·공급·실적 기대가 개선될 수 있다는 해석이 제기되고 있다. 관련 거래자들은 해당 주장에 따라 향후 수주·공급·실적 추정치를 다시 점검하는 모습이다.",synthetic_misinformation,테슬라가 AI5 첫 양산 물량을 기존 계획보다 15% 늘려 삼성전자에 배정하는 부속합의를 확정했다는 내용이 후속 협의에서도 재확인됐다,"일론 머스크는 AI5 반도체 테이프아웃을 알리며 삼성전자와 TSMC에 감사를 표했고, 기사에는 2027년 양산이 예상되며 삼성전자 텍사스 테일러 팹도 생산지로 알려졌다고 보도됐다.",상반된 근거와 미확정 상태를 제외하고 단일 신호를 전체 결론으로 일반화한다.,"base, selected",True,sell,50
simulation_20260715_000826_158697_23249,2026-04-17,70,pm,A002,0,news_20260417_섹터_a240b515,phasefake_20260417_A03_B,"테슬라 AI5 테이프아웃과 삼성전자 생산 언급, 테슬라가 AI5 첫 양산 물량을 기존 계획보다 15% 늘려 삼성전자에 배정하는 부속합의를 확정했다는 내용이 후속 협의에서도 재확인됐다 재확인 관측…후속 협의 주목","테슬라 AI5 테이프아웃과 삼성전자 생산 언급의 한쪽 신호만 부각되면서, 테슬라가 AI5 첫 양산 물량을 기존 계획보다 15% 늘려 삼성전자에 배정하는 부속합의를 확정했다는 내용이 후속 협의에서도 재확인됐다는 해석이 확산되고 있다. 시장에서는 관련 수주·공급·실적 기대가 개선될 수 있다는 해석이 제기되고 있다. 관련 거래자들은 해당 주장에 따라 향후 수주·공급·실적 추정치를 다시 점검하는 모습이다.",synthetic_misinformation,테슬라가 AI5 첫 양산 물량을 기존 계획보다 15% 늘려 삼성전자에 배정하는 부속합의를 확정했다는 내용이 후속 협의에서도 재확인됐다,"일론 머스크는 AI5 반도체 테이프아웃을 알리며 삼성전자와 TSMC에 감사를 표했고, 기사에는 2027년 양산이 예상되며 삼성전자 텍사스 테일러 팹도 생산지로 알려졌다고 보도됐다.",상반된 근거와 미확정 상태를 제외하고 단일 신호를 전체 결론으로 일반화한다.,"base, selected",True,sell,20
simulation_20260715_000826_158697_23249,2026-04-17,70,pm,A011,1,news_20260417_섹터_a240b515,phasefake_20260417_A03_B,"테슬라 AI5 테이프아웃과 삼성전자 생산 언급, 테슬라가 AI5 첫 양산 물량을 기존 계획보다 15% 늘려 삼성전자에 배정하는 부속합의를 확정했다는 내용이 후속 협의에서도 재확인됐다 재확인 관측…후속 협의 주목","테슬라 AI5 테이프아웃과 삼성전자 생산 언급의 한쪽 신호만 부각되면서, 테슬라가 AI5 첫 양산 물량을 기존 계획보다 15% 늘려 삼성전자에 배정하는 부속합의를 확정했다는 내용이 후속 협의에서도 재확인됐다는 해석이 확산되고 있다. 시장에서는 관련 수주·공급·실적 기대가 개선될 수 있다는 해석이 제기되고 있다. 관련 거래자들은 해당 주장에 따라 향후 수주·공급·실적 추정치를 다시 점검하는 모습이다.",synthetic_misinformation,테슬라가 AI5 첫 양산 물량을 기존 계획보다 15% 늘려 삼성전자에 배정하는 부속합의를 확정했다는 내용이 후속 협의에서도 재확인됐다,"일론 머스크는 AI5 반도체 테이프아웃을 알리며 삼성전자와 TSMC에 감사를 표했고, 기사에는 2027년 양산이 예상되며 삼성전자 텍사스 테일러 팹도 생산지로 알려졌다고 보도됐다.",상반된 근거와 미확정 상태를 제외하고 단일 신호를 전체 결론으로 일반화한다.,"base, read, selected",True,sell,4
simulation_20260715_000826_158697_23249,2026-04-17,70,pm,A004,1,news_20260417_섹터_a240b515,phasefake_20260417_A03_B,"테슬라 AI5 테이프아웃과 삼성전자 생산 언급, 테슬라가 AI5 첫 양산 물량을 기존 계획보다 15% 늘려 삼성전자에 배정하는 부속합의를 확정했다는 내용이 후속 협의에서도 재확인됐다 재확인 관측…후속 협의 주목","테슬라 AI5 테이프아웃과 삼성전자 생산 언급의 한쪽 신호만 부각되면서, 테슬라가 AI5 첫 양산 물량을 기존 계획보다 15% 늘려 삼성전자에 배정하는 부속합의를 확정했다는 내용이 후속 협의에서도 재확인됐다는 해석이 확산되고 있다. 시장에서는 관련 수주·공급·실적 기대가 개선될 수 있다는 해석이 제기되고 있다. 관련 거래자들은 해당 주장에 따라 향후 수주·공급·실적 추정치를 다시 점검하는 모습이다.",synthetic_misinformation,테슬라가 AI5 첫 양산 물량을 기존 계획보다 15% 늘려 삼성전자에 배정하는 부속합의를 확정했다는 내용이 후속 협의에서도 재확인됐다,"일론 머스크는 AI5 반도체 테이프아웃을 알리며 삼성전자와 TSMC에 감사를 표했고, 기사에는 2027년 양산이 예상되며 삼성전자 텍사스 테일러 팹도 생산지로 알려졌다고 보도됐다.",상반된 근거와 미확정 상태를 제외하고 단일 신호를 전체 결론으로 일반화한다.,"base, read, selected",True,buy,50
simulation_20260715_000826_158697_23249,2026-04-17,70,pm,A028,0,news_20260417_섹터_a240b515,phasefake_20260417_A03_B,"테슬라 AI5 테이프아웃과 삼성전자 생산 언급, 테슬라가 AI5 첫 양산 물량을 기존 계획보다 15% 늘려 삼성전자에 배정하는 부속합의를 확정했다는 내용이 후속 협의에서도 재확인됐다 재확인 관측…후속 협의 주목","테슬라 AI5 테이프아웃과 삼성전자 생산 언급의 한쪽 신호만 부각되면서, 테슬라가 AI5 첫 양산 물량을 기존 계획보다 15% 늘려 삼성전자에 배정하는 부속합의를 확정했다는 내용이 후속 협의에서도 재확인됐다는 해석이 확산되고 있다. 시장에서는 관련 수주·공급·실적 기대가 개선될 수 있다는 해석이 제기되고 있다. 관련 거래자들은 해당 주장에 따라 향후 수주·공급·실적 추정치를 다시 점검하는 모습이다.",synthetic_misinformation,테슬라가 AI5 첫 양산 물량을 기존 계획보다 15% 늘려 삼성전자에 배정하는 부속합의를 확정했다는 내용이 후속 협의에서도 재확인됐다,"일론 머스크는 AI5 반도체 테이프아웃을 알리며 삼성전자와 TSMC에 감사를 표했고, 기사에는 2027년 양산이 예상되며 삼성전자 텍사스 테일러 팹도 생산지로 알려졌다고 보도됐다.",상반된 근거와 미확정 상태를 제외하고 단일 신호를 전체 결론으로 일반화한다.,"base, selected",True,buy,2
simulation_20260715_000826_158697_23249,2026-04-17,70,pm,A001,1,news_20260417_섹터_a240b515,phasefake_20260417_A03_B,"테슬라 AI5 테이프아웃과 삼성전자 생산 언급, 테슬라가 AI5 첫 양산 물량을 기존 계획보다 15% 늘려 삼성전자에 배정하는 부속합의를 확정했다는 내용이 후속 협의에서도 재확인됐다 재확인 관측…후속 협의 주목","테슬라 AI5 테이프아웃과 삼성전자 생산 언급의 한쪽 신호만 부각되면서, 테슬라가 AI5 첫 양산 물량을 기존 계획보다 15% 늘려 삼성전자에 배정하는 부속합의를 확정했다는 내용이 후속 협의에서도 재확인됐다는 해석이 확산되고 있다. 시장에서는 관련 수주·공급·실적 기대가 개선될 수 있다는 해석이 제기되고 있다. 관련 거래자들은 해당 주장에 따라 향후 수주·공급·실적 추정치를 다시 점검하는 모습이다.",synthetic_misinformation,테슬라가 AI5 첫 양산 물량을 기존 계획보다 15% 늘려 삼성전자에 배정하는 부속합의를 확정했다는 내용이 후속 협의에서도 재확인됐다,"일론 머스크는 AI5 반도체 테이프아웃을 알리며 삼성전자와 TSMC에 감사를 표했고, 기사에는 2027년 양산이 예상되며 삼성전자 텍사스 테일러 팹도 생산지로 알려졌다고 보도됐다.",상반된 근거와 미확정 상태를 제외하고 단일 신호를 전체 결론으로 일반화한다.,"base, read, selected",True,sell,4
simulation_20260715_000826_158697_23249,2026-04-17,70,pm,A029,0,news_20260417_섹터_a240b515,phasefake_20260417_A03_B,"테슬라 AI5 테이프아웃과 삼성전자 생산 언급, 테슬라가 AI5 첫 양산 물량을 기존 계획보다 15% 늘려 삼성전자에 배정하는 부속합의를 확정했다는 내용이 후속 협의에서도 재확인됐다 재확인 관측…후속 협의 주목","테슬라 AI5 테이프아웃과 삼성전자 생산 언급의 한쪽 신호만 부각되면서, 테슬라가 AI5 첫 양산 물량을 기존 계획보다 15% 늘려 삼성전자에 배정하는 부속합의를 확정했다는 내용이 후속 협의에서도 재확인됐다는 해석이 확산되고 있다. 시장에서는 관련 수주·공급·실적 기대가 개선될 수 있다는 해석이 제기되고 있다. 관련 거래자들은 해당 주장에 따라 향후 수주·공급·실적 추정치를 다시 점검하는 모습이다.",synthetic_misinformation,테슬라가 AI5 첫 양산 물량을 기존 계획보다 15% 늘려 삼성전자에 배정하는 부속합의를 확정했다는 내용이 후속 협의에서도 재확인됐다,"일론 머스크는 AI5 반도체 테이프아웃을 알리며 삼성전자와 TSMC에 감사를 표했고, 기사에는 2027년 양산이 예상되며 삼성전자 텍사스 테일러 팹도 생산지로 알려졌다고 보도됐다.",상반된 근거와 미확정 상태를 제외하고 단일 신호를 전체 결론으로 일반화한다.,"base, selected",True,buy,11
simulation_20260715_000826_158697_23249,2026-04-17,70,pm,A013,1,news_20260417_섹터_a240b515,phasefake_20260417_A03_B,"테슬라 AI5 테이프아웃과 삼성전자 생산 언급, 테슬라가 AI5 첫 양산 물량을 기존 계획보다 15% 늘려 삼성전자에 배정하는 부속합의를 확정했다는 내용이 후속 협의에서도 재확인됐다 재확인 관측…후속 협의 주목","테슬라 AI5 테이프아웃과 삼성전자 생산 언급의 한쪽 신호만 부각되면서, 테슬라가 AI5 첫 양산 물량을 기존 계획보다 15% 늘려 삼성전자에 배정하는 부속합의를 확정했다는 내용이 후속 협의에서도 재확인됐다는 해석이 확산되고 있다. 시장에서는 관련 수주·공급·실적 기대가 개선될 수 있다는 해석이 제기되고 있다. 관련 거래자들은 해당 주장에 따라 향후 수주·공급·실적 추정치를 다시 점검하는 모습이다.",synthetic_misinformation,테슬라가 AI5 첫 양산 물량을 기존 계획보다 15% 늘려 삼성전자에 배정하는 부속합의를 확정했다는 내용이 후속 협의에서도 재확인됐다,"일론 머스크는 AI5 반도체 테이프아웃을 알리며 삼성전자와 TSMC에 감사를 표했고, 기사에는 2027년 양산이 예상되며 삼성전자 텍사스 테일러 팹도 생산지로 알려졌다고 보도됐다.",상반된 근거와 미확정 상태를 제외하고 단일 신호를 전체 결론으로 일반화한다.,"base, read, selected",True,sell,50
simulation_20260715_000826_158697_23249,2026-04-17,70,pm,A018,0,news_20260417_섹터_a240b515,phasefake_20260417_A03_B,"테슬라 AI5 테이프아웃과 삼성전자 생산 언급, 테슬라가 AI5 첫 양산 물량을 기존 계획보다 15% 늘려 삼성전자에 배정하는 부속합의를 확정했다는 내용이 후속 협의에서도 재확인됐다 재확인 관측…후속 협의 주목","테슬라 AI5 테이프아웃과 삼성전자 생산 언급의 한쪽 신호만 부각되면서, 테슬라가 AI5 첫 양산 물량을 기존 계획보다 15% 늘려 삼성전자에 배정하는 부속합의를 확정했다는 내용이 후속 협의에서도 재확인됐다는 해석이 확산되고 있다. 시장에서는 관련 수주·공급·실적 기대가 개선될 수 있다는 해석이 제기되고 있다. 관련 거래자들은 해당 주장에 따라 향후 수주·공급·실적 추정치를 다시 점검하는 모습이다.",synthetic_misinformation,테슬라가 AI5 첫 양산 물량을 기존 계획보다 15% 늘려 삼성전자에 배정하는 부속합의를 확정했다는 내용이 후속 협의에서도 재확인됐다,"일론 머스크는 AI5 반도체 테이프아웃을 알리며 삼성전자와 TSMC에 감사를 표했고, 기사에는 2027년 양산이 예상되며 삼성전자 텍사스 테일러 팹도 생산지로 알려졌다고 보도됐다.",상반된 근거와 미확정 상태를 제외하고 단일 신호를 전체 결론으로 일반화한다.,"base, selected",True,sell,5
simulation_20260715_000826_158697_23249,2026-04-17,70,pm,A026,1,news_20260417_섹터_a240b515,phasefake_20260417_A03_B,"테슬라 AI5 테이프아웃과 삼성전자 생산 언급, 테슬라가 AI5 첫 양산 물량을 기존 계획보다 15% 늘려 삼성전자에 배정하는 부속합의를 확정했다는 내용이 후속 협의에서도 재확인됐다 재확인 관측…후속 협의 주목","테슬라 AI5 테이프아웃과 삼성전자 생산 언급의 한쪽 신호만 부각되면서, 테슬라가 AI5 첫 양산 물량을 기존 계획보다 15% 늘려 삼성전자에 배정하는 부속합의를 확정했다는 내용이 후속 협의에서도 재확인됐다는 해석이 확산되고 있다. 시장에서는 관련 수주·공급·실적 기대가 개선될 수 있다는 해석이 제기되고 있다. 관련 거래자들은 해당 주장에 따라 향후 수주·공급·실적 추정치를 다시 점검하는 모습이다.",synthetic_misinformation,테슬라가 AI5 첫 양산 물량을 기존 계획보다 15% 늘려 삼성전자에 배정하는 부속합의를 확정했다는 내용이 후속 협의에서도 재확인됐다,"일론 머스크는 AI5 반도체 테이프아웃을 알리며 삼성전자와 TSMC에 감사를 표했고, 기사에는 2027년 양산이 예상되며 삼성전자 텍사스 테일러 팹도 생산지로 알려졌다고 보도됐다.",상반된 근거와 미확정 상태를 제외하고 단일 신호를 전체 결론으로 일반화한다.,"base, read",False,sell,30
simulation_20260715_000826_158697_23249,2026-04-17,70,pm,A009,0,news_20260417_섹터_a240b515,phasefake_20260417_A03_B,"테슬라 AI5 테이프아웃과 삼성전자 생산 언급, 테슬라가 AI5 첫 양산 물량을 기존 계획보다 15% 늘려 삼성전자에 배정하는 부속합의를 확정했다는 내용이 후속 협의에서도 재확인됐다 재확인 관측…후속 협의 주목","테슬라 AI5 테이프아웃과 삼성전자 생산 언급의 한쪽 신호만 부각되면서, 테슬라가 AI5 첫 양산 물량을 기존 계획보다 15% 늘려 삼성전자에 배정하는 부속합의를 확정했다는 내용이 후속 협의에서도 재확인됐다는 해석이 확산되고 있다. 시장에서는 관련 수주·공급·실적 기대가 개선될 수 있다는 해석이 제기되고 있다. 관련 거래자들은 해당 주장에 따라 향후 수주·공급·실적 추정치를 다시 점검하는 모습이다.",synthetic_misinformation,테슬라가 AI5 첫 양산 물량을 기존 계획보다 15% 늘려 삼성전자에 배정하는 부속합의를 확정했다는 내용이 후속 협의에서도 재확인됐다,"일론 머스크는 AI5 반도체 테이프아웃을 알리며 삼성전자와 TSMC에 감사를 표했고, 기사에는 2027년 양산이 예상되며 삼성전자 텍사스 테일러 팹도 생산지로 알려졌다고 보도됐다.",상반된 근거와 미확정 상태를 제외하고 단일 신호를 전체 결론으로 일반화한다.,"base, selected",True,sell,10
simulation_20260715_000826_158697_23249,2026-04-17,70,pm,A015,2,news_20260417_섹터_a240b515,phasefake_20260417_A03_B,"테슬라 AI5 테이프아웃과 삼성전자 생산 언급, 테슬라가 AI5 첫 양산 물량을 기존 계획보다 15% 늘려 삼성전자에 배정하는 부속합의를 확정했다는 내용이 후속 협의에서도 재확인됐다 재확인 관측…후속 협의 주목","테슬라 AI5 테이프아웃과 삼성전자 생산 언급의 한쪽 신호만 부각되면서, 테슬라가 AI5 첫 양산 물량을 기존 계획보다 15% 늘려 삼성전자에 배정하는 부속합의를 확정했다는 내용이 후속 협의에서도 재확인됐다는 해석이 확산되고 있다. 시장에서는 관련 수주·공급·실적 기대가 개선될 수 있다는 해석이 제기되고 있다. 관련 거래자들은 해당 주장에 따라 향후 수주·공급·실적 추정치를 다시 점검하는 모습이다.",synthetic_misinformation,테슬라가 AI5 첫 양산 물량을 기존 계획보다 15% 늘려 삼성전자에 배정하는 부속합의를 확정했다는 내용이 후속 협의에서도 재확인됐다,"일론 머스크는 AI5 반도체 테이프아웃을 알리며 삼성전자와 TSMC에 감사를 표했고, 기사에는 2027년 양산이 예상되며 삼성전자 텍사스 테일러 팹도 생산지로 알려졌다고 보도됐다.",상반된 근거와 미확정 상태를 제외하고 단일 신호를 전체 결론으로 일반화한다.,"base, read, selected",True,sell,20
simulation_20260715_000826_158697_23249,2026-04-17,70,pm,A027,1,news_20260417_섹터_a240b515,phasefake_20260417_A03_B,"테슬라 AI5 테이프아웃과 삼성전자 생산 언급, 테슬라가 AI5 첫 양산 물량을 기존 계획보다 15% 늘려 삼성전자에 배정하는 부속합의를 확정했다는 내용이 후속 협의에서도 재확인됐다 재확인 관측…후속 협의 주목","테슬라 AI5 테이프아웃과 삼성전자 생산 언급의 한쪽 신호만 부각되면서, 테슬라가 AI5 첫 양산 물량을 기존 계획보다 15% 늘려 삼성전자에 배정하는 부속합의를 확정했다는 내용이 후속 협의에서도 재확인됐다는 해석이 확산되고 있다. 시장에서는 관련 수주·공급·실적 기대가 개선될 수 있다는 해석이 제기되고 있다. 관련 거래자들은 해당 주장에 따라 향후 수주·공급·실적 추정치를 다시 점검하는 모습이다.",synthetic_misinformation,테슬라가 AI5 첫 양산 물량을 기존 계획보다 15% 늘려 삼성전자에 배정하는 부속합의를 확정했다는 내용이 후속 협의에서도 재확인됐다,"일론 머스크는 AI5 반도체 테이프아웃을 알리며 삼성전자와 TSMC에 감사를 표했고, 기사에는 2027년 양산이 예상되며 삼성전자 텍사스 테일러 팹도 생산지로 알려졌다고 보도됐다.",상반된 근거와 미확정 상태를 제외하고 단일 신호를 전체 결론으로 일반화한다.,"base, read",False,sell,50
simulation_20260715_000826_158697_23249,2026-04-17,70,pm,A024,0,news_20260417_섹터_a240b515,phasefake_20260417_A03_B,"테슬라 AI5 테이프아웃과 삼성전자 생산 언급, 테슬라가 AI5 첫 양산 물량을 기존 계획보다 15% 늘려 삼성전자에 배정하는 부속합의를 확정했다는 내용이 후속 협의에서도 재확인됐다 재확인 관측…후속 협의 주목","테슬라 AI5 테이프아웃과 삼성전자 생산 언급의 한쪽 신호만 부각되면서, 테슬라가 AI5 첫 양산 물량을 기존 계획보다 15% 늘려 삼성전자에 배정하는 부속합의를 확정했다는 내용이 후속 협의에서도 재확인됐다는 해석이 확산되고 있다. 시장에서는 관련 수주·공급·실적 기대가 개선될 수 있다는 해석이 제기되고 있다. 관련 거래자들은 해당 주장에 따라 향후 수주·공급·실적 추정치를 다시 점검하는 모습이다.",synthetic_misinformation,테슬라가 AI5 첫 양산 물량을 기존 계획보다 15% 늘려 삼성전자에 배정하는 부속합의를 확정했다는 내용이 후속 협의에서도 재확인됐다,"일론 머스크는 AI5 반도체 테이프아웃을 알리며 삼성전자와 TSMC에 감사를 표했고, 기사에는 2027년 양산이 예상되며 삼성전자 텍사스 테일러 팹도 생산지로 알려졌다고 보도됐다.",상반된 근거와 미확정 상태를 제외하고 단일 신호를 전체 결론으로 일반화한다.,"base, selected",True,sell,10
simulation_20260715_000826_158697_23249,2026-04-17,70,pm,A014,1,news_20260417_섹터_a240b515,phasefake_20260417_A03_B,"테슬라 AI5 테이프아웃과 삼성전자 생산 언급, 테슬라가 AI5 첫 양산 물량을 기존 계획보다 15% 늘려 삼성전자에 배정하는 부속합의를 확정했다는 내용이 후속 협의에서도 재확인됐다 재확인 관측…후속 협의 주목","테슬라 AI5 테이프아웃과 삼성전자 생산 언급의 한쪽 신호만 부각되면서, 테슬라가 AI5 첫 양산 물량을 기존 계획보다 15% 늘려 삼성전자에 배정하는 부속합의를 확정했다는 내용이 후속 협의에서도 재확인됐다는 해석이 확산되고 있다. 시장에서는 관련 수주·공급·실적 기대가 개선될 수 있다는 해석이 제기되고 있다. 관련 거래자들은 해당 주장에 따라 향후 수주·공급·실적 추정치를 다시 점검하는 모습이다.",synthetic_misinformation,테슬라가 AI5 첫 양산 물량을 기존 계획보다 15% 늘려 삼성전자에 배정하는 부속합의를 확정했다는 내용이 후속 협의에서도 재확인됐다,"일론 머스크는 AI5 반도체 테이프아웃을 알리며 삼성전자와 TSMC에 감사를 표했고, 기사에는 2027년 양산이 예상되며 삼성전자 텍사스 테일러 팹도 생산지로 알려졌다고 보도됐다.",상반된 근거와 미확정 상태를 제외하고 단일 신호를 전체 결론으로 일반화한다.,"base, read, selected",True,buy,50
simulation_20260715_000826_158697_23249,2026-04-17,70,pm,A008,1,news_20260417_섹터_a240b515,phasefake_20260417_A03_B,"테슬라 AI5 테이프아웃과 삼성전자 생산 언급, 테슬라가 AI5 첫 양산 물량을 기존 계획보다 15% 늘려 삼성전자에 배정하는 부속합의를 확정했다는 내용이 후속 협의에서도 재확인됐다 재확인 관측…후속 협의 주목","테슬라 AI5 테이프아웃과 삼성전자 생산 언급의 한쪽 신호만 부각되면서, 테슬라가 AI5 첫 양산 물량을 기존 계획보다 15% 늘려 삼성전자에 배정하는 부속합의를 확정했다는 내용이 후속 협의에서도 재확인됐다는 해석이 확산되고 있다. 시장에서는 관련 수주·공급·실적 기대가 개선될 수 있다는 해석이 제기되고 있다. 관련 거래자들은 해당 주장에 따라 향후 수주·공급·실적 추정치를 다시 점검하는 모습이다.",synthetic_misinformation,테슬라가 AI5 첫 양산 물량을 기존 계획보다 15% 늘려 삼성전자에 배정하는 부속합의를 확정했다는 내용이 후속 협의에서도 재확인됐다,"일론 머스크는 AI5 반도체 테이프아웃을 알리며 삼성전자와 TSMC에 감사를 표했고, 기사에는 2027년 양산이 예상되며 삼성전자 텍사스 테일러 팹도 생산지로 알려졌다고 보도됐다.",상반된 근거와 미확정 상태를 제외하고 단일 신호를 전체 결론으로 일반화한다.,"base, read",False,sell,1
simulation_20260715_000826_158697_23249,2026-04-17,70,pm,A007,2,news_20260417_섹터_a240b515,phasefake_20260417_A03_B,"테슬라 AI5 테이프아웃과 삼성전자 생산 언급, 테슬라가 AI5 첫 양산 물량을 기존 계획보다 15% 늘려 삼성전자에 배정하는 부속합의를 확정했다는 내용이 후속 협의에서도 재확인됐다 재확인 관측…후속 협의 주목","테슬라 AI5 테이프아웃과 삼성전자 생산 언급의 한쪽 신호만 부각되면서, 테슬라가 AI5 첫 양산 물량을 기존 계획보다 15% 늘려 삼성전자에 배정하는 부속합의를 확정했다는 내용이 후속 협의에서도 재확인됐다는 해석이 확산되고 있다. 시장에서는 관련 수주·공급·실적 기대가 개선될 수 있다는 해석이 제기되고 있다. 관련 거래자들은 해당 주장에 따라 향후 수주·공급·실적 추정치를 다시 점검하는 모습이다.",synthetic_misinformation,테슬라가 AI5 첫 양산 물량을 기존 계획보다 15% 늘려 삼성전자에 배정하는 부속합의를 확정했다는 내용이 후속 협의에서도 재확인됐다,"일론 머스크는 AI5 반도체 테이프아웃을 알리며 삼성전자와 TSMC에 감사를 표했고, 기사에는 2027년 양산이 예상되며 삼성전자 텍사스 테일러 팹도 생산지로 알려졌다고 보도됐다.",상반된 근거와 미확정 상태를 제외하고 단일 신호를 전체 결론으로 일반화한다.,"base, read, selected",True,sell,10
simulation_20260715_000826_158697_23249,2026-04-17,70,pm,A020,2,news_20260417_섹터_a240b515,phasefake_20260417_A03_B,"테슬라 AI5 테이프아웃과 삼성전자 생산 언급, 테슬라가 AI5 첫 양산 물량을 기존 계획보다 15% 늘려 삼성전자에 배정하는 부속합의를 확정했다는 내용이 후속 협의에서도 재확인됐다 재확인 관측…후속 협의 주목","테슬라 AI5 테이프아웃과 삼성전자 생산 언급의 한쪽 신호만 부각되면서, 테슬라가 AI5 첫 양산 물량을 기존 계획보다 15% 늘려 삼성전자에 배정하는 부속합의를 확정했다는 내용이 후속 협의에서도 재확인됐다는 해석이 확산되고 있다. 시장에서는 관련 수주·공급·실적 기대가 개선될 수 있다는 해석이 제기되고 있다. 관련 거래자들은 해당 주장에 따라 향후 수주·공급·실적 추정치를 다시 점검하는 모습이다.",synthetic_misinformation,테슬라가 AI5 첫 양산 물량을 기존 계획보다 15% 늘려 삼성전자에 배정하는 부속합의를 확정했다는 내용이 후속 협의에서도 재확인됐다,"일론 머스크는 AI5 반도체 테이프아웃을 알리며 삼성전자와 TSMC에 감사를 표했고, 기사에는 2027년 양산이 예상되며 삼성전자 텍사스 테일러 팹도 생산지로 알려졌다고 보도됐다.",상반된 근거와 미확정 상태를 제외하고 단일 신호를 전체 결론으로 일반화한다.,"base, read",False,sell,1
simulation_20260715_000826_158697_23249,2026-04-17,70,pm,A021,0,news_20260417_섹터_a240b515,phasefake_20260417_A03_B,"테슬라 AI5 테이프아웃과 삼성전자 생산 언급, 테슬라가 AI5 첫 양산 물량을 기존 계획보다 15% 늘려 삼성전자에 배정하는 부속합의를 확정했다는 내용이 후속 협의에서도 재확인됐다 재확인 관측…후속 협의 주목","테슬라 AI5 테이프아웃과 삼성전자 생산 언급의 한쪽 신호만 부각되면서, 테슬라가 AI5 첫 양산 물량을 기존 계획보다 15% 늘려 삼성전자에 배정하는 부속합의를 확정했다는 내용이 후속 협의에서도 재확인됐다는 해석이 확산되고 있다. 시장에서는 관련 수주·공급·실적 기대가 개선될 수 있다는 해석이 제기되고 있다. 관련 거래자들은 해당 주장에 따라 향후 수주·공급·실적 추정치를 다시 점검하는 모습이다.",synthetic_misinformation,테슬라가 AI5 첫 양산 물량을 기존 계획보다 15% 늘려 삼성전자에 배정하는 부속합의를 확정했다는 내용이 후속 협의에서도 재확인됐다,"일론 머스크는 AI5 반도체 테이프아웃을 알리며 삼성전자와 TSMC에 감사를 표했고, 기사에는 2027년 양산이 예상되며 삼성전자 텍사스 테일러 팹도 생산지로 알려졌다고 보도됐다.",상반된 근거와 미확정 상태를 제외하고 단일 신호를 전체 결론으로 일반화한다.,"base, selected",True,sell,10
simulation_20260715_000826_158697_23249,2026-04-17,70,pm,A006,1,news_20260417_섹터_a240b515,phasefake_20260417_A03_B,"테슬라 AI5 테이프아웃과 삼성전자 생산 언급, 테슬라가 AI5 첫 양산 물량을 기존 계획보다 15% 늘려 삼성전자에 배정하는 부속합의를 확정했다는 내용이 후속 협의에서도 재확인됐다 재확인 관측…후속 협의 주목","테슬라 AI5 테이프아웃과 삼성전자 생산 언급의 한쪽 신호만 부각되면서, 테슬라가 AI5 첫 양산 물량을 기존 계획보다 15% 늘려 삼성전자에 배정하는 부속합의를 확정했다는 내용이 후속 협의에서도 재확인됐다는 해석이 확산되고 있다. 시장에서는 관련 수주·공급·실적 기대가 개선될 수 있다는 해석이 제기되고 있다. 관련 거래자들은 해당 주장에 따라 향후 수주·공급·실적 추정치를 다시 점검하는 모습이다.",synthetic_misinformation,테슬라가 AI5 첫 양산 물량을 기존 계획보다 15% 늘려 삼성전자에 배정하는 부속합의를 확정했다는 내용이 후속 협의에서도 재확인됐다,"일론 머스크는 AI5 반도체 테이프아웃을 알리며 삼성전자와 TSMC에 감사를 표했고, 기사에는 2027년 양산이 예상되며 삼성전자 텍사스 테일러 팹도 생산지로 알려졌다고 보도됐다.",상반된 근거와 미확정 상태를 제외하고 단일 신호를 전체 결론으로 일반화한다.,"base, read, selected",True,sell,50
simulation_20260715_000826_158697_23249,2026-04-17,70,pm,A017,2,news_20260417_섹터_a240b515,phasefake_20260417_A03_B,"테슬라 AI5 테이프아웃과 삼성전자 생산 언급, 테슬라가 AI5 첫 양산 물량을 기존 계획보다 15% 늘려 삼성전자에 배정하는 부속합의를 확정했다는 내용이 후속 협의에서도 재확인됐다 재확인 관측…후속 협의 주목","테슬라 AI5 테이프아웃과 삼성전자 생산 언급의 한쪽 신호만 부각되면서, 테슬라가 AI5 첫 양산 물량을 기존 계획보다 15% 늘려 삼성전자에 배정하는 부속합의를 확정했다는 내용이 후속 협의에서도 재확인됐다는 해석이 확산되고 있다. 시장에서는 관련 수주·공급·실적 기대가 개선될 수 있다는 해석이 제기되고 있다. 관련 거래자들은 해당 주장에 따라 향후 수주·공급·실적 추정치를 다시 점검하는 모습이다.",synthetic_misinformation,테슬라가 AI5 첫 양산 물량을 기존 계획보다 15% 늘려 삼성전자에 배정하는 부속합의를 확정했다는 내용이 후속 협의에서도 재확인됐다,"일론 머스크는 AI5 반도체 테이프아웃을 알리며 삼성전자와 TSMC에 감사를 표했고, 기사에는 2027년 양산이 예상되며 삼성전자 텍사스 테일러 팹도 생산지로 알려졌다고 보도됐다.",상반된 근거와 미확정 상태를 제외하고 단일 신호를 전체 결론으로 일반화한다.,"base, read, selected",True,sell,10
simulation_20260715_000826_158697_23249,2026-04-17,70,pm,A019,1,news_20260417_섹터_a240b515,phasefake_20260417_A03_B,"테슬라 AI5 테이프아웃과 삼성전자 생산 언급, 테슬라가 AI5 첫 양산 물량을 기존 계획보다 15% 늘려 삼성전자에 배정하는 부속합의를 확정했다는 내용이 후속 협의에서도 재확인됐다 재확인 관측…후속 협의 주목","테슬라 AI5 테이프아웃과 삼성전자 생산 언급의 한쪽 신호만 부각되면서, 테슬라가 AI5 첫 양산 물량을 기존 계획보다 15% 늘려 삼성전자에 배정하는 부속합의를 확정했다는 내용이 후속 협의에서도 재확인됐다는 해석이 확산되고 있다. 시장에서는 관련 수주·공급·실적 기대가 개선될 수 있다는 해석이 제기되고 있다. 관련 거래자들은 해당 주장에 따라 향후 수주·공급·실적 추정치를 다시 점검하는 모습이다.",synthetic_misinformation,테슬라가 AI5 첫 양산 물량을 기존 계획보다 15% 늘려 삼성전자에 배정하는 부속합의를 확정했다는 내용이 후속 협의에서도 재확인됐다,"일론 머스크는 AI5 반도체 테이프아웃을 알리며 삼성전자와 TSMC에 감사를 표했고, 기사에는 2027년 양산이 예상되며 삼성전자 텍사스 테일러 팹도 생산지로 알려졌다고 보도됐다.",상반된 근거와 미확정 상태를 제외하고 단일 신호를 전체 결론으로 일반화한다.,"base, read",False,sell,50
simulation_20260715_000826_158697_23249,2026-05-06,92,pm,A018,0,news_20260506_종목_3a877247,phasefake_20260506_Y01_B,"애플, 삼성전자 3나노 시범 생산·초기 발주 확정설","애플 파운드리 협력 검토의 긍정적 또는 부정적 단서만 부각되면서, 애플이 삼성전자와 3나노 프로세서 시범 생산 및 초기 발주를 최종 확정했다는 해석이 제기되고 있다. 시장에서는 관련 수주·공급·실적 기대가 개선될 수 있다는 해석이 제기되고 있다. 관련 거래자들은 해당 주장에 따라 향후 수주·공급·실적 추정치를 다시 점검하는 모습이다.",synthetic_misinformation,애플이 삼성전자와 3나노 프로세서 시범 생산 및 초기 발주를 최종 확정했다,"애플은 TSMC 의존도를 낮추기 위해 인텔·삼성전자 협력 가능성을 검토했고 삼성 팹을 방문했으나, 기사에는 논의가 초기 단계이며 실제 발주나 계약으로 이어지지 않았다고 명시됐다.",상반된 근거와 미확정 상태를 제외하고 단일 신호를 전체 결론으로 일반화한다.,"base, selected",True,buy,52
simulation_20260715_000826_158697_23249,2026-05-06,92,pm,A021,0,news_20260506_종목_3a877247,phasefake_20260506_Y01_B,"애플, 삼성전자 3나노 시범 생산·초기 발주 확정설","애플 파운드리 협력 검토의 긍정적 또는 부정적 단서만 부각되면서, 애플이 삼성전자와 3나노 프로세서 시범 생산 및 초기 발주를 최종 확정했다는 해석이 제기되고 있다. 시장에서는 관련 수주·공급·실적 기대가 개선될 수 있다는 해석이 제기되고 있다. 관련 거래자들은 해당 주장에 따라 향후 수주·공급·실적 추정치를 다시 점검하는 모습이다.",synthetic_misinformation,애플이 삼성전자와 3나노 프로세서 시범 생산 및 초기 발주를 최종 확정했다,"애플은 TSMC 의존도를 낮추기 위해 인텔·삼성전자 협력 가능성을 검토했고 삼성 팹을 방문했으나, 기사에는 논의가 초기 단계이며 실제 발주나 계약으로 이어지지 않았다고 명시됐다.",상반된 근거와 미확정 상태를 제외하고 단일 신호를 전체 결론으로 일반화한다.,"base, selected",True,buy,10
simulation_20260715_000826_158697_23249,2026-05-06,92,pm,A029,0,news_20260506_종목_3a877247,phasefake_20260506_Y01_B,"애플, 삼성전자 3나노 시범 생산·초기 발주 확정설","애플 파운드리 협력 검토의 긍정적 또는 부정적 단서만 부각되면서, 애플이 삼성전자와 3나노 프로세서 시범 생산 및 초기 발주를 최종 확정했다는 해석이 제기되고 있다. 시장에서는 관련 수주·공급·실적 기대가 개선될 수 있다는 해석이 제기되고 있다. 관련 거래자들은 해당 주장에 따라 향후 수주·공급·실적 추정치를 다시 점검하는 모습이다.",synthetic_misinformation,애플이 삼성전자와 3나노 프로세서 시범 생산 및 초기 발주를 최종 확정했다,"애플은 TSMC 의존도를 낮추기 위해 인텔·삼성전자 협력 가능성을 검토했고 삼성 팹을 방문했으나, 기사에는 논의가 초기 단계이며 실제 발주나 계약으로 이어지지 않았다고 명시됐다.",상반된 근거와 미확정 상태를 제외하고 단일 신호를 전체 결론으로 일반화한다.,"base, selected",True,buy,30
simulation_20260715_000826_158697_23249,2026-05-06,92,pm,A019,1,news_20260506_종목_3a877247,phasefake_20260506_Y01_B,"애플, 삼성전자 3나노 시범 생산·초기 발주 확정설","애플 파운드리 협력 검토의 긍정적 또는 부정적 단서만 부각되면서, 애플이 삼성전자와 3나노 프로세서 시범 생산 및 초기 발주를 최종 확정했다는 해석이 제기되고 있다. 시장에서는 관련 수주·공급·실적 기대가 개선될 수 있다는 해석이 제기되고 있다. 관련 거래자들은 해당 주장에 따라 향후 수주·공급·실적 추정치를 다시 점검하는 모습이다.",synthetic_misinformation,애플이 삼성전자와 3나노 프로세서 시범 생산 및 초기 발주를 최종 확정했다,"애플은 TSMC 의존도를 낮추기 위해 인텔·삼성전자 협력 가능성을 검토했고 삼성 팹을 방문했으나, 기사에는 논의가 초기 단계이며 실제 발주나 계약으로 이어지지 않았다고 명시됐다.",상반된 근거와 미확정 상태를 제외하고 단일 신호를 전체 결론으로 일반화한다.,"base, read, selected",True,buy,150
simulation_20260715_000826_158697_23249,2026-05-06,92,pm,A001,1,news_20260506_종목_3a877247,phasefake_20260506_Y01_B,"애플, 삼성전자 3나노 시범 생산·초기 발주 확정설","애플 파운드리 협력 검토의 긍정적 또는 부정적 단서만 부각되면서, 애플이 삼성전자와 3나노 프로세서 시범 생산 및 초기 발주를 최종 확정했다는 해석이 제기되고 있다. 시장에서는 관련 수주·공급·실적 기대가 개선될 수 있다는 해석이 제기되고 있다. 관련 거래자들은 해당 주장에 따라 향후 수주·공급·실적 추정치를 다시 점검하는 모습이다.",synthetic_misinformation,애플이 삼성전자와 3나노 프로세서 시범 생산 및 초기 발주를 최종 확정했다,"애플은 TSMC 의존도를 낮추기 위해 인텔·삼성전자 협력 가능성을 검토했고 삼성 팹을 방문했으나, 기사에는 논의가 초기 단계이며 실제 발주나 계약으로 이어지지 않았다고 명시됐다.",상반된 근거와 미확정 상태를 제외하고 단일 신호를 전체 결론으로 일반화한다.,"base, read, selected",True,sell,50
simulation_20260715_000826_158697_23249,2026-05-06,92,pm,A030,0,news_20260506_종목_3a877247,phasefake_20260506_Y01_B,"애플, 삼성전자 3나노 시범 생산·초기 발주 확정설","애플 파운드리 협력 검토의 긍정적 또는 부정적 단서만 부각되면서, 애플이 삼성전자와 3나노 프로세서 시범 생산 및 초기 발주를 최종 확정했다는 해석이 제기되고 있다. 시장에서는 관련 수주·공급·실적 기대가 개선될 수 있다는 해석이 제기되고 있다. 관련 거래자들은 해당 주장에 따라 향후 수주·공급·실적 추정치를 다시 점검하는 모습이다.",synthetic_misinformation,애플이 삼성전자와 3나노 프로세서 시범 생산 및 초기 발주를 최종 확정했다,"애플은 TSMC 의존도를 낮추기 위해 인텔·삼성전자 협력 가능성을 검토했고 삼성 팹을 방문했으나, 기사에는 논의가 초기 단계이며 실제 발주나 계약으로 이어지지 않았다고 명시됐다.",상반된 근거와 미확정 상태를 제외하고 단일 신호를 전체 결론으로 일반화한다.,"base, selected",True,sell,50
simulation_20260715_000826_158697_23249,2026-05-06,92,pm,A012,1,news_20260506_종목_3a877247,phasefake_20260506_Y01_B,"애플, 삼성전자 3나노 시범 생산·초기 발주 확정설","애플 파운드리 협력 검토의 긍정적 또는 부정적 단서만 부각되면서, 애플이 삼성전자와 3나노 프로세서 시범 생산 및 초기 발주를 최종 확정했다는 해석이 제기되고 있다. 시장에서는 관련 수주·공급·실적 기대가 개선될 수 있다는 해석이 제기되고 있다. 관련 거래자들은 해당 주장에 따라 향후 수주·공급·실적 추정치를 다시 점검하는 모습이다.",synthetic_misinformation,애플이 삼성전자와 3나노 프로세서 시범 생산 및 초기 발주를 최종 확정했다,"애플은 TSMC 의존도를 낮추기 위해 인텔·삼성전자 협력 가능성을 검토했고 삼성 팹을 방문했으나, 기사에는 논의가 초기 단계이며 실제 발주나 계약으로 이어지지 않았다고 명시됐다.",상반된 근거와 미확정 상태를 제외하고 단일 신호를 전체 결론으로 일반화한다.,"base, read, selected",True,sell,100
simulation_20260715_000826_158697_23249,2026-05-06,92,pm,A013,1,news_20260506_종목_3a877247,phasefake_20260506_Y01_B,"애플, 삼성전자 3나노 시범 생산·초기 발주 확정설","애플 파운드리 협력 검토의 긍정적 또는 부정적 단서만 부각되면서, 애플이 삼성전자와 3나노 프로세서 시범 생산 및 초기 발주를 최종 확정했다는 해석이 제기되고 있다. 시장에서는 관련 수주·공급·실적 기대가 개선될 수 있다는 해석이 제기되고 있다. 관련 거래자들은 해당 주장에 따라 향후 수주·공급·실적 추정치를 다시 점검하는 모습이다.",synthetic_misinformation,애플이 삼성전자와 3나노 프로세서 시범 생산 및 초기 발주를 최종 확정했다,"애플은 TSMC 의존도를 낮추기 위해 인텔·삼성전자 협력 가능성을 검토했고 삼성 팹을 방문했으나, 기사에는 논의가 초기 단계이며 실제 발주나 계약으로 이어지지 않았다고 명시됐다.",상반된 근거와 미확정 상태를 제외하고 단일 신호를 전체 결론으로 일반화한다.,"base, read, selected",True,buy,90
simulation_20260715_000826_158697_23249,2026-05-06,92,pm,A003,1,news_20260506_종목_3a877247,phasefake_20260506_Y01_B,"애플, 삼성전자 3나노 시범 생산·초기 발주 확정설","애플 파운드리 협력 검토의 긍정적 또는 부정적 단서만 부각되면서, 애플이 삼성전자와 3나노 프로세서 시범 생산 및 초기 발주를 최종 확정했다는 해석이 제기되고 있다. 시장에서는 관련 수주·공급·실적 기대가 개선될 수 있다는 해석이 제기되고 있다. 관련 거래자들은 해당 주장에 따라 향후 수주·공급·실적 추정치를 다시 점검하는 모습이다.",synthetic_misinformation,애플이 삼성전자와 3나노 프로세서 시범 생산 및 초기 발주를 최종 확정했다,"애플은 TSMC 의존도를 낮추기 위해 인텔·삼성전자 협력 가능성을 검토했고 삼성 팹을 방문했으나, 기사에는 논의가 초기 단계이며 실제 발주나 계약으로 이어지지 않았다고 명시됐다.",상반된 근거와 미확정 상태를 제외하고 단일 신호를 전체 결론으로 일반화한다.,"base, read, selected",True,buy,20
simulation_20260715_000826_158697_23249,2026-05-06,92,pm,A014,1,news_20260506_종목_3a877247,phasefake_20260506_Y01_B,"애플, 삼성전자 3나노 시범 생산·초기 발주 확정설","애플 파운드리 협력 검토의 긍정적 또는 부정적 단서만 부각되면서, 애플이 삼성전자와 3나노 프로세서 시범 생산 및 초기 발주를 최종 확정했다는 해석이 제기되고 있다. 시장에서는 관련 수주·공급·실적 기대가 개선될 수 있다는 해석이 제기되고 있다. 관련 거래자들은 해당 주장에 따라 향후 수주·공급·실적 추정치를 다시 점검하는 모습이다.",synthetic_misinformation,애플이 삼성전자와 3나노 프로세서 시범 생산 및 초기 발주를 최종 확정했다,"애플은 TSMC 의존도를 낮추기 위해 인텔·삼성전자 협력 가능성을 검토했고 삼성 팹을 방문했으나, 기사에는 논의가 초기 단계이며 실제 발주나 계약으로 이어지지 않았다고 명시됐다.",상반된 근거와 미확정 상태를 제외하고 단일 신호를 전체 결론으로 일반화한다.,"base, read",False,sell,50
simulation_20260715_000826_158697_23249,2026-05-06,92,pm,A005,1,news_20260506_종목_3a877247,phasefake_20260506_Y01_B,"애플, 삼성전자 3나노 시범 생산·초기 발주 확정설","애플 파운드리 협력 검토의 긍정적 또는 부정적 단서만 부각되면서, 애플이 삼성전자와 3나노 프로세서 시범 생산 및 초기 발주를 최종 확정했다는 해석이 제기되고 있다. 시장에서는 관련 수주·공급·실적 기대가 개선될 수 있다는 해석이 제기되고 있다. 관련 거래자들은 해당 주장에 따라 향후 수주·공급·실적 추정치를 다시 점검하는 모습이다.",synthetic_misinformation,애플이 삼성전자와 3나노 프로세서 시범 생산 및 초기 발주를 최종 확정했다,"애플은 TSMC 의존도를 낮추기 위해 인텔·삼성전자 협력 가능성을 검토했고 삼성 팹을 방문했으나, 기사에는 논의가 초기 단계이며 실제 발주나 계약으로 이어지지 않았다고 명시됐다.",상반된 근거와 미확정 상태를 제외하고 단일 신호를 전체 결론으로 일반화한다.,"base, read, selected",True,buy,24
simulation_20260715_000826_158697_23249,2026-05-06,92,pm,A024,0,news_20260506_종목_3a877247,phasefake_20260506_Y01_B,"애플, 삼성전자 3나노 시범 생산·초기 발주 확정설","애플 파운드리 협력 검토의 긍정적 또는 부정적 단서만 부각되면서, 애플이 삼성전자와 3나노 프로세서 시범 생산 및 초기 발주를 최종 확정했다는 해석이 제기되고 있다. 시장에서는 관련 수주·공급·실적 기대가 개선될 수 있다는 해석이 제기되고 있다. 관련 거래자들은 해당 주장에 따라 향후 수주·공급·실적 추정치를 다시 점검하는 모습이다.",synthetic_misinformation,애플이 삼성전자와 3나노 프로세서 시범 생산 및 초기 발주를 최종 확정했다,"애플은 TSMC 의존도를 낮추기 위해 인텔·삼성전자 협력 가능성을 검토했고 삼성 팹을 방문했으나, 기사에는 논의가 초기 단계이며 실제 발주나 계약으로 이어지지 않았다고 명시됐다.",상반된 근거와 미확정 상태를 제외하고 단일 신호를 전체 결론으로 일반화한다.,"base, selected",True,sell,1
simulation_20260715_000826_158697_23249,2026-05-06,92,pm,A002,0,news_20260506_종목_3a877247,phasefake_20260506_Y01_B,"애플, 삼성전자 3나노 시범 생산·초기 발주 확정설","애플 파운드리 협력 검토의 긍정적 또는 부정적 단서만 부각되면서, 애플이 삼성전자와 3나노 프로세서 시범 생산 및 초기 발주를 최종 확정했다는 해석이 제기되고 있다. 시장에서는 관련 수주·공급·실적 기대가 개선될 수 있다는 해석이 제기되고 있다. 관련 거래자들은 해당 주장에 따라 향후 수주·공급·실적 추정치를 다시 점검하는 모습이다.",synthetic_misinformation,애플이 삼성전자와 3나노 프로세서 시범 생산 및 초기 발주를 최종 확정했다,"애플은 TSMC 의존도를 낮추기 위해 인텔·삼성전자 협력 가능성을 검토했고 삼성 팹을 방문했으나, 기사에는 논의가 초기 단계이며 실제 발주나 계약으로 이어지지 않았다고 명시됐다.",상반된 근거와 미확정 상태를 제외하고 단일 신호를 전체 결론으로 일반화한다.,"base, selected",True,sell,50
simulation_20260715_000826_158697_23249,2026-05-06,92,pm,A004,1,news_20260506_종목_3a877247,phasefake_20260506_Y01_B,"애플, 삼성전자 3나노 시범 생산·초기 발주 확정설","애플 파운드리 협력 검토의 긍정적 또는 부정적 단서만 부각되면서, 애플이 삼성전자와 3나노 프로세서 시범 생산 및 초기 발주를 최종 확정했다는 해석이 제기되고 있다. 시장에서는 관련 수주·공급·실적 기대가 개선될 수 있다는 해석이 제기되고 있다. 관련 거래자들은 해당 주장에 따라 향후 수주·공급·실적 추정치를 다시 점검하는 모습이다.",synthetic_misinformation,애플이 삼성전자와 3나노 프로세서 시범 생산 및 초기 발주를 최종 확정했다,"애플은 TSMC 의존도를 낮추기 위해 인텔·삼성전자 협력 가능성을 검토했고 삼성 팹을 방문했으나, 기사에는 논의가 초기 단계이며 실제 발주나 계약으로 이어지지 않았다고 명시됐다.",상반된 근거와 미확정 상태를 제외하고 단일 신호를 전체 결론으로 일반화한다.,"base, read, selected",True,sell,100
simulation_20260715_000826_158697_23249,2026-05-06,92,pm,A016,0,news_20260506_종목_3a877247,phasefake_20260506_Y01_B,"애플, 삼성전자 3나노 시범 생산·초기 발주 확정설","애플 파운드리 협력 검토의 긍정적 또는 부정적 단서만 부각되면서, 애플이 삼성전자와 3나노 프로세서 시범 생산 및 초기 발주를 최종 확정했다는 해석이 제기되고 있다. 시장에서는 관련 수주·공급·실적 기대가 개선될 수 있다는 해석이 제기되고 있다. 관련 거래자들은 해당 주장에 따라 향후 수주·공급·실적 추정치를 다시 점검하는 모습이다.",synthetic_misinformation,애플이 삼성전자와 3나노 프로세서 시범 생산 및 초기 발주를 최종 확정했다,"애플은 TSMC 의존도를 낮추기 위해 인텔·삼성전자 협력 가능성을 검토했고 삼성 팹을 방문했으나, 기사에는 논의가 초기 단계이며 실제 발주나 계약으로 이어지지 않았다고 명시됐다.",상반된 근거와 미확정 상태를 제외하고 단일 신호를 전체 결론으로 일반화한다.,"base, selected",True,sell,50
simulation_20260715_000826_158697_23249,2026-05-06,92,pm,A028,0,news_20260506_종목_3a877247,phasefake_20260506_Y01_B,"애플, 삼성전자 3나노 시범 생산·초기 발주 확정설","애플 파운드리 협력 검토의 긍정적 또는 부정적 단서만 부각되면서, 애플이 삼성전자와 3나노 프로세서 시범 생산 및 초기 발주를 최종 확정했다는 해석이 제기되고 있다. 시장에서는 관련 수주·공급·실적 기대가 개선될 수 있다는 해석이 제기되고 있다. 관련 거래자들은 해당 주장에 따라 향후 수주·공급·실적 추정치를 다시 점검하는 모습이다.",synthetic_misinformation,애플이 삼성전자와 3나노 프로세서 시범 생산 및 초기 발주를 최종 확정했다,"애플은 TSMC 의존도를 낮추기 위해 인텔·삼성전자 협력 가능성을 검토했고 삼성 팹을 방문했으나, 기사에는 논의가 초기 단계이며 실제 발주나 계약으로 이어지지 않았다고 명시됐다.",상반된 근거와 미확정 상태를 제외하고 단일 신호를 전체 결론으로 일반화한다.,"base, selected",True,buy,22
simulation_20260715_000826_158697_23249,2026-05-06,92,pm,A009,0,news_20260506_종목_3a877247,phasefake_20260506_Y01_B,"애플, 삼성전자 3나노 시범 생산·초기 발주 확정설","애플 파운드리 협력 검토의 긍정적 또는 부정적 단서만 부각되면서, 애플이 삼성전자와 3나노 프로세서 시범 생산 및 초기 발주를 최종 확정했다는 해석이 제기되고 있다. 시장에서는 관련 수주·공급·실적 기대가 개선될 수 있다는 해석이 제기되고 있다. 관련 거래자들은 해당 주장에 따라 향후 수주·공급·실적 추정치를 다시 점검하는 모습이다.",synthetic_misinformation,애플이 삼성전자와 3나노 프로세서 시범 생산 및 초기 발주를 최종 확정했다,"애플은 TSMC 의존도를 낮추기 위해 인텔·삼성전자 협력 가능성을 검토했고 삼성 팹을 방문했으나, 기사에는 논의가 초기 단계이며 실제 발주나 계약으로 이어지지 않았다고 명시됐다.",상반된 근거와 미확정 상태를 제외하고 단일 신호를 전체 결론으로 일반화한다.,base,False,buy,89
simulation_20260715_000826_158697_23249,2026-05-06,92,pm,A023,0,news_20260506_종목_3a877247,phasefake_20260506_Y01_B,"애플, 삼성전자 3나노 시범 생산·초기 발주 확정설","애플 파운드리 협력 검토의 긍정적 또는 부정적 단서만 부각되면서, 애플이 삼성전자와 3나노 프로세서 시범 생산 및 초기 발주를 최종 확정했다는 해석이 제기되고 있다. 시장에서는 관련 수주·공급·실적 기대가 개선될 수 있다는 해석이 제기되고 있다. 관련 거래자들은 해당 주장에 따라 향후 수주·공급·실적 추정치를 다시 점검하는 모습이다.",synthetic_misinformation,애플이 삼성전자와 3나노 프로세서 시범 생산 및 초기 발주를 최종 확정했다,"애플은 TSMC 의존도를 낮추기 위해 인텔·삼성전자 협력 가능성을 검토했고 삼성 팹을 방문했으나, 기사에는 논의가 초기 단계이며 실제 발주나 계약으로 이어지지 않았다고 명시됐다.",상반된 근거와 미확정 상태를 제외하고 단일 신호를 전체 결론으로 일반화한다.,"base, selected",True,sell,39
simulation_20260715_000826_158697_23249,2026-05-06,92,pm,A026,1,news_20260506_종목_3a877247,phasefake_20260506_Y01_B,"애플, 삼성전자 3나노 시범 생산·초기 발주 확정설","애플 파운드리 협력 검토의 긍정적 또는 부정적 단서만 부각되면서, 애플이 삼성전자와 3나노 프로세서 시범 생산 및 초기 발주를 최종 확정했다는 해석이 제기되고 있다. 시장에서는 관련 수주·공급·실적 기대가 개선될 수 있다는 해석이 제기되고 있다. 관련 거래자들은 해당 주장에 따라 향후 수주·공급·실적 추정치를 다시 점검하는 모습이다.",synthetic_misinformation,애플이 삼성전자와 3나노 프로세서 시범 생산 및 초기 발주를 최종 확정했다,"애플은 TSMC 의존도를 낮추기 위해 인텔·삼성전자 협력 가능성을 검토했고 삼성 팹을 방문했으나, 기사에는 논의가 초기 단계이며 실제 발주나 계약으로 이어지지 않았다고 명시됐다.",상반된 근거와 미확정 상태를 제외하고 단일 신호를 전체 결론으로 일반화한다.,"base, read",False,sell,30
simulation_20260715_000826_158697_23249,2026-05-06,92,pm,A022,1,news_20260506_종목_3a877247,phasefake_20260506_Y01_B,"애플, 삼성전자 3나노 시범 생산·초기 발주 확정설","애플 파운드리 협력 검토의 긍정적 또는 부정적 단서만 부각되면서, 애플이 삼성전자와 3나노 프로세서 시범 생산 및 초기 발주를 최종 확정했다는 해석이 제기되고 있다. 시장에서는 관련 수주·공급·실적 기대가 개선될 수 있다는 해석이 제기되고 있다. 관련 거래자들은 해당 주장에 따라 향후 수주·공급·실적 추정치를 다시 점검하는 모습이다.",synthetic_misinformation,애플이 삼성전자와 3나노 프로세서 시범 생산 및 초기 발주를 최종 확정했다,"애플은 TSMC 의존도를 낮추기 위해 인텔·삼성전자 협력 가능성을 검토했고 삼성 팹을 방문했으나, 기사에는 논의가 초기 단계이며 실제 발주나 계약으로 이어지지 않았다고 명시됐다.",상반된 근거와 미확정 상태를 제외하고 단일 신호를 전체 결론으로 일반화한다.,"base, read",False,buy,100
simulation_20260715_000826_158697_23249,2026-05-06,92,pm,A027,1,news_20260506_종목_3a877247,phasefake_20260506_Y01_B,"애플, 삼성전자 3나노 시범 생산·초기 발주 확정설","애플 파운드리 협력 검토의 긍정적 또는 부정적 단서만 부각되면서, 애플이 삼성전자와 3나노 프로세서 시범 생산 및 초기 발주를 최종 확정했다는 해석이 제기되고 있다. 시장에서는 관련 수주·공급·실적 기대가 개선될 수 있다는 해석이 제기되고 있다. 관련 거래자들은 해당 주장에 따라 향후 수주·공급·실적 추정치를 다시 점검하는 모습이다.",synthetic_misinformation,애플이 삼성전자와 3나노 프로세서 시범 생산 및 초기 발주를 최종 확정했다,"애플은 TSMC 의존도를 낮추기 위해 인텔·삼성전자 협력 가능성을 검토했고 삼성 팹을 방문했으나, 기사에는 논의가 초기 단계이며 실제 발주나 계약으로 이어지지 않았다고 명시됐다.",상반된 근거와 미확정 상태를 제외하고 단일 신호를 전체 결론으로 일반화한다.,"base, read, selected",True,buy,50
simulation_20260715_000826_158697_23249,2026-05-06,92,pm,A015,2,news_20260506_종목_3a877247,phasefake_20260506_Y01_B,"애플, 삼성전자 3나노 시범 생산·초기 발주 확정설","애플 파운드리 협력 검토의 긍정적 또는 부정적 단서만 부각되면서, 애플이 삼성전자와 3나노 프로세서 시범 생산 및 초기 발주를 최종 확정했다는 해석이 제기되고 있다. 시장에서는 관련 수주·공급·실적 기대가 개선될 수 있다는 해석이 제기되고 있다. 관련 거래자들은 해당 주장에 따라 향후 수주·공급·실적 추정치를 다시 점검하는 모습이다.",synthetic_misinformation,애플이 삼성전자와 3나노 프로세서 시범 생산 및 초기 발주를 최종 확정했다,"애플은 TSMC 의존도를 낮추기 위해 인텔·삼성전자 협력 가능성을 검토했고 삼성 팹을 방문했으나, 기사에는 논의가 초기 단계이며 실제 발주나 계약으로 이어지지 않았다고 명시됐다.",상반된 근거와 미확정 상태를 제외하고 단일 신호를 전체 결론으로 일반화한다.,"base, read, selected",True,sell,50
simulation_20260715_000826_158697_23249,2026-05-06,92,pm,A007,2,news_20260506_종목_3a877247,phasefake_20260506_Y01_B,"애플, 삼성전자 3나노 시범 생산·초기 발주 확정설","애플 파운드리 협력 검토의 긍정적 또는 부정적 단서만 부각되면서, 애플이 삼성전자와 3나노 프로세서 시범 생산 및 초기 발주를 최종 확정했다는 해석이 제기되고 있다. 시장에서는 관련 수주·공급·실적 기대가 개선될 수 있다는 해석이 제기되고 있다. 관련 거래자들은 해당 주장에 따라 향후 수주·공급·실적 추정치를 다시 점검하는 모습이다.",synthetic_misinformation,애플이 삼성전자와 3나노 프로세서 시범 생산 및 초기 발주를 최종 확정했다,"애플은 TSMC 의존도를 낮추기 위해 인텔·삼성전자 협력 가능성을 검토했고 삼성 팹을 방문했으나, 기사에는 논의가 초기 단계이며 실제 발주나 계약으로 이어지지 않았다고 명시됐다.",상반된 근거와 미확정 상태를 제외하고 단일 신호를 전체 결론으로 일반화한다.,"base, read, selected",True,buy,100
simulation_20260715_000826_158697_23249,2026-05-06,92,pm,A011,1,news_20260506_종목_3a877247,phasefake_20260506_Y01_B,"애플, 삼성전자 3나노 시범 생산·초기 발주 확정설","애플 파운드리 협력 검토의 긍정적 또는 부정적 단서만 부각되면서, 애플이 삼성전자와 3나노 프로세서 시범 생산 및 초기 발주를 최종 확정했다는 해석이 제기되고 있다. 시장에서는 관련 수주·공급·실적 기대가 개선될 수 있다는 해석이 제기되고 있다. 관련 거래자들은 해당 주장에 따라 향후 수주·공급·실적 추정치를 다시 점검하는 모습이다.",synthetic_misinformation,애플이 삼성전자와 3나노 프로세서 시범 생산 및 초기 발주를 최종 확정했다,"애플은 TSMC 의존도를 낮추기 위해 인텔·삼성전자 협력 가능성을 검토했고 삼성 팹을 방문했으나, 기사에는 논의가 초기 단계이며 실제 발주나 계약으로 이어지지 않았다고 명시됐다.",상반된 근거와 미확정 상태를 제외하고 단일 신호를 전체 결론으로 일반화한다.,"base, read, selected",True,sell,50
simulation_20260715_000826_158697_23249,2026-05-06,92,pm,A010,1,news_20260506_종목_3a877247,phasefake_20260506_Y01_B,"애플, 삼성전자 3나노 시범 생산·초기 발주 확정설","애플 파운드리 협력 검토의 긍정적 또는 부정적 단서만 부각되면서, 애플이 삼성전자와 3나노 프로세서 시범 생산 및 초기 발주를 최종 확정했다는 해석이 제기되고 있다. 시장에서는 관련 수주·공급·실적 기대가 개선될 수 있다는 해석이 제기되고 있다. 관련 거래자들은 해당 주장에 따라 향후 수주·공급·실적 추정치를 다시 점검하는 모습이다.",synthetic_misinformation,애플이 삼성전자와 3나노 프로세서 시범 생산 및 초기 발주를 최종 확정했다,"애플은 TSMC 의존도를 낮추기 위해 인텔·삼성전자 협력 가능성을 검토했고 삼성 팹을 방문했으나, 기사에는 논의가 초기 단계이며 실제 발주나 계약으로 이어지지 않았다고 명시됐다.",상반된 근거와 미확정 상태를 제외하고 단일 신호를 전체 결론으로 일반화한다.,"base, read, selected",True,buy,60
simulation_20260715_000826_158697_23249,2026-05-06,92,pm,A017,2,news_20260506_종목_3a877247,phasefake_20260506_Y01_B,"애플, 삼성전자 3나노 시범 생산·초기 발주 확정설","애플 파운드리 협력 검토의 긍정적 또는 부정적 단서만 부각되면서, 애플이 삼성전자와 3나노 프로세서 시범 생산 및 초기 발주를 최종 확정했다는 해석이 제기되고 있다. 시장에서는 관련 수주·공급·실적 기대가 개선될 수 있다는 해석이 제기되고 있다. 관련 거래자들은 해당 주장에 따라 향후 수주·공급·실적 추정치를 다시 점검하는 모습이다.",synthetic_misinformation,애플이 삼성전자와 3나노 프로세서 시범 생산 및 초기 발주를 최종 확정했다,"애플은 TSMC 의존도를 낮추기 위해 인텔·삼성전자 협력 가능성을 검토했고 삼성 팹을 방문했으나, 기사에는 논의가 초기 단계이며 실제 발주나 계약으로 이어지지 않았다고 명시됐다.",상반된 근거와 미확정 상태를 제외하고 단일 신호를 전체 결론으로 일반화한다.,"base, read, selected",True,sell,50
simulation_20260715_000826_158697_23249,2026-05-06,92,pm,A025,1,news_20260506_종목_3a877247,phasefake_20260506_Y01_B,"애플, 삼성전자 3나노 시범 생산·초기 발주 확정설","애플 파운드리 협력 검토의 긍정적 또는 부정적 단서만 부각되면서, 애플이 삼성전자와 3나노 프로세서 시범 생산 및 초기 발주를 최종 확정했다는 해석이 제기되고 있다. 시장에서는 관련 수주·공급·실적 기대가 개선될 수 있다는 해석이 제기되고 있다. 관련 거래자들은 해당 주장에 따라 향후 수주·공급·실적 추정치를 다시 점검하는 모습이다.",synthetic_misinformation,애플이 삼성전자와 3나노 프로세서 시범 생산 및 초기 발주를 최종 확정했다,"애플은 TSMC 의존도를 낮추기 위해 인텔·삼성전자 협력 가능성을 검토했고 삼성 팹을 방문했으나, 기사에는 논의가 초기 단계이며 실제 발주나 계약으로 이어지지 않았다고 명시됐다.",상반된 근거와 미확정 상태를 제외하고 단일 신호를 전체 결론으로 일반화한다.,"base, read, selected",True,sell,1
simulation_20260715_000826_158697_23249,2026-05-06,92,pm,A020,2,news_20260506_종목_3a877247,phasefake_20260506_Y01_B,"애플, 삼성전자 3나노 시범 생산·초기 발주 확정설","애플 파운드리 협력 검토의 긍정적 또는 부정적 단서만 부각되면서, 애플이 삼성전자와 3나노 프로세서 시범 생산 및 초기 발주를 최종 확정했다는 해석이 제기되고 있다. 시장에서는 관련 수주·공급·실적 기대가 개선될 수 있다는 해석이 제기되고 있다. 관련 거래자들은 해당 주장에 따라 향후 수주·공급·실적 추정치를 다시 점검하는 모습이다.",synthetic_misinformation,애플이 삼성전자와 3나노 프로세서 시범 생산 및 초기 발주를 최종 확정했다,"애플은 TSMC 의존도를 낮추기 위해 인텔·삼성전자 협력 가능성을 검토했고 삼성 팹을 방문했으나, 기사에는 논의가 초기 단계이며 실제 발주나 계약으로 이어지지 않았다고 명시됐다.",상반된 근거와 미확정 상태를 제외하고 단일 신호를 전체 결론으로 일반화한다.,"base, read",False,sell,6
simulation_20260715_000826_158697_23249,2026-05-06,92,pm,A006,1,news_20260506_종목_3a877247,phasefake_20260506_Y01_B,"애플, 삼성전자 3나노 시범 생산·초기 발주 확정설","애플 파운드리 협력 검토의 긍정적 또는 부정적 단서만 부각되면서, 애플이 삼성전자와 3나노 프로세서 시범 생산 및 초기 발주를 최종 확정했다는 해석이 제기되고 있다. 시장에서는 관련 수주·공급·실적 기대가 개선될 수 있다는 해석이 제기되고 있다. 관련 거래자들은 해당 주장에 따라 향후 수주·공급·실적 추정치를 다시 점검하는 모습이다.",synthetic_misinformation,애플이 삼성전자와 3나노 프로세서 시범 생산 및 초기 발주를 최종 확정했다,"애플은 TSMC 의존도를 낮추기 위해 인텔·삼성전자 협력 가능성을 검토했고 삼성 팹을 방문했으나, 기사에는 논의가 초기 단계이며 실제 발주나 계약으로 이어지지 않았다고 명시됐다.",상반된 근거와 미확정 상태를 제외하고 단일 신호를 전체 결론으로 일반화한다.,"base, read, selected",True,sell,76
simulation_20260715_000826_158697_23249,2026-05-06,92,pm,A008,1,news_20260506_종목_3a877247,phasefake_20260506_Y01_B,"애플, 삼성전자 3나노 시범 생산·초기 발주 확정설","애플 파운드리 협력 검토의 긍정적 또는 부정적 단서만 부각되면서, 애플이 삼성전자와 3나노 프로세서 시범 생산 및 초기 발주를 최종 확정했다는 해석이 제기되고 있다. 시장에서는 관련 수주·공급·실적 기대가 개선될 수 있다는 해석이 제기되고 있다. 관련 거래자들은 해당 주장에 따라 향후 수주·공급·실적 추정치를 다시 점검하는 모습이다.",synthetic_misinformation,애플이 삼성전자와 3나노 프로세서 시범 생산 및 초기 발주를 최종 확정했다,"애플은 TSMC 의존도를 낮추기 위해 인텔·삼성전자 협력 가능성을 검토했고 삼성 팹을 방문했으나, 기사에는 논의가 초기 단계이며 실제 발주나 계약으로 이어지지 않았다고 명시됐다.",상반된 근거와 미확정 상태를 제외하고 단일 신호를 전체 결론으로 일반화한다.,"base, read, selected",True,sell,1
simulation_20260715_000826_158697_23249,2026-05-08,96,pm,A028,0,news_20260508_종목_eb83db82,phasefake_20260508_Y01_B,"애플 파운드리 협력 검토, 애플이 삼성전자와 3나노 프로세서 시범 생산 및 초기 발주를 최종 확정했다는 내용이 향후 수주·공급·실적 추정에도 반영되고 있다 시장 반영설…추정치 재점검","애플 파운드리 협력 검토 관련 소식 이후, 애플이 삼성전자와 3나노 프로세서 시범 생산 및 초기 발주를 최종 확정했다는 내용이 향후 수주·공급·실적 추정에도 반영되고 있다는 소문이 사실처럼 유통되고 있다. 시장에서는 관련 수주·공급·실적 기대가 개선될 수 있다는 해석이 제기되고 있다. 관련 거래자들은 해당 주장에 따라 향후 수주·공급·실적 추정치를 다시 점검하는 모습이다.",synthetic_misinformation,애플이 삼성전자와 3나노 프로세서 시범 생산 및 초기 발주를 최종 확정했다는 내용이 향후 수주·공급·실적 추정에도 반영되고 있다,"애플은 TSMC 의존도를 낮추기 위해 인텔·삼성전자 협력 가능성을 검토했고 삼성 팹을 방문했으나, 기사에는 논의가 초기 단계이며 실제 발주나 계약으로 이어지지 않았다고 명시됐다.",확인되지 않은 전망 또는 소문을 최종 확인된 결과처럼 단정한다.,"base, selected",True,buy,27
simulation_20260715_000826_158697_23249,2026-05-08,96,pm,A021,0,news_20260508_종목_eb83db82,phasefake_20260508_Y01_B,"애플 파운드리 협력 검토, 애플이 삼성전자와 3나노 프로세서 시범 생산 및 초기 발주를 최종 확정했다는 내용이 향후 수주·공급·실적 추정에도 반영되고 있다 시장 반영설…추정치 재점검","애플 파운드리 협력 검토 관련 소식 이후, 애플이 삼성전자와 3나노 프로세서 시범 생산 및 초기 발주를 최종 확정했다는 내용이 향후 수주·공급·실적 추정에도 반영되고 있다는 소문이 사실처럼 유통되고 있다. 시장에서는 관련 수주·공급·실적 기대가 개선될 수 있다는 해석이 제기되고 있다. 관련 거래자들은 해당 주장에 따라 향후 수주·공급·실적 추정치를 다시 점검하는 모습이다.",synthetic_misinformation,애플이 삼성전자와 3나노 프로세서 시범 생산 및 초기 발주를 최종 확정했다는 내용이 향후 수주·공급·실적 추정에도 반영되고 있다,"애플은 TSMC 의존도를 낮추기 위해 인텔·삼성전자 협력 가능성을 검토했고 삼성 팹을 방문했으나, 기사에는 논의가 초기 단계이며 실제 발주나 계약으로 이어지지 않았다고 명시됐다.",확인되지 않은 전망 또는 소문을 최종 확인된 결과처럼 단정한다.,"base, selected",True,sell,10
simulation_20260715_000826_158697_23249,2026-05-08,96,pm,A026,1,news_20260508_종목_eb83db82,phasefake_20260508_Y01_B,"애플 파운드리 협력 검토, 애플이 삼성전자와 3나노 프로세서 시범 생산 및 초기 발주를 최종 확정했다는 내용이 향후 수주·공급·실적 추정에도 반영되고 있다 시장 반영설…추정치 재점검","애플 파운드리 협력 검토 관련 소식 이후, 애플이 삼성전자와 3나노 프로세서 시범 생산 및 초기 발주를 최종 확정했다는 내용이 향후 수주·공급·실적 추정에도 반영되고 있다는 소문이 사실처럼 유통되고 있다. 시장에서는 관련 수주·공급·실적 기대가 개선될 수 있다는 해석이 제기되고 있다. 관련 거래자들은 해당 주장에 따라 향후 수주·공급·실적 추정치를 다시 점검하는 모습이다.",synthetic_misinformation,애플이 삼성전자와 3나노 프로세서 시범 생산 및 초기 발주를 최종 확정했다는 내용이 향후 수주·공급·실적 추정에도 반영되고 있다,"애플은 TSMC 의존도를 낮추기 위해 인텔·삼성전자 협력 가능성을 검토했고 삼성 팹을 방문했으나, 기사에는 논의가 초기 단계이며 실제 발주나 계약으로 이어지지 않았다고 명시됐다.",확인되지 않은 전망 또는 소문을 최종 확인된 결과처럼 단정한다.,"base, read, selected",True,buy,150
simulation_20260715_000826_158697_23249,2026-05-08,96,pm,A023,0,news_20260508_종목_eb83db82,phasefake_20260508_Y01_B,"애플 파운드리 협력 검토, 애플이 삼성전자와 3나노 프로세서 시범 생산 및 초기 발주를 최종 확정했다는 내용이 향후 수주·공급·실적 추정에도 반영되고 있다 시장 반영설…추정치 재점검","애플 파운드리 협력 검토 관련 소식 이후, 애플이 삼성전자와 3나노 프로세서 시범 생산 및 초기 발주를 최종 확정했다는 내용이 향후 수주·공급·실적 추정에도 반영되고 있다는 소문이 사실처럼 유통되고 있다. 시장에서는 관련 수주·공급·실적 기대가 개선될 수 있다는 해석이 제기되고 있다. 관련 거래자들은 해당 주장에 따라 향후 수주·공급·실적 추정치를 다시 점검하는 모습이다.",synthetic_misinformation,애플이 삼성전자와 3나노 프로세서 시범 생산 및 초기 발주를 최종 확정했다는 내용이 향후 수주·공급·실적 추정에도 반영되고 있다,"애플은 TSMC 의존도를 낮추기 위해 인텔·삼성전자 협력 가능성을 검토했고 삼성 팹을 방문했으나, 기사에는 논의가 초기 단계이며 실제 발주나 계약으로 이어지지 않았다고 명시됐다.",확인되지 않은 전망 또는 소문을 최종 확인된 결과처럼 단정한다.,"base, selected",True,buy,85
simulation_20260715_000826_158697_23249,2026-05-08,96,pm,A004,1,news_20260508_종목_eb83db82,phasefake_20260508_Y01_B,"애플 파운드리 협력 검토, 애플이 삼성전자와 3나노 프로세서 시범 생산 및 초기 발주를 최종 확정했다는 내용이 향후 수주·공급·실적 추정에도 반영되고 있다 시장 반영설…추정치 재점검","애플 파운드리 협력 검토 관련 소식 이후, 애플이 삼성전자와 3나노 프로세서 시범 생산 및 초기 발주를 최종 확정했다는 내용이 향후 수주·공급·실적 추정에도 반영되고 있다는 소문이 사실처럼 유통되고 있다. 시장에서는 관련 수주·공급·실적 기대가 개선될 수 있다는 해석이 제기되고 있다. 관련 거래자들은 해당 주장에 따라 향후 수주·공급·실적 추정치를 다시 점검하는 모습이다.",synthetic_misinformation,애플이 삼성전자와 3나노 프로세서 시범 생산 및 초기 발주를 최종 확정했다는 내용이 향후 수주·공급·실적 추정에도 반영되고 있다,"애플은 TSMC 의존도를 낮추기 위해 인텔·삼성전자 협력 가능성을 검토했고 삼성 팹을 방문했으나, 기사에는 논의가 초기 단계이며 실제 발주나 계약으로 이어지지 않았다고 명시됐다.",확인되지 않은 전망 또는 소문을 최종 확인된 결과처럼 단정한다.,"base, read, selected",True,sell,131
simulation_20260715_000826_158697_23249,2026-05-08,96,pm,A018,0,news_20260508_종목_eb83db82,phasefake_20260508_Y01_B,"애플 파운드리 협력 검토, 애플이 삼성전자와 3나노 프로세서 시범 생산 및 초기 발주를 최종 확정했다는 내용이 향후 수주·공급·실적 추정에도 반영되고 있다 시장 반영설…추정치 재점검","애플 파운드리 협력 검토 관련 소식 이후, 애플이 삼성전자와 3나노 프로세서 시범 생산 및 초기 발주를 최종 확정했다는 내용이 향후 수주·공급·실적 추정에도 반영되고 있다는 소문이 사실처럼 유통되고 있다. 시장에서는 관련 수주·공급·실적 기대가 개선될 수 있다는 해석이 제기되고 있다. 관련 거래자들은 해당 주장에 따라 향후 수주·공급·실적 추정치를 다시 점검하는 모습이다.",synthetic_misinformation,애플이 삼성전자와 3나노 프로세서 시범 생산 및 초기 발주를 최종 확정했다는 내용이 향후 수주·공급·실적 추정에도 반영되고 있다,"애플은 TSMC 의존도를 낮추기 위해 인텔·삼성전자 협력 가능성을 검토했고 삼성 팹을 방문했으나, 기사에는 논의가 초기 단계이며 실제 발주나 계약으로 이어지지 않았다고 명시됐다.",확인되지 않은 전망 또는 소문을 최종 확인된 결과처럼 단정한다.,"base, selected",True,buy,29
simulation_20260715_000826_158697_23249,2026-05-08,96,pm,A013,1,news_20260508_종목_eb83db82,phasefake_20260508_Y01_B,"애플 파운드리 협력 검토, 애플이 삼성전자와 3나노 프로세서 시범 생산 및 초기 발주를 최종 확정했다는 내용이 향후 수주·공급·실적 추정에도 반영되고 있다 시장 반영설…추정치 재점검","애플 파운드리 협력 검토 관련 소식 이후, 애플이 삼성전자와 3나노 프로세서 시범 생산 및 초기 발주를 최종 확정했다는 내용이 향후 수주·공급·실적 추정에도 반영되고 있다는 소문이 사실처럼 유통되고 있다. 시장에서는 관련 수주·공급·실적 기대가 개선될 수 있다는 해석이 제기되고 있다. 관련 거래자들은 해당 주장에 따라 향후 수주·공급·실적 추정치를 다시 점검하는 모습이다.",synthetic_misinformation,애플이 삼성전자와 3나노 프로세서 시범 생산 및 초기 발주를 최종 확정했다는 내용이 향후 수주·공급·실적 추정에도 반영되고 있다,"애플은 TSMC 의존도를 낮추기 위해 인텔·삼성전자 협력 가능성을 검토했고 삼성 팹을 방문했으나, 기사에는 논의가 초기 단계이며 실제 발주나 계약으로 이어지지 않았다고 명시됐다.",확인되지 않은 전망 또는 소문을 최종 확인된 결과처럼 단정한다.,"base, read, selected",True,buy,100
simulation_20260715_000826_158697_23249,2026-05-08,96,pm,A010,1,news_20260508_종목_eb83db82,phasefake_20260508_Y01_B,"애플 파운드리 협력 검토, 애플이 삼성전자와 3나노 프로세서 시범 생산 및 초기 발주를 최종 확정했다는 내용이 향후 수주·공급·실적 추정에도 반영되고 있다 시장 반영설…추정치 재점검","애플 파운드리 협력 검토 관련 소식 이후, 애플이 삼성전자와 3나노 프로세서 시범 생산 및 초기 발주를 최종 확정했다는 내용이 향후 수주·공급·실적 추정에도 반영되고 있다는 소문이 사실처럼 유통되고 있다. 시장에서는 관련 수주·공급·실적 기대가 개선될 수 있다는 해석이 제기되고 있다. 관련 거래자들은 해당 주장에 따라 향후 수주·공급·실적 추정치를 다시 점검하는 모습이다.",synthetic_misinformation,애플이 삼성전자와 3나노 프로세서 시범 생산 및 초기 발주를 최종 확정했다는 내용이 향후 수주·공급·실적 추정에도 반영되고 있다,"애플은 TSMC 의존도를 낮추기 위해 인텔·삼성전자 협력 가능성을 검토했고 삼성 팹을 방문했으나, 기사에는 논의가 초기 단계이며 실제 발주나 계약으로 이어지지 않았다고 명시됐다.",확인되지 않은 전망 또는 소문을 최종 확인된 결과처럼 단정한다.,"base, read, selected",True,buy,92
simulation_20260715_000826_158697_23249,2026-05-08,96,pm,A014,1,news_20260508_종목_eb83db82,phasefake_20260508_Y01_B,"애플 파운드리 협력 검토, 애플이 삼성전자와 3나노 프로세서 시범 생산 및 초기 발주를 최종 확정했다는 내용이 향후 수주·공급·실적 추정에도 반영되고 있다 시장 반영설…추정치 재점검","애플 파운드리 협력 검토 관련 소식 이후, 애플이 삼성전자와 3나노 프로세서 시범 생산 및 초기 발주를 최종 확정했다는 내용이 향후 수주·공급·실적 추정에도 반영되고 있다는 소문이 사실처럼 유통되고 있다. 시장에서는 관련 수주·공급·실적 기대가 개선될 수 있다는 해석이 제기되고 있다. 관련 거래자들은 해당 주장에 따라 향후 수주·공급·실적 추정치를 다시 점검하는 모습이다.",synthetic_misinformation,애플이 삼성전자와 3나노 프로세서 시범 생산 및 초기 발주를 최종 확정했다는 내용이 향후 수주·공급·실적 추정에도 반영되고 있다,"애플은 TSMC 의존도를 낮추기 위해 인텔·삼성전자 협력 가능성을 검토했고 삼성 팹을 방문했으나, 기사에는 논의가 초기 단계이며 실제 발주나 계약으로 이어지지 않았다고 명시됐다.",확인되지 않은 전망 또는 소문을 최종 확인된 결과처럼 단정한다.,"base, read, selected",True,buy,180
simulation_20260715_000826_158697_23249,2026-05-08,96,pm,A005,1,news_20260508_종목_eb83db82,phasefake_20260508_Y01_B,"애플 파운드리 협력 검토, 애플이 삼성전자와 3나노 프로세서 시범 생산 및 초기 발주를 최종 확정했다는 내용이 향후 수주·공급·실적 추정에도 반영되고 있다 시장 반영설…추정치 재점검","애플 파운드리 협력 검토 관련 소식 이후, 애플이 삼성전자와 3나노 프로세서 시범 생산 및 초기 발주를 최종 확정했다는 내용이 향후 수주·공급·실적 추정에도 반영되고 있다는 소문이 사실처럼 유통되고 있다. 시장에서는 관련 수주·공급·실적 기대가 개선될 수 있다는 해석이 제기되고 있다. 관련 거래자들은 해당 주장에 따라 향후 수주·공급·실적 추정치를 다시 점검하는 모습이다.",synthetic_misinformation,애플이 삼성전자와 3나노 프로세서 시범 생산 및 초기 발주를 최종 확정했다는 내용이 향후 수주·공급·실적 추정에도 반영되고 있다,"애플은 TSMC 의존도를 낮추기 위해 인텔·삼성전자 협력 가능성을 검토했고 삼성 팹을 방문했으나, 기사에는 논의가 초기 단계이며 실제 발주나 계약으로 이어지지 않았다고 명시됐다.",확인되지 않은 전망 또는 소문을 최종 확인된 결과처럼 단정한다.,"base, read, selected",True,sell,13
simulation_20260715_000826_158697_23249,2026-05-08,96,pm,A002,0,news_20260508_종목_eb83db82,phasefake_20260508_Y01_B,"애플 파운드리 협력 검토, 애플이 삼성전자와 3나노 프로세서 시범 생산 및 초기 발주를 최종 확정했다는 내용이 향후 수주·공급·실적 추정에도 반영되고 있다 시장 반영설…추정치 재점검","애플 파운드리 협력 검토 관련 소식 이후, 애플이 삼성전자와 3나노 프로세서 시범 생산 및 초기 발주를 최종 확정했다는 내용이 향후 수주·공급·실적 추정에도 반영되고 있다는 소문이 사실처럼 유통되고 있다. 시장에서는 관련 수주·공급·실적 기대가 개선될 수 있다는 해석이 제기되고 있다. 관련 거래자들은 해당 주장에 따라 향후 수주·공급·실적 추정치를 다시 점검하는 모습이다.",synthetic_misinformation,애플이 삼성전자와 3나노 프로세서 시범 생산 및 초기 발주를 최종 확정했다는 내용이 향후 수주·공급·실적 추정에도 반영되고 있다,"애플은 TSMC 의존도를 낮추기 위해 인텔·삼성전자 협력 가능성을 검토했고 삼성 팹을 방문했으나, 기사에는 논의가 초기 단계이며 실제 발주나 계약으로 이어지지 않았다고 명시됐다.",확인되지 않은 전망 또는 소문을 최종 확인된 결과처럼 단정한다.,"base, selected",True,buy,209
simulation_20260715_000826_158697_23249,2026-05-08,96,pm,A008,1,news_20260508_종목_eb83db82,phasefake_20260508_Y01_B,"애플 파운드리 협력 검토, 애플이 삼성전자와 3나노 프로세서 시범 생산 및 초기 발주를 최종 확정했다는 내용이 향후 수주·공급·실적 추정에도 반영되고 있다 시장 반영설…추정치 재점검","애플 파운드리 협력 검토 관련 소식 이후, 애플이 삼성전자와 3나노 프로세서 시범 생산 및 초기 발주를 최종 확정했다는 내용이 향후 수주·공급·실적 추정에도 반영되고 있다는 소문이 사실처럼 유통되고 있다. 시장에서는 관련 수주·공급·실적 기대가 개선될 수 있다는 해석이 제기되고 있다. 관련 거래자들은 해당 주장에 따라 향후 수주·공급·실적 추정치를 다시 점검하는 모습이다.",synthetic_misinformation,애플이 삼성전자와 3나노 프로세서 시범 생산 및 초기 발주를 최종 확정했다는 내용이 향후 수주·공급·실적 추정에도 반영되고 있다,"애플은 TSMC 의존도를 낮추기 위해 인텔·삼성전자 협력 가능성을 검토했고 삼성 팹을 방문했으나, 기사에는 논의가 초기 단계이며 실제 발주나 계약으로 이어지지 않았다고 명시됐다.",확인되지 않은 전망 또는 소문을 최종 확인된 결과처럼 단정한다.,"base, read, selected",True,sell,1
simulation_20260715_000826_158697_23249,2026-05-08,96,pm,A025,1,news_20260508_종목_eb83db82,phasefake_20260508_Y01_B,"애플 파운드리 협력 검토, 애플이 삼성전자와 3나노 프로세서 시범 생산 및 초기 발주를 최종 확정했다는 내용이 향후 수주·공급·실적 추정에도 반영되고 있다 시장 반영설…추정치 재점검","애플 파운드리 협력 검토 관련 소식 이후, 애플이 삼성전자와 3나노 프로세서 시범 생산 및 초기 발주를 최종 확정했다는 내용이 향후 수주·공급·실적 추정에도 반영되고 있다는 소문이 사실처럼 유통되고 있다. 시장에서는 관련 수주·공급·실적 기대가 개선될 수 있다는 해석이 제기되고 있다. 관련 거래자들은 해당 주장에 따라 향후 수주·공급·실적 추정치를 다시 점검하는 모습이다.",synthetic_misinformation,애플이 삼성전자와 3나노 프로세서 시범 생산 및 초기 발주를 최종 확정했다는 내용이 향후 수주·공급·실적 추정에도 반영되고 있다,"애플은 TSMC 의존도를 낮추기 위해 인텔·삼성전자 협력 가능성을 검토했고 삼성 팹을 방문했으나, 기사에는 논의가 초기 단계이며 실제 발주나 계약으로 이어지지 않았다고 명시됐다.",확인되지 않은 전망 또는 소문을 최종 확인된 결과처럼 단정한다.,"base, read",False,sell,100
simulation_20260715_000826_158697_23249,2026-05-08,96,pm,A009,0,news_20260508_종목_eb83db82,phasefake_20260508_Y01_B,"애플 파운드리 협력 검토, 애플이 삼성전자와 3나노 프로세서 시범 생산 및 초기 발주를 최종 확정했다는 내용이 향후 수주·공급·실적 추정에도 반영되고 있다 시장 반영설…추정치 재점검","애플 파운드리 협력 검토 관련 소식 이후, 애플이 삼성전자와 3나노 프로세서 시범 생산 및 초기 발주를 최종 확정했다는 내용이 향후 수주·공급·실적 추정에도 반영되고 있다는 소문이 사실처럼 유통되고 있다. 시장에서는 관련 수주·공급·실적 기대가 개선될 수 있다는 해석이 제기되고 있다. 관련 거래자들은 해당 주장에 따라 향후 수주·공급·실적 추정치를 다시 점검하는 모습이다.",synthetic_misinformation,애플이 삼성전자와 3나노 프로세서 시범 생산 및 초기 발주를 최종 확정했다는 내용이 향후 수주·공급·실적 추정에도 반영되고 있다,"애플은 TSMC 의존도를 낮추기 위해 인텔·삼성전자 협력 가능성을 검토했고 삼성 팹을 방문했으나, 기사에는 논의가 초기 단계이며 실제 발주나 계약으로 이어지지 않았다고 명시됐다.",확인되지 않은 전망 또는 소문을 최종 확인된 결과처럼 단정한다.,"base, selected",True,buy,10
simulation_20260715_000826_158697_23249,2026-05-08,96,pm,A027,1,news_20260508_종목_eb83db82,phasefake_20260508_Y01_B,"애플 파운드리 협력 검토, 애플이 삼성전자와 3나노 프로세서 시범 생산 및 초기 발주를 최종 확정했다는 내용이 향후 수주·공급·실적 추정에도 반영되고 있다 시장 반영설…추정치 재점검","애플 파운드리 협력 검토 관련 소식 이후, 애플이 삼성전자와 3나노 프로세서 시범 생산 및 초기 발주를 최종 확정했다는 내용이 향후 수주·공급·실적 추정에도 반영되고 있다는 소문이 사실처럼 유통되고 있다. 시장에서는 관련 수주·공급·실적 기대가 개선될 수 있다는 해석이 제기되고 있다. 관련 거래자들은 해당 주장에 따라 향후 수주·공급·실적 추정치를 다시 점검하는 모습이다.",synthetic_misinformation,애플이 삼성전자와 3나노 프로세서 시범 생산 및 초기 발주를 최종 확정했다는 내용이 향후 수주·공급·실적 추정에도 반영되고 있다,"애플은 TSMC 의존도를 낮추기 위해 인텔·삼성전자 협력 가능성을 검토했고 삼성 팹을 방문했으나, 기사에는 논의가 초기 단계이며 실제 발주나 계약으로 이어지지 않았다고 명시됐다.",확인되지 않은 전망 또는 소문을 최종 확인된 결과처럼 단정한다.,"base, read",False,buy,50
simulation_20260715_000826_158697_23249,2026-05-08,96,pm,A016,0,news_20260508_종목_eb83db82,phasefake_20260508_Y01_B,"애플 파운드리 협력 검토, 애플이 삼성전자와 3나노 프로세서 시범 생산 및 초기 발주를 최종 확정했다는 내용이 향후 수주·공급·실적 추정에도 반영되고 있다 시장 반영설…추정치 재점검","애플 파운드리 협력 검토 관련 소식 이후, 애플이 삼성전자와 3나노 프로세서 시범 생산 및 초기 발주를 최종 확정했다는 내용이 향후 수주·공급·실적 추정에도 반영되고 있다는 소문이 사실처럼 유통되고 있다. 시장에서는 관련 수주·공급·실적 기대가 개선될 수 있다는 해석이 제기되고 있다. 관련 거래자들은 해당 주장에 따라 향후 수주·공급·실적 추정치를 다시 점검하는 모습이다.",synthetic_misinformation,애플이 삼성전자와 3나노 프로세서 시범 생산 및 초기 발주를 최종 확정했다는 내용이 향후 수주·공급·실적 추정에도 반영되고 있다,"애플은 TSMC 의존도를 낮추기 위해 인텔·삼성전자 협력 가능성을 검토했고 삼성 팹을 방문했으나, 기사에는 논의가 초기 단계이며 실제 발주나 계약으로 이어지지 않았다고 명시됐다.",확인되지 않은 전망 또는 소문을 최종 확인된 결과처럼 단정한다.,"base, selected",True,sell,20
simulation_20260715_000826_158697_23249,2026-05-08,96,pm,A019,1,news_20260508_종목_eb83db82,phasefake_20260508_Y01_B,"애플 파운드리 협력 검토, 애플이 삼성전자와 3나노 프로세서 시범 생산 및 초기 발주를 최종 확정했다는 내용이 향후 수주·공급·실적 추정에도 반영되고 있다 시장 반영설…추정치 재점검","애플 파운드리 협력 검토 관련 소식 이후, 애플이 삼성전자와 3나노 프로세서 시범 생산 및 초기 발주를 최종 확정했다는 내용이 향후 수주·공급·실적 추정에도 반영되고 있다는 소문이 사실처럼 유통되고 있다. 시장에서는 관련 수주·공급·실적 기대가 개선될 수 있다는 해석이 제기되고 있다. 관련 거래자들은 해당 주장에 따라 향후 수주·공급·실적 추정치를 다시 점검하는 모습이다.",synthetic_misinformation,애플이 삼성전자와 3나노 프로세서 시범 생산 및 초기 발주를 최종 확정했다는 내용이 향후 수주·공급·실적 추정에도 반영되고 있다,"애플은 TSMC 의존도를 낮추기 위해 인텔·삼성전자 협력 가능성을 검토했고 삼성 팹을 방문했으나, 기사에는 논의가 초기 단계이며 실제 발주나 계약으로 이어지지 않았다고 명시됐다.",확인되지 않은 전망 또는 소문을 최종 확인된 결과처럼 단정한다.,"base, read, selected",True,buy,50
simulation_20260715_000826_158697_23249,2026-05-08,96,pm,A030,0,news_20260508_종목_eb83db82,phasefake_20260508_Y01_B,"애플 파운드리 협력 검토, 애플이 삼성전자와 3나노 프로세서 시범 생산 및 초기 발주를 최종 확정했다는 내용이 향후 수주·공급·실적 추정에도 반영되고 있다 시장 반영설…추정치 재점검","애플 파운드리 협력 검토 관련 소식 이후, 애플이 삼성전자와 3나노 프로세서 시범 생산 및 초기 발주를 최종 확정했다는 내용이 향후 수주·공급·실적 추정에도 반영되고 있다는 소문이 사실처럼 유통되고 있다. 시장에서는 관련 수주·공급·실적 기대가 개선될 수 있다는 해석이 제기되고 있다. 관련 거래자들은 해당 주장에 따라 향후 수주·공급·실적 추정치를 다시 점검하는 모습이다.",synthetic_misinformation,애플이 삼성전자와 3나노 프로세서 시범 생산 및 초기 발주를 최종 확정했다는 내용이 향후 수주·공급·실적 추정에도 반영되고 있다,"애플은 TSMC 의존도를 낮추기 위해 인텔·삼성전자 협력 가능성을 검토했고 삼성 팹을 방문했으나, 기사에는 논의가 초기 단계이며 실제 발주나 계약으로 이어지지 않았다고 명시됐다.",확인되지 않은 전망 또는 소문을 최종 확인된 결과처럼 단정한다.,"base, selected",True,buy,50
simulation_20260715_000826_158697_23249,2026-05-08,96,pm,A001,1,news_20260508_종목_eb83db82,phasefake_20260508_Y01_B,"애플 파운드리 협력 검토, 애플이 삼성전자와 3나노 프로세서 시범 생산 및 초기 발주를 최종 확정했다는 내용이 향후 수주·공급·실적 추정에도 반영되고 있다 시장 반영설…추정치 재점검","애플 파운드리 협력 검토 관련 소식 이후, 애플이 삼성전자와 3나노 프로세서 시범 생산 및 초기 발주를 최종 확정했다는 내용이 향후 수주·공급·실적 추정에도 반영되고 있다는 소문이 사실처럼 유통되고 있다. 시장에서는 관련 수주·공급·실적 기대가 개선될 수 있다는 해석이 제기되고 있다. 관련 거래자들은 해당 주장에 따라 향후 수주·공급·실적 추정치를 다시 점검하는 모습이다.",synthetic_misinformation,애플이 삼성전자와 3나노 프로세서 시범 생산 및 초기 발주를 최종 확정했다는 내용이 향후 수주·공급·실적 추정에도 반영되고 있다,"애플은 TSMC 의존도를 낮추기 위해 인텔·삼성전자 협력 가능성을 검토했고 삼성 팹을 방문했으나, 기사에는 논의가 초기 단계이며 실제 발주나 계약으로 이어지지 않았다고 명시됐다.",확인되지 않은 전망 또는 소문을 최종 확인된 결과처럼 단정한다.,"base, read",False,buy,50
simulation_20260715_000826_158697_23249,2026-05-08,96,pm,A003,1,news_20260508_종목_eb83db82,phasefake_20260508_Y01_B,"애플 파운드리 협력 검토, 애플이 삼성전자와 3나노 프로세서 시범 생산 및 초기 발주를 최종 확정했다는 내용이 향후 수주·공급·실적 추정에도 반영되고 있다 시장 반영설…추정치 재점검","애플 파운드리 협력 검토 관련 소식 이후, 애플이 삼성전자와 3나노 프로세서 시범 생산 및 초기 발주를 최종 확정했다는 내용이 향후 수주·공급·실적 추정에도 반영되고 있다는 소문이 사실처럼 유통되고 있다. 시장에서는 관련 수주·공급·실적 기대가 개선될 수 있다는 해석이 제기되고 있다. 관련 거래자들은 해당 주장에 따라 향후 수주·공급·실적 추정치를 다시 점검하는 모습이다.",synthetic_misinformation,애플이 삼성전자와 3나노 프로세서 시범 생산 및 초기 발주를 최종 확정했다는 내용이 향후 수주·공급·실적 추정에도 반영되고 있다,"애플은 TSMC 의존도를 낮추기 위해 인텔·삼성전자 협력 가능성을 검토했고 삼성 팹을 방문했으나, 기사에는 논의가 초기 단계이며 실제 발주나 계약으로 이어지지 않았다고 명시됐다.",확인되지 않은 전망 또는 소문을 최종 확인된 결과처럼 단정한다.,"base, read",False,buy,13
simulation_20260715_000826_158697_23249,2026-05-08,96,pm,A022,1,news_20260508_종목_eb83db82,phasefake_20260508_Y01_B,"애플 파운드리 협력 검토, 애플이 삼성전자와 3나노 프로세서 시범 생산 및 초기 발주를 최종 확정했다는 내용이 향후 수주·공급·실적 추정에도 반영되고 있다 시장 반영설…추정치 재점검","애플 파운드리 협력 검토 관련 소식 이후, 애플이 삼성전자와 3나노 프로세서 시범 생산 및 초기 발주를 최종 확정했다는 내용이 향후 수주·공급·실적 추정에도 반영되고 있다는 소문이 사실처럼 유통되고 있다. 시장에서는 관련 수주·공급·실적 기대가 개선될 수 있다는 해석이 제기되고 있다. 관련 거래자들은 해당 주장에 따라 향후 수주·공급·실적 추정치를 다시 점검하는 모습이다.",synthetic_misinformation,애플이 삼성전자와 3나노 프로세서 시범 생산 및 초기 발주를 최종 확정했다는 내용이 향후 수주·공급·실적 추정에도 반영되고 있다,"애플은 TSMC 의존도를 낮추기 위해 인텔·삼성전자 협력 가능성을 검토했고 삼성 팹을 방문했으나, 기사에는 논의가 초기 단계이며 실제 발주나 계약으로 이어지지 않았다고 명시됐다.",확인되지 않은 전망 또는 소문을 최종 확인된 결과처럼 단정한다.,"base, read",False,sell,50
simulation_20260715_000826_158697_23249,2026-05-08,96,pm,A007,2,news_20260508_종목_eb83db82,phasefake_20260508_Y01_B,"애플 파운드리 협력 검토, 애플이 삼성전자와 3나노 프로세서 시범 생산 및 초기 발주를 최종 확정했다는 내용이 향후 수주·공급·실적 추정에도 반영되고 있다 시장 반영설…추정치 재점검","애플 파운드리 협력 검토 관련 소식 이후, 애플이 삼성전자와 3나노 프로세서 시범 생산 및 초기 발주를 최종 확정했다는 내용이 향후 수주·공급·실적 추정에도 반영되고 있다는 소문이 사실처럼 유통되고 있다. 시장에서는 관련 수주·공급·실적 기대가 개선될 수 있다는 해석이 제기되고 있다. 관련 거래자들은 해당 주장에 따라 향후 수주·공급·실적 추정치를 다시 점검하는 모습이다.",synthetic_misinformation,애플이 삼성전자와 3나노 프로세서 시범 생산 및 초기 발주를 최종 확정했다는 내용이 향후 수주·공급·실적 추정에도 반영되고 있다,"애플은 TSMC 의존도를 낮추기 위해 인텔·삼성전자 협력 가능성을 검토했고 삼성 팹을 방문했으나, 기사에는 논의가 초기 단계이며 실제 발주나 계약으로 이어지지 않았다고 명시됐다.",확인되지 않은 전망 또는 소문을 최종 확인된 결과처럼 단정한다.,"base, read, selected",True,buy,200
simulation_20260715_000826_158697_23249,2026-05-08,96,pm,A029,0,news_20260508_종목_eb83db82,phasefake_20260508_Y01_B,"애플 파운드리 협력 검토, 애플이 삼성전자와 3나노 프로세서 시범 생산 및 초기 발주를 최종 확정했다는 내용이 향후 수주·공급·실적 추정에도 반영되고 있다 시장 반영설…추정치 재점검","애플 파운드리 협력 검토 관련 소식 이후, 애플이 삼성전자와 3나노 프로세서 시범 생산 및 초기 발주를 최종 확정했다는 내용이 향후 수주·공급·실적 추정에도 반영되고 있다는 소문이 사실처럼 유통되고 있다. 시장에서는 관련 수주·공급·실적 기대가 개선될 수 있다는 해석이 제기되고 있다. 관련 거래자들은 해당 주장에 따라 향후 수주·공급·실적 추정치를 다시 점검하는 모습이다.",synthetic_misinformation,애플이 삼성전자와 3나노 프로세서 시범 생산 및 초기 발주를 최종 확정했다는 내용이 향후 수주·공급·실적 추정에도 반영되고 있다,"애플은 TSMC 의존도를 낮추기 위해 인텔·삼성전자 협력 가능성을 검토했고 삼성 팹을 방문했으나, 기사에는 논의가 초기 단계이며 실제 발주나 계약으로 이어지지 않았다고 명시됐다.",확인되지 않은 전망 또는 소문을 최종 확인된 결과처럼 단정한다.,"base, selected",True,buy,25
simulation_20260715_000826_158697_23249,2026-05-08,96,pm,A006,1,news_20260508_종목_eb83db82,phasefake_20260508_Y01_B,"애플 파운드리 협력 검토, 애플이 삼성전자와 3나노 프로세서 시범 생산 및 초기 발주를 최종 확정했다는 내용이 향후 수주·공급·실적 추정에도 반영되고 있다 시장 반영설…추정치 재점검","애플 파운드리 협력 검토 관련 소식 이후, 애플이 삼성전자와 3나노 프로세서 시범 생산 및 초기 발주를 최종 확정했다는 내용이 향후 수주·공급·실적 추정에도 반영되고 있다는 소문이 사실처럼 유통되고 있다. 시장에서는 관련 수주·공급·실적 기대가 개선될 수 있다는 해석이 제기되고 있다. 관련 거래자들은 해당 주장에 따라 향후 수주·공급·실적 추정치를 다시 점검하는 모습이다.",synthetic_misinformation,애플이 삼성전자와 3나노 프로세서 시범 생산 및 초기 발주를 최종 확정했다는 내용이 향후 수주·공급·실적 추정에도 반영되고 있다,"애플은 TSMC 의존도를 낮추기 위해 인텔·삼성전자 협력 가능성을 검토했고 삼성 팹을 방문했으나, 기사에는 논의가 초기 단계이며 실제 발주나 계약으로 이어지지 않았다고 명시됐다.",확인되지 않은 전망 또는 소문을 최종 확인된 결과처럼 단정한다.,"base, read, selected",True,buy,50
simulation_20260715_000826_158697_23249,2026-05-08,96,pm,A015,2,news_20260508_종목_eb83db82,phasefake_20260508_Y01_B,"애플 파운드리 협력 검토, 애플이 삼성전자와 3나노 프로세서 시범 생산 및 초기 발주를 최종 확정했다는 내용이 향후 수주·공급·실적 추정에도 반영되고 있다 시장 반영설…추정치 재점검","애플 파운드리 협력 검토 관련 소식 이후, 애플이 삼성전자와 3나노 프로세서 시범 생산 및 초기 발주를 최종 확정했다는 내용이 향후 수주·공급·실적 추정에도 반영되고 있다는 소문이 사실처럼 유통되고 있다. 시장에서는 관련 수주·공급·실적 기대가 개선될 수 있다는 해석이 제기되고 있다. 관련 거래자들은 해당 주장에 따라 향후 수주·공급·실적 추정치를 다시 점검하는 모습이다.",synthetic_misinformation,애플이 삼성전자와 3나노 프로세서 시범 생산 및 초기 발주를 최종 확정했다는 내용이 향후 수주·공급·실적 추정에도 반영되고 있다,"애플은 TSMC 의존도를 낮추기 위해 인텔·삼성전자 협력 가능성을 검토했고 삼성 팹을 방문했으나, 기사에는 논의가 초기 단계이며 실제 발주나 계약으로 이어지지 않았다고 명시됐다.",확인되지 않은 전망 또는 소문을 최종 확인된 결과처럼 단정한다.,"base, read",False,sell,20
simulation_20260715_000826_158697_23249,2026-05-08,96,pm,A017,2,news_20260508_종목_eb83db82,phasefake_20260508_Y01_B,"애플 파운드리 협력 검토, 애플이 삼성전자와 3나노 프로세서 시범 생산 및 초기 발주를 최종 확정했다는 내용이 향후 수주·공급·실적 추정에도 반영되고 있다 시장 반영설…추정치 재점검","애플 파운드리 협력 검토 관련 소식 이후, 애플이 삼성전자와 3나노 프로세서 시범 생산 및 초기 발주를 최종 확정했다는 내용이 향후 수주·공급·실적 추정에도 반영되고 있다는 소문이 사실처럼 유통되고 있다. 시장에서는 관련 수주·공급·실적 기대가 개선될 수 있다는 해석이 제기되고 있다. 관련 거래자들은 해당 주장에 따라 향후 수주·공급·실적 추정치를 다시 점검하는 모습이다.",synthetic_misinformation,애플이 삼성전자와 3나노 프로세서 시범 생산 및 초기 발주를 최종 확정했다는 내용이 향후 수주·공급·실적 추정에도 반영되고 있다,"애플은 TSMC 의존도를 낮추기 위해 인텔·삼성전자 협력 가능성을 검토했고 삼성 팹을 방문했으나, 기사에는 논의가 초기 단계이며 실제 발주나 계약으로 이어지지 않았다고 명시됐다.",확인되지 않은 전망 또는 소문을 최종 확인된 결과처럼 단정한다.,"base, read, search",False,buy,50
simulation_20260715_000826_158697_23249,2026-05-08,96,pm,A020,2,news_20260508_종목_eb83db82,phasefake_20260508_Y01_B,"애플 파운드리 협력 검토, 애플이 삼성전자와 3나노 프로세서 시범 생산 및 초기 발주를 최종 확정했다는 내용이 향후 수주·공급·실적 추정에도 반영되고 있다 시장 반영설…추정치 재점검","애플 파운드리 협력 검토 관련 소식 이후, 애플이 삼성전자와 3나노 프로세서 시범 생산 및 초기 발주를 최종 확정했다는 내용이 향후 수주·공급·실적 추정에도 반영되고 있다는 소문이 사실처럼 유통되고 있다. 시장에서는 관련 수주·공급·실적 기대가 개선될 수 있다는 해석이 제기되고 있다. 관련 거래자들은 해당 주장에 따라 향후 수주·공급·실적 추정치를 다시 점검하는 모습이다.",synthetic_misinformation,애플이 삼성전자와 3나노 프로세서 시범 생산 및 초기 발주를 최종 확정했다는 내용이 향후 수주·공급·실적 추정에도 반영되고 있다,"애플은 TSMC 의존도를 낮추기 위해 인텔·삼성전자 협력 가능성을 검토했고 삼성 팹을 방문했으나, 기사에는 논의가 초기 단계이며 실제 발주나 계약으로 이어지지 않았다고 명시됐다.",확인되지 않은 전망 또는 소문을 최종 확인된 결과처럼 단정한다.,"base, read, selected",True,sell,9
simulation_20260715_000826_158697_23249,2026-05-08,96,pm,A011,1,news_20260508_종목_eb83db82,phasefake_20260508_Y01_B,"애플 파운드리 협력 검토, 애플이 삼성전자와 3나노 프로세서 시범 생산 및 초기 발주를 최종 확정했다는 내용이 향후 수주·공급·실적 추정에도 반영되고 있다 시장 반영설…추정치 재점검","애플 파운드리 협력 검토 관련 소식 이후, 애플이 삼성전자와 3나노 프로세서 시범 생산 및 초기 발주를 최종 확정했다는 내용이 향후 수주·공급·실적 추정에도 반영되고 있다는 소문이 사실처럼 유통되고 있다. 시장에서는 관련 수주·공급·실적 기대가 개선될 수 있다는 해석이 제기되고 있다. 관련 거래자들은 해당 주장에 따라 향후 수주·공급·실적 추정치를 다시 점검하는 모습이다.",synthetic_misinformation,애플이 삼성전자와 3나노 프로세서 시범 생산 및 초기 발주를 최종 확정했다는 내용이 향후 수주·공급·실적 추정에도 반영되고 있다,"애플은 TSMC 의존도를 낮추기 위해 인텔·삼성전자 협력 가능성을 검토했고 삼성 팹을 방문했으나, 기사에는 논의가 초기 단계이며 실제 발주나 계약으로 이어지지 않았다고 명시됐다.",확인되지 않은 전망 또는 소문을 최종 확인된 결과처럼 단정한다.,"base, read, selected",True,buy,60
simulation_20260715_000826_158697_23249,2026-05-08,96,pm,A024,0,news_20260508_종목_eb83db82,phasefake_20260508_Y01_B,"애플 파운드리 협력 검토, 애플이 삼성전자와 3나노 프로세서 시범 생산 및 초기 발주를 최종 확정했다는 내용이 향후 수주·공급·실적 추정에도 반영되고 있다 시장 반영설…추정치 재점검","애플 파운드리 협력 검토 관련 소식 이후, 애플이 삼성전자와 3나노 프로세서 시범 생산 및 초기 발주를 최종 확정했다는 내용이 향후 수주·공급·실적 추정에도 반영되고 있다는 소문이 사실처럼 유통되고 있다. 시장에서는 관련 수주·공급·실적 기대가 개선될 수 있다는 해석이 제기되고 있다. 관련 거래자들은 해당 주장에 따라 향후 수주·공급·실적 추정치를 다시 점검하는 모습이다.",synthetic_misinformation,애플이 삼성전자와 3나노 프로세서 시범 생산 및 초기 발주를 최종 확정했다는 내용이 향후 수주·공급·실적 추정에도 반영되고 있다,"애플은 TSMC 의존도를 낮추기 위해 인텔·삼성전자 협력 가능성을 검토했고 삼성 팹을 방문했으나, 기사에는 논의가 초기 단계이며 실제 발주나 계약으로 이어지지 않았다고 명시됐다.",확인되지 않은 전망 또는 소문을 최종 확인된 결과처럼 단정한다.,"base, selected",True,sell,1
simulation_20260715_000826_158697_23249,2026-05-08,96,pm,A012,1,news_20260508_종목_eb83db82,phasefake_20260508_Y01_B,"애플 파운드리 협력 검토, 애플이 삼성전자와 3나노 프로세서 시범 생산 및 초기 발주를 최종 확정했다는 내용이 향후 수주·공급·실적 추정에도 반영되고 있다 시장 반영설…추정치 재점검","애플 파운드리 협력 검토 관련 소식 이후, 애플이 삼성전자와 3나노 프로세서 시범 생산 및 초기 발주를 최종 확정했다는 내용이 향후 수주·공급·실적 추정에도 반영되고 있다는 소문이 사실처럼 유통되고 있다. 시장에서는 관련 수주·공급·실적 기대가 개선될 수 있다는 해석이 제기되고 있다. 관련 거래자들은 해당 주장에 따라 향후 수주·공급·실적 추정치를 다시 점검하는 모습이다.",synthetic_misinformation,애플이 삼성전자와 3나노 프로세서 시범 생산 및 초기 발주를 최종 확정했다는 내용이 향후 수주·공급·실적 추정에도 반영되고 있다,"애플은 TSMC 의존도를 낮추기 위해 인텔·삼성전자 협력 가능성을 검토했고 삼성 팹을 방문했으나, 기사에는 논의가 초기 단계이며 실제 발주나 계약으로 이어지지 않았다고 명시됐다.",확인되지 않은 전망 또는 소문을 최종 확인된 결과처럼 단정한다.,"base, read",False,buy,50
simulation_20260715_000826_158697_23249,2026-05-19,110,pm,A001,1,news_20260519_섹터_26edf825,phasefake_20260519_Y02_B,"엔비디아 실적과 AI 데이터센터 수요, 삼성전자의 HBM 공급 물량이 다음 분기부터 확대될 가능성이 높다는 관측 전망…발표 앞두고 업계 관측","엔비디아의 분기 실적 발표를 앞두고, 삼성전자의 HBM 공급 물량이 다음 분기부터 확대될 가능성이 높다는 관측이 제기되고 있다. 시장에서는 관련 수주·공급·실적 기대가 개선될 수 있다는 해석이 제기되고 있다. 관련 거래자들은 해당 주장에 따라 향후 수주·공급·실적 추정치를 다시 점검하는 모습이다.",synthetic_misinformation,삼성전자의 HBM 공급 물량이 다음 분기부터 확대될 가능성이 높다는 관측,"엔비디아의 실적 발표 일정은 알려졌지만, 삼성전자 HBM 공급 물량과의 직접적인 연계는 공개되지 않았다.",확인되지 않은 전망 또는 소문을 최종 확인된 결과처럼 단정한다.,"base, read",False,buy,100
simulation_20260715_000826_158697_23249,2026-05-19,110,pm,A011,1,news_20260519_섹터_26edf825,phasefake_20260519_Y02_B,"엔비디아 실적과 AI 데이터센터 수요, 삼성전자의 HBM 공급 물량이 다음 분기부터 확대될 가능성이 높다는 관측 전망…발표 앞두고 업계 관측","엔비디아의 분기 실적 발표를 앞두고, 삼성전자의 HBM 공급 물량이 다음 분기부터 확대될 가능성이 높다는 관측이 제기되고 있다. 시장에서는 관련 수주·공급·실적 기대가 개선될 수 있다는 해석이 제기되고 있다. 관련 거래자들은 해당 주장에 따라 향후 수주·공급·실적 추정치를 다시 점검하는 모습이다.",synthetic_misinformation,삼성전자의 HBM 공급 물량이 다음 분기부터 확대될 가능성이 높다는 관측,"엔비디아의 실적 발표 일정은 알려졌지만, 삼성전자 HBM 공급 물량과의 직접적인 연계는 공개되지 않았다.",확인되지 않은 전망 또는 소문을 최종 확인된 결과처럼 단정한다.,"base, read",False,buy,3
simulation_20260715_000826_158697_23249,2026-05-19,110,pm,A008,1,news_20260519_섹터_26edf825,phasefake_20260519_Y02_B,"엔비디아 실적과 AI 데이터센터 수요, 삼성전자의 HBM 공급 물량이 다음 분기부터 확대될 가능성이 높다는 관측 전망…발표 앞두고 업계 관측","엔비디아의 분기 실적 발표를 앞두고, 삼성전자의 HBM 공급 물량이 다음 분기부터 확대될 가능성이 높다는 관측이 제기되고 있다. 시장에서는 관련 수주·공급·실적 기대가 개선될 수 있다는 해석이 제기되고 있다. 관련 거래자들은 해당 주장에 따라 향후 수주·공급·실적 추정치를 다시 점검하는 모습이다.",synthetic_misinformation,삼성전자의 HBM 공급 물량이 다음 분기부터 확대될 가능성이 높다는 관측,"엔비디아의 실적 발표 일정은 알려졌지만, 삼성전자 HBM 공급 물량과의 직접적인 연계는 공개되지 않았다.",확인되지 않은 전망 또는 소문을 최종 확인된 결과처럼 단정한다.,"base, read",False,buy,50
simulation_20260715_000826_158697_23249,2026-05-19,110,pm,A010,1,news_20260519_섹터_26edf825,phasefake_20260519_Y02_B,"엔비디아 실적과 AI 데이터센터 수요, 삼성전자의 HBM 공급 물량이 다음 분기부터 확대될 가능성이 높다는 관측 전망…발표 앞두고 업계 관측","엔비디아의 분기 실적 발표를 앞두고, 삼성전자의 HBM 공급 물량이 다음 분기부터 확대될 가능성이 높다는 관측이 제기되고 있다. 시장에서는 관련 수주·공급·실적 기대가 개선될 수 있다는 해석이 제기되고 있다. 관련 거래자들은 해당 주장에 따라 향후 수주·공급·실적 추정치를 다시 점검하는 모습이다.",synthetic_misinformation,삼성전자의 HBM 공급 물량이 다음 분기부터 확대될 가능성이 높다는 관측,"엔비디아의 실적 발표 일정은 알려졌지만, 삼성전자 HBM 공급 물량과의 직접적인 연계는 공개되지 않았다.",확인되지 않은 전망 또는 소문을 최종 확인된 결과처럼 단정한다.,"base, read, selected",True,sell,50
simulation_20260715_000826_158697_23249,2026-05-19,110,pm,A021,0,news_20260519_섹터_26edf825,phasefake_20260519_Y02_B,"엔비디아 실적과 AI 데이터센터 수요, 삼성전자의 HBM 공급 물량이 다음 분기부터 확대될 가능성이 높다는 관측 전망…발표 앞두고 업계 관측","엔비디아의 분기 실적 발표를 앞두고, 삼성전자의 HBM 공급 물량이 다음 분기부터 확대될 가능성이 높다는 관측이 제기되고 있다. 시장에서는 관련 수주·공급·실적 기대가 개선될 수 있다는 해석이 제기되고 있다. 관련 거래자들은 해당 주장에 따라 향후 수주·공급·실적 추정치를 다시 점검하는 모습이다.",synthetic_misinformation,삼성전자의 HBM 공급 물량이 다음 분기부터 확대될 가능성이 높다는 관측,"엔비디아의 실적 발표 일정은 알려졌지만, 삼성전자 HBM 공급 물량과의 직접적인 연계는 공개되지 않았다.",확인되지 않은 전망 또는 소문을 최종 확인된 결과처럼 단정한다.,base,False,sell,10
simulation_20260715_000826_158697_23249,2026-05-19,110,pm,A022,1,news_20260519_섹터_26edf825,phasefake_20260519_Y02_B,"엔비디아 실적과 AI 데이터센터 수요, 삼성전자의 HBM 공급 물량이 다음 분기부터 확대될 가능성이 높다는 관측 전망…발표 앞두고 업계 관측","엔비디아의 분기 실적 발표를 앞두고, 삼성전자의 HBM 공급 물량이 다음 분기부터 확대될 가능성이 높다는 관측이 제기되고 있다. 시장에서는 관련 수주·공급·실적 기대가 개선될 수 있다는 해석이 제기되고 있다. 관련 거래자들은 해당 주장에 따라 향후 수주·공급·실적 추정치를 다시 점검하는 모습이다.",synthetic_misinformation,삼성전자의 HBM 공급 물량이 다음 분기부터 확대될 가능성이 높다는 관측,"엔비디아의 실적 발표 일정은 알려졌지만, 삼성전자 HBM 공급 물량과의 직접적인 연계는 공개되지 않았다.",확인되지 않은 전망 또는 소문을 최종 확인된 결과처럼 단정한다.,"base, read, selected",True,buy,50
simulation_20260715_000826_158697_23249,2026-05-19,110,pm,A019,1,news_20260519_섹터_26edf825,phasefake_20260519_Y02_B,"엔비디아 실적과 AI 데이터센터 수요, 삼성전자의 HBM 공급 물량이 다음 분기부터 확대될 가능성이 높다는 관측 전망…발표 앞두고 업계 관측","엔비디아의 분기 실적 발표를 앞두고, 삼성전자의 HBM 공급 물량이 다음 분기부터 확대될 가능성이 높다는 관측이 제기되고 있다. 시장에서는 관련 수주·공급·실적 기대가 개선될 수 있다는 해석이 제기되고 있다. 관련 거래자들은 해당 주장에 따라 향후 수주·공급·실적 추정치를 다시 점검하는 모습이다.",synthetic_misinformation,삼성전자의 HBM 공급 물량이 다음 분기부터 확대될 가능성이 높다는 관측,"엔비디아의 실적 발표 일정은 알려졌지만, 삼성전자 HBM 공급 물량과의 직접적인 연계는 공개되지 않았다.",확인되지 않은 전망 또는 소문을 최종 확인된 결과처럼 단정한다.,"base, read",False,buy,20
simulation_20260715_000826_158697_23249,2026-05-19,110,pm,A005,1,news_20260519_섹터_26edf825,phasefake_20260519_Y02_B,"엔비디아 실적과 AI 데이터센터 수요, 삼성전자의 HBM 공급 물량이 다음 분기부터 확대될 가능성이 높다는 관측 전망…발표 앞두고 업계 관측","엔비디아의 분기 실적 발표를 앞두고, 삼성전자의 HBM 공급 물량이 다음 분기부터 확대될 가능성이 높다는 관측이 제기되고 있다. 시장에서는 관련 수주·공급·실적 기대가 개선될 수 있다는 해석이 제기되고 있다. 관련 거래자들은 해당 주장에 따라 향후 수주·공급·실적 추정치를 다시 점검하는 모습이다.",synthetic_misinformation,삼성전자의 HBM 공급 물량이 다음 분기부터 확대될 가능성이 높다는 관측,"엔비디아의 실적 발표 일정은 알려졌지만, 삼성전자 HBM 공급 물량과의 직접적인 연계는 공개되지 않았다.",확인되지 않은 전망 또는 소문을 최종 확인된 결과처럼 단정한다.,"base, read",False,sell,50
simulation_20260715_000826_158697_23249,2026-05-19,110,pm,A006,1,news_20260519_섹터_26edf825,phasefake_20260519_Y02_B,"엔비디아 실적과 AI 데이터센터 수요, 삼성전자의 HBM 공급 물량이 다음 분기부터 확대될 가능성이 높다는 관측 전망…발표 앞두고 업계 관측","엔비디아의 분기 실적 발표를 앞두고, 삼성전자의 HBM 공급 물량이 다음 분기부터 확대될 가능성이 높다는 관측이 제기되고 있다. 시장에서는 관련 수주·공급·실적 기대가 개선될 수 있다는 해석이 제기되고 있다. 관련 거래자들은 해당 주장에 따라 향후 수주·공급·실적 추정치를 다시 점검하는 모습이다.",synthetic_misinformation,삼성전자의 HBM 공급 물량이 다음 분기부터 확대될 가능성이 높다는 관측,"엔비디아의 실적 발표 일정은 알려졌지만, 삼성전자 HBM 공급 물량과의 직접적인 연계는 공개되지 않았다.",확인되지 않은 전망 또는 소문을 최종 확인된 결과처럼 단정한다.,"base, read, selected",True,buy,150
simulation_20260715_000826_158697_23249,2026-05-19,110,pm,A018,0,news_20260519_섹터_26edf825,phasefake_20260519_Y02_B,"엔비디아 실적과 AI 데이터센터 수요, 삼성전자의 HBM 공급 물량이 다음 분기부터 확대될 가능성이 높다는 관측 전망…발표 앞두고 업계 관측","엔비디아의 분기 실적 발표를 앞두고, 삼성전자의 HBM 공급 물량이 다음 분기부터 확대될 가능성이 높다는 관측이 제기되고 있다. 시장에서는 관련 수주·공급·실적 기대가 개선될 수 있다는 해석이 제기되고 있다. 관련 거래자들은 해당 주장에 따라 향후 수주·공급·실적 추정치를 다시 점검하는 모습이다.",synthetic_misinformation,삼성전자의 HBM 공급 물량이 다음 분기부터 확대될 가능성이 높다는 관측,"엔비디아의 실적 발표 일정은 알려졌지만, 삼성전자 HBM 공급 물량과의 직접적인 연계는 공개되지 않았다.",확인되지 않은 전망 또는 소문을 최종 확인된 결과처럼 단정한다.,base,False,buy,9
simulation_20260715_000826_158697_23249,2026-05-19,110,pm,A004,1,news_20260519_섹터_26edf825,phasefake_20260519_Y02_B,"엔비디아 실적과 AI 데이터센터 수요, 삼성전자의 HBM 공급 물량이 다음 분기부터 확대될 가능성이 높다는 관측 전망…발표 앞두고 업계 관측","엔비디아의 분기 실적 발표를 앞두고, 삼성전자의 HBM 공급 물량이 다음 분기부터 확대될 가능성이 높다는 관측이 제기되고 있다. 시장에서는 관련 수주·공급·실적 기대가 개선될 수 있다는 해석이 제기되고 있다. 관련 거래자들은 해당 주장에 따라 향후 수주·공급·실적 추정치를 다시 점검하는 모습이다.",synthetic_misinformation,삼성전자의 HBM 공급 물량이 다음 분기부터 확대될 가능성이 높다는 관측,"엔비디아의 실적 발표 일정은 알려졌지만, 삼성전자 HBM 공급 물량과의 직접적인 연계는 공개되지 않았다.",확인되지 않은 전망 또는 소문을 최종 확인된 결과처럼 단정한다.,"base, read, selected",True,sell,120
simulation_20260715_000826_158697_23249,2026-05-19,110,pm,A012,1,news_20260519_섹터_26edf825,phasefake_20260519_Y02_B,"엔비디아 실적과 AI 데이터센터 수요, 삼성전자의 HBM 공급 물량이 다음 분기부터 확대될 가능성이 높다는 관측 전망…발표 앞두고 업계 관측","엔비디아의 분기 실적 발표를 앞두고, 삼성전자의 HBM 공급 물량이 다음 분기부터 확대될 가능성이 높다는 관측이 제기되고 있다. 시장에서는 관련 수주·공급·실적 기대가 개선될 수 있다는 해석이 제기되고 있다. 관련 거래자들은 해당 주장에 따라 향후 수주·공급·실적 추정치를 다시 점검하는 모습이다.",synthetic_misinformation,삼성전자의 HBM 공급 물량이 다음 분기부터 확대될 가능성이 높다는 관측,"엔비디아의 실적 발표 일정은 알려졌지만, 삼성전자 HBM 공급 물량과의 직접적인 연계는 공개되지 않았다.",확인되지 않은 전망 또는 소문을 최종 확인된 결과처럼 단정한다.,"base, read, selected",True,buy,20
simulation_20260715_000826_158697_23249,2026-05-19,110,pm,A026,1,news_20260519_섹터_26edf825,phasefake_20260519_Y02_B,"엔비디아 실적과 AI 데이터센터 수요, 삼성전자의 HBM 공급 물량이 다음 분기부터 확대될 가능성이 높다는 관측 전망…발표 앞두고 업계 관측","엔비디아의 분기 실적 발표를 앞두고, 삼성전자의 HBM 공급 물량이 다음 분기부터 확대될 가능성이 높다는 관측이 제기되고 있다. 시장에서는 관련 수주·공급·실적 기대가 개선될 수 있다는 해석이 제기되고 있다. 관련 거래자들은 해당 주장에 따라 향후 수주·공급·실적 추정치를 다시 점검하는 모습이다.",synthetic_misinformation,삼성전자의 HBM 공급 물량이 다음 분기부터 확대될 가능성이 높다는 관측,"엔비디아의 실적 발표 일정은 알려졌지만, 삼성전자 HBM 공급 물량과의 직접적인 연계는 공개되지 않았다.",확인되지 않은 전망 또는 소문을 최종 확인된 결과처럼 단정한다.,"base, read, selected",True,sell,10
simulation_20260715_000826_158697_23249,2026-05-19,110,pm,A003,1,news_20260519_섹터_26edf825,phasefake_20260519_Y02_B,"엔비디아 실적과 AI 데이터센터 수요, 삼성전자의 HBM 공급 물량이 다음 분기부터 확대될 가능성이 높다는 관측 전망…발표 앞두고 업계 관측","엔비디아의 분기 실적 발표를 앞두고, 삼성전자의 HBM 공급 물량이 다음 분기부터 확대될 가능성이 높다는 관측이 제기되고 있다. 시장에서는 관련 수주·공급·실적 기대가 개선될 수 있다는 해석이 제기되고 있다. 관련 거래자들은 해당 주장에 따라 향후 수주·공급·실적 추정치를 다시 점검하는 모습이다.",synthetic_misinformation,삼성전자의 HBM 공급 물량이 다음 분기부터 확대될 가능성이 높다는 관측,"엔비디아의 실적 발표 일정은 알려졌지만, 삼성전자 HBM 공급 물량과의 직접적인 연계는 공개되지 않았다.",확인되지 않은 전망 또는 소문을 최종 확인된 결과처럼 단정한다.,"base, read",False,sell,1
simulation_20260715_000826_158697_23249,2026-05-19,110,pm,A024,0,news_20260519_섹터_26edf825,phasefake_20260519_Y02_B,"엔비디아 실적과 AI 데이터센터 수요, 삼성전자의 HBM 공급 물량이 다음 분기부터 확대될 가능성이 높다는 관측 전망…발표 앞두고 업계 관측","엔비디아의 분기 실적 발표를 앞두고, 삼성전자의 HBM 공급 물량이 다음 분기부터 확대될 가능성이 높다는 관측이 제기되고 있다. 시장에서는 관련 수주·공급·실적 기대가 개선될 수 있다는 해석이 제기되고 있다. 관련 거래자들은 해당 주장에 따라 향후 수주·공급·실적 추정치를 다시 점검하는 모습이다.",synthetic_misinformation,삼성전자의 HBM 공급 물량이 다음 분기부터 확대될 가능성이 높다는 관측,"엔비디아의 실적 발표 일정은 알려졌지만, 삼성전자 HBM 공급 물량과의 직접적인 연계는 공개되지 않았다.",확인되지 않은 전망 또는 소문을 최종 확인된 결과처럼 단정한다.,base,False,sell,1
simulation_20260715_000826_158697_23249,2026-05-19,110,pm,A009,0,news_20260519_섹터_26edf825,phasefake_20260519_Y02_B,"엔비디아 실적과 AI 데이터센터 수요, 삼성전자의 HBM 공급 물량이 다음 분기부터 확대될 가능성이 높다는 관측 전망…발표 앞두고 업계 관측","엔비디아의 분기 실적 발표를 앞두고, 삼성전자의 HBM 공급 물량이 다음 분기부터 확대될 가능성이 높다는 관측이 제기되고 있다. 시장에서는 관련 수주·공급·실적 기대가 개선될 수 있다는 해석이 제기되고 있다. 관련 거래자들은 해당 주장에 따라 향후 수주·공급·실적 추정치를 다시 점검하는 모습이다.",synthetic_misinformation,삼성전자의 HBM 공급 물량이 다음 분기부터 확대될 가능성이 높다는 관측,"엔비디아의 실적 발표 일정은 알려졌지만, 삼성전자 HBM 공급 물량과의 직접적인 연계는 공개되지 않았다.",확인되지 않은 전망 또는 소문을 최종 확인된 결과처럼 단정한다.,base,False,buy,150
simulation_20260715_000826_158697_23249,2026-05-19,110,pm,A014,1,news_20260519_섹터_26edf825,phasefake_20260519_Y02_B,"엔비디아 실적과 AI 데이터센터 수요, 삼성전자의 HBM 공급 물량이 다음 분기부터 확대될 가능성이 높다는 관측 전망…발표 앞두고 업계 관측","엔비디아의 분기 실적 발표를 앞두고, 삼성전자의 HBM 공급 물량이 다음 분기부터 확대될 가능성이 높다는 관측이 제기되고 있다. 시장에서는 관련 수주·공급·실적 기대가 개선될 수 있다는 해석이 제기되고 있다. 관련 거래자들은 해당 주장에 따라 향후 수주·공급·실적 추정치를 다시 점검하는 모습이다.",synthetic_misinformation,삼성전자의 HBM 공급 물량이 다음 분기부터 확대될 가능성이 높다는 관측,"엔비디아의 실적 발표 일정은 알려졌지만, 삼성전자 HBM 공급 물량과의 직접적인 연계는 공개되지 않았다.",확인되지 않은 전망 또는 소문을 최종 확인된 결과처럼 단정한다.,"base, read, selected",True,buy,100
simulation_20260715_000826_158697_23249,2026-05-19,110,pm,A025,1,news_20260519_섹터_26edf825,phasefake_20260519_Y02_B,"엔비디아 실적과 AI 데이터센터 수요, 삼성전자의 HBM 공급 물량이 다음 분기부터 확대될 가능성이 높다는 관측 전망…발표 앞두고 업계 관측","엔비디아의 분기 실적 발표를 앞두고, 삼성전자의 HBM 공급 물량이 다음 분기부터 확대될 가능성이 높다는 관측이 제기되고 있다. 시장에서는 관련 수주·공급·실적 기대가 개선될 수 있다는 해석이 제기되고 있다. 관련 거래자들은 해당 주장에 따라 향후 수주·공급·실적 추정치를 다시 점검하는 모습이다.",synthetic_misinformation,삼성전자의 HBM 공급 물량이 다음 분기부터 확대될 가능성이 높다는 관측,"엔비디아의 실적 발표 일정은 알려졌지만, 삼성전자 HBM 공급 물량과의 직접적인 연계는 공개되지 않았다.",확인되지 않은 전망 또는 소문을 최종 확인된 결과처럼 단정한다.,"base, read, selected",True,sell,40
simulation_20260715_000826_158697_23249,2026-05-19,110,pm,A028,0,news_20260519_섹터_26edf825,phasefake_20260519_Y02_B,"엔비디아 실적과 AI 데이터센터 수요, 삼성전자의 HBM 공급 물량이 다음 분기부터 확대될 가능성이 높다는 관측 전망…발표 앞두고 업계 관측","엔비디아의 분기 실적 발표를 앞두고, 삼성전자의 HBM 공급 물량이 다음 분기부터 확대될 가능성이 높다는 관측이 제기되고 있다. 시장에서는 관련 수주·공급·실적 기대가 개선될 수 있다는 해석이 제기되고 있다. 관련 거래자들은 해당 주장에 따라 향후 수주·공급·실적 추정치를 다시 점검하는 모습이다.",synthetic_misinformation,삼성전자의 HBM 공급 물량이 다음 분기부터 확대될 가능성이 높다는 관측,"엔비디아의 실적 발표 일정은 알려졌지만, 삼성전자 HBM 공급 물량과의 직접적인 연계는 공개되지 않았다.",확인되지 않은 전망 또는 소문을 최종 확인된 결과처럼 단정한다.,base,False,buy,28
simulation_20260715_000826_158697_23249,2026-05-19,110,pm,A015,2,news_20260519_섹터_26edf825,phasefake_20260519_Y02_B,"엔비디아 실적과 AI 데이터센터 수요, 삼성전자의 HBM 공급 물량이 다음 분기부터 확대될 가능성이 높다는 관측 전망…발표 앞두고 업계 관측","엔비디아의 분기 실적 발표를 앞두고, 삼성전자의 HBM 공급 물량이 다음 분기부터 확대될 가능성이 높다는 관측이 제기되고 있다. 시장에서는 관련 수주·공급·실적 기대가 개선될 수 있다는 해석이 제기되고 있다. 관련 거래자들은 해당 주장에 따라 향후 수주·공급·실적 추정치를 다시 점검하는 모습이다.",synthetic_misinformation,삼성전자의 HBM 공급 물량이 다음 분기부터 확대될 가능성이 높다는 관측,"엔비디아의 실적 발표 일정은 알려졌지만, 삼성전자 HBM 공급 물량과의 직접적인 연계는 공개되지 않았다.",확인되지 않은 전망 또는 소문을 최종 확인된 결과처럼 단정한다.,"base, read, selected",True,buy,50
simulation_20260715_000826_158697_23249,2026-05-19,110,pm,A027,1,news_20260519_섹터_26edf825,phasefake_20260519_Y02_B,"엔비디아 실적과 AI 데이터센터 수요, 삼성전자의 HBM 공급 물량이 다음 분기부터 확대될 가능성이 높다는 관측 전망…발표 앞두고 업계 관측","엔비디아의 분기 실적 발표를 앞두고, 삼성전자의 HBM 공급 물량이 다음 분기부터 확대될 가능성이 높다는 관측이 제기되고 있다. 시장에서는 관련 수주·공급·실적 기대가 개선될 수 있다는 해석이 제기되고 있다. 관련 거래자들은 해당 주장에 따라 향후 수주·공급·실적 추정치를 다시 점검하는 모습이다.",synthetic_misinformation,삼성전자의 HBM 공급 물량이 다음 분기부터 확대될 가능성이 높다는 관측,"엔비디아의 실적 발표 일정은 알려졌지만, 삼성전자 HBM 공급 물량과의 직접적인 연계는 공개되지 않았다.",확인되지 않은 전망 또는 소문을 최종 확인된 결과처럼 단정한다.,"base, read, selected",True,sell,60
simulation_20260715_000826_158697_23249,2026-05-19,110,pm,A023,0,news_20260519_섹터_26edf825,phasefake_20260519_Y02_B,"엔비디아 실적과 AI 데이터센터 수요, 삼성전자의 HBM 공급 물량이 다음 분기부터 확대될 가능성이 높다는 관측 전망…발표 앞두고 업계 관측","엔비디아의 분기 실적 발표를 앞두고, 삼성전자의 HBM 공급 물량이 다음 분기부터 확대될 가능성이 높다는 관측이 제기되고 있다. 시장에서는 관련 수주·공급·실적 기대가 개선될 수 있다는 해석이 제기되고 있다. 관련 거래자들은 해당 주장에 따라 향후 수주·공급·실적 추정치를 다시 점검하는 모습이다.",synthetic_misinformation,삼성전자의 HBM 공급 물량이 다음 분기부터 확대될 가능성이 높다는 관측,"엔비디아의 실적 발표 일정은 알려졌지만, 삼성전자 HBM 공급 물량과의 직접적인 연계는 공개되지 않았다.",확인되지 않은 전망 또는 소문을 최종 확인된 결과처럼 단정한다.,base,False,buy,50
simulation_20260715_000826_158697_23249,2026-05-19,110,pm,A020,2,news_20260519_섹터_26edf825,phasefake_20260519_Y02_B,"엔비디아 실적과 AI 데이터센터 수요, 삼성전자의 HBM 공급 물량이 다음 분기부터 확대될 가능성이 높다는 관측 전망…발표 앞두고 업계 관측","엔비디아의 분기 실적 발표를 앞두고, 삼성전자의 HBM 공급 물량이 다음 분기부터 확대될 가능성이 높다는 관측이 제기되고 있다. 시장에서는 관련 수주·공급·실적 기대가 개선될 수 있다는 해석이 제기되고 있다. 관련 거래자들은 해당 주장에 따라 향후 수주·공급·실적 추정치를 다시 점검하는 모습이다.",synthetic_misinformation,삼성전자의 HBM 공급 물량이 다음 분기부터 확대될 가능성이 높다는 관측,"엔비디아의 실적 발표 일정은 알려졌지만, 삼성전자 HBM 공급 물량과의 직접적인 연계는 공개되지 않았다.",확인되지 않은 전망 또는 소문을 최종 확인된 결과처럼 단정한다.,"base, read, selected",True,buy,56
simulation_20260715_000826_158697_23249,2026-05-19,110,pm,A007,2,news_20260519_섹터_26edf825,phasefake_20260519_Y02_B,"엔비디아 실적과 AI 데이터센터 수요, 삼성전자의 HBM 공급 물량이 다음 분기부터 확대될 가능성이 높다는 관측 전망…발표 앞두고 업계 관측","엔비디아의 분기 실적 발표를 앞두고, 삼성전자의 HBM 공급 물량이 다음 분기부터 확대될 가능성이 높다는 관측이 제기되고 있다. 시장에서는 관련 수주·공급·실적 기대가 개선될 수 있다는 해석이 제기되고 있다. 관련 거래자들은 해당 주장에 따라 향후 수주·공급·실적 추정치를 다시 점검하는 모습이다.",synthetic_misinformation,삼성전자의 HBM 공급 물량이 다음 분기부터 확대될 가능성이 높다는 관측,"엔비디아의 실적 발표 일정은 알려졌지만, 삼성전자 HBM 공급 물량과의 직접적인 연계는 공개되지 않았다.",확인되지 않은 전망 또는 소문을 최종 확인된 결과처럼 단정한다.,"base, read, selected",True,buy,100
simulation_20260715_000826_158697_23249,2026-05-19,110,pm,A016,0,news_20260519_섹터_26edf825,phasefake_20260519_Y02_B,"엔비디아 실적과 AI 데이터센터 수요, 삼성전자의 HBM 공급 물량이 다음 분기부터 확대될 가능성이 높다는 관측 전망…발표 앞두고 업계 관측","엔비디아의 분기 실적 발표를 앞두고, 삼성전자의 HBM 공급 물량이 다음 분기부터 확대될 가능성이 높다는 관측이 제기되고 있다. 시장에서는 관련 수주·공급·실적 기대가 개선될 수 있다는 해석이 제기되고 있다. 관련 거래자들은 해당 주장에 따라 향후 수주·공급·실적 추정치를 다시 점검하는 모습이다.",synthetic_misinformation,삼성전자의 HBM 공급 물량이 다음 분기부터 확대될 가능성이 높다는 관측,"엔비디아의 실적 발표 일정은 알려졌지만, 삼성전자 HBM 공급 물량과의 직접적인 연계는 공개되지 않았다.",확인되지 않은 전망 또는 소문을 최종 확인된 결과처럼 단정한다.,base,False,buy,10
simulation_20260715_000826_158697_23249,2026-05-19,110,pm,A017,2,news_20260519_섹터_26edf825,phasefake_20260519_Y02_B,"엔비디아 실적과 AI 데이터센터 수요, 삼성전자의 HBM 공급 물량이 다음 분기부터 확대될 가능성이 높다는 관측 전망…발표 앞두고 업계 관측","엔비디아의 분기 실적 발표를 앞두고, 삼성전자의 HBM 공급 물량이 다음 분기부터 확대될 가능성이 높다는 관측이 제기되고 있다. 시장에서는 관련 수주·공급·실적 기대가 개선될 수 있다는 해석이 제기되고 있다. 관련 거래자들은 해당 주장에 따라 향후 수주·공급·실적 추정치를 다시 점검하는 모습이다.",synthetic_misinformation,삼성전자의 HBM 공급 물량이 다음 분기부터 확대될 가능성이 높다는 관측,"엔비디아의 실적 발표 일정은 알려졌지만, 삼성전자 HBM 공급 물량과의 직접적인 연계는 공개되지 않았다.",확인되지 않은 전망 또는 소문을 최종 확인된 결과처럼 단정한다.,"base, read, selected",True,sell,50
simulation_20260715_000826_158697_23249,2026-05-19,110,pm,A029,0,news_20260519_섹터_26edf825,phasefake_20260519_Y02_B,"엔비디아 실적과 AI 데이터센터 수요, 삼성전자의 HBM 공급 물량이 다음 분기부터 확대될 가능성이 높다는 관측 전망…발표 앞두고 업계 관측","엔비디아의 분기 실적 발표를 앞두고, 삼성전자의 HBM 공급 물량이 다음 분기부터 확대될 가능성이 높다는 관측이 제기되고 있다. 시장에서는 관련 수주·공급·실적 기대가 개선될 수 있다는 해석이 제기되고 있다. 관련 거래자들은 해당 주장에 따라 향후 수주·공급·실적 추정치를 다시 점검하는 모습이다.",synthetic_misinformation,삼성전자의 HBM 공급 물량이 다음 분기부터 확대될 가능성이 높다는 관측,"엔비디아의 실적 발표 일정은 알려졌지만, 삼성전자 HBM 공급 물량과의 직접적인 연계는 공개되지 않았다.",확인되지 않은 전망 또는 소문을 최종 확인된 결과처럼 단정한다.,base,False,buy,31
simulation_20260715_000826_158697_23249,2026-05-19,110,pm,A030,0,news_20260519_섹터_26edf825,phasefake_20260519_Y02_B,"엔비디아 실적과 AI 데이터센터 수요, 삼성전자의 HBM 공급 물량이 다음 분기부터 확대될 가능성이 높다는 관측 전망…발표 앞두고 업계 관측","엔비디아의 분기 실적 발표를 앞두고, 삼성전자의 HBM 공급 물량이 다음 분기부터 확대될 가능성이 높다는 관측이 제기되고 있다. 시장에서는 관련 수주·공급·실적 기대가 개선될 수 있다는 해석이 제기되고 있다. 관련 거래자들은 해당 주장에 따라 향후 수주·공급·실적 추정치를 다시 점검하는 모습이다.",synthetic_misinformation,삼성전자의 HBM 공급 물량이 다음 분기부터 확대될 가능성이 높다는 관측,"엔비디아의 실적 발표 일정은 알려졌지만, 삼성전자 HBM 공급 물량과의 직접적인 연계는 공개되지 않았다.",확인되지 않은 전망 또는 소문을 최종 확인된 결과처럼 단정한다.,base,False,sell,10
simulation_20260715_000826_158697_23249,2026-05-19,110,pm,A002,0,news_20260519_섹터_26edf825,phasefake_20260519_Y02_B,"엔비디아 실적과 AI 데이터센터 수요, 삼성전자의 HBM 공급 물량이 다음 분기부터 확대될 가능성이 높다는 관측 전망…발표 앞두고 업계 관측","엔비디아의 분기 실적 발표를 앞두고, 삼성전자의 HBM 공급 물량이 다음 분기부터 확대될 가능성이 높다는 관측이 제기되고 있다. 시장에서는 관련 수주·공급·실적 기대가 개선될 수 있다는 해석이 제기되고 있다. 관련 거래자들은 해당 주장에 따라 향후 수주·공급·실적 추정치를 다시 점검하는 모습이다.",synthetic_misinformation,삼성전자의 HBM 공급 물량이 다음 분기부터 확대될 가능성이 높다는 관측,"엔비디아의 실적 발표 일정은 알려졌지만, 삼성전자 HBM 공급 물량과의 직접적인 연계는 공개되지 않았다.",확인되지 않은 전망 또는 소문을 최종 확인된 결과처럼 단정한다.,base,False,sell,10
simulation_20260715_000826_158697_23249,2026-05-19,110,pm,A013,1,news_20260519_섹터_26edf825,phasefake_20260519_Y02_B,"엔비디아 실적과 AI 데이터센터 수요, 삼성전자의 HBM 공급 물량이 다음 분기부터 확대될 가능성이 높다는 관측 전망…발표 앞두고 업계 관측","엔비디아의 분기 실적 발표를 앞두고, 삼성전자의 HBM 공급 물량이 다음 분기부터 확대될 가능성이 높다는 관측이 제기되고 있다. 시장에서는 관련 수주·공급·실적 기대가 개선될 수 있다는 해석이 제기되고 있다. 관련 거래자들은 해당 주장에 따라 향후 수주·공급·실적 추정치를 다시 점검하는 모습이다.",synthetic_misinformation,삼성전자의 HBM 공급 물량이 다음 분기부터 확대될 가능성이 높다는 관측,"엔비디아의 실적 발표 일정은 알려졌지만, 삼성전자 HBM 공급 물량과의 직접적인 연계는 공개되지 않았다.",확인되지 않은 전망 또는 소문을 최종 확인된 결과처럼 단정한다.,"base, read, selected",True,sell,100
simulation_20260715_000826_158697_23249,2026-05-20,112,pm,A006,1,news_20260520_섹터_8a1eed59,phasefake_20260520_Y02_B,"엔비디아 실적과 AI 데이터센터 수요, 삼성전자의 HBM 공급 물량 확대가 사실상 정리됐다는 업계 관측 조율설…관계자 발언 확산","엔비디아의 분기 실적 발표를 앞두고, 삼성전자의 HBM 공급 물량 확대가 사실상 정리됐다는 업계 관측이 제기되고 있다. 시장에서는 관련 수주·공급·실적 기대가 개선될 수 있다는 해석이 제기되고 있다. 관련 거래자들은 해당 주장에 따라 향후 수주·공급·실적 추정치를 다시 점검하는 모습이다.",synthetic_misinformation,삼성전자의 HBM 공급 물량 확대가 사실상 정리됐다는 업계 관측,"엔비디아의 실적 발표 일정은 알려졌지만, 삼성전자 HBM 공급 물량과의 직접적인 연계는 공개되지 않았다.",확인되지 않은 전망 또는 소문을 최종 확인된 결과처럼 단정한다.,"base, read, selected",True,sell,1
simulation_20260715_000826_158697_23249,2026-05-20,112,pm,A028,0,news_20260520_섹터_8a1eed59,phasefake_20260520_Y02_B,"엔비디아 실적과 AI 데이터센터 수요, 삼성전자의 HBM 공급 물량 확대가 사실상 정리됐다는 업계 관측 조율설…관계자 발언 확산","엔비디아의 분기 실적 발표를 앞두고, 삼성전자의 HBM 공급 물량 확대가 사실상 정리됐다는 업계 관측이 제기되고 있다. 시장에서는 관련 수주·공급·실적 기대가 개선될 수 있다는 해석이 제기되고 있다. 관련 거래자들은 해당 주장에 따라 향후 수주·공급·실적 추정치를 다시 점검하는 모습이다.",synthetic_misinformation,삼성전자의 HBM 공급 물량 확대가 사실상 정리됐다는 업계 관측,"엔비디아의 실적 발표 일정은 알려졌지만, 삼성전자 HBM 공급 물량과의 직접적인 연계는 공개되지 않았다.",확인되지 않은 전망 또는 소문을 최종 확인된 결과처럼 단정한다.,"base, selected",True,buy,21
simulation_20260715_000826_158697_23249,2026-05-20,112,pm,A002,0,news_20260520_섹터_8a1eed59,phasefake_20260520_Y02_B,"엔비디아 실적과 AI 데이터센터 수요, 삼성전자의 HBM 공급 물량 확대가 사실상 정리됐다는 업계 관측 조율설…관계자 발언 확산","엔비디아의 분기 실적 발표를 앞두고, 삼성전자의 HBM 공급 물량 확대가 사실상 정리됐다는 업계 관측이 제기되고 있다. 시장에서는 관련 수주·공급·실적 기대가 개선될 수 있다는 해석이 제기되고 있다. 관련 거래자들은 해당 주장에 따라 향후 수주·공급·실적 추정치를 다시 점검하는 모습이다.",synthetic_misinformation,삼성전자의 HBM 공급 물량 확대가 사실상 정리됐다는 업계 관측,"엔비디아의 실적 발표 일정은 알려졌지만, 삼성전자 HBM 공급 물량과의 직접적인 연계는 공개되지 않았다.",확인되지 않은 전망 또는 소문을 최종 확인된 결과처럼 단정한다.,"base, selected",True,sell,10
simulation_20260715_000826_158697_23249,2026-05-20,112,pm,A011,1,news_20260520_섹터_8a1eed59,phasefake_20260520_Y02_B,"엔비디아 실적과 AI 데이터센터 수요, 삼성전자의 HBM 공급 물량 확대가 사실상 정리됐다는 업계 관측 조율설…관계자 발언 확산","엔비디아의 분기 실적 발표를 앞두고, 삼성전자의 HBM 공급 물량 확대가 사실상 정리됐다는 업계 관측이 제기되고 있다. 시장에서는 관련 수주·공급·실적 기대가 개선될 수 있다는 해석이 제기되고 있다. 관련 거래자들은 해당 주장에 따라 향후 수주·공급·실적 추정치를 다시 점검하는 모습이다.",synthetic_misinformation,삼성전자의 HBM 공급 물량 확대가 사실상 정리됐다는 업계 관측,"엔비디아의 실적 발표 일정은 알려졌지만, 삼성전자 HBM 공급 물량과의 직접적인 연계는 공개되지 않았다.",확인되지 않은 전망 또는 소문을 최종 확인된 결과처럼 단정한다.,"base, read, selected",True,buy,1
simulation_20260715_000826_158697_23249,2026-05-20,112,pm,A021,0,news_20260520_섹터_8a1eed59,phasefake_20260520_Y02_B,"엔비디아 실적과 AI 데이터센터 수요, 삼성전자의 HBM 공급 물량 확대가 사실상 정리됐다는 업계 관측 조율설…관계자 발언 확산","엔비디아의 분기 실적 발표를 앞두고, 삼성전자의 HBM 공급 물량 확대가 사실상 정리됐다는 업계 관측이 제기되고 있다. 시장에서는 관련 수주·공급·실적 기대가 개선될 수 있다는 해석이 제기되고 있다. 관련 거래자들은 해당 주장에 따라 향후 수주·공급·실적 추정치를 다시 점검하는 모습이다.",synthetic_misinformation,삼성전자의 HBM 공급 물량 확대가 사실상 정리됐다는 업계 관측,"엔비디아의 실적 발표 일정은 알려졌지만, 삼성전자 HBM 공급 물량과의 직접적인 연계는 공개되지 않았다.",확인되지 않은 전망 또는 소문을 최종 확인된 결과처럼 단정한다.,base,False,sell,10
simulation_20260715_000826_158697_23249,2026-05-20,112,pm,A022,1,news_20260520_섹터_8a1eed59,phasefake_20260520_Y02_B,"엔비디아 실적과 AI 데이터센터 수요, 삼성전자의 HBM 공급 물량 확대가 사실상 정리됐다는 업계 관측 조율설…관계자 발언 확산","엔비디아의 분기 실적 발표를 앞두고, 삼성전자의 HBM 공급 물량 확대가 사실상 정리됐다는 업계 관측이 제기되고 있다. 시장에서는 관련 수주·공급·실적 기대가 개선될 수 있다는 해석이 제기되고 있다. 관련 거래자들은 해당 주장에 따라 향후 수주·공급·실적 추정치를 다시 점검하는 모습이다.",synthetic_misinformation,삼성전자의 HBM 공급 물량 확대가 사실상 정리됐다는 업계 관측,"엔비디아의 실적 발표 일정은 알려졌지만, 삼성전자 HBM 공급 물량과의 직접적인 연계는 공개되지 않았다.",확인되지 않은 전망 또는 소문을 최종 확인된 결과처럼 단정한다.,"base, read, selected",True,sell,10
simulation_20260715_000826_158697_23249,2026-05-20,112,pm,A023,0,news_20260520_섹터_8a1eed59,phasefake_20260520_Y02_B,"엔비디아 실적과 AI 데이터센터 수요, 삼성전자의 HBM 공급 물량 확대가 사실상 정리됐다는 업계 관측 조율설…관계자 발언 확산","엔비디아의 분기 실적 발표를 앞두고, 삼성전자의 HBM 공급 물량 확대가 사실상 정리됐다는 업계 관측이 제기되고 있다. 시장에서는 관련 수주·공급·실적 기대가 개선될 수 있다는 해석이 제기되고 있다. 관련 거래자들은 해당 주장에 따라 향후 수주·공급·실적 추정치를 다시 점검하는 모습이다.",synthetic_misinformation,삼성전자의 HBM 공급 물량 확대가 사실상 정리됐다는 업계 관측,"엔비디아의 실적 발표 일정은 알려졌지만, 삼성전자 HBM 공급 물량과의 직접적인 연계는 공개되지 않았다.",확인되지 않은 전망 또는 소문을 최종 확인된 결과처럼 단정한다.,"base, selected",True,sell,50
simulation_20260715_000826_158697_23249,2026-05-20,112,pm,A013,1,news_20260520_섹터_8a1eed59,phasefake_20260520_Y02_B,"엔비디아 실적과 AI 데이터센터 수요, 삼성전자의 HBM 공급 물량 확대가 사실상 정리됐다는 업계 관측 조율설…관계자 발언 확산","엔비디아의 분기 실적 발표를 앞두고, 삼성전자의 HBM 공급 물량 확대가 사실상 정리됐다는 업계 관측이 제기되고 있다. 시장에서는 관련 수주·공급·실적 기대가 개선될 수 있다는 해석이 제기되고 있다. 관련 거래자들은 해당 주장에 따라 향후 수주·공급·실적 추정치를 다시 점검하는 모습이다.",synthetic_misinformation,삼성전자의 HBM 공급 물량 확대가 사실상 정리됐다는 업계 관측,"엔비디아의 실적 발표 일정은 알려졌지만, 삼성전자 HBM 공급 물량과의 직접적인 연계는 공개되지 않았다.",확인되지 않은 전망 또는 소문을 최종 확인된 결과처럼 단정한다.,"base, read, selected",True,sell,134
simulation_20260715_000826_158697_23249,2026-05-20,112,pm,A019,1,news_20260520_섹터_8a1eed59,phasefake_20260520_Y02_B,"엔비디아 실적과 AI 데이터센터 수요, 삼성전자의 HBM 공급 물량 확대가 사실상 정리됐다는 업계 관측 조율설…관계자 발언 확산","엔비디아의 분기 실적 발표를 앞두고, 삼성전자의 HBM 공급 물량 확대가 사실상 정리됐다는 업계 관측이 제기되고 있다. 시장에서는 관련 수주·공급·실적 기대가 개선될 수 있다는 해석이 제기되고 있다. 관련 거래자들은 해당 주장에 따라 향후 수주·공급·실적 추정치를 다시 점검하는 모습이다.",synthetic_misinformation,삼성전자의 HBM 공급 물량 확대가 사실상 정리됐다는 업계 관측,"엔비디아의 실적 발표 일정은 알려졌지만, 삼성전자 HBM 공급 물량과의 직접적인 연계는 공개되지 않았다.",확인되지 않은 전망 또는 소문을 최종 확인된 결과처럼 단정한다.,"base, read, selected",True,buy,10
simulation_20260715_000826_158697_23249,2026-05-20,112,pm,A014,1,news_20260520_섹터_8a1eed59,phasefake_20260520_Y02_B,"엔비디아 실적과 AI 데이터센터 수요, 삼성전자의 HBM 공급 물량 확대가 사실상 정리됐다는 업계 관측 조율설…관계자 발언 확산","엔비디아의 분기 실적 발표를 앞두고, 삼성전자의 HBM 공급 물량 확대가 사실상 정리됐다는 업계 관측이 제기되고 있다. 시장에서는 관련 수주·공급·실적 기대가 개선될 수 있다는 해석이 제기되고 있다. 관련 거래자들은 해당 주장에 따라 향후 수주·공급·실적 추정치를 다시 점검하는 모습이다.",synthetic_misinformation,삼성전자의 HBM 공급 물량 확대가 사실상 정리됐다는 업계 관측,"엔비디아의 실적 발표 일정은 알려졌지만, 삼성전자 HBM 공급 물량과의 직접적인 연계는 공개되지 않았다.",확인되지 않은 전망 또는 소문을 최종 확인된 결과처럼 단정한다.,"base, read, selected",True,sell,50
simulation_20260715_000826_158697_23249,2026-05-20,112,pm,A010,1,news_20260520_섹터_8a1eed59,phasefake_20260520_Y02_B,"엔비디아 실적과 AI 데이터센터 수요, 삼성전자의 HBM 공급 물량 확대가 사실상 정리됐다는 업계 관측 조율설…관계자 발언 확산","엔비디아의 분기 실적 발표를 앞두고, 삼성전자의 HBM 공급 물량 확대가 사실상 정리됐다는 업계 관측이 제기되고 있다. 시장에서는 관련 수주·공급·실적 기대가 개선될 수 있다는 해석이 제기되고 있다. 관련 거래자들은 해당 주장에 따라 향후 수주·공급·실적 추정치를 다시 점검하는 모습이다.",synthetic_misinformation,삼성전자의 HBM 공급 물량 확대가 사실상 정리됐다는 업계 관측,"엔비디아의 실적 발표 일정은 알려졌지만, 삼성전자 HBM 공급 물량과의 직접적인 연계는 공개되지 않았다.",확인되지 않은 전망 또는 소문을 최종 확인된 결과처럼 단정한다.,"base, read, selected",True,sell,50
simulation_20260715_000826_158697_23249,2026-05-20,112,pm,A003,1,news_20260520_섹터_8a1eed59,phasefake_20260520_Y02_B,"엔비디아 실적과 AI 데이터센터 수요, 삼성전자의 HBM 공급 물량 확대가 사실상 정리됐다는 업계 관측 조율설…관계자 발언 확산","엔비디아의 분기 실적 발표를 앞두고, 삼성전자의 HBM 공급 물량 확대가 사실상 정리됐다는 업계 관측이 제기되고 있다. 시장에서는 관련 수주·공급·실적 기대가 개선될 수 있다는 해석이 제기되고 있다. 관련 거래자들은 해당 주장에 따라 향후 수주·공급·실적 추정치를 다시 점검하는 모습이다.",synthetic_misinformation,삼성전자의 HBM 공급 물량 확대가 사실상 정리됐다는 업계 관측,"엔비디아의 실적 발표 일정은 알려졌지만, 삼성전자 HBM 공급 물량과의 직접적인 연계는 공개되지 않았다.",확인되지 않은 전망 또는 소문을 최종 확인된 결과처럼 단정한다.,"base, read, selected",True,sell,3
simulation_20260715_000826_158697_23249,2026-05-20,112,pm,A026,1,news_20260520_섹터_8a1eed59,phasefake_20260520_Y02_B,"엔비디아 실적과 AI 데이터센터 수요, 삼성전자의 HBM 공급 물량 확대가 사실상 정리됐다는 업계 관측 조율설…관계자 발언 확산","엔비디아의 분기 실적 발표를 앞두고, 삼성전자의 HBM 공급 물량 확대가 사실상 정리됐다는 업계 관측이 제기되고 있다. 시장에서는 관련 수주·공급·실적 기대가 개선될 수 있다는 해석이 제기되고 있다. 관련 거래자들은 해당 주장에 따라 향후 수주·공급·실적 추정치를 다시 점검하는 모습이다.",synthetic_misinformation,삼성전자의 HBM 공급 물량 확대가 사실상 정리됐다는 업계 관측,"엔비디아의 실적 발표 일정은 알려졌지만, 삼성전자 HBM 공급 물량과의 직접적인 연계는 공개되지 않았다.",확인되지 않은 전망 또는 소문을 최종 확인된 결과처럼 단정한다.,"base, read, selected",True,buy,10
simulation_20260715_000826_158697_23249,2026-05-20,112,pm,A030,0,news_20260520_섹터_8a1eed59,phasefake_20260520_Y02_B,"엔비디아 실적과 AI 데이터센터 수요, 삼성전자의 HBM 공급 물량 확대가 사실상 정리됐다는 업계 관측 조율설…관계자 발언 확산","엔비디아의 분기 실적 발표를 앞두고, 삼성전자의 HBM 공급 물량 확대가 사실상 정리됐다는 업계 관측이 제기되고 있다. 시장에서는 관련 수주·공급·실적 기대가 개선될 수 있다는 해석이 제기되고 있다. 관련 거래자들은 해당 주장에 따라 향후 수주·공급·실적 추정치를 다시 점검하는 모습이다.",synthetic_misinformation,삼성전자의 HBM 공급 물량 확대가 사실상 정리됐다는 업계 관측,"엔비디아의 실적 발표 일정은 알려졌지만, 삼성전자 HBM 공급 물량과의 직접적인 연계는 공개되지 않았다.",확인되지 않은 전망 또는 소문을 최종 확인된 결과처럼 단정한다.,"base, selected",True,buy,1
simulation_20260715_000826_158697_23249,2026-05-20,112,pm,A018,0,news_20260520_섹터_8a1eed59,phasefake_20260520_Y02_B,"엔비디아 실적과 AI 데이터센터 수요, 삼성전자의 HBM 공급 물량 확대가 사실상 정리됐다는 업계 관측 조율설…관계자 발언 확산","엔비디아의 분기 실적 발표를 앞두고, 삼성전자의 HBM 공급 물량 확대가 사실상 정리됐다는 업계 관측이 제기되고 있다. 시장에서는 관련 수주·공급·실적 기대가 개선될 수 있다는 해석이 제기되고 있다. 관련 거래자들은 해당 주장에 따라 향후 수주·공급·실적 추정치를 다시 점검하는 모습이다.",synthetic_misinformation,삼성전자의 HBM 공급 물량 확대가 사실상 정리됐다는 업계 관측,"엔비디아의 실적 발표 일정은 알려졌지만, 삼성전자 HBM 공급 물량과의 직접적인 연계는 공개되지 않았다.",확인되지 않은 전망 또는 소문을 최종 확인된 결과처럼 단정한다.,"base, selected",True,buy,6
simulation_20260715_000826_158697_23249,2026-05-20,112,pm,A027,1,news_20260520_섹터_8a1eed59,phasefake_20260520_Y02_B,"엔비디아 실적과 AI 데이터센터 수요, 삼성전자의 HBM 공급 물량 확대가 사실상 정리됐다는 업계 관측 조율설…관계자 발언 확산","엔비디아의 분기 실적 발표를 앞두고, 삼성전자의 HBM 공급 물량 확대가 사실상 정리됐다는 업계 관측이 제기되고 있다. 시장에서는 관련 수주·공급·실적 기대가 개선될 수 있다는 해석이 제기되고 있다. 관련 거래자들은 해당 주장에 따라 향후 수주·공급·실적 추정치를 다시 점검하는 모습이다.",synthetic_misinformation,삼성전자의 HBM 공급 물량 확대가 사실상 정리됐다는 업계 관측,"엔비디아의 실적 발표 일정은 알려졌지만, 삼성전자 HBM 공급 물량과의 직접적인 연계는 공개되지 않았다.",확인되지 않은 전망 또는 소문을 최종 확인된 결과처럼 단정한다.,"base, read, selected",True,buy,175
simulation_20260715_000826_158697_23249,2026-05-20,112,pm,A017,2,news_20260520_섹터_8a1eed59,phasefake_20260520_Y02_B,"엔비디아 실적과 AI 데이터센터 수요, 삼성전자의 HBM 공급 물량 확대가 사실상 정리됐다는 업계 관측 조율설…관계자 발언 확산","엔비디아의 분기 실적 발표를 앞두고, 삼성전자의 HBM 공급 물량 확대가 사실상 정리됐다는 업계 관측이 제기되고 있다. 시장에서는 관련 수주·공급·실적 기대가 개선될 수 있다는 해석이 제기되고 있다. 관련 거래자들은 해당 주장에 따라 향후 수주·공급·실적 추정치를 다시 점검하는 모습이다.",synthetic_misinformation,삼성전자의 HBM 공급 물량 확대가 사실상 정리됐다는 업계 관측,"엔비디아의 실적 발표 일정은 알려졌지만, 삼성전자 HBM 공급 물량과의 직접적인 연계는 공개되지 않았다.",확인되지 않은 전망 또는 소문을 최종 확인된 결과처럼 단정한다.,"base, read",False,sell,100
simulation_20260715_000826_158697_23249,2026-05-20,112,pm,A012,1,news_20260520_섹터_8a1eed59,phasefake_20260520_Y02_B,"엔비디아 실적과 AI 데이터센터 수요, 삼성전자의 HBM 공급 물량 확대가 사실상 정리됐다는 업계 관측 조율설…관계자 발언 확산","엔비디아의 분기 실적 발표를 앞두고, 삼성전자의 HBM 공급 물량 확대가 사실상 정리됐다는 업계 관측이 제기되고 있다. 시장에서는 관련 수주·공급·실적 기대가 개선될 수 있다는 해석이 제기되고 있다. 관련 거래자들은 해당 주장에 따라 향후 수주·공급·실적 추정치를 다시 점검하는 모습이다.",synthetic_misinformation,삼성전자의 HBM 공급 물량 확대가 사실상 정리됐다는 업계 관측,"엔비디아의 실적 발표 일정은 알려졌지만, 삼성전자 HBM 공급 물량과의 직접적인 연계는 공개되지 않았다.",확인되지 않은 전망 또는 소문을 최종 확인된 결과처럼 단정한다.,"base, read, selected",True,sell,19
simulation_20260715_000826_158697_23249,2026-05-20,112,pm,A025,1,news_20260520_섹터_8a1eed59,phasefake_20260520_Y02_B,"엔비디아 실적과 AI 데이터센터 수요, 삼성전자의 HBM 공급 물량 확대가 사실상 정리됐다는 업계 관측 조율설…관계자 발언 확산","엔비디아의 분기 실적 발표를 앞두고, 삼성전자의 HBM 공급 물량 확대가 사실상 정리됐다는 업계 관측이 제기되고 있다. 시장에서는 관련 수주·공급·실적 기대가 개선될 수 있다는 해석이 제기되고 있다. 관련 거래자들은 해당 주장에 따라 향후 수주·공급·실적 추정치를 다시 점검하는 모습이다.",synthetic_misinformation,삼성전자의 HBM 공급 물량 확대가 사실상 정리됐다는 업계 관측,"엔비디아의 실적 발표 일정은 알려졌지만, 삼성전자 HBM 공급 물량과의 직접적인 연계는 공개되지 않았다.",확인되지 않은 전망 또는 소문을 최종 확인된 결과처럼 단정한다.,"base, read, selected",True,sell,50
simulation_20260715_000826_158697_23249,2026-05-20,112,pm,A016,0,news_20260520_섹터_8a1eed59,phasefake_20260520_Y02_B,"엔비디아 실적과 AI 데이터센터 수요, 삼성전자의 HBM 공급 물량 확대가 사실상 정리됐다는 업계 관측 조율설…관계자 발언 확산","엔비디아의 분기 실적 발표를 앞두고, 삼성전자의 HBM 공급 물량 확대가 사실상 정리됐다는 업계 관측이 제기되고 있다. 시장에서는 관련 수주·공급·실적 기대가 개선될 수 있다는 해석이 제기되고 있다. 관련 거래자들은 해당 주장에 따라 향후 수주·공급·실적 추정치를 다시 점검하는 모습이다.",synthetic_misinformation,삼성전자의 HBM 공급 물량 확대가 사실상 정리됐다는 업계 관측,"엔비디아의 실적 발표 일정은 알려졌지만, 삼성전자 HBM 공급 물량과의 직접적인 연계는 공개되지 않았다.",확인되지 않은 전망 또는 소문을 최종 확인된 결과처럼 단정한다.,"base, selected",True,sell,10
simulation_20260715_000826_158697_23249,2026-05-20,112,pm,A005,1,news_20260520_섹터_8a1eed59,phasefake_20260520_Y02_B,"엔비디아 실적과 AI 데이터센터 수요, 삼성전자의 HBM 공급 물량 확대가 사실상 정리됐다는 업계 관측 조율설…관계자 발언 확산","엔비디아의 분기 실적 발표를 앞두고, 삼성전자의 HBM 공급 물량 확대가 사실상 정리됐다는 업계 관측이 제기되고 있다. 시장에서는 관련 수주·공급·실적 기대가 개선될 수 있다는 해석이 제기되고 있다. 관련 거래자들은 해당 주장에 따라 향후 수주·공급·실적 추정치를 다시 점검하는 모습이다.",synthetic_misinformation,삼성전자의 HBM 공급 물량 확대가 사실상 정리됐다는 업계 관측,"엔비디아의 실적 발표 일정은 알려졌지만, 삼성전자 HBM 공급 물량과의 직접적인 연계는 공개되지 않았다.",확인되지 않은 전망 또는 소문을 최종 확인된 결과처럼 단정한다.,"base, read, selected",True,sell,50
simulation_20260715_000826_158697_23249,2026-05-20,112,pm,A007,2,news_20260520_섹터_8a1eed59,phasefake_20260520_Y02_B,"엔비디아 실적과 AI 데이터센터 수요, 삼성전자의 HBM 공급 물량 확대가 사실상 정리됐다는 업계 관측 조율설…관계자 발언 확산","엔비디아의 분기 실적 발표를 앞두고, 삼성전자의 HBM 공급 물량 확대가 사실상 정리됐다는 업계 관측이 제기되고 있다. 시장에서는 관련 수주·공급·실적 기대가 개선될 수 있다는 해석이 제기되고 있다. 관련 거래자들은 해당 주장에 따라 향후 수주·공급·실적 추정치를 다시 점검하는 모습이다.",synthetic_misinformation,삼성전자의 HBM 공급 물량 확대가 사실상 정리됐다는 업계 관측,"엔비디아의 실적 발표 일정은 알려졌지만, 삼성전자 HBM 공급 물량과의 직접적인 연계는 공개되지 않았다.",확인되지 않은 전망 또는 소문을 최종 확인된 결과처럼 단정한다.,"base, read, selected",True,buy,150
simulation_20260715_000826_158697_23249,2026-05-20,112,pm,A020,2,news_20260520_섹터_8a1eed59,phasefake_20260520_Y02_B,"엔비디아 실적과 AI 데이터센터 수요, 삼성전자의 HBM 공급 물량 확대가 사실상 정리됐다는 업계 관측 조율설…관계자 발언 확산","엔비디아의 분기 실적 발표를 앞두고, 삼성전자의 HBM 공급 물량 확대가 사실상 정리됐다는 업계 관측이 제기되고 있다. 시장에서는 관련 수주·공급·실적 기대가 개선될 수 있다는 해석이 제기되고 있다. 관련 거래자들은 해당 주장에 따라 향후 수주·공급·실적 추정치를 다시 점검하는 모습이다.",synthetic_misinformation,삼성전자의 HBM 공급 물량 확대가 사실상 정리됐다는 업계 관측,"엔비디아의 실적 발표 일정은 알려졌지만, 삼성전자 HBM 공급 물량과의 직접적인 연계는 공개되지 않았다.",확인되지 않은 전망 또는 소문을 최종 확인된 결과처럼 단정한다.,"base, read, selected",True,sell,40
simulation_20260715_000826_158697_23249,2026-05-20,112,pm,A015,2,news_20260520_섹터_8a1eed59,phasefake_20260520_Y02_B,"엔비디아 실적과 AI 데이터센터 수요, 삼성전자의 HBM 공급 물량 확대가 사실상 정리됐다는 업계 관측 조율설…관계자 발언 확산","엔비디아의 분기 실적 발표를 앞두고, 삼성전자의 HBM 공급 물량 확대가 사실상 정리됐다는 업계 관측이 제기되고 있다. 시장에서는 관련 수주·공급·실적 기대가 개선될 수 있다는 해석이 제기되고 있다. 관련 거래자들은 해당 주장에 따라 향후 수주·공급·실적 추정치를 다시 점검하는 모습이다.",synthetic_misinformation,삼성전자의 HBM 공급 물량 확대가 사실상 정리됐다는 업계 관측,"엔비디아의 실적 발표 일정은 알려졌지만, 삼성전자 HBM 공급 물량과의 직접적인 연계는 공개되지 않았다.",확인되지 않은 전망 또는 소문을 최종 확인된 결과처럼 단정한다.,"base, read, selected",True,sell,23
simulation_20260715_000826_158697_23249,2026-05-20,112,pm,A009,0,news_20260520_섹터_8a1eed59,phasefake_20260520_Y02_B,"엔비디아 실적과 AI 데이터센터 수요, 삼성전자의 HBM 공급 물량 확대가 사실상 정리됐다는 업계 관측 조율설…관계자 발언 확산","엔비디아의 분기 실적 발표를 앞두고, 삼성전자의 HBM 공급 물량 확대가 사실상 정리됐다는 업계 관측이 제기되고 있다. 시장에서는 관련 수주·공급·실적 기대가 개선될 수 있다는 해석이 제기되고 있다. 관련 거래자들은 해당 주장에 따라 향후 수주·공급·실적 추정치를 다시 점검하는 모습이다.",synthetic_misinformation,삼성전자의 HBM 공급 물량 확대가 사실상 정리됐다는 업계 관측,"엔비디아의 실적 발표 일정은 알려졌지만, 삼성전자 HBM 공급 물량과의 직접적인 연계는 공개되지 않았다.",확인되지 않은 전망 또는 소문을 최종 확인된 결과처럼 단정한다.,base,False,buy,20
simulation_20260715_000826_158697_23249,2026-05-20,112,pm,A029,0,news_20260520_섹터_8a1eed59,phasefake_20260520_Y02_B,"엔비디아 실적과 AI 데이터센터 수요, 삼성전자의 HBM 공급 물량 확대가 사실상 정리됐다는 업계 관측 조율설…관계자 발언 확산","엔비디아의 분기 실적 발표를 앞두고, 삼성전자의 HBM 공급 물량 확대가 사실상 정리됐다는 업계 관측이 제기되고 있다. 시장에서는 관련 수주·공급·실적 기대가 개선될 수 있다는 해석이 제기되고 있다. 관련 거래자들은 해당 주장에 따라 향후 수주·공급·실적 추정치를 다시 점검하는 모습이다.",synthetic_misinformation,삼성전자의 HBM 공급 물량 확대가 사실상 정리됐다는 업계 관측,"엔비디아의 실적 발표 일정은 알려졌지만, 삼성전자 HBM 공급 물량과의 직접적인 연계는 공개되지 않았다.",확인되지 않은 전망 또는 소문을 최종 확인된 결과처럼 단정한다.,"base, selected",True,buy,10
simulation_20260715_000826_158697_23249,2026-05-20,112,pm,A024,0,news_20260520_섹터_8a1eed59,phasefake_20260520_Y02_B,"엔비디아 실적과 AI 데이터센터 수요, 삼성전자의 HBM 공급 물량 확대가 사실상 정리됐다는 업계 관측 조율설…관계자 발언 확산","엔비디아의 분기 실적 발표를 앞두고, 삼성전자의 HBM 공급 물량 확대가 사실상 정리됐다는 업계 관측이 제기되고 있다. 시장에서는 관련 수주·공급·실적 기대가 개선될 수 있다는 해석이 제기되고 있다. 관련 거래자들은 해당 주장에 따라 향후 수주·공급·실적 추정치를 다시 점검하는 모습이다.",synthetic_misinformation,삼성전자의 HBM 공급 물량 확대가 사실상 정리됐다는 업계 관측,"엔비디아의 실적 발표 일정은 알려졌지만, 삼성전자 HBM 공급 물량과의 직접적인 연계는 공개되지 않았다.",확인되지 않은 전망 또는 소문을 최종 확인된 결과처럼 단정한다.,"base, selected",True,sell,1
simulation_20260715_000826_158697_23249,2026-05-20,112,pm,A004,1,news_20260520_섹터_8a1eed59,phasefake_20260520_Y02_B,"엔비디아 실적과 AI 데이터센터 수요, 삼성전자의 HBM 공급 물량 확대가 사실상 정리됐다는 업계 관측 조율설…관계자 발언 확산","엔비디아의 분기 실적 발표를 앞두고, 삼성전자의 HBM 공급 물량 확대가 사실상 정리됐다는 업계 관측이 제기되고 있다. 시장에서는 관련 수주·공급·실적 기대가 개선될 수 있다는 해석이 제기되고 있다. 관련 거래자들은 해당 주장에 따라 향후 수주·공급·실적 추정치를 다시 점검하는 모습이다.",synthetic_misinformation,삼성전자의 HBM 공급 물량 확대가 사실상 정리됐다는 업계 관측,"엔비디아의 실적 발표 일정은 알려졌지만, 삼성전자 HBM 공급 물량과의 직접적인 연계는 공개되지 않았다.",확인되지 않은 전망 또는 소문을 최종 확인된 결과처럼 단정한다.,"base, read, selected",True,buy,100
simulation_20260715_000826_158697_23249,2026-05-20,112,pm,A001,1,news_20260520_섹터_8a1eed59,phasefake_20260520_Y02_B,"엔비디아 실적과 AI 데이터센터 수요, 삼성전자의 HBM 공급 물량 확대가 사실상 정리됐다는 업계 관측 조율설…관계자 발언 확산","엔비디아의 분기 실적 발표를 앞두고, 삼성전자의 HBM 공급 물량 확대가 사실상 정리됐다는 업계 관측이 제기되고 있다. 시장에서는 관련 수주·공급·실적 기대가 개선될 수 있다는 해석이 제기되고 있다. 관련 거래자들은 해당 주장에 따라 향후 수주·공급·실적 추정치를 다시 점검하는 모습이다.",synthetic_misinformation,삼성전자의 HBM 공급 물량 확대가 사실상 정리됐다는 업계 관측,"엔비디아의 실적 발표 일정은 알려졌지만, 삼성전자 HBM 공급 물량과의 직접적인 연계는 공개되지 않았다.",확인되지 않은 전망 또는 소문을 최종 확인된 결과처럼 단정한다.,"base, read",False,sell,50
simulation_20260715_000826_158697_23249,2026-05-20,112,pm,A008,1,news_20260520_섹터_8a1eed59,phasefake_20260520_Y02_B,"엔비디아 실적과 AI 데이터센터 수요, 삼성전자의 HBM 공급 물량 확대가 사실상 정리됐다는 업계 관측 조율설…관계자 발언 확산","엔비디아의 분기 실적 발표를 앞두고, 삼성전자의 HBM 공급 물량 확대가 사실상 정리됐다는 업계 관측이 제기되고 있다. 시장에서는 관련 수주·공급·실적 기대가 개선될 수 있다는 해석이 제기되고 있다. 관련 거래자들은 해당 주장에 따라 향후 수주·공급·실적 추정치를 다시 점검하는 모습이다.",synthetic_misinformation,삼성전자의 HBM 공급 물량 확대가 사실상 정리됐다는 업계 관측,"엔비디아의 실적 발표 일정은 알려졌지만, 삼성전자 HBM 공급 물량과의 직접적인 연계는 공개되지 않았다.",확인되지 않은 전망 또는 소문을 최종 확인된 결과처럼 단정한다.,"base, read, selected",True,sell,150
simulation_20260715_000826_158697_23249,2026-05-22,116,pm,A005,1,news_20260522_섹터_c79a5950,phasefake_20260522_Y02_B,"엔비디아 실적과 AI 데이터센터 수요, 엔비디아 실적을 근거로 삼성전자의 HBM 공급 물량이 다음 분기에 확대되는 것으로 확인됐다는 내용이 후속 협의에서도 재확인됐다 재확인 관측…후속 협의 주목","엔비디아 실적과 AI 데이터센터 수요 관련 소식 이후, 엔비디아 실적을 근거로 삼성전자의 HBM 공급 물량이 다음 분기에 확대되는 것으로 확인됐다는 내용이 후속 협의에서도 재확인됐다는 소문이 사실처럼 유통되고 있다. 시장에서는 관련 수주·공급·실적 기대가 개선될 수 있다는 해석이 제기되고 있다. 관련 거래자들은 해당 주장에 따라 향후 수주·공급·실적 추정치를 다시 점검하는 모습이다.",synthetic_misinformation,엔비디아 실적을 근거로 삼성전자의 HBM 공급 물량이 다음 분기에 확대되는 것으로 확인됐다는 내용이 후속 협의에서도 재확인됐다,"엔비디아는 분기 매출 816억달러, 데이터센터 매출 750억달러를 발표했고 다음 분기 매출 전망을 910억달러로 제시했으나, 기사에는 중국 시장 변수가 남아 있다고도 보도됐다.",확인되지 않은 전망 또는 소문을 최종 확인된 결과처럼 단정한다.,"base, read, selected",True,buy,100
simulation_20260715_000826_158697_23249,2026-05-22,116,pm,A016,0,news_20260522_섹터_c79a5950,phasefake_20260522_Y02_B,"엔비디아 실적과 AI 데이터센터 수요, 엔비디아 실적을 근거로 삼성전자의 HBM 공급 물량이 다음 분기에 확대되는 것으로 확인됐다는 내용이 후속 협의에서도 재확인됐다 재확인 관측…후속 협의 주목","엔비디아 실적과 AI 데이터센터 수요 관련 소식 이후, 엔비디아 실적을 근거로 삼성전자의 HBM 공급 물량이 다음 분기에 확대되는 것으로 확인됐다는 내용이 후속 협의에서도 재확인됐다는 소문이 사실처럼 유통되고 있다. 시장에서는 관련 수주·공급·실적 기대가 개선될 수 있다는 해석이 제기되고 있다. 관련 거래자들은 해당 주장에 따라 향후 수주·공급·실적 추정치를 다시 점검하는 모습이다.",synthetic_misinformation,엔비디아 실적을 근거로 삼성전자의 HBM 공급 물량이 다음 분기에 확대되는 것으로 확인됐다는 내용이 후속 협의에서도 재확인됐다,"엔비디아는 분기 매출 816억달러, 데이터센터 매출 750억달러를 발표했고 다음 분기 매출 전망을 910억달러로 제시했으나, 기사에는 중국 시장 변수가 남아 있다고도 보도됐다.",확인되지 않은 전망 또는 소문을 최종 확인된 결과처럼 단정한다.,"base, selected",True,buy,100
simulation_20260715_000826_158697_23249,2026-05-22,116,pm,A003,1,news_20260522_섹터_c79a5950,phasefake_20260522_Y02_B,"엔비디아 실적과 AI 데이터센터 수요, 엔비디아 실적을 근거로 삼성전자의 HBM 공급 물량이 다음 분기에 확대되는 것으로 확인됐다는 내용이 후속 협의에서도 재확인됐다 재확인 관측…후속 협의 주목","엔비디아 실적과 AI 데이터센터 수요 관련 소식 이후, 엔비디아 실적을 근거로 삼성전자의 HBM 공급 물량이 다음 분기에 확대되는 것으로 확인됐다는 내용이 후속 협의에서도 재확인됐다는 소문이 사실처럼 유통되고 있다. 시장에서는 관련 수주·공급·실적 기대가 개선될 수 있다는 해석이 제기되고 있다. 관련 거래자들은 해당 주장에 따라 향후 수주·공급·실적 추정치를 다시 점검하는 모습이다.",synthetic_misinformation,엔비디아 실적을 근거로 삼성전자의 HBM 공급 물량이 다음 분기에 확대되는 것으로 확인됐다는 내용이 후속 협의에서도 재확인됐다,"엔비디아는 분기 매출 816억달러, 데이터센터 매출 750억달러를 발표했고 다음 분기 매출 전망을 910억달러로 제시했으나, 기사에는 중국 시장 변수가 남아 있다고도 보도됐다.",확인되지 않은 전망 또는 소문을 최종 확인된 결과처럼 단정한다.,"base, read, selected",True,buy,5
simulation_20260715_000826_158697_23249,2026-05-22,116,pm,A012,1,news_20260522_섹터_c79a5950,phasefake_20260522_Y02_B,"엔비디아 실적과 AI 데이터센터 수요, 엔비디아 실적을 근거로 삼성전자의 HBM 공급 물량이 다음 분기에 확대되는 것으로 확인됐다는 내용이 후속 협의에서도 재확인됐다 재확인 관측…후속 협의 주목","엔비디아 실적과 AI 데이터센터 수요 관련 소식 이후, 엔비디아 실적을 근거로 삼성전자의 HBM 공급 물량이 다음 분기에 확대되는 것으로 확인됐다는 내용이 후속 협의에서도 재확인됐다는 소문이 사실처럼 유통되고 있다. 시장에서는 관련 수주·공급·실적 기대가 개선될 수 있다는 해석이 제기되고 있다. 관련 거래자들은 해당 주장에 따라 향후 수주·공급·실적 추정치를 다시 점검하는 모습이다.",synthetic_misinformation,엔비디아 실적을 근거로 삼성전자의 HBM 공급 물량이 다음 분기에 확대되는 것으로 확인됐다는 내용이 후속 협의에서도 재확인됐다,"엔비디아는 분기 매출 816억달러, 데이터센터 매출 750억달러를 발표했고 다음 분기 매출 전망을 910억달러로 제시했으나, 기사에는 중국 시장 변수가 남아 있다고도 보도됐다.",확인되지 않은 전망 또는 소문을 최종 확인된 결과처럼 단정한다.,"base, read, selected",True,buy,50
simulation_20260715_000826_158697_23249,2026-05-22,116,pm,A010,1,news_20260522_섹터_c79a5950,phasefake_20260522_Y02_B,"엔비디아 실적과 AI 데이터센터 수요, 엔비디아 실적을 근거로 삼성전자의 HBM 공급 물량이 다음 분기에 확대되는 것으로 확인됐다는 내용이 후속 협의에서도 재확인됐다 재확인 관측…후속 협의 주목","엔비디아 실적과 AI 데이터센터 수요 관련 소식 이후, 엔비디아 실적을 근거로 삼성전자의 HBM 공급 물량이 다음 분기에 확대되는 것으로 확인됐다는 내용이 후속 협의에서도 재확인됐다는 소문이 사실처럼 유통되고 있다. 시장에서는 관련 수주·공급·실적 기대가 개선될 수 있다는 해석이 제기되고 있다. 관련 거래자들은 해당 주장에 따라 향후 수주·공급·실적 추정치를 다시 점검하는 모습이다.",synthetic_misinformation,엔비디아 실적을 근거로 삼성전자의 HBM 공급 물량이 다음 분기에 확대되는 것으로 확인됐다는 내용이 후속 협의에서도 재확인됐다,"엔비디아는 분기 매출 816억달러, 데이터센터 매출 750억달러를 발표했고 다음 분기 매출 전망을 910억달러로 제시했으나, 기사에는 중국 시장 변수가 남아 있다고도 보도됐다.",확인되지 않은 전망 또는 소문을 최종 확인된 결과처럼 단정한다.,"base, read, selected",True,buy,200
simulation_20260715_000826_158697_23249,2026-05-22,116,pm,A009,0,news_20260522_섹터_c79a5950,phasefake_20260522_Y02_B,"엔비디아 실적과 AI 데이터센터 수요, 엔비디아 실적을 근거로 삼성전자의 HBM 공급 물량이 다음 분기에 확대되는 것으로 확인됐다는 내용이 후속 협의에서도 재확인됐다 재확인 관측…후속 협의 주목","엔비디아 실적과 AI 데이터센터 수요 관련 소식 이후, 엔비디아 실적을 근거로 삼성전자의 HBM 공급 물량이 다음 분기에 확대되는 것으로 확인됐다는 내용이 후속 협의에서도 재확인됐다는 소문이 사실처럼 유통되고 있다. 시장에서는 관련 수주·공급·실적 기대가 개선될 수 있다는 해석이 제기되고 있다. 관련 거래자들은 해당 주장에 따라 향후 수주·공급·실적 추정치를 다시 점검하는 모습이다.",synthetic_misinformation,엔비디아 실적을 근거로 삼성전자의 HBM 공급 물량이 다음 분기에 확대되는 것으로 확인됐다는 내용이 후속 협의에서도 재확인됐다,"엔비디아는 분기 매출 816억달러, 데이터센터 매출 750억달러를 발표했고 다음 분기 매출 전망을 910억달러로 제시했으나, 기사에는 중국 시장 변수가 남아 있다고도 보도됐다.",확인되지 않은 전망 또는 소문을 최종 확인된 결과처럼 단정한다.,"base, selected",True,sell,10
simulation_20260715_000826_158697_23249,2026-05-22,116,pm,A018,0,news_20260522_섹터_c79a5950,phasefake_20260522_Y02_B,"엔비디아 실적과 AI 데이터센터 수요, 엔비디아 실적을 근거로 삼성전자의 HBM 공급 물량이 다음 분기에 확대되는 것으로 확인됐다는 내용이 후속 협의에서도 재확인됐다 재확인 관측…후속 협의 주목","엔비디아 실적과 AI 데이터센터 수요 관련 소식 이후, 엔비디아 실적을 근거로 삼성전자의 HBM 공급 물량이 다음 분기에 확대되는 것으로 확인됐다는 내용이 후속 협의에서도 재확인됐다는 소문이 사실처럼 유통되고 있다. 시장에서는 관련 수주·공급·실적 기대가 개선될 수 있다는 해석이 제기되고 있다. 관련 거래자들은 해당 주장에 따라 향후 수주·공급·실적 추정치를 다시 점검하는 모습이다.",synthetic_misinformation,엔비디아 실적을 근거로 삼성전자의 HBM 공급 물량이 다음 분기에 확대되는 것으로 확인됐다는 내용이 후속 협의에서도 재확인됐다,"엔비디아는 분기 매출 816억달러, 데이터센터 매출 750억달러를 발표했고 다음 분기 매출 전망을 910억달러로 제시했으나, 기사에는 중국 시장 변수가 남아 있다고도 보도됐다.",확인되지 않은 전망 또는 소문을 최종 확인된 결과처럼 단정한다.,"base, selected",True,buy,70
simulation_20260715_000826_158697_23249,2026-05-22,116,pm,A011,1,news_20260522_섹터_c79a5950,phasefake_20260522_Y02_B,"엔비디아 실적과 AI 데이터센터 수요, 엔비디아 실적을 근거로 삼성전자의 HBM 공급 물량이 다음 분기에 확대되는 것으로 확인됐다는 내용이 후속 협의에서도 재확인됐다 재확인 관측…후속 협의 주목","엔비디아 실적과 AI 데이터센터 수요 관련 소식 이후, 엔비디아 실적을 근거로 삼성전자의 HBM 공급 물량이 다음 분기에 확대되는 것으로 확인됐다는 내용이 후속 협의에서도 재확인됐다는 소문이 사실처럼 유통되고 있다. 시장에서는 관련 수주·공급·실적 기대가 개선될 수 있다는 해석이 제기되고 있다. 관련 거래자들은 해당 주장에 따라 향후 수주·공급·실적 추정치를 다시 점검하는 모습이다.",synthetic_misinformation,엔비디아 실적을 근거로 삼성전자의 HBM 공급 물량이 다음 분기에 확대되는 것으로 확인됐다는 내용이 후속 협의에서도 재확인됐다,"엔비디아는 분기 매출 816억달러, 데이터센터 매출 750억달러를 발표했고 다음 분기 매출 전망을 910억달러로 제시했으나, 기사에는 중국 시장 변수가 남아 있다고도 보도됐다.",확인되지 않은 전망 또는 소문을 최종 확인된 결과처럼 단정한다.,"base, read, selected",True,buy,19
simulation_20260715_000826_158697_23249,2026-05-22,116,pm,A026,1,news_20260522_섹터_c79a5950,phasefake_20260522_Y02_B,"엔비디아 실적과 AI 데이터센터 수요, 엔비디아 실적을 근거로 삼성전자의 HBM 공급 물량이 다음 분기에 확대되는 것으로 확인됐다는 내용이 후속 협의에서도 재확인됐다 재확인 관측…후속 협의 주목","엔비디아 실적과 AI 데이터센터 수요 관련 소식 이후, 엔비디아 실적을 근거로 삼성전자의 HBM 공급 물량이 다음 분기에 확대되는 것으로 확인됐다는 내용이 후속 협의에서도 재확인됐다는 소문이 사실처럼 유통되고 있다. 시장에서는 관련 수주·공급·실적 기대가 개선될 수 있다는 해석이 제기되고 있다. 관련 거래자들은 해당 주장에 따라 향후 수주·공급·실적 추정치를 다시 점검하는 모습이다.",synthetic_misinformation,엔비디아 실적을 근거로 삼성전자의 HBM 공급 물량이 다음 분기에 확대되는 것으로 확인됐다는 내용이 후속 협의에서도 재확인됐다,"엔비디아는 분기 매출 816억달러, 데이터센터 매출 750억달러를 발표했고 다음 분기 매출 전망을 910억달러로 제시했으나, 기사에는 중국 시장 변수가 남아 있다고도 보도됐다.",확인되지 않은 전망 또는 소문을 최종 확인된 결과처럼 단정한다.,"base, read, selected",True,buy,34
simulation_20260715_000826_158697_23249,2026-05-22,116,pm,A004,1,news_20260522_섹터_c79a5950,phasefake_20260522_Y02_B,"엔비디아 실적과 AI 데이터센터 수요, 엔비디아 실적을 근거로 삼성전자의 HBM 공급 물량이 다음 분기에 확대되는 것으로 확인됐다는 내용이 후속 협의에서도 재확인됐다 재확인 관측…후속 협의 주목","엔비디아 실적과 AI 데이터센터 수요 관련 소식 이후, 엔비디아 실적을 근거로 삼성전자의 HBM 공급 물량이 다음 분기에 확대되는 것으로 확인됐다는 내용이 후속 협의에서도 재확인됐다는 소문이 사실처럼 유통되고 있다. 시장에서는 관련 수주·공급·실적 기대가 개선될 수 있다는 해석이 제기되고 있다. 관련 거래자들은 해당 주장에 따라 향후 수주·공급·실적 추정치를 다시 점검하는 모습이다.",synthetic_misinformation,엔비디아 실적을 근거로 삼성전자의 HBM 공급 물량이 다음 분기에 확대되는 것으로 확인됐다는 내용이 후속 협의에서도 재확인됐다,"엔비디아는 분기 매출 816억달러, 데이터센터 매출 750억달러를 발표했고 다음 분기 매출 전망을 910억달러로 제시했으나, 기사에는 중국 시장 변수가 남아 있다고도 보도됐다.",확인되지 않은 전망 또는 소문을 최종 확인된 결과처럼 단정한다.,"base, read, selected",True,sell,67
simulation_20260715_000826_158697_23249,2026-05-22,116,pm,A014,1,news_20260522_섹터_c79a5950,phasefake_20260522_Y02_B,"엔비디아 실적과 AI 데이터센터 수요, 엔비디아 실적을 근거로 삼성전자의 HBM 공급 물량이 다음 분기에 확대되는 것으로 확인됐다는 내용이 후속 협의에서도 재확인됐다 재확인 관측…후속 협의 주목","엔비디아 실적과 AI 데이터센터 수요 관련 소식 이후, 엔비디아 실적을 근거로 삼성전자의 HBM 공급 물량이 다음 분기에 확대되는 것으로 확인됐다는 내용이 후속 협의에서도 재확인됐다는 소문이 사실처럼 유통되고 있다. 시장에서는 관련 수주·공급·실적 기대가 개선될 수 있다는 해석이 제기되고 있다. 관련 거래자들은 해당 주장에 따라 향후 수주·공급·실적 추정치를 다시 점검하는 모습이다.",synthetic_misinformation,엔비디아 실적을 근거로 삼성전자의 HBM 공급 물량이 다음 분기에 확대되는 것으로 확인됐다는 내용이 후속 협의에서도 재확인됐다,"엔비디아는 분기 매출 816억달러, 데이터센터 매출 750억달러를 발표했고 다음 분기 매출 전망을 910억달러로 제시했으나, 기사에는 중국 시장 변수가 남아 있다고도 보도됐다.",확인되지 않은 전망 또는 소문을 최종 확인된 결과처럼 단정한다.,"base, read, selected",True,buy,100
simulation_20260715_000826_158697_23249,2026-05-22,116,pm,A008,1,news_20260522_섹터_c79a5950,phasefake_20260522_Y02_B,"엔비디아 실적과 AI 데이터센터 수요, 엔비디아 실적을 근거로 삼성전자의 HBM 공급 물량이 다음 분기에 확대되는 것으로 확인됐다는 내용이 후속 협의에서도 재확인됐다 재확인 관측…후속 협의 주목","엔비디아 실적과 AI 데이터센터 수요 관련 소식 이후, 엔비디아 실적을 근거로 삼성전자의 HBM 공급 물량이 다음 분기에 확대되는 것으로 확인됐다는 내용이 후속 협의에서도 재확인됐다는 소문이 사실처럼 유통되고 있다. 시장에서는 관련 수주·공급·실적 기대가 개선될 수 있다는 해석이 제기되고 있다. 관련 거래자들은 해당 주장에 따라 향후 수주·공급·실적 추정치를 다시 점검하는 모습이다.",synthetic_misinformation,엔비디아 실적을 근거로 삼성전자의 HBM 공급 물량이 다음 분기에 확대되는 것으로 확인됐다는 내용이 후속 협의에서도 재확인됐다,"엔비디아는 분기 매출 816억달러, 데이터센터 매출 750억달러를 발표했고 다음 분기 매출 전망을 910억달러로 제시했으나, 기사에는 중국 시장 변수가 남아 있다고도 보도됐다.",확인되지 않은 전망 또는 소문을 최종 확인된 결과처럼 단정한다.,"base, read, selected",True,buy,26
simulation_20260715_000826_158697_23249,2026-05-22,116,pm,A028,0,news_20260522_섹터_c79a5950,phasefake_20260522_Y02_B,"엔비디아 실적과 AI 데이터센터 수요, 엔비디아 실적을 근거로 삼성전자의 HBM 공급 물량이 다음 분기에 확대되는 것으로 확인됐다는 내용이 후속 협의에서도 재확인됐다 재확인 관측…후속 협의 주목","엔비디아 실적과 AI 데이터센터 수요 관련 소식 이후, 엔비디아 실적을 근거로 삼성전자의 HBM 공급 물량이 다음 분기에 확대되는 것으로 확인됐다는 내용이 후속 협의에서도 재확인됐다는 소문이 사실처럼 유통되고 있다. 시장에서는 관련 수주·공급·실적 기대가 개선될 수 있다는 해석이 제기되고 있다. 관련 거래자들은 해당 주장에 따라 향후 수주·공급·실적 추정치를 다시 점검하는 모습이다.",synthetic_misinformation,엔비디아 실적을 근거로 삼성전자의 HBM 공급 물량이 다음 분기에 확대되는 것으로 확인됐다는 내용이 후속 협의에서도 재확인됐다,"엔비디아는 분기 매출 816억달러, 데이터센터 매출 750억달러를 발표했고 다음 분기 매출 전망을 910억달러로 제시했으나, 기사에는 중국 시장 변수가 남아 있다고도 보도됐다.",확인되지 않은 전망 또는 소문을 최종 확인된 결과처럼 단정한다.,"base, selected",True,buy,10
simulation_20260715_000826_158697_23249,2026-05-22,116,pm,A030,0,news_20260522_섹터_c79a5950,phasefake_20260522_Y02_B,"엔비디아 실적과 AI 데이터센터 수요, 엔비디아 실적을 근거로 삼성전자의 HBM 공급 물량이 다음 분기에 확대되는 것으로 확인됐다는 내용이 후속 협의에서도 재확인됐다 재확인 관측…후속 협의 주목","엔비디아 실적과 AI 데이터센터 수요 관련 소식 이후, 엔비디아 실적을 근거로 삼성전자의 HBM 공급 물량이 다음 분기에 확대되는 것으로 확인됐다는 내용이 후속 협의에서도 재확인됐다는 소문이 사실처럼 유통되고 있다. 시장에서는 관련 수주·공급·실적 기대가 개선될 수 있다는 해석이 제기되고 있다. 관련 거래자들은 해당 주장에 따라 향후 수주·공급·실적 추정치를 다시 점검하는 모습이다.",synthetic_misinformation,엔비디아 실적을 근거로 삼성전자의 HBM 공급 물량이 다음 분기에 확대되는 것으로 확인됐다는 내용이 후속 협의에서도 재확인됐다,"엔비디아는 분기 매출 816억달러, 데이터센터 매출 750억달러를 발표했고 다음 분기 매출 전망을 910억달러로 제시했으나, 기사에는 중국 시장 변수가 남아 있다고도 보도됐다.",확인되지 않은 전망 또는 소문을 최종 확인된 결과처럼 단정한다.,"base, selected",True,buy,150
simulation_20260715_000826_158697_23249,2026-05-22,116,pm,A029,0,news_20260522_섹터_c79a5950,phasefake_20260522_Y02_B,"엔비디아 실적과 AI 데이터센터 수요, 엔비디아 실적을 근거로 삼성전자의 HBM 공급 물량이 다음 분기에 확대되는 것으로 확인됐다는 내용이 후속 협의에서도 재확인됐다 재확인 관측…후속 협의 주목","엔비디아 실적과 AI 데이터센터 수요 관련 소식 이후, 엔비디아 실적을 근거로 삼성전자의 HBM 공급 물량이 다음 분기에 확대되는 것으로 확인됐다는 내용이 후속 협의에서도 재확인됐다는 소문이 사실처럼 유통되고 있다. 시장에서는 관련 수주·공급·실적 기대가 개선될 수 있다는 해석이 제기되고 있다. 관련 거래자들은 해당 주장에 따라 향후 수주·공급·실적 추정치를 다시 점검하는 모습이다.",synthetic_misinformation,엔비디아 실적을 근거로 삼성전자의 HBM 공급 물량이 다음 분기에 확대되는 것으로 확인됐다는 내용이 후속 협의에서도 재확인됐다,"엔비디아는 분기 매출 816억달러, 데이터센터 매출 750억달러를 발표했고 다음 분기 매출 전망을 910억달러로 제시했으나, 기사에는 중국 시장 변수가 남아 있다고도 보도됐다.",확인되지 않은 전망 또는 소문을 최종 확인된 결과처럼 단정한다.,"base, selected",True,buy,8
simulation_20260715_000826_158697_23249,2026-05-22,116,pm,A019,1,news_20260522_섹터_c79a5950,phasefake_20260522_Y02_B,"엔비디아 실적과 AI 데이터센터 수요, 엔비디아 실적을 근거로 삼성전자의 HBM 공급 물량이 다음 분기에 확대되는 것으로 확인됐다는 내용이 후속 협의에서도 재확인됐다 재확인 관측…후속 협의 주목","엔비디아 실적과 AI 데이터센터 수요 관련 소식 이후, 엔비디아 실적을 근거로 삼성전자의 HBM 공급 물량이 다음 분기에 확대되는 것으로 확인됐다는 내용이 후속 협의에서도 재확인됐다는 소문이 사실처럼 유통되고 있다. 시장에서는 관련 수주·공급·실적 기대가 개선될 수 있다는 해석이 제기되고 있다. 관련 거래자들은 해당 주장에 따라 향후 수주·공급·실적 추정치를 다시 점검하는 모습이다.",synthetic_misinformation,엔비디아 실적을 근거로 삼성전자의 HBM 공급 물량이 다음 분기에 확대되는 것으로 확인됐다는 내용이 후속 협의에서도 재확인됐다,"엔비디아는 분기 매출 816억달러, 데이터센터 매출 750억달러를 발표했고 다음 분기 매출 전망을 910억달러로 제시했으나, 기사에는 중국 시장 변수가 남아 있다고도 보도됐다.",확인되지 않은 전망 또는 소문을 최종 확인된 결과처럼 단정한다.,"base, read, selected",True,buy,150
simulation_20260715_000826_158697_23249,2026-05-22,116,pm,A002,0,news_20260522_섹터_c79a5950,phasefake_20260522_Y02_B,"엔비디아 실적과 AI 데이터센터 수요, 엔비디아 실적을 근거로 삼성전자의 HBM 공급 물량이 다음 분기에 확대되는 것으로 확인됐다는 내용이 후속 협의에서도 재확인됐다 재확인 관측…후속 협의 주목","엔비디아 실적과 AI 데이터센터 수요 관련 소식 이후, 엔비디아 실적을 근거로 삼성전자의 HBM 공급 물량이 다음 분기에 확대되는 것으로 확인됐다는 내용이 후속 협의에서도 재확인됐다는 소문이 사실처럼 유통되고 있다. 시장에서는 관련 수주·공급·실적 기대가 개선될 수 있다는 해석이 제기되고 있다. 관련 거래자들은 해당 주장에 따라 향후 수주·공급·실적 추정치를 다시 점검하는 모습이다.",synthetic_misinformation,엔비디아 실적을 근거로 삼성전자의 HBM 공급 물량이 다음 분기에 확대되는 것으로 확인됐다는 내용이 후속 협의에서도 재확인됐다,"엔비디아는 분기 매출 816억달러, 데이터센터 매출 750억달러를 발표했고 다음 분기 매출 전망을 910억달러로 제시했으나, 기사에는 중국 시장 변수가 남아 있다고도 보도됐다.",확인되지 않은 전망 또는 소문을 최종 확인된 결과처럼 단정한다.,"base, selected",True,buy,50
simulation_20260715_000826_158697_23249,2026-05-22,116,pm,A021,0,news_20260522_섹터_c79a5950,phasefake_20260522_Y02_B,"엔비디아 실적과 AI 데이터센터 수요, 엔비디아 실적을 근거로 삼성전자의 HBM 공급 물량이 다음 분기에 확대되는 것으로 확인됐다는 내용이 후속 협의에서도 재확인됐다 재확인 관측…후속 협의 주목","엔비디아 실적과 AI 데이터센터 수요 관련 소식 이후, 엔비디아 실적을 근거로 삼성전자의 HBM 공급 물량이 다음 분기에 확대되는 것으로 확인됐다는 내용이 후속 협의에서도 재확인됐다는 소문이 사실처럼 유통되고 있다. 시장에서는 관련 수주·공급·실적 기대가 개선될 수 있다는 해석이 제기되고 있다. 관련 거래자들은 해당 주장에 따라 향후 수주·공급·실적 추정치를 다시 점검하는 모습이다.",synthetic_misinformation,엔비디아 실적을 근거로 삼성전자의 HBM 공급 물량이 다음 분기에 확대되는 것으로 확인됐다는 내용이 후속 협의에서도 재확인됐다,"엔비디아는 분기 매출 816억달러, 데이터센터 매출 750억달러를 발표했고 다음 분기 매출 전망을 910억달러로 제시했으나, 기사에는 중국 시장 변수가 남아 있다고도 보도됐다.",확인되지 않은 전망 또는 소문을 최종 확인된 결과처럼 단정한다.,"base, selected",True,buy,30
simulation_20260715_000826_158697_23249,2026-05-22,116,pm,A027,1,news_20260522_섹터_c79a5950,phasefake_20260522_Y02_B,"엔비디아 실적과 AI 데이터센터 수요, 엔비디아 실적을 근거로 삼성전자의 HBM 공급 물량이 다음 분기에 확대되는 것으로 확인됐다는 내용이 후속 협의에서도 재확인됐다 재확인 관측…후속 협의 주목","엔비디아 실적과 AI 데이터센터 수요 관련 소식 이후, 엔비디아 실적을 근거로 삼성전자의 HBM 공급 물량이 다음 분기에 확대되는 것으로 확인됐다는 내용이 후속 협의에서도 재확인됐다는 소문이 사실처럼 유통되고 있다. 시장에서는 관련 수주·공급·실적 기대가 개선될 수 있다는 해석이 제기되고 있다. 관련 거래자들은 해당 주장에 따라 향후 수주·공급·실적 추정치를 다시 점검하는 모습이다.",synthetic_misinformation,엔비디아 실적을 근거로 삼성전자의 HBM 공급 물량이 다음 분기에 확대되는 것으로 확인됐다는 내용이 후속 협의에서도 재확인됐다,"엔비디아는 분기 매출 816억달러, 데이터센터 매출 750억달러를 발표했고 다음 분기 매출 전망을 910억달러로 제시했으나, 기사에는 중국 시장 변수가 남아 있다고도 보도됐다.",확인되지 않은 전망 또는 소문을 최종 확인된 결과처럼 단정한다.,"base, read, selected",True,sell,50
simulation_20260715_000826_158697_23249,2026-05-22,116,pm,A025,1,news_20260522_섹터_c79a5950,phasefake_20260522_Y02_B,"엔비디아 실적과 AI 데이터센터 수요, 엔비디아 실적을 근거로 삼성전자의 HBM 공급 물량이 다음 분기에 확대되는 것으로 확인됐다는 내용이 후속 협의에서도 재확인됐다 재확인 관측…후속 협의 주목","엔비디아 실적과 AI 데이터센터 수요 관련 소식 이후, 엔비디아 실적을 근거로 삼성전자의 HBM 공급 물량이 다음 분기에 확대되는 것으로 확인됐다는 내용이 후속 협의에서도 재확인됐다는 소문이 사실처럼 유통되고 있다. 시장에서는 관련 수주·공급·실적 기대가 개선될 수 있다는 해석이 제기되고 있다. 관련 거래자들은 해당 주장에 따라 향후 수주·공급·실적 추정치를 다시 점검하는 모습이다.",synthetic_misinformation,엔비디아 실적을 근거로 삼성전자의 HBM 공급 물량이 다음 분기에 확대되는 것으로 확인됐다는 내용이 후속 협의에서도 재확인됐다,"엔비디아는 분기 매출 816억달러, 데이터센터 매출 750억달러를 발표했고 다음 분기 매출 전망을 910억달러로 제시했으나, 기사에는 중국 시장 변수가 남아 있다고도 보도됐다.",확인되지 않은 전망 또는 소문을 최종 확인된 결과처럼 단정한다.,"base, read, selected",True,buy,100
simulation_20260715_000826_158697_23249,2026-05-22,116,pm,A023,0,news_20260522_섹터_c79a5950,phasefake_20260522_Y02_B,"엔비디아 실적과 AI 데이터센터 수요, 엔비디아 실적을 근거로 삼성전자의 HBM 공급 물량이 다음 분기에 확대되는 것으로 확인됐다는 내용이 후속 협의에서도 재확인됐다 재확인 관측…후속 협의 주목","엔비디아 실적과 AI 데이터센터 수요 관련 소식 이후, 엔비디아 실적을 근거로 삼성전자의 HBM 공급 물량이 다음 분기에 확대되는 것으로 확인됐다는 내용이 후속 협의에서도 재확인됐다는 소문이 사실처럼 유통되고 있다. 시장에서는 관련 수주·공급·실적 기대가 개선될 수 있다는 해석이 제기되고 있다. 관련 거래자들은 해당 주장에 따라 향후 수주·공급·실적 추정치를 다시 점검하는 모습이다.",synthetic_misinformation,엔비디아 실적을 근거로 삼성전자의 HBM 공급 물량이 다음 분기에 확대되는 것으로 확인됐다는 내용이 후속 협의에서도 재확인됐다,"엔비디아는 분기 매출 816억달러, 데이터센터 매출 750억달러를 발표했고 다음 분기 매출 전망을 910억달러로 제시했으나, 기사에는 중국 시장 변수가 남아 있다고도 보도됐다.",확인되지 않은 전망 또는 소문을 최종 확인된 결과처럼 단정한다.,"base, selected",True,buy,50
simulation_20260715_000826_158697_23249,2026-05-22,116,pm,A022,1,news_20260522_섹터_c79a5950,phasefake_20260522_Y02_B,"엔비디아 실적과 AI 데이터센터 수요, 엔비디아 실적을 근거로 삼성전자의 HBM 공급 물량이 다음 분기에 확대되는 것으로 확인됐다는 내용이 후속 협의에서도 재확인됐다 재확인 관측…후속 협의 주목","엔비디아 실적과 AI 데이터센터 수요 관련 소식 이후, 엔비디아 실적을 근거로 삼성전자의 HBM 공급 물량이 다음 분기에 확대되는 것으로 확인됐다는 내용이 후속 협의에서도 재확인됐다는 소문이 사실처럼 유통되고 있다. 시장에서는 관련 수주·공급·실적 기대가 개선될 수 있다는 해석이 제기되고 있다. 관련 거래자들은 해당 주장에 따라 향후 수주·공급·실적 추정치를 다시 점검하는 모습이다.",synthetic_misinformation,엔비디아 실적을 근거로 삼성전자의 HBM 공급 물량이 다음 분기에 확대되는 것으로 확인됐다는 내용이 후속 협의에서도 재확인됐다,"엔비디아는 분기 매출 816억달러, 데이터센터 매출 750억달러를 발표했고 다음 분기 매출 전망을 910억달러로 제시했으나, 기사에는 중국 시장 변수가 남아 있다고도 보도됐다.",확인되지 않은 전망 또는 소문을 최종 확인된 결과처럼 단정한다.,"base, read, selected",True,sell,98
simulation_20260715_000826_158697_23249,2026-05-22,116,pm,A006,1,news_20260522_섹터_c79a5950,phasefake_20260522_Y02_B,"엔비디아 실적과 AI 데이터센터 수요, 엔비디아 실적을 근거로 삼성전자의 HBM 공급 물량이 다음 분기에 확대되는 것으로 확인됐다는 내용이 후속 협의에서도 재확인됐다 재확인 관측…후속 협의 주목","엔비디아 실적과 AI 데이터센터 수요 관련 소식 이후, 엔비디아 실적을 근거로 삼성전자의 HBM 공급 물량이 다음 분기에 확대되는 것으로 확인됐다는 내용이 후속 협의에서도 재확인됐다는 소문이 사실처럼 유통되고 있다. 시장에서는 관련 수주·공급·실적 기대가 개선될 수 있다는 해석이 제기되고 있다. 관련 거래자들은 해당 주장에 따라 향후 수주·공급·실적 추정치를 다시 점검하는 모습이다.",synthetic_misinformation,엔비디아 실적을 근거로 삼성전자의 HBM 공급 물량이 다음 분기에 확대되는 것으로 확인됐다는 내용이 후속 협의에서도 재확인됐다,"엔비디아는 분기 매출 816억달러, 데이터센터 매출 750억달러를 발표했고 다음 분기 매출 전망을 910억달러로 제시했으나, 기사에는 중국 시장 변수가 남아 있다고도 보도됐다.",확인되지 않은 전망 또는 소문을 최종 확인된 결과처럼 단정한다.,"base, read, selected",True,sell,13
simulation_20260715_000826_158697_23249,2026-05-22,116,pm,A013,1,news_20260522_섹터_c79a5950,phasefake_20260522_Y02_B,"엔비디아 실적과 AI 데이터센터 수요, 엔비디아 실적을 근거로 삼성전자의 HBM 공급 물량이 다음 분기에 확대되는 것으로 확인됐다는 내용이 후속 협의에서도 재확인됐다 재확인 관측…후속 협의 주목","엔비디아 실적과 AI 데이터센터 수요 관련 소식 이후, 엔비디아 실적을 근거로 삼성전자의 HBM 공급 물량이 다음 분기에 확대되는 것으로 확인됐다는 내용이 후속 협의에서도 재확인됐다는 소문이 사실처럼 유통되고 있다. 시장에서는 관련 수주·공급·실적 기대가 개선될 수 있다는 해석이 제기되고 있다. 관련 거래자들은 해당 주장에 따라 향후 수주·공급·실적 추정치를 다시 점검하는 모습이다.",synthetic_misinformation,엔비디아 실적을 근거로 삼성전자의 HBM 공급 물량이 다음 분기에 확대되는 것으로 확인됐다는 내용이 후속 협의에서도 재확인됐다,"엔비디아는 분기 매출 816억달러, 데이터센터 매출 750억달러를 발표했고 다음 분기 매출 전망을 910억달러로 제시했으나, 기사에는 중국 시장 변수가 남아 있다고도 보도됐다.",확인되지 않은 전망 또는 소문을 최종 확인된 결과처럼 단정한다.,"base, read, selected",True,buy,38
simulation_20260715_000826_158697_23249,2026-05-22,116,pm,A024,0,news_20260522_섹터_c79a5950,phasefake_20260522_Y02_B,"엔비디아 실적과 AI 데이터센터 수요, 엔비디아 실적을 근거로 삼성전자의 HBM 공급 물량이 다음 분기에 확대되는 것으로 확인됐다는 내용이 후속 협의에서도 재확인됐다 재확인 관측…후속 협의 주목","엔비디아 실적과 AI 데이터센터 수요 관련 소식 이후, 엔비디아 실적을 근거로 삼성전자의 HBM 공급 물량이 다음 분기에 확대되는 것으로 확인됐다는 내용이 후속 협의에서도 재확인됐다는 소문이 사실처럼 유통되고 있다. 시장에서는 관련 수주·공급·실적 기대가 개선될 수 있다는 해석이 제기되고 있다. 관련 거래자들은 해당 주장에 따라 향후 수주·공급·실적 추정치를 다시 점검하는 모습이다.",synthetic_misinformation,엔비디아 실적을 근거로 삼성전자의 HBM 공급 물량이 다음 분기에 확대되는 것으로 확인됐다는 내용이 후속 협의에서도 재확인됐다,"엔비디아는 분기 매출 816억달러, 데이터센터 매출 750억달러를 발표했고 다음 분기 매출 전망을 910억달러로 제시했으나, 기사에는 중국 시장 변수가 남아 있다고도 보도됐다.",확인되지 않은 전망 또는 소문을 최종 확인된 결과처럼 단정한다.,base,False,buy,1
simulation_20260715_000826_158697_23249,2026-05-22,116,pm,A020,2,news_20260522_섹터_c79a5950,phasefake_20260522_Y02_B,"엔비디아 실적과 AI 데이터센터 수요, 엔비디아 실적을 근거로 삼성전자의 HBM 공급 물량이 다음 분기에 확대되는 것으로 확인됐다는 내용이 후속 협의에서도 재확인됐다 재확인 관측…후속 협의 주목","엔비디아 실적과 AI 데이터센터 수요 관련 소식 이후, 엔비디아 실적을 근거로 삼성전자의 HBM 공급 물량이 다음 분기에 확대되는 것으로 확인됐다는 내용이 후속 협의에서도 재확인됐다는 소문이 사실처럼 유통되고 있다. 시장에서는 관련 수주·공급·실적 기대가 개선될 수 있다는 해석이 제기되고 있다. 관련 거래자들은 해당 주장에 따라 향후 수주·공급·실적 추정치를 다시 점검하는 모습이다.",synthetic_misinformation,엔비디아 실적을 근거로 삼성전자의 HBM 공급 물량이 다음 분기에 확대되는 것으로 확인됐다는 내용이 후속 협의에서도 재확인됐다,"엔비디아는 분기 매출 816억달러, 데이터센터 매출 750억달러를 발표했고 다음 분기 매출 전망을 910억달러로 제시했으나, 기사에는 중국 시장 변수가 남아 있다고도 보도됐다.",확인되지 않은 전망 또는 소문을 최종 확인된 결과처럼 단정한다.,"base, read, selected",True,sell,50
simulation_20260715_000826_158697_23249,2026-05-22,116,pm,A015,2,news_20260522_섹터_c79a5950,phasefake_20260522_Y02_B,"엔비디아 실적과 AI 데이터센터 수요, 엔비디아 실적을 근거로 삼성전자의 HBM 공급 물량이 다음 분기에 확대되는 것으로 확인됐다는 내용이 후속 협의에서도 재확인됐다 재확인 관측…후속 협의 주목","엔비디아 실적과 AI 데이터센터 수요 관련 소식 이후, 엔비디아 실적을 근거로 삼성전자의 HBM 공급 물량이 다음 분기에 확대되는 것으로 확인됐다는 내용이 후속 협의에서도 재확인됐다는 소문이 사실처럼 유통되고 있다. 시장에서는 관련 수주·공급·실적 기대가 개선될 수 있다는 해석이 제기되고 있다. 관련 거래자들은 해당 주장에 따라 향후 수주·공급·실적 추정치를 다시 점검하는 모습이다.",synthetic_misinformation,엔비디아 실적을 근거로 삼성전자의 HBM 공급 물량이 다음 분기에 확대되는 것으로 확인됐다는 내용이 후속 협의에서도 재확인됐다,"엔비디아는 분기 매출 816억달러, 데이터센터 매출 750억달러를 발표했고 다음 분기 매출 전망을 910억달러로 제시했으나, 기사에는 중국 시장 변수가 남아 있다고도 보도됐다.",확인되지 않은 전망 또는 소문을 최종 확인된 결과처럼 단정한다.,"base, read, selected",True,buy,30
simulation_20260715_000826_158697_23249,2026-05-22,116,pm,A017,2,news_20260522_섹터_c79a5950,phasefake_20260522_Y02_B,"엔비디아 실적과 AI 데이터센터 수요, 엔비디아 실적을 근거로 삼성전자의 HBM 공급 물량이 다음 분기에 확대되는 것으로 확인됐다는 내용이 후속 협의에서도 재확인됐다 재확인 관측…후속 협의 주목","엔비디아 실적과 AI 데이터센터 수요 관련 소식 이후, 엔비디아 실적을 근거로 삼성전자의 HBM 공급 물량이 다음 분기에 확대되는 것으로 확인됐다는 내용이 후속 협의에서도 재확인됐다는 소문이 사실처럼 유통되고 있다. 시장에서는 관련 수주·공급·실적 기대가 개선될 수 있다는 해석이 제기되고 있다. 관련 거래자들은 해당 주장에 따라 향후 수주·공급·실적 추정치를 다시 점검하는 모습이다.",synthetic_misinformation,엔비디아 실적을 근거로 삼성전자의 HBM 공급 물량이 다음 분기에 확대되는 것으로 확인됐다는 내용이 후속 협의에서도 재확인됐다,"엔비디아는 분기 매출 816억달러, 데이터센터 매출 750억달러를 발표했고 다음 분기 매출 전망을 910억달러로 제시했으나, 기사에는 중국 시장 변수가 남아 있다고도 보도됐다.",확인되지 않은 전망 또는 소문을 최종 확인된 결과처럼 단정한다.,"base, read, selected",True,buy,100
simulation_20260715_000826_158697_23249,2026-05-22,116,pm,A001,1,news_20260522_섹터_c79a5950,phasefake_20260522_Y02_B,"엔비디아 실적과 AI 데이터센터 수요, 엔비디아 실적을 근거로 삼성전자의 HBM 공급 물량이 다음 분기에 확대되는 것으로 확인됐다는 내용이 후속 협의에서도 재확인됐다 재확인 관측…후속 협의 주목","엔비디아 실적과 AI 데이터센터 수요 관련 소식 이후, 엔비디아 실적을 근거로 삼성전자의 HBM 공급 물량이 다음 분기에 확대되는 것으로 확인됐다는 내용이 후속 협의에서도 재확인됐다는 소문이 사실처럼 유통되고 있다. 시장에서는 관련 수주·공급·실적 기대가 개선될 수 있다는 해석이 제기되고 있다. 관련 거래자들은 해당 주장에 따라 향후 수주·공급·실적 추정치를 다시 점검하는 모습이다.",synthetic_misinformation,엔비디아 실적을 근거로 삼성전자의 HBM 공급 물량이 다음 분기에 확대되는 것으로 확인됐다는 내용이 후속 협의에서도 재확인됐다,"엔비디아는 분기 매출 816억달러, 데이터센터 매출 750억달러를 발표했고 다음 분기 매출 전망을 910억달러로 제시했으나, 기사에는 중국 시장 변수가 남아 있다고도 보도됐다.",확인되지 않은 전망 또는 소문을 최종 확인된 결과처럼 단정한다.,"base, read, selected",True,sell,50
simulation_20260715_000826_158697_23249,2026-05-22,116,pm,A007,2,news_20260522_섹터_c79a5950,phasefake_20260522_Y02_B,"엔비디아 실적과 AI 데이터센터 수요, 엔비디아 실적을 근거로 삼성전자의 HBM 공급 물량이 다음 분기에 확대되는 것으로 확인됐다는 내용이 후속 협의에서도 재확인됐다 재확인 관측…후속 협의 주목","엔비디아 실적과 AI 데이터센터 수요 관련 소식 이후, 엔비디아 실적을 근거로 삼성전자의 HBM 공급 물량이 다음 분기에 확대되는 것으로 확인됐다는 내용이 후속 협의에서도 재확인됐다는 소문이 사실처럼 유통되고 있다. 시장에서는 관련 수주·공급·실적 기대가 개선될 수 있다는 해석이 제기되고 있다. 관련 거래자들은 해당 주장에 따라 향후 수주·공급·실적 추정치를 다시 점검하는 모습이다.",synthetic_misinformation,엔비디아 실적을 근거로 삼성전자의 HBM 공급 물량이 다음 분기에 확대되는 것으로 확인됐다는 내용이 후속 협의에서도 재확인됐다,"엔비디아는 분기 매출 816억달러, 데이터센터 매출 750억달러를 발표했고 다음 분기 매출 전망을 910억달러로 제시했으나, 기사에는 중국 시장 변수가 남아 있다고도 보도됐다.",확인되지 않은 전망 또는 소문을 최종 확인된 결과처럼 단정한다.,"base, read, selected",True,buy,50
simulation_20260715_000826_158697_23249,2026-05-26,118,pm,A012,1,news_20260526_섹터_21158ff2,phasefake_20260526_Y02_B,"엔비디아 실적과 AI 데이터센터 수요, 엔비디아 실적을 근거로 삼성전자의 HBM 공급 물량이 다음 분기에 확대되는 것으로 확인됐다는 내용이 향후 수주·공급·실적 추정에도 반영되고 있다 시장 반영설…추정치 재점검","엔비디아 실적과 AI 데이터센터 수요 관련 소식 이후, 엔비디아 실적을 근거로 삼성전자의 HBM 공급 물량이 다음 분기에 확대되는 것으로 확인됐다는 내용이 향후 수주·공급·실적 추정에도 반영되고 있다는 소문이 사실처럼 유통되고 있다. 시장에서는 관련 수주·공급·실적 기대가 개선될 수 있다는 해석이 제기되고 있다. 관련 거래자들은 해당 주장에 따라 향후 수주·공급·실적 추정치를 다시 점검하는 모습이다.",synthetic_misinformation,엔비디아 실적을 근거로 삼성전자의 HBM 공급 물량이 다음 분기에 확대되는 것으로 확인됐다는 내용이 향후 수주·공급·실적 추정에도 반영되고 있다,"엔비디아는 분기 매출 816억달러, 데이터센터 매출 750억달러를 발표했고 다음 분기 매출 전망을 910억달러로 제시했으나, 기사에는 중국 시장 변수가 남아 있다고도 보도됐다.",확인되지 않은 전망 또는 소문을 최종 확인된 결과처럼 단정한다.,"base, read, selected",True,buy,50
simulation_20260715_000826_158697_23249,2026-05-26,118,pm,A001,1,news_20260526_섹터_21158ff2,phasefake_20260526_Y02_B,"엔비디아 실적과 AI 데이터센터 수요, 엔비디아 실적을 근거로 삼성전자의 HBM 공급 물량이 다음 분기에 확대되는 것으로 확인됐다는 내용이 향후 수주·공급·실적 추정에도 반영되고 있다 시장 반영설…추정치 재점검","엔비디아 실적과 AI 데이터센터 수요 관련 소식 이후, 엔비디아 실적을 근거로 삼성전자의 HBM 공급 물량이 다음 분기에 확대되는 것으로 확인됐다는 내용이 향후 수주·공급·실적 추정에도 반영되고 있다는 소문이 사실처럼 유통되고 있다. 시장에서는 관련 수주·공급·실적 기대가 개선될 수 있다는 해석이 제기되고 있다. 관련 거래자들은 해당 주장에 따라 향후 수주·공급·실적 추정치를 다시 점검하는 모습이다.",synthetic_misinformation,엔비디아 실적을 근거로 삼성전자의 HBM 공급 물량이 다음 분기에 확대되는 것으로 확인됐다는 내용이 향후 수주·공급·실적 추정에도 반영되고 있다,"엔비디아는 분기 매출 816억달러, 데이터센터 매출 750억달러를 발표했고 다음 분기 매출 전망을 910억달러로 제시했으나, 기사에는 중국 시장 변수가 남아 있다고도 보도됐다.",확인되지 않은 전망 또는 소문을 최종 확인된 결과처럼 단정한다.,"base, read, selected",True,buy,100
simulation_20260715_000826_158697_23249,2026-05-26,118,pm,A008,1,news_20260526_섹터_21158ff2,phasefake_20260526_Y02_B,"엔비디아 실적과 AI 데이터센터 수요, 엔비디아 실적을 근거로 삼성전자의 HBM 공급 물량이 다음 분기에 확대되는 것으로 확인됐다는 내용이 향후 수주·공급·실적 추정에도 반영되고 있다 시장 반영설…추정치 재점검","엔비디아 실적과 AI 데이터센터 수요 관련 소식 이후, 엔비디아 실적을 근거로 삼성전자의 HBM 공급 물량이 다음 분기에 확대되는 것으로 확인됐다는 내용이 향후 수주·공급·실적 추정에도 반영되고 있다는 소문이 사실처럼 유통되고 있다. 시장에서는 관련 수주·공급·실적 기대가 개선될 수 있다는 해석이 제기되고 있다. 관련 거래자들은 해당 주장에 따라 향후 수주·공급·실적 추정치를 다시 점검하는 모습이다.",synthetic_misinformation,엔비디아 실적을 근거로 삼성전자의 HBM 공급 물량이 다음 분기에 확대되는 것으로 확인됐다는 내용이 향후 수주·공급·실적 추정에도 반영되고 있다,"엔비디아는 분기 매출 816억달러, 데이터센터 매출 750억달러를 발표했고 다음 분기 매출 전망을 910억달러로 제시했으나, 기사에는 중국 시장 변수가 남아 있다고도 보도됐다.",확인되지 않은 전망 또는 소문을 최종 확인된 결과처럼 단정한다.,"base, read, selected",True,buy,6
simulation_20260715_000826_158697_23249,2026-05-26,118,pm,A028,0,news_20260526_섹터_21158ff2,phasefake_20260526_Y02_B,"엔비디아 실적과 AI 데이터센터 수요, 엔비디아 실적을 근거로 삼성전자의 HBM 공급 물량이 다음 분기에 확대되는 것으로 확인됐다는 내용이 향후 수주·공급·실적 추정에도 반영되고 있다 시장 반영설…추정치 재점검","엔비디아 실적과 AI 데이터센터 수요 관련 소식 이후, 엔비디아 실적을 근거로 삼성전자의 HBM 공급 물량이 다음 분기에 확대되는 것으로 확인됐다는 내용이 향후 수주·공급·실적 추정에도 반영되고 있다는 소문이 사실처럼 유통되고 있다. 시장에서는 관련 수주·공급·실적 기대가 개선될 수 있다는 해석이 제기되고 있다. 관련 거래자들은 해당 주장에 따라 향후 수주·공급·실적 추정치를 다시 점검하는 모습이다.",synthetic_misinformation,엔비디아 실적을 근거로 삼성전자의 HBM 공급 물량이 다음 분기에 확대되는 것으로 확인됐다는 내용이 향후 수주·공급·실적 추정에도 반영되고 있다,"엔비디아는 분기 매출 816억달러, 데이터센터 매출 750억달러를 발표했고 다음 분기 매출 전망을 910억달러로 제시했으나, 기사에는 중국 시장 변수가 남아 있다고도 보도됐다.",확인되지 않은 전망 또는 소문을 최종 확인된 결과처럼 단정한다.,"base, selected",True,buy,5
simulation_20260715_000826_158697_23249,2026-05-26,118,pm,A004,1,news_20260526_섹터_21158ff2,phasefake_20260526_Y02_B,"엔비디아 실적과 AI 데이터센터 수요, 엔비디아 실적을 근거로 삼성전자의 HBM 공급 물량이 다음 분기에 확대되는 것으로 확인됐다는 내용이 향후 수주·공급·실적 추정에도 반영되고 있다 시장 반영설…추정치 재점검","엔비디아 실적과 AI 데이터센터 수요 관련 소식 이후, 엔비디아 실적을 근거로 삼성전자의 HBM 공급 물량이 다음 분기에 확대되는 것으로 확인됐다는 내용이 향후 수주·공급·실적 추정에도 반영되고 있다는 소문이 사실처럼 유통되고 있다. 시장에서는 관련 수주·공급·실적 기대가 개선될 수 있다는 해석이 제기되고 있다. 관련 거래자들은 해당 주장에 따라 향후 수주·공급·실적 추정치를 다시 점검하는 모습이다.",synthetic_misinformation,엔비디아 실적을 근거로 삼성전자의 HBM 공급 물량이 다음 분기에 확대되는 것으로 확인됐다는 내용이 향후 수주·공급·실적 추정에도 반영되고 있다,"엔비디아는 분기 매출 816억달러, 데이터센터 매출 750억달러를 발표했고 다음 분기 매출 전망을 910억달러로 제시했으나, 기사에는 중국 시장 변수가 남아 있다고도 보도됐다.",확인되지 않은 전망 또는 소문을 최종 확인된 결과처럼 단정한다.,"base, read, selected",True,buy,100
simulation_20260715_000826_158697_23249,2026-05-26,118,pm,A024,0,news_20260526_섹터_21158ff2,phasefake_20260526_Y02_B,"엔비디아 실적과 AI 데이터센터 수요, 엔비디아 실적을 근거로 삼성전자의 HBM 공급 물량이 다음 분기에 확대되는 것으로 확인됐다는 내용이 향후 수주·공급·실적 추정에도 반영되고 있다 시장 반영설…추정치 재점검","엔비디아 실적과 AI 데이터센터 수요 관련 소식 이후, 엔비디아 실적을 근거로 삼성전자의 HBM 공급 물량이 다음 분기에 확대되는 것으로 확인됐다는 내용이 향후 수주·공급·실적 추정에도 반영되고 있다는 소문이 사실처럼 유통되고 있다. 시장에서는 관련 수주·공급·실적 기대가 개선될 수 있다는 해석이 제기되고 있다. 관련 거래자들은 해당 주장에 따라 향후 수주·공급·실적 추정치를 다시 점검하는 모습이다.",synthetic_misinformation,엔비디아 실적을 근거로 삼성전자의 HBM 공급 물량이 다음 분기에 확대되는 것으로 확인됐다는 내용이 향후 수주·공급·실적 추정에도 반영되고 있다,"엔비디아는 분기 매출 816억달러, 데이터센터 매출 750억달러를 발표했고 다음 분기 매출 전망을 910억달러로 제시했으나, 기사에는 중국 시장 변수가 남아 있다고도 보도됐다.",확인되지 않은 전망 또는 소문을 최종 확인된 결과처럼 단정한다.,"base, selected",True,buy,1
simulation_20260715_000826_158697_23249,2026-05-26,118,pm,A010,1,news_20260526_섹터_21158ff2,phasefake_20260526_Y02_B,"엔비디아 실적과 AI 데이터센터 수요, 엔비디아 실적을 근거로 삼성전자의 HBM 공급 물량이 다음 분기에 확대되는 것으로 확인됐다는 내용이 향후 수주·공급·실적 추정에도 반영되고 있다 시장 반영설…추정치 재점검","엔비디아 실적과 AI 데이터센터 수요 관련 소식 이후, 엔비디아 실적을 근거로 삼성전자의 HBM 공급 물량이 다음 분기에 확대되는 것으로 확인됐다는 내용이 향후 수주·공급·실적 추정에도 반영되고 있다는 소문이 사실처럼 유통되고 있다. 시장에서는 관련 수주·공급·실적 기대가 개선될 수 있다는 해석이 제기되고 있다. 관련 거래자들은 해당 주장에 따라 향후 수주·공급·실적 추정치를 다시 점검하는 모습이다.",synthetic_misinformation,엔비디아 실적을 근거로 삼성전자의 HBM 공급 물량이 다음 분기에 확대되는 것으로 확인됐다는 내용이 향후 수주·공급·실적 추정에도 반영되고 있다,"엔비디아는 분기 매출 816억달러, 데이터센터 매출 750억달러를 발표했고 다음 분기 매출 전망을 910억달러로 제시했으나, 기사에는 중국 시장 변수가 남아 있다고도 보도됐다.",확인되지 않은 전망 또는 소문을 최종 확인된 결과처럼 단정한다.,"base, read, selected",True,buy,69
simulation_20260715_000826_158697_23249,2026-05-26,118,pm,A011,1,news_20260526_섹터_21158ff2,phasefake_20260526_Y02_B,"엔비디아 실적과 AI 데이터센터 수요, 엔비디아 실적을 근거로 삼성전자의 HBM 공급 물량이 다음 분기에 확대되는 것으로 확인됐다는 내용이 향후 수주·공급·실적 추정에도 반영되고 있다 시장 반영설…추정치 재점검","엔비디아 실적과 AI 데이터센터 수요 관련 소식 이후, 엔비디아 실적을 근거로 삼성전자의 HBM 공급 물량이 다음 분기에 확대되는 것으로 확인됐다는 내용이 향후 수주·공급·실적 추정에도 반영되고 있다는 소문이 사실처럼 유통되고 있다. 시장에서는 관련 수주·공급·실적 기대가 개선될 수 있다는 해석이 제기되고 있다. 관련 거래자들은 해당 주장에 따라 향후 수주·공급·실적 추정치를 다시 점검하는 모습이다.",synthetic_misinformation,엔비디아 실적을 근거로 삼성전자의 HBM 공급 물량이 다음 분기에 확대되는 것으로 확인됐다는 내용이 향후 수주·공급·실적 추정에도 반영되고 있다,"엔비디아는 분기 매출 816억달러, 데이터센터 매출 750억달러를 발표했고 다음 분기 매출 전망을 910억달러로 제시했으나, 기사에는 중국 시장 변수가 남아 있다고도 보도됐다.",확인되지 않은 전망 또는 소문을 최종 확인된 결과처럼 단정한다.,"base, read, selected",True,buy,5
simulation_20260715_000826_158697_23249,2026-05-26,118,pm,A003,1,news_20260526_섹터_21158ff2,phasefake_20260526_Y02_B,"엔비디아 실적과 AI 데이터센터 수요, 엔비디아 실적을 근거로 삼성전자의 HBM 공급 물량이 다음 분기에 확대되는 것으로 확인됐다는 내용이 향후 수주·공급·실적 추정에도 반영되고 있다 시장 반영설…추정치 재점검","엔비디아 실적과 AI 데이터센터 수요 관련 소식 이후, 엔비디아 실적을 근거로 삼성전자의 HBM 공급 물량이 다음 분기에 확대되는 것으로 확인됐다는 내용이 향후 수주·공급·실적 추정에도 반영되고 있다는 소문이 사실처럼 유통되고 있다. 시장에서는 관련 수주·공급·실적 기대가 개선될 수 있다는 해석이 제기되고 있다. 관련 거래자들은 해당 주장에 따라 향후 수주·공급·실적 추정치를 다시 점검하는 모습이다.",synthetic_misinformation,엔비디아 실적을 근거로 삼성전자의 HBM 공급 물량이 다음 분기에 확대되는 것으로 확인됐다는 내용이 향후 수주·공급·실적 추정에도 반영되고 있다,"엔비디아는 분기 매출 816억달러, 데이터센터 매출 750억달러를 발표했고 다음 분기 매출 전망을 910억달러로 제시했으나, 기사에는 중국 시장 변수가 남아 있다고도 보도됐다.",확인되지 않은 전망 또는 소문을 최종 확인된 결과처럼 단정한다.,"base, read, selected",True,sell,1
simulation_20260715_000826_158697_23249,2026-05-26,118,pm,A030,0,news_20260526_섹터_21158ff2,phasefake_20260526_Y02_B,"엔비디아 실적과 AI 데이터센터 수요, 엔비디아 실적을 근거로 삼성전자의 HBM 공급 물량이 다음 분기에 확대되는 것으로 확인됐다는 내용이 향후 수주·공급·실적 추정에도 반영되고 있다 시장 반영설…추정치 재점검","엔비디아 실적과 AI 데이터센터 수요 관련 소식 이후, 엔비디아 실적을 근거로 삼성전자의 HBM 공급 물량이 다음 분기에 확대되는 것으로 확인됐다는 내용이 향후 수주·공급·실적 추정에도 반영되고 있다는 소문이 사실처럼 유통되고 있다. 시장에서는 관련 수주·공급·실적 기대가 개선될 수 있다는 해석이 제기되고 있다. 관련 거래자들은 해당 주장에 따라 향후 수주·공급·실적 추정치를 다시 점검하는 모습이다.",synthetic_misinformation,엔비디아 실적을 근거로 삼성전자의 HBM 공급 물량이 다음 분기에 확대되는 것으로 확인됐다는 내용이 향후 수주·공급·실적 추정에도 반영되고 있다,"엔비디아는 분기 매출 816억달러, 데이터센터 매출 750억달러를 발표했고 다음 분기 매출 전망을 910억달러로 제시했으나, 기사에는 중국 시장 변수가 남아 있다고도 보도됐다.",확인되지 않은 전망 또는 소문을 최종 확인된 결과처럼 단정한다.,"base, selected",True,buy,50
simulation_20260715_000826_158697_23249,2026-05-26,118,pm,A019,1,news_20260526_섹터_21158ff2,phasefake_20260526_Y02_B,"엔비디아 실적과 AI 데이터센터 수요, 엔비디아 실적을 근거로 삼성전자의 HBM 공급 물량이 다음 분기에 확대되는 것으로 확인됐다는 내용이 향후 수주·공급·실적 추정에도 반영되고 있다 시장 반영설…추정치 재점검","엔비디아 실적과 AI 데이터센터 수요 관련 소식 이후, 엔비디아 실적을 근거로 삼성전자의 HBM 공급 물량이 다음 분기에 확대되는 것으로 확인됐다는 내용이 향후 수주·공급·실적 추정에도 반영되고 있다는 소문이 사실처럼 유통되고 있다. 시장에서는 관련 수주·공급·실적 기대가 개선될 수 있다는 해석이 제기되고 있다. 관련 거래자들은 해당 주장에 따라 향후 수주·공급·실적 추정치를 다시 점검하는 모습이다.",synthetic_misinformation,엔비디아 실적을 근거로 삼성전자의 HBM 공급 물량이 다음 분기에 확대되는 것으로 확인됐다는 내용이 향후 수주·공급·실적 추정에도 반영되고 있다,"엔비디아는 분기 매출 816억달러, 데이터센터 매출 750억달러를 발표했고 다음 분기 매출 전망을 910억달러로 제시했으나, 기사에는 중국 시장 변수가 남아 있다고도 보도됐다.",확인되지 않은 전망 또는 소문을 최종 확인된 결과처럼 단정한다.,"base, read, selected",True,buy,100
simulation_20260715_000826_158697_23249,2026-05-26,118,pm,A009,0,news_20260526_섹터_21158ff2,phasefake_20260526_Y02_B,"엔비디아 실적과 AI 데이터센터 수요, 엔비디아 실적을 근거로 삼성전자의 HBM 공급 물량이 다음 분기에 확대되는 것으로 확인됐다는 내용이 향후 수주·공급·실적 추정에도 반영되고 있다 시장 반영설…추정치 재점검","엔비디아 실적과 AI 데이터센터 수요 관련 소식 이후, 엔비디아 실적을 근거로 삼성전자의 HBM 공급 물량이 다음 분기에 확대되는 것으로 확인됐다는 내용이 향후 수주·공급·실적 추정에도 반영되고 있다는 소문이 사실처럼 유통되고 있다. 시장에서는 관련 수주·공급·실적 기대가 개선될 수 있다는 해석이 제기되고 있다. 관련 거래자들은 해당 주장에 따라 향후 수주·공급·실적 추정치를 다시 점검하는 모습이다.",synthetic_misinformation,엔비디아 실적을 근거로 삼성전자의 HBM 공급 물량이 다음 분기에 확대되는 것으로 확인됐다는 내용이 향후 수주·공급·실적 추정에도 반영되고 있다,"엔비디아는 분기 매출 816억달러, 데이터센터 매출 750억달러를 발표했고 다음 분기 매출 전망을 910억달러로 제시했으나, 기사에는 중국 시장 변수가 남아 있다고도 보도됐다.",확인되지 않은 전망 또는 소문을 최종 확인된 결과처럼 단정한다.,"base, selected",True,sell,7
simulation_20260715_000826_158697_23249,2026-05-26,118,pm,A022,1,news_20260526_섹터_21158ff2,phasefake_20260526_Y02_B,"엔비디아 실적과 AI 데이터센터 수요, 엔비디아 실적을 근거로 삼성전자의 HBM 공급 물량이 다음 분기에 확대되는 것으로 확인됐다는 내용이 향후 수주·공급·실적 추정에도 반영되고 있다 시장 반영설…추정치 재점검","엔비디아 실적과 AI 데이터센터 수요 관련 소식 이후, 엔비디아 실적을 근거로 삼성전자의 HBM 공급 물량이 다음 분기에 확대되는 것으로 확인됐다는 내용이 향후 수주·공급·실적 추정에도 반영되고 있다는 소문이 사실처럼 유통되고 있다. 시장에서는 관련 수주·공급·실적 기대가 개선될 수 있다는 해석이 제기되고 있다. 관련 거래자들은 해당 주장에 따라 향후 수주·공급·실적 추정치를 다시 점검하는 모습이다.",synthetic_misinformation,엔비디아 실적을 근거로 삼성전자의 HBM 공급 물량이 다음 분기에 확대되는 것으로 확인됐다는 내용이 향후 수주·공급·실적 추정에도 반영되고 있다,"엔비디아는 분기 매출 816억달러, 데이터센터 매출 750억달러를 발표했고 다음 분기 매출 전망을 910억달러로 제시했으나, 기사에는 중국 시장 변수가 남아 있다고도 보도됐다.",확인되지 않은 전망 또는 소문을 최종 확인된 결과처럼 단정한다.,"base, read",False,buy,50
simulation_20260715_000826_158697_23249,2026-05-26,118,pm,A025,1,news_20260526_섹터_21158ff2,phasefake_20260526_Y02_B,"엔비디아 실적과 AI 데이터센터 수요, 엔비디아 실적을 근거로 삼성전자의 HBM 공급 물량이 다음 분기에 확대되는 것으로 확인됐다는 내용이 향후 수주·공급·실적 추정에도 반영되고 있다 시장 반영설…추정치 재점검","엔비디아 실적과 AI 데이터센터 수요 관련 소식 이후, 엔비디아 실적을 근거로 삼성전자의 HBM 공급 물량이 다음 분기에 확대되는 것으로 확인됐다는 내용이 향후 수주·공급·실적 추정에도 반영되고 있다는 소문이 사실처럼 유통되고 있다. 시장에서는 관련 수주·공급·실적 기대가 개선될 수 있다는 해석이 제기되고 있다. 관련 거래자들은 해당 주장에 따라 향후 수주·공급·실적 추정치를 다시 점검하는 모습이다.",synthetic_misinformation,엔비디아 실적을 근거로 삼성전자의 HBM 공급 물량이 다음 분기에 확대되는 것으로 확인됐다는 내용이 향후 수주·공급·실적 추정에도 반영되고 있다,"엔비디아는 분기 매출 816억달러, 데이터센터 매출 750억달러를 발표했고 다음 분기 매출 전망을 910억달러로 제시했으나, 기사에는 중국 시장 변수가 남아 있다고도 보도됐다.",확인되지 않은 전망 또는 소문을 최종 확인된 결과처럼 단정한다.,"base, read, selected",True,buy,100
simulation_20260715_000826_158697_23249,2026-05-26,118,pm,A013,1,news_20260526_섹터_21158ff2,phasefake_20260526_Y02_B,"엔비디아 실적과 AI 데이터센터 수요, 엔비디아 실적을 근거로 삼성전자의 HBM 공급 물량이 다음 분기에 확대되는 것으로 확인됐다는 내용이 향후 수주·공급·실적 추정에도 반영되고 있다 시장 반영설…추정치 재점검","엔비디아 실적과 AI 데이터센터 수요 관련 소식 이후, 엔비디아 실적을 근거로 삼성전자의 HBM 공급 물량이 다음 분기에 확대되는 것으로 확인됐다는 내용이 향후 수주·공급·실적 추정에도 반영되고 있다는 소문이 사실처럼 유통되고 있다. 시장에서는 관련 수주·공급·실적 기대가 개선될 수 있다는 해석이 제기되고 있다. 관련 거래자들은 해당 주장에 따라 향후 수주·공급·실적 추정치를 다시 점검하는 모습이다.",synthetic_misinformation,엔비디아 실적을 근거로 삼성전자의 HBM 공급 물량이 다음 분기에 확대되는 것으로 확인됐다는 내용이 향후 수주·공급·실적 추정에도 반영되고 있다,"엔비디아는 분기 매출 816억달러, 데이터센터 매출 750억달러를 발표했고 다음 분기 매출 전망을 910억달러로 제시했으나, 기사에는 중국 시장 변수가 남아 있다고도 보도됐다.",확인되지 않은 전망 또는 소문을 최종 확인된 결과처럼 단정한다.,"base, read, selected",True,buy,28
simulation_20260715_000826_158697_23249,2026-05-26,118,pm,A026,1,news_20260526_섹터_21158ff2,phasefake_20260526_Y02_B,"엔비디아 실적과 AI 데이터센터 수요, 엔비디아 실적을 근거로 삼성전자의 HBM 공급 물량이 다음 분기에 확대되는 것으로 확인됐다는 내용이 향후 수주·공급·실적 추정에도 반영되고 있다 시장 반영설…추정치 재점검","엔비디아 실적과 AI 데이터센터 수요 관련 소식 이후, 엔비디아 실적을 근거로 삼성전자의 HBM 공급 물량이 다음 분기에 확대되는 것으로 확인됐다는 내용이 향후 수주·공급·실적 추정에도 반영되고 있다는 소문이 사실처럼 유통되고 있다. 시장에서는 관련 수주·공급·실적 기대가 개선될 수 있다는 해석이 제기되고 있다. 관련 거래자들은 해당 주장에 따라 향후 수주·공급·실적 추정치를 다시 점검하는 모습이다.",synthetic_misinformation,엔비디아 실적을 근거로 삼성전자의 HBM 공급 물량이 다음 분기에 확대되는 것으로 확인됐다는 내용이 향후 수주·공급·실적 추정에도 반영되고 있다,"엔비디아는 분기 매출 816억달러, 데이터센터 매출 750억달러를 발표했고 다음 분기 매출 전망을 910억달러로 제시했으나, 기사에는 중국 시장 변수가 남아 있다고도 보도됐다.",확인되지 않은 전망 또는 소문을 최종 확인된 결과처럼 단정한다.,"base, read, selected",True,buy,10
simulation_20260715_000826_158697_23249,2026-05-26,118,pm,A014,1,news_20260526_섹터_21158ff2,phasefake_20260526_Y02_B,"엔비디아 실적과 AI 데이터센터 수요, 엔비디아 실적을 근거로 삼성전자의 HBM 공급 물량이 다음 분기에 확대되는 것으로 확인됐다는 내용이 향후 수주·공급·실적 추정에도 반영되고 있다 시장 반영설…추정치 재점검","엔비디아 실적과 AI 데이터센터 수요 관련 소식 이후, 엔비디아 실적을 근거로 삼성전자의 HBM 공급 물량이 다음 분기에 확대되는 것으로 확인됐다는 내용이 향후 수주·공급·실적 추정에도 반영되고 있다는 소문이 사실처럼 유통되고 있다. 시장에서는 관련 수주·공급·실적 기대가 개선될 수 있다는 해석이 제기되고 있다. 관련 거래자들은 해당 주장에 따라 향후 수주·공급·실적 추정치를 다시 점검하는 모습이다.",synthetic_misinformation,엔비디아 실적을 근거로 삼성전자의 HBM 공급 물량이 다음 분기에 확대되는 것으로 확인됐다는 내용이 향후 수주·공급·실적 추정에도 반영되고 있다,"엔비디아는 분기 매출 816억달러, 데이터센터 매출 750억달러를 발표했고 다음 분기 매출 전망을 910억달러로 제시했으나, 기사에는 중국 시장 변수가 남아 있다고도 보도됐다.",확인되지 않은 전망 또는 소문을 최종 확인된 결과처럼 단정한다.,"base, read, selected",True,sell,50
simulation_20260715_000826_158697_23249,2026-05-26,118,pm,A027,1,news_20260526_섹터_21158ff2,phasefake_20260526_Y02_B,"엔비디아 실적과 AI 데이터센터 수요, 엔비디아 실적을 근거로 삼성전자의 HBM 공급 물량이 다음 분기에 확대되는 것으로 확인됐다는 내용이 향후 수주·공급·실적 추정에도 반영되고 있다 시장 반영설…추정치 재점검","엔비디아 실적과 AI 데이터센터 수요 관련 소식 이후, 엔비디아 실적을 근거로 삼성전자의 HBM 공급 물량이 다음 분기에 확대되는 것으로 확인됐다는 내용이 향후 수주·공급·실적 추정에도 반영되고 있다는 소문이 사실처럼 유통되고 있다. 시장에서는 관련 수주·공급·실적 기대가 개선될 수 있다는 해석이 제기되고 있다. 관련 거래자들은 해당 주장에 따라 향후 수주·공급·실적 추정치를 다시 점검하는 모습이다.",synthetic_misinformation,엔비디아 실적을 근거로 삼성전자의 HBM 공급 물량이 다음 분기에 확대되는 것으로 확인됐다는 내용이 향후 수주·공급·실적 추정에도 반영되고 있다,"엔비디아는 분기 매출 816억달러, 데이터센터 매출 750억달러를 발표했고 다음 분기 매출 전망을 910억달러로 제시했으나, 기사에는 중국 시장 변수가 남아 있다고도 보도됐다.",확인되지 않은 전망 또는 소문을 최종 확인된 결과처럼 단정한다.,"base, read, selected",True,buy,105
simulation_20260715_000826_158697_23249,2026-05-26,118,pm,A006,1,news_20260526_섹터_21158ff2,phasefake_20260526_Y02_B,"엔비디아 실적과 AI 데이터센터 수요, 엔비디아 실적을 근거로 삼성전자의 HBM 공급 물량이 다음 분기에 확대되는 것으로 확인됐다는 내용이 향후 수주·공급·실적 추정에도 반영되고 있다 시장 반영설…추정치 재점검","엔비디아 실적과 AI 데이터센터 수요 관련 소식 이후, 엔비디아 실적을 근거로 삼성전자의 HBM 공급 물량이 다음 분기에 확대되는 것으로 확인됐다는 내용이 향후 수주·공급·실적 추정에도 반영되고 있다는 소문이 사실처럼 유통되고 있다. 시장에서는 관련 수주·공급·실적 기대가 개선될 수 있다는 해석이 제기되고 있다. 관련 거래자들은 해당 주장에 따라 향후 수주·공급·실적 추정치를 다시 점검하는 모습이다.",synthetic_misinformation,엔비디아 실적을 근거로 삼성전자의 HBM 공급 물량이 다음 분기에 확대되는 것으로 확인됐다는 내용이 향후 수주·공급·실적 추정에도 반영되고 있다,"엔비디아는 분기 매출 816억달러, 데이터센터 매출 750억달러를 발표했고 다음 분기 매출 전망을 910억달러로 제시했으나, 기사에는 중국 시장 변수가 남아 있다고도 보도됐다.",확인되지 않은 전망 또는 소문을 최종 확인된 결과처럼 단정한다.,"base, read, selected",True,buy,100
simulation_20260715_000826_158697_23249,2026-05-26,118,pm,A016,0,news_20260526_섹터_21158ff2,phasefake_20260526_Y02_B,"엔비디아 실적과 AI 데이터센터 수요, 엔비디아 실적을 근거로 삼성전자의 HBM 공급 물량이 다음 분기에 확대되는 것으로 확인됐다는 내용이 향후 수주·공급·실적 추정에도 반영되고 있다 시장 반영설…추정치 재점검","엔비디아 실적과 AI 데이터센터 수요 관련 소식 이후, 엔비디아 실적을 근거로 삼성전자의 HBM 공급 물량이 다음 분기에 확대되는 것으로 확인됐다는 내용이 향후 수주·공급·실적 추정에도 반영되고 있다는 소문이 사실처럼 유통되고 있다. 시장에서는 관련 수주·공급·실적 기대가 개선될 수 있다는 해석이 제기되고 있다. 관련 거래자들은 해당 주장에 따라 향후 수주·공급·실적 추정치를 다시 점검하는 모습이다.",synthetic_misinformation,엔비디아 실적을 근거로 삼성전자의 HBM 공급 물량이 다음 분기에 확대되는 것으로 확인됐다는 내용이 향후 수주·공급·실적 추정에도 반영되고 있다,"엔비디아는 분기 매출 816억달러, 데이터센터 매출 750억달러를 발표했고 다음 분기 매출 전망을 910억달러로 제시했으나, 기사에는 중국 시장 변수가 남아 있다고도 보도됐다.",확인되지 않은 전망 또는 소문을 최종 확인된 결과처럼 단정한다.,"base, selected",True,buy,50
simulation_20260715_000826_158697_23249,2026-05-26,118,pm,A005,1,news_20260526_섹터_21158ff2,phasefake_20260526_Y02_B,"엔비디아 실적과 AI 데이터센터 수요, 엔비디아 실적을 근거로 삼성전자의 HBM 공급 물량이 다음 분기에 확대되는 것으로 확인됐다는 내용이 향후 수주·공급·실적 추정에도 반영되고 있다 시장 반영설…추정치 재점검","엔비디아 실적과 AI 데이터센터 수요 관련 소식 이후, 엔비디아 실적을 근거로 삼성전자의 HBM 공급 물량이 다음 분기에 확대되는 것으로 확인됐다는 내용이 향후 수주·공급·실적 추정에도 반영되고 있다는 소문이 사실처럼 유통되고 있다. 시장에서는 관련 수주·공급·실적 기대가 개선될 수 있다는 해석이 제기되고 있다. 관련 거래자들은 해당 주장에 따라 향후 수주·공급·실적 추정치를 다시 점검하는 모습이다.",synthetic_misinformation,엔비디아 실적을 근거로 삼성전자의 HBM 공급 물량이 다음 분기에 확대되는 것으로 확인됐다는 내용이 향후 수주·공급·실적 추정에도 반영되고 있다,"엔비디아는 분기 매출 816억달러, 데이터센터 매출 750억달러를 발표했고 다음 분기 매출 전망을 910억달러로 제시했으나, 기사에는 중국 시장 변수가 남아 있다고도 보도됐다.",확인되지 않은 전망 또는 소문을 최종 확인된 결과처럼 단정한다.,"base, read, selected",True,buy,80
simulation_20260715_000826_158697_23249,2026-05-26,118,pm,A023,0,news_20260526_섹터_21158ff2,phasefake_20260526_Y02_B,"엔비디아 실적과 AI 데이터센터 수요, 엔비디아 실적을 근거로 삼성전자의 HBM 공급 물량이 다음 분기에 확대되는 것으로 확인됐다는 내용이 향후 수주·공급·실적 추정에도 반영되고 있다 시장 반영설…추정치 재점검","엔비디아 실적과 AI 데이터센터 수요 관련 소식 이후, 엔비디아 실적을 근거로 삼성전자의 HBM 공급 물량이 다음 분기에 확대되는 것으로 확인됐다는 내용이 향후 수주·공급·실적 추정에도 반영되고 있다는 소문이 사실처럼 유통되고 있다. 시장에서는 관련 수주·공급·실적 기대가 개선될 수 있다는 해석이 제기되고 있다. 관련 거래자들은 해당 주장에 따라 향후 수주·공급·실적 추정치를 다시 점검하는 모습이다.",synthetic_misinformation,엔비디아 실적을 근거로 삼성전자의 HBM 공급 물량이 다음 분기에 확대되는 것으로 확인됐다는 내용이 향후 수주·공급·실적 추정에도 반영되고 있다,"엔비디아는 분기 매출 816억달러, 데이터센터 매출 750억달러를 발표했고 다음 분기 매출 전망을 910억달러로 제시했으나, 기사에는 중국 시장 변수가 남아 있다고도 보도됐다.",확인되지 않은 전망 또는 소문을 최종 확인된 결과처럼 단정한다.,"base, selected",True,buy,100
simulation_20260715_000826_158697_23249,2026-05-26,118,pm,A029,0,news_20260526_섹터_21158ff2,phasefake_20260526_Y02_B,"엔비디아 실적과 AI 데이터센터 수요, 엔비디아 실적을 근거로 삼성전자의 HBM 공급 물량이 다음 분기에 확대되는 것으로 확인됐다는 내용이 향후 수주·공급·실적 추정에도 반영되고 있다 시장 반영설…추정치 재점검","엔비디아 실적과 AI 데이터센터 수요 관련 소식 이후, 엔비디아 실적을 근거로 삼성전자의 HBM 공급 물량이 다음 분기에 확대되는 것으로 확인됐다는 내용이 향후 수주·공급·실적 추정에도 반영되고 있다는 소문이 사실처럼 유통되고 있다. 시장에서는 관련 수주·공급·실적 기대가 개선될 수 있다는 해석이 제기되고 있다. 관련 거래자들은 해당 주장에 따라 향후 수주·공급·실적 추정치를 다시 점검하는 모습이다.",synthetic_misinformation,엔비디아 실적을 근거로 삼성전자의 HBM 공급 물량이 다음 분기에 확대되는 것으로 확인됐다는 내용이 향후 수주·공급·실적 추정에도 반영되고 있다,"엔비디아는 분기 매출 816억달러, 데이터센터 매출 750억달러를 발표했고 다음 분기 매출 전망을 910억달러로 제시했으나, 기사에는 중국 시장 변수가 남아 있다고도 보도됐다.",확인되지 않은 전망 또는 소문을 최종 확인된 결과처럼 단정한다.,"base, selected",True,sell,6
simulation_20260715_000826_158697_23249,2026-05-26,118,pm,A018,0,news_20260526_섹터_21158ff2,phasefake_20260526_Y02_B,"엔비디아 실적과 AI 데이터센터 수요, 엔비디아 실적을 근거로 삼성전자의 HBM 공급 물량이 다음 분기에 확대되는 것으로 확인됐다는 내용이 향후 수주·공급·실적 추정에도 반영되고 있다 시장 반영설…추정치 재점검","엔비디아 실적과 AI 데이터센터 수요 관련 소식 이후, 엔비디아 실적을 근거로 삼성전자의 HBM 공급 물량이 다음 분기에 확대되는 것으로 확인됐다는 내용이 향후 수주·공급·실적 추정에도 반영되고 있다는 소문이 사실처럼 유통되고 있다. 시장에서는 관련 수주·공급·실적 기대가 개선될 수 있다는 해석이 제기되고 있다. 관련 거래자들은 해당 주장에 따라 향후 수주·공급·실적 추정치를 다시 점검하는 모습이다.",synthetic_misinformation,엔비디아 실적을 근거로 삼성전자의 HBM 공급 물량이 다음 분기에 확대되는 것으로 확인됐다는 내용이 향후 수주·공급·실적 추정에도 반영되고 있다,"엔비디아는 분기 매출 816억달러, 데이터센터 매출 750억달러를 발표했고 다음 분기 매출 전망을 910억달러로 제시했으나, 기사에는 중국 시장 변수가 남아 있다고도 보도됐다.",확인되지 않은 전망 또는 소문을 최종 확인된 결과처럼 단정한다.,base,False,sell,50
simulation_20260715_000826_158697_23249,2026-05-26,118,pm,A020,2,news_20260526_섹터_21158ff2,phasefake_20260526_Y02_B,"엔비디아 실적과 AI 데이터센터 수요, 엔비디아 실적을 근거로 삼성전자의 HBM 공급 물량이 다음 분기에 확대되는 것으로 확인됐다는 내용이 향후 수주·공급·실적 추정에도 반영되고 있다 시장 반영설…추정치 재점검","엔비디아 실적과 AI 데이터센터 수요 관련 소식 이후, 엔비디아 실적을 근거로 삼성전자의 HBM 공급 물량이 다음 분기에 확대되는 것으로 확인됐다는 내용이 향후 수주·공급·실적 추정에도 반영되고 있다는 소문이 사실처럼 유통되고 있다. 시장에서는 관련 수주·공급·실적 기대가 개선될 수 있다는 해석이 제기되고 있다. 관련 거래자들은 해당 주장에 따라 향후 수주·공급·실적 추정치를 다시 점검하는 모습이다.",synthetic_misinformation,엔비디아 실적을 근거로 삼성전자의 HBM 공급 물량이 다음 분기에 확대되는 것으로 확인됐다는 내용이 향후 수주·공급·실적 추정에도 반영되고 있다,"엔비디아는 분기 매출 816억달러, 데이터센터 매출 750억달러를 발표했고 다음 분기 매출 전망을 910억달러로 제시했으나, 기사에는 중국 시장 변수가 남아 있다고도 보도됐다.",확인되지 않은 전망 또는 소문을 최종 확인된 결과처럼 단정한다.,"base, read, search, selected",True,buy,100
simulation_20260715_000826_158697_23249,2026-05-26,118,pm,A015,2,news_20260526_섹터_21158ff2,phasefake_20260526_Y02_B,"엔비디아 실적과 AI 데이터센터 수요, 엔비디아 실적을 근거로 삼성전자의 HBM 공급 물량이 다음 분기에 확대되는 것으로 확인됐다는 내용이 향후 수주·공급·실적 추정에도 반영되고 있다 시장 반영설…추정치 재점검","엔비디아 실적과 AI 데이터센터 수요 관련 소식 이후, 엔비디아 실적을 근거로 삼성전자의 HBM 공급 물량이 다음 분기에 확대되는 것으로 확인됐다는 내용이 향후 수주·공급·실적 추정에도 반영되고 있다는 소문이 사실처럼 유통되고 있다. 시장에서는 관련 수주·공급·실적 기대가 개선될 수 있다는 해석이 제기되고 있다. 관련 거래자들은 해당 주장에 따라 향후 수주·공급·실적 추정치를 다시 점검하는 모습이다.",synthetic_misinformation,엔비디아 실적을 근거로 삼성전자의 HBM 공급 물량이 다음 분기에 확대되는 것으로 확인됐다는 내용이 향후 수주·공급·실적 추정에도 반영되고 있다,"엔비디아는 분기 매출 816억달러, 데이터센터 매출 750억달러를 발표했고 다음 분기 매출 전망을 910억달러로 제시했으나, 기사에는 중국 시장 변수가 남아 있다고도 보도됐다.",확인되지 않은 전망 또는 소문을 최종 확인된 결과처럼 단정한다.,"base, read, search, selected",True,sell,30
simulation_20260715_000826_158697_23249,2026-05-26,118,pm,A002,0,news_20260526_섹터_21158ff2,phasefake_20260526_Y02_B,"엔비디아 실적과 AI 데이터센터 수요, 엔비디아 실적을 근거로 삼성전자의 HBM 공급 물량이 다음 분기에 확대되는 것으로 확인됐다는 내용이 향후 수주·공급·실적 추정에도 반영되고 있다 시장 반영설…추정치 재점검","엔비디아 실적과 AI 데이터센터 수요 관련 소식 이후, 엔비디아 실적을 근거로 삼성전자의 HBM 공급 물량이 다음 분기에 확대되는 것으로 확인됐다는 내용이 향후 수주·공급·실적 추정에도 반영되고 있다는 소문이 사실처럼 유통되고 있다. 시장에서는 관련 수주·공급·실적 기대가 개선될 수 있다는 해석이 제기되고 있다. 관련 거래자들은 해당 주장에 따라 향후 수주·공급·실적 추정치를 다시 점검하는 모습이다.",synthetic_misinformation,엔비디아 실적을 근거로 삼성전자의 HBM 공급 물량이 다음 분기에 확대되는 것으로 확인됐다는 내용이 향후 수주·공급·실적 추정에도 반영되고 있다,"엔비디아는 분기 매출 816억달러, 데이터센터 매출 750억달러를 발표했고 다음 분기 매출 전망을 910억달러로 제시했으나, 기사에는 중국 시장 변수가 남아 있다고도 보도됐다.",확인되지 않은 전망 또는 소문을 최종 확인된 결과처럼 단정한다.,"base, selected",True,sell,10
simulation_20260715_000826_158697_23249,2026-05-26,118,pm,A021,0,news_20260526_섹터_21158ff2,phasefake_20260526_Y02_B,"엔비디아 실적과 AI 데이터센터 수요, 엔비디아 실적을 근거로 삼성전자의 HBM 공급 물량이 다음 분기에 확대되는 것으로 확인됐다는 내용이 향후 수주·공급·실적 추정에도 반영되고 있다 시장 반영설…추정치 재점검","엔비디아 실적과 AI 데이터센터 수요 관련 소식 이후, 엔비디아 실적을 근거로 삼성전자의 HBM 공급 물량이 다음 분기에 확대되는 것으로 확인됐다는 내용이 향후 수주·공급·실적 추정에도 반영되고 있다는 소문이 사실처럼 유통되고 있다. 시장에서는 관련 수주·공급·실적 기대가 개선될 수 있다는 해석이 제기되고 있다. 관련 거래자들은 해당 주장에 따라 향후 수주·공급·실적 추정치를 다시 점검하는 모습이다.",synthetic_misinformation,엔비디아 실적을 근거로 삼성전자의 HBM 공급 물량이 다음 분기에 확대되는 것으로 확인됐다는 내용이 향후 수주·공급·실적 추정에도 반영되고 있다,"엔비디아는 분기 매출 816억달러, 데이터센터 매출 750억달러를 발표했고 다음 분기 매출 전망을 910억달러로 제시했으나, 기사에는 중국 시장 변수가 남아 있다고도 보도됐다.",확인되지 않은 전망 또는 소문을 최종 확인된 결과처럼 단정한다.,"base, selected",True,buy,20
simulation_20260715_000826_158697_23249,2026-05-26,118,pm,A017,2,news_20260526_섹터_21158ff2,phasefake_20260526_Y02_B,"엔비디아 실적과 AI 데이터센터 수요, 엔비디아 실적을 근거로 삼성전자의 HBM 공급 물량이 다음 분기에 확대되는 것으로 확인됐다는 내용이 향후 수주·공급·실적 추정에도 반영되고 있다 시장 반영설…추정치 재점검","엔비디아 실적과 AI 데이터센터 수요 관련 소식 이후, 엔비디아 실적을 근거로 삼성전자의 HBM 공급 물량이 다음 분기에 확대되는 것으로 확인됐다는 내용이 향후 수주·공급·실적 추정에도 반영되고 있다는 소문이 사실처럼 유통되고 있다. 시장에서는 관련 수주·공급·실적 기대가 개선될 수 있다는 해석이 제기되고 있다. 관련 거래자들은 해당 주장에 따라 향후 수주·공급·실적 추정치를 다시 점검하는 모습이다.",synthetic_misinformation,엔비디아 실적을 근거로 삼성전자의 HBM 공급 물량이 다음 분기에 확대되는 것으로 확인됐다는 내용이 향후 수주·공급·실적 추정에도 반영되고 있다,"엔비디아는 분기 매출 816억달러, 데이터센터 매출 750억달러를 발표했고 다음 분기 매출 전망을 910억달러로 제시했으나, 기사에는 중국 시장 변수가 남아 있다고도 보도됐다.",확인되지 않은 전망 또는 소문을 최종 확인된 결과처럼 단정한다.,"base, read, search, selected",True,sell,50
simulation_20260715_000826_158697_23249,2026-05-26,118,pm,A007,2,news_20260526_섹터_21158ff2,phasefake_20260526_Y02_B,"엔비디아 실적과 AI 데이터센터 수요, 엔비디아 실적을 근거로 삼성전자의 HBM 공급 물량이 다음 분기에 확대되는 것으로 확인됐다는 내용이 향후 수주·공급·실적 추정에도 반영되고 있다 시장 반영설…추정치 재점검","엔비디아 실적과 AI 데이터센터 수요 관련 소식 이후, 엔비디아 실적을 근거로 삼성전자의 HBM 공급 물량이 다음 분기에 확대되는 것으로 확인됐다는 내용이 향후 수주·공급·실적 추정에도 반영되고 있다는 소문이 사실처럼 유통되고 있다. 시장에서는 관련 수주·공급·실적 기대가 개선될 수 있다는 해석이 제기되고 있다. 관련 거래자들은 해당 주장에 따라 향후 수주·공급·실적 추정치를 다시 점검하는 모습이다.",synthetic_misinformation,엔비디아 실적을 근거로 삼성전자의 HBM 공급 물량이 다음 분기에 확대되는 것으로 확인됐다는 내용이 향후 수주·공급·실적 추정에도 반영되고 있다,"엔비디아는 분기 매출 816억달러, 데이터센터 매출 750억달러를 발표했고 다음 분기 매출 전망을 910억달러로 제시했으나, 기사에는 중국 시장 변수가 남아 있다고도 보도됐다.",확인되지 않은 전망 또는 소문을 최종 확인된 결과처럼 단정한다.,"base, read, search, selected",True,sell,50
simulation_20260715_000826_158697_23249,2026-05-29,124,pm,A028,0,news_20260529_섹터_a75ef24f,phasefake_20260529_Y03_B,"삼성전자 HBM4E, 글로벌 고객 검증·양산 배정 확정설","삼성전자의 HBM4E 12단 글로벌 고객사 샘플 공급 보도 이후, 글로벌 고객사의 HBM4E 검증이 완료돼 양산 공급 물량까지 최종 확정됐다는 내용이 전해졌다. 시장에서는 관련 수주·공급·실적 기대가 개선될 수 있다는 해석이 제기되고 있다. 관련 거래자들은 해당 주장에 따라 향후 수주·공급·실적 추정치를 다시 점검하는 모습이다.",synthetic_misinformation,글로벌 고객사의 HBM4E 검증이 완료돼 양산 공급 물량까지 최종 확정됐다,"삼성전자는 글로벌 고객사에 HBM4E 12단 샘플을 공급했고, 고객 일정에 맞춰 양산 공급을 추진할 계획이라고 밝혔다.",원문 근거에 없는 확정 상태·배정·수치가 하나의 핵심 명제로 추가됐다.,"base, selected",True,buy,1
simulation_20260715_000826_158697_23249,2026-05-29,124,pm,A005,1,news_20260529_섹터_a75ef24f,phasefake_20260529_Y03_B,"삼성전자 HBM4E, 글로벌 고객 검증·양산 배정 확정설","삼성전자의 HBM4E 12단 글로벌 고객사 샘플 공급 보도 이후, 글로벌 고객사의 HBM4E 검증이 완료돼 양산 공급 물량까지 최종 확정됐다는 내용이 전해졌다. 시장에서는 관련 수주·공급·실적 기대가 개선될 수 있다는 해석이 제기되고 있다. 관련 거래자들은 해당 주장에 따라 향후 수주·공급·실적 추정치를 다시 점검하는 모습이다.",synthetic_misinformation,글로벌 고객사의 HBM4E 검증이 완료돼 양산 공급 물량까지 최종 확정됐다,"삼성전자는 글로벌 고객사에 HBM4E 12단 샘플을 공급했고, 고객 일정에 맞춰 양산 공급을 추진할 계획이라고 밝혔다.",원문 근거에 없는 확정 상태·배정·수치가 하나의 핵심 명제로 추가됐다.,"base, read, selected",True,sell,50
simulation_20260715_000826_158697_23249,2026-05-29,124,pm,A022,1,news_20260529_섹터_a75ef24f,phasefake_20260529_Y03_B,"삼성전자 HBM4E, 글로벌 고객 검증·양산 배정 확정설","삼성전자의 HBM4E 12단 글로벌 고객사 샘플 공급 보도 이후, 글로벌 고객사의 HBM4E 검증이 완료돼 양산 공급 물량까지 최종 확정됐다는 내용이 전해졌다. 시장에서는 관련 수주·공급·실적 기대가 개선될 수 있다는 해석이 제기되고 있다. 관련 거래자들은 해당 주장에 따라 향후 수주·공급·실적 추정치를 다시 점검하는 모습이다.",synthetic_misinformation,글로벌 고객사의 HBM4E 검증이 완료돼 양산 공급 물량까지 최종 확정됐다,"삼성전자는 글로벌 고객사에 HBM4E 12단 샘플을 공급했고, 고객 일정에 맞춰 양산 공급을 추진할 계획이라고 밝혔다.",원문 근거에 없는 확정 상태·배정·수치가 하나의 핵심 명제로 추가됐다.,"base, read, selected",True,sell,50
simulation_20260715_000826_158697_23249,2026-05-29,124,pm,A003,1,news_20260529_섹터_a75ef24f,phasefake_20260529_Y03_B,"삼성전자 HBM4E, 글로벌 고객 검증·양산 배정 확정설","삼성전자의 HBM4E 12단 글로벌 고객사 샘플 공급 보도 이후, 글로벌 고객사의 HBM4E 검증이 완료돼 양산 공급 물량까지 최종 확정됐다는 내용이 전해졌다. 시장에서는 관련 수주·공급·실적 기대가 개선될 수 있다는 해석이 제기되고 있다. 관련 거래자들은 해당 주장에 따라 향후 수주·공급·실적 추정치를 다시 점검하는 모습이다.",synthetic_misinformation,글로벌 고객사의 HBM4E 검증이 완료돼 양산 공급 물량까지 최종 확정됐다,"삼성전자는 글로벌 고객사에 HBM4E 12단 샘플을 공급했고, 고객 일정에 맞춰 양산 공급을 추진할 계획이라고 밝혔다.",원문 근거에 없는 확정 상태·배정·수치가 하나의 핵심 명제로 추가됐다.,"base, read, selected",True,sell,5
simulation_20260715_000826_158697_23249,2026-05-29,124,pm,A030,0,news_20260529_섹터_a75ef24f,phasefake_20260529_Y03_B,"삼성전자 HBM4E, 글로벌 고객 검증·양산 배정 확정설","삼성전자의 HBM4E 12단 글로벌 고객사 샘플 공급 보도 이후, 글로벌 고객사의 HBM4E 검증이 완료돼 양산 공급 물량까지 최종 확정됐다는 내용이 전해졌다. 시장에서는 관련 수주·공급·실적 기대가 개선될 수 있다는 해석이 제기되고 있다. 관련 거래자들은 해당 주장에 따라 향후 수주·공급·실적 추정치를 다시 점검하는 모습이다.",synthetic_misinformation,글로벌 고객사의 HBM4E 검증이 완료돼 양산 공급 물량까지 최종 확정됐다,"삼성전자는 글로벌 고객사에 HBM4E 12단 샘플을 공급했고, 고객 일정에 맞춰 양산 공급을 추진할 계획이라고 밝혔다.",원문 근거에 없는 확정 상태·배정·수치가 하나의 핵심 명제로 추가됐다.,"base, selected",True,buy,50
simulation_20260715_000826_158697_23249,2026-05-29,124,pm,A010,1,news_20260529_섹터_a75ef24f,phasefake_20260529_Y03_B,"삼성전자 HBM4E, 글로벌 고객 검증·양산 배정 확정설","삼성전자의 HBM4E 12단 글로벌 고객사 샘플 공급 보도 이후, 글로벌 고객사의 HBM4E 검증이 완료돼 양산 공급 물량까지 최종 확정됐다는 내용이 전해졌다. 시장에서는 관련 수주·공급·실적 기대가 개선될 수 있다는 해석이 제기되고 있다. 관련 거래자들은 해당 주장에 따라 향후 수주·공급·실적 추정치를 다시 점검하는 모습이다.",synthetic_misinformation,글로벌 고객사의 HBM4E 검증이 완료돼 양산 공급 물량까지 최종 확정됐다,"삼성전자는 글로벌 고객사에 HBM4E 12단 샘플을 공급했고, 고객 일정에 맞춰 양산 공급을 추진할 계획이라고 밝혔다.",원문 근거에 없는 확정 상태·배정·수치가 하나의 핵심 명제로 추가됐다.,"base, read, selected",True,sell,20
simulation_20260715_000826_158697_23249,2026-05-29,124,pm,A009,0,news_20260529_섹터_a75ef24f,phasefake_20260529_Y03_B,"삼성전자 HBM4E, 글로벌 고객 검증·양산 배정 확정설","삼성전자의 HBM4E 12단 글로벌 고객사 샘플 공급 보도 이후, 글로벌 고객사의 HBM4E 검증이 완료돼 양산 공급 물량까지 최종 확정됐다는 내용이 전해졌다. 시장에서는 관련 수주·공급·실적 기대가 개선될 수 있다는 해석이 제기되고 있다. 관련 거래자들은 해당 주장에 따라 향후 수주·공급·실적 추정치를 다시 점검하는 모습이다.",synthetic_misinformation,글로벌 고객사의 HBM4E 검증이 완료돼 양산 공급 물량까지 최종 확정됐다,"삼성전자는 글로벌 고객사에 HBM4E 12단 샘플을 공급했고, 고객 일정에 맞춰 양산 공급을 추진할 계획이라고 밝혔다.",원문 근거에 없는 확정 상태·배정·수치가 하나의 핵심 명제로 추가됐다.,"base, selected",True,buy,4
simulation_20260715_000826_158697_23249,2026-05-29,124,pm,A023,0,news_20260529_섹터_a75ef24f,phasefake_20260529_Y03_B,"삼성전자 HBM4E, 글로벌 고객 검증·양산 배정 확정설","삼성전자의 HBM4E 12단 글로벌 고객사 샘플 공급 보도 이후, 글로벌 고객사의 HBM4E 검증이 완료돼 양산 공급 물량까지 최종 확정됐다는 내용이 전해졌다. 시장에서는 관련 수주·공급·실적 기대가 개선될 수 있다는 해석이 제기되고 있다. 관련 거래자들은 해당 주장에 따라 향후 수주·공급·실적 추정치를 다시 점검하는 모습이다.",synthetic_misinformation,글로벌 고객사의 HBM4E 검증이 완료돼 양산 공급 물량까지 최종 확정됐다,"삼성전자는 글로벌 고객사에 HBM4E 12단 샘플을 공급했고, 고객 일정에 맞춰 양산 공급을 추진할 계획이라고 밝혔다.",원문 근거에 없는 확정 상태·배정·수치가 하나의 핵심 명제로 추가됐다.,base,False,sell,40
simulation_20260715_000826_158697_23249,2026-05-29,124,pm,A027,1,news_20260529_섹터_a75ef24f,phasefake_20260529_Y03_B,"삼성전자 HBM4E, 글로벌 고객 검증·양산 배정 확정설","삼성전자의 HBM4E 12단 글로벌 고객사 샘플 공급 보도 이후, 글로벌 고객사의 HBM4E 검증이 완료돼 양산 공급 물량까지 최종 확정됐다는 내용이 전해졌다. 시장에서는 관련 수주·공급·실적 기대가 개선될 수 있다는 해석이 제기되고 있다. 관련 거래자들은 해당 주장에 따라 향후 수주·공급·실적 추정치를 다시 점검하는 모습이다.",synthetic_misinformation,글로벌 고객사의 HBM4E 검증이 완료돼 양산 공급 물량까지 최종 확정됐다,"삼성전자는 글로벌 고객사에 HBM4E 12단 샘플을 공급했고, 고객 일정에 맞춰 양산 공급을 추진할 계획이라고 밝혔다.",원문 근거에 없는 확정 상태·배정·수치가 하나의 핵심 명제로 추가됐다.,"base, read, selected",True,buy,100
simulation_20260715_000826_158697_23249,2026-05-29,124,pm,A013,1,news_20260529_섹터_a75ef24f,phasefake_20260529_Y03_B,"삼성전자 HBM4E, 글로벌 고객 검증·양산 배정 확정설","삼성전자의 HBM4E 12단 글로벌 고객사 샘플 공급 보도 이후, 글로벌 고객사의 HBM4E 검증이 완료돼 양산 공급 물량까지 최종 확정됐다는 내용이 전해졌다. 시장에서는 관련 수주·공급·실적 기대가 개선될 수 있다는 해석이 제기되고 있다. 관련 거래자들은 해당 주장에 따라 향후 수주·공급·실적 추정치를 다시 점검하는 모습이다.",synthetic_misinformation,글로벌 고객사의 HBM4E 검증이 완료돼 양산 공급 물량까지 최종 확정됐다,"삼성전자는 글로벌 고객사에 HBM4E 12단 샘플을 공급했고, 고객 일정에 맞춰 양산 공급을 추진할 계획이라고 밝혔다.",원문 근거에 없는 확정 상태·배정·수치가 하나의 핵심 명제로 추가됐다.,"base, read, selected",True,buy,50
simulation_20260715_000826_158697_23249,2026-05-29,124,pm,A026,1,news_20260529_섹터_a75ef24f,phasefake_20260529_Y03_B,"삼성전자 HBM4E, 글로벌 고객 검증·양산 배정 확정설","삼성전자의 HBM4E 12단 글로벌 고객사 샘플 공급 보도 이후, 글로벌 고객사의 HBM4E 검증이 완료돼 양산 공급 물량까지 최종 확정됐다는 내용이 전해졌다. 시장에서는 관련 수주·공급·실적 기대가 개선될 수 있다는 해석이 제기되고 있다. 관련 거래자들은 해당 주장에 따라 향후 수주·공급·실적 추정치를 다시 점검하는 모습이다.",synthetic_misinformation,글로벌 고객사의 HBM4E 검증이 완료돼 양산 공급 물량까지 최종 확정됐다,"삼성전자는 글로벌 고객사에 HBM4E 12단 샘플을 공급했고, 고객 일정에 맞춰 양산 공급을 추진할 계획이라고 밝혔다.",원문 근거에 없는 확정 상태·배정·수치가 하나의 핵심 명제로 추가됐다.,"base, read, selected",True,sell,10
simulation_20260715_000826_158697_23249,2026-05-29,124,pm,A011,1,news_20260529_섹터_a75ef24f,phasefake_20260529_Y03_B,"삼성전자 HBM4E, 글로벌 고객 검증·양산 배정 확정설","삼성전자의 HBM4E 12단 글로벌 고객사 샘플 공급 보도 이후, 글로벌 고객사의 HBM4E 검증이 완료돼 양산 공급 물량까지 최종 확정됐다는 내용이 전해졌다. 시장에서는 관련 수주·공급·실적 기대가 개선될 수 있다는 해석이 제기되고 있다. 관련 거래자들은 해당 주장에 따라 향후 수주·공급·실적 추정치를 다시 점검하는 모습이다.",synthetic_misinformation,글로벌 고객사의 HBM4E 검증이 완료돼 양산 공급 물량까지 최종 확정됐다,"삼성전자는 글로벌 고객사에 HBM4E 12단 샘플을 공급했고, 고객 일정에 맞춰 양산 공급을 추진할 계획이라고 밝혔다.",원문 근거에 없는 확정 상태·배정·수치가 하나의 핵심 명제로 추가됐다.,"base, read, selected",True,sell,1
simulation_20260715_000826_158697_23249,2026-05-29,124,pm,A001,1,news_20260529_섹터_a75ef24f,phasefake_20260529_Y03_B,"삼성전자 HBM4E, 글로벌 고객 검증·양산 배정 확정설","삼성전자의 HBM4E 12단 글로벌 고객사 샘플 공급 보도 이후, 글로벌 고객사의 HBM4E 검증이 완료돼 양산 공급 물량까지 최종 확정됐다는 내용이 전해졌다. 시장에서는 관련 수주·공급·실적 기대가 개선될 수 있다는 해석이 제기되고 있다. 관련 거래자들은 해당 주장에 따라 향후 수주·공급·실적 추정치를 다시 점검하는 모습이다.",synthetic_misinformation,글로벌 고객사의 HBM4E 검증이 완료돼 양산 공급 물량까지 최종 확정됐다,"삼성전자는 글로벌 고객사에 HBM4E 12단 샘플을 공급했고, 고객 일정에 맞춰 양산 공급을 추진할 계획이라고 밝혔다.",원문 근거에 없는 확정 상태·배정·수치가 하나의 핵심 명제로 추가됐다.,"base, read, selected",True,sell,10
simulation_20260715_000826_158697_23249,2026-05-29,124,pm,A006,1,news_20260529_섹터_a75ef24f,phasefake_20260529_Y03_B,"삼성전자 HBM4E, 글로벌 고객 검증·양산 배정 확정설","삼성전자의 HBM4E 12단 글로벌 고객사 샘플 공급 보도 이후, 글로벌 고객사의 HBM4E 검증이 완료돼 양산 공급 물량까지 최종 확정됐다는 내용이 전해졌다. 시장에서는 관련 수주·공급·실적 기대가 개선될 수 있다는 해석이 제기되고 있다. 관련 거래자들은 해당 주장에 따라 향후 수주·공급·실적 추정치를 다시 점검하는 모습이다.",synthetic_misinformation,글로벌 고객사의 HBM4E 검증이 완료돼 양산 공급 물량까지 최종 확정됐다,"삼성전자는 글로벌 고객사에 HBM4E 12단 샘플을 공급했고, 고객 일정에 맞춰 양산 공급을 추진할 계획이라고 밝혔다.",원문 근거에 없는 확정 상태·배정·수치가 하나의 핵심 명제로 추가됐다.,"base, read",False,buy,50
simulation_20260715_000826_158697_23249,2026-05-29,124,pm,A019,1,news_20260529_섹터_a75ef24f,phasefake_20260529_Y03_B,"삼성전자 HBM4E, 글로벌 고객 검증·양산 배정 확정설","삼성전자의 HBM4E 12단 글로벌 고객사 샘플 공급 보도 이후, 글로벌 고객사의 HBM4E 검증이 완료돼 양산 공급 물량까지 최종 확정됐다는 내용이 전해졌다. 시장에서는 관련 수주·공급·실적 기대가 개선될 수 있다는 해석이 제기되고 있다. 관련 거래자들은 해당 주장에 따라 향후 수주·공급·실적 추정치를 다시 점검하는 모습이다.",synthetic_misinformation,글로벌 고객사의 HBM4E 검증이 완료돼 양산 공급 물량까지 최종 확정됐다,"삼성전자는 글로벌 고객사에 HBM4E 12단 샘플을 공급했고, 고객 일정에 맞춰 양산 공급을 추진할 계획이라고 밝혔다.",원문 근거에 없는 확정 상태·배정·수치가 하나의 핵심 명제로 추가됐다.,"base, read",False,sell,60
simulation_20260715_000826_158697_23249,2026-05-29,124,pm,A024,0,news_20260529_섹터_a75ef24f,phasefake_20260529_Y03_B,"삼성전자 HBM4E, 글로벌 고객 검증·양산 배정 확정설","삼성전자의 HBM4E 12단 글로벌 고객사 샘플 공급 보도 이후, 글로벌 고객사의 HBM4E 검증이 완료돼 양산 공급 물량까지 최종 확정됐다는 내용이 전해졌다. 시장에서는 관련 수주·공급·실적 기대가 개선될 수 있다는 해석이 제기되고 있다. 관련 거래자들은 해당 주장에 따라 향후 수주·공급·실적 추정치를 다시 점검하는 모습이다.",synthetic_misinformation,글로벌 고객사의 HBM4E 검증이 완료돼 양산 공급 물량까지 최종 확정됐다,"삼성전자는 글로벌 고객사에 HBM4E 12단 샘플을 공급했고, 고객 일정에 맞춰 양산 공급을 추진할 계획이라고 밝혔다.",원문 근거에 없는 확정 상태·배정·수치가 하나의 핵심 명제로 추가됐다.,"base, selected",True,buy,6
simulation_20260715_000826_158697_23249,2026-05-29,124,pm,A025,1,news_20260529_섹터_a75ef24f,phasefake_20260529_Y03_B,"삼성전자 HBM4E, 글로벌 고객 검증·양산 배정 확정설","삼성전자의 HBM4E 12단 글로벌 고객사 샘플 공급 보도 이후, 글로벌 고객사의 HBM4E 검증이 완료돼 양산 공급 물량까지 최종 확정됐다는 내용이 전해졌다. 시장에서는 관련 수주·공급·실적 기대가 개선될 수 있다는 해석이 제기되고 있다. 관련 거래자들은 해당 주장에 따라 향후 수주·공급·실적 추정치를 다시 점검하는 모습이다.",synthetic_misinformation,글로벌 고객사의 HBM4E 검증이 완료돼 양산 공급 물량까지 최종 확정됐다,"삼성전자는 글로벌 고객사에 HBM4E 12단 샘플을 공급했고, 고객 일정에 맞춰 양산 공급을 추진할 계획이라고 밝혔다.",원문 근거에 없는 확정 상태·배정·수치가 하나의 핵심 명제로 추가됐다.,"base, read",False,sell,100
simulation_20260715_000826_158697_23249,2026-05-29,124,pm,A016,0,news_20260529_섹터_a75ef24f,phasefake_20260529_Y03_B,"삼성전자 HBM4E, 글로벌 고객 검증·양산 배정 확정설","삼성전자의 HBM4E 12단 글로벌 고객사 샘플 공급 보도 이후, 글로벌 고객사의 HBM4E 검증이 완료돼 양산 공급 물량까지 최종 확정됐다는 내용이 전해졌다. 시장에서는 관련 수주·공급·실적 기대가 개선될 수 있다는 해석이 제기되고 있다. 관련 거래자들은 해당 주장에 따라 향후 수주·공급·실적 추정치를 다시 점검하는 모습이다.",synthetic_misinformation,글로벌 고객사의 HBM4E 검증이 완료돼 양산 공급 물량까지 최종 확정됐다,"삼성전자는 글로벌 고객사에 HBM4E 12단 샘플을 공급했고, 고객 일정에 맞춰 양산 공급을 추진할 계획이라고 밝혔다.",원문 근거에 없는 확정 상태·배정·수치가 하나의 핵심 명제로 추가됐다.,base,False,sell,10
simulation_20260715_000826_158697_23249,2026-05-29,124,pm,A021,0,news_20260529_섹터_a75ef24f,phasefake_20260529_Y03_B,"삼성전자 HBM4E, 글로벌 고객 검증·양산 배정 확정설","삼성전자의 HBM4E 12단 글로벌 고객사 샘플 공급 보도 이후, 글로벌 고객사의 HBM4E 검증이 완료돼 양산 공급 물량까지 최종 확정됐다는 내용이 전해졌다. 시장에서는 관련 수주·공급·실적 기대가 개선될 수 있다는 해석이 제기되고 있다. 관련 거래자들은 해당 주장에 따라 향후 수주·공급·실적 추정치를 다시 점검하는 모습이다.",synthetic_misinformation,글로벌 고객사의 HBM4E 검증이 완료돼 양산 공급 물량까지 최종 확정됐다,"삼성전자는 글로벌 고객사에 HBM4E 12단 샘플을 공급했고, 고객 일정에 맞춰 양산 공급을 추진할 계획이라고 밝혔다.",원문 근거에 없는 확정 상태·배정·수치가 하나의 핵심 명제로 추가됐다.,base,False,sell,30
simulation_20260715_000826_158697_23249,2026-05-29,124,pm,A014,1,news_20260529_섹터_a75ef24f,phasefake_20260529_Y03_B,"삼성전자 HBM4E, 글로벌 고객 검증·양산 배정 확정설","삼성전자의 HBM4E 12단 글로벌 고객사 샘플 공급 보도 이후, 글로벌 고객사의 HBM4E 검증이 완료돼 양산 공급 물량까지 최종 확정됐다는 내용이 전해졌다. 시장에서는 관련 수주·공급·실적 기대가 개선될 수 있다는 해석이 제기되고 있다. 관련 거래자들은 해당 주장에 따라 향후 수주·공급·실적 추정치를 다시 점검하는 모습이다.",synthetic_misinformation,글로벌 고객사의 HBM4E 검증이 완료돼 양산 공급 물량까지 최종 확정됐다,"삼성전자는 글로벌 고객사에 HBM4E 12단 샘플을 공급했고, 고객 일정에 맞춰 양산 공급을 추진할 계획이라고 밝혔다.",원문 근거에 없는 확정 상태·배정·수치가 하나의 핵심 명제로 추가됐다.,"base, read, selected",True,sell,50
simulation_20260715_000826_158697_23249,2026-05-29,124,pm,A002,0,news_20260529_섹터_a75ef24f,phasefake_20260529_Y03_B,"삼성전자 HBM4E, 글로벌 고객 검증·양산 배정 확정설","삼성전자의 HBM4E 12단 글로벌 고객사 샘플 공급 보도 이후, 글로벌 고객사의 HBM4E 검증이 완료돼 양산 공급 물량까지 최종 확정됐다는 내용이 전해졌다. 시장에서는 관련 수주·공급·실적 기대가 개선될 수 있다는 해석이 제기되고 있다. 관련 거래자들은 해당 주장에 따라 향후 수주·공급·실적 추정치를 다시 점검하는 모습이다.",synthetic_misinformation,글로벌 고객사의 HBM4E 검증이 완료돼 양산 공급 물량까지 최종 확정됐다,"삼성전자는 글로벌 고객사에 HBM4E 12단 샘플을 공급했고, 고객 일정에 맞춰 양산 공급을 추진할 계획이라고 밝혔다.",원문 근거에 없는 확정 상태·배정·수치가 하나의 핵심 명제로 추가됐다.,base,False,sell,5
simulation_20260715_000826_158697_23249,2026-05-29,124,pm,A017,2,news_20260529_섹터_a75ef24f,phasefake_20260529_Y03_B,"삼성전자 HBM4E, 글로벌 고객 검증·양산 배정 확정설","삼성전자의 HBM4E 12단 글로벌 고객사 샘플 공급 보도 이후, 글로벌 고객사의 HBM4E 검증이 완료돼 양산 공급 물량까지 최종 확정됐다는 내용이 전해졌다. 시장에서는 관련 수주·공급·실적 기대가 개선될 수 있다는 해석이 제기되고 있다. 관련 거래자들은 해당 주장에 따라 향후 수주·공급·실적 추정치를 다시 점검하는 모습이다.",synthetic_misinformation,글로벌 고객사의 HBM4E 검증이 완료돼 양산 공급 물량까지 최종 확정됐다,"삼성전자는 글로벌 고객사에 HBM4E 12단 샘플을 공급했고, 고객 일정에 맞춰 양산 공급을 추진할 계획이라고 밝혔다.",원문 근거에 없는 확정 상태·배정·수치가 하나의 핵심 명제로 추가됐다.,"base, read, search, selected",True,buy,50
simulation_20260715_000826_158697_23249,2026-05-29,124,pm,A015,2,news_20260529_섹터_a75ef24f,phasefake_20260529_Y03_B,"삼성전자 HBM4E, 글로벌 고객 검증·양산 배정 확정설","삼성전자의 HBM4E 12단 글로벌 고객사 샘플 공급 보도 이후, 글로벌 고객사의 HBM4E 검증이 완료돼 양산 공급 물량까지 최종 확정됐다는 내용이 전해졌다. 시장에서는 관련 수주·공급·실적 기대가 개선될 수 있다는 해석이 제기되고 있다. 관련 거래자들은 해당 주장에 따라 향후 수주·공급·실적 추정치를 다시 점검하는 모습이다.",synthetic_misinformation,글로벌 고객사의 HBM4E 검증이 완료돼 양산 공급 물량까지 최종 확정됐다,"삼성전자는 글로벌 고객사에 HBM4E 12단 샘플을 공급했고, 고객 일정에 맞춰 양산 공급을 추진할 계획이라고 밝혔다.",원문 근거에 없는 확정 상태·배정·수치가 하나의 핵심 명제로 추가됐다.,"base, read, selected",True,sell,10
simulation_20260715_000826_158697_23249,2026-05-29,124,pm,A020,2,news_20260529_섹터_a75ef24f,phasefake_20260529_Y03_B,"삼성전자 HBM4E, 글로벌 고객 검증·양산 배정 확정설","삼성전자의 HBM4E 12단 글로벌 고객사 샘플 공급 보도 이후, 글로벌 고객사의 HBM4E 검증이 완료돼 양산 공급 물량까지 최종 확정됐다는 내용이 전해졌다. 시장에서는 관련 수주·공급·실적 기대가 개선될 수 있다는 해석이 제기되고 있다. 관련 거래자들은 해당 주장에 따라 향후 수주·공급·실적 추정치를 다시 점검하는 모습이다.",synthetic_misinformation,글로벌 고객사의 HBM4E 검증이 완료돼 양산 공급 물량까지 최종 확정됐다,"삼성전자는 글로벌 고객사에 HBM4E 12단 샘플을 공급했고, 고객 일정에 맞춰 양산 공급을 추진할 계획이라고 밝혔다.",원문 근거에 없는 확정 상태·배정·수치가 하나의 핵심 명제로 추가됐다.,"base, read, selected",True,buy,190
simulation_20260715_000826_158697_23249,2026-05-29,124,pm,A012,1,news_20260529_섹터_a75ef24f,phasefake_20260529_Y03_B,"삼성전자 HBM4E, 글로벌 고객 검증·양산 배정 확정설","삼성전자의 HBM4E 12단 글로벌 고객사 샘플 공급 보도 이후, 글로벌 고객사의 HBM4E 검증이 완료돼 양산 공급 물량까지 최종 확정됐다는 내용이 전해졌다. 시장에서는 관련 수주·공급·실적 기대가 개선될 수 있다는 해석이 제기되고 있다. 관련 거래자들은 해당 주장에 따라 향후 수주·공급·실적 추정치를 다시 점검하는 모습이다.",synthetic_misinformation,글로벌 고객사의 HBM4E 검증이 완료돼 양산 공급 물량까지 최종 확정됐다,"삼성전자는 글로벌 고객사에 HBM4E 12단 샘플을 공급했고, 고객 일정에 맞춰 양산 공급을 추진할 계획이라고 밝혔다.",원문 근거에 없는 확정 상태·배정·수치가 하나의 핵심 명제로 추가됐다.,"base, read, selected",True,buy,50
simulation_20260715_000826_158697_23249,2026-05-29,124,pm,A018,0,news_20260529_섹터_a75ef24f,phasefake_20260529_Y03_B,"삼성전자 HBM4E, 글로벌 고객 검증·양산 배정 확정설","삼성전자의 HBM4E 12단 글로벌 고객사 샘플 공급 보도 이후, 글로벌 고객사의 HBM4E 검증이 완료돼 양산 공급 물량까지 최종 확정됐다는 내용이 전해졌다. 시장에서는 관련 수주·공급·실적 기대가 개선될 수 있다는 해석이 제기되고 있다. 관련 거래자들은 해당 주장에 따라 향후 수주·공급·실적 추정치를 다시 점검하는 모습이다.",synthetic_misinformation,글로벌 고객사의 HBM4E 검증이 완료돼 양산 공급 물량까지 최종 확정됐다,"삼성전자는 글로벌 고객사에 HBM4E 12단 샘플을 공급했고, 고객 일정에 맞춰 양산 공급을 추진할 계획이라고 밝혔다.",원문 근거에 없는 확정 상태·배정·수치가 하나의 핵심 명제로 추가됐다.,base,False,buy,60
simulation_20260715_000826_158697_23249,2026-05-29,124,pm,A008,1,news_20260529_섹터_a75ef24f,phasefake_20260529_Y03_B,"삼성전자 HBM4E, 글로벌 고객 검증·양산 배정 확정설","삼성전자의 HBM4E 12단 글로벌 고객사 샘플 공급 보도 이후, 글로벌 고객사의 HBM4E 검증이 완료돼 양산 공급 물량까지 최종 확정됐다는 내용이 전해졌다. 시장에서는 관련 수주·공급·실적 기대가 개선될 수 있다는 해석이 제기되고 있다. 관련 거래자들은 해당 주장에 따라 향후 수주·공급·실적 추정치를 다시 점검하는 모습이다.",synthetic_misinformation,글로벌 고객사의 HBM4E 검증이 완료돼 양산 공급 물량까지 최종 확정됐다,"삼성전자는 글로벌 고객사에 HBM4E 12단 샘플을 공급했고, 고객 일정에 맞춰 양산 공급을 추진할 계획이라고 밝혔다.",원문 근거에 없는 확정 상태·배정·수치가 하나의 핵심 명제로 추가됐다.,"base, read, selected",True,sell,1
simulation_20260715_000826_158697_23249,2026-05-29,124,pm,A029,0,news_20260529_섹터_a75ef24f,phasefake_20260529_Y03_B,"삼성전자 HBM4E, 글로벌 고객 검증·양산 배정 확정설","삼성전자의 HBM4E 12단 글로벌 고객사 샘플 공급 보도 이후, 글로벌 고객사의 HBM4E 검증이 완료돼 양산 공급 물량까지 최종 확정됐다는 내용이 전해졌다. 시장에서는 관련 수주·공급·실적 기대가 개선될 수 있다는 해석이 제기되고 있다. 관련 거래자들은 해당 주장에 따라 향후 수주·공급·실적 추정치를 다시 점검하는 모습이다.",synthetic_misinformation,글로벌 고객사의 HBM4E 검증이 완료돼 양산 공급 물량까지 최종 확정됐다,"삼성전자는 글로벌 고객사에 HBM4E 12단 샘플을 공급했고, 고객 일정에 맞춰 양산 공급을 추진할 계획이라고 밝혔다.",원문 근거에 없는 확정 상태·배정·수치가 하나의 핵심 명제로 추가됐다.,base,False,sell,2
simulation_20260715_000826_158697_23249,2026-05-29,124,pm,A004,1,news_20260529_섹터_a75ef24f,phasefake_20260529_Y03_B,"삼성전자 HBM4E, 글로벌 고객 검증·양산 배정 확정설","삼성전자의 HBM4E 12단 글로벌 고객사 샘플 공급 보도 이후, 글로벌 고객사의 HBM4E 검증이 완료돼 양산 공급 물량까지 최종 확정됐다는 내용이 전해졌다. 시장에서는 관련 수주·공급·실적 기대가 개선될 수 있다는 해석이 제기되고 있다. 관련 거래자들은 해당 주장에 따라 향후 수주·공급·실적 추정치를 다시 점검하는 모습이다.",synthetic_misinformation,글로벌 고객사의 HBM4E 검증이 완료돼 양산 공급 물량까지 최종 확정됐다,"삼성전자는 글로벌 고객사에 HBM4E 12단 샘플을 공급했고, 고객 일정에 맞춰 양산 공급을 추진할 계획이라고 밝혔다.",원문 근거에 없는 확정 상태·배정·수치가 하나의 핵심 명제로 추가됐다.,"base, read, selected",True,sell,100
simulation_20260715_000826_158697_23249,2026-05-29,124,pm,A007,2,news_20260529_섹터_a75ef24f,phasefake_20260529_Y03_B,"삼성전자 HBM4E, 글로벌 고객 검증·양산 배정 확정설","삼성전자의 HBM4E 12단 글로벌 고객사 샘플 공급 보도 이후, 글로벌 고객사의 HBM4E 검증이 완료돼 양산 공급 물량까지 최종 확정됐다는 내용이 전해졌다. 시장에서는 관련 수주·공급·실적 기대가 개선될 수 있다는 해석이 제기되고 있다. 관련 거래자들은 해당 주장에 따라 향후 수주·공급·실적 추정치를 다시 점검하는 모습이다.",synthetic_misinformation,글로벌 고객사의 HBM4E 검증이 완료돼 양산 공급 물량까지 최종 확정됐다,"삼성전자는 글로벌 고객사에 HBM4E 12단 샘플을 공급했고, 고객 일정에 맞춰 양산 공급을 추진할 계획이라고 밝혔다.",원문 근거에 없는 확정 상태·배정·수치가 하나의 핵심 명제로 추가됐다.,"base, read, selected",True,sell,50
