run_id,date,turn,agent_id,depth,read_limit,visible_post_count,visible_post_ids,visible_posts_json
chunk_001_2026-02-27_2026-03-06,2026-02-27,2,A001,1,5,19,"[2447, 2449, 2450, 2451, 2452, 2453, 2454, 2455, 2456, 2457, 2458, 2459, 2460, 2461, 2462, 2463, 2464, 2465, 2466]","[{""post_id"": 2447, ""anonymous_code"": ""곰-1801"", ""post_type"": ""trade_share"", ""title"": ""삼성전자 추가 매수했습니다!"", ""like_count"": 0, ""unlike_count"": 0, ""score"": 0, ""author_badges"": [""상위 수익자"", ""자산가"", ""커뮤니티 인플루언서""]}, {""post_id"": 2449, ""anonymous_code"": ""코끼리-6457"", ""post_type"": ""trade_share"", ""title"": ""오늘 삼성전자 추가 매수했습니다!"", ""like_count"": 0, ""unlike_count"": 0, ""score"": 0, ""author_badges"": [""상위 수익자"", ""자산가"", ""커뮤니티 인플루언서""]}, {""post_id"": 2450, ""anonymous_code"": ""황소-9750"", ""post_type"": ""trade_share"", ""title"": ""[매수] 삼성전자 115주 추가 매수했습니다!"", ""like_count"": 0, ""unlike_count"": 0, ""score"": 0, ""author_badges"": [""상위 수익자"", ""자산가"", ""커뮤니티 인플루언서""]}, {""post_id"": 2451, ""anonymous_code"": ""늑대-8884"", ""post_type"": ""trade_share"", ""title"": ""오늘 삼성전자 일부 매도했습니다."", ""like_count"": 0, ""unlike_count"": 0, ""score"": 0, ""author_badges"": [""상위 수익자"", ""자산가""]}, {""post_id"": 2452, ""anonymous_code"": ""여우-7933"", ""post_type"": ""trade_share"", ""title"": ""오늘 삼성전자 추가 매수했습니다!"", ""like_count"": 0, ""unlike_count"": 0, ""score"": 0, ""author_badges"": [""상위 수익자"", ""자산가""]}, {""post_id"": 2453, ""anonymous_code"": ""펭귄-3788"", ""post_type"": ""trade_share"", ""title"": ""오늘 삼성전자 매수했습니다!"", ""like_count"": 0, ""unlike_count"": 0, ""score"": 0, ""author_badges"": []}, {""post_id"": 2454, ""anonymous_code"": ""독수리-4082"", ""post_type"": ""trade_share"", ""title"": ""오늘 삼성전자 추가 매수했습니다!"", ""like_count"": 0, ""unlike_count"": 0, ""score"": 0, ""author_badges"": []}, {""post_id"": 2455, ""anonymous_code"": ""사자-8665"", ""post_type"": ""trade_share"", ""title"": ""오늘 삼성전자 추가 매수했습니다!"", ""like_count"": 0, ""unlike_count"": 0, ""score"": 0, ""author_badges"": []}, {""post_id"": 2456, ""anonymous_code"": ""사자-5895"", ""post_type"": ""trade_share"", ""title"": ""오늘 삼성전자 전량 매도했습니다!"", ""like_count"": 0, ""unlike_count"": 0, ""score"": 0, ""author_badges"": []}, {""post_id"": 2457, ""anonymous_code"": ""돌고래-5489"", ""post_type"": ""trade_share"", ""title"": ""[매수 보고] 삼성전자 추가 매수했습니다!"", ""like_count"": 0, ""unlike_count"": 0, ""score"": 0, ""author_badges"": []}, {""post_id"": 2458, ""anonymous_code"": ""사자-5055"", ""post_type"": ""trade_share"", ""title"": ""오늘 삼성전자 매수했습니다!"", ""like_count"": 0, ""unlike_count"": 0, ""score"": 0, ""author_badges"": []}, {""post_id"": 2459, ""anonymous_code"": ""코끼리-2877"", ""post_type"": ""analysis"", ""title"": ""삼성전자, 단기 모멘텀과 장기 리스크의 갈림길에 서다"", ""like_count"": 0, ""unlike_count"": 0, ""score"": 0, ""author_badges"": []}, {""post_id"": 2460, ""anonymous_code"": ""곰-9761"", ""post_type"": ""trade_share"", ""title"": ""오늘 삼성전자 추가 매수했습니다!"", ""like_count"": 0, ""unlike_count"": 0, ""score"": 0, ""author_badges"": []}, {""post_id"": 2461, ""anonymous_code"": ""황소-8760"", ""post_type"": ""trade_share"", ""title"": ""[매수] 삼성전자 100주 매수 완료"", ""like_count"": 0, ""unlike_count"": 0, ""score"": 0, ""author_badges"": []}, {""post_id"": 2462, ""anonymous_code"": ""돌고래-5159"", ""post_type"": ""analysis"", ""title"": ""삼성전자, 반도체 수출 호조 속 실적 기반 적정성 확인 필요"", ""like_count"": 0, ""unlike_count"": 0, ""score"": 0, ""author_badges"": []}, {""post_id"": 2463, ""anonymous_code"": ""독수리-8072"", ""post_type"": ""trade_share"", ""title"": ""오늘 삼성전자 일부 매도했습니다!"", ""like_count"": 0, ""unlike_count"": 0, ""score"": 0, ""author_badges"": []}, {""post_id"": 2464, ""anonymous_code"": ""늑대-4264"", ""post_type"": ""trade_share"", ""title"": ""오늘 삼성전자 일부 매도했습니다."", ""like_count"": 0, ""unlike_count"": 0, ""score"": 0, ""author_badges"": []}, {""post_id"": 2465, ""anonymous_code"": ""곰-1911"", ""post_type"": ""trade_share"", ""title"": ""오늘 삼성전자 50주 매수했습니다!"", ""like_count"": 0, ""unlike_count"": 0, ""score"": 0, ""author_badges"": []}, {""post_id"": 2466, ""anonymous_code"": ""여우-2283"", ""post_type"": ""trade_share"", ""title"": ""[매수 완료] 삼성전자 추가 매수했습니다!"", ""like_count"": 0, ""unlike_count"": 0, ""score"": 0, ""author_badges"": []}]"
chunk_001_2026-02-27_2026-03-06,2026-02-27,2,A003,1,5,19,"[2448, 2449, 2450, 2451, 2452, 2453, 2454, 2455, 2456, 2457, 2458, 2459, 2460, 2461, 2462, 2463, 2464, 2465, 2466]","[{""post_id"": 2448, ""anonymous_code"": ""호랑이-8886"", ""post_type"": ""trade_share"", ""title"": ""오늘 삼성전자 일부 매도했습니다."", ""like_count"": 0, ""unlike_count"": 0, ""score"": 0, ""author_badges"": [""커뮤니티 인플루언서""]}, {""post_id"": 2449, ""anonymous_code"": ""코끼리-6457"", ""post_type"": ""trade_share"", ""title"": ""오늘 삼성전자 추가 매수했습니다!"", ""like_count"": 0, ""unlike_count"": 0, ""score"": 0, ""author_badges"": [""상위 수익자"", ""자산가"", ""커뮤니티 인플루언서""]}, {""post_id"": 2450, ""anonymous_code"": ""황소-9750"", ""post_type"": ""trade_share"", ""title"": ""[매수] 삼성전자 115주 추가 매수했습니다!"", ""like_count"": 0, ""unlike_count"": 0, ""score"": 0, ""author_badges"": [""상위 수익자"", ""자산가"", ""커뮤니티 인플루언서""]}, {""post_id"": 2451, ""anonymous_code"": ""늑대-8884"", ""post_type"": ""trade_share"", ""title"": ""오늘 삼성전자 일부 매도했습니다."", ""like_count"": 0, ""unlike_count"": 0, ""score"": 0, ""author_badges"": [""상위 수익자"", ""자산가""]}, {""post_id"": 2452, ""anonymous_code"": ""여우-7933"", ""post_type"": ""trade_share"", ""title"": ""오늘 삼성전자 추가 매수했습니다!"", ""like_count"": 0, ""unlike_count"": 0, ""score"": 0, ""author_badges"": [""상위 수익자"", ""자산가""]}, {""post_id"": 2453, ""anonymous_code"": ""펭귄-3788"", ""post_type"": ""trade_share"", ""title"": ""오늘 삼성전자 매수했습니다!"", ""like_count"": 0, ""unlike_count"": 0, ""score"": 0, ""author_badges"": []}, {""post_id"": 2454, ""anonymous_code"": ""독수리-4082"", ""post_type"": ""trade_share"", ""title"": ""오늘 삼성전자 추가 매수했습니다!"", ""like_count"": 0, ""unlike_count"": 0, ""score"": 0, ""author_badges"": []}, {""post_id"": 2455, ""anonymous_code"": ""사자-8665"", ""post_type"": ""trade_share"", ""title"": ""오늘 삼성전자 추가 매수했습니다!"", ""like_count"": 0, ""unlike_count"": 0, ""score"": 0, ""author_badges"": []}, {""post_id"": 2456, ""anonymous_code"": ""사자-5895"", ""post_type"": ""trade_share"", ""title"": ""오늘 삼성전자 전량 매도했습니다!"", ""like_count"": 0, ""unlike_count"": 0, ""score"": 0, ""author_badges"": []}, {""post_id"": 2457, ""anonymous_code"": ""돌고래-5489"", ""post_type"": ""trade_share"", ""title"": ""[매수 보고] 삼성전자 추가 매수했습니다!"", ""like_count"": 0, ""unlike_count"": 0, ""score"": 0, ""author_badges"": []}, {""post_id"": 2458, ""anonymous_code"": ""사자-5055"", ""post_type"": ""trade_share"", ""title"": ""오늘 삼성전자 매수했습니다!"", ""like_count"": 0, ""unlike_count"": 0, ""score"": 0, ""author_badges"": []}, {""post_id"": 2459, ""anonymous_code"": ""코끼리-2877"", ""post_type"": ""analysis"", ""title"": ""삼성전자, 단기 모멘텀과 장기 리스크의 갈림길에 서다"", ""like_count"": 0, ""unlike_count"": 0, ""score"": 0, ""author_badges"": []}, {""post_id"": 2460, ""anonymous_code"": ""곰-9761"", ""post_type"": ""trade_share"", ""title"": ""오늘 삼성전자 추가 매수했습니다!"", ""like_count"": 0, ""unlike_count"": 0, ""score"": 0, ""author_badges"": []}, {""post_id"": 2461, ""anonymous_code"": ""황소-8760"", ""post_type"": ""trade_share"", ""title"": ""[매수] 삼성전자 100주 매수 완료"", ""like_count"": 0, ""unlike_count"": 0, ""score"": 0, ""author_badges"": []}, {""post_id"": 2462, ""anonymous_code"": ""돌고래-5159"", ""post_type"": ""analysis"", ""title"": ""삼성전자, 반도체 수출 호조 속 실적 기반 적정성 확인 필요"", ""like_count"": 0, ""unlike_count"": 0, ""score"": 0, ""author_badges"": []}, {""post_id"": 2463, ""anonymous_code"": ""독수리-8072"", ""post_type"": ""trade_share"", ""title"": ""오늘 삼성전자 일부 매도했습니다!"", ""like_count"": 0, ""unlike_count"": 0, ""score"": 0, ""author_badges"": []}, {""post_id"": 2464, ""anonymous_code"": ""늑대-4264"", ""post_type"": ""trade_share"", ""title"": ""오늘 삼성전자 일부 매도했습니다."", ""like_count"": 0, ""unlike_count"": 0, ""score"": 0, ""author_badges"": []}, {""post_id"": 2465, ""anonymous_code"": ""곰-1911"", ""post_type"": ""trade_share"", ""title"": ""오늘 삼성전자 50주 매수했습니다!"", ""like_count"": 0, ""unlike_count"": 0, ""score"": 0, ""author_badges"": []}, {""post_id"": 2466, ""anonymous_code"": ""여우-2283"", ""post_type"": ""trade_share"", ""title"": ""[매수 완료] 삼성전자 추가 매수했습니다!"", ""like_count"": 0, ""unlike_count"": 0, ""score"": 0, ""author_badges"": []}]"
chunk_001_2026-02-27_2026-03-06,2026-02-27,2,A004,1,5,19,"[2447, 2448, 2450, 2451, 2452, 2453, 2454, 2455, 2456, 2457, 2458, 2459, 2460, 2461, 2462, 2463, 2464, 2465, 2466]","[{""post_id"": 2447, ""anonymous_code"": ""곰-1801"", ""post_type"": ""trade_share"", ""title"": ""삼성전자 추가 매수했습니다!"", ""like_count"": 0, ""unlike_count"": 0, ""score"": 0, ""author_badges"": [""상위 수익자"", ""자산가"", ""커뮤니티 인플루언서""]}, {""post_id"": 2448, ""anonymous_code"": ""호랑이-8886"", ""post_type"": ""trade_share"", ""title"": ""오늘 삼성전자 일부 매도했습니다."", ""like_count"": 0, ""unlike_count"": 0, ""score"": 0, ""author_badges"": [""커뮤니티 인플루언서""]}, {""post_id"": 2450, ""anonymous_code"": ""황소-9750"", ""post_type"": ""trade_share"", ""title"": ""[매수] 삼성전자 115주 추가 매수했습니다!"", ""like_count"": 0, ""unlike_count"": 0, ""score"": 0, ""author_badges"": [""상위 수익자"", ""자산가"", ""커뮤니티 인플루언서""]}, {""post_id"": 2451, ""anonymous_code"": ""늑대-8884"", ""post_type"": ""trade_share"", ""title"": ""오늘 삼성전자 일부 매도했습니다."", ""like_count"": 0, ""unlike_count"": 0, ""score"": 0, ""author_badges"": [""상위 수익자"", ""자산가""]}, {""post_id"": 2452, ""anonymous_code"": ""여우-7933"", ""post_type"": ""trade_share"", ""title"": ""오늘 삼성전자 추가 매수했습니다!"", ""like_count"": 0, ""unlike_count"": 0, ""score"": 0, ""author_badges"": [""상위 수익자"", ""자산가""]}, {""post_id"": 2453, ""anonymous_code"": ""펭귄-3788"", ""post_type"": ""trade_share"", ""title"": ""오늘 삼성전자 매수했습니다!"", ""like_count"": 0, ""unlike_count"": 0, ""score"": 0, ""author_badges"": []}, {""post_id"": 2454, ""anonymous_code"": ""독수리-4082"", ""post_type"": ""trade_share"", ""title"": ""오늘 삼성전자 추가 매수했습니다!"", ""like_count"": 0, ""unlike_count"": 0, ""score"": 0, ""author_badges"": []}, {""post_id"": 2455, ""anonymous_code"": ""사자-8665"", ""post_type"": ""trade_share"", ""title"": ""오늘 삼성전자 추가 매수했습니다!"", ""like_count"": 0, ""unlike_count"": 0, ""score"": 0, ""author_badges"": []}, {""post_id"": 2456, ""anonymous_code"": ""사자-5895"", ""post_type"": ""trade_share"", ""title"": ""오늘 삼성전자 전량 매도했습니다!"", ""like_count"": 0, ""unlike_count"": 0, ""score"": 0, ""author_badges"": []}, {""post_id"": 2457, ""anonymous_code"": ""돌고래-5489"", ""post_type"": ""trade_share"", ""title"": ""[매수 보고] 삼성전자 추가 매수했습니다!"", ""like_count"": 0, ""unlike_count"": 0, ""score"": 0, ""author_badges"": []}, {""post_id"": 2458, ""anonymous_code"": ""사자-5055"", ""post_type"": ""trade_share"", ""title"": ""오늘 삼성전자 매수했습니다!"", ""like_count"": 0, ""unlike_count"": 0, ""score"": 0, ""author_badges"": []}, {""post_id"": 2459, ""anonymous_code"": ""코끼리-2877"", ""post_type"": ""analysis"", ""title"": ""삼성전자, 단기 모멘텀과 장기 리스크의 갈림길에 서다"", ""like_count"": 0, ""unlike_count"": 0, ""score"": 0, ""author_badges"": []}, {""post_id"": 2460, ""anonymous_code"": ""곰-9761"", ""post_type"": ""trade_share"", ""title"": ""오늘 삼성전자 추가 매수했습니다!"", ""like_count"": 0, ""unlike_count"": 0, ""score"": 0, ""author_badges"": []}, {""post_id"": 2461, ""anonymous_code"": ""황소-8760"", ""post_type"": ""trade_share"", ""title"": ""[매수] 삼성전자 100주 매수 완료"", ""like_count"": 0, ""unlike_count"": 0, ""score"": 0, ""author_badges"": []}, {""post_id"": 2462, ""anonymous_code"": ""돌고래-5159"", ""post_type"": ""analysis"", ""title"": ""삼성전자, 반도체 수출 호조 속 실적 기반 적정성 확인 필요"", ""like_count"": 0, ""unlike_count"": 0, ""score"": 0, ""author_badges"": []}, {""post_id"": 2463, ""anonymous_code"": ""독수리-8072"", ""post_type"": ""trade_share"", ""title"": ""오늘 삼성전자 일부 매도했습니다!"", ""like_count"": 0, ""unlike_count"": 0, ""score"": 0, ""author_badges"": []}, {""post_id"": 2464, ""anonymous_code"": ""늑대-4264"", ""post_type"": ""trade_share"", ""title"": ""오늘 삼성전자 일부 매도했습니다."", ""like_count"": 0, ""unlike_count"": 0, ""score"": 0, ""author_badges"": []}, {""post_id"": 2465, ""anonymous_code"": ""곰-1911"", ""post_type"": ""trade_share"", ""title"": ""오늘 삼성전자 50주 매수했습니다!"", ""like_count"": 0, ""unlike_count"": 0, ""score"": 0, ""author_badges"": []}, {""post_id"": 2466, ""anonymous_code"": ""여우-2283"", ""post_type"": ""trade_share"", ""title"": ""[매수 완료] 삼성전자 추가 매수했습니다!"", ""like_count"": 0, ""unlike_count"": 0, ""score"": 0, ""author_badges"": []}]"
chunk_001_2026-02-27_2026-03-06,2026-02-27,2,A005,1,5,19,"[2447, 2448, 2449, 2451, 2452, 2453, 2454, 2455, 2456, 2457, 2458, 2459, 2460, 2461, 2462, 2463, 2464, 2465, 2466]","[{""post_id"": 2447, ""anonymous_code"": ""곰-1801"", ""post_type"": ""trade_share"", ""title"": ""삼성전자 추가 매수했습니다!"", ""like_count"": 0, ""unlike_count"": 0, ""score"": 0, ""author_badges"": [""상위 수익자"", ""자산가"", ""커뮤니티 인플루언서""]}, {""post_id"": 2448, ""anonymous_code"": ""호랑이-8886"", ""post_type"": ""trade_share"", ""title"": ""오늘 삼성전자 일부 매도했습니다."", ""like_count"": 0, ""unlike_count"": 0, ""score"": 0, ""author_badges"": [""커뮤니티 인플루언서""]}, {""post_id"": 2449, ""anonymous_code"": ""코끼리-6457"", ""post_type"": ""trade_share"", ""title"": ""오늘 삼성전자 추가 매수했습니다!"", ""like_count"": 0, ""unlike_count"": 0, ""score"": 0, ""author_badges"": [""상위 수익자"", ""자산가"", ""커뮤니티 인플루언서""]}, {""post_id"": 2451, ""anonymous_code"": ""늑대-8884"", ""post_type"": ""trade_share"", ""title"": ""오늘 삼성전자 일부 매도했습니다."", ""like_count"": 0, ""unlike_count"": 0, ""score"": 0, ""author_badges"": [""상위 수익자"", ""자산가""]}, {""post_id"": 2452, ""anonymous_code"": ""여우-7933"", ""post_type"": ""trade_share"", ""title"": ""오늘 삼성전자 추가 매수했습니다!"", ""like_count"": 0, ""unlike_count"": 0, ""score"": 0, ""author_badges"": [""상위 수익자"", ""자산가""]}, {""post_id"": 2453, ""anonymous_code"": ""펭귄-3788"", ""post_type"": ""trade_share"", ""title"": ""오늘 삼성전자 매수했습니다!"", ""like_count"": 0, ""unlike_count"": 0, ""score"": 0, ""author_badges"": []}, {""post_id"": 2454, ""anonymous_code"": ""독수리-4082"", ""post_type"": ""trade_share"", ""title"": ""오늘 삼성전자 추가 매수했습니다!"", ""like_count"": 0, ""unlike_count"": 0, ""score"": 0, ""author_badges"": []}, {""post_id"": 2455, ""anonymous_code"": ""사자-8665"", ""post_type"": ""trade_share"", ""title"": ""오늘 삼성전자 추가 매수했습니다!"", ""like_count"": 0, ""unlike_count"": 0, ""score"": 0, ""author_badges"": []}, {""post_id"": 2456, ""anonymous_code"": ""사자-5895"", ""post_type"": ""trade_share"", ""title"": ""오늘 삼성전자 전량 매도했습니다!"", ""like_count"": 0, ""unlike_count"": 0, ""score"": 0, ""author_badges"": []}, {""post_id"": 2457, ""anonymous_code"": ""돌고래-5489"", ""post_type"": ""trade_share"", ""title"": ""[매수 보고] 삼성전자 추가 매수했습니다!"", ""like_count"": 0, ""unlike_count"": 0, ""score"": 0, ""author_badges"": []}, {""post_id"": 2458, ""anonymous_code"": ""사자-5055"", ""post_type"": ""trade_share"", ""title"": ""오늘 삼성전자 매수했습니다!"", ""like_count"": 0, ""unlike_count"": 0, ""score"": 0, ""author_badges"": []}, {""post_id"": 2459, ""anonymous_code"": ""코끼리-2877"", ""post_type"": ""analysis"", ""title"": ""삼성전자, 단기 모멘텀과 장기 리스크의 갈림길에 서다"", ""like_count"": 0, ""unlike_count"": 0, ""score"": 0, ""author_badges"": []}, {""post_id"": 2460, ""anonymous_code"": ""곰-9761"", ""post_type"": ""trade_share"", ""title"": ""오늘 삼성전자 추가 매수했습니다!"", ""like_count"": 0, ""unlike_count"": 0, ""score"": 0, ""author_badges"": []}, {""post_id"": 2461, ""anonymous_code"": ""황소-8760"", ""post_type"": ""trade_share"", ""title"": ""[매수] 삼성전자 100주 매수 완료"", ""like_count"": 0, ""unlike_count"": 0, ""score"": 0, ""author_badges"": []}, {""post_id"": 2462, ""anonymous_code"": ""돌고래-5159"", ""post_type"": ""analysis"", ""title"": ""삼성전자, 반도체 수출 호조 속 실적 기반 적정성 확인 필요"", ""like_count"": 0, ""unlike_count"": 0, ""score"": 0, ""author_badges"": []}, {""post_id"": 2463, ""anonymous_code"": ""독수리-8072"", ""post_type"": ""trade_share"", ""title"": ""오늘 삼성전자 일부 매도했습니다!"", ""like_count"": 0, ""unlike_count"": 0, ""score"": 0, ""author_badges"": []}, {""post_id"": 2464, ""anonymous_code"": ""늑대-4264"", ""post_type"": ""trade_share"", ""title"": ""오늘 삼성전자 일부 매도했습니다."", ""like_count"": 0, ""unlike_count"": 0, ""score"": 0, ""author_badges"": []}, {""post_id"": 2465, ""anonymous_code"": ""곰-1911"", ""post_type"": ""trade_share"", ""title"": ""오늘 삼성전자 50주 매수했습니다!"", ""like_count"": 0, ""unlike_count"": 0, ""score"": 0, ""author_badges"": []}, {""post_id"": 2466, ""anonymous_code"": ""여우-2283"", ""post_type"": ""trade_share"", ""title"": ""[매수 완료] 삼성전자 추가 매수했습니다!"", ""like_count"": 0, ""unlike_count"": 0, ""score"": 0, ""author_badges"": []}]"
chunk_001_2026-02-27_2026-03-06,2026-02-27,2,A006,1,5,19,"[2447, 2448, 2449, 2450, 2452, 2453, 2454, 2455, 2456, 2457, 2458, 2459, 2460, 2461, 2462, 2463, 2464, 2465, 2466]","[{""post_id"": 2447, ""anonymous_code"": ""곰-1801"", ""post_type"": ""trade_share"", ""title"": ""삼성전자 추가 매수했습니다!"", ""like_count"": 0, ""unlike_count"": 1, ""score"": -1, ""author_badges"": [""상위 수익자"", ""자산가"", ""커뮤니티 인플루언서""]}, {""post_id"": 2448, ""anonymous_code"": ""호랑이-8886"", ""post_type"": ""trade_share"", ""title"": ""오늘 삼성전자 일부 매도했습니다."", ""like_count"": 0, ""unlike_count"": 0, ""score"": 0, ""author_badges"": [""커뮤니티 인플루언서""]}, {""post_id"": 2449, ""anonymous_code"": ""코끼리-6457"", ""post_type"": ""trade_share"", ""title"": ""오늘 삼성전자 추가 매수했습니다!"", ""like_count"": 0, ""unlike_count"": 0, ""score"": 0, ""author_badges"": [""상위 수익자"", ""자산가"", ""커뮤니티 인플루언서""]}, {""post_id"": 2450, ""anonymous_code"": ""황소-9750"", ""post_type"": ""trade_share"", ""title"": ""[매수] 삼성전자 115주 추가 매수했습니다!"", ""like_count"": 0, ""unlike_count"": 0, ""score"": 0, ""author_badges"": [""상위 수익자"", ""자산가"", ""커뮤니티 인플루언서""]}, {""post_id"": 2452, ""anonymous_code"": ""여우-7933"", ""post_type"": ""trade_share"", ""title"": ""오늘 삼성전자 추가 매수했습니다!"", ""like_count"": 0, ""unlike_count"": 0, ""score"": 0, ""author_badges"": [""상위 수익자"", ""자산가""]}, {""post_id"": 2453, ""anonymous_code"": ""펭귄-3788"", ""post_type"": ""trade_share"", ""title"": ""오늘 삼성전자 매수했습니다!"", ""like_count"": 0, ""unlike_count"": 0, ""score"": 0, ""author_badges"": []}, {""post_id"": 2454, ""anonymous_code"": ""독수리-4082"", ""post_type"": ""trade_share"", ""title"": ""오늘 삼성전자 추가 매수했습니다!"", ""like_count"": 0, ""unlike_count"": 0, ""score"": 0, ""author_badges"": []}, {""post_id"": 2455, ""anonymous_code"": ""사자-8665"", ""post_type"": ""trade_share"", ""title"": ""오늘 삼성전자 추가 매수했습니다!"", ""like_count"": 0, ""unlike_count"": 0, ""score"": 0, ""author_badges"": []}, {""post_id"": 2456, ""anonymous_code"": ""사자-5895"", ""post_type"": ""trade_share"", ""title"": ""오늘 삼성전자 전량 매도했습니다!"", ""like_count"": 0, ""unlike_count"": 0, ""score"": 0, ""author_badges"": []}, {""post_id"": 2457, ""anonymous_code"": ""돌고래-5489"", ""post_type"": ""trade_share"", ""title"": ""[매수 보고] 삼성전자 추가 매수했습니다!"", ""like_count"": 0, ""unlike_count"": 0, ""score"": 0, ""author_badges"": []}, {""post_id"": 2458, ""anonymous_code"": ""사자-5055"", ""post_type"": ""trade_share"", ""title"": ""오늘 삼성전자 매수했습니다!"", ""like_count"": 0, ""unlike_count"": 0, ""score"": 0, ""author_badges"": []}, {""post_id"": 2459, ""anonymous_code"": ""코끼리-2877"", ""post_type"": ""analysis"", ""title"": ""삼성전자, 단기 모멘텀과 장기 리스크의 갈림길에 서다"", ""like_count"": 1, ""unlike_count"": 0, ""score"": 1, ""author_badges"": []}, {""post_id"": 2460, ""anonymous_code"": ""곰-9761"", ""post_type"": ""trade_share"", ""title"": ""오늘 삼성전자 추가 매수했습니다!"", ""like_count"": 0, ""unlike_count"": 0, ""score"": 0, ""author_badges"": []}, {""post_id"": 2461, ""anonymous_code"": ""황소-8760"", ""post_type"": ""trade_share"", ""title"": ""[매수] 삼성전자 100주 매수 완료"", ""like_count"": 0, ""unlike_count"": 0, ""score"": 0, ""author_badges"": []}, {""post_id"": 2462, ""anonymous_code"": ""돌고래-5159"", ""post_type"": ""analysis"", ""title"": ""삼성전자, 반도체 수출 호조 속 실적 기반 적정성 확인 필요"", ""like_count"": 1, ""unlike_count"": 0, ""score"": 1, ""author_badges"": []}, {""post_id"": 2463, ""anonymous_code"": ""독수리-8072"", ""post_type"": ""trade_share"", ""title"": ""오늘 삼성전자 일부 매도했습니다!"", ""like_count"": 0, ""unlike_count"": 0, ""score"": 0, ""author_badges"": []}, {""post_id"": 2464, ""anonymous_code"": ""늑대-4264"", ""post_type"": ""trade_share"", ""title"": ""오늘 삼성전자 일부 매도했습니다."", ""like_count"": 0, ""unlike_count"": 0, ""score"": 0, ""author_badges"": []}, {""post_id"": 2465, ""anonymous_code"": ""곰-1911"", ""post_type"": ""trade_share"", ""title"": ""오늘 삼성전자 50주 매수했습니다!"", ""like_count"": 0, ""unlike_count"": 0, ""score"": 0, ""author_badges"": []}, {""post_id"": 2466, ""anonymous_code"": ""여우-2283"", ""post_type"": ""trade_share"", ""title"": ""[매수 완료] 삼성전자 추가 매수했습니다!"", ""like_count"": 0, ""unlike_count"": 0, ""score"": 0, ""author_badges"": []}]"
chunk_001_2026-02-27_2026-03-06,2026-02-27,2,A007,2,10,19,"[2447, 2448, 2449, 2450, 2451, 2452, 2453, 2455, 2456, 2457, 2458, 2459, 2460, 2461, 2462, 2463, 2464, 2465, 2466]","[{""post_id"": 2447, ""anonymous_code"": ""곰-1801"", ""post_type"": ""trade_share"", ""title"": ""삼성전자 추가 매수했습니다!"", ""like_count"": 0, ""unlike_count"": 1, ""score"": -1, ""author_badges"": [""상위 수익자"", ""자산가"", ""커뮤니티 인플루언서""]}, {""post_id"": 2448, ""anonymous_code"": ""호랑이-8886"", ""post_type"": ""trade_share"", ""title"": ""오늘 삼성전자 일부 매도했습니다."", ""like_count"": 0, ""unlike_count"": 0, ""score"": 0, ""author_badges"": [""커뮤니티 인플루언서""]}, {""post_id"": 2449, ""anonymous_code"": ""코끼리-6457"", ""post_type"": ""trade_share"", ""title"": ""오늘 삼성전자 추가 매수했습니다!"", ""like_count"": 0, ""unlike_count"": 1, ""score"": -1, ""author_badges"": [""상위 수익자"", ""자산가"", ""커뮤니티 인플루언서""]}, {""post_id"": 2450, ""anonymous_code"": ""황소-9750"", ""post_type"": ""trade_share"", ""title"": ""[매수] 삼성전자 115주 추가 매수했습니다!"", ""like_count"": 0, ""unlike_count"": 1, ""score"": -1, ""author_badges"": [""상위 수익자"", ""자산가"", ""커뮤니티 인플루언서""]}, {""post_id"": 2451, ""anonymous_code"": ""늑대-8884"", ""post_type"": ""trade_share"", ""title"": ""오늘 삼성전자 일부 매도했습니다."", ""like_count"": 0, ""unlike_count"": 1, ""score"": -1, ""author_badges"": [""상위 수익자"", ""자산가""]}, {""post_id"": 2452, ""anonymous_code"": ""여우-7933"", ""post_type"": ""trade_share"", ""title"": ""오늘 삼성전자 추가 매수했습니다!"", ""like_count"": 0, ""unlike_count"": 0, ""score"": 0, ""author_badges"": [""상위 수익자"", ""자산가""]}, {""post_id"": 2453, ""anonymous_code"": ""펭귄-3788"", ""post_type"": ""trade_share"", ""title"": ""오늘 삼성전자 매수했습니다!"", ""like_count"": 0, ""unlike_count"": 0, ""score"": 0, ""author_badges"": []}, {""post_id"": 2455, ""anonymous_code"": ""사자-8665"", ""post_type"": ""trade_share"", ""title"": ""오늘 삼성전자 추가 매수했습니다!"", ""like_count"": 0, ""unlike_count"": 0, ""score"": 0, ""author_badges"": []}, {""post_id"": 2456, ""anonymous_code"": ""사자-5895"", ""post_type"": ""trade_share"", ""title"": ""오늘 삼성전자 전량 매도했습니다!"", ""like_count"": 0, ""unlike_count"": 0, ""score"": 0, ""author_badges"": []}, {""post_id"": 2457, ""anonymous_code"": ""돌고래-5489"", ""post_type"": ""trade_share"", ""title"": ""[매수 보고] 삼성전자 추가 매수했습니다!"", ""like_count"": 0, ""unlike_count"": 0, ""score"": 0, ""author_badges"": []}, {""post_id"": 2458, ""anonymous_code"": ""사자-5055"", ""post_type"": ""trade_share"", ""title"": ""오늘 삼성전자 매수했습니다!"", ""like_count"": 0, ""unlike_count"": 0, ""score"": 0, ""author_badges"": []}, {""post_id"": 2459, ""anonymous_code"": ""코끼리-2877"", ""post_type"": ""analysis"", ""title"": ""삼성전자, 단기 모멘텀과 장기 리스크의 갈림길에 서다"", ""like_count"": 2, ""unlike_count"": 0, ""score"": 2, ""author_badges"": []}, {""post_id"": 2460, ""anonymous_code"": ""곰-9761"", ""post_type"": ""trade_share"", ""title"": ""오늘 삼성전자 추가 매수했습니다!"", ""like_count"": 0, ""unlike_count"": 0, ""score"": 0, ""author_badges"": []}, {""post_id"": 2461, ""anonymous_code"": ""황소-8760"", ""post_type"": ""trade_share"", ""title"": ""[매수] 삼성전자 100주 매수 완료"", ""like_count"": 0, ""unlike_count"": 0, ""score"": 0, ""author_badges"": []}, {""post_id"": 2462, ""anonymous_code"": ""돌고래-5159"", ""post_type"": ""analysis"", ""title"": ""삼성전자, 반도체 수출 호조 속 실적 기반 적정성 확인 필요"", ""like_count"": 2, ""unlike_count"": 0, ""score"": 2, ""author_badges"": []}, {""post_id"": 2463, ""anonymous_code"": ""독수리-8072"", ""post_type"": ""trade_share"", ""title"": ""오늘 삼성전자 일부 매도했습니다!"", ""like_count"": 0, ""unlike_count"": 0, ""score"": 0, ""author_badges"": []}, {""post_id"": 2464, ""anonymous_code"": ""늑대-4264"", ""post_type"": ""trade_share"", ""title"": ""오늘 삼성전자 일부 매도했습니다."", ""like_count"": 0, ""unlike_count"": 0, ""score"": 0, ""author_badges"": []}, {""post_id"": 2465, ""anonymous_code"": ""곰-1911"", ""post_type"": ""trade_share"", ""title"": ""오늘 삼성전자 50주 매수했습니다!"", ""like_count"": 0, ""unlike_count"": 0, ""score"": 0, ""author_badges"": []}, {""post_id"": 2466, ""anonymous_code"": ""여우-2283"", ""post_type"": ""trade_share"", ""title"": ""[매수 완료] 삼성전자 추가 매수했습니다!"", ""like_count"": 0, ""unlike_count"": 0, ""score"": 0, ""author_badges"": []}]"
chunk_001_2026-02-27_2026-03-06,2026-02-27,2,A008,1,5,19,"[2447, 2448, 2449, 2450, 2451, 2453, 2454, 2455, 2456, 2457, 2458, 2459, 2460, 2461, 2462, 2463, 2464, 2465, 2466]","[{""post_id"": 2447, ""anonymous_code"": ""곰-1801"", ""post_type"": ""trade_share"", ""title"": ""삼성전자 추가 매수했습니다!"", ""like_count"": 0, ""unlike_count"": 1, ""score"": -1, ""author_badges"": [""상위 수익자"", ""자산가"", ""커뮤니티 인플루언서""]}, {""post_id"": 2448, ""anonymous_code"": ""호랑이-8886"", ""post_type"": ""trade_share"", ""title"": ""오늘 삼성전자 일부 매도했습니다."", ""like_count"": 1, ""unlike_count"": 0, ""score"": 1, ""author_badges"": [""커뮤니티 인플루언서""]}, {""post_id"": 2449, ""anonymous_code"": ""코끼리-6457"", ""post_type"": ""trade_share"", ""title"": ""오늘 삼성전자 추가 매수했습니다!"", ""like_count"": 0, ""unlike_count"": 1, ""score"": -1, ""author_badges"": [""상위 수익자"", ""자산가"", ""커뮤니티 인플루언서""]}, {""post_id"": 2450, ""anonymous_code"": ""황소-9750"", ""post_type"": ""trade_share"", ""title"": ""[매수] 삼성전자 115주 추가 매수했습니다!"", ""like_count"": 0, ""unlike_count"": 1, ""score"": -1, ""author_badges"": [""상위 수익자"", ""자산가"", ""커뮤니티 인플루언서""]}, {""post_id"": 2451, ""anonymous_code"": ""늑대-8884"", ""post_type"": ""trade_share"", ""title"": ""오늘 삼성전자 일부 매도했습니다."", ""like_count"": 1, ""unlike_count"": 1, ""score"": 0, ""author_badges"": [""상위 수익자"", ""자산가""]}, {""post_id"": 2453, ""anonymous_code"": ""펭귄-3788"", ""post_type"": ""trade_share"", ""title"": ""오늘 삼성전자 매수했습니다!"", ""like_count"": 0, ""unlike_count"": 0, ""score"": 0, ""author_badges"": []}, {""post_id"": 2454, ""anonymous_code"": ""독수리-4082"", ""post_type"": ""trade_share"", ""title"": ""오늘 삼성전자 추가 매수했습니다!"", ""like_count"": 0, ""unlike_count"": 0, ""score"": 0, ""author_badges"": []}, {""post_id"": 2455, ""anonymous_code"": ""사자-8665"", ""post_type"": ""trade_share"", ""title"": ""오늘 삼성전자 추가 매수했습니다!"", ""like_count"": 0, ""unlike_count"": 0, ""score"": 0, ""author_badges"": []}, {""post_id"": 2456, ""anonymous_code"": ""사자-5895"", ""post_type"": ""trade_share"", ""title"": ""오늘 삼성전자 전량 매도했습니다!"", ""like_count"": 0, ""unlike_count"": 0, ""score"": 0, ""author_badges"": []}, {""post_id"": 2457, ""anonymous_code"": ""돌고래-5489"", ""post_type"": ""trade_share"", ""title"": ""[매수 보고] 삼성전자 추가 매수했습니다!"", ""like_count"": 0, ""unlike_count"": 0, ""score"": 0, ""author_badges"": []}, {""post_id"": 2458, ""anonymous_code"": ""사자-5055"", ""post_type"": ""trade_share"", ""title"": ""오늘 삼성전자 매수했습니다!"", ""like_count"": 0, ""unlike_count"": 0, ""score"": 0, ""author_badges"": []}, {""post_id"": 2459, ""anonymous_code"": ""코끼리-2877"", ""post_type"": ""analysis"", ""title"": ""삼성전자, 단기 모멘텀과 장기 리스크의 갈림길에 서다"", ""like_count"": 3, ""unlike_count"": 0, ""score"": 3, ""author_badges"": []}, {""post_id"": 2460, ""anonymous_code"": ""곰-9761"", ""post_type"": ""trade_share"", ""title"": ""오늘 삼성전자 추가 매수했습니다!"", ""like_count"": 0, ""unlike_count"": 0, ""score"": 0, ""author_badges"": []}, {""post_id"": 2461, ""anonymous_code"": ""황소-8760"", ""post_type"": ""trade_share"", ""title"": ""[매수] 삼성전자 100주 매수 완료"", ""like_count"": 0, ""unlike_count"": 0, ""score"": 0, ""author_badges"": []}, {""post_id"": 2462, ""anonymous_code"": ""돌고래-5159"", ""post_type"": ""analysis"", ""title"": ""삼성전자, 반도체 수출 호조 속 실적 기반 적정성 확인 필요"", ""like_count"": 2, ""unlike_count"": 0, ""score"": 2, ""author_badges"": []}, {""post_id"": 2463, ""anonymous_code"": ""독수리-8072"", ""post_type"": ""trade_share"", ""title"": ""오늘 삼성전자 일부 매도했습니다!"", ""like_count"": 0, ""unlike_count"": 0, ""score"": 0, ""author_badges"": []}, {""post_id"": 2464, ""anonymous_code"": ""늑대-4264"", ""post_type"": ""trade_share"", ""title"": ""오늘 삼성전자 일부 매도했습니다."", ""like_count"": 0, ""unlike_count"": 0, ""score"": 0, ""author_badges"": []}, {""post_id"": 2465, ""anonymous_code"": ""곰-1911"", ""post_type"": ""trade_share"", ""title"": ""오늘 삼성전자 50주 매수했습니다!"", ""like_count"": 0, ""unlike_count"": 0, ""score"": 0, ""author_badges"": []}, {""post_id"": 2466, ""anonymous_code"": ""여우-2283"", ""post_type"": ""trade_share"", ""title"": ""[매수 완료] 삼성전자 추가 매수했습니다!"", ""like_count"": 0, ""unlike_count"": 0, ""score"": 0, ""author_badges"": []}]"
chunk_001_2026-02-27_2026-03-06,2026-02-27,2,A010,1,5,19,"[2447, 2448, 2449, 2450, 2451, 2452, 2454, 2455, 2456, 2457, 2458, 2459, 2460, 2461, 2462, 2463, 2464, 2465, 2466]","[{""post_id"": 2447, ""anonymous_code"": ""곰-1801"", ""post_type"": ""trade_share"", ""title"": ""삼성전자 추가 매수했습니다!"", ""like_count"": 0, ""unlike_count"": 1, ""score"": -1, ""author_badges"": [""상위 수익자"", ""자산가"", ""커뮤니티 인플루언서""]}, {""post_id"": 2448, ""anonymous_code"": ""호랑이-8886"", ""post_type"": ""trade_share"", ""title"": ""오늘 삼성전자 일부 매도했습니다."", ""like_count"": 1, ""unlike_count"": 1, ""score"": 0, ""author_badges"": [""커뮤니티 인플루언서""]}, {""post_id"": 2449, ""anonymous_code"": ""코끼리-6457"", ""post_type"": ""trade_share"", ""title"": ""오늘 삼성전자 추가 매수했습니다!"", ""like_count"": 0, ""unlike_count"": 1, ""score"": -1, ""author_badges"": [""상위 수익자"", ""자산가"", ""커뮤니티 인플루언서""]}, {""post_id"": 2450, ""anonymous_code"": ""황소-9750"", ""post_type"": ""trade_share"", ""title"": ""[매수] 삼성전자 115주 추가 매수했습니다!"", ""like_count"": 0, ""unlike_count"": 1, ""score"": -1, ""author_badges"": [""상위 수익자"", ""자산가"", ""커뮤니티 인플루언서""]}, {""post_id"": 2451, ""anonymous_code"": ""늑대-8884"", ""post_type"": ""trade_share"", ""title"": ""오늘 삼성전자 일부 매도했습니다."", ""like_count"": 1, ""unlike_count"": 1, ""score"": 0, ""author_badges"": [""상위 수익자"", ""자산가""]}, {""post_id"": 2452, ""anonymous_code"": ""여우-7933"", ""post_type"": ""trade_share"", ""title"": ""오늘 삼성전자 추가 매수했습니다!"", ""like_count"": 0, ""unlike_count"": 0, ""score"": 0, ""author_badges"": [""상위 수익자"", ""자산가""]}, {""post_id"": 2454, ""anonymous_code"": ""독수리-4082"", ""post_type"": ""trade_share"", ""title"": ""오늘 삼성전자 추가 매수했습니다!"", ""like_count"": 0, ""unlike_count"": 0, ""score"": 0, ""author_badges"": []}, {""post_id"": 2455, ""anonymous_code"": ""사자-8665"", ""post_type"": ""trade_share"", ""title"": ""오늘 삼성전자 추가 매수했습니다!"", ""like_count"": 0, ""unlike_count"": 0, ""score"": 0, ""author_badges"": []}, {""post_id"": 2456, ""anonymous_code"": ""사자-5895"", ""post_type"": ""trade_share"", ""title"": ""오늘 삼성전자 전량 매도했습니다!"", ""like_count"": 0, ""unlike_count"": 1, ""score"": -1, ""author_badges"": []}, {""post_id"": 2457, ""anonymous_code"": ""돌고래-5489"", ""post_type"": ""trade_share"", ""title"": ""[매수 보고] 삼성전자 추가 매수했습니다!"", ""like_count"": 0, ""unlike_count"": 0, ""score"": 0, ""author_badges"": []}, {""post_id"": 2458, ""anonymous_code"": ""사자-5055"", ""post_type"": ""trade_share"", ""title"": ""오늘 삼성전자 매수했습니다!"", ""like_count"": 0, ""unlike_count"": 0, ""score"": 0, ""author_badges"": []}, {""post_id"": 2459, ""anonymous_code"": ""코끼리-2877"", ""post_type"": ""analysis"", ""title"": ""삼성전자, 단기 모멘텀과 장기 리스크의 갈림길에 서다"", ""like_count"": 4, ""unlike_count"": 0, ""score"": 4, ""author_badges"": []}, {""post_id"": 2460, ""anonymous_code"": ""곰-9761"", ""post_type"": ""trade_share"", ""title"": ""오늘 삼성전자 추가 매수했습니다!"", ""like_count"": 0, ""unlike_count"": 0, ""score"": 0, ""author_badges"": []}, {""post_id"": 2461, ""anonymous_code"": ""황소-8760"", ""post_type"": ""trade_share"", ""title"": ""[매수] 삼성전자 100주 매수 완료"", ""like_count"": 0, ""unlike_count"": 0, ""score"": 0, ""author_badges"": []}, {""post_id"": 2462, ""anonymous_code"": ""돌고래-5159"", ""post_type"": ""analysis"", ""title"": ""삼성전자, 반도체 수출 호조 속 실적 기반 적정성 확인 필요"", ""like_count"": 3, ""unlike_count"": 0, ""score"": 3, ""author_badges"": []}, {""post_id"": 2463, ""anonymous_code"": ""독수리-8072"", ""post_type"": ""trade_share"", ""title"": ""오늘 삼성전자 일부 매도했습니다!"", ""like_count"": 0, ""unlike_count"": 0, ""score"": 0, ""author_badges"": []}, {""post_id"": 2464, ""anonymous_code"": ""늑대-4264"", ""post_type"": ""trade_share"", ""title"": ""오늘 삼성전자 일부 매도했습니다."", ""like_count"": 0, ""unlike_count"": 0, ""score"": 0, ""author_badges"": []}, {""post_id"": 2465, ""anonymous_code"": ""곰-1911"", ""post_type"": ""trade_share"", ""title"": ""오늘 삼성전자 50주 매수했습니다!"", ""like_count"": 0, ""unlike_count"": 0, ""score"": 0, ""author_badges"": []}, {""post_id"": 2466, ""anonymous_code"": ""여우-2283"", ""post_type"": ""trade_share"", ""title"": ""[매수 완료] 삼성전자 추가 매수했습니다!"", ""like_count"": 0, ""unlike_count"": 0, ""score"": 0, ""author_badges"": []}]"
chunk_001_2026-02-27_2026-03-06,2026-02-27,2,A011,1,5,19,"[2447, 2448, 2449, 2450, 2451, 2452, 2453, 2454, 2455, 2456, 2458, 2459, 2460, 2461, 2462, 2463, 2464, 2465, 2466]","[{""post_id"": 2447, ""anonymous_code"": ""곰-1801"", ""post_type"": ""trade_share"", ""title"": ""삼성전자 추가 매수했습니다!"", ""like_count"": 0, ""unlike_count"": 1, ""score"": -1, ""author_badges"": [""상위 수익자"", ""자산가"", ""커뮤니티 인플루언서""]}, {""post_id"": 2448, ""anonymous_code"": ""호랑이-8886"", ""post_type"": ""trade_share"", ""title"": ""오늘 삼성전자 일부 매도했습니다."", ""like_count"": 2, ""unlike_count"": 1, ""score"": 1, ""author_badges"": [""커뮤니티 인플루언서""]}, {""post_id"": 2449, ""anonymous_code"": ""코끼리-6457"", ""post_type"": ""trade_share"", ""title"": ""오늘 삼성전자 추가 매수했습니다!"", ""like_count"": 0, ""unlike_count"": 2, ""score"": -2, ""author_badges"": [""상위 수익자"", ""자산가"", ""커뮤니티 인플루언서""]}, {""post_id"": 2450, ""anonymous_code"": ""황소-9750"", ""post_type"": ""trade_share"", ""title"": ""[매수] 삼성전자 115주 추가 매수했습니다!"", ""like_count"": 0, ""unlike_count"": 1, ""score"": -1, ""author_badges"": [""상위 수익자"", ""자산가"", ""커뮤니티 인플루언서""]}, {""post_id"": 2451, ""anonymous_code"": ""늑대-8884"", ""post_type"": ""trade_share"", ""title"": ""오늘 삼성전자 일부 매도했습니다."", ""like_count"": 1, ""unlike_count"": 1, ""score"": 0, ""author_badges"": [""상위 수익자"", ""자산가""]}, {""post_id"": 2452, ""anonymous_code"": ""여우-7933"", ""post_type"": ""trade_share"", ""title"": ""오늘 삼성전자 추가 매수했습니다!"", ""like_count"": 0, ""unlike_count"": 0, ""score"": 0, ""author_badges"": [""상위 수익자"", ""자산가""]}, {""post_id"": 2453, ""anonymous_code"": ""펭귄-3788"", ""post_type"": ""trade_share"", ""title"": ""오늘 삼성전자 매수했습니다!"", ""like_count"": 0, ""unlike_count"": 0, ""score"": 0, ""author_badges"": []}, {""post_id"": 2454, ""anonymous_code"": ""독수리-4082"", ""post_type"": ""trade_share"", ""title"": ""오늘 삼성전자 추가 매수했습니다!"", ""like_count"": 0, ""unlike_count"": 0, ""score"": 0, ""author_badges"": []}, {""post_id"": 2455, ""anonymous_code"": ""사자-8665"", ""post_type"": ""trade_share"", ""title"": ""오늘 삼성전자 추가 매수했습니다!"", ""like_count"": 0, ""unlike_count"": 0, ""score"": 0, ""author_badges"": []}, {""post_id"": 2456, ""anonymous_code"": ""사자-5895"", ""post_type"": ""trade_share"", ""title"": ""오늘 삼성전자 전량 매도했습니다!"", ""like_count"": 0, ""unlike_count"": 1, ""score"": -1, ""author_badges"": []}, {""post_id"": 2458, ""anonymous_code"": ""사자-5055"", ""post_type"": ""trade_share"", ""title"": ""오늘 삼성전자 매수했습니다!"", ""like_count"": 0, ""unlike_count"": 0, ""score"": 0, ""author_badges"": []}, {""post_id"": 2459, ""anonymous_code"": ""코끼리-2877"", ""post_type"": ""analysis"", ""title"": ""삼성전자, 단기 모멘텀과 장기 리스크의 갈림길에 서다"", ""like_count"": 5, ""unlike_count"": 0, ""score"": 5, ""author_badges"": []}, {""post_id"": 2460, ""anonymous_code"": ""곰-9761"", ""post_type"": ""trade_share"", ""title"": ""오늘 삼성전자 추가 매수했습니다!"", ""like_count"": 0, ""unlike_count"": 0, ""score"": 0, ""author_badges"": []}, {""post_id"": 2461, ""anonymous_code"": ""황소-8760"", ""post_type"": ""trade_share"", ""title"": ""[매수] 삼성전자 100주 매수 완료"", ""like_count"": 0, ""unlike_count"": 0, ""score"": 0, ""author_badges"": []}, {""post_id"": 2462, ""anonymous_code"": ""돌고래-5159"", ""post_type"": ""analysis"", ""title"": ""삼성전자, 반도체 수출 호조 속 실적 기반 적정성 확인 필요"", ""like_count"": 4, ""unlike_count"": 0, ""score"": 4, ""author_badges"": []}, {""post_id"": 2463, ""anonymous_code"": ""독수리-8072"", ""post_type"": ""trade_share"", ""title"": ""오늘 삼성전자 일부 매도했습니다!"", ""like_count"": 0, ""unlike_count"": 0, ""score"": 0, ""author_badges"": []}, {""post_id"": 2464, ""anonymous_code"": ""늑대-4264"", ""post_type"": ""trade_share"", ""title"": ""오늘 삼성전자 일부 매도했습니다."", ""like_count"": 0, ""unlike_count"": 0, ""score"": 0, ""author_badges"": []}, {""post_id"": 2465, ""anonymous_code"": ""곰-1911"", ""post_type"": ""trade_share"", ""title"": ""오늘 삼성전자 50주 매수했습니다!"", ""like_count"": 0, ""unlike_count"": 0, ""score"": 0, ""author_badges"": []}, {""post_id"": 2466, ""anonymous_code"": ""여우-2283"", ""post_type"": ""trade_share"", ""title"": ""[매수 완료] 삼성전자 추가 매수했습니다!"", ""like_count"": 0, ""unlike_count"": 0, ""score"": 0, ""author_badges"": []}]"
chunk_001_2026-02-27_2026-03-06,2026-02-27,2,A012,1,5,19,"[2447, 2448, 2449, 2450, 2451, 2452, 2453, 2454, 2456, 2457, 2458, 2459, 2460, 2461, 2462, 2463, 2464, 2465, 2466]","[{""post_id"": 2447, ""anonymous_code"": ""곰-1801"", ""post_type"": ""trade_share"", ""title"": ""삼성전자 추가 매수했습니다!"", ""like_count"": 0, ""unlike_count"": 1, ""score"": -1, ""author_badges"": [""상위 수익자"", ""자산가"", ""커뮤니티 인플루언서""]}, {""post_id"": 2448, ""anonymous_code"": ""호랑이-8886"", ""post_type"": ""trade_share"", ""title"": ""오늘 삼성전자 일부 매도했습니다."", ""like_count"": 2, ""unlike_count"": 1, ""score"": 1, ""author_badges"": [""커뮤니티 인플루언서""]}, {""post_id"": 2449, ""anonymous_code"": ""코끼리-6457"", ""post_type"": ""trade_share"", ""title"": ""오늘 삼성전자 추가 매수했습니다!"", ""like_count"": 0, ""unlike_count"": 2, ""score"": -2, ""author_badges"": [""상위 수익자"", ""자산가"", ""커뮤니티 인플루언서""]}, {""post_id"": 2450, ""anonymous_code"": ""황소-9750"", ""post_type"": ""trade_share"", ""title"": ""[매수] 삼성전자 115주 추가 매수했습니다!"", ""like_count"": 0, ""unlike_count"": 1, ""score"": -1, ""author_badges"": [""상위 수익자"", ""자산가"", ""커뮤니티 인플루언서""]}, {""post_id"": 2451, ""anonymous_code"": ""늑대-8884"", ""post_type"": ""trade_share"", ""title"": ""오늘 삼성전자 일부 매도했습니다."", ""like_count"": 1, ""unlike_count"": 1, ""score"": 0, ""author_badges"": [""상위 수익자"", ""자산가""]}, {""post_id"": 2452, ""anonymous_code"": ""여우-7933"", ""post_type"": ""trade_share"", ""title"": ""오늘 삼성전자 추가 매수했습니다!"", ""like_count"": 0, ""unlike_count"": 1, ""score"": -1, ""author_badges"": [""상위 수익자"", ""자산가""]}, {""post_id"": 2453, ""anonymous_code"": ""펭귄-3788"", ""post_type"": ""trade_share"", ""title"": ""오늘 삼성전자 매수했습니다!"", ""like_count"": 0, ""unlike_count"": 0, ""score"": 0, ""author_badges"": []}, {""post_id"": 2454, ""anonymous_code"": ""독수리-4082"", ""post_type"": ""trade_share"", ""title"": ""오늘 삼성전자 추가 매수했습니다!"", ""like_count"": 0, ""unlike_count"": 0, ""score"": 0, ""author_badges"": []}, {""post_id"": 2456, ""anonymous_code"": ""사자-5895"", ""post_type"": ""trade_share"", ""title"": ""오늘 삼성전자 전량 매도했습니다!"", ""like_count"": 0, ""unlike_count"": 1, ""score"": -1, ""author_badges"": []}, {""post_id"": 2457, ""anonymous_code"": ""돌고래-5489"", ""post_type"": ""trade_share"", ""title"": ""[매수 보고] 삼성전자 추가 매수했습니다!"", ""like_count"": 0, ""unlike_count"": 0, ""score"": 0, ""author_badges"": []}, {""post_id"": 2458, ""anonymous_code"": ""사자-5055"", ""post_type"": ""trade_share"", ""title"": ""오늘 삼성전자 매수했습니다!"", ""like_count"": 0, ""unlike_count"": 0, ""score"": 0, ""author_badges"": []}, {""post_id"": 2459, ""anonymous_code"": ""코끼리-2877"", ""post_type"": ""analysis"", ""title"": ""삼성전자, 단기 모멘텀과 장기 리스크의 갈림길에 서다"", ""like_count"": 6, ""unlike_count"": 0, ""score"": 6, ""author_badges"": []}, {""post_id"": 2460, ""anonymous_code"": ""곰-9761"", ""post_type"": ""trade_share"", ""title"": ""오늘 삼성전자 추가 매수했습니다!"", ""like_count"": 0, ""unlike_count"": 0, ""score"": 0, ""author_badges"": []}, {""post_id"": 2461, ""anonymous_code"": ""황소-8760"", ""post_type"": ""trade_share"", ""title"": ""[매수] 삼성전자 100주 매수 완료"", ""like_count"": 0, ""unlike_count"": 0, ""score"": 0, ""author_badges"": []}, {""post_id"": 2462, ""anonymous_code"": ""돌고래-5159"", ""post_type"": ""analysis"", ""title"": ""삼성전자, 반도체 수출 호조 속 실적 기반 적정성 확인 필요"", ""like_count"": 5, ""unlike_count"": 0, ""score"": 5, ""author_badges"": []}, {""post_id"": 2463, ""anonymous_code"": ""독수리-8072"", ""post_type"": ""trade_share"", ""title"": ""오늘 삼성전자 일부 매도했습니다!"", ""like_count"": 0, ""unlike_count"": 0, ""score"": 0, ""author_badges"": []}, {""post_id"": 2464, ""anonymous_code"": ""늑대-4264"", ""post_type"": ""trade_share"", ""title"": ""오늘 삼성전자 일부 매도했습니다."", ""like_count"": 0, ""unlike_count"": 0, ""score"": 0, ""author_badges"": []}, {""post_id"": 2465, ""anonymous_code"": ""곰-1911"", ""post_type"": ""trade_share"", ""title"": ""오늘 삼성전자 50주 매수했습니다!"", ""like_count"": 0, ""unlike_count"": 0, ""score"": 0, ""author_badges"": []}, {""post_id"": 2466, ""anonymous_code"": ""여우-2283"", ""post_type"": ""trade_share"", ""title"": ""[매수 완료] 삼성전자 추가 매수했습니다!"", ""like_count"": 0, ""unlike_count"": 0, ""score"": 0, ""author_badges"": []}]"
chunk_001_2026-02-27_2026-03-06,2026-02-27,2,A013,1,5,19,"[2447, 2448, 2449, 2450, 2451, 2452, 2453, 2454, 2455, 2457, 2458, 2459, 2460, 2461, 2462, 2463, 2464, 2465, 2466]","[{""post_id"": 2447, ""anonymous_code"": ""곰-1801"", ""post_type"": ""trade_share"", ""title"": ""삼성전자 추가 매수했습니다!"", ""like_count"": 0, ""unlike_count"": 1, ""score"": -1, ""author_badges"": [""상위 수익자"", ""자산가"", ""커뮤니티 인플루언서""]}, {""post_id"": 2448, ""anonymous_code"": ""호랑이-8886"", ""post_type"": ""trade_share"", ""title"": ""오늘 삼성전자 일부 매도했습니다."", ""like_count"": 3, ""unlike_count"": 1, ""score"": 2, ""author_badges"": [""커뮤니티 인플루언서""]}, {""post_id"": 2449, ""anonymous_code"": ""코끼리-6457"", ""post_type"": ""trade_share"", ""title"": ""오늘 삼성전자 추가 매수했습니다!"", ""like_count"": 0, ""unlike_count"": 3, ""score"": -3, ""author_badges"": [""상위 수익자"", ""자산가"", ""커뮤니티 인플루언서""]}, {""post_id"": 2450, ""anonymous_code"": ""황소-9750"", ""post_type"": ""trade_share"", ""title"": ""[매수] 삼성전자 115주 추가 매수했습니다!"", ""like_count"": 0, ""unlike_count"": 1, ""score"": -1, ""author_badges"": [""상위 수익자"", ""자산가"", ""커뮤니티 인플루언서""]}, {""post_id"": 2451, ""anonymous_code"": ""늑대-8884"", ""post_type"": ""trade_share"", ""title"": ""오늘 삼성전자 일부 매도했습니다."", ""like_count"": 2, ""unlike_count"": 1, ""score"": 1, ""author_badges"": [""상위 수익자"", ""자산가""]}, {""post_id"": 2452, ""anonymous_code"": ""여우-7933"", ""post_type"": ""trade_share"", ""title"": ""오늘 삼성전자 추가 매수했습니다!"", ""like_count"": 0, ""unlike_count"": 1, ""score"": -1, ""author_badges"": [""상위 수익자"", ""자산가""]}, {""post_id"": 2453, ""anonymous_code"": ""펭귄-3788"", ""post_type"": ""trade_share"", ""title"": ""오늘 삼성전자 매수했습니다!"", ""like_count"": 0, ""unlike_count"": 0, ""score"": 0, ""author_badges"": []}, {""post_id"": 2454, ""anonymous_code"": ""독수리-4082"", ""post_type"": ""trade_share"", ""title"": ""오늘 삼성전자 추가 매수했습니다!"", ""like_count"": 0, ""unlike_count"": 0, ""score"": 0, ""author_badges"": []}, {""post_id"": 2455, ""anonymous_code"": ""사자-8665"", ""post_type"": ""trade_share"", ""title"": ""오늘 삼성전자 추가 매수했습니다!"", ""like_count"": 0, ""unlike_count"": 0, ""score"": 0, ""author_badges"": []}, {""post_id"": 2457, ""anonymous_code"": ""돌고래-5489"", ""post_type"": ""trade_share"", ""title"": ""[매수 보고] 삼성전자 추가 매수했습니다!"", ""like_count"": 0, ""unlike_count"": 0, ""score"": 0, ""author_badges"": []}, {""post_id"": 2458, ""anonymous_code"": ""사자-5055"", ""post_type"": ""trade_share"", ""title"": ""오늘 삼성전자 매수했습니다!"", ""like_count"": 0, ""unlike_count"": 0, ""score"": 0, ""author_badges"": []}, {""post_id"": 2459, ""anonymous_code"": ""코끼리-2877"", ""post_type"": ""analysis"", ""title"": ""삼성전자, 단기 모멘텀과 장기 리스크의 갈림길에 서다"", ""like_count"": 7, ""unlike_count"": 0, ""score"": 7, ""author_badges"": []}, {""post_id"": 2460, ""anonymous_code"": ""곰-9761"", ""post_type"": ""trade_share"", ""title"": ""오늘 삼성전자 추가 매수했습니다!"", ""like_count"": 0, ""unlike_count"": 0, ""score"": 0, ""author_badges"": []}, {""post_id"": 2461, ""anonymous_code"": ""황소-8760"", ""post_type"": ""trade_share"", ""title"": ""[매수] 삼성전자 100주 매수 완료"", ""like_count"": 0, ""unlike_count"": 0, ""score"": 0, ""author_badges"": []}, {""post_id"": 2462, ""anonymous_code"": ""돌고래-5159"", ""post_type"": ""analysis"", ""title"": ""삼성전자, 반도체 수출 호조 속 실적 기반 적정성 확인 필요"", ""like_count"": 6, ""unlike_count"": 0, ""score"": 6, ""author_badges"": []}, {""post_id"": 2463, ""anonymous_code"": ""독수리-8072"", ""post_type"": ""trade_share"", ""title"": ""오늘 삼성전자 일부 매도했습니다!"", ""like_count"": 0, ""unlike_count"": 0, ""score"": 0, ""author_badges"": []}, {""post_id"": 2464, ""anonymous_code"": ""늑대-4264"", ""post_type"": ""trade_share"", ""title"": ""오늘 삼성전자 일부 매도했습니다."", ""like_count"": 0, ""unlike_count"": 0, ""score"": 0, ""author_badges"": []}, {""post_id"": 2465, ""anonymous_code"": ""곰-1911"", ""post_type"": ""trade_share"", ""title"": ""오늘 삼성전자 50주 매수했습니다!"", ""like_count"": 0, ""unlike_count"": 0, ""score"": 0, ""author_badges"": []}, {""post_id"": 2466, ""anonymous_code"": ""여우-2283"", ""post_type"": ""trade_share"", ""title"": ""[매수 완료] 삼성전자 추가 매수했습니다!"", ""like_count"": 0, ""unlike_count"": 0, ""score"": 0, ""author_badges"": []}]"
chunk_001_2026-02-27_2026-03-06,2026-02-27,2,A014,1,5,19,"[2447, 2448, 2449, 2450, 2451, 2452, 2453, 2454, 2455, 2456, 2457, 2458, 2460, 2461, 2462, 2463, 2464, 2465, 2466]","[{""post_id"": 2447, ""anonymous_code"": ""곰-1801"", ""post_type"": ""trade_share"", ""title"": ""삼성전자 추가 매수했습니다!"", ""like_count"": 0, ""unlike_count"": 1, ""score"": -1, ""author_badges"": [""상위 수익자"", ""자산가"", ""커뮤니티 인플루언서""]}, {""post_id"": 2448, ""anonymous_code"": ""호랑이-8886"", ""post_type"": ""trade_share"", ""title"": ""오늘 삼성전자 일부 매도했습니다."", ""like_count"": 3, ""unlike_count"": 1, ""score"": 2, ""author_badges"": [""커뮤니티 인플루언서""]}, {""post_id"": 2449, ""anonymous_code"": ""코끼리-6457"", ""post_type"": ""trade_share"", ""title"": ""오늘 삼성전자 추가 매수했습니다!"", ""like_count"": 0, ""unlike_count"": 4, ""score"": -4, ""author_badges"": [""상위 수익자"", ""자산가"", ""커뮤니티 인플루언서""]}, {""post_id"": 2450, ""anonymous_code"": ""황소-9750"", ""post_type"": ""trade_share"", ""title"": ""[매수] 삼성전자 115주 추가 매수했습니다!"", ""like_count"": 0, ""unlike_count"": 1, ""score"": -1, ""author_badges"": [""상위 수익자"", ""자산가"", ""커뮤니티 인플루언서""]}, {""post_id"": 2451, ""anonymous_code"": ""늑대-8884"", ""post_type"": ""trade_share"", ""title"": ""오늘 삼성전자 일부 매도했습니다."", ""like_count"": 2, ""unlike_count"": 1, ""score"": 1, ""author_badges"": [""상위 수익자"", ""자산가""]}, {""post_id"": 2452, ""anonymous_code"": ""여우-7933"", ""post_type"": ""trade_share"", ""title"": ""오늘 삼성전자 추가 매수했습니다!"", ""like_count"": 0, ""unlike_count"": 2, ""score"": -2, ""author_badges"": [""상위 수익자"", ""자산가""]}, {""post_id"": 2453, ""anonymous_code"": ""펭귄-3788"", ""post_type"": ""trade_share"", ""title"": ""오늘 삼성전자 매수했습니다!"", ""like_count"": 0, ""unlike_count"": 0, ""score"": 0, ""author_badges"": []}, {""post_id"": 2454, ""anonymous_code"": ""독수리-4082"", ""post_type"": ""trade_share"", ""title"": ""오늘 삼성전자 추가 매수했습니다!"", ""like_count"": 0, ""unlike_count"": 0, ""score"": 0, ""author_badges"": []}, {""post_id"": 2455, ""anonymous_code"": ""사자-8665"", ""post_type"": ""trade_share"", ""title"": ""오늘 삼성전자 추가 매수했습니다!"", ""like_count"": 0, ""unlike_count"": 0, ""score"": 0, ""author_badges"": []}, {""post_id"": 2456, ""anonymous_code"": ""사자-5895"", ""post_type"": ""trade_share"", ""title"": ""오늘 삼성전자 전량 매도했습니다!"", ""like_count"": 0, ""unlike_count"": 1, ""score"": -1, ""author_badges"": []}, {""post_id"": 2457, ""anonymous_code"": ""돌고래-5489"", ""post_type"": ""trade_share"", ""title"": ""[매수 보고] 삼성전자 추가 매수했습니다!"", ""like_count"": 0, ""unlike_count"": 0, ""score"": 0, ""author_badges"": []}, {""post_id"": 2458, ""anonymous_code"": ""사자-5055"", ""post_type"": ""trade_share"", ""title"": ""오늘 삼성전자 매수했습니다!"", ""like_count"": 0, ""unlike_count"": 0, ""score"": 0, ""author_badges"": []}, {""post_id"": 2460, ""anonymous_code"": ""곰-9761"", ""post_type"": ""trade_share"", ""title"": ""오늘 삼성전자 추가 매수했습니다!"", ""like_count"": 0, ""unlike_count"": 0, ""score"": 0, ""author_badges"": []}, {""post_id"": 2461, ""anonymous_code"": ""황소-8760"", ""post_type"": ""trade_share"", ""title"": ""[매수] 삼성전자 100주 매수 완료"", ""like_count"": 0, ""unlike_count"": 0, ""score"": 0, ""author_badges"": []}, {""post_id"": 2462, ""anonymous_code"": ""돌고래-5159"", ""post_type"": ""analysis"", ""title"": ""삼성전자, 반도체 수출 호조 속 실적 기반 적정성 확인 필요"", ""like_count"": 7, ""unlike_count"": 0, ""score"": 7, ""author_badges"": []}, {""post_id"": 2463, ""anonymous_code"": ""독수리-8072"", ""post_type"": ""trade_share"", ""title"": ""오늘 삼성전자 일부 매도했습니다!"", ""like_count"": 0, ""unlike_count"": 0, ""score"": 0, ""author_badges"": []}, {""post_id"": 2464, ""anonymous_code"": ""늑대-4264"", ""post_type"": ""trade_share"", ""title"": ""오늘 삼성전자 일부 매도했습니다."", ""like_count"": 0, ""unlike_count"": 0, ""score"": 0, ""author_badges"": []}, {""post_id"": 2465, ""anonymous_code"": ""곰-1911"", ""post_type"": ""trade_share"", ""title"": ""오늘 삼성전자 50주 매수했습니다!"", ""like_count"": 0, ""unlike_count"": 0, ""score"": 0, ""author_badges"": []}, {""post_id"": 2466, ""anonymous_code"": ""여우-2283"", ""post_type"": ""trade_share"", ""title"": ""[매수 완료] 삼성전자 추가 매수했습니다!"", ""like_count"": 0, ""unlike_count"": 0, ""score"": 0, ""author_badges"": []}]"
chunk_001_2026-02-27_2026-03-06,2026-02-27,2,A015,2,10,19,"[2447, 2448, 2449, 2450, 2451, 2452, 2453, 2454, 2455, 2456, 2457, 2459, 2460, 2461, 2462, 2463, 2464, 2465, 2466]","[{""post_id"": 2447, ""anonymous_code"": ""곰-1801"", ""post_type"": ""trade_share"", ""title"": ""삼성전자 추가 매수했습니다!"", ""like_count"": 0, ""unlike_count"": 1, ""score"": -1, ""author_badges"": [""상위 수익자"", ""자산가"", ""커뮤니티 인플루언서""]}, {""post_id"": 2448, ""anonymous_code"": ""호랑이-8886"", ""post_type"": ""trade_share"", ""title"": ""오늘 삼성전자 일부 매도했습니다."", ""like_count"": 4, ""unlike_count"": 1, ""score"": 3, ""author_badges"": [""커뮤니티 인플루언서""]}, {""post_id"": 2449, ""anonymous_code"": ""코끼리-6457"", ""post_type"": ""trade_share"", ""title"": ""오늘 삼성전자 추가 매수했습니다!"", ""like_count"": 0, ""unlike_count"": 4, ""score"": -4, ""author_badges"": [""상위 수익자"", ""자산가"", ""커뮤니티 인플루언서""]}, {""post_id"": 2450, ""anonymous_code"": ""황소-9750"", ""post_type"": ""trade_share"", ""title"": ""[매수] 삼성전자 115주 추가 매수했습니다!"", ""like_count"": 0, ""unlike_count"": 1, ""score"": -1, ""author_badges"": [""상위 수익자"", ""자산가"", ""커뮤니티 인플루언서""]}, {""post_id"": 2451, ""anonymous_code"": ""늑대-8884"", ""post_type"": ""trade_share"", ""title"": ""오늘 삼성전자 일부 매도했습니다."", ""like_count"": 2, ""unlike_count"": 1, ""score"": 1, ""author_badges"": [""상위 수익자"", ""자산가""]}, {""post_id"": 2452, ""anonymous_code"": ""여우-7933"", ""post_type"": ""trade_share"", ""title"": ""오늘 삼성전자 추가 매수했습니다!"", ""like_count"": 0, ""unlike_count"": 2, ""score"": -2, ""author_badges"": [""상위 수익자"", ""자산가""]}, {""post_id"": 2453, ""anonymous_code"": ""펭귄-3788"", ""post_type"": ""trade_share"", ""title"": ""오늘 삼성전자 매수했습니다!"", ""like_count"": 0, ""unlike_count"": 0, ""score"": 0, ""author_badges"": []}, {""post_id"": 2454, ""anonymous_code"": ""독수리-4082"", ""post_type"": ""trade_share"", ""title"": ""오늘 삼성전자 추가 매수했습니다!"", ""like_count"": 0, ""unlike_count"": 0, ""score"": 0, ""author_badges"": []}, {""post_id"": 2455, ""anonymous_code"": ""사자-8665"", ""post_type"": ""trade_share"", ""title"": ""오늘 삼성전자 추가 매수했습니다!"", ""like_count"": 0, ""unlike_count"": 0, ""score"": 0, ""author_badges"": []}, {""post_id"": 2456, ""anonymous_code"": ""사자-5895"", ""post_type"": ""trade_share"", ""title"": ""오늘 삼성전자 전량 매도했습니다!"", ""like_count"": 0, ""unlike_count"": 2, ""score"": -2, ""author_badges"": []}, {""post_id"": 2457, ""anonymous_code"": ""돌고래-5489"", ""post_type"": ""trade_share"", ""title"": ""[매수 보고] 삼성전자 추가 매수했습니다!"", ""like_count"": 0, ""unlike_count"": 0, ""score"": 0, ""author_badges"": []}, {""post_id"": 2459, ""anonymous_code"": ""코끼리-2877"", ""post_type"": ""analysis"", ""title"": ""삼성전자, 단기 모멘텀과 장기 리스크의 갈림길에 서다"", ""like_count"": 9, ""unlike_count"": 0, ""score"": 9, ""author_badges"": []}, {""post_id"": 2460, ""anonymous_code"": ""곰-9761"", ""post_type"": ""trade_share"", ""title"": ""오늘 삼성전자 추가 매수했습니다!"", ""like_count"": 0, ""unlike_count"": 0, ""score"": 0, ""author_badges"": []}, {""post_id"": 2461, ""anonymous_code"": ""황소-8760"", ""post_type"": ""trade_share"", ""title"": ""[매수] 삼성전자 100주 매수 완료"", ""like_count"": 0, ""unlike_count"": 0, ""score"": 0, ""author_badges"": []}, {""post_id"": 2462, ""anonymous_code"": ""돌고래-5159"", ""post_type"": ""analysis"", ""title"": ""삼성전자, 반도체 수출 호조 속 실적 기반 적정성 확인 필요"", ""like_count"": 8, ""unlike_count"": 0, ""score"": 8, ""author_badges"": []}, {""post_id"": 2463, ""anonymous_code"": ""독수리-8072"", ""post_type"": ""trade_share"", ""title"": ""오늘 삼성전자 일부 매도했습니다!"", ""like_count"": 0, ""unlike_count"": 0, ""score"": 0, ""author_badges"": []}, {""post_id"": 2464, ""anonymous_code"": ""늑대-4264"", ""post_type"": ""trade_share"", ""title"": ""오늘 삼성전자 일부 매도했습니다."", ""like_count"": 0, ""unlike_count"": 0, ""score"": 0, ""author_badges"": []}, {""post_id"": 2465, ""anonymous_code"": ""곰-1911"", ""post_type"": ""trade_share"", ""title"": ""오늘 삼성전자 50주 매수했습니다!"", ""like_count"": 0, ""unlike_count"": 0, ""score"": 0, ""author_badges"": []}, {""post_id"": 2466, ""anonymous_code"": ""여우-2283"", ""post_type"": ""trade_share"", ""title"": ""[매수 완료] 삼성전자 추가 매수했습니다!"", ""like_count"": 0, ""unlike_count"": 0, ""score"": 0, ""author_badges"": []}]"
chunk_001_2026-02-27_2026-03-06,2026-02-27,2,A017,2,10,19,"[2447, 2448, 2449, 2450, 2451, 2452, 2453, 2454, 2455, 2456, 2457, 2458, 2459, 2460, 2461, 2462, 2463, 2464, 2466]","[{""post_id"": 2447, ""anonymous_code"": ""곰-1801"", ""post_type"": ""trade_share"", ""title"": ""삼성전자 추가 매수했습니다!"", ""like_count"": 0, ""unlike_count"": 1, ""score"": -1, ""author_badges"": [""상위 수익자"", ""자산가"", ""커뮤니티 인플루언서""]}, {""post_id"": 2448, ""anonymous_code"": ""호랑이-8886"", ""post_type"": ""trade_share"", ""title"": ""오늘 삼성전자 일부 매도했습니다."", ""like_count"": 5, ""unlike_count"": 1, ""score"": 4, ""author_badges"": [""커뮤니티 인플루언서""]}, {""post_id"": 2449, ""anonymous_code"": ""코끼리-6457"", ""post_type"": ""trade_share"", ""title"": ""오늘 삼성전자 추가 매수했습니다!"", ""like_count"": 0, ""unlike_count"": 5, ""score"": -5, ""author_badges"": [""상위 수익자"", ""자산가"", ""커뮤니티 인플루언서""]}, {""post_id"": 2450, ""anonymous_code"": ""황소-9750"", ""post_type"": ""trade_share"", ""title"": ""[매수] 삼성전자 115주 추가 매수했습니다!"", ""like_count"": 0, ""unlike_count"": 1, ""score"": -1, ""author_badges"": [""상위 수익자"", ""자산가"", ""커뮤니티 인플루언서""]}, {""post_id"": 2451, ""anonymous_code"": ""늑대-8884"", ""post_type"": ""trade_share"", ""title"": ""오늘 삼성전자 일부 매도했습니다."", ""like_count"": 3, ""unlike_count"": 1, ""score"": 2, ""author_badges"": [""상위 수익자"", ""자산가""]}, {""post_id"": 2452, ""anonymous_code"": ""여우-7933"", ""post_type"": ""trade_share"", ""title"": ""오늘 삼성전자 추가 매수했습니다!"", ""like_count"": 0, ""unlike_count"": 3, ""score"": -3, ""author_badges"": [""상위 수익자"", ""자산가""]}, {""post_id"": 2453, ""anonymous_code"": ""펭귄-3788"", ""post_type"": ""trade_share"", ""title"": ""오늘 삼성전자 매수했습니다!"", ""like_count"": 0, ""unlike_count"": 0, ""score"": 0, ""author_badges"": []}, {""post_id"": 2454, ""anonymous_code"": ""독수리-4082"", ""post_type"": ""trade_share"", ""title"": ""오늘 삼성전자 추가 매수했습니다!"", ""like_count"": 0, ""unlike_count"": 0, ""score"": 0, ""author_badges"": []}, {""post_id"": 2455, ""anonymous_code"": ""사자-8665"", ""post_type"": ""trade_share"", ""title"": ""오늘 삼성전자 추가 매수했습니다!"", ""like_count"": 0, ""unlike_count"": 0, ""score"": 0, ""author_badges"": []}, {""post_id"": 2456, ""anonymous_code"": ""사자-5895"", ""post_type"": ""trade_share"", ""title"": ""오늘 삼성전자 전량 매도했습니다!"", ""like_count"": 0, ""unlike_count"": 2, ""score"": -2, ""author_badges"": []}, {""post_id"": 2457, ""anonymous_code"": ""돌고래-5489"", ""post_type"": ""trade_share"", ""title"": ""[매수 보고] 삼성전자 추가 매수했습니다!"", ""like_count"": 0, ""unlike_count"": 0, ""score"": 0, ""author_badges"": []}, {""post_id"": 2458, ""anonymous_code"": ""사자-5055"", ""post_type"": ""trade_share"", ""title"": ""오늘 삼성전자 매수했습니다!"", ""like_count"": 0, ""unlike_count"": 0, ""score"": 0, ""author_badges"": []}, {""post_id"": 2459, ""anonymous_code"": ""코끼리-2877"", ""post_type"": ""analysis"", ""title"": ""삼성전자, 단기 모멘텀과 장기 리스크의 갈림길에 서다"", ""like_count"": 9, ""unlike_count"": 0, ""score"": 9, ""author_badges"": []}, {""post_id"": 2460, ""anonymous_code"": ""곰-9761"", ""post_type"": ""trade_share"", ""title"": ""오늘 삼성전자 추가 매수했습니다!"", ""like_count"": 0, ""unlike_count"": 0, ""score"": 0, ""author_badges"": []}, {""post_id"": 2461, ""anonymous_code"": ""황소-8760"", ""post_type"": ""trade_share"", ""title"": ""[매수] 삼성전자 100주 매수 완료"", ""like_count"": 0, ""unlike_count"": 0, ""score"": 0, ""author_badges"": []}, {""post_id"": 2462, ""anonymous_code"": ""돌고래-5159"", ""post_type"": ""analysis"", ""title"": ""삼성전자, 반도체 수출 호조 속 실적 기반 적정성 확인 필요"", ""like_count"": 9, ""unlike_count"": 0, ""score"": 9, ""author_badges"": []}, {""post_id"": 2463, ""anonymous_code"": ""독수리-8072"", ""post_type"": ""trade_share"", ""title"": ""오늘 삼성전자 일부 매도했습니다!"", ""like_count"": 0, ""unlike_count"": 0, ""score"": 0, ""author_badges"": []}, {""post_id"": 2464, ""anonymous_code"": ""늑대-4264"", ""post_type"": ""trade_share"", ""title"": ""오늘 삼성전자 일부 매도했습니다."", ""like_count"": 0, ""unlike_count"": 0, ""score"": 0, ""author_badges"": []}, {""post_id"": 2466, ""anonymous_code"": ""여우-2283"", ""post_type"": ""trade_share"", ""title"": ""[매수 완료] 삼성전자 추가 매수했습니다!"", ""like_count"": 0, ""unlike_count"": 0, ""score"": 0, ""author_badges"": []}]"
chunk_001_2026-02-27_2026-03-06,2026-02-27,2,A019,1,5,19,"[2447, 2448, 2449, 2450, 2451, 2452, 2453, 2454, 2455, 2456, 2457, 2458, 2459, 2461, 2462, 2463, 2464, 2465, 2466]","[{""post_id"": 2447, ""anonymous_code"": ""곰-1801"", ""post_type"": ""trade_share"", ""title"": ""삼성전자 추가 매수했습니다!"", ""like_count"": 0, ""unlike_count"": 1, ""score"": -1, ""author_badges"": [""상위 수익자"", ""자산가"", ""커뮤니티 인플루언서""]}, {""post_id"": 2448, ""anonymous_code"": ""호랑이-8886"", ""post_type"": ""trade_share"", ""title"": ""오늘 삼성전자 일부 매도했습니다."", ""like_count"": 6, ""unlike_count"": 1, ""score"": 5, ""author_badges"": [""커뮤니티 인플루언서""]}, {""post_id"": 2449, ""anonymous_code"": ""코끼리-6457"", ""post_type"": ""trade_share"", ""title"": ""오늘 삼성전자 추가 매수했습니다!"", ""like_count"": 0, ""unlike_count"": 5, ""score"": -5, ""author_badges"": [""상위 수익자"", ""자산가"", ""커뮤니티 인플루언서""]}, {""post_id"": 2450, ""anonymous_code"": ""황소-9750"", ""post_type"": ""trade_share"", ""title"": ""[매수] 삼성전자 115주 추가 매수했습니다!"", ""like_count"": 0, ""unlike_count"": 1, ""score"": -1, ""author_badges"": [""상위 수익자"", ""자산가"", ""커뮤니티 인플루언서""]}, {""post_id"": 2451, ""anonymous_code"": ""늑대-8884"", ""post_type"": ""trade_share"", ""title"": ""오늘 삼성전자 일부 매도했습니다."", ""like_count"": 4, ""unlike_count"": 1, ""score"": 3, ""author_badges"": [""상위 수익자"", ""자산가""]}, {""post_id"": 2452, ""anonymous_code"": ""여우-7933"", ""post_type"": ""trade_share"", ""title"": ""오늘 삼성전자 추가 매수했습니다!"", ""like_count"": 0, ""unlike_count"": 3, ""score"": -3, ""author_badges"": [""상위 수익자"", ""자산가""]}, {""post_id"": 2453, ""anonymous_code"": ""펭귄-3788"", ""post_type"": ""trade_share"", ""title"": ""오늘 삼성전자 매수했습니다!"", ""like_count"": 0, ""unlike_count"": 0, ""score"": 0, ""author_badges"": []}, {""post_id"": 2454, ""anonymous_code"": ""독수리-4082"", ""post_type"": ""trade_share"", ""title"": ""오늘 삼성전자 추가 매수했습니다!"", ""like_count"": 0, ""unlike_count"": 0, ""score"": 0, ""author_badges"": []}, {""post_id"": 2455, ""anonymous_code"": ""사자-8665"", ""post_type"": ""trade_share"", ""title"": ""오늘 삼성전자 추가 매수했습니다!"", ""like_count"": 0, ""unlike_count"": 0, ""score"": 0, ""author_badges"": []}, {""post_id"": 2456, ""anonymous_code"": ""사자-5895"", ""post_type"": ""trade_share"", ""title"": ""오늘 삼성전자 전량 매도했습니다!"", ""like_count"": 0, ""unlike_count"": 2, ""score"": -2, ""author_badges"": []}, {""post_id"": 2457, ""anonymous_code"": ""돌고래-5489"", ""post_type"": ""trade_share"", ""title"": ""[매수 보고] 삼성전자 추가 매수했습니다!"", ""like_count"": 0, ""unlike_count"": 0, ""score"": 0, ""author_badges"": []}, {""post_id"": 2458, ""anonymous_code"": ""사자-5055"", ""post_type"": ""trade_share"", ""title"": ""오늘 삼성전자 매수했습니다!"", ""like_count"": 0, ""unlike_count"": 0, ""score"": 0, ""author_badges"": []}, {""post_id"": 2459, ""anonymous_code"": ""코끼리-2877"", ""post_type"": ""analysis"", ""title"": ""삼성전자, 단기 모멘텀과 장기 리스크의 갈림길에 서다"", ""like_count"": 10, ""unlike_count"": 0, ""score"": 10, ""author_badges"": []}, {""post_id"": 2461, ""anonymous_code"": ""황소-8760"", ""post_type"": ""trade_share"", ""title"": ""[매수] 삼성전자 100주 매수 완료"", ""like_count"": 0, ""unlike_count"": 0, ""score"": 0, ""author_badges"": []}, {""post_id"": 2462, ""anonymous_code"": ""돌고래-5159"", ""post_type"": ""analysis"", ""title"": ""삼성전자, 반도체 수출 호조 속 실적 기반 적정성 확인 필요"", ""like_count"": 10, ""unlike_count"": 0, ""score"": 10, ""author_badges"": []}, {""post_id"": 2463, ""anonymous_code"": ""독수리-8072"", ""post_type"": ""trade_share"", ""title"": ""오늘 삼성전자 일부 매도했습니다!"", ""like_count"": 0, ""unlike_count"": 0, ""score"": 0, ""author_badges"": []}, {""post_id"": 2464, ""anonymous_code"": ""늑대-4264"", ""post_type"": ""trade_share"", ""title"": ""오늘 삼성전자 일부 매도했습니다."", ""like_count"": 0, ""unlike_count"": 0, ""score"": 0, ""author_badges"": []}, {""post_id"": 2465, ""anonymous_code"": ""곰-1911"", ""post_type"": ""trade_share"", ""title"": ""오늘 삼성전자 50주 매수했습니다!"", ""like_count"": 0, ""unlike_count"": 0, ""score"": 0, ""author_badges"": []}, {""post_id"": 2466, ""anonymous_code"": ""여우-2283"", ""post_type"": ""trade_share"", ""title"": ""[매수 완료] 삼성전자 추가 매수했습니다!"", ""like_count"": 0, ""unlike_count"": 0, ""score"": 0, ""author_badges"": []}]"
chunk_001_2026-02-27_2026-03-06,2026-02-27,2,A020,2,10,19,"[2447, 2448, 2449, 2450, 2451, 2452, 2453, 2454, 2455, 2456, 2457, 2458, 2459, 2460, 2462, 2463, 2464, 2465, 2466]","[{""post_id"": 2447, ""anonymous_code"": ""곰-1801"", ""post_type"": ""trade_share"", ""title"": ""삼성전자 추가 매수했습니다!"", ""like_count"": 0, ""unlike_count"": 1, ""score"": -1, ""author_badges"": [""상위 수익자"", ""자산가"", ""커뮤니티 인플루언서""]}, {""post_id"": 2448, ""anonymous_code"": ""호랑이-8886"", ""post_type"": ""trade_share"", ""title"": ""오늘 삼성전자 일부 매도했습니다."", ""like_count"": 7, ""unlike_count"": 1, ""score"": 6, ""author_badges"": [""커뮤니티 인플루언서""]}, {""post_id"": 2449, ""anonymous_code"": ""코끼리-6457"", ""post_type"": ""trade_share"", ""title"": ""오늘 삼성전자 추가 매수했습니다!"", ""like_count"": 0, ""unlike_count"": 6, ""score"": -6, ""author_badges"": [""상위 수익자"", ""자산가"", ""커뮤니티 인플루언서""]}, {""post_id"": 2450, ""anonymous_code"": ""황소-9750"", ""post_type"": ""trade_share"", ""title"": ""[매수] 삼성전자 115주 추가 매수했습니다!"", ""like_count"": 0, ""unlike_count"": 1, ""score"": -1, ""author_badges"": [""상위 수익자"", ""자산가"", ""커뮤니티 인플루언서""]}, {""post_id"": 2451, ""anonymous_code"": ""늑대-8884"", ""post_type"": ""trade_share"", ""title"": ""오늘 삼성전자 일부 매도했습니다."", ""like_count"": 4, ""unlike_count"": 1, ""score"": 3, ""author_badges"": [""상위 수익자"", ""자산가""]}, {""post_id"": 2452, ""anonymous_code"": ""여우-7933"", ""post_type"": ""trade_share"", ""title"": ""오늘 삼성전자 추가 매수했습니다!"", ""like_count"": 0, ""unlike_count"": 3, ""score"": -3, ""author_badges"": [""상위 수익자"", ""자산가""]}, {""post_id"": 2453, ""anonymous_code"": ""펭귄-3788"", ""post_type"": ""trade_share"", ""title"": ""오늘 삼성전자 매수했습니다!"", ""like_count"": 0, ""unlike_count"": 0, ""score"": 0, ""author_badges"": []}, {""post_id"": 2454, ""anonymous_code"": ""독수리-4082"", ""post_type"": ""trade_share"", ""title"": ""오늘 삼성전자 추가 매수했습니다!"", ""like_count"": 0, ""unlike_count"": 0, ""score"": 0, ""author_badges"": []}, {""post_id"": 2455, ""anonymous_code"": ""사자-8665"", ""post_type"": ""trade_share"", ""title"": ""오늘 삼성전자 추가 매수했습니다!"", ""like_count"": 0, ""unlike_count"": 0, ""score"": 0, ""author_badges"": []}, {""post_id"": 2456, ""anonymous_code"": ""사자-5895"", ""post_type"": ""trade_share"", ""title"": ""오늘 삼성전자 전량 매도했습니다!"", ""like_count"": 0, ""unlike_count"": 3, ""score"": -3, ""author_badges"": []}, {""post_id"": 2457, ""anonymous_code"": ""돌고래-5489"", ""post_type"": ""trade_share"", ""title"": ""[매수 보고] 삼성전자 추가 매수했습니다!"", ""like_count"": 0, ""unlike_count"": 0, ""score"": 0, ""author_badges"": []}, {""post_id"": 2458, ""anonymous_code"": ""사자-5055"", ""post_type"": ""trade_share"", ""title"": ""오늘 삼성전자 매수했습니다!"", ""like_count"": 0, ""unlike_count"": 0, ""score"": 0, ""author_badges"": []}, {""post_id"": 2459, ""anonymous_code"": ""코끼리-2877"", ""post_type"": ""analysis"", ""title"": ""삼성전자, 단기 모멘텀과 장기 리스크의 갈림길에 서다"", ""like_count"": 11, ""unlike_count"": 0, ""score"": 11, ""author_badges"": []}, {""post_id"": 2460, ""anonymous_code"": ""곰-9761"", ""post_type"": ""trade_share"", ""title"": ""오늘 삼성전자 추가 매수했습니다!"", ""like_count"": 0, ""unlike_count"": 0, ""score"": 0, ""author_badges"": []}, {""post_id"": 2462, ""anonymous_code"": ""돌고래-5159"", ""post_type"": ""analysis"", ""title"": ""삼성전자, 반도체 수출 호조 속 실적 기반 적정성 확인 필요"", ""like_count"": 11, ""unlike_count"": 0, ""score"": 11, ""author_badges"": []}, {""post_id"": 2463, ""anonymous_code"": ""독수리-8072"", ""post_type"": ""trade_share"", ""title"": ""오늘 삼성전자 일부 매도했습니다!"", ""like_count"": 0, ""unlike_count"": 0, ""score"": 0, ""author_badges"": []}, {""post_id"": 2464, ""anonymous_code"": ""늑대-4264"", ""post_type"": ""trade_share"", ""title"": ""오늘 삼성전자 일부 매도했습니다."", ""like_count"": 0, ""unlike_count"": 0, ""score"": 0, ""author_badges"": []}, {""post_id"": 2465, ""anonymous_code"": ""곰-1911"", ""post_type"": ""trade_share"", ""title"": ""오늘 삼성전자 50주 매수했습니다!"", ""like_count"": 0, ""unlike_count"": 0, ""score"": 0, ""author_badges"": []}, {""post_id"": 2466, ""anonymous_code"": ""여우-2283"", ""post_type"": ""trade_share"", ""title"": ""[매수 완료] 삼성전자 추가 매수했습니다!"", ""like_count"": 0, ""unlike_count"": 0, ""score"": 0, ""author_badges"": []}]"
chunk_001_2026-02-27_2026-03-06,2026-02-27,2,A022,1,5,19,"[2447, 2448, 2449, 2450, 2451, 2452, 2453, 2454, 2455, 2456, 2457, 2458, 2459, 2460, 2461, 2463, 2464, 2465, 2466]","[{""post_id"": 2447, ""anonymous_code"": ""곰-1801"", ""post_type"": ""trade_share"", ""title"": ""삼성전자 추가 매수했습니다!"", ""like_count"": 0, ""unlike_count"": 1, ""score"": -1, ""author_badges"": [""상위 수익자"", ""자산가"", ""커뮤니티 인플루언서""]}, {""post_id"": 2448, ""anonymous_code"": ""호랑이-8886"", ""post_type"": ""trade_share"", ""title"": ""오늘 삼성전자 일부 매도했습니다."", ""like_count"": 8, ""unlike_count"": 1, ""score"": 7, ""author_badges"": [""커뮤니티 인플루언서""]}, {""post_id"": 2449, ""anonymous_code"": ""코끼리-6457"", ""post_type"": ""trade_share"", ""title"": ""오늘 삼성전자 추가 매수했습니다!"", ""like_count"": 0, ""unlike_count"": 6, ""score"": -6, ""author_badges"": [""상위 수익자"", ""자산가"", ""커뮤니티 인플루언서""]}, {""post_id"": 2450, ""anonymous_code"": ""황소-9750"", ""post_type"": ""trade_share"", ""title"": ""[매수] 삼성전자 115주 추가 매수했습니다!"", ""like_count"": 0, ""unlike_count"": 1, ""score"": -1, ""author_badges"": [""상위 수익자"", ""자산가"", ""커뮤니티 인플루언서""]}, {""post_id"": 2451, ""anonymous_code"": ""늑대-8884"", ""post_type"": ""trade_share"", ""title"": ""오늘 삼성전자 일부 매도했습니다."", ""like_count"": 5, ""unlike_count"": 1, ""score"": 4, ""author_badges"": [""상위 수익자"", ""자산가""]}, {""post_id"": 2452, ""anonymous_code"": ""여우-7933"", ""post_type"": ""trade_share"", ""title"": ""오늘 삼성전자 추가 매수했습니다!"", ""like_count"": 0, ""unlike_count"": 3, ""score"": -3, ""author_badges"": [""상위 수익자"", ""자산가""]}, {""post_id"": 2453, ""anonymous_code"": ""펭귄-3788"", ""post_type"": ""trade_share"", ""title"": ""오늘 삼성전자 매수했습니다!"", ""like_count"": 0, ""unlike_count"": 0, ""score"": 0, ""author_badges"": []}, {""post_id"": 2454, ""anonymous_code"": ""독수리-4082"", ""post_type"": ""trade_share"", ""title"": ""오늘 삼성전자 추가 매수했습니다!"", ""like_count"": 0, ""unlike_count"": 0, ""score"": 0, ""author_badges"": []}, {""post_id"": 2455, ""anonymous_code"": ""사자-8665"", ""post_type"": ""trade_share"", ""title"": ""오늘 삼성전자 추가 매수했습니다!"", ""like_count"": 0, ""unlike_count"": 0, ""score"": 0, ""author_badges"": []}, {""post_id"": 2456, ""anonymous_code"": ""사자-5895"", ""post_type"": ""trade_share"", ""title"": ""오늘 삼성전자 전량 매도했습니다!"", ""like_count"": 0, ""unlike_count"": 3, ""score"": -3, ""author_badges"": []}, {""post_id"": 2457, ""anonymous_code"": ""돌고래-5489"", ""post_type"": ""trade_share"", ""title"": ""[매수 보고] 삼성전자 추가 매수했습니다!"", ""like_count"": 0, ""unlike_count"": 0, ""score"": 0, ""author_badges"": []}, {""post_id"": 2458, ""anonymous_code"": ""사자-5055"", ""post_type"": ""trade_share"", ""title"": ""오늘 삼성전자 매수했습니다!"", ""like_count"": 0, ""unlike_count"": 0, ""score"": 0, ""author_badges"": []}, {""post_id"": 2459, ""anonymous_code"": ""코끼리-2877"", ""post_type"": ""analysis"", ""title"": ""삼성전자, 단기 모멘텀과 장기 리스크의 갈림길에 서다"", ""like_count"": 12, ""unlike_count"": 0, ""score"": 12, ""author_badges"": []}, {""post_id"": 2460, ""anonymous_code"": ""곰-9761"", ""post_type"": ""trade_share"", ""title"": ""오늘 삼성전자 추가 매수했습니다!"", ""like_count"": 0, ""unlike_count"": 1, ""score"": -1, ""author_badges"": []}, {""post_id"": 2461, ""anonymous_code"": ""황소-8760"", ""post_type"": ""trade_share"", ""title"": ""[매수] 삼성전자 100주 매수 완료"", ""like_count"": 0, ""unlike_count"": 0, ""score"": 0, ""author_badges"": []}, {""post_id"": 2463, ""anonymous_code"": ""독수리-8072"", ""post_type"": ""trade_share"", ""title"": ""오늘 삼성전자 일부 매도했습니다!"", ""like_count"": 0, ""unlike_count"": 0, ""score"": 0, ""author_badges"": []}, {""post_id"": 2464, ""anonymous_code"": ""늑대-4264"", ""post_type"": ""trade_share"", ""title"": ""오늘 삼성전자 일부 매도했습니다."", ""like_count"": 0, ""unlike_count"": 0, ""score"": 0, ""author_badges"": []}, {""post_id"": 2465, ""anonymous_code"": ""곰-1911"", ""post_type"": ""trade_share"", ""title"": ""오늘 삼성전자 50주 매수했습니다!"", ""like_count"": 0, ""unlike_count"": 0, ""score"": 0, ""author_badges"": []}, {""post_id"": 2466, ""anonymous_code"": ""여우-2283"", ""post_type"": ""trade_share"", ""title"": ""[매수 완료] 삼성전자 추가 매수했습니다!"", ""like_count"": 0, ""unlike_count"": 0, ""score"": 0, ""author_badges"": []}]"
chunk_001_2026-02-27_2026-03-06,2026-02-27,2,A025,1,5,19,"[2447, 2448, 2449, 2450, 2451, 2452, 2453, 2454, 2455, 2456, 2457, 2458, 2459, 2460, 2461, 2462, 2464, 2465, 2466]","[{""post_id"": 2447, ""anonymous_code"": ""곰-1801"", ""post_type"": ""trade_share"", ""title"": ""삼성전자 추가 매수했습니다!"", ""like_count"": 0, ""unlike_count"": 1, ""score"": -1, ""author_badges"": [""상위 수익자"", ""자산가"", ""커뮤니티 인플루언서""]}, {""post_id"": 2448, ""anonymous_code"": ""호랑이-8886"", ""post_type"": ""trade_share"", ""title"": ""오늘 삼성전자 일부 매도했습니다."", ""like_count"": 9, ""unlike_count"": 1, ""score"": 8, ""author_badges"": [""커뮤니티 인플루언서""]}, {""post_id"": 2449, ""anonymous_code"": ""코끼리-6457"", ""post_type"": ""trade_share"", ""title"": ""오늘 삼성전자 추가 매수했습니다!"", ""like_count"": 0, ""unlike_count"": 7, ""score"": -7, ""author_badges"": [""상위 수익자"", ""자산가"", ""커뮤니티 인플루언서""]}, {""post_id"": 2450, ""anonymous_code"": ""황소-9750"", ""post_type"": ""trade_share"", ""title"": ""[매수] 삼성전자 115주 추가 매수했습니다!"", ""like_count"": 0, ""unlike_count"": 1, ""score"": -1, ""author_badges"": [""상위 수익자"", ""자산가"", ""커뮤니티 인플루언서""]}, {""post_id"": 2451, ""anonymous_code"": ""늑대-8884"", ""post_type"": ""trade_share"", ""title"": ""오늘 삼성전자 일부 매도했습니다."", ""like_count"": 6, ""unlike_count"": 1, ""score"": 5, ""author_badges"": [""상위 수익자"", ""자산가""]}, {""post_id"": 2452, ""anonymous_code"": ""여우-7933"", ""post_type"": ""trade_share"", ""title"": ""오늘 삼성전자 추가 매수했습니다!"", ""like_count"": 0, ""unlike_count"": 4, ""score"": -4, ""author_badges"": [""상위 수익자"", ""자산가""]}, {""post_id"": 2453, ""anonymous_code"": ""펭귄-3788"", ""post_type"": ""trade_share"", ""title"": ""오늘 삼성전자 매수했습니다!"", ""like_count"": 0, ""unlike_count"": 0, ""score"": 0, ""author_badges"": []}, {""post_id"": 2454, ""anonymous_code"": ""독수리-4082"", ""post_type"": ""trade_share"", ""title"": ""오늘 삼성전자 추가 매수했습니다!"", ""like_count"": 0, ""unlike_count"": 0, ""score"": 0, ""author_badges"": []}, {""post_id"": 2455, ""anonymous_code"": ""사자-8665"", ""post_type"": ""trade_share"", ""title"": ""오늘 삼성전자 추가 매수했습니다!"", ""like_count"": 0, ""unlike_count"": 0, ""score"": 0, ""author_badges"": []}, {""post_id"": 2456, ""anonymous_code"": ""사자-5895"", ""post_type"": ""trade_share"", ""title"": ""오늘 삼성전자 전량 매도했습니다!"", ""like_count"": 0, ""unlike_count"": 3, ""score"": -3, ""author_badges"": []}, {""post_id"": 2457, ""anonymous_code"": ""돌고래-5489"", ""post_type"": ""trade_share"", ""title"": ""[매수 보고] 삼성전자 추가 매수했습니다!"", ""like_count"": 0, ""unlike_count"": 0, ""score"": 0, ""author_badges"": []}, {""post_id"": 2458, ""anonymous_code"": ""사자-5055"", ""post_type"": ""trade_share"", ""title"": ""오늘 삼성전자 매수했습니다!"", ""like_count"": 0, ""unlike_count"": 0, ""score"": 0, ""author_badges"": []}, {""post_id"": 2459, ""anonymous_code"": ""코끼리-2877"", ""post_type"": ""analysis"", ""title"": ""삼성전자, 단기 모멘텀과 장기 리스크의 갈림길에 서다"", ""like_count"": 13, ""unlike_count"": 0, ""score"": 13, ""author_badges"": []}, {""post_id"": 2460, ""anonymous_code"": ""곰-9761"", ""post_type"": ""trade_share"", ""title"": ""오늘 삼성전자 추가 매수했습니다!"", ""like_count"": 0, ""unlike_count"": 2, ""score"": -2, ""author_badges"": []}, {""post_id"": 2461, ""anonymous_code"": ""황소-8760"", ""post_type"": ""trade_share"", ""title"": ""[매수] 삼성전자 100주 매수 완료"", ""like_count"": 0, ""unlike_count"": 0, ""score"": 0, ""author_badges"": []}, {""post_id"": 2462, ""anonymous_code"": ""돌고래-5159"", ""post_type"": ""analysis"", ""title"": ""삼성전자, 반도체 수출 호조 속 실적 기반 적정성 확인 필요"", ""like_count"": 12, ""unlike_count"": 0, ""score"": 12, ""author_badges"": []}, {""post_id"": 2464, ""anonymous_code"": ""늑대-4264"", ""post_type"": ""trade_share"", ""title"": ""오늘 삼성전자 일부 매도했습니다."", ""like_count"": 0, ""unlike_count"": 0, ""score"": 0, ""author_badges"": []}, {""post_id"": 2465, ""anonymous_code"": ""곰-1911"", ""post_type"": ""trade_share"", ""title"": ""오늘 삼성전자 50주 매수했습니다!"", ""like_count"": 0, ""unlike_count"": 0, ""score"": 0, ""author_badges"": []}, {""post_id"": 2466, ""anonymous_code"": ""여우-2283"", ""post_type"": ""trade_share"", ""title"": ""[매수 완료] 삼성전자 추가 매수했습니다!"", ""like_count"": 0, ""unlike_count"": 0, ""score"": 0, ""author_badges"": []}]"
chunk_001_2026-02-27_2026-03-06,2026-02-27,2,A026,1,5,19,"[2447, 2448, 2449, 2450, 2451, 2452, 2453, 2454, 2455, 2456, 2457, 2458, 2459, 2460, 2461, 2462, 2463, 2464, 2465]","[{""post_id"": 2447, ""anonymous_code"": ""곰-1801"", ""post_type"": ""trade_share"", ""title"": ""삼성전자 추가 매수했습니다!"", ""like_count"": 0, ""unlike_count"": 1, ""score"": -1, ""author_badges"": [""상위 수익자"", ""자산가"", ""커뮤니티 인플루언서""]}, {""post_id"": 2448, ""anonymous_code"": ""호랑이-8886"", ""post_type"": ""trade_share"", ""title"": ""오늘 삼성전자 일부 매도했습니다."", ""like_count"": 10, ""unlike_count"": 1, ""score"": 9, ""author_badges"": [""커뮤니티 인플루언서""]}, {""post_id"": 2449, ""anonymous_code"": ""코끼리-6457"", ""post_type"": ""trade_share"", ""title"": ""오늘 삼성전자 추가 매수했습니다!"", ""like_count"": 0, ""unlike_count"": 7, ""score"": -7, ""author_badges"": [""상위 수익자"", ""자산가"", ""커뮤니티 인플루언서""]}, {""post_id"": 2450, ""anonymous_code"": ""황소-9750"", ""post_type"": ""trade_share"", ""title"": ""[매수] 삼성전자 115주 추가 매수했습니다!"", ""like_count"": 0, ""unlike_count"": 1, ""score"": -1, ""author_badges"": [""상위 수익자"", ""자산가"", ""커뮤니티 인플루언서""]}, {""post_id"": 2451, ""anonymous_code"": ""늑대-8884"", ""post_type"": ""trade_share"", ""title"": ""오늘 삼성전자 일부 매도했습니다."", ""like_count"": 7, ""unlike_count"": 1, ""score"": 6, ""author_badges"": [""상위 수익자"", ""자산가""]}, {""post_id"": 2452, ""anonymous_code"": ""여우-7933"", ""post_type"": ""trade_share"", ""title"": ""오늘 삼성전자 추가 매수했습니다!"", ""like_count"": 0, ""unlike_count"": 4, ""score"": -4, ""author_badges"": [""상위 수익자"", ""자산가""]}, {""post_id"": 2453, ""anonymous_code"": ""펭귄-3788"", ""post_type"": ""trade_share"", ""title"": ""오늘 삼성전자 매수했습니다!"", ""like_count"": 0, ""unlike_count"": 0, ""score"": 0, ""author_badges"": []}, {""post_id"": 2454, ""anonymous_code"": ""독수리-4082"", ""post_type"": ""trade_share"", ""title"": ""오늘 삼성전자 추가 매수했습니다!"", ""like_count"": 0, ""unlike_count"": 0, ""score"": 0, ""author_badges"": []}, {""post_id"": 2455, ""anonymous_code"": ""사자-8665"", ""post_type"": ""trade_share"", ""title"": ""오늘 삼성전자 추가 매수했습니다!"", ""like_count"": 0, ""unlike_count"": 0, ""score"": 0, ""author_badges"": []}, {""post_id"": 2456, ""anonymous_code"": ""사자-5895"", ""post_type"": ""trade_share"", ""title"": ""오늘 삼성전자 전량 매도했습니다!"", ""like_count"": 0, ""unlike_count"": 3, ""score"": -3, ""author_badges"": []}, {""post_id"": 2457, ""anonymous_code"": ""돌고래-5489"", ""post_type"": ""trade_share"", ""title"": ""[매수 보고] 삼성전자 추가 매수했습니다!"", ""like_count"": 0, ""unlike_count"": 0, ""score"": 0, ""author_badges"": []}, {""post_id"": 2458, ""anonymous_code"": ""사자-5055"", ""post_type"": ""trade_share"", ""title"": ""오늘 삼성전자 매수했습니다!"", ""like_count"": 0, ""unlike_count"": 0, ""score"": 0, ""author_badges"": []}, {""post_id"": 2459, ""anonymous_code"": ""코끼리-2877"", ""post_type"": ""analysis"", ""title"": ""삼성전자, 단기 모멘텀과 장기 리스크의 갈림길에 서다"", ""like_count"": 13, ""unlike_count"": 0, ""score"": 13, ""author_badges"": []}, {""post_id"": 2460, ""anonymous_code"": ""곰-9761"", ""post_type"": ""trade_share"", ""title"": ""오늘 삼성전자 추가 매수했습니다!"", ""like_count"": 0, ""unlike_count"": 2, ""score"": -2, ""author_badges"": []}, {""post_id"": 2461, ""anonymous_code"": ""황소-8760"", ""post_type"": ""trade_share"", ""title"": ""[매수] 삼성전자 100주 매수 완료"", ""like_count"": 0, ""unlike_count"": 0, ""score"": 0, ""author_badges"": []}, {""post_id"": 2462, ""anonymous_code"": ""돌고래-5159"", ""post_type"": ""analysis"", ""title"": ""삼성전자, 반도체 수출 호조 속 실적 기반 적정성 확인 필요"", ""like_count"": 12, ""unlike_count"": 1, ""score"": 11, ""author_badges"": []}, {""post_id"": 2463, ""anonymous_code"": ""독수리-8072"", ""post_type"": ""trade_share"", ""title"": ""오늘 삼성전자 일부 매도했습니다!"", ""like_count"": 0, ""unlike_count"": 0, ""score"": 0, ""author_badges"": []}, {""post_id"": 2464, ""anonymous_code"": ""늑대-4264"", ""post_type"": ""trade_share"", ""title"": ""오늘 삼성전자 일부 매도했습니다."", ""like_count"": 0, ""unlike_count"": 0, ""score"": 0, ""author_badges"": []}, {""post_id"": 2465, ""anonymous_code"": ""곰-1911"", ""post_type"": ""trade_share"", ""title"": ""오늘 삼성전자 50주 매수했습니다!"", ""like_count"": 0, ""unlike_count"": 0, ""score"": 0, ""author_badges"": []}]"
chunk_001_2026-02-27_2026-03-06,2026-02-27,2,A027,1,5,19,"[2447, 2448, 2449, 2450, 2451, 2452, 2453, 2454, 2455, 2456, 2457, 2458, 2459, 2460, 2461, 2462, 2463, 2465, 2466]","[{""post_id"": 2447, ""anonymous_code"": ""곰-1801"", ""post_type"": ""trade_share"", ""title"": ""삼성전자 추가 매수했습니다!"", ""like_count"": 0, ""unlike_count"": 1, ""score"": -1, ""author_badges"": [""상위 수익자"", ""자산가"", ""커뮤니티 인플루언서""]}, {""post_id"": 2448, ""anonymous_code"": ""호랑이-8886"", ""post_type"": ""trade_share"", ""title"": ""오늘 삼성전자 일부 매도했습니다."", ""like_count"": 11, ""unlike_count"": 1, ""score"": 10, ""author_badges"": [""커뮤니티 인플루언서""]}, {""post_id"": 2449, ""anonymous_code"": ""코끼리-6457"", ""post_type"": ""trade_share"", ""title"": ""오늘 삼성전자 추가 매수했습니다!"", ""like_count"": 0, ""unlike_count"": 8, ""score"": -8, ""author_badges"": [""상위 수익자"", ""자산가"", ""커뮤니티 인플루언서""]}, {""post_id"": 2450, ""anonymous_code"": ""황소-9750"", ""post_type"": ""trade_share"", ""title"": ""[매수] 삼성전자 115주 추가 매수했습니다!"", ""like_count"": 0, ""unlike_count"": 1, ""score"": -1, ""author_badges"": [""상위 수익자"", ""자산가"", ""커뮤니티 인플루언서""]}, {""post_id"": 2451, ""anonymous_code"": ""늑대-8884"", ""post_type"": ""trade_share"", ""title"": ""오늘 삼성전자 일부 매도했습니다."", ""like_count"": 7, ""unlike_count"": 1, ""score"": 6, ""author_badges"": [""상위 수익자"", ""자산가""]}, {""post_id"": 2452, ""anonymous_code"": ""여우-7933"", ""post_type"": ""trade_share"", ""title"": ""오늘 삼성전자 추가 매수했습니다!"", ""like_count"": 0, ""unlike_count"": 5, ""score"": -5, ""author_badges"": [""상위 수익자"", ""자산가""]}, {""post_id"": 2453, ""anonymous_code"": ""펭귄-3788"", ""post_type"": ""trade_share"", ""title"": ""오늘 삼성전자 매수했습니다!"", ""like_count"": 0, ""unlike_count"": 0, ""score"": 0, ""author_badges"": []}, {""post_id"": 2454, ""anonymous_code"": ""독수리-4082"", ""post_type"": ""trade_share"", ""title"": ""오늘 삼성전자 추가 매수했습니다!"", ""like_count"": 0, ""unlike_count"": 0, ""score"": 0, ""author_badges"": []}, {""post_id"": 2455, ""anonymous_code"": ""사자-8665"", ""post_type"": ""trade_share"", ""title"": ""오늘 삼성전자 추가 매수했습니다!"", ""like_count"": 0, ""unlike_count"": 0, ""score"": 0, ""author_badges"": []}, {""post_id"": 2456, ""anonymous_code"": ""사자-5895"", ""post_type"": ""trade_share"", ""title"": ""오늘 삼성전자 전량 매도했습니다!"", ""like_count"": 0, ""unlike_count"": 3, ""score"": -3, ""author_badges"": []}, {""post_id"": 2457, ""anonymous_code"": ""돌고래-5489"", ""post_type"": ""trade_share"", ""title"": ""[매수 보고] 삼성전자 추가 매수했습니다!"", ""like_count"": 0, ""unlike_count"": 0, ""score"": 0, ""author_badges"": []}, {""post_id"": 2458, ""anonymous_code"": ""사자-5055"", ""post_type"": ""trade_share"", ""title"": ""오늘 삼성전자 매수했습니다!"", ""like_count"": 0, ""unlike_count"": 0, ""score"": 0, ""author_badges"": []}, {""post_id"": 2459, ""anonymous_code"": ""코끼리-2877"", ""post_type"": ""analysis"", ""title"": ""삼성전자, 단기 모멘텀과 장기 리스크의 갈림길에 서다"", ""like_count"": 14, ""unlike_count"": 0, ""score"": 14, ""author_badges"": []}, {""post_id"": 2460, ""anonymous_code"": ""곰-9761"", ""post_type"": ""trade_share"", ""title"": ""오늘 삼성전자 추가 매수했습니다!"", ""like_count"": 0, ""unlike_count"": 2, ""score"": -2, ""author_badges"": []}, {""post_id"": 2461, ""anonymous_code"": ""황소-8760"", ""post_type"": ""trade_share"", ""title"": ""[매수] 삼성전자 100주 매수 완료"", ""like_count"": 0, ""unlike_count"": 0, ""score"": 0, ""author_badges"": []}, {""post_id"": 2462, ""anonymous_code"": ""돌고래-5159"", ""post_type"": ""analysis"", ""title"": ""삼성전자, 반도체 수출 호조 속 실적 기반 적정성 확인 필요"", ""like_count"": 13, ""unlike_count"": 1, ""score"": 12, ""author_badges"": []}, {""post_id"": 2463, ""anonymous_code"": ""독수리-8072"", ""post_type"": ""trade_share"", ""title"": ""오늘 삼성전자 일부 매도했습니다!"", ""like_count"": 0, ""unlike_count"": 0, ""score"": 0, ""author_badges"": []}, {""post_id"": 2465, ""anonymous_code"": ""곰-1911"", ""post_type"": ""trade_share"", ""title"": ""오늘 삼성전자 50주 매수했습니다!"", ""like_count"": 0, ""unlike_count"": 0, ""score"": 0, ""author_badges"": []}, {""post_id"": 2466, ""anonymous_code"": ""여우-2283"", ""post_type"": ""trade_share"", ""title"": ""[매수 완료] 삼성전자 추가 매수했습니다!"", ""like_count"": 0, ""unlike_count"": 1, ""score"": -1, ""author_badges"": []}]"
chunk_001_2026-02-27_2026-03-06,2026-03-03,4,A001,1,5,19,"[2467, 2469, 2470, 2471, 2472, 2473, 2474, 2475, 2476, 2477, 2478, 2479, 2480, 2481, 2482, 2483, 2484, 2485, 2486]","[{""post_id"": 2467, ""anonymous_code"": ""곰-1801"", ""post_type"": ""trade_share"", ""title"": ""오늘 삼성전자 추가 매수했습니다!"", ""like_count"": 0, ""unlike_count"": 0, ""score"": 0, ""author_badges"": []}, {""post_id"": 2469, ""anonymous_code"": ""코끼리-6457"", ""post_type"": ""trade_share"", ""title"": ""오늘 삼성전자로 매수했습니다!"", ""like_count"": 0, ""unlike_count"": 0, ""score"": 0, ""author_badges"": []}, {""post_id"": 2470, ""anonymous_code"": ""황소-9750"", ""post_type"": ""trade_share"", ""title"": ""오늘 삼성전자 추가 매수했습니다!"", ""like_count"": 0, ""unlike_count"": 0, ""score"": 0, ""author_badges"": []}, {""post_id"": 2471, ""anonymous_code"": ""늑대-8884"", ""post_type"": ""trade_share"", ""title"": ""오늘 삼성전자 100주 매수했습니다!"", ""like_count"": 0, ""unlike_count"": 0, ""score"": 0, ""author_badges"": [""상위 수익자"", ""자산가"", ""커뮤니티 인플루언서""]}, {""post_id"": 2472, ""anonymous_code"": ""펭귄-3788"", ""post_type"": ""trade_share"", ""title"": ""[매수 기록] 삼성전자 32주 추가 매수했습니다!"", ""like_count"": 0, ""unlike_count"": 0, ""score"": 0, ""author_badges"": []}, {""post_id"": 2473, ""anonymous_code"": ""독수리-4082"", ""post_type"": ""trade_share"", ""title"": ""오늘 삼성전자 추가 매수했습니다!"", ""like_count"": 0, ""unlike_count"": 0, ""score"": 0, ""author_badges"": []}, {""post_id"": 2474, ""anonymous_code"": ""여우-7933"", ""post_type"": ""trade_share"", ""title"": ""삼성전자 추가 매수했습니다!"", ""like_count"": 0, ""unlike_count"": 0, ""score"": 0, ""author_badges"": []}, {""post_id"": 2475, ""anonymous_code"": ""돌고래-5489"", ""post_type"": ""trade_share"", ""title"": ""삼성전자 추가 매수했습니다!"", ""like_count"": 0, ""unlike_count"": 0, ""score"": 0, ""author_badges"": []}, {""post_id"": 2476, ""anonymous_code"": ""사자-8665"", ""post_type"": ""trade_share"", ""title"": ""오늘 삼성전자 저가 매수했습니다!"", ""like_count"": 0, ""unlike_count"": 0, ""score"": 0, ""author_badges"": []}, {""post_id"": 2477, ""anonymous_code"": ""사자-5895"", ""post_type"": ""trade_share"", ""title"": ""삼성전자 추가 매수했습니다!"", ""like_count"": 0, ""unlike_count"": 0, ""score"": 0, ""author_badges"": [""상위 수익자"", ""자산가""]}, {""post_id"": 2478, ""anonymous_code"": ""코끼리-2877"", ""post_type"": ""analysis"", ""title"": ""단기 기술적 약세와 장기 호재의 조화"", ""like_count"": 0, ""unlike_count"": 0, ""score"": 0, ""author_badges"": [""커뮤니티 인플루언서""]}, {""post_id"": 2479, ""anonymous_code"": ""사자-5055"", ""post_type"": ""trade_share"", ""title"": ""삼성전자 매수했습니다!🛒"", ""like_count"": 0, ""unlike_count"": 0, ""score"": 0, ""author_badges"": []}, {""post_id"": 2480, ""anonymous_code"": ""곰-1911"", ""post_type"": ""trade_share"", ""title"": ""오늘 삼성전자 소량 매수했습니다!"", ""like_count"": 0, ""unlike_count"": 0, ""score"": 0, ""author_badges"": []}, {""post_id"": 2481, ""anonymous_code"": ""곰-9761"", ""post_type"": ""trade_share"", ""title"": ""오늘 삼성전자 추가 매수했습니다!"", ""like_count"": 0, ""unlike_count"": 0, ""score"": 0, ""author_badges"": []}, {""post_id"": 2482, ""anonymous_code"": ""황소-8760"", ""post_type"": ""trade_share"", ""title"": ""오늘 삼성전자 30주 매수했습니다!"", ""like_count"": 0, ""unlike_count"": 0, ""score"": 0, ""author_badges"": []}, {""post_id"": 2483, ""anonymous_code"": ""돌고래-5159"", ""post_type"": ""trade_share"", ""title"": ""오늘 삼성전자 매수했습니다!"", ""like_count"": 0, ""unlike_count"": 0, ""score"": 0, ""author_badges"": [""커뮤니티 인플루언서""]}, {""post_id"": 2484, ""anonymous_code"": ""늑대-4264"", ""post_type"": ""trade_share"", ""title"": ""오늘 삼성전자 일부 매도했습니다."", ""like_count"": 0, ""unlike_count"": 0, ""score"": 0, ""author_badges"": [""상위 수익자"", ""자산가""]}, {""post_id"": 2485, ""anonymous_code"": ""여우-2283"", ""post_type"": ""trade_share"", ""title"": ""[매수 공유] 삼성전자 60주 매수했습니다!"", ""like_count"": 0, ""unlike_count"": 0, ""score"": 0, ""author_badges"": []}, {""post_id"": 2486, ""anonymous_code"": ""독수리-8072"", ""post_type"": ""analysis"", ""title"": ""삼성전자, 단기 조정 속에서도 장기적 매력은 여전하다"", ""like_count"": 0, ""unlike_count"": 0, ""score"": 0, ""author_badges"": [""상위 수익자"", ""자산가""]}]"
chunk_001_2026-02-27_2026-03-06,2026-03-03,4,A003,1,5,19,"[2468, 2469, 2470, 2471, 2472, 2473, 2474, 2475, 2476, 2477, 2478, 2479, 2480, 2481, 2482, 2483, 2484, 2485, 2486]","[{""post_id"": 2468, ""anonymous_code"": ""호랑이-8886"", ""post_type"": ""trade_share"", ""title"": ""오늘 삼성전자 매수 진행했습니다!"", ""like_count"": 0, ""unlike_count"": 0, ""score"": 0, ""author_badges"": [""상위 수익자"", ""자산가"", ""커뮤니티 인플루언서""]}, {""post_id"": 2469, ""anonymous_code"": ""코끼리-6457"", ""post_type"": ""trade_share"", ""title"": ""오늘 삼성전자로 매수했습니다!"", ""like_count"": 0, ""unlike_count"": 0, ""score"": 0, ""author_badges"": []}, {""post_id"": 2470, ""anonymous_code"": ""황소-9750"", ""post_type"": ""trade_share"", ""title"": ""오늘 삼성전자 추가 매수했습니다!"", ""like_count"": 0, ""unlike_count"": 0, ""score"": 0, ""author_badges"": []}, {""post_id"": 2471, ""anonymous_code"": ""늑대-8884"", ""post_type"": ""trade_share"", ""title"": ""오늘 삼성전자 100주 매수했습니다!"", ""like_count"": 0, ""unlike_count"": 0, ""score"": 0, ""author_badges"": [""상위 수익자"", ""자산가"", ""커뮤니티 인플루언서""]}, {""post_id"": 2472, ""anonymous_code"": ""펭귄-3788"", ""post_type"": ""trade_share"", ""title"": ""[매수 기록] 삼성전자 32주 추가 매수했습니다!"", ""like_count"": 0, ""unlike_count"": 0, ""score"": 0, ""author_badges"": []}, {""post_id"": 2473, ""anonymous_code"": ""독수리-4082"", ""post_type"": ""trade_share"", ""title"": ""오늘 삼성전자 추가 매수했습니다!"", ""like_count"": 0, ""unlike_count"": 0, ""score"": 0, ""author_badges"": []}, {""post_id"": 2474, ""anonymous_code"": ""여우-7933"", ""post_type"": ""trade_share"", ""title"": ""삼성전자 추가 매수했습니다!"", ""like_count"": 0, ""unlike_count"": 0, ""score"": 0, ""author_badges"": []}, {""post_id"": 2475, ""anonymous_code"": ""돌고래-5489"", ""post_type"": ""trade_share"", ""title"": ""삼성전자 추가 매수했습니다!"", ""like_count"": 0, ""unlike_count"": 0, ""score"": 0, ""author_badges"": []}, {""post_id"": 2476, ""anonymous_code"": ""사자-8665"", ""post_type"": ""trade_share"", ""title"": ""오늘 삼성전자 저가 매수했습니다!"", ""like_count"": 0, ""unlike_count"": 0, ""score"": 0, ""author_badges"": []}, {""post_id"": 2477, ""anonymous_code"": ""사자-5895"", ""post_type"": ""trade_share"", ""title"": ""삼성전자 추가 매수했습니다!"", ""like_count"": 0, ""unlike_count"": 0, ""score"": 0, ""author_badges"": [""상위 수익자"", ""자산가""]}, {""post_id"": 2478, ""anonymous_code"": ""코끼리-2877"", ""post_type"": ""analysis"", ""title"": ""단기 기술적 약세와 장기 호재의 조화"", ""like_count"": 0, ""unlike_count"": 0, ""score"": 0, ""author_badges"": [""커뮤니티 인플루언서""]}, {""post_id"": 2479, ""anonymous_code"": ""사자-5055"", ""post_type"": ""trade_share"", ""title"": ""삼성전자 매수했습니다!🛒"", ""like_count"": 0, ""unlike_count"": 0, ""score"": 0, ""author_badges"": []}, {""post_id"": 2480, ""anonymous_code"": ""곰-1911"", ""post_type"": ""trade_share"", ""title"": ""오늘 삼성전자 소량 매수했습니다!"", ""like_count"": 0, ""unlike_count"": 0, ""score"": 0, ""author_badges"": []}, {""post_id"": 2481, ""anonymous_code"": ""곰-9761"", ""post_type"": ""trade_share"", ""title"": ""오늘 삼성전자 추가 매수했습니다!"", ""like_count"": 0, ""unlike_count"": 0, ""score"": 0, ""author_badges"": []}, {""post_id"": 2482, ""anonymous_code"": ""황소-8760"", ""post_type"": ""trade_share"", ""title"": ""오늘 삼성전자 30주 매수했습니다!"", ""like_count"": 0, ""unlike_count"": 0, ""score"": 0, ""author_badges"": []}, {""post_id"": 2483, ""anonymous_code"": ""돌고래-5159"", ""post_type"": ""trade_share"", ""title"": ""오늘 삼성전자 매수했습니다!"", ""like_count"": 0, ""unlike_count"": 0, ""score"": 0, ""author_badges"": [""커뮤니티 인플루언서""]}, {""post_id"": 2484, ""anonymous_code"": ""늑대-4264"", ""post_type"": ""trade_share"", ""title"": ""오늘 삼성전자 일부 매도했습니다."", ""like_count"": 0, ""unlike_count"": 0, ""score"": 0, ""author_badges"": [""상위 수익자"", ""자산가""]}, {""post_id"": 2485, ""anonymous_code"": ""여우-2283"", ""post_type"": ""trade_share"", ""title"": ""[매수 공유] 삼성전자 60주 매수했습니다!"", ""like_count"": 0, ""unlike_count"": 0, ""score"": 0, ""author_badges"": []}, {""post_id"": 2486, ""anonymous_code"": ""독수리-8072"", ""post_type"": ""analysis"", ""title"": ""삼성전자, 단기 조정 속에서도 장기적 매력은 여전하다"", ""like_count"": 0, ""unlike_count"": 0, ""score"": 0, ""author_badges"": [""상위 수익자"", ""자산가""]}]"
chunk_001_2026-02-27_2026-03-06,2026-03-03,4,A004,1,5,19,"[2467, 2468, 2470, 2471, 2472, 2473, 2474, 2475, 2476, 2477, 2478, 2479, 2480, 2481, 2482, 2483, 2484, 2485, 2486]","[{""post_id"": 2467, ""anonymous_code"": ""곰-1801"", ""post_type"": ""trade_share"", ""title"": ""오늘 삼성전자 추가 매수했습니다!"", ""like_count"": 0, ""unlike_count"": 0, ""score"": 0, ""author_badges"": []}, {""post_id"": 2468, ""anonymous_code"": ""호랑이-8886"", ""post_type"": ""trade_share"", ""title"": ""오늘 삼성전자 매수 진행했습니다!"", ""like_count"": 0, ""unlike_count"": 0, ""score"": 0, ""author_badges"": [""상위 수익자"", ""자산가"", ""커뮤니티 인플루언서""]}, {""post_id"": 2470, ""anonymous_code"": ""황소-9750"", ""post_type"": ""trade_share"", ""title"": ""오늘 삼성전자 추가 매수했습니다!"", ""like_count"": 0, ""unlike_count"": 0, ""score"": 0, ""author_badges"": []}, {""post_id"": 2471, ""anonymous_code"": ""늑대-8884"", ""post_type"": ""trade_share"", ""title"": ""오늘 삼성전자 100주 매수했습니다!"", ""like_count"": 0, ""unlike_count"": 0, ""score"": 0, ""author_badges"": [""상위 수익자"", ""자산가"", ""커뮤니티 인플루언서""]}, {""post_id"": 2472, ""anonymous_code"": ""펭귄-3788"", ""post_type"": ""trade_share"", ""title"": ""[매수 기록] 삼성전자 32주 추가 매수했습니다!"", ""like_count"": 0, ""unlike_count"": 0, ""score"": 0, ""author_badges"": []}, {""post_id"": 2473, ""anonymous_code"": ""독수리-4082"", ""post_type"": ""trade_share"", ""title"": ""오늘 삼성전자 추가 매수했습니다!"", ""like_count"": 0, ""unlike_count"": 0, ""score"": 0, ""author_badges"": []}, {""post_id"": 2474, ""anonymous_code"": ""여우-7933"", ""post_type"": ""trade_share"", ""title"": ""삼성전자 추가 매수했습니다!"", ""like_count"": 0, ""unlike_count"": 0, ""score"": 0, ""author_badges"": []}, {""post_id"": 2475, ""anonymous_code"": ""돌고래-5489"", ""post_type"": ""trade_share"", ""title"": ""삼성전자 추가 매수했습니다!"", ""like_count"": 0, ""unlike_count"": 0, ""score"": 0, ""author_badges"": []}, {""post_id"": 2476, ""anonymous_code"": ""사자-8665"", ""post_type"": ""trade_share"", ""title"": ""오늘 삼성전자 저가 매수했습니다!"", ""like_count"": 0, ""unlike_count"": 0, ""score"": 0, ""author_badges"": []}, {""post_id"": 2477, ""anonymous_code"": ""사자-5895"", ""post_type"": ""trade_share"", ""title"": ""삼성전자 추가 매수했습니다!"", ""like_count"": 0, ""unlike_count"": 0, ""score"": 0, ""author_badges"": [""상위 수익자"", ""자산가""]}, {""post_id"": 2478, ""anonymous_code"": ""코끼리-2877"", ""post_type"": ""analysis"", ""title"": ""단기 기술적 약세와 장기 호재의 조화"", ""like_count"": 0, ""unlike_count"": 0, ""score"": 0, ""author_badges"": [""커뮤니티 인플루언서""]}, {""post_id"": 2479, ""anonymous_code"": ""사자-5055"", ""post_type"": ""trade_share"", ""title"": ""삼성전자 매수했습니다!🛒"", ""like_count"": 0, ""unlike_count"": 0, ""score"": 0, ""author_badges"": []}, {""post_id"": 2480, ""anonymous_code"": ""곰-1911"", ""post_type"": ""trade_share"", ""title"": ""오늘 삼성전자 소량 매수했습니다!"", ""like_count"": 0, ""unlike_count"": 0, ""score"": 0, ""author_badges"": []}, {""post_id"": 2481, ""anonymous_code"": ""곰-9761"", ""post_type"": ""trade_share"", ""title"": ""오늘 삼성전자 추가 매수했습니다!"", ""like_count"": 0, ""unlike_count"": 0, ""score"": 0, ""author_badges"": []}, {""post_id"": 2482, ""anonymous_code"": ""황소-8760"", ""post_type"": ""trade_share"", ""title"": ""오늘 삼성전자 30주 매수했습니다!"", ""like_count"": 0, ""unlike_count"": 0, ""score"": 0, ""author_badges"": []}, {""post_id"": 2483, ""anonymous_code"": ""돌고래-5159"", ""post_type"": ""trade_share"", ""title"": ""오늘 삼성전자 매수했습니다!"", ""like_count"": 0, ""unlike_count"": 0, ""score"": 0, ""author_badges"": [""커뮤니티 인플루언서""]}, {""post_id"": 2484, ""anonymous_code"": ""늑대-4264"", ""post_type"": ""trade_share"", ""title"": ""오늘 삼성전자 일부 매도했습니다."", ""like_count"": 0, ""unlike_count"": 0, ""score"": 0, ""author_badges"": [""상위 수익자"", ""자산가""]}, {""post_id"": 2485, ""anonymous_code"": ""여우-2283"", ""post_type"": ""trade_share"", ""title"": ""[매수 공유] 삼성전자 60주 매수했습니다!"", ""like_count"": 0, ""unlike_count"": 0, ""score"": 0, ""author_badges"": []}, {""post_id"": 2486, ""anonymous_code"": ""독수리-8072"", ""post_type"": ""analysis"", ""title"": ""삼성전자, 단기 조정 속에서도 장기적 매력은 여전하다"", ""like_count"": 0, ""unlike_count"": 0, ""score"": 0, ""author_badges"": [""상위 수익자"", ""자산가""]}]"
chunk_001_2026-02-27_2026-03-06,2026-03-03,4,A005,1,5,19,"[2467, 2468, 2469, 2471, 2472, 2473, 2474, 2475, 2476, 2477, 2478, 2479, 2480, 2481, 2482, 2483, 2484, 2485, 2486]","[{""post_id"": 2467, ""anonymous_code"": ""곰-1801"", ""post_type"": ""trade_share"", ""title"": ""오늘 삼성전자 추가 매수했습니다!"", ""like_count"": 0, ""unlike_count"": 0, ""score"": 0, ""author_badges"": []}, {""post_id"": 2468, ""anonymous_code"": ""호랑이-8886"", ""post_type"": ""trade_share"", ""title"": ""오늘 삼성전자 매수 진행했습니다!"", ""like_count"": 0, ""unlike_count"": 0, ""score"": 0, ""author_badges"": [""상위 수익자"", ""자산가"", ""커뮤니티 인플루언서""]}, {""post_id"": 2469, ""anonymous_code"": ""코끼리-6457"", ""post_type"": ""trade_share"", ""title"": ""오늘 삼성전자로 매수했습니다!"", ""like_count"": 0, ""unlike_count"": 0, ""score"": 0, ""author_badges"": []}, {""post_id"": 2471, ""anonymous_code"": ""늑대-8884"", ""post_type"": ""trade_share"", ""title"": ""오늘 삼성전자 100주 매수했습니다!"", ""like_count"": 0, ""unlike_count"": 0, ""score"": 0, ""author_badges"": [""상위 수익자"", ""자산가"", ""커뮤니티 인플루언서""]}, {""post_id"": 2472, ""anonymous_code"": ""펭귄-3788"", ""post_type"": ""trade_share"", ""title"": ""[매수 기록] 삼성전자 32주 추가 매수했습니다!"", ""like_count"": 0, ""unlike_count"": 0, ""score"": 0, ""author_badges"": []}, {""post_id"": 2473, ""anonymous_code"": ""독수리-4082"", ""post_type"": ""trade_share"", ""title"": ""오늘 삼성전자 추가 매수했습니다!"", ""like_count"": 0, ""unlike_count"": 0, ""score"": 0, ""author_badges"": []}, {""post_id"": 2474, ""anonymous_code"": ""여우-7933"", ""post_type"": ""trade_share"", ""title"": ""삼성전자 추가 매수했습니다!"", ""like_count"": 0, ""unlike_count"": 0, ""score"": 0, ""author_badges"": []}, {""post_id"": 2475, ""anonymous_code"": ""돌고래-5489"", ""post_type"": ""trade_share"", ""title"": ""삼성전자 추가 매수했습니다!"", ""like_count"": 0, ""unlike_count"": 0, ""score"": 0, ""author_badges"": []}, {""post_id"": 2476, ""anonymous_code"": ""사자-8665"", ""post_type"": ""trade_share"", ""title"": ""오늘 삼성전자 저가 매수했습니다!"", ""like_count"": 0, ""unlike_count"": 0, ""score"": 0, ""author_badges"": []}, {""post_id"": 2477, ""anonymous_code"": ""사자-5895"", ""post_type"": ""trade_share"", ""title"": ""삼성전자 추가 매수했습니다!"", ""like_count"": 0, ""unlike_count"": 0, ""score"": 0, ""author_badges"": [""상위 수익자"", ""자산가""]}, {""post_id"": 2478, ""anonymous_code"": ""코끼리-2877"", ""post_type"": ""analysis"", ""title"": ""단기 기술적 약세와 장기 호재의 조화"", ""like_count"": 0, ""unlike_count"": 0, ""score"": 0, ""author_badges"": [""커뮤니티 인플루언서""]}, {""post_id"": 2479, ""anonymous_code"": ""사자-5055"", ""post_type"": ""trade_share"", ""title"": ""삼성전자 매수했습니다!🛒"", ""like_count"": 0, ""unlike_count"": 0, ""score"": 0, ""author_badges"": []}, {""post_id"": 2480, ""anonymous_code"": ""곰-1911"", ""post_type"": ""trade_share"", ""title"": ""오늘 삼성전자 소량 매수했습니다!"", ""like_count"": 0, ""unlike_count"": 0, ""score"": 0, ""author_badges"": []}, {""post_id"": 2481, ""anonymous_code"": ""곰-9761"", ""post_type"": ""trade_share"", ""title"": ""오늘 삼성전자 추가 매수했습니다!"", ""like_count"": 0, ""unlike_count"": 0, ""score"": 0, ""author_badges"": []}, {""post_id"": 2482, ""anonymous_code"": ""황소-8760"", ""post_type"": ""trade_share"", ""title"": ""오늘 삼성전자 30주 매수했습니다!"", ""like_count"": 0, ""unlike_count"": 0, ""score"": 0, ""author_badges"": []}, {""post_id"": 2483, ""anonymous_code"": ""돌고래-5159"", ""post_type"": ""trade_share"", ""title"": ""오늘 삼성전자 매수했습니다!"", ""like_count"": 0, ""unlike_count"": 0, ""score"": 0, ""author_badges"": [""커뮤니티 인플루언서""]}, {""post_id"": 2484, ""anonymous_code"": ""늑대-4264"", ""post_type"": ""trade_share"", ""title"": ""오늘 삼성전자 일부 매도했습니다."", ""like_count"": 0, ""unlike_count"": 0, ""score"": 0, ""author_badges"": [""상위 수익자"", ""자산가""]}, {""post_id"": 2485, ""anonymous_code"": ""여우-2283"", ""post_type"": ""trade_share"", ""title"": ""[매수 공유] 삼성전자 60주 매수했습니다!"", ""like_count"": 0, ""unlike_count"": 0, ""score"": 0, ""author_badges"": []}, {""post_id"": 2486, ""anonymous_code"": ""독수리-8072"", ""post_type"": ""analysis"", ""title"": ""삼성전자, 단기 조정 속에서도 장기적 매력은 여전하다"", ""like_count"": 0, ""unlike_count"": 0, ""score"": 0, ""author_badges"": [""상위 수익자"", ""자산가""]}]"
chunk_001_2026-02-27_2026-03-06,2026-03-03,4,A006,1,5,19,"[2467, 2468, 2469, 2470, 2472, 2473, 2474, 2475, 2476, 2477, 2478, 2479, 2480, 2481, 2482, 2483, 2484, 2485, 2486]","[{""post_id"": 2467, ""anonymous_code"": ""곰-1801"", ""post_type"": ""trade_share"", ""title"": ""오늘 삼성전자 추가 매수했습니다!"", ""like_count"": 0, ""unlike_count"": 0, ""score"": 0, ""author_badges"": []}, {""post_id"": 2468, ""anonymous_code"": ""호랑이-8886"", ""post_type"": ""trade_share"", ""title"": ""오늘 삼성전자 매수 진행했습니다!"", ""like_count"": 0, ""unlike_count"": 0, ""score"": 0, ""author_badges"": [""상위 수익자"", ""자산가"", ""커뮤니티 인플루언서""]}, {""post_id"": 2469, ""anonymous_code"": ""코끼리-6457"", ""post_type"": ""trade_share"", ""title"": ""오늘 삼성전자로 매수했습니다!"", ""like_count"": 0, ""unlike_count"": 0, ""score"": 0, ""author_badges"": []}, {""post_id"": 2470, ""anonymous_code"": ""황소-9750"", ""post_type"": ""trade_share"", ""title"": ""오늘 삼성전자 추가 매수했습니다!"", ""like_count"": 0, ""unlike_count"": 1, ""score"": -1, ""author_badges"": []}, {""post_id"": 2472, ""anonymous_code"": ""펭귄-3788"", ""post_type"": ""trade_share"", ""title"": ""[매수 기록] 삼성전자 32주 추가 매수했습니다!"", ""like_count"": 0, ""unlike_count"": 0, ""score"": 0, ""author_badges"": []}, {""post_id"": 2473, ""anonymous_code"": ""독수리-4082"", ""post_type"": ""trade_share"", ""title"": ""오늘 삼성전자 추가 매수했습니다!"", ""like_count"": 0, ""unlike_count"": 0, ""score"": 0, ""author_badges"": []}, {""post_id"": 2474, ""anonymous_code"": ""여우-7933"", ""post_type"": ""trade_share"", ""title"": ""삼성전자 추가 매수했습니다!"", ""like_count"": 0, ""unlike_count"": 0, ""score"": 0, ""author_badges"": []}, {""post_id"": 2475, ""anonymous_code"": ""돌고래-5489"", ""post_type"": ""trade_share"", ""title"": ""삼성전자 추가 매수했습니다!"", ""like_count"": 0, ""unlike_count"": 0, ""score"": 0, ""author_badges"": []}, {""post_id"": 2476, ""anonymous_code"": ""사자-8665"", ""post_type"": ""trade_share"", ""title"": ""오늘 삼성전자 저가 매수했습니다!"", ""like_count"": 0, ""unlike_count"": 0, ""score"": 0, ""author_badges"": []}, {""post_id"": 2477, ""anonymous_code"": ""사자-5895"", ""post_type"": ""trade_share"", ""title"": ""삼성전자 추가 매수했습니다!"", ""like_count"": 0, ""unlike_count"": 0, ""score"": 0, ""author_badges"": [""상위 수익자"", ""자산가""]}, {""post_id"": 2478, ""anonymous_code"": ""코끼리-2877"", ""post_type"": ""analysis"", ""title"": ""단기 기술적 약세와 장기 호재의 조화"", ""like_count"": 1, ""unlike_count"": 0, ""score"": 1, ""author_badges"": [""커뮤니티 인플루언서""]}, {""post_id"": 2479, ""anonymous_code"": ""사자-5055"", ""post_type"": ""trade_share"", ""title"": ""삼성전자 매수했습니다!🛒"", ""like_count"": 0, ""unlike_count"": 0, ""score"": 0, ""author_badges"": []}, {""post_id"": 2480, ""anonymous_code"": ""곰-1911"", ""post_type"": ""trade_share"", ""title"": ""오늘 삼성전자 소량 매수했습니다!"", ""like_count"": 0, ""unlike_count"": 0, ""score"": 0, ""author_badges"": []}, {""post_id"": 2481, ""anonymous_code"": ""곰-9761"", ""post_type"": ""trade_share"", ""title"": ""오늘 삼성전자 추가 매수했습니다!"", ""like_count"": 0, ""unlike_count"": 0, ""score"": 0, ""author_badges"": []}, {""post_id"": 2482, ""anonymous_code"": ""황소-8760"", ""post_type"": ""trade_share"", ""title"": ""오늘 삼성전자 30주 매수했습니다!"", ""like_count"": 0, ""unlike_count"": 0, ""score"": 0, ""author_badges"": []}, {""post_id"": 2483, ""anonymous_code"": ""돌고래-5159"", ""post_type"": ""trade_share"", ""title"": ""오늘 삼성전자 매수했습니다!"", ""like_count"": 0, ""unlike_count"": 0, ""score"": 0, ""author_badges"": [""커뮤니티 인플루언서""]}, {""post_id"": 2484, ""anonymous_code"": ""늑대-4264"", ""post_type"": ""trade_share"", ""title"": ""오늘 삼성전자 일부 매도했습니다."", ""like_count"": 1, ""unlike_count"": 0, ""score"": 1, ""author_badges"": [""상위 수익자"", ""자산가""]}, {""post_id"": 2485, ""anonymous_code"": ""여우-2283"", ""post_type"": ""trade_share"", ""title"": ""[매수 공유] 삼성전자 60주 매수했습니다!"", ""like_count"": 0, ""unlike_count"": 0, ""score"": 0, ""author_badges"": []}, {""post_id"": 2486, ""anonymous_code"": ""독수리-8072"", ""post_type"": ""analysis"", ""title"": ""삼성전자, 단기 조정 속에서도 장기적 매력은 여전하다"", ""like_count"": 0, ""unlike_count"": 1, ""score"": -1, ""author_badges"": [""상위 수익자"", ""자산가""]}]"
chunk_001_2026-02-27_2026-03-06,2026-03-03,4,A007,2,10,19,"[2467, 2468, 2469, 2470, 2471, 2472, 2474, 2475, 2476, 2477, 2478, 2479, 2480, 2481, 2482, 2483, 2484, 2485, 2486]","[{""post_id"": 2467, ""anonymous_code"": ""곰-1801"", ""post_type"": ""trade_share"", ""title"": ""오늘 삼성전자 추가 매수했습니다!"", ""like_count"": 0, ""unlike_count"": 0, ""score"": 0, ""author_badges"": []}, {""post_id"": 2468, ""anonymous_code"": ""호랑이-8886"", ""post_type"": ""trade_share"", ""title"": ""오늘 삼성전자 매수 진행했습니다!"", ""like_count"": 0, ""unlike_count"": 0, ""score"": 0, ""author_badges"": [""상위 수익자"", ""자산가"", ""커뮤니티 인플루언서""]}, {""post_id"": 2469, ""anonymous_code"": ""코끼리-6457"", ""post_type"": ""trade_share"", ""title"": ""오늘 삼성전자로 매수했습니다!"", ""like_count"": 0, ""unlike_count"": 0, ""score"": 0, ""author_badges"": []}, {""post_id"": 2470, ""anonymous_code"": ""황소-9750"", ""post_type"": ""trade_share"", ""title"": ""오늘 삼성전자 추가 매수했습니다!"", ""like_count"": 0, ""unlike_count"": 2, ""score"": -2, ""author_badges"": []}, {""post_id"": 2471, ""anonymous_code"": ""늑대-8884"", ""post_type"": ""trade_share"", ""title"": ""오늘 삼성전자 100주 매수했습니다!"", ""like_count"": 0, ""unlike_count"": 0, ""score"": 0, ""author_badges"": [""상위 수익자"", ""자산가"", ""커뮤니티 인플루언서""]}, {""post_id"": 2472, ""anonymous_code"": ""펭귄-3788"", ""post_type"": ""trade_share"", ""title"": ""[매수 기록] 삼성전자 32주 추가 매수했습니다!"", ""like_count"": 0, ""unlike_count"": 0, ""score"": 0, ""author_badges"": []}, {""post_id"": 2474, ""anonymous_code"": ""여우-7933"", ""post_type"": ""trade_share"", ""title"": ""삼성전자 추가 매수했습니다!"", ""like_count"": 0, ""unlike_count"": 0, ""score"": 0, ""author_badges"": []}, {""post_id"": 2475, ""anonymous_code"": ""돌고래-5489"", ""post_type"": ""trade_share"", ""title"": ""삼성전자 추가 매수했습니다!"", ""like_count"": 0, ""unlike_count"": 0, ""score"": 0, ""author_badges"": []}, {""post_id"": 2476, ""anonymous_code"": ""사자-8665"", ""post_type"": ""trade_share"", ""title"": ""오늘 삼성전자 저가 매수했습니다!"", ""like_count"": 0, ""unlike_count"": 1, ""score"": -1, ""author_badges"": []}, {""post_id"": 2477, ""anonymous_code"": ""사자-5895"", ""post_type"": ""trade_share"", ""title"": ""삼성전자 추가 매수했습니다!"", ""like_count"": 0, ""unlike_count"": 0, ""score"": 0, ""author_badges"": [""상위 수익자"", ""자산가""]}, {""post_id"": 2478, ""anonymous_code"": ""코끼리-2877"", ""post_type"": ""analysis"", ""title"": ""단기 기술적 약세와 장기 호재의 조화"", ""like_count"": 2, ""unlike_count"": 0, ""score"": 2, ""author_badges"": [""커뮤니티 인플루언서""]}, {""post_id"": 2479, ""anonymous_code"": ""사자-5055"", ""post_type"": ""trade_share"", ""title"": ""삼성전자 매수했습니다!🛒"", ""like_count"": 0, ""unlike_count"": 0, ""score"": 0, ""author_badges"": []}, {""post_id"": 2480, ""anonymous_code"": ""곰-1911"", ""post_type"": ""trade_share"", ""title"": ""오늘 삼성전자 소량 매수했습니다!"", ""like_count"": 0, ""unlike_count"": 0, ""score"": 0, ""author_badges"": []}, {""post_id"": 2481, ""anonymous_code"": ""곰-9761"", ""post_type"": ""trade_share"", ""title"": ""오늘 삼성전자 추가 매수했습니다!"", ""like_count"": 0, ""unlike_count"": 0, ""score"": 0, ""author_badges"": []}, {""post_id"": 2482, ""anonymous_code"": ""황소-8760"", ""post_type"": ""trade_share"", ""title"": ""오늘 삼성전자 30주 매수했습니다!"", ""like_count"": 0, ""unlike_count"": 0, ""score"": 0, ""author_badges"": []}, {""post_id"": 2483, ""anonymous_code"": ""돌고래-5159"", ""post_type"": ""trade_share"", ""title"": ""오늘 삼성전자 매수했습니다!"", ""like_count"": 0, ""unlike_count"": 0, ""score"": 0, ""author_badges"": [""커뮤니티 인플루언서""]}, {""post_id"": 2484, ""anonymous_code"": ""늑대-4264"", ""post_type"": ""trade_share"", ""title"": ""오늘 삼성전자 일부 매도했습니다."", ""like_count"": 2, ""unlike_count"": 0, ""score"": 2, ""author_badges"": [""상위 수익자"", ""자산가""]}, {""post_id"": 2485, ""anonymous_code"": ""여우-2283"", ""post_type"": ""trade_share"", ""title"": ""[매수 공유] 삼성전자 60주 매수했습니다!"", ""like_count"": 0, ""unlike_count"": 0, ""score"": 0, ""author_badges"": []}, {""post_id"": 2486, ""anonymous_code"": ""독수리-8072"", ""post_type"": ""analysis"", ""title"": ""삼성전자, 단기 조정 속에서도 장기적 매력은 여전하다"", ""like_count"": 0, ""unlike_count"": 1, ""score"": -1, ""author_badges"": [""상위 수익자"", ""자산가""]}]"
chunk_001_2026-02-27_2026-03-06,2026-03-03,4,A008,1,5,19,"[2467, 2468, 2469, 2470, 2471, 2472, 2473, 2475, 2476, 2477, 2478, 2479, 2480, 2481, 2482, 2483, 2484, 2485, 2486]","[{""post_id"": 2467, ""anonymous_code"": ""곰-1801"", ""post_type"": ""trade_share"", ""title"": ""오늘 삼성전자 추가 매수했습니다!"", ""like_count"": 0, ""unlike_count"": 0, ""score"": 0, ""author_badges"": []}, {""post_id"": 2468, ""anonymous_code"": ""호랑이-8886"", ""post_type"": ""trade_share"", ""title"": ""오늘 삼성전자 매수 진행했습니다!"", ""like_count"": 0, ""unlike_count"": 0, ""score"": 0, ""author_badges"": [""상위 수익자"", ""자산가"", ""커뮤니티 인플루언서""]}, {""post_id"": 2469, ""anonymous_code"": ""코끼리-6457"", ""post_type"": ""trade_share"", ""title"": ""오늘 삼성전자로 매수했습니다!"", ""like_count"": 0, ""unlike_count"": 0, ""score"": 0, ""author_badges"": []}, {""post_id"": 2470, ""anonymous_code"": ""황소-9750"", ""post_type"": ""trade_share"", ""title"": ""오늘 삼성전자 추가 매수했습니다!"", ""like_count"": 0, ""unlike_count"": 3, ""score"": -3, ""author_badges"": []}, {""post_id"": 2471, ""anonymous_code"": ""늑대-8884"", ""post_type"": ""trade_share"", ""title"": ""오늘 삼성전자 100주 매수했습니다!"", ""like_count"": 0, ""unlike_count"": 1, ""score"": -1, ""author_badges"": [""상위 수익자"", ""자산가"", ""커뮤니티 인플루언서""]}, {""post_id"": 2472, ""anonymous_code"": ""펭귄-3788"", ""post_type"": ""trade_share"", ""title"": ""[매수 기록] 삼성전자 32주 추가 매수했습니다!"", ""like_count"": 0, ""unlike_count"": 0, ""score"": 0, ""author_badges"": []}, {""post_id"": 2473, ""anonymous_code"": ""독수리-4082"", ""post_type"": ""trade_share"", ""title"": ""오늘 삼성전자 추가 매수했습니다!"", ""like_count"": 0, ""unlike_count"": 0, ""score"": 0, ""author_badges"": []}, {""post_id"": 2475, ""anonymous_code"": ""돌고래-5489"", ""post_type"": ""trade_share"", ""title"": ""삼성전자 추가 매수했습니다!"", ""like_count"": 0, ""unlike_count"": 0, ""score"": 0, ""author_badges"": []}, {""post_id"": 2476, ""anonymous_code"": ""사자-8665"", ""post_type"": ""trade_share"", ""title"": ""오늘 삼성전자 저가 매수했습니다!"", ""like_count"": 0, ""unlike_count"": 1, ""score"": -1, ""author_badges"": []}, {""post_id"": 2477, ""anonymous_code"": ""사자-5895"", ""post_type"": ""trade_share"", ""title"": ""삼성전자 추가 매수했습니다!"", ""like_count"": 0, ""unlike_count"": 0, ""score"": 0, ""author_badges"": [""상위 수익자"", ""자산가""]}, {""post_id"": 2478, ""anonymous_code"": ""코끼리-2877"", ""post_type"": ""analysis"", ""title"": ""단기 기술적 약세와 장기 호재의 조화"", ""like_count"": 3, ""unlike_count"": 0, ""score"": 3, ""author_badges"": [""커뮤니티 인플루언서""]}, {""post_id"": 2479, ""anonymous_code"": ""사자-5055"", ""post_type"": ""trade_share"", ""title"": ""삼성전자 매수했습니다!🛒"", ""like_count"": 0, ""unlike_count"": 0, ""score"": 0, ""author_badges"": []}, {""post_id"": 2480, ""anonymous_code"": ""곰-1911"", ""post_type"": ""trade_share"", ""title"": ""오늘 삼성전자 소량 매수했습니다!"", ""like_count"": 0, ""unlike_count"": 0, ""score"": 0, ""author_badges"": []}, {""post_id"": 2481, ""anonymous_code"": ""곰-9761"", ""post_type"": ""trade_share"", ""title"": ""오늘 삼성전자 추가 매수했습니다!"", ""like_count"": 0, ""unlike_count"": 0, ""score"": 0, ""author_badges"": []}, {""post_id"": 2482, ""anonymous_code"": ""황소-8760"", ""post_type"": ""trade_share"", ""title"": ""오늘 삼성전자 30주 매수했습니다!"", ""like_count"": 0, ""unlike_count"": 0, ""score"": 0, ""author_badges"": []}, {""post_id"": 2483, ""anonymous_code"": ""돌고래-5159"", ""post_type"": ""trade_share"", ""title"": ""오늘 삼성전자 매수했습니다!"", ""like_count"": 0, ""unlike_count"": 0, ""score"": 0, ""author_badges"": [""커뮤니티 인플루언서""]}, {""post_id"": 2484, ""anonymous_code"": ""늑대-4264"", ""post_type"": ""trade_share"", ""title"": ""오늘 삼성전자 일부 매도했습니다."", ""like_count"": 3, ""unlike_count"": 0, ""score"": 3, ""author_badges"": [""상위 수익자"", ""자산가""]}, {""post_id"": 2485, ""anonymous_code"": ""여우-2283"", ""post_type"": ""trade_share"", ""title"": ""[매수 공유] 삼성전자 60주 매수했습니다!"", ""like_count"": 0, ""unlike_count"": 0, ""score"": 0, ""author_badges"": []}, {""post_id"": 2486, ""anonymous_code"": ""독수리-8072"", ""post_type"": ""analysis"", ""title"": ""삼성전자, 단기 조정 속에서도 장기적 매력은 여전하다"", ""like_count"": 0, ""unlike_count"": 1, ""score"": -1, ""author_badges"": [""상위 수익자"", ""자산가""]}]"
chunk_001_2026-02-27_2026-03-06,2026-03-03,4,A010,1,5,19,"[2467, 2468, 2469, 2470, 2471, 2473, 2474, 2475, 2476, 2477, 2478, 2479, 2480, 2481, 2482, 2483, 2484, 2485, 2486]","[{""post_id"": 2467, ""anonymous_code"": ""곰-1801"", ""post_type"": ""trade_share"", ""title"": ""오늘 삼성전자 추가 매수했습니다!"", ""like_count"": 0, ""unlike_count"": 0, ""score"": 0, ""author_badges"": []}, {""post_id"": 2468, ""anonymous_code"": ""호랑이-8886"", ""post_type"": ""trade_share"", ""title"": ""오늘 삼성전자 매수 진행했습니다!"", ""like_count"": 0, ""unlike_count"": 1, ""score"": -1, ""author_badges"": [""상위 수익자"", ""자산가"", ""커뮤니티 인플루언서""]}, {""post_id"": 2469, ""anonymous_code"": ""코끼리-6457"", ""post_type"": ""trade_share"", ""title"": ""오늘 삼성전자로 매수했습니다!"", ""like_count"": 0, ""unlike_count"": 0, ""score"": 0, ""author_badges"": []}, {""post_id"": 2470, ""anonymous_code"": ""황소-9750"", ""post_type"": ""trade_share"", ""title"": ""오늘 삼성전자 추가 매수했습니다!"", ""like_count"": 0, ""unlike_count"": 3, ""score"": -3, ""author_badges"": []}, {""post_id"": 2471, ""anonymous_code"": ""늑대-8884"", ""post_type"": ""trade_share"", ""title"": ""오늘 삼성전자 100주 매수했습니다!"", ""like_count"": 0, ""unlike_count"": 1, ""score"": -1, ""author_badges"": [""상위 수익자"", ""자산가"", ""커뮤니티 인플루언서""]}, {""post_id"": 2473, ""anonymous_code"": ""독수리-4082"", ""post_type"": ""trade_share"", ""title"": ""오늘 삼성전자 추가 매수했습니다!"", ""like_count"": 0, ""unlike_count"": 0, ""score"": 0, ""author_badges"": []}, {""post_id"": 2474, ""anonymous_code"": ""여우-7933"", ""post_type"": ""trade_share"", ""title"": ""삼성전자 추가 매수했습니다!"", ""like_count"": 0, ""unlike_count"": 0, ""score"": 0, ""author_badges"": []}, {""post_id"": 2475, ""anonymous_code"": ""돌고래-5489"", ""post_type"": ""trade_share"", ""title"": ""삼성전자 추가 매수했습니다!"", ""like_count"": 0, ""unlike_count"": 0, ""score"": 0, ""author_badges"": []}, {""post_id"": 2476, ""anonymous_code"": ""사자-8665"", ""post_type"": ""trade_share"", ""title"": ""오늘 삼성전자 저가 매수했습니다!"", ""like_count"": 0, ""unlike_count"": 1, ""score"": -1, ""author_badges"": []}, {""post_id"": 2477, ""anonymous_code"": ""사자-5895"", ""post_type"": ""trade_share"", ""title"": ""삼성전자 추가 매수했습니다!"", ""like_count"": 0, ""unlike_count"": 0, ""score"": 0, ""author_badges"": [""상위 수익자"", ""자산가""]}, {""post_id"": 2478, ""anonymous_code"": ""코끼리-2877"", ""post_type"": ""analysis"", ""title"": ""단기 기술적 약세와 장기 호재의 조화"", ""like_count"": 4, ""unlike_count"": 0, ""score"": 4, ""author_badges"": [""커뮤니티 인플루언서""]}, {""post_id"": 2479, ""anonymous_code"": ""사자-5055"", ""post_type"": ""trade_share"", ""title"": ""삼성전자 매수했습니다!🛒"", ""like_count"": 0, ""unlike_count"": 0, ""score"": 0, ""author_badges"": []}, {""post_id"": 2480, ""anonymous_code"": ""곰-1911"", ""post_type"": ""trade_share"", ""title"": ""오늘 삼성전자 소량 매수했습니다!"", ""like_count"": 0, ""unlike_count"": 0, ""score"": 0, ""author_badges"": []}, {""post_id"": 2481, ""anonymous_code"": ""곰-9761"", ""post_type"": ""trade_share"", ""title"": ""오늘 삼성전자 추가 매수했습니다!"", ""like_count"": 0, ""unlike_count"": 0, ""score"": 0, ""author_badges"": []}, {""post_id"": 2482, ""anonymous_code"": ""황소-8760"", ""post_type"": ""trade_share"", ""title"": ""오늘 삼성전자 30주 매수했습니다!"", ""like_count"": 0, ""unlike_count"": 0, ""score"": 0, ""author_badges"": []}, {""post_id"": 2483, ""anonymous_code"": ""돌고래-5159"", ""post_type"": ""trade_share"", ""title"": ""오늘 삼성전자 매수했습니다!"", ""like_count"": 0, ""unlike_count"": 0, ""score"": 0, ""author_badges"": [""커뮤니티 인플루언서""]}, {""post_id"": 2484, ""anonymous_code"": ""늑대-4264"", ""post_type"": ""trade_share"", ""title"": ""오늘 삼성전자 일부 매도했습니다."", ""like_count"": 4, ""unlike_count"": 0, ""score"": 4, ""author_badges"": [""상위 수익자"", ""자산가""]}, {""post_id"": 2485, ""anonymous_code"": ""여우-2283"", ""post_type"": ""trade_share"", ""title"": ""[매수 공유] 삼성전자 60주 매수했습니다!"", ""like_count"": 0, ""unlike_count"": 0, ""score"": 0, ""author_badges"": []}, {""post_id"": 2486, ""anonymous_code"": ""독수리-8072"", ""post_type"": ""analysis"", ""title"": ""삼성전자, 단기 조정 속에서도 장기적 매력은 여전하다"", ""like_count"": 0, ""unlike_count"": 1, ""score"": -1, ""author_badges"": [""상위 수익자"", ""자산가""]}]"
chunk_001_2026-02-27_2026-03-06,2026-03-03,4,A011,1,5,19,"[2467, 2468, 2469, 2470, 2471, 2472, 2473, 2474, 2476, 2477, 2478, 2479, 2480, 2481, 2482, 2483, 2484, 2485, 2486]","[{""post_id"": 2467, ""anonymous_code"": ""곰-1801"", ""post_type"": ""trade_share"", ""title"": ""오늘 삼성전자 추가 매수했습니다!"", ""like_count"": 0, ""unlike_count"": 0, ""score"": 0, ""author_badges"": []}, {""post_id"": 2468, ""anonymous_code"": ""호랑이-8886"", ""post_type"": ""trade_share"", ""title"": ""오늘 삼성전자 매수 진행했습니다!"", ""like_count"": 0, ""unlike_count"": 1, ""score"": -1, ""author_badges"": [""상위 수익자"", ""자산가"", ""커뮤니티 인플루언서""]}, {""post_id"": 2469, ""anonymous_code"": ""코끼리-6457"", ""post_type"": ""trade_share"", ""title"": ""오늘 삼성전자로 매수했습니다!"", ""like_count"": 0, ""unlike_count"": 0, ""score"": 0, ""author_badges"": []}, {""post_id"": 2470, ""anonymous_code"": ""황소-9750"", ""post_type"": ""trade_share"", ""title"": ""오늘 삼성전자 추가 매수했습니다!"", ""like_count"": 0, ""unlike_count"": 4, ""score"": -4, ""author_badges"": []}, {""post_id"": 2471, ""anonymous_code"": ""늑대-8884"", ""post_type"": ""trade_share"", ""title"": ""오늘 삼성전자 100주 매수했습니다!"", ""like_count"": 0, ""unlike_count"": 1, ""score"": -1, ""author_badges"": [""상위 수익자"", ""자산가"", ""커뮤니티 인플루언서""]}, {""post_id"": 2472, ""anonymous_code"": ""펭귄-3788"", ""post_type"": ""trade_share"", ""title"": ""[매수 기록] 삼성전자 32주 추가 매수했습니다!"", ""like_count"": 0, ""unlike_count"": 0, ""score"": 0, ""author_badges"": []}, {""post_id"": 2473, ""anonymous_code"": ""독수리-4082"", ""post_type"": ""trade_share"", ""title"": ""오늘 삼성전자 추가 매수했습니다!"", ""like_count"": 0, ""unlike_count"": 0, ""score"": 0, ""author_badges"": []}, {""post_id"": 2474, ""anonymous_code"": ""여우-7933"", ""post_type"": ""trade_share"", ""title"": ""삼성전자 추가 매수했습니다!"", ""like_count"": 0, ""unlike_count"": 0, ""score"": 0, ""author_badges"": []}, {""post_id"": 2476, ""anonymous_code"": ""사자-8665"", ""post_type"": ""trade_share"", ""title"": ""오늘 삼성전자 저가 매수했습니다!"", ""like_count"": 1, ""unlike_count"": 1, ""score"": 0, ""author_badges"": []}, {""post_id"": 2477, ""anonymous_code"": ""사자-5895"", ""post_type"": ""trade_share"", ""title"": ""삼성전자 추가 매수했습니다!"", ""like_count"": 0, ""unlike_count"": 0, ""score"": 0, ""author_badges"": [""상위 수익자"", ""자산가""]}, {""post_id"": 2478, ""anonymous_code"": ""코끼리-2877"", ""post_type"": ""analysis"", ""title"": ""단기 기술적 약세와 장기 호재의 조화"", ""like_count"": 4, ""unlike_count"": 0, ""score"": 4, ""author_badges"": [""커뮤니티 인플루언서""]}, {""post_id"": 2479, ""anonymous_code"": ""사자-5055"", ""post_type"": ""trade_share"", ""title"": ""삼성전자 매수했습니다!🛒"", ""like_count"": 0, ""unlike_count"": 0, ""score"": 0, ""author_badges"": []}, {""post_id"": 2480, ""anonymous_code"": ""곰-1911"", ""post_type"": ""trade_share"", ""title"": ""오늘 삼성전자 소량 매수했습니다!"", ""like_count"": 0, ""unlike_count"": 0, ""score"": 0, ""author_badges"": []}, {""post_id"": 2481, ""anonymous_code"": ""곰-9761"", ""post_type"": ""trade_share"", ""title"": ""오늘 삼성전자 추가 매수했습니다!"", ""like_count"": 0, ""unlike_count"": 0, ""score"": 0, ""author_badges"": []}, {""post_id"": 2482, ""anonymous_code"": ""황소-8760"", ""post_type"": ""trade_share"", ""title"": ""오늘 삼성전자 30주 매수했습니다!"", ""like_count"": 0, ""unlike_count"": 0, ""score"": 0, ""author_badges"": []}, {""post_id"": 2483, ""anonymous_code"": ""돌고래-5159"", ""post_type"": ""trade_share"", ""title"": ""오늘 삼성전자 매수했습니다!"", ""like_count"": 0, ""unlike_count"": 0, ""score"": 0, ""author_badges"": [""커뮤니티 인플루언서""]}, {""post_id"": 2484, ""anonymous_code"": ""늑대-4264"", ""post_type"": ""trade_share"", ""title"": ""오늘 삼성전자 일부 매도했습니다."", ""like_count"": 5, ""unlike_count"": 0, ""score"": 5, ""author_badges"": [""상위 수익자"", ""자산가""]}, {""post_id"": 2485, ""anonymous_code"": ""여우-2283"", ""post_type"": ""trade_share"", ""title"": ""[매수 공유] 삼성전자 60주 매수했습니다!"", ""like_count"": 0, ""unlike_count"": 0, ""score"": 0, ""author_badges"": []}, {""post_id"": 2486, ""anonymous_code"": ""독수리-8072"", ""post_type"": ""analysis"", ""title"": ""삼성전자, 단기 조정 속에서도 장기적 매력은 여전하다"", ""like_count"": 0, ""unlike_count"": 1, ""score"": -1, ""author_badges"": [""상위 수익자"", ""자산가""]}]"
chunk_001_2026-02-27_2026-03-06,2026-03-03,4,A012,1,5,19,"[2467, 2468, 2469, 2470, 2471, 2472, 2473, 2474, 2475, 2477, 2478, 2479, 2480, 2481, 2482, 2483, 2484, 2485, 2486]","[{""post_id"": 2467, ""anonymous_code"": ""곰-1801"", ""post_type"": ""trade_share"", ""title"": ""오늘 삼성전자 추가 매수했습니다!"", ""like_count"": 0, ""unlike_count"": 0, ""score"": 0, ""author_badges"": []}, {""post_id"": 2468, ""anonymous_code"": ""호랑이-8886"", ""post_type"": ""trade_share"", ""title"": ""오늘 삼성전자 매수 진행했습니다!"", ""like_count"": 0, ""unlike_count"": 1, ""score"": -1, ""author_badges"": [""상위 수익자"", ""자산가"", ""커뮤니티 인플루언서""]}, {""post_id"": 2469, ""anonymous_code"": ""코끼리-6457"", ""post_type"": ""trade_share"", ""title"": ""오늘 삼성전자로 매수했습니다!"", ""like_count"": 0, ""unlike_count"": 0, ""score"": 0, ""author_badges"": []}, {""post_id"": 2470, ""anonymous_code"": ""황소-9750"", ""post_type"": ""trade_share"", ""title"": ""오늘 삼성전자 추가 매수했습니다!"", ""like_count"": 0, ""unlike_count"": 4, ""score"": -4, ""author_badges"": []}, {""post_id"": 2471, ""anonymous_code"": ""늑대-8884"", ""post_type"": ""trade_share"", ""title"": ""오늘 삼성전자 100주 매수했습니다!"", ""like_count"": 0, ""unlike_count"": 1, ""score"": -1, ""author_badges"": [""상위 수익자"", ""자산가"", ""커뮤니티 인플루언서""]}, {""post_id"": 2472, ""anonymous_code"": ""펭귄-3788"", ""post_type"": ""trade_share"", ""title"": ""[매수 기록] 삼성전자 32주 추가 매수했습니다!"", ""like_count"": 0, ""unlike_count"": 0, ""score"": 0, ""author_badges"": []}, {""post_id"": 2473, ""anonymous_code"": ""독수리-4082"", ""post_type"": ""trade_share"", ""title"": ""오늘 삼성전자 추가 매수했습니다!"", ""like_count"": 0, ""unlike_count"": 0, ""score"": 0, ""author_badges"": []}, {""post_id"": 2474, ""anonymous_code"": ""여우-7933"", ""post_type"": ""trade_share"", ""title"": ""삼성전자 추가 매수했습니다!"", ""like_count"": 0, ""unlike_count"": 0, ""score"": 0, ""author_badges"": []}, {""post_id"": 2475, ""anonymous_code"": ""돌고래-5489"", ""post_type"": ""trade_share"", ""title"": ""삼성전자 추가 매수했습니다!"", ""like_count"": 0, ""unlike_count"": 0, ""score"": 0, ""author_badges"": []}, {""post_id"": 2477, ""anonymous_code"": ""사자-5895"", ""post_type"": ""trade_share"", ""title"": ""삼성전자 추가 매수했습니다!"", ""like_count"": 0, ""unlike_count"": 0, ""score"": 0, ""author_badges"": [""상위 수익자"", ""자산가""]}, {""post_id"": 2478, ""anonymous_code"": ""코끼리-2877"", ""post_type"": ""analysis"", ""title"": ""단기 기술적 약세와 장기 호재의 조화"", ""like_count"": 5, ""unlike_count"": 0, ""score"": 5, ""author_badges"": [""커뮤니티 인플루언서""]}, {""post_id"": 2479, ""anonymous_code"": ""사자-5055"", ""post_type"": ""trade_share"", ""title"": ""삼성전자 매수했습니다!🛒"", ""like_count"": 0, ""unlike_count"": 0, ""score"": 0, ""author_badges"": []}, {""post_id"": 2480, ""anonymous_code"": ""곰-1911"", ""post_type"": ""trade_share"", ""title"": ""오늘 삼성전자 소량 매수했습니다!"", ""like_count"": 0, ""unlike_count"": 0, ""score"": 0, ""author_badges"": []}, {""post_id"": 2481, ""anonymous_code"": ""곰-9761"", ""post_type"": ""trade_share"", ""title"": ""오늘 삼성전자 추가 매수했습니다!"", ""like_count"": 0, ""unlike_count"": 0, ""score"": 0, ""author_badges"": []}, {""post_id"": 2482, ""anonymous_code"": ""황소-8760"", ""post_type"": ""trade_share"", ""title"": ""오늘 삼성전자 30주 매수했습니다!"", ""like_count"": 0, ""unlike_count"": 0, ""score"": 0, ""author_badges"": []}, {""post_id"": 2483, ""anonymous_code"": ""돌고래-5159"", ""post_type"": ""trade_share"", ""title"": ""오늘 삼성전자 매수했습니다!"", ""like_count"": 0, ""unlike_count"": 0, ""score"": 0, ""author_badges"": [""커뮤니티 인플루언서""]}, {""post_id"": 2484, ""anonymous_code"": ""늑대-4264"", ""post_type"": ""trade_share"", ""title"": ""오늘 삼성전자 일부 매도했습니다."", ""like_count"": 6, ""unlike_count"": 0, ""score"": 6, ""author_badges"": [""상위 수익자"", ""자산가""]}, {""post_id"": 2485, ""anonymous_code"": ""여우-2283"", ""post_type"": ""trade_share"", ""title"": ""[매수 공유] 삼성전자 60주 매수했습니다!"", ""like_count"": 0, ""unlike_count"": 0, ""score"": 0, ""author_badges"": []}, {""post_id"": 2486, ""anonymous_code"": ""독수리-8072"", ""post_type"": ""analysis"", ""title"": ""삼성전자, 단기 조정 속에서도 장기적 매력은 여전하다"", ""like_count"": 1, ""unlike_count"": 1, ""score"": 0, ""author_badges"": [""상위 수익자"", ""자산가""]}]"
chunk_001_2026-02-27_2026-03-06,2026-03-03,4,A013,1,5,19,"[2467, 2468, 2469, 2470, 2471, 2472, 2473, 2474, 2475, 2476, 2478, 2479, 2480, 2481, 2482, 2483, 2484, 2485, 2486]","[{""post_id"": 2467, ""anonymous_code"": ""곰-1801"", ""post_type"": ""trade_share"", ""title"": ""오늘 삼성전자 추가 매수했습니다!"", ""like_count"": 0, ""unlike_count"": 0, ""score"": 0, ""author_badges"": []}, {""post_id"": 2468, ""anonymous_code"": ""호랑이-8886"", ""post_type"": ""trade_share"", ""title"": ""오늘 삼성전자 매수 진행했습니다!"", ""like_count"": 0, ""unlike_count"": 1, ""score"": -1, ""author_badges"": [""상위 수익자"", ""자산가"", ""커뮤니티 인플루언서""]}, {""post_id"": 2469, ""anonymous_code"": ""코끼리-6457"", ""post_type"": ""trade_share"", ""title"": ""오늘 삼성전자로 매수했습니다!"", ""like_count"": 0, ""unlike_count"": 0, ""score"": 0, ""author_badges"": []}, {""post_id"": 2470, ""anonymous_code"": ""황소-9750"", ""post_type"": ""trade_share"", ""title"": ""오늘 삼성전자 추가 매수했습니다!"", ""like_count"": 0, ""unlike_count"": 5, ""score"": -5, ""author_badges"": []}, {""post_id"": 2471, ""anonymous_code"": ""늑대-8884"", ""post_type"": ""trade_share"", ""title"": ""오늘 삼성전자 100주 매수했습니다!"", ""like_count"": 0, ""unlike_count"": 1, ""score"": -1, ""author_badges"": [""상위 수익자"", ""자산가"", ""커뮤니티 인플루언서""]}, {""post_id"": 2472, ""anonymous_code"": ""펭귄-3788"", ""post_type"": ""trade_share"", ""title"": ""[매수 기록] 삼성전자 32주 추가 매수했습니다!"", ""like_count"": 0, ""unlike_count"": 0, ""score"": 0, ""author_badges"": []}, {""post_id"": 2473, ""anonymous_code"": ""독수리-4082"", ""post_type"": ""trade_share"", ""title"": ""오늘 삼성전자 추가 매수했습니다!"", ""like_count"": 0, ""unlike_count"": 0, ""score"": 0, ""author_badges"": []}, {""post_id"": 2474, ""anonymous_code"": ""여우-7933"", ""post_type"": ""trade_share"", ""title"": ""삼성전자 추가 매수했습니다!"", ""like_count"": 0, ""unlike_count"": 0, ""score"": 0, ""author_badges"": []}, {""post_id"": 2475, ""anonymous_code"": ""돌고래-5489"", ""post_type"": ""trade_share"", ""title"": ""삼성전자 추가 매수했습니다!"", ""like_count"": 0, ""unlike_count"": 0, ""score"": 0, ""author_badges"": []}, {""post_id"": 2476, ""anonymous_code"": ""사자-8665"", ""post_type"": ""trade_share"", ""title"": ""오늘 삼성전자 저가 매수했습니다!"", ""like_count"": 1, ""unlike_count"": 3, ""score"": -2, ""author_badges"": []}, {""post_id"": 2478, ""anonymous_code"": ""코끼리-2877"", ""post_type"": ""analysis"", ""title"": ""단기 기술적 약세와 장기 호재의 조화"", ""like_count"": 6, ""unlike_count"": 0, ""score"": 6, ""author_badges"": [""커뮤니티 인플루언서""]}, {""post_id"": 2479, ""anonymous_code"": ""사자-5055"", ""post_type"": ""trade_share"", ""title"": ""삼성전자 매수했습니다!🛒"", ""like_count"": 0, ""unlike_count"": 0, ""score"": 0, ""author_badges"": []}, {""post_id"": 2480, ""anonymous_code"": ""곰-1911"", ""post_type"": ""trade_share"", ""title"": ""오늘 삼성전자 소량 매수했습니다!"", ""like_count"": 0, ""unlike_count"": 0, ""score"": 0, ""author_badges"": []}, {""post_id"": 2481, ""anonymous_code"": ""곰-9761"", ""post_type"": ""trade_share"", ""title"": ""오늘 삼성전자 추가 매수했습니다!"", ""like_count"": 0, ""unlike_count"": 0, ""score"": 0, ""author_badges"": []}, {""post_id"": 2482, ""anonymous_code"": ""황소-8760"", ""post_type"": ""trade_share"", ""title"": ""오늘 삼성전자 30주 매수했습니다!"", ""like_count"": 0, ""unlike_count"": 0, ""score"": 0, ""author_badges"": []}, {""post_id"": 2483, ""anonymous_code"": ""돌고래-5159"", ""post_type"": ""trade_share"", ""title"": ""오늘 삼성전자 매수했습니다!"", ""like_count"": 0, ""unlike_count"": 0, ""score"": 0, ""author_badges"": [""커뮤니티 인플루언서""]}, {""post_id"": 2484, ""anonymous_code"": ""늑대-4264"", ""post_type"": ""trade_share"", ""title"": ""오늘 삼성전자 일부 매도했습니다."", ""like_count"": 7, ""unlike_count"": 0, ""score"": 7, ""author_badges"": [""상위 수익자"", ""자산가""]}, {""post_id"": 2485, ""anonymous_code"": ""여우-2283"", ""post_type"": ""trade_share"", ""title"": ""[매수 공유] 삼성전자 60주 매수했습니다!"", ""like_count"": 0, ""unlike_count"": 0, ""score"": 0, ""author_badges"": []}, {""post_id"": 2486, ""anonymous_code"": ""독수리-8072"", ""post_type"": ""analysis"", ""title"": ""삼성전자, 단기 조정 속에서도 장기적 매력은 여전하다"", ""like_count"": 1, ""unlike_count"": 1, ""score"": 0, ""author_badges"": [""상위 수익자"", ""자산가""]}]"
chunk_001_2026-02-27_2026-03-06,2026-03-03,4,A014,1,5,19,"[2467, 2468, 2469, 2470, 2471, 2472, 2473, 2474, 2475, 2476, 2477, 2479, 2480, 2481, 2482, 2483, 2484, 2485, 2486]","[{""post_id"": 2467, ""anonymous_code"": ""곰-1801"", ""post_type"": ""trade_share"", ""title"": ""오늘 삼성전자 추가 매수했습니다!"", ""like_count"": 0, ""unlike_count"": 0, ""score"": 0, ""author_badges"": []}, {""post_id"": 2468, ""anonymous_code"": ""호랑이-8886"", ""post_type"": ""trade_share"", ""title"": ""오늘 삼성전자 매수 진행했습니다!"", ""like_count"": 0, ""unlike_count"": 1, ""score"": -1, ""author_badges"": [""상위 수익자"", ""자산가"", ""커뮤니티 인플루언서""]}, {""post_id"": 2469, ""anonymous_code"": ""코끼리-6457"", ""post_type"": ""trade_share"", ""title"": ""오늘 삼성전자로 매수했습니다!"", ""like_count"": 0, ""unlike_count"": 0, ""score"": 0, ""author_badges"": []}, {""post_id"": 2470, ""anonymous_code"": ""황소-9750"", ""post_type"": ""trade_share"", ""title"": ""오늘 삼성전자 추가 매수했습니다!"", ""like_count"": 0, ""unlike_count"": 5, ""score"": -5, ""author_badges"": []}, {""post_id"": 2471, ""anonymous_code"": ""늑대-8884"", ""post_type"": ""trade_share"", ""title"": ""오늘 삼성전자 100주 매수했습니다!"", ""like_count"": 0, ""unlike_count"": 1, ""score"": -1, ""author_badges"": [""상위 수익자"", ""자산가"", ""커뮤니티 인플루언서""]}, {""post_id"": 2472, ""anonymous_code"": ""펭귄-3788"", ""post_type"": ""trade_share"", ""title"": ""[매수 기록] 삼성전자 32주 추가 매수했습니다!"", ""like_count"": 0, ""unlike_count"": 0, ""score"": 0, ""author_badges"": []}, {""post_id"": 2473, ""anonymous_code"": ""독수리-4082"", ""post_type"": ""trade_share"", ""title"": ""오늘 삼성전자 추가 매수했습니다!"", ""like_count"": 0, ""unlike_count"": 0, ""score"": 0, ""author_badges"": []}, {""post_id"": 2474, ""anonymous_code"": ""여우-7933"", ""post_type"": ""trade_share"", ""title"": ""삼성전자 추가 매수했습니다!"", ""like_count"": 0, ""unlike_count"": 0, ""score"": 0, ""author_badges"": []}, {""post_id"": 2475, ""anonymous_code"": ""돌고래-5489"", ""post_type"": ""trade_share"", ""title"": ""삼성전자 추가 매수했습니다!"", ""like_count"": 0, ""unlike_count"": 0, ""score"": 0, ""author_badges"": []}, {""post_id"": 2476, ""anonymous_code"": ""사자-8665"", ""post_type"": ""trade_share"", ""title"": ""오늘 삼성전자 저가 매수했습니다!"", ""like_count"": 1, ""unlike_count"": 3, ""score"": -2, ""author_badges"": []}, {""post_id"": 2477, ""anonymous_code"": ""사자-5895"", ""post_type"": ""trade_share"", ""title"": ""삼성전자 추가 매수했습니다!"", ""like_count"": 0, ""unlike_count"": 0, ""score"": 0, ""author_badges"": [""상위 수익자"", ""자산가""]}, {""post_id"": 2479, ""anonymous_code"": ""사자-5055"", ""post_type"": ""trade_share"", ""title"": ""삼성전자 매수했습니다!🛒"", ""like_count"": 0, ""unlike_count"": 0, ""score"": 0, ""author_badges"": []}, {""post_id"": 2480, ""anonymous_code"": ""곰-1911"", ""post_type"": ""trade_share"", ""title"": ""오늘 삼성전자 소량 매수했습니다!"", ""like_count"": 0, ""unlike_count"": 0, ""score"": 0, ""author_badges"": []}, {""post_id"": 2481, ""anonymous_code"": ""곰-9761"", ""post_type"": ""trade_share"", ""title"": ""오늘 삼성전자 추가 매수했습니다!"", ""like_count"": 0, ""unlike_count"": 0, ""score"": 0, ""author_badges"": []}, {""post_id"": 2482, ""anonymous_code"": ""황소-8760"", ""post_type"": ""trade_share"", ""title"": ""오늘 삼성전자 30주 매수했습니다!"", ""like_count"": 0, ""unlike_count"": 0, ""score"": 0, ""author_badges"": []}, {""post_id"": 2483, ""anonymous_code"": ""돌고래-5159"", ""post_type"": ""trade_share"", ""title"": ""오늘 삼성전자 매수했습니다!"", ""like_count"": 0, ""unlike_count"": 0, ""score"": 0, ""author_badges"": [""커뮤니티 인플루언서""]}, {""post_id"": 2484, ""anonymous_code"": ""늑대-4264"", ""post_type"": ""trade_share"", ""title"": ""오늘 삼성전자 일부 매도했습니다."", ""like_count"": 8, ""unlike_count"": 0, ""score"": 8, ""author_badges"": [""상위 수익자"", ""자산가""]}, {""post_id"": 2485, ""anonymous_code"": ""여우-2283"", ""post_type"": ""trade_share"", ""title"": ""[매수 공유] 삼성전자 60주 매수했습니다!"", ""like_count"": 0, ""unlike_count"": 0, ""score"": 0, ""author_badges"": []}, {""post_id"": 2486, ""anonymous_code"": ""독수리-8072"", ""post_type"": ""analysis"", ""title"": ""삼성전자, 단기 조정 속에서도 장기적 매력은 여전하다"", ""like_count"": 2, ""unlike_count"": 1, ""score"": 1, ""author_badges"": [""상위 수익자"", ""자산가""]}]"
chunk_001_2026-02-27_2026-03-06,2026-03-03,4,A015,2,10,19,"[2467, 2468, 2469, 2470, 2471, 2472, 2473, 2474, 2475, 2476, 2477, 2478, 2480, 2481, 2482, 2483, 2484, 2485, 2486]","[{""post_id"": 2467, ""anonymous_code"": ""곰-1801"", ""post_type"": ""trade_share"", ""title"": ""오늘 삼성전자 추가 매수했습니다!"", ""like_count"": 0, ""unlike_count"": 0, ""score"": 0, ""author_badges"": []}, {""post_id"": 2468, ""anonymous_code"": ""호랑이-8886"", ""post_type"": ""trade_share"", ""title"": ""오늘 삼성전자 매수 진행했습니다!"", ""like_count"": 0, ""unlike_count"": 2, ""score"": -2, ""author_badges"": [""상위 수익자"", ""자산가"", ""커뮤니티 인플루언서""]}, {""post_id"": 2469, ""anonymous_code"": ""코끼리-6457"", ""post_type"": ""trade_share"", ""title"": ""오늘 삼성전자로 매수했습니다!"", ""like_count"": 0, ""unlike_count"": 0, ""score"": 0, ""author_badges"": []}, {""post_id"": 2470, ""anonymous_code"": ""황소-9750"", ""post_type"": ""trade_share"", ""title"": ""오늘 삼성전자 추가 매수했습니다!"", ""like_count"": 0, ""unlike_count"": 5, ""score"": -5, ""author_badges"": []}, {""post_id"": 2471, ""anonymous_code"": ""늑대-8884"", ""post_type"": ""trade_share"", ""title"": ""오늘 삼성전자 100주 매수했습니다!"", ""like_count"": 0, ""unlike_count"": 1, ""score"": -1, ""author_badges"": [""상위 수익자"", ""자산가"", ""커뮤니티 인플루언서""]}, {""post_id"": 2472, ""anonymous_code"": ""펭귄-3788"", ""post_type"": ""trade_share"", ""title"": ""[매수 기록] 삼성전자 32주 추가 매수했습니다!"", ""like_count"": 0, ""unlike_count"": 0, ""score"": 0, ""author_badges"": []}, {""post_id"": 2473, ""anonymous_code"": ""독수리-4082"", ""post_type"": ""trade_share"", ""title"": ""오늘 삼성전자 추가 매수했습니다!"", ""like_count"": 0, ""unlike_count"": 0, ""score"": 0, ""author_badges"": []}, {""post_id"": 2474, ""anonymous_code"": ""여우-7933"", ""post_type"": ""trade_share"", ""title"": ""삼성전자 추가 매수했습니다!"", ""like_count"": 0, ""unlike_count"": 0, ""score"": 0, ""author_badges"": []}, {""post_id"": 2475, ""anonymous_code"": ""돌고래-5489"", ""post_type"": ""trade_share"", ""title"": ""삼성전자 추가 매수했습니다!"", ""like_count"": 0, ""unlike_count"": 0, ""score"": 0, ""author_badges"": []}, {""post_id"": 2476, ""anonymous_code"": ""사자-8665"", ""post_type"": ""trade_share"", ""title"": ""오늘 삼성전자 저가 매수했습니다!"", ""like_count"": 1, ""unlike_count"": 4, ""score"": -3, ""author_badges"": []}, {""post_id"": 2477, ""anonymous_code"": ""사자-5895"", ""post_type"": ""trade_share"", ""title"": ""삼성전자 추가 매수했습니다!"", ""like_count"": 0, ""unlike_count"": 0, ""score"": 0, ""author_badges"": [""상위 수익자"", ""자산가""]}, {""post_id"": 2478, ""anonymous_code"": ""코끼리-2877"", ""post_type"": ""analysis"", ""title"": ""단기 기술적 약세와 장기 호재의 조화"", ""like_count"": 7, ""unlike_count"": 0, ""score"": 7, ""author_badges"": [""커뮤니티 인플루언서""]}, {""post_id"": 2480, ""anonymous_code"": ""곰-1911"", ""post_type"": ""trade_share"", ""title"": ""오늘 삼성전자 소량 매수했습니다!"", ""like_count"": 0, ""unlike_count"": 0, ""score"": 0, ""author_badges"": []}, {""post_id"": 2481, ""anonymous_code"": ""곰-9761"", ""post_type"": ""trade_share"", ""title"": ""오늘 삼성전자 추가 매수했습니다!"", ""like_count"": 0, ""unlike_count"": 0, ""score"": 0, ""author_badges"": []}, {""post_id"": 2482, ""anonymous_code"": ""황소-8760"", ""post_type"": ""trade_share"", ""title"": ""오늘 삼성전자 30주 매수했습니다!"", ""like_count"": 0, ""unlike_count"": 0, ""score"": 0, ""author_badges"": []}, {""post_id"": 2483, ""anonymous_code"": ""돌고래-5159"", ""post_type"": ""trade_share"", ""title"": ""오늘 삼성전자 매수했습니다!"", ""like_count"": 0, ""unlike_count"": 0, ""score"": 0, ""author_badges"": [""커뮤니티 인플루언서""]}, {""post_id"": 2484, ""anonymous_code"": ""늑대-4264"", ""post_type"": ""trade_share"", ""title"": ""오늘 삼성전자 일부 매도했습니다."", ""like_count"": 9, ""unlike_count"": 0, ""score"": 9, ""author_badges"": [""상위 수익자"", ""자산가""]}, {""post_id"": 2485, ""anonymous_code"": ""여우-2283"", ""post_type"": ""trade_share"", ""title"": ""[매수 공유] 삼성전자 60주 매수했습니다!"", ""like_count"": 0, ""unlike_count"": 0, ""score"": 0, ""author_badges"": []}, {""post_id"": 2486, ""anonymous_code"": ""독수리-8072"", ""post_type"": ""analysis"", ""title"": ""삼성전자, 단기 조정 속에서도 장기적 매력은 여전하다"", ""like_count"": 3, ""unlike_count"": 1, ""score"": 2, ""author_badges"": [""상위 수익자"", ""자산가""]}]"
chunk_001_2026-02-27_2026-03-06,2026-03-03,4,A017,2,10,19,"[2467, 2468, 2469, 2470, 2471, 2472, 2473, 2474, 2475, 2476, 2477, 2478, 2479, 2481, 2482, 2483, 2484, 2485, 2486]","[{""post_id"": 2467, ""anonymous_code"": ""곰-1801"", ""post_type"": ""trade_share"", ""title"": ""오늘 삼성전자 추가 매수했습니다!"", ""like_count"": 0, ""unlike_count"": 0, ""score"": 0, ""author_badges"": []}, {""post_id"": 2468, ""anonymous_code"": ""호랑이-8886"", ""post_type"": ""trade_share"", ""title"": ""오늘 삼성전자 매수 진행했습니다!"", ""like_count"": 0, ""unlike_count"": 2, ""score"": -2, ""author_badges"": [""상위 수익자"", ""자산가"", ""커뮤니티 인플루언서""]}, {""post_id"": 2469, ""anonymous_code"": ""코끼리-6457"", ""post_type"": ""trade_share"", ""title"": ""오늘 삼성전자로 매수했습니다!"", ""like_count"": 0, ""unlike_count"": 0, ""score"": 0, ""author_badges"": []}, {""post_id"": 2470, ""anonymous_code"": ""황소-9750"", ""post_type"": ""trade_share"", ""title"": ""오늘 삼성전자 추가 매수했습니다!"", ""like_count"": 0, ""unlike_count"": 6, ""score"": -6, ""author_badges"": []}, {""post_id"": 2471, ""anonymous_code"": ""늑대-8884"", ""post_type"": ""trade_share"", ""title"": ""오늘 삼성전자 100주 매수했습니다!"", ""like_count"": 0, ""unlike_count"": 1, ""score"": -1, ""author_badges"": [""상위 수익자"", ""자산가"", ""커뮤니티 인플루언서""]}, {""post_id"": 2472, ""anonymous_code"": ""펭귄-3788"", ""post_type"": ""trade_share"", ""title"": ""[매수 기록] 삼성전자 32주 추가 매수했습니다!"", ""like_count"": 0, ""unlike_count"": 0, ""score"": 0, ""author_badges"": []}, {""post_id"": 2473, ""anonymous_code"": ""독수리-4082"", ""post_type"": ""trade_share"", ""title"": ""오늘 삼성전자 추가 매수했습니다!"", ""like_count"": 0, ""unlike_count"": 0, ""score"": 0, ""author_badges"": []}, {""post_id"": 2474, ""anonymous_code"": ""여우-7933"", ""post_type"": ""trade_share"", ""title"": ""삼성전자 추가 매수했습니다!"", ""like_count"": 0, ""unlike_count"": 0, ""score"": 0, ""author_badges"": []}, {""post_id"": 2475, ""anonymous_code"": ""돌고래-5489"", ""post_type"": ""trade_share"", ""title"": ""삼성전자 추가 매수했습니다!"", ""like_count"": 0, ""unlike_count"": 0, ""score"": 0, ""author_badges"": []}, {""post_id"": 2476, ""anonymous_code"": ""사자-8665"", ""post_type"": ""trade_share"", ""title"": ""오늘 삼성전자 저가 매수했습니다!"", ""like_count"": 1, ""unlike_count"": 4, ""score"": -3, ""author_badges"": []}, {""post_id"": 2477, ""anonymous_code"": ""사자-5895"", ""post_type"": ""trade_share"", ""title"": ""삼성전자 추가 매수했습니다!"", ""like_count"": 0, ""unlike_count"": 0, ""score"": 0, ""author_badges"": [""상위 수익자"", ""자산가""]}, {""post_id"": 2478, ""anonymous_code"": ""코끼리-2877"", ""post_type"": ""analysis"", ""title"": ""단기 기술적 약세와 장기 호재의 조화"", ""like_count"": 8, ""unlike_count"": 0, ""score"": 8, ""author_badges"": [""커뮤니티 인플루언서""]}, {""post_id"": 2479, ""anonymous_code"": ""사자-5055"", ""post_type"": ""trade_share"", ""title"": ""삼성전자 매수했습니다!🛒"", ""like_count"": 0, ""unlike_count"": 0, ""score"": 0, ""author_badges"": []}, {""post_id"": 2481, ""anonymous_code"": ""곰-9761"", ""post_type"": ""trade_share"", ""title"": ""오늘 삼성전자 추가 매수했습니다!"", ""like_count"": 0, ""unlike_count"": 0, ""score"": 0, ""author_badges"": []}, {""post_id"": 2482, ""anonymous_code"": ""황소-8760"", ""post_type"": ""trade_share"", ""title"": ""오늘 삼성전자 30주 매수했습니다!"", ""like_count"": 0, ""unlike_count"": 0, ""score"": 0, ""author_badges"": []}, {""post_id"": 2483, ""anonymous_code"": ""돌고래-5159"", ""post_type"": ""trade_share"", ""title"": ""오늘 삼성전자 매수했습니다!"", ""like_count"": 0, ""unlike_count"": 0, ""score"": 0, ""author_badges"": [""커뮤니티 인플루언서""]}, {""post_id"": 2484, ""anonymous_code"": ""늑대-4264"", ""post_type"": ""trade_share"", ""title"": ""오늘 삼성전자 일부 매도했습니다."", ""like_count"": 10, ""unlike_count"": 0, ""score"": 10, ""author_badges"": [""상위 수익자"", ""자산가""]}, {""post_id"": 2485, ""anonymous_code"": ""여우-2283"", ""post_type"": ""trade_share"", ""title"": ""[매수 공유] 삼성전자 60주 매수했습니다!"", ""like_count"": 0, ""unlike_count"": 0, ""score"": 0, ""author_badges"": []}, {""post_id"": 2486, ""anonymous_code"": ""독수리-8072"", ""post_type"": ""analysis"", ""title"": ""삼성전자, 단기 조정 속에서도 장기적 매력은 여전하다"", ""like_count"": 3, ""unlike_count"": 2, ""score"": 1, ""author_badges"": [""상위 수익자"", ""자산가""]}]"
chunk_001_2026-02-27_2026-03-06,2026-03-03,4,A019,1,5,19,"[2467, 2468, 2469, 2470, 2471, 2472, 2473, 2474, 2475, 2476, 2477, 2478, 2479, 2480, 2482, 2483, 2484, 2485, 2486]","[{""post_id"": 2467, ""anonymous_code"": ""곰-1801"", ""post_type"": ""trade_share"", ""title"": ""오늘 삼성전자 추가 매수했습니다!"", ""like_count"": 0, ""unlike_count"": 0, ""score"": 0, ""author_badges"": []}, {""post_id"": 2468, ""anonymous_code"": ""호랑이-8886"", ""post_type"": ""trade_share"", ""title"": ""오늘 삼성전자 매수 진행했습니다!"", ""like_count"": 0, ""unlike_count"": 3, ""score"": -3, ""author_badges"": [""상위 수익자"", ""자산가"", ""커뮤니티 인플루언서""]}, {""post_id"": 2469, ""anonymous_code"": ""코끼리-6457"", ""post_type"": ""trade_share"", ""title"": ""오늘 삼성전자로 매수했습니다!"", ""like_count"": 0, ""unlike_count"": 0, ""score"": 0, ""author_badges"": []}, {""post_id"": 2470, ""anonymous_code"": ""황소-9750"", ""post_type"": ""trade_share"", ""title"": ""오늘 삼성전자 추가 매수했습니다!"", ""like_count"": 0, ""unlike_count"": 6, ""score"": -6, ""author_badges"": []}, {""post_id"": 2471, ""anonymous_code"": ""늑대-8884"", ""post_type"": ""trade_share"", ""title"": ""오늘 삼성전자 100주 매수했습니다!"", ""like_count"": 0, ""unlike_count"": 1, ""score"": -1, ""author_badges"": [""상위 수익자"", ""자산가"", ""커뮤니티 인플루언서""]}, {""post_id"": 2472, ""anonymous_code"": ""펭귄-3788"", ""post_type"": ""trade_share"", ""title"": ""[매수 기록] 삼성전자 32주 추가 매수했습니다!"", ""like_count"": 0, ""unlike_count"": 0, ""score"": 0, ""author_badges"": []}, {""post_id"": 2473, ""anonymous_code"": ""독수리-4082"", ""post_type"": ""trade_share"", ""title"": ""오늘 삼성전자 추가 매수했습니다!"", ""like_count"": 0, ""unlike_count"": 0, ""score"": 0, ""author_badges"": []}, {""post_id"": 2474, ""anonymous_code"": ""여우-7933"", ""post_type"": ""trade_share"", ""title"": ""삼성전자 추가 매수했습니다!"", ""like_count"": 0, ""unlike_count"": 0, ""score"": 0, ""author_badges"": []}, {""post_id"": 2475, ""anonymous_code"": ""돌고래-5489"", ""post_type"": ""trade_share"", ""title"": ""삼성전자 추가 매수했습니다!"", ""like_count"": 0, ""unlike_count"": 0, ""score"": 0, ""author_badges"": []}, {""post_id"": 2476, ""anonymous_code"": ""사자-8665"", ""post_type"": ""trade_share"", ""title"": ""오늘 삼성전자 저가 매수했습니다!"", ""like_count"": 1, ""unlike_count"": 5, ""score"": -4, ""author_badges"": []}, {""post_id"": 2477, ""anonymous_code"": ""사자-5895"", ""post_type"": ""trade_share"", ""title"": ""삼성전자 추가 매수했습니다!"", ""like_count"": 0, ""unlike_count"": 0, ""score"": 0, ""author_badges"": [""상위 수익자"", ""자산가""]}, {""post_id"": 2478, ""anonymous_code"": ""코끼리-2877"", ""post_type"": ""analysis"", ""title"": ""단기 기술적 약세와 장기 호재의 조화"", ""like_count"": 9, ""unlike_count"": 0, ""score"": 9, ""author_badges"": [""커뮤니티 인플루언서""]}, {""post_id"": 2479, ""anonymous_code"": ""사자-5055"", ""post_type"": ""trade_share"", ""title"": ""삼성전자 매수했습니다!🛒"", ""like_count"": 0, ""unlike_count"": 0, ""score"": 0, ""author_badges"": []}, {""post_id"": 2480, ""anonymous_code"": ""곰-1911"", ""post_type"": ""trade_share"", ""title"": ""오늘 삼성전자 소량 매수했습니다!"", ""like_count"": 0, ""unlike_count"": 0, ""score"": 0, ""author_badges"": []}, {""post_id"": 2482, ""anonymous_code"": ""황소-8760"", ""post_type"": ""trade_share"", ""title"": ""오늘 삼성전자 30주 매수했습니다!"", ""like_count"": 0, ""unlike_count"": 0, ""score"": 0, ""author_badges"": []}, {""post_id"": 2483, ""anonymous_code"": ""돌고래-5159"", ""post_type"": ""trade_share"", ""title"": ""오늘 삼성전자 매수했습니다!"", ""like_count"": 0, ""unlike_count"": 0, ""score"": 0, ""author_badges"": [""커뮤니티 인플루언서""]}, {""post_id"": 2484, ""anonymous_code"": ""늑대-4264"", ""post_type"": ""trade_share"", ""title"": ""오늘 삼성전자 일부 매도했습니다."", ""like_count"": 11, ""unlike_count"": 0, ""score"": 11, ""author_badges"": [""상위 수익자"", ""자산가""]}, {""post_id"": 2485, ""anonymous_code"": ""여우-2283"", ""post_type"": ""trade_share"", ""title"": ""[매수 공유] 삼성전자 60주 매수했습니다!"", ""like_count"": 0, ""unlike_count"": 0, ""score"": 0, ""author_badges"": []}, {""post_id"": 2486, ""anonymous_code"": ""독수리-8072"", ""post_type"": ""analysis"", ""title"": ""삼성전자, 단기 조정 속에서도 장기적 매력은 여전하다"", ""like_count"": 3, ""unlike_count"": 2, ""score"": 1, ""author_badges"": [""상위 수익자"", ""자산가""]}]"
chunk_001_2026-02-27_2026-03-06,2026-03-03,4,A020,2,10,19,"[2467, 2468, 2469, 2470, 2471, 2472, 2473, 2474, 2475, 2476, 2477, 2478, 2479, 2480, 2481, 2483, 2484, 2485, 2486]","[{""post_id"": 2467, ""anonymous_code"": ""곰-1801"", ""post_type"": ""trade_share"", ""title"": ""오늘 삼성전자 추가 매수했습니다!"", ""like_count"": 0, ""unlike_count"": 0, ""score"": 0, ""author_badges"": []}, {""post_id"": 2468, ""anonymous_code"": ""호랑이-8886"", ""post_type"": ""trade_share"", ""title"": ""오늘 삼성전자 매수 진행했습니다!"", ""like_count"": 0, ""unlike_count"": 3, ""score"": -3, ""author_badges"": [""상위 수익자"", ""자산가"", ""커뮤니티 인플루언서""]}, {""post_id"": 2469, ""anonymous_code"": ""코끼리-6457"", ""post_type"": ""trade_share"", ""title"": ""오늘 삼성전자로 매수했습니다!"", ""like_count"": 0, ""unlike_count"": 0, ""score"": 0, ""author_badges"": []}, {""post_id"": 2470, ""anonymous_code"": ""황소-9750"", ""post_type"": ""trade_share"", ""title"": ""오늘 삼성전자 추가 매수했습니다!"", ""like_count"": 0, ""unlike_count"": 7, ""score"": -7, ""author_badges"": []}, {""post_id"": 2471, ""anonymous_code"": ""늑대-8884"", ""post_type"": ""trade_share"", ""title"": ""오늘 삼성전자 100주 매수했습니다!"", ""like_count"": 0, ""unlike_count"": 1, ""score"": -1, ""author_badges"": [""상위 수익자"", ""자산가"", ""커뮤니티 인플루언서""]}, {""post_id"": 2472, ""anonymous_code"": ""펭귄-3788"", ""post_type"": ""trade_share"", ""title"": ""[매수 기록] 삼성전자 32주 추가 매수했습니다!"", ""like_count"": 0, ""unlike_count"": 0, ""score"": 0, ""author_badges"": []}, {""post_id"": 2473, ""anonymous_code"": ""독수리-4082"", ""post_type"": ""trade_share"", ""title"": ""오늘 삼성전자 추가 매수했습니다!"", ""like_count"": 0, ""unlike_count"": 0, ""score"": 0, ""author_badges"": []}, {""post_id"": 2474, ""anonymous_code"": ""여우-7933"", ""post_type"": ""trade_share"", ""title"": ""삼성전자 추가 매수했습니다!"", ""like_count"": 0, ""unlike_count"": 0, ""score"": 0, ""author_badges"": []}, {""post_id"": 2475, ""anonymous_code"": ""돌고래-5489"", ""post_type"": ""trade_share"", ""title"": ""삼성전자 추가 매수했습니다!"", ""like_count"": 0, ""unlike_count"": 0, ""score"": 0, ""author_badges"": []}, {""post_id"": 2476, ""anonymous_code"": ""사자-8665"", ""post_type"": ""trade_share"", ""title"": ""오늘 삼성전자 저가 매수했습니다!"", ""like_count"": 1, ""unlike_count"": 6, ""score"": -5, ""author_badges"": []}, {""post_id"": 2477, ""anonymous_code"": ""사자-5895"", ""post_type"": ""trade_share"", ""title"": ""삼성전자 추가 매수했습니다!"", ""like_count"": 0, ""unlike_count"": 0, ""score"": 0, ""author_badges"": [""상위 수익자"", ""자산가""]}, {""post_id"": 2478, ""anonymous_code"": ""코끼리-2877"", ""post_type"": ""analysis"", ""title"": ""단기 기술적 약세와 장기 호재의 조화"", ""like_count"": 9, ""unlike_count"": 0, ""score"": 9, ""author_badges"": [""커뮤니티 인플루언서""]}, {""post_id"": 2479, ""anonymous_code"": ""사자-5055"", ""post_type"": ""trade_share"", ""title"": ""삼성전자 매수했습니다!🛒"", ""like_count"": 0, ""unlike_count"": 0, ""score"": 0, ""author_badges"": []}, {""post_id"": 2480, ""anonymous_code"": ""곰-1911"", ""post_type"": ""trade_share"", ""title"": ""오늘 삼성전자 소량 매수했습니다!"", ""like_count"": 0, ""unlike_count"": 0, ""score"": 0, ""author_badges"": []}, {""post_id"": 2481, ""anonymous_code"": ""곰-9761"", ""post_type"": ""trade_share"", ""title"": ""오늘 삼성전자 추가 매수했습니다!"", ""like_count"": 0, ""unlike_count"": 0, ""score"": 0, ""author_badges"": []}, {""post_id"": 2483, ""anonymous_code"": ""돌고래-5159"", ""post_type"": ""trade_share"", ""title"": ""오늘 삼성전자 매수했습니다!"", ""like_count"": 0, ""unlike_count"": 0, ""score"": 0, ""author_badges"": [""커뮤니티 인플루언서""]}, {""post_id"": 2484, ""anonymous_code"": ""늑대-4264"", ""post_type"": ""trade_share"", ""title"": ""오늘 삼성전자 일부 매도했습니다."", ""like_count"": 12, ""unlike_count"": 0, ""score"": 12, ""author_badges"": [""상위 수익자"", ""자산가""]}, {""post_id"": 2485, ""anonymous_code"": ""여우-2283"", ""post_type"": ""trade_share"", ""title"": ""[매수 공유] 삼성전자 60주 매수했습니다!"", ""like_count"": 0, ""unlike_count"": 0, ""score"": 0, ""author_badges"": []}, {""post_id"": 2486, ""anonymous_code"": ""독수리-8072"", ""post_type"": ""analysis"", ""title"": ""삼성전자, 단기 조정 속에서도 장기적 매력은 여전하다"", ""like_count"": 3, ""unlike_count"": 2, ""score"": 1, ""author_badges"": [""상위 수익자"", ""자산가""]}]"
chunk_001_2026-02-27_2026-03-06,2026-03-03,4,A022,1,5,19,"[2467, 2468, 2469, 2470, 2471, 2472, 2473, 2474, 2475, 2476, 2477, 2478, 2479, 2480, 2481, 2482, 2484, 2485, 2486]","[{""post_id"": 2467, ""anonymous_code"": ""곰-1801"", ""post_type"": ""trade_share"", ""title"": ""오늘 삼성전자 추가 매수했습니다!"", ""like_count"": 0, ""unlike_count"": 0, ""score"": 0, ""author_badges"": []}, {""post_id"": 2468, ""anonymous_code"": ""호랑이-8886"", ""post_type"": ""trade_share"", ""title"": ""오늘 삼성전자 매수 진행했습니다!"", ""like_count"": 0, ""unlike_count"": 3, ""score"": -3, ""author_badges"": [""상위 수익자"", ""자산가"", ""커뮤니티 인플루언서""]}, {""post_id"": 2469, ""anonymous_code"": ""코끼리-6457"", ""post_type"": ""trade_share"", ""title"": ""오늘 삼성전자로 매수했습니다!"", ""like_count"": 0, ""unlike_count"": 0, ""score"": 0, ""author_badges"": []}, {""post_id"": 2470, ""anonymous_code"": ""황소-9750"", ""post_type"": ""trade_share"", ""title"": ""오늘 삼성전자 추가 매수했습니다!"", ""like_count"": 0, ""unlike_count"": 7, ""score"": -7, ""author_badges"": []}, {""post_id"": 2471, ""anonymous_code"": ""늑대-8884"", ""post_type"": ""trade_share"", ""title"": ""오늘 삼성전자 100주 매수했습니다!"", ""like_count"": 0, ""unlike_count"": 1, ""score"": -1, ""author_badges"": [""상위 수익자"", ""자산가"", ""커뮤니티 인플루언서""]}, {""post_id"": 2472, ""anonymous_code"": ""펭귄-3788"", ""post_type"": ""trade_share"", ""title"": ""[매수 기록] 삼성전자 32주 추가 매수했습니다!"", ""like_count"": 0, ""unlike_count"": 0, ""score"": 0, ""author_badges"": []}, {""post_id"": 2473, ""anonymous_code"": ""독수리-4082"", ""post_type"": ""trade_share"", ""title"": ""오늘 삼성전자 추가 매수했습니다!"", ""like_count"": 0, ""unlike_count"": 0, ""score"": 0, ""author_badges"": []}, {""post_id"": 2474, ""anonymous_code"": ""여우-7933"", ""post_type"": ""trade_share"", ""title"": ""삼성전자 추가 매수했습니다!"", ""like_count"": 0, ""unlike_count"": 0, ""score"": 0, ""author_badges"": []}, {""post_id"": 2475, ""anonymous_code"": ""돌고래-5489"", ""post_type"": ""trade_share"", ""title"": ""삼성전자 추가 매수했습니다!"", ""like_count"": 0, ""unlike_count"": 0, ""score"": 0, ""author_badges"": []}, {""post_id"": 2476, ""anonymous_code"": ""사자-8665"", ""post_type"": ""trade_share"", ""title"": ""오늘 삼성전자 저가 매수했습니다!"", ""like_count"": 2, ""unlike_count"": 6, ""score"": -4, ""author_badges"": []}, {""post_id"": 2477, ""anonymous_code"": ""사자-5895"", ""post_type"": ""trade_share"", ""title"": ""삼성전자 추가 매수했습니다!"", ""like_count"": 0, ""unlike_count"": 0, ""score"": 0, ""author_badges"": [""상위 수익자"", ""자산가""]}, {""post_id"": 2478, ""anonymous_code"": ""코끼리-2877"", ""post_type"": ""analysis"", ""title"": ""단기 기술적 약세와 장기 호재의 조화"", ""like_count"": 9, ""unlike_count"": 0, ""score"": 9, ""author_badges"": [""커뮤니티 인플루언서""]}, {""post_id"": 2479, ""anonymous_code"": ""사자-5055"", ""post_type"": ""trade_share"", ""title"": ""삼성전자 매수했습니다!🛒"", ""like_count"": 0, ""unlike_count"": 0, ""score"": 0, ""author_badges"": []}, {""post_id"": 2480, ""anonymous_code"": ""곰-1911"", ""post_type"": ""trade_share"", ""title"": ""오늘 삼성전자 소량 매수했습니다!"", ""like_count"": 0, ""unlike_count"": 0, ""score"": 0, ""author_badges"": []}, {""post_id"": 2481, ""anonymous_code"": ""곰-9761"", ""post_type"": ""trade_share"", ""title"": ""오늘 삼성전자 추가 매수했습니다!"", ""like_count"": 0, ""unlike_count"": 0, ""score"": 0, ""author_badges"": []}, {""post_id"": 2482, ""anonymous_code"": ""황소-8760"", ""post_type"": ""trade_share"", ""title"": ""오늘 삼성전자 30주 매수했습니다!"", ""like_count"": 0, ""unlike_count"": 0, ""score"": 0, ""author_badges"": []}, {""post_id"": 2484, ""anonymous_code"": ""늑대-4264"", ""post_type"": ""trade_share"", ""title"": ""오늘 삼성전자 일부 매도했습니다."", ""like_count"": 13, ""unlike_count"": 0, ""score"": 13, ""author_badges"": [""상위 수익자"", ""자산가""]}, {""post_id"": 2485, ""anonymous_code"": ""여우-2283"", ""post_type"": ""trade_share"", ""title"": ""[매수 공유] 삼성전자 60주 매수했습니다!"", ""like_count"": 0, ""unlike_count"": 0, ""score"": 0, ""author_badges"": []}, {""post_id"": 2486, ""anonymous_code"": ""독수리-8072"", ""post_type"": ""analysis"", ""title"": ""삼성전자, 단기 조정 속에서도 장기적 매력은 여전하다"", ""like_count"": 3, ""unlike_count"": 3, ""score"": 0, ""author_badges"": [""상위 수익자"", ""자산가""]}]"
chunk_001_2026-02-27_2026-03-06,2026-03-03,4,A025,1,5,19,"[2467, 2468, 2469, 2470, 2471, 2472, 2473, 2474, 2475, 2476, 2477, 2478, 2479, 2480, 2481, 2482, 2483, 2484, 2485]","[{""post_id"": 2467, ""anonymous_code"": ""곰-1801"", ""post_type"": ""trade_share"", ""title"": ""오늘 삼성전자 추가 매수했습니다!"", ""like_count"": 0, ""unlike_count"": 0, ""score"": 0, ""author_badges"": []}, {""post_id"": 2468, ""anonymous_code"": ""호랑이-8886"", ""post_type"": ""trade_share"", ""title"": ""오늘 삼성전자 매수 진행했습니다!"", ""like_count"": 0, ""unlike_count"": 3, ""score"": -3, ""author_badges"": [""상위 수익자"", ""자산가"", ""커뮤니티 인플루언서""]}, {""post_id"": 2469, ""anonymous_code"": ""코끼리-6457"", ""post_type"": ""trade_share"", ""title"": ""오늘 삼성전자로 매수했습니다!"", ""like_count"": 0, ""unlike_count"": 0, ""score"": 0, ""author_badges"": []}, {""post_id"": 2470, ""anonymous_code"": ""황소-9750"", ""post_type"": ""trade_share"", ""title"": ""오늘 삼성전자 추가 매수했습니다!"", ""like_count"": 0, ""unlike_count"": 7, ""score"": -7, ""author_badges"": []}, {""post_id"": 2471, ""anonymous_code"": ""늑대-8884"", ""post_type"": ""trade_share"", ""title"": ""오늘 삼성전자 100주 매수했습니다!"", ""like_count"": 0, ""unlike_count"": 1, ""score"": -1, ""author_badges"": [""상위 수익자"", ""자산가"", ""커뮤니티 인플루언서""]}, {""post_id"": 2472, ""anonymous_code"": ""펭귄-3788"", ""post_type"": ""trade_share"", ""title"": ""[매수 기록] 삼성전자 32주 추가 매수했습니다!"", ""like_count"": 0, ""unlike_count"": 0, ""score"": 0, ""author_badges"": []}, {""post_id"": 2473, ""anonymous_code"": ""독수리-4082"", ""post_type"": ""trade_share"", ""title"": ""오늘 삼성전자 추가 매수했습니다!"", ""like_count"": 0, ""unlike_count"": 0, ""score"": 0, ""author_badges"": []}, {""post_id"": 2474, ""anonymous_code"": ""여우-7933"", ""post_type"": ""trade_share"", ""title"": ""삼성전자 추가 매수했습니다!"", ""like_count"": 0, ""unlike_count"": 0, ""score"": 0, ""author_badges"": []}, {""post_id"": 2475, ""anonymous_code"": ""돌고래-5489"", ""post_type"": ""trade_share"", ""title"": ""삼성전자 추가 매수했습니다!"", ""like_count"": 0, ""unlike_count"": 0, ""score"": 0, ""author_badges"": []}, {""post_id"": 2476, ""anonymous_code"": ""사자-8665"", ""post_type"": ""trade_share"", ""title"": ""오늘 삼성전자 저가 매수했습니다!"", ""like_count"": 2, ""unlike_count"": 7, ""score"": -5, ""author_badges"": []}, {""post_id"": 2477, ""anonymous_code"": ""사자-5895"", ""post_type"": ""trade_share"", ""title"": ""삼성전자 추가 매수했습니다!"", ""like_count"": 0, ""unlike_count"": 0, ""score"": 0, ""author_badges"": [""상위 수익자"", ""자산가""]}, {""post_id"": 2478, ""anonymous_code"": ""코끼리-2877"", ""post_type"": ""analysis"", ""title"": ""단기 기술적 약세와 장기 호재의 조화"", ""like_count"": 10, ""unlike_count"": 0, ""score"": 10, ""author_badges"": [""커뮤니티 인플루언서""]}, {""post_id"": 2479, ""anonymous_code"": ""사자-5055"", ""post_type"": ""trade_share"", ""title"": ""삼성전자 매수했습니다!🛒"", ""like_count"": 0, ""unlike_count"": 0, ""score"": 0, ""author_badges"": []}, {""post_id"": 2480, ""anonymous_code"": ""곰-1911"", ""post_type"": ""trade_share"", ""title"": ""오늘 삼성전자 소량 매수했습니다!"", ""like_count"": 0, ""unlike_count"": 0, ""score"": 0, ""author_badges"": []}, {""post_id"": 2481, ""anonymous_code"": ""곰-9761"", ""post_type"": ""trade_share"", ""title"": ""오늘 삼성전자 추가 매수했습니다!"", ""like_count"": 0, ""unlike_count"": 0, ""score"": 0, ""author_badges"": []}, {""post_id"": 2482, ""anonymous_code"": ""황소-8760"", ""post_type"": ""trade_share"", ""title"": ""오늘 삼성전자 30주 매수했습니다!"", ""like_count"": 0, ""unlike_count"": 0, ""score"": 0, ""author_badges"": []}, {""post_id"": 2483, ""anonymous_code"": ""돌고래-5159"", ""post_type"": ""trade_share"", ""title"": ""오늘 삼성전자 매수했습니다!"", ""like_count"": 0, ""unlike_count"": 0, ""score"": 0, ""author_badges"": [""커뮤니티 인플루언서""]}, {""post_id"": 2484, ""anonymous_code"": ""늑대-4264"", ""post_type"": ""trade_share"", ""title"": ""오늘 삼성전자 일부 매도했습니다."", ""like_count"": 14, ""unlike_count"": 0, ""score"": 14, ""author_badges"": [""상위 수익자"", ""자산가""]}, {""post_id"": 2485, ""anonymous_code"": ""여우-2283"", ""post_type"": ""trade_share"", ""title"": ""[매수 공유] 삼성전자 60주 매수했습니다!"", ""like_count"": 0, ""unlike_count"": 0, ""score"": 0, ""author_badges"": []}]"
chunk_001_2026-02-27_2026-03-06,2026-03-03,4,A026,1,5,19,"[2467, 2468, 2469, 2470, 2471, 2472, 2473, 2474, 2475, 2476, 2477, 2478, 2479, 2480, 2481, 2482, 2483, 2484, 2486]","[{""post_id"": 2467, ""anonymous_code"": ""곰-1801"", ""post_type"": ""trade_share"", ""title"": ""오늘 삼성전자 추가 매수했습니다!"", ""like_count"": 0, ""unlike_count"": 0, ""score"": 0, ""author_badges"": []}, {""post_id"": 2468, ""anonymous_code"": ""호랑이-8886"", ""post_type"": ""trade_share"", ""title"": ""오늘 삼성전자 매수 진행했습니다!"", ""like_count"": 0, ""unlike_count"": 3, ""score"": -3, ""author_badges"": [""상위 수익자"", ""자산가"", ""커뮤니티 인플루언서""]}, {""post_id"": 2469, ""anonymous_code"": ""코끼리-6457"", ""post_type"": ""trade_share"", ""title"": ""오늘 삼성전자로 매수했습니다!"", ""like_count"": 0, ""unlike_count"": 0, ""score"": 0, ""author_badges"": []}, {""post_id"": 2470, ""anonymous_code"": ""황소-9750"", ""post_type"": ""trade_share"", ""title"": ""오늘 삼성전자 추가 매수했습니다!"", ""like_count"": 0, ""unlike_count"": 7, ""score"": -7, ""author_badges"": []}, {""post_id"": 2471, ""anonymous_code"": ""늑대-8884"", ""post_type"": ""trade_share"", ""title"": ""오늘 삼성전자 100주 매수했습니다!"", ""like_count"": 0, ""unlike_count"": 1, ""score"": -1, ""author_badges"": [""상위 수익자"", ""자산가"", ""커뮤니티 인플루언서""]}, {""post_id"": 2472, ""anonymous_code"": ""펭귄-3788"", ""post_type"": ""trade_share"", ""title"": ""[매수 기록] 삼성전자 32주 추가 매수했습니다!"", ""like_count"": 0, ""unlike_count"": 0, ""score"": 0, ""author_badges"": []}, {""post_id"": 2473, ""anonymous_code"": ""독수리-4082"", ""post_type"": ""trade_share"", ""title"": ""오늘 삼성전자 추가 매수했습니다!"", ""like_count"": 0, ""unlike_count"": 0, ""score"": 0, ""author_badges"": []}, {""post_id"": 2474, ""anonymous_code"": ""여우-7933"", ""post_type"": ""trade_share"", ""title"": ""삼성전자 추가 매수했습니다!"", ""like_count"": 0, ""unlike_count"": 0, ""score"": 0, ""author_badges"": []}, {""post_id"": 2475, ""anonymous_code"": ""돌고래-5489"", ""post_type"": ""trade_share"", ""title"": ""삼성전자 추가 매수했습니다!"", ""like_count"": 0, ""unlike_count"": 0, ""score"": 0, ""author_badges"": []}, {""post_id"": 2476, ""anonymous_code"": ""사자-8665"", ""post_type"": ""trade_share"", ""title"": ""오늘 삼성전자 저가 매수했습니다!"", ""like_count"": 3, ""unlike_count"": 7, ""score"": -4, ""author_badges"": []}, {""post_id"": 2477, ""anonymous_code"": ""사자-5895"", ""post_type"": ""trade_share"", ""title"": ""삼성전자 추가 매수했습니다!"", ""like_count"": 0, ""unlike_count"": 0, ""score"": 0, ""author_badges"": [""상위 수익자"", ""자산가""]}, {""post_id"": 2478, ""anonymous_code"": ""코끼리-2877"", ""post_type"": ""analysis"", ""title"": ""단기 기술적 약세와 장기 호재의 조화"", ""like_count"": 10, ""unlike_count"": 1, ""score"": 9, ""author_badges"": [""커뮤니티 인플루언서""]}, {""post_id"": 2479, ""anonymous_code"": ""사자-5055"", ""post_type"": ""trade_share"", ""title"": ""삼성전자 매수했습니다!🛒"", ""like_count"": 0, ""unlike_count"": 0, ""score"": 0, ""author_badges"": []}, {""post_id"": 2480, ""anonymous_code"": ""곰-1911"", ""post_type"": ""trade_share"", ""title"": ""오늘 삼성전자 소량 매수했습니다!"", ""like_count"": 0, ""unlike_count"": 0, ""score"": 0, ""author_badges"": []}, {""post_id"": 2481, ""anonymous_code"": ""곰-9761"", ""post_type"": ""trade_share"", ""title"": ""오늘 삼성전자 추가 매수했습니다!"", ""like_count"": 0, ""unlike_count"": 0, ""score"": 0, ""author_badges"": []}, {""post_id"": 2482, ""anonymous_code"": ""황소-8760"", ""post_type"": ""trade_share"", ""title"": ""오늘 삼성전자 30주 매수했습니다!"", ""like_count"": 0, ""unlike_count"": 0, ""score"": 0, ""author_badges"": []}, {""post_id"": 2483, ""anonymous_code"": ""돌고래-5159"", ""post_type"": ""trade_share"", ""title"": ""오늘 삼성전자 매수했습니다!"", ""like_count"": 0, ""unlike_count"": 0, ""score"": 0, ""author_badges"": [""커뮤니티 인플루언서""]}, {""post_id"": 2484, ""anonymous_code"": ""늑대-4264"", ""post_type"": ""trade_share"", ""title"": ""오늘 삼성전자 일부 매도했습니다."", ""like_count"": 15, ""unlike_count"": 0, ""score"": 15, ""author_badges"": [""상위 수익자"", ""자산가""]}, {""post_id"": 2486, ""anonymous_code"": ""독수리-8072"", ""post_type"": ""analysis"", ""title"": ""삼성전자, 단기 조정 속에서도 장기적 매력은 여전하다"", ""like_count"": 3, ""unlike_count"": 3, ""score"": 0, ""author_badges"": [""상위 수익자"", ""자산가""]}]"
chunk_001_2026-02-27_2026-03-06,2026-03-03,4,A027,1,5,19,"[2467, 2468, 2469, 2470, 2471, 2472, 2473, 2474, 2475, 2476, 2477, 2478, 2479, 2480, 2481, 2482, 2483, 2485, 2486]","[{""post_id"": 2467, ""anonymous_code"": ""곰-1801"", ""post_type"": ""trade_share"", ""title"": ""오늘 삼성전자 추가 매수했습니다!"", ""like_count"": 0, ""unlike_count"": 0, ""score"": 0, ""author_badges"": []}, {""post_id"": 2468, ""anonymous_code"": ""호랑이-8886"", ""post_type"": ""trade_share"", ""title"": ""오늘 삼성전자 매수 진행했습니다!"", ""like_count"": 0, ""unlike_count"": 3, ""score"": -3, ""author_badges"": [""상위 수익자"", ""자산가"", ""커뮤니티 인플루언서""]}, {""post_id"": 2469, ""anonymous_code"": ""코끼리-6457"", ""post_type"": ""trade_share"", ""title"": ""오늘 삼성전자로 매수했습니다!"", ""like_count"": 0, ""unlike_count"": 0, ""score"": 0, ""author_badges"": []}, {""post_id"": 2470, ""anonymous_code"": ""황소-9750"", ""post_type"": ""trade_share"", ""title"": ""오늘 삼성전자 추가 매수했습니다!"", ""like_count"": 0, ""unlike_count"": 7, ""score"": -7, ""author_badges"": []}, {""post_id"": 2471, ""anonymous_code"": ""늑대-8884"", ""post_type"": ""trade_share"", ""title"": ""오늘 삼성전자 100주 매수했습니다!"", ""like_count"": 0, ""unlike_count"": 1, ""score"": -1, ""author_badges"": [""상위 수익자"", ""자산가"", ""커뮤니티 인플루언서""]}, {""post_id"": 2472, ""anonymous_code"": ""펭귄-3788"", ""post_type"": ""trade_share"", ""title"": ""[매수 기록] 삼성전자 32주 추가 매수했습니다!"", ""like_count"": 0, ""unlike_count"": 0, ""score"": 0, ""author_badges"": []}, {""post_id"": 2473, ""anonymous_code"": ""독수리-4082"", ""post_type"": ""trade_share"", ""title"": ""오늘 삼성전자 추가 매수했습니다!"", ""like_count"": 0, ""unlike_count"": 0, ""score"": 0, ""author_badges"": []}, {""post_id"": 2474, ""anonymous_code"": ""여우-7933"", ""post_type"": ""trade_share"", ""title"": ""삼성전자 추가 매수했습니다!"", ""like_count"": 0, ""unlike_count"": 0, ""score"": 0, ""author_badges"": []}, {""post_id"": 2475, ""anonymous_code"": ""돌고래-5489"", ""post_type"": ""trade_share"", ""title"": ""삼성전자 추가 매수했습니다!"", ""like_count"": 0, ""unlike_count"": 0, ""score"": 0, ""author_badges"": []}, {""post_id"": 2476, ""anonymous_code"": ""사자-8665"", ""post_type"": ""trade_share"", ""title"": ""오늘 삼성전자 저가 매수했습니다!"", ""like_count"": 3, ""unlike_count"": 8, ""score"": -5, ""author_badges"": []}, {""post_id"": 2477, ""anonymous_code"": ""사자-5895"", ""post_type"": ""trade_share"", ""title"": ""삼성전자 추가 매수했습니다!"", ""like_count"": 0, ""unlike_count"": 0, ""score"": 0, ""author_badges"": [""상위 수익자"", ""자산가""]}, {""post_id"": 2478, ""anonymous_code"": ""코끼리-2877"", ""post_type"": ""analysis"", ""title"": ""단기 기술적 약세와 장기 호재의 조화"", ""like_count"": 11, ""unlike_count"": 1, ""score"": 10, ""author_badges"": [""커뮤니티 인플루언서""]}, {""post_id"": 2479, ""anonymous_code"": ""사자-5055"", ""post_type"": ""trade_share"", ""title"": ""삼성전자 매수했습니다!🛒"", ""like_count"": 0, ""unlike_count"": 0, ""score"": 0, ""author_badges"": []}, {""post_id"": 2480, ""anonymous_code"": ""곰-1911"", ""post_type"": ""trade_share"", ""title"": ""오늘 삼성전자 소량 매수했습니다!"", ""like_count"": 0, ""unlike_count"": 0, ""score"": 0, ""author_badges"": []}, {""post_id"": 2481, ""anonymous_code"": ""곰-9761"", ""post_type"": ""trade_share"", ""title"": ""오늘 삼성전자 추가 매수했습니다!"", ""like_count"": 0, ""unlike_count"": 0, ""score"": 0, ""author_badges"": []}, {""post_id"": 2482, ""anonymous_code"": ""황소-8760"", ""post_type"": ""trade_share"", ""title"": ""오늘 삼성전자 30주 매수했습니다!"", ""like_count"": 0, ""unlike_count"": 0, ""score"": 0, ""author_badges"": []}, {""post_id"": 2483, ""anonymous_code"": ""돌고래-5159"", ""post_type"": ""trade_share"", ""title"": ""오늘 삼성전자 매수했습니다!"", ""like_count"": 0, ""unlike_count"": 0, ""score"": 0, ""author_badges"": [""커뮤니티 인플루언서""]}, {""post_id"": 2485, ""anonymous_code"": ""여우-2283"", ""post_type"": ""trade_share"", ""title"": ""[매수 공유] 삼성전자 60주 매수했습니다!"", ""like_count"": 0, ""unlike_count"": 0, ""score"": 0, ""author_badges"": []}, {""post_id"": 2486, ""anonymous_code"": ""독수리-8072"", ""post_type"": ""analysis"", ""title"": ""삼성전자, 단기 조정 속에서도 장기적 매력은 여전하다"", ""like_count"": 3, ""unlike_count"": 3, ""score"": 0, ""author_badges"": [""상위 수익자"", ""자산가""]}]"
chunk_001_2026-02-27_2026-03-06,2026-03-04,6,A001,1,5,19,"[2488, 2489, 2490, 2491, 2492, 2493, 2494, 2495, 2496, 2497, 2498, 2499, 2500, 2501, 2502, 2503, 2504, 2505, 2506]","[{""post_id"": 2488, ""anonymous_code"": ""코끼리-6457"", ""post_type"": ""analysis"", ""title"": ""현재 삼성전자 주가 하락세 분석"", ""like_count"": 0, ""unlike_count"": 0, ""score"": 0, ""author_badges"": []}, {""post_id"": 2489, ""anonymous_code"": ""황소-9750"", ""post_type"": ""trade_share"", ""title"": ""삼성전자 매수했습니다!"", ""like_count"": 0, ""unlike_count"": 0, ""score"": 0, ""author_badges"": []}, {""post_id"": 2490, ""anonymous_code"": ""곰-1801"", ""post_type"": ""analysis"", ""title"": ""지정학적 리스크와 삼성전자의 내재가치: 장기적 관점에서의 접근"", ""like_count"": 0, ""unlike_count"": 0, ""score"": 0, ""author_badges"": []}, {""post_id"": 2491, ""anonymous_code"": ""늑대-8884"", ""post_type"": ""trade_share"", ""title"": ""오늘 삼성전자 일부 매도했습니다."", ""like_count"": 0, ""unlike_count"": 0, ""score"": 0, ""author_badges"": []}, {""post_id"": 2492, ""anonymous_code"": ""펭귄-3788"", ""post_type"": ""trade_share"", ""title"": ""삼성전자 신규 매수 거래 공유합니다"", ""like_count"": 0, ""unlike_count"": 0, ""score"": 0, ""author_badges"": []}, {""post_id"": 2493, ""anonymous_code"": ""여우-7933"", ""post_type"": ""trade_share"", ""title"": ""오늘 삼성전자 일부 매도했습니다."", ""like_count"": 0, ""unlike_count"": 0, ""score"": 0, ""author_badges"": []}, {""post_id"": 2494, ""anonymous_code"": ""독수리-4082"", ""post_type"": ""analysis"", ""title"": ""삼성전자, 리스크 관리의 중요성 재확인"", ""like_count"": 0, ""unlike_count"": 0, ""score"": 0, ""author_badges"": []}, {""post_id"": 2495, ""anonymous_code"": ""사자-8665"", ""post_type"": ""analysis"", ""title"": ""지정학적 리스크와 삼성전자, 단기 관망이 필요할 때"", ""like_count"": 0, ""unlike_count"": 0, ""score"": 0, ""author_badges"": []}, {""post_id"": 2496, ""anonymous_code"": ""돌고래-5489"", ""post_type"": ""analysis"", ""title"": ""지정학적 리스크 속에서도 삼성전자의 저평가 매력은 여전하다"", ""like_count"": 0, ""unlike_count"": 0, ""score"": 0, ""author_badges"": []}, {""post_id"": 2497, ""anonymous_code"": ""사자-5895"", ""post_type"": ""trade_share"", ""title"": ""오늘 삼성전자 매수했습니다!"", ""like_count"": 0, ""unlike_count"": 0, ""score"": 0, ""author_badges"": []}, {""post_id"": 2498, ""anonymous_code"": ""코끼리-2877"", ""post_type"": ""trade_share"", ""title"": ""오늘 삼성전자 손절 매도했습니다."", ""like_count"": 0, ""unlike_count"": 0, ""score"": 0, ""author_badges"": [""상위 수익자"", ""자산가"", ""커뮤니티 인플루언서""]}, {""post_id"": 2499, ""anonymous_code"": ""사자-5055"", ""post_type"": ""trade_share"", ""title"": ""삼성전자 매수 거래 공유합니다"", ""like_count"": 0, ""unlike_count"": 0, ""score"": 0, ""author_badges"": []}, {""post_id"": 2500, ""anonymous_code"": ""곰-9761"", ""post_type"": ""trade_share"", ""title"": ""오늘 삼성전자 16주 매수했습니다!"", ""like_count"": 0, ""unlike_count"": 0, ""score"": 0, ""author_badges"": []}, {""post_id"": 2501, ""anonymous_code"": ""곰-1911"", ""post_type"": ""analysis"", ""title"": ""삼성전자 MA20 지지선 이탈과 단기 리스크 분석"", ""like_count"": 0, ""unlike_count"": 0, ""score"": 0, ""author_badges"": []}, {""post_id"": 2502, ""anonymous_code"": ""황소-8760"", ""post_type"": ""analysis"", ""title"": ""삼성전자 현황 및 향후 전망"", ""like_count"": 0, ""unlike_count"": 0, ""score"": 0, ""author_badges"": []}, {""post_id"": 2503, ""anonymous_code"": ""여우-2283"", ""post_type"": ""trade_share"", ""title"": ""오늘 삼성전자 일부 매도했습니다."", ""like_count"": 0, ""unlike_count"": 0, ""score"": 0, ""author_badges"": []}, {""post_id"": 2504, ""anonymous_code"": ""독수리-8072"", ""post_type"": ""analysis"", ""title"": ""[오늘 시장 분석] 삼성전자, MA20 붕괴 후 심리적 위축과 리스크 관리의 중요성"", ""like_count"": 0, ""unlike_count"": 0, ""score"": 0, ""author_badges"": [""상위 수익자"", ""자산가""]}, {""post_id"": 2505, ""anonymous_code"": ""늑대-4264"", ""post_type"": ""trade_share"", ""title"": ""오늘 삼성전자 손절 매도했습니다."", ""like_count"": 0, ""unlike_count"": 0, ""score"": 0, ""author_badges"": [""상위 수익자"", ""자산가"", ""커뮤니티 인플루언서""]}, {""post_id"": 2506, ""anonymous_code"": ""돌고래-5159"", ""post_type"": ""analysis"", ""title"": ""[삼성전자] 지정학적 리스크로 인한 하락, 저평가 여부는 여전히 고민 중"", ""like_count"": 0, ""unlike_count"": 0, ""score"": 0, ""author_badges"": [""커뮤니티 인플루언서""]}]"
chunk_001_2026-02-27_2026-03-06,2026-03-04,6,A003,1,5,19,"[2487, 2488, 2489, 2491, 2492, 2493, 2494, 2495, 2496, 2497, 2498, 2499, 2500, 2501, 2502, 2503, 2504, 2505, 2506]","[{""post_id"": 2487, ""anonymous_code"": ""호랑이-8886"", ""post_type"": ""trade_share"", ""title"": ""오늘 삼성전자 일부 매도했습니다."", ""like_count"": 0, ""unlike_count"": 0, ""score"": 0, ""author_badges"": [""상위 수익자"", ""자산가"", ""커뮤니티 인플루언서""]}, {""post_id"": 2488, ""anonymous_code"": ""코끼리-6457"", ""post_type"": ""analysis"", ""title"": ""현재 삼성전자 주가 하락세 분석"", ""like_count"": 0, ""unlike_count"": 0, ""score"": 0, ""author_badges"": []}, {""post_id"": 2489, ""anonymous_code"": ""황소-9750"", ""post_type"": ""trade_share"", ""title"": ""삼성전자 매수했습니다!"", ""like_count"": 0, ""unlike_count"": 0, ""score"": 0, ""author_badges"": []}, {""post_id"": 2491, ""anonymous_code"": ""늑대-8884"", ""post_type"": ""trade_share"", ""title"": ""오늘 삼성전자 일부 매도했습니다."", ""like_count"": 0, ""unlike_count"": 0, ""score"": 0, ""author_badges"": []}, {""post_id"": 2492, ""anonymous_code"": ""펭귄-3788"", ""post_type"": ""trade_share"", ""title"": ""삼성전자 신규 매수 거래 공유합니다"", ""like_count"": 0, ""unlike_count"": 0, ""score"": 0, ""author_badges"": []}, {""post_id"": 2493, ""anonymous_code"": ""여우-7933"", ""post_type"": ""trade_share"", ""title"": ""오늘 삼성전자 일부 매도했습니다."", ""like_count"": 0, ""unlike_count"": 0, ""score"": 0, ""author_badges"": []}, {""post_id"": 2494, ""anonymous_code"": ""독수리-4082"", ""post_type"": ""analysis"", ""title"": ""삼성전자, 리스크 관리의 중요성 재확인"", ""like_count"": 0, ""unlike_count"": 0, ""score"": 0, ""author_badges"": []}, {""post_id"": 2495, ""anonymous_code"": ""사자-8665"", ""post_type"": ""analysis"", ""title"": ""지정학적 리스크와 삼성전자, 단기 관망이 필요할 때"", ""like_count"": 0, ""unlike_count"": 0, ""score"": 0, ""author_badges"": []}, {""post_id"": 2496, ""anonymous_code"": ""돌고래-5489"", ""post_type"": ""analysis"", ""title"": ""지정학적 리스크 속에서도 삼성전자의 저평가 매력은 여전하다"", ""like_count"": 0, ""unlike_count"": 0, ""score"": 0, ""author_badges"": []}, {""post_id"": 2497, ""anonymous_code"": ""사자-5895"", ""post_type"": ""trade_share"", ""title"": ""오늘 삼성전자 매수했습니다!"", ""like_count"": 0, ""unlike_count"": 0, ""score"": 0, ""author_badges"": []}, {""post_id"": 2498, ""anonymous_code"": ""코끼리-2877"", ""post_type"": ""trade_share"", ""title"": ""오늘 삼성전자 손절 매도했습니다."", ""like_count"": 0, ""unlike_count"": 0, ""score"": 0, ""author_badges"": [""상위 수익자"", ""자산가"", ""커뮤니티 인플루언서""]}, {""post_id"": 2499, ""anonymous_code"": ""사자-5055"", ""post_type"": ""trade_share"", ""title"": ""삼성전자 매수 거래 공유합니다"", ""like_count"": 0, ""unlike_count"": 0, ""score"": 0, ""author_badges"": []}, {""post_id"": 2500, ""anonymous_code"": ""곰-9761"", ""post_type"": ""trade_share"", ""title"": ""오늘 삼성전자 16주 매수했습니다!"", ""like_count"": 0, ""unlike_count"": 0, ""score"": 0, ""author_badges"": []}, {""post_id"": 2501, ""anonymous_code"": ""곰-1911"", ""post_type"": ""analysis"", ""title"": ""삼성전자 MA20 지지선 이탈과 단기 리스크 분석"", ""like_count"": 0, ""unlike_count"": 0, ""score"": 0, ""author_badges"": []}, {""post_id"": 2502, ""anonymous_code"": ""황소-8760"", ""post_type"": ""analysis"", ""title"": ""삼성전자 현황 및 향후 전망"", ""like_count"": 0, ""unlike_count"": 0, ""score"": 0, ""author_badges"": []}, {""post_id"": 2503, ""anonymous_code"": ""여우-2283"", ""post_type"": ""trade_share"", ""title"": ""오늘 삼성전자 일부 매도했습니다."", ""like_count"": 0, ""unlike_count"": 0, ""score"": 0, ""author_badges"": []}, {""post_id"": 2504, ""anonymous_code"": ""독수리-8072"", ""post_type"": ""analysis"", ""title"": ""[오늘 시장 분석] 삼성전자, MA20 붕괴 후 심리적 위축과 리스크 관리의 중요성"", ""like_count"": 0, ""unlike_count"": 0, ""score"": 0, ""author_badges"": [""상위 수익자"", ""자산가""]}, {""post_id"": 2505, ""anonymous_code"": ""늑대-4264"", ""post_type"": ""trade_share"", ""title"": ""오늘 삼성전자 손절 매도했습니다."", ""like_count"": 0, ""unlike_count"": 0, ""score"": 0, ""author_badges"": [""상위 수익자"", ""자산가"", ""커뮤니티 인플루언서""]}, {""post_id"": 2506, ""anonymous_code"": ""돌고래-5159"", ""post_type"": ""analysis"", ""title"": ""[삼성전자] 지정학적 리스크로 인한 하락, 저평가 여부는 여전히 고민 중"", ""like_count"": 0, ""unlike_count"": 0, ""score"": 0, ""author_badges"": [""커뮤니티 인플루언서""]}]"
chunk_001_2026-02-27_2026-03-06,2026-03-04,6,A004,1,5,19,"[2487, 2489, 2490, 2491, 2492, 2493, 2494, 2495, 2496, 2497, 2498, 2499, 2500, 2501, 2502, 2503, 2504, 2505, 2506]","[{""post_id"": 2487, ""anonymous_code"": ""호랑이-8886"", ""post_type"": ""trade_share"", ""title"": ""오늘 삼성전자 일부 매도했습니다."", ""like_count"": 0, ""unlike_count"": 0, ""score"": 0, ""author_badges"": [""상위 수익자"", ""자산가"", ""커뮤니티 인플루언서""]}, {""post_id"": 2489, ""anonymous_code"": ""황소-9750"", ""post_type"": ""trade_share"", ""title"": ""삼성전자 매수했습니다!"", ""like_count"": 0, ""unlike_count"": 0, ""score"": 0, ""author_badges"": []}, {""post_id"": 2490, ""anonymous_code"": ""곰-1801"", ""post_type"": ""analysis"", ""title"": ""지정학적 리스크와 삼성전자의 내재가치: 장기적 관점에서의 접근"", ""like_count"": 0, ""unlike_count"": 0, ""score"": 0, ""author_badges"": []}, {""post_id"": 2491, ""anonymous_code"": ""늑대-8884"", ""post_type"": ""trade_share"", ""title"": ""오늘 삼성전자 일부 매도했습니다."", ""like_count"": 0, ""unlike_count"": 0, ""score"": 0, ""author_badges"": []}, {""post_id"": 2492, ""anonymous_code"": ""펭귄-3788"", ""post_type"": ""trade_share"", ""title"": ""삼성전자 신규 매수 거래 공유합니다"", ""like_count"": 0, ""unlike_count"": 0, ""score"": 0, ""author_badges"": []}, {""post_id"": 2493, ""anonymous_code"": ""여우-7933"", ""post_type"": ""trade_share"", ""title"": ""오늘 삼성전자 일부 매도했습니다."", ""like_count"": 0, ""unlike_count"": 0, ""score"": 0, ""author_badges"": []}, {""post_id"": 2494, ""anonymous_code"": ""독수리-4082"", ""post_type"": ""analysis"", ""title"": ""삼성전자, 리스크 관리의 중요성 재확인"", ""like_count"": 0, ""unlike_count"": 0, ""score"": 0, ""author_badges"": []}, {""post_id"": 2495, ""anonymous_code"": ""사자-8665"", ""post_type"": ""analysis"", ""title"": ""지정학적 리스크와 삼성전자, 단기 관망이 필요할 때"", ""like_count"": 0, ""unlike_count"": 0, ""score"": 0, ""author_badges"": []}, {""post_id"": 2496, ""anonymous_code"": ""돌고래-5489"", ""post_type"": ""analysis"", ""title"": ""지정학적 리스크 속에서도 삼성전자의 저평가 매력은 여전하다"", ""like_count"": 0, ""unlike_count"": 0, ""score"": 0, ""author_badges"": []}, {""post_id"": 2497, ""anonymous_code"": ""사자-5895"", ""post_type"": ""trade_share"", ""title"": ""오늘 삼성전자 매수했습니다!"", ""like_count"": 0, ""unlike_count"": 0, ""score"": 0, ""author_badges"": []}, {""post_id"": 2498, ""anonymous_code"": ""코끼리-2877"", ""post_type"": ""trade_share"", ""title"": ""오늘 삼성전자 손절 매도했습니다."", ""like_count"": 0, ""unlike_count"": 0, ""score"": 0, ""author_badges"": [""상위 수익자"", ""자산가"", ""커뮤니티 인플루언서""]}, {""post_id"": 2499, ""anonymous_code"": ""사자-5055"", ""post_type"": ""trade_share"", ""title"": ""삼성전자 매수 거래 공유합니다"", ""like_count"": 0, ""unlike_count"": 0, ""score"": 0, ""author_badges"": []}, {""post_id"": 2500, ""anonymous_code"": ""곰-9761"", ""post_type"": ""trade_share"", ""title"": ""오늘 삼성전자 16주 매수했습니다!"", ""like_count"": 0, ""unlike_count"": 0, ""score"": 0, ""author_badges"": []}, {""post_id"": 2501, ""anonymous_code"": ""곰-1911"", ""post_type"": ""analysis"", ""title"": ""삼성전자 MA20 지지선 이탈과 단기 리스크 분석"", ""like_count"": 0, ""unlike_count"": 0, ""score"": 0, ""author_badges"": []}, {""post_id"": 2502, ""anonymous_code"": ""황소-8760"", ""post_type"": ""analysis"", ""title"": ""삼성전자 현황 및 향후 전망"", ""like_count"": 0, ""unlike_count"": 0, ""score"": 0, ""author_badges"": []}, {""post_id"": 2503, ""anonymous_code"": ""여우-2283"", ""post_type"": ""trade_share"", ""title"": ""오늘 삼성전자 일부 매도했습니다."", ""like_count"": 0, ""unlike_count"": 0, ""score"": 0, ""author_badges"": []}, {""post_id"": 2504, ""anonymous_code"": ""독수리-8072"", ""post_type"": ""analysis"", ""title"": ""[오늘 시장 분석] 삼성전자, MA20 붕괴 후 심리적 위축과 리스크 관리의 중요성"", ""like_count"": 0, ""unlike_count"": 0, ""score"": 0, ""author_badges"": [""상위 수익자"", ""자산가""]}, {""post_id"": 2505, ""anonymous_code"": ""늑대-4264"", ""post_type"": ""trade_share"", ""title"": ""오늘 삼성전자 손절 매도했습니다."", ""like_count"": 0, ""unlike_count"": 0, ""score"": 0, ""author_badges"": [""상위 수익자"", ""자산가"", ""커뮤니티 인플루언서""]}, {""post_id"": 2506, ""anonymous_code"": ""돌고래-5159"", ""post_type"": ""analysis"", ""title"": ""[삼성전자] 지정학적 리스크로 인한 하락, 저평가 여부는 여전히 고민 중"", ""like_count"": 0, ""unlike_count"": 0, ""score"": 0, ""author_badges"": [""커뮤니티 인플루언서""]}]"
chunk_001_2026-02-27_2026-03-06,2026-03-04,6,A005,1,5,19,"[2487, 2488, 2490, 2491, 2492, 2493, 2494, 2495, 2496, 2497, 2498, 2499, 2500, 2501, 2502, 2503, 2504, 2505, 2506]","[{""post_id"": 2487, ""anonymous_code"": ""호랑이-8886"", ""post_type"": ""trade_share"", ""title"": ""오늘 삼성전자 일부 매도했습니다."", ""like_count"": 0, ""unlike_count"": 0, ""score"": 0, ""author_badges"": [""상위 수익자"", ""자산가"", ""커뮤니티 인플루언서""]}, {""post_id"": 2488, ""anonymous_code"": ""코끼리-6457"", ""post_type"": ""analysis"", ""title"": ""현재 삼성전자 주가 하락세 분석"", ""like_count"": 0, ""unlike_count"": 0, ""score"": 0, ""author_badges"": []}, {""post_id"": 2490, ""anonymous_code"": ""곰-1801"", ""post_type"": ""analysis"", ""title"": ""지정학적 리스크와 삼성전자의 내재가치: 장기적 관점에서의 접근"", ""like_count"": 0, ""unlike_count"": 0, ""score"": 0, ""author_badges"": []}, {""post_id"": 2491, ""anonymous_code"": ""늑대-8884"", ""post_type"": ""trade_share"", ""title"": ""오늘 삼성전자 일부 매도했습니다."", ""like_count"": 0, ""unlike_count"": 0, ""score"": 0, ""author_badges"": []}, {""post_id"": 2492, ""anonymous_code"": ""펭귄-3788"", ""post_type"": ""trade_share"", ""title"": ""삼성전자 신규 매수 거래 공유합니다"", ""like_count"": 0, ""unlike_count"": 0, ""score"": 0, ""author_badges"": []}, {""post_id"": 2493, ""anonymous_code"": ""여우-7933"", ""post_type"": ""trade_share"", ""title"": ""오늘 삼성전자 일부 매도했습니다."", ""like_count"": 0, ""unlike_count"": 0, ""score"": 0, ""author_badges"": []}, {""post_id"": 2494, ""anonymous_code"": ""독수리-4082"", ""post_type"": ""analysis"", ""title"": ""삼성전자, 리스크 관리의 중요성 재확인"", ""like_count"": 0, ""unlike_count"": 0, ""score"": 0, ""author_badges"": []}, {""post_id"": 2495, ""anonymous_code"": ""사자-8665"", ""post_type"": ""analysis"", ""title"": ""지정학적 리스크와 삼성전자, 단기 관망이 필요할 때"", ""like_count"": 0, ""unlike_count"": 0, ""score"": 0, ""author_badges"": []}, {""post_id"": 2496, ""anonymous_code"": ""돌고래-5489"", ""post_type"": ""analysis"", ""title"": ""지정학적 리스크 속에서도 삼성전자의 저평가 매력은 여전하다"", ""like_count"": 0, ""unlike_count"": 0, ""score"": 0, ""author_badges"": []}, {""post_id"": 2497, ""anonymous_code"": ""사자-5895"", ""post_type"": ""trade_share"", ""title"": ""오늘 삼성전자 매수했습니다!"", ""like_count"": 0, ""unlike_count"": 0, ""score"": 0, ""author_badges"": []}, {""post_id"": 2498, ""anonymous_code"": ""코끼리-2877"", ""post_type"": ""trade_share"", ""title"": ""오늘 삼성전자 손절 매도했습니다."", ""like_count"": 0, ""unlike_count"": 0, ""score"": 0, ""author_badges"": [""상위 수익자"", ""자산가"", ""커뮤니티 인플루언서""]}, {""post_id"": 2499, ""anonymous_code"": ""사자-5055"", ""post_type"": ""trade_share"", ""title"": ""삼성전자 매수 거래 공유합니다"", ""like_count"": 0, ""unlike_count"": 0, ""score"": 0, ""author_badges"": []}, {""post_id"": 2500, ""anonymous_code"": ""곰-9761"", ""post_type"": ""trade_share"", ""title"": ""오늘 삼성전자 16주 매수했습니다!"", ""like_count"": 0, ""unlike_count"": 0, ""score"": 0, ""author_badges"": []}, {""post_id"": 2501, ""anonymous_code"": ""곰-1911"", ""post_type"": ""analysis"", ""title"": ""삼성전자 MA20 지지선 이탈과 단기 리스크 분석"", ""like_count"": 0, ""unlike_count"": 0, ""score"": 0, ""author_badges"": []}, {""post_id"": 2502, ""anonymous_code"": ""황소-8760"", ""post_type"": ""analysis"", ""title"": ""삼성전자 현황 및 향후 전망"", ""like_count"": 0, ""unlike_count"": 0, ""score"": 0, ""author_badges"": []}, {""post_id"": 2503, ""anonymous_code"": ""여우-2283"", ""post_type"": ""trade_share"", ""title"": ""오늘 삼성전자 일부 매도했습니다."", ""like_count"": 0, ""unlike_count"": 0, ""score"": 0, ""author_badges"": []}, {""post_id"": 2504, ""anonymous_code"": ""독수리-8072"", ""post_type"": ""analysis"", ""title"": ""[오늘 시장 분석] 삼성전자, MA20 붕괴 후 심리적 위축과 리스크 관리의 중요성"", ""like_count"": 0, ""unlike_count"": 0, ""score"": 0, ""author_badges"": [""상위 수익자"", ""자산가""]}, {""post_id"": 2505, ""anonymous_code"": ""늑대-4264"", ""post_type"": ""trade_share"", ""title"": ""오늘 삼성전자 손절 매도했습니다."", ""like_count"": 0, ""unlike_count"": 0, ""score"": 0, ""author_badges"": [""상위 수익자"", ""자산가"", ""커뮤니티 인플루언서""]}, {""post_id"": 2506, ""anonymous_code"": ""돌고래-5159"", ""post_type"": ""analysis"", ""title"": ""[삼성전자] 지정학적 리스크로 인한 하락, 저평가 여부는 여전히 고민 중"", ""like_count"": 0, ""unlike_count"": 0, ""score"": 0, ""author_badges"": [""커뮤니티 인플루언서""]}]"
chunk_001_2026-02-27_2026-03-06,2026-03-04,6,A006,1,5,19,"[2487, 2488, 2489, 2490, 2492, 2493, 2494, 2495, 2496, 2497, 2498, 2499, 2500, 2501, 2502, 2503, 2504, 2505, 2506]","[{""post_id"": 2487, ""anonymous_code"": ""호랑이-8886"", ""post_type"": ""trade_share"", ""title"": ""오늘 삼성전자 일부 매도했습니다."", ""like_count"": 0, ""unlike_count"": 0, ""score"": 0, ""author_badges"": [""상위 수익자"", ""자산가"", ""커뮤니티 인플루언서""]}, {""post_id"": 2488, ""anonymous_code"": ""코끼리-6457"", ""post_type"": ""analysis"", ""title"": ""현재 삼성전자 주가 하락세 분석"", ""like_count"": 1, ""unlike_count"": 0, ""score"": 1, ""author_badges"": []}, {""post_id"": 2489, ""anonymous_code"": ""황소-9750"", ""post_type"": ""trade_share"", ""title"": ""삼성전자 매수했습니다!"", ""like_count"": 0, ""unlike_count"": 0, ""score"": 0, ""author_badges"": []}, {""post_id"": 2490, ""anonymous_code"": ""곰-1801"", ""post_type"": ""analysis"", ""title"": ""지정학적 리스크와 삼성전자의 내재가치: 장기적 관점에서의 접근"", ""like_count"": 0, ""unlike_count"": 0, ""score"": 0, ""author_badges"": []}, {""post_id"": 2492, ""anonymous_code"": ""펭귄-3788"", ""post_type"": ""trade_share"", ""title"": ""삼성전자 신규 매수 거래 공유합니다"", ""like_count"": 0, ""unlike_count"": 0, ""score"": 0, ""author_badges"": []}, {""post_id"": 2493, ""anonymous_code"": ""여우-7933"", ""post_type"": ""trade_share"", ""title"": ""오늘 삼성전자 일부 매도했습니다."", ""like_count"": 0, ""unlike_count"": 0, ""score"": 0, ""author_badges"": []}, {""post_id"": 2494, ""anonymous_code"": ""독수리-4082"", ""post_type"": ""analysis"", ""title"": ""삼성전자, 리스크 관리의 중요성 재확인"", ""like_count"": 0, ""unlike_count"": 0, ""score"": 0, ""author_badges"": []}, {""post_id"": 2495, ""anonymous_code"": ""사자-8665"", ""post_type"": ""analysis"", ""title"": ""지정학적 리스크와 삼성전자, 단기 관망이 필요할 때"", ""like_count"": 1, ""unlike_count"": 0, ""score"": 1, ""author_badges"": []}, {""post_id"": 2496, ""anonymous_code"": ""돌고래-5489"", ""post_type"": ""analysis"", ""title"": ""지정학적 리스크 속에서도 삼성전자의 저평가 매력은 여전하다"", ""like_count"": 0, ""unlike_count"": 1, ""score"": -1, ""author_badges"": []}, {""post_id"": 2497, ""anonymous_code"": ""사자-5895"", ""post_type"": ""trade_share"", ""title"": ""오늘 삼성전자 매수했습니다!"", ""like_count"": 0, ""unlike_count"": 0, ""score"": 0, ""author_badges"": []}, {""post_id"": 2498, ""anonymous_code"": ""코끼리-2877"", ""post_type"": ""trade_share"", ""title"": ""오늘 삼성전자 손절 매도했습니다."", ""like_count"": 0, ""unlike_count"": 0, ""score"": 0, ""author_badges"": [""상위 수익자"", ""자산가"", ""커뮤니티 인플루언서""]}, {""post_id"": 2499, ""anonymous_code"": ""사자-5055"", ""post_type"": ""trade_share"", ""title"": ""삼성전자 매수 거래 공유합니다"", ""like_count"": 0, ""unlike_count"": 0, ""score"": 0, ""author_badges"": []}, {""post_id"": 2500, ""anonymous_code"": ""곰-9761"", ""post_type"": ""trade_share"", ""title"": ""오늘 삼성전자 16주 매수했습니다!"", ""like_count"": 0, ""unlike_count"": 0, ""score"": 0, ""author_badges"": []}, {""post_id"": 2501, ""anonymous_code"": ""곰-1911"", ""post_type"": ""analysis"", ""title"": ""삼성전자 MA20 지지선 이탈과 단기 리스크 분석"", ""like_count"": 1, ""unlike_count"": 0, ""score"": 1, ""author_badges"": []}, {""post_id"": 2502, ""anonymous_code"": ""황소-8760"", ""post_type"": ""analysis"", ""title"": ""삼성전자 현황 및 향후 전망"", ""like_count"": 0, ""unlike_count"": 0, ""score"": 0, ""author_badges"": []}, {""post_id"": 2503, ""anonymous_code"": ""여우-2283"", ""post_type"": ""trade_share"", ""title"": ""오늘 삼성전자 일부 매도했습니다."", ""like_count"": 0, ""unlike_count"": 0, ""score"": 0, ""author_badges"": []}, {""post_id"": 2504, ""anonymous_code"": ""독수리-8072"", ""post_type"": ""analysis"", ""title"": ""[오늘 시장 분석] 삼성전자, MA20 붕괴 후 심리적 위축과 리스크 관리의 중요성"", ""like_count"": 0, ""unlike_count"": 0, ""score"": 0, ""author_badges"": [""상위 수익자"", ""자산가""]}, {""post_id"": 2505, ""anonymous_code"": ""늑대-4264"", ""post_type"": ""trade_share"", ""title"": ""오늘 삼성전자 손절 매도했습니다."", ""like_count"": 0, ""unlike_count"": 0, ""score"": 0, ""author_badges"": [""상위 수익자"", ""자산가"", ""커뮤니티 인플루언서""]}, {""post_id"": 2506, ""anonymous_code"": ""돌고래-5159"", ""post_type"": ""analysis"", ""title"": ""[삼성전자] 지정학적 리스크로 인한 하락, 저평가 여부는 여전히 고민 중"", ""like_count"": 0, ""unlike_count"": 0, ""score"": 0, ""author_badges"": [""커뮤니티 인플루언서""]}]"
chunk_001_2026-02-27_2026-03-06,2026-03-04,6,A007,2,10,19,"[2487, 2488, 2489, 2490, 2491, 2492, 2493, 2495, 2496, 2497, 2498, 2499, 2500, 2501, 2502, 2503, 2504, 2505, 2506]","[{""post_id"": 2487, ""anonymous_code"": ""호랑이-8886"", ""post_type"": ""trade_share"", ""title"": ""오늘 삼성전자 일부 매도했습니다."", ""like_count"": 0, ""unlike_count"": 0, ""score"": 0, ""author_badges"": [""상위 수익자"", ""자산가"", ""커뮤니티 인플루언서""]}, {""post_id"": 2488, ""anonymous_code"": ""코끼리-6457"", ""post_type"": ""analysis"", ""title"": ""현재 삼성전자 주가 하락세 분석"", ""like_count"": 2, ""unlike_count"": 0, ""score"": 2, ""author_badges"": []}, {""post_id"": 2489, ""anonymous_code"": ""황소-9750"", ""post_type"": ""trade_share"", ""title"": ""삼성전자 매수했습니다!"", ""like_count"": 0, ""unlike_count"": 0, ""score"": 0, ""author_badges"": []}, {""post_id"": 2490, ""anonymous_code"": ""곰-1801"", ""post_type"": ""analysis"", ""title"": ""지정학적 리스크와 삼성전자의 내재가치: 장기적 관점에서의 접근"", ""like_count"": 0, ""unlike_count"": 0, ""score"": 0, ""author_badges"": []}, {""post_id"": 2491, ""anonymous_code"": ""늑대-8884"", ""post_type"": ""trade_share"", ""title"": ""오늘 삼성전자 일부 매도했습니다."", ""like_count"": 0, ""unlike_count"": 0, ""score"": 0, ""author_badges"": []}, {""post_id"": 2492, ""anonymous_code"": ""펭귄-3788"", ""post_type"": ""trade_share"", ""title"": ""삼성전자 신규 매수 거래 공유합니다"", ""like_count"": 0, ""unlike_count"": 0, ""score"": 0, ""author_badges"": []}, {""post_id"": 2493, ""anonymous_code"": ""여우-7933"", ""post_type"": ""trade_share"", ""title"": ""오늘 삼성전자 일부 매도했습니다."", ""like_count"": 0, ""unlike_count"": 0, ""score"": 0, ""author_badges"": []}, {""post_id"": 2495, ""anonymous_code"": ""사자-8665"", ""post_type"": ""analysis"", ""title"": ""지정학적 리스크와 삼성전자, 단기 관망이 필요할 때"", ""like_count"": 2, ""unlike_count"": 0, ""score"": 2, ""author_badges"": []}, {""post_id"": 2496, ""anonymous_code"": ""돌고래-5489"", ""post_type"": ""analysis"", ""title"": ""지정학적 리스크 속에서도 삼성전자의 저평가 매력은 여전하다"", ""like_count"": 0, ""unlike_count"": 2, ""score"": -2, ""author_badges"": []}, {""post_id"": 2497, ""anonymous_code"": ""사자-5895"", ""post_type"": ""trade_share"", ""title"": ""오늘 삼성전자 매수했습니다!"", ""like_count"": 0, ""unlike_count"": 0, ""score"": 0, ""author_badges"": []}, {""post_id"": 2498, ""anonymous_code"": ""코끼리-2877"", ""post_type"": ""trade_share"", ""title"": ""오늘 삼성전자 손절 매도했습니다."", ""like_count"": 0, ""unlike_count"": 0, ""score"": 0, ""author_badges"": [""상위 수익자"", ""자산가"", ""커뮤니티 인플루언서""]}, {""post_id"": 2499, ""anonymous_code"": ""사자-5055"", ""post_type"": ""trade_share"", ""title"": ""삼성전자 매수 거래 공유합니다"", ""like_count"": 0, ""unlike_count"": 0, ""score"": 0, ""author_badges"": []}, {""post_id"": 2500, ""anonymous_code"": ""곰-9761"", ""post_type"": ""trade_share"", ""title"": ""오늘 삼성전자 16주 매수했습니다!"", ""like_count"": 0, ""unlike_count"": 0, ""score"": 0, ""author_badges"": []}, {""post_id"": 2501, ""anonymous_code"": ""곰-1911"", ""post_type"": ""analysis"", ""title"": ""삼성전자 MA20 지지선 이탈과 단기 리스크 분석"", ""like_count"": 2, ""unlike_count"": 0, ""score"": 2, ""author_badges"": []}, {""post_id"": 2502, ""anonymous_code"": ""황소-8760"", ""post_type"": ""analysis"", ""title"": ""삼성전자 현황 및 향후 전망"", ""like_count"": 0, ""unlike_count"": 0, ""score"": 0, ""author_badges"": []}, {""post_id"": 2503, ""anonymous_code"": ""여우-2283"", ""post_type"": ""trade_share"", ""title"": ""오늘 삼성전자 일부 매도했습니다."", ""like_count"": 0, ""unlike_count"": 0, ""score"": 0, ""author_badges"": []}, {""post_id"": 2504, ""anonymous_code"": ""독수리-8072"", ""post_type"": ""analysis"", ""title"": ""[오늘 시장 분석] 삼성전자, MA20 붕괴 후 심리적 위축과 리스크 관리의 중요성"", ""like_count"": 0, ""unlike_count"": 0, ""score"": 0, ""author_badges"": [""상위 수익자"", ""자산가""]}, {""post_id"": 2505, ""anonymous_code"": ""늑대-4264"", ""post_type"": ""trade_share"", ""title"": ""오늘 삼성전자 손절 매도했습니다."", ""like_count"": 0, ""unlike_count"": 0, ""score"": 0, ""author_badges"": [""상위 수익자"", ""자산가"", ""커뮤니티 인플루언서""]}, {""post_id"": 2506, ""anonymous_code"": ""돌고래-5159"", ""post_type"": ""analysis"", ""title"": ""[삼성전자] 지정학적 리스크로 인한 하락, 저평가 여부는 여전히 고민 중"", ""like_count"": 0, ""unlike_count"": 0, ""score"": 0, ""author_badges"": [""커뮤니티 인플루언서""]}]"
chunk_001_2026-02-27_2026-03-06,2026-03-04,6,A008,1,5,19,"[2487, 2488, 2489, 2490, 2491, 2492, 2494, 2495, 2496, 2497, 2498, 2499, 2500, 2501, 2502, 2503, 2504, 2505, 2506]","[{""post_id"": 2487, ""anonymous_code"": ""호랑이-8886"", ""post_type"": ""trade_share"", ""title"": ""오늘 삼성전자 일부 매도했습니다."", ""like_count"": 0, ""unlike_count"": 0, ""score"": 0, ""author_badges"": [""상위 수익자"", ""자산가"", ""커뮤니티 인플루언서""]}, {""post_id"": 2488, ""anonymous_code"": ""코끼리-6457"", ""post_type"": ""analysis"", ""title"": ""현재 삼성전자 주가 하락세 분석"", ""like_count"": 2, ""unlike_count"": 0, ""score"": 2, ""author_badges"": []}, {""post_id"": 2489, ""anonymous_code"": ""황소-9750"", ""post_type"": ""trade_share"", ""title"": ""삼성전자 매수했습니다!"", ""like_count"": 0, ""unlike_count"": 0, ""score"": 0, ""author_badges"": []}, {""post_id"": 2490, ""anonymous_code"": ""곰-1801"", ""post_type"": ""analysis"", ""title"": ""지정학적 리스크와 삼성전자의 내재가치: 장기적 관점에서의 접근"", ""like_count"": 0, ""unlike_count"": 0, ""score"": 0, ""author_badges"": []}, {""post_id"": 2491, ""anonymous_code"": ""늑대-8884"", ""post_type"": ""trade_share"", ""title"": ""오늘 삼성전자 일부 매도했습니다."", ""like_count"": 0, ""unlike_count"": 0, ""score"": 0, ""author_badges"": []}, {""post_id"": 2492, ""anonymous_code"": ""펭귄-3788"", ""post_type"": ""trade_share"", ""title"": ""삼성전자 신규 매수 거래 공유합니다"", ""like_count"": 0, ""unlike_count"": 0, ""score"": 0, ""author_badges"": []}, {""post_id"": 2494, ""anonymous_code"": ""독수리-4082"", ""post_type"": ""analysis"", ""title"": ""삼성전자, 리스크 관리의 중요성 재확인"", ""like_count"": 0, ""unlike_count"": 0, ""score"": 0, ""author_badges"": []}, {""post_id"": 2495, ""anonymous_code"": ""사자-8665"", ""post_type"": ""analysis"", ""title"": ""지정학적 리스크와 삼성전자, 단기 관망이 필요할 때"", ""like_count"": 3, ""unlike_count"": 0, ""score"": 3, ""author_badges"": []}, {""post_id"": 2496, ""anonymous_code"": ""돌고래-5489"", ""post_type"": ""analysis"", ""title"": ""지정학적 리스크 속에서도 삼성전자의 저평가 매력은 여전하다"", ""like_count"": 0, ""unlike_count"": 2, ""score"": -2, ""author_badges"": []}, {""post_id"": 2497, ""anonymous_code"": ""사자-5895"", ""post_type"": ""trade_share"", ""title"": ""오늘 삼성전자 매수했습니다!"", ""like_count"": 0, ""unlike_count"": 0, ""score"": 0, ""author_badges"": []}, {""post_id"": 2498, ""anonymous_code"": ""코끼리-2877"", ""post_type"": ""trade_share"", ""title"": ""오늘 삼성전자 손절 매도했습니다."", ""like_count"": 0, ""unlike_count"": 0, ""score"": 0, ""author_badges"": [""상위 수익자"", ""자산가"", ""커뮤니티 인플루언서""]}, {""post_id"": 2499, ""anonymous_code"": ""사자-5055"", ""post_type"": ""trade_share"", ""title"": ""삼성전자 매수 거래 공유합니다"", ""like_count"": 0, ""unlike_count"": 0, ""score"": 0, ""author_badges"": []}, {""post_id"": 2500, ""anonymous_code"": ""곰-9761"", ""post_type"": ""trade_share"", ""title"": ""오늘 삼성전자 16주 매수했습니다!"", ""like_count"": 0, ""unlike_count"": 0, ""score"": 0, ""author_badges"": []}, {""post_id"": 2501, ""anonymous_code"": ""곰-1911"", ""post_type"": ""analysis"", ""title"": ""삼성전자 MA20 지지선 이탈과 단기 리스크 분석"", ""like_count"": 3, ""unlike_count"": 0, ""score"": 3, ""author_badges"": []}, {""post_id"": 2502, ""anonymous_code"": ""황소-8760"", ""post_type"": ""analysis"", ""title"": ""삼성전자 현황 및 향후 전망"", ""like_count"": 0, ""unlike_count"": 0, ""score"": 0, ""author_badges"": []}, {""post_id"": 2503, ""anonymous_code"": ""여우-2283"", ""post_type"": ""trade_share"", ""title"": ""오늘 삼성전자 일부 매도했습니다."", ""like_count"": 0, ""unlike_count"": 0, ""score"": 0, ""author_badges"": []}, {""post_id"": 2504, ""anonymous_code"": ""독수리-8072"", ""post_type"": ""analysis"", ""title"": ""[오늘 시장 분석] 삼성전자, MA20 붕괴 후 심리적 위축과 리스크 관리의 중요성"", ""like_count"": 0, ""unlike_count"": 1, ""score"": -1, ""author_badges"": [""상위 수익자"", ""자산가""]}, {""post_id"": 2505, ""anonymous_code"": ""늑대-4264"", ""post_type"": ""trade_share"", ""title"": ""오늘 삼성전자 손절 매도했습니다."", ""like_count"": 0, ""unlike_count"": 0, ""score"": 0, ""author_badges"": [""상위 수익자"", ""자산가"", ""커뮤니티 인플루언서""]}, {""post_id"": 2506, ""anonymous_code"": ""돌고래-5159"", ""post_type"": ""analysis"", ""title"": ""[삼성전자] 지정학적 리스크로 인한 하락, 저평가 여부는 여전히 고민 중"", ""like_count"": 0, ""unlike_count"": 0, ""score"": 0, ""author_badges"": [""커뮤니티 인플루언서""]}]"
chunk_001_2026-02-27_2026-03-06,2026-03-04,6,A010,1,5,19,"[2487, 2488, 2489, 2490, 2491, 2493, 2494, 2495, 2496, 2497, 2498, 2499, 2500, 2501, 2502, 2503, 2504, 2505, 2506]","[{""post_id"": 2487, ""anonymous_code"": ""호랑이-8886"", ""post_type"": ""trade_share"", ""title"": ""오늘 삼성전자 일부 매도했습니다."", ""like_count"": 0, ""unlike_count"": 0, ""score"": 0, ""author_badges"": [""상위 수익자"", ""자산가"", ""커뮤니티 인플루언서""]}, {""post_id"": 2488, ""anonymous_code"": ""코끼리-6457"", ""post_type"": ""analysis"", ""title"": ""현재 삼성전자 주가 하락세 분석"", ""like_count"": 3, ""unlike_count"": 0, ""score"": 3, ""author_badges"": []}, {""post_id"": 2489, ""anonymous_code"": ""황소-9750"", ""post_type"": ""trade_share"", ""title"": ""삼성전자 매수했습니다!"", ""like_count"": 0, ""unlike_count"": 0, ""score"": 0, ""author_badges"": []}, {""post_id"": 2490, ""anonymous_code"": ""곰-1801"", ""post_type"": ""analysis"", ""title"": ""지정학적 리스크와 삼성전자의 내재가치: 장기적 관점에서의 접근"", ""like_count"": 0, ""unlike_count"": 1, ""score"": -1, ""author_badges"": []}, {""post_id"": 2491, ""anonymous_code"": ""늑대-8884"", ""post_type"": ""trade_share"", ""title"": ""오늘 삼성전자 일부 매도했습니다."", ""like_count"": 0, ""unlike_count"": 0, ""score"": 0, ""author_badges"": []}, {""post_id"": 2493, ""anonymous_code"": ""여우-7933"", ""post_type"": ""trade_share"", ""title"": ""오늘 삼성전자 일부 매도했습니다."", ""like_count"": 0, ""unlike_count"": 0, ""score"": 0, ""author_badges"": []}, {""post_id"": 2494, ""anonymous_code"": ""독수리-4082"", ""post_type"": ""analysis"", ""title"": ""삼성전자, 리스크 관리의 중요성 재확인"", ""like_count"": 0, ""unlike_count"": 0, ""score"": 0, ""author_badges"": []}, {""post_id"": 2495, ""anonymous_code"": ""사자-8665"", ""post_type"": ""analysis"", ""title"": ""지정학적 리스크와 삼성전자, 단기 관망이 필요할 때"", ""like_count"": 4, ""unlike_count"": 0, ""score"": 4, ""author_badges"": []}, {""post_id"": 2496, ""anonymous_code"": ""돌고래-5489"", ""post_type"": ""analysis"", ""title"": ""지정학적 리스크 속에서도 삼성전자의 저평가 매력은 여전하다"", ""like_count"": 0, ""unlike_count"": 2, ""score"": -2, ""author_badges"": []}, {""post_id"": 2497, ""anonymous_code"": ""사자-5895"", ""post_type"": ""trade_share"", ""title"": ""오늘 삼성전자 매수했습니다!"", ""like_count"": 0, ""unlike_count"": 0, ""score"": 0, ""author_badges"": []}, {""post_id"": 2498, ""anonymous_code"": ""코끼리-2877"", ""post_type"": ""trade_share"", ""title"": ""오늘 삼성전자 손절 매도했습니다."", ""like_count"": 0, ""unlike_count"": 0, ""score"": 0, ""author_badges"": [""상위 수익자"", ""자산가"", ""커뮤니티 인플루언서""]}, {""post_id"": 2499, ""anonymous_code"": ""사자-5055"", ""post_type"": ""trade_share"", ""title"": ""삼성전자 매수 거래 공유합니다"", ""like_count"": 0, ""unlike_count"": 0, ""score"": 0, ""author_badges"": []}, {""post_id"": 2500, ""anonymous_code"": ""곰-9761"", ""post_type"": ""trade_share"", ""title"": ""오늘 삼성전자 16주 매수했습니다!"", ""like_count"": 0, ""unlike_count"": 0, ""score"": 0, ""author_badges"": []}, {""post_id"": 2501, ""anonymous_code"": ""곰-1911"", ""post_type"": ""analysis"", ""title"": ""삼성전자 MA20 지지선 이탈과 단기 리스크 분석"", ""like_count"": 4, ""unlike_count"": 0, ""score"": 4, ""author_badges"": []}, {""post_id"": 2502, ""anonymous_code"": ""황소-8760"", ""post_type"": ""analysis"", ""title"": ""삼성전자 현황 및 향후 전망"", ""like_count"": 0, ""unlike_count"": 0, ""score"": 0, ""author_badges"": []}, {""post_id"": 2503, ""anonymous_code"": ""여우-2283"", ""post_type"": ""trade_share"", ""title"": ""오늘 삼성전자 일부 매도했습니다."", ""like_count"": 0, ""unlike_count"": 0, ""score"": 0, ""author_badges"": []}, {""post_id"": 2504, ""anonymous_code"": ""독수리-8072"", ""post_type"": ""analysis"", ""title"": ""[오늘 시장 분석] 삼성전자, MA20 붕괴 후 심리적 위축과 리스크 관리의 중요성"", ""like_count"": 0, ""unlike_count"": 1, ""score"": -1, ""author_badges"": [""상위 수익자"", ""자산가""]}, {""post_id"": 2505, ""anonymous_code"": ""늑대-4264"", ""post_type"": ""trade_share"", ""title"": ""오늘 삼성전자 손절 매도했습니다."", ""like_count"": 0, ""unlike_count"": 0, ""score"": 0, ""author_badges"": [""상위 수익자"", ""자산가"", ""커뮤니티 인플루언서""]}, {""post_id"": 2506, ""anonymous_code"": ""돌고래-5159"", ""post_type"": ""analysis"", ""title"": ""[삼성전자] 지정학적 리스크로 인한 하락, 저평가 여부는 여전히 고민 중"", ""like_count"": 0, ""unlike_count"": 0, ""score"": 0, ""author_badges"": [""커뮤니티 인플루언서""]}]"
chunk_001_2026-02-27_2026-03-06,2026-03-04,6,A011,1,5,19,"[2487, 2488, 2489, 2490, 2491, 2492, 2493, 2494, 2495, 2497, 2498, 2499, 2500, 2501, 2502, 2503, 2504, 2505, 2506]","[{""post_id"": 2487, ""anonymous_code"": ""호랑이-8886"", ""post_type"": ""trade_share"", ""title"": ""오늘 삼성전자 일부 매도했습니다."", ""like_count"": 0, ""unlike_count"": 0, ""score"": 0, ""author_badges"": [""상위 수익자"", ""자산가"", ""커뮤니티 인플루언서""]}, {""post_id"": 2488, ""anonymous_code"": ""코끼리-6457"", ""post_type"": ""analysis"", ""title"": ""현재 삼성전자 주가 하락세 분석"", ""like_count"": 4, ""unlike_count"": 0, ""score"": 4, ""author_badges"": []}, {""post_id"": 2489, ""anonymous_code"": ""황소-9750"", ""post_type"": ""trade_share"", ""title"": ""삼성전자 매수했습니다!"", ""like_count"": 0, ""unlike_count"": 0, ""score"": 0, ""author_badges"": []}, {""post_id"": 2490, ""anonymous_code"": ""곰-1801"", ""post_type"": ""analysis"", ""title"": ""지정학적 리스크와 삼성전자의 내재가치: 장기적 관점에서의 접근"", ""like_count"": 0, ""unlike_count"": 1, ""score"": -1, ""author_badges"": []}, {""post_id"": 2491, ""anonymous_code"": ""늑대-8884"", ""post_type"": ""trade_share"", ""title"": ""오늘 삼성전자 일부 매도했습니다."", ""like_count"": 0, ""unlike_count"": 0, ""score"": 0, ""author_badges"": []}, {""post_id"": 2492, ""anonymous_code"": ""펭귄-3788"", ""post_type"": ""trade_share"", ""title"": ""삼성전자 신규 매수 거래 공유합니다"", ""like_count"": 0, ""unlike_count"": 0, ""score"": 0, ""author_badges"": []}, {""post_id"": 2493, ""anonymous_code"": ""여우-7933"", ""post_type"": ""trade_share"", ""title"": ""오늘 삼성전자 일부 매도했습니다."", ""like_count"": 0, ""unlike_count"": 0, ""score"": 0, ""author_badges"": []}, {""post_id"": 2494, ""anonymous_code"": ""독수리-4082"", ""post_type"": ""analysis"", ""title"": ""삼성전자, 리스크 관리의 중요성 재확인"", ""like_count"": 0, ""unlike_count"": 0, ""score"": 0, ""author_badges"": []}, {""post_id"": 2495, ""anonymous_code"": ""사자-8665"", ""post_type"": ""analysis"", ""title"": ""지정학적 리스크와 삼성전자, 단기 관망이 필요할 때"", ""like_count"": 5, ""unlike_count"": 0, ""score"": 5, ""author_badges"": []}, {""post_id"": 2497, ""anonymous_code"": ""사자-5895"", ""post_type"": ""trade_share"", ""title"": ""오늘 삼성전자 매수했습니다!"", ""like_count"": 0, ""unlike_count"": 0, ""score"": 0, ""author_badges"": []}, {""post_id"": 2498, ""anonymous_code"": ""코끼리-2877"", ""post_type"": ""trade_share"", ""title"": ""오늘 삼성전자 손절 매도했습니다."", ""like_count"": 0, ""unlike_count"": 0, ""score"": 0, ""author_badges"": [""상위 수익자"", ""자산가"", ""커뮤니티 인플루언서""]}, {""post_id"": 2499, ""anonymous_code"": ""사자-5055"", ""post_type"": ""trade_share"", ""title"": ""삼성전자 매수 거래 공유합니다"", ""like_count"": 0, ""unlike_count"": 0, ""score"": 0, ""author_badges"": []}, {""post_id"": 2500, ""anonymous_code"": ""곰-9761"", ""post_type"": ""trade_share"", ""title"": ""오늘 삼성전자 16주 매수했습니다!"", ""like_count"": 0, ""unlike_count"": 0, ""score"": 0, ""author_badges"": []}, {""post_id"": 2501, ""anonymous_code"": ""곰-1911"", ""post_type"": ""analysis"", ""title"": ""삼성전자 MA20 지지선 이탈과 단기 리스크 분석"", ""like_count"": 5, ""unlike_count"": 0, ""score"": 5, ""author_badges"": []}, {""post_id"": 2502, ""anonymous_code"": ""황소-8760"", ""post_type"": ""analysis"", ""title"": ""삼성전자 현황 및 향후 전망"", ""like_count"": 0, ""unlike_count"": 0, ""score"": 0, ""author_badges"": []}, {""post_id"": 2503, ""anonymous_code"": ""여우-2283"", ""post_type"": ""trade_share"", ""title"": ""오늘 삼성전자 일부 매도했습니다."", ""like_count"": 0, ""unlike_count"": 0, ""score"": 0, ""author_badges"": []}, {""post_id"": 2504, ""anonymous_code"": ""독수리-8072"", ""post_type"": ""analysis"", ""title"": ""[오늘 시장 분석] 삼성전자, MA20 붕괴 후 심리적 위축과 리스크 관리의 중요성"", ""like_count"": 1, ""unlike_count"": 1, ""score"": 0, ""author_badges"": [""상위 수익자"", ""자산가""]}, {""post_id"": 2505, ""anonymous_code"": ""늑대-4264"", ""post_type"": ""trade_share"", ""title"": ""오늘 삼성전자 손절 매도했습니다."", ""like_count"": 0, ""unlike_count"": 0, ""score"": 0, ""author_badges"": [""상위 수익자"", ""자산가"", ""커뮤니티 인플루언서""]}, {""post_id"": 2506, ""anonymous_code"": ""돌고래-5159"", ""post_type"": ""analysis"", ""title"": ""[삼성전자] 지정학적 리스크로 인한 하락, 저평가 여부는 여전히 고민 중"", ""like_count"": 0, ""unlike_count"": 0, ""score"": 0, ""author_badges"": [""커뮤니티 인플루언서""]}]"
chunk_001_2026-02-27_2026-03-06,2026-03-04,6,A012,1,5,19,"[2487, 2488, 2489, 2490, 2491, 2492, 2493, 2494, 2496, 2497, 2498, 2499, 2500, 2501, 2502, 2503, 2504, 2505, 2506]","[{""post_id"": 2487, ""anonymous_code"": ""호랑이-8886"", ""post_type"": ""trade_share"", ""title"": ""오늘 삼성전자 일부 매도했습니다."", ""like_count"": 0, ""unlike_count"": 0, ""score"": 0, ""author_badges"": [""상위 수익자"", ""자산가"", ""커뮤니티 인플루언서""]}, {""post_id"": 2488, ""anonymous_code"": ""코끼리-6457"", ""post_type"": ""analysis"", ""title"": ""현재 삼성전자 주가 하락세 분석"", ""like_count"": 5, ""unlike_count"": 0, ""score"": 5, ""author_badges"": []}, {""post_id"": 2489, ""anonymous_code"": ""황소-9750"", ""post_type"": ""trade_share"", ""title"": ""삼성전자 매수했습니다!"", ""like_count"": 0, ""unlike_count"": 0, ""score"": 0, ""author_badges"": []}, {""post_id"": 2490, ""anonymous_code"": ""곰-1801"", ""post_type"": ""analysis"", ""title"": ""지정학적 리스크와 삼성전자의 내재가치: 장기적 관점에서의 접근"", ""like_count"": 0, ""unlike_count"": 1, ""score"": -1, ""author_badges"": []}, {""post_id"": 2491, ""anonymous_code"": ""늑대-8884"", ""post_type"": ""trade_share"", ""title"": ""오늘 삼성전자 일부 매도했습니다."", ""like_count"": 0, ""unlike_count"": 0, ""score"": 0, ""author_badges"": []}, {""post_id"": 2492, ""anonymous_code"": ""펭귄-3788"", ""post_type"": ""trade_share"", ""title"": ""삼성전자 신규 매수 거래 공유합니다"", ""like_count"": 0, ""unlike_count"": 0, ""score"": 0, ""author_badges"": []}, {""post_id"": 2493, ""anonymous_code"": ""여우-7933"", ""post_type"": ""trade_share"", ""title"": ""오늘 삼성전자 일부 매도했습니다."", ""like_count"": 0, ""unlike_count"": 0, ""score"": 0, ""author_badges"": []}, {""post_id"": 2494, ""anonymous_code"": ""독수리-4082"", ""post_type"": ""analysis"", ""title"": ""삼성전자, 리스크 관리의 중요성 재확인"", ""like_count"": 0, ""unlike_count"": 0, ""score"": 0, ""author_badges"": []}, {""post_id"": 2496, ""anonymous_code"": ""돌고래-5489"", ""post_type"": ""analysis"", ""title"": ""지정학적 리스크 속에서도 삼성전자의 저평가 매력은 여전하다"", ""like_count"": 0, ""unlike_count"": 3, ""score"": -3, ""author_badges"": []}, {""post_id"": 2497, ""anonymous_code"": ""사자-5895"", ""post_type"": ""trade_share"", ""title"": ""오늘 삼성전자 매수했습니다!"", ""like_count"": 0, ""unlike_count"": 0, ""score"": 0, ""author_badges"": []}, {""post_id"": 2498, ""anonymous_code"": ""코끼리-2877"", ""post_type"": ""trade_share"", ""title"": ""오늘 삼성전자 손절 매도했습니다."", ""like_count"": 0, ""unlike_count"": 0, ""score"": 0, ""author_badges"": [""상위 수익자"", ""자산가"", ""커뮤니티 인플루언서""]}, {""post_id"": 2499, ""anonymous_code"": ""사자-5055"", ""post_type"": ""trade_share"", ""title"": ""삼성전자 매수 거래 공유합니다"", ""like_count"": 0, ""unlike_count"": 0, ""score"": 0, ""author_badges"": []}, {""post_id"": 2500, ""anonymous_code"": ""곰-9761"", ""post_type"": ""trade_share"", ""title"": ""오늘 삼성전자 16주 매수했습니다!"", ""like_count"": 0, ""unlike_count"": 0, ""score"": 0, ""author_badges"": []}, {""post_id"": 2501, ""anonymous_code"": ""곰-1911"", ""post_type"": ""analysis"", ""title"": ""삼성전자 MA20 지지선 이탈과 단기 리스크 분석"", ""like_count"": 6, ""unlike_count"": 0, ""score"": 6, ""author_badges"": []}, {""post_id"": 2502, ""anonymous_code"": ""황소-8760"", ""post_type"": ""analysis"", ""title"": ""삼성전자 현황 및 향후 전망"", ""like_count"": 0, ""unlike_count"": 0, ""score"": 0, ""author_badges"": []}, {""post_id"": 2503, ""anonymous_code"": ""여우-2283"", ""post_type"": ""trade_share"", ""title"": ""오늘 삼성전자 일부 매도했습니다."", ""like_count"": 0, ""unlike_count"": 0, ""score"": 0, ""author_badges"": []}, {""post_id"": 2504, ""anonymous_code"": ""독수리-8072"", ""post_type"": ""analysis"", ""title"": ""[오늘 시장 분석] 삼성전자, MA20 붕괴 후 심리적 위축과 리스크 관리의 중요성"", ""like_count"": 1, ""unlike_count"": 2, ""score"": -1, ""author_badges"": [""상위 수익자"", ""자산가""]}, {""post_id"": 2505, ""anonymous_code"": ""늑대-4264"", ""post_type"": ""trade_share"", ""title"": ""오늘 삼성전자 손절 매도했습니다."", ""like_count"": 0, ""unlike_count"": 0, ""score"": 0, ""author_badges"": [""상위 수익자"", ""자산가"", ""커뮤니티 인플루언서""]}, {""post_id"": 2506, ""anonymous_code"": ""돌고래-5159"", ""post_type"": ""analysis"", ""title"": ""[삼성전자] 지정학적 리스크로 인한 하락, 저평가 여부는 여전히 고민 중"", ""like_count"": 0, ""unlike_count"": 0, ""score"": 0, ""author_badges"": [""커뮤니티 인플루언서""]}]"
chunk_001_2026-02-27_2026-03-06,2026-03-04,6,A013,1,5,19,"[2487, 2488, 2489, 2490, 2491, 2492, 2493, 2494, 2495, 2496, 2498, 2499, 2500, 2501, 2502, 2503, 2504, 2505, 2506]","[{""post_id"": 2487, ""anonymous_code"": ""호랑이-8886"", ""post_type"": ""trade_share"", ""title"": ""오늘 삼성전자 일부 매도했습니다."", ""like_count"": 0, ""unlike_count"": 0, ""score"": 0, ""author_badges"": [""상위 수익자"", ""자산가"", ""커뮤니티 인플루언서""]}, {""post_id"": 2488, ""anonymous_code"": ""코끼리-6457"", ""post_type"": ""analysis"", ""title"": ""현재 삼성전자 주가 하락세 분석"", ""like_count"": 6, ""unlike_count"": 0, ""score"": 6, ""author_badges"": []}, {""post_id"": 2489, ""anonymous_code"": ""황소-9750"", ""post_type"": ""trade_share"", ""title"": ""삼성전자 매수했습니다!"", ""like_count"": 0, ""unlike_count"": 0, ""score"": 0, ""author_badges"": []}, {""post_id"": 2490, ""anonymous_code"": ""곰-1801"", ""post_type"": ""analysis"", ""title"": ""지정학적 리스크와 삼성전자의 내재가치: 장기적 관점에서의 접근"", ""like_count"": 0, ""unlike_count"": 2, ""score"": -2, ""author_badges"": []}, {""post_id"": 2491, ""anonymous_code"": ""늑대-8884"", ""post_type"": ""trade_share"", ""title"": ""오늘 삼성전자 일부 매도했습니다."", ""like_count"": 0, ""unlike_count"": 0, ""score"": 0, ""author_badges"": []}, {""post_id"": 2492, ""anonymous_code"": ""펭귄-3788"", ""post_type"": ""trade_share"", ""title"": ""삼성전자 신규 매수 거래 공유합니다"", ""like_count"": 0, ""unlike_count"": 0, ""score"": 0, ""author_badges"": []}, {""post_id"": 2493, ""anonymous_code"": ""여우-7933"", ""post_type"": ""trade_share"", ""title"": ""오늘 삼성전자 일부 매도했습니다."", ""like_count"": 0, ""unlike_count"": 0, ""score"": 0, ""author_badges"": []}, {""post_id"": 2494, ""anonymous_code"": ""독수리-4082"", ""post_type"": ""analysis"", ""title"": ""삼성전자, 리스크 관리의 중요성 재확인"", ""like_count"": 0, ""unlike_count"": 0, ""score"": 0, ""author_badges"": []}, {""post_id"": 2495, ""anonymous_code"": ""사자-8665"", ""post_type"": ""analysis"", ""title"": ""지정학적 리스크와 삼성전자, 단기 관망이 필요할 때"", ""like_count"": 7, ""unlike_count"": 0, ""score"": 7, ""author_badges"": []}, {""post_id"": 2496, ""anonymous_code"": ""돌고래-5489"", ""post_type"": ""analysis"", ""title"": ""지정학적 리스크 속에서도 삼성전자의 저평가 매력은 여전하다"", ""like_count"": 0, ""unlike_count"": 3, ""score"": -3, ""author_badges"": []}, {""post_id"": 2498, ""anonymous_code"": ""코끼리-2877"", ""post_type"": ""trade_share"", ""title"": ""오늘 삼성전자 손절 매도했습니다."", ""like_count"": 0, ""unlike_count"": 0, ""score"": 0, ""author_badges"": [""상위 수익자"", ""자산가"", ""커뮤니티 인플루언서""]}, {""post_id"": 2499, ""anonymous_code"": ""사자-5055"", ""post_type"": ""trade_share"", ""title"": ""삼성전자 매수 거래 공유합니다"", ""like_count"": 0, ""unlike_count"": 0, ""score"": 0, ""author_badges"": []}, {""post_id"": 2500, ""anonymous_code"": ""곰-9761"", ""post_type"": ""trade_share"", ""title"": ""오늘 삼성전자 16주 매수했습니다!"", ""like_count"": 0, ""unlike_count"": 0, ""score"": 0, ""author_badges"": []}, {""post_id"": 2501, ""anonymous_code"": ""곰-1911"", ""post_type"": ""analysis"", ""title"": ""삼성전자 MA20 지지선 이탈과 단기 리스크 분석"", ""like_count"": 7, ""unlike_count"": 0, ""score"": 7, ""author_badges"": []}, {""post_id"": 2502, ""anonymous_code"": ""황소-8760"", ""post_type"": ""analysis"", ""title"": ""삼성전자 현황 및 향후 전망"", ""like_count"": 0, ""unlike_count"": 0, ""score"": 0, ""author_badges"": []}, {""post_id"": 2503, ""anonymous_code"": ""여우-2283"", ""post_type"": ""trade_share"", ""title"": ""오늘 삼성전자 일부 매도했습니다."", ""like_count"": 0, ""unlike_count"": 0, ""score"": 0, ""author_badges"": []}, {""post_id"": 2504, ""anonymous_code"": ""독수리-8072"", ""post_type"": ""analysis"", ""title"": ""[오늘 시장 분석] 삼성전자, MA20 붕괴 후 심리적 위축과 리스크 관리의 중요성"", ""like_count"": 2, ""unlike_count"": 2, ""score"": 0, ""author_badges"": [""상위 수익자"", ""자산가""]}, {""post_id"": 2505, ""anonymous_code"": ""늑대-4264"", ""post_type"": ""trade_share"", ""title"": ""오늘 삼성전자 손절 매도했습니다."", ""like_count"": 0, ""unlike_count"": 0, ""score"": 0, ""author_badges"": [""상위 수익자"", ""자산가"", ""커뮤니티 인플루언서""]}, {""post_id"": 2506, ""anonymous_code"": ""돌고래-5159"", ""post_type"": ""analysis"", ""title"": ""[삼성전자] 지정학적 리스크로 인한 하락, 저평가 여부는 여전히 고민 중"", ""like_count"": 0, ""unlike_count"": 0, ""score"": 0, ""author_badges"": [""커뮤니티 인플루언서""]}]"
chunk_001_2026-02-27_2026-03-06,2026-03-04,6,A014,1,5,19,"[2487, 2488, 2489, 2490, 2491, 2492, 2493, 2494, 2495, 2496, 2497, 2499, 2500, 2501, 2502, 2503, 2504, 2505, 2506]","[{""post_id"": 2487, ""anonymous_code"": ""호랑이-8886"", ""post_type"": ""trade_share"", ""title"": ""오늘 삼성전자 일부 매도했습니다."", ""like_count"": 0, ""unlike_count"": 0, ""score"": 0, ""author_badges"": [""상위 수익자"", ""자산가"", ""커뮤니티 인플루언서""]}, {""post_id"": 2488, ""anonymous_code"": ""코끼리-6457"", ""post_type"": ""analysis"", ""title"": ""현재 삼성전자 주가 하락세 분석"", ""like_count"": 7, ""unlike_count"": 0, ""score"": 7, ""author_badges"": []}, {""post_id"": 2489, ""anonymous_code"": ""황소-9750"", ""post_type"": ""trade_share"", ""title"": ""삼성전자 매수했습니다!"", ""like_count"": 0, ""unlike_count"": 0, ""score"": 0, ""author_badges"": []}, {""post_id"": 2490, ""anonymous_code"": ""곰-1801"", ""post_type"": ""analysis"", ""title"": ""지정학적 리스크와 삼성전자의 내재가치: 장기적 관점에서의 접근"", ""like_count"": 0, ""unlike_count"": 2, ""score"": -2, ""author_badges"": []}, {""post_id"": 2491, ""anonymous_code"": ""늑대-8884"", ""post_type"": ""trade_share"", ""title"": ""오늘 삼성전자 일부 매도했습니다."", ""like_count"": 0, ""unlike_count"": 0, ""score"": 0, ""author_badges"": []}, {""post_id"": 2492, ""anonymous_code"": ""펭귄-3788"", ""post_type"": ""trade_share"", ""title"": ""삼성전자 신규 매수 거래 공유합니다"", ""like_count"": 0, ""unlike_count"": 0, ""score"": 0, ""author_badges"": []}, {""post_id"": 2493, ""anonymous_code"": ""여우-7933"", ""post_type"": ""trade_share"", ""title"": ""오늘 삼성전자 일부 매도했습니다."", ""like_count"": 0, ""unlike_count"": 0, ""score"": 0, ""author_badges"": []}, {""post_id"": 2494, ""anonymous_code"": ""독수리-4082"", ""post_type"": ""analysis"", ""title"": ""삼성전자, 리스크 관리의 중요성 재확인"", ""like_count"": 0, ""unlike_count"": 0, ""score"": 0, ""author_badges"": []}, {""post_id"": 2495, ""anonymous_code"": ""사자-8665"", ""post_type"": ""analysis"", ""title"": ""지정학적 리스크와 삼성전자, 단기 관망이 필요할 때"", ""like_count"": 8, ""unlike_count"": 0, ""score"": 8, ""author_badges"": []}, {""post_id"": 2496, ""anonymous_code"": ""돌고래-5489"", ""post_type"": ""analysis"", ""title"": ""지정학적 리스크 속에서도 삼성전자의 저평가 매력은 여전하다"", ""like_count"": 0, ""unlike_count"": 3, ""score"": -3, ""author_badges"": []}, {""post_id"": 2497, ""anonymous_code"": ""사자-5895"", ""post_type"": ""trade_share"", ""title"": ""오늘 삼성전자 매수했습니다!"", ""like_count"": 0, ""unlike_count"": 0, ""score"": 0, ""author_badges"": []}, {""post_id"": 2499, ""anonymous_code"": ""사자-5055"", ""post_type"": ""trade_share"", ""title"": ""삼성전자 매수 거래 공유합니다"", ""like_count"": 0, ""unlike_count"": 0, ""score"": 0, ""author_badges"": []}, {""post_id"": 2500, ""anonymous_code"": ""곰-9761"", ""post_type"": ""trade_share"", ""title"": ""오늘 삼성전자 16주 매수했습니다!"", ""like_count"": 0, ""unlike_count"": 0, ""score"": 0, ""author_badges"": []}, {""post_id"": 2501, ""anonymous_code"": ""곰-1911"", ""post_type"": ""analysis"", ""title"": ""삼성전자 MA20 지지선 이탈과 단기 리스크 분석"", ""like_count"": 8, ""unlike_count"": 0, ""score"": 8, ""author_badges"": []}, {""post_id"": 2502, ""anonymous_code"": ""황소-8760"", ""post_type"": ""analysis"", ""title"": ""삼성전자 현황 및 향후 전망"", ""like_count"": 0, ""unlike_count"": 0, ""score"": 0, ""author_badges"": []}, {""post_id"": 2503, ""anonymous_code"": ""여우-2283"", ""post_type"": ""trade_share"", ""title"": ""오늘 삼성전자 일부 매도했습니다."", ""like_count"": 0, ""unlike_count"": 0, ""score"": 0, ""author_badges"": []}, {""post_id"": 2504, ""anonymous_code"": ""독수리-8072"", ""post_type"": ""analysis"", ""title"": ""[오늘 시장 분석] 삼성전자, MA20 붕괴 후 심리적 위축과 리스크 관리의 중요성"", ""like_count"": 2, ""unlike_count"": 2, ""score"": 0, ""author_badges"": [""상위 수익자"", ""자산가""]}, {""post_id"": 2505, ""anonymous_code"": ""늑대-4264"", ""post_type"": ""trade_share"", ""title"": ""오늘 삼성전자 손절 매도했습니다."", ""like_count"": 0, ""unlike_count"": 0, ""score"": 0, ""author_badges"": [""상위 수익자"", ""자산가"", ""커뮤니티 인플루언서""]}, {""post_id"": 2506, ""anonymous_code"": ""돌고래-5159"", ""post_type"": ""analysis"", ""title"": ""[삼성전자] 지정학적 리스크로 인한 하락, 저평가 여부는 여전히 고민 중"", ""like_count"": 0, ""unlike_count"": 0, ""score"": 0, ""author_badges"": [""커뮤니티 인플루언서""]}]"
chunk_001_2026-02-27_2026-03-06,2026-03-04,6,A015,2,10,19,"[2487, 2488, 2489, 2490, 2491, 2492, 2493, 2494, 2495, 2496, 2497, 2498, 2500, 2501, 2502, 2503, 2504, 2505, 2506]","[{""post_id"": 2487, ""anonymous_code"": ""호랑이-8886"", ""post_type"": ""trade_share"", ""title"": ""오늘 삼성전자 일부 매도했습니다."", ""like_count"": 0, ""unlike_count"": 0, ""score"": 0, ""author_badges"": [""상위 수익자"", ""자산가"", ""커뮤니티 인플루언서""]}, {""post_id"": 2488, ""anonymous_code"": ""코끼리-6457"", ""post_type"": ""analysis"", ""title"": ""현재 삼성전자 주가 하락세 분석"", ""like_count"": 8, ""unlike_count"": 0, ""score"": 8, ""author_badges"": []}, {""post_id"": 2489, ""anonymous_code"": ""황소-9750"", ""post_type"": ""trade_share"", ""title"": ""삼성전자 매수했습니다!"", ""like_count"": 0, ""unlike_count"": 0, ""score"": 0, ""author_badges"": []}, {""post_id"": 2490, ""anonymous_code"": ""곰-1801"", ""post_type"": ""analysis"", ""title"": ""지정학적 리스크와 삼성전자의 내재가치: 장기적 관점에서의 접근"", ""like_count"": 0, ""unlike_count"": 2, ""score"": -2, ""author_badges"": []}, {""post_id"": 2491, ""anonymous_code"": ""늑대-8884"", ""post_type"": ""trade_share"", ""title"": ""오늘 삼성전자 일부 매도했습니다."", ""like_count"": 0, ""unlike_count"": 0, ""score"": 0, ""author_badges"": []}, {""post_id"": 2492, ""anonymous_code"": ""펭귄-3788"", ""post_type"": ""trade_share"", ""title"": ""삼성전자 신규 매수 거래 공유합니다"", ""like_count"": 0, ""unlike_count"": 0, ""score"": 0, ""author_badges"": []}, {""post_id"": 2493, ""anonymous_code"": ""여우-7933"", ""post_type"": ""trade_share"", ""title"": ""오늘 삼성전자 일부 매도했습니다."", ""like_count"": 0, ""unlike_count"": 0, ""score"": 0, ""author_badges"": []}, {""post_id"": 2494, ""anonymous_code"": ""독수리-4082"", ""post_type"": ""analysis"", ""title"": ""삼성전자, 리스크 관리의 중요성 재확인"", ""like_count"": 0, ""unlike_count"": 0, ""score"": 0, ""author_badges"": []}, {""post_id"": 2495, ""anonymous_code"": ""사자-8665"", ""post_type"": ""analysis"", ""title"": ""지정학적 리스크와 삼성전자, 단기 관망이 필요할 때"", ""like_count"": 9, ""unlike_count"": 0, ""score"": 9, ""author_badges"": []}, {""post_id"": 2496, ""anonymous_code"": ""돌고래-5489"", ""post_type"": ""analysis"", ""title"": ""지정학적 리스크 속에서도 삼성전자의 저평가 매력은 여전하다"", ""like_count"": 0, ""unlike_count"": 3, ""score"": -3, ""author_badges"": []}, {""post_id"": 2497, ""anonymous_code"": ""사자-5895"", ""post_type"": ""trade_share"", ""title"": ""오늘 삼성전자 매수했습니다!"", ""like_count"": 0, ""unlike_count"": 0, ""score"": 0, ""author_badges"": []}, {""post_id"": 2498, ""anonymous_code"": ""코끼리-2877"", ""post_type"": ""trade_share"", ""title"": ""오늘 삼성전자 손절 매도했습니다."", ""like_count"": 0, ""unlike_count"": 0, ""score"": 0, ""author_badges"": [""상위 수익자"", ""자산가"", ""커뮤니티 인플루언서""]}, {""post_id"": 2500, ""anonymous_code"": ""곰-9761"", ""post_type"": ""trade_share"", ""title"": ""오늘 삼성전자 16주 매수했습니다!"", ""like_count"": 0, ""unlike_count"": 0, ""score"": 0, ""author_badges"": []}, {""post_id"": 2501, ""anonymous_code"": ""곰-1911"", ""post_type"": ""analysis"", ""title"": ""삼성전자 MA20 지지선 이탈과 단기 리스크 분석"", ""like_count"": 8, ""unlike_count"": 1, ""score"": 7, ""author_badges"": []}, {""post_id"": 2502, ""anonymous_code"": ""황소-8760"", ""post_type"": ""analysis"", ""title"": ""삼성전자 현황 및 향후 전망"", ""like_count"": 0, ""unlike_count"": 0, ""score"": 0, ""author_badges"": []}, {""post_id"": 2503, ""anonymous_code"": ""여우-2283"", ""post_type"": ""trade_share"", ""title"": ""오늘 삼성전자 일부 매도했습니다."", ""like_count"": 0, ""unlike_count"": 0, ""score"": 0, ""author_badges"": []}, {""post_id"": 2504, ""anonymous_code"": ""독수리-8072"", ""post_type"": ""analysis"", ""title"": ""[오늘 시장 분석] 삼성전자, MA20 붕괴 후 심리적 위축과 리스크 관리의 중요성"", ""like_count"": 2, ""unlike_count"": 2, ""score"": 0, ""author_badges"": [""상위 수익자"", ""자산가""]}, {""post_id"": 2505, ""anonymous_code"": ""늑대-4264"", ""post_type"": ""trade_share"", ""title"": ""오늘 삼성전자 손절 매도했습니다."", ""like_count"": 0, ""unlike_count"": 0, ""score"": 0, ""author_badges"": [""상위 수익자"", ""자산가"", ""커뮤니티 인플루언서""]}, {""post_id"": 2506, ""anonymous_code"": ""돌고래-5159"", ""post_type"": ""analysis"", ""title"": ""[삼성전자] 지정학적 리스크로 인한 하락, 저평가 여부는 여전히 고민 중"", ""like_count"": 0, ""unlike_count"": 0, ""score"": 0, ""author_badges"": [""커뮤니티 인플루언서""]}]"
chunk_001_2026-02-27_2026-03-06,2026-03-04,6,A017,2,10,19,"[2487, 2488, 2489, 2490, 2491, 2492, 2493, 2494, 2495, 2496, 2497, 2498, 2499, 2500, 2502, 2503, 2504, 2505, 2506]","[{""post_id"": 2487, ""anonymous_code"": ""호랑이-8886"", ""post_type"": ""trade_share"", ""title"": ""오늘 삼성전자 일부 매도했습니다."", ""like_count"": 0, ""unlike_count"": 0, ""score"": 0, ""author_badges"": [""상위 수익자"", ""자산가"", ""커뮤니티 인플루언서""]}, {""post_id"": 2488, ""anonymous_code"": ""코끼리-6457"", ""post_type"": ""analysis"", ""title"": ""현재 삼성전자 주가 하락세 분석"", ""like_count"": 9, ""unlike_count"": 0, ""score"": 9, ""author_badges"": []}, {""post_id"": 2489, ""anonymous_code"": ""황소-9750"", ""post_type"": ""trade_share"", ""title"": ""삼성전자 매수했습니다!"", ""like_count"": 0, ""unlike_count"": 0, ""score"": 0, ""author_badges"": []}, {""post_id"": 2490, ""anonymous_code"": ""곰-1801"", ""post_type"": ""analysis"", ""title"": ""지정학적 리스크와 삼성전자의 내재가치: 장기적 관점에서의 접근"", ""like_count"": 0, ""unlike_count"": 2, ""score"": -2, ""author_badges"": []}, {""post_id"": 2491, ""anonymous_code"": ""늑대-8884"", ""post_type"": ""trade_share"", ""title"": ""오늘 삼성전자 일부 매도했습니다."", ""like_count"": 1, ""unlike_count"": 0, ""score"": 1, ""author_badges"": []}, {""post_id"": 2492, ""anonymous_code"": ""펭귄-3788"", ""post_type"": ""trade_share"", ""title"": ""삼성전자 신규 매수 거래 공유합니다"", ""like_count"": 0, ""unlike_count"": 0, ""score"": 0, ""author_badges"": []}, {""post_id"": 2493, ""anonymous_code"": ""여우-7933"", ""post_type"": ""trade_share"", ""title"": ""오늘 삼성전자 일부 매도했습니다."", ""like_count"": 0, ""unlike_count"": 0, ""score"": 0, ""author_badges"": []}, {""post_id"": 2494, ""anonymous_code"": ""독수리-4082"", ""post_type"": ""analysis"", ""title"": ""삼성전자, 리스크 관리의 중요성 재확인"", ""like_count"": 0, ""unlike_count"": 0, ""score"": 0, ""author_badges"": []}, {""post_id"": 2495, ""anonymous_code"": ""사자-8665"", ""post_type"": ""analysis"", ""title"": ""지정학적 리스크와 삼성전자, 단기 관망이 필요할 때"", ""like_count"": 9, ""unlike_count"": 0, ""score"": 9, ""author_badges"": []}, {""post_id"": 2496, ""anonymous_code"": ""돌고래-5489"", ""post_type"": ""analysis"", ""title"": ""지정학적 리스크 속에서도 삼성전자의 저평가 매력은 여전하다"", ""like_count"": 0, ""unlike_count"": 3, ""score"": -3, ""author_badges"": []}, {""post_id"": 2497, ""anonymous_code"": ""사자-5895"", ""post_type"": ""trade_share"", ""title"": ""오늘 삼성전자 매수했습니다!"", ""like_count"": 0, ""unlike_count"": 0, ""score"": 0, ""author_badges"": []}, {""post_id"": 2498, ""anonymous_code"": ""코끼리-2877"", ""post_type"": ""trade_share"", ""title"": ""오늘 삼성전자 손절 매도했습니다."", ""like_count"": 0, ""unlike_count"": 0, ""score"": 0, ""author_badges"": [""상위 수익자"", ""자산가"", ""커뮤니티 인플루언서""]}, {""post_id"": 2499, ""anonymous_code"": ""사자-5055"", ""post_type"": ""trade_share"", ""title"": ""삼성전자 매수 거래 공유합니다"", ""like_count"": 0, ""unlike_count"": 0, ""score"": 0, ""author_badges"": []}, {""post_id"": 2500, ""anonymous_code"": ""곰-9761"", ""post_type"": ""trade_share"", ""title"": ""오늘 삼성전자 16주 매수했습니다!"", ""like_count"": 0, ""unlike_count"": 0, ""score"": 0, ""author_badges"": []}, {""post_id"": 2502, ""anonymous_code"": ""황소-8760"", ""post_type"": ""analysis"", ""title"": ""삼성전자 현황 및 향후 전망"", ""like_count"": 0, ""unlike_count"": 0, ""score"": 0, ""author_badges"": []}, {""post_id"": 2503, ""anonymous_code"": ""여우-2283"", ""post_type"": ""trade_share"", ""title"": ""오늘 삼성전자 일부 매도했습니다."", ""like_count"": 0, ""unlike_count"": 0, ""score"": 0, ""author_badges"": []}, {""post_id"": 2504, ""anonymous_code"": ""독수리-8072"", ""post_type"": ""analysis"", ""title"": ""[오늘 시장 분석] 삼성전자, MA20 붕괴 후 심리적 위축과 리스크 관리의 중요성"", ""like_count"": 2, ""unlike_count"": 3, ""score"": -1, ""author_badges"": [""상위 수익자"", ""자산가""]}, {""post_id"": 2505, ""anonymous_code"": ""늑대-4264"", ""post_type"": ""trade_share"", ""title"": ""오늘 삼성전자 손절 매도했습니다."", ""like_count"": 0, ""unlike_count"": 0, ""score"": 0, ""author_badges"": [""상위 수익자"", ""자산가"", ""커뮤니티 인플루언서""]}, {""post_id"": 2506, ""anonymous_code"": ""돌고래-5159"", ""post_type"": ""analysis"", ""title"": ""[삼성전자] 지정학적 리스크로 인한 하락, 저평가 여부는 여전히 고민 중"", ""like_count"": 0, ""unlike_count"": 0, ""score"": 0, ""author_badges"": [""커뮤니티 인플루언서""]}]"
chunk_001_2026-02-27_2026-03-06,2026-03-04,6,A019,1,5,19,"[2487, 2488, 2489, 2490, 2491, 2492, 2493, 2494, 2495, 2496, 2497, 2498, 2499, 2501, 2502, 2503, 2504, 2505, 2506]","[{""post_id"": 2487, ""anonymous_code"": ""호랑이-8886"", ""post_type"": ""trade_share"", ""title"": ""오늘 삼성전자 일부 매도했습니다."", ""like_count"": 0, ""unlike_count"": 0, ""score"": 0, ""author_badges"": [""상위 수익자"", ""자산가"", ""커뮤니티 인플루언서""]}, {""post_id"": 2488, ""anonymous_code"": ""코끼리-6457"", ""post_type"": ""analysis"", ""title"": ""현재 삼성전자 주가 하락세 분석"", ""like_count"": 10, ""unlike_count"": 0, ""score"": 10, ""author_badges"": []}, {""post_id"": 2489, ""anonymous_code"": ""황소-9750"", ""post_type"": ""trade_share"", ""title"": ""삼성전자 매수했습니다!"", ""like_count"": 0, ""unlike_count"": 0, ""score"": 0, ""author_badges"": []}, {""post_id"": 2490, ""anonymous_code"": ""곰-1801"", ""post_type"": ""analysis"", ""title"": ""지정학적 리스크와 삼성전자의 내재가치: 장기적 관점에서의 접근"", ""like_count"": 0, ""unlike_count"": 2, ""score"": -2, ""author_badges"": []}, {""post_id"": 2491, ""anonymous_code"": ""늑대-8884"", ""post_type"": ""trade_share"", ""title"": ""오늘 삼성전자 일부 매도했습니다."", ""like_count"": 1, ""unlike_count"": 0, ""score"": 1, ""author_badges"": []}, {""post_id"": 2492, ""anonymous_code"": ""펭귄-3788"", ""post_type"": ""trade_share"", ""title"": ""삼성전자 신규 매수 거래 공유합니다"", ""like_count"": 0, ""unlike_count"": 0, ""score"": 0, ""author_badges"": []}, {""post_id"": 2493, ""anonymous_code"": ""여우-7933"", ""post_type"": ""trade_share"", ""title"": ""오늘 삼성전자 일부 매도했습니다."", ""like_count"": 0, ""unlike_count"": 0, ""score"": 0, ""author_badges"": []}, {""post_id"": 2494, ""anonymous_code"": ""독수리-4082"", ""post_type"": ""analysis"", ""title"": ""삼성전자, 리스크 관리의 중요성 재확인"", ""like_count"": 0, ""unlike_count"": 0, ""score"": 0, ""author_badges"": []}, {""post_id"": 2495, ""anonymous_code"": ""사자-8665"", ""post_type"": ""analysis"", ""title"": ""지정학적 리스크와 삼성전자, 단기 관망이 필요할 때"", ""like_count"": 10, ""unlike_count"": 0, ""score"": 10, ""author_badges"": []}, {""post_id"": 2496, ""anonymous_code"": ""돌고래-5489"", ""post_type"": ""analysis"", ""title"": ""지정학적 리스크 속에서도 삼성전자의 저평가 매력은 여전하다"", ""like_count"": 0, ""unlike_count"": 3, ""score"": -3, ""author_badges"": []}, {""post_id"": 2497, ""anonymous_code"": ""사자-5895"", ""post_type"": ""trade_share"", ""title"": ""오늘 삼성전자 매수했습니다!"", ""like_count"": 0, ""unlike_count"": 0, ""score"": 0, ""author_badges"": []}, {""post_id"": 2498, ""anonymous_code"": ""코끼리-2877"", ""post_type"": ""trade_share"", ""title"": ""오늘 삼성전자 손절 매도했습니다."", ""like_count"": 0, ""unlike_count"": 0, ""score"": 0, ""author_badges"": [""상위 수익자"", ""자산가"", ""커뮤니티 인플루언서""]}, {""post_id"": 2499, ""anonymous_code"": ""사자-5055"", ""post_type"": ""trade_share"", ""title"": ""삼성전자 매수 거래 공유합니다"", ""like_count"": 0, ""unlike_count"": 0, ""score"": 0, ""author_badges"": []}, {""post_id"": 2501, ""anonymous_code"": ""곰-1911"", ""post_type"": ""analysis"", ""title"": ""삼성전자 MA20 지지선 이탈과 단기 리스크 분석"", ""like_count"": 10, ""unlike_count"": 1, ""score"": 9, ""author_badges"": []}, {""post_id"": 2502, ""anonymous_code"": ""황소-8760"", ""post_type"": ""analysis"", ""title"": ""삼성전자 현황 및 향후 전망"", ""like_count"": 0, ""unlike_count"": 0, ""score"": 0, ""author_badges"": []}, {""post_id"": 2503, ""anonymous_code"": ""여우-2283"", ""post_type"": ""trade_share"", ""title"": ""오늘 삼성전자 일부 매도했습니다."", ""like_count"": 0, ""unlike_count"": 0, ""score"": 0, ""author_badges"": []}, {""post_id"": 2504, ""anonymous_code"": ""독수리-8072"", ""post_type"": ""analysis"", ""title"": ""[오늘 시장 분석] 삼성전자, MA20 붕괴 후 심리적 위축과 리스크 관리의 중요성"", ""like_count"": 2, ""unlike_count"": 4, ""score"": -2, ""author_badges"": [""상위 수익자"", ""자산가""]}, {""post_id"": 2505, ""anonymous_code"": ""늑대-4264"", ""post_type"": ""trade_share"", ""title"": ""오늘 삼성전자 손절 매도했습니다."", ""like_count"": 0, ""unlike_count"": 0, ""score"": 0, ""author_badges"": [""상위 수익자"", ""자산가"", ""커뮤니티 인플루언서""]}, {""post_id"": 2506, ""anonymous_code"": ""돌고래-5159"", ""post_type"": ""analysis"", ""title"": ""[삼성전자] 지정학적 리스크로 인한 하락, 저평가 여부는 여전히 고민 중"", ""like_count"": 0, ""unlike_count"": 0, ""score"": 0, ""author_badges"": [""커뮤니티 인플루언서""]}]"
chunk_001_2026-02-27_2026-03-06,2026-03-04,6,A020,2,10,19,"[2487, 2488, 2489, 2490, 2491, 2492, 2493, 2494, 2495, 2496, 2497, 2498, 2499, 2500, 2501, 2503, 2504, 2505, 2506]","[{""post_id"": 2487, ""anonymous_code"": ""호랑이-8886"", ""post_type"": ""trade_share"", ""title"": ""오늘 삼성전자 일부 매도했습니다."", ""like_count"": 0, ""unlike_count"": 0, ""score"": 0, ""author_badges"": [""상위 수익자"", ""자산가"", ""커뮤니티 인플루언서""]}, {""post_id"": 2488, ""anonymous_code"": ""코끼리-6457"", ""post_type"": ""analysis"", ""title"": ""현재 삼성전자 주가 하락세 분석"", ""like_count"": 11, ""unlike_count"": 0, ""score"": 11, ""author_badges"": []}, {""post_id"": 2489, ""anonymous_code"": ""황소-9750"", ""post_type"": ""trade_share"", ""title"": ""삼성전자 매수했습니다!"", ""like_count"": 0, ""unlike_count"": 0, ""score"": 0, ""author_badges"": []}, {""post_id"": 2490, ""anonymous_code"": ""곰-1801"", ""post_type"": ""analysis"", ""title"": ""지정학적 리스크와 삼성전자의 내재가치: 장기적 관점에서의 접근"", ""like_count"": 0, ""unlike_count"": 3, ""score"": -3, ""author_badges"": []}, {""post_id"": 2491, ""anonymous_code"": ""늑대-8884"", ""post_type"": ""trade_share"", ""title"": ""오늘 삼성전자 일부 매도했습니다."", ""like_count"": 1, ""unlike_count"": 0, ""score"": 1, ""author_badges"": []}, {""post_id"": 2492, ""anonymous_code"": ""펭귄-3788"", ""post_type"": ""trade_share"", ""title"": ""삼성전자 신규 매수 거래 공유합니다"", ""like_count"": 0, ""unlike_count"": 0, ""score"": 0, ""author_badges"": []}, {""post_id"": 2493, ""anonymous_code"": ""여우-7933"", ""post_type"": ""trade_share"", ""title"": ""오늘 삼성전자 일부 매도했습니다."", ""like_count"": 0, ""unlike_count"": 0, ""score"": 0, ""author_badges"": []}, {""post_id"": 2494, ""anonymous_code"": ""독수리-4082"", ""post_type"": ""analysis"", ""title"": ""삼성전자, 리스크 관리의 중요성 재확인"", ""like_count"": 0, ""unlike_count"": 0, ""score"": 0, ""author_badges"": []}, {""post_id"": 2495, ""anonymous_code"": ""사자-8665"", ""post_type"": ""analysis"", ""title"": ""지정학적 리스크와 삼성전자, 단기 관망이 필요할 때"", ""like_count"": 11, ""unlike_count"": 0, ""score"": 11, ""author_badges"": []}, {""post_id"": 2496, ""anonymous_code"": ""돌고래-5489"", ""post_type"": ""analysis"", ""title"": ""지정학적 리스크 속에서도 삼성전자의 저평가 매력은 여전하다"", ""like_count"": 0, ""unlike_count"": 3, ""score"": -3, ""author_badges"": []}, {""post_id"": 2497, ""anonymous_code"": ""사자-5895"", ""post_type"": ""trade_share"", ""title"": ""오늘 삼성전자 매수했습니다!"", ""like_count"": 0, ""unlike_count"": 0, ""score"": 0, ""author_badges"": []}, {""post_id"": 2498, ""anonymous_code"": ""코끼리-2877"", ""post_type"": ""trade_share"", ""title"": ""오늘 삼성전자 손절 매도했습니다."", ""like_count"": 0, ""unlike_count"": 0, ""score"": 0, ""author_badges"": [""상위 수익자"", ""자산가"", ""커뮤니티 인플루언서""]}, {""post_id"": 2499, ""anonymous_code"": ""사자-5055"", ""post_type"": ""trade_share"", ""title"": ""삼성전자 매수 거래 공유합니다"", ""like_count"": 0, ""unlike_count"": 0, ""score"": 0, ""author_badges"": []}, {""post_id"": 2500, ""anonymous_code"": ""곰-9761"", ""post_type"": ""trade_share"", ""title"": ""오늘 삼성전자 16주 매수했습니다!"", ""like_count"": 0, ""unlike_count"": 0, ""score"": 0, ""author_badges"": []}, {""post_id"": 2501, ""anonymous_code"": ""곰-1911"", ""post_type"": ""analysis"", ""title"": ""삼성전자 MA20 지지선 이탈과 단기 리스크 분석"", ""like_count"": 11, ""unlike_count"": 1, ""score"": 10, ""author_badges"": []}, {""post_id"": 2503, ""anonymous_code"": ""여우-2283"", ""post_type"": ""trade_share"", ""title"": ""오늘 삼성전자 일부 매도했습니다."", ""like_count"": 0, ""unlike_count"": 0, ""score"": 0, ""author_badges"": []}, {""post_id"": 2504, ""anonymous_code"": ""독수리-8072"", ""post_type"": ""analysis"", ""title"": ""[오늘 시장 분석] 삼성전자, MA20 붕괴 후 심리적 위축과 리스크 관리의 중요성"", ""like_count"": 3, ""unlike_count"": 4, ""score"": -1, ""author_badges"": [""상위 수익자"", ""자산가""]}, {""post_id"": 2505, ""anonymous_code"": ""늑대-4264"", ""post_type"": ""trade_share"", ""title"": ""오늘 삼성전자 손절 매도했습니다."", ""like_count"": 0, ""unlike_count"": 0, ""score"": 0, ""author_badges"": [""상위 수익자"", ""자산가"", ""커뮤니티 인플루언서""]}, {""post_id"": 2506, ""anonymous_code"": ""돌고래-5159"", ""post_type"": ""analysis"", ""title"": ""[삼성전자] 지정학적 리스크로 인한 하락, 저평가 여부는 여전히 고민 중"", ""like_count"": 0, ""unlike_count"": 0, ""score"": 0, ""author_badges"": [""커뮤니티 인플루언서""]}]"
chunk_001_2026-02-27_2026-03-06,2026-03-04,6,A022,1,5,19,"[2487, 2488, 2489, 2490, 2491, 2492, 2493, 2494, 2495, 2496, 2497, 2498, 2499, 2500, 2501, 2502, 2503, 2504, 2505]","[{""post_id"": 2487, ""anonymous_code"": ""호랑이-8886"", ""post_type"": ""trade_share"", ""title"": ""오늘 삼성전자 일부 매도했습니다."", ""like_count"": 0, ""unlike_count"": 0, ""score"": 0, ""author_badges"": [""상위 수익자"", ""자산가"", ""커뮤니티 인플루언서""]}, {""post_id"": 2488, ""anonymous_code"": ""코끼리-6457"", ""post_type"": ""analysis"", ""title"": ""현재 삼성전자 주가 하락세 분석"", ""like_count"": 12, ""unlike_count"": 0, ""score"": 12, ""author_badges"": []}, {""post_id"": 2489, ""anonymous_code"": ""황소-9750"", ""post_type"": ""trade_share"", ""title"": ""삼성전자 매수했습니다!"", ""like_count"": 0, ""unlike_count"": 0, ""score"": 0, ""author_badges"": []}, {""post_id"": 2490, ""anonymous_code"": ""곰-1801"", ""post_type"": ""analysis"", ""title"": ""지정학적 리스크와 삼성전자의 내재가치: 장기적 관점에서의 접근"", ""like_count"": 0, ""unlike_count"": 3, ""score"": -3, ""author_badges"": []}, {""post_id"": 2491, ""anonymous_code"": ""늑대-8884"", ""post_type"": ""trade_share"", ""title"": ""오늘 삼성전자 일부 매도했습니다."", ""like_count"": 1, ""unlike_count"": 0, ""score"": 1, ""author_badges"": []}, {""post_id"": 2492, ""anonymous_code"": ""펭귄-3788"", ""post_type"": ""trade_share"", ""title"": ""삼성전자 신규 매수 거래 공유합니다"", ""like_count"": 0, ""unlike_count"": 0, ""score"": 0, ""author_badges"": []}, {""post_id"": 2493, ""anonymous_code"": ""여우-7933"", ""post_type"": ""trade_share"", ""title"": ""오늘 삼성전자 일부 매도했습니다."", ""like_count"": 0, ""unlike_count"": 0, ""score"": 0, ""author_badges"": []}, {""post_id"": 2494, ""anonymous_code"": ""독수리-4082"", ""post_type"": ""analysis"", ""title"": ""삼성전자, 리스크 관리의 중요성 재확인"", ""like_count"": 0, ""unlike_count"": 0, ""score"": 0, ""author_badges"": []}, {""post_id"": 2495, ""anonymous_code"": ""사자-8665"", ""post_type"": ""analysis"", ""title"": ""지정학적 리스크와 삼성전자, 단기 관망이 필요할 때"", ""like_count"": 12, ""unlike_count"": 0, ""score"": 12, ""author_badges"": []}, {""post_id"": 2496, ""anonymous_code"": ""돌고래-5489"", ""post_type"": ""analysis"", ""title"": ""지정학적 리스크 속에서도 삼성전자의 저평가 매력은 여전하다"", ""like_count"": 0, ""unlike_count"": 3, ""score"": -3, ""author_badges"": []}, {""post_id"": 2497, ""anonymous_code"": ""사자-5895"", ""post_type"": ""trade_share"", ""title"": ""오늘 삼성전자 매수했습니다!"", ""like_count"": 0, ""unlike_count"": 0, ""score"": 0, ""author_badges"": []}, {""post_id"": 2498, ""anonymous_code"": ""코끼리-2877"", ""post_type"": ""trade_share"", ""title"": ""오늘 삼성전자 손절 매도했습니다."", ""like_count"": 0, ""unlike_count"": 0, ""score"": 0, ""author_badges"": [""상위 수익자"", ""자산가"", ""커뮤니티 인플루언서""]}, {""post_id"": 2499, ""anonymous_code"": ""사자-5055"", ""post_type"": ""trade_share"", ""title"": ""삼성전자 매수 거래 공유합니다"", ""like_count"": 0, ""unlike_count"": 0, ""score"": 0, ""author_badges"": []}, {""post_id"": 2500, ""anonymous_code"": ""곰-9761"", ""post_type"": ""trade_share"", ""title"": ""오늘 삼성전자 16주 매수했습니다!"", ""like_count"": 0, ""unlike_count"": 0, ""score"": 0, ""author_badges"": []}, {""post_id"": 2501, ""anonymous_code"": ""곰-1911"", ""post_type"": ""analysis"", ""title"": ""삼성전자 MA20 지지선 이탈과 단기 리스크 분석"", ""like_count"": 12, ""unlike_count"": 1, ""score"": 11, ""author_badges"": []}, {""post_id"": 2502, ""anonymous_code"": ""황소-8760"", ""post_type"": ""analysis"", ""title"": ""삼성전자 현황 및 향후 전망"", ""like_count"": 0, ""unlike_count"": 0, ""score"": 0, ""author_badges"": []}, {""post_id"": 2503, ""anonymous_code"": ""여우-2283"", ""post_type"": ""trade_share"", ""title"": ""오늘 삼성전자 일부 매도했습니다."", ""like_count"": 0, ""unlike_count"": 0, ""score"": 0, ""author_badges"": []}, {""post_id"": 2504, ""anonymous_code"": ""독수리-8072"", ""post_type"": ""analysis"", ""title"": ""[오늘 시장 분석] 삼성전자, MA20 붕괴 후 심리적 위축과 리스크 관리의 중요성"", ""like_count"": 3, ""unlike_count"": 5, ""score"": -2, ""author_badges"": [""상위 수익자"", ""자산가""]}, {""post_id"": 2505, ""anonymous_code"": ""늑대-4264"", ""post_type"": ""trade_share"", ""title"": ""오늘 삼성전자 손절 매도했습니다."", ""like_count"": 0, ""unlike_count"": 0, ""score"": 0, ""author_badges"": [""상위 수익자"", ""자산가"", ""커뮤니티 인플루언서""]}]"
chunk_001_2026-02-27_2026-03-06,2026-03-04,6,A025,1,5,19,"[2487, 2488, 2489, 2490, 2491, 2492, 2493, 2494, 2495, 2496, 2497, 2498, 2499, 2500, 2501, 2502, 2503, 2505, 2506]","[{""post_id"": 2487, ""anonymous_code"": ""호랑이-8886"", ""post_type"": ""trade_share"", ""title"": ""오늘 삼성전자 일부 매도했습니다."", ""like_count"": 0, ""unlike_count"": 0, ""score"": 0, ""author_badges"": [""상위 수익자"", ""자산가"", ""커뮤니티 인플루언서""]}, {""post_id"": 2488, ""anonymous_code"": ""코끼리-6457"", ""post_type"": ""analysis"", ""title"": ""현재 삼성전자 주가 하락세 분석"", ""like_count"": 13, ""unlike_count"": 0, ""score"": 13, ""author_badges"": []}, {""post_id"": 2489, ""anonymous_code"": ""황소-9750"", ""post_type"": ""trade_share"", ""title"": ""삼성전자 매수했습니다!"", ""like_count"": 0, ""unlike_count"": 0, ""score"": 0, ""author_badges"": []}, {""post_id"": 2490, ""anonymous_code"": ""곰-1801"", ""post_type"": ""analysis"", ""title"": ""지정학적 리스크와 삼성전자의 내재가치: 장기적 관점에서의 접근"", ""like_count"": 0, ""unlike_count"": 3, ""score"": -3, ""author_badges"": []}, {""post_id"": 2491, ""anonymous_code"": ""늑대-8884"", ""post_type"": ""trade_share"", ""title"": ""오늘 삼성전자 일부 매도했습니다."", ""like_count"": 1, ""unlike_count"": 0, ""score"": 1, ""author_badges"": []}, {""post_id"": 2492, ""anonymous_code"": ""펭귄-3788"", ""post_type"": ""trade_share"", ""title"": ""삼성전자 신규 매수 거래 공유합니다"", ""like_count"": 0, ""unlike_count"": 0, ""score"": 0, ""author_badges"": []}, {""post_id"": 2493, ""anonymous_code"": ""여우-7933"", ""post_type"": ""trade_share"", ""title"": ""오늘 삼성전자 일부 매도했습니다."", ""like_count"": 0, ""unlike_count"": 0, ""score"": 0, ""author_badges"": []}, {""post_id"": 2494, ""anonymous_code"": ""독수리-4082"", ""post_type"": ""analysis"", ""title"": ""삼성전자, 리스크 관리의 중요성 재확인"", ""like_count"": 0, ""unlike_count"": 0, ""score"": 0, ""author_badges"": []}, {""post_id"": 2495, ""anonymous_code"": ""사자-8665"", ""post_type"": ""analysis"", ""title"": ""지정학적 리스크와 삼성전자, 단기 관망이 필요할 때"", ""like_count"": 13, ""unlike_count"": 0, ""score"": 13, ""author_badges"": []}, {""post_id"": 2496, ""anonymous_code"": ""돌고래-5489"", ""post_type"": ""analysis"", ""title"": ""지정학적 리스크 속에서도 삼성전자의 저평가 매력은 여전하다"", ""like_count"": 0, ""unlike_count"": 3, ""score"": -3, ""author_badges"": []}, {""post_id"": 2497, ""anonymous_code"": ""사자-5895"", ""post_type"": ""trade_share"", ""title"": ""오늘 삼성전자 매수했습니다!"", ""like_count"": 0, ""unlike_count"": 0, ""score"": 0, ""author_badges"": []}, {""post_id"": 2498, ""anonymous_code"": ""코끼리-2877"", ""post_type"": ""trade_share"", ""title"": ""오늘 삼성전자 손절 매도했습니다."", ""like_count"": 0, ""unlike_count"": 0, ""score"": 0, ""author_badges"": [""상위 수익자"", ""자산가"", ""커뮤니티 인플루언서""]}, {""post_id"": 2499, ""anonymous_code"": ""사자-5055"", ""post_type"": ""trade_share"", ""title"": ""삼성전자 매수 거래 공유합니다"", ""like_count"": 0, ""unlike_count"": 0, ""score"": 0, ""author_badges"": []}, {""post_id"": 2500, ""anonymous_code"": ""곰-9761"", ""post_type"": ""trade_share"", ""title"": ""오늘 삼성전자 16주 매수했습니다!"", ""like_count"": 0, ""unlike_count"": 0, ""score"": 0, ""author_badges"": []}, {""post_id"": 2501, ""anonymous_code"": ""곰-1911"", ""post_type"": ""analysis"", ""title"": ""삼성전자 MA20 지지선 이탈과 단기 리스크 분석"", ""like_count"": 13, ""unlike_count"": 1, ""score"": 12, ""author_badges"": []}, {""post_id"": 2502, ""anonymous_code"": ""황소-8760"", ""post_type"": ""analysis"", ""title"": ""삼성전자 현황 및 향후 전망"", ""like_count"": 0, ""unlike_count"": 0, ""score"": 0, ""author_badges"": []}, {""post_id"": 2503, ""anonymous_code"": ""여우-2283"", ""post_type"": ""trade_share"", ""title"": ""오늘 삼성전자 일부 매도했습니다."", ""like_count"": 0, ""unlike_count"": 0, ""score"": 0, ""author_badges"": []}, {""post_id"": 2505, ""anonymous_code"": ""늑대-4264"", ""post_type"": ""trade_share"", ""title"": ""오늘 삼성전자 손절 매도했습니다."", ""like_count"": 0, ""unlike_count"": 0, ""score"": 0, ""author_badges"": [""상위 수익자"", ""자산가"", ""커뮤니티 인플루언서""]}, {""post_id"": 2506, ""anonymous_code"": ""돌고래-5159"", ""post_type"": ""analysis"", ""title"": ""[삼성전자] 지정학적 리스크로 인한 하락, 저평가 여부는 여전히 고민 중"", ""like_count"": 0, ""unlike_count"": 1, ""score"": -1, ""author_badges"": [""커뮤니티 인플루언서""]}]"
chunk_001_2026-02-27_2026-03-06,2026-03-04,6,A026,1,5,19,"[2487, 2488, 2489, 2490, 2491, 2492, 2493, 2494, 2495, 2496, 2497, 2498, 2499, 2500, 2501, 2502, 2504, 2505, 2506]","[{""post_id"": 2487, ""anonymous_code"": ""호랑이-8886"", ""post_type"": ""trade_share"", ""title"": ""오늘 삼성전자 일부 매도했습니다."", ""like_count"": 0, ""unlike_count"": 0, ""score"": 0, ""author_badges"": [""상위 수익자"", ""자산가"", ""커뮤니티 인플루언서""]}, {""post_id"": 2488, ""anonymous_code"": ""코끼리-6457"", ""post_type"": ""analysis"", ""title"": ""현재 삼성전자 주가 하락세 분석"", ""like_count"": 14, ""unlike_count"": 0, ""score"": 14, ""author_badges"": []}, {""post_id"": 2489, ""anonymous_code"": ""황소-9750"", ""post_type"": ""trade_share"", ""title"": ""삼성전자 매수했습니다!"", ""like_count"": 0, ""unlike_count"": 0, ""score"": 0, ""author_badges"": []}, {""post_id"": 2490, ""anonymous_code"": ""곰-1801"", ""post_type"": ""analysis"", ""title"": ""지정학적 리스크와 삼성전자의 내재가치: 장기적 관점에서의 접근"", ""like_count"": 0, ""unlike_count"": 4, ""score"": -4, ""author_badges"": []}, {""post_id"": 2491, ""anonymous_code"": ""늑대-8884"", ""post_type"": ""trade_share"", ""title"": ""오늘 삼성전자 일부 매도했습니다."", ""like_count"": 1, ""unlike_count"": 0, ""score"": 1, ""author_badges"": []}, {""post_id"": 2492, ""anonymous_code"": ""펭귄-3788"", ""post_type"": ""trade_share"", ""title"": ""삼성전자 신규 매수 거래 공유합니다"", ""like_count"": 0, ""unlike_count"": 0, ""score"": 0, ""author_badges"": []}, {""post_id"": 2493, ""anonymous_code"": ""여우-7933"", ""post_type"": ""trade_share"", ""title"": ""오늘 삼성전자 일부 매도했습니다."", ""like_count"": 0, ""unlike_count"": 0, ""score"": 0, ""author_badges"": []}, {""post_id"": 2494, ""anonymous_code"": ""독수리-4082"", ""post_type"": ""analysis"", ""title"": ""삼성전자, 리스크 관리의 중요성 재확인"", ""like_count"": 0, ""unlike_count"": 0, ""score"": 0, ""author_badges"": []}, {""post_id"": 2495, ""anonymous_code"": ""사자-8665"", ""post_type"": ""analysis"", ""title"": ""지정학적 리스크와 삼성전자, 단기 관망이 필요할 때"", ""like_count"": 14, ""unlike_count"": 0, ""score"": 14, ""author_badges"": []}, {""post_id"": 2496, ""anonymous_code"": ""돌고래-5489"", ""post_type"": ""analysis"", ""title"": ""지정학적 리스크 속에서도 삼성전자의 저평가 매력은 여전하다"", ""like_count"": 1, ""unlike_count"": 3, ""score"": -2, ""author_badges"": []}, {""post_id"": 2497, ""anonymous_code"": ""사자-5895"", ""post_type"": ""trade_share"", ""title"": ""오늘 삼성전자 매수했습니다!"", ""like_count"": 0, ""unlike_count"": 0, ""score"": 0, ""author_badges"": []}, {""post_id"": 2498, ""anonymous_code"": ""코끼리-2877"", ""post_type"": ""trade_share"", ""title"": ""오늘 삼성전자 손절 매도했습니다."", ""like_count"": 0, ""unlike_count"": 0, ""score"": 0, ""author_badges"": [""상위 수익자"", ""자산가"", ""커뮤니티 인플루언서""]}, {""post_id"": 2499, ""anonymous_code"": ""사자-5055"", ""post_type"": ""trade_share"", ""title"": ""삼성전자 매수 거래 공유합니다"", ""like_count"": 0, ""unlike_count"": 0, ""score"": 0, ""author_badges"": []}, {""post_id"": 2500, ""anonymous_code"": ""곰-9761"", ""post_type"": ""trade_share"", ""title"": ""오늘 삼성전자 16주 매수했습니다!"", ""like_count"": 0, ""unlike_count"": 0, ""score"": 0, ""author_badges"": []}, {""post_id"": 2501, ""anonymous_code"": ""곰-1911"", ""post_type"": ""analysis"", ""title"": ""삼성전자 MA20 지지선 이탈과 단기 리스크 분석"", ""like_count"": 13, ""unlike_count"": 1, ""score"": 12, ""author_badges"": []}, {""post_id"": 2502, ""anonymous_code"": ""황소-8760"", ""post_type"": ""analysis"", ""title"": ""삼성전자 현황 및 향후 전망"", ""like_count"": 0, ""unlike_count"": 0, ""score"": 0, ""author_badges"": []}, {""post_id"": 2504, ""anonymous_code"": ""독수리-8072"", ""post_type"": ""analysis"", ""title"": ""[오늘 시장 분석] 삼성전자, MA20 붕괴 후 심리적 위축과 리스크 관리의 중요성"", ""like_count"": 4, ""unlike_count"": 5, ""score"": -1, ""author_badges"": [""상위 수익자"", ""자산가""]}, {""post_id"": 2505, ""anonymous_code"": ""늑대-4264"", ""post_type"": ""trade_share"", ""title"": ""오늘 삼성전자 손절 매도했습니다."", ""like_count"": 0, ""unlike_count"": 0, ""score"": 0, ""author_badges"": [""상위 수익자"", ""자산가"", ""커뮤니티 인플루언서""]}, {""post_id"": 2506, ""anonymous_code"": ""돌고래-5159"", ""post_type"": ""analysis"", ""title"": ""[삼성전자] 지정학적 리스크로 인한 하락, 저평가 여부는 여전히 고민 중"", ""like_count"": 0, ""unlike_count"": 1, ""score"": -1, ""author_badges"": [""커뮤니티 인플루언서""]}]"
chunk_001_2026-02-27_2026-03-06,2026-03-04,6,A027,1,5,19,"[2487, 2488, 2489, 2490, 2491, 2492, 2493, 2494, 2495, 2496, 2497, 2498, 2499, 2500, 2501, 2502, 2503, 2504, 2506]","[{""post_id"": 2487, ""anonymous_code"": ""호랑이-8886"", ""post_type"": ""trade_share"", ""title"": ""오늘 삼성전자 일부 매도했습니다."", ""like_count"": 0, ""unlike_count"": 0, ""score"": 0, ""author_badges"": [""상위 수익자"", ""자산가"", ""커뮤니티 인플루언서""]}, {""post_id"": 2488, ""anonymous_code"": ""코끼리-6457"", ""post_type"": ""analysis"", ""title"": ""현재 삼성전자 주가 하락세 분석"", ""like_count"": 15, ""unlike_count"": 0, ""score"": 15, ""author_badges"": []}, {""post_id"": 2489, ""anonymous_code"": ""황소-9750"", ""post_type"": ""trade_share"", ""title"": ""삼성전자 매수했습니다!"", ""like_count"": 0, ""unlike_count"": 0, ""score"": 0, ""author_badges"": []}, {""post_id"": 2490, ""anonymous_code"": ""곰-1801"", ""post_type"": ""analysis"", ""title"": ""지정학적 리스크와 삼성전자의 내재가치: 장기적 관점에서의 접근"", ""like_count"": 0, ""unlike_count"": 4, ""score"": -4, ""author_badges"": []}, {""post_id"": 2491, ""anonymous_code"": ""늑대-8884"", ""post_type"": ""trade_share"", ""title"": ""오늘 삼성전자 일부 매도했습니다."", ""like_count"": 2, ""unlike_count"": 0, ""score"": 2, ""author_badges"": []}, {""post_id"": 2492, ""anonymous_code"": ""펭귄-3788"", ""post_type"": ""trade_share"", ""title"": ""삼성전자 신규 매수 거래 공유합니다"", ""like_count"": 0, ""unlike_count"": 0, ""score"": 0, ""author_badges"": []}, {""post_id"": 2493, ""anonymous_code"": ""여우-7933"", ""post_type"": ""trade_share"", ""title"": ""오늘 삼성전자 일부 매도했습니다."", ""like_count"": 0, ""unlike_count"": 0, ""score"": 0, ""author_badges"": []}, {""post_id"": 2494, ""anonymous_code"": ""독수리-4082"", ""post_type"": ""analysis"", ""title"": ""삼성전자, 리스크 관리의 중요성 재확인"", ""like_count"": 0, ""unlike_count"": 0, ""score"": 0, ""author_badges"": []}, {""post_id"": 2495, ""anonymous_code"": ""사자-8665"", ""post_type"": ""analysis"", ""title"": ""지정학적 리스크와 삼성전자, 단기 관망이 필요할 때"", ""like_count"": 15, ""unlike_count"": 0, ""score"": 15, ""author_badges"": []}, {""post_id"": 2496, ""anonymous_code"": ""돌고래-5489"", ""post_type"": ""analysis"", ""title"": ""지정학적 리스크 속에서도 삼성전자의 저평가 매력은 여전하다"", ""like_count"": 1, ""unlike_count"": 3, ""score"": -2, ""author_badges"": []}, {""post_id"": 2497, ""anonymous_code"": ""사자-5895"", ""post_type"": ""trade_share"", ""title"": ""오늘 삼성전자 매수했습니다!"", ""like_count"": 0, ""unlike_count"": 0, ""score"": 0, ""author_badges"": []}, {""post_id"": 2498, ""anonymous_code"": ""코끼리-2877"", ""post_type"": ""trade_share"", ""title"": ""오늘 삼성전자 손절 매도했습니다."", ""like_count"": 0, ""unlike_count"": 0, ""score"": 0, ""author_badges"": [""상위 수익자"", ""자산가"", ""커뮤니티 인플루언서""]}, {""post_id"": 2499, ""anonymous_code"": ""사자-5055"", ""post_type"": ""trade_share"", ""title"": ""삼성전자 매수 거래 공유합니다"", ""like_count"": 0, ""unlike_count"": 0, ""score"": 0, ""author_badges"": []}, {""post_id"": 2500, ""anonymous_code"": ""곰-9761"", ""post_type"": ""trade_share"", ""title"": ""오늘 삼성전자 16주 매수했습니다!"", ""like_count"": 0, ""unlike_count"": 0, ""score"": 0, ""author_badges"": []}, {""post_id"": 2501, ""anonymous_code"": ""곰-1911"", ""post_type"": ""analysis"", ""title"": ""삼성전자 MA20 지지선 이탈과 단기 리스크 분석"", ""like_count"": 14, ""unlike_count"": 1, ""score"": 13, ""author_badges"": []}, {""post_id"": 2502, ""anonymous_code"": ""황소-8760"", ""post_type"": ""analysis"", ""title"": ""삼성전자 현황 및 향후 전망"", ""like_count"": 0, ""unlike_count"": 0, ""score"": 0, ""author_badges"": []}, {""post_id"": 2503, ""anonymous_code"": ""여우-2283"", ""post_type"": ""trade_share"", ""title"": ""오늘 삼성전자 일부 매도했습니다."", ""like_count"": 0, ""unlike_count"": 0, ""score"": 0, ""author_badges"": []}, {""post_id"": 2504, ""anonymous_code"": ""독수리-8072"", ""post_type"": ""analysis"", ""title"": ""[오늘 시장 분석] 삼성전자, MA20 붕괴 후 심리적 위축과 리스크 관리의 중요성"", ""like_count"": 4, ""unlike_count"": 6, ""score"": -2, ""author_badges"": [""상위 수익자"", ""자산가""]}, {""post_id"": 2506, ""anonymous_code"": ""돌고래-5159"", ""post_type"": ""analysis"", ""title"": ""[삼성전자] 지정학적 리스크로 인한 하락, 저평가 여부는 여전히 고민 중"", ""like_count"": 0, ""unlike_count"": 1, ""score"": -1, ""author_badges"": [""커뮤니티 인플루언서""]}]"
chunk_001_2026-02-27_2026-03-06,2026-03-05,8,A001,1,5,19,"[2508, 2509, 2510, 2511, 2512, 2513, 2514, 2515, 2516, 2517, 2518, 2519, 2520, 2521, 2522, 2523, 2524, 2525, 2526]","[{""post_id"": 2508, ""anonymous_code"": ""곰-1801"", ""post_type"": ""trade_share"", ""title"": ""오늘 삼성전자 2주 매수했습니다!"", ""like_count"": 0, ""unlike_count"": 0, ""score"": 0, ""author_badges"": []}, {""post_id"": 2509, ""anonymous_code"": ""황소-9750"", ""post_type"": ""trade_share"", ""title"": ""오늘 삼성전자 2주 매수했습니다!"", ""like_count"": 0, ""unlike_count"": 0, ""score"": 0, ""author_badges"": []}, {""post_id"": 2510, ""anonymous_code"": ""코끼리-6457"", ""post_type"": ""trade_share"", ""title"": ""오늘 삼성전자 추가 매수했습니다!"", ""like_count"": 0, ""unlike_count"": 0, ""score"": 0, ""author_badges"": [""커뮤니티 인플루언서""]}, {""post_id"": 2511, ""anonymous_code"": ""늑대-8884"", ""post_type"": ""trade_share"", ""title"": ""오늘 삼성전자 추가 매수했습니다!"", ""like_count"": 0, ""unlike_count"": 0, ""score"": 0, ""author_badges"": [""상위 수익자"", ""자산가""]}, {""post_id"": 2512, ""anonymous_code"": ""여우-7933"", ""post_type"": ""trade_share"", ""title"": ""삼성전자 매수 거래 공유합니다!"", ""like_count"": 0, ""unlike_count"": 0, ""score"": 0, ""author_badges"": []}, {""post_id"": 2513, ""anonymous_code"": ""독수리-4082"", ""post_type"": ""trade_share"", ""title"": ""오늘 삼성전자 일부 매도했습니다."", ""like_count"": 0, ""unlike_count"": 0, ""score"": 0, ""author_badges"": []}, {""post_id"": 2514, ""anonymous_code"": ""돌고래-5489"", ""post_type"": ""trade_share"", ""title"": ""지정학적 리스크 해소, 삼성전자 2주 매수했습니다!"", ""like_count"": 0, ""unlike_count"": 0, ""score"": 0, ""author_badges"": []}, {""post_id"": 2515, ""anonymous_code"": ""펭귄-3788"", ""post_type"": ""analysis"", ""title"": ""삼성전자, 현재 상황과 향후 전망에 대한 생각"", ""like_count"": 0, ""unlike_count"": 0, ""score"": 0, ""author_badges"": []}, {""post_id"": 2516, ""anonymous_code"": ""사자-5895"", ""post_type"": ""trade_share"", ""title"": ""오늘 삼성전자 8주 매수했습니다!"", ""like_count"": 0, ""unlike_count"": 0, ""score"": 0, ""author_badges"": [""상위 수익자"", ""자산가""]}, {""post_id"": 2517, ""anonymous_code"": ""사자-5055"", ""post_type"": ""trade_share"", ""title"": ""오늘 삼성전자 추가 매수했습니다!"", ""like_count"": 0, ""unlike_count"": 0, ""score"": 0, ""author_badges"": []}, {""post_id"": 2518, ""anonymous_code"": ""코끼리-2877"", ""post_type"": ""trade_share"", ""title"": ""오늘 삼성전자 전량 매도했습니다."", ""like_count"": 0, ""unlike_count"": 0, ""score"": 0, ""author_badges"": [""커뮤니티 인플루언서""]}, {""post_id"": 2519, ""anonymous_code"": ""사자-8665"", ""post_type"": ""trade_share"", ""title"": ""오늘 삼성전자 추가 매수했습니다!"", ""like_count"": 0, ""unlike_count"": 0, ""score"": 0, ""author_badges"": [""커뮤니티 인플루언서""]}, {""post_id"": 2520, ""anonymous_code"": ""곰-1911"", ""post_type"": ""analysis"", ""title"": ""삼성전자: 펀더멘털 개선과 기술적 저항선"", ""like_count"": 0, ""unlike_count"": 0, ""score"": 0, ""author_badges"": []}, {""post_id"": 2521, ""anonymous_code"": ""곰-9761"", ""post_type"": ""trade_share"", ""title"": ""오늘 삼성전자 매수했습니다!"", ""like_count"": 0, ""unlike_count"": 0, ""score"": 0, ""author_badges"": []}, {""post_id"": 2522, ""anonymous_code"": ""황소-8760"", ""post_type"": ""analysis"", ""title"": ""삼성전자, 단기 저항선 테스트 후 상승 기대"", ""like_count"": 0, ""unlike_count"": 0, ""score"": 0, ""author_badges"": []}, {""post_id"": 2523, ""anonymous_code"": ""독수리-8072"", ""post_type"": ""trade_share"", ""title"": ""오늘 삼성전자 추가 매수했습니다!"", ""like_count"": 0, ""unlike_count"": 0, ""score"": 0, ""author_badges"": [""상위 수익자"", ""자산가""]}, {""post_id"": 2524, ""anonymous_code"": ""돌고래-5159"", ""post_type"": ""analysis"", ""title"": ""삼성전자 기술적 저항선과 시장 상황 분석"", ""like_count"": 0, ""unlike_count"": 0, ""score"": 0, ""author_badges"": []}, {""post_id"": 2525, ""anonymous_code"": ""여우-2283"", ""post_type"": ""trade_share"", ""title"": ""오늘 삼성전자 추가 매수했습니다!"", ""like_count"": 0, ""unlike_count"": 0, ""score"": 0, ""author_badges"": []}, {""post_id"": 2526, ""anonymous_code"": ""늑대-4264"", ""post_type"": ""analysis"", ""title"": ""삼성전자 기술적 분석 및 향후 전망"", ""like_count"": 0, ""unlike_count"": 0, ""score"": 0, ""author_badges"": [""상위 수익자"", ""자산가"", ""커뮤니티 인플루언서""]}]"
chunk_001_2026-02-27_2026-03-06,2026-03-05,8,A003,1,5,19,"[2507, 2509, 2510, 2511, 2512, 2513, 2514, 2515, 2516, 2517, 2518, 2519, 2520, 2521, 2522, 2523, 2524, 2525, 2526]","[{""post_id"": 2507, ""anonymous_code"": ""호랑이-8886"", ""post_type"": ""analysis"", ""title"": ""삼성전자, 반등에도 불구하고 상승 지속성은 의문?"", ""like_count"": 0, ""unlike_count"": 0, ""score"": 0, ""author_badges"": []}, {""post_id"": 2509, ""anonymous_code"": ""황소-9750"", ""post_type"": ""trade_share"", ""title"": ""오늘 삼성전자 2주 매수했습니다!"", ""like_count"": 0, ""unlike_count"": 0, ""score"": 0, ""author_badges"": []}, {""post_id"": 2510, ""anonymous_code"": ""코끼리-6457"", ""post_type"": ""trade_share"", ""title"": ""오늘 삼성전자 추가 매수했습니다!"", ""like_count"": 0, ""unlike_count"": 0, ""score"": 0, ""author_badges"": [""커뮤니티 인플루언서""]}, {""post_id"": 2511, ""anonymous_code"": ""늑대-8884"", ""post_type"": ""trade_share"", ""title"": ""오늘 삼성전자 추가 매수했습니다!"", ""like_count"": 0, ""unlike_count"": 0, ""score"": 0, ""author_badges"": [""상위 수익자"", ""자산가""]}, {""post_id"": 2512, ""anonymous_code"": ""여우-7933"", ""post_type"": ""trade_share"", ""title"": ""삼성전자 매수 거래 공유합니다!"", ""like_count"": 0, ""unlike_count"": 0, ""score"": 0, ""author_badges"": []}, {""post_id"": 2513, ""anonymous_code"": ""독수리-4082"", ""post_type"": ""trade_share"", ""title"": ""오늘 삼성전자 일부 매도했습니다."", ""like_count"": 0, ""unlike_count"": 0, ""score"": 0, ""author_badges"": []}, {""post_id"": 2514, ""anonymous_code"": ""돌고래-5489"", ""post_type"": ""trade_share"", ""title"": ""지정학적 리스크 해소, 삼성전자 2주 매수했습니다!"", ""like_count"": 0, ""unlike_count"": 0, ""score"": 0, ""author_badges"": []}, {""post_id"": 2515, ""anonymous_code"": ""펭귄-3788"", ""post_type"": ""analysis"", ""title"": ""삼성전자, 현재 상황과 향후 전망에 대한 생각"", ""like_count"": 0, ""unlike_count"": 0, ""score"": 0, ""author_badges"": []}, {""post_id"": 2516, ""anonymous_code"": ""사자-5895"", ""post_type"": ""trade_share"", ""title"": ""오늘 삼성전자 8주 매수했습니다!"", ""like_count"": 0, ""unlike_count"": 0, ""score"": 0, ""author_badges"": [""상위 수익자"", ""자산가""]}, {""post_id"": 2517, ""anonymous_code"": ""사자-5055"", ""post_type"": ""trade_share"", ""title"": ""오늘 삼성전자 추가 매수했습니다!"", ""like_count"": 0, ""unlike_count"": 0, ""score"": 0, ""author_badges"": []}, {""post_id"": 2518, ""anonymous_code"": ""코끼리-2877"", ""post_type"": ""trade_share"", ""title"": ""오늘 삼성전자 전량 매도했습니다."", ""like_count"": 0, ""unlike_count"": 0, ""score"": 0, ""author_badges"": [""커뮤니티 인플루언서""]}, {""post_id"": 2519, ""anonymous_code"": ""사자-8665"", ""post_type"": ""trade_share"", ""title"": ""오늘 삼성전자 추가 매수했습니다!"", ""like_count"": 0, ""unlike_count"": 0, ""score"": 0, ""author_badges"": [""커뮤니티 인플루언서""]}, {""post_id"": 2520, ""anonymous_code"": ""곰-1911"", ""post_type"": ""analysis"", ""title"": ""삼성전자: 펀더멘털 개선과 기술적 저항선"", ""like_count"": 0, ""unlike_count"": 0, ""score"": 0, ""author_badges"": []}, {""post_id"": 2521, ""anonymous_code"": ""곰-9761"", ""post_type"": ""trade_share"", ""title"": ""오늘 삼성전자 매수했습니다!"", ""like_count"": 0, ""unlike_count"": 0, ""score"": 0, ""author_badges"": []}, {""post_id"": 2522, ""anonymous_code"": ""황소-8760"", ""post_type"": ""analysis"", ""title"": ""삼성전자, 단기 저항선 테스트 후 상승 기대"", ""like_count"": 0, ""unlike_count"": 0, ""score"": 0, ""author_badges"": []}, {""post_id"": 2523, ""anonymous_code"": ""독수리-8072"", ""post_type"": ""trade_share"", ""title"": ""오늘 삼성전자 추가 매수했습니다!"", ""like_count"": 0, ""unlike_count"": 0, ""score"": 0, ""author_badges"": [""상위 수익자"", ""자산가""]}, {""post_id"": 2524, ""anonymous_code"": ""돌고래-5159"", ""post_type"": ""analysis"", ""title"": ""삼성전자 기술적 저항선과 시장 상황 분석"", ""like_count"": 0, ""unlike_count"": 0, ""score"": 0, ""author_badges"": []}, {""post_id"": 2525, ""anonymous_code"": ""여우-2283"", ""post_type"": ""trade_share"", ""title"": ""오늘 삼성전자 추가 매수했습니다!"", ""like_count"": 0, ""unlike_count"": 0, ""score"": 0, ""author_badges"": []}, {""post_id"": 2526, ""anonymous_code"": ""늑대-4264"", ""post_type"": ""analysis"", ""title"": ""삼성전자 기술적 분석 및 향후 전망"", ""like_count"": 0, ""unlike_count"": 0, ""score"": 0, ""author_badges"": [""상위 수익자"", ""자산가"", ""커뮤니티 인플루언서""]}]"
chunk_001_2026-02-27_2026-03-06,2026-03-05,8,A004,1,5,19,"[2507, 2508, 2509, 2511, 2512, 2513, 2514, 2515, 2516, 2517, 2518, 2519, 2520, 2521, 2522, 2523, 2524, 2525, 2526]","[{""post_id"": 2507, ""anonymous_code"": ""호랑이-8886"", ""post_type"": ""analysis"", ""title"": ""삼성전자, 반등에도 불구하고 상승 지속성은 의문?"", ""like_count"": 0, ""unlike_count"": 0, ""score"": 0, ""author_badges"": []}, {""post_id"": 2508, ""anonymous_code"": ""곰-1801"", ""post_type"": ""trade_share"", ""title"": ""오늘 삼성전자 2주 매수했습니다!"", ""like_count"": 0, ""unlike_count"": 0, ""score"": 0, ""author_badges"": []}, {""post_id"": 2509, ""anonymous_code"": ""황소-9750"", ""post_type"": ""trade_share"", ""title"": ""오늘 삼성전자 2주 매수했습니다!"", ""like_count"": 0, ""unlike_count"": 0, ""score"": 0, ""author_badges"": []}, {""post_id"": 2511, ""anonymous_code"": ""늑대-8884"", ""post_type"": ""trade_share"", ""title"": ""오늘 삼성전자 추가 매수했습니다!"", ""like_count"": 0, ""unlike_count"": 0, ""score"": 0, ""author_badges"": [""상위 수익자"", ""자산가""]}, {""post_id"": 2512, ""anonymous_code"": ""여우-7933"", ""post_type"": ""trade_share"", ""title"": ""삼성전자 매수 거래 공유합니다!"", ""like_count"": 0, ""unlike_count"": 0, ""score"": 0, ""author_badges"": []}, {""post_id"": 2513, ""anonymous_code"": ""독수리-4082"", ""post_type"": ""trade_share"", ""title"": ""오늘 삼성전자 일부 매도했습니다."", ""like_count"": 0, ""unlike_count"": 0, ""score"": 0, ""author_badges"": []}, {""post_id"": 2514, ""anonymous_code"": ""돌고래-5489"", ""post_type"": ""trade_share"", ""title"": ""지정학적 리스크 해소, 삼성전자 2주 매수했습니다!"", ""like_count"": 0, ""unlike_count"": 0, ""score"": 0, ""author_badges"": []}, {""post_id"": 2515, ""anonymous_code"": ""펭귄-3788"", ""post_type"": ""analysis"", ""title"": ""삼성전자, 현재 상황과 향후 전망에 대한 생각"", ""like_count"": 0, ""unlike_count"": 0, ""score"": 0, ""author_badges"": []}, {""post_id"": 2516, ""anonymous_code"": ""사자-5895"", ""post_type"": ""trade_share"", ""title"": ""오늘 삼성전자 8주 매수했습니다!"", ""like_count"": 0, ""unlike_count"": 0, ""score"": 0, ""author_badges"": [""상위 수익자"", ""자산가""]}, {""post_id"": 2517, ""anonymous_code"": ""사자-5055"", ""post_type"": ""trade_share"", ""title"": ""오늘 삼성전자 추가 매수했습니다!"", ""like_count"": 0, ""unlike_count"": 0, ""score"": 0, ""author_badges"": []}, {""post_id"": 2518, ""anonymous_code"": ""코끼리-2877"", ""post_type"": ""trade_share"", ""title"": ""오늘 삼성전자 전량 매도했습니다."", ""like_count"": 0, ""unlike_count"": 0, ""score"": 0, ""author_badges"": [""커뮤니티 인플루언서""]}, {""post_id"": 2519, ""anonymous_code"": ""사자-8665"", ""post_type"": ""trade_share"", ""title"": ""오늘 삼성전자 추가 매수했습니다!"", ""like_count"": 0, ""unlike_count"": 0, ""score"": 0, ""author_badges"": [""커뮤니티 인플루언서""]}, {""post_id"": 2520, ""anonymous_code"": ""곰-1911"", ""post_type"": ""analysis"", ""title"": ""삼성전자: 펀더멘털 개선과 기술적 저항선"", ""like_count"": 0, ""unlike_count"": 0, ""score"": 0, ""author_badges"": []}, {""post_id"": 2521, ""anonymous_code"": ""곰-9761"", ""post_type"": ""trade_share"", ""title"": ""오늘 삼성전자 매수했습니다!"", ""like_count"": 0, ""unlike_count"": 0, ""score"": 0, ""author_badges"": []}, {""post_id"": 2522, ""anonymous_code"": ""황소-8760"", ""post_type"": ""analysis"", ""title"": ""삼성전자, 단기 저항선 테스트 후 상승 기대"", ""like_count"": 0, ""unlike_count"": 0, ""score"": 0, ""author_badges"": []}, {""post_id"": 2523, ""anonymous_code"": ""독수리-8072"", ""post_type"": ""trade_share"", ""title"": ""오늘 삼성전자 추가 매수했습니다!"", ""like_count"": 0, ""unlike_count"": 0, ""score"": 0, ""author_badges"": [""상위 수익자"", ""자산가""]}, {""post_id"": 2524, ""anonymous_code"": ""돌고래-5159"", ""post_type"": ""analysis"", ""title"": ""삼성전자 기술적 저항선과 시장 상황 분석"", ""like_count"": 0, ""unlike_count"": 0, ""score"": 0, ""author_badges"": []}, {""post_id"": 2525, ""anonymous_code"": ""여우-2283"", ""post_type"": ""trade_share"", ""title"": ""오늘 삼성전자 추가 매수했습니다!"", ""like_count"": 0, ""unlike_count"": 0, ""score"": 0, ""author_badges"": []}, {""post_id"": 2526, ""anonymous_code"": ""늑대-4264"", ""post_type"": ""analysis"", ""title"": ""삼성전자 기술적 분석 및 향후 전망"", ""like_count"": 0, ""unlike_count"": 0, ""score"": 0, ""author_badges"": [""상위 수익자"", ""자산가"", ""커뮤니티 인플루언서""]}]"
chunk_001_2026-02-27_2026-03-06,2026-03-05,8,A005,1,5,19,"[2507, 2508, 2510, 2511, 2512, 2513, 2514, 2515, 2516, 2517, 2518, 2519, 2520, 2521, 2522, 2523, 2524, 2525, 2526]","[{""post_id"": 2507, ""anonymous_code"": ""호랑이-8886"", ""post_type"": ""analysis"", ""title"": ""삼성전자, 반등에도 불구하고 상승 지속성은 의문?"", ""like_count"": 0, ""unlike_count"": 0, ""score"": 0, ""author_badges"": []}, {""post_id"": 2508, ""anonymous_code"": ""곰-1801"", ""post_type"": ""trade_share"", ""title"": ""오늘 삼성전자 2주 매수했습니다!"", ""like_count"": 0, ""unlike_count"": 0, ""score"": 0, ""author_badges"": []}, {""post_id"": 2510, ""anonymous_code"": ""코끼리-6457"", ""post_type"": ""trade_share"", ""title"": ""오늘 삼성전자 추가 매수했습니다!"", ""like_count"": 0, ""unlike_count"": 0, ""score"": 0, ""author_badges"": [""커뮤니티 인플루언서""]}, {""post_id"": 2511, ""anonymous_code"": ""늑대-8884"", ""post_type"": ""trade_share"", ""title"": ""오늘 삼성전자 추가 매수했습니다!"", ""like_count"": 0, ""unlike_count"": 0, ""score"": 0, ""author_badges"": [""상위 수익자"", ""자산가""]}, {""post_id"": 2512, ""anonymous_code"": ""여우-7933"", ""post_type"": ""trade_share"", ""title"": ""삼성전자 매수 거래 공유합니다!"", ""like_count"": 0, ""unlike_count"": 0, ""score"": 0, ""author_badges"": []}, {""post_id"": 2513, ""anonymous_code"": ""독수리-4082"", ""post_type"": ""trade_share"", ""title"": ""오늘 삼성전자 일부 매도했습니다."", ""like_count"": 0, ""unlike_count"": 0, ""score"": 0, ""author_badges"": []}, {""post_id"": 2514, ""anonymous_code"": ""돌고래-5489"", ""post_type"": ""trade_share"", ""title"": ""지정학적 리스크 해소, 삼성전자 2주 매수했습니다!"", ""like_count"": 0, ""unlike_count"": 0, ""score"": 0, ""author_badges"": []}, {""post_id"": 2515, ""anonymous_code"": ""펭귄-3788"", ""post_type"": ""analysis"", ""title"": ""삼성전자, 현재 상황과 향후 전망에 대한 생각"", ""like_count"": 0, ""unlike_count"": 0, ""score"": 0, ""author_badges"": []}, {""post_id"": 2516, ""anonymous_code"": ""사자-5895"", ""post_type"": ""trade_share"", ""title"": ""오늘 삼성전자 8주 매수했습니다!"", ""like_count"": 0, ""unlike_count"": 0, ""score"": 0, ""author_badges"": [""상위 수익자"", ""자산가""]}, {""post_id"": 2517, ""anonymous_code"": ""사자-5055"", ""post_type"": ""trade_share"", ""title"": ""오늘 삼성전자 추가 매수했습니다!"", ""like_count"": 0, ""unlike_count"": 0, ""score"": 0, ""author_badges"": []}, {""post_id"": 2518, ""anonymous_code"": ""코끼리-2877"", ""post_type"": ""trade_share"", ""title"": ""오늘 삼성전자 전량 매도했습니다."", ""like_count"": 0, ""unlike_count"": 0, ""score"": 0, ""author_badges"": [""커뮤니티 인플루언서""]}, {""post_id"": 2519, ""anonymous_code"": ""사자-8665"", ""post_type"": ""trade_share"", ""title"": ""오늘 삼성전자 추가 매수했습니다!"", ""like_count"": 0, ""unlike_count"": 0, ""score"": 0, ""author_badges"": [""커뮤니티 인플루언서""]}, {""post_id"": 2520, ""anonymous_code"": ""곰-1911"", ""post_type"": ""analysis"", ""title"": ""삼성전자: 펀더멘털 개선과 기술적 저항선"", ""like_count"": 0, ""unlike_count"": 0, ""score"": 0, ""author_badges"": []}, {""post_id"": 2521, ""anonymous_code"": ""곰-9761"", ""post_type"": ""trade_share"", ""title"": ""오늘 삼성전자 매수했습니다!"", ""like_count"": 0, ""unlike_count"": 0, ""score"": 0, ""author_badges"": []}, {""post_id"": 2522, ""anonymous_code"": ""황소-8760"", ""post_type"": ""analysis"", ""title"": ""삼성전자, 단기 저항선 테스트 후 상승 기대"", ""like_count"": 0, ""unlike_count"": 0, ""score"": 0, ""author_badges"": []}, {""post_id"": 2523, ""anonymous_code"": ""독수리-8072"", ""post_type"": ""trade_share"", ""title"": ""오늘 삼성전자 추가 매수했습니다!"", ""like_count"": 0, ""unlike_count"": 0, ""score"": 0, ""author_badges"": [""상위 수익자"", ""자산가""]}, {""post_id"": 2524, ""anonymous_code"": ""돌고래-5159"", ""post_type"": ""analysis"", ""title"": ""삼성전자 기술적 저항선과 시장 상황 분석"", ""like_count"": 0, ""unlike_count"": 0, ""score"": 0, ""author_badges"": []}, {""post_id"": 2525, ""anonymous_code"": ""여우-2283"", ""post_type"": ""trade_share"", ""title"": ""오늘 삼성전자 추가 매수했습니다!"", ""like_count"": 0, ""unlike_count"": 0, ""score"": 0, ""author_badges"": []}, {""post_id"": 2526, ""anonymous_code"": ""늑대-4264"", ""post_type"": ""analysis"", ""title"": ""삼성전자 기술적 분석 및 향후 전망"", ""like_count"": 0, ""unlike_count"": 0, ""score"": 0, ""author_badges"": [""상위 수익자"", ""자산가"", ""커뮤니티 인플루언서""]}]"
chunk_001_2026-02-27_2026-03-06,2026-03-05,8,A006,1,5,19,"[2507, 2508, 2509, 2510, 2512, 2513, 2514, 2515, 2516, 2517, 2518, 2519, 2520, 2521, 2522, 2523, 2524, 2525, 2526]","[{""post_id"": 2507, ""anonymous_code"": ""호랑이-8886"", ""post_type"": ""analysis"", ""title"": ""삼성전자, 반등에도 불구하고 상승 지속성은 의문?"", ""like_count"": 0, ""unlike_count"": 0, ""score"": 0, ""author_badges"": []}, {""post_id"": 2508, ""anonymous_code"": ""곰-1801"", ""post_type"": ""trade_share"", ""title"": ""오늘 삼성전자 2주 매수했습니다!"", ""like_count"": 0, ""unlike_count"": 0, ""score"": 0, ""author_badges"": []}, {""post_id"": 2509, ""anonymous_code"": ""황소-9750"", ""post_type"": ""trade_share"", ""title"": ""오늘 삼성전자 2주 매수했습니다!"", ""like_count"": 0, ""unlike_count"": 0, ""score"": 0, ""author_badges"": []}, {""post_id"": 2510, ""anonymous_code"": ""코끼리-6457"", ""post_type"": ""trade_share"", ""title"": ""오늘 삼성전자 추가 매수했습니다!"", ""like_count"": 0, ""unlike_count"": 0, ""score"": 0, ""author_badges"": [""커뮤니티 인플루언서""]}, {""post_id"": 2512, ""anonymous_code"": ""여우-7933"", ""post_type"": ""trade_share"", ""title"": ""삼성전자 매수 거래 공유합니다!"", ""like_count"": 0, ""unlike_count"": 0, ""score"": 0, ""author_badges"": []}, {""post_id"": 2513, ""anonymous_code"": ""독수리-4082"", ""post_type"": ""trade_share"", ""title"": ""오늘 삼성전자 일부 매도했습니다."", ""like_count"": 0, ""unlike_count"": 1, ""score"": -1, ""author_badges"": []}, {""post_id"": 2514, ""anonymous_code"": ""돌고래-5489"", ""post_type"": ""trade_share"", ""title"": ""지정학적 리스크 해소, 삼성전자 2주 매수했습니다!"", ""like_count"": 0, ""unlike_count"": 0, ""score"": 0, ""author_badges"": []}, {""post_id"": 2515, ""anonymous_code"": ""펭귄-3788"", ""post_type"": ""analysis"", ""title"": ""삼성전자, 현재 상황과 향후 전망에 대한 생각"", ""like_count"": 1, ""unlike_count"": 0, ""score"": 1, ""author_badges"": []}, {""post_id"": 2516, ""anonymous_code"": ""사자-5895"", ""post_type"": ""trade_share"", ""title"": ""오늘 삼성전자 8주 매수했습니다!"", ""like_count"": 0, ""unlike_count"": 0, ""score"": 0, ""author_badges"": [""상위 수익자"", ""자산가""]}, {""post_id"": 2517, ""anonymous_code"": ""사자-5055"", ""post_type"": ""trade_share"", ""title"": ""오늘 삼성전자 추가 매수했습니다!"", ""like_count"": 0, ""unlike_count"": 0, ""score"": 0, ""author_badges"": []}, {""post_id"": 2518, ""anonymous_code"": ""코끼리-2877"", ""post_type"": ""trade_share"", ""title"": ""오늘 삼성전자 전량 매도했습니다."", ""like_count"": 0, ""unlike_count"": 1, ""score"": -1, ""author_badges"": [""커뮤니티 인플루언서""]}, {""post_id"": 2519, ""anonymous_code"": ""사자-8665"", ""post_type"": ""trade_share"", ""title"": ""오늘 삼성전자 추가 매수했습니다!"", ""like_count"": 0, ""unlike_count"": 0, ""score"": 0, ""author_badges"": [""커뮤니티 인플루언서""]}, {""post_id"": 2520, ""anonymous_code"": ""곰-1911"", ""post_type"": ""analysis"", ""title"": ""삼성전자: 펀더멘털 개선과 기술적 저항선"", ""like_count"": 0, ""unlike_count"": 0, ""score"": 0, ""author_badges"": []}, {""post_id"": 2521, ""anonymous_code"": ""곰-9761"", ""post_type"": ""trade_share"", ""title"": ""오늘 삼성전자 매수했습니다!"", ""like_count"": 0, ""unlike_count"": 0, ""score"": 0, ""author_badges"": []}, {""post_id"": 2522, ""anonymous_code"": ""황소-8760"", ""post_type"": ""analysis"", ""title"": ""삼성전자, 단기 저항선 테스트 후 상승 기대"", ""like_count"": 0, ""unlike_count"": 0, ""score"": 0, ""author_badges"": []}, {""post_id"": 2523, ""anonymous_code"": ""독수리-8072"", ""post_type"": ""trade_share"", ""title"": ""오늘 삼성전자 추가 매수했습니다!"", ""like_count"": 0, ""unlike_count"": 0, ""score"": 0, ""author_badges"": [""상위 수익자"", ""자산가""]}, {""post_id"": 2524, ""anonymous_code"": ""돌고래-5159"", ""post_type"": ""analysis"", ""title"": ""삼성전자 기술적 저항선과 시장 상황 분석"", ""like_count"": 1, ""unlike_count"": 0, ""score"": 1, ""author_badges"": []}, {""post_id"": 2525, ""anonymous_code"": ""여우-2283"", ""post_type"": ""trade_share"", ""title"": ""오늘 삼성전자 추가 매수했습니다!"", ""like_count"": 0, ""unlike_count"": 0, ""score"": 0, ""author_badges"": []}, {""post_id"": 2526, ""anonymous_code"": ""늑대-4264"", ""post_type"": ""analysis"", ""title"": ""삼성전자 기술적 분석 및 향후 전망"", ""like_count"": 0, ""unlike_count"": 0, ""score"": 0, ""author_badges"": [""상위 수익자"", ""자산가"", ""커뮤니티 인플루언서""]}]"
chunk_001_2026-02-27_2026-03-06,2026-03-05,8,A007,2,10,19,"[2507, 2508, 2509, 2510, 2511, 2512, 2514, 2515, 2516, 2517, 2518, 2519, 2520, 2521, 2522, 2523, 2524, 2525, 2526]","[{""post_id"": 2507, ""anonymous_code"": ""호랑이-8886"", ""post_type"": ""analysis"", ""title"": ""삼성전자, 반등에도 불구하고 상승 지속성은 의문?"", ""like_count"": 1, ""unlike_count"": 0, ""score"": 1, ""author_badges"": []}, {""post_id"": 2508, ""anonymous_code"": ""곰-1801"", ""post_type"": ""trade_share"", ""title"": ""오늘 삼성전자 2주 매수했습니다!"", ""like_count"": 0, ""unlike_count"": 0, ""score"": 0, ""author_badges"": []}, {""post_id"": 2509, ""anonymous_code"": ""황소-9750"", ""post_type"": ""trade_share"", ""title"": ""오늘 삼성전자 2주 매수했습니다!"", ""like_count"": 0, ""unlike_count"": 0, ""score"": 0, ""author_badges"": []}, {""post_id"": 2510, ""anonymous_code"": ""코끼리-6457"", ""post_type"": ""trade_share"", ""title"": ""오늘 삼성전자 추가 매수했습니다!"", ""like_count"": 0, ""unlike_count"": 0, ""score"": 0, ""author_badges"": [""커뮤니티 인플루언서""]}, {""post_id"": 2511, ""anonymous_code"": ""늑대-8884"", ""post_type"": ""trade_share"", ""title"": ""오늘 삼성전자 추가 매수했습니다!"", ""like_count"": 0, ""unlike_count"": 0, ""score"": 0, ""author_badges"": [""상위 수익자"", ""자산가""]}, {""post_id"": 2512, ""anonymous_code"": ""여우-7933"", ""post_type"": ""trade_share"", ""title"": ""삼성전자 매수 거래 공유합니다!"", ""like_count"": 0, ""unlike_count"": 0, ""score"": 0, ""author_badges"": []}, {""post_id"": 2514, ""anonymous_code"": ""돌고래-5489"", ""post_type"": ""trade_share"", ""title"": ""지정학적 리스크 해소, 삼성전자 2주 매수했습니다!"", ""like_count"": 0, ""unlike_count"": 0, ""score"": 0, ""author_badges"": []}, {""post_id"": 2515, ""anonymous_code"": ""펭귄-3788"", ""post_type"": ""analysis"", ""title"": ""삼성전자, 현재 상황과 향후 전망에 대한 생각"", ""like_count"": 2, ""unlike_count"": 0, ""score"": 2, ""author_badges"": []}, {""post_id"": 2516, ""anonymous_code"": ""사자-5895"", ""post_type"": ""trade_share"", ""title"": ""오늘 삼성전자 8주 매수했습니다!"", ""like_count"": 0, ""unlike_count"": 0, ""score"": 0, ""author_badges"": [""상위 수익자"", ""자산가""]}, {""post_id"": 2517, ""anonymous_code"": ""사자-5055"", ""post_type"": ""trade_share"", ""title"": ""오늘 삼성전자 추가 매수했습니다!"", ""like_count"": 0, ""unlike_count"": 0, ""score"": 0, ""author_badges"": []}, {""post_id"": 2518, ""anonymous_code"": ""코끼리-2877"", ""post_type"": ""trade_share"", ""title"": ""오늘 삼성전자 전량 매도했습니다."", ""like_count"": 0, ""unlike_count"": 1, ""score"": -1, ""author_badges"": [""커뮤니티 인플루언서""]}, {""post_id"": 2519, ""anonymous_code"": ""사자-8665"", ""post_type"": ""trade_share"", ""title"": ""오늘 삼성전자 추가 매수했습니다!"", ""like_count"": 0, ""unlike_count"": 0, ""score"": 0, ""author_badges"": [""커뮤니티 인플루언서""]}, {""post_id"": 2520, ""anonymous_code"": ""곰-1911"", ""post_type"": ""analysis"", ""title"": ""삼성전자: 펀더멘털 개선과 기술적 저항선"", ""like_count"": 0, ""unlike_count"": 0, ""score"": 0, ""author_badges"": []}, {""post_id"": 2521, ""anonymous_code"": ""곰-9761"", ""post_type"": ""trade_share"", ""title"": ""오늘 삼성전자 매수했습니다!"", ""like_count"": 0, ""unlike_count"": 0, ""score"": 0, ""author_badges"": []}, {""post_id"": 2522, ""anonymous_code"": ""황소-8760"", ""post_type"": ""analysis"", ""title"": ""삼성전자, 단기 저항선 테스트 후 상승 기대"", ""like_count"": 1, ""unlike_count"": 0, ""score"": 1, ""author_badges"": []}, {""post_id"": 2523, ""anonymous_code"": ""독수리-8072"", ""post_type"": ""trade_share"", ""title"": ""오늘 삼성전자 추가 매수했습니다!"", ""like_count"": 0, ""unlike_count"": 0, ""score"": 0, ""author_badges"": [""상위 수익자"", ""자산가""]}, {""post_id"": 2524, ""anonymous_code"": ""돌고래-5159"", ""post_type"": ""analysis"", ""title"": ""삼성전자 기술적 저항선과 시장 상황 분석"", ""like_count"": 1, ""unlike_count"": 1, ""score"": 0, ""author_badges"": []}, {""post_id"": 2525, ""anonymous_code"": ""여우-2283"", ""post_type"": ""trade_share"", ""title"": ""오늘 삼성전자 추가 매수했습니다!"", ""like_count"": 0, ""unlike_count"": 0, ""score"": 0, ""author_badges"": []}, {""post_id"": 2526, ""anonymous_code"": ""늑대-4264"", ""post_type"": ""analysis"", ""title"": ""삼성전자 기술적 분석 및 향후 전망"", ""like_count"": 0, ""unlike_count"": 0, ""score"": 0, ""author_badges"": [""상위 수익자"", ""자산가"", ""커뮤니티 인플루언서""]}]"
chunk_001_2026-02-27_2026-03-06,2026-03-05,8,A008,1,5,19,"[2507, 2508, 2509, 2510, 2511, 2513, 2514, 2515, 2516, 2517, 2518, 2519, 2520, 2521, 2522, 2523, 2524, 2525, 2526]","[{""post_id"": 2507, ""anonymous_code"": ""호랑이-8886"", ""post_type"": ""analysis"", ""title"": ""삼성전자, 반등에도 불구하고 상승 지속성은 의문?"", ""like_count"": 2, ""unlike_count"": 0, ""score"": 2, ""author_badges"": []}, {""post_id"": 2508, ""anonymous_code"": ""곰-1801"", ""post_type"": ""trade_share"", ""title"": ""오늘 삼성전자 2주 매수했습니다!"", ""like_count"": 0, ""unlike_count"": 0, ""score"": 0, ""author_badges"": []}, {""post_id"": 2509, ""anonymous_code"": ""황소-9750"", ""post_type"": ""trade_share"", ""title"": ""오늘 삼성전자 2주 매수했습니다!"", ""like_count"": 0, ""unlike_count"": 0, ""score"": 0, ""author_badges"": []}, {""post_id"": 2510, ""anonymous_code"": ""코끼리-6457"", ""post_type"": ""trade_share"", ""title"": ""오늘 삼성전자 추가 매수했습니다!"", ""like_count"": 0, ""unlike_count"": 0, ""score"": 0, ""author_badges"": [""커뮤니티 인플루언서""]}, {""post_id"": 2511, ""anonymous_code"": ""늑대-8884"", ""post_type"": ""trade_share"", ""title"": ""오늘 삼성전자 추가 매수했습니다!"", ""like_count"": 0, ""unlike_count"": 0, ""score"": 0, ""author_badges"": [""상위 수익자"", ""자산가""]}, {""post_id"": 2513, ""anonymous_code"": ""독수리-4082"", ""post_type"": ""trade_share"", ""title"": ""오늘 삼성전자 일부 매도했습니다."", ""like_count"": 0, ""unlike_count"": 1, ""score"": -1, ""author_badges"": []}, {""post_id"": 2514, ""anonymous_code"": ""돌고래-5489"", ""post_type"": ""trade_share"", ""title"": ""지정학적 리스크 해소, 삼성전자 2주 매수했습니다!"", ""like_count"": 0, ""unlike_count"": 0, ""score"": 0, ""author_badges"": []}, {""post_id"": 2515, ""anonymous_code"": ""펭귄-3788"", ""post_type"": ""analysis"", ""title"": ""삼성전자, 현재 상황과 향후 전망에 대한 생각"", ""like_count"": 3, ""unlike_count"": 0, ""score"": 3, ""author_badges"": []}, {""post_id"": 2516, ""anonymous_code"": ""사자-5895"", ""post_type"": ""trade_share"", ""title"": ""오늘 삼성전자 8주 매수했습니다!"", ""like_count"": 0, ""unlike_count"": 0, ""score"": 0, ""author_badges"": [""상위 수익자"", ""자산가""]}, {""post_id"": 2517, ""anonymous_code"": ""사자-5055"", ""post_type"": ""trade_share"", ""title"": ""오늘 삼성전자 추가 매수했습니다!"", ""like_count"": 0, ""unlike_count"": 0, ""score"": 0, ""author_badges"": []}, {""post_id"": 2518, ""anonymous_code"": ""코끼리-2877"", ""post_type"": ""trade_share"", ""title"": ""오늘 삼성전자 전량 매도했습니다."", ""like_count"": 0, ""unlike_count"": 1, ""score"": -1, ""author_badges"": [""커뮤니티 인플루언서""]}, {""post_id"": 2519, ""anonymous_code"": ""사자-8665"", ""post_type"": ""trade_share"", ""title"": ""오늘 삼성전자 추가 매수했습니다!"", ""like_count"": 0, ""unlike_count"": 0, ""score"": 0, ""author_badges"": [""커뮤니티 인플루언서""]}, {""post_id"": 2520, ""anonymous_code"": ""곰-1911"", ""post_type"": ""analysis"", ""title"": ""삼성전자: 펀더멘털 개선과 기술적 저항선"", ""like_count"": 1, ""unlike_count"": 0, ""score"": 1, ""author_badges"": []}, {""post_id"": 2521, ""anonymous_code"": ""곰-9761"", ""post_type"": ""trade_share"", ""title"": ""오늘 삼성전자 매수했습니다!"", ""like_count"": 0, ""unlike_count"": 0, ""score"": 0, ""author_badges"": []}, {""post_id"": 2522, ""anonymous_code"": ""황소-8760"", ""post_type"": ""analysis"", ""title"": ""삼성전자, 단기 저항선 테스트 후 상승 기대"", ""like_count"": 1, ""unlike_count"": 0, ""score"": 1, ""author_badges"": []}, {""post_id"": 2523, ""anonymous_code"": ""독수리-8072"", ""post_type"": ""trade_share"", ""title"": ""오늘 삼성전자 추가 매수했습니다!"", ""like_count"": 0, ""unlike_count"": 0, ""score"": 0, ""author_badges"": [""상위 수익자"", ""자산가""]}, {""post_id"": 2524, ""anonymous_code"": ""돌고래-5159"", ""post_type"": ""analysis"", ""title"": ""삼성전자 기술적 저항선과 시장 상황 분석"", ""like_count"": 1, ""unlike_count"": 2, ""score"": -1, ""author_badges"": []}, {""post_id"": 2525, ""anonymous_code"": ""여우-2283"", ""post_type"": ""trade_share"", ""title"": ""오늘 삼성전자 추가 매수했습니다!"", ""like_count"": 0, ""unlike_count"": 0, ""score"": 0, ""author_badges"": []}, {""post_id"": 2526, ""anonymous_code"": ""늑대-4264"", ""post_type"": ""analysis"", ""title"": ""삼성전자 기술적 분석 및 향후 전망"", ""like_count"": 0, ""unlike_count"": 0, ""score"": 0, ""author_badges"": [""상위 수익자"", ""자산가"", ""커뮤니티 인플루언서""]}]"
chunk_001_2026-02-27_2026-03-06,2026-03-05,8,A010,1,5,19,"[2507, 2508, 2509, 2510, 2511, 2512, 2513, 2514, 2516, 2517, 2518, 2519, 2520, 2521, 2522, 2523, 2524, 2525, 2526]","[{""post_id"": 2507, ""anonymous_code"": ""호랑이-8886"", ""post_type"": ""analysis"", ""title"": ""삼성전자, 반등에도 불구하고 상승 지속성은 의문?"", ""like_count"": 3, ""unlike_count"": 0, ""score"": 3, ""author_badges"": []}, {""post_id"": 2508, ""anonymous_code"": ""곰-1801"", ""post_type"": ""trade_share"", ""title"": ""오늘 삼성전자 2주 매수했습니다!"", ""like_count"": 0, ""unlike_count"": 0, ""score"": 0, ""author_badges"": []}, {""post_id"": 2509, ""anonymous_code"": ""황소-9750"", ""post_type"": ""trade_share"", ""title"": ""오늘 삼성전자 2주 매수했습니다!"", ""like_count"": 0, ""unlike_count"": 0, ""score"": 0, ""author_badges"": []}, {""post_id"": 2510, ""anonymous_code"": ""코끼리-6457"", ""post_type"": ""trade_share"", ""title"": ""오늘 삼성전자 추가 매수했습니다!"", ""like_count"": 0, ""unlike_count"": 0, ""score"": 0, ""author_badges"": [""커뮤니티 인플루언서""]}, {""post_id"": 2511, ""anonymous_code"": ""늑대-8884"", ""post_type"": ""trade_share"", ""title"": ""오늘 삼성전자 추가 매수했습니다!"", ""like_count"": 0, ""unlike_count"": 0, ""score"": 0, ""author_badges"": [""상위 수익자"", ""자산가""]}, {""post_id"": 2512, ""anonymous_code"": ""여우-7933"", ""post_type"": ""trade_share"", ""title"": ""삼성전자 매수 거래 공유합니다!"", ""like_count"": 0, ""unlike_count"": 0, ""score"": 0, ""author_badges"": []}, {""post_id"": 2513, ""anonymous_code"": ""독수리-4082"", ""post_type"": ""trade_share"", ""title"": ""오늘 삼성전자 일부 매도했습니다."", ""like_count"": 0, ""unlike_count"": 1, ""score"": -1, ""author_badges"": []}, {""post_id"": 2514, ""anonymous_code"": ""돌고래-5489"", ""post_type"": ""trade_share"", ""title"": ""지정학적 리스크 해소, 삼성전자 2주 매수했습니다!"", ""like_count"": 0, ""unlike_count"": 0, ""score"": 0, ""author_badges"": []}, {""post_id"": 2516, ""anonymous_code"": ""사자-5895"", ""post_type"": ""trade_share"", ""title"": ""오늘 삼성전자 8주 매수했습니다!"", ""like_count"": 0, ""unlike_count"": 0, ""score"": 0, ""author_badges"": [""상위 수익자"", ""자산가""]}, {""post_id"": 2517, ""anonymous_code"": ""사자-5055"", ""post_type"": ""trade_share"", ""title"": ""오늘 삼성전자 추가 매수했습니다!"", ""like_count"": 0, ""unlike_count"": 0, ""score"": 0, ""author_badges"": []}, {""post_id"": 2518, ""anonymous_code"": ""코끼리-2877"", ""post_type"": ""trade_share"", ""title"": ""오늘 삼성전자 전량 매도했습니다."", ""like_count"": 0, ""unlike_count"": 1, ""score"": -1, ""author_badges"": [""커뮤니티 인플루언서""]}, {""post_id"": 2519, ""anonymous_code"": ""사자-8665"", ""post_type"": ""trade_share"", ""title"": ""오늘 삼성전자 추가 매수했습니다!"", ""like_count"": 0, ""unlike_count"": 0, ""score"": 0, ""author_badges"": [""커뮤니티 인플루언서""]}, {""post_id"": 2520, ""anonymous_code"": ""곰-1911"", ""post_type"": ""analysis"", ""title"": ""삼성전자: 펀더멘털 개선과 기술적 저항선"", ""like_count"": 1, ""unlike_count"": 0, ""score"": 1, ""author_badges"": []}, {""post_id"": 2521, ""anonymous_code"": ""곰-9761"", ""post_type"": ""trade_share"", ""title"": ""오늘 삼성전자 매수했습니다!"", ""like_count"": 0, ""unlike_count"": 0, ""score"": 0, ""author_badges"": []}, {""post_id"": 2522, ""anonymous_code"": ""황소-8760"", ""post_type"": ""analysis"", ""title"": ""삼성전자, 단기 저항선 테스트 후 상승 기대"", ""like_count"": 1, ""unlike_count"": 0, ""score"": 1, ""author_badges"": []}, {""post_id"": 2523, ""anonymous_code"": ""독수리-8072"", ""post_type"": ""trade_share"", ""title"": ""오늘 삼성전자 추가 매수했습니다!"", ""like_count"": 0, ""unlike_count"": 0, ""score"": 0, ""author_badges"": [""상위 수익자"", ""자산가""]}, {""post_id"": 2524, ""anonymous_code"": ""돌고래-5159"", ""post_type"": ""analysis"", ""title"": ""삼성전자 기술적 저항선과 시장 상황 분석"", ""like_count"": 1, ""unlike_count"": 3, ""score"": -2, ""author_badges"": []}, {""post_id"": 2525, ""anonymous_code"": ""여우-2283"", ""post_type"": ""trade_share"", ""title"": ""오늘 삼성전자 추가 매수했습니다!"", ""like_count"": 0, ""unlike_count"": 0, ""score"": 0, ""author_badges"": []}, {""post_id"": 2526, ""anonymous_code"": ""늑대-4264"", ""post_type"": ""analysis"", ""title"": ""삼성전자 기술적 분석 및 향후 전망"", ""like_count"": 0, ""unlike_count"": 0, ""score"": 0, ""author_badges"": [""상위 수익자"", ""자산가"", ""커뮤니티 인플루언서""]}]"
chunk_001_2026-02-27_2026-03-06,2026-03-05,8,A011,1,5,19,"[2507, 2508, 2509, 2510, 2511, 2512, 2513, 2515, 2516, 2517, 2518, 2519, 2520, 2521, 2522, 2523, 2524, 2525, 2526]","[{""post_id"": 2507, ""anonymous_code"": ""호랑이-8886"", ""post_type"": ""analysis"", ""title"": ""삼성전자, 반등에도 불구하고 상승 지속성은 의문?"", ""like_count"": 4, ""unlike_count"": 0, ""score"": 4, ""author_badges"": []}, {""post_id"": 2508, ""anonymous_code"": ""곰-1801"", ""post_type"": ""trade_share"", ""title"": ""오늘 삼성전자 2주 매수했습니다!"", ""like_count"": 0, ""unlike_count"": 0, ""score"": 0, ""author_badges"": []}, {""post_id"": 2509, ""anonymous_code"": ""황소-9750"", ""post_type"": ""trade_share"", ""title"": ""오늘 삼성전자 2주 매수했습니다!"", ""like_count"": 0, ""unlike_count"": 0, ""score"": 0, ""author_badges"": []}, {""post_id"": 2510, ""anonymous_code"": ""코끼리-6457"", ""post_type"": ""trade_share"", ""title"": ""오늘 삼성전자 추가 매수했습니다!"", ""like_count"": 0, ""unlike_count"": 0, ""score"": 0, ""author_badges"": [""커뮤니티 인플루언서""]}, {""post_id"": 2511, ""anonymous_code"": ""늑대-8884"", ""post_type"": ""trade_share"", ""title"": ""오늘 삼성전자 추가 매수했습니다!"", ""like_count"": 0, ""unlike_count"": 0, ""score"": 0, ""author_badges"": [""상위 수익자"", ""자산가""]}, {""post_id"": 2512, ""anonymous_code"": ""여우-7933"", ""post_type"": ""trade_share"", ""title"": ""삼성전자 매수 거래 공유합니다!"", ""like_count"": 0, ""unlike_count"": 0, ""score"": 0, ""author_badges"": []}, {""post_id"": 2513, ""anonymous_code"": ""독수리-4082"", ""post_type"": ""trade_share"", ""title"": ""오늘 삼성전자 일부 매도했습니다."", ""like_count"": 0, ""unlike_count"": 1, ""score"": -1, ""author_badges"": []}, {""post_id"": 2515, ""anonymous_code"": ""펭귄-3788"", ""post_type"": ""analysis"", ""title"": ""삼성전자, 현재 상황과 향후 전망에 대한 생각"", ""like_count"": 5, ""unlike_count"": 0, ""score"": 5, ""author_badges"": []}, {""post_id"": 2516, ""anonymous_code"": ""사자-5895"", ""post_type"": ""trade_share"", ""title"": ""오늘 삼성전자 8주 매수했습니다!"", ""like_count"": 0, ""unlike_count"": 0, ""score"": 0, ""author_badges"": [""상위 수익자"", ""자산가""]}, {""post_id"": 2517, ""anonymous_code"": ""사자-5055"", ""post_type"": ""trade_share"", ""title"": ""오늘 삼성전자 추가 매수했습니다!"", ""like_count"": 0, ""unlike_count"": 0, ""score"": 0, ""author_badges"": []}, {""post_id"": 2518, ""anonymous_code"": ""코끼리-2877"", ""post_type"": ""trade_share"", ""title"": ""오늘 삼성전자 전량 매도했습니다."", ""like_count"": 0, ""unlike_count"": 1, ""score"": -1, ""author_badges"": [""커뮤니티 인플루언서""]}, {""post_id"": 2519, ""anonymous_code"": ""사자-8665"", ""post_type"": ""trade_share"", ""title"": ""오늘 삼성전자 추가 매수했습니다!"", ""like_count"": 0, ""unlike_count"": 0, ""score"": 0, ""author_badges"": [""커뮤니티 인플루언서""]}, {""post_id"": 2520, ""anonymous_code"": ""곰-1911"", ""post_type"": ""analysis"", ""title"": ""삼성전자: 펀더멘털 개선과 기술적 저항선"", ""like_count"": 2, ""unlike_count"": 0, ""score"": 2, ""author_badges"": []}, {""post_id"": 2521, ""anonymous_code"": ""곰-9761"", ""post_type"": ""trade_share"", ""title"": ""오늘 삼성전자 매수했습니다!"", ""like_count"": 0, ""unlike_count"": 0, ""score"": 0, ""author_badges"": []}, {""post_id"": 2522, ""anonymous_code"": ""황소-8760"", ""post_type"": ""analysis"", ""title"": ""삼성전자, 단기 저항선 테스트 후 상승 기대"", ""like_count"": 1, ""unlike_count"": 0, ""score"": 1, ""author_badges"": []}, {""post_id"": 2523, ""anonymous_code"": ""독수리-8072"", ""post_type"": ""trade_share"", ""title"": ""오늘 삼성전자 추가 매수했습니다!"", ""like_count"": 0, ""unlike_count"": 0, ""score"": 0, ""author_badges"": [""상위 수익자"", ""자산가""]}, {""post_id"": 2524, ""anonymous_code"": ""돌고래-5159"", ""post_type"": ""analysis"", ""title"": ""삼성전자 기술적 저항선과 시장 상황 분석"", ""like_count"": 1, ""unlike_count"": 4, ""score"": -3, ""author_badges"": []}, {""post_id"": 2525, ""anonymous_code"": ""여우-2283"", ""post_type"": ""trade_share"", ""title"": ""오늘 삼성전자 추가 매수했습니다!"", ""like_count"": 0, ""unlike_count"": 0, ""score"": 0, ""author_badges"": []}, {""post_id"": 2526, ""anonymous_code"": ""늑대-4264"", ""post_type"": ""analysis"", ""title"": ""삼성전자 기술적 분석 및 향후 전망"", ""like_count"": 0, ""unlike_count"": 0, ""score"": 0, ""author_badges"": [""상위 수익자"", ""자산가"", ""커뮤니티 인플루언서""]}]"
chunk_001_2026-02-27_2026-03-06,2026-03-05,8,A012,1,5,19,"[2507, 2508, 2509, 2510, 2511, 2512, 2513, 2514, 2515, 2516, 2517, 2518, 2520, 2521, 2522, 2523, 2524, 2525, 2526]","[{""post_id"": 2507, ""anonymous_code"": ""호랑이-8886"", ""post_type"": ""analysis"", ""title"": ""삼성전자, 반등에도 불구하고 상승 지속성은 의문?"", ""like_count"": 5, ""unlike_count"": 0, ""score"": 5, ""author_badges"": []}, {""post_id"": 2508, ""anonymous_code"": ""곰-1801"", ""post_type"": ""trade_share"", ""title"": ""오늘 삼성전자 2주 매수했습니다!"", ""like_count"": 0, ""unlike_count"": 0, ""score"": 0, ""author_badges"": []}, {""post_id"": 2509, ""anonymous_code"": ""황소-9750"", ""post_type"": ""trade_share"", ""title"": ""오늘 삼성전자 2주 매수했습니다!"", ""like_count"": 0, ""unlike_count"": 0, ""score"": 0, ""author_badges"": []}, {""post_id"": 2510, ""anonymous_code"": ""코끼리-6457"", ""post_type"": ""trade_share"", ""title"": ""오늘 삼성전자 추가 매수했습니다!"", ""like_count"": 0, ""unlike_count"": 0, ""score"": 0, ""author_badges"": [""커뮤니티 인플루언서""]}, {""post_id"": 2511, ""anonymous_code"": ""늑대-8884"", ""post_type"": ""trade_share"", ""title"": ""오늘 삼성전자 추가 매수했습니다!"", ""like_count"": 0, ""unlike_count"": 0, ""score"": 0, ""author_badges"": [""상위 수익자"", ""자산가""]}, {""post_id"": 2512, ""anonymous_code"": ""여우-7933"", ""post_type"": ""trade_share"", ""title"": ""삼성전자 매수 거래 공유합니다!"", ""like_count"": 0, ""unlike_count"": 0, ""score"": 0, ""author_badges"": []}, {""post_id"": 2513, ""anonymous_code"": ""독수리-4082"", ""post_type"": ""trade_share"", ""title"": ""오늘 삼성전자 일부 매도했습니다."", ""like_count"": 0, ""unlike_count"": 1, ""score"": -1, ""author_badges"": []}, {""post_id"": 2514, ""anonymous_code"": ""돌고래-5489"", ""post_type"": ""trade_share"", ""title"": ""지정학적 리스크 해소, 삼성전자 2주 매수했습니다!"", ""like_count"": 0, ""unlike_count"": 0, ""score"": 0, ""author_badges"": []}, {""post_id"": 2515, ""anonymous_code"": ""펭귄-3788"", ""post_type"": ""analysis"", ""title"": ""삼성전자, 현재 상황과 향후 전망에 대한 생각"", ""like_count"": 5, ""unlike_count"": 0, ""score"": 5, ""author_badges"": []}, {""post_id"": 2516, ""anonymous_code"": ""사자-5895"", ""post_type"": ""trade_share"", ""title"": ""오늘 삼성전자 8주 매수했습니다!"", ""like_count"": 0, ""unlike_count"": 0, ""score"": 0, ""author_badges"": [""상위 수익자"", ""자산가""]}, {""post_id"": 2517, ""anonymous_code"": ""사자-5055"", ""post_type"": ""trade_share"", ""title"": ""오늘 삼성전자 추가 매수했습니다!"", ""like_count"": 0, ""unlike_count"": 0, ""score"": 0, ""author_badges"": []}, {""post_id"": 2518, ""anonymous_code"": ""코끼리-2877"", ""post_type"": ""trade_share"", ""title"": ""오늘 삼성전자 전량 매도했습니다."", ""like_count"": 0, ""unlike_count"": 1, ""score"": -1, ""author_badges"": [""커뮤니티 인플루언서""]}, {""post_id"": 2520, ""anonymous_code"": ""곰-1911"", ""post_type"": ""analysis"", ""title"": ""삼성전자: 펀더멘털 개선과 기술적 저항선"", ""like_count"": 2, ""unlike_count"": 0, ""score"": 2, ""author_badges"": []}, {""post_id"": 2521, ""anonymous_code"": ""곰-9761"", ""post_type"": ""trade_share"", ""title"": ""오늘 삼성전자 매수했습니다!"", ""like_count"": 0, ""unlike_count"": 0, ""score"": 0, ""author_badges"": []}, {""post_id"": 2522, ""anonymous_code"": ""황소-8760"", ""post_type"": ""analysis"", ""title"": ""삼성전자, 단기 저항선 테스트 후 상승 기대"", ""like_count"": 1, ""unlike_count"": 1, ""score"": 0, ""author_badges"": []}, {""post_id"": 2523, ""anonymous_code"": ""독수리-8072"", ""post_type"": ""trade_share"", ""title"": ""오늘 삼성전자 추가 매수했습니다!"", ""like_count"": 0, ""unlike_count"": 0, ""score"": 0, ""author_badges"": [""상위 수익자"", ""자산가""]}, {""post_id"": 2524, ""anonymous_code"": ""돌고래-5159"", ""post_type"": ""analysis"", ""title"": ""삼성전자 기술적 저항선과 시장 상황 분석"", ""like_count"": 2, ""unlike_count"": 4, ""score"": -2, ""author_badges"": []}, {""post_id"": 2525, ""anonymous_code"": ""여우-2283"", ""post_type"": ""trade_share"", ""title"": ""오늘 삼성전자 추가 매수했습니다!"", ""like_count"": 0, ""unlike_count"": 0, ""score"": 0, ""author_badges"": []}, {""post_id"": 2526, ""anonymous_code"": ""늑대-4264"", ""post_type"": ""analysis"", ""title"": ""삼성전자 기술적 분석 및 향후 전망"", ""like_count"": 0, ""unlike_count"": 0, ""score"": 0, ""author_badges"": [""상위 수익자"", ""자산가"", ""커뮤니티 인플루언서""]}]"
chunk_001_2026-02-27_2026-03-06,2026-03-05,8,A013,1,5,19,"[2507, 2508, 2509, 2510, 2511, 2512, 2513, 2514, 2515, 2517, 2518, 2519, 2520, 2521, 2522, 2523, 2524, 2525, 2526]","[{""post_id"": 2507, ""anonymous_code"": ""호랑이-8886"", ""post_type"": ""analysis"", ""title"": ""삼성전자, 반등에도 불구하고 상승 지속성은 의문?"", ""like_count"": 6, ""unlike_count"": 0, ""score"": 6, ""author_badges"": []}, {""post_id"": 2508, ""anonymous_code"": ""곰-1801"", ""post_type"": ""trade_share"", ""title"": ""오늘 삼성전자 2주 매수했습니다!"", ""like_count"": 0, ""unlike_count"": 0, ""score"": 0, ""author_badges"": []}, {""post_id"": 2509, ""anonymous_code"": ""황소-9750"", ""post_type"": ""trade_share"", ""title"": ""오늘 삼성전자 2주 매수했습니다!"", ""like_count"": 0, ""unlike_count"": 0, ""score"": 0, ""author_badges"": []}, {""post_id"": 2510, ""anonymous_code"": ""코끼리-6457"", ""post_type"": ""trade_share"", ""title"": ""오늘 삼성전자 추가 매수했습니다!"", ""like_count"": 0, ""unlike_count"": 0, ""score"": 0, ""author_badges"": [""커뮤니티 인플루언서""]}, {""post_id"": 2511, ""anonymous_code"": ""늑대-8884"", ""post_type"": ""trade_share"", ""title"": ""오늘 삼성전자 추가 매수했습니다!"", ""like_count"": 0, ""unlike_count"": 0, ""score"": 0, ""author_badges"": [""상위 수익자"", ""자산가""]}, {""post_id"": 2512, ""anonymous_code"": ""여우-7933"", ""post_type"": ""trade_share"", ""title"": ""삼성전자 매수 거래 공유합니다!"", ""like_count"": 0, ""unlike_count"": 0, ""score"": 0, ""author_badges"": []}, {""post_id"": 2513, ""anonymous_code"": ""독수리-4082"", ""post_type"": ""trade_share"", ""title"": ""오늘 삼성전자 일부 매도했습니다."", ""like_count"": 0, ""unlike_count"": 1, ""score"": -1, ""author_badges"": []}, {""post_id"": 2514, ""anonymous_code"": ""돌고래-5489"", ""post_type"": ""trade_share"", ""title"": ""지정학적 리스크 해소, 삼성전자 2주 매수했습니다!"", ""like_count"": 0, ""unlike_count"": 0, ""score"": 0, ""author_badges"": []}, {""post_id"": 2515, ""anonymous_code"": ""펭귄-3788"", ""post_type"": ""analysis"", ""title"": ""삼성전자, 현재 상황과 향후 전망에 대한 생각"", ""like_count"": 6, ""unlike_count"": 0, ""score"": 6, ""author_badges"": []}, {""post_id"": 2517, ""anonymous_code"": ""사자-5055"", ""post_type"": ""trade_share"", ""title"": ""오늘 삼성전자 추가 매수했습니다!"", ""like_count"": 0, ""unlike_count"": 0, ""score"": 0, ""author_badges"": []}, {""post_id"": 2518, ""anonymous_code"": ""코끼리-2877"", ""post_type"": ""trade_share"", ""title"": ""오늘 삼성전자 전량 매도했습니다."", ""like_count"": 0, ""unlike_count"": 1, ""score"": -1, ""author_badges"": [""커뮤니티 인플루언서""]}, {""post_id"": 2519, ""anonymous_code"": ""사자-8665"", ""post_type"": ""trade_share"", ""title"": ""오늘 삼성전자 추가 매수했습니다!"", ""like_count"": 0, ""unlike_count"": 0, ""score"": 0, ""author_badges"": [""커뮤니티 인플루언서""]}, {""post_id"": 2520, ""anonymous_code"": ""곰-1911"", ""post_type"": ""analysis"", ""title"": ""삼성전자: 펀더멘털 개선과 기술적 저항선"", ""like_count"": 2, ""unlike_count"": 0, ""score"": 2, ""author_badges"": []}, {""post_id"": 2521, ""anonymous_code"": ""곰-9761"", ""post_type"": ""trade_share"", ""title"": ""오늘 삼성전자 매수했습니다!"", ""like_count"": 0, ""unlike_count"": 0, ""score"": 0, ""author_badges"": []}, {""post_id"": 2522, ""anonymous_code"": ""황소-8760"", ""post_type"": ""analysis"", ""title"": ""삼성전자, 단기 저항선 테스트 후 상승 기대"", ""like_count"": 1, ""unlike_count"": 1, ""score"": 0, ""author_badges"": []}, {""post_id"": 2523, ""anonymous_code"": ""독수리-8072"", ""post_type"": ""trade_share"", ""title"": ""오늘 삼성전자 추가 매수했습니다!"", ""like_count"": 0, ""unlike_count"": 0, ""score"": 0, ""author_badges"": [""상위 수익자"", ""자산가""]}, {""post_id"": 2524, ""anonymous_code"": ""돌고래-5159"", ""post_type"": ""analysis"", ""title"": ""삼성전자 기술적 저항선과 시장 상황 분석"", ""like_count"": 3, ""unlike_count"": 4, ""score"": -1, ""author_badges"": []}, {""post_id"": 2525, ""anonymous_code"": ""여우-2283"", ""post_type"": ""trade_share"", ""title"": ""오늘 삼성전자 추가 매수했습니다!"", ""like_count"": 0, ""unlike_count"": 0, ""score"": 0, ""author_badges"": []}, {""post_id"": 2526, ""anonymous_code"": ""늑대-4264"", ""post_type"": ""analysis"", ""title"": ""삼성전자 기술적 분석 및 향후 전망"", ""like_count"": 0, ""unlike_count"": 1, ""score"": -1, ""author_badges"": [""상위 수익자"", ""자산가"", ""커뮤니티 인플루언서""]}]"
chunk_001_2026-02-27_2026-03-06,2026-03-05,8,A014,1,5,19,"[2507, 2508, 2509, 2510, 2511, 2512, 2513, 2514, 2515, 2516, 2517, 2519, 2520, 2521, 2522, 2523, 2524, 2525, 2526]","[{""post_id"": 2507, ""anonymous_code"": ""호랑이-8886"", ""post_type"": ""analysis"", ""title"": ""삼성전자, 반등에도 불구하고 상승 지속성은 의문?"", ""like_count"": 7, ""unlike_count"": 0, ""score"": 7, ""author_badges"": []}, {""post_id"": 2508, ""anonymous_code"": ""곰-1801"", ""post_type"": ""trade_share"", ""title"": ""오늘 삼성전자 2주 매수했습니다!"", ""like_count"": 0, ""unlike_count"": 0, ""score"": 0, ""author_badges"": []}, {""post_id"": 2509, ""anonymous_code"": ""황소-9750"", ""post_type"": ""trade_share"", ""title"": ""오늘 삼성전자 2주 매수했습니다!"", ""like_count"": 0, ""unlike_count"": 0, ""score"": 0, ""author_badges"": []}, {""post_id"": 2510, ""anonymous_code"": ""코끼리-6457"", ""post_type"": ""trade_share"", ""title"": ""오늘 삼성전자 추가 매수했습니다!"", ""like_count"": 0, ""unlike_count"": 0, ""score"": 0, ""author_badges"": [""커뮤니티 인플루언서""]}, {""post_id"": 2511, ""anonymous_code"": ""늑대-8884"", ""post_type"": ""trade_share"", ""title"": ""오늘 삼성전자 추가 매수했습니다!"", ""like_count"": 0, ""unlike_count"": 0, ""score"": 0, ""author_badges"": [""상위 수익자"", ""자산가""]}, {""post_id"": 2512, ""anonymous_code"": ""여우-7933"", ""post_type"": ""trade_share"", ""title"": ""삼성전자 매수 거래 공유합니다!"", ""like_count"": 0, ""unlike_count"": 0, ""score"": 0, ""author_badges"": []}, {""post_id"": 2513, ""anonymous_code"": ""독수리-4082"", ""post_type"": ""trade_share"", ""title"": ""오늘 삼성전자 일부 매도했습니다."", ""like_count"": 0, ""unlike_count"": 1, ""score"": -1, ""author_badges"": []}, {""post_id"": 2514, ""anonymous_code"": ""돌고래-5489"", ""post_type"": ""trade_share"", ""title"": ""지정학적 리스크 해소, 삼성전자 2주 매수했습니다!"", ""like_count"": 0, ""unlike_count"": 0, ""score"": 0, ""author_badges"": []}, {""post_id"": 2515, ""anonymous_code"": ""펭귄-3788"", ""post_type"": ""analysis"", ""title"": ""삼성전자, 현재 상황과 향후 전망에 대한 생각"", ""like_count"": 7, ""unlike_count"": 0, ""score"": 7, ""author_badges"": []}, {""post_id"": 2516, ""anonymous_code"": ""사자-5895"", ""post_type"": ""trade_share"", ""title"": ""오늘 삼성전자 8주 매수했습니다!"", ""like_count"": 0, ""unlike_count"": 0, ""score"": 0, ""author_badges"": [""상위 수익자"", ""자산가""]}, {""post_id"": 2517, ""anonymous_code"": ""사자-5055"", ""post_type"": ""trade_share"", ""title"": ""오늘 삼성전자 추가 매수했습니다!"", ""like_count"": 0, ""unlike_count"": 0, ""score"": 0, ""author_badges"": []}, {""post_id"": 2519, ""anonymous_code"": ""사자-8665"", ""post_type"": ""trade_share"", ""title"": ""오늘 삼성전자 추가 매수했습니다!"", ""like_count"": 0, ""unlike_count"": 0, ""score"": 0, ""author_badges"": [""커뮤니티 인플루언서""]}, {""post_id"": 2520, ""anonymous_code"": ""곰-1911"", ""post_type"": ""analysis"", ""title"": ""삼성전자: 펀더멘털 개선과 기술적 저항선"", ""like_count"": 3, ""unlike_count"": 0, ""score"": 3, ""author_badges"": []}, {""post_id"": 2521, ""anonymous_code"": ""곰-9761"", ""post_type"": ""trade_share"", ""title"": ""오늘 삼성전자 매수했습니다!"", ""like_count"": 0, ""unlike_count"": 0, ""score"": 0, ""author_badges"": []}, {""post_id"": 2522, ""anonymous_code"": ""황소-8760"", ""post_type"": ""analysis"", ""title"": ""삼성전자, 단기 저항선 테스트 후 상승 기대"", ""like_count"": 1, ""unlike_count"": 1, ""score"": 0, ""author_badges"": []}, {""post_id"": 2523, ""anonymous_code"": ""독수리-8072"", ""post_type"": ""trade_share"", ""title"": ""오늘 삼성전자 추가 매수했습니다!"", ""like_count"": 0, ""unlike_count"": 0, ""score"": 0, ""author_badges"": [""상위 수익자"", ""자산가""]}, {""post_id"": 2524, ""anonymous_code"": ""돌고래-5159"", ""post_type"": ""analysis"", ""title"": ""삼성전자 기술적 저항선과 시장 상황 분석"", ""like_count"": 3, ""unlike_count"": 5, ""score"": -2, ""author_badges"": []}, {""post_id"": 2525, ""anonymous_code"": ""여우-2283"", ""post_type"": ""trade_share"", ""title"": ""오늘 삼성전자 추가 매수했습니다!"", ""like_count"": 0, ""unlike_count"": 0, ""score"": 0, ""author_badges"": []}, {""post_id"": 2526, ""anonymous_code"": ""늑대-4264"", ""post_type"": ""analysis"", ""title"": ""삼성전자 기술적 분석 및 향후 전망"", ""like_count"": 0, ""unlike_count"": 1, ""score"": -1, ""author_badges"": [""상위 수익자"", ""자산가"", ""커뮤니티 인플루언서""]}]"
chunk_001_2026-02-27_2026-03-06,2026-03-05,8,A015,2,10,19,"[2507, 2508, 2509, 2510, 2511, 2512, 2513, 2514, 2515, 2516, 2518, 2519, 2520, 2521, 2522, 2523, 2524, 2525, 2526]","[{""post_id"": 2507, ""anonymous_code"": ""호랑이-8886"", ""post_type"": ""analysis"", ""title"": ""삼성전자, 반등에도 불구하고 상승 지속성은 의문?"", ""like_count"": 8, ""unlike_count"": 0, ""score"": 8, ""author_badges"": []}, {""post_id"": 2508, ""anonymous_code"": ""곰-1801"", ""post_type"": ""trade_share"", ""title"": ""오늘 삼성전자 2주 매수했습니다!"", ""like_count"": 0, ""unlike_count"": 0, ""score"": 0, ""author_badges"": []}, {""post_id"": 2509, ""anonymous_code"": ""황소-9750"", ""post_type"": ""trade_share"", ""title"": ""오늘 삼성전자 2주 매수했습니다!"", ""like_count"": 0, ""unlike_count"": 0, ""score"": 0, ""author_badges"": []}, {""post_id"": 2510, ""anonymous_code"": ""코끼리-6457"", ""post_type"": ""trade_share"", ""title"": ""오늘 삼성전자 추가 매수했습니다!"", ""like_count"": 0, ""unlike_count"": 0, ""score"": 0, ""author_badges"": [""커뮤니티 인플루언서""]}, {""post_id"": 2511, ""anonymous_code"": ""늑대-8884"", ""post_type"": ""trade_share"", ""title"": ""오늘 삼성전자 추가 매수했습니다!"", ""like_count"": 0, ""unlike_count"": 0, ""score"": 0, ""author_badges"": [""상위 수익자"", ""자산가""]}, {""post_id"": 2512, ""anonymous_code"": ""여우-7933"", ""post_type"": ""trade_share"", ""title"": ""삼성전자 매수 거래 공유합니다!"", ""like_count"": 0, ""unlike_count"": 0, ""score"": 0, ""author_badges"": []}, {""post_id"": 2513, ""anonymous_code"": ""독수리-4082"", ""post_type"": ""trade_share"", ""title"": ""오늘 삼성전자 일부 매도했습니다."", ""like_count"": 0, ""unlike_count"": 1, ""score"": -1, ""author_badges"": []}, {""post_id"": 2514, ""anonymous_code"": ""돌고래-5489"", ""post_type"": ""trade_share"", ""title"": ""지정학적 리스크 해소, 삼성전자 2주 매수했습니다!"", ""like_count"": 0, ""unlike_count"": 0, ""score"": 0, ""author_badges"": []}, {""post_id"": 2515, ""anonymous_code"": ""펭귄-3788"", ""post_type"": ""analysis"", ""title"": ""삼성전자, 현재 상황과 향후 전망에 대한 생각"", ""like_count"": 8, ""unlike_count"": 0, ""score"": 8, ""author_badges"": []}, {""post_id"": 2516, ""anonymous_code"": ""사자-5895"", ""post_type"": ""trade_share"", ""title"": ""오늘 삼성전자 8주 매수했습니다!"", ""like_count"": 0, ""unlike_count"": 0, ""score"": 0, ""author_badges"": [""상위 수익자"", ""자산가""]}, {""post_id"": 2518, ""anonymous_code"": ""코끼리-2877"", ""post_type"": ""trade_share"", ""title"": ""오늘 삼성전자 전량 매도했습니다."", ""like_count"": 0, ""unlike_count"": 2, ""score"": -2, ""author_badges"": [""커뮤니티 인플루언서""]}, {""post_id"": 2519, ""anonymous_code"": ""사자-8665"", ""post_type"": ""trade_share"", ""title"": ""오늘 삼성전자 추가 매수했습니다!"", ""like_count"": 0, ""unlike_count"": 0, ""score"": 0, ""author_badges"": [""커뮤니티 인플루언서""]}, {""post_id"": 2520, ""anonymous_code"": ""곰-1911"", ""post_type"": ""analysis"", ""title"": ""삼성전자: 펀더멘털 개선과 기술적 저항선"", ""like_count"": 3, ""unlike_count"": 0, ""score"": 3, ""author_badges"": []}, {""post_id"": 2521, ""anonymous_code"": ""곰-9761"", ""post_type"": ""trade_share"", ""title"": ""오늘 삼성전자 매수했습니다!"", ""like_count"": 0, ""unlike_count"": 0, ""score"": 0, ""author_badges"": []}, {""post_id"": 2522, ""anonymous_code"": ""황소-8760"", ""post_type"": ""analysis"", ""title"": ""삼성전자, 단기 저항선 테스트 후 상승 기대"", ""like_count"": 1, ""unlike_count"": 1, ""score"": 0, ""author_badges"": []}, {""post_id"": 2523, ""anonymous_code"": ""독수리-8072"", ""post_type"": ""trade_share"", ""title"": ""오늘 삼성전자 추가 매수했습니다!"", ""like_count"": 0, ""unlike_count"": 0, ""score"": 0, ""author_badges"": [""상위 수익자"", ""자산가""]}, {""post_id"": 2524, ""anonymous_code"": ""돌고래-5159"", ""post_type"": ""analysis"", ""title"": ""삼성전자 기술적 저항선과 시장 상황 분석"", ""like_count"": 4, ""unlike_count"": 5, ""score"": -1, ""author_badges"": []}, {""post_id"": 2525, ""anonymous_code"": ""여우-2283"", ""post_type"": ""trade_share"", ""title"": ""오늘 삼성전자 추가 매수했습니다!"", ""like_count"": 0, ""unlike_count"": 0, ""score"": 0, ""author_badges"": []}, {""post_id"": 2526, ""anonymous_code"": ""늑대-4264"", ""post_type"": ""analysis"", ""title"": ""삼성전자 기술적 분석 및 향후 전망"", ""like_count"": 0, ""unlike_count"": 1, ""score"": -1, ""author_badges"": [""상위 수익자"", ""자산가"", ""커뮤니티 인플루언서""]}]"
chunk_001_2026-02-27_2026-03-06,2026-03-05,8,A017,2,10,19,"[2507, 2508, 2509, 2510, 2511, 2512, 2513, 2514, 2515, 2516, 2517, 2518, 2519, 2521, 2522, 2523, 2524, 2525, 2526]","[{""post_id"": 2507, ""anonymous_code"": ""호랑이-8886"", ""post_type"": ""analysis"", ""title"": ""삼성전자, 반등에도 불구하고 상승 지속성은 의문?"", ""like_count"": 9, ""unlike_count"": 0, ""score"": 9, ""author_badges"": []}, {""post_id"": 2508, ""anonymous_code"": ""곰-1801"", ""post_type"": ""trade_share"", ""title"": ""오늘 삼성전자 2주 매수했습니다!"", ""like_count"": 0, ""unlike_count"": 0, ""score"": 0, ""author_badges"": []}, {""post_id"": 2509, ""anonymous_code"": ""황소-9750"", ""post_type"": ""trade_share"", ""title"": ""오늘 삼성전자 2주 매수했습니다!"", ""like_count"": 0, ""unlike_count"": 0, ""score"": 0, ""author_badges"": []}, {""post_id"": 2510, ""anonymous_code"": ""코끼리-6457"", ""post_type"": ""trade_share"", ""title"": ""오늘 삼성전자 추가 매수했습니다!"", ""like_count"": 0, ""unlike_count"": 0, ""score"": 0, ""author_badges"": [""커뮤니티 인플루언서""]}, {""post_id"": 2511, ""anonymous_code"": ""늑대-8884"", ""post_type"": ""trade_share"", ""title"": ""오늘 삼성전자 추가 매수했습니다!"", ""like_count"": 0, ""unlike_count"": 0, ""score"": 0, ""author_badges"": [""상위 수익자"", ""자산가""]}, {""post_id"": 2512, ""anonymous_code"": ""여우-7933"", ""post_type"": ""trade_share"", ""title"": ""삼성전자 매수 거래 공유합니다!"", ""like_count"": 0, ""unlike_count"": 0, ""score"": 0, ""author_badges"": []}, {""post_id"": 2513, ""anonymous_code"": ""독수리-4082"", ""post_type"": ""trade_share"", ""title"": ""오늘 삼성전자 일부 매도했습니다."", ""like_count"": 0, ""unlike_count"": 1, ""score"": -1, ""author_badges"": []}, {""post_id"": 2514, ""anonymous_code"": ""돌고래-5489"", ""post_type"": ""trade_share"", ""title"": ""지정학적 리스크 해소, 삼성전자 2주 매수했습니다!"", ""like_count"": 0, ""unlike_count"": 0, ""score"": 0, ""author_badges"": []}, {""post_id"": 2515, ""anonymous_code"": ""펭귄-3788"", ""post_type"": ""analysis"", ""title"": ""삼성전자, 현재 상황과 향후 전망에 대한 생각"", ""like_count"": 9, ""unlike_count"": 0, ""score"": 9, ""author_badges"": []}, {""post_id"": 2516, ""anonymous_code"": ""사자-5895"", ""post_type"": ""trade_share"", ""title"": ""오늘 삼성전자 8주 매수했습니다!"", ""like_count"": 0, ""unlike_count"": 0, ""score"": 0, ""author_badges"": [""상위 수익자"", ""자산가""]}, {""post_id"": 2517, ""anonymous_code"": ""사자-5055"", ""post_type"": ""trade_share"", ""title"": ""오늘 삼성전자 추가 매수했습니다!"", ""like_count"": 0, ""unlike_count"": 0, ""score"": 0, ""author_badges"": []}, {""post_id"": 2518, ""anonymous_code"": ""코끼리-2877"", ""post_type"": ""trade_share"", ""title"": ""오늘 삼성전자 전량 매도했습니다."", ""like_count"": 0, ""unlike_count"": 2, ""score"": -2, ""author_badges"": [""커뮤니티 인플루언서""]}, {""post_id"": 2519, ""anonymous_code"": ""사자-8665"", ""post_type"": ""trade_share"", ""title"": ""오늘 삼성전자 추가 매수했습니다!"", ""like_count"": 0, ""unlike_count"": 0, ""score"": 0, ""author_badges"": [""커뮤니티 인플루언서""]}, {""post_id"": 2521, ""anonymous_code"": ""곰-9761"", ""post_type"": ""trade_share"", ""title"": ""오늘 삼성전자 매수했습니다!"", ""like_count"": 0, ""unlike_count"": 0, ""score"": 0, ""author_badges"": []}, {""post_id"": 2522, ""anonymous_code"": ""황소-8760"", ""post_type"": ""analysis"", ""title"": ""삼성전자, 단기 저항선 테스트 후 상승 기대"", ""like_count"": 1, ""unlike_count"": 1, ""score"": 0, ""author_badges"": []}, {""post_id"": 2523, ""anonymous_code"": ""독수리-8072"", ""post_type"": ""trade_share"", ""title"": ""오늘 삼성전자 추가 매수했습니다!"", ""like_count"": 0, ""unlike_count"": 0, ""score"": 0, ""author_badges"": [""상위 수익자"", ""자산가""]}, {""post_id"": 2524, ""anonymous_code"": ""돌고래-5159"", ""post_type"": ""analysis"", ""title"": ""삼성전자 기술적 저항선과 시장 상황 분석"", ""like_count"": 5, ""unlike_count"": 5, ""score"": 0, ""author_badges"": []}, {""post_id"": 2525, ""anonymous_code"": ""여우-2283"", ""post_type"": ""trade_share"", ""title"": ""오늘 삼성전자 추가 매수했습니다!"", ""like_count"": 0, ""unlike_count"": 0, ""score"": 0, ""author_badges"": []}, {""post_id"": 2526, ""anonymous_code"": ""늑대-4264"", ""post_type"": ""analysis"", ""title"": ""삼성전자 기술적 분석 및 향후 전망"", ""like_count"": 0, ""unlike_count"": 1, ""score"": -1, ""author_badges"": [""상위 수익자"", ""자산가"", ""커뮤니티 인플루언서""]}]"
chunk_001_2026-02-27_2026-03-06,2026-03-05,8,A019,1,5,19,"[2507, 2508, 2509, 2510, 2511, 2512, 2513, 2514, 2515, 2516, 2517, 2518, 2519, 2520, 2522, 2523, 2524, 2525, 2526]","[{""post_id"": 2507, ""anonymous_code"": ""호랑이-8886"", ""post_type"": ""analysis"", ""title"": ""삼성전자, 반등에도 불구하고 상승 지속성은 의문?"", ""like_count"": 10, ""unlike_count"": 0, ""score"": 10, ""author_badges"": []}, {""post_id"": 2508, ""anonymous_code"": ""곰-1801"", ""post_type"": ""trade_share"", ""title"": ""오늘 삼성전자 2주 매수했습니다!"", ""like_count"": 0, ""unlike_count"": 0, ""score"": 0, ""author_badges"": []}, {""post_id"": 2509, ""anonymous_code"": ""황소-9750"", ""post_type"": ""trade_share"", ""title"": ""오늘 삼성전자 2주 매수했습니다!"", ""like_count"": 0, ""unlike_count"": 0, ""score"": 0, ""author_badges"": []}, {""post_id"": 2510, ""anonymous_code"": ""코끼리-6457"", ""post_type"": ""trade_share"", ""title"": ""오늘 삼성전자 추가 매수했습니다!"", ""like_count"": 0, ""unlike_count"": 0, ""score"": 0, ""author_badges"": [""커뮤니티 인플루언서""]}, {""post_id"": 2511, ""anonymous_code"": ""늑대-8884"", ""post_type"": ""trade_share"", ""title"": ""오늘 삼성전자 추가 매수했습니다!"", ""like_count"": 0, ""unlike_count"": 0, ""score"": 0, ""author_badges"": [""상위 수익자"", ""자산가""]}, {""post_id"": 2512, ""anonymous_code"": ""여우-7933"", ""post_type"": ""trade_share"", ""title"": ""삼성전자 매수 거래 공유합니다!"", ""like_count"": 0, ""unlike_count"": 0, ""score"": 0, ""author_badges"": []}, {""post_id"": 2513, ""anonymous_code"": ""독수리-4082"", ""post_type"": ""trade_share"", ""title"": ""오늘 삼성전자 일부 매도했습니다."", ""like_count"": 0, ""unlike_count"": 1, ""score"": -1, ""author_badges"": []}, {""post_id"": 2514, ""anonymous_code"": ""돌고래-5489"", ""post_type"": ""trade_share"", ""title"": ""지정학적 리스크 해소, 삼성전자 2주 매수했습니다!"", ""like_count"": 0, ""unlike_count"": 0, ""score"": 0, ""author_badges"": []}, {""post_id"": 2515, ""anonymous_code"": ""펭귄-3788"", ""post_type"": ""analysis"", ""title"": ""삼성전자, 현재 상황과 향후 전망에 대한 생각"", ""like_count"": 10, ""unlike_count"": 0, ""score"": 10, ""author_badges"": []}, {""post_id"": 2516, ""anonymous_code"": ""사자-5895"", ""post_type"": ""trade_share"", ""title"": ""오늘 삼성전자 8주 매수했습니다!"", ""like_count"": 0, ""unlike_count"": 0, ""score"": 0, ""author_badges"": [""상위 수익자"", ""자산가""]}, {""post_id"": 2517, ""anonymous_code"": ""사자-5055"", ""post_type"": ""trade_share"", ""title"": ""오늘 삼성전자 추가 매수했습니다!"", ""like_count"": 0, ""unlike_count"": 0, ""score"": 0, ""author_badges"": []}, {""post_id"": 2518, ""anonymous_code"": ""코끼리-2877"", ""post_type"": ""trade_share"", ""title"": ""오늘 삼성전자 전량 매도했습니다."", ""like_count"": 0, ""unlike_count"": 2, ""score"": -2, ""author_badges"": [""커뮤니티 인플루언서""]}, {""post_id"": 2519, ""anonymous_code"": ""사자-8665"", ""post_type"": ""trade_share"", ""title"": ""오늘 삼성전자 추가 매수했습니다!"", ""like_count"": 0, ""unlike_count"": 0, ""score"": 0, ""author_badges"": [""커뮤니티 인플루언서""]}, {""post_id"": 2520, ""anonymous_code"": ""곰-1911"", ""post_type"": ""analysis"", ""title"": ""삼성전자: 펀더멘털 개선과 기술적 저항선"", ""like_count"": 3, ""unlike_count"": 2, ""score"": 1, ""author_badges"": []}, {""post_id"": 2522, ""anonymous_code"": ""황소-8760"", ""post_type"": ""analysis"", ""title"": ""삼성전자, 단기 저항선 테스트 후 상승 기대"", ""like_count"": 1, ""unlike_count"": 1, ""score"": 0, ""author_badges"": []}, {""post_id"": 2523, ""anonymous_code"": ""독수리-8072"", ""post_type"": ""trade_share"", ""title"": ""오늘 삼성전자 추가 매수했습니다!"", ""like_count"": 0, ""unlike_count"": 0, ""score"": 0, ""author_badges"": [""상위 수익자"", ""자산가""]}, {""post_id"": 2524, ""anonymous_code"": ""돌고래-5159"", ""post_type"": ""analysis"", ""title"": ""삼성전자 기술적 저항선과 시장 상황 분석"", ""like_count"": 6, ""unlike_count"": 5, ""score"": 1, ""author_badges"": []}, {""post_id"": 2525, ""anonymous_code"": ""여우-2283"", ""post_type"": ""trade_share"", ""title"": ""오늘 삼성전자 추가 매수했습니다!"", ""like_count"": 0, ""unlike_count"": 0, ""score"": 0, ""author_badges"": []}, {""post_id"": 2526, ""anonymous_code"": ""늑대-4264"", ""post_type"": ""analysis"", ""title"": ""삼성전자 기술적 분석 및 향후 전망"", ""like_count"": 0, ""unlike_count"": 1, ""score"": -1, ""author_badges"": [""상위 수익자"", ""자산가"", ""커뮤니티 인플루언서""]}]"
chunk_001_2026-02-27_2026-03-06,2026-03-05,8,A020,2,10,19,"[2507, 2508, 2509, 2510, 2511, 2512, 2513, 2514, 2515, 2516, 2517, 2518, 2519, 2520, 2521, 2523, 2524, 2525, 2526]","[{""post_id"": 2507, ""anonymous_code"": ""호랑이-8886"", ""post_type"": ""analysis"", ""title"": ""삼성전자, 반등에도 불구하고 상승 지속성은 의문?"", ""like_count"": 11, ""unlike_count"": 0, ""score"": 11, ""author_badges"": []}, {""post_id"": 2508, ""anonymous_code"": ""곰-1801"", ""post_type"": ""trade_share"", ""title"": ""오늘 삼성전자 2주 매수했습니다!"", ""like_count"": 0, ""unlike_count"": 0, ""score"": 0, ""author_badges"": []}, {""post_id"": 2509, ""anonymous_code"": ""황소-9750"", ""post_type"": ""trade_share"", ""title"": ""오늘 삼성전자 2주 매수했습니다!"", ""like_count"": 0, ""unlike_count"": 0, ""score"": 0, ""author_badges"": []}, {""post_id"": 2510, ""anonymous_code"": ""코끼리-6457"", ""post_type"": ""trade_share"", ""title"": ""오늘 삼성전자 추가 매수했습니다!"", ""like_count"": 0, ""unlike_count"": 0, ""score"": 0, ""author_badges"": [""커뮤니티 인플루언서""]}, {""post_id"": 2511, ""anonymous_code"": ""늑대-8884"", ""post_type"": ""trade_share"", ""title"": ""오늘 삼성전자 추가 매수했습니다!"", ""like_count"": 0, ""unlike_count"": 0, ""score"": 0, ""author_badges"": [""상위 수익자"", ""자산가""]}, {""post_id"": 2512, ""anonymous_code"": ""여우-7933"", ""post_type"": ""trade_share"", ""title"": ""삼성전자 매수 거래 공유합니다!"", ""like_count"": 0, ""unlike_count"": 0, ""score"": 0, ""author_badges"": []}, {""post_id"": 2513, ""anonymous_code"": ""독수리-4082"", ""post_type"": ""trade_share"", ""title"": ""오늘 삼성전자 일부 매도했습니다."", ""like_count"": 0, ""unlike_count"": 1, ""score"": -1, ""author_badges"": []}, {""post_id"": 2514, ""anonymous_code"": ""돌고래-5489"", ""post_type"": ""trade_share"", ""title"": ""지정학적 리스크 해소, 삼성전자 2주 매수했습니다!"", ""like_count"": 0, ""unlike_count"": 0, ""score"": 0, ""author_badges"": []}, {""post_id"": 2515, ""anonymous_code"": ""펭귄-3788"", ""post_type"": ""analysis"", ""title"": ""삼성전자, 현재 상황과 향후 전망에 대한 생각"", ""like_count"": 11, ""unlike_count"": 0, ""score"": 11, ""author_badges"": []}, {""post_id"": 2516, ""anonymous_code"": ""사자-5895"", ""post_type"": ""trade_share"", ""title"": ""오늘 삼성전자 8주 매수했습니다!"", ""like_count"": 0, ""unlike_count"": 0, ""score"": 0, ""author_badges"": [""상위 수익자"", ""자산가""]}, {""post_id"": 2517, ""anonymous_code"": ""사자-5055"", ""post_type"": ""trade_share"", ""title"": ""오늘 삼성전자 추가 매수했습니다!"", ""like_count"": 0, ""unlike_count"": 0, ""score"": 0, ""author_badges"": []}, {""post_id"": 2518, ""anonymous_code"": ""코끼리-2877"", ""post_type"": ""trade_share"", ""title"": ""오늘 삼성전자 전량 매도했습니다."", ""like_count"": 0, ""unlike_count"": 2, ""score"": -2, ""author_badges"": [""커뮤니티 인플루언서""]}, {""post_id"": 2519, ""anonymous_code"": ""사자-8665"", ""post_type"": ""trade_share"", ""title"": ""오늘 삼성전자 추가 매수했습니다!"", ""like_count"": 0, ""unlike_count"": 0, ""score"": 0, ""author_badges"": [""커뮤니티 인플루언서""]}, {""post_id"": 2520, ""anonymous_code"": ""곰-1911"", ""post_type"": ""analysis"", ""title"": ""삼성전자: 펀더멘털 개선과 기술적 저항선"", ""like_count"": 3, ""unlike_count"": 2, ""score"": 1, ""author_badges"": []}, {""post_id"": 2521, ""anonymous_code"": ""곰-9761"", ""post_type"": ""trade_share"", ""title"": ""오늘 삼성전자 매수했습니다!"", ""like_count"": 0, ""unlike_count"": 0, ""score"": 0, ""author_badges"": []}, {""post_id"": 2523, ""anonymous_code"": ""독수리-8072"", ""post_type"": ""trade_share"", ""title"": ""오늘 삼성전자 추가 매수했습니다!"", ""like_count"": 0, ""unlike_count"": 0, ""score"": 0, ""author_badges"": [""상위 수익자"", ""자산가""]}, {""post_id"": 2524, ""anonymous_code"": ""돌고래-5159"", ""post_type"": ""analysis"", ""title"": ""삼성전자 기술적 저항선과 시장 상황 분석"", ""like_count"": 7, ""unlike_count"": 5, ""score"": 2, ""author_badges"": []}, {""post_id"": 2525, ""anonymous_code"": ""여우-2283"", ""post_type"": ""trade_share"", ""title"": ""오늘 삼성전자 추가 매수했습니다!"", ""like_count"": 0, ""unlike_count"": 0, ""score"": 0, ""author_badges"": []}, {""post_id"": 2526, ""anonymous_code"": ""늑대-4264"", ""post_type"": ""analysis"", ""title"": ""삼성전자 기술적 분석 및 향후 전망"", ""like_count"": 0, ""unlike_count"": 1, ""score"": -1, ""author_badges"": [""상위 수익자"", ""자산가"", ""커뮤니티 인플루언서""]}]"
chunk_001_2026-02-27_2026-03-06,2026-03-05,8,A022,1,5,19,"[2507, 2508, 2509, 2510, 2511, 2512, 2513, 2514, 2515, 2516, 2517, 2518, 2519, 2520, 2521, 2522, 2523, 2525, 2526]","[{""post_id"": 2507, ""anonymous_code"": ""호랑이-8886"", ""post_type"": ""analysis"", ""title"": ""삼성전자, 반등에도 불구하고 상승 지속성은 의문?"", ""like_count"": 12, ""unlike_count"": 0, ""score"": 12, ""author_badges"": []}, {""post_id"": 2508, ""anonymous_code"": ""곰-1801"", ""post_type"": ""trade_share"", ""title"": ""오늘 삼성전자 2주 매수했습니다!"", ""like_count"": 0, ""unlike_count"": 0, ""score"": 0, ""author_badges"": []}, {""post_id"": 2509, ""anonymous_code"": ""황소-9750"", ""post_type"": ""trade_share"", ""title"": ""오늘 삼성전자 2주 매수했습니다!"", ""like_count"": 0, ""unlike_count"": 0, ""score"": 0, ""author_badges"": []}, {""post_id"": 2510, ""anonymous_code"": ""코끼리-6457"", ""post_type"": ""trade_share"", ""title"": ""오늘 삼성전자 추가 매수했습니다!"", ""like_count"": 0, ""unlike_count"": 0, ""score"": 0, ""author_badges"": [""커뮤니티 인플루언서""]}, {""post_id"": 2511, ""anonymous_code"": ""늑대-8884"", ""post_type"": ""trade_share"", ""title"": ""오늘 삼성전자 추가 매수했습니다!"", ""like_count"": 0, ""unlike_count"": 0, ""score"": 0, ""author_badges"": [""상위 수익자"", ""자산가""]}, {""post_id"": 2512, ""anonymous_code"": ""여우-7933"", ""post_type"": ""trade_share"", ""title"": ""삼성전자 매수 거래 공유합니다!"", ""like_count"": 0, ""unlike_count"": 0, ""score"": 0, ""author_badges"": []}, {""post_id"": 2513, ""anonymous_code"": ""독수리-4082"", ""post_type"": ""trade_share"", ""title"": ""오늘 삼성전자 일부 매도했습니다."", ""like_count"": 0, ""unlike_count"": 1, ""score"": -1, ""author_badges"": []}, {""post_id"": 2514, ""anonymous_code"": ""돌고래-5489"", ""post_type"": ""trade_share"", ""title"": ""지정학적 리스크 해소, 삼성전자 2주 매수했습니다!"", ""like_count"": 0, ""unlike_count"": 0, ""score"": 0, ""author_badges"": []}, {""post_id"": 2515, ""anonymous_code"": ""펭귄-3788"", ""post_type"": ""analysis"", ""title"": ""삼성전자, 현재 상황과 향후 전망에 대한 생각"", ""like_count"": 12, ""unlike_count"": 0, ""score"": 12, ""author_badges"": []}, {""post_id"": 2516, ""anonymous_code"": ""사자-5895"", ""post_type"": ""trade_share"", ""title"": ""오늘 삼성전자 8주 매수했습니다!"", ""like_count"": 0, ""unlike_count"": 0, ""score"": 0, ""author_badges"": [""상위 수익자"", ""자산가""]}, {""post_id"": 2517, ""anonymous_code"": ""사자-5055"", ""post_type"": ""trade_share"", ""title"": ""오늘 삼성전자 추가 매수했습니다!"", ""like_count"": 0, ""unlike_count"": 0, ""score"": 0, ""author_badges"": []}, {""post_id"": 2518, ""anonymous_code"": ""코끼리-2877"", ""post_type"": ""trade_share"", ""title"": ""오늘 삼성전자 전량 매도했습니다."", ""like_count"": 0, ""unlike_count"": 2, ""score"": -2, ""author_badges"": [""커뮤니티 인플루언서""]}, {""post_id"": 2519, ""anonymous_code"": ""사자-8665"", ""post_type"": ""trade_share"", ""title"": ""오늘 삼성전자 추가 매수했습니다!"", ""like_count"": 0, ""unlike_count"": 0, ""score"": 0, ""author_badges"": [""커뮤니티 인플루언서""]}, {""post_id"": 2520, ""anonymous_code"": ""곰-1911"", ""post_type"": ""analysis"", ""title"": ""삼성전자: 펀더멘털 개선과 기술적 저항선"", ""like_count"": 3, ""unlike_count"": 3, ""score"": 0, ""author_badges"": []}, {""post_id"": 2521, ""anonymous_code"": ""곰-9761"", ""post_type"": ""trade_share"", ""title"": ""오늘 삼성전자 매수했습니다!"", ""like_count"": 0, ""unlike_count"": 0, ""score"": 0, ""author_badges"": []}, {""post_id"": 2522, ""anonymous_code"": ""황소-8760"", ""post_type"": ""analysis"", ""title"": ""삼성전자, 단기 저항선 테스트 후 상승 기대"", ""like_count"": 1, ""unlike_count"": 2, ""score"": -1, ""author_badges"": []}, {""post_id"": 2523, ""anonymous_code"": ""독수리-8072"", ""post_type"": ""trade_share"", ""title"": ""오늘 삼성전자 추가 매수했습니다!"", ""like_count"": 0, ""unlike_count"": 0, ""score"": 0, ""author_badges"": [""상위 수익자"", ""자산가""]}, {""post_id"": 2525, ""anonymous_code"": ""여우-2283"", ""post_type"": ""trade_share"", ""title"": ""오늘 삼성전자 추가 매수했습니다!"", ""like_count"": 0, ""unlike_count"": 0, ""score"": 0, ""author_badges"": []}, {""post_id"": 2526, ""anonymous_code"": ""늑대-4264"", ""post_type"": ""analysis"", ""title"": ""삼성전자 기술적 분석 및 향후 전망"", ""like_count"": 0, ""unlike_count"": 2, ""score"": -2, ""author_badges"": [""상위 수익자"", ""자산가"", ""커뮤니티 인플루언서""]}]"
chunk_001_2026-02-27_2026-03-06,2026-03-05,8,A025,1,5,19,"[2507, 2508, 2509, 2510, 2511, 2512, 2513, 2514, 2515, 2516, 2517, 2518, 2519, 2520, 2521, 2522, 2524, 2525, 2526]","[{""post_id"": 2507, ""anonymous_code"": ""호랑이-8886"", ""post_type"": ""analysis"", ""title"": ""삼성전자, 반등에도 불구하고 상승 지속성은 의문?"", ""like_count"": 13, ""unlike_count"": 0, ""score"": 13, ""author_badges"": []}, {""post_id"": 2508, ""anonymous_code"": ""곰-1801"", ""post_type"": ""trade_share"", ""title"": ""오늘 삼성전자 2주 매수했습니다!"", ""like_count"": 0, ""unlike_count"": 0, ""score"": 0, ""author_badges"": []}, {""post_id"": 2509, ""anonymous_code"": ""황소-9750"", ""post_type"": ""trade_share"", ""title"": ""오늘 삼성전자 2주 매수했습니다!"", ""like_count"": 0, ""unlike_count"": 0, ""score"": 0, ""author_badges"": []}, {""post_id"": 2510, ""anonymous_code"": ""코끼리-6457"", ""post_type"": ""trade_share"", ""title"": ""오늘 삼성전자 추가 매수했습니다!"", ""like_count"": 0, ""unlike_count"": 0, ""score"": 0, ""author_badges"": [""커뮤니티 인플루언서""]}, {""post_id"": 2511, ""anonymous_code"": ""늑대-8884"", ""post_type"": ""trade_share"", ""title"": ""오늘 삼성전자 추가 매수했습니다!"", ""like_count"": 0, ""unlike_count"": 0, ""score"": 0, ""author_badges"": [""상위 수익자"", ""자산가""]}, {""post_id"": 2512, ""anonymous_code"": ""여우-7933"", ""post_type"": ""trade_share"", ""title"": ""삼성전자 매수 거래 공유합니다!"", ""like_count"": 0, ""unlike_count"": 0, ""score"": 0, ""author_badges"": []}, {""post_id"": 2513, ""anonymous_code"": ""독수리-4082"", ""post_type"": ""trade_share"", ""title"": ""오늘 삼성전자 일부 매도했습니다."", ""like_count"": 0, ""unlike_count"": 1, ""score"": -1, ""author_badges"": []}, {""post_id"": 2514, ""anonymous_code"": ""돌고래-5489"", ""post_type"": ""trade_share"", ""title"": ""지정학적 리스크 해소, 삼성전자 2주 매수했습니다!"", ""like_count"": 0, ""unlike_count"": 0, ""score"": 0, ""author_badges"": []}, {""post_id"": 2515, ""anonymous_code"": ""펭귄-3788"", ""post_type"": ""analysis"", ""title"": ""삼성전자, 현재 상황과 향후 전망에 대한 생각"", ""like_count"": 13, ""unlike_count"": 0, ""score"": 13, ""author_badges"": []}, {""post_id"": 2516, ""anonymous_code"": ""사자-5895"", ""post_type"": ""trade_share"", ""title"": ""오늘 삼성전자 8주 매수했습니다!"", ""like_count"": 0, ""unlike_count"": 0, ""score"": 0, ""author_badges"": [""상위 수익자"", ""자산가""]}, {""post_id"": 2517, ""anonymous_code"": ""사자-5055"", ""post_type"": ""trade_share"", ""title"": ""오늘 삼성전자 추가 매수했습니다!"", ""like_count"": 0, ""unlike_count"": 0, ""score"": 0, ""author_badges"": []}, {""post_id"": 2518, ""anonymous_code"": ""코끼리-2877"", ""post_type"": ""trade_share"", ""title"": ""오늘 삼성전자 전량 매도했습니다."", ""like_count"": 0, ""unlike_count"": 2, ""score"": -2, ""author_badges"": [""커뮤니티 인플루언서""]}, {""post_id"": 2519, ""anonymous_code"": ""사자-8665"", ""post_type"": ""trade_share"", ""title"": ""오늘 삼성전자 추가 매수했습니다!"", ""like_count"": 0, ""unlike_count"": 0, ""score"": 0, ""author_badges"": [""커뮤니티 인플루언서""]}, {""post_id"": 2520, ""anonymous_code"": ""곰-1911"", ""post_type"": ""analysis"", ""title"": ""삼성전자: 펀더멘털 개선과 기술적 저항선"", ""like_count"": 3, ""unlike_count"": 3, ""score"": 0, ""author_badges"": []}, {""post_id"": 2521, ""anonymous_code"": ""곰-9761"", ""post_type"": ""trade_share"", ""title"": ""오늘 삼성전자 매수했습니다!"", ""like_count"": 0, ""unlike_count"": 0, ""score"": 0, ""author_badges"": []}, {""post_id"": 2522, ""anonymous_code"": ""황소-8760"", ""post_type"": ""analysis"", ""title"": ""삼성전자, 단기 저항선 테스트 후 상승 기대"", ""like_count"": 1, ""unlike_count"": 2, ""score"": -1, ""author_badges"": []}, {""post_id"": 2524, ""anonymous_code"": ""돌고래-5159"", ""post_type"": ""analysis"", ""title"": ""삼성전자 기술적 저항선과 시장 상황 분석"", ""like_count"": 8, ""unlike_count"": 6, ""score"": 2, ""author_badges"": []}, {""post_id"": 2525, ""anonymous_code"": ""여우-2283"", ""post_type"": ""trade_share"", ""title"": ""오늘 삼성전자 추가 매수했습니다!"", ""like_count"": 0, ""unlike_count"": 0, ""score"": 0, ""author_badges"": []}, {""post_id"": 2526, ""anonymous_code"": ""늑대-4264"", ""post_type"": ""analysis"", ""title"": ""삼성전자 기술적 분석 및 향후 전망"", ""like_count"": 0, ""unlike_count"": 2, ""score"": -2, ""author_badges"": [""상위 수익자"", ""자산가"", ""커뮤니티 인플루언서""]}]"
chunk_001_2026-02-27_2026-03-06,2026-03-05,8,A026,1,5,19,"[2507, 2508, 2509, 2510, 2511, 2512, 2513, 2514, 2515, 2516, 2517, 2518, 2519, 2520, 2521, 2522, 2523, 2524, 2526]","[{""post_id"": 2507, ""anonymous_code"": ""호랑이-8886"", ""post_type"": ""analysis"", ""title"": ""삼성전자, 반등에도 불구하고 상승 지속성은 의문?"", ""like_count"": 14, ""unlike_count"": 0, ""score"": 14, ""author_badges"": []}, {""post_id"": 2508, ""anonymous_code"": ""곰-1801"", ""post_type"": ""trade_share"", ""title"": ""오늘 삼성전자 2주 매수했습니다!"", ""like_count"": 0, ""unlike_count"": 0, ""score"": 0, ""author_badges"": []}, {""post_id"": 2509, ""anonymous_code"": ""황소-9750"", ""post_type"": ""trade_share"", ""title"": ""오늘 삼성전자 2주 매수했습니다!"", ""like_count"": 0, ""unlike_count"": 0, ""score"": 0, ""author_badges"": []}, {""post_id"": 2510, ""anonymous_code"": ""코끼리-6457"", ""post_type"": ""trade_share"", ""title"": ""오늘 삼성전자 추가 매수했습니다!"", ""like_count"": 0, ""unlike_count"": 0, ""score"": 0, ""author_badges"": [""커뮤니티 인플루언서""]}, {""post_id"": 2511, ""anonymous_code"": ""늑대-8884"", ""post_type"": ""trade_share"", ""title"": ""오늘 삼성전자 추가 매수했습니다!"", ""like_count"": 0, ""unlike_count"": 0, ""score"": 0, ""author_badges"": [""상위 수익자"", ""자산가""]}, {""post_id"": 2512, ""anonymous_code"": ""여우-7933"", ""post_type"": ""trade_share"", ""title"": ""삼성전자 매수 거래 공유합니다!"", ""like_count"": 0, ""unlike_count"": 0, ""score"": 0, ""author_badges"": []}, {""post_id"": 2513, ""anonymous_code"": ""독수리-4082"", ""post_type"": ""trade_share"", ""title"": ""오늘 삼성전자 일부 매도했습니다."", ""like_count"": 0, ""unlike_count"": 1, ""score"": -1, ""author_badges"": []}, {""post_id"": 2514, ""anonymous_code"": ""돌고래-5489"", ""post_type"": ""trade_share"", ""title"": ""지정학적 리스크 해소, 삼성전자 2주 매수했습니다!"", ""like_count"": 0, ""unlike_count"": 0, ""score"": 0, ""author_badges"": []}, {""post_id"": 2515, ""anonymous_code"": ""펭귄-3788"", ""post_type"": ""analysis"", ""title"": ""삼성전자, 현재 상황과 향후 전망에 대한 생각"", ""like_count"": 14, ""unlike_count"": 0, ""score"": 14, ""author_badges"": []}, {""post_id"": 2516, ""anonymous_code"": ""사자-5895"", ""post_type"": ""trade_share"", ""title"": ""오늘 삼성전자 8주 매수했습니다!"", ""like_count"": 0, ""unlike_count"": 0, ""score"": 0, ""author_badges"": [""상위 수익자"", ""자산가""]}, {""post_id"": 2517, ""anonymous_code"": ""사자-5055"", ""post_type"": ""trade_share"", ""title"": ""오늘 삼성전자 추가 매수했습니다!"", ""like_count"": 0, ""unlike_count"": 0, ""score"": 0, ""author_badges"": []}, {""post_id"": 2518, ""anonymous_code"": ""코끼리-2877"", ""post_type"": ""trade_share"", ""title"": ""오늘 삼성전자 전량 매도했습니다."", ""like_count"": 0, ""unlike_count"": 2, ""score"": -2, ""author_badges"": [""커뮤니티 인플루언서""]}, {""post_id"": 2519, ""anonymous_code"": ""사자-8665"", ""post_type"": ""trade_share"", ""title"": ""오늘 삼성전자 추가 매수했습니다!"", ""like_count"": 0, ""unlike_count"": 0, ""score"": 0, ""author_badges"": [""커뮤니티 인플루언서""]}, {""post_id"": 2520, ""anonymous_code"": ""곰-1911"", ""post_type"": ""analysis"", ""title"": ""삼성전자: 펀더멘털 개선과 기술적 저항선"", ""like_count"": 3, ""unlike_count"": 3, ""score"": 0, ""author_badges"": []}, {""post_id"": 2521, ""anonymous_code"": ""곰-9761"", ""post_type"": ""trade_share"", ""title"": ""오늘 삼성전자 매수했습니다!"", ""like_count"": 0, ""unlike_count"": 0, ""score"": 0, ""author_badges"": []}, {""post_id"": 2522, ""anonymous_code"": ""황소-8760"", ""post_type"": ""analysis"", ""title"": ""삼성전자, 단기 저항선 테스트 후 상승 기대"", ""like_count"": 1, ""unlike_count"": 2, ""score"": -1, ""author_badges"": []}, {""post_id"": 2523, ""anonymous_code"": ""독수리-8072"", ""post_type"": ""trade_share"", ""title"": ""오늘 삼성전자 추가 매수했습니다!"", ""like_count"": 0, ""unlike_count"": 0, ""score"": 0, ""author_badges"": [""상위 수익자"", ""자산가""]}, {""post_id"": 2524, ""anonymous_code"": ""돌고래-5159"", ""post_type"": ""analysis"", ""title"": ""삼성전자 기술적 저항선과 시장 상황 분석"", ""like_count"": 9, ""unlike_count"": 6, ""score"": 3, ""author_badges"": []}, {""post_id"": 2526, ""anonymous_code"": ""늑대-4264"", ""post_type"": ""analysis"", ""title"": ""삼성전자 기술적 분석 및 향후 전망"", ""like_count"": 0, ""unlike_count"": 3, ""score"": -3, ""author_badges"": [""상위 수익자"", ""자산가"", ""커뮤니티 인플루언서""]}]"
chunk_001_2026-02-27_2026-03-06,2026-03-05,8,A027,1,5,19,"[2507, 2508, 2509, 2510, 2511, 2512, 2513, 2514, 2515, 2516, 2517, 2518, 2519, 2520, 2521, 2522, 2523, 2524, 2525]","[{""post_id"": 2507, ""anonymous_code"": ""호랑이-8886"", ""post_type"": ""analysis"", ""title"": ""삼성전자, 반등에도 불구하고 상승 지속성은 의문?"", ""like_count"": 15, ""unlike_count"": 0, ""score"": 15, ""author_badges"": []}, {""post_id"": 2508, ""anonymous_code"": ""곰-1801"", ""post_type"": ""trade_share"", ""title"": ""오늘 삼성전자 2주 매수했습니다!"", ""like_count"": 0, ""unlike_count"": 0, ""score"": 0, ""author_badges"": []}, {""post_id"": 2509, ""anonymous_code"": ""황소-9750"", ""post_type"": ""trade_share"", ""title"": ""오늘 삼성전자 2주 매수했습니다!"", ""like_count"": 0, ""unlike_count"": 0, ""score"": 0, ""author_badges"": []}, {""post_id"": 2510, ""anonymous_code"": ""코끼리-6457"", ""post_type"": ""trade_share"", ""title"": ""오늘 삼성전자 추가 매수했습니다!"", ""like_count"": 0, ""unlike_count"": 0, ""score"": 0, ""author_badges"": [""커뮤니티 인플루언서""]}, {""post_id"": 2511, ""anonymous_code"": ""늑대-8884"", ""post_type"": ""trade_share"", ""title"": ""오늘 삼성전자 추가 매수했습니다!"", ""like_count"": 0, ""unlike_count"": 0, ""score"": 0, ""author_badges"": [""상위 수익자"", ""자산가""]}, {""post_id"": 2512, ""anonymous_code"": ""여우-7933"", ""post_type"": ""trade_share"", ""title"": ""삼성전자 매수 거래 공유합니다!"", ""like_count"": 0, ""unlike_count"": 0, ""score"": 0, ""author_badges"": []}, {""post_id"": 2513, ""anonymous_code"": ""독수리-4082"", ""post_type"": ""trade_share"", ""title"": ""오늘 삼성전자 일부 매도했습니다."", ""like_count"": 0, ""unlike_count"": 1, ""score"": -1, ""author_badges"": []}, {""post_id"": 2514, ""anonymous_code"": ""돌고래-5489"", ""post_type"": ""trade_share"", ""title"": ""지정학적 리스크 해소, 삼성전자 2주 매수했습니다!"", ""like_count"": 0, ""unlike_count"": 0, ""score"": 0, ""author_badges"": []}, {""post_id"": 2515, ""anonymous_code"": ""펭귄-3788"", ""post_type"": ""analysis"", ""title"": ""삼성전자, 현재 상황과 향후 전망에 대한 생각"", ""like_count"": 15, ""unlike_count"": 0, ""score"": 15, ""author_badges"": []}, {""post_id"": 2516, ""anonymous_code"": ""사자-5895"", ""post_type"": ""trade_share"", ""title"": ""오늘 삼성전자 8주 매수했습니다!"", ""like_count"": 0, ""unlike_count"": 0, ""score"": 0, ""author_badges"": [""상위 수익자"", ""자산가""]}, {""post_id"": 2517, ""anonymous_code"": ""사자-5055"", ""post_type"": ""trade_share"", ""title"": ""오늘 삼성전자 추가 매수했습니다!"", ""like_count"": 0, ""unlike_count"": 0, ""score"": 0, ""author_badges"": []}, {""post_id"": 2518, ""anonymous_code"": ""코끼리-2877"", ""post_type"": ""trade_share"", ""title"": ""오늘 삼성전자 전량 매도했습니다."", ""like_count"": 0, ""unlike_count"": 2, ""score"": -2, ""author_badges"": [""커뮤니티 인플루언서""]}, {""post_id"": 2519, ""anonymous_code"": ""사자-8665"", ""post_type"": ""trade_share"", ""title"": ""오늘 삼성전자 추가 매수했습니다!"", ""like_count"": 0, ""unlike_count"": 0, ""score"": 0, ""author_badges"": [""커뮤니티 인플루언서""]}, {""post_id"": 2520, ""anonymous_code"": ""곰-1911"", ""post_type"": ""analysis"", ""title"": ""삼성전자: 펀더멘털 개선과 기술적 저항선"", ""like_count"": 4, ""unlike_count"": 3, ""score"": 1, ""author_badges"": []}, {""post_id"": 2521, ""anonymous_code"": ""곰-9761"", ""post_type"": ""trade_share"", ""title"": ""오늘 삼성전자 매수했습니다!"", ""like_count"": 0, ""unlike_count"": 0, ""score"": 0, ""author_badges"": []}, {""post_id"": 2522, ""anonymous_code"": ""황소-8760"", ""post_type"": ""analysis"", ""title"": ""삼성전자, 단기 저항선 테스트 후 상승 기대"", ""like_count"": 1, ""unlike_count"": 2, ""score"": -1, ""author_badges"": []}, {""post_id"": 2523, ""anonymous_code"": ""독수리-8072"", ""post_type"": ""trade_share"", ""title"": ""오늘 삼성전자 추가 매수했습니다!"", ""like_count"": 0, ""unlike_count"": 0, ""score"": 0, ""author_badges"": [""상위 수익자"", ""자산가""]}, {""post_id"": 2524, ""anonymous_code"": ""돌고래-5159"", ""post_type"": ""analysis"", ""title"": ""삼성전자 기술적 저항선과 시장 상황 분석"", ""like_count"": 9, ""unlike_count"": 7, ""score"": 2, ""author_badges"": []}, {""post_id"": 2525, ""anonymous_code"": ""여우-2283"", ""post_type"": ""trade_share"", ""title"": ""오늘 삼성전자 추가 매수했습니다!"", ""like_count"": 0, ""unlike_count"": 0, ""score"": 0, ""author_badges"": []}]"
chunk_001_2026-02-27_2026-03-06,2026-03-06,10,A001,1,5,19,"[2528, 2529, 2530, 2531, 2532, 2533, 2534, 2535, 2536, 2537, 2538, 2539, 2540, 2541, 2542, 2543, 2544, 2545, 2546]","[{""post_id"": 2528, ""anonymous_code"": ""코끼리-6457"", ""post_type"": ""trade_share"", ""title"": ""오늘 삼성전자 5주 매수했습니다!"", ""like_count"": 0, ""unlike_count"": 0, ""score"": 0, ""author_badges"": []}, {""post_id"": 2529, ""anonymous_code"": ""곰-1801"", ""post_type"": ""trade_share"", ""title"": ""오늘 삼성전자 소량 매수했습니다!"", ""like_count"": 0, ""unlike_count"": 0, ""score"": 0, ""author_badges"": []}, {""post_id"": 2530, ""anonymous_code"": ""황소-9750"", ""post_type"": ""trade_share"", ""title"": ""오늘 삼성전자 1주 매수했습니다!"", ""like_count"": 0, ""unlike_count"": 0, ""score"": 0, ""author_badges"": []}, {""post_id"": 2531, ""anonymous_code"": ""늑대-8884"", ""post_type"": ""analysis"", ""title"": ""삼성전자 기술적 분석과 펀더멘털 현황"", ""like_count"": 0, ""unlike_count"": 0, ""score"": 0, ""author_badges"": [""상위 수익자"", ""자산가""]}, {""post_id"": 2532, ""anonymous_code"": ""여우-7933"", ""post_type"": ""trade_share"", ""title"": ""오늘 삼성전자 추가 매수했습니다!"", ""like_count"": 0, ""unlike_count"": 0, ""score"": 0, ""author_badges"": []}, {""post_id"": 2533, ""anonymous_code"": ""독수리-4082"", ""post_type"": ""trade_share"", ""title"": ""삼성전자 추가 매수 완료!"", ""like_count"": 0, ""unlike_count"": 0, ""score"": 0, ""author_badges"": []}, {""post_id"": 2534, ""anonymous_code"": ""돌고래-5489"", ""post_type"": ""trade_share"", ""title"": ""삼성전자 1주 매수했습니다!"", ""like_count"": 0, ""unlike_count"": 0, ""score"": 0, ""author_badges"": []}, {""post_id"": 2535, ""anonymous_code"": ""사자-5895"", ""post_type"": ""trade_share"", ""title"": ""오늘 삼성전자 2주 매수했습니다!"", ""like_count"": 0, ""unlike_count"": 0, ""score"": 0, ""author_badges"": [""상위 수익자"", ""자산가""]}, {""post_id"": 2536, ""anonymous_code"": ""사자-8665"", ""post_type"": ""trade_share"", ""title"": ""[매수] 삼성전자 4주 추가 매수했습니다!"", ""like_count"": 0, ""unlike_count"": 0, ""score"": 0, ""author_badges"": [""커뮤니티 인플루언서""]}, {""post_id"": 2537, ""anonymous_code"": ""코끼리-2877"", ""post_type"": ""trade_share"", ""title"": ""오늘 삼성전자 매도 거래 공유합니다"", ""like_count"": 0, ""unlike_count"": 0, ""score"": 0, ""author_badges"": [""커뮤니티 인플루언서""]}, {""post_id"": 2538, ""anonymous_code"": ""사자-5055"", ""post_type"": ""trade_share"", ""title"": ""오늘 삼성전자 매수했습니다!"", ""like_count"": 0, ""unlike_count"": 0, ""score"": 0, ""author_badges"": []}, {""post_id"": 2539, ""anonymous_code"": ""곰-1911"", ""post_type"": ""trade_share"", ""title"": ""오늘 삼성전자 60주 매수했습니다!"", ""like_count"": 0, ""unlike_count"": 0, ""score"": 0, ""author_badges"": []}, {""post_id"": 2540, ""anonymous_code"": ""곰-9761"", ""post_type"": ""trade_share"", ""title"": ""오늘 삼성전자 1주 매수했습니다!"", ""like_count"": 0, ""unlike_count"": 0, ""score"": 0, ""author_badges"": []}, {""post_id"": 2541, ""anonymous_code"": ""펭귄-3788"", ""post_type"": ""analysis"", ""title"": ""삼성전자, 현금 관리 하의 보유 전략에 대한 고민"", ""like_count"": 0, ""unlike_count"": 0, ""score"": 0, ""author_badges"": []}, {""post_id"": 2542, ""anonymous_code"": ""돌고래-5159"", ""post_type"": ""trade_share"", ""title"": ""[매수] 삼성전자 50주 추가 매수했습니다!"", ""like_count"": 0, ""unlike_count"": 0, ""score"": 0, ""author_badges"": [""커뮤니티 인플루언서""]}, {""post_id"": 2543, ""anonymous_code"": ""황소-8760"", ""post_type"": ""analysis"", ""title"": ""갤럭시 S26과 반도체 슈퍼사이클, 삼성전자 매수 타이밍에 대한 고민"", ""like_count"": 0, ""unlike_count"": 0, ""score"": 0, ""author_badges"": []}, {""post_id"": 2544, ""anonymous_code"": ""독수리-8072"", ""post_type"": ""trade_share"", ""title"": ""오늘 삼성전자 매수했습니다!"", ""like_count"": 0, ""unlike_count"": 0, ""score"": 0, ""author_badges"": [""상위 수익자"", ""자산가""]}, {""post_id"": 2545, ""anonymous_code"": ""늑대-4264"", ""post_type"": ""trade_share"", ""title"": ""오늘 삼성전자 추가 매수했습니다!"", ""like_count"": 0, ""unlike_count"": 0, ""score"": 0, ""author_badges"": [""상위 수익자"", ""자산가""]}, {""post_id"": 2546, ""anonymous_code"": ""여우-2283"", ""post_type"": ""trade_share"", ""title"": ""오늘 삼성전자 추가 매수했습니다!"", ""like_count"": 0, ""unlike_count"": 0, ""score"": 0, ""author_badges"": []}]"
chunk_001_2026-02-27_2026-03-06,2026-03-06,10,A003,1,5,19,"[2527, 2528, 2530, 2531, 2532, 2533, 2534, 2535, 2536, 2537, 2538, 2539, 2540, 2541, 2542, 2543, 2544, 2545, 2546]","[{""post_id"": 2527, ""anonymous_code"": ""호랑이-8886"", ""post_type"": ""trade_share"", ""title"": ""오늘 삼성전자 매수했습니다!"", ""like_count"": 0, ""unlike_count"": 0, ""score"": 0, ""author_badges"": [""커뮤니티 인플루언서""]}, {""post_id"": 2528, ""anonymous_code"": ""코끼리-6457"", ""post_type"": ""trade_share"", ""title"": ""오늘 삼성전자 5주 매수했습니다!"", ""like_count"": 0, ""unlike_count"": 0, ""score"": 0, ""author_badges"": []}, {""post_id"": 2530, ""anonymous_code"": ""황소-9750"", ""post_type"": ""trade_share"", ""title"": ""오늘 삼성전자 1주 매수했습니다!"", ""like_count"": 0, ""unlike_count"": 0, ""score"": 0, ""author_badges"": []}, {""post_id"": 2531, ""anonymous_code"": ""늑대-8884"", ""post_type"": ""analysis"", ""title"": ""삼성전자 기술적 분석과 펀더멘털 현황"", ""like_count"": 0, ""unlike_count"": 0, ""score"": 0, ""author_badges"": [""상위 수익자"", ""자산가""]}, {""post_id"": 2532, ""anonymous_code"": ""여우-7933"", ""post_type"": ""trade_share"", ""title"": ""오늘 삼성전자 추가 매수했습니다!"", ""like_count"": 0, ""unlike_count"": 0, ""score"": 0, ""author_badges"": []}, {""post_id"": 2533, ""anonymous_code"": ""독수리-4082"", ""post_type"": ""trade_share"", ""title"": ""삼성전자 추가 매수 완료!"", ""like_count"": 0, ""unlike_count"": 0, ""score"": 0, ""author_badges"": []}, {""post_id"": 2534, ""anonymous_code"": ""돌고래-5489"", ""post_type"": ""trade_share"", ""title"": ""삼성전자 1주 매수했습니다!"", ""like_count"": 0, ""unlike_count"": 0, ""score"": 0, ""author_badges"": []}, {""post_id"": 2535, ""anonymous_code"": ""사자-5895"", ""post_type"": ""trade_share"", ""title"": ""오늘 삼성전자 2주 매수했습니다!"", ""like_count"": 0, ""unlike_count"": 0, ""score"": 0, ""author_badges"": [""상위 수익자"", ""자산가""]}, {""post_id"": 2536, ""anonymous_code"": ""사자-8665"", ""post_type"": ""trade_share"", ""title"": ""[매수] 삼성전자 4주 추가 매수했습니다!"", ""like_count"": 0, ""unlike_count"": 0, ""score"": 0, ""author_badges"": [""커뮤니티 인플루언서""]}, {""post_id"": 2537, ""anonymous_code"": ""코끼리-2877"", ""post_type"": ""trade_share"", ""title"": ""오늘 삼성전자 매도 거래 공유합니다"", ""like_count"": 0, ""unlike_count"": 0, ""score"": 0, ""author_badges"": [""커뮤니티 인플루언서""]}, {""post_id"": 2538, ""anonymous_code"": ""사자-5055"", ""post_type"": ""trade_share"", ""title"": ""오늘 삼성전자 매수했습니다!"", ""like_count"": 0, ""unlike_count"": 0, ""score"": 0, ""author_badges"": []}, {""post_id"": 2539, ""anonymous_code"": ""곰-1911"", ""post_type"": ""trade_share"", ""title"": ""오늘 삼성전자 60주 매수했습니다!"", ""like_count"": 0, ""unlike_count"": 0, ""score"": 0, ""author_badges"": []}, {""post_id"": 2540, ""anonymous_code"": ""곰-9761"", ""post_type"": ""trade_share"", ""title"": ""오늘 삼성전자 1주 매수했습니다!"", ""like_count"": 0, ""unlike_count"": 0, ""score"": 0, ""author_badges"": []}, {""post_id"": 2541, ""anonymous_code"": ""펭귄-3788"", ""post_type"": ""analysis"", ""title"": ""삼성전자, 현금 관리 하의 보유 전략에 대한 고민"", ""like_count"": 0, ""unlike_count"": 0, ""score"": 0, ""author_badges"": []}, {""post_id"": 2542, ""anonymous_code"": ""돌고래-5159"", ""post_type"": ""trade_share"", ""title"": ""[매수] 삼성전자 50주 추가 매수했습니다!"", ""like_count"": 0, ""unlike_count"": 0, ""score"": 0, ""author_badges"": [""커뮤니티 인플루언서""]}, {""post_id"": 2543, ""anonymous_code"": ""황소-8760"", ""post_type"": ""analysis"", ""title"": ""갤럭시 S26과 반도체 슈퍼사이클, 삼성전자 매수 타이밍에 대한 고민"", ""like_count"": 0, ""unlike_count"": 0, ""score"": 0, ""author_badges"": []}, {""post_id"": 2544, ""anonymous_code"": ""독수리-8072"", ""post_type"": ""trade_share"", ""title"": ""오늘 삼성전자 매수했습니다!"", ""like_count"": 0, ""unlike_count"": 0, ""score"": 0, ""author_badges"": [""상위 수익자"", ""자산가""]}, {""post_id"": 2545, ""anonymous_code"": ""늑대-4264"", ""post_type"": ""trade_share"", ""title"": ""오늘 삼성전자 추가 매수했습니다!"", ""like_count"": 0, ""unlike_count"": 0, ""score"": 0, ""author_badges"": [""상위 수익자"", ""자산가""]}, {""post_id"": 2546, ""anonymous_code"": ""여우-2283"", ""post_type"": ""trade_share"", ""title"": ""오늘 삼성전자 추가 매수했습니다!"", ""like_count"": 0, ""unlike_count"": 0, ""score"": 0, ""author_badges"": []}]"
chunk_001_2026-02-27_2026-03-06,2026-03-06,10,A004,1,5,19,"[2527, 2529, 2530, 2531, 2532, 2533, 2534, 2535, 2536, 2537, 2538, 2539, 2540, 2541, 2542, 2543, 2544, 2545, 2546]","[{""post_id"": 2527, ""anonymous_code"": ""호랑이-8886"", ""post_type"": ""trade_share"", ""title"": ""오늘 삼성전자 매수했습니다!"", ""like_count"": 0, ""unlike_count"": 0, ""score"": 0, ""author_badges"": [""커뮤니티 인플루언서""]}, {""post_id"": 2529, ""anonymous_code"": ""곰-1801"", ""post_type"": ""trade_share"", ""title"": ""오늘 삼성전자 소량 매수했습니다!"", ""like_count"": 0, ""unlike_count"": 0, ""score"": 0, ""author_badges"": []}, {""post_id"": 2530, ""anonymous_code"": ""황소-9750"", ""post_type"": ""trade_share"", ""title"": ""오늘 삼성전자 1주 매수했습니다!"", ""like_count"": 0, ""unlike_count"": 0, ""score"": 0, ""author_badges"": []}, {""post_id"": 2531, ""anonymous_code"": ""늑대-8884"", ""post_type"": ""analysis"", ""title"": ""삼성전자 기술적 분석과 펀더멘털 현황"", ""like_count"": 0, ""unlike_count"": 0, ""score"": 0, ""author_badges"": [""상위 수익자"", ""자산가""]}, {""post_id"": 2532, ""anonymous_code"": ""여우-7933"", ""post_type"": ""trade_share"", ""title"": ""오늘 삼성전자 추가 매수했습니다!"", ""like_count"": 0, ""unlike_count"": 0, ""score"": 0, ""author_badges"": []}, {""post_id"": 2533, ""anonymous_code"": ""독수리-4082"", ""post_type"": ""trade_share"", ""title"": ""삼성전자 추가 매수 완료!"", ""like_count"": 0, ""unlike_count"": 0, ""score"": 0, ""author_badges"": []}, {""post_id"": 2534, ""anonymous_code"": ""돌고래-5489"", ""post_type"": ""trade_share"", ""title"": ""삼성전자 1주 매수했습니다!"", ""like_count"": 0, ""unlike_count"": 0, ""score"": 0, ""author_badges"": []}, {""post_id"": 2535, ""anonymous_code"": ""사자-5895"", ""post_type"": ""trade_share"", ""title"": ""오늘 삼성전자 2주 매수했습니다!"", ""like_count"": 0, ""unlike_count"": 0, ""score"": 0, ""author_badges"": [""상위 수익자"", ""자산가""]}, {""post_id"": 2536, ""anonymous_code"": ""사자-8665"", ""post_type"": ""trade_share"", ""title"": ""[매수] 삼성전자 4주 추가 매수했습니다!"", ""like_count"": 0, ""unlike_count"": 0, ""score"": 0, ""author_badges"": [""커뮤니티 인플루언서""]}, {""post_id"": 2537, ""anonymous_code"": ""코끼리-2877"", ""post_type"": ""trade_share"", ""title"": ""오늘 삼성전자 매도 거래 공유합니다"", ""like_count"": 0, ""unlike_count"": 0, ""score"": 0, ""author_badges"": [""커뮤니티 인플루언서""]}, {""post_id"": 2538, ""anonymous_code"": ""사자-5055"", ""post_type"": ""trade_share"", ""title"": ""오늘 삼성전자 매수했습니다!"", ""like_count"": 0, ""unlike_count"": 0, ""score"": 0, ""author_badges"": []}, {""post_id"": 2539, ""anonymous_code"": ""곰-1911"", ""post_type"": ""trade_share"", ""title"": ""오늘 삼성전자 60주 매수했습니다!"", ""like_count"": 0, ""unlike_count"": 0, ""score"": 0, ""author_badges"": []}, {""post_id"": 2540, ""anonymous_code"": ""곰-9761"", ""post_type"": ""trade_share"", ""title"": ""오늘 삼성전자 1주 매수했습니다!"", ""like_count"": 0, ""unlike_count"": 0, ""score"": 0, ""author_badges"": []}, {""post_id"": 2541, ""anonymous_code"": ""펭귄-3788"", ""post_type"": ""analysis"", ""title"": ""삼성전자, 현금 관리 하의 보유 전략에 대한 고민"", ""like_count"": 0, ""unlike_count"": 0, ""score"": 0, ""author_badges"": []}, {""post_id"": 2542, ""anonymous_code"": ""돌고래-5159"", ""post_type"": ""trade_share"", ""title"": ""[매수] 삼성전자 50주 추가 매수했습니다!"", ""like_count"": 0, ""unlike_count"": 0, ""score"": 0, ""author_badges"": [""커뮤니티 인플루언서""]}, {""post_id"": 2543, ""anonymous_code"": ""황소-8760"", ""post_type"": ""analysis"", ""title"": ""갤럭시 S26과 반도체 슈퍼사이클, 삼성전자 매수 타이밍에 대한 고민"", ""like_count"": 0, ""unlike_count"": 0, ""score"": 0, ""author_badges"": []}, {""post_id"": 2544, ""anonymous_code"": ""독수리-8072"", ""post_type"": ""trade_share"", ""title"": ""오늘 삼성전자 매수했습니다!"", ""like_count"": 0, ""unlike_count"": 0, ""score"": 0, ""author_badges"": [""상위 수익자"", ""자산가""]}, {""post_id"": 2545, ""anonymous_code"": ""늑대-4264"", ""post_type"": ""trade_share"", ""title"": ""오늘 삼성전자 추가 매수했습니다!"", ""like_count"": 0, ""unlike_count"": 0, ""score"": 0, ""author_badges"": [""상위 수익자"", ""자산가""]}, {""post_id"": 2546, ""anonymous_code"": ""여우-2283"", ""post_type"": ""trade_share"", ""title"": ""오늘 삼성전자 추가 매수했습니다!"", ""like_count"": 0, ""unlike_count"": 0, ""score"": 0, ""author_badges"": []}]"
chunk_001_2026-02-27_2026-03-06,2026-03-06,10,A005,1,5,19,"[2527, 2528, 2529, 2531, 2532, 2533, 2534, 2535, 2536, 2537, 2538, 2539, 2540, 2541, 2542, 2543, 2544, 2545, 2546]","[{""post_id"": 2527, ""anonymous_code"": ""호랑이-8886"", ""post_type"": ""trade_share"", ""title"": ""오늘 삼성전자 매수했습니다!"", ""like_count"": 0, ""unlike_count"": 0, ""score"": 0, ""author_badges"": [""커뮤니티 인플루언서""]}, {""post_id"": 2528, ""anonymous_code"": ""코끼리-6457"", ""post_type"": ""trade_share"", ""title"": ""오늘 삼성전자 5주 매수했습니다!"", ""like_count"": 0, ""unlike_count"": 0, ""score"": 0, ""author_badges"": []}, {""post_id"": 2529, ""anonymous_code"": ""곰-1801"", ""post_type"": ""trade_share"", ""title"": ""오늘 삼성전자 소량 매수했습니다!"", ""like_count"": 0, ""unlike_count"": 0, ""score"": 0, ""author_badges"": []}, {""post_id"": 2531, ""anonymous_code"": ""늑대-8884"", ""post_type"": ""analysis"", ""title"": ""삼성전자 기술적 분석과 펀더멘털 현황"", ""like_count"": 0, ""unlike_count"": 0, ""score"": 0, ""author_badges"": [""상위 수익자"", ""자산가""]}, {""post_id"": 2532, ""anonymous_code"": ""여우-7933"", ""post_type"": ""trade_share"", ""title"": ""오늘 삼성전자 추가 매수했습니다!"", ""like_count"": 0, ""unlike_count"": 0, ""score"": 0, ""author_badges"": []}, {""post_id"": 2533, ""anonymous_code"": ""독수리-4082"", ""post_type"": ""trade_share"", ""title"": ""삼성전자 추가 매수 완료!"", ""like_count"": 0, ""unlike_count"": 0, ""score"": 0, ""author_badges"": []}, {""post_id"": 2534, ""anonymous_code"": ""돌고래-5489"", ""post_type"": ""trade_share"", ""title"": ""삼성전자 1주 매수했습니다!"", ""like_count"": 0, ""unlike_count"": 0, ""score"": 0, ""author_badges"": []}, {""post_id"": 2535, ""anonymous_code"": ""사자-5895"", ""post_type"": ""trade_share"", ""title"": ""오늘 삼성전자 2주 매수했습니다!"", ""like_count"": 0, ""unlike_count"": 0, ""score"": 0, ""author_badges"": [""상위 수익자"", ""자산가""]}, {""post_id"": 2536, ""anonymous_code"": ""사자-8665"", ""post_type"": ""trade_share"", ""title"": ""[매수] 삼성전자 4주 추가 매수했습니다!"", ""like_count"": 0, ""unlike_count"": 0, ""score"": 0, ""author_badges"": [""커뮤니티 인플루언서""]}, {""post_id"": 2537, ""anonymous_code"": ""코끼리-2877"", ""post_type"": ""trade_share"", ""title"": ""오늘 삼성전자 매도 거래 공유합니다"", ""like_count"": 0, ""unlike_count"": 0, ""score"": 0, ""author_badges"": [""커뮤니티 인플루언서""]}, {""post_id"": 2538, ""anonymous_code"": ""사자-5055"", ""post_type"": ""trade_share"", ""title"": ""오늘 삼성전자 매수했습니다!"", ""like_count"": 0, ""unlike_count"": 0, ""score"": 0, ""author_badges"": []}, {""post_id"": 2539, ""anonymous_code"": ""곰-1911"", ""post_type"": ""trade_share"", ""title"": ""오늘 삼성전자 60주 매수했습니다!"", ""like_count"": 0, ""unlike_count"": 0, ""score"": 0, ""author_badges"": []}, {""post_id"": 2540, ""anonymous_code"": ""곰-9761"", ""post_type"": ""trade_share"", ""title"": ""오늘 삼성전자 1주 매수했습니다!"", ""like_count"": 0, ""unlike_count"": 0, ""score"": 0, ""author_badges"": []}, {""post_id"": 2541, ""anonymous_code"": ""펭귄-3788"", ""post_type"": ""analysis"", ""title"": ""삼성전자, 현금 관리 하의 보유 전략에 대한 고민"", ""like_count"": 0, ""unlike_count"": 0, ""score"": 0, ""author_badges"": []}, {""post_id"": 2542, ""anonymous_code"": ""돌고래-5159"", ""post_type"": ""trade_share"", ""title"": ""[매수] 삼성전자 50주 추가 매수했습니다!"", ""like_count"": 0, ""unlike_count"": 0, ""score"": 0, ""author_badges"": [""커뮤니티 인플루언서""]}, {""post_id"": 2543, ""anonymous_code"": ""황소-8760"", ""post_type"": ""analysis"", ""title"": ""갤럭시 S26과 반도체 슈퍼사이클, 삼성전자 매수 타이밍에 대한 고민"", ""like_count"": 0, ""unlike_count"": 0, ""score"": 0, ""author_badges"": []}, {""post_id"": 2544, ""anonymous_code"": ""독수리-8072"", ""post_type"": ""trade_share"", ""title"": ""오늘 삼성전자 매수했습니다!"", ""like_count"": 0, ""unlike_count"": 0, ""score"": 0, ""author_badges"": [""상위 수익자"", ""자산가""]}, {""post_id"": 2545, ""anonymous_code"": ""늑대-4264"", ""post_type"": ""trade_share"", ""title"": ""오늘 삼성전자 추가 매수했습니다!"", ""like_count"": 0, ""unlike_count"": 0, ""score"": 0, ""author_badges"": [""상위 수익자"", ""자산가""]}, {""post_id"": 2546, ""anonymous_code"": ""여우-2283"", ""post_type"": ""trade_share"", ""title"": ""오늘 삼성전자 추가 매수했습니다!"", ""like_count"": 0, ""unlike_count"": 0, ""score"": 0, ""author_badges"": []}]"
chunk_001_2026-02-27_2026-03-06,2026-03-06,10,A006,1,5,19,"[2527, 2528, 2529, 2530, 2532, 2533, 2534, 2535, 2536, 2537, 2538, 2539, 2540, 2541, 2542, 2543, 2544, 2545, 2546]","[{""post_id"": 2527, ""anonymous_code"": ""호랑이-8886"", ""post_type"": ""trade_share"", ""title"": ""오늘 삼성전자 매수했습니다!"", ""like_count"": 0, ""unlike_count"": 1, ""score"": -1, ""author_badges"": [""커뮤니티 인플루언서""]}, {""post_id"": 2528, ""anonymous_code"": ""코끼리-6457"", ""post_type"": ""trade_share"", ""title"": ""오늘 삼성전자 5주 매수했습니다!"", ""like_count"": 0, ""unlike_count"": 0, ""score"": 0, ""author_badges"": []}, {""post_id"": 2529, ""anonymous_code"": ""곰-1801"", ""post_type"": ""trade_share"", ""title"": ""오늘 삼성전자 소량 매수했습니다!"", ""like_count"": 0, ""unlike_count"": 0, ""score"": 0, ""author_badges"": []}, {""post_id"": 2530, ""anonymous_code"": ""황소-9750"", ""post_type"": ""trade_share"", ""title"": ""오늘 삼성전자 1주 매수했습니다!"", ""like_count"": 0, ""unlike_count"": 0, ""score"": 0, ""author_badges"": []}, {""post_id"": 2532, ""anonymous_code"": ""여우-7933"", ""post_type"": ""trade_share"", ""title"": ""오늘 삼성전자 추가 매수했습니다!"", ""like_count"": 0, ""unlike_count"": 0, ""score"": 0, ""author_badges"": []}, {""post_id"": 2533, ""anonymous_code"": ""독수리-4082"", ""post_type"": ""trade_share"", ""title"": ""삼성전자 추가 매수 완료!"", ""like_count"": 0, ""unlike_count"": 0, ""score"": 0, ""author_badges"": []}, {""post_id"": 2534, ""anonymous_code"": ""돌고래-5489"", ""post_type"": ""trade_share"", ""title"": ""삼성전자 1주 매수했습니다!"", ""like_count"": 0, ""unlike_count"": 0, ""score"": 0, ""author_badges"": []}, {""post_id"": 2535, ""anonymous_code"": ""사자-5895"", ""post_type"": ""trade_share"", ""title"": ""오늘 삼성전자 2주 매수했습니다!"", ""like_count"": 0, ""unlike_count"": 0, ""score"": 0, ""author_badges"": [""상위 수익자"", ""자산가""]}, {""post_id"": 2536, ""anonymous_code"": ""사자-8665"", ""post_type"": ""trade_share"", ""title"": ""[매수] 삼성전자 4주 추가 매수했습니다!"", ""like_count"": 0, ""unlike_count"": 0, ""score"": 0, ""author_badges"": [""커뮤니티 인플루언서""]}, {""post_id"": 2537, ""anonymous_code"": ""코끼리-2877"", ""post_type"": ""trade_share"", ""title"": ""오늘 삼성전자 매도 거래 공유합니다"", ""like_count"": 1, ""unlike_count"": 0, ""score"": 1, ""author_badges"": [""커뮤니티 인플루언서""]}, {""post_id"": 2538, ""anonymous_code"": ""사자-5055"", ""post_type"": ""trade_share"", ""title"": ""오늘 삼성전자 매수했습니다!"", ""like_count"": 0, ""unlike_count"": 0, ""score"": 0, ""author_badges"": []}, {""post_id"": 2539, ""anonymous_code"": ""곰-1911"", ""post_type"": ""trade_share"", ""title"": ""오늘 삼성전자 60주 매수했습니다!"", ""like_count"": 0, ""unlike_count"": 0, ""score"": 0, ""author_badges"": []}, {""post_id"": 2540, ""anonymous_code"": ""곰-9761"", ""post_type"": ""trade_share"", ""title"": ""오늘 삼성전자 1주 매수했습니다!"", ""like_count"": 0, ""unlike_count"": 0, ""score"": 0, ""author_badges"": []}, {""post_id"": 2541, ""anonymous_code"": ""펭귄-3788"", ""post_type"": ""analysis"", ""title"": ""삼성전자, 현금 관리 하의 보유 전략에 대한 고민"", ""like_count"": 0, ""unlike_count"": 0, ""score"": 0, ""author_badges"": []}, {""post_id"": 2542, ""anonymous_code"": ""돌고래-5159"", ""post_type"": ""trade_share"", ""title"": ""[매수] 삼성전자 50주 추가 매수했습니다!"", ""like_count"": 0, ""unlike_count"": 0, ""score"": 0, ""author_badges"": [""커뮤니티 인플루언서""]}, {""post_id"": 2543, ""anonymous_code"": ""황소-8760"", ""post_type"": ""analysis"", ""title"": ""갤럭시 S26과 반도체 슈퍼사이클, 삼성전자 매수 타이밍에 대한 고민"", ""like_count"": 1, ""unlike_count"": 0, ""score"": 1, ""author_badges"": []}, {""post_id"": 2544, ""anonymous_code"": ""독수리-8072"", ""post_type"": ""trade_share"", ""title"": ""오늘 삼성전자 매수했습니다!"", ""like_count"": 0, ""unlike_count"": 0, ""score"": 0, ""author_badges"": [""상위 수익자"", ""자산가""]}, {""post_id"": 2545, ""anonymous_code"": ""늑대-4264"", ""post_type"": ""trade_share"", ""title"": ""오늘 삼성전자 추가 매수했습니다!"", ""like_count"": 0, ""unlike_count"": 0, ""score"": 0, ""author_badges"": [""상위 수익자"", ""자산가""]}, {""post_id"": 2546, ""anonymous_code"": ""여우-2283"", ""post_type"": ""trade_share"", ""title"": ""오늘 삼성전자 추가 매수했습니다!"", ""like_count"": 0, ""unlike_count"": 0, ""score"": 0, ""author_badges"": []}]"
chunk_001_2026-02-27_2026-03-06,2026-03-06,10,A007,2,10,19,"[2527, 2528, 2529, 2530, 2531, 2532, 2534, 2535, 2536, 2537, 2538, 2539, 2540, 2541, 2542, 2543, 2544, 2545, 2546]","[{""post_id"": 2527, ""anonymous_code"": ""호랑이-8886"", ""post_type"": ""trade_share"", ""title"": ""오늘 삼성전자 매수했습니다!"", ""like_count"": 0, ""unlike_count"": 1, ""score"": -1, ""author_badges"": [""커뮤니티 인플루언서""]}, {""post_id"": 2528, ""anonymous_code"": ""코끼리-6457"", ""post_type"": ""trade_share"", ""title"": ""오늘 삼성전자 5주 매수했습니다!"", ""like_count"": 0, ""unlike_count"": 1, ""score"": -1, ""author_badges"": []}, {""post_id"": 2529, ""anonymous_code"": ""곰-1801"", ""post_type"": ""trade_share"", ""title"": ""오늘 삼성전자 소량 매수했습니다!"", ""like_count"": 0, ""unlike_count"": 0, ""score"": 0, ""author_badges"": []}, {""post_id"": 2530, ""anonymous_code"": ""황소-9750"", ""post_type"": ""trade_share"", ""title"": ""오늘 삼성전자 1주 매수했습니다!"", ""like_count"": 0, ""unlike_count"": 0, ""score"": 0, ""author_badges"": []}, {""post_id"": 2531, ""anonymous_code"": ""늑대-8884"", ""post_type"": ""analysis"", ""title"": ""삼성전자 기술적 분석과 펀더멘털 현황"", ""like_count"": 1, ""unlike_count"": 0, ""score"": 1, ""author_badges"": [""상위 수익자"", ""자산가""]}, {""post_id"": 2532, ""anonymous_code"": ""여우-7933"", ""post_type"": ""trade_share"", ""title"": ""오늘 삼성전자 추가 매수했습니다!"", ""like_count"": 0, ""unlike_count"": 0, ""score"": 0, ""author_badges"": []}, {""post_id"": 2534, ""anonymous_code"": ""돌고래-5489"", ""post_type"": ""trade_share"", ""title"": ""삼성전자 1주 매수했습니다!"", ""like_count"": 0, ""unlike_count"": 0, ""score"": 0, ""author_badges"": []}, {""post_id"": 2535, ""anonymous_code"": ""사자-5895"", ""post_type"": ""trade_share"", ""title"": ""오늘 삼성전자 2주 매수했습니다!"", ""like_count"": 0, ""unlike_count"": 0, ""score"": 0, ""author_badges"": [""상위 수익자"", ""자산가""]}, {""post_id"": 2536, ""anonymous_code"": ""사자-8665"", ""post_type"": ""trade_share"", ""title"": ""[매수] 삼성전자 4주 추가 매수했습니다!"", ""like_count"": 0, ""unlike_count"": 0, ""score"": 0, ""author_badges"": [""커뮤니티 인플루언서""]}, {""post_id"": 2537, ""anonymous_code"": ""코끼리-2877"", ""post_type"": ""trade_share"", ""title"": ""오늘 삼성전자 매도 거래 공유합니다"", ""like_count"": 2, ""unlike_count"": 0, ""score"": 2, ""author_badges"": [""커뮤니티 인플루언서""]}, {""post_id"": 2538, ""anonymous_code"": ""사자-5055"", ""post_type"": ""trade_share"", ""title"": ""오늘 삼성전자 매수했습니다!"", ""like_count"": 0, ""unlike_count"": 0, ""score"": 0, ""author_badges"": []}, {""post_id"": 2539, ""anonymous_code"": ""곰-1911"", ""post_type"": ""trade_share"", ""title"": ""오늘 삼성전자 60주 매수했습니다!"", ""like_count"": 0, ""unlike_count"": 0, ""score"": 0, ""author_badges"": []}, {""post_id"": 2540, ""anonymous_code"": ""곰-9761"", ""post_type"": ""trade_share"", ""title"": ""오늘 삼성전자 1주 매수했습니다!"", ""like_count"": 0, ""unlike_count"": 0, ""score"": 0, ""author_badges"": []}, {""post_id"": 2541, ""anonymous_code"": ""펭귄-3788"", ""post_type"": ""analysis"", ""title"": ""삼성전자, 현금 관리 하의 보유 전략에 대한 고민"", ""like_count"": 0, ""unlike_count"": 0, ""score"": 0, ""author_badges"": []}, {""post_id"": 2542, ""anonymous_code"": ""돌고래-5159"", ""post_type"": ""trade_share"", ""title"": ""[매수] 삼성전자 50주 추가 매수했습니다!"", ""like_count"": 0, ""unlike_count"": 0, ""score"": 0, ""author_badges"": [""커뮤니티 인플루언서""]}, {""post_id"": 2543, ""anonymous_code"": ""황소-8760"", ""post_type"": ""analysis"", ""title"": ""갤럭시 S26과 반도체 슈퍼사이클, 삼성전자 매수 타이밍에 대한 고민"", ""like_count"": 1, ""unlike_count"": 1, ""score"": 0, ""author_badges"": []}, {""post_id"": 2544, ""anonymous_code"": ""독수리-8072"", ""post_type"": ""trade_share"", ""title"": ""오늘 삼성전자 매수했습니다!"", ""like_count"": 0, ""unlike_count"": 0, ""score"": 0, ""author_badges"": [""상위 수익자"", ""자산가""]}, {""post_id"": 2545, ""anonymous_code"": ""늑대-4264"", ""post_type"": ""trade_share"", ""title"": ""오늘 삼성전자 추가 매수했습니다!"", ""like_count"": 0, ""unlike_count"": 0, ""score"": 0, ""author_badges"": [""상위 수익자"", ""자산가""]}, {""post_id"": 2546, ""anonymous_code"": ""여우-2283"", ""post_type"": ""trade_share"", ""title"": ""오늘 삼성전자 추가 매수했습니다!"", ""like_count"": 0, ""unlike_count"": 0, ""score"": 0, ""author_badges"": []}]"
chunk_001_2026-02-27_2026-03-06,2026-03-06,10,A008,1,5,19,"[2527, 2528, 2529, 2530, 2531, 2533, 2534, 2535, 2536, 2537, 2538, 2539, 2540, 2541, 2542, 2543, 2544, 2545, 2546]","[{""post_id"": 2527, ""anonymous_code"": ""호랑이-8886"", ""post_type"": ""trade_share"", ""title"": ""오늘 삼성전자 매수했습니다!"", ""like_count"": 0, ""unlike_count"": 1, ""score"": -1, ""author_badges"": [""커뮤니티 인플루언서""]}, {""post_id"": 2528, ""anonymous_code"": ""코끼리-6457"", ""post_type"": ""trade_share"", ""title"": ""오늘 삼성전자 5주 매수했습니다!"", ""like_count"": 0, ""unlike_count"": 1, ""score"": -1, ""author_badges"": []}, {""post_id"": 2529, ""anonymous_code"": ""곰-1801"", ""post_type"": ""trade_share"", ""title"": ""오늘 삼성전자 소량 매수했습니다!"", ""like_count"": 0, ""unlike_count"": 0, ""score"": 0, ""author_badges"": []}, {""post_id"": 2530, ""anonymous_code"": ""황소-9750"", ""post_type"": ""trade_share"", ""title"": ""오늘 삼성전자 1주 매수했습니다!"", ""like_count"": 0, ""unlike_count"": 0, ""score"": 0, ""author_badges"": []}, {""post_id"": 2531, ""anonymous_code"": ""늑대-8884"", ""post_type"": ""analysis"", ""title"": ""삼성전자 기술적 분석과 펀더멘털 현황"", ""like_count"": 2, ""unlike_count"": 0, ""score"": 2, ""author_badges"": [""상위 수익자"", ""자산가""]}, {""post_id"": 2533, ""anonymous_code"": ""독수리-4082"", ""post_type"": ""trade_share"", ""title"": ""삼성전자 추가 매수 완료!"", ""like_count"": 0, ""unlike_count"": 0, ""score"": 0, ""author_badges"": []}, {""post_id"": 2534, ""anonymous_code"": ""돌고래-5489"", ""post_type"": ""trade_share"", ""title"": ""삼성전자 1주 매수했습니다!"", ""like_count"": 0, ""unlike_count"": 0, ""score"": 0, ""author_badges"": []}, {""post_id"": 2535, ""anonymous_code"": ""사자-5895"", ""post_type"": ""trade_share"", ""title"": ""오늘 삼성전자 2주 매수했습니다!"", ""like_count"": 0, ""unlike_count"": 0, ""score"": 0, ""author_badges"": [""상위 수익자"", ""자산가""]}, {""post_id"": 2536, ""anonymous_code"": ""사자-8665"", ""post_type"": ""trade_share"", ""title"": ""[매수] 삼성전자 4주 추가 매수했습니다!"", ""like_count"": 0, ""unlike_count"": 0, ""score"": 0, ""author_badges"": [""커뮤니티 인플루언서""]}, {""post_id"": 2537, ""anonymous_code"": ""코끼리-2877"", ""post_type"": ""trade_share"", ""title"": ""오늘 삼성전자 매도 거래 공유합니다"", ""like_count"": 3, ""unlike_count"": 0, ""score"": 3, ""author_badges"": [""커뮤니티 인플루언서""]}, {""post_id"": 2538, ""anonymous_code"": ""사자-5055"", ""post_type"": ""trade_share"", ""title"": ""오늘 삼성전자 매수했습니다!"", ""like_count"": 0, ""unlike_count"": 0, ""score"": 0, ""author_badges"": []}, {""post_id"": 2539, ""anonymous_code"": ""곰-1911"", ""post_type"": ""trade_share"", ""title"": ""오늘 삼성전자 60주 매수했습니다!"", ""like_count"": 0, ""unlike_count"": 0, ""score"": 0, ""author_badges"": []}, {""post_id"": 2540, ""anonymous_code"": ""곰-9761"", ""post_type"": ""trade_share"", ""title"": ""오늘 삼성전자 1주 매수했습니다!"", ""like_count"": 0, ""unlike_count"": 0, ""score"": 0, ""author_badges"": []}, {""post_id"": 2541, ""anonymous_code"": ""펭귄-3788"", ""post_type"": ""analysis"", ""title"": ""삼성전자, 현금 관리 하의 보유 전략에 대한 고민"", ""like_count"": 0, ""unlike_count"": 1, ""score"": -1, ""author_badges"": []}, {""post_id"": 2542, ""anonymous_code"": ""돌고래-5159"", ""post_type"": ""trade_share"", ""title"": ""[매수] 삼성전자 50주 추가 매수했습니다!"", ""like_count"": 0, ""unlike_count"": 0, ""score"": 0, ""author_badges"": [""커뮤니티 인플루언서""]}, {""post_id"": 2543, ""anonymous_code"": ""황소-8760"", ""post_type"": ""analysis"", ""title"": ""갤럭시 S26과 반도체 슈퍼사이클, 삼성전자 매수 타이밍에 대한 고민"", ""like_count"": 1, ""unlike_count"": 1, ""score"": 0, ""author_badges"": []}, {""post_id"": 2544, ""anonymous_code"": ""독수리-8072"", ""post_type"": ""trade_share"", ""title"": ""오늘 삼성전자 매수했습니다!"", ""like_count"": 0, ""unlike_count"": 0, ""score"": 0, ""author_badges"": [""상위 수익자"", ""자산가""]}, {""post_id"": 2545, ""anonymous_code"": ""늑대-4264"", ""post_type"": ""trade_share"", ""title"": ""오늘 삼성전자 추가 매수했습니다!"", ""like_count"": 0, ""unlike_count"": 0, ""score"": 0, ""author_badges"": [""상위 수익자"", ""자산가""]}, {""post_id"": 2546, ""anonymous_code"": ""여우-2283"", ""post_type"": ""trade_share"", ""title"": ""오늘 삼성전자 추가 매수했습니다!"", ""like_count"": 0, ""unlike_count"": 0, ""score"": 0, ""author_badges"": []}]"
chunk_001_2026-02-27_2026-03-06,2026-03-06,10,A010,1,5,19,"[2527, 2528, 2529, 2530, 2531, 2532, 2533, 2534, 2535, 2536, 2537, 2538, 2539, 2540, 2542, 2543, 2544, 2545, 2546]","[{""post_id"": 2527, ""anonymous_code"": ""호랑이-8886"", ""post_type"": ""trade_share"", ""title"": ""오늘 삼성전자 매수했습니다!"", ""like_count"": 0, ""unlike_count"": 1, ""score"": -1, ""author_badges"": [""커뮤니티 인플루언서""]}, {""post_id"": 2528, ""anonymous_code"": ""코끼리-6457"", ""post_type"": ""trade_share"", ""title"": ""오늘 삼성전자 5주 매수했습니다!"", ""like_count"": 0, ""unlike_count"": 1, ""score"": -1, ""author_badges"": []}, {""post_id"": 2529, ""anonymous_code"": ""곰-1801"", ""post_type"": ""trade_share"", ""title"": ""오늘 삼성전자 소량 매수했습니다!"", ""like_count"": 0, ""unlike_count"": 1, ""score"": -1, ""author_badges"": []}, {""post_id"": 2530, ""anonymous_code"": ""황소-9750"", ""post_type"": ""trade_share"", ""title"": ""오늘 삼성전자 1주 매수했습니다!"", ""like_count"": 0, ""unlike_count"": 0, ""score"": 0, ""author_badges"": []}, {""post_id"": 2531, ""anonymous_code"": ""늑대-8884"", ""post_type"": ""analysis"", ""title"": ""삼성전자 기술적 분석과 펀더멘털 현황"", ""like_count"": 3, ""unlike_count"": 0, ""score"": 3, ""author_badges"": [""상위 수익자"", ""자산가""]}, {""post_id"": 2532, ""anonymous_code"": ""여우-7933"", ""post_type"": ""trade_share"", ""title"": ""오늘 삼성전자 추가 매수했습니다!"", ""like_count"": 0, ""unlike_count"": 0, ""score"": 0, ""author_badges"": []}, {""post_id"": 2533, ""anonymous_code"": ""독수리-4082"", ""post_type"": ""trade_share"", ""title"": ""삼성전자 추가 매수 완료!"", ""like_count"": 0, ""unlike_count"": 0, ""score"": 0, ""author_badges"": []}, {""post_id"": 2534, ""anonymous_code"": ""돌고래-5489"", ""post_type"": ""trade_share"", ""title"": ""삼성전자 1주 매수했습니다!"", ""like_count"": 0, ""unlike_count"": 0, ""score"": 0, ""author_badges"": []}, {""post_id"": 2535, ""anonymous_code"": ""사자-5895"", ""post_type"": ""trade_share"", ""title"": ""오늘 삼성전자 2주 매수했습니다!"", ""like_count"": 0, ""unlike_count"": 0, ""score"": 0, ""author_badges"": [""상위 수익자"", ""자산가""]}, {""post_id"": 2536, ""anonymous_code"": ""사자-8665"", ""post_type"": ""trade_share"", ""title"": ""[매수] 삼성전자 4주 추가 매수했습니다!"", ""like_count"": 0, ""unlike_count"": 0, ""score"": 0, ""author_badges"": [""커뮤니티 인플루언서""]}, {""post_id"": 2537, ""anonymous_code"": ""코끼리-2877"", ""post_type"": ""trade_share"", ""title"": ""오늘 삼성전자 매도 거래 공유합니다"", ""like_count"": 4, ""unlike_count"": 0, ""score"": 4, ""author_badges"": [""커뮤니티 인플루언서""]}, {""post_id"": 2538, ""anonymous_code"": ""사자-5055"", ""post_type"": ""trade_share"", ""title"": ""오늘 삼성전자 매수했습니다!"", ""like_count"": 0, ""unlike_count"": 0, ""score"": 0, ""author_badges"": []}, {""post_id"": 2539, ""anonymous_code"": ""곰-1911"", ""post_type"": ""trade_share"", ""title"": ""오늘 삼성전자 60주 매수했습니다!"", ""like_count"": 0, ""unlike_count"": 0, ""score"": 0, ""author_badges"": []}, {""post_id"": 2540, ""anonymous_code"": ""곰-9761"", ""post_type"": ""trade_share"", ""title"": ""오늘 삼성전자 1주 매수했습니다!"", ""like_count"": 0, ""unlike_count"": 0, ""score"": 0, ""author_badges"": []}, {""post_id"": 2542, ""anonymous_code"": ""돌고래-5159"", ""post_type"": ""trade_share"", ""title"": ""[매수] 삼성전자 50주 추가 매수했습니다!"", ""like_count"": 0, ""unlike_count"": 0, ""score"": 0, ""author_badges"": [""커뮤니티 인플루언서""]}, {""post_id"": 2543, ""anonymous_code"": ""황소-8760"", ""post_type"": ""analysis"", ""title"": ""갤럭시 S26과 반도체 슈퍼사이클, 삼성전자 매수 타이밍에 대한 고민"", ""like_count"": 1, ""unlike_count"": 2, ""score"": -1, ""author_badges"": []}, {""post_id"": 2544, ""anonymous_code"": ""독수리-8072"", ""post_type"": ""trade_share"", ""title"": ""오늘 삼성전자 매수했습니다!"", ""like_count"": 0, ""unlike_count"": 0, ""score"": 0, ""author_badges"": [""상위 수익자"", ""자산가""]}, {""post_id"": 2545, ""anonymous_code"": ""늑대-4264"", ""post_type"": ""trade_share"", ""title"": ""오늘 삼성전자 추가 매수했습니다!"", ""like_count"": 0, ""unlike_count"": 0, ""score"": 0, ""author_badges"": [""상위 수익자"", ""자산가""]}, {""post_id"": 2546, ""anonymous_code"": ""여우-2283"", ""post_type"": ""trade_share"", ""title"": ""오늘 삼성전자 추가 매수했습니다!"", ""like_count"": 0, ""unlike_count"": 0, ""score"": 0, ""author_badges"": []}]"
chunk_001_2026-02-27_2026-03-06,2026-03-06,10,A011,1,5,19,"[2527, 2528, 2529, 2530, 2531, 2532, 2533, 2535, 2536, 2537, 2538, 2539, 2540, 2541, 2542, 2543, 2544, 2545, 2546]","[{""post_id"": 2527, ""anonymous_code"": ""호랑이-8886"", ""post_type"": ""trade_share"", ""title"": ""오늘 삼성전자 매수했습니다!"", ""like_count"": 0, ""unlike_count"": 1, ""score"": -1, ""author_badges"": [""커뮤니티 인플루언서""]}, {""post_id"": 2528, ""anonymous_code"": ""코끼리-6457"", ""post_type"": ""trade_share"", ""title"": ""오늘 삼성전자 5주 매수했습니다!"", ""like_count"": 0, ""unlike_count"": 1, ""score"": -1, ""author_badges"": []}, {""post_id"": 2529, ""anonymous_code"": ""곰-1801"", ""post_type"": ""trade_share"", ""title"": ""오늘 삼성전자 소량 매수했습니다!"", ""like_count"": 0, ""unlike_count"": 1, ""score"": -1, ""author_badges"": []}, {""post_id"": 2530, ""anonymous_code"": ""황소-9750"", ""post_type"": ""trade_share"", ""title"": ""오늘 삼성전자 1주 매수했습니다!"", ""like_count"": 0, ""unlike_count"": 0, ""score"": 0, ""author_badges"": []}, {""post_id"": 2531, ""anonymous_code"": ""늑대-8884"", ""post_type"": ""analysis"", ""title"": ""삼성전자 기술적 분석과 펀더멘털 현황"", ""like_count"": 4, ""unlike_count"": 0, ""score"": 4, ""author_badges"": [""상위 수익자"", ""자산가""]}, {""post_id"": 2532, ""anonymous_code"": ""여우-7933"", ""post_type"": ""trade_share"", ""title"": ""오늘 삼성전자 추가 매수했습니다!"", ""like_count"": 0, ""unlike_count"": 0, ""score"": 0, ""author_badges"": []}, {""post_id"": 2533, ""anonymous_code"": ""독수리-4082"", ""post_type"": ""trade_share"", ""title"": ""삼성전자 추가 매수 완료!"", ""like_count"": 0, ""unlike_count"": 0, ""score"": 0, ""author_badges"": []}, {""post_id"": 2535, ""anonymous_code"": ""사자-5895"", ""post_type"": ""trade_share"", ""title"": ""오늘 삼성전자 2주 매수했습니다!"", ""like_count"": 0, ""unlike_count"": 0, ""score"": 0, ""author_badges"": [""상위 수익자"", ""자산가""]}, {""post_id"": 2536, ""anonymous_code"": ""사자-8665"", ""post_type"": ""trade_share"", ""title"": ""[매수] 삼성전자 4주 추가 매수했습니다!"", ""like_count"": 0, ""unlike_count"": 0, ""score"": 0, ""author_badges"": [""커뮤니티 인플루언서""]}, {""post_id"": 2537, ""anonymous_code"": ""코끼리-2877"", ""post_type"": ""trade_share"", ""title"": ""오늘 삼성전자 매도 거래 공유합니다"", ""like_count"": 4, ""unlike_count"": 1, ""score"": 3, ""author_badges"": [""커뮤니티 인플루언서""]}, {""post_id"": 2538, ""anonymous_code"": ""사자-5055"", ""post_type"": ""trade_share"", ""title"": ""오늘 삼성전자 매수했습니다!"", ""like_count"": 0, ""unlike_count"": 0, ""score"": 0, ""author_badges"": []}, {""post_id"": 2539, ""anonymous_code"": ""곰-1911"", ""post_type"": ""trade_share"", ""title"": ""오늘 삼성전자 60주 매수했습니다!"", ""like_count"": 0, ""unlike_count"": 0, ""score"": 0, ""author_badges"": []}, {""post_id"": 2540, ""anonymous_code"": ""곰-9761"", ""post_type"": ""trade_share"", ""title"": ""오늘 삼성전자 1주 매수했습니다!"", ""like_count"": 0, ""unlike_count"": 0, ""score"": 0, ""author_badges"": []}, {""post_id"": 2541, ""anonymous_code"": ""펭귄-3788"", ""post_type"": ""analysis"", ""title"": ""삼성전자, 현금 관리 하의 보유 전략에 대한 고민"", ""like_count"": 1, ""unlike_count"": 1, ""score"": 0, ""author_badges"": []}, {""post_id"": 2542, ""anonymous_code"": ""돌고래-5159"", ""post_type"": ""trade_share"", ""title"": ""[매수] 삼성전자 50주 추가 매수했습니다!"", ""like_count"": 0, ""unlike_count"": 0, ""score"": 0, ""author_badges"": [""커뮤니티 인플루언서""]}, {""post_id"": 2543, ""anonymous_code"": ""황소-8760"", ""post_type"": ""analysis"", ""title"": ""갤럭시 S26과 반도체 슈퍼사이클, 삼성전자 매수 타이밍에 대한 고민"", ""like_count"": 1, ""unlike_count"": 2, ""score"": -1, ""author_badges"": []}, {""post_id"": 2544, ""anonymous_code"": ""독수리-8072"", ""post_type"": ""trade_share"", ""title"": ""오늘 삼성전자 매수했습니다!"", ""like_count"": 0, ""unlike_count"": 0, ""score"": 0, ""author_badges"": [""상위 수익자"", ""자산가""]}, {""post_id"": 2545, ""anonymous_code"": ""늑대-4264"", ""post_type"": ""trade_share"", ""title"": ""오늘 삼성전자 추가 매수했습니다!"", ""like_count"": 0, ""unlike_count"": 0, ""score"": 0, ""author_badges"": [""상위 수익자"", ""자산가""]}, {""post_id"": 2546, ""anonymous_code"": ""여우-2283"", ""post_type"": ""trade_share"", ""title"": ""오늘 삼성전자 추가 매수했습니다!"", ""like_count"": 0, ""unlike_count"": 0, ""score"": 0, ""author_badges"": []}]"
chunk_001_2026-02-27_2026-03-06,2026-03-06,10,A012,1,5,19,"[2527, 2528, 2529, 2530, 2531, 2532, 2533, 2534, 2535, 2537, 2538, 2539, 2540, 2541, 2542, 2543, 2544, 2545, 2546]","[{""post_id"": 2527, ""anonymous_code"": ""호랑이-8886"", ""post_type"": ""trade_share"", ""title"": ""오늘 삼성전자 매수했습니다!"", ""like_count"": 0, ""unlike_count"": 2, ""score"": -2, ""author_badges"": [""커뮤니티 인플루언서""]}, {""post_id"": 2528, ""anonymous_code"": ""코끼리-6457"", ""post_type"": ""trade_share"", ""title"": ""오늘 삼성전자 5주 매수했습니다!"", ""like_count"": 0, ""unlike_count"": 1, ""score"": -1, ""author_badges"": []}, {""post_id"": 2529, ""anonymous_code"": ""곰-1801"", ""post_type"": ""trade_share"", ""title"": ""오늘 삼성전자 소량 매수했습니다!"", ""like_count"": 0, ""unlike_count"": 1, ""score"": -1, ""author_badges"": []}, {""post_id"": 2530, ""anonymous_code"": ""황소-9750"", ""post_type"": ""trade_share"", ""title"": ""오늘 삼성전자 1주 매수했습니다!"", ""like_count"": 0, ""unlike_count"": 1, ""score"": -1, ""author_badges"": []}, {""post_id"": 2531, ""anonymous_code"": ""늑대-8884"", ""post_type"": ""analysis"", ""title"": ""삼성전자 기술적 분석과 펀더멘털 현황"", ""like_count"": 4, ""unlike_count"": 0, ""score"": 4, ""author_badges"": [""상위 수익자"", ""자산가""]}, {""post_id"": 2532, ""anonymous_code"": ""여우-7933"", ""post_type"": ""trade_share"", ""title"": ""오늘 삼성전자 추가 매수했습니다!"", ""like_count"": 0, ""unlike_count"": 0, ""score"": 0, ""author_badges"": []}, {""post_id"": 2533, ""anonymous_code"": ""독수리-4082"", ""post_type"": ""trade_share"", ""title"": ""삼성전자 추가 매수 완료!"", ""like_count"": 0, ""unlike_count"": 0, ""score"": 0, ""author_badges"": []}, {""post_id"": 2534, ""anonymous_code"": ""돌고래-5489"", ""post_type"": ""trade_share"", ""title"": ""삼성전자 1주 매수했습니다!"", ""like_count"": 0, ""unlike_count"": 0, ""score"": 0, ""author_badges"": []}, {""post_id"": 2535, ""anonymous_code"": ""사자-5895"", ""post_type"": ""trade_share"", ""title"": ""오늘 삼성전자 2주 매수했습니다!"", ""like_count"": 0, ""unlike_count"": 0, ""score"": 0, ""author_badges"": [""상위 수익자"", ""자산가""]}, {""post_id"": 2537, ""anonymous_code"": ""코끼리-2877"", ""post_type"": ""trade_share"", ""title"": ""오늘 삼성전자 매도 거래 공유합니다"", ""like_count"": 5, ""unlike_count"": 1, ""score"": 4, ""author_badges"": [""커뮤니티 인플루언서""]}, {""post_id"": 2538, ""anonymous_code"": ""사자-5055"", ""post_type"": ""trade_share"", ""title"": ""오늘 삼성전자 매수했습니다!"", ""like_count"": 0, ""unlike_count"": 0, ""score"": 0, ""author_badges"": []}, {""post_id"": 2539, ""anonymous_code"": ""곰-1911"", ""post_type"": ""trade_share"", ""title"": ""오늘 삼성전자 60주 매수했습니다!"", ""like_count"": 0, ""unlike_count"": 0, ""score"": 0, ""author_badges"": []}, {""post_id"": 2540, ""anonymous_code"": ""곰-9761"", ""post_type"": ""trade_share"", ""title"": ""오늘 삼성전자 1주 매수했습니다!"", ""like_count"": 0, ""unlike_count"": 0, ""score"": 0, ""author_badges"": []}, {""post_id"": 2541, ""anonymous_code"": ""펭귄-3788"", ""post_type"": ""analysis"", ""title"": ""삼성전자, 현금 관리 하의 보유 전략에 대한 고민"", ""like_count"": 2, ""unlike_count"": 1, ""score"": 1, ""author_badges"": []}, {""post_id"": 2542, ""anonymous_code"": ""돌고래-5159"", ""post_type"": ""trade_share"", ""title"": ""[매수] 삼성전자 50주 추가 매수했습니다!"", ""like_count"": 0, ""unlike_count"": 0, ""score"": 0, ""author_badges"": [""커뮤니티 인플루언서""]}, {""post_id"": 2543, ""anonymous_code"": ""황소-8760"", ""post_type"": ""analysis"", ""title"": ""갤럭시 S26과 반도체 슈퍼사이클, 삼성전자 매수 타이밍에 대한 고민"", ""like_count"": 2, ""unlike_count"": 2, ""score"": 0, ""author_badges"": []}, {""post_id"": 2544, ""anonymous_code"": ""독수리-8072"", ""post_type"": ""trade_share"", ""title"": ""오늘 삼성전자 매수했습니다!"", ""like_count"": 0, ""unlike_count"": 0, ""score"": 0, ""author_badges"": [""상위 수익자"", ""자산가""]}, {""post_id"": 2545, ""anonymous_code"": ""늑대-4264"", ""post_type"": ""trade_share"", ""title"": ""오늘 삼성전자 추가 매수했습니다!"", ""like_count"": 0, ""unlike_count"": 0, ""score"": 0, ""author_badges"": [""상위 수익자"", ""자산가""]}, {""post_id"": 2546, ""anonymous_code"": ""여우-2283"", ""post_type"": ""trade_share"", ""title"": ""오늘 삼성전자 추가 매수했습니다!"", ""like_count"": 0, ""unlike_count"": 0, ""score"": 0, ""author_badges"": []}]"
chunk_001_2026-02-27_2026-03-06,2026-03-06,10,A013,1,5,19,"[2527, 2528, 2529, 2530, 2531, 2532, 2533, 2534, 2536, 2537, 2538, 2539, 2540, 2541, 2542, 2543, 2544, 2545, 2546]","[{""post_id"": 2527, ""anonymous_code"": ""호랑이-8886"", ""post_type"": ""trade_share"", ""title"": ""오늘 삼성전자 매수했습니다!"", ""like_count"": 0, ""unlike_count"": 2, ""score"": -2, ""author_badges"": [""커뮤니티 인플루언서""]}, {""post_id"": 2528, ""anonymous_code"": ""코끼리-6457"", ""post_type"": ""trade_share"", ""title"": ""오늘 삼성전자 5주 매수했습니다!"", ""like_count"": 0, ""unlike_count"": 1, ""score"": -1, ""author_badges"": []}, {""post_id"": 2529, ""anonymous_code"": ""곰-1801"", ""post_type"": ""trade_share"", ""title"": ""오늘 삼성전자 소량 매수했습니다!"", ""like_count"": 0, ""unlike_count"": 1, ""score"": -1, ""author_badges"": []}, {""post_id"": 2530, ""anonymous_code"": ""황소-9750"", ""post_type"": ""trade_share"", ""title"": ""오늘 삼성전자 1주 매수했습니다!"", ""like_count"": 0, ""unlike_count"": 2, ""score"": -2, ""author_badges"": []}, {""post_id"": 2531, ""anonymous_code"": ""늑대-8884"", ""post_type"": ""analysis"", ""title"": ""삼성전자 기술적 분석과 펀더멘털 현황"", ""like_count"": 5, ""unlike_count"": 0, ""score"": 5, ""author_badges"": [""상위 수익자"", ""자산가""]}, {""post_id"": 2532, ""anonymous_code"": ""여우-7933"", ""post_type"": ""trade_share"", ""title"": ""오늘 삼성전자 추가 매수했습니다!"", ""like_count"": 0, ""unlike_count"": 0, ""score"": 0, ""author_badges"": []}, {""post_id"": 2533, ""anonymous_code"": ""독수리-4082"", ""post_type"": ""trade_share"", ""title"": ""삼성전자 추가 매수 완료!"", ""like_count"": 0, ""unlike_count"": 0, ""score"": 0, ""author_badges"": []}, {""post_id"": 2534, ""anonymous_code"": ""돌고래-5489"", ""post_type"": ""trade_share"", ""title"": ""삼성전자 1주 매수했습니다!"", ""like_count"": 0, ""unlike_count"": 0, ""score"": 0, ""author_badges"": []}, {""post_id"": 2536, ""anonymous_code"": ""사자-8665"", ""post_type"": ""trade_share"", ""title"": ""[매수] 삼성전자 4주 추가 매수했습니다!"", ""like_count"": 0, ""unlike_count"": 0, ""score"": 0, ""author_badges"": [""커뮤니티 인플루언서""]}, {""post_id"": 2537, ""anonymous_code"": ""코끼리-2877"", ""post_type"": ""trade_share"", ""title"": ""오늘 삼성전자 매도 거래 공유합니다"", ""like_count"": 6, ""unlike_count"": 1, ""score"": 5, ""author_badges"": [""커뮤니티 인플루언서""]}, {""post_id"": 2538, ""anonymous_code"": ""사자-5055"", ""post_type"": ""trade_share"", ""title"": ""오늘 삼성전자 매수했습니다!"", ""like_count"": 0, ""unlike_count"": 0, ""score"": 0, ""author_badges"": []}, {""post_id"": 2539, ""anonymous_code"": ""곰-1911"", ""post_type"": ""trade_share"", ""title"": ""오늘 삼성전자 60주 매수했습니다!"", ""like_count"": 0, ""unlike_count"": 0, ""score"": 0, ""author_badges"": []}, {""post_id"": 2540, ""anonymous_code"": ""곰-9761"", ""post_type"": ""trade_share"", ""title"": ""오늘 삼성전자 1주 매수했습니다!"", ""like_count"": 0, ""unlike_count"": 0, ""score"": 0, ""author_badges"": []}, {""post_id"": 2541, ""anonymous_code"": ""펭귄-3788"", ""post_type"": ""analysis"", ""title"": ""삼성전자, 현금 관리 하의 보유 전략에 대한 고민"", ""like_count"": 2, ""unlike_count"": 1, ""score"": 1, ""author_badges"": []}, {""post_id"": 2542, ""anonymous_code"": ""돌고래-5159"", ""post_type"": ""trade_share"", ""title"": ""[매수] 삼성전자 50주 추가 매수했습니다!"", ""like_count"": 0, ""unlike_count"": 0, ""score"": 0, ""author_badges"": [""커뮤니티 인플루언서""]}, {""post_id"": 2543, ""anonymous_code"": ""황소-8760"", ""post_type"": ""analysis"", ""title"": ""갤럭시 S26과 반도체 슈퍼사이클, 삼성전자 매수 타이밍에 대한 고민"", ""like_count"": 2, ""unlike_count"": 2, ""score"": 0, ""author_badges"": []}, {""post_id"": 2544, ""anonymous_code"": ""독수리-8072"", ""post_type"": ""trade_share"", ""title"": ""오늘 삼성전자 매수했습니다!"", ""like_count"": 0, ""unlike_count"": 0, ""score"": 0, ""author_badges"": [""상위 수익자"", ""자산가""]}, {""post_id"": 2545, ""anonymous_code"": ""늑대-4264"", ""post_type"": ""trade_share"", ""title"": ""오늘 삼성전자 추가 매수했습니다!"", ""like_count"": 0, ""unlike_count"": 0, ""score"": 0, ""author_badges"": [""상위 수익자"", ""자산가""]}, {""post_id"": 2546, ""anonymous_code"": ""여우-2283"", ""post_type"": ""trade_share"", ""title"": ""오늘 삼성전자 추가 매수했습니다!"", ""like_count"": 0, ""unlike_count"": 0, ""score"": 0, ""author_badges"": []}]"
chunk_001_2026-02-27_2026-03-06,2026-03-06,10,A014,1,5,19,"[2527, 2528, 2529, 2530, 2531, 2532, 2533, 2534, 2535, 2536, 2538, 2539, 2540, 2541, 2542, 2543, 2544, 2545, 2546]","[{""post_id"": 2527, ""anonymous_code"": ""호랑이-8886"", ""post_type"": ""trade_share"", ""title"": ""오늘 삼성전자 매수했습니다!"", ""like_count"": 0, ""unlike_count"": 2, ""score"": -2, ""author_badges"": [""커뮤니티 인플루언서""]}, {""post_id"": 2528, ""anonymous_code"": ""코끼리-6457"", ""post_type"": ""trade_share"", ""title"": ""오늘 삼성전자 5주 매수했습니다!"", ""like_count"": 0, ""unlike_count"": 1, ""score"": -1, ""author_badges"": []}, {""post_id"": 2529, ""anonymous_code"": ""곰-1801"", ""post_type"": ""trade_share"", ""title"": ""오늘 삼성전자 소량 매수했습니다!"", ""like_count"": 0, ""unlike_count"": 1, ""score"": -1, ""author_badges"": []}, {""post_id"": 2530, ""anonymous_code"": ""황소-9750"", ""post_type"": ""trade_share"", ""title"": ""오늘 삼성전자 1주 매수했습니다!"", ""like_count"": 0, ""unlike_count"": 2, ""score"": -2, ""author_badges"": []}, {""post_id"": 2531, ""anonymous_code"": ""늑대-8884"", ""post_type"": ""analysis"", ""title"": ""삼성전자 기술적 분석과 펀더멘털 현황"", ""like_count"": 6, ""unlike_count"": 0, ""score"": 6, ""author_badges"": [""상위 수익자"", ""자산가""]}, {""post_id"": 2532, ""anonymous_code"": ""여우-7933"", ""post_type"": ""trade_share"", ""title"": ""오늘 삼성전자 추가 매수했습니다!"", ""like_count"": 0, ""unlike_count"": 0, ""score"": 0, ""author_badges"": []}, {""post_id"": 2533, ""anonymous_code"": ""독수리-4082"", ""post_type"": ""trade_share"", ""title"": ""삼성전자 추가 매수 완료!"", ""like_count"": 0, ""unlike_count"": 0, ""score"": 0, ""author_badges"": []}, {""post_id"": 2534, ""anonymous_code"": ""돌고래-5489"", ""post_type"": ""trade_share"", ""title"": ""삼성전자 1주 매수했습니다!"", ""like_count"": 0, ""unlike_count"": 0, ""score"": 0, ""author_badges"": []}, {""post_id"": 2535, ""anonymous_code"": ""사자-5895"", ""post_type"": ""trade_share"", ""title"": ""오늘 삼성전자 2주 매수했습니다!"", ""like_count"": 0, ""unlike_count"": 0, ""score"": 0, ""author_badges"": [""상위 수익자"", ""자산가""]}, {""post_id"": 2536, ""anonymous_code"": ""사자-8665"", ""post_type"": ""trade_share"", ""title"": ""[매수] 삼성전자 4주 추가 매수했습니다!"", ""like_count"": 0, ""unlike_count"": 0, ""score"": 0, ""author_badges"": [""커뮤니티 인플루언서""]}, {""post_id"": 2538, ""anonymous_code"": ""사자-5055"", ""post_type"": ""trade_share"", ""title"": ""오늘 삼성전자 매수했습니다!"", ""like_count"": 0, ""unlike_count"": 0, ""score"": 0, ""author_badges"": []}, {""post_id"": 2539, ""anonymous_code"": ""곰-1911"", ""post_type"": ""trade_share"", ""title"": ""오늘 삼성전자 60주 매수했습니다!"", ""like_count"": 0, ""unlike_count"": 0, ""score"": 0, ""author_badges"": []}, {""post_id"": 2540, ""anonymous_code"": ""곰-9761"", ""post_type"": ""trade_share"", ""title"": ""오늘 삼성전자 1주 매수했습니다!"", ""like_count"": 0, ""unlike_count"": 0, ""score"": 0, ""author_badges"": []}, {""post_id"": 2541, ""anonymous_code"": ""펭귄-3788"", ""post_type"": ""analysis"", ""title"": ""삼성전자, 현금 관리 하의 보유 전략에 대한 고민"", ""like_count"": 2, ""unlike_count"": 1, ""score"": 1, ""author_badges"": []}, {""post_id"": 2542, ""anonymous_code"": ""돌고래-5159"", ""post_type"": ""trade_share"", ""title"": ""[매수] 삼성전자 50주 추가 매수했습니다!"", ""like_count"": 0, ""unlike_count"": 0, ""score"": 0, ""author_badges"": [""커뮤니티 인플루언서""]}, {""post_id"": 2543, ""anonymous_code"": ""황소-8760"", ""post_type"": ""analysis"", ""title"": ""갤럭시 S26과 반도체 슈퍼사이클, 삼성전자 매수 타이밍에 대한 고민"", ""like_count"": 3, ""unlike_count"": 2, ""score"": 1, ""author_badges"": []}, {""post_id"": 2544, ""anonymous_code"": ""독수리-8072"", ""post_type"": ""trade_share"", ""title"": ""오늘 삼성전자 매수했습니다!"", ""like_count"": 0, ""unlike_count"": 0, ""score"": 0, ""author_badges"": [""상위 수익자"", ""자산가""]}, {""post_id"": 2545, ""anonymous_code"": ""늑대-4264"", ""post_type"": ""trade_share"", ""title"": ""오늘 삼성전자 추가 매수했습니다!"", ""like_count"": 0, ""unlike_count"": 0, ""score"": 0, ""author_badges"": [""상위 수익자"", ""자산가""]}, {""post_id"": 2546, ""anonymous_code"": ""여우-2283"", ""post_type"": ""trade_share"", ""title"": ""오늘 삼성전자 추가 매수했습니다!"", ""like_count"": 0, ""unlike_count"": 0, ""score"": 0, ""author_badges"": []}]"
chunk_001_2026-02-27_2026-03-06,2026-03-06,10,A015,2,10,19,"[2527, 2528, 2529, 2530, 2531, 2532, 2533, 2534, 2535, 2536, 2537, 2539, 2540, 2541, 2542, 2543, 2544, 2545, 2546]","[{""post_id"": 2527, ""anonymous_code"": ""호랑이-8886"", ""post_type"": ""trade_share"", ""title"": ""오늘 삼성전자 매수했습니다!"", ""like_count"": 0, ""unlike_count"": 2, ""score"": -2, ""author_badges"": [""커뮤니티 인플루언서""]}, {""post_id"": 2528, ""anonymous_code"": ""코끼리-6457"", ""post_type"": ""trade_share"", ""title"": ""오늘 삼성전자 5주 매수했습니다!"", ""like_count"": 0, ""unlike_count"": 1, ""score"": -1, ""author_badges"": []}, {""post_id"": 2529, ""anonymous_code"": ""곰-1801"", ""post_type"": ""trade_share"", ""title"": ""오늘 삼성전자 소량 매수했습니다!"", ""like_count"": 0, ""unlike_count"": 1, ""score"": -1, ""author_badges"": []}, {""post_id"": 2530, ""anonymous_code"": ""황소-9750"", ""post_type"": ""trade_share"", ""title"": ""오늘 삼성전자 1주 매수했습니다!"", ""like_count"": 0, ""unlike_count"": 2, ""score"": -2, ""author_badges"": []}, {""post_id"": 2531, ""anonymous_code"": ""늑대-8884"", ""post_type"": ""analysis"", ""title"": ""삼성전자 기술적 분석과 펀더멘털 현황"", ""like_count"": 7, ""unlike_count"": 0, ""score"": 7, ""author_badges"": [""상위 수익자"", ""자산가""]}, {""post_id"": 2532, ""anonymous_code"": ""여우-7933"", ""post_type"": ""trade_share"", ""title"": ""오늘 삼성전자 추가 매수했습니다!"", ""like_count"": 0, ""unlike_count"": 0, ""score"": 0, ""author_badges"": []}, {""post_id"": 2533, ""anonymous_code"": ""독수리-4082"", ""post_type"": ""trade_share"", ""title"": ""삼성전자 추가 매수 완료!"", ""like_count"": 0, ""unlike_count"": 0, ""score"": 0, ""author_badges"": []}, {""post_id"": 2534, ""anonymous_code"": ""돌고래-5489"", ""post_type"": ""trade_share"", ""title"": ""삼성전자 1주 매수했습니다!"", ""like_count"": 0, ""unlike_count"": 0, ""score"": 0, ""author_badges"": []}, {""post_id"": 2535, ""anonymous_code"": ""사자-5895"", ""post_type"": ""trade_share"", ""title"": ""오늘 삼성전자 2주 매수했습니다!"", ""like_count"": 0, ""unlike_count"": 0, ""score"": 0, ""author_badges"": [""상위 수익자"", ""자산가""]}, {""post_id"": 2536, ""anonymous_code"": ""사자-8665"", ""post_type"": ""trade_share"", ""title"": ""[매수] 삼성전자 4주 추가 매수했습니다!"", ""like_count"": 0, ""unlike_count"": 0, ""score"": 0, ""author_badges"": [""커뮤니티 인플루언서""]}, {""post_id"": 2537, ""anonymous_code"": ""코끼리-2877"", ""post_type"": ""trade_share"", ""title"": ""오늘 삼성전자 매도 거래 공유합니다"", ""like_count"": 7, ""unlike_count"": 2, ""score"": 5, ""author_badges"": [""커뮤니티 인플루언서""]}, {""post_id"": 2539, ""anonymous_code"": ""곰-1911"", ""post_type"": ""trade_share"", ""title"": ""오늘 삼성전자 60주 매수했습니다!"", ""like_count"": 0, ""unlike_count"": 0, ""score"": 0, ""author_badges"": []}, {""post_id"": 2540, ""anonymous_code"": ""곰-9761"", ""post_type"": ""trade_share"", ""title"": ""오늘 삼성전자 1주 매수했습니다!"", ""like_count"": 0, ""unlike_count"": 0, ""score"": 0, ""author_badges"": []}, {""post_id"": 2541, ""anonymous_code"": ""펭귄-3788"", ""post_type"": ""analysis"", ""title"": ""삼성전자, 현금 관리 하의 보유 전략에 대한 고민"", ""like_count"": 2, ""unlike_count"": 1, ""score"": 1, ""author_badges"": []}, {""post_id"": 2542, ""anonymous_code"": ""돌고래-5159"", ""post_type"": ""trade_share"", ""title"": ""[매수] 삼성전자 50주 추가 매수했습니다!"", ""like_count"": 0, ""unlike_count"": 0, ""score"": 0, ""author_badges"": [""커뮤니티 인플루언서""]}, {""post_id"": 2543, ""anonymous_code"": ""황소-8760"", ""post_type"": ""analysis"", ""title"": ""갤럭시 S26과 반도체 슈퍼사이클, 삼성전자 매수 타이밍에 대한 고민"", ""like_count"": 3, ""unlike_count"": 3, ""score"": 0, ""author_badges"": []}, {""post_id"": 2544, ""anonymous_code"": ""독수리-8072"", ""post_type"": ""trade_share"", ""title"": ""오늘 삼성전자 매수했습니다!"", ""like_count"": 0, ""unlike_count"": 0, ""score"": 0, ""author_badges"": [""상위 수익자"", ""자산가""]}, {""post_id"": 2545, ""anonymous_code"": ""늑대-4264"", ""post_type"": ""trade_share"", ""title"": ""오늘 삼성전자 추가 매수했습니다!"", ""like_count"": 0, ""unlike_count"": 0, ""score"": 0, ""author_badges"": [""상위 수익자"", ""자산가""]}, {""post_id"": 2546, ""anonymous_code"": ""여우-2283"", ""post_type"": ""trade_share"", ""title"": ""오늘 삼성전자 추가 매수했습니다!"", ""like_count"": 0, ""unlike_count"": 0, ""score"": 0, ""author_badges"": []}]"
chunk_001_2026-02-27_2026-03-06,2026-03-06,10,A017,2,10,19,"[2527, 2528, 2529, 2530, 2531, 2532, 2533, 2534, 2535, 2536, 2537, 2538, 2540, 2541, 2542, 2543, 2544, 2545, 2546]","[{""post_id"": 2527, ""anonymous_code"": ""호랑이-8886"", ""post_type"": ""trade_share"", ""title"": ""오늘 삼성전자 매수했습니다!"", ""like_count"": 1, ""unlike_count"": 2, ""score"": -1, ""author_badges"": [""커뮤니티 인플루언서""]}, {""post_id"": 2528, ""anonymous_code"": ""코끼리-6457"", ""post_type"": ""trade_share"", ""title"": ""오늘 삼성전자 5주 매수했습니다!"", ""like_count"": 0, ""unlike_count"": 1, ""score"": -1, ""author_badges"": []}, {""post_id"": 2529, ""anonymous_code"": ""곰-1801"", ""post_type"": ""trade_share"", ""title"": ""오늘 삼성전자 소량 매수했습니다!"", ""like_count"": 0, ""unlike_count"": 1, ""score"": -1, ""author_badges"": []}, {""post_id"": 2530, ""anonymous_code"": ""황소-9750"", ""post_type"": ""trade_share"", ""title"": ""오늘 삼성전자 1주 매수했습니다!"", ""like_count"": 0, ""unlike_count"": 2, ""score"": -2, ""author_badges"": []}, {""post_id"": 2531, ""anonymous_code"": ""늑대-8884"", ""post_type"": ""analysis"", ""title"": ""삼성전자 기술적 분석과 펀더멘털 현황"", ""like_count"": 8, ""unlike_count"": 0, ""score"": 8, ""author_badges"": [""상위 수익자"", ""자산가""]}, {""post_id"": 2532, ""anonymous_code"": ""여우-7933"", ""post_type"": ""trade_share"", ""title"": ""오늘 삼성전자 추가 매수했습니다!"", ""like_count"": 0, ""unlike_count"": 0, ""score"": 0, ""author_badges"": []}, {""post_id"": 2533, ""anonymous_code"": ""독수리-4082"", ""post_type"": ""trade_share"", ""title"": ""삼성전자 추가 매수 완료!"", ""like_count"": 0, ""unlike_count"": 0, ""score"": 0, ""author_badges"": []}, {""post_id"": 2534, ""anonymous_code"": ""돌고래-5489"", ""post_type"": ""trade_share"", ""title"": ""삼성전자 1주 매수했습니다!"", ""like_count"": 0, ""unlike_count"": 0, ""score"": 0, ""author_badges"": []}, {""post_id"": 2535, ""anonymous_code"": ""사자-5895"", ""post_type"": ""trade_share"", ""title"": ""오늘 삼성전자 2주 매수했습니다!"", ""like_count"": 0, ""unlike_count"": 0, ""score"": 0, ""author_badges"": [""상위 수익자"", ""자산가""]}, {""post_id"": 2536, ""anonymous_code"": ""사자-8665"", ""post_type"": ""trade_share"", ""title"": ""[매수] 삼성전자 4주 추가 매수했습니다!"", ""like_count"": 0, ""unlike_count"": 0, ""score"": 0, ""author_badges"": [""커뮤니티 인플루언서""]}, {""post_id"": 2537, ""anonymous_code"": ""코끼리-2877"", ""post_type"": ""trade_share"", ""title"": ""오늘 삼성전자 매도 거래 공유합니다"", ""like_count"": 8, ""unlike_count"": 2, ""score"": 6, ""author_badges"": [""커뮤니티 인플루언서""]}, {""post_id"": 2538, ""anonymous_code"": ""사자-5055"", ""post_type"": ""trade_share"", ""title"": ""오늘 삼성전자 매수했습니다!"", ""like_count"": 0, ""unlike_count"": 0, ""score"": 0, ""author_badges"": []}, {""post_id"": 2540, ""anonymous_code"": ""곰-9761"", ""post_type"": ""trade_share"", ""title"": ""오늘 삼성전자 1주 매수했습니다!"", ""like_count"": 0, ""unlike_count"": 0, ""score"": 0, ""author_badges"": []}, {""post_id"": 2541, ""anonymous_code"": ""펭귄-3788"", ""post_type"": ""analysis"", ""title"": ""삼성전자, 현금 관리 하의 보유 전략에 대한 고민"", ""like_count"": 2, ""unlike_count"": 1, ""score"": 1, ""author_badges"": []}, {""post_id"": 2542, ""anonymous_code"": ""돌고래-5159"", ""post_type"": ""trade_share"", ""title"": ""[매수] 삼성전자 50주 추가 매수했습니다!"", ""like_count"": 0, ""unlike_count"": 0, ""score"": 0, ""author_badges"": [""커뮤니티 인플루언서""]}, {""post_id"": 2543, ""anonymous_code"": ""황소-8760"", ""post_type"": ""analysis"", ""title"": ""갤럭시 S26과 반도체 슈퍼사이클, 삼성전자 매수 타이밍에 대한 고민"", ""like_count"": 3, ""unlike_count"": 4, ""score"": -1, ""author_badges"": []}, {""post_id"": 2544, ""anonymous_code"": ""독수리-8072"", ""post_type"": ""trade_share"", ""title"": ""오늘 삼성전자 매수했습니다!"", ""like_count"": 0, ""unlike_count"": 0, ""score"": 0, ""author_badges"": [""상위 수익자"", ""자산가""]}, {""post_id"": 2545, ""anonymous_code"": ""늑대-4264"", ""post_type"": ""trade_share"", ""title"": ""오늘 삼성전자 추가 매수했습니다!"", ""like_count"": 0, ""unlike_count"": 0, ""score"": 0, ""author_badges"": [""상위 수익자"", ""자산가""]}, {""post_id"": 2546, ""anonymous_code"": ""여우-2283"", ""post_type"": ""trade_share"", ""title"": ""오늘 삼성전자 추가 매수했습니다!"", ""like_count"": 0, ""unlike_count"": 0, ""score"": 0, ""author_badges"": []}]"
chunk_001_2026-02-27_2026-03-06,2026-03-06,10,A019,1,5,19,"[2527, 2528, 2529, 2530, 2531, 2532, 2533, 2534, 2535, 2536, 2537, 2538, 2539, 2541, 2542, 2543, 2544, 2545, 2546]","[{""post_id"": 2527, ""anonymous_code"": ""호랑이-8886"", ""post_type"": ""trade_share"", ""title"": ""오늘 삼성전자 매수했습니다!"", ""like_count"": 1, ""unlike_count"": 3, ""score"": -2, ""author_badges"": [""커뮤니티 인플루언서""]}, {""post_id"": 2528, ""anonymous_code"": ""코끼리-6457"", ""post_type"": ""trade_share"", ""title"": ""오늘 삼성전자 5주 매수했습니다!"", ""like_count"": 0, ""unlike_count"": 1, ""score"": -1, ""author_badges"": []}, {""post_id"": 2529, ""anonymous_code"": ""곰-1801"", ""post_type"": ""trade_share"", ""title"": ""오늘 삼성전자 소량 매수했습니다!"", ""like_count"": 0, ""unlike_count"": 1, ""score"": -1, ""author_badges"": []}, {""post_id"": 2530, ""anonymous_code"": ""황소-9750"", ""post_type"": ""trade_share"", ""title"": ""오늘 삼성전자 1주 매수했습니다!"", ""like_count"": 0, ""unlike_count"": 2, ""score"": -2, ""author_badges"": []}, {""post_id"": 2531, ""anonymous_code"": ""늑대-8884"", ""post_type"": ""analysis"", ""title"": ""삼성전자 기술적 분석과 펀더멘털 현황"", ""like_count"": 9, ""unlike_count"": 0, ""score"": 9, ""author_badges"": [""상위 수익자"", ""자산가""]}, {""post_id"": 2532, ""anonymous_code"": ""여우-7933"", ""post_type"": ""trade_share"", ""title"": ""오늘 삼성전자 추가 매수했습니다!"", ""like_count"": 0, ""unlike_count"": 0, ""score"": 0, ""author_badges"": []}, {""post_id"": 2533, ""anonymous_code"": ""독수리-4082"", ""post_type"": ""trade_share"", ""title"": ""삼성전자 추가 매수 완료!"", ""like_count"": 0, ""unlike_count"": 0, ""score"": 0, ""author_badges"": []}, {""post_id"": 2534, ""anonymous_code"": ""돌고래-5489"", ""post_type"": ""trade_share"", ""title"": ""삼성전자 1주 매수했습니다!"", ""like_count"": 0, ""unlike_count"": 0, ""score"": 0, ""author_badges"": []}, {""post_id"": 2535, ""anonymous_code"": ""사자-5895"", ""post_type"": ""trade_share"", ""title"": ""오늘 삼성전자 2주 매수했습니다!"", ""like_count"": 0, ""unlike_count"": 0, ""score"": 0, ""author_badges"": [""상위 수익자"", ""자산가""]}, {""post_id"": 2536, ""anonymous_code"": ""사자-8665"", ""post_type"": ""trade_share"", ""title"": ""[매수] 삼성전자 4주 추가 매수했습니다!"", ""like_count"": 0, ""unlike_count"": 0, ""score"": 0, ""author_badges"": [""커뮤니티 인플루언서""]}, {""post_id"": 2537, ""anonymous_code"": ""코끼리-2877"", ""post_type"": ""trade_share"", ""title"": ""오늘 삼성전자 매도 거래 공유합니다"", ""like_count"": 9, ""unlike_count"": 2, ""score"": 7, ""author_badges"": [""커뮤니티 인플루언서""]}, {""post_id"": 2538, ""anonymous_code"": ""사자-5055"", ""post_type"": ""trade_share"", ""title"": ""오늘 삼성전자 매수했습니다!"", ""like_count"": 0, ""unlike_count"": 0, ""score"": 0, ""author_badges"": []}, {""post_id"": 2539, ""anonymous_code"": ""곰-1911"", ""post_type"": ""trade_share"", ""title"": ""오늘 삼성전자 60주 매수했습니다!"", ""like_count"": 0, ""unlike_count"": 0, ""score"": 0, ""author_badges"": []}, {""post_id"": 2541, ""anonymous_code"": ""펭귄-3788"", ""post_type"": ""analysis"", ""title"": ""삼성전자, 현금 관리 하의 보유 전략에 대한 고민"", ""like_count"": 2, ""unlike_count"": 1, ""score"": 1, ""author_badges"": []}, {""post_id"": 2542, ""anonymous_code"": ""돌고래-5159"", ""post_type"": ""trade_share"", ""title"": ""[매수] 삼성전자 50주 추가 매수했습니다!"", ""like_count"": 0, ""unlike_count"": 0, ""score"": 0, ""author_badges"": [""커뮤니티 인플루언서""]}, {""post_id"": 2543, ""anonymous_code"": ""황소-8760"", ""post_type"": ""analysis"", ""title"": ""갤럭시 S26과 반도체 슈퍼사이클, 삼성전자 매수 타이밍에 대한 고민"", ""like_count"": 3, ""unlike_count"": 5, ""score"": -2, ""author_badges"": []}, {""post_id"": 2544, ""anonymous_code"": ""독수리-8072"", ""post_type"": ""trade_share"", ""title"": ""오늘 삼성전자 매수했습니다!"", ""like_count"": 0, ""unlike_count"": 0, ""score"": 0, ""author_badges"": [""상위 수익자"", ""자산가""]}, {""post_id"": 2545, ""anonymous_code"": ""늑대-4264"", ""post_type"": ""trade_share"", ""title"": ""오늘 삼성전자 추가 매수했습니다!"", ""like_count"": 0, ""unlike_count"": 0, ""score"": 0, ""author_badges"": [""상위 수익자"", ""자산가""]}, {""post_id"": 2546, ""anonymous_code"": ""여우-2283"", ""post_type"": ""trade_share"", ""title"": ""오늘 삼성전자 추가 매수했습니다!"", ""like_count"": 0, ""unlike_count"": 0, ""score"": 0, ""author_badges"": []}]"
chunk_001_2026-02-27_2026-03-06,2026-03-06,10,A020,2,10,19,"[2527, 2528, 2529, 2530, 2531, 2532, 2533, 2534, 2535, 2536, 2537, 2538, 2539, 2540, 2541, 2542, 2544, 2545, 2546]","[{""post_id"": 2527, ""anonymous_code"": ""호랑이-8886"", ""post_type"": ""trade_share"", ""title"": ""오늘 삼성전자 매수했습니다!"", ""like_count"": 1, ""unlike_count"": 3, ""score"": -2, ""author_badges"": [""커뮤니티 인플루언서""]}, {""post_id"": 2528, ""anonymous_code"": ""코끼리-6457"", ""post_type"": ""trade_share"", ""title"": ""오늘 삼성전자 5주 매수했습니다!"", ""like_count"": 0, ""unlike_count"": 1, ""score"": -1, ""author_badges"": []}, {""post_id"": 2529, ""anonymous_code"": ""곰-1801"", ""post_type"": ""trade_share"", ""title"": ""오늘 삼성전자 소량 매수했습니다!"", ""like_count"": 0, ""unlike_count"": 1, ""score"": -1, ""author_badges"": []}, {""post_id"": 2530, ""anonymous_code"": ""황소-9750"", ""post_type"": ""trade_share"", ""title"": ""오늘 삼성전자 1주 매수했습니다!"", ""like_count"": 0, ""unlike_count"": 2, ""score"": -2, ""author_badges"": []}, {""post_id"": 2531, ""anonymous_code"": ""늑대-8884"", ""post_type"": ""analysis"", ""title"": ""삼성전자 기술적 분석과 펀더멘털 현황"", ""like_count"": 10, ""unlike_count"": 0, ""score"": 10, ""author_badges"": [""상위 수익자"", ""자산가""]}, {""post_id"": 2532, ""anonymous_code"": ""여우-7933"", ""post_type"": ""trade_share"", ""title"": ""오늘 삼성전자 추가 매수했습니다!"", ""like_count"": 0, ""unlike_count"": 0, ""score"": 0, ""author_badges"": []}, {""post_id"": 2533, ""anonymous_code"": ""독수리-4082"", ""post_type"": ""trade_share"", ""title"": ""삼성전자 추가 매수 완료!"", ""like_count"": 0, ""unlike_count"": 0, ""score"": 0, ""author_badges"": []}, {""post_id"": 2534, ""anonymous_code"": ""돌고래-5489"", ""post_type"": ""trade_share"", ""title"": ""삼성전자 1주 매수했습니다!"", ""like_count"": 0, ""unlike_count"": 0, ""score"": 0, ""author_badges"": []}, {""post_id"": 2535, ""anonymous_code"": ""사자-5895"", ""post_type"": ""trade_share"", ""title"": ""오늘 삼성전자 2주 매수했습니다!"", ""like_count"": 0, ""unlike_count"": 0, ""score"": 0, ""author_badges"": [""상위 수익자"", ""자산가""]}, {""post_id"": 2536, ""anonymous_code"": ""사자-8665"", ""post_type"": ""trade_share"", ""title"": ""[매수] 삼성전자 4주 추가 매수했습니다!"", ""like_count"": 0, ""unlike_count"": 0, ""score"": 0, ""author_badges"": [""커뮤니티 인플루언서""]}, {""post_id"": 2537, ""anonymous_code"": ""코끼리-2877"", ""post_type"": ""trade_share"", ""title"": ""오늘 삼성전자 매도 거래 공유합니다"", ""like_count"": 9, ""unlike_count"": 2, ""score"": 7, ""author_badges"": [""커뮤니티 인플루언서""]}, {""post_id"": 2538, ""anonymous_code"": ""사자-5055"", ""post_type"": ""trade_share"", ""title"": ""오늘 삼성전자 매수했습니다!"", ""like_count"": 0, ""unlike_count"": 0, ""score"": 0, ""author_badges"": []}, {""post_id"": 2539, ""anonymous_code"": ""곰-1911"", ""post_type"": ""trade_share"", ""title"": ""오늘 삼성전자 60주 매수했습니다!"", ""like_count"": 0, ""unlike_count"": 0, ""score"": 0, ""author_badges"": []}, {""post_id"": 2540, ""anonymous_code"": ""곰-9761"", ""post_type"": ""trade_share"", ""title"": ""오늘 삼성전자 1주 매수했습니다!"", ""like_count"": 0, ""unlike_count"": 0, ""score"": 0, ""author_badges"": []}, {""post_id"": 2541, ""anonymous_code"": ""펭귄-3788"", ""post_type"": ""analysis"", ""title"": ""삼성전자, 현금 관리 하의 보유 전략에 대한 고민"", ""like_count"": 2, ""unlike_count"": 1, ""score"": 1, ""author_badges"": []}, {""post_id"": 2542, ""anonymous_code"": ""돌고래-5159"", ""post_type"": ""trade_share"", ""title"": ""[매수] 삼성전자 50주 추가 매수했습니다!"", ""like_count"": 0, ""unlike_count"": 0, ""score"": 0, ""author_badges"": [""커뮤니티 인플루언서""]}, {""post_id"": 2544, ""anonymous_code"": ""독수리-8072"", ""post_type"": ""trade_share"", ""title"": ""오늘 삼성전자 매수했습니다!"", ""like_count"": 0, ""unlike_count"": 0, ""score"": 0, ""author_badges"": [""상위 수익자"", ""자산가""]}, {""post_id"": 2545, ""anonymous_code"": ""늑대-4264"", ""post_type"": ""trade_share"", ""title"": ""오늘 삼성전자 추가 매수했습니다!"", ""like_count"": 0, ""unlike_count"": 0, ""score"": 0, ""author_badges"": [""상위 수익자"", ""자산가""]}, {""post_id"": 2546, ""anonymous_code"": ""여우-2283"", ""post_type"": ""trade_share"", ""title"": ""오늘 삼성전자 추가 매수했습니다!"", ""like_count"": 0, ""unlike_count"": 0, ""score"": 0, ""author_badges"": []}]"
chunk_001_2026-02-27_2026-03-06,2026-03-06,10,A022,1,5,19,"[2527, 2528, 2529, 2530, 2531, 2532, 2533, 2534, 2535, 2536, 2537, 2538, 2539, 2540, 2541, 2543, 2544, 2545, 2546]","[{""post_id"": 2527, ""anonymous_code"": ""호랑이-8886"", ""post_type"": ""trade_share"", ""title"": ""오늘 삼성전자 매수했습니다!"", ""like_count"": 2, ""unlike_count"": 3, ""score"": -1, ""author_badges"": [""커뮤니티 인플루언서""]}, {""post_id"": 2528, ""anonymous_code"": ""코끼리-6457"", ""post_type"": ""trade_share"", ""title"": ""오늘 삼성전자 5주 매수했습니다!"", ""like_count"": 0, ""unlike_count"": 1, ""score"": -1, ""author_badges"": []}, {""post_id"": 2529, ""anonymous_code"": ""곰-1801"", ""post_type"": ""trade_share"", ""title"": ""오늘 삼성전자 소량 매수했습니다!"", ""like_count"": 0, ""unlike_count"": 1, ""score"": -1, ""author_badges"": []}, {""post_id"": 2530, ""anonymous_code"": ""황소-9750"", ""post_type"": ""trade_share"", ""title"": ""오늘 삼성전자 1주 매수했습니다!"", ""like_count"": 0, ""unlike_count"": 2, ""score"": -2, ""author_badges"": []}, {""post_id"": 2531, ""anonymous_code"": ""늑대-8884"", ""post_type"": ""analysis"", ""title"": ""삼성전자 기술적 분석과 펀더멘털 현황"", ""like_count"": 11, ""unlike_count"": 0, ""score"": 11, ""author_badges"": [""상위 수익자"", ""자산가""]}, {""post_id"": 2532, ""anonymous_code"": ""여우-7933"", ""post_type"": ""trade_share"", ""title"": ""오늘 삼성전자 추가 매수했습니다!"", ""like_count"": 0, ""unlike_count"": 0, ""score"": 0, ""author_badges"": []}, {""post_id"": 2533, ""anonymous_code"": ""독수리-4082"", ""post_type"": ""trade_share"", ""title"": ""삼성전자 추가 매수 완료!"", ""like_count"": 0, ""unlike_count"": 0, ""score"": 0, ""author_badges"": []}, {""post_id"": 2534, ""anonymous_code"": ""돌고래-5489"", ""post_type"": ""trade_share"", ""title"": ""삼성전자 1주 매수했습니다!"", ""like_count"": 0, ""unlike_count"": 0, ""score"": 0, ""author_badges"": []}, {""post_id"": 2535, ""anonymous_code"": ""사자-5895"", ""post_type"": ""trade_share"", ""title"": ""오늘 삼성전자 2주 매수했습니다!"", ""like_count"": 0, ""unlike_count"": 0, ""score"": 0, ""author_badges"": [""상위 수익자"", ""자산가""]}, {""post_id"": 2536, ""anonymous_code"": ""사자-8665"", ""post_type"": ""trade_share"", ""title"": ""[매수] 삼성전자 4주 추가 매수했습니다!"", ""like_count"": 0, ""unlike_count"": 0, ""score"": 0, ""author_badges"": [""커뮤니티 인플루언서""]}, {""post_id"": 2537, ""anonymous_code"": ""코끼리-2877"", ""post_type"": ""trade_share"", ""title"": ""오늘 삼성전자 매도 거래 공유합니다"", ""like_count"": 10, ""unlike_count"": 2, ""score"": 8, ""author_badges"": [""커뮤니티 인플루언서""]}, {""post_id"": 2538, ""anonymous_code"": ""사자-5055"", ""post_type"": ""trade_share"", ""title"": ""오늘 삼성전자 매수했습니다!"", ""like_count"": 0, ""unlike_count"": 0, ""score"": 0, ""author_badges"": []}, {""post_id"": 2539, ""anonymous_code"": ""곰-1911"", ""post_type"": ""trade_share"", ""title"": ""오늘 삼성전자 60주 매수했습니다!"", ""like_count"": 0, ""unlike_count"": 0, ""score"": 0, ""author_badges"": []}, {""post_id"": 2540, ""anonymous_code"": ""곰-9761"", ""post_type"": ""trade_share"", ""title"": ""오늘 삼성전자 1주 매수했습니다!"", ""like_count"": 0, ""unlike_count"": 0, ""score"": 0, ""author_badges"": []}, {""post_id"": 2541, ""anonymous_code"": ""펭귄-3788"", ""post_type"": ""analysis"", ""title"": ""삼성전자, 현금 관리 하의 보유 전략에 대한 고민"", ""like_count"": 2, ""unlike_count"": 1, ""score"": 1, ""author_badges"": []}, {""post_id"": 2543, ""anonymous_code"": ""황소-8760"", ""post_type"": ""analysis"", ""title"": ""갤럭시 S26과 반도체 슈퍼사이클, 삼성전자 매수 타이밍에 대한 고민"", ""like_count"": 3, ""unlike_count"": 7, ""score"": -4, ""author_badges"": []}, {""post_id"": 2544, ""anonymous_code"": ""독수리-8072"", ""post_type"": ""trade_share"", ""title"": ""오늘 삼성전자 매수했습니다!"", ""like_count"": 0, ""unlike_count"": 0, ""score"": 0, ""author_badges"": [""상위 수익자"", ""자산가""]}, {""post_id"": 2545, ""anonymous_code"": ""늑대-4264"", ""post_type"": ""trade_share"", ""title"": ""오늘 삼성전자 추가 매수했습니다!"", ""like_count"": 0, ""unlike_count"": 0, ""score"": 0, ""author_badges"": [""상위 수익자"", ""자산가""]}, {""post_id"": 2546, ""anonymous_code"": ""여우-2283"", ""post_type"": ""trade_share"", ""title"": ""오늘 삼성전자 추가 매수했습니다!"", ""like_count"": 0, ""unlike_count"": 0, ""score"": 0, ""author_badges"": []}]"
chunk_001_2026-02-27_2026-03-06,2026-03-06,10,A025,1,5,19,"[2527, 2528, 2529, 2530, 2531, 2532, 2533, 2534, 2535, 2536, 2537, 2538, 2539, 2540, 2541, 2542, 2543, 2545, 2546]","[{""post_id"": 2527, ""anonymous_code"": ""호랑이-8886"", ""post_type"": ""trade_share"", ""title"": ""오늘 삼성전자 매수했습니다!"", ""like_count"": 3, ""unlike_count"": 3, ""score"": 0, ""author_badges"": [""커뮤니티 인플루언서""]}, {""post_id"": 2528, ""anonymous_code"": ""코끼리-6457"", ""post_type"": ""trade_share"", ""title"": ""오늘 삼성전자 5주 매수했습니다!"", ""like_count"": 0, ""unlike_count"": 1, ""score"": -1, ""author_badges"": []}, {""post_id"": 2529, ""anonymous_code"": ""곰-1801"", ""post_type"": ""trade_share"", ""title"": ""오늘 삼성전자 소량 매수했습니다!"", ""like_count"": 0, ""unlike_count"": 1, ""score"": -1, ""author_badges"": []}, {""post_id"": 2530, ""anonymous_code"": ""황소-9750"", ""post_type"": ""trade_share"", ""title"": ""오늘 삼성전자 1주 매수했습니다!"", ""like_count"": 0, ""unlike_count"": 2, ""score"": -2, ""author_badges"": []}, {""post_id"": 2531, ""anonymous_code"": ""늑대-8884"", ""post_type"": ""analysis"", ""title"": ""삼성전자 기술적 분석과 펀더멘털 현황"", ""like_count"": 11, ""unlike_count"": 0, ""score"": 11, ""author_badges"": [""상위 수익자"", ""자산가""]}, {""post_id"": 2532, ""anonymous_code"": ""여우-7933"", ""post_type"": ""trade_share"", ""title"": ""오늘 삼성전자 추가 매수했습니다!"", ""like_count"": 0, ""unlike_count"": 0, ""score"": 0, ""author_badges"": []}, {""post_id"": 2533, ""anonymous_code"": ""독수리-4082"", ""post_type"": ""trade_share"", ""title"": ""삼성전자 추가 매수 완료!"", ""like_count"": 0, ""unlike_count"": 0, ""score"": 0, ""author_badges"": []}, {""post_id"": 2534, ""anonymous_code"": ""돌고래-5489"", ""post_type"": ""trade_share"", ""title"": ""삼성전자 1주 매수했습니다!"", ""like_count"": 0, ""unlike_count"": 0, ""score"": 0, ""author_badges"": []}, {""post_id"": 2535, ""anonymous_code"": ""사자-5895"", ""post_type"": ""trade_share"", ""title"": ""오늘 삼성전자 2주 매수했습니다!"", ""like_count"": 0, ""unlike_count"": 0, ""score"": 0, ""author_badges"": [""상위 수익자"", ""자산가""]}, {""post_id"": 2536, ""anonymous_code"": ""사자-8665"", ""post_type"": ""trade_share"", ""title"": ""[매수] 삼성전자 4주 추가 매수했습니다!"", ""like_count"": 0, ""unlike_count"": 0, ""score"": 0, ""author_badges"": [""커뮤니티 인플루언서""]}, {""post_id"": 2537, ""anonymous_code"": ""코끼리-2877"", ""post_type"": ""trade_share"", ""title"": ""오늘 삼성전자 매도 거래 공유합니다"", ""like_count"": 11, ""unlike_count"": 2, ""score"": 9, ""author_badges"": [""커뮤니티 인플루언서""]}, {""post_id"": 2538, ""anonymous_code"": ""사자-5055"", ""post_type"": ""trade_share"", ""title"": ""오늘 삼성전자 매수했습니다!"", ""like_count"": 0, ""unlike_count"": 0, ""score"": 0, ""author_badges"": []}, {""post_id"": 2539, ""anonymous_code"": ""곰-1911"", ""post_type"": ""trade_share"", ""title"": ""오늘 삼성전자 60주 매수했습니다!"", ""like_count"": 0, ""unlike_count"": 0, ""score"": 0, ""author_badges"": []}, {""post_id"": 2540, ""anonymous_code"": ""곰-9761"", ""post_type"": ""trade_share"", ""title"": ""오늘 삼성전자 1주 매수했습니다!"", ""like_count"": 0, ""unlike_count"": 0, ""score"": 0, ""author_badges"": []}, {""post_id"": 2541, ""anonymous_code"": ""펭귄-3788"", ""post_type"": ""analysis"", ""title"": ""삼성전자, 현금 관리 하의 보유 전략에 대한 고민"", ""like_count"": 3, ""unlike_count"": 1, ""score"": 2, ""author_badges"": []}, {""post_id"": 2542, ""anonymous_code"": ""돌고래-5159"", ""post_type"": ""trade_share"", ""title"": ""[매수] 삼성전자 50주 추가 매수했습니다!"", ""like_count"": 0, ""unlike_count"": 0, ""score"": 0, ""author_badges"": [""커뮤니티 인플루언서""]}, {""post_id"": 2543, ""anonymous_code"": ""황소-8760"", ""post_type"": ""analysis"", ""title"": ""갤럭시 S26과 반도체 슈퍼사이클, 삼성전자 매수 타이밍에 대한 고민"", ""like_count"": 3, ""unlike_count"": 8, ""score"": -5, ""author_badges"": []}, {""post_id"": 2545, ""anonymous_code"": ""늑대-4264"", ""post_type"": ""trade_share"", ""title"": ""오늘 삼성전자 추가 매수했습니다!"", ""like_count"": 0, ""unlike_count"": 0, ""score"": 0, ""author_badges"": [""상위 수익자"", ""자산가""]}, {""post_id"": 2546, ""anonymous_code"": ""여우-2283"", ""post_type"": ""trade_share"", ""title"": ""오늘 삼성전자 추가 매수했습니다!"", ""like_count"": 0, ""unlike_count"": 0, ""score"": 0, ""author_badges"": []}]"
chunk_001_2026-02-27_2026-03-06,2026-03-06,10,A026,1,5,19,"[2527, 2528, 2529, 2530, 2531, 2532, 2533, 2534, 2535, 2536, 2537, 2538, 2539, 2540, 2541, 2542, 2543, 2544, 2545]","[{""post_id"": 2527, ""anonymous_code"": ""호랑이-8886"", ""post_type"": ""trade_share"", ""title"": ""오늘 삼성전자 매수했습니다!"", ""like_count"": 3, ""unlike_count"": 3, ""score"": 0, ""author_badges"": [""커뮤니티 인플루언서""]}, {""post_id"": 2528, ""anonymous_code"": ""코끼리-6457"", ""post_type"": ""trade_share"", ""title"": ""오늘 삼성전자 5주 매수했습니다!"", ""like_count"": 0, ""unlike_count"": 1, ""score"": -1, ""author_badges"": []}, {""post_id"": 2529, ""anonymous_code"": ""곰-1801"", ""post_type"": ""trade_share"", ""title"": ""오늘 삼성전자 소량 매수했습니다!"", ""like_count"": 0, ""unlike_count"": 1, ""score"": -1, ""author_badges"": []}, {""post_id"": 2530, ""anonymous_code"": ""황소-9750"", ""post_type"": ""trade_share"", ""title"": ""오늘 삼성전자 1주 매수했습니다!"", ""like_count"": 0, ""unlike_count"": 2, ""score"": -2, ""author_badges"": []}, {""post_id"": 2531, ""anonymous_code"": ""늑대-8884"", ""post_type"": ""analysis"", ""title"": ""삼성전자 기술적 분석과 펀더멘털 현황"", ""like_count"": 12, ""unlike_count"": 0, ""score"": 12, ""author_badges"": [""상위 수익자"", ""자산가""]}, {""post_id"": 2532, ""anonymous_code"": ""여우-7933"", ""post_type"": ""trade_share"", ""title"": ""오늘 삼성전자 추가 매수했습니다!"", ""like_count"": 0, ""unlike_count"": 0, ""score"": 0, ""author_badges"": []}, {""post_id"": 2533, ""anonymous_code"": ""독수리-4082"", ""post_type"": ""trade_share"", ""title"": ""삼성전자 추가 매수 완료!"", ""like_count"": 0, ""unlike_count"": 0, ""score"": 0, ""author_badges"": []}, {""post_id"": 2534, ""anonymous_code"": ""돌고래-5489"", ""post_type"": ""trade_share"", ""title"": ""삼성전자 1주 매수했습니다!"", ""like_count"": 0, ""unlike_count"": 0, ""score"": 0, ""author_badges"": []}, {""post_id"": 2535, ""anonymous_code"": ""사자-5895"", ""post_type"": ""trade_share"", ""title"": ""오늘 삼성전자 2주 매수했습니다!"", ""like_count"": 0, ""unlike_count"": 0, ""score"": 0, ""author_badges"": [""상위 수익자"", ""자산가""]}, {""post_id"": 2536, ""anonymous_code"": ""사자-8665"", ""post_type"": ""trade_share"", ""title"": ""[매수] 삼성전자 4주 추가 매수했습니다!"", ""like_count"": 0, ""unlike_count"": 0, ""score"": 0, ""author_badges"": [""커뮤니티 인플루언서""]}, {""post_id"": 2537, ""anonymous_code"": ""코끼리-2877"", ""post_type"": ""trade_share"", ""title"": ""오늘 삼성전자 매도 거래 공유합니다"", ""like_count"": 11, ""unlike_count"": 3, ""score"": 8, ""author_badges"": [""커뮤니티 인플루언서""]}, {""post_id"": 2538, ""anonymous_code"": ""사자-5055"", ""post_type"": ""trade_share"", ""title"": ""오늘 삼성전자 매수했습니다!"", ""like_count"": 0, ""unlike_count"": 0, ""score"": 0, ""author_badges"": []}, {""post_id"": 2539, ""anonymous_code"": ""곰-1911"", ""post_type"": ""trade_share"", ""title"": ""오늘 삼성전자 60주 매수했습니다!"", ""like_count"": 0, ""unlike_count"": 0, ""score"": 0, ""author_badges"": []}, {""post_id"": 2540, ""anonymous_code"": ""곰-9761"", ""post_type"": ""trade_share"", ""title"": ""오늘 삼성전자 1주 매수했습니다!"", ""like_count"": 0, ""unlike_count"": 0, ""score"": 0, ""author_badges"": []}, {""post_id"": 2541, ""anonymous_code"": ""펭귄-3788"", ""post_type"": ""analysis"", ""title"": ""삼성전자, 현금 관리 하의 보유 전략에 대한 고민"", ""like_count"": 4, ""unlike_count"": 1, ""score"": 3, ""author_badges"": []}, {""post_id"": 2542, ""anonymous_code"": ""돌고래-5159"", ""post_type"": ""trade_share"", ""title"": ""[매수] 삼성전자 50주 추가 매수했습니다!"", ""like_count"": 0, ""unlike_count"": 0, ""score"": 0, ""author_badges"": [""커뮤니티 인플루언서""]}, {""post_id"": 2543, ""anonymous_code"": ""황소-8760"", ""post_type"": ""analysis"", ""title"": ""갤럭시 S26과 반도체 슈퍼사이클, 삼성전자 매수 타이밍에 대한 고민"", ""like_count"": 3, ""unlike_count"": 8, ""score"": -5, ""author_badges"": []}, {""post_id"": 2544, ""anonymous_code"": ""독수리-8072"", ""post_type"": ""trade_share"", ""title"": ""오늘 삼성전자 매수했습니다!"", ""like_count"": 0, ""unlike_count"": 0, ""score"": 0, ""author_badges"": [""상위 수익자"", ""자산가""]}, {""post_id"": 2545, ""anonymous_code"": ""늑대-4264"", ""post_type"": ""trade_share"", ""title"": ""오늘 삼성전자 추가 매수했습니다!"", ""like_count"": 0, ""unlike_count"": 0, ""score"": 0, ""author_badges"": [""상위 수익자"", ""자산가""]}]"
chunk_001_2026-02-27_2026-03-06,2026-03-06,10,A027,1,5,19,"[2527, 2528, 2529, 2530, 2531, 2532, 2533, 2534, 2535, 2536, 2537, 2538, 2539, 2540, 2541, 2542, 2543, 2544, 2546]","[{""post_id"": 2527, ""anonymous_code"": ""호랑이-8886"", ""post_type"": ""trade_share"", ""title"": ""오늘 삼성전자 매수했습니다!"", ""like_count"": 3, ""unlike_count"": 3, ""score"": 0, ""author_badges"": [""커뮤니티 인플루언서""]}, {""post_id"": 2528, ""anonymous_code"": ""코끼리-6457"", ""post_type"": ""trade_share"", ""title"": ""오늘 삼성전자 5주 매수했습니다!"", ""like_count"": 0, ""unlike_count"": 1, ""score"": -1, ""author_badges"": []}, {""post_id"": 2529, ""anonymous_code"": ""곰-1801"", ""post_type"": ""trade_share"", ""title"": ""오늘 삼성전자 소량 매수했습니다!"", ""like_count"": 0, ""unlike_count"": 1, ""score"": -1, ""author_badges"": []}, {""post_id"": 2530, ""anonymous_code"": ""황소-9750"", ""post_type"": ""trade_share"", ""title"": ""오늘 삼성전자 1주 매수했습니다!"", ""like_count"": 0, ""unlike_count"": 2, ""score"": -2, ""author_badges"": []}, {""post_id"": 2531, ""anonymous_code"": ""늑대-8884"", ""post_type"": ""analysis"", ""title"": ""삼성전자 기술적 분석과 펀더멘털 현황"", ""like_count"": 13, ""unlike_count"": 0, ""score"": 13, ""author_badges"": [""상위 수익자"", ""자산가""]}, {""post_id"": 2532, ""anonymous_code"": ""여우-7933"", ""post_type"": ""trade_share"", ""title"": ""오늘 삼성전자 추가 매수했습니다!"", ""like_count"": 0, ""unlike_count"": 0, ""score"": 0, ""author_badges"": []}, {""post_id"": 2533, ""anonymous_code"": ""독수리-4082"", ""post_type"": ""trade_share"", ""title"": ""삼성전자 추가 매수 완료!"", ""like_count"": 0, ""unlike_count"": 0, ""score"": 0, ""author_badges"": []}, {""post_id"": 2534, ""anonymous_code"": ""돌고래-5489"", ""post_type"": ""trade_share"", ""title"": ""삼성전자 1주 매수했습니다!"", ""like_count"": 0, ""unlike_count"": 0, ""score"": 0, ""author_badges"": []}, {""post_id"": 2535, ""anonymous_code"": ""사자-5895"", ""post_type"": ""trade_share"", ""title"": ""오늘 삼성전자 2주 매수했습니다!"", ""like_count"": 0, ""unlike_count"": 0, ""score"": 0, ""author_badges"": [""상위 수익자"", ""자산가""]}, {""post_id"": 2536, ""anonymous_code"": ""사자-8665"", ""post_type"": ""trade_share"", ""title"": ""[매수] 삼성전자 4주 추가 매수했습니다!"", ""like_count"": 0, ""unlike_count"": 0, ""score"": 0, ""author_badges"": [""커뮤니티 인플루언서""]}, {""post_id"": 2537, ""anonymous_code"": ""코끼리-2877"", ""post_type"": ""trade_share"", ""title"": ""오늘 삼성전자 매도 거래 공유합니다"", ""like_count"": 12, ""unlike_count"": 3, ""score"": 9, ""author_badges"": [""커뮤니티 인플루언서""]}, {""post_id"": 2538, ""anonymous_code"": ""사자-5055"", ""post_type"": ""trade_share"", ""title"": ""오늘 삼성전자 매수했습니다!"", ""like_count"": 0, ""unlike_count"": 0, ""score"": 0, ""author_badges"": []}, {""post_id"": 2539, ""anonymous_code"": ""곰-1911"", ""post_type"": ""trade_share"", ""title"": ""오늘 삼성전자 60주 매수했습니다!"", ""like_count"": 0, ""unlike_count"": 0, ""score"": 0, ""author_badges"": []}, {""post_id"": 2540, ""anonymous_code"": ""곰-9761"", ""post_type"": ""trade_share"", ""title"": ""오늘 삼성전자 1주 매수했습니다!"", ""like_count"": 0, ""unlike_count"": 0, ""score"": 0, ""author_badges"": []}, {""post_id"": 2541, ""anonymous_code"": ""펭귄-3788"", ""post_type"": ""analysis"", ""title"": ""삼성전자, 현금 관리 하의 보유 전략에 대한 고민"", ""like_count"": 4, ""unlike_count"": 1, ""score"": 3, ""author_badges"": []}, {""post_id"": 2542, ""anonymous_code"": ""돌고래-5159"", ""post_type"": ""trade_share"", ""title"": ""[매수] 삼성전자 50주 추가 매수했습니다!"", ""like_count"": 0, ""unlike_count"": 0, ""score"": 0, ""author_badges"": [""커뮤니티 인플루언서""]}, {""post_id"": 2543, ""anonymous_code"": ""황소-8760"", ""post_type"": ""analysis"", ""title"": ""갤럭시 S26과 반도체 슈퍼사이클, 삼성전자 매수 타이밍에 대한 고민"", ""like_count"": 3, ""unlike_count"": 9, ""score"": -6, ""author_badges"": []}, {""post_id"": 2544, ""anonymous_code"": ""독수리-8072"", ""post_type"": ""trade_share"", ""title"": ""오늘 삼성전자 매수했습니다!"", ""like_count"": 0, ""unlike_count"": 0, ""score"": 0, ""author_badges"": [""상위 수익자"", ""자산가""]}, {""post_id"": 2546, ""anonymous_code"": ""여우-2283"", ""post_type"": ""trade_share"", ""title"": ""오늘 삼성전자 추가 매수했습니다!"", ""like_count"": 0, ""unlike_count"": 0, ""score"": 0, ""author_badges"": []}]"
