run_id,date,turn,agent_id,selected_post_ids,post_id,title,post_type,reaction,author_badges,author_profile
chunk_013_2026-05-28_2026-06-01,2026-05-28,2,A008,"[3652, 3653, 3657, 3661, 3663]",3652,삼성전자 단기 변동성 확대에 대한 생각,analysis,like,[],null
chunk_013_2026-05-28_2026-06-01,2026-05-28,2,A008,"[3652, 3653, 3657, 3661, 3663]",3653,"[시장 전망] 삼성전자, 단기 변동성 속에서도 장기 성장성 믿고 보유 유지해야 할까?",analysis,read,"[""커뮤니티 인플루언서""]",null
chunk_013_2026-05-28_2026-06-01,2026-05-28,2,A008,"[3652, 3653, 3657, 3661, 3663]",3657,"오늘의 삼성전자, 리스크 관리가 우선인 시점",analysis,like,[],null
chunk_013_2026-05-28_2026-06-01,2026-05-28,2,A008,"[3652, 3653, 3657, 3661, 3663]",3661,"삼성전자, 단기 변동성 우려 속 내재가치 견조함",analysis,unlike,"[""상위 수익자"", ""자산가"", ""커뮤니티 인플루언서""]",null
chunk_013_2026-05-28_2026-06-01,2026-05-28,2,A008,"[3652, 3653, 3657, 3661, 3663]",3663,오늘 삼성전자 일부 매도했습니다.,trade_share,like,[],null
chunk_013_2026-05-28_2026-06-01,2026-05-28,2,A003,"[3652, 3653, 3655, 3657, 3661]",3652,삼성전자 단기 변동성 확대에 대한 생각,analysis,like,[],null
chunk_013_2026-05-28_2026-06-01,2026-05-28,2,A003,"[3652, 3653, 3655, 3657, 3661]",3653,"[시장 전망] 삼성전자, 단기 변동성 속에서도 장기 성장성 믿고 보유 유지해야 할까?",analysis,read,"[""커뮤니티 인플루언서""]",null
chunk_013_2026-05-28_2026-06-01,2026-05-28,2,A003,"[3652, 3653, 3655, 3657, 3661]",3655,"삼성전자, MA5 지지선 확인이 관건입니다",analysis,like,[],null
chunk_013_2026-05-28_2026-06-01,2026-05-28,2,A003,"[3652, 3653, 3655, 3657, 3661]",3657,"오늘의 삼성전자, 리스크 관리가 우선인 시점",analysis,unlike,[],null
chunk_013_2026-05-28_2026-06-01,2026-05-28,2,A003,"[3652, 3653, 3655, 3657, 3661]",3661,"삼성전자, 단기 변동성 우려 속 내재가치 견조함",analysis,like,"[""상위 수익자"", ""자산가"", ""커뮤니티 인플루언서""]",null
chunk_013_2026-05-28_2026-06-01,2026-05-28,2,A005,"[3652, 3653, 3657, 3661, 3664]",3652,삼성전자 단기 변동성 확대에 대한 생각,analysis,like,[],null
chunk_013_2026-05-28_2026-06-01,2026-05-28,2,A005,"[3652, 3653, 3657, 3661, 3664]",3653,"[시장 전망] 삼성전자, 단기 변동성 속에서도 장기 성장성 믿고 보유 유지해야 할까?",analysis,read,"[""커뮤니티 인플루언서""]",null
chunk_013_2026-05-28_2026-06-01,2026-05-28,2,A005,"[3652, 3653, 3657, 3661, 3664]",3657,"오늘의 삼성전자, 리스크 관리가 우선인 시점",analysis,like,[],null
chunk_013_2026-05-28_2026-06-01,2026-05-28,2,A005,"[3652, 3653, 3657, 3661, 3664]",3661,"삼성전자, 단기 변동성 우려 속 내재가치 견조함",analysis,unlike,"[""상위 수익자"", ""자산가"", ""커뮤니티 인플루언서""]",null
chunk_013_2026-05-28_2026-06-01,2026-05-28,2,A005,"[3652, 3653, 3657, 3661, 3664]",3664,오늘 삼성전자 매도 거래 공유합니다.,trade_share,read,[],null
chunk_013_2026-05-28_2026-06-01,2026-05-28,2,A006,"[3648, 3652, 3653, 3657, 3661]",3648,오늘 삼성전자 매수 거래 공유합니다!,trade_share,unlike,"[""커뮤니티 인플루언서""]",null
chunk_013_2026-05-28_2026-06-01,2026-05-28,2,A006,"[3648, 3652, 3653, 3657, 3661]",3652,삼성전자 단기 변동성 확대에 대한 생각,analysis,like,[],null
chunk_013_2026-05-28_2026-06-01,2026-05-28,2,A006,"[3648, 3652, 3653, 3657, 3661]",3653,"[시장 전망] 삼성전자, 단기 변동성 속에서도 장기 성장성 믿고 보유 유지해야 할까?",analysis,like,"[""커뮤니티 인플루언서""]",null
chunk_013_2026-05-28_2026-06-01,2026-05-28,2,A006,"[3648, 3652, 3653, 3657, 3661]",3657,"오늘의 삼성전자, 리스크 관리가 우선인 시점",analysis,like,[],null
chunk_013_2026-05-28_2026-06-01,2026-05-28,2,A006,"[3648, 3652, 3653, 3657, 3661]",3661,"삼성전자, 단기 변동성 우려 속 내재가치 견조함",analysis,read,"[""상위 수익자"", ""자산가"", ""커뮤니티 인플루언서""]",null
chunk_013_2026-05-28_2026-06-01,2026-05-28,2,A010,"[3652, 3653, 3657, 3661, 3663]",3652,삼성전자 단기 변동성 확대에 대한 생각,analysis,like,[],null
chunk_013_2026-05-28_2026-06-01,2026-05-28,2,A010,"[3652, 3653, 3657, 3661, 3663]",3653,"[시장 전망] 삼성전자, 단기 변동성 속에서도 장기 성장성 믿고 보유 유지해야 할까?",analysis,like,"[""커뮤니티 인플루언서""]",null
chunk_013_2026-05-28_2026-06-01,2026-05-28,2,A010,"[3652, 3653, 3657, 3661, 3663]",3657,"오늘의 삼성전자, 리스크 관리가 우선인 시점",analysis,like,[],null
chunk_013_2026-05-28_2026-06-01,2026-05-28,2,A010,"[3652, 3653, 3657, 3661, 3663]",3661,"삼성전자, 단기 변동성 우려 속 내재가치 견조함",analysis,read,"[""상위 수익자"", ""자산가"", ""커뮤니티 인플루언서""]",null
chunk_013_2026-05-28_2026-06-01,2026-05-28,2,A010,"[3652, 3653, 3657, 3661, 3663]",3663,오늘 삼성전자 일부 매도했습니다.,trade_share,unlike,[],null
chunk_013_2026-05-28_2026-06-01,2026-05-28,2,A007,"[3652, 3653, 3657, 3661, 3664]",3652,삼성전자 단기 변동성 확대에 대한 생각,analysis,like,[],"{""portfolio_summary"": {""state_id"": ""ps_A004_t002"", ""agent_id"": ""A004"", ""turn"": 2, ""date"": ""2026-05-28"", ""cash"": 36225000.0, ""positions"": ""[{\""stock_code\"": \""005930\"", \""quantity\"": 210, \""avg_cost\"": 303690.4761904762, \""current_price\"": 299500.0, \""unrealized_pnl\"": -880000.0000000047, \""unrealized_pnl_rate\"": -0.013798510388083177}]"", ""total_value"": 99120000.0, ""realized_pnl"": 0.0, ""total_return_rate"": -0.0088, ""updated_at"": ""2026-07-16 20:35:03""}, ""recent_trades"": [{""turn"": 10, ""date"": ""2026-05-27"", ""action"": ""sell"", ""stock_code"": ""005930"", ""quantity"": 50, ""executed_price"": 307000.0, ""trade_value"": 15350000.0, ""status"": ""filled"", ""filled_quantity"": 50, ""action_reason"": ""수익 구간에서 처분효과에 따른 매도 욕구와 기술적 상단 저항으로 판단하여 수익 실현 매도합니다.""}, {""turn"": 9, ""date"": ""2026-05-27"", ""action"": ""sell"", ""stock_code"": ""005930"", ""quantity"": 50, ""executed_price"": 321500.0, ""trade_value"": 16075000.0, ""status"": ""filled"", ""filled_quantity"": 50, ""action_reason"": ""단기 과매수 구간 (MA5 대비 11.4% 프리미엄) 이며, 수익 실현 욕구 (처분효과) 와 단일 종목 집중 리스크 관리 차원에서 일부 매도합니다.""}, {""turn"": 8, ""date"": ""2026-05-26"", ""action"": ""sell"", ""stock_code"": ""005930"", ""quantity"": 50, ""executed_price"": 299000.0, ""trade_value"": 14950000.0, ""status"": ""filled"", ""filled_quantity"": 50, ""action_reason"": ""수익 구간에서 처분효과에 따른 매도 욕구와 30 만 원 저항선 부근의 매도 압력, HBM 루머 공포를 고려하여 일부 매도합니다.""}]}"
chunk_013_2026-05-28_2026-06-01,2026-05-28,2,A007,"[3652, 3653, 3657, 3661, 3664]",3653,"[시장 전망] 삼성전자, 단기 변동성 속에서도 장기 성장성 믿고 보유 유지해야 할까?",analysis,read,"[""커뮤니티 인플루언서""]","{""portfolio_summary"": {""state_id"": ""ps_A001_t002"", ""agent_id"": ""A001"", ""turn"": 2, ""date"": ""2026-05-28"", ""cash"": 53280000.0, ""positions"": ""[{\""stock_code\"": \""005930\"", \""quantity\"": 153, \""avg_cost\"": 305000.0, \""current_price\"": 299500.0, \""unrealized_pnl\"": -841500.0, \""unrealized_pnl_rate\"": -0.018032786885245903}]"", ""total_value"": 99103500.0, ""realized_pnl"": -55000.0, ""total_return_rate"": -0.008965, ""updated_at"": ""2026-07-16 20:35:03""}, ""recent_trades"": [{""turn"": 10, ""date"": ""2026-05-27"", ""action"": ""buy"", ""stock_code"": ""005930"", ""quantity"": 50, ""executed_price"": 307000.0, ""trade_value"": 15350000.0, ""status"": ""filled"", ""filled_quantity"": 50, ""action_reason"": ""현재 주가 (307,000 원) 가 내재가치 대비 저평가 구간이며, 재무 점수 1 위 등 긍정적 펀더멘털이 확인되었습니다. 평균 매수 단가 (321,500 원) 대비 손실 상태이나, 가치 투자 관점에서 장기 성장성을 믿고 매수하여 단가를 낮춥니다.""}, {""turn"": 9, ""date"": ""2026-05-27"", ""action"": ""buy"", ""stock_code"": ""005930"", ""quantity"": 50, ""executed_price"": 321500.0, ""trade_value"": 16075000.0, ""status"": ""filled"", ""filled_quantity"": 50, ""action_reason"": ""시스템 제약으로 매수 필수이나, 현재 주가가 MA20 대비 20% 이상 프리미엄으로 평가되어 과열 구간으로 판단됨. 반도체 업황 호조는 인정하나, 가치 투자 관점에서 소량 진입하여 추격 매수 리스크를 최소화하고 현금 여력을 유지함.""}, {""turn"": 8, ""date"": ""2026-05-26"", ""action"": ""sell"", ""stock_code"": ""005930"", ""quantity"": 1, ""executed_price"": 299000.0, ""trade_value"": 299000.0, ""status"": ""filled"", ""filled_quantity"": 1, ""action_reason"": ""현재 주가가 내재가치 중상위권으로 밸류에이션 부담이 있으며, HBM 축소 루머로 단기 변동성 우려가 있어 매수 타이밍이 아니라고 판단됩니다. 현금 비중을 높여 저가 매수 기회를 기다리는 것이 리스크 관리에 유리합니다.""}]}"
chunk_013_2026-05-28_2026-06-01,2026-05-28,2,A007,"[3652, 3653, 3657, 3661, 3664]",3657,"오늘의 삼성전자, 리스크 관리가 우선인 시점",analysis,like,[],"{""portfolio_summary"": {""state_id"": ""ps_A014_t002"", ""agent_id"": ""A014"", ""turn"": 2, ""date"": ""2026-05-28"", ""cash"": 74245000.0, ""positions"": ""[{\""stock_code\"": \""005930\"", \""quantity\"": 83, \""avg_cost\"": 305000.0, \""current_price\"": 299500.0, \""unrealized_pnl\"": -456500.0, \""unrealized_pnl_rate\"": -0.018032786885245903}]"", ""total_value"": 99103500.0, ""realized_pnl"": -440000.0, ""total_return_rate"": -0.008965, ""updated_at"": ""2026-07-16 20:35:03""}, ""recent_trades"": [{""turn"": 10, ""date"": ""2026-05-27"", ""action"": ""buy"", ""stock_code"": ""005930"", ""quantity"": 100, ""executed_price"": 307000.0, ""trade_value"": 30700000.0, ""status"": ""filled"", ""filled_quantity"": 100, ""action_reason"": ""나스닥 호재와 MA5 상향 돌파로 하락 추세는 일시적일 가능성이 높음. 재무 안정성을 믿고 손실 회복을 위한 매수.""}, {""turn"": 9, ""date"": ""2026-05-27"", ""action"": ""buy"", ""stock_code"": ""005930"", ""quantity"": 50, ""executed_price"": 321500.0, ""trade_value"": 16075000.0, ""status"": ""filled"", ""filled_quantity"": 50, ""action_reason"": ""시스템 제약으로 매수 필수이나, 32 만 원대 고점 밸류에이션과 노조 이슈로 인한 변동성 우려가 있어 제한적 수량 (50 주) 으로 진입합니다. 상승 추세는 인정하되, 조정 시 추가 매수 여력을 확보하는 방어적 접근입니다.""}, {""turn"": 8, ""date"": ""2026-05-26"", ""action"": ""sell"", ""stock_code"": ""005930"", ""quantity"": 100, ""executed_price"": 299000.0, ""trade_value"": 29900000.0, ""status"": ""filled"", ""filled_quantity"": 100, ""action_reason"": ""HBM 축소 루머로 인한 불안감과 뉴스 과반응으로 보수적 관점 전환. 소폭 흑자 상태이므로 리스크 회피를 위해 전량 매도하여 현금화.""}]}"
chunk_013_2026-05-28_2026-06-01,2026-05-28,2,A007,"[3652, 3653, 3657, 3661, 3664]",3661,"삼성전자, 단기 변동성 우려 속 내재가치 견조함",analysis,unlike,"[""상위 수익자"", ""자산가"", ""커뮤니티 인플루언서""]","{""portfolio_summary"": {""state_id"": ""ps_A015_t002"", ""agent_id"": ""A015"", ""turn"": 2, ""date"": ""2026-05-28"", ""cash"": 72495000.0, ""positions"": ""[{\""stock_code\"": \""005930\"", \""quantity\"": 90, \""avg_cost\"": 305000.0, \""current_price\"": 299500.0, \""unrealized_pnl\"": -495000.0, \""unrealized_pnl_rate\"": -0.018032786885245903}]"", ""total_value"": 99450000.0, ""realized_pnl"": -55000.0, ""total_return_rate"": -0.0055, ""updated_at"": ""2026-07-16 20:35:03""}, ""recent_trades"": [{""turn"": 10, ""date"": ""2026-05-27"", ""action"": ""buy"", ""stock_code"": ""005930"", ""quantity"": 20, ""executed_price"": 307000.0, ""trade_value"": 6140000.0, ""status"": ""filled"", ""filled_quantity"": 20, ""action_reason"": ""노조 합의 가결과 업황 회복으로 중장기 상승 흐름이 명확하며, 당일 종가 하락으로 조정 시 매수 기회로 판단합니다.""}, {""turn"": 9, ""date"": ""2026-05-27"", ""action"": ""sell"", ""stock_code"": ""005930"", ""quantity"": 10, ""executed_price"": 321500.0, ""trade_value"": 3215000.0, ""status"": ""filled"", ""filled_quantity"": 10, ""action_reason"": ""단기 과매수 및 조정 가능성에 대비하여 일부 수익 실현 및 리스크 관리. 장기적 내재가치는 유효하나 고점 추격 매수 자제.""}, {""turn"": 8, ""date"": ""2026-05-26"", ""action"": ""sell"", ""stock_code"": ""005930"", ""quantity"": 50, ""executed_price"": 299000.0, ""trade_value"": 14950000.0, ""status"": ""filled"", ""filled_quantity"": 50, ""action_reason"": ""혼재된 뉴스 (HBM 소문, 지배구조 이슈) 와 MA5 대비 프리미엄으로 인해 단기 조정 리스크가 존재합니다. 소수익을 확정하고 현금 비중을 높여 MA20 부근의 저평가 매수 기회를 대비합니다.""}]}"
chunk_013_2026-05-28_2026-06-01,2026-05-28,2,A007,"[3652, 3653, 3657, 3661, 3664]",3664,오늘 삼성전자 매도 거래 공유합니다.,trade_share,read,[],"{""portfolio_summary"": {""state_id"": ""ps_A027_t002"", ""agent_id"": ""A027"", ""turn"": 2, ""date"": ""2026-05-28"", ""cash"": 75143500.0, ""positions"": ""[{\""stock_code\"": \""005930\"", \""quantity\"": 80, \""avg_cost\"": 305000.0, \""current_price\"": 299500.0, \""unrealized_pnl\"": -440000.0, \""unrealized_pnl_rate\"": -0.018032786885245903}]"", ""total_value"": 99103500.0, ""realized_pnl"": -456500.0, ""total_return_rate"": -0.008965, ""updated_at"": ""2026-07-16 20:35:03""}, ""recent_trades"": [{""turn"": 10, ""date"": ""2026-05-27"", ""action"": ""sell"", ""stock_code"": ""005930"", ""quantity"": 20, ""executed_price"": 307000.0, ""trade_value"": 6140000.0, ""status"": ""filled"", ""filled_quantity"": 20, ""action_reason"": ""당일 시가 대비 종가 하락 (-4.5%) 과 거래량 급증으로 단기 매도 압력이 확인되어, 기술적 지표는 양호하나 단기 변동성 위험을 고려합니다. 수익 구간에서 일부 수익 실현을 통해 신중한 리스크 관리가 필요합니다.""}, {""turn"": 9, ""date"": ""2026-05-27"", ""action"": ""buy"", ""stock_code"": ""005930"", ""quantity"": 30, ""executed_price"": 321500.0, ""trade_value"": 9645000.0, ""status"": ""filled"", ""filled_quantity"": 30, ""action_reason"": ""기술적 돌파 신호 (거래량 증가, MA5/20 상회) 와 섹터 모멘텀 (마이크론 호재) 으로 상승 추세가 우세하다고 판단하여 추세를 따릅니다.""}, {""turn"": 8, ""date"": ""2026-05-26"", ""action"": ""buy"", ""stock_code"": ""005930"", ""quantity"": 30, ""executed_price"": 299000.0, ""trade_value"": 8970000.0, ""status"": ""filled"", ""filled_quantity"": 30, ""action_reason"": ""기술적 지표 (MA5 상회, 거래량 증가) 가 상승 모멘텀을 보여주고 있어 매수 신호로 판단합니다. 과거 뉴스 공포에 매수 타이밍을 놓친 실수를 반복하지 않기 위해, HBM 루머에도 불구하고 차트 신호를 우선시합니다.""}]}"
chunk_013_2026-05-28_2026-06-01,2026-05-28,2,A004,"[3653, 3655, 3657, 3661, 3664]",3653,"[시장 전망] 삼성전자, 단기 변동성 속에서도 장기 성장성 믿고 보유 유지해야 할까?",analysis,read,"[""커뮤니티 인플루언서""]",null
chunk_013_2026-05-28_2026-06-01,2026-05-28,2,A004,"[3653, 3655, 3657, 3661, 3664]",3655,"삼성전자, MA5 지지선 확인이 관건입니다",analysis,like,[],null
chunk_013_2026-05-28_2026-06-01,2026-05-28,2,A004,"[3653, 3655, 3657, 3661, 3664]",3657,"오늘의 삼성전자, 리스크 관리가 우선인 시점",analysis,like,[],null
chunk_013_2026-05-28_2026-06-01,2026-05-28,2,A004,"[3653, 3655, 3657, 3661, 3664]",3661,"삼성전자, 단기 변동성 우려 속 내재가치 견조함",analysis,unlike,"[""상위 수익자"", ""자산가"", ""커뮤니티 인플루언서""]",null
chunk_013_2026-05-28_2026-06-01,2026-05-28,2,A004,"[3653, 3655, 3657, 3661, 3664]",3664,오늘 삼성전자 매도 거래 공유합니다.,trade_share,like,[],null
chunk_013_2026-05-28_2026-06-01,2026-05-28,2,A015,"[3652, 3653, 3657, 3655, 3647]",3652,삼성전자 단기 변동성 확대에 대한 생각,analysis,like,[],"{""portfolio_summary"": {""state_id"": ""ps_A004_t002"", ""agent_id"": ""A004"", ""turn"": 2, ""date"": ""2026-05-28"", ""cash"": 36225000.0, ""positions"": ""[{\""stock_code\"": \""005930\"", \""quantity\"": 210, \""avg_cost\"": 303690.4761904762, \""current_price\"": 299500.0, \""unrealized_pnl\"": -880000.0000000047, \""unrealized_pnl_rate\"": -0.013798510388083177}]"", ""total_value"": 99120000.0, ""realized_pnl"": 0.0, ""total_return_rate"": -0.0088, ""updated_at"": ""2026-07-16 20:35:03""}, ""recent_trades"": [{""turn"": 10, ""date"": ""2026-05-27"", ""action"": ""sell"", ""stock_code"": ""005930"", ""quantity"": 50, ""executed_price"": 307000.0, ""trade_value"": 15350000.0, ""status"": ""filled"", ""filled_quantity"": 50, ""action_reason"": ""수익 구간에서 처분효과에 따른 매도 욕구와 기술적 상단 저항으로 판단하여 수익 실현 매도합니다.""}, {""turn"": 9, ""date"": ""2026-05-27"", ""action"": ""sell"", ""stock_code"": ""005930"", ""quantity"": 50, ""executed_price"": 321500.0, ""trade_value"": 16075000.0, ""status"": ""filled"", ""filled_quantity"": 50, ""action_reason"": ""단기 과매수 구간 (MA5 대비 11.4% 프리미엄) 이며, 수익 실현 욕구 (처분효과) 와 단일 종목 집중 리스크 관리 차원에서 일부 매도합니다.""}, {""turn"": 8, ""date"": ""2026-05-26"", ""action"": ""sell"", ""stock_code"": ""005930"", ""quantity"": 50, ""executed_price"": 299000.0, ""trade_value"": 14950000.0, ""status"": ""filled"", ""filled_quantity"": 50, ""action_reason"": ""수익 구간에서 처분효과에 따른 매도 욕구와 30 만 원 저항선 부근의 매도 압력, HBM 루머 공포를 고려하여 일부 매도합니다.""}]}"
chunk_013_2026-05-28_2026-06-01,2026-05-28,2,A015,"[3652, 3653, 3657, 3655, 3647]",3653,"[시장 전망] 삼성전자, 단기 변동성 속에서도 장기 성장성 믿고 보유 유지해야 할까?",analysis,like,"[""커뮤니티 인플루언서""]","{""portfolio_summary"": {""state_id"": ""ps_A001_t002"", ""agent_id"": ""A001"", ""turn"": 2, ""date"": ""2026-05-28"", ""cash"": 53280000.0, ""positions"": ""[{\""stock_code\"": \""005930\"", \""quantity\"": 153, \""avg_cost\"": 305000.0, \""current_price\"": 299500.0, \""unrealized_pnl\"": -841500.0, \""unrealized_pnl_rate\"": -0.018032786885245903}]"", ""total_value"": 99103500.0, ""realized_pnl"": -55000.0, ""total_return_rate"": -0.008965, ""updated_at"": ""2026-07-16 20:35:03""}, ""recent_trades"": [{""turn"": 10, ""date"": ""2026-05-27"", ""action"": ""buy"", ""stock_code"": ""005930"", ""quantity"": 50, ""executed_price"": 307000.0, ""trade_value"": 15350000.0, ""status"": ""filled"", ""filled_quantity"": 50, ""action_reason"": ""현재 주가 (307,000 원) 가 내재가치 대비 저평가 구간이며, 재무 점수 1 위 등 긍정적 펀더멘털이 확인되었습니다. 평균 매수 단가 (321,500 원) 대비 손실 상태이나, 가치 투자 관점에서 장기 성장성을 믿고 매수하여 단가를 낮춥니다.""}, {""turn"": 9, ""date"": ""2026-05-27"", ""action"": ""buy"", ""stock_code"": ""005930"", ""quantity"": 50, ""executed_price"": 321500.0, ""trade_value"": 16075000.0, ""status"": ""filled"", ""filled_quantity"": 50, ""action_reason"": ""시스템 제약으로 매수 필수이나, 현재 주가가 MA20 대비 20% 이상 프리미엄으로 평가되어 과열 구간으로 판단됨. 반도체 업황 호조는 인정하나, 가치 투자 관점에서 소량 진입하여 추격 매수 리스크를 최소화하고 현금 여력을 유지함.""}, {""turn"": 8, ""date"": ""2026-05-26"", ""action"": ""sell"", ""stock_code"": ""005930"", ""quantity"": 1, ""executed_price"": 299000.0, ""trade_value"": 299000.0, ""status"": ""filled"", ""filled_quantity"": 1, ""action_reason"": ""현재 주가가 내재가치 중상위권으로 밸류에이션 부담이 있으며, HBM 축소 루머로 단기 변동성 우려가 있어 매수 타이밍이 아니라고 판단됩니다. 현금 비중을 높여 저가 매수 기회를 기다리는 것이 리스크 관리에 유리합니다.""}]}"
chunk_013_2026-05-28_2026-06-01,2026-05-28,2,A015,"[3652, 3653, 3657, 3655, 3647]",3657,"오늘의 삼성전자, 리스크 관리가 우선인 시점",analysis,like,[],"{""portfolio_summary"": {""state_id"": ""ps_A014_t002"", ""agent_id"": ""A014"", ""turn"": 2, ""date"": ""2026-05-28"", ""cash"": 74245000.0, ""positions"": ""[{\""stock_code\"": \""005930\"", \""quantity\"": 83, \""avg_cost\"": 305000.0, \""current_price\"": 299500.0, \""unrealized_pnl\"": -456500.0, \""unrealized_pnl_rate\"": -0.018032786885245903}]"", ""total_value"": 99103500.0, ""realized_pnl"": -440000.0, ""total_return_rate"": -0.008965, ""updated_at"": ""2026-07-16 20:35:03""}, ""recent_trades"": [{""turn"": 10, ""date"": ""2026-05-27"", ""action"": ""buy"", ""stock_code"": ""005930"", ""quantity"": 100, ""executed_price"": 307000.0, ""trade_value"": 30700000.0, ""status"": ""filled"", ""filled_quantity"": 100, ""action_reason"": ""나스닥 호재와 MA5 상향 돌파로 하락 추세는 일시적일 가능성이 높음. 재무 안정성을 믿고 손실 회복을 위한 매수.""}, {""turn"": 9, ""date"": ""2026-05-27"", ""action"": ""buy"", ""stock_code"": ""005930"", ""quantity"": 50, ""executed_price"": 321500.0, ""trade_value"": 16075000.0, ""status"": ""filled"", ""filled_quantity"": 50, ""action_reason"": ""시스템 제약으로 매수 필수이나, 32 만 원대 고점 밸류에이션과 노조 이슈로 인한 변동성 우려가 있어 제한적 수량 (50 주) 으로 진입합니다. 상승 추세는 인정하되, 조정 시 추가 매수 여력을 확보하는 방어적 접근입니다.""}, {""turn"": 8, ""date"": ""2026-05-26"", ""action"": ""sell"", ""stock_code"": ""005930"", ""quantity"": 100, ""executed_price"": 299000.0, ""trade_value"": 29900000.0, ""status"": ""filled"", ""filled_quantity"": 100, ""action_reason"": ""HBM 축소 루머로 인한 불안감과 뉴스 과반응으로 보수적 관점 전환. 소폭 흑자 상태이므로 리스크 회피를 위해 전량 매도하여 현금화.""}]}"
chunk_013_2026-05-28_2026-06-01,2026-05-28,2,A015,"[3652, 3653, 3657, 3655, 3647]",3655,"삼성전자, MA5 지지선 확인이 관건입니다",analysis,unlike,[],"{""portfolio_summary"": {""state_id"": ""ps_A017_t002"", ""agent_id"": ""A017"", ""turn"": 2, ""date"": ""2026-05-28"", ""cash"": 69200500.0, ""positions"": ""[{\""stock_code\"": \""005930\"", \""quantity\"": 101, \""avg_cost\"": 304945.54455445544, \""current_price\"": 299500.0, \""unrealized_pnl\"": -549999.9999999993, \""unrealized_pnl_rate\"": -0.017857432750531643}]"", ""total_value"": 99450000.0, ""realized_pnl"": 0.0, ""total_return_rate"": -0.0055, ""updated_at"": ""2026-07-16 20:35:03""}, ""recent_trades"": [{""turn"": 10, ""date"": ""2026-05-27"", ""action"": ""buy"", ""stock_code"": ""005930"", ""quantity"": 50, ""executed_price"": 307000.0, ""trade_value"": 15350000.0, ""status"": ""filled"", ""filled_quantity"": 50, ""action_reason"": ""나스닥 상승과 기술적 지표 회복으로 단기 상승 모멘텀이 확인되었습니다. MA5(294,800 원) 상회하며 추세 반등 신호가 명확하므로, 현재 종가 (307,000 원) 에서 매수하여 평균 단가 (310,250 원) 를 하향 조정합니다.""}, {""turn"": 9, ""date"": ""2026-05-27"", ""action"": ""buy"", ""stock_code"": ""005930"", ""quantity"": 100, ""executed_price"": 321500.0, ""trade_value"": 32150000.0, ""status"": ""filled"", ""filled_quantity"": 100, ""action_reason"": ""기술적 지표 (이동평균선 상회, 거래량 급증) 와 긍정적 뉴스 (코스피 8000 돌파, 마이크로 시총 1 조 달러) 에 따른 상승 추세 지속 기대. 현금 비중이 높아 추가 매수 여력 충분.""}, {""turn"": 8, ""date"": ""2026-05-26"", ""action"": ""buy"", ""stock_code"": ""005930"", ""quantity"": 100, ""executed_price"": 299000.0, ""trade_value"": 29900000.0, ""status"": ""filled"", ""filled_quantity"": 100, ""action_reason"": ""기술적 지표 (MA5/MA20 지지, 거래량 증가) 가 매수 신호를 주나, HBM 축소설 등 악재로 인해 전체 현금의 30% 수준으로 제한적으로 매수합니다.""}]}"
chunk_013_2026-05-28_2026-06-01,2026-05-28,2,A015,"[3652, 3653, 3657, 3655, 3647]",3647,오늘 삼성전자 일부 매도했습니다.,trade_share,read,[],"{""portfolio_summary"": {""state_id"": ""ps_A008_t002"", ""agent_id"": ""A008"", ""turn"": 2, ""date"": ""2026-05-28"", ""cash"": 65260000.0, ""positions"": ""[{\""stock_code\"": \""005930\"", \""quantity\"": 113, \""avg_cost\"": 305000.0, \""current_price\"": 299500.0, \""unrealized_pnl\"": -621500.0, \""unrealized_pnl_rate\"": -0.018032786885245903}]"", ""total_value"": 99103500.0, ""realized_pnl"": -275000.0, ""total_return_rate"": -0.008965, ""updated_at"": ""2026-07-16 20:35:03""}, ""recent_trades"": [{""turn"": 10, ""date"": ""2026-05-27"", ""action"": ""buy"", ""stock_code"": ""005930"", ""quantity"": 1, ""executed_price"": 307000.0, ""trade_value"": 307000.0, ""status"": ""filled"", ""filled_quantity"": 1, ""action_reason"": ""글로벌 반도체 호황과 나스닥 상승세로 상승 모멘텀이 강하며, 현재 주가 (307,000 원) 가 5 일선 및 20 일선 위에 있어 중장기 상승 추세 유지. 고위험 성향에 따라 수익 종목 추가 매수로 추세를 따르되, 현금 부족으로 최대 허용 수량인 1 주만 매수.""}, {""turn"": 9, ""date"": ""2026-05-27"", ""action"": ""buy"", ""stock_code"": ""005930"", ""quantity"": 3, ""executed_price"": 321500.0, ""trade_value"": 964500.0, ""status"": ""filled"", ""filled_quantity"": 3, ""action_reason"": ""기술적 돌파 신호 (MA5 상향) 와 반도체 섹터 호황으로 추세 추종 전략에 따라 매수합니다. 고위험 선호 성향으로 과열 구간에서도 상승 모멘텀을 신뢰합니다.""}, {""turn"": 8, ""date"": ""2026-05-26"", ""action"": ""buy"", ""stock_code"": ""005930"", ""quantity"": 6, ""executed_price"": 299000.0, ""trade_value"": 1794000.0, ""status"": ""filled"", ""filled_quantity"": 6, ""action_reason"": ""HBM 루머에도 거래량 증가와 MA5 상향 등 기술적 강세가 확인되어 추세 추종 전략에 따라 매수합니다. 고위험 고수익 성향에 맞춰 제한된 현금 내에서 최대 수량으로 진입합니다.""}]}"
chunk_013_2026-05-28_2026-06-01,2026-05-28,2,A011,"[3652, 3653, 3657, 3661, 3663]",3652,삼성전자 단기 변동성 확대에 대한 생각,analysis,read,[],null
chunk_013_2026-05-28_2026-06-01,2026-05-28,2,A011,"[3652, 3653, 3657, 3661, 3663]",3653,"[시장 전망] 삼성전자, 단기 변동성 속에서도 장기 성장성 믿고 보유 유지해야 할까?",analysis,like,"[""커뮤니티 인플루언서""]",null
chunk_013_2026-05-28_2026-06-01,2026-05-28,2,A011,"[3652, 3653, 3657, 3661, 3663]",3657,"오늘의 삼성전자, 리스크 관리가 우선인 시점",analysis,like,[],null
chunk_013_2026-05-28_2026-06-01,2026-05-28,2,A011,"[3652, 3653, 3657, 3661, 3663]",3661,"삼성전자, 단기 변동성 우려 속 내재가치 견조함",analysis,unlike,"[""상위 수익자"", ""자산가"", ""커뮤니티 인플루언서""]",null
chunk_013_2026-05-28_2026-06-01,2026-05-28,2,A011,"[3652, 3653, 3657, 3661, 3663]",3663,오늘 삼성전자 일부 매도했습니다.,trade_share,read,[],null
chunk_013_2026-05-28_2026-06-01,2026-05-28,2,A014,"[3652, 3653, 3655, 3661, 3663]",3652,삼성전자 단기 변동성 확대에 대한 생각,analysis,like,[],null
chunk_013_2026-05-28_2026-06-01,2026-05-28,2,A014,"[3652, 3653, 3655, 3661, 3663]",3653,"[시장 전망] 삼성전자, 단기 변동성 속에서도 장기 성장성 믿고 보유 유지해야 할까?",analysis,read,"[""커뮤니티 인플루언서""]",null
chunk_013_2026-05-28_2026-06-01,2026-05-28,2,A014,"[3652, 3653, 3655, 3661, 3663]",3655,"삼성전자, MA5 지지선 확인이 관건입니다",analysis,like,[],null
chunk_013_2026-05-28_2026-06-01,2026-05-28,2,A014,"[3652, 3653, 3655, 3661, 3663]",3661,"삼성전자, 단기 변동성 우려 속 내재가치 견조함",analysis,unlike,"[""상위 수익자"", ""자산가"", ""커뮤니티 인플루언서""]",null
chunk_013_2026-05-28_2026-06-01,2026-05-28,2,A014,"[3652, 3653, 3655, 3661, 3663]",3663,오늘 삼성전자 일부 매도했습니다.,trade_share,like,[],null
chunk_013_2026-05-28_2026-06-01,2026-05-28,2,A012,"[3652, 3653, 3655, 3657, 3661]",3652,삼성전자 단기 변동성 확대에 대한 생각,analysis,like,[],null
chunk_013_2026-05-28_2026-06-01,2026-05-28,2,A012,"[3652, 3653, 3655, 3657, 3661]",3653,"[시장 전망] 삼성전자, 단기 변동성 속에서도 장기 성장성 믿고 보유 유지해야 할까?",analysis,read,"[""커뮤니티 인플루언서""]",null
chunk_013_2026-05-28_2026-06-01,2026-05-28,2,A012,"[3652, 3653, 3655, 3657, 3661]",3655,"삼성전자, MA5 지지선 확인이 관건입니다",analysis,like,[],null
chunk_013_2026-05-28_2026-06-01,2026-05-28,2,A012,"[3652, 3653, 3655, 3657, 3661]",3657,"오늘의 삼성전자, 리스크 관리가 우선인 시점",analysis,like,[],null
chunk_013_2026-05-28_2026-06-01,2026-05-28,2,A012,"[3652, 3653, 3655, 3657, 3661]",3661,"삼성전자, 단기 변동성 우려 속 내재가치 견조함",analysis,unlike,"[""상위 수익자"", ""자산가"", ""커뮤니티 인플루언서""]",null
chunk_013_2026-05-28_2026-06-01,2026-05-28,2,A001,"[3652, 3657, 3661, 3647, 3664]",3652,삼성전자 단기 변동성 확대에 대한 생각,analysis,like,[],null
chunk_013_2026-05-28_2026-06-01,2026-05-28,2,A001,"[3652, 3657, 3661, 3647, 3664]",3657,"오늘의 삼성전자, 리스크 관리가 우선인 시점",analysis,like,[],null
chunk_013_2026-05-28_2026-06-01,2026-05-28,2,A001,"[3652, 3657, 3661, 3647, 3664]",3661,"삼성전자, 단기 변동성 우려 속 내재가치 견조함",analysis,read,"[""상위 수익자"", ""자산가"", ""커뮤니티 인플루언서""]",null
chunk_013_2026-05-28_2026-06-01,2026-05-28,2,A001,"[3652, 3657, 3661, 3647, 3664]",3647,오늘 삼성전자 일부 매도했습니다.,trade_share,like,[],null
chunk_013_2026-05-28_2026-06-01,2026-05-28,2,A001,"[3652, 3657, 3661, 3647, 3664]",3664,오늘 삼성전자 매도 거래 공유합니다.,trade_share,unlike,[],null
chunk_013_2026-05-28_2026-06-01,2026-05-28,2,A019,"[3652, 3653, 3657, 3661, 3664]",3652,삼성전자 단기 변동성 확대에 대한 생각,analysis,like,[],null
chunk_013_2026-05-28_2026-06-01,2026-05-28,2,A019,"[3652, 3653, 3657, 3661, 3664]",3653,"[시장 전망] 삼성전자, 단기 변동성 속에서도 장기 성장성 믿고 보유 유지해야 할까?",analysis,read,"[""커뮤니티 인플루언서""]",null
chunk_013_2026-05-28_2026-06-01,2026-05-28,2,A019,"[3652, 3653, 3657, 3661, 3664]",3657,"오늘의 삼성전자, 리스크 관리가 우선인 시점",analysis,like,[],null
chunk_013_2026-05-28_2026-06-01,2026-05-28,2,A019,"[3652, 3653, 3657, 3661, 3664]",3661,"삼성전자, 단기 변동성 우려 속 내재가치 견조함",analysis,unlike,"[""상위 수익자"", ""자산가"", ""커뮤니티 인플루언서""]",null
chunk_013_2026-05-28_2026-06-01,2026-05-28,2,A019,"[3652, 3653, 3657, 3661, 3664]",3664,오늘 삼성전자 매도 거래 공유합니다.,trade_share,read,[],null
chunk_013_2026-05-28_2026-06-01,2026-05-28,2,A017,"[3646, 3647, 3652, 3653, 3657, 3661]",3646,오늘 삼성전자 추가 매수했습니다!,trade_share,like,[],"{""portfolio_summary"": {""state_id"": ""ps_A006_t002"", ""agent_id"": ""A006"", ""turn"": 2, ""date"": ""2026-05-28"", ""cash"": 29320000.0, ""positions"": ""[{\""stock_code\"": \""005930\"", \""quantity\"": 233, \""avg_cost\"": 303347.6394849785, \""current_price\"": 299500.0, \""unrealized_pnl\"": -896499.9999999937, \""unrealized_pnl_rate\"": -0.012683927560837489}]"", ""total_value"": 99103500.0, ""realized_pnl"": 0.0, ""total_return_rate"": -0.008965, ""updated_at"": ""2026-07-16 20:35:03""}, ""recent_trades"": [{""turn"": 10, ""date"": ""2026-05-27"", ""action"": ""buy"", ""stock_code"": ""005930"", ""quantity"": 50, ""executed_price"": 307000.0, ""trade_value"": 15350000.0, ""status"": ""filled"", ""filled_quantity"": 50, ""action_reason"": ""평균 매수 단가 (307,553 원) 보다 낮은 공시가 (307,000 원) 에 매수하여 손실 시 추가 매수 성향을 반영. 기술적 지지선 (MA5) 상회로 장기 추세 유지 판단.""}, {""turn"": 9, ""date"": ""2026-05-27"", ""action"": ""buy"", ""stock_code"": ""005930"", ""quantity"": 50, ""executed_price"": 321500.0, ""trade_value"": 16075000.0, ""status"": ""filled"", ""filled_quantity"": 50, ""action_reason"": ""코스피 8000 돌파와 반도체 섹터 강세로 상승 추세가 명확하며, 이전 매도 시점 (29 만 9 천 원) 을 놓친 반성으로 추세 추종 관점에서 매수합니다. 현금 비중이 높아 추가 매수 여력이 충분합니다.""}, {""turn"": 8, ""date"": ""2026-05-26"", ""action"": ""sell"", ""stock_code"": ""005930"", ""quantity"": 100, ""executed_price"": 299000.0, ""trade_value"": 29900000.0, ""status"": ""filled"", ""filled_quantity"": 100, ""action_reason"": ""HBM 축소 루머에 따른 뉴스 불안감 (헤드라인 스캔형) 과 소폭 수익 실현 (처분효과) 로 매도. 기술적 우세는 있으나 뉴스 악재 우선 대응.""}]}"
chunk_013_2026-05-28_2026-06-01,2026-05-28,2,A017,"[3646, 3647, 3652, 3653, 3657, 3661]",3647,오늘 삼성전자 일부 매도했습니다.,trade_share,unlike,[],"{""portfolio_summary"": {""state_id"": ""ps_A008_t002"", ""agent_id"": ""A008"", ""turn"": 2, ""date"": ""2026-05-28"", ""cash"": 65260000.0, ""positions"": ""[{\""stock_code\"": \""005930\"", \""quantity\"": 113, \""avg_cost\"": 305000.0, \""current_price\"": 299500.0, \""unrealized_pnl\"": -621500.0, \""unrealized_pnl_rate\"": -0.018032786885245903}]"", ""total_value"": 99103500.0, ""realized_pnl"": -275000.0, ""total_return_rate"": -0.008965, ""updated_at"": ""2026-07-16 20:35:03""}, ""recent_trades"": [{""turn"": 10, ""date"": ""2026-05-27"", ""action"": ""buy"", ""stock_code"": ""005930"", ""quantity"": 1, ""executed_price"": 307000.0, ""trade_value"": 307000.0, ""status"": ""filled"", ""filled_quantity"": 1, ""action_reason"": ""글로벌 반도체 호황과 나스닥 상승세로 상승 모멘텀이 강하며, 현재 주가 (307,000 원) 가 5 일선 및 20 일선 위에 있어 중장기 상승 추세 유지. 고위험 성향에 따라 수익 종목 추가 매수로 추세를 따르되, 현금 부족으로 최대 허용 수량인 1 주만 매수.""}, {""turn"": 9, ""date"": ""2026-05-27"", ""action"": ""buy"", ""stock_code"": ""005930"", ""quantity"": 3, ""executed_price"": 321500.0, ""trade_value"": 964500.0, ""status"": ""filled"", ""filled_quantity"": 3, ""action_reason"": ""기술적 돌파 신호 (MA5 상향) 와 반도체 섹터 호황으로 추세 추종 전략에 따라 매수합니다. 고위험 선호 성향으로 과열 구간에서도 상승 모멘텀을 신뢰합니다.""}, {""turn"": 8, ""date"": ""2026-05-26"", ""action"": ""buy"", ""stock_code"": ""005930"", ""quantity"": 6, ""executed_price"": 299000.0, ""trade_value"": 1794000.0, ""status"": ""filled"", ""filled_quantity"": 6, ""action_reason"": ""HBM 루머에도 거래량 증가와 MA5 상향 등 기술적 강세가 확인되어 추세 추종 전략에 따라 매수합니다. 고위험 고수익 성향에 맞춰 제한된 현금 내에서 최대 수량으로 진입합니다.""}]}"
chunk_013_2026-05-28_2026-06-01,2026-05-28,2,A017,"[3646, 3647, 3652, 3653, 3657, 3661]",3652,삼성전자 단기 변동성 확대에 대한 생각,analysis,like,[],"{""portfolio_summary"": {""state_id"": ""ps_A004_t002"", ""agent_id"": ""A004"", ""turn"": 2, ""date"": ""2026-05-28"", ""cash"": 36225000.0, ""positions"": ""[{\""stock_code\"": \""005930\"", \""quantity\"": 210, \""avg_cost\"": 303690.4761904762, \""current_price\"": 299500.0, \""unrealized_pnl\"": -880000.0000000047, \""unrealized_pnl_rate\"": -0.013798510388083177}]"", ""total_value"": 99120000.0, ""realized_pnl"": 0.0, ""total_return_rate"": -0.0088, ""updated_at"": ""2026-07-16 20:35:03""}, ""recent_trades"": [{""turn"": 10, ""date"": ""2026-05-27"", ""action"": ""sell"", ""stock_code"": ""005930"", ""quantity"": 50, ""executed_price"": 307000.0, ""trade_value"": 15350000.0, ""status"": ""filled"", ""filled_quantity"": 50, ""action_reason"": ""수익 구간에서 처분효과에 따른 매도 욕구와 기술적 상단 저항으로 판단하여 수익 실현 매도합니다.""}, {""turn"": 9, ""date"": ""2026-05-27"", ""action"": ""sell"", ""stock_code"": ""005930"", ""quantity"": 50, ""executed_price"": 321500.0, ""trade_value"": 16075000.0, ""status"": ""filled"", ""filled_quantity"": 50, ""action_reason"": ""단기 과매수 구간 (MA5 대비 11.4% 프리미엄) 이며, 수익 실현 욕구 (처분효과) 와 단일 종목 집중 리스크 관리 차원에서 일부 매도합니다.""}, {""turn"": 8, ""date"": ""2026-05-26"", ""action"": ""sell"", ""stock_code"": ""005930"", ""quantity"": 50, ""executed_price"": 299000.0, ""trade_value"": 14950000.0, ""status"": ""filled"", ""filled_quantity"": 50, ""action_reason"": ""수익 구간에서 처분효과에 따른 매도 욕구와 30 만 원 저항선 부근의 매도 압력, HBM 루머 공포를 고려하여 일부 매도합니다.""}]}"
chunk_013_2026-05-28_2026-06-01,2026-05-28,2,A017,"[3646, 3647, 3652, 3653, 3657, 3661]",3653,"[시장 전망] 삼성전자, 단기 변동성 속에서도 장기 성장성 믿고 보유 유지해야 할까?",analysis,like,"[""커뮤니티 인플루언서""]","{""portfolio_summary"": {""state_id"": ""ps_A001_t002"", ""agent_id"": ""A001"", ""turn"": 2, ""date"": ""2026-05-28"", ""cash"": 53280000.0, ""positions"": ""[{\""stock_code\"": \""005930\"", \""quantity\"": 153, \""avg_cost\"": 305000.0, \""current_price\"": 299500.0, \""unrealized_pnl\"": -841500.0, \""unrealized_pnl_rate\"": -0.018032786885245903}]"", ""total_value"": 99103500.0, ""realized_pnl"": -55000.0, ""total_return_rate"": -0.008965, ""updated_at"": ""2026-07-16 20:35:03""}, ""recent_trades"": [{""turn"": 10, ""date"": ""2026-05-27"", ""action"": ""buy"", ""stock_code"": ""005930"", ""quantity"": 50, ""executed_price"": 307000.0, ""trade_value"": 15350000.0, ""status"": ""filled"", ""filled_quantity"": 50, ""action_reason"": ""현재 주가 (307,000 원) 가 내재가치 대비 저평가 구간이며, 재무 점수 1 위 등 긍정적 펀더멘털이 확인되었습니다. 평균 매수 단가 (321,500 원) 대비 손실 상태이나, 가치 투자 관점에서 장기 성장성을 믿고 매수하여 단가를 낮춥니다.""}, {""turn"": 9, ""date"": ""2026-05-27"", ""action"": ""buy"", ""stock_code"": ""005930"", ""quantity"": 50, ""executed_price"": 321500.0, ""trade_value"": 16075000.0, ""status"": ""filled"", ""filled_quantity"": 50, ""action_reason"": ""시스템 제약으로 매수 필수이나, 현재 주가가 MA20 대비 20% 이상 프리미엄으로 평가되어 과열 구간으로 판단됨. 반도체 업황 호조는 인정하나, 가치 투자 관점에서 소량 진입하여 추격 매수 리스크를 최소화하고 현금 여력을 유지함.""}, {""turn"": 8, ""date"": ""2026-05-26"", ""action"": ""sell"", ""stock_code"": ""005930"", ""quantity"": 1, ""executed_price"": 299000.0, ""trade_value"": 299000.0, ""status"": ""filled"", ""filled_quantity"": 1, ""action_reason"": ""현재 주가가 내재가치 중상위권으로 밸류에이션 부담이 있으며, HBM 축소 루머로 단기 변동성 우려가 있어 매수 타이밍이 아니라고 판단됩니다. 현금 비중을 높여 저가 매수 기회를 기다리는 것이 리스크 관리에 유리합니다.""}]}"
chunk_013_2026-05-28_2026-06-01,2026-05-28,2,A017,"[3646, 3647, 3652, 3653, 3657, 3661]",3657,"오늘의 삼성전자, 리스크 관리가 우선인 시점",analysis,like,[],"{""portfolio_summary"": {""state_id"": ""ps_A014_t002"", ""agent_id"": ""A014"", ""turn"": 2, ""date"": ""2026-05-28"", ""cash"": 74245000.0, ""positions"": ""[{\""stock_code\"": \""005930\"", \""quantity\"": 83, \""avg_cost\"": 305000.0, \""current_price\"": 299500.0, \""unrealized_pnl\"": -456500.0, \""unrealized_pnl_rate\"": -0.018032786885245903}]"", ""total_value"": 99103500.0, ""realized_pnl"": -440000.0, ""total_return_rate"": -0.008965, ""updated_at"": ""2026-07-16 20:35:03""}, ""recent_trades"": [{""turn"": 10, ""date"": ""2026-05-27"", ""action"": ""buy"", ""stock_code"": ""005930"", ""quantity"": 100, ""executed_price"": 307000.0, ""trade_value"": 30700000.0, ""status"": ""filled"", ""filled_quantity"": 100, ""action_reason"": ""나스닥 호재와 MA5 상향 돌파로 하락 추세는 일시적일 가능성이 높음. 재무 안정성을 믿고 손실 회복을 위한 매수.""}, {""turn"": 9, ""date"": ""2026-05-27"", ""action"": ""buy"", ""stock_code"": ""005930"", ""quantity"": 50, ""executed_price"": 321500.0, ""trade_value"": 16075000.0, ""status"": ""filled"", ""filled_quantity"": 50, ""action_reason"": ""시스템 제약으로 매수 필수이나, 32 만 원대 고점 밸류에이션과 노조 이슈로 인한 변동성 우려가 있어 제한적 수량 (50 주) 으로 진입합니다. 상승 추세는 인정하되, 조정 시 추가 매수 여력을 확보하는 방어적 접근입니다.""}, {""turn"": 8, ""date"": ""2026-05-26"", ""action"": ""sell"", ""stock_code"": ""005930"", ""quantity"": 100, ""executed_price"": 299000.0, ""trade_value"": 29900000.0, ""status"": ""filled"", ""filled_quantity"": 100, ""action_reason"": ""HBM 축소 루머로 인한 불안감과 뉴스 과반응으로 보수적 관점 전환. 소폭 흑자 상태이므로 리스크 회피를 위해 전량 매도하여 현금화.""}]}"
chunk_013_2026-05-28_2026-06-01,2026-05-28,2,A017,"[3646, 3647, 3652, 3653, 3657, 3661]",3661,"삼성전자, 단기 변동성 우려 속 내재가치 견조함",analysis,read,"[""상위 수익자"", ""자산가"", ""커뮤니티 인플루언서""]","{""portfolio_summary"": {""state_id"": ""ps_A015_t002"", ""agent_id"": ""A015"", ""turn"": 2, ""date"": ""2026-05-28"", ""cash"": 72495000.0, ""positions"": ""[{\""stock_code\"": \""005930\"", \""quantity\"": 90, \""avg_cost\"": 305000.0, \""current_price\"": 299500.0, \""unrealized_pnl\"": -495000.0, \""unrealized_pnl_rate\"": -0.018032786885245903}]"", ""total_value"": 99450000.0, ""realized_pnl"": -55000.0, ""total_return_rate"": -0.0055, ""updated_at"": ""2026-07-16 20:35:03""}, ""recent_trades"": [{""turn"": 10, ""date"": ""2026-05-27"", ""action"": ""buy"", ""stock_code"": ""005930"", ""quantity"": 20, ""executed_price"": 307000.0, ""trade_value"": 6140000.0, ""status"": ""filled"", ""filled_quantity"": 20, ""action_reason"": ""노조 합의 가결과 업황 회복으로 중장기 상승 흐름이 명확하며, 당일 종가 하락으로 조정 시 매수 기회로 판단합니다.""}, {""turn"": 9, ""date"": ""2026-05-27"", ""action"": ""sell"", ""stock_code"": ""005930"", ""quantity"": 10, ""executed_price"": 321500.0, ""trade_value"": 3215000.0, ""status"": ""filled"", ""filled_quantity"": 10, ""action_reason"": ""단기 과매수 및 조정 가능성에 대비하여 일부 수익 실현 및 리스크 관리. 장기적 내재가치는 유효하나 고점 추격 매수 자제.""}, {""turn"": 8, ""date"": ""2026-05-26"", ""action"": ""sell"", ""stock_code"": ""005930"", ""quantity"": 50, ""executed_price"": 299000.0, ""trade_value"": 14950000.0, ""status"": ""filled"", ""filled_quantity"": 50, ""action_reason"": ""혼재된 뉴스 (HBM 소문, 지배구조 이슈) 와 MA5 대비 프리미엄으로 인해 단기 조정 리스크가 존재합니다. 소수익을 확정하고 현금 비중을 높여 MA20 부근의 저평가 매수 기회를 대비합니다.""}]}"
chunk_013_2026-05-28_2026-06-01,2026-05-28,2,A013,"[3652, 3653, 3657, 3661, 3663]",3652,삼성전자 단기 변동성 확대에 대한 생각,analysis,like,[],null
chunk_013_2026-05-28_2026-06-01,2026-05-28,2,A013,"[3652, 3653, 3657, 3661, 3663]",3653,"[시장 전망] 삼성전자, 단기 변동성 속에서도 장기 성장성 믿고 보유 유지해야 할까?",analysis,read,"[""커뮤니티 인플루언서""]",null
chunk_013_2026-05-28_2026-06-01,2026-05-28,2,A013,"[3652, 3653, 3657, 3661, 3663]",3657,"오늘의 삼성전자, 리스크 관리가 우선인 시점",analysis,like,[],null
chunk_013_2026-05-28_2026-06-01,2026-05-28,2,A013,"[3652, 3653, 3657, 3661, 3663]",3661,"삼성전자, 단기 변동성 우려 속 내재가치 견조함",analysis,unlike,"[""상위 수익자"", ""자산가"", ""커뮤니티 인플루언서""]",null
chunk_013_2026-05-28_2026-06-01,2026-05-28,2,A013,"[3652, 3653, 3657, 3661, 3663]",3663,오늘 삼성전자 일부 매도했습니다.,trade_share,like,[],null
chunk_013_2026-05-28_2026-06-01,2026-05-28,2,A027,"[3652, 3653, 3655, 3657, 3661]",3652,삼성전자 단기 변동성 확대에 대한 생각,analysis,like,[],null
chunk_013_2026-05-28_2026-06-01,2026-05-28,2,A027,"[3652, 3653, 3655, 3657, 3661]",3653,"[시장 전망] 삼성전자, 단기 변동성 속에서도 장기 성장성 믿고 보유 유지해야 할까?",analysis,read,"[""커뮤니티 인플루언서""]",null
chunk_013_2026-05-28_2026-06-01,2026-05-28,2,A027,"[3652, 3653, 3655, 3657, 3661]",3655,"삼성전자, MA5 지지선 확인이 관건입니다",analysis,like,[],null
chunk_013_2026-05-28_2026-06-01,2026-05-28,2,A027,"[3652, 3653, 3655, 3657, 3661]",3657,"오늘의 삼성전자, 리스크 관리가 우선인 시점",analysis,like,[],null
chunk_013_2026-05-28_2026-06-01,2026-05-28,2,A027,"[3652, 3653, 3655, 3657, 3661]",3661,"삼성전자, 단기 변동성 우려 속 내재가치 견조함",analysis,unlike,"[""상위 수익자"", ""자산가"", ""커뮤니티 인플루언서""]",null
chunk_013_2026-05-28_2026-06-01,2026-05-28,2,A022,"[3652, 3653, 3657, 3661, 3664]",3652,삼성전자 단기 변동성 확대에 대한 생각,analysis,like,[],null
chunk_013_2026-05-28_2026-06-01,2026-05-28,2,A022,"[3652, 3653, 3657, 3661, 3664]",3653,"[시장 전망] 삼성전자, 단기 변동성 속에서도 장기 성장성 믿고 보유 유지해야 할까?",analysis,read,"[""커뮤니티 인플루언서""]",null
chunk_013_2026-05-28_2026-06-01,2026-05-28,2,A022,"[3652, 3653, 3657, 3661, 3664]",3657,"오늘의 삼성전자, 리스크 관리가 우선인 시점",analysis,like,[],null
chunk_013_2026-05-28_2026-06-01,2026-05-28,2,A022,"[3652, 3653, 3657, 3661, 3664]",3661,"삼성전자, 단기 변동성 우려 속 내재가치 견조함",analysis,unlike,"[""상위 수익자"", ""자산가"", ""커뮤니티 인플루언서""]",null
chunk_013_2026-05-28_2026-06-01,2026-05-28,2,A022,"[3652, 3653, 3657, 3661, 3664]",3664,오늘 삼성전자 매도 거래 공유합니다.,trade_share,like,[],null
chunk_013_2026-05-28_2026-06-01,2026-05-28,2,A026,"[3652, 3653, 3657, 3661, 3663]",3652,삼성전자 단기 변동성 확대에 대한 생각,analysis,like,[],null
chunk_013_2026-05-28_2026-06-01,2026-05-28,2,A026,"[3652, 3653, 3657, 3661, 3663]",3653,"[시장 전망] 삼성전자, 단기 변동성 속에서도 장기 성장성 믿고 보유 유지해야 할까?",analysis,like,"[""커뮤니티 인플루언서""]",null
chunk_013_2026-05-28_2026-06-01,2026-05-28,2,A026,"[3652, 3653, 3657, 3661, 3663]",3657,"오늘의 삼성전자, 리스크 관리가 우선인 시점",analysis,like,[],null
chunk_013_2026-05-28_2026-06-01,2026-05-28,2,A026,"[3652, 3653, 3657, 3661, 3663]",3661,"삼성전자, 단기 변동성 우려 속 내재가치 견조함",analysis,read,"[""상위 수익자"", ""자산가"", ""커뮤니티 인플루언서""]",null
chunk_013_2026-05-28_2026-06-01,2026-05-28,2,A026,"[3652, 3653, 3657, 3661, 3663]",3663,오늘 삼성전자 일부 매도했습니다.,trade_share,unlike,[],null
chunk_013_2026-05-28_2026-06-01,2026-05-28,2,A020,"[3652, 3653, 3655, 3657, 3661]",3652,삼성전자 단기 변동성 확대에 대한 생각,analysis,like,[],"{""portfolio_summary"": {""state_id"": ""ps_A004_t002"", ""agent_id"": ""A004"", ""turn"": 2, ""date"": ""2026-05-28"", ""cash"": 36225000.0, ""positions"": ""[{\""stock_code\"": \""005930\"", \""quantity\"": 210, \""avg_cost\"": 303690.4761904762, \""current_price\"": 299500.0, \""unrealized_pnl\"": -880000.0000000047, \""unrealized_pnl_rate\"": -0.013798510388083177}]"", ""total_value"": 99120000.0, ""realized_pnl"": 0.0, ""total_return_rate"": -0.0088, ""updated_at"": ""2026-07-16 20:35:03""}, ""recent_trades"": [{""turn"": 10, ""date"": ""2026-05-27"", ""action"": ""sell"", ""stock_code"": ""005930"", ""quantity"": 50, ""executed_price"": 307000.0, ""trade_value"": 15350000.0, ""status"": ""filled"", ""filled_quantity"": 50, ""action_reason"": ""수익 구간에서 처분효과에 따른 매도 욕구와 기술적 상단 저항으로 판단하여 수익 실현 매도합니다.""}, {""turn"": 9, ""date"": ""2026-05-27"", ""action"": ""sell"", ""stock_code"": ""005930"", ""quantity"": 50, ""executed_price"": 321500.0, ""trade_value"": 16075000.0, ""status"": ""filled"", ""filled_quantity"": 50, ""action_reason"": ""단기 과매수 구간 (MA5 대비 11.4% 프리미엄) 이며, 수익 실현 욕구 (처분효과) 와 단일 종목 집중 리스크 관리 차원에서 일부 매도합니다.""}, {""turn"": 8, ""date"": ""2026-05-26"", ""action"": ""sell"", ""stock_code"": ""005930"", ""quantity"": 50, ""executed_price"": 299000.0, ""trade_value"": 14950000.0, ""status"": ""filled"", ""filled_quantity"": 50, ""action_reason"": ""수익 구간에서 처분효과에 따른 매도 욕구와 30 만 원 저항선 부근의 매도 압력, HBM 루머 공포를 고려하여 일부 매도합니다.""}]}"
chunk_013_2026-05-28_2026-06-01,2026-05-28,2,A020,"[3652, 3653, 3655, 3657, 3661]",3653,"[시장 전망] 삼성전자, 단기 변동성 속에서도 장기 성장성 믿고 보유 유지해야 할까?",analysis,unlike,"[""커뮤니티 인플루언서""]","{""portfolio_summary"": {""state_id"": ""ps_A001_t002"", ""agent_id"": ""A001"", ""turn"": 2, ""date"": ""2026-05-28"", ""cash"": 53280000.0, ""positions"": ""[{\""stock_code\"": \""005930\"", \""quantity\"": 153, \""avg_cost\"": 305000.0, \""current_price\"": 299500.0, \""unrealized_pnl\"": -841500.0, \""unrealized_pnl_rate\"": -0.018032786885245903}]"", ""total_value"": 99103500.0, ""realized_pnl"": -55000.0, ""total_return_rate"": -0.008965, ""updated_at"": ""2026-07-16 20:35:03""}, ""recent_trades"": [{""turn"": 10, ""date"": ""2026-05-27"", ""action"": ""buy"", ""stock_code"": ""005930"", ""quantity"": 50, ""executed_price"": 307000.0, ""trade_value"": 15350000.0, ""status"": ""filled"", ""filled_quantity"": 50, ""action_reason"": ""현재 주가 (307,000 원) 가 내재가치 대비 저평가 구간이며, 재무 점수 1 위 등 긍정적 펀더멘털이 확인되었습니다. 평균 매수 단가 (321,500 원) 대비 손실 상태이나, 가치 투자 관점에서 장기 성장성을 믿고 매수하여 단가를 낮춥니다.""}, {""turn"": 9, ""date"": ""2026-05-27"", ""action"": ""buy"", ""stock_code"": ""005930"", ""quantity"": 50, ""executed_price"": 321500.0, ""trade_value"": 16075000.0, ""status"": ""filled"", ""filled_quantity"": 50, ""action_reason"": ""시스템 제약으로 매수 필수이나, 현재 주가가 MA20 대비 20% 이상 프리미엄으로 평가되어 과열 구간으로 판단됨. 반도체 업황 호조는 인정하나, 가치 투자 관점에서 소량 진입하여 추격 매수 리스크를 최소화하고 현금 여력을 유지함.""}, {""turn"": 8, ""date"": ""2026-05-26"", ""action"": ""sell"", ""stock_code"": ""005930"", ""quantity"": 1, ""executed_price"": 299000.0, ""trade_value"": 299000.0, ""status"": ""filled"", ""filled_quantity"": 1, ""action_reason"": ""현재 주가가 내재가치 중상위권으로 밸류에이션 부담이 있으며, HBM 축소 루머로 단기 변동성 우려가 있어 매수 타이밍이 아니라고 판단됩니다. 현금 비중을 높여 저가 매수 기회를 기다리는 것이 리스크 관리에 유리합니다.""}]}"
chunk_013_2026-05-28_2026-06-01,2026-05-28,2,A020,"[3652, 3653, 3655, 3657, 3661]",3655,"삼성전자, MA5 지지선 확인이 관건입니다",analysis,like,[],"{""portfolio_summary"": {""state_id"": ""ps_A017_t002"", ""agent_id"": ""A017"", ""turn"": 2, ""date"": ""2026-05-28"", ""cash"": 69200500.0, ""positions"": ""[{\""stock_code\"": \""005930\"", \""quantity\"": 101, \""avg_cost\"": 304945.54455445544, \""current_price\"": 299500.0, \""unrealized_pnl\"": -549999.9999999993, \""unrealized_pnl_rate\"": -0.017857432750531643}]"", ""total_value"": 99450000.0, ""realized_pnl"": 0.0, ""total_return_rate"": -0.0055, ""updated_at"": ""2026-07-16 20:35:03""}, ""recent_trades"": [{""turn"": 10, ""date"": ""2026-05-27"", ""action"": ""buy"", ""stock_code"": ""005930"", ""quantity"": 50, ""executed_price"": 307000.0, ""trade_value"": 15350000.0, ""status"": ""filled"", ""filled_quantity"": 50, ""action_reason"": ""나스닥 상승과 기술적 지표 회복으로 단기 상승 모멘텀이 확인되었습니다. MA5(294,800 원) 상회하며 추세 반등 신호가 명확하므로, 현재 종가 (307,000 원) 에서 매수하여 평균 단가 (310,250 원) 를 하향 조정합니다.""}, {""turn"": 9, ""date"": ""2026-05-27"", ""action"": ""buy"", ""stock_code"": ""005930"", ""quantity"": 100, ""executed_price"": 321500.0, ""trade_value"": 32150000.0, ""status"": ""filled"", ""filled_quantity"": 100, ""action_reason"": ""기술적 지표 (이동평균선 상회, 거래량 급증) 와 긍정적 뉴스 (코스피 8000 돌파, 마이크로 시총 1 조 달러) 에 따른 상승 추세 지속 기대. 현금 비중이 높아 추가 매수 여력 충분.""}, {""turn"": 8, ""date"": ""2026-05-26"", ""action"": ""buy"", ""stock_code"": ""005930"", ""quantity"": 100, ""executed_price"": 299000.0, ""trade_value"": 29900000.0, ""status"": ""filled"", ""filled_quantity"": 100, ""action_reason"": ""기술적 지표 (MA5/MA20 지지, 거래량 증가) 가 매수 신호를 주나, HBM 축소설 등 악재로 인해 전체 현금의 30% 수준으로 제한적으로 매수합니다.""}]}"
chunk_013_2026-05-28_2026-06-01,2026-05-28,2,A020,"[3652, 3653, 3655, 3657, 3661]",3657,"오늘의 삼성전자, 리스크 관리가 우선인 시점",analysis,like,[],"{""portfolio_summary"": {""state_id"": ""ps_A014_t002"", ""agent_id"": ""A014"", ""turn"": 2, ""date"": ""2026-05-28"", ""cash"": 74245000.0, ""positions"": ""[{\""stock_code\"": \""005930\"", \""quantity\"": 83, \""avg_cost\"": 305000.0, \""current_price\"": 299500.0, \""unrealized_pnl\"": -456500.0, \""unrealized_pnl_rate\"": -0.018032786885245903}]"", ""total_value"": 99103500.0, ""realized_pnl"": -440000.0, ""total_return_rate"": -0.008965, ""updated_at"": ""2026-07-16 20:35:03""}, ""recent_trades"": [{""turn"": 10, ""date"": ""2026-05-27"", ""action"": ""buy"", ""stock_code"": ""005930"", ""quantity"": 100, ""executed_price"": 307000.0, ""trade_value"": 30700000.0, ""status"": ""filled"", ""filled_quantity"": 100, ""action_reason"": ""나스닥 호재와 MA5 상향 돌파로 하락 추세는 일시적일 가능성이 높음. 재무 안정성을 믿고 손실 회복을 위한 매수.""}, {""turn"": 9, ""date"": ""2026-05-27"", ""action"": ""buy"", ""stock_code"": ""005930"", ""quantity"": 50, ""executed_price"": 321500.0, ""trade_value"": 16075000.0, ""status"": ""filled"", ""filled_quantity"": 50, ""action_reason"": ""시스템 제약으로 매수 필수이나, 32 만 원대 고점 밸류에이션과 노조 이슈로 인한 변동성 우려가 있어 제한적 수량 (50 주) 으로 진입합니다. 상승 추세는 인정하되, 조정 시 추가 매수 여력을 확보하는 방어적 접근입니다.""}, {""turn"": 8, ""date"": ""2026-05-26"", ""action"": ""sell"", ""stock_code"": ""005930"", ""quantity"": 100, ""executed_price"": 299000.0, ""trade_value"": 29900000.0, ""status"": ""filled"", ""filled_quantity"": 100, ""action_reason"": ""HBM 축소 루머로 인한 불안감과 뉴스 과반응으로 보수적 관점 전환. 소폭 흑자 상태이므로 리스크 회피를 위해 전량 매도하여 현금화.""}]}"
chunk_013_2026-05-28_2026-06-01,2026-05-28,2,A020,"[3652, 3653, 3655, 3657, 3661]",3661,"삼성전자, 단기 변동성 우려 속 내재가치 견조함",analysis,read,"[""상위 수익자"", ""자산가"", ""커뮤니티 인플루언서""]","{""portfolio_summary"": {""state_id"": ""ps_A015_t002"", ""agent_id"": ""A015"", ""turn"": 2, ""date"": ""2026-05-28"", ""cash"": 72495000.0, ""positions"": ""[{\""stock_code\"": \""005930\"", \""quantity\"": 90, \""avg_cost\"": 305000.0, \""current_price\"": 299500.0, \""unrealized_pnl\"": -495000.0, \""unrealized_pnl_rate\"": -0.018032786885245903}]"", ""total_value"": 99450000.0, ""realized_pnl"": -55000.0, ""total_return_rate"": -0.0055, ""updated_at"": ""2026-07-16 20:35:03""}, ""recent_trades"": [{""turn"": 10, ""date"": ""2026-05-27"", ""action"": ""buy"", ""stock_code"": ""005930"", ""quantity"": 20, ""executed_price"": 307000.0, ""trade_value"": 6140000.0, ""status"": ""filled"", ""filled_quantity"": 20, ""action_reason"": ""노조 합의 가결과 업황 회복으로 중장기 상승 흐름이 명확하며, 당일 종가 하락으로 조정 시 매수 기회로 판단합니다.""}, {""turn"": 9, ""date"": ""2026-05-27"", ""action"": ""sell"", ""stock_code"": ""005930"", ""quantity"": 10, ""executed_price"": 321500.0, ""trade_value"": 3215000.0, ""status"": ""filled"", ""filled_quantity"": 10, ""action_reason"": ""단기 과매수 및 조정 가능성에 대비하여 일부 수익 실현 및 리스크 관리. 장기적 내재가치는 유효하나 고점 추격 매수 자제.""}, {""turn"": 8, ""date"": ""2026-05-26"", ""action"": ""sell"", ""stock_code"": ""005930"", ""quantity"": 50, ""executed_price"": 299000.0, ""trade_value"": 14950000.0, ""status"": ""filled"", ""filled_quantity"": 50, ""action_reason"": ""혼재된 뉴스 (HBM 소문, 지배구조 이슈) 와 MA5 대비 프리미엄으로 인해 단기 조정 리스크가 존재합니다. 소수익을 확정하고 현금 비중을 높여 MA20 부근의 저평가 매수 기회를 대비합니다.""}]}"
chunk_013_2026-05-28_2026-06-01,2026-05-28,2,A025,"[3652, 3653, 3657, 3661, 3664]",3652,삼성전자 단기 변동성 확대에 대한 생각,analysis,like,[],null
chunk_013_2026-05-28_2026-06-01,2026-05-28,2,A025,"[3652, 3653, 3657, 3661, 3664]",3653,"[시장 전망] 삼성전자, 단기 변동성 속에서도 장기 성장성 믿고 보유 유지해야 할까?",analysis,read,"[""커뮤니티 인플루언서""]",null
chunk_013_2026-05-28_2026-06-01,2026-05-28,2,A025,"[3652, 3653, 3657, 3661, 3664]",3657,"오늘의 삼성전자, 리스크 관리가 우선인 시점",analysis,like,[],null
chunk_013_2026-05-28_2026-06-01,2026-05-28,2,A025,"[3652, 3653, 3657, 3661, 3664]",3661,"삼성전자, 단기 변동성 우려 속 내재가치 견조함",analysis,unlike,"[""상위 수익자"", ""자산가"", ""커뮤니티 인플루언서""]",null
chunk_013_2026-05-28_2026-06-01,2026-05-28,2,A025,"[3652, 3653, 3657, 3661, 3664]",3664,오늘 삼성전자 매도 거래 공유합니다.,trade_share,like,[],null
chunk_013_2026-05-28_2026-06-01,2026-05-29,4,A004,"[3667, 3672, 3678, 3680, 3685]",3667,오늘 삼성전자 주가에 대한 생각과 리스크 분석,analysis,like,[],null
chunk_013_2026-05-28_2026-06-01,2026-05-29,4,A004,"[3667, 3672, 3678, 3680, 3685]",3672,불확실성이 커진 시장에서의 삼성전자 투자 전략,analysis,like,"[""상위 수익자"", ""자산가"", ""커뮤니티 인플루언서""]",null
chunk_013_2026-05-28_2026-06-01,2026-05-29,4,A004,"[3667, 3672, 3678, 3680, 3685]",3678,삼성전자: 단기 변동성 관리의 필요성과 리스크 관리,analysis,unlike,"[""커뮤니티 인플루언서""]",null
chunk_013_2026-05-28_2026-06-01,2026-05-29,4,A004,"[3667, 3672, 3678, 3680, 3685]",3680,삼성전자 기술적 분석 및 단기 변동성 리스크,analysis,like,[],null
chunk_013_2026-05-28_2026-06-01,2026-05-29,4,A004,"[3667, 3672, 3678, 3680, 3685]",3685,삼성전자 HBM 검증 중단설에 따른 단기 리스크 분석,analysis,unlike,[],null
chunk_013_2026-05-28_2026-06-01,2026-05-29,4,A005,"[3667, 3678, 3682, 3684, 3685]",3667,오늘 삼성전자 주가에 대한 생각과 리스크 분석,analysis,like,[],null
chunk_013_2026-05-28_2026-06-01,2026-05-29,4,A005,"[3667, 3678, 3682, 3684, 3685]",3678,삼성전자: 단기 변동성 관리의 필요성과 리스크 관리,analysis,like,"[""커뮤니티 인플루언서""]",null
chunk_013_2026-05-28_2026-06-01,2026-05-29,4,A005,"[3667, 3678, 3682, 3684, 3685]",3682,"삼성전자, 불확실성이 커진 현재 상황에 대한 생각",analysis,unlike,[],null
chunk_013_2026-05-28_2026-06-01,2026-05-29,4,A005,"[3667, 3678, 3682, 3684, 3685]",3684,삼성전자 내재가치에 대한 불확실성과 리스크 관리,analysis,like,[],null
chunk_013_2026-05-28_2026-06-01,2026-05-29,4,A005,"[3667, 3678, 3682, 3684, 3685]",3685,삼성전자 HBM 검증 중단설에 따른 단기 리스크 분석,analysis,like,[],null
chunk_013_2026-05-28_2026-06-01,2026-05-29,4,A010,"[3667, 3672, 3678, 3684, 3685]",3667,오늘 삼성전자 주가에 대한 생각과 리스크 분석,analysis,like,[],null
chunk_013_2026-05-28_2026-06-01,2026-05-29,4,A010,"[3667, 3672, 3678, 3684, 3685]",3672,불확실성이 커진 시장에서의 삼성전자 투자 전략,analysis,like,"[""상위 수익자"", ""자산가"", ""커뮤니티 인플루언서""]",null
chunk_013_2026-05-28_2026-06-01,2026-05-29,4,A010,"[3667, 3672, 3678, 3684, 3685]",3678,삼성전자: 단기 변동성 관리의 필요성과 리스크 관리,analysis,like,"[""커뮤니티 인플루언서""]",null
chunk_013_2026-05-28_2026-06-01,2026-05-29,4,A010,"[3667, 3672, 3678, 3684, 3685]",3684,삼성전자 내재가치에 대한 불확실성과 리스크 관리,analysis,unlike,[],null
chunk_013_2026-05-28_2026-06-01,2026-05-29,4,A010,"[3667, 3672, 3678, 3684, 3685]",3685,삼성전자 HBM 검증 중단설에 따른 단기 리스크 분석,analysis,read,[],null
chunk_013_2026-05-28_2026-06-01,2026-05-29,4,A008,"[3668, 3672, 3679, 3680, 3684]",3668,"[시장 전망] HBM4E 검증 중단설과 노사 갈등, 삼성전자의 향후 방향은?",analysis,like,[],null
chunk_013_2026-05-28_2026-06-01,2026-05-29,4,A008,"[3668, 3672, 3679, 3680, 3684]",3672,불확실성이 커진 시장에서의 삼성전자 투자 전략,analysis,read,"[""상위 수익자"", ""자산가"", ""커뮤니티 인플루언서""]",null
chunk_013_2026-05-28_2026-06-01,2026-05-29,4,A008,"[3668, 3672, 3679, 3680, 3684]",3679,"불확실성이 커진 삼성전자, 기술적 분석과 향후 전망",analysis,like,[],null
chunk_013_2026-05-28_2026-06-01,2026-05-29,4,A008,"[3668, 3672, 3679, 3680, 3684]",3680,삼성전자 기술적 분석 및 단기 변동성 리스크,analysis,like,[],null
chunk_013_2026-05-28_2026-06-01,2026-05-29,4,A008,"[3668, 3672, 3679, 3680, 3684]",3684,삼성전자 내재가치에 대한 불확실성과 리스크 관리,analysis,unlike,[],null
chunk_013_2026-05-28_2026-06-01,2026-05-29,4,A006,"[3667, 3672, 3679, 3680, 3685]",3667,오늘 삼성전자 주가에 대한 생각과 리스크 분석,analysis,like,[],null
chunk_013_2026-05-28_2026-06-01,2026-05-29,4,A006,"[3667, 3672, 3679, 3680, 3685]",3672,불확실성이 커진 시장에서의 삼성전자 투자 전략,analysis,like,"[""상위 수익자"", ""자산가"", ""커뮤니티 인플루언서""]",null
chunk_013_2026-05-28_2026-06-01,2026-05-29,4,A006,"[3667, 3672, 3679, 3680, 3685]",3679,"불확실성이 커진 삼성전자, 기술적 분석과 향후 전망",analysis,unlike,[],null
chunk_013_2026-05-28_2026-06-01,2026-05-29,4,A006,"[3667, 3672, 3679, 3680, 3685]",3680,삼성전자 기술적 분석 및 단기 변동성 리스크,analysis,like,[],null
chunk_013_2026-05-28_2026-06-01,2026-05-29,4,A006,"[3667, 3672, 3679, 3680, 3685]",3685,삼성전자 HBM 검증 중단설에 따른 단기 리스크 분석,analysis,unlike,[],null
chunk_013_2026-05-28_2026-06-01,2026-05-29,4,A007,"[3667, 3672, 3684, 3685, 3678]",3667,오늘 삼성전자 주가에 대한 생각과 리스크 분석,analysis,like,[],"{""portfolio_summary"": {""state_id"": ""ps_A008_t004"", ""agent_id"": ""A008"", ""turn"": 4, ""date"": ""2026-05-29"", ""cash"": 46615000.0, ""positions"": ""[{\""stock_code\"": \""005930\"", \""quantity\"": 173, \""avg_cost\"": 306994.21965317917, \""current_price\"": 317000.0, \""unrealized_pnl\"": 1731000.0000000035, \""unrealized_pnl_rate\"": 0.032592732065524446}]"", ""total_value"": 101456000.0, ""realized_pnl"": -275000.0, ""total_return_rate"": 0.01456, ""updated_at"": ""2026-07-16 20:57:54""}, ""recent_trades"": [{""turn"": 10, ""date"": ""2026-05-27"", ""action"": ""buy"", ""stock_code"": ""005930"", ""quantity"": 1, ""executed_price"": 307000.0, ""trade_value"": 307000.0, ""status"": ""filled"", ""filled_quantity"": 1, ""action_reason"": ""글로벌 반도체 호황과 나스닥 상승세로 상승 모멘텀이 강하며, 현재 주가 (307,000 원) 가 5 일선 및 20 일선 위에 있어 중장기 상승 추세 유지. 고위험 성향에 따라 수익 종목 추가 매수로 추세를 따르되, 현금 부족으로 최대 허용 수량인 1 주만 매수.""}, {""turn"": 9, ""date"": ""2026-05-27"", ""action"": ""buy"", ""stock_code"": ""005930"", ""quantity"": 3, ""executed_price"": 321500.0, ""trade_value"": 964500.0, ""status"": ""filled"", ""filled_quantity"": 3, ""action_reason"": ""기술적 돌파 신호 (MA5 상향) 와 반도체 섹터 호황으로 추세 추종 전략에 따라 매수합니다. 고위험 선호 성향으로 과열 구간에서도 상승 모멘텀을 신뢰합니다.""}, {""turn"": 8, ""date"": ""2026-05-26"", ""action"": ""buy"", ""stock_code"": ""005930"", ""quantity"": 6, ""executed_price"": 299000.0, ""trade_value"": 1794000.0, ""status"": ""filled"", ""filled_quantity"": 6, ""action_reason"": ""HBM 루머에도 거래량 증가와 MA5 상향 등 기술적 강세가 확인되어 추세 추종 전략에 따라 매수합니다. 고위험 고수익 성향에 맞춰 제한된 현금 내에서 최대 수량으로 진입합니다.""}]}"
chunk_013_2026-05-28_2026-06-01,2026-05-29,4,A007,"[3667, 3672, 3684, 3685, 3678]",3672,불확실성이 커진 시장에서의 삼성전자 투자 전략,analysis,like,"[""상위 수익자"", ""자산가"", ""커뮤니티 인플루언서""]","{""portfolio_summary"": {""state_id"": ""ps_A005_t004"", ""agent_id"": ""A005"", ""turn"": 4, ""date"": ""2026-05-29"", ""cash"": 23280000.0, ""positions"": ""[{\""stock_code\"": \""005930\"", \""quantity\"": 253, \""avg_cost\"": 304249.08424908423, \""current_price\"": 317000.0, \""unrealized_pnl\"": 3225981.684981689, \""unrealized_pnl_rate\"": 0.041909463038767206}]"", ""total_value"": 103481000.0, ""realized_pnl"": 255018.31501831533, ""total_return_rate"": 0.03481, ""updated_at"": ""2026-07-16 20:57:54""}, ""recent_trades"": [{""turn"": 10, ""date"": ""2026-05-27"", ""action"": ""buy"", ""stock_code"": ""005930"", ""quantity"": 80, ""executed_price"": 307000.0, ""trade_value"": 24560000.0, ""status"": ""filled"", ""filled_quantity"": 80, ""action_reason"": ""오픈가 대비 4.5% 하락한 307,000 원은 내재가치 범위 내의 저평가 구간으로 판단됩니다. 재무 점수 1 위 뉴스와 반도체 업황 회복 기대감에 따라 가치 매수 기회로 해석하며, 높은 현금 비중으로 매수 여력이 충분합니다.""}, {""turn"": 9, ""date"": ""2026-05-27"", ""action"": ""sell"", ""stock_code"": ""005930"", ""quantity"": 50, ""executed_price"": 321500.0, ""trade_value"": 16075000.0, ""status"": ""filled"", ""filled_quantity"": 50, ""action_reason"": ""현재 주가 32 만 1 천 원은 평균 매수 단가 대비 수익 실현 구간이며, 노사 갈등과 경쟁사 리스크로 인한 단기 변동성 우려가 있습니다. 내재가치 대비 적정 수준을 유지하고 있어 추가 상승 여력은 제한적이므로, 수익을 확정하고 집중 투자 리스크를 관리하기 위해 일부 매도합니다.""}, {""turn"": 8, ""date"": ""2026-05-26"", ""action"": ""sell"", ""stock_code"": ""005930"", ""quantity"": 50, ""executed_price"": 299000.0, ""trade_value"": 14950000.0, ""status"": ""filled"", ""filled_quantity"": 50, ""action_reason"": ""HBM 축소 루머와 30 만 원 저항선 근접으로 단기 변동성 우려가 있으나, 내재가치 범위 내이므로 현물 보유 관점. 다만, 단일 종목 집중 리스크 관리와 향후 조정 시 매수 기회 확보를 위해 일부 매도.""}]}"
chunk_013_2026-05-28_2026-06-01,2026-05-29,4,A007,"[3667, 3672, 3684, 3685, 3678]",3684,삼성전자 내재가치에 대한 불확실성과 리스크 관리,analysis,unlike,[],"{""portfolio_summary"": {""state_id"": ""ps_A026_t004"", ""agent_id"": ""A026"", ""turn"": 4, ""date"": ""2026-05-29"", ""cash"": 57995000.0, ""positions"": ""[{\""stock_code\"": \""005930\"", \""quantity\"": 140, \""avg_cost\"": 304500.0, \""current_price\"": 317000.0, \""unrealized_pnl\"": 1750000.0, \""unrealized_pnl_rate\"": 0.041050903119868636}]"", ""total_value"": 102375000.0, ""realized_pnl"": 625000.0, ""total_return_rate"": 0.02375, ""updated_at"": ""2026-07-16 20:57:54""}, ""recent_trades"": [{""turn"": 10, ""date"": ""2026-05-27"", ""action"": ""buy"", ""stock_code"": ""005930"", ""quantity"": 100, ""executed_price"": 307000.0, ""trade_value"": 30700000.0, ""status"": ""filled"", ""filled_quantity"": 100, ""action_reason"": ""삼성전자의 재무 점수 1 위와 울산 지역 반도체 산업 성장 등 장기적 우위를 인정하여 진입합니다. 단, 단기 밸류에이션 부담과 거시 리스크를 고려해 전량 매수보다는 현금 여력을 확보한 코어 포지션으로 시작합니다.""}, {""turn"": 9, ""date"": ""2026-05-27"", ""action"": ""sell"", ""stock_code"": ""005930"", ""quantity"": 40, ""executed_price"": 321500.0, ""trade_value"": 12860000.0, ""status"": ""filled"", ""filled_quantity"": 40, ""action_reason"": ""가치평가 관점에서 현재 주가가 내재가치를 상회하며, 단기 과열 및 노사 리스크로 인해 매도하여 수익을 확정하고 현금 비중을 높입니다.""}, {""turn"": 8, ""date"": ""2026-05-26"", ""action"": ""sell"", ""stock_code"": ""005930"", ""quantity"": 10, ""executed_price"": 299000.0, ""trade_value"": 2990000.0, ""status"": ""filled"", ""filled_quantity"": 10, ""action_reason"": ""현재 주가가 30 만 원 저항선 부근에 위치하여 밸류에이션 부담이 있으며, HBM 축소 루머로 단기 변동성 우려가 존재합니다. 가치 투자 관점에서 적정선 상단에서 일부 수익 실현을 통해 리스크를 관리합니다.""}]}"
chunk_013_2026-05-28_2026-06-01,2026-05-29,4,A007,"[3667, 3672, 3684, 3685, 3678]",3685,삼성전자 HBM 검증 중단설에 따른 단기 리스크 분석,analysis,like,[],"{""portfolio_summary"": {""state_id"": ""ps_A027_t004"", ""agent_id"": ""A027"", ""turn"": 4, ""date"": ""2026-05-29"", ""cash"": 86313500.0, ""positions"": ""[{\""stock_code\"": \""005930\"", \""quantity\"": 45, \""avg_cost\"": 305500.0, \""current_price\"": 317000.0, \""unrealized_pnl\"": 517500.0, \""unrealized_pnl_rate\"": 0.03764320785597381}]"", ""total_value"": 100578500.0, ""realized_pnl"": 61000.0, ""total_return_rate"": 0.005785, ""updated_at"": ""2026-07-16 20:57:54""}, ""recent_trades"": [{""turn"": 10, ""date"": ""2026-05-27"", ""action"": ""sell"", ""stock_code"": ""005930"", ""quantity"": 20, ""executed_price"": 307000.0, ""trade_value"": 6140000.0, ""status"": ""filled"", ""filled_quantity"": 20, ""action_reason"": ""당일 시가 대비 종가 하락 (-4.5%) 과 거래량 급증으로 단기 매도 압력이 확인되어, 기술적 지표는 양호하나 단기 변동성 위험을 고려합니다. 수익 구간에서 일부 수익 실현을 통해 신중한 리스크 관리가 필요합니다.""}, {""turn"": 9, ""date"": ""2026-05-27"", ""action"": ""buy"", ""stock_code"": ""005930"", ""quantity"": 30, ""executed_price"": 321500.0, ""trade_value"": 9645000.0, ""status"": ""filled"", ""filled_quantity"": 30, ""action_reason"": ""기술적 돌파 신호 (거래량 증가, MA5/20 상회) 와 섹터 모멘텀 (마이크론 호재) 으로 상승 추세가 우세하다고 판단하여 추세를 따릅니다.""}, {""turn"": 8, ""date"": ""2026-05-26"", ""action"": ""buy"", ""stock_code"": ""005930"", ""quantity"": 30, ""executed_price"": 299000.0, ""trade_value"": 8970000.0, ""status"": ""filled"", ""filled_quantity"": 30, ""action_reason"": ""기술적 지표 (MA5 상회, 거래량 증가) 가 상승 모멘텀을 보여주고 있어 매수 신호로 판단합니다. 과거 뉴스 공포에 매수 타이밍을 놓친 실수를 반복하지 않기 위해, HBM 루머에도 불구하고 차트 신호를 우선시합니다.""}]}"
chunk_013_2026-05-28_2026-06-01,2026-05-29,4,A007,"[3667, 3672, 3684, 3685, 3678]",3678,삼성전자: 단기 변동성 관리의 필요성과 리스크 관리,analysis,read,"[""커뮤니티 인플루언서""]","{""portfolio_summary"": {""state_id"": ""ps_A015_t004"", ""agent_id"": ""A015"", ""turn"": 4, ""date"": ""2026-05-29"", ""cash"": 66530000.0, ""positions"": ""[{\""stock_code\"": \""005930\"", \""quantity\"": 110, \""avg_cost\"": 306607.14285714284, \""current_price\"": 317000.0, \""unrealized_pnl\"": 1143214.2857142875, \""unrealized_pnl_rate\"": 0.0338963308095516}]"", ""total_value"": 101400000.0, ""realized_pnl"": 256785.71428571478, ""total_return_rate"": 0.014, ""updated_at"": ""2026-07-16 20:57:54""}, ""recent_trades"": [{""turn"": 10, ""date"": ""2026-05-27"", ""action"": ""buy"", ""stock_code"": ""005930"", ""quantity"": 20, ""executed_price"": 307000.0, ""trade_value"": 6140000.0, ""status"": ""filled"", ""filled_quantity"": 20, ""action_reason"": ""노조 합의 가결과 업황 회복으로 중장기 상승 흐름이 명확하며, 당일 종가 하락으로 조정 시 매수 기회로 판단합니다.""}, {""turn"": 9, ""date"": ""2026-05-27"", ""action"": ""sell"", ""stock_code"": ""005930"", ""quantity"": 10, ""executed_price"": 321500.0, ""trade_value"": 3215000.0, ""status"": ""filled"", ""filled_quantity"": 10, ""action_reason"": ""단기 과매수 및 조정 가능성에 대비하여 일부 수익 실현 및 리스크 관리. 장기적 내재가치는 유효하나 고점 추격 매수 자제.""}, {""turn"": 8, ""date"": ""2026-05-26"", ""action"": ""sell"", ""stock_code"": ""005930"", ""quantity"": 50, ""executed_price"": 299000.0, ""trade_value"": 14950000.0, ""status"": ""filled"", ""filled_quantity"": 50, ""action_reason"": ""혼재된 뉴스 (HBM 소문, 지배구조 이슈) 와 MA5 대비 프리미엄으로 인해 단기 조정 리스크가 존재합니다. 소수익을 확정하고 현금 비중을 높여 MA20 부근의 저평가 매수 기회를 대비합니다.""}]}"
chunk_013_2026-05-28_2026-06-01,2026-05-29,4,A003,"[3668, 3672, 3678, 3684, 3685]",3668,"[시장 전망] HBM4E 검증 중단설과 노사 갈등, 삼성전자의 향후 방향은?",analysis,unlike,[],null
chunk_013_2026-05-28_2026-06-01,2026-05-29,4,A003,"[3668, 3672, 3678, 3684, 3685]",3672,불확실성이 커진 시장에서의 삼성전자 투자 전략,analysis,like,"[""상위 수익자"", ""자산가"", ""커뮤니티 인플루언서""]",null
chunk_013_2026-05-28_2026-06-01,2026-05-29,4,A003,"[3668, 3672, 3678, 3684, 3685]",3678,삼성전자: 단기 변동성 관리의 필요성과 리스크 관리,analysis,like,"[""커뮤니티 인플루언서""]",null
chunk_013_2026-05-28_2026-06-01,2026-05-29,4,A003,"[3668, 3672, 3678, 3684, 3685]",3684,삼성전자 내재가치에 대한 불확실성과 리스크 관리,analysis,like,[],null
chunk_013_2026-05-28_2026-06-01,2026-05-29,4,A003,"[3668, 3672, 3678, 3684, 3685]",3685,삼성전자 HBM 검증 중단설에 따른 단기 리스크 분석,analysis,unlike,[],null
chunk_013_2026-05-28_2026-06-01,2026-05-29,4,A001,"[3667, 3672, 3684, 3678, 3685]",3667,오늘 삼성전자 주가에 대한 생각과 리스크 분석,analysis,like,[],null
chunk_013_2026-05-28_2026-06-01,2026-05-29,4,A001,"[3667, 3672, 3684, 3678, 3685]",3672,불확실성이 커진 시장에서의 삼성전자 투자 전략,analysis,like,"[""상위 수익자"", ""자산가"", ""커뮤니티 인플루언서""]",null
chunk_013_2026-05-28_2026-06-01,2026-05-29,4,A001,"[3667, 3672, 3684, 3678, 3685]",3684,삼성전자 내재가치에 대한 불확실성과 리스크 관리,analysis,unlike,[],null
chunk_013_2026-05-28_2026-06-01,2026-05-29,4,A001,"[3667, 3672, 3684, 3678, 3685]",3678,삼성전자: 단기 변동성 관리의 필요성과 리스크 관리,analysis,like,"[""커뮤니티 인플루언서""]",null
chunk_013_2026-05-28_2026-06-01,2026-05-29,4,A001,"[3667, 3672, 3684, 3678, 3685]",3685,삼성전자 HBM 검증 중단설에 따른 단기 리스크 분석,analysis,unlike,[],null
chunk_013_2026-05-28_2026-06-01,2026-05-29,4,A011,"[3667, 3672, 3678, 3680, 3685]",3667,오늘 삼성전자 주가에 대한 생각과 리스크 분석,analysis,like,[],null
chunk_013_2026-05-28_2026-06-01,2026-05-29,4,A011,"[3667, 3672, 3678, 3680, 3685]",3672,불확실성이 커진 시장에서의 삼성전자 투자 전략,analysis,like,"[""상위 수익자"", ""자산가"", ""커뮤니티 인플루언서""]",null
chunk_013_2026-05-28_2026-06-01,2026-05-29,4,A011,"[3667, 3672, 3678, 3680, 3685]",3678,삼성전자: 단기 변동성 관리의 필요성과 리스크 관리,analysis,read,"[""커뮤니티 인플루언서""]",null
chunk_013_2026-05-28_2026-06-01,2026-05-29,4,A011,"[3667, 3672, 3678, 3680, 3685]",3680,삼성전자 기술적 분석 및 단기 변동성 리스크,analysis,unlike,[],null
chunk_013_2026-05-28_2026-06-01,2026-05-29,4,A011,"[3667, 3672, 3678, 3680, 3685]",3685,삼성전자 HBM 검증 중단설에 따른 단기 리스크 분석,analysis,like,[],null
chunk_013_2026-05-28_2026-06-01,2026-05-29,4,A013,"[3667, 3672, 3680, 3684, 3685]",3667,오늘 삼성전자 주가에 대한 생각과 리스크 분석,analysis,like,[],null
chunk_013_2026-05-28_2026-06-01,2026-05-29,4,A013,"[3667, 3672, 3680, 3684, 3685]",3672,불확실성이 커진 시장에서의 삼성전자 투자 전략,analysis,unlike,"[""상위 수익자"", ""자산가"", ""커뮤니티 인플루언서""]",null
chunk_013_2026-05-28_2026-06-01,2026-05-29,4,A013,"[3667, 3672, 3680, 3684, 3685]",3680,삼성전자 기술적 분석 및 단기 변동성 리스크,analysis,like,[],null
chunk_013_2026-05-28_2026-06-01,2026-05-29,4,A013,"[3667, 3672, 3680, 3684, 3685]",3684,삼성전자 내재가치에 대한 불확실성과 리스크 관리,analysis,like,[],null
chunk_013_2026-05-28_2026-06-01,2026-05-29,4,A013,"[3667, 3672, 3680, 3684, 3685]",3685,삼성전자 HBM 검증 중단설에 따른 단기 리스크 분석,analysis,unlike,[],null
chunk_013_2026-05-28_2026-06-01,2026-05-29,4,A019,"[3667, 3672, 3678, 3684, 3685]",3667,오늘 삼성전자 주가에 대한 생각과 리스크 분석,analysis,like,[],null
chunk_013_2026-05-28_2026-06-01,2026-05-29,4,A019,"[3667, 3672, 3678, 3684, 3685]",3672,불확실성이 커진 시장에서의 삼성전자 투자 전략,analysis,like,"[""상위 수익자"", ""자산가"", ""커뮤니티 인플루언서""]",null
chunk_013_2026-05-28_2026-06-01,2026-05-29,4,A019,"[3667, 3672, 3678, 3684, 3685]",3678,삼성전자: 단기 변동성 관리의 필요성과 리스크 관리,analysis,like,"[""커뮤니티 인플루언서""]",null
chunk_013_2026-05-28_2026-06-01,2026-05-29,4,A019,"[3667, 3672, 3678, 3684, 3685]",3684,삼성전자 내재가치에 대한 불확실성과 리스크 관리,analysis,unlike,[],null
chunk_013_2026-05-28_2026-06-01,2026-05-29,4,A019,"[3667, 3672, 3678, 3684, 3685]",3685,삼성전자 HBM 검증 중단설에 따른 단기 리스크 분석,analysis,like,[],null
chunk_013_2026-05-28_2026-06-01,2026-05-29,4,A017,"[3667, 3672, 3678, 3680, 3684]",3667,오늘 삼성전자 주가에 대한 생각과 리스크 분석,analysis,like,[],"{""portfolio_summary"": {""state_id"": ""ps_A008_t004"", ""agent_id"": ""A008"", ""turn"": 4, ""date"": ""2026-05-29"", ""cash"": 46615000.0, ""positions"": ""[{\""stock_code\"": \""005930\"", \""quantity\"": 173, \""avg_cost\"": 306994.21965317917, \""current_price\"": 317000.0, \""unrealized_pnl\"": 1731000.0000000035, \""unrealized_pnl_rate\"": 0.032592732065524446}]"", ""total_value"": 101456000.0, ""realized_pnl"": -275000.0, ""total_return_rate"": 0.01456, ""updated_at"": ""2026-07-16 20:57:54""}, ""recent_trades"": [{""turn"": 10, ""date"": ""2026-05-27"", ""action"": ""buy"", ""stock_code"": ""005930"", ""quantity"": 1, ""executed_price"": 307000.0, ""trade_value"": 307000.0, ""status"": ""filled"", ""filled_quantity"": 1, ""action_reason"": ""글로벌 반도체 호황과 나스닥 상승세로 상승 모멘텀이 강하며, 현재 주가 (307,000 원) 가 5 일선 및 20 일선 위에 있어 중장기 상승 추세 유지. 고위험 성향에 따라 수익 종목 추가 매수로 추세를 따르되, 현금 부족으로 최대 허용 수량인 1 주만 매수.""}, {""turn"": 9, ""date"": ""2026-05-27"", ""action"": ""buy"", ""stock_code"": ""005930"", ""quantity"": 3, ""executed_price"": 321500.0, ""trade_value"": 964500.0, ""status"": ""filled"", ""filled_quantity"": 3, ""action_reason"": ""기술적 돌파 신호 (MA5 상향) 와 반도체 섹터 호황으로 추세 추종 전략에 따라 매수합니다. 고위험 선호 성향으로 과열 구간에서도 상승 모멘텀을 신뢰합니다.""}, {""turn"": 8, ""date"": ""2026-05-26"", ""action"": ""buy"", ""stock_code"": ""005930"", ""quantity"": 6, ""executed_price"": 299000.0, ""trade_value"": 1794000.0, ""status"": ""filled"", ""filled_quantity"": 6, ""action_reason"": ""HBM 루머에도 거래량 증가와 MA5 상향 등 기술적 강세가 확인되어 추세 추종 전략에 따라 매수합니다. 고위험 고수익 성향에 맞춰 제한된 현금 내에서 최대 수량으로 진입합니다.""}]}"
chunk_013_2026-05-28_2026-06-01,2026-05-29,4,A017,"[3667, 3672, 3678, 3680, 3684]",3672,불확실성이 커진 시장에서의 삼성전자 투자 전략,analysis,like,"[""상위 수익자"", ""자산가"", ""커뮤니티 인플루언서""]","{""portfolio_summary"": {""state_id"": ""ps_A005_t004"", ""agent_id"": ""A005"", ""turn"": 4, ""date"": ""2026-05-29"", ""cash"": 23280000.0, ""positions"": ""[{\""stock_code\"": \""005930\"", \""quantity\"": 253, \""avg_cost\"": 304249.08424908423, \""current_price\"": 317000.0, \""unrealized_pnl\"": 3225981.684981689, \""unrealized_pnl_rate\"": 0.041909463038767206}]"", ""total_value"": 103481000.0, ""realized_pnl"": 255018.31501831533, ""total_return_rate"": 0.03481, ""updated_at"": ""2026-07-16 20:57:54""}, ""recent_trades"": [{""turn"": 10, ""date"": ""2026-05-27"", ""action"": ""buy"", ""stock_code"": ""005930"", ""quantity"": 80, ""executed_price"": 307000.0, ""trade_value"": 24560000.0, ""status"": ""filled"", ""filled_quantity"": 80, ""action_reason"": ""오픈가 대비 4.5% 하락한 307,000 원은 내재가치 범위 내의 저평가 구간으로 판단됩니다. 재무 점수 1 위 뉴스와 반도체 업황 회복 기대감에 따라 가치 매수 기회로 해석하며, 높은 현금 비중으로 매수 여력이 충분합니다.""}, {""turn"": 9, ""date"": ""2026-05-27"", ""action"": ""sell"", ""stock_code"": ""005930"", ""quantity"": 50, ""executed_price"": 321500.0, ""trade_value"": 16075000.0, ""status"": ""filled"", ""filled_quantity"": 50, ""action_reason"": ""현재 주가 32 만 1 천 원은 평균 매수 단가 대비 수익 실현 구간이며, 노사 갈등과 경쟁사 리스크로 인한 단기 변동성 우려가 있습니다. 내재가치 대비 적정 수준을 유지하고 있어 추가 상승 여력은 제한적이므로, 수익을 확정하고 집중 투자 리스크를 관리하기 위해 일부 매도합니다.""}, {""turn"": 8, ""date"": ""2026-05-26"", ""action"": ""sell"", ""stock_code"": ""005930"", ""quantity"": 50, ""executed_price"": 299000.0, ""trade_value"": 14950000.0, ""status"": ""filled"", ""filled_quantity"": 50, ""action_reason"": ""HBM 축소 루머와 30 만 원 저항선 근접으로 단기 변동성 우려가 있으나, 내재가치 범위 내이므로 현물 보유 관점. 다만, 단일 종목 집중 리스크 관리와 향후 조정 시 매수 기회 확보를 위해 일부 매도.""}]}"
chunk_013_2026-05-28_2026-06-01,2026-05-29,4,A017,"[3667, 3672, 3678, 3680, 3684]",3678,삼성전자: 단기 변동성 관리의 필요성과 리스크 관리,analysis,unlike,"[""커뮤니티 인플루언서""]","{""portfolio_summary"": {""state_id"": ""ps_A015_t004"", ""agent_id"": ""A015"", ""turn"": 4, ""date"": ""2026-05-29"", ""cash"": 66530000.0, ""positions"": ""[{\""stock_code\"": \""005930\"", \""quantity\"": 110, \""avg_cost\"": 306607.14285714284, \""current_price\"": 317000.0, \""unrealized_pnl\"": 1143214.2857142875, \""unrealized_pnl_rate\"": 0.0338963308095516}]"", ""total_value"": 101400000.0, ""realized_pnl"": 256785.71428571478, ""total_return_rate"": 0.014, ""updated_at"": ""2026-07-16 20:57:54""}, ""recent_trades"": [{""turn"": 10, ""date"": ""2026-05-27"", ""action"": ""buy"", ""stock_code"": ""005930"", ""quantity"": 20, ""executed_price"": 307000.0, ""trade_value"": 6140000.0, ""status"": ""filled"", ""filled_quantity"": 20, ""action_reason"": ""노조 합의 가결과 업황 회복으로 중장기 상승 흐름이 명확하며, 당일 종가 하락으로 조정 시 매수 기회로 판단합니다.""}, {""turn"": 9, ""date"": ""2026-05-27"", ""action"": ""sell"", ""stock_code"": ""005930"", ""quantity"": 10, ""executed_price"": 321500.0, ""trade_value"": 3215000.0, ""status"": ""filled"", ""filled_quantity"": 10, ""action_reason"": ""단기 과매수 및 조정 가능성에 대비하여 일부 수익 실현 및 리스크 관리. 장기적 내재가치는 유효하나 고점 추격 매수 자제.""}, {""turn"": 8, ""date"": ""2026-05-26"", ""action"": ""sell"", ""stock_code"": ""005930"", ""quantity"": 50, ""executed_price"": 299000.0, ""trade_value"": 14950000.0, ""status"": ""filled"", ""filled_quantity"": 50, ""action_reason"": ""혼재된 뉴스 (HBM 소문, 지배구조 이슈) 와 MA5 대비 프리미엄으로 인해 단기 조정 리스크가 존재합니다. 소수익을 확정하고 현금 비중을 높여 MA20 부근의 저평가 매수 기회를 대비합니다.""}]}"
chunk_013_2026-05-28_2026-06-01,2026-05-29,4,A017,"[3667, 3672, 3678, 3680, 3684]",3680,삼성전자 기술적 분석 및 단기 변동성 리스크,analysis,like,[],"{""portfolio_summary"": {""state_id"": ""ps_A020_t004"", ""agent_id"": ""A020"", ""turn"": 4, ""date"": ""2026-05-29"", ""cash"": 29011500.0, ""positions"": ""[{\""stock_code\"": \""005930\"", \""quantity\"": 233, \""avg_cost\"": 305646.2450592885, \""current_price\"": 317000.0, \""unrealized_pnl\"": 2645424.901185776, \""unrealized_pnl_rate\"": 0.03714671822161307}]"", ""total_value"": 102872500.0, ""realized_pnl"": 227075.0988142297, ""total_return_rate"": 0.028725, ""updated_at"": ""2026-07-16 20:57:54""}, ""recent_trades"": [{""turn"": 10, ""date"": ""2026-05-27"", ""action"": ""buy"", ""stock_code"": ""005930"", ""quantity"": 28, ""executed_price"": 307000.0, ""trade_value"": 8596000.0, ""status"": ""filled"", ""filled_quantity"": 28, ""action_reason"": ""노조 합의 가결로 리스크 해소 및 SK 하이닉스 시총 1 조 달러 진입에 따른 밸류에이션 재평가 기대. 30 만 원 지지선 유지 시 추가 상승 모멘텀이 확인되어 매수 관점 우위.""}, {""turn"": 9, ""date"": ""2026-05-27"", ""action"": ""buy"", ""stock_code"": ""005930"", ""quantity"": 53, ""executed_price"": 321500.0, ""trade_value"": 17039500.0, ""status"": ""filled"", ""filled_quantity"": 53, ""action_reason"": ""코스피 8000 돌파와 마이크론 시총 1 조 달러 돌파 등 글로벌 반도체 호황과 기술적 상승 추세 (MA5, MA20 상회) 를 확인하여 추세 추종 매수를 실행합니다.""}, {""turn"": 8, ""date"": ""2026-05-26"", ""action"": ""sell"", ""stock_code"": ""005930"", ""quantity"": 50, ""executed_price"": 299000.0, ""trade_value"": 14950000.0, ""status"": ""filled"", ""filled_quantity"": 50, ""action_reason"": ""뉴스 악재 (HBM 루머, 경영진 논란) 로 인한 단기 변동성 우려와 기술적 과매수 구간 (MA20 대비 13% 프리미엄) 을 고려하여 수익 실현 매도를 진행합니다. 현금 비중이 낮아 추가 매수 여력이 부족하므로, 현금 확보를 통해 향후 조정 대응력을 높입니다.""}]}"
chunk_013_2026-05-28_2026-06-01,2026-05-29,4,A017,"[3667, 3672, 3678, 3680, 3684]",3684,삼성전자 내재가치에 대한 불확실성과 리스크 관리,analysis,unlike,[],"{""portfolio_summary"": {""state_id"": ""ps_A026_t004"", ""agent_id"": ""A026"", ""turn"": 4, ""date"": ""2026-05-29"", ""cash"": 57995000.0, ""positions"": ""[{\""stock_code\"": \""005930\"", \""quantity\"": 140, \""avg_cost\"": 304500.0, \""current_price\"": 317000.0, \""unrealized_pnl\"": 1750000.0, \""unrealized_pnl_rate\"": 0.041050903119868636}]"", ""total_value"": 102375000.0, ""realized_pnl"": 625000.0, ""total_return_rate"": 0.02375, ""updated_at"": ""2026-07-16 20:57:54""}, ""recent_trades"": [{""turn"": 10, ""date"": ""2026-05-27"", ""action"": ""buy"", ""stock_code"": ""005930"", ""quantity"": 100, ""executed_price"": 307000.0, ""trade_value"": 30700000.0, ""status"": ""filled"", ""filled_quantity"": 100, ""action_reason"": ""삼성전자의 재무 점수 1 위와 울산 지역 반도체 산업 성장 등 장기적 우위를 인정하여 진입합니다. 단, 단기 밸류에이션 부담과 거시 리스크를 고려해 전량 매수보다는 현금 여력을 확보한 코어 포지션으로 시작합니다.""}, {""turn"": 9, ""date"": ""2026-05-27"", ""action"": ""sell"", ""stock_code"": ""005930"", ""quantity"": 40, ""executed_price"": 321500.0, ""trade_value"": 12860000.0, ""status"": ""filled"", ""filled_quantity"": 40, ""action_reason"": ""가치평가 관점에서 현재 주가가 내재가치를 상회하며, 단기 과열 및 노사 리스크로 인해 매도하여 수익을 확정하고 현금 비중을 높입니다.""}, {""turn"": 8, ""date"": ""2026-05-26"", ""action"": ""sell"", ""stock_code"": ""005930"", ""quantity"": 10, ""executed_price"": 299000.0, ""trade_value"": 2990000.0, ""status"": ""filled"", ""filled_quantity"": 10, ""action_reason"": ""현재 주가가 30 만 원 저항선 부근에 위치하여 밸류에이션 부담이 있으며, HBM 축소 루머로 단기 변동성 우려가 존재합니다. 가치 투자 관점에서 적정선 상단에서 일부 수익 실현을 통해 리스크를 관리합니다.""}]}"
chunk_013_2026-05-28_2026-06-01,2026-05-29,4,A014,"[3667, 3672, 3678, 3684, 3685]",3667,오늘 삼성전자 주가에 대한 생각과 리스크 분석,analysis,like,[],null
chunk_013_2026-05-28_2026-06-01,2026-05-29,4,A014,"[3667, 3672, 3678, 3684, 3685]",3672,불확실성이 커진 시장에서의 삼성전자 투자 전략,analysis,like,"[""상위 수익자"", ""자산가"", ""커뮤니티 인플루언서""]",null
chunk_013_2026-05-28_2026-06-01,2026-05-29,4,A014,"[3667, 3672, 3678, 3684, 3685]",3678,삼성전자: 단기 변동성 관리의 필요성과 리스크 관리,analysis,like,"[""커뮤니티 인플루언서""]",null
chunk_013_2026-05-28_2026-06-01,2026-05-29,4,A014,"[3667, 3672, 3678, 3684, 3685]",3684,삼성전자 내재가치에 대한 불확실성과 리스크 관리,analysis,unlike,[],null
chunk_013_2026-05-28_2026-06-01,2026-05-29,4,A014,"[3667, 3672, 3678, 3684, 3685]",3685,삼성전자 HBM 검증 중단설에 따른 단기 리스크 분석,analysis,read,[],null
chunk_013_2026-05-28_2026-06-01,2026-05-29,4,A012,"[3667, 3672, 3678, 3680, 3685]",3667,오늘 삼성전자 주가에 대한 생각과 리스크 분석,analysis,like,[],null
chunk_013_2026-05-28_2026-06-01,2026-05-29,4,A012,"[3667, 3672, 3678, 3680, 3685]",3672,불확실성이 커진 시장에서의 삼성전자 투자 전략,analysis,like,"[""상위 수익자"", ""자산가"", ""커뮤니티 인플루언서""]",null
chunk_013_2026-05-28_2026-06-01,2026-05-29,4,A012,"[3667, 3672, 3678, 3680, 3685]",3678,삼성전자: 단기 변동성 관리의 필요성과 리스크 관리,analysis,like,"[""커뮤니티 인플루언서""]",null
chunk_013_2026-05-28_2026-06-01,2026-05-29,4,A012,"[3667, 3672, 3678, 3680, 3685]",3680,삼성전자 기술적 분석 및 단기 변동성 리스크,analysis,unlike,[],null
chunk_013_2026-05-28_2026-06-01,2026-05-29,4,A012,"[3667, 3672, 3678, 3680, 3685]",3685,삼성전자 HBM 검증 중단설에 따른 단기 리스크 분석,analysis,like,[],null
chunk_013_2026-05-28_2026-06-01,2026-05-29,4,A015,"[3667, 3672, 3680, 3684, 3685]",3667,오늘 삼성전자 주가에 대한 생각과 리스크 분석,analysis,like,[],"{""portfolio_summary"": {""state_id"": ""ps_A008_t004"", ""agent_id"": ""A008"", ""turn"": 4, ""date"": ""2026-05-29"", ""cash"": 46615000.0, ""positions"": ""[{\""stock_code\"": \""005930\"", \""quantity\"": 173, \""avg_cost\"": 306994.21965317917, \""current_price\"": 317000.0, \""unrealized_pnl\"": 1731000.0000000035, \""unrealized_pnl_rate\"": 0.032592732065524446}]"", ""total_value"": 101456000.0, ""realized_pnl"": -275000.0, ""total_return_rate"": 0.01456, ""updated_at"": ""2026-07-16 20:57:54""}, ""recent_trades"": [{""turn"": 10, ""date"": ""2026-05-27"", ""action"": ""buy"", ""stock_code"": ""005930"", ""quantity"": 1, ""executed_price"": 307000.0, ""trade_value"": 307000.0, ""status"": ""filled"", ""filled_quantity"": 1, ""action_reason"": ""글로벌 반도체 호황과 나스닥 상승세로 상승 모멘텀이 강하며, 현재 주가 (307,000 원) 가 5 일선 및 20 일선 위에 있어 중장기 상승 추세 유지. 고위험 성향에 따라 수익 종목 추가 매수로 추세를 따르되, 현금 부족으로 최대 허용 수량인 1 주만 매수.""}, {""turn"": 9, ""date"": ""2026-05-27"", ""action"": ""buy"", ""stock_code"": ""005930"", ""quantity"": 3, ""executed_price"": 321500.0, ""trade_value"": 964500.0, ""status"": ""filled"", ""filled_quantity"": 3, ""action_reason"": ""기술적 돌파 신호 (MA5 상향) 와 반도체 섹터 호황으로 추세 추종 전략에 따라 매수합니다. 고위험 선호 성향으로 과열 구간에서도 상승 모멘텀을 신뢰합니다.""}, {""turn"": 8, ""date"": ""2026-05-26"", ""action"": ""buy"", ""stock_code"": ""005930"", ""quantity"": 6, ""executed_price"": 299000.0, ""trade_value"": 1794000.0, ""status"": ""filled"", ""filled_quantity"": 6, ""action_reason"": ""HBM 루머에도 거래량 증가와 MA5 상향 등 기술적 강세가 확인되어 추세 추종 전략에 따라 매수합니다. 고위험 고수익 성향에 맞춰 제한된 현금 내에서 최대 수량으로 진입합니다.""}]}"
chunk_013_2026-05-28_2026-06-01,2026-05-29,4,A015,"[3667, 3672, 3680, 3684, 3685]",3672,불확실성이 커진 시장에서의 삼성전자 투자 전략,analysis,like,"[""상위 수익자"", ""자산가"", ""커뮤니티 인플루언서""]","{""portfolio_summary"": {""state_id"": ""ps_A005_t004"", ""agent_id"": ""A005"", ""turn"": 4, ""date"": ""2026-05-29"", ""cash"": 23280000.0, ""positions"": ""[{\""stock_code\"": \""005930\"", \""quantity\"": 253, \""avg_cost\"": 304249.08424908423, \""current_price\"": 317000.0, \""unrealized_pnl\"": 3225981.684981689, \""unrealized_pnl_rate\"": 0.041909463038767206}]"", ""total_value"": 103481000.0, ""realized_pnl"": 255018.31501831533, ""total_return_rate"": 0.03481, ""updated_at"": ""2026-07-16 20:57:54""}, ""recent_trades"": [{""turn"": 10, ""date"": ""2026-05-27"", ""action"": ""buy"", ""stock_code"": ""005930"", ""quantity"": 80, ""executed_price"": 307000.0, ""trade_value"": 24560000.0, ""status"": ""filled"", ""filled_quantity"": 80, ""action_reason"": ""오픈가 대비 4.5% 하락한 307,000 원은 내재가치 범위 내의 저평가 구간으로 판단됩니다. 재무 점수 1 위 뉴스와 반도체 업황 회복 기대감에 따라 가치 매수 기회로 해석하며, 높은 현금 비중으로 매수 여력이 충분합니다.""}, {""turn"": 9, ""date"": ""2026-05-27"", ""action"": ""sell"", ""stock_code"": ""005930"", ""quantity"": 50, ""executed_price"": 321500.0, ""trade_value"": 16075000.0, ""status"": ""filled"", ""filled_quantity"": 50, ""action_reason"": ""현재 주가 32 만 1 천 원은 평균 매수 단가 대비 수익 실현 구간이며, 노사 갈등과 경쟁사 리스크로 인한 단기 변동성 우려가 있습니다. 내재가치 대비 적정 수준을 유지하고 있어 추가 상승 여력은 제한적이므로, 수익을 확정하고 집중 투자 리스크를 관리하기 위해 일부 매도합니다.""}, {""turn"": 8, ""date"": ""2026-05-26"", ""action"": ""sell"", ""stock_code"": ""005930"", ""quantity"": 50, ""executed_price"": 299000.0, ""trade_value"": 14950000.0, ""status"": ""filled"", ""filled_quantity"": 50, ""action_reason"": ""HBM 축소 루머와 30 만 원 저항선 근접으로 단기 변동성 우려가 있으나, 내재가치 범위 내이므로 현물 보유 관점. 다만, 단일 종목 집중 리스크 관리와 향후 조정 시 매수 기회 확보를 위해 일부 매도.""}]}"
chunk_013_2026-05-28_2026-06-01,2026-05-29,4,A015,"[3667, 3672, 3680, 3684, 3685]",3680,삼성전자 기술적 분석 및 단기 변동성 리스크,analysis,unlike,[],"{""portfolio_summary"": {""state_id"": ""ps_A020_t004"", ""agent_id"": ""A020"", ""turn"": 4, ""date"": ""2026-05-29"", ""cash"": 29011500.0, ""positions"": ""[{\""stock_code\"": \""005930\"", \""quantity\"": 233, \""avg_cost\"": 305646.2450592885, \""current_price\"": 317000.0, \""unrealized_pnl\"": 2645424.901185776, \""unrealized_pnl_rate\"": 0.03714671822161307}]"", ""total_value"": 102872500.0, ""realized_pnl"": 227075.0988142297, ""total_return_rate"": 0.028725, ""updated_at"": ""2026-07-16 20:57:54""}, ""recent_trades"": [{""turn"": 10, ""date"": ""2026-05-27"", ""action"": ""buy"", ""stock_code"": ""005930"", ""quantity"": 28, ""executed_price"": 307000.0, ""trade_value"": 8596000.0, ""status"": ""filled"", ""filled_quantity"": 28, ""action_reason"": ""노조 합의 가결로 리스크 해소 및 SK 하이닉스 시총 1 조 달러 진입에 따른 밸류에이션 재평가 기대. 30 만 원 지지선 유지 시 추가 상승 모멘텀이 확인되어 매수 관점 우위.""}, {""turn"": 9, ""date"": ""2026-05-27"", ""action"": ""buy"", ""stock_code"": ""005930"", ""quantity"": 53, ""executed_price"": 321500.0, ""trade_value"": 17039500.0, ""status"": ""filled"", ""filled_quantity"": 53, ""action_reason"": ""코스피 8000 돌파와 마이크론 시총 1 조 달러 돌파 등 글로벌 반도체 호황과 기술적 상승 추세 (MA5, MA20 상회) 를 확인하여 추세 추종 매수를 실행합니다.""}, {""turn"": 8, ""date"": ""2026-05-26"", ""action"": ""sell"", ""stock_code"": ""005930"", ""quantity"": 50, ""executed_price"": 299000.0, ""trade_value"": 14950000.0, ""status"": ""filled"", ""filled_quantity"": 50, ""action_reason"": ""뉴스 악재 (HBM 루머, 경영진 논란) 로 인한 단기 변동성 우려와 기술적 과매수 구간 (MA20 대비 13% 프리미엄) 을 고려하여 수익 실현 매도를 진행합니다. 현금 비중이 낮아 추가 매수 여력이 부족하므로, 현금 확보를 통해 향후 조정 대응력을 높입니다.""}]}"
chunk_013_2026-05-28_2026-06-01,2026-05-29,4,A015,"[3667, 3672, 3680, 3684, 3685]",3684,삼성전자 내재가치에 대한 불확실성과 리스크 관리,analysis,like,[],"{""portfolio_summary"": {""state_id"": ""ps_A026_t004"", ""agent_id"": ""A026"", ""turn"": 4, ""date"": ""2026-05-29"", ""cash"": 57995000.0, ""positions"": ""[{\""stock_code\"": \""005930\"", \""quantity\"": 140, \""avg_cost\"": 304500.0, \""current_price\"": 317000.0, \""unrealized_pnl\"": 1750000.0, \""unrealized_pnl_rate\"": 0.041050903119868636}]"", ""total_value"": 102375000.0, ""realized_pnl"": 625000.0, ""total_return_rate"": 0.02375, ""updated_at"": ""2026-07-16 20:57:54""}, ""recent_trades"": [{""turn"": 10, ""date"": ""2026-05-27"", ""action"": ""buy"", ""stock_code"": ""005930"", ""quantity"": 100, ""executed_price"": 307000.0, ""trade_value"": 30700000.0, ""status"": ""filled"", ""filled_quantity"": 100, ""action_reason"": ""삼성전자의 재무 점수 1 위와 울산 지역 반도체 산업 성장 등 장기적 우위를 인정하여 진입합니다. 단, 단기 밸류에이션 부담과 거시 리스크를 고려해 전량 매수보다는 현금 여력을 확보한 코어 포지션으로 시작합니다.""}, {""turn"": 9, ""date"": ""2026-05-27"", ""action"": ""sell"", ""stock_code"": ""005930"", ""quantity"": 40, ""executed_price"": 321500.0, ""trade_value"": 12860000.0, ""status"": ""filled"", ""filled_quantity"": 40, ""action_reason"": ""가치평가 관점에서 현재 주가가 내재가치를 상회하며, 단기 과열 및 노사 리스크로 인해 매도하여 수익을 확정하고 현금 비중을 높입니다.""}, {""turn"": 8, ""date"": ""2026-05-26"", ""action"": ""sell"", ""stock_code"": ""005930"", ""quantity"": 10, ""executed_price"": 299000.0, ""trade_value"": 2990000.0, ""status"": ""filled"", ""filled_quantity"": 10, ""action_reason"": ""현재 주가가 30 만 원 저항선 부근에 위치하여 밸류에이션 부담이 있으며, HBM 축소 루머로 단기 변동성 우려가 존재합니다. 가치 투자 관점에서 적정선 상단에서 일부 수익 실현을 통해 리스크를 관리합니다.""}]}"
chunk_013_2026-05-28_2026-06-01,2026-05-29,4,A015,"[3667, 3672, 3680, 3684, 3685]",3685,삼성전자 HBM 검증 중단설에 따른 단기 리스크 분석,analysis,read,[],"{""portfolio_summary"": {""state_id"": ""ps_A027_t004"", ""agent_id"": ""A027"", ""turn"": 4, ""date"": ""2026-05-29"", ""cash"": 86313500.0, ""positions"": ""[{\""stock_code\"": \""005930\"", \""quantity\"": 45, \""avg_cost\"": 305500.0, \""current_price\"": 317000.0, \""unrealized_pnl\"": 517500.0, \""unrealized_pnl_rate\"": 0.03764320785597381}]"", ""total_value"": 100578500.0, ""realized_pnl"": 61000.0, ""total_return_rate"": 0.005785, ""updated_at"": ""2026-07-16 20:57:54""}, ""recent_trades"": [{""turn"": 10, ""date"": ""2026-05-27"", ""action"": ""sell"", ""stock_code"": ""005930"", ""quantity"": 20, ""executed_price"": 307000.0, ""trade_value"": 6140000.0, ""status"": ""filled"", ""filled_quantity"": 20, ""action_reason"": ""당일 시가 대비 종가 하락 (-4.5%) 과 거래량 급증으로 단기 매도 압력이 확인되어, 기술적 지표는 양호하나 단기 변동성 위험을 고려합니다. 수익 구간에서 일부 수익 실현을 통해 신중한 리스크 관리가 필요합니다.""}, {""turn"": 9, ""date"": ""2026-05-27"", ""action"": ""buy"", ""stock_code"": ""005930"", ""quantity"": 30, ""executed_price"": 321500.0, ""trade_value"": 9645000.0, ""status"": ""filled"", ""filled_quantity"": 30, ""action_reason"": ""기술적 돌파 신호 (거래량 증가, MA5/20 상회) 와 섹터 모멘텀 (마이크론 호재) 으로 상승 추세가 우세하다고 판단하여 추세를 따릅니다.""}, {""turn"": 8, ""date"": ""2026-05-26"", ""action"": ""buy"", ""stock_code"": ""005930"", ""quantity"": 30, ""executed_price"": 299000.0, ""trade_value"": 8970000.0, ""status"": ""filled"", ""filled_quantity"": 30, ""action_reason"": ""기술적 지표 (MA5 상회, 거래량 증가) 가 상승 모멘텀을 보여주고 있어 매수 신호로 판단합니다. 과거 뉴스 공포에 매수 타이밍을 놓친 실수를 반복하지 않기 위해, HBM 루머에도 불구하고 차트 신호를 우선시합니다.""}]}"
chunk_013_2026-05-28_2026-06-01,2026-05-29,4,A027,"[3667, 3672, 3678, 3680, 3684]",3667,오늘 삼성전자 주가에 대한 생각과 리스크 분석,analysis,like,[],null
chunk_013_2026-05-28_2026-06-01,2026-05-29,4,A027,"[3667, 3672, 3678, 3680, 3684]",3672,불확실성이 커진 시장에서의 삼성전자 투자 전략,analysis,like,"[""상위 수익자"", ""자산가"", ""커뮤니티 인플루언서""]",null
chunk_013_2026-05-28_2026-06-01,2026-05-29,4,A027,"[3667, 3672, 3678, 3680, 3684]",3678,삼성전자: 단기 변동성 관리의 필요성과 리스크 관리,analysis,read,"[""커뮤니티 인플루언서""]",null
chunk_013_2026-05-28_2026-06-01,2026-05-29,4,A027,"[3667, 3672, 3678, 3680, 3684]",3680,삼성전자 기술적 분석 및 단기 변동성 리스크,analysis,unlike,[],null
chunk_013_2026-05-28_2026-06-01,2026-05-29,4,A027,"[3667, 3672, 3678, 3680, 3684]",3684,삼성전자 내재가치에 대한 불확실성과 리스크 관리,analysis,like,[],null
chunk_013_2026-05-28_2026-06-01,2026-05-29,4,A022,"[3667, 3672, 3678, 3684, 3685]",3667,오늘 삼성전자 주가에 대한 생각과 리스크 분석,analysis,like,[],null
chunk_013_2026-05-28_2026-06-01,2026-05-29,4,A022,"[3667, 3672, 3678, 3684, 3685]",3672,불확실성이 커진 시장에서의 삼성전자 투자 전략,analysis,like,"[""상위 수익자"", ""자산가"", ""커뮤니티 인플루언서""]",null
chunk_013_2026-05-28_2026-06-01,2026-05-29,4,A022,"[3667, 3672, 3678, 3684, 3685]",3678,삼성전자: 단기 변동성 관리의 필요성과 리스크 관리,analysis,like,"[""커뮤니티 인플루언서""]",null
chunk_013_2026-05-28_2026-06-01,2026-05-29,4,A022,"[3667, 3672, 3678, 3684, 3685]",3684,삼성전자 내재가치에 대한 불확실성과 리스크 관리,analysis,unlike,[],null
chunk_013_2026-05-28_2026-06-01,2026-05-29,4,A022,"[3667, 3672, 3678, 3684, 3685]",3685,삼성전자 HBM 검증 중단설에 따른 단기 리스크 분석,analysis,read,[],null
chunk_013_2026-05-28_2026-06-01,2026-05-29,4,A020,"[3667, 3672, 3678, 3682, 3684, 3685]",3667,오늘 삼성전자 주가에 대한 생각과 리스크 분석,analysis,like,[],"{""portfolio_summary"": {""state_id"": ""ps_A008_t004"", ""agent_id"": ""A008"", ""turn"": 4, ""date"": ""2026-05-29"", ""cash"": 46615000.0, ""positions"": ""[{\""stock_code\"": \""005930\"", \""quantity\"": 173, \""avg_cost\"": 306994.21965317917, \""current_price\"": 317000.0, \""unrealized_pnl\"": 1731000.0000000035, \""unrealized_pnl_rate\"": 0.032592732065524446}]"", ""total_value"": 101456000.0, ""realized_pnl"": -275000.0, ""total_return_rate"": 0.01456, ""updated_at"": ""2026-07-16 20:57:54""}, ""recent_trades"": [{""turn"": 10, ""date"": ""2026-05-27"", ""action"": ""buy"", ""stock_code"": ""005930"", ""quantity"": 1, ""executed_price"": 307000.0, ""trade_value"": 307000.0, ""status"": ""filled"", ""filled_quantity"": 1, ""action_reason"": ""글로벌 반도체 호황과 나스닥 상승세로 상승 모멘텀이 강하며, 현재 주가 (307,000 원) 가 5 일선 및 20 일선 위에 있어 중장기 상승 추세 유지. 고위험 성향에 따라 수익 종목 추가 매수로 추세를 따르되, 현금 부족으로 최대 허용 수량인 1 주만 매수.""}, {""turn"": 9, ""date"": ""2026-05-27"", ""action"": ""buy"", ""stock_code"": ""005930"", ""quantity"": 3, ""executed_price"": 321500.0, ""trade_value"": 964500.0, ""status"": ""filled"", ""filled_quantity"": 3, ""action_reason"": ""기술적 돌파 신호 (MA5 상향) 와 반도체 섹터 호황으로 추세 추종 전략에 따라 매수합니다. 고위험 선호 성향으로 과열 구간에서도 상승 모멘텀을 신뢰합니다.""}, {""turn"": 8, ""date"": ""2026-05-26"", ""action"": ""buy"", ""stock_code"": ""005930"", ""quantity"": 6, ""executed_price"": 299000.0, ""trade_value"": 1794000.0, ""status"": ""filled"", ""filled_quantity"": 6, ""action_reason"": ""HBM 루머에도 거래량 증가와 MA5 상향 등 기술적 강세가 확인되어 추세 추종 전략에 따라 매수합니다. 고위험 고수익 성향에 맞춰 제한된 현금 내에서 최대 수량으로 진입합니다.""}]}"
chunk_013_2026-05-28_2026-06-01,2026-05-29,4,A020,"[3667, 3672, 3678, 3682, 3684, 3685]",3672,불확실성이 커진 시장에서의 삼성전자 투자 전략,analysis,unlike,"[""상위 수익자"", ""자산가"", ""커뮤니티 인플루언서""]","{""portfolio_summary"": {""state_id"": ""ps_A005_t004"", ""agent_id"": ""A005"", ""turn"": 4, ""date"": ""2026-05-29"", ""cash"": 23280000.0, ""positions"": ""[{\""stock_code\"": \""005930\"", \""quantity\"": 253, \""avg_cost\"": 304249.08424908423, \""current_price\"": 317000.0, \""unrealized_pnl\"": 3225981.684981689, \""unrealized_pnl_rate\"": 0.041909463038767206}]"", ""total_value"": 103481000.0, ""realized_pnl"": 255018.31501831533, ""total_return_rate"": 0.03481, ""updated_at"": ""2026-07-16 20:57:54""}, ""recent_trades"": [{""turn"": 10, ""date"": ""2026-05-27"", ""action"": ""buy"", ""stock_code"": ""005930"", ""quantity"": 80, ""executed_price"": 307000.0, ""trade_value"": 24560000.0, ""status"": ""filled"", ""filled_quantity"": 80, ""action_reason"": ""오픈가 대비 4.5% 하락한 307,000 원은 내재가치 범위 내의 저평가 구간으로 판단됩니다. 재무 점수 1 위 뉴스와 반도체 업황 회복 기대감에 따라 가치 매수 기회로 해석하며, 높은 현금 비중으로 매수 여력이 충분합니다.""}, {""turn"": 9, ""date"": ""2026-05-27"", ""action"": ""sell"", ""stock_code"": ""005930"", ""quantity"": 50, ""executed_price"": 321500.0, ""trade_value"": 16075000.0, ""status"": ""filled"", ""filled_quantity"": 50, ""action_reason"": ""현재 주가 32 만 1 천 원은 평균 매수 단가 대비 수익 실현 구간이며, 노사 갈등과 경쟁사 리스크로 인한 단기 변동성 우려가 있습니다. 내재가치 대비 적정 수준을 유지하고 있어 추가 상승 여력은 제한적이므로, 수익을 확정하고 집중 투자 리스크를 관리하기 위해 일부 매도합니다.""}, {""turn"": 8, ""date"": ""2026-05-26"", ""action"": ""sell"", ""stock_code"": ""005930"", ""quantity"": 50, ""executed_price"": 299000.0, ""trade_value"": 14950000.0, ""status"": ""filled"", ""filled_quantity"": 50, ""action_reason"": ""HBM 축소 루머와 30 만 원 저항선 근접으로 단기 변동성 우려가 있으나, 내재가치 범위 내이므로 현물 보유 관점. 다만, 단일 종목 집중 리스크 관리와 향후 조정 시 매수 기회 확보를 위해 일부 매도.""}]}"
chunk_013_2026-05-28_2026-06-01,2026-05-29,4,A020,"[3667, 3672, 3678, 3682, 3684, 3685]",3678,삼성전자: 단기 변동성 관리의 필요성과 리스크 관리,analysis,like,"[""커뮤니티 인플루언서""]","{""portfolio_summary"": {""state_id"": ""ps_A015_t004"", ""agent_id"": ""A015"", ""turn"": 4, ""date"": ""2026-05-29"", ""cash"": 66530000.0, ""positions"": ""[{\""stock_code\"": \""005930\"", \""quantity\"": 110, \""avg_cost\"": 306607.14285714284, \""current_price\"": 317000.0, \""unrealized_pnl\"": 1143214.2857142875, \""unrealized_pnl_rate\"": 0.0338963308095516}]"", ""total_value"": 101400000.0, ""realized_pnl"": 256785.71428571478, ""total_return_rate"": 0.014, ""updated_at"": ""2026-07-16 20:57:54""}, ""recent_trades"": [{""turn"": 10, ""date"": ""2026-05-27"", ""action"": ""buy"", ""stock_code"": ""005930"", ""quantity"": 20, ""executed_price"": 307000.0, ""trade_value"": 6140000.0, ""status"": ""filled"", ""filled_quantity"": 20, ""action_reason"": ""노조 합의 가결과 업황 회복으로 중장기 상승 흐름이 명확하며, 당일 종가 하락으로 조정 시 매수 기회로 판단합니다.""}, {""turn"": 9, ""date"": ""2026-05-27"", ""action"": ""sell"", ""stock_code"": ""005930"", ""quantity"": 10, ""executed_price"": 321500.0, ""trade_value"": 3215000.0, ""status"": ""filled"", ""filled_quantity"": 10, ""action_reason"": ""단기 과매수 및 조정 가능성에 대비하여 일부 수익 실현 및 리스크 관리. 장기적 내재가치는 유효하나 고점 추격 매수 자제.""}, {""turn"": 8, ""date"": ""2026-05-26"", ""action"": ""sell"", ""stock_code"": ""005930"", ""quantity"": 50, ""executed_price"": 299000.0, ""trade_value"": 14950000.0, ""status"": ""filled"", ""filled_quantity"": 50, ""action_reason"": ""혼재된 뉴스 (HBM 소문, 지배구조 이슈) 와 MA5 대비 프리미엄으로 인해 단기 조정 리스크가 존재합니다. 소수익을 확정하고 현금 비중을 높여 MA20 부근의 저평가 매수 기회를 대비합니다.""}]}"
chunk_013_2026-05-28_2026-06-01,2026-05-29,4,A020,"[3667, 3672, 3678, 3682, 3684, 3685]",3682,"삼성전자, 불확실성이 커진 현재 상황에 대한 생각",analysis,unlike,[],"{""portfolio_summary"": {""state_id"": ""ps_A022_t004"", ""agent_id"": ""A022"", ""turn"": 4, ""date"": ""2026-05-29"", ""cash"": 100728500.0, ""positions"": ""[]"", ""total_value"": 100728500.0, ""realized_pnl"": 728500.0000000023, ""total_return_rate"": 0.007285, ""updated_at"": ""2026-07-16 20:57:54""}, ""recent_trades"": [{""turn"": 10, ""date"": ""2026-05-27"", ""action"": ""buy"", ""stock_code"": ""005930"", ""quantity"": 30, ""executed_price"": 307000.0, ""trade_value"": 9210000.0, ""status"": ""filled"", ""filled_quantity"": 30, ""action_reason"": ""307,000 원은 예상 범위 (30 만~32 만 원) 하단 지지 구간이며, 재무 점수 1 위 등 기본적 우위가 확인되어 가치 투자 관점에서 매수 기회로 판단합니다.""}, {""turn"": 9, ""date"": ""2026-05-27"", ""action"": ""sell"", ""stock_code"": ""005930"", ""quantity"": 92, ""executed_price"": 321500.0, ""trade_value"": 29578000.0, ""status"": ""filled"", ""filled_quantity"": 92, ""action_reason"": ""현재 주가 (32 만 원 선) 가 내재가치 대비 과열 우려가 있으며, 단기 급등으로 조정 리스크가 존재합니다. 또한 단일 종목 집중 리스크를 완화하기 위해 수익 실현 매도를 진행합니다.""}, {""turn"": 8, ""date"": ""2026-05-26"", ""action"": ""buy"", ""stock_code"": ""005930"", ""quantity"": 10, ""executed_price"": 299000.0, ""trade_value"": 2990000.0, ""status"": ""filled"", ""filled_quantity"": 10, ""action_reason"": ""내재가치 하단 부근과 기술적 지지선 (MA5, MA20) 유지로 가치 투자 관점에서 매수 기회로 판단. HBM 축소 루머는 단기 변동성 요인이나 수출 호황과 히트펌프 사업 등 중장기 성장성 유지.""}]}"
chunk_013_2026-05-28_2026-06-01,2026-05-29,4,A020,"[3667, 3672, 3678, 3682, 3684, 3685]",3684,삼성전자 내재가치에 대한 불확실성과 리스크 관리,analysis,like,[],"{""portfolio_summary"": {""state_id"": ""ps_A026_t004"", ""agent_id"": ""A026"", ""turn"": 4, ""date"": ""2026-05-29"", ""cash"": 57995000.0, ""positions"": ""[{\""stock_code\"": \""005930\"", \""quantity\"": 140, \""avg_cost\"": 304500.0, \""current_price\"": 317000.0, \""unrealized_pnl\"": 1750000.0, \""unrealized_pnl_rate\"": 0.041050903119868636}]"", ""total_value"": 102375000.0, ""realized_pnl"": 625000.0, ""total_return_rate"": 0.02375, ""updated_at"": ""2026-07-16 20:57:54""}, ""recent_trades"": [{""turn"": 10, ""date"": ""2026-05-27"", ""action"": ""buy"", ""stock_code"": ""005930"", ""quantity"": 100, ""executed_price"": 307000.0, ""trade_value"": 30700000.0, ""status"": ""filled"", ""filled_quantity"": 100, ""action_reason"": ""삼성전자의 재무 점수 1 위와 울산 지역 반도체 산업 성장 등 장기적 우위를 인정하여 진입합니다. 단, 단기 밸류에이션 부담과 거시 리스크를 고려해 전량 매수보다는 현금 여력을 확보한 코어 포지션으로 시작합니다.""}, {""turn"": 9, ""date"": ""2026-05-27"", ""action"": ""sell"", ""stock_code"": ""005930"", ""quantity"": 40, ""executed_price"": 321500.0, ""trade_value"": 12860000.0, ""status"": ""filled"", ""filled_quantity"": 40, ""action_reason"": ""가치평가 관점에서 현재 주가가 내재가치를 상회하며, 단기 과열 및 노사 리스크로 인해 매도하여 수익을 확정하고 현금 비중을 높입니다.""}, {""turn"": 8, ""date"": ""2026-05-26"", ""action"": ""sell"", ""stock_code"": ""005930"", ""quantity"": 10, ""executed_price"": 299000.0, ""trade_value"": 2990000.0, ""status"": ""filled"", ""filled_quantity"": 10, ""action_reason"": ""현재 주가가 30 만 원 저항선 부근에 위치하여 밸류에이션 부담이 있으며, HBM 축소 루머로 단기 변동성 우려가 존재합니다. 가치 투자 관점에서 적정선 상단에서 일부 수익 실현을 통해 리스크를 관리합니다.""}]}"
chunk_013_2026-05-28_2026-06-01,2026-05-29,4,A020,"[3667, 3672, 3678, 3682, 3684, 3685]",3685,삼성전자 HBM 검증 중단설에 따른 단기 리스크 분석,analysis,like,[],"{""portfolio_summary"": {""state_id"": ""ps_A027_t004"", ""agent_id"": ""A027"", ""turn"": 4, ""date"": ""2026-05-29"", ""cash"": 86313500.0, ""positions"": ""[{\""stock_code\"": \""005930\"", \""quantity\"": 45, \""avg_cost\"": 305500.0, \""current_price\"": 317000.0, \""unrealized_pnl\"": 517500.0, \""unrealized_pnl_rate\"": 0.03764320785597381}]"", ""total_value"": 100578500.0, ""realized_pnl"": 61000.0, ""total_return_rate"": 0.005785, ""updated_at"": ""2026-07-16 20:57:54""}, ""recent_trades"": [{""turn"": 10, ""date"": ""2026-05-27"", ""action"": ""sell"", ""stock_code"": ""005930"", ""quantity"": 20, ""executed_price"": 307000.0, ""trade_value"": 6140000.0, ""status"": ""filled"", ""filled_quantity"": 20, ""action_reason"": ""당일 시가 대비 종가 하락 (-4.5%) 과 거래량 급증으로 단기 매도 압력이 확인되어, 기술적 지표는 양호하나 단기 변동성 위험을 고려합니다. 수익 구간에서 일부 수익 실현을 통해 신중한 리스크 관리가 필요합니다.""}, {""turn"": 9, ""date"": ""2026-05-27"", ""action"": ""buy"", ""stock_code"": ""005930"", ""quantity"": 30, ""executed_price"": 321500.0, ""trade_value"": 9645000.0, ""status"": ""filled"", ""filled_quantity"": 30, ""action_reason"": ""기술적 돌파 신호 (거래량 증가, MA5/20 상회) 와 섹터 모멘텀 (마이크론 호재) 으로 상승 추세가 우세하다고 판단하여 추세를 따릅니다.""}, {""turn"": 8, ""date"": ""2026-05-26"", ""action"": ""buy"", ""stock_code"": ""005930"", ""quantity"": 30, ""executed_price"": 299000.0, ""trade_value"": 8970000.0, ""status"": ""filled"", ""filled_quantity"": 30, ""action_reason"": ""기술적 지표 (MA5 상회, 거래량 증가) 가 상승 모멘텀을 보여주고 있어 매수 신호로 판단합니다. 과거 뉴스 공포에 매수 타이밍을 놓친 실수를 반복하지 않기 위해, HBM 루머에도 불구하고 차트 신호를 우선시합니다.""}]}"
chunk_013_2026-05-28_2026-06-01,2026-05-29,4,A025,"[3667, 3672, 3678, 3684, 3685]",3667,오늘 삼성전자 주가에 대한 생각과 리스크 분석,analysis,like,[],null
chunk_013_2026-05-28_2026-06-01,2026-05-29,4,A025,"[3667, 3672, 3678, 3684, 3685]",3672,불확실성이 커진 시장에서의 삼성전자 투자 전략,analysis,like,"[""상위 수익자"", ""자산가"", ""커뮤니티 인플루언서""]",null
chunk_013_2026-05-28_2026-06-01,2026-05-29,4,A025,"[3667, 3672, 3678, 3684, 3685]",3678,삼성전자: 단기 변동성 관리의 필요성과 리스크 관리,analysis,unlike,"[""커뮤니티 인플루언서""]",null
chunk_013_2026-05-28_2026-06-01,2026-05-29,4,A025,"[3667, 3672, 3678, 3684, 3685]",3684,삼성전자 내재가치에 대한 불확실성과 리스크 관리,analysis,like,[],null
chunk_013_2026-05-28_2026-06-01,2026-05-29,4,A025,"[3667, 3672, 3678, 3684, 3685]",3685,삼성전자 HBM 검증 중단설에 따른 단기 리스크 분석,analysis,unlike,[],null
chunk_013_2026-05-28_2026-06-01,2026-05-29,4,A026,"[3667, 3672, 3678, 3680, 3685]",3667,오늘 삼성전자 주가에 대한 생각과 리스크 분석,analysis,like,[],null
chunk_013_2026-05-28_2026-06-01,2026-05-29,4,A026,"[3667, 3672, 3678, 3680, 3685]",3672,불확실성이 커진 시장에서의 삼성전자 투자 전략,analysis,like,"[""상위 수익자"", ""자산가"", ""커뮤니티 인플루언서""]",null
chunk_013_2026-05-28_2026-06-01,2026-05-29,4,A026,"[3667, 3672, 3678, 3680, 3685]",3678,삼성전자: 단기 변동성 관리의 필요성과 리스크 관리,analysis,like,"[""커뮤니티 인플루언서""]",null
chunk_013_2026-05-28_2026-06-01,2026-05-29,4,A026,"[3667, 3672, 3678, 3680, 3685]",3680,삼성전자 기술적 분석 및 단기 변동성 리스크,analysis,unlike,[],null
chunk_013_2026-05-28_2026-06-01,2026-05-29,4,A026,"[3667, 3672, 3678, 3680, 3685]",3685,삼성전자 HBM 검증 중단설에 따른 단기 리스크 분석,analysis,like,[],null
chunk_013_2026-05-28_2026-06-01,2026-06-01,6,A003,"[3686, 3688, 3702, 3704]",3686,오늘 삼성전자 매도했습니다!,trade_share,like,[],null
chunk_013_2026-05-28_2026-06-01,2026-06-01,6,A003,"[3686, 3688, 3702, 3704]",3688,단기 급등에 따른 매도 경험 공유,trade_share,like,"[""상위 수익자"", ""자산가""]",null
chunk_013_2026-05-28_2026-06-01,2026-06-01,6,A003,"[3686, 3688, 3702, 3704]",3702,오늘 삼성전자 매수했습니다!,trade_share,unlike,"[""상위 수익자"", ""자산가""]",null
chunk_013_2026-05-28_2026-06-01,2026-06-01,6,A003,"[3686, 3688, 3702, 3704]",3704,삼성전자 매수 소식 공유합니다!,trade_share,unlike,[],null
chunk_013_2026-05-28_2026-06-01,2026-06-01,6,A007,"[3686, 3688, 3691, 3695, 3702]",3686,오늘 삼성전자 매도했습니다!,trade_share,like,[],"{""portfolio_summary"": {""state_id"": ""ps_A001_t006"", ""agent_id"": ""A001"", ""turn"": 6, ""date"": ""2026-06-01"", ""cash"": 66230000.0, ""positions"": ""[{\""stock_code\"": \""005930\"", \""quantity\"": 113, \""avg_cost\"": 305000.0, \""current_price\"": 349000.0, \""unrealized_pnl\"": 4972000.0, \""unrealized_pnl_rate\"": 0.14426229508196722}]"", ""total_value"": 105667000.0, ""realized_pnl"": 695000.0, ""total_return_rate"": 0.05667, ""updated_at"": ""2026-07-16 21:18:44""}, ""recent_trades"": [{""turn"": 10, ""date"": ""2026-05-27"", ""action"": ""buy"", ""stock_code"": ""005930"", ""quantity"": 50, ""executed_price"": 307000.0, ""trade_value"": 15350000.0, ""status"": ""filled"", ""filled_quantity"": 50, ""action_reason"": ""현재 주가 (307,000 원) 가 내재가치 대비 저평가 구간이며, 재무 점수 1 위 등 긍정적 펀더멘털이 확인되었습니다. 평균 매수 단가 (321,500 원) 대비 손실 상태이나, 가치 투자 관점에서 장기 성장성을 믿고 매수하여 단가를 낮춥니다.""}, {""turn"": 9, ""date"": ""2026-05-27"", ""action"": ""buy"", ""stock_code"": ""005930"", ""quantity"": 50, ""executed_price"": 321500.0, ""trade_value"": 16075000.0, ""status"": ""filled"", ""filled_quantity"": 50, ""action_reason"": ""시스템 제약으로 매수 필수이나, 현재 주가가 MA20 대비 20% 이상 프리미엄으로 평가되어 과열 구간으로 판단됨. 반도체 업황 호조는 인정하나, 가치 투자 관점에서 소량 진입하여 추격 매수 리스크를 최소화하고 현금 여력을 유지함.""}, {""turn"": 8, ""date"": ""2026-05-26"", ""action"": ""sell"", ""stock_code"": ""005930"", ""quantity"": 1, ""executed_price"": 299000.0, ""trade_value"": 299000.0, ""status"": ""filled"", ""filled_quantity"": 1, ""action_reason"": ""현재 주가가 내재가치 중상위권으로 밸류에이션 부담이 있으며, HBM 축소 루머로 단기 변동성 우려가 있어 매수 타이밍이 아니라고 판단됩니다. 현금 비중을 높여 저가 매수 기회를 기다리는 것이 리스크 관리에 유리합니다.""}]}"
chunk_013_2026-05-28_2026-06-01,2026-06-01,6,A007,"[3686, 3688, 3691, 3695, 3702]",3688,단기 급등에 따른 매도 경험 공유,trade_share,like,"[""상위 수익자"", ""자산가""]","{""portfolio_summary"": {""state_id"": ""ps_A010_t006"", ""agent_id"": ""A010"", ""turn"": 6, ""date"": ""2026-06-01"", ""cash"": 14993000.0, ""positions"": ""[{\""stock_code\"": \""005930\"", \""quantity\"": 279, \""avg_cost\"": 306639.7963345481, \""current_price\"": 349000.0, \""unrealized_pnl\"": 11818496.822661081, \""unrealized_pnl_rate\"": 0.13814320310608463}]"", ""total_value"": 112364000.0, ""realized_pnl"": 545503.17733893, ""total_return_rate"": 0.12364, ""updated_at"": ""2026-07-16 21:18:44""}, ""recent_trades"": [{""turn"": 10, ""date"": ""2026-05-27"", ""action"": ""buy"", ""stock_code"": ""005930"", ""quantity"": 50, ""executed_price"": 307000.0, ""trade_value"": 15350000.0, ""status"": ""filled"", ""filled_quantity"": 50, ""action_reason"": ""HBM 루머 등 단기 소음에 흔들리지 않고, 321,500 원 매도 대비 하락한 307,000 원은 가치 투자 관점에서 매력적인 진입점입니다. 재무적 우위와 장기 우상향 신념을 바탕으로 매수합니다.""}, {""turn"": 9, ""date"": ""2026-05-27"", ""action"": ""sell"", ""stock_code"": ""005930"", ""quantity"": 50, ""executed_price"": 321500.0, ""trade_value"": 16075000.0, ""status"": ""filled"", ""filled_quantity"": 50, ""action_reason"": ""단기 급등으로 인한 밸류에이션 부담과 변동성 확대 우려가 있어 가치 투자 관점에서 수익 일부 실현을 통해 현금 비중을 확보하고 리스크를 관리합니다.""}, {""turn"": 8, ""date"": ""2026-05-26"", ""action"": ""buy"", ""stock_code"": ""005930"", ""quantity"": 60, ""executed_price"": 299000.0, ""trade_value"": 17940000.0, ""status"": ""filled"", ""filled_quantity"": 60, ""action_reason"": ""내재가치 하단 부근의 저평가 구간이며 수출 호황 지속으로 장기 성장성이 확인됨. HBM 수주 축소 루머는 단기 변동성 요인으로 판단되어 매수 기회로 활용.""}]}"
chunk_013_2026-05-28_2026-06-01,2026-06-01,6,A007,"[3686, 3688, 3691, 3695, 3702]",3691,오늘 삼성전자 일부 매도했습니다.,trade_share,like,[],"{""portfolio_summary"": {""state_id"": ""ps_A003_t006"", ""agent_id"": ""A003"", ""turn"": 6, ""date"": ""2026-06-01"", ""cash"": 67054000.0, ""positions"": ""[{\""stock_code\"": \""005930\"", \""quantity\"": 118, \""avg_cost\"": 305508.40336134454, \""current_price\"": 349000.0, \""unrealized_pnl\"": 5132008.403361345, \""unrealized_pnl_rate\"": 0.14235810262546245}]"", ""total_value"": 108236000.0, ""realized_pnl"": 3103991.5966386558, ""total_return_rate"": 0.08236, ""updated_at"": ""2026-07-16 21:18:44""}, ""recent_trades"": [{""turn"": 10, ""date"": ""2026-05-27"", ""action"": ""buy"", ""stock_code"": ""005930"", ""quantity"": 100, ""executed_price"": 307000.0, ""trade_value"": 30700000.0, ""status"": ""filled"", ""filled_quantity"": 100, ""action_reason"": ""내재가치 대비 저평가 구간 (307,000 원) 이며 메모리 반도체 사이클 회복과 재무적 우위가 확인되어 가치 투자 원칙에 따라 추가 매수합니다. 현금 비중이 높아 포트폴리오 확장에 유리한 환경입니다.""}, {""turn"": 9, ""date"": ""2026-05-27"", ""action"": ""buy"", ""stock_code"": ""005930"", ""quantity"": 10, ""executed_price"": 321500.0, ""trade_value"": 3215000.0, ""status"": ""filled"", ""filled_quantity"": 10, ""action_reason"": ""시스템 제약으로 매수가 필수이나, 현재 주가 321,500 원은 내재가치 대비 과열 구간으로 판단되어 소량 매수로 진입합니다.""}, {""turn"": 8, ""date"": ""2026-05-26"", ""action"": ""sell"", ""stock_code"": ""005930"", ""quantity"": 50, ""executed_price"": 299000.0, ""trade_value"": 14950000.0, ""status"": ""filled"", ""filled_quantity"": 50, ""action_reason"": ""현재 주가 (299,000 원) 가 내재가치 하단 대비 저평가 구간이 아니므로, 가치 투자 원칙에 따라 매수보다는 대기 관점이 적합합니다. belief 에서 제시한 280,000 원~285,000 원대 매수 기회에 대비해 현금을 확보하기 위해 전량 매도합니다.""}]}"
chunk_013_2026-05-28_2026-06-01,2026-06-01,6,A007,"[3686, 3688, 3691, 3695, 3702]",3695,오늘 삼성전자 매도 거래 공유합니다!,trade_share,read,[],"{""portfolio_summary"": {""state_id"": ""ps_A012_t006"", ""agent_id"": ""A012"", ""turn"": 6, ""date"": ""2026-06-01"", ""cash"": 78095000.0, ""positions"": ""[{\""stock_code\"": \""005930\"", \""quantity\"": 83, \""avg_cost\"": 305493.56223175966, \""current_price\"": 349000.0, \""unrealized_pnl\"": 3611034.3347639483, \""unrealized_pnl_rate\"": 0.14241359932565326}]"", ""total_value"": 107062000.0, ""realized_pnl"": 3450965.6652360517, ""total_return_rate"": 0.07062, ""updated_at"": ""2026-07-16 21:18:44""}, ""recent_trades"": [{""turn"": 10, ""date"": ""2026-05-27"", ""action"": ""buy"", ""stock_code"": ""005930"", ""quantity"": 50, ""executed_price"": 307000.0, ""trade_value"": 15350000.0, ""status"": ""filled"", ""filled_quantity"": 50, ""action_reason"": ""Belief 에 따르면 32 만 원 저항선 부근 조정 시 매수 기회로 판단됨. 시장 분석에서 MA5 지지 확인 및 재무 점수 1 위 안정성 확보. 307,000 원 공시가 기준 현금 여력 내에서 안정적으로 매수.""}, {""turn"": 9, ""date"": ""2026-05-27"", ""action"": ""sell"", ""stock_code"": ""005930"", ""quantity"": 50, ""executed_price"": 321500.0, ""trade_value"": 16075000.0, ""status"": ""filled"", ""filled_quantity"": 50, ""action_reason"": ""기술적 돌파 후 7.5% 급등으로 단기 과열 및 변동성 확대 우려. 처분효과에 따라 수익 실현 매도 및 리스크 관리 우선.""}, {""turn"": 8, ""date"": ""2026-05-26"", ""action"": ""sell"", ""stock_code"": ""005930"", ""quantity"": 50, ""executed_price"": 299000.0, ""trade_value"": 14950000.0, ""status"": ""filled"", ""filled_quantity"": 50, ""action_reason"": ""공시가 (299,000 원) 가 평균 매수 단가 (298,945 원) 를 상회하여 수익 구간 진입. HBM 수주 축소 루머로 인한 리스크가 지배적이며, 30 만 원 저항선 부근에서 방어적 관점이 필요함.""}]}"
chunk_013_2026-05-28_2026-06-01,2026-06-01,6,A007,"[3686, 3688, 3691, 3695, 3702]",3702,오늘 삼성전자 매수했습니다!,trade_share,unlike,"[""상위 수익자"", ""자산가""]","{""portfolio_summary"": {""state_id"": ""ps_A020_t006"", ""agent_id"": ""A020"", ""turn"": 6, ""date"": ""2026-06-01"", ""cash"": 7654000.0, ""positions"": ""[{\""stock_code\"": \""005930\"", \""quantity\"": 298, \""avg_cost\"": 310647.9030161551, \""current_price\"": 349000.0, \""unrealized_pnl\"": 11428924.901185773, \""unrealized_pnl_rate\"": 0.12345841259984425}]"", ""total_value"": 111656000.0, ""realized_pnl"": 227075.0988142297, ""total_return_rate"": 0.11656, ""updated_at"": ""2026-07-16 21:18:44""}, ""recent_trades"": [{""turn"": 10, ""date"": ""2026-05-27"", ""action"": ""buy"", ""stock_code"": ""005930"", ""quantity"": 28, ""executed_price"": 307000.0, ""trade_value"": 8596000.0, ""status"": ""filled"", ""filled_quantity"": 28, ""action_reason"": ""노조 합의 가결로 리스크 해소 및 SK 하이닉스 시총 1 조 달러 진입에 따른 밸류에이션 재평가 기대. 30 만 원 지지선 유지 시 추가 상승 모멘텀이 확인되어 매수 관점 우위.""}, {""turn"": 9, ""date"": ""2026-05-27"", ""action"": ""buy"", ""stock_code"": ""005930"", ""quantity"": 53, ""executed_price"": 321500.0, ""trade_value"": 17039500.0, ""status"": ""filled"", ""filled_quantity"": 53, ""action_reason"": ""코스피 8000 돌파와 마이크론 시총 1 조 달러 돌파 등 글로벌 반도체 호황과 기술적 상승 추세 (MA5, MA20 상회) 를 확인하여 추세 추종 매수를 실행합니다.""}, {""turn"": 8, ""date"": ""2026-05-26"", ""action"": ""sell"", ""stock_code"": ""005930"", ""quantity"": 50, ""executed_price"": 299000.0, ""trade_value"": 14950000.0, ""status"": ""filled"", ""filled_quantity"": 50, ""action_reason"": ""뉴스 악재 (HBM 루머, 경영진 논란) 로 인한 단기 변동성 우려와 기술적 과매수 구간 (MA20 대비 13% 프리미엄) 을 고려하여 수익 실현 매도를 진행합니다. 현금 비중이 낮아 추가 매수 여력이 부족하므로, 현금 확보를 통해 향후 조정 대응력을 높입니다.""}]}"
chunk_013_2026-05-28_2026-06-01,2026-06-01,6,A001,"[3688, 3691, 3693, 3700, 3702]",3688,단기 급등에 따른 매도 경험 공유,trade_share,like,"[""상위 수익자"", ""자산가""]",null
chunk_013_2026-05-28_2026-06-01,2026-06-01,6,A001,"[3688, 3691, 3693, 3700, 3702]",3691,오늘 삼성전자 일부 매도했습니다.,trade_share,like,[],null
chunk_013_2026-05-28_2026-06-01,2026-06-01,6,A001,"[3688, 3691, 3693, 3700, 3702]",3693,[매도 거래 공유] 삼성전자 30주 매도 완료,trade_share,like,"[""커뮤니티 인플루언서""]",null
chunk_013_2026-05-28_2026-06-01,2026-06-01,6,A001,"[3688, 3691, 3693, 3700, 3702]",3700,오늘 삼성전자 추가 매수했습니다!,trade_share,unlike,[],null
chunk_013_2026-05-28_2026-06-01,2026-06-01,6,A001,"[3688, 3691, 3693, 3700, 3702]",3702,오늘 삼성전자 매수했습니다!,trade_share,unlike,"[""상위 수익자"", ""자산가""]",null
chunk_013_2026-05-28_2026-06-01,2026-06-01,6,A010,"[3686, 3691, 3693, 3700, 3702]",3686,오늘 삼성전자 매도했습니다!,trade_share,like,[],null
chunk_013_2026-05-28_2026-06-01,2026-06-01,6,A010,"[3686, 3691, 3693, 3700, 3702]",3691,오늘 삼성전자 일부 매도했습니다.,trade_share,like,[],null
chunk_013_2026-05-28_2026-06-01,2026-06-01,6,A010,"[3686, 3691, 3693, 3700, 3702]",3693,[매도 거래 공유] 삼성전자 30주 매도 완료,trade_share,like,"[""커뮤니티 인플루언서""]",null
chunk_013_2026-05-28_2026-06-01,2026-06-01,6,A010,"[3686, 3691, 3693, 3700, 3702]",3700,오늘 삼성전자 추가 매수했습니다!,trade_share,unlike,[],null
chunk_013_2026-05-28_2026-06-01,2026-06-01,6,A010,"[3686, 3691, 3693, 3700, 3702]",3702,오늘 삼성전자 매수했습니다!,trade_share,unlike,"[""상위 수익자"", ""자산가""]",null
chunk_013_2026-05-28_2026-06-01,2026-06-01,6,A008,"[3688, 3691, 3693, 3700, 3702]",3688,단기 급등에 따른 매도 경험 공유,trade_share,like,"[""상위 수익자"", ""자산가""]",null
chunk_013_2026-05-28_2026-06-01,2026-06-01,6,A008,"[3688, 3691, 3693, 3700, 3702]",3691,오늘 삼성전자 일부 매도했습니다.,trade_share,like,[],null
chunk_013_2026-05-28_2026-06-01,2026-06-01,6,A008,"[3688, 3691, 3693, 3700, 3702]",3693,[매도 거래 공유] 삼성전자 30주 매도 완료,trade_share,like,"[""커뮤니티 인플루언서""]",null
chunk_013_2026-05-28_2026-06-01,2026-06-01,6,A008,"[3688, 3691, 3693, 3700, 3702]",3700,오늘 삼성전자 추가 매수했습니다!,trade_share,unlike,[],null
chunk_013_2026-05-28_2026-06-01,2026-06-01,6,A008,"[3688, 3691, 3693, 3700, 3702]",3702,오늘 삼성전자 매수했습니다!,trade_share,unlike,"[""상위 수익자"", ""자산가""]",null
chunk_013_2026-05-28_2026-06-01,2026-06-01,6,A004,"[3687, 3688, 3694, 3700, 3702]",3687,오늘 삼성전자 매수했습니다!,trade_share,unlike,"[""커뮤니티 인플루언서""]",null
chunk_013_2026-05-28_2026-06-01,2026-06-01,6,A004,"[3687, 3688, 3694, 3700, 3702]",3688,단기 급등에 따른 매도 경험 공유,trade_share,like,"[""상위 수익자"", ""자산가""]",null
chunk_013_2026-05-28_2026-06-01,2026-06-01,6,A004,"[3687, 3688, 3694, 3700, 3702]",3694,오늘 삼성전자 매수했습니다!,trade_share,unlike,[],null
chunk_013_2026-05-28_2026-06-01,2026-06-01,6,A004,"[3687, 3688, 3694, 3700, 3702]",3700,오늘 삼성전자 추가 매수했습니다!,trade_share,read,[],null
chunk_013_2026-05-28_2026-06-01,2026-06-01,6,A004,"[3687, 3688, 3694, 3700, 3702]",3702,오늘 삼성전자 매수했습니다!,trade_share,unlike,"[""상위 수익자"", ""자산가""]",null
chunk_013_2026-05-28_2026-06-01,2026-06-01,6,A006,"[3686, 3688, 3700, 3703]",3686,오늘 삼성전자 매도했습니다!,trade_share,like,[],null
chunk_013_2026-05-28_2026-06-01,2026-06-01,6,A006,"[3686, 3688, 3700, 3703]",3688,단기 급등에 따른 매도 경험 공유,trade_share,like,"[""상위 수익자"", ""자산가""]",null
chunk_013_2026-05-28_2026-06-01,2026-06-01,6,A006,"[3686, 3688, 3700, 3703]",3700,오늘 삼성전자 추가 매수했습니다!,trade_share,unlike,[],null
chunk_013_2026-05-28_2026-06-01,2026-06-01,6,A006,"[3686, 3688, 3700, 3703]",3703,오늘 삼성전자 144주 매수했습니다!,trade_share,unlike,[],null
chunk_013_2026-05-28_2026-06-01,2026-06-01,6,A005,"[3686, 3688, 3690, 3692, 3702]",3686,오늘 삼성전자 매도했습니다!,trade_share,like,[],null
chunk_013_2026-05-28_2026-06-01,2026-06-01,6,A005,"[3686, 3688, 3690, 3692, 3702]",3688,단기 급등에 따른 매도 경험 공유,trade_share,like,"[""상위 수익자"", ""자산가""]",null
chunk_013_2026-05-28_2026-06-01,2026-06-01,6,A005,"[3686, 3688, 3690, 3692, 3702]",3690,오늘 삼성전자 매도 완료!,trade_share,read,[],null
chunk_013_2026-05-28_2026-06-01,2026-06-01,6,A005,"[3686, 3688, 3690, 3692, 3702]",3692,오늘 삼성전자 50주 매도했습니다,trade_share,like,[],null
chunk_013_2026-05-28_2026-06-01,2026-06-01,6,A005,"[3686, 3688, 3690, 3692, 3702]",3702,오늘 삼성전자 매수했습니다!,trade_share,unlike,"[""상위 수익자"", ""자산가""]",null
chunk_013_2026-05-28_2026-06-01,2026-06-01,6,A013,"[3686, 3688, 3692, 3702, 3704]",3686,오늘 삼성전자 매도했습니다!,trade_share,like,[],null
chunk_013_2026-05-28_2026-06-01,2026-06-01,6,A013,"[3686, 3688, 3692, 3702, 3704]",3688,단기 급등에 따른 매도 경험 공유,trade_share,like,"[""상위 수익자"", ""자산가""]",null
chunk_013_2026-05-28_2026-06-01,2026-06-01,6,A013,"[3686, 3688, 3692, 3702, 3704]",3692,오늘 삼성전자 50주 매도했습니다,trade_share,like,[],null
chunk_013_2026-05-28_2026-06-01,2026-06-01,6,A013,"[3686, 3688, 3692, 3702, 3704]",3702,오늘 삼성전자 매수했습니다!,trade_share,unlike,"[""상위 수익자"", ""자산가""]",null
chunk_013_2026-05-28_2026-06-01,2026-06-01,6,A013,"[3686, 3688, 3692, 3702, 3704]",3704,삼성전자 매수 소식 공유합니다!,trade_share,unlike,[],null
chunk_013_2026-05-28_2026-06-01,2026-06-01,6,A014,"[3686, 3688, 3691, 3700, 3702]",3686,오늘 삼성전자 매도했습니다!,trade_share,like,[],null
chunk_013_2026-05-28_2026-06-01,2026-06-01,6,A014,"[3686, 3688, 3691, 3700, 3702]",3688,단기 급등에 따른 매도 경험 공유,trade_share,like,"[""상위 수익자"", ""자산가""]",null
chunk_013_2026-05-28_2026-06-01,2026-06-01,6,A014,"[3686, 3688, 3691, 3700, 3702]",3691,오늘 삼성전자 일부 매도했습니다.,trade_share,like,[],null
chunk_013_2026-05-28_2026-06-01,2026-06-01,6,A014,"[3686, 3688, 3691, 3700, 3702]",3700,오늘 삼성전자 추가 매수했습니다!,trade_share,unlike,[],null
chunk_013_2026-05-28_2026-06-01,2026-06-01,6,A014,"[3686, 3688, 3691, 3700, 3702]",3702,오늘 삼성전자 매수했습니다!,trade_share,unlike,"[""상위 수익자"", ""자산가""]",null
chunk_013_2026-05-28_2026-06-01,2026-06-01,6,A012,"[3686, 3688, 3691, 3702, 3704]",3686,오늘 삼성전자 매도했습니다!,trade_share,like,[],null
chunk_013_2026-05-28_2026-06-01,2026-06-01,6,A012,"[3686, 3688, 3691, 3702, 3704]",3688,단기 급등에 따른 매도 경험 공유,trade_share,like,"[""상위 수익자"", ""자산가""]",null
chunk_013_2026-05-28_2026-06-01,2026-06-01,6,A012,"[3686, 3688, 3691, 3702, 3704]",3691,오늘 삼성전자 일부 매도했습니다.,trade_share,like,[],null
chunk_013_2026-05-28_2026-06-01,2026-06-01,6,A012,"[3686, 3688, 3691, 3702, 3704]",3702,오늘 삼성전자 매수했습니다!,trade_share,unlike,"[""상위 수익자"", ""자산가""]",null
chunk_013_2026-05-28_2026-06-01,2026-06-01,6,A012,"[3686, 3688, 3691, 3702, 3704]",3704,삼성전자 매수 소식 공유합니다!,trade_share,unlike,[],null
chunk_013_2026-05-28_2026-06-01,2026-06-01,6,A019,"[3686, 3688, 3691, 3700, 3702]",3686,오늘 삼성전자 매도했습니다!,trade_share,like,[],null
chunk_013_2026-05-28_2026-06-01,2026-06-01,6,A019,"[3686, 3688, 3691, 3700, 3702]",3688,단기 급등에 따른 매도 경험 공유,trade_share,like,"[""상위 수익자"", ""자산가""]",null
chunk_013_2026-05-28_2026-06-01,2026-06-01,6,A019,"[3686, 3688, 3691, 3700, 3702]",3691,오늘 삼성전자 일부 매도했습니다.,trade_share,like,[],null
chunk_013_2026-05-28_2026-06-01,2026-06-01,6,A019,"[3686, 3688, 3691, 3700, 3702]",3700,오늘 삼성전자 추가 매수했습니다!,trade_share,unlike,[],null
chunk_013_2026-05-28_2026-06-01,2026-06-01,6,A019,"[3686, 3688, 3691, 3700, 3702]",3702,오늘 삼성전자 매수했습니다!,trade_share,unlike,"[""상위 수익자"", ""자산가""]",null
chunk_013_2026-05-28_2026-06-01,2026-06-01,6,A015,"[3686, 3688, 3691, 3693, 3700]",3686,오늘 삼성전자 매도했습니다!,trade_share,like,[],"{""portfolio_summary"": {""state_id"": ""ps_A001_t006"", ""agent_id"": ""A001"", ""turn"": 6, ""date"": ""2026-06-01"", ""cash"": 66230000.0, ""positions"": ""[{\""stock_code\"": \""005930\"", \""quantity\"": 113, \""avg_cost\"": 305000.0, \""current_price\"": 349000.0, \""unrealized_pnl\"": 4972000.0, \""unrealized_pnl_rate\"": 0.14426229508196722}]"", ""total_value"": 105667000.0, ""realized_pnl"": 695000.0, ""total_return_rate"": 0.05667, ""updated_at"": ""2026-07-16 21:18:44""}, ""recent_trades"": [{""turn"": 10, ""date"": ""2026-05-27"", ""action"": ""buy"", ""stock_code"": ""005930"", ""quantity"": 50, ""executed_price"": 307000.0, ""trade_value"": 15350000.0, ""status"": ""filled"", ""filled_quantity"": 50, ""action_reason"": ""현재 주가 (307,000 원) 가 내재가치 대비 저평가 구간이며, 재무 점수 1 위 등 긍정적 펀더멘털이 확인되었습니다. 평균 매수 단가 (321,500 원) 대비 손실 상태이나, 가치 투자 관점에서 장기 성장성을 믿고 매수하여 단가를 낮춥니다.""}, {""turn"": 9, ""date"": ""2026-05-27"", ""action"": ""buy"", ""stock_code"": ""005930"", ""quantity"": 50, ""executed_price"": 321500.0, ""trade_value"": 16075000.0, ""status"": ""filled"", ""filled_quantity"": 50, ""action_reason"": ""시스템 제약으로 매수 필수이나, 현재 주가가 MA20 대비 20% 이상 프리미엄으로 평가되어 과열 구간으로 판단됨. 반도체 업황 호조는 인정하나, 가치 투자 관점에서 소량 진입하여 추격 매수 리스크를 최소화하고 현금 여력을 유지함.""}, {""turn"": 8, ""date"": ""2026-05-26"", ""action"": ""sell"", ""stock_code"": ""005930"", ""quantity"": 1, ""executed_price"": 299000.0, ""trade_value"": 299000.0, ""status"": ""filled"", ""filled_quantity"": 1, ""action_reason"": ""현재 주가가 내재가치 중상위권으로 밸류에이션 부담이 있으며, HBM 축소 루머로 단기 변동성 우려가 있어 매수 타이밍이 아니라고 판단됩니다. 현금 비중을 높여 저가 매수 기회를 기다리는 것이 리스크 관리에 유리합니다.""}]}"
chunk_013_2026-05-28_2026-06-01,2026-06-01,6,A015,"[3686, 3688, 3691, 3693, 3700]",3688,단기 급등에 따른 매도 경험 공유,trade_share,like,"[""상위 수익자"", ""자산가""]","{""portfolio_summary"": {""state_id"": ""ps_A010_t006"", ""agent_id"": ""A010"", ""turn"": 6, ""date"": ""2026-06-01"", ""cash"": 14993000.0, ""positions"": ""[{\""stock_code\"": \""005930\"", \""quantity\"": 279, \""avg_cost\"": 306639.7963345481, \""current_price\"": 349000.0, \""unrealized_pnl\"": 11818496.822661081, \""unrealized_pnl_rate\"": 0.13814320310608463}]"", ""total_value"": 112364000.0, ""realized_pnl"": 545503.17733893, ""total_return_rate"": 0.12364, ""updated_at"": ""2026-07-16 21:18:44""}, ""recent_trades"": [{""turn"": 10, ""date"": ""2026-05-27"", ""action"": ""buy"", ""stock_code"": ""005930"", ""quantity"": 50, ""executed_price"": 307000.0, ""trade_value"": 15350000.0, ""status"": ""filled"", ""filled_quantity"": 50, ""action_reason"": ""HBM 루머 등 단기 소음에 흔들리지 않고, 321,500 원 매도 대비 하락한 307,000 원은 가치 투자 관점에서 매력적인 진입점입니다. 재무적 우위와 장기 우상향 신념을 바탕으로 매수합니다.""}, {""turn"": 9, ""date"": ""2026-05-27"", ""action"": ""sell"", ""stock_code"": ""005930"", ""quantity"": 50, ""executed_price"": 321500.0, ""trade_value"": 16075000.0, ""status"": ""filled"", ""filled_quantity"": 50, ""action_reason"": ""단기 급등으로 인한 밸류에이션 부담과 변동성 확대 우려가 있어 가치 투자 관점에서 수익 일부 실현을 통해 현금 비중을 확보하고 리스크를 관리합니다.""}, {""turn"": 8, ""date"": ""2026-05-26"", ""action"": ""buy"", ""stock_code"": ""005930"", ""quantity"": 60, ""executed_price"": 299000.0, ""trade_value"": 17940000.0, ""status"": ""filled"", ""filled_quantity"": 60, ""action_reason"": ""내재가치 하단 부근의 저평가 구간이며 수출 호황 지속으로 장기 성장성이 확인됨. HBM 수주 축소 루머는 단기 변동성 요인으로 판단되어 매수 기회로 활용.""}]}"
chunk_013_2026-05-28_2026-06-01,2026-06-01,6,A015,"[3686, 3688, 3691, 3693, 3700]",3691,오늘 삼성전자 일부 매도했습니다.,trade_share,like,[],"{""portfolio_summary"": {""state_id"": ""ps_A003_t006"", ""agent_id"": ""A003"", ""turn"": 6, ""date"": ""2026-06-01"", ""cash"": 67054000.0, ""positions"": ""[{\""stock_code\"": \""005930\"", \""quantity\"": 118, \""avg_cost\"": 305508.40336134454, \""current_price\"": 349000.0, \""unrealized_pnl\"": 5132008.403361345, \""unrealized_pnl_rate\"": 0.14235810262546245}]"", ""total_value"": 108236000.0, ""realized_pnl"": 3103991.5966386558, ""total_return_rate"": 0.08236, ""updated_at"": ""2026-07-16 21:18:44""}, ""recent_trades"": [{""turn"": 10, ""date"": ""2026-05-27"", ""action"": ""buy"", ""stock_code"": ""005930"", ""quantity"": 100, ""executed_price"": 307000.0, ""trade_value"": 30700000.0, ""status"": ""filled"", ""filled_quantity"": 100, ""action_reason"": ""내재가치 대비 저평가 구간 (307,000 원) 이며 메모리 반도체 사이클 회복과 재무적 우위가 확인되어 가치 투자 원칙에 따라 추가 매수합니다. 현금 비중이 높아 포트폴리오 확장에 유리한 환경입니다.""}, {""turn"": 9, ""date"": ""2026-05-27"", ""action"": ""buy"", ""stock_code"": ""005930"", ""quantity"": 10, ""executed_price"": 321500.0, ""trade_value"": 3215000.0, ""status"": ""filled"", ""filled_quantity"": 10, ""action_reason"": ""시스템 제약으로 매수가 필수이나, 현재 주가 321,500 원은 내재가치 대비 과열 구간으로 판단되어 소량 매수로 진입합니다.""}, {""turn"": 8, ""date"": ""2026-05-26"", ""action"": ""sell"", ""stock_code"": ""005930"", ""quantity"": 50, ""executed_price"": 299000.0, ""trade_value"": 14950000.0, ""status"": ""filled"", ""filled_quantity"": 50, ""action_reason"": ""현재 주가 (299,000 원) 가 내재가치 하단 대비 저평가 구간이 아니므로, 가치 투자 원칙에 따라 매수보다는 대기 관점이 적합합니다. belief 에서 제시한 280,000 원~285,000 원대 매수 기회에 대비해 현금을 확보하기 위해 전량 매도합니다.""}]}"
chunk_013_2026-05-28_2026-06-01,2026-06-01,6,A015,"[3686, 3688, 3691, 3693, 3700]",3693,[매도 거래 공유] 삼성전자 30주 매도 완료,trade_share,unlike,"[""커뮤니티 인플루언서""]","{""portfolio_summary"": {""state_id"": ""ps_A007_t006"", ""agent_id"": ""A007"", ""turn"": 6, ""date"": ""2026-06-01"", ""cash"": 93259500.0, ""positions"": ""[{\""stock_code\"": \""005930\"", \""quantity\"": 29, \""avg_cost\"": 302250.0, \""current_price\"": 349000.0, \""unrealized_pnl\"": 1355750.0, \""unrealized_pnl_rate\"": 0.15467328370554176}]"", ""total_value"": 103380500.0, ""realized_pnl"": 2024750.0, ""total_return_rate"": 0.033805, ""updated_at"": ""2026-07-16 21:18:44""}, ""recent_trades"": [{""turn"": 10, ""date"": ""2026-05-27"", ""action"": ""buy"", ""stock_code"": ""005930"", ""quantity"": 1, ""executed_price"": 307000.0, ""trade_value"": 307000.0, ""status"": ""filled"", ""filled_quantity"": 1, ""action_reason"": ""노사 합의와 업황 호조는 긍정적이지만, 밸류에이션 데이터 부재와 시장 과열로 인해 제한적으로 매수합니다.""}, {""turn"": 9, ""date"": ""2026-05-27"", ""action"": ""sell"", ""stock_code"": ""005930"", ""quantity"": 30, ""executed_price"": 321500.0, ""trade_value"": 9645000.0, ""status"": ""filled"", ""filled_quantity"": 30, ""action_reason"": ""현재가 32 만 1,500 원은 내재가치 대비 밸류에이션 부담이 있어 저평가 구간이 소멸됨. 가치 투자 관점에서 고가 매수 지양 및 수익 실현을 위해 전량 매도.""}, {""turn"": 8, ""date"": ""2026-05-26"", ""action"": ""sell"", ""stock_code"": ""005930"", ""quantity"": 50, ""executed_price"": 299000.0, ""trade_value"": 14950000.0, ""status"": ""filled"", ""filled_quantity"": 50, ""action_reason"": ""HBM 축소설과 지배구조 리스크로 내재가치 할인 요인이 증가하여 현재 가격이 매력적이지 않으며, 30 만 원 저항선 부근에서 단기 방어 어려울 것으로 판단됨. 과거 집중 투자 리스크를 반성하여 보유 물량을 일부 조정함.""}]}"
chunk_013_2026-05-28_2026-06-01,2026-06-01,6,A015,"[3686, 3688, 3691, 3693, 3700]",3700,오늘 삼성전자 추가 매수했습니다!,trade_share,read,[],"{""portfolio_summary"": {""state_id"": ""ps_A013_t006"", ""agent_id"": ""A013"", ""turn"": 6, ""date"": ""2026-06-01"", ""cash"": 25381000.0, ""positions"": ""[{\""stock_code\"": \""005930\"", \""quantity\"": 234, \""avg_cost\"": 324199.4101360299, \""current_price\"": 349000.0, \""unrealized_pnl\"": 5803338.028169008, \""unrealized_pnl_rate\"": 0.0764979487580317}]"", ""total_value"": 107047000.0, ""realized_pnl"": 1243661.971830984, ""total_return_rate"": 0.07047, ""updated_at"": ""2026-07-16 21:18:44""}, ""recent_trades"": [{""turn"": 10, ""date"": ""2026-05-27"", ""action"": ""sell"", ""stock_code"": ""005930"", ""quantity"": 48, ""executed_price"": 307000.0, ""trade_value"": 14736000.0, ""status"": ""filled"", ""filled_quantity"": 48, ""action_reason"": ""수익 실현 욕구 (Disposition Effect) 와 32 만 원 저항선 돌파 실패로 인한 단기 조정 가능성에 대응하기 위해 수익을 일부 확정합니다. 기술적 지표는 강세이나, 종가 하락으로 리스크 관리가 필요합니다.""}, {""turn"": 9, ""date"": ""2026-05-27"", ""action"": ""sell"", ""stock_code"": ""005930"", ""quantity"": 30, ""executed_price"": 321500.0, ""trade_value"": 9645000.0, ""status"": ""filled"", ""filled_quantity"": 30, ""action_reason"": ""기술적 과매수 구간과 과거 수익 실현 타이밍 실패 경험을 반영하여, 현재 수익 구간에서 일부 매도하여 수익을 확정하고 현금 비중을 높입니다.""}, {""turn"": 8, ""date"": ""2026-05-26"", ""action"": ""sell"", ""stock_code"": ""005930"", ""quantity"": 20, ""executed_price"": 299000.0, ""trade_value"": 5980000.0, ""status"": ""filled"", ""filled_quantity"": 20, ""action_reason"": ""수익 상태이므로 처분효과에 따라 일부 매도, 30 만 원 저항선 부근과 HBM 루머로 인한 불안감 반영""}]}"
chunk_013_2026-05-28_2026-06-01,2026-06-01,6,A017,"[3686, 3688, 3691, 3693, 3700]",3686,오늘 삼성전자 매도했습니다!,trade_share,like,[],"{""portfolio_summary"": {""state_id"": ""ps_A001_t006"", ""agent_id"": ""A001"", ""turn"": 6, ""date"": ""2026-06-01"", ""cash"": 66230000.0, ""positions"": ""[{\""stock_code\"": \""005930\"", \""quantity\"": 113, \""avg_cost\"": 305000.0, \""current_price\"": 349000.0, \""unrealized_pnl\"": 4972000.0, \""unrealized_pnl_rate\"": 0.14426229508196722}]"", ""total_value"": 105667000.0, ""realized_pnl"": 695000.0, ""total_return_rate"": 0.05667, ""updated_at"": ""2026-07-16 21:18:44""}, ""recent_trades"": [{""turn"": 10, ""date"": ""2026-05-27"", ""action"": ""buy"", ""stock_code"": ""005930"", ""quantity"": 50, ""executed_price"": 307000.0, ""trade_value"": 15350000.0, ""status"": ""filled"", ""filled_quantity"": 50, ""action_reason"": ""현재 주가 (307,000 원) 가 내재가치 대비 저평가 구간이며, 재무 점수 1 위 등 긍정적 펀더멘털이 확인되었습니다. 평균 매수 단가 (321,500 원) 대비 손실 상태이나, 가치 투자 관점에서 장기 성장성을 믿고 매수하여 단가를 낮춥니다.""}, {""turn"": 9, ""date"": ""2026-05-27"", ""action"": ""buy"", ""stock_code"": ""005930"", ""quantity"": 50, ""executed_price"": 321500.0, ""trade_value"": 16075000.0, ""status"": ""filled"", ""filled_quantity"": 50, ""action_reason"": ""시스템 제약으로 매수 필수이나, 현재 주가가 MA20 대비 20% 이상 프리미엄으로 평가되어 과열 구간으로 판단됨. 반도체 업황 호조는 인정하나, 가치 투자 관점에서 소량 진입하여 추격 매수 리스크를 최소화하고 현금 여력을 유지함.""}, {""turn"": 8, ""date"": ""2026-05-26"", ""action"": ""sell"", ""stock_code"": ""005930"", ""quantity"": 1, ""executed_price"": 299000.0, ""trade_value"": 299000.0, ""status"": ""filled"", ""filled_quantity"": 1, ""action_reason"": ""현재 주가가 내재가치 중상위권으로 밸류에이션 부담이 있으며, HBM 축소 루머로 단기 변동성 우려가 있어 매수 타이밍이 아니라고 판단됩니다. 현금 비중을 높여 저가 매수 기회를 기다리는 것이 리스크 관리에 유리합니다.""}]}"
chunk_013_2026-05-28_2026-06-01,2026-06-01,6,A017,"[3686, 3688, 3691, 3693, 3700]",3688,단기 급등에 따른 매도 경험 공유,trade_share,like,"[""상위 수익자"", ""자산가""]","{""portfolio_summary"": {""state_id"": ""ps_A010_t006"", ""agent_id"": ""A010"", ""turn"": 6, ""date"": ""2026-06-01"", ""cash"": 14993000.0, ""positions"": ""[{\""stock_code\"": \""005930\"", \""quantity\"": 279, \""avg_cost\"": 306639.7963345481, \""current_price\"": 349000.0, \""unrealized_pnl\"": 11818496.822661081, \""unrealized_pnl_rate\"": 0.13814320310608463}]"", ""total_value"": 112364000.0, ""realized_pnl"": 545503.17733893, ""total_return_rate"": 0.12364, ""updated_at"": ""2026-07-16 21:18:44""}, ""recent_trades"": [{""turn"": 10, ""date"": ""2026-05-27"", ""action"": ""buy"", ""stock_code"": ""005930"", ""quantity"": 50, ""executed_price"": 307000.0, ""trade_value"": 15350000.0, ""status"": ""filled"", ""filled_quantity"": 50, ""action_reason"": ""HBM 루머 등 단기 소음에 흔들리지 않고, 321,500 원 매도 대비 하락한 307,000 원은 가치 투자 관점에서 매력적인 진입점입니다. 재무적 우위와 장기 우상향 신념을 바탕으로 매수합니다.""}, {""turn"": 9, ""date"": ""2026-05-27"", ""action"": ""sell"", ""stock_code"": ""005930"", ""quantity"": 50, ""executed_price"": 321500.0, ""trade_value"": 16075000.0, ""status"": ""filled"", ""filled_quantity"": 50, ""action_reason"": ""단기 급등으로 인한 밸류에이션 부담과 변동성 확대 우려가 있어 가치 투자 관점에서 수익 일부 실현을 통해 현금 비중을 확보하고 리스크를 관리합니다.""}, {""turn"": 8, ""date"": ""2026-05-26"", ""action"": ""buy"", ""stock_code"": ""005930"", ""quantity"": 60, ""executed_price"": 299000.0, ""trade_value"": 17940000.0, ""status"": ""filled"", ""filled_quantity"": 60, ""action_reason"": ""내재가치 하단 부근의 저평가 구간이며 수출 호황 지속으로 장기 성장성이 확인됨. HBM 수주 축소 루머는 단기 변동성 요인으로 판단되어 매수 기회로 활용.""}]}"
chunk_013_2026-05-28_2026-06-01,2026-06-01,6,A017,"[3686, 3688, 3691, 3693, 3700]",3691,오늘 삼성전자 일부 매도했습니다.,trade_share,like,[],"{""portfolio_summary"": {""state_id"": ""ps_A003_t006"", ""agent_id"": ""A003"", ""turn"": 6, ""date"": ""2026-06-01"", ""cash"": 67054000.0, ""positions"": ""[{\""stock_code\"": \""005930\"", \""quantity\"": 118, \""avg_cost\"": 305508.40336134454, \""current_price\"": 349000.0, \""unrealized_pnl\"": 5132008.403361345, \""unrealized_pnl_rate\"": 0.14235810262546245}]"", ""total_value"": 108236000.0, ""realized_pnl"": 3103991.5966386558, ""total_return_rate"": 0.08236, ""updated_at"": ""2026-07-16 21:18:44""}, ""recent_trades"": [{""turn"": 10, ""date"": ""2026-05-27"", ""action"": ""buy"", ""stock_code"": ""005930"", ""quantity"": 100, ""executed_price"": 307000.0, ""trade_value"": 30700000.0, ""status"": ""filled"", ""filled_quantity"": 100, ""action_reason"": ""내재가치 대비 저평가 구간 (307,000 원) 이며 메모리 반도체 사이클 회복과 재무적 우위가 확인되어 가치 투자 원칙에 따라 추가 매수합니다. 현금 비중이 높아 포트폴리오 확장에 유리한 환경입니다.""}, {""turn"": 9, ""date"": ""2026-05-27"", ""action"": ""buy"", ""stock_code"": ""005930"", ""quantity"": 10, ""executed_price"": 321500.0, ""trade_value"": 3215000.0, ""status"": ""filled"", ""filled_quantity"": 10, ""action_reason"": ""시스템 제약으로 매수가 필수이나, 현재 주가 321,500 원은 내재가치 대비 과열 구간으로 판단되어 소량 매수로 진입합니다.""}, {""turn"": 8, ""date"": ""2026-05-26"", ""action"": ""sell"", ""stock_code"": ""005930"", ""quantity"": 50, ""executed_price"": 299000.0, ""trade_value"": 14950000.0, ""status"": ""filled"", ""filled_quantity"": 50, ""action_reason"": ""현재 주가 (299,000 원) 가 내재가치 하단 대비 저평가 구간이 아니므로, 가치 투자 원칙에 따라 매수보다는 대기 관점이 적합합니다. belief 에서 제시한 280,000 원~285,000 원대 매수 기회에 대비해 현금을 확보하기 위해 전량 매도합니다.""}]}"
chunk_013_2026-05-28_2026-06-01,2026-06-01,6,A017,"[3686, 3688, 3691, 3693, 3700]",3693,[매도 거래 공유] 삼성전자 30주 매도 완료,trade_share,unlike,"[""커뮤니티 인플루언서""]","{""portfolio_summary"": {""state_id"": ""ps_A007_t006"", ""agent_id"": ""A007"", ""turn"": 6, ""date"": ""2026-06-01"", ""cash"": 93259500.0, ""positions"": ""[{\""stock_code\"": \""005930\"", \""quantity\"": 29, \""avg_cost\"": 302250.0, \""current_price\"": 349000.0, \""unrealized_pnl\"": 1355750.0, \""unrealized_pnl_rate\"": 0.15467328370554176}]"", ""total_value"": 103380500.0, ""realized_pnl"": 2024750.0, ""total_return_rate"": 0.033805, ""updated_at"": ""2026-07-16 21:18:44""}, ""recent_trades"": [{""turn"": 10, ""date"": ""2026-05-27"", ""action"": ""buy"", ""stock_code"": ""005930"", ""quantity"": 1, ""executed_price"": 307000.0, ""trade_value"": 307000.0, ""status"": ""filled"", ""filled_quantity"": 1, ""action_reason"": ""노사 합의와 업황 호조는 긍정적이지만, 밸류에이션 데이터 부재와 시장 과열로 인해 제한적으로 매수합니다.""}, {""turn"": 9, ""date"": ""2026-05-27"", ""action"": ""sell"", ""stock_code"": ""005930"", ""quantity"": 30, ""executed_price"": 321500.0, ""trade_value"": 9645000.0, ""status"": ""filled"", ""filled_quantity"": 30, ""action_reason"": ""현재가 32 만 1,500 원은 내재가치 대비 밸류에이션 부담이 있어 저평가 구간이 소멸됨. 가치 투자 관점에서 고가 매수 지양 및 수익 실현을 위해 전량 매도.""}, {""turn"": 8, ""date"": ""2026-05-26"", ""action"": ""sell"", ""stock_code"": ""005930"", ""quantity"": 50, ""executed_price"": 299000.0, ""trade_value"": 14950000.0, ""status"": ""filled"", ""filled_quantity"": 50, ""action_reason"": ""HBM 축소설과 지배구조 리스크로 내재가치 할인 요인이 증가하여 현재 가격이 매력적이지 않으며, 30 만 원 저항선 부근에서 단기 방어 어려울 것으로 판단됨. 과거 집중 투자 리스크를 반성하여 보유 물량을 일부 조정함.""}]}"
chunk_013_2026-05-28_2026-06-01,2026-06-01,6,A017,"[3686, 3688, 3691, 3693, 3700]",3700,오늘 삼성전자 추가 매수했습니다!,trade_share,read,[],"{""portfolio_summary"": {""state_id"": ""ps_A013_t006"", ""agent_id"": ""A013"", ""turn"": 6, ""date"": ""2026-06-01"", ""cash"": 25381000.0, ""positions"": ""[{\""stock_code\"": \""005930\"", \""quantity\"": 234, \""avg_cost\"": 324199.4101360299, \""current_price\"": 349000.0, \""unrealized_pnl\"": 5803338.028169008, \""unrealized_pnl_rate\"": 0.0764979487580317}]"", ""total_value"": 107047000.0, ""realized_pnl"": 1243661.971830984, ""total_return_rate"": 0.07047, ""updated_at"": ""2026-07-16 21:18:44""}, ""recent_trades"": [{""turn"": 10, ""date"": ""2026-05-27"", ""action"": ""sell"", ""stock_code"": ""005930"", ""quantity"": 48, ""executed_price"": 307000.0, ""trade_value"": 14736000.0, ""status"": ""filled"", ""filled_quantity"": 48, ""action_reason"": ""수익 실현 욕구 (Disposition Effect) 와 32 만 원 저항선 돌파 실패로 인한 단기 조정 가능성에 대응하기 위해 수익을 일부 확정합니다. 기술적 지표는 강세이나, 종가 하락으로 리스크 관리가 필요합니다.""}, {""turn"": 9, ""date"": ""2026-05-27"", ""action"": ""sell"", ""stock_code"": ""005930"", ""quantity"": 30, ""executed_price"": 321500.0, ""trade_value"": 9645000.0, ""status"": ""filled"", ""filled_quantity"": 30, ""action_reason"": ""기술적 과매수 구간과 과거 수익 실현 타이밍 실패 경험을 반영하여, 현재 수익 구간에서 일부 매도하여 수익을 확정하고 현금 비중을 높입니다.""}, {""turn"": 8, ""date"": ""2026-05-26"", ""action"": ""sell"", ""stock_code"": ""005930"", ""quantity"": 20, ""executed_price"": 299000.0, ""trade_value"": 5980000.0, ""status"": ""filled"", ""filled_quantity"": 20, ""action_reason"": ""수익 상태이므로 처분효과에 따라 일부 매도, 30 만 원 저항선 부근과 HBM 루머로 인한 불안감 반영""}]}"
chunk_013_2026-05-28_2026-06-01,2026-06-01,6,A011,"[3686, 3688, 3694, 3700, 3702]",3686,오늘 삼성전자 매도했습니다!,trade_share,read,[],null
chunk_013_2026-05-28_2026-06-01,2026-06-01,6,A011,"[3686, 3688, 3694, 3700, 3702]",3688,단기 급등에 따른 매도 경험 공유,trade_share,like,"[""상위 수익자"", ""자산가""]",null
chunk_013_2026-05-28_2026-06-01,2026-06-01,6,A011,"[3686, 3688, 3694, 3700, 3702]",3694,오늘 삼성전자 매수했습니다!,trade_share,unlike,[],null
chunk_013_2026-05-28_2026-06-01,2026-06-01,6,A011,"[3686, 3688, 3694, 3700, 3702]",3700,오늘 삼성전자 추가 매수했습니다!,trade_share,unlike,[],null
chunk_013_2026-05-28_2026-06-01,2026-06-01,6,A011,"[3686, 3688, 3694, 3700, 3702]",3702,오늘 삼성전자 매수했습니다!,trade_share,unlike,"[""상위 수익자"", ""자산가""]",null
chunk_013_2026-05-28_2026-06-01,2026-06-01,6,A020,"[3686, 3688, 3691, 3694, 3700]",3686,오늘 삼성전자 매도했습니다!,trade_share,like,[],"{""portfolio_summary"": {""state_id"": ""ps_A001_t006"", ""agent_id"": ""A001"", ""turn"": 6, ""date"": ""2026-06-01"", ""cash"": 66230000.0, ""positions"": ""[{\""stock_code\"": \""005930\"", \""quantity\"": 113, \""avg_cost\"": 305000.0, \""current_price\"": 349000.0, \""unrealized_pnl\"": 4972000.0, \""unrealized_pnl_rate\"": 0.14426229508196722}]"", ""total_value"": 105667000.0, ""realized_pnl"": 695000.0, ""total_return_rate"": 0.05667, ""updated_at"": ""2026-07-16 21:18:44""}, ""recent_trades"": [{""turn"": 10, ""date"": ""2026-05-27"", ""action"": ""buy"", ""stock_code"": ""005930"", ""quantity"": 50, ""executed_price"": 307000.0, ""trade_value"": 15350000.0, ""status"": ""filled"", ""filled_quantity"": 50, ""action_reason"": ""현재 주가 (307,000 원) 가 내재가치 대비 저평가 구간이며, 재무 점수 1 위 등 긍정적 펀더멘털이 확인되었습니다. 평균 매수 단가 (321,500 원) 대비 손실 상태이나, 가치 투자 관점에서 장기 성장성을 믿고 매수하여 단가를 낮춥니다.""}, {""turn"": 9, ""date"": ""2026-05-27"", ""action"": ""buy"", ""stock_code"": ""005930"", ""quantity"": 50, ""executed_price"": 321500.0, ""trade_value"": 16075000.0, ""status"": ""filled"", ""filled_quantity"": 50, ""action_reason"": ""시스템 제약으로 매수 필수이나, 현재 주가가 MA20 대비 20% 이상 프리미엄으로 평가되어 과열 구간으로 판단됨. 반도체 업황 호조는 인정하나, 가치 투자 관점에서 소량 진입하여 추격 매수 리스크를 최소화하고 현금 여력을 유지함.""}, {""turn"": 8, ""date"": ""2026-05-26"", ""action"": ""sell"", ""stock_code"": ""005930"", ""quantity"": 1, ""executed_price"": 299000.0, ""trade_value"": 299000.0, ""status"": ""filled"", ""filled_quantity"": 1, ""action_reason"": ""현재 주가가 내재가치 중상위권으로 밸류에이션 부담이 있으며, HBM 축소 루머로 단기 변동성 우려가 있어 매수 타이밍이 아니라고 판단됩니다. 현금 비중을 높여 저가 매수 기회를 기다리는 것이 리스크 관리에 유리합니다.""}]}"
chunk_013_2026-05-28_2026-06-01,2026-06-01,6,A020,"[3686, 3688, 3691, 3694, 3700]",3688,단기 급등에 따른 매도 경험 공유,trade_share,like,"[""상위 수익자"", ""자산가""]","{""portfolio_summary"": {""state_id"": ""ps_A010_t006"", ""agent_id"": ""A010"", ""turn"": 6, ""date"": ""2026-06-01"", ""cash"": 14993000.0, ""positions"": ""[{\""stock_code\"": \""005930\"", \""quantity\"": 279, \""avg_cost\"": 306639.7963345481, \""current_price\"": 349000.0, \""unrealized_pnl\"": 11818496.822661081, \""unrealized_pnl_rate\"": 0.13814320310608463}]"", ""total_value"": 112364000.0, ""realized_pnl"": 545503.17733893, ""total_return_rate"": 0.12364, ""updated_at"": ""2026-07-16 21:18:44""}, ""recent_trades"": [{""turn"": 10, ""date"": ""2026-05-27"", ""action"": ""buy"", ""stock_code"": ""005930"", ""quantity"": 50, ""executed_price"": 307000.0, ""trade_value"": 15350000.0, ""status"": ""filled"", ""filled_quantity"": 50, ""action_reason"": ""HBM 루머 등 단기 소음에 흔들리지 않고, 321,500 원 매도 대비 하락한 307,000 원은 가치 투자 관점에서 매력적인 진입점입니다. 재무적 우위와 장기 우상향 신념을 바탕으로 매수합니다.""}, {""turn"": 9, ""date"": ""2026-05-27"", ""action"": ""sell"", ""stock_code"": ""005930"", ""quantity"": 50, ""executed_price"": 321500.0, ""trade_value"": 16075000.0, ""status"": ""filled"", ""filled_quantity"": 50, ""action_reason"": ""단기 급등으로 인한 밸류에이션 부담과 변동성 확대 우려가 있어 가치 투자 관점에서 수익 일부 실현을 통해 현금 비중을 확보하고 리스크를 관리합니다.""}, {""turn"": 8, ""date"": ""2026-05-26"", ""action"": ""buy"", ""stock_code"": ""005930"", ""quantity"": 60, ""executed_price"": 299000.0, ""trade_value"": 17940000.0, ""status"": ""filled"", ""filled_quantity"": 60, ""action_reason"": ""내재가치 하단 부근의 저평가 구간이며 수출 호황 지속으로 장기 성장성이 확인됨. HBM 수주 축소 루머는 단기 변동성 요인으로 판단되어 매수 기회로 활용.""}]}"
chunk_013_2026-05-28_2026-06-01,2026-06-01,6,A020,"[3686, 3688, 3691, 3694, 3700]",3691,오늘 삼성전자 일부 매도했습니다.,trade_share,like,[],"{""portfolio_summary"": {""state_id"": ""ps_A003_t006"", ""agent_id"": ""A003"", ""turn"": 6, ""date"": ""2026-06-01"", ""cash"": 67054000.0, ""positions"": ""[{\""stock_code\"": \""005930\"", \""quantity\"": 118, \""avg_cost\"": 305508.40336134454, \""current_price\"": 349000.0, \""unrealized_pnl\"": 5132008.403361345, \""unrealized_pnl_rate\"": 0.14235810262546245}]"", ""total_value"": 108236000.0, ""realized_pnl"": 3103991.5966386558, ""total_return_rate"": 0.08236, ""updated_at"": ""2026-07-16 21:18:44""}, ""recent_trades"": [{""turn"": 10, ""date"": ""2026-05-27"", ""action"": ""buy"", ""stock_code"": ""005930"", ""quantity"": 100, ""executed_price"": 307000.0, ""trade_value"": 30700000.0, ""status"": ""filled"", ""filled_quantity"": 100, ""action_reason"": ""내재가치 대비 저평가 구간 (307,000 원) 이며 메모리 반도체 사이클 회복과 재무적 우위가 확인되어 가치 투자 원칙에 따라 추가 매수합니다. 현금 비중이 높아 포트폴리오 확장에 유리한 환경입니다.""}, {""turn"": 9, ""date"": ""2026-05-27"", ""action"": ""buy"", ""stock_code"": ""005930"", ""quantity"": 10, ""executed_price"": 321500.0, ""trade_value"": 3215000.0, ""status"": ""filled"", ""filled_quantity"": 10, ""action_reason"": ""시스템 제약으로 매수가 필수이나, 현재 주가 321,500 원은 내재가치 대비 과열 구간으로 판단되어 소량 매수로 진입합니다.""}, {""turn"": 8, ""date"": ""2026-05-26"", ""action"": ""sell"", ""stock_code"": ""005930"", ""quantity"": 50, ""executed_price"": 299000.0, ""trade_value"": 14950000.0, ""status"": ""filled"", ""filled_quantity"": 50, ""action_reason"": ""현재 주가 (299,000 원) 가 내재가치 하단 대비 저평가 구간이 아니므로, 가치 투자 원칙에 따라 매수보다는 대기 관점이 적합합니다. belief 에서 제시한 280,000 원~285,000 원대 매수 기회에 대비해 현금을 확보하기 위해 전량 매도합니다.""}]}"
chunk_013_2026-05-28_2026-06-01,2026-06-01,6,A020,"[3686, 3688, 3691, 3694, 3700]",3694,오늘 삼성전자 매수했습니다!,trade_share,unlike,[],"{""portfolio_summary"": {""state_id"": ""ps_A014_t006"", ""agent_id"": ""A014"", ""turn"": 6, ""date"": ""2026-06-01"", ""cash"": 23331000.0, ""positions"": ""[{\""stock_code\"": \""005930\"", \""quantity\"": 239, \""avg_cost\"": 320945.81246999104, \""current_price\"": 349000.0, \""unrealized_pnl\"": 6704950.819672141, \""unrealized_pnl_rate\"": 0.08741097855150258}]"", ""total_value"": 106742000.0, ""realized_pnl"": 37049.18032786809, ""total_return_rate"": 0.06742, ""updated_at"": ""2026-07-16 21:18:44""}, ""recent_trades"": [{""turn"": 10, ""date"": ""2026-05-27"", ""action"": ""buy"", ""stock_code"": ""005930"", ""quantity"": 100, ""executed_price"": 307000.0, ""trade_value"": 30700000.0, ""status"": ""filled"", ""filled_quantity"": 100, ""action_reason"": ""나스닥 호재와 MA5 상향 돌파로 하락 추세는 일시적일 가능성이 높음. 재무 안정성을 믿고 손실 회복을 위한 매수.""}, {""turn"": 9, ""date"": ""2026-05-27"", ""action"": ""buy"", ""stock_code"": ""005930"", ""quantity"": 50, ""executed_price"": 321500.0, ""trade_value"": 16075000.0, ""status"": ""filled"", ""filled_quantity"": 50, ""action_reason"": ""시스템 제약으로 매수 필수이나, 32 만 원대 고점 밸류에이션과 노조 이슈로 인한 변동성 우려가 있어 제한적 수량 (50 주) 으로 진입합니다. 상승 추세는 인정하되, 조정 시 추가 매수 여력을 확보하는 방어적 접근입니다.""}, {""turn"": 8, ""date"": ""2026-05-26"", ""action"": ""sell"", ""stock_code"": ""005930"", ""quantity"": 100, ""executed_price"": 299000.0, ""trade_value"": 29900000.0, ""status"": ""filled"", ""filled_quantity"": 100, ""action_reason"": ""HBM 축소 루머로 인한 불안감과 뉴스 과반응으로 보수적 관점 전환. 소폭 흑자 상태이므로 리스크 회피를 위해 전량 매도하여 현금화.""}]}"
chunk_013_2026-05-28_2026-06-01,2026-06-01,6,A020,"[3686, 3688, 3691, 3694, 3700]",3700,오늘 삼성전자 추가 매수했습니다!,trade_share,unlike,[],"{""portfolio_summary"": {""state_id"": ""ps_A013_t006"", ""agent_id"": ""A013"", ""turn"": 6, ""date"": ""2026-06-01"", ""cash"": 25381000.0, ""positions"": ""[{\""stock_code\"": \""005930\"", \""quantity\"": 234, \""avg_cost\"": 324199.4101360299, \""current_price\"": 349000.0, \""unrealized_pnl\"": 5803338.028169008, \""unrealized_pnl_rate\"": 0.0764979487580317}]"", ""total_value"": 107047000.0, ""realized_pnl"": 1243661.971830984, ""total_return_rate"": 0.07047, ""updated_at"": ""2026-07-16 21:18:44""}, ""recent_trades"": [{""turn"": 10, ""date"": ""2026-05-27"", ""action"": ""sell"", ""stock_code"": ""005930"", ""quantity"": 48, ""executed_price"": 307000.0, ""trade_value"": 14736000.0, ""status"": ""filled"", ""filled_quantity"": 48, ""action_reason"": ""수익 실현 욕구 (Disposition Effect) 와 32 만 원 저항선 돌파 실패로 인한 단기 조정 가능성에 대응하기 위해 수익을 일부 확정합니다. 기술적 지표는 강세이나, 종가 하락으로 리스크 관리가 필요합니다.""}, {""turn"": 9, ""date"": ""2026-05-27"", ""action"": ""sell"", ""stock_code"": ""005930"", ""quantity"": 30, ""executed_price"": 321500.0, ""trade_value"": 9645000.0, ""status"": ""filled"", ""filled_quantity"": 30, ""action_reason"": ""기술적 과매수 구간과 과거 수익 실현 타이밍 실패 경험을 반영하여, 현재 수익 구간에서 일부 매도하여 수익을 확정하고 현금 비중을 높입니다.""}, {""turn"": 8, ""date"": ""2026-05-26"", ""action"": ""sell"", ""stock_code"": ""005930"", ""quantity"": 20, ""executed_price"": 299000.0, ""trade_value"": 5980000.0, ""status"": ""filled"", ""filled_quantity"": 20, ""action_reason"": ""수익 상태이므로 처분효과에 따라 일부 매도, 30 만 원 저항선 부근과 HBM 루머로 인한 불안감 반영""}]}"
chunk_013_2026-05-28_2026-06-01,2026-06-01,6,A026,"[3686, 3688, 3691, 3700, 3702]",3686,오늘 삼성전자 매도했습니다!,trade_share,like,[],null
chunk_013_2026-05-28_2026-06-01,2026-06-01,6,A026,"[3686, 3688, 3691, 3700, 3702]",3688,단기 급등에 따른 매도 경험 공유,trade_share,like,"[""상위 수익자"", ""자산가""]",null
chunk_013_2026-05-28_2026-06-01,2026-06-01,6,A026,"[3686, 3688, 3691, 3700, 3702]",3691,오늘 삼성전자 일부 매도했습니다.,trade_share,like,[],null
chunk_013_2026-05-28_2026-06-01,2026-06-01,6,A026,"[3686, 3688, 3691, 3700, 3702]",3700,오늘 삼성전자 추가 매수했습니다!,trade_share,unlike,[],null
chunk_013_2026-05-28_2026-06-01,2026-06-01,6,A026,"[3686, 3688, 3691, 3700, 3702]",3702,오늘 삼성전자 매수했습니다!,trade_share,unlike,"[""상위 수익자"", ""자산가""]",null
chunk_013_2026-05-28_2026-06-01,2026-06-01,6,A025,"[3686, 3688, 3690, 3700, 3702]",3686,오늘 삼성전자 매도했습니다!,trade_share,like,[],null
chunk_013_2026-05-28_2026-06-01,2026-06-01,6,A025,"[3686, 3688, 3690, 3700, 3702]",3688,단기 급등에 따른 매도 경험 공유,trade_share,like,"[""상위 수익자"", ""자산가""]",null
chunk_013_2026-05-28_2026-06-01,2026-06-01,6,A025,"[3686, 3688, 3690, 3700, 3702]",3690,오늘 삼성전자 매도 완료!,trade_share,like,[],null
chunk_013_2026-05-28_2026-06-01,2026-06-01,6,A025,"[3686, 3688, 3690, 3700, 3702]",3700,오늘 삼성전자 추가 매수했습니다!,trade_share,unlike,[],null
chunk_013_2026-05-28_2026-06-01,2026-06-01,6,A025,"[3686, 3688, 3690, 3700, 3702]",3702,오늘 삼성전자 매수했습니다!,trade_share,unlike,"[""상위 수익자"", ""자산가""]",null
chunk_013_2026-05-28_2026-06-01,2026-06-01,6,A022,"[3686, 3688, 3692, 3700, 3702]",3686,오늘 삼성전자 매도했습니다!,trade_share,like,[],null
chunk_013_2026-05-28_2026-06-01,2026-06-01,6,A022,"[3686, 3688, 3692, 3700, 3702]",3688,단기 급등에 따른 매도 경험 공유,trade_share,like,"[""상위 수익자"", ""자산가""]",null
chunk_013_2026-05-28_2026-06-01,2026-06-01,6,A022,"[3686, 3688, 3692, 3700, 3702]",3692,오늘 삼성전자 50주 매도했습니다,trade_share,like,[],null
chunk_013_2026-05-28_2026-06-01,2026-06-01,6,A022,"[3686, 3688, 3692, 3700, 3702]",3700,오늘 삼성전자 추가 매수했습니다!,trade_share,unlike,[],null
chunk_013_2026-05-28_2026-06-01,2026-06-01,6,A022,"[3686, 3688, 3692, 3700, 3702]",3702,오늘 삼성전자 매수했습니다!,trade_share,unlike,"[""상위 수익자"", ""자산가""]",null
chunk_013_2026-05-28_2026-06-01,2026-06-01,6,A027,"[3686, 3688, 3691, 3700, 3702]",3686,오늘 삼성전자 매도했습니다!,trade_share,like,[],null
chunk_013_2026-05-28_2026-06-01,2026-06-01,6,A027,"[3686, 3688, 3691, 3700, 3702]",3688,단기 급등에 따른 매도 경험 공유,trade_share,like,"[""상위 수익자"", ""자산가""]",null
chunk_013_2026-05-28_2026-06-01,2026-06-01,6,A027,"[3686, 3688, 3691, 3700, 3702]",3691,오늘 삼성전자 일부 매도했습니다.,trade_share,like,[],null
chunk_013_2026-05-28_2026-06-01,2026-06-01,6,A027,"[3686, 3688, 3691, 3700, 3702]",3700,오늘 삼성전자 추가 매수했습니다!,trade_share,unlike,[],null
chunk_013_2026-05-28_2026-06-01,2026-06-01,6,A027,"[3686, 3688, 3691, 3700, 3702]",3702,오늘 삼성전자 매수했습니다!,trade_share,unlike,"[""상위 수익자"", ""자산가""]",null
