run_id,date,turn,subturn,agent_id,source_ltb_id,source_stb_id,analysis_id,decision_id,fill_id,post_fill_ltb_id,decision_date,market_features_date,news_start_date,news_start_time,news_max_date,news_end_time,execution_date,information_mode,stock_code,action,quantity,reason,decision_attempts,decision_origin,one_share_reason
RN_COMM_OFF,2026-02-27,1,am,A001,ltb_A001_t000,stb_A001_t001,analysis_A001_t001,decision_A001_t001,,,2026-02-27,2026-02-26,2026-02-26,15:30,2026-02-27,08:59,2026-02-27,pre_close_cutoff,005930,buy,100,"엔비디아 호실적과 AI 수요 확대 기대감으로 반도체 섹터의 성장 모멘텀이 확인되었으나, 현재 밸류에이션이 저평가 구간이 아니며 미·중 규제 리스크 등 불확실성이 존재합니다. 따라서 초기 진입 단계에서 현금 관리 원칙을 준수하며, 단기 조정 국면을 활용한 제한적인 매수 (약 2,100 만 원, 총 자산의 2.1%) 로 시작하여 추후 추가 판단을 위한 기초 포지션을 형성합니다.",1,llm_first_response,not_one_share
RN_COMM_OFF,2026-02-27,1,am,A002,ltb_A002_t000,stb_A002_t001,analysis_A002_t001,decision_A002_t001,,,2026-02-27,2026-02-26,2026-02-26,15:30,2026-02-27,08:59,2026-02-27,pre_close_cutoff,005930,buy,100,"반도체 TOP10 자금 유입 및 한·영 협력 등 긍정적 호재로 저평가 매수 심리가 형성되었으나, ASML 규제 리스크 등 외부 변수로 인해 방향성이 혼조됨. 가치평가 중심 투자자로서 구체적인 밸류에이션 수치가 부족하여 전량 매수는 신중해야 하며, 20 일 이동평균선 대비 높은 가격대이므로 과열 우려를 고려해 현금의 50% 이내인 2,100 만 원 (100 주) 만을 제한적으로 매수하여 진입합니다.",1,llm_first_response,not_one_share
RN_COMM_OFF,2026-02-27,1,am,A003,ltb_A003_t000,stb_A003_t001,analysis_A003_t001,decision_A003_t001,,,2026-02-27,2026-02-26,2026-02-26,15:30,2026-02-27,08:59,2026-02-27,pre_close_cutoff,005930,buy,238,"엔비디아 호실적과 반도체 ETF 유입 등 강력한 모멘텀이 존재하며, 내재가치 재평가 가능성으로 현재 주가는 적정~약간 저평가 구간으로 판단됨. 시가 하락은 단기 조정으로 보이며, 이동평균선 상향 흐름 속에서 매수 기회로 해석. 초기 진입 단계이므로 현금 100% 보유 상태에서 단일 종목 집중 투자 성향에 따라 최대 매수 가능 수량인 238 주를 전량 매수하여 진입함.",1,llm_first_response,not_one_share
RN_COMM_OFF,2026-02-27,1,am,A004,ltb_A004_t000,stb_A004_t001,analysis_A004_t001,decision_A004_t001,,,2026-02-27,2026-02-26,2026-02-26,15:30,2026-02-27,08:59,2026-02-27,pre_close_cutoff,005930,buy,200,"엔비디아 호실적과 반도체 섹터 호조 기조, 그리고 기술적 지표(5일/20일 이동평균선 상회)가 상승 모멘텀을 시사합니다. 시가 기준 전일 대비 하락세(-3.67%)는 단기 매수 기회를 제공하며, 초기 현금 1억 원 보유 상태에서 페르소나의 '특정 종목 집중' 성향과 '적정 위험 수용' 원칙에 따라 포트폴리오를 구축합니다.",1,llm_first_response,not_one_share
RN_COMM_OFF,2026-02-27,1,am,A005,ltb_A005_t000,stb_A005_t001,analysis_A005_t001,decision_A005_t001,,,2026-02-27,2026-02-26,2026-02-26,15:30,2026-02-27,08:59,2026-02-27,pre_close_cutoff,005930,buy,200,"엔비디아 호실적과 AI 반도체 섹터의 호재로 밸류에이션이 적정 수준으로 회복되었으며, 20일 이동평균선 상향 추세 내에서의 조정 기회로 판단됩니다. 초기 현금 1억 원 중 50% 제한 내에서 4,200 만 원 (200 주) 을 매수하여 안정적 자산에 진입하되, ASML 관련 규제 리스크와 단기 조정 가능성을 고려해 최대 한도까지 과열 매수하지 않고 분산된 진입을 시도합니다.",1,llm_first_response,not_one_share
RN_COMM_OFF,2026-02-27,1,am,A006,ltb_A006_t000,stb_A006_t001,analysis_A006_t001,decision_A006_t001,,,2026-02-27,2026-02-26,2026-02-26,15:30,2026-02-27,08:59,2026-02-27,pre_close_cutoff,005930,buy,100,"엔비디아 호실적과 AI 섹터 유입 기대감으로 상승 모멘텀이 존재하나, ASML의 중국 매출 감소 우려와 전일 하락세로 인해 불확실성이 공존함. 기술적 지표상 5일선과 20일선 위에 위치해 중장기 상승 추세는 유효하나, 단기 조정 국면이므로 초기 진입 시 과도한 집중을 피하기 위해 최대 한도 (5,000 만 원) 의 절반 수준인 100 주 (약 2,100 만 원) 로 제한적으로 매수하여 현금 여력을 확보하고 추후 변동성 대응을 준비함.",1,llm_first_response,not_one_share
RN_COMM_OFF,2026-02-27,1,am,A007,ltb_A007_t000,stb_A007_t001,analysis_A007_t001,decision_A007_t001,,,2026-02-27,2026-02-26,2026-02-26,15:30,2026-02-27,08:59,2026-02-27,pre_close_cutoff,005930,buy,100,"엔비디아 호실적과 반도체 섹터 모멘텀으로 상승 압력이 있으나, 시가 기준 전일 대비 하락 (210,000 원) 이 저평가 진입 기회로 판단됨. 중장기 이동평균선 위에 위치하여 추세는 유지 중이나, 초기 투자 성과가 낮고 거시 리스크 (ASML 등) 가 존재하므로 전체 자산의 21% 수준인 2,100 만 원 (100 주) 으로 제한적으로 진입하여 방향성을 확인함.",1,llm_first_response,not_one_share
RN_COMM_OFF,2026-02-27,1,am,A008,ltb_A008_t000,stb_A008_t001,analysis_A008_t001,decision_A008_t001,,,2026-02-27,2026-02-26,2026-02-26,15:30,2026-02-27,08:59,2026-02-27,pre_close_cutoff,005930,buy,100,"엔비디아 호실적과 AI 반도체 섹터의 호조로 인한 상승 모멘텀이 존재하며, 현재 주가가 5 일 및 20 일 이동평균 위에 있어 중장기 상승 추세는 유지되고 있습니다. 고위험 고수익 기회를 선호하는 투자 성향에 부합하는 기회로 판단되나, ASML 관련 악재와 미·중 규제 리스크로 인한 단기 변동성이 존재하므로, 초기 진입 단계에서 포트폴리오 분산 원칙과 현금 관리 원칙을 준수하여 최대 매수 가능 금액의 절반 수준인 2,100 만 원 (100 주) 을 매수합니다.",1,llm_first_response,not_one_share
RN_COMM_OFF,2026-02-27,1,am,A009,ltb_A009_t000,stb_A009_t001,analysis_A009_t001,decision_A009_t001,,,2026-02-27,2026-02-26,2026-02-26,15:30,2026-02-27,08:59,2026-02-27,pre_close_cutoff,005930,buy,119,"기술적 지표상 MA5(200,920원) 를 상회하며 거래량 증가(11.5%) 로 반등 모멘텀이 감지되나, ASML 규제 리스크와 뉴스 헤드라인의 구체성 부족으로 불확실성이 존재함. 초기 투자 성과가 낮고 분산투자 성향이 약하므로, 불확실성을 고려하여 최대 매수 가능 수량(238주) 의 50% 수준인 119주 (약 2,500 만 원) 를 매수하여 진입한다.",1,llm_first_response,not_one_share
RN_COMM_OFF,2026-02-27,1,am,A010,ltb_A010_t000,stb_A010_t001,analysis_A010_t001,decision_A010_t001,,,2026-02-27,2026-02-26,2026-02-26,15:30,2026-02-27,08:59,2026-02-27,pre_close_cutoff,005930,buy,100,"엔비디아 호실적과 AI 반도체 섹터의 호조로 인한 밸류에이션 개선 기대감 (Short-Term Belief dim_1, dim_2) 과 전일 대비 주가 조정 (210,000원) 이 매수 진입점으로 판단됨. 다만, ASML의 중국 매출 감소 우려 등 거시적 리스크와 구체적인 실적 수치 부재로 인한 불확실성 (Short-Term Belief dim_3, dim_6) 이 존재하므로, 초기 단계의 원칙에 따라 최대 투자 한도 (5,000 만 원) 의 절반 수준인 2,100 만 원 (100 주) 을 제한적으로 매수하여 현금 여력을 확보함.",1,llm_first_response,not_one_share
RN_COMM_OFF,2026-02-27,1,am,A011,ltb_A011_t000,stb_A011_t001,analysis_A011_t001,decision_A011_t001,,,2026-02-27,2026-02-26,2026-02-26,15:30,2026-02-27,08:59,2026-02-27,pre_close_cutoff,005930,buy,238,"엔비디아 호실적과 반도체 섹터의 강력한 모멘텀, 기술적 지표 (MA5, MA20 상회) 를 근거로 단기 상승 추세를 포착합니다. 고위험 고수익 선호 성향과 초기 현금 보유 상태 (100M 원) 를 고려하여, 최대 매수 가능 수량 (238 주, 약 5,000 만 원) 전량을 집중 매수하여 진입합니다. ASML 리스크 등 거시적 불확실성은 존재하나, 가치평가 지표와 성장성 판단에 따라 선제적 매수를 실행합니다.",1,llm_first_response,not_one_share
RN_COMM_OFF,2026-02-27,1,am,A012,ltb_A012_t000,stb_A012_t001,analysis_A012_t001,decision_A012_t001,,,2026-02-27,2026-02-26,2026-02-26,15:30,2026-02-27,08:59,2026-02-27,pre_close_cutoff,005930,buy,119,"엔비디아 호실적과 AI 반도체 섹터 호조로 인한 상승 모멘텀이 존재하며, 주가가 5일 및 20일 이동평균선 위에 있어 중장기 상승 추세는 유지되고 있습니다. 시가에서 전일 대비 3.67% 하락하며 규제 리스크가 일부 반영되었으나, 이는 단기 조정 후 반등할 수 있는 진입 기회로 판단됩니다. 초기 포트폴리오가 현금 100% 상태이므로, 분산 투자 원칙과 최대 매수 금액(5,000 만 원) 제약 내에서 약 5,000 만 원 상당 (119 주) 을 매수하여 시장 진입을 시도합니다.",1,llm_first_response,not_one_share
RN_COMM_OFF,2026-02-27,1,am,A013,ltb_A013_t000,stb_A013_t001,analysis_A013_t001,decision_A013_t001,,,2026-02-27,2026-02-26,2026-02-26,15:30,2026-02-27,08:59,2026-02-27,pre_close_cutoff,005930,buy,238,"엔비디아 호실적과 AI 수요 확대에 따른 반도체 섹터의 상승 모멘텀이 강하며, 삼성전자 주가는 5일 및 20일 이동평균선을 상회하는 중장기 상승 추세에 있습니다. 당일 시가 하락 (210,000원) 은 전일 대비 진입 장벽을 낮추어 기술적 돌파 신호를 기다리는 고위험 고수익 성향의 투자자에게 매수 기회를 제공합니다. 현재 현금 1억 원 전액 보유 상태이므로, 최대 매수 가능 범위 내에서 집중 투자 전략을 실행합니다.",1,llm_first_response,not_one_share
RN_COMM_OFF,2026-02-27,1,am,A014,ltb_A014_t000,stb_A014_t001,analysis_A014_t001,decision_A014_t001,,,2026-02-27,2026-02-26,2026-02-26,15:30,2026-02-27,08:59,2026-02-27,pre_close_cutoff,005930,buy,238,"엔비디아 호실적과 반도체 ETF 편입 등 섹터 모멘텀이 강하고, 기술적 지표상 5일선과 20일선 위에 위치하며 거래량 증가로 매수 세력이 유입되고 있어 상승 추세가 유지될 것으로 판단됩니다. 초기 진입 단계이므로 현금 100% 보유 상태에서 최대 허용 범위 내에서 매수하여 기회를 포착합니다.",1,llm_first_response,not_one_share
RN_COMM_OFF,2026-02-27,1,am,A015,ltb_A015_t000,stb_A015_t001,analysis_A015_t001,decision_A015_t001,,,2026-02-27,2026-02-26,2026-02-26,15:30,2026-02-27,08:59,2026-02-27,pre_close_cutoff,005930,buy,100,"엔비디아 호실적과 AI 반도체 섹터 모멘텀으로 상승 압력이 존재하나, ASML 관련 거시 리스크와 변동성 확대 가능성을 고려하여 초기 진입은 신중하게 접근합니다. 현재 보유 주식이 없어 현금 100% 상태이므로, 분산 투자 원칙과 단일 거래 최대 금액 (5,000 만 원) 의 50% 이내 (약 2,100 만 원) 로 제한적으로 매수하여 포트폴리오를 시작합니다.",1,llm_first_response,not_one_share
RN_COMM_OFF,2026-02-27,1,am,A016,ltb_A016_t000,stb_A016_t001,analysis_A016_t001,decision_A016_t001,,,2026-02-27,2026-02-26,2026-02-26,15:30,2026-02-27,08:59,2026-02-27,pre_close_cutoff,005930,buy,100,"반도체 업황 회복과 AI 수요 확대 등 중장기 상승 흐름이 기대되나, ASML 규제 리스크 등 불확실성이 존재하고 헤드라인 정보만으로는 밸류에이션 근거가 부족하여 신중하게 접근합니다. 초기 진입 단계이므로 현금 1 억 원 중 최대 거래 가능 금액의 절반인 5 천만 원 (100 주) 을 매수하여 포트폴리오를 시작하되, 과도한 집중을 피하고 추가 정보 확인을 위한 현금 여력을 확보합니다.",1,llm_first_response,not_one_share
RN_COMM_OFF,2026-02-27,1,am,A017,ltb_A017_t000,stb_A017_t001,analysis_A017_t001,decision_A017_t001,,,2026-02-27,2026-02-26,2026-02-26,15:30,2026-02-27,08:59,2026-02-27,pre_close_cutoff,005930,buy,100,"엔비디아 호실적과 반도체 섹터 모멘텀으로 상승 추세가 확인되나, ASML 중국 매출 감소 우려 등 거시적 리스크가 존재합니다. 초기 중립적 관점에서 기술적 지표 (MA5, MA20 상회) 가 강세를 지지하고 있어, 전일 대비 하락폭 (-3.7%) 을 매수 기회로 활용하되, 안정적 자산 선호 성향과 분산 투자 부재 리스크를 고려하여 총 가능 금액의 42% 수준인 2,100만 원 (100 주) 으로 제한적으로 진입합니다.",1,llm_first_response,not_one_share
RN_COMM_OFF,2026-02-27,1,am,A018,ltb_A018_t000,stb_A018_t001,analysis_A018_t001,decision_A018_t001,,,2026-02-27,2026-02-26,2026-02-26,15:30,2026-02-27,08:59,2026-02-27,pre_close_cutoff,005930,buy,238,"전일 대비 3.67% 급락으로 기술적 지지 구간 진입 및 반도체 섹터 ETF 유입 기대감 등 호재가 존재하나, ASML 규제 등 악재로 인한 변동성도 공존합니다. 고위험 고수익 성향과 처분효과 (손실 시 추가 매수) 에 따라 조정 시 매수 기회를 활용하며, 현금 100% 상태이므로 최대 매수 한도인 5,000 만 원 (238 주) 을 모두 투입하여 평균 단가를 낮추고 추후 반등 시 수익 실현을 노립니다.",1,llm_first_response,not_one_share
RN_COMM_OFF,2026-02-27,1,am,A019,ltb_A019_t000,stb_A019_t001,analysis_A019_t001,decision_A019_t001,,,2026-02-27,2026-02-26,2026-02-26,15:30,2026-02-27,08:59,2026-02-27,pre_close_cutoff,005930,buy,100,"엔비디아 호실적과 AI 반도체 섹터의 성장성, 그리고 삼성전자가 TOP10 ETF에 편입된다는 호재로 인해 장기적 가치 상승 모멘텀이 존재합니다. 현재 시가 210,000원은 전일 대비 조정받았으나, 20일 이동평균선 대비 20% 프리미엄으로 완전한 저평가 구간은 아니나, 초기 진입 시점의 불확실성을 고려하여 원칙에 따라 제한적인 분산 매수를 실행합니다.",1,llm_first_response,not_one_share
RN_COMM_OFF,2026-02-27,1,am,A020,ltb_A020_t000,stb_A020_t001,analysis_A020_t001,decision_A020_t001,,,2026-02-27,2026-02-26,2026-02-26,15:30,2026-02-27,08:59,2026-02-27,pre_close_cutoff,005930,buy,238,"엔비디아 호실적과 AI 반도체 섹터 모멘텀으로 상승 흐름이 우세하며, 현재가 (210,000원) 가 5일선 (200,920원) 을 상회하여 중기적 상승 추세 유지가 확인됨. 전일 대비 하락 (intraday_return -3.67%) 은 조정 기회로 판단되며, 고위험 고수익 성향과 현금 100% 보유 상태를 고려해 최대 매수 한도 (5000 만 원) 까지 적극적으로 진입함.",1,llm_first_response,not_one_share
RN_COMM_OFF,2026-02-27,1,am,A021,ltb_A021_t000,stb_A021_t001,analysis_A021_t001,decision_A021_t001,,,2026-02-27,2026-02-26,2026-02-26,15:30,2026-02-27,08:59,2026-02-27,pre_close_cutoff,005930,buy,100,"반도체 TOP10 투자 유입과 한·영 협력 호재로 장기 상승 모멘텀이 형성되었으나, 시가 기준 전일 대비 3.67% 하락으로 단기 조정 국면이 발생했습니다. 기술적 지표상 5일/20일 이동평균선 상회로 추세는 유지되나, ASML 규제 리스크와 뉴스 제목만 확인한 정보 한계로 인해 불확실성이 존재합니다. 이에 따라 초기 포트폴리오의 50% 제한 (5,000 만 원) 내에서 2,100 만 원 (100 주) 을 매수하여 분산 투자 원칙을 준수하고 추격 매수 리스크를 관리합니다.",1,llm_first_response,not_one_share
RN_COMM_OFF,2026-02-27,1,am,A022,ltb_A022_t000,stb_A022_t001,analysis_A022_t001,decision_A022_t001,,,2026-02-27,2026-02-26,2026-02-26,15:30,2026-02-27,08:59,2026-02-27,pre_close_cutoff,005930,buy,100,"엔비디아 호실적과 AI 반도체 섹터 편입 등 장기 성장 모멘텀이 존재하나, ASML의 중국 매출 감소 우려 등 규제 리스크로 인해 단기 방향성은 불확실함. 현재가 210,000원은 전일 대비 하락하여 조정된 시점이며, 5일/20일 이동평균선 상위에 있어 중기적 상승 흐름은 유지되고 있음. 초기 중립적 관점에서 불확실성을 고려하여 최대 매수 가능 금액의 절반 수준인 2,100만 원 (100 주) 을 제한적으로 매수하여 진입한다.",1,llm_first_response,not_one_share
RN_COMM_OFF,2026-02-27,1,am,A023,ltb_A023_t000,stb_A023_t001,analysis_A023_t001,decision_A023_t001,,,2026-02-27,2026-02-26,2026-02-26,15:30,2026-02-27,08:59,2026-02-27,pre_close_cutoff,005930,buy,238,"전일 대비 3.7% 하락한 210,000원 공시가 진입은 가치투자 관점에서 저평가 구간 진입 기회로 판단됩니다. 반도체 섹터의 1조 원 규모 자금 유입과 한·영 협력 강화 뉴스가 내재가치 상승 모멘텀을 제공하고 있으며, 5일/20일 이동평균선 상향 유지로 중장기 상승 추세는 유효합니다. 초기 단계이므로 현금 1억 원 전량을 활용하여 단일 종목에 집중하되, 최대 매수 가능 수량인 238주를 매수합니다.",1,llm_first_response,not_one_share
RN_COMM_OFF,2026-02-27,1,am,A024,ltb_A024_t000,stb_A024_t001,analysis_A024_t001,decision_A024_t001,,,2026-02-27,2026-02-26,2026-02-26,15:30,2026-02-27,08:59,2026-02-27,pre_close_cutoff,005930,buy,238,"반도체 섹터의 강세와 1조 원 규모의 자금 유입 기대감, 그리고 영국 협력 확대 호재를 바탕으로 상승 모멘텀이 유효하다고 판단합니다. 기술적 지표상 5 일/20 일 이동평균선 위에 위치하며 거래량 증가로 하방 지지력이 확인되어, 고위험 고수익 성향에 맞춰 초기 진입 시점을 포착합니다. 현재 현금 1 억 원 중 최대 매수 가능 금액인 5,000 만 원 (238 주) 을 전량 투입하여 분산 원칙 내에서 공격적으로 진입합니다.",1,llm_first_response,not_one_share
RN_COMM_OFF,2026-02-27,1,am,A025,ltb_A025_t000,stb_A025_t001,analysis_A025_t001,decision_A025_t001,,,2026-02-27,2026-02-26,2026-02-26,15:30,2026-02-27,08:59,2026-02-27,pre_close_cutoff,005930,buy,200,"엔비디아 호실적과 AI 반도체 섹터 모멘텀이 강세이나, ASML 규제 리스크로 인한 시가 하락 (-3.67%) 이 진입 장벽을 낮춘 기회로 판단됩니다. 기술적 지표상 5 일선과 20 일선 위에 위치하여 추세는 유지 중이며, 초기 진입 단계이므로 규제 악재가 일부 반영된 상태에서 검증된 자산을 매수합니다. 처분효과에 따른 빠른 매도를 대비해 수량은 최대 가능 금액의 80% 수준으로 제한하여 진입합니다.",1,llm_first_response,not_one_share
RN_COMM_OFF,2026-02-27,1,am,A026,ltb_A026_t000,stb_A026_t001,analysis_A026_t001,decision_A026_t001,,,2026-02-27,2026-02-26,2026-02-26,15:30,2026-02-27,08:59,2026-02-27,pre_close_cutoff,005930,buy,238,"엔비디아 호실적과 반도체 ETF 편입 등 강력한 호재로 섹터 상승 모멘텀이 형성되었으며, 전일 대비 주가 하락 (210,000원) 은 장기 가치 투자 관점에서 저평가 매수 기회로 판단됩니다. 5일 및 20일 이동평균선 위에 위치하여 중장기 상승 추세 유지가 확인되므로, 현금 100% 보유 상태에서 최대 매수 가능 금액 (5000 만 원) 범위 내에서 전량 매수하여 진입합니다.",1,llm_first_response,not_one_share
RN_COMM_OFF,2026-02-27,1,am,A027,ltb_A027_t000,stb_A027_t001,analysis_A027_t001,decision_A027_t001,,,2026-02-27,2026-02-26,2026-02-26,15:30,2026-02-27,08:59,2026-02-27,pre_close_cutoff,005930,buy,100,"엔비디아 호실적과 AI 반도체 섹터의 상승 모멘텀이 강하나, 시가 기준 전일 대비 3.7% 하락으로 단기 조정 신호가 감지됨. 이동평균선 (20 일선) 지지 구간 내에서의 매수 기회로 판단되나, ASML 규제 리스크와 초기 투자 성과 부진을 고려하여 전액 매수보다는 최대 허용 금액의 절반 수준인 2,100 만 원 (100 주) 으로 제한적으로 진입함.",1,llm_first_response,not_one_share
RN_COMM_OFF,2026-02-27,1,am,A028,ltb_A028_t000,stb_A028_t001,analysis_A028_t001,decision_A028_t001,,,2026-02-27,2026-02-26,2026-02-26,15:30,2026-02-27,08:59,2026-02-27,pre_close_cutoff,005930,buy,238,"반도체 섹터의 '1조 뭉칫돈' 유입과 영국 협력 확대 등 강력한 모멘텀이 존재하며, 기술적 지표상 5일/20일 이동평균선 상회로 중장기 상승 추세 유지 중입니다. 고위험 고수익 선호 성향과 분산투자 원칙에 따라 초기 현금 전량을 활용해 상승 돌파 신호를 선제적으로 포착합니다.",1,llm_first_response,not_one_share
RN_COMM_OFF,2026-02-27,1,am,A029,ltb_A029_t000,stb_A029_t001,analysis_A029_t001,decision_A029_t001,,,2026-02-27,2026-02-26,2026-02-26,15:30,2026-02-27,08:59,2026-02-27,pre_close_cutoff,005930,buy,238,"초기 진입 단계로 현금 1억 원을 전액 보유 중이며, allowed_actions가 'buy'로 제한되어 있습니다. 반도체 섹터의 글로벌 호재 (TOP10 유입, 한·영 협력) 와 '삼전닉스'에 대한 기대감이 존재하며, 현재 주가 (210,000원) 가 전일 대비 조정받았으나 5일/20일 이동평균선 상위에 있어 중장기 상승 추세 유지 가능성이 높다고 판단합니다. 고위험 고수익 선호 성향과 분할 매수 전략을 고려하여, 최대 매수 가능 금액 (5,000 만 원) 범위 내에서 최대한의 수량인 238 주를 매수하여 진입합니다.",1,llm_first_response,not_one_share
RN_COMM_OFF,2026-02-27,1,am,A030,ltb_A030_t000,stb_A030_t001,analysis_A030_t001,decision_A030_t001,,,2026-02-27,2026-02-26,2026-02-26,15:30,2026-02-27,08:59,2026-02-27,pre_close_cutoff,005930,buy,100,"반도체 업황 회복 기대와 한·영 협력 호재로 내재가치 하방이 지지되나, 전일 -3.67% 급락과 ASML 규제 리스크 등 외부 불확실성으로 인해 단기 등락이 예상됨. 가치투자 관점에서 저평가 구간 진입 기회를 포착하되, 정보 한계 (헤드라인 스캔) 로 인한 리스크를 고려하여 초기 포트폴리오의 50% 제한 내에서 21,000,000원 (100 주) 수준으로 제한적으로 매수하여 진입합니다.",1,llm_first_response,not_one_share
RN_COMM_OFF,2026-02-27,1,am,A031,ltb_A031_t000,stb_A031_t001,analysis_A031_t001,decision_A031_t001,,,2026-02-27,2026-02-26,2026-02-26,15:30,2026-02-27,08:59,2026-02-27,pre_close_cutoff,005930,buy,238,"엔비디아 호실적과 AI 반도체 섹터의 강세 흐름 (current_stb: dim_1, dim_4) 이 장기 성장 동력으로 유효하며, 전일 대비 약 3.7% 하락한 210,000원 시가는 가치 투자 관점 (previous_ltb: dim_2) 에서 저평가 구간을 탐색할 수 있는 기회로 판단됩니다. 초기 진입 단계이므로 현금 100% 보유 상태에서 단일 종목 매수 한도 (5,000 만 원) 를 활용하여 전량 매수합니다.",1,llm_first_response,not_one_share
RN_COMM_OFF,2026-02-27,1,am,A032,ltb_A032_t000,stb_A032_t001,analysis_A032_t001,decision_A032_t001,,,2026-02-27,2026-02-26,2026-02-26,15:30,2026-02-27,08:59,2026-02-27,pre_close_cutoff,005930,buy,100,"엔비디아 호실적과 AI 반도체 섹터 유입 기대감으로 인한 상승 모멘텀이 존재하며, 현재 가격이 20일 이동평균선(175,120원) 대비 충분히 높은 수준에서 거래되고 있어 검증된 성장 자산으로서의 매수 기회를 포착합니다. 다만, ASML의 중국 매출 축소 우려 등 거시적 리스크가 공존하여 초기 단계이므로 원칙에 따라 현금의 50% 이내로 제한적으로 진입합니다.",1,llm_first_response,not_one_share
RN_COMM_OFF,2026-02-27,1,am,A033,ltb_A033_t000,stb_A033_t001,analysis_A033_t001,decision_A033_t001,,,2026-02-27,2026-02-26,2026-02-26,15:30,2026-02-27,08:59,2026-02-27,pre_close_cutoff,005930,buy,238,"엔비디아 호실적과 AI 반도체 섹터의 ETF 편입 등 강력한 모멘텀이 존재하며, 전일 조정으로 인한 시가 210,000원은 이동평균선 상향 흐름 속에서 진입 시점으로 판단됩니다. 초기 현금 1억 원을 보유하고 있어 매수 여력이 충분하며, 가치평가 지표와 성장성을 기반으로 저평가 해소 가능성을 포착하여 전량 매수합니다.",1,llm_first_response,not_one_share
RN_COMM_OFF,2026-02-27,1,am,A034,ltb_A034_t000,stb_A034_t001,analysis_A034_t001,decision_A034_t001,,,2026-02-27,2026-02-26,2026-02-26,15:30,2026-02-27,08:59,2026-02-27,pre_close_cutoff,005930,buy,200,"엔비디아 호실적과 AI 반도체 섹터의 성장 모멘텀, 이동평균선 상회 등 기술적 상승 신호를 고려하여 매수합니다. 다만, ASML의 중국 매출 감소 우려 등 거시적 리스크와 구체적인 내재가치 데이터 부재로 인해 초기 진입 시 과도한 집중을 피하기 위해 최대 매수 가능 금액의 약 42% 수준인 4,200만 원 (200 주) 으로 제한적으로 진입합니다.",1,llm_first_response,not_one_share
RN_COMM_OFF,2026-02-27,1,am,A035,ltb_A035_t000,stb_A035_t001,analysis_A035_t001,decision_A035_t001,,,2026-02-27,2026-02-26,2026-02-26,15:30,2026-02-27,08:59,2026-02-27,pre_close_cutoff,005930,buy,200,"반도체 섹터의 1조 원 ETF 유입과 한·영 협력 확대 등 강력한 호재가 존재하며, 전일 대비 3.67% 하락한 210,000원은 5일 이동평균선(200,920원)을 지지하는 수준으로 단기 조정 후 반등할 가능성이 높다고 판단합니다. 기술적 지표와 상승 모멘텀을 중시하는 투자 성향에 따라 매수 기회를 포착합니다.",1,llm_first_response,not_one_share
RN_COMM_OFF,2026-02-27,1,am,A036,ltb_A036_t000,stb_A036_t001,analysis_A036_t001,decision_A036_t001,,,2026-02-27,2026-02-26,2026-02-26,15:30,2026-02-27,08:59,2026-02-27,pre_close_cutoff,005930,buy,238,"가치투자 관점에서 전일 대비 3.67% 하락한 210,000원은 저평가 매수 기회로 판단됩니다. 반도체 섹터의 긍정적 자금 유입과 AI 수요 확대 등 장기 성장 동력이 존재하며, 5일 및 20일 이동평균선 위에 위치하여 중장기 상승 추세 내의 조정으로 해석됩니다. 초기 진입 단계이므로 현금 100% 보유 상태에서 최대 매수 가능 금액 (5,000 만 원) 을 활용하여 단일 종목에 집중 투자합니다.",1,llm_first_response,not_one_share
RN_COMM_OFF,2026-02-27,1,am,A037,ltb_A037_t000,stb_A037_t001,analysis_A037_t001,decision_A037_t001,,,2026-02-27,2026-02-26,2026-02-26,15:30,2026-02-27,08:59,2026-02-27,pre_close_cutoff,005930,buy,100,"엔비디아 호실적과 반도체 섹터 유입 기대감으로 상승 모멘텀이 존재하며, 현재 주가가 5일 및 20일 이동평균을 상회하는 강세 추세 내에 있어 추세 추종 전략에 부합한다. 시가 하락은 거시적 악재와 혼조된 심리로 인한 단기 조정으로 보이며, 기술적 돌파 신호를 기다리며 진입한다.",1,llm_first_response,not_one_share
RN_COMM_OFF,2026-02-27,1,am,A038,ltb_A038_t000,stb_A038_t001,analysis_A038_t001,decision_A038_t001,,,2026-02-27,2026-02-26,2026-02-26,15:30,2026-02-27,08:59,2026-02-27,pre_close_cutoff,005930,buy,100,"반도체 TOP10 투자 및 한·영 협력 호재로 인한 상승 모멘텀이 형성되었으나, 전일 대비 하락세로 개장하여 기술적 지지선 (200,920원) 을 확인하기 전까지는 무리한 추격 매수를 자제합니다. 페르소나의 '손실 시 추가 매수' 성향과 '안정적 자산 선호'를 반영하여, 현재 가격 (210,000원) 이 5일선 상위에 위치하되 단기 조정 구간으로 판단되어 제한적 수량 (최대 가능 수량의 약 42%) 으로 진입하여 추후 상승 시 수익 실현 기회를 확보하고, 하락 시 추가 매수 여력을 남깁니다.",1,llm_first_response,not_one_share
RN_COMM_OFF,2026-02-27,1,am,A039,ltb_A039_t000,stb_A039_t001,analysis_A039_t001,decision_A039_t001,,,2026-02-27,2026-02-26,2026-02-26,15:30,2026-02-27,08:59,2026-02-27,pre_close_cutoff,005930,buy,2380,"반도체 TOP10 자금 유입과 한·영 협력 호재로 상승 모멘텀이 강하며, 기술적 지표상 5일선과 20일선 상회로 상승 추세 내 조정으로 판단됨. 고위험 고수익 성향과 분산투자 성향이 약해 현금 전량을 활용해 시가 하락 시 집중 매수 기회를 포착함.",1,llm_first_response,not_one_share
RN_COMM_OFF,2026-02-27,1,am,A040,ltb_A040_t000,stb_A040_t001,analysis_A040_t001,decision_A040_t001,,,2026-02-27,2026-02-26,2026-02-26,15:30,2026-02-27,08:59,2026-02-27,pre_close_cutoff,005930,buy,238,"엔비디아 호실적과 AI 반도체 섹터의 글로벌 호조, 전일 대비 하락한 시가 (210,000원) 가 기술적 지지선 (MA5) 상단에 위치하여 조정 후 반등 가능성이 높다고 판단됩니다. 고위험 고수익 선호 성향에 따라 하락분을 매수 기회로 활용하며, 초기 진입 단계이므로 보유 현금 (100,000,000원) 의 최대 한도 (50,000,000원) 범위 내에서 전량 매수하여 시장 모멘텀에 선제적으로 대응합니다.",1,llm_first_response,not_one_share
RN_COMM_OFF,2026-02-27,1,am,A041,ltb_A041_t000,stb_A041_t001,analysis_A041_t001,decision_A041_t001,,,2026-02-27,2026-02-26,2026-02-26,15:30,2026-02-27,08:59,2026-02-27,pre_close_cutoff,005930,buy,100,"엔비디아 호실적과 AI 반도체 섹터의 상승 모멘텀을 긍정적으로 평가하며, 현재 주가가 5일/20일 이동평균선을 상회하는 중장기 상승 추세 내에 있습니다. 전일 대비 하락으로 단기 조정 국면에 진입했으나, 기술적 돌파 신호가 명확히 확인되기 전까지 추격 매수 리스크를 고려하여 초기 진입 수량으로 제한적으로 매수합니다. 초기 현금 1억 원 보유 상태에서 최대 매수 가능 금액의 약 21% 수준으로 진입하여 위험 자산 선호 성향을 반영하되, 과도한 집중을 피합니다.",1,llm_first_response,not_one_share
RN_COMM_OFF,2026-02-27,1,am,A042,ltb_A042_t000,stb_A042_t001,analysis_A042_t001,decision_A042_t001,,,2026-02-27,2026-02-26,2026-02-26,15:30,2026-02-27,08:59,2026-02-27,pre_close_cutoff,005930,buy,200,"엔비디아 호실적과 반도체 섹터 유입 기대감으로 상승 모멘텀이 강하나, 시가 기준 전일 대비 3.67% 하락으로 단기 조정 국면임. 기술적 지표상 5일선과 20일선 상회로 추세는 유지 중이나, ASML 악재 등 거시적 리스크가 공존하여 고위험 선호 성향을 반영하되, 초기 진입 단계이므로 최대 매수 가능 금액 (5,000 만 원) 의 80% 수준인 4,200 만 원 (200 주) 을 선제적으로 매수하여 포트폴리오를 구축함.",1,llm_first_response,not_one_share
RN_COMM_OFF,2026-02-27,1,am,A043,ltb_A043_t000,stb_A043_t001,analysis_A043_t001,decision_A043_t001,,,2026-02-27,2026-02-26,2026-02-26,15:30,2026-02-27,08:59,2026-02-27,pre_close_cutoff,005930,buy,1500,"엔비디아 호실적과 AI 반도체 섹터 모멘텀이 강세이나, ASML 관련 악재로 시가 기준 전일 대비 3.67% 급락하며 단기 조정 국면입니다. 고위험 고수익 성향과 분산투자 원칙에 따라, 기술적 지표상 20일 이동평균선(175,120원) 대비 약 20% 프리미엄이 존재하는 현재 가격(210,000원) 에서 전량 매수보다는, 추가 하락 시 대응 여력을 확보하기 위해 최대 매수 가능 금액(500,000,000원) 의 약 63% 수준인 315,000,000원 (1,500주) 을 선제적으로 매수합니다.",1,llm_first_response,not_one_share
RN_COMM_OFF,2026-02-27,1,am,A044,ltb_A044_t000,stb_A044_t001,analysis_A044_t001,decision_A044_t001,,,2026-02-27,2026-02-26,2026-02-26,15:30,2026-02-27,08:59,2026-02-27,pre_close_cutoff,005930,buy,150,"엔비디아 호실적과 AI 반도체 섹터 유입 기대감으로 단기 상승 모멘텀이 강하며, 주가가 5일 및 20일 이동평균선 위에 있어 상승 추세 유지 가능성이 있습니다. 다만, ASML의 중국 매출 감소 우려와 전일 하락세 등 변동성 리스크가 존재하므로, 초기 투자 성과가 낮고 안정적 자산을 선호하는 성향에 따라 최대 매수 가능 금액 (5,000 만 원) 의 약 63% 수준인 150 주 (약 3,150 만 원) 로 제한적으로 진입합니다.",1,llm_first_response,not_one_share
RN_COMM_OFF,2026-02-27,1,am,A045,ltb_A045_t000,stb_A045_t001,analysis_A045_t001,decision_A045_t001,,,2026-02-27,2026-02-26,2026-02-26,15:30,2026-02-27,08:59,2026-02-27,pre_close_cutoff,005930,buy,238,"엔비디아 호실적과 반도체 TOP10 ETF 편입 등 AI 반도체 섹터의 강력한 모멘텀이 삼성전자에도 긍정적 영향을 미칠 것으로 판단하여 매수합니다. 전일 대비 주가가 3.67% 하락한 210,000원에 형성되어 단기 조정 구간으로 보이며, 5일 이동평균선 (200,920원) 을 상회하고 거래량이 증가한 점은 매수 심리가 개입되었음을 시사합니다. 고위험 고수익 선호 성향과 특정 종목 집중 투자 전략에 따라 보유 현금 전액 (최대 5,000 만 원 한도 내) 을 활용하여 238 주를 매수합니다.",1,llm_first_response,not_one_share
RN_COMM_OFF,2026-02-27,1,am,A046,ltb_A046_t000,stb_A046_t001,analysis_A046_t001,decision_A046_t001,,,2026-02-27,2026-02-26,2026-02-26,15:30,2026-02-27,08:59,2026-02-27,pre_close_cutoff,005930,buy,150,"엔비디아 호실적과 반도체 섹터 유입 기대감으로 상승 모멘텀이 강하나, ASML 관련 규제 리스크와 단기 조정 신호(-3.7%) 로 변동성이 예상됩니다. 기술적 지표상 5일 및 20일 이동평균선 위에 위치하여 중장기 추세는 우상향이나, 과거 투자 성과가 낮고 특정 종목 집중 성향이 있어 초기 진입 시 과도한 집중을 피하기 위해 현금의 50% 한도 (5,000 만 원) 보다 적은 금액인 약 3,150 만 원 (150 주) 을 매수합니다.",1,llm_first_response,not_one_share
RN_COMM_OFF,2026-02-27,1,am,A047,ltb_A047_t000,stb_A047_t001,analysis_A047_t001,decision_A047_t001,,,2026-02-27,2026-02-26,2026-02-26,15:30,2026-02-27,08:59,2026-02-27,pre_close_cutoff,005930,buy,100,"반도체 TOP10 ETF 유입과 한·영 협력 확대 등 긍정적 뉴스가 확인되어 산업적 위상 강화 신호로 판단. 기술적으로 MA5를 상회하며 단기 반등 모멘텀이 있으나, ASML 규제 리스크와 실적 부재 등 불확실성이 존재하여 가치투자 관점에서 저평가 매수 기회를 노리되, 초기 진입 시 과도한 집중을 피하기 위해 최대 매수 가능 금액의 약 21% 수준인 2,100만 원 (100주) 으로 제한적으로 매수 진입합니다.",1,llm_first_response,not_one_share
RN_COMM_OFF,2026-02-27,1,am,A048,ltb_A048_t000,stb_A048_t001,analysis_A048_t001,decision_A048_t001,,,2026-02-27,2026-02-26,2026-02-26,15:30,2026-02-27,08:59,2026-02-27,pre_close_cutoff,005930,buy,100,"반도체 업황 호조와 ETF 유입 등 긍정적 모멘텀이 존재하나, ASML 규제 리스크 등 외부 변수로 인해 단기 방향성이 불확실한 상황입니다. 초기 진입 단계이므로 원칙에 따라 최대 매수 가능 금액의 50%인 2,100만 원 (100 주) 을 매수하여 포트폴리오를 시작하되, 불확실성을 고려하여 과열 구간 진입을 피하고 현금 비중을 일부 유지합니다.",1,llm_first_response,not_one_share
RN_COMM_OFF,2026-02-27,1,am,A049,ltb_A049_t000,stb_A049_t001,analysis_A049_t001,decision_A049_t001,,,2026-02-27,2026-02-26,2026-02-26,15:30,2026-02-27,08:59,2026-02-27,pre_close_cutoff,005930,buy,100,"엔비디아 호실적과 AI 반도체 섹터 유입 기대감으로 단기 상승 모멘텀이 강하며, 기술적 지표상 5일 및 20일 이동평균선을 상회하는 상승 추세가 확인됨. 다만 ASML 관련 부정적 뉴스와 거시적 리스크가 공존하므로, 초기 진입 단계에서 분산투자 성향이 약한 점을 고려해 최대 매수 가능 금액의 절반 수준인 2,100만 원 (100 주) 으로 제한적으로 매수하여 추격 매수 리스크를 관리함.",1,llm_first_response,not_one_share
RN_COMM_OFF,2026-02-27,1,am,A050,ltb_A050_t000,stb_A050_t001,analysis_A050_t001,decision_A050_t001,,,2026-02-27,2026-02-26,2026-02-26,15:30,2026-02-27,08:59,2026-02-27,pre_close_cutoff,005930,buy,238,"반도체 섹터에 대한 1조 원 규모의 자금 유입 기대와 글로벌 협력 확대 소식이 호재로 작용하여 단기 상승 모멘텀이 형성될 것으로 판단됩니다. 현재 주가 210,000원은 5일 이동평균선 (200,920원) 을 상회하며 기술적 지지선이 확인되었고, 고위험 고수익을 선호하는 투자 성향에 부합하는 진입 기회로 판단됩니다. 초기 현금 1억 원을 보유하고 있어 최대 매수 가능 수량인 238 주 (약 5,000 만 원) 를 전량 매수하여 단일 종목 집중 투자 전략을 실행합니다.",1,llm_first_response,not_one_share
RN_COMM_OFF,2026-02-27,1,am,A051,ltb_A051_t000,stb_A051_t001,analysis_A051_t001,decision_A051_t001,,,2026-02-27,2026-02-26,2026-02-26,15:30,2026-02-27,08:59,2026-02-27,pre_close_cutoff,005930,buy,238,"초기 진입 단계이므로 전량 매수 원칙을 적용하되, 최대 거래 가능 금액(5,000 만 원) 내에서 포트폴리오 분산 원칙을 준수합니다. 기술적 지표상 5 일선과 20 일선 상향 유지로 중장기 상승 흐름은 유효하나, 당일 시가 하락과 ASML 규제 리스크 등 불확실성이 존재하므로, 초기 진입 시점의 기회 포착을 위해 제한된 수량으로 진입합니다.",1,llm_first_response,not_one_share
RN_COMM_OFF,2026-02-27,1,am,A052,ltb_A052_t000,stb_A052_t001,analysis_A052_t001,decision_A052_t001,,,2026-02-27,2026-02-26,2026-02-26,15:30,2026-02-27,08:59,2026-02-27,pre_close_cutoff,005930,buy,1000,"초기 현금 10 억 원을 보유하고 있어 진입이 가능하나, ASML 규제 리스크와 헤드라인 정보의 한계로 인한 불확실성이 존재합니다. 기술적 지표상 5 일선(200,920 원) 을 상회하며 중기 상승 추세(20 일선 175,120 원) 는 유지되고 있으나, 전일 대비 3.67% 하락한 시가 210,000 원은 단기 조정 신호이므로 과도한 추격 매수는 피합니다. 안정적 자산 선호 성향과 낮은 과거 성과 경험을 고려하여, 포트폴리오 분산 원칙에 따라 최대 매수 가능 금액(5 억 원) 의 20% 수준인 2 억 원 (1,000 주) 을 제한적으로 매수하여 시장 진입을 시도합니다.",1,llm_first_response,not_one_share
RN_COMM_OFF,2026-02-27,1,am,A053,ltb_A053_t000,stb_A053_t001,analysis_A053_t001,decision_A053_t001,,,2026-02-27,2026-02-26,2026-02-26,15:30,2026-02-27,08:59,2026-02-27,pre_close_cutoff,005930,buy,100,"반도체 섹터의 1 조 원 규모 ETF 유입과 한·영 협력 기대감 등 단기 상승 모멘텀이 존재하나, ASML 규제 리스크 등 불확실성도 공존합니다. 가치평가 지표와 내재가치 관점에서 현재 주가는 적정 구간으로 판단되며, 초기 진입 단계이므로 분산투자 원칙에 따라 전체 자금을 한 번에 투입하지 않고 제한적인 수량(약 2,100 만 원, 총 현금의 21%)으로 매수하여 포트폴리오를 시작합니다.",1,llm_first_response,not_one_share
RN_COMM_OFF,2026-02-27,1,am,A054,ltb_A054_t000,stb_A054_t001,analysis_A054_t001,decision_A054_t001,,,2026-02-27,2026-02-26,2026-02-26,15:30,2026-02-27,08:59,2026-02-27,pre_close_cutoff,005930,buy,238,"엔비디아 호실적과 AI 반도체 섹터 모멘텀, 20일 이동평균선 지지 등 긍정적 요인이 우세하나, 전일 대비 하락세와 ASML 관련 리스크로 불확실성이 존재합니다. 초기 투자 성과가 낮고 안정적 자산을 선호하는 성향에 따라, 분산 투자 원칙과 현금 관리 원칙을 준수하며 최대 매수 가능 금액 (5,000 만 원) 을 모두 사용하여 시장 진입을 단행합니다.",1,llm_first_response,not_one_share
RN_COMM_OFF,2026-02-27,1,am,A055,ltb_A055_t000,stb_A055_t001,analysis_A055_t001,decision_A055_t001,,,2026-02-27,2026-02-26,2026-02-26,15:30,2026-02-27,08:59,2026-02-27,pre_close_cutoff,005930,buy,100,"엔비디아 호실적 등 반도체 섹터의 모멘텀과 20 일 이동평균선 대비 프리미엄 형성으로 하방 경직성이 예상되나, 전일 대비 급락과 ASML 규제 리스크로 불확실성이 존재합니다. 초기 진입 단계이므로 현금 100% 보유 상태에서 처분효과 전략에 따라 제한적(최대 50% 이내)으로 매수하여 포지션을 확보하고 추후 신호를 기다립니다.",1,llm_first_response,not_one_share
RN_COMM_OFF,2026-02-27,1,am,A056,ltb_A056_t000,stb_A056_t001,analysis_A056_t001,decision_A056_t001,,,2026-02-27,2026-02-26,2026-02-26,15:30,2026-02-27,08:59,2026-02-27,pre_close_cutoff,005930,buy,1500,"엔비디아 호실적과 AI 반도체 섹터의 성장 모멘텀이 지배적이지만, ASML 규제 리스크로 인한 단기 변동성 우려가 존재합니다. 페르소나의 성향인 '수익 시 빠른 매도, 손실 시 추가 매수' 원칙과 '안정적 자산 선호'를 고려하여, 현재 시가 (210,000원) 가 전일 대비 하락한 점을 매수 기회로 판단합니다. 다만, 20일 이동평균선 대비 20% 프리미엄이 형성되어 있어 초기 진입은 제한적으로 진행합니다.",1,llm_first_response,not_one_share
RN_COMM_OFF,2026-02-27,1,am,A057,ltb_A057_t000,stb_A057_t001,analysis_A057_t001,decision_A057_t001,,,2026-02-27,2026-02-26,2026-02-26,15:30,2026-02-27,08:59,2026-02-27,pre_close_cutoff,005930,buy,100,"엔비디아 호실적과 반도체 섹터 유입 기대감으로 상승 모멘텀이 존재하나, ASML 관련 거시적 리스크와 전일 대비 하락한 시가 등 변동성 요인이 공존합니다. 기술적 돌파 신호가 명확히 확인되기 전까지 과도한 추격 매수를 지양하고, 초기 진입 단계에서 현금 비중을 유지하며 원칙에 따라 제한적인 수량(최대 가능 수량의 약 42%)으로 신중하게 진입합니다.",1,llm_first_response,not_one_share
RN_COMM_OFF,2026-02-27,1,am,A058,ltb_A058_t000,stb_A058_t001,analysis_A058_t001,decision_A058_t001,,,2026-02-27,2026-02-26,2026-02-26,15:30,2026-02-27,08:59,2026-02-27,pre_close_cutoff,005930,buy,200,"엔비디아 호실적과 AI 반도체 섹터 강세, 영국 협력 등 긍정적 모멘텀이 우세하여 단기 상승 추세가 형성되었다고 판단합니다. 기술적 지표상 5일 및 20일 이동평균선을 상회하고 있으며, 고위험 고수익 성향에 따라 상승 모멘텀을 포착하기 위해 매수합니다. 시가 하락 (-3.67%) 은 단기 조정 신호이나, 상승 추세 내에서의 매수 기회로 해석합니다.",1,llm_first_response,not_one_share
RN_COMM_OFF,2026-02-27,1,am,A059,ltb_A059_t000,stb_A059_t001,analysis_A059_t001,decision_A059_t001,,,2026-02-27,2026-02-26,2026-02-26,15:30,2026-02-27,08:59,2026-02-27,pre_close_cutoff,005930,buy,238,"엔비디아 호실적과 AI 반도체 섹터 유입 기대감으로 상승 모멘텀이 존재하며, 시가가 5일 이동평균선 위에 위치해 단기 상승 추세가 확인됨. 초기 현금 100% 보유 상태에서 기술적 돌파 신호와 뉴스 호재에 맞춰 최대 매수 한도인 50% (약 238 주) 를 진입하여 추세를 따르되, ASML 관련 악재 등 리스크 요인이 공존하므로 분산 투자 원칙에 따라 단일 종목 비중을 제한함.",1,llm_first_response,not_one_share
RN_COMM_OFF,2026-02-27,1,am,A060,ltb_A060_t000,stb_A060_t001,analysis_A060_t001,decision_A060_t001,,,2026-02-27,2026-02-26,2026-02-26,15:30,2026-02-27,08:59,2026-02-27,pre_close_cutoff,005930,buy,238,"엔비디아 호실적과 반도체 ETF 편입 등 강력한 호재로 인한 업황 회복 기대감이 내재가치 재평가를 이끌 것으로 판단됩니다. 현재 주가는 5 일 이동평균선 위에 위치하며, 전일 대비 하락폭에도 불구하고 하단 지지력이 확인되어 장기적 관점에서 적정 밸류에이션 구간에서 진입합니다. 초기 현금 1 억 원 중 최대 매수 가능 금액인 5 천만 원 (238 주) 을 전액 투입하여 포트폴리오를 시작합니다.",1,llm_first_response,not_one_share
RN_COMM_OFF,2026-02-27,1,am,A061,ltb_A061_t000,stb_A061_t001,analysis_A061_t001,decision_A061_t001,,,2026-02-27,2026-02-26,2026-02-26,15:30,2026-02-27,08:59,2026-02-27,pre_close_cutoff,005930,buy,200,"엔비디아 호실적과 반도체 섹터 유입으로 인한 상승 모멘텀이 존재하나, 당일 시가 하락 (전일 대비 -3.67%) 으로 조정된 가격에 진입할 수 있는 기회로 판단됨. 5 일 및 20 일 이동평균선 위에 위치하여 기술적 지지선이 확보된 상태이며, 초기 진입 단계이므로 현금 100,000,000 원 중 50% 한도 내에서 42,000,000 원 (200 주) 을 매수하여 포트폴리오를 구성함.",1,llm_first_response,not_one_share
RN_COMM_OFF,2026-02-27,1,am,A062,ltb_A062_t000,stb_A062_t001,analysis_A062_t001,decision_A062_t001,,,2026-02-27,2026-02-26,2026-02-26,15:30,2026-02-27,08:59,2026-02-27,pre_close_cutoff,005930,buy,100,"반도체 섹터의 자금 유입 기대감과 한·영 협력 호재로 인해 상승 모멘텀이 형성되었으나, ASML 규제 리스크와 헤드라인 정보의 한계로 불확실성이 존재합니다. 전일 대비 하락한 210,000 원이 20 일 이동평균선 위에 위치하여 지지받고 있으나, 명확한 돌파 신호 전까지 초기 진입은 신중하게 진행해야 합니다. 따라서 초기 현금의 50% 제한 내에서 100 주 (약 2,100 만 원) 를 매수하여 포트폴리오를 시작하되, 추후 추가 신호를 기다리며 잔여 현금으로 리스크를 관리합니다.",1,llm_first_response,not_one_share
RN_COMM_OFF,2026-02-27,1,am,A063,ltb_A063_t000,stb_A063_t001,analysis_A063_t001,decision_A063_t001,,,2026-02-27,2026-02-26,2026-02-26,15:30,2026-02-27,08:59,2026-02-27,pre_close_cutoff,005930,buy,1000,"반도체 섹터의 AI 수요 확대와 해외 협력 확대 등 긍정적 뉴스 흐름, 기술적 지표상 5 일 및 20 일 이동평균선 상회, 거래량 증가로 매수 세력 유입이 확인됨에 따라 매수 기회를 포착합니다. 다만, 초기 투자 성과가 낮고 ASML 의 중국 매출 우려 등 거시적 리스크가 존재하므로, 최대 매수 가능 금액의 절반 수준인 21 억 원 (1,000 주) 만을 투입하여 신중하게 진입합니다.",1,llm_first_response,not_one_share
RN_COMM_OFF,2026-02-27,1,am,A064,ltb_A064_t000,stb_A064_t001,analysis_A064_t001,decision_A064_t001,,,2026-02-27,2026-02-26,2026-02-26,15:30,2026-02-27,08:59,2026-02-27,pre_close_cutoff,005930,buy,100,"엔비디아 호실적과 AI 반도체 섹터의 호재 (Short-Term Belief dim 1, 4) 로 인해 상승 모멘텀이 존재하며, 전일 대비 시가 하락 (210,000원) 으로 인해 단기 조정 국면에서 저평가 구간 진입의 기회로 판단됩니다. 20일 이동평균선 (175,120원) 을 상회하는 우상향 추세 (Market View) 를 유지하고 있어, 가치평가 지표와 성장성을 기반으로 매수합니다.",1,llm_first_response,not_one_share
RN_COMM_OFF,2026-02-27,1,am,A065,ltb_A065_t000,stb_A065_t001,analysis_A065_t001,decision_A065_t001,,,2026-02-27,2026-02-26,2026-02-26,15:30,2026-02-27,08:59,2026-02-27,pre_close_cutoff,005930,buy,119,"엔비디아 호실적과 AI 반도체 섹터 호조로 인한 상승 모멘텀이 존재하며, 기술적 지표상 20 일 이동평균선 위에 위치해 중장기 상승 추세 유지 중으로 판단됩니다. 다만 ASML 관련 악재와 거시적 리스크로 인해 변동성이 클 수 있어, 초기 진입 시점으로서 포트폴리오의 50% 한도 (5,000 만 원) 를 준수하여 119 주 (약 2,500 만 원) 를 제한적으로 매수합니다.",1,llm_first_response,not_one_share
RN_COMM_OFF,2026-02-27,1,am,A066,ltb_A066_t000,stb_A066_t001,analysis_A066_t001,decision_A066_t001,,,2026-02-27,2026-02-26,2026-02-26,15:30,2026-02-27,08:59,2026-02-27,pre_close_cutoff,005930,buy,238,"엔비디아 호실적과 반도체 업황 회복 기대감으로 인한 섹터 상승 모멘텀이 강하며, 20일 이동평균선 상회 등 중기 상승 추세가 유지되고 있어 장기 가치 투자 관점에서 진입합니다. 다만, 구체적인 밸류에이션 지표 부재와 ASML 리스크 등 불확실성이 존재하므로, 초기 투자 단계의 현금 관리 원칙에 따라 허용된 최대 금액 (5,000 만 원) 을 모두 사용하여 단일 종목에 집중 진입합니다.",1,llm_first_response,not_one_share
RN_COMM_OFF,2026-02-27,1,am,A067,ltb_A067_t000,stb_A067_t001,analysis_A067_t001,decision_A067_t001,,,2026-02-27,2026-02-26,2026-02-26,15:30,2026-02-27,08:59,2026-02-27,pre_close_cutoff,005930,buy,200,"엔비디아 호실적과 AI 반도체 섹터 모멘텀이 상승 압력으로 작용하나, ASML 관련 리스크와 전일 대비 급락 (3.67%) 으로 인한 단기 등락이 예상되어 신중한 접근이 필요합니다. 현재 주가는 5 일 및 20 일 이동평균 위에 있어 중장기 상승 추세는 유지되나, 불확실성이 높은 시점에 전량 매수하기보다는 초기 투자 성과가 낮고 안정적 자산을 선호하는 성향에 맞춰 최대 매수 가능 금액 (5,000 만 원) 의 약 85% 수준인 4,200 만 원 (200 주) 을 매수하여 진입합니다.",1,llm_first_response,not_one_share
RN_COMM_OFF,2026-02-27,1,am,A068,ltb_A068_t000,stb_A068_t001,analysis_A068_t001,decision_A068_t001,,,2026-02-27,2026-02-26,2026-02-26,15:30,2026-02-27,08:59,2026-02-27,pre_close_cutoff,005930,buy,100,"엔비디아 호실적과 AI 섹터 유입 기대감으로 상승 모멘텀이 우세하나, ASML 관련 리스크로 변동성이 예상됨. 기술적 지표 (MA5, MA20 상향) 가 상승 추세를 지지하고 있어, 시가 210,000원 수준에서 제한적으로 진입하여 추세를 따르되, 손실 시 추가 매수 전략을 대비한 분산 매수 접근을 취함.",1,llm_first_response,not_one_share
RN_COMM_OFF,2026-02-27,1,am,A069,ltb_A069_t000,stb_A069_t001,analysis_A069_t001,decision_A069_t001,,,2026-02-27,2026-02-26,2026-02-26,15:30,2026-02-27,08:59,2026-02-27,pre_close_cutoff,005930,buy,119,"반도체 업황 회복 기대감과 ETF 유입 등 호재가 있으나, ASML 규제 리스크 등 불확실성으로 인해 단기 등락이 공존하는 상황입니다. 전일 대비 가격 조정이 이루어진 시점(210,000원)이 5일 이동평균선 상단에서 지지력을 유지하고 있어, 가치평가 관점에서 적정 수준으로 판단됩니다. 고위험 고수익 선호 성향과 특정 종목 집중 투자 성향을 반영하여, 초기 현금의 절반(약 5천만 원)을 투입하여 진입 기회를 잡습니다.",1,llm_first_response,not_one_share
RN_COMM_OFF,2026-02-27,1,am,A070,ltb_A070_t000,stb_A070_t001,analysis_A070_t001,decision_A070_t001,,,2026-02-27,2026-02-26,2026-02-26,15:30,2026-02-27,08:59,2026-02-27,pre_close_cutoff,005930,buy,238,"고위험 고수익 선호 성향과 분산투자 미흡 경향을 반영하여, 현금 100,000,000원 중 최대 매수 가능 금액인 50,000,000원 (238 주) 전량을 매수합니다. 기술적 지표상 5 일 및 20 일 이동평균선 상회와 거래량 증가로 상승 추세가 확인되고 있으며, 반도체 섹터의 자금 유입 기대감을 단기 모멘텀으로 포착하기 위함입니다.",1,llm_first_response,not_one_share
RN_COMM_OFF,2026-02-27,1,am,A071,ltb_A071_t000,stb_A071_t001,analysis_A071_t001,decision_A071_t001,,,2026-02-27,2026-02-26,2026-02-26,15:30,2026-02-27,08:59,2026-02-27,pre_close_cutoff,005930,buy,1000,"엔비디아 호실적과 AI 반도체 섹터의 성장 모멘텀이 강하나, ASML의 중국 매출 감소 우려 등 규제 리스크로 인해 단기 변동성이 예상됨. 초기 진입 단계이므로 현금 10 억 원 중 50% 제한 (5 억 원) 을 준수하되, 내재가치 판단을 위한 데이터 부족과 불확실성을 고려하여 최대 매수 가능 수량 (2,380 주) 의 약 42% 수준인 1,000 주를 매수하여 분산 투자 원칙과 위험 자산 선호 성향에 맞춰 신중하게 진입한다.",1,llm_first_response,not_one_share
RN_COMM_OFF,2026-02-27,1,am,A072,ltb_A072_t000,stb_A072_t001,analysis_A072_t001,decision_A072_t001,,,2026-02-27,2026-02-26,2026-02-26,15:30,2026-02-27,08:59,2026-02-27,pre_close_cutoff,005930,buy,100,"엔비디아 호실적과 AI 반도체 섹터의 유입 기대감으로 단기 상승 모멘텀이 강하며, 기술적 지표상 20일선 위에 위치해 중기 상승 흐름이 유지되고 있습니다. 고위험 고수익 기회를 선호하는 투자 성향에 따라 상승 모멘텀을 포착하기 위해 매수합니다.",1,llm_first_response,not_one_share
RN_COMM_OFF,2026-02-27,1,am,A073,ltb_A073_t000,stb_A073_t001,analysis_A073_t001,decision_A073_t001,,,2026-02-27,2026-02-26,2026-02-26,15:30,2026-02-27,08:59,2026-02-27,pre_close_cutoff,005930,buy,100,"반도체 섹터의 자금 유입 기대와 AI 수요 호조 등 긍정적 헤드라인이 우세하며, 현재 주가가 5일 이동평균선을 상회하는 단기 상승 추세를 보이고 있어 매수 모멘텀이 존재합니다. 초기 현금 보유 상태이므로 기술적 지표와 거래량 신호를 확인하며 진입하되, ASML 규제 리스크 등 불확실성을 고려해 최대 매수 가능 금액의 50% 이내인 2,100만 원 (100 주) 으로 제한적으로 매수합니다.",1,llm_first_response,not_one_share
RN_COMM_OFF,2026-02-27,1,am,A074,ltb_A074_t000,stb_A074_t001,analysis_A074_t001,decision_A074_t001,,,2026-02-27,2026-02-26,2026-02-26,15:30,2026-02-27,08:59,2026-02-27,pre_close_cutoff,005930,buy,238,"엔비디아 호실적과 AI 반도체 섹터 유입 기대감으로 단기 상승 모멘텀이 강하며, 기술적 지표상 MA5 를 상회하는 추세 확인. 고위험 고수익 선호 성향과 특정 종목 집중 경향을 반영하여, 보유 현금의 50% 한도인 최대 매수 가능 수량 (238 주) 으로 전량 매수 진입합니다.",1,llm_first_response,not_one_share
RN_COMM_OFF,2026-02-27,1,am,A075,ltb_A075_t000,stb_A075_t001,analysis_A075_t001,decision_A075_t001,,,2026-02-27,2026-02-26,2026-02-26,15:30,2026-02-27,08:59,2026-02-27,pre_close_cutoff,005930,buy,200,"엔비디아 호실적과 AI 반도체 섹터의 성장 모멘텀을 긍정적으로 평가하며, 전일 대비 3.67% 하락한 현재 가격 (210,000원) 이 장기 가치 투자 관점에서 진입 타이밍으로 판단됨. 5일 및 20일 이동평균선 상회로 중기적 상승 흐름이 유지되고 있어, 규제 리스크를 고려하되 기회 포착을 위해 매수 결정.",1,llm_first_response,not_one_share
RN_COMM_OFF,2026-02-27,1,am,A076,ltb_A076_t000,stb_A076_t001,analysis_A076_t001,decision_A076_t001,,,2026-02-27,2026-02-26,2026-02-26,15:30,2026-02-27,08:59,2026-02-27,pre_close_cutoff,005930,buy,200,"엔비디아 호실적과 AI 반도체 섹터의 모멘텀, 5일 및 20일 이동평균선 상회 등 기술적 상승 신호가 강하며, 고위험 고수익 기회를 선호하는 투자 성향과 현재 보유 현금 여력을 고려해 적극적으로 매수합니다. ASML 관련 규제 리스크가 있으나 단기 상승 추세를 따르는 전략입니다.",1,llm_first_response,not_one_share
RN_COMM_OFF,2026-02-27,1,am,A077,ltb_A077_t000,stb_A077_t001,analysis_A077_t001,decision_A077_t001,,,2026-02-27,2026-02-26,2026-02-26,15:30,2026-02-27,08:59,2026-02-27,pre_close_cutoff,005930,buy,100,"엔비디아 호실적과 AI 반도체 섹터의 상승 모멘텀이 확인되었으나, ASML의 중국 매출 감소 우려 등 거시적 리스크가 공존하여 신중한 접근이 필요합니다. 60 세 투자자로서 안정적이고 검증된 자산을 선호하는 성향에 따라, 단기 변동성을 고려하여 전체 현금의 50% 한도 (5,000 만 원) 보다 적은 금액인 약 2,100 만 원 (100 주) 을 분할 매수하여 진입합니다. 이는 기술적 상승 추세 (5 일/20 일 이동평균선 상회) 를 반영하되, 내재가치 판단을 위한 실적 데이터 부재와 규제 리스크로 인한 불확실성을 리스크 관리 차원에서 반영한 것입니다.",1,llm_first_response,not_one_share
RN_COMM_OFF,2026-02-27,1,am,A078,ltb_A078_t000,stb_A078_t001,analysis_A078_t001,decision_A078_t001,,,2026-02-27,2026-02-26,2026-02-26,15:30,2026-02-27,08:59,2026-02-27,pre_close_cutoff,005930,buy,100,"엔비디아 호실적과 반도체 ETF 편입 등 섹터 호재로 인한 상승 모멘텀이 존재하며, 전일 대비 주가가 하락하여 단기 진입 기회가 될 수 있다고 판단합니다. 다만, 내재가치 데이터 부재와 ASML 관련 거시적 리스크가 상존하므로, 초기 진입 단계에서 분산 투자 원칙에 따라 최대 매수 가능 금액의 절반 수준인 2,100 만 원 (100 주) 으로 제한적으로 매수합니다.",1,llm_first_response,not_one_share
RN_COMM_OFF,2026-02-27,1,am,A079,ltb_A079_t000,stb_A079_t001,analysis_A079_t001,decision_A079_t001,,,2026-02-27,2026-02-26,2026-02-26,15:30,2026-02-27,08:59,2026-02-27,pre_close_cutoff,005930,buy,100,"엔비디아 호실적과 AI 반도체 섹터의 유입 기대감으로 상승 모멘텀이 존재하나, ASML 관련 중국 매출 감소 우려 등 거시적 리스크로 인해 단기 방향성은 불확실합니다. 현재 주가는 전일 대비 조정받으며 기술적 지지선 위에 위치해 장기적 관점에서 저평가 매수 기회로 판단되나, 초기 진입 시 불확실성을 고려하여 최대 매수 가능 금액의 절반 수준인 2,100만 원 (100 주) 으로 제한적으로 진입합니다.",1,llm_first_response,not_one_share
RN_COMM_OFF,2026-02-27,1,am,A080,ltb_A080_t000,stb_A080_t001,analysis_A080_t001,decision_A080_t001,,,2026-02-27,2026-02-26,2026-02-26,15:30,2026-02-27,08:59,2026-02-27,pre_close_cutoff,005930,buy,100,"엔비디아 호실적 등 AI 반도체 섹터의 성장 모멘텀이 확인되었으나, ASML 관련 악재와 미·중 규제 리스크로 인해 시장 분위기가 양극화되어 있습니다. 현재 주가는 전일 대비 조정받았으나 MA20 대비 20% 프리미엄으로 저평가 구간은 아닙니다. 초기 투자 성과가 낮고 불확실성이 높은 상황에서, 안정적 자산 선호 성향과 원칙적인 현금 관리 방침에 따라 최대 매수 가능 금액의 10% 수준인 소량으로 제한적으로 진입하여 시장 반응을 관찰합니다.",1,llm_first_response,not_one_share
RN_COMM_OFF,2026-02-27,1,am,A081,ltb_A081_t000,stb_A081_t001,analysis_A081_t001,decision_A081_t001,,,2026-02-27,2026-02-26,2026-02-26,15:30,2026-02-27,08:59,2026-02-27,pre_close_cutoff,005930,buy,100,"엔비디아 호실적과 AI 수요 확대로 인한 반도체 섹터 모멘텀이 존재하며, 현재 가격 (210,000 원) 이 5 일 이동평균선 (200,920 원) 을 상회하여 기술적 지지력을 보이고 있어 장기적 관점에서 저평가 구간 진입을 위한 매수 기회로 판단합니다. 다만, ASML 의 중국 매출 감소 등 규제 리스크와 뉴스 요약의 정보 한계로 인해 초기 진입 시 전량 매수보다는 포트폴리오 분산을 고려한 제한적 수량으로 진입합니다.",1,llm_first_response,not_one_share
RN_COMM_OFF,2026-02-27,1,am,A082,ltb_A082_t000,stb_A082_t001,analysis_A082_t001,decision_A082_t001,,,2026-02-27,2026-02-26,2026-02-26,15:30,2026-02-27,08:59,2026-02-27,pre_close_cutoff,005930,buy,1000,"엔비디아 호실적과 반도체 섹터의 밸류에이션 재평가 기대감으로 상승 모멘텀이 존재하나, 개장 직후 3.67% 하락하며 단기 조정 신호가 나타나고 있어 기술적 돌파 신호가 명확히 확인될 때까지는 추격 매수를 지양합니다. 따라서 초기 현금의 50% 제한 내에서 1000주 (약 2.1 억 원) 의 제한적 매수를 통해 반도체 업황의 장기적 상승 흐름에 대비하되, ASML의 중국 매출 감소 등 규제 리스크와 변동성에 대비한 리스크 관리 원칙을 준수합니다.",1,llm_first_response,not_one_share
RN_COMM_OFF,2026-02-27,1,am,A083,ltb_A083_t000,stb_A083_t001,analysis_A083_t001,decision_A083_t001,,,2026-02-27,2026-02-26,2026-02-26,15:30,2026-02-27,08:59,2026-02-27,pre_close_cutoff,005930,buy,100,"엔비디아 호실적과 AI 반도체 수요 확대 등 장기 성장성 (LTB dim_2, STB dim_2) 이 기대되나, ASML 규제 리스크와 미·중 갈등 등 단기 불확실성 (STB dim_1, dim_3) 이 존재합니다. 현재 시가 210,000원은 전일 대비 조정받았으나, 가치평가 지표와 내재가치 관점에서 저평가 매수 기회로 판단하여, 초기 진입 단계이면서 분산투자 성향이 부족함을 고려해 최대 매수 가능 금액 (5,000 만 원) 의 절반 수준인 2,100 만 원 (100 주) 을 매수합니다.",1,llm_first_response,not_one_share
RN_COMM_OFF,2026-02-27,1,am,A084,ltb_A084_t000,stb_A084_t001,analysis_A084_t001,decision_A084_t001,,,2026-02-27,2026-02-26,2026-02-26,15:30,2026-02-27,08:59,2026-02-27,pre_close_cutoff,005930,buy,100,"반도체 업황 회복과 AI 수요 확대 등 장기적 성장 모멘텀이 유지되나, ASML 규제 리스크 등 불확실성으로 인해 단기 등락이 예상됩니다. 현재 주가는 20 일선 대비 프리미엄이 있어 저평가 구간은 아니나, '삼전닉스' 등 시장 관심과 검증된 자산으로서의 가치를 고려하여, 분산투자 성향이 약한 점을 보완하기 위해 현금의 절반 (5000 만 원) 을 초과하지 않는 선에서 제한적으로 진입합니다.",1,llm_first_response,not_one_share
RN_COMM_OFF,2026-02-27,1,am,A085,ltb_A085_t000,stb_A085_t001,analysis_A085_t001,decision_A085_t001,,,2026-02-27,2026-02-26,2026-02-26,15:30,2026-02-27,08:59,2026-02-27,pre_close_cutoff,005930,buy,100,"반도체 TOP10 자금 유입과 한·영 협력 확대 등 긍정적 헤드라인이 단기 상승 모멘텀을 형성하고 있으며, 기술적 지표 (MA5 상회) 가 지지력을 보여주고 있습니다. 가치투자 관점에서 저평가 여부를 완전히 확인하지는 못했으나, 초기 현금 보유 상태에서 검증된 자산에 대한 분산투자 성향을 고려하여 제한적으로 진입합니다.",1,llm_first_response,not_one_share
RN_COMM_OFF,2026-02-27,1,am,A086,ltb_A086_t000,stb_A086_t001,analysis_A086_t001,decision_A086_t001,,,2026-02-27,2026-02-26,2026-02-26,15:30,2026-02-27,08:59,2026-02-27,pre_close_cutoff,005930,buy,200,"엔비디아 호실적과 AI 반도체 섹터의 강세 흐름이 삼성전자에도 긍정적 영향을 미칠 것으로 판단되나, 당일 시가 (210,000 원) 가 전일 대비 3.7% 하락하여 단기 조정된 상태이므로, 중장기 가치 실현을 위해 진입합니다. 20 일 이동평균선 (175,120 원) 을 상회하는 추세이며, 현금 1 억 원을 보유하고 있어 매수 여력이 충분합니다.",1,llm_first_response,not_one_share
RN_COMM_OFF,2026-02-27,1,am,A087,ltb_A087_t000,stb_A087_t001,analysis_A087_t001,decision_A087_t001,,,2026-02-27,2026-02-26,2026-02-26,15:30,2026-02-27,08:59,2026-02-27,pre_close_cutoff,005930,buy,1000,"엔비디아 호실적과 AI 반도체 섹터 모멘텀으로 중장기 상승 추세는 유지되나, 전일 3.67% 하락과 ASML 관련 악재로 단기 조정 국면임. 기술적 돌파 신호가 명확하지 않아 초기 진입 단계에서 원칙에 따라 현금의 50% 한도 (5억 원) 를 초과하지 않는 범위 내에서 분할 매수 (약 21% 비중) 로 진입하여 하방 경직성을 확인하고 추후 추가 매수 기회를 대비함.",1,llm_first_response,not_one_share
RN_COMM_OFF,2026-02-27,1,am,A088,ltb_A088_t000,stb_A088_t001,analysis_A088_t001,decision_A088_t001,,,2026-02-27,2026-02-26,2026-02-26,15:30,2026-02-27,08:59,2026-02-27,pre_close_cutoff,005930,buy,100,"전일 대비 3.67% 하락한 210,000원에 진입하여 단기 조정 국면에서 저가 매수 기회를 포착합니다. 반도체 섹터의 자금 유입 기대감과 AI 수요 확대 등 장기적 성장성 (dim_3, dim_4) 은 유지되나, ASML 규제 리스크 (dim_1) 와 가치평가 지표 부재 (dim_2) 로 인해 불확실성이 존재합니다. 초기 투자 성과가 낮고 안정적 자산을 선호하는 성향에 따라, 현금 1 억 원 중 최대 5 천 만 원 제한 (max_single_trade_cash) 을 준수하되, 단일 종목 집중도를 낮추기 위해 전체 가능 수량 (238 주) 의 약 42% 수준인 100 주를 분할 매수합니다.",1,llm_first_response,not_one_share
RN_COMM_OFF,2026-02-27,1,am,A089,ltb_A089_t000,stb_A089_t001,analysis_A089_t001,decision_A089_t001,,,2026-02-27,2026-02-26,2026-02-26,15:30,2026-02-27,08:59,2026-02-27,pre_close_cutoff,005930,buy,150,"엔비디아 호실적 등 AI 반도체 섹터의 모멘텀과 20일 이동평균선 상단에서의 지지 가능성에 따라 초기 진입을 결정합니다. 다만, ASML 관련 리스크와 기술적 돌파 신호 부재로 인해 초기 진입 시점을 신중하게 선택하며, 현금 100% 보유 상태에서 포트폴리오 분산 원칙에 따라 최대 한도 (5,000 만 원) 의 60% 수준인 3,150 만 원 (150 주) 을 매수합니다.",1,llm_first_response,not_one_share
RN_COMM_OFF,2026-02-27,1,am,A090,ltb_A090_t000,stb_A090_t001,analysis_A090_t001,decision_A090_t001,,,2026-02-27,2026-02-26,2026-02-26,15:30,2026-02-27,08:59,2026-02-27,pre_close_cutoff,005930,buy,238,"엔비디아 호실적과 AI 반도체 섹터 유입 기대감으로 상승 모멘텀이 강하며, 현재 주가가 5일 및 20일 이동평균선 위에 위치하여 기술적 지지력을 확인함. 초기 중립적 관점에서 기술적 돌파 신호와 뉴스 호재가 일치하는 시점으로 판단하여, 현금 100%를 활용하여 단일 종목인 삼성전자를 진입함.",1,llm_first_response,not_one_share
RN_COMM_OFF,2026-02-27,1,am,A091,ltb_A091_t000,stb_A091_t001,analysis_A091_t001,decision_A091_t001,,,2026-02-27,2026-02-26,2026-02-26,15:30,2026-02-27,08:59,2026-02-27,pre_close_cutoff,005930,buy,100,"반도체 업황 호재와 ETF 유입 등 단기 상승 모멘텀이 있으나, ASML 규제 리스크 등 외부 변수로 인해 방향성이 혼조되어 있습니다. 초기 중립적 관점에서 기술적 신호를 기다리려 했으나, 매수만 허용된 제약 조건과 현금 1 억 원의 여유 자산을 고려하여, 특정 종목 집중 성향을 고려하되 과도한 진입은 피하기 위해 최대 가능 수량의 42% 수준인 100 주를 제한적으로 매수합니다.",1,llm_first_response,not_one_share
RN_COMM_OFF,2026-02-27,1,am,A092,ltb_A092_t000,stb_A092_t001,analysis_A092_t001,decision_A092_t001,,,2026-02-27,2026-02-26,2026-02-26,15:30,2026-02-27,08:59,2026-02-27,pre_close_cutoff,005930,buy,238,"엔비디아 호실적과 AI 섹터 유입 기대감으로 상승 모멘텀이 강하며, 기술적 지표상 5 일 및 20 일 이동평균선 위에 위치하여 중기 상승 추세가 유지되고 있음. 초기 진입 단계로 현금 1 억 원을 보유 중이며, 단일 종목 집중 성향과 검증된 자산 선호 특성을 반영하여 최대 매수 가능 수량인 238 주를 전량 매수하여 진입합니다.",1,llm_first_response,not_one_share
RN_COMM_OFF,2026-02-27,1,am,A093,ltb_A093_t000,stb_A093_t001,analysis_A093_t001,decision_A093_t001,,,2026-02-27,2026-02-26,2026-02-26,15:30,2026-02-27,08:59,2026-02-27,pre_close_cutoff,005930,buy,238,"엔비디아 호실적과 반도체 ETF 유입 기대감으로 인한 상승 모멘텀이 강하며, 기술적 지표 (주가가 MA5, MA20 상회, 거래량 증가) 가 상승 추세를 명확히 확인시켜 주고 있습니다. 고위험 고수익 기회를 선호하는 투자 성향과 특정 종목 집중 투자 전략에 따라, 상승 돌파 신호 시 전량 매수하여 수익 기회를 선점합니다.",1,llm_first_response,not_one_share
RN_COMM_OFF,2026-02-27,1,am,A094,ltb_A094_t000,stb_A094_t001,analysis_A094_t001,decision_A094_t001,,,2026-02-27,2026-02-26,2026-02-26,15:30,2026-02-27,08:59,2026-02-27,pre_close_cutoff,005930,buy,238,"초기 진입 단계로 현금 1 억 원을 전량 보유 중이며, 기술적 지표상 5 일 이동평균선 상회와 거래량 증가로 단기 모멘텀이 확인되었습니다. 반도체 TOP10 투자 및 한·영 협력 등 긍정적 뉴스와 대형 자금 유입 기대감으로 현재 주가가 저평가 구간일 가능성이 있어, 안정적이고 검증된 자산을 선호하는 투자 성향에 따라 최대 매수 가능 수량인 238 주를 매수합니다.",1,llm_first_response,not_one_share
RN_COMM_OFF,2026-02-27,1,am,A095,ltb_A095_t000,stb_A095_t001,analysis_A095_t001,decision_A095_t001,,,2026-02-27,2026-02-26,2026-02-26,15:30,2026-02-27,08:59,2026-02-27,pre_close_cutoff,005930,buy,100,"엔비디아 호실적과 AI 반도체 섹터의 호재로 인해 상승 모멘텀이 형성될 것으로 판단되나, ASML의 중국 매출 감소 우려 등 거시적 리스크와 기술적 돌파 신호 미확인으로 불확실성이 존재합니다. 72 세 투자자로서 안정성을 중시하고, 초기 진입 시 과도한 집중을 피하기 위해 현금의 20% 수준인 2,100 만 원 (100 주) 을 제한적으로 매수하여 시장 반응을 확인합니다.",1,llm_first_response,not_one_share
RN_COMM_OFF,2026-02-27,1,am,A096,ltb_A096_t000,stb_A096_t001,analysis_A096_t001,decision_A096_t001,,,2026-02-27,2026-02-26,2026-02-26,15:30,2026-02-27,08:59,2026-02-27,pre_close_cutoff,005930,buy,100,"엔비디아 호실적과 반도체 업황 회복 기대감으로 상승 모멘텀이 존재하나, ASML 관련 규제 리스크와 시가 하락 (-3.67%) 으로 인한 단기 변동성 우려가 공존합니다. 초기 진입 단계이므로 현금 100% 상태에서 기술적 지표 (MA20 상회) 와 뉴스 흐름을 확인하며, 분산투자 원칙과 손절 원칙을 위해 최대 매수 한도 (50%) 의 절반 수준인 5,000 만 원 (100 주) 을 신중하게 매수합니다.",1,llm_first_response,not_one_share
RN_COMM_OFF,2026-02-27,1,am,A097,ltb_A097_t000,stb_A097_t001,analysis_A097_t001,decision_A097_t001,,,2026-02-27,2026-02-26,2026-02-26,15:30,2026-02-27,08:59,2026-02-27,pre_close_cutoff,005930,buy,2380,"엔비디아 호실적과 반도체 TOP10 ETF 편입 등 강력한 섹터 호재로 단기 상승 모멘텀이 형성되어 있으며, 기술적 지표상 5 일 및 20 일 이동평균선 위에 위치해 중장기 상승 추세가 확인됨. 당일 시가 하락은 상승 추세 내의 조정으로 해석되며, 고위험 고수익 선호 성향과 손절 원칙에 따라 상승 모멘텀을 포착하기 위해 최대 한도 내에서 공격적으로 매수 진입함.",1,llm_first_response,not_one_share
RN_COMM_OFF,2026-02-27,1,am,A098,ltb_A098_t000,stb_A098_t001,analysis_A098_t001,decision_A098_t001,,,2026-02-27,2026-02-26,2026-02-26,15:30,2026-02-27,08:59,2026-02-27,pre_close_cutoff,005930,buy,100,"엔비디아 호실적과 반도체 섹터의 긍정적 심리 (dim_4) 로 상승 모멘텀이 형성되어 있으며, 기술적 지표상 5일 및 20일 이동평균 위에 위치하여 추세 추종 매수 기회로 판단됨. 초기 투자 단계이므로 전일 하락 (3.67%) 으로 인한 조정 구간을 매수 기회로 활용하되, ASML의 중국 매출 감소 우려 등 거시 리스크를 고려하여 최대 가능 금액의 절반 수준인 2,100 만 원 (100 주) 을 매수하여 진입함.",1,llm_first_response,not_one_share
RN_COMM_OFF,2026-02-27,1,am,A099,ltb_A099_t000,stb_A099_t001,analysis_A099_t001,decision_A099_t001,,,2026-02-27,2026-02-26,2026-02-26,15:30,2026-02-27,08:59,2026-02-27,pre_close_cutoff,005930,buy,100,"엔비디아 호실적과 AI 수요 확대에 따른 반도체 업황 회복 기대감 (Short-Term Belief dim_1, dim_3) 이 상승 모멘텀을 주도하고 있으며, 기술적 지표 (MA5, MA20 상회) 가 상승 추세를 지지하고 있어 (Market Analysis Technical View) 매수 기회를 포착합니다. 다만, ASML의 중국 매출 감소 우려 등 거시적 리스크 (Short-Term Belief dim_2, dim_3) 가 존재하므로, 고위험 고수익 선호 성향을 반영하되 과거 낮은 성과 경험과 현금 관리 원칙 (Long-Term Belief dim_1, dim_6) 을 고려해 총 자산의 50% 한도 (5000 만 원) 보다 적은 금액인 2100 만 원 (100 주) 으로 제한적으로 진입합니다.",1,llm_first_response,not_one_share
RN_COMM_OFF,2026-02-27,1,am,A100,ltb_A100_t000,stb_A100_t001,analysis_A100_t001,decision_A100_t001,,,2026-02-27,2026-02-26,2026-02-26,15:30,2026-02-27,08:59,2026-02-27,pre_close_cutoff,005930,buy,100,"엔비디아 호실적과 AI 섹터 유입 기대감으로 상승 모멘텀이 존재하며, 기술적 지표상 5일 및 20일 이동평균선 위에 위치해 중기적 상승 추세를 유지하고 있습니다. 초기 진입 단계이므로 현금 100,000,000원 중 최대 매수 가능 금액의 절반인 50,000,000원 (약 238주 중 100주) 을 투입하여 포트폴리오를 구성하되, ASML 관련 리스크와 미·중 규제 불확실성으로 인해 전량 매수는 피하고 신중하게 진입합니다.",1,llm_first_response,not_one_share
RN_COMM_OFF,2026-02-27,2,pm,A003,ltb_A003_t001,stb_A003_t002,analysis_A003_t002,decision_A003_t002,,,2026-02-27,2026-02-27,2026-02-27,09:00,2026-02-27,15:29,2026-02-27,pre_close_cutoff,005930,buy,115,"PER 10 배 초반의 역사적 저평가 구간과 AI 슈퍼사이클 기대감으로 내재가치가 현재 주가보다 높게 판단됩니다. 이전 LTB와 현재 STB 모두 중장기 상승 흐름을 지지하며, 현금 비중이 50% 이상으로 여유가 있어 저평가 구간에서 특정 종목 집중 성향을 반영하여 최대 매수 가능 수량인 115 주를 전량 매수합니다.",1,llm_first_response,not_one_share
RN_COMM_OFF,2026-02-27,2,pm,A008,ltb_A008_t001,stb_A008_t002,analysis_A008_t002,decision_A008_t002,,,2026-02-27,2026-02-27,2026-02-27,09:00,2026-02-27,15:29,2026-02-27,pre_close_cutoff,005930,buy,100,"AI 슈퍼사이클과 메모리 수요 증가로 인한 업황적 호조가 지속되고 있으며, 현재 주가는 PER 10 배 초반으로 저평가 구간입니다. 기술적으로 5 일선과 20 일선 위에 위치하여 중장기 상승 추세가 유지되고 있다고 판단되나, 외국인 매도세와 엔비디아 급락 등 외부 악재로 인한 단기 변동성은 존재합니다. 고위험 고수익 기회를 선호하는 투자 성향과 분산 투자 원칙에 따라, 보유 현금의 약 20% 수준인 100 주 (약 2,165 만 원) 를 추가 매수하여 평균 매수 단가를 조정하고 추세 추종 전략을 강화합니다.",1,llm_first_response,not_one_share
RN_COMM_OFF,2026-02-27,2,pm,A004,ltb_A004_t001,stb_A004_t002,analysis_A004_t002,decision_A004_t002,,,2026-02-27,2026-02-27,2026-02-27,09:00,2026-02-27,15:29,2026-02-27,pre_close_cutoff,005930,buy,133,"PER 10 배 초반의 저평가 구간과 AI 슈퍼사이클 등 장기적 성장 동력이 존재하며, 현재 보유 주식의 평균 단가(210,000 원) 보다 낮은 공시가(216,500 원) 로 추가 매수하여 평균 단가를 낮추는 것이 페르소나의 처분효과(손실 시 추가 매수) 및 리스크 관리 전략에 부합합니다. 엔비디아 급락 등 단기 변동성 리스크가 있으나, 5 일 이동평균선 지지와 기술적 반등 신호를 포착하여 현금 비중을 줄이고 포지션을 강화합니다.",1,llm_first_response,not_one_share
RN_COMM_OFF,2026-02-27,2,pm,A002,ltb_A002_t001,stb_A002_t002,analysis_A002_t002,decision_A002_t002,,,2026-02-27,2026-02-27,2026-02-27,09:00,2026-02-27,15:29,2026-02-27,pre_close_cutoff,005930,buy,90,"외국인 매도세로 인한 일시적 저평가 구간과 AI 수요 견조성, 개미 투자자들의 매수 심리를 고려하여 가치평가 중심의 원칙적 매수를 실행합니다. 이전 LTB에서 보류했던 밸류에이션 판단을 현재 시장 상황(하락 압력)을 기회로 활용하여 진입합니다.",1,llm_first_response,not_one_share
RN_COMM_OFF,2026-02-27,2,pm,A001,ltb_A001_t001,stb_A001_t002,analysis_A001_t002,decision_A001_t002,,,2026-02-27,2026-02-27,2026-02-27,09:00,2026-02-27,15:29,2026-02-27,pre_close_cutoff,005930,sell,100,"외국인 대규모 매도세와 엔비디아 급락 등 글로벌 반도체 섹터의 변동성 리스크가 호재를 상쇄하여 단기 방향성이 불분명하고 조정 압력이 예상됨. 가치평가 지표 (PER 10 배 초반) 는 적정 수준이나 실적 공백기와 외국인 매도세로 추가 상승 여력이 제한적이므로, 손절 원칙에 따라 현재 보유 주식을 전량 매도하여 손실 방지 및 현금화를 단행함.",1,llm_first_response,not_one_share
RN_COMM_OFF,2026-02-27,2,pm,A006,ltb_A006_t001,stb_A006_t002,analysis_A006_t002,decision_A006_t002,,,2026-02-27,2026-02-27,2026-02-27,09:00,2026-02-27,15:29,2026-02-27,pre_close_cutoff,005930,buy,100,"장중 상승 모멘텀과 MA5 상향 유지 등 기술적 지표가 호조이나, 외국인 매도세와 엔비디아 급락 등 거시적 리스크로 인해 단기 변동성이 우려됩니다. 그러나 PER 10 배 초반의 저평가 구간과 AI 슈퍼사이클의 장기적 성장성을 믿고, 손실 시 추가 매수하는 페르소나의 성향에 따라 현재 가격대에서 매수 기회를 활용합니다. 분산투자 성향이 약해 단일 종목 집중 리스크가 있으나, 현금 비중이 높아 추가 매수 여력이 충분합니다.",1,llm_first_response,not_one_share
RN_COMM_OFF,2026-02-27,2,pm,A007,ltb_A007_t001,stb_A007_t002,analysis_A007_t002,decision_A007_t002,,,2026-02-27,2026-02-27,2026-02-27,09:00,2026-02-27,15:29,2026-02-27,pre_close_cutoff,005930,buy,100,"PER 10 배 초반의 역사적 저평가 구간과 AI 슈퍼사이클에 따른 실적 개선 기대감이 장기적 가치 투자 관점에서 매력적이므로, 단기 외국인 매도세와 엔비디아 급락 등 변동성 리스크에도 불구하고 현금 비중을 낮추며 추가 매수합니다. 현재 보유 100 주 대비 100 주 추가 매수로 포트폴리오 비중을 확대하되, 최대 거래 한도 (3950 만 원) 이내에서 신중하게 접근합니다.",1,llm_first_response,not_one_share
RN_COMM_OFF,2026-02-27,2,pm,A005,ltb_A005_t001,stb_A005_t002,analysis_A005_t002,decision_A005_t002,,,2026-02-27,2026-02-27,2026-02-27,09:00,2026-02-27,15:29,2026-02-27,pre_close_cutoff,005930,buy,100,"AI 슈퍼사이클과 메모리 수요 증가로 인한 업황 개선 기대감이 지속되고 있으며, PER 10 배 초반의 저평가 상태가 매력적인 진입점으로 판단됩니다. 개인 투자자의 매수세가 강해 시장 심리를 지탱하고 있으나, 외국인의 매도세와 거시적 리스크를 고려하여 현금의 절반 수준인 100 주 (약 2,165 만 원) 만을 매수하여 포트폴리오 집중도를 관리합니다.",1,llm_first_response,not_one_share
RN_COMM_OFF,2026-02-27,2,pm,A009,ltb_A009_t001,stb_A009_t002,analysis_A009_t002,decision_A009_t002,,,2026-02-27,2026-02-27,2026-02-27,09:00,2026-02-27,15:29,2026-02-27,pre_close_cutoff,005930,buy,100,"엔비디아 급락과 메모리칩 수요 둔화 우려로 글로벌 섹터가 하락 압력을 받고 있으나, 삼성전자는 장중 3.1% 상승 후 종가 기준 소폭 하락하며 하방 경직성을 보임. 기술적 지표상 5 일 및 20 일 이동평균 위에 위치해 중장기 상승 추세 유지 중이며, 현재가 216,500 원은 엔비디아 여파로 인한 과반응 조정 구간으로 판단되어 추매 기회로 활용함. 이전 LTB 에서 언급된 '적정 수준의 위험 수용' 원칙에 따라 현금 비중이 높은 포트폴리오 상태에서 분산 투자 성향을 보완하기 위해 매수 실행.",1,llm_first_response,not_one_share
RN_COMM_OFF,2026-02-27,2,pm,A011,ltb_A011_t001,stb_A011_t002,analysis_A011_t002,decision_A011_t002,,,2026-02-27,2026-02-27,2026-02-27,09:00,2026-02-27,15:29,2026-02-27,pre_close_cutoff,005930,buy,115,"PER 10 배 초반의 역사적 저평가 구간과 AI 슈퍼사이클 장기 성장성을 근거로, 고위험 고수익 선호 성향과 분산투자 성향 (단일 종목 집중) 을 반영하여 보유 현금의 최대 한도 (115 주) 를 모두 매수하여 포지션을 확대합니다. 외국인 매도세와 엔비디아 변동성 등 단기 리스크는 존재하나, 내재가치 대비 저평가 폭이 크고 개인 투자자 매수세가 강해 조정 시 매수 기회로 판단합니다.",1,llm_first_response,not_one_share
RN_COMM_OFF,2026-02-27,2,pm,A010,ltb_A010_t001,stb_A010_t002,analysis_A010_t002,decision_A010_t002,,,2026-02-27,2026-02-27,2026-02-27,09:00,2026-02-27,15:29,2026-02-27,pre_close_cutoff,005930,buy,100,"PER 10 배 초반의 역사적 저평가 구간과 AI 반도체 수요 확대 등 장기적 성장 모멘텀이 우세하다고 판단하여, 변동성 속에서 저가 매수 (Buy the dip) 전략을 실행합니다. 현재 보유 현금 (7900 만 원) 이 충분하며, 100 주 매수로 평균 단가 210,000 원 대비 약 2.6% 하락한 216,500 원 수준에서 매수하여 내재가치 회복을 기대합니다.",1,llm_first_response,not_one_share
RN_COMM_OFF,2026-02-27,2,pm,A013,ltb_A013_t001,stb_A013_t002,analysis_A013_t002,decision_A013_t002,,,2026-02-27,2026-02-27,2026-02-27,09:00,2026-02-27,15:29,2026-02-27,pre_close_cutoff,005930,sell,119,"외국인 대규모 매도세와 엔비디아 급락 여파로 인한 단기 변동성 확대 (current_stb dim_1, dim_4) 가 기술적 상승 모멘텀을 무효화할 가능성이 높습니다. 현재 미실현 수익 구간 (평균 매수단가 대비) 에서 고위험 선호 성향과 처분효과 (수익 시 빠른 매도) 에 따라 리스크를 선제적으로 축소하고 현금 비중을 높이는 것이 적절합니다.",1,llm_first_response,not_one_share
RN_COMM_OFF,2026-02-27,2,pm,A014,ltb_A014_t001,stb_A014_t002,analysis_A014_t002,decision_A014_t002,,,2026-02-27,2026-02-27,2026-02-27,09:00,2026-02-27,15:29,2026-02-27,pre_close_cutoff,005930,sell,50,"엔비디아 급락과 외국인 대규모 매도세로 인한 단기 조정 압력이 높고, 기술적 지표상 고소공포증 구간으로 판단됩니다. 장기적 AI 슈퍼사이클은 유효하나, 현재 포트폴리오가 삼성전자 단일 종목에 집중되어 있어 변동성 확대 시 방어적 대응이 필요합니다. 미실현 수익 구간에서 일부 매도하여 현금 비중을 확보하고 리스크를 관리합니다.",1,llm_first_response,not_one_share
RN_COMM_OFF,2026-02-27,2,pm,A016,ltb_A016_t001,stb_A016_t002,analysis_A016_t002,decision_A016_t002,,,2026-02-27,2026-02-27,2026-02-27,09:00,2026-02-27,15:29,2026-02-27,pre_close_cutoff,005930,buy,100,"외국인 매도세와 엔비디아 급락 등 외부 악재로 주가가 일시 조정받았으나, 5 일 이동평균선 (206,200 원) 상회로 하방 경직성이 유지되고 있습니다. 장기적 관점에서 반도체 업황 회복과 AI 수요는 여전히 유효하며, 현재 가격대는 밸류에이션 적정 수준으로 판단됩니다. 현금 비중이 높고 분산 투자 원칙에 따라, 변동성 확대 시점인 현재 제한적으로 매수하여 평균 단가를 조정하고 포트폴리오 비중을 재조정합니다.",1,llm_first_response,not_one_share
RN_COMM_OFF,2026-02-27,2,pm,A019,ltb_A019_t001,stb_A019_t002,analysis_A019_t002,decision_A019_t002,,,2026-02-27,2026-02-27,2026-02-27,09:00,2026-02-27,15:29,2026-02-27,pre_close_cutoff,005930,buy,100,"PER 10 배 초반의 역사적 저평가 구간과 AI 메모리 수요 호황이라는 장기적 가치평가 근거 (LTB dim_2, STB dim_2) 에 따라 매수 우위를 점하나, 외국인 대규모 매도 (16 조 원) 와 엔비디아 급락 등 단기 변동성 리스크 (STB dim_1, dim_4) 가 존재합니다. 이에 따라 분산투자 원칙과 현금 비중 (79%) 을 고려하여, 포트폴리오 내 주식 비중을 적정 수준으로 유지하되 저가 매수 기회를 포착하기 위해 제한적 수량 (100 주) 으로 추가 매수합니다.",1,llm_first_response,not_one_share
RN_COMM_OFF,2026-02-27,2,pm,A012,ltb_A012_t001,stb_A012_t002,analysis_A012_t002,decision_A012_t002,,,2026-02-27,2026-02-27,2026-02-27,09:00,2026-02-27,15:29,2026-02-27,pre_close_cutoff,005930,sell,60,"현재 보유 주식 119주는 평균 매수 단가 대비 미실현 수익 상태이나, 엔비디아 급락과 외국인 대규모 매도세로 인한 고소공포증 심리, 그리고 스마트폰 출하량 감소 등 악재가 공존하는 혼조 국면입니다. 페르소나의 성향인 '수익 시 빠른 매도' 원칙에 따라, 변동성 확대 우려가 있는 현재 시점에서 수익을 확정 짓고 현금 비중을 확보하는 것이 적절하다고 판단합니다.",1,llm_first_response,not_one_share
RN_COMM_OFF,2026-02-27,2,pm,A017,ltb_A017_t001,stb_A017_t002,analysis_A017_t002,decision_A017_t002,,,2026-02-27,2026-02-27,2026-02-27,09:00,2026-02-27,15:29,2026-02-27,pre_close_cutoff,005930,buy,100,"PER 10 배 초반의 저평가 상태와 AI 슈퍼사이클 기대감 등 장기적 밸류에이션 매력은 유지되나, 외국인 대규모 매도와 엔비디아 급락 등 단기 변동성 리스크가 공존합니다. 현재 보유 수량 (100 주) 이 전체 자산 대비 비중이 낮아 분산투자 성향과 단일 종목 집중 리스크를 고려하여, 현금 여력의 50% 제한 (약 3,950 만 원) 내에서 안전장치를 갖춘 100 주 (약 2,165 만 원) 를 추가 매수하여 평균 매수 단가를 조정하고 포지션을 유지합니다.",1,llm_first_response,not_one_share
RN_COMM_OFF,2026-02-27,2,pm,A018,ltb_A018_t001,stb_A018_t002,analysis_A018_t002,decision_A018_t002,,,2026-02-27,2026-02-27,2026-02-27,09:00,2026-02-27,15:29,2026-02-27,pre_close_cutoff,005930,sell,100,"외국인 대규모 매도와 엔비디아 급락 등 외부 악재로 단기 하락 압력이 강하며, 현재 주가는 5일선과 20일선 위에 있으나 당일 거래량 증가와 함께 전일 대비 하락세를 보이고 있어 단기 조정 가능성이 높습니다. 고위험 고수익 선호 성향과 처분효과 (수익 시 빠른 매도) 에 따라 미실현 수익 구간에서 일부 포지션을 정리하여 현금 유동성을 확보하고, 추가 하락 시 평균 단가를 낮출 수 있는 여유를 확보하는 것이 타당합니다.",1,llm_first_response,not_one_share
RN_COMM_OFF,2026-02-27,2,pm,A021,ltb_A021_t001,stb_A021_t002,analysis_A021_t002,decision_A021_t002,,,2026-02-27,2026-02-27,2026-02-27,09:00,2026-02-27,15:29,2026-02-27,pre_close_cutoff,005930,buy,100,"이전 LTB와 현재 STB 모두에서 기술적 지표 (5일선, 20일선 상향) 와 그룹 내 호재 (삼성전기 목표가 상향) 를 긍정적으로 평가하고 있으나, 외국인 매도세와 엔비디아 급락 등 외부 악재로 인해 시장이 혼조세를 보이고 있습니다. 안정적 자산을 선호하는 성향과 분산투자 원칙에 따라, 변동성 확대 시점인 현재는 과도한 추격 매수를 지양하고, 보유 현금의 일부를 활용하여 기존 포지션을 소폭 강화 (100주 추가) 하되, 최대 매수 가능 수량 (182주) 의 절반 수준으로 제한하여 리스크를 관리합니다.",1,llm_first_response,not_one_share
RN_COMM_OFF,2026-02-27,2,pm,A015,ltb_A015_t001,stb_A015_t002,analysis_A015_t002,decision_A015_t002,,,2026-02-27,2026-02-27,2026-02-27,09:00,2026-02-27,15:29,2026-02-27,pre_close_cutoff,005930,buy,100,"PER 10 배 초반의 저평가 상태와 AI 슈퍼사이클 장기 성장성을 근거로 매수 우위를 판단합니다. 현재 보유 현금 비중이 높아 (79%) 포트폴리오 재균형을 위해 제한된 매수 한도 내에서 매수합니다. 다만, 외국인 대량 매도와 엔비디아 급락 등 단기 변동성 리스크를 인지하여, 전량 매수보다는 현금 여력을 일부 유지하며 분산 매수 전략을 적용합니다.",1,llm_first_response,not_one_share
RN_COMM_OFF,2026-02-27,2,pm,A023,ltb_A023_t001,stb_A023_t002,analysis_A023_t002,decision_A023_t002,,,2026-02-27,2026-02-27,2026-02-27,09:00,2026-02-27,15:29,2026-02-27,pre_close_cutoff,005930,buy,50,"장중 상승 모멘텀과 5 일 이동평균선 지지, AI 수요 확대 등 장기적 성장 동력이 유효하나, 외국인 대규모 매도세와 엔비디아 급락 등 단기적 변동성 리스크가 존재합니다. 현재 미실현 손익이 0 원에 가까워 안전마진이 확보된 상태이므로, 현금 비중을 50% 로 유지하며 분산 투자 원칙에 따라 제한적으로 추가 매수하여 평균 단가를 조정하고 포트폴리오 방어력을 강화합니다.",1,llm_first_response,not_one_share
RN_COMM_OFF,2026-02-27,2,pm,A024,ltb_A024_t001,stb_A024_t002,analysis_A024_t002,decision_A024_t002,,,2026-02-27,2026-02-27,2026-02-27,09:00,2026-02-27,15:29,2026-02-27,pre_close_cutoff,005930,buy,50,"고위험 고수익 선호 성향과 분산투자 원칙에 따라, 엔비디아 급락으로 인한 단기 조정 시 밸류에이션 매력을 포착하기 위해 매수합니다. 기술적 지표상 5 일 및 20 일 이동평균선 위에 위치하여 중장기 상승 추세는 유지되고 있으며, 삼성전기의 목표주가 상향 등 그룹 내 호재가 하방 경직성을 제공할 것으로 판단합니다. 현재 현금 비중이 50% 수준으로 추가 매수 여력이 충분합니다.",1,llm_first_response,not_one_share
RN_COMM_OFF,2026-02-27,2,pm,A022,ltb_A022_t001,stb_A022_t002,analysis_A022_t002,decision_A022_t002,,,2026-02-27,2026-02-27,2026-02-27,09:00,2026-02-27,15:29,2026-02-27,pre_close_cutoff,005930,buy,100,"PER 10 배 초반의 저평가 구간과 AI 슈퍼사이클에 따른 장기 성장성을 근거로 매수합니다. 다만, 외국인 매도세와 엔비디아 변동성 등 단기 리스크가 존재하므로, 분산투자 성향이 낮음에도 불구하고 현금의 50% 제한을 준수하여 100 주 (약 2,165 만 원) 만 제한적으로 추가 매수하여 평균 매수 단가를 낮추고 포트폴리오 비중을 조절합니다.",1,llm_first_response,not_one_share
RN_COMM_OFF,2026-02-27,2,pm,A020,ltb_A020_t001,stb_A020_t002,analysis_A020_t002,decision_A020_t002,,,2026-02-27,2026-02-27,2026-02-27,09:00,2026-02-27,15:29,2026-02-27,pre_close_cutoff,005930,sell,119,"외국인 대규모 매도세와 엔비디아 급락으로 인한 글로벌 반도체 섹터 변동성 확대 우려가 지배적입니다. 현재 종가는 5 일선와 20 일선을 상회하고 있으나, 거래량 급증과 전일 대비 하락으로 고점 부근의 기술적 조정이 불가피해 보입니다. 장기적 AI 슈퍼사이클 기대감은 유지되나, 단기적인 리스크 관리 차원에서 보유 물량의 절반을 매도하여 현금 비중을 높이고 변동성 리스크를 선제적으로 방어합니다.",1,llm_first_response,not_one_share
RN_COMM_OFF,2026-02-27,2,pm,A027,ltb_A027_t001,stb_A027_t002,analysis_A027_t002,decision_A027_t002,,,2026-02-27,2026-02-27,2026-02-27,09:00,2026-02-27,15:29,2026-02-27,pre_close_cutoff,005930,buy,100,"PER 10 배 초반의 저평가 매력과 AI 슈퍼사이클에 따른 실적 개선 기대감이 있으나, 외국인 매도세와 엔비디아 급락 등 외부 변동성 리스크가 공존하는 혼조장입니다. 이전 LTB와 현재 STB 모두 규제 리스크와 변동성을 경고하고 있어, 분산투자 성향과 낮은 과거 성과를 고려해 현금 비중을 높게 유지하면서 소량 (최대 매수 가능 수량의 약 55%) 만 추가 매수하여 평균 단가를 낮추고 추격 매수 리스크를 제한합니다.",1,llm_first_response,not_one_share
RN_COMM_OFF,2026-02-27,2,pm,A026,ltb_A026_t001,stb_A026_t002,analysis_A026_t002,decision_A026_t002,,,2026-02-27,2026-02-27,2026-02-27,09:00,2026-02-27,15:29,2026-02-27,pre_close_cutoff,005930,buy,50,"PER 10 배 초반의 저평가 구간과 AI 슈퍼사이클에 따른 실적 개선 기대감이 장기적 상승 모멘텀을 지지하고 있습니다. 현재 주가는 5 일 이동평균선을 상회하며 중장기 우상향 흐름이 유효하나, 외국인 매도세와 엔비디아 급락 등 단기 변동성 리스크가 존재합니다. 이에 따라 분산투자 원칙과 현금 효율성을 고려하여, 보유 현금의 약 50% 제한 내에서 50 주를 매수하여 평균 단가를 낮추고 포트폴리오 비중을 적정 수준으로 조정합니다.",1,llm_first_response,not_one_share
RN_COMM_OFF,2026-02-27,2,pm,A025,ltb_A025_t001,stb_A025_t002,analysis_A025_t002,decision_A025_t002,,,2026-02-27,2026-02-27,2026-02-27,09:00,2026-02-27,15:29,2026-02-27,pre_close_cutoff,005930,sell,100,"외국인 대규모 매도세와 엔비디아 급락 여파로 인한 단기 변동성 확대 우려가 지배적입니다. 기술적 지표상 상승 추세 유지 중이나 장중 반등 시 매도세가 작용한 점, 그리고 '수익 시 빠른 매도'라는 투자자 성향과 '안정적 자산 선호' 특성을 고려하여, 현재 손익이 제로 상태이더라도 불확실성을 줄이고 현금 비중을 높이는 방어적 매도를 실행합니다.",1,llm_first_response,not_one_share
RN_COMM_OFF,2026-02-27,2,pm,A028,ltb_A028_t001,stb_A028_t002,analysis_A028_t002,decision_A028_t002,,,2026-02-27,2026-02-27,2026-02-27,09:00,2026-02-27,15:29,2026-02-27,pre_close_cutoff,005930,buy,100,"엔비디아 쇼크와 외국인 매도세로 인한 단기 하락 압력이 있으나, 기술적 지지선 (MA5) 부근에서 저가 매수 기회로 판단됩니다. 이전 LTB에서 강조한 반도체 섹터의 자금 유입과 모멘텀 전략에 따라, 악재에 따른 일시적 조정을 매수 기회로 활용하여 평균 매수 단가를 낮추고 포트폴리오 비중을 확대합니다. 고위험 고수익 성향에 따라 현금 여력의 약 50% 수준인 2,165,000,000원 (100주) 을 투입합니다.",1,llm_first_response,not_one_share
RN_COMM_OFF,2026-02-27,2,pm,A030,ltb_A030_t001,stb_A030_t002,analysis_A030_t002,decision_A030_t002,,,2026-02-27,2026-02-27,2026-02-27,09:00,2026-02-27,15:29,2026-02-27,pre_close_cutoff,005930,buy,100,"외국인 매도세와 엔비디아 급락 등 단기 악재로 주가가 일시적으로 조정받았으나, 5일 및 20일 이동평균선을 상회하며 중기 상승 추세는 유지되고 있습니다. 가치투자 관점에서 내재가치 대비 할인받을 가능성이 있으며, AI 수요 확대와 한·영 협력 호재가 하방을 지지합니다. 현재 보유 주식 100주 대비 100주를 추가 매수하여 평균 매수 단가를 낮추고, 분산투자 원칙에 따라 현금 비중을 적절히 유지하며 장기적 관점에서 매수합니다.",1,llm_first_response,not_one_share
RN_COMM_OFF,2026-02-27,2,pm,A029,ltb_A029_t001,stb_A029_t002,analysis_A029_t002,decision_A029_t002,,,2026-02-27,2026-02-27,2026-02-27,09:00,2026-02-27,15:29,2026-02-27,pre_close_cutoff,005930,sell,238,"외국인 16 조 원 규모의 대규모 매도와 엔비디아 급락 등 거시적 악재가 단기 하락 압력으로 작용하고 있으며, 페르소나의 '수익 시 빠른 매도' 성향에 따라 현재 보유 주식 전량을 매도하여 미실현 수익을 확정 짓는 것이 안전합니다. 기술적 지표상 MA5 지지선이 유지되나, 악재의 강도가 높아 추가 조정 가능성을 배제할 수 없으므로 리스크를 회피하는 것이 우선입니다.",1,llm_first_response,not_one_share
RN_COMM_OFF,2026-02-27,2,pm,A031,ltb_A031_t001,stb_A031_t002,analysis_A031_t002,decision_A031_t002,,,2026-02-27,2026-02-27,2026-02-27,09:00,2026-02-27,15:29,2026-02-27,pre_close_cutoff,005930,buy,50,"PER 10 배 초반의 역사적 저평가 구간이라는 가치 투자 원칙과 AI 슈퍼사이클에 따른 장기 성장 동력을 고려하여 매수합니다. 다만, 엔비디아 급락과 외국인 대규모 매도세 등 단기 변동성 리스크가 존재하므로, 현금 비중을 급격히 낮추지 않고 제한적인 수량 (최대 가능 수량의 약 43%) 으로 분산 매수하여 리스크를 관리합니다.",1,llm_first_response,not_one_share
RN_COMM_OFF,2026-02-27,2,pm,A035,ltb_A035_t001,stb_A035_t002,analysis_A035_t002,decision_A035_t002,,,2026-02-27,2026-02-27,2026-02-27,09:00,2026-02-27,15:29,2026-02-27,pre_close_cutoff,005930,buy,133,"중장기 상승 추세 (5 일선, 20 일선 상향) 가 유지되고 있으며, 엔비디아 급락 등 외부 악재로 인한 일시적 조정 구간에서 밸류에이션 재평가 기회를 포착하기 위해 보유 현금의 최대 한도 (133 주) 를 모두 활용하여 매수합니다. 삼성전기의 목표주가 상향 등 내부 호재가 하방 경직성을 제공하고 있어, 단기 변동성에도 불구하고 장기적 관점에서 저가 매수 전략을 실행합니다.",1,llm_first_response,not_one_share
RN_COMM_OFF,2026-02-27,2,pm,A034,ltb_A034_t001,stb_A034_t002,analysis_A034_t002,decision_A034_t002,,,2026-02-27,2026-02-27,2026-02-27,09:00,2026-02-27,15:29,2026-02-27,pre_close_cutoff,005930,buy,100,"PER 10 배 초반의 저평가 구간과 AI 슈퍼사이클에 따른 장기 성장 모멘텀을 신뢰하여 매수합니다. 다만, 엔비디아 급락과 외국인 대규모 매도로 인한 단기 변동성 리스크가 존재하므로, 현금 비중 58% 중 최대 허용 범위(50%) 이내인 2,165 만 원 (100 주) 을 투입하여 평균 매수 단가를 낮추고 리스크를 분산합니다.",1,llm_first_response,not_one_share
RN_COMM_OFF,2026-02-27,2,pm,A032,ltb_A032_t001,stb_A032_t002,analysis_A032_t002,decision_A032_t002,,,2026-02-27,2026-02-27,2026-02-27,09:00,2026-02-27,15:29,2026-02-27,pre_close_cutoff,005930,sell,100,"외국인 16 조 원 매도세와 엔비디아 주가 급락 등 거시적 리스크가 단기 변동성을 확대하고 있으며, 장중 상승 후 종가 하락으로 매도 압력이 확인됨. 가치평가 지표상 P/E 10 배 초반으로 적정 수준이나, 실적 공백기와 외국인 매도세로 인해 내재가치 반영 불확실성이 높음. 수익이 나면 빠르게 매도하는 처분효과 성향과 안정적 자산 선호 특성을 고려하여, 현재 보유 주식 전량을 매도하고 현금으로 전환하여 리스크를 회피함.",1,llm_first_response,not_one_share
RN_COMM_OFF,2026-02-27,2,pm,A036,ltb_A036_t001,stb_A036_t002,analysis_A036_t002,decision_A036_t002,,,2026-02-27,2026-02-27,2026-02-27,09:00,2026-02-27,15:29,2026-02-27,pre_close_cutoff,005930,buy,100,"내재가치 관점에서 현재 주가 (216,500원) 가 저평가 구간으로 판단되며, AI 수요 확대 등 장기 성장 동력은 유지되고 있습니다. 단기적으로는 외국인 매도세와 글로벌 시장 변동성 (엔비디아 급락 등) 이 존재하나, 가치투자 원칙에 따라 조정 시 매수 기회로 삼아 평균 매수 단가 (210,000원) 를 유지하거나 낮추기 위해 제한적으로 추가 매수합니다.",1,llm_first_response,not_one_share
RN_COMM_OFF,2026-02-27,2,pm,A038,ltb_A038_t001,stb_A038_t002,analysis_A038_t002,decision_A038_t002,,,2026-02-27,2026-02-27,2026-02-27,09:00,2026-02-27,15:29,2026-02-27,pre_close_cutoff,005930,sell,100,"외국인 대규모 매도세와 엔비디아 급락 등 거시적 악재로 시장 심리가 위축되어 단기 하락 압력이 강하며, 기술적 돌파 신호도 확인되지 않아 방어적 매도 전략을 선택합니다. 페르소나의 성향인 '수익 시 빠른 매도' 원칙에 따라 현재 미실현 손익이 0원이지만, 추가 손실 위험을 사전에 차단하고 현금화하여 다음 기술적 지지선 확인 시 재진입을 노립니다.",1,llm_first_response,not_one_share
RN_COMM_OFF,2026-02-27,2,pm,A039,ltb_A039_t001,stb_A039_t002,analysis_A039_t002,decision_A039_t002,,,2026-02-27,2026-02-27,2026-02-27,09:00,2026-02-27,15:29,2026-02-27,pre_close_cutoff,005930,buy,1155,"외국인 대량 매도와 엔비디아 급락 등 외부 악재로 주가가 일시적으로 조정받았으나, 삼성전기의 목표주가 상향 등 내부 호재와 기술적 지지선(5일, 20일 이동평균선) 유지로 하방 경직성이 확인되었습니다. 고위험 고수익을 선호하는 투자 성향과 분산투자 성향의 한계(특정 종목 집중)를 고려하여, 조정 시 매수 기회로 판단하고 보유 현금의 최대 한도(250,100,000원) 범위 내에서 전량 매수하여 평균 매수 단가를 낮추고 포지션을 확대합니다.",1,llm_first_response,not_one_share
RN_COMM_OFF,2026-02-27,2,pm,A033,ltb_A033_t001,stb_A033_t002,analysis_A033_t002,decision_A033_t002,,,2026-02-27,2026-02-27,2026-02-27,09:00,2026-02-27,15:29,2026-02-27,pre_close_cutoff,005930,buy,50,"PER 10 배 초반의 저평가 상태와 AI 슈퍼사이클에 따른 실적 호조 기대감이 장기적인 우상향의 근거가 되며, 오늘 종가 하락 (-0.69%) 으로 인한 단기 조정 시점이 저가 매수 기회로 판단됩니다. 이전 LTB 에서 언급된 엔비디아 호실적과 반도체 섹터의 강세 모멘텀이 유지되고 있어, 외국인 매도세 등 단기 변동성을 감안하더라도 가치 투자 관점에서 매수합니다.",1,llm_first_response,not_one_share
RN_COMM_OFF,2026-02-27,2,pm,A040,ltb_A040_t001,stb_A040_t002,analysis_A040_t002,decision_A040_t002,,,2026-02-27,2026-02-27,2026-02-27,09:00,2026-02-27,15:29,2026-02-27,pre_close_cutoff,005930,buy,50,"밸류에이션이 역사적 저점 (PER 10 배) 에 근접하고 AI 슈퍼사이클 등 구조적 호재가 존재하여 장기적 매수 가치가 높다고 판단합니다. 다만, 엔비디아 급락과 외국인 대규모 매도세로 인한 단기 변동성 리스크가 존재하므로, 고위험 고수익 성향임에도 불구하고 현금의 50% 제한 내에서 매수 가능 수량의 약 43% (50 주) 만 제한적으로 매수하여 진입합니다.",1,llm_first_response,not_one_share
RN_COMM_OFF,2026-02-27,2,pm,A037,ltb_A037_t001,stb_A037_t002,analysis_A037_t002,decision_A037_t002,,,2026-02-27,2026-02-27,2026-02-27,09:00,2026-02-27,15:29,2026-02-27,pre_close_cutoff,005930,buy,100,"PER 10 배 초반의 역사적 저점과 AI 반도체 수요 확대라는 장기적 성장 동력이 존재하며, 현재 주가가 5 일 및 20 일 이동평균선 위에 있어 추세 추종 관점에서 저점 매수 기회로 판단됩니다. 다만, 외국인 매도세와 엔비디아 급락 등 단기 변동성 리스크가 공존하므로, 분산투자 성향이 약한 점을 고려하여 보유 현금의 절반 수준인 100 주 (약 2,165 만 원) 만 제한적으로 매수하여 평균 매수 단가를 낮추고 방어선을 확보합니다.",1,llm_first_response,not_one_share
RN_COMM_OFF,2026-02-27,2,pm,A042,ltb_A042_t001,stb_A042_t002,analysis_A042_t002,decision_A042_t002,,,2026-02-27,2026-02-27,2026-02-27,09:00,2026-02-27,15:29,2026-02-27,pre_close_cutoff,005930,sell,100,"고위험 고수익 선호 성향과 처분효과(수익 시 빠른 매도)에 따라 현재 3% 이상의 미실현 수익을 실현합니다. 엔비디아 급락과 외국인 16 조 원 매도세 등 단기 변동성 리스크가 높고, 개인 투자자들의 잔치 분위기와 외국인의 매도 대립으로 주가 방향이 불확실한 혼조 국면이므로, 기술적 지표상 단기 과열 및 분산 매도 압력이 작용하는 시점에 수익을 확정 짓는 것이 타당합니다.",1,llm_first_response,not_one_share
RN_COMM_OFF,2026-02-27,2,pm,A043,ltb_A043_t001,stb_A043_t002,analysis_A043_t002,decision_A043_t002,,,2026-02-27,2026-02-27,2026-02-27,09:00,2026-02-27,15:29,2026-02-27,pre_close_cutoff,005930,buy,1000,"AI 슈퍼사이클과 메모리 수요 '쓰나미'로 인한 중장기 상승 모멘텀이 우세하며, 현재 PER 10 배 초반의 저평가 구간과 5 일선/20 일선 지지 유지로 기술적 매수 신호가 강합니다. 외국인 매도세로 인한 단기 변동성은 존재하나, 고위험 고수익 성향과 분산투자 원칙에 따라 조정 시 분할 매수를 통해 중장기 수익을 확보하는 것이 적절하다고 판단합니다.",1,llm_first_response,not_one_share
RN_COMM_OFF,2026-02-27,2,pm,A047,ltb_A047_t001,stb_A047_t002,analysis_A047_t002,decision_A047_t002,,,2026-02-27,2026-02-27,2026-02-27,09:00,2026-02-27,15:29,2026-02-27,pre_close_cutoff,005930,buy,100,"외국인 매도와 엔비디아 급락 등 외부 악재로 단기 변동성이 크지만, 메모리칩 수급 부족과 AI 수요 확대로 인한 업황 호전 기대감이 내재가치를 지지하고 있습니다. 현재가 (216,500원) 가 5일 이동평균선 (206,200원) 을 상회하며 기술적 지지력이 확인되었고, 가치투자 관점에서 저평가 매수 기회로 판단됩니다. 또한, 투자 원칙에 따라 수익은 장기 보유하는 성향이 있어 단기 등락에 일희일비하지 않고 전략적 매수를 실행합니다.",1,llm_first_response,not_one_share
RN_COMM_OFF,2026-02-27,2,pm,A041,ltb_A041_t001,stb_A041_t002,analysis_A041_t002,decision_A041_t002,,,2026-02-27,2026-02-27,2026-02-27,09:00,2026-02-27,15:29,2026-02-27,pre_close_cutoff,005930,buy,100,"엔비디아 호실적과 AI 슈퍼사이클 기대감, 그리고 10 배 초반의 저평가 PER(밸류에이션) 을 근거로 중장기 상승 모멘텀을 신뢰합니다. 현재가 216,500 원은 5 일 및 20 일 이동평균 위에 위치하여 추세 추종 전략에 부합하며, 전일 대비 소폭 하락한 점은 추가 매수 기회로 판단됩니다. 또한, 개인 투자자들의 매수세가 지속되고 있어 하방 경직성이 존재한다고 봅니다.",1,llm_first_response,not_one_share
RN_COMM_OFF,2026-02-27,2,pm,A044,ltb_A044_t001,stb_A044_t002,analysis_A044_t002,decision_A044_t002,,,2026-02-27,2026-02-27,2026-02-27,09:00,2026-02-27,15:29,2026-02-27,pre_close_cutoff,005930,buy,100,"AI 슈퍼사이클과 메모리 반도체 수요 증가 등 장기적 성장 모멘텀이 유지되고 있으며, PER 10 배 초반의 적정 밸류에이션과 주요 이동평균선 위에 있는 기술적 구조를 고려하여 매수합니다. 다만, 엔비디아 급락과 외국인 매도세 등 단기 변동성 리스크가 존재하므로, 분산투자 성향과 상충되더라도 현금 비중을 유지하며 제한적으로 추가 매수합니다.",1,llm_first_response,not_one_share
RN_COMM_OFF,2026-02-27,2,pm,A048,ltb_A048_t001,stb_A048_t002,analysis_A048_t002,decision_A048_t002,,,2026-02-27,2026-02-27,2026-02-27,09:00,2026-02-27,15:29,2026-02-27,pre_close_cutoff,005930,buy,50,"외국인 매도세와 엔비디아 급락 등 외부 악재로 주가가 일시적으로 눌려 있으나, 기술적 지표상 5일선과 20일선 위에 위치하여 중장기 상승 추세는 유지되고 있습니다. 밸류에이션이 적정 수준으로 판단되며, 보유 현금 여력이 충분하여 리스크를 분산하기 위해 제한적으로 매수합니다.",1,llm_first_response,not_one_share
RN_COMM_OFF,2026-02-27,2,pm,A046,ltb_A046_t001,stb_A046_t002,analysis_A046_t002,decision_A046_t002,,,2026-02-27,2026-02-27,2026-02-27,09:00,2026-02-27,15:29,2026-02-27,pre_close_cutoff,005930,sell,50,"외국인 대규모 매도세 지속과 엔비디아 급락 등 외부 변수로 인한 변동성 확대 우려가 높으며, 기술적 지표상 단기 조정 신호가 확인됩니다. 또한, 현재 보유 수량이 150주로 특정 종목에 집중되어 있어 안정적 자산을 선호하는 투자 성향과 분산투자 원칙에 따라 보유 수량을 일부 축소하여 리스크를 관리해야 합니다.",1,llm_first_response,not_one_share
RN_COMM_OFF,2026-02-27,2,pm,A045,ltb_A045_t001,stb_A045_t002,analysis_A045_t002,decision_A045_t002,,,2026-02-27,2026-02-27,2026-02-27,09:00,2026-02-27,15:29,2026-02-27,pre_close_cutoff,005930,sell,119,"외국인 16 조 원 매도세와 엔비디아 급락으로 인한 글로벌 반도체 섹터 조정 우려가 강하며, 장중 상승 후 종가 하락 (-0.69%) 은 매도 물량 공급 신호로 해석됩니다. 페르소나의 '수익 시 빠른 매도' 성향과 고위험 고수익 선호에 따라, 현재 미실현 수익 구간에서 외국인 매도세에 대응하기 위해 보유 물량의 절반을 차익 실현합니다. AI 슈퍼사이클이라는 장기적 모멘텀은 유지되나, 단기 변동성 확대 리스크를 피하기 위해 방어적 매도를 선택합니다.",1,llm_first_response,not_one_share
RN_COMM_OFF,2026-02-27,2,pm,A050,ltb_A050_t001,stb_A050_t002,analysis_A050_t002,decision_A050_t002,,,2026-02-27,2026-02-27,2026-02-27,09:00,2026-02-27,15:29,2026-02-27,pre_close_cutoff,005930,buy,50,"장중 3.1% 상승 후 종가 -0.69% 하락으로 혼조세를 보였으나, 5 일선 (206,200 원) 을 상회하는 기술적 우세와 1 조 원 자금 유입 기대, 이재용 회장 자산 확대 등 내부 호재가 존재합니다. 고위험 고수익을 선호하는 성향에 따라 외국인 매도세로 인한 단기 조정 구간을 저가 매수 기회로 판단하여, 현금 비중을 줄이고 포지션을 확대합니다.",1,llm_first_response,not_one_share
RN_COMM_OFF,2026-02-27,2,pm,A051,ltb_A051_t001,stb_A051_t002,analysis_A051_t002,decision_A051_t002,,,2026-02-27,2026-02-27,2026-02-27,09:00,2026-02-27,15:29,2026-02-27,pre_close_cutoff,005930,sell,50,"외국인 대량 매도와 엔비디아 급락 등 외부 악재로 단기 하락 압력이 강하고, 기술적 돌파 신호가 명확하지 않아 추세가 꺾일 위험이 감지됩니다. 안정적 자산을 선호하는 성향과 분산투자 원칙에 따라, 불확실성이 높은 단기 하락 구간에서 일부 수익 실현을 통해 현금 비중을 높이고 리스크를 관리합니다.",1,llm_first_response,not_one_share
RN_COMM_OFF,2026-02-27,2,pm,A052,ltb_A052_t001,stb_A052_t002,analysis_A052_t002,decision_A052_t002,,,2026-02-27,2026-02-27,2026-02-27,09:00,2026-02-27,15:29,2026-02-27,pre_close_cutoff,005930,buy,900,"외국인 대규모 매도와 엔비디아 급락 등 외부 악재로 주가가 일시적으로 조정받았으나, MA5(206,200원) 상회 등 기술적 지지선이 유지되고 있어 장기적 관점에서 저가 매수 기회로 판단합니다. 이전 LTB와 현재 STB 모두에서 규제 리스크와 실적 우려를 지적했으나, 내부 호재와 밸류에이션 매력도를 고려해 신중한 매수를 결정합니다. 현금 비중이 높으므로 포트폴리오 재균형을 위해 제한적으로 매수합니다.",1,llm_first_response,not_one_share
RN_COMM_OFF,2026-02-27,2,pm,A049,ltb_A049_t001,stb_A049_t002,analysis_A049_t002,decision_A049_t002,,,2026-02-27,2026-02-27,2026-02-27,09:00,2026-02-27,15:29,2026-02-27,pre_close_cutoff,005930,buy,100,"PER 10 배 초반의 저평가 구간과 MA5, MA20 상향 추세 유지로 장기적 AI 반도체 호황 수혜를 기대하나, 엔비디아 급락 여파와 외국인 대규모 매도세로 인한 단기 변동성 (고소공포증) 이 존재합니다. 기술적 돌파 신호가 명확하지 않으나, 현재 종가 (216,500 원) 가 전일 대비 소폭 하락한 점을 저점 매수 기회로 판단하여, 현금 비중이 높고 보유 수량이 적어 분산 투자 성향을 고려하되 단일 종목 집중 리스크를 감수하고 제한적으로 추가 매수합니다.",1,llm_first_response,not_one_share
RN_COMM_OFF,2026-02-27,2,pm,A053,ltb_A053_t001,stb_A053_t002,analysis_A053_t002,decision_A053_t002,,,2026-02-27,2026-02-27,2026-02-27,09:00,2026-02-27,15:29,2026-02-27,pre_close_cutoff,005930,buy,100,"외국인 대량 매도와 엔비디아 급락 등 외부 악재로 주가가 일시적으로 조정받았으나, 장중 3% 이상 강력한 반등과 5일/20일 이동평균선 상회 등 기술적 지지력이 확인되었습니다. 또한 삼성전기 목표주가 상향과 지배구조 안정성 신호 등 내부 호재가 장기적 성장 모멘텀을 뒷받침하며, 현재 주가는 내재가치 대비 저평가 구간일 가능성이 있어 가치투자 관점에서 추가 매수 기회를 포착합니다.",1,llm_first_response,not_one_share
RN_COMM_OFF,2026-02-27,2,pm,A054,ltb_A054_t001,stb_A054_t002,analysis_A054_t002,decision_A054_t002,,,2026-02-27,2026-02-27,2026-02-27,09:00,2026-02-27,15:29,2026-02-27,pre_close_cutoff,005930,sell,100,"엔비디아 급락과 외국인 대규모 매도세로 인한 단기 조정 압력이 강하며, 장중 상승 후 종가 하락과 거래량 급증은 매도 압력이 우세함을 시사합니다. 기술적 지표상 5일선 상회 등 상승 모멘텀이 있으나, 불확실성이 높은 시점에 수익 보호를 위해 보유 수량의 약 40%를 매도하여 현금 비중을 높이고 리스크를 줄입니다.",1,llm_first_response,not_one_share
RN_COMM_OFF,2026-02-27,2,pm,A057,ltb_A057_t001,stb_A057_t002,analysis_A057_t002,decision_A057_t002,,,2026-02-27,2026-02-27,2026-02-27,09:00,2026-02-27,15:29,2026-02-27,pre_close_cutoff,005930,buy,100,"현재 주가가 PER 10 배 초반으로 역사적 저점 수준에 위치하여 밸류에이션 매력도가 높고, AI 슈퍼사이클과 메모리 반도체 수요 증가라는 구조적 호재가 존재합니다. 다만, 외국인 대규모 매도세와 엔비디아 급락 등 단기 변동성 리스크가 존재하므로, 안정적 자산 선호 성향과 분산투자 원칙에 따라 보유 현금의 약 20% 수준인 100 주 (약 2,165 만 원) 를 제한적으로 매수하여 평균 매수 단가를 낮추고 장기적 관점에서 포지션을 유지합니다.",1,llm_first_response,not_one_share
RN_COMM_OFF,2026-02-27,2,pm,A056,ltb_A056_t001,stb_A056_t002,analysis_A056_t002,decision_A056_t002,,,2026-02-27,2026-02-27,2026-02-27,09:00,2026-02-27,15:29,2026-02-27,pre_close_cutoff,005930,buy,1500,"PER 10 배 초반의 저평가 구간과 AI 슈퍼사이클의 장기적 성장성을 근거로 가치투자 관점에서 매수합니다. 현재 보유 현금 비중이 높고, 평균 단가 대비 미실현손익이 0 원에 가까워 추가 매수를 통한 평균 단가 하향 및 물량 확대가 유리한 상황입니다. 단기 외국인 매도세와 엔비디아 급락 등 변동성 리스크가 존재하나, 5 일선 부근의 지지력을 확인하며 방어적으로 매수합니다.",1,llm_first_response,not_one_share
RN_COMM_OFF,2026-02-27,2,pm,A058,ltb_A058_t001,stb_A058_t002,analysis_A058_t002,decision_A058_t002,,,2026-02-27,2026-02-27,2026-02-27,09:00,2026-02-27,15:29,2026-02-27,pre_close_cutoff,005930,buy,100,"엔비디아 호실적과 AI 슈퍼사이클 등 장기적 상승 모멘텀이 유지되고 있으며, 현재 PER 10 배 초반의 밸류에이션은 매력적입니다. 기술적으로 5 일 이동평균선 위에 위치해 상승 추세가 확인되나, 엔비디아 급락과 외국인 매도세로 인한 단기 변동성 리스크가 존재합니다. 고위험 고수익 기회를 선호하는 성향과 균형 잡힌 처분효과를 고려하여, 현금 비중을 낮추고 추세를 따라 매수하되, 특정 종목 집중 리스크를 관리하기 위해 최대 가능 수량 (133 주) 의 75% 수준인 100 주를 매수합니다.",1,llm_first_response,not_one_share
RN_COMM_OFF,2026-02-27,2,pm,A060,ltb_A060_t001,stb_A060_t002,analysis_A060_t002,decision_A060_t002,,,2026-02-27,2026-02-27,2026-02-27,09:00,2026-02-27,15:29,2026-02-27,pre_close_cutoff,005930,buy,115,"PER 10 배 초반의 역사적 저평가 구간과 AI 슈퍼사이클의 장기적 성장 모멘텀을 근거로 가치 투자 관점에서 매수합니다. 현재 보유 주식의 평균 단가 대비 미실현손익이 0 원으로 방어적 매수 전략이 유효하며, 외국인 매도세로 인한 단기 변동성에도 불구하고 내재가치 재평가 수혜를 기대합니다. 최대 매수 가능 수량인 115 주를 매수하여 현금 비중을 줄이고 포트폴리오를 재편성합니다.",1,llm_first_response,not_one_share
RN_COMM_OFF,2026-02-27,2,pm,A055,ltb_A055_t001,stb_A055_t002,analysis_A055_t002,decision_A055_t002,,,2026-02-27,2026-02-27,2026-02-27,09:00,2026-02-27,15:29,2026-02-27,pre_close_cutoff,005930,buy,100,"PER 10 배 초반의 저평가 구간과 AI 슈퍼사이클 장기적 성장성을 긍정적으로 평가하며, 현재가 (216,500 원) 가 5 일선 (206,200 원) 을 상회하여 기술적 지지력을 보이고 있습니다. 외국인 매도세와 엔비디아 여파로 인한 단기 변동성 리스크가 존재하나, 54 세의 안정적 자산 선호 성향과 처분효과 (손실 시 추가 매수) 에 따라 저가 매수 기회를 포착하여 평균 매수 단가 (210,000 원) 를 낮추고 포트폴리오 비중을 적정 수준으로 조정합니다.",1,llm_first_response,not_one_share
RN_COMM_OFF,2026-02-27,2,pm,A059,ltb_A059_t001,stb_A059_t002,analysis_A059_t002,decision_A059_t002,,,2026-02-27,2026-02-27,2026-02-27,09:00,2026-02-27,15:29,2026-02-27,pre_close_cutoff,005930,sell,119,"외국인 대량 매도와 엔비디아 급락 등 외부 충격으로 단기 변동성이 확대되고 있으며, 현재 주가는 5 일 이동평균선 위에 있으나 전일 대비 하락세로 방향성 불확실성이 높습니다. 기술적 지표상 단기 조정 신호가 포착되었고, 안정적 자산을 선호하는 성향과 수익 실현 후 추가 매수하는 처분효과 경향에 따라 보유 물량의 절반을 매도하여 현금 비중을 확보하고 리스크를 방어합니다.",1,llm_first_response,not_one_share
RN_COMM_OFF,2026-02-27,2,pm,A063,ltb_A063_t001,stb_A063_t002,analysis_A063_t002,decision_A063_t002,,,2026-02-27,2026-02-27,2026-02-27,09:00,2026-02-27,15:29,2026-02-27,pre_close_cutoff,005930,sell,500,"외국인 대량 매도와 엔비디아 급락 등 외부 악재로 단기 하락 압력이 강하며, 기술적 저항선이 높게 형성될 수 있어 추격 매수보다는 리스크를 줄이는 것이 우선입니다. 현재 미실현 수익 구간이나, 변동성 확대와 정보 불완전성(헤드라인 스캔)으로 인해 보유 수량의 절반을 매도하여 현금 비중을 높이고 방어적 포지션을 유지합니다.",1,llm_first_response,not_one_share
RN_COMM_OFF,2026-02-27,2,pm,A062,ltb_A062_t001,stb_A062_t002,analysis_A062_t002,decision_A062_t002,,,2026-02-27,2026-02-27,2026-02-27,09:00,2026-02-27,15:29,2026-02-27,pre_close_cutoff,005930,sell,100,"외국인 매도세와 엔비디아 급락 등 외부 악재로 시장 심리가 불안정하고, 전일 대비 하락과 거래량 증가로 단기 조정 신호가 포착되었습니다. 기술적 돌파 신호가 명확하지 않은 상태에서 헤드라인 스캔만으로는 구체적인 호재의 지속성을 판단하기 어렵습니다. 현재 보유 주식 100주를 전량 매도하여 현금화함으로써 외부 리스크에 노출되는 것을 방지하고, 향후 기술적 지표와 거래량에 따른 명확한 매수 신호를 기다리는 것이 안전합니다.",1,llm_first_response,not_one_share
RN_COMM_OFF,2026-02-27,2,pm,A064,ltb_A064_t001,stb_A064_t002,analysis_A064_t002,decision_A064_t002,,,2026-02-27,2026-02-27,2026-02-27,09:00,2026-02-27,15:29,2026-02-27,pre_close_cutoff,005930,buy,100,"PER 10 배 초반의 역사적 저평가 구간과 AI 반도체 슈퍼사이클 기대감으로 내재가치 대비 매력적인 매수 기회로 판단합니다. 엔비디아 급락 등 단기 변동성 리스크가 존재하나, 장기적 상승 흐름 유지와 저평가 회복 모멘텀을 우선시하여 현금의 50% 한도 내에서 추가 매수합니다.",1,llm_first_response,not_one_share
RN_COMM_OFF,2026-02-27,2,pm,A061,ltb_A061_t001,stb_A061_t002,analysis_A061_t002,decision_A061_t002,,,2026-02-27,2026-02-27,2026-02-27,09:00,2026-02-27,15:29,2026-02-27,pre_close_cutoff,005930,buy,133,"PER 10 배 초반의 역사적 저평가 구간과 AI 반도체 업황 호조로 중장기 내재가치 상승 여력이 큽니다. 단기적으로 엔비디아 급락과 외국인 매도세로 인한 변동성 우려가 있으나, 5 일 이동평균선 상회 등 기술적 지지력이 유지되고 있어 저점 매수 기회로 판단합니다. 현재 보유 현금의 50% 한도 내에서 최대 수량인 133 주를 매수하여 평균 매수 단가를 낮추고 포트폴리오 비중을 조정합니다.",1,llm_first_response,not_one_share
RN_COMM_OFF,2026-02-27,2,pm,A067,ltb_A067_t001,stb_A067_t002,analysis_A067_t002,decision_A067_t002,,,2026-02-27,2026-02-27,2026-02-27,09:00,2026-02-27,15:29,2026-02-27,pre_close_cutoff,005930,buy,100,"AI 슈퍼사이클과 실적 호조로 인한 상승 모멘텀이 지속되고 있으며, PER 10 배 초반의 적정 밸류에이션을 고려하여 매수 기회를 포착합니다. 다만, 엔비디아 급락 등 외부 변동성과 외국인 매도세로 인한 단기 조정 리스크가 존재하므로, 보유 현금의 50% 제한 내에서 제한적으로 매수하여 평균 매수 단가를 낮추고 현금 비중을 조절합니다.",1,llm_first_response,not_one_share
RN_COMM_OFF,2026-02-27,2,pm,A069,ltb_A069_t001,stb_A069_t002,analysis_A069_t002,decision_A069_t002,,,2026-02-27,2026-02-27,2026-02-27,09:00,2026-02-27,15:29,2026-02-27,pre_close_cutoff,005930,buy,173,"AI 수요 확대와 기술적 우위라는 장기적 성장성 (LTB/STB) 이 유지되고 있으며, 외국인 매도세와 엔비디아 급락으로 인한 단기 조정 (STB/Market View) 은 저가 매수 기회로 판단됩니다. 고위험 고수익 선호 성향과 균형 잡힌 손익 판단 능력을 바탕으로, 현재 보유 현금 여력 (7,501 만 원) 을 활용해 최대 매수 가능 수량 (173 주) 전량을 매수하여 단일 종목 집중 투자 전략을 실행합니다.",1,llm_first_response,not_one_share
RN_COMM_OFF,2026-02-27,2,pm,A066,ltb_A066_t001,stb_A066_t002,analysis_A066_t002,decision_A066_t002,,,2026-02-27,2026-02-27,2026-02-27,09:00,2026-02-27,15:29,2026-02-27,pre_close_cutoff,005930,buy,115,"PER 10 배 초반의 저평가 구간과 AI 슈퍼사이클에 따른 장기 성장성을 근거로 매수합니다. 현재 보유 주식 평균 단가 대비 현재가가 낮아진 상태이므로, 추가 매수를 통해 평균 단가를 낮추고 현금 비중을 조정하여 장기 관점에서 포트폴리오 효율을 높입니다. 외국인 매도 등 외부 충격에도 개인 투자자의 매수세와 기술적 지지선(5 일선) 유지가 확인되어 매수 기회를 포착합니다.",1,llm_first_response,not_one_share
RN_COMM_OFF,2026-02-27,2,pm,A070,ltb_A070_t001,stb_A070_t002,analysis_A070_t002,decision_A070_t002,,,2026-02-27,2026-02-27,2026-02-27,09:00,2026-02-27,15:29,2026-02-27,pre_close_cutoff,005930,buy,115,"외국인 매도세로 인한 단기 조정 (216,500원) 이 구조적 AI 수요 호재와 기술적 지지선 (5일선, 20일선) 상회 상황에서 저가 매수 기회로 판단됨. 고위험 고수익 성향과 분산투자 부족으로 인한 집중 투자 성향을 반영하여, 보유 현금의 최대 한도 (25,010,000원) 를 모두 사용하여 물량을 매수함.",1,llm_first_response,not_one_share
RN_COMM_OFF,2026-02-27,2,pm,A065,ltb_A065_t001,stb_A065_t002,analysis_A065_t002,decision_A065_t002,,,2026-02-27,2026-02-27,2026-02-27,09:00,2026-02-27,15:29,2026-02-27,pre_close_cutoff,005930,buy,100,"AI 슈퍼사이클과 저 PER(10 배 초반) 등 장기적 성장성과 밸류에이션 매력은 유지되나, 엔비디아 급락과 외국인 매도세로 인한 단기 변동성 (Short-Term Belief dim_1, dim_4) 이 존재합니다. 이에 따라 기술적 지표상 5 일 이동평균선 부근에서 지지 여부를 확인하기 위해, 현금 비중을 50% 이내로 유지하며 제한적으로 매수 (100 주) 하여 평균 단가를 낮추고 방어적 포지션을 강화합니다.",1,llm_first_response,not_one_share
RN_COMM_OFF,2026-02-27,2,pm,A068,ltb_A068_t001,stb_A068_t002,analysis_A068_t002,decision_A068_t002,,,2026-02-27,2026-02-27,2026-02-27,09:00,2026-02-27,15:29,2026-02-27,pre_close_cutoff,005930,sell,100,"외국인 대규모 매도세와 ASML 리스크로 인한 단기 변동성 확대 우려가 지배적입니다. 현재 보유 주식은 평균가 대비 수익 상태이므로, 기술적 지표상 단기 조정 신호 (거래량 증가, -0.69% 하락) 와 심리적 이견 (개미 매수 vs 외국인 매도) 을 고려하여 처분효과에 따라 수익을 확정적으로 실현합니다. 장기적 AI 호재는 유지되나, 단기 리스크 관리가 우선입니다.",1,llm_first_response,not_one_share
RN_COMM_OFF,2026-02-27,2,pm,A071,ltb_A071_t001,stb_A071_t002,analysis_A071_t002,decision_A071_t002,,,2026-02-27,2026-02-27,2026-02-27,09:00,2026-02-27,15:29,2026-02-27,pre_close_cutoff,005930,sell,500,"AI 슈퍼사이클 등 장기적 성장 동력은 유효하나, 엔비디아 급락 여파와 외국인 대규모 매도세로 인한 단기 조정 압력이 가중되어 시장 심리가 불안정합니다. 또한 현재 주가는 PER 10 배 초반의 적정 수준을 상회하는 '적정~약간 비싼' 구간으로 판단되며, 기술적으로도 과매수 구간에서 변동성이 높습니다. 과거 투자 성과가 낮고 안정성을 선호하는 투자 성향에 비추어, 단기 조정 리스크를 피하고 수익을 확정하며 현금 비중을 높이는 것이 타당합니다.",1,llm_first_response,not_one_share
RN_COMM_OFF,2026-02-27,2,pm,A073,ltb_A073_t001,stb_A073_t002,analysis_A073_t002,decision_A073_t002,,,2026-02-27,2026-02-27,2026-02-27,09:00,2026-02-27,15:29,2026-02-27,pre_close_cutoff,005930,buy,100,"외국인 매도세와 엔비디아 급락 등 외부 악재로 주가가 일시 조정되었으나, 5일 이동평균선 (206,200원) 을 지지하며 기술적 하방이 확보된 상태입니다. 삼성전기 목표가 상향 등 그룹 내 호재와 AI 수요 견조성은 중장기 상승 모멘텀을 뒷받침하므로, 현재 가격대는 분산투자 성향과 현금 비중 (7,900 만 원) 을 고려한 적정 매수 기회로 판단됩니다.",1,llm_first_response,not_one_share
RN_COMM_OFF,2026-02-27,2,pm,A072,ltb_A072_t001,stb_A072_t002,analysis_A072_t002,decision_A072_t002,,,2026-02-27,2026-02-27,2026-02-27,09:00,2026-02-27,15:29,2026-02-27,pre_close_cutoff,005930,buy,182,"PER 10 배 초반의 저평가 매력과 AI 슈퍼사이클 장기 성장성을 근거로 매수합니다. 단기적으로 엔비디아 급락과 외국인 매도세로 인한 변동성 우려가 있으나, 5 일/20 일 이동평균선 위에 있는 기술적 지지력과 개미 투자자의 매수세 지속을 고려하여, 고위험 고수익 선호 성향에 맞춰 보유 현금의 대부분을 활용하여 매수합니다.",1,llm_first_response,not_one_share
RN_COMM_OFF,2026-02-27,2,pm,A074,ltb_A074_t001,stb_A074_t002,analysis_A074_t002,decision_A074_t002,,,2026-02-27,2026-02-27,2026-02-27,09:00,2026-02-27,15:29,2026-02-27,pre_close_cutoff,005930,buy,115,"AI 슈퍼사이클과 메모리 수요 호조라는 구조적 성장 동력이 명확하며, PER 10 배 초반의 저평가 상태와 5 일선/20 일선 상회 등 기술적 상승 추세 유지가 매수 신호로 작용합니다. 외국인 대규모 매도세와 엔비디아 급락 등 외부 변동성 리스크가 존재하나, 고위험 고수익 선호 성향과 손실 시 이성적 손절 원칙에 따라 현재 공시가에 전량 매수하여 포지션을 확대합니다.",1,llm_first_response,not_one_share
RN_COMM_OFF,2026-02-27,2,pm,A078,ltb_A078_t001,stb_A078_t002,analysis_A078_t002,decision_A078_t002,,,2026-02-27,2026-02-27,2026-02-27,09:00,2026-02-27,15:29,2026-02-27,pre_close_cutoff,005930,buy,182,"PER 10 배 초반의 역사적 저평가 구간과 AI 반도체 업황 호전 기대감을 바탕으로 장기적 내재가치 관점에서 매수합니다. 외국인 매도세와 엔비디아 급락 등 단기 변동성 리스크가 존재하나, 61 세 투자자의 성향상 안정적이고 검증된 자산을 저평가 시점에 분산 매수하여 평균 매수 단가를 낮추는 전략을 취합니다. 현재 보유 현금 7,900 만 원으로 최대 매수 가능 수량인 182 주를 전량 매수하여 포트폴리오의 현금 비중을 최소화하고 자산 배분을 완성합니다.",1,llm_first_response,not_one_share
RN_COMM_OFF,2026-02-27,2,pm,A080,ltb_A080_t001,stb_A080_t002,analysis_A080_t002,decision_A080_t002,,,2026-02-27,2026-02-27,2026-02-27,09:00,2026-02-27,15:29,2026-02-27,pre_close_cutoff,005930,sell,100,"외국인 대규모 매도세 (16 조 원) 와 엔비디아 급락 등 글로벌 반도체 섹터의 변동성 전이로 인해 단기 주가 방향이 불확실하며, 고소공포증이 감지되는 상황입니다. 현재 보유 주식 100 주를 매도하여 손익을 확정 짓고, 변동성 확대 시 리스크를 회피하는 것이 안정적 자산을 선호하는 투자 성향과 일치합니다. 특히 내재가치 판단에 필요한 정보가 부족하고 밸류에이션 부담이 커진 상태에서 추가 매수보다는 현금 유동성을 확보하는 것이 우선입니다.",1,llm_first_response,not_one_share
RN_COMM_OFF,2026-02-27,2,pm,A075,ltb_A075_t001,stb_A075_t002,analysis_A075_t002,decision_A075_t002,,,2026-02-27,2026-02-27,2026-02-27,09:00,2026-02-27,15:29,2026-02-27,pre_close_cutoff,005930,sell,50,"외국인 대규모 매도세와 엔비디아 급락 여파로 인한 단기 변동성 확대 우려가 지배적이므로, 미실현 수익 구간에서 일부 수익을 확정하고 현금 비중을 높여 방어 태세를 강화합니다. PER 10 배 초반의 저평가 매력은 존재하나, 실적 공백기와 거시적 불확실성으로 인해 추가 매수보다는 리스크 관리에 중점을 둡니다.",1,llm_first_response,not_one_share
RN_COMM_OFF,2026-02-27,2,pm,A076,ltb_A076_t001,stb_A076_t002,analysis_A076_t002,decision_A076_t002,,,2026-02-27,2026-02-27,2026-02-27,09:00,2026-02-27,15:29,2026-02-27,pre_close_cutoff,005930,buy,100,"AI 반도체 슈퍼사이클과 10 배 초반의 저 PER 로 장기적 밸류에이션 매력은 유지되나, 외국인 매도세와 엔비디아 급락으로 인한 단기 변동성 확대 우려가 존재합니다. 페르소나의 처분효과 (손실 시 추가 매수) 성향과 고위험 선호 특성을 반영하여, 현재가 (216,500 원) 가 5 일 이동평균선 (206,200 원) 을 상회하는 추세 유지 중이므로 조정 시점인 현재를 기회로 판단하여 제한적으로 매수합니다. 현금 비중 58% 를 활용하되, 최대 거래 가능 금액의 절반 (약 2,900 만 원) 이내인 100 주 (약 2,165 만 원) 로 집중도를 조절합니다.",1,llm_first_response,not_one_share
RN_COMM_OFF,2026-02-27,2,pm,A079,ltb_A079_t001,stb_A079_t002,analysis_A079_t002,decision_A079_t002,,,2026-02-27,2026-02-27,2026-02-27,09:00,2026-02-27,15:29,2026-02-27,pre_close_cutoff,005930,buy,100,"PER 10 배 초반의 저평가 구간과 AI 슈퍼사이클의 장기 성장성을 가치투자 관점에서 긍정적으로 평가합니다. 현재 보유 수량 (100 주) 이 적어 포트폴리오 집중도를 적정 수준으로 높일 필요가 있으며, 장중 상승세와 개미 매수세는 지지력을 시사합니다. 다만, 외국인 매도세와 엔비디아 급락 등 외부 리스크가 존재하므로, 초기 현금의 50% 제한 (약 3,950 만 원) 을 준수하여 100 주 (약 2,165 만 원) 를 매수하는 선에서 신중하게 진입합니다.",1,llm_first_response,not_one_share
RN_COMM_OFF,2026-02-27,2,pm,A077,ltb_A077_t001,stb_A077_t002,analysis_A077_t002,decision_A077_t002,,,2026-02-27,2026-02-27,2026-02-27,09:00,2026-02-27,15:29,2026-02-27,pre_close_cutoff,005930,buy,100,"PER 10 배 초반의 저평가 구간과 AI 반도체 수요 확대라는 장기적 성장 동력을 인정하여 매수합니다. 다만, 외국인 매도세와 엔비디아 급락 등 단기 변동성 요인이 존재하므로, 안정적 자산 선호 성향과 분산투자 원칙에 따라 보유 현금의 약 50% 한도 내에서 제한적으로 추가 매수하여 평균 매수 단가를 낮추고 포트폴리오 비중을 조정합니다.",1,llm_first_response,not_one_share
RN_COMM_OFF,2026-02-27,2,pm,A081,ltb_A081_t001,stb_A081_t002,analysis_A081_t002,decision_A081_t002,,,2026-02-27,2026-02-27,2026-02-27,09:00,2026-02-27,15:29,2026-02-27,pre_close_cutoff,005930,buy,100,"PER 10 배 초반의 저평가 구간과 AI 슈퍼사이클 기대감을 바탕으로 가치투자 원칙에 따라 매수합니다. 현재 보유 수량이 적어 분산 투자 및 현금 비중 조정이 필요하며, 엔비디아 급락 등 단기 변동성 요인이 있으나 장기적 내재가치 상승 여력이 있다고 판단합니다.",1,llm_first_response,not_one_share
RN_COMM_OFF,2026-02-27,2,pm,A084,ltb_A084_t001,stb_A084_t002,analysis_A084_t002,decision_A084_t002,,,2026-02-27,2026-02-27,2026-02-27,09:00,2026-02-27,15:29,2026-02-27,pre_close_cutoff,005930,buy,90,"현재 주가 (216,500원) 가 5일 이동평균선 (206,200원) 상위에 위치하며 장중 210,000원대 매수세가 강력하게 지지한 점을 고려합니다. 단기적으로는 외국인 매도와 엔비디아 급락 등 악재가 있으나, 페르소나의 '수익 보유' 원칙과 '저평가 시 매수' 전략에 따라 단기 조정 후 반등 가능성을 노리고 추가 매수합니다. 보유 주식 100주 대비 약 90% 수준으로 집중도를 유지하되, 현금 7,900만 원 중 약 1,950만 원 (약 25%) 만 사용하여 리스크를 분산합니다.",1,llm_first_response,not_one_share
RN_COMM_OFF,2026-02-27,2,pm,A083,ltb_A083_t001,stb_A083_t002,analysis_A083_t002,decision_A083_t002,,,2026-02-27,2026-02-27,2026-02-27,09:00,2026-02-27,15:29,2026-02-27,pre_close_cutoff,005930,buy,100,"PER 10 배 초반의 저평가 구간과 AI 슈퍼사이클에 따른 장기적 성장성을 고려하여 매수 기회를 포착합니다. 다만, 엔비디아 급락과 외국인 대규모 매도세 등 외부 변동성 리스크가 존재하므로, 초기 진입 시점의 안정적 자산 확보를 위해 보유 현금의 약 46% (약 2,165 만 원) 수준인 100 주를 제한적으로 매수합니다.",1,llm_first_response,not_one_share
RN_COMM_OFF,2026-02-27,2,pm,A082,ltb_A082_t001,stb_A082_t002,analysis_A082_t002,decision_A082_t002,,,2026-02-27,2026-02-27,2026-02-27,09:00,2026-02-27,15:29,2026-02-27,pre_close_cutoff,005930,buy,1000,"PER 10 배 초반의 저평가 구간과 AI 슈퍼사이클 장기적 성장성을 신뢰하며, 5 일 이동평균선 지지 유지로 상승 추세 내 조정 매수 기회로 판단합니다. 다만, 외국인 매도세와 엔비디아 급락 여파로 인한 단기 변동성 확대 우려가 있으므로, 보유 현금의 50% 제한을 준수하여 소폭 추가 매수하여 평균 매수 단가를 낮추고 포트폴리오 비중을 적정 수준으로 유지합니다.",1,llm_first_response,not_one_share
RN_COMM_OFF,2026-02-27,2,pm,A088,ltb_A088_t001,stb_A088_t002,analysis_A088_t002,decision_A088_t002,,,2026-02-27,2026-02-27,2026-02-27,09:00,2026-02-27,15:29,2026-02-27,pre_close_cutoff,005930,sell,100,"외국인 대량 매도세, 엔비디아 급락, 메모리칩 수급 불확실성 등 단기 악재가 겹쳐 하락 압력이 강하며, 64 세의 안정적 자산 선호 성향과 과거 낮은 성과 경험을 고려할 때 불확실성 제거 전까지 현금화를 통한 방어적 대응이 필요하다고 판단합니다. 현재 보유 주식은 손익분기점 부근이나, 추가 하락 리스크를 회피하기 위해 전량 매도합니다.",1,llm_first_response,not_one_share
RN_COMM_OFF,2026-02-27,2,pm,A085,ltb_A085_t001,stb_A085_t002,analysis_A085_t002,decision_A085_t002,,,2026-02-27,2026-02-27,2026-02-27,09:00,2026-02-27,15:29,2026-02-27,pre_close_cutoff,005930,buy,100,"외국인 대규모 매도와 엔비디아 급락으로 인한 단기 하락 압력이 있으나, 이재용 회장 자산 규모 확대와 메모리칩 수급 불균형 기대감으로 하방이 제한되는 구조입니다. 가치투자 관점에서 외국인 매도세로 인한 일시적 저평가 구간으로 판단되며, 현재 보유 현금 (7,900 만원) 과 매수 가능 수량 (182 주) 을 고려하여 분산 매수 전략의 일환으로 100 주를 추가 매수합니다.",1,llm_first_response,not_one_share
RN_COMM_OFF,2026-02-27,2,pm,A086,ltb_A086_t001,stb_A086_t002,analysis_A086_t002,decision_A086_t002,,,2026-02-27,2026-02-27,2026-02-27,09:00,2026-02-27,15:29,2026-02-27,pre_close_cutoff,005930,buy,133,"PER 10 배 초반의 저평가 구간과 AI 슈퍼사이클에 따른 장기적 성장 모멘텀을 신뢰하며, 현재 보유 주식의 손익분기점 부근 상태와 현금 비중 58% 를 고려해 제한된 현금 범위 내에서 최대한 매수하여 포트폴리오 비중을 높입니다.",1,llm_first_response,not_one_share
RN_COMM_OFF,2026-02-27,2,pm,A087,ltb_A087_t001,stb_A087_t002,analysis_A087_t002,decision_A087_t002,,,2026-02-27,2026-02-27,2026-02-27,09:00,2026-02-27,15:29,2026-02-27,pre_close_cutoff,005930,sell,1000,"외국인 대규모 매도세와 엔비디아 급락 등 외부 변수로 인한 단기 변동성 확대 우려가 높으며, 기술적 지표가 혼조 신호를 보이고 있어 추격 매수 리스크가 큼. 또한, 본인은 수익이 나면 빠르게 매도하는 처분효과 성향이 강하고, 현재 보유 주식의 미실현손익이 0 원으로 손절매 부담이 없으므로, 단기 조정 국면에서 리스크를 선제적으로 제거하기 위해 전량 매도합니다.",1,llm_first_response,not_one_share
RN_COMM_OFF,2026-02-27,2,pm,A090,ltb_A090_t001,stb_A090_t002,analysis_A090_t002,decision_A090_t002,,,2026-02-27,2026-02-27,2026-02-27,09:00,2026-02-27,15:29,2026-02-27,pre_close_cutoff,005930,sell,100,"외국인 대규모 매도세와 엔비디아 급락 등 거시적 리스크로 인한 단기 조정 우려가 강하며, 기술적 돌파 실패 시 추가 하락 가능성이 있습니다. 또한 현재 보유 주식 비중이 전체 자산의 절반을 차지하여 분산투자 원칙에 위배되므로, 수익이 나지 않더라도 손실 확대를 막기 위해 일부 매도하여 현금 비중을 높이고 리스크를 줄입니다.",1,llm_first_response,not_one_share
RN_COMM_OFF,2026-02-27,2,pm,A091,ltb_A091_t001,stb_A091_t002,analysis_A091_t002,decision_A091_t002,,,2026-02-27,2026-02-27,2026-02-27,09:00,2026-02-27,15:29,2026-02-27,pre_close_cutoff,005930,sell,50,"외국인 대량 매도와 엔비디아 급락 등 외부 악재가 우세하며, 목표주가 상향 등 호재와 악재가 상충되어 방향성이 불확실합니다. 기술적 지표상 상승 추세 유지 중이나, 변동성 확대 우려와 정보의 한계(헤드라인 스캔) 로 인해 불확실성을 줄이기 위해 보유 물량의 일부인 50주를 매도하여 현금 비중을 높이고 리스크를 관리합니다.",1,llm_first_response,not_one_share
RN_COMM_OFF,2026-02-27,2,pm,A089,ltb_A089_t001,stb_A089_t002,analysis_A089_t002,decision_A089_t002,,,2026-02-27,2026-02-27,2026-02-27,09:00,2026-02-27,15:29,2026-02-27,pre_close_cutoff,005930,sell,150,"현재 보유 주식 150주가 평균 매수 단가 대비 수익 상태이며, 페르소나의 '수익 시 빠른 매도' 성향과 '안정적 자산 선호' 특성을 반영하여 수익을 확정합니다. 또한, 엔비디아 급락과 외국인 대규모 매도세로 인한 단기 조정 리스크가 높고, 기술적 지표상 단기 매도 압력이 존재하여 추가 보유보다는 현금을 확보하는 것이 리스크 관리에 유리하다고 판단합니다.",1,llm_first_response,not_one_share
RN_COMM_OFF,2026-02-27,2,pm,A092,ltb_A092_t001,stb_A092_t002,analysis_A092_t002,decision_A092_t002,,,2026-02-27,2026-02-27,2026-02-27,09:00,2026-02-27,15:29,2026-02-27,pre_close_cutoff,005930,sell,50,"외국인의 대규모 매도세와 개인 매수세 간의 수급 양극화로 주가 방향성이 불확실하며, 엔비디아 급락 등 외부 변동성 리스크가 존재합니다. 현재 보유 현금 비중이 50% 로 방어적 포지션을 유지하고 있으나, 특정 종목 집중 리스크를 완화하고 단기 조정 신호에 대비하기 위해 일부 매도하여 현금 비중을 높이는 것이 적절하다고 판단됩니다.",1,llm_first_response,not_one_share
RN_COMM_OFF,2026-02-27,2,pm,A094,ltb_A094_t001,stb_A094_t002,analysis_A094_t002,decision_A094_t002,,,2026-02-27,2026-02-27,2026-02-27,09:00,2026-02-27,15:29,2026-02-27,pre_close_cutoff,005930,buy,115,"이재용 회장 자산 규모 확대 등 내부 호재와 기술적 지지선 (MA5) 상회로 단기 저평가 구간 진입 가능성이 있으나, 외국인 대규모 매도와 엔비디아 급락 등 외부 악재로 변동성이 클 것으로 예상됨. 안정적 자산을 선호하는 성향과 손실 시 추가 매수 경향을 고려하여, 현재 현금 비중 (50%) 을 활용해 평균 단가를 하향 조정하고 방어적 포지션을 강화하기 위해 보유 현금의 최대 한도 (115 주) 로 전량 매수함.",1,llm_first_response,not_one_share
RN_COMM_OFF,2026-02-27,2,pm,A096,ltb_A096_t001,stb_A096_t002,analysis_A096_t002,decision_A096_t002,,,2026-02-27,2026-02-27,2026-02-27,09:00,2026-02-27,15:29,2026-02-27,pre_close_cutoff,005930,sell,100,"외국인의 대규모 매도세와 엔비디아 급락 등 외부 변동성으로 인해 기술적 돌파 신호가 흔들리고 있으며, 고소공포증으로 단기 조정 가능성이 큽니다. 현재 보유 주식은 평균가 대비 손익이 없으나, 불확실성이 높은 상황에서 수익 보전과 손실 방지를 위해 원칙에 따라 전량 손절 매도합니다.",1,llm_first_response,not_one_share
RN_COMM_OFF,2026-02-27,2,pm,A099,ltb_A099_t001,stb_A099_t002,analysis_A099_t002,decision_A099_t002,,,2026-02-27,2026-02-27,2026-02-27,09:00,2026-02-27,15:29,2026-02-27,pre_close_cutoff,005930,buy,10,"PER 10 배 초반의 저평가 구간과 AI 수요 확대에 따른 밸류에이션 회복 기대감을 근거로 매수합니다. 다만, 엔비디아 급락과 외국인 매도세 등 외부 리스크가 존재하여 고위험 고수익 성향에도 불구하고 소량으로 진입하여 변동성을 관리합니다.",1,llm_first_response,not_one_share
RN_COMM_OFF,2026-02-27,2,pm,A098,ltb_A098_t001,stb_A098_t002,analysis_A098_t002,decision_A098_t002,,,2026-02-27,2026-02-27,2026-02-27,09:00,2026-02-27,15:29,2026-02-27,pre_close_cutoff,005930,buy,100,"10 배 초반의 저 PER 와 AI 슈퍼사이클 지속성 등 장기적 저평가 요인이 존재하며, 5 일선 지지 유지 등 기술적 추세는 우세합니다. 고위험 고수익 성향과 손실 시 추가 매수 (처분효과) 경향에 따라, 엔비디아 급락 등 단기 변동성 리스크를 감수하고 현금 비중을 낮추며 포지션을 확대합니다.",1,llm_first_response,not_one_share
RN_COMM_OFF,2026-02-27,2,pm,A093,ltb_A093_t001,stb_A093_t002,analysis_A093_t002,decision_A093_t002,,,2026-02-27,2026-02-27,2026-02-27,09:00,2026-02-27,15:29,2026-02-27,pre_close_cutoff,005930,sell,119,"외국인 대규모 매도세와 엔비디아 급락 여파로 인한 단기 변동성 확대 우려가 지배적입니다. 현재가 216,500원은 고점 부근에서 전일 대비 하락하며 차익 실현 매물이 출회되고 있어, 기술적 지표상 5 일선 지지 여부가 불확실한 상황입니다. 고위험 고수익을 선호하지만, 현재 혼조 국면에서 추가 상승 모멘텀을 확보하기보다는 리스크를 선제적으로 줄이는 것이 타당합니다. 보유 물량의 약 50% 를 매도하여 현금 비중을 높이고, 변동성 확대 시 대응 여력을 확보합니다.",1,llm_first_response,not_one_share
RN_COMM_OFF,2026-02-27,2,pm,A095,ltb_A095_t001,stb_A095_t002,analysis_A095_t002,decision_A095_t002,,,2026-02-27,2026-02-27,2026-02-27,09:00,2026-02-27,15:29,2026-02-27,pre_close_cutoff,005930,sell,100,"외국인 대규모 매도세와 엔비디아 급락 여파로 인한 단기 변동성 확대 우려가 큽니다. 현재 보유 주식 100 주는 평균 매수 단가 대비 미실현 수익 상태이나, 페르소나의 성향인 '수익 시 빠른 매도' 원칙에 따라 현재 시점에서 수익을 확정하고 현금화하는 것이 적절합니다. 기술적 지표상 상승 추세는 유지되나, 거시적 리스크와 외국인 매도세로 인한 조정 가능성이 높으므로 추가 상승분을 노리기보다는 리스크를 회피하는 것이 우선입니다.",1,llm_first_response,not_one_share
RN_COMM_OFF,2026-02-27,2,pm,A097,ltb_A097_t001,stb_A097_t002,analysis_A097_t002,decision_A097_t002,,,2026-02-27,2026-02-27,2026-02-27,09:00,2026-02-27,15:29,2026-02-27,pre_close_cutoff,005930,buy,1000,"엔비디아 실적 호조와 AI 슈퍼사이클 등 장기 상승 모멘텀 (LTB dim_1, STB dim_1) 이 유지되고 있으며, 현재 주가 (216,500 원) 가 5 일 이동평균선 (206,200 원) 상단에서 지지받고 있어 기술적 관점에서 조정 시 매수 기회로 판단합니다. 고위험 고수익 선호 성향에 따라 단기 변동성 (STB dim_1) 을 감수하되, 현금 비중 50% 를 유지하며 분산 원칙을 준수하기 위해 최대 매수 가능 수량의 86% 수준인 1,000 주를 매수합니다.",1,llm_first_response,not_one_share
RN_COMM_OFF,2026-02-27,2,pm,A100,ltb_A100_t001,stb_A100_t002,analysis_A100_t002,decision_A100_t002,,,2026-02-27,2026-02-27,2026-02-27,09:00,2026-02-27,15:29,2026-02-27,pre_close_cutoff,005930,buy,182,"PER 10 배 초반의 저평가 상태와 AI 슈퍼사이클에 따른 실적 호조 기대감이 장기 가치투자 관점에서 매력적이므로, 보유 현금의 최대 한도 범위 내에서 추가 매수합니다. 엔비디아 급락 등 단기 변동성 리스크가 존재하나, 82 세 투자자의 성향상 안정적이고 검증된 자산을 선호하며, 현재 포트폴리오의 현금 비중이 높아 분산 부족 리스크를 줄이기 위해 단일 종목에 집중 투자하는 전략을 유지합니다.",1,llm_first_response,not_one_share
RN_COMM_OFF,2026-03-03,3,am,A004,ltb_A004_t002,stb_A004_t003,analysis_A004_t003,decision_A004_t003,,,2026-03-03,2026-02-27,2026-02-27,15:30,2026-03-03,08:59,2026-03-03,pre_close_cutoff,005930,buy,40,"현재가 (209,500 원) 가 5 일 이동평균선 (206,200 원) 을 상회하며 기술적 지지 구간에서 거래량이 급증한 점은 단기 반등 신호로 판단됩니다. 또한 PER 10 배 초반의 역사적 저점과 AI 슈퍼사이클 호재가 하방을 지지할 것으로 보아, 전일 손실 시 추가 매수하는 처분효과 전략에 따라 제한적으로 매수합니다.",1,llm_first_response,not_one_share
RN_COMM_OFF,2026-03-03,3,am,A005,ltb_A005_t002,stb_A005_t003,analysis_A005_t003,decision_A005_t003,,,2026-03-03,2026-02-27,2026-02-27,15:30,2026-03-03,08:59,2026-03-03,pre_close_cutoff,005930,buy,86,"장기적 관점에서 AI 슈퍼사이클과 메모리 수요 증가, PER 10 배 초반의 저평가 상태 (Previous LTB) 가 유효하며, 단기 시장 하락세 (-3.2%) 로 인해 주가가 추가 조정받으며 매수 기회가 마련됨 (Current STB, Market View). 현재 보유 현금으로 최대 매수 가능 수량인 86 주를 전량 매수하여 평균 매수 단가를 낮추고, 장기 성장 동력에 대한 확신을 바탕으로 조정 국면을 활용하여 포지션을 강화함.",1,llm_first_response,not_one_share
RN_COMM_OFF,2026-03-03,3,am,A001,ltb_A001_t002,stb_A001_t003,analysis_A001_t003,decision_A001_t003,,,2026-03-03,2026-02-27,2026-02-27,15:30,2026-03-03,08:59,2026-03-03,pre_close_cutoff,005930,buy,120,"장기적 AI 수요와 메모리 반도체 슈퍼사이클, PER 10 배 초반의 저평가 매력 (previous_ltb dim_2, dim_5) 을 근거로 매수 기회를 포착함. 단기적으로 코스피 하락세와 외국인 매도세로 인한 불확실성 (current_stb dim_1, dim_4) 이 존재하나, 20 일 이동평균선 상회 등 장기 상승 흐름 유지 (market ma20) 를 확인하여 신중한 분할 매수로 진입함.",1,llm_first_response,not_one_share
RN_COMM_OFF,2026-03-03,3,am,A006,ltb_A006_t002,stb_A006_t003,analysis_A006_t003,decision_A006_t003,,,2026-03-03,2026-02-27,2026-02-27,15:30,2026-03-03,08:59,2026-03-03,pre_close_cutoff,005930,buy,50,"현재 주가 (209,500 원) 가 5 일 이동평균선 (206,200 원) 부근에서 지지받고 있으며, 밸류에이션 (PER 10 배 초반) 이 적정 수준으로 판단됩니다. 페르소나의 성향인 '손실 시 추가 매수'와 장기적 AI 수요 호재를 고려하여, 하락세에서의 매수 기회를 포착하고자 합니다. 다만, 특정 종목 집중 리스크와 변동성 확대 우려로 인해 전량 매수하지 않고 현금의 일부 (약 10%) 만을 투입합니다.",1,llm_first_response,not_one_share
RN_COMM_OFF,2026-03-03,3,am,A002,ltb_A002_t002,stb_A002_t003,analysis_A002_t003,decision_A002_t003,,,2026-03-03,2026-02-27,2026-02-27,15:30,2026-03-03,08:59,2026-03-03,pre_close_cutoff,005930,buy,100,"메모리 공급난과 갤럭시버즈4 출시 등 긍정적 업황과 기술적 지지선 (MA5) 부근의 가격 형성을 고려하여, 가치평가와 성장성을 기반으로 추가 매수합니다. 현재 미실현 손익이 발생했으나 페르소나의 성향인 '손실 시 이성적 손절' 원칙보다는 저평가 구간에서의 평균 단가 하향 전략을 우선시합니다.",1,llm_first_response,not_one_share
RN_COMM_OFF,2026-03-03,3,am,A008,ltb_A008_t002,stb_A008_t003,analysis_A008_t003,decision_A008_t003,,,2026-03-03,2026-02-27,2026-02-27,15:30,2026-03-03,08:59,2026-03-03,pre_close_cutoff,005930,buy,100,"이전 장기 신념에서 예측한 엔비디아 급락과 외국인 매도세에 따른 단기 조정 (-3.23%) 이 현실화되어, PER 10 배 초반의 저평가 구간에서 매수 기회가 마련되었습니다. 신제품 호재와 기술적 지지선(5 일선) 유지 가능성을 고려하여, 고위험 고수익 성향에 따라 조정 시 매수 기회를 포착합니다. 다만, 현금 비중이 높지 않아 전량 매수보다는 포트폴리오 분산을 위해 제한적으로 매수합니다.",1,llm_first_response,not_one_share
RN_COMM_OFF,2026-03-03,3,am,A003,ltb_A003_t002,stb_A003_t003,analysis_A003_t003,decision_A003_t003,,,2026-03-03,2026-02-27,2026-02-27,15:30,2026-03-03,08:59,2026-03-03,pre_close_cutoff,005930,buy,59,"PER 10 배 초반의 역사적 저평가 구간 진입과 AI 슈퍼사이클에 따른 중장기 상승 흐름 유지 판단에 따라, 전일 대비 하락한 공시가 (209,500 원) 를 저가 매수 기회로 활용합니다. 보유 현금의 50% 한도 (12,561,250 원) 내에서 최대 수량인 59 주를 매수하여 평균 매수 단가를 낮추고 포트폴리오 내재가치를 강화합니다.",1,llm_first_response,not_one_share
RN_COMM_OFF,2026-03-03,3,am,A007,ltb_A007_t002,stb_A007_t003,analysis_A007_t003,decision_A007_t003,,,2026-03-03,2026-02-27,2026-02-27,15:30,2026-03-03,08:59,2026-03-03,pre_close_cutoff,005930,buy,50,"PER 10 배 초반의 역사적 저평가 구간과 AI 슈퍼사이클 장기 성장 동력 (LTB dim_2, dim_3) 을 바탕으로, 단기 외국인 매도세로 인한 하락 (STB dim_1, dim_4) 을 저가 매수 기회로 판단하여 매수합니다. 현재 보유 200 주 대비 25% 수준인 50 주를 추가 매수하여 단일 종목 집중 리스크를 완화하고, 현금 5,735 만 원 중 약 1,047 만 원 (약 18%) 만 사용하여 리스크를 제한적으로 관리합니다.",1,llm_first_response,not_one_share
RN_COMM_OFF,2026-03-03,3,am,A009,ltb_A009_t002,stb_A009_t003,analysis_A009_t003,decision_A009_t003,,,2026-03-03,2026-02-27,2026-02-27,15:30,2026-03-03,08:59,2026-03-03,pre_close_cutoff,005930,sell,50,"코스피 하락세와 지갑 닫힘 현상으로 인한 단기 하락 압력이 존재하며, 뉴스 헤드라인의 호재와 악재가 상충되어 방향성을 잡기 어렵습니다. 현재 미실현 손익 상태이므로, 기술적 지표상 5 일 이동평균선 지지 여부와 거래량 증가로 인한 변동성 확대를 고려하여, 손절 원칙에 따라 일부 포지션을 정리하고 현금 유동성을 확보하는 것이 적절합니다.",1,llm_first_response,not_one_share
RN_COMM_OFF,2026-03-03,3,am,A010,ltb_A010_t002,stb_A010_t003,analysis_A010_t003,decision_A010_t003,,,2026-03-03,2026-02-27,2026-02-27,15:30,2026-03-03,08:59,2026-03-03,pre_close_cutoff,005930,buy,100,"PER 10 배 초반의 역사적 저평가 구간 (previous_ltb dim_2) 에 진입하여 밸류에이션 매력은 높으나, 엔비디아 급락과 외국인 매도세로 인한 단기 변동성 (previous_ltb dim_4, current_stb dim_1) 이 존재합니다. 이에 따라 분산투자 성향과 현금 비중 (57%) 을 고려하여, 최대 매수 가능량 (136 주) 의 70% 수준인 100 주를 매수하여 평균 단가를 하향 조정하고 AI 슈퍼사이클에 대한 중기적 기회를 포착합니다.",1,llm_first_response,not_one_share
RN_COMM_OFF,2026-03-03,3,am,A011,ltb_A011_t002,stb_A011_t003,analysis_A011_t003,decision_A011_t003,,,2026-03-03,2026-02-27,2026-02-27,15:30,2026-03-03,08:59,2026-03-03,pre_close_cutoff,005930,buy,59,"AI 슈퍼사이클과 메모리 수요 호조라는 중장기적 모멘텀이 유지되고 있으며, 현재 주가는 PER 10 배 초반의 역사적 저평가 구간으로 평가됩니다. 고위험 고수익 기회를 선호하는 투자 성향에 따라, 단기 외국인 매도세와 코스피 하락세로 인한 조정 국면이 매수 기회로 작용할 것으로 판단하여, 보유 현금의 최대 한도 (59 주) 를 모두 활용하여 매수합니다.",1,llm_first_response,not_one_share
RN_COMM_OFF,2026-03-03,3,am,A012,ltb_A012_t002,stb_A012_t003,analysis_A012_t003,decision_A012_t003,,,2026-03-03,2026-02-27,2026-02-27,15:30,2026-03-03,08:59,2026-03-03,pre_close_cutoff,005930,buy,10,"전일 3% 상승 후 하락세로 출발했으나, 5 일 이동평균선 (206,200 원) 을 상회하는 209,500 원에서 거래가 개시되어 기술적 지지선이 유지되고 있습니다. 갤럭시 버즈 4 출시 등 내부 호재와 반도체 클러스터 기대감이 존재하며, 거래량이 전일 대비 72% 증가하여 하락 시 매수 세력이 유입되고 있는 점에 주목합니다. 현재 현금 비중이 높아 (8,800 만원) 저가 매수 전략을 통해 평균 매수 단가를 낮추고, 손실 시 추가 매수하는 성향을 반영하여 제한적으로 매수합니다.",1,llm_first_response,not_one_share
RN_COMM_OFF,2026-03-03,3,am,A014,ltb_A014_t002,stb_A014_t003,analysis_A014_t003,decision_A014_t003,,,2026-03-03,2026-02-27,2026-02-27,15:30,2026-03-03,08:59,2026-03-03,pre_close_cutoff,005930,sell,188,"외국인 대규모 매도세와 엔비디아 리스크로 인한 글로벌 반도체 섹터 약세가 지속되고 있으며, 기술적 지표상 거래량 급증과 변동성 확대가 확인되어 단기 조정 압력이 높습니다. 보유 주식의 평균 매수 단가 대비 미실현 손익이 마이너스 상태이나, 안정적 자산을 선호하는 성향과 손절 원칙에 따라 불확실성이 높은 현재 시점에서 전량 매도하여 손실을 확정 짓고 현금화하는 것이 리스크 관리에 유리합니다.",1,llm_first_response,not_one_share
RN_COMM_OFF,2026-03-03,3,am,A013,ltb_A013_t002,stb_A013_t003,analysis_A013_t003,decision_A013_t003,,,2026-03-03,2026-02-27,2026-02-27,15:30,2026-03-03,08:59,2026-03-03,pre_close_cutoff,005930,buy,100,"PER 10 배 초반의 저평가 구간과 갤럭시 버즈 4 출시 등 제품 호재가 하단을 지지할 것으로 판단되어 매수 기회를 포착합니다. 기술적 돌파 신호가 불분명하고 외국인 매도세 등 악재가 공존하나, 고위험 고수익 선호 성향과 처분효과 (손실 시 추가 매수) 에 따라 현재 가격대에서 분할 매수를 통해 평균 단가를 낮추고 변동성 내 기회를 노립니다.",1,llm_first_response,not_one_share
RN_COMM_OFF,2026-03-03,3,am,A016,ltb_A016_t002,stb_A016_t003,analysis_A016_t003,decision_A016_t003,,,2026-03-03,2026-02-27,2026-02-27,15:30,2026-03-03,08:59,2026-03-03,pre_close_cutoff,005930,buy,60,"현재 주가 209,500원은 6,000 피 수준으로 밸류에이션 측면에서 저평가 구간일 가능성이 높으며, 갤럭시버즈4 출시와 반도체 클러스터 조성 등 긍정적 호재가 존재합니다. 중기 상승 추세 (5일선, 20일선 상단) 가 유지되고 있어, 변동성 확대 시 추가 정보 확인 없이 진입할 위험을 감수하더라도 장기적 관점에서 매수 기회를 포착합니다. 보유 현금의 약 50% 한도 내에서 분산 투자 원칙을 준수하며 매수합니다.",1,llm_first_response,not_one_share
RN_COMM_OFF,2026-03-03,3,am,A015,ltb_A015_t002,stb_A015_t003,analysis_A015_t003,decision_A015_t003,,,2026-03-03,2026-02-27,2026-02-27,15:30,2026-03-03,08:59,2026-03-03,pre_close_cutoff,005930,buy,50,"AI 슈퍼사이클과 갤럭시 버즈4 출시 등 제품 호조로 하방이 제한적이며, 현재 주가는 PER 10 배 초반으로 밸류에이션이 적정 수준입니다. 외국인 매도세로 인한 단기 하락 압력이 있으나, 이는 시장 전체의 조정 흐름에 연동된 것으로 보이며 개인 투자자의 매수 열기가 하방을 지지하고 있어 장기 투자 관점에서 제한적으로 추가 매수합니다.",1,llm_first_response,not_one_share
RN_COMM_OFF,2026-03-03,3,am,A021,ltb_A021_t002,stb_A021_t003,analysis_A021_t003,decision_A021_t003,,,2026-03-03,2026-02-27,2026-02-27,15:30,2026-03-03,08:59,2026-03-03,pre_close_cutoff,005930,sell,100,"시장 전체의 하락세와 반도체 섹터 동반 하락, 외국인 매도세 지속 등 단기적 하락 모멘텀이 강하며, 기술적 돌파 신호가 명확하지 않아 수익 실현을 통해 리스크를 줄이는 것이 타당합니다. 현재 보유 200 주 중 절반인 100 주를 매도하여 현금 비중을 높이고 변동성 확대에 대비합니다.",1,llm_first_response,not_one_share
RN_COMM_OFF,2026-03-03,3,am,A019,ltb_A019_t002,stb_A019_t003,analysis_A019_t003,decision_A019_t003,,,2026-03-03,2026-02-27,2026-02-27,15:30,2026-03-03,08:59,2026-03-03,pre_close_cutoff,005930,buy,100,"PER 10 배 초반의 저평가 구간 유지와 AI 인프라 수요 견조함으로 현재 가격 (209,500 원) 은 장기적 관점에서 매력적이나, 외국인 대량 매도와 엔비디아 악재로 인한 단기 변동성 리스크가 존재합니다. 페르소나의 '손실 시 추가 매수' 전략에 따라 미실현 손익 상태인 보유 물량을 평균 단가 하향 조정 (Cut Loss) 하기 위해, 보유 현금의 약 35% 수준인 100 주를 매수합니다.",1,llm_first_response,not_one_share
RN_COMM_OFF,2026-03-03,3,am,A018,ltb_A018_t002,stb_A018_t003,analysis_A018_t003,decision_A018_t003,,,2026-03-03,2026-02-27,2026-02-27,15:30,2026-03-03,08:59,2026-03-03,pre_close_cutoff,005930,buy,100,"코스피와 반도체 섹터의 동반 하락 (-1.0%) 으로 인해 단기적인 매도 압력이 존재하나, '램마겟돈'과 'AI' 테마가 중장기적 상승 모멘텀으로 작용할 것으로 판단됩니다. 현재가 (209,500원) 가 5일 이동평균선 (206,200원) 을 상회하며 단기 지지력을 유지하고 있어, 고위험 고수익 선호 성향에 따라 하락 시 추가 매수 (처분효과) 를 통해 평균 매수 단가를 낮추고 포지션을 확대하는 것이 적절하다고 봅니다. 특히 현금 비중이 높아 (약 71%) 추가 매수 여력이 충분하며, 기술적 돌파 신호를 기다리기보다 현재 수준에서 분산 매수하여 진입합니다.",1,llm_first_response,not_one_share
RN_COMM_OFF,2026-03-03,3,am,A017,ltb_A017_t002,stb_A017_t003,analysis_A017_t003,decision_A017_t003,,,2026-03-03,2026-02-27,2026-02-27,15:30,2026-03-03,08:59,2026-03-03,pre_close_cutoff,005930,buy,50,"장기적 AI 슈퍼사이클 기대감과 밸류에이션 적정성 (PER 10 배 초반) 을 유지하나, 단기 외국인 매도세와 엔비디아 급락으로 인한 섹터 조정 우려가 존재합니다. 현재가 (209,500 원) 가 5 일 이동평균선 (206,200 원) 을 상회하며 단기 지지력을 보이고 있어, 하락 시 방어적 매수 기회로 판단하여 제한적으로 추가 매수합니다.",1,llm_first_response,not_one_share
RN_COMM_OFF,2026-03-03,3,am,A023,ltb_A023_t002,stb_A023_t003,analysis_A023_t003,decision_A023_t003,,,2026-03-03,2026-02-27,2026-02-27,15:30,2026-03-03,08:59,2026-03-03,pre_close_cutoff,005930,buy,40,"현재 주가 (209,500원) 가 5일 이동평균선 (206,200원) 을 상회하며 기술적 지지 구간에서 거래되고 있어, 단기 조정 후 반등 시 매수 기회로 판단합니다. 메모리칩 부족과 갤럭시버즈4 출시 등 업황 개선 신호가 있으나, 코스피 하락세와 외국인 매도세 등 거시적 악재가 공존하여 방향성은 불확실합니다. 따라서 분산투자 성향의 한계를 보완하기 위해 보유 현금의 일부 (약 10%) 만을 사용하여 제한적으로 매수합니다.",1,llm_first_response,not_one_share
RN_COMM_OFF,2026-03-03,3,am,A024,ltb_A024_t002,stb_A024_t003,analysis_A024_t003,decision_A024_t003,,,2026-03-03,2026-02-27,2026-02-27,15:30,2026-03-03,08:59,2026-03-03,pre_close_cutoff,005930,buy,50,"코스피 전체 하락세와 엔비디아 급락 등 외부 충격으로 주가가 209,500 원까지 하락했으나, 5 일 이동평균선 (206,200 원) 을 지지하며 거래량이 급증 (72%↑) 하여 저가 매수세가 유입된 기술적 반등 신호로 판단합니다. '램마겟돈'과 'AI' 키워드가 부각된 뉴스 헤드라인과 반도체 업황 호조 기대감을 바탕으로, 고위험 고수익 기회를 선호하는 투자 성향에 따라 현재 가격대에서 제한적으로 추가 매수하여 평균 매수 단가를 낮추고 방어선을 강화합니다.",1,llm_first_response,not_one_share
RN_COMM_OFF,2026-03-03,3,am,A022,ltb_A022_t002,stb_A022_t003,analysis_A022_t003,decision_A022_t003,,,2026-03-03,2026-02-27,2026-02-27,15:30,2026-03-03,08:59,2026-03-03,pre_close_cutoff,005930,buy,60,"장기적 관점에서 PER 10 배 초반의 저평가 구간 (previous_ltb dim_2) 이며 AI 슈퍼사이클과 메모리 수요 증가라는 성장 동력이 유지되고 있어 단기 조정 (current_stb dim_2) 을 매수 기회로 판단합니다. 현재 주가는 5 일 이동평균선 상회 중이나 시장 전체의 하락세와 외국인 매도세 등 단기 변동성 (previous_ltb dim_5, current_stb dim_1) 이 존재하므로, 분산투자 원칙에 따라 보유 현금의 약 20% 수준인 60 주를 제한적으로 매수하여 평균 단가를 낮추고 비중을 조절합니다.",1,llm_first_response,not_one_share
RN_COMM_OFF,2026-03-03,3,am,A025,ltb_A025_t002,stb_A025_t003,analysis_A025_t003,decision_A025_t003,,,2026-03-03,2026-02-27,2026-02-27,15:30,2026-03-03,08:59,2026-03-03,pre_close_cutoff,005930,buy,100,"현재가 (209,500 원) 가 5 일 이동평균선 (206,200 원) 을 상회하며 기술적 지지 구간을 형성하고 있어, 밸류에이션 (PER 10 배 초반) 이 매력적이라는 판단 하에 추가 매수합니다. 페르소나의 처분효과 성향 (손실 시 추가 매수) 과 기술적 돌파 신호를 기다리는 전략에 부합하며, 초고수들의 관심에서 소외된 점은 단기 변동성을 의미하지만 장기적 AI 슈퍼사이클 관점에서 저가 매수 기회로 판단합니다.",1,llm_first_response,not_one_share
RN_COMM_OFF,2026-03-03,3,am,A026,ltb_A026_t002,stb_A026_t003,analysis_A026_t003,decision_A026_t003,,,2026-03-03,2026-02-27,2026-02-27,15:30,2026-03-03,08:59,2026-03-03,pre_close_cutoff,005930,buy,46,"장기적 AI 슈퍼사이클과 메모리 수요 증가 모멘텀은 유지되나, 엔비디아 급락과 외국인 매도세로 인한 단기 하락세와 시장 심리 위축이 발생했습니다. 현재 주가는 시장 전체 하락 흐름에 연동되어 일시적 저평가 구간으로 판단되며, 장기 성장 동력이 하방을 지지할 것으로 보입니다. 따라서 단기 조정 시 매수 기회를 활용하여 평균 매수 단가를 낮추고 포트폴리오를 재조정합니다.",1,llm_first_response,not_one_share
RN_COMM_OFF,2026-03-03,3,am,A027,ltb_A027_t002,stb_A027_t003,analysis_A027_t003,decision_A027_t003,,,2026-03-03,2026-02-27,2026-02-27,15:30,2026-03-03,08:59,2026-03-03,pre_close_cutoff,005930,buy,50,"PER 10 배 초반의 저평가 상태와 갤럭시 버즈4 출시 등 제품 호재로 장기적 밸류에이션 매력은 유지되나, 단기적으로는 외국인 매도세와 엔비디아 여파로 인한 하락 압력이 존재합니다. 현재 보유 주식 200 주에 비해 현금 비중이 높으므로, 기술적 조정 구간에서 평균 매수 단가를 낮추기 위해 제한적으로 추가 매수합니다.",1,llm_first_response,not_one_share
RN_COMM_OFF,2026-03-03,3,am,A020,ltb_A020_t002,stb_A020_t003,analysis_A020_t003,decision_A020_t003,,,2026-03-03,2026-02-27,2026-02-27,15:30,2026-03-03,08:59,2026-03-03,pre_close_cutoff,005930,sell,50,"전일 3.2% 급락과 외국인 16 조 원 매도세, 엔비디아 급락 여파로 단기 하락 압력이 우세하며, 기술적 지표상 5 일선 이탈 위험이 존재합니다. 고위험 고수익 성향이지만 과거 낮은 성과 경험과 현재 미실현손익이 미미한 점을 고려하여, 변동성 확대 시점에 방어적 매도를 통해 현금 비중을 확보하고 추가 하락 리스크를 관리합니다.",1,llm_first_response,not_one_share
RN_COMM_OFF,2026-03-03,3,am,A028,ltb_A028_t002,stb_A028_t003,analysis_A028_t003,decision_A028_t003,,,2026-03-03,2026-02-27,2026-02-27,15:30,2026-03-03,08:59,2026-03-03,pre_close_cutoff,005930,buy,67,"이전 LTB에서 확인한 238 주 매수 원칙과 기술적 지표상 5 일 이동평균선(206,200 원) 지지, 그리고 메모리 수급 불균형 등 구조적 호재를 근거로 하락장 내 저가 매수 기회를 포착합니다. 현재 주가(209,500 원) 가 전일 대비 하락하여 평균 매수 단가(211,923 원) 를 하향 조정할 수 있는 적정 구간이며, 보유 현금 여력이 충분하므로 고위험 고수익 성향에 따라 최대 매수 가능 수량인 67 주를 전량 매수하여 모멘텀 회복 시 수익을 극대화합니다.",1,llm_first_response,not_one_share
RN_COMM_OFF,2026-03-03,3,am,A031,ltb_A031_t002,stb_A031_t003,analysis_A031_t003,decision_A031_t003,,,2026-03-03,2026-02-27,2026-02-27,15:30,2026-03-03,08:59,2026-03-03,pre_close_cutoff,005930,buy,46,"PER 10 배 초반의 역사적 저평가 구간이 시장 하락세로 인해 일시적으로 재방문될 가능성이 있으며, AI 슈퍼사이클과 메모리 수요 호조라는 장기적 성장 동력이 유효합니다. 현재 보유 현금의 약 50% 수준인 46 주 (약 960 만 원) 를 매수하여 평균 매수 단가를 낮추고, 분산투자 원칙 하에 포트폴리오의 방어력을 강화합니다.",1,llm_first_response,not_one_share
RN_COMM_OFF,2026-03-03,3,am,A030,ltb_A030_t002,stb_A030_t003,analysis_A030_t003,decision_A030_t003,,,2026-03-03,2026-02-27,2026-02-27,15:30,2026-03-03,08:59,2026-03-03,pre_close_cutoff,005930,buy,50,"전일 대비 3.2% 하락하며 MA5(206,200원) 부근에서 기술적 지지선을 유지하고 있어, 내재가치 대비 일시적 할인 구간으로 판단됩니다. 정부의 반도체 클러스터 지원 및 메모리 공급난 해소 기대감 등 장기적 호재와 외부 악재가 상충하는 상황에서, 안정적 자산을 선호하는 가치투자 원칙에 따라 하락분을 활용한 저가 매수 기회를 포착합니다. 보유 현금 여력이 충분하므로 포트폴리오 분산 원칙 하에 제한적으로 매수합니다.",1,llm_first_response,not_one_share
RN_COMM_OFF,2026-03-03,3,am,A029,ltb_A029_t002,stb_A029_t003,analysis_A029_t003,decision_A029_t003,,,2026-03-03,2026-02-27,2026-02-27,15:30,2026-03-03,08:59,2026-03-03,pre_close_cutoff,005930,buy,242,"전일 대비 3.2% 하락으로 기술적 저가 매수 구간 (5일선 상회) 에 진입했으며, 메모리 공급난과 AI 테마 등 개별 호재가 하락세를 방어할 것으로 판단됩니다. 고위험 고수익 선호 성향과 현금 비중 100% 상태이므로, 최대 매수 가능 수량인 242 주를 전량 매수하여 저가 매수 기회를 선점합니다.",1,llm_first_response,not_one_share
RN_COMM_OFF,2026-03-03,3,am,A032,ltb_A032_t002,stb_A032_t003,analysis_A032_t003,decision_A032_t003,,,2026-03-03,2026-02-27,2026-02-27,15:30,2026-03-03,08:59,2026-03-03,pre_close_cutoff,005930,buy,120,"전일 대비 3.2% 하락한 조정 국면에서 5 일 이동평균선 부근의 지지력을 확인하였으며, AI 슈퍼사이클과 메모리 반도체 수요 증가라는 중장기적 성장 동력이 유지되고 있어 단기 변동성을 활용한 진입이 적절하다고 판단합니다. 초기 진입이므로 분산 투자 원칙에 따라 최대 매수 가능 금액의 약 25% 수준인 120 주 (약 2,514 만 원) 로 제한적으로 매수합니다.",1,llm_first_response,not_one_share
RN_COMM_OFF,2026-03-03,3,am,A033,ltb_A033_t002,stb_A033_t003,analysis_A033_t003,decision_A033_t003,,,2026-03-03,2026-02-27,2026-02-27,15:30,2026-03-03,08:59,2026-03-03,pre_close_cutoff,005930,buy,50,"PER 10 배 초반의 저평가 구간과 AI 슈퍼사이클 등 장기적 성장 동력이 유지되고 있어, 단기적인 섹터 약세와 외국인 매도세에도 불구하고 방어적 매수 기회로 판단됩니다. 현재 보유 수량 대비 추가 매수를 통해 평균 단가를 낮추고 현금 비중을 조절하여 리스크를 분산하고자 합니다.",1,llm_first_response,not_one_share
RN_COMM_OFF,2026-03-03,3,am,A034,ltb_A034_t002,stb_A034_t003,analysis_A034_t003,decision_A034_t003,,,2026-03-03,2026-02-27,2026-02-27,15:30,2026-03-03,08:59,2026-03-03,pre_close_cutoff,005930,buy,40,"PER 10 배 초반의 저평가 구간과 AI 슈퍼사이클 등 중기적 성장 동력이 유효하나, 단기적으론 외국인 매도세와 코스피 하락으로 변동성이 확대된 혼조세입니다. 현재 보유 주식 300 주에 대해 평균 매수 단가 대비 미실현 손익이 없으나, 분산투자 성향이 부족하여 현금 비중을 높게 유지하며 저평가 구간에서 제한적으로 추가 매수하여 내재가치 회복을 노립니다.",1,llm_first_response,not_one_share
RN_COMM_OFF,2026-03-03,3,am,A035,ltb_A035_t002,stb_A035_t003,analysis_A035_t003,decision_A035_t003,,,2026-03-03,2026-02-27,2026-02-27,15:30,2026-03-03,08:59,2026-03-03,pre_close_cutoff,005930,buy,30,"코스피 전체의 하락세 (-1.0%) 로 인해 밸류에이션이 일시적으로 낮아진 방어적 매수 기회로 판단합니다. 반도체 업황 개선과 AI 테마, 갤럭시버즈 호재 등 긍정적 요인이 하방을 제한할 것으로 보이며, 현재가 (209,500원) 가 5일 이동평균선 (206,200원) 을 상회하여 단기 지지력을 보이고 있습니다. 이전 매수 단가 (212,596원) 대비 미실현 손익이 발생했으나, 기술적 지표와 업황 호재를 근거로 평균 단가 하향을 노려 제한적으로 매수합니다.",1,llm_first_response,not_one_share
RN_COMM_OFF,2026-03-03,3,am,A036,ltb_A036_t002,stb_A036_t003,analysis_A036_t003,decision_A036_t003,,,2026-03-03,2026-02-27,2026-02-27,15:30,2026-03-03,08:59,2026-03-03,pre_close_cutoff,005930,buy,33,"내재가치 관점에서 현재 주가 (209,500 원) 가 저평가 구간으로 판단되며, AI 인프라 수요와 정부 반도체 클러스터 지원 등 장기적 호재가 존재합니다. 단기적 수급 악재와 시장 변동성은 있으나, 원칙에 따라 조정 시 매수 기회를 활용하여 평균 매수 단가를 낮추고 포트폴리오를 강화합니다. 보유 현금의 약 50% 수준인 최대 매수 한도 내에서 분산 투자 원칙을 고려하여 절반 (약 33 주) 을 매수합니다.",1,llm_first_response,not_one_share
RN_COMM_OFF,2026-03-03,3,am,A038,ltb_A038_t002,stb_A038_t003,analysis_A038_t003,decision_A038_t003,,,2026-03-03,2026-02-27,2026-02-27,15:30,2026-03-03,08:59,2026-03-03,pre_close_cutoff,005930,buy,240,"현재 현금 100% 보유 상태로, 전일 -3.23% 하락으로 악재가 일부 반영된 것으로 판단되어 매수 기회로 삼습니다. 기술적으로 5 일 이동평균선(206,200 원) 을 상회하고 있으며, 갤럭시버즈 4 출시 등 제품 호재가 있어 단기 등락 국면에서 방어적 매수 전략을 적용합니다.allowed_actions 가 buy 로 제한되어 있어 매수 실행합니다.",1,llm_first_response,not_one_share
RN_COMM_OFF,2026-03-03,3,am,A039,ltb_A039_t002,stb_A039_t003,analysis_A039_t003,decision_A039_t003,,,2026-03-03,2026-02-27,2026-02-27,15:30,2026-03-03,08:59,2026-03-03,pre_close_cutoff,005930,buy,596,"시장 전체의 하락세와 외국인 매도세로 주가가 전일 대비 -3.2% 하락하여 기술적 지지선 (5일선) 을 유지하며 저가 매수 기회가 형성되었습니다. 이전 LTB와 현재 STB 모두 메모리 공급난, AI 테마, 정부 클러스터 조성 등 구조적 호재가 내재되어 있어 단기 악재에 따른 조정으로 판단합니다. 고위험 고수익 선호 성향과 분산투자 성향의 한계를 고려하여, 보유 현금의 최대 한도 (max_single_trade_cash) 범위 내에서 전량 매수하여 포트폴리오 집중도를 높이고 조정 시점을 활용합니다.",1,llm_first_response,not_one_share
RN_COMM_OFF,2026-03-03,3,am,A042,ltb_A042_t002,stb_A042_t003,analysis_A042_t003,decision_A042_t003,,,2026-03-03,2026-02-27,2026-02-27,15:30,2026-03-03,08:59,2026-03-03,pre_close_cutoff,005930,sell,100,"시장 전체 하락 흐름과 반도체 섹터 약세로 단기 하방 압력이 우세하며, 기술적 돌파 신호가 부재하여 추가 하락 리스크가 큽니다. 현재 미실현 수익 650,000원을 확보하고, 고위험 선호 성향에도 불구하고 불확실성이 높은 하락장에서는 수익 실현을 통해 현금 유동성을 확보하는 것이 적절하다고 판단합니다.",1,llm_first_response,not_one_share
RN_COMM_OFF,2026-03-03,3,am,A040,ltb_A040_t002,stb_A040_t003,analysis_A040_t003,decision_A040_t003,,,2026-03-03,2026-02-27,2026-02-27,15:30,2026-03-03,08:59,2026-03-03,pre_close_cutoff,005930,buy,46,"기술적 지표상 5 일 이동평균선 지지 확인과 AI 수요 호조라는 장기적 성장 동력이 유효하며, 현재 주가가 전일 대비 조정된 상태이므로 고위험 고수익 기회를 선호하는 투자 성향에 부합하는 매수 기회로 판단합니다. 다만, 시장 전체의 하락 흐름과 외국인 매도세 등 외부 변동성 리스크가 존재하므로, 보유 현금의 약 50% 한도 내에서 최대 수량의 절반 수준인 46 주를 매수하여 평균 단가를 낮추고 추세를 따르되 리스크를 분산합니다.",1,llm_first_response,not_one_share
RN_COMM_OFF,2026-03-03,3,am,A043,ltb_A043_t002,stb_A043_t003,analysis_A043_t003,decision_A043_t003,,,2026-03-03,2026-02-27,2026-02-27,15:30,2026-03-03,08:59,2026-03-03,pre_close_cutoff,005930,buy,1118,"현재가 209,500 원이 5 일 이동평균선 (206,200 원) 부근에서 지지받고 있으며, PER 10 배 초반의 저평가 구간에서 신제품 호재와 정책 기대감이 하방을 제한하고 있어 단기 조정 시 매수 기회로 판단합니다. 고위험 고수익 성향과 분산투자 원칙에 따라 보유 현금의 최대 한도 (50%) 를 활용하여 매수합니다.",1,llm_first_response,not_one_share
RN_COMM_OFF,2026-03-03,3,am,A041,ltb_A041_t002,stb_A041_t003,analysis_A041_t003,decision_A041_t003,,,2026-03-03,2026-02-27,2026-02-27,15:30,2026-03-03,08:59,2026-03-03,pre_close_cutoff,005930,sell,100,"현재가 (209,500 원) 가 평균 매수 단가 (213,250 원) 보다 낮아 미실현 손실 상태이나, 페르소나의 '수익 시 빠른 매도' 성향과 '손실 시 추가 매수' 경향 사이에서 혼란이 있으나, 기술적 지표상 5 일 이동평균선 부근에서 지지받으며 단기 반등 시점을 노리고 있습니다. 그러나 엔비디아 급락 등 외부 악재와 외국인 매도세 지속으로 단기 변동성 확대 우려가 크므로, 보유 수량의 절반 (100 주) 을 매도하여 현금 비중을 높이고 손실 확대를 방어하는 것이 타당합니다. 이는 분산투자 성향이 약한 현재 포트폴리오의 리스크를 줄이는 조치입니다.",1,llm_first_response,not_one_share
RN_COMM_OFF,2026-03-03,3,am,A037,ltb_A037_t002,stb_A037_t003,analysis_A037_t003,decision_A037_t003,,,2026-03-03,2026-02-27,2026-02-27,15:30,2026-03-03,08:59,2026-03-03,pre_close_cutoff,005930,sell,200,"현재 미실현 수익 65 만 원 (약 0.65%) 구간에서 처분효과에 따라 수익을 확정하고 매도합니다. 단기적으로는 외국인 대규모 매도세와 엔비디아 급락 여파로 인한 하락 압력이 강하며, 기술적 지표상 20 일 변동성을 고려한 조정 국면으로 판단됩니다. 장기적 AI 모멘텀은 유지되나, 단기 변동성 리스크와 손실 확대 가능성을 피하기 위해 현재 수익 구간에서 전량 매도하여 현금화하는 것이 적절합니다.",1,llm_first_response,not_one_share
RN_COMM_OFF,2026-03-03,3,am,A044,ltb_A044_t002,stb_A044_t003,analysis_A044_t003,decision_A044_t003,,,2026-03-03,2026-02-27,2026-02-27,15:30,2026-03-03,08:59,2026-03-03,pre_close_cutoff,005930,sell,100,"외국인 대규모 매도세와 엔비디아 급락 여파로 인한 글로벌 반도체 섹터의 조정 심리 (previous_ltb_dim_4, current_stb_dim_4) 가 지속되고 있으며, 기술적 지표상 전일 대비 3.2% 하락세와 거래량 증가 (volume_chg 0.72) 로 매도 압력이 확인됩니다. 장기적 밸류에이션 매력 (PER 10 배 초반) 은 존재하나, 거시적 불확실성과 시장 심리 악화로 단기 방향성 단정이 어렵고, 분산투자 성향이 약한 현재 포트폴리오의 리스크를 줄이기 위해 수익 실현 및 손실 방어 차원에서 일부 매도합니다.",1,llm_first_response,not_one_share
RN_COMM_OFF,2026-03-03,3,am,A047,ltb_A047_t002,stb_A047_t003,analysis_A047_t003,decision_A047_t003,,,2026-03-03,2026-02-27,2026-02-27,15:30,2026-03-03,08:59,2026-03-03,pre_close_cutoff,005930,buy,100,"메모리 공급난과 AI 테마 등 장기적 성장 동력이 유지되어 저평가 구간으로 판단되나, 외국인 매도 등 외부 악재로 변동성이 높으므로 분산투자 성향에 맞춰 현금의 약 50% 수준인 100주를 매수하여 비중을 조정합니다.",1,llm_first_response,not_one_share
RN_COMM_OFF,2026-03-03,3,am,A045,ltb_A045_t002,stb_A045_t003,analysis_A045_t003,decision_A045_t003,,,2026-03-03,2026-02-27,2026-02-27,15:30,2026-03-03,08:59,2026-03-03,pre_close_cutoff,005930,buy,50,"현재 주가 (209,500 원) 가 5 일 이동평균선 (206,200 원) 을 상회하며 지지력을 시험하고 있고, 반도체 클러스터 조성 등 정책적 호재가 하방 경직성을 제공할 것으로 판단됩니다. 고위험 고수익 성향과 처분 효과 (손실 시 추가 매수) 에 따라 하락 추세가 꺾이는 시점을 노려 제한적으로 매수 진입을 시도합니다. 다만, 외국인 매도세와 기술적 하락 추세 지속 리스크가 존재하므로 전량 매수하지 않고 현금 여력을 유지합니다.",1,llm_first_response,not_one_share
RN_COMM_OFF,2026-03-03,3,am,A048,ltb_A048_t002,stb_A048_t003,analysis_A048_t003,decision_A048_t003,,,2026-03-03,2026-02-27,2026-02-27,15:30,2026-03-03,08:59,2026-03-03,pre_close_cutoff,005930,sell,150,"시장 전체가 하락세이며 반도체 섹터의 투자 심리가 위축되어 있어 단기적인 하방 압력이 큽니다. 기술적 지표상 하락 추세가 명확히 반전되지 않았고, 외국인 매도세와 엔비디아 급락 등 외부 악재가 지속되는 상황에서 추가 손실 확대를 방지하기 위해 보유 주식을 전량 매도하여 현금을 확보하는 것이 타당합니다. 현재 미실현 손실 상태이나, 변동성 확대 시점에 손절하여 포트폴리오 리스크를 관리해야 합니다.",1,llm_first_response,not_one_share
RN_COMM_OFF,2026-03-03,3,am,A046,ltb_A046_t002,stb_A046_t003,analysis_A046_t003,decision_A046_t003,,,2026-03-03,2026-02-27,2026-02-27,15:30,2026-03-03,08:59,2026-03-03,pre_close_cutoff,005930,buy,50,"현재 주가 (209,500원) 가 5일 이동평균선 (206,200원) 을 상회하며 기술적 지지 구간을 확인했으나, 엔비디아 급락과 외국인 매도세로 인한 하락 압력이 여전히 존재합니다. 그러나 PER 10 배 초반의 매력적인 밸류에이션과 AI 슈퍼사이클 기대, 갤럭시 버즈4 출시 등 호재가 공존하여 단기 조정 후 반등 가능성이 있다고 판단합니다. 기존 보유 100 주에 비해 현금 비중이 높으므로, 변동성 확대 우려를 고려하여 제한적인 수량 (50 주) 으로 추가 매수하여 평균 매수 단가를 낮추고 방어적 포지션을 강화합니다.",1,llm_first_response,not_one_share
RN_COMM_OFF,2026-03-03,3,am,A049,ltb_A049_t002,stb_A049_t003,analysis_A049_t003,decision_A049_t003,,,2026-03-03,2026-02-27,2026-02-27,15:30,2026-03-03,08:59,2026-03-03,pre_close_cutoff,005930,sell,100,"외국인 대규모 매도세와 엔비디아 급락 등 글로벌 반도체 섹터의 변동성, 그리고 명확한 지지선 부재로 인한 단기 하방 압력을 고려하여, 현재 미실현 손실 상태인 보유 물량의 절반을 선제적으로 매도하여 손실 폭을 제한하고 현금 유동성을 확보합니다. 기술적 돌파 신호가 명확하지 않은 상황에서 추가 매수는 리스크가 크므로, 안정적 자산 선호 성향에 따라 방어적 대응을 취합니다.",1,llm_first_response,not_one_share
RN_COMM_OFF,2026-03-03,3,am,A050,ltb_A050_t002,stb_A050_t003,analysis_A050_t003,decision_A050_t003,,,2026-03-03,2026-02-27,2026-02-27,15:30,2026-03-03,08:59,2026-03-03,pre_close_cutoff,005930,sell,50,"코스피 1% 하락세와 외국인 매도세 지속, 기술적 돌파 신호 부재 등 단기 하락 압력이 지배적이므로, 고위험 고수익 성향에도 불구하고 손절 원칙에 따라 일부 물량을 매도하여 리스크를 축소합니다. 특히 분산투자 성향이 약해 특정 종목에 집중된 상태에서 추가 하락 시 손실 확대를 방지하기 위한 조치입니다.",1,llm_first_response,not_one_share
RN_COMM_OFF,2026-03-03,3,am,A051,ltb_A051_t002,stb_A051_t003,analysis_A051_t003,decision_A051_t003,,,2026-03-03,2026-02-27,2026-02-27,15:30,2026-03-03,08:59,2026-03-03,pre_close_cutoff,005930,buy,50,"전일 대비 3.2% 하락한 209,500원은 5일 이동평균선 (206,200원) 부근에서 기술적 지지 가능성을 시사하며, 메모리 공급난과 AI 테마 등 산업적 호재가 장기적 가치 재평가를 뒷받침합니다. 시장 심리는 위축되어 있으나, 안정적이고 검증된 자산을 선호하는 성향과 분산 투자 원칙에 따라 현재 가격대에서 제한적으로 매수하여 평균 단가를 조정하고 장기적 상승 모멘텀을 포착하고자 합니다.",1,llm_first_response,not_one_share
RN_COMM_OFF,2026-03-03,3,am,A052,ltb_A052_t002,stb_A052_t003,analysis_A052_t003,decision_A052_t003,,,2026-03-03,2026-02-27,2026-02-27,15:30,2026-03-03,08:59,2026-03-03,pre_close_cutoff,005930,sell,900,"코스피 전체의 하락세와 외국인 매도 압력, 거래량 증가에 따른 매도 압력 등 단기 하락 추세가 명확하며 기술적 돌파 신호가 부재합니다. 현재 미실현 손익 상태이더라도, 과거 투자 성과가 낮고 위험 자산 선호 성향이 있어 추가 하락 리스크를 감수하기보다는 손절매를 통해 현금 비중을 높이고 리스크를 축소하는 것이 안전합니다.",1,llm_first_response,not_one_share
RN_COMM_OFF,2026-03-03,3,am,A053,ltb_A053_t002,stb_A053_t003,analysis_A053_t003,decision_A053_t003,,,2026-03-03,2026-02-27,2026-02-27,15:30,2026-03-03,08:59,2026-03-03,pre_close_cutoff,005930,buy,50,"전일 대비 3.2% 하락으로 일시적 저평가 구간 진입 가능성이 있으며, 메모리 공급난과 AI 테마 등 장기적 성장 동력은 유지되고 있습니다. 외국인 매도 등 거시적 악재가 있으나, 5일 이동평균선 지지와 내부 호재로 급락폭은 제한적일 것으로 판단하여 현금 비중을 조정하며 매수합니다.",1,llm_first_response,not_one_share
RN_COMM_OFF,2026-03-03,3,am,A054,ltb_A054_t002,stb_A054_t003,analysis_A054_t003,decision_A054_t003,,,2026-03-03,2026-02-27,2026-02-27,15:30,2026-03-03,08:59,2026-03-03,pre_close_cutoff,005930,buy,10,"현재 주가가 5 일 이동평균선 (206,200 원) 을 상회하며 기술적 지지선이 유지되고 있고, PER 10 배 초반으로 밸류에이션이 매력적이나 단기 외국인 매도세와 엔비디아 급락 등 외부 변동성 리스크가 존재합니다. 따라서 분산투자 원칙과 손절 원칙에 따라 소폭 (10 주) 매수하여 평균 단가를 낮추고 포트폴리오 유연성을 확보하되, 과도한 추격 매수는 피합니다.",1,llm_first_response,not_one_share
RN_COMM_OFF,2026-03-03,3,am,A055,ltb_A055_t002,stb_A055_t003,analysis_A055_t003,decision_A055_t003,,,2026-03-03,2026-02-27,2026-02-27,15:30,2026-03-03,08:59,2026-03-03,pre_close_cutoff,005930,buy,50,"이전 매수 시 수익 실현 경험을 바탕으로 현재가 (209,500 원) 가 5 일 이동평균선 (206,200 원) 을 상회하며 지지력을 보이고 있어, 페르소나의 '손실 시 추가 매수' 성향에 따라 저가 매수 기회를 포착합니다. 갤럭시 버즈4 출시 등 제품 호재와 정책적 지원이 하방을 지지할 것으로 판단되나, 시장 전체의 하락세와 외국인 매도세 리스크를 고려하여 전량 매수하지 않고 제한적으로 매수합니다.",1,llm_first_response,not_one_share
RN_COMM_OFF,2026-03-03,3,am,A056,ltb_A056_t002,stb_A056_t003,analysis_A056_t003,decision_A056_t003,,,2026-03-03,2026-02-27,2026-02-27,15:30,2026-03-03,08:59,2026-03-03,pre_close_cutoff,005930,buy,800,"PER 10 배 초반의 역사적 저평가 구간과 AI 슈퍼사이클 등 장기적 성장 모멘텀이 유지되나, 단기적으로 코스피 하락과 엔비디아 여파로 인한 변동성이 예상됩니다. 이에 따라 안정적이고 검증된 자산을 선호하는 성향에 부합하며, 손실 시 추가 매수하는 처분 효과 성향을 반영하여 조정 완료를 기다리는 신중한 접근으로 매수 수량을 결정했습니다.",1,llm_first_response,not_one_share
RN_COMM_OFF,2026-03-03,3,am,A057,ltb_A057_t002,stb_A057_t003,analysis_A057_t003,decision_A057_t003,,,2026-03-03,2026-02-27,2026-02-27,15:30,2026-03-03,08:59,2026-03-03,pre_close_cutoff,005930,buy,60,"PER 10 배 초반의 역사적 저점 밸류에이션과 AI 슈퍼사이클 등 장기적 구조적 호재가 유효하나, 엔비디아 급락과 외국인 매도세로 인한 단기 변동성 우려가 존재합니다. 현재 보유 주식의 방어선이 확보되어 있고 현금 비중이 높으므로, 기술적 지표가 불명확한 상황에서 추격 매수 리스크를 피하기 위해 최대 매수 가능 금액의 약 20% 수준인 60 주를 제한적으로 매수하여 저점 매수 기회를 포착하고 분산 투자 원칙을 준수합니다.",1,llm_first_response,not_one_share
RN_COMM_OFF,2026-03-03,3,am,A058,ltb_A058_t002,stb_A058_t003,analysis_A058_t003,decision_A058_t003,,,2026-03-03,2026-02-27,2026-02-27,15:30,2026-03-03,08:59,2026-03-03,pre_close_cutoff,005930,buy,50,"코스피 및 반도체 섹터의 하락세로 주가가 일시적으로 조정받았으나, PER 10 배 초반의 저평가 구간과 갤럭시 버즈4 프로 출시 등 제품 호재가 하방을 제한할 것으로 판단합니다. 기술적 지표상 5 일 이동평균선(206,200 원) 을 지지하고 있어 단기 반등 가능성이 있으며, 고위험 고수익을 선호하는 투자 성향과 현금 여력(3,635 만 원) 을 고려하여 저가 매수 기회를 포착합니다.",1,llm_first_response,not_one_share
RN_COMM_OFF,2026-03-03,3,am,A060,ltb_A060_t002,stb_A060_t003,analysis_A060_t003,decision_A060_t003,,,2026-03-03,2026-02-27,2026-02-27,15:30,2026-03-03,08:59,2026-03-03,pre_close_cutoff,005930,buy,20,"PER 10 배 초반의 역사적 저평가 구간과 AI 슈퍼사이클이라는 중장기적 성장 동력이 유지되고 있어, 단기 하락세 (209,500 원) 를 저가 매수 기회로 판단합니다. 이전 LTB 에서 확인한 매수 타당성이 현재 STB 의 '적정' 밸류에이션 평가와도 일치하며, 보유 현금 (2512 만 원) 이 충분하여 분산 투자 원칙 하에 추가 매수를 진행합니다.",1,llm_first_response,not_one_share
RN_COMM_OFF,2026-03-03,3,am,A062,ltb_A062_t002,stb_A062_t003,analysis_A062_t003,decision_A062_t003,,,2026-03-03,2026-02-27,2026-02-27,15:30,2026-03-03,08:59,2026-03-03,pre_close_cutoff,005930,buy,100,"코스피 전체 하락세와 기술적 돌파 신호 부재로 불확실성이 높으나, 메모리 공급난 ('램마겟돈') 과 AI 테마 등 업황 호재가 하방을 제한하고 있어 진입 여력이 충분합니다. 5일 이동평균선 상회 등 단기 추세 우세 요소를 고려하여, 분산투자 원칙과 균형 잡힌 성향에 따라 최대 매수 가능 금액의 약 40% 수준인 100주를 제한적으로 매수합니다.",1,llm_first_response,not_one_share
RN_COMM_OFF,2026-03-03,3,am,A063,ltb_A063_t002,stb_A063_t003,analysis_A063_t003,decision_A063_t003,,,2026-03-03,2026-02-27,2026-02-27,15:30,2026-03-03,08:59,2026-03-03,pre_close_cutoff,005930,sell,500,"시장 전체가 1% 하락하며 반도체 섹터가 동반 하락하는 등 외부 악재 (엔비디아 급락, 외국인 매도) 로 단기 하락 압력이 우세합니다. 기술적 돌파 신호가 명확하지 않고 시장 심리가 극도로 위축되어 있어, 현재 보유 500주에 대한 미실현손익 325 만 원을 확정하여 리스크를 회피하고 현금 비중을 높이는 방어적 매도가 적절합니다. 이전 LTB 에서도 외부 충격에 대한 방어적 태세를 유지하되 단기 변동성을 고려한다는 점을 인지하고 있습니다.",1,llm_first_response,not_one_share
RN_COMM_OFF,2026-03-03,3,am,A064,ltb_A064_t002,stb_A064_t003,analysis_A064_t003,decision_A064_t003,,,2026-03-03,2026-02-27,2026-02-27,15:30,2026-03-03,08:59,2026-03-03,pre_close_cutoff,005930,buy,100,"PER 10 배 초반의 역사적 저평가 구간이며, 내재가치 대비 매력적인 진입 포인트로 판단됩니다. 단기 시장 하락세와 변동성 리스크가 존재하나, AI 슈퍼사이클과 갤럭시 버즈4 출시 등 중장기적 상승 모멘텀이 유지되고 있어, 현재 주가는 추가 매수 기회로 해석됩니다. 보유 현금 여력이 충분하므로 저평가 구간에서 매수 비중을 확대합니다.",1,llm_first_response,not_one_share
RN_COMM_OFF,2026-03-03,3,am,A059,ltb_A059_t002,stb_A059_t003,analysis_A059_t003,decision_A059_t003,,,2026-03-03,2026-02-27,2026-02-27,15:30,2026-03-03,08:59,2026-03-03,pre_close_cutoff,005930,sell,119,"외국인 대량 매도세와 코스피 하락세로 단기 변동성이 확대되고 기술적 돌파 신호가 부재한 상황 (current_stb dim_1, dim_4) 에서, 현재 보유 주식은 평균 매수 단가 대비 미실현 수익이 발생하고 있음 (216,500원 vs 210,000원). 성향상 수익 시 빠른 매도를 선호하므로, 불확실성이 높은 하락세에서 수익을 확정하고 현금 비중을 확보하는 것이 적절하다고 판단함.",1,llm_first_response,not_one_share
RN_COMM_OFF,2026-03-03,3,am,A061,ltb_A061_t002,stb_A061_t003,analysis_A061_t003,decision_A061_t003,,,2026-03-03,2026-02-27,2026-02-27,15:30,2026-03-03,08:59,2026-03-03,pre_close_cutoff,005930,buy,50,"현재 주가 (209,500 원) 가 평균 매수 단가 (212,596 원) 보다 낮아 저평가 구간 진입이 가능하며, AI 슈퍼사이클과 메모리 수요 호조 등 중장기 상승 모멘텀이 유지되고 있습니다. 외국인 매도로 인한 단기 변동성은 있으나, 내재가치 관점에서 매력적인 매수 기회로 판단되어 추가 매수합니다.",1,llm_first_response,not_one_share
RN_COMM_OFF,2026-03-03,3,am,A068,ltb_A068_t002,stb_A068_t003,analysis_A068_t003,decision_A068_t003,,,2026-03-03,2026-02-27,2026-02-27,15:30,2026-03-03,08:59,2026-03-03,pre_close_cutoff,005930,buy,120,"10 배 초반의 저 PER 와 AI 슈퍼사이클 등 장기적 성장 동력이 있으나, 단기적으로는 외국인 매도세와 기술적 지표 불명확성으로 인한 변동성 리스크가 존재합니다. 따라서 분산투자 성향과 수익 실현 원칙을 고려하여, 보유 현금의 50% 제한 내에서 절반 수준인 120 주 (약 2,514 만 원) 를 제한적으로 매수하여 진입합니다.",1,llm_first_response,not_one_share
RN_COMM_OFF,2026-03-03,3,am,A065,ltb_A065_t002,stb_A065_t003,analysis_A065_t003,decision_A065_t003,,,2026-03-03,2026-02-27,2026-02-27,15:30,2026-03-03,08:59,2026-03-03,pre_close_cutoff,005930,buy,50,"AI 반도체 슈퍼사이클과 메모리 공급난으로 인한 실적 개선 기대감이 밸류에이션을 지지하고 있으나, 외국인 대규모 매도세와 코스피 하락세로 단기 변동성이 확대되고 있습니다. 현재 주가는 5 일 이동평균선 위에 있으나 전일 대비 급락하며 거래량이 증가한 상태이므로, 무리한 추격 매수는 지양합니다. 다만, 장기적 관점에서 외국인 매도세에 따른 일시적 저평가 구간이 형성되었으므로, 현금 비중을 적절히 조절하여 소폭 매수 (50 주) 로 포트폴리오를 재조정하고 하방 리스크를 방어하고자 합니다.",1,llm_first_response,not_one_share
RN_COMM_OFF,2026-03-03,3,am,A069,ltb_A069_t002,stb_A069_t003,analysis_A069_t003,decision_A069_t003,,,2026-03-03,2026-02-27,2026-02-27,15:30,2026-03-03,08:59,2026-03-03,pre_close_cutoff,005930,buy,89,"메모리 공급난과 AI 테마로 인한 업황 개선 기대가 있으나, 시장 전체의 하락세와 외국인 매도세로 인해 단기 변동성이 높습니다. 그러나 현재가 (209,500 원) 가 MA5(206,200 원) 상회로 기술적 지지를 확인했으며, 고위험 고수익 기회를 선호하는 투자 성향과 현금이 높은 포트폴리오 상태를 고려하여, 정보 부족 리스크를 감수하더라도 집중 투자 전략에 따라 최대 매수 가능 수량인 89 주를 매수합니다.",1,llm_first_response,not_one_share
RN_COMM_OFF,2026-03-03,3,am,A070,ltb_A070_t002,stb_A070_t003,analysis_A070_t003,decision_A070_t003,,,2026-03-03,2026-02-27,2026-02-27,15:30,2026-03-03,08:59,2026-03-03,pre_close_cutoff,005930,sell,100,"시장 전체의 하락세와 외국인 매도세 지속, '6 천 피' 심리 위축으로 단기 반등 신호가 불분명하며, 기술적 돌파 신호가 확인되지 않아 수익 실현을 통해 현금 비중을 높이고 리스크를 줄입니다. 현재 미실현 수익 154 만 원을 일부 확정하고, 고위험 고수익 선호 성향에도 불구하고 불확실성 높은 시장에서는 방어적 태도가 우선입니다.",1,llm_first_response,not_one_share
RN_COMM_OFF,2026-03-03,3,am,A066,ltb_A066_t002,stb_A066_t003,analysis_A066_t003,decision_A066_t003,,,2026-03-03,2026-02-27,2026-02-27,15:30,2026-03-03,08:59,2026-03-03,pre_close_cutoff,005930,buy,50,"외국인 대량 매도로 인한 단기 조정 국면에서 AI 반도체 수요와 갤럭시 버즈 4 출시 등 호재가 내재가치를 지지하고 있어, 10 배 초반의 PER 로 밸류에이션이 적정 수준인 점을 고려해 장기 관점에서 매력적인 진입점으로 판단합니다. 현재 보유 주식에 대한 미실현 손익이 없으며, 현금 여력이 충분하므로 분산투자 성향과 충돌하지 않는 선에서 제한적으로 매수하여 평균 단가를 낮추고 포트폴리오를 재편성합니다.",1,llm_first_response,not_one_share
RN_COMM_OFF,2026-03-03,3,am,A071,ltb_A071_t002,stb_A071_t003,analysis_A071_t003,decision_A071_t003,,,2026-03-03,2026-02-27,2026-02-27,15:30,2026-03-03,08:59,2026-03-03,pre_close_cutoff,005930,buy,1000,"AI 슈퍼사이클과 메모리 수요 증가라는 구조적 성장 요인이 지속되나, 단기적으로 코스피 하락과 반도체 섹터 약세로 주가가 조정받고 있어 내재가치 대비 저평가 구간으로 판단됩니다. 전일 매수 원칙이 유효함을 확인했으며, 현재 보유 현금 여력이 충분하여 분산 투자 원칙 하에 저가 매수 기회를 포착합니다.",1,llm_first_response,not_one_share
RN_COMM_OFF,2026-03-03,3,am,A067,ltb_A067_t002,stb_A067_t003,analysis_A067_t003,decision_A067_t003,,,2026-03-03,2026-02-27,2026-02-27,15:30,2026-03-03,08:59,2026-03-03,pre_close_cutoff,005930,buy,50,"PER 10 배 초반의 저평가 상태와 AI 반도체 수요 확대라는 장기적 모멘텀이 존재하며, 현재 주가는 일시적 조정 구간으로 진입하여 밸류에이션 측면에서 매수 기회로 판단됩니다. 기술적 지표상 5 일 이동평균선을 상회하고 있어 단기 반등 신호가 예상되나, 외국인 매도세 등 외부 변동성 리스크가 존재하므로 제한적으로 매수합니다.",1,llm_first_response,not_one_share
RN_COMM_OFF,2026-03-03,3,am,A074,ltb_A074_t002,stb_A074_t003,analysis_A074_t003,decision_A074_t003,,,2026-03-03,2026-02-27,2026-02-27,15:30,2026-03-03,08:59,2026-03-03,pre_close_cutoff,005930,buy,59,"AI 슈퍼사이클과 메모리 수요 호조라는 중장기적 모멘텀이 유지되고 있으며, 현재 주가가 단기 조정으로 밸류에이션이 매력적인 수준( PER 10 배 초반) 에 도달했습니다. 고위험 고수익 기회를 선호하는 투자 성향에 따라, 하락세에서의 매수 기회를 포착하여 평균 매수 단가를 낮추고 수익률을 개선하고자 합니다. 기술적 지표상 5 일 이동평균선을 상회하고 있어 단기 반등 신호가 나올 가능성을 배제할 수 없으며, 보유 현금 여력이 충분하여 전량 매수합니다.",1,llm_first_response,not_one_share
RN_COMM_OFF,2026-03-03,3,am,A073,ltb_A073_t002,stb_A073_t003,analysis_A073_t003,decision_A073_t003,,,2026-03-03,2026-02-27,2026-02-27,15:30,2026-03-03,08:59,2026-03-03,pre_close_cutoff,005930,buy,100,"코스피 전체 하락세와 외국인 매도세 등 거시적 악재로 인해 단기 변동성이 예상되나, 반도체 클러스터 조성 등 정책적 수혜와 갤럭시버즈 4 호평 등 종목 특화 호재가 공존하여 현재 가격 (209,500 원) 이 장기적 관점에서 매수 기회로 판단됨. 이전 LTB에서 확인한 메모리칩 부족과 AI 수요 견조 등 산업적 호재를 Short-Term Belief와 연계하여, 시장 전체의 조정 국면을 기회로 삼아 추가 매수 진행.",1,llm_first_response,not_one_share
RN_COMM_OFF,2026-03-03,3,am,A072,ltb_A072_t002,stb_A072_t003,analysis_A072_t003,decision_A072_t003,,,2026-03-03,2026-02-27,2026-02-27,15:30,2026-03-03,08:59,2026-03-03,pre_close_cutoff,005930,buy,47,"전일 급락으로 PER 10 배 초반의 저평가 구간 (209,500원) 에 진입했으나, 글로벌 반도체 조정과 소비 둔화 등 단기 변동성 리스크가 공존합니다. 고위험 고수익 선호 성향과 분산투자 부족이라는 포트폴리오 특성을 고려할 때, 현금의 50% 제한 내에서 절반 (약 25%) 만을 투입하여 평균 매수 단가를 낮추고 장기 AI 슈퍼사이클에 대비한 저가 매수 기회를 포착합니다.",1,llm_first_response,not_one_share
RN_COMM_OFF,2026-03-03,3,am,A076,ltb_A076_t002,stb_A076_t003,analysis_A076_t003,decision_A076_t003,,,2026-03-03,2026-02-27,2026-02-27,15:30,2026-03-03,08:59,2026-03-03,pre_close_cutoff,005930,sell,100,"단기 하락 추세와 외국인 매도세, 기술적 매도 압력 (current_stb dim_1, dim_2) 이 우세하여 추가 손실 확대를 방지하기 위해 수익이 발생한 보유 물량 중 일부를 매도합니다. 장기적 AI 슈퍼사이클 (previous_ltb dim_1) 은 유지되나, 단기 변동성 확대 구간에서 수익 실현을 우선시합니다.",1,llm_first_response,not_one_share
RN_COMM_OFF,2026-03-03,3,am,A078,ltb_A078_t002,stb_A078_t003,analysis_A078_t003,decision_A078_t003,,,2026-03-03,2026-02-27,2026-02-27,15:30,2026-03-03,08:59,2026-03-03,pre_close_cutoff,005930,buy,40,"PER 10 배 초반의 역사적 저평가 구간과 AI 슈퍼사이클에 따른 장기적 상승 모멘텀을 신뢰하여, 단기 외국인 매도세와 시장 조정 흐름에도 불구하고 가치투자 원칙에 따라 추가 매수합니다. 현재 보유 현금 여력이 충분하며, 평균 단가 관리를 통해 리스크를 분산합니다.",1,llm_first_response,not_one_share
RN_COMM_OFF,2026-03-03,3,am,A075,ltb_A075_t002,stb_A075_t003,analysis_A075_t003,decision_A075_t003,,,2026-03-03,2026-02-27,2026-02-27,15:30,2026-03-03,08:59,2026-03-03,pre_close_cutoff,005930,buy,100,"PER 10 배 초반의 저평가 매력과 자사주 매입 기대감 등 중장기 상승 모멘텀이 유지되나, 엔비디아 급락과 외국인 대규모 매도세로 단기 변동성이 확대되고 있습니다. 현재 보유 현금 6,882 만 원으로 추가 매수 여력이 충분하며, 150 주 보유 중이므로 분산 투자 성향을 보완하기 위해 조정 시점에 소량씩 분할 매수하여 평균 단가를 낮추고 하단 지지력을 확보하는 전략을 취합니다.",1,llm_first_response,not_one_share
RN_COMM_OFF,2026-03-03,3,am,A081,ltb_A081_t002,stb_A081_t003,analysis_A081_t003,decision_A081_t003,,,2026-03-03,2026-02-27,2026-02-27,15:30,2026-03-03,08:59,2026-03-03,pre_close_cutoff,005930,buy,100,"PER 10 배 초반의 저평가 구간과 AI 슈퍼사이클 기대감이라는 장기적 가치 투자 기회에 부합하나, 외부 리스크와 거시적 불확실성으로 인해 단기간 변동성이 예상됨. 따라서 현금 비중을 유지하면서도 장기적 관점에서 비중을 확대하기 위해 제한적으로 매수합니다.",1,llm_first_response,not_one_share
RN_COMM_OFF,2026-03-03,3,am,A077,ltb_A077_t002,stb_A077_t003,analysis_A077_t003,decision_A077_t003,,,2026-03-03,2026-02-27,2026-02-27,15:30,2026-03-03,08:59,2026-03-03,pre_close_cutoff,005930,buy,60,"PER 10 배 초반의 저평가 구간과 AI 반도체 수요 호조로 내재가치가 높게 평가되나, 외국인 매도세로 인한 단기 변동성 확대 우려가 존재합니다. 현재 미실현 손익이 흑자이나, 하락세에서 개인 매수세가 하방을 지지하는 양상이므로, 가치투자 관점에서 현금의 50% 제한 내에서 적정 수량(60 주) 을 매수하여 평균 단가를 낮추고 장기적 상승 모멘텀을 포착하고자 합니다.",1,llm_first_response,not_one_share
RN_COMM_OFF,2026-03-03,3,am,A080,ltb_A080_t002,stb_A080_t003,analysis_A080_t003,decision_A080_t003,,,2026-03-03,2026-02-27,2026-02-27,15:30,2026-03-03,08:59,2026-03-03,pre_close_cutoff,005930,buy,1000,"PER 10 배 초반의 저평가 구간이라는 가치 평가 지표와 AI 수요 지속, 갤럭시 버즈4 출시 등 제품 경쟁력 유지가 매수 기회를 시사합니다. 단기적으로 코스피 지수 하락과 외국인 매도세로 인한 변동성 리스크가 있으나, 5 일 이동평균선 상단 유지 등 중기적 상승 추세는 유지되고 있어 초기 진입 단계에서 분산 투자 원칙에 따라 제한적으로 매수합니다.",1,llm_first_response,not_one_share
RN_COMM_OFF,2026-03-03,3,am,A079,ltb_A079_t002,stb_A079_t003,analysis_A079_t003,decision_A079_t003,,,2026-03-03,2026-02-27,2026-02-27,15:30,2026-03-03,08:59,2026-03-03,pre_close_cutoff,005930,buy,50,"장기적 AI 슈퍼사이클과 갤럭시 버즈 4 출시 등 제품 경쟁력 강화는 긍정적이지만, 엔비디아 급락과 코스피 하락세 등 외부 악재로 인해 단기 변동성이 예상됩니다. 현재 주가는 5 일 이동평균선 부근에서 지지력을 보이며 내재가치 대비 저평가 구간은 아니나, 시장 심리 악화로 인한 일시적 조정 기회로 판단하여 분산투자 성향을 고려해 제한적으로 매수합니다.",1,llm_first_response,not_one_share
RN_COMM_OFF,2026-03-03,3,am,A083,ltb_A083_t002,stb_A083_t003,analysis_A083_t003,decision_A083_t003,,,2026-03-03,2026-02-27,2026-02-27,15:30,2026-03-03,08:59,2026-03-03,pre_close_cutoff,005930,buy,68,"PER 10 배 초반의 저평가 구간과 AI 슈퍼사이클 기대감 등 장기적 성장성은 유효하나, 시장 전체 하락세와 외국인 매도세로 인한 단기 변동성 리스크가 존재합니다. 전일 매수 단가 대비 현재가가 낮아 평균 단가 하향 조정이 필요하며, 안정적 자산을 선호하는 성향과 분산투자 부족으로 인해 현금 비중을 유지하되, 저평가 구간을 활용한 제한적 매수를 통해 리스크를 분산하고자 합니다.",1,llm_first_response,not_one_share
RN_COMM_OFF,2026-03-03,3,am,A084,ltb_A084_t002,stb_A084_t003,analysis_A084_t003,decision_A084_t003,,,2026-03-03,2026-02-27,2026-02-27,15:30,2026-03-03,08:59,2026-03-03,pre_close_cutoff,005930,buy,50,"현재 주가 (209,500원) 가 5일 이동평균선 (206,200원) 을 상회하며 기술적 지지 구간에서 거래되고 있고, 메모리 공급난 및 AI 테마 등 장기적 호재가 존재하여 내재가치 대비 저평가 가능성이 있습니다. 이전 중립적 관점을 유지하되, 외부 악재에 대한 민감도를 높여 단기 변동성을 고려한 제한적 매수로 접근합니다.",1,llm_first_response,not_one_share
RN_COMM_OFF,2026-03-03,3,am,A085,ltb_A085_t002,stb_A085_t003,analysis_A085_t003,decision_A085_t003,,,2026-03-03,2026-02-27,2026-02-27,15:30,2026-03-03,08:59,2026-03-03,pre_close_cutoff,005930,buy,100,"외국인 매도로 인한 일시적 저평가 구간과 메모리 공급난, AI 수요 등 구조적 호재가 공존하는 상황에서, 5일 이동평균선 부근에서 지지력이 확인되어 가치투자 관점에서 추가 매수 기회를 포착합니다. 현재 미실현 수익이 있으나 변동성 확대 우려가 있어, 현금의 50% 제한 내에서 분산된 매수 (100주) 로 진입합니다.",1,llm_first_response,not_one_share
RN_COMM_OFF,2026-03-03,3,am,A082,ltb_A082_t002,stb_A082_t003,analysis_A082_t003,decision_A082_t003,,,2026-03-03,2026-02-27,2026-02-27,15:30,2026-03-03,08:59,2026-03-03,pre_close_cutoff,005930,buy,500,"PER 10 배 초반의 저평가 구간과 5 일 이동평균선 지지 등 기술적 반등 신호가 있으나, 엔비디아 급락과 외국인 대규모 매도세로 인한 단기 변동성 확대 우려가 존재합니다. 과거 성과가 낮고 안정적 자산을 선호하는 성향을 고려하여, 미실현 손실을 줄이기 위한 방어적 매수보다는 변동성 확대 시점의 저가 매수 기회를 활용하되, 현금 비중을 유지하며 소량 (500 주) 으로 제한적으로 매수합니다.",1,llm_first_response,not_one_share
RN_COMM_OFF,2026-03-03,3,am,A086,ltb_A086_t002,stb_A086_t003,analysis_A086_t003,decision_A086_t003,,,2026-03-03,2026-02-27,2026-02-27,15:30,2026-03-03,08:59,2026-03-03,pre_close_cutoff,005930,buy,30,"PER 10 배 초반의 저평가 구간과 AI 슈퍼사이클에 따른 중장기 성장성을 믿고, 단기 하락세로 인한 조정 시점을 가치 매수 기회로 판단합니다. 현재 미실현손익이 흑자 상태이며 현금 여력이 충분하여, 특정 종목 집중 성향을 고려하되 과도한 매수는 피하고 제한적으로 증시합니다.",1,llm_first_response,not_one_share
RN_COMM_OFF,2026-03-03,3,am,A088,ltb_A088_t002,stb_A088_t003,analysis_A088_t003,decision_A088_t003,,,2026-03-03,2026-02-27,2026-02-27,15:30,2026-03-03,08:59,2026-03-03,pre_close_cutoff,005930,buy,120,"전일 대비 3.2% 하락으로 조정된 시점에서 밸류에이션이 적정~저평가 구간으로 판단되며, 정부의 반도체 클러스터 조성 등 장기 성장 동력이 하방 경직성을 제공할 것으로 기대합니다. 현재 현금 100% 보유 상태이므로, 분산투자 원칙과 위험 자산 선호 성향을 고려하여 총 자산의 50% 수준인 25% (120주) 를 매수하여 신규 진입합니다.",1,llm_first_response,not_one_share
RN_COMM_OFF,2026-03-03,3,am,A087,ltb_A087_t002,stb_A087_t003,analysis_A087_t003,decision_A087_t003,,,2026-03-03,2026-02-27,2026-02-27,15:30,2026-03-03,08:59,2026-03-03,pre_close_cutoff,005930,buy,1000,"현재 보유 종목이 없어 매수 진입이 가능한 상태이며, 공시가 (209,500 원) 가 5 일 이동평균선 (206,200 원) 을 상회하고 있어 기술적 지지 구간에서 반등 시도를 노립니다. 이전 장기 신념에서 언급된 AI 슈퍼사이클과 메모리 수요 회복이라는 중장기적 상승 추세를 유지할 것이라는 관점을 바탕으로, 단기 하락세에도 불구하고 저평가 구간에서의 매수 기회를 포착하고자 합니다. 다만, 하락 추세가 명확하므로 전량 매수보다는 제한적인 수량으로 진입하여 추세를 확인하는 전략을 취합니다.",1,llm_first_response,not_one_share
RN_COMM_OFF,2026-03-03,3,am,A090,ltb_A090_t002,stb_A090_t003,analysis_A090_t003,decision_A090_t003,,,2026-03-03,2026-02-27,2026-02-27,15:30,2026-03-03,08:59,2026-03-03,pre_close_cutoff,005930,sell,138,"시장 전체와 반도체 섹터의 동반 하락세 (current_stb dim_1), 외국인 매도세, 거시적 리스크 (엔비디아 급락) 로 인해 단기 약세 흐름이 지속될 것으로 판단됨. 현재 미실현 수익 897,000 원이 발생했으나, 페르소나의 성향인 '수익 시 빠른 매도' 원칙과 약세장에서의 손실 확대 방지 (caution) 를 위해 보유 주식을 전량 매도하여 현금을 확보하고 리스크를 회피함.",1,llm_first_response,not_one_share
RN_COMM_OFF,2026-03-03,3,am,A089,ltb_A089_t002,stb_A089_t003,analysis_A089_t003,decision_A089_t003,,,2026-03-03,2026-02-27,2026-02-27,15:30,2026-03-03,08:59,2026-03-03,pre_close_cutoff,005930,buy,100,"현재 보유 현금 100,975,000 원으로 삼성전자 단일 종목에 진입해야 하며, PER 10 배 초반의 적정 밸류에이션과 AI 슈퍼사이클 등 구조적 호재를 고려하여 분할 매수 전략을 적용합니다. 단기 하락세와 외국인 매도세 등 불확실성이 존재하나, 5 일 이동평균선(206,200 원) 상회 및 제품 호조(갤럭시 버즈 4) 로 완전한 하락은 제한될 것으로 판단되어 초기 포지션 확보를 위해 매수합니다.",1,llm_first_response,not_one_share
RN_COMM_OFF,2026-03-03,3,am,A092,ltb_A092_t002,stb_A092_t003,analysis_A092_t003,decision_A092_t003,,,2026-03-03,2026-02-27,2026-02-27,15:30,2026-03-03,08:59,2026-03-03,pre_close_cutoff,005930,sell,188,"코스피와 반도체 섹터의 하락세, 외국인 대규모 매도세 지속, 초고수들의 매수 종목 제외 등 단기 심리 위축이 뚜렷합니다. 기술적 지표상 5 일 이동평균선 상회에도 불구하고 거래량이 급증하며 매도 압력이 강하고, 거시적 소비 회복 지연 우려로 인해 밸류에이션 부담이 완전히 해소되지 않았습니다. 안정적이고 검증된 자산을 선호하는 성향과 분산투자 성향이 약한 점을 고려할 때, 현재 미실현 손익이 마이너스인 상태에서 추가 하락 리스크를 감수하기보다 수익을 확정하거나 손실을 제한하는 것이 타당합니다.",1,llm_first_response,not_one_share
RN_COMM_OFF,2026-03-03,3,am,A091,ltb_A091_t002,stb_A091_t003,analysis_A091_t003,decision_A091_t003,,,2026-03-03,2026-02-27,2026-02-27,15:30,2026-03-03,08:59,2026-03-03,pre_close_cutoff,005930,sell,50,"코스피 전체가 -1.0% 하락하며 반도체 섹터가 동반 하락하는 등 시장 분위기가 위축되었고, 삼성전자도 전일 대비 -3.2% 급락하여 기술적 하락 추세가 명확합니다. 뉴스 헤드라인 스캔 결과, '램마겟돈' 등 호재와 외국인 매도 등 악재가 혼재되어 있으나, 시장 전체의 하락 흐름과 기술적 돌파 신호 부재를 우선시하여 단기적인 하방 압력을 피하기 위해 보유 주식을 전량 매도합니다.",1,llm_first_response,not_one_share
RN_COMM_OFF,2026-03-03,3,am,A093,ltb_A093_t002,stb_A093_t003,analysis_A093_t003,decision_A093_t003,,,2026-03-03,2026-02-27,2026-02-27,15:30,2026-03-03,08:59,2026-03-03,pre_close_cutoff,005930,buy,100,"기술적 지표상 5 일선 (206,200 원) 을 상회하며 단기 지지력이 확인되었고, PER 10 배 초반의 저평가 구간에서 AI 수요와 반도체 업황 회복이라는 근본적 가치와 현재 시장 심리의 괴리가 존재합니다. 하락 추세가 확인되었으나 고위험 고수익 성향과 분산투자 성향에 따라 조정 시 저가 매수 (dip buying) 기회로 판단하여, 보유 현금의 약 26% 수준인 100 주를 매수합니다.",1,llm_first_response,not_one_share
RN_COMM_OFF,2026-03-03,3,am,A094,ltb_A094_t002,stb_A094_t003,analysis_A094_t003,decision_A094_t003,,,2026-03-03,2026-02-27,2026-02-27,15:30,2026-03-03,08:59,2026-03-03,pre_close_cutoff,005930,buy,50,"코스피 전체의 하락세와 외국인 매도 압력으로 주가가 조정받고 있으나, 기술적 지표상 5일 이동평균선(206,200원) 부근에서 지지력을 유지하고 있어 단기적 저평가 구간으로 판단됩니다. '램마겟돈'과 메모리 공급난 등 업황의 근본적 호재가 존재하며, 과거 매수 성과가 좋았던 점을 고려해 분산투자 성향이 약한 편이지만 현금 비중을 활용해 저가 매수 기회를 포착합니다.",1,llm_first_response,not_one_share
RN_COMM_OFF,2026-03-03,3,am,A096,ltb_A096_t002,stb_A096_t003,analysis_A096_t003,decision_A096_t003,,,2026-03-03,2026-02-27,2026-02-27,15:30,2026-03-03,08:59,2026-03-03,pre_close_cutoff,005930,buy,100,"현재 현금 100% 보유 상태이므로 매수 여력이 충분하며, 단기 기술적 하락세와 시장 심리 위축으로 인해 밸류에이션이 일시적으로 매력적으로 조정된 점을 고려합니다. 장기적 AI 슈퍼사이클과 실적 호조라는 기본적 호재와 제품/정책적 수혜 기대감이 하방을 지지하고 있어, 하락 시 방어적 관점에서 분할 매수 진입을 결정합니다.",1,llm_first_response,not_one_share
RN_COMM_OFF,2026-03-03,3,am,A095,ltb_A095_t002,stb_A095_t003,analysis_A095_t003,decision_A095_t003,,,2026-03-03,2026-02-27,2026-02-27,15:30,2026-03-03,08:59,2026-03-03,pre_close_cutoff,005930,buy,100,"주가수익비율 10 배 초반의 적정 밸류에이션과 갤럭시 버즈4 출시, 반도체 클러스터 정책 등 하방 제한적 호재가 있으나, 기술적 돌파 신호 부재와 외국인 매도세로 인한 단기 변동성 우려가 공존합니다. 72 세의 안정적 자산 선호 성향과 낮은 과거 투자 성과를 고려하여, 분산투자 원칙에 따라 최대 매수 가능 금액의 약 20% 수준인 100 주 (약 2,095 만 원) 로 제한적으로 진입합니다.",1,llm_first_response,not_one_share
RN_COMM_OFF,2026-03-03,3,am,A097,ltb_A097_t002,stb_A097_t003,analysis_A097_t003,decision_A097_t003,,,2026-03-03,2026-02-27,2026-02-27,15:30,2026-03-03,08:59,2026-03-03,pre_close_cutoff,005930,buy,677,"Short-Term Belief와 시장 분석에 따르면 현재 주가는 20일 이동평균선 부근에서 밸류에이션 매력 구간으로 진입했으며, AI 테마와 클러스터 조성 등 장기적 호재가 존재합니다. 고위험 고수익 선호 성향과 손절 원칙에 따라 하락 추세가 명확히 반전될 때까지 기다리기보다는, 현재 가격대에서 저가 매수 기회를 선점하여 평균 매수 단가를 낮추고 장기적 상승 모멘텀을 노립니다. 전일 기술적 돌파 신호의 신뢰도를 바탕으로 매수 실행을 결정합니다.",1,llm_first_response,not_one_share
RN_COMM_OFF,2026-03-03,3,am,A098,ltb_A098_t002,stb_A098_t003,analysis_A098_t003,decision_A098_t003,,,2026-03-03,2026-02-27,2026-02-27,15:30,2026-03-03,08:59,2026-03-03,pre_close_cutoff,005930,buy,100,"10 배 초반의 낮은 PER 와 5 일 이동평균선 지지로 밸류에이션 매력은 유지되나, 엔비디아 급락과 스마트폰 수요 둔화 등 악재로 단기 하락 압력이 존재합니다. 페르소나의 처분효과 (손실 시 추가 매수) 와 고위험 고수익 선호 성향을 반영하여, 현재 가격대에서 저가 매수 기회를 포착하되, 분산투자 부족 리스크를 고려해 현금의 50% 제한을 준수하여 제한적으로 매수합니다.",1,llm_first_response,not_one_share
RN_COMM_OFF,2026-03-03,3,am,A099,ltb_A099_t002,stb_A099_t003,analysis_A099_t003,decision_A099_t003,,,2026-03-03,2026-02-27,2026-02-27,15:30,2026-03-03,08:59,2026-03-03,pre_close_cutoff,005930,buy,100,"PER 10 배 초반의 저평가 구간과 AI 메모리 호황 등 장기적 성장 동력 (previous_ltb, current_stb) 을 근거로, 현재 주가 하락 (209,500 원) 이 일시적인 조정으로 판단되어 매수 기회를 포착합니다. 고위험 고수익 선호 성향과 현금 비중 확보 (7,683 만 원) 를 바탕으로 특정 종목 집중 리스크를 감수하며 비중을 확대합니다.",1,llm_first_response,not_one_share
RN_COMM_OFF,2026-03-03,3,am,A100,ltb_A100_t002,stb_A100_t003,analysis_A100_t003,decision_A100_t003,,,2026-03-03,2026-02-27,2026-02-27,15:30,2026-03-03,08:59,2026-03-03,pre_close_cutoff,005930,buy,47,"장기적 AI 슈퍼사이클과 메모리 수요 증가로 인한 실적 호조 기대감이 주가 상승을 견인할 것이라는 이전 LTB와, 현재 주가가 내재가치 대비 저평가된 상태라는 STB가 일치합니다. 특히 PER 10 배 초반의 적정 밸류에이션과 신제품 호조로 인해 단기 하락은 과반응일 가능성이 높으므로, 가치 중심 접근에 따라 저가 매수 기회를 포착합니다. 보유 현금 여력이 충분하고, 손절 원칙에 따라 손실 시 이성적으로 대응할 수 있는 현금 흐름이 확보되어 있습니다.",1,llm_first_response,not_one_share
RN_COMM_OFF,2026-03-03,4,pm,A002,ltb_A002_t003,stb_A002_t004,analysis_A002_t004,decision_A002_t004,,,2026-03-03,2026-03-03,2026-03-03,09:00,2026-03-03,15:29,2026-03-03,pre_close_cutoff,005930,buy,50,"전쟁 리스크로 인한 시장 조정으로 밸류에이션이 일시적으로 낮아졌으나, 코스피 6100 선 회복과 20일 이동평균선 지지로 중장기 방어적 흐름이 유지될 것으로 판단합니다. 내재가치 대비 매력적인 가격대이므로, 과거 저가 매수 전략의 한계를 인정하면서도 검증된 자산에 대한 분산 투자 차원에서 제한적으로 추가 매수합니다.",1,llm_first_response,not_one_share
RN_COMM_OFF,2026-03-03,4,pm,A008,ltb_A008_t003,stb_A008_t004,analysis_A008_t004,decision_A008_t004,,,2026-03-03,2026-03-03,2026-03-03,09:00,2026-03-03,15:29,2026-03-03,pre_close_cutoff,005930,sell,300,"5일 이동평균선(206,620원) 하회로 인한 단기 하락 추세와 전쟁 리스크로 인한 변동성 지속을 고려합니다. 이전 LTB에서 지적된 고위험 고수익 선호 성향과 기술적 지표 의존도가 하락장에서 약점으로 작용하여 두 차례 손절 실패를 경험한 바 있습니다. 현재 미실현 손실 상태이므로, 추가 매수 리스크를 피하고 손절 원칙을 철저히 적용하여 손실을 확정 짓는 것이 합리적입니다.",1,llm_first_response,not_one_share
RN_COMM_OFF,2026-03-03,4,pm,A004,ltb_A004_t003,stb_A004_t004,analysis_A004_t004,decision_A004_t004,,,2026-03-03,2026-03-03,2026-03-03,09:00,2026-03-03,15:29,2026-03-03,pre_close_cutoff,005930,buy,20,"전쟁 리스크로 인한 시장 급락 (전일 -9.9%) 으로 주가가 MA20(179,605 원) 근처까지 하락하여 기술적 지지 구간으로 진입했습니다. 또한, 반도체 업황 호조와 초고수들의 매수세가 강세라는 Short-Term Belief와 Long-Term Belief의 저평가 구간 논리가 일치합니다. 현재 미실현 손실이 발생했으나, 현금 여력이 충분하여 손절가 방어 및 매수 단가 하향을 위해 제한적으로 추가 매수합니다.",1,llm_first_response,not_one_share
RN_COMM_OFF,2026-03-03,4,pm,A005,ltb_A005_t003,stb_A005_t004,analysis_A005_t004,decision_A005_t004,,,2026-03-03,2026-03-03,2026-03-03,09:00,2026-03-03,15:29,2026-03-03,pre_close_cutoff,005930,buy,10,"반도체 업황 회복과 메모리 가격 상승 기대감으로 중장기 상승 모멘텀이 유지된다는 Short-Term Belief와, 현재 주가가 5 일선 하회 등 단기 과매도 구간으로 진입했다는 기술적 분석을 근거로 매수합니다. 최근 두 차례 매수 실패로 인한 심리적 리스크를 고려하여, 보유 현금의 일부 (약 195 만 원) 만을 사용하여 평균 단가를 하향 조정하는 제한적인 매수 (dip buying) 를 실행합니다.",1,llm_first_response,not_one_share
RN_COMM_OFF,2026-03-03,4,pm,A006,ltb_A006_t003,stb_A006_t004,analysis_A006_t004,decision_A006_t004,,,2026-03-03,2026-03-03,2026-03-03,09:00,2026-03-03,15:29,2026-03-03,pre_close_cutoff,005930,buy,100,"반도체 업황 개선 기대감과 메모리 가격 상승 등 장기적 호재가 존재하며, 현재 주가가 20 일 이동평균선 근처에서 지지받고 있어 밸류에이션이 매력적입니다. 페르소나의 성향인 '손실 시 추가 매수'와 '안정적 자산 선호'를 고려하여, 기술적 하락 추세 속에서도 하방 지지 요인이 공존하는 현재 시점을 매수 기회로 판단합니다.",1,llm_first_response,not_one_share
RN_COMM_OFF,2026-03-03,4,pm,A001,ltb_A001_t003,stb_A001_t004,analysis_A001_t004,decision_A001_t004,,,2026-03-03,2026-03-03,2026-03-03,09:00,2026-03-03,15:29,2026-03-03,pre_close_cutoff,005930,buy,193,"반도체 업황 개선과 메모리 가격 상승 기대감으로 내재가치 대비 저평가 구간으로 판단되며, 초고수들의 매수 흐름과 ETF 수익률 상승으로 중장기 상승 모멘텀이 존재함. 현재 보유 수량이 적고 현금 비중이 높아, 분산투자 성향과 위험 자산 선호 특성을 고려하여 최대 매수 가능 수량인 193주를 매수하여 포트폴리오를 재편함.",1,llm_first_response,not_one_share
RN_COMM_OFF,2026-03-03,4,pm,A003,ltb_A003_t003,stb_A003_t004,analysis_A003_t004,decision_A003_t004,,,2026-03-03,2026-03-03,2026-03-03,09:00,2026-03-03,15:29,2026-03-03,pre_close_cutoff,005930,buy,32,"중동 전쟁 리스크로 인한 단기 조정 (종가 195,100 원) 이 AI 수요 호황과 메모리 업황 개선이라는 중장기적 상승 흐름 내의 저가 매수 기회로 판단됩니다. 이전 LTB에서 인정한 정보 한계와 외부 충격에 대한 대비 차원에서, 현재 포트폴리오의 평균 매수 단가 (211,743 원) 대비 약 8% 하락한 수준은 내재가치 회복을 기대할 수 있는 매력적인 진입점입니다. 초고수들의 매수 행보와 반도체 업종 중심의 시장 흐름이 이를 뒷받침하며, 가치 투자 관점에서 저평가 구간을 선제적으로 확보합니다.",1,llm_first_response,not_one_share
RN_COMM_OFF,2026-03-03,4,pm,A007,ltb_A007_t003,stb_A007_t004,analysis_A007_t004,decision_A007_t004,,,2026-03-03,2026-03-03,2026-03-03,09:00,2026-03-03,15:29,2026-03-03,pre_close_cutoff,005930,buy,50,"반도체 업황 회복과 AI 수요로 인한 내재가치 상승 모멘텀이 강해 장기적 관점에서 저평가 구간 진입 기회로 판단합니다. 현재가 (195,100원) 가 5일 이동평균선 하회로 단기 조정 흐름이나, 20일 이동평균선 (179,605원) 이 중기 지지선으로 작용하고 있어 방어적 매수 전략을 적용합니다. 과거 수급 불균형 리스크를 고려하여 전량 매수보다는 현금 여력을 유지하며 제한적으로 매수합니다.",1,llm_first_response,not_one_share
RN_COMM_OFF,2026-03-03,4,pm,A011,ltb_A011_t003,stb_A011_t004,analysis_A011_t004,decision_A011_t004,,,2026-03-03,2026-03-03,2026-03-03,09:00,2026-03-03,15:29,2026-03-03,pre_close_cutoff,005930,buy,32,"반도체 업황의 강력한 회복세와 메모리 가격 상승 모멘텀이 전쟁 리스크로 인한 단기 변동성을 상쇄하며, 현재 주가가 5일 이동평균선 하회로 저평가 구간 진입 가능성이 열려 있습니다. 초고수들의 매수세와 ETF 수익률 상승으로 시장 심리가 긍정적으로 전환되었음을 확인하여, 고위험 고수익 기회를 선호하는 투자 성향에 따라 보유 현금의 최대 한도 범위 내에서 적극적으로 매수합니다.",1,llm_first_response,not_one_share
RN_COMM_OFF,2026-03-03,4,pm,A010,ltb_A010_t003,stb_A010_t004,analysis_A010_t004,decision_A010_t004,,,2026-03-03,2026-03-03,2026-03-03,09:00,2026-03-03,15:29,2026-03-03,pre_close_cutoff,005930,buy,93,"반도체 업황 회복과 메모리 가격 상승 기대감으로 중기적 상승 흐름이 유지될 것으로 판단하며, 현재 주가는 내재가치 대비 안전마진이 확보된 저평가 구간입니다. 지정학적 리스크로 인한 단기 변동성은 존재하나, 초고수 투자자들의 방어적 매수세와 섹터 모멘텀을 고려하여 현금 여력 전량을 활용해 저가 매수 기회를 포착합니다.",1,llm_first_response,not_one_share
RN_COMM_OFF,2026-03-03,4,pm,A009,ltb_A009_t003,stb_A009_t004,analysis_A009_t004,decision_A009_t004,,,2026-03-03,2026-03-03,2026-03-03,09:00,2026-03-03,15:29,2026-03-03,pre_close_cutoff,005930,sell,169,"이전 LTB와 현재 STB 모두 기술적 하락 추세 (MA5 하회) 와 전쟁 리스크, 거시적 불확실성을 강조하며 매수 신호가 부재함을 지적합니다. 특히 이전 LTB dim_6 에서 진입 타이밍 오류를 인정하고 손절 원칙 준수를 강조한 바 있으며, 현재 포트폴리오가 평균 매수 단가 대비 약 1.3% 손실 상태이므로, 추가 하락 위험을 차단하기 위해 전량 매도하여 손실을 확정하고 현금을 확보하는 것이 적절합니다.",1,llm_first_response,not_one_share
RN_COMM_OFF,2026-03-03,4,pm,A014,ltb_A014_t003,stb_A014_t004,analysis_A014_t004,decision_A014_t004,,,2026-03-03,2026-03-03,2026-03-03,09:00,2026-03-03,15:29,2026-03-03,pre_close_cutoff,005930,buy,100,"반도체 업황 개선과 메모리 가격 상승 등 장기적 호재가 있으나, 지정학적 리스크로 인한 시장 변동성이 크고 이동평균선 하회로 단기 하락 추세가 지속되고 있어 신중한 접근이 필요합니다. 과거 손절 원칙을 준수하며, 특정 종목 집중 성향을 고려해 초기 진입 수량을 제한적으로 설정합니다.",1,llm_first_response,not_one_share
RN_COMM_OFF,2026-03-03,4,pm,A012,ltb_A012_t003,stb_A012_t004,analysis_A012_t004,decision_A012_t004,,,2026-03-03,2026-03-03,2026-03-03,09:00,2026-03-03,15:29,2026-03-03,pre_close_cutoff,005930,buy,100,"반도체 업황 개선과 정책적 호재로 중기적 상승 흐름이 유지될 것으로 판단되나, 기술적 지표 (MA5 하향 돌파) 와 지정학적 리스크로 인한 단기 변동성도 존재합니다. 이전 LTB 에서 지적한 '손실 시 추가 매수' 성향과 현재 포트폴리오의 현금 여력 (8,590 만 원) 을 활용하여, 현재가 (195,100 원) 에서 밸류에이션이 매력적인 구간으로 판단하여 제한적으로 매수합니다. 이는 분산투자 원칙 하에 하락장에서의 평균 단가 하향과 중기적 반등 기회를 노리는 전략입니다.",1,llm_first_response,not_one_share
RN_COMM_OFF,2026-03-03,4,pm,A013,ltb_A013_t003,stb_A013_t004,analysis_A013_t004,decision_A013_t004,,,2026-03-03,2026-03-03,2026-03-03,09:00,2026-03-03,15:29,2026-03-03,pre_close_cutoff,005930,buy,140,"PER 10 배 초반의 저평가 구간과 반도체 업황 개선 기대감, 그리고 SK 하이닉스 매수 등 섹터 내 낙관적 심리를 근거로 매수합니다. 현재 미실현 손실 상태이나 고위험 선호 성향과 처분효과 (손실 시 추가 매수) 전략에 따라 현금 전량을 활용하여 평균 단가를 낮추고 반등 기회를 노립니다.",1,llm_first_response,not_one_share
RN_COMM_OFF,2026-03-03,4,pm,A016,ltb_A016_t003,stb_A016_t004,analysis_A016_t004,decision_A016_t004,,,2026-03-03,2026-03-03,2026-03-03,09:00,2026-03-03,15:29,2026-03-03,pre_close_cutoff,005930,buy,50,"지정학적 리스크로 인한 시장 급락 (-9.88%) 으로 밸류에이션이 일시적으로 매력적이 되었으나, 코스피 6100 선 방어 등 대형주에 대한 신뢰가 유지되고 있어 저가 매수 기회로 판단합니다. 과거 매수 타이밍 실패 경험을 반영하여, 급락 시 평균 단가 하향을 노리되 현금 여력을 고려해 제한적인 수량 (50 주) 으로 진입합니다.",1,llm_first_response,not_one_share
RN_COMM_OFF,2026-03-03,4,pm,A015,ltb_A015_t003,stb_A015_t004,analysis_A015_t004,decision_A015_t004,,,2026-03-03,2026-03-03,2026-03-03,09:00,2026-03-03,15:29,2026-03-03,pre_close_cutoff,005930,buy,100,"중동 전쟁 리스크로 인한 단기 변동성은 존재하나, 메모리 반도체 가격 상승과 AI 슈퍼사이클 기대감으로 중장기 상승 모멘텀이 우세하다고 판단합니다. 현재가 (195,100 원) 가 20 일 이동평균선 (179,605 원) 에 근접하여 기술적 지지 구간으로 보이며, 내재가치 상승이 예상되는 적정 구간에서 방어적 매수를 통해 평균 단가를 하향 조정하고 포트폴리오를 재편성합니다.",1,llm_first_response,not_one_share
RN_COMM_OFF,2026-03-03,4,pm,A019,ltb_A019_t003,stb_A019_t004,analysis_A019_t004,decision_A019_t004,,,2026-03-03,2026-03-03,2026-03-03,09:00,2026-03-03,15:29,2026-03-03,pre_close_cutoff,005930,buy,93,"AI 인프라 수요와 반도체 업황 회복 기대감으로 중장기적 상승 모멘텀이 우세하다고 판단되며, 현재 주가 (195,100 원) 는 내재가치 대비 저평가 구간으로 평가됩니다. 또한 초고수들의 매수 신호와 샤오미 대비 압도적인 점유율 우위는 가치투자 관점과 부합합니다. 현재 미실현 손실 상태이나, 현금 여력이 충분하여 페르소나의 성향인 손실 구간에서의 추가 매수 (averaging down) 전략을 통해 평균 매수 단가를 낮추고 포트폴리오 효율을 높이는 것이 적절합니다.",1,llm_first_response,not_one_share
RN_COMM_OFF,2026-03-03,4,pm,A018,ltb_A018_t003,stb_A018_t004,analysis_A018_t004,decision_A018_t004,,,2026-03-03,2026-03-03,2026-03-03,09:00,2026-03-03,15:29,2026-03-03,pre_close_cutoff,005930,buy,129,"미·이란 전쟁 리스크에도 불구하고 코스피 6,100 선 방어와 기술적 중기 지지선(20 일선) 상회로 시장 회복 탄력성이 확인됨. 현재가 (195,100 원) 가 5 일선 하회로 조정된 구간이며, 페르소나의 '손실 시 추가 매수' 성향과 고위험 고수익 선호에 부합하는 매수 기회로 판단됨. 보유 현금 5,072 만 원으로 최대 매수 가능 수량 (129 주) 전량을 투입하여 단일 종목 집중 전략을 수행함.",1,llm_first_response,not_one_share
RN_COMM_OFF,2026-03-03,4,pm,A017,ltb_A017_t003,stb_A017_t004,analysis_A017_t004,decision_A017_t004,,,2026-03-03,2026-03-03,2026-03-03,09:00,2026-03-03,15:29,2026-03-03,pre_close_cutoff,005930,sell,100,"단기 하락 추세 (5일선 하회) 와 지정학적 리스크 (전쟁) 로 인한 변동성 확대 우려가 존재하며, 과거 연속 손실 경험으로 인해 리스크 관리가 부족했던 점을 반성하여 방어적 접근이 필요합니다. 현재 미실현 손실 상태이므로 추가 매수보다는 손실 폭을 제한하기 위해 일부 매도하여 현금 비중을 높이고 변동성을 피하는 것이 타당합니다.",1,llm_first_response,not_one_share
RN_COMM_OFF,2026-03-03,4,pm,A022,ltb_A022_t003,stb_A022_t004,analysis_A022_t004,decision_A022_t004,,,2026-03-03,2026-03-03,2026-03-03,09:00,2026-03-03,15:29,2026-03-03,pre_close_cutoff,005930,sell,130,"초고수들의 매수세가 경쟁사로 이동하고 전쟁 리스크 등 거시적 불확실성이 상존하여 단기 변동성 확대가 예상됩니다. 페르소나의 성향인 '손실 시 이성적 손절' 원칙에 따라, 현재 주가가 진입가 대비 하락하여 미실현 손실이 발생한 상황에서 추가 하락 리스크를 차단하기 위해 보유 물량의 절반을 매도합니다. 반도체 업황 회복 기대감은 있으나, 단기적인 조정 압력이 강해 수익 실현보다는 손실 통제에 중점을 둡니다.",1,llm_first_response,not_one_share
RN_COMM_OFF,2026-03-03,4,pm,A021,ltb_A021_t003,stb_A021_t004,analysis_A021_t004,decision_A021_t004,,,2026-03-03,2026-03-03,2026-03-03,09:00,2026-03-03,15:29,2026-03-03,pre_close_cutoff,005930,sell,100,"단기 이동평균 (MA5) 하향 돌파로 하락 추세가 명확하며, 지정학적 리스크 (전쟁) 로 인한 변동성 확대가 지속될 가능성이 높습니다. 현재 미실현 손실 상태이나, 기술적 하락 신호와 뉴스 정보의 한계 (헤드라인 스캔) 로 인해 추가 손실 방지를 위해 보유 주식을 전량 매도하여 현금화합니다. 분산투자 성향과 균형 잡힌 처분효과를 유지하기 위해 과단성 있는 손절 매도를 실행합니다.",1,llm_first_response,not_one_share
RN_COMM_OFF,2026-03-03,4,pm,A023,ltb_A023_t003,stb_A023_t004,analysis_A023_t004,decision_A023_t004,,,2026-03-03,2026-03-03,2026-03-03,09:00,2026-03-03,15:29,2026-03-03,pre_close_cutoff,005930,buy,78,"전쟁 리스크로 인한 시장 급락 (-9.88%) 으로 인해 삼성전자의 밸류에이션이 매력적으로 조정되었습니다. 6100 선 회복 시도와 ETF 규모 확대 등 '사수' 심리가 공존하며, 삼성전자의 방어적 성격을 고려할 때 현재 가격은 저가 매수 기회로 판단됩니다. 이전 LTB 에서 인지한 '램마겟돈'과 'AI'의 장기 성장성과 현재 단기 조정 국면을 종합하여, 현금 3081 만 원 전액을 활용하여 최대 수량인 78 주를 매수합니다.",1,llm_first_response,not_one_share
RN_COMM_OFF,2026-03-03,4,pm,A024,ltb_A024_t003,stb_A024_t004,analysis_A024_t004,decision_A024_t004,,,2026-03-03,2026-03-03,2026-03-03,09:00,2026-03-03,15:29,2026-03-03,pre_close_cutoff,005930,buy,73,"미·이란 전쟁 리스크로 인한 급락 후 6100 선 회복 등 시장 방어 심리가 확인되어 과매도 구간에서 저가 매수 기회로 판단합니다. 기술적 지표상 20 일선 지지와 거래량 증가가 반등 신호를 시사하며, 고위험 고수익 선호 성향과 분산 투자 원칙에 따라 보유 현금 전량을 활용해 매수 수량을 최대화합니다.",1,llm_first_response,not_one_share
RN_COMM_OFF,2026-03-03,4,pm,A020,ltb_A020_t003,stb_A020_t004,analysis_A020_t004,decision_A020_t004,,,2026-03-03,2026-03-03,2026-03-03,09:00,2026-03-03,15:29,2026-03-03,pre_close_cutoff,005930,buy,100,"중장기적으로는 AI 슈퍼사이클과 반도체 업황 회복, 메모리 가격 상승 기대감으로 우상향 모멘텀이 유지된다는 Belief와 시장 분석을 근거로 합니다. 현재 주가 (195,100원) 가 20일 이동평균선 (179,605원) 을 상회하며 기술적 지지 구간을 형성하고 있고, 지정학적 리스크로 인한 단기 조정 국면은 고위험 고수익 성향의 투자자에게 방어적 매수 기회로 판단됩니다. 과거 성과가 낮아 변동성 관리가 필요하나, 현재 미실현 손실 구간에서 평균 단가를 낮추기 위해 DCA 전략을 적용합니다.",1,llm_first_response,not_one_share
RN_COMM_OFF,2026-03-03,4,pm,A025,ltb_A025_t003,stb_A025_t004,analysis_A025_t004,decision_A025_t004,,,2026-03-03,2026-03-03,2026-03-03,09:00,2026-03-03,15:29,2026-03-03,pre_close_cutoff,005930,sell,100,"기술적 지표 (5일 이동평균선 하회) 와 지정학적 리스크로 인한 단기 변동성 확대가 명확한 약세 신호이므로, 처분효과 전략에 따라 미실현 손실이 발생한 보유 물량의 일부를 매도하여 손실을 확정하고 현금 비중을 확보합니다. 중장기 상승 모멘텀은 유지되나, 단기 추세 확인 전 추격 매수는 위험합니다.",1,llm_first_response,not_one_share
RN_COMM_OFF,2026-03-03,4,pm,A026,ltb_A026_t003,stb_A026_t004,analysis_A026_t004,decision_A026_t004,,,2026-03-03,2026-03-03,2026-03-03,09:00,2026-03-03,15:29,2026-03-03,pre_close_cutoff,005930,buy,30,"반도체 업황 개선과 메모리 가격 상승 기대감으로 내재가치 대비 저평가 구간으로 판단되며, 초고수들의 매수세 포착 등 시장 심리가 긍정적으로 전환되고 있습니다. 과거 손절 실패 이력이 있으나, 현재 주가는 장기 이동평균선 상회로 중기적 상승 흐름을 유지하고 있어 가치 투자 관점에서 분산 투자 원칙 하에 제한적으로 매수합니다.",1,llm_first_response,not_one_share
RN_COMM_OFF,2026-03-03,4,pm,A027,ltb_A027_t003,stb_A027_t004,analysis_A027_t004,decision_A027_t004,,,2026-03-03,2026-03-03,2026-03-03,09:00,2026-03-03,15:29,2026-03-03,pre_close_cutoff,005930,sell,250,"이전 LTB에서 지적한 기술적 하락 추세 (MA5 하회) 와 시장 전체의 조정 흐름이 지속되고 있으며, 현재 보유 주식은 평균 매수 단가 대비 약 7.1% 손실 상태입니다. Short-Term Belief 에서 전쟁 리스크와 변동성 확대 우려가 공존한다고 판단되나, 기술적 지표와 거래량 증가로 매도 압력이 우세한 상황에서 추가 손실 확대를 방지하기 위해 원칙에 따라 전량 손절합니다.",1,llm_first_response,not_one_share
RN_COMM_OFF,2026-03-03,4,pm,A028,ltb_A028_t003,stb_A028_t004,analysis_A028_t004,decision_A028_t004,,,2026-03-03,2026-03-03,2026-03-03,09:00,2026-03-03,15:29,2026-03-03,pre_close_cutoff,005930,buy,15,"현재 주가 195,100원이 20일 이동평균선(179,605원) 부근에서 지지력을 보이며 하락 추세가 둔화되고 있어, 고위험 고수익 성향에 따라 저가 매수 기회를 포착합니다. 이전 LTB에서 지적한 기술적 저항선 과소평가 패턴을 보완하여, 지정학적 리스크로 인한 변동성 확대 시에도 20일선 부근의 방어력을 신뢰하고 분산 투자 원칙에 따라 현금의 50% 제한 내에서 절반 수준인 15주를 매수합니다.",1,llm_first_response,not_one_share
RN_COMM_OFF,2026-03-03,4,pm,A031,ltb_A031_t003,stb_A031_t004,analysis_A031_t004,decision_A031_t004,,,2026-03-03,2026-03-03,2026-03-03,09:00,2026-03-03,15:29,2026-03-03,pre_close_cutoff,005930,buy,50,"지정학적 리스크로 인한 급락 (216,500원→195,100원) 으로 밸류에이션이 매력적인 저평가 구간 (MA20 지지선 상회) 에 진입했습니다. 내재가치 투자 관점에서 반도체 업황 개선과 메모리 가격 상승 기대감이 전쟁 리스크를 상쇄할 것으로 판단하여, 현금 보유 여력을 활용해 평균 단가 하향 조정 (DCA) 을 진행합니다.",1,llm_first_response,not_one_share
RN_COMM_OFF,2026-03-03,4,pm,A029,ltb_A029_t003,stb_A029_t004,analysis_A029_t004,decision_A029_t004,,,2026-03-03,2026-03-03,2026-03-03,09:00,2026-03-03,15:29,2026-03-03,pre_close_cutoff,005930,buy,130,"전일 대비 약 10% 급락으로 밸류에이션이 과도하게 매도된 구간이며, 6100 선 회복과 방산/기술 섹터 상승세 등 시장 방어력과 단기 반등 모멘텀이 확인되었습니다. 페르소나의 '손실 시 추가 매수' 성향과 고위험 고수익 선호 특성에 따라, 현재가 195,100 원은 메모리 공급난과 AI 테마 호재를 반영한 저평가 진입 기회로 판단되어 보유 현금의 최대 한도 (130 주) 로 매수합니다.",1,llm_first_response,not_one_share
RN_COMM_OFF,2026-03-03,4,pm,A032,ltb_A032_t003,stb_A032_t004,analysis_A032_t004,decision_A032_t004,,,2026-03-03,2026-03-03,2026-03-03,09:00,2026-03-03,15:29,2026-03-03,pre_close_cutoff,005930,buy,100,"페르소나의 '손실 시 추가 매수' 전략과 현재 주가 (195,100원) 가 평균 매수 단가 (209,500원) 보다 낮아 손실 구간 진입이 예상되나, 메모리 가격 상승과 AI 수요 증가 등 장기적 성장 동력은 유지되고 있어 저평가 매수 기회로 판단합니다. 또한, 현금 비중이 75%로 높아 분산 매수를 통해 평균 단가를 낮추는 것이 적절합니다.",1,llm_first_response,not_one_share
RN_COMM_OFF,2026-03-03,4,pm,A030,ltb_A030_t003,stb_A030_t004,analysis_A030_t004,decision_A030_t004,,,2026-03-03,2026-03-03,2026-03-03,09:00,2026-03-03,15:29,2026-03-03,pre_close_cutoff,005930,buy,60,"현재 주가 (195,100원) 가 20일 이동평균선 (179,605원) 에 근접하여 기술적 지지 구간에서 방어적 매수 심리가 작용하고 있으며, 메모리 수급 개선 기대 등 산업적 호재가 장기적 관점에서 저평가 매수 기회로 판단됩니다. 다만, 전쟁 리스크와 거시적 불확실성으로 인한 추가 변동성 가능성을 고려하여, 과거 매수 실패 경험을 반영해 최대 가능 수량 (120주) 의 절반 수준인 60주로 제한적으로 매수합니다.",1,llm_first_response,not_one_share
RN_COMM_OFF,2026-03-03,4,pm,A033,ltb_A033_t003,stb_A033_t004,analysis_A033_t004,decision_A033_t004,,,2026-03-03,2026-03-03,2026-03-03,09:00,2026-03-03,15:29,2026-03-03,pre_close_cutoff,005930,buy,36,"반도체 업황 회복과 메모리 가격 상승 기대감 등 중장기 상승 모멘텀이 유지되고 있으며, 현재 주가는 내재가치 대비 저평가된 구간으로 판단됩니다. 이전 장기 신념과 현재 단기 신념이 일치하여 하락폭이 제한될 것이라는 관점을 바탕으로, 손실 상태인 보유 물량을 방어하고 평균 단가를 낮추기 위해 제한적으로 추가 매수합니다.",1,llm_first_response,not_one_share
RN_COMM_OFF,2026-03-03,4,pm,A034,ltb_A034_t003,stb_A034_t004,analysis_A034_t004,decision_A034_t004,,,2026-03-03,2026-03-03,2026-03-03,09:00,2026-03-03,15:29,2026-03-03,pre_close_cutoff,005930,buy,60,"중장기적으로 반도체 업황 회복과 메모리 가격 상승 모멘텀이 강해 내재가치 대비 저평가 구간으로 판단됩니다. 이전 LTB에서 지적한 리스크 관리 부족을 보완하기 위해, 보유 현금의 약 30% 수준인 60주 (약 1,170 만원) 를 매수하여 평균 매수 단가를 낮추고 현금 비중을 조절하며, 특정 종목 집중 리스크를 완화합니다.",1,llm_first_response,not_one_share
RN_COMM_OFF,2026-03-03,4,pm,A035,ltb_A035_t003,stb_A035_t004,analysis_A035_t004,decision_A035_t004,,,2026-03-03,2026-03-03,2026-03-03,09:00,2026-03-03,15:29,2026-03-03,pre_close_cutoff,005930,buy,20,"시장 전체가 전쟁 리스크로 급락했으나 6100선을 회복하며 방어 기제가 작동하고 있다는 Short-Term Belief와, 20일 이동평균선 상단에서 지지를 받고 있어 중기 추세는 유지되고 있다는 기술적 분석을 근거로 매수합니다. 이전 고점 매수 시 손실을 경험했으나, 현재 가격대는 방어적 관점에서의 매수 기회로 재평가되며, 현금 여력이 충분하여 분산 투자 성향을 고려하되 단일 종목에 집중된 포트폴리오 특성상 제한적으로 추가 매수합니다.",1,llm_first_response,not_one_share
RN_COMM_OFF,2026-03-03,4,pm,A036,ltb_A036_t003,stb_A036_t004,analysis_A036_t004,decision_A036_t004,,,2026-03-03,2026-03-03,2026-03-03,09:00,2026-03-03,15:29,2026-03-03,pre_close_cutoff,005930,buy,54,"지정학적 리스크로 인한 시장 공포로 주가가 일시적으로 하락했으나, 내재가치 관점에서 저평가 구간으로 판단됩니다. 이전 LTB와 현재 STB 모두 장기적 상승 흐름과 저평가 매수 기회를 강조하며, 현재 보유 주식의 미실현 손익은 가치 투자 원칙에 따라 추가 매수로 평균 단가를 낮추는 것이 타당합니다. 현금 여력이 충분하므로 최대 매수 가능 수량인 54주를 매수하여 저평가 구간을 활용합니다.",1,llm_first_response,not_one_share
RN_COMM_OFF,2026-03-03,4,pm,A038,ltb_A038_t003,stb_A038_t004,analysis_A038_t004,decision_A038_t004,,,2026-03-03,2026-03-03,2026-03-03,09:00,2026-03-03,15:29,2026-03-03,pre_close_cutoff,005930,buy,64,"전쟁 리스크로 인한 급락 후 6100 선 방어와 함께 시장 심리가 회복되는 국면으로 판단, 기술적 관점에서 저가 매수 기회로 해석함. 이전 LTB 에서 언급된 처분효과 (손실 시 추가 매수) 전략과 현재 보유 주식의 평균 단가 대비 하락폭을 고려하여 현금의 50% 한도 내에서 제한적으로 매수하여 평균 단가를 낮추고 방어력을 강화함.",1,llm_first_response,not_one_share
RN_COMM_OFF,2026-03-03,4,pm,A040,ltb_A040_t003,stb_A040_t004,analysis_A040_t004,decision_A040_t004,,,2026-03-03,2026-03-03,2026-03-03,09:00,2026-03-03,15:29,2026-03-03,pre_close_cutoff,005930,sell,100,"중동 전쟁 리스크로 인한 글로벌 불확실성과 단기 하락 추세 (5 일선 하단) 가 우세하며, 최근 하락 시점 매수 경험 (-3.2%) 에서 보듯 단기 추세 추종 전략이 실패할 경우 손실 확대 위험이 큽니다. 고위험 고수익 선호 성향이지만, 현재는 호재와 악재가 상충되는 불확실성 구간이므로 미실현 손익을 일부 실현하여 리스크를 축소하고 현금 비중을 확보하는 것이 타당합니다.",1,llm_first_response,not_one_share
RN_COMM_OFF,2026-03-03,4,pm,A039,ltb_A039_t003,stb_A039_t004,analysis_A039_t004,decision_A039_t004,,,2026-03-03,2026-03-03,2026-03-03,09:00,2026-03-03,15:29,2026-03-03,pre_close_cutoff,005930,sell,4131,"이전 매수 (210,000 원, 216,500 원) 가 모두 하락하여 단기 판단이 틀렸음을 인지했으며, 현재가 (195,100 원) 가 5 일 이동평균 (206,620 원) 하단에 위치하여 단기 하락 추세가 명확합니다. 전쟁 리스크로 인한 지정학적 불확실성이 지속될 경우 기술적 지지선 (6100 선) 이 무너질 수 있어, 고위험 고수익 성향이지만 손실 시 이성적으로 손절하는 원칙에 따라 전량 매도하여 손실을 확정합니다.",1,llm_first_response,not_one_share
RN_COMM_OFF,2026-03-03,4,pm,A044,ltb_A044_t003,stb_A044_t004,analysis_A044_t004,decision_A044_t004,,,2026-03-03,2026-03-03,2026-03-03,09:00,2026-03-03,15:29,2026-03-03,pre_close_cutoff,005930,sell,150,"이전 LTB에서 지적한 대로 최근 매수 판단이 하락으로 이어져 손실이 발생한 이력이 있으며, 오늘의 Short-Term Belief와 시장 분석에 따르면 지정학적 리스크 (전쟁) 로 인한 변동성 확대와 거시적 불확실성이 지속될 것으로 보입니다. 기술적 지표 (MA5 하향) 와 거래량 증가에 따른 하락 압력이 강해 추가 손실 위험이 크다고 판단됩니다. 페르소나의 성향인 '손실 시 이성적으로 손절' 원칙에 따라 현재 미실현 손실 상태를 청산하고 현금화하는 것이 적절합니다.",1,llm_first_response,not_one_share
RN_COMM_OFF,2026-03-03,4,pm,A037,ltb_A037_t003,stb_A037_t004,analysis_A037_t004,decision_A037_t004,,,2026-03-03,2026-03-03,2026-03-03,09:00,2026-03-03,15:29,2026-03-03,pre_close_cutoff,005930,buy,100,"반도체 업황 호조와 AI 수요 증가 등 중장기 상승 모멘텀이 우세하다는 Short-Term Belief와, 전쟁 리스크로 인한 급락이 매수 기회라는 관점을 종합했습니다. 현재 종가 (195,100 원) 가 5 일 이동평균선 (206,620 원) 을 하회하며 단기 조정 국면이나, 기술적 지표와 뉴스의 긍정적 요인 (초고수 투자자 매수세, 메모리 부족) 을 고려하여 분산된 접근으로 진입합니다. 과거 2 회 연속 손실 경험을 반영하여 전량 매수보다는 제한적 수량 (최대 가능 수량의 약 40%) 으로 진입하여 심리적 부담을 줄이고 추후 추가 매수 여력을 확보합니다.",1,llm_first_response,not_one_share
RN_COMM_OFF,2026-03-03,4,pm,A043,ltb_A043_t003,stb_A043_t004,analysis_A043_t004,decision_A043_t004,,,2026-03-03,2026-03-03,2026-03-03,09:00,2026-03-03,15:29,2026-03-03,pre_close_cutoff,005930,buy,300,"전쟁 리스크로 인한 단기 급락 (전일 -9.88%) 이 6100 원대 지지선 (현재 195,100 원) 을 테스트하고 있으나, 반도체 업황 개선과 초고수들의 매수세, 레버리지 ETF 수익률 급등 등 중장기 상승 모멘텀이 유지되고 있어 저점 매수 기회로 판단합니다. 이전 LTB에서 지적한 기술적 하락 추세와 손절 라인 근처의 미실현 손실 (-775 만 원) 을 고려할 때, 고위험 고수익 전략에 따라 분할 매수를 통해 평균 단가를 낮추고 추세를 반전시킬 기회를 노립니다.",1,llm_first_response,not_one_share
RN_COMM_OFF,2026-03-03,4,pm,A041,ltb_A041_t003,stb_A041_t004,analysis_A041_t004,decision_A041_t004,,,2026-03-03,2026-03-03,2026-03-03,09:00,2026-03-03,15:29,2026-03-03,pre_close_cutoff,005930,buy,150,"20일 이동평균 (179,605 원) 상단에서 지지받고 있으며, 반도체 업황 호조와 AI 수요 증가라는 장기적 모멘텀이 존재합니다. 현재 주가는 5일 이동평균 하단에서 조정 중이나, 초고수들의 매수 행보와 메모리 가격 상승 기대감이 하방을 지지할 것으로 판단하여, 제한된 현금 여력을 활용하여 매수 기회를 포착합니다.",1,llm_first_response,not_one_share
RN_COMM_OFF,2026-03-03,4,pm,A042,ltb_A042_t003,stb_A042_t004,analysis_A042_t004,decision_A042_t004,,,2026-03-03,2026-03-03,2026-03-03,09:00,2026-03-03,15:29,2026-03-03,pre_close_cutoff,005930,buy,150,"반도체 업황 개선과 메모리 가격 상승 기대감으로 중기 상승 흐름이 우세하다는 Short-Term Belief와 초고수들의 매수 행보를 근거로 매수합니다. 현재 종가 (195,100원) 가 20일 이동평균선 (179,605원) 상단에 위치하여 중기 지지력을 확보했으나, 5일 이동평균선 하회로 단기 하락 추세이므로 고위험 고수익 성향을 반영하되 과거 손실 경험을 고려해 전량 매수하지 않고 제한적으로 진입합니다.",1,llm_first_response,not_one_share
RN_COMM_OFF,2026-03-03,4,pm,A047,ltb_A047_t003,stb_A047_t004,analysis_A047_t004,decision_A047_t004,,,2026-03-03,2026-03-03,2026-03-03,09:00,2026-03-03,15:29,2026-03-03,pre_close_cutoff,005930,buy,50,"전쟁 리스크로 인한 단기 급락과 5일선 이탈 등 기술적 약세는 인정하나, 장기적 관점에서 AI·로봇 테마와 메모리 수급 호조 등 성장 동력은 유지되고 있어 저평가 매수 기회로 판단합니다. 현재 미실현 손실이 발생했으나 페르소나의 손절 원칙에 따라 손실 시 이성적으로 대응할 수 있는 여력이 있으며, 현금 비중이 높아 추가 매수를 통한 평균 단가 하향이 가능합니다.",1,llm_first_response,not_one_share
RN_COMM_OFF,2026-03-03,4,pm,A045,ltb_A045_t003,stb_A045_t004,analysis_A045_t004,decision_A045_t004,,,2026-03-03,2026-03-03,2026-03-03,09:00,2026-03-03,15:29,2026-03-03,pre_close_cutoff,005930,buy,100,"반도체 업황 개선과 메모리 가격 상승 모멘텀이 전쟁 리스크에도 불구하고 우세하다고 판단되며, 현재 주가가 20일 이동평균선(179,605원)을 지지하고 있어 단기 반등 가능성이 있습니다. 또한, 현재 보유 주식의 평균 매수 단가(209,852원) 대비 하락한 상태이므로, 손실 시 추가 매수하는 페르소나의 성향과 고위험 고수익 기회를 선호하는 특성에 따라 현재 가격대에서의 매수 진입을 통해 평균 매수 단가를 하향 조정하고 장기 수익 실현 기회를 포착합니다.",1,llm_first_response,not_one_share
RN_COMM_OFF,2026-03-03,4,pm,A049,ltb_A049_t003,stb_A049_t004,analysis_A049_t004,decision_A049_t004,,,2026-03-03,2026-03-03,2026-03-03,09:00,2026-03-03,15:29,2026-03-03,pre_close_cutoff,005930,buy,100,"반도체 업황 개선과 메모리 가격 상승 기대감으로 밸류에이션이 적정 수준이며, 전쟁 리스크로 인한 급락 후 회복세가 확인되어 기술적 지지선 (20일 이동평균선) 상단에서 매수 기회를 포착합니다. 이전 손실 상황을 고려하여 분산투자 성향을 유지하되, 현금 여력을 활용해 평균 매수 단가를 낮추기 위한 전략적 매수입니다.",1,llm_first_response,not_one_share
RN_COMM_OFF,2026-03-03,4,pm,A046,ltb_A046_t003,stb_A046_t004,analysis_A046_t004,decision_A046_t004,,,2026-03-03,2026-03-03,2026-03-03,09:00,2026-03-03,15:29,2026-03-03,pre_close_cutoff,005930,buy,50,"반도체 업황 호조와 메모리 가격 상승 기대감으로 6100선 회복세가 확인되나, 전일 매수 실패 경험과 5일선 하회 등 기술적 약세 신호가 공존합니다. 따라서 기술적 돌파 신호가 명확해질 때까지 현금 비중을 유지하며 소량 (50주) 으로만 분산 매수하여 평균 단가를 낮추고 리스크를 관리합니다.",1,llm_first_response,not_one_share
RN_COMM_OFF,2026-03-03,4,pm,A050,ltb_A050_t003,stb_A050_t004,analysis_A050_t004,decision_A050_t004,,,2026-03-03,2026-03-03,2026-03-03,09:00,2026-03-03,15:29,2026-03-03,pre_close_cutoff,005930,sell,100,"전쟁 리스크로 인한 지정학적 불확실성이 지속되고 있으며, 현재가 (195,100원) 가 5일 이동평균선 (206,620원) 하단에서 하락 추세가 명확하다. 기술적 돌파 신호가 확인되지 않은 상태에서 고위험 고수익 선호 성향과 손절 원칙에 따라 미실현 손실을 일부 실현하여 리스크를 축소한다. 뉴스 헤드라인만으로는 삼성전자의 직접적 호재를 확인하기 어렵고, 시장 전체의 위험 회피 성향이 주가에 부정적 영향을 줄 것으로 판단된다.",1,llm_first_response,not_one_share
RN_COMM_OFF,2026-03-03,4,pm,A048,ltb_A048_t003,stb_A048_t004,analysis_A048_t004,decision_A048_t004,,,2026-03-03,2026-03-03,2026-03-03,09:00,2026-03-03,15:29,2026-03-03,pre_close_cutoff,005930,buy,100,"전일 대비 약 10% 급락으로 MA20(179,605 원) 지지 구간 근처에 도달하여 기술적 저가 매수 기회로 판단됩니다. 지정학적 리스크에도 코스피가 6100 선을 방어하며 방어적 성향이 확인되었고, 밸류에이션이 적정 수준으로 평가됩니다. 다만 전일 하락 추세에서의 매수 타이밍 실패 경험을 반영하여, 전량 매수보다는 현금의 절반 수준인 100 주 (약 1,951 만 원) 로 제한적으로 진입합니다.",1,llm_first_response,not_one_share
RN_COMM_OFF,2026-03-03,4,pm,A051,ltb_A051_t003,stb_A051_t004,analysis_A051_t004,decision_A051_t004,,,2026-03-03,2026-03-03,2026-03-03,09:00,2026-03-03,15:29,2026-03-03,pre_close_cutoff,005930,buy,64,"미·이란 전쟁 리스크로 인한 급락 (195,100 원) 이 20 일 이동평균선 (179,605 원) 과 6100 선 방어 심리 사이에서 기술적 지지 구간으로 판단됨. 이전 LTB 에서 언급된 '기술적 지지선 확인' 원칙과 현재 STB 의 '하방 제한 가능성'이 일치하며, 현금 비중이 높아 분산 투자 원칙 하에 저가 매수 기회로 활용함.",1,llm_first_response,not_one_share
RN_COMM_OFF,2026-03-03,4,pm,A052,ltb_A052_t003,stb_A052_t004,analysis_A052_t004,decision_A052_t004,,,2026-03-03,2026-03-03,2026-03-03,09:00,2026-03-03,15:29,2026-03-03,pre_close_cutoff,005930,buy,500,"전쟁 리스크로 인한 시장 급락 후 6100선 방어와 회복세 확인, 밸류에이션 저평가 가능성 등을 고려하여 분산 투자 전략에 따라 제한적으로 매수합니다. 기술적 돌파 신호 부재와 단기 하락 추세는 리스크로 인식하나, 안정적 자산 선호 성향과 현금 여력을 활용하여 평균 매수 단가 하향 및 장기적 관점의 저가 매수 기회를 노립니다.",1,llm_first_response,not_one_share
RN_COMM_OFF,2026-03-03,4,pm,A053,ltb_A053_t003,stb_A053_t004,analysis_A053_t004,decision_A053_t004,,,2026-03-03,2026-03-03,2026-03-03,09:00,2026-03-03,15:29,2026-03-03,pre_close_cutoff,005930,buy,100,"전쟁 리스크로 인한 시장 과반락이 밸류에이션을 매력적으로 만들었으며, 6100선 방어와 대형주 방어력 입증은 내재가치 대비 저평가 구간 진입 신호입니다. 이전 LTB의 '하락폭 제한적' 관점과 현재 STB의 '방어적 우위' 전망이 일치하여, 현금 비중이 높은 포트폴리오 특성을 활용해 평균 단가 하향과 저가 매수 기회를 선제적으로 활용합니다.",1,llm_first_response,not_one_share
RN_COMM_OFF,2026-03-03,4,pm,A054,ltb_A054_t003,stb_A054_t004,analysis_A054_t004,decision_A054_t004,,,2026-03-03,2026-03-03,2026-03-03,09:00,2026-03-03,15:29,2026-03-03,pre_close_cutoff,005930,sell,148,"현재 주가는 5일 이동평균선 (206,620원) 을 하회하며 9.88% 급락하는 등 단기 기술적 약세가 뚜렷합니다. 전쟁 리스크로 인한 지정학적 불확실성과 시장 전체의 하락세가 공존하는 상황에서, 과거 매수 판단 실패 경험 (-0.24%) 과 손실 시 이성적으로 손절하는 투자 성향을 고려하여, 현재 보유 물량 전량을 매도하여 손실을 확정 짓고 현금화하는 것이 리스크 관리에 부합합니다. 중장기 상승 흐름이 유지될 것이라는 관점 (LTB/STB) 이 있으나, 단기 변동성 대비와 손절 원칙이 우선시되어야 합니다.",1,llm_first_response,not_one_share
RN_COMM_OFF,2026-03-03,4,pm,A055,ltb_A055_t003,stb_A055_t004,analysis_A055_t004,decision_A055_t004,,,2026-03-03,2026-03-03,2026-03-03,09:00,2026-03-03,15:29,2026-03-03,pre_close_cutoff,005930,sell,100,"이전 LTB에서 지적한 손절 기준 미준수로 인한 손실 경험과 현재 기술적 하락 추세 (MA5 하향) 를 고려하여, 손실 확대를 방지하기 위해 일부 매도합니다. Short-Term Belief 에서 긍정적 요인이 있으나 지정학적 리스크와 기술적 돌파 신호 부재로 인해 단기 변동성 위험이 크므로, 손실 구간에서의 추가 매수 (처분효과) 를 중단하고 현금 비중을 확보합니다.",1,llm_first_response,not_one_share
RN_COMM_OFF,2026-03-03,4,pm,A057,ltb_A057_t003,stb_A057_t004,analysis_A057_t004,decision_A057_t004,,,2026-03-03,2026-03-03,2026-03-03,09:00,2026-03-03,15:29,2026-03-03,pre_close_cutoff,005930,sell,100,"단기 이동평균선 (MA5) 하향 돌파와 전일 대비 -9.88% 급락 등 명확한 하락 추세가 확인되었으나, 지정학적 리스크와 거시 불확실성으로 인해 추가 조정 가능성이 높습니다. 이전 연속 손실 경험과 기술적 약세를 고려할 때, 미실현 손실을 일부 실현하여 리스크를 축소하고 현금 비중을 확보하는 것이 안전합니다. 초고수들의 매수세가 있으나 시장 전체의 위험 회피 성향이 강해 단기 반등보다는 방어적 매도가 우선입니다.",1,llm_first_response,not_one_share
RN_COMM_OFF,2026-03-03,4,pm,A056,ltb_A056_t003,stb_A056_t004,analysis_A056_t004,decision_A056_t004,,,2026-03-03,2026-03-03,2026-03-03,09:00,2026-03-03,15:29,2026-03-03,pre_close_cutoff,005930,buy,493,"반도체 업황 회복과 메모리 가격 상승 기대감으로 중장기 상승 모멘텀이 우세하다는 Short-Term Belief와, PER 10 배 초반의 역사적 저평가 구간이라는 Long-Term Belief가 일치합니다. 현재가 (195,100 원) 가 5 일선 이탈로 단기 하락 추세이나 20 일선에서 지지받고 있으며, 페르소나의 성향인 '손실 시 추가 매수' 전략에 따라 미실현 손실을 줄이기 위해 보유 현금의 약 50% 한도 내에서 전량 매수합니다.",1,llm_first_response,not_one_share
RN_COMM_OFF,2026-03-03,4,pm,A058,ltb_A058_t003,stb_A058_t004,analysis_A058_t004,decision_A058_t004,,,2026-03-03,2026-03-03,2026-03-03,09:00,2026-03-03,15:29,2026-03-03,pre_close_cutoff,005930,sell,100,"단기 하락세가 강해 5일 이동평균선 하회 및 추가 조정 가능성이 높으며, 기술적 돌파 신호와 거래량 확대가 확인되지 않은 상태에서 추격 매수는 리스크가 큽니다. 고위험 고수익 선호 성향과 분산투자 부족으로 특정 종목 집중도가 높아진 상황에서, 미실현 손실을 일부 확정하고 현금 비중을 확보하여 변동성 확대 (전쟁 리스크) 에 대비하는 것이 타당합니다.",1,llm_first_response,not_one_share
RN_COMM_OFF,2026-03-03,4,pm,A060,ltb_A060_t003,stb_A060_t004,analysis_A060_t004,decision_A060_t004,,,2026-03-03,2026-03-03,2026-03-03,09:00,2026-03-03,15:29,2026-03-03,pre_close_cutoff,005930,buy,53,"중장기적으로 반도체 업황 회복과 메모리 가격 상승 기대감이 우세하며, 현재 주가는 내재가치 대비 저평가 구간으로 판단됩니다. 이전 매수 단가 대비 하락하여 밸류에이션이 매력적이며, 보유 현금으로 최대 매수 가능 수량인 53 주를 매수하여 평균 단가를 낮추고 장기 투자 관점에서 저가 매수 기회를 활용합니다.",1,llm_first_response,not_one_share
RN_COMM_OFF,2026-03-03,4,pm,A062,ltb_A062_t003,stb_A062_t004,analysis_A062_t004,decision_A062_t004,,,2026-03-03,2026-03-03,2026-03-03,09:00,2026-03-03,15:29,2026-03-03,pre_close_cutoff,005930,buy,100,"전쟁 리스크로 인한 급락 후 6100선 방어세가 확인되어 단기 기술적 반등 가능성이 있으나, MA5 상회로 인한 추락세 지속 리스크가 존재합니다. 그러나 메모리 공급난과 AI 테마 등 장기적 호재가 하방을 제한할 수 있어, 현재 가격대에서의 조정 매수 기회로 판단합니다. 보유 수량이 적어 현금 비중이 충분하므로 제한적으로 매수하여 평균 매수 단가를 낮추고 포트폴리오를 재편성합니다.",1,llm_first_response,not_one_share
RN_COMM_OFF,2026-03-03,4,pm,A063,ltb_A063_t003,stb_A063_t004,analysis_A063_t004,decision_A063_t004,,,2026-03-03,2026-03-03,2026-03-03,09:00,2026-03-03,15:29,2026-03-03,pre_close_cutoff,005930,buy,1000,"전쟁 리스크로 인한 시장 급락 후 6100선 회복 등 방어세가 확인되어 저평가 구간 진입을 시도합니다. MA5 저항선 하방에 있으나, 기술적 돌파 신호를 기다리는 중립적 관점에서 초기 매수 포지션을 확보합니다. 뉴스 헤드라인의 한계로 구체적인 호재는 확인 불가하나, 방산 수혜 기대감과 시장 심리 회복세를 고려합니다.",1,llm_first_response,not_one_share
RN_COMM_OFF,2026-03-03,4,pm,A059,ltb_A059_t003,stb_A059_t004,analysis_A059_t004,decision_A059_t004,,,2026-03-03,2026-03-03,2026-03-03,09:00,2026-03-03,15:29,2026-03-03,pre_close_cutoff,005930,buy,100,"반도체 업황의 장기적 호조와 메모리 가격 상승 기대감, 그리고 샤오미 경쟁에도 불구하고 유지되는 압도적 시장 점유율 (81%) 을 근거로 중장기 모멘텀을 신뢰합니다. 현재 주가는 20일 이동평균선 (179,605원) 에 근접하여 기술적 지지 구간을 테스트 중이며, 전쟁 리스크로 인한 시장 전체의 공포로 주가가 일시적으로 조정받은 상태이므로, 기술적 돌파 신호를 기다리는 관점에서 제한적으로 진입합니다. 이전 손실 경험 (0.2%) 을 반성하여 추격 매수보다는 지지 구간에서의 분산 매수 전략을 적용합니다.",1,llm_first_response,not_one_share
RN_COMM_OFF,2026-03-03,4,pm,A064,ltb_A064_t003,stb_A064_t004,analysis_A064_t004,decision_A064_t004,,,2026-03-03,2026-03-03,2026-03-03,09:00,2026-03-03,15:29,2026-03-03,pre_close_cutoff,005930,buy,50,"중동 전쟁 리스크로 인한 단기 하락세와 5일선 이탈 등 기술적 약세가 존재하나, 내재가치 관점에서 저평가 구간이 형성되었고 반도체 업황 회복 및 ETF 유입 등 중장기 모멘텀이 강해 매수 기회로 판단합니다. 페르소나의 '손실 시 이성적 손절' 원칙과 '저평가 매수' 전략에 따라, 현재 가격에서 평균 단가를 낮추기 위해 제한적으로 추가 매수합니다.",1,llm_first_response,not_one_share
RN_COMM_OFF,2026-03-03,4,pm,A061,ltb_A061_t003,stb_A061_t004,analysis_A061_t004,decision_A061_t004,,,2026-03-03,2026-03-03,2026-03-03,09:00,2026-03-03,15:29,2026-03-03,pre_close_cutoff,005930,buy,48,"PER 10 배 초반의 저평가 구간과 AI 인프라 수요 증가 등 내재적 모멘텀이 강해 중장기 상승 흐름이 유지될 것으로 판단합니다. 지정학적 리스크로 인한 단기 급락은 오히려 저가 매수 기회로 작용할 수 있으며, 현재 보유 현금 여력이 충분하여 최대 매수 가능 수량인 48 주를 전량 매수하여 평균 매수 단가를 낮추고 포트폴리오를 재조정합니다.",1,llm_first_response,not_one_share
RN_COMM_OFF,2026-03-03,4,pm,A067,ltb_A067_t003,stb_A067_t004,analysis_A067_t004,decision_A067_t004,,,2026-03-03,2026-03-03,2026-03-03,09:00,2026-03-03,15:29,2026-03-03,pre_close_cutoff,005930,buy,30,"중장기적으로 반도체 업황 호조와 AI 수요 증가 모멘텀이 우세하다는 Short-Term Belief와 기술적 20 일 이동평균선 부근의 지지 가능성을 근거로 매수합니다. 다만, 이전 2 건의 매수 손실 이력과 지정학적 리스크로 인한 단기 변동성 우려가 있으므로, 분산투자 성향과 리스크 관리 원칙에 따라 최대 가능 수량(66 주) 의 절반 수준인 30 주로 제한적으로 매수하여 평균 매수 단가를 낮추고 현금 여력을 유지합니다.",1,llm_first_response,not_one_share
RN_COMM_OFF,2026-03-03,4,pm,A066,ltb_A066_t003,stb_A066_t004,analysis_A066_t004,decision_A066_t004,,,2026-03-03,2026-03-03,2026-03-03,09:00,2026-03-03,15:29,2026-03-03,pre_close_cutoff,005930,buy,37,"반도체 업황 회복과 AI 수요 증가라는 구조적 모멘텀이 하방을 지지하며, 현재 주가가 20 일 이동평균선 부근에서 지지력을 보이고 있어 장기적 저평가 매수 기회로 판단됩니다. 이전 매수 타이밍 실수를 교훈으로 삼아, 현금 잔액의 50% 한도 내에서 전량 매수하여 평균 매수 단가를 낮추고 포트폴리오의 내재가치 방어력을 강화합니다.",1,llm_first_response,not_one_share
RN_COMM_OFF,2026-03-03,4,pm,A070,ltb_A070_t003,stb_A070_t004,analysis_A070_t004,decision_A070_t004,,,2026-03-03,2026-03-03,2026-03-03,09:00,2026-03-03,15:29,2026-03-03,pre_close_cutoff,005930,sell,100,"5일 이동평균선 하단에서의 명확한 하락 추세와 기술적 돌파 신호 부재로 인해 방어적 매도가 우선시됩니다. 전쟁 리스크 등 지정학적 불확실성이 지속될 경우 추가 급락 가능성이 높으며, 과거 연속 손실 경험으로 인해 손절 원칙을 준수하여 리스크를 제한해야 합니다. 고위험 고수익 선호 성향이지만, 현재 시장 환경에서는 생존을 위한 손절이 더 중요합니다.",1,llm_first_response,not_one_share
RN_COMM_OFF,2026-03-03,4,pm,A065,ltb_A065_t003,stb_A065_t004,analysis_A065_t004,decision_A065_t004,,,2026-03-03,2026-03-03,2026-03-03,09:00,2026-03-03,15:29,2026-03-03,pre_close_cutoff,005930,buy,50,"Short-Term Belief에서 메모리 가격 상승과 AI 수요로 인한 업황 개선 흐름이 1개월 내 상승 모멘텀을 주도할 것으로 전망되며, 현재가 (195,100원) 가 20일 이동평균선 (179,605원) 상단에 머무르며 중기 상승 추세는 유지되고 있습니다. 과거 두 차례 연속 손실 경험을 통해 외부 변수를 과소평가하지 않도록 신중하게 접근하되, 현 가격대는 밸류에이션 측면에서 매력적인 저평가 구간으로 판단되어 분산투자 원칙 하에 제한적으로 매수합니다.",1,llm_first_response,not_one_share
RN_COMM_OFF,2026-03-03,4,pm,A068,ltb_A068_t003,stb_A068_t004,analysis_A068_t004,decision_A068_t004,,,2026-03-03,2026-03-03,2026-03-03,09:00,2026-03-03,15:29,2026-03-03,pre_close_cutoff,005930,buy,100,"Short-Term Belief 에서 반도체 업황 개선과 초고수들의 매수 행보를 낙관적 신호로 해석하고, 현재가 (195,100 원) 가 20 일 이동평균 (179,605 원) 에 근접하여 기술적 지지 구간으로 판단했습니다. 페르소나의 성향인 '손실 시 추가 매수 (averaging down)' 전략에 따라 평균 단가 (209,500 원) 를 낮추기 위해 매수합니다. 지정학적 리스크로 인한 단기 변동성은 존재하나, 중기적 상승 흐름이 유지될 것이라는 관점을 반영했습니다.",1,llm_first_response,not_one_share
RN_COMM_OFF,2026-03-03,4,pm,A069,ltb_A069_t003,stb_A069_t004,analysis_A069_t004,decision_A069_t004,,,2026-03-03,2026-03-03,2026-03-03,09:00,2026-03-03,15:29,2026-03-03,pre_close_cutoff,005930,buy,48,"전쟁 리스크로 인한 시장 과반응으로 6100선(195,100원) 부근에서 저평가 매수 기회가 형성되었음을 판단합니다. 이전 장기 신념에서 지적한 밸류에이션 개선 기대와 오늘의 단기 신념에서 강조한 시장 심리 회복 및 ETF 자금 유입 기대감이 결합되어, 고위험 고수익 기회를 선호하는 페르소나의 성향에 따라 현재 현금 여력(1,891 만 원) 을 모두 활용하여 매수합니다. 특히 분산투자 성향이 약해 특정 종목에 집중하는 전략을 유지하며, 미실현 손실 구간을 만회할 수 있는 타이밍으로 봅니다.",1,llm_first_response,not_one_share
RN_COMM_OFF,2026-03-03,4,pm,A071,ltb_A071_t003,stb_A071_t004,analysis_A071_t004,decision_A071_t004,,,2026-03-03,2026-03-03,2026-03-03,09:00,2026-03-03,15:29,2026-03-03,pre_close_cutoff,005930,buy,1000,"중장기적으로 AI 인프라 확대로 인한 메모리 수요 증가와 갤럭시 버즈4 등 제품 경쟁력 강화로 우상향 흐름이 예상되며, 현재 주가는 내재가치 대비 저평가 구간으로 판단됩니다. 지정학적 리스크 등 단기 변동성은 존재하나, 20일 이동평균선 지지와 ETF 유입 확대 등 시장 심리가 긍정적이라 신중한 매수 기회를 포착합니다.",1,llm_first_response,not_one_share
RN_COMM_OFF,2026-03-03,4,pm,A073,ltb_A073_t003,stb_A073_t004,analysis_A073_t004,decision_A073_t004,,,2026-03-03,2026-03-03,2026-03-03,09:00,2026-03-03,15:29,2026-03-03,pre_close_cutoff,005930,sell,100,"전쟁 리스크로 인한 지정학적 불확실성과 기술적 하락 추세 (종가 MA5 하회) 가 우세하여 단기 방어적 관점을 유지합니다. 과거 매수 실패 경험과 헤드라인 스캔의 한계를 고려할 때, 불확실성이 해소될 때까지 보유 물량을 일부 매도하여 현금 비중을 높이고 리스크를 관리하는 것이 타당합니다.",1,llm_first_response,not_one_share
RN_COMM_OFF,2026-03-03,4,pm,A072,ltb_A072_t003,stb_A072_t004,analysis_A072_t004,decision_A072_t004,,,2026-03-03,2026-03-03,2026-03-03,09:00,2026-03-03,15:29,2026-03-03,pre_close_cutoff,005930,sell,100,"이전 LTB에서 매수 판단이 틀려 손실이 발생했던 경험 (dim_6) 과 현재 기술적 지표 (MA5 하향 돌파, 전일 -9.88% 급락) 가 단기 하락 추세를 강력히 시사합니다. 전쟁 리스크와 거시경제 불확실성으로 인한 변동성이 극대화되는 상황에서, 고위험 고수익을 선호하는 성향보다는 '손실 시 이성적으로 손절'하는 원칙을 우선 적용하여 리스크를 축소해야 합니다. 반도체 업황 호재는 중장기적 관점이므로, 단기적인 심리적 지지선 붕괴와 과잉 반응에 따른 추가 하락 가능성을 방어하기 위해 일부 매도합니다.",1,llm_first_response,not_one_share
RN_COMM_OFF,2026-03-03,4,pm,A076,ltb_A076_t003,stb_A076_t004,analysis_A076_t004,decision_A076_t004,,,2026-03-03,2026-03-03,2026-03-03,09:00,2026-03-03,15:29,2026-03-03,pre_close_cutoff,005930,sell,200,"이전 LTB에서 확인한 처분효과의 역효과 (손실 시 추가 매수 실패) 를 반성하여, 현재 미실현 손실 상태 (-533,333 원) 에서 더 이상 손실을 키우는 추가 매수는 지양합니다. 기술적 지표 (5일 이동평균선 하회) 와 시장 변동성 (전쟁 리스크) 을 고려할 때, 단기 하락 추세가 명확하므로 손절매를 통해 현금화하고 심리적 부담을 해소하는 것이 우선입니다. 고위험 고수익 선호 성향이지만, 현재 포트폴리오의 손실 구간에서는 방어적 매도가 더 합리적입니다.",1,llm_first_response,not_one_share
RN_COMM_OFF,2026-03-03,4,pm,A074,ltb_A074_t003,stb_A074_t004,analysis_A074_t004,decision_A074_t004,,,2026-03-03,2026-03-03,2026-03-03,09:00,2026-03-03,15:29,2026-03-03,pre_close_cutoff,005930,sell,100,"이전 투자 실패 경험 (dim_6) 을 교훈으로 삼아, 현재가 (195,100 원) 가 5 일 이동평균선 (206,620 원) 하단에 머무르며 단기 하락 추세가 명확한 상황에서 무리한 매수 (buy) 는 자제합니다. 전쟁 리스크와 금리 우려 등 거시적 불확실성이 지속될 수 있으나, 기술적 지표상 추가 하락 가능성이 높으므로 미실현 손실을 일부 확정하여 리스크를 줄이는 손절 (sell) 전략을 취합니다. 특히 고위험 고수익 선호 성향과 분산투자 부족으로 인한 집중 리스크를 관리하기 위해 보유 물량의 일부를 매도합니다.",1,llm_first_response,not_one_share
RN_COMM_OFF,2026-03-03,4,pm,A078,ltb_A078_t003,stb_A078_t004,analysis_A078_t004,decision_A078_t004,,,2026-03-03,2026-03-03,2026-03-03,09:00,2026-03-03,15:29,2026-03-03,pre_close_cutoff,005930,buy,50,"전일 10% 급락으로 인해 내재가치 대비 안전마진이 확보된 구간으로 판단되며, 반도체 업황 호조와 메모리 가격 상승 기대감이 중장기 상승 모멘텀을 유지할 것으로 봅니다. 이전 매수 시점의 손실 경험을 반영하여, 현금 보유량 (31,217,000 원) 의 일부를 활용하여 평균 매수 단가를 낮추는 방어적 매수 전략을 실행합니다.",1,llm_first_response,not_one_share
RN_COMM_OFF,2026-03-03,4,pm,A079,ltb_A079_t003,stb_A079_t004,analysis_A079_t004,decision_A079_t004,,,2026-03-03,2026-03-03,2026-03-03,09:00,2026-03-03,15:29,2026-03-03,pre_close_cutoff,005930,buy,100,"반도체 업황 회복과 메모리 가격 상승 기대감 등 중장기 모멘텀이 우세하며, 현재 가격이 MA20 지지선 근처에서 밸류에이션 매력도가 형성되었습니다. 지정학적 리스크로 인한 단기 변동성은 존재하나, 초고수들의 매수세와 ETF 수익률 확대 등 시장 심리가 하락을 상쇄하고 있어, 현물 보유 수량을 늘려 평균 단가를 낮추고 장기 관점에서 포지션을 유지하는 것이 적절하다고 판단합니다.",1,llm_first_response,not_one_share
RN_COMM_OFF,2026-03-03,4,pm,A077,ltb_A077_t003,stb_A077_t004,analysis_A077_t004,decision_A077_t004,,,2026-03-03,2026-03-03,2026-03-03,09:00,2026-03-03,15:29,2026-03-03,pre_close_cutoff,005930,buy,100,"중기적 관점에서 메모리 반도체 업황 회복과 AI 수요 확대가 주가 하방을 지지하고 있으며, 현재 주가는 내재가치 대비 저평가 구간으로 판단됩니다. 지정학적 리스크로 인한 단기 변동성은 존재하나, 가치투자 원칙에 따라 조정 국면을 매수 기회로 활용하여 평균 매수 단가를 낮추고 포트폴리오를 재편성하고자 합니다. 60 세 투자자로서 안정성을 중시하지만, 현재 현금 비중이 높고 단일 종목 집중도가 높아 적정 수준의 추가 매수를 통해 자산 배분을 조정합니다.",1,llm_first_response,not_one_share
RN_COMM_OFF,2026-03-03,4,pm,A075,ltb_A075_t003,stb_A075_t004,analysis_A075_t004,decision_A075_t004,,,2026-03-03,2026-03-03,2026-03-03,09:00,2026-03-03,15:29,2026-03-03,pre_close_cutoff,005930,buy,100,"반도체 업황 회복과 메모리 가격 상승 모멘텀이 중장기 상승 흐름을 유지할 것이라는 Short-Term Belief와, 현재 주가가 20 일 이동평균선(179,605원) 상단에서 지지력을 확인하고 있어 저평가 구간 진입의 기회로 판단합니다. 지정학적 리스크로 인한 단기 변동성은 존재하나, 엔비디아 급락 등 외부 변수에 따른 심리 위축이 우려되나 내재가치 측면에서 조정 완료를 기다리는 관점에서 평균 단가 하향 조정을 위해 제한적으로 매수합니다.",1,llm_first_response,not_one_share
RN_COMM_OFF,2026-03-03,4,pm,A080,ltb_A080_t003,stb_A080_t004,analysis_A080_t004,decision_A080_t004,,,2026-03-03,2026-03-03,2026-03-03,09:00,2026-03-03,15:29,2026-03-03,pre_close_cutoff,005930,buy,1000,"반도체 업황 회복과 메모리 가격 상승 기대감이라는 중장기적 모멘텀이 지정학적 리스크에 따른 단기 조정세를 상쇄할 것으로 판단되어 방어적 매수 기회를 포착합니다. 현재 주가는 20일 이동평균선 지지 구간이며, 보유 주식 대비 추가 매수를 통해 평균 단가를 낮추고 장기적 방어력을 강화하는 것이 적절합니다.",1,llm_first_response,not_one_share
RN_COMM_OFF,2026-03-03,4,pm,A081,ltb_A081_t003,stb_A081_t004,analysis_A081_t004,decision_A081_t004,,,2026-03-03,2026-03-03,2026-03-03,09:00,2026-03-03,15:29,2026-03-03,pre_close_cutoff,005930,buy,50,"중장기적으로 반도체 업황 회복과 메모리 가격 상승 기대감이 우세하며, 현재 주가는 20 일 이동평균선 지지 구간에서 내재가치 대비 매력적인 수준으로 판단됩니다. 과거 손절 경험으로 인해 타이밍 리스크를 인지하고 있으나, 안정적 자산 선호 성향과 분산 투자 원칙에 따라 현금의 50% 이내 (약 9,755,000 원) 로 제한적으로 매수하여 평균 매수 단가를 낮추고 포트폴리오 방어력을 강화합니다.",1,llm_first_response,not_one_share
RN_COMM_OFF,2026-03-03,4,pm,A084,ltb_A084_t003,stb_A084_t004,analysis_A084_t004,decision_A084_t004,,,2026-03-03,2026-03-03,2026-03-03,09:00,2026-03-03,15:29,2026-03-03,pre_close_cutoff,005930,buy,100,"전쟁 리스크로 인한 시장 급락으로 주가가 195,100원으로 조정되어 MA20 지지선 근처에서 방어력을 보이고 있으며, 이는 가치투자 관점에서 저평가 구간 진입 기회로 판단됩니다. 정부의 반도체 클러스터 조성 및 AI 테마 등 장기적 호재가 공존하여 내재가치 회복 기대감이 있으나, 과거 집중 투자로 인한 손실 경험과 지정학적 불확실성을 고려하여 현금 여력의 절반 수준인 100주를 제한적으로 매수합니다.",1,llm_first_response,not_one_share
RN_COMM_OFF,2026-03-03,4,pm,A085,ltb_A085_t003,stb_A085_t004,analysis_A085_t004,decision_A085_t004,,,2026-03-03,2026-03-03,2026-03-03,09:00,2026-03-03,15:29,2026-03-03,pre_close_cutoff,005930,buy,40,"장중 6100선 방어와 ETF 400조 시대 진입 등 자금 유입으로 시장 심리가 회복된 점을 고려하여, 지정학적 리스크로 형성된 저평가 구간을 매수 기회로 판단합니다. 이전 두 차례 연속 손실 경험을 반성하여, 과거보다 신중한 수량 (최대 가능 수량의 약 43%) 으로 진입하여 평균 단가를 낮추고 방어력을 강화합니다.",1,llm_first_response,not_one_share
RN_COMM_OFF,2026-03-03,4,pm,A083,ltb_A083_t003,stb_A083_t004,analysis_A083_t004,decision_A083_t004,,,2026-03-03,2026-03-03,2026-03-03,09:00,2026-03-03,15:29,2026-03-03,pre_close_cutoff,005930,buy,50,"반도체 업황 회복과 메모리 가격 상승 기대 등 중장기 상승 모멘텀이 유효하다고 판단하여, 현재가 (195,100 원) 가 평균 매수 단가 (212,299 원) 대비 저평가 구간으로 진입했으므로 추가 매수를 통해 평균 단가를 낮추고 장기 보유 전략을 유지합니다. 지정학적 리스크로 인한 단기 변동성은 존재하나, 현금 비중이 충분하고 안정적 자산을 선호하는 성향에 부합하는 진입时机로 봅니다.",1,llm_first_response,not_one_share
RN_COMM_OFF,2026-03-03,4,pm,A086,ltb_A086_t003,stb_A086_t004,analysis_A086_t004,decision_A086_t004,,,2026-03-03,2026-03-03,2026-03-03,09:00,2026-03-03,15:29,2026-03-03,pre_close_cutoff,005930,buy,20,"중장기적으로 반도체 업황 회복과 AI 수요 증가라는 성장 동력이 유효하며, 현재 가격이 5일 이동평균선 대비 할인된 저평가 구간으로 판단됩니다. 전쟁 리스크로 인한 단기 변동성은 존재하나, 초고수들의 매수세와 정책적 호재가 시장 심리를 지지하고 있어, 보유 현금 비중이 높고 평균 단가 하향 (DCA) 이 가능한 구조이므로 제한적으로 매수하여 평균 단가를 개선하고자 합니다.",1,llm_first_response,not_one_share
RN_COMM_OFF,2026-03-03,4,pm,A082,ltb_A082_t003,stb_A082_t004,analysis_A082_t004,decision_A082_t004,,,2026-03-03,2026-03-03,2026-03-03,09:00,2026-03-03,15:29,2026-03-03,pre_close_cutoff,005930,buy,500,"현재 종가 195,100 원은 MA20(179,605 원) 부근의 기술적 지지선과 PER 10 배 초반의 저평가 구간으로, 장기적 가치 투자 관점에서 매수 기회로 판단됩니다. 전쟁 리스크와 엔비디아 급락 등 단기 악재가 반영되어 하락 여력이 제한적이며, 개인 투자자들의 AI 테마 매수세와 메모리 업황 개선 기대감이 하방을 지지할 것으로 봅니다. 과거 연속 손실 경험을 고려하여 전량 매수보다는 현금 비중을 유지하며 제한적으로 매수하여 평균 단가를 낮추는 방어적 접근을 취합니다.",1,llm_first_response,not_one_share
RN_COMM_OFF,2026-03-03,4,pm,A087,ltb_A087_t003,stb_A087_t004,analysis_A087_t004,decision_A087_t004,,,2026-03-03,2026-03-03,2026-03-03,09:00,2026-03-03,15:29,2026-03-03,pre_close_cutoff,005930,sell,1000,"현재 종가 (195,100원) 가 5일 이동평균선 (206,620원) 하단에 위치하여 단기 하락 추세가 명확하며, 전쟁 리스크로 인한 추가 급락 가능성이 높습니다. 과거 매수 후 하락 경험 (previous_ltb: dim_6) 을 통해 추세를 거스르는 매수의 위험을 인지하고 있으므로, 손실 확대를 방지하기 위해 보유 주식을 전량 매도하여 현금을 확보하는 것이 안전합니다.",1,llm_first_response,not_one_share
RN_COMM_OFF,2026-03-03,4,pm,A088,ltb_A088_t003,stb_A088_t004,analysis_A088_t004,decision_A088_t004,,,2026-03-03,2026-03-03,2026-03-03,09:00,2026-03-03,15:29,2026-03-03,pre_close_cutoff,005930,buy,100,"전쟁 리스크로 인한 시장 급락과 지정학적 불확실성에도 불구하고 6100선 회복과 대형주 방어세로 하방 경직성이 유지되고 있으며, 현재 주가 (195,100원) 가 내재가치 대비 저평가 구간으로 판단됩니다. 64 세의 안정적 자산 선호 성향과 분산투자 원칙에 따라, 현금 비중이 높은 현재 포트폴리오에서 저평가 구간을 활용한 방어적 매수 기회를 포착합니다.",1,llm_first_response,not_one_share
RN_COMM_OFF,2026-03-03,4,pm,A092,ltb_A092_t003,stb_A092_t004,analysis_A092_t004,decision_A092_t004,,,2026-03-03,2026-03-03,2026-03-03,09:00,2026-03-03,15:29,2026-03-03,pre_close_cutoff,005930,buy,150,"반도체 업황 개선 기대와 코스피 6100선 회복 등 시장의 회복 탄력성을 확인했으나, MA5 하향 돌파로 인한 단기 하락 추세가 명확하여 전일 매수 실패 경험을 반영해 공격적 추격 매수는 피합니다. 대신 MA20 지지선 부근에서 방어적 관점으로 매수 진입을 결정하며, 전쟁 리스크와 거시적 불확실성에도 불구하고 기술적 돌파 신호와 호재가 공존하는 점을 고려합니다.",1,llm_first_response,not_one_share
RN_COMM_OFF,2026-03-03,4,pm,A090,ltb_A090_t003,stb_A090_t004,analysis_A090_t004,decision_A090_t004,,,2026-03-03,2026-03-03,2026-03-03,09:00,2026-03-03,15:29,2026-03-03,pre_close_cutoff,005930,buy,257,"반도체 업황 개선과 메모리 가격 상승 기대감, 대미투자법 처리 등 정책적 호재가 거시 환경을 지지하며, 전쟁 리스크로 인한 급락으로 밸류에이션이 적정 수준 이하로 평가될 여지가 있어 저가 매수 기회로 판단함. 현재 현금 100% 보유 상태이므로, 페르소나의 성향인 '손실 시 추가 매수' 경향과 '단일 종목 집중' 전략을 반영하여 최대 매수 가능 수량인 257 주를 전량 매수함.",1,llm_first_response,not_one_share
RN_COMM_OFF,2026-03-03,4,pm,A089,ltb_A089_t003,stb_A089_t004,analysis_A089_t004,decision_A089_t004,,,2026-03-03,2026-03-03,2026-03-03,09:00,2026-03-03,15:29,2026-03-03,pre_close_cutoff,005930,buy,100,"전일 10% 급락으로 밸류에이션이 조정되어 저가 매수 기회로 판단되며, 20일 이동평균선 부근에서 지지 신호가 관찰되고 반도체 업황 호조와 초고수들의 매수세 등 긍정적 모멘텀이 지속되고 있어 중장기 상승 추세를 기대함. 페르소나의 '손실 시 추가 매수' 성향과 분산투자 원칙에 따라 현금 여력을 활용하여 평균 단가를 낮추고 포지션을 강화함.",1,llm_first_response,not_one_share
RN_COMM_OFF,2026-03-03,4,pm,A091,ltb_A091_t003,stb_A091_t004,analysis_A091_t004,decision_A091_t004,,,2026-03-03,2026-03-03,2026-03-03,09:00,2026-03-03,15:29,2026-03-03,pre_close_cutoff,005930,buy,150,"6100선 회복이라는 기술적 지지선이 확인되어 하방이 제한적이며, 20일 이동평균선 상회로 중기적 방어선이 확보된 점을 고려하여 매수합니다. 전쟁 리스크 등 불확실성이 있으나, 현금 비중이 높고 안정적 자산을 선호하는 성향에 따라 저평가 구간 진입을 시도합니다.",1,llm_first_response,not_one_share
RN_COMM_OFF,2026-03-03,4,pm,A094,ltb_A094_t003,stb_A094_t004,analysis_A094_t004,decision_A094_t004,,,2026-03-03,2026-03-03,2026-03-03,09:00,2026-03-03,15:29,2026-03-03,pre_close_cutoff,005930,sell,100,"MA5 하향 돌파로 단기 하락 추세가 명확하며, 지정학적 리스크로 인한 추가 하락 가능성이 큼. 전일 매수 실패로 인한 심리적 부담과 손실 시 추가 매수하는 경향 (처분효과) 을 경계하여, 미실현 손실을 일부 실현하고 현금 비중을 높여 방어적 자세를 취함.",1,llm_first_response,not_one_share
RN_COMM_OFF,2026-03-03,4,pm,A093,ltb_A093_t003,stb_A093_t004,analysis_A093_t004,decision_A093_t004,,,2026-03-03,2026-03-03,2026-03-03,09:00,2026-03-03,15:29,2026-03-03,pre_close_cutoff,005930,sell,219,"5일 이동평균선(206,620원) 하회로 단기 하락 추세가 명확하며, 전쟁 리스크로 인한 지정학적 불안정과 기술적 돌파 신호 부재로 추가 하락 가능성이 높습니다. 고위험 고수익 성향과 손절 원칙에 따라 미실현 손실을 인정하고 전량 매도하여 현금화합니다.",1,llm_first_response,not_one_share
RN_COMM_OFF,2026-03-03,4,pm,A096,ltb_A096_t003,stb_A096_t004,analysis_A096_t004,decision_A096_t004,,,2026-03-03,2026-03-03,2026-03-03,09:00,2026-03-03,15:29,2026-03-03,pre_close_cutoff,005930,buy,100,"전쟁 리스크로 인한 단기 급락세에도 불구하고, 반도체 업황 개선 기대감과 메모리 가격 상승 흐름이 강세이며, 현재가 (195,100원) 가 MA20(179,605원) 에 근접하여 방어적 지지 구간으로 판단됩니다. 초고수 투자자들의 매수세와 ETF 수익률 상승으로 시장 심리가 긍정적으로 전환되고 있어, 하락 추세가 반전될 시점을 대비해 평균 매수 단가 하향 및 물량 확보를 위해 제한적으로 매수합니다.",1,llm_first_response,not_one_share
RN_COMM_OFF,2026-03-03,4,pm,A095,ltb_A095_t003,stb_A095_t004,analysis_A095_t004,decision_A095_t004,,,2026-03-03,2026-03-03,2026-03-03,09:00,2026-03-03,15:29,2026-03-03,pre_close_cutoff,005930,sell,100,"지정학적 전쟁 리스크로 인한 시장 전체의 급락 (-9.88%) 과 기술적 하락 추세 (5일선 하회) 가 명확하며, 초고수들의 경쟁사 매수 선호로 삼성전자가 소외될 가능성이 높습니다. 72세의 안정적 자산 선호 성향과 과거 낮은 투자 성과를 고려할 때, 불확실성이 극대화된 현재 시점에서 미실현 손실을 인정하고 현금화하여 추가 손실 확대를 방지하는 것이 최선입니다.",1,llm_first_response,not_one_share
RN_COMM_OFF,2026-03-03,4,pm,A098,ltb_A098_t003,stb_A098_t004,analysis_A098_t004,decision_A098_t004,,,2026-03-03,2026-03-03,2026-03-03,09:00,2026-03-03,15:29,2026-03-03,pre_close_cutoff,005930,buy,93,"반도체 업황 개선과 메모리 가격 상승 기대 등 호재가 전쟁 리스크라는 악재를 상쇄하며 상승 모멘텀이 우세하다고 판단됩니다. 현재가 (195,100원) 는 MA20 지지선 부근으로 기술적 반등 가능성이 있으며, 페르소나의 '손실 시 추가 매수' 전략과 고위험 고수익 선호 성향을 반영하여 보유 현금의 최대 한도 (93주) 를 모두 매수하여 평균 단가를 낮추고 수익 전환 기회를 노립니다.",1,llm_first_response,not_one_share
RN_COMM_OFF,2026-03-03,4,pm,A097,ltb_A097_t003,stb_A097_t004,analysis_A097_t004,decision_A097_t004,,,2026-03-03,2026-03-03,2026-03-03,09:00,2026-03-03,15:29,2026-03-03,pre_close_cutoff,005930,buy,363,"전쟁 리스크로 인한 급락 후 회복세와 반도체 업황 개선 기대감이 맞물려 상승 모멘텀이 우세할 것으로 판단됨. 현재가 195,100 원은 MA5(206,620 원) 하향 이탈로 기술적 약세이나, MA20(179,605 원) 지지선 부근이며 밸류에이션이 매력적인 저가 매수 구간으로 평가됨. 이전 손절 원칙에 따라 손실 시 이성적으로 대응할 수 있는 현금 여력이 충분하므로, 고위험 고수익 기회를 적극 포착하기 위해 최대 매수 한도인 363 주를 매수함.",1,llm_first_response,not_one_share
RN_COMM_OFF,2026-03-03,4,pm,A100,ltb_A100_t003,stb_A100_t004,analysis_A100_t004,decision_A100_t004,,,2026-03-03,2026-03-03,2026-03-03,09:00,2026-03-03,15:29,2026-03-03,pre_close_cutoff,005930,sell,100,"장기적 관점에서는 저평가 매수 기회로 보았으나, 오늘의 단기 신념과 시장 분석에 따르면 현재 밸류에이션이 적정 수준이며 저평가 구간이 아님. 지정학적 리스크와 단기 하락 추세, 그리고 정보의 한계로 인해 불확실성이 높으므로, 페르소나의 원칙인 '손실 시 이성적으로 손절'을 적용하여 보유 물량의 일부를 매도하여 리스크를 축소하고 현금 유동성을 확보합니다.",1,llm_first_response,not_one_share
RN_COMM_OFF,2026-03-03,4,pm,A099,ltb_A099_t003,stb_A099_t004,analysis_A099_t004,decision_A099_t004,,,2026-03-03,2026-03-03,2026-03-03,09:00,2026-03-03,15:29,2026-03-03,pre_close_cutoff,005930,buy,100,"중장기적으로 반도체 업황 개선과 메모리 가격 상승 기대감이 주가를 지지할 것으로 판단하여, 현재 주가가 5일선 하회로 조정된 저가 매수 기회를 포착합니다. 초고수들의 매수 행보와 정책적 호재가 시장 신뢰도를 높이고 있으나, 전쟁 리스크와 단기 변동성으로 인해 전량 매수보다는 현금 비중을 일정 수준 유지하며 제한적으로 매수합니다.",1,llm_first_response,not_one_share
RN_COMM_OFF,2026-03-04,5,am,A008,ltb_A008_t004,stb_A008_t005,analysis_A008_t005,decision_A008_t005,,,2026-03-04,2026-03-03,2026-03-03,15:30,2026-03-04,08:59,2026-03-04,pre_close_cutoff,005930,buy,100,"20만원 선 붕괴로 밸류에이션이 매력적이 되었고, 초고수들의 매집 뉴스와 기술적 반등 신호가 공존하여 단기 하락이 매수 기회로 판단됩니다. 다만, 과거 매수 실패 경험과 지정학적 리스크로 인해 최대 가능 수량(257주) 대비 절반 수준인 100주로 제한적으로 진입합니다.",1,llm_first_response,not_one_share
RN_COMM_OFF,2026-03-04,5,am,A002,ltb_A002_t004,stb_A002_t005,analysis_A002_t005,decision_A002_t005,,,2026-03-04,2026-03-03,2026-03-03,15:30,2026-03-04,08:59,2026-03-04,pre_close_cutoff,005930,sell,100,"지정학적 리스크로 인한 시장 급락과 5 일 이동평균선 하회 등 단기 하락 추세가 명확하며, 과거 저가 매수 전략이 연속 손실로 이어진 경험을 바탕으로 손절 원칙을 적용합니다. 초고수들의 매집 신호가 있으나 뉴스 요약 부재로 정확한 가치 판단이 어렵고, 현금 여력이 부족해 추가 매수로 평균 단가를 낮추기에는 리스크가 크므로 일부 매도하여 현금 유동성을 확보하고 손실을 제한합니다.",1,llm_first_response,not_one_share
RN_COMM_OFF,2026-03-04,5,am,A001,ltb_A001_t004,stb_A001_t005,analysis_A001_t005,decision_A001_t005,,,2026-03-04,2026-03-03,2026-03-03,15:30,2026-03-04,08:59,2026-03-04,pre_close_cutoff,005930,buy,50,"20만원 선 붕괴로 밸류에이션이 매력적으로 하락했으나, 초고수들의 매집 신호와 AI 반도체 성장성 등 중장기적 상승 흐름이 유지되고 있어 저가 매수 기회로 판단합니다. 현재 미실현 손실 상태이나, 페르소나의 성향인 '안정적 자산 선호'와 '가치 투자' 원칙에 따라 단기 변동성을 감수하고 평균 매수 단가를 낮추기 위해 매수합니다.",1,llm_first_response,not_one_share
RN_COMM_OFF,2026-03-04,5,am,A006,ltb_A006_t004,stb_A006_t005,analysis_A006_t005,decision_A006_t005,,,2026-03-04,2026-03-03,2026-03-03,15:30,2026-03-04,08:59,2026-03-04,pre_close_cutoff,005930,sell,350,"중동 전쟁 리스크로 인한 위험회피 심리와 거시적 악재가 우세하여 단기 하락 추세가 지속될 것으로 판단됩니다. 또한, 이전 2 회 매수 실패 (-9.9%, -6.9%) 로 하락 추세를 과소평가한 경험이 있으며, 현재 기술적 지표 (5 일 이동평균선 하회) 와 거래량 증가에 따른 매도 압력이 우세합니다. 처분효과에 따른 손실 확대를 방지하기 위해 미실현 손실을 확정하고 현금화하는 것이 우선입니다.",1,llm_first_response,not_one_share
RN_COMM_OFF,2026-03-04,5,am,A005,ltb_A005_t004,stb_A005_t005,analysis_A005_t005,decision_A005_t005,,,2026-03-04,2026-03-03,2026-03-03,15:30,2026-03-04,08:59,2026-03-04,pre_close_cutoff,005930,buy,44,"20만원 선 붕괴로 밸류에이션이 역사적 저점 부근에 진입했으며, 초고수들의 매집 신호와 AI 반도체 수요 등 펀더멘털적 호재가 지정학적 리스크를 상쇄할 것으로 판단됩니다. 현재 평균 매수 단가 대비 미실현 손실이 발생해 저점 매수를 통한 평균 단가 하향과 손익 회복이 시급하며, 가치투자 관점에서 매력적인 진입점으로 평가됩니다.",1,llm_first_response,not_one_share
RN_COMM_OFF,2026-03-04,5,am,A004,ltb_A004_t004,stb_A004_t005,analysis_A004_t005,decision_A004_t005,,,2026-03-04,2026-03-03,2026-03-03,15:30,2026-03-04,08:59,2026-03-04,pre_close_cutoff,005930,sell,100,"20만원 선 붕괴와 5일 이동평균선 하회 등 기술적 하락 추세가 명확하며, 지정학적 리스크로 인한 추가 하락 가능성이 높습니다. 과거 손실 시 추가 매수하는 처분효과 경향을 경계하고, 현재 미실현 손실 (-6.4%) 을 일부 실현하여 현금 유동성을 확보하고 손실 확대를 차단하는 것이 우선입니다.",1,llm_first_response,not_one_share
RN_COMM_OFF,2026-03-04,5,am,A003,ltb_A003_t004,stb_A003_t005,analysis_A003_t005,decision_A003_t005,,,2026-03-04,2026-03-03,2026-03-03,15:30,2026-03-04,08:59,2026-03-04,pre_close_cutoff,005930,sell,444,"이전 LTB 에서 지적한 대로 외부 충격에 대한 대비 부족으로 두 차례 연속 손실이 발생했으며, 현재 미실현손실 상태 (-6.86%) 에서 추가 하락 시 손절 원칙을 준수해야 합니다. 초고수들의 매집 신호가 있더라도, 전쟁 리스크로 인한 거시적 불확실성과 20 만 원 선 붕괴 등 단기 리스크오프 심리가 지속될 경우 추가 손실 확대 가능성이 높으므로, 현재 가격에서 전량 매도하여 손실을 확정하고 현금화하는 것이 이성적인 판단입니다.",1,llm_first_response,not_one_share
RN_COMM_OFF,2026-03-04,5,am,A007,ltb_A007_t004,stb_A007_t005,analysis_A007_t005,decision_A007_t005,,,2026-03-04,2026-03-03,2026-03-03,15:30,2026-03-04,08:59,2026-03-04,pre_close_cutoff,005930,buy,50,"지정학적 리스크로 인한 20 만원 선 붕괴와 급락으로 밸류에이션이 매력적으로 조정되었으나, 초고수들의 매집 신호와 반도체 업황의 근본적 회복 기대가 하방을 지지하고 있어 저가 매수 기회로 판단합니다. 과거 수급 리스크 관리 실패 경험을 반영하여, 최대 매수 가능 수량 (100 주) 의 절반 수준인 50 주를 매수하여 현금 여력을 확보하고 단일 종목 집중도를 조절합니다.",1,llm_first_response,not_one_share
RN_COMM_OFF,2026-03-04,5,am,A009,ltb_A009_t004,stb_A009_t005,analysis_A009_t005,decision_A009_t005,,,2026-03-04,2026-03-03,2026-03-03,15:30,2026-03-04,08:59,2026-03-04,pre_close_cutoff,005930,buy,262,"현재 현금 100% 보유 상태이므로 진입이 필수적이며, 지정학적 리스크로 인한 급락 (-9.88%) 으로 밸류에이션이 낮아진 구간으로 판단됩니다. 초고수들의 매집 신호가 감지되어 장기적 관점에서 저가 매수 기회로 해석하며, 20일 이동평균선 (179,605원) 위를 유지하고 있어 기술적 방어선이 존재합니다. 이전 LTB에서 확인한 '손절 원칙'을 준수하기 위해, 현재 가격에서 진입하여 추후 하락 시 즉시 손절할 수 있는 포지션을 확보합니다.",1,llm_first_response,not_one_share
RN_COMM_OFF,2026-03-04,5,am,A011,ltb_A011_t004,stb_A011_t005,analysis_A011_t005,decision_A011_t005,,,2026-03-04,2026-03-03,2026-03-03,15:30,2026-03-04,08:59,2026-03-04,pre_close_cutoff,005930,buy,17,"20만원 선 붕괴로 인한 저평가 구간 진입과 초고수들의 역발상 매집 신호를 근거로, 고위험 고수익 기회를 선호하는 페르소나 특성에 따라 매수합니다. 지정학적 리스크로 인한 단기 변동성은 존재하나, 반도체 업황 회복과 대미투자법 처리 기대감이 거시적 불확실성을 상쇄할 것으로 판단되어 현재 가격에서 전량 매수 가능한 수량으로 진입합니다.",1,llm_first_response,not_one_share
RN_COMM_OFF,2026-03-04,5,am,A010,ltb_A010_t004,stb_A010_t005,analysis_A010_t005,decision_A010_t005,,,2026-03-04,2026-03-03,2026-03-03,15:30,2026-03-04,08:59,2026-03-04,pre_close_cutoff,005930,buy,49,"주가 20만원 선 붕괴로 밸류에이션이 역사적 저점 부근에 도달했으며, 초고수들의 매집 신호와 반도체 업황 회복 기대감이 내재가치 대비 매력적인 매수 구간을 형성하고 있습니다. 이전 손실에도 불구하고 모멘텀이 유지되므로, 저평가 구간에서의 분산 매수 (DCA) 전략을 통해 평균 단가를 낮추고 중장기 상승 흐름에 대비합니다.",1,llm_first_response,not_one_share
RN_COMM_OFF,2026-03-04,5,am,A013,ltb_A013_t004,stb_A013_t005,analysis_A013_t005,decision_A013_t005,,,2026-03-04,2026-03-03,2026-03-03,15:30,2026-03-04,08:59,2026-03-04,pre_close_cutoff,005930,sell,100,"지정학적 전쟁 리스크로 인한 거시적 하락 추세가 명확하며, 5일 이동평균선 하회와 거래량 증가 등 기술적 매도 신호가 우세합니다. 이전 투자 성과가 낮고 손실 시 추가 매수하는 처분효과 경향이 손실 확대를 유발했음을 고려하여, 현재 미실현 손실을 일부 실현하고 현금 비중을 확보하는 방어적 매도가 필요합니다.",1,llm_first_response,not_one_share
RN_COMM_OFF,2026-03-04,5,am,A012,ltb_A012_t004,stb_A012_t005,analysis_A012_t005,decision_A012_t005,,,2026-03-04,2026-03-03,2026-03-03,15:30,2026-03-04,08:59,2026-03-04,pre_close_cutoff,005930,buy,100,"이전 LTB의 중기 상승 흐름과 현재 STB의 기술적 저점 (20일선 부근) 접근 신호, 그리고 초고수들의 매집 소식이 '공포와 탐욕'이 공존하는 저가 매수 기회를 시사합니다. 현재 미실현 손실 상태이므로 페르소나의 성향인 손실 시 추가 매수 (평균 단가 하향) 전략을 적용하되, 지정학적 리스크로 인한 추가 하락 가능성을 고려해 전량 매수하지 않고 현금 여력의 약 30% 수준인 100주를 제한적으로 매수합니다.",1,llm_first_response,not_one_share
RN_COMM_OFF,2026-03-04,5,am,A014,ltb_A014_t004,stb_A014_t005,analysis_A014_t005,decision_A014_t005,,,2026-03-04,2026-03-03,2026-03-03,15:30,2026-03-04,08:59,2026-03-04,pre_close_cutoff,005930,sell,100,"지정학적 리스크 (미·이란 전쟁) 로 인한 거시적 공포 심리가 우세하여 단기 하락 추세가 지속될 가능성이 높습니다. 현재 주가는 20 만 원 선 붕괴로 밸류에이션이 일시적으로 매력적으로 보일 수 있으나, 위험 프리미엄이 과도하게 반영된 상태이므로 '저평가' 매수보다는 손절 원칙에 따라 리스크를 회피하는 것이 타당합니다. 특히 초고수들의 매집 신호와 기술적 하락 추세가 충돌하는 혼조 상태이므로, 안정적이고 검증된 자산을 선호하는 투자 성향에 따라 불확실성을 제거하기 위해 전량 매도합니다.",1,llm_first_response,not_one_share
RN_COMM_OFF,2026-03-04,5,am,A016,ltb_A016_t004,stb_A016_t005,analysis_A016_t005,decision_A016_t005,,,2026-03-04,2026-03-03,2026-03-03,15:30,2026-03-04,08:59,2026-03-04,pre_close_cutoff,005930,buy,40,"지정학적 리스크로 인한 급락 (현재가 184,200 원) 으로 밸류에이션이 일시적으로 매력적으로 조정되었으나, 초고수들의 매집 신호와 20 만 원 선 부근의 지지 가능성을 고려하여 저점 매수 기회를 포착합니다. 이전 매수 타이밍의 실패 (-0.75%) 를 반성하여 전량 매수보다는 현금 여력 (약 50% 수준) 을 유지하며 제한적으로 매수하여 평균 단가를 낮추고 리스크를 분산합니다.",1,llm_first_response,not_one_share
RN_COMM_OFF,2026-03-04,5,am,A022,ltb_A022_t004,stb_A022_t005,analysis_A022_t005,decision_A022_t005,,,2026-03-04,2026-03-03,2026-03-03,15:30,2026-03-04,08:59,2026-03-04,pre_close_cutoff,005930,buy,100,"20 만원 선 붕괴로 밸류에이션이 매력적으로 내려왔고, 초고수들의 매집 신호가 확인되어 장기적 관점에서 저가 매수 기회로 판단합니다. 이전 LTB 에서 반도체 업황 회복과 실적 모멘텀을 우세하게 보았으며, 현재 단기적 지정학적 리스크로 인한 하락은 오히려 저평가 구간 진입의 기회로 해석합니다. 현금 여력이 충분하므로 분산투자 원칙 하에 제한적으로 매수하여 평균 매수 단가를 낮추고 장기 보유 전략을 유지합니다.",1,llm_first_response,not_one_share
RN_COMM_OFF,2026-03-04,5,am,A018,ltb_A018_t004,stb_A018_t005,analysis_A018_t005,decision_A018_t005,,,2026-03-04,2026-03-03,2026-03-03,15:30,2026-03-04,08:59,2026-03-04,pre_close_cutoff,005930,buy,69,"지정학적 리스크로 인한 급락 (-9.88%) 으로 밸류에이션이 일시적으로 매력적이 되었고, 초고수들의 매집 신호가 포착되어 반등 가능성이 있다고 판단합니다. 고위험 고수익 성향과 손실 시 추가 매수하는 처분 효과에 따라, 현재 공시가인 184,200원에 보유 현금의 최대 한도 (69 주) 를 모두 매수하여 평균 매수 단가를 낮추고 반등 시 수익 실현을 노립니다.",1,llm_first_response,not_one_share
RN_COMM_OFF,2026-03-04,5,am,A021,ltb_A021_t004,stb_A021_t005,analysis_A021_t005,decision_A021_t005,,,2026-03-04,2026-03-03,2026-03-03,15:30,2026-03-04,08:59,2026-03-04,pre_close_cutoff,005930,buy,100,"코스피 7% 급락으로 인한 공포 심리 과잉과 초고수들의 매집 신호가 '공포 속 기회'를 시사하며, 20 일 이동평균선(179,605 원) 부근에서 하단 지지력을 테스트 중이므로 제한적으로 매수 진입합니다. 기술적 돌파 신호가 명확하지 않아 전량 매수보다는 소량 진입으로 추세를 확인하는 전략을 취합니다.",1,llm_first_response,not_one_share
RN_COMM_OFF,2026-03-04,5,am,A017,ltb_A017_t004,stb_A017_t005,analysis_A017_t005,decision_A017_t005,,,2026-03-04,2026-03-03,2026-03-03,15:30,2026-03-04,08:59,2026-03-04,pre_close_cutoff,005930,buy,50,"지정학적 리스크로 인한 급락 (184,200원) 이 20일 이동평균선 (179,605원) 부근에서 지지력을 보이고 있으며, 초고수들의 매집과 반도체 업황 개선 기대감이 밸류에이션을 지지하고 있어 매수 기회로 판단합니다. 이전 LTB에서 지적된 리스크 관리 부족을 보완하기 위해, 분산투자 성향이 약한 점을 고려하여 현금의 10% 수준인 50주 (약 920만원) 로 제한적으로 매수하여 평균 매수 단가를 낮추고 하방 경직성을 확보합니다.",1,llm_first_response,not_one_share
RN_COMM_OFF,2026-03-04,5,am,A019,ltb_A019_t004,stb_A019_t005,analysis_A019_t005,decision_A019_t005,,,2026-03-04,2026-03-03,2026-03-03,15:30,2026-03-04,08:59,2026-03-04,pre_close_cutoff,005930,buy,40,"20만원 선 붕괴로 밸류에이션이 매력적으로 하락했으나 지정학적 리스크로 인해 절대적 저가 판단은 보류 중입니다. 그러나 초고수들의 매집 신호와 AI 반도체 호재가 하방을 지지하고 있어, 내재가치 관점에서 중장기 매수 기회로 판단됩니다. 현재 손실 구간에서 평균 단가 하향을 위한 처분효과 전략에 따라, 현금 흐름을 압박하지 않는 선에서 제한적으로 추가 매수합니다.",1,llm_first_response,not_one_share
RN_COMM_OFF,2026-03-04,5,am,A020,ltb_A020_t004,stb_A020_t005,analysis_A020_t005,decision_A020_t005,,,2026-03-04,2026-03-03,2026-03-03,15:30,2026-03-04,08:59,2026-03-04,pre_close_cutoff,005930,buy,100,"지정학적 리스크로 인한 급락세 (-9.88%) 가 지속되나, 초고수들의 매집 신호와 AI 반도체 장기 수요에 따른 하방 경직성 (20일 이동평균선 부근) 을 고려하여 방어적 관점에서의 매수 기회를 포착합니다. 이전 장기 신념의 '반도체 업황 회복'과 현재 단기 신념의 '초고수 매집'이 일치하는 지점에서, 고위험 고수익 선호 성향에 따라 현금 비중을 활용하여 평균 매수 단가를 낮추고 포트폴리오를 재조정합니다.",1,llm_first_response,not_one_share
RN_COMM_OFF,2026-03-04,5,am,A023,ltb_A023_t004,stb_A023_t005,analysis_A023_t005,decision_A023_t005,,,2026-03-04,2026-03-03,2026-03-03,15:30,2026-03-04,08:59,2026-03-04,pre_close_cutoff,005930,buy,20,"지정학적 리스크로 인한 급락 (약 9.9%) 으로 밸류에이션이 매력적으로 하락했으나, 초고수들의 매집 신호와 20 일 이동평균선 부근의 기술적 지지 가능성을 고려하여 가치투자 관점에서 저가 매수 기회를 포착합니다. 이전 하락장 진입 시 손실 경험이 있으나, 현재 현금 비중이 충분하고 장기적 관점에서 방어적 자산으로 접근합니다.",1,llm_first_response,not_one_share
RN_COMM_OFF,2026-03-04,5,am,A015,ltb_A015_t004,stb_A015_t005,analysis_A015_t005,decision_A015_t005,,,2026-03-04,2026-03-03,2026-03-03,15:30,2026-03-04,08:59,2026-03-04,pre_close_cutoff,005930,buy,50,"지정학적 리스크로 인한 20 만 원 선 붕괴는 내재가치 대비 저평가 구간을 형성했으나, 초고수들의 매집과 AI 반도체 수요 등 구조적 호재가 하방 경직성을 제공하고 있어 장기적 관점에서 매수 기회로 판단합니다. 현재 미실현 손실이 있으나, 분산투자 원칙과 균형 잡힌 심리 하에서 평균 단가 하향 조정을 위해 제한적으로 매수합니다.",1,llm_first_response,not_one_share
RN_COMM_OFF,2026-03-04,5,am,A024,ltb_A024_t004,stb_A024_t005,analysis_A024_t005,decision_A024_t005,,,2026-03-04,2026-03-03,2026-03-03,15:30,2026-03-04,08:59,2026-03-04,pre_close_cutoff,005930,sell,100,"지정학적 리스크 (미국-이란 교전) 로 인한 글로벌 시장 불안정과 코스피 9~11% 급락으로 단기 하락 추세가 명확하며, 5 일 이동평균선 (206,620 원) 을 하회하는 기술적 약세 신호가 지속되고 있습니다. 초고수 매집 신호가 있으나 뉴스 제목만으로는 신뢰도를 판단하기 어렵고, 기술적 돌파 신호가 부재한 상태에서 추가 하락 위험이 큽니다. 고위험 고수익 성향이지만 손절 원칙에 따라 미실현 손실을 줄이고 현금화를 통해 리스크를 방어하는 것이 우선입니다.",1,llm_first_response,not_one_share
RN_COMM_OFF,2026-03-04,5,am,A025,ltb_A025_t004,stb_A025_t005,analysis_A025_t005,decision_A025_t005,,,2026-03-04,2026-03-03,2026-03-03,15:30,2026-03-04,08:59,2026-03-04,pre_close_cutoff,005930,buy,100,"20 만원 선 붕괴로 기술적 지지선이 무너졌으나, 초고수 투자자들의 역매수 신호와 반도체 업황 개선 기대감 (중장기 모멘텀) 이 하방 경직성을 형성하고 있어 저가 매수 기회로 판단합니다. 현재 미실현 손실 상태이므로 처분효과에 따라 손실 시 추가 매수 전략을 적용하되, 지정학적 리스크로 인한 추가 하락 가능성에 대비해 보유 현금의 50% 이내 (최대 3910 만 원) 로 제한적으로 매수합니다.",1,llm_first_response,not_one_share
RN_COMM_OFF,2026-03-04,5,am,A027,ltb_A027_t004,stb_A027_t005,analysis_A027_t005,decision_A027_t005,,,2026-03-04,2026-03-03,2026-03-03,15:30,2026-03-04,08:59,2026-03-04,pre_close_cutoff,005930,buy,100,"중동 전쟁 리스크로 인한 거시적 악재와 20 만원 선 붕괴로 주가가 급락했으나, 초고수들의 매집 신호와 기술적 지지선(20 일 이동평균선) 근접으로 저가 매수 기회로 판단합니다. 이전 투자 실패 경험(하락 흐름과 호재 괴리 과소평가) 을 교훈으로 삼아, 불확실성이 높은 상황에서도 기술적 지지 확인을 전제로 제한적으로 진입합니다.",1,llm_first_response,not_one_share
RN_COMM_OFF,2026-03-04,5,am,A026,ltb_A026_t004,stb_A026_t005,analysis_A026_t005,decision_A026_t005,,,2026-03-04,2026-03-03,2026-03-03,15:30,2026-03-04,08:59,2026-03-04,pre_close_cutoff,005930,buy,64,"20만원 선 붕괴로 밸류에이션이 매력적으로 하락했으나, 초고수들의 매집 신호와 반도체 업황 개선 기대감으로 내재가치 대비 저평가 구간으로 판단됩니다. 현재 보유 수량 대비 추가 매수 여력이 충분하며, 페르소나의 성향인 '저평가 시 매수'와 '손실 시 이성적 대응' 원칙에 따라 평균 매수 단가를 낮추기 위해 최대 가능 수량인 64주를 전량 매수합니다.",1,llm_first_response,not_one_share
RN_COMM_OFF,2026-03-04,5,am,A029,ltb_A029_t004,stb_A029_t005,analysis_A029_t005,decision_A029_t005,,,2026-03-04,2026-03-03,2026-03-03,15:30,2026-03-04,08:59,2026-03-04,pre_close_cutoff,005930,buy,69,"미국-이란 전쟁 리스크로 인한 지정학적 공포로 주가가 급락했으나, 초고수들의 매집 소식이 확인되어 저가 매수 기회로 판단합니다. 현재 포트폴리오의 현금 비중이 높고, 20일 이동평균선 부근에서 지지력이 예상되므로 고위험 고수익 성향에 따라 제한된 현금 여력 전량을 투입하여 저가 매집을 단행합니다.",1,llm_first_response,not_one_share
RN_COMM_OFF,2026-03-04,5,am,A031,ltb_A031_t004,stb_A031_t005,analysis_A031_t005,decision_A031_t005,,,2026-03-04,2026-03-03,2026-03-03,15:30,2026-03-04,08:59,2026-03-04,pre_close_cutoff,005930,buy,53,"20만원 선 붕괴로 밸류에이션이 매력적인 저평가 구간으로 진입했으나, 지정학적 리스크로 인한 추가 하락 가능성도 존재합니다. 그러나 초고수들의 매집 신호와 반도체 업황 개선 기대감이 거시적 악재를 상쇄할 것으로 판단되어, 현재 보유 현금의 최대 허용 범위 (50%) 내에서 저가 매수 기회를 선제적으로 확보합니다. 내재가치 투자 관점에서 매수 타이밍으로 판단합니다.",1,llm_first_response,not_one_share
RN_COMM_OFF,2026-03-04,5,am,A028,ltb_A028_t004,stb_A028_t005,analysis_A028_t005,decision_A028_t005,,,2026-03-04,2026-03-03,2026-03-03,15:30,2026-03-04,08:59,2026-03-04,pre_close_cutoff,005930,buy,30,"지정학적 리스크로 인한 급락 (약 9.9%) 으로 20 일 이동평균선 (179,605 원) 부근에서 기술적 지지선이 확인되고 있으며, 초고수들의 선택적 매집 신호가 포착되어 단기 반등 가능성이 있습니다. 이전 LTB 에서 지적된 하락장에서의 과감한 추격 매수 자제 원칙을 준수하되, 고위험 고수익 기회를 선호하는 성향과 충분한 현금 여력 (최대 50% 매수 가능) 을 고려하여 20 일선 부근의 지지력을 확인하는 차원에서 제한적으로 매수합니다.",1,llm_first_response,not_one_share
RN_COMM_OFF,2026-03-04,5,am,A030,ltb_A030_t004,stb_A030_t005,analysis_A030_t005,decision_A030_t005,,,2026-03-04,2026-03-03,2026-03-03,15:30,2026-03-04,08:59,2026-03-04,pre_close_cutoff,005930,buy,95,"지정학적 리스크로 인한 시장 급락 (7% 이상) 으로 인해 밸류에이션이 일시적으로 저평가 구간으로 진입했습니다. 이전 LTB에서 인정한 전쟁 리스크에 대한 경계심과 현재 STB의 초고수 매집 신호, 하방 경직성 등을 종합할 때, 공포를 기회로 삼아 저가 매수하는 것이 가치투자 원칙에 부합합니다. 현재 보유 현금으로 최대 매수 가능 수량인 95주를 전량 매수하여 평균 매수 단가를 낮추고 내재가치 대비 안전마진을 확보하고자 합니다.",1,llm_first_response,not_one_share
RN_COMM_OFF,2026-03-04,5,am,A032,ltb_A032_t004,stb_A032_t005,analysis_A032_t005,decision_A032_t005,,,2026-03-04,2026-03-03,2026-03-03,15:30,2026-03-04,08:59,2026-03-04,pre_close_cutoff,005930,buy,100,"초고수들의 매집 신호와 내재가치 대비 저평가 구간 진입 (현재가 184,200원) 을 근거로 가치투자 관점에서 매수 기회를 포착합니다. 지정학적 리스크로 인한 단기 변동성은 존재하나, 반도체 업황 개선과 메모리 가격 상승 등 중장기적 성장 모멘텀이 우세하다고 판단하며, 페르소나의 '손실 시 추가 매수' 성향을 반영하여 평균 매수 단가 인하를 시도합니다.",1,llm_first_response,not_one_share
RN_COMM_OFF,2026-03-04,5,am,A033,ltb_A033_t004,stb_A033_t005,analysis_A033_t005,decision_A033_t005,,,2026-03-04,2026-03-03,2026-03-03,15:30,2026-03-04,08:59,2026-03-04,pre_close_cutoff,005930,sell,100,"지정학적 리스크 (중동 분쟁) 로 인한 리스크오프 심리와 유가 급등이 단기 주가를 강하게 압박하고 있으며, 기술적 지표 (5 일선 하회) 도 하락 추세를 보여줍니다. 이전 매수 시점 (216,500 원, 209,500 원) 에서 발생한 미실현 손실을 고려할 때, 손절 원칙에 따라 일부 포지션을 정리하여 현금화하고 추가 하락에 대비하는 것이 타당합니다. 초고수들의 매집 신호가 있으나, 거시 리스크가 더 강력하게 작용하는 현재 상황에서는 신중한 방어 전략이 필요합니다.",1,llm_first_response,not_one_share
RN_COMM_OFF,2026-03-04,5,am,A035,ltb_A035_t004,stb_A035_t005,analysis_A035_t005,decision_A035_t005,,,2026-03-04,2026-03-03,2026-03-03,15:30,2026-03-04,08:59,2026-03-04,pre_close_cutoff,005930,sell,100,"지정학적 리스크로 인한 급락장이 지속되고 있으며, 5 일 이동평균선을 하회하는 등 기술적 하락 추세가 명확합니다. 이전 고점 매수 손실 경험으로 인해 방어적 관점을 유지하며, 추가 하락 가능성에 대비해 손절매를 통해 현금 유동성을 확보하고 리스크를 줄이는 것이 우선입니다.",1,llm_first_response,not_one_share
RN_COMM_OFF,2026-03-04,5,am,A034,ltb_A034_t004,stb_A034_t005,analysis_A034_t005,decision_A034_t005,,,2026-03-04,2026-03-03,2026-03-03,15:30,2026-03-04,08:59,2026-03-04,pre_close_cutoff,005930,buy,20,"20만원 선 붕괴로 밸류에이션이 매력적으로 조정되었으나, 지정학적 리스크로 인한 추가 하락 가능성과 과거 손실 경험을 고려하여, 현금 여력의 절반 미만인 20주 (약 368 만원) 만 제한적으로 매수합니다. 초고수들의 매집 신호와 AI 반도체 호재가 공존하는 저평가 구간에서 평균 단가 하향과 방어적 포지션 유지를 목표로 합니다.",1,llm_first_response,not_one_share
RN_COMM_OFF,2026-03-04,5,am,A036,ltb_A036_t004,stb_A036_t005,analysis_A036_t005,decision_A036_t005,,,2026-03-04,2026-03-03,2026-03-03,15:30,2026-03-04,08:59,2026-03-04,pre_close_cutoff,005930,buy,29,"가치투자 관점에서 내재가치 대비 현저히 저평가된 구간 (184,200원) 으로 판단되며, 초고수들의 매집 신호가 포착되어 장기적인 상승 흐름을 대비한 저가 매수 기회로 활용합니다. 이전 타이밍 실수를 반성하여 현금 여력을 최대한 활용하되, 지정학적 리스크로 인한 추가 변동성에 대비해 최대 매수 가능 수량 (29 주) 으로 전량 매수하여 평균 단가를 낮추는 전략을 실행합니다.",1,llm_first_response,not_one_share
RN_COMM_OFF,2026-03-04,5,am,A038,ltb_A038_t004,stb_A038_t005,analysis_A038_t005,decision_A038_t005,,,2026-03-04,2026-03-03,2026-03-03,15:30,2026-03-04,08:59,2026-03-04,pre_close_cutoff,005930,buy,50,"미국-이란 교전 등 지정학적 리스크로 삼성전자가 9% 이상 급락했으나, 일부 초고수들의 매집 신호와 20일 이동평균선 부근의 기술적 지지 가능성을 고려하여 저가 매수 기회를 포착합니다. 이전 LTB에서 확인된 6100 선 방어 성공 경험과 현재 포트폴리오의 현금 비중 (약 39%) 을 활용하여, 급락 시 추가 매수하는 처분효과 성향과 위험 자산 선호 특성을 반영한 방어적 매수 전략을 실행합니다.",1,llm_first_response,not_one_share
RN_COMM_OFF,2026-03-04,5,am,A039,ltb_A039_t004,stb_A039_t005,analysis_A039_t005,decision_A039_t005,,,2026-03-04,2026-03-03,2026-03-03,15:30,2026-03-04,08:59,2026-03-04,pre_close_cutoff,005930,buy,2527,"고위험 고수익 선호 성향과 과거 손절가 대비 약 5.6% 추가 하락한 현재가 (184,200 원) 가 20일 이동평균선 (179,605 원) 부근의 기술적 지지선으로 작용할 가능성이 높다고 판단합니다. 지정학적 리스크로 인한 공포 심리와 초고수들의 저가 매집 (줍줍) 신호가 공존하는 혼조세에서, 분산투자보다는 단일 종목 집중 투자 성향에 따라 현재 저가 구간을 기회로 삼아 전량 매수 진입합니다.",1,llm_first_response,not_one_share
RN_COMM_OFF,2026-03-04,5,am,A040,ltb_A040_t004,stb_A040_t005,analysis_A040_t005,decision_A040_t005,,,2026-03-04,2026-03-03,2026-03-03,15:30,2026-03-04,08:59,2026-03-04,pre_close_cutoff,005930,buy,100,"20만원 선 붕괴로 밸류에이션이 매력적이 되었고, 초고수들의 매집 신호가 확인되어 고위험 선호 성향에 따라 저가 매수 기회를 노립니다. 기술적 반등 신호 (MA20 근접) 와 분산된 매수 심리를 근거로, 현금 여력 (4,900 만원) 의 약 40% 수준인 100 주를 매수하여 평균 단가를 낮추고 하방 경직성을 확보합니다.",1,llm_first_response,not_one_share
RN_COMM_OFF,2026-03-04,5,am,A037,ltb_A037_t004,stb_A037_t005,analysis_A037_t005,decision_A037_t005,,,2026-03-04,2026-03-03,2026-03-03,15:30,2026-03-04,08:59,2026-03-04,pre_close_cutoff,005930,buy,100,"20 만원 선 붕괴 우려와 전쟁 리스크로 주가가 하락했으나, 초고수들의 매집 신호와 반도체 업황 개선 기대감이 하방을 지지하고 있어 저가 매수 기회로 판단합니다. 이전 매수 실패 경험을 교훈으로 삼아, 과거 처분 효과 (손실 시 추가 매수) 에 따른 무분별한 추매를 경계하되, 기술적 지지선 (20 일선) 부근에서의 방어적 매수 전략을 적용합니다.",1,llm_first_response,not_one_share
RN_COMM_OFF,2026-03-04,5,am,A044,ltb_A044_t004,stb_A044_t005,analysis_A044_t005,decision_A044_t005,,,2026-03-04,2026-03-03,2026-03-03,15:30,2026-03-04,08:59,2026-03-04,pre_close_cutoff,005930,buy,100,"현재 현금 100% 보유 상태이므로 매수 기회는 열려 있으나, 지정학적 리스크와 기술적 지지선 붕괴로 하락 추세가 우세해 불확실성이 높습니다. 그러나 초고수들의 매집 신호와 메모리 업황 호조 기대, 20만원 선 붕괴로 인한 밸류에이션 하락이 장기적 관점에서 하방 경직성을 제공할 수 있다고 판단하여, 과거 손실 경험과 안정성 선호 성향을 고려해 제한적인 분량으로 진입합니다.",1,llm_first_response,not_one_share
RN_COMM_OFF,2026-03-04,5,am,A043,ltb_A043_t004,stb_A043_t005,analysis_A043_t005,decision_A043_t005,,,2026-03-04,2026-03-03,2026-03-03,15:30,2026-03-04,08:59,2026-03-04,pre_close_cutoff,005930,buy,477,"고위험 고수익 성향과 기술적 지표 (MA20 지지선 부근) 를 중시하는 전략에 따라, 20 만 원 선 붕괴로 인한 밸류에이션 매력도 상승과 초고수들의 매집 신호를 저가 매수 기회로 판단하여 전량 매수합니다. 지정학적 리스크로 인한 추가 하락 가능성은 있으나, 중장기 상승 추세 유지信念과 손절매 원칙에 따라 현재 가격에서 진입합니다.",1,llm_first_response,not_one_share
RN_COMM_OFF,2026-03-04,5,am,A042,ltb_A042_t004,stb_A042_t005,analysis_A042_t005,decision_A042_t005,,,2026-03-04,2026-03-03,2026-03-03,15:30,2026-03-04,08:59,2026-03-04,pre_close_cutoff,005930,buy,100,"이전 LTB 에서 확인한 '수익 시 빠른 매도, 손실 시 추가 매수'라는 처분효과와 고위험 선호 성향을 반영하여, 현재 20 만원 지지선 붕괴 후 18 만 4 천 원대로 급락한 상황에서 초고수들의 매집 신호와 기술적 반등 가능성을 포착하기 위해 매수합니다. 지정학적 리스크로 인한 단기 하락은 오히려 저가 매수 기회로 해석하며, 현금 비중이 높으므로 제한적으로 수량을 투입합니다.",1,llm_first_response,not_one_share
RN_COMM_OFF,2026-03-04,5,am,A045,ltb_A045_t004,stb_A045_t005,analysis_A045_t005,decision_A045_t005,,,2026-03-04,2026-03-03,2026-03-03,15:30,2026-03-04,08:59,2026-03-04,pre_close_cutoff,005930,sell,100,"20만원 심리적 지지선 붕괴와 5일 이동평균 이탈로 하락 추세가 명확하며, 전쟁 리스크로 인한 추가 급락 가능성이 높습니다. 기술적 지표와 거시적 악재가 일치하는 상황에서, 처분효과에 따라 손실을 확정 짓고 현금화하여 추가 하락 리스크를 회피하는 것이 타당합니다.",1,llm_first_response,not_one_share
RN_COMM_OFF,2026-03-04,5,am,A041,ltb_A041_t004,stb_A041_t005,analysis_A041_t005,decision_A041_t005,,,2026-03-04,2026-03-03,2026-03-03,15:30,2026-03-04,08:59,2026-03-04,pre_close_cutoff,005930,buy,100,"초고수들의 저가 매집 신호와 반도체 업황 개선 기대감이 18 만 4 천 원대 주가에서 하방을 지지하고 있다고 판단하여, 처분효과에 따른 손실 시 추가 매수 전략을 실행합니다. 20 만원 선 붕괴로 밸류에이션이 매력적이 되었으나 지정학적 리스크로 변동성이 크므로, 보유 현금의 약 50% 수준인 100 주를 매수하여 평균 단가를 하향 조정하고 기술적 지지선 (20 일 이평선) 부근에서의 반등 기회를 노립니다.",1,llm_first_response,not_one_share
RN_COMM_OFF,2026-03-04,5,am,A047,ltb_A047_t004,stb_A047_t005,analysis_A047_t005,decision_A047_t005,,,2026-03-04,2026-03-03,2026-03-03,15:30,2026-03-04,08:59,2026-03-04,pre_close_cutoff,005930,sell,350,"이전 진입 타이밍 미흡으로 인한 미실현 손실이 발생했으나, 지정학적 리스크로 인한 거시적 불확실성이 지속되고 있으며, 뉴스 요약 부재로 내재가치 판단 근거가 부족하여 추가 매수보다는 손절 매도를 통해 리스크를 차단하는 것이 적절하다고 판단합니다. 현재 가격이 20일 이동평균선 부근에서 지지력을 확인하고 있으나, 초고수들의 매집 신호 등 반등 기대감보다는 전쟁 리스크에 따른 추가 하락 가능성이 더 크다고 평가됩니다.",1,llm_first_response,not_one_share
RN_COMM_OFF,2026-03-04,5,am,A046,ltb_A046_t004,stb_A046_t005,analysis_A046_t005,decision_A046_t005,,,2026-03-04,2026-03-03,2026-03-03,15:30,2026-03-04,08:59,2026-03-04,pre_close_cutoff,005930,buy,100,"중동 분쟁 등 지정학적 리스크로 인한 단기 하락세 (184,200원) 가 20만원 선 붕괴와 기술적 지지선 (20일선) 부근에서 형성되었으나, 초고수 투자자들의 매집 세력과 반도체 업황 호조 기대감이 하방을 지지하고 있어 밸류에이션 매력도가 상승한 시점으로 판단합니다. 이전 손실 패턴을 교훈으로 하여, 단순 뉴스 제목에 의존하지 않고 추가 정보 확인을 통해 하락 국면의 조정 기회로 포착하여 제한적으로 매수합니다.",1,llm_first_response,not_one_share
RN_COMM_OFF,2026-03-04,5,am,A048,ltb_A048_t004,stb_A048_t005,analysis_A048_t005,decision_A048_t005,,,2026-03-04,2026-03-03,2026-03-03,15:30,2026-03-04,08:59,2026-03-04,pre_close_cutoff,005930,buy,100,"지정학적 리스크로 인한 급락 (전일 대비 약 9.9%) 으로 주가가 20 일 이동평균선 (179,605 원) 부근까지 하락하여 기술적 지지 구간으로 진입했습니다. 초고수들의 매집 신호가 하방 경직성을 시사하며, 밸류에이션 측면에서 일시적 저평가 가능성이 있습니다. 현재 보유 주식 100 주에 대한 평균 단가 (195,100 원) 대비 미실현 손실이 발생했으나, 위험 자산 선호 성향과 균형 잡힌 처분 효과를 고려하여 하락 추세의 하단을 확인하며 방어적 관점에서 매수 단가를 낮추기 위해 추가 매수를 결정합니다.",1,llm_first_response,not_one_share
RN_COMM_OFF,2026-03-04,5,am,A051,ltb_A051_t004,stb_A051_t005,analysis_A051_t005,decision_A051_t005,,,2026-03-04,2026-03-03,2026-03-03,15:30,2026-03-04,08:59,2026-03-04,pre_close_cutoff,005930,sell,100,"지정학적 리스크 (미·이란 전쟁) 로 인한 시장 급락세가 지속되고 MA5(206,620 원) 를 하회하며 하락 추세가 명확함. 초고수들의 매집 신호가 있으나 뉴스 헤드라인만으로는 구체적인 매집 규모를 확인하기 어려워, 거시적 불확실성과 기술적 하방 압력을 우선시함. 현재 미실현 손실 상태이나, 안정적 자산 선호 성향과 분산투자 원칙에 따라 추가 하락 위험을 차단하기 위해 일부 매도하여 현금 비중을 확보하고 방어적 태세를 취함.",1,llm_first_response,not_one_share
RN_COMM_OFF,2026-03-04,5,am,A050,ltb_A050_t004,stb_A050_t005,analysis_A050_t005,decision_A050_t005,,,2026-03-04,2026-03-03,2026-03-03,15:30,2026-03-04,08:59,2026-03-04,pre_close_cutoff,005930,buy,100,"지정학적 리스크로 인한 급락세 (9~11% 하락) 와 20만원 선 지지 가능성, 그리고 초고수들의 매집 신호를 고려하여 저가 매수 기회를 포착합니다. 현재 20일 이동평균선 (179,605원) 상회로 단기 지지력을 유지하고 있으며, 고위험 고수익 선호 성향에 따라 현금 여력을 활용하여 평균 매수 단가를 낮추고 수량을 확대합니다.",1,llm_first_response,not_one_share
RN_COMM_OFF,2026-03-04,5,am,A049,ltb_A049_t004,stb_A049_t005,analysis_A049_t005,decision_A049_t005,,,2026-03-04,2026-03-03,2026-03-03,15:30,2026-03-04,08:59,2026-03-04,pre_close_cutoff,005930,buy,100,"현재가 (184,200 원) 가 20 만원 지지선 붕괴 후 20 일 이동평균 (179,605 원) 부근에서 지지 테스트 중이며, 초고수들의 매집 신호와 반도체 업황 회복 기대감이 하방을 제한할 것으로 판단됩니다. 기술적 돌파 신호가 명확하지 않으나, 지정학적 리스크로 인한 일시적 조정으로 보고 저가 매수 기회를 포착하기 위해 매수합니다.",1,llm_first_response,not_one_share
RN_COMM_OFF,2026-03-04,5,am,A052,ltb_A052_t004,stb_A052_t005,analysis_A052_t005,decision_A052_t005,,,2026-03-04,2026-03-03,2026-03-03,15:30,2026-03-04,08:59,2026-03-04,pre_close_cutoff,005930,buy,1000,"미국-이란 교전 등 지정학적 리스크로 시장이 급락했으나, 초고수들의 매집 신호와 20일 이동평균선(179,605원) 부근의 지지 가능성, 그리고 현재가(184,200원)가 밸류에이션 저평가 구간에 진입했다는 판단에 따라 역발상 매수에 나섭니다. 이전 LTB에서 6100선 방어와 같은 방어적 흐름이 우세하다는 점을 고려할 때, 단기 하락은 매수 기회로 해석합니다.",1,llm_first_response,not_one_share
RN_COMM_OFF,2026-03-04,5,am,A053,ltb_A053_t004,stb_A053_t005,analysis_A053_t005,decision_A053_t005,,,2026-03-04,2026-03-03,2026-03-03,15:30,2026-03-04,08:59,2026-03-04,pre_close_cutoff,005930,buy,74,"현재가 184,200원은 내재가치 대비 매력적인 저평가 구간이며, 초고수들의 매집 신호와 대형주의 방어적 성격을 고려하여 가치 투자 관점에서 저가 매집을 단행합니다. 미실현 손실이 있으나 분산투자 원칙 하에 현금 여력을 활용하여 평균 단가를 낮추고 장기 회복을 노립니다.",1,llm_first_response,not_one_share
RN_COMM_OFF,2026-03-04,5,am,A054,ltb_A054_t004,stb_A054_t005,analysis_A054_t005,decision_A054_t005,,,2026-03-04,2026-03-03,2026-03-03,15:30,2026-03-04,08:59,2026-03-04,pre_close_cutoff,005930,buy,100,"초고수들의 매집 신호와 20만원 선 붕괴로 인한 밸류에이션 매력도 상승을 매수 기회로 판단합니다. 지정학적 리스크로 인한 단기 하락세가 뚜렷하나, 반도체 업황의 장기적 모멘텀과 AI 수요 견고성을 고려하여 저가 매수 전략을 실행합니다. 과거 매수 타이밍 실패 경험을 반영하여 전량 매수보다는 분산된 수량으로 진입합니다.",1,llm_first_response,not_one_share
RN_COMM_OFF,2026-03-04,5,am,A056,ltb_A056_t004,stb_A056_t005,analysis_A056_t005,decision_A056_t005,,,2026-03-04,2026-03-03,2026-03-03,15:30,2026-03-04,08:59,2026-03-04,pre_close_cutoff,005930,buy,261,"20만원 선 붕괴로 밸류에이션이 매력적으로 하락했으나 지정학적 리스크로 시장 심리가 위축된 혼조 국면입니다. 초고수들의 매집 뉴스와 기술적 저평가 구간 (20일 이동평균선 지지) 을 기회로 판단하여, 현재 보유 현금의 최대 한도 (261주) 를 활용하여 평균 매수 단가를 낮추고 내재가치 회복을 노립니다. 과거 손실 경험으로 인한 심리적 부담이 있으나, 저평가 구간에서의 집중 매수는 가치투자 전략에 부합합니다.",1,llm_first_response,not_one_share
RN_COMM_OFF,2026-03-04,5,am,A058,ltb_A058_t004,stb_A058_t005,analysis_A058_t005,decision_A058_t005,,,2026-03-04,2026-03-03,2026-03-03,15:30,2026-03-04,08:59,2026-03-04,pre_close_cutoff,005930,buy,100,"지정학적 리스크로 인한 급락세와 20만원 선 붕괴로 밸류에이션 매력도가 상승했으나, 초고수들의 매집 신호와 고위험 고수익 선호 성향에 따라 저가 매수 기회를 포착합니다. 기술적 돌파 신호가 명확하지 않으나, 20일 이동평균선 지지와 반도체 업황 회복 모멘텀을 고려하여 단기 반등 가능성을 노립니다.",1,llm_first_response,not_one_share
RN_COMM_OFF,2026-03-04,5,am,A060,ltb_A060_t004,stb_A060_t005,analysis_A060_t005,decision_A060_t005,,,2026-03-04,2026-03-03,2026-03-03,15:30,2026-03-04,08:59,2026-03-04,pre_close_cutoff,005930,buy,15,"20 만 원 선 붕괴로 밸류에이션이 매력적인 저평가 구간 (적정~저평가) 에 진입했으나, 지정학적 리스크로 인한 단기 하락세가 지속될 수 있어 과거 손실 패턴 (dim_6) 을 반성하여 현금의 50% 한도 내에서 제한적으로 매수합니다. 초고수들의 매집 신호와 20 일 이동평균선 부근의 기술적 지지 가능성을 고려하여 평균 매수 단가 하향 효과를 노립니다.",1,llm_first_response,not_one_share
RN_COMM_OFF,2026-03-04,5,am,A055,ltb_A055_t004,stb_A055_t005,analysis_A055_t005,decision_A055_t005,,,2026-03-04,2026-03-03,2026-03-03,15:30,2026-03-04,08:59,2026-03-04,pre_close_cutoff,005930,sell,150,"지정학적 리스크로 인한 하락 압력이 기술적 반등 신호보다 강하며, 5 일 이동평균선 (206,620 원) 에서 명확한 저항을 받고 있어 추가 손실 가능성이 높습니다. 과거 손실 시 추가 매수하는 성향 (처분효과) 으로 인해 손실이 확대된 경험이 있으므로, 현재 미실현손실 상태 (-261 만 원) 에서 손절매를 단행하여 위험을 차단하고 현금화하는 것이 우선입니다.",1,llm_first_response,not_one_share
RN_COMM_OFF,2026-03-04,5,am,A057,ltb_A057_t004,stb_A057_t005,analysis_A057_t005,decision_A057_t005,,,2026-03-04,2026-03-03,2026-03-03,15:30,2026-03-04,08:59,2026-03-04,pre_close_cutoff,005930,buy,100,"20 만원 선 붕괴로 밸류에이션이 매력적으로 조정되었으며, 초고수들의 매집 신호와 반도체 업황 개선 기대감이 하방을 지지하는 것으로 판단됩니다. 기술적 지표상 20 일 이동평균선 부근에서 지지 가능성이 있으나, 지정학적 리스크로 인한 추가 하락 가능성도 존재하므로, 미실현 손실을 만회하기 위해 평균 단가를 낮추기 위한 제한적 매수 (100 주) 를 실행합니다.",1,llm_first_response,not_one_share
RN_COMM_OFF,2026-03-04,5,am,A062,ltb_A062_t004,stb_A062_t005,analysis_A062_t005,decision_A062_t005,,,2026-03-04,2026-03-03,2026-03-03,15:30,2026-03-04,08:59,2026-03-04,pre_close_cutoff,005930,buy,80,"지정학적 리스크로 인한 급락세 (전일 대비 약 9.9%) 가 지속되나, 20일 이동평균선 (179,605원) 부근에서 기술적 지지 가능성이 있으며, 일부 초고수들의 매집 신호가 포착되어 공포와 기회주의가 공존하는 국면입니다. 현재 보유 주식에 미실현 손실이 발생하여 추가 매수를 통한 평균 단가 하향 및 분산 투자 관점에서 리스크를 감수하고 매수합니다.",1,llm_first_response,not_one_share
RN_COMM_OFF,2026-03-04,5,am,A059,ltb_A059_t004,stb_A059_t005,analysis_A059_t005,decision_A059_t005,,,2026-03-04,2026-03-03,2026-03-03,15:30,2026-03-04,08:59,2026-03-04,pre_close_cutoff,005930,buy,100,"초고수들의 매집 신호와 메모리 가격 상승, AI 수요 등 중장기 모멘텀이 유지되나 지정학적 리스크로 단기 급락세가 지속되고 있습니다. 페르소나의 성향인 '손실 시 추가 매수' 전략에 따라 현재 주가 (184,200원) 가 5일 이동평균선 하회 등 단기 약세 구간이나, 20일 이동평균선 (179,605원) 부근에서 지지받을 가능성이 있어 현금 여력을 활용해 매수 단가를 낮추는 방어적 매수를 실행합니다.",1,llm_first_response,not_one_share
RN_COMM_OFF,2026-03-04,5,am,A063,ltb_A063_t004,stb_A063_t005,analysis_A063_t005,decision_A063_t005,,,2026-03-04,2026-03-03,2026-03-03,15:30,2026-03-04,08:59,2026-03-04,pre_close_cutoff,005930,sell,1000,"지정학적 리스크 (미·이란 교전) 로 인한 글로벌 시장 공포와 삼성전자 전일 9.9% 급락 등 거시적 악재가 지속되고 있으며, 기술적 지표상 5일 이동평균선 하회로 하락 추세가 명확합니다. 초고수들의 매집 신호가 있으나 뉴스 요약 확인 불가로 악재의 깊이를 파악하기 어렵고, 밸류에이션 적정성 판단 근거가 부족하여 불확실성이 높은 현재 상황에서 보유 물량을 전량 매도하여 손실 확대를 차단하고 현금화를 우선시합니다.",1,llm_first_response,not_one_share
RN_COMM_OFF,2026-03-04,5,am,A061,ltb_A061_t004,stb_A061_t005,analysis_A061_t005,decision_A061_t005,,,2026-03-04,2026-03-03,2026-03-03,15:30,2026-03-04,08:59,2026-03-04,pre_close_cutoff,005930,buy,25,"초고수 투자자들의 매집 신호와 반도체 업황 호조 기대감으로 인해 20만원 선 붕괴 시 저가 매수 기회로 판단합니다. 지정학적 리스크로 인한 단기 변동성은 존재하나, 내재가치 관점에서 현재 가격이 매력적인 구간으로 진입했으므로 페르소나의 가치 투자 전략에 따라 매수합니다.",1,llm_first_response,not_one_share
RN_COMM_OFF,2026-03-04,5,am,A064,ltb_A064_t004,stb_A064_t005,analysis_A064_t005,decision_A064_t005,,,2026-03-04,2026-03-03,2026-03-03,15:30,2026-03-04,08:59,2026-03-04,pre_close_cutoff,005930,buy,40,"20 만 원 선 붕괴로 밸류에이션이 매력적인 저평가 구간으로 진입했으며, 초고수들의 매집 신호가 장기적 가치 매수 기회로 작용할 것으로 판단합니다. 전쟁 리스크로 인한 단기 하락은 거시적 충격에 기인하나, 반도체 업황 개선과 내재가치 측면에서 중장기 상승 흐름은 유지될 것으로 봅니다. 따라서 손절 원칙을 유지하되, 현재 가격대에서 분산 매수를 통해 평균 단가를 낮추고 포트폴리오를 재조정합니다.",1,llm_first_response,not_one_share
RN_COMM_OFF,2026-03-04,5,am,A068,ltb_A068_t004,stb_A068_t005,analysis_A068_t005,decision_A068_t005,,,2026-03-04,2026-03-03,2026-03-03,15:30,2026-03-04,08:59,2026-03-04,pre_close_cutoff,005930,buy,100,"초고수들의 매집 신호와 20 만원 부근의 기술적 지지선 형성 가능성이 매수 기회로 작용한다고 판단합니다. 현재 5 일선 이탈로 하락 추세이나, 지정학적 리스크로 인한 일시적 저평가로 보고, 손실 시 추가 매수 (averaging down) 성향에 따라 현금 여력을 활용하여 매수합니다.",1,llm_first_response,not_one_share
RN_COMM_OFF,2026-03-04,5,am,A065,ltb_A065_t004,stb_A065_t005,analysis_A065_t005,decision_A065_t005,,,2026-03-04,2026-03-03,2026-03-03,15:30,2026-03-04,08:59,2026-03-04,pre_close_cutoff,005930,buy,50,"초고수들의 매집 신호와 AI 반도체 수요라는 구조적 호재를 고려하여, 20만원 선 붕괴 후 20일 이동평균선(179,605원) 부근에서 기술적 지지 확인을 위한 저가 매수 기회를 포착합니다. 지정학적 리스크로 인한 단기 변동성은 존재하나, 미실현 손실 상태에서도 균형 잡힌 처분 효과를 유지하며 중기적 상승 모멘텀을 기대합니다.",1,llm_first_response,not_one_share
RN_COMM_OFF,2026-03-04,5,am,A069,ltb_A069_t004,stb_A069_t005,analysis_A069_t005,decision_A069_t005,,,2026-03-04,2026-03-03,2026-03-03,15:30,2026-03-04,08:59,2026-03-04,pre_close_cutoff,005930,buy,25,"지정학적 리스크로 인한 시장 과반응으로 밸류에이션이 매력적인 저평가 구간으로 진입했습니다. 초고수들의 매집 신호와 MA20 지지선 유지 등 반등 여력이 확인되며, 고위험 고수익 기회를 선호하는 투자 성향과 분산투자보다는 집중 투자 성향을 고려하여 현재 가격대에서 적극적으로 매수합니다.",1,llm_first_response,not_one_share
RN_COMM_OFF,2026-03-04,5,am,A070,ltb_A070_t004,stb_A070_t005,analysis_A070_t005,decision_A070_t005,,,2026-03-04,2026-03-03,2026-03-03,15:30,2026-03-04,08:59,2026-03-04,pre_close_cutoff,005930,sell,153,"지정학적 리스크 (미국-이란 교전) 로 인한 거시적 악재가 우세하여 코스피 전체가 7% 이상 하락하는 공포 분위기가 지배적이며, 삼성전자는 전일 대비 약 9.9% 급락했습니다. 기술적 하락 추세 (5일선 하회) 가 명확하고 20일 이동평균선 부근에서의 지지 여부가 불확실한 상황에서, 과거 손절 원칙 (손실 시 이성적으로 손절) 을 준수하여 미실현 손실을 확정 짓고 현금화하는 것이 리스크 관리에 가장 타당합니다. 초고수 매집 소식은 헤드라인 스캔 정보의 한계로 신뢰도가 낮고, 거시적 악재 앞에서는 소수의 매집 신호가 하락 추세를 반전시키기엔 역부족으로 판단됩니다.",1,llm_first_response,not_one_share
RN_COMM_OFF,2026-03-04,5,am,A066,ltb_A066_t004,stb_A066_t005,analysis_A066_t005,decision_A066_t005,,,2026-03-04,2026-03-03,2026-03-03,15:30,2026-03-04,08:59,2026-03-04,pre_close_cutoff,005930,buy,10,"초고수들의 매집 신호와 20만원 선 붕괴로 인한 밸류에이션 매력도 상승을 고려하여 제한적으로 매수합니다. 다만, 지정학적 리스크로 인한 단기 하락 추세가 명확하고 이전 진입 타이밍 실수 (-9.9%, -6.9%) 를 교훈으로 삼아, 전량 매수나 대량 매수는 지양하고 현금 여력을 유지하며 소량으로 분산 매수합니다.",1,llm_first_response,not_one_share
RN_COMM_OFF,2026-03-04,5,am,A071,ltb_A071_t004,stb_A071_t005,analysis_A071_t005,decision_A071_t005,,,2026-03-04,2026-03-03,2026-03-03,15:30,2026-03-04,08:59,2026-03-04,pre_close_cutoff,005930,buy,1000,"지정학적 리스크로 인한 20만원 선 붕괴로 밸류에이션이 매력적인 저평가 구간에 진입했으나, 초고수들의 매집 신호와 AI 반도체 등 구조적 호재가 공존하여 중장기적 우상향 모멘텀이 유효하다고 판단합니다. 현재 보유 주식에 대한 평균 단가 하향 기회로 활용하되, 리스크오프 심리 지속 가능성과 전쟁 변수 장기화 리스크를 고려하여 현금의 50% 한도 (약 2.47 억 원) 내에서 1,000 주 (약 1.84 억 원) 를 매수하여 분산 투자 원칙을 유지하고 포트폴리오의 평균 단가를 조정합니다.",1,llm_first_response,not_one_share
RN_COMM_OFF,2026-03-04,5,am,A067,ltb_A067_t004,stb_A067_t005,analysis_A067_t005,decision_A067_t005,,,2026-03-04,2026-03-03,2026-03-03,15:30,2026-03-04,08:59,2026-03-04,pre_close_cutoff,005930,sell,100,"지정학적 리스크로 인한 20 만원 선 붕괴와 5 일선 이탈 등 기술적 약세가 명확하며, 초고수 매집 신호와 상충되는 불확실성이 존재합니다. 과거 추세 추종 전략의 취약점을 고려하여, 추가 손실 확대를 막기 위해 보유 물량의 일부를 선제적으로 매도하여 현금화합니다.",1,llm_first_response,not_one_share
RN_COMM_OFF,2026-03-04,5,am,A072,ltb_A072_t004,stb_A072_t005,analysis_A072_t005,decision_A072_t005,,,2026-03-04,2026-03-03,2026-03-03,15:30,2026-03-04,08:59,2026-03-04,pre_close_cutoff,005930,buy,133,"20만원 선 붕괴로 밸류에이션이 매력적으로 조정되었으며, 초고수들의 매집 신호와 AI 반도체 등 산업적 호재가 지속되어 저가 매수 기회로 판단됩니다. 페르소나의 고위험 고수익 선호 성향과 손절 원칙 (이성적 손절) 을 고려할 때, 현재 가격대는 내재가치 관점에서 매수 진입이 유효합니다. 기존 손실 포지션에 대한 심리적 부담이 있으나, 현금 비중을 활용한 저가 매수로 평균 단가를 낮추고 포트폴리오를 재편성해야 합니다.",1,llm_first_response,not_one_share
RN_COMM_OFF,2026-03-04,5,am,A073,ltb_A073_t004,stb_A073_t005,analysis_A073_t005,decision_A073_t005,,,2026-03-04,2026-03-03,2026-03-03,15:30,2026-03-04,08:59,2026-03-04,pre_close_cutoff,005930,sell,200,"기술적 하락 추세 (MA5 하회) 와 지정학적 리스크로 인한 추가 급락 가능성이 높으며, 초고수들의 매집 신호가 명확한 반전 신호로 확인되지 않은 상태에서 미실현 손실을 확정하여 손절매하는 것이 원칙에 부합합니다. 특히 뉴스 요약 부재로 정확한 저가 판단이 어렵고, 과거 손실 경험으로 인해 불확실성 하에서의 추가 매수는 위험합니다.",1,llm_first_response,not_one_share
RN_COMM_OFF,2026-03-04,5,am,A074,ltb_A074_t004,stb_A074_t005,analysis_A074_t005,decision_A074_t005,,,2026-03-04,2026-03-03,2026-03-03,15:30,2026-03-04,08:59,2026-03-04,pre_close_cutoff,005930,sell,100,"중동 전쟁 확전 및 금리 우려로 인한 거시적 리스크오프 심리가 지배적이며, 20만원 선 붕괴로 기술적 지지선이 무너진 상태입니다. 이전 LTB에서 지적한 매수 타이밍 실패 경험을 바탕으로, 불확실성이 높은 하락장에서 추가 손실 위험을 차단하기 위해 손절 원칙에 따라 일부 매도합니다. 초고수들의 매집 신호가 있으나, 거시적 악재가 우세하여 반등 신호가 명확히 확인되기 전까지는 방어적 대응이 우선입니다.",1,llm_first_response,not_one_share
RN_COMM_OFF,2026-03-04,5,am,A076,ltb_A076_t004,stb_A076_t005,analysis_A076_t005,decision_A076_t005,,,2026-03-04,2026-03-03,2026-03-03,15:30,2026-03-04,08:59,2026-03-04,pre_close_cutoff,005930,buy,200,"초고수들의 20 만원 선 매집 신호와 반도체 업황 호조가 겹쳐 현재가 (184,200 원) 가 기술적 지지선 (179,605 원) 부근에서 반등할 저가 매수 기회로 판단합니다. 이전 손절매 (-3.68%) 를 통해 하락 추세를 차단한 후, 고위험 고수익 성향에 따라 하락 시 매수 전략을 실행합니다.",1,llm_first_response,not_one_share
RN_COMM_OFF,2026-03-04,5,am,A078,ltb_A078_t004,stb_A078_t005,analysis_A078_t005,decision_A078_t005,,,2026-03-04,2026-03-03,2026-03-03,15:30,2026-03-04,08:59,2026-03-04,pre_close_cutoff,005930,buy,20,"현재가 184,200 원은 밸류에이션이 매력적인 저평가 구간이며, 초고수들의 매집 신호와 AI 반도체 수요 등 장기적 성장 동력이 존재합니다. 이전 매수 실패 경험을 바탕으로 과감한 매수보다는 현금 비중을 유지하며 평균 단가를 관리하기 위해 제한적으로 매수합니다.",1,llm_first_response,not_one_share
RN_COMM_OFF,2026-03-04,5,am,A079,ltb_A079_t004,stb_A079_t005,analysis_A079_t005,decision_A079_t005,,,2026-03-04,2026-03-03,2026-03-03,15:30,2026-03-04,08:59,2026-03-04,pre_close_cutoff,005930,sell,100,"이전 매수 타이밍 실패로 인한 미실현 손실이 확대되고 있으며, 20 만 원 선 붕괴 우려와 5 일 이동평균선 하회 등 기술적 약세가 뚜렷합니다. 지정학적 리스크로 인한 단기 하락세가 지속될 가능성이 높으므로, 손절 원칙에 따라 일부 포지션을 축소하여 추가 손실 확대를 방지하고 현금 유동성을 확보합니다.",1,llm_first_response,not_one_share
RN_COMM_OFF,2026-03-04,5,am,A080,ltb_A080_t004,stb_A080_t005,analysis_A080_t005,decision_A080_t005,,,2026-03-04,2026-03-03,2026-03-03,15:30,2026-03-04,08:59,2026-03-04,pre_close_cutoff,005930,buy,500,"20 만 원 선 붕괴로 밸류에이션이 매력적인 저평가 구간에 진입했으며, 초고수들의 매집 신호와 반도체 업황의 호조세가 하방을 제한하고 있어 가치 매수 기회로 판단합니다. 이전 손실 경험을 교훈으로 삼아, 현금 비중이 높은 현재 포트폴리오 상태에서 분산 투자 원칙에 따라 제한적으로 매수합니다.",1,llm_first_response,not_one_share
RN_COMM_OFF,2026-03-04,5,am,A081,ltb_A081_t004,stb_A081_t005,analysis_A081_t005,decision_A081_t005,,,2026-03-04,2026-03-03,2026-03-03,15:30,2026-03-04,08:59,2026-03-04,pre_close_cutoff,005930,sell,350,"이전 LTB에서 지적한 대로 타이밍과 리스크 관리 부족으로 인해 2 건의 매수 판단이 단기 하락으로 손실을 기록했습니다. 현재 포트폴리오의 미실현 손익이 -507 만 원으로 손절 원칙에 따라 손실을 확정하고 현금화하는 것이 이성적인 판단입니다. 지정학적 리스크로 인한 추가 하락 가능성과 거시적 악재가 우세한 단기 흐름을 고려할 때, 저평가 구간을 기다리기보다 손실을 제한하고 현금으로 전환하여 안정성을 확보하는 것이 적절합니다.",1,llm_first_response,not_one_share
RN_COMM_OFF,2026-03-04,5,am,A075,ltb_A075_t004,stb_A075_t005,analysis_A075_t005,decision_A075_t005,,,2026-03-04,2026-03-03,2026-03-03,15:30,2026-03-04,08:59,2026-03-04,pre_close_cutoff,005930,buy,76,"지정학적 악재로 인한 20 만 원 선 붕괴로 밸류에이션이 매력적인 저평가 구간으로 진입했으며, 초고수들의 매집 신호와 반도체 업황의 구조적 회복 모멘텀이 공존합니다. 현재 보유 현금 여력이 충분하고, 안정적 자산을 선호하는 성향에 따라 미실현 손실을 감수하더라도 저가 매집을 통해 내재가치를 확보하는 것이 타당하다고 판단합니다.",1,llm_first_response,not_one_share
RN_COMM_OFF,2026-03-04,5,am,A077,ltb_A077_t004,stb_A077_t005,analysis_A077_t005,decision_A077_t005,,,2026-03-04,2026-03-03,2026-03-03,15:30,2026-03-04,08:59,2026-03-04,pre_close_cutoff,005930,buy,68,"20만원 선 붕괴로 밸류에이션이 매력적으로 하락했으나, 초고수들의 매집 신호와 반도체 업황 개선 기대감이 중기적 하방을 지지하고 있어 가치투자 관점에서 저가 매수 기회로 판단합니다. 현재 현금 2527 만원을 보유하고 있으며, 최대 매수 가능 금액 (1263 만원) 범위 내에서 전량 매수하여 평균 매수 단가를 낮추고 안전마진을 확보하는 전략을 취합니다.",1,llm_first_response,not_one_share
RN_COMM_OFF,2026-03-04,5,am,A084,ltb_A084_t004,stb_A084_t005,analysis_A084_t005,decision_A084_t005,,,2026-03-04,2026-03-03,2026-03-03,15:30,2026-03-04,08:59,2026-03-04,pre_close_cutoff,005930,sell,170,"이전 연속 매수 실패 경험과 지정학적 리스크 (전쟁) 로 인한 추가 급락 우려가 지배적입니다. 현재 -4.14% 미실현 손익 상태이나, 페르소나의 '손실 시 이성적 손절' 원칙과 안정적 자산 선호 성향에 따라 추가 손실 확대를 방지하기 위해 보유 물량의 절반을 매도하여 현금 비중을 높이고 리스크를 축소합니다.",1,llm_first_response,not_one_share
RN_COMM_OFF,2026-03-04,5,am,A083,ltb_A083_t004,stb_A083_t005,analysis_A083_t005,decision_A083_t005,,,2026-03-04,2026-03-03,2026-03-03,15:30,2026-03-04,08:59,2026-03-04,pre_close_cutoff,005930,buy,50,"지정학적 리스크로 인한 단기 하락세 (184,200 원) 가 20 만원 선 붕괴로 밸류에이션을 매력적으로 만들었으나, 초고수들의 매집 신호와 반도체 업황 호조세 (메모리 가격 상승) 가 하방 방어 요인으로 작용할 것으로 판단됩니다. 현재 평균 단가 (209,594 원) 대비 미실현 손실이 발생했으나, 중장기 상승 모멘텀이 유효하다는 이전 신념과 현재 저평가 구간 진입 기회를 포착하여 평균 단가 하향을 위한 제한적 매수를 실행합니다.",1,llm_first_response,not_one_share
RN_COMM_OFF,2026-03-04,5,am,A085,ltb_A085_t004,stb_A085_t005,analysis_A085_t005,decision_A085_t005,,,2026-03-04,2026-03-03,2026-03-03,15:30,2026-03-04,08:59,2026-03-04,pre_close_cutoff,005930,buy,77,"지정학적 리스크로 인한 급락으로 밸류에이션이 저평가 구간으로 진입했으며, 초고수들의 매집 신호와 6100선 방어 등 장기적 방어력이 확인됨. 현재 평균 단가 대비 손실 상태이나, 가치 투자 관점에서 추가 매수를 통해 평균 단가를 낮추고 저평가 구간을 활용하는 것이 적절하다고 판단됨.",1,llm_first_response,not_one_share
RN_COMM_OFF,2026-03-04,5,am,A086,ltb_A086_t004,stb_A086_t005,analysis_A086_t005,decision_A086_t005,,,2026-03-04,2026-03-03,2026-03-03,15:30,2026-03-04,08:59,2026-03-04,pre_close_cutoff,005930,buy,25,"20 만원 선 붕괴로 밸류에이션이 매력적으로 하락했으며, 초고수들의 매집과 AI 반도체 수요 등 산업적 호재가 장기 성장성을 지지하고 있어 가치 투자 관점에서 저가 매수 기회를 포착합니다. 다만, 지정학적 리스크로 인한 단기 하락 추세가 명확히 반전되지 않았고 과거 매수 시점의 손실 경험을 고려하여, 전체 현금의 절반 이내인 제한적 수량으로 진입합니다.",1,llm_first_response,not_one_share
RN_COMM_OFF,2026-03-04,5,am,A087,ltb_A087_t004,stb_A087_t005,analysis_A087_t005,decision_A087_t005,,,2026-03-04,2026-03-03,2026-03-03,15:30,2026-03-04,08:59,2026-03-04,pre_close_cutoff,005930,buy,1500,"지정학적 리스크로 인한 급락세 (20만원 선 붕괴) 속에서도 초고수들의 매집 신호와 AI 반도체 수요라는 장기적 호재가 유지되고 있어 저가 매수 기회로 판단합니다. 기술적 지표상 20일 이동평균선 (179,605원) 을 상회하며 단기 지지선이 형성되어 있고, 거래량 증가로 매수세가 유입되고 있습니다. 이전 손실 경험으로 인해 타이밍에 경계심을 가지고 있으나, 현재 포트폴리오가 현금 100% 상태이므로 분산투자 원칙 하에 제한적으로 진입합니다.",1,llm_first_response,not_one_share
RN_COMM_OFF,2026-03-04,5,am,A089,ltb_A089_t004,stb_A089_t005,analysis_A089_t005,decision_A089_t005,,,2026-03-04,2026-03-03,2026-03-03,15:30,2026-03-04,08:59,2026-03-04,pre_close_cutoff,005930,sell,200,"지정학적 리스크 (미국-이란 교전) 로 인한 리스크오프 심리가 우세하여 단기 하락세가 뚜렷하고, 20 만원 선 하향 돌파로 기술적 지지선이 무너진 상태입니다. 페르소나의 성향인 '수익 시 빠른 매도' 원칙에 따라 미실현 손실을 확정 짓고 현금화하여 추가 하락 위험을 차단하는 것이 우선입니다. 초고수들의 매집 신호가 있으나, 거시적 불확실성이 우세한 현재 시점에서는 추이 확인을 기다리기보다 손절매 원칙을 적용합니다.",1,llm_first_response,not_one_share
RN_COMM_OFF,2026-03-04,5,am,A091,ltb_A091_t004,stb_A091_t005,analysis_A091_t005,decision_A091_t005,,,2026-03-04,2026-03-03,2026-03-03,15:30,2026-03-04,08:59,2026-03-04,pre_close_cutoff,005930,buy,100,"이전 LTB에서 6100선 회복을 기술적 지지로 보았으나, 현재는 5일 이동평균선 이탈로 하락 추세이며 지정학적 리스크가 지속되고 있습니다. 다만, 20일 이동평균선 부근에서 기술적 지지와 초고수들의 매집 신호가 포착되어 단기 반등 가능성이 있다고 판단하여, 현금 비중을 낮추기 위해 제한적으로 매수합니다.",1,llm_first_response,not_one_share
RN_COMM_OFF,2026-03-04,5,am,A082,ltb_A082_t004,stb_A082_t005,analysis_A082_t005,decision_A082_t005,,,2026-03-04,2026-03-03,2026-03-03,15:30,2026-03-04,08:59,2026-03-04,pre_close_cutoff,005930,sell,1000,"지정학적 리스크 (미국-이란 교전) 로 인한 급락세와 20 만 원 선 붕괴, 외국인 대규모 매도세로 단기 하락 추세가 명확하며 기술적 지표 (5 일선 이탈) 도 부정적입니다. 과거 2 회 연속 매수 시점의 가격 하락으로 리스크 관리가 부족했던 점을 반성하여, 추가 손실 확대를 막기 위해 보유 물량의 일부를 매도하여 현금 비중을 높이고 손실을 제한하는 것이 타당합니다.",1,llm_first_response,not_one_share
RN_COMM_OFF,2026-03-04,5,am,A088,ltb_A088_t004,stb_A088_t005,analysis_A088_t005,decision_A088_t005,,,2026-03-04,2026-03-03,2026-03-03,15:30,2026-03-04,08:59,2026-03-04,pre_close_cutoff,005930,sell,220,"지정학적 리스크 (미·이란 전쟁) 로 인한 거시적 불확실성이 주가 하락을 압도하고 있으며, 초고수들의 매집 신호가 나오더라도 구체적인 규모와 가격이 확인되지 않아 저평가 구간으로 단정하기 어렵습니다. 현재 미실현 손실 상태이나, 위험 자산 선호 성향과 손실 시 이성적 손절 원칙에 따라 추가 하락 위험을 차단하고 현금화를 결정합니다.",1,llm_first_response,not_one_share
RN_COMM_OFF,2026-03-04,5,am,A090,ltb_A090_t004,stb_A090_t005,analysis_A090_t005,decision_A090_t005,,,2026-03-04,2026-03-03,2026-03-03,15:30,2026-03-04,08:59,2026-03-04,pre_close_cutoff,005930,buy,100,"20 만원 심리적 지지선 부근에서 초고수들의 매집 신호와 기술적 반등 모멘텀이 확인되었으나, 지정학적 리스크로 인한 추가 하락 가능성도 존재합니다. 페르소나의 손실 시 추가 매수 경향과 현금 보유량(약 5 천만 원) 을 고려하여, 분산투자 원칙을 일부 유지하면서 방어적으로 소량 분할 매수합니다.",1,llm_first_response,not_one_share
RN_COMM_OFF,2026-03-04,5,am,A092,ltb_A092_t004,stb_A092_t005,analysis_A092_t005,decision_A092_t005,,,2026-03-04,2026-03-03,2026-03-03,15:30,2026-03-04,08:59,2026-03-04,pre_close_cutoff,005930,buy,100,"초고수들의 매집 신호와 20 만원 선 붕괴 후 18 만 4 천 원대에서의 20 일 이동평균선 근접 지지 테스트를 고려하여, 지정학적 리스크로 인한 일시적 하락을 저가 매수 기회로 판단합니다. 이전 LTB 에서 확인한 기술적 돌파 신호와 밸류에이션 매력도를 바탕으로, 현재 현금 비중 (약 71%) 을 활용해 방어적으로 매수합니다.",1,llm_first_response,not_one_share
RN_COMM_OFF,2026-03-04,5,am,A093,ltb_A093_t004,stb_A093_t005,analysis_A093_t005,decision_A093_t005,,,2026-03-04,2026-03-03,2026-03-03,15:30,2026-03-04,08:59,2026-03-04,pre_close_cutoff,005930,buy,264,"고위험 고수익 선호 성향과 초고수들의 매집 신호, 20 만원 부근의 기술적 지지선 형성을 근거로 신규 진입합니다. 지정학적 리스크로 인한 급락세는 있으나, 20 일 이동평균선 부근에서 반등 가능성을 염두에 두고 전량 매수하여 저가 매수 기회를 포착합니다.",1,llm_first_response,not_one_share
RN_COMM_OFF,2026-03-04,5,am,A094,ltb_A094_t004,stb_A094_t005,analysis_A094_t005,decision_A094_t005,,,2026-03-04,2026-03-03,2026-03-03,15:30,2026-03-04,08:59,2026-03-04,pre_close_cutoff,005930,sell,100,"지정학적 리스크로 인한 시장 급락과 20 일 이동평균선 부근에서의 기술적 지지 불확실성을 고려하여, 손실 확정과 현금 확보를 우선시합니다. 이전 -9.9% 손실 경험으로 인한 추가 매수 (처분효과) 리스크를 피하고, 안정적 자산 선호 성향에 따라 불확실성 해소 시까지 현금 비중을 높이는 방어적 전략을 취합니다.",1,llm_first_response,not_one_share
RN_COMM_OFF,2026-03-04,5,am,A095,ltb_A095_t004,stb_A095_t005,analysis_A095_t005,decision_A095_t005,,,2026-03-04,2026-03-03,2026-03-03,15:30,2026-03-04,08:59,2026-03-04,pre_close_cutoff,005930,buy,134,"지정학적 리스크로 인한 급락세 (20만원 선 붕괴) 속에서도 초고수들의 매집 신호와 반도체 업황 호조, 20일 이동평균선 (179,605원) 근처의 기술적 지지 가능성을 고려하여 저가 매수 기회를 포착합니다. 72세의 안정적 자산 선호 성향과 분산 투자 경향을 반영해, 최대 매수 한도 (50%) 의 절반 수준인 134주 (약 2,468만 원) 로 제한적으로 진입합니다.",1,llm_first_response,not_one_share
RN_COMM_OFF,2026-03-04,5,am,A096,ltb_A096_t004,stb_A096_t005,analysis_A096_t005,decision_A096_t005,,,2026-03-04,2026-03-03,2026-03-03,15:30,2026-03-04,08:59,2026-03-04,pre_close_cutoff,005930,sell,200,"기술적 추세 추종 전략에 따라 5 일 이동평균선 (206,620 원) 을 크게 하회하고 20 만원 선 붕괴로 하락 추세가 명확한 상태이므로, 손절 원칙에 따라 보유 주식 전량을 매도합니다. 초고수들의 매집 신호가 있더라도 하락 꺾임이 확인되기 전까지는 추가 매수 타이밍을 기다려야 하며, 현재 미실현 손실은 이성적으로 손절하여 현금화하는 것이 리스크 관리에 부합합니다.",1,llm_first_response,not_one_share
RN_COMM_OFF,2026-03-04,5,am,A097,ltb_A097_t004,stb_A097_t005,analysis_A097_t005,decision_A097_t005,,,2026-03-04,2026-03-03,2026-03-03,15:30,2026-03-04,08:59,2026-03-04,pre_close_cutoff,005930,sell,1000,"이전 기술적 돌파 신호에 대한 신뢰도 하락 (previous_ltb dim_6) 과 명확한 반등 신호 부재 (current_stb dim_2) 로 인해 추가 손실 확대 위험이 큽니다. 지정학적 리스크로 인한 공포 분위기가 우세한 상황에서, 고위험 선호 성향이지만 손실 시 이성적으로 손절하는 페르소나 특성에 따라 미실현 손실을 일부 실현하고 현금화하여 리스크를 관리합니다.",1,llm_first_response,not_one_share
RN_COMM_OFF,2026-03-04,5,am,A099,ltb_A099_t004,stb_A099_t005,analysis_A099_t005,decision_A099_t005,,,2026-03-04,2026-03-03,2026-03-03,15:30,2026-03-04,08:59,2026-03-04,pre_close_cutoff,005930,buy,49,"20만원 선 붕괴로 밸류에이션이 매력적이 되었으며, 초고수들의 매집 신호가 저평가 구간 진입을 시사합니다. 고위험 고수익 기회를 선호하는 성향과 분산투자 경향 (특정 종목 집중) 을 고려하여, 과거 손실 패턴 (dim_6) 을 경계하되 현금의 절반 (50%) 한도를 활용해 저가 매수 기회를 선제적으로 확보합니다.",1,llm_first_response,not_one_share
RN_COMM_OFF,2026-03-04,5,am,A098,ltb_A098_t004,stb_A098_t005,analysis_A098_t005,decision_A098_t005,,,2026-03-04,2026-03-03,2026-03-03,15:30,2026-03-04,08:59,2026-03-04,pre_close_cutoff,005930,buy,49,"고위험 선호 성향과 초고수들의 20 만원 붕괴 시 매집 신호에 따라, 현재 18 만 4 천 원대의 저가 구간에서 추가 매수 (averaging down) 를 단행합니다. 이전 손실 경험 (-9.9%, -6.9%) 을 교훈으로 삼아 진입 타이밍을 재조정하며, MA20 지지선 부근에서의 반등 모멘텀과 기술적 지표의 혼조세를 기회로 판단합니다.",1,llm_first_response,not_one_share
RN_COMM_OFF,2026-03-04,5,am,A100,ltb_A100_t004,stb_A100_t005,analysis_A100_t005,decision_A100_t005,,,2026-03-04,2026-03-03,2026-03-03,15:30,2026-03-04,08:59,2026-03-04,pre_close_cutoff,005930,buy,100,"20만원 선 붕괴로 밸류에이션이 매력적으로 하락했으나 지정학적 리스크로 불확실성이 잔존하는 상황입니다. 그러나 초고수들의 매집과 AI 반도체 호재 등 저가 매수 기회로 해석되는 신호가 공존하며, 보유 현금 여력이 충분하여 원칙에 따른 저가 매수 전략을 실행합니다. 이전 타이밍 조절 실패 경험을 고려하여 전량 매수보다는 수량을 제한적으로 조절합니다.",1,llm_first_response,not_one_share
RN_COMM_OFF,2026-03-04,6,pm,A001,ltb_A001_t005,stb_A001_t006,analysis_A001_t006,decision_A001_t006,,,2026-03-04,2026-03-04,2026-03-04,09:00,2026-03-04,15:29,2026-03-04,pre_close_cutoff,005930,buy,41,"지정학적 리스크로 인한 급락장 (전일 -11.7%) 이지만, 초고수들의 매수 행보와 경쟁사 CEO의 기술력 인정 등 하방 경직성 신호가 확인되어 가치 매수 구간으로 판단함. 이전 두 차례 매수 실패 경험을 고려하여, 전체 현금의 50% 제한 내에서 절반 수준 (약 41주, 706만원) 으로 제한적으로 매수하여 평균 매수 단가를 낮추고 방어선을 구축함.",1,llm_first_response,not_one_share
RN_COMM_OFF,2026-03-04,6,pm,A006,ltb_A006_t005,stb_A006_t006,analysis_A006_t006,decision_A006_t006,,,2026-03-04,2026-03-04,2026-03-04,09:00,2026-03-04,15:29,2026-03-04,pre_close_cutoff,005930,buy,100,"allowed_actions가 'buy'로 제한되어 매수만 가능하므로, 초고수들의 매집 신호와 20 만원 붕괴 후의 저가 매수 기회 (172,200 원) 를 활용하여 진입합니다. 다만, 거시적 불확실성과 기술적 하락 추세, 그리고 과거 2 회 연속 손실 경험으로 인해 하락 추세를 과소평가하지 않도록 수량을 제한적으로 조정합니다.",1,llm_first_response,not_one_share
RN_COMM_OFF,2026-03-04,6,pm,A004,ltb_A004_t005,stb_A004_t006,analysis_A004_t006,decision_A004_t006,,,2026-03-04,2026-03-04,2026-03-04,09:00,2026-03-04,15:29,2026-03-04,pre_close_cutoff,005930,sell,100,"20만원 선 붕괴 후 하락 추세가 명확하고, MA5/MA20 하회 등 기술적 저항선 무너짐이 지속되고 있어 추가 손실 확대를 우려합니다. 이전 두 차례 매수 실패 경험과 처분효과(손실 시 추가 매수 경향) 의 위험을 인지하여, 공포 매물이 쏟아지는 현재 시점에서 일부 포지션을 정리하여 현금 유동성을 확보하고 손실을 제한하는 것이 타당합니다.",1,llm_first_response,not_one_share
RN_COMM_OFF,2026-03-04,6,pm,A003,ltb_A003_t005,stb_A003_t006,analysis_A003_t006,decision_A003_t006,,,2026-03-04,2026-03-04,2026-03-04,09:00,2026-03-04,15:29,2026-03-04,pre_close_cutoff,005930,buy,128,"초고수들의 매집 신호와 경쟁사 CEO의 기술적 인정 등 하방 경직성 신호가 확인되었으며, 20 만 원 붕괴로 밸류에이션이 매력적으로 하락한 저평가 구간으로 판단됩니다. 지정학적 리스크로 인한 추가 조정 가능성은 있으나, 현재 현금 비중이 높고 분산투자 성향이 있어 리스크 관리 하에 저가 매수 기회를 선점합니다.",1,llm_first_response,not_one_share
RN_COMM_OFF,2026-03-04,6,pm,A008,ltb_A008_t005,stb_A008_t006,analysis_A008_t006,decision_A008_t006,,,2026-03-04,2026-03-04,2026-03-04,09:00,2026-03-04,15:29,2026-03-04,pre_close_cutoff,005930,buy,100,"이전 LTB에서 지적한 거시 리스크와 기술적 하락 추세 (MA5, MA20 하회) 는 경계해야 하지만, 오늘의 STB와 뉴스에서 확인된 초고수들의 역매수와 SK하이닉스 CEO의 칭찬은 하방 경직성과 낙폭 과다 신호로 해석됩니다. 고위험 고수익 선호 성향에 따라 20 만원 선 붕괴 후 17 만 2 천 원대 진입은 매력적인 저가 매수 기회로 판단하며, 이전 손절 라인 미설정 오류를 교정하기 위해 이번 매수는 분산 투자 원칙 (최대 매수 가능 금액의 50% 이내) 을 준수하여 제한적으로 실행합니다.",1,llm_first_response,not_one_share
RN_COMM_OFF,2026-03-04,6,pm,A002,ltb_A002_t005,stb_A002_t006,analysis_A002_t006,decision_A002_t006,,,2026-03-04,2026-03-04,2026-03-04,09:00,2026-03-04,15:29,2026-03-04,pre_close_cutoff,005930,buy,100,"지정학적 리스크로 인한 급락장 (코스피 5500선, 삼성 -11.7%) 이지만, 초고수들의 매집 신호와 SK하이닉스 CEO 의 긍정적 언급으로 하방 경직성이 존재한다고 판단합니다. 가치투자 관점에서 저평가 구간 진입 기회로 해석하여, 과거 손절 원칙을 유지하되 현재 가격대에서의 추가 매수를 통해 평균 매수 단가를 낮추고 장기적 가치 회복을 노립니다.",1,llm_first_response,not_one_share
RN_COMM_OFF,2026-03-04,6,pm,A005,ltb_A005_t005,stb_A005_t006,analysis_A005_t006,decision_A005_t006,,,2026-03-04,2026-03-04,2026-03-04,09:00,2026-03-04,15:29,2026-03-04,pre_close_cutoff,005930,buy,24,"지정학적 리스크로 인한 급락장 (172,200원) 이지만, 초고수들의 매집 신호와 경쟁사 CEO의 긍정적 평가가 하방 경직성을 시사하며, 20만원 선 붕괴로 밸류에이션이 역사적 저점 부근에 도달했습니다. 가치투자 관점에서 저평가 구간 진입 기회로 판단되어 보유 현금의 최대 한도 (24주) 를 활용하여 저가 매수합니다.",1,llm_first_response,not_one_share
RN_COMM_OFF,2026-03-04,6,pm,A007,ltb_A007_t005,stb_A007_t006,analysis_A007_t006,decision_A007_t006,,,2026-03-04,2026-03-04,2026-03-04,09:00,2026-03-04,15:29,2026-03-04,pre_close_cutoff,005930,buy,40,"초고수들의 매집 신호와 반도체 업황의 근본적 강세 (AI 수요) 를 고려하여, 현재 172,200원 수준은 저평가 매수 기회로 판단합니다. 지정학적 리스크로 인한 추가 하락 가능성은 존재하나, 20만원 선 붕괴 후 밸류에이션이 매력적으로 조정되었으므로 초고수들의 매수 세력을 따라 저가 매수 전략을 실행합니다. 과거 손실 경험을 교훈으로 삼아 전량 매수하지 않고 현금 여력을 일부 유지하며 접근합니다.",1,llm_first_response,not_one_share
RN_COMM_OFF,2026-03-04,6,pm,A009,ltb_A009_t005,stb_A009_t006,analysis_A009_t006,decision_A009_t006,,,2026-03-04,2026-03-04,2026-03-04,09:00,2026-03-04,15:29,2026-03-04,pre_close_cutoff,005930,sell,262,"지정학적 리스크로 인한 시장 전체의 급락세 (-11.74%) 와 기술적 지표 (MA5, MA20 하회) 가 하락 추세를 명확히 지지하고 있어, 초고수 매집 신호나 SK하이닉스 CEO 언급 등 긍정적 요인보다 거시적 불확실성과 공포 매도 압력이 더 우세하다고 판단합니다. 또한 뉴스 요약 부재로 정확한 저평가 근거를 확인하기 어렵고, 기술적 지지선 붕괴 시 손실 확대 위험이 크므로 손절 원칙에 따라 보유 물량을 전량 매도하여 현금화합니다.",1,llm_first_response,not_one_share
RN_COMM_OFF,2026-03-04,6,pm,A010,ltb_A010_t005,stb_A010_t006,analysis_A010_t006,decision_A010_t006,,,2026-03-04,2026-03-04,2026-03-04,09:00,2026-03-04,15:29,2026-03-04,pre_close_cutoff,005930,buy,26,"지정학적 리스크로 인한 급락장 (종가 172,200원) 이지만, 초고수들의 매수세와 SK하이닉스 CEO의 기술 리더십 인정 등 하방 경직성 신호가 확인되었습니다. 밸류에이션이 역사적 저점 부근에 도달하여 내재가치 대비 매력도가 높다고 판단하며, 이전 손실 경험을 교훈으로 삼아 현금 여력을 활용해 저가 매수 기회를 포착합니다.",1,llm_first_response,not_one_share
RN_COMM_OFF,2026-03-04,6,pm,A012,ltb_A012_t005,stb_A012_t006,analysis_A012_t006,decision_A012_t006,,,2026-03-04,2026-03-04,2026-03-04,09:00,2026-03-04,15:29,2026-03-04,pre_close_cutoff,005930,buy,100,"지정학적 리스크로 인한 급락장 (172,200원) 이지만, 초고수들의 매집과 경쟁사 CEO의 칭찬 등 하방 경직성 신호가 공존하여 기술적 저점 접근으로 판단합니다. 페르소나의 '손실 시 추가 매수' 성향과 분산투자 원칙에 따라, 미실현 손실을摊薄하기 위해 현금의 약 50% (약 1,722만원) 를 투입하여 저가 매수합니다.",1,llm_first_response,not_one_share
RN_COMM_OFF,2026-03-04,6,pm,A011,ltb_A011_t005,stb_A011_t006,analysis_A011_t006,decision_A011_t006,,,2026-03-04,2026-03-04,2026-03-04,09:00,2026-03-04,15:29,2026-03-04,pre_close_cutoff,005930,sell,461,"이전 LTB에서 지적한 진입 타이밍 미흡과 최근 2 회 연속 손실 경험을 반영하여, 지정학적 리스크와 기술적 하락 추세 (MA5, MA20 하회) 가 해소되지 않은 상태에서 추가 매수 시 리스크가 과도하다고 판단했습니다. 초고수들의 매집 신호가 있더라도 거시적 불확실성이 극심한 현재 시점에서는 미실현 손실 -1,169 만 원 (약 11.7%) 을 확정하기 위해 전량 손절 매도하여 현금화하는 것이 이성적 손절 원칙에 부합합니다.",1,llm_first_response,not_one_share
RN_COMM_OFF,2026-03-04,6,pm,A013,ltb_A013_t005,stb_A013_t006,analysis_A013_t006,decision_A013_t006,,,2026-03-04,2026-03-04,2026-03-04,09:00,2026-03-04,15:29,2026-03-04,pre_close_cutoff,005930,buy,100,"초고수들의 매집 신호와 20 만 원 선 붕괴로 인한 저평가 구간 진입을 기회로 판단하여 매수합니다. 지정학적 리스크로 인한 급락장이지만, 기술적 지지선 테스트 후 반등 가능성이 있으며 고위험 고수익 선호 성향에 부합합니다.",1,llm_first_response,not_one_share
RN_COMM_OFF,2026-03-04,6,pm,A014,ltb_A014_t005,stb_A014_t006,analysis_A014_t006,decision_A014_t006,,,2026-03-04,2026-03-04,2026-03-04,09:00,2026-03-04,15:29,2026-03-04,pre_close_cutoff,005930,buy,100,"지정학적 리스크로 인한 급락 (172,200 원) 으로 밸류에이션이 낮아졌고, 초고수들의 매수세와 20 만원 선 방어 논리가 심리적 지지를 형성하고 있어 '낙폭 과다' 구간으로 판단됩니다. 이전 매수 실패 경험을 교훈으로, 기술적 하락 추세 (MA5, MA20 하회) 가 명확한 상태에서 과감한 매수는 피하되, 현금 100% 보유 상태에서 안전자산 선호 성향에 따라 제한적인 수량 (최대 가능 수량의 약 35%) 으로 진입하여 추이 확인 후 대응합니다.",1,llm_first_response,not_one_share
RN_COMM_OFF,2026-03-04,6,pm,A016,ltb_A016_t005,stb_A016_t006,analysis_A016_t006,decision_A016_t006,,,2026-03-04,2026-03-04,2026-03-04,09:00,2026-03-04,15:29,2026-03-04,pre_close_cutoff,005930,buy,40,"지정학적 리스크로 인한 급락장 (전일 -11.7%) 이지만, 초고수들의 매집 신호와 SK하이닉스 CEO의 호평 등 하방 경직성 요인이 확인되어 저가 매수 기회로 판단합니다. 과거 타이밍 실패 경험을 반영하여 전량 매수보다는 현금의 절반 (약 50%) 수준인 40주 (약 690 만 원) 로 제한적으로 매수하여 평균 단가를 하향하고 물량을 확보합니다.",1,llm_first_response,not_one_share
RN_COMM_OFF,2026-03-04,6,pm,A018,ltb_A018_t005,stb_A018_t006,analysis_A018_t006,decision_A018_t006,,,2026-03-04,2026-03-04,2026-03-04,09:00,2026-03-04,15:29,2026-03-04,pre_close_cutoff,005930,buy,37,"지정학적 리스크로 인한 급락 (-11.7%) 이 과반응으로 판단되며, 초고수들의 매집 신호와 경쟁사 CEO 의 칭찬 등 하방 경직성 요인이 존재합니다. 이전 2 회차 매수 실패 경험을 교훈으로 삼아, 고위험 고수익 성향과 처분 효과 (손실 시 추가 매수) 에 따라 현재 가격에서 최대 매수 가능 수량인 37 주를 매수하여 평균 단가를 낮추고 반등 기회를 포착합니다.",1,llm_first_response,not_one_share
RN_COMM_OFF,2026-03-04,6,pm,A015,ltb_A015_t005,stb_A015_t006,analysis_A015_t006,decision_A015_t006,,,2026-03-04,2026-03-04,2026-03-04,09:00,2026-03-04,15:29,2026-03-04,pre_close_cutoff,005930,buy,30,"지정학적 리스크로 인한 급락 (전일 대비 -11.7%) 으로 밸류에이션이 매력적으로 조정되었으나, 초고수들의 매집 신호와 경쟁사 CEO의 긍정적 평가 등 하방 경직성 요인이 포착됨. 현재 -8.16% 손실 상태이므로 방어적 매수를 통해 평균 단가를 하향 조정하고, 장기 성장성에 대한 신뢰를 바탕으로 단기 반등을 노림.",1,llm_first_response,not_one_share
RN_COMM_OFF,2026-03-04,6,pm,A019,ltb_A019_t005,stb_A019_t006,analysis_A019_t006,decision_A019_t006,,,2026-03-04,2026-03-04,2026-03-04,09:00,2026-03-04,15:29,2026-03-04,pre_close_cutoff,005930,buy,31,"지정학적 리스크로 인한 급락장 (172,200 원) 이지만, 초고수들의 매집 신호와 경쟁사 CEO 의 긍정적 평가 (배워야 할 대상) 로 하방 경직성이 확인되어 내재가치 대비 저평가 구간으로 판단합니다. 현재 보유 주식 433 주가 평균 매수 단가 대비 약 16% 손실 상태이나, 현금 잔고 1,088 만 원으로 추가 매수 (최대 31 주) 가 가능한 여건이 조성되었습니다. 가치평가와 내재가치 중심의 투자 전략에 따라 손실 구간에서의 추가 매수 (averaging down) 를 통해 평균 단가를 낮추고 장기적 반등을 노립니다.",1,llm_first_response,not_one_share
RN_COMM_OFF,2026-03-04,6,pm,A021,ltb_A021_t005,stb_A021_t006,analysis_A021_t006,decision_A021_t006,,,2026-03-04,2026-03-04,2026-03-04,09:00,2026-03-04,15:29,2026-03-04,pre_close_cutoff,005930,buy,100,"지정학적 리스크로 인한 시장 급락세 (172,200원) 가 지속되나, 초고수들의 매수 신호와 기술적 지지선 부근에서의 반등 가능성을 열어두고 있습니다. 현재 보유 주식 100주가 미실현 손실 상태이나, 현금 비중 (약 81%) 이 높아 추가 매수를 통해 평균 단가를 낮추고 장기적 회복을 노리는 방어적 매수 전략을 취합니다. 기술적 지표 (MA 하향) 와 뉴스 요약 부재로 인한 불확실성이 있으나, 관망이 불가능한 제약 하에서 초고수 매수 신호를 신뢰하여 제한적으로 매수합니다.",1,llm_first_response,not_one_share
RN_COMM_OFF,2026-03-04,6,pm,A022,ltb_A022_t005,stb_A022_t006,analysis_A022_t006,decision_A022_t006,,,2026-03-04,2026-03-04,2026-03-04,09:00,2026-03-04,15:29,2026-03-04,pre_close_cutoff,005930,buy,100,"지정학적 리스크로 인한 급락장 (현재가 172,200 원) 이지만, 초고수들의 매집 신호와 경쟁사 CEO의 기술 리더십 인정 등 하방 경직성 요인이 존재합니다. 20 만원 붕괴로 밸류에이션이 매력적으로 하락한 저평가 구간으로 판단하여, 가치투자 관점에서 평균 매수 단가 (200,130 원) 를 낮추기 위해 제한적으로 매수합니다. 분산투자 성향이 약해 특정 종목에 집중되는 리스크를 고려하여 전량 매수하지 않고 현금 여력을 일부 유지합니다.",1,llm_first_response,not_one_share
RN_COMM_OFF,2026-03-04,6,pm,A017,ltb_A017_t005,stb_A017_t006,analysis_A017_t006,decision_A017_t006,,,2026-03-04,2026-03-04,2026-03-04,09:00,2026-03-04,15:29,2026-03-04,pre_close_cutoff,005930,sell,100,"지정학적 리스크 (미·이란 분쟁) 로 인한 공포 심리가 주가를 강하게 압박하여 전일 대비 -11.74% 급락세가 지속되고 있으며, 기술적 지표 (MA5, MA20 하향 돌파) 가 강한 하락 추세를 명확히 보여주고 있습니다. 이전 투자 성과에서 리스크 관리 부족이 확인된 점을 고려할 때, 추가 하락 시 손실 확대를 막기 위해 보유 물량의 절반을 매도하여 현금 비중을 높이고 손실을 제한하는 것이 우선입니다. 초고수들의 매수세와 반도체 업황 호조 기대감은 장기적 관점에서는 긍정적이지만, 단기적인 변동성과 구조적 악재 전환 가능성에 대비해 방어적 매도가 필요합니다.",1,llm_first_response,not_one_share
RN_COMM_OFF,2026-03-04,6,pm,A023,ltb_A023_t005,stb_A023_t006,analysis_A023_t006,decision_A023_t006,,,2026-03-04,2026-03-04,2026-03-04,09:00,2026-03-04,15:29,2026-03-04,pre_close_cutoff,005930,buy,34,"지정학적 리스크로 인한 시장 전체의 급락 (약 11.7%) 이 삼성전자 주가를 일시적으로 저평가 구간으로 이끌었으며, 초고수들의 매집 신호와 경쟁사 CEO의 긍정적 평가 등 내재가치 중심의 매수 심리가 공존합니다. 현재 보유 주식에 대한 평균 단가 하향과 미실현 손실 보전을 위해 가치 투자 관점에서 매수 여력 (max_buy_quantity 34 주) 전량을 투입하여 저가 매수 기회를 포착합니다.",1,llm_first_response,not_one_share
RN_COMM_OFF,2026-03-04,6,pm,A020,ltb_A020_t005,stb_A020_t006,analysis_A020_t006,decision_A020_t006,,,2026-03-04,2026-03-04,2026-03-04,09:00,2026-03-04,15:29,2026-03-04,pre_close_cutoff,005930,buy,100,"초고수들의 매집 신호와 경쟁사 CEO 의 칭찬 등 업계 내 위상 재확인 호재가 있으나, 지정학적 리스크와 거시적 악재로 시장 전체가 급락 중입니다. 고위험 고수익 성향에 따라 낙폭 과다 구간에서 초고수들의 매수 행보를 따라 매수 기회를 노리되, 현재 미실현 손실 상태이므로 전량 매수보다는 포트폴리오 분산을 고려한 제한적 매수를 실행합니다.",1,llm_first_response,not_one_share
RN_COMM_OFF,2026-03-04,6,pm,A024,ltb_A024_t005,stb_A024_t006,analysis_A024_t006,decision_A024_t006,,,2026-03-04,2026-03-04,2026-03-04,09:00,2026-03-04,15:29,2026-03-04,pre_close_cutoff,005930,sell,311,"지정학적 리스크 (미국-이란 교전) 로 인한 글로벌 공포감이 극도로 고조되어 '검은 수요일'급 급락장이 지속되고 있으며, 기술적 지표상 5 일 및 20 일 이동평균선 아래로 완전히 이탈된 과매도 구간입니다. 초고수 매집 신호와 경쟁사 CEO 칭찬 등 하방 경직성 요인이 있으나, 뉴스 헤드라인만으로는 구체적인 매수 규모와 맥락을 파악하기 어렵고, 전쟁 리스크의 장기화로 추가 하락 가능성이 높습니다. 페르소나의 손절 원칙 (손실 시 이성적으로 손절) 과 고위험 고수익 선호 성향을 고려할 때, 불확실성이 해소될 때까지 현금을 확보하고 포지션을 정리하는 것이 합리적입니다.",1,llm_first_response,not_one_share
RN_COMM_OFF,2026-03-04,6,pm,A026,ltb_A026_t005,stb_A026_t006,analysis_A026_t006,decision_A026_t006,,,2026-03-04,2026-03-04,2026-03-04,09:00,2026-03-04,15:29,2026-03-04,pre_close_cutoff,005930,buy,34,"지정학적 악재로 인한 급락장 (20만원 선 붕괴) 이지만, 초고수들의 매집과 SK하이닉스 CEO의 경쟁사 칭찬 등 기술적 우위와 내재가치에 대한 확신 신호가 공존합니다. 현재 종가 (172,200원) 는 저평가 구간으로 판단되며, 가치투자 관점에서 하락분을 매수 기회로 삼아 평균 매수 단가를 낮추고 장기적 반등을 노립니다.",1,llm_first_response,not_one_share
RN_COMM_OFF,2026-03-04,6,pm,A025,ltb_A025_t005,stb_A025_t006,analysis_A025_t006,decision_A025_t006,,,2026-03-04,2026-03-04,2026-03-04,09:00,2026-03-04,15:29,2026-03-04,pre_close_cutoff,005930,buy,100,"이전 지정학적 리스크 과소평가로 인한 손실 경험을 바탕으로 하락 추세를 경계하나, 초고수들의 매집 신호와 경쟁사 CEO의 긍정적 언급이 하방 경직성을 시사하여 저가 매수 기회로 판단합니다. 현재 172,200원은 기술적 밸류에이션이 위험 구간이지만, 심리적 지지대와 반등 가능성을 열어두고 손실 시 추가 매수하는 페르소나의 성향에 따라 제한적으로 매수합니다.",1,llm_first_response,not_one_share
RN_COMM_OFF,2026-03-04,6,pm,A027,ltb_A027_t005,stb_A027_t006,analysis_A027_t006,decision_A027_t006,,,2026-03-04,2026-03-04,2026-03-04,09:00,2026-03-04,15:29,2026-03-04,pre_close_cutoff,005930,buy,100,"지정학적 리스크로 인한 급락장 (11% 대 하락) 이 지속되나, 초고수들의 순매수 신호와 SK 하이닉스 CEO 의 긍정적 언급 등 하방 경직성 요인이 확인되어 저가 매수 기회로 판단합니다. 현재 포트폴리오의 평균 매수 단가 (184,200 원) 대비 현재가 (172,200 원) 가 낮아져 있어, 분산투자 성향이 약한 점을 고려하되 현금 여력 (7,700 만 원) 을 활용하여 매수 단가를 낮추고 물량을 확보하는 것이 적절합니다.",1,llm_first_response,not_one_share
RN_COMM_OFF,2026-03-04,6,pm,A028,ltb_A028_t005,stb_A028_t006,analysis_A028_t006,decision_A028_t006,,,2026-03-04,2026-03-04,2026-03-04,09:00,2026-03-04,15:29,2026-03-04,pre_close_cutoff,005930,buy,17,지정학적 악재로 인한 급락장에서도 초고수들의 매집 신호와 SK하이닉스 CEO 의 긍정적 평가 등 하방 경직성 요인이 포착되어 단기 저가 매수 기회로 판단합니다. 고위험 고수익 성향과 분산 투자 원칙에 따라 현재 보유 현금으로 최대 매수 가능 수량인 17 주를 전량 매수하여 평균 단가를 낮추고 반등 시 수익 실현 가능성을 높입니다.,1,llm_first_response,not_one_share
RN_COMM_OFF,2026-03-04,6,pm,A030,ltb_A030_t005,stb_A030_t006,analysis_A030_t006,decision_A030_t006,,,2026-03-04,2026-03-04,2026-03-04,09:00,2026-03-04,15:29,2026-03-04,pre_close_cutoff,005930,buy,25,"지정학적 리스크로 인한 시장 급락 (172,200 원) 으로 밸류에이션이 저평가 구간으로 진입했으나, 초고수들의 매집 신호와 경쟁사 CEO의 칭찬 등 하방 경직성 신호가 확인되어 가치투자 원칙에 따라 매수 기회를 포착합니다. 과거 매수 실패 경험으로 인해 심리적 부담이 있으나, 현재 가격대는 내재가치 대비 안전마진이 확보된 구간으로 판단됩니다.",1,llm_first_response,not_one_share
RN_COMM_OFF,2026-03-04,6,pm,A031,ltb_A031_t005,stb_A031_t006,analysis_A031_t006,decision_A031_t006,,,2026-03-04,2026-03-04,2026-03-04,09:00,2026-03-04,15:29,2026-03-04,pre_close_cutoff,005930,buy,29,"현재 종가 172,200원은 20 만원 선 붕괴 이후 역사적 저점 수준으로 진입하여 밸류에이션이 매우 매력적입니다. 지정학적 리스크로 인한 공포 매도가 과반응하여 내재가치 이하로 하락한 것으로 판단되며, 초고수들의 순매수 신호와 경쟁사 CEO 의 긍정적 언급은 하방 경직성을 시사합니다. 가치 투자 관점에서 낙폭 과다 구간을 포착하여 전량 매수 여력을 활용합니다.",1,llm_first_response,not_one_share
RN_COMM_OFF,2026-03-04,6,pm,A029,ltb_A029_t005,stb_A029_t006,analysis_A029_t006,decision_A029_t006,,,2026-03-04,2026-03-04,2026-03-04,09:00,2026-03-04,15:29,2026-03-04,pre_close_cutoff,005930,buy,37,"지정학적 리스크로 인한 급락장 (11.7% 하락) 에서 초고수 매집 관측과 경쟁사 CEO의 긍정적 언급 등 하방 경직성 신호가 포착되어, 고위험 고수익 성향에 따라 저가 매수 기회를 선점합니다. 현재 현금 여력이 충분하고, 처분 효과에 따라 손실 구간에서 추가 매수하여 평균 단가를 낮추는 전략을 실행합니다.",1,llm_first_response,not_one_share
RN_COMM_OFF,2026-03-04,6,pm,A032,ltb_A032_t005,stb_A032_t006,analysis_A032_t006,decision_A032_t006,,,2026-03-04,2026-03-04,2026-03-04,09:00,2026-03-04,15:29,2026-03-04,pre_close_cutoff,005930,buy,100,"지정학적 리스크로 인한 시장 급락 (검은 수요일) 이 발생했으나, 초고수들의 매집 신호와 SK하이닉스 CEO의 삼성전자 기술 리더십 인정 등 하방 경직성 요인이 포착됨. 현재 주가 (172,200원) 는 내재가치 대비 저평가 구간으로 판단되며, 페르소나의 '손실 시 추가 매수' 성향과 가치 투자 관점에서 저가 매수 기회로 판단하여 매수 실행.",1,llm_first_response,not_one_share
RN_COMM_OFF,2026-03-04,6,pm,A033,ltb_A033_t005,stb_A033_t006,analysis_A033_t006,decision_A033_t006,,,2026-03-04,2026-03-04,2026-03-04,09:00,2026-03-04,15:29,2026-03-04,pre_close_cutoff,005930,buy,80,"지정학적 리스크로 인한 급락 (전일 대비 -11.7%) 으로 밸류에이션이 매력적으로 조정되었으며, 초고수들의 매집과 SK하이닉스 CEO 의 기술 리더십 인정 등 내재가치에 대한 강력한 호재가 공존합니다. 이전 신념에서 '추가 하락 시 매수 기회'로 판단했으나, 현재 가격대는 저평가 구간으로 확인되어 손절이 아닌 평균 단가 하향 (Cost Averaging) 을 통한 중장기적 반도체 업황 회복을 노립니다.",1,llm_first_response,not_one_share
RN_COMM_OFF,2026-03-04,6,pm,A034,ltb_A034_t005,stb_A034_t006,analysis_A034_t006,decision_A034_t006,,,2026-03-04,2026-03-04,2026-03-04,09:00,2026-03-04,15:29,2026-03-04,pre_close_cutoff,005930,sell,100,"지정학적 리스크와 거시경제 악화로 인한 추가 급락 가능성이 높고, 초고수들의 매수 신호가 단기 반등인지 구조적 매수인지 불분명한 정보 한계가 존재합니다. 현재 미실현 손실이 발생해 있으나, 심리적 저항선이 붕괴된 상황에서 추가 하락 리스크를 관리하기 위해 보유 수량을 일부 축소하여 현금 비중을 높이는 것이 적절하다고 판단합니다.",1,llm_first_response,not_one_share
RN_COMM_OFF,2026-03-04,6,pm,A036,ltb_A036_t005,stb_A036_t006,analysis_A036_t006,decision_A036_t006,,,2026-03-04,2026-03-04,2026-03-04,09:00,2026-03-04,15:29,2026-03-04,pre_close_cutoff,005930,buy,16,"지정학적 리스크로 인한 시장 급락과 공포 심리가 과반응하여 밸류에이션이 매력적으로 하락한 구간으로 판단됩니다. 초고수들의 매집 신호와 SK하이닉스 CEO의 칭찬 등 내재가치에 대한 신뢰가 존재하며, 페르소나의 가치투자 원칙에 따라 저가 매수 기회로 활용합니다. 현재 보유 현금으로 최대 매수 가능 수량인 16주를 전량 매수하여 평균 매수 단가를 낮추고 중장기 상승 흐름을 대비합니다.",1,llm_first_response,not_one_share
RN_COMM_OFF,2026-03-04,6,pm,A035,ltb_A035_t005,stb_A035_t006,analysis_A035_t006,decision_A035_t006,,,2026-03-04,2026-03-04,2026-03-04,09:00,2026-03-04,15:29,2026-03-04,pre_close_cutoff,005930,sell,283,"이전 매수 (209,500 원, 195,100 원) 가 모두 손실로 이어진 실패 경험을 바탕으로, 현재 가격 (172,200 원) 이 5 일/20 일 이동평균선 아래로 완전히 이탈한 기술적 하락 추세를 인정합니다. 지정학적 리스크로 인한 '검은 수요일' 공포 분위기가 지속되고 있어 추가 하락 가능성이 높으며, 분산투자 성향이 약한 상태에서 특정 종목에 집중된 리스크를 줄이기 위해 보유 주식 전량을 매도하여 손실을 고정하고 현금화합니다.",1,llm_first_response,not_one_share
RN_COMM_OFF,2026-03-04,6,pm,A038,ltb_A038_t005,stb_A038_t006,analysis_A038_t006,decision_A038_t006,,,2026-03-04,2026-03-04,2026-03-04,09:00,2026-03-04,15:29,2026-03-04,pre_close_cutoff,005930,sell,100,"지정학적 리스크로 인한 시장 전체의 공포 분위기와 기술적 하락 추세 (MA5, MA20 하회) 가 지속되고 있어 추가 손실 확대 위험이 큼. 이전 손실 패턴 (t003, t004) 을 반복하지 않기 위해 수익이 나지 않은 상태에서 손절 매도를 통해 현금 유동성을 확보하고 리스크를 축소함. 초고수들의 매수 신호는 정량적 근거가 부족하여 현재 시점에서는 신뢰하기 어려움.",1,llm_first_response,not_one_share
RN_COMM_OFF,2026-03-04,6,pm,A039,ltb_A039_t005,stb_A039_t006,analysis_A039_t006,decision_A039_t006,,,2026-03-04,2026-03-04,2026-03-04,09:00,2026-03-04,15:29,2026-03-04,pre_close_cutoff,005930,sell,2527,"지정학적 리스크 (미·이란 교전) 로 인한 글로벌 공포 분위기와 코스피 급락세가 지속되고 있으며, 현재 종가 (172,200 원) 는 5 일선 및 20 일선 모두 하회하는 명확한 하락 추세입니다. 기술적 반전 신호 (돌파) 가 확인되지 않은 상태에서 초고수들의 매수 신호나 SK하이닉스 CEO의 칭찬 등 긍정적 뉴스는 하방 경직성을 일시적으로 형성할 뿐, 추세를 반전시키기에는 부족합니다. 과거 손절 후 반등 성공 경험이 있으나, 이번에는 '검은 수요일' 등 극심한 공포장에서의 섣부른 추격 매수는 피해야 하며, 기술적 지표가 반전 신호를 줄 때까지 현금화하여 리스크를 회수하는 것이 이성적입니다.",1,llm_first_response,not_one_share
RN_COMM_OFF,2026-03-04,6,pm,A037,ltb_A037_t005,stb_A037_t006,analysis_A037_t006,decision_A037_t006,,,2026-03-04,2026-03-04,2026-03-04,09:00,2026-03-04,15:29,2026-03-04,pre_close_cutoff,005930,sell,200,"지정학적 리스크 (미·이란 교전) 로 인한 거시경제 악재가 반도체 업황 호재를 상쇄하며, 기술적 지지선 (20 만원, MA5) 이 붕괴되어 추가 하락 추세가 명확합니다. 이전 매수 단가 (189,650 원) 대비 미실현 손실이 발생했으나, 페르소나의 성향인 '수익 시 빠른 매도' 원칙과 '안정적 자산 선호'에 따라 손실 확대를 막기 위해 전량 매도하여 현금화하는 것이 적절합니다. 초고수들의 매수세만으로 반등을 단정하기 어렵고, 추가 악재 확인이 필요한 상황입니다.",1,llm_first_response,not_one_share
RN_COMM_OFF,2026-03-04,6,pm,A040,ltb_A040_t005,stb_A040_t006,analysis_A040_t006,decision_A040_t006,,,2026-03-04,2026-03-04,2026-03-04,09:00,2026-03-04,15:29,2026-03-04,pre_close_cutoff,005930,buy,50,"지정학적 리스크로 인한 급락장 (172,200 원) 에서 초고수들의 매수 세력과 SK하이닉스 CEO의 긍정적 언급이 하방 경직성을 시사하며, 고위험 고수익 성향에 따라 밸류에이션 매력도가 높은 구간에서 공격적으로 매수합니다. 기술적 돌파 신호는 아직 불확실하나, 악재 매수 심리가 공존하는 점을 고려해 분산투자 원칙 하에 현금의 약 50% 수준으로 진입합니다.",1,llm_first_response,not_one_share
RN_COMM_OFF,2026-03-04,6,pm,A042,ltb_A042_t005,stb_A042_t006,analysis_A042_t006,decision_A042_t006,,,2026-03-04,2026-03-04,2026-03-04,09:00,2026-03-04,15:29,2026-03-04,pre_close_cutoff,005930,buy,100,"지정학적 리스크로 인한 급락장이 지속되나, 초고수들의 매집 신호와 경쟁사 CEO 의 긍정적 평가가 하방 경직성을 보여주고 있어 20 만원 부근 기술적 지지 구간에서의 반등 기회를 포착하고자 합니다. 고위험 고수익 기회를 선호하는 성향에 따라 하락 시 추가 매수 전략을 실행하되, 미실현 손실이 발생하고 있어 전량 매수보다는 현금 여력을 일부 유지하며 제한적으로 매수합니다.",1,llm_first_response,not_one_share
RN_COMM_OFF,2026-03-04,6,pm,A041,ltb_A041_t005,stb_A041_t006,analysis_A041_t006,decision_A041_t006,,,2026-03-04,2026-03-04,2026-03-04,09:00,2026-03-04,15:29,2026-03-04,pre_close_cutoff,005930,sell,350,"기술적 지표 (MA5 하향 돌파) 와 지정학적 리스크 (미·이란 교전) 로 인한 급락세 (-11.7%) 가 지속되고 있어 추가 손실 확대 위험이 큽니다. 초고수들의 매수 소식이 있으나, 이는 장기적 관점이며 단기적으로는 하락 모멘텀이 강해 손절매가 우선입니다. 현재 -4.92% 손실 상태이나, 처분효과에 따른 추가 매수보다는 손실 확정 후 현금화를 통해 리스크를 차단하는 것이 타당합니다.",1,llm_first_response,not_one_share
RN_COMM_OFF,2026-03-04,6,pm,A044,ltb_A044_t005,stb_A044_t006,analysis_A044_t006,decision_A044_t006,,,2026-03-04,2026-03-04,2026-03-04,09:00,2026-03-04,15:29,2026-03-04,pre_close_cutoff,005930,sell,100,"현재가 172,200원은 5일선과 20일선 모두 하회하며 강한 하락 추세를 보이고 있습니다. 초고수들의 매수세와 SK하이닉스 CEO의 우호적 언급이 하방 경직성을 시사하지만, 지정학적 리스크와 거시적 악재로 인한 추가 하락 가능성이 높습니다. 과거 하락세에서 매수 시 손실이 발생한 경험을 바탕으로, 기술적 하락 신호가 명확할 때 이성적으로 손절하는 원칙을 적용하여 보유 주식을 전량 매도합니다.",1,llm_first_response,not_one_share
RN_COMM_OFF,2026-03-04,6,pm,A043,ltb_A043_t005,stb_A043_t006,analysis_A043_t006,decision_A043_t006,,,2026-03-04,2026-03-04,2026-03-04,09:00,2026-03-04,15:29,2026-03-04,pre_close_cutoff,005930,sell,4395,"지정학적 리스크 (미·이란 교전) 로 인한 공포 심리가 지배적이며, 기술적 지표 (5 일선, 20 일선 하회) 가 하락 추세를 명확히 보여줍니다. 이전 매수 타이밍 실패 (dim_6) 의 교훈을 살려, 초고수들의 매수 신호가 시장 전체의 반등을 보장하지 않는 상황에서 추가 하락 위험을 감수하기보다, 미실현 손실을 확정하여 유동성을 확보하는 것이 이성적입니다. 고위험 고수익 선호 성향이지만, 현재는 손절 원칙에 따라 하락 추세를 따르는 것이 포트폴리오 보호에 유리합니다.",1,llm_first_response,not_one_share
RN_COMM_OFF,2026-03-04,6,pm,A045,ltb_A045_t005,stb_A045_t006,analysis_A045_t006,decision_A045_t006,,,2026-03-04,2026-03-04,2026-03-04,09:00,2026-03-04,15:29,2026-03-04,pre_close_cutoff,005930,buy,100,"초고수들의 매집 신호와 경쟁사 CEO 의 칭찬 등 하방 경직성 신호가 확인되어, 고위험 고수익 성향에 따라 20 만 원 선 붕괴 후 저가 구간 (17 만 2,200 원) 에서 추가 매수 (averaging down) 를 단행합니다. 기술적 하락 추세는 명확하나, 초고수들의 매수 행보가 단기 반등과 중장기적 매수 기회를 시사한다고 판단하여, 현재 보유 수량 (169 주) 대비 약 60% 수준인 100 주를 매수하여 평균 단가를 낮추고 수익 회복 가능성을 높입니다.",1,llm_first_response,not_one_share
RN_COMM_OFF,2026-03-04,6,pm,A048,ltb_A048_t005,stb_A048_t006,analysis_A048_t006,decision_A048_t006,,,2026-03-04,2026-03-04,2026-03-04,09:00,2026-03-04,15:29,2026-03-04,pre_close_cutoff,005930,buy,100,"지정학적 리스크로 인한 급락장이지만, 초고수들의 매집 신호와 SK하이닉스 CEO의 칭찬 등 하방 경직성 요인이 존재하여 저가 매수 기회로 판단합니다. 현재 보유 주식 200주에 대한 미실현 손익이 발생했으나, 분산투자 원칙과 현금 여력(6,167 만 원) 을 고려하여 최대 매수 가능량(179 주) 의 약 55% 수준인 100 주를 매수하여 평균 매수 단가를 낮추고 방어적 포지션을 강화합니다.",1,llm_first_response,not_one_share
RN_COMM_OFF,2026-03-04,6,pm,A047,ltb_A047_t005,stb_A047_t006,analysis_A047_t006,decision_A047_t006,,,2026-03-04,2026-03-04,2026-03-04,09:00,2026-03-04,15:29,2026-03-04,pre_close_cutoff,005930,buy,200,"지정학적 리스크로 인한 급락장 (172,200 원) 이지만, 초고수들의 매집 신호와 SK하이닉스 CEO 의 칭찬 등 하방 경직성 신호가 확인되어 저평가 구간에서의 매수 기회로 판단합니다. 현재 현금 비중이 높고 보유 종목이 없어 진입 여력이 충분하며, 가치투자 관점에서 우량주에 대한 신뢰를 바탕으로 진입합니다.",1,llm_first_response,not_one_share
RN_COMM_OFF,2026-03-04,6,pm,A049,ltb_A049_t005,stb_A049_t006,analysis_A049_t006,decision_A049_t006,,,2026-03-04,2026-03-04,2026-03-04,09:00,2026-03-04,15:29,2026-03-04,pre_close_cutoff,005930,buy,100,"초고수들의 역매수와 경쟁사 CEO의 긍정적 언급이 하방 경직성을 시사하며, 20 만원 붕괴 후 밸류에이션이 매력적이므로 기술적 돌파 신호가 명확해지기 전까지 저가 매수 기회를 포착합니다. 현재 보유 주식 300 주에 추가 매수하여 평균 단가를 낮추고, 현금 여력 내에서 집중 리스크를 관리합니다.",1,llm_first_response,not_one_share
RN_COMM_OFF,2026-03-04,6,pm,A046,ltb_A046_t005,stb_A046_t006,analysis_A046_t006,decision_A046_t006,,,2026-03-04,2026-03-04,2026-03-04,09:00,2026-03-04,15:29,2026-03-04,pre_close_cutoff,005930,buy,50,"초고수들의 매집 신호와 AI 반도체 수요 기대감으로 인해 20만원 선 붕괴 후 '낙폭 과다' 구간에서 역발상 매수 기회를 포착합니다. 기술적 추세는 하향이나, 지정학적 리스크로 인한 공포 매도세가 일부 소진된 시점으로 판단하여 제한적으로 매수합니다.",1,llm_first_response,not_one_share
RN_COMM_OFF,2026-03-04,6,pm,A050,ltb_A050_t005,stb_A050_t006,analysis_A050_t006,decision_A050_t006,,,2026-03-04,2026-03-04,2026-03-04,09:00,2026-03-04,15:29,2026-03-04,pre_close_cutoff,005930,buy,100,"지정학적 리스크로 인한 급락장 (공시가 172,200원) 이지만, 초고수들의 매집 신호와 SK하이닉스 CEO의 칭찬 등 하방 경직성을 시사하는 호재가 공존합니다. 고위험 고수익 성향의 저로서 낙폭 과다 구간에서의 매수 기회를 포착하며, 기술적 하락 추세 (MA5, MA20 하회) 속에서도 방어적 매수 세력이 유입되고 있다고 판단합니다.",1,llm_first_response,not_one_share
RN_COMM_OFF,2026-03-04,6,pm,A052,ltb_A052_t005,stb_A052_t006,analysis_A052_t006,decision_A052_t006,,,2026-03-04,2026-03-04,2026-03-04,09:00,2026-03-04,15:29,2026-03-04,pre_close_cutoff,005930,buy,1000,"지정학적 리스크로 인한 급락장에서도 초고수들의 매집 신호와 SK하이닉스 CEO의 긍정적 언급이 하방 경직성을 시사하여 저가 매수 기회로 판단합니다. 기술적 돌파 신호는 부재하나, 공포 심리 속 역발상 매수 전략과 안정적 자산 선호 성향에 따라 현재 가격대에서 제한적으로 매수합니다.",1,llm_first_response,not_one_share
RN_COMM_OFF,2026-03-04,6,pm,A051,ltb_A051_t005,stb_A051_t006,analysis_A051_t006,decision_A051_t006,,,2026-03-04,2026-03-04,2026-03-04,09:00,2026-03-04,15:29,2026-03-04,pre_close_cutoff,005930,sell,100,"현재가 (172,200원) 가 5일 및 20일 이동평균선 하단에 위치하는 명확한 하락 추세이며, 지정학적 리스크 (미·이란 교전) 로 인한 추가 급락 가능성이 높습니다. 초고수들의 매수 신호와 SK하이닉스 CEO의 호평 등 하방 지지 요인이 있으나, 뉴스 요약 부재로 정확한 밸류에이션 판단이 어렵고, 기술적 지표와 거래량 (매도 압력) 을 우선시하여 미실현 손실을 제한하기 위해 부분 매도합니다.",1,llm_first_response,not_one_share
RN_COMM_OFF,2026-03-04,6,pm,A053,ltb_A053_t005,stb_A053_t006,analysis_A053_t006,decision_A053_t006,,,2026-03-04,2026-03-04,2026-03-04,09:00,2026-03-04,15:29,2026-03-04,pre_close_cutoff,005930,buy,39,"지정학적 리스크로 인한 급락장 ('검은 수요일') 에서 초고수들의 매집 신호와 경쟁사 CEO 의 우호적 평가 등 하방 경계 신호가 공존하여 저평가 구간 진입 기회로 판단합니다. 현재 보유 주식의 평균 단가 대비 미실현 손실이 발생했으나, 현금 비중이 높아 추가 매수를 통해 평균 단가를 낮추고 장기적 회복을 노리는 가치 투자 전략을 적용합니다.",1,llm_first_response,not_one_share
RN_COMM_OFF,2026-03-04,6,pm,A057,ltb_A057_t005,stb_A057_t006,analysis_A057_t006,decision_A057_t006,,,2026-03-04,2026-03-04,2026-03-04,09:00,2026-03-04,15:29,2026-03-04,pre_close_cutoff,005930,buy,100,"지정학적 리스크로 인한 급락장이나 초고수들의 매수세와 경쟁사 CEO의 호평 등 호재가 공존하여 하방 경직성이 있다고 판단됩니다. 현재가 (172,200 원) 가 20 만원선 붕괴 후 밸류에이션이 매력적으로 조정된 구간이며, 기술적 지지선 부근에서의 반등 가능성을 염두에 둡니다. 보유 현금 여력이 충분하므로 낙폭 과다에 대한 분산 매수를 통해 평균 매수 단가를 낮추고 장기적 상승 흐름에 대비합니다.",1,llm_first_response,not_one_share
RN_COMM_OFF,2026-03-04,6,pm,A054,ltb_A054_t005,stb_A054_t006,analysis_A054_t006,decision_A054_t006,,,2026-03-04,2026-03-04,2026-03-04,09:00,2026-03-04,15:29,2026-03-04,pre_close_cutoff,005930,buy,100,"지정학적 리스크로 인한 급락장 (172,200원) 에서 초고수들의 매집 신호와 SK하이닉스 CEO의 기술 리더십 인정 등 하방 경직성 요인이 확인되었습니다. 20만원 선 붕괴로 밸류에이션이 매력적이 되었으나, 공포 심리에 의한 과반응 가능성과 우량주 매수세 유입을 고려하여 분산투자 원칙에 따라 보유 수량을 늘려 평균 단가를 낮추고 방어적 포지션을 강화합니다.",1,llm_first_response,not_one_share
RN_COMM_OFF,2026-03-04,6,pm,A055,ltb_A055_t005,stb_A055_t006,analysis_A055_t006,decision_A055_t006,,,2026-03-04,2026-03-04,2026-03-04,09:00,2026-03-04,15:29,2026-03-04,pre_close_cutoff,005930,buy,100,"장중 3% 급락으로 밸류에이션이 낮아졌고, 초고수들의 매수 진입 및 경쟁사 CEO의 칭찬이 하방 경직성을 시사하여 단기 반등 가능성을 고려합니다. 이전 LTB에서 언급된 기술적 반등 신호와 현재 STB의 악재 매수 심리를 종합하여 저가 매수 기회를 포착합니다.",1,llm_first_response,not_one_share
RN_COMM_OFF,2026-03-04,6,pm,A056,ltb_A056_t005,stb_A056_t006,analysis_A056_t006,decision_A056_t006,,,2026-03-04,2026-03-04,2026-03-04,09:00,2026-03-04,15:29,2026-03-04,pre_close_cutoff,005930,buy,140,"지정학적 리스크로 인한 급락장 (전일 -11.7%) 이지만, 초고수들의 매집 뉴스와 20 만원 선 붕괴로 인한 저평가 구간 진입이 확인되었습니다. 페르소나의 '손실 시 추가 매수' 전략과 '안정적 자산 선호' 성향에 부합하여, 현재 공포에 휩싸인 시장에서의 저가 매수 기회를 포착합니다. 기술적 과매도 구간이며, 장기적 AI 반도체 수요 호재가 존재합니다.",1,llm_first_response,not_one_share
RN_COMM_OFF,2026-03-04,6,pm,A058,ltb_A058_t005,stb_A058_t006,analysis_A058_t006,decision_A058_t006,,,2026-03-04,2026-03-04,2026-03-04,09:00,2026-03-04,15:29,2026-03-04,pre_close_cutoff,005930,buy,50,"지정학적 리스크로 인한 급락장 (전일 대비 -11.7%) 이지만, 초고수들의 역매수와 SK하이닉스 CEO 의 칭찬 등 하방 경직성 신호가 확인되어 저가 매수 기회로 판단합니다. 고위험 고수익 성향과 밸류에이션 매력도 상승을 고려하여, 기술적 돌파 신호가 확인되기 전까지 과감하게 매수하여 평균 단가를 낮추고 반등 시 수익을 극대화하고자 합니다.",1,llm_first_response,not_one_share
RN_COMM_OFF,2026-03-04,6,pm,A060,ltb_A060_t005,stb_A060_t006,analysis_A060_t006,decision_A060_t006,,,2026-03-04,2026-03-04,2026-03-04,09:00,2026-03-04,15:29,2026-03-04,pre_close_cutoff,005930,sell,441,"과거 2 회 매수 모두 손실로 마감된 교훈과 지정학적 리스크로 인한 추가 급락 가능성, 그리고 현재 현금 여력 부족으로 추가 매수 시 손실 확대 리스크가 존재함을 고려합니다. 페르소나의 이성적 손절 원칙에 따라 미실현 손실을 확정하고, 거시적 불확실성이 해소될 때까지 현금으로 대기하는 것이 최선입니다.",1,llm_first_response,not_one_share
RN_COMM_OFF,2026-03-04,6,pm,A062,ltb_A062_t005,stb_A062_t006,analysis_A062_t006,decision_A062_t006,,,2026-03-04,2026-03-04,2026-03-04,09:00,2026-03-04,15:29,2026-03-04,pre_close_cutoff,005930,buy,100,"지정학적 리스크로 인한 급락장이 지속되나, 초고수들의 매집 신호와 경쟁사 CEO의 긍정적 평가가 악재 과다반응을 시사합니다. 현재가 (172,200 원) 가 5 일선과 20 일선 하회로 하락 추세이나, 기술적 지지선 확인을 기다리기보다 초고수들의 매수 관측을 신뢰하여 역발상 매수에 나섭니다. 보유 주식의 평균 단가 하락을 통해 손실 폭을 줄이고, 향후 반등 시 수익 전환을 노립니다.",1,llm_first_response,not_one_share
RN_COMM_OFF,2026-03-04,6,pm,A063,ltb_A063_t005,stb_A063_t006,analysis_A063_t006,decision_A063_t006,,,2026-03-04,2026-03-04,2026-03-04,09:00,2026-03-04,15:29,2026-03-04,pre_close_cutoff,005930,buy,1440,"지정학적 리스크로 인한 급락 (11.7%) 으로 밸류에이션이 낮아졌고, 초고수들의 매집 신호가 감지되어 장기적 관점에서 매수 기회가 있다고 판단합니다. 기술적 돌파 신호는 아직 확인되지 않았으나, 현금 비중이 높고 분산투자 원칙에 따라 초기 진입을 위해 제한적으로 매수합니다.",1,llm_first_response,not_one_share
RN_COMM_OFF,2026-03-04,6,pm,A059,ltb_A059_t005,stb_A059_t006,analysis_A059_t006,decision_A059_t006,,,2026-03-04,2026-03-04,2026-03-04,09:00,2026-03-04,15:29,2026-03-04,pre_close_cutoff,005930,buy,100,"중동 전쟁 리스크로 인한 시장 공포와 기술적 지지선 붕괴가 발생했으나, 초고수들의 매집과 SK하이닉스 CEO의 긍정적 평가 등 내재적 강점이 하방을 지지하고 있어 과반응 매도 기회로 판단합니다. 페르소나의 성향인 '손실 시 추가 매수' 경향과 분산투자 전략에 따라, 현재 현금 여력 (6,278 만원) 의 약 50% 수준인 1,722 만원 (100 주) 을 투입하여 평균 매수 단가를 낮추고 하방 방어선을 강화합니다.",1,llm_first_response,not_one_share
RN_COMM_OFF,2026-03-04,6,pm,A061,ltb_A061_t005,stb_A061_t006,analysis_A061_t006,decision_A061_t006,,,2026-03-04,2026-03-04,2026-03-04,09:00,2026-03-04,15:29,2026-03-04,pre_close_cutoff,005930,buy,13,"초고수들의 매집 신호와 반도체 업황 개선 기대감이 하방을 지지하고 있어 현재 가격이 내재가치 대비 저평가 구간으로 판단됩니다. 지정학적 리스크로 인한 급락장이 공포 심리를 반영하고 있으나, 이는 일시적일 가능성이 높으며 가치 투자 관점에서 낙폭 과다 구간에 진입한 것으로 해석합니다. 현재 현금 잔고와 최대 매수 가능 수량(13 주) 을 모두 활용하여 저가 매수 전략을 실행합니다.",1,llm_first_response,not_one_share
RN_COMM_OFF,2026-03-04,6,pm,A064,ltb_A064_t005,stb_A064_t006,analysis_A064_t006,decision_A064_t006,,,2026-03-04,2026-03-04,2026-03-04,09:00,2026-03-04,15:29,2026-03-04,pre_close_cutoff,005930,buy,55,"지정학적 리스크로 인한 급락장이지만, 초고수들의 매집 신호와 SK하이닉스 CEO의 삼성전자에 대한 기술적 우위 인정 (배워야 할 대상) 이 하방 경직성을 시사합니다. 현재 종가 (172,200 원) 는 저평가 구간으로 진입했으며, AI 메모리 수퍼사이클이라는 구조적 성장 동력이 유효하여 단기 공포를 장기적 가치 매수 기회로 판단합니다. 보유 현금 (1,927 만 원) 이 충분하므로, 최대 매수 가능 수량 (55 주) 을 모두 매수하여 평균 매수 단가를 낮추고 포트폴리오 방어력을 강화합니다.",1,llm_first_response,not_one_share
RN_COMM_OFF,2026-03-04,6,pm,A065,ltb_A065_t005,stb_A065_t006,analysis_A065_t006,decision_A065_t006,,,2026-03-04,2026-03-04,2026-03-04,09:00,2026-03-04,15:29,2026-03-04,pre_close_cutoff,005930,buy,60,"지정학적 리스크로 인한 급락장이 형성되었으나, 초고수들의 매집 신호와 SK하이닉스 CEO의 긍정적 평가가 하방 경직성을 시사합니다. 현재가 172,200원은 MA20 지지선을 이탈했으나 공포에 의한 일시적 과매도 구간으로 판단되며, 밸류에이션 매력도가 급증했습니다. 이전 LTB에서 지적한 초고수 매집 신호를 Short-Term Belief에서 확인했으므로, 분산투자 원칙 하에 현금의 50% 이내 (60주, 약 1,033 만 원) 로 제한적으로 매수하여 평균 매수 단가를 낮추고 반등 모멘텀을 포착합니다.",1,llm_first_response,not_one_share
RN_COMM_OFF,2026-03-04,6,pm,A068,ltb_A068_t005,stb_A068_t006,analysis_A068_t006,decision_A068_t006,,,2026-03-04,2026-03-04,2026-03-04,09:00,2026-03-04,15:29,2026-03-04,pre_close_cutoff,005930,sell,100,"기술적 하락 추세 (MA5, MA20 하회) 와 지정학적 리스크로 인한 거시경제 불확실성이 지속되고 있어 추가 하락 위험이 큽니다. 초고수들의 매수 신호가 있으나 이는 단기 반등 신호일 뿐이며, 현재 20 만원 선 붕괴 후 기술적 지지선이 부재한 상황입니다. 손실 시 추가 매수하는 처분 효과 성향에 따라 매수할 유혹이 있으나, 위험 자산 선호 성향과 포트폴리오 집중도 리스크를 고려하여 손절매를 통해 현금화하고 리스크를 축소하는 것이 타당합니다.",1,llm_first_response,not_one_share
RN_COMM_OFF,2026-03-04,6,pm,A066,ltb_A066_t005,stb_A066_t006,analysis_A066_t006,decision_A066_t006,,,2026-03-04,2026-03-04,2026-03-04,09:00,2026-03-04,15:29,2026-03-04,pre_close_cutoff,005930,sell,100,"지정학적 리스크로 인한 기술적 지지선 붕괴와 급락세 지속, 그리고 과거 진입 타이밍 실수 경험을 고려하여 손실 확대를 방지하기 위해 일부 매도합니다. 초고수들의 매수 신호가 있으나, 단기 변동성 확대와 정보 한계로 인한 판단 오류 가능성을 우선시하여 리스크를 줄이는 방향으로 결정합니다.",1,llm_first_response,not_one_share
RN_COMM_OFF,2026-03-04,6,pm,A069,ltb_A069_t005,stb_A069_t006,analysis_A069_t006,decision_A069_t006,,,2026-03-04,2026-03-04,2026-03-04,09:00,2026-03-04,15:29,2026-03-04,pre_close_cutoff,005930,buy,14,"지정학적 리스크로 인한 시장 공포로 주가가 급락했으나, 초고수들의 매집 신호와 경쟁사 CEO의 칭찬 등 내재가치에 대한 신뢰가 존재하여 저평가 구간으로 판단됩니다. 가치투자 관점에서 현재 가격이 매력적인 진입 구간이므로, 고위험 고수익 기회를 선호하는 성향과 포트폴리오의 현금 여력 (약 5.6%) 을 고려하여 최대 매수 가능 수량인 14주를 전량 매수하여 저가 매집을 단행합니다.",1,llm_first_response,not_one_share
RN_COMM_OFF,2026-03-04,6,pm,A071,ltb_A071_t005,stb_A071_t006,analysis_A071_t006,decision_A071_t006,,,2026-03-04,2026-03-04,2026-03-04,09:00,2026-03-04,15:29,2026-03-04,pre_close_cutoff,005930,buy,400,"지정학적 리스크로 인한 급락장 (172,200원) 이지만, 초고수들의 매집 신호와 경쟁사 CEO의 긍정적 평가, 그리고 20만원 선 붕괴로 인한 밸류에이션 매력 (내재가치 대비 저평가) 을 근거로 장기적 관점에서 매수 기회를 포착합니다. 과거 19.5 만원, 20.9 만원에서의 매수 실패 경험으로 인해 방어적 타이밍 감각이 부족했음을 자각하여, 이번에는 현금의 50% 제한 (1.5 억 원) 을 초과하지 않는 범위 내에서 분산 매수 (400 주) 를 진행하여 미실현 손실을 보전하고 평균 단가를 낮추는 전략을 취합니다.",1,llm_first_response,not_one_share
RN_COMM_OFF,2026-03-04,6,pm,A070,ltb_A070_t005,stb_A070_t006,analysis_A070_t006,decision_A070_t006,,,2026-03-04,2026-03-04,2026-03-04,09:00,2026-03-04,15:29,2026-03-04,pre_close_cutoff,005930,buy,150,"지정학적 리스크로 인한 급락장이지만, 초고수들의 매집 신호와 SK하이닉스 CEO의 칭찬 등 하방 경직성 요인이 확인되어 단기 과다 매도 구간에서의 반등 가능성을 염두에 둠. 기술적 지지선 붕괴 위험이 있으나, 고위험 고수익 선호 성향에 따라 제한된 자금을 투입하여 매수 기회를 포착함.",1,llm_first_response,not_one_share
RN_COMM_OFF,2026-03-04,6,pm,A067,ltb_A067_t005,stb_A067_t006,analysis_A067_t006,decision_A067_t006,,,2026-03-04,2026-03-04,2026-03-04,09:00,2026-03-04,15:29,2026-03-04,pre_close_cutoff,005930,sell,100,"이전 2 건의 매수 실패 경험과 기술적 하락 추세 (5 일선, 20 일선 하회) 로 인해 추가 매수 타이밍이 불확실하며, 지정학적 리스크로 인한 추가 급락 가능성이 높습니다. 현재 미실현 손실이 발생해 손절매 심리가 작용하고 있어, 분산투자 부족 리스크를 줄이고 현금 유동성을 확보하기 위해 보유 물량의 일부 (100 주) 를 매도합니다.",1,llm_first_response,not_one_share
RN_COMM_OFF,2026-03-04,6,pm,A072,ltb_A072_t005,stb_A072_t006,analysis_A072_t006,decision_A072_t006,,,2026-03-04,2026-03-04,2026-03-04,09:00,2026-03-04,15:29,2026-03-04,pre_close_cutoff,005930,buy,71,"지정학적 리스크로 인한 시장 급락 (172,200원) 이 초고수들의 매집과 경쟁사 CEO의 긍정적 언급, 그리고 AI 반도체 수퍼사이클 기대감으로 인해 저평가 구간 진입 신호로 해석됨. 현재 포트폴리오의 현금 비중 (약 27%) 이 충분하며, 고위험 고수익 선호 성향과 가치 투자 관점에서 하방 경직성이 확인된 시점에 전량 매수 여력을 활용하여 평균 매수 단가를 낮추고 장기적 수익 모멘텀을 확보함.",1,llm_first_response,not_one_share
RN_COMM_OFF,2026-03-04,6,pm,A073,ltb_A073_t005,stb_A073_t006,analysis_A073_t006,decision_A073_t006,,,2026-03-04,2026-03-04,2026-03-04,09:00,2026-03-04,15:29,2026-03-04,pre_close_cutoff,005930,buy,100,"지정학적 리스크로 인한 급락장이지만, 초고수들의 매집 신호와 SK하이닉스 CEO의 긍정적 언급 등 하방 경직성 요인이 존재합니다. 현재 종가 (172,200 원) 는 5 일선과 20 일선 하회로 하락 추세이나, 밸류에이션이 매력적인 구간으로 진입했을 가능성이 있어 기술적 돌파 신호를 기다리며 분산 매수의 일환으로 진입합니다. 현금 9,275 만 원 중 최대 한도 (4,637 만 원) 의 약 20% 수준인 1,722 만 원 (100 주) 을 투입하여 리스크를 제한합니다.",1,llm_first_response,not_one_share
RN_COMM_OFF,2026-03-04,6,pm,A074,ltb_A074_t005,stb_A074_t006,analysis_A074_t006,decision_A074_t006,,,2026-03-04,2026-03-04,2026-03-04,09:00,2026-03-04,15:29,2026-03-04,pre_close_cutoff,005930,buy,147,"이전 LTB에서 언급된 20만원 선 붕괴 후 초고수들의 매집 신호와 오늘의 STB에서 확인된 경쟁사 CEO의 칭찬, 그리고 '낙폭 과다' 구간이라는 판단에 따라 고위험 고수익 성향의 페르소나로서 역매수 전략을 실행합니다. 기술적 지표는 하락 추세이나, 거시적 악재가 일시적일 경우 초고수들의 매수세가 주도하는 반등이 예상되므로 현금의 50% 한도인 147주를 전량 매수하여 평균 매수 단가를 낮추고 손익 회복 기회를 노립니다.",1,llm_first_response,not_one_share
RN_COMM_OFF,2026-03-04,6,pm,A076,ltb_A076_t005,stb_A076_t006,analysis_A076_t006,decision_A076_t006,,,2026-03-04,2026-03-04,2026-03-04,09:00,2026-03-04,15:29,2026-03-04,pre_close_cutoff,005930,buy,172,"지정학적 악재로 인한 급락 (172,200 원) 이 초고수들의 매집 신호와 SK하이닉스 CEO의 칭찬 등 하방 경직성 요인과 맞물려 저가 매수 기회로 판단됩니다. 고위험 고수익 성향과 분산 투자보다는 특정 종목 집중 성향을 반영하여, 보유 현금의 50% 한도 내에서 최대 수량인 172 주를 매수하여 평균 매수 단가를 낮추고 반등 시 수익 실현을 노립니다.",1,llm_first_response,not_one_share
RN_COMM_OFF,2026-03-04,6,pm,A078,ltb_A078_t005,stb_A078_t006,analysis_A078_t006,decision_A078_t006,,,2026-03-04,2026-03-04,2026-03-04,09:00,2026-03-04,15:29,2026-03-04,pre_close_cutoff,005930,buy,51,"초고수들의 매집 신호와 경쟁사 CEO의 칭찬, 그리고 20 만 원 붕괴로 인한 밸류에이션 매력도 상승을 근거로 저가 매수 기회를 포착합니다. 현재 가격 (172,200 원) 은 내재가치 대비 충분히 조정된 구간이며, 지정학적 악재가 이미 가격에 반영되었다고 판단합니다. 보유 주식의 평균 단가를 낮추기 위해 보유 현금의 50% 한도 (888 만 원) 내에서 최대 매수 가능 수량인 51 주를 전량 매수합니다.",1,llm_first_response,not_one_share
RN_COMM_OFF,2026-03-04,6,pm,A079,ltb_A079_t005,stb_A079_t006,analysis_A079_t006,decision_A079_t006,,,2026-03-04,2026-03-04,2026-03-04,09:00,2026-03-04,15:29,2026-03-04,pre_close_cutoff,005930,buy,100,"초고수들의 매집 신호와 경쟁사 CEO의 기술적 인정 등 내재가치 기반의 저평가 구간 진입으로 판단됩니다. 지정학적 리스크로 인한 단기 급락은 공포 심리에 기인한 과매도 구간으로 보이며, 가치 투자 관점에서 역매집이 유리합니다. 현재 보유 수량 대비 추가 매수를 통해 평균 단가를 낮추고 장기 우위를 확보하고자 합니다.",1,llm_first_response,not_one_share
RN_COMM_OFF,2026-03-04,6,pm,A080,ltb_A080_t005,stb_A080_t006,analysis_A080_t006,decision_A080_t006,,,2026-03-04,2026-03-04,2026-03-04,09:00,2026-03-04,15:29,2026-03-04,pre_close_cutoff,005930,buy,1000,"지정학적 리스크로 인한 급락 (전일 대비 -11.74%) 으로 주가가 20 만 원 선 붕괴 이후 내재가치 대비 저평가 구간 (172,200 원) 에 진입했습니다. 초고수들의 매집 신호와 SK하이닉스 CEO의 경쟁사 칭찬 등 하방 경직성을 시사하는 긍정적 요인이 공존하며, AI 수요 기반의 반도체 업황은 견고합니다. 페르소나의 가치 투자 전략에 따라 공포 속 저가 매수 기회를 포착하여 평균 매수 단가를 낮추고 장기 보유를 목표로 합니다.",1,llm_first_response,not_one_share
RN_COMM_OFF,2026-03-04,6,pm,A075,ltb_A075_t005,stb_A075_t006,analysis_A075_t006,decision_A075_t006,,,2026-03-04,2026-03-04,2026-03-04,09:00,2026-03-04,15:29,2026-03-04,pre_close_cutoff,005930,buy,41,"지정학적 악재로 인한 급락장 (전일 -11.74%) 이 발생했으나, 초고수들의 매수세와 경쟁사 CEO의 삼성전자에 대한 인정 등 내재가치에 대한 신뢰가 남아 있어 '낙폭 과다' 구간으로 판단합니다. 20만원 선 붕괴로 밸류에이션이 매력적으로 하락했으며, AI 반도체 수요의 구조적 성장세와 함께 저가 매수 기회로 해석됩니다. 현재 보유 현금 여력이 충분하므로, 평균 단가 하향과 안전마진 확보를 위해 최대 매수 가능 수량인 41주를 전량 매수합니다.",1,llm_first_response,not_one_share
RN_COMM_OFF,2026-03-04,6,pm,A081,ltb_A081_t005,stb_A081_t006,analysis_A081_t006,decision_A081_t006,,,2026-03-04,2026-03-04,2026-03-04,09:00,2026-03-04,15:29,2026-03-04,pre_close_cutoff,005930,buy,150,"지정학적 리스크로 인한 급락장 (172,200 원) 이지만, 초고수들의 매집 신호와 경쟁사 CEO 의 인정 등 하방 경직성 요인이 존재하여 내재가치 대비 안전마진이 확보된 저가 매수 기회로 판단합니다. 20 만원 선 붕괴 이후 밸류에이션이 매력적으로 하락했으나, 거시적 불확실성과 공포 심리를 고려하여 과거 손절 원칙을 준수하면서도 신중하게 진입합니다.",1,llm_first_response,not_one_share
RN_COMM_OFF,2026-03-04,6,pm,A084,ltb_A084_t005,stb_A084_t006,analysis_A084_t006,decision_A084_t006,,,2026-03-04,2026-03-04,2026-03-04,09:00,2026-03-04,15:29,2026-03-04,pre_close_cutoff,005930,sell,170,"이전 LTB에서 지적한 2 회 연속 매수 실패로 인한 손실 누적 (-7.84%) 과 지정학적 리스크 (미국-이란 교전) 의 장기화 우려, 그리고 헤드라인 스캔의 정보 부족으로 인한 판단 불확실성을 고려함. 페르소나의 핵심 원칙인 '손실 시 이성적으로 손절'을 준수하여, 추가 하락 위험에 대비해 보유 주식을 전량 매도하고 현금을 확보하는 것이 최선의 판단임.",1,llm_first_response,not_one_share
RN_COMM_OFF,2026-03-04,6,pm,A083,ltb_A083_t005,stb_A083_t006,analysis_A083_t006,decision_A083_t006,,,2026-03-04,2026-03-04,2026-03-04,09:00,2026-03-04,15:29,2026-03-04,pre_close_cutoff,005930,buy,35,"지정학적 리스크로 인한 급락장 (172,200 원) 이지만, 초고수들의 매집 심리와 SK하이닉스 CEO 의 긍정적 언급 등 하방 경직성 신호가 확인되어 밸류에이션 매력도가 높다고 판단합니다. 현재 미실현 손실이 발생했으나, 평균 단가 하향을 통해 리스크를 관리하고 장기적인 반도체 수퍼사이클과 AI 수요에 대비하기 위해 제한적으로 매수합니다.",1,llm_first_response,not_one_share
RN_COMM_OFF,2026-03-04,6,pm,A085,ltb_A085_t005,stb_A085_t006,analysis_A085_t006,decision_A085_t006,,,2026-03-04,2026-03-04,2026-03-04,09:00,2026-03-04,15:29,2026-03-04,pre_close_cutoff,005930,sell,100,"지정학적 리스크로 인한 급락장 지속과 기사 제목만으로는 정확한 내재가치 판단이 어렵다는 점, 그리고 최근 두 차례 매수 진입이 모두 손실로 이어진 과거 실패 경험을 고려하여, 손실 폭을 제한하고 현금 비중을 확보하기 위해 부분 매도합니다. 20만원 선 매집 신호가 있었으나 현재 17만 2천 원대로 하락하여 추가 하락 가능성에 대비한 방어적 조치입니다.",1,llm_first_response,not_one_share
RN_COMM_OFF,2026-03-04,6,pm,A082,ltb_A082_t005,stb_A082_t006,analysis_A082_t006,decision_A082_t006,,,2026-03-04,2026-03-04,2026-03-04,09:00,2026-03-04,15:29,2026-03-04,pre_close_cutoff,005930,sell,500,"지정학적 리스크 (미·이란 교전) 로 인한 공포 심리가 지배적이고, 기술적 지표 (5 일선, 20 일선 하회) 로 하락 추세가 명확합니다. 과거 연속 매수 시 하락 경험으로 인해 추가 손실 확대 위험이 크므로, 미실현 손실을 일부 실현하며 방어적 태세를 취합니다. 초고수 매집 신호가 있으나 시장 심리가 이를 압도하고 있어 단기 반등 타이밍을 기다리기보다 리스크를 줄이는 것이 우선입니다.",1,llm_first_response,not_one_share
RN_COMM_OFF,2026-03-04,6,pm,A086,ltb_A086_t005,stb_A086_t006,analysis_A086_t006,decision_A086_t006,,,2026-03-04,2026-03-04,2026-03-04,09:00,2026-03-04,15:29,2026-03-04,pre_close_cutoff,005930,buy,20,"지정학적 리스크로 인한 급락장이 지속되나, 20만원 선 붕괴로 밸류에이션이 매력적인 저평가 구간에 진입했습니다. 초고수들의 매집 신호와 경쟁사 CEO의 긍정적 평가 등 역발상적 매수 신호가 공존하며, 내재가치 관점에서 안전마진이 확보된 상태입니다. 현재 보유 주식의 평균 매수 단가 대비 손실 상태이나, 가치 투자 관점에서 하락을 기회로 판단하여 추가 매수합니다.",1,llm_first_response,not_one_share
RN_COMM_OFF,2026-03-04,6,pm,A077,ltb_A077_t005,stb_A077_t006,analysis_A077_t006,decision_A077_t006,,,2026-03-04,2026-03-04,2026-03-04,09:00,2026-03-04,15:29,2026-03-04,pre_close_cutoff,005930,buy,37,"초고수들의 매집과 SK하이닉스 CEO의 기술력 인정 등 하방 경직성 요인이 강하게 작용하여 '과다 매도' 구간으로 판단됨. 지정학적 리스크로 인한 급락은 일시적이며, 내재가치 대비 안전마진이 확보된 저평가 구간에서 가치투자 원칙에 따라 역발상 매수를 단행함.",1,llm_first_response,not_one_share
RN_COMM_OFF,2026-03-04,6,pm,A087,ltb_A087_t005,stb_A087_t006,analysis_A087_t006,decision_A087_t006,,,2026-03-04,2026-03-04,2026-03-04,09:00,2026-03-04,15:29,2026-03-04,pre_close_cutoff,005930,buy,1000,"지정학적 리스크로 인한 급락세 속에 있으나, 초고수들의 매집 신호와 경쟁사 CEO 의 칭찬 등 하방 경직성 요인이 확인되어 저가 매수 기회로 판단합니다. 현재 보유 주식의 평균 단가 대비 하락한 가격에서 처분효과 (손실 시 추가 매수) 전략에 따라 매수합니다.",1,llm_first_response,not_one_share
RN_COMM_OFF,2026-03-04,6,pm,A088,ltb_A088_t005,stb_A088_t006,analysis_A088_t006,decision_A088_t006,,,2026-03-04,2026-03-04,2026-03-04,09:00,2026-03-04,15:29,2026-03-04,pre_close_cutoff,005930,buy,200,"지정학적 리스크로 인한 시장 급락으로 밸류에이션이 낮아진 점을 저평가 기회로 판단합니다. 초고수들의 매집 신호와 SK하이닉스 CEO 의 칭찬 등 내재가치에 대한 신뢰가 남아 있으며, 기술적으로 과매도 구간에서 반등 가능성이 있습니다. 현금 9,652 만 원 중 최대 거래 가능 금액의 약 69% 에 해당하는 200 주 (약 3,444 만 원) 를 매수하여 진입합니다.",1,llm_first_response,not_one_share
RN_COMM_OFF,2026-03-04,6,pm,A091,ltb_A091_t005,stb_A091_t006,analysis_A091_t006,decision_A091_t006,,,2026-03-04,2026-03-04,2026-03-04,09:00,2026-03-04,15:29,2026-03-04,pre_close_cutoff,005930,buy,100,"지정학적 리스크로 인한 급락장이지만, 초고수들의 매집 신호와 경쟁사 CEO의 칭찬 등 하방 경직성 요인이 포착되어 단기 반등 가능성이 있다고 판단합니다. 현재 보유 주식에 대한 손실 상태이나, 현금 여력이 충분하고 기술적 지지선 회복 시점을 기다리며 제한적으로 매수하여 평균 단가를 낮추고 반등 기회를 잡겠습니다.",1,llm_first_response,not_one_share
RN_COMM_OFF,2026-03-04,6,pm,A089,ltb_A089_t005,stb_A089_t006,analysis_A089_t006,decision_A089_t006,,,2026-03-04,2026-03-04,2026-03-04,09:00,2026-03-04,15:29,2026-03-04,pre_close_cutoff,005930,buy,141,"초고수들의 매집 신호와 경쟁사 CEO의 긍정적 평가가 하방 경직성을 시사하며, 급락으로 인한 밸류에이션 매력도를 고려하여 매수합니다. 다만, 기술적 하락 추세와 지정학적 리스크로 인한 추가 조정 가능성을 고려하여, 최대 매수 가능 수량(282 주) 의 50% 수준인 141 주로 제한적으로 진입합니다.",1,llm_first_response,not_one_share
RN_COMM_OFF,2026-03-04,6,pm,A090,ltb_A090_t005,stb_A090_t006,analysis_A090_t006,decision_A090_t006,,,2026-03-04,2026-03-04,2026-03-04,09:00,2026-03-04,15:29,2026-03-04,pre_close_cutoff,005930,buy,40,"초고수들의 매집 신호와 20 만원 선 부근의 심리적 지지선 유지 여부가 반등 가능성을 시사하나, 전쟁 리스크로 인한 추가 하락 가능성도 존재합니다. 과거 손실 경험 (dim_6) 을 교훈으로 삼아, 기술적 과매도 구간 (172,200원) 에서 분할 매수를 통해 평균 단가를 낮추고 장기적 밸류에이션 매력을 활용하고자 합니다. 현금 비중이 높으므로 제한적 매수로 대응합니다.",1,llm_first_response,not_one_share
RN_COMM_OFF,2026-03-04,6,pm,A093,ltb_A093_t005,stb_A093_t006,analysis_A093_t006,decision_A093_t006,,,2026-03-04,2026-03-04,2026-03-04,09:00,2026-03-04,15:29,2026-03-04,pre_close_cutoff,005930,buy,100,"지정학적 리스크로 인한 급락장 (172,200 원) 이지만, 초고수들의 매집과 경쟁사 CEO의 긍정적 평가가 하방 경직성을 시사하여 밸류에이션 매력도가 높다고 판단합니다. 고위험 고수익 선호 성향과 손실 시 이성적 손절 원칙에 따라, 하락 추세 (MA5, MA20 하회) 가 완전히 소멸되지 않았음을 인지하면서도 초고수들의 신호를 기회로 삼아 제한적으로 매수합니다.",1,llm_first_response,not_one_share
RN_COMM_OFF,2026-03-04,6,pm,A094,ltb_A094_t005,stb_A094_t006,analysis_A094_t006,decision_A094_t006,,,2026-03-04,2026-03-04,2026-03-04,09:00,2026-03-04,15:29,2026-03-04,pre_close_cutoff,005930,sell,100,"지정학적 리스크로 인한 급락장 (전일 -11.74%) 과 기술적 지지선 붕괴 (5일선, 20일선 하회) 로 추가 하락 위험이 큽니다. 초고수들의 매수 신호가 있으나 뉴스 요약 부재로 구체적 근거가 부족하며, 과거 -12% 손실 경험으로 인해 공포 분위기에서의 추격 매수는 위험합니다. 따라서 수익이 나면 빠르게 매도하는 처분효과와 손실 시 추가 매수 경향을 고려하되, 현재 미실현 손실 상태이므로 리스크 관리를 위해 보유 물량의 절반을 매도하여 현금 비중을 확보하고 손실 확대를 차단합니다.",1,llm_first_response,not_one_share
RN_COMM_OFF,2026-03-04,6,pm,A092,ltb_A092_t005,stb_A092_t006,analysis_A092_t006,decision_A092_t006,,,2026-03-04,2026-03-04,2026-03-04,09:00,2026-03-04,15:29,2026-03-04,pre_close_cutoff,005930,buy,100,"시장 전체가 11% 급락하는 공포 분위기 속에서도 초고수들의 매집과 경쟁사 CEO의 칭찬 등 하방 경직성을 시사하는 호재가 공존합니다. 기술적 관점에서 20만원 선 붕괴 후 18만4천원대 지지력이 확인되었고, 현재가 17만2천원은 저평가 구간으로 판단됩니다. 과거 타이밍 일찍 들어간 손실 경험이 있으나, 이번에는 초고수들의 매수 신호와 기술적 지지선 확인을 근거로 방어적 매수를 단행합니다.",1,llm_first_response,not_one_share
RN_COMM_OFF,2026-03-04,6,pm,A095,ltb_A095_t005,stb_A095_t006,analysis_A095_t006,decision_A095_t006,,,2026-03-04,2026-03-04,2026-03-04,09:00,2026-03-04,15:29,2026-03-04,pre_close_cutoff,005930,buy,100,"지정학적 리스크로 인한 급락 (20만원 선 붕괴) 이 초고수들의 매집 신호와 결합되어 기술적 저가 매수 기회로 판단됩니다. SK하이닉스 CEO의 칭찬 등 우량주에 대한 방어적 심리가 존재하며, 현재 보유 현금 여력이 충분하여 분산투자 원칙 하에 제한적으로 추가 매수하여 평균 단가를 낮추고 반등 시 수익 실현 기회를 노립니다.",1,llm_first_response,not_one_share
RN_COMM_OFF,2026-03-04,6,pm,A097,ltb_A097_t005,stb_A097_t006,analysis_A097_t006,decision_A097_t006,,,2026-03-04,2026-03-04,2026-03-04,09:00,2026-03-04,15:29,2026-03-04,pre_close_cutoff,005930,buy,741,"초고수들의 매수세와 20만원 선 붕괴로 인한 밸류에이션 하락이 '공포 속 기회'를 형성하고 있으며, 고위험 고수익 성향에 따라 기술적 반등 신호를 기다리기보다 현재 가격대에서 전량 매수하여 하방 경계선을 확인하고 추후 V자 반등 시 수익을 극대화합니다.",1,llm_first_response,not_one_share
RN_COMM_OFF,2026-03-04,6,pm,A096,ltb_A096_t005,stb_A096_t006,analysis_A096_t006,decision_A096_t006,,,2026-03-04,2026-03-04,2026-03-04,09:00,2026-03-04,15:29,2026-03-04,pre_close_cutoff,005930,buy,100,"현재 현금 비중이 높아 (9700 만 원) 매수 진입이 가능하며, 20 만원 선 붕괴 후 17 만 원대로 급락하여 밸류에이션이 역사적 저점 수준으로 낮아졌습니다. 초고수들의 매수세와 SK하이닉스 CEO 의 칭찬 등 하방 경직성을 시사하는 긍정적 신호가 공존하나, MA5/MA20 하회 등 하락 추세는 명확합니다. 따라서 과거 조기 진입 실수를 교훈으로 삼아, 하락 추세에서 반등 신호가 불분명할 경우 추가 손실 확대를 막기 위해 최대 거래 가능 금액 (4851 만 원) 의 약 34% 수준인 소량 (100 주, 약 1722 만 원) 으로 제한적으로 진입합니다.",1,llm_first_response,not_one_share
RN_COMM_OFF,2026-03-04,6,pm,A098,ltb_A098_t005,stb_A098_t006,analysis_A098_t006,decision_A098_t006,,,2026-03-04,2026-03-04,2026-03-04,09:00,2026-03-04,15:29,2026-03-04,pre_close_cutoff,005930,buy,26,"고위험 선호 성향과 초고수들의 역매수 신호, 경쟁사 CEO의 긍정적 언급을 근거로 '악재 매수' 기회를 포착했습니다. 현재가 (172,200 원) 가 20 만원 선 붕괴 후 기술적 지지선 부근으로 하락하여 저가 매수 대안으로 판단되며, 보유 현금 (922 만 원) 과 최대 매수 가능 수량 (26 주) 을 모두 활용하여 평균 단가 하향과 수익률 회복을 시도합니다.",1,llm_first_response,not_one_share
RN_COMM_OFF,2026-03-04,6,pm,A099,ltb_A099_t005,stb_A099_t006,analysis_A099_t006,decision_A099_t006,,,2026-03-04,2026-03-04,2026-03-04,09:00,2026-03-04,15:29,2026-03-04,pre_close_cutoff,005930,buy,40,"지정학적 리스크로 인한 급락으로 밸류에이션이 매력적으로 조정되었으며, 초고수들의 매집 신호와 경쟁사 CEO의 긍정적 평가가 하방 경직성을 시사합니다. 내재가치 관점에서 저평가 구간으로 판단하여 가치투자 전략에 따라 매수합니다. 과거 손실 경험을 고려해 전량 매수보다는 현금 유동성을 일부 확보한 상태에서 제한적으로 매수합니다.",1,llm_first_response,not_one_share
RN_COMM_OFF,2026-03-04,6,pm,A100,ltb_A100_t005,stb_A100_t006,analysis_A100_t006,decision_A100_t006,,,2026-03-04,2026-03-04,2026-03-04,09:00,2026-03-04,15:29,2026-03-04,pre_close_cutoff,005930,buy,89,"지정학적 리스크로 인한 급락장 (검은 수요일) 이지만, 초고수들의 순매수와 경쟁사 CEO의 기술 리더십 인정 등 하방 경직성 신호가 포착되었습니다. 20 만원 선 붕괴로 밸류에이션이 매력적으로 하락하여 장기적 관점에서 저가 매수 기회로 판단하며, 현재 보유 현금 여력이 충분하므로 최대 매수 가능 수량인 89 주를 매수하여 평균 단가를 낮추고 저평가 구간을 선제적으로 확보합니다.",1,llm_first_response,not_one_share
RN_COMM_OFF,2026-03-05,7,am,A004,ltb_A004_t006,stb_A004_t007,analysis_A004_t007,decision_A004_t007,,,2026-03-05,2026-03-04,2026-03-04,15:30,2026-03-05,08:59,2026-03-05,pre_close_cutoff,005930,buy,67,"초고수들의 매집 신호와 S26 사전예약 호재로 밸류에이션 매력도가 회복되었으나, 노사 갈등과 지정학적 리스크로 인해 기술적 돌파 신호가 불확실한 상태입니다. 페르소나의 처분효과 (손실 시 추가 매수) 와 20일 이동평균선 (180,180원) 상회 등 중기 지지선 확보 가능성을 고려하여, 현금 비중을 50% 이내로 유지하면서 제한적으로 매수하여 평균 단가를 낮추고 반등 기회를 노립니다.",1,llm_first_response,not_one_share
RN_COMM_OFF,2026-03-05,7,am,A003,ltb_A003_t006,stb_A003_t007,analysis_A003_t007,decision_A003_t007,,,2026-03-05,2026-03-04,2026-03-04,15:30,2026-03-05,08:59,2026-03-05,pre_close_cutoff,005930,buy,100,"초고수들의 순매수와 S26 사전예약 호재로 인한 저평가 기회와 기술적 지지선 회복을 판단하여, 전일 급락 후 반등 국면에서 추가 매수합니다. 현재 보유 주식 128주 대비 매수 수량을 조정하여 분산 투자 성향을 보완하고, 현금 여력의 50% 이내에서 공격적이되 과도한 집중을 피하는 전략을 적용합니다.",1,llm_first_response,not_one_share
RN_COMM_OFF,2026-03-05,7,am,A006,ltb_A006_t006,stb_A006_t007,analysis_A006_t007,decision_A006_t007,,,2026-03-05,2026-03-04,2026-03-04,15:30,2026-03-05,08:59,2026-03-05,pre_close_cutoff,005930,buy,100,"초고수들의 순매수 세력 유입과 급락으로 인한 밸류에이션 매력도를 긍정적으로 평가하여 단기 상승 모멘텀을 포착하기 위해 매수합니다. 다만, 기술적 돌파 신호 부재와 노사 갈등 등 하방 리스크가 공존하므로, 분산투자 성향이 낮아 특정 종목에 집중된 포트폴리오의 리스크를 고려해 최대 매수 가능 금액의 절반 수준인 100주 (약 1,950 만 원) 로 제한적으로 진입합니다.",1,llm_first_response,not_one_share
RN_COMM_OFF,2026-03-05,7,am,A008,ltb_A008_t006,stb_A008_t007,analysis_A008_t007,decision_A008_t007,,,2026-03-05,2026-03-04,2026-03-04,15:30,2026-03-05,08:59,2026-03-05,pre_close_cutoff,005930,sell,200,"노사 협상 결렬과 중동 지정학적 리스크로 인한 하방 압력이 강하며, 현재가 (195,000 원) 가 5 일 이동평균선 (201,060 원) 하단에서 단기 하락 추세에 있습니다. 고위험 고수익 선호 성향과 손절 원칙에 따라 불확실성이 높은 상황에서 미실현 손익을 확정하고 현금화하여 리스크를 회피하는 것이 타당합니다.",1,llm_first_response,not_one_share
RN_COMM_OFF,2026-03-05,7,am,A001,ltb_A001_t006,stb_A001_t007,analysis_A001_t007,decision_A001_t007,,,2026-03-05,2026-03-04,2026-03-04,15:30,2026-03-05,08:59,2026-03-05,pre_close_cutoff,005930,sell,100,"노사 협상 결렬과 지정학적 리스크로 인한 하방 압력이 지속되고 있으며, 과거 두 차례 매수 시점 모두 손실로 종료된 경험을 고려할 때 추가 매수 타이밍은 위험합니다. 현재 미실현손익 상태이므로 손절 원칙에 따라 변동성 확대 시 방어적으로 일부 매도하여 현금 비중을 확보하고 리스크를 줄이는 것이 타당합니다.",1,llm_first_response,not_one_share
RN_COMM_OFF,2026-03-05,7,am,A005,ltb_A005_t006,stb_A005_t007,analysis_A005_t007,decision_A005_t007,,,2026-03-05,2026-03-04,2026-03-04,15:30,2026-03-05,08:59,2026-03-05,pre_close_cutoff,005930,sell,100,"노사협상 결렬과 지정학적 리스크로 인한 하방 리스크가 명확히 존재하며, 현재 미실현 손실 상태 (-15.9M 원) 에서 추가 매수 시 손실 확대 가능성이 큽니다. 초고수들의 매수세와 S26 호조는 존재하나, 변동성이 극심한 혼조장에서 단기 손절매를 통해 포트폴리오 리스크를 관리하고 현금 유동성을 확보하는 것이 우선입니다.",1,llm_first_response,not_one_share
RN_COMM_OFF,2026-03-05,7,am,A002,ltb_A002_t006,stb_A002_t007,analysis_A002_t007,decision_A002_t007,,,2026-03-05,2026-03-04,2026-03-04,15:30,2026-03-05,08:59,2026-03-05,pre_close_cutoff,005930,sell,340,"노사 협상 결렬과 중동 지정학적 리스크로 인한 실적 불확실성이 지속되고 있으며, 전일 급락 이후 시가 기준 13% 급등은 정보 부족 상태에서의 과반응일 가능성이 높습니다. 가치투자 관점에서 저평가 구간으로 보이나, 헤드라인 스캔의 한계로 구체적인 하방 경직성을 확인하지 못했고, 과거 저가 매수 전략이 손실로 이어진 경험을 고려할 때 추가 하락 리스크를 회피하는 것이 우선입니다. 현재 미실현 손실이 발생했으나, 손절 원칙에 따라 불확실성이 높은 구간에서 포지션을 정리합니다.",1,llm_first_response,not_one_share
RN_COMM_OFF,2026-03-05,7,am,A007,ltb_A007_t006,stb_A007_t007,analysis_A007_t007,decision_A007_t007,,,2026-03-05,2026-03-04,2026-03-04,15:30,2026-03-05,08:59,2026-03-05,pre_close_cutoff,005930,sell,100,"시가 195,000원은 전일 대비 13.2% 급등하여 단기 과매수 구간으로 진입했으며, 노사협상 결렬과 지정학적 리스크 등 하방 압력이 상존합니다. 이전 LTB와 STB 모두에서 리스크 관리의 중요성을 강조하고 있으며, 현재 보유 주식의 평균 매수 단가(202,508원) 대비 손실 상태이나, 급등폭을 활용해 손실 폭을 일부 줄이고 현금 비중을 확보하는 것이 타당합니다. 초고수들의 매수 신호가 있더라도 노사 갈등과 거시적 불확실성이 지속될 경우 추가 하락 가능성이 높으므로, 기술적 조정 가능성을 선제적으로 대응합니다.",1,llm_first_response,not_one_share
RN_COMM_OFF,2026-03-05,7,am,A011,ltb_A011_t006,stb_A011_t007,analysis_A011_t007,decision_A011_t007,,,2026-03-05,2026-03-04,2026-03-04,15:30,2026-03-05,08:59,2026-03-05,pre_close_cutoff,005930,buy,150,"초고수들의 순매수세와 갤럭시 S26 호재, 그리고 20 만 원 선 부근의 매력적인 밸류에이션을 근거로 매수 기회를 포착합니다. 이전 손실 이력 (195,000 원, 184,000 원) 을 교훈으로 삼아, 고위험 고수익 성향에 맞춰 현금의 약 40% 수준 (약 2,925 만 원) 으로 제한적으로 진입하여 내재가치 회복을 노립니다.",1,llm_first_response,not_one_share
RN_COMM_OFF,2026-03-05,7,am,A013,ltb_A013_t006,stb_A013_t007,analysis_A013_t007,decision_A013_t007,,,2026-03-05,2026-03-04,2026-03-04,15:30,2026-03-05,08:59,2026-03-05,pre_close_cutoff,005930,sell,100,"노사 갈등과 중동 지정학적 리스크로 인한 하락 압력이 강하며, 기술적 지표가 명확한 상승 돌파 신호를 주지 않고 있어 단기 변동성 확대가 우려됩니다. 고위험 선호 성향과 처분효과 (손실 시 추가 매수 경향) 로 인해 현재 가격에서 추가 매수할 경우 손실 확대 리스크가 큽니다. 따라서 미실현 손실을 일부 실현하고 현금 비중을 높여 리스크를 관리하는 것이 타당합니다.",1,llm_first_response,not_one_share
RN_COMM_OFF,2026-03-05,7,am,A014,ltb_A014_t006,stb_A014_t007,analysis_A014_t007,decision_A014_t007,,,2026-03-05,2026-03-04,2026-03-04,15:30,2026-03-05,08:59,2026-03-05,pre_close_cutoff,005930,buy,100,"초고수들의 매수세와 20 일 이동평균선 (180,180 원) 상회 등 중기 지지력이 확인되나, 5 일 이동평균선 하회와 지정학적 리스크로 인해 단기 추세는 불확실합니다. 과거 손절 원칙 미준수 실패 경험을 교훈으로 삼아, 이번 매수는 방어선 확인을 위한 소량 진입 (100 주) 으로 신중하게 접근합니다.",1,llm_first_response,not_one_share
RN_COMM_OFF,2026-03-05,7,am,A010,ltb_A010_t006,stb_A010_t007,analysis_A010_t007,decision_A010_t007,,,2026-03-05,2026-03-04,2026-03-04,15:30,2026-03-05,08:59,2026-03-05,pre_close_cutoff,005930,sell,468,"노사협상 결렬로 인한 실적 하방 리스크와 지정학적 불안이 지속되는 상황에서, 초고수들의 매수세와 S26 호재가 단기 반등 모멘텀을 제공했으나, 현재가 (195,000원) 가 5일 이동평균선 (201,060원) 에 근접해 있어 추가 상승 모멘텀은 제한적입니다. 페르소나의 '손실 시 이성적 손절' 원칙에 따라, 미실현 손실 상태에서도 리스크 관리가 최우선이며, 급등한 시점에서 추격 매수보다는 손실 확정 후 현금화를 통해 포트폴리오 리스크를 줄이는 것이 타당하다고 판단합니다.",1,llm_first_response,not_one_share
RN_COMM_OFF,2026-03-05,7,am,A012,ltb_A012_t006,stb_A012_t007,analysis_A012_t007,decision_A012_t007,,,2026-03-05,2026-03-04,2026-03-04,15:30,2026-03-05,08:59,2026-03-05,pre_close_cutoff,005930,buy,50,"초고수들의 순매수와 S26 사전예약 호재로 인한 상승 모멘텀이 우세하나, 노사 갈등과 지정학적 리스크로 변동성이 확대될 것으로 판단됩니다. 현재 보유 주식은 손실 상태이나, 페르소나의 성향인 '손실 시 추가 매수'와 '분산 투자' 전략에 따라, 5일 이동평균선 하단에서 매수 세력이 유입된 시점을 포착하여 평균 단가 하향을 시도합니다. 다만, 과거 타이밍 리스크를 고려하여 전량 매수보다는 현금 여력을 일부 유지하며 제한적으로 매수합니다.",1,llm_first_response,not_one_share
RN_COMM_OFF,2026-03-05,7,am,A009,ltb_A009_t006,stb_A009_t007,analysis_A009_t007,decision_A009_t007,,,2026-03-05,2026-03-04,2026-03-04,15:30,2026-03-05,08:59,2026-03-05,pre_close_cutoff,005930,buy,240,"이전 LTB에서 확인한 손절 원칙과 현재 Short-Term Belief의 '저가 매수' 신호, 초고수들의 매수 행보를 종합적으로 고려하여 매수 진입을 결정합니다. 현재 주가 (195,000원) 는 20일선 (180,180원) 을 상회하며 중기 지지력을 유지하고 있고, 거래량 급증 (63%) 과 '삼전·하닉 저가 매수' 뉴스가 하방 경직성을 시사합니다. 지정학적 악재로 인한 일시적 하락을 저가 매수 기회로 해석하며, 현금 비중이 높아 단일 종목에 집중할 여력이 충분합니다.",1,llm_first_response,not_one_share
RN_COMM_OFF,2026-03-05,7,am,A016,ltb_A016_t006,stb_A016_t007,analysis_A016_t007,decision_A016_t007,,,2026-03-05,2026-03-04,2026-03-04,15:30,2026-03-05,08:59,2026-03-05,pre_close_cutoff,005930,buy,25,"지정학적 리스크와 노사 갈등 등 단기 악재로 시장이 공포에 휩싸여 있으나, '저가 매수' 세력의 등장과 경쟁사 CEO의 긍정적 평가는 내재가치에 대한 신뢰를 보여줍니다. 현재 가격이 20일 이동평균선 상회하며 기술적 반등 신호가 확인되었고, 보유 현금 여력이 충분하여 평균 단가를 낮추기 위해 제한적으로 매수합니다.",1,llm_first_response,not_one_share
RN_COMM_OFF,2026-03-05,7,am,A015,ltb_A015_t006,stb_A015_t007,analysis_A015_t007,decision_A015_t007,,,2026-03-05,2026-03-04,2026-03-04,15:30,2026-03-05,08:59,2026-03-05,pre_close_cutoff,005930,buy,33,"초고수들의 집중 매수와 20 만 원 선에서의 밸류에이션 매력도, 반도체 업황 회복 기대감으로 하방 경직성이 확인되어 저가 매수 기회로 판단합니다. 현재 평균 단가 대비 손실 상태이나, 분산투자 원칙 하에 현금 여력을 활용해 평균 단가를 낮추는 전략을 취합니다.",1,llm_first_response,not_one_share
RN_COMM_OFF,2026-03-05,7,am,A021,ltb_A021_t006,stb_A021_t007,analysis_A021_t007,decision_A021_t007,,,2026-03-05,2026-03-04,2026-03-04,15:30,2026-03-05,08:59,2026-03-05,pre_close_cutoff,005930,buy,100,"중동 지정학적 리스크와 노사 갈등 등 부정적 뉴스가 공존하나, '저가 매수' 호재와 20 일 이동평균선(180,180 원) 상회 등 기술적 지지선이 유지되고 있어 현재가(195,000 원)는 매수 기회로 판단됩니다. 이전 LTB 에서 언급된 초고수들의 매수 신호와 변동성 확대 시 매수 기회로 삼는 전략에 따라, 보유 현금의 50% 한도 내에서 분산 투자 원칙을 준수하며 수량을 조정하여 매수합니다.",1,llm_first_response,not_one_share
RN_COMM_OFF,2026-03-05,7,am,A019,ltb_A019_t006,stb_A019_t007,analysis_A019_t007,decision_A019_t007,,,2026-03-05,2026-03-04,2026-03-04,15:30,2026-03-05,08:59,2026-03-05,pre_close_cutoff,005930,buy,10,"초고수들의 매수세와 경쟁사 CEO 의 긍정적 언급이 하방 경직성을 형성하고 있어, 현재가 195,000 원은 내재가치 대비 저평가 구간으로 판단됩니다. 노사 갈등과 지정학적 리스크로 인한 단기 변동성은 존재하나, 과거 손실 시 추가 매수하는 전략과 가치평가 기반의 저가 매수 기회를 활용하여 평균 단가를 낮추고 방어력을 강화하는 것이 적절합니다.",1,llm_first_response,not_one_share
RN_COMM_OFF,2026-03-05,7,am,A022,ltb_A022_t006,stb_A022_t007,analysis_A022_t007,decision_A022_t007,,,2026-03-05,2026-03-04,2026-03-04,15:30,2026-03-05,08:59,2026-03-05,pre_close_cutoff,005930,sell,100,"노사 협상 결렬과 지정학적 리스크 등 하방 압력이 존재하며, 직전 매수 시점 (172,200 원) 대비 현재가 (195,000 원) 가 회복되었으나, 5 일 이동평균선 (201,060 원) 부근에서 단기 저항이 예상됩니다. 고점 추격 매수보다는 손절 원칙에 따라 직전 손실 구간 (172,200 원) 을 상회하는 시점에 일부 매도하여 리스크를 축소하고 현금 비중을 확보하는 것이 타당합니다.",1,llm_first_response,not_one_share
RN_COMM_OFF,2026-03-05,7,am,A018,ltb_A018_t006,stb_A018_t007,analysis_A018_t007,decision_A018_t007,,,2026-03-05,2026-03-04,2026-03-04,15:30,2026-03-05,08:59,2026-03-05,pre_close_cutoff,005930,sell,473,"전일 종가 대비 13.24% 급등하여 단기 과열 및 조정 리스크가 높으며, 노사협상 결렬과 지정학적 리스크 등 악재가 공존하는 상황에서 미실현 손실 -1,270 만 원을 회수하기 위해 전량 매도합니다. 과거 손실 시 추가 매수하는 처분효과 경향과 고위험 선호 성향을 고려할 때, 급등한 가격에서 손절매를 통해 현금화하고 추후 더 명확한 기술적 돌파 신호를 기다리는 것이 합리적입니다.",1,llm_first_response,not_one_share
RN_COMM_OFF,2026-03-05,7,am,A017,ltb_A017_t006,stb_A017_t007,analysis_A017_t007,decision_A017_t007,,,2026-03-05,2026-03-04,2026-03-04,15:30,2026-03-05,08:59,2026-03-05,pre_close_cutoff,005930,sell,100,"현재가 195,000원이 5일 이동평균선 하단에 위치하며, 중동 지정학적 리스크와 노사 갈등 불확실성으로 인한 하방 압력이 지속될 것으로 판단됩니다. 이전 투자 경험에서 변동성 과소평가로 인한 손실 실현이 필요했던 점을 고려할 때, 현재 미실현 손실 상태 (-3,322,500원) 에서 추가 하락 위험을 차단하고 손실을 확정하는 것이 리스크 관리 차원에서 우선시됩니다. 초고수들의 매수세와 경쟁사 CEO의 칭찬 등 긍정적 요인이 존재하나, 단기적인 방향성 혼조와 내부 리스크가 밸류에이션 매수 신호를 약화시키고 있어 매도 결정이 타당합니다.",1,llm_first_response,not_one_share
RN_COMM_OFF,2026-03-05,7,am,A023,ltb_A023_t006,stb_A023_t007,analysis_A023_t007,decision_A023_t007,,,2026-03-05,2026-03-04,2026-03-04,15:30,2026-03-05,08:59,2026-03-05,pre_close_cutoff,005930,sell,100,"노사협상 결렬이라는 근본적 악재와 중동 지정학적 리스크가 공존하는 상황에서, 전일 대비 13% 급등한 현재가 (195,000원) 는 MA5 저항선 근처에 위치하여 단기 조정 가능성이 높습니다. 과거 하락장 진입 시 손실이 확정된 경험을 바탕으로 공포 심리에 휩쓸린 과반응을 경계하며, 불확실성이 높은 구간에서 일부 포지션을 정리하여 현금 비중을 확보하고 리스크를 줄이는 것이 타당합니다.",1,llm_first_response,not_one_share
RN_COMM_OFF,2026-03-05,7,am,A020,ltb_A020_t006,stb_A020_t007,analysis_A020_t007,decision_A020_t007,,,2026-03-05,2026-03-04,2026-03-04,15:30,2026-03-05,08:59,2026-03-05,pre_close_cutoff,005930,buy,79,"초고수들의 집중 매수와 '과다 매도' 인식으로 하방 경직성이 확인되어 단기 반등 가능성이 높다고 판단했습니다. 현재가 (195,000원) 가 20일 이동평균 (180,180원) 상단에 위치하여 지지선을 유지하고 있으며, 거래량 증가와 초고수 매수세 유입이 기술적 돌파 신호를 예고하고 있습니다. 고위험 고수익 선호 성향과 분산투자 원칙에 따라 보유 현금의 최대 한도 (79주) 를 활용하여 저평가 구간을 매수합니다.",1,llm_first_response,not_one_share
RN_COMM_OFF,2026-03-05,7,am,A024,ltb_A024_t006,stb_A024_t007,analysis_A024_t007,decision_A024_t007,,,2026-03-05,2026-03-04,2026-03-04,15:30,2026-03-05,08:59,2026-03-05,pre_close_cutoff,005930,buy,221,"중동 지정학적 리스크로 인한 시장 공포가 주가를 압박하고 있으나, 전일 대비 13.24% 급등하며 20일 이동평균선(180,180원)을 명확히 상회하는 강력한 반등 신호를 확인했습니다. '삼전·하닉 저가 매수' 및 '침착맨의 7만원 매수' 등 초고수들의 매수 신호와 경쟁사 CEO의 칭찬 등 하방 경직성 요인이 존재하며, 고위험 고수익 기회를 선호하는 투자 성향에 따라 현재 가격(195,000원)에서의 공격적 진입을 결정합니다. 과거 손절 원칙을 준수하되, 이번에는 기술적 하방 지지와 뉴스상의 저가 매수 심리를 기회로 삼아 전량 매수합니다.",1,llm_first_response,not_one_share
RN_COMM_OFF,2026-03-05,7,am,A026,ltb_A026_t006,stb_A026_t007,analysis_A026_t007,decision_A026_t007,,,2026-03-05,2026-03-04,2026-03-04,15:30,2026-03-05,08:59,2026-03-05,pre_close_cutoff,005930,sell,100,"노사협상 결렬과 지정학적 리스크로 인한 단기 하락 압력이 지속되고 있으며, 과거 두 건의 매수 거래가 손실로 종료된 패턴을 고려할 때 추가 매수 타이밍은 위험합니다. 현재 미실현 손실이 발생하여 페르소나의 '손실 시 이성적 손절' 원칙에 따라 일부 포지션을 축소하고 현금화하여 리스크를 관리해야 합니다.",1,llm_first_response,not_one_share
RN_COMM_OFF,2026-03-05,7,am,A025,ltb_A025_t006,stb_A025_t007,analysis_A025_t007,decision_A025_t007,,,2026-03-05,2026-03-04,2026-03-04,15:30,2026-03-05,08:59,2026-03-05,pre_close_cutoff,005930,buy,50,"초고수들의 순매수세와 S26 사전예약 호조 등 상승 모멘텀이 존재하나, 노사협상 결렬과 지정학적 리스크로 인한 변동성 우려가 공존합니다. 이전 매수 타이밍 과신했던 경험을 바탕으로, 현재 손실 구간에서 추가 매수 성향(처분효과) 을 활용하되, 5일 이동평균선 부근의 기술적 저항과 불확실성을 고려하여 최대 매수 가능 수량의 절반 수준인 50주로 제한적으로 매수하여 평균 단가를 낮추고 리스크를 분산합니다.",1,llm_first_response,not_one_share
RN_COMM_OFF,2026-03-05,7,am,A027,ltb_A027_t006,stb_A027_t007,analysis_A027_t007,decision_A027_t007,,,2026-03-05,2026-03-04,2026-03-04,15:30,2026-03-05,08:59,2026-03-05,pre_close_cutoff,005930,buy,100,"초고수들의 순매수 세력과 S26 사전예약 호조로 인한 단기 상승 모멘텀이 확인되었으나, 노사 갈등과 지정학적 리스크로 등락이 심할 것으로 판단됩니다. 현재 5일 이동평균선 하단에 위치해 기술적 저항이 있으나, 거래량 급증 (63%) 과 초고수 매수 신호를 저가 매수 기회로 해석하여, 기존 미실현 손실을 만회하기 위해 제한적으로 추가 매수합니다.",1,llm_first_response,not_one_share
RN_COMM_OFF,2026-03-05,7,am,A028,ltb_A028_t006,stb_A028_t007,analysis_A028_t007,decision_A028_t007,,,2026-03-05,2026-03-04,2026-03-04,15:30,2026-03-05,08:59,2026-03-05,pre_close_cutoff,005930,buy,7,"중동 지정학적 리스크로 인한 공포 분위기와 노사 협상 결렬 악재에도 불구하고, '삼전·하닉 저가 매수' 헤드라인과 전문가의 7 만원 매수 제안이 하방 경직성을 시사합니다. 현재가 195,000 원은 20 일 이동평균선 (180,180 원) 을 상회하며 지지력을 보이고 있고, 거래량 증가와 시가 급등 (13.2%) 으로 단기 반등 신호가 포착되었습니다. 이전 LTB 에서 지적된 '초고수 매집' 신호와 현재 STB 의 '공포와 기회주의 공존'이 일치하여, 고위험 고수익 성향에 따라 기술적 지지선 확인 후 소량 매수 진입을 결정합니다.",1,llm_first_response,not_one_share
RN_COMM_OFF,2026-03-05,7,am,A030,ltb_A030_t006,stb_A030_t007,analysis_A030_t007,decision_A030_t007,,,2026-03-05,2026-03-04,2026-03-04,15:30,2026-03-05,08:59,2026-03-05,pre_close_cutoff,005930,sell,100,"이전 신념에서 판단한 18 만원대 저평가 구간에서 주가가 195,000 원으로 급등하여 안전마진이 축소되었고, 기술적 저항선 (5 일선) 부근에 도달했습니다. 노사 협상 결렬과 중동 정세 등 단기 악재가 지속될 수 있어, 미실현 손실을 일부 실현하고 현금 비중을 확보하여 추가 하락에 대비하는 것이 가치투자 원칙에 부합합니다. 특히 정보 한계 (헤드라인 스캔) 로 인해 악재의 구체적 영향을 판단하기 어렵다는 점을 고려해, 불확실성을 줄이기 위한 방어적 매도입니다.",1,llm_first_response,not_one_share
RN_COMM_OFF,2026-03-05,7,am,A033,ltb_A033_t006,stb_A033_t007,analysis_A033_t007,decision_A033_t007,,,2026-03-05,2026-03-04,2026-03-04,15:30,2026-03-05,08:59,2026-03-05,pre_close_cutoff,005930,buy,67,"초고수들의 순매수 신호와 AI 반도체 수퍼사이클 기대감으로 인해 저평가 구간에서의 반등 가능성이 높다고 판단합니다. 전일 급락으로 인한 공포 심리가 과잉 반응했을 가능성이 크며, 기술적 지지선 (20 일 이동평균선) 을 상회한 상태입니다. 현금 비중이 높고 손절 완료 후 재진입 여력이 충분하므로, 현재 공시가에 전량 매수하여 저가 매집 기회를 포착합니다.",1,llm_first_response,not_one_share
RN_COMM_OFF,2026-03-05,7,am,A029,ltb_A029_t006,stb_A029_t007,analysis_A029_t007,decision_A029_t007,,,2026-03-05,2026-03-04,2026-03-04,15:30,2026-03-05,08:59,2026-03-05,pre_close_cutoff,005930,buy,16,"중동 지정학적 리스크로 인한 공포장 속에서 '삼전' 등 고수들의 저가 매수 신호와 7만원 매수 관측이 하방 경직성을 제공하고 있으며, 전일 대비 급등으로 반등 모멘텀이 감지됨. 고위험 고수익 선호 성향과 처분효과 (손실 시 추가 매수) 에 따라 현재가 (195,000원) 가 평균 매수 단가 (199,044원) 보다 낮아 미실현 손실 상태이나, 기술적 돌파 신호를 기다리기보다 하락장을 기회로 보고 보유 현금의 최대 한도 (16주) 까지 매수하여 평균 단가를 낮추고 반등 시 수익 실현을 노림.",1,llm_first_response,not_one_share
RN_COMM_OFF,2026-03-05,7,am,A031,ltb_A031_t006,stb_A031_t007,analysis_A031_t007,decision_A031_t007,,,2026-03-05,2026-03-04,2026-03-04,15:30,2026-03-05,08:59,2026-03-05,pre_close_cutoff,005930,buy,12,"초고수들의 순매수와 S26 호조 등 내재가치 기반의 낙관적 신호가 존재하나, 노사 갈등과 지정학적 리스크로 인한 불확실성이 공존하는 혼조 장세입니다. 전일 급락 후 반등한 현재 가격 (195,000 원) 은 내재가치 대비 적정 수준으로 판단되나, 추가 상승 동력이 불분명하여 추격 매수보다는 초고수들의 매수 행보를 따라 방어적 관점에서 제한적으로 매수하여 평균 단가를 낮추고 현금 비중을 조절하고자 합니다.",1,llm_first_response,not_one_share
RN_COMM_OFF,2026-03-05,7,am,A032,ltb_A032_t006,stb_A032_t007,analysis_A032_t007,decision_A032_t007,,,2026-03-05,2026-03-04,2026-03-04,15:30,2026-03-05,08:59,2026-03-05,pre_close_cutoff,005930,buy,52,"초고수들의 집중 매수세와 갤럭시 S26 사전예약 호재가 하방 경직성을 시사하며, 현재가 (195,000원) 가 5일 이동평균선 하단에 있어 기술적 매수 기회로 판단됩니다. 페르소나의 성향인 '손실 시 추가 매수'와 '안정적 자산 선호'에 따라, 노사 갈등과 지정학적 리스크라는 불확실성에도 불구하고 초고수들의 신호를 신뢰하여 보유 현금의 최대 한도 (52주) 까지 매수하여 평균 단가를 낮추고 포트폴리오를 재편성합니다.",1,llm_first_response,not_one_share
RN_COMM_OFF,2026-03-05,7,am,A034,ltb_A034_t006,stb_A034_t007,analysis_A034_t007,decision_A034_t007,,,2026-03-05,2026-03-04,2026-03-04,15:30,2026-03-05,08:59,2026-03-05,pre_close_cutoff,005930,buy,30,"초고수들의 순매수 신호와 S26 사전예약 등 긍정적 심리가 하방을 지지하고 있으나, 노사 협상 결렬과 지정학적 리스크로 인해 단기 방향성은 불확실합니다. 현재 미실현 손실이 존재하여 추가 매수를 통해 평균 단가를 낮추는 전략을 취하되, 불확실성이 높은 시점이므로 현금의 50% 제한 내에서 제한적인 수량(30주) 으로만 매수하여 리스크를 관리합니다.",1,llm_first_response,not_one_share
RN_COMM_OFF,2026-03-05,7,am,A035,ltb_A035_t006,stb_A035_t007,analysis_A035_t007,decision_A035_t007,,,2026-03-05,2026-03-04,2026-03-04,15:30,2026-03-05,08:59,2026-03-05,pre_close_cutoff,005930,buy,150,"전일 대비 13% 급등했으나 20 일 이동평균선(180,180 원) 을 상회하며 지지력을 확보했고, '저가 매수' 및 '7 만원 매수' 등 하방 경계선 형성 뉴스와 초고수 매수 심리가 확인됨. 지정학적 리스크로 인한 공포 매도 이후 핵심 자산에 대한 신뢰가 유지되고 있어, 기술적 신호와 밸류에이션 매력도를 근거로 진입을 결정함.",1,llm_first_response,not_one_share
RN_COMM_OFF,2026-03-05,7,am,A036,ltb_A036_t006,stb_A036_t007,analysis_A036_t007,decision_A036_t007,,,2026-03-05,2026-03-04,2026-03-04,15:30,2026-03-05,08:59,2026-03-05,pre_close_cutoff,005930,buy,7,"중동 지정학적 리스크와 노사 협상 결렬 악재에도 불구하고 전일 대비 13% 급등하며 저가 매수세가 유입된 점은 시장의 낙관적 심리가 우세함을 시사합니다. 내재가치 대비 저평가 구간 (21만원 목표) 에 위치해 있으며, 보유 현금 여력이 충분하여 평균 단가 (206,757원) 를 낮추는 전략이 유효합니다. 과거 손실 시 이성적 손절, 수익 시 장기 보유하는 성향과 안정적 자산 선호 특성에 부합하는 저가 매수 기회로 판단합니다.",1,llm_first_response,not_one_share
RN_COMM_OFF,2026-03-05,7,am,A038,ltb_A038_t006,stb_A038_t007,analysis_A038_t007,decision_A038_t007,,,2026-03-05,2026-03-04,2026-03-04,15:30,2026-03-05,08:59,2026-03-05,pre_close_cutoff,005930,buy,100,"지정학적 리스크로 인한 시장 급락에도 불구하고 '삼전·하닉 저가 매수' 뉴스와 초고수들의 매수 신호가 하방 지지력을 형성하고 있어, 현재 195,000 원은 저가 매수 기회로 판단됨. 페르소나의 '손실 시 추가 매수' 전략과 일치하며, 보유 현금 여력이 충분하여 미실현 손실을 줄이고 평균 단가를 낮추기 위해 매수 실행.",1,llm_first_response,not_one_share
RN_COMM_OFF,2026-03-05,7,am,A039,ltb_A039_t006,stb_A039_t007,analysis_A039_t007,decision_A039_t007,,,2026-03-05,2026-03-04,2026-03-04,15:30,2026-03-05,08:59,2026-03-05,pre_close_cutoff,005930,buy,2310,"중동 지정학적 리스크로 시장이 공포에 휩싸였으나, 삼성전자는 전일 대비 13.2% 급등하며 하방 경직성을 보이고 있습니다. 노사협상 결렬 등 악재에도 불구하고 '저가 매수 세력'과 '초고수 매수' 신호가 확인되어, 고위험 고수익 기회를 선호하는 저의 전략에 부합하는 역주행 매수 기회로 판단됩니다. 현재 현금 비중이 높고 분산투자 성향이 낮아, 최대 허용 범위 내에서 집중 매수하여 기회 포착을 시도합니다.",1,llm_first_response,not_one_share
RN_COMM_OFF,2026-03-05,7,am,A040,ltb_A040_t006,stb_A040_t007,analysis_A040_t007,decision_A040_t007,,,2026-03-05,2026-03-04,2026-03-04,15:30,2026-03-05,08:59,2026-03-05,pre_close_cutoff,005930,buy,56,"초고수들의 순매수 신호와 AI 메모리 수요 등 업황 강세로 하방 경직성이 확인되었으나, 5 일 이동평균선 하단 유지로 단기 하락 압력이 존재합니다. 현재 미실현 손실 상태이므로 고위험 선호 성향을 반영하여, 현금 여력을 활용해 평균 단가를 낮추기 위해 최대 매수 가능 수량인 56 주를 전량 매수합니다.",1,llm_first_response,not_one_share
RN_COMM_OFF,2026-03-05,7,am,A042,ltb_A042_t006,stb_A042_t007,analysis_A042_t007,decision_A042_t007,,,2026-03-05,2026-03-04,2026-03-04,15:30,2026-03-05,08:59,2026-03-05,pre_close_cutoff,005930,buy,91,"초고수들의 순매수세와 S26 사전예약 호응이 하방 경직성을 형성하고 있어, 현재가 (195,000원) 가 20일 이동평균 (180,180원) 보다 높은 중기 지지선 위에 위치함을 확인했습니다. 과거 손실 경험 (-11.7%, -6.5%) 을 교훈으로 삼아, 고위험 고수익 선호 성향과 분산투자 원칙에 따라 손실 시 추가 매수 (averaging down) 전략을 실행합니다. 노사 갈등과 지정학적 리스크 등 악재가 공존하나, 기술적 지표상 20일선 부근에서의 반등 모멘텀을 포착하기 위해 보유 현금의 최대 한도 (50%) 를 활용하여 전량 매수합니다.",1,llm_first_response,not_one_share
RN_COMM_OFF,2026-03-05,7,am,A037,ltb_A037_t006,stb_A037_t007,analysis_A037_t007,decision_A037_t007,,,2026-03-05,2026-03-04,2026-03-04,15:30,2026-03-05,08:59,2026-03-05,pre_close_cutoff,005930,buy,100,"초고수들의 매수세와 반도체 업황 개선 기대감 (AI 수요, 메모리 가격 상승) 이 주가를 지지하고 있어 하방 경직성을 확인했습니다. 전일 급락으로 인한 저평가 구간에서 20 일 이동평균선 (180,180 원) 을 상회하며 반등이 시작되었으나, 전일 매수 신호 실패 이력과 노사 갈등, 전쟁 리스크 등 불확실성이 상존하므로 전량 매수보다는 제한적인 수량 (약 20% 비중) 으로 진입하여 추격 매수 리스크를 관리합니다.",1,llm_first_response,not_one_share
RN_COMM_OFF,2026-03-05,7,am,A043,ltb_A043_t006,stb_A043_t007,analysis_A043_t007,decision_A043_t007,,,2026-03-05,2026-03-04,2026-03-04,15:30,2026-03-05,08:59,2026-03-05,pre_close_cutoff,005930,buy,1000,"초고수들의 집중 매수와 SK하이닉스 CEO의 긍정적 언급 등 호재가 우세하며, 전일 종가 대비 급락으로 밸류에이션이 매력적으로 조정되었습니다. 기술적 지표상 20 일 이동평균선 (180,180 원) 을 상회하며 중기 지지선을 회복하려는 시도가 확인되고, 거래량 증가로 매수 세력 유입이 감지됩니다. 고위험 고수익 기회를 선호하는 투자 성향과 분산투자 원칙에 따라, 노사 갈등과 지정학적 리스크라는 악재가 존재하지만 초고수들의 매수세가 선행 신호로 작용할 것으로 판단하여 진입합니다.",1,llm_first_response,not_one_share
RN_COMM_OFF,2026-03-05,7,am,A041,ltb_A041_t006,stb_A041_t007,analysis_A041_t007,decision_A041_t007,,,2026-03-05,2026-03-04,2026-03-04,15:30,2026-03-05,08:59,2026-03-05,pre_close_cutoff,005930,buy,116,"초고수들의 순매수세와 메모리 업황 개선 기대감으로 단기 상승 모멘텀이 우세하나, 전일 급락 (-11.7%) 이후의 심리적 충격과 중동 지정학적 리스크가 공존하여 방향성은 혼조됨. 과거 연속 손실 (-9.12%) 로 인한 처분효과에 따른 조기 매도 패턴을 반복하지 않기 위해, 기술적 지표 (5 일선 하단, 20 일선 상회) 와 밸류에이션 매력도를 고려해 제한적으로 진입.",1,llm_first_response,not_one_share
RN_COMM_OFF,2026-03-05,7,am,A044,ltb_A044_t006,stb_A044_t007,analysis_A044_t007,decision_A044_t007,,,2026-03-05,2026-03-04,2026-03-04,15:30,2026-03-05,08:59,2026-03-05,pre_close_cutoff,005930,buy,100,"초고수들의 순매수 신호와 S26 사전예약 호재 등 상승 모멘텀이 존재하나, 노사 갈등과 지정학적 리스크로 인한 단기 변동성 확대 우려가 있어 공격적 매수는 자제합니다. 현재 보유 현금의 약 50% 한도 내에서 100주 (약 1,950 만 원) 를 제한적으로 매수하여 초고수들의 매수세 추종과 기술적 지지선 (20 일선) 부근에서의 재진입 기회를 노립니다.",1,llm_first_response,not_one_share
RN_COMM_OFF,2026-03-05,7,am,A047,ltb_A047_t006,stb_A047_t007,analysis_A047_t007,decision_A047_t007,,,2026-03-05,2026-03-04,2026-03-04,15:30,2026-03-05,08:59,2026-03-05,pre_close_cutoff,005930,buy,100,"노사 갈등과 지정학적 리스크로 인한 단기적 하락 압력이 있으나, 시가 195,000원은 전일 대비 급등하며 저가 매수 세력의 등장과 업계 수장들의 호평 등 하방 경직성 신호가 확인됨. 20일 이동평균선(180,180원) 상회로 중기적 지지선이 확보되었고, 현재가 172,200원 대비 수익 구간 진입으로 밸류에이션 매력도가 높다고 판단하여, 현금 여력의 50% 이내에서 분산 투자 원칙에 따라 추가 매수합니다.",1,llm_first_response,not_one_share
RN_COMM_OFF,2026-03-05,7,am,A045,ltb_A045_t006,stb_A045_t007,analysis_A045_t007,decision_A045_t007,,,2026-03-05,2026-03-04,2026-03-04,15:30,2026-03-05,08:59,2026-03-05,pre_close_cutoff,005930,buy,60,"초고수들의 매집 신호와 S26 사전예약 호조로 인한 상승 모멘텀이 기술적 돌파 신호로 작용할 것으로 판단하여 저가 매수 전략을 실행합니다. 현재 보유 주식은 평균 단가 대비 미실현 손실 상태이나, 현금 비중 (약 50%) 을 유지하며 분할 매수를 통해 평균 단가를 낮추고 손실 축소 및 수익 전환을 노립니다. 고변동성 환경에서 전량 매수 시 리스크가 크므로, 최대 가능 수량 (120 주) 의 절반인 60 주를 매수하여 포트폴리오 집중도를 조절합니다.",1,llm_first_response,not_one_share
RN_COMM_OFF,2026-03-05,7,am,A048,ltb_A048_t006,stb_A048_t007,analysis_A048_t007,decision_A048_t007,,,2026-03-05,2026-03-04,2026-03-04,15:30,2026-03-05,08:59,2026-03-05,pre_close_cutoff,005930,buy,50,"전일 급락 후 시가 기준 13.2% 반등하며 기술적 지지선 (20일 이동평균) 근접 및 거래량 증가로 매수 세력 유입이 감지됨. 이전 LTB와 STB 모두 하방 경직성과 저가 매수 기회를 강조하며, 현재 현금 비중 (44%) 과 보유 주식의 미실현 손실을 상쇄하기 위해 제한적으로 추가 매수하여 평균 단가를 낮추고 방어적 포지션을 강화함.",1,llm_first_response,not_one_share
RN_COMM_OFF,2026-03-05,7,am,A049,ltb_A049_t006,stb_A049_t007,analysis_A049_t007,decision_A049_t007,,,2026-03-05,2026-03-04,2026-03-04,15:30,2026-03-05,08:59,2026-03-05,pre_close_cutoff,005930,buy,30,"초고수들의 순매수세와 S26 사전예약 호재로 기술적 반등 신호가 포착되었으나, 노사 갈등과 지정학적 리스크로 변동성이 크므로, 보유 현금의 절반 미만인 30 주를 매수하여 평균 단가를 낮추고 방어적 매수 전략을 취합니다.",1,llm_first_response,not_one_share
RN_COMM_OFF,2026-03-05,7,am,A050,ltb_A050_t006,stb_A050_t007,analysis_A050_t007,decision_A050_t007,,,2026-03-05,2026-03-04,2026-03-04,15:30,2026-03-05,08:59,2026-03-05,pre_close_cutoff,005930,sell,338,"노사협상 결렬이라는 명확한 악재와 지정학적 리스크로 인한 추가 하락 가능성이 높으며, 기술적 지표상 5 일선 하단에서 거래량이 급증해 추세 반전 신호가 불분명합니다. 고위험 고수익 성향이지만, 현재 미실현 손실 구간에서 추가 손실을 확대하기보다는 손절 원칙에 따라 전량 매도하여 현금화하고 리스크를 차단하는 것이 타당합니다.",1,llm_first_response,not_one_share
RN_COMM_OFF,2026-03-05,7,am,A046,ltb_A046_t006,stb_A046_t007,analysis_A046_t007,decision_A046_t007,,,2026-03-05,2026-03-04,2026-03-04,15:30,2026-03-05,08:59,2026-03-05,pre_close_cutoff,005930,buy,50,"초고수들의 순매수세와 반도체 업황 호조 기대감으로 20일 이동평균선(180,180원) 상단에서 지지받고 있어 저평가 구간으로 판단됩니다. 이전 두 차례 매수 실패 경험으로 인해 신중해야 하지만, 기술적 지지선 확인과 밸류에이션 매력도를 근거로 제한적으로 매수하여 평균 단가를 하향 조정하고 반등 모멘텀을 포착하고자 합니다.",1,llm_first_response,not_one_share
RN_COMM_OFF,2026-03-05,7,am,A052,ltb_A052_t006,stb_A052_t007,analysis_A052_t007,decision_A052_t007,,,2026-03-05,2026-03-04,2026-03-04,15:30,2026-03-05,08:59,2026-03-05,pre_close_cutoff,005930,buy,400,"이전 LTB와 현재 STB 모두에서 '저가 매수 세력'과 '역발상 매수 기회'가 공존함을 시사하며, 현재가 (195,000원) 가 20 일 이동평균선 (180,180원) 상단에서 지지하고 있어 하방 경직성이 확인됩니다. 5 일선 하단 유지 등 단기 하락 추세는 있으나, 노사 협상 결렬 등 악재가 이미 일부 반영되었고 초고수들의 매집 신호가 지속되므로, 현금 비중이 높은 포트폴리오 특성을 활용해 기술적 지지선 확인 시점인 현재 제한적으로 매수하여 평균 단가를 낮추고 방어적 포지션을 강화합니다.",1,llm_first_response,not_one_share
RN_COMM_OFF,2026-03-05,7,am,A051,ltb_A051_t006,stb_A051_t007,analysis_A051_t007,decision_A051_t007,,,2026-03-05,2026-03-04,2026-03-04,15:30,2026-03-05,08:59,2026-03-05,pre_close_cutoff,005930,buy,100,"중동 지정학적 리스크로 인한 시장 공포 분위기가 지배적이지만, '삼전·하닉 저가 매수' 및 '침착맨의 7만원 매수' 등 초고수들의 매수 신호와 20일 이동평균선(180,180원) 상회 등 기술적 하방 지지 요인이 확인됨. 현재 195,000원 수준은 저평가 구간으로 판단되며, 보유 현금의 약 50% 한도 내에서 분산 매수 전략을 통해 평균 매수 단가를 낮추고 장기적 반등 기회를 포착하고자 함.",1,llm_first_response,not_one_share
RN_COMM_OFF,2026-03-05,7,am,A053,ltb_A053_t006,stb_A053_t007,analysis_A053_t007,decision_A053_t007,,,2026-03-05,2026-03-04,2026-03-04,15:30,2026-03-05,08:59,2026-03-05,pre_close_cutoff,005930,buy,17,"지정학적 리스크와 노사 협상 결렬 등 악재에도 불구하고 초고수들의 매수 신호와 경쟁사 CEO 호평이 하방 경계를 시사하며, 현재가 (195,000원) 가 20일 이동평균선 (180,180원) 을 상회하는 등 저평가 구간으로 판단됩니다. 과거 두 차례 연속 손실 (-11.7%, -6.5%) 경험을 바탕으로 진입 타이밍에 신중했으나, 현재 포트폴리오의 미실현 손실을 줄이고 평균 매수 단가를 낮추기 위해 보유 현금의 최대 허용 범위 (50%) 내에서 전량 매수합니다.",1,llm_first_response,not_one_share
RN_COMM_OFF,2026-03-05,7,am,A055,ltb_A055_t006,stb_A055_t007,analysis_A055_t007,decision_A055_t007,,,2026-03-05,2026-03-04,2026-03-04,15:30,2026-03-05,08:59,2026-03-05,pre_close_cutoff,005930,buy,100,"초고수들의 매수세와 SK하이닉스 CEO의 칭찬 등 긍정적 신호가 있으나, 지정학적 리스크와 노사 갈등 등 악재가 공존하여 방향성이 불분명합니다. 과거 성과가 낮아 심리적 부담이 크지만, 20 일 이동평균선 지지와 밸류에이션 매력도를 고려해 초고수들의 매수 신호를 신뢰하고 제한적으로 추가 매수합니다. 단, 수익 발생 시 빠른 매도 원칙을 유지합니다.",1,llm_first_response,not_one_share
RN_COMM_OFF,2026-03-05,7,am,A054,ltb_A054_t006,stb_A054_t007,analysis_A054_t007,decision_A054_t007,,,2026-03-05,2026-03-04,2026-03-04,15:30,2026-03-05,08:59,2026-03-05,pre_close_cutoff,005930,sell,200,"초고수들의 매수세와 S26 호응 등 긍정적 신호가 있으나, 노사협상 결렬과 중동 지정학적 리스크로 인한 단기 불확실성이 극심합니다. 현재가 (195,000원) 가 5일 이동평균선 (201,060원) 하단에 위치하여 단기 하락 추세에 있으며, 과거 매수 타이밍 실패 경험으로 인해 추가 조정 시 손실 확대 위험이 큽니다. 안정적이고 검증된 자산을 선호하는 성향과 손실 시 이성적으로 손절하는 원칙에 따라, 불확실성이 높은 시점에 보유 주식을 전량 매도하여 현금화합니다.",1,llm_first_response,not_one_share
RN_COMM_OFF,2026-03-05,7,am,A056,ltb_A056_t006,stb_A056_t007,analysis_A056_t007,decision_A056_t007,,,2026-03-05,2026-03-04,2026-03-04,15:30,2026-03-05,08:59,2026-03-05,pre_close_cutoff,005930,sell,100,"노사 협상 결렬과 지정학적 리스크로 인한 단기 주가 하락 압력이 지속될 것으로 판단되며, 현재 미실현 손실 상태 (-16.7%) 에서 추가 매수 시 현금 부족으로 대응 여력이 제한됨. 따라서 손실 확대를 방지하기 위해 수익이 나지 않더라도 일부 매도하여 현금 비중을 확보하고 리스크를 줄이는 것이 적절함.",1,llm_first_response,not_one_share
RN_COMM_OFF,2026-03-05,7,am,A057,ltb_A057_t006,stb_A057_t007,analysis_A057_t007,decision_A057_t007,,,2026-03-05,2026-03-04,2026-03-04,15:30,2026-03-05,08:59,2026-03-05,pre_close_cutoff,005930,sell,100,"현재가 (195,000원) 가 5일 이동평균선 (201,060원) 하단에 위치하여 단기 저항이 명확하며, 지정학적 리스크와 노사 갈등 등 부정적 요인이 우세한 상황입니다. 초고수들의 매수세는 존재하나 기술적 돌파 신호가 확인되지 않았고, 현재 보유 주식의 미실현 손익이 확대되어 있어 추가 하락 시 방어적 매도 (손절) 를 통해 현금 유동성을 확보하고 리스크를 제한하는 것이 타당합니다.",1,llm_first_response,not_one_share
RN_COMM_OFF,2026-03-05,7,am,A058,ltb_A058_t006,stb_A058_t007,analysis_A058_t007,decision_A058_t007,,,2026-03-05,2026-03-04,2026-03-04,15:30,2026-03-05,08:59,2026-03-05,pre_close_cutoff,005930,buy,47,"초고수들의 순매수세와 S26 사전예약 호조로 인한 단기 상승 모멘텀이 강하게 작용하고 있으며, 전일 급락에 따른 과매도 구간 회복 가능성이 있습니다. 현재 보유 주식의 평균 단가보다 낮은 가격에서 매수하여 미실현 손익을 축소하고, 고위험 고수익 기회를 선호하는 투자 성향에 따라 초고수들의 매수 신호를 기회로 삼아 전량 매수합니다.",1,llm_first_response,not_one_share
RN_COMM_OFF,2026-03-05,7,am,A060,ltb_A060_t006,stb_A060_t007,analysis_A060_t007,decision_A060_t007,,,2026-03-05,2026-03-04,2026-03-04,15:30,2026-03-05,08:59,2026-03-05,pre_close_cutoff,005930,buy,100,"전일 손절 후 기술적 반등이 MA20 상회로 이어져 밸류에이션이 매력적 구간으로 진입했으나, 지정학적 리스크와 노사 갈등 등 하방 압력이 상존하여 신중한 접근이 필요함. 초고수들의 매수세와 S26 사전예약 호재는 긍정적 신호이나, 전일 2 회 매수 실패 경험으로 인한 심리적 부담을 고려하여 최대 가능 수량의 약 47% 수준인 100 주를 제한적으로 매수하여 분산 투자 원칙을 준수하고 방어 태세를 유지함.",1,llm_first_response,not_one_share
RN_COMM_OFF,2026-03-05,7,am,A062,ltb_A062_t006,stb_A062_t007,analysis_A062_t007,decision_A062_t007,,,2026-03-05,2026-03-04,2026-03-04,15:30,2026-03-05,08:59,2026-03-05,pre_close_cutoff,005930,sell,100,"5일 이동평균선 하단에서 거래가 지속되며 노사 협상 결렬 등 구조적 악재가 해소되지 않아 단기 하락 추세가 명확합니다. 기술적 돌파 신호가 확인되지 않은 상태에서 추가 매수는 위험하며, 미실현 손익을 일부 실현하여 현금 비중을 높이고 포트폴리오 안정성을 확보하는 것이 적절합니다.",1,llm_first_response,not_one_share
RN_COMM_OFF,2026-03-05,7,am,A059,ltb_A059_t006,stb_A059_t007,analysis_A059_t007,decision_A059_t007,,,2026-03-05,2026-03-04,2026-03-04,15:30,2026-03-05,08:59,2026-03-05,pre_close_cutoff,005930,sell,300,"현재가 195,000원은 5일 이동평균선 하단에서 거래량이 급증하며 단기 조정 신호가 강합니다. 노사 갈등 불확실성과 중동 리스크로 인한 변동성 확대가 지속될 것으로 판단되며, 특히 과거 손실 경험으로 인해 추가 매수 시 감정적 판단 오류 (처분효과) 가 발생할 위험이 큽니다. 따라서 기술적 지지선 이탈 전에 보유 물량을 전량 매도하여 손실을 확정 짓고 현금화하는 것이 리스크 관리에 유리합니다.",1,llm_first_response,not_one_share
RN_COMM_OFF,2026-03-05,7,am,A061,ltb_A061_t006,stb_A061_t007,analysis_A061_t007,decision_A061_t007,,,2026-03-05,2026-03-04,2026-03-04,15:30,2026-03-05,08:59,2026-03-05,pre_close_cutoff,005930,sell,100,"노사 협상 결렬과 중동 지정학적 리스크로 인한 단기 변동성 확대 우려가 지속되고 있으며, 현재 주가 (195,000원) 가 급등한 상태 (전일 대비 13.24%) 로 기술적 저항선 (MA5: 201,060원) 부근에서 매도 압력이 발생할 가능성이 높습니다. 초고수들의 매수 신호가 있더라도, 과거 진입 타이밍 실패 경험을 교훈으로 삼아 감정적 손절보다는 이성적으로 손실을 확정하고 현금화하여 리스크를 관리하는 것이 적절하다고 판단합니다.",1,llm_first_response,not_one_share
RN_COMM_OFF,2026-03-05,7,am,A063,ltb_A063_t006,stb_A063_t007,analysis_A063_t007,decision_A063_t007,,,2026-03-05,2026-03-04,2026-03-04,15:30,2026-03-05,08:59,2026-03-05,pre_close_cutoff,005930,buy,1000,"중동 지정학적 리스크로 인한 시장 공포 분위기가 지배적이지만, '삼전·하닉 저가 매수' 뉴스와 전문가의 7 만원 매수 의견이 하방 지지력을 시사합니다. 현재가 195,000 원은 MA20(180,180 원) 을 상회하며 중기적 지지력이 확보된 구간으로 판단됩니다. 과거 타이밍 실패 경험을 고려하여 급락 시 매수 기회를 노리되, 분산투자 원칙과 현금 비중 유지를 위해 최대 가능 수량의 약 50% 수준인 1,000 주를 매수합니다.",1,llm_first_response,not_one_share
RN_COMM_OFF,2026-03-05,7,am,A064,ltb_A064_t006,stb_A064_t007,analysis_A064_t007,decision_A064_t007,,,2026-03-05,2026-03-04,2026-03-04,15:30,2026-03-05,08:59,2026-03-05,pre_close_cutoff,005930,buy,25,"초고수들의 매집과 경쟁사 CEO 의 기술적 우위 인정 발언은 저평가 구간 진입을 강력히 시사하며, AI 메모리 리더십이라는 구조적 성장 동력은 유효합니다. 현재 주가는 내재가치 대비 매력적인 진입 구간으로 판단되어, 미실현 손실 상태인 보유 물량을 추가 매수하여 평균 단가를 낮추는 전략을 실행합니다.",1,llm_first_response,not_one_share
RN_COMM_OFF,2026-03-05,7,am,A065,ltb_A065_t006,stb_A065_t007,analysis_A065_t007,decision_A065_t007,,,2026-03-05,2026-03-04,2026-03-04,15:30,2026-03-05,08:59,2026-03-05,pre_close_cutoff,005930,buy,10,"초고수들의 매수세와 경쟁사 CEO의 칭찬 등 호재로 20 일 이동평균선 (180,180 원) 을 상회하며 하방 경직성이 확인되었으나, 5 일 이동평균선 (201,060 원) 부근의 기술적 저항과 노사 갈등 등 악재로 인해 단기 변동성이 예상됩니다. 현재 평균 단가 (201,427 원) 를 낮추기 위해 제한적으로 매수하여 분산 매수 전략을 수행합니다.",1,llm_first_response,not_one_share
RN_COMM_OFF,2026-03-05,7,am,A066,ltb_A066_t006,stb_A066_t007,analysis_A066_t007,decision_A066_t007,,,2026-03-05,2026-03-04,2026-03-04,15:30,2026-03-05,08:59,2026-03-05,pre_close_cutoff,005930,buy,58,"초고수들의 순매수세와 경쟁사 CEO의 기술적 우위 인정 등 내재가치를 뒷받침하는 강력한 긍정 신호가 존재하며, AI 반도체 수퍼사이클 기대감이 구조적 성장 모멘텀을 유지하고 있습니다. 현재가 195,000원은 전일 대비 급등했으나, 노사 갈등과 지정학적 리스크 등 악재에도 불구하고 매수세가 강하게 작용한 점은 하방 경계선이 확인되었음을 시사합니다. 과거 타이밍 실수를 교훈으로 삼아, 보유 현금의 최대 허용 범위 내에서 전량 매수하여 평균 매수 단가를 낮추고 장기적 우상향 관점에서 포지션을 강화합니다.",1,llm_first_response,not_one_share
RN_COMM_OFF,2026-03-05,7,am,A069,ltb_A069_t006,stb_A069_t007,analysis_A069_t007,decision_A069_t007,,,2026-03-05,2026-03-04,2026-03-04,15:30,2026-03-05,08:59,2026-03-05,pre_close_cutoff,005930,buy,6,"노사 갈등과 지정학적 리스크로 인한 단기 악재가 주가를 하방으로 압박하고 있으나, 전문가들의 7만원 매수 관측과 초고수들의 매집 신호가 내재가치 대비 저평가 구간임을 시사합니다. 현재 보유 주식의 평균 단가 (208,271원) 대비 현재가 (195,000원) 가 낮아 미실현 손실이 발생했으나, 고위험 고수익 선호 성향과 가치투자 관점에서 지정학적 공포가 일시적이라는 판단 하에, 현금 여력을 활용하여 평균 매수 단가를 낮추고 저가 매수 기회를 포착하기 위해 최대 매수 가능 수량인 6주를 매수합니다.",1,llm_first_response,not_one_share
RN_COMM_OFF,2026-03-05,7,am,A068,ltb_A068_t006,stb_A068_t007,analysis_A068_t007,decision_A068_t007,,,2026-03-05,2026-03-04,2026-03-04,15:30,2026-03-05,08:59,2026-03-05,pre_close_cutoff,005930,buy,100,"초고수들의 순매수와 S26 사전예약 호조가 상승 모멘텀을 주도하고 있어 약한 상승 기대감을 유지합니다. 현재가 (19 만 5 천원) 가 5 일 이동평균선 (20 만 1 천 6 백원) 하단에 있으나, 전일 급락 후 반등 시점에 초고수들의 매수세가 확인되어 기술적 지지 가능성을 염두에 둡니다. 현재 미실현 손실 상태이나 평균 단가 (19 만 7 천 94 원) 에 근접하여 추가 하락 시 평균 단가 하향 심화를 방지하기 위해 제한적으로 추가 매수합니다.",1,llm_first_response,not_one_share
RN_COMM_OFF,2026-03-05,7,am,A072,ltb_A072_t006,stb_A072_t007,analysis_A072_t007,decision_A072_t007,,,2026-03-05,2026-03-04,2026-03-04,15:30,2026-03-05,08:59,2026-03-05,pre_close_cutoff,005930,sell,100,"노사 갈등과 지정학적 리스크로 인한 단기 변동성 확대 우려가 지속되고 있으며, 전일 종가 대비 하락세로 상승 모멘텀이 약화되었습니다. 현재 미실현 손실 상태이나, 고위험 고수익 선호 성향과 손절 원칙에 따라 불확실성이 높은 구간에서 일부 포지션을 축소하여 리스크를 관리하고 현금 유동성을 확보하는 것이 적절하다고 판단합니다.",1,llm_first_response,not_one_share
RN_COMM_OFF,2026-03-05,7,am,A071,ltb_A071_t006,stb_A071_t007,analysis_A071_t007,decision_A071_t007,,,2026-03-05,2026-03-04,2026-03-04,15:30,2026-03-05,08:59,2026-03-05,pre_close_cutoff,005930,buy,300,"초고수들의 매수세와 S26 사전예약 호재, 경쟁사 CEO의 인정 등 기업 본질적 가치와 저평가 신호가 강하게 작용하고 있으나, 노사협상 결렬과 지정학적 리스크로 인한 단기 변동성 우려가 공존합니다. 최근 2 회 매수 진입 타이밍이 빨랐던 경험을 고려하여, 전체 현금 여력의 25% 수준인 300 주 (약 5,160 만 원) 로 제한적으로 매수하여 평균 단가를 낮추고 리스크를 분산합니다.",1,llm_first_response,not_one_share
RN_COMM_OFF,2026-03-05,7,am,A070,ltb_A070_t006,stb_A070_t007,analysis_A070_t007,decision_A070_t007,,,2026-03-05,2026-03-04,2026-03-04,15:30,2026-03-05,08:59,2026-03-05,pre_close_cutoff,005930,buy,100,"지정학적 악재로 인한 급락장에서도 20일 이동평균선(180,180원)을 견고히 지키며 반등하고 있어 우량주 매수 세력의 존재를 확인함. 고위험 고수익 선호 성향에 따라 단기 과매도 반등 기회를 포착하기 위해, 정보 부족(헤드라인 스캔) 리스크를 감수하고도 기술적 지지선 상회 시 매수 기회를 선점함. 현재 195,000원은 전문가가 제시한 70,000원 매수 구간 대비 높으나, 201,060원 저항선 부근에서의 차익 실현 매물 출회 전 방어적 매수 세력 유입을 기대함.",1,llm_first_response,not_one_share
RN_COMM_OFF,2026-03-05,7,am,A067,ltb_A067_t006,stb_A067_t007,analysis_A067_t007,decision_A067_t007,,,2026-03-05,2026-03-04,2026-03-04,15:30,2026-03-05,08:59,2026-03-05,pre_close_cutoff,005930,sell,90,"현재가 (172,200 원) 가 5 일 이동평균선 (201,060 원) 을 하회하며 단기 하락 추세에 있고, 노사 갈등 불확실성과 지정학적 리스크로 인한 추가 조정 가능성이 높습니다. 미실현 손실이 발생해 방어적 관점에서 손실 폭을 제한하기 위해 보유 물량의 절반을 매도하여 현금 비중을 높이고 리스크를 줄입니다.",1,llm_first_response,not_one_share
RN_COMM_OFF,2026-03-05,7,am,A073,ltb_A073_t006,stb_A073_t007,analysis_A073_t007,decision_A073_t007,,,2026-03-05,2026-03-04,2026-03-04,15:30,2026-03-05,08:59,2026-03-05,pre_close_cutoff,005930,buy,100,"전일 급락 후 시가에서 13% 이상 반등하며 '저가 매수' 심리와 초고수 매수 관측이 하방 경직성을 형성하고 있으나, 5 일 이동평균선 이탈로 단기 추세가 약세인 점을 고려하여 분산투자 성향과 위험 자산 선호 특성을 반영해 보유 수량 대비 동수량 (100 주) 을 추가 매수하여 평균 단가를 낮추고 방어적 지평을 확보합니다.",1,llm_first_response,not_one_share
RN_COMM_OFF,2026-03-05,7,am,A074,ltb_A074_t006,stb_A074_t007,analysis_A074_t007,decision_A074_t007,,,2026-03-05,2026-03-04,2026-03-04,15:30,2026-03-05,08:59,2026-03-05,pre_close_cutoff,005930,buy,65,"초고수들의 순매수세와 갤럭시 S26 사전예약 호응이 '낙폭 과다' 구간에서의 반등 신호로 작용하고 있으며, 20일 이동평균선(180,180원) 상단에서 중기 지지선을 유지하고 있어 고위험 고수익 기회를 선호하는 투자 성향에 부합하는 진입 타이밍으로 판단합니다. 현재 현금 여력이 충분하므로 최대 매수 한도인 65주를 매수하여 평균 단가를 낮추고 수익 전환 가능성을 높입니다.",1,llm_first_response,not_one_share
RN_COMM_OFF,2026-03-05,7,am,A076,ltb_A076_t006,stb_A076_t007,analysis_A076_t007,decision_A076_t007,,,2026-03-05,2026-03-04,2026-03-04,15:30,2026-03-05,08:59,2026-03-05,pre_close_cutoff,005930,buy,76,"초고수들의 강력한 순매수와 기술적 상승 모멘텀 (20일선 상회, 거래량 확대) 이 지정학적 악재를 상쇄하며 단기 상승 추세가 우세하다고 판단합니다. 고위험 고수익 성향과 분산투자 부족 우려로 인해 보유 현금 전량을 활용해 추격 매수하여 수익 기회를 포착하고자 합니다.",1,llm_first_response,not_one_share
RN_COMM_OFF,2026-03-05,7,am,A078,ltb_A078_t006,stb_A078_t007,analysis_A078_t007,decision_A078_t007,,,2026-03-05,2026-03-04,2026-03-04,15:30,2026-03-05,08:59,2026-03-05,pre_close_cutoff,005930,sell,100,"이전 2 차례 매수 (195,100 원, 184,200 원) 가 모두 손실로 종료된 이력이 있어 하락 흐름 과소평가 경향이 있음을 인정합니다. 현재 주가 (195,000 원) 는 5 일 이동평균선 (201,060 원) 부근의 기술적 저항 구간이며, 노사 협상 결렬과 지정학적 리스크 등 불확실성이 상존합니다. 안정적이고 검증된 자산을 선호하는 투자 성향과 손실 시 이성적으로 손절하는 원칙에 따라, 추가 하락 리스크를 차단하기 위해 보유 수량의 일부 (100 주) 를 매도하여 손실을 확정하고 현금 비중을 확보합니다.",1,llm_first_response,not_one_share
RN_COMM_OFF,2026-03-05,7,am,A080,ltb_A080_t006,stb_A080_t007,analysis_A080_t007,decision_A080_t007,,,2026-03-05,2026-03-04,2026-03-04,15:30,2026-03-05,08:59,2026-03-05,pre_close_cutoff,005930,sell,3500,"초고수들의 매수세와 산업적 성장성 등 장기적 가치 관점은 유효하나, 노사 협상 결렬 등 단기 악재와 지정학적 리스크로 인한 추가 하락 가능성이 높습니다. 현재 보유 주식은 평균 매수 단가 대비 미실현 손실 상태이며, 본인은 손실 시 이성적으로 손절하는 원칙을 따릅니다. 불확실성이 높은 혼조 국면에서 추가 손실 확대를 방지하기 위해 전량 매도하여 현금을 확보하는 것이 적절하다고 판단합니다.",1,llm_first_response,not_one_share
RN_COMM_OFF,2026-03-05,7,am,A075,ltb_A075_t006,stb_A075_t007,analysis_A075_t007,decision_A075_t007,,,2026-03-05,2026-03-04,2026-03-04,15:30,2026-03-05,08:59,2026-03-05,pre_close_cutoff,005930,buy,18,"초고수들의 역발상 매수와 경쟁사 CEO의 인정 등 내재가치에 대한 신뢰가 남아 있어, 현재 시가 195,000원은 장기적 관점에서 저가 매수 기회로 판단됩니다. 지정학적 악재와 노사 갈등 등 단기 리스크가 존재하나, AI 반도체 호황과 밸류에이션 매력도를 고려하여 현금의 50% 한도인 18주를 매수하여 평균 단가를 낮추고 포지션을 강화합니다.",1,llm_first_response,not_one_share
RN_COMM_OFF,2026-03-05,7,am,A079,ltb_A079_t006,stb_A079_t007,analysis_A079_t007,decision_A079_t007,,,2026-03-05,2026-03-04,2026-03-04,15:30,2026-03-05,08:59,2026-03-05,pre_close_cutoff,005930,sell,350,"현재 주가 (195,000 원) 가 평균 매수 단가 (197,435 원) 에 근접하여 미실현 손실을 최소화할 수 있는 기회이나, 노사협상 결렬과 지정학적 리스크 등 단기 악재가 상존하고 5 일 이동평균선 부근에서 기술적 저항이 예상됨. 또한 포트폴리오가 삼성전자 단일 종목에 과도하게 집중되어 있어, 손절 원칙에 따라 보유 물량을 전량 매도하고 현금 비중을 확보하여 리스크를 관리하는 것이 적절하다고 판단됨.",1,llm_first_response,not_one_share
RN_COMM_OFF,2026-03-05,7,am,A077,ltb_A077_t006,stb_A077_t007,analysis_A077_t007,decision_A077_t007,,,2026-03-05,2026-03-04,2026-03-04,15:30,2026-03-05,08:59,2026-03-05,pre_close_cutoff,005930,sell,100,"현재가 195,000원은 5일 이동평균선 아래로 내려와 단기 조정 신호이며, 노사 갈등과 지정학적 리스크로 인한 변동성 확대 우려가 지속되고 있습니다. 또한, 보유 주식의 평균 단가 대비 미실현 손실이 발생해 있어, 안정적 자산을 선호하는 성향과 손실 시 이성적 손절 원칙에 따라 급등 후 조정 국면에서 일부 매도하여 현금 비중을 확보하고 리스크를 줄이는 것이 타당합니다.",1,llm_first_response,not_one_share
RN_COMM_OFF,2026-03-05,7,am,A081,ltb_A081_t006,stb_A081_t007,analysis_A081_t007,decision_A081_t007,,,2026-03-05,2026-03-04,2026-03-04,15:30,2026-03-05,08:59,2026-03-05,pre_close_cutoff,005930,buy,100,"초고수들의 집중 매수세와 경쟁사 CEO의 인정을 통해 기업 본질적 가치가 유지되고 있음을 확인했습니다. 현재 주가는 내재가치 대비 저평가 구간으로 판단되며, 20일 이동평균선 상회로 중기적 지지력이 확보되었습니다. 노사 갈등과 지정학적 리스크가 존재하나, 가치투자 관점에서 단기 변동성을 견디며 내재가치 회복을 기대하는 매수 타이밍으로 판단됩니다.",1,llm_first_response,not_one_share
RN_COMM_OFF,2026-03-05,7,am,A083,ltb_A083_t006,stb_A083_t007,analysis_A083_t007,decision_A083_t007,,,2026-03-05,2026-03-04,2026-03-04,15:30,2026-03-05,08:59,2026-03-05,pre_close_cutoff,005930,buy,23,"초고수들의 매수 행보와 S26 사전예약 호재 등 하방 경직성 신호가 존재하나, 노사 협상 결렬과 지정학적 리스크로 인해 방향성이 불확실합니다. 과거 손실 경험과 특정 종목 집중 경향을 고려하여, 현금 여력의 절반 수준인 23 주 (약 4,485,000 원) 로 제한적으로 매수하여 평균 단가를 하향 조정하되, 추가 하락 시 방어선을 유지합니다.",1,llm_first_response,not_one_share
RN_COMM_OFF,2026-03-05,7,am,A085,ltb_A085_t006,stb_A085_t007,analysis_A085_t007,decision_A085_t007,,,2026-03-05,2026-03-04,2026-03-04,15:30,2026-03-05,08:59,2026-03-05,pre_close_cutoff,005930,sell,100,"노사 협상 결렬이라는 부정적 뉴스와 지정학적 리스크로 인해 단기 하방 압력이 존재하며, 현재 주가가 5일 이동평균선 하단에 위치해 기술적 흐름이 불확실합니다. 과거 손절 원칙에 따라 미실현 손실을 인정하고 리스크를 제한하기 위해 일부 매도합니다.",1,llm_first_response,not_one_share
RN_COMM_OFF,2026-03-05,7,am,A084,ltb_A084_t006,stb_A084_t007,analysis_A084_t007,decision_A084_t007,,,2026-03-05,2026-03-04,2026-03-04,15:30,2026-03-05,08:59,2026-03-05,pre_close_cutoff,005930,buy,100,"과도한 공포에 따른 급락 (-11.7%) 으로 밸류에이션이 매력적으로 조정되었으며, 기관의 저가 매수 신호와 하방 경직성 확인으로 내재가치 대비 매수 기회로 판단됨. 이전 손절 원칙이 성공적으로 작동한 점을 고려하여, 현재 현금 비중이 높으므로 제한적으로 진입하여 장기적 관점에서 저가 매수 전략을 실행함.",1,llm_first_response,not_one_share
RN_COMM_OFF,2026-03-05,7,am,A082,ltb_A082_t006,stb_A082_t007,analysis_A082_t007,decision_A082_t007,,,2026-03-05,2026-03-04,2026-03-04,15:30,2026-03-05,08:59,2026-03-05,pre_close_cutoff,005930,sell,1500,"현재가 172,200원은 5일 이동평균선(201,060원) 하단으로 하락하며 단기 하락 추세가 명확하다. 지정학적 리스크와 노사 갈등 소음으로 시장 심리가 위축되어 있고, 기술적 돌파 신호가 부재한 상태에서 추가 조정 가능성이 높다. 과거 매수 시점의 하락 경험으로 인해 심리적 과반응을 경계하며, 미실현 손실 -5,610 만 원이 발생했으나 안정적이고 검증된 자산을 선호하는 성향과 분산투자 원칙에 따라 현재 보유 물량을 전량 매도하여 현금화하고 리스크를 차단하는 것이 타당하다.",1,llm_first_response,not_one_share
RN_COMM_OFF,2026-03-05,7,am,A086,ltb_A086_t006,stb_A086_t007,analysis_A086_t007,decision_A086_t007,,,2026-03-05,2026-03-04,2026-03-04,15:30,2026-03-05,08:59,2026-03-05,pre_close_cutoff,005930,sell,100,"노사 갈등과 중동 지정학적 리스크로 인한 단기 불확실성이 극심하며, 기술적 지표 (5일선 하회) 와 과거 매수 실패 경험 (-11.7%, -6.5%) 을 고려할 때 추가 매수는 위험합니다. 현재 미실현 손실이 누적된 상태이므로, 제한적으로 지분을 매도하여 현금 비중을 확보하고 리스크를 줄이는 방어적 전략을 취합니다.",1,llm_first_response,not_one_share
RN_COMM_OFF,2026-03-05,7,am,A087,ltb_A087_t006,stb_A087_t007,analysis_A087_t007,decision_A087_t007,,,2026-03-05,2026-03-04,2026-03-04,15:30,2026-03-05,08:59,2026-03-05,pre_close_cutoff,005930,buy,1393,"초고수들의 순매수세와 S26 사전예약 호재, AI 반도체 수요 지속 등 하방 경직성 신호가 확인되나, 노사 갈등과 지정학적 리스크로 인한 변동성 우려가 존재합니다. 현재 포트폴리오의 현금 비중이 높고 미실현 손실이 발생해 있어, 기술적 지지선(172,200원) 부근에서 초고수들의 매수세를 따라 매수하여 평균 단가를 낮추고 손실 회피 심리를 극복하는 전략을 취합니다. 이전 손실 경험으로 인해 신중하게 접근하되, 관망이 불가능한 제약 조건 하에서 기회 포착을 위해 최대 매수 가능 수량을 활용합니다.",1,llm_first_response,not_one_share
RN_COMM_OFF,2026-03-05,7,am,A088,ltb_A088_t006,stb_A088_t007,analysis_A088_t007,decision_A088_t007,,,2026-03-05,2026-03-04,2026-03-04,15:30,2026-03-05,08:59,2026-03-05,pre_close_cutoff,005930,buy,100,"이전 장기 신념에서 언급된 '초고수들의 매수 관측'이 시가 195,000원에서 가시화되었으며, 20일 이동평균선 상회로 기술적 지지선이 유지되고 있어 저가 매수 세력의 등장이 지속될 것으로 판단합니다. 노사 갈등과 지정학적 리스크로 인한 단기적 변동성은 존재하나, 우량주에 대한 자금이 유입될 여지가 있어 분산투자 원칙 하에 제한적으로 매수합니다.",1,llm_first_response,not_one_share
RN_COMM_OFF,2026-03-05,7,am,A089,ltb_A089_t006,stb_A089_t007,analysis_A089_t007,decision_A089_t007,,,2026-03-05,2026-03-04,2026-03-04,15:30,2026-03-05,08:59,2026-03-05,pre_close_cutoff,005930,buy,100,"초고수들의 순매수세와 S26 사전예약 호응 등 긍정적 모멘텀이 존재하며, 기술적 지지선 (MA20) 부근에서 저가 매수 기회로 판단됩니다. 이전 손실 경험을 반성하여 변동성 대응을 강화하되, 노사 갈등과 지정학적 리스크가 상존하므로 전량 매수보다는 현금 비중을 유지하며 제한적으로 매수합니다.",1,llm_first_response,not_one_share
RN_COMM_OFF,2026-03-05,7,am,A090,ltb_A090_t006,stb_A090_t007,analysis_A090_t007,decision_A090_t007,,,2026-03-05,2026-03-04,2026-03-04,15:30,2026-03-05,08:59,2026-03-05,pre_close_cutoff,005930,sell,100,"현재가 195,000원은 5일 이동평균선 하단에 있어 단기 하락 추세이며, 노사 협상 결렬과 중동 전쟁 리스크로 인한 추가 변동성 가능성이 높습니다. 과거 -11.7% 손실 경험으로 인해 지지선 붕괴를 과소평가할 위험이 있어, 미실현 손실 -7,085,300원을 일부 실현하고 현금 비중을 높여 리스크를 줄이는 것이 적절하다고 판단합니다.",1,llm_first_response,not_one_share
RN_COMM_OFF,2026-03-05,7,am,A091,ltb_A091_t006,stb_A091_t007,analysis_A091_t007,decision_A091_t007,,,2026-03-05,2026-03-04,2026-03-04,15:30,2026-03-05,08:59,2026-03-05,pre_close_cutoff,005930,sell,100,"중동 지정학적 리스크와 노사 협상 결렬 등 명확한 악재가 공시되어 단기 하락 압력이 예상되며, 기술적 지표상 5일 이동평균선 하단에서 추세가 약세로 유지되고 있습니다. 과거 매수 실패 경험으로 인해 지지선 확인 없이 추가 매수하는 것은 위험하며, 현재 미실현 손실이 발생해 있어 손절매를 통해 리스크를 제한하고 현금 비중을 확보하는 것이 안정적입니다.",1,llm_first_response,not_one_share
RN_COMM_OFF,2026-03-05,7,am,A092,ltb_A092_t006,stb_A092_t007,analysis_A092_t007,decision_A092_t007,,,2026-03-05,2026-03-04,2026-03-04,15:30,2026-03-05,08:59,2026-03-05,pre_close_cutoff,005930,sell,150,"노사협상 결렬과 중동 지정학적 리스크로 인한 단기 하락 압력이 강하며, 기술적 지표상 5일 이동평균선 부근에서 저항을 받고 있어 추이 확인이 필요한 상황입니다. 이전 두 차례 매수 타이밍 실패 경험으로 인해 초고수 매수세만으로 즉각 반등을 단정하기 어렵다고 판단됩니다. 현재 보유 수량 (350주) 대비 약 43%를 매도하여 미실현 손익을 일부 실현하고, 현금 비중을 확보하여 변동성 확대 시 대응 여력을 확보하는 것이 안전합니다.",1,llm_first_response,not_one_share
RN_COMM_OFF,2026-03-05,7,am,A093,ltb_A093_t006,stb_A093_t007,analysis_A093_t007,decision_A093_t007,,,2026-03-05,2026-03-04,2026-03-04,15:30,2026-03-05,08:59,2026-03-05,pre_close_cutoff,005930,sell,100,"5일 이동평균선 하단 유지와 전일 대비 하락세 등 단기 하락 추세가 명확하며, 노사 갈등과 중동 지정학적 리스크로 인한 변동성 확대 우려가 있습니다. 고위험 고수익 성향이지만, 현재 미실현 손실 상태에서의 추가 하락 리스크를 고려하여 손절 원칙에 따라 일부 매도하여 현금 비중을 확보하고 리스크를 줄이는 것이 타당합니다.",1,llm_first_response,not_one_share
RN_COMM_OFF,2026-03-05,7,am,A094,ltb_A094_t006,stb_A094_t007,analysis_A094_t007,decision_A094_t007,,,2026-03-05,2026-03-04,2026-03-04,15:30,2026-03-05,08:59,2026-03-05,pre_close_cutoff,005930,buy,100,"중동 지정학적 리스크로 인한 급락장에서도 '삼전·하닉 저가 매수' 뉴스와 초고수들의 매수 신호가 하방 경직성을 시사하며, 기술적 지표상 20일선(180,180원) 상회와 거래량 급증(62.95%)으로 반등 국면이 명확합니다. 현재 보유 주식은 평균 단가 대비 손실 상태이나, 현금 비중이 높고 저가 매수 기회로 판단되어 분산투자 원칙을 유지하되 특정 종목에 집중하는 성향을 반영해 제한적으로 추가 매수합니다.",1,llm_first_response,not_one_share
RN_COMM_OFF,2026-03-05,7,am,A096,ltb_A096_t006,stb_A096_t007,analysis_A096_t007,decision_A096_t007,,,2026-03-05,2026-03-04,2026-03-04,15:30,2026-03-05,08:59,2026-03-05,pre_close_cutoff,005930,sell,100,"초고수들의 매수세와 기술적 저점 신호가 공존하나, 노사 협상 결렬과 지정학적 리스크로 인해 방향성이 불분명한 혼조세입니다. 현재가 (195,000 원) 는 5 일 이동평균선 (201,060 원) 하단에 위치하여 여전히 하락 추세 내에 있으며, 과거 하락 추세에서 조기 진입하여 손절한 경험이 있어 명확한 반등 신호 (5 일선 돌파 등) 가 확인되기 전까지는 추격 매수를 피해야 합니다. 현재 보유 주식은 평균 매수 단가 (172,200 원) 대비 미실현 수익 상태이나, 불확실성이 해소되지 않은 상태에서 추가 매수보다는 원칙에 따라 수익을 확정하고 현금화하여 리스크를 관리하는 것이 타당합니다.",1,llm_first_response,not_one_share
RN_COMM_OFF,2026-03-05,7,am,A095,ltb_A095_t006,stb_A095_t007,analysis_A095_t007,decision_A095_t007,,,2026-03-05,2026-03-04,2026-03-04,15:30,2026-03-05,08:59,2026-03-05,pre_close_cutoff,005930,sell,100,"현재가 195,000원은 전일 대비 13.2% 급등했으나 5일 이동평균선 아래에 있어 기술적 돌파 신호가 불분명하며, 노사 갈등과 지정학적 리스크 등 악재가 공존합니다. 과거 손실 시 추가 매수하는 처분 효과 경향과 달리, 현재는 미실현 손익이 회복된 구간이므로 수익 실현을 우선시하여 보유 수량의 일부(100주)를 매도합니다.",1,llm_first_response,not_one_share
RN_COMM_OFF,2026-03-05,7,am,A098,ltb_A098_t006,stb_A098_t007,analysis_A098_t007,decision_A098_t007,,,2026-03-05,2026-03-04,2026-03-04,15:30,2026-03-05,08:59,2026-03-05,pre_close_cutoff,005930,sell,100,"초고수들의 매수세와 AI 기대감으로 시가가 급등했으나, 전일 종가 대비 하락폭이 크고 5일 이동평균선 아래에서 기술적 지지선이 불분명합니다. 또한 노사 갈등 등 내부 악재가 상존하여 변동성이 클 것으로 판단됩니다. 고위험 선호 성향과 처분효과 (수익 실현) 에 따라 급등 시 일부 매도하여 현금 유동성을 확보하고, 추가 하락 시 대응 여력을 확보하는 것이 타당합니다.",1,llm_first_response,not_one_share
RN_COMM_OFF,2026-03-05,7,am,A100,ltb_A100_t006,stb_A100_t007,analysis_A100_t007,decision_A100_t007,,,2026-03-05,2026-03-04,2026-03-04,15:30,2026-03-05,08:59,2026-03-05,pre_close_cutoff,005930,sell,418,"현재가 195,000원이 평균 매수 단가 197,710원 대비 미실현 손실 상태이나, 노사 갈등으로 인한 비용 증가 우려와 거시경제 불확실성 (중동 리스크, 유가 상승) 이 지속되어 하방 경직성이 약화될 수 있다는 판단에 따라 손절 원칙을 적용합니다. 초고수들의 매수세와 같은 낙관적 신호가 있으나, 단기 변동성 증가와 기술적 하락 추세 (MA5 하회) 로 인해 추가 손실 확대를 방지하기 위해 전량 매도합니다.",1,llm_first_response,not_one_share
RN_COMM_OFF,2026-03-05,7,am,A097,ltb_A097_t006,stb_A097_t007,analysis_A097_t007,decision_A097_t007,,,2026-03-05,2026-03-04,2026-03-04,15:30,2026-03-05,08:59,2026-03-05,pre_close_cutoff,005930,sell,4161,"이전 매수 판단이 손실로 검증되어 기술적 신호 신뢰도가 하락한 점, 노사 협상 결렬 등 내부 리스크와 지정학적 악재가 공존하는 불안정한 시장 환경, 그리고 현재가 (195,000원) 가 평균 매수 단가 (203,408원) 보다 낮아 미실현 손실이 발생하고 있는 점을 고려합니다. 고위험 고수익 성향이지만, 기술적 돌파 신호의 가짜 신호 가능성과 뉴스 요약의 한계로 인해 추가 매수보다는 손절 원칙에 따라 전량 매도하여 손실을 확정하고 현금화하는 것이 리스크 관리 측면에서 합리적입니다.",1,llm_first_response,not_one_share
RN_COMM_OFF,2026-03-05,7,am,A099,ltb_A099_t006,stb_A099_t007,analysis_A099_t007,decision_A099_t007,,,2026-03-05,2026-03-04,2026-03-04,15:30,2026-03-05,08:59,2026-03-05,pre_close_cutoff,005930,buy,52,"초고수들의 매수세와 경쟁사 CEO의 긍정적 평가, 밸류에이션 저평가 구간 등 가치 투자 관점의 매수 신호가 강하게 작용합니다. 고위험 고수익 성향과 집중 투자 경향을 반영하여, 현재 보유 현금의 최대 한도 (52주) 를 모두 활용하여 저가 매수 기회를 포착합니다.",1,llm_first_response,not_one_share
