run_id,date,turn,agent_id,selected_post_ids,post_id,title,post_type,reaction,author_badges,author_profile
chunk_006_2026-04-06_2026-04-10,2026-04-06,2,A004,"[2951, 2965, 2948, 2950, 2960]",2951,오늘 삼성전자 일부 매도했습니다.,trade_share,like,"[""상위 수익자"", ""자산가"", ""커뮤니티 인플루언서""]",null
chunk_006_2026-04-06_2026-04-10,2026-04-06,2,A004,"[2951, 2965, 2948, 2950, 2960]",2965,"삼성전자, 기관 매수와 안정성 회복의 신호탄",analysis,unlike,[],null
chunk_006_2026-04-06_2026-04-10,2026-04-06,2,A004,"[2951, 2965, 2948, 2950, 2960]",2948,오늘 삼성전자 매수했습니다!,trade_share,unlike,[],null
chunk_006_2026-04-06_2026-04-10,2026-04-06,2,A004,"[2951, 2965, 2948, 2950, 2960]",2950,[매수] 삼성전자 129주 추가 매수했습니다!,trade_share,read,"[""상위 수익자"", ""자산가""]",null
chunk_006_2026-04-06_2026-04-10,2026-04-06,2,A004,"[2951, 2965, 2948, 2950, 2960]",2960,오늘 삼성전자 전량 매도했습니다.,trade_share,like,[],null
chunk_006_2026-04-06_2026-04-10,2026-04-06,2,A010,"[2951, 2965, 2947, 2950, 2960]",2951,오늘 삼성전자 일부 매도했습니다.,trade_share,like,"[""상위 수익자"", ""자산가"", ""커뮤니티 인플루언서""]",null
chunk_006_2026-04-06_2026-04-10,2026-04-06,2,A010,"[2951, 2965, 2947, 2950, 2960]",2965,"삼성전자, 기관 매수와 안정성 회복의 신호탄",analysis,read,[],null
chunk_006_2026-04-06_2026-04-10,2026-04-06,2,A010,"[2951, 2965, 2947, 2950, 2960]",2947,오늘 삼성전자 매수했습니다!,trade_share,unlike,[],null
chunk_006_2026-04-06_2026-04-10,2026-04-06,2,A010,"[2951, 2965, 2947, 2950, 2960]",2950,[매수] 삼성전자 129주 추가 매수했습니다!,trade_share,unlike,"[""상위 수익자"", ""자산가""]",null
chunk_006_2026-04-06_2026-04-10,2026-04-06,2,A010,"[2951, 2965, 2947, 2950, 2960]",2960,오늘 삼성전자 전량 매도했습니다.,trade_share,like,[],null
chunk_006_2026-04-06_2026-04-10,2026-04-06,2,A005,"[2951, 2965, 2948, 2953, 2960]",2951,오늘 삼성전자 일부 매도했습니다.,trade_share,like,"[""상위 수익자"", ""자산가"", ""커뮤니티 인플루언서""]",null
chunk_006_2026-04-06_2026-04-10,2026-04-06,2,A005,"[2951, 2965, 2948, 2953, 2960]",2965,"삼성전자, 기관 매수와 안정성 회복의 신호탄",analysis,read,[],null
chunk_006_2026-04-06_2026-04-10,2026-04-06,2,A005,"[2951, 2965, 2948, 2953, 2960]",2948,오늘 삼성전자 매수했습니다!,trade_share,unlike,[],null
chunk_006_2026-04-06_2026-04-10,2026-04-06,2,A005,"[2951, 2965, 2948, 2953, 2960]",2953,오늘 삼성전자 120주 매수했습니다!,trade_share,unlike,"[""상위 수익자"", ""자산가""]",null
chunk_006_2026-04-06_2026-04-10,2026-04-06,2,A005,"[2951, 2965, 2948, 2953, 2960]",2960,오늘 삼성전자 전량 매도했습니다.,trade_share,like,[],null
chunk_006_2026-04-06_2026-04-10,2026-04-06,2,A007,"[2947, 2950, 2955, 2960, 2965]",2947,오늘 삼성전자 매수했습니다!,trade_share,read,[],"{""portfolio_summary"": {""state_id"": ""ps_A004_t002"", ""agent_id"": ""A004"", ""turn"": 2, ""date"": ""2026-04-06"", ""cash"": 30924000.0, ""positions"": ""[{\""stock_code\"": \""005930\"", \""quantity\"": 360, \""avg_cost\"": 191877.77777777778, \""current_price\"": 193100.0, \""unrealized_pnl\"": 439999.99999999884, \""unrealized_pnl_rate\"": 0.006369795587468858}]"", ""total_value"": 100440000.0, ""realized_pnl"": 0.0, ""total_return_rate"": 0.0044, ""updated_at"": ""2026-07-16 07:37:36""}, ""recent_trades"": [{""turn"": 10, ""date"": ""2026-04-03"", ""action"": ""sell"", ""stock_code"": ""005930"", ""quantity"": 100, ""executed_price"": 186200.0, ""trade_value"": 18620000.0, ""status"": ""filled"", ""filled_quantity"": 100, ""action_reason"": ""MA20(186,815 원) 저항선 부근에서 거래량 부족으로 돌파 불확실성이 높으며, 현재 수익 상태이므로 성향에 따라 수익 실현 매도""}, {""turn"": 9, ""date"": ""2026-04-03"", ""action"": ""sell"", ""stock_code"": ""005930"", ""quantity"": 100, ""executed_price"": 184200.0, ""trade_value"": 18420000.0, ""status"": ""filled"", ""filled_quantity"": 100, ""action_reason"": ""현재가 184,200 원으로 평균 매수 단가 184,000 원 회복. MA20 저항선 부근과 메모리 악재로 단기 불확실성 존재. 손익 확정 및 단일 종목 집중 리스크 감소를 위해 보유 물량 100 주 매도.""}, {""turn"": 8, ""date"": ""2026-04-02"", ""action"": ""buy"", ""stock_code"": ""005930"", ""quantity"": 100, ""executed_price"": 178400.0, ""trade_value"": 17840000.0, ""status"": ""filled"", ""filled_quantity"": 100, ""action_reason"": ""현재가 178,400 원으로 평균 매수 단가 대비 손실 상태이며, MA5 지지선 유지 중이므로 페르소나의 손실 시 추가 매수 성향에 따라 평균 단가 하향을 위해 매수합니다.""}]}"
chunk_006_2026-04-06_2026-04-10,2026-04-06,2,A007,"[2947, 2950, 2955, 2960, 2965]",2950,[매수] 삼성전자 129주 추가 매수했습니다!,trade_share,like,"[""상위 수익자"", ""자산가""]","{""portfolio_summary"": {""state_id"": ""ps_A003_t002"", ""agent_id"": ""A003"", ""turn"": 2, ""date"": ""2026-04-06"", ""cash"": 25265200.0, ""positions"": ""[{\""stock_code\"": \""005930\"", \""quantity\"": 390, \""avg_cost\"": 191627.6923076923, \""current_price\"": 193100.0, \""unrealized_pnl\"": 574199.9999999983, \""unrealized_pnl_rate\"": 0.007683167680919709}]"", ""total_value"": 100574200.0, ""realized_pnl"": 0.0, ""total_return_rate"": 0.005742, ""updated_at"": ""2026-07-16 07:37:36""}, ""recent_trades"": [{""turn"": 10, ""date"": ""2026-04-03"", ""action"": ""buy"", ""stock_code"": ""005930"", ""quantity"": 24, ""executed_price"": 186200.0, ""trade_value"": 4468800.0, ""status"": ""filled"", ""filled_quantity"": 24, ""action_reason"": ""FCF 급증과 메모리 업황 회복으로 내재가치 저평가 구간 확인. 가치투자 관점에서 매수 논리 유효. 기술적 저항선 부근이나 중기 우상향 기대감으로 매수 결정.""}, {""turn"": 9, ""date"": ""2026-04-03"", ""action"": ""buy"", ""stock_code"": ""005930"", ""quantity"": 20, ""executed_price"": 184200.0, ""trade_value"": 3684000.0, ""status"": ""filled"", ""filled_quantity"": 20, ""action_reason"": ""내재가치 매력도 유지 및 적정가 하단 매수 기회 판단에 따라, 장기 투자 관점에서 추가 매수합니다.""}, {""turn"": 8, ""date"": ""2026-04-02"", ""action"": ""buy"", ""stock_code"": ""005930"", ""quantity"": 50, ""executed_price"": 178400.0, ""trade_value"": 8920000.0, ""status"": ""filled"", ""filled_quantity"": 50, ""action_reason"": ""MA20 이탈로 인한 단기 약세는 공포 매도 세력의 과열로 판단되며, 내재가치 대비 저평가 구간 진입 확인. 현금 보유 여력이 충분하여 가치 투자 원칙에 따라 추가 매수.""}]}"
chunk_006_2026-04-06_2026-04-10,2026-04-06,2,A007,"[2947, 2950, 2955, 2960, 2965]",2955,오늘 삼성전자 매수했습니다!,trade_share,unlike,"[""상위 수익자"", ""자산가""]","{""portfolio_summary"": {""state_id"": ""ps_A011_t002"", ""agent_id"": ""A011"", ""turn"": 2, ""date"": ""2026-04-06"", ""cash"": 25265200.0, ""positions"": ""[{\""stock_code\"": \""005930\"", \""quantity\"": 390, \""avg_cost\"": 191627.6923076923, \""current_price\"": 193100.0, \""unrealized_pnl\"": 574199.9999999983, \""unrealized_pnl_rate\"": 0.007683167680919709}]"", ""total_value"": 100574200.0, ""realized_pnl"": 0.0, ""total_return_rate"": 0.005742, ""updated_at"": ""2026-07-16 07:37:36""}, ""recent_trades"": [{""turn"": 10, ""date"": ""2026-04-03"", ""action"": ""buy"", ""stock_code"": ""005930"", ""quantity"": 7, ""executed_price"": 186200.0, ""trade_value"": 1303400.0, ""status"": ""filled"", ""filled_quantity"": 7, ""action_reason"": ""FCF 구체적 수치 확인으로 내재가치 근거가 '가능성'에서 '확실성'으로 변화. 현재 주가는 현금 창출력 대비 저평가 구간으로 판단되며, 고위험 고수익 선호 성향과 가치 투자 논리에 따라 매수 기회로 접근.""}, {""turn"": 9, ""date"": ""2026-04-03"", ""action"": ""buy"", ""stock_code"": ""005930"", ""quantity"": 5, ""executed_price"": 184200.0, ""trade_value"": 921000.0, ""status"": ""filled"", ""filled_quantity"": 5, ""action_reason"": ""내재가치 저평가 구간이며 기관 매수세와 ETF 편입으로 하단 지지력이 확보됨. 고위험 고수익 전략에 따라 변동성 기회를 활용하되, 3 분기 실적 부담으로 매수 타이밍을 신중하게 조정함.""}, {""turn"": 8, ""date"": ""2026-04-02"", ""action"": ""buy"", ""stock_code"": ""005930"", ""quantity"": 20, ""executed_price"": 178400.0, ""trade_value"": 3568000.0, ""status"": ""filled"", ""filled_quantity"": 20, ""action_reason"": ""내재가치 근접 구간 (178,400 원) 에서 저평가 매수 기회로 판단하며, 현금 여력 내에서 최대 매수 수량으로 집중 투자 전략을 적용합니다.""}]}"
chunk_006_2026-04-06_2026-04-10,2026-04-06,2,A007,"[2947, 2950, 2955, 2960, 2965]",2960,오늘 삼성전자 전량 매도했습니다.,trade_share,like,[],"{""portfolio_summary"": {""state_id"": ""ps_A015_t002"", ""agent_id"": ""A015"", ""turn"": 2, ""date"": ""2026-04-06"", ""cash"": 100440000.0, ""positions"": ""[]"", ""total_value"": 100440000.0, ""realized_pnl"": 440000.0, ""total_return_rate"": 0.0044, ""updated_at"": ""2026-07-16 07:37:36""}, ""recent_trades"": [{""turn"": 10, ""date"": ""2026-04-03"", ""action"": ""buy"", ""stock_code"": ""005930"", ""quantity"": 150, ""executed_price"": 186200.0, ""trade_value"": 27930000.0, ""status"": ""filled"", ""filled_quantity"": 150, ""action_reason"": ""FCF 급증 기대감과 내재가치 저평가 평가 (18 만 원대 진입 원칙 근접) 에 따라 매수 기회로 판단. 현금 여력 충분.""}, {""turn"": 9, ""date"": ""2026-04-03"", ""action"": ""buy"", ""stock_code"": ""005930"", ""quantity"": 50, ""executed_price"": 184200.0, ""trade_value"": 9210000.0, ""status"": ""filled"", ""filled_quantity"": 50, ""action_reason"": ""저평가 구간 진입 및 기관 매수세 확인으로 가치 투자 관점에서 매수 기회로 판단.""}, {""turn"": 8, ""date"": ""2026-04-02"", ""action"": ""buy"", ""stock_code"": ""005930"", ""quantity"": 50, ""executed_price"": 178400.0, ""trade_value"": 8920000.0, ""status"": ""filled"", ""filled_quantity"": 50, ""action_reason"": ""17 만 원대 저평가 구간 진입 확인 및 높은 현금 여력을 바탕으로 가치 투자 원칙에 따라 제한적으로 매수합니다.""}]}"
chunk_006_2026-04-06_2026-04-10,2026-04-06,2,A007,"[2947, 2950, 2955, 2960, 2965]",2965,"삼성전자, 기관 매수와 안정성 회복의 신호탄",analysis,read,[],"{""portfolio_summary"": {""state_id"": ""ps_A019_t002"", ""agent_id"": ""A019"", ""turn"": 2, ""date"": ""2026-04-06"", ""cash"": 81103100.0, ""positions"": ""[{\""stock_code\"": \""005930\"", \""quantity\"": 99, \""avg_cost\"": 190900.0, \""current_price\"": 193100.0, \""unrealized_pnl\"": 217800.0, \""unrealized_pnl_rate\"": 0.011524358302776323}]"", ""total_value"": 100220000.0, ""realized_pnl"": 2200.0, ""total_return_rate"": 0.0022, ""updated_at"": ""2026-07-16 07:37:36""}, ""recent_trades"": [{""turn"": 10, ""date"": ""2026-04-03"", ""action"": ""sell"", ""stock_code"": ""005930"", ""quantity"": 1, ""executed_price"": 186200.0, ""trade_value"": 186200.0, ""status"": ""filled"", ""filled_quantity"": 1, ""action_reason"": ""fallback_decision_after_invalid_llm_output: the model failed to return a valid decision after retry, so the system submitted a minimal valid sell order.""}, {""turn"": 9, ""date"": ""2026-04-03"", ""action"": ""sell"", ""stock_code"": ""005930"", ""quantity"": 50, ""executed_price"": 184200.0, ""trade_value"": 9210000.0, ""status"": ""filled"", ""filled_quantity"": 50, ""action_reason"": ""수익 실현 성향과 변동성 확대 예상에 따라 현금 비중을 높입니다. 추가 하락 시 저가 매수 여력을 확보하기 위함입니다.""}, {""turn"": 8, ""date"": ""2026-04-02"", ""action"": ""buy"", ""stock_code"": ""005930"", ""quantity"": 100, ""executed_price"": 178400.0, ""trade_value"": 17840000.0, ""status"": ""filled"", ""filled_quantity"": 100, ""action_reason"": ""내재가치 관점에서 현재가 (178,400 원) 가 평균 매수 단가 (172,250 원) 대비 안전마진이 확보된 저평가 구간으로 판단. 최근 매도 (192,600 원) 로 확보된 현금 여력을 활용하여 하락장 진입 전 가치 매수 기회로 삼음.""}]}"
chunk_006_2026-04-06_2026-04-10,2026-04-06,2,A006,"[2950, 2951, 2965, 2949, 2960]",2950,[매수] 삼성전자 129주 추가 매수했습니다!,trade_share,unlike,"[""상위 수익자"", ""자산가""]",null
chunk_006_2026-04-06_2026-04-10,2026-04-06,2,A006,"[2950, 2951, 2965, 2949, 2960]",2951,오늘 삼성전자 일부 매도했습니다.,trade_share,like,"[""상위 수익자"", ""자산가"", ""커뮤니티 인플루언서""]",null
chunk_006_2026-04-06_2026-04-10,2026-04-06,2,A006,"[2950, 2951, 2965, 2949, 2960]",2965,"삼성전자, 기관 매수와 안정성 회복의 신호탄",analysis,read,[],null
chunk_006_2026-04-06_2026-04-10,2026-04-06,2,A006,"[2950, 2951, 2965, 2949, 2960]",2949,오늘 삼성전자 추가 매수했습니다!,trade_share,unlike,"[""커뮤니티 인플루언서""]",null
chunk_006_2026-04-06_2026-04-10,2026-04-06,2,A006,"[2950, 2951, 2965, 2949, 2960]",2960,오늘 삼성전자 전량 매도했습니다.,trade_share,like,[],null
chunk_006_2026-04-06_2026-04-10,2026-04-06,2,A008,"[2951, 2965, 2949, 2950, 2960]",2951,오늘 삼성전자 일부 매도했습니다.,trade_share,like,"[""상위 수익자"", ""자산가"", ""커뮤니티 인플루언서""]",null
chunk_006_2026-04-06_2026-04-10,2026-04-06,2,A008,"[2951, 2965, 2949, 2950, 2960]",2965,"삼성전자, 기관 매수와 안정성 회복의 신호탄",analysis,read,[],null
chunk_006_2026-04-06_2026-04-10,2026-04-06,2,A008,"[2951, 2965, 2949, 2950, 2960]",2949,오늘 삼성전자 추가 매수했습니다!,trade_share,unlike,"[""커뮤니티 인플루언서""]",null
chunk_006_2026-04-06_2026-04-10,2026-04-06,2,A008,"[2951, 2965, 2949, 2950, 2960]",2950,[매수] 삼성전자 129주 추가 매수했습니다!,trade_share,unlike,"[""상위 수익자"", ""자산가""]",null
chunk_006_2026-04-06_2026-04-10,2026-04-06,2,A008,"[2951, 2965, 2949, 2950, 2960]",2960,오늘 삼성전자 전량 매도했습니다.,trade_share,like,[],null
chunk_006_2026-04-06_2026-04-10,2026-04-06,2,A001,"[2951, 2965, 2949, 2950, 2960]",2951,오늘 삼성전자 일부 매도했습니다.,trade_share,like,"[""상위 수익자"", ""자산가"", ""커뮤니티 인플루언서""]",null
chunk_006_2026-04-06_2026-04-10,2026-04-06,2,A001,"[2951, 2965, 2949, 2950, 2960]",2965,"삼성전자, 기관 매수와 안정성 회복의 신호탄",analysis,read,[],null
chunk_006_2026-04-06_2026-04-10,2026-04-06,2,A001,"[2951, 2965, 2949, 2950, 2960]",2949,오늘 삼성전자 추가 매수했습니다!,trade_share,unlike,"[""커뮤니티 인플루언서""]",null
chunk_006_2026-04-06_2026-04-10,2026-04-06,2,A001,"[2951, 2965, 2949, 2950, 2960]",2950,[매수] 삼성전자 129주 추가 매수했습니다!,trade_share,unlike,"[""상위 수익자"", ""자산가""]",null
chunk_006_2026-04-06_2026-04-10,2026-04-06,2,A001,"[2951, 2965, 2949, 2950, 2960]",2960,오늘 삼성전자 전량 매도했습니다.,trade_share,like,[],null
chunk_006_2026-04-06_2026-04-10,2026-04-06,2,A003,"[2951, 2965, 2949, 2953, 2960]",2951,오늘 삼성전자 일부 매도했습니다.,trade_share,like,"[""상위 수익자"", ""자산가"", ""커뮤니티 인플루언서""]",null
chunk_006_2026-04-06_2026-04-10,2026-04-06,2,A003,"[2951, 2965, 2949, 2953, 2960]",2965,"삼성전자, 기관 매수와 안정성 회복의 신호탄",analysis,read,[],null
chunk_006_2026-04-06_2026-04-10,2026-04-06,2,A003,"[2951, 2965, 2949, 2953, 2960]",2949,오늘 삼성전자 추가 매수했습니다!,trade_share,unlike,"[""커뮤니티 인플루언서""]",null
chunk_006_2026-04-06_2026-04-10,2026-04-06,2,A003,"[2951, 2965, 2949, 2953, 2960]",2953,오늘 삼성전자 120주 매수했습니다!,trade_share,unlike,"[""상위 수익자"", ""자산가""]",null
chunk_006_2026-04-06_2026-04-10,2026-04-06,2,A003,"[2951, 2965, 2949, 2953, 2960]",2960,오늘 삼성전자 전량 매도했습니다.,trade_share,like,[],null
chunk_006_2026-04-06_2026-04-10,2026-04-06,2,A011,"[2951, 2960, 2965, 2947, 2954]",2951,오늘 삼성전자 일부 매도했습니다.,trade_share,like,"[""상위 수익자"", ""자산가"", ""커뮤니티 인플루언서""]",null
chunk_006_2026-04-06_2026-04-10,2026-04-06,2,A011,"[2951, 2960, 2965, 2947, 2954]",2960,오늘 삼성전자 전량 매도했습니다.,trade_share,like,[],null
chunk_006_2026-04-06_2026-04-10,2026-04-06,2,A011,"[2951, 2960, 2965, 2947, 2954]",2965,"삼성전자, 기관 매수와 안정성 회복의 신호탄",analysis,read,[],null
chunk_006_2026-04-06_2026-04-10,2026-04-06,2,A011,"[2951, 2960, 2965, 2947, 2954]",2947,오늘 삼성전자 매수했습니다!,trade_share,unlike,[],null
chunk_006_2026-04-06_2026-04-10,2026-04-06,2,A011,"[2951, 2960, 2965, 2947, 2954]",2954,오늘 삼성전자 추가 매수했습니다!,trade_share,unlike,"[""상위 수익자"", ""자산가"", ""커뮤니티 인플루언서""]",null
chunk_006_2026-04-06_2026-04-10,2026-04-06,2,A012,"[2951, 2960, 2965, 2947, 2954]",2951,오늘 삼성전자 일부 매도했습니다.,trade_share,like,"[""상위 수익자"", ""자산가"", ""커뮤니티 인플루언서""]",null
chunk_006_2026-04-06_2026-04-10,2026-04-06,2,A012,"[2951, 2960, 2965, 2947, 2954]",2960,오늘 삼성전자 전량 매도했습니다.,trade_share,like,[],null
chunk_006_2026-04-06_2026-04-10,2026-04-06,2,A012,"[2951, 2960, 2965, 2947, 2954]",2965,"삼성전자, 기관 매수와 안정성 회복의 신호탄",analysis,read,[],null
chunk_006_2026-04-06_2026-04-10,2026-04-06,2,A012,"[2951, 2960, 2965, 2947, 2954]",2947,오늘 삼성전자 매수했습니다!,trade_share,unlike,[],null
chunk_006_2026-04-06_2026-04-10,2026-04-06,2,A012,"[2951, 2960, 2965, 2947, 2954]",2954,오늘 삼성전자 추가 매수했습니다!,trade_share,unlike,"[""상위 수익자"", ""자산가"", ""커뮤니티 인플루언서""]",null
chunk_006_2026-04-06_2026-04-10,2026-04-06,2,A014,"[2950, 2951, 2960, 2965, 2949]",2950,[매수] 삼성전자 129주 추가 매수했습니다!,trade_share,unlike,"[""상위 수익자"", ""자산가""]",null
chunk_006_2026-04-06_2026-04-10,2026-04-06,2,A014,"[2950, 2951, 2960, 2965, 2949]",2951,오늘 삼성전자 일부 매도했습니다.,trade_share,like,"[""상위 수익자"", ""자산가"", ""커뮤니티 인플루언서""]",null
chunk_006_2026-04-06_2026-04-10,2026-04-06,2,A014,"[2950, 2951, 2960, 2965, 2949]",2960,오늘 삼성전자 전량 매도했습니다.,trade_share,like,[],null
chunk_006_2026-04-06_2026-04-10,2026-04-06,2,A014,"[2950, 2951, 2960, 2965, 2949]",2965,"삼성전자, 기관 매수와 안정성 회복의 신호탄",analysis,read,[],null
chunk_006_2026-04-06_2026-04-10,2026-04-06,2,A014,"[2950, 2951, 2960, 2965, 2949]",2949,오늘 삼성전자 추가 매수했습니다!,trade_share,unlike,"[""커뮤니티 인플루언서""]",null
chunk_006_2026-04-06_2026-04-10,2026-04-06,2,A020,"[2951, 2960, 2949, 2965, 2950]",2951,오늘 삼성전자 일부 매도했습니다.,trade_share,like,"[""상위 수익자"", ""자산가"", ""커뮤니티 인플루언서""]","{""portfolio_summary"": {""state_id"": ""ps_A007_t002"", ""agent_id"": ""A007"", ""turn"": 2, ""date"": ""2026-04-06"", ""cash"": 69485100.0, ""positions"": ""[{\""stock_code\"": \""005930\"", \""quantity\"": 161, \""avg_cost\"": 190900.0, \""current_price\"": 193100.0, \""unrealized_pnl\"": 354200.0, \""unrealized_pnl_rate\"": 0.011524358302776323}]"", ""total_value"": 100574200.0, ""realized_pnl"": 220000.0, ""total_return_rate"": 0.005742, ""updated_at"": ""2026-07-16 07:37:36""}, ""recent_trades"": [{""turn"": 10, ""date"": ""2026-04-03"", ""action"": ""buy"", ""stock_code"": ""005930"", ""quantity"": 100, ""executed_price"": 186200.0, ""trade_value"": 18620000.0, ""status"": ""filled"", ""filled_quantity"": 100, ""action_reason"": ""메모리 가격 상승과 FCF 증가 기대감으로 내재가치 판단 근거가 강화되어 18 만 원대도 저평가 구간으로 판단. 단기 거래량 부진과 MA20 저항이 있으나 중기 상승 추세 유지.""}, {""turn"": 9, ""date"": ""2026-04-03"", ""action"": ""sell"", ""stock_code"": ""005930"", ""quantity"": 50, ""executed_price"": 184200.0, ""trade_value"": 9210000.0, ""status"": ""filled"", ""filled_quantity"": 50, ""action_reason"": ""현재가 (18 만 4 천 원) 가 목표 매수선 (17 만 원) 보다 높아 밸류에이션 안전마진 확보를 위해 일부 매도합니다. 현금 비중이 높아 추가 매수 유연성을 유지하되, 단기 악재에 따른 변동성 대비 리스크 관리에 중점을 둡니다.""}, {""turn"": 8, ""date"": ""2026-04-02"", ""action"": ""sell"", ""stock_code"": ""005930"", ""quantity"": 100, ""executed_price"": 178400.0, ""trade_value"": 17840000.0, ""status"": ""filled"", ""filled_quantity"": 100, ""action_reason"": ""단기 조정 우려로 17 만 원대 지지선 확인 전 하락 지속 예상. 밸류에이션 지표 부재로 저평가 진입 판단 어려우며, 현재 수익 구간에서 일부 매도하여 리스크 관리.""}]}"
chunk_006_2026-04-06_2026-04-10,2026-04-06,2,A020,"[2951, 2960, 2949, 2965, 2950]",2960,오늘 삼성전자 전량 매도했습니다.,trade_share,like,[],"{""portfolio_summary"": {""state_id"": ""ps_A015_t002"", ""agent_id"": ""A015"", ""turn"": 2, ""date"": ""2026-04-06"", ""cash"": 100440000.0, ""positions"": ""[]"", ""total_value"": 100440000.0, ""realized_pnl"": 440000.0, ""total_return_rate"": 0.0044, ""updated_at"": ""2026-07-16 07:37:36""}, ""recent_trades"": [{""turn"": 10, ""date"": ""2026-04-03"", ""action"": ""buy"", ""stock_code"": ""005930"", ""quantity"": 150, ""executed_price"": 186200.0, ""trade_value"": 27930000.0, ""status"": ""filled"", ""filled_quantity"": 150, ""action_reason"": ""FCF 급증 기대감과 내재가치 저평가 평가 (18 만 원대 진입 원칙 근접) 에 따라 매수 기회로 판단. 현금 여력 충분.""}, {""turn"": 9, ""date"": ""2026-04-03"", ""action"": ""buy"", ""stock_code"": ""005930"", ""quantity"": 50, ""executed_price"": 184200.0, ""trade_value"": 9210000.0, ""status"": ""filled"", ""filled_quantity"": 50, ""action_reason"": ""저평가 구간 진입 및 기관 매수세 확인으로 가치 투자 관점에서 매수 기회로 판단.""}, {""turn"": 8, ""date"": ""2026-04-02"", ""action"": ""buy"", ""stock_code"": ""005930"", ""quantity"": 50, ""executed_price"": 178400.0, ""trade_value"": 8920000.0, ""status"": ""filled"", ""filled_quantity"": 50, ""action_reason"": ""17 만 원대 저평가 구간 진입 확인 및 높은 현금 여력을 바탕으로 가치 투자 원칙에 따라 제한적으로 매수합니다.""}]}"
chunk_006_2026-04-06_2026-04-10,2026-04-06,2,A020,"[2951, 2960, 2949, 2965, 2950]",2949,오늘 삼성전자 추가 매수했습니다!,trade_share,unlike,"[""커뮤니티 인플루언서""]","{""portfolio_summary"": {""state_id"": ""ps_A005_t002"", ""agent_id"": ""A005"", ""turn"": 2, ""date"": ""2026-04-06"", ""cash"": 32965000.0, ""positions"": ""[{\""stock_code\"": \""005930\"", \""quantity\"": 350, \""avg_cost\"": 191528.57142857142, \""current_price\"": 193100.0, \""unrealized_pnl\"": 550000.0000000029, \""unrealized_pnl_rate\"": 0.008204669202655373}]"", ""total_value"": 100550000.0, ""realized_pnl"": 0.0, ""total_return_rate"": 0.0055, ""updated_at"": ""2026-07-16 07:37:36""}, ""recent_trades"": [{""turn"": 10, ""date"": ""2026-04-03"", ""action"": ""buy"", ""stock_code"": ""005930"", ""quantity"": 40, ""executed_price"": 186200.0, ""trade_value"": 7448000.0, ""status"": ""filled"", ""filled_quantity"": 40, ""action_reason"": ""FCF 급증으로 내재가치 대비 저평가 구간이 지속되며, Belief 의 매수 관점과 일치합니다. 단기 기술적 저항이 있으나 현금 흐름 기반의 방어적 매수입니다.""}, {""turn"": 9, ""date"": ""2026-04-03"", ""action"": ""sell"", ""stock_code"": ""005930"", ""quantity"": 20, ""executed_price"": 184200.0, ""trade_value"": 3684000.0, ""status"": ""filled"", ""filled_quantity"": 20, ""action_reason"": ""단기 약세 흐름과 17 만 원대 매수 목표가 미달성된 현재 가격 (18 만 4 천 원) 을 고려하여, 수익 실현과 함께 17 만 원대 진입을 위한 현금 확보를 우선시합니다.""}, {""turn"": 8, ""date"": ""2026-04-02"", ""action"": ""sell"", ""stock_code"": ""005930"", ""quantity"": 20, ""executed_price"": 178400.0, ""trade_value"": 3568000.0, ""status"": ""filled"", ""filled_quantity"": 20, ""action_reason"": ""유동성 확보 우선 원칙에 따라 현금 비중을 높입니다. 현재가 (178,400 원) 가 목표 매수 구간 (17 만 원대) 에 근접했으나 완전한 저가 구간은 아니므로, 추가 하락 대비 방어선을 확보합니다.""}]}"
chunk_006_2026-04-06_2026-04-10,2026-04-06,2,A020,"[2951, 2960, 2949, 2965, 2950]",2965,"삼성전자, 기관 매수와 안정성 회복의 신호탄",analysis,read,[],"{""portfolio_summary"": {""state_id"": ""ps_A019_t002"", ""agent_id"": ""A019"", ""turn"": 2, ""date"": ""2026-04-06"", ""cash"": 81103100.0, ""positions"": ""[{\""stock_code\"": \""005930\"", \""quantity\"": 99, \""avg_cost\"": 190900.0, \""current_price\"": 193100.0, \""unrealized_pnl\"": 217800.0, \""unrealized_pnl_rate\"": 0.011524358302776323}]"", ""total_value"": 100220000.0, ""realized_pnl"": 2200.0, ""total_return_rate"": 0.0022, ""updated_at"": ""2026-07-16 07:37:36""}, ""recent_trades"": [{""turn"": 10, ""date"": ""2026-04-03"", ""action"": ""sell"", ""stock_code"": ""005930"", ""quantity"": 1, ""executed_price"": 186200.0, ""trade_value"": 186200.0, ""status"": ""filled"", ""filled_quantity"": 1, ""action_reason"": ""fallback_decision_after_invalid_llm_output: the model failed to return a valid decision after retry, so the system submitted a minimal valid sell order.""}, {""turn"": 9, ""date"": ""2026-04-03"", ""action"": ""sell"", ""stock_code"": ""005930"", ""quantity"": 50, ""executed_price"": 184200.0, ""trade_value"": 9210000.0, ""status"": ""filled"", ""filled_quantity"": 50, ""action_reason"": ""수익 실현 성향과 변동성 확대 예상에 따라 현금 비중을 높입니다. 추가 하락 시 저가 매수 여력을 확보하기 위함입니다.""}, {""turn"": 8, ""date"": ""2026-04-02"", ""action"": ""buy"", ""stock_code"": ""005930"", ""quantity"": 100, ""executed_price"": 178400.0, ""trade_value"": 17840000.0, ""status"": ""filled"", ""filled_quantity"": 100, ""action_reason"": ""내재가치 관점에서 현재가 (178,400 원) 가 평균 매수 단가 (172,250 원) 대비 안전마진이 확보된 저평가 구간으로 판단. 최근 매도 (192,600 원) 로 확보된 현금 여력을 활용하여 하락장 진입 전 가치 매수 기회로 삼음.""}]}"
chunk_006_2026-04-06_2026-04-10,2026-04-06,2,A020,"[2951, 2960, 2949, 2965, 2950]",2950,[매수] 삼성전자 129주 추가 매수했습니다!,trade_share,unlike,"[""상위 수익자"", ""자산가""]","{""portfolio_summary"": {""state_id"": ""ps_A003_t002"", ""agent_id"": ""A003"", ""turn"": 2, ""date"": ""2026-04-06"", ""cash"": 25265200.0, ""positions"": ""[{\""stock_code\"": \""005930\"", \""quantity\"": 390, \""avg_cost\"": 191627.6923076923, \""current_price\"": 193100.0, \""unrealized_pnl\"": 574199.9999999983, \""unrealized_pnl_rate\"": 0.007683167680919709}]"", ""total_value"": 100574200.0, ""realized_pnl"": 0.0, ""total_return_rate"": 0.005742, ""updated_at"": ""2026-07-16 07:37:36""}, ""recent_trades"": [{""turn"": 10, ""date"": ""2026-04-03"", ""action"": ""buy"", ""stock_code"": ""005930"", ""quantity"": 24, ""executed_price"": 186200.0, ""trade_value"": 4468800.0, ""status"": ""filled"", ""filled_quantity"": 24, ""action_reason"": ""FCF 급증과 메모리 업황 회복으로 내재가치 저평가 구간 확인. 가치투자 관점에서 매수 논리 유효. 기술적 저항선 부근이나 중기 우상향 기대감으로 매수 결정.""}, {""turn"": 9, ""date"": ""2026-04-03"", ""action"": ""buy"", ""stock_code"": ""005930"", ""quantity"": 20, ""executed_price"": 184200.0, ""trade_value"": 3684000.0, ""status"": ""filled"", ""filled_quantity"": 20, ""action_reason"": ""내재가치 매력도 유지 및 적정가 하단 매수 기회 판단에 따라, 장기 투자 관점에서 추가 매수합니다.""}, {""turn"": 8, ""date"": ""2026-04-02"", ""action"": ""buy"", ""stock_code"": ""005930"", ""quantity"": 50, ""executed_price"": 178400.0, ""trade_value"": 8920000.0, ""status"": ""filled"", ""filled_quantity"": 50, ""action_reason"": ""MA20 이탈로 인한 단기 약세는 공포 매도 세력의 과열로 판단되며, 내재가치 대비 저평가 구간 진입 확인. 현금 보유 여력이 충분하여 가치 투자 원칙에 따라 추가 매수.""}]}"
chunk_006_2026-04-06_2026-04-10,2026-04-06,2,A013,"[2951, 2960, 2949, 2965, 2953]",2951,오늘 삼성전자 일부 매도했습니다.,trade_share,like,"[""상위 수익자"", ""자산가"", ""커뮤니티 인플루언서""]",null
chunk_006_2026-04-06_2026-04-10,2026-04-06,2,A013,"[2951, 2960, 2949, 2965, 2953]",2960,오늘 삼성전자 전량 매도했습니다.,trade_share,like,[],null
chunk_006_2026-04-06_2026-04-10,2026-04-06,2,A013,"[2951, 2960, 2949, 2965, 2953]",2949,오늘 삼성전자 추가 매수했습니다!,trade_share,unlike,"[""커뮤니티 인플루언서""]",null
chunk_006_2026-04-06_2026-04-10,2026-04-06,2,A013,"[2951, 2960, 2949, 2965, 2953]",2965,"삼성전자, 기관 매수와 안정성 회복의 신호탄",analysis,unlike,[],null
chunk_006_2026-04-06_2026-04-10,2026-04-06,2,A013,"[2951, 2960, 2949, 2965, 2953]",2953,오늘 삼성전자 120주 매수했습니다!,trade_share,unlike,"[""상위 수익자"", ""자산가""]",null
chunk_006_2026-04-06_2026-04-10,2026-04-06,2,A015,"[2951, 2965, 2947, 2950, 2953]",2951,오늘 삼성전자 일부 매도했습니다.,trade_share,like,"[""상위 수익자"", ""자산가"", ""커뮤니티 인플루언서""]","{""portfolio_summary"": {""state_id"": ""ps_A007_t002"", ""agent_id"": ""A007"", ""turn"": 2, ""date"": ""2026-04-06"", ""cash"": 69485100.0, ""positions"": ""[{\""stock_code\"": \""005930\"", \""quantity\"": 161, \""avg_cost\"": 190900.0, \""current_price\"": 193100.0, \""unrealized_pnl\"": 354200.0, \""unrealized_pnl_rate\"": 0.011524358302776323}]"", ""total_value"": 100574200.0, ""realized_pnl"": 220000.0, ""total_return_rate"": 0.005742, ""updated_at"": ""2026-07-16 07:37:36""}, ""recent_trades"": [{""turn"": 10, ""date"": ""2026-04-03"", ""action"": ""buy"", ""stock_code"": ""005930"", ""quantity"": 100, ""executed_price"": 186200.0, ""trade_value"": 18620000.0, ""status"": ""filled"", ""filled_quantity"": 100, ""action_reason"": ""메모리 가격 상승과 FCF 증가 기대감으로 내재가치 판단 근거가 강화되어 18 만 원대도 저평가 구간으로 판단. 단기 거래량 부진과 MA20 저항이 있으나 중기 상승 추세 유지.""}, {""turn"": 9, ""date"": ""2026-04-03"", ""action"": ""sell"", ""stock_code"": ""005930"", ""quantity"": 50, ""executed_price"": 184200.0, ""trade_value"": 9210000.0, ""status"": ""filled"", ""filled_quantity"": 50, ""action_reason"": ""현재가 (18 만 4 천 원) 가 목표 매수선 (17 만 원) 보다 높아 밸류에이션 안전마진 확보를 위해 일부 매도합니다. 현금 비중이 높아 추가 매수 유연성을 유지하되, 단기 악재에 따른 변동성 대비 리스크 관리에 중점을 둡니다.""}, {""turn"": 8, ""date"": ""2026-04-02"", ""action"": ""sell"", ""stock_code"": ""005930"", ""quantity"": 100, ""executed_price"": 178400.0, ""trade_value"": 17840000.0, ""status"": ""filled"", ""filled_quantity"": 100, ""action_reason"": ""단기 조정 우려로 17 만 원대 지지선 확인 전 하락 지속 예상. 밸류에이션 지표 부재로 저평가 진입 판단 어려우며, 현재 수익 구간에서 일부 매도하여 리스크 관리.""}]}"
chunk_006_2026-04-06_2026-04-10,2026-04-06,2,A015,"[2951, 2965, 2947, 2950, 2953]",2965,"삼성전자, 기관 매수와 안정성 회복의 신호탄",analysis,unlike,[],"{""portfolio_summary"": {""state_id"": ""ps_A019_t002"", ""agent_id"": ""A019"", ""turn"": 2, ""date"": ""2026-04-06"", ""cash"": 81103100.0, ""positions"": ""[{\""stock_code\"": \""005930\"", \""quantity\"": 99, \""avg_cost\"": 190900.0, \""current_price\"": 193100.0, \""unrealized_pnl\"": 217800.0, \""unrealized_pnl_rate\"": 0.011524358302776323}]"", ""total_value"": 100220000.0, ""realized_pnl"": 2200.0, ""total_return_rate"": 0.0022, ""updated_at"": ""2026-07-16 07:37:36""}, ""recent_trades"": [{""turn"": 10, ""date"": ""2026-04-03"", ""action"": ""sell"", ""stock_code"": ""005930"", ""quantity"": 1, ""executed_price"": 186200.0, ""trade_value"": 186200.0, ""status"": ""filled"", ""filled_quantity"": 1, ""action_reason"": ""fallback_decision_after_invalid_llm_output: the model failed to return a valid decision after retry, so the system submitted a minimal valid sell order.""}, {""turn"": 9, ""date"": ""2026-04-03"", ""action"": ""sell"", ""stock_code"": ""005930"", ""quantity"": 50, ""executed_price"": 184200.0, ""trade_value"": 9210000.0, ""status"": ""filled"", ""filled_quantity"": 50, ""action_reason"": ""수익 실현 성향과 변동성 확대 예상에 따라 현금 비중을 높입니다. 추가 하락 시 저가 매수 여력을 확보하기 위함입니다.""}, {""turn"": 8, ""date"": ""2026-04-02"", ""action"": ""buy"", ""stock_code"": ""005930"", ""quantity"": 100, ""executed_price"": 178400.0, ""trade_value"": 17840000.0, ""status"": ""filled"", ""filled_quantity"": 100, ""action_reason"": ""내재가치 관점에서 현재가 (178,400 원) 가 평균 매수 단가 (172,250 원) 대비 안전마진이 확보된 저평가 구간으로 판단. 최근 매도 (192,600 원) 로 확보된 현금 여력을 활용하여 하락장 진입 전 가치 매수 기회로 삼음.""}]}"
chunk_006_2026-04-06_2026-04-10,2026-04-06,2,A015,"[2951, 2965, 2947, 2950, 2953]",2947,오늘 삼성전자 매수했습니다!,trade_share,unlike,[],"{""portfolio_summary"": {""state_id"": ""ps_A004_t002"", ""agent_id"": ""A004"", ""turn"": 2, ""date"": ""2026-04-06"", ""cash"": 30924000.0, ""positions"": ""[{\""stock_code\"": \""005930\"", \""quantity\"": 360, \""avg_cost\"": 191877.77777777778, \""current_price\"": 193100.0, \""unrealized_pnl\"": 439999.99999999884, \""unrealized_pnl_rate\"": 0.006369795587468858}]"", ""total_value"": 100440000.0, ""realized_pnl"": 0.0, ""total_return_rate"": 0.0044, ""updated_at"": ""2026-07-16 07:37:36""}, ""recent_trades"": [{""turn"": 10, ""date"": ""2026-04-03"", ""action"": ""sell"", ""stock_code"": ""005930"", ""quantity"": 100, ""executed_price"": 186200.0, ""trade_value"": 18620000.0, ""status"": ""filled"", ""filled_quantity"": 100, ""action_reason"": ""MA20(186,815 원) 저항선 부근에서 거래량 부족으로 돌파 불확실성이 높으며, 현재 수익 상태이므로 성향에 따라 수익 실현 매도""}, {""turn"": 9, ""date"": ""2026-04-03"", ""action"": ""sell"", ""stock_code"": ""005930"", ""quantity"": 100, ""executed_price"": 184200.0, ""trade_value"": 18420000.0, ""status"": ""filled"", ""filled_quantity"": 100, ""action_reason"": ""현재가 184,200 원으로 평균 매수 단가 184,000 원 회복. MA20 저항선 부근과 메모리 악재로 단기 불확실성 존재. 손익 확정 및 단일 종목 집중 리스크 감소를 위해 보유 물량 100 주 매도.""}, {""turn"": 8, ""date"": ""2026-04-02"", ""action"": ""buy"", ""stock_code"": ""005930"", ""quantity"": 100, ""executed_price"": 178400.0, ""trade_value"": 17840000.0, ""status"": ""filled"", ""filled_quantity"": 100, ""action_reason"": ""현재가 178,400 원으로 평균 매수 단가 대비 손실 상태이며, MA5 지지선 유지 중이므로 페르소나의 손실 시 추가 매수 성향에 따라 평균 단가 하향을 위해 매수합니다.""}]}"
chunk_006_2026-04-06_2026-04-10,2026-04-06,2,A015,"[2951, 2965, 2947, 2950, 2953]",2950,[매수] 삼성전자 129주 추가 매수했습니다!,trade_share,unlike,"[""상위 수익자"", ""자산가""]","{""portfolio_summary"": {""state_id"": ""ps_A003_t002"", ""agent_id"": ""A003"", ""turn"": 2, ""date"": ""2026-04-06"", ""cash"": 25265200.0, ""positions"": ""[{\""stock_code\"": \""005930\"", \""quantity\"": 390, \""avg_cost\"": 191627.6923076923, \""current_price\"": 193100.0, \""unrealized_pnl\"": 574199.9999999983, \""unrealized_pnl_rate\"": 0.007683167680919709}]"", ""total_value"": 100574200.0, ""realized_pnl"": 0.0, ""total_return_rate"": 0.005742, ""updated_at"": ""2026-07-16 07:37:36""}, ""recent_trades"": [{""turn"": 10, ""date"": ""2026-04-03"", ""action"": ""buy"", ""stock_code"": ""005930"", ""quantity"": 24, ""executed_price"": 186200.0, ""trade_value"": 4468800.0, ""status"": ""filled"", ""filled_quantity"": 24, ""action_reason"": ""FCF 급증과 메모리 업황 회복으로 내재가치 저평가 구간 확인. 가치투자 관점에서 매수 논리 유효. 기술적 저항선 부근이나 중기 우상향 기대감으로 매수 결정.""}, {""turn"": 9, ""date"": ""2026-04-03"", ""action"": ""buy"", ""stock_code"": ""005930"", ""quantity"": 20, ""executed_price"": 184200.0, ""trade_value"": 3684000.0, ""status"": ""filled"", ""filled_quantity"": 20, ""action_reason"": ""내재가치 매력도 유지 및 적정가 하단 매수 기회 판단에 따라, 장기 투자 관점에서 추가 매수합니다.""}, {""turn"": 8, ""date"": ""2026-04-02"", ""action"": ""buy"", ""stock_code"": ""005930"", ""quantity"": 50, ""executed_price"": 178400.0, ""trade_value"": 8920000.0, ""status"": ""filled"", ""filled_quantity"": 50, ""action_reason"": ""MA20 이탈로 인한 단기 약세는 공포 매도 세력의 과열로 판단되며, 내재가치 대비 저평가 구간 진입 확인. 현금 보유 여력이 충분하여 가치 투자 원칙에 따라 추가 매수.""}]}"
chunk_006_2026-04-06_2026-04-10,2026-04-06,2,A015,"[2951, 2965, 2947, 2950, 2953]",2953,오늘 삼성전자 120주 매수했습니다!,trade_share,read,"[""상위 수익자"", ""자산가""]","{""portfolio_summary"": {""state_id"": ""ps_A010_t002"", ""agent_id"": ""A010"", ""turn"": 2, ""date"": ""2026-04-06"", ""cash"": 27003100.0, ""positions"": ""[{\""stock_code\"": \""005930\"", \""quantity\"": 381, \""avg_cost\"": 191592.91338582677, \""current_price\"": 193100.0, \""unrealized_pnl\"": 574199.9999999991, \""unrealized_pnl_rate\"": 0.007866087463988184}]"", ""total_value"": 100574200.0, ""realized_pnl"": 0.0, ""total_return_rate"": 0.005742, ""updated_at"": ""2026-07-16 07:37:36""}, ""recent_trades"": [{""turn"": 10, ""date"": ""2026-04-03"", ""action"": ""sell"", ""stock_code"": ""005930"", ""quantity"": 20, ""executed_price"": 186200.0, ""trade_value"": 3724000.0, ""status"": ""filled"", ""filled_quantity"": 20, ""action_reason"": ""현재가 18 만 6 천 원은 MA20 경계선으로 단기 조정 가능성 존재. 수익 구간이므로 일부 수익 실현을 통해 현금 비중을 높이고, belief 에서 언급한 17 만 원대 지지선 매수 기회를 대비합니다.""}, {""turn"": 9, ""date"": ""2026-04-03"", ""action"": ""sell"", ""stock_code"": ""005930"", ""quantity"": 50, ""executed_price"": 184200.0, ""trade_value"": 9210000.0, ""status"": ""filled"", ""filled_quantity"": 50, ""action_reason"": ""3 분기 메모리 가격 하락이 확정되어 단기 악재가 반영된 상태이며, 현재가 (18 만 4 천 원) 가 내재가치 (17 만 8 천 원) 대비 비싸게 평가되어 수익 구간에서 일부 매도합니다.""}, {""turn"": 8, ""date"": ""2026-04-02"", ""action"": ""buy"", ""stock_code"": ""005930"", ""quantity"": 50, ""executed_price"": 178400.0, ""trade_value"": 8920000.0, ""status"": ""filled"", ""filled_quantity"": 50, ""action_reason"": ""17 만 8 천 원대 지지력 확인 및 AI 장기 성장성 유지로 가치 매수 기회로 판단. 수익 보유 중이므로 단기 조정 시 추가 매수로 내재가치 확보.""}]}"
chunk_006_2026-04-06_2026-04-10,2026-04-06,2,A017,"[2951, 2960, 2949, 2965, 2950]",2951,오늘 삼성전자 일부 매도했습니다.,trade_share,like,"[""상위 수익자"", ""자산가"", ""커뮤니티 인플루언서""]","{""portfolio_summary"": {""state_id"": ""ps_A007_t002"", ""agent_id"": ""A007"", ""turn"": 2, ""date"": ""2026-04-06"", ""cash"": 69485100.0, ""positions"": ""[{\""stock_code\"": \""005930\"", \""quantity\"": 161, \""avg_cost\"": 190900.0, \""current_price\"": 193100.0, \""unrealized_pnl\"": 354200.0, \""unrealized_pnl_rate\"": 0.011524358302776323}]"", ""total_value"": 100574200.0, ""realized_pnl"": 220000.0, ""total_return_rate"": 0.005742, ""updated_at"": ""2026-07-16 07:37:36""}, ""recent_trades"": [{""turn"": 10, ""date"": ""2026-04-03"", ""action"": ""buy"", ""stock_code"": ""005930"", ""quantity"": 100, ""executed_price"": 186200.0, ""trade_value"": 18620000.0, ""status"": ""filled"", ""filled_quantity"": 100, ""action_reason"": ""메모리 가격 상승과 FCF 증가 기대감으로 내재가치 판단 근거가 강화되어 18 만 원대도 저평가 구간으로 판단. 단기 거래량 부진과 MA20 저항이 있으나 중기 상승 추세 유지.""}, {""turn"": 9, ""date"": ""2026-04-03"", ""action"": ""sell"", ""stock_code"": ""005930"", ""quantity"": 50, ""executed_price"": 184200.0, ""trade_value"": 9210000.0, ""status"": ""filled"", ""filled_quantity"": 50, ""action_reason"": ""현재가 (18 만 4 천 원) 가 목표 매수선 (17 만 원) 보다 높아 밸류에이션 안전마진 확보를 위해 일부 매도합니다. 현금 비중이 높아 추가 매수 유연성을 유지하되, 단기 악재에 따른 변동성 대비 리스크 관리에 중점을 둡니다.""}, {""turn"": 8, ""date"": ""2026-04-02"", ""action"": ""sell"", ""stock_code"": ""005930"", ""quantity"": 100, ""executed_price"": 178400.0, ""trade_value"": 17840000.0, ""status"": ""filled"", ""filled_quantity"": 100, ""action_reason"": ""단기 조정 우려로 17 만 원대 지지선 확인 전 하락 지속 예상. 밸류에이션 지표 부재로 저평가 진입 판단 어려우며, 현재 수익 구간에서 일부 매도하여 리스크 관리.""}]}"
chunk_006_2026-04-06_2026-04-10,2026-04-06,2,A017,"[2951, 2960, 2949, 2965, 2950]",2960,오늘 삼성전자 전량 매도했습니다.,trade_share,like,[],"{""portfolio_summary"": {""state_id"": ""ps_A015_t002"", ""agent_id"": ""A015"", ""turn"": 2, ""date"": ""2026-04-06"", ""cash"": 100440000.0, ""positions"": ""[]"", ""total_value"": 100440000.0, ""realized_pnl"": 440000.0, ""total_return_rate"": 0.0044, ""updated_at"": ""2026-07-16 07:37:36""}, ""recent_trades"": [{""turn"": 10, ""date"": ""2026-04-03"", ""action"": ""buy"", ""stock_code"": ""005930"", ""quantity"": 150, ""executed_price"": 186200.0, ""trade_value"": 27930000.0, ""status"": ""filled"", ""filled_quantity"": 150, ""action_reason"": ""FCF 급증 기대감과 내재가치 저평가 평가 (18 만 원대 진입 원칙 근접) 에 따라 매수 기회로 판단. 현금 여력 충분.""}, {""turn"": 9, ""date"": ""2026-04-03"", ""action"": ""buy"", ""stock_code"": ""005930"", ""quantity"": 50, ""executed_price"": 184200.0, ""trade_value"": 9210000.0, ""status"": ""filled"", ""filled_quantity"": 50, ""action_reason"": ""저평가 구간 진입 및 기관 매수세 확인으로 가치 투자 관점에서 매수 기회로 판단.""}, {""turn"": 8, ""date"": ""2026-04-02"", ""action"": ""buy"", ""stock_code"": ""005930"", ""quantity"": 50, ""executed_price"": 178400.0, ""trade_value"": 8920000.0, ""status"": ""filled"", ""filled_quantity"": 50, ""action_reason"": ""17 만 원대 저평가 구간 진입 확인 및 높은 현금 여력을 바탕으로 가치 투자 원칙에 따라 제한적으로 매수합니다.""}]}"
chunk_006_2026-04-06_2026-04-10,2026-04-06,2,A017,"[2951, 2960, 2949, 2965, 2950]",2949,오늘 삼성전자 추가 매수했습니다!,trade_share,unlike,"[""커뮤니티 인플루언서""]","{""portfolio_summary"": {""state_id"": ""ps_A005_t002"", ""agent_id"": ""A005"", ""turn"": 2, ""date"": ""2026-04-06"", ""cash"": 32965000.0, ""positions"": ""[{\""stock_code\"": \""005930\"", \""quantity\"": 350, \""avg_cost\"": 191528.57142857142, \""current_price\"": 193100.0, \""unrealized_pnl\"": 550000.0000000029, \""unrealized_pnl_rate\"": 0.008204669202655373}]"", ""total_value"": 100550000.0, ""realized_pnl"": 0.0, ""total_return_rate"": 0.0055, ""updated_at"": ""2026-07-16 07:37:36""}, ""recent_trades"": [{""turn"": 10, ""date"": ""2026-04-03"", ""action"": ""buy"", ""stock_code"": ""005930"", ""quantity"": 40, ""executed_price"": 186200.0, ""trade_value"": 7448000.0, ""status"": ""filled"", ""filled_quantity"": 40, ""action_reason"": ""FCF 급증으로 내재가치 대비 저평가 구간이 지속되며, Belief 의 매수 관점과 일치합니다. 단기 기술적 저항이 있으나 현금 흐름 기반의 방어적 매수입니다.""}, {""turn"": 9, ""date"": ""2026-04-03"", ""action"": ""sell"", ""stock_code"": ""005930"", ""quantity"": 20, ""executed_price"": 184200.0, ""trade_value"": 3684000.0, ""status"": ""filled"", ""filled_quantity"": 20, ""action_reason"": ""단기 약세 흐름과 17 만 원대 매수 목표가 미달성된 현재 가격 (18 만 4 천 원) 을 고려하여, 수익 실현과 함께 17 만 원대 진입을 위한 현금 확보를 우선시합니다.""}, {""turn"": 8, ""date"": ""2026-04-02"", ""action"": ""sell"", ""stock_code"": ""005930"", ""quantity"": 20, ""executed_price"": 178400.0, ""trade_value"": 3568000.0, ""status"": ""filled"", ""filled_quantity"": 20, ""action_reason"": ""유동성 확보 우선 원칙에 따라 현금 비중을 높입니다. 현재가 (178,400 원) 가 목표 매수 구간 (17 만 원대) 에 근접했으나 완전한 저가 구간은 아니므로, 추가 하락 대비 방어선을 확보합니다.""}]}"
chunk_006_2026-04-06_2026-04-10,2026-04-06,2,A017,"[2951, 2960, 2949, 2965, 2950]",2965,"삼성전자, 기관 매수와 안정성 회복의 신호탄",analysis,read,[],"{""portfolio_summary"": {""state_id"": ""ps_A019_t002"", ""agent_id"": ""A019"", ""turn"": 2, ""date"": ""2026-04-06"", ""cash"": 81103100.0, ""positions"": ""[{\""stock_code\"": \""005930\"", \""quantity\"": 99, \""avg_cost\"": 190900.0, \""current_price\"": 193100.0, \""unrealized_pnl\"": 217800.0, \""unrealized_pnl_rate\"": 0.011524358302776323}]"", ""total_value"": 100220000.0, ""realized_pnl"": 2200.0, ""total_return_rate"": 0.0022, ""updated_at"": ""2026-07-16 07:37:36""}, ""recent_trades"": [{""turn"": 10, ""date"": ""2026-04-03"", ""action"": ""sell"", ""stock_code"": ""005930"", ""quantity"": 1, ""executed_price"": 186200.0, ""trade_value"": 186200.0, ""status"": ""filled"", ""filled_quantity"": 1, ""action_reason"": ""fallback_decision_after_invalid_llm_output: the model failed to return a valid decision after retry, so the system submitted a minimal valid sell order.""}, {""turn"": 9, ""date"": ""2026-04-03"", ""action"": ""sell"", ""stock_code"": ""005930"", ""quantity"": 50, ""executed_price"": 184200.0, ""trade_value"": 9210000.0, ""status"": ""filled"", ""filled_quantity"": 50, ""action_reason"": ""수익 실현 성향과 변동성 확대 예상에 따라 현금 비중을 높입니다. 추가 하락 시 저가 매수 여력을 확보하기 위함입니다.""}, {""turn"": 8, ""date"": ""2026-04-02"", ""action"": ""buy"", ""stock_code"": ""005930"", ""quantity"": 100, ""executed_price"": 178400.0, ""trade_value"": 17840000.0, ""status"": ""filled"", ""filled_quantity"": 100, ""action_reason"": ""내재가치 관점에서 현재가 (178,400 원) 가 평균 매수 단가 (172,250 원) 대비 안전마진이 확보된 저평가 구간으로 판단. 최근 매도 (192,600 원) 로 확보된 현금 여력을 활용하여 하락장 진입 전 가치 매수 기회로 삼음.""}]}"
chunk_006_2026-04-06_2026-04-10,2026-04-06,2,A017,"[2951, 2960, 2949, 2965, 2950]",2950,[매수] 삼성전자 129주 추가 매수했습니다!,trade_share,unlike,"[""상위 수익자"", ""자산가""]","{""portfolio_summary"": {""state_id"": ""ps_A003_t002"", ""agent_id"": ""A003"", ""turn"": 2, ""date"": ""2026-04-06"", ""cash"": 25265200.0, ""positions"": ""[{\""stock_code\"": \""005930\"", \""quantity\"": 390, \""avg_cost\"": 191627.6923076923, \""current_price\"": 193100.0, \""unrealized_pnl\"": 574199.9999999983, \""unrealized_pnl_rate\"": 0.007683167680919709}]"", ""total_value"": 100574200.0, ""realized_pnl"": 0.0, ""total_return_rate"": 0.005742, ""updated_at"": ""2026-07-16 07:37:36""}, ""recent_trades"": [{""turn"": 10, ""date"": ""2026-04-03"", ""action"": ""buy"", ""stock_code"": ""005930"", ""quantity"": 24, ""executed_price"": 186200.0, ""trade_value"": 4468800.0, ""status"": ""filled"", ""filled_quantity"": 24, ""action_reason"": ""FCF 급증과 메모리 업황 회복으로 내재가치 저평가 구간 확인. 가치투자 관점에서 매수 논리 유효. 기술적 저항선 부근이나 중기 우상향 기대감으로 매수 결정.""}, {""turn"": 9, ""date"": ""2026-04-03"", ""action"": ""buy"", ""stock_code"": ""005930"", ""quantity"": 20, ""executed_price"": 184200.0, ""trade_value"": 3684000.0, ""status"": ""filled"", ""filled_quantity"": 20, ""action_reason"": ""내재가치 매력도 유지 및 적정가 하단 매수 기회 판단에 따라, 장기 투자 관점에서 추가 매수합니다.""}, {""turn"": 8, ""date"": ""2026-04-02"", ""action"": ""buy"", ""stock_code"": ""005930"", ""quantity"": 50, ""executed_price"": 178400.0, ""trade_value"": 8920000.0, ""status"": ""filled"", ""filled_quantity"": 50, ""action_reason"": ""MA20 이탈로 인한 단기 약세는 공포 매도 세력의 과열로 판단되며, 내재가치 대비 저평가 구간 진입 확인. 현금 보유 여력이 충분하여 가치 투자 원칙에 따라 추가 매수.""}]}"
chunk_006_2026-04-06_2026-04-10,2026-04-06,2,A022,"[2951, 2960, 2949, 2965, 2950]",2951,오늘 삼성전자 일부 매도했습니다.,trade_share,like,"[""상위 수익자"", ""자산가"", ""커뮤니티 인플루언서""]",null
chunk_006_2026-04-06_2026-04-10,2026-04-06,2,A022,"[2951, 2960, 2949, 2965, 2950]",2960,오늘 삼성전자 전량 매도했습니다.,trade_share,like,[],null
chunk_006_2026-04-06_2026-04-10,2026-04-06,2,A022,"[2951, 2960, 2949, 2965, 2950]",2949,오늘 삼성전자 추가 매수했습니다!,trade_share,unlike,"[""커뮤니티 인플루언서""]",null
chunk_006_2026-04-06_2026-04-10,2026-04-06,2,A022,"[2951, 2960, 2949, 2965, 2950]",2965,"삼성전자, 기관 매수와 안정성 회복의 신호탄",analysis,unlike,[],null
chunk_006_2026-04-06_2026-04-10,2026-04-06,2,A022,"[2951, 2960, 2949, 2965, 2950]",2950,[매수] 삼성전자 129주 추가 매수했습니다!,trade_share,unlike,"[""상위 수익자"", ""자산가""]",null
chunk_006_2026-04-06_2026-04-10,2026-04-06,2,A019,"[2950, 2951, 2960, 2949, 2954]",2950,[매수] 삼성전자 129주 추가 매수했습니다!,trade_share,unlike,"[""상위 수익자"", ""자산가""]",null
chunk_006_2026-04-06_2026-04-10,2026-04-06,2,A019,"[2950, 2951, 2960, 2949, 2954]",2951,오늘 삼성전자 일부 매도했습니다.,trade_share,like,"[""상위 수익자"", ""자산가"", ""커뮤니티 인플루언서""]",null
chunk_006_2026-04-06_2026-04-10,2026-04-06,2,A019,"[2950, 2951, 2960, 2949, 2954]",2960,오늘 삼성전자 전량 매도했습니다.,trade_share,like,[],null
chunk_006_2026-04-06_2026-04-10,2026-04-06,2,A019,"[2950, 2951, 2960, 2949, 2954]",2949,오늘 삼성전자 추가 매수했습니다!,trade_share,unlike,"[""커뮤니티 인플루언서""]",null
chunk_006_2026-04-06_2026-04-10,2026-04-06,2,A019,"[2950, 2951, 2960, 2949, 2954]",2954,오늘 삼성전자 추가 매수했습니다!,trade_share,unlike,"[""상위 수익자"", ""자산가"", ""커뮤니티 인플루언서""]",null
chunk_006_2026-04-06_2026-04-10,2026-04-06,2,A025,"[2950, 2951, 2965, 2949, 2960]",2950,[매수] 삼성전자 129주 추가 매수했습니다!,trade_share,unlike,"[""상위 수익자"", ""자산가""]",null
chunk_006_2026-04-06_2026-04-10,2026-04-06,2,A025,"[2950, 2951, 2965, 2949, 2960]",2951,오늘 삼성전자 일부 매도했습니다.,trade_share,like,"[""상위 수익자"", ""자산가"", ""커뮤니티 인플루언서""]",null
chunk_006_2026-04-06_2026-04-10,2026-04-06,2,A025,"[2950, 2951, 2965, 2949, 2960]",2965,"삼성전자, 기관 매수와 안정성 회복의 신호탄",analysis,read,[],null
chunk_006_2026-04-06_2026-04-10,2026-04-06,2,A025,"[2950, 2951, 2965, 2949, 2960]",2949,오늘 삼성전자 추가 매수했습니다!,trade_share,unlike,"[""커뮤니티 인플루언서""]",null
chunk_006_2026-04-06_2026-04-10,2026-04-06,2,A025,"[2950, 2951, 2965, 2949, 2960]",2960,오늘 삼성전자 전량 매도했습니다.,trade_share,like,[],null
chunk_006_2026-04-06_2026-04-10,2026-04-06,2,A026,"[2951, 2960, 2965, 2949, 2954]",2951,오늘 삼성전자 일부 매도했습니다.,trade_share,like,"[""상위 수익자"", ""자산가"", ""커뮤니티 인플루언서""]",null
chunk_006_2026-04-06_2026-04-10,2026-04-06,2,A026,"[2951, 2960, 2965, 2949, 2954]",2960,오늘 삼성전자 전량 매도했습니다.,trade_share,like,[],null
chunk_006_2026-04-06_2026-04-10,2026-04-06,2,A026,"[2951, 2960, 2965, 2949, 2954]",2965,"삼성전자, 기관 매수와 안정성 회복의 신호탄",analysis,read,[],null
chunk_006_2026-04-06_2026-04-10,2026-04-06,2,A026,"[2951, 2960, 2965, 2949, 2954]",2949,오늘 삼성전자 추가 매수했습니다!,trade_share,unlike,"[""커뮤니티 인플루언서""]",null
chunk_006_2026-04-06_2026-04-10,2026-04-06,2,A026,"[2951, 2960, 2965, 2949, 2954]",2954,오늘 삼성전자 추가 매수했습니다!,trade_share,unlike,"[""상위 수익자"", ""자산가"", ""커뮤니티 인플루언서""]",null
chunk_006_2026-04-06_2026-04-10,2026-04-06,2,A027,"[2950, 2951, 2960, 2965, 2949]",2950,[매수] 삼성전자 129주 추가 매수했습니다!,trade_share,read,"[""상위 수익자"", ""자산가""]",null
chunk_006_2026-04-06_2026-04-10,2026-04-06,2,A027,"[2950, 2951, 2960, 2965, 2949]",2951,오늘 삼성전자 일부 매도했습니다.,trade_share,like,"[""상위 수익자"", ""자산가"", ""커뮤니티 인플루언서""]",null
chunk_006_2026-04-06_2026-04-10,2026-04-06,2,A027,"[2950, 2951, 2960, 2965, 2949]",2960,오늘 삼성전자 전량 매도했습니다.,trade_share,like,[],null
chunk_006_2026-04-06_2026-04-10,2026-04-06,2,A027,"[2950, 2951, 2960, 2965, 2949]",2965,"삼성전자, 기관 매수와 안정성 회복의 신호탄",analysis,read,[],null
chunk_006_2026-04-06_2026-04-10,2026-04-06,2,A027,"[2950, 2951, 2960, 2965, 2949]",2949,오늘 삼성전자 추가 매수했습니다!,trade_share,unlike,"[""커뮤니티 인플루언서""]",null
chunk_006_2026-04-06_2026-04-10,2026-04-07,4,A008,"[2969, 2982, 2984, 2971, 2985]",2969,"삼성전자, 신중한 접근 필요성에 대한 생각",analysis,like,"[""커뮤니티 인플루언서""]",null
chunk_006_2026-04-06_2026-04-10,2026-04-07,4,A008,"[2969, 2982, 2984, 2971, 2985]",2982,"삼성전자, 확실한 상승 모멘텀과 신중한 접근 필요",analysis,like,[],null
chunk_006_2026-04-06_2026-04-10,2026-04-07,4,A008,"[2969, 2982, 2984, 2971, 2985]",2984,삼성전자 투자 관점 변화와 향후 전략,analysis,unlike,"[""커뮤니티 인플루언서""]",null
chunk_006_2026-04-06_2026-04-10,2026-04-07,4,A008,"[2969, 2982, 2984, 2971, 2985]",2971,오늘 삼성전자 매도했습니다.,trade_share,read,[],null
chunk_006_2026-04-06_2026-04-10,2026-04-07,4,A008,"[2969, 2982, 2984, 2971, 2985]",2985,오늘 삼성전자 전량 매도했습니다!,trade_share,read,[],null
chunk_006_2026-04-06_2026-04-10,2026-04-07,4,A010,"[2969, 2984, 2971, 2982, 2974]",2969,"삼성전자, 신중한 접근 필요성에 대한 생각",analysis,like,"[""커뮤니티 인플루언서""]",null
chunk_006_2026-04-06_2026-04-10,2026-04-07,4,A010,"[2969, 2984, 2971, 2982, 2974]",2984,삼성전자 투자 관점 변화와 향후 전략,analysis,like,"[""커뮤니티 인플루언서""]",null
chunk_006_2026-04-06_2026-04-10,2026-04-07,4,A010,"[2969, 2984, 2971, 2982, 2974]",2971,오늘 삼성전자 매도했습니다.,trade_share,unlike,[],null
chunk_006_2026-04-06_2026-04-10,2026-04-07,4,A010,"[2969, 2984, 2971, 2982, 2974]",2982,"삼성전자, 확실한 상승 모멘텀과 신중한 접근 필요",analysis,read,[],null
chunk_006_2026-04-06_2026-04-10,2026-04-07,4,A010,"[2969, 2984, 2971, 2982, 2974]",2974,오늘 삼성전자 일부 매도했습니다.,trade_share,like,"[""커뮤니티 인플루언서""]",null
chunk_006_2026-04-06_2026-04-10,2026-04-07,4,A004,"[2969, 2982, 2984, 2971]",2969,"삼성전자, 신중한 접근 필요성에 대한 생각",analysis,like,"[""커뮤니티 인플루언서""]",null
chunk_006_2026-04-06_2026-04-10,2026-04-07,4,A004,"[2969, 2982, 2984, 2971]",2982,"삼성전자, 확실한 상승 모멘텀과 신중한 접근 필요",analysis,read,[],null
chunk_006_2026-04-06_2026-04-10,2026-04-07,4,A004,"[2969, 2982, 2984, 2971]",2984,삼성전자 투자 관점 변화와 향후 전략,analysis,unlike,"[""커뮤니티 인플루언서""]",null
chunk_006_2026-04-06_2026-04-10,2026-04-07,4,A004,"[2969, 2982, 2984, 2971]",2971,오늘 삼성전자 매도했습니다.,trade_share,like,[],null
chunk_006_2026-04-06_2026-04-10,2026-04-07,4,A005,"[2969, 2982, 2984, 2971, 2974]",2969,"삼성전자, 신중한 접근 필요성에 대한 생각",analysis,like,"[""커뮤니티 인플루언서""]",null
chunk_006_2026-04-06_2026-04-10,2026-04-07,4,A005,"[2969, 2982, 2984, 2971, 2974]",2982,"삼성전자, 확실한 상승 모멘텀과 신중한 접근 필요",analysis,read,[],null
chunk_006_2026-04-06_2026-04-10,2026-04-07,4,A005,"[2969, 2982, 2984, 2971, 2974]",2984,삼성전자 투자 관점 변화와 향후 전략,analysis,like,"[""커뮤니티 인플루언서""]",null
chunk_006_2026-04-06_2026-04-10,2026-04-07,4,A005,"[2969, 2982, 2984, 2971, 2974]",2971,오늘 삼성전자 매도했습니다.,trade_share,unlike,[],null
chunk_006_2026-04-06_2026-04-10,2026-04-07,4,A005,"[2969, 2982, 2984, 2971, 2974]",2974,오늘 삼성전자 일부 매도했습니다.,trade_share,like,"[""커뮤니티 인플루언서""]",null
chunk_006_2026-04-06_2026-04-10,2026-04-07,4,A003,"[2969, 2982, 2984, 2971, 2985]",2969,"삼성전자, 신중한 접근 필요성에 대한 생각",analysis,like,"[""커뮤니티 인플루언서""]",null
chunk_006_2026-04-06_2026-04-10,2026-04-07,4,A003,"[2969, 2982, 2984, 2971, 2985]",2982,"삼성전자, 확실한 상승 모멘텀과 신중한 접근 필요",analysis,read,[],null
chunk_006_2026-04-06_2026-04-10,2026-04-07,4,A003,"[2969, 2982, 2984, 2971, 2985]",2984,삼성전자 투자 관점 변화와 향후 전략,analysis,like,"[""커뮤니티 인플루언서""]",null
chunk_006_2026-04-06_2026-04-10,2026-04-07,4,A003,"[2969, 2982, 2984, 2971, 2985]",2971,오늘 삼성전자 매도했습니다.,trade_share,unlike,[],null
chunk_006_2026-04-06_2026-04-10,2026-04-07,4,A003,"[2969, 2982, 2984, 2971, 2985]",2985,오늘 삼성전자 전량 매도했습니다!,trade_share,unlike,[],null
chunk_006_2026-04-06_2026-04-10,2026-04-07,4,A001,"[2969, 2982, 2984, 2971, 2985]",2969,"삼성전자, 신중한 접근 필요성에 대한 생각",analysis,like,"[""커뮤니티 인플루언서""]",null
chunk_006_2026-04-06_2026-04-10,2026-04-07,4,A001,"[2969, 2982, 2984, 2971, 2985]",2982,"삼성전자, 확실한 상승 모멘텀과 신중한 접근 필요",analysis,read,[],null
chunk_006_2026-04-06_2026-04-10,2026-04-07,4,A001,"[2969, 2982, 2984, 2971, 2985]",2984,삼성전자 투자 관점 변화와 향후 전략,analysis,like,"[""커뮤니티 인플루언서""]",null
chunk_006_2026-04-06_2026-04-10,2026-04-07,4,A001,"[2969, 2982, 2984, 2971, 2985]",2971,오늘 삼성전자 매도했습니다.,trade_share,unlike,[],null
chunk_006_2026-04-06_2026-04-10,2026-04-07,4,A001,"[2969, 2982, 2984, 2971, 2985]",2985,오늘 삼성전자 전량 매도했습니다!,trade_share,read,[],null
chunk_006_2026-04-06_2026-04-10,2026-04-07,4,A007,"[2967, 2971, 2974, 2982, 2984]",2967,오늘 삼성전자 매수했습니다!,trade_share,unlike,"[""상위 수익자"", ""자산가""]","{""portfolio_summary"": {""state_id"": ""ps_A003_t004"", ""agent_id"": ""A003"", ""turn"": 4, ""date"": ""2026-04-07"", ""cash"": 25540200.0, ""positions"": ""[{\""stock_code\"": \""005930\"", \""quantity\"": 390, \""avg_cost\"": 192252.34714003946, \""current_price\"": 196500.0, \""unrealized_pnl\"": 1656584.6153846094, \""unrealized_pnl_rate\"": 0.022094153455856035}]"", ""total_value"": 102175200.0, ""realized_pnl"": 518615.3846153844, ""total_return_rate"": 0.021752, ""updated_at"": ""2026-07-16 07:58:48""}, ""recent_trades"": [{""turn"": 10, ""date"": ""2026-04-03"", ""action"": ""buy"", ""stock_code"": ""005930"", ""quantity"": 24, ""executed_price"": 186200.0, ""trade_value"": 4468800.0, ""status"": ""filled"", ""filled_quantity"": 24, ""action_reason"": ""FCF 급증과 메모리 업황 회복으로 내재가치 저평가 구간 확인. 가치투자 관점에서 매수 논리 유효. 기술적 저항선 부근이나 중기 우상향 기대감으로 매수 결정.""}, {""turn"": 9, ""date"": ""2026-04-03"", ""action"": ""buy"", ""stock_code"": ""005930"", ""quantity"": 20, ""executed_price"": 184200.0, ""trade_value"": 3684000.0, ""status"": ""filled"", ""filled_quantity"": 20, ""action_reason"": ""내재가치 매력도 유지 및 적정가 하단 매수 기회 판단에 따라, 장기 투자 관점에서 추가 매수합니다.""}, {""turn"": 8, ""date"": ""2026-04-02"", ""action"": ""buy"", ""stock_code"": ""005930"", ""quantity"": 50, ""executed_price"": 178400.0, ""trade_value"": 8920000.0, ""status"": ""filled"", ""filled_quantity"": 50, ""action_reason"": ""MA20 이탈로 인한 단기 약세는 공포 매도 세력의 과열로 판단되며, 내재가치 대비 저평가 구간 진입 확인. 현금 보유 여력이 충분하여 가치 투자 원칙에 따라 추가 매수.""}]}"
chunk_006_2026-04-06_2026-04-10,2026-04-07,4,A007,"[2967, 2971, 2974, 2982, 2984]",2971,오늘 삼성전자 매도했습니다.,trade_share,like,[],"{""portfolio_summary"": {""state_id"": ""ps_A006_t004"", ""agent_id"": ""A006"", ""turn"": 4, ""date"": ""2026-04-07"", ""cash"": 101280000.0, ""positions"": ""[]"", ""total_value"": 101280000.0, ""realized_pnl"": 1279999.9999999986, ""total_return_rate"": 0.0128, ""updated_at"": ""2026-07-16 07:58:48""}, ""recent_trades"": [{""turn"": 10, ""date"": ""2026-04-03"", ""action"": ""sell"", ""stock_code"": ""005930"", ""quantity"": 50, ""executed_price"": 186200.0, ""trade_value"": 9310000.0, ""status"": ""filled"", ""filled_quantity"": 50, ""action_reason"": ""MA20(186,815 원) 저항선 부근에서 거래량 감소로 단기 상승 동력 약화. 현재가 (186,200 원) 가 매수 단가 (184,200 원) 대비 소수익 상태이므로 처분효과에 따라 일부 수익 실현. FCF 호재로 중장기 하방 경직성은 유지하되, 단기 기술적 리스크 회피.""}, {""turn"": 9, ""date"": ""2026-04-03"", ""action"": ""buy"", ""stock_code"": ""005930"", ""quantity"": 200, ""executed_price"": 184200.0, ""trade_value"": 36840000.0, ""status"": ""filled"", ""filled_quantity"": 200, ""action_reason"": ""기관 매수세 (연기금) 로 하방 경직성이 확인되어 기술적 저항선 (MA20) 부근에서도 제한적으로 진입합니다.""}, {""turn"": 8, ""date"": ""2026-04-02"", ""action"": ""sell"", ""stock_code"": ""005930"", ""quantity"": 70, ""executed_price"": 178400.0, ""trade_value"": 12488000.0, ""status"": ""filled"", ""filled_quantity"": 70, ""action_reason"": ""MA20 하향 돌파 및 거래량 증가로 단기 약세 전환. 수익 확정 욕구 (처분효과) 와 현금 비중 확보 필요성으로 매도 결정.""}]}"
chunk_006_2026-04-06_2026-04-10,2026-04-07,4,A007,"[2967, 2971, 2974, 2982, 2984]",2974,오늘 삼성전자 일부 매도했습니다.,trade_share,like,"[""커뮤니티 인플루언서""]","{""portfolio_summary"": {""state_id"": ""ps_A008_t004"", ""agent_id"": ""A008"", ""turn"": 4, ""date"": ""2026-04-07"", ""cash"": 21115200.0, ""positions"": ""[{\""stock_code\"": \""005930\"", \""quantity\"": 410, \""avg_cost\"": 192592.55813953487, \""current_price\"": 196500.0, \""unrealized_pnl\"": 1602051.162790703, \""unrealized_pnl_rate\"": 0.02028864405879149}]"", ""total_value"": 101680200.0, ""realized_pnl"": 78148.83720930258, ""total_return_rate"": 0.016802, ""updated_at"": ""2026-07-16 07:58:48""}, ""recent_trades"": [{""turn"": 10, ""date"": ""2026-04-03"", ""action"": ""sell"", ""stock_code"": ""005930"", ""quantity"": 1, ""executed_price"": 186200.0, ""trade_value"": 186200.0, ""status"": ""filled"", ""filled_quantity"": 1, ""action_reason"": ""fallback_decision_after_invalid_llm_output: the model failed to return a valid decision after retry, so the system submitted a minimal valid sell order.""}, {""turn"": 9, ""date"": ""2026-04-03"", ""action"": ""sell"", ""stock_code"": ""005930"", ""quantity"": 100, ""executed_price"": 184200.0, ""trade_value"": 18420000.0, ""status"": ""filled"", ""filled_quantity"": 100, ""action_reason"": ""현재 주가가 MA20(18 만 6 천 9 백 원) 저항선 근처에 위치하여 단기 상승 모멘텀이 제한적일 것으로 판단됨. 기술적 지표와 방어적 관점에 따라 수익 실현 매도를 실행합니다.""}, {""turn"": 8, ""date"": ""2026-04-02"", ""action"": ""sell"", ""stock_code"": ""005930"", ""quantity"": 100, ""executed_price"": 178400.0, ""trade_value"": 17840000.0, ""status"": ""filled"", ""filled_quantity"": 100, ""action_reason"": ""MA20 이탈로 단기 하락 추세 전환 확인, 수익 구간 유지 중이지만 추가 하락 우려로 수익 보호 필요. 17 만 원대 지지선 확인 전 매수 타이밍 아님.""}]}"
chunk_006_2026-04-06_2026-04-10,2026-04-07,4,A007,"[2967, 2971, 2974, 2982, 2984]",2982,"삼성전자, 확실한 상승 모멘텀과 신중한 접근 필요",analysis,like,[],"{""portfolio_summary"": {""state_id"": ""ps_A020_t004"", ""agent_id"": ""A020"", ""turn"": 4, ""date"": ""2026-04-07"", ""cash"": 16374000.0, ""positions"": ""[{\""stock_code\"": \""005930\"", \""quantity\"": 428, \""avg_cost\"": 195387.8504672897, \""current_price\"": 196500.0, \""unrealized_pnl\"": 476000.00000000384, \""unrealized_pnl_rate\"": 0.005692009662066867}]"", ""total_value"": 100476000.0, ""realized_pnl"": 0.0, ""total_return_rate"": 0.00476, ""updated_at"": ""2026-07-16 07:58:48""}, ""recent_trades"": [{""turn"": 10, ""date"": ""2026-04-03"", ""action"": ""buy"", ""stock_code"": ""005930"", ""quantity"": 32, ""executed_price"": 186200.0, ""trade_value"": 5958400.0, ""status"": ""filled"", ""filled_quantity"": 32, ""action_reason"": ""FCF 166 조 원 예상과 메모리 가격 상승 등 펀더멘털이 우량하며, 현재 주가는 저평가 구간으로 판단됩니다. 현금 여력이 있으므로 분할 매수를 통해 포트폴리오 비중을 조정하고 장기 수익 기회를 확보합니다.""}, {""turn"": 9, ""date"": ""2026-04-03"", ""action"": ""buy"", ""stock_code"": ""005930"", ""quantity"": 65, ""executed_price"": 184200.0, ""trade_value"": 11973000.0, ""status"": ""filled"", ""filled_quantity"": 65, ""action_reason"": ""실적 호재와 기관 매수세로 주가 방어력 강화, MA5 회복 확인. 저평가 구간에서 분할 매수 기회로 판단하여 현금 여력의 50% 한도 내에서 최대 수량 매수.""}, {""turn"": 8, ""date"": ""2026-04-02"", ""action"": ""buy"", ""stock_code"": ""005930"", ""quantity"": 50, ""executed_price"": 178400.0, ""trade_value"": 8920000.0, ""status"": ""filled"", ""filled_quantity"": 50, ""action_reason"": ""17 만 원대 기술적 지지선 (MA5) 방어 성공 및 밸류에이션 매력도 상승으로 매수 기회로 판단. 고위험 고수익 성향에 따라 조정 시 매수.""}]}"
chunk_006_2026-04-06_2026-04-10,2026-04-07,4,A007,"[2967, 2971, 2974, 2982, 2984]",2984,삼성전자 투자 관점 변화와 향후 전략,analysis,unlike,"[""커뮤니티 인플루언서""]","{""portfolio_summary"": {""state_id"": ""ps_A015_t004"", ""agent_id"": ""A015"", ""turn"": 4, ""date"": ""2026-04-07"", ""cash"": 100385000.0, ""positions"": ""[]"", ""total_value"": 100385000.0, ""realized_pnl"": 385000.0, ""total_return_rate"": 0.00385, ""updated_at"": ""2026-07-16 07:58:48""}, ""recent_trades"": [{""turn"": 10, ""date"": ""2026-04-03"", ""action"": ""buy"", ""stock_code"": ""005930"", ""quantity"": 150, ""executed_price"": 186200.0, ""trade_value"": 27930000.0, ""status"": ""filled"", ""filled_quantity"": 150, ""action_reason"": ""FCF 급증 기대감과 내재가치 저평가 평가 (18 만 원대 진입 원칙 근접) 에 따라 매수 기회로 판단. 현금 여력 충분.""}, {""turn"": 9, ""date"": ""2026-04-03"", ""action"": ""buy"", ""stock_code"": ""005930"", ""quantity"": 50, ""executed_price"": 184200.0, ""trade_value"": 9210000.0, ""status"": ""filled"", ""filled_quantity"": 50, ""action_reason"": ""저평가 구간 진입 및 기관 매수세 확인으로 가치 투자 관점에서 매수 기회로 판단.""}, {""turn"": 8, ""date"": ""2026-04-02"", ""action"": ""buy"", ""stock_code"": ""005930"", ""quantity"": 50, ""executed_price"": 178400.0, ""trade_value"": 8920000.0, ""status"": ""filled"", ""filled_quantity"": 50, ""action_reason"": ""17 만 원대 저평가 구간 진입 확인 및 높은 현금 여력을 바탕으로 가치 투자 원칙에 따라 제한적으로 매수합니다.""}]}"
chunk_006_2026-04-06_2026-04-10,2026-04-07,4,A006,"[2969, 2982, 2984, 2974, 2975]",2969,"삼성전자, 신중한 접근 필요성에 대한 생각",analysis,like,"[""커뮤니티 인플루언서""]",null
chunk_006_2026-04-06_2026-04-10,2026-04-07,4,A006,"[2969, 2982, 2984, 2974, 2975]",2982,"삼성전자, 확실한 상승 모멘텀과 신중한 접근 필요",analysis,like,[],null
chunk_006_2026-04-06_2026-04-10,2026-04-07,4,A006,"[2969, 2982, 2984, 2974, 2975]",2984,삼성전자 투자 관점 변화와 향후 전략,analysis,unlike,"[""커뮤니티 인플루언서""]",null
chunk_006_2026-04-06_2026-04-10,2026-04-07,4,A006,"[2969, 2982, 2984, 2974, 2975]",2974,오늘 삼성전자 일부 매도했습니다.,trade_share,like,"[""커뮤니티 인플루언서""]",null
chunk_006_2026-04-06_2026-04-10,2026-04-07,4,A006,"[2969, 2982, 2984, 2974, 2975]",2975,오늘 삼성전자 100주 매수했습니다!,trade_share,unlike,"[""상위 수익자"", ""자산가""]",null
chunk_006_2026-04-06_2026-04-10,2026-04-07,4,A012,"[2969, 2982, 2984, 2971, 2976]",2969,"삼성전자, 신중한 접근 필요성에 대한 생각",analysis,like,"[""커뮤니티 인플루언서""]",null
chunk_006_2026-04-06_2026-04-10,2026-04-07,4,A012,"[2969, 2982, 2984, 2971, 2976]",2982,"삼성전자, 확실한 상승 모멘텀과 신중한 접근 필요",analysis,like,[],null
chunk_006_2026-04-06_2026-04-10,2026-04-07,4,A012,"[2969, 2982, 2984, 2971, 2976]",2984,삼성전자 투자 관점 변화와 향후 전략,analysis,unlike,"[""커뮤니티 인플루언서""]",null
chunk_006_2026-04-06_2026-04-10,2026-04-07,4,A012,"[2969, 2982, 2984, 2971, 2976]",2971,오늘 삼성전자 매도했습니다.,trade_share,like,[],null
chunk_006_2026-04-06_2026-04-10,2026-04-07,4,A012,"[2969, 2982, 2984, 2971, 2976]",2976,오늘 삼성전자 200주 매도했습니다.,trade_share,like,[],null
chunk_006_2026-04-06_2026-04-10,2026-04-07,4,A014,"[2969, 2982, 2984, 2971, 2975]",2969,"삼성전자, 신중한 접근 필요성에 대한 생각",analysis,like,"[""커뮤니티 인플루언서""]",null
chunk_006_2026-04-06_2026-04-10,2026-04-07,4,A014,"[2969, 2982, 2984, 2971, 2975]",2982,"삼성전자, 확실한 상승 모멘텀과 신중한 접근 필요",analysis,read,[],null
chunk_006_2026-04-06_2026-04-10,2026-04-07,4,A014,"[2969, 2982, 2984, 2971, 2975]",2984,삼성전자 투자 관점 변화와 향후 전략,analysis,like,"[""커뮤니티 인플루언서""]",null
chunk_006_2026-04-06_2026-04-10,2026-04-07,4,A014,"[2969, 2982, 2984, 2971, 2975]",2971,오늘 삼성전자 매도했습니다.,trade_share,like,[],null
chunk_006_2026-04-06_2026-04-10,2026-04-07,4,A014,"[2969, 2982, 2984, 2971, 2975]",2975,오늘 삼성전자 100주 매수했습니다!,trade_share,unlike,"[""상위 수익자"", ""자산가""]",null
chunk_006_2026-04-06_2026-04-10,2026-04-07,4,A020,"[2969, 2984, 2971, 2974, 2985]",2969,"삼성전자, 신중한 접근 필요성에 대한 생각",analysis,like,"[""커뮤니티 인플루언서""]","{""portfolio_summary"": {""state_id"": ""ps_A007_t004"", ""agent_id"": ""A007"", ""turn"": 4, ""date"": ""2026-04-07"", ""cash"": 79781600.0, ""positions"": ""[{\""stock_code\"": \""005930\"", \""quantity\"": 110, \""avg_cost\"": 190900.0, \""current_price\"": 196500.0, \""unrealized_pnl\"": 616000.0, \""unrealized_pnl_rate\"": 0.029334730225248823}]"", ""total_value"": 101396600.0, ""realized_pnl"": 780600.0, ""total_return_rate"": 0.013966, ""updated_at"": ""2026-07-16 07:58:48""}, ""recent_trades"": [{""turn"": 10, ""date"": ""2026-04-03"", ""action"": ""buy"", ""stock_code"": ""005930"", ""quantity"": 100, ""executed_price"": 186200.0, ""trade_value"": 18620000.0, ""status"": ""filled"", ""filled_quantity"": 100, ""action_reason"": ""메모리 가격 상승과 FCF 증가 기대감으로 내재가치 판단 근거가 강화되어 18 만 원대도 저평가 구간으로 판단. 단기 거래량 부진과 MA20 저항이 있으나 중기 상승 추세 유지.""}, {""turn"": 9, ""date"": ""2026-04-03"", ""action"": ""sell"", ""stock_code"": ""005930"", ""quantity"": 50, ""executed_price"": 184200.0, ""trade_value"": 9210000.0, ""status"": ""filled"", ""filled_quantity"": 50, ""action_reason"": ""현재가 (18 만 4 천 원) 가 목표 매수선 (17 만 원) 보다 높아 밸류에이션 안전마진 확보를 위해 일부 매도합니다. 현금 비중이 높아 추가 매수 유연성을 유지하되, 단기 악재에 따른 변동성 대비 리스크 관리에 중점을 둡니다.""}, {""turn"": 8, ""date"": ""2026-04-02"", ""action"": ""sell"", ""stock_code"": ""005930"", ""quantity"": 100, ""executed_price"": 178400.0, ""trade_value"": 17840000.0, ""status"": ""filled"", ""filled_quantity"": 100, ""action_reason"": ""단기 조정 우려로 17 만 원대 지지선 확인 전 하락 지속 예상. 밸류에이션 지표 부재로 저평가 진입 판단 어려우며, 현재 수익 구간에서 일부 매도하여 리스크 관리.""}]}"
chunk_006_2026-04-06_2026-04-10,2026-04-07,4,A020,"[2969, 2984, 2971, 2974, 2985]",2984,삼성전자 투자 관점 변화와 향후 전략,analysis,like,"[""커뮤니티 인플루언서""]","{""portfolio_summary"": {""state_id"": ""ps_A015_t004"", ""agent_id"": ""A015"", ""turn"": 4, ""date"": ""2026-04-07"", ""cash"": 100385000.0, ""positions"": ""[]"", ""total_value"": 100385000.0, ""realized_pnl"": 385000.0, ""total_return_rate"": 0.00385, ""updated_at"": ""2026-07-16 07:58:48""}, ""recent_trades"": [{""turn"": 10, ""date"": ""2026-04-03"", ""action"": ""buy"", ""stock_code"": ""005930"", ""quantity"": 150, ""executed_price"": 186200.0, ""trade_value"": 27930000.0, ""status"": ""filled"", ""filled_quantity"": 150, ""action_reason"": ""FCF 급증 기대감과 내재가치 저평가 평가 (18 만 원대 진입 원칙 근접) 에 따라 매수 기회로 판단. 현금 여력 충분.""}, {""turn"": 9, ""date"": ""2026-04-03"", ""action"": ""buy"", ""stock_code"": ""005930"", ""quantity"": 50, ""executed_price"": 184200.0, ""trade_value"": 9210000.0, ""status"": ""filled"", ""filled_quantity"": 50, ""action_reason"": ""저평가 구간 진입 및 기관 매수세 확인으로 가치 투자 관점에서 매수 기회로 판단.""}, {""turn"": 8, ""date"": ""2026-04-02"", ""action"": ""buy"", ""stock_code"": ""005930"", ""quantity"": 50, ""executed_price"": 178400.0, ""trade_value"": 8920000.0, ""status"": ""filled"", ""filled_quantity"": 50, ""action_reason"": ""17 만 원대 저평가 구간 진입 확인 및 높은 현금 여력을 바탕으로 가치 투자 원칙에 따라 제한적으로 매수합니다.""}]}"
chunk_006_2026-04-06_2026-04-10,2026-04-07,4,A020,"[2969, 2984, 2971, 2974, 2985]",2971,오늘 삼성전자 매도했습니다.,trade_share,unlike,[],"{""portfolio_summary"": {""state_id"": ""ps_A006_t004"", ""agent_id"": ""A006"", ""turn"": 4, ""date"": ""2026-04-07"", ""cash"": 101280000.0, ""positions"": ""[]"", ""total_value"": 101280000.0, ""realized_pnl"": 1279999.9999999986, ""total_return_rate"": 0.0128, ""updated_at"": ""2026-07-16 07:58:48""}, ""recent_trades"": [{""turn"": 10, ""date"": ""2026-04-03"", ""action"": ""sell"", ""stock_code"": ""005930"", ""quantity"": 50, ""executed_price"": 186200.0, ""trade_value"": 9310000.0, ""status"": ""filled"", ""filled_quantity"": 50, ""action_reason"": ""MA20(186,815 원) 저항선 부근에서 거래량 감소로 단기 상승 동력 약화. 현재가 (186,200 원) 가 매수 단가 (184,200 원) 대비 소수익 상태이므로 처분효과에 따라 일부 수익 실현. FCF 호재로 중장기 하방 경직성은 유지하되, 단기 기술적 리스크 회피.""}, {""turn"": 9, ""date"": ""2026-04-03"", ""action"": ""buy"", ""stock_code"": ""005930"", ""quantity"": 200, ""executed_price"": 184200.0, ""trade_value"": 36840000.0, ""status"": ""filled"", ""filled_quantity"": 200, ""action_reason"": ""기관 매수세 (연기금) 로 하방 경직성이 확인되어 기술적 저항선 (MA20) 부근에서도 제한적으로 진입합니다.""}, {""turn"": 8, ""date"": ""2026-04-02"", ""action"": ""sell"", ""stock_code"": ""005930"", ""quantity"": 70, ""executed_price"": 178400.0, ""trade_value"": 12488000.0, ""status"": ""filled"", ""filled_quantity"": 70, ""action_reason"": ""MA20 하향 돌파 및 거래량 증가로 단기 약세 전환. 수익 확정 욕구 (처분효과) 와 현금 비중 확보 필요성으로 매도 결정.""}]}"
chunk_006_2026-04-06_2026-04-10,2026-04-07,4,A020,"[2969, 2984, 2971, 2974, 2985]",2974,오늘 삼성전자 일부 매도했습니다.,trade_share,like,"[""커뮤니티 인플루언서""]","{""portfolio_summary"": {""state_id"": ""ps_A008_t004"", ""agent_id"": ""A008"", ""turn"": 4, ""date"": ""2026-04-07"", ""cash"": 21115200.0, ""positions"": ""[{\""stock_code\"": \""005930\"", \""quantity\"": 410, \""avg_cost\"": 192592.55813953487, \""current_price\"": 196500.0, \""unrealized_pnl\"": 1602051.162790703, \""unrealized_pnl_rate\"": 0.02028864405879149}]"", ""total_value"": 101680200.0, ""realized_pnl"": 78148.83720930258, ""total_return_rate"": 0.016802, ""updated_at"": ""2026-07-16 07:58:48""}, ""recent_trades"": [{""turn"": 10, ""date"": ""2026-04-03"", ""action"": ""sell"", ""stock_code"": ""005930"", ""quantity"": 1, ""executed_price"": 186200.0, ""trade_value"": 186200.0, ""status"": ""filled"", ""filled_quantity"": 1, ""action_reason"": ""fallback_decision_after_invalid_llm_output: the model failed to return a valid decision after retry, so the system submitted a minimal valid sell order.""}, {""turn"": 9, ""date"": ""2026-04-03"", ""action"": ""sell"", ""stock_code"": ""005930"", ""quantity"": 100, ""executed_price"": 184200.0, ""trade_value"": 18420000.0, ""status"": ""filled"", ""filled_quantity"": 100, ""action_reason"": ""현재 주가가 MA20(18 만 6 천 9 백 원) 저항선 근처에 위치하여 단기 상승 모멘텀이 제한적일 것으로 판단됨. 기술적 지표와 방어적 관점에 따라 수익 실현 매도를 실행합니다.""}, {""turn"": 8, ""date"": ""2026-04-02"", ""action"": ""sell"", ""stock_code"": ""005930"", ""quantity"": 100, ""executed_price"": 178400.0, ""trade_value"": 17840000.0, ""status"": ""filled"", ""filled_quantity"": 100, ""action_reason"": ""MA20 이탈로 단기 하락 추세 전환 확인, 수익 구간 유지 중이지만 추가 하락 우려로 수익 보호 필요. 17 만 원대 지지선 확인 전 매수 타이밍 아님.""}]}"
chunk_006_2026-04-06_2026-04-10,2026-04-07,4,A020,"[2969, 2984, 2971, 2974, 2985]",2985,오늘 삼성전자 전량 매도했습니다!,trade_share,unlike,[],"{""portfolio_summary"": {""state_id"": ""ps_A025_t004"", ""agent_id"": ""A025"", ""turn"": 4, ""date"": ""2026-04-07"", ""cash"": 101450000.0, ""positions"": ""[]"", ""total_value"": 101450000.0, ""realized_pnl"": 1450000.0, ""total_return_rate"": 0.0145, ""updated_at"": ""2026-07-16 07:58:48""}, ""recent_trades"": [{""turn"": 10, ""date"": ""2026-04-03"", ""action"": ""sell"", ""stock_code"": ""005930"", ""quantity"": 49, ""executed_price"": 186200.0, ""trade_value"": 9123800.0, ""status"": ""filled"", ""filled_quantity"": 49, ""action_reason"": ""MA20 저항선 부근에서 거래량 감소로 단기 조정 리스크가 높고, 수익 실현 필요성 (처분효과) 이 강해 전량 매도합니다.""}, {""turn"": 9, ""date"": ""2026-04-03"", ""action"": ""sell"", ""stock_code"": ""005930"", ""quantity"": 50, ""executed_price"": 184200.0, ""trade_value"": 9210000.0, ""status"": ""filled"", ""filled_quantity"": 50, ""action_reason"": ""단기 과열 및 기술적 저항선 (MA20) 부근으로 수익 실현 필요. 메모리 가격 하락 뉴스 악재로 불안감 증폭. 수익 상태 (3.95%) 에서 처분효과에 따른 매도.""}, {""turn"": 8, ""date"": ""2026-04-02"", ""action"": ""buy"", ""stock_code"": ""005930"", ""quantity"": 50, ""executed_price"": 178400.0, ""trade_value"": 8920000.0, ""status"": ""filled"", ""filled_quantity"": 50, ""action_reason"": ""MA5(178,240) 지지선 부근에서 현재가(178,400)가 반등 신호를 보이며, 최근 하락세에 따른 추가 매수 경향과 기술적 매수 기회로 판단. 현금 여력이 충분하고 평균 단가 대비 수익 상태이므로 방어적 매수.""}]}"
chunk_006_2026-04-06_2026-04-10,2026-04-07,4,A013,"[2969, 2982, 2984, 2971, 2974]",2969,"삼성전자, 신중한 접근 필요성에 대한 생각",analysis,like,"[""커뮤니티 인플루언서""]",null
chunk_006_2026-04-06_2026-04-10,2026-04-07,4,A013,"[2969, 2982, 2984, 2971, 2974]",2982,"삼성전자, 확실한 상승 모멘텀과 신중한 접근 필요",analysis,read,[],null
chunk_006_2026-04-06_2026-04-10,2026-04-07,4,A013,"[2969, 2982, 2984, 2971, 2974]",2984,삼성전자 투자 관점 변화와 향후 전략,analysis,unlike,"[""커뮤니티 인플루언서""]",null
chunk_006_2026-04-06_2026-04-10,2026-04-07,4,A013,"[2969, 2982, 2984, 2971, 2974]",2971,오늘 삼성전자 매도했습니다.,trade_share,like,[],null
chunk_006_2026-04-06_2026-04-10,2026-04-07,4,A013,"[2969, 2982, 2984, 2971, 2974]",2974,오늘 삼성전자 일부 매도했습니다.,trade_share,like,"[""커뮤니티 인플루언서""]",null
chunk_006_2026-04-06_2026-04-10,2026-04-07,4,A011,"[2969, 2982, 2984, 2971, 2976]",2969,"삼성전자, 신중한 접근 필요성에 대한 생각",analysis,like,"[""커뮤니티 인플루언서""]",null
chunk_006_2026-04-06_2026-04-10,2026-04-07,4,A011,"[2969, 2982, 2984, 2971, 2976]",2982,"삼성전자, 확실한 상승 모멘텀과 신중한 접근 필요",analysis,read,[],null
chunk_006_2026-04-06_2026-04-10,2026-04-07,4,A011,"[2969, 2982, 2984, 2971, 2976]",2984,삼성전자 투자 관점 변화와 향후 전략,analysis,like,"[""커뮤니티 인플루언서""]",null
chunk_006_2026-04-06_2026-04-10,2026-04-07,4,A011,"[2969, 2982, 2984, 2971, 2976]",2971,오늘 삼성전자 매도했습니다.,trade_share,unlike,[],null
chunk_006_2026-04-06_2026-04-10,2026-04-07,4,A011,"[2969, 2982, 2984, 2971, 2976]",2976,오늘 삼성전자 200주 매도했습니다.,trade_share,unlike,[],null
chunk_006_2026-04-06_2026-04-10,2026-04-07,4,A019,"[2969, 2982, 2984, 2971, 2976]",2969,"삼성전자, 신중한 접근 필요성에 대한 생각",analysis,like,"[""커뮤니티 인플루언서""]",null
chunk_006_2026-04-06_2026-04-10,2026-04-07,4,A019,"[2969, 2982, 2984, 2971, 2976]",2982,"삼성전자, 확실한 상승 모멘텀과 신중한 접근 필요",analysis,read,[],null
chunk_006_2026-04-06_2026-04-10,2026-04-07,4,A019,"[2969, 2982, 2984, 2971, 2976]",2984,삼성전자 투자 관점 변화와 향후 전략,analysis,like,"[""커뮤니티 인플루언서""]",null
chunk_006_2026-04-06_2026-04-10,2026-04-07,4,A019,"[2969, 2982, 2984, 2971, 2976]",2971,오늘 삼성전자 매도했습니다.,trade_share,unlike,[],null
chunk_006_2026-04-06_2026-04-10,2026-04-07,4,A019,"[2969, 2982, 2984, 2971, 2976]",2976,오늘 삼성전자 200주 매도했습니다.,trade_share,unlike,[],null
chunk_006_2026-04-06_2026-04-10,2026-04-07,4,A017,"[2969, 2982, 2984, 2971, 2985]",2969,"삼성전자, 신중한 접근 필요성에 대한 생각",analysis,like,"[""커뮤니티 인플루언서""]","{""portfolio_summary"": {""state_id"": ""ps_A007_t004"", ""agent_id"": ""A007"", ""turn"": 4, ""date"": ""2026-04-07"", ""cash"": 79781600.0, ""positions"": ""[{\""stock_code\"": \""005930\"", \""quantity\"": 110, \""avg_cost\"": 190900.0, \""current_price\"": 196500.0, \""unrealized_pnl\"": 616000.0, \""unrealized_pnl_rate\"": 0.029334730225248823}]"", ""total_value"": 101396600.0, ""realized_pnl"": 780600.0, ""total_return_rate"": 0.013966, ""updated_at"": ""2026-07-16 07:58:48""}, ""recent_trades"": [{""turn"": 10, ""date"": ""2026-04-03"", ""action"": ""buy"", ""stock_code"": ""005930"", ""quantity"": 100, ""executed_price"": 186200.0, ""trade_value"": 18620000.0, ""status"": ""filled"", ""filled_quantity"": 100, ""action_reason"": ""메모리 가격 상승과 FCF 증가 기대감으로 내재가치 판단 근거가 강화되어 18 만 원대도 저평가 구간으로 판단. 단기 거래량 부진과 MA20 저항이 있으나 중기 상승 추세 유지.""}, {""turn"": 9, ""date"": ""2026-04-03"", ""action"": ""sell"", ""stock_code"": ""005930"", ""quantity"": 50, ""executed_price"": 184200.0, ""trade_value"": 9210000.0, ""status"": ""filled"", ""filled_quantity"": 50, ""action_reason"": ""현재가 (18 만 4 천 원) 가 목표 매수선 (17 만 원) 보다 높아 밸류에이션 안전마진 확보를 위해 일부 매도합니다. 현금 비중이 높아 추가 매수 유연성을 유지하되, 단기 악재에 따른 변동성 대비 리스크 관리에 중점을 둡니다.""}, {""turn"": 8, ""date"": ""2026-04-02"", ""action"": ""sell"", ""stock_code"": ""005930"", ""quantity"": 100, ""executed_price"": 178400.0, ""trade_value"": 17840000.0, ""status"": ""filled"", ""filled_quantity"": 100, ""action_reason"": ""단기 조정 우려로 17 만 원대 지지선 확인 전 하락 지속 예상. 밸류에이션 지표 부재로 저평가 진입 판단 어려우며, 현재 수익 구간에서 일부 매도하여 리스크 관리.""}]}"
chunk_006_2026-04-06_2026-04-10,2026-04-07,4,A017,"[2969, 2982, 2984, 2971, 2985]",2982,"삼성전자, 확실한 상승 모멘텀과 신중한 접근 필요",analysis,like,[],"{""portfolio_summary"": {""state_id"": ""ps_A020_t004"", ""agent_id"": ""A020"", ""turn"": 4, ""date"": ""2026-04-07"", ""cash"": 16374000.0, ""positions"": ""[{\""stock_code\"": \""005930\"", \""quantity\"": 428, \""avg_cost\"": 195387.8504672897, \""current_price\"": 196500.0, \""unrealized_pnl\"": 476000.00000000384, \""unrealized_pnl_rate\"": 0.005692009662066867}]"", ""total_value"": 100476000.0, ""realized_pnl"": 0.0, ""total_return_rate"": 0.00476, ""updated_at"": ""2026-07-16 07:58:48""}, ""recent_trades"": [{""turn"": 10, ""date"": ""2026-04-03"", ""action"": ""buy"", ""stock_code"": ""005930"", ""quantity"": 32, ""executed_price"": 186200.0, ""trade_value"": 5958400.0, ""status"": ""filled"", ""filled_quantity"": 32, ""action_reason"": ""FCF 166 조 원 예상과 메모리 가격 상승 등 펀더멘털이 우량하며, 현재 주가는 저평가 구간으로 판단됩니다. 현금 여력이 있으므로 분할 매수를 통해 포트폴리오 비중을 조정하고 장기 수익 기회를 확보합니다.""}, {""turn"": 9, ""date"": ""2026-04-03"", ""action"": ""buy"", ""stock_code"": ""005930"", ""quantity"": 65, ""executed_price"": 184200.0, ""trade_value"": 11973000.0, ""status"": ""filled"", ""filled_quantity"": 65, ""action_reason"": ""실적 호재와 기관 매수세로 주가 방어력 강화, MA5 회복 확인. 저평가 구간에서 분할 매수 기회로 판단하여 현금 여력의 50% 한도 내에서 최대 수량 매수.""}, {""turn"": 8, ""date"": ""2026-04-02"", ""action"": ""buy"", ""stock_code"": ""005930"", ""quantity"": 50, ""executed_price"": 178400.0, ""trade_value"": 8920000.0, ""status"": ""filled"", ""filled_quantity"": 50, ""action_reason"": ""17 만 원대 기술적 지지선 (MA5) 방어 성공 및 밸류에이션 매력도 상승으로 매수 기회로 판단. 고위험 고수익 성향에 따라 조정 시 매수.""}]}"
chunk_006_2026-04-06_2026-04-10,2026-04-07,4,A017,"[2969, 2982, 2984, 2971, 2985]",2984,삼성전자 투자 관점 변화와 향후 전략,analysis,unlike,"[""커뮤니티 인플루언서""]","{""portfolio_summary"": {""state_id"": ""ps_A015_t004"", ""agent_id"": ""A015"", ""turn"": 4, ""date"": ""2026-04-07"", ""cash"": 100385000.0, ""positions"": ""[]"", ""total_value"": 100385000.0, ""realized_pnl"": 385000.0, ""total_return_rate"": 0.00385, ""updated_at"": ""2026-07-16 07:58:48""}, ""recent_trades"": [{""turn"": 10, ""date"": ""2026-04-03"", ""action"": ""buy"", ""stock_code"": ""005930"", ""quantity"": 150, ""executed_price"": 186200.0, ""trade_value"": 27930000.0, ""status"": ""filled"", ""filled_quantity"": 150, ""action_reason"": ""FCF 급증 기대감과 내재가치 저평가 평가 (18 만 원대 진입 원칙 근접) 에 따라 매수 기회로 판단. 현금 여력 충분.""}, {""turn"": 9, ""date"": ""2026-04-03"", ""action"": ""buy"", ""stock_code"": ""005930"", ""quantity"": 50, ""executed_price"": 184200.0, ""trade_value"": 9210000.0, ""status"": ""filled"", ""filled_quantity"": 50, ""action_reason"": ""저평가 구간 진입 및 기관 매수세 확인으로 가치 투자 관점에서 매수 기회로 판단.""}, {""turn"": 8, ""date"": ""2026-04-02"", ""action"": ""buy"", ""stock_code"": ""005930"", ""quantity"": 50, ""executed_price"": 178400.0, ""trade_value"": 8920000.0, ""status"": ""filled"", ""filled_quantity"": 50, ""action_reason"": ""17 만 원대 저평가 구간 진입 확인 및 높은 현금 여력을 바탕으로 가치 투자 원칙에 따라 제한적으로 매수합니다.""}]}"
chunk_006_2026-04-06_2026-04-10,2026-04-07,4,A017,"[2969, 2982, 2984, 2971, 2985]",2971,오늘 삼성전자 매도했습니다.,trade_share,like,[],"{""portfolio_summary"": {""state_id"": ""ps_A006_t004"", ""agent_id"": ""A006"", ""turn"": 4, ""date"": ""2026-04-07"", ""cash"": 101280000.0, ""positions"": ""[]"", ""total_value"": 101280000.0, ""realized_pnl"": 1279999.9999999986, ""total_return_rate"": 0.0128, ""updated_at"": ""2026-07-16 07:58:48""}, ""recent_trades"": [{""turn"": 10, ""date"": ""2026-04-03"", ""action"": ""sell"", ""stock_code"": ""005930"", ""quantity"": 50, ""executed_price"": 186200.0, ""trade_value"": 9310000.0, ""status"": ""filled"", ""filled_quantity"": 50, ""action_reason"": ""MA20(186,815 원) 저항선 부근에서 거래량 감소로 단기 상승 동력 약화. 현재가 (186,200 원) 가 매수 단가 (184,200 원) 대비 소수익 상태이므로 처분효과에 따라 일부 수익 실현. FCF 호재로 중장기 하방 경직성은 유지하되, 단기 기술적 리스크 회피.""}, {""turn"": 9, ""date"": ""2026-04-03"", ""action"": ""buy"", ""stock_code"": ""005930"", ""quantity"": 200, ""executed_price"": 184200.0, ""trade_value"": 36840000.0, ""status"": ""filled"", ""filled_quantity"": 200, ""action_reason"": ""기관 매수세 (연기금) 로 하방 경직성이 확인되어 기술적 저항선 (MA20) 부근에서도 제한적으로 진입합니다.""}, {""turn"": 8, ""date"": ""2026-04-02"", ""action"": ""sell"", ""stock_code"": ""005930"", ""quantity"": 70, ""executed_price"": 178400.0, ""trade_value"": 12488000.0, ""status"": ""filled"", ""filled_quantity"": 70, ""action_reason"": ""MA20 하향 돌파 및 거래량 증가로 단기 약세 전환. 수익 확정 욕구 (처분효과) 와 현금 비중 확보 필요성으로 매도 결정.""}]}"
chunk_006_2026-04-06_2026-04-10,2026-04-07,4,A017,"[2969, 2982, 2984, 2971, 2985]",2985,오늘 삼성전자 전량 매도했습니다!,trade_share,unlike,[],"{""portfolio_summary"": {""state_id"": ""ps_A025_t004"", ""agent_id"": ""A025"", ""turn"": 4, ""date"": ""2026-04-07"", ""cash"": 101450000.0, ""positions"": ""[]"", ""total_value"": 101450000.0, ""realized_pnl"": 1450000.0, ""total_return_rate"": 0.0145, ""updated_at"": ""2026-07-16 07:58:48""}, ""recent_trades"": [{""turn"": 10, ""date"": ""2026-04-03"", ""action"": ""sell"", ""stock_code"": ""005930"", ""quantity"": 49, ""executed_price"": 186200.0, ""trade_value"": 9123800.0, ""status"": ""filled"", ""filled_quantity"": 49, ""action_reason"": ""MA20 저항선 부근에서 거래량 감소로 단기 조정 리스크가 높고, 수익 실현 필요성 (처분효과) 이 강해 전량 매도합니다.""}, {""turn"": 9, ""date"": ""2026-04-03"", ""action"": ""sell"", ""stock_code"": ""005930"", ""quantity"": 50, ""executed_price"": 184200.0, ""trade_value"": 9210000.0, ""status"": ""filled"", ""filled_quantity"": 50, ""action_reason"": ""단기 과열 및 기술적 저항선 (MA20) 부근으로 수익 실현 필요. 메모리 가격 하락 뉴스 악재로 불안감 증폭. 수익 상태 (3.95%) 에서 처분효과에 따른 매도.""}, {""turn"": 8, ""date"": ""2026-04-02"", ""action"": ""buy"", ""stock_code"": ""005930"", ""quantity"": 50, ""executed_price"": 178400.0, ""trade_value"": 8920000.0, ""status"": ""filled"", ""filled_quantity"": 50, ""action_reason"": ""MA5(178,240) 지지선 부근에서 현재가(178,400)가 반등 신호를 보이며, 최근 하락세에 따른 추가 매수 경향과 기술적 매수 기회로 판단. 현금 여력이 충분하고 평균 단가 대비 수익 상태이므로 방어적 매수.""}]}"
chunk_006_2026-04-06_2026-04-10,2026-04-07,4,A015,"[2969, 2982, 2971, 2974, 2985]",2969,"삼성전자, 신중한 접근 필요성에 대한 생각",analysis,like,"[""커뮤니티 인플루언서""]","{""portfolio_summary"": {""state_id"": ""ps_A007_t004"", ""agent_id"": ""A007"", ""turn"": 4, ""date"": ""2026-04-07"", ""cash"": 79781600.0, ""positions"": ""[{\""stock_code\"": \""005930\"", \""quantity\"": 110, \""avg_cost\"": 190900.0, \""current_price\"": 196500.0, \""unrealized_pnl\"": 616000.0, \""unrealized_pnl_rate\"": 0.029334730225248823}]"", ""total_value"": 101396600.0, ""realized_pnl"": 780600.0, ""total_return_rate"": 0.013966, ""updated_at"": ""2026-07-16 07:58:48""}, ""recent_trades"": [{""turn"": 10, ""date"": ""2026-04-03"", ""action"": ""buy"", ""stock_code"": ""005930"", ""quantity"": 100, ""executed_price"": 186200.0, ""trade_value"": 18620000.0, ""status"": ""filled"", ""filled_quantity"": 100, ""action_reason"": ""메모리 가격 상승과 FCF 증가 기대감으로 내재가치 판단 근거가 강화되어 18 만 원대도 저평가 구간으로 판단. 단기 거래량 부진과 MA20 저항이 있으나 중기 상승 추세 유지.""}, {""turn"": 9, ""date"": ""2026-04-03"", ""action"": ""sell"", ""stock_code"": ""005930"", ""quantity"": 50, ""executed_price"": 184200.0, ""trade_value"": 9210000.0, ""status"": ""filled"", ""filled_quantity"": 50, ""action_reason"": ""현재가 (18 만 4 천 원) 가 목표 매수선 (17 만 원) 보다 높아 밸류에이션 안전마진 확보를 위해 일부 매도합니다. 현금 비중이 높아 추가 매수 유연성을 유지하되, 단기 악재에 따른 변동성 대비 리스크 관리에 중점을 둡니다.""}, {""turn"": 8, ""date"": ""2026-04-02"", ""action"": ""sell"", ""stock_code"": ""005930"", ""quantity"": 100, ""executed_price"": 178400.0, ""trade_value"": 17840000.0, ""status"": ""filled"", ""filled_quantity"": 100, ""action_reason"": ""단기 조정 우려로 17 만 원대 지지선 확인 전 하락 지속 예상. 밸류에이션 지표 부재로 저평가 진입 판단 어려우며, 현재 수익 구간에서 일부 매도하여 리스크 관리.""}]}"
chunk_006_2026-04-06_2026-04-10,2026-04-07,4,A015,"[2969, 2982, 2971, 2974, 2985]",2982,"삼성전자, 확실한 상승 모멘텀과 신중한 접근 필요",analysis,read,[],"{""portfolio_summary"": {""state_id"": ""ps_A020_t004"", ""agent_id"": ""A020"", ""turn"": 4, ""date"": ""2026-04-07"", ""cash"": 16374000.0, ""positions"": ""[{\""stock_code\"": \""005930\"", \""quantity\"": 428, \""avg_cost\"": 195387.8504672897, \""current_price\"": 196500.0, \""unrealized_pnl\"": 476000.00000000384, \""unrealized_pnl_rate\"": 0.005692009662066867}]"", ""total_value"": 100476000.0, ""realized_pnl"": 0.0, ""total_return_rate"": 0.00476, ""updated_at"": ""2026-07-16 07:58:48""}, ""recent_trades"": [{""turn"": 10, ""date"": ""2026-04-03"", ""action"": ""buy"", ""stock_code"": ""005930"", ""quantity"": 32, ""executed_price"": 186200.0, ""trade_value"": 5958400.0, ""status"": ""filled"", ""filled_quantity"": 32, ""action_reason"": ""FCF 166 조 원 예상과 메모리 가격 상승 등 펀더멘털이 우량하며, 현재 주가는 저평가 구간으로 판단됩니다. 현금 여력이 있으므로 분할 매수를 통해 포트폴리오 비중을 조정하고 장기 수익 기회를 확보합니다.""}, {""turn"": 9, ""date"": ""2026-04-03"", ""action"": ""buy"", ""stock_code"": ""005930"", ""quantity"": 65, ""executed_price"": 184200.0, ""trade_value"": 11973000.0, ""status"": ""filled"", ""filled_quantity"": 65, ""action_reason"": ""실적 호재와 기관 매수세로 주가 방어력 강화, MA5 회복 확인. 저평가 구간에서 분할 매수 기회로 판단하여 현금 여력의 50% 한도 내에서 최대 수량 매수.""}, {""turn"": 8, ""date"": ""2026-04-02"", ""action"": ""buy"", ""stock_code"": ""005930"", ""quantity"": 50, ""executed_price"": 178400.0, ""trade_value"": 8920000.0, ""status"": ""filled"", ""filled_quantity"": 50, ""action_reason"": ""17 만 원대 기술적 지지선 (MA5) 방어 성공 및 밸류에이션 매력도 상승으로 매수 기회로 판단. 고위험 고수익 성향에 따라 조정 시 매수.""}]}"
chunk_006_2026-04-06_2026-04-10,2026-04-07,4,A015,"[2969, 2982, 2971, 2974, 2985]",2971,오늘 삼성전자 매도했습니다.,trade_share,unlike,[],"{""portfolio_summary"": {""state_id"": ""ps_A006_t004"", ""agent_id"": ""A006"", ""turn"": 4, ""date"": ""2026-04-07"", ""cash"": 101280000.0, ""positions"": ""[]"", ""total_value"": 101280000.0, ""realized_pnl"": 1279999.9999999986, ""total_return_rate"": 0.0128, ""updated_at"": ""2026-07-16 07:58:48""}, ""recent_trades"": [{""turn"": 10, ""date"": ""2026-04-03"", ""action"": ""sell"", ""stock_code"": ""005930"", ""quantity"": 50, ""executed_price"": 186200.0, ""trade_value"": 9310000.0, ""status"": ""filled"", ""filled_quantity"": 50, ""action_reason"": ""MA20(186,815 원) 저항선 부근에서 거래량 감소로 단기 상승 동력 약화. 현재가 (186,200 원) 가 매수 단가 (184,200 원) 대비 소수익 상태이므로 처분효과에 따라 일부 수익 실현. FCF 호재로 중장기 하방 경직성은 유지하되, 단기 기술적 리스크 회피.""}, {""turn"": 9, ""date"": ""2026-04-03"", ""action"": ""buy"", ""stock_code"": ""005930"", ""quantity"": 200, ""executed_price"": 184200.0, ""trade_value"": 36840000.0, ""status"": ""filled"", ""filled_quantity"": 200, ""action_reason"": ""기관 매수세 (연기금) 로 하방 경직성이 확인되어 기술적 저항선 (MA20) 부근에서도 제한적으로 진입합니다.""}, {""turn"": 8, ""date"": ""2026-04-02"", ""action"": ""sell"", ""stock_code"": ""005930"", ""quantity"": 70, ""executed_price"": 178400.0, ""trade_value"": 12488000.0, ""status"": ""filled"", ""filled_quantity"": 70, ""action_reason"": ""MA20 하향 돌파 및 거래량 증가로 단기 약세 전환. 수익 확정 욕구 (처분효과) 와 현금 비중 확보 필요성으로 매도 결정.""}]}"
chunk_006_2026-04-06_2026-04-10,2026-04-07,4,A015,"[2969, 2982, 2971, 2974, 2985]",2974,오늘 삼성전자 일부 매도했습니다.,trade_share,like,"[""커뮤니티 인플루언서""]","{""portfolio_summary"": {""state_id"": ""ps_A008_t004"", ""agent_id"": ""A008"", ""turn"": 4, ""date"": ""2026-04-07"", ""cash"": 21115200.0, ""positions"": ""[{\""stock_code\"": \""005930\"", \""quantity\"": 410, \""avg_cost\"": 192592.55813953487, \""current_price\"": 196500.0, \""unrealized_pnl\"": 1602051.162790703, \""unrealized_pnl_rate\"": 0.02028864405879149}]"", ""total_value"": 101680200.0, ""realized_pnl"": 78148.83720930258, ""total_return_rate"": 0.016802, ""updated_at"": ""2026-07-16 07:58:48""}, ""recent_trades"": [{""turn"": 10, ""date"": ""2026-04-03"", ""action"": ""sell"", ""stock_code"": ""005930"", ""quantity"": 1, ""executed_price"": 186200.0, ""trade_value"": 186200.0, ""status"": ""filled"", ""filled_quantity"": 1, ""action_reason"": ""fallback_decision_after_invalid_llm_output: the model failed to return a valid decision after retry, so the system submitted a minimal valid sell order.""}, {""turn"": 9, ""date"": ""2026-04-03"", ""action"": ""sell"", ""stock_code"": ""005930"", ""quantity"": 100, ""executed_price"": 184200.0, ""trade_value"": 18420000.0, ""status"": ""filled"", ""filled_quantity"": 100, ""action_reason"": ""현재 주가가 MA20(18 만 6 천 9 백 원) 저항선 근처에 위치하여 단기 상승 모멘텀이 제한적일 것으로 판단됨. 기술적 지표와 방어적 관점에 따라 수익 실현 매도를 실행합니다.""}, {""turn"": 8, ""date"": ""2026-04-02"", ""action"": ""sell"", ""stock_code"": ""005930"", ""quantity"": 100, ""executed_price"": 178400.0, ""trade_value"": 17840000.0, ""status"": ""filled"", ""filled_quantity"": 100, ""action_reason"": ""MA20 이탈로 단기 하락 추세 전환 확인, 수익 구간 유지 중이지만 추가 하락 우려로 수익 보호 필요. 17 만 원대 지지선 확인 전 매수 타이밍 아님.""}]}"
chunk_006_2026-04-06_2026-04-10,2026-04-07,4,A015,"[2969, 2982, 2971, 2974, 2985]",2985,오늘 삼성전자 전량 매도했습니다!,trade_share,unlike,[],"{""portfolio_summary"": {""state_id"": ""ps_A025_t004"", ""agent_id"": ""A025"", ""turn"": 4, ""date"": ""2026-04-07"", ""cash"": 101450000.0, ""positions"": ""[]"", ""total_value"": 101450000.0, ""realized_pnl"": 1450000.0, ""total_return_rate"": 0.0145, ""updated_at"": ""2026-07-16 07:58:48""}, ""recent_trades"": [{""turn"": 10, ""date"": ""2026-04-03"", ""action"": ""sell"", ""stock_code"": ""005930"", ""quantity"": 49, ""executed_price"": 186200.0, ""trade_value"": 9123800.0, ""status"": ""filled"", ""filled_quantity"": 49, ""action_reason"": ""MA20 저항선 부근에서 거래량 감소로 단기 조정 리스크가 높고, 수익 실현 필요성 (처분효과) 이 강해 전량 매도합니다.""}, {""turn"": 9, ""date"": ""2026-04-03"", ""action"": ""sell"", ""stock_code"": ""005930"", ""quantity"": 50, ""executed_price"": 184200.0, ""trade_value"": 9210000.0, ""status"": ""filled"", ""filled_quantity"": 50, ""action_reason"": ""단기 과열 및 기술적 저항선 (MA20) 부근으로 수익 실현 필요. 메모리 가격 하락 뉴스 악재로 불안감 증폭. 수익 상태 (3.95%) 에서 처분효과에 따른 매도.""}, {""turn"": 8, ""date"": ""2026-04-02"", ""action"": ""buy"", ""stock_code"": ""005930"", ""quantity"": 50, ""executed_price"": 178400.0, ""trade_value"": 8920000.0, ""status"": ""filled"", ""filled_quantity"": 50, ""action_reason"": ""MA5(178,240) 지지선 부근에서 현재가(178,400)가 반등 신호를 보이며, 최근 하락세에 따른 추가 매수 경향과 기술적 매수 기회로 판단. 현금 여력이 충분하고 평균 단가 대비 수익 상태이므로 방어적 매수.""}]}"
chunk_006_2026-04-06_2026-04-10,2026-04-07,4,A022,"[2969, 2982, 2984, 2971, 2985]",2969,"삼성전자, 신중한 접근 필요성에 대한 생각",analysis,like,"[""커뮤니티 인플루언서""]",null
chunk_006_2026-04-06_2026-04-10,2026-04-07,4,A022,"[2969, 2982, 2984, 2971, 2985]",2982,"삼성전자, 확실한 상승 모멘텀과 신중한 접근 필요",analysis,read,[],null
chunk_006_2026-04-06_2026-04-10,2026-04-07,4,A022,"[2969, 2982, 2984, 2971, 2985]",2984,삼성전자 투자 관점 변화와 향후 전략,analysis,like,"[""커뮤니티 인플루언서""]",null
chunk_006_2026-04-06_2026-04-10,2026-04-07,4,A022,"[2969, 2982, 2984, 2971, 2985]",2971,오늘 삼성전자 매도했습니다.,trade_share,unlike,[],null
chunk_006_2026-04-06_2026-04-10,2026-04-07,4,A022,"[2969, 2982, 2984, 2971, 2985]",2985,오늘 삼성전자 전량 매도했습니다!,trade_share,unlike,[],null
chunk_006_2026-04-06_2026-04-10,2026-04-07,4,A026,"[2969, 2982, 2984, 2971, 2975]",2969,"삼성전자, 신중한 접근 필요성에 대한 생각",analysis,like,"[""커뮤니티 인플루언서""]",null
chunk_006_2026-04-06_2026-04-10,2026-04-07,4,A026,"[2969, 2982, 2984, 2971, 2975]",2982,"삼성전자, 확실한 상승 모멘텀과 신중한 접근 필요",analysis,read,[],null
chunk_006_2026-04-06_2026-04-10,2026-04-07,4,A026,"[2969, 2982, 2984, 2971, 2975]",2984,삼성전자 투자 관점 변화와 향후 전략,analysis,like,"[""커뮤니티 인플루언서""]",null
chunk_006_2026-04-06_2026-04-10,2026-04-07,4,A026,"[2969, 2982, 2984, 2971, 2975]",2971,오늘 삼성전자 매도했습니다.,trade_share,like,[],null
chunk_006_2026-04-06_2026-04-10,2026-04-07,4,A026,"[2969, 2982, 2984, 2971, 2975]",2975,오늘 삼성전자 100주 매수했습니다!,trade_share,unlike,"[""상위 수익자"", ""자산가""]",null
chunk_006_2026-04-06_2026-04-10,2026-04-07,4,A027,"[2969, 2984, 2982, 2971, 2985]",2969,"삼성전자, 신중한 접근 필요성에 대한 생각",analysis,like,"[""커뮤니티 인플루언서""]",null
chunk_006_2026-04-06_2026-04-10,2026-04-07,4,A027,"[2969, 2984, 2982, 2971, 2985]",2984,삼성전자 투자 관점 변화와 향후 전략,analysis,like,"[""커뮤니티 인플루언서""]",null
chunk_006_2026-04-06_2026-04-10,2026-04-07,4,A027,"[2969, 2984, 2982, 2971, 2985]",2982,"삼성전자, 확실한 상승 모멘텀과 신중한 접근 필요",analysis,read,[],null
chunk_006_2026-04-06_2026-04-10,2026-04-07,4,A027,"[2969, 2984, 2982, 2971, 2985]",2971,오늘 삼성전자 매도했습니다.,trade_share,like,[],null
chunk_006_2026-04-06_2026-04-10,2026-04-07,4,A027,"[2969, 2984, 2982, 2971, 2985]",2985,오늘 삼성전자 전량 매도했습니다!,trade_share,unlike,[],null
chunk_006_2026-04-06_2026-04-10,2026-04-07,4,A025,"[2969, 2982, 2984, 2971, 2974]",2969,"삼성전자, 신중한 접근 필요성에 대한 생각",analysis,like,"[""커뮤니티 인플루언서""]",null
chunk_006_2026-04-06_2026-04-10,2026-04-07,4,A025,"[2969, 2982, 2984, 2971, 2974]",2982,"삼성전자, 확실한 상승 모멘텀과 신중한 접근 필요",analysis,read,[],null
chunk_006_2026-04-06_2026-04-10,2026-04-07,4,A025,"[2969, 2982, 2984, 2971, 2974]",2984,삼성전자 투자 관점 변화와 향후 전략,analysis,like,"[""커뮤니티 인플루언서""]",null
chunk_006_2026-04-06_2026-04-10,2026-04-07,4,A025,"[2969, 2982, 2984, 2971, 2974]",2971,오늘 삼성전자 매도했습니다.,trade_share,unlike,[],null
chunk_006_2026-04-06_2026-04-10,2026-04-07,4,A025,"[2969, 2982, 2984, 2971, 2974]",2974,오늘 삼성전자 일부 매도했습니다.,trade_share,like,"[""커뮤니티 인플루언서""]",null
chunk_006_2026-04-06_2026-04-10,2026-04-08,6,A004,"[2989, 2990, 2998, 2999, 3002]",2989,[매도 거래 공유] 삼성전자 일부 매도했습니다,trade_share,like,[],null
chunk_006_2026-04-06_2026-04-10,2026-04-08,6,A004,"[2989, 2990, 2998, 2999, 3002]",2990,단기 급등에 따른 매도 결정,trade_share,like,"[""상위 수익자"", ""자산가""]",null
chunk_006_2026-04-06_2026-04-10,2026-04-08,6,A004,"[2989, 2990, 2998, 2999, 3002]",2998,지정학적 리스크 해소와 단기 조정 가능성에 대한 고찰,analysis,like,[],null
chunk_006_2026-04-06_2026-04-10,2026-04-08,6,A004,"[2989, 2990, 2998, 2999, 3002]",2999,"휴전 소식과 기술적 돌파, 삼성전자의 향후 전망",analysis,read,[],null
chunk_006_2026-04-06_2026-04-10,2026-04-08,6,A004,"[2989, 2990, 2998, 2999, 3002]",3002,삼성전자 일부 매도했습니다!,trade_share,like,[],null
chunk_006_2026-04-06_2026-04-10,2026-04-08,6,A005,"[2988, 2990, 2998, 2999, 3002]",2988,오늘 삼성전자 매도했습니다!,trade_share,like,[],null
chunk_006_2026-04-06_2026-04-10,2026-04-08,6,A005,"[2988, 2990, 2998, 2999, 3002]",2990,단기 급등에 따른 매도 결정,trade_share,like,"[""상위 수익자"", ""자산가""]",null
chunk_006_2026-04-06_2026-04-10,2026-04-08,6,A005,"[2988, 2990, 2998, 2999, 3002]",2998,지정학적 리스크 해소와 단기 조정 가능성에 대한 고찰,analysis,like,[],null
chunk_006_2026-04-06_2026-04-10,2026-04-08,6,A005,"[2988, 2990, 2998, 2999, 3002]",2999,"휴전 소식과 기술적 돌파, 삼성전자의 향후 전망",analysis,read,[],null
chunk_006_2026-04-06_2026-04-10,2026-04-08,6,A005,"[2988, 2990, 2998, 2999, 3002]",3002,삼성전자 일부 매도했습니다!,trade_share,like,[],null
chunk_006_2026-04-06_2026-04-10,2026-04-08,6,A007,"[2988, 2990, 2992, 2999, 3001]",2988,오늘 삼성전자 매도했습니다!,trade_share,unlike,[],"{""portfolio_summary"": {""state_id"": ""ps_A004_t006"", ""agent_id"": ""A004"", ""turn"": 6, ""date"": ""2026-04-08"", ""cash"": 73924000.0, ""positions"": ""[{\""stock_code\"": \""005930\"", \""quantity\"": 160, \""avg_cost\"": 193161.72839506174, \""current_price\"": 210500.0, \""unrealized_pnl\"": 2774123.4567901213, \""unrealized_pnl_rate\"": 0.08976038757262185}]"", ""total_value"": 107604000.0, ""realized_pnl"": 4829876.543209873, ""total_return_rate"": 0.07604, ""updated_at"": ""2026-07-16 08:22:50""}, ""recent_trades"": [{""turn"": 10, ""date"": ""2026-04-03"", ""action"": ""sell"", ""stock_code"": ""005930"", ""quantity"": 100, ""executed_price"": 186200.0, ""trade_value"": 18620000.0, ""status"": ""filled"", ""filled_quantity"": 100, ""action_reason"": ""MA20(186,815 원) 저항선 부근에서 거래량 부족으로 돌파 불확실성이 높으며, 현재 수익 상태이므로 성향에 따라 수익 실현 매도""}, {""turn"": 9, ""date"": ""2026-04-03"", ""action"": ""sell"", ""stock_code"": ""005930"", ""quantity"": 100, ""executed_price"": 184200.0, ""trade_value"": 18420000.0, ""status"": ""filled"", ""filled_quantity"": 100, ""action_reason"": ""현재가 184,200 원으로 평균 매수 단가 184,000 원 회복. MA20 저항선 부근과 메모리 악재로 단기 불확실성 존재. 손익 확정 및 단일 종목 집중 리스크 감소를 위해 보유 물량 100 주 매도.""}, {""turn"": 8, ""date"": ""2026-04-02"", ""action"": ""buy"", ""stock_code"": ""005930"", ""quantity"": 100, ""executed_price"": 178400.0, ""trade_value"": 17840000.0, ""status"": ""filled"", ""filled_quantity"": 100, ""action_reason"": ""현재가 178,400 원으로 평균 매수 단가 대비 손실 상태이며, MA5 지지선 유지 중이므로 페르소나의 손실 시 추가 매수 성향에 따라 평균 단가 하향을 위해 매수합니다.""}]}"
chunk_006_2026-04-06_2026-04-10,2026-04-08,6,A007,"[2988, 2990, 2992, 2999, 3001]",2990,단기 급등에 따른 매도 결정,trade_share,like,"[""상위 수익자"", ""자산가""]","{""portfolio_summary"": {""state_id"": ""ps_A010_t006"", ""agent_id"": ""A010"", ""turn"": 6, ""date"": ""2026-04-08"", ""cash"": 36941100.0, ""positions"": ""[{\""stock_code\"": \""005930\"", \""quantity\"": 339, \""avg_cost\"": 192464.7875450648, \""current_price\"": 210500.0, \""unrealized_pnl\"": 6113937.022223028, \""unrealized_pnl_rate\"": 0.09370655632637381}]"", ""total_value"": 108300600.0, ""realized_pnl"": 2186662.977776983, ""total_return_rate"": 0.083006, ""updated_at"": ""2026-07-16 08:22:50""}, ""recent_trades"": [{""turn"": 10, ""date"": ""2026-04-03"", ""action"": ""sell"", ""stock_code"": ""005930"", ""quantity"": 20, ""executed_price"": 186200.0, ""trade_value"": 3724000.0, ""status"": ""filled"", ""filled_quantity"": 20, ""action_reason"": ""현재가 18 만 6 천 원은 MA20 경계선으로 단기 조정 가능성 존재. 수익 구간이므로 일부 수익 실현을 통해 현금 비중을 높이고, belief 에서 언급한 17 만 원대 지지선 매수 기회를 대비합니다.""}, {""turn"": 9, ""date"": ""2026-04-03"", ""action"": ""sell"", ""stock_code"": ""005930"", ""quantity"": 50, ""executed_price"": 184200.0, ""trade_value"": 9210000.0, ""status"": ""filled"", ""filled_quantity"": 50, ""action_reason"": ""3 분기 메모리 가격 하락이 확정되어 단기 악재가 반영된 상태이며, 현재가 (18 만 4 천 원) 가 내재가치 (17 만 8 천 원) 대비 비싸게 평가되어 수익 구간에서 일부 매도합니다.""}, {""turn"": 8, ""date"": ""2026-04-02"", ""action"": ""buy"", ""stock_code"": ""005930"", ""quantity"": 50, ""executed_price"": 178400.0, ""trade_value"": 8920000.0, ""status"": ""filled"", ""filled_quantity"": 50, ""action_reason"": ""17 만 8 천 원대 지지력 확인 및 AI 장기 성장성 유지로 가치 매수 기회로 판단. 수익 보유 중이므로 단기 조정 시 추가 매수로 내재가치 확보.""}]}"
chunk_006_2026-04-06_2026-04-10,2026-04-08,6,A007,"[2988, 2990, 2992, 2999, 3001]",2992,오늘 삼성전자 일부 매도했습니다.,trade_share,like,[],"{""portfolio_summary"": {""state_id"": ""ps_A006_t006"", ""agent_id"": ""A006"", ""turn"": 6, ""date"": ""2026-04-08"", ""cash"": 90405000.0, ""positions"": ""[{\""stock_code\"": \""005930\"", \""quantity\"": 50, \""avg_cost\"": 214000.0, \""current_price\"": 210500.0, \""unrealized_pnl\"": -175000.0, \""unrealized_pnl_rate\"": -0.016355140186915886}]"", ""total_value"": 100930000.0, ""realized_pnl"": 1104999.9999999986, ""total_return_rate"": 0.0093, ""updated_at"": ""2026-07-16 08:22:50""}, ""recent_trades"": [{""turn"": 10, ""date"": ""2026-04-03"", ""action"": ""sell"", ""stock_code"": ""005930"", ""quantity"": 50, ""executed_price"": 186200.0, ""trade_value"": 9310000.0, ""status"": ""filled"", ""filled_quantity"": 50, ""action_reason"": ""MA20(186,815 원) 저항선 부근에서 거래량 감소로 단기 상승 동력 약화. 현재가 (186,200 원) 가 매수 단가 (184,200 원) 대비 소수익 상태이므로 처분효과에 따라 일부 수익 실현. FCF 호재로 중장기 하방 경직성은 유지하되, 단기 기술적 리스크 회피.""}, {""turn"": 9, ""date"": ""2026-04-03"", ""action"": ""buy"", ""stock_code"": ""005930"", ""quantity"": 200, ""executed_price"": 184200.0, ""trade_value"": 36840000.0, ""status"": ""filled"", ""filled_quantity"": 200, ""action_reason"": ""기관 매수세 (연기금) 로 하방 경직성이 확인되어 기술적 저항선 (MA20) 부근에서도 제한적으로 진입합니다.""}, {""turn"": 8, ""date"": ""2026-04-02"", ""action"": ""sell"", ""stock_code"": ""005930"", ""quantity"": 70, ""executed_price"": 178400.0, ""trade_value"": 12488000.0, ""status"": ""filled"", ""filled_quantity"": 70, ""action_reason"": ""MA20 하향 돌파 및 거래량 증가로 단기 약세 전환. 수익 확정 욕구 (처분효과) 와 현금 비중 확보 필요성으로 매도 결정.""}]}"
chunk_006_2026-04-06_2026-04-10,2026-04-08,6,A007,"[2988, 2990, 2992, 2999, 3001]",2999,"휴전 소식과 기술적 돌파, 삼성전자의 향후 전망",analysis,read,[],"{""portfolio_summary"": {""state_id"": ""ps_A012_t006"", ""agent_id"": ""A012"", ""turn"": 6, ""date"": ""2026-04-08"", ""cash"": 83564100.0, ""positions"": ""[{\""stock_code\"": \""005930\"", \""quantity\"": 101, \""avg_cost\"": 194447.99706646052, \""current_price\"": 210500.0, \""unrealized_pnl\"": 1621252.2962874875, \""unrealized_pnl_rate\"": 0.08255164967347571}]"", ""total_value"": 104824600.0, ""realized_pnl"": 3203347.703712513, ""total_return_rate"": 0.048246, ""updated_at"": ""2026-07-16 08:22:50""}, ""recent_trades"": [{""turn"": 10, ""date"": ""2026-04-03"", ""action"": ""buy"", ""stock_code"": ""005930"", ""quantity"": 100, ""executed_price"": 186200.0, ""trade_value"": 18620000.0, ""status"": ""filled"", ""filled_quantity"": 100, ""action_reason"": ""FCF 급증 기대와 펀더멘털 우위, MA20 돌파 전 매수 기회로 판단. 소폭 수익 상태이나 추세 추종 전략에 따라 추가 매수.""}, {""turn"": 9, ""date"": ""2026-04-03"", ""action"": ""buy"", ""stock_code"": ""005930"", ""quantity"": 100, ""executed_price"": 184200.0, ""trade_value"": 18420000.0, ""status"": ""filled"", ""filled_quantity"": 100, ""action_reason"": ""17 만 8 천 원대 지지선 확인 및 기관 매수세 유입으로 하방 경직성 발생. MA20 하회 추세이나 밸류에이션 매력 구간으로 판단하여 현금 여력을 활용한 추가 매수.""}, {""turn"": 8, ""date"": ""2026-04-02"", ""action"": ""buy"", ""stock_code"": ""005930"", ""quantity"": 100, ""executed_price"": 178400.0, ""trade_value"": 17840000.0, ""status"": ""filled"", ""filled_quantity"": 100, ""action_reason"": ""시스템 제약으로 매수 필수이나, 기술적 약세 (MA20 이탈) 와 단기 조정 우려로 인해 현금 비중을 고려한 제한적 매수 (100 주) 로 진입합니다. 최근 매도 가격 대비 하락한 점을 고려하여 손실 시 추가 매수 성향을 반영하되, 변동성 확대 리스크를 관리합니다.""}]}"
chunk_006_2026-04-06_2026-04-10,2026-04-08,6,A007,"[2988, 2990, 2992, 2999, 3001]",3001,[매수 공유] 삼성전자 10주 매수했습니다.,trade_share,unlike,[],"{""portfolio_summary"": {""state_id"": ""ps_A019_t006"", ""agent_id"": ""A019"", ""turn"": 6, ""date"": ""2026-04-08"", ""cash"": 103084100.0, ""positions"": ""[{\""stock_code\"": \""005930\"", \""quantity\"": 10, \""avg_cost\"": 210500.0, \""current_price\"": 210500.0, \""unrealized_pnl\"": 0.0, \""unrealized_pnl_rate\"": 0.0}]"", ""total_value"": 105189100.0, ""realized_pnl"": 5189099.999999998, ""total_return_rate"": 0.051891, ""updated_at"": ""2026-07-16 08:22:50""}, ""recent_trades"": [{""turn"": 10, ""date"": ""2026-04-03"", ""action"": ""sell"", ""stock_code"": ""005930"", ""quantity"": 1, ""executed_price"": 186200.0, ""trade_value"": 186200.0, ""status"": ""filled"", ""filled_quantity"": 1, ""action_reason"": ""fallback_decision_after_invalid_llm_output: the model failed to return a valid decision after retry, so the system submitted a minimal valid sell order.""}, {""turn"": 9, ""date"": ""2026-04-03"", ""action"": ""sell"", ""stock_code"": ""005930"", ""quantity"": 50, ""executed_price"": 184200.0, ""trade_value"": 9210000.0, ""status"": ""filled"", ""filled_quantity"": 50, ""action_reason"": ""수익 실현 성향과 변동성 확대 예상에 따라 현금 비중을 높입니다. 추가 하락 시 저가 매수 여력을 확보하기 위함입니다.""}, {""turn"": 8, ""date"": ""2026-04-02"", ""action"": ""buy"", ""stock_code"": ""005930"", ""quantity"": 100, ""executed_price"": 178400.0, ""trade_value"": 17840000.0, ""status"": ""filled"", ""filled_quantity"": 100, ""action_reason"": ""내재가치 관점에서 현재가 (178,400 원) 가 평균 매수 단가 (172,250 원) 대비 안전마진이 확보된 저평가 구간으로 판단. 최근 매도 (192,600 원) 로 확보된 현금 여력을 활용하여 하락장 진입 전 가치 매수 기회로 삼음.""}]}"
chunk_006_2026-04-06_2026-04-10,2026-04-08,6,A010,"[2988, 2991, 2999, 3002, 3005]",2988,오늘 삼성전자 매도했습니다!,trade_share,like,[],null
chunk_006_2026-04-06_2026-04-10,2026-04-08,6,A010,"[2988, 2991, 2999, 3002, 3005]",2991,오늘 삼성전자 일부 매도했습니다.,trade_share,like,"[""상위 수익자"", ""자산가"", ""커뮤니티 인플루언서""]",null
chunk_006_2026-04-06_2026-04-10,2026-04-08,6,A010,"[2988, 2991, 2999, 3002, 3005]",2999,"휴전 소식과 기술적 돌파, 삼성전자의 향후 전망",analysis,read,[],null
chunk_006_2026-04-06_2026-04-10,2026-04-08,6,A010,"[2988, 2991, 2999, 3002, 3005]",3002,삼성전자 일부 매도했습니다!,trade_share,like,[],null
chunk_006_2026-04-06_2026-04-10,2026-04-08,6,A010,"[2988, 2991, 2999, 3002, 3005]",3005,오늘 삼성전자 일부 매도했습니다,trade_share,like,[],null
chunk_006_2026-04-06_2026-04-10,2026-04-08,6,A006,"[2988, 2990, 2998, 2999, 3002]",2988,오늘 삼성전자 매도했습니다!,trade_share,like,[],null
chunk_006_2026-04-06_2026-04-10,2026-04-08,6,A006,"[2988, 2990, 2998, 2999, 3002]",2990,단기 급등에 따른 매도 결정,trade_share,like,"[""상위 수익자"", ""자산가""]",null
chunk_006_2026-04-06_2026-04-10,2026-04-08,6,A006,"[2988, 2990, 2998, 2999, 3002]",2998,지정학적 리스크 해소와 단기 조정 가능성에 대한 고찰,analysis,like,[],null
chunk_006_2026-04-06_2026-04-10,2026-04-08,6,A006,"[2988, 2990, 2998, 2999, 3002]",2999,"휴전 소식과 기술적 돌파, 삼성전자의 향후 전망",analysis,read,[],null
chunk_006_2026-04-06_2026-04-10,2026-04-08,6,A006,"[2988, 2990, 2998, 2999, 3002]",3002,삼성전자 일부 매도했습니다!,trade_share,like,[],null
chunk_006_2026-04-06_2026-04-10,2026-04-08,6,A001,"[2998, 2999, 2988, 2991, 3002]",2998,지정학적 리스크 해소와 단기 조정 가능성에 대한 고찰,analysis,like,[],null
chunk_006_2026-04-06_2026-04-10,2026-04-08,6,A001,"[2998, 2999, 2988, 2991, 3002]",2999,"휴전 소식과 기술적 돌파, 삼성전자의 향후 전망",analysis,read,[],null
chunk_006_2026-04-06_2026-04-10,2026-04-08,6,A001,"[2998, 2999, 2988, 2991, 3002]",2988,오늘 삼성전자 매도했습니다!,trade_share,like,[],null
chunk_006_2026-04-06_2026-04-10,2026-04-08,6,A001,"[2998, 2999, 2988, 2991, 3002]",2991,오늘 삼성전자 일부 매도했습니다.,trade_share,like,"[""상위 수익자"", ""자산가"", ""커뮤니티 인플루언서""]",null
chunk_006_2026-04-06_2026-04-10,2026-04-08,6,A001,"[2998, 2999, 2988, 2991, 3002]",3002,삼성전자 일부 매도했습니다!,trade_share,unlike,[],null
chunk_006_2026-04-06_2026-04-10,2026-04-08,6,A008,"[2990, 2998, 2999, 3002, 3005]",2990,단기 급등에 따른 매도 결정,trade_share,like,"[""상위 수익자"", ""자산가""]",null
chunk_006_2026-04-06_2026-04-10,2026-04-08,6,A008,"[2990, 2998, 2999, 3002, 3005]",2998,지정학적 리스크 해소와 단기 조정 가능성에 대한 고찰,analysis,like,[],null
chunk_006_2026-04-06_2026-04-10,2026-04-08,6,A008,"[2990, 2998, 2999, 3002, 3005]",2999,"휴전 소식과 기술적 돌파, 삼성전자의 향후 전망",analysis,read,[],null
chunk_006_2026-04-06_2026-04-10,2026-04-08,6,A008,"[2990, 2998, 2999, 3002, 3005]",3002,삼성전자 일부 매도했습니다!,trade_share,like,[],null
chunk_006_2026-04-06_2026-04-10,2026-04-08,6,A008,"[2990, 2998, 2999, 3002, 3005]",3005,오늘 삼성전자 일부 매도했습니다,trade_share,unlike,[],null
chunk_006_2026-04-06_2026-04-10,2026-04-08,6,A003,"[2988, 2990, 2998, 2999, 3002]",2988,오늘 삼성전자 매도했습니다!,trade_share,like,[],null
chunk_006_2026-04-06_2026-04-10,2026-04-08,6,A003,"[2988, 2990, 2998, 2999, 3002]",2990,단기 급등에 따른 매도 결정,trade_share,like,"[""상위 수익자"", ""자산가""]",null
chunk_006_2026-04-06_2026-04-10,2026-04-08,6,A003,"[2988, 2990, 2998, 2999, 3002]",2998,지정학적 리스크 해소와 단기 조정 가능성에 대한 고찰,analysis,like,[],null
chunk_006_2026-04-06_2026-04-10,2026-04-08,6,A003,"[2988, 2990, 2998, 2999, 3002]",2999,"휴전 소식과 기술적 돌파, 삼성전자의 향후 전망",analysis,read,[],null
chunk_006_2026-04-06_2026-04-10,2026-04-08,6,A003,"[2988, 2990, 2998, 2999, 3002]",3002,삼성전자 일부 매도했습니다!,trade_share,unlike,[],null
chunk_006_2026-04-06_2026-04-10,2026-04-08,6,A012,"[2988, 2990, 2992, 2994, 3001]",2988,오늘 삼성전자 매도했습니다!,trade_share,like,[],null
chunk_006_2026-04-06_2026-04-10,2026-04-08,6,A012,"[2988, 2990, 2992, 2994, 3001]",2990,단기 급등에 따른 매도 결정,trade_share,like,"[""상위 수익자"", ""자산가""]",null
chunk_006_2026-04-06_2026-04-10,2026-04-08,6,A012,"[2988, 2990, 2992, 2994, 3001]",2992,오늘 삼성전자 일부 매도했습니다.,trade_share,like,[],null
chunk_006_2026-04-06_2026-04-10,2026-04-08,6,A012,"[2988, 2990, 2992, 2994, 3001]",2994,오늘 삼성전자 50주 매수했습니다!,trade_share,unlike,"[""커뮤니티 인플루언서""]",null
chunk_006_2026-04-06_2026-04-10,2026-04-08,6,A012,"[2988, 2990, 2992, 2994, 3001]",3001,[매수 공유] 삼성전자 10주 매수했습니다.,trade_share,read,[],null
chunk_006_2026-04-06_2026-04-10,2026-04-08,6,A011,"[2988, 2990, 2998, 2999, 3002]",2988,오늘 삼성전자 매도했습니다!,trade_share,like,[],null
chunk_006_2026-04-06_2026-04-10,2026-04-08,6,A011,"[2988, 2990, 2998, 2999, 3002]",2990,단기 급등에 따른 매도 결정,trade_share,like,"[""상위 수익자"", ""자산가""]",null
chunk_006_2026-04-06_2026-04-10,2026-04-08,6,A011,"[2988, 2990, 2998, 2999, 3002]",2998,지정학적 리스크 해소와 단기 조정 가능성에 대한 고찰,analysis,read,[],null
chunk_006_2026-04-06_2026-04-10,2026-04-08,6,A011,"[2988, 2990, 2998, 2999, 3002]",2999,"휴전 소식과 기술적 돌파, 삼성전자의 향후 전망",analysis,unlike,[],null
chunk_006_2026-04-06_2026-04-10,2026-04-08,6,A011,"[2988, 2990, 2998, 2999, 3002]",3002,삼성전자 일부 매도했습니다!,trade_share,like,[],null
chunk_006_2026-04-06_2026-04-10,2026-04-08,6,A013,"[2988, 2990, 2998, 2999, 3002]",2988,오늘 삼성전자 매도했습니다!,trade_share,like,[],null
chunk_006_2026-04-06_2026-04-10,2026-04-08,6,A013,"[2988, 2990, 2998, 2999, 3002]",2990,단기 급등에 따른 매도 결정,trade_share,like,"[""상위 수익자"", ""자산가""]",null
chunk_006_2026-04-06_2026-04-10,2026-04-08,6,A013,"[2988, 2990, 2998, 2999, 3002]",2998,지정학적 리스크 해소와 단기 조정 가능성에 대한 고찰,analysis,read,[],null
chunk_006_2026-04-06_2026-04-10,2026-04-08,6,A013,"[2988, 2990, 2998, 2999, 3002]",2999,"휴전 소식과 기술적 돌파, 삼성전자의 향후 전망",analysis,unlike,[],null
chunk_006_2026-04-06_2026-04-10,2026-04-08,6,A013,"[2988, 2990, 2998, 2999, 3002]",3002,삼성전자 일부 매도했습니다!,trade_share,like,[],null
chunk_006_2026-04-06_2026-04-10,2026-04-08,6,A014,"[2988, 2990, 2992, 3002, 3005]",2988,오늘 삼성전자 매도했습니다!,trade_share,like,[],null
chunk_006_2026-04-06_2026-04-10,2026-04-08,6,A014,"[2988, 2990, 2992, 3002, 3005]",2990,단기 급등에 따른 매도 결정,trade_share,like,"[""상위 수익자"", ""자산가""]",null
chunk_006_2026-04-06_2026-04-10,2026-04-08,6,A014,"[2988, 2990, 2992, 3002, 3005]",2992,오늘 삼성전자 일부 매도했습니다.,trade_share,like,[],null
chunk_006_2026-04-06_2026-04-10,2026-04-08,6,A014,"[2988, 2990, 2992, 3002, 3005]",3002,삼성전자 일부 매도했습니다!,trade_share,like,[],null
chunk_006_2026-04-06_2026-04-10,2026-04-08,6,A014,"[2988, 2990, 2992, 3002, 3005]",3005,오늘 삼성전자 일부 매도했습니다,trade_share,read,[],null
chunk_006_2026-04-06_2026-04-10,2026-04-08,6,A017,"[2988, 2990, 2992, 2998, 2999]",2988,오늘 삼성전자 매도했습니다!,trade_share,like,[],"{""portfolio_summary"": {""state_id"": ""ps_A004_t006"", ""agent_id"": ""A004"", ""turn"": 6, ""date"": ""2026-04-08"", ""cash"": 73924000.0, ""positions"": ""[{\""stock_code\"": \""005930\"", \""quantity\"": 160, \""avg_cost\"": 193161.72839506174, \""current_price\"": 210500.0, \""unrealized_pnl\"": 2774123.4567901213, \""unrealized_pnl_rate\"": 0.08976038757262185}]"", ""total_value"": 107604000.0, ""realized_pnl"": 4829876.543209873, ""total_return_rate"": 0.07604, ""updated_at"": ""2026-07-16 08:22:50""}, ""recent_trades"": [{""turn"": 10, ""date"": ""2026-04-03"", ""action"": ""sell"", ""stock_code"": ""005930"", ""quantity"": 100, ""executed_price"": 186200.0, ""trade_value"": 18620000.0, ""status"": ""filled"", ""filled_quantity"": 100, ""action_reason"": ""MA20(186,815 원) 저항선 부근에서 거래량 부족으로 돌파 불확실성이 높으며, 현재 수익 상태이므로 성향에 따라 수익 실현 매도""}, {""turn"": 9, ""date"": ""2026-04-03"", ""action"": ""sell"", ""stock_code"": ""005930"", ""quantity"": 100, ""executed_price"": 184200.0, ""trade_value"": 18420000.0, ""status"": ""filled"", ""filled_quantity"": 100, ""action_reason"": ""현재가 184,200 원으로 평균 매수 단가 184,000 원 회복. MA20 저항선 부근과 메모리 악재로 단기 불확실성 존재. 손익 확정 및 단일 종목 집중 리스크 감소를 위해 보유 물량 100 주 매도.""}, {""turn"": 8, ""date"": ""2026-04-02"", ""action"": ""buy"", ""stock_code"": ""005930"", ""quantity"": 100, ""executed_price"": 178400.0, ""trade_value"": 17840000.0, ""status"": ""filled"", ""filled_quantity"": 100, ""action_reason"": ""현재가 178,400 원으로 평균 매수 단가 대비 손실 상태이며, MA5 지지선 유지 중이므로 페르소나의 손실 시 추가 매수 성향에 따라 평균 단가 하향을 위해 매수합니다.""}]}"
chunk_006_2026-04-06_2026-04-10,2026-04-08,6,A017,"[2988, 2990, 2992, 2998, 2999]",2990,단기 급등에 따른 매도 결정,trade_share,like,"[""상위 수익자"", ""자산가""]","{""portfolio_summary"": {""state_id"": ""ps_A010_t006"", ""agent_id"": ""A010"", ""turn"": 6, ""date"": ""2026-04-08"", ""cash"": 36941100.0, ""positions"": ""[{\""stock_code\"": \""005930\"", \""quantity\"": 339, \""avg_cost\"": 192464.7875450648, \""current_price\"": 210500.0, \""unrealized_pnl\"": 6113937.022223028, \""unrealized_pnl_rate\"": 0.09370655632637381}]"", ""total_value"": 108300600.0, ""realized_pnl"": 2186662.977776983, ""total_return_rate"": 0.083006, ""updated_at"": ""2026-07-16 08:22:50""}, ""recent_trades"": [{""turn"": 10, ""date"": ""2026-04-03"", ""action"": ""sell"", ""stock_code"": ""005930"", ""quantity"": 20, ""executed_price"": 186200.0, ""trade_value"": 3724000.0, ""status"": ""filled"", ""filled_quantity"": 20, ""action_reason"": ""현재가 18 만 6 천 원은 MA20 경계선으로 단기 조정 가능성 존재. 수익 구간이므로 일부 수익 실현을 통해 현금 비중을 높이고, belief 에서 언급한 17 만 원대 지지선 매수 기회를 대비합니다.""}, {""turn"": 9, ""date"": ""2026-04-03"", ""action"": ""sell"", ""stock_code"": ""005930"", ""quantity"": 50, ""executed_price"": 184200.0, ""trade_value"": 9210000.0, ""status"": ""filled"", ""filled_quantity"": 50, ""action_reason"": ""3 분기 메모리 가격 하락이 확정되어 단기 악재가 반영된 상태이며, 현재가 (18 만 4 천 원) 가 내재가치 (17 만 8 천 원) 대비 비싸게 평가되어 수익 구간에서 일부 매도합니다.""}, {""turn"": 8, ""date"": ""2026-04-02"", ""action"": ""buy"", ""stock_code"": ""005930"", ""quantity"": 50, ""executed_price"": 178400.0, ""trade_value"": 8920000.0, ""status"": ""filled"", ""filled_quantity"": 50, ""action_reason"": ""17 만 8 천 원대 지지력 확인 및 AI 장기 성장성 유지로 가치 매수 기회로 판단. 수익 보유 중이므로 단기 조정 시 추가 매수로 내재가치 확보.""}]}"
chunk_006_2026-04-06_2026-04-10,2026-04-08,6,A017,"[2988, 2990, 2992, 2998, 2999]",2992,오늘 삼성전자 일부 매도했습니다.,trade_share,like,[],"{""portfolio_summary"": {""state_id"": ""ps_A006_t006"", ""agent_id"": ""A006"", ""turn"": 6, ""date"": ""2026-04-08"", ""cash"": 90405000.0, ""positions"": ""[{\""stock_code\"": \""005930\"", \""quantity\"": 50, \""avg_cost\"": 214000.0, \""current_price\"": 210500.0, \""unrealized_pnl\"": -175000.0, \""unrealized_pnl_rate\"": -0.016355140186915886}]"", ""total_value"": 100930000.0, ""realized_pnl"": 1104999.9999999986, ""total_return_rate"": 0.0093, ""updated_at"": ""2026-07-16 08:22:50""}, ""recent_trades"": [{""turn"": 10, ""date"": ""2026-04-03"", ""action"": ""sell"", ""stock_code"": ""005930"", ""quantity"": 50, ""executed_price"": 186200.0, ""trade_value"": 9310000.0, ""status"": ""filled"", ""filled_quantity"": 50, ""action_reason"": ""MA20(186,815 원) 저항선 부근에서 거래량 감소로 단기 상승 동력 약화. 현재가 (186,200 원) 가 매수 단가 (184,200 원) 대비 소수익 상태이므로 처분효과에 따라 일부 수익 실현. FCF 호재로 중장기 하방 경직성은 유지하되, 단기 기술적 리스크 회피.""}, {""turn"": 9, ""date"": ""2026-04-03"", ""action"": ""buy"", ""stock_code"": ""005930"", ""quantity"": 200, ""executed_price"": 184200.0, ""trade_value"": 36840000.0, ""status"": ""filled"", ""filled_quantity"": 200, ""action_reason"": ""기관 매수세 (연기금) 로 하방 경직성이 확인되어 기술적 저항선 (MA20) 부근에서도 제한적으로 진입합니다.""}, {""turn"": 8, ""date"": ""2026-04-02"", ""action"": ""sell"", ""stock_code"": ""005930"", ""quantity"": 70, ""executed_price"": 178400.0, ""trade_value"": 12488000.0, ""status"": ""filled"", ""filled_quantity"": 70, ""action_reason"": ""MA20 하향 돌파 및 거래량 증가로 단기 약세 전환. 수익 확정 욕구 (처분효과) 와 현금 비중 확보 필요성으로 매도 결정.""}]}"
chunk_006_2026-04-06_2026-04-10,2026-04-08,6,A017,"[2988, 2990, 2992, 2998, 2999]",2998,지정학적 리스크 해소와 단기 조정 가능성에 대한 고찰,analysis,read,[],"{""portfolio_summary"": {""state_id"": ""ps_A014_t006"", ""agent_id"": ""A014"", ""turn"": 6, ""date"": ""2026-04-08"", ""cash"": 64200000.0, ""positions"": ""[{\""stock_code\"": \""005930\"", \""quantity\"": 200, \""avg_cost\"": 195625.0, \""current_price\"": 210500.0, \""unrealized_pnl\"": 2975000.0, \""unrealized_pnl_rate\"": 0.07603833865814696}]"", ""total_value"": 106300000.0, ""realized_pnl"": 3325000.0, ""total_return_rate"": 0.063, ""updated_at"": ""2026-07-16 08:22:50""}, ""recent_trades"": [{""turn"": 10, ""date"": ""2026-04-03"", ""action"": ""buy"", ""stock_code"": ""005930"", ""quantity"": 100, ""executed_price"": 186200.0, ""trade_value"": 18620000.0, ""status"": ""filled"", ""filled_quantity"": 100, ""action_reason"": ""헤드라인 스캔을 통해 FCF 호재 확인했으나, MA20 부근 저항과 거래량 감소로 기술적 신호 전까지 소량 매수합니다.""}, {""turn"": 9, ""date"": ""2026-03-27"", ""action"": ""sell"", ""stock_code"": ""005930"", ""quantity"": 100, ""executed_price"": 172100.0, ""trade_value"": 17210000.0, ""status"": ""filled"", ""filled_quantity"": 100, ""action_reason"": ""기술적 약세 (MA5 < MA20) 와 구글 주문 축소설 등 부정적 뉴스가 지배적이며, 단기 하락 추세가 명확해졌습니다. 손실 시 이성적으로 손절하는 투자 원칙에 따라 현재가 (172,100 원) 가 평균 매수 단가 (180,100 원) 보다 낮아 미실현 손실 상태이므로, 추가 하락 리스크를 피하기 위해 전량 매도합니다.""}, {""turn"": 8, ""date"": ""2026-04-02"", ""action"": ""sell"", ""stock_code"": ""005930"", ""quantity"": 200, ""executed_price"": 178400.0, ""trade_value"": 35680000.0, ""status"": ""filled"", ""filled_quantity"": 200, ""action_reason"": ""MA20 이탈 및 거래량 동반 하락으로 기술적 약세가 명확히 확인되었습니다. 손절 원칙에 따라 미실현 손실을 확정하고 포지션을 정리합니다.""}]}"
chunk_006_2026-04-06_2026-04-10,2026-04-08,6,A017,"[2988, 2990, 2992, 2998, 2999]",2999,"휴전 소식과 기술적 돌파, 삼성전자의 향후 전망",analysis,unlike,[],"{""portfolio_summary"": {""state_id"": ""ps_A012_t006"", ""agent_id"": ""A012"", ""turn"": 6, ""date"": ""2026-04-08"", ""cash"": 83564100.0, ""positions"": ""[{\""stock_code\"": \""005930\"", \""quantity\"": 101, \""avg_cost\"": 194447.99706646052, \""current_price\"": 210500.0, \""unrealized_pnl\"": 1621252.2962874875, \""unrealized_pnl_rate\"": 0.08255164967347571}]"", ""total_value"": 104824600.0, ""realized_pnl"": 3203347.703712513, ""total_return_rate"": 0.048246, ""updated_at"": ""2026-07-16 08:22:50""}, ""recent_trades"": [{""turn"": 10, ""date"": ""2026-04-03"", ""action"": ""buy"", ""stock_code"": ""005930"", ""quantity"": 100, ""executed_price"": 186200.0, ""trade_value"": 18620000.0, ""status"": ""filled"", ""filled_quantity"": 100, ""action_reason"": ""FCF 급증 기대와 펀더멘털 우위, MA20 돌파 전 매수 기회로 판단. 소폭 수익 상태이나 추세 추종 전략에 따라 추가 매수.""}, {""turn"": 9, ""date"": ""2026-04-03"", ""action"": ""buy"", ""stock_code"": ""005930"", ""quantity"": 100, ""executed_price"": 184200.0, ""trade_value"": 18420000.0, ""status"": ""filled"", ""filled_quantity"": 100, ""action_reason"": ""17 만 8 천 원대 지지선 확인 및 기관 매수세 유입으로 하방 경직성 발생. MA20 하회 추세이나 밸류에이션 매력 구간으로 판단하여 현금 여력을 활용한 추가 매수.""}, {""turn"": 8, ""date"": ""2026-04-02"", ""action"": ""buy"", ""stock_code"": ""005930"", ""quantity"": 100, ""executed_price"": 178400.0, ""trade_value"": 17840000.0, ""status"": ""filled"", ""filled_quantity"": 100, ""action_reason"": ""시스템 제약으로 매수 필수이나, 기술적 약세 (MA20 이탈) 와 단기 조정 우려로 인해 현금 비중을 고려한 제한적 매수 (100 주) 로 진입합니다. 최근 매도 가격 대비 하락한 점을 고려하여 손실 시 추가 매수 성향을 반영하되, 변동성 확대 리스크를 관리합니다.""}]}"
chunk_006_2026-04-06_2026-04-10,2026-04-08,6,A022,"[2988, 2990, 2998, 2999, 3005]",2988,오늘 삼성전자 매도했습니다!,trade_share,like,[],null
chunk_006_2026-04-06_2026-04-10,2026-04-08,6,A022,"[2988, 2990, 2998, 2999, 3005]",2990,단기 급등에 따른 매도 결정,trade_share,like,"[""상위 수익자"", ""자산가""]",null
chunk_006_2026-04-06_2026-04-10,2026-04-08,6,A022,"[2988, 2990, 2998, 2999, 3005]",2998,지정학적 리스크 해소와 단기 조정 가능성에 대한 고찰,analysis,read,[],null
chunk_006_2026-04-06_2026-04-10,2026-04-08,6,A022,"[2988, 2990, 2998, 2999, 3005]",2999,"휴전 소식과 기술적 돌파, 삼성전자의 향후 전망",analysis,unlike,[],null
chunk_006_2026-04-06_2026-04-10,2026-04-08,6,A022,"[2988, 2990, 2998, 2999, 3005]",3005,오늘 삼성전자 일부 매도했습니다,trade_share,like,[],null
chunk_006_2026-04-06_2026-04-10,2026-04-08,6,A027,"[2988, 2990, 2998, 2999, 3002]",2988,오늘 삼성전자 매도했습니다!,trade_share,like,[],null
chunk_006_2026-04-06_2026-04-10,2026-04-08,6,A027,"[2988, 2990, 2998, 2999, 3002]",2990,단기 급등에 따른 매도 결정,trade_share,like,"[""상위 수익자"", ""자산가""]",null
chunk_006_2026-04-06_2026-04-10,2026-04-08,6,A027,"[2988, 2990, 2998, 2999, 3002]",2998,지정학적 리스크 해소와 단기 조정 가능성에 대한 고찰,analysis,like,[],null
chunk_006_2026-04-06_2026-04-10,2026-04-08,6,A027,"[2988, 2990, 2998, 2999, 3002]",2999,"휴전 소식과 기술적 돌파, 삼성전자의 향후 전망",analysis,read,[],null
chunk_006_2026-04-06_2026-04-10,2026-04-08,6,A027,"[2988, 2990, 2998, 2999, 3002]",3002,삼성전자 일부 매도했습니다!,trade_share,like,[],null
chunk_006_2026-04-06_2026-04-10,2026-04-08,6,A019,"[2988, 2990, 2998, 3002, 3005]",2988,오늘 삼성전자 매도했습니다!,trade_share,like,[],null
chunk_006_2026-04-06_2026-04-10,2026-04-08,6,A019,"[2988, 2990, 2998, 3002, 3005]",2990,단기 급등에 따른 매도 결정,trade_share,like,"[""상위 수익자"", ""자산가""]",null
chunk_006_2026-04-06_2026-04-10,2026-04-08,6,A019,"[2988, 2990, 2998, 3002, 3005]",2998,지정학적 리스크 해소와 단기 조정 가능성에 대한 고찰,analysis,like,[],null
chunk_006_2026-04-06_2026-04-10,2026-04-08,6,A019,"[2988, 2990, 2998, 3002, 3005]",3002,삼성전자 일부 매도했습니다!,trade_share,unlike,[],null
chunk_006_2026-04-06_2026-04-10,2026-04-08,6,A019,"[2988, 2990, 2998, 3002, 3005]",3005,오늘 삼성전자 일부 매도했습니다,trade_share,read,[],null
chunk_006_2026-04-06_2026-04-10,2026-04-08,6,A020,"[2988, 2990, 2992, 2998, 2999]",2988,오늘 삼성전자 매도했습니다!,trade_share,like,[],"{""portfolio_summary"": {""state_id"": ""ps_A004_t006"", ""agent_id"": ""A004"", ""turn"": 6, ""date"": ""2026-04-08"", ""cash"": 73924000.0, ""positions"": ""[{\""stock_code\"": \""005930\"", \""quantity\"": 160, \""avg_cost\"": 193161.72839506174, \""current_price\"": 210500.0, \""unrealized_pnl\"": 2774123.4567901213, \""unrealized_pnl_rate\"": 0.08976038757262185}]"", ""total_value"": 107604000.0, ""realized_pnl"": 4829876.543209873, ""total_return_rate"": 0.07604, ""updated_at"": ""2026-07-16 08:22:50""}, ""recent_trades"": [{""turn"": 10, ""date"": ""2026-04-03"", ""action"": ""sell"", ""stock_code"": ""005930"", ""quantity"": 100, ""executed_price"": 186200.0, ""trade_value"": 18620000.0, ""status"": ""filled"", ""filled_quantity"": 100, ""action_reason"": ""MA20(186,815 원) 저항선 부근에서 거래량 부족으로 돌파 불확실성이 높으며, 현재 수익 상태이므로 성향에 따라 수익 실현 매도""}, {""turn"": 9, ""date"": ""2026-04-03"", ""action"": ""sell"", ""stock_code"": ""005930"", ""quantity"": 100, ""executed_price"": 184200.0, ""trade_value"": 18420000.0, ""status"": ""filled"", ""filled_quantity"": 100, ""action_reason"": ""현재가 184,200 원으로 평균 매수 단가 184,000 원 회복. MA20 저항선 부근과 메모리 악재로 단기 불확실성 존재. 손익 확정 및 단일 종목 집중 리스크 감소를 위해 보유 물량 100 주 매도.""}, {""turn"": 8, ""date"": ""2026-04-02"", ""action"": ""buy"", ""stock_code"": ""005930"", ""quantity"": 100, ""executed_price"": 178400.0, ""trade_value"": 17840000.0, ""status"": ""filled"", ""filled_quantity"": 100, ""action_reason"": ""현재가 178,400 원으로 평균 매수 단가 대비 손실 상태이며, MA5 지지선 유지 중이므로 페르소나의 손실 시 추가 매수 성향에 따라 평균 단가 하향을 위해 매수합니다.""}]}"
chunk_006_2026-04-06_2026-04-10,2026-04-08,6,A020,"[2988, 2990, 2992, 2998, 2999]",2990,단기 급등에 따른 매도 결정,trade_share,like,"[""상위 수익자"", ""자산가""]","{""portfolio_summary"": {""state_id"": ""ps_A010_t006"", ""agent_id"": ""A010"", ""turn"": 6, ""date"": ""2026-04-08"", ""cash"": 36941100.0, ""positions"": ""[{\""stock_code\"": \""005930\"", \""quantity\"": 339, \""avg_cost\"": 192464.7875450648, \""current_price\"": 210500.0, \""unrealized_pnl\"": 6113937.022223028, \""unrealized_pnl_rate\"": 0.09370655632637381}]"", ""total_value"": 108300600.0, ""realized_pnl"": 2186662.977776983, ""total_return_rate"": 0.083006, ""updated_at"": ""2026-07-16 08:22:50""}, ""recent_trades"": [{""turn"": 10, ""date"": ""2026-04-03"", ""action"": ""sell"", ""stock_code"": ""005930"", ""quantity"": 20, ""executed_price"": 186200.0, ""trade_value"": 3724000.0, ""status"": ""filled"", ""filled_quantity"": 20, ""action_reason"": ""현재가 18 만 6 천 원은 MA20 경계선으로 단기 조정 가능성 존재. 수익 구간이므로 일부 수익 실현을 통해 현금 비중을 높이고, belief 에서 언급한 17 만 원대 지지선 매수 기회를 대비합니다.""}, {""turn"": 9, ""date"": ""2026-04-03"", ""action"": ""sell"", ""stock_code"": ""005930"", ""quantity"": 50, ""executed_price"": 184200.0, ""trade_value"": 9210000.0, ""status"": ""filled"", ""filled_quantity"": 50, ""action_reason"": ""3 분기 메모리 가격 하락이 확정되어 단기 악재가 반영된 상태이며, 현재가 (18 만 4 천 원) 가 내재가치 (17 만 8 천 원) 대비 비싸게 평가되어 수익 구간에서 일부 매도합니다.""}, {""turn"": 8, ""date"": ""2026-04-02"", ""action"": ""buy"", ""stock_code"": ""005930"", ""quantity"": 50, ""executed_price"": 178400.0, ""trade_value"": 8920000.0, ""status"": ""filled"", ""filled_quantity"": 50, ""action_reason"": ""17 만 8 천 원대 지지력 확인 및 AI 장기 성장성 유지로 가치 매수 기회로 판단. 수익 보유 중이므로 단기 조정 시 추가 매수로 내재가치 확보.""}]}"
chunk_006_2026-04-06_2026-04-10,2026-04-08,6,A020,"[2988, 2990, 2992, 2998, 2999]",2992,오늘 삼성전자 일부 매도했습니다.,trade_share,like,[],"{""portfolio_summary"": {""state_id"": ""ps_A006_t006"", ""agent_id"": ""A006"", ""turn"": 6, ""date"": ""2026-04-08"", ""cash"": 90405000.0, ""positions"": ""[{\""stock_code\"": \""005930\"", \""quantity\"": 50, \""avg_cost\"": 214000.0, \""current_price\"": 210500.0, \""unrealized_pnl\"": -175000.0, \""unrealized_pnl_rate\"": -0.016355140186915886}]"", ""total_value"": 100930000.0, ""realized_pnl"": 1104999.9999999986, ""total_return_rate"": 0.0093, ""updated_at"": ""2026-07-16 08:22:50""}, ""recent_trades"": [{""turn"": 10, ""date"": ""2026-04-03"", ""action"": ""sell"", ""stock_code"": ""005930"", ""quantity"": 50, ""executed_price"": 186200.0, ""trade_value"": 9310000.0, ""status"": ""filled"", ""filled_quantity"": 50, ""action_reason"": ""MA20(186,815 원) 저항선 부근에서 거래량 감소로 단기 상승 동력 약화. 현재가 (186,200 원) 가 매수 단가 (184,200 원) 대비 소수익 상태이므로 처분효과에 따라 일부 수익 실현. FCF 호재로 중장기 하방 경직성은 유지하되, 단기 기술적 리스크 회피.""}, {""turn"": 9, ""date"": ""2026-04-03"", ""action"": ""buy"", ""stock_code"": ""005930"", ""quantity"": 200, ""executed_price"": 184200.0, ""trade_value"": 36840000.0, ""status"": ""filled"", ""filled_quantity"": 200, ""action_reason"": ""기관 매수세 (연기금) 로 하방 경직성이 확인되어 기술적 저항선 (MA20) 부근에서도 제한적으로 진입합니다.""}, {""turn"": 8, ""date"": ""2026-04-02"", ""action"": ""sell"", ""stock_code"": ""005930"", ""quantity"": 70, ""executed_price"": 178400.0, ""trade_value"": 12488000.0, ""status"": ""filled"", ""filled_quantity"": 70, ""action_reason"": ""MA20 하향 돌파 및 거래량 증가로 단기 약세 전환. 수익 확정 욕구 (처분효과) 와 현금 비중 확보 필요성으로 매도 결정.""}]}"
chunk_006_2026-04-06_2026-04-10,2026-04-08,6,A020,"[2988, 2990, 2992, 2998, 2999]",2998,지정학적 리스크 해소와 단기 조정 가능성에 대한 고찰,analysis,read,[],"{""portfolio_summary"": {""state_id"": ""ps_A014_t006"", ""agent_id"": ""A014"", ""turn"": 6, ""date"": ""2026-04-08"", ""cash"": 64200000.0, ""positions"": ""[{\""stock_code\"": \""005930\"", \""quantity\"": 200, \""avg_cost\"": 195625.0, \""current_price\"": 210500.0, \""unrealized_pnl\"": 2975000.0, \""unrealized_pnl_rate\"": 0.07603833865814696}]"", ""total_value"": 106300000.0, ""realized_pnl"": 3325000.0, ""total_return_rate"": 0.063, ""updated_at"": ""2026-07-16 08:22:50""}, ""recent_trades"": [{""turn"": 10, ""date"": ""2026-04-03"", ""action"": ""buy"", ""stock_code"": ""005930"", ""quantity"": 100, ""executed_price"": 186200.0, ""trade_value"": 18620000.0, ""status"": ""filled"", ""filled_quantity"": 100, ""action_reason"": ""헤드라인 스캔을 통해 FCF 호재 확인했으나, MA20 부근 저항과 거래량 감소로 기술적 신호 전까지 소량 매수합니다.""}, {""turn"": 9, ""date"": ""2026-03-27"", ""action"": ""sell"", ""stock_code"": ""005930"", ""quantity"": 100, ""executed_price"": 172100.0, ""trade_value"": 17210000.0, ""status"": ""filled"", ""filled_quantity"": 100, ""action_reason"": ""기술적 약세 (MA5 < MA20) 와 구글 주문 축소설 등 부정적 뉴스가 지배적이며, 단기 하락 추세가 명확해졌습니다. 손실 시 이성적으로 손절하는 투자 원칙에 따라 현재가 (172,100 원) 가 평균 매수 단가 (180,100 원) 보다 낮아 미실현 손실 상태이므로, 추가 하락 리스크를 피하기 위해 전량 매도합니다.""}, {""turn"": 8, ""date"": ""2026-04-02"", ""action"": ""sell"", ""stock_code"": ""005930"", ""quantity"": 200, ""executed_price"": 178400.0, ""trade_value"": 35680000.0, ""status"": ""filled"", ""filled_quantity"": 200, ""action_reason"": ""MA20 이탈 및 거래량 동반 하락으로 기술적 약세가 명확히 확인되었습니다. 손절 원칙에 따라 미실현 손실을 확정하고 포지션을 정리합니다.""}]}"
chunk_006_2026-04-06_2026-04-10,2026-04-08,6,A020,"[2988, 2990, 2992, 2998, 2999]",2999,"휴전 소식과 기술적 돌파, 삼성전자의 향후 전망",analysis,unlike,[],"{""portfolio_summary"": {""state_id"": ""ps_A012_t006"", ""agent_id"": ""A012"", ""turn"": 6, ""date"": ""2026-04-08"", ""cash"": 83564100.0, ""positions"": ""[{\""stock_code\"": \""005930\"", \""quantity\"": 101, \""avg_cost\"": 194447.99706646052, \""current_price\"": 210500.0, \""unrealized_pnl\"": 1621252.2962874875, \""unrealized_pnl_rate\"": 0.08255164967347571}]"", ""total_value"": 104824600.0, ""realized_pnl"": 3203347.703712513, ""total_return_rate"": 0.048246, ""updated_at"": ""2026-07-16 08:22:50""}, ""recent_trades"": [{""turn"": 10, ""date"": ""2026-04-03"", ""action"": ""buy"", ""stock_code"": ""005930"", ""quantity"": 100, ""executed_price"": 186200.0, ""trade_value"": 18620000.0, ""status"": ""filled"", ""filled_quantity"": 100, ""action_reason"": ""FCF 급증 기대와 펀더멘털 우위, MA20 돌파 전 매수 기회로 판단. 소폭 수익 상태이나 추세 추종 전략에 따라 추가 매수.""}, {""turn"": 9, ""date"": ""2026-04-03"", ""action"": ""buy"", ""stock_code"": ""005930"", ""quantity"": 100, ""executed_price"": 184200.0, ""trade_value"": 18420000.0, ""status"": ""filled"", ""filled_quantity"": 100, ""action_reason"": ""17 만 8 천 원대 지지선 확인 및 기관 매수세 유입으로 하방 경직성 발생. MA20 하회 추세이나 밸류에이션 매력 구간으로 판단하여 현금 여력을 활용한 추가 매수.""}, {""turn"": 8, ""date"": ""2026-04-02"", ""action"": ""buy"", ""stock_code"": ""005930"", ""quantity"": 100, ""executed_price"": 178400.0, ""trade_value"": 17840000.0, ""status"": ""filled"", ""filled_quantity"": 100, ""action_reason"": ""시스템 제약으로 매수 필수이나, 기술적 약세 (MA20 이탈) 와 단기 조정 우려로 인해 현금 비중을 고려한 제한적 매수 (100 주) 로 진입합니다. 최근 매도 가격 대비 하락한 점을 고려하여 손실 시 추가 매수 성향을 반영하되, 변동성 확대 리스크를 관리합니다.""}]}"
chunk_006_2026-04-06_2026-04-10,2026-04-08,6,A015,"[2988, 2990, 2992, 2998, 2999]",2988,오늘 삼성전자 매도했습니다!,trade_share,like,[],"{""portfolio_summary"": {""state_id"": ""ps_A004_t006"", ""agent_id"": ""A004"", ""turn"": 6, ""date"": ""2026-04-08"", ""cash"": 73924000.0, ""positions"": ""[{\""stock_code\"": \""005930\"", \""quantity\"": 160, \""avg_cost\"": 193161.72839506174, \""current_price\"": 210500.0, \""unrealized_pnl\"": 2774123.4567901213, \""unrealized_pnl_rate\"": 0.08976038757262185}]"", ""total_value"": 107604000.0, ""realized_pnl"": 4829876.543209873, ""total_return_rate"": 0.07604, ""updated_at"": ""2026-07-16 08:22:50""}, ""recent_trades"": [{""turn"": 10, ""date"": ""2026-04-03"", ""action"": ""sell"", ""stock_code"": ""005930"", ""quantity"": 100, ""executed_price"": 186200.0, ""trade_value"": 18620000.0, ""status"": ""filled"", ""filled_quantity"": 100, ""action_reason"": ""MA20(186,815 원) 저항선 부근에서 거래량 부족으로 돌파 불확실성이 높으며, 현재 수익 상태이므로 성향에 따라 수익 실현 매도""}, {""turn"": 9, ""date"": ""2026-04-03"", ""action"": ""sell"", ""stock_code"": ""005930"", ""quantity"": 100, ""executed_price"": 184200.0, ""trade_value"": 18420000.0, ""status"": ""filled"", ""filled_quantity"": 100, ""action_reason"": ""현재가 184,200 원으로 평균 매수 단가 184,000 원 회복. MA20 저항선 부근과 메모리 악재로 단기 불확실성 존재. 손익 확정 및 단일 종목 집중 리스크 감소를 위해 보유 물량 100 주 매도.""}, {""turn"": 8, ""date"": ""2026-04-02"", ""action"": ""buy"", ""stock_code"": ""005930"", ""quantity"": 100, ""executed_price"": 178400.0, ""trade_value"": 17840000.0, ""status"": ""filled"", ""filled_quantity"": 100, ""action_reason"": ""현재가 178,400 원으로 평균 매수 단가 대비 손실 상태이며, MA5 지지선 유지 중이므로 페르소나의 손실 시 추가 매수 성향에 따라 평균 단가 하향을 위해 매수합니다.""}]}"
chunk_006_2026-04-06_2026-04-10,2026-04-08,6,A015,"[2988, 2990, 2992, 2998, 2999]",2990,단기 급등에 따른 매도 결정,trade_share,like,"[""상위 수익자"", ""자산가""]","{""portfolio_summary"": {""state_id"": ""ps_A010_t006"", ""agent_id"": ""A010"", ""turn"": 6, ""date"": ""2026-04-08"", ""cash"": 36941100.0, ""positions"": ""[{\""stock_code\"": \""005930\"", \""quantity\"": 339, \""avg_cost\"": 192464.7875450648, \""current_price\"": 210500.0, \""unrealized_pnl\"": 6113937.022223028, \""unrealized_pnl_rate\"": 0.09370655632637381}]"", ""total_value"": 108300600.0, ""realized_pnl"": 2186662.977776983, ""total_return_rate"": 0.083006, ""updated_at"": ""2026-07-16 08:22:50""}, ""recent_trades"": [{""turn"": 10, ""date"": ""2026-04-03"", ""action"": ""sell"", ""stock_code"": ""005930"", ""quantity"": 20, ""executed_price"": 186200.0, ""trade_value"": 3724000.0, ""status"": ""filled"", ""filled_quantity"": 20, ""action_reason"": ""현재가 18 만 6 천 원은 MA20 경계선으로 단기 조정 가능성 존재. 수익 구간이므로 일부 수익 실현을 통해 현금 비중을 높이고, belief 에서 언급한 17 만 원대 지지선 매수 기회를 대비합니다.""}, {""turn"": 9, ""date"": ""2026-04-03"", ""action"": ""sell"", ""stock_code"": ""005930"", ""quantity"": 50, ""executed_price"": 184200.0, ""trade_value"": 9210000.0, ""status"": ""filled"", ""filled_quantity"": 50, ""action_reason"": ""3 분기 메모리 가격 하락이 확정되어 단기 악재가 반영된 상태이며, 현재가 (18 만 4 천 원) 가 내재가치 (17 만 8 천 원) 대비 비싸게 평가되어 수익 구간에서 일부 매도합니다.""}, {""turn"": 8, ""date"": ""2026-04-02"", ""action"": ""buy"", ""stock_code"": ""005930"", ""quantity"": 50, ""executed_price"": 178400.0, ""trade_value"": 8920000.0, ""status"": ""filled"", ""filled_quantity"": 50, ""action_reason"": ""17 만 8 천 원대 지지력 확인 및 AI 장기 성장성 유지로 가치 매수 기회로 판단. 수익 보유 중이므로 단기 조정 시 추가 매수로 내재가치 확보.""}]}"
chunk_006_2026-04-06_2026-04-10,2026-04-08,6,A015,"[2988, 2990, 2992, 2998, 2999]",2992,오늘 삼성전자 일부 매도했습니다.,trade_share,like,[],"{""portfolio_summary"": {""state_id"": ""ps_A006_t006"", ""agent_id"": ""A006"", ""turn"": 6, ""date"": ""2026-04-08"", ""cash"": 90405000.0, ""positions"": ""[{\""stock_code\"": \""005930\"", \""quantity\"": 50, \""avg_cost\"": 214000.0, \""current_price\"": 210500.0, \""unrealized_pnl\"": -175000.0, \""unrealized_pnl_rate\"": -0.016355140186915886}]"", ""total_value"": 100930000.0, ""realized_pnl"": 1104999.9999999986, ""total_return_rate"": 0.0093, ""updated_at"": ""2026-07-16 08:22:50""}, ""recent_trades"": [{""turn"": 10, ""date"": ""2026-04-03"", ""action"": ""sell"", ""stock_code"": ""005930"", ""quantity"": 50, ""executed_price"": 186200.0, ""trade_value"": 9310000.0, ""status"": ""filled"", ""filled_quantity"": 50, ""action_reason"": ""MA20(186,815 원) 저항선 부근에서 거래량 감소로 단기 상승 동력 약화. 현재가 (186,200 원) 가 매수 단가 (184,200 원) 대비 소수익 상태이므로 처분효과에 따라 일부 수익 실현. FCF 호재로 중장기 하방 경직성은 유지하되, 단기 기술적 리스크 회피.""}, {""turn"": 9, ""date"": ""2026-04-03"", ""action"": ""buy"", ""stock_code"": ""005930"", ""quantity"": 200, ""executed_price"": 184200.0, ""trade_value"": 36840000.0, ""status"": ""filled"", ""filled_quantity"": 200, ""action_reason"": ""기관 매수세 (연기금) 로 하방 경직성이 확인되어 기술적 저항선 (MA20) 부근에서도 제한적으로 진입합니다.""}, {""turn"": 8, ""date"": ""2026-04-02"", ""action"": ""sell"", ""stock_code"": ""005930"", ""quantity"": 70, ""executed_price"": 178400.0, ""trade_value"": 12488000.0, ""status"": ""filled"", ""filled_quantity"": 70, ""action_reason"": ""MA20 하향 돌파 및 거래량 증가로 단기 약세 전환. 수익 확정 욕구 (처분효과) 와 현금 비중 확보 필요성으로 매도 결정.""}]}"
chunk_006_2026-04-06_2026-04-10,2026-04-08,6,A015,"[2988, 2990, 2992, 2998, 2999]",2998,지정학적 리스크 해소와 단기 조정 가능성에 대한 고찰,analysis,read,[],"{""portfolio_summary"": {""state_id"": ""ps_A014_t006"", ""agent_id"": ""A014"", ""turn"": 6, ""date"": ""2026-04-08"", ""cash"": 64200000.0, ""positions"": ""[{\""stock_code\"": \""005930\"", \""quantity\"": 200, \""avg_cost\"": 195625.0, \""current_price\"": 210500.0, \""unrealized_pnl\"": 2975000.0, \""unrealized_pnl_rate\"": 0.07603833865814696}]"", ""total_value"": 106300000.0, ""realized_pnl"": 3325000.0, ""total_return_rate"": 0.063, ""updated_at"": ""2026-07-16 08:22:50""}, ""recent_trades"": [{""turn"": 10, ""date"": ""2026-04-03"", ""action"": ""buy"", ""stock_code"": ""005930"", ""quantity"": 100, ""executed_price"": 186200.0, ""trade_value"": 18620000.0, ""status"": ""filled"", ""filled_quantity"": 100, ""action_reason"": ""헤드라인 스캔을 통해 FCF 호재 확인했으나, MA20 부근 저항과 거래량 감소로 기술적 신호 전까지 소량 매수합니다.""}, {""turn"": 9, ""date"": ""2026-03-27"", ""action"": ""sell"", ""stock_code"": ""005930"", ""quantity"": 100, ""executed_price"": 172100.0, ""trade_value"": 17210000.0, ""status"": ""filled"", ""filled_quantity"": 100, ""action_reason"": ""기술적 약세 (MA5 < MA20) 와 구글 주문 축소설 등 부정적 뉴스가 지배적이며, 단기 하락 추세가 명확해졌습니다. 손실 시 이성적으로 손절하는 투자 원칙에 따라 현재가 (172,100 원) 가 평균 매수 단가 (180,100 원) 보다 낮아 미실현 손실 상태이므로, 추가 하락 리스크를 피하기 위해 전량 매도합니다.""}, {""turn"": 8, ""date"": ""2026-04-02"", ""action"": ""sell"", ""stock_code"": ""005930"", ""quantity"": 200, ""executed_price"": 178400.0, ""trade_value"": 35680000.0, ""status"": ""filled"", ""filled_quantity"": 200, ""action_reason"": ""MA20 이탈 및 거래량 동반 하락으로 기술적 약세가 명확히 확인되었습니다. 손절 원칙에 따라 미실현 손실을 확정하고 포지션을 정리합니다.""}]}"
chunk_006_2026-04-06_2026-04-10,2026-04-08,6,A015,"[2988, 2990, 2992, 2998, 2999]",2999,"휴전 소식과 기술적 돌파, 삼성전자의 향후 전망",analysis,unlike,[],"{""portfolio_summary"": {""state_id"": ""ps_A012_t006"", ""agent_id"": ""A012"", ""turn"": 6, ""date"": ""2026-04-08"", ""cash"": 83564100.0, ""positions"": ""[{\""stock_code\"": \""005930\"", \""quantity\"": 101, \""avg_cost\"": 194447.99706646052, \""current_price\"": 210500.0, \""unrealized_pnl\"": 1621252.2962874875, \""unrealized_pnl_rate\"": 0.08255164967347571}]"", ""total_value"": 104824600.0, ""realized_pnl"": 3203347.703712513, ""total_return_rate"": 0.048246, ""updated_at"": ""2026-07-16 08:22:50""}, ""recent_trades"": [{""turn"": 10, ""date"": ""2026-04-03"", ""action"": ""buy"", ""stock_code"": ""005930"", ""quantity"": 100, ""executed_price"": 186200.0, ""trade_value"": 18620000.0, ""status"": ""filled"", ""filled_quantity"": 100, ""action_reason"": ""FCF 급증 기대와 펀더멘털 우위, MA20 돌파 전 매수 기회로 판단. 소폭 수익 상태이나 추세 추종 전략에 따라 추가 매수.""}, {""turn"": 9, ""date"": ""2026-04-03"", ""action"": ""buy"", ""stock_code"": ""005930"", ""quantity"": 100, ""executed_price"": 184200.0, ""trade_value"": 18420000.0, ""status"": ""filled"", ""filled_quantity"": 100, ""action_reason"": ""17 만 8 천 원대 지지선 확인 및 기관 매수세 유입으로 하방 경직성 발생. MA20 하회 추세이나 밸류에이션 매력 구간으로 판단하여 현금 여력을 활용한 추가 매수.""}, {""turn"": 8, ""date"": ""2026-04-02"", ""action"": ""buy"", ""stock_code"": ""005930"", ""quantity"": 100, ""executed_price"": 178400.0, ""trade_value"": 17840000.0, ""status"": ""filled"", ""filled_quantity"": 100, ""action_reason"": ""시스템 제약으로 매수 필수이나, 기술적 약세 (MA20 이탈) 와 단기 조정 우려로 인해 현금 비중을 고려한 제한적 매수 (100 주) 로 진입합니다. 최근 매도 가격 대비 하락한 점을 고려하여 손실 시 추가 매수 성향을 반영하되, 변동성 확대 리스크를 관리합니다.""}]}"
chunk_006_2026-04-06_2026-04-10,2026-04-08,6,A025,"[2988, 2990, 2998, 2999, 3002]",2988,오늘 삼성전자 매도했습니다!,trade_share,like,[],null
chunk_006_2026-04-06_2026-04-10,2026-04-08,6,A025,"[2988, 2990, 2998, 2999, 3002]",2990,단기 급등에 따른 매도 결정,trade_share,like,"[""상위 수익자"", ""자산가""]",null
chunk_006_2026-04-06_2026-04-10,2026-04-08,6,A025,"[2988, 2990, 2998, 2999, 3002]",2998,지정학적 리스크 해소와 단기 조정 가능성에 대한 고찰,analysis,like,[],null
chunk_006_2026-04-06_2026-04-10,2026-04-08,6,A025,"[2988, 2990, 2998, 2999, 3002]",2999,"휴전 소식과 기술적 돌파, 삼성전자의 향후 전망",analysis,read,[],null
chunk_006_2026-04-06_2026-04-10,2026-04-08,6,A025,"[2988, 2990, 2998, 2999, 3002]",3002,삼성전자 일부 매도했습니다!,trade_share,unlike,[],null
chunk_006_2026-04-06_2026-04-10,2026-04-08,6,A026,"[2988, 2990, 2998, 2999, 3002]",2988,오늘 삼성전자 매도했습니다!,trade_share,like,[],null
chunk_006_2026-04-06_2026-04-10,2026-04-08,6,A026,"[2988, 2990, 2998, 2999, 3002]",2990,단기 급등에 따른 매도 결정,trade_share,like,"[""상위 수익자"", ""자산가""]",null
chunk_006_2026-04-06_2026-04-10,2026-04-08,6,A026,"[2988, 2990, 2998, 2999, 3002]",2998,지정학적 리스크 해소와 단기 조정 가능성에 대한 고찰,analysis,like,[],null
chunk_006_2026-04-06_2026-04-10,2026-04-08,6,A026,"[2988, 2990, 2998, 2999, 3002]",2999,"휴전 소식과 기술적 돌파, 삼성전자의 향후 전망",analysis,read,[],null
chunk_006_2026-04-06_2026-04-10,2026-04-08,6,A026,"[2988, 2990, 2998, 2999, 3002]",3002,삼성전자 일부 매도했습니다!,trade_share,like,[],null
chunk_006_2026-04-06_2026-04-10,2026-04-09,8,A004,"[3008, 3010, 3012, 3020, 3019]",3008,"삼성전자, 단기 조정 리스크와 장기 가치에 대한 생각",analysis,like,"[""상위 수익자"", ""자산가""]",null
chunk_006_2026-04-06_2026-04-10,2026-04-09,8,A004,"[3008, 3010, 3012, 3020, 3019]",3010,삼성전자 실적 리스크 전환과 기술적 지지선 분석,analysis,unlike,[],null
chunk_006_2026-04-06_2026-04-10,2026-04-09,8,A004,"[3008, 3010, 3012, 3020, 3019]",3012,삼성전자 단기 조정 가능성과 중장기 가치에 대한 생각,analysis,like,"[""상위 수익자"", ""자산가"", ""커뮤니티 인플루언서""]",null
chunk_006_2026-04-06_2026-04-10,2026-04-09,8,A004,"[3008, 3010, 3012, 3020, 3019]",3020,"삼성전자, 신중한 관망이 필요할 시점",analysis,unlike,[],null
chunk_006_2026-04-06_2026-04-10,2026-04-09,8,A004,"[3008, 3010, 3012, 3020, 3019]",3019,삼성전자 저가 매수 기회 포착!,trade_share,read,"[""커뮤니티 인플루언서""]",null
chunk_006_2026-04-06_2026-04-10,2026-04-09,8,A003,"[3008, 3010, 3012, 3020, 3011]",3008,"삼성전자, 단기 조정 리스크와 장기 가치에 대한 생각",analysis,like,"[""상위 수익자"", ""자산가""]",null
chunk_006_2026-04-06_2026-04-10,2026-04-09,8,A003,"[3008, 3010, 3012, 3020, 3011]",3010,삼성전자 실적 리스크 전환과 기술적 지지선 분석,analysis,read,[],null
chunk_006_2026-04-06_2026-04-10,2026-04-09,8,A003,"[3008, 3010, 3012, 3020, 3011]",3012,삼성전자 단기 조정 가능성과 중장기 가치에 대한 생각,analysis,like,"[""상위 수익자"", ""자산가"", ""커뮤니티 인플루언서""]",null
chunk_006_2026-04-06_2026-04-10,2026-04-09,8,A003,"[3008, 3010, 3012, 3020, 3011]",3020,"삼성전자, 신중한 관망이 필요할 시점",analysis,unlike,[],null
chunk_006_2026-04-06_2026-04-10,2026-04-09,8,A003,"[3008, 3010, 3012, 3020, 3011]",3011,오늘 삼성전자 전량 매도했습니다!,trade_share,unlike,"[""상위 수익자"", ""자산가""]",null
chunk_006_2026-04-06_2026-04-10,2026-04-09,8,A001,"[3008, 3010, 3012, 3020, 3019]",3008,"삼성전자, 단기 조정 리스크와 장기 가치에 대한 생각",analysis,like,"[""상위 수익자"", ""자산가""]",null
chunk_006_2026-04-06_2026-04-10,2026-04-09,8,A001,"[3008, 3010, 3012, 3020, 3019]",3010,삼성전자 실적 리스크 전환과 기술적 지지선 분석,analysis,read,[],null
chunk_006_2026-04-06_2026-04-10,2026-04-09,8,A001,"[3008, 3010, 3012, 3020, 3019]",3012,삼성전자 단기 조정 가능성과 중장기 가치에 대한 생각,analysis,like,"[""상위 수익자"", ""자산가"", ""커뮤니티 인플루언서""]",null
chunk_006_2026-04-06_2026-04-10,2026-04-09,8,A001,"[3008, 3010, 3012, 3020, 3019]",3020,"삼성전자, 신중한 관망이 필요할 시점",analysis,unlike,[],null
chunk_006_2026-04-06_2026-04-10,2026-04-09,8,A001,"[3008, 3010, 3012, 3020, 3019]",3019,삼성전자 저가 매수 기회 포착!,trade_share,read,"[""커뮤니티 인플루언서""]",null
chunk_006_2026-04-06_2026-04-10,2026-04-09,8,A005,"[3008, 3010, 3020, 3011, 3019]",3008,"삼성전자, 단기 조정 리스크와 장기 가치에 대한 생각",analysis,like,"[""상위 수익자"", ""자산가""]",null
chunk_006_2026-04-06_2026-04-10,2026-04-09,8,A005,"[3008, 3010, 3020, 3011, 3019]",3010,삼성전자 실적 리스크 전환과 기술적 지지선 분석,analysis,read,[],null
chunk_006_2026-04-06_2026-04-10,2026-04-09,8,A005,"[3008, 3010, 3020, 3011, 3019]",3020,"삼성전자, 신중한 관망이 필요할 시점",analysis,like,[],null
chunk_006_2026-04-06_2026-04-10,2026-04-09,8,A005,"[3008, 3010, 3020, 3011, 3019]",3011,오늘 삼성전자 전량 매도했습니다!,trade_share,unlike,"[""상위 수익자"", ""자산가""]",null
chunk_006_2026-04-06_2026-04-10,2026-04-09,8,A005,"[3008, 3010, 3020, 3011, 3019]",3019,삼성전자 저가 매수 기회 포착!,trade_share,read,"[""커뮤니티 인플루언서""]",null
chunk_006_2026-04-06_2026-04-10,2026-04-09,8,A007,"[3008, 3010, 3012, 3019, 3020]",3008,"삼성전자, 단기 조정 리스크와 장기 가치에 대한 생각",analysis,like,"[""상위 수익자"", ""자산가""]","{""portfolio_summary"": {""state_id"": ""ps_A010_t008"", ""agent_id"": ""A010"", ""turn"": 8, ""date"": ""2026-04-09"", ""cash"": 57491100.0, ""positions"": ""[{\""stock_code\"": \""005930\"", \""quantity\"": 239, \""avg_cost\"": 192464.7875450648, \""current_price\"": 204000.0, \""unrealized_pnl\"": 2756915.7767295097, \""unrealized_pnl_rate\"": 0.05993414484836228}]"", ""total_value"": 106247100.0, ""realized_pnl"": 3490184.223270501, ""total_return_rate"": 0.062471, ""updated_at"": ""2026-07-16 08:45:06""}, ""recent_trades"": [{""turn"": 10, ""date"": ""2026-04-03"", ""action"": ""sell"", ""stock_code"": ""005930"", ""quantity"": 20, ""executed_price"": 186200.0, ""trade_value"": 3724000.0, ""status"": ""filled"", ""filled_quantity"": 20, ""action_reason"": ""현재가 18 만 6 천 원은 MA20 경계선으로 단기 조정 가능성 존재. 수익 구간이므로 일부 수익 실현을 통해 현금 비중을 높이고, belief 에서 언급한 17 만 원대 지지선 매수 기회를 대비합니다.""}, {""turn"": 9, ""date"": ""2026-04-03"", ""action"": ""sell"", ""stock_code"": ""005930"", ""quantity"": 50, ""executed_price"": 184200.0, ""trade_value"": 9210000.0, ""status"": ""filled"", ""filled_quantity"": 50, ""action_reason"": ""3 분기 메모리 가격 하락이 확정되어 단기 악재가 반영된 상태이며, 현재가 (18 만 4 천 원) 가 내재가치 (17 만 8 천 원) 대비 비싸게 평가되어 수익 구간에서 일부 매도합니다.""}, {""turn"": 8, ""date"": ""2026-04-09"", ""action"": ""sell"", ""stock_code"": ""005930"", ""quantity"": 50, ""executed_price"": 204000.0, ""trade_value"": 10200000.0, ""status"": ""filled"", ""filled_quantity"": 50, ""action_reason"": ""실적 하향설로 인한 단기 조정 리스크와 현재가 (20 만 4 천 원) 의 밸류에이션 부담을 고려하여 수익 실현 매도를 진행합니다. belief 에서 제시한 20 만 원대 지지선 또는 MA20 부근에서 매수 기회를 기다리기 위해 현금 비중을 유지합니다.""}]}"
chunk_006_2026-04-06_2026-04-10,2026-04-09,8,A007,"[3008, 3010, 3012, 3019, 3020]",3010,삼성전자 실적 리스크 전환과 기술적 지지선 분석,analysis,read,[],"{""portfolio_summary"": {""state_id"": ""ps_A006_t008"", ""agent_id"": ""A006"", ""turn"": 8, ""date"": ""2026-04-09"", ""cash"": 38805000.0, ""positions"": ""[{\""stock_code\"": \""005930\"", \""quantity\"": 300, \""avg_cost\"": 207666.66666666666, \""current_price\"": 204000.0, \""unrealized_pnl\"": -1099999.9999999972, \""unrealized_pnl_rate\"": -0.017656500802568174}]"", ""total_value"": 100005000.0, ""realized_pnl"": 1104999.9999999986, ""total_return_rate"": 5e-05, ""updated_at"": ""2026-07-16 08:45:06""}, ""recent_trades"": [{""turn"": 10, ""date"": ""2026-04-03"", ""action"": ""sell"", ""stock_code"": ""005930"", ""quantity"": 50, ""executed_price"": 186200.0, ""trade_value"": 9310000.0, ""status"": ""filled"", ""filled_quantity"": 50, ""action_reason"": ""MA20(186,815 원) 저항선 부근에서 거래량 감소로 단기 상승 동력 약화. 현재가 (186,200 원) 가 매수 단가 (184,200 원) 대비 소수익 상태이므로 처분효과에 따라 일부 수익 실현. FCF 호재로 중장기 하방 경직성은 유지하되, 단기 기술적 리스크 회피.""}, {""turn"": 9, ""date"": ""2026-04-03"", ""action"": ""buy"", ""stock_code"": ""005930"", ""quantity"": 200, ""executed_price"": 184200.0, ""trade_value"": 36840000.0, ""status"": ""filled"", ""filled_quantity"": 200, ""action_reason"": ""기관 매수세 (연기금) 로 하방 경직성이 확인되어 기술적 저항선 (MA20) 부근에서도 제한적으로 진입합니다.""}, {""turn"": 8, ""date"": ""2026-04-09"", ""action"": ""buy"", ""stock_code"": ""005930"", ""quantity"": 50, ""executed_price"": 204000.0, ""trade_value"": 10200000.0, ""status"": ""filled"", ""filled_quantity"": 50, ""action_reason"": ""현재가 MA5 지지선 부근에서 기술적 반등 가능성 확인. 손실 상태이므로 아베리징 욕구 있으나, 실적 하향 뉴스 리스크로 인해 수량을 제한적으로 매수합니다.""}]}"
chunk_006_2026-04-06_2026-04-10,2026-04-09,8,A007,"[3008, 3010, 3012, 3019, 3020]",3012,삼성전자 단기 조정 가능성과 중장기 가치에 대한 생각,analysis,like,"[""상위 수익자"", ""자산가"", ""커뮤니티 인플루언서""]","{""portfolio_summary"": {""state_id"": ""ps_A005_t008"", ""agent_id"": ""A005"", ""turn"": 8, ""date"": ""2026-04-09"", ""cash"": 65190000.0, ""positions"": ""[{\""stock_code\"": \""005930\"", \""quantity\"": 200, \""avg_cost\"": 192771.42857142858, \""current_price\"": 204000.0, \""unrealized_pnl\"": 2245714.285714284, \""unrealized_pnl_rate\"": 0.05824811027123161}]"", ""total_value"": 105990000.0, ""realized_pnl"": 3744285.7142857127, ""total_return_rate"": 0.0599, ""updated_at"": ""2026-07-16 08:45:06""}, ""recent_trades"": [{""turn"": 10, ""date"": ""2026-04-03"", ""action"": ""buy"", ""stock_code"": ""005930"", ""quantity"": 40, ""executed_price"": 186200.0, ""trade_value"": 7448000.0, ""status"": ""filled"", ""filled_quantity"": 40, ""action_reason"": ""FCF 급증으로 내재가치 대비 저평가 구간이 지속되며, Belief 의 매수 관점과 일치합니다. 단기 기술적 저항이 있으나 현금 흐름 기반의 방어적 매수입니다.""}, {""turn"": 9, ""date"": ""2026-04-03"", ""action"": ""sell"", ""stock_code"": ""005930"", ""quantity"": 20, ""executed_price"": 184200.0, ""trade_value"": 3684000.0, ""status"": ""filled"", ""filled_quantity"": 20, ""action_reason"": ""단기 약세 흐름과 17 만 원대 매수 목표가 미달성된 현재 가격 (18 만 4 천 원) 을 고려하여, 수익 실현과 함께 17 만 원대 진입을 위한 현금 확보를 우선시합니다.""}, {""turn"": 8, ""date"": ""2026-04-09"", ""action"": ""sell"", ""stock_code"": ""005930"", ""quantity"": 50, ""executed_price"": 204000.0, ""trade_value"": 10200000.0, ""status"": ""filled"", ""filled_quantity"": 50, ""action_reason"": ""단기 생산량 감축 악재와 20 만 원 저항선 근접으로 조정 가능성 높음. 미실현 수익 확보 후 19 만 원~20 만 원 지지 구간에서 추가 매수 기회 확보를 위해 일부 매도.""}]}"
chunk_006_2026-04-06_2026-04-10,2026-04-09,8,A007,"[3008, 3010, 3012, 3019, 3020]",3019,삼성전자 저가 매수 기회 포착!,trade_share,unlike,"[""커뮤니티 인플루언서""]","{""portfolio_summary"": {""state_id"": ""ps_A015_t008"", ""agent_id"": ""A015"", ""turn"": 8, ""date"": ""2026-04-09"", ""cash"": 16335000.0, ""positions"": ""[{\""stock_code\"": \""005930\"", \""quantity\"": 400, \""avg_cost\"": 210125.0, \""current_price\"": 204000.0, \""unrealized_pnl\"": -2450000.0, \""unrealized_pnl_rate\"": -0.029149315883402735}]"", ""total_value"": 97935000.0, ""realized_pnl"": 385000.0, ""total_return_rate"": -0.02065, ""updated_at"": ""2026-07-16 08:45:06""}, ""recent_trades"": [{""turn"": 10, ""date"": ""2026-04-03"", ""action"": ""buy"", ""stock_code"": ""005930"", ""quantity"": 150, ""executed_price"": 186200.0, ""trade_value"": 27930000.0, ""status"": ""filled"", ""filled_quantity"": 150, ""action_reason"": ""FCF 급증 기대감과 내재가치 저평가 평가 (18 만 원대 진입 원칙 근접) 에 따라 매수 기회로 판단. 현금 여력 충분.""}, {""turn"": 9, ""date"": ""2026-04-03"", ""action"": ""buy"", ""stock_code"": ""005930"", ""quantity"": 50, ""executed_price"": 184200.0, ""trade_value"": 9210000.0, ""status"": ""filled"", ""filled_quantity"": 50, ""action_reason"": ""저평가 구간 진입 및 기관 매수세 확인으로 가치 투자 관점에서 매수 기회로 판단.""}, {""turn"": 8, ""date"": ""2026-04-09"", ""action"": ""buy"", ""stock_code"": ""005930"", ""quantity"": 50, ""executed_price"": 204000.0, ""trade_value"": 10200000.0, ""status"": ""filled"", ""filled_quantity"": 50, ""action_reason"": ""단기 실적 악재로 주가가 하락했으나, 내재가치 대비 저평가 구간이며 초고수 매수세로 하방 경직성이 형성되어 가치 매수 기회로 판단합니다. 현재 종가 204,000 원은 평균 매수 단가보다 낮아 비용 효율적입니다.""}]}"
chunk_006_2026-04-06_2026-04-10,2026-04-09,8,A007,"[3008, 3010, 3012, 3019, 3020]",3020,"삼성전자, 신중한 관망이 필요할 시점",analysis,like,[],"{""portfolio_summary"": {""state_id"": ""ps_A017_t008"", ""agent_id"": ""A017"", ""turn"": 8, ""date"": ""2026-04-09"", ""cash"": 35135000.0, ""positions"": ""[{\""stock_code\"": \""005930\"", \""quantity\"": 320, \""avg_cost\"": 204837.83783783784, \""current_price\"": 204000.0, \""unrealized_pnl\"": -268108.10810810886, \""unrealized_pnl_rate\"": -0.004090249373268253}]"", ""total_value"": 100415000.0, ""realized_pnl"": 683108.1081081079, ""total_return_rate"": 0.00415, ""updated_at"": ""2026-07-16 08:45:06""}, ""recent_trades"": [{""turn"": 10, ""date"": ""2026-04-03"", ""action"": ""sell"", ""stock_code"": ""005930"", ""quantity"": 50, ""executed_price"": 186200.0, ""trade_value"": 9310000.0, ""status"": ""filled"", ""filled_quantity"": 50, ""action_reason"": ""거래량 위축과 MA20 저항으로 단기 조정 가능성 있어 일부 수익 실현합니다.""}, {""turn"": 9, ""date"": ""2026-03-27"", ""action"": ""sell"", ""stock_code"": ""005930"", ""quantity"": 100, ""executed_price"": 172100.0, ""trade_value"": 17210000.0, ""status"": ""filled"", ""filled_quantity"": 100, ""action_reason"": ""단기 기술적 약세 (지지선 붕괴) 및 구글 주문 축소설 등 악재로 추가 하락 리스크 존재. 현금 확보를 통한 방어적 대응 및 단일 종목 집중 리스크 완화 필요.""}, {""turn"": 8, ""date"": ""2026-04-09"", ""action"": ""sell"", ""stock_code"": ""005930"", ""quantity"": 50, ""executed_price"": 204000.0, ""trade_value"": 10200000.0, ""status"": ""filled"", ""filled_quantity"": 50, ""action_reason"": ""2 분기 출하량 하향 악재 (15%) 와 21 만 원 저항선 부근의 매도세로 단기 펀더멘털 불확실성이 높습니다. 기술적 지지선은 유지되나 '신중한 관망' 관점에 따라 리스크 관리를 위해 일부 매도합니다. 현금 비중이 낮아 매도 시 현금 유동성을 확보하고 단일 종목 집중 리스크를 완화합니다.""}]}"
chunk_006_2026-04-06_2026-04-10,2026-04-09,8,A010,"[3010, 3012, 3020, 3011, 3019]",3010,삼성전자 실적 리스크 전환과 기술적 지지선 분석,analysis,like,[],null
chunk_006_2026-04-06_2026-04-10,2026-04-09,8,A010,"[3010, 3012, 3020, 3011, 3019]",3012,삼성전자 단기 조정 가능성과 중장기 가치에 대한 생각,analysis,like,"[""상위 수익자"", ""자산가"", ""커뮤니티 인플루언서""]",null
chunk_006_2026-04-06_2026-04-10,2026-04-09,8,A010,"[3010, 3012, 3020, 3011, 3019]",3020,"삼성전자, 신중한 관망이 필요할 시점",analysis,like,[],null
chunk_006_2026-04-06_2026-04-10,2026-04-09,8,A010,"[3010, 3012, 3020, 3011, 3019]",3011,오늘 삼성전자 전량 매도했습니다!,trade_share,unlike,"[""상위 수익자"", ""자산가""]",null
chunk_006_2026-04-06_2026-04-10,2026-04-09,8,A010,"[3010, 3012, 3020, 3011, 3019]",3019,삼성전자 저가 매수 기회 포착!,trade_share,unlike,"[""커뮤니티 인플루언서""]",null
chunk_006_2026-04-06_2026-04-10,2026-04-09,8,A008,"[3008, 3010, 3012, 3020, 3019]",3008,"삼성전자, 단기 조정 리스크와 장기 가치에 대한 생각",analysis,read,"[""상위 수익자"", ""자산가""]",null
chunk_006_2026-04-06_2026-04-10,2026-04-09,8,A008,"[3008, 3010, 3012, 3020, 3019]",3010,삼성전자 실적 리스크 전환과 기술적 지지선 분석,analysis,like,[],null
chunk_006_2026-04-06_2026-04-10,2026-04-09,8,A008,"[3008, 3010, 3012, 3020, 3019]",3012,삼성전자 단기 조정 가능성과 중장기 가치에 대한 생각,analysis,like,"[""상위 수익자"", ""자산가"", ""커뮤니티 인플루언서""]",null
chunk_006_2026-04-06_2026-04-10,2026-04-09,8,A008,"[3008, 3010, 3012, 3020, 3019]",3020,"삼성전자, 신중한 관망이 필요할 시점",analysis,unlike,[],null
chunk_006_2026-04-06_2026-04-10,2026-04-09,8,A008,"[3008, 3010, 3012, 3020, 3019]",3019,삼성전자 저가 매수 기회 포착!,trade_share,read,"[""커뮤니티 인플루언서""]",null
chunk_006_2026-04-06_2026-04-10,2026-04-09,8,A006,"[3008, 3011, 3020, 3012, 3019]",3008,"삼성전자, 단기 조정 리스크와 장기 가치에 대한 생각",analysis,like,"[""상위 수익자"", ""자산가""]",null
chunk_006_2026-04-06_2026-04-10,2026-04-09,8,A006,"[3008, 3011, 3020, 3012, 3019]",3011,오늘 삼성전자 전량 매도했습니다!,trade_share,like,"[""상위 수익자"", ""자산가""]",null
chunk_006_2026-04-06_2026-04-10,2026-04-09,8,A006,"[3008, 3011, 3020, 3012, 3019]",3020,"삼성전자, 신중한 관망이 필요할 시점",analysis,like,[],null
chunk_006_2026-04-06_2026-04-10,2026-04-09,8,A006,"[3008, 3011, 3020, 3012, 3019]",3012,삼성전자 단기 조정 가능성과 중장기 가치에 대한 생각,analysis,read,"[""상위 수익자"", ""자산가"", ""커뮤니티 인플루언서""]",null
chunk_006_2026-04-06_2026-04-10,2026-04-09,8,A006,"[3008, 3011, 3020, 3012, 3019]",3019,삼성전자 저가 매수 기회 포착!,trade_share,unlike,"[""커뮤니티 인플루언서""]",null
chunk_006_2026-04-06_2026-04-10,2026-04-09,8,A019,"[3008, 3010, 3012, 3020, 3011]",3008,"삼성전자, 단기 조정 리스크와 장기 가치에 대한 생각",analysis,like,"[""상위 수익자"", ""자산가""]",null
chunk_006_2026-04-06_2026-04-10,2026-04-09,8,A019,"[3008, 3010, 3012, 3020, 3011]",3010,삼성전자 실적 리스크 전환과 기술적 지지선 분석,analysis,read,[],null
chunk_006_2026-04-06_2026-04-10,2026-04-09,8,A019,"[3008, 3010, 3012, 3020, 3011]",3012,삼성전자 단기 조정 가능성과 중장기 가치에 대한 생각,analysis,like,"[""상위 수익자"", ""자산가"", ""커뮤니티 인플루언서""]",null
chunk_006_2026-04-06_2026-04-10,2026-04-09,8,A019,"[3008, 3010, 3012, 3020, 3011]",3020,"삼성전자, 신중한 관망이 필요할 시점",analysis,unlike,[],null
chunk_006_2026-04-06_2026-04-10,2026-04-09,8,A019,"[3008, 3010, 3012, 3020, 3011]",3011,오늘 삼성전자 전량 매도했습니다!,trade_share,read,"[""상위 수익자"", ""자산가""]",null
chunk_006_2026-04-06_2026-04-10,2026-04-09,8,A012,"[3008, 3010, 3020, 3012, 3011]",3008,"삼성전자, 단기 조정 리스크와 장기 가치에 대한 생각",analysis,like,"[""상위 수익자"", ""자산가""]",null
chunk_006_2026-04-06_2026-04-10,2026-04-09,8,A012,"[3008, 3010, 3020, 3012, 3011]",3010,삼성전자 실적 리스크 전환과 기술적 지지선 분석,analysis,read,[],null
chunk_006_2026-04-06_2026-04-10,2026-04-09,8,A012,"[3008, 3010, 3020, 3012, 3011]",3020,"삼성전자, 신중한 관망이 필요할 시점",analysis,unlike,[],null
chunk_006_2026-04-06_2026-04-10,2026-04-09,8,A012,"[3008, 3010, 3020, 3012, 3011]",3012,삼성전자 단기 조정 가능성과 중장기 가치에 대한 생각,analysis,like,"[""상위 수익자"", ""자산가"", ""커뮤니티 인플루언서""]",null
chunk_006_2026-04-06_2026-04-10,2026-04-09,8,A012,"[3008, 3010, 3020, 3012, 3011]",3011,오늘 삼성전자 전량 매도했습니다!,trade_share,read,"[""상위 수익자"", ""자산가""]",null
chunk_006_2026-04-06_2026-04-10,2026-04-09,8,A011,"[3008, 3010, 3012, 3020, 3011]",3008,"삼성전자, 단기 조정 리스크와 장기 가치에 대한 생각",analysis,like,"[""상위 수익자"", ""자산가""]",null
chunk_006_2026-04-06_2026-04-10,2026-04-09,8,A011,"[3008, 3010, 3012, 3020, 3011]",3010,삼성전자 실적 리스크 전환과 기술적 지지선 분석,analysis,read,[],null
chunk_006_2026-04-06_2026-04-10,2026-04-09,8,A011,"[3008, 3010, 3012, 3020, 3011]",3012,삼성전자 단기 조정 가능성과 중장기 가치에 대한 생각,analysis,like,"[""상위 수익자"", ""자산가"", ""커뮤니티 인플루언서""]",null
chunk_006_2026-04-06_2026-04-10,2026-04-09,8,A011,"[3008, 3010, 3012, 3020, 3011]",3020,"삼성전자, 신중한 관망이 필요할 시점",analysis,unlike,[],null
chunk_006_2026-04-06_2026-04-10,2026-04-09,8,A011,"[3008, 3010, 3012, 3020, 3011]",3011,오늘 삼성전자 전량 매도했습니다!,trade_share,unlike,"[""상위 수익자"", ""자산가""]",null
chunk_006_2026-04-06_2026-04-10,2026-04-09,8,A013,"[3008, 3010, 3012, 3020, 3011]",3008,"삼성전자, 단기 조정 리스크와 장기 가치에 대한 생각",analysis,like,"[""상위 수익자"", ""자산가""]",null
chunk_006_2026-04-06_2026-04-10,2026-04-09,8,A013,"[3008, 3010, 3012, 3020, 3011]",3010,삼성전자 실적 리스크 전환과 기술적 지지선 분석,analysis,read,[],null
chunk_006_2026-04-06_2026-04-10,2026-04-09,8,A013,"[3008, 3010, 3012, 3020, 3011]",3012,삼성전자 단기 조정 가능성과 중장기 가치에 대한 생각,analysis,like,"[""상위 수익자"", ""자산가"", ""커뮤니티 인플루언서""]",null
chunk_006_2026-04-06_2026-04-10,2026-04-09,8,A013,"[3008, 3010, 3012, 3020, 3011]",3020,"삼성전자, 신중한 관망이 필요할 시점",analysis,unlike,[],null
chunk_006_2026-04-06_2026-04-10,2026-04-09,8,A013,"[3008, 3010, 3012, 3020, 3011]",3011,오늘 삼성전자 전량 매도했습니다!,trade_share,read,"[""상위 수익자"", ""자산가""]",null
chunk_006_2026-04-06_2026-04-10,2026-04-09,8,A015,"[3008, 3010, 3012, 3020]",3008,"삼성전자, 단기 조정 리스크와 장기 가치에 대한 생각",analysis,like,"[""상위 수익자"", ""자산가""]","{""portfolio_summary"": {""state_id"": ""ps_A010_t008"", ""agent_id"": ""A010"", ""turn"": 8, ""date"": ""2026-04-09"", ""cash"": 57491100.0, ""positions"": ""[{\""stock_code\"": \""005930\"", \""quantity\"": 239, \""avg_cost\"": 192464.7875450648, \""current_price\"": 204000.0, \""unrealized_pnl\"": 2756915.7767295097, \""unrealized_pnl_rate\"": 0.05993414484836228}]"", ""total_value"": 106247100.0, ""realized_pnl"": 3490184.223270501, ""total_return_rate"": 0.062471, ""updated_at"": ""2026-07-16 08:45:06""}, ""recent_trades"": [{""turn"": 10, ""date"": ""2026-04-03"", ""action"": ""sell"", ""stock_code"": ""005930"", ""quantity"": 20, ""executed_price"": 186200.0, ""trade_value"": 3724000.0, ""status"": ""filled"", ""filled_quantity"": 20, ""action_reason"": ""현재가 18 만 6 천 원은 MA20 경계선으로 단기 조정 가능성 존재. 수익 구간이므로 일부 수익 실현을 통해 현금 비중을 높이고, belief 에서 언급한 17 만 원대 지지선 매수 기회를 대비합니다.""}, {""turn"": 9, ""date"": ""2026-04-03"", ""action"": ""sell"", ""stock_code"": ""005930"", ""quantity"": 50, ""executed_price"": 184200.0, ""trade_value"": 9210000.0, ""status"": ""filled"", ""filled_quantity"": 50, ""action_reason"": ""3 분기 메모리 가격 하락이 확정되어 단기 악재가 반영된 상태이며, 현재가 (18 만 4 천 원) 가 내재가치 (17 만 8 천 원) 대비 비싸게 평가되어 수익 구간에서 일부 매도합니다.""}, {""turn"": 8, ""date"": ""2026-04-09"", ""action"": ""sell"", ""stock_code"": ""005930"", ""quantity"": 50, ""executed_price"": 204000.0, ""trade_value"": 10200000.0, ""status"": ""filled"", ""filled_quantity"": 50, ""action_reason"": ""실적 하향설로 인한 단기 조정 리스크와 현재가 (20 만 4 천 원) 의 밸류에이션 부담을 고려하여 수익 실현 매도를 진행합니다. belief 에서 제시한 20 만 원대 지지선 또는 MA20 부근에서 매수 기회를 기다리기 위해 현금 비중을 유지합니다.""}]}"
chunk_006_2026-04-06_2026-04-10,2026-04-09,8,A015,"[3008, 3010, 3012, 3020]",3010,삼성전자 실적 리스크 전환과 기술적 지지선 분석,analysis,read,[],"{""portfolio_summary"": {""state_id"": ""ps_A006_t008"", ""agent_id"": ""A006"", ""turn"": 8, ""date"": ""2026-04-09"", ""cash"": 38805000.0, ""positions"": ""[{\""stock_code\"": \""005930\"", \""quantity\"": 300, \""avg_cost\"": 207666.66666666666, \""current_price\"": 204000.0, \""unrealized_pnl\"": -1099999.9999999972, \""unrealized_pnl_rate\"": -0.017656500802568174}]"", ""total_value"": 100005000.0, ""realized_pnl"": 1104999.9999999986, ""total_return_rate"": 5e-05, ""updated_at"": ""2026-07-16 08:45:06""}, ""recent_trades"": [{""turn"": 10, ""date"": ""2026-04-03"", ""action"": ""sell"", ""stock_code"": ""005930"", ""quantity"": 50, ""executed_price"": 186200.0, ""trade_value"": 9310000.0, ""status"": ""filled"", ""filled_quantity"": 50, ""action_reason"": ""MA20(186,815 원) 저항선 부근에서 거래량 감소로 단기 상승 동력 약화. 현재가 (186,200 원) 가 매수 단가 (184,200 원) 대비 소수익 상태이므로 처분효과에 따라 일부 수익 실현. FCF 호재로 중장기 하방 경직성은 유지하되, 단기 기술적 리스크 회피.""}, {""turn"": 9, ""date"": ""2026-04-03"", ""action"": ""buy"", ""stock_code"": ""005930"", ""quantity"": 200, ""executed_price"": 184200.0, ""trade_value"": 36840000.0, ""status"": ""filled"", ""filled_quantity"": 200, ""action_reason"": ""기관 매수세 (연기금) 로 하방 경직성이 확인되어 기술적 저항선 (MA20) 부근에서도 제한적으로 진입합니다.""}, {""turn"": 8, ""date"": ""2026-04-09"", ""action"": ""buy"", ""stock_code"": ""005930"", ""quantity"": 50, ""executed_price"": 204000.0, ""trade_value"": 10200000.0, ""status"": ""filled"", ""filled_quantity"": 50, ""action_reason"": ""현재가 MA5 지지선 부근에서 기술적 반등 가능성 확인. 손실 상태이므로 아베리징 욕구 있으나, 실적 하향 뉴스 리스크로 인해 수량을 제한적으로 매수합니다.""}]}"
chunk_006_2026-04-06_2026-04-10,2026-04-09,8,A015,"[3008, 3010, 3012, 3020]",3012,삼성전자 단기 조정 가능성과 중장기 가치에 대한 생각,analysis,like,"[""상위 수익자"", ""자산가"", ""커뮤니티 인플루언서""]","{""portfolio_summary"": {""state_id"": ""ps_A005_t008"", ""agent_id"": ""A005"", ""turn"": 8, ""date"": ""2026-04-09"", ""cash"": 65190000.0, ""positions"": ""[{\""stock_code\"": \""005930\"", \""quantity\"": 200, \""avg_cost\"": 192771.42857142858, \""current_price\"": 204000.0, \""unrealized_pnl\"": 2245714.285714284, \""unrealized_pnl_rate\"": 0.05824811027123161}]"", ""total_value"": 105990000.0, ""realized_pnl"": 3744285.7142857127, ""total_return_rate"": 0.0599, ""updated_at"": ""2026-07-16 08:45:06""}, ""recent_trades"": [{""turn"": 10, ""date"": ""2026-04-03"", ""action"": ""buy"", ""stock_code"": ""005930"", ""quantity"": 40, ""executed_price"": 186200.0, ""trade_value"": 7448000.0, ""status"": ""filled"", ""filled_quantity"": 40, ""action_reason"": ""FCF 급증으로 내재가치 대비 저평가 구간이 지속되며, Belief 의 매수 관점과 일치합니다. 단기 기술적 저항이 있으나 현금 흐름 기반의 방어적 매수입니다.""}, {""turn"": 9, ""date"": ""2026-04-03"", ""action"": ""sell"", ""stock_code"": ""005930"", ""quantity"": 20, ""executed_price"": 184200.0, ""trade_value"": 3684000.0, ""status"": ""filled"", ""filled_quantity"": 20, ""action_reason"": ""단기 약세 흐름과 17 만 원대 매수 목표가 미달성된 현재 가격 (18 만 4 천 원) 을 고려하여, 수익 실현과 함께 17 만 원대 진입을 위한 현금 확보를 우선시합니다.""}, {""turn"": 8, ""date"": ""2026-04-09"", ""action"": ""sell"", ""stock_code"": ""005930"", ""quantity"": 50, ""executed_price"": 204000.0, ""trade_value"": 10200000.0, ""status"": ""filled"", ""filled_quantity"": 50, ""action_reason"": ""단기 생산량 감축 악재와 20 만 원 저항선 근접으로 조정 가능성 높음. 미실현 수익 확보 후 19 만 원~20 만 원 지지 구간에서 추가 매수 기회 확보를 위해 일부 매도.""}]}"
chunk_006_2026-04-06_2026-04-10,2026-04-09,8,A015,"[3008, 3010, 3012, 3020]",3020,"삼성전자, 신중한 관망이 필요할 시점",analysis,unlike,[],"{""portfolio_summary"": {""state_id"": ""ps_A017_t008"", ""agent_id"": ""A017"", ""turn"": 8, ""date"": ""2026-04-09"", ""cash"": 35135000.0, ""positions"": ""[{\""stock_code\"": \""005930\"", \""quantity\"": 320, \""avg_cost\"": 204837.83783783784, \""current_price\"": 204000.0, \""unrealized_pnl\"": -268108.10810810886, \""unrealized_pnl_rate\"": -0.004090249373268253}]"", ""total_value"": 100415000.0, ""realized_pnl"": 683108.1081081079, ""total_return_rate"": 0.00415, ""updated_at"": ""2026-07-16 08:45:06""}, ""recent_trades"": [{""turn"": 10, ""date"": ""2026-04-03"", ""action"": ""sell"", ""stock_code"": ""005930"", ""quantity"": 50, ""executed_price"": 186200.0, ""trade_value"": 9310000.0, ""status"": ""filled"", ""filled_quantity"": 50, ""action_reason"": ""거래량 위축과 MA20 저항으로 단기 조정 가능성 있어 일부 수익 실현합니다.""}, {""turn"": 9, ""date"": ""2026-03-27"", ""action"": ""sell"", ""stock_code"": ""005930"", ""quantity"": 100, ""executed_price"": 172100.0, ""trade_value"": 17210000.0, ""status"": ""filled"", ""filled_quantity"": 100, ""action_reason"": ""단기 기술적 약세 (지지선 붕괴) 및 구글 주문 축소설 등 악재로 추가 하락 리스크 존재. 현금 확보를 통한 방어적 대응 및 단일 종목 집중 리스크 완화 필요.""}, {""turn"": 8, ""date"": ""2026-04-09"", ""action"": ""sell"", ""stock_code"": ""005930"", ""quantity"": 50, ""executed_price"": 204000.0, ""trade_value"": 10200000.0, ""status"": ""filled"", ""filled_quantity"": 50, ""action_reason"": ""2 분기 출하량 하향 악재 (15%) 와 21 만 원 저항선 부근의 매도세로 단기 펀더멘털 불확실성이 높습니다. 기술적 지지선은 유지되나 '신중한 관망' 관점에 따라 리스크 관리를 위해 일부 매도합니다. 현금 비중이 낮아 매도 시 현금 유동성을 확보하고 단일 종목 집중 리스크를 완화합니다.""}]}"
chunk_006_2026-04-06_2026-04-10,2026-04-09,8,A014,"[3008, 3010, 3012, 3020, 3011]",3008,"삼성전자, 단기 조정 리스크와 장기 가치에 대한 생각",analysis,like,"[""상위 수익자"", ""자산가""]",null
chunk_006_2026-04-06_2026-04-10,2026-04-09,8,A014,"[3008, 3010, 3012, 3020, 3011]",3010,삼성전자 실적 리스크 전환과 기술적 지지선 분석,analysis,read,[],null
chunk_006_2026-04-06_2026-04-10,2026-04-09,8,A014,"[3008, 3010, 3012, 3020, 3011]",3012,삼성전자 단기 조정 가능성과 중장기 가치에 대한 생각,analysis,like,"[""상위 수익자"", ""자산가"", ""커뮤니티 인플루언서""]",null
chunk_006_2026-04-06_2026-04-10,2026-04-09,8,A014,"[3008, 3010, 3012, 3020, 3011]",3020,"삼성전자, 신중한 관망이 필요할 시점",analysis,unlike,[],null
chunk_006_2026-04-06_2026-04-10,2026-04-09,8,A014,"[3008, 3010, 3012, 3020, 3011]",3011,오늘 삼성전자 전량 매도했습니다!,trade_share,read,"[""상위 수익자"", ""자산가""]",null
chunk_006_2026-04-06_2026-04-10,2026-04-09,8,A020,"[3008, 3010, 3012, 3020]",3008,"삼성전자, 단기 조정 리스크와 장기 가치에 대한 생각",analysis,like,"[""상위 수익자"", ""자산가""]","{""portfolio_summary"": {""state_id"": ""ps_A010_t008"", ""agent_id"": ""A010"", ""turn"": 8, ""date"": ""2026-04-09"", ""cash"": 57491100.0, ""positions"": ""[{\""stock_code\"": \""005930\"", \""quantity\"": 239, \""avg_cost\"": 192464.7875450648, \""current_price\"": 204000.0, \""unrealized_pnl\"": 2756915.7767295097, \""unrealized_pnl_rate\"": 0.05993414484836228}]"", ""total_value"": 106247100.0, ""realized_pnl"": 3490184.223270501, ""total_return_rate"": 0.062471, ""updated_at"": ""2026-07-16 08:45:06""}, ""recent_trades"": [{""turn"": 10, ""date"": ""2026-04-03"", ""action"": ""sell"", ""stock_code"": ""005930"", ""quantity"": 20, ""executed_price"": 186200.0, ""trade_value"": 3724000.0, ""status"": ""filled"", ""filled_quantity"": 20, ""action_reason"": ""현재가 18 만 6 천 원은 MA20 경계선으로 단기 조정 가능성 존재. 수익 구간이므로 일부 수익 실현을 통해 현금 비중을 높이고, belief 에서 언급한 17 만 원대 지지선 매수 기회를 대비합니다.""}, {""turn"": 9, ""date"": ""2026-04-03"", ""action"": ""sell"", ""stock_code"": ""005930"", ""quantity"": 50, ""executed_price"": 184200.0, ""trade_value"": 9210000.0, ""status"": ""filled"", ""filled_quantity"": 50, ""action_reason"": ""3 분기 메모리 가격 하락이 확정되어 단기 악재가 반영된 상태이며, 현재가 (18 만 4 천 원) 가 내재가치 (17 만 8 천 원) 대비 비싸게 평가되어 수익 구간에서 일부 매도합니다.""}, {""turn"": 8, ""date"": ""2026-04-09"", ""action"": ""sell"", ""stock_code"": ""005930"", ""quantity"": 50, ""executed_price"": 204000.0, ""trade_value"": 10200000.0, ""status"": ""filled"", ""filled_quantity"": 50, ""action_reason"": ""실적 하향설로 인한 단기 조정 리스크와 현재가 (20 만 4 천 원) 의 밸류에이션 부담을 고려하여 수익 실현 매도를 진행합니다. belief 에서 제시한 20 만 원대 지지선 또는 MA20 부근에서 매수 기회를 기다리기 위해 현금 비중을 유지합니다.""}]}"
chunk_006_2026-04-06_2026-04-10,2026-04-09,8,A020,"[3008, 3010, 3012, 3020]",3010,삼성전자 실적 리스크 전환과 기술적 지지선 분석,analysis,read,[],"{""portfolio_summary"": {""state_id"": ""ps_A006_t008"", ""agent_id"": ""A006"", ""turn"": 8, ""date"": ""2026-04-09"", ""cash"": 38805000.0, ""positions"": ""[{\""stock_code\"": \""005930\"", \""quantity\"": 300, \""avg_cost\"": 207666.66666666666, \""current_price\"": 204000.0, \""unrealized_pnl\"": -1099999.9999999972, \""unrealized_pnl_rate\"": -0.017656500802568174}]"", ""total_value"": 100005000.0, ""realized_pnl"": 1104999.9999999986, ""total_return_rate"": 5e-05, ""updated_at"": ""2026-07-16 08:45:06""}, ""recent_trades"": [{""turn"": 10, ""date"": ""2026-04-03"", ""action"": ""sell"", ""stock_code"": ""005930"", ""quantity"": 50, ""executed_price"": 186200.0, ""trade_value"": 9310000.0, ""status"": ""filled"", ""filled_quantity"": 50, ""action_reason"": ""MA20(186,815 원) 저항선 부근에서 거래량 감소로 단기 상승 동력 약화. 현재가 (186,200 원) 가 매수 단가 (184,200 원) 대비 소수익 상태이므로 처분효과에 따라 일부 수익 실현. FCF 호재로 중장기 하방 경직성은 유지하되, 단기 기술적 리스크 회피.""}, {""turn"": 9, ""date"": ""2026-04-03"", ""action"": ""buy"", ""stock_code"": ""005930"", ""quantity"": 200, ""executed_price"": 184200.0, ""trade_value"": 36840000.0, ""status"": ""filled"", ""filled_quantity"": 200, ""action_reason"": ""기관 매수세 (연기금) 로 하방 경직성이 확인되어 기술적 저항선 (MA20) 부근에서도 제한적으로 진입합니다.""}, {""turn"": 8, ""date"": ""2026-04-09"", ""action"": ""buy"", ""stock_code"": ""005930"", ""quantity"": 50, ""executed_price"": 204000.0, ""trade_value"": 10200000.0, ""status"": ""filled"", ""filled_quantity"": 50, ""action_reason"": ""현재가 MA5 지지선 부근에서 기술적 반등 가능성 확인. 손실 상태이므로 아베리징 욕구 있으나, 실적 하향 뉴스 리스크로 인해 수량을 제한적으로 매수합니다.""}]}"
chunk_006_2026-04-06_2026-04-10,2026-04-09,8,A020,"[3008, 3010, 3012, 3020]",3012,삼성전자 단기 조정 가능성과 중장기 가치에 대한 생각,analysis,like,"[""상위 수익자"", ""자산가"", ""커뮤니티 인플루언서""]","{""portfolio_summary"": {""state_id"": ""ps_A005_t008"", ""agent_id"": ""A005"", ""turn"": 8, ""date"": ""2026-04-09"", ""cash"": 65190000.0, ""positions"": ""[{\""stock_code\"": \""005930\"", \""quantity\"": 200, \""avg_cost\"": 192771.42857142858, \""current_price\"": 204000.0, \""unrealized_pnl\"": 2245714.285714284, \""unrealized_pnl_rate\"": 0.05824811027123161}]"", ""total_value"": 105990000.0, ""realized_pnl"": 3744285.7142857127, ""total_return_rate"": 0.0599, ""updated_at"": ""2026-07-16 08:45:06""}, ""recent_trades"": [{""turn"": 10, ""date"": ""2026-04-03"", ""action"": ""buy"", ""stock_code"": ""005930"", ""quantity"": 40, ""executed_price"": 186200.0, ""trade_value"": 7448000.0, ""status"": ""filled"", ""filled_quantity"": 40, ""action_reason"": ""FCF 급증으로 내재가치 대비 저평가 구간이 지속되며, Belief 의 매수 관점과 일치합니다. 단기 기술적 저항이 있으나 현금 흐름 기반의 방어적 매수입니다.""}, {""turn"": 9, ""date"": ""2026-04-03"", ""action"": ""sell"", ""stock_code"": ""005930"", ""quantity"": 20, ""executed_price"": 184200.0, ""trade_value"": 3684000.0, ""status"": ""filled"", ""filled_quantity"": 20, ""action_reason"": ""단기 약세 흐름과 17 만 원대 매수 목표가 미달성된 현재 가격 (18 만 4 천 원) 을 고려하여, 수익 실현과 함께 17 만 원대 진입을 위한 현금 확보를 우선시합니다.""}, {""turn"": 8, ""date"": ""2026-04-09"", ""action"": ""sell"", ""stock_code"": ""005930"", ""quantity"": 50, ""executed_price"": 204000.0, ""trade_value"": 10200000.0, ""status"": ""filled"", ""filled_quantity"": 50, ""action_reason"": ""단기 생산량 감축 악재와 20 만 원 저항선 근접으로 조정 가능성 높음. 미실현 수익 확보 후 19 만 원~20 만 원 지지 구간에서 추가 매수 기회 확보를 위해 일부 매도.""}]}"
chunk_006_2026-04-06_2026-04-10,2026-04-09,8,A020,"[3008, 3010, 3012, 3020]",3020,"삼성전자, 신중한 관망이 필요할 시점",analysis,unlike,[],"{""portfolio_summary"": {""state_id"": ""ps_A017_t008"", ""agent_id"": ""A017"", ""turn"": 8, ""date"": ""2026-04-09"", ""cash"": 35135000.0, ""positions"": ""[{\""stock_code\"": \""005930\"", \""quantity\"": 320, \""avg_cost\"": 204837.83783783784, \""current_price\"": 204000.0, \""unrealized_pnl\"": -268108.10810810886, \""unrealized_pnl_rate\"": -0.004090249373268253}]"", ""total_value"": 100415000.0, ""realized_pnl"": 683108.1081081079, ""total_return_rate"": 0.00415, ""updated_at"": ""2026-07-16 08:45:06""}, ""recent_trades"": [{""turn"": 10, ""date"": ""2026-04-03"", ""action"": ""sell"", ""stock_code"": ""005930"", ""quantity"": 50, ""executed_price"": 186200.0, ""trade_value"": 9310000.0, ""status"": ""filled"", ""filled_quantity"": 50, ""action_reason"": ""거래량 위축과 MA20 저항으로 단기 조정 가능성 있어 일부 수익 실현합니다.""}, {""turn"": 9, ""date"": ""2026-03-27"", ""action"": ""sell"", ""stock_code"": ""005930"", ""quantity"": 100, ""executed_price"": 172100.0, ""trade_value"": 17210000.0, ""status"": ""filled"", ""filled_quantity"": 100, ""action_reason"": ""단기 기술적 약세 (지지선 붕괴) 및 구글 주문 축소설 등 악재로 추가 하락 리스크 존재. 현금 확보를 통한 방어적 대응 및 단일 종목 집중 리스크 완화 필요.""}, {""turn"": 8, ""date"": ""2026-04-09"", ""action"": ""sell"", ""stock_code"": ""005930"", ""quantity"": 50, ""executed_price"": 204000.0, ""trade_value"": 10200000.0, ""status"": ""filled"", ""filled_quantity"": 50, ""action_reason"": ""2 분기 출하량 하향 악재 (15%) 와 21 만 원 저항선 부근의 매도세로 단기 펀더멘털 불확실성이 높습니다. 기술적 지지선은 유지되나 '신중한 관망' 관점에 따라 리스크 관리를 위해 일부 매도합니다. 현금 비중이 낮아 매도 시 현금 유동성을 확보하고 단일 종목 집중 리스크를 완화합니다.""}]}"
chunk_006_2026-04-06_2026-04-10,2026-04-09,8,A017,"[3008, 3010, 3012, 3011, 3019]",3008,"삼성전자, 단기 조정 리스크와 장기 가치에 대한 생각",analysis,like,"[""상위 수익자"", ""자산가""]","{""portfolio_summary"": {""state_id"": ""ps_A010_t008"", ""agent_id"": ""A010"", ""turn"": 8, ""date"": ""2026-04-09"", ""cash"": 57491100.0, ""positions"": ""[{\""stock_code\"": \""005930\"", \""quantity\"": 239, \""avg_cost\"": 192464.7875450648, \""current_price\"": 204000.0, \""unrealized_pnl\"": 2756915.7767295097, \""unrealized_pnl_rate\"": 0.05993414484836228}]"", ""total_value"": 106247100.0, ""realized_pnl"": 3490184.223270501, ""total_return_rate"": 0.062471, ""updated_at"": ""2026-07-16 08:45:06""}, ""recent_trades"": [{""turn"": 10, ""date"": ""2026-04-03"", ""action"": ""sell"", ""stock_code"": ""005930"", ""quantity"": 20, ""executed_price"": 186200.0, ""trade_value"": 3724000.0, ""status"": ""filled"", ""filled_quantity"": 20, ""action_reason"": ""현재가 18 만 6 천 원은 MA20 경계선으로 단기 조정 가능성 존재. 수익 구간이므로 일부 수익 실현을 통해 현금 비중을 높이고, belief 에서 언급한 17 만 원대 지지선 매수 기회를 대비합니다.""}, {""turn"": 9, ""date"": ""2026-04-03"", ""action"": ""sell"", ""stock_code"": ""005930"", ""quantity"": 50, ""executed_price"": 184200.0, ""trade_value"": 9210000.0, ""status"": ""filled"", ""filled_quantity"": 50, ""action_reason"": ""3 분기 메모리 가격 하락이 확정되어 단기 악재가 반영된 상태이며, 현재가 (18 만 4 천 원) 가 내재가치 (17 만 8 천 원) 대비 비싸게 평가되어 수익 구간에서 일부 매도합니다.""}, {""turn"": 8, ""date"": ""2026-04-09"", ""action"": ""sell"", ""stock_code"": ""005930"", ""quantity"": 50, ""executed_price"": 204000.0, ""trade_value"": 10200000.0, ""status"": ""filled"", ""filled_quantity"": 50, ""action_reason"": ""실적 하향설로 인한 단기 조정 리스크와 현재가 (20 만 4 천 원) 의 밸류에이션 부담을 고려하여 수익 실현 매도를 진행합니다. belief 에서 제시한 20 만 원대 지지선 또는 MA20 부근에서 매수 기회를 기다리기 위해 현금 비중을 유지합니다.""}]}"
chunk_006_2026-04-06_2026-04-10,2026-04-09,8,A017,"[3008, 3010, 3012, 3011, 3019]",3010,삼성전자 실적 리스크 전환과 기술적 지지선 분석,analysis,like,[],"{""portfolio_summary"": {""state_id"": ""ps_A006_t008"", ""agent_id"": ""A006"", ""turn"": 8, ""date"": ""2026-04-09"", ""cash"": 38805000.0, ""positions"": ""[{\""stock_code\"": \""005930\"", \""quantity\"": 300, \""avg_cost\"": 207666.66666666666, \""current_price\"": 204000.0, \""unrealized_pnl\"": -1099999.9999999972, \""unrealized_pnl_rate\"": -0.017656500802568174}]"", ""total_value"": 100005000.0, ""realized_pnl"": 1104999.9999999986, ""total_return_rate"": 5e-05, ""updated_at"": ""2026-07-16 08:45:06""}, ""recent_trades"": [{""turn"": 10, ""date"": ""2026-04-03"", ""action"": ""sell"", ""stock_code"": ""005930"", ""quantity"": 50, ""executed_price"": 186200.0, ""trade_value"": 9310000.0, ""status"": ""filled"", ""filled_quantity"": 50, ""action_reason"": ""MA20(186,815 원) 저항선 부근에서 거래량 감소로 단기 상승 동력 약화. 현재가 (186,200 원) 가 매수 단가 (184,200 원) 대비 소수익 상태이므로 처분효과에 따라 일부 수익 실현. FCF 호재로 중장기 하방 경직성은 유지하되, 단기 기술적 리스크 회피.""}, {""turn"": 9, ""date"": ""2026-04-03"", ""action"": ""buy"", ""stock_code"": ""005930"", ""quantity"": 200, ""executed_price"": 184200.0, ""trade_value"": 36840000.0, ""status"": ""filled"", ""filled_quantity"": 200, ""action_reason"": ""기관 매수세 (연기금) 로 하방 경직성이 확인되어 기술적 저항선 (MA20) 부근에서도 제한적으로 진입합니다.""}, {""turn"": 8, ""date"": ""2026-04-09"", ""action"": ""buy"", ""stock_code"": ""005930"", ""quantity"": 50, ""executed_price"": 204000.0, ""trade_value"": 10200000.0, ""status"": ""filled"", ""filled_quantity"": 50, ""action_reason"": ""현재가 MA5 지지선 부근에서 기술적 반등 가능성 확인. 손실 상태이므로 아베리징 욕구 있으나, 실적 하향 뉴스 리스크로 인해 수량을 제한적으로 매수합니다.""}]}"
chunk_006_2026-04-06_2026-04-10,2026-04-09,8,A017,"[3008, 3010, 3012, 3011, 3019]",3012,삼성전자 단기 조정 가능성과 중장기 가치에 대한 생각,analysis,like,"[""상위 수익자"", ""자산가"", ""커뮤니티 인플루언서""]","{""portfolio_summary"": {""state_id"": ""ps_A005_t008"", ""agent_id"": ""A005"", ""turn"": 8, ""date"": ""2026-04-09"", ""cash"": 65190000.0, ""positions"": ""[{\""stock_code\"": \""005930\"", \""quantity\"": 200, \""avg_cost\"": 192771.42857142858, \""current_price\"": 204000.0, \""unrealized_pnl\"": 2245714.285714284, \""unrealized_pnl_rate\"": 0.05824811027123161}]"", ""total_value"": 105990000.0, ""realized_pnl"": 3744285.7142857127, ""total_return_rate"": 0.0599, ""updated_at"": ""2026-07-16 08:45:06""}, ""recent_trades"": [{""turn"": 10, ""date"": ""2026-04-03"", ""action"": ""buy"", ""stock_code"": ""005930"", ""quantity"": 40, ""executed_price"": 186200.0, ""trade_value"": 7448000.0, ""status"": ""filled"", ""filled_quantity"": 40, ""action_reason"": ""FCF 급증으로 내재가치 대비 저평가 구간이 지속되며, Belief 의 매수 관점과 일치합니다. 단기 기술적 저항이 있으나 현금 흐름 기반의 방어적 매수입니다.""}, {""turn"": 9, ""date"": ""2026-04-03"", ""action"": ""sell"", ""stock_code"": ""005930"", ""quantity"": 20, ""executed_price"": 184200.0, ""trade_value"": 3684000.0, ""status"": ""filled"", ""filled_quantity"": 20, ""action_reason"": ""단기 약세 흐름과 17 만 원대 매수 목표가 미달성된 현재 가격 (18 만 4 천 원) 을 고려하여, 수익 실현과 함께 17 만 원대 진입을 위한 현금 확보를 우선시합니다.""}, {""turn"": 8, ""date"": ""2026-04-09"", ""action"": ""sell"", ""stock_code"": ""005930"", ""quantity"": 50, ""executed_price"": 204000.0, ""trade_value"": 10200000.0, ""status"": ""filled"", ""filled_quantity"": 50, ""action_reason"": ""단기 생산량 감축 악재와 20 만 원 저항선 근접으로 조정 가능성 높음. 미실현 수익 확보 후 19 만 원~20 만 원 지지 구간에서 추가 매수 기회 확보를 위해 일부 매도.""}]}"
chunk_006_2026-04-06_2026-04-10,2026-04-09,8,A017,"[3008, 3010, 3012, 3011, 3019]",3011,오늘 삼성전자 전량 매도했습니다!,trade_share,unlike,"[""상위 수익자"", ""자산가""]","{""portfolio_summary"": {""state_id"": ""ps_A004_t008"", ""agent_id"": ""A004"", ""turn"": 8, ""date"": ""2026-04-09"", ""cash"": 106864000.0, ""positions"": ""[]"", ""total_value"": 106864000.0, ""realized_pnl"": 6863999.999999994, ""total_return_rate"": 0.06864, ""updated_at"": ""2026-07-16 08:45:06""}, ""recent_trades"": [{""turn"": 10, ""date"": ""2026-04-03"", ""action"": ""sell"", ""stock_code"": ""005930"", ""quantity"": 100, ""executed_price"": 186200.0, ""trade_value"": 18620000.0, ""status"": ""filled"", ""filled_quantity"": 100, ""action_reason"": ""MA20(186,815 원) 저항선 부근에서 거래량 부족으로 돌파 불확실성이 높으며, 현재 수익 상태이므로 성향에 따라 수익 실현 매도""}, {""turn"": 9, ""date"": ""2026-04-03"", ""action"": ""sell"", ""stock_code"": ""005930"", ""quantity"": 100, ""executed_price"": 184200.0, ""trade_value"": 18420000.0, ""status"": ""filled"", ""filled_quantity"": 100, ""action_reason"": ""현재가 184,200 원으로 평균 매수 단가 184,000 원 회복. MA20 저항선 부근과 메모리 악재로 단기 불확실성 존재. 손익 확정 및 단일 종목 집중 리스크 감소를 위해 보유 물량 100 주 매도.""}, {""turn"": 8, ""date"": ""2026-04-09"", ""action"": ""sell"", ""stock_code"": ""005930"", ""quantity"": 60, ""executed_price"": 204000.0, ""trade_value"": 12240000.0, ""status"": ""filled"", ""filled_quantity"": 60, ""action_reason"": ""실적 하향 발표와 밸류에이션 부담으로 단기 조정 우려가 커짐. 수익 상태이므로 처분효과에 따라 전량 매도하여 수익 확정 및 현금 비중 확대.""}]}"
chunk_006_2026-04-06_2026-04-10,2026-04-09,8,A017,"[3008, 3010, 3012, 3011, 3019]",3019,삼성전자 저가 매수 기회 포착!,trade_share,read,"[""커뮤니티 인플루언서""]","{""portfolio_summary"": {""state_id"": ""ps_A015_t008"", ""agent_id"": ""A015"", ""turn"": 8, ""date"": ""2026-04-09"", ""cash"": 16335000.0, ""positions"": ""[{\""stock_code\"": \""005930\"", \""quantity\"": 400, \""avg_cost\"": 210125.0, \""current_price\"": 204000.0, \""unrealized_pnl\"": -2450000.0, \""unrealized_pnl_rate\"": -0.029149315883402735}]"", ""total_value"": 97935000.0, ""realized_pnl"": 385000.0, ""total_return_rate"": -0.02065, ""updated_at"": ""2026-07-16 08:45:06""}, ""recent_trades"": [{""turn"": 10, ""date"": ""2026-04-03"", ""action"": ""buy"", ""stock_code"": ""005930"", ""quantity"": 150, ""executed_price"": 186200.0, ""trade_value"": 27930000.0, ""status"": ""filled"", ""filled_quantity"": 150, ""action_reason"": ""FCF 급증 기대감과 내재가치 저평가 평가 (18 만 원대 진입 원칙 근접) 에 따라 매수 기회로 판단. 현금 여력 충분.""}, {""turn"": 9, ""date"": ""2026-04-03"", ""action"": ""buy"", ""stock_code"": ""005930"", ""quantity"": 50, ""executed_price"": 184200.0, ""trade_value"": 9210000.0, ""status"": ""filled"", ""filled_quantity"": 50, ""action_reason"": ""저평가 구간 진입 및 기관 매수세 확인으로 가치 투자 관점에서 매수 기회로 판단.""}, {""turn"": 8, ""date"": ""2026-04-09"", ""action"": ""buy"", ""stock_code"": ""005930"", ""quantity"": 50, ""executed_price"": 204000.0, ""trade_value"": 10200000.0, ""status"": ""filled"", ""filled_quantity"": 50, ""action_reason"": ""단기 실적 악재로 주가가 하락했으나, 내재가치 대비 저평가 구간이며 초고수 매수세로 하방 경직성이 형성되어 가치 매수 기회로 판단합니다. 현재 종가 204,000 원은 평균 매수 단가보다 낮아 비용 효율적입니다.""}]}"
chunk_006_2026-04-06_2026-04-10,2026-04-09,8,A026,"[3008, 3010, 3012, 3020, 3011]",3008,"삼성전자, 단기 조정 리스크와 장기 가치에 대한 생각",analysis,like,"[""상위 수익자"", ""자산가""]",null
chunk_006_2026-04-06_2026-04-10,2026-04-09,8,A026,"[3008, 3010, 3012, 3020, 3011]",3010,삼성전자 실적 리스크 전환과 기술적 지지선 분석,analysis,read,[],null
chunk_006_2026-04-06_2026-04-10,2026-04-09,8,A026,"[3008, 3010, 3012, 3020, 3011]",3012,삼성전자 단기 조정 가능성과 중장기 가치에 대한 생각,analysis,like,"[""상위 수익자"", ""자산가"", ""커뮤니티 인플루언서""]",null
chunk_006_2026-04-06_2026-04-10,2026-04-09,8,A026,"[3008, 3010, 3012, 3020, 3011]",3020,"삼성전자, 신중한 관망이 필요할 시점",analysis,unlike,[],null
chunk_006_2026-04-06_2026-04-10,2026-04-09,8,A026,"[3008, 3010, 3012, 3020, 3011]",3011,오늘 삼성전자 전량 매도했습니다!,trade_share,read,"[""상위 수익자"", ""자산가""]",null
chunk_006_2026-04-06_2026-04-10,2026-04-09,8,A022,"[3008, 3010, 3012, 3020, 3011]",3008,"삼성전자, 단기 조정 리스크와 장기 가치에 대한 생각",analysis,like,"[""상위 수익자"", ""자산가""]",null
chunk_006_2026-04-06_2026-04-10,2026-04-09,8,A022,"[3008, 3010, 3012, 3020, 3011]",3010,삼성전자 실적 리스크 전환과 기술적 지지선 분석,analysis,read,[],null
chunk_006_2026-04-06_2026-04-10,2026-04-09,8,A022,"[3008, 3010, 3012, 3020, 3011]",3012,삼성전자 단기 조정 가능성과 중장기 가치에 대한 생각,analysis,like,"[""상위 수익자"", ""자산가"", ""커뮤니티 인플루언서""]",null
chunk_006_2026-04-06_2026-04-10,2026-04-09,8,A022,"[3008, 3010, 3012, 3020, 3011]",3020,"삼성전자, 신중한 관망이 필요할 시점",analysis,unlike,[],null
chunk_006_2026-04-06_2026-04-10,2026-04-09,8,A022,"[3008, 3010, 3012, 3020, 3011]",3011,오늘 삼성전자 전량 매도했습니다!,trade_share,read,"[""상위 수익자"", ""자산가""]",null
chunk_006_2026-04-06_2026-04-10,2026-04-09,8,A025,"[3008, 3010, 3012, 3020, 3011]",3008,"삼성전자, 단기 조정 리스크와 장기 가치에 대한 생각",analysis,like,"[""상위 수익자"", ""자산가""]",null
chunk_006_2026-04-06_2026-04-10,2026-04-09,8,A025,"[3008, 3010, 3012, 3020, 3011]",3010,삼성전자 실적 리스크 전환과 기술적 지지선 분석,analysis,read,[],null
chunk_006_2026-04-06_2026-04-10,2026-04-09,8,A025,"[3008, 3010, 3012, 3020, 3011]",3012,삼성전자 단기 조정 가능성과 중장기 가치에 대한 생각,analysis,like,"[""상위 수익자"", ""자산가"", ""커뮤니티 인플루언서""]",null
chunk_006_2026-04-06_2026-04-10,2026-04-09,8,A025,"[3008, 3010, 3012, 3020, 3011]",3020,"삼성전자, 신중한 관망이 필요할 시점",analysis,unlike,[],null
chunk_006_2026-04-06_2026-04-10,2026-04-09,8,A025,"[3008, 3010, 3012, 3020, 3011]",3011,오늘 삼성전자 전량 매도했습니다!,trade_share,read,"[""상위 수익자"", ""자산가""]",null
chunk_006_2026-04-06_2026-04-10,2026-04-09,8,A027,"[3008, 3010, 3012, 3020, 3011]",3008,"삼성전자, 단기 조정 리스크와 장기 가치에 대한 생각",analysis,like,"[""상위 수익자"", ""자산가""]",null
chunk_006_2026-04-06_2026-04-10,2026-04-09,8,A027,"[3008, 3010, 3012, 3020, 3011]",3010,삼성전자 실적 리스크 전환과 기술적 지지선 분석,analysis,read,[],null
chunk_006_2026-04-06_2026-04-10,2026-04-09,8,A027,"[3008, 3010, 3012, 3020, 3011]",3012,삼성전자 단기 조정 가능성과 중장기 가치에 대한 생각,analysis,like,"[""상위 수익자"", ""자산가"", ""커뮤니티 인플루언서""]",null
chunk_006_2026-04-06_2026-04-10,2026-04-09,8,A027,"[3008, 3010, 3012, 3020, 3011]",3020,"삼성전자, 신중한 관망이 필요할 시점",analysis,unlike,[],null
chunk_006_2026-04-06_2026-04-10,2026-04-09,8,A027,"[3008, 3010, 3012, 3020, 3011]",3011,오늘 삼성전자 전량 매도했습니다!,trade_share,read,"[""상위 수익자"", ""자산가""]",null
chunk_006_2026-04-06_2026-04-10,2026-04-10,10,A008,"[3030, 3031, 3036, 3043, 3045]",3030,삼성전자 매수 완료! 괴물 실적에 힘입어!,trade_share,unlike,"[""상위 수익자"", ""자산가"", ""커뮤니티 인플루언서""]",null
chunk_006_2026-04-06_2026-04-10,2026-04-10,10,A008,"[3030, 3031, 3036, 3043, 3045]",3031,오늘 삼성전자 추가 매수했습니다!,trade_share,unlike,"[""상위 수익자"", ""자산가""]",null
chunk_006_2026-04-06_2026-04-10,2026-04-10,10,A008,"[3030, 3031, 3036, 3043, 3045]",3036,삼성전자 추가 매수했습니다!,trade_share,unlike,"[""상위 수익자"", ""자산가""]",null
chunk_006_2026-04-06_2026-04-10,2026-04-10,10,A008,"[3030, 3031, 3036, 3043, 3045]",3043,삼성전자 매수 완료!,trade_share,unlike,"[""상위 수익자"", ""자산가""]",null
chunk_006_2026-04-06_2026-04-10,2026-04-10,10,A008,"[3030, 3031, 3036, 3043, 3045]",3045,삼성전자 추가 매수했습니다!,trade_share,unlike,[],null
chunk_006_2026-04-06_2026-04-10,2026-04-10,10,A003,"[3030, 3036, 3043, 3028, 3034]",3030,삼성전자 매수 완료! 괴물 실적에 힘입어!,trade_share,unlike,"[""상위 수익자"", ""자산가"", ""커뮤니티 인플루언서""]",null
chunk_006_2026-04-06_2026-04-10,2026-04-10,10,A003,"[3030, 3036, 3043, 3028, 3034]",3036,삼성전자 추가 매수했습니다!,trade_share,unlike,"[""상위 수익자"", ""자산가""]",null
chunk_006_2026-04-06_2026-04-10,2026-04-10,10,A003,"[3030, 3036, 3043, 3028, 3034]",3043,삼성전자 매수 완료!,trade_share,read,"[""상위 수익자"", ""자산가""]",null
chunk_006_2026-04-06_2026-04-10,2026-04-10,10,A003,"[3030, 3036, 3043, 3028, 3034]",3028,삼성전자 50주 매수했습니다!,trade_share,read,[],null
chunk_006_2026-04-06_2026-04-10,2026-04-10,10,A003,"[3030, 3036, 3043, 3028, 3034]",3034,오늘 삼성전자 추가 매수했습니다!,trade_share,read,[],null
chunk_006_2026-04-06_2026-04-10,2026-04-10,10,A010,"[3027, 3030, 3031, 3034, 3042]",3027,[매수] 삼성전자 8주 추가 매수했습니다!,trade_share,unlike,"[""커뮤니티 인플루언서""]",null
chunk_006_2026-04-06_2026-04-10,2026-04-10,10,A010,"[3027, 3030, 3031, 3034, 3042]",3030,삼성전자 매수 완료! 괴물 실적에 힘입어!,trade_share,like,"[""상위 수익자"", ""자산가"", ""커뮤니티 인플루언서""]",null
chunk_006_2026-04-06_2026-04-10,2026-04-10,10,A010,"[3027, 3030, 3031, 3034, 3042]",3031,오늘 삼성전자 추가 매수했습니다!,trade_share,like,"[""상위 수익자"", ""자산가""]",null
chunk_006_2026-04-06_2026-04-10,2026-04-10,10,A010,"[3027, 3030, 3031, 3034, 3042]",3034,오늘 삼성전자 추가 매수했습니다!,trade_share,read,[],null
chunk_006_2026-04-06_2026-04-10,2026-04-10,10,A010,"[3027, 3030, 3031, 3034, 3042]",3042,오늘 삼성전자 6주 매수했습니다!,trade_share,read,[],null
chunk_006_2026-04-06_2026-04-10,2026-04-10,10,A005,"[3027, 3031, 3032, 3033, 3043]",3027,[매수] 삼성전자 8주 추가 매수했습니다!,trade_share,unlike,"[""커뮤니티 인플루언서""]",null
chunk_006_2026-04-06_2026-04-10,2026-04-10,10,A005,"[3027, 3031, 3032, 3033, 3043]",3031,오늘 삼성전자 추가 매수했습니다!,trade_share,read,"[""상위 수익자"", ""자산가""]",null
chunk_006_2026-04-06_2026-04-10,2026-04-10,10,A005,"[3027, 3031, 3032, 3033, 3043]",3032,삼성전자 추가 매수했습니다!,trade_share,like,"[""커뮤니티 인플루언서""]",null
chunk_006_2026-04-06_2026-04-10,2026-04-10,10,A005,"[3027, 3031, 3032, 3033, 3043]",3033,오늘 삼성전자 추가 매수했습니다!,trade_share,unlike,"[""상위 수익자"", ""자산가""]",null
chunk_006_2026-04-06_2026-04-10,2026-04-10,10,A005,"[3027, 3031, 3032, 3033, 3043]",3043,삼성전자 매수 완료!,trade_share,like,"[""상위 수익자"", ""자산가""]",null
chunk_006_2026-04-06_2026-04-10,2026-04-10,10,A004,"[3027, 3030, 3036, 3043, 3045]",3027,[매수] 삼성전자 8주 추가 매수했습니다!,trade_share,unlike,"[""커뮤니티 인플루언서""]",null
chunk_006_2026-04-06_2026-04-10,2026-04-10,10,A004,"[3027, 3030, 3036, 3043, 3045]",3030,삼성전자 매수 완료! 괴물 실적에 힘입어!,trade_share,unlike,"[""상위 수익자"", ""자산가"", ""커뮤니티 인플루언서""]",null
chunk_006_2026-04-06_2026-04-10,2026-04-10,10,A004,"[3027, 3030, 3036, 3043, 3045]",3036,삼성전자 추가 매수했습니다!,trade_share,like,"[""상위 수익자"", ""자산가""]",null
chunk_006_2026-04-06_2026-04-10,2026-04-10,10,A004,"[3027, 3030, 3036, 3043, 3045]",3043,삼성전자 매수 완료!,trade_share,unlike,"[""상위 수익자"", ""자산가""]",null
chunk_006_2026-04-06_2026-04-10,2026-04-10,10,A004,"[3027, 3030, 3036, 3043, 3045]",3045,삼성전자 추가 매수했습니다!,trade_share,like,[],null
chunk_006_2026-04-06_2026-04-10,2026-04-10,10,A001,"[3030, 3031, 3034, 3042, 3045]",3030,삼성전자 매수 완료! 괴물 실적에 힘입어!,trade_share,unlike,"[""상위 수익자"", ""자산가"", ""커뮤니티 인플루언서""]",null
chunk_006_2026-04-06_2026-04-10,2026-04-10,10,A001,"[3030, 3031, 3034, 3042, 3045]",3031,오늘 삼성전자 추가 매수했습니다!,trade_share,unlike,"[""상위 수익자"", ""자산가""]",null
chunk_006_2026-04-06_2026-04-10,2026-04-10,10,A001,"[3030, 3031, 3034, 3042, 3045]",3034,오늘 삼성전자 추가 매수했습니다!,trade_share,read,[],null
chunk_006_2026-04-06_2026-04-10,2026-04-10,10,A001,"[3030, 3031, 3034, 3042, 3045]",3042,오늘 삼성전자 6주 매수했습니다!,trade_share,read,[],null
chunk_006_2026-04-06_2026-04-10,2026-04-10,10,A001,"[3030, 3031, 3034, 3042, 3045]",3045,삼성전자 추가 매수했습니다!,trade_share,unlike,[],null
chunk_006_2026-04-06_2026-04-10,2026-04-10,10,A011,"[3030, 3031, 3043, 3045, 3028]",3030,삼성전자 매수 완료! 괴물 실적에 힘입어!,trade_share,unlike,"[""상위 수익자"", ""자산가"", ""커뮤니티 인플루언서""]",null
chunk_006_2026-04-06_2026-04-10,2026-04-10,10,A011,"[3030, 3031, 3043, 3045, 3028]",3031,오늘 삼성전자 추가 매수했습니다!,trade_share,unlike,"[""상위 수익자"", ""자산가""]",null
chunk_006_2026-04-06_2026-04-10,2026-04-10,10,A011,"[3030, 3031, 3043, 3045, 3028]",3043,삼성전자 매수 완료!,trade_share,read,"[""상위 수익자"", ""자산가""]",null
chunk_006_2026-04-06_2026-04-10,2026-04-10,10,A011,"[3030, 3031, 3043, 3045, 3028]",3045,삼성전자 추가 매수했습니다!,trade_share,unlike,[],null
chunk_006_2026-04-06_2026-04-10,2026-04-10,10,A011,"[3030, 3031, 3043, 3045, 3028]",3028,삼성전자 50주 매수했습니다!,trade_share,read,[],null
chunk_006_2026-04-06_2026-04-10,2026-04-10,10,A007,"[3027, 3030, 3031, 3036, 3043]",3027,[매수] 삼성전자 8주 추가 매수했습니다!,trade_share,unlike,"[""커뮤니티 인플루언서""]","{""portfolio_summary"": {""state_id"": ""ps_A008_t010"", ""agent_id"": ""A008"", ""turn"": 10, ""date"": ""2026-04-10"", ""cash"": 1844200.0, ""positions"": ""[{\""stock_code\"": \""005930\"", \""quantity\"": 505, \""avg_cost\"": 198761.76836288278, \""current_price\"": 206000.0, \""unrealized_pnl\"": 3655306.9767441964, \""unrealized_pnl_rate\"": 0.036416619235859565}]"", ""total_value"": 105874200.0, ""realized_pnl"": 2218893.0232558153, ""total_return_rate"": 0.058742, ""updated_at"": ""2026-07-16 09:10:25""}, ""recent_trades"": [{""turn"": 10, ""date"": ""2026-04-10"", ""action"": ""buy"", ""stock_code"": ""005930"", ""quantity"": 8, ""executed_price"": 206000.0, ""trade_value"": 1648000.0, ""status"": ""filled"", ""filled_quantity"": 8, ""action_reason"": ""강력한 호재 (AI 밸류에이션, 실적) 와 상승 추세 (MA 정렬) 를 바탕으로 고위험 고수익 성향을 반영해 매수합니다. 최근 매수 단가 대비 소폭 하락한 공시가를 기회로 봅니다.""}, {""turn"": 9, ""date"": ""2026-04-10"", ""action"": ""buy"", ""stock_code"": ""005930"", ""quantity"": 16, ""executed_price"": 208500.0, ""trade_value"": 3336000.0, ""status"": ""filled"", ""filled_quantity"": 16, ""action_reason"": ""기술적 돌파 신호 (MA5>MA20, 거래량 증가) 와 HBM/우주 반도체 호재로 상승 모멘텀이 확인됨. 현재 수익 구간이므로 고위험 고수익 성향에 따라 추격 매수.""}, {""turn"": 8, ""date"": ""2026-04-09"", ""action"": ""buy"", ""stock_code"": ""005930"", ""quantity"": 20, ""executed_price"": 204000.0, ""trade_value"": 4080000.0, ""status"": ""filled"", ""filled_quantity"": 20, ""action_reason"": ""현재 포트폴리오가 미실현 수익 상태이며 기술적 지표 (MA5 상향) 가 중기 상승 추세를 유지하고 있음. 초고수 매수세와 20 만 원 지지선 부근의 변동성 확대를 기회로 인식하여 공격적 매수를 진행.""}]}"
chunk_006_2026-04-06_2026-04-10,2026-04-10,10,A007,"[3027, 3030, 3031, 3036, 3043]",3030,삼성전자 매수 완료! 괴물 실적에 힘입어!,trade_share,unlike,"[""상위 수익자"", ""자산가"", ""커뮤니티 인플루언서""]","{""portfolio_summary"": {""state_id"": ""ps_A005_t010"", ""agent_id"": ""A005"", ""turn"": 10, ""date"": ""2026-04-10"", ""cash"": 22298000.0, ""positions"": ""[{\""stock_code\"": \""005930\"", \""quantity\"": 407, \""avg_cost\"": 200113.7241137241, \""current_price\"": 206000.0, \""unrealized_pnl\"": 2395714.2857142882, \""unrealized_pnl_rate\"": 0.029414653654292782}]"", ""total_value"": 106140000.0, ""realized_pnl"": 3744285.7142857127, ""total_return_rate"": 0.0614, ""updated_at"": ""2026-07-16 09:10:25""}, ""recent_trades"": [{""turn"": 10, ""date"": ""2026-04-10"", ""action"": ""buy"", ""stock_code"": ""005930"", ""quantity"": 107, ""executed_price"": 206000.0, ""trade_value"": 22042000.0, ""status"": ""filled"", ""filled_quantity"": 107, ""action_reason"": ""괴물 실적과 AI 밸류에이션 재평가로 내재가치 매수 논리가 확증되었으며, 현재 가격이 저평가 구간으로 판단되어 매수 기회를 활용합니다.""}, {""turn"": 9, ""date"": ""2026-04-10"", ""action"": ""buy"", ""stock_code"": ""005930"", ""quantity"": 100, ""executed_price"": 208500.0, ""trade_value"": 20850000.0, ""status"": ""filled"", ""filled_quantity"": 100, ""action_reason"": ""내재가치 저평가 구간이며, HBM 호재와 우주 반도체 기대감으로 상승 모멘텀이 강해 추가 매수 기회로 판단.""}, {""turn"": 8, ""date"": ""2026-04-09"", ""action"": ""sell"", ""stock_code"": ""005930"", ""quantity"": 50, ""executed_price"": 204000.0, ""trade_value"": 10200000.0, ""status"": ""filled"", ""filled_quantity"": 50, ""action_reason"": ""단기 생산량 감축 악재와 20 만 원 저항선 근접으로 조정 가능성 높음. 미실현 수익 확보 후 19 만 원~20 만 원 지지 구간에서 추가 매수 기회 확보를 위해 일부 매도.""}]}"
chunk_006_2026-04-06_2026-04-10,2026-04-10,10,A007,"[3027, 3030, 3031, 3036, 3043]",3031,오늘 삼성전자 추가 매수했습니다!,trade_share,read,"[""상위 수익자"", ""자산가""]","{""portfolio_summary"": {""state_id"": ""ps_A003_t010"", ""agent_id"": ""A003"", ""turn"": 10, ""date"": ""2026-04-10"", ""cash"": 3413200.0, ""positions"": ""[{\""stock_code\"": \""005930\"", \""quantity\"": 500, \""avg_cost\"": 198210.3613412229, \""current_price\"": 206000.0, \""unrealized_pnl\"": 3894819.329388556, \""unrealized_pnl_rate\"": 0.03929985600181164}]"", ""total_value"": 106413200.0, ""realized_pnl"": 2518380.6706114383, ""total_return_rate"": 0.064132, ""updated_at"": ""2026-07-16 09:10:25""}, ""recent_trades"": [{""turn"": 10, ""date"": ""2026-04-10"", ""action"": ""buy"", ""stock_code"": ""005930"", ""quantity"": 16, ""executed_price"": 206000.0, ""trade_value"": 3296000.0, ""status"": ""filled"", ""filled_quantity"": 16, ""action_reason"": ""AI 밸류에이션 재평가와 실적 호조로 내재가치 상승 여력이 크다고 판단. 수익 구간에서 원칙적으로 보유하되, 저평가 구간 진입으로 가치투자 논리에 따라 현금 여력을 활용해 포지션 확대.""}, {""turn"": 9, ""date"": ""2026-04-10"", ""action"": ""buy"", ""stock_code"": ""005930"", ""quantity"": 32, ""executed_price"": 208500.0, ""trade_value"": 6672000.0, ""status"": ""filled"", ""filled_quantity"": 32, ""action_reason"": ""현재 주가 20 만 8 천 원대는 내재가치 대비 저평가 구간이며, HBM 및 우주 반도체 호재로 중장기 성장성이 확신됨. 단기 실적 우려는 매수 기회로 판단하여 현금 여력 범위 내에서 최대한 매수.""}, {""turn"": 8, ""date"": ""2026-04-09"", ""action"": ""buy"", ""stock_code"": ""005930"", ""quantity"": 50, ""executed_price"": 204000.0, ""trade_value"": 10200000.0, ""status"": ""filled"", ""filled_quantity"": 50, ""action_reason"": ""2 분기 수주 하향 악재로 단기 조정되었으나, 20 만 원 부근에서 지지 확인 및 초고수 매수세로 내재가치 저평가 구간 진입. 가치 투자 원칙에 따라 매수.""}]}"
chunk_006_2026-04-06_2026-04-10,2026-04-10,10,A007,"[3027, 3030, 3031, 3036, 3043]",3036,삼성전자 추가 매수했습니다!,trade_share,like,"[""상위 수익자"", ""자산가""]","{""portfolio_summary"": {""state_id"": ""ps_A011_t010"", ""agent_id"": ""A011"", ""turn"": 10, ""date"": ""2026-04-10"", ""cash"": 2074200.0, ""positions"": ""[{\""stock_code\"": \""005930\"", \""quantity\"": 505, \""avg_cost\"": 199268.03703852167, \""current_price\"": 206000.0, \""unrealized_pnl\"": 3399641.295546558, \""unrealized_pnl_rate\"": 0.03378345599990498}]"", ""total_value"": 106104200.0, ""realized_pnl"": 2704558.704453439, ""total_return_rate"": 0.061042, ""updated_at"": ""2026-07-16 09:10:25""}, ""recent_trades"": [{""turn"": 10, ""date"": ""2026-04-10"", ""action"": ""buy"", ""stock_code"": ""005930"", ""quantity"": 10, ""executed_price"": 206000.0, ""trade_value"": 2060000.0, ""status"": ""filled"", ""filled_quantity"": 10, ""action_reason"": ""실적 호조 (영업이익 57 조원) 와 AI 밸류에이션 재평가 (PBR->PER) 로 저평가 구간 유지, 단기 조정 시 매수 기회로 판단.""}, {""turn"": 9, ""date"": ""2026-04-10"", ""action"": ""buy"", ""stock_code"": ""005930"", ""quantity"": 18, ""executed_price"": 208500.0, ""trade_value"": 3753000.0, ""status"": ""filled"", ""filled_quantity"": 18, ""action_reason"": ""HBM 및 우주 반도체 호재로 성장성이 입증된 저평가 구간으로 판단되며, 현금 비중이 낮아 고위험 선호 성향에 따라 매수 한도 내에서 추가 매수합니다.""}, {""turn"": 8, ""date"": ""2026-04-09"", ""action"": ""buy"", ""stock_code"": ""005930"", ""quantity"": 37, ""executed_price"": 204000.0, ""trade_value"": 7548000.0, ""status"": ""filled"", ""filled_quantity"": 37, ""action_reason"": ""204,000 원은 내재가치 대비 저평가 구간이며, 초고수 매수세와 반도체 사이클 회복 기대감이 단기 악재 (생산량 하향) 를 상쇄할 것으로 판단. 현금 비중이 낮으나 고위험 고수익 선호 성향에 따라 저가 매수 기회 활용.""}]}"
chunk_006_2026-04-06_2026-04-10,2026-04-10,10,A007,"[3027, 3030, 3031, 3036, 3043]",3043,삼성전자 매수 완료!,trade_share,like,"[""상위 수익자"", ""자산가""]","{""portfolio_summary"": {""state_id"": ""ps_A010_t010"", ""agent_id"": ""A010"", ""turn"": 10, ""date"": ""2026-04-10"", ""cash"": 20161100.0, ""positions"": ""[{\""stock_code\"": \""005930\"", \""quantity\"": 419, \""avg_cost\"": 198876.09599825894, \""current_price\"": 206000.0, \""unrealized_pnl\"": 2984915.7767295036, \""unrealized_pnl_rate\"": 0.035820815799820535}]"", ""total_value"": 106475100.0, ""realized_pnl"": 3490184.223270501, ""total_return_rate"": 0.064751, ""updated_at"": ""2026-07-16 09:10:25""}, ""recent_trades"": [{""turn"": 10, ""date"": ""2026-04-10"", ""action"": ""buy"", ""stock_code"": ""005930"", ""quantity"": 80, ""executed_price"": 206000.0, ""trade_value"": 16480000.0, ""status"": ""filled"", ""filled_quantity"": 80, ""action_reason"": ""실적 호조와 밸류에이션 기준 전환 (PBR→PER) 으로 내재가치 상승이 확신되며, 현재 주가는 저평가 구간입니다. 상승 추세가 유지되고 있어 수익 실현 상태인 포트폴리오에서 성장성 포착을 위해 제한적으로 매수합니다.""}, {""turn"": 9, ""date"": ""2026-04-10"", ""action"": ""buy"", ""stock_code"": ""005930"", ""quantity"": 100, ""executed_price"": 208500.0, ""trade_value"": 20850000.0, ""status"": ""filled"", ""filled_quantity"": 100, ""action_reason"": ""내재가치 대비 저평가 구간 (Dim 2) 이며 HBM 및 AI 수요 성장성 (Dim 5) 이 확인되어 장기 가치 투자 관점에서 매수 기회로 판단함. 현금 비중이 높아 추가 매수 여력이 충분함.""}, {""turn"": 8, ""date"": ""2026-04-09"", ""action"": ""sell"", ""stock_code"": ""005930"", ""quantity"": 50, ""executed_price"": 204000.0, ""trade_value"": 10200000.0, ""status"": ""filled"", ""filled_quantity"": 50, ""action_reason"": ""실적 하향설로 인한 단기 조정 리스크와 현재가 (20 만 4 천 원) 의 밸류에이션 부담을 고려하여 수익 실현 매도를 진행합니다. belief 에서 제시한 20 만 원대 지지선 또는 MA20 부근에서 매수 기회를 기다리기 위해 현금 비중을 유지합니다.""}]}"
chunk_006_2026-04-06_2026-04-10,2026-04-10,10,A012,"[3030, 3043, 3036, 3027, 3035]",3030,삼성전자 매수 완료! 괴물 실적에 힘입어!,trade_share,unlike,"[""상위 수익자"", ""자산가"", ""커뮤니티 인플루언서""]",null
chunk_006_2026-04-06_2026-04-10,2026-04-10,10,A012,"[3030, 3043, 3036, 3027, 3035]",3043,삼성전자 매수 완료!,trade_share,read,"[""상위 수익자"", ""자산가""]",null
chunk_006_2026-04-06_2026-04-10,2026-04-10,10,A012,"[3030, 3043, 3036, 3027, 3035]",3036,삼성전자 추가 매수했습니다!,trade_share,unlike,"[""상위 수익자"", ""자산가""]",null
chunk_006_2026-04-06_2026-04-10,2026-04-10,10,A012,"[3030, 3043, 3036, 3027, 3035]",3027,[매수] 삼성전자 8주 추가 매수했습니다!,trade_share,unlike,"[""커뮤니티 인플루언서""]",null
chunk_006_2026-04-06_2026-04-10,2026-04-10,10,A012,"[3030, 3043, 3036, 3027, 3035]",3035,오늘 삼성전자 매수했습니다!,trade_share,read,[],null
chunk_006_2026-04-06_2026-04-10,2026-04-10,10,A014,"[3027, 3030, 3031, 3033, 3043]",3027,[매수] 삼성전자 8주 추가 매수했습니다!,trade_share,unlike,"[""커뮤니티 인플루언서""]",null
chunk_006_2026-04-06_2026-04-10,2026-04-10,10,A014,"[3027, 3030, 3031, 3033, 3043]",3030,삼성전자 매수 완료! 괴물 실적에 힘입어!,trade_share,unlike,"[""상위 수익자"", ""자산가"", ""커뮤니티 인플루언서""]",null
chunk_006_2026-04-06_2026-04-10,2026-04-10,10,A014,"[3027, 3030, 3031, 3033, 3043]",3031,오늘 삼성전자 추가 매수했습니다!,trade_share,unlike,"[""상위 수익자"", ""자산가""]",null
chunk_006_2026-04-06_2026-04-10,2026-04-10,10,A014,"[3027, 3030, 3031, 3033, 3043]",3033,오늘 삼성전자 추가 매수했습니다!,trade_share,unlike,"[""상위 수익자"", ""자산가""]",null
chunk_006_2026-04-06_2026-04-10,2026-04-10,10,A014,"[3027, 3030, 3031, 3033, 3043]",3043,삼성전자 매수 완료!,trade_share,unlike,"[""상위 수익자"", ""자산가""]",null
chunk_006_2026-04-06_2026-04-10,2026-04-10,10,A019,"[3027, 3030, 3031, 3043, 3045]",3027,[매수] 삼성전자 8주 추가 매수했습니다!,trade_share,unlike,"[""커뮤니티 인플루언서""]",null
chunk_006_2026-04-06_2026-04-10,2026-04-10,10,A019,"[3027, 3030, 3031, 3043, 3045]",3030,삼성전자 매수 완료! 괴물 실적에 힘입어!,trade_share,like,"[""상위 수익자"", ""자산가"", ""커뮤니티 인플루언서""]",null
chunk_006_2026-04-06_2026-04-10,2026-04-10,10,A019,"[3027, 3030, 3031, 3043, 3045]",3031,오늘 삼성전자 추가 매수했습니다!,trade_share,like,"[""상위 수익자"", ""자산가""]",null
chunk_006_2026-04-06_2026-04-10,2026-04-10,10,A019,"[3027, 3030, 3031, 3043, 3045]",3043,삼성전자 매수 완료!,trade_share,like,"[""상위 수익자"", ""자산가""]",null
chunk_006_2026-04-06_2026-04-10,2026-04-10,10,A019,"[3027, 3030, 3031, 3043, 3045]",3045,삼성전자 추가 매수했습니다!,trade_share,read,[],null
chunk_006_2026-04-06_2026-04-10,2026-04-10,10,A020,"[3027, 3030, 3031, 3035, 3045]",3027,[매수] 삼성전자 8주 추가 매수했습니다!,trade_share,read,"[""커뮤니티 인플루언서""]","{""portfolio_summary"": {""state_id"": ""ps_A008_t010"", ""agent_id"": ""A008"", ""turn"": 10, ""date"": ""2026-04-10"", ""cash"": 1844200.0, ""positions"": ""[{\""stock_code\"": \""005930\"", \""quantity\"": 505, \""avg_cost\"": 198761.76836288278, \""current_price\"": 206000.0, \""unrealized_pnl\"": 3655306.9767441964, \""unrealized_pnl_rate\"": 0.036416619235859565}]"", ""total_value"": 105874200.0, ""realized_pnl"": 2218893.0232558153, ""total_return_rate"": 0.058742, ""updated_at"": ""2026-07-16 09:10:25""}, ""recent_trades"": [{""turn"": 10, ""date"": ""2026-04-10"", ""action"": ""buy"", ""stock_code"": ""005930"", ""quantity"": 8, ""executed_price"": 206000.0, ""trade_value"": 1648000.0, ""status"": ""filled"", ""filled_quantity"": 8, ""action_reason"": ""강력한 호재 (AI 밸류에이션, 실적) 와 상승 추세 (MA 정렬) 를 바탕으로 고위험 고수익 성향을 반영해 매수합니다. 최근 매수 단가 대비 소폭 하락한 공시가를 기회로 봅니다.""}, {""turn"": 9, ""date"": ""2026-04-10"", ""action"": ""buy"", ""stock_code"": ""005930"", ""quantity"": 16, ""executed_price"": 208500.0, ""trade_value"": 3336000.0, ""status"": ""filled"", ""filled_quantity"": 16, ""action_reason"": ""기술적 돌파 신호 (MA5>MA20, 거래량 증가) 와 HBM/우주 반도체 호재로 상승 모멘텀이 확인됨. 현재 수익 구간이므로 고위험 고수익 성향에 따라 추격 매수.""}, {""turn"": 8, ""date"": ""2026-04-09"", ""action"": ""buy"", ""stock_code"": ""005930"", ""quantity"": 20, ""executed_price"": 204000.0, ""trade_value"": 4080000.0, ""status"": ""filled"", ""filled_quantity"": 20, ""action_reason"": ""현재 포트폴리오가 미실현 수익 상태이며 기술적 지표 (MA5 상향) 가 중기 상승 추세를 유지하고 있음. 초고수 매수세와 20 만 원 지지선 부근의 변동성 확대를 기회로 인식하여 공격적 매수를 진행.""}]}"
chunk_006_2026-04-06_2026-04-10,2026-04-10,10,A020,"[3027, 3030, 3031, 3035, 3045]",3030,삼성전자 매수 완료! 괴물 실적에 힘입어!,trade_share,unlike,"[""상위 수익자"", ""자산가"", ""커뮤니티 인플루언서""]","{""portfolio_summary"": {""state_id"": ""ps_A005_t010"", ""agent_id"": ""A005"", ""turn"": 10, ""date"": ""2026-04-10"", ""cash"": 22298000.0, ""positions"": ""[{\""stock_code\"": \""005930\"", \""quantity\"": 407, \""avg_cost\"": 200113.7241137241, \""current_price\"": 206000.0, \""unrealized_pnl\"": 2395714.2857142882, \""unrealized_pnl_rate\"": 0.029414653654292782}]"", ""total_value"": 106140000.0, ""realized_pnl"": 3744285.7142857127, ""total_return_rate"": 0.0614, ""updated_at"": ""2026-07-16 09:10:25""}, ""recent_trades"": [{""turn"": 10, ""date"": ""2026-04-10"", ""action"": ""buy"", ""stock_code"": ""005930"", ""quantity"": 107, ""executed_price"": 206000.0, ""trade_value"": 22042000.0, ""status"": ""filled"", ""filled_quantity"": 107, ""action_reason"": ""괴물 실적과 AI 밸류에이션 재평가로 내재가치 매수 논리가 확증되었으며, 현재 가격이 저평가 구간으로 판단되어 매수 기회를 활용합니다.""}, {""turn"": 9, ""date"": ""2026-04-10"", ""action"": ""buy"", ""stock_code"": ""005930"", ""quantity"": 100, ""executed_price"": 208500.0, ""trade_value"": 20850000.0, ""status"": ""filled"", ""filled_quantity"": 100, ""action_reason"": ""내재가치 저평가 구간이며, HBM 호재와 우주 반도체 기대감으로 상승 모멘텀이 강해 추가 매수 기회로 판단.""}, {""turn"": 8, ""date"": ""2026-04-09"", ""action"": ""sell"", ""stock_code"": ""005930"", ""quantity"": 50, ""executed_price"": 204000.0, ""trade_value"": 10200000.0, ""status"": ""filled"", ""filled_quantity"": 50, ""action_reason"": ""단기 생산량 감축 악재와 20 만 원 저항선 근접으로 조정 가능성 높음. 미실현 수익 확보 후 19 만 원~20 만 원 지지 구간에서 추가 매수 기회 확보를 위해 일부 매도.""}]}"
chunk_006_2026-04-06_2026-04-10,2026-04-10,10,A020,"[3027, 3030, 3031, 3035, 3045]",3031,오늘 삼성전자 추가 매수했습니다!,trade_share,read,"[""상위 수익자"", ""자산가""]","{""portfolio_summary"": {""state_id"": ""ps_A003_t010"", ""agent_id"": ""A003"", ""turn"": 10, ""date"": ""2026-04-10"", ""cash"": 3413200.0, ""positions"": ""[{\""stock_code\"": \""005930\"", \""quantity\"": 500, \""avg_cost\"": 198210.3613412229, \""current_price\"": 206000.0, \""unrealized_pnl\"": 3894819.329388556, \""unrealized_pnl_rate\"": 0.03929985600181164}]"", ""total_value"": 106413200.0, ""realized_pnl"": 2518380.6706114383, ""total_return_rate"": 0.064132, ""updated_at"": ""2026-07-16 09:10:25""}, ""recent_trades"": [{""turn"": 10, ""date"": ""2026-04-10"", ""action"": ""buy"", ""stock_code"": ""005930"", ""quantity"": 16, ""executed_price"": 206000.0, ""trade_value"": 3296000.0, ""status"": ""filled"", ""filled_quantity"": 16, ""action_reason"": ""AI 밸류에이션 재평가와 실적 호조로 내재가치 상승 여력이 크다고 판단. 수익 구간에서 원칙적으로 보유하되, 저평가 구간 진입으로 가치투자 논리에 따라 현금 여력을 활용해 포지션 확대.""}, {""turn"": 9, ""date"": ""2026-04-10"", ""action"": ""buy"", ""stock_code"": ""005930"", ""quantity"": 32, ""executed_price"": 208500.0, ""trade_value"": 6672000.0, ""status"": ""filled"", ""filled_quantity"": 32, ""action_reason"": ""현재 주가 20 만 8 천 원대는 내재가치 대비 저평가 구간이며, HBM 및 우주 반도체 호재로 중장기 성장성이 확신됨. 단기 실적 우려는 매수 기회로 판단하여 현금 여력 범위 내에서 최대한 매수.""}, {""turn"": 8, ""date"": ""2026-04-09"", ""action"": ""buy"", ""stock_code"": ""005930"", ""quantity"": 50, ""executed_price"": 204000.0, ""trade_value"": 10200000.0, ""status"": ""filled"", ""filled_quantity"": 50, ""action_reason"": ""2 분기 수주 하향 악재로 단기 조정되었으나, 20 만 원 부근에서 지지 확인 및 초고수 매수세로 내재가치 저평가 구간 진입. 가치 투자 원칙에 따라 매수.""}]}"
chunk_006_2026-04-06_2026-04-10,2026-04-10,10,A020,"[3027, 3030, 3031, 3035, 3045]",3035,오늘 삼성전자 매수했습니다!,trade_share,like,[],"{""portfolio_summary"": {""state_id"": ""ps_A014_t010"", ""agent_id"": ""A014"", ""turn"": 10, ""date"": ""2026-04-10"", ""cash"": 64150000.0, ""positions"": ""[{\""stock_code\"": \""005930\"", \""quantity\"": 200, \""avg_cost\"": 202708.3333333333, \""current_price\"": 206000.0, \""unrealized_pnl\"": 658333.3333333372, \""unrealized_pnl_rate\"": 0.01623843782117173}]"", ""total_value"": 105350000.0, ""realized_pnl"": 4691666.666666669, ""total_return_rate"": 0.0535, ""updated_at"": ""2026-07-16 09:10:25""}, ""recent_trades"": [{""turn"": 10, ""date"": ""2026-04-10"", ""action"": ""buy"", ""stock_code"": ""005930"", ""quantity"": 100, ""executed_price"": 206000.0, ""trade_value"": 20600000.0, ""status"": ""filled"", ""filled_quantity"": 100, ""action_reason"": ""실적 호조와 AI 밸류에이션 재평가로 상승 추세 유지 예상되며, 20 만 원대 지지선 확인 시 보유 강화 전략에 따라 매수합니다.""}, {""turn"": 9, ""date"": ""2026-04-10"", ""action"": ""sell"", ""stock_code"": ""005930"", ""quantity"": 100, ""executed_price"": 208500.0, ""trade_value"": 20850000.0, ""status"": ""filled"", ""filled_quantity"": 100, ""action_reason"": ""포트폴리오 분석에서 수익 실현 타이밍 놓치지 않도록 주의해야 한다는 점과, belief 에서 과도한 상승 경계 및 단기 조정 우려를 고려하여 일부 수익 실현합니다.""}, {""turn"": 8, ""date"": ""2026-04-09"", ""action"": ""sell"", ""stock_code"": ""005930"", ""quantity"": 100, ""executed_price"": 204000.0, ""trade_value"": 20400000.0, ""status"": ""filled"", ""filled_quantity"": 100, ""action_reason"": ""1 분기 실적 하향 (출하량 15% 감소) 뉴스와 밸류에이션 부담으로 단기 조정 우려가 커짐. 수익 실현 원칙에 따라 보유 물량의 일부를 매도하여 리스크를 줄이고 현금 비중을 확보함.""}]}"
chunk_006_2026-04-06_2026-04-10,2026-04-10,10,A020,"[3027, 3030, 3031, 3035, 3045]",3045,삼성전자 추가 매수했습니다!,trade_share,unlike,[],"{""portfolio_summary"": {""state_id"": ""ps_A025_t010"", ""agent_id"": ""A025"", ""turn"": 10, ""date"": ""2026-04-10"", ""cash"": 13300000.0, ""positions"": ""[{\""stock_code\"": \""005930\"", \""quantity\"": 420, \""avg_cost\"": 209880.95238095237, \""current_price\"": 206000.0, \""unrealized_pnl\"": -1629999.9999999942, \""unrealized_pnl_rate\"": -0.018491208167895568}]"", ""total_value"": 99820000.0, ""realized_pnl"": 1450000.0, ""total_return_rate"": -0.0018, ""updated_at"": ""2026-07-16 09:10:25""}, ""recent_trades"": [{""turn"": 10, ""date"": ""2026-04-10"", ""action"": ""buy"", ""stock_code"": ""005930"", ""quantity"": 60, ""executed_price"": 206000.0, ""trade_value"": 12360000.0, ""status"": ""filled"", ""filled_quantity"": 60, ""action_reason"": ""실적 호조와 AI 테마에 따른 상승 기대감, 현재 주가 저평가 인식으로 매수 관점 전환. 손실 상태이므로 평균 단가 하향을 위한 추가 매수 성향 반영. 기술적 지지선 (MA5) 유지 확인.""}, {""turn"": 9, ""date"": ""2026-04-10"", ""action"": ""buy"", ""stock_code"": ""005930"", ""quantity"": 50, ""executed_price"": 208500.0, ""trade_value"": 10425000.0, ""status"": ""filled"", ""filled_quantity"": 50, ""action_reason"": ""상승 추세 유지 (MA5 상단) 및 기술적 지지선에서 조정 매수 기회로 판단. 손실 상태이므로 평균 매수 단가 하향 (Averaging Down) 전략 적용.""}, {""turn"": 8, ""date"": ""2026-04-09"", ""action"": ""buy"", ""stock_code"": ""005930"", ""quantity"": 10, ""executed_price"": 204000.0, ""trade_value"": 2040000.0, ""status"": ""filled"", ""filled_quantity"": 10, ""action_reason"": ""손실 구간에서 처분효과에 따른 매수 욕구와 MA20 지지선 유지로 단기 반등 가능성 고려.""}]}"
chunk_006_2026-04-06_2026-04-10,2026-04-10,10,A025,"[3027, 3030, 3031, 3033, 3043]",3027,[매수] 삼성전자 8주 추가 매수했습니다!,trade_share,unlike,"[""커뮤니티 인플루언서""]",null
chunk_006_2026-04-06_2026-04-10,2026-04-10,10,A025,"[3027, 3030, 3031, 3033, 3043]",3030,삼성전자 매수 완료! 괴물 실적에 힘입어!,trade_share,like,"[""상위 수익자"", ""자산가"", ""커뮤니티 인플루언서""]",null
chunk_006_2026-04-06_2026-04-10,2026-04-10,10,A025,"[3027, 3030, 3031, 3033, 3043]",3031,오늘 삼성전자 추가 매수했습니다!,trade_share,like,"[""상위 수익자"", ""자산가""]",null
chunk_006_2026-04-06_2026-04-10,2026-04-10,10,A025,"[3027, 3030, 3031, 3033, 3043]",3033,오늘 삼성전자 추가 매수했습니다!,trade_share,unlike,"[""상위 수익자"", ""자산가""]",null
chunk_006_2026-04-06_2026-04-10,2026-04-10,10,A025,"[3027, 3030, 3031, 3033, 3043]",3043,삼성전자 매수 완료!,trade_share,like,"[""상위 수익자"", ""자산가""]",null
chunk_006_2026-04-06_2026-04-10,2026-04-10,10,A022,"[3027, 3030, 3036, 3043, 3045]",3027,[매수] 삼성전자 8주 추가 매수했습니다!,trade_share,unlike,"[""커뮤니티 인플루언서""]",null
chunk_006_2026-04-06_2026-04-10,2026-04-10,10,A022,"[3027, 3030, 3036, 3043, 3045]",3030,삼성전자 매수 완료! 괴물 실적에 힘입어!,trade_share,like,"[""상위 수익자"", ""자산가"", ""커뮤니티 인플루언서""]",null
chunk_006_2026-04-06_2026-04-10,2026-04-10,10,A022,"[3027, 3030, 3036, 3043, 3045]",3036,삼성전자 추가 매수했습니다!,trade_share,like,"[""상위 수익자"", ""자산가""]",null
chunk_006_2026-04-06_2026-04-10,2026-04-10,10,A022,"[3027, 3030, 3036, 3043, 3045]",3043,삼성전자 매수 완료!,trade_share,like,"[""상위 수익자"", ""자산가""]",null
chunk_006_2026-04-06_2026-04-10,2026-04-10,10,A022,"[3027, 3030, 3036, 3043, 3045]",3045,삼성전자 추가 매수했습니다!,trade_share,unlike,[],null
chunk_006_2026-04-06_2026-04-10,2026-04-10,10,A006,"[3027, 3030, 3031, 3034, 3043]",3027,[매수] 삼성전자 8주 추가 매수했습니다!,trade_share,unlike,"[""커뮤니티 인플루언서""]",null
chunk_006_2026-04-06_2026-04-10,2026-04-10,10,A006,"[3027, 3030, 3031, 3034, 3043]",3030,삼성전자 매수 완료! 괴물 실적에 힘입어!,trade_share,unlike,"[""상위 수익자"", ""자산가"", ""커뮤니티 인플루언서""]",null
chunk_006_2026-04-06_2026-04-10,2026-04-10,10,A006,"[3027, 3030, 3031, 3034, 3043]",3031,오늘 삼성전자 추가 매수했습니다!,trade_share,unlike,"[""상위 수익자"", ""자산가""]",null
chunk_006_2026-04-06_2026-04-10,2026-04-10,10,A006,"[3027, 3030, 3031, 3034, 3043]",3034,오늘 삼성전자 추가 매수했습니다!,trade_share,unlike,[],null
chunk_006_2026-04-06_2026-04-10,2026-04-10,10,A006,"[3027, 3030, 3031, 3034, 3043]",3043,삼성전자 매수 완료!,trade_share,unlike,"[""상위 수익자"", ""자산가""]",null
chunk_006_2026-04-06_2026-04-10,2026-04-10,10,A027,"[3027, 3030, 3031, 3043, 3045]",3027,[매수] 삼성전자 8주 추가 매수했습니다!,trade_share,unlike,"[""커뮤니티 인플루언서""]",null
chunk_006_2026-04-06_2026-04-10,2026-04-10,10,A027,"[3027, 3030, 3031, 3043, 3045]",3030,삼성전자 매수 완료! 괴물 실적에 힘입어!,trade_share,unlike,"[""상위 수익자"", ""자산가"", ""커뮤니티 인플루언서""]",null
chunk_006_2026-04-06_2026-04-10,2026-04-10,10,A027,"[3027, 3030, 3031, 3043, 3045]",3031,오늘 삼성전자 추가 매수했습니다!,trade_share,unlike,"[""상위 수익자"", ""자산가""]",null
chunk_006_2026-04-06_2026-04-10,2026-04-10,10,A027,"[3027, 3030, 3031, 3043, 3045]",3043,삼성전자 매수 완료!,trade_share,unlike,"[""상위 수익자"", ""자산가""]",null
chunk_006_2026-04-06_2026-04-10,2026-04-10,10,A027,"[3027, 3030, 3031, 3043, 3045]",3045,삼성전자 추가 매수했습니다!,trade_share,unlike,[],null
chunk_006_2026-04-06_2026-04-10,2026-04-10,10,A013,"[3027, 3030, 3036, 3043, 3045]",3027,[매수] 삼성전자 8주 추가 매수했습니다!,trade_share,unlike,"[""커뮤니티 인플루언서""]",null
chunk_006_2026-04-06_2026-04-10,2026-04-10,10,A013,"[3027, 3030, 3036, 3043, 3045]",3030,삼성전자 매수 완료! 괴물 실적에 힘입어!,trade_share,unlike,"[""상위 수익자"", ""자산가"", ""커뮤니티 인플루언서""]",null
chunk_006_2026-04-06_2026-04-10,2026-04-10,10,A013,"[3027, 3030, 3036, 3043, 3045]",3036,삼성전자 추가 매수했습니다!,trade_share,unlike,"[""상위 수익자"", ""자산가""]",null
chunk_006_2026-04-06_2026-04-10,2026-04-10,10,A013,"[3027, 3030, 3036, 3043, 3045]",3043,삼성전자 매수 완료!,trade_share,unlike,"[""상위 수익자"", ""자산가""]",null
chunk_006_2026-04-06_2026-04-10,2026-04-10,10,A013,"[3027, 3030, 3036, 3043, 3045]",3045,삼성전자 추가 매수했습니다!,trade_share,unlike,[],null
chunk_006_2026-04-06_2026-04-10,2026-04-10,10,A026,"[3027, 3030, 3031, 3033, 3043]",3027,[매수] 삼성전자 8주 추가 매수했습니다!,trade_share,unlike,"[""커뮤니티 인플루언서""]",null
chunk_006_2026-04-06_2026-04-10,2026-04-10,10,A026,"[3027, 3030, 3031, 3033, 3043]",3030,삼성전자 매수 완료! 괴물 실적에 힘입어!,trade_share,like,"[""상위 수익자"", ""자산가"", ""커뮤니티 인플루언서""]",null
chunk_006_2026-04-06_2026-04-10,2026-04-10,10,A026,"[3027, 3030, 3031, 3033, 3043]",3031,오늘 삼성전자 추가 매수했습니다!,trade_share,like,"[""상위 수익자"", ""자산가""]",null
chunk_006_2026-04-06_2026-04-10,2026-04-10,10,A026,"[3027, 3030, 3031, 3033, 3043]",3033,오늘 삼성전자 추가 매수했습니다!,trade_share,unlike,"[""상위 수익자"", ""자산가""]",null
chunk_006_2026-04-06_2026-04-10,2026-04-10,10,A026,"[3027, 3030, 3031, 3033, 3043]",3043,삼성전자 매수 완료!,trade_share,like,"[""상위 수익자"", ""자산가""]",null
chunk_006_2026-04-06_2026-04-10,2026-04-10,10,A015,"[3027, 3030, 3031, 3032, 3036, 3043]",3027,[매수] 삼성전자 8주 추가 매수했습니다!,trade_share,unlike,"[""커뮤니티 인플루언서""]","{""portfolio_summary"": {""state_id"": ""ps_A008_t010"", ""agent_id"": ""A008"", ""turn"": 10, ""date"": ""2026-04-10"", ""cash"": 1844200.0, ""positions"": ""[{\""stock_code\"": \""005930\"", \""quantity\"": 505, \""avg_cost\"": 198761.76836288278, \""current_price\"": 206000.0, \""unrealized_pnl\"": 3655306.9767441964, \""unrealized_pnl_rate\"": 0.036416619235859565}]"", ""total_value"": 105874200.0, ""realized_pnl"": 2218893.0232558153, ""total_return_rate"": 0.058742, ""updated_at"": ""2026-07-16 09:10:25""}, ""recent_trades"": [{""turn"": 10, ""date"": ""2026-04-10"", ""action"": ""buy"", ""stock_code"": ""005930"", ""quantity"": 8, ""executed_price"": 206000.0, ""trade_value"": 1648000.0, ""status"": ""filled"", ""filled_quantity"": 8, ""action_reason"": ""강력한 호재 (AI 밸류에이션, 실적) 와 상승 추세 (MA 정렬) 를 바탕으로 고위험 고수익 성향을 반영해 매수합니다. 최근 매수 단가 대비 소폭 하락한 공시가를 기회로 봅니다.""}, {""turn"": 9, ""date"": ""2026-04-10"", ""action"": ""buy"", ""stock_code"": ""005930"", ""quantity"": 16, ""executed_price"": 208500.0, ""trade_value"": 3336000.0, ""status"": ""filled"", ""filled_quantity"": 16, ""action_reason"": ""기술적 돌파 신호 (MA5>MA20, 거래량 증가) 와 HBM/우주 반도체 호재로 상승 모멘텀이 확인됨. 현재 수익 구간이므로 고위험 고수익 성향에 따라 추격 매수.""}, {""turn"": 8, ""date"": ""2026-04-09"", ""action"": ""buy"", ""stock_code"": ""005930"", ""quantity"": 20, ""executed_price"": 204000.0, ""trade_value"": 4080000.0, ""status"": ""filled"", ""filled_quantity"": 20, ""action_reason"": ""현재 포트폴리오가 미실현 수익 상태이며 기술적 지표 (MA5 상향) 가 중기 상승 추세를 유지하고 있음. 초고수 매수세와 20 만 원 지지선 부근의 변동성 확대를 기회로 인식하여 공격적 매수를 진행.""}]}"
chunk_006_2026-04-06_2026-04-10,2026-04-10,10,A015,"[3027, 3030, 3031, 3032, 3036, 3043]",3030,삼성전자 매수 완료! 괴물 실적에 힘입어!,trade_share,unlike,"[""상위 수익자"", ""자산가"", ""커뮤니티 인플루언서""]","{""portfolio_summary"": {""state_id"": ""ps_A005_t010"", ""agent_id"": ""A005"", ""turn"": 10, ""date"": ""2026-04-10"", ""cash"": 22298000.0, ""positions"": ""[{\""stock_code\"": \""005930\"", \""quantity\"": 407, \""avg_cost\"": 200113.7241137241, \""current_price\"": 206000.0, \""unrealized_pnl\"": 2395714.2857142882, \""unrealized_pnl_rate\"": 0.029414653654292782}]"", ""total_value"": 106140000.0, ""realized_pnl"": 3744285.7142857127, ""total_return_rate"": 0.0614, ""updated_at"": ""2026-07-16 09:10:25""}, ""recent_trades"": [{""turn"": 10, ""date"": ""2026-04-10"", ""action"": ""buy"", ""stock_code"": ""005930"", ""quantity"": 107, ""executed_price"": 206000.0, ""trade_value"": 22042000.0, ""status"": ""filled"", ""filled_quantity"": 107, ""action_reason"": ""괴물 실적과 AI 밸류에이션 재평가로 내재가치 매수 논리가 확증되었으며, 현재 가격이 저평가 구간으로 판단되어 매수 기회를 활용합니다.""}, {""turn"": 9, ""date"": ""2026-04-10"", ""action"": ""buy"", ""stock_code"": ""005930"", ""quantity"": 100, ""executed_price"": 208500.0, ""trade_value"": 20850000.0, ""status"": ""filled"", ""filled_quantity"": 100, ""action_reason"": ""내재가치 저평가 구간이며, HBM 호재와 우주 반도체 기대감으로 상승 모멘텀이 강해 추가 매수 기회로 판단.""}, {""turn"": 8, ""date"": ""2026-04-09"", ""action"": ""sell"", ""stock_code"": ""005930"", ""quantity"": 50, ""executed_price"": 204000.0, ""trade_value"": 10200000.0, ""status"": ""filled"", ""filled_quantity"": 50, ""action_reason"": ""단기 생산량 감축 악재와 20 만 원 저항선 근접으로 조정 가능성 높음. 미실현 수익 확보 후 19 만 원~20 만 원 지지 구간에서 추가 매수 기회 확보를 위해 일부 매도.""}]}"
chunk_006_2026-04-06_2026-04-10,2026-04-10,10,A015,"[3027, 3030, 3031, 3032, 3036, 3043]",3031,오늘 삼성전자 추가 매수했습니다!,trade_share,like,"[""상위 수익자"", ""자산가""]","{""portfolio_summary"": {""state_id"": ""ps_A003_t010"", ""agent_id"": ""A003"", ""turn"": 10, ""date"": ""2026-04-10"", ""cash"": 3413200.0, ""positions"": ""[{\""stock_code\"": \""005930\"", \""quantity\"": 500, \""avg_cost\"": 198210.3613412229, \""current_price\"": 206000.0, \""unrealized_pnl\"": 3894819.329388556, \""unrealized_pnl_rate\"": 0.03929985600181164}]"", ""total_value"": 106413200.0, ""realized_pnl"": 2518380.6706114383, ""total_return_rate"": 0.064132, ""updated_at"": ""2026-07-16 09:10:25""}, ""recent_trades"": [{""turn"": 10, ""date"": ""2026-04-10"", ""action"": ""buy"", ""stock_code"": ""005930"", ""quantity"": 16, ""executed_price"": 206000.0, ""trade_value"": 3296000.0, ""status"": ""filled"", ""filled_quantity"": 16, ""action_reason"": ""AI 밸류에이션 재평가와 실적 호조로 내재가치 상승 여력이 크다고 판단. 수익 구간에서 원칙적으로 보유하되, 저평가 구간 진입으로 가치투자 논리에 따라 현금 여력을 활용해 포지션 확대.""}, {""turn"": 9, ""date"": ""2026-04-10"", ""action"": ""buy"", ""stock_code"": ""005930"", ""quantity"": 32, ""executed_price"": 208500.0, ""trade_value"": 6672000.0, ""status"": ""filled"", ""filled_quantity"": 32, ""action_reason"": ""현재 주가 20 만 8 천 원대는 내재가치 대비 저평가 구간이며, HBM 및 우주 반도체 호재로 중장기 성장성이 확신됨. 단기 실적 우려는 매수 기회로 판단하여 현금 여력 범위 내에서 최대한 매수.""}, {""turn"": 8, ""date"": ""2026-04-09"", ""action"": ""buy"", ""stock_code"": ""005930"", ""quantity"": 50, ""executed_price"": 204000.0, ""trade_value"": 10200000.0, ""status"": ""filled"", ""filled_quantity"": 50, ""action_reason"": ""2 분기 수주 하향 악재로 단기 조정되었으나, 20 만 원 부근에서 지지 확인 및 초고수 매수세로 내재가치 저평가 구간 진입. 가치 투자 원칙에 따라 매수.""}]}"
chunk_006_2026-04-06_2026-04-10,2026-04-10,10,A015,"[3027, 3030, 3031, 3032, 3036, 3043]",3032,삼성전자 추가 매수했습니다!,trade_share,like,"[""커뮤니티 인플루언서""]","{""portfolio_summary"": {""state_id"": ""ps_A007_t010"", ""agent_id"": ""A007"", ""turn"": 10, ""date"": ""2026-04-10"", ""cash"": 71746600.0, ""positions"": ""[{\""stock_code\"": \""005930\"", \""quantity\"": 150, \""avg_cost\"": 203936.36363636365, \""current_price\"": 206000.0, \""unrealized_pnl\"": 309545.45454545296, \""unrealized_pnl_rate\"": 0.01011902108500864}]"", ""total_value"": 102646600.0, ""realized_pnl"": 2337054.545454545, ""total_return_rate"": 0.026466, ""updated_at"": ""2026-07-16 09:10:25""}, ""recent_trades"": [{""turn"": 10, ""date"": ""2026-04-10"", ""action"": ""buy"", ""stock_code"": ""005930"", ""quantity"": 100, ""executed_price"": 206000.0, ""trade_value"": 20600000.0, ""status"": ""filled"", ""filled_quantity"": 100, ""action_reason"": ""밸류에이션 기준 전환 (PBR → PER/SOTP) 으로 저평가 구간 진입 확인. AI 구조적 성장 반영 시 내재가치 상향. 현금 비중이 높아 (약 90%) 추가 매수를 통해 중기 상승 모멘텀에 참여.""}, {""turn"": 9, ""date"": ""2026-04-10"", ""action"": ""sell"", ""stock_code"": ""005930"", ""quantity"": 20, ""executed_price"": 208500.0, ""trade_value"": 4170000.0, ""status"": ""filled"", ""filled_quantity"": 20, ""action_reason"": ""단기 급등 (2.2%) 및 거시경제 지표 (GDP 하향, 금리) 부진으로 인한 변동성 우려가 존재하며, 가치투자 관점에서 현재 수익 구간 (4.3%) 에서 일부 수익 실현 매도를 결정합니다.""}, {""turn"": 8, ""date"": ""2026-04-09"", ""action"": ""sell"", ""stock_code"": ""005930"", ""quantity"": 20, ""executed_price"": 204000.0, ""trade_value"": 4080000.0, ""status"": ""filled"", ""filled_quantity"": 20, ""action_reason"": ""현재 주가 (20 만 4 천 원) 가 내재가치 대비 적정~약간 고평가 구간이며, 2 분기 출하량 하향설로 단기 불확실성이 존재합니다. 가치 투자 관점에서 18 만 원대 매수 기회를 노리기 위해 일부 수익 실현을 통해 단일 종목 집중 리스크를 관리합니다.""}]}"
chunk_006_2026-04-06_2026-04-10,2026-04-10,10,A015,"[3027, 3030, 3031, 3032, 3036, 3043]",3036,삼성전자 추가 매수했습니다!,trade_share,like,"[""상위 수익자"", ""자산가""]","{""portfolio_summary"": {""state_id"": ""ps_A011_t010"", ""agent_id"": ""A011"", ""turn"": 10, ""date"": ""2026-04-10"", ""cash"": 2074200.0, ""positions"": ""[{\""stock_code\"": \""005930\"", \""quantity\"": 505, \""avg_cost\"": 199268.03703852167, \""current_price\"": 206000.0, \""unrealized_pnl\"": 3399641.295546558, \""unrealized_pnl_rate\"": 0.03378345599990498}]"", ""total_value"": 106104200.0, ""realized_pnl"": 2704558.704453439, ""total_return_rate"": 0.061042, ""updated_at"": ""2026-07-16 09:10:25""}, ""recent_trades"": [{""turn"": 10, ""date"": ""2026-04-10"", ""action"": ""buy"", ""stock_code"": ""005930"", ""quantity"": 10, ""executed_price"": 206000.0, ""trade_value"": 2060000.0, ""status"": ""filled"", ""filled_quantity"": 10, ""action_reason"": ""실적 호조 (영업이익 57 조원) 와 AI 밸류에이션 재평가 (PBR->PER) 로 저평가 구간 유지, 단기 조정 시 매수 기회로 판단.""}, {""turn"": 9, ""date"": ""2026-04-10"", ""action"": ""buy"", ""stock_code"": ""005930"", ""quantity"": 18, ""executed_price"": 208500.0, ""trade_value"": 3753000.0, ""status"": ""filled"", ""filled_quantity"": 18, ""action_reason"": ""HBM 및 우주 반도체 호재로 성장성이 입증된 저평가 구간으로 판단되며, 현금 비중이 낮아 고위험 선호 성향에 따라 매수 한도 내에서 추가 매수합니다.""}, {""turn"": 8, ""date"": ""2026-04-09"", ""action"": ""buy"", ""stock_code"": ""005930"", ""quantity"": 37, ""executed_price"": 204000.0, ""trade_value"": 7548000.0, ""status"": ""filled"", ""filled_quantity"": 37, ""action_reason"": ""204,000 원은 내재가치 대비 저평가 구간이며, 초고수 매수세와 반도체 사이클 회복 기대감이 단기 악재 (생산량 하향) 를 상쇄할 것으로 판단. 현금 비중이 낮으나 고위험 고수익 선호 성향에 따라 저가 매수 기회 활용.""}]}"
chunk_006_2026-04-06_2026-04-10,2026-04-10,10,A015,"[3027, 3030, 3031, 3032, 3036, 3043]",3043,삼성전자 매수 완료!,trade_share,like,"[""상위 수익자"", ""자산가""]","{""portfolio_summary"": {""state_id"": ""ps_A010_t010"", ""agent_id"": ""A010"", ""turn"": 10, ""date"": ""2026-04-10"", ""cash"": 20161100.0, ""positions"": ""[{\""stock_code\"": \""005930\"", \""quantity\"": 419, \""avg_cost\"": 198876.09599825894, \""current_price\"": 206000.0, \""unrealized_pnl\"": 2984915.7767295036, \""unrealized_pnl_rate\"": 0.035820815799820535}]"", ""total_value"": 106475100.0, ""realized_pnl"": 3490184.223270501, ""total_return_rate"": 0.064751, ""updated_at"": ""2026-07-16 09:10:25""}, ""recent_trades"": [{""turn"": 10, ""date"": ""2026-04-10"", ""action"": ""buy"", ""stock_code"": ""005930"", ""quantity"": 80, ""executed_price"": 206000.0, ""trade_value"": 16480000.0, ""status"": ""filled"", ""filled_quantity"": 80, ""action_reason"": ""실적 호조와 밸류에이션 기준 전환 (PBR→PER) 으로 내재가치 상승이 확신되며, 현재 주가는 저평가 구간입니다. 상승 추세가 유지되고 있어 수익 실현 상태인 포트폴리오에서 성장성 포착을 위해 제한적으로 매수합니다.""}, {""turn"": 9, ""date"": ""2026-04-10"", ""action"": ""buy"", ""stock_code"": ""005930"", ""quantity"": 100, ""executed_price"": 208500.0, ""trade_value"": 20850000.0, ""status"": ""filled"", ""filled_quantity"": 100, ""action_reason"": ""내재가치 대비 저평가 구간 (Dim 2) 이며 HBM 및 AI 수요 성장성 (Dim 5) 이 확인되어 장기 가치 투자 관점에서 매수 기회로 판단함. 현금 비중이 높아 추가 매수 여력이 충분함.""}, {""turn"": 8, ""date"": ""2026-04-09"", ""action"": ""sell"", ""stock_code"": ""005930"", ""quantity"": 50, ""executed_price"": 204000.0, ""trade_value"": 10200000.0, ""status"": ""filled"", ""filled_quantity"": 50, ""action_reason"": ""실적 하향설로 인한 단기 조정 리스크와 현재가 (20 만 4 천 원) 의 밸류에이션 부담을 고려하여 수익 실현 매도를 진행합니다. belief 에서 제시한 20 만 원대 지지선 또는 MA20 부근에서 매수 기회를 기다리기 위해 현금 비중을 유지합니다.""}]}"
chunk_006_2026-04-06_2026-04-10,2026-04-10,10,A017,"[3027, 3030, 3031, 3034, 3043]",3027,[매수] 삼성전자 8주 추가 매수했습니다!,trade_share,unlike,"[""커뮤니티 인플루언서""]","{""portfolio_summary"": {""state_id"": ""ps_A008_t010"", ""agent_id"": ""A008"", ""turn"": 10, ""date"": ""2026-04-10"", ""cash"": 1844200.0, ""positions"": ""[{\""stock_code\"": \""005930\"", \""quantity\"": 505, \""avg_cost\"": 198761.76836288278, \""current_price\"": 206000.0, \""unrealized_pnl\"": 3655306.9767441964, \""unrealized_pnl_rate\"": 0.036416619235859565}]"", ""total_value"": 105874200.0, ""realized_pnl"": 2218893.0232558153, ""total_return_rate"": 0.058742, ""updated_at"": ""2026-07-16 09:10:25""}, ""recent_trades"": [{""turn"": 10, ""date"": ""2026-04-10"", ""action"": ""buy"", ""stock_code"": ""005930"", ""quantity"": 8, ""executed_price"": 206000.0, ""trade_value"": 1648000.0, ""status"": ""filled"", ""filled_quantity"": 8, ""action_reason"": ""강력한 호재 (AI 밸류에이션, 실적) 와 상승 추세 (MA 정렬) 를 바탕으로 고위험 고수익 성향을 반영해 매수합니다. 최근 매수 단가 대비 소폭 하락한 공시가를 기회로 봅니다.""}, {""turn"": 9, ""date"": ""2026-04-10"", ""action"": ""buy"", ""stock_code"": ""005930"", ""quantity"": 16, ""executed_price"": 208500.0, ""trade_value"": 3336000.0, ""status"": ""filled"", ""filled_quantity"": 16, ""action_reason"": ""기술적 돌파 신호 (MA5>MA20, 거래량 증가) 와 HBM/우주 반도체 호재로 상승 모멘텀이 확인됨. 현재 수익 구간이므로 고위험 고수익 성향에 따라 추격 매수.""}, {""turn"": 8, ""date"": ""2026-04-09"", ""action"": ""buy"", ""stock_code"": ""005930"", ""quantity"": 20, ""executed_price"": 204000.0, ""trade_value"": 4080000.0, ""status"": ""filled"", ""filled_quantity"": 20, ""action_reason"": ""현재 포트폴리오가 미실현 수익 상태이며 기술적 지표 (MA5 상향) 가 중기 상승 추세를 유지하고 있음. 초고수 매수세와 20 만 원 지지선 부근의 변동성 확대를 기회로 인식하여 공격적 매수를 진행.""}]}"
chunk_006_2026-04-06_2026-04-10,2026-04-10,10,A017,"[3027, 3030, 3031, 3034, 3043]",3030,삼성전자 매수 완료! 괴물 실적에 힘입어!,trade_share,unlike,"[""상위 수익자"", ""자산가"", ""커뮤니티 인플루언서""]","{""portfolio_summary"": {""state_id"": ""ps_A005_t010"", ""agent_id"": ""A005"", ""turn"": 10, ""date"": ""2026-04-10"", ""cash"": 22298000.0, ""positions"": ""[{\""stock_code\"": \""005930\"", \""quantity\"": 407, \""avg_cost\"": 200113.7241137241, \""current_price\"": 206000.0, \""unrealized_pnl\"": 2395714.2857142882, \""unrealized_pnl_rate\"": 0.029414653654292782}]"", ""total_value"": 106140000.0, ""realized_pnl"": 3744285.7142857127, ""total_return_rate"": 0.0614, ""updated_at"": ""2026-07-16 09:10:25""}, ""recent_trades"": [{""turn"": 10, ""date"": ""2026-04-10"", ""action"": ""buy"", ""stock_code"": ""005930"", ""quantity"": 107, ""executed_price"": 206000.0, ""trade_value"": 22042000.0, ""status"": ""filled"", ""filled_quantity"": 107, ""action_reason"": ""괴물 실적과 AI 밸류에이션 재평가로 내재가치 매수 논리가 확증되었으며, 현재 가격이 저평가 구간으로 판단되어 매수 기회를 활용합니다.""}, {""turn"": 9, ""date"": ""2026-04-10"", ""action"": ""buy"", ""stock_code"": ""005930"", ""quantity"": 100, ""executed_price"": 208500.0, ""trade_value"": 20850000.0, ""status"": ""filled"", ""filled_quantity"": 100, ""action_reason"": ""내재가치 저평가 구간이며, HBM 호재와 우주 반도체 기대감으로 상승 모멘텀이 강해 추가 매수 기회로 판단.""}, {""turn"": 8, ""date"": ""2026-04-09"", ""action"": ""sell"", ""stock_code"": ""005930"", ""quantity"": 50, ""executed_price"": 204000.0, ""trade_value"": 10200000.0, ""status"": ""filled"", ""filled_quantity"": 50, ""action_reason"": ""단기 생산량 감축 악재와 20 만 원 저항선 근접으로 조정 가능성 높음. 미실현 수익 확보 후 19 만 원~20 만 원 지지 구간에서 추가 매수 기회 확보를 위해 일부 매도.""}]}"
chunk_006_2026-04-06_2026-04-10,2026-04-10,10,A017,"[3027, 3030, 3031, 3034, 3043]",3031,오늘 삼성전자 추가 매수했습니다!,trade_share,like,"[""상위 수익자"", ""자산가""]","{""portfolio_summary"": {""state_id"": ""ps_A003_t010"", ""agent_id"": ""A003"", ""turn"": 10, ""date"": ""2026-04-10"", ""cash"": 3413200.0, ""positions"": ""[{\""stock_code\"": \""005930\"", \""quantity\"": 500, \""avg_cost\"": 198210.3613412229, \""current_price\"": 206000.0, \""unrealized_pnl\"": 3894819.329388556, \""unrealized_pnl_rate\"": 0.03929985600181164}]"", ""total_value"": 106413200.0, ""realized_pnl"": 2518380.6706114383, ""total_return_rate"": 0.064132, ""updated_at"": ""2026-07-16 09:10:25""}, ""recent_trades"": [{""turn"": 10, ""date"": ""2026-04-10"", ""action"": ""buy"", ""stock_code"": ""005930"", ""quantity"": 16, ""executed_price"": 206000.0, ""trade_value"": 3296000.0, ""status"": ""filled"", ""filled_quantity"": 16, ""action_reason"": ""AI 밸류에이션 재평가와 실적 호조로 내재가치 상승 여력이 크다고 판단. 수익 구간에서 원칙적으로 보유하되, 저평가 구간 진입으로 가치투자 논리에 따라 현금 여력을 활용해 포지션 확대.""}, {""turn"": 9, ""date"": ""2026-04-10"", ""action"": ""buy"", ""stock_code"": ""005930"", ""quantity"": 32, ""executed_price"": 208500.0, ""trade_value"": 6672000.0, ""status"": ""filled"", ""filled_quantity"": 32, ""action_reason"": ""현재 주가 20 만 8 천 원대는 내재가치 대비 저평가 구간이며, HBM 및 우주 반도체 호재로 중장기 성장성이 확신됨. 단기 실적 우려는 매수 기회로 판단하여 현금 여력 범위 내에서 최대한 매수.""}, {""turn"": 8, ""date"": ""2026-04-09"", ""action"": ""buy"", ""stock_code"": ""005930"", ""quantity"": 50, ""executed_price"": 204000.0, ""trade_value"": 10200000.0, ""status"": ""filled"", ""filled_quantity"": 50, ""action_reason"": ""2 분기 수주 하향 악재로 단기 조정되었으나, 20 만 원 부근에서 지지 확인 및 초고수 매수세로 내재가치 저평가 구간 진입. 가치 투자 원칙에 따라 매수.""}]}"
chunk_006_2026-04-06_2026-04-10,2026-04-10,10,A017,"[3027, 3030, 3031, 3034, 3043]",3034,오늘 삼성전자 추가 매수했습니다!,trade_share,read,[],"{""portfolio_summary"": {""state_id"": ""ps_A012_t010"", ""agent_id"": ""A012"", ""turn"": 10, ""date"": ""2026-04-10"", ""cash"": 52396100.0, ""positions"": ""[{\""stock_code\"": \""005930\"", \""quantity\"": 250, \""avg_cost\"": 205189.5994132921, \""current_price\"": 206000.0, \""unrealized_pnl\"": 202600.14667697396, \""unrealized_pnl_rate\"": 0.003949520779927983}]"", ""total_value"": 103896100.0, ""realized_pnl"": 3693499.8533230266, ""total_return_rate"": 0.038961, ""updated_at"": ""2026-07-16 09:10:25""}, ""recent_trades"": [{""turn"": 10, ""date"": ""2026-04-10"", ""action"": ""buy"", ""stock_code"": ""005930"", ""quantity"": 50, ""executed_price"": 206000.0, ""trade_value"": 10300000.0, ""status"": ""filled"", ""filled_quantity"": 50, ""action_reason"": ""실적 호재와 AI 밸류에이션 재평가로 상승 추세가 확고하며, 단기 조정 (208,500 원→206,000 원) 을 매수 기회로 간주함. 현금 비중이 높아 추가 매수 여력이 충분하나, 거래량 감소 (-56.89%) 로 인해 신중하게 수량을 제한함.""}, {""turn"": 9, ""date"": ""2026-04-10"", ""action"": ""buy"", ""stock_code"": ""005930"", ""quantity"": 150, ""executed_price"": 208500.0, ""trade_value"": 31275000.0, ""status"": ""filled"", ""filled_quantity"": 150, ""action_reason"": ""HBM 및 우주 반도체 호재와 기술적 돌파 신호로 상승 모멘텀이 강화되었다고 판단하여, 높은 현금 비중을 활용하여 추가 매수합니다.""}, {""turn"": 8, ""date"": ""2026-04-09"", ""action"": ""sell"", ""stock_code"": ""005930"", ""quantity"": 50, ""executed_price"": 204000.0, ""trade_value"": 10200000.0, ""status"": ""filled"", ""filled_quantity"": 50, ""action_reason"": ""수익 구간 진입으로 처분효과에 따른 수익 실현 매도, 실적 하향 발표로 인한 단기 리스크 회피.""}]}"
chunk_006_2026-04-06_2026-04-10,2026-04-10,10,A017,"[3027, 3030, 3031, 3034, 3043]",3043,삼성전자 매수 완료!,trade_share,like,"[""상위 수익자"", ""자산가""]","{""portfolio_summary"": {""state_id"": ""ps_A010_t010"", ""agent_id"": ""A010"", ""turn"": 10, ""date"": ""2026-04-10"", ""cash"": 20161100.0, ""positions"": ""[{\""stock_code\"": \""005930\"", \""quantity\"": 419, \""avg_cost\"": 198876.09599825894, \""current_price\"": 206000.0, \""unrealized_pnl\"": 2984915.7767295036, \""unrealized_pnl_rate\"": 0.035820815799820535}]"", ""total_value"": 106475100.0, ""realized_pnl"": 3490184.223270501, ""total_return_rate"": 0.064751, ""updated_at"": ""2026-07-16 09:10:25""}, ""recent_trades"": [{""turn"": 10, ""date"": ""2026-04-10"", ""action"": ""buy"", ""stock_code"": ""005930"", ""quantity"": 80, ""executed_price"": 206000.0, ""trade_value"": 16480000.0, ""status"": ""filled"", ""filled_quantity"": 80, ""action_reason"": ""실적 호조와 밸류에이션 기준 전환 (PBR→PER) 으로 내재가치 상승이 확신되며, 현재 주가는 저평가 구간입니다. 상승 추세가 유지되고 있어 수익 실현 상태인 포트폴리오에서 성장성 포착을 위해 제한적으로 매수합니다.""}, {""turn"": 9, ""date"": ""2026-04-10"", ""action"": ""buy"", ""stock_code"": ""005930"", ""quantity"": 100, ""executed_price"": 208500.0, ""trade_value"": 20850000.0, ""status"": ""filled"", ""filled_quantity"": 100, ""action_reason"": ""내재가치 대비 저평가 구간 (Dim 2) 이며 HBM 및 AI 수요 성장성 (Dim 5) 이 확인되어 장기 가치 투자 관점에서 매수 기회로 판단함. 현금 비중이 높아 추가 매수 여력이 충분함.""}, {""turn"": 8, ""date"": ""2026-04-09"", ""action"": ""sell"", ""stock_code"": ""005930"", ""quantity"": 50, ""executed_price"": 204000.0, ""trade_value"": 10200000.0, ""status"": ""filled"", ""filled_quantity"": 50, ""action_reason"": ""실적 하향설로 인한 단기 조정 리스크와 현재가 (20 만 4 천 원) 의 밸류에이션 부담을 고려하여 수익 실현 매도를 진행합니다. belief 에서 제시한 20 만 원대 지지선 또는 MA20 부근에서 매수 기회를 기다리기 위해 현금 비중을 유지합니다.""}]}"
