run_id,date,turn,agent_id,selected_post_ids,post_id,title,post_type,reaction,author_badges,author_profile
chunk_001_2026-02-27_2026-03-06,2026-02-27,2,A004,"[2450, 2451, 2454, 2464, 2465]",2450,반도체 업황과 단기 리스크: 삼성전자 투자 관점,analysis,like,"[""상위 수익자"", ""자산가"", ""커뮤니티 인플루언서""]",null
chunk_001_2026-02-27_2026-03-06,2026-02-27,2,A004,"[2450, 2451, 2454, 2464, 2465]",2451,[매도 후기] 삼성전자 238주 매도했습니다.,trade_share,like,"[""상위 수익자"", ""자산가""]",null
chunk_001_2026-02-27_2026-03-06,2026-02-27,2,A004,"[2450, 2451, 2454, 2464, 2465]",2454,삼성전자 추가 매수했습니다!,trade_share,unlike,[],null
chunk_001_2026-02-27_2026-03-06,2026-02-27,2,A004,"[2450, 2451, 2454, 2464, 2465]",2464,오늘 삼성전자 일부 매도했습니다!,trade_share,like,[],null
chunk_001_2026-02-27_2026-03-06,2026-02-27,2,A004,"[2450, 2451, 2454, 2464, 2465]",2465,추가 매수 했습니다!,trade_share,read,[],null
chunk_001_2026-02-27_2026-03-06,2026-02-27,2,A003,"[2450, 2451, 2455, 2461, 2464]",2450,반도체 업황과 단기 리스크: 삼성전자 투자 관점,analysis,like,"[""상위 수익자"", ""자산가"", ""커뮤니티 인플루언서""]",null
chunk_001_2026-02-27_2026-03-06,2026-02-27,2,A003,"[2450, 2451, 2455, 2461, 2464]",2451,[매도 후기] 삼성전자 238주 매도했습니다.,trade_share,like,"[""상위 수익자"", ""자산가""]",null
chunk_001_2026-02-27_2026-03-06,2026-02-27,2,A003,"[2450, 2451, 2455, 2461, 2464]",2455,오늘 삼성전자 매도 거래 공유합니다!,trade_share,read,[],null
chunk_001_2026-02-27_2026-03-06,2026-02-27,2,A003,"[2450, 2451, 2455, 2461, 2464]",2461,오늘 삼성전자 추가 매수했습니다!,trade_share,unlike,[],null
chunk_001_2026-02-27_2026-03-06,2026-02-27,2,A003,"[2450, 2451, 2455, 2461, 2464]",2464,오늘 삼성전자 일부 매도했습니다!,trade_share,read,[],null
chunk_001_2026-02-27_2026-03-06,2026-02-27,2,A001,"[2450, 2451, 2454, 2462, 2464]",2450,반도체 업황과 단기 리스크: 삼성전자 투자 관점,analysis,like,"[""상위 수익자"", ""자산가"", ""커뮤니티 인플루언서""]",null
chunk_001_2026-02-27_2026-03-06,2026-02-27,2,A001,"[2450, 2451, 2454, 2462, 2464]",2451,[매도 후기] 삼성전자 238주 매도했습니다.,trade_share,like,"[""상위 수익자"", ""자산가""]",null
chunk_001_2026-02-27_2026-03-06,2026-02-27,2,A001,"[2450, 2451, 2454, 2462, 2464]",2454,삼성전자 추가 매수했습니다!,trade_share,unlike,[],null
chunk_001_2026-02-27_2026-03-06,2026-02-27,2,A001,"[2450, 2451, 2454, 2462, 2464]",2462,부분 매도 완료했습니다!,trade_share,like,[],null
chunk_001_2026-02-27_2026-03-06,2026-02-27,2,A001,"[2450, 2451, 2454, 2462, 2464]",2464,오늘 삼성전자 일부 매도했습니다!,trade_share,read,[],null
chunk_001_2026-02-27_2026-03-06,2026-02-27,2,A005,"[2451, 2455, 2464, 2448, 2463]",2451,[매도 후기] 삼성전자 238주 매도했습니다.,trade_share,like,"[""상위 수익자"", ""자산가""]",null
chunk_001_2026-02-27_2026-03-06,2026-02-27,2,A005,"[2451, 2455, 2464, 2448, 2463]",2455,오늘 삼성전자 매도 거래 공유합니다!,trade_share,read,[],null
chunk_001_2026-02-27_2026-03-06,2026-02-27,2,A005,"[2451, 2455, 2464, 2448, 2463]",2464,오늘 삼성전자 일부 매도했습니다!,trade_share,unlike,[],null
chunk_001_2026-02-27_2026-03-06,2026-02-27,2,A005,"[2451, 2455, 2464, 2448, 2463]",2448,오늘 삼성전자 추가 매수했습니다!,trade_share,unlike,"[""상위 수익자"", ""자산가"", ""커뮤니티 인플루언서""]",null
chunk_001_2026-02-27_2026-03-06,2026-02-27,2,A005,"[2451, 2455, 2464, 2448, 2463]",2463,오늘 삼성전자 추가 매수했습니다!,trade_share,like,[],null
chunk_001_2026-02-27_2026-03-06,2026-02-27,2,A006,"[2450, 2447, 2454, 2464, 2455]",2450,반도체 업황과 단기 리스크: 삼성전자 투자 관점,analysis,like,"[""상위 수익자"", ""자산가"", ""커뮤니티 인플루언서""]",null
chunk_001_2026-02-27_2026-03-06,2026-02-27,2,A006,"[2450, 2447, 2454, 2464, 2455]",2447,오늘 삼성전자 추가 매수했습니다!,trade_share,unlike,"[""커뮤니티 인플루언서""]",null
chunk_001_2026-02-27_2026-03-06,2026-02-27,2,A006,"[2450, 2447, 2454, 2464, 2455]",2454,삼성전자 추가 매수했습니다!,trade_share,like,[],null
chunk_001_2026-02-27_2026-03-06,2026-02-27,2,A006,"[2450, 2447, 2454, 2464, 2455]",2464,오늘 삼성전자 일부 매도했습니다!,trade_share,like,[],null
chunk_001_2026-02-27_2026-03-06,2026-02-27,2,A006,"[2450, 2447, 2454, 2464, 2455]",2455,오늘 삼성전자 매도 거래 공유합니다!,trade_share,unlike,[],null
chunk_001_2026-02-27_2026-03-06,2026-02-27,2,A007,"[2450, 2451, 2464, 2447, 2454]",2450,반도체 업황과 단기 리스크: 삼성전자 투자 관점,analysis,like,"[""상위 수익자"", ""자산가"", ""커뮤니티 인플루언서""]","{""portfolio_summary"": {""state_id"": ""ps_A005_t002"", ""agent_id"": ""A005"", ""turn"": 2, ""date"": ""2026-02-27"", ""cash"": 28370000.0, ""positions"": ""[{\""stock_code\"": \""005930\"", \""quantity\"": 338, \""avg_cost\"": 211923.07692307694, \""current_price\"": 216500.0, \""unrealized_pnl\"": 1546999.9999999953, \""unrealized_pnl_rate\"": 0.021597096188747666}]"", ""total_value"": 101547000.0, ""realized_pnl"": 0.0, ""total_return_rate"": 0.01547, ""updated_at"": ""2026-07-14 15:43:28""}, ""recent_trades"": [{""turn"": 2, ""date"": ""2026-02-27"", ""action"": ""buy"", ""stock_code"": ""005930"", ""quantity"": 100, ""executed_price"": 216500.0, ""trade_value"": 21650000.0, ""status"": ""filled"", ""filled_quantity"": 100, ""action_reason"": ""내재가치 대비 저평가 구간이며, 반도체 업황 호조로 장기 우상향 전망이 확실합니다. 현금 비중 50% 로 변동성 대비 여력이 충분하여 추가 매수 여력이 있습니다.""}, {""turn"": 1, ""date"": ""2026-02-27"", ""action"": ""buy"", ""stock_code"": ""005930"", ""quantity"": 238, ""executed_price"": 210000.0, ""trade_value"": 49980000.0, ""status"": ""filled"", ""filled_quantity"": 238, ""action_reason"": ""국민연금 매도 중단과 AI 수요 지속으로 내재가치 대비 매력적이며, 초기 진입 단계이므로 포트폴리오 핵심 자산으로 최대 허용 범위 내에서 매수합니다.""}]}"
chunk_001_2026-02-27_2026-03-06,2026-02-27,2,A007,"[2450, 2451, 2464, 2447, 2454]",2451,[매도 후기] 삼성전자 238주 매도했습니다.,trade_share,like,"[""상위 수익자"", ""자산가""]","{""portfolio_summary"": {""state_id"": ""ps_A006_t002"", ""agent_id"": ""A006"", ""turn"": 2, ""date"": ""2026-02-27"", ""cash"": 101547000.0, ""positions"": ""[]"", ""total_value"": 101547000.0, ""realized_pnl"": 1547000.0, ""total_return_rate"": 0.01547, ""updated_at"": ""2026-07-14 15:43:28""}, ""recent_trades"": [{""turn"": 2, ""date"": ""2026-02-27"", ""action"": ""sell"", ""stock_code"": ""005930"", ""quantity"": 238, ""executed_price"": 216500.0, ""trade_value"": 51527000.0, ""status"": ""filled"", ""filled_quantity"": 238, ""action_reason"": ""수익 발생 시 빠르게 매도하려는 처분 효과와 단기 조정 신호에 따라 전량 매도합니다. 기술적 지지선 이탈 우려와 단일 종목 집중 리스크를 줄이기 위함입니다.""}, {""turn"": 1, ""date"": ""2026-02-27"", ""action"": ""buy"", ""stock_code"": ""005930"", ""quantity"": 238, ""executed_price"": 210000.0, ""trade_value"": 49980000.0, ""status"": ""filled"", ""filled_quantity"": 238, ""action_reason"": ""전일 하락을 저가 매수 기회로 판단하고, 정부 지원 및 AI 수요 호재를 반영하여 매수합니다. 과거 성과 부진으로 신중하게 접근하되, 집중 투자 성향에 따라 제한된 범위 내에서 진입합니다.""}]}"
chunk_001_2026-02-27_2026-03-06,2026-02-27,2,A007,"[2450, 2451, 2464, 2447, 2454]",2464,오늘 삼성전자 일부 매도했습니다!,trade_share,read,[],"{""portfolio_summary"": {""state_id"": ""ps_A025_t002"", ""agent_id"": ""A025"", ""turn"": 2, ""date"": ""2026-02-27"", ""cash"": 60845000.0, ""positions"": ""[{\""stock_code\"": \""005930\"", \""quantity\"": 188, \""avg_cost\"": 210000.0, \""current_price\"": 216500.0, \""unrealized_pnl\"": 1222000.0, \""unrealized_pnl_rate\"": 0.030952380952380953}]"", ""total_value"": 101547000.0, ""realized_pnl"": 325000.0, ""total_return_rate"": 0.01547, ""updated_at"": ""2026-07-14 15:43:28""}, ""recent_trades"": [{""turn"": 2, ""date"": ""2026-02-27"", ""action"": ""sell"", ""stock_code"": ""005930"", ""quantity"": 50, ""executed_price"": 216500.0, ""trade_value"": 10825000.0, ""status"": ""filled"", ""filled_quantity"": 50, ""action_reason"": ""매수 단가 대비 3% 상승하여 단기 과매수 구간 진입 및 수익 실현 욕구 (처분효과) 가 강함. 기술적 지표는 상승 추세 유지 중이나, 심리적 부담 해소를 위해 보유 주식의 일부 (약 20%) 를 매도합니다.""}, {""turn"": 1, ""date"": ""2026-02-27"", ""action"": ""buy"", ""stock_code"": ""005930"", ""quantity"": 238, ""executed_price"": 210000.0, ""trade_value"": 49980000.0, ""status"": ""filled"", ""filled_quantity"": 238, ""action_reason"": ""정부 지원과 AI 수요 호재로 중장기 상승 추세 유지. 단기 조정 시 매수 기회로 판단하여 현금의 50% 한도 내에서 진입합니다.""}]}"
chunk_001_2026-02-27_2026-03-06,2026-02-27,2,A007,"[2450, 2451, 2464, 2447, 2454]",2447,오늘 삼성전자 추가 매수했습니다!,trade_share,unlike,"[""커뮤니티 인플루언서""]","{""portfolio_summary"": {""state_id"": ""ps_A001_t002"", ""agent_id"": ""A001"", ""turn"": 2, ""date"": ""2026-02-27"", ""cash"": 55835000.0, ""positions"": ""[{\""stock_code\"": \""005930\"", \""quantity\"": 210, \""avg_cost\"": 210309.52380952382, \""current_price\"": 216500.0, \""unrealized_pnl\"": 1299999.9999999986, \""unrealized_pnl_rate\"": 0.029435073021623424}]"", ""total_value"": 101300000.0, ""realized_pnl"": 0.0, ""total_return_rate"": 0.013, ""updated_at"": ""2026-07-14 15:43:28""}, ""recent_trades"": [{""turn"": 2, ""date"": ""2026-02-27"", ""action"": ""buy"", ""stock_code"": ""005930"", ""quantity"": 10, ""executed_price"": 216500.0, ""trade_value"": 2165000.0, ""status"": ""filled"", ""filled_quantity"": 10, ""action_reason"": ""반도체 수출 호조와 기관 매수 세력 확인으로 단기 하방 경직성이 유지되므로, 수익 보유 성향에 따라 소량 추가 매수합니다.""}, {""turn"": 1, ""date"": ""2026-02-27"", ""action"": ""buy"", ""stock_code"": ""005930"", ""quantity"": 200, ""executed_price"": 210000.0, ""trade_value"": 42000000.0, ""status"": ""filled"", ""filled_quantity"": 200, ""action_reason"": ""정부 지원과 기관 매수 유예로 하방 경직성이 확보되어 진입 시점으로 판단되며, 21 만 원 수준은 5 일 이동평균선 근처에서 지지받는 조정 가격입니다.""}]}"
chunk_001_2026-02-27_2026-03-06,2026-02-27,2,A007,"[2450, 2451, 2464, 2447, 2454]",2454,삼성전자 추가 매수했습니다!,trade_share,unlike,[],"{""portfolio_summary"": {""state_id"": ""ps_A010_t002"", ""agent_id"": ""A010"", ""turn"": 2, ""date"": ""2026-02-27"", ""cash"": 37562000.0, ""positions"": ""[{\""stock_code\"": \""005930\"", \""quantity\"": 292, \""avg_cost\"": 213828.76712328766, \""current_price\"": 216500.0, \""unrealized_pnl\"": 780000.0000000033, \""unrealized_pnl_rate\"": 0.012492392453313739}]"", ""total_value"": 100780000.0, ""realized_pnl"": 0.0, ""total_return_rate"": 0.0078, ""updated_at"": ""2026-07-14 15:43:28""}, ""recent_trades"": [{""turn"": 2, ""date"": ""2026-02-27"", ""action"": ""buy"", ""stock_code"": ""005930"", ""quantity"": 172, ""executed_price"": 216500.0, ""trade_value"": 37238000.0, ""status"": ""filled"", ""filled_quantity"": 172, ""action_reason"": ""내재가치 대비 저평가 구간이며, 기관 자금 유입과 수출 호조로 펀더멘털이 견고함. 고현금 비중으로 추가 매수 여력이 충분하고, 집중 투자 성향에 따라 우상향 기대감을 반영하여 매수.""}, {""turn"": 1, ""date"": ""2026-02-27"", ""action"": ""buy"", ""stock_code"": ""005930"", ""quantity"": 120, ""executed_price"": 210000.0, ""trade_value"": 25200000.0, ""status"": ""filled"", ""filled_quantity"": 120, ""action_reason"": ""국민연금 매수세와 AI 수요 확대로 펀더멘털이 개선되었고, 현재 주가는 내재가치 대비 저평가 구간 (갭다운) 입니다. 첫 거래이므로 분할 매수를 통해 진입 리스크를 관리합니다.""}]}"
chunk_001_2026-02-27_2026-03-06,2026-02-27,2,A008,"[2450, 2451, 2447, 2454, 2464]",2450,반도체 업황과 단기 리스크: 삼성전자 투자 관점,analysis,like,"[""상위 수익자"", ""자산가"", ""커뮤니티 인플루언서""]",null
chunk_001_2026-02-27_2026-03-06,2026-02-27,2,A008,"[2450, 2451, 2447, 2454, 2464]",2451,[매도 후기] 삼성전자 238주 매도했습니다.,trade_share,like,"[""상위 수익자"", ""자산가""]",null
chunk_001_2026-02-27_2026-03-06,2026-02-27,2,A008,"[2450, 2451, 2447, 2454, 2464]",2447,오늘 삼성전자 추가 매수했습니다!,trade_share,read,"[""커뮤니티 인플루언서""]",null
chunk_001_2026-02-27_2026-03-06,2026-02-27,2,A008,"[2450, 2451, 2447, 2454, 2464]",2454,삼성전자 추가 매수했습니다!,trade_share,unlike,[],null
chunk_001_2026-02-27_2026-03-06,2026-02-27,2,A008,"[2450, 2451, 2447, 2454, 2464]",2464,오늘 삼성전자 일부 매도했습니다!,trade_share,read,[],null
chunk_001_2026-02-27_2026-03-06,2026-02-27,2,A010,"[2450, 2451, 2448, 2455, 2464]",2450,반도체 업황과 단기 리스크: 삼성전자 투자 관점,analysis,like,"[""상위 수익자"", ""자산가"", ""커뮤니티 인플루언서""]",null
chunk_001_2026-02-27_2026-03-06,2026-02-27,2,A010,"[2450, 2451, 2448, 2455, 2464]",2451,[매도 후기] 삼성전자 238주 매도했습니다.,trade_share,like,"[""상위 수익자"", ""자산가""]",null
chunk_001_2026-02-27_2026-03-06,2026-02-27,2,A010,"[2450, 2451, 2448, 2455, 2464]",2448,오늘 삼성전자 추가 매수했습니다!,trade_share,unlike,"[""상위 수익자"", ""자산가"", ""커뮤니티 인플루언서""]",null
chunk_001_2026-02-27_2026-03-06,2026-02-27,2,A010,"[2450, 2451, 2448, 2455, 2464]",2455,오늘 삼성전자 매도 거래 공유합니다!,trade_share,like,[],null
chunk_001_2026-02-27_2026-03-06,2026-02-27,2,A010,"[2450, 2451, 2448, 2455, 2464]",2464,오늘 삼성전자 일부 매도했습니다!,trade_share,read,[],null
chunk_001_2026-02-27_2026-03-06,2026-02-27,2,A011,"[2450, 2451, 2447, 2448, 2454]",2450,반도체 업황과 단기 리스크: 삼성전자 투자 관점,analysis,like,"[""상위 수익자"", ""자산가"", ""커뮤니티 인플루언서""]",null
chunk_001_2026-02-27_2026-03-06,2026-02-27,2,A011,"[2450, 2451, 2447, 2448, 2454]",2451,[매도 후기] 삼성전자 238주 매도했습니다.,trade_share,like,"[""상위 수익자"", ""자산가""]",null
chunk_001_2026-02-27_2026-03-06,2026-02-27,2,A011,"[2450, 2451, 2447, 2448, 2454]",2447,오늘 삼성전자 추가 매수했습니다!,trade_share,read,"[""커뮤니티 인플루언서""]",null
chunk_001_2026-02-27_2026-03-06,2026-02-27,2,A011,"[2450, 2451, 2447, 2448, 2454]",2448,오늘 삼성전자 추가 매수했습니다!,trade_share,unlike,"[""상위 수익자"", ""자산가"", ""커뮤니티 인플루언서""]",null
chunk_001_2026-02-27_2026-03-06,2026-02-27,2,A011,"[2450, 2451, 2447, 2448, 2454]",2454,삼성전자 추가 매수했습니다!,trade_share,read,[],null
chunk_001_2026-02-27_2026-03-06,2026-02-27,2,A013,"[2450, 2447, 2451, 2454, 2464]",2450,반도체 업황과 단기 리스크: 삼성전자 투자 관점,analysis,like,"[""상위 수익자"", ""자산가"", ""커뮤니티 인플루언서""]",null
chunk_001_2026-02-27_2026-03-06,2026-02-27,2,A013,"[2450, 2447, 2451, 2454, 2464]",2447,오늘 삼성전자 추가 매수했습니다!,trade_share,unlike,"[""커뮤니티 인플루언서""]",null
chunk_001_2026-02-27_2026-03-06,2026-02-27,2,A013,"[2450, 2447, 2451, 2454, 2464]",2451,[매도 후기] 삼성전자 238주 매도했습니다.,trade_share,like,"[""상위 수익자"", ""자산가""]",null
chunk_001_2026-02-27_2026-03-06,2026-02-27,2,A013,"[2450, 2447, 2451, 2454, 2464]",2454,삼성전자 추가 매수했습니다!,trade_share,unlike,[],null
chunk_001_2026-02-27_2026-03-06,2026-02-27,2,A013,"[2450, 2447, 2451, 2454, 2464]",2464,오늘 삼성전자 일부 매도했습니다!,trade_share,read,[],null
chunk_001_2026-02-27_2026-03-06,2026-02-27,2,A014,"[2450, 2451, 2447, 2448, 2454]",2450,반도체 업황과 단기 리스크: 삼성전자 투자 관점,analysis,like,"[""상위 수익자"", ""자산가"", ""커뮤니티 인플루언서""]",null
chunk_001_2026-02-27_2026-03-06,2026-02-27,2,A014,"[2450, 2451, 2447, 2448, 2454]",2451,[매도 후기] 삼성전자 238주 매도했습니다.,trade_share,like,"[""상위 수익자"", ""자산가""]",null
chunk_001_2026-02-27_2026-03-06,2026-02-27,2,A014,"[2450, 2451, 2447, 2448, 2454]",2447,오늘 삼성전자 추가 매수했습니다!,trade_share,read,"[""커뮤니티 인플루언서""]",null
chunk_001_2026-02-27_2026-03-06,2026-02-27,2,A014,"[2450, 2451, 2447, 2448, 2454]",2448,오늘 삼성전자 추가 매수했습니다!,trade_share,unlike,"[""상위 수익자"", ""자산가"", ""커뮤니티 인플루언서""]",null
chunk_001_2026-02-27_2026-03-06,2026-02-27,2,A014,"[2450, 2451, 2447, 2448, 2454]",2454,삼성전자 추가 매수했습니다!,trade_share,unlike,[],null
chunk_001_2026-02-27_2026-03-06,2026-02-27,2,A015,"[2450, 2451, 2447, 2448, 2454, 2464]",2450,반도체 업황과 단기 리스크: 삼성전자 투자 관점,analysis,like,"[""상위 수익자"", ""자산가"", ""커뮤니티 인플루언서""]","{""portfolio_summary"": {""state_id"": ""ps_A005_t002"", ""agent_id"": ""A005"", ""turn"": 2, ""date"": ""2026-02-27"", ""cash"": 28370000.0, ""positions"": ""[{\""stock_code\"": \""005930\"", \""quantity\"": 338, \""avg_cost\"": 211923.07692307694, \""current_price\"": 216500.0, \""unrealized_pnl\"": 1546999.9999999953, \""unrealized_pnl_rate\"": 0.021597096188747666}]"", ""total_value"": 101547000.0, ""realized_pnl"": 0.0, ""total_return_rate"": 0.01547, ""updated_at"": ""2026-07-14 15:43:28""}, ""recent_trades"": [{""turn"": 2, ""date"": ""2026-02-27"", ""action"": ""buy"", ""stock_code"": ""005930"", ""quantity"": 100, ""executed_price"": 216500.0, ""trade_value"": 21650000.0, ""status"": ""filled"", ""filled_quantity"": 100, ""action_reason"": ""내재가치 대비 저평가 구간이며, 반도체 업황 호조로 장기 우상향 전망이 확실합니다. 현금 비중 50% 로 변동성 대비 여력이 충분하여 추가 매수 여력이 있습니다.""}, {""turn"": 1, ""date"": ""2026-02-27"", ""action"": ""buy"", ""stock_code"": ""005930"", ""quantity"": 238, ""executed_price"": 210000.0, ""trade_value"": 49980000.0, ""status"": ""filled"", ""filled_quantity"": 238, ""action_reason"": ""국민연금 매도 중단과 AI 수요 지속으로 내재가치 대비 매력적이며, 초기 진입 단계이므로 포트폴리오 핵심 자산으로 최대 허용 범위 내에서 매수합니다.""}]}"
chunk_001_2026-02-27_2026-03-06,2026-02-27,2,A015,"[2450, 2451, 2447, 2448, 2454, 2464]",2451,[매도 후기] 삼성전자 238주 매도했습니다.,trade_share,like,"[""상위 수익자"", ""자산가""]","{""portfolio_summary"": {""state_id"": ""ps_A006_t002"", ""agent_id"": ""A006"", ""turn"": 2, ""date"": ""2026-02-27"", ""cash"": 101547000.0, ""positions"": ""[]"", ""total_value"": 101547000.0, ""realized_pnl"": 1547000.0, ""total_return_rate"": 0.01547, ""updated_at"": ""2026-07-14 15:43:28""}, ""recent_trades"": [{""turn"": 2, ""date"": ""2026-02-27"", ""action"": ""sell"", ""stock_code"": ""005930"", ""quantity"": 238, ""executed_price"": 216500.0, ""trade_value"": 51527000.0, ""status"": ""filled"", ""filled_quantity"": 238, ""action_reason"": ""수익 발생 시 빠르게 매도하려는 처분 효과와 단기 조정 신호에 따라 전량 매도합니다. 기술적 지지선 이탈 우려와 단일 종목 집중 리스크를 줄이기 위함입니다.""}, {""turn"": 1, ""date"": ""2026-02-27"", ""action"": ""buy"", ""stock_code"": ""005930"", ""quantity"": 238, ""executed_price"": 210000.0, ""trade_value"": 49980000.0, ""status"": ""filled"", ""filled_quantity"": 238, ""action_reason"": ""전일 하락을 저가 매수 기회로 판단하고, 정부 지원 및 AI 수요 호재를 반영하여 매수합니다. 과거 성과 부진으로 신중하게 접근하되, 집중 투자 성향에 따라 제한된 범위 내에서 진입합니다.""}]}"
chunk_001_2026-02-27_2026-03-06,2026-02-27,2,A015,"[2450, 2451, 2447, 2448, 2454, 2464]",2447,오늘 삼성전자 추가 매수했습니다!,trade_share,read,"[""커뮤니티 인플루언서""]","{""portfolio_summary"": {""state_id"": ""ps_A001_t002"", ""agent_id"": ""A001"", ""turn"": 2, ""date"": ""2026-02-27"", ""cash"": 55835000.0, ""positions"": ""[{\""stock_code\"": \""005930\"", \""quantity\"": 210, \""avg_cost\"": 210309.52380952382, \""current_price\"": 216500.0, \""unrealized_pnl\"": 1299999.9999999986, \""unrealized_pnl_rate\"": 0.029435073021623424}]"", ""total_value"": 101300000.0, ""realized_pnl"": 0.0, ""total_return_rate"": 0.013, ""updated_at"": ""2026-07-14 15:43:28""}, ""recent_trades"": [{""turn"": 2, ""date"": ""2026-02-27"", ""action"": ""buy"", ""stock_code"": ""005930"", ""quantity"": 10, ""executed_price"": 216500.0, ""trade_value"": 2165000.0, ""status"": ""filled"", ""filled_quantity"": 10, ""action_reason"": ""반도체 수출 호조와 기관 매수 세력 확인으로 단기 하방 경직성이 유지되므로, 수익 보유 성향에 따라 소량 추가 매수합니다.""}, {""turn"": 1, ""date"": ""2026-02-27"", ""action"": ""buy"", ""stock_code"": ""005930"", ""quantity"": 200, ""executed_price"": 210000.0, ""trade_value"": 42000000.0, ""status"": ""filled"", ""filled_quantity"": 200, ""action_reason"": ""정부 지원과 기관 매수 유예로 하방 경직성이 확보되어 진입 시점으로 판단되며, 21 만 원 수준은 5 일 이동평균선 근처에서 지지받는 조정 가격입니다.""}]}"
chunk_001_2026-02-27_2026-03-06,2026-02-27,2,A015,"[2450, 2451, 2447, 2448, 2454, 2464]",2448,오늘 삼성전자 추가 매수했습니다!,trade_share,like,"[""상위 수익자"", ""자산가"", ""커뮤니티 인플루언서""]","{""portfolio_summary"": {""state_id"": ""ps_A003_t002"", ""agent_id"": ""A003"", ""turn"": 2, ""date"": ""2026-02-27"", ""cash"": 25122500.0, ""positions"": ""[{\""stock_code\"": \""005930\"", \""quantity\"": 353, \""avg_cost\"": 212117.56373937678, \""current_price\"": 216500.0, \""unrealized_pnl\"": 1546999.9999999956, \""unrealized_pnl_rate\"": 0.02066041200627686}]"", ""total_value"": 101547000.0, ""realized_pnl"": 0.0, ""total_return_rate"": 0.01547, ""updated_at"": ""2026-07-14 15:43:28""}, ""recent_trades"": [{""turn"": 2, ""date"": ""2026-02-27"", ""action"": ""buy"", ""stock_code"": ""005930"", ""quantity"": 115, ""executed_price"": 216500.0, ""trade_value"": 24897500.0, ""status"": ""filled"", ""filled_quantity"": 115, ""action_reason"": ""가치투자 관점에서 현재가 216,500 원은 내재가치 대비 저평가 구간이며 MA5 지지 확인. 반도체 수출 호조와 경영진 자신감 신호로 중기 우상향 기대. 현금 50% 보유로 추가 매수 여력 충분.""}, {""turn"": 1, ""date"": ""2026-02-27"", ""action"": ""buy"", ""stock_code"": ""005930"", ""quantity"": 238, ""executed_price"": 210000.0, ""trade_value"": 49980000.0, ""status"": ""filled"", ""filled_quantity"": 238, ""action_reason"": ""반도체 업황 회복과 AI 수요 지속으로 중기 우상향 기대. 210,000 원은 MA5 지지선 근처로 가치투자 관점의 적정 진입점. 집중 투자 성향에 따라 허용 최대 비율 (50%) 로 매수하여 포트폴리오 구축. 변동성 대비를 위해 현금 50% 유지하며, 추후 손절 라인 설정.""}]}"
chunk_001_2026-02-27_2026-03-06,2026-02-27,2,A015,"[2450, 2451, 2447, 2448, 2454, 2464]",2454,삼성전자 추가 매수했습니다!,trade_share,like,[],"{""portfolio_summary"": {""state_id"": ""ps_A010_t002"", ""agent_id"": ""A010"", ""turn"": 2, ""date"": ""2026-02-27"", ""cash"": 37562000.0, ""positions"": ""[{\""stock_code\"": \""005930\"", \""quantity\"": 292, \""avg_cost\"": 213828.76712328766, \""current_price\"": 216500.0, \""unrealized_pnl\"": 780000.0000000033, \""unrealized_pnl_rate\"": 0.012492392453313739}]"", ""total_value"": 100780000.0, ""realized_pnl"": 0.0, ""total_return_rate"": 0.0078, ""updated_at"": ""2026-07-14 15:43:28""}, ""recent_trades"": [{""turn"": 2, ""date"": ""2026-02-27"", ""action"": ""buy"", ""stock_code"": ""005930"", ""quantity"": 172, ""executed_price"": 216500.0, ""trade_value"": 37238000.0, ""status"": ""filled"", ""filled_quantity"": 172, ""action_reason"": ""내재가치 대비 저평가 구간이며, 기관 자금 유입과 수출 호조로 펀더멘털이 견고함. 고현금 비중으로 추가 매수 여력이 충분하고, 집중 투자 성향에 따라 우상향 기대감을 반영하여 매수.""}, {""turn"": 1, ""date"": ""2026-02-27"", ""action"": ""buy"", ""stock_code"": ""005930"", ""quantity"": 120, ""executed_price"": 210000.0, ""trade_value"": 25200000.0, ""status"": ""filled"", ""filled_quantity"": 120, ""action_reason"": ""국민연금 매수세와 AI 수요 확대로 펀더멘털이 개선되었고, 현재 주가는 내재가치 대비 저평가 구간 (갭다운) 입니다. 첫 거래이므로 분할 매수를 통해 진입 리스크를 관리합니다.""}]}"
chunk_001_2026-02-27_2026-03-06,2026-02-27,2,A015,"[2450, 2451, 2447, 2448, 2454, 2464]",2464,오늘 삼성전자 일부 매도했습니다!,trade_share,read,[],"{""portfolio_summary"": {""state_id"": ""ps_A025_t002"", ""agent_id"": ""A025"", ""turn"": 2, ""date"": ""2026-02-27"", ""cash"": 60845000.0, ""positions"": ""[{\""stock_code\"": \""005930\"", \""quantity\"": 188, \""avg_cost\"": 210000.0, \""current_price\"": 216500.0, \""unrealized_pnl\"": 1222000.0, \""unrealized_pnl_rate\"": 0.030952380952380953}]"", ""total_value"": 101547000.0, ""realized_pnl"": 325000.0, ""total_return_rate"": 0.01547, ""updated_at"": ""2026-07-14 15:43:28""}, ""recent_trades"": [{""turn"": 2, ""date"": ""2026-02-27"", ""action"": ""sell"", ""stock_code"": ""005930"", ""quantity"": 50, ""executed_price"": 216500.0, ""trade_value"": 10825000.0, ""status"": ""filled"", ""filled_quantity"": 50, ""action_reason"": ""매수 단가 대비 3% 상승하여 단기 과매수 구간 진입 및 수익 실현 욕구 (처분효과) 가 강함. 기술적 지표는 상승 추세 유지 중이나, 심리적 부담 해소를 위해 보유 주식의 일부 (약 20%) 를 매도합니다.""}, {""turn"": 1, ""date"": ""2026-02-27"", ""action"": ""buy"", ""stock_code"": ""005930"", ""quantity"": 238, ""executed_price"": 210000.0, ""trade_value"": 49980000.0, ""status"": ""filled"", ""filled_quantity"": 238, ""action_reason"": ""정부 지원과 AI 수요 호재로 중장기 상승 추세 유지. 단기 조정 시 매수 기회로 판단하여 현금의 50% 한도 내에서 진입합니다.""}]}"
chunk_001_2026-02-27_2026-03-06,2026-02-27,2,A017,"[2450, 2451, 2447, 2448, 2454, 2464]",2450,반도체 업황과 단기 리스크: 삼성전자 투자 관점,analysis,like,"[""상위 수익자"", ""자산가"", ""커뮤니티 인플루언서""]","{""portfolio_summary"": {""state_id"": ""ps_A005_t002"", ""agent_id"": ""A005"", ""turn"": 2, ""date"": ""2026-02-27"", ""cash"": 28370000.0, ""positions"": ""[{\""stock_code\"": \""005930\"", \""quantity\"": 338, \""avg_cost\"": 211923.07692307694, \""current_price\"": 216500.0, \""unrealized_pnl\"": 1546999.9999999953, \""unrealized_pnl_rate\"": 0.021597096188747666}]"", ""total_value"": 101547000.0, ""realized_pnl"": 0.0, ""total_return_rate"": 0.01547, ""updated_at"": ""2026-07-14 15:43:28""}, ""recent_trades"": [{""turn"": 2, ""date"": ""2026-02-27"", ""action"": ""buy"", ""stock_code"": ""005930"", ""quantity"": 100, ""executed_price"": 216500.0, ""trade_value"": 21650000.0, ""status"": ""filled"", ""filled_quantity"": 100, ""action_reason"": ""내재가치 대비 저평가 구간이며, 반도체 업황 호조로 장기 우상향 전망이 확실합니다. 현금 비중 50% 로 변동성 대비 여력이 충분하여 추가 매수 여력이 있습니다.""}, {""turn"": 1, ""date"": ""2026-02-27"", ""action"": ""buy"", ""stock_code"": ""005930"", ""quantity"": 238, ""executed_price"": 210000.0, ""trade_value"": 49980000.0, ""status"": ""filled"", ""filled_quantity"": 238, ""action_reason"": ""국민연금 매도 중단과 AI 수요 지속으로 내재가치 대비 매력적이며, 초기 진입 단계이므로 포트폴리오 핵심 자산으로 최대 허용 범위 내에서 매수합니다.""}]}"
chunk_001_2026-02-27_2026-03-06,2026-02-27,2,A017,"[2450, 2451, 2447, 2448, 2454, 2464]",2451,[매도 후기] 삼성전자 238주 매도했습니다.,trade_share,like,"[""상위 수익자"", ""자산가""]","{""portfolio_summary"": {""state_id"": ""ps_A006_t002"", ""agent_id"": ""A006"", ""turn"": 2, ""date"": ""2026-02-27"", ""cash"": 101547000.0, ""positions"": ""[]"", ""total_value"": 101547000.0, ""realized_pnl"": 1547000.0, ""total_return_rate"": 0.01547, ""updated_at"": ""2026-07-14 15:43:28""}, ""recent_trades"": [{""turn"": 2, ""date"": ""2026-02-27"", ""action"": ""sell"", ""stock_code"": ""005930"", ""quantity"": 238, ""executed_price"": 216500.0, ""trade_value"": 51527000.0, ""status"": ""filled"", ""filled_quantity"": 238, ""action_reason"": ""수익 발생 시 빠르게 매도하려는 처분 효과와 단기 조정 신호에 따라 전량 매도합니다. 기술적 지지선 이탈 우려와 단일 종목 집중 리스크를 줄이기 위함입니다.""}, {""turn"": 1, ""date"": ""2026-02-27"", ""action"": ""buy"", ""stock_code"": ""005930"", ""quantity"": 238, ""executed_price"": 210000.0, ""trade_value"": 49980000.0, ""status"": ""filled"", ""filled_quantity"": 238, ""action_reason"": ""전일 하락을 저가 매수 기회로 판단하고, 정부 지원 및 AI 수요 호재를 반영하여 매수합니다. 과거 성과 부진으로 신중하게 접근하되, 집중 투자 성향에 따라 제한된 범위 내에서 진입합니다.""}]}"
chunk_001_2026-02-27_2026-03-06,2026-02-27,2,A017,"[2450, 2451, 2447, 2448, 2454, 2464]",2447,오늘 삼성전자 추가 매수했습니다!,trade_share,read,"[""커뮤니티 인플루언서""]","{""portfolio_summary"": {""state_id"": ""ps_A001_t002"", ""agent_id"": ""A001"", ""turn"": 2, ""date"": ""2026-02-27"", ""cash"": 55835000.0, ""positions"": ""[{\""stock_code\"": \""005930\"", \""quantity\"": 210, \""avg_cost\"": 210309.52380952382, \""current_price\"": 216500.0, \""unrealized_pnl\"": 1299999.9999999986, \""unrealized_pnl_rate\"": 0.029435073021623424}]"", ""total_value"": 101300000.0, ""realized_pnl"": 0.0, ""total_return_rate"": 0.013, ""updated_at"": ""2026-07-14 15:43:28""}, ""recent_trades"": [{""turn"": 2, ""date"": ""2026-02-27"", ""action"": ""buy"", ""stock_code"": ""005930"", ""quantity"": 10, ""executed_price"": 216500.0, ""trade_value"": 2165000.0, ""status"": ""filled"", ""filled_quantity"": 10, ""action_reason"": ""반도체 수출 호조와 기관 매수 세력 확인으로 단기 하방 경직성이 유지되므로, 수익 보유 성향에 따라 소량 추가 매수합니다.""}, {""turn"": 1, ""date"": ""2026-02-27"", ""action"": ""buy"", ""stock_code"": ""005930"", ""quantity"": 200, ""executed_price"": 210000.0, ""trade_value"": 42000000.0, ""status"": ""filled"", ""filled_quantity"": 200, ""action_reason"": ""정부 지원과 기관 매수 유예로 하방 경직성이 확보되어 진입 시점으로 판단되며, 21 만 원 수준은 5 일 이동평균선 근처에서 지지받는 조정 가격입니다.""}]}"
chunk_001_2026-02-27_2026-03-06,2026-02-27,2,A017,"[2450, 2451, 2447, 2448, 2454, 2464]",2448,오늘 삼성전자 추가 매수했습니다!,trade_share,unlike,"[""상위 수익자"", ""자산가"", ""커뮤니티 인플루언서""]","{""portfolio_summary"": {""state_id"": ""ps_A003_t002"", ""agent_id"": ""A003"", ""turn"": 2, ""date"": ""2026-02-27"", ""cash"": 25122500.0, ""positions"": ""[{\""stock_code\"": \""005930\"", \""quantity\"": 353, \""avg_cost\"": 212117.56373937678, \""current_price\"": 216500.0, \""unrealized_pnl\"": 1546999.9999999956, \""unrealized_pnl_rate\"": 0.02066041200627686}]"", ""total_value"": 101547000.0, ""realized_pnl"": 0.0, ""total_return_rate"": 0.01547, ""updated_at"": ""2026-07-14 15:43:28""}, ""recent_trades"": [{""turn"": 2, ""date"": ""2026-02-27"", ""action"": ""buy"", ""stock_code"": ""005930"", ""quantity"": 115, ""executed_price"": 216500.0, ""trade_value"": 24897500.0, ""status"": ""filled"", ""filled_quantity"": 115, ""action_reason"": ""가치투자 관점에서 현재가 216,500 원은 내재가치 대비 저평가 구간이며 MA5 지지 확인. 반도체 수출 호조와 경영진 자신감 신호로 중기 우상향 기대. 현금 50% 보유로 추가 매수 여력 충분.""}, {""turn"": 1, ""date"": ""2026-02-27"", ""action"": ""buy"", ""stock_code"": ""005930"", ""quantity"": 238, ""executed_price"": 210000.0, ""trade_value"": 49980000.0, ""status"": ""filled"", ""filled_quantity"": 238, ""action_reason"": ""반도체 업황 회복과 AI 수요 지속으로 중기 우상향 기대. 210,000 원은 MA5 지지선 근처로 가치투자 관점의 적정 진입점. 집중 투자 성향에 따라 허용 최대 비율 (50%) 로 매수하여 포트폴리오 구축. 변동성 대비를 위해 현금 50% 유지하며, 추후 손절 라인 설정.""}]}"
chunk_001_2026-02-27_2026-03-06,2026-02-27,2,A017,"[2450, 2451, 2447, 2448, 2454, 2464]",2454,삼성전자 추가 매수했습니다!,trade_share,like,[],"{""portfolio_summary"": {""state_id"": ""ps_A010_t002"", ""agent_id"": ""A010"", ""turn"": 2, ""date"": ""2026-02-27"", ""cash"": 37562000.0, ""positions"": ""[{\""stock_code\"": \""005930\"", \""quantity\"": 292, \""avg_cost\"": 213828.76712328766, \""current_price\"": 216500.0, \""unrealized_pnl\"": 780000.0000000033, \""unrealized_pnl_rate\"": 0.012492392453313739}]"", ""total_value"": 100780000.0, ""realized_pnl"": 0.0, ""total_return_rate"": 0.0078, ""updated_at"": ""2026-07-14 15:43:28""}, ""recent_trades"": [{""turn"": 2, ""date"": ""2026-02-27"", ""action"": ""buy"", ""stock_code"": ""005930"", ""quantity"": 172, ""executed_price"": 216500.0, ""trade_value"": 37238000.0, ""status"": ""filled"", ""filled_quantity"": 172, ""action_reason"": ""내재가치 대비 저평가 구간이며, 기관 자금 유입과 수출 호조로 펀더멘털이 견고함. 고현금 비중으로 추가 매수 여력이 충분하고, 집중 투자 성향에 따라 우상향 기대감을 반영하여 매수.""}, {""turn"": 1, ""date"": ""2026-02-27"", ""action"": ""buy"", ""stock_code"": ""005930"", ""quantity"": 120, ""executed_price"": 210000.0, ""trade_value"": 25200000.0, ""status"": ""filled"", ""filled_quantity"": 120, ""action_reason"": ""국민연금 매수세와 AI 수요 확대로 펀더멘털이 개선되었고, 현재 주가는 내재가치 대비 저평가 구간 (갭다운) 입니다. 첫 거래이므로 분할 매수를 통해 진입 리스크를 관리합니다.""}]}"
chunk_001_2026-02-27_2026-03-06,2026-02-27,2,A017,"[2450, 2451, 2447, 2448, 2454, 2464]",2464,오늘 삼성전자 일부 매도했습니다!,trade_share,like,[],"{""portfolio_summary"": {""state_id"": ""ps_A025_t002"", ""agent_id"": ""A025"", ""turn"": 2, ""date"": ""2026-02-27"", ""cash"": 60845000.0, ""positions"": ""[{\""stock_code\"": \""005930\"", \""quantity\"": 188, \""avg_cost\"": 210000.0, \""current_price\"": 216500.0, \""unrealized_pnl\"": 1222000.0, \""unrealized_pnl_rate\"": 0.030952380952380953}]"", ""total_value"": 101547000.0, ""realized_pnl"": 325000.0, ""total_return_rate"": 0.01547, ""updated_at"": ""2026-07-14 15:43:28""}, ""recent_trades"": [{""turn"": 2, ""date"": ""2026-02-27"", ""action"": ""sell"", ""stock_code"": ""005930"", ""quantity"": 50, ""executed_price"": 216500.0, ""trade_value"": 10825000.0, ""status"": ""filled"", ""filled_quantity"": 50, ""action_reason"": ""매수 단가 대비 3% 상승하여 단기 과매수 구간 진입 및 수익 실현 욕구 (처분효과) 가 강함. 기술적 지표는 상승 추세 유지 중이나, 심리적 부담 해소를 위해 보유 주식의 일부 (약 20%) 를 매도합니다.""}, {""turn"": 1, ""date"": ""2026-02-27"", ""action"": ""buy"", ""stock_code"": ""005930"", ""quantity"": 238, ""executed_price"": 210000.0, ""trade_value"": 49980000.0, ""status"": ""filled"", ""filled_quantity"": 238, ""action_reason"": ""정부 지원과 AI 수요 호재로 중장기 상승 추세 유지. 단기 조정 시 매수 기회로 판단하여 현금의 50% 한도 내에서 진입합니다.""}]}"
chunk_001_2026-02-27_2026-03-06,2026-02-27,2,A019,"[2450, 2447, 2451, 2454, 2464]",2450,반도체 업황과 단기 리스크: 삼성전자 투자 관점,analysis,like,"[""상위 수익자"", ""자산가"", ""커뮤니티 인플루언서""]",null
chunk_001_2026-02-27_2026-03-06,2026-02-27,2,A019,"[2450, 2447, 2451, 2454, 2464]",2447,오늘 삼성전자 추가 매수했습니다!,trade_share,unlike,"[""커뮤니티 인플루언서""]",null
chunk_001_2026-02-27_2026-03-06,2026-02-27,2,A019,"[2450, 2447, 2451, 2454, 2464]",2451,[매도 후기] 삼성전자 238주 매도했습니다.,trade_share,like,"[""상위 수익자"", ""자산가""]",null
chunk_001_2026-02-27_2026-03-06,2026-02-27,2,A019,"[2450, 2447, 2451, 2454, 2464]",2454,삼성전자 추가 매수했습니다!,trade_share,like,[],null
chunk_001_2026-02-27_2026-03-06,2026-02-27,2,A019,"[2450, 2447, 2451, 2454, 2464]",2464,오늘 삼성전자 일부 매도했습니다!,trade_share,read,[],null
chunk_001_2026-02-27_2026-03-06,2026-02-27,2,A012,"[2450, 2447, 2451, 2454, 2464]",2450,반도체 업황과 단기 리스크: 삼성전자 투자 관점,analysis,like,"[""상위 수익자"", ""자산가"", ""커뮤니티 인플루언서""]",null
chunk_001_2026-02-27_2026-03-06,2026-02-27,2,A012,"[2450, 2447, 2451, 2454, 2464]",2447,오늘 삼성전자 추가 매수했습니다!,trade_share,read,"[""커뮤니티 인플루언서""]",null
chunk_001_2026-02-27_2026-03-06,2026-02-27,2,A012,"[2450, 2447, 2451, 2454, 2464]",2451,[매도 후기] 삼성전자 238주 매도했습니다.,trade_share,like,"[""상위 수익자"", ""자산가""]",null
chunk_001_2026-02-27_2026-03-06,2026-02-27,2,A012,"[2450, 2447, 2451, 2454, 2464]",2454,삼성전자 추가 매수했습니다!,trade_share,unlike,[],null
chunk_001_2026-02-27_2026-03-06,2026-02-27,2,A012,"[2450, 2447, 2451, 2454, 2464]",2464,오늘 삼성전자 일부 매도했습니다!,trade_share,like,[],null
chunk_001_2026-02-27_2026-03-06,2026-02-27,2,A025,"[2450, 2447, 2451, 2454, 2458]",2450,반도체 업황과 단기 리스크: 삼성전자 투자 관점,analysis,like,"[""상위 수익자"", ""자산가"", ""커뮤니티 인플루언서""]",null
chunk_001_2026-02-27_2026-03-06,2026-02-27,2,A025,"[2450, 2447, 2451, 2454, 2458]",2447,오늘 삼성전자 추가 매수했습니다!,trade_share,read,"[""커뮤니티 인플루언서""]",null
chunk_001_2026-02-27_2026-03-06,2026-02-27,2,A025,"[2450, 2447, 2451, 2454, 2458]",2451,[매도 후기] 삼성전자 238주 매도했습니다.,trade_share,like,"[""상위 수익자"", ""자산가""]",null
chunk_001_2026-02-27_2026-03-06,2026-02-27,2,A025,"[2450, 2447, 2451, 2454, 2458]",2454,삼성전자 추가 매수했습니다!,trade_share,unlike,[],null
chunk_001_2026-02-27_2026-03-06,2026-02-27,2,A025,"[2450, 2447, 2451, 2454, 2458]",2458,오늘 삼성전자를 추가 매수했습니다!,trade_share,read,[],null
chunk_001_2026-02-27_2026-03-06,2026-02-27,2,A022,"[2450, 2451, 2448, 2447, 2454]",2450,반도체 업황과 단기 리스크: 삼성전자 투자 관점,analysis,like,"[""상위 수익자"", ""자산가"", ""커뮤니티 인플루언서""]",null
chunk_001_2026-02-27_2026-03-06,2026-02-27,2,A022,"[2450, 2451, 2448, 2447, 2454]",2451,[매도 후기] 삼성전자 238주 매도했습니다.,trade_share,like,"[""상위 수익자"", ""자산가""]",null
chunk_001_2026-02-27_2026-03-06,2026-02-27,2,A022,"[2450, 2451, 2448, 2447, 2454]",2448,오늘 삼성전자 추가 매수했습니다!,trade_share,unlike,"[""상위 수익자"", ""자산가"", ""커뮤니티 인플루언서""]",null
chunk_001_2026-02-27_2026-03-06,2026-02-27,2,A022,"[2450, 2451, 2448, 2447, 2454]",2447,오늘 삼성전자 추가 매수했습니다!,trade_share,read,"[""커뮤니티 인플루언서""]",null
chunk_001_2026-02-27_2026-03-06,2026-02-27,2,A022,"[2450, 2451, 2448, 2447, 2454]",2454,삼성전자 추가 매수했습니다!,trade_share,unlike,[],null
chunk_001_2026-02-27_2026-03-06,2026-02-27,2,A020,"[2450, 2447, 2451, 2454, 2455]",2450,반도체 업황과 단기 리스크: 삼성전자 투자 관점,analysis,like,"[""상위 수익자"", ""자산가"", ""커뮤니티 인플루언서""]","{""portfolio_summary"": {""state_id"": ""ps_A005_t002"", ""agent_id"": ""A005"", ""turn"": 2, ""date"": ""2026-02-27"", ""cash"": 28370000.0, ""positions"": ""[{\""stock_code\"": \""005930\"", \""quantity\"": 338, \""avg_cost\"": 211923.07692307694, \""current_price\"": 216500.0, \""unrealized_pnl\"": 1546999.9999999953, \""unrealized_pnl_rate\"": 0.021597096188747666}]"", ""total_value"": 101547000.0, ""realized_pnl"": 0.0, ""total_return_rate"": 0.01547, ""updated_at"": ""2026-07-14 15:43:28""}, ""recent_trades"": [{""turn"": 2, ""date"": ""2026-02-27"", ""action"": ""buy"", ""stock_code"": ""005930"", ""quantity"": 100, ""executed_price"": 216500.0, ""trade_value"": 21650000.0, ""status"": ""filled"", ""filled_quantity"": 100, ""action_reason"": ""내재가치 대비 저평가 구간이며, 반도체 업황 호조로 장기 우상향 전망이 확실합니다. 현금 비중 50% 로 변동성 대비 여력이 충분하여 추가 매수 여력이 있습니다.""}, {""turn"": 1, ""date"": ""2026-02-27"", ""action"": ""buy"", ""stock_code"": ""005930"", ""quantity"": 238, ""executed_price"": 210000.0, ""trade_value"": 49980000.0, ""status"": ""filled"", ""filled_quantity"": 238, ""action_reason"": ""국민연금 매도 중단과 AI 수요 지속으로 내재가치 대비 매력적이며, 초기 진입 단계이므로 포트폴리오 핵심 자산으로 최대 허용 범위 내에서 매수합니다.""}]}"
chunk_001_2026-02-27_2026-03-06,2026-02-27,2,A020,"[2450, 2447, 2451, 2454, 2455]",2447,오늘 삼성전자 추가 매수했습니다!,trade_share,read,"[""커뮤니티 인플루언서""]","{""portfolio_summary"": {""state_id"": ""ps_A001_t002"", ""agent_id"": ""A001"", ""turn"": 2, ""date"": ""2026-02-27"", ""cash"": 55835000.0, ""positions"": ""[{\""stock_code\"": \""005930\"", \""quantity\"": 210, \""avg_cost\"": 210309.52380952382, \""current_price\"": 216500.0, \""unrealized_pnl\"": 1299999.9999999986, \""unrealized_pnl_rate\"": 0.029435073021623424}]"", ""total_value"": 101300000.0, ""realized_pnl"": 0.0, ""total_return_rate"": 0.013, ""updated_at"": ""2026-07-14 15:43:28""}, ""recent_trades"": [{""turn"": 2, ""date"": ""2026-02-27"", ""action"": ""buy"", ""stock_code"": ""005930"", ""quantity"": 10, ""executed_price"": 216500.0, ""trade_value"": 2165000.0, ""status"": ""filled"", ""filled_quantity"": 10, ""action_reason"": ""반도체 수출 호조와 기관 매수 세력 확인으로 단기 하방 경직성이 유지되므로, 수익 보유 성향에 따라 소량 추가 매수합니다.""}, {""turn"": 1, ""date"": ""2026-02-27"", ""action"": ""buy"", ""stock_code"": ""005930"", ""quantity"": 200, ""executed_price"": 210000.0, ""trade_value"": 42000000.0, ""status"": ""filled"", ""filled_quantity"": 200, ""action_reason"": ""정부 지원과 기관 매수 유예로 하방 경직성이 확보되어 진입 시점으로 판단되며, 21 만 원 수준은 5 일 이동평균선 근처에서 지지받는 조정 가격입니다.""}]}"
chunk_001_2026-02-27_2026-03-06,2026-02-27,2,A020,"[2450, 2447, 2451, 2454, 2455]",2451,[매도 후기] 삼성전자 238주 매도했습니다.,trade_share,like,"[""상위 수익자"", ""자산가""]","{""portfolio_summary"": {""state_id"": ""ps_A006_t002"", ""agent_id"": ""A006"", ""turn"": 2, ""date"": ""2026-02-27"", ""cash"": 101547000.0, ""positions"": ""[]"", ""total_value"": 101547000.0, ""realized_pnl"": 1547000.0, ""total_return_rate"": 0.01547, ""updated_at"": ""2026-07-14 15:43:28""}, ""recent_trades"": [{""turn"": 2, ""date"": ""2026-02-27"", ""action"": ""sell"", ""stock_code"": ""005930"", ""quantity"": 238, ""executed_price"": 216500.0, ""trade_value"": 51527000.0, ""status"": ""filled"", ""filled_quantity"": 238, ""action_reason"": ""수익 발생 시 빠르게 매도하려는 처분 효과와 단기 조정 신호에 따라 전량 매도합니다. 기술적 지지선 이탈 우려와 단일 종목 집중 리스크를 줄이기 위함입니다.""}, {""turn"": 1, ""date"": ""2026-02-27"", ""action"": ""buy"", ""stock_code"": ""005930"", ""quantity"": 238, ""executed_price"": 210000.0, ""trade_value"": 49980000.0, ""status"": ""filled"", ""filled_quantity"": 238, ""action_reason"": ""전일 하락을 저가 매수 기회로 판단하고, 정부 지원 및 AI 수요 호재를 반영하여 매수합니다. 과거 성과 부진으로 신중하게 접근하되, 집중 투자 성향에 따라 제한된 범위 내에서 진입합니다.""}]}"
chunk_001_2026-02-27_2026-03-06,2026-02-27,2,A020,"[2450, 2447, 2451, 2454, 2455]",2454,삼성전자 추가 매수했습니다!,trade_share,unlike,[],"{""portfolio_summary"": {""state_id"": ""ps_A010_t002"", ""agent_id"": ""A010"", ""turn"": 2, ""date"": ""2026-02-27"", ""cash"": 37562000.0, ""positions"": ""[{\""stock_code\"": \""005930\"", \""quantity\"": 292, \""avg_cost\"": 213828.76712328766, \""current_price\"": 216500.0, \""unrealized_pnl\"": 780000.0000000033, \""unrealized_pnl_rate\"": 0.012492392453313739}]"", ""total_value"": 100780000.0, ""realized_pnl"": 0.0, ""total_return_rate"": 0.0078, ""updated_at"": ""2026-07-14 15:43:28""}, ""recent_trades"": [{""turn"": 2, ""date"": ""2026-02-27"", ""action"": ""buy"", ""stock_code"": ""005930"", ""quantity"": 172, ""executed_price"": 216500.0, ""trade_value"": 37238000.0, ""status"": ""filled"", ""filled_quantity"": 172, ""action_reason"": ""내재가치 대비 저평가 구간이며, 기관 자금 유입과 수출 호조로 펀더멘털이 견고함. 고현금 비중으로 추가 매수 여력이 충분하고, 집중 투자 성향에 따라 우상향 기대감을 반영하여 매수.""}, {""turn"": 1, ""date"": ""2026-02-27"", ""action"": ""buy"", ""stock_code"": ""005930"", ""quantity"": 120, ""executed_price"": 210000.0, ""trade_value"": 25200000.0, ""status"": ""filled"", ""filled_quantity"": 120, ""action_reason"": ""국민연금 매수세와 AI 수요 확대로 펀더멘털이 개선되었고, 현재 주가는 내재가치 대비 저평가 구간 (갭다운) 입니다. 첫 거래이므로 분할 매수를 통해 진입 리스크를 관리합니다.""}]}"
chunk_001_2026-02-27_2026-03-06,2026-02-27,2,A020,"[2450, 2447, 2451, 2454, 2455]",2455,오늘 삼성전자 매도 거래 공유합니다!,trade_share,like,[],"{""portfolio_summary"": {""state_id"": ""ps_A012_t002"", ""agent_id"": ""A012"", ""turn"": 2, ""date"": ""2026-02-27"", ""cash"": 75783500.0, ""positions"": ""[{\""stock_code\"": \""005930\"", \""quantity\"": 119, \""avg_cost\"": 210000.0, \""current_price\"": 216500.0, \""unrealized_pnl\"": 773500.0, \""unrealized_pnl_rate\"": 0.030952380952380953}]"", ""total_value"": 101547000.0, ""realized_pnl"": 773500.0, ""total_return_rate"": 0.01547, ""updated_at"": ""2026-07-14 15:43:28""}, ""recent_trades"": [{""turn"": 2, ""date"": ""2026-02-27"", ""action"": ""sell"", ""stock_code"": ""005930"", ""quantity"": 119, ""executed_price"": 216500.0, ""trade_value"": 25763500.0, ""status"": ""filled"", ""filled_quantity"": 119, ""action_reason"": ""수익 실현 시점 조절 필요 (Belief dim_6) 및 처분효과 성향 (수익 시 빠른 매도) 에 따라 미실현 수익 일부 확정. 전일 종가 대비 하락 및 엔비디아 리스크로 단기 조정 가능성 고려.""}, {""turn"": 1, ""date"": ""2026-02-27"", ""action"": ""buy"", ""stock_code"": ""005930"", ""quantity"": 238, ""executed_price"": 210000.0, ""trade_value"": 49980000.0, ""status"": ""filled"", ""filled_quantity"": 238, ""action_reason"": ""기술적 지지선 (210,000 원) 테스트와 거래량 증가, AI 호재 등 상승 모멘텀이 확인되어 매수 진입합니다. 현금 50% 한도 내에서 최대 수량으로 진입하여 기회 포착.""}]}"
chunk_001_2026-02-27_2026-03-06,2026-02-27,2,A026,"[2450, 2451, 2447, 2454, 2464]",2450,반도체 업황과 단기 리스크: 삼성전자 투자 관점,analysis,like,"[""상위 수익자"", ""자산가"", ""커뮤니티 인플루언서""]",null
chunk_001_2026-02-27_2026-03-06,2026-02-27,2,A026,"[2450, 2451, 2447, 2454, 2464]",2451,[매도 후기] 삼성전자 238주 매도했습니다.,trade_share,like,"[""상위 수익자"", ""자산가""]",null
chunk_001_2026-02-27_2026-03-06,2026-02-27,2,A026,"[2450, 2451, 2447, 2454, 2464]",2447,오늘 삼성전자 추가 매수했습니다!,trade_share,read,"[""커뮤니티 인플루언서""]",null
chunk_001_2026-02-27_2026-03-06,2026-02-27,2,A026,"[2450, 2451, 2447, 2454, 2464]",2454,삼성전자 추가 매수했습니다!,trade_share,unlike,[],null
chunk_001_2026-02-27_2026-03-06,2026-02-27,2,A026,"[2450, 2451, 2447, 2454, 2464]",2464,오늘 삼성전자 일부 매도했습니다!,trade_share,like,[],null
chunk_001_2026-02-27_2026-03-06,2026-02-27,2,A027,"[2450, 2451, 2447, 2448, 2454]",2450,반도체 업황과 단기 리스크: 삼성전자 투자 관점,analysis,like,"[""상위 수익자"", ""자산가"", ""커뮤니티 인플루언서""]",null
chunk_001_2026-02-27_2026-03-06,2026-02-27,2,A027,"[2450, 2451, 2447, 2448, 2454]",2451,[매도 후기] 삼성전자 238주 매도했습니다.,trade_share,like,"[""상위 수익자"", ""자산가""]",null
chunk_001_2026-02-27_2026-03-06,2026-02-27,2,A027,"[2450, 2451, 2447, 2448, 2454]",2447,오늘 삼성전자 추가 매수했습니다!,trade_share,read,"[""커뮤니티 인플루언서""]",null
chunk_001_2026-02-27_2026-03-06,2026-02-27,2,A027,"[2450, 2451, 2447, 2448, 2454]",2448,오늘 삼성전자 추가 매수했습니다!,trade_share,unlike,"[""상위 수익자"", ""자산가"", ""커뮤니티 인플루언서""]",null
chunk_001_2026-02-27_2026-03-06,2026-02-27,2,A027,"[2450, 2451, 2447, 2448, 2454]",2454,삼성전자 추가 매수했습니다!,trade_share,unlike,[],null
chunk_001_2026-02-27_2026-03-06,2026-03-03,4,A005,"[2473, 2480, 2485, 2472, 2468]",2473,"삼성전자, 20만원 심리적 지지선 이탈에 따른 리스크 관리 필요성",analysis,like,[],null
chunk_001_2026-02-27_2026-03-06,2026-03-03,4,A005,"[2473, 2480, 2485, 2472, 2468]",2480,[분석] 삼성전자 하락 후 반등 가능성 및 기술적 지지선 확인 필요,analysis,read,[],null
chunk_001_2026-02-27_2026-03-06,2026-03-03,4,A005,"[2473, 2480, 2485, 2472, 2468]",2485,오늘 삼성전자 일부 매도했습니다.,trade_share,like,"[""커뮤니티 인플루언서""]",null
chunk_001_2026-02-27_2026-03-06,2026-03-03,4,A005,"[2473, 2480, 2485, 2472, 2468]",2472,"삼성전자, MA20 지지선 유지와 반등 모멘텀 확보에 대한 고찰",analysis,unlike,[],null
chunk_001_2026-02-27_2026-03-06,2026-03-03,4,A005,"[2473, 2480, 2485, 2472, 2468]",2468,오늘 삼성전자 20주 매수했습니다!,trade_share,read,[],null
chunk_001_2026-02-27_2026-03-06,2026-03-03,4,A003,"[2473, 2480, 2481, 2485, 2486]",2473,"삼성전자, 20만원 심리적 지지선 이탈에 따른 리스크 관리 필요성",analysis,like,[],null
chunk_001_2026-02-27_2026-03-06,2026-03-03,4,A003,"[2473, 2480, 2481, 2485, 2486]",2480,[분석] 삼성전자 하락 후 반등 가능성 및 기술적 지지선 확인 필요,analysis,read,[],null
chunk_001_2026-02-27_2026-03-06,2026-03-03,4,A003,"[2473, 2480, 2481, 2485, 2486]",2481,오늘 삼성전자 추가 매수했습니다!,trade_share,unlike,[],null
chunk_001_2026-02-27_2026-03-06,2026-03-03,4,A003,"[2473, 2480, 2481, 2485, 2486]",2485,오늘 삼성전자 일부 매도했습니다.,trade_share,like,"[""커뮤니티 인플루언서""]",null
chunk_001_2026-02-27_2026-03-06,2026-03-03,4,A003,"[2473, 2480, 2481, 2485, 2486]",2486,"삼성전자, 기술적 지지선 이탈 후의 고민",analysis,like,[],null
chunk_001_2026-02-27_2026-03-06,2026-03-03,4,A004,"[2473, 2480, 2486, 2469, 2472]",2473,"삼성전자, 20만원 심리적 지지선 이탈에 따른 리스크 관리 필요성",analysis,like,[],null
chunk_001_2026-02-27_2026-03-06,2026-03-03,4,A004,"[2473, 2480, 2486, 2469, 2472]",2480,[분석] 삼성전자 하락 후 반등 가능성 및 기술적 지지선 확인 필요,analysis,read,[],null
chunk_001_2026-02-27_2026-03-06,2026-03-03,4,A004,"[2473, 2480, 2486, 2469, 2472]",2486,"삼성전자, 기술적 지지선 이탈 후의 고민",analysis,like,[],null
chunk_001_2026-02-27_2026-03-06,2026-03-03,4,A004,"[2473, 2480, 2486, 2469, 2472]",2469,오늘 삼성전자 매수했습니다!,trade_share,unlike,[],null
chunk_001_2026-02-27_2026-03-06,2026-03-03,4,A004,"[2473, 2480, 2486, 2469, 2472]",2472,"삼성전자, MA20 지지선 유지와 반등 모멘텀 확보에 대한 고찰",analysis,read,[],null
chunk_001_2026-02-27_2026-03-06,2026-03-03,4,A001,"[2473, 2480, 2485, 2472, 2476]",2473,"삼성전자, 20만원 심리적 지지선 이탈에 따른 리스크 관리 필요성",analysis,like,[],null
chunk_001_2026-02-27_2026-03-06,2026-03-03,4,A001,"[2473, 2480, 2485, 2472, 2476]",2480,[분석] 삼성전자 하락 후 반등 가능성 및 기술적 지지선 확인 필요,analysis,read,[],null
chunk_001_2026-02-27_2026-03-06,2026-03-03,4,A001,"[2473, 2480, 2485, 2472, 2476]",2485,오늘 삼성전자 일부 매도했습니다.,trade_share,like,"[""커뮤니티 인플루언서""]",null
chunk_001_2026-02-27_2026-03-06,2026-03-03,4,A001,"[2473, 2480, 2485, 2472, 2476]",2472,"삼성전자, MA20 지지선 유지와 반등 모멘텀 확보에 대한 고찰",analysis,unlike,[],null
chunk_001_2026-02-27_2026-03-06,2026-03-03,4,A001,"[2473, 2480, 2485, 2472, 2476]",2476,오늘 삼성전자 추가 매수했습니다!,trade_share,unlike,[],null
chunk_001_2026-02-27_2026-03-06,2026-03-03,4,A007,"[2468, 2470, 2480, 2485, 2486]",2468,오늘 삼성전자 20주 매수했습니다!,trade_share,read,[],"{""portfolio_summary"": {""state_id"": ""ps_A004_t004"", ""agent_id"": ""A004"", ""turn"": 4, ""date"": ""2026-03-03"", ""cash"": 10431500.0, ""positions"": ""[{\""stock_code\"": \""005930\"", \""quantity\"": 425, \""avg_cost\"": 210749.41176470587, \""current_price\"": 195100.0, \""unrealized_pnl\"": -6650999.999999996, \""unrealized_pnl_rate\"": -0.07425601634503197}]"", ""total_value"": 93349000.0, ""realized_pnl"": 0.0, ""total_return_rate"": -0.06651, ""updated_at"": ""2026-07-14 16:18:34""}, ""recent_trades"": [{""turn"": 4, ""date"": ""2026-03-03"", ""action"": ""buy"", ""stock_code"": ""005930"", ""quantity"": 20, ""executed_price"": 195100.0, ""trade_value"": 3902000.0, ""status"": ""filled"", ""filled_quantity"": 20, ""action_reason"": ""현재가 195,100 원이 평균 매수 단가 211,522 원 대비 저평가 구간으로 판단되며, AI 혁신 및 메모리 호재로 장기 우상향 흐름이 유효함. 손실 시 추가 매수 성향에 따라 매수 결정.""}, {""turn"": 3, ""date"": ""2026-03-03"", ""action"": ""buy"", ""stock_code"": ""005930"", ""quantity"": 67, ""executed_price"": 209500.0, ""trade_value"": 14036500.0, ""status"": ""filled"", ""filled_quantity"": 67, ""action_reason"": ""메모리 가격 폭등과 미국 ETF 유입으로 상승 모멘텀이 강하며, MA5 지지선 부근에서 기술적 매수 신호가 발생했습니다. 현재 평균 단가 대비 하락한 공시가에 매수하여 평균 단가를 낮추는 손실 시 추가 매수 성향을 반영하고, 현금 여력의 50% 한도 내에서 최대 수량으로 매수합니다.""}, {""turn"": 2, ""date"": ""2026-02-27"", ""action"": ""buy"", ""stock_code"": ""005930"", ""quantity"": 100, ""executed_price"": 216500.0, ""trade_value"": 21650000.0, ""status"": ""filled"", ""filled_quantity"": 100, ""action_reason"": ""기술적 지표 (MA5 상회, 거래량 급증) 와 긍정적 뉴스 (이재용 회장 자산, 반도체 수출 호조) 로 상승 모멘텀이 강함. 현금 비중이 높아 추격 매수 여력이 충분하며, Belief 에서도 추격 매수를 고려 중이라고 명시됨.""}]}"
chunk_001_2026-02-27_2026-03-06,2026-03-03,4,A007,"[2468, 2470, 2480, 2485, 2486]",2470,삼성전자 추가 매수했습니다!,trade_share,like,"[""커뮤니티 인플루언서""]","{""portfolio_summary"": {""state_id"": ""ps_A005_t004"", ""agent_id"": ""A005"", ""turn"": 4, ""date"": ""2026-03-03"", ""cash"": 10697200.0, ""positions"": ""[{\""stock_code\"": \""005930\"", \""quantity\"": 426, \""avg_cost\"": 209630.98591549296, \""current_price\"": 195100.0, \""unrealized_pnl\"": -6190200.0, \""unrealized_pnl_rate\"": -0.06931697550356763}]"", ""total_value"": 93809800.0, ""realized_pnl"": 0.0, ""total_return_rate"": -0.061902, ""updated_at"": ""2026-07-14 16:18:34""}, ""recent_trades"": [{""turn"": 4, ""date"": ""2026-03-03"", ""action"": ""buy"", ""stock_code"": ""005930"", ""quantity"": 53, ""executed_price"": 195100.0, ""trade_value"": 10340300.0, ""status"": ""filled"", ""filled_quantity"": 53, ""action_reason"": ""현재 주가 195,100 원은 내재가치 대비 저평가 구간이며, 지정학적 리스크로 인한 단기 급락은 안전마진 확대 기회로 판단됨. AI 및 메모리 사이클 호황이 주가를 지지하므로 집중 투자 원칙에 따라 매수.""}, {""turn"": 3, ""date"": ""2026-03-03"", ""action"": ""buy"", ""stock_code"": ""005930"", ""quantity"": 35, ""executed_price"": 209500.0, ""trade_value"": 7332500.0, ""status"": ""filled"", ""filled_quantity"": 35, ""action_reason"": ""오늘 -3.2% 하락으로 내재가치 대비 저평가 폭이 확대되어 매수 기회로 판단. AI 사이클과 메모리 가격 상승 등 펀더멘털은 견고하며, 평균 매수 단가 인하를 통해 장기 수익률 개선 목표.""}, {""turn"": 2, ""date"": ""2026-02-27"", ""action"": ""buy"", ""stock_code"": ""005930"", ""quantity"": 100, ""executed_price"": 216500.0, ""trade_value"": 21650000.0, ""status"": ""filled"", ""filled_quantity"": 100, ""action_reason"": ""내재가치 대비 저평가 구간이며, 반도체 업황 호조로 장기 우상향 전망이 확실합니다. 현금 비중 50% 로 변동성 대비 여력이 충분하여 추가 매수 여력이 있습니다.""}]}"
chunk_001_2026-02-27_2026-03-06,2026-03-03,4,A007,"[2468, 2470, 2480, 2485, 2486]",2480,[분석] 삼성전자 하락 후 반등 가능성 및 기술적 지지선 확인 필요,analysis,like,[],"{""portfolio_summary"": {""state_id"": ""ps_A017_t004"", ""agent_id"": ""A017"", ""turn"": 4, ""date"": ""2026-03-03"", ""cash"": 9956500.0, ""positions"": ""[{\""stock_code\"": \""005930\"", \""quantity\"": 431, \""avg_cost\"": 208917.63341067286, \""current_price\"": 195100.0, \""unrealized_pnl\"": -5955400.000000003, \""unrealized_pnl_rate\"": -0.06613914385824632}]"", ""total_value"": 94044600.0, ""realized_pnl"": 0.0, ""total_return_rate"": -0.059554, ""updated_at"": ""2026-07-14 16:18:34""}, ""recent_trades"": [{""turn"": 4, ""date"": ""2026-03-03"", ""action"": ""buy"", ""stock_code"": ""005930"", ""quantity"": 50, ""executed_price"": 195100.0, ""trade_value"": 9755000.0, ""status"": ""filled"", ""filled_quantity"": 50, ""action_reason"": ""중장기 AI/메모리 슈퍼사이클 호재로 저평가 구간 진입. 20 만원 선 붕괴 후 19 만 5 천 원 부근 기술적 지지선 재확인 및 기관 자금 유입으로 매수 기회로 판단.""}, {""turn"": 3, ""date"": ""2026-03-03"", ""action"": ""buy"", ""stock_code"": ""005930"", ""quantity"": 93, ""executed_price"": 209500.0, ""trade_value"": 19483500.0, ""status"": ""filled"", ""filled_quantity"": 93, ""action_reason"": ""공시된 209,500 원은 MA5 지지선 테스트로 판단되며, 거래대금 사상 최대와 외국인 유입으로 하방이 지지됨. 메모리 슈퍼사이클과 저평가 구간으로 판단하여 현금 여력 내에서 최대 한도까지 매수하여 평균 단가 하향 및 수익 기회 확대.""}, {""turn"": 2, ""date"": ""2026-02-27"", ""action"": ""buy"", ""stock_code"": ""005930"", ""quantity"": 50, ""executed_price"": 216500.0, ""trade_value"": 10825000.0, ""status"": ""filled"", ""filled_quantity"": 50, ""action_reason"": ""기술적 지표 (5 일선 지지) 와 중장기 상승 추세 유효성을 근거로 매수. 외국인 매도세는 단기 변동성으로 판단.""}]}"
chunk_001_2026-02-27_2026-03-06,2026-03-03,4,A007,"[2468, 2470, 2480, 2485, 2486]",2485,오늘 삼성전자 일부 매도했습니다.,trade_share,unlike,"[""커뮤니티 인플루언서""]","{""portfolio_summary"": {""state_id"": ""ps_A025_t004"", ""agent_id"": ""A025"", ""turn"": 4, ""date"": ""2026-03-03"", ""cash"": 49650000.0, ""positions"": ""[{\""stock_code\"": \""005930\"", \""quantity\"": 238, \""avg_cost\"": 209826.38888888888, \""current_price\"": 195100.0, \""unrealized_pnl\"": -3504880.5555555522, \""unrealized_pnl_rate\"": -0.07018368360086044}]"", ""total_value"": 96083800.0, ""realized_pnl"": -411319.4444444438, ""total_return_rate"": -0.039162, ""updated_at"": ""2026-07-14 16:18:34""}, ""recent_trades"": [{""turn"": 4, ""date"": ""2026-03-03"", ""action"": ""sell"", ""stock_code"": ""005930"", ""quantity"": 50, ""executed_price"": 195100.0, ""trade_value"": 9755000.0, ""status"": ""filled"", ""filled_quantity"": 50, ""action_reason"": ""단기 MA5 이탈 및 20 만원 선 붕괴로 기술적 약세 신호 확인. 손절 원칙 준수 및 포트폴리오 집중도 완화를 위해 일부 매도.""}, {""turn"": 3, ""date"": ""2026-03-03"", ""action"": ""buy"", ""stock_code"": ""005930"", ""quantity"": 100, ""executed_price"": 209500.0, ""trade_value"": 20950000.0, ""status"": ""filled"", ""filled_quantity"": 100, ""action_reason"": ""단기 조정으로 매수 기회로 판단되며, 현재가가 평균 매수 단가보다 낮아 손실 시 추가 매수 (Averaging Down) 전략 적용. 기술적 지지선 (MA5) 이탈 없이 거래량 증가로 매수 흡수력 확인.""}, {""turn"": 2, ""date"": ""2026-02-27"", ""action"": ""sell"", ""stock_code"": ""005930"", ""quantity"": 50, ""executed_price"": 216500.0, ""trade_value"": 10825000.0, ""status"": ""filled"", ""filled_quantity"": 50, ""action_reason"": ""매수 단가 대비 3% 상승하여 단기 과매수 구간 진입 및 수익 실현 욕구 (처분효과) 가 강함. 기술적 지표는 상승 추세 유지 중이나, 심리적 부담 해소를 위해 보유 주식의 일부 (약 20%) 를 매도합니다.""}]}"
chunk_001_2026-02-27_2026-03-06,2026-03-03,4,A007,"[2468, 2470, 2480, 2485, 2486]",2486,"삼성전자, 기술적 지지선 이탈 후의 고민",analysis,like,[],"{""portfolio_summary"": {""state_id"": ""ps_A027_t004"", ""agent_id"": ""A027"", ""turn"": 4, ""date"": ""2026-03-03"", ""cash"": 44440500.0, ""positions"": ""[{\""stock_code\"": \""005930\"", \""quantity\"": 251, \""avg_cost\"": 211532.41895261846, \""current_price\"": 195100.0, \""unrealized_pnl\"": -4124537.1571072345, \""unrealized_pnl_rate\"": -0.07768274496165617}]"", ""total_value"": 93410600.0, ""realized_pnl"": -2464862.8428927697, ""total_return_rate"": -0.065894, ""updated_at"": ""2026-07-14 16:18:34""}, ""recent_trades"": [{""turn"": 4, ""date"": ""2026-03-03"", ""action"": ""sell"", ""stock_code"": ""005930"", ""quantity"": 150, ""executed_price"": 195100.0, ""trade_value"": 29265000.0, ""status"": ""filled"", ""filled_quantity"": 150, ""action_reason"": ""MA5 이탈로 단기 하락 압력 확인 및 뉴스와 기술적 지표 괴리감으로 불확실성 증가. 손절 원칙에 따라 보유 물량 축소.""}, {""turn"": 3, ""date"": ""2026-03-03"", ""action"": ""buy"", ""stock_code"": ""005930"", ""quantity"": 71, ""executed_price"": 209500.0, ""trade_value"": 14874500.0, ""status"": ""filled"", ""filled_quantity"": 71, ""action_reason"": ""MA5(206,200 원) 지지선 유지 및 거래량 증가로 매수 신호 확인. 현재가 (209,500 원) 가 매수 단가보다 낮아 평균 단가 하향 효과 기대. 반도체 사이클 상승세 belief 에 따라 조정 구간 매수.""}, {""turn"": 2, ""date"": ""2026-02-27"", ""action"": ""buy"", ""stock_code"": ""005930"", ""quantity"": 100, ""executed_price"": 216500.0, ""trade_value"": 21650000.0, ""status"": ""filled"", ""filled_quantity"": 100, ""action_reason"": ""Belief 에 따른 상승 추세 유지 및 수익 보유 원칙에 따라 추가 매수합니다. 현금 비중이 높아 자금 활용도가 필요하며, 기술적 지표와 뉴스가 일치함을 확인했습니다.""}]}"
chunk_001_2026-02-27_2026-03-06,2026-03-03,4,A006,"[2473, 2480, 2486, 2472, 2485]",2473,"삼성전자, 20만원 심리적 지지선 이탈에 따른 리스크 관리 필요성",analysis,like,[],null
chunk_001_2026-02-27_2026-03-06,2026-03-03,4,A006,"[2473, 2480, 2486, 2472, 2485]",2480,[분석] 삼성전자 하락 후 반등 가능성 및 기술적 지지선 확인 필요,analysis,read,[],null
chunk_001_2026-02-27_2026-03-06,2026-03-03,4,A006,"[2473, 2480, 2486, 2472, 2485]",2486,"삼성전자, 기술적 지지선 이탈 후의 고민",analysis,like,[],null
chunk_001_2026-02-27_2026-03-06,2026-03-03,4,A006,"[2473, 2480, 2486, 2472, 2485]",2472,"삼성전자, MA20 지지선 유지와 반등 모멘텀 확보에 대한 고찰",analysis,unlike,[],null
chunk_001_2026-02-27_2026-03-06,2026-03-03,4,A006,"[2473, 2480, 2486, 2472, 2485]",2485,오늘 삼성전자 일부 매도했습니다.,trade_share,like,"[""커뮤니티 인플루언서""]",null
chunk_001_2026-02-27_2026-03-06,2026-03-03,4,A008,"[2473, 2480, 2485, 2476, 2471]",2473,"삼성전자, 20만원 심리적 지지선 이탈에 따른 리스크 관리 필요성",analysis,like,[],null
chunk_001_2026-02-27_2026-03-06,2026-03-03,4,A008,"[2473, 2480, 2485, 2476, 2471]",2480,[분석] 삼성전자 하락 후 반등 가능성 및 기술적 지지선 확인 필요,analysis,read,[],null
chunk_001_2026-02-27_2026-03-06,2026-03-03,4,A008,"[2473, 2480, 2485, 2476, 2471]",2485,오늘 삼성전자 일부 매도했습니다.,trade_share,like,"[""커뮤니티 인플루언서""]",null
chunk_001_2026-02-27_2026-03-06,2026-03-03,4,A008,"[2473, 2480, 2485, 2476, 2471]",2476,오늘 삼성전자 추가 매수했습니다!,trade_share,unlike,[],null
chunk_001_2026-02-27_2026-03-06,2026-03-03,4,A008,"[2473, 2480, 2485, 2476, 2471]",2471,오늘 삼성전자 추가 매수했습니다!,trade_share,unlike,"[""상위 수익자"", ""자산가"", ""커뮤니티 인플루언서""]",null
chunk_001_2026-02-27_2026-03-06,2026-03-03,4,A010,"[2473, 2480, 2486, 2485, 2472]",2473,"삼성전자, 20만원 심리적 지지선 이탈에 따른 리스크 관리 필요성",analysis,like,[],null
chunk_001_2026-02-27_2026-03-06,2026-03-03,4,A010,"[2473, 2480, 2486, 2485, 2472]",2480,[분석] 삼성전자 하락 후 반등 가능성 및 기술적 지지선 확인 필요,analysis,read,[],null
chunk_001_2026-02-27_2026-03-06,2026-03-03,4,A010,"[2473, 2480, 2486, 2485, 2472]",2486,"삼성전자, 기술적 지지선 이탈 후의 고민",analysis,like,[],null
chunk_001_2026-02-27_2026-03-06,2026-03-03,4,A010,"[2473, 2480, 2486, 2485, 2472]",2485,오늘 삼성전자 일부 매도했습니다.,trade_share,like,"[""커뮤니티 인플루언서""]",null
chunk_001_2026-02-27_2026-03-06,2026-03-03,4,A010,"[2473, 2480, 2486, 2485, 2472]",2472,"삼성전자, MA20 지지선 유지와 반등 모멘텀 확보에 대한 고찰",analysis,unlike,[],null
chunk_001_2026-02-27_2026-03-06,2026-03-03,4,A012,"[2473, 2480, 2486, 2468, 2485]",2473,"삼성전자, 20만원 심리적 지지선 이탈에 따른 리스크 관리 필요성",analysis,like,[],null
chunk_001_2026-02-27_2026-03-06,2026-03-03,4,A012,"[2473, 2480, 2486, 2468, 2485]",2480,[분석] 삼성전자 하락 후 반등 가능성 및 기술적 지지선 확인 필요,analysis,read,[],null
chunk_001_2026-02-27_2026-03-06,2026-03-03,4,A012,"[2473, 2480, 2486, 2468, 2485]",2486,"삼성전자, 기술적 지지선 이탈 후의 고민",analysis,like,[],null
chunk_001_2026-02-27_2026-03-06,2026-03-03,4,A012,"[2473, 2480, 2486, 2468, 2485]",2468,오늘 삼성전자 20주 매수했습니다!,trade_share,unlike,[],null
chunk_001_2026-02-27_2026-03-06,2026-03-03,4,A012,"[2473, 2480, 2486, 2468, 2485]",2485,오늘 삼성전자 일부 매도했습니다.,trade_share,like,"[""커뮤니티 인플루언서""]",null
chunk_001_2026-02-27_2026-03-06,2026-03-03,4,A013,"[2473, 2480, 2486, 2468, 2475]",2473,"삼성전자, 20만원 심리적 지지선 이탈에 따른 리스크 관리 필요성",analysis,like,[],null
chunk_001_2026-02-27_2026-03-06,2026-03-03,4,A013,"[2473, 2480, 2486, 2468, 2475]",2480,[분석] 삼성전자 하락 후 반등 가능성 및 기술적 지지선 확인 필요,analysis,read,[],null
chunk_001_2026-02-27_2026-03-06,2026-03-03,4,A013,"[2473, 2480, 2486, 2468, 2475]",2486,"삼성전자, 기술적 지지선 이탈 후의 고민",analysis,like,[],null
chunk_001_2026-02-27_2026-03-06,2026-03-03,4,A013,"[2473, 2480, 2486, 2468, 2475]",2468,오늘 삼성전자 20주 매수했습니다!,trade_share,unlike,[],null
chunk_001_2026-02-27_2026-03-06,2026-03-03,4,A013,"[2473, 2480, 2486, 2468, 2475]",2475,삼성전자 매수 거래 공유합니다!,trade_share,unlike,"[""커뮤니티 인플루언서""]",null
chunk_001_2026-02-27_2026-03-06,2026-03-03,4,A011,"[2473, 2480, 2486, 2467, 2485]",2473,"삼성전자, 20만원 심리적 지지선 이탈에 따른 리스크 관리 필요성",analysis,like,[],null
chunk_001_2026-02-27_2026-03-06,2026-03-03,4,A011,"[2473, 2480, 2486, 2467, 2485]",2480,[분석] 삼성전자 하락 후 반등 가능성 및 기술적 지지선 확인 필요,analysis,read,[],null
chunk_001_2026-02-27_2026-03-06,2026-03-03,4,A011,"[2473, 2480, 2486, 2467, 2485]",2486,"삼성전자, 기술적 지지선 이탈 후의 고민",analysis,like,[],null
chunk_001_2026-02-27_2026-03-06,2026-03-03,4,A011,"[2473, 2480, 2486, 2467, 2485]",2467,삼성전자 추가 매수했습니다!,trade_share,unlike,"[""상위 수익자"", ""자산가""]",null
chunk_001_2026-02-27_2026-03-06,2026-03-03,4,A011,"[2473, 2480, 2486, 2467, 2485]",2485,오늘 삼성전자 일부 매도했습니다.,trade_share,like,"[""커뮤니티 인플루언서""]",null
chunk_001_2026-02-27_2026-03-06,2026-03-03,4,A014,"[2473, 2480, 2486, 2468, 2475]",2473,"삼성전자, 20만원 심리적 지지선 이탈에 따른 리스크 관리 필요성",analysis,like,[],null
chunk_001_2026-02-27_2026-03-06,2026-03-03,4,A014,"[2473, 2480, 2486, 2468, 2475]",2480,[분석] 삼성전자 하락 후 반등 가능성 및 기술적 지지선 확인 필요,analysis,read,[],null
chunk_001_2026-02-27_2026-03-06,2026-03-03,4,A014,"[2473, 2480, 2486, 2468, 2475]",2486,"삼성전자, 기술적 지지선 이탈 후의 고민",analysis,like,[],null
chunk_001_2026-02-27_2026-03-06,2026-03-03,4,A014,"[2473, 2480, 2486, 2468, 2475]",2468,오늘 삼성전자 20주 매수했습니다!,trade_share,unlike,[],null
chunk_001_2026-02-27_2026-03-06,2026-03-03,4,A014,"[2473, 2480, 2486, 2468, 2475]",2475,삼성전자 매수 거래 공유합니다!,trade_share,unlike,"[""커뮤니티 인플루언서""]",null
chunk_001_2026-02-27_2026-03-06,2026-03-03,4,A019,"[2473, 2480, 2486, 2468, 2485]",2473,"삼성전자, 20만원 심리적 지지선 이탈에 따른 리스크 관리 필요성",analysis,like,[],null
chunk_001_2026-02-27_2026-03-06,2026-03-03,4,A019,"[2473, 2480, 2486, 2468, 2485]",2480,[분석] 삼성전자 하락 후 반등 가능성 및 기술적 지지선 확인 필요,analysis,read,[],null
chunk_001_2026-02-27_2026-03-06,2026-03-03,4,A019,"[2473, 2480, 2486, 2468, 2485]",2486,"삼성전자, 기술적 지지선 이탈 후의 고민",analysis,like,[],null
chunk_001_2026-02-27_2026-03-06,2026-03-03,4,A019,"[2473, 2480, 2486, 2468, 2485]",2468,오늘 삼성전자 20주 매수했습니다!,trade_share,unlike,[],null
chunk_001_2026-02-27_2026-03-06,2026-03-03,4,A019,"[2473, 2480, 2486, 2468, 2485]",2485,오늘 삼성전자 일부 매도했습니다.,trade_share,like,"[""커뮤니티 인플루언서""]",null
chunk_001_2026-02-27_2026-03-06,2026-03-03,4,A015,"[2472, 2473, 2480, 2486, 2485]",2472,"삼성전자, MA20 지지선 유지와 반등 모멘텀 확보에 대한 고찰",analysis,like,[],"{""portfolio_summary"": {""state_id"": ""ps_A008_t004"", ""agent_id"": ""A008"", ""turn"": 4, ""date"": ""2026-03-03"", ""cash"": 6518800.0, ""positions"": ""[{\""stock_code\"": \""005930\"", \""quantity\"": 444, \""avg_cost\"": 210543.24324324325, \""current_price\"": 195100.0, \""unrealized_pnl\"": -6856800.000000005, \""unrealized_pnl_rate\"": -0.07334950770850186}]"", ""total_value"": 93143200.0, ""realized_pnl"": 0.0, ""total_return_rate"": -0.068568, ""updated_at"": ""2026-07-14 16:18:34""}, ""recent_trades"": [{""turn"": 4, ""date"": ""2026-03-03"", ""action"": ""buy"", ""stock_code"": ""005930"", ""quantity"": 32, ""executed_price"": 195100.0, ""trade_value"": 6243200.0, ""status"": ""filled"", ""filled_quantity"": 32, ""action_reason"": ""MA20(179,605 원) 지지선 내 유지 및 AI 사이클 호재로 매수 기회로 판단. 단기 급락 후 반등 모멘텀 확보를 위해 현금 여력 범위 내에서 최대 수량 매수.""}, {""turn"": 3, ""date"": ""2026-03-03"", ""action"": ""buy"", ""stock_code"": ""005930"", ""quantity"": 59, ""executed_price"": 209500.0, ""trade_value"": 12360500.0, ""status"": ""filled"", ""filled_quantity"": 59, ""action_reason"": ""메모리 가격 폭등과 AI 사이클 호재로 상승 모멘텀 확인. MA5(206,200 원) 지지선 부근에서 기술적 매수 기회로 판단하여 현금 여력 활용.""}, {""turn"": 2, ""date"": ""2026-02-27"", ""action"": ""buy"", ""stock_code"": ""005930"", ""quantity"": 115, ""executed_price"": 216500.0, ""trade_value"": 24897500.0, ""status"": ""filled"", ""filled_quantity"": 115, ""action_reason"": ""MA5 상향 유지 및 거래량 증가로 단기 상승 추세 확인, 고위험 고수익 선호 성향에 따라 상승 추세에 추가 매수합니다.""}]}"
chunk_001_2026-02-27_2026-03-06,2026-03-03,4,A015,"[2472, 2473, 2480, 2486, 2485]",2473,"삼성전자, 20만원 심리적 지지선 이탈에 따른 리스크 관리 필요성",analysis,like,[],"{""portfolio_summary"": {""state_id"": ""ps_A007_t004"", ""agent_id"": ""A007"", ""turn"": 4, ""date"": ""2026-03-03"", ""cash"": 54395000.0, ""positions"": ""[{\""stock_code\"": \""005930\"", \""quantity\"": 210, \""avg_cost\"": 210048.38709677418, \""current_price\"": 195100.0, \""unrealized_pnl\"": -3139161.2903225785, \""unrealized_pnl_rate\"": -0.0711663979113875}]"", ""total_value"": 95366000.0, ""realized_pnl"": -1494838.7096774182, ""total_return_rate"": -0.04634, ""updated_at"": ""2026-07-14 16:18:34""}, ""recent_trades"": [{""turn"": 4, ""date"": ""2026-03-03"", ""action"": ""sell"", ""stock_code"": ""005930"", ""quantity"": 100, ""executed_price"": 195100.0, ""trade_value"": 19510000.0, ""status"": ""filled"", ""filled_quantity"": 100, ""action_reason"": ""20 만원 심리적 지지선 이탈 및 밸류에이션 지표 (PE/PB) 부재로 단기 리스크 관리가 우선됨. Belief 에 명시된 '추가 매수 보류'에 따라 매수 불가하며, 집중 리스크 해소를 위해 일부 매도.""}, {""turn"": 3, ""date"": ""2026-03-03"", ""action"": ""buy"", ""stock_code"": ""005930"", ""quantity"": 100, ""executed_price"": 209500.0, ""trade_value"": 20950000.0, ""status"": ""filled"", ""filled_quantity"": 100, ""action_reason"": ""메모리 슈퍼사이클과 실적 호조로 내재가치가 입증된 저평가 구간이며, 거래량 급증으로 매수 심리가 반영되었습니다. 평균 단가 대비 현재가가 낮아 추가 매수로 단가 방어 및 수익률 개선이 가능합니다.""}, {""turn"": 2, ""date"": ""2026-02-27"", ""action"": ""buy"", ""stock_code"": ""005930"", ""quantity"": 10, ""executed_price"": 216500.0, ""trade_value"": 2165000.0, ""status"": ""filled"", ""filled_quantity"": 10, ""action_reason"": ""상승 추세 유지 및 현재가 대비 매수 단가 방어력 확보로 소량 매수 결정""}]}"
chunk_001_2026-02-27_2026-03-06,2026-03-03,4,A015,"[2472, 2473, 2480, 2486, 2485]",2480,[분석] 삼성전자 하락 후 반등 가능성 및 기술적 지지선 확인 필요,analysis,read,[],"{""portfolio_summary"": {""state_id"": ""ps_A017_t004"", ""agent_id"": ""A017"", ""turn"": 4, ""date"": ""2026-03-03"", ""cash"": 9956500.0, ""positions"": ""[{\""stock_code\"": \""005930\"", \""quantity\"": 431, \""avg_cost\"": 208917.63341067286, \""current_price\"": 195100.0, \""unrealized_pnl\"": -5955400.000000003, \""unrealized_pnl_rate\"": -0.06613914385824632}]"", ""total_value"": 94044600.0, ""realized_pnl"": 0.0, ""total_return_rate"": -0.059554, ""updated_at"": ""2026-07-14 16:18:34""}, ""recent_trades"": [{""turn"": 4, ""date"": ""2026-03-03"", ""action"": ""buy"", ""stock_code"": ""005930"", ""quantity"": 50, ""executed_price"": 195100.0, ""trade_value"": 9755000.0, ""status"": ""filled"", ""filled_quantity"": 50, ""action_reason"": ""중장기 AI/메모리 슈퍼사이클 호재로 저평가 구간 진입. 20 만원 선 붕괴 후 19 만 5 천 원 부근 기술적 지지선 재확인 및 기관 자금 유입으로 매수 기회로 판단.""}, {""turn"": 3, ""date"": ""2026-03-03"", ""action"": ""buy"", ""stock_code"": ""005930"", ""quantity"": 93, ""executed_price"": 209500.0, ""trade_value"": 19483500.0, ""status"": ""filled"", ""filled_quantity"": 93, ""action_reason"": ""공시된 209,500 원은 MA5 지지선 테스트로 판단되며, 거래대금 사상 최대와 외국인 유입으로 하방이 지지됨. 메모리 슈퍼사이클과 저평가 구간으로 판단하여 현금 여력 내에서 최대 한도까지 매수하여 평균 단가 하향 및 수익 기회 확대.""}, {""turn"": 2, ""date"": ""2026-02-27"", ""action"": ""buy"", ""stock_code"": ""005930"", ""quantity"": 50, ""executed_price"": 216500.0, ""trade_value"": 10825000.0, ""status"": ""filled"", ""filled_quantity"": 50, ""action_reason"": ""기술적 지표 (5 일선 지지) 와 중장기 상승 추세 유효성을 근거로 매수. 외국인 매도세는 단기 변동성으로 판단.""}]}"
chunk_001_2026-02-27_2026-03-06,2026-03-03,4,A015,"[2472, 2473, 2480, 2486, 2485]",2486,"삼성전자, 기술적 지지선 이탈 후의 고민",analysis,unlike,[],"{""portfolio_summary"": {""state_id"": ""ps_A027_t004"", ""agent_id"": ""A027"", ""turn"": 4, ""date"": ""2026-03-03"", ""cash"": 44440500.0, ""positions"": ""[{\""stock_code\"": \""005930\"", \""quantity\"": 251, \""avg_cost\"": 211532.41895261846, \""current_price\"": 195100.0, \""unrealized_pnl\"": -4124537.1571072345, \""unrealized_pnl_rate\"": -0.07768274496165617}]"", ""total_value"": 93410600.0, ""realized_pnl"": -2464862.8428927697, ""total_return_rate"": -0.065894, ""updated_at"": ""2026-07-14 16:18:34""}, ""recent_trades"": [{""turn"": 4, ""date"": ""2026-03-03"", ""action"": ""sell"", ""stock_code"": ""005930"", ""quantity"": 150, ""executed_price"": 195100.0, ""trade_value"": 29265000.0, ""status"": ""filled"", ""filled_quantity"": 150, ""action_reason"": ""MA5 이탈로 단기 하락 압력 확인 및 뉴스와 기술적 지표 괴리감으로 불확실성 증가. 손절 원칙에 따라 보유 물량 축소.""}, {""turn"": 3, ""date"": ""2026-03-03"", ""action"": ""buy"", ""stock_code"": ""005930"", ""quantity"": 71, ""executed_price"": 209500.0, ""trade_value"": 14874500.0, ""status"": ""filled"", ""filled_quantity"": 71, ""action_reason"": ""MA5(206,200 원) 지지선 유지 및 거래량 증가로 매수 신호 확인. 현재가 (209,500 원) 가 매수 단가보다 낮아 평균 단가 하향 효과 기대. 반도체 사이클 상승세 belief 에 따라 조정 구간 매수.""}, {""turn"": 2, ""date"": ""2026-02-27"", ""action"": ""buy"", ""stock_code"": ""005930"", ""quantity"": 100, ""executed_price"": 216500.0, ""trade_value"": 21650000.0, ""status"": ""filled"", ""filled_quantity"": 100, ""action_reason"": ""Belief 에 따른 상승 추세 유지 및 수익 보유 원칙에 따라 추가 매수합니다. 현금 비중이 높아 자금 활용도가 필요하며, 기술적 지표와 뉴스가 일치함을 확인했습니다.""}]}"
chunk_001_2026-02-27_2026-03-06,2026-03-03,4,A015,"[2472, 2473, 2480, 2486, 2485]",2485,오늘 삼성전자 일부 매도했습니다.,trade_share,like,"[""커뮤니티 인플루언서""]","{""portfolio_summary"": {""state_id"": ""ps_A025_t004"", ""agent_id"": ""A025"", ""turn"": 4, ""date"": ""2026-03-03"", ""cash"": 49650000.0, ""positions"": ""[{\""stock_code\"": \""005930\"", \""quantity\"": 238, \""avg_cost\"": 209826.38888888888, \""current_price\"": 195100.0, \""unrealized_pnl\"": -3504880.5555555522, \""unrealized_pnl_rate\"": -0.07018368360086044}]"", ""total_value"": 96083800.0, ""realized_pnl"": -411319.4444444438, ""total_return_rate"": -0.039162, ""updated_at"": ""2026-07-14 16:18:34""}, ""recent_trades"": [{""turn"": 4, ""date"": ""2026-03-03"", ""action"": ""sell"", ""stock_code"": ""005930"", ""quantity"": 50, ""executed_price"": 195100.0, ""trade_value"": 9755000.0, ""status"": ""filled"", ""filled_quantity"": 50, ""action_reason"": ""단기 MA5 이탈 및 20 만원 선 붕괴로 기술적 약세 신호 확인. 손절 원칙 준수 및 포트폴리오 집중도 완화를 위해 일부 매도.""}, {""turn"": 3, ""date"": ""2026-03-03"", ""action"": ""buy"", ""stock_code"": ""005930"", ""quantity"": 100, ""executed_price"": 209500.0, ""trade_value"": 20950000.0, ""status"": ""filled"", ""filled_quantity"": 100, ""action_reason"": ""단기 조정으로 매수 기회로 판단되며, 현재가가 평균 매수 단가보다 낮아 손실 시 추가 매수 (Averaging Down) 전략 적용. 기술적 지지선 (MA5) 이탈 없이 거래량 증가로 매수 흡수력 확인.""}, {""turn"": 2, ""date"": ""2026-02-27"", ""action"": ""sell"", ""stock_code"": ""005930"", ""quantity"": 50, ""executed_price"": 216500.0, ""trade_value"": 10825000.0, ""status"": ""filled"", ""filled_quantity"": 50, ""action_reason"": ""매수 단가 대비 3% 상승하여 단기 과매수 구간 진입 및 수익 실현 욕구 (처분효과) 가 강함. 기술적 지표는 상승 추세 유지 중이나, 심리적 부담 해소를 위해 보유 주식의 일부 (약 20%) 를 매도합니다.""}]}"
chunk_001_2026-02-27_2026-03-06,2026-03-03,4,A017,"[2473, 2485, 2468, 2472, 2476, 2470, 2486, 2469, 2471, 2474]",2473,"삼성전자, 20만원 심리적 지지선 이탈에 따른 리스크 관리 필요성",analysis,like,[],"{""portfolio_summary"": {""state_id"": ""ps_A007_t004"", ""agent_id"": ""A007"", ""turn"": 4, ""date"": ""2026-03-03"", ""cash"": 54395000.0, ""positions"": ""[{\""stock_code\"": \""005930\"", \""quantity\"": 210, \""avg_cost\"": 210048.38709677418, \""current_price\"": 195100.0, \""unrealized_pnl\"": -3139161.2903225785, \""unrealized_pnl_rate\"": -0.0711663979113875}]"", ""total_value"": 95366000.0, ""realized_pnl"": -1494838.7096774182, ""total_return_rate"": -0.04634, ""updated_at"": ""2026-07-14 16:18:34""}, ""recent_trades"": [{""turn"": 4, ""date"": ""2026-03-03"", ""action"": ""sell"", ""stock_code"": ""005930"", ""quantity"": 100, ""executed_price"": 195100.0, ""trade_value"": 19510000.0, ""status"": ""filled"", ""filled_quantity"": 100, ""action_reason"": ""20 만원 심리적 지지선 이탈 및 밸류에이션 지표 (PE/PB) 부재로 단기 리스크 관리가 우선됨. Belief 에 명시된 '추가 매수 보류'에 따라 매수 불가하며, 집중 리스크 해소를 위해 일부 매도.""}, {""turn"": 3, ""date"": ""2026-03-03"", ""action"": ""buy"", ""stock_code"": ""005930"", ""quantity"": 100, ""executed_price"": 209500.0, ""trade_value"": 20950000.0, ""status"": ""filled"", ""filled_quantity"": 100, ""action_reason"": ""메모리 슈퍼사이클과 실적 호조로 내재가치가 입증된 저평가 구간이며, 거래량 급증으로 매수 심리가 반영되었습니다. 평균 단가 대비 현재가가 낮아 추가 매수로 단가 방어 및 수익률 개선이 가능합니다.""}, {""turn"": 2, ""date"": ""2026-02-27"", ""action"": ""buy"", ""stock_code"": ""005930"", ""quantity"": 10, ""executed_price"": 216500.0, ""trade_value"": 2165000.0, ""status"": ""filled"", ""filled_quantity"": 10, ""action_reason"": ""상승 추세 유지 및 현재가 대비 매수 단가 방어력 확보로 소량 매수 결정""}]}"
chunk_001_2026-02-27_2026-03-06,2026-03-03,4,A017,"[2473, 2485, 2468, 2472, 2476, 2470, 2486, 2469, 2471, 2474]",2485,오늘 삼성전자 일부 매도했습니다.,trade_share,like,"[""커뮤니티 인플루언서""]","{""portfolio_summary"": {""state_id"": ""ps_A025_t004"", ""agent_id"": ""A025"", ""turn"": 4, ""date"": ""2026-03-03"", ""cash"": 49650000.0, ""positions"": ""[{\""stock_code\"": \""005930\"", \""quantity\"": 238, \""avg_cost\"": 209826.38888888888, \""current_price\"": 195100.0, \""unrealized_pnl\"": -3504880.5555555522, \""unrealized_pnl_rate\"": -0.07018368360086044}]"", ""total_value"": 96083800.0, ""realized_pnl"": -411319.4444444438, ""total_return_rate"": -0.039162, ""updated_at"": ""2026-07-14 16:18:34""}, ""recent_trades"": [{""turn"": 4, ""date"": ""2026-03-03"", ""action"": ""sell"", ""stock_code"": ""005930"", ""quantity"": 50, ""executed_price"": 195100.0, ""trade_value"": 9755000.0, ""status"": ""filled"", ""filled_quantity"": 50, ""action_reason"": ""단기 MA5 이탈 및 20 만원 선 붕괴로 기술적 약세 신호 확인. 손절 원칙 준수 및 포트폴리오 집중도 완화를 위해 일부 매도.""}, {""turn"": 3, ""date"": ""2026-03-03"", ""action"": ""buy"", ""stock_code"": ""005930"", ""quantity"": 100, ""executed_price"": 209500.0, ""trade_value"": 20950000.0, ""status"": ""filled"", ""filled_quantity"": 100, ""action_reason"": ""단기 조정으로 매수 기회로 판단되며, 현재가가 평균 매수 단가보다 낮아 손실 시 추가 매수 (Averaging Down) 전략 적용. 기술적 지지선 (MA5) 이탈 없이 거래량 증가로 매수 흡수력 확인.""}, {""turn"": 2, ""date"": ""2026-02-27"", ""action"": ""sell"", ""stock_code"": ""005930"", ""quantity"": 50, ""executed_price"": 216500.0, ""trade_value"": 10825000.0, ""status"": ""filled"", ""filled_quantity"": 50, ""action_reason"": ""매수 단가 대비 3% 상승하여 단기 과매수 구간 진입 및 수익 실현 욕구 (처분효과) 가 강함. 기술적 지표는 상승 추세 유지 중이나, 심리적 부담 해소를 위해 보유 주식의 일부 (약 20%) 를 매도합니다.""}]}"
chunk_001_2026-02-27_2026-03-06,2026-03-03,4,A017,"[2473, 2485, 2468, 2472, 2476, 2470, 2486, 2469, 2471, 2474]",2468,오늘 삼성전자 20주 매수했습니다!,trade_share,unlike,[],"{""portfolio_summary"": {""state_id"": ""ps_A004_t004"", ""agent_id"": ""A004"", ""turn"": 4, ""date"": ""2026-03-03"", ""cash"": 10431500.0, ""positions"": ""[{\""stock_code\"": \""005930\"", \""quantity\"": 425, \""avg_cost\"": 210749.41176470587, \""current_price\"": 195100.0, \""unrealized_pnl\"": -6650999.999999996, \""unrealized_pnl_rate\"": -0.07425601634503197}]"", ""total_value"": 93349000.0, ""realized_pnl"": 0.0, ""total_return_rate"": -0.06651, ""updated_at"": ""2026-07-14 16:18:34""}, ""recent_trades"": [{""turn"": 4, ""date"": ""2026-03-03"", ""action"": ""buy"", ""stock_code"": ""005930"", ""quantity"": 20, ""executed_price"": 195100.0, ""trade_value"": 3902000.0, ""status"": ""filled"", ""filled_quantity"": 20, ""action_reason"": ""현재가 195,100 원이 평균 매수 단가 211,522 원 대비 저평가 구간으로 판단되며, AI 혁신 및 메모리 호재로 장기 우상향 흐름이 유효함. 손실 시 추가 매수 성향에 따라 매수 결정.""}, {""turn"": 3, ""date"": ""2026-03-03"", ""action"": ""buy"", ""stock_code"": ""005930"", ""quantity"": 67, ""executed_price"": 209500.0, ""trade_value"": 14036500.0, ""status"": ""filled"", ""filled_quantity"": 67, ""action_reason"": ""메모리 가격 폭등과 미국 ETF 유입으로 상승 모멘텀이 강하며, MA5 지지선 부근에서 기술적 매수 신호가 발생했습니다. 현재 평균 단가 대비 하락한 공시가에 매수하여 평균 단가를 낮추는 손실 시 추가 매수 성향을 반영하고, 현금 여력의 50% 한도 내에서 최대 수량으로 매수합니다.""}, {""turn"": 2, ""date"": ""2026-02-27"", ""action"": ""buy"", ""stock_code"": ""005930"", ""quantity"": 100, ""executed_price"": 216500.0, ""trade_value"": 21650000.0, ""status"": ""filled"", ""filled_quantity"": 100, ""action_reason"": ""기술적 지표 (MA5 상회, 거래량 급증) 와 긍정적 뉴스 (이재용 회장 자산, 반도체 수출 호조) 로 상승 모멘텀이 강함. 현금 비중이 높아 추격 매수 여력이 충분하며, Belief 에서도 추격 매수를 고려 중이라고 명시됨.""}]}"
chunk_001_2026-02-27_2026-03-06,2026-03-03,4,A017,"[2473, 2485, 2468, 2472, 2476, 2470, 2486, 2469, 2471, 2474]",2472,"삼성전자, MA20 지지선 유지와 반등 모멘텀 확보에 대한 고찰",analysis,like,[],"{""portfolio_summary"": {""state_id"": ""ps_A008_t004"", ""agent_id"": ""A008"", ""turn"": 4, ""date"": ""2026-03-03"", ""cash"": 6518800.0, ""positions"": ""[{\""stock_code\"": \""005930\"", \""quantity\"": 444, \""avg_cost\"": 210543.24324324325, \""current_price\"": 195100.0, \""unrealized_pnl\"": -6856800.000000005, \""unrealized_pnl_rate\"": -0.07334950770850186}]"", ""total_value"": 93143200.0, ""realized_pnl"": 0.0, ""total_return_rate"": -0.068568, ""updated_at"": ""2026-07-14 16:18:34""}, ""recent_trades"": [{""turn"": 4, ""date"": ""2026-03-03"", ""action"": ""buy"", ""stock_code"": ""005930"", ""quantity"": 32, ""executed_price"": 195100.0, ""trade_value"": 6243200.0, ""status"": ""filled"", ""filled_quantity"": 32, ""action_reason"": ""MA20(179,605 원) 지지선 내 유지 및 AI 사이클 호재로 매수 기회로 판단. 단기 급락 후 반등 모멘텀 확보를 위해 현금 여력 범위 내에서 최대 수량 매수.""}, {""turn"": 3, ""date"": ""2026-03-03"", ""action"": ""buy"", ""stock_code"": ""005930"", ""quantity"": 59, ""executed_price"": 209500.0, ""trade_value"": 12360500.0, ""status"": ""filled"", ""filled_quantity"": 59, ""action_reason"": ""메모리 가격 폭등과 AI 사이클 호재로 상승 모멘텀 확인. MA5(206,200 원) 지지선 부근에서 기술적 매수 기회로 판단하여 현금 여력 활용.""}, {""turn"": 2, ""date"": ""2026-02-27"", ""action"": ""buy"", ""stock_code"": ""005930"", ""quantity"": 115, ""executed_price"": 216500.0, ""trade_value"": 24897500.0, ""status"": ""filled"", ""filled_quantity"": 115, ""action_reason"": ""MA5 상향 유지 및 거래량 증가로 단기 상승 추세 확인, 고위험 고수익 선호 성향에 따라 상승 추세에 추가 매수합니다.""}]}"
chunk_001_2026-02-27_2026-03-06,2026-03-03,4,A017,"[2473, 2485, 2468, 2472, 2476, 2470, 2486, 2469, 2471, 2474]",2476,오늘 삼성전자 추가 매수했습니다!,trade_share,like,[],"{""portfolio_summary"": {""state_id"": ""ps_A012_t004"", ""agent_id"": ""A012"", ""turn"": 4, ""date"": ""2026-03-03"", ""cash"": 19148800.0, ""positions"": ""[{\""stock_code\"": \""005930\"", \""quantity\"": 396, \""avg_cost\"": 206122.9797979798, \""current_price\"": 195100.0, \""unrealized_pnl\"": -4365099.999999996, \""unrealized_pnl_rate\"": -0.05347768506346726}]"", ""total_value"": 96408400.0, ""realized_pnl"": 773500.0, ""total_return_rate"": -0.035916, ""updated_at"": ""2026-07-14 16:18:34""}, ""recent_trades"": [{""turn"": 4, ""date"": ""2026-03-03"", ""action"": ""buy"", ""stock_code"": ""005930"", ""quantity"": 97, ""executed_price"": 195100.0, ""trade_value"": 18924700.0, ""status"": ""filled"", ""filled_quantity"": 97, ""action_reason"": ""현재가 195,100 원은 MA20(179,605 원) 지지선 부근이며, 중동 리스크로 인한 급락은 일시적이라고 판단. 손실 시 추가 매수 (평균 단가 하향) 전략에 부합하며, 현금 여력 (3,800 만 원) 을 활용하여 매수합니다.""}, {""turn"": 3, ""date"": ""2026-03-03"", ""action"": ""buy"", ""stock_code"": ""005930"", ""quantity"": 180, ""executed_price"": 209500.0, ""trade_value"": 37710000.0, ""status"": ""filled"", ""filled_quantity"": 180, ""action_reason"": ""현재 주가 (209,500 원) 가 평균 매수 단가 (210,000 원) 하회하여 손실 시 추가 매수 전략 (Disposition Effect) 적용. MA5 지지선 부근에서 거래량 급증 및 외국인 자금 유입으로 저가 매수 기회로 판단. 고신뢰도 (High Confidence) 로 현금 여력의 50% 한도 내에서 매수.""}, {""turn"": 2, ""date"": ""2026-02-27"", ""action"": ""sell"", ""stock_code"": ""005930"", ""quantity"": 119, ""executed_price"": 216500.0, ""trade_value"": 25763500.0, ""status"": ""filled"", ""filled_quantity"": 119, ""action_reason"": ""수익 실현 시점 조절 필요 (Belief dim_6) 및 처분효과 성향 (수익 시 빠른 매도) 에 따라 미실현 수익 일부 확정. 전일 종가 대비 하락 및 엔비디아 리스크로 단기 조정 가능성 고려.""}]}"
chunk_001_2026-02-27_2026-03-06,2026-03-03,4,A017,"[2473, 2485, 2468, 2472, 2476, 2470, 2486, 2469, 2471, 2474]",2470,삼성전자 추가 매수했습니다!,trade_share,unlike,"[""커뮤니티 인플루언서""]","{""portfolio_summary"": {""state_id"": ""ps_A005_t004"", ""agent_id"": ""A005"", ""turn"": 4, ""date"": ""2026-03-03"", ""cash"": 10697200.0, ""positions"": ""[{\""stock_code\"": \""005930\"", \""quantity\"": 426, \""avg_cost\"": 209630.98591549296, \""current_price\"": 195100.0, \""unrealized_pnl\"": -6190200.0, \""unrealized_pnl_rate\"": -0.06931697550356763}]"", ""total_value"": 93809800.0, ""realized_pnl"": 0.0, ""total_return_rate"": -0.061902, ""updated_at"": ""2026-07-14 16:18:34""}, ""recent_trades"": [{""turn"": 4, ""date"": ""2026-03-03"", ""action"": ""buy"", ""stock_code"": ""005930"", ""quantity"": 53, ""executed_price"": 195100.0, ""trade_value"": 10340300.0, ""status"": ""filled"", ""filled_quantity"": 53, ""action_reason"": ""현재 주가 195,100 원은 내재가치 대비 저평가 구간이며, 지정학적 리스크로 인한 단기 급락은 안전마진 확대 기회로 판단됨. AI 및 메모리 사이클 호황이 주가를 지지하므로 집중 투자 원칙에 따라 매수.""}, {""turn"": 3, ""date"": ""2026-03-03"", ""action"": ""buy"", ""stock_code"": ""005930"", ""quantity"": 35, ""executed_price"": 209500.0, ""trade_value"": 7332500.0, ""status"": ""filled"", ""filled_quantity"": 35, ""action_reason"": ""오늘 -3.2% 하락으로 내재가치 대비 저평가 폭이 확대되어 매수 기회로 판단. AI 사이클과 메모리 가격 상승 등 펀더멘털은 견고하며, 평균 매수 단가 인하를 통해 장기 수익률 개선 목표.""}, {""turn"": 2, ""date"": ""2026-02-27"", ""action"": ""buy"", ""stock_code"": ""005930"", ""quantity"": 100, ""executed_price"": 216500.0, ""trade_value"": 21650000.0, ""status"": ""filled"", ""filled_quantity"": 100, ""action_reason"": ""내재가치 대비 저평가 구간이며, 반도체 업황 호조로 장기 우상향 전망이 확실합니다. 현금 비중 50% 로 변동성 대비 여력이 충분하여 추가 매수 여력이 있습니다.""}]}"
chunk_001_2026-02-27_2026-03-06,2026-03-03,4,A017,"[2473, 2485, 2468, 2472, 2476, 2470, 2486, 2469, 2471, 2474]",2486,"삼성전자, 기술적 지지선 이탈 후의 고민",analysis,like,[],"{""portfolio_summary"": {""state_id"": ""ps_A027_t004"", ""agent_id"": ""A027"", ""turn"": 4, ""date"": ""2026-03-03"", ""cash"": 44440500.0, ""positions"": ""[{\""stock_code\"": \""005930\"", \""quantity\"": 251, \""avg_cost\"": 211532.41895261846, \""current_price\"": 195100.0, \""unrealized_pnl\"": -4124537.1571072345, \""unrealized_pnl_rate\"": -0.07768274496165617}]"", ""total_value"": 93410600.0, ""realized_pnl"": -2464862.8428927697, ""total_return_rate"": -0.065894, ""updated_at"": ""2026-07-14 16:18:34""}, ""recent_trades"": [{""turn"": 4, ""date"": ""2026-03-03"", ""action"": ""sell"", ""stock_code"": ""005930"", ""quantity"": 150, ""executed_price"": 195100.0, ""trade_value"": 29265000.0, ""status"": ""filled"", ""filled_quantity"": 150, ""action_reason"": ""MA5 이탈로 단기 하락 압력 확인 및 뉴스와 기술적 지표 괴리감으로 불확실성 증가. 손절 원칙에 따라 보유 물량 축소.""}, {""turn"": 3, ""date"": ""2026-03-03"", ""action"": ""buy"", ""stock_code"": ""005930"", ""quantity"": 71, ""executed_price"": 209500.0, ""trade_value"": 14874500.0, ""status"": ""filled"", ""filled_quantity"": 71, ""action_reason"": ""MA5(206,200 원) 지지선 유지 및 거래량 증가로 매수 신호 확인. 현재가 (209,500 원) 가 매수 단가보다 낮아 평균 단가 하향 효과 기대. 반도체 사이클 상승세 belief 에 따라 조정 구간 매수.""}, {""turn"": 2, ""date"": ""2026-02-27"", ""action"": ""buy"", ""stock_code"": ""005930"", ""quantity"": 100, ""executed_price"": 216500.0, ""trade_value"": 21650000.0, ""status"": ""filled"", ""filled_quantity"": 100, ""action_reason"": ""Belief 에 따른 상승 추세 유지 및 수익 보유 원칙에 따라 추가 매수합니다. 현금 비중이 높아 자금 활용도가 필요하며, 기술적 지표와 뉴스가 일치함을 확인했습니다.""}]}"
chunk_001_2026-02-27_2026-03-06,2026-03-03,4,A017,"[2473, 2485, 2468, 2472, 2476, 2470, 2486, 2469, 2471, 2474]",2469,오늘 삼성전자 매수했습니다!,trade_share,unlike,[],"{""portfolio_summary"": {""state_id"": ""ps_A003_t004"", ""agent_id"": ""A003"", ""turn"": 4, ""date"": ""2026-03-03"", ""cash"": 12845600.0, ""positions"": ""[{\""stock_code\"": \""005930\"", \""quantity\"": 416, \""avg_cost\"": 209499.47701024188, \""current_price\"": 195100.0, \""unrealized_pnl\"": -5990182.436260624, \""unrealized_pnl_rate\"": -0.06873275874353582}]"", ""total_value"": 94007200.0, ""realized_pnl"": -2617.563739376783, ""total_return_rate"": -0.059928, ""updated_at"": ""2026-07-14 16:18:34""}, ""recent_trades"": [{""turn"": 4, ""date"": ""2026-03-03"", ""action"": ""buy"", ""stock_code"": ""005930"", ""quantity"": 64, ""executed_price"": 195100.0, ""trade_value"": 12486400.0, ""status"": ""filled"", ""filled_quantity"": 64, ""action_reason"": ""현재 주가 195,100 원은 내재가치 대비 저평가 구간이며, 전쟁 리스크로 인한 일시적 하락으로 판단. 반도체 업황 회복과 AI 호재를 근거로 가치 투자 관점에서 매수하여 평균 매수 단가를 낮추고자 함.""}, {""turn"": 3, ""date"": ""2026-03-03"", ""action"": ""sell"", ""stock_code"": ""005930"", ""quantity"": 1, ""executed_price"": 209500.0, ""trade_value"": 209500.0, ""status"": ""filled"", ""filled_quantity"": 1, ""action_reason"": ""fallback_decision_after_invalid_llm_output: the model failed to return a valid decision after retry, so the system submitted a minimal valid sell order.""}, {""turn"": 2, ""date"": ""2026-02-27"", ""action"": ""buy"", ""stock_code"": ""005930"", ""quantity"": 115, ""executed_price"": 216500.0, ""trade_value"": 24897500.0, ""status"": ""filled"", ""filled_quantity"": 115, ""action_reason"": ""가치투자 관점에서 현재가 216,500 원은 내재가치 대비 저평가 구간이며 MA5 지지 확인. 반도체 수출 호조와 경영진 자신감 신호로 중기 우상향 기대. 현금 50% 보유로 추가 매수 여력 충분.""}]}"
chunk_001_2026-02-27_2026-03-06,2026-03-03,4,A017,"[2473, 2485, 2468, 2472, 2476, 2470, 2486, 2469, 2471, 2474]",2471,오늘 삼성전자 추가 매수했습니다!,trade_share,like,"[""상위 수익자"", ""자산가"", ""커뮤니티 인플루언서""]","{""portfolio_summary"": {""state_id"": ""ps_A006_t004"", ""agent_id"": ""A006"", ""turn"": 4, ""date"": ""2026-03-03"", ""cash"": 25485000.0, ""positions"": ""[{\""stock_code\"": \""005930\"", \""quantity\"": 372, \""avg_cost\"": 204467.74193548388, \""current_price\"": 195100.0, \""unrealized_pnl\"": -3484800.000000003, \""unrealized_pnl_rate\"": -0.04581525597538853}]"", ""total_value"": 98062200.0, ""realized_pnl"": 1547000.0, ""total_return_rate"": -0.019378, ""updated_at"": ""2026-07-14 16:18:34""}, ""recent_trades"": [{""turn"": 4, ""date"": ""2026-03-03"", ""action"": ""buy"", ""stock_code"": ""005930"", ""quantity"": 130, ""executed_price"": 195100.0, ""trade_value"": 25363000.0, ""status"": ""filled"", ""filled_quantity"": 130, ""action_reason"": ""현재가 19 만 5 천 원은 저평가 구간으로 판단되며, 손실 시 추가 매수 (아베리징) 전략과 20 만원 심리적 지지선 방어를 위해 매수합니다.""}, {""turn"": 3, ""date"": ""2026-03-03"", ""action"": ""buy"", ""stock_code"": ""005930"", ""quantity"": 242, ""executed_price"": 209500.0, ""trade_value"": 50699000.0, ""status"": ""filled"", ""filled_quantity"": 242, ""action_reason"": ""메모리 가격 폭등과 외국인 자금 유입 호재, MA5 지지선 유지로 상승 모멘텀이 강하다고 판단. 현금 50% 한도 내에서 저가 매수 기회로 인식하여 최대 수량 매수.""}, {""turn"": 2, ""date"": ""2026-02-27"", ""action"": ""sell"", ""stock_code"": ""005930"", ""quantity"": 238, ""executed_price"": 216500.0, ""trade_value"": 51527000.0, ""status"": ""filled"", ""filled_quantity"": 238, ""action_reason"": ""수익 발생 시 빠르게 매도하려는 처분 효과와 단기 조정 신호에 따라 전량 매도합니다. 기술적 지지선 이탈 우려와 단일 종목 집중 리스크를 줄이기 위함입니다.""}]}"
chunk_001_2026-02-27_2026-03-06,2026-03-03,4,A017,"[2473, 2485, 2468, 2472, 2476, 2470, 2486, 2469, 2471, 2474]",2474,삼성전자 32주 매수했습니다!,trade_share,read,[],"{""portfolio_summary"": {""state_id"": ""ps_A011_t004"", ""agent_id"": ""A011"", ""turn"": 4, ""date"": ""2026-03-03"", ""cash"": 6518800.0, ""positions"": ""[{\""stock_code\"": \""005930\"", \""quantity\"": 444, \""avg_cost\"": 210543.24324324325, \""current_price\"": 195100.0, \""unrealized_pnl\"": -6856800.000000005, \""unrealized_pnl_rate\"": -0.07334950770850186}]"", ""total_value"": 93143200.0, ""realized_pnl"": 0.0, ""total_return_rate"": -0.068568, ""updated_at"": ""2026-07-14 16:18:34""}, ""recent_trades"": [{""turn"": 4, ""date"": ""2026-03-03"", ""action"": ""buy"", ""stock_code"": ""005930"", ""quantity"": 32, ""executed_price"": 195100.0, ""trade_value"": 6243200.0, ""status"": ""filled"", ""filled_quantity"": 32, ""action_reason"": ""19 만 5 천 원은 내재가치 대비 저평가 구간이며, AI 수요와 메모리 사이클 상승으로 22 만 원 회복 기대감이 있습니다. 고위험 고수익 선호 성향과 가치투자 관점에서 매수 기회로 판단합니다.""}, {""turn"": 3, ""date"": ""2026-03-03"", ""action"": ""buy"", ""stock_code"": ""005930"", ""quantity"": 59, ""executed_price"": 209500.0, ""trade_value"": 12360500.0, ""status"": ""filled"", ""filled_quantity"": 59, ""action_reason"": ""공시가 209,500 원은 평균 매수 단가 대비 저가 구간이며, AI 수요와 메모리 사이클 호재로 상승 추세 유지. 고위험 고수익 선호 성향에 따라 추가 매수로 평균 단가 하향 및 수익 확대 기회 확보.""}, {""turn"": 2, ""date"": ""2026-02-27"", ""action"": ""buy"", ""stock_code"": ""005930"", ""quantity"": 115, ""executed_price"": 216500.0, ""trade_value"": 24897500.0, ""status"": ""filled"", ""filled_quantity"": 115, ""action_reason"": ""반도체 수출 호조와 기관 자금 유입으로 상승 모멘텀이 지속되며, 현재 주가는 내재가치 대비 저평가 구간으로 판단됩니다. 고위험 고수익 선호 성향과 집중 투자 전략에 따라 보유 현금의 50% 한도 내에서 최대 매수 수량 (115 주) 을 매수합니다.""}]}"
chunk_001_2026-02-27_2026-03-06,2026-03-03,4,A025,"[2473, 2480, 2468, 2472, 2486]",2473,"삼성전자, 20만원 심리적 지지선 이탈에 따른 리스크 관리 필요성",analysis,like,[],null
chunk_001_2026-02-27_2026-03-06,2026-03-03,4,A025,"[2473, 2480, 2468, 2472, 2486]",2480,[분석] 삼성전자 하락 후 반등 가능성 및 기술적 지지선 확인 필요,analysis,read,[],null
chunk_001_2026-02-27_2026-03-06,2026-03-03,4,A025,"[2473, 2480, 2468, 2472, 2486]",2468,오늘 삼성전자 20주 매수했습니다!,trade_share,unlike,[],null
chunk_001_2026-02-27_2026-03-06,2026-03-03,4,A025,"[2473, 2480, 2468, 2472, 2486]",2472,"삼성전자, MA20 지지선 유지와 반등 모멘텀 확보에 대한 고찰",analysis,like,[],null
chunk_001_2026-02-27_2026-03-06,2026-03-03,4,A025,"[2473, 2480, 2468, 2472, 2486]",2486,"삼성전자, 기술적 지지선 이탈 후의 고민",analysis,like,[],null
chunk_001_2026-02-27_2026-03-06,2026-03-03,4,A020,"[2473, 2480, 2486, 2468, 2472, 2485]",2473,"삼성전자, 20만원 심리적 지지선 이탈에 따른 리스크 관리 필요성",analysis,like,[],"{""portfolio_summary"": {""state_id"": ""ps_A007_t004"", ""agent_id"": ""A007"", ""turn"": 4, ""date"": ""2026-03-03"", ""cash"": 54395000.0, ""positions"": ""[{\""stock_code\"": \""005930\"", \""quantity\"": 210, \""avg_cost\"": 210048.38709677418, \""current_price\"": 195100.0, \""unrealized_pnl\"": -3139161.2903225785, \""unrealized_pnl_rate\"": -0.0711663979113875}]"", ""total_value"": 95366000.0, ""realized_pnl"": -1494838.7096774182, ""total_return_rate"": -0.04634, ""updated_at"": ""2026-07-14 16:18:34""}, ""recent_trades"": [{""turn"": 4, ""date"": ""2026-03-03"", ""action"": ""sell"", ""stock_code"": ""005930"", ""quantity"": 100, ""executed_price"": 195100.0, ""trade_value"": 19510000.0, ""status"": ""filled"", ""filled_quantity"": 100, ""action_reason"": ""20 만원 심리적 지지선 이탈 및 밸류에이션 지표 (PE/PB) 부재로 단기 리스크 관리가 우선됨. Belief 에 명시된 '추가 매수 보류'에 따라 매수 불가하며, 집중 리스크 해소를 위해 일부 매도.""}, {""turn"": 3, ""date"": ""2026-03-03"", ""action"": ""buy"", ""stock_code"": ""005930"", ""quantity"": 100, ""executed_price"": 209500.0, ""trade_value"": 20950000.0, ""status"": ""filled"", ""filled_quantity"": 100, ""action_reason"": ""메모리 슈퍼사이클과 실적 호조로 내재가치가 입증된 저평가 구간이며, 거래량 급증으로 매수 심리가 반영되었습니다. 평균 단가 대비 현재가가 낮아 추가 매수로 단가 방어 및 수익률 개선이 가능합니다.""}, {""turn"": 2, ""date"": ""2026-02-27"", ""action"": ""buy"", ""stock_code"": ""005930"", ""quantity"": 10, ""executed_price"": 216500.0, ""trade_value"": 2165000.0, ""status"": ""filled"", ""filled_quantity"": 10, ""action_reason"": ""상승 추세 유지 및 현재가 대비 매수 단가 방어력 확보로 소량 매수 결정""}]}"
chunk_001_2026-02-27_2026-03-06,2026-03-03,4,A020,"[2473, 2480, 2486, 2468, 2472, 2485]",2480,[분석] 삼성전자 하락 후 반등 가능성 및 기술적 지지선 확인 필요,analysis,read,[],"{""portfolio_summary"": {""state_id"": ""ps_A017_t004"", ""agent_id"": ""A017"", ""turn"": 4, ""date"": ""2026-03-03"", ""cash"": 9956500.0, ""positions"": ""[{\""stock_code\"": \""005930\"", \""quantity\"": 431, \""avg_cost\"": 208917.63341067286, \""current_price\"": 195100.0, \""unrealized_pnl\"": -5955400.000000003, \""unrealized_pnl_rate\"": -0.06613914385824632}]"", ""total_value"": 94044600.0, ""realized_pnl"": 0.0, ""total_return_rate"": -0.059554, ""updated_at"": ""2026-07-14 16:18:34""}, ""recent_trades"": [{""turn"": 4, ""date"": ""2026-03-03"", ""action"": ""buy"", ""stock_code"": ""005930"", ""quantity"": 50, ""executed_price"": 195100.0, ""trade_value"": 9755000.0, ""status"": ""filled"", ""filled_quantity"": 50, ""action_reason"": ""중장기 AI/메모리 슈퍼사이클 호재로 저평가 구간 진입. 20 만원 선 붕괴 후 19 만 5 천 원 부근 기술적 지지선 재확인 및 기관 자금 유입으로 매수 기회로 판단.""}, {""turn"": 3, ""date"": ""2026-03-03"", ""action"": ""buy"", ""stock_code"": ""005930"", ""quantity"": 93, ""executed_price"": 209500.0, ""trade_value"": 19483500.0, ""status"": ""filled"", ""filled_quantity"": 93, ""action_reason"": ""공시된 209,500 원은 MA5 지지선 테스트로 판단되며, 거래대금 사상 최대와 외국인 유입으로 하방이 지지됨. 메모리 슈퍼사이클과 저평가 구간으로 판단하여 현금 여력 내에서 최대 한도까지 매수하여 평균 단가 하향 및 수익 기회 확대.""}, {""turn"": 2, ""date"": ""2026-02-27"", ""action"": ""buy"", ""stock_code"": ""005930"", ""quantity"": 50, ""executed_price"": 216500.0, ""trade_value"": 10825000.0, ""status"": ""filled"", ""filled_quantity"": 50, ""action_reason"": ""기술적 지표 (5 일선 지지) 와 중장기 상승 추세 유효성을 근거로 매수. 외국인 매도세는 단기 변동성으로 판단.""}]}"
chunk_001_2026-02-27_2026-03-06,2026-03-03,4,A020,"[2473, 2480, 2486, 2468, 2472, 2485]",2486,"삼성전자, 기술적 지지선 이탈 후의 고민",analysis,like,[],"{""portfolio_summary"": {""state_id"": ""ps_A027_t004"", ""agent_id"": ""A027"", ""turn"": 4, ""date"": ""2026-03-03"", ""cash"": 44440500.0, ""positions"": ""[{\""stock_code\"": \""005930\"", \""quantity\"": 251, \""avg_cost\"": 211532.41895261846, \""current_price\"": 195100.0, \""unrealized_pnl\"": -4124537.1571072345, \""unrealized_pnl_rate\"": -0.07768274496165617}]"", ""total_value"": 93410600.0, ""realized_pnl"": -2464862.8428927697, ""total_return_rate"": -0.065894, ""updated_at"": ""2026-07-14 16:18:34""}, ""recent_trades"": [{""turn"": 4, ""date"": ""2026-03-03"", ""action"": ""sell"", ""stock_code"": ""005930"", ""quantity"": 150, ""executed_price"": 195100.0, ""trade_value"": 29265000.0, ""status"": ""filled"", ""filled_quantity"": 150, ""action_reason"": ""MA5 이탈로 단기 하락 압력 확인 및 뉴스와 기술적 지표 괴리감으로 불확실성 증가. 손절 원칙에 따라 보유 물량 축소.""}, {""turn"": 3, ""date"": ""2026-03-03"", ""action"": ""buy"", ""stock_code"": ""005930"", ""quantity"": 71, ""executed_price"": 209500.0, ""trade_value"": 14874500.0, ""status"": ""filled"", ""filled_quantity"": 71, ""action_reason"": ""MA5(206,200 원) 지지선 유지 및 거래량 증가로 매수 신호 확인. 현재가 (209,500 원) 가 매수 단가보다 낮아 평균 단가 하향 효과 기대. 반도체 사이클 상승세 belief 에 따라 조정 구간 매수.""}, {""turn"": 2, ""date"": ""2026-02-27"", ""action"": ""buy"", ""stock_code"": ""005930"", ""quantity"": 100, ""executed_price"": 216500.0, ""trade_value"": 21650000.0, ""status"": ""filled"", ""filled_quantity"": 100, ""action_reason"": ""Belief 에 따른 상승 추세 유지 및 수익 보유 원칙에 따라 추가 매수합니다. 현금 비중이 높아 자금 활용도가 필요하며, 기술적 지표와 뉴스가 일치함을 확인했습니다.""}]}"
chunk_001_2026-02-27_2026-03-06,2026-03-03,4,A020,"[2473, 2480, 2486, 2468, 2472, 2485]",2468,오늘 삼성전자 20주 매수했습니다!,trade_share,unlike,[],"{""portfolio_summary"": {""state_id"": ""ps_A004_t004"", ""agent_id"": ""A004"", ""turn"": 4, ""date"": ""2026-03-03"", ""cash"": 10431500.0, ""positions"": ""[{\""stock_code\"": \""005930\"", \""quantity\"": 425, \""avg_cost\"": 210749.41176470587, \""current_price\"": 195100.0, \""unrealized_pnl\"": -6650999.999999996, \""unrealized_pnl_rate\"": -0.07425601634503197}]"", ""total_value"": 93349000.0, ""realized_pnl"": 0.0, ""total_return_rate"": -0.06651, ""updated_at"": ""2026-07-14 16:18:34""}, ""recent_trades"": [{""turn"": 4, ""date"": ""2026-03-03"", ""action"": ""buy"", ""stock_code"": ""005930"", ""quantity"": 20, ""executed_price"": 195100.0, ""trade_value"": 3902000.0, ""status"": ""filled"", ""filled_quantity"": 20, ""action_reason"": ""현재가 195,100 원이 평균 매수 단가 211,522 원 대비 저평가 구간으로 판단되며, AI 혁신 및 메모리 호재로 장기 우상향 흐름이 유효함. 손실 시 추가 매수 성향에 따라 매수 결정.""}, {""turn"": 3, ""date"": ""2026-03-03"", ""action"": ""buy"", ""stock_code"": ""005930"", ""quantity"": 67, ""executed_price"": 209500.0, ""trade_value"": 14036500.0, ""status"": ""filled"", ""filled_quantity"": 67, ""action_reason"": ""메모리 가격 폭등과 미국 ETF 유입으로 상승 모멘텀이 강하며, MA5 지지선 부근에서 기술적 매수 신호가 발생했습니다. 현재 평균 단가 대비 하락한 공시가에 매수하여 평균 단가를 낮추는 손실 시 추가 매수 성향을 반영하고, 현금 여력의 50% 한도 내에서 최대 수량으로 매수합니다.""}, {""turn"": 2, ""date"": ""2026-02-27"", ""action"": ""buy"", ""stock_code"": ""005930"", ""quantity"": 100, ""executed_price"": 216500.0, ""trade_value"": 21650000.0, ""status"": ""filled"", ""filled_quantity"": 100, ""action_reason"": ""기술적 지표 (MA5 상회, 거래량 급증) 와 긍정적 뉴스 (이재용 회장 자산, 반도체 수출 호조) 로 상승 모멘텀이 강함. 현금 비중이 높아 추격 매수 여력이 충분하며, Belief 에서도 추격 매수를 고려 중이라고 명시됨.""}]}"
chunk_001_2026-02-27_2026-03-06,2026-03-03,4,A020,"[2473, 2480, 2486, 2468, 2472, 2485]",2472,"삼성전자, MA20 지지선 유지와 반등 모멘텀 확보에 대한 고찰",analysis,like,[],"{""portfolio_summary"": {""state_id"": ""ps_A008_t004"", ""agent_id"": ""A008"", ""turn"": 4, ""date"": ""2026-03-03"", ""cash"": 6518800.0, ""positions"": ""[{\""stock_code\"": \""005930\"", \""quantity\"": 444, \""avg_cost\"": 210543.24324324325, \""current_price\"": 195100.0, \""unrealized_pnl\"": -6856800.000000005, \""unrealized_pnl_rate\"": -0.07334950770850186}]"", ""total_value"": 93143200.0, ""realized_pnl"": 0.0, ""total_return_rate"": -0.068568, ""updated_at"": ""2026-07-14 16:18:34""}, ""recent_trades"": [{""turn"": 4, ""date"": ""2026-03-03"", ""action"": ""buy"", ""stock_code"": ""005930"", ""quantity"": 32, ""executed_price"": 195100.0, ""trade_value"": 6243200.0, ""status"": ""filled"", ""filled_quantity"": 32, ""action_reason"": ""MA20(179,605 원) 지지선 내 유지 및 AI 사이클 호재로 매수 기회로 판단. 단기 급락 후 반등 모멘텀 확보를 위해 현금 여력 범위 내에서 최대 수량 매수.""}, {""turn"": 3, ""date"": ""2026-03-03"", ""action"": ""buy"", ""stock_code"": ""005930"", ""quantity"": 59, ""executed_price"": 209500.0, ""trade_value"": 12360500.0, ""status"": ""filled"", ""filled_quantity"": 59, ""action_reason"": ""메모리 가격 폭등과 AI 사이클 호재로 상승 모멘텀 확인. MA5(206,200 원) 지지선 부근에서 기술적 매수 기회로 판단하여 현금 여력 활용.""}, {""turn"": 2, ""date"": ""2026-02-27"", ""action"": ""buy"", ""stock_code"": ""005930"", ""quantity"": 115, ""executed_price"": 216500.0, ""trade_value"": 24897500.0, ""status"": ""filled"", ""filled_quantity"": 115, ""action_reason"": ""MA5 상향 유지 및 거래량 증가로 단기 상승 추세 확인, 고위험 고수익 선호 성향에 따라 상승 추세에 추가 매수합니다.""}]}"
chunk_001_2026-02-27_2026-03-06,2026-03-03,4,A020,"[2473, 2480, 2486, 2468, 2472, 2485]",2485,오늘 삼성전자 일부 매도했습니다.,trade_share,like,"[""커뮤니티 인플루언서""]","{""portfolio_summary"": {""state_id"": ""ps_A025_t004"", ""agent_id"": ""A025"", ""turn"": 4, ""date"": ""2026-03-03"", ""cash"": 49650000.0, ""positions"": ""[{\""stock_code\"": \""005930\"", \""quantity\"": 238, \""avg_cost\"": 209826.38888888888, \""current_price\"": 195100.0, \""unrealized_pnl\"": -3504880.5555555522, \""unrealized_pnl_rate\"": -0.07018368360086044}]"", ""total_value"": 96083800.0, ""realized_pnl"": -411319.4444444438, ""total_return_rate"": -0.039162, ""updated_at"": ""2026-07-14 16:18:34""}, ""recent_trades"": [{""turn"": 4, ""date"": ""2026-03-03"", ""action"": ""sell"", ""stock_code"": ""005930"", ""quantity"": 50, ""executed_price"": 195100.0, ""trade_value"": 9755000.0, ""status"": ""filled"", ""filled_quantity"": 50, ""action_reason"": ""단기 MA5 이탈 및 20 만원 선 붕괴로 기술적 약세 신호 확인. 손절 원칙 준수 및 포트폴리오 집중도 완화를 위해 일부 매도.""}, {""turn"": 3, ""date"": ""2026-03-03"", ""action"": ""buy"", ""stock_code"": ""005930"", ""quantity"": 100, ""executed_price"": 209500.0, ""trade_value"": 20950000.0, ""status"": ""filled"", ""filled_quantity"": 100, ""action_reason"": ""단기 조정으로 매수 기회로 판단되며, 현재가가 평균 매수 단가보다 낮아 손실 시 추가 매수 (Averaging Down) 전략 적용. 기술적 지지선 (MA5) 이탈 없이 거래량 증가로 매수 흡수력 확인.""}, {""turn"": 2, ""date"": ""2026-02-27"", ""action"": ""sell"", ""stock_code"": ""005930"", ""quantity"": 50, ""executed_price"": 216500.0, ""trade_value"": 10825000.0, ""status"": ""filled"", ""filled_quantity"": 50, ""action_reason"": ""매수 단가 대비 3% 상승하여 단기 과매수 구간 진입 및 수익 실현 욕구 (처분효과) 가 강함. 기술적 지표는 상승 추세 유지 중이나, 심리적 부담 해소를 위해 보유 주식의 일부 (약 20%) 를 매도합니다.""}]}"
chunk_001_2026-02-27_2026-03-06,2026-03-03,4,A022,"[2473, 2480, 2486, 2468, 2485]",2473,"삼성전자, 20만원 심리적 지지선 이탈에 따른 리스크 관리 필요성",analysis,like,[],null
chunk_001_2026-02-27_2026-03-06,2026-03-03,4,A022,"[2473, 2480, 2486, 2468, 2485]",2480,[분석] 삼성전자 하락 후 반등 가능성 및 기술적 지지선 확인 필요,analysis,read,[],null
chunk_001_2026-02-27_2026-03-06,2026-03-03,4,A022,"[2473, 2480, 2486, 2468, 2485]",2486,"삼성전자, 기술적 지지선 이탈 후의 고민",analysis,like,[],null
chunk_001_2026-02-27_2026-03-06,2026-03-03,4,A022,"[2473, 2480, 2486, 2468, 2485]",2468,오늘 삼성전자 20주 매수했습니다!,trade_share,unlike,[],null
chunk_001_2026-02-27_2026-03-06,2026-03-03,4,A022,"[2473, 2480, 2486, 2468, 2485]",2485,오늘 삼성전자 일부 매도했습니다.,trade_share,like,"[""커뮤니티 인플루언서""]",null
chunk_001_2026-02-27_2026-03-06,2026-03-03,4,A027,"[2473, 2480, 2468, 2467, 2475]",2473,"삼성전자, 20만원 심리적 지지선 이탈에 따른 리스크 관리 필요성",analysis,like,[],null
chunk_001_2026-02-27_2026-03-06,2026-03-03,4,A027,"[2473, 2480, 2468, 2467, 2475]",2480,[분석] 삼성전자 하락 후 반등 가능성 및 기술적 지지선 확인 필요,analysis,like,[],null
chunk_001_2026-02-27_2026-03-06,2026-03-03,4,A027,"[2473, 2480, 2468, 2467, 2475]",2468,오늘 삼성전자 20주 매수했습니다!,trade_share,read,[],null
chunk_001_2026-02-27_2026-03-06,2026-03-03,4,A027,"[2473, 2480, 2468, 2467, 2475]",2467,삼성전자 추가 매수했습니다!,trade_share,unlike,"[""상위 수익자"", ""자산가""]",null
chunk_001_2026-02-27_2026-03-06,2026-03-03,4,A027,"[2473, 2480, 2468, 2467, 2475]",2475,삼성전자 매수 거래 공유합니다!,trade_share,read,"[""커뮤니티 인플루언서""]",null
chunk_001_2026-02-27_2026-03-06,2026-03-03,4,A026,"[2473, 2480, 2486, 2485, 2468]",2473,"삼성전자, 20만원 심리적 지지선 이탈에 따른 리스크 관리 필요성",analysis,like,[],null
chunk_001_2026-02-27_2026-03-06,2026-03-03,4,A026,"[2473, 2480, 2486, 2485, 2468]",2480,[분석] 삼성전자 하락 후 반등 가능성 및 기술적 지지선 확인 필요,analysis,read,[],null
chunk_001_2026-02-27_2026-03-06,2026-03-03,4,A026,"[2473, 2480, 2486, 2485, 2468]",2486,"삼성전자, 기술적 지지선 이탈 후의 고민",analysis,like,[],null
chunk_001_2026-02-27_2026-03-06,2026-03-03,4,A026,"[2473, 2480, 2486, 2485, 2468]",2485,오늘 삼성전자 일부 매도했습니다.,trade_share,like,"[""커뮤니티 인플루언서""]",null
chunk_001_2026-02-27_2026-03-06,2026-03-03,4,A026,"[2473, 2480, 2486, 2485, 2468]",2468,오늘 삼성전자 20주 매수했습니다!,trade_share,unlike,[],null
chunk_001_2026-02-27_2026-03-06,2026-03-04,6,A005,"[2489, 2491, 2495, 2500, 2501]",2489,[분석] 삼성전자 MA20 이탈과 거시 악재의 영향,analysis,like,[],null
chunk_001_2026-02-27_2026-03-06,2026-03-04,6,A005,"[2489, 2491, 2495, 2500, 2501]",2491,오늘 삼성전자 전량 매도했습니다.,trade_share,like,"[""상위 수익자"", ""자산가"", ""커뮤니티 인플루언서""]",null
chunk_001_2026-02-27_2026-03-06,2026-03-04,6,A005,"[2489, 2491, 2495, 2500, 2501]",2495,"[시장 전망] 삼성전자, MA20 지지선 이탈과 지정학적 리스크 분석",analysis,like,[],null
chunk_001_2026-02-27_2026-03-06,2026-03-04,6,A005,"[2489, 2491, 2495, 2500, 2501]",2500,"삼성전자, 단기 하락 압력에 대한 우려와 시장 전망",analysis,like,[],null
chunk_001_2026-02-27_2026-03-06,2026-03-04,6,A005,"[2489, 2491, 2495, 2500, 2501]",2501,"삼성전자, 저평가 구간에서의 기술적 위험 고려",analysis,unlike,[],null
chunk_001_2026-02-27_2026-03-06,2026-03-04,6,A004,"[2490, 2495, 2491, 2493, 2500]",2490,현재 삼성전자 주가 상황 및 향후 전망,analysis,like,"[""커뮤니티 인플루언서""]",null
chunk_001_2026-02-27_2026-03-06,2026-03-04,6,A004,"[2490, 2495, 2491, 2493, 2500]",2495,"[시장 전망] 삼성전자, MA20 지지선 이탈과 지정학적 리스크 분석",analysis,like,[],null
chunk_001_2026-02-27_2026-03-06,2026-03-04,6,A004,"[2490, 2495, 2491, 2493, 2500]",2491,오늘 삼성전자 전량 매도했습니다.,trade_share,unlike,"[""상위 수익자"", ""자산가"", ""커뮤니티 인플루언서""]",null
chunk_001_2026-02-27_2026-03-06,2026-03-04,6,A004,"[2490, 2495, 2491, 2493, 2500]",2493,지정학적 리스크와 기술적 약세에 대한 생각,analysis,like,[],null
chunk_001_2026-02-27_2026-03-06,2026-03-04,6,A004,"[2490, 2495, 2491, 2493, 2500]",2500,"삼성전자, 단기 하락 압력에 대한 우려와 시장 전망",analysis,unlike,[],null
chunk_001_2026-02-27_2026-03-06,2026-03-04,6,A003,"[2489, 2491, 2495, 2500, 2501]",2489,[분석] 삼성전자 MA20 이탈과 거시 악재의 영향,analysis,like,[],null
chunk_001_2026-02-27_2026-03-06,2026-03-04,6,A003,"[2489, 2491, 2495, 2500, 2501]",2491,오늘 삼성전자 전량 매도했습니다.,trade_share,like,"[""상위 수익자"", ""자산가"", ""커뮤니티 인플루언서""]",null
chunk_001_2026-02-27_2026-03-06,2026-03-04,6,A003,"[2489, 2491, 2495, 2500, 2501]",2495,"[시장 전망] 삼성전자, MA20 지지선 이탈과 지정학적 리스크 분석",analysis,like,[],null
chunk_001_2026-02-27_2026-03-06,2026-03-04,6,A003,"[2489, 2491, 2495, 2500, 2501]",2500,"삼성전자, 단기 하락 압력에 대한 우려와 시장 전망",analysis,like,[],null
chunk_001_2026-02-27_2026-03-06,2026-03-04,6,A003,"[2489, 2491, 2495, 2500, 2501]",2501,"삼성전자, 저평가 구간에서의 기술적 위험 고려",analysis,unlike,[],null
chunk_001_2026-02-27_2026-03-06,2026-03-04,6,A001,"[2489, 2491, 2495, 2500, 2501]",2489,[분석] 삼성전자 MA20 이탈과 거시 악재의 영향,analysis,like,[],null
chunk_001_2026-02-27_2026-03-06,2026-03-04,6,A001,"[2489, 2491, 2495, 2500, 2501]",2491,오늘 삼성전자 전량 매도했습니다.,trade_share,like,"[""상위 수익자"", ""자산가"", ""커뮤니티 인플루언서""]",null
chunk_001_2026-02-27_2026-03-06,2026-03-04,6,A001,"[2489, 2491, 2495, 2500, 2501]",2495,"[시장 전망] 삼성전자, MA20 지지선 이탈과 지정학적 리스크 분석",analysis,like,[],null
chunk_001_2026-02-27_2026-03-06,2026-03-04,6,A001,"[2489, 2491, 2495, 2500, 2501]",2500,"삼성전자, 단기 하락 압력에 대한 우려와 시장 전망",analysis,unlike,[],null
chunk_001_2026-02-27_2026-03-06,2026-03-04,6,A001,"[2489, 2491, 2495, 2500, 2501]",2501,"삼성전자, 저평가 구간에서의 기술적 위험 고려",analysis,read,[],null
chunk_001_2026-02-27_2026-03-06,2026-03-04,6,A006,"[2489, 2495, 2500, 2493]",2489,[분석] 삼성전자 MA20 이탈과 거시 악재의 영향,analysis,like,[],null
chunk_001_2026-02-27_2026-03-06,2026-03-04,6,A006,"[2489, 2495, 2500, 2493]",2495,"[시장 전망] 삼성전자, MA20 지지선 이탈과 지정학적 리스크 분석",analysis,like,[],null
chunk_001_2026-02-27_2026-03-06,2026-03-04,6,A006,"[2489, 2495, 2500, 2493]",2500,"삼성전자, 단기 하락 압력에 대한 우려와 시장 전망",analysis,unlike,[],null
chunk_001_2026-02-27_2026-03-06,2026-03-04,6,A006,"[2489, 2495, 2500, 2493]",2493,지정학적 리스크와 기술적 약세에 대한 생각,analysis,read,[],null
chunk_001_2026-02-27_2026-03-06,2026-03-04,6,A008,"[2489, 2490, 2491, 2500, 2501]",2489,[분석] 삼성전자 MA20 이탈과 거시 악재의 영향,analysis,like,[],null
chunk_001_2026-02-27_2026-03-06,2026-03-04,6,A008,"[2489, 2490, 2491, 2500, 2501]",2490,현재 삼성전자 주가 상황 및 향후 전망,analysis,like,"[""커뮤니티 인플루언서""]",null
chunk_001_2026-02-27_2026-03-06,2026-03-04,6,A008,"[2489, 2490, 2491, 2500, 2501]",2491,오늘 삼성전자 전량 매도했습니다.,trade_share,unlike,"[""상위 수익자"", ""자산가"", ""커뮤니티 인플루언서""]",null
chunk_001_2026-02-27_2026-03-06,2026-03-04,6,A008,"[2489, 2490, 2491, 2500, 2501]",2500,"삼성전자, 단기 하락 압력에 대한 우려와 시장 전망",analysis,like,[],null
chunk_001_2026-02-27_2026-03-06,2026-03-04,6,A008,"[2489, 2490, 2491, 2500, 2501]",2501,"삼성전자, 저평가 구간에서의 기술적 위험 고려",analysis,unlike,[],null
chunk_001_2026-02-27_2026-03-06,2026-03-04,6,A007,"[2489, 2490, 2491, 2493, 2500, 2501, 2505]",2489,[분석] 삼성전자 MA20 이탈과 거시 악재의 영향,analysis,like,[],"{""portfolio_summary"": {""state_id"": ""ps_A004_t006"", ""agent_id"": ""A004"", ""turn"": 6, ""date"": ""2026-03-04"", ""cash"": 5446100.0, ""positions"": ""[{\""stock_code\"": \""005930\"", \""quantity\"": 452, \""avg_cost\"": 209108.3885209713, \""current_price\"": 172200.0, \""unrealized_pnl\"": -16682591.611479023, \""unrealized_pnl_rate\"": -0.17650362466099623}]"", ""total_value"": 83280500.0, ""realized_pnl"": -36908.38852097129, ""total_return_rate"": -0.167195, ""updated_at"": ""2026-07-14 16:57:38""}, ""recent_trades"": [{""turn"": 6, ""date"": ""2026-03-04"", ""action"": ""sell"", ""stock_code"": ""005930"", ""quantity"": 1, ""executed_price"": 172200.0, ""trade_value"": 172200.0, ""status"": ""filled"", ""filled_quantity"": 1, ""action_reason"": ""fallback_decision_after_invalid_llm_output: the model failed to return a valid decision after retry, so the system submitted a minimal valid sell order.""}, {""turn"": 5, ""date"": ""2026-03-04"", ""action"": ""buy"", ""stock_code"": ""005930"", ""quantity"": 28, ""executed_price"": 184200.0, ""trade_value"": 5157600.0, ""status"": ""filled"", ""filled_quantity"": 28, ""action_reason"": ""MA20(179,605 원) 부근 기술적 지지 확인 및 메모리 수급난 호재로 반등 기대, 손실 회복을 위한 평균 매수 단가 하향 심리 작용.""}, {""turn"": 4, ""date"": ""2026-03-03"", ""action"": ""buy"", ""stock_code"": ""005930"", ""quantity"": 20, ""executed_price"": 195100.0, ""trade_value"": 3902000.0, ""status"": ""filled"", ""filled_quantity"": 20, ""action_reason"": ""현재가 195,100 원이 평균 매수 단가 211,522 원 대비 저평가 구간으로 판단되며, AI 혁신 및 메모리 호재로 장기 우상향 흐름이 유효함. 손실 시 추가 매수 성향에 따라 매수 결정.""}]}"
chunk_001_2026-02-27_2026-03-06,2026-03-04,6,A007,"[2489, 2490, 2491, 2493, 2500, 2501, 2505]",2490,현재 삼성전자 주가 상황 및 향후 전망,analysis,like,"[""커뮤니티 인플루언서""]","{""portfolio_summary"": {""state_id"": ""ps_A005_t006"", ""agent_id"": ""A005"", ""turn"": 6, ""date"": ""2026-03-04"", ""cash"": 13160200.0, ""positions"": ""[{\""stock_code\"": \""005930\"", \""quantity\"": 411, \""avg_cost\"": 209047.70642201835, \""current_price\"": 172200.0, \""unrealized_pnl\"": -15144407.339449544, \""unrealized_pnl_rate\"": -0.17626458119388053}]"", ""total_value"": 83934400.0, ""realized_pnl"": -921192.6605504588, ""total_return_rate"": -0.160656, ""updated_at"": ""2026-07-14 16:57:38""}, ""recent_trades"": [{""turn"": 6, ""date"": ""2026-03-04"", ""action"": ""sell"", ""stock_code"": ""005930"", ""quantity"": 25, ""executed_price"": 172200.0, ""trade_value"": 4305000.0, ""status"": ""filled"", ""filled_quantity"": 25, ""action_reason"": ""기술적 지지선 붕괴 (MA20 이탈) 와 지정학적 리스크로 단기 하락 우려가 큽니다. 현금 비중이 낮아 추가 하락 시 대응 여력이 부족하므로, 현금 확보를 위해 일부 매도합니다.""}, {""turn"": 5, ""date"": ""2026-03-04"", ""action"": ""buy"", ""stock_code"": ""005930"", ""quantity"": 10, ""executed_price"": 184200.0, ""trade_value"": 1842000.0, ""status"": ""filled"", ""filled_quantity"": 10, ""action_reason"": ""현재가 18 만 4 천 원은 내재가치 대비 저평가 구간이 심화되었으며, 메모리 사이클 호황 지속으로 장기적 가치 투자 관점에서 매수 기회로 판단. 지정학적 리스크는 단기 과잉 반응으로 보임.""}, {""turn"": 4, ""date"": ""2026-03-03"", ""action"": ""buy"", ""stock_code"": ""005930"", ""quantity"": 53, ""executed_price"": 195100.0, ""trade_value"": 10340300.0, ""status"": ""filled"", ""filled_quantity"": 53, ""action_reason"": ""현재 주가 195,100 원은 내재가치 대비 저평가 구간이며, 지정학적 리스크로 인한 단기 급락은 안전마진 확대 기회로 판단됨. AI 및 메모리 사이클 호황이 주가를 지지하므로 집중 투자 원칙에 따라 매수.""}]}"
chunk_001_2026-02-27_2026-03-06,2026-03-04,6,A007,"[2489, 2490, 2491, 2493, 2500, 2501, 2505]",2491,오늘 삼성전자 전량 매도했습니다.,trade_share,like,"[""상위 수익자"", ""자산가"", ""커뮤니티 인플루언서""]","{""portfolio_summary"": {""state_id"": ""ps_A006_t006"", ""agent_id"": ""A006"", ""turn"": 6, ""date"": ""2026-03-04"", ""cash"": 89303400.0, ""positions"": ""[]"", ""total_value"": 89303400.0, ""realized_pnl"": -10696599.999999998, ""total_return_rate"": -0.106966, ""updated_at"": ""2026-07-14 16:57:38""}, ""recent_trades"": [{""turn"": 6, ""date"": ""2026-03-04"", ""action"": ""sell"", ""stock_code"": ""005930"", ""quantity"": 392, ""executed_price"": 172200.0, ""trade_value"": 67502400.0, ""status"": ""filled"", ""filled_quantity"": 392, ""action_reason"": ""MA20 붕괴와 지정학적 리스크로 하락 추세가 명확하며, 기술적 반등 신호가 부재합니다. 과거 하락 시 추가 매수로 손실이 확대된 경험을 반영하여, 현재 포트폴리오의 미실현 손실을 줄이고 현금 유동성을 확보하기 위해 전량 매도합니다.""}, {""turn"": 5, ""date"": ""2026-03-04"", ""action"": ""buy"", ""stock_code"": ""005930"", ""quantity"": 20, ""executed_price"": 184200.0, ""trade_value"": 3684000.0, ""status"": ""filled"", ""filled_quantity"": 20, ""action_reason"": ""손실 시 추가 매수 성향과 MA20 지지선 기대감에 따라 제한적으로 매수합니다.""}, {""turn"": 4, ""date"": ""2026-03-03"", ""action"": ""buy"", ""stock_code"": ""005930"", ""quantity"": 130, ""executed_price"": 195100.0, ""trade_value"": 25363000.0, ""status"": ""filled"", ""filled_quantity"": 130, ""action_reason"": ""현재가 19 만 5 천 원은 저평가 구간으로 판단되며, 손실 시 추가 매수 (아베리징) 전략과 20 만원 심리적 지지선 방어를 위해 매수합니다.""}]}"
chunk_001_2026-02-27_2026-03-06,2026-03-04,6,A007,"[2489, 2490, 2491, 2493, 2500, 2501, 2505]",2493,지정학적 리스크와 기술적 약세에 대한 생각,analysis,like,[],"{""portfolio_summary"": {""state_id"": ""ps_A010_t006"", ""agent_id"": ""A010"", ""turn"": 6, ""date"": ""2026-03-04"", ""cash"": 8798400.0, ""positions"": ""[{\""stock_code\"": \""005930\"", \""quantity\"": 434, \""avg_cost\"": 208711.75166297116, \""current_price\"": 172200.0, \""unrealized_pnl\"": -15846100.221729483, \""unrealized_pnl_rate\"": -0.17493864802558184}]"", ""total_value"": 83533200.0, ""realized_pnl"": -620699.7782705098, ""total_return_rate"": -0.164668, ""updated_at"": ""2026-07-14 16:57:38""}, ""recent_trades"": [{""turn"": 6, ""date"": ""2026-03-04"", ""action"": ""sell"", ""stock_code"": ""005930"", ""quantity"": 17, ""executed_price"": 172200.0, ""trade_value"": 2927400.0, ""status"": ""filled"", ""filled_quantity"": 17, ""action_reason"": ""지정학적 리스크와 20 만원 선 붕괴로 단기 하락 가능성 높음. 현금 소진으로 대응력 부족하여 매도 제한 내에서 일부 매도하여 현금 비중 확보 및 리스크 관리.""}, {""turn"": 5, ""date"": ""2026-03-04"", ""action"": ""buy"", ""stock_code"": ""005930"", ""quantity"": 31, ""executed_price"": 184200.0, ""trade_value"": 5710200.0, ""status"": ""filled"", ""filled_quantity"": 31, ""action_reason"": ""단기 지정학적 리스크로 인한 과반응 하락으로 내재가치 대비 저평가 구간 진입. 장기 성장성 (AI, 메모리) 유지되므로 가치 투자 관점에서 매수 기회로 판단.""}, {""turn"": 4, ""date"": ""2026-03-03"", ""action"": ""buy"", ""stock_code"": ""005930"", ""quantity"": 58, ""executed_price"": 195100.0, ""trade_value"": 11315800.0, ""status"": ""filled"", ""filled_quantity"": 58, ""action_reason"": ""현재 주가는 내재가치 대비 저평가 구간이며, AI 수요와 메모리 사이클 상승으로 장기 성장성이 유효합니다. 확보된 현금 여력을 활용하여 평균 매수 단가를 낮추는 것이 가치 투자 원칙에 부합합니다.""}]}"
chunk_001_2026-02-27_2026-03-06,2026-03-04,6,A007,"[2489, 2490, 2491, 2493, 2500, 2501, 2505]",2500,"삼성전자, 단기 하락 압력에 대한 우려와 시장 전망",analysis,unlike,[],"{""portfolio_summary"": {""state_id"": ""ps_A017_t006"", ""agent_id"": ""A017"", ""turn"": 6, ""date"": ""2026-03-04"", ""cash"": 42554500.0, ""positions"": ""[{\""stock_code\"": \""005930\"", \""quantity\"": 241, \""avg_cost\"": 208357.14285714287, \""current_price\"": 172200.0, \""unrealized_pnl\"": -8713871.428571431, \""unrealized_pnl_rate\"": -0.173534453205348}]"", ""total_value"": 84054700.0, ""realized_pnl"": -7231428.571428574, ""total_return_rate"": -0.159453, ""updated_at"": ""2026-07-14 16:57:38""}, ""recent_trades"": [{""turn"": 6, ""date"": ""2026-03-04"", ""action"": ""sell"", ""stock_code"": ""005930"", ""quantity"": 200, ""executed_price"": 172200.0, ""trade_value"": 34440000.0, ""status"": ""filled"", ""filled_quantity"": 200, ""action_reason"": ""MA20 지지선 이탈 및 전쟁 리스크, 갤럭시 S26 이슈 등 악재로 하락 추세 명확. 기술적 반등 신호 전까지 보유 비중을 축소하여 리스크 관리.""}, {""turn"": 5, ""date"": ""2026-03-04"", ""action"": ""buy"", ""stock_code"": ""005930"", ""quantity"": 10, ""executed_price"": 184200.0, ""trade_value"": 1842000.0, ""status"": ""filled"", ""filled_quantity"": 10, ""action_reason"": ""MA20(179,605 원) 지지선 상단 유지 확인 및 메모리 수급난 호재로 기술적 매수 신호 발생. 현재 저평가 구간에서 평균 매수 단가 하향을 위해 제한적으로 매수.""}, {""turn"": 4, ""date"": ""2026-03-03"", ""action"": ""buy"", ""stock_code"": ""005930"", ""quantity"": 50, ""executed_price"": 195100.0, ""trade_value"": 9755000.0, ""status"": ""filled"", ""filled_quantity"": 50, ""action_reason"": ""중장기 AI/메모리 슈퍼사이클 호재로 저평가 구간 진입. 20 만원 선 붕괴 후 19 만 5 천 원 부근 기술적 지지선 재확인 및 기관 자금 유입으로 매수 기회로 판단.""}]}"
chunk_001_2026-02-27_2026-03-06,2026-03-04,6,A007,"[2489, 2490, 2491, 2493, 2500, 2501, 2505]",2501,"삼성전자, 저평가 구간에서의 기술적 위험 고려",analysis,read,[],"{""portfolio_summary"": {""state_id"": ""ps_A019_t006"", ""agent_id"": ""A019"", ""turn"": 6, ""date"": ""2026-03-04"", ""cash"": 10287500.0, ""positions"": ""[{\""stock_code\"": \""005930\"", \""quantity\"": 448, \""avg_cost\"": 201919.64285714287, \""current_price\"": 172200.0, \""unrealized_pnl\"": -13314400.000000006, \""unrealized_pnl_rate\"": -0.14718549635197883}]"", ""total_value"": 87433100.0, ""realized_pnl"": 747500.0, ""total_return_rate"": -0.125669, ""updated_at"": ""2026-07-14 16:57:38""}, ""recent_trades"": [{""turn"": 6, ""date"": ""2026-03-04"", ""action"": ""buy"", ""stock_code"": ""005930"", ""quantity"": 10, ""executed_price"": 172200.0, ""trade_value"": 1722000.0, ""status"": ""filled"", ""filled_quantity"": 10, ""action_reason"": ""내재가치 저평가 구간이며 손실 시 추가 매수 성향이 있으나, 기술적 리스크와 현금 부족으로 제한적 매수.""}, {""turn"": 5, ""date"": ""2026-03-04"", ""action"": ""buy"", ""stock_code"": ""005930"", ""quantity"": 65, ""executed_price"": 184200.0, ""trade_value"": 11973000.0, ""status"": ""filled"", ""filled_quantity"": 65, ""action_reason"": ""지정학적 리스크로 인한 외국인 공황 매도로 주가가 내재가치 대비 저평가 구간 진입. MA20(179,605 원) 지지선 부근에서 반등 모멘텀이 예상되어 가치 투자 관점에서 저가 매수 기회로 판단.""}, {""turn"": 4, ""date"": ""2026-03-03"", ""action"": ""buy"", ""stock_code"": ""005930"", ""quantity"": 100, ""executed_price"": 195100.0, ""trade_value"": 19510000.0, ""status"": ""filled"", ""filled_quantity"": 100, ""action_reason"": ""지정학적 리스크로 인한 단기 조정으로 주가가 내재가치 대비 저평가 구간 (19 만 5 천 원) 에 진입함. 메모리 업황 회복과 AI 호재 등 구조적 성장성은 유지되므로, 손실 구간에서 추가 매수하는 투자 성향에 따라 매수 단가 하향을 꾀함.""}]}"
chunk_001_2026-02-27_2026-03-06,2026-03-04,6,A007,"[2489, 2490, 2491, 2493, 2500, 2501, 2505]",2505,지정학적 리스크와 삼성전자 주가 전망,analysis,like,"[""상위 수익자"", ""자산가"", ""커뮤니티 인플루언서""]","{""portfolio_summary"": {""state_id"": ""ps_A025_t006"", ""agent_id"": ""A025"", ""turn"": 6, ""date"": ""2026-03-04"", ""cash"": 49050000.0, ""positions"": ""[{\""stock_code\"": \""005930\"", \""quantity\"": 238, \""avg_cost\"": 205377.36304012345, \""current_price\"": 172200.0, \""unrealized_pnl\"": -7896212.403549382, \""unrealized_pnl_rate\"": -0.16154342693377446}]"", ""total_value"": 90033600.0, ""realized_pnl"": -2070187.5964506166, ""total_return_rate"": -0.099664, ""updated_at"": ""2026-07-14 16:57:38""}, ""recent_trades"": [{""turn"": 6, ""date"": ""2026-03-04"", ""action"": ""sell"", ""stock_code"": ""005930"", ""quantity"": 50, ""executed_price"": 172200.0, ""trade_value"": 8610000.0, ""status"": ""filled"", ""filled_quantity"": 50, ""action_reason"": ""MA20 지지선 이탈과 지정학적 리스크로 단기 하락 추세가 지속될 우려가 있어, 손실 시 추가 매수 성향보다 리스크 관리를 우선시합니다. 삼성전자 단일 종목 집중도를 낮추고 현금 확보를 통해 시장 안정화 시점을 기다립니다.""}, {""turn"": 5, ""date"": ""2026-03-04"", ""action"": ""buy"", ""stock_code"": ""005930"", ""quantity"": 50, ""executed_price"": 184200.0, ""trade_value"": 9210000.0, ""status"": ""filled"", ""filled_quantity"": 50, ""action_reason"": ""MA20(17 만 9 천 원) 지지선 부근 접근으로 기술적 반등 가능성 고려, 손실 시 추가 매수 성향 반영.""}, {""turn"": 4, ""date"": ""2026-03-03"", ""action"": ""sell"", ""stock_code"": ""005930"", ""quantity"": 50, ""executed_price"": 195100.0, ""trade_value"": 9755000.0, ""status"": ""filled"", ""filled_quantity"": 50, ""action_reason"": ""단기 MA5 이탈 및 20 만원 선 붕괴로 기술적 약세 신호 확인. 손절 원칙 준수 및 포트폴리오 집중도 완화를 위해 일부 매도.""}]}"
chunk_001_2026-02-27_2026-03-06,2026-03-04,6,A010,"[2489, 2491, 2495, 2500, 2501]",2489,[분석] 삼성전자 MA20 이탈과 거시 악재의 영향,analysis,like,[],null
chunk_001_2026-02-27_2026-03-06,2026-03-04,6,A010,"[2489, 2491, 2495, 2500, 2501]",2491,오늘 삼성전자 전량 매도했습니다.,trade_share,like,"[""상위 수익자"", ""자산가"", ""커뮤니티 인플루언서""]",null
chunk_001_2026-02-27_2026-03-06,2026-03-04,6,A010,"[2489, 2491, 2495, 2500, 2501]",2495,"[시장 전망] 삼성전자, MA20 지지선 이탈과 지정학적 리스크 분석",analysis,like,[],null
chunk_001_2026-02-27_2026-03-06,2026-03-04,6,A010,"[2489, 2491, 2495, 2500, 2501]",2500,"삼성전자, 단기 하락 압력에 대한 우려와 시장 전망",analysis,like,[],null
chunk_001_2026-02-27_2026-03-06,2026-03-04,6,A010,"[2489, 2491, 2495, 2500, 2501]",2501,"삼성전자, 저평가 구간에서의 기술적 위험 고려",analysis,unlike,[],null
chunk_001_2026-02-27_2026-03-06,2026-03-04,6,A011,"[2489, 2490, 2491, 2495, 2501]",2489,[분석] 삼성전자 MA20 이탈과 거시 악재의 영향,analysis,like,[],null
chunk_001_2026-02-27_2026-03-06,2026-03-04,6,A011,"[2489, 2490, 2491, 2495, 2501]",2490,현재 삼성전자 주가 상황 및 향후 전망,analysis,like,"[""커뮤니티 인플루언서""]",null
chunk_001_2026-02-27_2026-03-06,2026-03-04,6,A011,"[2489, 2490, 2491, 2495, 2501]",2491,오늘 삼성전자 전량 매도했습니다.,trade_share,unlike,"[""상위 수익자"", ""자산가"", ""커뮤니티 인플루언서""]",null
chunk_001_2026-02-27_2026-03-06,2026-03-04,6,A011,"[2489, 2490, 2491, 2495, 2501]",2495,"[시장 전망] 삼성전자, MA20 지지선 이탈과 지정학적 리스크 분석",analysis,like,[],null
chunk_001_2026-02-27_2026-03-06,2026-03-04,6,A011,"[2489, 2490, 2491, 2495, 2501]",2501,"삼성전자, 저평가 구간에서의 기술적 위험 고려",analysis,read,[],null
chunk_001_2026-02-27_2026-03-06,2026-03-04,6,A012,"[2489, 2490, 2491, 2500, 2501]",2489,[분석] 삼성전자 MA20 이탈과 거시 악재의 영향,analysis,like,[],null
chunk_001_2026-02-27_2026-03-06,2026-03-04,6,A012,"[2489, 2490, 2491, 2500, 2501]",2490,현재 삼성전자 주가 상황 및 향후 전망,analysis,like,"[""커뮤니티 인플루언서""]",null
chunk_001_2026-02-27_2026-03-06,2026-03-04,6,A012,"[2489, 2490, 2491, 2500, 2501]",2491,오늘 삼성전자 전량 매도했습니다.,trade_share,like,"[""상위 수익자"", ""자산가"", ""커뮤니티 인플루언서""]",null
chunk_001_2026-02-27_2026-03-06,2026-03-04,6,A012,"[2489, 2490, 2491, 2500, 2501]",2500,"삼성전자, 단기 하락 압력에 대한 우려와 시장 전망",analysis,like,[],null
chunk_001_2026-02-27_2026-03-06,2026-03-04,6,A012,"[2489, 2490, 2491, 2500, 2501]",2501,"삼성전자, 저평가 구간에서의 기술적 위험 고려",analysis,unlike,[],null
chunk_001_2026-02-27_2026-03-06,2026-03-04,6,A013,"[2489, 2490, 2495, 2500, 2501]",2489,[분석] 삼성전자 MA20 이탈과 거시 악재의 영향,analysis,like,[],null
chunk_001_2026-02-27_2026-03-06,2026-03-04,6,A013,"[2489, 2490, 2495, 2500, 2501]",2490,현재 삼성전자 주가 상황 및 향후 전망,analysis,like,"[""커뮤니티 인플루언서""]",null
chunk_001_2026-02-27_2026-03-06,2026-03-04,6,A013,"[2489, 2490, 2495, 2500, 2501]",2495,"[시장 전망] 삼성전자, MA20 지지선 이탈과 지정학적 리스크 분석",analysis,like,[],null
chunk_001_2026-02-27_2026-03-06,2026-03-04,6,A013,"[2489, 2490, 2495, 2500, 2501]",2500,"삼성전자, 단기 하락 압력에 대한 우려와 시장 전망",analysis,unlike,[],null
chunk_001_2026-02-27_2026-03-06,2026-03-04,6,A013,"[2489, 2490, 2495, 2500, 2501]",2501,"삼성전자, 저평가 구간에서의 기술적 위험 고려",analysis,read,[],null
chunk_001_2026-02-27_2026-03-06,2026-03-04,6,A014,"[2489, 2490, 2491, 2500, 2501]",2489,[분석] 삼성전자 MA20 이탈과 거시 악재의 영향,analysis,like,[],null
chunk_001_2026-02-27_2026-03-06,2026-03-04,6,A014,"[2489, 2490, 2491, 2500, 2501]",2490,현재 삼성전자 주가 상황 및 향후 전망,analysis,like,"[""커뮤니티 인플루언서""]",null
chunk_001_2026-02-27_2026-03-06,2026-03-04,6,A014,"[2489, 2490, 2491, 2500, 2501]",2491,오늘 삼성전자 전량 매도했습니다.,trade_share,like,"[""상위 수익자"", ""자산가"", ""커뮤니티 인플루언서""]",null
chunk_001_2026-02-27_2026-03-06,2026-03-04,6,A014,"[2489, 2490, 2491, 2500, 2501]",2500,"삼성전자, 단기 하락 압력에 대한 우려와 시장 전망",analysis,unlike,[],null
chunk_001_2026-02-27_2026-03-06,2026-03-04,6,A014,"[2489, 2490, 2491, 2500, 2501]",2501,"삼성전자, 저평가 구간에서의 기술적 위험 고려",analysis,read,[],null
chunk_001_2026-02-27_2026-03-06,2026-03-04,6,A017,"[2489, 2490, 2491, 2495, 2501]",2489,[분석] 삼성전자 MA20 이탈과 거시 악재의 영향,analysis,like,[],"{""portfolio_summary"": {""state_id"": ""ps_A004_t006"", ""agent_id"": ""A004"", ""turn"": 6, ""date"": ""2026-03-04"", ""cash"": 5446100.0, ""positions"": ""[{\""stock_code\"": \""005930\"", \""quantity\"": 452, \""avg_cost\"": 209108.3885209713, \""current_price\"": 172200.0, \""unrealized_pnl\"": -16682591.611479023, \""unrealized_pnl_rate\"": -0.17650362466099623}]"", ""total_value"": 83280500.0, ""realized_pnl"": -36908.38852097129, ""total_return_rate"": -0.167195, ""updated_at"": ""2026-07-14 16:57:38""}, ""recent_trades"": [{""turn"": 6, ""date"": ""2026-03-04"", ""action"": ""sell"", ""stock_code"": ""005930"", ""quantity"": 1, ""executed_price"": 172200.0, ""trade_value"": 172200.0, ""status"": ""filled"", ""filled_quantity"": 1, ""action_reason"": ""fallback_decision_after_invalid_llm_output: the model failed to return a valid decision after retry, so the system submitted a minimal valid sell order.""}, {""turn"": 5, ""date"": ""2026-03-04"", ""action"": ""buy"", ""stock_code"": ""005930"", ""quantity"": 28, ""executed_price"": 184200.0, ""trade_value"": 5157600.0, ""status"": ""filled"", ""filled_quantity"": 28, ""action_reason"": ""MA20(179,605 원) 부근 기술적 지지 확인 및 메모리 수급난 호재로 반등 기대, 손실 회복을 위한 평균 매수 단가 하향 심리 작용.""}, {""turn"": 4, ""date"": ""2026-03-03"", ""action"": ""buy"", ""stock_code"": ""005930"", ""quantity"": 20, ""executed_price"": 195100.0, ""trade_value"": 3902000.0, ""status"": ""filled"", ""filled_quantity"": 20, ""action_reason"": ""현재가 195,100 원이 평균 매수 단가 211,522 원 대비 저평가 구간으로 판단되며, AI 혁신 및 메모리 호재로 장기 우상향 흐름이 유효함. 손실 시 추가 매수 성향에 따라 매수 결정.""}]}"
chunk_001_2026-02-27_2026-03-06,2026-03-04,6,A017,"[2489, 2490, 2491, 2495, 2501]",2490,현재 삼성전자 주가 상황 및 향후 전망,analysis,like,"[""커뮤니티 인플루언서""]","{""portfolio_summary"": {""state_id"": ""ps_A005_t006"", ""agent_id"": ""A005"", ""turn"": 6, ""date"": ""2026-03-04"", ""cash"": 13160200.0, ""positions"": ""[{\""stock_code\"": \""005930\"", \""quantity\"": 411, \""avg_cost\"": 209047.70642201835, \""current_price\"": 172200.0, \""unrealized_pnl\"": -15144407.339449544, \""unrealized_pnl_rate\"": -0.17626458119388053}]"", ""total_value"": 83934400.0, ""realized_pnl"": -921192.6605504588, ""total_return_rate"": -0.160656, ""updated_at"": ""2026-07-14 16:57:38""}, ""recent_trades"": [{""turn"": 6, ""date"": ""2026-03-04"", ""action"": ""sell"", ""stock_code"": ""005930"", ""quantity"": 25, ""executed_price"": 172200.0, ""trade_value"": 4305000.0, ""status"": ""filled"", ""filled_quantity"": 25, ""action_reason"": ""기술적 지지선 붕괴 (MA20 이탈) 와 지정학적 리스크로 단기 하락 우려가 큽니다. 현금 비중이 낮아 추가 하락 시 대응 여력이 부족하므로, 현금 확보를 위해 일부 매도합니다.""}, {""turn"": 5, ""date"": ""2026-03-04"", ""action"": ""buy"", ""stock_code"": ""005930"", ""quantity"": 10, ""executed_price"": 184200.0, ""trade_value"": 1842000.0, ""status"": ""filled"", ""filled_quantity"": 10, ""action_reason"": ""현재가 18 만 4 천 원은 내재가치 대비 저평가 구간이 심화되었으며, 메모리 사이클 호황 지속으로 장기적 가치 투자 관점에서 매수 기회로 판단. 지정학적 리스크는 단기 과잉 반응으로 보임.""}, {""turn"": 4, ""date"": ""2026-03-03"", ""action"": ""buy"", ""stock_code"": ""005930"", ""quantity"": 53, ""executed_price"": 195100.0, ""trade_value"": 10340300.0, ""status"": ""filled"", ""filled_quantity"": 53, ""action_reason"": ""현재 주가 195,100 원은 내재가치 대비 저평가 구간이며, 지정학적 리스크로 인한 단기 급락은 안전마진 확대 기회로 판단됨. AI 및 메모리 사이클 호황이 주가를 지지하므로 집중 투자 원칙에 따라 매수.""}]}"
chunk_001_2026-02-27_2026-03-06,2026-03-04,6,A017,"[2489, 2490, 2491, 2495, 2501]",2491,오늘 삼성전자 전량 매도했습니다.,trade_share,like,"[""상위 수익자"", ""자산가"", ""커뮤니티 인플루언서""]","{""portfolio_summary"": {""state_id"": ""ps_A006_t006"", ""agent_id"": ""A006"", ""turn"": 6, ""date"": ""2026-03-04"", ""cash"": 89303400.0, ""positions"": ""[]"", ""total_value"": 89303400.0, ""realized_pnl"": -10696599.999999998, ""total_return_rate"": -0.106966, ""updated_at"": ""2026-07-14 16:57:38""}, ""recent_trades"": [{""turn"": 6, ""date"": ""2026-03-04"", ""action"": ""sell"", ""stock_code"": ""005930"", ""quantity"": 392, ""executed_price"": 172200.0, ""trade_value"": 67502400.0, ""status"": ""filled"", ""filled_quantity"": 392, ""action_reason"": ""MA20 붕괴와 지정학적 리스크로 하락 추세가 명확하며, 기술적 반등 신호가 부재합니다. 과거 하락 시 추가 매수로 손실이 확대된 경험을 반영하여, 현재 포트폴리오의 미실현 손실을 줄이고 현금 유동성을 확보하기 위해 전량 매도합니다.""}, {""turn"": 5, ""date"": ""2026-03-04"", ""action"": ""buy"", ""stock_code"": ""005930"", ""quantity"": 20, ""executed_price"": 184200.0, ""trade_value"": 3684000.0, ""status"": ""filled"", ""filled_quantity"": 20, ""action_reason"": ""손실 시 추가 매수 성향과 MA20 지지선 기대감에 따라 제한적으로 매수합니다.""}, {""turn"": 4, ""date"": ""2026-03-03"", ""action"": ""buy"", ""stock_code"": ""005930"", ""quantity"": 130, ""executed_price"": 195100.0, ""trade_value"": 25363000.0, ""status"": ""filled"", ""filled_quantity"": 130, ""action_reason"": ""현재가 19 만 5 천 원은 저평가 구간으로 판단되며, 손실 시 추가 매수 (아베리징) 전략과 20 만원 심리적 지지선 방어를 위해 매수합니다.""}]}"
chunk_001_2026-02-27_2026-03-06,2026-03-04,6,A017,"[2489, 2490, 2491, 2495, 2501]",2495,"[시장 전망] 삼성전자, MA20 지지선 이탈과 지정학적 리스크 분석",analysis,unlike,[],"{""portfolio_summary"": {""state_id"": ""ps_A008_t006"", ""agent_id"": ""A008"", ""turn"": 6, ""date"": ""2026-03-04"", ""cash"": 4937200.0, ""positions"": ""[{\""stock_code\"": \""005930\"", \""quantity\"": 452, \""avg_cost\"": 209571.80043383947, \""current_price\"": 172200.0, \""unrealized_pnl\"": -16892053.79609544, \""unrealized_pnl_rate\"": -0.17832456636090938}]"", ""total_value"": 82771600.0, ""realized_pnl"": -336346.2039045552, ""total_return_rate"": -0.172284, ""updated_at"": ""2026-07-14 16:57:38""}, ""recent_trades"": [{""turn"": 6, ""date"": ""2026-03-04"", ""action"": ""sell"", ""stock_code"": ""005930"", ""quantity"": 9, ""executed_price"": 172200.0, ""trade_value"": 1549800.0, ""status"": ""filled"", ""filled_quantity"": 9, ""action_reason"": ""MA20(180,180 원) 지지선 이탈과 지정학적 쇼크로 인한 '검은 수요일' 뉴스가 하락 추세를 확인시켜 줌. 기술적 매도 신호와 이성적 손절 원칙에 따라 미실현 손실 (-11.70%) 을 일부 실현하며 리스크를 축소함.""}, {""turn"": 5, ""date"": ""2026-03-04"", ""action"": ""buy"", ""stock_code"": ""005930"", ""quantity"": 17, ""executed_price"": 184200.0, ""trade_value"": 3131400.0, ""status"": ""filled"", ""filled_quantity"": 17, ""action_reason"": ""MA20(179,605 원) 지지선 내 현재가 (184,200 원) 유지 및 구조적 호재 (메모리 수급난) 로 저가 매수 기회로 판단. 고위험 성향에 따라 반등 모멘텀 확보를 위해 매수.""}, {""turn"": 4, ""date"": ""2026-03-03"", ""action"": ""buy"", ""stock_code"": ""005930"", ""quantity"": 32, ""executed_price"": 195100.0, ""trade_value"": 6243200.0, ""status"": ""filled"", ""filled_quantity"": 32, ""action_reason"": ""MA20(179,605 원) 지지선 내 유지 및 AI 사이클 호재로 매수 기회로 판단. 단기 급락 후 반등 모멘텀 확보를 위해 현금 여력 범위 내에서 최대 수량 매수.""}]}"
chunk_001_2026-02-27_2026-03-06,2026-03-04,6,A017,"[2489, 2490, 2491, 2495, 2501]",2501,"삼성전자, 저평가 구간에서의 기술적 위험 고려",analysis,read,[],"{""portfolio_summary"": {""state_id"": ""ps_A019_t006"", ""agent_id"": ""A019"", ""turn"": 6, ""date"": ""2026-03-04"", ""cash"": 10287500.0, ""positions"": ""[{\""stock_code\"": \""005930\"", \""quantity\"": 448, \""avg_cost\"": 201919.64285714287, \""current_price\"": 172200.0, \""unrealized_pnl\"": -13314400.000000006, \""unrealized_pnl_rate\"": -0.14718549635197883}]"", ""total_value"": 87433100.0, ""realized_pnl"": 747500.0, ""total_return_rate"": -0.125669, ""updated_at"": ""2026-07-14 16:57:38""}, ""recent_trades"": [{""turn"": 6, ""date"": ""2026-03-04"", ""action"": ""buy"", ""stock_code"": ""005930"", ""quantity"": 10, ""executed_price"": 172200.0, ""trade_value"": 1722000.0, ""status"": ""filled"", ""filled_quantity"": 10, ""action_reason"": ""내재가치 저평가 구간이며 손실 시 추가 매수 성향이 있으나, 기술적 리스크와 현금 부족으로 제한적 매수.""}, {""turn"": 5, ""date"": ""2026-03-04"", ""action"": ""buy"", ""stock_code"": ""005930"", ""quantity"": 65, ""executed_price"": 184200.0, ""trade_value"": 11973000.0, ""status"": ""filled"", ""filled_quantity"": 65, ""action_reason"": ""지정학적 리스크로 인한 외국인 공황 매도로 주가가 내재가치 대비 저평가 구간 진입. MA20(179,605 원) 지지선 부근에서 반등 모멘텀이 예상되어 가치 투자 관점에서 저가 매수 기회로 판단.""}, {""turn"": 4, ""date"": ""2026-03-03"", ""action"": ""buy"", ""stock_code"": ""005930"", ""quantity"": 100, ""executed_price"": 195100.0, ""trade_value"": 19510000.0, ""status"": ""filled"", ""filled_quantity"": 100, ""action_reason"": ""지정학적 리스크로 인한 단기 조정으로 주가가 내재가치 대비 저평가 구간 (19 만 5 천 원) 에 진입함. 메모리 업황 회복과 AI 호재 등 구조적 성장성은 유지되므로, 손실 구간에서 추가 매수하는 투자 성향에 따라 매수 단가 하향을 꾀함.""}]}"
chunk_001_2026-02-27_2026-03-06,2026-03-04,6,A015,"[2489, 2490, 2491, 2495, 2500, 2501, 2505]",2489,[분석] 삼성전자 MA20 이탈과 거시 악재의 영향,analysis,like,[],"{""portfolio_summary"": {""state_id"": ""ps_A004_t006"", ""agent_id"": ""A004"", ""turn"": 6, ""date"": ""2026-03-04"", ""cash"": 5446100.0, ""positions"": ""[{\""stock_code\"": \""005930\"", \""quantity\"": 452, \""avg_cost\"": 209108.3885209713, \""current_price\"": 172200.0, \""unrealized_pnl\"": -16682591.611479023, \""unrealized_pnl_rate\"": -0.17650362466099623}]"", ""total_value"": 83280500.0, ""realized_pnl"": -36908.38852097129, ""total_return_rate"": -0.167195, ""updated_at"": ""2026-07-14 16:57:38""}, ""recent_trades"": [{""turn"": 6, ""date"": ""2026-03-04"", ""action"": ""sell"", ""stock_code"": ""005930"", ""quantity"": 1, ""executed_price"": 172200.0, ""trade_value"": 172200.0, ""status"": ""filled"", ""filled_quantity"": 1, ""action_reason"": ""fallback_decision_after_invalid_llm_output: the model failed to return a valid decision after retry, so the system submitted a minimal valid sell order.""}, {""turn"": 5, ""date"": ""2026-03-04"", ""action"": ""buy"", ""stock_code"": ""005930"", ""quantity"": 28, ""executed_price"": 184200.0, ""trade_value"": 5157600.0, ""status"": ""filled"", ""filled_quantity"": 28, ""action_reason"": ""MA20(179,605 원) 부근 기술적 지지 확인 및 메모리 수급난 호재로 반등 기대, 손실 회복을 위한 평균 매수 단가 하향 심리 작용.""}, {""turn"": 4, ""date"": ""2026-03-03"", ""action"": ""buy"", ""stock_code"": ""005930"", ""quantity"": 20, ""executed_price"": 195100.0, ""trade_value"": 3902000.0, ""status"": ""filled"", ""filled_quantity"": 20, ""action_reason"": ""현재가 195,100 원이 평균 매수 단가 211,522 원 대비 저평가 구간으로 판단되며, AI 혁신 및 메모리 호재로 장기 우상향 흐름이 유효함. 손실 시 추가 매수 성향에 따라 매수 결정.""}]}"
chunk_001_2026-02-27_2026-03-06,2026-03-04,6,A015,"[2489, 2490, 2491, 2495, 2500, 2501, 2505]",2490,현재 삼성전자 주가 상황 및 향후 전망,analysis,like,"[""커뮤니티 인플루언서""]","{""portfolio_summary"": {""state_id"": ""ps_A005_t006"", ""agent_id"": ""A005"", ""turn"": 6, ""date"": ""2026-03-04"", ""cash"": 13160200.0, ""positions"": ""[{\""stock_code\"": \""005930\"", \""quantity\"": 411, \""avg_cost\"": 209047.70642201835, \""current_price\"": 172200.0, \""unrealized_pnl\"": -15144407.339449544, \""unrealized_pnl_rate\"": -0.17626458119388053}]"", ""total_value"": 83934400.0, ""realized_pnl"": -921192.6605504588, ""total_return_rate"": -0.160656, ""updated_at"": ""2026-07-14 16:57:38""}, ""recent_trades"": [{""turn"": 6, ""date"": ""2026-03-04"", ""action"": ""sell"", ""stock_code"": ""005930"", ""quantity"": 25, ""executed_price"": 172200.0, ""trade_value"": 4305000.0, ""status"": ""filled"", ""filled_quantity"": 25, ""action_reason"": ""기술적 지지선 붕괴 (MA20 이탈) 와 지정학적 리스크로 단기 하락 우려가 큽니다. 현금 비중이 낮아 추가 하락 시 대응 여력이 부족하므로, 현금 확보를 위해 일부 매도합니다.""}, {""turn"": 5, ""date"": ""2026-03-04"", ""action"": ""buy"", ""stock_code"": ""005930"", ""quantity"": 10, ""executed_price"": 184200.0, ""trade_value"": 1842000.0, ""status"": ""filled"", ""filled_quantity"": 10, ""action_reason"": ""현재가 18 만 4 천 원은 내재가치 대비 저평가 구간이 심화되었으며, 메모리 사이클 호황 지속으로 장기적 가치 투자 관점에서 매수 기회로 판단. 지정학적 리스크는 단기 과잉 반응으로 보임.""}, {""turn"": 4, ""date"": ""2026-03-03"", ""action"": ""buy"", ""stock_code"": ""005930"", ""quantity"": 53, ""executed_price"": 195100.0, ""trade_value"": 10340300.0, ""status"": ""filled"", ""filled_quantity"": 53, ""action_reason"": ""현재 주가 195,100 원은 내재가치 대비 저평가 구간이며, 지정학적 리스크로 인한 단기 급락은 안전마진 확대 기회로 판단됨. AI 및 메모리 사이클 호황이 주가를 지지하므로 집중 투자 원칙에 따라 매수.""}]}"
chunk_001_2026-02-27_2026-03-06,2026-03-04,6,A015,"[2489, 2490, 2491, 2495, 2500, 2501, 2505]",2491,오늘 삼성전자 전량 매도했습니다.,trade_share,unlike,"[""상위 수익자"", ""자산가"", ""커뮤니티 인플루언서""]","{""portfolio_summary"": {""state_id"": ""ps_A006_t006"", ""agent_id"": ""A006"", ""turn"": 6, ""date"": ""2026-03-04"", ""cash"": 89303400.0, ""positions"": ""[]"", ""total_value"": 89303400.0, ""realized_pnl"": -10696599.999999998, ""total_return_rate"": -0.106966, ""updated_at"": ""2026-07-14 16:57:38""}, ""recent_trades"": [{""turn"": 6, ""date"": ""2026-03-04"", ""action"": ""sell"", ""stock_code"": ""005930"", ""quantity"": 392, ""executed_price"": 172200.0, ""trade_value"": 67502400.0, ""status"": ""filled"", ""filled_quantity"": 392, ""action_reason"": ""MA20 붕괴와 지정학적 리스크로 하락 추세가 명확하며, 기술적 반등 신호가 부재합니다. 과거 하락 시 추가 매수로 손실이 확대된 경험을 반영하여, 현재 포트폴리오의 미실현 손실을 줄이고 현금 유동성을 확보하기 위해 전량 매도합니다.""}, {""turn"": 5, ""date"": ""2026-03-04"", ""action"": ""buy"", ""stock_code"": ""005930"", ""quantity"": 20, ""executed_price"": 184200.0, ""trade_value"": 3684000.0, ""status"": ""filled"", ""filled_quantity"": 20, ""action_reason"": ""손실 시 추가 매수 성향과 MA20 지지선 기대감에 따라 제한적으로 매수합니다.""}, {""turn"": 4, ""date"": ""2026-03-03"", ""action"": ""buy"", ""stock_code"": ""005930"", ""quantity"": 130, ""executed_price"": 195100.0, ""trade_value"": 25363000.0, ""status"": ""filled"", ""filled_quantity"": 130, ""action_reason"": ""현재가 19 만 5 천 원은 저평가 구간으로 판단되며, 손실 시 추가 매수 (아베리징) 전략과 20 만원 심리적 지지선 방어를 위해 매수합니다.""}]}"
chunk_001_2026-02-27_2026-03-06,2026-03-04,6,A015,"[2489, 2490, 2491, 2495, 2500, 2501, 2505]",2495,"[시장 전망] 삼성전자, MA20 지지선 이탈과 지정학적 리스크 분석",analysis,like,[],"{""portfolio_summary"": {""state_id"": ""ps_A008_t006"", ""agent_id"": ""A008"", ""turn"": 6, ""date"": ""2026-03-04"", ""cash"": 4937200.0, ""positions"": ""[{\""stock_code\"": \""005930\"", \""quantity\"": 452, \""avg_cost\"": 209571.80043383947, \""current_price\"": 172200.0, \""unrealized_pnl\"": -16892053.79609544, \""unrealized_pnl_rate\"": -0.17832456636090938}]"", ""total_value"": 82771600.0, ""realized_pnl"": -336346.2039045552, ""total_return_rate"": -0.172284, ""updated_at"": ""2026-07-14 16:57:38""}, ""recent_trades"": [{""turn"": 6, ""date"": ""2026-03-04"", ""action"": ""sell"", ""stock_code"": ""005930"", ""quantity"": 9, ""executed_price"": 172200.0, ""trade_value"": 1549800.0, ""status"": ""filled"", ""filled_quantity"": 9, ""action_reason"": ""MA20(180,180 원) 지지선 이탈과 지정학적 쇼크로 인한 '검은 수요일' 뉴스가 하락 추세를 확인시켜 줌. 기술적 매도 신호와 이성적 손절 원칙에 따라 미실현 손실 (-11.70%) 을 일부 실현하며 리스크를 축소함.""}, {""turn"": 5, ""date"": ""2026-03-04"", ""action"": ""buy"", ""stock_code"": ""005930"", ""quantity"": 17, ""executed_price"": 184200.0, ""trade_value"": 3131400.0, ""status"": ""filled"", ""filled_quantity"": 17, ""action_reason"": ""MA20(179,605 원) 지지선 내 현재가 (184,200 원) 유지 및 구조적 호재 (메모리 수급난) 로 저가 매수 기회로 판단. 고위험 성향에 따라 반등 모멘텀 확보를 위해 매수.""}, {""turn"": 4, ""date"": ""2026-03-03"", ""action"": ""buy"", ""stock_code"": ""005930"", ""quantity"": 32, ""executed_price"": 195100.0, ""trade_value"": 6243200.0, ""status"": ""filled"", ""filled_quantity"": 32, ""action_reason"": ""MA20(179,605 원) 지지선 내 유지 및 AI 사이클 호재로 매수 기회로 판단. 단기 급락 후 반등 모멘텀 확보를 위해 현금 여력 범위 내에서 최대 수량 매수.""}]}"
chunk_001_2026-02-27_2026-03-06,2026-03-04,6,A015,"[2489, 2490, 2491, 2495, 2500, 2501, 2505]",2500,"삼성전자, 단기 하락 압력에 대한 우려와 시장 전망",analysis,like,[],"{""portfolio_summary"": {""state_id"": ""ps_A017_t006"", ""agent_id"": ""A017"", ""turn"": 6, ""date"": ""2026-03-04"", ""cash"": 42554500.0, ""positions"": ""[{\""stock_code\"": \""005930\"", \""quantity\"": 241, \""avg_cost\"": 208357.14285714287, \""current_price\"": 172200.0, \""unrealized_pnl\"": -8713871.428571431, \""unrealized_pnl_rate\"": -0.173534453205348}]"", ""total_value"": 84054700.0, ""realized_pnl"": -7231428.571428574, ""total_return_rate"": -0.159453, ""updated_at"": ""2026-07-14 16:57:38""}, ""recent_trades"": [{""turn"": 6, ""date"": ""2026-03-04"", ""action"": ""sell"", ""stock_code"": ""005930"", ""quantity"": 200, ""executed_price"": 172200.0, ""trade_value"": 34440000.0, ""status"": ""filled"", ""filled_quantity"": 200, ""action_reason"": ""MA20 지지선 이탈 및 전쟁 리스크, 갤럭시 S26 이슈 등 악재로 하락 추세 명확. 기술적 반등 신호 전까지 보유 비중을 축소하여 리스크 관리.""}, {""turn"": 5, ""date"": ""2026-03-04"", ""action"": ""buy"", ""stock_code"": ""005930"", ""quantity"": 10, ""executed_price"": 184200.0, ""trade_value"": 1842000.0, ""status"": ""filled"", ""filled_quantity"": 10, ""action_reason"": ""MA20(179,605 원) 지지선 상단 유지 확인 및 메모리 수급난 호재로 기술적 매수 신호 발생. 현재 저평가 구간에서 평균 매수 단가 하향을 위해 제한적으로 매수.""}, {""turn"": 4, ""date"": ""2026-03-03"", ""action"": ""buy"", ""stock_code"": ""005930"", ""quantity"": 50, ""executed_price"": 195100.0, ""trade_value"": 9755000.0, ""status"": ""filled"", ""filled_quantity"": 50, ""action_reason"": ""중장기 AI/메모리 슈퍼사이클 호재로 저평가 구간 진입. 20 만원 선 붕괴 후 19 만 5 천 원 부근 기술적 지지선 재확인 및 기관 자금 유입으로 매수 기회로 판단.""}]}"
chunk_001_2026-02-27_2026-03-06,2026-03-04,6,A015,"[2489, 2490, 2491, 2495, 2500, 2501, 2505]",2501,"삼성전자, 저평가 구간에서의 기술적 위험 고려",analysis,unlike,[],"{""portfolio_summary"": {""state_id"": ""ps_A019_t006"", ""agent_id"": ""A019"", ""turn"": 6, ""date"": ""2026-03-04"", ""cash"": 10287500.0, ""positions"": ""[{\""stock_code\"": \""005930\"", \""quantity\"": 448, \""avg_cost\"": 201919.64285714287, \""current_price\"": 172200.0, \""unrealized_pnl\"": -13314400.000000006, \""unrealized_pnl_rate\"": -0.14718549635197883}]"", ""total_value"": 87433100.0, ""realized_pnl"": 747500.0, ""total_return_rate"": -0.125669, ""updated_at"": ""2026-07-14 16:57:38""}, ""recent_trades"": [{""turn"": 6, ""date"": ""2026-03-04"", ""action"": ""buy"", ""stock_code"": ""005930"", ""quantity"": 10, ""executed_price"": 172200.0, ""trade_value"": 1722000.0, ""status"": ""filled"", ""filled_quantity"": 10, ""action_reason"": ""내재가치 저평가 구간이며 손실 시 추가 매수 성향이 있으나, 기술적 리스크와 현금 부족으로 제한적 매수.""}, {""turn"": 5, ""date"": ""2026-03-04"", ""action"": ""buy"", ""stock_code"": ""005930"", ""quantity"": 65, ""executed_price"": 184200.0, ""trade_value"": 11973000.0, ""status"": ""filled"", ""filled_quantity"": 65, ""action_reason"": ""지정학적 리스크로 인한 외국인 공황 매도로 주가가 내재가치 대비 저평가 구간 진입. MA20(179,605 원) 지지선 부근에서 반등 모멘텀이 예상되어 가치 투자 관점에서 저가 매수 기회로 판단.""}, {""turn"": 4, ""date"": ""2026-03-03"", ""action"": ""buy"", ""stock_code"": ""005930"", ""quantity"": 100, ""executed_price"": 195100.0, ""trade_value"": 19510000.0, ""status"": ""filled"", ""filled_quantity"": 100, ""action_reason"": ""지정학적 리스크로 인한 단기 조정으로 주가가 내재가치 대비 저평가 구간 (19 만 5 천 원) 에 진입함. 메모리 업황 회복과 AI 호재 등 구조적 성장성은 유지되므로, 손실 구간에서 추가 매수하는 투자 성향에 따라 매수 단가 하향을 꾀함.""}]}"
chunk_001_2026-02-27_2026-03-06,2026-03-04,6,A015,"[2489, 2490, 2491, 2495, 2500, 2501, 2505]",2505,지정학적 리스크와 삼성전자 주가 전망,analysis,like,"[""상위 수익자"", ""자산가"", ""커뮤니티 인플루언서""]","{""portfolio_summary"": {""state_id"": ""ps_A025_t006"", ""agent_id"": ""A025"", ""turn"": 6, ""date"": ""2026-03-04"", ""cash"": 49050000.0, ""positions"": ""[{\""stock_code\"": \""005930\"", \""quantity\"": 238, \""avg_cost\"": 205377.36304012345, \""current_price\"": 172200.0, \""unrealized_pnl\"": -7896212.403549382, \""unrealized_pnl_rate\"": -0.16154342693377446}]"", ""total_value"": 90033600.0, ""realized_pnl"": -2070187.5964506166, ""total_return_rate"": -0.099664, ""updated_at"": ""2026-07-14 16:57:38""}, ""recent_trades"": [{""turn"": 6, ""date"": ""2026-03-04"", ""action"": ""sell"", ""stock_code"": ""005930"", ""quantity"": 50, ""executed_price"": 172200.0, ""trade_value"": 8610000.0, ""status"": ""filled"", ""filled_quantity"": 50, ""action_reason"": ""MA20 지지선 이탈과 지정학적 리스크로 단기 하락 추세가 지속될 우려가 있어, 손실 시 추가 매수 성향보다 리스크 관리를 우선시합니다. 삼성전자 단일 종목 집중도를 낮추고 현금 확보를 통해 시장 안정화 시점을 기다립니다.""}, {""turn"": 5, ""date"": ""2026-03-04"", ""action"": ""buy"", ""stock_code"": ""005930"", ""quantity"": 50, ""executed_price"": 184200.0, ""trade_value"": 9210000.0, ""status"": ""filled"", ""filled_quantity"": 50, ""action_reason"": ""MA20(17 만 9 천 원) 지지선 부근 접근으로 기술적 반등 가능성 고려, 손실 시 추가 매수 성향 반영.""}, {""turn"": 4, ""date"": ""2026-03-03"", ""action"": ""sell"", ""stock_code"": ""005930"", ""quantity"": 50, ""executed_price"": 195100.0, ""trade_value"": 9755000.0, ""status"": ""filled"", ""filled_quantity"": 50, ""action_reason"": ""단기 MA5 이탈 및 20 만원 선 붕괴로 기술적 약세 신호 확인. 손절 원칙 준수 및 포트폴리오 집중도 완화를 위해 일부 매도.""}]}"
chunk_001_2026-02-27_2026-03-06,2026-03-04,6,A019,"[2489, 2490, 2491, 2495, 2500]",2489,[분석] 삼성전자 MA20 이탈과 거시 악재의 영향,analysis,like,[],null
chunk_001_2026-02-27_2026-03-06,2026-03-04,6,A019,"[2489, 2490, 2491, 2495, 2500]",2490,현재 삼성전자 주가 상황 및 향후 전망,analysis,like,"[""커뮤니티 인플루언서""]",null
chunk_001_2026-02-27_2026-03-06,2026-03-04,6,A019,"[2489, 2490, 2491, 2495, 2500]",2491,오늘 삼성전자 전량 매도했습니다.,trade_share,unlike,"[""상위 수익자"", ""자산가"", ""커뮤니티 인플루언서""]",null
chunk_001_2026-02-27_2026-03-06,2026-03-04,6,A019,"[2489, 2490, 2491, 2495, 2500]",2495,"[시장 전망] 삼성전자, MA20 지지선 이탈과 지정학적 리스크 분석",analysis,like,[],null
chunk_001_2026-02-27_2026-03-06,2026-03-04,6,A019,"[2489, 2490, 2491, 2495, 2500]",2500,"삼성전자, 단기 하락 압력에 대한 우려와 시장 전망",analysis,unlike,[],null
chunk_001_2026-02-27_2026-03-06,2026-03-04,6,A020,"[2489, 2490, 2491, 2495, 2500, 2501]",2489,[분석] 삼성전자 MA20 이탈과 거시 악재의 영향,analysis,like,[],"{""portfolio_summary"": {""state_id"": ""ps_A004_t006"", ""agent_id"": ""A004"", ""turn"": 6, ""date"": ""2026-03-04"", ""cash"": 5446100.0, ""positions"": ""[{\""stock_code\"": \""005930\"", \""quantity\"": 452, \""avg_cost\"": 209108.3885209713, \""current_price\"": 172200.0, \""unrealized_pnl\"": -16682591.611479023, \""unrealized_pnl_rate\"": -0.17650362466099623}]"", ""total_value"": 83280500.0, ""realized_pnl"": -36908.38852097129, ""total_return_rate"": -0.167195, ""updated_at"": ""2026-07-14 16:57:38""}, ""recent_trades"": [{""turn"": 6, ""date"": ""2026-03-04"", ""action"": ""sell"", ""stock_code"": ""005930"", ""quantity"": 1, ""executed_price"": 172200.0, ""trade_value"": 172200.0, ""status"": ""filled"", ""filled_quantity"": 1, ""action_reason"": ""fallback_decision_after_invalid_llm_output: the model failed to return a valid decision after retry, so the system submitted a minimal valid sell order.""}, {""turn"": 5, ""date"": ""2026-03-04"", ""action"": ""buy"", ""stock_code"": ""005930"", ""quantity"": 28, ""executed_price"": 184200.0, ""trade_value"": 5157600.0, ""status"": ""filled"", ""filled_quantity"": 28, ""action_reason"": ""MA20(179,605 원) 부근 기술적 지지 확인 및 메모리 수급난 호재로 반등 기대, 손실 회복을 위한 평균 매수 단가 하향 심리 작용.""}, {""turn"": 4, ""date"": ""2026-03-03"", ""action"": ""buy"", ""stock_code"": ""005930"", ""quantity"": 20, ""executed_price"": 195100.0, ""trade_value"": 3902000.0, ""status"": ""filled"", ""filled_quantity"": 20, ""action_reason"": ""현재가 195,100 원이 평균 매수 단가 211,522 원 대비 저평가 구간으로 판단되며, AI 혁신 및 메모리 호재로 장기 우상향 흐름이 유효함. 손실 시 추가 매수 성향에 따라 매수 결정.""}]}"
chunk_001_2026-02-27_2026-03-06,2026-03-04,6,A020,"[2489, 2490, 2491, 2495, 2500, 2501]",2490,현재 삼성전자 주가 상황 및 향후 전망,analysis,like,"[""커뮤니티 인플루언서""]","{""portfolio_summary"": {""state_id"": ""ps_A005_t006"", ""agent_id"": ""A005"", ""turn"": 6, ""date"": ""2026-03-04"", ""cash"": 13160200.0, ""positions"": ""[{\""stock_code\"": \""005930\"", \""quantity\"": 411, \""avg_cost\"": 209047.70642201835, \""current_price\"": 172200.0, \""unrealized_pnl\"": -15144407.339449544, \""unrealized_pnl_rate\"": -0.17626458119388053}]"", ""total_value"": 83934400.0, ""realized_pnl"": -921192.6605504588, ""total_return_rate"": -0.160656, ""updated_at"": ""2026-07-14 16:57:38""}, ""recent_trades"": [{""turn"": 6, ""date"": ""2026-03-04"", ""action"": ""sell"", ""stock_code"": ""005930"", ""quantity"": 25, ""executed_price"": 172200.0, ""trade_value"": 4305000.0, ""status"": ""filled"", ""filled_quantity"": 25, ""action_reason"": ""기술적 지지선 붕괴 (MA20 이탈) 와 지정학적 리스크로 단기 하락 우려가 큽니다. 현금 비중이 낮아 추가 하락 시 대응 여력이 부족하므로, 현금 확보를 위해 일부 매도합니다.""}, {""turn"": 5, ""date"": ""2026-03-04"", ""action"": ""buy"", ""stock_code"": ""005930"", ""quantity"": 10, ""executed_price"": 184200.0, ""trade_value"": 1842000.0, ""status"": ""filled"", ""filled_quantity"": 10, ""action_reason"": ""현재가 18 만 4 천 원은 내재가치 대비 저평가 구간이 심화되었으며, 메모리 사이클 호황 지속으로 장기적 가치 투자 관점에서 매수 기회로 판단. 지정학적 리스크는 단기 과잉 반응으로 보임.""}, {""turn"": 4, ""date"": ""2026-03-03"", ""action"": ""buy"", ""stock_code"": ""005930"", ""quantity"": 53, ""executed_price"": 195100.0, ""trade_value"": 10340300.0, ""status"": ""filled"", ""filled_quantity"": 53, ""action_reason"": ""현재 주가 195,100 원은 내재가치 대비 저평가 구간이며, 지정학적 리스크로 인한 단기 급락은 안전마진 확대 기회로 판단됨. AI 및 메모리 사이클 호황이 주가를 지지하므로 집중 투자 원칙에 따라 매수.""}]}"
chunk_001_2026-02-27_2026-03-06,2026-03-04,6,A020,"[2489, 2490, 2491, 2495, 2500, 2501]",2491,오늘 삼성전자 전량 매도했습니다.,trade_share,unlike,"[""상위 수익자"", ""자산가"", ""커뮤니티 인플루언서""]","{""portfolio_summary"": {""state_id"": ""ps_A006_t006"", ""agent_id"": ""A006"", ""turn"": 6, ""date"": ""2026-03-04"", ""cash"": 89303400.0, ""positions"": ""[]"", ""total_value"": 89303400.0, ""realized_pnl"": -10696599.999999998, ""total_return_rate"": -0.106966, ""updated_at"": ""2026-07-14 16:57:38""}, ""recent_trades"": [{""turn"": 6, ""date"": ""2026-03-04"", ""action"": ""sell"", ""stock_code"": ""005930"", ""quantity"": 392, ""executed_price"": 172200.0, ""trade_value"": 67502400.0, ""status"": ""filled"", ""filled_quantity"": 392, ""action_reason"": ""MA20 붕괴와 지정학적 리스크로 하락 추세가 명확하며, 기술적 반등 신호가 부재합니다. 과거 하락 시 추가 매수로 손실이 확대된 경험을 반영하여, 현재 포트폴리오의 미실현 손실을 줄이고 현금 유동성을 확보하기 위해 전량 매도합니다.""}, {""turn"": 5, ""date"": ""2026-03-04"", ""action"": ""buy"", ""stock_code"": ""005930"", ""quantity"": 20, ""executed_price"": 184200.0, ""trade_value"": 3684000.0, ""status"": ""filled"", ""filled_quantity"": 20, ""action_reason"": ""손실 시 추가 매수 성향과 MA20 지지선 기대감에 따라 제한적으로 매수합니다.""}, {""turn"": 4, ""date"": ""2026-03-03"", ""action"": ""buy"", ""stock_code"": ""005930"", ""quantity"": 130, ""executed_price"": 195100.0, ""trade_value"": 25363000.0, ""status"": ""filled"", ""filled_quantity"": 130, ""action_reason"": ""현재가 19 만 5 천 원은 저평가 구간으로 판단되며, 손실 시 추가 매수 (아베리징) 전략과 20 만원 심리적 지지선 방어를 위해 매수합니다.""}]}"
chunk_001_2026-02-27_2026-03-06,2026-03-04,6,A020,"[2489, 2490, 2491, 2495, 2500, 2501]",2495,"[시장 전망] 삼성전자, MA20 지지선 이탈과 지정학적 리스크 분석",analysis,like,[],"{""portfolio_summary"": {""state_id"": ""ps_A008_t006"", ""agent_id"": ""A008"", ""turn"": 6, ""date"": ""2026-03-04"", ""cash"": 4937200.0, ""positions"": ""[{\""stock_code\"": \""005930\"", \""quantity\"": 452, \""avg_cost\"": 209571.80043383947, \""current_price\"": 172200.0, \""unrealized_pnl\"": -16892053.79609544, \""unrealized_pnl_rate\"": -0.17832456636090938}]"", ""total_value"": 82771600.0, ""realized_pnl"": -336346.2039045552, ""total_return_rate"": -0.172284, ""updated_at"": ""2026-07-14 16:57:38""}, ""recent_trades"": [{""turn"": 6, ""date"": ""2026-03-04"", ""action"": ""sell"", ""stock_code"": ""005930"", ""quantity"": 9, ""executed_price"": 172200.0, ""trade_value"": 1549800.0, ""status"": ""filled"", ""filled_quantity"": 9, ""action_reason"": ""MA20(180,180 원) 지지선 이탈과 지정학적 쇼크로 인한 '검은 수요일' 뉴스가 하락 추세를 확인시켜 줌. 기술적 매도 신호와 이성적 손절 원칙에 따라 미실현 손실 (-11.70%) 을 일부 실현하며 리스크를 축소함.""}, {""turn"": 5, ""date"": ""2026-03-04"", ""action"": ""buy"", ""stock_code"": ""005930"", ""quantity"": 17, ""executed_price"": 184200.0, ""trade_value"": 3131400.0, ""status"": ""filled"", ""filled_quantity"": 17, ""action_reason"": ""MA20(179,605 원) 지지선 내 현재가 (184,200 원) 유지 및 구조적 호재 (메모리 수급난) 로 저가 매수 기회로 판단. 고위험 성향에 따라 반등 모멘텀 확보를 위해 매수.""}, {""turn"": 4, ""date"": ""2026-03-03"", ""action"": ""buy"", ""stock_code"": ""005930"", ""quantity"": 32, ""executed_price"": 195100.0, ""trade_value"": 6243200.0, ""status"": ""filled"", ""filled_quantity"": 32, ""action_reason"": ""MA20(179,605 원) 지지선 내 유지 및 AI 사이클 호재로 매수 기회로 판단. 단기 급락 후 반등 모멘텀 확보를 위해 현금 여력 범위 내에서 최대 수량 매수.""}]}"
chunk_001_2026-02-27_2026-03-06,2026-03-04,6,A020,"[2489, 2490, 2491, 2495, 2500, 2501]",2500,"삼성전자, 단기 하락 압력에 대한 우려와 시장 전망",analysis,like,[],"{""portfolio_summary"": {""state_id"": ""ps_A017_t006"", ""agent_id"": ""A017"", ""turn"": 6, ""date"": ""2026-03-04"", ""cash"": 42554500.0, ""positions"": ""[{\""stock_code\"": \""005930\"", \""quantity\"": 241, \""avg_cost\"": 208357.14285714287, \""current_price\"": 172200.0, \""unrealized_pnl\"": -8713871.428571431, \""unrealized_pnl_rate\"": -0.173534453205348}]"", ""total_value"": 84054700.0, ""realized_pnl"": -7231428.571428574, ""total_return_rate"": -0.159453, ""updated_at"": ""2026-07-14 16:57:38""}, ""recent_trades"": [{""turn"": 6, ""date"": ""2026-03-04"", ""action"": ""sell"", ""stock_code"": ""005930"", ""quantity"": 200, ""executed_price"": 172200.0, ""trade_value"": 34440000.0, ""status"": ""filled"", ""filled_quantity"": 200, ""action_reason"": ""MA20 지지선 이탈 및 전쟁 리스크, 갤럭시 S26 이슈 등 악재로 하락 추세 명확. 기술적 반등 신호 전까지 보유 비중을 축소하여 리스크 관리.""}, {""turn"": 5, ""date"": ""2026-03-04"", ""action"": ""buy"", ""stock_code"": ""005930"", ""quantity"": 10, ""executed_price"": 184200.0, ""trade_value"": 1842000.0, ""status"": ""filled"", ""filled_quantity"": 10, ""action_reason"": ""MA20(179,605 원) 지지선 상단 유지 확인 및 메모리 수급난 호재로 기술적 매수 신호 발생. 현재 저평가 구간에서 평균 매수 단가 하향을 위해 제한적으로 매수.""}, {""turn"": 4, ""date"": ""2026-03-03"", ""action"": ""buy"", ""stock_code"": ""005930"", ""quantity"": 50, ""executed_price"": 195100.0, ""trade_value"": 9755000.0, ""status"": ""filled"", ""filled_quantity"": 50, ""action_reason"": ""중장기 AI/메모리 슈퍼사이클 호재로 저평가 구간 진입. 20 만원 선 붕괴 후 19 만 5 천 원 부근 기술적 지지선 재확인 및 기관 자금 유입으로 매수 기회로 판단.""}]}"
chunk_001_2026-02-27_2026-03-06,2026-03-04,6,A020,"[2489, 2490, 2491, 2495, 2500, 2501]",2501,"삼성전자, 저평가 구간에서의 기술적 위험 고려",analysis,read,[],"{""portfolio_summary"": {""state_id"": ""ps_A019_t006"", ""agent_id"": ""A019"", ""turn"": 6, ""date"": ""2026-03-04"", ""cash"": 10287500.0, ""positions"": ""[{\""stock_code\"": \""005930\"", \""quantity\"": 448, \""avg_cost\"": 201919.64285714287, \""current_price\"": 172200.0, \""unrealized_pnl\"": -13314400.000000006, \""unrealized_pnl_rate\"": -0.14718549635197883}]"", ""total_value"": 87433100.0, ""realized_pnl"": 747500.0, ""total_return_rate"": -0.125669, ""updated_at"": ""2026-07-14 16:57:38""}, ""recent_trades"": [{""turn"": 6, ""date"": ""2026-03-04"", ""action"": ""buy"", ""stock_code"": ""005930"", ""quantity"": 10, ""executed_price"": 172200.0, ""trade_value"": 1722000.0, ""status"": ""filled"", ""filled_quantity"": 10, ""action_reason"": ""내재가치 저평가 구간이며 손실 시 추가 매수 성향이 있으나, 기술적 리스크와 현금 부족으로 제한적 매수.""}, {""turn"": 5, ""date"": ""2026-03-04"", ""action"": ""buy"", ""stock_code"": ""005930"", ""quantity"": 65, ""executed_price"": 184200.0, ""trade_value"": 11973000.0, ""status"": ""filled"", ""filled_quantity"": 65, ""action_reason"": ""지정학적 리스크로 인한 외국인 공황 매도로 주가가 내재가치 대비 저평가 구간 진입. MA20(179,605 원) 지지선 부근에서 반등 모멘텀이 예상되어 가치 투자 관점에서 저가 매수 기회로 판단.""}, {""turn"": 4, ""date"": ""2026-03-03"", ""action"": ""buy"", ""stock_code"": ""005930"", ""quantity"": 100, ""executed_price"": 195100.0, ""trade_value"": 19510000.0, ""status"": ""filled"", ""filled_quantity"": 100, ""action_reason"": ""지정학적 리스크로 인한 단기 조정으로 주가가 내재가치 대비 저평가 구간 (19 만 5 천 원) 에 진입함. 메모리 업황 회복과 AI 호재 등 구조적 성장성은 유지되므로, 손실 구간에서 추가 매수하는 투자 성향에 따라 매수 단가 하향을 꾀함.""}]}"
chunk_001_2026-02-27_2026-03-06,2026-03-04,6,A022,"[2489, 2490, 2491, 2495, 2501]",2489,[분석] 삼성전자 MA20 이탈과 거시 악재의 영향,analysis,like,[],null
chunk_001_2026-02-27_2026-03-06,2026-03-04,6,A022,"[2489, 2490, 2491, 2495, 2501]",2490,현재 삼성전자 주가 상황 및 향후 전망,analysis,like,"[""커뮤니티 인플루언서""]",null
chunk_001_2026-02-27_2026-03-06,2026-03-04,6,A022,"[2489, 2490, 2491, 2495, 2501]",2491,오늘 삼성전자 전량 매도했습니다.,trade_share,unlike,"[""상위 수익자"", ""자산가"", ""커뮤니티 인플루언서""]",null
chunk_001_2026-02-27_2026-03-06,2026-03-04,6,A022,"[2489, 2490, 2491, 2495, 2501]",2495,"[시장 전망] 삼성전자, MA20 지지선 이탈과 지정학적 리스크 분석",analysis,like,[],null
chunk_001_2026-02-27_2026-03-06,2026-03-04,6,A022,"[2489, 2490, 2491, 2495, 2501]",2501,"삼성전자, 저평가 구간에서의 기술적 위험 고려",analysis,read,[],null
chunk_001_2026-02-27_2026-03-06,2026-03-04,6,A026,"[2489, 2490, 2491, 2500, 2501]",2489,[분석] 삼성전자 MA20 이탈과 거시 악재의 영향,analysis,like,[],null
chunk_001_2026-02-27_2026-03-06,2026-03-04,6,A026,"[2489, 2490, 2491, 2500, 2501]",2490,현재 삼성전자 주가 상황 및 향후 전망,analysis,like,"[""커뮤니티 인플루언서""]",null
chunk_001_2026-02-27_2026-03-06,2026-03-04,6,A026,"[2489, 2490, 2491, 2500, 2501]",2491,오늘 삼성전자 전량 매도했습니다.,trade_share,unlike,"[""상위 수익자"", ""자산가"", ""커뮤니티 인플루언서""]",null
chunk_001_2026-02-27_2026-03-06,2026-03-04,6,A026,"[2489, 2490, 2491, 2500, 2501]",2500,"삼성전자, 단기 하락 압력에 대한 우려와 시장 전망",analysis,like,[],null
chunk_001_2026-02-27_2026-03-06,2026-03-04,6,A026,"[2489, 2490, 2491, 2500, 2501]",2501,"삼성전자, 저평가 구간에서의 기술적 위험 고려",analysis,read,[],null
chunk_001_2026-02-27_2026-03-06,2026-03-04,6,A025,"[2489, 2490, 2491, 2495, 2500]",2489,[분석] 삼성전자 MA20 이탈과 거시 악재의 영향,analysis,like,[],null
chunk_001_2026-02-27_2026-03-06,2026-03-04,6,A025,"[2489, 2490, 2491, 2495, 2500]",2490,현재 삼성전자 주가 상황 및 향후 전망,analysis,like,"[""커뮤니티 인플루언서""]",null
chunk_001_2026-02-27_2026-03-06,2026-03-04,6,A025,"[2489, 2490, 2491, 2495, 2500]",2491,오늘 삼성전자 전량 매도했습니다.,trade_share,unlike,"[""상위 수익자"", ""자산가"", ""커뮤니티 인플루언서""]",null
chunk_001_2026-02-27_2026-03-06,2026-03-04,6,A025,"[2489, 2490, 2491, 2495, 2500]",2495,"[시장 전망] 삼성전자, MA20 지지선 이탈과 지정학적 리스크 분석",analysis,like,[],null
chunk_001_2026-02-27_2026-03-06,2026-03-04,6,A025,"[2489, 2490, 2491, 2495, 2500]",2500,"삼성전자, 단기 하락 압력에 대한 우려와 시장 전망",analysis,unlike,[],null
chunk_001_2026-02-27_2026-03-06,2026-03-04,6,A027,"[2489, 2490, 2495, 2500, 2501]",2489,[분석] 삼성전자 MA20 이탈과 거시 악재의 영향,analysis,like,[],null
chunk_001_2026-02-27_2026-03-06,2026-03-04,6,A027,"[2489, 2490, 2495, 2500, 2501]",2490,현재 삼성전자 주가 상황 및 향후 전망,analysis,like,"[""커뮤니티 인플루언서""]",null
chunk_001_2026-02-27_2026-03-06,2026-03-04,6,A027,"[2489, 2490, 2495, 2500, 2501]",2495,"[시장 전망] 삼성전자, MA20 지지선 이탈과 지정학적 리스크 분석",analysis,like,[],null
chunk_001_2026-02-27_2026-03-06,2026-03-04,6,A027,"[2489, 2490, 2495, 2500, 2501]",2500,"삼성전자, 단기 하락 압력에 대한 우려와 시장 전망",analysis,unlike,[],null
chunk_001_2026-02-27_2026-03-06,2026-03-04,6,A027,"[2489, 2490, 2495, 2500, 2501]",2501,"삼성전자, 저평가 구간에서의 기술적 위험 고려",analysis,read,[],null
chunk_001_2026-02-27_2026-03-06,2026-03-05,8,A003,"[2513, 2523, 2525, 2511, 2514]",2513,[삼성전자] 단기 변동성 우려와 내재가치 관점 유지,analysis,like,[],null
chunk_001_2026-02-27_2026-03-06,2026-03-05,8,A003,"[2513, 2523, 2525, 2511, 2514]",2523,"삼성전자, 급등 후 관망세 유지 필요성",analysis,like,[],null
chunk_001_2026-02-27_2026-03-06,2026-03-05,8,A003,"[2513, 2523, 2525, 2511, 2514]",2525,"삼성전자, 반등과 경쟁 리스크에 대한 고민",analysis,like,[],null
chunk_001_2026-02-27_2026-03-06,2026-03-05,8,A003,"[2513, 2523, 2525, 2511, 2514]",2511,삼성전자 추가 매수했습니다!,trade_share,unlike,[],null
chunk_001_2026-02-27_2026-03-06,2026-03-05,8,A003,"[2513, 2523, 2525, 2511, 2514]",2514,"삼성전자, 단기 반등 추세와 거래량 부진에 대한 생각",analysis,read,[],null
chunk_001_2026-02-27_2026-03-06,2026-03-05,8,A005,"[2509, 2513, 2523, 2525, 2518]",2509,"삼성전자, 급등 속 거래량 부진과 경쟁사 소식에 대한 고찰",analysis,like,[],null
chunk_001_2026-02-27_2026-03-06,2026-03-05,8,A005,"[2509, 2513, 2523, 2525, 2518]",2513,[삼성전자] 단기 변동성 우려와 내재가치 관점 유지,analysis,like,[],null
chunk_001_2026-02-27_2026-03-06,2026-03-05,8,A005,"[2509, 2513, 2523, 2525, 2518]",2523,"삼성전자, 급등 후 관망세 유지 필요성",analysis,like,[],null
chunk_001_2026-02-27_2026-03-06,2026-03-05,8,A005,"[2509, 2513, 2523, 2525, 2518]",2525,"삼성전자, 반등과 경쟁 리스크에 대한 고민",analysis,unlike,[],null
chunk_001_2026-02-27_2026-03-06,2026-03-05,8,A005,"[2509, 2513, 2523, 2525, 2518]",2518,오늘 삼성전자 매도했습니다!,trade_share,read,[],null
chunk_001_2026-02-27_2026-03-06,2026-03-05,8,A004,"[2509, 2513, 2523, 2525, 2514]",2509,"삼성전자, 급등 속 거래량 부진과 경쟁사 소식에 대한 고찰",analysis,like,[],null
chunk_001_2026-02-27_2026-03-06,2026-03-05,8,A004,"[2509, 2513, 2523, 2525, 2514]",2513,[삼성전자] 단기 변동성 우려와 내재가치 관점 유지,analysis,like,[],null
chunk_001_2026-02-27_2026-03-06,2026-03-05,8,A004,"[2509, 2513, 2523, 2525, 2514]",2523,"삼성전자, 급등 후 관망세 유지 필요성",analysis,like,[],null
chunk_001_2026-02-27_2026-03-06,2026-03-05,8,A004,"[2509, 2513, 2523, 2525, 2514]",2525,"삼성전자, 반등과 경쟁 리스크에 대한 고민",analysis,unlike,[],null
chunk_001_2026-02-27_2026-03-06,2026-03-05,8,A004,"[2509, 2513, 2523, 2525, 2514]",2514,"삼성전자, 단기 반등 추세와 거래량 부진에 대한 생각",analysis,read,[],null
chunk_001_2026-02-27_2026-03-06,2026-03-05,8,A001,"[2509, 2513, 2523, 2525, 2514]",2509,"삼성전자, 급등 속 거래량 부진과 경쟁사 소식에 대한 고찰",analysis,like,[],null
chunk_001_2026-02-27_2026-03-06,2026-03-05,8,A001,"[2509, 2513, 2523, 2525, 2514]",2513,[삼성전자] 단기 변동성 우려와 내재가치 관점 유지,analysis,like,[],null
chunk_001_2026-02-27_2026-03-06,2026-03-05,8,A001,"[2509, 2513, 2523, 2525, 2514]",2523,"삼성전자, 급등 후 관망세 유지 필요성",analysis,like,[],null
chunk_001_2026-02-27_2026-03-06,2026-03-05,8,A001,"[2509, 2513, 2523, 2525, 2514]",2525,"삼성전자, 반등과 경쟁 리스크에 대한 고민",analysis,unlike,[],null
chunk_001_2026-02-27_2026-03-06,2026-03-05,8,A001,"[2509, 2513, 2523, 2525, 2514]",2514,"삼성전자, 단기 반등 추세와 거래량 부진에 대한 생각",analysis,read,[],null
chunk_001_2026-02-27_2026-03-06,2026-03-05,8,A007,"[2509, 2513, 2523, 2525, 2518]",2509,"삼성전자, 급등 속 거래량 부진과 경쟁사 소식에 대한 고찰",analysis,like,[],"{""portfolio_summary"": {""state_id"": ""ps_A003_t008"", ""agent_id"": ""A003"", ""turn"": 8, ""date"": ""2026-03-05"", ""cash"": 5247400.0, ""positions"": ""[{\""stock_code\"": \""005930\"", \""quantity\"": 458, \""avg_cost\"": 206818.6574701318, \""current_price\"": 191600.0, \""unrealized_pnl\"": -6970145.1213203585, \""unrealized_pnl_rate\"": -0.07358454820416589}]"", ""total_value"": 93000200.0, ""realized_pnl"": -29654.87867964036, ""total_return_rate"": -0.069998, ""updated_at"": ""2026-07-14 17:37:11""}, ""recent_trades"": [{""turn"": 8, ""date"": ""2026-03-05"", ""action"": ""sell"", ""stock_code"": ""005930"", ""quantity"": 1, ""executed_price"": 191600.0, ""trade_value"": 191600.0, ""status"": ""filled"", ""filled_quantity"": 1, ""action_reason"": ""fallback_decision_after_invalid_llm_output: the model failed to return a valid decision after retry, so the system submitted a minimal valid sell order.""}, {""turn"": 7, ""date"": ""2026-03-05"", ""action"": ""sell"", ""stock_code"": ""005930"", ""quantity"": 1, ""executed_price"": 195000.0, ""trade_value"": 195000.0, ""status"": ""filled"", ""filled_quantity"": 1, ""action_reason"": ""fallback_decision_after_invalid_llm_output: the model failed to return a valid decision after retry, so the system submitted a minimal valid sell order.""}, {""turn"": 6, ""date"": ""2026-03-04"", ""action"": ""buy"", ""stock_code"": ""005930"", ""quantity"": 10, ""executed_price"": 172200.0, ""trade_value"": 1722000.0, ""status"": ""filled"", ""filled_quantity"": 10, ""action_reason"": ""17 만 원대 하단 지지선 부근에서 가치 평가 매수 기회로 판단하나, 거시 리스크로 인해 방어적 관점에서 수량을 제한합니다.""}]}"
chunk_001_2026-02-27_2026-03-06,2026-03-05,8,A007,"[2509, 2513, 2523, 2525, 2518]",2513,[삼성전자] 단기 변동성 우려와 내재가치 관점 유지,analysis,like,[],"{""portfolio_summary"": {""state_id"": ""ps_A010_t008"", ""agent_id"": ""A010"", ""turn"": 8, ""date"": ""2026-03-05"", ""cash"": 4700000.0, ""positions"": ""[{\""stock_code\"": \""005930\"", \""quantity\"": 455, \""avg_cost\"": 208050.2197844945, \""current_price\"": 191600.0, \""unrealized_pnl\"": -7484850.001944993, \""unrealized_pnl_rate\"": -0.07906850471743884}]"", ""total_value"": 91878000.0, ""realized_pnl"": -637149.9980550043, ""total_return_rate"": -0.08122, ""updated_at"": ""2026-07-14 17:37:11""}, ""recent_trades"": [{""turn"": 8, ""date"": ""2026-03-05"", ""action"": ""sell"", ""stock_code"": ""005930"", ""quantity"": 1, ""executed_price"": 191600.0, ""trade_value"": 191600.0, ""status"": ""filled"", ""filled_quantity"": 1, ""action_reason"": ""fallback_decision_after_invalid_llm_output: the model failed to return a valid decision after retry, so the system submitted a minimal valid sell order.""}, {""turn"": 7, ""date"": ""2026-03-05"", ""action"": ""buy"", ""stock_code"": ""005930"", ""quantity"": 22, ""executed_price"": 195000.0, ""trade_value"": 4290000.0, ""status"": ""filled"", ""filled_quantity"": 22, ""action_reason"": ""현재가 195,000 원은 내재가치 대비 저평가 구간이며, 기술적 지지선 (20 일선) 을 상회하여 반등 지속성이 확인됨. 평균 매수 단가 하향을 통해 손실 축소 및 수익 전환 가능성 확보.""}, {""turn"": 6, ""date"": ""2026-03-04"", ""action"": ""sell"", ""stock_code"": ""005930"", ""quantity"": 17, ""executed_price"": 172200.0, ""trade_value"": 2927400.0, ""status"": ""filled"", ""filled_quantity"": 17, ""action_reason"": ""지정학적 리스크와 20 만원 선 붕괴로 단기 하락 가능성 높음. 현금 소진으로 대응력 부족하여 매도 제한 내에서 일부 매도하여 현금 비중 확보 및 리스크 관리.""}]}"
chunk_001_2026-02-27_2026-03-06,2026-03-05,8,A007,"[2509, 2513, 2523, 2525, 2518]",2523,"삼성전자, 급등 후 관망세 유지 필요성",analysis,like,[],"{""portfolio_summary"": {""state_id"": ""ps_A020_t008"", ""agent_id"": ""A020"", ""turn"": 8, ""date"": ""2026-03-05"", ""cash"": 3767200.0, ""positions"": ""[{\""stock_code\"": \""005930\"", \""quantity\"": 460, \""avg_cost\"": 208856.17021276595, \""current_price\"": 191600.0, \""unrealized_pnl\"": -7937838.2978723375, \""unrealized_pnl_rate\"": -0.08262226677424347}]"", ""total_value"": 91903200.0, ""realized_pnl"": -158961.70212765952, ""total_return_rate"": -0.080968, ""updated_at"": ""2026-07-14 17:37:11""}, ""recent_trades"": [{""turn"": 8, ""date"": ""2026-03-05"", ""action"": ""sell"", ""stock_code"": ""005930"", ""quantity"": 6, ""executed_price"": 191600.0, ""trade_value"": 1149600.0, ""status"": ""filled"", ""filled_quantity"": 6, ""action_reason"": ""Belief 에 따르면 현금 부족으로 추가 매수 어려움과 기술적 지지 확인 시 대응이 필요하며, 시장 분석에서는 거래량 부진과 MA5 저항선 하회로 단기 약세 신호가 확인됨. 이에 따라 현금 확보를 위해 소량 매도하고, 향후 기술적 지지 확인 시 대응.""}, {""turn"": 7, ""date"": ""2026-03-05"", ""action"": ""sell"", ""stock_code"": ""005930"", ""quantity"": 4, ""executed_price"": 195000.0, ""trade_value"": 780000.0, ""status"": ""filled"", ""filled_quantity"": 4, ""action_reason"": ""시가 13% 급등으로 단기 반등 확인되었으나, 20 만 원 저항선 부근과 파업 리스크로 방어적 태세 필요. 현금 부족으로 추가 매수 여력 부족 시 수익 실현을 통한 현금 확보 우선.""}, {""turn"": 6, ""date"": ""2026-03-04"", ""action"": ""buy"", ""stock_code"": ""005930"", ""quantity"": 9, ""executed_price"": 172200.0, ""trade_value"": 1549800.0, ""status"": ""filled"", ""filled_quantity"": 9, ""action_reason"": ""MA20 이탈로 단기 약세이나, 초고수 매수세와 기술적 저가 구간 (172,200 원) 에서 반등 기회 포착. 고위험 선호 성향에 따라 변동성 확대 시 수익 창출을 위해 제한적 매수.""}]}"
chunk_001_2026-02-27_2026-03-06,2026-03-05,8,A007,"[2509, 2513, 2523, 2525, 2518]",2525,"삼성전자, 반등과 경쟁 리스크에 대한 고민",analysis,unlike,[],"{""portfolio_summary"": {""state_id"": ""ps_A026_t008"", ""agent_id"": ""A026"", ""turn"": 8, ""date"": ""2026-03-05"", ""cash"": 3108600.0, ""positions"": ""[{\""stock_code\"": \""005930\"", \""quantity\"": 465, \""avg_cost\"": 208162.20806794055, \""current_price\"": 191600.0, \""unrealized_pnl\"": -7701426.751592355, \""unrealized_pnl_rate\"": -0.07956395265818342}]"", ""total_value"": 92202600.0, ""realized_pnl"": -95973.24840764329, ""total_return_rate"": -0.077974, ""updated_at"": ""2026-07-14 17:37:11""}, ""recent_trades"": [{""turn"": 8, ""date"": ""2026-03-05"", ""action"": ""sell"", ""stock_code"": ""005930"", ""quantity"": 5, ""executed_price"": 191600.0, ""trade_value"": 958000.0, ""status"": ""filled"", ""filled_quantity"": 5, ""action_reason"": ""포트폴리오 현금 부족 (215 만 원) 으로 인한 유동성 리스크 관리 필요. 기술적 MA5 저항선 부근에서 단기 조정 가능성과 SK 하이닉스 경쟁 악재를 고려해 현금 확보를 통한 MA20 지지선 대응 준비.""}, {""turn"": 7, ""date"": ""2026-03-05"", ""action"": ""sell"", ""stock_code"": ""005930"", ""quantity"": 1, ""executed_price"": 195000.0, ""trade_value"": 195000.0, ""status"": ""filled"", ""filled_quantity"": 1, ""action_reason"": ""노사 갈등 불확실성으로 변동성 주의 (News), 현금 여력 부족 (Portfolio), 단기 반등 후 적정선 근접 (Market) 하여 소량 매도로 현금 확보.""}, {""turn"": 6, ""date"": ""2026-03-04"", ""action"": ""buy"", ""stock_code"": ""005930"", ""quantity"": 11, ""executed_price"": 172200.0, ""trade_value"": 1894200.0, ""status"": ""filled"", ""filled_quantity"": 11, ""action_reason"": ""가치투자 관점에서 현재 주가는 내재가치 대비 저평가 구간이며, 전쟁 공포로 인한 과매도 기회로 판단합니다. 반도체 수요의 근본적 강세는 유지되고 있어 단기 하락을 매수 기회로 활용합니다. 울산 거주자로서 산업 현장을 잘 알지만, 뉴스의 전쟁 소식은 불안 요인이므로 현금 여력을 고려합니다.""}]}"
chunk_001_2026-02-27_2026-03-06,2026-03-05,8,A007,"[2509, 2513, 2523, 2525, 2518]",2518,오늘 삼성전자 매도했습니다!,trade_share,read,[],"{""portfolio_summary"": {""state_id"": ""ps_A014_t008"", ""agent_id"": ""A014"", ""turn"": 8, ""date"": ""2026-03-05"", ""cash"": 10799300.0, ""positions"": ""[{\""stock_code\"": \""005930\"", \""quantity\"": 424, \""avg_cost\"": 208545.51422319474, \""current_price\"": 191600.0, \""unrealized_pnl\"": -7184898.030634569, \""unrealized_pnl_rate\"": -0.08125571190689286}]"", ""total_value"": 92037700.0, ""realized_pnl"": -777401.9693654265, ""total_return_rate"": -0.079623, ""updated_at"": ""2026-07-14 17:37:11""}, ""recent_trades"": [{""turn"": 8, ""date"": ""2026-03-05"", ""action"": ""sell"", ""stock_code"": ""005930"", ""quantity"": 10, ""executed_price"": 191600.0, ""trade_value"": 1916000.0, ""status"": ""filled"", ""filled_quantity"": 10, ""action_reason"": ""코스피 급등세에도 불구하고 MA5 저항선 하회 및 거래량 감소로 개별 종목 약세 지속. 집중 리스크 감소를 위해 소량 매도.""}, {""turn"": 7, ""date"": ""2026-03-05"", ""action"": ""sell"", ""stock_code"": ""005930"", ""quantity"": 10, ""executed_price"": 195000.0, ""trade_value"": 1950000.0, ""status"": ""filled"", ""filled_quantity"": 10, ""action_reason"": ""부정적 뉴스 (파업설) 와 기술적 저항 구간 (5 일 이동평균선 하위) 을 고려하여 손실 축소 및 리스크 관리 차원에서 일부 매도합니다.""}, {""turn"": 6, ""date"": ""2026-03-04"", ""action"": ""sell"", ""stock_code"": ""005930"", ""quantity"": 13, ""executed_price"": 172200.0, ""trade_value"": 2238600.0, ""status"": ""filled"", ""filled_quantity"": 13, ""action_reason"": ""기술적 지표 하락 및 지정학적 리스크로 하락 추세가 강화되어, 손실 확대 방지를 위해 제한적으로 매도합니다.""}]}"
chunk_001_2026-02-27_2026-03-06,2026-03-05,8,A006,"[2509, 2513, 2523, 2525, 2518]",2509,"삼성전자, 급등 속 거래량 부진과 경쟁사 소식에 대한 고찰",analysis,like,[],null
chunk_001_2026-02-27_2026-03-06,2026-03-05,8,A006,"[2509, 2513, 2523, 2525, 2518]",2513,[삼성전자] 단기 변동성 우려와 내재가치 관점 유지,analysis,like,[],null
chunk_001_2026-02-27_2026-03-06,2026-03-05,8,A006,"[2509, 2513, 2523, 2525, 2518]",2523,"삼성전자, 급등 후 관망세 유지 필요성",analysis,like,[],null
chunk_001_2026-02-27_2026-03-06,2026-03-05,8,A006,"[2509, 2513, 2523, 2525, 2518]",2525,"삼성전자, 반등과 경쟁 리스크에 대한 고민",analysis,like,[],null
chunk_001_2026-02-27_2026-03-06,2026-03-05,8,A006,"[2509, 2513, 2523, 2525, 2518]",2518,오늘 삼성전자 매도했습니다!,trade_share,read,[],null
chunk_001_2026-02-27_2026-03-06,2026-03-05,8,A008,"[2509, 2513, 2523, 2525, 2511]",2509,"삼성전자, 급등 속 거래량 부진과 경쟁사 소식에 대한 고찰",analysis,like,[],null
chunk_001_2026-02-27_2026-03-06,2026-03-05,8,A008,"[2509, 2513, 2523, 2525, 2511]",2513,[삼성전자] 단기 변동성 우려와 내재가치 관점 유지,analysis,like,[],null
chunk_001_2026-02-27_2026-03-06,2026-03-05,8,A008,"[2509, 2513, 2523, 2525, 2511]",2523,"삼성전자, 급등 후 관망세 유지 필요성",analysis,like,[],null
chunk_001_2026-02-27_2026-03-06,2026-03-05,8,A008,"[2509, 2513, 2523, 2525, 2511]",2525,"삼성전자, 반등과 경쟁 리스크에 대한 고민",analysis,like,[],null
chunk_001_2026-02-27_2026-03-06,2026-03-05,8,A008,"[2509, 2513, 2523, 2525, 2511]",2511,삼성전자 추가 매수했습니다!,trade_share,unlike,[],null
chunk_001_2026-02-27_2026-03-06,2026-03-05,8,A010,"[2509, 2511, 2523, 2525, 2514]",2509,"삼성전자, 급등 속 거래량 부진과 경쟁사 소식에 대한 고찰",analysis,like,[],null
chunk_001_2026-02-27_2026-03-06,2026-03-05,8,A010,"[2509, 2511, 2523, 2525, 2514]",2511,삼성전자 추가 매수했습니다!,trade_share,unlike,[],null
chunk_001_2026-02-27_2026-03-06,2026-03-05,8,A010,"[2509, 2511, 2523, 2525, 2514]",2523,"삼성전자, 급등 후 관망세 유지 필요성",analysis,like,[],null
chunk_001_2026-02-27_2026-03-06,2026-03-05,8,A010,"[2509, 2511, 2523, 2525, 2514]",2525,"삼성전자, 반등과 경쟁 리스크에 대한 고민",analysis,like,[],null
chunk_001_2026-02-27_2026-03-06,2026-03-05,8,A010,"[2509, 2511, 2523, 2525, 2514]",2514,"삼성전자, 단기 반등 추세와 거래량 부진에 대한 생각",analysis,read,[],null
chunk_001_2026-02-27_2026-03-06,2026-03-05,8,A011,"[2509, 2513, 2523, 2525, 2511]",2509,"삼성전자, 급등 속 거래량 부진과 경쟁사 소식에 대한 고찰",analysis,like,[],null
chunk_001_2026-02-27_2026-03-06,2026-03-05,8,A011,"[2509, 2513, 2523, 2525, 2511]",2513,[삼성전자] 단기 변동성 우려와 내재가치 관점 유지,analysis,like,[],null
chunk_001_2026-02-27_2026-03-06,2026-03-05,8,A011,"[2509, 2513, 2523, 2525, 2511]",2523,"삼성전자, 급등 후 관망세 유지 필요성",analysis,like,[],null
chunk_001_2026-02-27_2026-03-06,2026-03-05,8,A011,"[2509, 2513, 2523, 2525, 2511]",2525,"삼성전자, 반등과 경쟁 리스크에 대한 고민",analysis,unlike,[],null
chunk_001_2026-02-27_2026-03-06,2026-03-05,8,A011,"[2509, 2513, 2523, 2525, 2511]",2511,삼성전자 추가 매수했습니다!,trade_share,unlike,[],null
chunk_001_2026-02-27_2026-03-06,2026-03-05,8,A012,"[2509, 2513, 2523, 2525, 2511]",2509,"삼성전자, 급등 속 거래량 부진과 경쟁사 소식에 대한 고찰",analysis,like,[],null
chunk_001_2026-02-27_2026-03-06,2026-03-05,8,A012,"[2509, 2513, 2523, 2525, 2511]",2513,[삼성전자] 단기 변동성 우려와 내재가치 관점 유지,analysis,like,[],null
chunk_001_2026-02-27_2026-03-06,2026-03-05,8,A012,"[2509, 2513, 2523, 2525, 2511]",2523,"삼성전자, 급등 후 관망세 유지 필요성",analysis,like,[],null
chunk_001_2026-02-27_2026-03-06,2026-03-05,8,A012,"[2509, 2513, 2523, 2525, 2511]",2525,"삼성전자, 반등과 경쟁 리스크에 대한 고민",analysis,like,[],null
chunk_001_2026-02-27_2026-03-06,2026-03-05,8,A012,"[2509, 2513, 2523, 2525, 2511]",2511,삼성전자 추가 매수했습니다!,trade_share,unlike,[],null
chunk_001_2026-02-27_2026-03-06,2026-03-05,8,A015,"[2509, 2513, 2523, 2525, 2511]",2509,"삼성전자, 급등 속 거래량 부진과 경쟁사 소식에 대한 고찰",analysis,like,[],"{""portfolio_summary"": {""state_id"": ""ps_A003_t008"", ""agent_id"": ""A003"", ""turn"": 8, ""date"": ""2026-03-05"", ""cash"": 5247400.0, ""positions"": ""[{\""stock_code\"": \""005930\"", \""quantity\"": 458, \""avg_cost\"": 206818.6574701318, \""current_price\"": 191600.0, \""unrealized_pnl\"": -6970145.1213203585, \""unrealized_pnl_rate\"": -0.07358454820416589}]"", ""total_value"": 93000200.0, ""realized_pnl"": -29654.87867964036, ""total_return_rate"": -0.069998, ""updated_at"": ""2026-07-14 17:37:11""}, ""recent_trades"": [{""turn"": 8, ""date"": ""2026-03-05"", ""action"": ""sell"", ""stock_code"": ""005930"", ""quantity"": 1, ""executed_price"": 191600.0, ""trade_value"": 191600.0, ""status"": ""filled"", ""filled_quantity"": 1, ""action_reason"": ""fallback_decision_after_invalid_llm_output: the model failed to return a valid decision after retry, so the system submitted a minimal valid sell order.""}, {""turn"": 7, ""date"": ""2026-03-05"", ""action"": ""sell"", ""stock_code"": ""005930"", ""quantity"": 1, ""executed_price"": 195000.0, ""trade_value"": 195000.0, ""status"": ""filled"", ""filled_quantity"": 1, ""action_reason"": ""fallback_decision_after_invalid_llm_output: the model failed to return a valid decision after retry, so the system submitted a minimal valid sell order.""}, {""turn"": 6, ""date"": ""2026-03-04"", ""action"": ""buy"", ""stock_code"": ""005930"", ""quantity"": 10, ""executed_price"": 172200.0, ""trade_value"": 1722000.0, ""status"": ""filled"", ""filled_quantity"": 10, ""action_reason"": ""17 만 원대 하단 지지선 부근에서 가치 평가 매수 기회로 판단하나, 거시 리스크로 인해 방어적 관점에서 수량을 제한합니다.""}]}"
chunk_001_2026-02-27_2026-03-06,2026-03-05,8,A015,"[2509, 2513, 2523, 2525, 2511]",2513,[삼성전자] 단기 변동성 우려와 내재가치 관점 유지,analysis,like,[],"{""portfolio_summary"": {""state_id"": ""ps_A010_t008"", ""agent_id"": ""A010"", ""turn"": 8, ""date"": ""2026-03-05"", ""cash"": 4700000.0, ""positions"": ""[{\""stock_code\"": \""005930\"", \""quantity\"": 455, \""avg_cost\"": 208050.2197844945, \""current_price\"": 191600.0, \""unrealized_pnl\"": -7484850.001944993, \""unrealized_pnl_rate\"": -0.07906850471743884}]"", ""total_value"": 91878000.0, ""realized_pnl"": -637149.9980550043, ""total_return_rate"": -0.08122, ""updated_at"": ""2026-07-14 17:37:11""}, ""recent_trades"": [{""turn"": 8, ""date"": ""2026-03-05"", ""action"": ""sell"", ""stock_code"": ""005930"", ""quantity"": 1, ""executed_price"": 191600.0, ""trade_value"": 191600.0, ""status"": ""filled"", ""filled_quantity"": 1, ""action_reason"": ""fallback_decision_after_invalid_llm_output: the model failed to return a valid decision after retry, so the system submitted a minimal valid sell order.""}, {""turn"": 7, ""date"": ""2026-03-05"", ""action"": ""buy"", ""stock_code"": ""005930"", ""quantity"": 22, ""executed_price"": 195000.0, ""trade_value"": 4290000.0, ""status"": ""filled"", ""filled_quantity"": 22, ""action_reason"": ""현재가 195,000 원은 내재가치 대비 저평가 구간이며, 기술적 지지선 (20 일선) 을 상회하여 반등 지속성이 확인됨. 평균 매수 단가 하향을 통해 손실 축소 및 수익 전환 가능성 확보.""}, {""turn"": 6, ""date"": ""2026-03-04"", ""action"": ""sell"", ""stock_code"": ""005930"", ""quantity"": 17, ""executed_price"": 172200.0, ""trade_value"": 2927400.0, ""status"": ""filled"", ""filled_quantity"": 17, ""action_reason"": ""지정학적 리스크와 20 만원 선 붕괴로 단기 하락 가능성 높음. 현금 소진으로 대응력 부족하여 매도 제한 내에서 일부 매도하여 현금 비중 확보 및 리스크 관리.""}]}"
chunk_001_2026-02-27_2026-03-06,2026-03-05,8,A015,"[2509, 2513, 2523, 2525, 2511]",2523,"삼성전자, 급등 후 관망세 유지 필요성",analysis,like,[],"{""portfolio_summary"": {""state_id"": ""ps_A020_t008"", ""agent_id"": ""A020"", ""turn"": 8, ""date"": ""2026-03-05"", ""cash"": 3767200.0, ""positions"": ""[{\""stock_code\"": \""005930\"", \""quantity\"": 460, \""avg_cost\"": 208856.17021276595, \""current_price\"": 191600.0, \""unrealized_pnl\"": -7937838.2978723375, \""unrealized_pnl_rate\"": -0.08262226677424347}]"", ""total_value"": 91903200.0, ""realized_pnl"": -158961.70212765952, ""total_return_rate"": -0.080968, ""updated_at"": ""2026-07-14 17:37:11""}, ""recent_trades"": [{""turn"": 8, ""date"": ""2026-03-05"", ""action"": ""sell"", ""stock_code"": ""005930"", ""quantity"": 6, ""executed_price"": 191600.0, ""trade_value"": 1149600.0, ""status"": ""filled"", ""filled_quantity"": 6, ""action_reason"": ""Belief 에 따르면 현금 부족으로 추가 매수 어려움과 기술적 지지 확인 시 대응이 필요하며, 시장 분석에서는 거래량 부진과 MA5 저항선 하회로 단기 약세 신호가 확인됨. 이에 따라 현금 확보를 위해 소량 매도하고, 향후 기술적 지지 확인 시 대응.""}, {""turn"": 7, ""date"": ""2026-03-05"", ""action"": ""sell"", ""stock_code"": ""005930"", ""quantity"": 4, ""executed_price"": 195000.0, ""trade_value"": 780000.0, ""status"": ""filled"", ""filled_quantity"": 4, ""action_reason"": ""시가 13% 급등으로 단기 반등 확인되었으나, 20 만 원 저항선 부근과 파업 리스크로 방어적 태세 필요. 현금 부족으로 추가 매수 여력 부족 시 수익 실현을 통한 현금 확보 우선.""}, {""turn"": 6, ""date"": ""2026-03-04"", ""action"": ""buy"", ""stock_code"": ""005930"", ""quantity"": 9, ""executed_price"": 172200.0, ""trade_value"": 1549800.0, ""status"": ""filled"", ""filled_quantity"": 9, ""action_reason"": ""MA20 이탈로 단기 약세이나, 초고수 매수세와 기술적 저가 구간 (172,200 원) 에서 반등 기회 포착. 고위험 선호 성향에 따라 변동성 확대 시 수익 창출을 위해 제한적 매수.""}]}"
chunk_001_2026-02-27_2026-03-06,2026-03-05,8,A015,"[2509, 2513, 2523, 2525, 2511]",2525,"삼성전자, 반등과 경쟁 리스크에 대한 고민",analysis,unlike,[],"{""portfolio_summary"": {""state_id"": ""ps_A026_t008"", ""agent_id"": ""A026"", ""turn"": 8, ""date"": ""2026-03-05"", ""cash"": 3108600.0, ""positions"": ""[{\""stock_code\"": \""005930\"", \""quantity\"": 465, \""avg_cost\"": 208162.20806794055, \""current_price\"": 191600.0, \""unrealized_pnl\"": -7701426.751592355, \""unrealized_pnl_rate\"": -0.07956395265818342}]"", ""total_value"": 92202600.0, ""realized_pnl"": -95973.24840764329, ""total_return_rate"": -0.077974, ""updated_at"": ""2026-07-14 17:37:11""}, ""recent_trades"": [{""turn"": 8, ""date"": ""2026-03-05"", ""action"": ""sell"", ""stock_code"": ""005930"", ""quantity"": 5, ""executed_price"": 191600.0, ""trade_value"": 958000.0, ""status"": ""filled"", ""filled_quantity"": 5, ""action_reason"": ""포트폴리오 현금 부족 (215 만 원) 으로 인한 유동성 리스크 관리 필요. 기술적 MA5 저항선 부근에서 단기 조정 가능성과 SK 하이닉스 경쟁 악재를 고려해 현금 확보를 통한 MA20 지지선 대응 준비.""}, {""turn"": 7, ""date"": ""2026-03-05"", ""action"": ""sell"", ""stock_code"": ""005930"", ""quantity"": 1, ""executed_price"": 195000.0, ""trade_value"": 195000.0, ""status"": ""filled"", ""filled_quantity"": 1, ""action_reason"": ""노사 갈등 불확실성으로 변동성 주의 (News), 현금 여력 부족 (Portfolio), 단기 반등 후 적정선 근접 (Market) 하여 소량 매도로 현금 확보.""}, {""turn"": 6, ""date"": ""2026-03-04"", ""action"": ""buy"", ""stock_code"": ""005930"", ""quantity"": 11, ""executed_price"": 172200.0, ""trade_value"": 1894200.0, ""status"": ""filled"", ""filled_quantity"": 11, ""action_reason"": ""가치투자 관점에서 현재 주가는 내재가치 대비 저평가 구간이며, 전쟁 공포로 인한 과매도 기회로 판단합니다. 반도체 수요의 근본적 강세는 유지되고 있어 단기 하락을 매수 기회로 활용합니다. 울산 거주자로서 산업 현장을 잘 알지만, 뉴스의 전쟁 소식은 불안 요인이므로 현금 여력을 고려합니다.""}]}"
chunk_001_2026-02-27_2026-03-06,2026-03-05,8,A015,"[2509, 2513, 2523, 2525, 2511]",2511,삼성전자 추가 매수했습니다!,trade_share,unlike,[],"{""portfolio_summary"": {""state_id"": ""ps_A007_t008"", ""agent_id"": ""A007"", ""turn"": 8, ""date"": ""2026-03-05"", ""cash"": 53097000.0, ""positions"": ""[{\""stock_code\"": \""005930\"", \""quantity\"": 200, \""avg_cost\"": 193300.0, \""current_price\"": 191600.0, \""unrealized_pnl\"": -340000.0, \""unrealized_pnl_rate\"": -0.008794619762027936}]"", ""total_value"": 91417000.0, ""realized_pnl"": -8242999.999999996, ""total_return_rate"": -0.08583, ""updated_at"": ""2026-07-14 17:37:11""}, ""recent_trades"": [{""turn"": 8, ""date"": ""2026-03-05"", ""action"": ""buy"", ""stock_code"": ""005930"", ""quantity"": 100, ""executed_price"": 191600.0, ""trade_value"": 19160000.0, ""status"": ""filled"", ""filled_quantity"": 100, ""action_reason"": ""밸류에이션 매력 확인 및 중장기 우상향 흐름 유지. 매수 단가 대비 현재가 하락으로 저평가 구간 진입 기회로 판단.""}, {""turn"": 7, ""date"": ""2026-03-05"", ""action"": ""buy"", ""stock_code"": ""005930"", ""quantity"": 100, ""executed_price"": 195000.0, ""trade_value"": 19500000.0, ""status"": ""filled"", ""filled_quantity"": 100, ""action_reason"": ""실적 호재로 내재가치 대비 저평가 구간이나, 파업 리스크로 인한 변동성 확대를 고려하여 소량 매수합니다.""}, {""turn"": 6, ""date"": ""2026-03-04"", ""action"": ""sell"", ""stock_code"": ""005930"", ""quantity"": 110, ""executed_price"": 172200.0, ""trade_value"": 18942000.0, ""status"": ""filled"", ""filled_quantity"": 110, ""action_reason"": ""가치평가 관점에서 안전마진 불확실하며, 지정학적 리스크로 단기 하락 지속 예상. 현금 보유하며 바닥 확인 전략에 따라 보유 주식 전량 매도.""}]}"
chunk_001_2026-02-27_2026-03-06,2026-03-05,8,A014,"[2509, 2513, 2523, 2525, 2511]",2509,"삼성전자, 급등 속 거래량 부진과 경쟁사 소식에 대한 고찰",analysis,like,[],null
chunk_001_2026-02-27_2026-03-06,2026-03-05,8,A014,"[2509, 2513, 2523, 2525, 2511]",2513,[삼성전자] 단기 변동성 우려와 내재가치 관점 유지,analysis,like,[],null
chunk_001_2026-02-27_2026-03-06,2026-03-05,8,A014,"[2509, 2513, 2523, 2525, 2511]",2523,"삼성전자, 급등 후 관망세 유지 필요성",analysis,like,[],null
chunk_001_2026-02-27_2026-03-06,2026-03-05,8,A014,"[2509, 2513, 2523, 2525, 2511]",2525,"삼성전자, 반등과 경쟁 리스크에 대한 고민",analysis,like,[],null
chunk_001_2026-02-27_2026-03-06,2026-03-05,8,A014,"[2509, 2513, 2523, 2525, 2511]",2511,삼성전자 추가 매수했습니다!,trade_share,unlike,[],null
chunk_001_2026-02-27_2026-03-06,2026-03-05,8,A017,"[2509, 2511, 2513, 2523, 2525]",2509,"삼성전자, 급등 속 거래량 부진과 경쟁사 소식에 대한 고찰",analysis,like,[],"{""portfolio_summary"": {""state_id"": ""ps_A003_t008"", ""agent_id"": ""A003"", ""turn"": 8, ""date"": ""2026-03-05"", ""cash"": 5247400.0, ""positions"": ""[{\""stock_code\"": \""005930\"", \""quantity\"": 458, \""avg_cost\"": 206818.6574701318, \""current_price\"": 191600.0, \""unrealized_pnl\"": -6970145.1213203585, \""unrealized_pnl_rate\"": -0.07358454820416589}]"", ""total_value"": 93000200.0, ""realized_pnl"": -29654.87867964036, ""total_return_rate"": -0.069998, ""updated_at"": ""2026-07-14 17:37:11""}, ""recent_trades"": [{""turn"": 8, ""date"": ""2026-03-05"", ""action"": ""sell"", ""stock_code"": ""005930"", ""quantity"": 1, ""executed_price"": 191600.0, ""trade_value"": 191600.0, ""status"": ""filled"", ""filled_quantity"": 1, ""action_reason"": ""fallback_decision_after_invalid_llm_output: the model failed to return a valid decision after retry, so the system submitted a minimal valid sell order.""}, {""turn"": 7, ""date"": ""2026-03-05"", ""action"": ""sell"", ""stock_code"": ""005930"", ""quantity"": 1, ""executed_price"": 195000.0, ""trade_value"": 195000.0, ""status"": ""filled"", ""filled_quantity"": 1, ""action_reason"": ""fallback_decision_after_invalid_llm_output: the model failed to return a valid decision after retry, so the system submitted a minimal valid sell order.""}, {""turn"": 6, ""date"": ""2026-03-04"", ""action"": ""buy"", ""stock_code"": ""005930"", ""quantity"": 10, ""executed_price"": 172200.0, ""trade_value"": 1722000.0, ""status"": ""filled"", ""filled_quantity"": 10, ""action_reason"": ""17 만 원대 하단 지지선 부근에서 가치 평가 매수 기회로 판단하나, 거시 리스크로 인해 방어적 관점에서 수량을 제한합니다.""}]}"
chunk_001_2026-02-27_2026-03-06,2026-03-05,8,A017,"[2509, 2511, 2513, 2523, 2525]",2511,삼성전자 추가 매수했습니다!,trade_share,unlike,[],"{""portfolio_summary"": {""state_id"": ""ps_A007_t008"", ""agent_id"": ""A007"", ""turn"": 8, ""date"": ""2026-03-05"", ""cash"": 53097000.0, ""positions"": ""[{\""stock_code\"": \""005930\"", \""quantity\"": 200, \""avg_cost\"": 193300.0, \""current_price\"": 191600.0, \""unrealized_pnl\"": -340000.0, \""unrealized_pnl_rate\"": -0.008794619762027936}]"", ""total_value"": 91417000.0, ""realized_pnl"": -8242999.999999996, ""total_return_rate"": -0.08583, ""updated_at"": ""2026-07-14 17:37:11""}, ""recent_trades"": [{""turn"": 8, ""date"": ""2026-03-05"", ""action"": ""buy"", ""stock_code"": ""005930"", ""quantity"": 100, ""executed_price"": 191600.0, ""trade_value"": 19160000.0, ""status"": ""filled"", ""filled_quantity"": 100, ""action_reason"": ""밸류에이션 매력 확인 및 중장기 우상향 흐름 유지. 매수 단가 대비 현재가 하락으로 저평가 구간 진입 기회로 판단.""}, {""turn"": 7, ""date"": ""2026-03-05"", ""action"": ""buy"", ""stock_code"": ""005930"", ""quantity"": 100, ""executed_price"": 195000.0, ""trade_value"": 19500000.0, ""status"": ""filled"", ""filled_quantity"": 100, ""action_reason"": ""실적 호재로 내재가치 대비 저평가 구간이나, 파업 리스크로 인한 변동성 확대를 고려하여 소량 매수합니다.""}, {""turn"": 6, ""date"": ""2026-03-04"", ""action"": ""sell"", ""stock_code"": ""005930"", ""quantity"": 110, ""executed_price"": 172200.0, ""trade_value"": 18942000.0, ""status"": ""filled"", ""filled_quantity"": 110, ""action_reason"": ""가치평가 관점에서 안전마진 불확실하며, 지정학적 리스크로 단기 하락 지속 예상. 현금 보유하며 바닥 확인 전략에 따라 보유 주식 전량 매도.""}]}"
chunk_001_2026-02-27_2026-03-06,2026-03-05,8,A017,"[2509, 2511, 2513, 2523, 2525]",2513,[삼성전자] 단기 변동성 우려와 내재가치 관점 유지,analysis,like,[],"{""portfolio_summary"": {""state_id"": ""ps_A010_t008"", ""agent_id"": ""A010"", ""turn"": 8, ""date"": ""2026-03-05"", ""cash"": 4700000.0, ""positions"": ""[{\""stock_code\"": \""005930\"", \""quantity\"": 455, \""avg_cost\"": 208050.2197844945, \""current_price\"": 191600.0, \""unrealized_pnl\"": -7484850.001944993, \""unrealized_pnl_rate\"": -0.07906850471743884}]"", ""total_value"": 91878000.0, ""realized_pnl"": -637149.9980550043, ""total_return_rate"": -0.08122, ""updated_at"": ""2026-07-14 17:37:11""}, ""recent_trades"": [{""turn"": 8, ""date"": ""2026-03-05"", ""action"": ""sell"", ""stock_code"": ""005930"", ""quantity"": 1, ""executed_price"": 191600.0, ""trade_value"": 191600.0, ""status"": ""filled"", ""filled_quantity"": 1, ""action_reason"": ""fallback_decision_after_invalid_llm_output: the model failed to return a valid decision after retry, so the system submitted a minimal valid sell order.""}, {""turn"": 7, ""date"": ""2026-03-05"", ""action"": ""buy"", ""stock_code"": ""005930"", ""quantity"": 22, ""executed_price"": 195000.0, ""trade_value"": 4290000.0, ""status"": ""filled"", ""filled_quantity"": 22, ""action_reason"": ""현재가 195,000 원은 내재가치 대비 저평가 구간이며, 기술적 지지선 (20 일선) 을 상회하여 반등 지속성이 확인됨. 평균 매수 단가 하향을 통해 손실 축소 및 수익 전환 가능성 확보.""}, {""turn"": 6, ""date"": ""2026-03-04"", ""action"": ""sell"", ""stock_code"": ""005930"", ""quantity"": 17, ""executed_price"": 172200.0, ""trade_value"": 2927400.0, ""status"": ""filled"", ""filled_quantity"": 17, ""action_reason"": ""지정학적 리스크와 20 만원 선 붕괴로 단기 하락 가능성 높음. 현금 소진으로 대응력 부족하여 매도 제한 내에서 일부 매도하여 현금 비중 확보 및 리스크 관리.""}]}"
chunk_001_2026-02-27_2026-03-06,2026-03-05,8,A017,"[2509, 2511, 2513, 2523, 2525]",2523,"삼성전자, 급등 후 관망세 유지 필요성",analysis,like,[],"{""portfolio_summary"": {""state_id"": ""ps_A020_t008"", ""agent_id"": ""A020"", ""turn"": 8, ""date"": ""2026-03-05"", ""cash"": 3767200.0, ""positions"": ""[{\""stock_code\"": \""005930\"", \""quantity\"": 460, \""avg_cost\"": 208856.17021276595, \""current_price\"": 191600.0, \""unrealized_pnl\"": -7937838.2978723375, \""unrealized_pnl_rate\"": -0.08262226677424347}]"", ""total_value"": 91903200.0, ""realized_pnl"": -158961.70212765952, ""total_return_rate"": -0.080968, ""updated_at"": ""2026-07-14 17:37:11""}, ""recent_trades"": [{""turn"": 8, ""date"": ""2026-03-05"", ""action"": ""sell"", ""stock_code"": ""005930"", ""quantity"": 6, ""executed_price"": 191600.0, ""trade_value"": 1149600.0, ""status"": ""filled"", ""filled_quantity"": 6, ""action_reason"": ""Belief 에 따르면 현금 부족으로 추가 매수 어려움과 기술적 지지 확인 시 대응이 필요하며, 시장 분석에서는 거래량 부진과 MA5 저항선 하회로 단기 약세 신호가 확인됨. 이에 따라 현금 확보를 위해 소량 매도하고, 향후 기술적 지지 확인 시 대응.""}, {""turn"": 7, ""date"": ""2026-03-05"", ""action"": ""sell"", ""stock_code"": ""005930"", ""quantity"": 4, ""executed_price"": 195000.0, ""trade_value"": 780000.0, ""status"": ""filled"", ""filled_quantity"": 4, ""action_reason"": ""시가 13% 급등으로 단기 반등 확인되었으나, 20 만 원 저항선 부근과 파업 리스크로 방어적 태세 필요. 현금 부족으로 추가 매수 여력 부족 시 수익 실현을 통한 현금 확보 우선.""}, {""turn"": 6, ""date"": ""2026-03-04"", ""action"": ""buy"", ""stock_code"": ""005930"", ""quantity"": 9, ""executed_price"": 172200.0, ""trade_value"": 1549800.0, ""status"": ""filled"", ""filled_quantity"": 9, ""action_reason"": ""MA20 이탈로 단기 약세이나, 초고수 매수세와 기술적 저가 구간 (172,200 원) 에서 반등 기회 포착. 고위험 선호 성향에 따라 변동성 확대 시 수익 창출을 위해 제한적 매수.""}]}"
chunk_001_2026-02-27_2026-03-06,2026-03-05,8,A017,"[2509, 2511, 2513, 2523, 2525]",2525,"삼성전자, 반등과 경쟁 리스크에 대한 고민",analysis,like,[],"{""portfolio_summary"": {""state_id"": ""ps_A026_t008"", ""agent_id"": ""A026"", ""turn"": 8, ""date"": ""2026-03-05"", ""cash"": 3108600.0, ""positions"": ""[{\""stock_code\"": \""005930\"", \""quantity\"": 465, \""avg_cost\"": 208162.20806794055, \""current_price\"": 191600.0, \""unrealized_pnl\"": -7701426.751592355, \""unrealized_pnl_rate\"": -0.07956395265818342}]"", ""total_value"": 92202600.0, ""realized_pnl"": -95973.24840764329, ""total_return_rate"": -0.077974, ""updated_at"": ""2026-07-14 17:37:11""}, ""recent_trades"": [{""turn"": 8, ""date"": ""2026-03-05"", ""action"": ""sell"", ""stock_code"": ""005930"", ""quantity"": 5, ""executed_price"": 191600.0, ""trade_value"": 958000.0, ""status"": ""filled"", ""filled_quantity"": 5, ""action_reason"": ""포트폴리오 현금 부족 (215 만 원) 으로 인한 유동성 리스크 관리 필요. 기술적 MA5 저항선 부근에서 단기 조정 가능성과 SK 하이닉스 경쟁 악재를 고려해 현금 확보를 통한 MA20 지지선 대응 준비.""}, {""turn"": 7, ""date"": ""2026-03-05"", ""action"": ""sell"", ""stock_code"": ""005930"", ""quantity"": 1, ""executed_price"": 195000.0, ""trade_value"": 195000.0, ""status"": ""filled"", ""filled_quantity"": 1, ""action_reason"": ""노사 갈등 불확실성으로 변동성 주의 (News), 현금 여력 부족 (Portfolio), 단기 반등 후 적정선 근접 (Market) 하여 소량 매도로 현금 확보.""}, {""turn"": 6, ""date"": ""2026-03-04"", ""action"": ""buy"", ""stock_code"": ""005930"", ""quantity"": 11, ""executed_price"": 172200.0, ""trade_value"": 1894200.0, ""status"": ""filled"", ""filled_quantity"": 11, ""action_reason"": ""가치투자 관점에서 현재 주가는 내재가치 대비 저평가 구간이며, 전쟁 공포로 인한 과매도 기회로 판단합니다. 반도체 수요의 근본적 강세는 유지되고 있어 단기 하락을 매수 기회로 활용합니다. 울산 거주자로서 산업 현장을 잘 알지만, 뉴스의 전쟁 소식은 불안 요인이므로 현금 여력을 고려합니다.""}]}"
chunk_001_2026-02-27_2026-03-06,2026-03-05,8,A019,"[2509, 2511, 2513, 2523, 2525]",2509,"삼성전자, 급등 속 거래량 부진과 경쟁사 소식에 대한 고찰",analysis,like,[],null
chunk_001_2026-02-27_2026-03-06,2026-03-05,8,A019,"[2509, 2511, 2513, 2523, 2525]",2511,삼성전자 추가 매수했습니다!,trade_share,unlike,[],null
chunk_001_2026-02-27_2026-03-06,2026-03-05,8,A019,"[2509, 2511, 2513, 2523, 2525]",2513,[삼성전자] 단기 변동성 우려와 내재가치 관점 유지,analysis,like,[],null
chunk_001_2026-02-27_2026-03-06,2026-03-05,8,A019,"[2509, 2511, 2513, 2523, 2525]",2523,"삼성전자, 급등 후 관망세 유지 필요성",analysis,like,[],null
chunk_001_2026-02-27_2026-03-06,2026-03-05,8,A019,"[2509, 2511, 2513, 2523, 2525]",2525,"삼성전자, 반등과 경쟁 리스크에 대한 고민",analysis,like,[],null
chunk_001_2026-02-27_2026-03-06,2026-03-05,8,A020,"[2509, 2511, 2513, 2525, 2521]",2509,"삼성전자, 급등 속 거래량 부진과 경쟁사 소식에 대한 고찰",analysis,like,[],"{""portfolio_summary"": {""state_id"": ""ps_A003_t008"", ""agent_id"": ""A003"", ""turn"": 8, ""date"": ""2026-03-05"", ""cash"": 5247400.0, ""positions"": ""[{\""stock_code\"": \""005930\"", \""quantity\"": 458, \""avg_cost\"": 206818.6574701318, \""current_price\"": 191600.0, \""unrealized_pnl\"": -6970145.1213203585, \""unrealized_pnl_rate\"": -0.07358454820416589}]"", ""total_value"": 93000200.0, ""realized_pnl"": -29654.87867964036, ""total_return_rate"": -0.069998, ""updated_at"": ""2026-07-14 17:37:11""}, ""recent_trades"": [{""turn"": 8, ""date"": ""2026-03-05"", ""action"": ""sell"", ""stock_code"": ""005930"", ""quantity"": 1, ""executed_price"": 191600.0, ""trade_value"": 191600.0, ""status"": ""filled"", ""filled_quantity"": 1, ""action_reason"": ""fallback_decision_after_invalid_llm_output: the model failed to return a valid decision after retry, so the system submitted a minimal valid sell order.""}, {""turn"": 7, ""date"": ""2026-03-05"", ""action"": ""sell"", ""stock_code"": ""005930"", ""quantity"": 1, ""executed_price"": 195000.0, ""trade_value"": 195000.0, ""status"": ""filled"", ""filled_quantity"": 1, ""action_reason"": ""fallback_decision_after_invalid_llm_output: the model failed to return a valid decision after retry, so the system submitted a minimal valid sell order.""}, {""turn"": 6, ""date"": ""2026-03-04"", ""action"": ""buy"", ""stock_code"": ""005930"", ""quantity"": 10, ""executed_price"": 172200.0, ""trade_value"": 1722000.0, ""status"": ""filled"", ""filled_quantity"": 10, ""action_reason"": ""17 만 원대 하단 지지선 부근에서 가치 평가 매수 기회로 판단하나, 거시 리스크로 인해 방어적 관점에서 수량을 제한합니다.""}]}"
chunk_001_2026-02-27_2026-03-06,2026-03-05,8,A020,"[2509, 2511, 2513, 2525, 2521]",2511,삼성전자 추가 매수했습니다!,trade_share,unlike,[],"{""portfolio_summary"": {""state_id"": ""ps_A007_t008"", ""agent_id"": ""A007"", ""turn"": 8, ""date"": ""2026-03-05"", ""cash"": 53097000.0, ""positions"": ""[{\""stock_code\"": \""005930\"", \""quantity\"": 200, \""avg_cost\"": 193300.0, \""current_price\"": 191600.0, \""unrealized_pnl\"": -340000.0, \""unrealized_pnl_rate\"": -0.008794619762027936}]"", ""total_value"": 91417000.0, ""realized_pnl"": -8242999.999999996, ""total_return_rate"": -0.08583, ""updated_at"": ""2026-07-14 17:37:11""}, ""recent_trades"": [{""turn"": 8, ""date"": ""2026-03-05"", ""action"": ""buy"", ""stock_code"": ""005930"", ""quantity"": 100, ""executed_price"": 191600.0, ""trade_value"": 19160000.0, ""status"": ""filled"", ""filled_quantity"": 100, ""action_reason"": ""밸류에이션 매력 확인 및 중장기 우상향 흐름 유지. 매수 단가 대비 현재가 하락으로 저평가 구간 진입 기회로 판단.""}, {""turn"": 7, ""date"": ""2026-03-05"", ""action"": ""buy"", ""stock_code"": ""005930"", ""quantity"": 100, ""executed_price"": 195000.0, ""trade_value"": 19500000.0, ""status"": ""filled"", ""filled_quantity"": 100, ""action_reason"": ""실적 호재로 내재가치 대비 저평가 구간이나, 파업 리스크로 인한 변동성 확대를 고려하여 소량 매수합니다.""}, {""turn"": 6, ""date"": ""2026-03-04"", ""action"": ""sell"", ""stock_code"": ""005930"", ""quantity"": 110, ""executed_price"": 172200.0, ""trade_value"": 18942000.0, ""status"": ""filled"", ""filled_quantity"": 110, ""action_reason"": ""가치평가 관점에서 안전마진 불확실하며, 지정학적 리스크로 단기 하락 지속 예상. 현금 보유하며 바닥 확인 전략에 따라 보유 주식 전량 매도.""}]}"
chunk_001_2026-02-27_2026-03-06,2026-03-05,8,A020,"[2509, 2511, 2513, 2525, 2521]",2513,[삼성전자] 단기 변동성 우려와 내재가치 관점 유지,analysis,like,[],"{""portfolio_summary"": {""state_id"": ""ps_A010_t008"", ""agent_id"": ""A010"", ""turn"": 8, ""date"": ""2026-03-05"", ""cash"": 4700000.0, ""positions"": ""[{\""stock_code\"": \""005930\"", \""quantity\"": 455, \""avg_cost\"": 208050.2197844945, \""current_price\"": 191600.0, \""unrealized_pnl\"": -7484850.001944993, \""unrealized_pnl_rate\"": -0.07906850471743884}]"", ""total_value"": 91878000.0, ""realized_pnl"": -637149.9980550043, ""total_return_rate"": -0.08122, ""updated_at"": ""2026-07-14 17:37:11""}, ""recent_trades"": [{""turn"": 8, ""date"": ""2026-03-05"", ""action"": ""sell"", ""stock_code"": ""005930"", ""quantity"": 1, ""executed_price"": 191600.0, ""trade_value"": 191600.0, ""status"": ""filled"", ""filled_quantity"": 1, ""action_reason"": ""fallback_decision_after_invalid_llm_output: the model failed to return a valid decision after retry, so the system submitted a minimal valid sell order.""}, {""turn"": 7, ""date"": ""2026-03-05"", ""action"": ""buy"", ""stock_code"": ""005930"", ""quantity"": 22, ""executed_price"": 195000.0, ""trade_value"": 4290000.0, ""status"": ""filled"", ""filled_quantity"": 22, ""action_reason"": ""현재가 195,000 원은 내재가치 대비 저평가 구간이며, 기술적 지지선 (20 일선) 을 상회하여 반등 지속성이 확인됨. 평균 매수 단가 하향을 통해 손실 축소 및 수익 전환 가능성 확보.""}, {""turn"": 6, ""date"": ""2026-03-04"", ""action"": ""sell"", ""stock_code"": ""005930"", ""quantity"": 17, ""executed_price"": 172200.0, ""trade_value"": 2927400.0, ""status"": ""filled"", ""filled_quantity"": 17, ""action_reason"": ""지정학적 리스크와 20 만원 선 붕괴로 단기 하락 가능성 높음. 현금 소진으로 대응력 부족하여 매도 제한 내에서 일부 매도하여 현금 비중 확보 및 리스크 관리.""}]}"
chunk_001_2026-02-27_2026-03-06,2026-03-05,8,A020,"[2509, 2511, 2513, 2525, 2521]",2525,"삼성전자, 반등과 경쟁 리스크에 대한 고민",analysis,like,[],"{""portfolio_summary"": {""state_id"": ""ps_A026_t008"", ""agent_id"": ""A026"", ""turn"": 8, ""date"": ""2026-03-05"", ""cash"": 3108600.0, ""positions"": ""[{\""stock_code\"": \""005930\"", \""quantity\"": 465, \""avg_cost\"": 208162.20806794055, \""current_price\"": 191600.0, \""unrealized_pnl\"": -7701426.751592355, \""unrealized_pnl_rate\"": -0.07956395265818342}]"", ""total_value"": 92202600.0, ""realized_pnl"": -95973.24840764329, ""total_return_rate"": -0.077974, ""updated_at"": ""2026-07-14 17:37:11""}, ""recent_trades"": [{""turn"": 8, ""date"": ""2026-03-05"", ""action"": ""sell"", ""stock_code"": ""005930"", ""quantity"": 5, ""executed_price"": 191600.0, ""trade_value"": 958000.0, ""status"": ""filled"", ""filled_quantity"": 5, ""action_reason"": ""포트폴리오 현금 부족 (215 만 원) 으로 인한 유동성 리스크 관리 필요. 기술적 MA5 저항선 부근에서 단기 조정 가능성과 SK 하이닉스 경쟁 악재를 고려해 현금 확보를 통한 MA20 지지선 대응 준비.""}, {""turn"": 7, ""date"": ""2026-03-05"", ""action"": ""sell"", ""stock_code"": ""005930"", ""quantity"": 1, ""executed_price"": 195000.0, ""trade_value"": 195000.0, ""status"": ""filled"", ""filled_quantity"": 1, ""action_reason"": ""노사 갈등 불확실성으로 변동성 주의 (News), 현금 여력 부족 (Portfolio), 단기 반등 후 적정선 근접 (Market) 하여 소량 매도로 현금 확보.""}, {""turn"": 6, ""date"": ""2026-03-04"", ""action"": ""buy"", ""stock_code"": ""005930"", ""quantity"": 11, ""executed_price"": 172200.0, ""trade_value"": 1894200.0, ""status"": ""filled"", ""filled_quantity"": 11, ""action_reason"": ""가치투자 관점에서 현재 주가는 내재가치 대비 저평가 구간이며, 전쟁 공포로 인한 과매도 기회로 판단합니다. 반도체 수요의 근본적 강세는 유지되고 있어 단기 하락을 매수 기회로 활용합니다. 울산 거주자로서 산업 현장을 잘 알지만, 뉴스의 전쟁 소식은 불안 요인이므로 현금 여력을 고려합니다.""}]}"
chunk_001_2026-02-27_2026-03-06,2026-03-05,8,A020,"[2509, 2511, 2513, 2525, 2521]",2521,전쟁 우려 완화 후 삼성전자 주가 반등에 대한 생각,analysis,unlike,"[""상위 수익자"", ""자산가""]","{""portfolio_summary"": {""state_id"": ""ps_A019_t008"", ""agent_id"": ""A019"", ""turn"": 8, ""date"": ""2026-03-05"", ""cash"": 8529100.0, ""positions"": ""[{\""stock_code\"": \""005930\"", \""quantity\"": 457, \""avg_cost\"": 201768.55895196507, \""current_price\"": 191600.0, \""unrealized_pnl\"": -4647031.441048035, \""unrealized_pnl_rate\"": -0.050397143166323995}]"", ""total_value"": 96090300.0, ""realized_pnl"": 737331.4410480349, ""total_return_rate"": -0.039097, ""updated_at"": ""2026-07-14 17:37:11""}, ""recent_trades"": [{""turn"": 8, ""date"": ""2026-03-05"", ""action"": ""sell"", ""stock_code"": ""005930"", ""quantity"": 1, ""executed_price"": 191600.0, ""trade_value"": 191600.0, ""status"": ""filled"", ""filled_quantity"": 1, ""action_reason"": ""fallback_decision_after_invalid_llm_output: the model failed to return a valid decision after retry, so the system submitted a minimal valid sell order.""}, {""turn"": 7, ""date"": ""2026-03-05"", ""action"": ""buy"", ""stock_code"": ""005930"", ""quantity"": 10, ""executed_price"": 195000.0, ""trade_value"": 1950000.0, ""status"": ""filled"", ""filled_quantity"": 10, ""action_reason"": ""저평가 구간과 손실 시 추가 매수 성향에 따라 제한적으로 매수. 실적 호재와 내재가치 매력을 고려.""}, {""turn"": 6, ""date"": ""2026-03-04"", ""action"": ""buy"", ""stock_code"": ""005930"", ""quantity"": 10, ""executed_price"": 172200.0, ""trade_value"": 1722000.0, ""status"": ""filled"", ""filled_quantity"": 10, ""action_reason"": ""내재가치 저평가 구간이며 손실 시 추가 매수 성향이 있으나, 기술적 리스크와 현금 부족으로 제한적 매수.""}]}"
chunk_001_2026-02-27_2026-03-06,2026-03-05,8,A013,"[2509, 2511, 2513, 2523, 2525]",2509,"삼성전자, 급등 속 거래량 부진과 경쟁사 소식에 대한 고찰",analysis,like,[],null
chunk_001_2026-02-27_2026-03-06,2026-03-05,8,A013,"[2509, 2511, 2513, 2523, 2525]",2511,삼성전자 추가 매수했습니다!,trade_share,unlike,[],null
chunk_001_2026-02-27_2026-03-06,2026-03-05,8,A013,"[2509, 2511, 2513, 2523, 2525]",2513,[삼성전자] 단기 변동성 우려와 내재가치 관점 유지,analysis,like,[],null
chunk_001_2026-02-27_2026-03-06,2026-03-05,8,A013,"[2509, 2511, 2513, 2523, 2525]",2523,"삼성전자, 급등 후 관망세 유지 필요성",analysis,like,[],null
chunk_001_2026-02-27_2026-03-06,2026-03-05,8,A013,"[2509, 2511, 2513, 2523, 2525]",2525,"삼성전자, 반등과 경쟁 리스크에 대한 고민",analysis,read,[],null
chunk_001_2026-02-27_2026-03-06,2026-03-05,8,A022,"[2509, 2511, 2513, 2523, 2525]",2509,"삼성전자, 급등 속 거래량 부진과 경쟁사 소식에 대한 고찰",analysis,like,[],null
chunk_001_2026-02-27_2026-03-06,2026-03-05,8,A022,"[2509, 2511, 2513, 2523, 2525]",2511,삼성전자 추가 매수했습니다!,trade_share,unlike,[],null
chunk_001_2026-02-27_2026-03-06,2026-03-05,8,A022,"[2509, 2511, 2513, 2523, 2525]",2513,[삼성전자] 단기 변동성 우려와 내재가치 관점 유지,analysis,like,[],null
chunk_001_2026-02-27_2026-03-06,2026-03-05,8,A022,"[2509, 2511, 2513, 2523, 2525]",2523,"삼성전자, 급등 후 관망세 유지 필요성",analysis,like,[],null
chunk_001_2026-02-27_2026-03-06,2026-03-05,8,A022,"[2509, 2511, 2513, 2523, 2525]",2525,"삼성전자, 반등과 경쟁 리스크에 대한 고민",analysis,like,[],null
chunk_001_2026-02-27_2026-03-06,2026-03-05,8,A026,"[2509, 2513, 2521, 2523, 2518]",2509,"삼성전자, 급등 속 거래량 부진과 경쟁사 소식에 대한 고찰",analysis,like,[],null
chunk_001_2026-02-27_2026-03-06,2026-03-05,8,A026,"[2509, 2513, 2521, 2523, 2518]",2513,[삼성전자] 단기 변동성 우려와 내재가치 관점 유지,analysis,like,[],null
chunk_001_2026-02-27_2026-03-06,2026-03-05,8,A026,"[2509, 2513, 2521, 2523, 2518]",2521,전쟁 우려 완화 후 삼성전자 주가 반등에 대한 생각,analysis,unlike,"[""상위 수익자"", ""자산가""]",null
chunk_001_2026-02-27_2026-03-06,2026-03-05,8,A026,"[2509, 2513, 2521, 2523, 2518]",2523,"삼성전자, 급등 후 관망세 유지 필요성",analysis,like,[],null
chunk_001_2026-02-27_2026-03-06,2026-03-05,8,A026,"[2509, 2513, 2521, 2523, 2518]",2518,오늘 삼성전자 매도했습니다!,trade_share,read,[],null
chunk_001_2026-02-27_2026-03-06,2026-03-05,8,A025,"[2509, 2511, 2513, 2523, 2525]",2509,"삼성전자, 급등 속 거래량 부진과 경쟁사 소식에 대한 고찰",analysis,like,[],null
chunk_001_2026-02-27_2026-03-06,2026-03-05,8,A025,"[2509, 2511, 2513, 2523, 2525]",2511,삼성전자 추가 매수했습니다!,trade_share,unlike,[],null
chunk_001_2026-02-27_2026-03-06,2026-03-05,8,A025,"[2509, 2511, 2513, 2523, 2525]",2513,[삼성전자] 단기 변동성 우려와 내재가치 관점 유지,analysis,like,[],null
chunk_001_2026-02-27_2026-03-06,2026-03-05,8,A025,"[2509, 2511, 2513, 2523, 2525]",2523,"삼성전자, 급등 후 관망세 유지 필요성",analysis,like,[],null
chunk_001_2026-02-27_2026-03-06,2026-03-05,8,A025,"[2509, 2511, 2513, 2523, 2525]",2525,"삼성전자, 반등과 경쟁 리스크에 대한 고민",analysis,read,[],null
chunk_001_2026-02-27_2026-03-06,2026-03-05,8,A027,"[2509, 2513, 2523, 2525, 2511]",2509,"삼성전자, 급등 속 거래량 부진과 경쟁사 소식에 대한 고찰",analysis,like,[],null
chunk_001_2026-02-27_2026-03-06,2026-03-05,8,A027,"[2509, 2513, 2523, 2525, 2511]",2513,[삼성전자] 단기 변동성 우려와 내재가치 관점 유지,analysis,like,[],null
chunk_001_2026-02-27_2026-03-06,2026-03-05,8,A027,"[2509, 2513, 2523, 2525, 2511]",2523,"삼성전자, 급등 후 관망세 유지 필요성",analysis,like,[],null
chunk_001_2026-02-27_2026-03-06,2026-03-05,8,A027,"[2509, 2513, 2523, 2525, 2511]",2525,"삼성전자, 반등과 경쟁 리스크에 대한 고민",analysis,like,[],null
chunk_001_2026-02-27_2026-03-06,2026-03-05,8,A027,"[2509, 2513, 2523, 2525, 2511]",2511,삼성전자 추가 매수했습니다!,trade_share,unlike,[],null
chunk_001_2026-02-27_2026-03-06,2026-03-06,10,A003,"[2528, 2531, 2542, 2543, 2534]",2528,오늘 삼성전자 소량 매수했습니다,trade_share,read,[],null
chunk_001_2026-02-27_2026-03-06,2026-03-06,10,A003,"[2528, 2531, 2542, 2543, 2534]",2531,[매수] 삼성전자 50주 추가 매수했습니다!,trade_share,unlike,[],null
chunk_001_2026-02-27_2026-03-06,2026-03-06,10,A003,"[2528, 2531, 2542, 2543, 2534]",2542,삼성전자 실적 전망 및 매수 타이밍에 대한 고민,analysis,like,[],null
chunk_001_2026-02-27_2026-03-06,2026-03-06,10,A003,"[2528, 2531, 2542, 2543, 2534]",2543,"삼성전자, 내재가치는 여전하지만 단기 리스크 주의 필요",analysis,like,[],null
chunk_001_2026-02-27_2026-03-06,2026-03-06,10,A003,"[2528, 2531, 2542, 2543, 2534]",2534,[매수 공유] 갤럭시 S26 호조와 메모리 슈퍼사이클에 힘입어,trade_share,read,[],null
chunk_001_2026-02-27_2026-03-06,2026-03-06,10,A004,"[2536, 2543, 2542, 2529, 2534]",2536,S26와 메모리 슈퍼사이클로 인한 삼성전자 내재가치 확신 강화,analysis,like,[],null
chunk_001_2026-02-27_2026-03-06,2026-03-06,10,A004,"[2536, 2543, 2542, 2529, 2534]",2543,"삼성전자, 내재가치는 여전하지만 단기 리스크 주의 필요",analysis,like,[],null
chunk_001_2026-02-27_2026-03-06,2026-03-06,10,A004,"[2536, 2543, 2542, 2529, 2534]",2542,삼성전자 실적 전망 및 매수 타이밍에 대한 고민,analysis,read,[],null
chunk_001_2026-02-27_2026-03-06,2026-03-06,10,A004,"[2536, 2543, 2542, 2529, 2534]",2529,삼성전자 매수했습니다!,trade_share,unlike,"[""커뮤니티 인플루언서""]",null
chunk_001_2026-02-27_2026-03-06,2026-03-06,10,A004,"[2536, 2543, 2542, 2529, 2534]",2534,[매수 공유] 갤럭시 S26 호조와 메모리 슈퍼사이클에 힘입어,trade_share,unlike,[],null
chunk_001_2026-02-27_2026-03-06,2026-03-06,10,A005,"[2533, 2543, 2542, 2528, 2530]",2533,오늘 삼성전자 추가 매수했습니다!,trade_share,unlike,"[""커뮤니티 인플루언서""]",null
chunk_001_2026-02-27_2026-03-06,2026-03-06,10,A005,"[2533, 2543, 2542, 2528, 2530]",2543,"삼성전자, 내재가치는 여전하지만 단기 리스크 주의 필요",analysis,like,[],null
chunk_001_2026-02-27_2026-03-06,2026-03-06,10,A005,"[2533, 2543, 2542, 2528, 2530]",2542,삼성전자 실적 전망 및 매수 타이밍에 대한 고민,analysis,like,[],null
chunk_001_2026-02-27_2026-03-06,2026-03-06,10,A005,"[2533, 2543, 2542, 2528, 2530]",2528,오늘 삼성전자 소량 매수했습니다,trade_share,read,[],null
chunk_001_2026-02-27_2026-03-06,2026-03-06,10,A005,"[2533, 2543, 2542, 2528, 2530]",2530,삼성전자 추가 매수했습니다!,trade_share,unlike,[],null
chunk_001_2026-02-27_2026-03-06,2026-03-06,10,A001,"[2542, 2543, 2528, 2536, 2534]",2542,삼성전자 실적 전망 및 매수 타이밍에 대한 고민,analysis,like,[],null
chunk_001_2026-02-27_2026-03-06,2026-03-06,10,A001,"[2542, 2543, 2528, 2536, 2534]",2543,"삼성전자, 내재가치는 여전하지만 단기 리스크 주의 필요",analysis,like,[],null
chunk_001_2026-02-27_2026-03-06,2026-03-06,10,A001,"[2542, 2543, 2528, 2536, 2534]",2528,오늘 삼성전자 소량 매수했습니다,trade_share,read,[],null
chunk_001_2026-02-27_2026-03-06,2026-03-06,10,A001,"[2542, 2543, 2528, 2536, 2534]",2536,S26와 메모리 슈퍼사이클로 인한 삼성전자 내재가치 확신 강화,analysis,unlike,[],null
chunk_001_2026-02-27_2026-03-06,2026-03-06,10,A001,"[2542, 2543, 2528, 2536, 2534]",2534,[매수 공유] 갤럭시 S26 호조와 메모리 슈퍼사이클에 힘입어,trade_share,unlike,[],null
chunk_001_2026-02-27_2026-03-06,2026-03-06,10,A010,"[2528, 2534, 2542, 2543, 2529]",2528,오늘 삼성전자 소량 매수했습니다,trade_share,read,[],null
chunk_001_2026-02-27_2026-03-06,2026-03-06,10,A010,"[2528, 2534, 2542, 2543, 2529]",2534,[매수 공유] 갤럭시 S26 호조와 메모리 슈퍼사이클에 힘입어,trade_share,unlike,[],null
chunk_001_2026-02-27_2026-03-06,2026-03-06,10,A010,"[2528, 2534, 2542, 2543, 2529]",2542,삼성전자 실적 전망 및 매수 타이밍에 대한 고민,analysis,like,[],null
chunk_001_2026-02-27_2026-03-06,2026-03-06,10,A010,"[2528, 2534, 2542, 2543, 2529]",2543,"삼성전자, 내재가치는 여전하지만 단기 리스크 주의 필요",analysis,like,[],null
chunk_001_2026-02-27_2026-03-06,2026-03-06,10,A010,"[2528, 2534, 2542, 2543, 2529]",2529,삼성전자 매수했습니다!,trade_share,unlike,"[""커뮤니티 인플루언서""]",null
chunk_001_2026-02-27_2026-03-06,2026-03-06,10,A008,"[2529, 2542, 2543, 2528, 2536]",2529,삼성전자 매수했습니다!,trade_share,unlike,"[""커뮤니티 인플루언서""]",null
chunk_001_2026-02-27_2026-03-06,2026-03-06,10,A008,"[2529, 2542, 2543, 2528, 2536]",2542,삼성전자 실적 전망 및 매수 타이밍에 대한 고민,analysis,like,[],null
chunk_001_2026-02-27_2026-03-06,2026-03-06,10,A008,"[2529, 2542, 2543, 2528, 2536]",2543,"삼성전자, 내재가치는 여전하지만 단기 리스크 주의 필요",analysis,like,[],null
chunk_001_2026-02-27_2026-03-06,2026-03-06,10,A008,"[2529, 2542, 2543, 2528, 2536]",2528,오늘 삼성전자 소량 매수했습니다,trade_share,read,[],null
chunk_001_2026-02-27_2026-03-06,2026-03-06,10,A008,"[2529, 2542, 2543, 2528, 2536]",2536,S26와 메모리 슈퍼사이클로 인한 삼성전자 내재가치 확신 강화,analysis,unlike,[],null
chunk_001_2026-02-27_2026-03-06,2026-03-06,10,A006,"[2529, 2531, 2542, 2543, 2534]",2529,삼성전자 매수했습니다!,trade_share,unlike,"[""커뮤니티 인플루언서""]",null
chunk_001_2026-02-27_2026-03-06,2026-03-06,10,A006,"[2529, 2531, 2542, 2543, 2534]",2531,[매수] 삼성전자 50주 추가 매수했습니다!,trade_share,unlike,[],null
chunk_001_2026-02-27_2026-03-06,2026-03-06,10,A006,"[2529, 2531, 2542, 2543, 2534]",2542,삼성전자 실적 전망 및 매수 타이밍에 대한 고민,analysis,like,[],null
chunk_001_2026-02-27_2026-03-06,2026-03-06,10,A006,"[2529, 2531, 2542, 2543, 2534]",2543,"삼성전자, 내재가치는 여전하지만 단기 리스크 주의 필요",analysis,like,[],null
chunk_001_2026-02-27_2026-03-06,2026-03-06,10,A006,"[2529, 2531, 2542, 2543, 2534]",2534,[매수 공유] 갤럭시 S26 호조와 메모리 슈퍼사이클에 힘입어,trade_share,read,[],null
chunk_001_2026-02-27_2026-03-06,2026-03-06,10,A007,"[2529, 2534, 2536, 2542, 2543]",2529,삼성전자 매수했습니다!,trade_share,unlike,"[""커뮤니티 인플루언서""]","{""portfolio_summary"": {""state_id"": ""ps_A005_t010"", ""agent_id"": ""A005"", ""turn"": 10, ""date"": ""2026-03-06"", ""cash"": 1910800.0, ""positions"": ""[{\""stock_code\"": \""005930\"", \""quantity\"": 470, \""avg_cost\"": 206740.44114776497, \""current_price\"": 188200.0, \""unrealized_pnl\"": -8714007.339449536, \""unrealized_pnl_rate\"": -0.08967979871201608}]"", ""total_value"": 90364800.0, ""realized_pnl"": -921192.6605504588, ""total_return_rate"": -0.096352, ""updated_at"": ""2026-07-14 18:11:11""}, ""recent_trades"": [{""turn"": 10, ""date"": ""2026-03-06"", ""action"": ""buy"", ""stock_code"": ""005930"", ""quantity"": 10, ""executed_price"": 188200.0, ""trade_value"": 1882000.0, ""status"": ""filled"", ""filled_quantity"": 10, ""action_reason"": ""갤럭시 S26 호조와 메모리 슈퍼사이클로 펀더멘털이 강화되어 현재 주가 (188,200 원) 가 내재가치 대비 저평가 구간으로 판단됩니다. 현금 여력이 제한적이지만, 가치 투자 논리에 따라 매수 기회를 포착합니다.""}, {""turn"": 9, ""date"": ""2026-03-06"", ""action"": ""buy"", ""stock_code"": ""005930"", ""quantity"": 10, ""executed_price"": 186100.0, ""trade_value"": 1861000.0, ""status"": ""filled"", ""filled_quantity"": 10, ""action_reason"": ""내재가치 저평가 구간이나 노사 분쟁으로 단기 변동성 우려. 현금 보유액이 적어 추가 대응 여력을 확보하기 위해 제한적으로 매수.""}, {""turn"": 8, ""date"": ""2026-03-05"", ""action"": ""buy"", ""stock_code"": ""005930"", ""quantity"": 29, ""executed_price"": 191600.0, ""trade_value"": 5556400.0, ""status"": ""filled"", ""filled_quantity"": 29, ""action_reason"": ""내재가치 대비 저평가 구간 유지 및 메모리 슈퍼사이클 회복 기대감으로 매수 매력이 있습니다. MA5 저항선 직전이지만 중기적 반등 가능성을 고려해 제한적으로 매수합니다.""}]}"
chunk_001_2026-02-27_2026-03-06,2026-03-06,10,A007,"[2529, 2534, 2536, 2542, 2543]",2534,[매수 공유] 갤럭시 S26 호조와 메모리 슈퍼사이클에 힘입어,trade_share,unlike,[],"{""portfolio_summary"": {""state_id"": ""ps_A008_t010"", ""agent_id"": ""A008"", ""turn"": 10, ""date"": ""2026-03-06"", ""cash"": 739300.0, ""positions"": ""[{\""stock_code\"": \""005930\"", \""quantity\"": 474, \""avg_cost\"": 208701.16834619292, \""current_price\"": 188200.0, \""unrealized_pnl\"": -9717553.796095444, \""unrealized_pnl_rate\"": -0.098232168553008}]"", ""total_value"": 89946100.0, ""realized_pnl"": -336346.2039045552, ""total_return_rate"": -0.100539, ""updated_at"": ""2026-07-14 18:11:11""}, ""recent_trades"": [{""turn"": 10, ""date"": ""2026-03-06"", ""action"": ""buy"", ""stock_code"": ""005930"", ""quantity"": 2, ""executed_price"": 188200.0, ""trade_value"": 376400.0, ""status"": ""filled"", ""filled_quantity"": 2, ""action_reason"": ""갤럭시 S26 호조와 메모리 슈퍼사이클 등 펀더멘털 호재가 MA20 지지선과 맞물려 매수 기회로 판단. 현금 여력이 제한적이므로 최대 허용 범위 내에서 저가 매수 시도.""}, {""turn"": 9, ""date"": ""2026-03-06"", ""action"": ""buy"", ""stock_code"": ""005930"", ""quantity"": 5, ""executed_price"": 186100.0, ""trade_value"": 930500.0, ""status"": ""filled"", ""filled_quantity"": 5, ""action_reason"": ""노사 파업 리스크와 기술적 하방 압력이 존재하나, MA20 지지선 부근의 저가 매수 기회 (dim_2) 로 판단하여 고위험 성향에 따라 제한적 매수합니다.""}, {""turn"": 8, ""date"": ""2026-03-05"", ""action"": ""buy"", ""stock_code"": ""005930"", ""quantity"": 10, ""executed_price"": 191600.0, ""trade_value"": 1916000.0, ""status"": ""filled"", ""filled_quantity"": 10, ""action_reason"": ""단기 반등 추세 (MA20 회복) 가 확인되었으나 거래량 부진으로 변동성 주의. 손실 회복 (-6.92%) 을 위한 기회로 판단하여 고위험 선호 성향에 따라 매수합니다.""}]}"
chunk_001_2026-02-27_2026-03-06,2026-03-06,10,A007,"[2529, 2534, 2536, 2542, 2543]",2536,S26와 메모리 슈퍼사이클로 인한 삼성전자 내재가치 확신 강화,analysis,like,[],"{""portfolio_summary"": {""state_id"": ""ps_A011_t010"", ""agent_id"": ""A011"", ""turn"": 10, ""date"": ""2026-03-06"", ""cash"": 2068100.0, ""positions"": ""[{\""stock_code\"": \""005930\"", \""quantity\"": 471, \""avg_cost\"": 205572.997691469, \""current_price\"": 188200.0, \""unrealized_pnl\"": -8182681.912681902, \""unrealized_pnl_rate\"": -0.08451011507621733}]"", ""total_value"": 90710300.0, ""realized_pnl"": -1107018.0873180877, ""total_return_rate"": -0.092897, ""updated_at"": ""2026-07-14 18:11:11""}, ""recent_trades"": [{""turn"": 10, ""date"": ""2026-03-06"", ""action"": ""buy"", ""stock_code"": ""005930"", ""quantity"": 9, ""executed_price"": 188200.0, ""trade_value"": 1693800.0, ""status"": ""filled"", ""filled_quantity"": 9, ""action_reason"": ""갤럭시 S26 호조와 메모리 슈퍼사이클로 내재가치 확신이 있으며, 현재 주가는 MA20 지지선 부근에서 저평가 구간으로 판단됩니다. 커뮤니티의 공포 심리는 역발상 매수 신호이며, 손실률 -10% 수준에서 평균 단가 하향을 통한 가치 회복이 필요합니다.""}, {""turn"": 9, ""date"": ""2026-03-06"", ""action"": ""buy"", ""stock_code"": ""005930"", ""quantity"": 19, ""executed_price"": 186100.0, ""trade_value"": 3535900.0, ""status"": ""filled"", ""filled_quantity"": 19, ""action_reason"": ""반도체 수출 103% 증가로 내재가치 저평가 구간 확인, MA20(181,735 원) 지지선 부근에서 매수 기회로 판단. 미실현손익 -7.82% 이나 가치 투자 관점에서 매도 시점이 아님.""}, {""turn"": 8, ""date"": ""2026-03-05"", ""action"": ""buy"", ""stock_code"": ""005930"", ""quantity"": 38, ""executed_price"": 191600.0, ""trade_value"": 7280800.0, ""status"": ""filled"", ""filled_quantity"": 38, ""action_reason"": ""Belief 에 따르면 11% 급등으로 단기 반등 확인 및 저평가 구간 유지. MA20 지지선 유지로 기술적 우려 완화되어 매수 기회로 판단. 집중 투자 성향에 따라 제한된 현금 범위 내에서 최대 수량 매수.""}]}"
chunk_001_2026-02-27_2026-03-06,2026-03-06,10,A007,"[2529, 2534, 2536, 2542, 2543]",2542,삼성전자 실적 전망 및 매수 타이밍에 대한 고민,analysis,like,[],"{""portfolio_summary"": {""state_id"": ""ps_A015_t010"", ""agent_id"": ""A015"", ""turn"": 10, ""date"": ""2026-03-06"", ""cash"": 14195000.0, ""positions"": ""[{\""stock_code\"": \""005930\"", \""quantity\"": 407, \""avg_cost\"": 202256.32195665268, \""current_price\"": 188200.0, \""unrealized_pnl\"": -5720923.036357641, \""unrealized_pnl_rate\"": -0.06949756536987366}]"", ""total_value"": 90792400.0, ""realized_pnl"": -3486676.963642356, ""total_return_rate"": -0.092076, ""updated_at"": ""2026-07-14 18:11:11""}, ""recent_trades"": [{""turn"": 10, ""date"": ""2026-03-06"", ""action"": ""sell"", ""stock_code"": ""005930"", ""quantity"": 10, ""executed_price"": 188200.0, ""trade_value"": 1882000.0, ""status"": ""filled"", ""filled_quantity"": 10, ""action_reason"": ""매수 타이밍 보류 및 현금 비중 관리 필요에 따라 소량 매도합니다. 실적 호조 기대는 유지하나 단기 변동성 대비 현금 확보를 우선합니다.""}, {""turn"": 9, ""date"": ""2026-03-06"", ""action"": ""buy"", ""stock_code"": ""005930"", ""quantity"": 40, ""executed_price"": 186100.0, ""trade_value"": 7444000.0, ""status"": ""filled"", ""filled_quantity"": 40, ""action_reason"": ""가치 투자 관점에서 현재 주가가 평균 매수 단가 대비 9% 할인된 저평가 구간이며, 악재 없는 조정 국면이므로 매수 기회로 판단. MA20 지지선 유지 여부에 따라 추가 매수 여부 결정.""}, {""turn"": 8, ""date"": ""2026-03-05"", ""action"": ""buy"", ""stock_code"": ""005930"", ""quantity"": 15, ""executed_price"": 191600.0, ""trade_value"": 2874000.0, ""status"": ""filled"", ""filled_quantity"": 15, ""action_reason"": ""가치 투자 관점에서 저평가 구간 진입 및 메모리 업황 안정성은 매수 기회로 해석. 현재가 (191,600 원) 가 평균 매수 단가 (204,483 원) 보다 낮아 추가 매수를 통해 평균 단가 하향 효과 기대. 다만, 단기 급등세와 거래량 부재로 인한 조정 리스크를 고려하여 제한적 매수.""}]}"
chunk_001_2026-02-27_2026-03-06,2026-03-06,10,A007,"[2529, 2534, 2536, 2542, 2543]",2543,"삼성전자, 내재가치는 여전하지만 단기 리스크 주의 필요",analysis,like,[],"{""portfolio_summary"": {""state_id"": ""ps_A022_t010"", ""agent_id"": ""A022"", ""turn"": 10, ""date"": ""2026-03-06"", ""cash"": 9306700.0, ""positions"": ""[{\""stock_code\"": \""005930\"", \""quantity\"": 432, \""avg_cost\"": 208531.0533570387, \""current_price\"": 188200.0, \""unrealized_pnl\"": -8783015.050240722, \""unrealized_pnl_rate\"": -0.0974965264392957}]"", ""total_value"": 90609100.0, ""realized_pnl"": -607884.9497592843, ""total_return_rate"": -0.093909, ""updated_at"": ""2026-07-14 18:11:11""}, ""recent_trades"": [{""turn"": 10, ""date"": ""2026-03-06"", ""action"": ""sell"", ""stock_code"": ""005930"", ""quantity"": 10, ""executed_price"": 188200.0, ""trade_value"": 1882000.0, ""status"": ""filled"", ""filled_quantity"": 10, ""action_reason"": ""내재가치는 유효하나 단기 거시 리스크와 기술적 약세로 인해 신중한 접근이 필요합니다. 커뮤니티의 신중한 분위기와 제 위험 회피 성향에 따라 추가 매수를 자제하고, 현금 확보를 통해 변동성 대응 여력을 확보합니다.""}, {""turn"": 9, ""date"": ""2026-03-06"", ""action"": ""sell"", ""stock_code"": ""005930"", ""quantity"": 10, ""executed_price"": 186100.0, ""trade_value"": 1861000.0, ""status"": ""filled"", ""filled_quantity"": 10, ""action_reason"": ""현금 비중이 6% 수준으로 낮아 추가 매수 여력이 부족하며, 노조 파업 리스크로 변동성 우려가 커짐. 현금 확보를 위해 일부 매도.""}, {""turn"": 8, ""date"": ""2026-03-05"", ""action"": ""buy"", ""stock_code"": ""005930"", ""quantity"": 20, ""executed_price"": 191600.0, ""trade_value"": 3832000.0, ""status"": ""filled"", ""filled_quantity"": 20, ""action_reason"": ""전쟁 리스크 완화 및 내재가치 저평가 구간 지속 확인.昨日 매도 후 확보된 현금으로 평균 매수 단가 하향 조정 필요. MA20 지지선 유지로 단기 하락 리스크 낮음.""}]}"
chunk_001_2026-02-27_2026-03-06,2026-03-06,10,A011,"[2542, 2543, 2527, 2534, 2531]",2542,삼성전자 실적 전망 및 매수 타이밍에 대한 고민,analysis,like,[],null
chunk_001_2026-02-27_2026-03-06,2026-03-06,10,A011,"[2542, 2543, 2527, 2534, 2531]",2543,"삼성전자, 내재가치는 여전하지만 단기 리스크 주의 필요",analysis,like,[],null
chunk_001_2026-02-27_2026-03-06,2026-03-06,10,A011,"[2542, 2543, 2527, 2534, 2531]",2527,오늘 삼성전자 1주 매도했습니다.,trade_share,unlike,"[""상위 수익자"", ""자산가""]",null
chunk_001_2026-02-27_2026-03-06,2026-03-06,10,A011,"[2542, 2543, 2527, 2534, 2531]",2534,[매수 공유] 갤럭시 S26 호조와 메모리 슈퍼사이클에 힘입어,trade_share,unlike,[],null
chunk_001_2026-02-27_2026-03-06,2026-03-06,10,A011,"[2542, 2543, 2527, 2534, 2531]",2531,[매수] 삼성전자 50주 추가 매수했습니다!,trade_share,like,[],null
chunk_001_2026-02-27_2026-03-06,2026-03-06,10,A012,"[2529, 2533, 2542, 2543, 2536]",2529,삼성전자 매수했습니다!,trade_share,unlike,"[""커뮤니티 인플루언서""]",null
chunk_001_2026-02-27_2026-03-06,2026-03-06,10,A012,"[2529, 2533, 2542, 2543, 2536]",2533,오늘 삼성전자 추가 매수했습니다!,trade_share,unlike,"[""커뮤니티 인플루언서""]",null
chunk_001_2026-02-27_2026-03-06,2026-03-06,10,A012,"[2529, 2533, 2542, 2543, 2536]",2542,삼성전자 실적 전망 및 매수 타이밍에 대한 고민,analysis,like,[],null
chunk_001_2026-02-27_2026-03-06,2026-03-06,10,A012,"[2529, 2533, 2542, 2543, 2536]",2543,"삼성전자, 내재가치는 여전하지만 단기 리스크 주의 필요",analysis,like,[],null
chunk_001_2026-02-27_2026-03-06,2026-03-06,10,A012,"[2529, 2533, 2542, 2543, 2536]",2536,S26와 메모리 슈퍼사이클로 인한 삼성전자 내재가치 확신 강화,analysis,read,[],null
chunk_001_2026-02-27_2026-03-06,2026-03-06,10,A015,"[2528, 2531, 2534, 2543, 2546]",2528,오늘 삼성전자 소량 매수했습니다,trade_share,read,[],"{""portfolio_summary"": {""state_id"": ""ps_A004_t010"", ""agent_id"": ""A004"", ""turn"": 10, ""date"": ""2026-03-06"", ""cash"": 682300.0, ""positions"": ""[{\""stock_code\"": \""005930\"", \""quantity\"": 477, \""avg_cost\"": 208135.83147060592, \""current_price\"": 188200.0, \""unrealized_pnl\"": -9509391.611479022, \""unrealized_pnl_rate\"": -0.09578279400402694}]"", ""total_value"": 90453700.0, ""realized_pnl"": -36908.38852097129, ""total_return_rate"": -0.095463, ""updated_at"": ""2026-07-14 18:11:11""}, ""recent_trades"": [{""turn"": 10, ""date"": ""2026-03-06"", ""action"": ""buy"", ""stock_code"": ""005930"", ""quantity"": 3, ""executed_price"": 188200.0, ""trade_value"": 564600.0, ""status"": ""filled"", ""filled_quantity"": 3, ""action_reason"": ""중장기 AI 수요와 실적 호조로 반등 가능성은 있으나, 단기 기술적 약세와 현금 부족으로 소량 매수에 그칩니다. 손실 회복 욕구로 평균 단가 하향이 필요하며, 현재 현금으로 가능한 최대 수량인 3 주를 매수합니다.""}, {""turn"": 9, ""date"": ""2026-03-06"", ""action"": ""buy"", ""stock_code"": ""005930"", ""quantity"": 6, ""executed_price"": 186100.0, ""trade_value"": 1116600.0, ""status"": ""filled"", ""filled_quantity"": 6, ""action_reason"": ""MA20 지지선 (181,735 원) 부근에서 기술적 반등 기대와 손실 구간에서의 추가 매수 욕구 (처분효과) 로 매수 결정. 거래량 감소로 매도 압력 소진 가능성 확인.""}, {""turn"": 8, ""date"": ""2026-03-05"", ""action"": ""buy"", ""stock_code"": ""005930"", ""quantity"": 11, ""executed_price"": 191600.0, ""trade_value"": 2107600.0, ""status"": ""filled"", ""filled_quantity"": 11, ""action_reason"": ""MA20 지지선 회복과 시장 반등 신호에 따라 손실 구간에서 평균 매수 단가 하향을 위한 매수. 뉴스 헤드라인의 긍정적 흐름과 기술적 반등 국면을 반영.""}]}"
chunk_001_2026-02-27_2026-03-06,2026-03-06,10,A015,"[2528, 2531, 2534, 2543, 2546]",2531,[매수] 삼성전자 50주 추가 매수했습니다!,trade_share,like,[],"{""portfolio_summary"": {""state_id"": ""ps_A007_t010"", ""agent_id"": ""A007"", ""turn"": 10, ""date"": ""2026-03-06"", ""cash"": 34382000.0, ""positions"": ""[{\""stock_code\"": \""005930\"", \""quantity\"": 300, \""avg_cost\"": 191250.0, \""current_price\"": 188200.0, \""unrealized_pnl\"": -915000.0, \""unrealized_pnl_rate\"": -0.015947712418300654}]"", ""total_value"": 90842000.0, ""realized_pnl"": -8242999.999999996, ""total_return_rate"": -0.09158, ""updated_at"": ""2026-07-14 18:11:11""}, ""recent_trades"": [{""turn"": 10, ""date"": ""2026-03-06"", ""action"": ""buy"", ""stock_code"": ""005930"", ""quantity"": 50, ""executed_price"": 188200.0, ""trade_value"": 9410000.0, ""status"": ""filled"", ""filled_quantity"": 50, ""action_reason"": ""MA20 지지선 부근의 저평가 구간이며, S26 예약 물량 호조와 AI 슈퍼사이클로 중기 우상향 흐름이 유지될 것으로 판단하여 가치 투자 원칙에 따라 매수합니다.""}, {""turn"": 9, ""date"": ""2026-03-06"", ""action"": ""buy"", ""stock_code"": ""005930"", ""quantity"": 50, ""executed_price"": 186100.0, ""trade_value"": 9305000.0, ""status"": ""filled"", ""filled_quantity"": 50, ""action_reason"": ""내재가치 매력과 MA20 지지선 부근의 저평가 구간을 매수 기회로 판단. 파업 리스크는 단기 변동성 요인이나 중장기 우상향 흐름 유지. 현금 비중 58%로 추가 매수 여력 충분.""}, {""turn"": 8, ""date"": ""2026-03-05"", ""action"": ""buy"", ""stock_code"": ""005930"", ""quantity"": 100, ""executed_price"": 191600.0, ""trade_value"": 19160000.0, ""status"": ""filled"", ""filled_quantity"": 100, ""action_reason"": ""밸류에이션 매력 확인 및 중장기 우상향 흐름 유지. 매수 단가 대비 현재가 하락으로 저평가 구간 진입 기회로 판단.""}]}"
chunk_001_2026-02-27_2026-03-06,2026-03-06,10,A015,"[2528, 2531, 2534, 2543, 2546]",2534,[매수 공유] 갤럭시 S26 호조와 메모리 슈퍼사이클에 힘입어,trade_share,read,[],"{""portfolio_summary"": {""state_id"": ""ps_A008_t010"", ""agent_id"": ""A008"", ""turn"": 10, ""date"": ""2026-03-06"", ""cash"": 739300.0, ""positions"": ""[{\""stock_code\"": \""005930\"", \""quantity\"": 474, \""avg_cost\"": 208701.16834619292, \""current_price\"": 188200.0, \""unrealized_pnl\"": -9717553.796095444, \""unrealized_pnl_rate\"": -0.098232168553008}]"", ""total_value"": 89946100.0, ""realized_pnl"": -336346.2039045552, ""total_return_rate"": -0.100539, ""updated_at"": ""2026-07-14 18:11:11""}, ""recent_trades"": [{""turn"": 10, ""date"": ""2026-03-06"", ""action"": ""buy"", ""stock_code"": ""005930"", ""quantity"": 2, ""executed_price"": 188200.0, ""trade_value"": 376400.0, ""status"": ""filled"", ""filled_quantity"": 2, ""action_reason"": ""갤럭시 S26 호조와 메모리 슈퍼사이클 등 펀더멘털 호재가 MA20 지지선과 맞물려 매수 기회로 판단. 현금 여력이 제한적이므로 최대 허용 범위 내에서 저가 매수 시도.""}, {""turn"": 9, ""date"": ""2026-03-06"", ""action"": ""buy"", ""stock_code"": ""005930"", ""quantity"": 5, ""executed_price"": 186100.0, ""trade_value"": 930500.0, ""status"": ""filled"", ""filled_quantity"": 5, ""action_reason"": ""노사 파업 리스크와 기술적 하방 압력이 존재하나, MA20 지지선 부근의 저가 매수 기회 (dim_2) 로 판단하여 고위험 성향에 따라 제한적 매수합니다.""}, {""turn"": 8, ""date"": ""2026-03-05"", ""action"": ""buy"", ""stock_code"": ""005930"", ""quantity"": 10, ""executed_price"": 191600.0, ""trade_value"": 1916000.0, ""status"": ""filled"", ""filled_quantity"": 10, ""action_reason"": ""단기 반등 추세 (MA20 회복) 가 확인되었으나 거래량 부진으로 변동성 주의. 손실 회복 (-6.92%) 을 위한 기회로 판단하여 고위험 선호 성향에 따라 매수합니다.""}]}"
chunk_001_2026-02-27_2026-03-06,2026-03-06,10,A015,"[2528, 2531, 2534, 2543, 2546]",2543,"삼성전자, 내재가치는 여전하지만 단기 리스크 주의 필요",analysis,like,[],"{""portfolio_summary"": {""state_id"": ""ps_A022_t010"", ""agent_id"": ""A022"", ""turn"": 10, ""date"": ""2026-03-06"", ""cash"": 9306700.0, ""positions"": ""[{\""stock_code\"": \""005930\"", \""quantity\"": 432, \""avg_cost\"": 208531.0533570387, \""current_price\"": 188200.0, \""unrealized_pnl\"": -8783015.050240722, \""unrealized_pnl_rate\"": -0.0974965264392957}]"", ""total_value"": 90609100.0, ""realized_pnl"": -607884.9497592843, ""total_return_rate"": -0.093909, ""updated_at"": ""2026-07-14 18:11:11""}, ""recent_trades"": [{""turn"": 10, ""date"": ""2026-03-06"", ""action"": ""sell"", ""stock_code"": ""005930"", ""quantity"": 10, ""executed_price"": 188200.0, ""trade_value"": 1882000.0, ""status"": ""filled"", ""filled_quantity"": 10, ""action_reason"": ""내재가치는 유효하나 단기 거시 리스크와 기술적 약세로 인해 신중한 접근이 필요합니다. 커뮤니티의 신중한 분위기와 제 위험 회피 성향에 따라 추가 매수를 자제하고, 현금 확보를 통해 변동성 대응 여력을 확보합니다.""}, {""turn"": 9, ""date"": ""2026-03-06"", ""action"": ""sell"", ""stock_code"": ""005930"", ""quantity"": 10, ""executed_price"": 186100.0, ""trade_value"": 1861000.0, ""status"": ""filled"", ""filled_quantity"": 10, ""action_reason"": ""현금 비중이 6% 수준으로 낮아 추가 매수 여력이 부족하며, 노조 파업 리스크로 변동성 우려가 커짐. 현금 확보를 위해 일부 매도.""}, {""turn"": 8, ""date"": ""2026-03-05"", ""action"": ""buy"", ""stock_code"": ""005930"", ""quantity"": 20, ""executed_price"": 191600.0, ""trade_value"": 3832000.0, ""status"": ""filled"", ""filled_quantity"": 20, ""action_reason"": ""전쟁 리스크 완화 및 내재가치 저평가 구간 지속 확인.昨日 매도 후 확보된 현금으로 평균 매수 단가 하향 조정 필요. MA20 지지선 유지로 단기 하락 리스크 낮음.""}]}"
chunk_001_2026-02-27_2026-03-06,2026-03-06,10,A015,"[2528, 2531, 2534, 2543, 2546]",2546,오늘 삼성전자 매수했습니다!,trade_share,unlike,[],"{""portfolio_summary"": {""state_id"": ""ps_A026_t010"", ""agent_id"": ""A026"", ""turn"": 10, ""date"": ""2026-03-06"", ""cash"": 867000.0, ""positions"": ""[{\""stock_code\"": \""005930\"", \""quantity\"": 477, \""avg_cost\"": 207624.7940284955, \""current_price\"": 188200.0, \""unrealized_pnl\"": -9265626.751592351, \""unrealized_pnl_rate\"": -0.09355719830758524}]"", ""total_value"": 90638400.0, ""realized_pnl"": -95973.24840764329, ""total_return_rate"": -0.093616, ""updated_at"": ""2026-07-14 18:11:11""}, ""recent_trades"": [{""turn"": 10, ""date"": ""2026-03-06"", ""action"": ""buy"", ""stock_code"": ""005930"", ""quantity"": 4, ""executed_price"": 188200.0, ""trade_value"": 752800.0, ""status"": ""filled"", ""filled_quantity"": 4, ""action_reason"": ""MA20 지지선 부근에서 저평가 구간으로 판단되어, 현금 부족 상황에서도 평균 매수 단가 하향을 위해 최대 매수 수량으로 매수합니다. 갤럭시 S26 호조와 메모리 슈퍼사이클 등 펀더멘털이 하방 경직성을 보장합니다.""}, {""turn"": 9, ""date"": ""2026-03-06"", ""action"": ""buy"", ""stock_code"": ""005930"", ""quantity"": 8, ""executed_price"": 186100.0, ""trade_value"": 1488800.0, ""status"": ""filled"", ""filled_quantity"": 8, ""action_reason"": ""Belief 에 따르면 수출 호조로 저평가 구간이며 MA20 지지선 부근에서 반등 가능성이 있습니다. 현금 부족으로 평균 단가 하향이 시급하여 제한적으로 매수합니다.""}, {""turn"": 8, ""date"": ""2026-03-05"", ""action"": ""sell"", ""stock_code"": ""005930"", ""quantity"": 5, ""executed_price"": 191600.0, ""trade_value"": 958000.0, ""status"": ""filled"", ""filled_quantity"": 5, ""action_reason"": ""포트폴리오 현금 부족 (215 만 원) 으로 인한 유동성 리스크 관리 필요. 기술적 MA5 저항선 부근에서 단기 조정 가능성과 SK 하이닉스 경쟁 악재를 고려해 현금 확보를 통한 MA20 지지선 대응 준비.""}]}"
chunk_001_2026-02-27_2026-03-06,2026-03-06,10,A013,"[2529, 2534, 2542, 2543, 2536]",2529,삼성전자 매수했습니다!,trade_share,unlike,"[""커뮤니티 인플루언서""]",null
chunk_001_2026-02-27_2026-03-06,2026-03-06,10,A013,"[2529, 2534, 2542, 2543, 2536]",2534,[매수 공유] 갤럭시 S26 호조와 메모리 슈퍼사이클에 힘입어,trade_share,unlike,[],null
chunk_001_2026-02-27_2026-03-06,2026-03-06,10,A013,"[2529, 2534, 2542, 2543, 2536]",2542,삼성전자 실적 전망 및 매수 타이밍에 대한 고민,analysis,like,[],null
chunk_001_2026-02-27_2026-03-06,2026-03-06,10,A013,"[2529, 2534, 2542, 2543, 2536]",2543,"삼성전자, 내재가치는 여전하지만 단기 리스크 주의 필요",analysis,like,[],null
chunk_001_2026-02-27_2026-03-06,2026-03-06,10,A013,"[2529, 2534, 2542, 2543, 2536]",2536,S26와 메모리 슈퍼사이클로 인한 삼성전자 내재가치 확신 강화,analysis,read,[],null
chunk_001_2026-02-27_2026-03-06,2026-03-06,10,A014,"[2528, 2534, 2542, 2543, 2529]",2528,오늘 삼성전자 소량 매수했습니다,trade_share,read,[],null
chunk_001_2026-02-27_2026-03-06,2026-03-06,10,A014,"[2528, 2534, 2542, 2543, 2529]",2534,[매수 공유] 갤럭시 S26 호조와 메모리 슈퍼사이클에 힘입어,trade_share,unlike,[],null
chunk_001_2026-02-27_2026-03-06,2026-03-06,10,A014,"[2528, 2534, 2542, 2543, 2529]",2542,삼성전자 실적 전망 및 매수 타이밍에 대한 고민,analysis,like,[],null
chunk_001_2026-02-27_2026-03-06,2026-03-06,10,A014,"[2528, 2534, 2542, 2543, 2529]",2543,"삼성전자, 내재가치는 여전하지만 단기 리스크 주의 필요",analysis,like,[],null
chunk_001_2026-02-27_2026-03-06,2026-03-06,10,A014,"[2528, 2534, 2542, 2543, 2529]",2529,삼성전자 매수했습니다!,trade_share,unlike,"[""커뮤니티 인플루언서""]",null
chunk_001_2026-02-27_2026-03-06,2026-03-06,10,A020,"[2528, 2534, 2542, 2543]",2528,오늘 삼성전자 소량 매수했습니다,trade_share,like,[],"{""portfolio_summary"": {""state_id"": ""ps_A004_t010"", ""agent_id"": ""A004"", ""turn"": 10, ""date"": ""2026-03-06"", ""cash"": 682300.0, ""positions"": ""[{\""stock_code\"": \""005930\"", \""quantity\"": 477, \""avg_cost\"": 208135.83147060592, \""current_price\"": 188200.0, \""unrealized_pnl\"": -9509391.611479022, \""unrealized_pnl_rate\"": -0.09578279400402694}]"", ""total_value"": 90453700.0, ""realized_pnl"": -36908.38852097129, ""total_return_rate"": -0.095463, ""updated_at"": ""2026-07-14 18:11:11""}, ""recent_trades"": [{""turn"": 10, ""date"": ""2026-03-06"", ""action"": ""buy"", ""stock_code"": ""005930"", ""quantity"": 3, ""executed_price"": 188200.0, ""trade_value"": 564600.0, ""status"": ""filled"", ""filled_quantity"": 3, ""action_reason"": ""중장기 AI 수요와 실적 호조로 반등 가능성은 있으나, 단기 기술적 약세와 현금 부족으로 소량 매수에 그칩니다. 손실 회복 욕구로 평균 단가 하향이 필요하며, 현재 현금으로 가능한 최대 수량인 3 주를 매수합니다.""}, {""turn"": 9, ""date"": ""2026-03-06"", ""action"": ""buy"", ""stock_code"": ""005930"", ""quantity"": 6, ""executed_price"": 186100.0, ""trade_value"": 1116600.0, ""status"": ""filled"", ""filled_quantity"": 6, ""action_reason"": ""MA20 지지선 (181,735 원) 부근에서 기술적 반등 기대와 손실 구간에서의 추가 매수 욕구 (처분효과) 로 매수 결정. 거래량 감소로 매도 압력 소진 가능성 확인.""}, {""turn"": 8, ""date"": ""2026-03-05"", ""action"": ""buy"", ""stock_code"": ""005930"", ""quantity"": 11, ""executed_price"": 191600.0, ""trade_value"": 2107600.0, ""status"": ""filled"", ""filled_quantity"": 11, ""action_reason"": ""MA20 지지선 회복과 시장 반등 신호에 따라 손실 구간에서 평균 매수 단가 하향을 위한 매수. 뉴스 헤드라인의 긍정적 흐름과 기술적 반등 국면을 반영.""}]}"
chunk_001_2026-02-27_2026-03-06,2026-03-06,10,A020,"[2528, 2534, 2542, 2543]",2534,[매수 공유] 갤럭시 S26 호조와 메모리 슈퍼사이클에 힘입어,trade_share,unlike,[],"{""portfolio_summary"": {""state_id"": ""ps_A008_t010"", ""agent_id"": ""A008"", ""turn"": 10, ""date"": ""2026-03-06"", ""cash"": 739300.0, ""positions"": ""[{\""stock_code\"": \""005930\"", \""quantity\"": 474, \""avg_cost\"": 208701.16834619292, \""current_price\"": 188200.0, \""unrealized_pnl\"": -9717553.796095444, \""unrealized_pnl_rate\"": -0.098232168553008}]"", ""total_value"": 89946100.0, ""realized_pnl"": -336346.2039045552, ""total_return_rate"": -0.100539, ""updated_at"": ""2026-07-14 18:11:11""}, ""recent_trades"": [{""turn"": 10, ""date"": ""2026-03-06"", ""action"": ""buy"", ""stock_code"": ""005930"", ""quantity"": 2, ""executed_price"": 188200.0, ""trade_value"": 376400.0, ""status"": ""filled"", ""filled_quantity"": 2, ""action_reason"": ""갤럭시 S26 호조와 메모리 슈퍼사이클 등 펀더멘털 호재가 MA20 지지선과 맞물려 매수 기회로 판단. 현금 여력이 제한적이므로 최대 허용 범위 내에서 저가 매수 시도.""}, {""turn"": 9, ""date"": ""2026-03-06"", ""action"": ""buy"", ""stock_code"": ""005930"", ""quantity"": 5, ""executed_price"": 186100.0, ""trade_value"": 930500.0, ""status"": ""filled"", ""filled_quantity"": 5, ""action_reason"": ""노사 파업 리스크와 기술적 하방 압력이 존재하나, MA20 지지선 부근의 저가 매수 기회 (dim_2) 로 판단하여 고위험 성향에 따라 제한적 매수합니다.""}, {""turn"": 8, ""date"": ""2026-03-05"", ""action"": ""buy"", ""stock_code"": ""005930"", ""quantity"": 10, ""executed_price"": 191600.0, ""trade_value"": 1916000.0, ""status"": ""filled"", ""filled_quantity"": 10, ""action_reason"": ""단기 반등 추세 (MA20 회복) 가 확인되었으나 거래량 부진으로 변동성 주의. 손실 회복 (-6.92%) 을 위한 기회로 판단하여 고위험 선호 성향에 따라 매수합니다.""}]}"
chunk_001_2026-02-27_2026-03-06,2026-03-06,10,A020,"[2528, 2534, 2542, 2543]",2542,삼성전자 실적 전망 및 매수 타이밍에 대한 고민,analysis,like,[],"{""portfolio_summary"": {""state_id"": ""ps_A015_t010"", ""agent_id"": ""A015"", ""turn"": 10, ""date"": ""2026-03-06"", ""cash"": 14195000.0, ""positions"": ""[{\""stock_code\"": \""005930\"", \""quantity\"": 407, \""avg_cost\"": 202256.32195665268, \""current_price\"": 188200.0, \""unrealized_pnl\"": -5720923.036357641, \""unrealized_pnl_rate\"": -0.06949756536987366}]"", ""total_value"": 90792400.0, ""realized_pnl"": -3486676.963642356, ""total_return_rate"": -0.092076, ""updated_at"": ""2026-07-14 18:11:11""}, ""recent_trades"": [{""turn"": 10, ""date"": ""2026-03-06"", ""action"": ""sell"", ""stock_code"": ""005930"", ""quantity"": 10, ""executed_price"": 188200.0, ""trade_value"": 1882000.0, ""status"": ""filled"", ""filled_quantity"": 10, ""action_reason"": ""매수 타이밍 보류 및 현금 비중 관리 필요에 따라 소량 매도합니다. 실적 호조 기대는 유지하나 단기 변동성 대비 현금 확보를 우선합니다.""}, {""turn"": 9, ""date"": ""2026-03-06"", ""action"": ""buy"", ""stock_code"": ""005930"", ""quantity"": 40, ""executed_price"": 186100.0, ""trade_value"": 7444000.0, ""status"": ""filled"", ""filled_quantity"": 40, ""action_reason"": ""가치 투자 관점에서 현재 주가가 평균 매수 단가 대비 9% 할인된 저평가 구간이며, 악재 없는 조정 국면이므로 매수 기회로 판단. MA20 지지선 유지 여부에 따라 추가 매수 여부 결정.""}, {""turn"": 8, ""date"": ""2026-03-05"", ""action"": ""buy"", ""stock_code"": ""005930"", ""quantity"": 15, ""executed_price"": 191600.0, ""trade_value"": 2874000.0, ""status"": ""filled"", ""filled_quantity"": 15, ""action_reason"": ""가치 투자 관점에서 저평가 구간 진입 및 메모리 업황 안정성은 매수 기회로 해석. 현재가 (191,600 원) 가 평균 매수 단가 (204,483 원) 보다 낮아 추가 매수를 통해 평균 단가 하향 효과 기대. 다만, 단기 급등세와 거래량 부재로 인한 조정 리스크를 고려하여 제한적 매수.""}]}"
chunk_001_2026-02-27_2026-03-06,2026-03-06,10,A020,"[2528, 2534, 2542, 2543]",2543,"삼성전자, 내재가치는 여전하지만 단기 리스크 주의 필요",analysis,unlike,[],"{""portfolio_summary"": {""state_id"": ""ps_A022_t010"", ""agent_id"": ""A022"", ""turn"": 10, ""date"": ""2026-03-06"", ""cash"": 9306700.0, ""positions"": ""[{\""stock_code\"": \""005930\"", \""quantity\"": 432, \""avg_cost\"": 208531.0533570387, \""current_price\"": 188200.0, \""unrealized_pnl\"": -8783015.050240722, \""unrealized_pnl_rate\"": -0.0974965264392957}]"", ""total_value"": 90609100.0, ""realized_pnl"": -607884.9497592843, ""total_return_rate"": -0.093909, ""updated_at"": ""2026-07-14 18:11:11""}, ""recent_trades"": [{""turn"": 10, ""date"": ""2026-03-06"", ""action"": ""sell"", ""stock_code"": ""005930"", ""quantity"": 10, ""executed_price"": 188200.0, ""trade_value"": 1882000.0, ""status"": ""filled"", ""filled_quantity"": 10, ""action_reason"": ""내재가치는 유효하나 단기 거시 리스크와 기술적 약세로 인해 신중한 접근이 필요합니다. 커뮤니티의 신중한 분위기와 제 위험 회피 성향에 따라 추가 매수를 자제하고, 현금 확보를 통해 변동성 대응 여력을 확보합니다.""}, {""turn"": 9, ""date"": ""2026-03-06"", ""action"": ""sell"", ""stock_code"": ""005930"", ""quantity"": 10, ""executed_price"": 186100.0, ""trade_value"": 1861000.0, ""status"": ""filled"", ""filled_quantity"": 10, ""action_reason"": ""현금 비중이 6% 수준으로 낮아 추가 매수 여력이 부족하며, 노조 파업 리스크로 변동성 우려가 커짐. 현금 확보를 위해 일부 매도.""}, {""turn"": 8, ""date"": ""2026-03-05"", ""action"": ""buy"", ""stock_code"": ""005930"", ""quantity"": 20, ""executed_price"": 191600.0, ""trade_value"": 3832000.0, ""status"": ""filled"", ""filled_quantity"": 20, ""action_reason"": ""전쟁 리스크 완화 및 내재가치 저평가 구간 지속 확인.昨日 매도 후 확보된 현금으로 평균 매수 단가 하향 조정 필요. MA20 지지선 유지로 단기 하락 리스크 낮음.""}]}"
chunk_001_2026-02-27_2026-03-06,2026-03-06,10,A019,"[2529, 2542, 2543, 2534, 2527]",2529,삼성전자 매수했습니다!,trade_share,unlike,"[""커뮤니티 인플루언서""]",null
chunk_001_2026-02-27_2026-03-06,2026-03-06,10,A019,"[2529, 2542, 2543, 2534, 2527]",2542,삼성전자 실적 전망 및 매수 타이밍에 대한 고민,analysis,like,[],null
chunk_001_2026-02-27_2026-03-06,2026-03-06,10,A019,"[2529, 2542, 2543, 2534, 2527]",2543,"삼성전자, 내재가치는 여전하지만 단기 리스크 주의 필요",analysis,like,[],null
chunk_001_2026-02-27_2026-03-06,2026-03-06,10,A019,"[2529, 2542, 2543, 2534, 2527]",2534,[매수 공유] 갤럭시 S26 호조와 메모리 슈퍼사이클에 힘입어,trade_share,unlike,[],null
chunk_001_2026-02-27_2026-03-06,2026-03-06,10,A019,"[2529, 2542, 2543, 2534, 2527]",2527,오늘 삼성전자 1주 매도했습니다.,trade_share,read,"[""상위 수익자"", ""자산가""]",null
chunk_001_2026-02-27_2026-03-06,2026-03-06,10,A022,"[2528, 2534, 2542, 2536, 2529]",2528,오늘 삼성전자 소량 매수했습니다,trade_share,read,[],null
chunk_001_2026-02-27_2026-03-06,2026-03-06,10,A022,"[2528, 2534, 2542, 2536, 2529]",2534,[매수 공유] 갤럭시 S26 호조와 메모리 슈퍼사이클에 힘입어,trade_share,unlike,[],null
chunk_001_2026-02-27_2026-03-06,2026-03-06,10,A022,"[2528, 2534, 2542, 2536, 2529]",2542,삼성전자 실적 전망 및 매수 타이밍에 대한 고민,analysis,like,[],null
chunk_001_2026-02-27_2026-03-06,2026-03-06,10,A022,"[2528, 2534, 2542, 2536, 2529]",2536,S26와 메모리 슈퍼사이클로 인한 삼성전자 내재가치 확신 강화,analysis,unlike,[],null
chunk_001_2026-02-27_2026-03-06,2026-03-06,10,A022,"[2528, 2534, 2542, 2536, 2529]",2529,삼성전자 매수했습니다!,trade_share,unlike,"[""커뮤니티 인플루언서""]",null
chunk_001_2026-02-27_2026-03-06,2026-03-06,10,A017,"[2529, 2534, 2542, 2543, 2528, 2531, 2536, 2530, 2535, 2541]",2529,삼성전자 매수했습니다!,trade_share,read,"[""커뮤니티 인플루언서""]","{""portfolio_summary"": {""state_id"": ""ps_A005_t010"", ""agent_id"": ""A005"", ""turn"": 10, ""date"": ""2026-03-06"", ""cash"": 1910800.0, ""positions"": ""[{\""stock_code\"": \""005930\"", \""quantity\"": 470, \""avg_cost\"": 206740.44114776497, \""current_price\"": 188200.0, \""unrealized_pnl\"": -8714007.339449536, \""unrealized_pnl_rate\"": -0.08967979871201608}]"", ""total_value"": 90364800.0, ""realized_pnl"": -921192.6605504588, ""total_return_rate"": -0.096352, ""updated_at"": ""2026-07-14 18:11:11""}, ""recent_trades"": [{""turn"": 10, ""date"": ""2026-03-06"", ""action"": ""buy"", ""stock_code"": ""005930"", ""quantity"": 10, ""executed_price"": 188200.0, ""trade_value"": 1882000.0, ""status"": ""filled"", ""filled_quantity"": 10, ""action_reason"": ""갤럭시 S26 호조와 메모리 슈퍼사이클로 펀더멘털이 강화되어 현재 주가 (188,200 원) 가 내재가치 대비 저평가 구간으로 판단됩니다. 현금 여력이 제한적이지만, 가치 투자 논리에 따라 매수 기회를 포착합니다.""}, {""turn"": 9, ""date"": ""2026-03-06"", ""action"": ""buy"", ""stock_code"": ""005930"", ""quantity"": 10, ""executed_price"": 186100.0, ""trade_value"": 1861000.0, ""status"": ""filled"", ""filled_quantity"": 10, ""action_reason"": ""내재가치 저평가 구간이나 노사 분쟁으로 단기 변동성 우려. 현금 보유액이 적어 추가 대응 여력을 확보하기 위해 제한적으로 매수.""}, {""turn"": 8, ""date"": ""2026-03-05"", ""action"": ""buy"", ""stock_code"": ""005930"", ""quantity"": 29, ""executed_price"": 191600.0, ""trade_value"": 5556400.0, ""status"": ""filled"", ""filled_quantity"": 29, ""action_reason"": ""내재가치 대비 저평가 구간 유지 및 메모리 슈퍼사이클 회복 기대감으로 매수 매력이 있습니다. MA5 저항선 직전이지만 중기적 반등 가능성을 고려해 제한적으로 매수합니다.""}]}"
chunk_001_2026-02-27_2026-03-06,2026-03-06,10,A017,"[2529, 2534, 2542, 2543, 2528, 2531, 2536, 2530, 2535, 2541]",2534,[매수 공유] 갤럭시 S26 호조와 메모리 슈퍼사이클에 힘입어,trade_share,read,[],"{""portfolio_summary"": {""state_id"": ""ps_A008_t010"", ""agent_id"": ""A008"", ""turn"": 10, ""date"": ""2026-03-06"", ""cash"": 739300.0, ""positions"": ""[{\""stock_code\"": \""005930\"", \""quantity\"": 474, \""avg_cost\"": 208701.16834619292, \""current_price\"": 188200.0, \""unrealized_pnl\"": -9717553.796095444, \""unrealized_pnl_rate\"": -0.098232168553008}]"", ""total_value"": 89946100.0, ""realized_pnl"": -336346.2039045552, ""total_return_rate"": -0.100539, ""updated_at"": ""2026-07-14 18:11:11""}, ""recent_trades"": [{""turn"": 10, ""date"": ""2026-03-06"", ""action"": ""buy"", ""stock_code"": ""005930"", ""quantity"": 2, ""executed_price"": 188200.0, ""trade_value"": 376400.0, ""status"": ""filled"", ""filled_quantity"": 2, ""action_reason"": ""갤럭시 S26 호조와 메모리 슈퍼사이클 등 펀더멘털 호재가 MA20 지지선과 맞물려 매수 기회로 판단. 현금 여력이 제한적이므로 최대 허용 범위 내에서 저가 매수 시도.""}, {""turn"": 9, ""date"": ""2026-03-06"", ""action"": ""buy"", ""stock_code"": ""005930"", ""quantity"": 5, ""executed_price"": 186100.0, ""trade_value"": 930500.0, ""status"": ""filled"", ""filled_quantity"": 5, ""action_reason"": ""노사 파업 리스크와 기술적 하방 압력이 존재하나, MA20 지지선 부근의 저가 매수 기회 (dim_2) 로 판단하여 고위험 성향에 따라 제한적 매수합니다.""}, {""turn"": 8, ""date"": ""2026-03-05"", ""action"": ""buy"", ""stock_code"": ""005930"", ""quantity"": 10, ""executed_price"": 191600.0, ""trade_value"": 1916000.0, ""status"": ""filled"", ""filled_quantity"": 10, ""action_reason"": ""단기 반등 추세 (MA20 회복) 가 확인되었으나 거래량 부진으로 변동성 주의. 손실 회복 (-6.92%) 을 위한 기회로 판단하여 고위험 선호 성향에 따라 매수합니다.""}]}"
chunk_001_2026-02-27_2026-03-06,2026-03-06,10,A017,"[2529, 2534, 2542, 2543, 2528, 2531, 2536, 2530, 2535, 2541]",2542,삼성전자 실적 전망 및 매수 타이밍에 대한 고민,analysis,like,[],"{""portfolio_summary"": {""state_id"": ""ps_A015_t010"", ""agent_id"": ""A015"", ""turn"": 10, ""date"": ""2026-03-06"", ""cash"": 14195000.0, ""positions"": ""[{\""stock_code\"": \""005930\"", \""quantity\"": 407, \""avg_cost\"": 202256.32195665268, \""current_price\"": 188200.0, \""unrealized_pnl\"": -5720923.036357641, \""unrealized_pnl_rate\"": -0.06949756536987366}]"", ""total_value"": 90792400.0, ""realized_pnl"": -3486676.963642356, ""total_return_rate"": -0.092076, ""updated_at"": ""2026-07-14 18:11:11""}, ""recent_trades"": [{""turn"": 10, ""date"": ""2026-03-06"", ""action"": ""sell"", ""stock_code"": ""005930"", ""quantity"": 10, ""executed_price"": 188200.0, ""trade_value"": 1882000.0, ""status"": ""filled"", ""filled_quantity"": 10, ""action_reason"": ""매수 타이밍 보류 및 현금 비중 관리 필요에 따라 소량 매도합니다. 실적 호조 기대는 유지하나 단기 변동성 대비 현금 확보를 우선합니다.""}, {""turn"": 9, ""date"": ""2026-03-06"", ""action"": ""buy"", ""stock_code"": ""005930"", ""quantity"": 40, ""executed_price"": 186100.0, ""trade_value"": 7444000.0, ""status"": ""filled"", ""filled_quantity"": 40, ""action_reason"": ""가치 투자 관점에서 현재 주가가 평균 매수 단가 대비 9% 할인된 저평가 구간이며, 악재 없는 조정 국면이므로 매수 기회로 판단. MA20 지지선 유지 여부에 따라 추가 매수 여부 결정.""}, {""turn"": 8, ""date"": ""2026-03-05"", ""action"": ""buy"", ""stock_code"": ""005930"", ""quantity"": 15, ""executed_price"": 191600.0, ""trade_value"": 2874000.0, ""status"": ""filled"", ""filled_quantity"": 15, ""action_reason"": ""가치 투자 관점에서 저평가 구간 진입 및 메모리 업황 안정성은 매수 기회로 해석. 현재가 (191,600 원) 가 평균 매수 단가 (204,483 원) 보다 낮아 추가 매수를 통해 평균 단가 하향 효과 기대. 다만, 단기 급등세와 거래량 부재로 인한 조정 리스크를 고려하여 제한적 매수.""}]}"
chunk_001_2026-02-27_2026-03-06,2026-03-06,10,A017,"[2529, 2534, 2542, 2543, 2528, 2531, 2536, 2530, 2535, 2541]",2543,"삼성전자, 내재가치는 여전하지만 단기 리스크 주의 필요",analysis,like,[],"{""portfolio_summary"": {""state_id"": ""ps_A022_t010"", ""agent_id"": ""A022"", ""turn"": 10, ""date"": ""2026-03-06"", ""cash"": 9306700.0, ""positions"": ""[{\""stock_code\"": \""005930\"", \""quantity\"": 432, \""avg_cost\"": 208531.0533570387, \""current_price\"": 188200.0, \""unrealized_pnl\"": -8783015.050240722, \""unrealized_pnl_rate\"": -0.0974965264392957}]"", ""total_value"": 90609100.0, ""realized_pnl"": -607884.9497592843, ""total_return_rate"": -0.093909, ""updated_at"": ""2026-07-14 18:11:11""}, ""recent_trades"": [{""turn"": 10, ""date"": ""2026-03-06"", ""action"": ""sell"", ""stock_code"": ""005930"", ""quantity"": 10, ""executed_price"": 188200.0, ""trade_value"": 1882000.0, ""status"": ""filled"", ""filled_quantity"": 10, ""action_reason"": ""내재가치는 유효하나 단기 거시 리스크와 기술적 약세로 인해 신중한 접근이 필요합니다. 커뮤니티의 신중한 분위기와 제 위험 회피 성향에 따라 추가 매수를 자제하고, 현금 확보를 통해 변동성 대응 여력을 확보합니다.""}, {""turn"": 9, ""date"": ""2026-03-06"", ""action"": ""sell"", ""stock_code"": ""005930"", ""quantity"": 10, ""executed_price"": 186100.0, ""trade_value"": 1861000.0, ""status"": ""filled"", ""filled_quantity"": 10, ""action_reason"": ""현금 비중이 6% 수준으로 낮아 추가 매수 여력이 부족하며, 노조 파업 리스크로 변동성 우려가 커짐. 현금 확보를 위해 일부 매도.""}, {""turn"": 8, ""date"": ""2026-03-05"", ""action"": ""buy"", ""stock_code"": ""005930"", ""quantity"": 20, ""executed_price"": 191600.0, ""trade_value"": 3832000.0, ""status"": ""filled"", ""filled_quantity"": 20, ""action_reason"": ""전쟁 리스크 완화 및 내재가치 저평가 구간 지속 확인.昨日 매도 후 확보된 현금으로 평균 매수 단가 하향 조정 필요. MA20 지지선 유지로 단기 하락 리스크 낮음.""}]}"
chunk_001_2026-02-27_2026-03-06,2026-03-06,10,A017,"[2529, 2534, 2542, 2543, 2528, 2531, 2536, 2530, 2535, 2541]",2528,오늘 삼성전자 소량 매수했습니다,trade_share,read,[],"{""portfolio_summary"": {""state_id"": ""ps_A004_t010"", ""agent_id"": ""A004"", ""turn"": 10, ""date"": ""2026-03-06"", ""cash"": 682300.0, ""positions"": ""[{\""stock_code\"": \""005930\"", \""quantity\"": 477, \""avg_cost\"": 208135.83147060592, \""current_price\"": 188200.0, \""unrealized_pnl\"": -9509391.611479022, \""unrealized_pnl_rate\"": -0.09578279400402694}]"", ""total_value"": 90453700.0, ""realized_pnl"": -36908.38852097129, ""total_return_rate"": -0.095463, ""updated_at"": ""2026-07-14 18:11:11""}, ""recent_trades"": [{""turn"": 10, ""date"": ""2026-03-06"", ""action"": ""buy"", ""stock_code"": ""005930"", ""quantity"": 3, ""executed_price"": 188200.0, ""trade_value"": 564600.0, ""status"": ""filled"", ""filled_quantity"": 3, ""action_reason"": ""중장기 AI 수요와 실적 호조로 반등 가능성은 있으나, 단기 기술적 약세와 현금 부족으로 소량 매수에 그칩니다. 손실 회복 욕구로 평균 단가 하향이 필요하며, 현재 현금으로 가능한 최대 수량인 3 주를 매수합니다.""}, {""turn"": 9, ""date"": ""2026-03-06"", ""action"": ""buy"", ""stock_code"": ""005930"", ""quantity"": 6, ""executed_price"": 186100.0, ""trade_value"": 1116600.0, ""status"": ""filled"", ""filled_quantity"": 6, ""action_reason"": ""MA20 지지선 (181,735 원) 부근에서 기술적 반등 기대와 손실 구간에서의 추가 매수 욕구 (처분효과) 로 매수 결정. 거래량 감소로 매도 압력 소진 가능성 확인.""}, {""turn"": 8, ""date"": ""2026-03-05"", ""action"": ""buy"", ""stock_code"": ""005930"", ""quantity"": 11, ""executed_price"": 191600.0, ""trade_value"": 2107600.0, ""status"": ""filled"", ""filled_quantity"": 11, ""action_reason"": ""MA20 지지선 회복과 시장 반등 신호에 따라 손실 구간에서 평균 매수 단가 하향을 위한 매수. 뉴스 헤드라인의 긍정적 흐름과 기술적 반등 국면을 반영.""}]}"
chunk_001_2026-02-27_2026-03-06,2026-03-06,10,A017,"[2529, 2534, 2542, 2543, 2528, 2531, 2536, 2530, 2535, 2541]",2531,[매수] 삼성전자 50주 추가 매수했습니다!,trade_share,unlike,[],"{""portfolio_summary"": {""state_id"": ""ps_A007_t010"", ""agent_id"": ""A007"", ""turn"": 10, ""date"": ""2026-03-06"", ""cash"": 34382000.0, ""positions"": ""[{\""stock_code\"": \""005930\"", \""quantity\"": 300, \""avg_cost\"": 191250.0, \""current_price\"": 188200.0, \""unrealized_pnl\"": -915000.0, \""unrealized_pnl_rate\"": -0.015947712418300654}]"", ""total_value"": 90842000.0, ""realized_pnl"": -8242999.999999996, ""total_return_rate"": -0.09158, ""updated_at"": ""2026-07-14 18:11:11""}, ""recent_trades"": [{""turn"": 10, ""date"": ""2026-03-06"", ""action"": ""buy"", ""stock_code"": ""005930"", ""quantity"": 50, ""executed_price"": 188200.0, ""trade_value"": 9410000.0, ""status"": ""filled"", ""filled_quantity"": 50, ""action_reason"": ""MA20 지지선 부근의 저평가 구간이며, S26 예약 물량 호조와 AI 슈퍼사이클로 중기 우상향 흐름이 유지될 것으로 판단하여 가치 투자 원칙에 따라 매수합니다.""}, {""turn"": 9, ""date"": ""2026-03-06"", ""action"": ""buy"", ""stock_code"": ""005930"", ""quantity"": 50, ""executed_price"": 186100.0, ""trade_value"": 9305000.0, ""status"": ""filled"", ""filled_quantity"": 50, ""action_reason"": ""내재가치 매력과 MA20 지지선 부근의 저평가 구간을 매수 기회로 판단. 파업 리스크는 단기 변동성 요인이나 중장기 우상향 흐름 유지. 현금 비중 58%로 추가 매수 여력 충분.""}, {""turn"": 8, ""date"": ""2026-03-05"", ""action"": ""buy"", ""stock_code"": ""005930"", ""quantity"": 100, ""executed_price"": 191600.0, ""trade_value"": 19160000.0, ""status"": ""filled"", ""filled_quantity"": 100, ""action_reason"": ""밸류에이션 매력 확인 및 중장기 우상향 흐름 유지. 매수 단가 대비 현재가 하락으로 저평가 구간 진입 기회로 판단.""}]}"
chunk_001_2026-02-27_2026-03-06,2026-03-06,10,A017,"[2529, 2534, 2542, 2543, 2528, 2531, 2536, 2530, 2535, 2541]",2536,S26와 메모리 슈퍼사이클로 인한 삼성전자 내재가치 확신 강화,analysis,like,[],"{""portfolio_summary"": {""state_id"": ""ps_A011_t010"", ""agent_id"": ""A011"", ""turn"": 10, ""date"": ""2026-03-06"", ""cash"": 2068100.0, ""positions"": ""[{\""stock_code\"": \""005930\"", \""quantity\"": 471, \""avg_cost\"": 205572.997691469, \""current_price\"": 188200.0, \""unrealized_pnl\"": -8182681.912681902, \""unrealized_pnl_rate\"": -0.08451011507621733}]"", ""total_value"": 90710300.0, ""realized_pnl"": -1107018.0873180877, ""total_return_rate"": -0.092897, ""updated_at"": ""2026-07-14 18:11:11""}, ""recent_trades"": [{""turn"": 10, ""date"": ""2026-03-06"", ""action"": ""buy"", ""stock_code"": ""005930"", ""quantity"": 9, ""executed_price"": 188200.0, ""trade_value"": 1693800.0, ""status"": ""filled"", ""filled_quantity"": 9, ""action_reason"": ""갤럭시 S26 호조와 메모리 슈퍼사이클로 내재가치 확신이 있으며, 현재 주가는 MA20 지지선 부근에서 저평가 구간으로 판단됩니다. 커뮤니티의 공포 심리는 역발상 매수 신호이며, 손실률 -10% 수준에서 평균 단가 하향을 통한 가치 회복이 필요합니다.""}, {""turn"": 9, ""date"": ""2026-03-06"", ""action"": ""buy"", ""stock_code"": ""005930"", ""quantity"": 19, ""executed_price"": 186100.0, ""trade_value"": 3535900.0, ""status"": ""filled"", ""filled_quantity"": 19, ""action_reason"": ""반도체 수출 103% 증가로 내재가치 저평가 구간 확인, MA20(181,735 원) 지지선 부근에서 매수 기회로 판단. 미실현손익 -7.82% 이나 가치 투자 관점에서 매도 시점이 아님.""}, {""turn"": 8, ""date"": ""2026-03-05"", ""action"": ""buy"", ""stock_code"": ""005930"", ""quantity"": 38, ""executed_price"": 191600.0, ""trade_value"": 7280800.0, ""status"": ""filled"", ""filled_quantity"": 38, ""action_reason"": ""Belief 에 따르면 11% 급등으로 단기 반등 확인 및 저평가 구간 유지. MA20 지지선 유지로 기술적 우려 완화되어 매수 기회로 판단. 집중 투자 성향에 따라 제한된 현금 범위 내에서 최대 수량 매수.""}]}"
chunk_001_2026-02-27_2026-03-06,2026-03-06,10,A017,"[2529, 2534, 2542, 2543, 2528, 2531, 2536, 2530, 2535, 2541]",2530,삼성전자 추가 매수했습니다!,trade_share,read,[],"{""portfolio_summary"": {""state_id"": ""ps_A003_t010"", ""agent_id"": ""A003"", ""turn"": 10, ""date"": ""2026-03-06"", ""cash"": 3720800.0, ""positions"": ""[{\""stock_code\"": \""005930\"", \""quantity\"": 466, \""avg_cost\"": 206099.48185969752, \""current_price\"": 188200.0, \""unrealized_pnl\"": -8341158.5466190465, \""unrealized_pnl_rate\"": -0.0868487474989511}]"", ""total_value"": 91422000.0, ""realized_pnl"": -236841.45338095824, ""total_return_rate"": -0.08578, ""updated_at"": ""2026-07-14 18:11:11""}, ""recent_trades"": [{""turn"": 10, ""date"": ""2026-03-06"", ""action"": ""buy"", ""stock_code"": ""005930"", ""quantity"": 18, ""executed_price"": 188200.0, ""trade_value"": 3387600.0, ""status"": ""filled"", ""filled_quantity"": 18, ""action_reason"": ""S26 호조와 메모리 슈퍼사이클로 내재가치 대비 저평가 구간이며, 단기 변동성에도 장기 상승 모멘텀이 강해 추가 매수로 평균 단가 하향 및 수익 극대화를 도모합니다.""}, {""turn"": 9, ""date"": ""2026-03-06"", ""action"": ""sell"", ""stock_code"": ""005930"", ""quantity"": 10, ""executed_price"": 186100.0, ""trade_value"": 1861000.0, ""status"": ""filled"", ""filled_quantity"": 10, ""action_reason"": ""포트폴리오 집중도 (94%) 가 높고 노사 분쟁 리스크가 추가되어 단기 변동성 우려가 큽니다. 가치 투자 관점은 유지하되, 리스크 관리 차원에서 현금 유동성을 확보하기 위해 소량 매도합니다.""}, {""turn"": 8, ""date"": ""2026-03-05"", ""action"": ""sell"", ""stock_code"": ""005930"", ""quantity"": 1, ""executed_price"": 191600.0, ""trade_value"": 191600.0, ""status"": ""filled"", ""filled_quantity"": 1, ""action_reason"": ""fallback_decision_after_invalid_llm_output: the model failed to return a valid decision after retry, so the system submitted a minimal valid sell order.""}]}"
chunk_001_2026-02-27_2026-03-06,2026-03-06,10,A017,"[2529, 2534, 2542, 2543, 2528, 2531, 2536, 2530, 2535, 2541]",2535,오늘 삼성전자 3주 추가 매수했습니다!,trade_share,unlike,"[""상위 수익자"", ""자산가""]","{""portfolio_summary"": {""state_id"": ""ps_A013_t010"", ""agent_id"": ""A013"", ""turn"": 10, ""date"": ""2026-03-06"", ""cash"": 620900.0, ""positions"": ""[{\""stock_code\"": \""005930\"", \""quantity\"": 510, \""avg_cost\"": 197894.3137254902, \""current_price\"": 188200.0, \""unrealized_pnl\"": -4944100.000000007, \""unrealized_pnl_rate\"": -0.04898732835213099}]"", ""total_value"": 96602900.0, ""realized_pnl"": 1547000.0, ""total_return_rate"": -0.033971, ""updated_at"": ""2026-07-14 18:11:11""}, ""recent_trades"": [{""turn"": 10, ""date"": ""2026-03-06"", ""action"": ""buy"", ""stock_code"": ""005930"", ""quantity"": 3, ""executed_price"": 188200.0, ""trade_value"": 564600.0, ""status"": ""filled"", ""filled_quantity"": 3, ""action_reason"": ""갤럭시 S26 수요 및 반도체 호재와 MA20 지지선 유지를 긍정적으로 해석하며, 미실현 손실 회복을 위한 처분 효과 (손실 시 추가 매수) 에 따라 제한된 현금으로 최대 수량 매수합니다.""}, {""turn"": 9, ""date"": ""2026-03-06"", ""action"": ""buy"", ""stock_code"": ""005930"", ""quantity"": 5, ""executed_price"": 186100.0, ""trade_value"": 930500.0, ""status"": ""filled"", ""filled_quantity"": 5, ""action_reason"": ""MA20 지지선 부근 반등 가능성과 수출 호조 펀더멘털을 믿고, 손실 구간에서의 평균 단가 하향 (처분효과) 을 위해 매수합니다.""}, {""turn"": 8, ""date"": ""2026-03-05"", ""action"": ""buy"", ""stock_code"": ""005930"", ""quantity"": 10, ""executed_price"": 191600.0, ""trade_value"": 1916000.0, ""status"": ""filled"", ""filled_quantity"": 10, ""action_reason"": ""MA20 지지선과 11% 급등 헤드라인에 따른 상승 추세 신뢰. 미실현 손실 구간에서 평균 단가 하향을 위해 최대 매수 수량으로 추가 매수.""}]}"
chunk_001_2026-02-27_2026-03-06,2026-03-06,10,A017,"[2529, 2534, 2542, 2543, 2528, 2531, 2536, 2530, 2535, 2541]",2541,오늘 삼성전자 매수했습니다!,trade_share,read,"[""상위 수익자"", ""자산가""]","{""portfolio_summary"": {""state_id"": ""ps_A019_t010"", ""agent_id"": ""A019"", ""turn"": 10, ""date"": ""2026-03-06"", ""cash"": 3845100.0, ""positions"": ""[{\""stock_code\"": \""005930\"", \""quantity\"": 482, \""avg_cost\"": 201021.22705611627, \""current_price\"": 188200.0, \""unrealized_pnl\"": -6179831.441048044, \""unrealized_pnl_rate\"": -0.06378046360515525}]"", ""total_value"": 94557500.0, ""realized_pnl"": 737331.4410480349, ""total_return_rate"": -0.054425, ""updated_at"": ""2026-07-14 18:11:11""}, ""recent_trades"": [{""turn"": 10, ""date"": ""2026-03-06"", ""action"": ""buy"", ""stock_code"": ""005930"", ""quantity"": 15, ""executed_price"": 188200.0, ""trade_value"": 2823000.0, ""status"": ""filled"", ""filled_quantity"": 15, ""action_reason"": ""갤럭시 S26 호조와 메모리 슈퍼사이클로 내재가치가 높게 평가되며, 현재 주가는 저평가 구간으로 가치 투자 관점에서 매수 기회로 판단.""}, {""turn"": 9, ""date"": ""2026-03-06"", ""action"": ""buy"", ""stock_code"": ""005930"", ""quantity"": 10, ""executed_price"": 186100.0, ""trade_value"": 1861000.0, ""status"": ""filled"", ""filled_quantity"": 10, ""action_reason"": ""수출 호조 및 기술적 지지선 부근 (20 일선) 으로 시장 관망보다는 매수 기회를 포착합니다. 현재 주가가 평균 매수 단가 대비 할인되어 가치 투자 관점에서 매력적이며, 손실 시 추가 매수 성향에 따라 매수합니다.""}, {""turn"": 8, ""date"": ""2026-03-05"", ""action"": ""sell"", ""stock_code"": ""005930"", ""quantity"": 1, ""executed_price"": 191600.0, ""trade_value"": 191600.0, ""status"": ""filled"", ""filled_quantity"": 1, ""action_reason"": ""fallback_decision_after_invalid_llm_output: the model failed to return a valid decision after retry, so the system submitted a minimal valid sell order.""}]}"
chunk_001_2026-02-27_2026-03-06,2026-03-06,10,A025,"[2529, 2542, 2543, 2534, 2528]",2529,삼성전자 매수했습니다!,trade_share,unlike,"[""커뮤니티 인플루언서""]",null
chunk_001_2026-02-27_2026-03-06,2026-03-06,10,A025,"[2529, 2542, 2543, 2534, 2528]",2542,삼성전자 실적 전망 및 매수 타이밍에 대한 고민,analysis,like,[],null
chunk_001_2026-02-27_2026-03-06,2026-03-06,10,A025,"[2529, 2542, 2543, 2534, 2528]",2543,"삼성전자, 내재가치는 여전하지만 단기 리스크 주의 필요",analysis,like,[],null
chunk_001_2026-02-27_2026-03-06,2026-03-06,10,A025,"[2529, 2542, 2543, 2534, 2528]",2534,[매수 공유] 갤럭시 S26 호조와 메모리 슈퍼사이클에 힘입어,trade_share,read,[],null
chunk_001_2026-02-27_2026-03-06,2026-03-06,10,A025,"[2529, 2542, 2543, 2534, 2528]",2528,오늘 삼성전자 소량 매수했습니다,trade_share,read,[],null
chunk_001_2026-02-27_2026-03-06,2026-03-06,10,A026,"[2529, 2542, 2543, 2534, 2528]",2529,삼성전자 매수했습니다!,trade_share,unlike,"[""커뮤니티 인플루언서""]",null
chunk_001_2026-02-27_2026-03-06,2026-03-06,10,A026,"[2529, 2542, 2543, 2534, 2528]",2542,삼성전자 실적 전망 및 매수 타이밍에 대한 고민,analysis,like,[],null
chunk_001_2026-02-27_2026-03-06,2026-03-06,10,A026,"[2529, 2542, 2543, 2534, 2528]",2543,"삼성전자, 내재가치는 여전하지만 단기 리스크 주의 필요",analysis,like,[],null
chunk_001_2026-02-27_2026-03-06,2026-03-06,10,A026,"[2529, 2542, 2543, 2534, 2528]",2534,[매수 공유] 갤럭시 S26 호조와 메모리 슈퍼사이클에 힘입어,trade_share,unlike,[],null
chunk_001_2026-02-27_2026-03-06,2026-03-06,10,A026,"[2529, 2542, 2543, 2534, 2528]",2528,오늘 삼성전자 소량 매수했습니다,trade_share,read,[],null
chunk_001_2026-02-27_2026-03-06,2026-03-06,10,A027,"[2528, 2534, 2542, 2543, 2527]",2528,오늘 삼성전자 소량 매수했습니다,trade_share,like,[],null
chunk_001_2026-02-27_2026-03-06,2026-03-06,10,A027,"[2528, 2534, 2542, 2543, 2527]",2534,[매수 공유] 갤럭시 S26 호조와 메모리 슈퍼사이클에 힘입어,trade_share,unlike,[],null
chunk_001_2026-02-27_2026-03-06,2026-03-06,10,A027,"[2528, 2534, 2542, 2543, 2527]",2542,삼성전자 실적 전망 및 매수 타이밍에 대한 고민,analysis,like,[],null
chunk_001_2026-02-27_2026-03-06,2026-03-06,10,A027,"[2528, 2534, 2542, 2543, 2527]",2543,"삼성전자, 내재가치는 여전하지만 단기 리스크 주의 필요",analysis,like,[],null
chunk_001_2026-02-27_2026-03-06,2026-03-06,10,A027,"[2528, 2534, 2542, 2543, 2527]",2527,오늘 삼성전자 1주 매도했습니다.,trade_share,read,"[""상위 수익자"", ""자산가""]",null
