run_id,date,turn,agent_id,selected_post_ids,post_id,title,post_type,reaction,author_badges,author_profile
chunk_012_2026-05-20_2026-05-27,2026-05-20,2,A008,"[3551, 3553, 3556, 3564, 3565]",3551,삼성전자 파업 리스크와 내재가치 분석,analysis,like,"[""커뮤니티 인플루언서""]",null
chunk_012_2026-05-20_2026-05-27,2026-05-20,2,A008,"[3551, 3553, 3556, 3564, 3565]",3553,"삼성전자, 불확실성이 커진 시장에서의 상황 점검",analysis,read,"[""상위 수익자"", ""자산가"", ""커뮤니티 인플루언서""]",null
chunk_012_2026-05-20_2026-05-27,2026-05-20,2,A008,"[3551, 3553, 3556, 3564, 3565]",3556,"삼성전자, 파업 확정과 HBM 리스크로 인한 방어적 관망",analysis,like,"[""상위 수익자"", ""자산가""]",null
chunk_012_2026-05-20_2026-05-27,2026-05-20,2,A008,"[3551, 3553, 3556, 3564, 3565]",3564,"파업과 HBM 축소설, 삼성전자의 단기 리스크와 내재가치 점검",analysis,like,[],null
chunk_012_2026-05-20_2026-05-27,2026-05-20,2,A008,"[3551, 3553, 3556, 3564, 3565]",3565,"파업 확정과 HBM 수주 축소, 삼성전자의 향후 전망은?",analysis,unlike,[],null
chunk_012_2026-05-20_2026-05-27,2026-05-20,2,A007,"[3552, 3553, 3556, 3564, 3565]",3552,파업과 HBM 루머로 인한 삼성전자 단기 하락 전망,analysis,like,[],"{""portfolio_summary"": {""state_id"": ""ps_A008_t002"", ""agent_id"": ""A008"", ""turn"": 2, ""date"": ""2026-05-20"", ""cash"": 99800000.0, ""positions"": ""[]"", ""total_value"": 99800000.0, ""realized_pnl"": -200000.0, ""total_return_rate"": -0.002, ""updated_at"": ""2026-07-16 18:44:58""}, ""recent_trades"": [{""turn"": 10, ""date"": ""2026-05-19"", ""action"": ""sell"", ""stock_code"": ""005930"", ""quantity"": 346, ""executed_price"": 275500.0, ""trade_value"": 95323000.0, ""status"": ""filled"", ""filled_quantity"": 346, ""action_reason"": ""MA5 이탈 및 악재 지속으로 단기 하락 추세 확인, 기술적 매도 신호에 따라 손절 및 리스크 회피.""}, {""turn"": 9, ""date"": ""2026-05-19"", ""action"": ""buy"", ""stock_code"": ""005930"", ""quantity"": 10, ""executed_price"": 274000.0, ""trade_value"": 2740000.0, ""status"": ""filled"", ""filled_quantity"": 10, ""action_reason"": ""노사 리스크 완화와 AI 사이클 호재로 중기 상승 기대되나, 단기 기술적 약세로 소량 매수로 진입합니다.""}, {""turn"": 8, ""date"": ""2026-05-18"", ""action"": ""buy"", ""stock_code"": ""005930"", ""quantity"": 20, ""executed_price"": 281000.0, ""trade_value"": 5620000.0, ""status"": ""filled"", ""filled_quantity"": 20, ""action_reason"": ""노사 협상 호재와 AI 성장성에 따른 단기 반등 기대감 (29 만 원대 회복 목표) 을 반영하여 매수. 기술적 지지선 MA20 대비 안전마진 확보 및 수익 구간 진입.""}]}"
chunk_012_2026-05-20_2026-05-27,2026-05-20,2,A007,"[3552, 3553, 3556, 3564, 3565]",3553,"삼성전자, 불확실성이 커진 시장에서의 상황 점검",analysis,like,"[""상위 수익자"", ""자산가"", ""커뮤니티 인플루언서""]","{""portfolio_summary"": {""state_id"": ""ps_A001_t002"", ""agent_id"": ""A001"", ""turn"": 2, ""date"": ""2026-05-20"", ""cash"": 99998000.0, ""positions"": ""[]"", ""total_value"": 99998000.0, ""realized_pnl"": -2000.0, ""total_return_rate"": -2e-05, ""updated_at"": ""2026-07-16 18:44:57""}, ""recent_trades"": [{""turn"": 10, ""date"": ""2026-05-19"", ""action"": ""sell"", ""stock_code"": ""005930"", ""quantity"": 50, ""executed_price"": 275500.0, ""trade_value"": 13775000.0, ""status"": ""filled"", ""filled_quantity"": 50, ""action_reason"": ""HBM 축소설과 노사 갈등 등 단기 부정적 뉴스가 우세하며, 외국인 매도세로 인한 추가 하락 가능성을 고려합니다. 현재 수익 구간에서 일부 매도하여 단일 종목 집중 리스크를 완화하고, 현금 여력을 확보해 MA20 부근 등 더 낮은 가격에서 재매수할 기회를 노립니다.""}, {""turn"": 9, ""date"": ""2026-05-19"", ""action"": ""buy"", ""stock_code"": ""005930"", ""quantity"": 50, ""executed_price"": 274000.0, ""trade_value"": 13700000.0, ""status"": ""filled"", ""filled_quantity"": 50, ""action_reason"": ""27 만 4 천 원대로 내재가치 접근 구간이며, 정부 안전망 기대감으로 하방 경직성이 유지되므로 저평가 매수 기회를 활용합니다.""}, {""turn"": 8, ""date"": ""2026-05-18"", ""action"": ""sell"", ""stock_code"": ""005930"", ""quantity"": 50, ""executed_price"": 281000.0, ""trade_value"": 14050000.0, ""status"": ""filled"", ""filled_quantity"": 50, ""action_reason"": ""오늘 급등으로 안전마진이 축소되었고, 중국 경쟁사 리스크가 장기적으로 존재합니다. 단기 수익을 확정하고 집중 투자 리스크를 관리하기 위해 일부 매도합니다.""}]}"
chunk_012_2026-05-20_2026-05-27,2026-05-20,2,A007,"[3552, 3553, 3556, 3564, 3565]",3556,"삼성전자, 파업 확정과 HBM 리스크로 인한 방어적 관망",analysis,like,"[""상위 수익자"", ""자산가""]","{""portfolio_summary"": {""state_id"": ""ps_A012_t002"", ""agent_id"": ""A012"", ""turn"": 2, ""date"": ""2026-05-20"", ""cash"": 99960000.0, ""positions"": ""[]"", ""total_value"": 99960000.0, ""realized_pnl"": -40000.0, ""total_return_rate"": -0.0004, ""updated_at"": ""2026-07-16 18:44:58""}, ""recent_trades"": [{""turn"": 10, ""date"": ""2026-05-19"", ""action"": ""sell"", ""stock_code"": ""005930"", ""quantity"": 10, ""executed_price"": 275500.0, ""trade_value"": 2755000.0, ""status"": ""filled"", ""filled_quantity"": 10, ""action_reason"": ""MA5 이탈과 외국인 매도세로 단기 하락세 지속 우려가 강하며, HBM 리스크 해소 전까지 방어적 관망이 필요함. 현재 소량 보유 상태이므로 전량 매도하여 현금화 후 지지선 확인 시 재진입 고려.""}, {""turn"": 9, ""date"": ""2026-05-19"", ""action"": ""buy"", ""stock_code"": ""005930"", ""quantity"": 10, ""executed_price"": 274000.0, ""trade_value"": 2740000.0, ""status"": ""filled"", ""filled_quantity"": 10, ""action_reason"": ""시스템 제약으로 매수 필수이나, 기술적 MA5 하향과 거래량 부진으로 단기 조정 국면이라 판단. 현금 보유 선호 성향에 따라 소량 매수로 제한적 참여.""}, {""turn"": 8, ""date"": ""2026-05-18"", ""action"": ""sell"", ""stock_code"": ""005930"", ""quantity"": 50, ""executed_price"": 281000.0, ""trade_value"": 14050000.0, ""status"": ""filled"", ""filled_quantity"": 50, ""action_reason"": ""MA5 단기 저항 및 거래량 위배로 단기 조정 가능성 높음. 수익 실현 (처분효과) 및 리스크 관리 위해 전량 매도.""}]}"
chunk_012_2026-05-20_2026-05-27,2026-05-20,2,A007,"[3552, 3553, 3556, 3564, 3565]",3564,"파업과 HBM 축소설, 삼성전자의 단기 리스크와 내재가치 점검",analysis,read,[],"{""portfolio_summary"": {""state_id"": ""ps_A026_t002"", ""agent_id"": ""A026"", ""turn"": 2, ""date"": ""2026-05-20"", ""cash"": 72100000.0, ""positions"": ""[{\""stock_code\"": \""005930\"", \""quantity\"": 100, \""avg_cost\"": 278000.0, \""current_price\"": 276000.0, \""unrealized_pnl\"": -200000.0, \""unrealized_pnl_rate\"": -0.007194244604316547}]"", ""total_value"": 99700000.0, ""realized_pnl"": -100000.0, ""total_return_rate"": -0.003, ""updated_at"": ""2026-07-16 18:44:58""}, ""recent_trades"": [{""turn"": 10, ""date"": ""2026-05-19"", ""action"": ""sell"", ""stock_code"": ""005930"", ""quantity"": 27, ""executed_price"": 275500.0, ""trade_value"": 7438500.0, ""status"": ""filled"", ""filled_quantity"": 27, ""action_reason"": ""노사 갈등 심화와 HBM 수주 우려로 단기 하방 압력이 지속되므로, 현재 수익 구간에서 일부 매도하여 현금 비중을 확보합니다. 내재가치 저평가 구간은 유지되나, 기술적 지지선 확인 전까지는 방어적 대응이 우선입니다.""}, {""turn"": 9, ""date"": ""2026-05-19"", ""action"": ""buy"", ""stock_code"": ""005930"", ""quantity"": 25, ""executed_price"": 274000.0, ""trade_value"": 6850000.0, ""status"": ""filled"", ""filled_quantity"": 25, ""action_reason"": ""내재가치 대비 저평가 구간이며, 노사 리스크 완화로 장기 낙관적 관점 유지. 단기 기술적 약세로 인해 수량은 제한적으로 매수합니다.""}, {""turn"": 8, ""date"": ""2026-05-18"", ""action"": ""buy"", ""stock_code"": ""005930"", ""quantity"": 60, ""executed_price"": 281000.0, ""trade_value"": 16860000.0, ""status"": ""filled"", ""filled_quantity"": 60, ""action_reason"": ""노사 협상 타결로 하방 리스크가 해소되었고, 현재 주가는 내재가치 대비 저평가 구간으로 판단되어 추가 매수합니다. 울산 반도체 허브 관련 뉴스는 지역 투자자로서 장기 성장에 대한 확신을 줍니다.""}]}"
chunk_012_2026-05-20_2026-05-27,2026-05-20,2,A007,"[3552, 3553, 3556, 3564, 3565]",3565,"파업 확정과 HBM 수주 축소, 삼성전자의 향후 전망은?",analysis,unlike,[],"{""portfolio_summary"": {""state_id"": ""ps_A027_t002"", ""agent_id"": ""A027"", ""turn"": 2, ""date"": ""2026-05-20"", ""cash"": 99800000.0, ""positions"": ""[]"", ""total_value"": 99800000.0, ""realized_pnl"": -200000.0, ""total_return_rate"": -0.002, ""updated_at"": ""2026-07-16 18:44:58""}, ""recent_trades"": [{""turn"": 10, ""date"": ""2026-05-19"", ""action"": ""sell"", ""stock_code"": ""005930"", ""quantity"": 50, ""executed_price"": 275500.0, ""trade_value"": 13775000.0, ""status"": ""filled"", ""filled_quantity"": 50, ""action_reason"": ""단기 하락 추세 (MA5 하회) 와 HBM 축소 우려 등 부정적 뉴스에 따라 수익 보호를 위해 보유 물량의 대부분을 매도합니다.""}, {""turn"": 9, ""date"": ""2026-05-19"", ""action"": ""buy"", ""stock_code"": ""005930"", ""quantity"": 10, ""executed_price"": 274000.0, ""trade_value"": 2740000.0, ""status"": ""filled"", ""filled_quantity"": 10, ""action_reason"": ""정부 안전망과 반도체 경쟁력 유지로 중장기 관점에서는 보유 유지가 원칙이나, MA20 지지선 부근에서 방어 가능성과 현금 비중 (86%) 을 고려해 소량 매수합니다.""}, {""turn"": 8, ""date"": ""2026-05-18"", ""action"": ""sell"", ""stock_code"": ""005930"", ""quantity"": 50, ""executed_price"": 281000.0, ""trade_value"": 14050000.0, ""status"": ""filled"", ""filled_quantity"": 50, ""action_reason"": ""MA5 저항선 (282,100 원) 부근과 거래량 감소로 기술적 조정 가능성 높음. 수익 실현 원칙에 따라 보유 수량의 일부 매도.""}]}"
chunk_012_2026-05-20_2026-05-27,2026-05-20,2,A010,"[3551, 3552, 3553, 3564, 3565]",3551,삼성전자 파업 리스크와 내재가치 분석,analysis,like,"[""커뮤니티 인플루언서""]",null
chunk_012_2026-05-20_2026-05-27,2026-05-20,2,A010,"[3551, 3552, 3553, 3564, 3565]",3552,파업과 HBM 루머로 인한 삼성전자 단기 하락 전망,analysis,like,[],null
chunk_012_2026-05-20_2026-05-27,2026-05-20,2,A010,"[3551, 3552, 3553, 3564, 3565]",3553,"삼성전자, 불확실성이 커진 시장에서의 상황 점검",analysis,read,"[""상위 수익자"", ""자산가"", ""커뮤니티 인플루언서""]",null
chunk_012_2026-05-20_2026-05-27,2026-05-20,2,A010,"[3551, 3552, 3553, 3564, 3565]",3564,"파업과 HBM 축소설, 삼성전자의 단기 리스크와 내재가치 점검",analysis,like,[],null
chunk_012_2026-05-20_2026-05-27,2026-05-20,2,A010,"[3551, 3552, 3553, 3564, 3565]",3565,"파업 확정과 HBM 수주 축소, 삼성전자의 향후 전망은?",analysis,unlike,[],null
chunk_012_2026-05-20_2026-05-27,2026-05-20,2,A005,"[3551, 3552, 3553, 3564, 3565]",3551,삼성전자 파업 리스크와 내재가치 분석,analysis,like,"[""커뮤니티 인플루언서""]",null
chunk_012_2026-05-20_2026-05-27,2026-05-20,2,A005,"[3551, 3552, 3553, 3564, 3565]",3552,파업과 HBM 루머로 인한 삼성전자 단기 하락 전망,analysis,unlike,[],null
chunk_012_2026-05-20_2026-05-27,2026-05-20,2,A005,"[3551, 3552, 3553, 3564, 3565]",3553,"삼성전자, 불확실성이 커진 시장에서의 상황 점검",analysis,like,"[""상위 수익자"", ""자산가"", ""커뮤니티 인플루언서""]",null
chunk_012_2026-05-20_2026-05-27,2026-05-20,2,A005,"[3551, 3552, 3553, 3564, 3565]",3564,"파업과 HBM 축소설, 삼성전자의 단기 리스크와 내재가치 점검",analysis,like,[],null
chunk_012_2026-05-20_2026-05-27,2026-05-20,2,A005,"[3551, 3552, 3553, 3564, 3565]",3565,"파업 확정과 HBM 수주 축소, 삼성전자의 향후 전망은?",analysis,unlike,[],null
chunk_012_2026-05-20_2026-05-27,2026-05-20,2,A006,"[3551, 3552, 3553, 3564, 3565]",3551,삼성전자 파업 리스크와 내재가치 분석,analysis,like,"[""커뮤니티 인플루언서""]",null
chunk_012_2026-05-20_2026-05-27,2026-05-20,2,A006,"[3551, 3552, 3553, 3564, 3565]",3552,파업과 HBM 루머로 인한 삼성전자 단기 하락 전망,analysis,like,[],null
chunk_012_2026-05-20_2026-05-27,2026-05-20,2,A006,"[3551, 3552, 3553, 3564, 3565]",3553,"삼성전자, 불확실성이 커진 시장에서의 상황 점검",analysis,read,"[""상위 수익자"", ""자산가"", ""커뮤니티 인플루언서""]",null
chunk_012_2026-05-20_2026-05-27,2026-05-20,2,A006,"[3551, 3552, 3553, 3564, 3565]",3564,"파업과 HBM 축소설, 삼성전자의 단기 리스크와 내재가치 점검",analysis,like,[],null
chunk_012_2026-05-20_2026-05-27,2026-05-20,2,A006,"[3551, 3552, 3553, 3564, 3565]",3565,"파업 확정과 HBM 수주 축소, 삼성전자의 향후 전망은?",analysis,unlike,[],null
chunk_012_2026-05-20_2026-05-27,2026-05-20,2,A001,"[3551, 3552, 3556, 3564, 3565]",3551,삼성전자 파업 리스크와 내재가치 분석,analysis,like,"[""커뮤니티 인플루언서""]",null
chunk_012_2026-05-20_2026-05-27,2026-05-20,2,A001,"[3551, 3552, 3556, 3564, 3565]",3552,파업과 HBM 루머로 인한 삼성전자 단기 하락 전망,analysis,like,[],null
chunk_012_2026-05-20_2026-05-27,2026-05-20,2,A001,"[3551, 3552, 3556, 3564, 3565]",3556,"삼성전자, 파업 확정과 HBM 리스크로 인한 방어적 관망",analysis,read,"[""상위 수익자"", ""자산가""]",null
chunk_012_2026-05-20_2026-05-27,2026-05-20,2,A001,"[3551, 3552, 3556, 3564, 3565]",3564,"파업과 HBM 축소설, 삼성전자의 단기 리스크와 내재가치 점검",analysis,like,[],null
chunk_012_2026-05-20_2026-05-27,2026-05-20,2,A001,"[3551, 3552, 3556, 3564, 3565]",3565,"파업 확정과 HBM 수주 축소, 삼성전자의 향후 전망은?",analysis,unlike,[],null
chunk_012_2026-05-20_2026-05-27,2026-05-20,2,A003,"[3551, 3552, 3553, 3564, 3565]",3551,삼성전자 파업 리스크와 내재가치 분석,analysis,like,"[""커뮤니티 인플루언서""]",null
chunk_012_2026-05-20_2026-05-27,2026-05-20,2,A003,"[3551, 3552, 3553, 3564, 3565]",3552,파업과 HBM 루머로 인한 삼성전자 단기 하락 전망,analysis,like,[],null
chunk_012_2026-05-20_2026-05-27,2026-05-20,2,A003,"[3551, 3552, 3553, 3564, 3565]",3553,"삼성전자, 불확실성이 커진 시장에서의 상황 점검",analysis,read,"[""상위 수익자"", ""자산가"", ""커뮤니티 인플루언서""]",null
chunk_012_2026-05-20_2026-05-27,2026-05-20,2,A003,"[3551, 3552, 3553, 3564, 3565]",3564,"파업과 HBM 축소설, 삼성전자의 단기 리스크와 내재가치 점검",analysis,like,[],null
chunk_012_2026-05-20_2026-05-27,2026-05-20,2,A003,"[3551, 3552, 3553, 3564, 3565]",3565,"파업 확정과 HBM 수주 축소, 삼성전자의 향후 전망은?",analysis,unlike,[],null
chunk_012_2026-05-20_2026-05-27,2026-05-20,2,A004,"[3551, 3552, 3553, 3556, 3565]",3551,삼성전자 파업 리스크와 내재가치 분석,analysis,like,"[""커뮤니티 인플루언서""]",null
chunk_012_2026-05-20_2026-05-27,2026-05-20,2,A004,"[3551, 3552, 3553, 3556, 3565]",3552,파업과 HBM 루머로 인한 삼성전자 단기 하락 전망,analysis,like,[],null
chunk_012_2026-05-20_2026-05-27,2026-05-20,2,A004,"[3551, 3552, 3553, 3556, 3565]",3553,"삼성전자, 불확실성이 커진 시장에서의 상황 점검",analysis,read,"[""상위 수익자"", ""자산가"", ""커뮤니티 인플루언서""]",null
chunk_012_2026-05-20_2026-05-27,2026-05-20,2,A004,"[3551, 3552, 3553, 3556, 3565]",3556,"삼성전자, 파업 확정과 HBM 리스크로 인한 방어적 관망",analysis,unlike,"[""상위 수익자"", ""자산가""]",null
chunk_012_2026-05-20_2026-05-27,2026-05-20,2,A004,"[3551, 3552, 3553, 3556, 3565]",3565,"파업 확정과 HBM 수주 축소, 삼성전자의 향후 전망은?",analysis,like,[],null
chunk_012_2026-05-20_2026-05-27,2026-05-20,2,A013,"[3551, 3552, 3553, 3564, 3565]",3551,삼성전자 파업 리스크와 내재가치 분석,analysis,like,"[""커뮤니티 인플루언서""]",null
chunk_012_2026-05-20_2026-05-27,2026-05-20,2,A013,"[3551, 3552, 3553, 3564, 3565]",3552,파업과 HBM 루머로 인한 삼성전자 단기 하락 전망,analysis,like,[],null
chunk_012_2026-05-20_2026-05-27,2026-05-20,2,A013,"[3551, 3552, 3553, 3564, 3565]",3553,"삼성전자, 불확실성이 커진 시장에서의 상황 점검",analysis,unlike,"[""상위 수익자"", ""자산가"", ""커뮤니티 인플루언서""]",null
chunk_012_2026-05-20_2026-05-27,2026-05-20,2,A013,"[3551, 3552, 3553, 3564, 3565]",3564,"파업과 HBM 축소설, 삼성전자의 단기 리스크와 내재가치 점검",analysis,like,[],null
chunk_012_2026-05-20_2026-05-27,2026-05-20,2,A013,"[3551, 3552, 3553, 3564, 3565]",3565,"파업 확정과 HBM 수주 축소, 삼성전자의 향후 전망은?",analysis,unlike,[],null
chunk_012_2026-05-20_2026-05-27,2026-05-20,2,A011,"[3551, 3552, 3553, 3564, 3565]",3551,삼성전자 파업 리스크와 내재가치 분석,analysis,like,"[""커뮤니티 인플루언서""]",null
chunk_012_2026-05-20_2026-05-27,2026-05-20,2,A011,"[3551, 3552, 3553, 3564, 3565]",3552,파업과 HBM 루머로 인한 삼성전자 단기 하락 전망,analysis,unlike,[],null
chunk_012_2026-05-20_2026-05-27,2026-05-20,2,A011,"[3551, 3552, 3553, 3564, 3565]",3553,"삼성전자, 불확실성이 커진 시장에서의 상황 점검",analysis,read,"[""상위 수익자"", ""자산가"", ""커뮤니티 인플루언서""]",null
chunk_012_2026-05-20_2026-05-27,2026-05-20,2,A011,"[3551, 3552, 3553, 3564, 3565]",3564,"파업과 HBM 축소설, 삼성전자의 단기 리스크와 내재가치 점검",analysis,like,[],null
chunk_012_2026-05-20_2026-05-27,2026-05-20,2,A011,"[3551, 3552, 3553, 3564, 3565]",3565,"파업 확정과 HBM 수주 축소, 삼성전자의 향후 전망은?",analysis,unlike,[],null
chunk_012_2026-05-20_2026-05-27,2026-05-20,2,A012,"[3551, 3552, 3553, 3564, 3565]",3551,삼성전자 파업 리스크와 내재가치 분석,analysis,like,"[""커뮤니티 인플루언서""]",null
chunk_012_2026-05-20_2026-05-27,2026-05-20,2,A012,"[3551, 3552, 3553, 3564, 3565]",3552,파업과 HBM 루머로 인한 삼성전자 단기 하락 전망,analysis,like,[],null
chunk_012_2026-05-20_2026-05-27,2026-05-20,2,A012,"[3551, 3552, 3553, 3564, 3565]",3553,"삼성전자, 불확실성이 커진 시장에서의 상황 점검",analysis,read,"[""상위 수익자"", ""자산가"", ""커뮤니티 인플루언서""]",null
chunk_012_2026-05-20_2026-05-27,2026-05-20,2,A012,"[3551, 3552, 3553, 3564, 3565]",3564,"파업과 HBM 축소설, 삼성전자의 단기 리스크와 내재가치 점검",analysis,like,[],null
chunk_012_2026-05-20_2026-05-27,2026-05-20,2,A012,"[3551, 3552, 3553, 3564, 3565]",3565,"파업 확정과 HBM 수주 축소, 삼성전자의 향후 전망은?",analysis,unlike,[],null
chunk_012_2026-05-20_2026-05-27,2026-05-20,2,A014,"[3551, 3552, 3553, 3564, 3565]",3551,삼성전자 파업 리스크와 내재가치 분석,analysis,like,"[""커뮤니티 인플루언서""]",null
chunk_012_2026-05-20_2026-05-27,2026-05-20,2,A014,"[3551, 3552, 3553, 3564, 3565]",3552,파업과 HBM 루머로 인한 삼성전자 단기 하락 전망,analysis,like,[],null
chunk_012_2026-05-20_2026-05-27,2026-05-20,2,A014,"[3551, 3552, 3553, 3564, 3565]",3553,"삼성전자, 불확실성이 커진 시장에서의 상황 점검",analysis,read,"[""상위 수익자"", ""자산가"", ""커뮤니티 인플루언서""]",null
chunk_012_2026-05-20_2026-05-27,2026-05-20,2,A014,"[3551, 3552, 3553, 3564, 3565]",3564,"파업과 HBM 축소설, 삼성전자의 단기 리스크와 내재가치 점검",analysis,like,[],null
chunk_012_2026-05-20_2026-05-27,2026-05-20,2,A014,"[3551, 3552, 3553, 3564, 3565]",3565,"파업 확정과 HBM 수주 축소, 삼성전자의 향후 전망은?",analysis,unlike,[],null
chunk_012_2026-05-20_2026-05-27,2026-05-20,2,A020,"[3551, 3552, 3553, 3554, 3556, 3564, 3565]",3551,삼성전자 파업 리스크와 내재가치 분석,analysis,like,"[""커뮤니티 인플루언서""]","{""portfolio_summary"": {""state_id"": ""ps_A007_t002"", ""agent_id"": ""A007"", ""turn"": 2, ""date"": ""2026-05-20"", ""cash"": 58260000.0, ""positions"": ""[{\""stock_code\"": \""005930\"", \""quantity\"": 150, \""avg_cost\"": 278000.0, \""current_price\"": 276000.0, \""unrealized_pnl\"": -300000.0, \""unrealized_pnl_rate\"": -0.007194244604316547}]"", ""total_value"": 99660000.0, ""realized_pnl"": -40000.0, ""total_return_rate"": -0.0034, ""updated_at"": ""2026-07-16 18:44:58""}, ""recent_trades"": [{""turn"": 10, ""date"": ""2026-05-19"", ""action"": ""sell"", ""stock_code"": ""005930"", ""quantity"": 44, ""executed_price"": 275500.0, ""trade_value"": 12122000.0, ""status"": ""filled"", ""filled_quantity"": 44, ""action_reason"": ""노사 갈등 심화 및 HBM 수급 우려로 단기 약세 지속 예상, 현재 주가는 내재가치 대비 저평가 구간이 아니므로 방어적 관점에서 매도합니다.""}, {""turn"": 9, ""date"": ""2026-05-19"", ""action"": ""sell"", ""stock_code"": ""005930"", ""quantity"": 50, ""executed_price"": 274000.0, ""trade_value"": 13700000.0, ""status"": ""filled"", ""filled_quantity"": 50, ""action_reason"": ""핵심 가치평가 지표 (PER/PB) 부재로 저평가 판단이 불가하여 추가 매수는 자제합니다. 외국인 매도세와 단기 변동성 리스크를 고려하여 수익 실현 및 리스크 관리 차원에서 일부 매도합니다.""}, {""turn"": 8, ""date"": ""2026-05-18"", ""action"": ""sell"", ""stock_code"": ""005930"", ""quantity"": 50, ""executed_price"": 281000.0, ""trade_value"": 14050000.0, ""status"": ""filled"", ""filled_quantity"": 50, ""action_reason"": ""핵심 가치평가 지표 (PE/PB) 부재로 저평가 여부 불명확하며, 정치적 개입과 중국 경쟁사 리스크로 변동성 우려가 큼. 현재 보유 비중이 높아 리스크 분산을 위해 일부 매도합니다.""}]}"
chunk_012_2026-05-20_2026-05-27,2026-05-20,2,A020,"[3551, 3552, 3553, 3554, 3556, 3564, 3565]",3552,파업과 HBM 루머로 인한 삼성전자 단기 하락 전망,analysis,like,[],"{""portfolio_summary"": {""state_id"": ""ps_A008_t002"", ""agent_id"": ""A008"", ""turn"": 2, ""date"": ""2026-05-20"", ""cash"": 99800000.0, ""positions"": ""[]"", ""total_value"": 99800000.0, ""realized_pnl"": -200000.0, ""total_return_rate"": -0.002, ""updated_at"": ""2026-07-16 18:44:58""}, ""recent_trades"": [{""turn"": 10, ""date"": ""2026-05-19"", ""action"": ""sell"", ""stock_code"": ""005930"", ""quantity"": 346, ""executed_price"": 275500.0, ""trade_value"": 95323000.0, ""status"": ""filled"", ""filled_quantity"": 346, ""action_reason"": ""MA5 이탈 및 악재 지속으로 단기 하락 추세 확인, 기술적 매도 신호에 따라 손절 및 리스크 회피.""}, {""turn"": 9, ""date"": ""2026-05-19"", ""action"": ""buy"", ""stock_code"": ""005930"", ""quantity"": 10, ""executed_price"": 274000.0, ""trade_value"": 2740000.0, ""status"": ""filled"", ""filled_quantity"": 10, ""action_reason"": ""노사 리스크 완화와 AI 사이클 호재로 중기 상승 기대되나, 단기 기술적 약세로 소량 매수로 진입합니다.""}, {""turn"": 8, ""date"": ""2026-05-18"", ""action"": ""buy"", ""stock_code"": ""005930"", ""quantity"": 20, ""executed_price"": 281000.0, ""trade_value"": 5620000.0, ""status"": ""filled"", ""filled_quantity"": 20, ""action_reason"": ""노사 협상 호재와 AI 성장성에 따른 단기 반등 기대감 (29 만 원대 회복 목표) 을 반영하여 매수. 기술적 지지선 MA20 대비 안전마진 확보 및 수익 구간 진입.""}]}"
chunk_012_2026-05-20_2026-05-27,2026-05-20,2,A020,"[3551, 3552, 3553, 3554, 3556, 3564, 3565]",3553,"삼성전자, 불확실성이 커진 시장에서의 상황 점검",analysis,unlike,"[""상위 수익자"", ""자산가"", ""커뮤니티 인플루언서""]","{""portfolio_summary"": {""state_id"": ""ps_A001_t002"", ""agent_id"": ""A001"", ""turn"": 2, ""date"": ""2026-05-20"", ""cash"": 99998000.0, ""positions"": ""[]"", ""total_value"": 99998000.0, ""realized_pnl"": -2000.0, ""total_return_rate"": -2e-05, ""updated_at"": ""2026-07-16 18:44:57""}, ""recent_trades"": [{""turn"": 10, ""date"": ""2026-05-19"", ""action"": ""sell"", ""stock_code"": ""005930"", ""quantity"": 50, ""executed_price"": 275500.0, ""trade_value"": 13775000.0, ""status"": ""filled"", ""filled_quantity"": 50, ""action_reason"": ""HBM 축소설과 노사 갈등 등 단기 부정적 뉴스가 우세하며, 외국인 매도세로 인한 추가 하락 가능성을 고려합니다. 현재 수익 구간에서 일부 매도하여 단일 종목 집중 리스크를 완화하고, 현금 여력을 확보해 MA20 부근 등 더 낮은 가격에서 재매수할 기회를 노립니다.""}, {""turn"": 9, ""date"": ""2026-05-19"", ""action"": ""buy"", ""stock_code"": ""005930"", ""quantity"": 50, ""executed_price"": 274000.0, ""trade_value"": 13700000.0, ""status"": ""filled"", ""filled_quantity"": 50, ""action_reason"": ""27 만 4 천 원대로 내재가치 접근 구간이며, 정부 안전망 기대감으로 하방 경직성이 유지되므로 저평가 매수 기회를 활용합니다.""}, {""turn"": 8, ""date"": ""2026-05-18"", ""action"": ""sell"", ""stock_code"": ""005930"", ""quantity"": 50, ""executed_price"": 281000.0, ""trade_value"": 14050000.0, ""status"": ""filled"", ""filled_quantity"": 50, ""action_reason"": ""오늘 급등으로 안전마진이 축소되었고, 중국 경쟁사 리스크가 장기적으로 존재합니다. 단기 수익을 확정하고 집중 투자 리스크를 관리하기 위해 일부 매도합니다.""}]}"
chunk_012_2026-05-20_2026-05-27,2026-05-20,2,A020,"[3551, 3552, 3553, 3554, 3556, 3564, 3565]",3554,오늘 삼성전자 주식 매도했습니다.,trade_share,like,"[""커뮤니티 인플루언서""]","{""portfolio_summary"": {""state_id"": ""ps_A005_t002"", ""agent_id"": ""A005"", ""turn"": 2, ""date"": ""2026-05-20"", ""cash"": 72100000.0, ""positions"": ""[{\""stock_code\"": \""005930\"", \""quantity\"": 100, \""avg_cost\"": 278000.0, \""current_price\"": 276000.0, \""unrealized_pnl\"": -200000.0, \""unrealized_pnl_rate\"": -0.007194244604316547}]"", ""total_value"": 99700000.0, ""realized_pnl"": -100000.0, ""total_return_rate"": -0.003, ""updated_at"": ""2026-07-16 18:44:58""}, ""recent_trades"": [{""turn"": 10, ""date"": ""2026-05-19"", ""action"": ""buy"", ""stock_code"": ""005930"", ""quantity"": 20, ""executed_price"": 275500.0, ""trade_value"": 5510000.0, ""status"": ""filled"", ""filled_quantity"": 20, ""action_reason"": ""현재가가 평균 매수 단가와 근접하여 추가 손실 부담이 적으며, 내재가치 관점에서 저평가 구간으로 판단됨. 단기 HBM 리스크는 있으나 장기적 반도체 호황과 가치 투자 관점에서 매수 기회로 활용.""}, {""turn"": 9, ""date"": ""2026-05-19"", ""action"": ""buy"", ""stock_code"": ""005930"", ""quantity"": 70, ""executed_price"": 274000.0, ""trade_value"": 19180000.0, ""status"": ""filled"", ""filled_quantity"": 70, ""action_reason"": ""공시가 27 만 4 천 원은 내재가치 접근 구간으로 저평가 매수 기회. 노사 갈등으로 인한 단기 조정 시 현금 여력을 활용하여 매수 단가 하향 및 집중 투자 원칙 반영.""}, {""turn"": 8, ""date"": ""2026-05-18"", ""action"": ""sell"", ""stock_code"": ""005930"", ""quantity"": 50, ""executed_price"": 281000.0, ""trade_value"": 14050000.0, ""status"": ""filled"", ""filled_quantity"": 50, ""action_reason"": ""단기 기술적 저항 (MA5) 과 거래량 감소로 조정 가능성 높음. 수익 실현을 통해 집중 투자 리스크 관리 및 현금 확보.""}]}"
chunk_012_2026-05-20_2026-05-27,2026-05-20,2,A020,"[3551, 3552, 3553, 3554, 3556, 3564, 3565]",3556,"삼성전자, 파업 확정과 HBM 리스크로 인한 방어적 관망",analysis,like,"[""상위 수익자"", ""자산가""]","{""portfolio_summary"": {""state_id"": ""ps_A012_t002"", ""agent_id"": ""A012"", ""turn"": 2, ""date"": ""2026-05-20"", ""cash"": 99960000.0, ""positions"": ""[]"", ""total_value"": 99960000.0, ""realized_pnl"": -40000.0, ""total_return_rate"": -0.0004, ""updated_at"": ""2026-07-16 18:44:58""}, ""recent_trades"": [{""turn"": 10, ""date"": ""2026-05-19"", ""action"": ""sell"", ""stock_code"": ""005930"", ""quantity"": 10, ""executed_price"": 275500.0, ""trade_value"": 2755000.0, ""status"": ""filled"", ""filled_quantity"": 10, ""action_reason"": ""MA5 이탈과 외국인 매도세로 단기 하락세 지속 우려가 강하며, HBM 리스크 해소 전까지 방어적 관망이 필요함. 현재 소량 보유 상태이므로 전량 매도하여 현금화 후 지지선 확인 시 재진입 고려.""}, {""turn"": 9, ""date"": ""2026-05-19"", ""action"": ""buy"", ""stock_code"": ""005930"", ""quantity"": 10, ""executed_price"": 274000.0, ""trade_value"": 2740000.0, ""status"": ""filled"", ""filled_quantity"": 10, ""action_reason"": ""시스템 제약으로 매수 필수이나, 기술적 MA5 하향과 거래량 부진으로 단기 조정 국면이라 판단. 현금 보유 선호 성향에 따라 소량 매수로 제한적 참여.""}, {""turn"": 8, ""date"": ""2026-05-18"", ""action"": ""sell"", ""stock_code"": ""005930"", ""quantity"": 50, ""executed_price"": 281000.0, ""trade_value"": 14050000.0, ""status"": ""filled"", ""filled_quantity"": 50, ""action_reason"": ""MA5 단기 저항 및 거래량 위배로 단기 조정 가능성 높음. 수익 실현 (처분효과) 및 리스크 관리 위해 전량 매도.""}]}"
chunk_012_2026-05-20_2026-05-27,2026-05-20,2,A020,"[3551, 3552, 3553, 3554, 3556, 3564, 3565]",3564,"파업과 HBM 축소설, 삼성전자의 단기 리스크와 내재가치 점검",analysis,like,[],"{""portfolio_summary"": {""state_id"": ""ps_A026_t002"", ""agent_id"": ""A026"", ""turn"": 2, ""date"": ""2026-05-20"", ""cash"": 72100000.0, ""positions"": ""[{\""stock_code\"": \""005930\"", \""quantity\"": 100, \""avg_cost\"": 278000.0, \""current_price\"": 276000.0, \""unrealized_pnl\"": -200000.0, \""unrealized_pnl_rate\"": -0.007194244604316547}]"", ""total_value"": 99700000.0, ""realized_pnl"": -100000.0, ""total_return_rate"": -0.003, ""updated_at"": ""2026-07-16 18:44:58""}, ""recent_trades"": [{""turn"": 10, ""date"": ""2026-05-19"", ""action"": ""sell"", ""stock_code"": ""005930"", ""quantity"": 27, ""executed_price"": 275500.0, ""trade_value"": 7438500.0, ""status"": ""filled"", ""filled_quantity"": 27, ""action_reason"": ""노사 갈등 심화와 HBM 수주 우려로 단기 하방 압력이 지속되므로, 현재 수익 구간에서 일부 매도하여 현금 비중을 확보합니다. 내재가치 저평가 구간은 유지되나, 기술적 지지선 확인 전까지는 방어적 대응이 우선입니다.""}, {""turn"": 9, ""date"": ""2026-05-19"", ""action"": ""buy"", ""stock_code"": ""005930"", ""quantity"": 25, ""executed_price"": 274000.0, ""trade_value"": 6850000.0, ""status"": ""filled"", ""filled_quantity"": 25, ""action_reason"": ""내재가치 대비 저평가 구간이며, 노사 리스크 완화로 장기 낙관적 관점 유지. 단기 기술적 약세로 인해 수량은 제한적으로 매수합니다.""}, {""turn"": 8, ""date"": ""2026-05-18"", ""action"": ""buy"", ""stock_code"": ""005930"", ""quantity"": 60, ""executed_price"": 281000.0, ""trade_value"": 16860000.0, ""status"": ""filled"", ""filled_quantity"": 60, ""action_reason"": ""노사 협상 타결로 하방 리스크가 해소되었고, 현재 주가는 내재가치 대비 저평가 구간으로 판단되어 추가 매수합니다. 울산 반도체 허브 관련 뉴스는 지역 투자자로서 장기 성장에 대한 확신을 줍니다.""}]}"
chunk_012_2026-05-20_2026-05-27,2026-05-20,2,A020,"[3551, 3552, 3553, 3554, 3556, 3564, 3565]",3565,"파업 확정과 HBM 수주 축소, 삼성전자의 향후 전망은?",analysis,unlike,[],"{""portfolio_summary"": {""state_id"": ""ps_A027_t002"", ""agent_id"": ""A027"", ""turn"": 2, ""date"": ""2026-05-20"", ""cash"": 99800000.0, ""positions"": ""[]"", ""total_value"": 99800000.0, ""realized_pnl"": -200000.0, ""total_return_rate"": -0.002, ""updated_at"": ""2026-07-16 18:44:58""}, ""recent_trades"": [{""turn"": 10, ""date"": ""2026-05-19"", ""action"": ""sell"", ""stock_code"": ""005930"", ""quantity"": 50, ""executed_price"": 275500.0, ""trade_value"": 13775000.0, ""status"": ""filled"", ""filled_quantity"": 50, ""action_reason"": ""단기 하락 추세 (MA5 하회) 와 HBM 축소 우려 등 부정적 뉴스에 따라 수익 보호를 위해 보유 물량의 대부분을 매도합니다.""}, {""turn"": 9, ""date"": ""2026-05-19"", ""action"": ""buy"", ""stock_code"": ""005930"", ""quantity"": 10, ""executed_price"": 274000.0, ""trade_value"": 2740000.0, ""status"": ""filled"", ""filled_quantity"": 10, ""action_reason"": ""정부 안전망과 반도체 경쟁력 유지로 중장기 관점에서는 보유 유지가 원칙이나, MA20 지지선 부근에서 방어 가능성과 현금 비중 (86%) 을 고려해 소량 매수합니다.""}, {""turn"": 8, ""date"": ""2026-05-18"", ""action"": ""sell"", ""stock_code"": ""005930"", ""quantity"": 50, ""executed_price"": 281000.0, ""trade_value"": 14050000.0, ""status"": ""filled"", ""filled_quantity"": 50, ""action_reason"": ""MA5 저항선 (282,100 원) 부근과 거래량 감소로 기술적 조정 가능성 높음. 수익 실현 원칙에 따라 보유 수량의 일부 매도.""}]}"
chunk_012_2026-05-20_2026-05-27,2026-05-20,2,A019,"[3551, 3552, 3553, 3564, 3565]",3551,삼성전자 파업 리스크와 내재가치 분석,analysis,like,"[""커뮤니티 인플루언서""]",null
chunk_012_2026-05-20_2026-05-27,2026-05-20,2,A019,"[3551, 3552, 3553, 3564, 3565]",3552,파업과 HBM 루머로 인한 삼성전자 단기 하락 전망,analysis,like,[],null
chunk_012_2026-05-20_2026-05-27,2026-05-20,2,A019,"[3551, 3552, 3553, 3564, 3565]",3553,"삼성전자, 불확실성이 커진 시장에서의 상황 점검",analysis,read,"[""상위 수익자"", ""자산가"", ""커뮤니티 인플루언서""]",null
chunk_012_2026-05-20_2026-05-27,2026-05-20,2,A019,"[3551, 3552, 3553, 3564, 3565]",3564,"파업과 HBM 축소설, 삼성전자의 단기 리스크와 내재가치 점검",analysis,like,[],null
chunk_012_2026-05-20_2026-05-27,2026-05-20,2,A019,"[3551, 3552, 3553, 3564, 3565]",3565,"파업 확정과 HBM 수주 축소, 삼성전자의 향후 전망은?",analysis,unlike,[],null
chunk_012_2026-05-20_2026-05-27,2026-05-20,2,A015,"[3551, 3552, 3553, 3556, 3564, 3565]",3551,삼성전자 파업 리스크와 내재가치 분석,analysis,like,"[""커뮤니티 인플루언서""]","{""portfolio_summary"": {""state_id"": ""ps_A007_t002"", ""agent_id"": ""A007"", ""turn"": 2, ""date"": ""2026-05-20"", ""cash"": 58260000.0, ""positions"": ""[{\""stock_code\"": \""005930\"", \""quantity\"": 150, \""avg_cost\"": 278000.0, \""current_price\"": 276000.0, \""unrealized_pnl\"": -300000.0, \""unrealized_pnl_rate\"": -0.007194244604316547}]"", ""total_value"": 99660000.0, ""realized_pnl"": -40000.0, ""total_return_rate"": -0.0034, ""updated_at"": ""2026-07-16 18:44:58""}, ""recent_trades"": [{""turn"": 10, ""date"": ""2026-05-19"", ""action"": ""sell"", ""stock_code"": ""005930"", ""quantity"": 44, ""executed_price"": 275500.0, ""trade_value"": 12122000.0, ""status"": ""filled"", ""filled_quantity"": 44, ""action_reason"": ""노사 갈등 심화 및 HBM 수급 우려로 단기 약세 지속 예상, 현재 주가는 내재가치 대비 저평가 구간이 아니므로 방어적 관점에서 매도합니다.""}, {""turn"": 9, ""date"": ""2026-05-19"", ""action"": ""sell"", ""stock_code"": ""005930"", ""quantity"": 50, ""executed_price"": 274000.0, ""trade_value"": 13700000.0, ""status"": ""filled"", ""filled_quantity"": 50, ""action_reason"": ""핵심 가치평가 지표 (PER/PB) 부재로 저평가 판단이 불가하여 추가 매수는 자제합니다. 외국인 매도세와 단기 변동성 리스크를 고려하여 수익 실현 및 리스크 관리 차원에서 일부 매도합니다.""}, {""turn"": 8, ""date"": ""2026-05-18"", ""action"": ""sell"", ""stock_code"": ""005930"", ""quantity"": 50, ""executed_price"": 281000.0, ""trade_value"": 14050000.0, ""status"": ""filled"", ""filled_quantity"": 50, ""action_reason"": ""핵심 가치평가 지표 (PE/PB) 부재로 저평가 여부 불명확하며, 정치적 개입과 중국 경쟁사 리스크로 변동성 우려가 큼. 현재 보유 비중이 높아 리스크 분산을 위해 일부 매도합니다.""}]}"
chunk_012_2026-05-20_2026-05-27,2026-05-20,2,A015,"[3551, 3552, 3553, 3556, 3564, 3565]",3552,파업과 HBM 루머로 인한 삼성전자 단기 하락 전망,analysis,like,[],"{""portfolio_summary"": {""state_id"": ""ps_A008_t002"", ""agent_id"": ""A008"", ""turn"": 2, ""date"": ""2026-05-20"", ""cash"": 99800000.0, ""positions"": ""[]"", ""total_value"": 99800000.0, ""realized_pnl"": -200000.0, ""total_return_rate"": -0.002, ""updated_at"": ""2026-07-16 18:44:58""}, ""recent_trades"": [{""turn"": 10, ""date"": ""2026-05-19"", ""action"": ""sell"", ""stock_code"": ""005930"", ""quantity"": 346, ""executed_price"": 275500.0, ""trade_value"": 95323000.0, ""status"": ""filled"", ""filled_quantity"": 346, ""action_reason"": ""MA5 이탈 및 악재 지속으로 단기 하락 추세 확인, 기술적 매도 신호에 따라 손절 및 리스크 회피.""}, {""turn"": 9, ""date"": ""2026-05-19"", ""action"": ""buy"", ""stock_code"": ""005930"", ""quantity"": 10, ""executed_price"": 274000.0, ""trade_value"": 2740000.0, ""status"": ""filled"", ""filled_quantity"": 10, ""action_reason"": ""노사 리스크 완화와 AI 사이클 호재로 중기 상승 기대되나, 단기 기술적 약세로 소량 매수로 진입합니다.""}, {""turn"": 8, ""date"": ""2026-05-18"", ""action"": ""buy"", ""stock_code"": ""005930"", ""quantity"": 20, ""executed_price"": 281000.0, ""trade_value"": 5620000.0, ""status"": ""filled"", ""filled_quantity"": 20, ""action_reason"": ""노사 협상 호재와 AI 성장성에 따른 단기 반등 기대감 (29 만 원대 회복 목표) 을 반영하여 매수. 기술적 지지선 MA20 대비 안전마진 확보 및 수익 구간 진입.""}]}"
chunk_012_2026-05-20_2026-05-27,2026-05-20,2,A015,"[3551, 3552, 3553, 3556, 3564, 3565]",3553,"삼성전자, 불확실성이 커진 시장에서의 상황 점검",analysis,like,"[""상위 수익자"", ""자산가"", ""커뮤니티 인플루언서""]","{""portfolio_summary"": {""state_id"": ""ps_A001_t002"", ""agent_id"": ""A001"", ""turn"": 2, ""date"": ""2026-05-20"", ""cash"": 99998000.0, ""positions"": ""[]"", ""total_value"": 99998000.0, ""realized_pnl"": -2000.0, ""total_return_rate"": -2e-05, ""updated_at"": ""2026-07-16 18:44:57""}, ""recent_trades"": [{""turn"": 10, ""date"": ""2026-05-19"", ""action"": ""sell"", ""stock_code"": ""005930"", ""quantity"": 50, ""executed_price"": 275500.0, ""trade_value"": 13775000.0, ""status"": ""filled"", ""filled_quantity"": 50, ""action_reason"": ""HBM 축소설과 노사 갈등 등 단기 부정적 뉴스가 우세하며, 외국인 매도세로 인한 추가 하락 가능성을 고려합니다. 현재 수익 구간에서 일부 매도하여 단일 종목 집중 리스크를 완화하고, 현금 여력을 확보해 MA20 부근 등 더 낮은 가격에서 재매수할 기회를 노립니다.""}, {""turn"": 9, ""date"": ""2026-05-19"", ""action"": ""buy"", ""stock_code"": ""005930"", ""quantity"": 50, ""executed_price"": 274000.0, ""trade_value"": 13700000.0, ""status"": ""filled"", ""filled_quantity"": 50, ""action_reason"": ""27 만 4 천 원대로 내재가치 접근 구간이며, 정부 안전망 기대감으로 하방 경직성이 유지되므로 저평가 매수 기회를 활용합니다.""}, {""turn"": 8, ""date"": ""2026-05-18"", ""action"": ""sell"", ""stock_code"": ""005930"", ""quantity"": 50, ""executed_price"": 281000.0, ""trade_value"": 14050000.0, ""status"": ""filled"", ""filled_quantity"": 50, ""action_reason"": ""오늘 급등으로 안전마진이 축소되었고, 중국 경쟁사 리스크가 장기적으로 존재합니다. 단기 수익을 확정하고 집중 투자 리스크를 관리하기 위해 일부 매도합니다.""}]}"
chunk_012_2026-05-20_2026-05-27,2026-05-20,2,A015,"[3551, 3552, 3553, 3556, 3564, 3565]",3556,"삼성전자, 파업 확정과 HBM 리스크로 인한 방어적 관망",analysis,like,"[""상위 수익자"", ""자산가""]","{""portfolio_summary"": {""state_id"": ""ps_A012_t002"", ""agent_id"": ""A012"", ""turn"": 2, ""date"": ""2026-05-20"", ""cash"": 99960000.0, ""positions"": ""[]"", ""total_value"": 99960000.0, ""realized_pnl"": -40000.0, ""total_return_rate"": -0.0004, ""updated_at"": ""2026-07-16 18:44:58""}, ""recent_trades"": [{""turn"": 10, ""date"": ""2026-05-19"", ""action"": ""sell"", ""stock_code"": ""005930"", ""quantity"": 10, ""executed_price"": 275500.0, ""trade_value"": 2755000.0, ""status"": ""filled"", ""filled_quantity"": 10, ""action_reason"": ""MA5 이탈과 외국인 매도세로 단기 하락세 지속 우려가 강하며, HBM 리스크 해소 전까지 방어적 관망이 필요함. 현재 소량 보유 상태이므로 전량 매도하여 현금화 후 지지선 확인 시 재진입 고려.""}, {""turn"": 9, ""date"": ""2026-05-19"", ""action"": ""buy"", ""stock_code"": ""005930"", ""quantity"": 10, ""executed_price"": 274000.0, ""trade_value"": 2740000.0, ""status"": ""filled"", ""filled_quantity"": 10, ""action_reason"": ""시스템 제약으로 매수 필수이나, 기술적 MA5 하향과 거래량 부진으로 단기 조정 국면이라 판단. 현금 보유 선호 성향에 따라 소량 매수로 제한적 참여.""}, {""turn"": 8, ""date"": ""2026-05-18"", ""action"": ""sell"", ""stock_code"": ""005930"", ""quantity"": 50, ""executed_price"": 281000.0, ""trade_value"": 14050000.0, ""status"": ""filled"", ""filled_quantity"": 50, ""action_reason"": ""MA5 단기 저항 및 거래량 위배로 단기 조정 가능성 높음. 수익 실현 (처분효과) 및 리스크 관리 위해 전량 매도.""}]}"
chunk_012_2026-05-20_2026-05-27,2026-05-20,2,A015,"[3551, 3552, 3553, 3556, 3564, 3565]",3564,"파업과 HBM 축소설, 삼성전자의 단기 리스크와 내재가치 점검",analysis,read,[],"{""portfolio_summary"": {""state_id"": ""ps_A026_t002"", ""agent_id"": ""A026"", ""turn"": 2, ""date"": ""2026-05-20"", ""cash"": 72100000.0, ""positions"": ""[{\""stock_code\"": \""005930\"", \""quantity\"": 100, \""avg_cost\"": 278000.0, \""current_price\"": 276000.0, \""unrealized_pnl\"": -200000.0, \""unrealized_pnl_rate\"": -0.007194244604316547}]"", ""total_value"": 99700000.0, ""realized_pnl"": -100000.0, ""total_return_rate"": -0.003, ""updated_at"": ""2026-07-16 18:44:58""}, ""recent_trades"": [{""turn"": 10, ""date"": ""2026-05-19"", ""action"": ""sell"", ""stock_code"": ""005930"", ""quantity"": 27, ""executed_price"": 275500.0, ""trade_value"": 7438500.0, ""status"": ""filled"", ""filled_quantity"": 27, ""action_reason"": ""노사 갈등 심화와 HBM 수주 우려로 단기 하방 압력이 지속되므로, 현재 수익 구간에서 일부 매도하여 현금 비중을 확보합니다. 내재가치 저평가 구간은 유지되나, 기술적 지지선 확인 전까지는 방어적 대응이 우선입니다.""}, {""turn"": 9, ""date"": ""2026-05-19"", ""action"": ""buy"", ""stock_code"": ""005930"", ""quantity"": 25, ""executed_price"": 274000.0, ""trade_value"": 6850000.0, ""status"": ""filled"", ""filled_quantity"": 25, ""action_reason"": ""내재가치 대비 저평가 구간이며, 노사 리스크 완화로 장기 낙관적 관점 유지. 단기 기술적 약세로 인해 수량은 제한적으로 매수합니다.""}, {""turn"": 8, ""date"": ""2026-05-18"", ""action"": ""buy"", ""stock_code"": ""005930"", ""quantity"": 60, ""executed_price"": 281000.0, ""trade_value"": 16860000.0, ""status"": ""filled"", ""filled_quantity"": 60, ""action_reason"": ""노사 협상 타결로 하방 리스크가 해소되었고, 현재 주가는 내재가치 대비 저평가 구간으로 판단되어 추가 매수합니다. 울산 반도체 허브 관련 뉴스는 지역 투자자로서 장기 성장에 대한 확신을 줍니다.""}]}"
chunk_012_2026-05-20_2026-05-27,2026-05-20,2,A015,"[3551, 3552, 3553, 3556, 3564, 3565]",3565,"파업 확정과 HBM 수주 축소, 삼성전자의 향후 전망은?",analysis,unlike,[],"{""portfolio_summary"": {""state_id"": ""ps_A027_t002"", ""agent_id"": ""A027"", ""turn"": 2, ""date"": ""2026-05-20"", ""cash"": 99800000.0, ""positions"": ""[]"", ""total_value"": 99800000.0, ""realized_pnl"": -200000.0, ""total_return_rate"": -0.002, ""updated_at"": ""2026-07-16 18:44:58""}, ""recent_trades"": [{""turn"": 10, ""date"": ""2026-05-19"", ""action"": ""sell"", ""stock_code"": ""005930"", ""quantity"": 50, ""executed_price"": 275500.0, ""trade_value"": 13775000.0, ""status"": ""filled"", ""filled_quantity"": 50, ""action_reason"": ""단기 하락 추세 (MA5 하회) 와 HBM 축소 우려 등 부정적 뉴스에 따라 수익 보호를 위해 보유 물량의 대부분을 매도합니다.""}, {""turn"": 9, ""date"": ""2026-05-19"", ""action"": ""buy"", ""stock_code"": ""005930"", ""quantity"": 10, ""executed_price"": 274000.0, ""trade_value"": 2740000.0, ""status"": ""filled"", ""filled_quantity"": 10, ""action_reason"": ""정부 안전망과 반도체 경쟁력 유지로 중장기 관점에서는 보유 유지가 원칙이나, MA20 지지선 부근에서 방어 가능성과 현금 비중 (86%) 을 고려해 소량 매수합니다.""}, {""turn"": 8, ""date"": ""2026-05-18"", ""action"": ""sell"", ""stock_code"": ""005930"", ""quantity"": 50, ""executed_price"": 281000.0, ""trade_value"": 14050000.0, ""status"": ""filled"", ""filled_quantity"": 50, ""action_reason"": ""MA5 저항선 (282,100 원) 부근과 거래량 감소로 기술적 조정 가능성 높음. 수익 실현 원칙에 따라 보유 수량의 일부 매도.""}]}"
chunk_012_2026-05-20_2026-05-27,2026-05-20,2,A017,"[3551, 3552, 3553, 3554, 3556, 3564, 3565]",3551,삼성전자 파업 리스크와 내재가치 분석,analysis,like,"[""커뮤니티 인플루언서""]","{""portfolio_summary"": {""state_id"": ""ps_A007_t002"", ""agent_id"": ""A007"", ""turn"": 2, ""date"": ""2026-05-20"", ""cash"": 58260000.0, ""positions"": ""[{\""stock_code\"": \""005930\"", \""quantity\"": 150, \""avg_cost\"": 278000.0, \""current_price\"": 276000.0, \""unrealized_pnl\"": -300000.0, \""unrealized_pnl_rate\"": -0.007194244604316547}]"", ""total_value"": 99660000.0, ""realized_pnl"": -40000.0, ""total_return_rate"": -0.0034, ""updated_at"": ""2026-07-16 18:44:58""}, ""recent_trades"": [{""turn"": 10, ""date"": ""2026-05-19"", ""action"": ""sell"", ""stock_code"": ""005930"", ""quantity"": 44, ""executed_price"": 275500.0, ""trade_value"": 12122000.0, ""status"": ""filled"", ""filled_quantity"": 44, ""action_reason"": ""노사 갈등 심화 및 HBM 수급 우려로 단기 약세 지속 예상, 현재 주가는 내재가치 대비 저평가 구간이 아니므로 방어적 관점에서 매도합니다.""}, {""turn"": 9, ""date"": ""2026-05-19"", ""action"": ""sell"", ""stock_code"": ""005930"", ""quantity"": 50, ""executed_price"": 274000.0, ""trade_value"": 13700000.0, ""status"": ""filled"", ""filled_quantity"": 50, ""action_reason"": ""핵심 가치평가 지표 (PER/PB) 부재로 저평가 판단이 불가하여 추가 매수는 자제합니다. 외국인 매도세와 단기 변동성 리스크를 고려하여 수익 실현 및 리스크 관리 차원에서 일부 매도합니다.""}, {""turn"": 8, ""date"": ""2026-05-18"", ""action"": ""sell"", ""stock_code"": ""005930"", ""quantity"": 50, ""executed_price"": 281000.0, ""trade_value"": 14050000.0, ""status"": ""filled"", ""filled_quantity"": 50, ""action_reason"": ""핵심 가치평가 지표 (PE/PB) 부재로 저평가 여부 불명확하며, 정치적 개입과 중국 경쟁사 리스크로 변동성 우려가 큼. 현재 보유 비중이 높아 리스크 분산을 위해 일부 매도합니다.""}]}"
chunk_012_2026-05-20_2026-05-27,2026-05-20,2,A017,"[3551, 3552, 3553, 3554, 3556, 3564, 3565]",3552,파업과 HBM 루머로 인한 삼성전자 단기 하락 전망,analysis,like,[],"{""portfolio_summary"": {""state_id"": ""ps_A008_t002"", ""agent_id"": ""A008"", ""turn"": 2, ""date"": ""2026-05-20"", ""cash"": 99800000.0, ""positions"": ""[]"", ""total_value"": 99800000.0, ""realized_pnl"": -200000.0, ""total_return_rate"": -0.002, ""updated_at"": ""2026-07-16 18:44:58""}, ""recent_trades"": [{""turn"": 10, ""date"": ""2026-05-19"", ""action"": ""sell"", ""stock_code"": ""005930"", ""quantity"": 346, ""executed_price"": 275500.0, ""trade_value"": 95323000.0, ""status"": ""filled"", ""filled_quantity"": 346, ""action_reason"": ""MA5 이탈 및 악재 지속으로 단기 하락 추세 확인, 기술적 매도 신호에 따라 손절 및 리스크 회피.""}, {""turn"": 9, ""date"": ""2026-05-19"", ""action"": ""buy"", ""stock_code"": ""005930"", ""quantity"": 10, ""executed_price"": 274000.0, ""trade_value"": 2740000.0, ""status"": ""filled"", ""filled_quantity"": 10, ""action_reason"": ""노사 리스크 완화와 AI 사이클 호재로 중기 상승 기대되나, 단기 기술적 약세로 소량 매수로 진입합니다.""}, {""turn"": 8, ""date"": ""2026-05-18"", ""action"": ""buy"", ""stock_code"": ""005930"", ""quantity"": 20, ""executed_price"": 281000.0, ""trade_value"": 5620000.0, ""status"": ""filled"", ""filled_quantity"": 20, ""action_reason"": ""노사 협상 호재와 AI 성장성에 따른 단기 반등 기대감 (29 만 원대 회복 목표) 을 반영하여 매수. 기술적 지지선 MA20 대비 안전마진 확보 및 수익 구간 진입.""}]}"
chunk_012_2026-05-20_2026-05-27,2026-05-20,2,A017,"[3551, 3552, 3553, 3554, 3556, 3564, 3565]",3553,"삼성전자, 불확실성이 커진 시장에서의 상황 점검",analysis,like,"[""상위 수익자"", ""자산가"", ""커뮤니티 인플루언서""]","{""portfolio_summary"": {""state_id"": ""ps_A001_t002"", ""agent_id"": ""A001"", ""turn"": 2, ""date"": ""2026-05-20"", ""cash"": 99998000.0, ""positions"": ""[]"", ""total_value"": 99998000.0, ""realized_pnl"": -2000.0, ""total_return_rate"": -2e-05, ""updated_at"": ""2026-07-16 18:44:57""}, ""recent_trades"": [{""turn"": 10, ""date"": ""2026-05-19"", ""action"": ""sell"", ""stock_code"": ""005930"", ""quantity"": 50, ""executed_price"": 275500.0, ""trade_value"": 13775000.0, ""status"": ""filled"", ""filled_quantity"": 50, ""action_reason"": ""HBM 축소설과 노사 갈등 등 단기 부정적 뉴스가 우세하며, 외국인 매도세로 인한 추가 하락 가능성을 고려합니다. 현재 수익 구간에서 일부 매도하여 단일 종목 집중 리스크를 완화하고, 현금 여력을 확보해 MA20 부근 등 더 낮은 가격에서 재매수할 기회를 노립니다.""}, {""turn"": 9, ""date"": ""2026-05-19"", ""action"": ""buy"", ""stock_code"": ""005930"", ""quantity"": 50, ""executed_price"": 274000.0, ""trade_value"": 13700000.0, ""status"": ""filled"", ""filled_quantity"": 50, ""action_reason"": ""27 만 4 천 원대로 내재가치 접근 구간이며, 정부 안전망 기대감으로 하방 경직성이 유지되므로 저평가 매수 기회를 활용합니다.""}, {""turn"": 8, ""date"": ""2026-05-18"", ""action"": ""sell"", ""stock_code"": ""005930"", ""quantity"": 50, ""executed_price"": 281000.0, ""trade_value"": 14050000.0, ""status"": ""filled"", ""filled_quantity"": 50, ""action_reason"": ""오늘 급등으로 안전마진이 축소되었고, 중국 경쟁사 리스크가 장기적으로 존재합니다. 단기 수익을 확정하고 집중 투자 리스크를 관리하기 위해 일부 매도합니다.""}]}"
chunk_012_2026-05-20_2026-05-27,2026-05-20,2,A017,"[3551, 3552, 3553, 3554, 3556, 3564, 3565]",3554,오늘 삼성전자 주식 매도했습니다.,trade_share,like,"[""커뮤니티 인플루언서""]","{""portfolio_summary"": {""state_id"": ""ps_A005_t002"", ""agent_id"": ""A005"", ""turn"": 2, ""date"": ""2026-05-20"", ""cash"": 72100000.0, ""positions"": ""[{\""stock_code\"": \""005930\"", \""quantity\"": 100, \""avg_cost\"": 278000.0, \""current_price\"": 276000.0, \""unrealized_pnl\"": -200000.0, \""unrealized_pnl_rate\"": -0.007194244604316547}]"", ""total_value"": 99700000.0, ""realized_pnl"": -100000.0, ""total_return_rate"": -0.003, ""updated_at"": ""2026-07-16 18:44:58""}, ""recent_trades"": [{""turn"": 10, ""date"": ""2026-05-19"", ""action"": ""buy"", ""stock_code"": ""005930"", ""quantity"": 20, ""executed_price"": 275500.0, ""trade_value"": 5510000.0, ""status"": ""filled"", ""filled_quantity"": 20, ""action_reason"": ""현재가가 평균 매수 단가와 근접하여 추가 손실 부담이 적으며, 내재가치 관점에서 저평가 구간으로 판단됨. 단기 HBM 리스크는 있으나 장기적 반도체 호황과 가치 투자 관점에서 매수 기회로 활용.""}, {""turn"": 9, ""date"": ""2026-05-19"", ""action"": ""buy"", ""stock_code"": ""005930"", ""quantity"": 70, ""executed_price"": 274000.0, ""trade_value"": 19180000.0, ""status"": ""filled"", ""filled_quantity"": 70, ""action_reason"": ""공시가 27 만 4 천 원은 내재가치 접근 구간으로 저평가 매수 기회. 노사 갈등으로 인한 단기 조정 시 현금 여력을 활용하여 매수 단가 하향 및 집중 투자 원칙 반영.""}, {""turn"": 8, ""date"": ""2026-05-18"", ""action"": ""sell"", ""stock_code"": ""005930"", ""quantity"": 50, ""executed_price"": 281000.0, ""trade_value"": 14050000.0, ""status"": ""filled"", ""filled_quantity"": 50, ""action_reason"": ""단기 기술적 저항 (MA5) 과 거래량 감소로 조정 가능성 높음. 수익 실현을 통해 집중 투자 리스크 관리 및 현금 확보.""}]}"
chunk_012_2026-05-20_2026-05-27,2026-05-20,2,A017,"[3551, 3552, 3553, 3554, 3556, 3564, 3565]",3556,"삼성전자, 파업 확정과 HBM 리스크로 인한 방어적 관망",analysis,like,"[""상위 수익자"", ""자산가""]","{""portfolio_summary"": {""state_id"": ""ps_A012_t002"", ""agent_id"": ""A012"", ""turn"": 2, ""date"": ""2026-05-20"", ""cash"": 99960000.0, ""positions"": ""[]"", ""total_value"": 99960000.0, ""realized_pnl"": -40000.0, ""total_return_rate"": -0.0004, ""updated_at"": ""2026-07-16 18:44:58""}, ""recent_trades"": [{""turn"": 10, ""date"": ""2026-05-19"", ""action"": ""sell"", ""stock_code"": ""005930"", ""quantity"": 10, ""executed_price"": 275500.0, ""trade_value"": 2755000.0, ""status"": ""filled"", ""filled_quantity"": 10, ""action_reason"": ""MA5 이탈과 외국인 매도세로 단기 하락세 지속 우려가 강하며, HBM 리스크 해소 전까지 방어적 관망이 필요함. 현재 소량 보유 상태이므로 전량 매도하여 현금화 후 지지선 확인 시 재진입 고려.""}, {""turn"": 9, ""date"": ""2026-05-19"", ""action"": ""buy"", ""stock_code"": ""005930"", ""quantity"": 10, ""executed_price"": 274000.0, ""trade_value"": 2740000.0, ""status"": ""filled"", ""filled_quantity"": 10, ""action_reason"": ""시스템 제약으로 매수 필수이나, 기술적 MA5 하향과 거래량 부진으로 단기 조정 국면이라 판단. 현금 보유 선호 성향에 따라 소량 매수로 제한적 참여.""}, {""turn"": 8, ""date"": ""2026-05-18"", ""action"": ""sell"", ""stock_code"": ""005930"", ""quantity"": 50, ""executed_price"": 281000.0, ""trade_value"": 14050000.0, ""status"": ""filled"", ""filled_quantity"": 50, ""action_reason"": ""MA5 단기 저항 및 거래량 위배로 단기 조정 가능성 높음. 수익 실현 (처분효과) 및 리스크 관리 위해 전량 매도.""}]}"
chunk_012_2026-05-20_2026-05-27,2026-05-20,2,A017,"[3551, 3552, 3553, 3554, 3556, 3564, 3565]",3564,"파업과 HBM 축소설, 삼성전자의 단기 리스크와 내재가치 점검",analysis,like,[],"{""portfolio_summary"": {""state_id"": ""ps_A026_t002"", ""agent_id"": ""A026"", ""turn"": 2, ""date"": ""2026-05-20"", ""cash"": 72100000.0, ""positions"": ""[{\""stock_code\"": \""005930\"", \""quantity\"": 100, \""avg_cost\"": 278000.0, \""current_price\"": 276000.0, \""unrealized_pnl\"": -200000.0, \""unrealized_pnl_rate\"": -0.007194244604316547}]"", ""total_value"": 99700000.0, ""realized_pnl"": -100000.0, ""total_return_rate"": -0.003, ""updated_at"": ""2026-07-16 18:44:58""}, ""recent_trades"": [{""turn"": 10, ""date"": ""2026-05-19"", ""action"": ""sell"", ""stock_code"": ""005930"", ""quantity"": 27, ""executed_price"": 275500.0, ""trade_value"": 7438500.0, ""status"": ""filled"", ""filled_quantity"": 27, ""action_reason"": ""노사 갈등 심화와 HBM 수주 우려로 단기 하방 압력이 지속되므로, 현재 수익 구간에서 일부 매도하여 현금 비중을 확보합니다. 내재가치 저평가 구간은 유지되나, 기술적 지지선 확인 전까지는 방어적 대응이 우선입니다.""}, {""turn"": 9, ""date"": ""2026-05-19"", ""action"": ""buy"", ""stock_code"": ""005930"", ""quantity"": 25, ""executed_price"": 274000.0, ""trade_value"": 6850000.0, ""status"": ""filled"", ""filled_quantity"": 25, ""action_reason"": ""내재가치 대비 저평가 구간이며, 노사 리스크 완화로 장기 낙관적 관점 유지. 단기 기술적 약세로 인해 수량은 제한적으로 매수합니다.""}, {""turn"": 8, ""date"": ""2026-05-18"", ""action"": ""buy"", ""stock_code"": ""005930"", ""quantity"": 60, ""executed_price"": 281000.0, ""trade_value"": 16860000.0, ""status"": ""filled"", ""filled_quantity"": 60, ""action_reason"": ""노사 협상 타결로 하방 리스크가 해소되었고, 현재 주가는 내재가치 대비 저평가 구간으로 판단되어 추가 매수합니다. 울산 반도체 허브 관련 뉴스는 지역 투자자로서 장기 성장에 대한 확신을 줍니다.""}]}"
chunk_012_2026-05-20_2026-05-27,2026-05-20,2,A017,"[3551, 3552, 3553, 3554, 3556, 3564, 3565]",3565,"파업 확정과 HBM 수주 축소, 삼성전자의 향후 전망은?",analysis,unlike,[],"{""portfolio_summary"": {""state_id"": ""ps_A027_t002"", ""agent_id"": ""A027"", ""turn"": 2, ""date"": ""2026-05-20"", ""cash"": 99800000.0, ""positions"": ""[]"", ""total_value"": 99800000.0, ""realized_pnl"": -200000.0, ""total_return_rate"": -0.002, ""updated_at"": ""2026-07-16 18:44:58""}, ""recent_trades"": [{""turn"": 10, ""date"": ""2026-05-19"", ""action"": ""sell"", ""stock_code"": ""005930"", ""quantity"": 50, ""executed_price"": 275500.0, ""trade_value"": 13775000.0, ""status"": ""filled"", ""filled_quantity"": 50, ""action_reason"": ""단기 하락 추세 (MA5 하회) 와 HBM 축소 우려 등 부정적 뉴스에 따라 수익 보호를 위해 보유 물량의 대부분을 매도합니다.""}, {""turn"": 9, ""date"": ""2026-05-19"", ""action"": ""buy"", ""stock_code"": ""005930"", ""quantity"": 10, ""executed_price"": 274000.0, ""trade_value"": 2740000.0, ""status"": ""filled"", ""filled_quantity"": 10, ""action_reason"": ""정부 안전망과 반도체 경쟁력 유지로 중장기 관점에서는 보유 유지가 원칙이나, MA20 지지선 부근에서 방어 가능성과 현금 비중 (86%) 을 고려해 소량 매수합니다.""}, {""turn"": 8, ""date"": ""2026-05-18"", ""action"": ""sell"", ""stock_code"": ""005930"", ""quantity"": 50, ""executed_price"": 281000.0, ""trade_value"": 14050000.0, ""status"": ""filled"", ""filled_quantity"": 50, ""action_reason"": ""MA5 저항선 (282,100 원) 부근과 거래량 감소로 기술적 조정 가능성 높음. 수익 실현 원칙에 따라 보유 수량의 일부 매도.""}]}"
chunk_012_2026-05-20_2026-05-27,2026-05-20,2,A026,"[3551, 3552, 3553, 3556, 3565]",3551,삼성전자 파업 리스크와 내재가치 분석,analysis,like,"[""커뮤니티 인플루언서""]",null
chunk_012_2026-05-20_2026-05-27,2026-05-20,2,A026,"[3551, 3552, 3553, 3556, 3565]",3552,파업과 HBM 루머로 인한 삼성전자 단기 하락 전망,analysis,like,[],null
chunk_012_2026-05-20_2026-05-27,2026-05-20,2,A026,"[3551, 3552, 3553, 3556, 3565]",3553,"삼성전자, 불확실성이 커진 시장에서의 상황 점검",analysis,read,"[""상위 수익자"", ""자산가"", ""커뮤니티 인플루언서""]",null
chunk_012_2026-05-20_2026-05-27,2026-05-20,2,A026,"[3551, 3552, 3553, 3556, 3565]",3556,"삼성전자, 파업 확정과 HBM 리스크로 인한 방어적 관망",analysis,like,"[""상위 수익자"", ""자산가""]",null
chunk_012_2026-05-20_2026-05-27,2026-05-20,2,A026,"[3551, 3552, 3553, 3556, 3565]",3565,"파업 확정과 HBM 수주 축소, 삼성전자의 향후 전망은?",analysis,unlike,[],null
chunk_012_2026-05-20_2026-05-27,2026-05-20,2,A022,"[3551, 3552, 3553, 3564, 3565]",3551,삼성전자 파업 리스크와 내재가치 분석,analysis,like,"[""커뮤니티 인플루언서""]",null
chunk_012_2026-05-20_2026-05-27,2026-05-20,2,A022,"[3551, 3552, 3553, 3564, 3565]",3552,파업과 HBM 루머로 인한 삼성전자 단기 하락 전망,analysis,like,[],null
chunk_012_2026-05-20_2026-05-27,2026-05-20,2,A022,"[3551, 3552, 3553, 3564, 3565]",3553,"삼성전자, 불확실성이 커진 시장에서의 상황 점검",analysis,read,"[""상위 수익자"", ""자산가"", ""커뮤니티 인플루언서""]",null
chunk_012_2026-05-20_2026-05-27,2026-05-20,2,A022,"[3551, 3552, 3553, 3564, 3565]",3564,"파업과 HBM 축소설, 삼성전자의 단기 리스크와 내재가치 점검",analysis,like,[],null
chunk_012_2026-05-20_2026-05-27,2026-05-20,2,A022,"[3551, 3552, 3553, 3564, 3565]",3565,"파업 확정과 HBM 수주 축소, 삼성전자의 향후 전망은?",analysis,unlike,[],null
chunk_012_2026-05-20_2026-05-27,2026-05-20,2,A025,"[3551, 3552, 3553, 3564, 3565]",3551,삼성전자 파업 리스크와 내재가치 분석,analysis,like,"[""커뮤니티 인플루언서""]",null
chunk_012_2026-05-20_2026-05-27,2026-05-20,2,A025,"[3551, 3552, 3553, 3564, 3565]",3552,파업과 HBM 루머로 인한 삼성전자 단기 하락 전망,analysis,like,[],null
chunk_012_2026-05-20_2026-05-27,2026-05-20,2,A025,"[3551, 3552, 3553, 3564, 3565]",3553,"삼성전자, 불확실성이 커진 시장에서의 상황 점검",analysis,read,"[""상위 수익자"", ""자산가"", ""커뮤니티 인플루언서""]",null
chunk_012_2026-05-20_2026-05-27,2026-05-20,2,A025,"[3551, 3552, 3553, 3564, 3565]",3564,"파업과 HBM 축소설, 삼성전자의 단기 리스크와 내재가치 점검",analysis,like,[],null
chunk_012_2026-05-20_2026-05-27,2026-05-20,2,A025,"[3551, 3552, 3553, 3564, 3565]",3565,"파업 확정과 HBM 수주 축소, 삼성전자의 향후 전망은?",analysis,unlike,[],null
chunk_012_2026-05-20_2026-05-27,2026-05-20,2,A027,"[3551, 3552, 3553, 3556, 3564]",3551,삼성전자 파업 리스크와 내재가치 분석,analysis,like,"[""커뮤니티 인플루언서""]",null
chunk_012_2026-05-20_2026-05-27,2026-05-20,2,A027,"[3551, 3552, 3553, 3556, 3564]",3552,파업과 HBM 루머로 인한 삼성전자 단기 하락 전망,analysis,like,[],null
chunk_012_2026-05-20_2026-05-27,2026-05-20,2,A027,"[3551, 3552, 3553, 3556, 3564]",3553,"삼성전자, 불확실성이 커진 시장에서의 상황 점검",analysis,read,"[""상위 수익자"", ""자산가"", ""커뮤니티 인플루언서""]",null
chunk_012_2026-05-20_2026-05-27,2026-05-20,2,A027,"[3551, 3552, 3553, 3556, 3564]",3556,"삼성전자, 파업 확정과 HBM 리스크로 인한 방어적 관망",analysis,like,"[""상위 수익자"", ""자산가""]",null
chunk_012_2026-05-20_2026-05-27,2026-05-20,2,A027,"[3551, 3552, 3553, 3556, 3564]",3564,"파업과 HBM 축소설, 삼성전자의 단기 리스크와 내재가치 점검",analysis,unlike,[],null
chunk_012_2026-05-20_2026-05-27,2026-05-21,4,A004,"[3575, 3579, 3566, 3570, 3581]",3575,삼성전자 주가 급등에 대한 경계와 변수들,analysis,like,"[""커뮤니티 인플루언서""]",null
chunk_012_2026-05-20_2026-05-27,2026-05-21,4,A004,"[3575, 3579, 3566, 3570, 3581]",3579,"삼성전자, 단기 과열 우려와 내재가치 리스크에 대한 고찰",analysis,like,"[""커뮤니티 인플루언서""]",null
chunk_012_2026-05-20_2026-05-27,2026-05-21,4,A004,"[3575, 3579, 3566, 3570, 3581]",3566,오늘 삼성전자 매수했습니다!,trade_share,unlike,[],null
chunk_012_2026-05-20_2026-05-27,2026-05-21,4,A004,"[3575, 3579, 3566, 3570, 3581]",3570,급등에 따른 삼성전자 매도 거래 공유합니다,trade_share,like,"[""커뮤니티 인플루언서""]",null
chunk_012_2026-05-20_2026-05-27,2026-05-21,4,A004,"[3575, 3579, 3566, 3570, 3581]",3581,[매수 소식] 삼성전자 25주 매수했습니다!,trade_share,unlike,"[""상위 수익자"", ""자산가""]",null
chunk_012_2026-05-20_2026-05-27,2026-05-21,4,A003,"[3567, 3575, 3579, 3566, 3580]",3567,"삼성전자, 파업 해소와 기술적 돌파의 의미",analysis,read,[],null
chunk_012_2026-05-20_2026-05-27,2026-05-21,4,A003,"[3567, 3575, 3579, 3566, 3580]",3575,삼성전자 주가 급등에 대한 경계와 변수들,analysis,like,"[""커뮤니티 인플루언서""]",null
chunk_012_2026-05-20_2026-05-27,2026-05-21,4,A003,"[3567, 3575, 3579, 3566, 3580]",3579,"삼성전자, 단기 과열 우려와 내재가치 리스크에 대한 고찰",analysis,like,"[""커뮤니티 인플루언서""]",null
chunk_012_2026-05-20_2026-05-27,2026-05-21,4,A003,"[3567, 3575, 3579, 3566, 3580]",3566,오늘 삼성전자 매수했습니다!,trade_share,unlike,[],null
chunk_012_2026-05-20_2026-05-27,2026-05-21,4,A003,"[3567, 3575, 3579, 3566, 3580]",3580,오늘 삼성전자 50주 매도했습니다.,trade_share,like,[],null
chunk_012_2026-05-20_2026-05-27,2026-05-21,4,A007,"[3567, 3579, 3580, 3566, 3581]",3567,"삼성전자, 파업 해소와 기술적 돌파의 의미",analysis,read,[],"{""portfolio_summary"": {""state_id"": ""ps_A004_t004"", ""agent_id"": ""A004"", ""turn"": 4, ""date"": ""2026-05-21"", ""cash"": 70999500.0, ""positions"": ""[{\""stock_code\"": \""005930\"", \""quantity\"": 99, \""avg_cost\"": 291000.0, \""current_price\"": 299500.0, \""unrealized_pnl\"": 841500.0, \""unrealized_pnl_rate\"": 0.029209621993127148}]"", ""total_value"": 100650000.0, ""realized_pnl"": -191500.0, ""total_return_rate"": 0.0065, ""updated_at"": ""2026-07-16 19:04:09""}, ""recent_trades"": [{""turn"": 10, ""date"": ""2026-05-19"", ""action"": ""sell"", ""stock_code"": ""005930"", ""quantity"": 100, ""executed_price"": 275500.0, ""trade_value"": 27550000.0, ""status"": ""filled"", ""filled_quantity"": 100, ""action_reason"": ""MA5 하향 돌파 및 HBM 축소 우려 등 부정적 뉴스에 따른 단기 하락 압력. 수익 구간에서 처분효과에 따라 일부 매도하여 리스크 축소.""}, {""turn"": 9, ""date"": ""2026-05-19"", ""action"": ""sell"", ""stock_code"": ""005930"", ""quantity"": 50, ""executed_price"": 274000.0, ""trade_value"": 13700000.0, ""status"": ""filled"", ""filled_quantity"": 50, ""action_reason"": ""수익 구간 (274,000 원) 에서 처분 효과에 따라 수익 확정 매도. MA5 하향 돌파로 단기 약세 신호 확인.""}, {""turn"": 8, ""date"": ""2026-05-18"", ""action"": ""sell"", ""stock_code"": ""005930"", ""quantity"": 50, ""executed_price"": 281000.0, ""trade_value"": 14050000.0, ""status"": ""filled"", ""filled_quantity"": 50, ""action_reason"": ""MA5(282,100 원) 저항선 부근과 거래량 감소 (-11.8%) 로 단기 조정 우려가 있어 수익을 확정합니다.""}]}"
chunk_012_2026-05-20_2026-05-27,2026-05-21,4,A007,"[3567, 3579, 3580, 3566, 3581]",3579,"삼성전자, 단기 과열 우려와 내재가치 리스크에 대한 고찰",analysis,like,"[""커뮤니티 인플루언서""]","{""portfolio_summary"": {""state_id"": ""ps_A015_t004"", ""agent_id"": ""A015"", ""turn"": 4, ""date"": ""2026-05-21"", ""cash"": 98405000.0, ""positions"": ""[{\""stock_code\"": \""005930\"", \""quantity\"": 10, \""avg_cost\"": 299500.0, \""current_price\"": 299500.0, \""unrealized_pnl\"": 0.0, \""unrealized_pnl_rate\"": 0.0}]"", ""total_value"": 101400000.0, ""realized_pnl"": 1400000.0, ""total_return_rate"": 0.014, ""updated_at"": ""2026-07-16 19:04:10""}, ""recent_trades"": [{""turn"": 10, ""date"": ""2026-05-19"", ""action"": ""buy"", ""stock_code"": ""005930"", ""quantity"": 50, ""executed_price"": 275500.0, ""trade_value"": 13775000.0, ""status"": ""filled"", ""filled_quantity"": 50, ""action_reason"": ""실적 기반 내재가치가 견고하고 현재 주가는 저평가 구간으로 판단되어 단기 공포로 인한 매수 기회로 활용합니다.""}, {""turn"": 9, ""date"": ""2026-05-19"", ""action"": ""buy"", ""stock_code"": ""005930"", ""quantity"": 50, ""executed_price"": 274000.0, ""trade_value"": 13700000.0, ""status"": ""filled"", ""filled_quantity"": 50, ""action_reason"": ""전일 종가 대비 주가 하락으로 밸류에이션 매력 개선, 내재가치 관점에서 저가 매수 기회로 판단. 외국인 매도세 리스크 존재하나 가치 투자 원칙에 따라 제한적 매수 실행.""}, {""turn"": 8, ""date"": ""2026-05-18"", ""action"": ""buy"", ""stock_code"": ""005930"", ""quantity"": 100, ""executed_price"": 281000.0, ""trade_value"": 28100000.0, ""status"": ""filled"", ""filled_quantity"": 100, ""action_reason"": ""파업 리스크 완화 및 반도체 업황 호조로 중장기 가치 투자 매력 부각. 단, 거래량 감소로 인한 단기 조정 가능성 고려하여 분할 매수 전략 적용.""}]}"
chunk_012_2026-05-20_2026-05-27,2026-05-21,4,A007,"[3567, 3579, 3580, 3566, 3581]",3580,오늘 삼성전자 50주 매도했습니다.,trade_share,like,[],"{""portfolio_summary"": {""state_id"": ""ps_A019_t004"", ""agent_id"": ""A019"", ""turn"": 4, ""date"": ""2026-05-21"", ""cash"": 100325000.0, ""positions"": ""[]"", ""total_value"": 100325000.0, ""realized_pnl"": 325000.0, ""total_return_rate"": 0.00325, ""updated_at"": ""2026-07-16 19:04:10""}, ""recent_trades"": [{""turn"": 10, ""date"": ""2026-05-19"", ""action"": ""sell"", ""stock_code"": ""005930"", ""quantity"": 50, ""executed_price"": 275500.0, ""trade_value"": 13775000.0, ""status"": ""filled"", ""filled_quantity"": 50, ""action_reason"": ""노사 갈등과 HBM 수주 축소 우려로 단기 하방 리스크가 명확하며, 현재 주가는 안전마진 부족으로 판단됨. 현금 비중을 높여 리스크를 회피하고 향후 저평가 구간 매수를 대비함.""}, {""turn"": 9, ""date"": ""2026-05-19"", ""action"": ""buy"", ""stock_code"": ""005930"", ""quantity"": 50, ""executed_price"": 274000.0, ""trade_value"": 13700000.0, ""status"": ""filled"", ""filled_quantity"": 50, ""action_reason"": ""시스템의 매수 강제 조건에 따라 소량 매수 진행. 노사 갈등 리스크로 인해 내재가치 매수 시점을 기다리는 것이 원칙이나, 포트폴리오 진입 필요성에 따라 현금의 10% 이내 소량으로 진입하여 추후 추가 매수 여력 확보.""}, {""turn"": 8, ""date"": ""2026-05-18"", ""action"": ""sell"", ""stock_code"": ""005930"", ""quantity"": 100, ""executed_price"": 281000.0, ""trade_value"": 28100000.0, ""status"": ""filled"", ""filled_quantity"": 100, ""action_reason"": ""현재가 281,000 원은 평균 매수 단가 대비 수익 상태이므로 처분효과에 따라 수익 실현 매도를 실행합니다. 또한 MA5(282,100 원) 부근의 기술적 저항과 거래량 감소로 인한 상승 지속성 의심을 고려하여 전량 매도합니다.""}]}"
chunk_012_2026-05-20_2026-05-27,2026-05-21,4,A007,"[3567, 3579, 3580, 3566, 3581]",3566,오늘 삼성전자 매수했습니다!,trade_share,unlike,[],"{""portfolio_summary"": {""state_id"": ""ps_A008_t004"", ""agent_id"": ""A008"", ""turn"": 4, ""date"": ""2026-05-21"", ""cash"": 26079000.0, ""positions"": ""[{\""stock_code\"": \""005930\"", \""quantity\"": 251, \""avg_cost\"": 293709.1633466135, \""current_price\"": 299500.0, \""unrealized_pnl\"": 1453500.0000000054, \""unrealized_pnl_rate\"": 0.019716227397892125}]"", ""total_value"": 101253500.0, ""realized_pnl"": -200000.0, ""total_return_rate"": 0.012535, ""updated_at"": ""2026-07-16 19:04:09""}, ""recent_trades"": [{""turn"": 10, ""date"": ""2026-05-19"", ""action"": ""sell"", ""stock_code"": ""005930"", ""quantity"": 346, ""executed_price"": 275500.0, ""trade_value"": 95323000.0, ""status"": ""filled"", ""filled_quantity"": 346, ""action_reason"": ""MA5 이탈 및 악재 지속으로 단기 하락 추세 확인, 기술적 매도 신호에 따라 손절 및 리스크 회피.""}, {""turn"": 9, ""date"": ""2026-05-19"", ""action"": ""buy"", ""stock_code"": ""005930"", ""quantity"": 10, ""executed_price"": 274000.0, ""trade_value"": 2740000.0, ""status"": ""filled"", ""filled_quantity"": 10, ""action_reason"": ""노사 리스크 완화와 AI 사이클 호재로 중기 상승 기대되나, 단기 기술적 약세로 소량 매수로 진입합니다.""}, {""turn"": 8, ""date"": ""2026-05-18"", ""action"": ""buy"", ""stock_code"": ""005930"", ""quantity"": 20, ""executed_price"": 281000.0, ""trade_value"": 5620000.0, ""status"": ""filled"", ""filled_quantity"": 20, ""action_reason"": ""노사 협상 호재와 AI 성장성에 따른 단기 반등 기대감 (29 만 원대 회복 목표) 을 반영하여 매수. 기술적 지지선 MA20 대비 안전마진 확보 및 수익 구간 진입.""}]}"
chunk_012_2026-05-20_2026-05-27,2026-05-21,4,A007,"[3567, 3579, 3580, 3566, 3581]",3581,[매수 소식] 삼성전자 25주 매수했습니다!,trade_share,unlike,"[""상위 수익자"", ""자산가""]","{""portfolio_summary"": {""state_id"": ""ps_A020_t004"", ""agent_id"": ""A020"", ""turn"": 4, ""date"": ""2026-05-21"", ""cash"": 10908500.0, ""positions"": ""[{\""stock_code\"": \""005930\"", \""quantity\"": 316, \""avg_cost\"": 281935.12658227846, \""current_price\"": 299500.0, \""unrealized_pnl\"": 5550500.000000006, \""unrealized_pnl_rate\"": 0.062301117390547986}]"", ""total_value"": 105550500.0, ""realized_pnl"": 0.0, ""total_return_rate"": 0.055505, ""updated_at"": ""2026-07-16 19:04:10""}, ""recent_trades"": [{""turn"": 10, ""date"": ""2026-05-19"", ""action"": ""buy"", ""stock_code"": ""005930"", ""quantity"": 50, ""executed_price"": 275500.0, ""trade_value"": 13775000.0, ""status"": ""filled"", ""filled_quantity"": 50, ""action_reason"": ""실적 호조와 외국인 매도세 회전으로 하방 경직성 확보되어 매수 기회로 판단하며, 현금 비중 65% 로 여유 자금이 충분함.""}, {""turn"": 9, ""date"": ""2026-05-19"", ""action"": ""sell"", ""stock_code"": ""005930"", ""quantity"": 20, ""executed_price"": 274000.0, ""trade_value"": 5480000.0, ""status"": ""filled"", ""filled_quantity"": 20, ""action_reason"": ""MA5 이탈 및 외국인 대규모 매도로 단기 하방 압력 확인. 기술적 지표 우선 원칙에 따라 손절 라인 설정을 위해 일부 매도.""}, {""turn"": 8, ""date"": ""2026-05-18"", ""action"": ""sell"", ""stock_code"": ""005930"", ""quantity"": 50, ""executed_price"": 281000.0, ""trade_value"": 14050000.0, ""status"": ""filled"", ""filled_quantity"": 50, ""action_reason"": ""MA5(282,100 원) 저항선 부근에서 거래량 감소 (-11.8%) 로 상승 모멘텀 지속성 의문. 기술적 돌파 신호 확인 전까지 방어적 매도로 리스크 축소.""}]}"
chunk_012_2026-05-20_2026-05-27,2026-05-21,4,A010,"[3567, 3575, 3579, 3580, 3584]",3567,"삼성전자, 파업 해소와 기술적 돌파의 의미",analysis,read,[],null
chunk_012_2026-05-20_2026-05-27,2026-05-21,4,A010,"[3567, 3575, 3579, 3580, 3584]",3575,삼성전자 주가 급등에 대한 경계와 변수들,analysis,like,"[""커뮤니티 인플루언서""]",null
chunk_012_2026-05-20_2026-05-27,2026-05-21,4,A010,"[3567, 3575, 3579, 3580, 3584]",3579,"삼성전자, 단기 과열 우려와 내재가치 리스크에 대한 고찰",analysis,like,"[""커뮤니티 인플루언서""]",null
chunk_012_2026-05-20_2026-05-27,2026-05-21,4,A010,"[3567, 3575, 3579, 3580, 3584]",3580,오늘 삼성전자 50주 매도했습니다.,trade_share,like,[],null
chunk_012_2026-05-20_2026-05-27,2026-05-21,4,A010,"[3567, 3575, 3579, 3580, 3584]",3584,오늘 삼성전자 추가 매수했습니다!,trade_share,unlike,[],null
chunk_012_2026-05-20_2026-05-27,2026-05-21,4,A006,"[3567, 3575, 3579, 3566, 3580]",3567,"삼성전자, 파업 해소와 기술적 돌파의 의미",analysis,read,[],null
chunk_012_2026-05-20_2026-05-27,2026-05-21,4,A006,"[3567, 3575, 3579, 3566, 3580]",3575,삼성전자 주가 급등에 대한 경계와 변수들,analysis,like,"[""커뮤니티 인플루언서""]",null
chunk_012_2026-05-20_2026-05-27,2026-05-21,4,A006,"[3567, 3575, 3579, 3566, 3580]",3579,"삼성전자, 단기 과열 우려와 내재가치 리스크에 대한 고찰",analysis,like,"[""커뮤니티 인플루언서""]",null
chunk_012_2026-05-20_2026-05-27,2026-05-21,4,A006,"[3567, 3575, 3579, 3566, 3580]",3566,오늘 삼성전자 매수했습니다!,trade_share,unlike,[],null
chunk_012_2026-05-20_2026-05-27,2026-05-21,4,A006,"[3567, 3575, 3579, 3566, 3580]",3580,오늘 삼성전자 50주 매도했습니다.,trade_share,like,[],null
chunk_012_2026-05-20_2026-05-27,2026-05-21,4,A001,"[3567, 3575, 3579, 3566, 3580]",3567,"삼성전자, 파업 해소와 기술적 돌파의 의미",analysis,read,[],null
chunk_012_2026-05-20_2026-05-27,2026-05-21,4,A001,"[3567, 3575, 3579, 3566, 3580]",3575,삼성전자 주가 급등에 대한 경계와 변수들,analysis,like,"[""커뮤니티 인플루언서""]",null
chunk_012_2026-05-20_2026-05-27,2026-05-21,4,A001,"[3567, 3575, 3579, 3566, 3580]",3579,"삼성전자, 단기 과열 우려와 내재가치 리스크에 대한 고찰",analysis,like,"[""커뮤니티 인플루언서""]",null
chunk_012_2026-05-20_2026-05-27,2026-05-21,4,A001,"[3567, 3575, 3579, 3566, 3580]",3566,오늘 삼성전자 매수했습니다!,trade_share,unlike,[],null
chunk_012_2026-05-20_2026-05-27,2026-05-21,4,A001,"[3567, 3575, 3579, 3566, 3580]",3580,오늘 삼성전자 50주 매도했습니다.,trade_share,like,[],null
chunk_012_2026-05-20_2026-05-27,2026-05-21,4,A008,"[3567, 3575, 3579, 3568, 3570]",3567,"삼성전자, 파업 해소와 기술적 돌파의 의미",analysis,read,[],null
chunk_012_2026-05-20_2026-05-27,2026-05-21,4,A008,"[3567, 3575, 3579, 3568, 3570]",3575,삼성전자 주가 급등에 대한 경계와 변수들,analysis,like,"[""커뮤니티 인플루언서""]",null
chunk_012_2026-05-20_2026-05-27,2026-05-21,4,A008,"[3567, 3575, 3579, 3568, 3570]",3579,"삼성전자, 단기 과열 우려와 내재가치 리스크에 대한 고찰",analysis,like,"[""커뮤니티 인플루언서""]",null
chunk_012_2026-05-20_2026-05-27,2026-05-21,4,A008,"[3567, 3575, 3579, 3568, 3570]",3568,오늘 삼성전자 일부 매도했습니다!,trade_share,unlike,"[""커뮤니티 인플루언서""]",null
chunk_012_2026-05-20_2026-05-27,2026-05-21,4,A008,"[3567, 3575, 3579, 3568, 3570]",3570,급등에 따른 삼성전자 매도 거래 공유합니다,trade_share,unlike,"[""커뮤니티 인플루언서""]",null
chunk_012_2026-05-20_2026-05-27,2026-05-21,4,A005,"[3567, 3575, 3579, 3580, 3584]",3567,"삼성전자, 파업 해소와 기술적 돌파의 의미",analysis,read,[],null
chunk_012_2026-05-20_2026-05-27,2026-05-21,4,A005,"[3567, 3575, 3579, 3580, 3584]",3575,삼성전자 주가 급등에 대한 경계와 변수들,analysis,like,"[""커뮤니티 인플루언서""]",null
chunk_012_2026-05-20_2026-05-27,2026-05-21,4,A005,"[3567, 3575, 3579, 3580, 3584]",3579,"삼성전자, 단기 과열 우려와 내재가치 리스크에 대한 고찰",analysis,like,"[""커뮤니티 인플루언서""]",null
chunk_012_2026-05-20_2026-05-27,2026-05-21,4,A005,"[3567, 3575, 3579, 3580, 3584]",3580,오늘 삼성전자 50주 매도했습니다.,trade_share,like,[],null
chunk_012_2026-05-20_2026-05-27,2026-05-21,4,A005,"[3567, 3575, 3579, 3580, 3584]",3584,오늘 삼성전자 추가 매수했습니다!,trade_share,unlike,[],null
chunk_012_2026-05-20_2026-05-27,2026-05-21,4,A015,"[3567, 3570, 3575, 3580]",3567,"삼성전자, 파업 해소와 기술적 돌파의 의미",analysis,like,[],"{""portfolio_summary"": {""state_id"": ""ps_A004_t004"", ""agent_id"": ""A004"", ""turn"": 4, ""date"": ""2026-05-21"", ""cash"": 70999500.0, ""positions"": ""[{\""stock_code\"": \""005930\"", \""quantity\"": 99, \""avg_cost\"": 291000.0, \""current_price\"": 299500.0, \""unrealized_pnl\"": 841500.0, \""unrealized_pnl_rate\"": 0.029209621993127148}]"", ""total_value"": 100650000.0, ""realized_pnl"": -191500.0, ""total_return_rate"": 0.0065, ""updated_at"": ""2026-07-16 19:04:09""}, ""recent_trades"": [{""turn"": 10, ""date"": ""2026-05-19"", ""action"": ""sell"", ""stock_code"": ""005930"", ""quantity"": 100, ""executed_price"": 275500.0, ""trade_value"": 27550000.0, ""status"": ""filled"", ""filled_quantity"": 100, ""action_reason"": ""MA5 하향 돌파 및 HBM 축소 우려 등 부정적 뉴스에 따른 단기 하락 압력. 수익 구간에서 처분효과에 따라 일부 매도하여 리스크 축소.""}, {""turn"": 9, ""date"": ""2026-05-19"", ""action"": ""sell"", ""stock_code"": ""005930"", ""quantity"": 50, ""executed_price"": 274000.0, ""trade_value"": 13700000.0, ""status"": ""filled"", ""filled_quantity"": 50, ""action_reason"": ""수익 구간 (274,000 원) 에서 처분 효과에 따라 수익 확정 매도. MA5 하향 돌파로 단기 약세 신호 확인.""}, {""turn"": 8, ""date"": ""2026-05-18"", ""action"": ""sell"", ""stock_code"": ""005930"", ""quantity"": 50, ""executed_price"": 281000.0, ""trade_value"": 14050000.0, ""status"": ""filled"", ""filled_quantity"": 50, ""action_reason"": ""MA5(282,100 원) 저항선 부근과 거래량 감소 (-11.8%) 로 단기 조정 우려가 있어 수익을 확정합니다.""}]}"
chunk_012_2026-05-20_2026-05-27,2026-05-21,4,A015,"[3567, 3570, 3575, 3580]",3570,급등에 따른 삼성전자 매도 거래 공유합니다,trade_share,unlike,"[""커뮤니티 인플루언서""]","{""portfolio_summary"": {""state_id"": ""ps_A001_t004"", ""agent_id"": ""A001"", ""turn"": 4, ""date"": ""2026-05-21"", ""cash"": 100848000.0, ""positions"": ""[]"", ""total_value"": 100848000.0, ""realized_pnl"": 848000.0, ""total_return_rate"": 0.00848, ""updated_at"": ""2026-07-16 19:04:09""}, ""recent_trades"": [{""turn"": 10, ""date"": ""2026-05-19"", ""action"": ""sell"", ""stock_code"": ""005930"", ""quantity"": 50, ""executed_price"": 275500.0, ""trade_value"": 13775000.0, ""status"": ""filled"", ""filled_quantity"": 50, ""action_reason"": ""HBM 축소설과 노사 갈등 등 단기 부정적 뉴스가 우세하며, 외국인 매도세로 인한 추가 하락 가능성을 고려합니다. 현재 수익 구간에서 일부 매도하여 단일 종목 집중 리스크를 완화하고, 현금 여력을 확보해 MA20 부근 등 더 낮은 가격에서 재매수할 기회를 노립니다.""}, {""turn"": 9, ""date"": ""2026-05-19"", ""action"": ""buy"", ""stock_code"": ""005930"", ""quantity"": 50, ""executed_price"": 274000.0, ""trade_value"": 13700000.0, ""status"": ""filled"", ""filled_quantity"": 50, ""action_reason"": ""27 만 4 천 원대로 내재가치 접근 구간이며, 정부 안전망 기대감으로 하방 경직성이 유지되므로 저평가 매수 기회를 활용합니다.""}, {""turn"": 8, ""date"": ""2026-05-18"", ""action"": ""sell"", ""stock_code"": ""005930"", ""quantity"": 50, ""executed_price"": 281000.0, ""trade_value"": 14050000.0, ""status"": ""filled"", ""filled_quantity"": 50, ""action_reason"": ""오늘 급등으로 안전마진이 축소되었고, 중국 경쟁사 리스크가 장기적으로 존재합니다. 단기 수익을 확정하고 집중 투자 리스크를 관리하기 위해 일부 매도합니다.""}]}"
chunk_012_2026-05-20_2026-05-27,2026-05-21,4,A015,"[3567, 3570, 3575, 3580]",3575,삼성전자 주가 급등에 대한 경계와 변수들,analysis,like,"[""커뮤니티 인플루언서""]","{""portfolio_summary"": {""state_id"": ""ps_A007_t004"", ""agent_id"": ""A007"", ""turn"": 4, ""date"": ""2026-05-21"", ""cash"": 102335000.0, ""positions"": ""[]"", ""total_value"": 102335000.0, ""realized_pnl"": 2335000.0, ""total_return_rate"": 0.02335, ""updated_at"": ""2026-07-16 19:04:09""}, ""recent_trades"": [{""turn"": 10, ""date"": ""2026-05-19"", ""action"": ""sell"", ""stock_code"": ""005930"", ""quantity"": 44, ""executed_price"": 275500.0, ""trade_value"": 12122000.0, ""status"": ""filled"", ""filled_quantity"": 44, ""action_reason"": ""노사 갈등 심화 및 HBM 수급 우려로 단기 약세 지속 예상, 현재 주가는 내재가치 대비 저평가 구간이 아니므로 방어적 관점에서 매도합니다.""}, {""turn"": 9, ""date"": ""2026-05-19"", ""action"": ""sell"", ""stock_code"": ""005930"", ""quantity"": 50, ""executed_price"": 274000.0, ""trade_value"": 13700000.0, ""status"": ""filled"", ""filled_quantity"": 50, ""action_reason"": ""핵심 가치평가 지표 (PER/PB) 부재로 저평가 판단이 불가하여 추가 매수는 자제합니다. 외국인 매도세와 단기 변동성 리스크를 고려하여 수익 실현 및 리스크 관리 차원에서 일부 매도합니다.""}, {""turn"": 8, ""date"": ""2026-05-18"", ""action"": ""sell"", ""stock_code"": ""005930"", ""quantity"": 50, ""executed_price"": 281000.0, ""trade_value"": 14050000.0, ""status"": ""filled"", ""filled_quantity"": 50, ""action_reason"": ""핵심 가치평가 지표 (PE/PB) 부재로 저평가 여부 불명확하며, 정치적 개입과 중국 경쟁사 리스크로 변동성 우려가 큼. 현재 보유 비중이 높아 리스크 분산을 위해 일부 매도합니다.""}]}"
chunk_012_2026-05-20_2026-05-27,2026-05-21,4,A015,"[3567, 3570, 3575, 3580]",3580,오늘 삼성전자 50주 매도했습니다.,trade_share,unlike,[],"{""portfolio_summary"": {""state_id"": ""ps_A019_t004"", ""agent_id"": ""A019"", ""turn"": 4, ""date"": ""2026-05-21"", ""cash"": 100325000.0, ""positions"": ""[]"", ""total_value"": 100325000.0, ""realized_pnl"": 325000.0, ""total_return_rate"": 0.00325, ""updated_at"": ""2026-07-16 19:04:10""}, ""recent_trades"": [{""turn"": 10, ""date"": ""2026-05-19"", ""action"": ""sell"", ""stock_code"": ""005930"", ""quantity"": 50, ""executed_price"": 275500.0, ""trade_value"": 13775000.0, ""status"": ""filled"", ""filled_quantity"": 50, ""action_reason"": ""노사 갈등과 HBM 수주 축소 우려로 단기 하방 리스크가 명확하며, 현재 주가는 안전마진 부족으로 판단됨. 현금 비중을 높여 리스크를 회피하고 향후 저평가 구간 매수를 대비함.""}, {""turn"": 9, ""date"": ""2026-05-19"", ""action"": ""buy"", ""stock_code"": ""005930"", ""quantity"": 50, ""executed_price"": 274000.0, ""trade_value"": 13700000.0, ""status"": ""filled"", ""filled_quantity"": 50, ""action_reason"": ""시스템의 매수 강제 조건에 따라 소량 매수 진행. 노사 갈등 리스크로 인해 내재가치 매수 시점을 기다리는 것이 원칙이나, 포트폴리오 진입 필요성에 따라 현금의 10% 이내 소량으로 진입하여 추후 추가 매수 여력 확보.""}, {""turn"": 8, ""date"": ""2026-05-18"", ""action"": ""sell"", ""stock_code"": ""005930"", ""quantity"": 100, ""executed_price"": 281000.0, ""trade_value"": 28100000.0, ""status"": ""filled"", ""filled_quantity"": 100, ""action_reason"": ""현재가 281,000 원은 평균 매수 단가 대비 수익 상태이므로 처분효과에 따라 수익 실현 매도를 실행합니다. 또한 MA5(282,100 원) 부근의 기술적 저항과 거래량 감소로 인한 상승 지속성 의심을 고려하여 전량 매도합니다.""}]}"
chunk_012_2026-05-20_2026-05-27,2026-05-21,4,A012,"[3567, 3575, 3579, 3580, 3566]",3567,"삼성전자, 파업 해소와 기술적 돌파의 의미",analysis,read,[],null
chunk_012_2026-05-20_2026-05-27,2026-05-21,4,A012,"[3567, 3575, 3579, 3580, 3566]",3575,삼성전자 주가 급등에 대한 경계와 변수들,analysis,like,"[""커뮤니티 인플루언서""]",null
chunk_012_2026-05-20_2026-05-27,2026-05-21,4,A012,"[3567, 3575, 3579, 3580, 3566]",3579,"삼성전자, 단기 과열 우려와 내재가치 리스크에 대한 고찰",analysis,like,"[""커뮤니티 인플루언서""]",null
chunk_012_2026-05-20_2026-05-27,2026-05-21,4,A012,"[3567, 3575, 3579, 3580, 3566]",3580,오늘 삼성전자 50주 매도했습니다.,trade_share,like,[],null
chunk_012_2026-05-20_2026-05-27,2026-05-21,4,A012,"[3567, 3575, 3579, 3580, 3566]",3566,오늘 삼성전자 매수했습니다!,trade_share,unlike,[],null
chunk_012_2026-05-20_2026-05-27,2026-05-21,4,A014,"[3567, 3575, 3579, 3580, 3584]",3567,"삼성전자, 파업 해소와 기술적 돌파의 의미",analysis,read,[],null
chunk_012_2026-05-20_2026-05-27,2026-05-21,4,A014,"[3567, 3575, 3579, 3580, 3584]",3575,삼성전자 주가 급등에 대한 경계와 변수들,analysis,like,"[""커뮤니티 인플루언서""]",null
chunk_012_2026-05-20_2026-05-27,2026-05-21,4,A014,"[3567, 3575, 3579, 3580, 3584]",3579,"삼성전자, 단기 과열 우려와 내재가치 리스크에 대한 고찰",analysis,like,"[""커뮤니티 인플루언서""]",null
chunk_012_2026-05-20_2026-05-27,2026-05-21,4,A014,"[3567, 3575, 3579, 3580, 3584]",3580,오늘 삼성전자 50주 매도했습니다.,trade_share,like,[],null
chunk_012_2026-05-20_2026-05-27,2026-05-21,4,A014,"[3567, 3575, 3579, 3580, 3584]",3584,오늘 삼성전자 추가 매수했습니다!,trade_share,unlike,[],null
chunk_012_2026-05-20_2026-05-27,2026-05-21,4,A011,"[3567, 3575, 3579, 3566, 3581]",3567,"삼성전자, 파업 해소와 기술적 돌파의 의미",analysis,read,[],null
chunk_012_2026-05-20_2026-05-27,2026-05-21,4,A011,"[3567, 3575, 3579, 3566, 3581]",3575,삼성전자 주가 급등에 대한 경계와 변수들,analysis,like,"[""커뮤니티 인플루언서""]",null
chunk_012_2026-05-20_2026-05-27,2026-05-21,4,A011,"[3567, 3575, 3579, 3566, 3581]",3579,"삼성전자, 단기 과열 우려와 내재가치 리스크에 대한 고찰",analysis,like,"[""커뮤니티 인플루언서""]",null
chunk_012_2026-05-20_2026-05-27,2026-05-21,4,A011,"[3567, 3575, 3579, 3566, 3581]",3566,오늘 삼성전자 매수했습니다!,trade_share,unlike,[],null
chunk_012_2026-05-20_2026-05-27,2026-05-21,4,A011,"[3567, 3575, 3579, 3566, 3581]",3581,[매수 소식] 삼성전자 25주 매수했습니다!,trade_share,unlike,"[""상위 수익자"", ""자산가""]",null
chunk_012_2026-05-20_2026-05-27,2026-05-21,4,A013,"[3567, 3575, 3579, 3566, 3580]",3567,"삼성전자, 파업 해소와 기술적 돌파의 의미",analysis,read,[],null
chunk_012_2026-05-20_2026-05-27,2026-05-21,4,A013,"[3567, 3575, 3579, 3566, 3580]",3575,삼성전자 주가 급등에 대한 경계와 변수들,analysis,like,"[""커뮤니티 인플루언서""]",null
chunk_012_2026-05-20_2026-05-27,2026-05-21,4,A013,"[3567, 3575, 3579, 3566, 3580]",3579,"삼성전자, 단기 과열 우려와 내재가치 리스크에 대한 고찰",analysis,like,"[""커뮤니티 인플루언서""]",null
chunk_012_2026-05-20_2026-05-27,2026-05-21,4,A013,"[3567, 3575, 3579, 3566, 3580]",3566,오늘 삼성전자 매수했습니다!,trade_share,unlike,[],null
chunk_012_2026-05-20_2026-05-27,2026-05-21,4,A013,"[3567, 3575, 3579, 3566, 3580]",3580,오늘 삼성전자 50주 매도했습니다.,trade_share,like,[],null
chunk_012_2026-05-20_2026-05-27,2026-05-21,4,A020,"[3567, 3575, 3579, 3580, 3584]",3567,"삼성전자, 파업 해소와 기술적 돌파의 의미",analysis,like,[],"{""portfolio_summary"": {""state_id"": ""ps_A004_t004"", ""agent_id"": ""A004"", ""turn"": 4, ""date"": ""2026-05-21"", ""cash"": 70999500.0, ""positions"": ""[{\""stock_code\"": \""005930\"", \""quantity\"": 99, \""avg_cost\"": 291000.0, \""current_price\"": 299500.0, \""unrealized_pnl\"": 841500.0, \""unrealized_pnl_rate\"": 0.029209621993127148}]"", ""total_value"": 100650000.0, ""realized_pnl"": -191500.0, ""total_return_rate"": 0.0065, ""updated_at"": ""2026-07-16 19:04:09""}, ""recent_trades"": [{""turn"": 10, ""date"": ""2026-05-19"", ""action"": ""sell"", ""stock_code"": ""005930"", ""quantity"": 100, ""executed_price"": 275500.0, ""trade_value"": 27550000.0, ""status"": ""filled"", ""filled_quantity"": 100, ""action_reason"": ""MA5 하향 돌파 및 HBM 축소 우려 등 부정적 뉴스에 따른 단기 하락 압력. 수익 구간에서 처분효과에 따라 일부 매도하여 리스크 축소.""}, {""turn"": 9, ""date"": ""2026-05-19"", ""action"": ""sell"", ""stock_code"": ""005930"", ""quantity"": 50, ""executed_price"": 274000.0, ""trade_value"": 13700000.0, ""status"": ""filled"", ""filled_quantity"": 50, ""action_reason"": ""수익 구간 (274,000 원) 에서 처분 효과에 따라 수익 확정 매도. MA5 하향 돌파로 단기 약세 신호 확인.""}, {""turn"": 8, ""date"": ""2026-05-18"", ""action"": ""sell"", ""stock_code"": ""005930"", ""quantity"": 50, ""executed_price"": 281000.0, ""trade_value"": 14050000.0, ""status"": ""filled"", ""filled_quantity"": 50, ""action_reason"": ""MA5(282,100 원) 저항선 부근과 거래량 감소 (-11.8%) 로 단기 조정 우려가 있어 수익을 확정합니다.""}]}"
chunk_012_2026-05-20_2026-05-27,2026-05-21,4,A020,"[3567, 3575, 3579, 3580, 3584]",3575,삼성전자 주가 급등에 대한 경계와 변수들,analysis,unlike,"[""커뮤니티 인플루언서""]","{""portfolio_summary"": {""state_id"": ""ps_A007_t004"", ""agent_id"": ""A007"", ""turn"": 4, ""date"": ""2026-05-21"", ""cash"": 102335000.0, ""positions"": ""[]"", ""total_value"": 102335000.0, ""realized_pnl"": 2335000.0, ""total_return_rate"": 0.02335, ""updated_at"": ""2026-07-16 19:04:09""}, ""recent_trades"": [{""turn"": 10, ""date"": ""2026-05-19"", ""action"": ""sell"", ""stock_code"": ""005930"", ""quantity"": 44, ""executed_price"": 275500.0, ""trade_value"": 12122000.0, ""status"": ""filled"", ""filled_quantity"": 44, ""action_reason"": ""노사 갈등 심화 및 HBM 수급 우려로 단기 약세 지속 예상, 현재 주가는 내재가치 대비 저평가 구간이 아니므로 방어적 관점에서 매도합니다.""}, {""turn"": 9, ""date"": ""2026-05-19"", ""action"": ""sell"", ""stock_code"": ""005930"", ""quantity"": 50, ""executed_price"": 274000.0, ""trade_value"": 13700000.0, ""status"": ""filled"", ""filled_quantity"": 50, ""action_reason"": ""핵심 가치평가 지표 (PER/PB) 부재로 저평가 판단이 불가하여 추가 매수는 자제합니다. 외국인 매도세와 단기 변동성 리스크를 고려하여 수익 실현 및 리스크 관리 차원에서 일부 매도합니다.""}, {""turn"": 8, ""date"": ""2026-05-18"", ""action"": ""sell"", ""stock_code"": ""005930"", ""quantity"": 50, ""executed_price"": 281000.0, ""trade_value"": 14050000.0, ""status"": ""filled"", ""filled_quantity"": 50, ""action_reason"": ""핵심 가치평가 지표 (PE/PB) 부재로 저평가 여부 불명확하며, 정치적 개입과 중국 경쟁사 리스크로 변동성 우려가 큼. 현재 보유 비중이 높아 리스크 분산을 위해 일부 매도합니다.""}]}"
chunk_012_2026-05-20_2026-05-27,2026-05-21,4,A020,"[3567, 3575, 3579, 3580, 3584]",3579,"삼성전자, 단기 과열 우려와 내재가치 리스크에 대한 고찰",analysis,like,"[""커뮤니티 인플루언서""]","{""portfolio_summary"": {""state_id"": ""ps_A015_t004"", ""agent_id"": ""A015"", ""turn"": 4, ""date"": ""2026-05-21"", ""cash"": 98405000.0, ""positions"": ""[{\""stock_code\"": \""005930\"", \""quantity\"": 10, \""avg_cost\"": 299500.0, \""current_price\"": 299500.0, \""unrealized_pnl\"": 0.0, \""unrealized_pnl_rate\"": 0.0}]"", ""total_value"": 101400000.0, ""realized_pnl"": 1400000.0, ""total_return_rate"": 0.014, ""updated_at"": ""2026-07-16 19:04:10""}, ""recent_trades"": [{""turn"": 10, ""date"": ""2026-05-19"", ""action"": ""buy"", ""stock_code"": ""005930"", ""quantity"": 50, ""executed_price"": 275500.0, ""trade_value"": 13775000.0, ""status"": ""filled"", ""filled_quantity"": 50, ""action_reason"": ""실적 기반 내재가치가 견고하고 현재 주가는 저평가 구간으로 판단되어 단기 공포로 인한 매수 기회로 활용합니다.""}, {""turn"": 9, ""date"": ""2026-05-19"", ""action"": ""buy"", ""stock_code"": ""005930"", ""quantity"": 50, ""executed_price"": 274000.0, ""trade_value"": 13700000.0, ""status"": ""filled"", ""filled_quantity"": 50, ""action_reason"": ""전일 종가 대비 주가 하락으로 밸류에이션 매력 개선, 내재가치 관점에서 저가 매수 기회로 판단. 외국인 매도세 리스크 존재하나 가치 투자 원칙에 따라 제한적 매수 실행.""}, {""turn"": 8, ""date"": ""2026-05-18"", ""action"": ""buy"", ""stock_code"": ""005930"", ""quantity"": 100, ""executed_price"": 281000.0, ""trade_value"": 28100000.0, ""status"": ""filled"", ""filled_quantity"": 100, ""action_reason"": ""파업 리스크 완화 및 반도체 업황 호조로 중장기 가치 투자 매력 부각. 단, 거래량 감소로 인한 단기 조정 가능성 고려하여 분할 매수 전략 적용.""}]}"
chunk_012_2026-05-20_2026-05-27,2026-05-21,4,A020,"[3567, 3575, 3579, 3580, 3584]",3580,오늘 삼성전자 50주 매도했습니다.,trade_share,like,[],"{""portfolio_summary"": {""state_id"": ""ps_A019_t004"", ""agent_id"": ""A019"", ""turn"": 4, ""date"": ""2026-05-21"", ""cash"": 100325000.0, ""positions"": ""[]"", ""total_value"": 100325000.0, ""realized_pnl"": 325000.0, ""total_return_rate"": 0.00325, ""updated_at"": ""2026-07-16 19:04:10""}, ""recent_trades"": [{""turn"": 10, ""date"": ""2026-05-19"", ""action"": ""sell"", ""stock_code"": ""005930"", ""quantity"": 50, ""executed_price"": 275500.0, ""trade_value"": 13775000.0, ""status"": ""filled"", ""filled_quantity"": 50, ""action_reason"": ""노사 갈등과 HBM 수주 축소 우려로 단기 하방 리스크가 명확하며, 현재 주가는 안전마진 부족으로 판단됨. 현금 비중을 높여 리스크를 회피하고 향후 저평가 구간 매수를 대비함.""}, {""turn"": 9, ""date"": ""2026-05-19"", ""action"": ""buy"", ""stock_code"": ""005930"", ""quantity"": 50, ""executed_price"": 274000.0, ""trade_value"": 13700000.0, ""status"": ""filled"", ""filled_quantity"": 50, ""action_reason"": ""시스템의 매수 강제 조건에 따라 소량 매수 진행. 노사 갈등 리스크로 인해 내재가치 매수 시점을 기다리는 것이 원칙이나, 포트폴리오 진입 필요성에 따라 현금의 10% 이내 소량으로 진입하여 추후 추가 매수 여력 확보.""}, {""turn"": 8, ""date"": ""2026-05-18"", ""action"": ""sell"", ""stock_code"": ""005930"", ""quantity"": 100, ""executed_price"": 281000.0, ""trade_value"": 28100000.0, ""status"": ""filled"", ""filled_quantity"": 100, ""action_reason"": ""현재가 281,000 원은 평균 매수 단가 대비 수익 상태이므로 처분효과에 따라 수익 실현 매도를 실행합니다. 또한 MA5(282,100 원) 부근의 기술적 저항과 거래량 감소로 인한 상승 지속성 의심을 고려하여 전량 매도합니다.""}]}"
chunk_012_2026-05-20_2026-05-27,2026-05-21,4,A020,"[3567, 3575, 3579, 3580, 3584]",3584,오늘 삼성전자 추가 매수했습니다!,trade_share,read,[],"{""portfolio_summary"": {""state_id"": ""ps_A026_t004"", ""agent_id"": ""A026"", ""turn"": 4, ""date"": ""2026-05-21"", ""cash"": 65855000.0, ""positions"": ""[{\""stock_code\"": \""005930\"", \""quantity\"": 120, \""avg_cost\"": 286958.3333333333, \""current_price\"": 299500.0, \""unrealized_pnl\"": 1505000.0000000023, \""unrealized_pnl_rate\"": 0.0437055321620445}]"", ""total_value"": 101795000.0, ""realized_pnl"": 290000.0, ""total_return_rate"": 0.01795, ""updated_at"": ""2026-07-16 19:04:10""}, ""recent_trades"": [{""turn"": 10, ""date"": ""2026-05-19"", ""action"": ""sell"", ""stock_code"": ""005930"", ""quantity"": 27, ""executed_price"": 275500.0, ""trade_value"": 7438500.0, ""status"": ""filled"", ""filled_quantity"": 27, ""action_reason"": ""노사 갈등 심화와 HBM 수주 우려로 단기 하방 압력이 지속되므로, 현재 수익 구간에서 일부 매도하여 현금 비중을 확보합니다. 내재가치 저평가 구간은 유지되나, 기술적 지지선 확인 전까지는 방어적 대응이 우선입니다.""}, {""turn"": 9, ""date"": ""2026-05-19"", ""action"": ""buy"", ""stock_code"": ""005930"", ""quantity"": 25, ""executed_price"": 274000.0, ""trade_value"": 6850000.0, ""status"": ""filled"", ""filled_quantity"": 25, ""action_reason"": ""내재가치 대비 저평가 구간이며, 노사 리스크 완화로 장기 낙관적 관점 유지. 단기 기술적 약세로 인해 수량은 제한적으로 매수합니다.""}, {""turn"": 8, ""date"": ""2026-05-18"", ""action"": ""buy"", ""stock_code"": ""005930"", ""quantity"": 60, ""executed_price"": 281000.0, ""trade_value"": 16860000.0, ""status"": ""filled"", ""filled_quantity"": 60, ""action_reason"": ""노사 협상 타결로 하방 리스크가 해소되었고, 현재 주가는 내재가치 대비 저평가 구간으로 판단되어 추가 매수합니다. 울산 반도체 허브 관련 뉴스는 지역 투자자로서 장기 성장에 대한 확신을 줍니다.""}]}"
chunk_012_2026-05-20_2026-05-27,2026-05-21,4,A017,"[3567, 3575, 3579, 3580, 3581]",3567,"삼성전자, 파업 해소와 기술적 돌파의 의미",analysis,like,[],"{""portfolio_summary"": {""state_id"": ""ps_A004_t004"", ""agent_id"": ""A004"", ""turn"": 4, ""date"": ""2026-05-21"", ""cash"": 70999500.0, ""positions"": ""[{\""stock_code\"": \""005930\"", \""quantity\"": 99, \""avg_cost\"": 291000.0, \""current_price\"": 299500.0, \""unrealized_pnl\"": 841500.0, \""unrealized_pnl_rate\"": 0.029209621993127148}]"", ""total_value"": 100650000.0, ""realized_pnl"": -191500.0, ""total_return_rate"": 0.0065, ""updated_at"": ""2026-07-16 19:04:09""}, ""recent_trades"": [{""turn"": 10, ""date"": ""2026-05-19"", ""action"": ""sell"", ""stock_code"": ""005930"", ""quantity"": 100, ""executed_price"": 275500.0, ""trade_value"": 27550000.0, ""status"": ""filled"", ""filled_quantity"": 100, ""action_reason"": ""MA5 하향 돌파 및 HBM 축소 우려 등 부정적 뉴스에 따른 단기 하락 압력. 수익 구간에서 처분효과에 따라 일부 매도하여 리스크 축소.""}, {""turn"": 9, ""date"": ""2026-05-19"", ""action"": ""sell"", ""stock_code"": ""005930"", ""quantity"": 50, ""executed_price"": 274000.0, ""trade_value"": 13700000.0, ""status"": ""filled"", ""filled_quantity"": 50, ""action_reason"": ""수익 구간 (274,000 원) 에서 처분 효과에 따라 수익 확정 매도. MA5 하향 돌파로 단기 약세 신호 확인.""}, {""turn"": 8, ""date"": ""2026-05-18"", ""action"": ""sell"", ""stock_code"": ""005930"", ""quantity"": 50, ""executed_price"": 281000.0, ""trade_value"": 14050000.0, ""status"": ""filled"", ""filled_quantity"": 50, ""action_reason"": ""MA5(282,100 원) 저항선 부근과 거래량 감소 (-11.8%) 로 단기 조정 우려가 있어 수익을 확정합니다.""}]}"
chunk_012_2026-05-20_2026-05-27,2026-05-21,4,A017,"[3567, 3575, 3579, 3580, 3581]",3575,삼성전자 주가 급등에 대한 경계와 변수들,analysis,like,"[""커뮤니티 인플루언서""]","{""portfolio_summary"": {""state_id"": ""ps_A007_t004"", ""agent_id"": ""A007"", ""turn"": 4, ""date"": ""2026-05-21"", ""cash"": 102335000.0, ""positions"": ""[]"", ""total_value"": 102335000.0, ""realized_pnl"": 2335000.0, ""total_return_rate"": 0.02335, ""updated_at"": ""2026-07-16 19:04:09""}, ""recent_trades"": [{""turn"": 10, ""date"": ""2026-05-19"", ""action"": ""sell"", ""stock_code"": ""005930"", ""quantity"": 44, ""executed_price"": 275500.0, ""trade_value"": 12122000.0, ""status"": ""filled"", ""filled_quantity"": 44, ""action_reason"": ""노사 갈등 심화 및 HBM 수급 우려로 단기 약세 지속 예상, 현재 주가는 내재가치 대비 저평가 구간이 아니므로 방어적 관점에서 매도합니다.""}, {""turn"": 9, ""date"": ""2026-05-19"", ""action"": ""sell"", ""stock_code"": ""005930"", ""quantity"": 50, ""executed_price"": 274000.0, ""trade_value"": 13700000.0, ""status"": ""filled"", ""filled_quantity"": 50, ""action_reason"": ""핵심 가치평가 지표 (PER/PB) 부재로 저평가 판단이 불가하여 추가 매수는 자제합니다. 외국인 매도세와 단기 변동성 리스크를 고려하여 수익 실현 및 리스크 관리 차원에서 일부 매도합니다.""}, {""turn"": 8, ""date"": ""2026-05-18"", ""action"": ""sell"", ""stock_code"": ""005930"", ""quantity"": 50, ""executed_price"": 281000.0, ""trade_value"": 14050000.0, ""status"": ""filled"", ""filled_quantity"": 50, ""action_reason"": ""핵심 가치평가 지표 (PE/PB) 부재로 저평가 여부 불명확하며, 정치적 개입과 중국 경쟁사 리스크로 변동성 우려가 큼. 현재 보유 비중이 높아 리스크 분산을 위해 일부 매도합니다.""}]}"
chunk_012_2026-05-20_2026-05-27,2026-05-21,4,A017,"[3567, 3575, 3579, 3580, 3581]",3579,"삼성전자, 단기 과열 우려와 내재가치 리스크에 대한 고찰",analysis,like,"[""커뮤니티 인플루언서""]","{""portfolio_summary"": {""state_id"": ""ps_A015_t004"", ""agent_id"": ""A015"", ""turn"": 4, ""date"": ""2026-05-21"", ""cash"": 98405000.0, ""positions"": ""[{\""stock_code\"": \""005930\"", \""quantity\"": 10, \""avg_cost\"": 299500.0, \""current_price\"": 299500.0, \""unrealized_pnl\"": 0.0, \""unrealized_pnl_rate\"": 0.0}]"", ""total_value"": 101400000.0, ""realized_pnl"": 1400000.0, ""total_return_rate"": 0.014, ""updated_at"": ""2026-07-16 19:04:10""}, ""recent_trades"": [{""turn"": 10, ""date"": ""2026-05-19"", ""action"": ""buy"", ""stock_code"": ""005930"", ""quantity"": 50, ""executed_price"": 275500.0, ""trade_value"": 13775000.0, ""status"": ""filled"", ""filled_quantity"": 50, ""action_reason"": ""실적 기반 내재가치가 견고하고 현재 주가는 저평가 구간으로 판단되어 단기 공포로 인한 매수 기회로 활용합니다.""}, {""turn"": 9, ""date"": ""2026-05-19"", ""action"": ""buy"", ""stock_code"": ""005930"", ""quantity"": 50, ""executed_price"": 274000.0, ""trade_value"": 13700000.0, ""status"": ""filled"", ""filled_quantity"": 50, ""action_reason"": ""전일 종가 대비 주가 하락으로 밸류에이션 매력 개선, 내재가치 관점에서 저가 매수 기회로 판단. 외국인 매도세 리스크 존재하나 가치 투자 원칙에 따라 제한적 매수 실행.""}, {""turn"": 8, ""date"": ""2026-05-18"", ""action"": ""buy"", ""stock_code"": ""005930"", ""quantity"": 100, ""executed_price"": 281000.0, ""trade_value"": 28100000.0, ""status"": ""filled"", ""filled_quantity"": 100, ""action_reason"": ""파업 리스크 완화 및 반도체 업황 호조로 중장기 가치 투자 매력 부각. 단, 거래량 감소로 인한 단기 조정 가능성 고려하여 분할 매수 전략 적용.""}]}"
chunk_012_2026-05-20_2026-05-27,2026-05-21,4,A017,"[3567, 3575, 3579, 3580, 3581]",3580,오늘 삼성전자 50주 매도했습니다.,trade_share,unlike,[],"{""portfolio_summary"": {""state_id"": ""ps_A019_t004"", ""agent_id"": ""A019"", ""turn"": 4, ""date"": ""2026-05-21"", ""cash"": 100325000.0, ""positions"": ""[]"", ""total_value"": 100325000.0, ""realized_pnl"": 325000.0, ""total_return_rate"": 0.00325, ""updated_at"": ""2026-07-16 19:04:10""}, ""recent_trades"": [{""turn"": 10, ""date"": ""2026-05-19"", ""action"": ""sell"", ""stock_code"": ""005930"", ""quantity"": 50, ""executed_price"": 275500.0, ""trade_value"": 13775000.0, ""status"": ""filled"", ""filled_quantity"": 50, ""action_reason"": ""노사 갈등과 HBM 수주 축소 우려로 단기 하방 리스크가 명확하며, 현재 주가는 안전마진 부족으로 판단됨. 현금 비중을 높여 리스크를 회피하고 향후 저평가 구간 매수를 대비함.""}, {""turn"": 9, ""date"": ""2026-05-19"", ""action"": ""buy"", ""stock_code"": ""005930"", ""quantity"": 50, ""executed_price"": 274000.0, ""trade_value"": 13700000.0, ""status"": ""filled"", ""filled_quantity"": 50, ""action_reason"": ""시스템의 매수 강제 조건에 따라 소량 매수 진행. 노사 갈등 리스크로 인해 내재가치 매수 시점을 기다리는 것이 원칙이나, 포트폴리오 진입 필요성에 따라 현금의 10% 이내 소량으로 진입하여 추후 추가 매수 여력 확보.""}, {""turn"": 8, ""date"": ""2026-05-18"", ""action"": ""sell"", ""stock_code"": ""005930"", ""quantity"": 100, ""executed_price"": 281000.0, ""trade_value"": 28100000.0, ""status"": ""filled"", ""filled_quantity"": 100, ""action_reason"": ""현재가 281,000 원은 평균 매수 단가 대비 수익 상태이므로 처분효과에 따라 수익 실현 매도를 실행합니다. 또한 MA5(282,100 원) 부근의 기술적 저항과 거래량 감소로 인한 상승 지속성 의심을 고려하여 전량 매도합니다.""}]}"
chunk_012_2026-05-20_2026-05-27,2026-05-21,4,A017,"[3567, 3575, 3579, 3580, 3581]",3581,[매수 소식] 삼성전자 25주 매수했습니다!,trade_share,unlike,"[""상위 수익자"", ""자산가""]","{""portfolio_summary"": {""state_id"": ""ps_A020_t004"", ""agent_id"": ""A020"", ""turn"": 4, ""date"": ""2026-05-21"", ""cash"": 10908500.0, ""positions"": ""[{\""stock_code\"": \""005930\"", \""quantity\"": 316, \""avg_cost\"": 281935.12658227846, \""current_price\"": 299500.0, \""unrealized_pnl\"": 5550500.000000006, \""unrealized_pnl_rate\"": 0.062301117390547986}]"", ""total_value"": 105550500.0, ""realized_pnl"": 0.0, ""total_return_rate"": 0.055505, ""updated_at"": ""2026-07-16 19:04:10""}, ""recent_trades"": [{""turn"": 10, ""date"": ""2026-05-19"", ""action"": ""buy"", ""stock_code"": ""005930"", ""quantity"": 50, ""executed_price"": 275500.0, ""trade_value"": 13775000.0, ""status"": ""filled"", ""filled_quantity"": 50, ""action_reason"": ""실적 호조와 외국인 매도세 회전으로 하방 경직성 확보되어 매수 기회로 판단하며, 현금 비중 65% 로 여유 자금이 충분함.""}, {""turn"": 9, ""date"": ""2026-05-19"", ""action"": ""sell"", ""stock_code"": ""005930"", ""quantity"": 20, ""executed_price"": 274000.0, ""trade_value"": 5480000.0, ""status"": ""filled"", ""filled_quantity"": 20, ""action_reason"": ""MA5 이탈 및 외국인 대규모 매도로 단기 하방 압력 확인. 기술적 지표 우선 원칙에 따라 손절 라인 설정을 위해 일부 매도.""}, {""turn"": 8, ""date"": ""2026-05-18"", ""action"": ""sell"", ""stock_code"": ""005930"", ""quantity"": 50, ""executed_price"": 281000.0, ""trade_value"": 14050000.0, ""status"": ""filled"", ""filled_quantity"": 50, ""action_reason"": ""MA5(282,100 원) 저항선 부근에서 거래량 감소 (-11.8%) 로 상승 모멘텀 지속성 의문. 기술적 돌파 신호 확인 전까지 방어적 매도로 리스크 축소.""}]}"
chunk_012_2026-05-20_2026-05-27,2026-05-21,4,A019,"[3567, 3575, 3579, 3566, 3581]",3567,"삼성전자, 파업 해소와 기술적 돌파의 의미",analysis,read,[],null
chunk_012_2026-05-20_2026-05-27,2026-05-21,4,A019,"[3567, 3575, 3579, 3566, 3581]",3575,삼성전자 주가 급등에 대한 경계와 변수들,analysis,like,"[""커뮤니티 인플루언서""]",null
chunk_012_2026-05-20_2026-05-27,2026-05-21,4,A019,"[3567, 3575, 3579, 3566, 3581]",3579,"삼성전자, 단기 과열 우려와 내재가치 리스크에 대한 고찰",analysis,like,"[""커뮤니티 인플루언서""]",null
chunk_012_2026-05-20_2026-05-27,2026-05-21,4,A019,"[3567, 3575, 3579, 3566, 3581]",3566,오늘 삼성전자 매수했습니다!,trade_share,unlike,[],null
chunk_012_2026-05-20_2026-05-27,2026-05-21,4,A019,"[3567, 3575, 3579, 3566, 3581]",3581,[매수 소식] 삼성전자 25주 매수했습니다!,trade_share,unlike,"[""상위 수익자"", ""자산가""]",null
chunk_012_2026-05-20_2026-05-27,2026-05-21,4,A022,"[3567, 3575, 3579, 3580, 3566]",3567,"삼성전자, 파업 해소와 기술적 돌파의 의미",analysis,read,[],null
chunk_012_2026-05-20_2026-05-27,2026-05-21,4,A022,"[3567, 3575, 3579, 3580, 3566]",3575,삼성전자 주가 급등에 대한 경계와 변수들,analysis,like,"[""커뮤니티 인플루언서""]",null
chunk_012_2026-05-20_2026-05-27,2026-05-21,4,A022,"[3567, 3575, 3579, 3580, 3566]",3579,"삼성전자, 단기 과열 우려와 내재가치 리스크에 대한 고찰",analysis,like,"[""커뮤니티 인플루언서""]",null
chunk_012_2026-05-20_2026-05-27,2026-05-21,4,A022,"[3567, 3575, 3579, 3580, 3566]",3580,오늘 삼성전자 50주 매도했습니다.,trade_share,like,[],null
chunk_012_2026-05-20_2026-05-27,2026-05-21,4,A022,"[3567, 3575, 3579, 3580, 3566]",3566,오늘 삼성전자 매수했습니다!,trade_share,unlike,[],null
chunk_012_2026-05-20_2026-05-27,2026-05-21,4,A026,"[3567, 3575, 3579, 3580, 3581]",3567,"삼성전자, 파업 해소와 기술적 돌파의 의미",analysis,read,[],null
chunk_012_2026-05-20_2026-05-27,2026-05-21,4,A026,"[3567, 3575, 3579, 3580, 3581]",3575,삼성전자 주가 급등에 대한 경계와 변수들,analysis,like,"[""커뮤니티 인플루언서""]",null
chunk_012_2026-05-20_2026-05-27,2026-05-21,4,A026,"[3567, 3575, 3579, 3580, 3581]",3579,"삼성전자, 단기 과열 우려와 내재가치 리스크에 대한 고찰",analysis,like,"[""커뮤니티 인플루언서""]",null
chunk_012_2026-05-20_2026-05-27,2026-05-21,4,A026,"[3567, 3575, 3579, 3580, 3581]",3580,오늘 삼성전자 50주 매도했습니다.,trade_share,like,[],null
chunk_012_2026-05-20_2026-05-27,2026-05-21,4,A026,"[3567, 3575, 3579, 3580, 3581]",3581,[매수 소식] 삼성전자 25주 매수했습니다!,trade_share,unlike,"[""상위 수익자"", ""자산가""]",null
chunk_012_2026-05-20_2026-05-27,2026-05-21,4,A025,"[3567, 3575, 3579, 3580, 3584]",3567,"삼성전자, 파업 해소와 기술적 돌파의 의미",analysis,read,[],null
chunk_012_2026-05-20_2026-05-27,2026-05-21,4,A025,"[3567, 3575, 3579, 3580, 3584]",3575,삼성전자 주가 급등에 대한 경계와 변수들,analysis,like,"[""커뮤니티 인플루언서""]",null
chunk_012_2026-05-20_2026-05-27,2026-05-21,4,A025,"[3567, 3575, 3579, 3580, 3584]",3579,"삼성전자, 단기 과열 우려와 내재가치 리스크에 대한 고찰",analysis,like,"[""커뮤니티 인플루언서""]",null
chunk_012_2026-05-20_2026-05-27,2026-05-21,4,A025,"[3567, 3575, 3579, 3580, 3584]",3580,오늘 삼성전자 50주 매도했습니다.,trade_share,like,[],null
chunk_012_2026-05-20_2026-05-27,2026-05-21,4,A025,"[3567, 3575, 3579, 3580, 3584]",3584,오늘 삼성전자 추가 매수했습니다!,trade_share,unlike,[],null
chunk_012_2026-05-20_2026-05-27,2026-05-21,4,A027,"[3567, 3575, 3579, 3580, 3583]",3567,"삼성전자, 파업 해소와 기술적 돌파의 의미",analysis,read,[],null
chunk_012_2026-05-20_2026-05-27,2026-05-21,4,A027,"[3567, 3575, 3579, 3580, 3583]",3575,삼성전자 주가 급등에 대한 경계와 변수들,analysis,like,"[""커뮤니티 인플루언서""]",null
chunk_012_2026-05-20_2026-05-27,2026-05-21,4,A027,"[3567, 3575, 3579, 3580, 3583]",3579,"삼성전자, 단기 과열 우려와 내재가치 리스크에 대한 고찰",analysis,like,"[""커뮤니티 인플루언서""]",null
chunk_012_2026-05-20_2026-05-27,2026-05-21,4,A027,"[3567, 3575, 3579, 3580, 3583]",3580,오늘 삼성전자 50주 매도했습니다.,trade_share,like,[],null
chunk_012_2026-05-20_2026-05-27,2026-05-21,4,A027,"[3567, 3575, 3579, 3580, 3583]",3583,오늘 삼성전자 추가 매수했습니다!,trade_share,unlike,[],null
chunk_012_2026-05-20_2026-05-27,2026-05-22,6,A001,"[3587, 3593, 3596, 3601, 3605]",3587,삼성전자 HBM 수주 축소 우려와 매수 기회 탐색,analysis,like,[],null
chunk_012_2026-05-20_2026-05-27,2026-05-22,6,A001,"[3587, 3593, 3596, 3601, 3605]",3593,"[분석] 삼성전자, HBM 수주 우려와 신고가 부담 속 방어적 전략 유지",analysis,like,"[""커뮤니티 인플루언서""]",null
chunk_012_2026-05-20_2026-05-27,2026-05-22,6,A001,"[3587, 3593, 3596, 3601, 3605]",3596,삼성전자 HBM 수급 불확실성에 대한 우려와 현재 투자 전략,analysis,unlike,"[""상위 수익자"", ""자산가""]",null
chunk_012_2026-05-20_2026-05-27,2026-05-22,6,A001,"[3587, 3593, 3596, 3601, 3605]",3601,삼성전자 오늘의 투자 관점 및 HBM 리스크 재검토,analysis,like,[],null
chunk_012_2026-05-20_2026-05-27,2026-05-22,6,A001,"[3587, 3593, 3596, 3601, 3605]",3605,"삼성전자, 성장성 불확실성에 대한 방어적 접근 필요",analysis,unlike,[],null
chunk_012_2026-05-20_2026-05-27,2026-05-22,6,A006,"[3587, 3593, 3596, 3601, 3605]",3587,삼성전자 HBM 수주 축소 우려와 매수 기회 탐색,analysis,like,[],null
chunk_012_2026-05-20_2026-05-27,2026-05-22,6,A006,"[3587, 3593, 3596, 3601, 3605]",3593,"[분석] 삼성전자, HBM 수주 우려와 신고가 부담 속 방어적 전략 유지",analysis,like,"[""커뮤니티 인플루언서""]",null
chunk_012_2026-05-20_2026-05-27,2026-05-22,6,A006,"[3587, 3593, 3596, 3601, 3605]",3596,삼성전자 HBM 수급 불확실성에 대한 우려와 현재 투자 전략,analysis,unlike,"[""상위 수익자"", ""자산가""]",null
chunk_012_2026-05-20_2026-05-27,2026-05-22,6,A006,"[3587, 3593, 3596, 3601, 3605]",3601,삼성전자 오늘의 투자 관점 및 HBM 리스크 재검토,analysis,like,[],null
chunk_012_2026-05-20_2026-05-27,2026-05-22,6,A006,"[3587, 3593, 3596, 3601, 3605]",3605,"삼성전자, 성장성 불확실성에 대한 방어적 접근 필요",analysis,unlike,[],null
chunk_012_2026-05-20_2026-05-27,2026-05-22,6,A008,"[3587, 3593, 3596, 3600, 3605]",3587,삼성전자 HBM 수주 축소 우려와 매수 기회 탐색,analysis,like,[],null
chunk_012_2026-05-20_2026-05-27,2026-05-22,6,A008,"[3587, 3593, 3596, 3600, 3605]",3593,"[분석] 삼성전자, HBM 수주 우려와 신고가 부담 속 방어적 전략 유지",analysis,like,"[""커뮤니티 인플루언서""]",null
chunk_012_2026-05-20_2026-05-27,2026-05-22,6,A008,"[3587, 3593, 3596, 3600, 3605]",3596,삼성전자 HBM 수급 불확실성에 대한 우려와 현재 투자 전략,analysis,unlike,"[""상위 수익자"", ""자산가""]",null
chunk_012_2026-05-20_2026-05-27,2026-05-22,6,A008,"[3587, 3593, 3596, 3600, 3605]",3600,오늘 소폭 수익 실현 매도 진행했습니다.,trade_share,read,[],null
chunk_012_2026-05-20_2026-05-27,2026-05-22,6,A008,"[3587, 3593, 3596, 3600, 3605]",3605,"삼성전자, 성장성 불확실성에 대한 방어적 접근 필요",analysis,like,[],null
chunk_012_2026-05-20_2026-05-27,2026-05-22,6,A007,"[3587, 3596, 3598, 3601, 3605]",3587,삼성전자 HBM 수주 축소 우려와 매수 기회 탐색,analysis,like,[],"{""portfolio_summary"": {""state_id"": ""ps_A003_t006"", ""agent_id"": ""A003"", ""turn"": 6, ""date"": ""2026-05-22"", ""cash"": 102225000.0, ""positions"": ""[]"", ""total_value"": 102225000.0, ""realized_pnl"": 2225000.0000000056, ""total_return_rate"": 0.02225, ""updated_at"": ""2026-07-16 19:25:18""}, ""recent_trades"": [{""turn"": 10, ""date"": ""2026-05-19"", ""action"": ""buy"", ""stock_code"": ""005930"", ""quantity"": 10, ""executed_price"": 275500.0, ""trade_value"": 2755000.0, ""status"": ""filled"", ""filled_quantity"": 10, ""action_reason"": ""내재가치 대비 저평가 구간이며 외국인 매도세가 저가 매수 기회로 판단되어 가치 투자 관점에서 매수합니다.""}, {""turn"": 9, ""date"": ""2026-05-19"", ""action"": ""buy"", ""stock_code"": ""005930"", ""quantity"": 27, ""executed_price"": 274000.0, ""trade_value"": 7398000.0, ""status"": ""filled"", ""filled_quantity"": 27, ""action_reason"": ""내재가치 대비 저평가 구간 (274,000 원) 이며 노사 리스크 일시적 완화로 가치 매수 기회로 판단. 수익 보유 종목에 추가 매수로 평균 단가 관리 및 수익 확대.""}, {""turn"": 8, ""date"": ""2026-05-18"", ""action"": ""buy"", ""stock_code"": ""005930"", ""quantity"": 40, ""executed_price"": 281000.0, ""trade_value"": 11240000.0, ""status"": ""filled"", ""filled_quantity"": 40, ""action_reason"": ""노사 리스크 해소와 메모리 업황 호조로 내재가치 대비 저평가 구간 진입. 상승 추세 전환 신호에 따라 현금 비중을 활용해 추가 매수.""}]}"
chunk_012_2026-05-20_2026-05-27,2026-05-22,6,A007,"[3587, 3596, 3598, 3601, 3605]",3596,삼성전자 HBM 수급 불확실성에 대한 우려와 현재 투자 전략,analysis,unlike,"[""상위 수익자"", ""자산가""]","{""portfolio_summary"": {""state_id"": ""ps_A011_t006"", ""agent_id"": ""A011"", ""turn"": 6, ""date"": ""2026-05-22"", ""cash"": 33133000.0, ""positions"": ""[{\""stock_code\"": \""005930\"", \""quantity\"": 238, \""avg_cost\"": 285303.1041603196, \""current_price\"": 292500.0, \""unrealized_pnl\"": 1712861.2098439336, \""unrealized_pnl_rate\"": 0.025225438261044158}]"", ""total_value"": 102748000.0, ""realized_pnl"": 1035138.7901560543, ""total_return_rate"": 0.02748, ""updated_at"": ""2026-07-16 19:25:18""}, ""recent_trades"": [{""turn"": 10, ""date"": ""2026-05-19"", ""action"": ""buy"", ""stock_code"": ""005930"", ""quantity"": 2, ""executed_price"": 275500.0, ""trade_value"": 551000.0, ""status"": ""filled"", ""filled_quantity"": 2, ""action_reason"": ""현재 주가는 내재가치 대비 저평가 구간 (MA20 지지선 상단) 이며, 소폭 미실현손실 (-0.29%) 은 손절 기준에 미치지 않아 가치 매수 관점에서 제한적 매수를 결정합니다.""}, {""turn"": 9, ""date"": ""2026-05-19"", ""action"": ""buy"", ""stock_code"": ""005930"", ""quantity"": 3, ""executed_price"": 274000.0, ""trade_value"": 822000.0, ""status"": ""filled"", ""filled_quantity"": 3, ""action_reason"": ""정부 개입 가능성과 실적 호조로 내재가치 대비 저평가 구간이므로 매수합니다. 현금 비중이 낮으나 고위험 고수익 선호 성향과 집중 투자 성향에 따라 최대 허용 수량으로 매수합니다.""}, {""turn"": 8, ""date"": ""2026-05-18"", ""action"": ""buy"", ""stock_code"": ""005930"", ""quantity"": 7, ""executed_price"": 281000.0, ""trade_value"": 1967000.0, ""status"": ""filled"", ""filled_quantity"": 7, ""action_reason"": ""강세 모멘텀과 메모리 반도체 초호황 사이클 지속성을 고려하여 추격 매수합니다. 수익 구간에서 보유 전략을 유지하며, 고위험 고수익 성향에 따라 성장성 우위 시 추가 매수를 단행합니다.""}]}"
chunk_012_2026-05-20_2026-05-27,2026-05-22,6,A007,"[3587, 3596, 3598, 3601, 3605]",3598,삼성전자 단기 조정 국면 진입과 HBM 축소 루머에 대한 생각,analysis,like,[],"{""portfolio_summary"": {""state_id"": ""ps_A012_t006"", ""agent_id"": ""A012"", ""turn"": 6, ""date"": ""2026-05-22"", ""cash"": 44435000.0, ""positions"": ""[{\""stock_code\"": \""005930\"", \""quantity\"": 187, \""avg_cost\"": 299197.86096256686, \""current_price\"": 292500.0, \""unrealized_pnl\"": -1252500.000000003, \""unrealized_pnl_rate\"": -0.022386058981233296}]"", ""total_value"": 99132500.0, ""realized_pnl"": 385000.0, ""total_return_rate"": -0.008675, ""updated_at"": ""2026-07-16 19:25:18""}, ""recent_trades"": [{""turn"": 10, ""date"": ""2026-05-19"", ""action"": ""sell"", ""stock_code"": ""005930"", ""quantity"": 10, ""executed_price"": 275500.0, ""trade_value"": 2755000.0, ""status"": ""filled"", ""filled_quantity"": 10, ""action_reason"": ""MA5 이탈과 외국인 매도세로 단기 하락세 지속 우려가 강하며, HBM 리스크 해소 전까지 방어적 관망이 필요함. 현재 소량 보유 상태이므로 전량 매도하여 현금화 후 지지선 확인 시 재진입 고려.""}, {""turn"": 9, ""date"": ""2026-05-19"", ""action"": ""buy"", ""stock_code"": ""005930"", ""quantity"": 10, ""executed_price"": 274000.0, ""trade_value"": 2740000.0, ""status"": ""filled"", ""filled_quantity"": 10, ""action_reason"": ""시스템 제약으로 매수 필수이나, 기술적 MA5 하향과 거래량 부진으로 단기 조정 국면이라 판단. 현금 보유 선호 성향에 따라 소량 매수로 제한적 참여.""}, {""turn"": 8, ""date"": ""2026-05-18"", ""action"": ""sell"", ""stock_code"": ""005930"", ""quantity"": 50, ""executed_price"": 281000.0, ""trade_value"": 14050000.0, ""status"": ""filled"", ""filled_quantity"": 50, ""action_reason"": ""MA5 단기 저항 및 거래량 위배로 단기 조정 가능성 높음. 수익 실현 (처분효과) 및 리스크 관리 위해 전량 매도.""}]}"
chunk_012_2026-05-20_2026-05-27,2026-05-22,6,A007,"[3587, 3596, 3598, 3601, 3605]",3601,삼성전자 오늘의 투자 관점 및 HBM 리스크 재검토,analysis,like,[],"{""portfolio_summary"": {""state_id"": ""ps_A019_t006"", ""agent_id"": ""A019"", ""turn"": 6, ""date"": ""2026-05-22"", ""cash"": 70700000.0, ""positions"": ""[{\""stock_code\"": \""005930\"", \""quantity\"": 100, \""avg_cost\"": 296250.0, \""current_price\"": 292500.0, \""unrealized_pnl\"": -375000.0, \""unrealized_pnl_rate\"": -0.012658227848101266}]"", ""total_value"": 99950000.0, ""realized_pnl"": 325000.0, ""total_return_rate"": -0.0005, ""updated_at"": ""2026-07-16 19:25:18""}, ""recent_trades"": [{""turn"": 10, ""date"": ""2026-05-19"", ""action"": ""sell"", ""stock_code"": ""005930"", ""quantity"": 50, ""executed_price"": 275500.0, ""trade_value"": 13775000.0, ""status"": ""filled"", ""filled_quantity"": 50, ""action_reason"": ""노사 갈등과 HBM 수주 축소 우려로 단기 하방 리스크가 명확하며, 현재 주가는 안전마진 부족으로 판단됨. 현금 비중을 높여 리스크를 회피하고 향후 저평가 구간 매수를 대비함.""}, {""turn"": 9, ""date"": ""2026-05-19"", ""action"": ""buy"", ""stock_code"": ""005930"", ""quantity"": 50, ""executed_price"": 274000.0, ""trade_value"": 13700000.0, ""status"": ""filled"", ""filled_quantity"": 50, ""action_reason"": ""시스템의 매수 강제 조건에 따라 소량 매수 진행. 노사 갈등 리스크로 인해 내재가치 매수 시점을 기다리는 것이 원칙이나, 포트폴리오 진입 필요성에 따라 현금의 10% 이내 소량으로 진입하여 추후 추가 매수 여력 확보.""}, {""turn"": 8, ""date"": ""2026-05-18"", ""action"": ""sell"", ""stock_code"": ""005930"", ""quantity"": 100, ""executed_price"": 281000.0, ""trade_value"": 28100000.0, ""status"": ""filled"", ""filled_quantity"": 100, ""action_reason"": ""현재가 281,000 원은 평균 매수 단가 대비 수익 상태이므로 처분효과에 따라 수익 실현 매도를 실행합니다. 또한 MA5(282,100 원) 부근의 기술적 저항과 거래량 감소로 인한 상승 지속성 의심을 고려하여 전량 매도합니다.""}]}"
chunk_012_2026-05-20_2026-05-27,2026-05-22,6,A007,"[3587, 3596, 3598, 3601, 3605]",3605,"삼성전자, 성장성 불확실성에 대한 방어적 접근 필요",analysis,unlike,[],"{""portfolio_summary"": {""state_id"": ""ps_A026_t006"", ""agent_id"": ""A026"", ""turn"": 6, ""date"": ""2026-05-22"", ""cash"": 83630000.0, ""positions"": ""[{\""stock_code\"": \""005930\"", \""quantity\"": 60, \""avg_cost\"": 286958.3333333333, \""current_price\"": 292500.0, \""unrealized_pnl\"": 332500.00000000116, \""unrealized_pnl_rate\"": 0.019311746769275513}]"", ""total_value"": 101180000.0, ""realized_pnl"": 847500.0000000012, ""total_return_rate"": 0.0118, ""updated_at"": ""2026-07-16 19:25:18""}, ""recent_trades"": [{""turn"": 10, ""date"": ""2026-05-19"", ""action"": ""sell"", ""stock_code"": ""005930"", ""quantity"": 27, ""executed_price"": 275500.0, ""trade_value"": 7438500.0, ""status"": ""filled"", ""filled_quantity"": 27, ""action_reason"": ""노사 갈등 심화와 HBM 수주 우려로 단기 하방 압력이 지속되므로, 현재 수익 구간에서 일부 매도하여 현금 비중을 확보합니다. 내재가치 저평가 구간은 유지되나, 기술적 지지선 확인 전까지는 방어적 대응이 우선입니다.""}, {""turn"": 9, ""date"": ""2026-05-19"", ""action"": ""buy"", ""stock_code"": ""005930"", ""quantity"": 25, ""executed_price"": 274000.0, ""trade_value"": 6850000.0, ""status"": ""filled"", ""filled_quantity"": 25, ""action_reason"": ""내재가치 대비 저평가 구간이며, 노사 리스크 완화로 장기 낙관적 관점 유지. 단기 기술적 약세로 인해 수량은 제한적으로 매수합니다.""}, {""turn"": 8, ""date"": ""2026-05-18"", ""action"": ""buy"", ""stock_code"": ""005930"", ""quantity"": 60, ""executed_price"": 281000.0, ""trade_value"": 16860000.0, ""status"": ""filled"", ""filled_quantity"": 60, ""action_reason"": ""노사 협상 타결로 하방 리스크가 해소되었고, 현재 주가는 내재가치 대비 저평가 구간으로 판단되어 추가 매수합니다. 울산 반도체 허브 관련 뉴스는 지역 투자자로서 장기 성장에 대한 확신을 줍니다.""}]}"
chunk_012_2026-05-20_2026-05-27,2026-05-22,6,A004,"[3587, 3593, 3596, 3598, 3605]",3587,삼성전자 HBM 수주 축소 우려와 매수 기회 탐색,analysis,like,[],null
chunk_012_2026-05-20_2026-05-27,2026-05-22,6,A004,"[3587, 3593, 3596, 3598, 3605]",3593,"[분석] 삼성전자, HBM 수주 우려와 신고가 부담 속 방어적 전략 유지",analysis,like,"[""커뮤니티 인플루언서""]",null
chunk_012_2026-05-20_2026-05-27,2026-05-22,6,A004,"[3587, 3593, 3596, 3598, 3605]",3596,삼성전자 HBM 수급 불확실성에 대한 우려와 현재 투자 전략,analysis,unlike,"[""상위 수익자"", ""자산가""]",null
chunk_012_2026-05-20_2026-05-27,2026-05-22,6,A004,"[3587, 3593, 3596, 3598, 3605]",3598,삼성전자 단기 조정 국면 진입과 HBM 축소 루머에 대한 생각,analysis,like,[],null
chunk_012_2026-05-20_2026-05-27,2026-05-22,6,A004,"[3587, 3593, 3596, 3598, 3605]",3605,"삼성전자, 성장성 불확실성에 대한 방어적 접근 필요",analysis,unlike,[],null
chunk_012_2026-05-20_2026-05-27,2026-05-22,6,A003,"[3593, 3596, 3598, 3601, 3605]",3593,"[분석] 삼성전자, HBM 수주 우려와 신고가 부담 속 방어적 전략 유지",analysis,like,"[""커뮤니티 인플루언서""]",null
chunk_012_2026-05-20_2026-05-27,2026-05-22,6,A003,"[3593, 3596, 3598, 3601, 3605]",3596,삼성전자 HBM 수급 불확실성에 대한 우려와 현재 투자 전략,analysis,like,"[""상위 수익자"", ""자산가""]",null
chunk_012_2026-05-20_2026-05-27,2026-05-22,6,A003,"[3593, 3596, 3598, 3601, 3605]",3598,삼성전자 단기 조정 국면 진입과 HBM 축소 루머에 대한 생각,analysis,like,[],null
chunk_012_2026-05-20_2026-05-27,2026-05-22,6,A003,"[3593, 3596, 3598, 3601, 3605]",3601,삼성전자 오늘의 투자 관점 및 HBM 리스크 재검토,analysis,read,[],null
chunk_012_2026-05-20_2026-05-27,2026-05-22,6,A003,"[3593, 3596, 3598, 3601, 3605]",3605,"삼성전자, 성장성 불확실성에 대한 방어적 접근 필요",analysis,like,[],null
chunk_012_2026-05-20_2026-05-27,2026-05-22,6,A010,"[3587, 3593, 3596, 3601, 3605]",3587,삼성전자 HBM 수주 축소 우려와 매수 기회 탐색,analysis,like,[],null
chunk_012_2026-05-20_2026-05-27,2026-05-22,6,A010,"[3587, 3593, 3596, 3601, 3605]",3593,"[분석] 삼성전자, HBM 수주 우려와 신고가 부담 속 방어적 전략 유지",analysis,like,"[""커뮤니티 인플루언서""]",null
chunk_012_2026-05-20_2026-05-27,2026-05-22,6,A010,"[3587, 3593, 3596, 3601, 3605]",3596,삼성전자 HBM 수급 불확실성에 대한 우려와 현재 투자 전략,analysis,unlike,"[""상위 수익자"", ""자산가""]",null
chunk_012_2026-05-20_2026-05-27,2026-05-22,6,A010,"[3587, 3593, 3596, 3601, 3605]",3601,삼성전자 오늘의 투자 관점 및 HBM 리스크 재검토,analysis,like,[],null
chunk_012_2026-05-20_2026-05-27,2026-05-22,6,A010,"[3587, 3593, 3596, 3601, 3605]",3605,"삼성전자, 성장성 불확실성에 대한 방어적 접근 필요",analysis,unlike,[],null
chunk_012_2026-05-20_2026-05-27,2026-05-22,6,A005,"[3587, 3593, 3596, 3601, 3605]",3587,삼성전자 HBM 수주 축소 우려와 매수 기회 탐색,analysis,like,[],null
chunk_012_2026-05-20_2026-05-27,2026-05-22,6,A005,"[3587, 3593, 3596, 3601, 3605]",3593,"[분석] 삼성전자, HBM 수주 우려와 신고가 부담 속 방어적 전략 유지",analysis,like,"[""커뮤니티 인플루언서""]",null
chunk_012_2026-05-20_2026-05-27,2026-05-22,6,A005,"[3587, 3593, 3596, 3601, 3605]",3596,삼성전자 HBM 수급 불확실성에 대한 우려와 현재 투자 전략,analysis,unlike,"[""상위 수익자"", ""자산가""]",null
chunk_012_2026-05-20_2026-05-27,2026-05-22,6,A005,"[3587, 3593, 3596, 3601, 3605]",3601,삼성전자 오늘의 투자 관점 및 HBM 리스크 재검토,analysis,like,[],null
chunk_012_2026-05-20_2026-05-27,2026-05-22,6,A005,"[3587, 3593, 3596, 3601, 3605]",3605,"삼성전자, 성장성 불확실성에 대한 방어적 접근 필요",analysis,unlike,[],null
chunk_012_2026-05-20_2026-05-27,2026-05-22,6,A012,"[3587, 3593, 3596, 3601, 3605]",3587,삼성전자 HBM 수주 축소 우려와 매수 기회 탐색,analysis,like,[],null
chunk_012_2026-05-20_2026-05-27,2026-05-22,6,A012,"[3587, 3593, 3596, 3601, 3605]",3593,"[분석] 삼성전자, HBM 수주 우려와 신고가 부담 속 방어적 전략 유지",analysis,like,"[""커뮤니티 인플루언서""]",null
chunk_012_2026-05-20_2026-05-27,2026-05-22,6,A012,"[3587, 3593, 3596, 3601, 3605]",3596,삼성전자 HBM 수급 불확실성에 대한 우려와 현재 투자 전략,analysis,unlike,"[""상위 수익자"", ""자산가""]",null
chunk_012_2026-05-20_2026-05-27,2026-05-22,6,A012,"[3587, 3593, 3596, 3601, 3605]",3601,삼성전자 오늘의 투자 관점 및 HBM 리스크 재검토,analysis,like,[],null
chunk_012_2026-05-20_2026-05-27,2026-05-22,6,A012,"[3587, 3593, 3596, 3601, 3605]",3605,"삼성전자, 성장성 불확실성에 대한 방어적 접근 필요",analysis,unlike,[],null
chunk_012_2026-05-20_2026-05-27,2026-05-22,6,A011,"[3587, 3593, 3598, 3601, 3605]",3587,삼성전자 HBM 수주 축소 우려와 매수 기회 탐색,analysis,like,[],null
chunk_012_2026-05-20_2026-05-27,2026-05-22,6,A011,"[3587, 3593, 3598, 3601, 3605]",3593,"[분석] 삼성전자, HBM 수주 우려와 신고가 부담 속 방어적 전략 유지",analysis,like,"[""커뮤니티 인플루언서""]",null
chunk_012_2026-05-20_2026-05-27,2026-05-22,6,A011,"[3587, 3593, 3598, 3601, 3605]",3598,삼성전자 단기 조정 국면 진입과 HBM 축소 루머에 대한 생각,analysis,unlike,[],null
chunk_012_2026-05-20_2026-05-27,2026-05-22,6,A011,"[3587, 3593, 3598, 3601, 3605]",3601,삼성전자 오늘의 투자 관점 및 HBM 리스크 재검토,analysis,like,[],null
chunk_012_2026-05-20_2026-05-27,2026-05-22,6,A011,"[3587, 3593, 3598, 3601, 3605]",3605,"삼성전자, 성장성 불확실성에 대한 방어적 접근 필요",analysis,unlike,[],null
chunk_012_2026-05-20_2026-05-27,2026-05-22,6,A017,"[3587, 3593, 3596, 3598, 3601, 3605]",3587,삼성전자 HBM 수주 축소 우려와 매수 기회 탐색,analysis,like,[],"{""portfolio_summary"": {""state_id"": ""ps_A003_t006"", ""agent_id"": ""A003"", ""turn"": 6, ""date"": ""2026-05-22"", ""cash"": 102225000.0, ""positions"": ""[]"", ""total_value"": 102225000.0, ""realized_pnl"": 2225000.0000000056, ""total_return_rate"": 0.02225, ""updated_at"": ""2026-07-16 19:25:18""}, ""recent_trades"": [{""turn"": 10, ""date"": ""2026-05-19"", ""action"": ""buy"", ""stock_code"": ""005930"", ""quantity"": 10, ""executed_price"": 275500.0, ""trade_value"": 2755000.0, ""status"": ""filled"", ""filled_quantity"": 10, ""action_reason"": ""내재가치 대비 저평가 구간이며 외국인 매도세가 저가 매수 기회로 판단되어 가치 투자 관점에서 매수합니다.""}, {""turn"": 9, ""date"": ""2026-05-19"", ""action"": ""buy"", ""stock_code"": ""005930"", ""quantity"": 27, ""executed_price"": 274000.0, ""trade_value"": 7398000.0, ""status"": ""filled"", ""filled_quantity"": 27, ""action_reason"": ""내재가치 대비 저평가 구간 (274,000 원) 이며 노사 리스크 일시적 완화로 가치 매수 기회로 판단. 수익 보유 종목에 추가 매수로 평균 단가 관리 및 수익 확대.""}, {""turn"": 8, ""date"": ""2026-05-18"", ""action"": ""buy"", ""stock_code"": ""005930"", ""quantity"": 40, ""executed_price"": 281000.0, ""trade_value"": 11240000.0, ""status"": ""filled"", ""filled_quantity"": 40, ""action_reason"": ""노사 리스크 해소와 메모리 업황 호조로 내재가치 대비 저평가 구간 진입. 상승 추세 전환 신호에 따라 현금 비중을 활용해 추가 매수.""}]}"
chunk_012_2026-05-20_2026-05-27,2026-05-22,6,A017,"[3587, 3593, 3596, 3598, 3601, 3605]",3593,"[분석] 삼성전자, HBM 수주 우려와 신고가 부담 속 방어적 전략 유지",analysis,unlike,"[""커뮤니티 인플루언서""]","{""portfolio_summary"": {""state_id"": ""ps_A007_t006"", ""agent_id"": ""A007"", ""turn"": 6, ""date"": ""2026-05-22"", ""cash"": 71960000.0, ""positions"": ""[{\""stock_code\"": \""005930\"", \""quantity\"": 100, \""avg_cost\"": 300000.0, \""current_price\"": 292500.0, \""unrealized_pnl\"": -750000.0, \""unrealized_pnl_rate\"": -0.025}]"", ""total_value"": 101210000.0, ""realized_pnl"": 1960000.0, ""total_return_rate"": 0.0121, ""updated_at"": ""2026-07-16 19:25:18""}, ""recent_trades"": [{""turn"": 10, ""date"": ""2026-05-19"", ""action"": ""sell"", ""stock_code"": ""005930"", ""quantity"": 44, ""executed_price"": 275500.0, ""trade_value"": 12122000.0, ""status"": ""filled"", ""filled_quantity"": 44, ""action_reason"": ""노사 갈등 심화 및 HBM 수급 우려로 단기 약세 지속 예상, 현재 주가는 내재가치 대비 저평가 구간이 아니므로 방어적 관점에서 매도합니다.""}, {""turn"": 9, ""date"": ""2026-05-19"", ""action"": ""sell"", ""stock_code"": ""005930"", ""quantity"": 50, ""executed_price"": 274000.0, ""trade_value"": 13700000.0, ""status"": ""filled"", ""filled_quantity"": 50, ""action_reason"": ""핵심 가치평가 지표 (PER/PB) 부재로 저평가 판단이 불가하여 추가 매수는 자제합니다. 외국인 매도세와 단기 변동성 리스크를 고려하여 수익 실현 및 리스크 관리 차원에서 일부 매도합니다.""}, {""turn"": 8, ""date"": ""2026-05-18"", ""action"": ""sell"", ""stock_code"": ""005930"", ""quantity"": 50, ""executed_price"": 281000.0, ""trade_value"": 14050000.0, ""status"": ""filled"", ""filled_quantity"": 50, ""action_reason"": ""핵심 가치평가 지표 (PE/PB) 부재로 저평가 여부 불명확하며, 정치적 개입과 중국 경쟁사 리스크로 변동성 우려가 큼. 현재 보유 비중이 높아 리스크 분산을 위해 일부 매도합니다.""}]}"
chunk_012_2026-05-20_2026-05-27,2026-05-22,6,A017,"[3587, 3593, 3596, 3598, 3601, 3605]",3596,삼성전자 HBM 수급 불확실성에 대한 우려와 현재 투자 전략,analysis,like,"[""상위 수익자"", ""자산가""]","{""portfolio_summary"": {""state_id"": ""ps_A011_t006"", ""agent_id"": ""A011"", ""turn"": 6, ""date"": ""2026-05-22"", ""cash"": 33133000.0, ""positions"": ""[{\""stock_code\"": \""005930\"", \""quantity\"": 238, \""avg_cost\"": 285303.1041603196, \""current_price\"": 292500.0, \""unrealized_pnl\"": 1712861.2098439336, \""unrealized_pnl_rate\"": 0.025225438261044158}]"", ""total_value"": 102748000.0, ""realized_pnl"": 1035138.7901560543, ""total_return_rate"": 0.02748, ""updated_at"": ""2026-07-16 19:25:18""}, ""recent_trades"": [{""turn"": 10, ""date"": ""2026-05-19"", ""action"": ""buy"", ""stock_code"": ""005930"", ""quantity"": 2, ""executed_price"": 275500.0, ""trade_value"": 551000.0, ""status"": ""filled"", ""filled_quantity"": 2, ""action_reason"": ""현재 주가는 내재가치 대비 저평가 구간 (MA20 지지선 상단) 이며, 소폭 미실현손실 (-0.29%) 은 손절 기준에 미치지 않아 가치 매수 관점에서 제한적 매수를 결정합니다.""}, {""turn"": 9, ""date"": ""2026-05-19"", ""action"": ""buy"", ""stock_code"": ""005930"", ""quantity"": 3, ""executed_price"": 274000.0, ""trade_value"": 822000.0, ""status"": ""filled"", ""filled_quantity"": 3, ""action_reason"": ""정부 개입 가능성과 실적 호조로 내재가치 대비 저평가 구간이므로 매수합니다. 현금 비중이 낮으나 고위험 고수익 선호 성향과 집중 투자 성향에 따라 최대 허용 수량으로 매수합니다.""}, {""turn"": 8, ""date"": ""2026-05-18"", ""action"": ""buy"", ""stock_code"": ""005930"", ""quantity"": 7, ""executed_price"": 281000.0, ""trade_value"": 1967000.0, ""status"": ""filled"", ""filled_quantity"": 7, ""action_reason"": ""강세 모멘텀과 메모리 반도체 초호황 사이클 지속성을 고려하여 추격 매수합니다. 수익 구간에서 보유 전략을 유지하며, 고위험 고수익 성향에 따라 성장성 우위 시 추가 매수를 단행합니다.""}]}"
chunk_012_2026-05-20_2026-05-27,2026-05-22,6,A017,"[3587, 3593, 3596, 3598, 3601, 3605]",3598,삼성전자 단기 조정 국면 진입과 HBM 축소 루머에 대한 생각,analysis,like,[],"{""portfolio_summary"": {""state_id"": ""ps_A012_t006"", ""agent_id"": ""A012"", ""turn"": 6, ""date"": ""2026-05-22"", ""cash"": 44435000.0, ""positions"": ""[{\""stock_code\"": \""005930\"", \""quantity\"": 187, \""avg_cost\"": 299197.86096256686, \""current_price\"": 292500.0, \""unrealized_pnl\"": -1252500.000000003, \""unrealized_pnl_rate\"": -0.022386058981233296}]"", ""total_value"": 99132500.0, ""realized_pnl"": 385000.0, ""total_return_rate"": -0.008675, ""updated_at"": ""2026-07-16 19:25:18""}, ""recent_trades"": [{""turn"": 10, ""date"": ""2026-05-19"", ""action"": ""sell"", ""stock_code"": ""005930"", ""quantity"": 10, ""executed_price"": 275500.0, ""trade_value"": 2755000.0, ""status"": ""filled"", ""filled_quantity"": 10, ""action_reason"": ""MA5 이탈과 외국인 매도세로 단기 하락세 지속 우려가 강하며, HBM 리스크 해소 전까지 방어적 관망이 필요함. 현재 소량 보유 상태이므로 전량 매도하여 현금화 후 지지선 확인 시 재진입 고려.""}, {""turn"": 9, ""date"": ""2026-05-19"", ""action"": ""buy"", ""stock_code"": ""005930"", ""quantity"": 10, ""executed_price"": 274000.0, ""trade_value"": 2740000.0, ""status"": ""filled"", ""filled_quantity"": 10, ""action_reason"": ""시스템 제약으로 매수 필수이나, 기술적 MA5 하향과 거래량 부진으로 단기 조정 국면이라 판단. 현금 보유 선호 성향에 따라 소량 매수로 제한적 참여.""}, {""turn"": 8, ""date"": ""2026-05-18"", ""action"": ""sell"", ""stock_code"": ""005930"", ""quantity"": 50, ""executed_price"": 281000.0, ""trade_value"": 14050000.0, ""status"": ""filled"", ""filled_quantity"": 50, ""action_reason"": ""MA5 단기 저항 및 거래량 위배로 단기 조정 가능성 높음. 수익 실현 (처분효과) 및 리스크 관리 위해 전량 매도.""}]}"
chunk_012_2026-05-20_2026-05-27,2026-05-22,6,A017,"[3587, 3593, 3596, 3598, 3601, 3605]",3601,삼성전자 오늘의 투자 관점 및 HBM 리스크 재검토,analysis,read,[],"{""portfolio_summary"": {""state_id"": ""ps_A019_t006"", ""agent_id"": ""A019"", ""turn"": 6, ""date"": ""2026-05-22"", ""cash"": 70700000.0, ""positions"": ""[{\""stock_code\"": \""005930\"", \""quantity\"": 100, \""avg_cost\"": 296250.0, \""current_price\"": 292500.0, \""unrealized_pnl\"": -375000.0, \""unrealized_pnl_rate\"": -0.012658227848101266}]"", ""total_value"": 99950000.0, ""realized_pnl"": 325000.0, ""total_return_rate"": -0.0005, ""updated_at"": ""2026-07-16 19:25:18""}, ""recent_trades"": [{""turn"": 10, ""date"": ""2026-05-19"", ""action"": ""sell"", ""stock_code"": ""005930"", ""quantity"": 50, ""executed_price"": 275500.0, ""trade_value"": 13775000.0, ""status"": ""filled"", ""filled_quantity"": 50, ""action_reason"": ""노사 갈등과 HBM 수주 축소 우려로 단기 하방 리스크가 명확하며, 현재 주가는 안전마진 부족으로 판단됨. 현금 비중을 높여 리스크를 회피하고 향후 저평가 구간 매수를 대비함.""}, {""turn"": 9, ""date"": ""2026-05-19"", ""action"": ""buy"", ""stock_code"": ""005930"", ""quantity"": 50, ""executed_price"": 274000.0, ""trade_value"": 13700000.0, ""status"": ""filled"", ""filled_quantity"": 50, ""action_reason"": ""시스템의 매수 강제 조건에 따라 소량 매수 진행. 노사 갈등 리스크로 인해 내재가치 매수 시점을 기다리는 것이 원칙이나, 포트폴리오 진입 필요성에 따라 현금의 10% 이내 소량으로 진입하여 추후 추가 매수 여력 확보.""}, {""turn"": 8, ""date"": ""2026-05-18"", ""action"": ""sell"", ""stock_code"": ""005930"", ""quantity"": 100, ""executed_price"": 281000.0, ""trade_value"": 28100000.0, ""status"": ""filled"", ""filled_quantity"": 100, ""action_reason"": ""현재가 281,000 원은 평균 매수 단가 대비 수익 상태이므로 처분효과에 따라 수익 실현 매도를 실행합니다. 또한 MA5(282,100 원) 부근의 기술적 저항과 거래량 감소로 인한 상승 지속성 의심을 고려하여 전량 매도합니다.""}]}"
chunk_012_2026-05-20_2026-05-27,2026-05-22,6,A017,"[3587, 3593, 3596, 3598, 3601, 3605]",3605,"삼성전자, 성장성 불확실성에 대한 방어적 접근 필요",analysis,like,[],"{""portfolio_summary"": {""state_id"": ""ps_A026_t006"", ""agent_id"": ""A026"", ""turn"": 6, ""date"": ""2026-05-22"", ""cash"": 83630000.0, ""positions"": ""[{\""stock_code\"": \""005930\"", \""quantity\"": 60, \""avg_cost\"": 286958.3333333333, \""current_price\"": 292500.0, \""unrealized_pnl\"": 332500.00000000116, \""unrealized_pnl_rate\"": 0.019311746769275513}]"", ""total_value"": 101180000.0, ""realized_pnl"": 847500.0000000012, ""total_return_rate"": 0.0118, ""updated_at"": ""2026-07-16 19:25:18""}, ""recent_trades"": [{""turn"": 10, ""date"": ""2026-05-19"", ""action"": ""sell"", ""stock_code"": ""005930"", ""quantity"": 27, ""executed_price"": 275500.0, ""trade_value"": 7438500.0, ""status"": ""filled"", ""filled_quantity"": 27, ""action_reason"": ""노사 갈등 심화와 HBM 수주 우려로 단기 하방 압력이 지속되므로, 현재 수익 구간에서 일부 매도하여 현금 비중을 확보합니다. 내재가치 저평가 구간은 유지되나, 기술적 지지선 확인 전까지는 방어적 대응이 우선입니다.""}, {""turn"": 9, ""date"": ""2026-05-19"", ""action"": ""buy"", ""stock_code"": ""005930"", ""quantity"": 25, ""executed_price"": 274000.0, ""trade_value"": 6850000.0, ""status"": ""filled"", ""filled_quantity"": 25, ""action_reason"": ""내재가치 대비 저평가 구간이며, 노사 리스크 완화로 장기 낙관적 관점 유지. 단기 기술적 약세로 인해 수량은 제한적으로 매수합니다.""}, {""turn"": 8, ""date"": ""2026-05-18"", ""action"": ""buy"", ""stock_code"": ""005930"", ""quantity"": 60, ""executed_price"": 281000.0, ""trade_value"": 16860000.0, ""status"": ""filled"", ""filled_quantity"": 60, ""action_reason"": ""노사 협상 타결로 하방 리스크가 해소되었고, 현재 주가는 내재가치 대비 저평가 구간으로 판단되어 추가 매수합니다. 울산 반도체 허브 관련 뉴스는 지역 투자자로서 장기 성장에 대한 확신을 줍니다.""}]}"
chunk_012_2026-05-20_2026-05-27,2026-05-22,6,A014,"[3587, 3593, 3596, 3601, 3605]",3587,삼성전자 HBM 수주 축소 우려와 매수 기회 탐색,analysis,like,[],null
chunk_012_2026-05-20_2026-05-27,2026-05-22,6,A014,"[3587, 3593, 3596, 3601, 3605]",3593,"[분석] 삼성전자, HBM 수주 우려와 신고가 부담 속 방어적 전략 유지",analysis,like,"[""커뮤니티 인플루언서""]",null
chunk_012_2026-05-20_2026-05-27,2026-05-22,6,A014,"[3587, 3593, 3596, 3601, 3605]",3596,삼성전자 HBM 수급 불확실성에 대한 우려와 현재 투자 전략,analysis,unlike,"[""상위 수익자"", ""자산가""]",null
chunk_012_2026-05-20_2026-05-27,2026-05-22,6,A014,"[3587, 3593, 3596, 3601, 3605]",3601,삼성전자 오늘의 투자 관점 및 HBM 리스크 재검토,analysis,like,[],null
chunk_012_2026-05-20_2026-05-27,2026-05-22,6,A014,"[3587, 3593, 3596, 3601, 3605]",3605,"삼성전자, 성장성 불확실성에 대한 방어적 접근 필요",analysis,unlike,[],null
chunk_012_2026-05-20_2026-05-27,2026-05-22,6,A015,"[3587, 3593, 3596, 3598, 3601, 3605]",3587,삼성전자 HBM 수주 축소 우려와 매수 기회 탐색,analysis,like,[],"{""portfolio_summary"": {""state_id"": ""ps_A003_t006"", ""agent_id"": ""A003"", ""turn"": 6, ""date"": ""2026-05-22"", ""cash"": 102225000.0, ""positions"": ""[]"", ""total_value"": 102225000.0, ""realized_pnl"": 2225000.0000000056, ""total_return_rate"": 0.02225, ""updated_at"": ""2026-07-16 19:25:18""}, ""recent_trades"": [{""turn"": 10, ""date"": ""2026-05-19"", ""action"": ""buy"", ""stock_code"": ""005930"", ""quantity"": 10, ""executed_price"": 275500.0, ""trade_value"": 2755000.0, ""status"": ""filled"", ""filled_quantity"": 10, ""action_reason"": ""내재가치 대비 저평가 구간이며 외국인 매도세가 저가 매수 기회로 판단되어 가치 투자 관점에서 매수합니다.""}, {""turn"": 9, ""date"": ""2026-05-19"", ""action"": ""buy"", ""stock_code"": ""005930"", ""quantity"": 27, ""executed_price"": 274000.0, ""trade_value"": 7398000.0, ""status"": ""filled"", ""filled_quantity"": 27, ""action_reason"": ""내재가치 대비 저평가 구간 (274,000 원) 이며 노사 리스크 일시적 완화로 가치 매수 기회로 판단. 수익 보유 종목에 추가 매수로 평균 단가 관리 및 수익 확대.""}, {""turn"": 8, ""date"": ""2026-05-18"", ""action"": ""buy"", ""stock_code"": ""005930"", ""quantity"": 40, ""executed_price"": 281000.0, ""trade_value"": 11240000.0, ""status"": ""filled"", ""filled_quantity"": 40, ""action_reason"": ""노사 리스크 해소와 메모리 업황 호조로 내재가치 대비 저평가 구간 진입. 상승 추세 전환 신호에 따라 현금 비중을 활용해 추가 매수.""}]}"
chunk_012_2026-05-20_2026-05-27,2026-05-22,6,A015,"[3587, 3593, 3596, 3598, 3601, 3605]",3593,"[분석] 삼성전자, HBM 수주 우려와 신고가 부담 속 방어적 전략 유지",analysis,unlike,"[""커뮤니티 인플루언서""]","{""portfolio_summary"": {""state_id"": ""ps_A007_t006"", ""agent_id"": ""A007"", ""turn"": 6, ""date"": ""2026-05-22"", ""cash"": 71960000.0, ""positions"": ""[{\""stock_code\"": \""005930\"", \""quantity\"": 100, \""avg_cost\"": 300000.0, \""current_price\"": 292500.0, \""unrealized_pnl\"": -750000.0, \""unrealized_pnl_rate\"": -0.025}]"", ""total_value"": 101210000.0, ""realized_pnl"": 1960000.0, ""total_return_rate"": 0.0121, ""updated_at"": ""2026-07-16 19:25:18""}, ""recent_trades"": [{""turn"": 10, ""date"": ""2026-05-19"", ""action"": ""sell"", ""stock_code"": ""005930"", ""quantity"": 44, ""executed_price"": 275500.0, ""trade_value"": 12122000.0, ""status"": ""filled"", ""filled_quantity"": 44, ""action_reason"": ""노사 갈등 심화 및 HBM 수급 우려로 단기 약세 지속 예상, 현재 주가는 내재가치 대비 저평가 구간이 아니므로 방어적 관점에서 매도합니다.""}, {""turn"": 9, ""date"": ""2026-05-19"", ""action"": ""sell"", ""stock_code"": ""005930"", ""quantity"": 50, ""executed_price"": 274000.0, ""trade_value"": 13700000.0, ""status"": ""filled"", ""filled_quantity"": 50, ""action_reason"": ""핵심 가치평가 지표 (PER/PB) 부재로 저평가 판단이 불가하여 추가 매수는 자제합니다. 외국인 매도세와 단기 변동성 리스크를 고려하여 수익 실현 및 리스크 관리 차원에서 일부 매도합니다.""}, {""turn"": 8, ""date"": ""2026-05-18"", ""action"": ""sell"", ""stock_code"": ""005930"", ""quantity"": 50, ""executed_price"": 281000.0, ""trade_value"": 14050000.0, ""status"": ""filled"", ""filled_quantity"": 50, ""action_reason"": ""핵심 가치평가 지표 (PE/PB) 부재로 저평가 여부 불명확하며, 정치적 개입과 중국 경쟁사 리스크로 변동성 우려가 큼. 현재 보유 비중이 높아 리스크 분산을 위해 일부 매도합니다.""}]}"
chunk_012_2026-05-20_2026-05-27,2026-05-22,6,A015,"[3587, 3593, 3596, 3598, 3601, 3605]",3596,삼성전자 HBM 수급 불확실성에 대한 우려와 현재 투자 전략,analysis,like,"[""상위 수익자"", ""자산가""]","{""portfolio_summary"": {""state_id"": ""ps_A011_t006"", ""agent_id"": ""A011"", ""turn"": 6, ""date"": ""2026-05-22"", ""cash"": 33133000.0, ""positions"": ""[{\""stock_code\"": \""005930\"", \""quantity\"": 238, \""avg_cost\"": 285303.1041603196, \""current_price\"": 292500.0, \""unrealized_pnl\"": 1712861.2098439336, \""unrealized_pnl_rate\"": 0.025225438261044158}]"", ""total_value"": 102748000.0, ""realized_pnl"": 1035138.7901560543, ""total_return_rate"": 0.02748, ""updated_at"": ""2026-07-16 19:25:18""}, ""recent_trades"": [{""turn"": 10, ""date"": ""2026-05-19"", ""action"": ""buy"", ""stock_code"": ""005930"", ""quantity"": 2, ""executed_price"": 275500.0, ""trade_value"": 551000.0, ""status"": ""filled"", ""filled_quantity"": 2, ""action_reason"": ""현재 주가는 내재가치 대비 저평가 구간 (MA20 지지선 상단) 이며, 소폭 미실현손실 (-0.29%) 은 손절 기준에 미치지 않아 가치 매수 관점에서 제한적 매수를 결정합니다.""}, {""turn"": 9, ""date"": ""2026-05-19"", ""action"": ""buy"", ""stock_code"": ""005930"", ""quantity"": 3, ""executed_price"": 274000.0, ""trade_value"": 822000.0, ""status"": ""filled"", ""filled_quantity"": 3, ""action_reason"": ""정부 개입 가능성과 실적 호조로 내재가치 대비 저평가 구간이므로 매수합니다. 현금 비중이 낮으나 고위험 고수익 선호 성향과 집중 투자 성향에 따라 최대 허용 수량으로 매수합니다.""}, {""turn"": 8, ""date"": ""2026-05-18"", ""action"": ""buy"", ""stock_code"": ""005930"", ""quantity"": 7, ""executed_price"": 281000.0, ""trade_value"": 1967000.0, ""status"": ""filled"", ""filled_quantity"": 7, ""action_reason"": ""강세 모멘텀과 메모리 반도체 초호황 사이클 지속성을 고려하여 추격 매수합니다. 수익 구간에서 보유 전략을 유지하며, 고위험 고수익 성향에 따라 성장성 우위 시 추가 매수를 단행합니다.""}]}"
chunk_012_2026-05-20_2026-05-27,2026-05-22,6,A015,"[3587, 3593, 3596, 3598, 3601, 3605]",3598,삼성전자 단기 조정 국면 진입과 HBM 축소 루머에 대한 생각,analysis,like,[],"{""portfolio_summary"": {""state_id"": ""ps_A012_t006"", ""agent_id"": ""A012"", ""turn"": 6, ""date"": ""2026-05-22"", ""cash"": 44435000.0, ""positions"": ""[{\""stock_code\"": \""005930\"", \""quantity\"": 187, \""avg_cost\"": 299197.86096256686, \""current_price\"": 292500.0, \""unrealized_pnl\"": -1252500.000000003, \""unrealized_pnl_rate\"": -0.022386058981233296}]"", ""total_value"": 99132500.0, ""realized_pnl"": 385000.0, ""total_return_rate"": -0.008675, ""updated_at"": ""2026-07-16 19:25:18""}, ""recent_trades"": [{""turn"": 10, ""date"": ""2026-05-19"", ""action"": ""sell"", ""stock_code"": ""005930"", ""quantity"": 10, ""executed_price"": 275500.0, ""trade_value"": 2755000.0, ""status"": ""filled"", ""filled_quantity"": 10, ""action_reason"": ""MA5 이탈과 외국인 매도세로 단기 하락세 지속 우려가 강하며, HBM 리스크 해소 전까지 방어적 관망이 필요함. 현재 소량 보유 상태이므로 전량 매도하여 현금화 후 지지선 확인 시 재진입 고려.""}, {""turn"": 9, ""date"": ""2026-05-19"", ""action"": ""buy"", ""stock_code"": ""005930"", ""quantity"": 10, ""executed_price"": 274000.0, ""trade_value"": 2740000.0, ""status"": ""filled"", ""filled_quantity"": 10, ""action_reason"": ""시스템 제약으로 매수 필수이나, 기술적 MA5 하향과 거래량 부진으로 단기 조정 국면이라 판단. 현금 보유 선호 성향에 따라 소량 매수로 제한적 참여.""}, {""turn"": 8, ""date"": ""2026-05-18"", ""action"": ""sell"", ""stock_code"": ""005930"", ""quantity"": 50, ""executed_price"": 281000.0, ""trade_value"": 14050000.0, ""status"": ""filled"", ""filled_quantity"": 50, ""action_reason"": ""MA5 단기 저항 및 거래량 위배로 단기 조정 가능성 높음. 수익 실현 (처분효과) 및 리스크 관리 위해 전량 매도.""}]}"
chunk_012_2026-05-20_2026-05-27,2026-05-22,6,A015,"[3587, 3593, 3596, 3598, 3601, 3605]",3601,삼성전자 오늘의 투자 관점 및 HBM 리스크 재검토,analysis,like,[],"{""portfolio_summary"": {""state_id"": ""ps_A019_t006"", ""agent_id"": ""A019"", ""turn"": 6, ""date"": ""2026-05-22"", ""cash"": 70700000.0, ""positions"": ""[{\""stock_code\"": \""005930\"", \""quantity\"": 100, \""avg_cost\"": 296250.0, \""current_price\"": 292500.0, \""unrealized_pnl\"": -375000.0, \""unrealized_pnl_rate\"": -0.012658227848101266}]"", ""total_value"": 99950000.0, ""realized_pnl"": 325000.0, ""total_return_rate"": -0.0005, ""updated_at"": ""2026-07-16 19:25:18""}, ""recent_trades"": [{""turn"": 10, ""date"": ""2026-05-19"", ""action"": ""sell"", ""stock_code"": ""005930"", ""quantity"": 50, ""executed_price"": 275500.0, ""trade_value"": 13775000.0, ""status"": ""filled"", ""filled_quantity"": 50, ""action_reason"": ""노사 갈등과 HBM 수주 축소 우려로 단기 하방 리스크가 명확하며, 현재 주가는 안전마진 부족으로 판단됨. 현금 비중을 높여 리스크를 회피하고 향후 저평가 구간 매수를 대비함.""}, {""turn"": 9, ""date"": ""2026-05-19"", ""action"": ""buy"", ""stock_code"": ""005930"", ""quantity"": 50, ""executed_price"": 274000.0, ""trade_value"": 13700000.0, ""status"": ""filled"", ""filled_quantity"": 50, ""action_reason"": ""시스템의 매수 강제 조건에 따라 소량 매수 진행. 노사 갈등 리스크로 인해 내재가치 매수 시점을 기다리는 것이 원칙이나, 포트폴리오 진입 필요성에 따라 현금의 10% 이내 소량으로 진입하여 추후 추가 매수 여력 확보.""}, {""turn"": 8, ""date"": ""2026-05-18"", ""action"": ""sell"", ""stock_code"": ""005930"", ""quantity"": 100, ""executed_price"": 281000.0, ""trade_value"": 28100000.0, ""status"": ""filled"", ""filled_quantity"": 100, ""action_reason"": ""현재가 281,000 원은 평균 매수 단가 대비 수익 상태이므로 처분효과에 따라 수익 실현 매도를 실행합니다. 또한 MA5(282,100 원) 부근의 기술적 저항과 거래량 감소로 인한 상승 지속성 의심을 고려하여 전량 매도합니다.""}]}"
chunk_012_2026-05-20_2026-05-27,2026-05-22,6,A015,"[3587, 3593, 3596, 3598, 3601, 3605]",3605,"삼성전자, 성장성 불확실성에 대한 방어적 접근 필요",analysis,unlike,[],"{""portfolio_summary"": {""state_id"": ""ps_A026_t006"", ""agent_id"": ""A026"", ""turn"": 6, ""date"": ""2026-05-22"", ""cash"": 83630000.0, ""positions"": ""[{\""stock_code\"": \""005930\"", \""quantity\"": 60, \""avg_cost\"": 286958.3333333333, \""current_price\"": 292500.0, \""unrealized_pnl\"": 332500.00000000116, \""unrealized_pnl_rate\"": 0.019311746769275513}]"", ""total_value"": 101180000.0, ""realized_pnl"": 847500.0000000012, ""total_return_rate"": 0.0118, ""updated_at"": ""2026-07-16 19:25:18""}, ""recent_trades"": [{""turn"": 10, ""date"": ""2026-05-19"", ""action"": ""sell"", ""stock_code"": ""005930"", ""quantity"": 27, ""executed_price"": 275500.0, ""trade_value"": 7438500.0, ""status"": ""filled"", ""filled_quantity"": 27, ""action_reason"": ""노사 갈등 심화와 HBM 수주 우려로 단기 하방 압력이 지속되므로, 현재 수익 구간에서 일부 매도하여 현금 비중을 확보합니다. 내재가치 저평가 구간은 유지되나, 기술적 지지선 확인 전까지는 방어적 대응이 우선입니다.""}, {""turn"": 9, ""date"": ""2026-05-19"", ""action"": ""buy"", ""stock_code"": ""005930"", ""quantity"": 25, ""executed_price"": 274000.0, ""trade_value"": 6850000.0, ""status"": ""filled"", ""filled_quantity"": 25, ""action_reason"": ""내재가치 대비 저평가 구간이며, 노사 리스크 완화로 장기 낙관적 관점 유지. 단기 기술적 약세로 인해 수량은 제한적으로 매수합니다.""}, {""turn"": 8, ""date"": ""2026-05-18"", ""action"": ""buy"", ""stock_code"": ""005930"", ""quantity"": 60, ""executed_price"": 281000.0, ""trade_value"": 16860000.0, ""status"": ""filled"", ""filled_quantity"": 60, ""action_reason"": ""노사 협상 타결로 하방 리스크가 해소되었고, 현재 주가는 내재가치 대비 저평가 구간으로 판단되어 추가 매수합니다. 울산 반도체 허브 관련 뉴스는 지역 투자자로서 장기 성장에 대한 확신을 줍니다.""}]}"
chunk_012_2026-05-20_2026-05-27,2026-05-22,6,A013,"[3587, 3593, 3596, 3601, 3605]",3587,삼성전자 HBM 수주 축소 우려와 매수 기회 탐색,analysis,like,[],null
chunk_012_2026-05-20_2026-05-27,2026-05-22,6,A013,"[3587, 3593, 3596, 3601, 3605]",3593,"[분석] 삼성전자, HBM 수주 우려와 신고가 부담 속 방어적 전략 유지",analysis,like,"[""커뮤니티 인플루언서""]",null
chunk_012_2026-05-20_2026-05-27,2026-05-22,6,A013,"[3587, 3593, 3596, 3601, 3605]",3596,삼성전자 HBM 수급 불확실성에 대한 우려와 현재 투자 전략,analysis,unlike,"[""상위 수익자"", ""자산가""]",null
chunk_012_2026-05-20_2026-05-27,2026-05-22,6,A013,"[3587, 3593, 3596, 3601, 3605]",3601,삼성전자 오늘의 투자 관점 및 HBM 리스크 재검토,analysis,like,[],null
chunk_012_2026-05-20_2026-05-27,2026-05-22,6,A013,"[3587, 3593, 3596, 3601, 3605]",3605,"삼성전자, 성장성 불확실성에 대한 방어적 접근 필요",analysis,unlike,[],null
chunk_012_2026-05-20_2026-05-27,2026-05-22,6,A019,"[3587, 3593, 3596, 3598, 3605]",3587,삼성전자 HBM 수주 축소 우려와 매수 기회 탐색,analysis,like,[],null
chunk_012_2026-05-20_2026-05-27,2026-05-22,6,A019,"[3587, 3593, 3596, 3598, 3605]",3593,"[분석] 삼성전자, HBM 수주 우려와 신고가 부담 속 방어적 전략 유지",analysis,like,"[""커뮤니티 인플루언서""]",null
chunk_012_2026-05-20_2026-05-27,2026-05-22,6,A019,"[3587, 3593, 3596, 3598, 3605]",3596,삼성전자 HBM 수급 불확실성에 대한 우려와 현재 투자 전략,analysis,unlike,"[""상위 수익자"", ""자산가""]",null
chunk_012_2026-05-20_2026-05-27,2026-05-22,6,A019,"[3587, 3593, 3596, 3598, 3605]",3598,삼성전자 단기 조정 국면 진입과 HBM 축소 루머에 대한 생각,analysis,like,[],null
chunk_012_2026-05-20_2026-05-27,2026-05-22,6,A019,"[3587, 3593, 3596, 3598, 3605]",3605,"삼성전자, 성장성 불확실성에 대한 방어적 접근 필요",analysis,unlike,[],null
chunk_012_2026-05-20_2026-05-27,2026-05-22,6,A020,"[3587, 3593, 3596, 3601, 3605]",3587,삼성전자 HBM 수주 축소 우려와 매수 기회 탐색,analysis,like,[],"{""portfolio_summary"": {""state_id"": ""ps_A003_t006"", ""agent_id"": ""A003"", ""turn"": 6, ""date"": ""2026-05-22"", ""cash"": 102225000.0, ""positions"": ""[]"", ""total_value"": 102225000.0, ""realized_pnl"": 2225000.0000000056, ""total_return_rate"": 0.02225, ""updated_at"": ""2026-07-16 19:25:18""}, ""recent_trades"": [{""turn"": 10, ""date"": ""2026-05-19"", ""action"": ""buy"", ""stock_code"": ""005930"", ""quantity"": 10, ""executed_price"": 275500.0, ""trade_value"": 2755000.0, ""status"": ""filled"", ""filled_quantity"": 10, ""action_reason"": ""내재가치 대비 저평가 구간이며 외국인 매도세가 저가 매수 기회로 판단되어 가치 투자 관점에서 매수합니다.""}, {""turn"": 9, ""date"": ""2026-05-19"", ""action"": ""buy"", ""stock_code"": ""005930"", ""quantity"": 27, ""executed_price"": 274000.0, ""trade_value"": 7398000.0, ""status"": ""filled"", ""filled_quantity"": 27, ""action_reason"": ""내재가치 대비 저평가 구간 (274,000 원) 이며 노사 리스크 일시적 완화로 가치 매수 기회로 판단. 수익 보유 종목에 추가 매수로 평균 단가 관리 및 수익 확대.""}, {""turn"": 8, ""date"": ""2026-05-18"", ""action"": ""buy"", ""stock_code"": ""005930"", ""quantity"": 40, ""executed_price"": 281000.0, ""trade_value"": 11240000.0, ""status"": ""filled"", ""filled_quantity"": 40, ""action_reason"": ""노사 리스크 해소와 메모리 업황 호조로 내재가치 대비 저평가 구간 진입. 상승 추세 전환 신호에 따라 현금 비중을 활용해 추가 매수.""}]}"
chunk_012_2026-05-20_2026-05-27,2026-05-22,6,A020,"[3587, 3593, 3596, 3601, 3605]",3593,"[분석] 삼성전자, HBM 수주 우려와 신고가 부담 속 방어적 전략 유지",analysis,unlike,"[""커뮤니티 인플루언서""]","{""portfolio_summary"": {""state_id"": ""ps_A007_t006"", ""agent_id"": ""A007"", ""turn"": 6, ""date"": ""2026-05-22"", ""cash"": 71960000.0, ""positions"": ""[{\""stock_code\"": \""005930\"", \""quantity\"": 100, \""avg_cost\"": 300000.0, \""current_price\"": 292500.0, \""unrealized_pnl\"": -750000.0, \""unrealized_pnl_rate\"": -0.025}]"", ""total_value"": 101210000.0, ""realized_pnl"": 1960000.0, ""total_return_rate"": 0.0121, ""updated_at"": ""2026-07-16 19:25:18""}, ""recent_trades"": [{""turn"": 10, ""date"": ""2026-05-19"", ""action"": ""sell"", ""stock_code"": ""005930"", ""quantity"": 44, ""executed_price"": 275500.0, ""trade_value"": 12122000.0, ""status"": ""filled"", ""filled_quantity"": 44, ""action_reason"": ""노사 갈등 심화 및 HBM 수급 우려로 단기 약세 지속 예상, 현재 주가는 내재가치 대비 저평가 구간이 아니므로 방어적 관점에서 매도합니다.""}, {""turn"": 9, ""date"": ""2026-05-19"", ""action"": ""sell"", ""stock_code"": ""005930"", ""quantity"": 50, ""executed_price"": 274000.0, ""trade_value"": 13700000.0, ""status"": ""filled"", ""filled_quantity"": 50, ""action_reason"": ""핵심 가치평가 지표 (PER/PB) 부재로 저평가 판단이 불가하여 추가 매수는 자제합니다. 외국인 매도세와 단기 변동성 리스크를 고려하여 수익 실현 및 리스크 관리 차원에서 일부 매도합니다.""}, {""turn"": 8, ""date"": ""2026-05-18"", ""action"": ""sell"", ""stock_code"": ""005930"", ""quantity"": 50, ""executed_price"": 281000.0, ""trade_value"": 14050000.0, ""status"": ""filled"", ""filled_quantity"": 50, ""action_reason"": ""핵심 가치평가 지표 (PE/PB) 부재로 저평가 여부 불명확하며, 정치적 개입과 중국 경쟁사 리스크로 변동성 우려가 큼. 현재 보유 비중이 높아 리스크 분산을 위해 일부 매도합니다.""}]}"
chunk_012_2026-05-20_2026-05-27,2026-05-22,6,A020,"[3587, 3593, 3596, 3601, 3605]",3596,삼성전자 HBM 수급 불확실성에 대한 우려와 현재 투자 전략,analysis,like,"[""상위 수익자"", ""자산가""]","{""portfolio_summary"": {""state_id"": ""ps_A011_t006"", ""agent_id"": ""A011"", ""turn"": 6, ""date"": ""2026-05-22"", ""cash"": 33133000.0, ""positions"": ""[{\""stock_code\"": \""005930\"", \""quantity\"": 238, \""avg_cost\"": 285303.1041603196, \""current_price\"": 292500.0, \""unrealized_pnl\"": 1712861.2098439336, \""unrealized_pnl_rate\"": 0.025225438261044158}]"", ""total_value"": 102748000.0, ""realized_pnl"": 1035138.7901560543, ""total_return_rate"": 0.02748, ""updated_at"": ""2026-07-16 19:25:18""}, ""recent_trades"": [{""turn"": 10, ""date"": ""2026-05-19"", ""action"": ""buy"", ""stock_code"": ""005930"", ""quantity"": 2, ""executed_price"": 275500.0, ""trade_value"": 551000.0, ""status"": ""filled"", ""filled_quantity"": 2, ""action_reason"": ""현재 주가는 내재가치 대비 저평가 구간 (MA20 지지선 상단) 이며, 소폭 미실현손실 (-0.29%) 은 손절 기준에 미치지 않아 가치 매수 관점에서 제한적 매수를 결정합니다.""}, {""turn"": 9, ""date"": ""2026-05-19"", ""action"": ""buy"", ""stock_code"": ""005930"", ""quantity"": 3, ""executed_price"": 274000.0, ""trade_value"": 822000.0, ""status"": ""filled"", ""filled_quantity"": 3, ""action_reason"": ""정부 개입 가능성과 실적 호조로 내재가치 대비 저평가 구간이므로 매수합니다. 현금 비중이 낮으나 고위험 고수익 선호 성향과 집중 투자 성향에 따라 최대 허용 수량으로 매수합니다.""}, {""turn"": 8, ""date"": ""2026-05-18"", ""action"": ""buy"", ""stock_code"": ""005930"", ""quantity"": 7, ""executed_price"": 281000.0, ""trade_value"": 1967000.0, ""status"": ""filled"", ""filled_quantity"": 7, ""action_reason"": ""강세 모멘텀과 메모리 반도체 초호황 사이클 지속성을 고려하여 추격 매수합니다. 수익 구간에서 보유 전략을 유지하며, 고위험 고수익 성향에 따라 성장성 우위 시 추가 매수를 단행합니다.""}]}"
chunk_012_2026-05-20_2026-05-27,2026-05-22,6,A020,"[3587, 3593, 3596, 3601, 3605]",3601,삼성전자 오늘의 투자 관점 및 HBM 리스크 재검토,analysis,like,[],"{""portfolio_summary"": {""state_id"": ""ps_A019_t006"", ""agent_id"": ""A019"", ""turn"": 6, ""date"": ""2026-05-22"", ""cash"": 70700000.0, ""positions"": ""[{\""stock_code\"": \""005930\"", \""quantity\"": 100, \""avg_cost\"": 296250.0, \""current_price\"": 292500.0, \""unrealized_pnl\"": -375000.0, \""unrealized_pnl_rate\"": -0.012658227848101266}]"", ""total_value"": 99950000.0, ""realized_pnl"": 325000.0, ""total_return_rate"": -0.0005, ""updated_at"": ""2026-07-16 19:25:18""}, ""recent_trades"": [{""turn"": 10, ""date"": ""2026-05-19"", ""action"": ""sell"", ""stock_code"": ""005930"", ""quantity"": 50, ""executed_price"": 275500.0, ""trade_value"": 13775000.0, ""status"": ""filled"", ""filled_quantity"": 50, ""action_reason"": ""노사 갈등과 HBM 수주 축소 우려로 단기 하방 리스크가 명확하며, 현재 주가는 안전마진 부족으로 판단됨. 현금 비중을 높여 리스크를 회피하고 향후 저평가 구간 매수를 대비함.""}, {""turn"": 9, ""date"": ""2026-05-19"", ""action"": ""buy"", ""stock_code"": ""005930"", ""quantity"": 50, ""executed_price"": 274000.0, ""trade_value"": 13700000.0, ""status"": ""filled"", ""filled_quantity"": 50, ""action_reason"": ""시스템의 매수 강제 조건에 따라 소량 매수 진행. 노사 갈등 리스크로 인해 내재가치 매수 시점을 기다리는 것이 원칙이나, 포트폴리오 진입 필요성에 따라 현금의 10% 이내 소량으로 진입하여 추후 추가 매수 여력 확보.""}, {""turn"": 8, ""date"": ""2026-05-18"", ""action"": ""sell"", ""stock_code"": ""005930"", ""quantity"": 100, ""executed_price"": 281000.0, ""trade_value"": 28100000.0, ""status"": ""filled"", ""filled_quantity"": 100, ""action_reason"": ""현재가 281,000 원은 평균 매수 단가 대비 수익 상태이므로 처분효과에 따라 수익 실현 매도를 실행합니다. 또한 MA5(282,100 원) 부근의 기술적 저항과 거래량 감소로 인한 상승 지속성 의심을 고려하여 전량 매도합니다.""}]}"
chunk_012_2026-05-20_2026-05-27,2026-05-22,6,A020,"[3587, 3593, 3596, 3601, 3605]",3605,"삼성전자, 성장성 불확실성에 대한 방어적 접근 필요",analysis,unlike,[],"{""portfolio_summary"": {""state_id"": ""ps_A026_t006"", ""agent_id"": ""A026"", ""turn"": 6, ""date"": ""2026-05-22"", ""cash"": 83630000.0, ""positions"": ""[{\""stock_code\"": \""005930\"", \""quantity\"": 60, \""avg_cost\"": 286958.3333333333, \""current_price\"": 292500.0, \""unrealized_pnl\"": 332500.00000000116, \""unrealized_pnl_rate\"": 0.019311746769275513}]"", ""total_value"": 101180000.0, ""realized_pnl"": 847500.0000000012, ""total_return_rate"": 0.0118, ""updated_at"": ""2026-07-16 19:25:18""}, ""recent_trades"": [{""turn"": 10, ""date"": ""2026-05-19"", ""action"": ""sell"", ""stock_code"": ""005930"", ""quantity"": 27, ""executed_price"": 275500.0, ""trade_value"": 7438500.0, ""status"": ""filled"", ""filled_quantity"": 27, ""action_reason"": ""노사 갈등 심화와 HBM 수주 우려로 단기 하방 압력이 지속되므로, 현재 수익 구간에서 일부 매도하여 현금 비중을 확보합니다. 내재가치 저평가 구간은 유지되나, 기술적 지지선 확인 전까지는 방어적 대응이 우선입니다.""}, {""turn"": 9, ""date"": ""2026-05-19"", ""action"": ""buy"", ""stock_code"": ""005930"", ""quantity"": 25, ""executed_price"": 274000.0, ""trade_value"": 6850000.0, ""status"": ""filled"", ""filled_quantity"": 25, ""action_reason"": ""내재가치 대비 저평가 구간이며, 노사 리스크 완화로 장기 낙관적 관점 유지. 단기 기술적 약세로 인해 수량은 제한적으로 매수합니다.""}, {""turn"": 8, ""date"": ""2026-05-18"", ""action"": ""buy"", ""stock_code"": ""005930"", ""quantity"": 60, ""executed_price"": 281000.0, ""trade_value"": 16860000.0, ""status"": ""filled"", ""filled_quantity"": 60, ""action_reason"": ""노사 협상 타결로 하방 리스크가 해소되었고, 현재 주가는 내재가치 대비 저평가 구간으로 판단되어 추가 매수합니다. 울산 반도체 허브 관련 뉴스는 지역 투자자로서 장기 성장에 대한 확신을 줍니다.""}]}"
chunk_012_2026-05-20_2026-05-27,2026-05-22,6,A022,"[3587, 3593, 3596, 3601, 3605]",3587,삼성전자 HBM 수주 축소 우려와 매수 기회 탐색,analysis,like,[],null
chunk_012_2026-05-20_2026-05-27,2026-05-22,6,A022,"[3587, 3593, 3596, 3601, 3605]",3593,"[분석] 삼성전자, HBM 수주 우려와 신고가 부담 속 방어적 전략 유지",analysis,like,"[""커뮤니티 인플루언서""]",null
chunk_012_2026-05-20_2026-05-27,2026-05-22,6,A022,"[3587, 3593, 3596, 3601, 3605]",3596,삼성전자 HBM 수급 불확실성에 대한 우려와 현재 투자 전략,analysis,unlike,"[""상위 수익자"", ""자산가""]",null
chunk_012_2026-05-20_2026-05-27,2026-05-22,6,A022,"[3587, 3593, 3596, 3601, 3605]",3601,삼성전자 오늘의 투자 관점 및 HBM 리스크 재검토,analysis,like,[],null
chunk_012_2026-05-20_2026-05-27,2026-05-22,6,A022,"[3587, 3593, 3596, 3601, 3605]",3605,"삼성전자, 성장성 불확실성에 대한 방어적 접근 필요",analysis,unlike,[],null
chunk_012_2026-05-20_2026-05-27,2026-05-22,6,A026,"[3587, 3593, 3596, 3598, 3601]",3587,삼성전자 HBM 수주 축소 우려와 매수 기회 탐색,analysis,like,[],null
chunk_012_2026-05-20_2026-05-27,2026-05-22,6,A026,"[3587, 3593, 3596, 3598, 3601]",3593,"[분석] 삼성전자, HBM 수주 우려와 신고가 부담 속 방어적 전략 유지",analysis,like,"[""커뮤니티 인플루언서""]",null
chunk_012_2026-05-20_2026-05-27,2026-05-22,6,A026,"[3587, 3593, 3596, 3598, 3601]",3596,삼성전자 HBM 수급 불확실성에 대한 우려와 현재 투자 전략,analysis,unlike,"[""상위 수익자"", ""자산가""]",null
chunk_012_2026-05-20_2026-05-27,2026-05-22,6,A026,"[3587, 3593, 3596, 3598, 3601]",3598,삼성전자 단기 조정 국면 진입과 HBM 축소 루머에 대한 생각,analysis,like,[],null
chunk_012_2026-05-20_2026-05-27,2026-05-22,6,A026,"[3587, 3593, 3596, 3598, 3601]",3601,삼성전자 오늘의 투자 관점 및 HBM 리스크 재검토,analysis,read,[],null
chunk_012_2026-05-20_2026-05-27,2026-05-22,6,A025,"[3587, 3593, 3596, 3601, 3605]",3587,삼성전자 HBM 수주 축소 우려와 매수 기회 탐색,analysis,like,[],null
chunk_012_2026-05-20_2026-05-27,2026-05-22,6,A025,"[3587, 3593, 3596, 3601, 3605]",3593,"[분석] 삼성전자, HBM 수주 우려와 신고가 부담 속 방어적 전략 유지",analysis,like,"[""커뮤니티 인플루언서""]",null
chunk_012_2026-05-20_2026-05-27,2026-05-22,6,A025,"[3587, 3593, 3596, 3601, 3605]",3596,삼성전자 HBM 수급 불확실성에 대한 우려와 현재 투자 전략,analysis,unlike,"[""상위 수익자"", ""자산가""]",null
chunk_012_2026-05-20_2026-05-27,2026-05-22,6,A025,"[3587, 3593, 3596, 3601, 3605]",3601,삼성전자 오늘의 투자 관점 및 HBM 리스크 재검토,analysis,like,[],null
chunk_012_2026-05-20_2026-05-27,2026-05-22,6,A025,"[3587, 3593, 3596, 3601, 3605]",3605,"삼성전자, 성장성 불확실성에 대한 방어적 접근 필요",analysis,unlike,[],null
chunk_012_2026-05-20_2026-05-27,2026-05-22,6,A027,"[3587, 3593, 3596, 3601, 3605]",3587,삼성전자 HBM 수주 축소 우려와 매수 기회 탐색,analysis,like,[],null
chunk_012_2026-05-20_2026-05-27,2026-05-22,6,A027,"[3587, 3593, 3596, 3601, 3605]",3593,"[분석] 삼성전자, HBM 수주 우려와 신고가 부담 속 방어적 전략 유지",analysis,like,"[""커뮤니티 인플루언서""]",null
chunk_012_2026-05-20_2026-05-27,2026-05-22,6,A027,"[3587, 3593, 3596, 3601, 3605]",3596,삼성전자 HBM 수급 불확실성에 대한 우려와 현재 투자 전략,analysis,unlike,"[""상위 수익자"", ""자산가""]",null
chunk_012_2026-05-20_2026-05-27,2026-05-22,6,A027,"[3587, 3593, 3596, 3601, 3605]",3601,삼성전자 오늘의 투자 관점 및 HBM 리스크 재검토,analysis,like,[],null
chunk_012_2026-05-20_2026-05-27,2026-05-22,6,A027,"[3587, 3593, 3596, 3601, 3605]",3605,"삼성전자, 성장성 불확실성에 대한 방어적 접근 필요",analysis,unlike,[],null
chunk_012_2026-05-20_2026-05-27,2026-05-26,8,A005,"[3607, 3616, 3620, 3612, 3611]",3607,현재 삼성전자 주가에 대한 생각,analysis,like,[],null
chunk_012_2026-05-20_2026-05-27,2026-05-26,8,A005,"[3607, 3616, 3620, 3612, 3611]",3616,현재 삼성전자 주가 흐름과 HBM 뉴스에 대한 우려,analysis,like,[],null
chunk_012_2026-05-20_2026-05-27,2026-05-26,8,A005,"[3607, 3616, 3620, 3612, 3611]",3620,HBM 수주 축소 루머에 따른 삼성전자 주가 분석,analysis,like,[],null
chunk_012_2026-05-20_2026-05-27,2026-05-26,8,A005,"[3607, 3616, 3620, 3612, 3611]",3612,오늘 삼성전자 매도했습니다!,trade_share,unlike,"[""상위 수익자"", ""자산가""]",null
chunk_012_2026-05-20_2026-05-27,2026-05-26,8,A005,"[3607, 3616, 3620, 3612, 3611]",3611,오늘 삼성전자 6주 매수했습니다!,trade_share,unlike,[],null
chunk_012_2026-05-20_2026-05-27,2026-05-26,8,A003,"[3613, 3616, 3620, 3621, 3624]",3613,반도체 시장의 변동성과 삼성전자의 성장성,analysis,like,"[""커뮤니티 인플루언서""]",null
chunk_012_2026-05-20_2026-05-27,2026-05-26,8,A003,"[3613, 3616, 3620, 3621, 3624]",3616,현재 삼성전자 주가 흐름과 HBM 뉴스에 대한 우려,analysis,like,[],null
chunk_012_2026-05-20_2026-05-27,2026-05-26,8,A003,"[3613, 3616, 3620, 3621, 3624]",3620,HBM 수주 축소 루머에 따른 삼성전자 주가 분석,analysis,like,[],null
chunk_012_2026-05-20_2026-05-27,2026-05-26,8,A003,"[3613, 3616, 3620, 3621, 3624]",3621,오늘 삼성전자 매도 거래 공유합니다.,trade_share,unlike,"[""상위 수익자"", ""자산가""]",null
chunk_012_2026-05-20_2026-05-27,2026-05-26,8,A003,"[3613, 3616, 3620, 3621, 3624]",3624,오늘 일부 매도했습니다!,trade_share,unlike,[],null
chunk_012_2026-05-20_2026-05-27,2026-05-26,8,A007,"[3607, 3613, 3616, 3620]",3607,현재 삼성전자 주가에 대한 생각,analysis,like,[],"{""portfolio_summary"": {""state_id"": ""ps_A003_t008"", ""agent_id"": ""A003"", ""turn"": 8, ""date"": ""2026-05-26"", ""cash"": 102275000.0, ""positions"": ""[]"", ""total_value"": 102275000.0, ""realized_pnl"": 2275000.0000000056, ""total_return_rate"": 0.02275, ""updated_at"": ""2026-07-16 19:48:15""}, ""recent_trades"": [{""turn"": 10, ""date"": ""2026-05-19"", ""action"": ""buy"", ""stock_code"": ""005930"", ""quantity"": 10, ""executed_price"": 275500.0, ""trade_value"": 2755000.0, ""status"": ""filled"", ""filled_quantity"": 10, ""action_reason"": ""내재가치 대비 저평가 구간이며 외국인 매도세가 저가 매수 기회로 판단되어 가치 투자 관점에서 매수합니다.""}, {""turn"": 9, ""date"": ""2026-05-19"", ""action"": ""buy"", ""stock_code"": ""005930"", ""quantity"": 27, ""executed_price"": 274000.0, ""trade_value"": 7398000.0, ""status"": ""filled"", ""filled_quantity"": 27, ""action_reason"": ""내재가치 대비 저평가 구간 (274,000 원) 이며 노사 리스크 일시적 완화로 가치 매수 기회로 판단. 수익 보유 종목에 추가 매수로 평균 단가 관리 및 수익 확대.""}, {""turn"": 8, ""date"": ""2026-05-26"", ""action"": ""sell"", ""stock_code"": ""005930"", ""quantity"": 50, ""executed_price"": 299000.0, ""trade_value"": 14950000.0, ""status"": ""filled"", ""filled_quantity"": 50, ""action_reason"": ""현재 주가 (299,000 원) 가 내재가치 하단 대비 저평가 구간이 아니므로, 가치 투자 원칙에 따라 매수보다는 대기 관점이 적합합니다. belief 에서 제시한 280,000 원~285,000 원대 매수 기회에 대비해 현금을 확보하기 위해 전량 매도합니다.""}]}"
chunk_012_2026-05-20_2026-05-27,2026-05-26,8,A007,"[3607, 3613, 3616, 3620]",3613,반도체 시장의 변동성과 삼성전자의 성장성,analysis,read,"[""커뮤니티 인플루언서""]","{""portfolio_summary"": {""state_id"": ""ps_A005_t008"", ""agent_id"": ""A005"", ""turn"": 8, ""date"": ""2026-05-26"", ""cash"": 49297500.0, ""positions"": ""[{\""stock_code\"": \""005930\"", \""quantity\"": 175, \""avg_cost\"": 296622.22222222225, \""current_price\"": 299000.0, \""unrealized_pnl\"": 416111.1111111066, \""unrealized_pnl_rate\"": 0.008016182199580373}]"", ""total_value"": 101622500.0, ""realized_pnl"": 1206388.8888888876, ""total_return_rate"": 0.016225, ""updated_at"": ""2026-07-16 19:48:15""}, ""recent_trades"": [{""turn"": 10, ""date"": ""2026-05-19"", ""action"": ""buy"", ""stock_code"": ""005930"", ""quantity"": 20, ""executed_price"": 275500.0, ""trade_value"": 5510000.0, ""status"": ""filled"", ""filled_quantity"": 20, ""action_reason"": ""현재가가 평균 매수 단가와 근접하여 추가 손실 부담이 적으며, 내재가치 관점에서 저평가 구간으로 판단됨. 단기 HBM 리스크는 있으나 장기적 반도체 호황과 가치 투자 관점에서 매수 기회로 활용.""}, {""turn"": 9, ""date"": ""2026-05-19"", ""action"": ""buy"", ""stock_code"": ""005930"", ""quantity"": 70, ""executed_price"": 274000.0, ""trade_value"": 19180000.0, ""status"": ""filled"", ""filled_quantity"": 70, ""action_reason"": ""공시가 27 만 4 천 원은 내재가치 접근 구간으로 저평가 매수 기회. 노사 갈등으로 인한 단기 조정 시 현금 여력을 활용하여 매수 단가 하향 및 집중 투자 원칙 반영.""}, {""turn"": 8, ""date"": ""2026-05-26"", ""action"": ""sell"", ""stock_code"": ""005930"", ""quantity"": 50, ""executed_price"": 299000.0, ""trade_value"": 14950000.0, ""status"": ""filled"", ""filled_quantity"": 50, ""action_reason"": ""HBM 축소 루머와 30 만 원 저항선 근접으로 단기 변동성 우려가 있으나, 내재가치 범위 내이므로 현물 보유 관점. 다만, 단일 종목 집중 리스크 관리와 향후 조정 시 매수 기회 확보를 위해 일부 매도.""}]}"
chunk_012_2026-05-20_2026-05-27,2026-05-26,8,A007,"[3607, 3613, 3616, 3620]",3616,현재 삼성전자 주가 흐름과 HBM 뉴스에 대한 우려,analysis,like,[],"{""portfolio_summary"": {""state_id"": ""ps_A014_t008"", ""agent_id"": ""A014"", ""turn"": 8, ""date"": ""2026-05-26"", ""cash"": 100140000.0, ""positions"": ""[]"", ""total_value"": 100140000.0, ""realized_pnl"": 140000.0, ""total_return_rate"": 0.0014, ""updated_at"": ""2026-07-16 19:48:15""}, ""recent_trades"": [{""turn"": 10, ""date"": ""2026-05-19"", ""action"": ""sell"", ""stock_code"": ""005930"", ""quantity"": 50, ""executed_price"": 275500.0, ""trade_value"": 13775000.0, ""status"": ""filled"", ""filled_quantity"": 50, ""action_reason"": ""MA5 하향 돌파 및 외국인 매도세로 단기 하락 추세 지속, 기술적 손절 원칙에 따라 보유 물량 전량 매도""}, {""turn"": 9, ""date"": ""2026-05-19"", ""action"": ""sell"", ""stock_code"": ""005930"", ""quantity"": 100, ""executed_price"": 274000.0, ""trade_value"": 27400000.0, ""status"": ""filled"", ""filled_quantity"": 100, ""action_reason"": ""단기 기술적 약세 (MA5 이탈) 와 노사 리스크로 매수 보류 원칙에 따라 매도. 단일 종목 집중 리스크 완화를 위해 보유 물량 일부 매도.""}, {""turn"": 8, ""date"": ""2026-05-26"", ""action"": ""sell"", ""stock_code"": ""005930"", ""quantity"": 100, ""executed_price"": 299000.0, ""trade_value"": 29900000.0, ""status"": ""filled"", ""filled_quantity"": 100, ""action_reason"": ""HBM 축소 루머로 인한 불안감과 뉴스 과반응으로 보수적 관점 전환. 소폭 흑자 상태이므로 리스크 회피를 위해 전량 매도하여 현금화.""}]}"
chunk_012_2026-05-20_2026-05-27,2026-05-26,8,A007,"[3607, 3613, 3616, 3620]",3620,HBM 수주 축소 루머에 따른 삼성전자 주가 분석,analysis,unlike,[],"{""portfolio_summary"": {""state_id"": ""ps_A012_t008"", ""agent_id"": ""A012"", ""turn"": 8, ""date"": ""2026-05-26"", ""cash"": 44485000.0, ""positions"": ""[{\""stock_code\"": \""005930\"", \""quantity\"": 187, \""avg_cost\"": 298945.1476793249, \""current_price\"": 299000.0, \""unrealized_pnl\"": 10257.383966243302, \""unrealized_pnl_rate\"": 0.0001834862385320846}]"", ""total_value"": 100398000.0, ""realized_pnl"": 387742.6160337549, ""total_return_rate"": 0.00398, ""updated_at"": ""2026-07-16 19:48:15""}, ""recent_trades"": [{""turn"": 10, ""date"": ""2026-05-19"", ""action"": ""sell"", ""stock_code"": ""005930"", ""quantity"": 10, ""executed_price"": 275500.0, ""trade_value"": 2755000.0, ""status"": ""filled"", ""filled_quantity"": 10, ""action_reason"": ""MA5 이탈과 외국인 매도세로 단기 하락세 지속 우려가 강하며, HBM 리스크 해소 전까지 방어적 관망이 필요함. 현재 소량 보유 상태이므로 전량 매도하여 현금화 후 지지선 확인 시 재진입 고려.""}, {""turn"": 9, ""date"": ""2026-05-19"", ""action"": ""buy"", ""stock_code"": ""005930"", ""quantity"": 10, ""executed_price"": 274000.0, ""trade_value"": 2740000.0, ""status"": ""filled"", ""filled_quantity"": 10, ""action_reason"": ""시스템 제약으로 매수 필수이나, 기술적 MA5 하향과 거래량 부진으로 단기 조정 국면이라 판단. 현금 보유 선호 성향에 따라 소량 매수로 제한적 참여.""}, {""turn"": 8, ""date"": ""2026-05-26"", ""action"": ""sell"", ""stock_code"": ""005930"", ""quantity"": 50, ""executed_price"": 299000.0, ""trade_value"": 14950000.0, ""status"": ""filled"", ""filled_quantity"": 50, ""action_reason"": ""공시가 (299,000 원) 가 평균 매수 단가 (298,945 원) 를 상회하여 수익 구간 진입. HBM 수주 축소 루머로 인한 리스크가 지배적이며, 30 만 원 저항선 부근에서 방어적 관점이 필요함.""}]}"
chunk_012_2026-05-20_2026-05-27,2026-05-26,8,A010,"[3607, 3613, 3616, 3620, 3621]",3607,현재 삼성전자 주가에 대한 생각,analysis,like,[],null
chunk_012_2026-05-20_2026-05-27,2026-05-26,8,A010,"[3607, 3613, 3616, 3620, 3621]",3613,반도체 시장의 변동성과 삼성전자의 성장성,analysis,read,"[""커뮤니티 인플루언서""]",null
chunk_012_2026-05-20_2026-05-27,2026-05-26,8,A010,"[3607, 3613, 3616, 3620, 3621]",3616,현재 삼성전자 주가 흐름과 HBM 뉴스에 대한 우려,analysis,like,[],null
chunk_012_2026-05-20_2026-05-27,2026-05-26,8,A010,"[3607, 3613, 3616, 3620, 3621]",3620,HBM 수주 축소 루머에 따른 삼성전자 주가 분석,analysis,like,[],null
chunk_012_2026-05-20_2026-05-27,2026-05-26,8,A010,"[3607, 3613, 3616, 3620, 3621]",3621,오늘 삼성전자 매도 거래 공유합니다.,trade_share,unlike,"[""상위 수익자"", ""자산가""]",null
chunk_012_2026-05-20_2026-05-27,2026-05-26,8,A004,"[3607, 3613, 3616, 3620, 3621]",3607,현재 삼성전자 주가에 대한 생각,analysis,read,[],null
chunk_012_2026-05-20_2026-05-27,2026-05-26,8,A004,"[3607, 3613, 3616, 3620, 3621]",3613,반도체 시장의 변동성과 삼성전자의 성장성,analysis,like,"[""커뮤니티 인플루언서""]",null
chunk_012_2026-05-20_2026-05-27,2026-05-26,8,A004,"[3607, 3613, 3616, 3620, 3621]",3616,현재 삼성전자 주가 흐름과 HBM 뉴스에 대한 우려,analysis,unlike,[],null
chunk_012_2026-05-20_2026-05-27,2026-05-26,8,A004,"[3607, 3613, 3616, 3620, 3621]",3620,HBM 수주 축소 루머에 따른 삼성전자 주가 분석,analysis,like,[],null
chunk_012_2026-05-20_2026-05-27,2026-05-26,8,A004,"[3607, 3613, 3616, 3620, 3621]",3621,오늘 삼성전자 매도 거래 공유합니다.,trade_share,like,"[""상위 수익자"", ""자산가""]",null
chunk_012_2026-05-20_2026-05-27,2026-05-26,8,A006,"[3607, 3613, 3616, 3620, 3621]",3607,현재 삼성전자 주가에 대한 생각,analysis,read,[],null
chunk_012_2026-05-20_2026-05-27,2026-05-26,8,A006,"[3607, 3613, 3616, 3620, 3621]",3613,반도체 시장의 변동성과 삼성전자의 성장성,analysis,like,"[""커뮤니티 인플루언서""]",null
chunk_012_2026-05-20_2026-05-27,2026-05-26,8,A006,"[3607, 3613, 3616, 3620, 3621]",3616,현재 삼성전자 주가 흐름과 HBM 뉴스에 대한 우려,analysis,like,[],null
chunk_012_2026-05-20_2026-05-27,2026-05-26,8,A006,"[3607, 3613, 3616, 3620, 3621]",3620,HBM 수주 축소 루머에 따른 삼성전자 주가 분석,analysis,like,[],null
chunk_012_2026-05-20_2026-05-27,2026-05-26,8,A006,"[3607, 3613, 3616, 3620, 3621]",3621,오늘 삼성전자 매도 거래 공유합니다.,trade_share,read,"[""상위 수익자"", ""자산가""]",null
chunk_012_2026-05-20_2026-05-27,2026-05-26,8,A008,"[3607, 3613, 3616, 3620, 3621]",3607,현재 삼성전자 주가에 대한 생각,analysis,like,[],null
chunk_012_2026-05-20_2026-05-27,2026-05-26,8,A008,"[3607, 3613, 3616, 3620, 3621]",3613,반도체 시장의 변동성과 삼성전자의 성장성,analysis,read,"[""커뮤니티 인플루언서""]",null
chunk_012_2026-05-20_2026-05-27,2026-05-26,8,A008,"[3607, 3613, 3616, 3620, 3621]",3616,현재 삼성전자 주가 흐름과 HBM 뉴스에 대한 우려,analysis,like,[],null
chunk_012_2026-05-20_2026-05-27,2026-05-26,8,A008,"[3607, 3613, 3616, 3620, 3621]",3620,HBM 수주 축소 루머에 따른 삼성전자 주가 분석,analysis,unlike,[],null
chunk_012_2026-05-20_2026-05-27,2026-05-26,8,A008,"[3607, 3613, 3616, 3620, 3621]",3621,오늘 삼성전자 매도 거래 공유합니다.,trade_share,like,"[""상위 수익자"", ""자산가""]",null
chunk_012_2026-05-20_2026-05-27,2026-05-26,8,A001,"[3607, 3613, 3616, 3620, 3621]",3607,현재 삼성전자 주가에 대한 생각,analysis,like,[],null
chunk_012_2026-05-20_2026-05-27,2026-05-26,8,A001,"[3607, 3613, 3616, 3620, 3621]",3613,반도체 시장의 변동성과 삼성전자의 성장성,analysis,read,"[""커뮤니티 인플루언서""]",null
chunk_012_2026-05-20_2026-05-27,2026-05-26,8,A001,"[3607, 3613, 3616, 3620, 3621]",3616,현재 삼성전자 주가 흐름과 HBM 뉴스에 대한 우려,analysis,like,[],null
chunk_012_2026-05-20_2026-05-27,2026-05-26,8,A001,"[3607, 3613, 3616, 3620, 3621]",3620,HBM 수주 축소 루머에 따른 삼성전자 주가 분석,analysis,like,[],null
chunk_012_2026-05-20_2026-05-27,2026-05-26,8,A001,"[3607, 3613, 3616, 3620, 3621]",3621,오늘 삼성전자 매도 거래 공유합니다.,trade_share,unlike,"[""상위 수익자"", ""자산가""]",null
chunk_012_2026-05-20_2026-05-27,2026-05-26,8,A014,"[3607, 3613, 3620, 3612, 3611]",3607,현재 삼성전자 주가에 대한 생각,analysis,like,[],null
chunk_012_2026-05-20_2026-05-27,2026-05-26,8,A014,"[3607, 3613, 3620, 3612, 3611]",3613,반도체 시장의 변동성과 삼성전자의 성장성,analysis,read,"[""커뮤니티 인플루언서""]",null
chunk_012_2026-05-20_2026-05-27,2026-05-26,8,A014,"[3607, 3613, 3620, 3612, 3611]",3620,HBM 수주 축소 루머에 따른 삼성전자 주가 분석,analysis,like,[],null
chunk_012_2026-05-20_2026-05-27,2026-05-26,8,A014,"[3607, 3613, 3620, 3612, 3611]",3612,오늘 삼성전자 매도했습니다!,trade_share,like,"[""상위 수익자"", ""자산가""]",null
chunk_012_2026-05-20_2026-05-27,2026-05-26,8,A014,"[3607, 3613, 3620, 3612, 3611]",3611,오늘 삼성전자 6주 매수했습니다!,trade_share,unlike,[],null
chunk_012_2026-05-20_2026-05-27,2026-05-26,8,A011,"[3607, 3616, 3620, 3613, 3612]",3607,현재 삼성전자 주가에 대한 생각,analysis,read,[],null
chunk_012_2026-05-20_2026-05-27,2026-05-26,8,A011,"[3607, 3616, 3620, 3613, 3612]",3616,현재 삼성전자 주가 흐름과 HBM 뉴스에 대한 우려,analysis,like,[],null
chunk_012_2026-05-20_2026-05-27,2026-05-26,8,A011,"[3607, 3616, 3620, 3613, 3612]",3620,HBM 수주 축소 루머에 따른 삼성전자 주가 분석,analysis,like,[],null
chunk_012_2026-05-20_2026-05-27,2026-05-26,8,A011,"[3607, 3616, 3620, 3613, 3612]",3613,반도체 시장의 변동성과 삼성전자의 성장성,analysis,read,"[""커뮤니티 인플루언서""]",null
chunk_012_2026-05-20_2026-05-27,2026-05-26,8,A011,"[3607, 3616, 3620, 3613, 3612]",3612,오늘 삼성전자 매도했습니다!,trade_share,unlike,"[""상위 수익자"", ""자산가""]",null
chunk_012_2026-05-20_2026-05-27,2026-05-26,8,A012,"[3607, 3616, 3613, 3624, 3621]",3607,현재 삼성전자 주가에 대한 생각,analysis,read,[],null
chunk_012_2026-05-20_2026-05-27,2026-05-26,8,A012,"[3607, 3616, 3613, 3624, 3621]",3616,현재 삼성전자 주가 흐름과 HBM 뉴스에 대한 우려,analysis,like,[],null
chunk_012_2026-05-20_2026-05-27,2026-05-26,8,A012,"[3607, 3616, 3613, 3624, 3621]",3613,반도체 시장의 변동성과 삼성전자의 성장성,analysis,like,"[""커뮤니티 인플루언서""]",null
chunk_012_2026-05-20_2026-05-27,2026-05-26,8,A012,"[3607, 3616, 3613, 3624, 3621]",3624,오늘 일부 매도했습니다!,trade_share,like,[],null
chunk_012_2026-05-20_2026-05-27,2026-05-26,8,A012,"[3607, 3616, 3613, 3624, 3621]",3621,오늘 삼성전자 매도 거래 공유합니다.,trade_share,like,"[""상위 수익자"", ""자산가""]",null
chunk_012_2026-05-20_2026-05-27,2026-05-26,8,A019,"[3607, 3616, 3620, 3613, 3621]",3607,현재 삼성전자 주가에 대한 생각,analysis,like,[],null
chunk_012_2026-05-20_2026-05-27,2026-05-26,8,A019,"[3607, 3616, 3620, 3613, 3621]",3616,현재 삼성전자 주가 흐름과 HBM 뉴스에 대한 우려,analysis,like,[],null
chunk_012_2026-05-20_2026-05-27,2026-05-26,8,A019,"[3607, 3616, 3620, 3613, 3621]",3620,HBM 수주 축소 루머에 따른 삼성전자 주가 분석,analysis,like,[],null
chunk_012_2026-05-20_2026-05-27,2026-05-26,8,A019,"[3607, 3616, 3620, 3613, 3621]",3613,반도체 시장의 변동성과 삼성전자의 성장성,analysis,read,"[""커뮤니티 인플루언서""]",null
chunk_012_2026-05-20_2026-05-27,2026-05-26,8,A019,"[3607, 3616, 3620, 3613, 3621]",3621,오늘 삼성전자 매도 거래 공유합니다.,trade_share,unlike,"[""상위 수익자"", ""자산가""]",null
chunk_012_2026-05-20_2026-05-27,2026-05-26,8,A017,"[3607, 3613, 3616, 3620]",3607,현재 삼성전자 주가에 대한 생각,analysis,like,[],"{""portfolio_summary"": {""state_id"": ""ps_A003_t008"", ""agent_id"": ""A003"", ""turn"": 8, ""date"": ""2026-05-26"", ""cash"": 102275000.0, ""positions"": ""[]"", ""total_value"": 102275000.0, ""realized_pnl"": 2275000.0000000056, ""total_return_rate"": 0.02275, ""updated_at"": ""2026-07-16 19:48:15""}, ""recent_trades"": [{""turn"": 10, ""date"": ""2026-05-19"", ""action"": ""buy"", ""stock_code"": ""005930"", ""quantity"": 10, ""executed_price"": 275500.0, ""trade_value"": 2755000.0, ""status"": ""filled"", ""filled_quantity"": 10, ""action_reason"": ""내재가치 대비 저평가 구간이며 외국인 매도세가 저가 매수 기회로 판단되어 가치 투자 관점에서 매수합니다.""}, {""turn"": 9, ""date"": ""2026-05-19"", ""action"": ""buy"", ""stock_code"": ""005930"", ""quantity"": 27, ""executed_price"": 274000.0, ""trade_value"": 7398000.0, ""status"": ""filled"", ""filled_quantity"": 27, ""action_reason"": ""내재가치 대비 저평가 구간 (274,000 원) 이며 노사 리스크 일시적 완화로 가치 매수 기회로 판단. 수익 보유 종목에 추가 매수로 평균 단가 관리 및 수익 확대.""}, {""turn"": 8, ""date"": ""2026-05-26"", ""action"": ""sell"", ""stock_code"": ""005930"", ""quantity"": 50, ""executed_price"": 299000.0, ""trade_value"": 14950000.0, ""status"": ""filled"", ""filled_quantity"": 50, ""action_reason"": ""현재 주가 (299,000 원) 가 내재가치 하단 대비 저평가 구간이 아니므로, 가치 투자 원칙에 따라 매수보다는 대기 관점이 적합합니다. belief 에서 제시한 280,000 원~285,000 원대 매수 기회에 대비해 현금을 확보하기 위해 전량 매도합니다.""}]}"
chunk_012_2026-05-20_2026-05-27,2026-05-26,8,A017,"[3607, 3613, 3616, 3620]",3613,반도체 시장의 변동성과 삼성전자의 성장성,analysis,read,"[""커뮤니티 인플루언서""]","{""portfolio_summary"": {""state_id"": ""ps_A005_t008"", ""agent_id"": ""A005"", ""turn"": 8, ""date"": ""2026-05-26"", ""cash"": 49297500.0, ""positions"": ""[{\""stock_code\"": \""005930\"", \""quantity\"": 175, \""avg_cost\"": 296622.22222222225, \""current_price\"": 299000.0, \""unrealized_pnl\"": 416111.1111111066, \""unrealized_pnl_rate\"": 0.008016182199580373}]"", ""total_value"": 101622500.0, ""realized_pnl"": 1206388.8888888876, ""total_return_rate"": 0.016225, ""updated_at"": ""2026-07-16 19:48:15""}, ""recent_trades"": [{""turn"": 10, ""date"": ""2026-05-19"", ""action"": ""buy"", ""stock_code"": ""005930"", ""quantity"": 20, ""executed_price"": 275500.0, ""trade_value"": 5510000.0, ""status"": ""filled"", ""filled_quantity"": 20, ""action_reason"": ""현재가가 평균 매수 단가와 근접하여 추가 손실 부담이 적으며, 내재가치 관점에서 저평가 구간으로 판단됨. 단기 HBM 리스크는 있으나 장기적 반도체 호황과 가치 투자 관점에서 매수 기회로 활용.""}, {""turn"": 9, ""date"": ""2026-05-19"", ""action"": ""buy"", ""stock_code"": ""005930"", ""quantity"": 70, ""executed_price"": 274000.0, ""trade_value"": 19180000.0, ""status"": ""filled"", ""filled_quantity"": 70, ""action_reason"": ""공시가 27 만 4 천 원은 내재가치 접근 구간으로 저평가 매수 기회. 노사 갈등으로 인한 단기 조정 시 현금 여력을 활용하여 매수 단가 하향 및 집중 투자 원칙 반영.""}, {""turn"": 8, ""date"": ""2026-05-26"", ""action"": ""sell"", ""stock_code"": ""005930"", ""quantity"": 50, ""executed_price"": 299000.0, ""trade_value"": 14950000.0, ""status"": ""filled"", ""filled_quantity"": 50, ""action_reason"": ""HBM 축소 루머와 30 만 원 저항선 근접으로 단기 변동성 우려가 있으나, 내재가치 범위 내이므로 현물 보유 관점. 다만, 단일 종목 집중 리스크 관리와 향후 조정 시 매수 기회 확보를 위해 일부 매도.""}]}"
chunk_012_2026-05-20_2026-05-27,2026-05-26,8,A017,"[3607, 3613, 3616, 3620]",3616,현재 삼성전자 주가 흐름과 HBM 뉴스에 대한 우려,analysis,like,[],"{""portfolio_summary"": {""state_id"": ""ps_A014_t008"", ""agent_id"": ""A014"", ""turn"": 8, ""date"": ""2026-05-26"", ""cash"": 100140000.0, ""positions"": ""[]"", ""total_value"": 100140000.0, ""realized_pnl"": 140000.0, ""total_return_rate"": 0.0014, ""updated_at"": ""2026-07-16 19:48:15""}, ""recent_trades"": [{""turn"": 10, ""date"": ""2026-05-19"", ""action"": ""sell"", ""stock_code"": ""005930"", ""quantity"": 50, ""executed_price"": 275500.0, ""trade_value"": 13775000.0, ""status"": ""filled"", ""filled_quantity"": 50, ""action_reason"": ""MA5 하향 돌파 및 외국인 매도세로 단기 하락 추세 지속, 기술적 손절 원칙에 따라 보유 물량 전량 매도""}, {""turn"": 9, ""date"": ""2026-05-19"", ""action"": ""sell"", ""stock_code"": ""005930"", ""quantity"": 100, ""executed_price"": 274000.0, ""trade_value"": 27400000.0, ""status"": ""filled"", ""filled_quantity"": 100, ""action_reason"": ""단기 기술적 약세 (MA5 이탈) 와 노사 리스크로 매수 보류 원칙에 따라 매도. 단일 종목 집중 리스크 완화를 위해 보유 물량 일부 매도.""}, {""turn"": 8, ""date"": ""2026-05-26"", ""action"": ""sell"", ""stock_code"": ""005930"", ""quantity"": 100, ""executed_price"": 299000.0, ""trade_value"": 29900000.0, ""status"": ""filled"", ""filled_quantity"": 100, ""action_reason"": ""HBM 축소 루머로 인한 불안감과 뉴스 과반응으로 보수적 관점 전환. 소폭 흑자 상태이므로 리스크 회피를 위해 전량 매도하여 현금화.""}]}"
chunk_012_2026-05-20_2026-05-27,2026-05-26,8,A017,"[3607, 3613, 3616, 3620]",3620,HBM 수주 축소 루머에 따른 삼성전자 주가 분석,analysis,unlike,[],"{""portfolio_summary"": {""state_id"": ""ps_A012_t008"", ""agent_id"": ""A012"", ""turn"": 8, ""date"": ""2026-05-26"", ""cash"": 44485000.0, ""positions"": ""[{\""stock_code\"": \""005930\"", \""quantity\"": 187, \""avg_cost\"": 298945.1476793249, \""current_price\"": 299000.0, \""unrealized_pnl\"": 10257.383966243302, \""unrealized_pnl_rate\"": 0.0001834862385320846}]"", ""total_value"": 100398000.0, ""realized_pnl"": 387742.6160337549, ""total_return_rate"": 0.00398, ""updated_at"": ""2026-07-16 19:48:15""}, ""recent_trades"": [{""turn"": 10, ""date"": ""2026-05-19"", ""action"": ""sell"", ""stock_code"": ""005930"", ""quantity"": 10, ""executed_price"": 275500.0, ""trade_value"": 2755000.0, ""status"": ""filled"", ""filled_quantity"": 10, ""action_reason"": ""MA5 이탈과 외국인 매도세로 단기 하락세 지속 우려가 강하며, HBM 리스크 해소 전까지 방어적 관망이 필요함. 현재 소량 보유 상태이므로 전량 매도하여 현금화 후 지지선 확인 시 재진입 고려.""}, {""turn"": 9, ""date"": ""2026-05-19"", ""action"": ""buy"", ""stock_code"": ""005930"", ""quantity"": 10, ""executed_price"": 274000.0, ""trade_value"": 2740000.0, ""status"": ""filled"", ""filled_quantity"": 10, ""action_reason"": ""시스템 제약으로 매수 필수이나, 기술적 MA5 하향과 거래량 부진으로 단기 조정 국면이라 판단. 현금 보유 선호 성향에 따라 소량 매수로 제한적 참여.""}, {""turn"": 8, ""date"": ""2026-05-26"", ""action"": ""sell"", ""stock_code"": ""005930"", ""quantity"": 50, ""executed_price"": 299000.0, ""trade_value"": 14950000.0, ""status"": ""filled"", ""filled_quantity"": 50, ""action_reason"": ""공시가 (299,000 원) 가 평균 매수 단가 (298,945 원) 를 상회하여 수익 구간 진입. HBM 수주 축소 루머로 인한 리스크가 지배적이며, 30 만 원 저항선 부근에서 방어적 관점이 필요함.""}]}"
chunk_012_2026-05-20_2026-05-27,2026-05-26,8,A015,"[3607, 3613, 3616, 3620]",3607,현재 삼성전자 주가에 대한 생각,analysis,like,[],"{""portfolio_summary"": {""state_id"": ""ps_A003_t008"", ""agent_id"": ""A003"", ""turn"": 8, ""date"": ""2026-05-26"", ""cash"": 102275000.0, ""positions"": ""[]"", ""total_value"": 102275000.0, ""realized_pnl"": 2275000.0000000056, ""total_return_rate"": 0.02275, ""updated_at"": ""2026-07-16 19:48:15""}, ""recent_trades"": [{""turn"": 10, ""date"": ""2026-05-19"", ""action"": ""buy"", ""stock_code"": ""005930"", ""quantity"": 10, ""executed_price"": 275500.0, ""trade_value"": 2755000.0, ""status"": ""filled"", ""filled_quantity"": 10, ""action_reason"": ""내재가치 대비 저평가 구간이며 외국인 매도세가 저가 매수 기회로 판단되어 가치 투자 관점에서 매수합니다.""}, {""turn"": 9, ""date"": ""2026-05-19"", ""action"": ""buy"", ""stock_code"": ""005930"", ""quantity"": 27, ""executed_price"": 274000.0, ""trade_value"": 7398000.0, ""status"": ""filled"", ""filled_quantity"": 27, ""action_reason"": ""내재가치 대비 저평가 구간 (274,000 원) 이며 노사 리스크 일시적 완화로 가치 매수 기회로 판단. 수익 보유 종목에 추가 매수로 평균 단가 관리 및 수익 확대.""}, {""turn"": 8, ""date"": ""2026-05-26"", ""action"": ""sell"", ""stock_code"": ""005930"", ""quantity"": 50, ""executed_price"": 299000.0, ""trade_value"": 14950000.0, ""status"": ""filled"", ""filled_quantity"": 50, ""action_reason"": ""현재 주가 (299,000 원) 가 내재가치 하단 대비 저평가 구간이 아니므로, 가치 투자 원칙에 따라 매수보다는 대기 관점이 적합합니다. belief 에서 제시한 280,000 원~285,000 원대 매수 기회에 대비해 현금을 확보하기 위해 전량 매도합니다.""}]}"
chunk_012_2026-05-20_2026-05-27,2026-05-26,8,A015,"[3607, 3613, 3616, 3620]",3613,반도체 시장의 변동성과 삼성전자의 성장성,analysis,read,"[""커뮤니티 인플루언서""]","{""portfolio_summary"": {""state_id"": ""ps_A005_t008"", ""agent_id"": ""A005"", ""turn"": 8, ""date"": ""2026-05-26"", ""cash"": 49297500.0, ""positions"": ""[{\""stock_code\"": \""005930\"", \""quantity\"": 175, \""avg_cost\"": 296622.22222222225, \""current_price\"": 299000.0, \""unrealized_pnl\"": 416111.1111111066, \""unrealized_pnl_rate\"": 0.008016182199580373}]"", ""total_value"": 101622500.0, ""realized_pnl"": 1206388.8888888876, ""total_return_rate"": 0.016225, ""updated_at"": ""2026-07-16 19:48:15""}, ""recent_trades"": [{""turn"": 10, ""date"": ""2026-05-19"", ""action"": ""buy"", ""stock_code"": ""005930"", ""quantity"": 20, ""executed_price"": 275500.0, ""trade_value"": 5510000.0, ""status"": ""filled"", ""filled_quantity"": 20, ""action_reason"": ""현재가가 평균 매수 단가와 근접하여 추가 손실 부담이 적으며, 내재가치 관점에서 저평가 구간으로 판단됨. 단기 HBM 리스크는 있으나 장기적 반도체 호황과 가치 투자 관점에서 매수 기회로 활용.""}, {""turn"": 9, ""date"": ""2026-05-19"", ""action"": ""buy"", ""stock_code"": ""005930"", ""quantity"": 70, ""executed_price"": 274000.0, ""trade_value"": 19180000.0, ""status"": ""filled"", ""filled_quantity"": 70, ""action_reason"": ""공시가 27 만 4 천 원은 내재가치 접근 구간으로 저평가 매수 기회. 노사 갈등으로 인한 단기 조정 시 현금 여력을 활용하여 매수 단가 하향 및 집중 투자 원칙 반영.""}, {""turn"": 8, ""date"": ""2026-05-26"", ""action"": ""sell"", ""stock_code"": ""005930"", ""quantity"": 50, ""executed_price"": 299000.0, ""trade_value"": 14950000.0, ""status"": ""filled"", ""filled_quantity"": 50, ""action_reason"": ""HBM 축소 루머와 30 만 원 저항선 근접으로 단기 변동성 우려가 있으나, 내재가치 범위 내이므로 현물 보유 관점. 다만, 단일 종목 집중 리스크 관리와 향후 조정 시 매수 기회 확보를 위해 일부 매도.""}]}"
chunk_012_2026-05-20_2026-05-27,2026-05-26,8,A015,"[3607, 3613, 3616, 3620]",3616,현재 삼성전자 주가 흐름과 HBM 뉴스에 대한 우려,analysis,like,[],"{""portfolio_summary"": {""state_id"": ""ps_A014_t008"", ""agent_id"": ""A014"", ""turn"": 8, ""date"": ""2026-05-26"", ""cash"": 100140000.0, ""positions"": ""[]"", ""total_value"": 100140000.0, ""realized_pnl"": 140000.0, ""total_return_rate"": 0.0014, ""updated_at"": ""2026-07-16 19:48:15""}, ""recent_trades"": [{""turn"": 10, ""date"": ""2026-05-19"", ""action"": ""sell"", ""stock_code"": ""005930"", ""quantity"": 50, ""executed_price"": 275500.0, ""trade_value"": 13775000.0, ""status"": ""filled"", ""filled_quantity"": 50, ""action_reason"": ""MA5 하향 돌파 및 외국인 매도세로 단기 하락 추세 지속, 기술적 손절 원칙에 따라 보유 물량 전량 매도""}, {""turn"": 9, ""date"": ""2026-05-19"", ""action"": ""sell"", ""stock_code"": ""005930"", ""quantity"": 100, ""executed_price"": 274000.0, ""trade_value"": 27400000.0, ""status"": ""filled"", ""filled_quantity"": 100, ""action_reason"": ""단기 기술적 약세 (MA5 이탈) 와 노사 리스크로 매수 보류 원칙에 따라 매도. 단일 종목 집중 리스크 완화를 위해 보유 물량 일부 매도.""}, {""turn"": 8, ""date"": ""2026-05-26"", ""action"": ""sell"", ""stock_code"": ""005930"", ""quantity"": 100, ""executed_price"": 299000.0, ""trade_value"": 29900000.0, ""status"": ""filled"", ""filled_quantity"": 100, ""action_reason"": ""HBM 축소 루머로 인한 불안감과 뉴스 과반응으로 보수적 관점 전환. 소폭 흑자 상태이므로 리스크 회피를 위해 전량 매도하여 현금화.""}]}"
chunk_012_2026-05-20_2026-05-27,2026-05-26,8,A015,"[3607, 3613, 3616, 3620]",3620,HBM 수주 축소 루머에 따른 삼성전자 주가 분석,analysis,unlike,[],"{""portfolio_summary"": {""state_id"": ""ps_A012_t008"", ""agent_id"": ""A012"", ""turn"": 8, ""date"": ""2026-05-26"", ""cash"": 44485000.0, ""positions"": ""[{\""stock_code\"": \""005930\"", \""quantity\"": 187, \""avg_cost\"": 298945.1476793249, \""current_price\"": 299000.0, \""unrealized_pnl\"": 10257.383966243302, \""unrealized_pnl_rate\"": 0.0001834862385320846}]"", ""total_value"": 100398000.0, ""realized_pnl"": 387742.6160337549, ""total_return_rate"": 0.00398, ""updated_at"": ""2026-07-16 19:48:15""}, ""recent_trades"": [{""turn"": 10, ""date"": ""2026-05-19"", ""action"": ""sell"", ""stock_code"": ""005930"", ""quantity"": 10, ""executed_price"": 275500.0, ""trade_value"": 2755000.0, ""status"": ""filled"", ""filled_quantity"": 10, ""action_reason"": ""MA5 이탈과 외국인 매도세로 단기 하락세 지속 우려가 강하며, HBM 리스크 해소 전까지 방어적 관망이 필요함. 현재 소량 보유 상태이므로 전량 매도하여 현금화 후 지지선 확인 시 재진입 고려.""}, {""turn"": 9, ""date"": ""2026-05-19"", ""action"": ""buy"", ""stock_code"": ""005930"", ""quantity"": 10, ""executed_price"": 274000.0, ""trade_value"": 2740000.0, ""status"": ""filled"", ""filled_quantity"": 10, ""action_reason"": ""시스템 제약으로 매수 필수이나, 기술적 MA5 하향과 거래량 부진으로 단기 조정 국면이라 판단. 현금 보유 선호 성향에 따라 소량 매수로 제한적 참여.""}, {""turn"": 8, ""date"": ""2026-05-26"", ""action"": ""sell"", ""stock_code"": ""005930"", ""quantity"": 50, ""executed_price"": 299000.0, ""trade_value"": 14950000.0, ""status"": ""filled"", ""filled_quantity"": 50, ""action_reason"": ""공시가 (299,000 원) 가 평균 매수 단가 (298,945 원) 를 상회하여 수익 구간 진입. HBM 수주 축소 루머로 인한 리스크가 지배적이며, 30 만 원 저항선 부근에서 방어적 관점이 필요함.""}]}"
chunk_012_2026-05-20_2026-05-27,2026-05-26,8,A013,"[3607, 3616, 3620, 3613, 3612]",3607,현재 삼성전자 주가에 대한 생각,analysis,read,[],null
chunk_012_2026-05-20_2026-05-27,2026-05-26,8,A013,"[3607, 3616, 3620, 3613, 3612]",3616,현재 삼성전자 주가 흐름과 HBM 뉴스에 대한 우려,analysis,like,[],null
chunk_012_2026-05-20_2026-05-27,2026-05-26,8,A013,"[3607, 3616, 3620, 3613, 3612]",3620,HBM 수주 축소 루머에 따른 삼성전자 주가 분석,analysis,like,[],null
chunk_012_2026-05-20_2026-05-27,2026-05-26,8,A013,"[3607, 3616, 3620, 3613, 3612]",3613,반도체 시장의 변동성과 삼성전자의 성장성,analysis,read,"[""커뮤니티 인플루언서""]",null
chunk_012_2026-05-20_2026-05-27,2026-05-26,8,A013,"[3607, 3616, 3620, 3613, 3612]",3612,오늘 삼성전자 매도했습니다!,trade_share,unlike,"[""상위 수익자"", ""자산가""]",null
chunk_012_2026-05-20_2026-05-27,2026-05-26,8,A020,"[3607, 3613, 3616, 3620]",3607,현재 삼성전자 주가에 대한 생각,analysis,like,[],"{""portfolio_summary"": {""state_id"": ""ps_A003_t008"", ""agent_id"": ""A003"", ""turn"": 8, ""date"": ""2026-05-26"", ""cash"": 102275000.0, ""positions"": ""[]"", ""total_value"": 102275000.0, ""realized_pnl"": 2275000.0000000056, ""total_return_rate"": 0.02275, ""updated_at"": ""2026-07-16 19:48:15""}, ""recent_trades"": [{""turn"": 10, ""date"": ""2026-05-19"", ""action"": ""buy"", ""stock_code"": ""005930"", ""quantity"": 10, ""executed_price"": 275500.0, ""trade_value"": 2755000.0, ""status"": ""filled"", ""filled_quantity"": 10, ""action_reason"": ""내재가치 대비 저평가 구간이며 외국인 매도세가 저가 매수 기회로 판단되어 가치 투자 관점에서 매수합니다.""}, {""turn"": 9, ""date"": ""2026-05-19"", ""action"": ""buy"", ""stock_code"": ""005930"", ""quantity"": 27, ""executed_price"": 274000.0, ""trade_value"": 7398000.0, ""status"": ""filled"", ""filled_quantity"": 27, ""action_reason"": ""내재가치 대비 저평가 구간 (274,000 원) 이며 노사 리스크 일시적 완화로 가치 매수 기회로 판단. 수익 보유 종목에 추가 매수로 평균 단가 관리 및 수익 확대.""}, {""turn"": 8, ""date"": ""2026-05-26"", ""action"": ""sell"", ""stock_code"": ""005930"", ""quantity"": 50, ""executed_price"": 299000.0, ""trade_value"": 14950000.0, ""status"": ""filled"", ""filled_quantity"": 50, ""action_reason"": ""현재 주가 (299,000 원) 가 내재가치 하단 대비 저평가 구간이 아니므로, 가치 투자 원칙에 따라 매수보다는 대기 관점이 적합합니다. belief 에서 제시한 280,000 원~285,000 원대 매수 기회에 대비해 현금을 확보하기 위해 전량 매도합니다.""}]}"
chunk_012_2026-05-20_2026-05-27,2026-05-26,8,A020,"[3607, 3613, 3616, 3620]",3613,반도체 시장의 변동성과 삼성전자의 성장성,analysis,read,"[""커뮤니티 인플루언서""]","{""portfolio_summary"": {""state_id"": ""ps_A005_t008"", ""agent_id"": ""A005"", ""turn"": 8, ""date"": ""2026-05-26"", ""cash"": 49297500.0, ""positions"": ""[{\""stock_code\"": \""005930\"", \""quantity\"": 175, \""avg_cost\"": 296622.22222222225, \""current_price\"": 299000.0, \""unrealized_pnl\"": 416111.1111111066, \""unrealized_pnl_rate\"": 0.008016182199580373}]"", ""total_value"": 101622500.0, ""realized_pnl"": 1206388.8888888876, ""total_return_rate"": 0.016225, ""updated_at"": ""2026-07-16 19:48:15""}, ""recent_trades"": [{""turn"": 10, ""date"": ""2026-05-19"", ""action"": ""buy"", ""stock_code"": ""005930"", ""quantity"": 20, ""executed_price"": 275500.0, ""trade_value"": 5510000.0, ""status"": ""filled"", ""filled_quantity"": 20, ""action_reason"": ""현재가가 평균 매수 단가와 근접하여 추가 손실 부담이 적으며, 내재가치 관점에서 저평가 구간으로 판단됨. 단기 HBM 리스크는 있으나 장기적 반도체 호황과 가치 투자 관점에서 매수 기회로 활용.""}, {""turn"": 9, ""date"": ""2026-05-19"", ""action"": ""buy"", ""stock_code"": ""005930"", ""quantity"": 70, ""executed_price"": 274000.0, ""trade_value"": 19180000.0, ""status"": ""filled"", ""filled_quantity"": 70, ""action_reason"": ""공시가 27 만 4 천 원은 내재가치 접근 구간으로 저평가 매수 기회. 노사 갈등으로 인한 단기 조정 시 현금 여력을 활용하여 매수 단가 하향 및 집중 투자 원칙 반영.""}, {""turn"": 8, ""date"": ""2026-05-26"", ""action"": ""sell"", ""stock_code"": ""005930"", ""quantity"": 50, ""executed_price"": 299000.0, ""trade_value"": 14950000.0, ""status"": ""filled"", ""filled_quantity"": 50, ""action_reason"": ""HBM 축소 루머와 30 만 원 저항선 근접으로 단기 변동성 우려가 있으나, 내재가치 범위 내이므로 현물 보유 관점. 다만, 단일 종목 집중 리스크 관리와 향후 조정 시 매수 기회 확보를 위해 일부 매도.""}]}"
chunk_012_2026-05-20_2026-05-27,2026-05-26,8,A020,"[3607, 3613, 3616, 3620]",3616,현재 삼성전자 주가 흐름과 HBM 뉴스에 대한 우려,analysis,like,[],"{""portfolio_summary"": {""state_id"": ""ps_A014_t008"", ""agent_id"": ""A014"", ""turn"": 8, ""date"": ""2026-05-26"", ""cash"": 100140000.0, ""positions"": ""[]"", ""total_value"": 100140000.0, ""realized_pnl"": 140000.0, ""total_return_rate"": 0.0014, ""updated_at"": ""2026-07-16 19:48:15""}, ""recent_trades"": [{""turn"": 10, ""date"": ""2026-05-19"", ""action"": ""sell"", ""stock_code"": ""005930"", ""quantity"": 50, ""executed_price"": 275500.0, ""trade_value"": 13775000.0, ""status"": ""filled"", ""filled_quantity"": 50, ""action_reason"": ""MA5 하향 돌파 및 외국인 매도세로 단기 하락 추세 지속, 기술적 손절 원칙에 따라 보유 물량 전량 매도""}, {""turn"": 9, ""date"": ""2026-05-19"", ""action"": ""sell"", ""stock_code"": ""005930"", ""quantity"": 100, ""executed_price"": 274000.0, ""trade_value"": 27400000.0, ""status"": ""filled"", ""filled_quantity"": 100, ""action_reason"": ""단기 기술적 약세 (MA5 이탈) 와 노사 리스크로 매수 보류 원칙에 따라 매도. 단일 종목 집중 리스크 완화를 위해 보유 물량 일부 매도.""}, {""turn"": 8, ""date"": ""2026-05-26"", ""action"": ""sell"", ""stock_code"": ""005930"", ""quantity"": 100, ""executed_price"": 299000.0, ""trade_value"": 29900000.0, ""status"": ""filled"", ""filled_quantity"": 100, ""action_reason"": ""HBM 축소 루머로 인한 불안감과 뉴스 과반응으로 보수적 관점 전환. 소폭 흑자 상태이므로 리스크 회피를 위해 전량 매도하여 현금화.""}]}"
chunk_012_2026-05-20_2026-05-27,2026-05-26,8,A020,"[3607, 3613, 3616, 3620]",3620,HBM 수주 축소 루머에 따른 삼성전자 주가 분석,analysis,unlike,[],"{""portfolio_summary"": {""state_id"": ""ps_A012_t008"", ""agent_id"": ""A012"", ""turn"": 8, ""date"": ""2026-05-26"", ""cash"": 44485000.0, ""positions"": ""[{\""stock_code\"": \""005930\"", \""quantity\"": 187, \""avg_cost\"": 298945.1476793249, \""current_price\"": 299000.0, \""unrealized_pnl\"": 10257.383966243302, \""unrealized_pnl_rate\"": 0.0001834862385320846}]"", ""total_value"": 100398000.0, ""realized_pnl"": 387742.6160337549, ""total_return_rate"": 0.00398, ""updated_at"": ""2026-07-16 19:48:15""}, ""recent_trades"": [{""turn"": 10, ""date"": ""2026-05-19"", ""action"": ""sell"", ""stock_code"": ""005930"", ""quantity"": 10, ""executed_price"": 275500.0, ""trade_value"": 2755000.0, ""status"": ""filled"", ""filled_quantity"": 10, ""action_reason"": ""MA5 이탈과 외국인 매도세로 단기 하락세 지속 우려가 강하며, HBM 리스크 해소 전까지 방어적 관망이 필요함. 현재 소량 보유 상태이므로 전량 매도하여 현금화 후 지지선 확인 시 재진입 고려.""}, {""turn"": 9, ""date"": ""2026-05-19"", ""action"": ""buy"", ""stock_code"": ""005930"", ""quantity"": 10, ""executed_price"": 274000.0, ""trade_value"": 2740000.0, ""status"": ""filled"", ""filled_quantity"": 10, ""action_reason"": ""시스템 제약으로 매수 필수이나, 기술적 MA5 하향과 거래량 부진으로 단기 조정 국면이라 판단. 현금 보유 선호 성향에 따라 소량 매수로 제한적 참여.""}, {""turn"": 8, ""date"": ""2026-05-26"", ""action"": ""sell"", ""stock_code"": ""005930"", ""quantity"": 50, ""executed_price"": 299000.0, ""trade_value"": 14950000.0, ""status"": ""filled"", ""filled_quantity"": 50, ""action_reason"": ""공시가 (299,000 원) 가 평균 매수 단가 (298,945 원) 를 상회하여 수익 구간 진입. HBM 수주 축소 루머로 인한 리스크가 지배적이며, 30 만 원 저항선 부근에서 방어적 관점이 필요함.""}]}"
chunk_012_2026-05-20_2026-05-27,2026-05-26,8,A025,"[3607, 3616, 3620, 3612, 3613]",3607,현재 삼성전자 주가에 대한 생각,analysis,read,[],null
chunk_012_2026-05-20_2026-05-27,2026-05-26,8,A025,"[3607, 3616, 3620, 3612, 3613]",3616,현재 삼성전자 주가 흐름과 HBM 뉴스에 대한 우려,analysis,like,[],null
chunk_012_2026-05-20_2026-05-27,2026-05-26,8,A025,"[3607, 3616, 3620, 3612, 3613]",3620,HBM 수주 축소 루머에 따른 삼성전자 주가 분석,analysis,like,[],null
chunk_012_2026-05-20_2026-05-27,2026-05-26,8,A025,"[3607, 3616, 3620, 3612, 3613]",3612,오늘 삼성전자 매도했습니다!,trade_share,like,"[""상위 수익자"", ""자산가""]",null
chunk_012_2026-05-20_2026-05-27,2026-05-26,8,A025,"[3607, 3616, 3620, 3612, 3613]",3613,반도체 시장의 변동성과 삼성전자의 성장성,analysis,unlike,"[""커뮤니티 인플루언서""]",null
chunk_012_2026-05-20_2026-05-27,2026-05-26,8,A022,"[3607, 3616, 3620, 3613, 3612]",3607,현재 삼성전자 주가에 대한 생각,analysis,like,[],null
chunk_012_2026-05-20_2026-05-27,2026-05-26,8,A022,"[3607, 3616, 3620, 3613, 3612]",3616,현재 삼성전자 주가 흐름과 HBM 뉴스에 대한 우려,analysis,like,[],null
chunk_012_2026-05-20_2026-05-27,2026-05-26,8,A022,"[3607, 3616, 3620, 3613, 3612]",3620,HBM 수주 축소 루머에 따른 삼성전자 주가 분석,analysis,like,[],null
chunk_012_2026-05-20_2026-05-27,2026-05-26,8,A022,"[3607, 3616, 3620, 3613, 3612]",3613,반도체 시장의 변동성과 삼성전자의 성장성,analysis,read,"[""커뮤니티 인플루언서""]",null
chunk_012_2026-05-20_2026-05-27,2026-05-26,8,A022,"[3607, 3616, 3620, 3613, 3612]",3612,오늘 삼성전자 매도했습니다!,trade_share,unlike,"[""상위 수익자"", ""자산가""]",null
chunk_012_2026-05-20_2026-05-27,2026-05-26,8,A026,"[3607, 3616, 3620, 3613, 3621]",3607,현재 삼성전자 주가에 대한 생각,analysis,read,[],null
chunk_012_2026-05-20_2026-05-27,2026-05-26,8,A026,"[3607, 3616, 3620, 3613, 3621]",3616,현재 삼성전자 주가 흐름과 HBM 뉴스에 대한 우려,analysis,like,[],null
chunk_012_2026-05-20_2026-05-27,2026-05-26,8,A026,"[3607, 3616, 3620, 3613, 3621]",3620,HBM 수주 축소 루머에 따른 삼성전자 주가 분석,analysis,like,[],null
chunk_012_2026-05-20_2026-05-27,2026-05-26,8,A026,"[3607, 3616, 3620, 3613, 3621]",3613,반도체 시장의 변동성과 삼성전자의 성장성,analysis,unlike,"[""커뮤니티 인플루언서""]",null
chunk_012_2026-05-20_2026-05-27,2026-05-26,8,A026,"[3607, 3616, 3620, 3613, 3621]",3621,오늘 삼성전자 매도 거래 공유합니다.,trade_share,read,"[""상위 수익자"", ""자산가""]",null
chunk_012_2026-05-20_2026-05-27,2026-05-26,8,A027,"[3607, 3616, 3620, 3613, 3612]",3607,현재 삼성전자 주가에 대한 생각,analysis,like,[],null
chunk_012_2026-05-20_2026-05-27,2026-05-26,8,A027,"[3607, 3616, 3620, 3613, 3612]",3616,현재 삼성전자 주가 흐름과 HBM 뉴스에 대한 우려,analysis,like,[],null
chunk_012_2026-05-20_2026-05-27,2026-05-26,8,A027,"[3607, 3616, 3620, 3613, 3612]",3620,HBM 수주 축소 루머에 따른 삼성전자 주가 분석,analysis,like,[],null
chunk_012_2026-05-20_2026-05-27,2026-05-26,8,A027,"[3607, 3616, 3620, 3613, 3612]",3613,반도체 시장의 변동성과 삼성전자의 성장성,analysis,read,"[""커뮤니티 인플루언서""]",null
chunk_012_2026-05-20_2026-05-27,2026-05-26,8,A027,"[3607, 3616, 3620, 3613, 3612]",3612,오늘 삼성전자 매도했습니다!,trade_share,unlike,"[""상위 수익자"", ""자산가""]",null
chunk_012_2026-05-20_2026-05-27,2026-05-27,10,A010,"[3626, 3641, 3639, 3644, 3645]",3626,[매수] 삼성전자 1주 매수했습니다!,trade_share,read,"[""커뮤니티 인플루언서""]",null
chunk_012_2026-05-20_2026-05-27,2026-05-27,10,A010,"[3626, 3641, 3639, 3644, 3645]",3641,"삼성전자, 재무적 우위와 단기 관망의 필요성",analysis,like,[],null
chunk_012_2026-05-20_2026-05-27,2026-05-27,10,A010,"[3626, 3641, 3639, 3644, 3645]",3639,오늘 삼성전자 일부 매도했습니다!,trade_share,like,"[""상위 수익자"", ""자산가""]",null
chunk_012_2026-05-20_2026-05-27,2026-05-27,10,A010,"[3626, 3641, 3639, 3644, 3645]",3644,오늘 삼성전자 매수했습니다!,trade_share,unlike,"[""상위 수익자"", ""자산가""]",null
chunk_012_2026-05-20_2026-05-27,2026-05-27,10,A010,"[3626, 3641, 3639, 3644, 3645]",3645,삼성전자 소량 매수! 장기적 우위 기대,trade_share,read,[],null
chunk_012_2026-05-20_2026-05-27,2026-05-27,10,A007,"[3628, 3631, 3641, 3639, 3642]",3628,삼성전자 추가 매수했습니다!,trade_share,read,"[""커뮤니티 인플루언서""]","{""portfolio_summary"": {""state_id"": ""ps_A005_t010"", ""agent_id"": ""A005"", ""turn"": 10, ""date"": ""2026-05-27"", ""cash"": 40812500.0, ""positions"": ""[{\""stock_code\"": \""005930\"", \""quantity\"": 205, \""avg_cost\"": 300672.08672086726, \""current_price\"": 307000.0, \""unrealized_pnl\"": 1297222.2222222122, \""unrealized_pnl_rate\"": 0.021045895374409467}]"", ""total_value"": 103747500.0, ""realized_pnl"": 2450277.777777775, ""total_return_rate"": 0.037475, ""updated_at"": ""2026-07-16 20:12:02""}, ""recent_trades"": [{""turn"": 10, ""date"": ""2026-05-27"", ""action"": ""buy"", ""stock_code"": ""005930"", ""quantity"": 80, ""executed_price"": 307000.0, ""trade_value"": 24560000.0, ""status"": ""filled"", ""filled_quantity"": 80, ""action_reason"": ""오픈가 대비 4.5% 하락한 307,000 원은 내재가치 범위 내의 저평가 구간으로 판단됩니다. 재무 점수 1 위 뉴스와 반도체 업황 회복 기대감에 따라 가치 매수 기회로 해석하며, 높은 현금 비중으로 매수 여력이 충분합니다.""}, {""turn"": 9, ""date"": ""2026-05-27"", ""action"": ""sell"", ""stock_code"": ""005930"", ""quantity"": 50, ""executed_price"": 321500.0, ""trade_value"": 16075000.0, ""status"": ""filled"", ""filled_quantity"": 50, ""action_reason"": ""현재 주가 32 만 1 천 원은 평균 매수 단가 대비 수익 실현 구간이며, 노사 갈등과 경쟁사 리스크로 인한 단기 변동성 우려가 있습니다. 내재가치 대비 적정 수준을 유지하고 있어 추가 상승 여력은 제한적이므로, 수익을 확정하고 집중 투자 리스크를 관리하기 위해 일부 매도합니다.""}, {""turn"": 8, ""date"": ""2026-05-26"", ""action"": ""sell"", ""stock_code"": ""005930"", ""quantity"": 50, ""executed_price"": 299000.0, ""trade_value"": 14950000.0, ""status"": ""filled"", ""filled_quantity"": 50, ""action_reason"": ""HBM 축소 루머와 30 만 원 저항선 근접으로 단기 변동성 우려가 있으나, 내재가치 범위 내이므로 현물 보유 관점. 다만, 단일 종목 집중 리스크 관리와 향후 조정 시 매수 기회 확보를 위해 일부 매도.""}]}"
chunk_012_2026-05-20_2026-05-27,2026-05-27,10,A007,"[3628, 3631, 3641, 3639, 3642]",3631,오늘 삼성전자 50주 매수했습니다!,trade_share,read,[],"{""portfolio_summary"": {""state_id"": ""ps_A010_t010"", ""agent_id"": ""A010"", ""turn"": 10, ""date"": ""2026-05-27"", ""cash"": 26295000.0, ""positions"": ""[{\""stock_code\"": \""005930\"", \""quantity\"": 250, \""avg_cost\"": 300440.0, \""current_price\"": 307000.0, \""unrealized_pnl\"": 1640000.0, \""unrealized_pnl_rate\"": 0.021834642524297697}]"", ""total_value"": 103045000.0, ""realized_pnl"": 1405000.0, ""total_return_rate"": 0.03045, ""updated_at"": ""2026-07-16 20:12:02""}, ""recent_trades"": [{""turn"": 10, ""date"": ""2026-05-27"", ""action"": ""buy"", ""stock_code"": ""005930"", ""quantity"": 50, ""executed_price"": 307000.0, ""trade_value"": 15350000.0, ""status"": ""filled"", ""filled_quantity"": 50, ""action_reason"": ""HBM 루머 등 단기 소음에 흔들리지 않고, 321,500 원 매도 대비 하락한 307,000 원은 가치 투자 관점에서 매력적인 진입점입니다. 재무적 우위와 장기 우상향 신념을 바탕으로 매수합니다.""}, {""turn"": 9, ""date"": ""2026-05-27"", ""action"": ""sell"", ""stock_code"": ""005930"", ""quantity"": 50, ""executed_price"": 321500.0, ""trade_value"": 16075000.0, ""status"": ""filled"", ""filled_quantity"": 50, ""action_reason"": ""단기 급등으로 인한 밸류에이션 부담과 변동성 확대 우려가 있어 가치 투자 관점에서 수익 일부 실현을 통해 현금 비중을 확보하고 리스크를 관리합니다.""}, {""turn"": 8, ""date"": ""2026-05-26"", ""action"": ""buy"", ""stock_code"": ""005930"", ""quantity"": 60, ""executed_price"": 299000.0, ""trade_value"": 17940000.0, ""status"": ""filled"", ""filled_quantity"": 60, ""action_reason"": ""내재가치 하단 부근의 저평가 구간이며 수출 호황 지속으로 장기 성장성이 확인됨. HBM 수주 축소 루머는 단기 변동성 요인으로 판단되어 매수 기회로 활용.""}]}"
chunk_012_2026-05-20_2026-05-27,2026-05-27,10,A007,"[3628, 3631, 3641, 3639, 3642]",3641,"삼성전자, 재무적 우위와 단기 관망의 필요성",analysis,like,[],"{""portfolio_summary"": {""state_id"": ""ps_A022_t010"", ""agent_id"": ""A022"", ""turn"": 10, ""date"": ""2026-05-27"", ""cash"": 79939000.0, ""positions"": ""[{\""stock_code\"": \""005930\"", \""quantity\"": 78, \""avg_cost\"": 301769.23076923075, \""current_price\"": 307000.0, \""unrealized_pnl\"": 408000.0000000014, \""unrealized_pnl_rate\"": 0.01733367320927867}]"", ""total_value"": 103885000.0, ""realized_pnl"": 3477000.0, ""total_return_rate"": 0.03885, ""updated_at"": ""2026-07-16 20:12:02""}, ""recent_trades"": [{""turn"": 10, ""date"": ""2026-05-27"", ""action"": ""buy"", ""stock_code"": ""005930"", ""quantity"": 30, ""executed_price"": 307000.0, ""trade_value"": 9210000.0, ""status"": ""filled"", ""filled_quantity"": 30, ""action_reason"": ""307,000 원은 예상 범위 (30 만~32 만 원) 하단 지지 구간이며, 재무 점수 1 위 등 기본적 우위가 확인되어 가치 투자 관점에서 매수 기회로 판단합니다.""}, {""turn"": 9, ""date"": ""2026-05-27"", ""action"": ""sell"", ""stock_code"": ""005930"", ""quantity"": 92, ""executed_price"": 321500.0, ""trade_value"": 29578000.0, ""status"": ""filled"", ""filled_quantity"": 92, ""action_reason"": ""현재 주가 (32 만 원 선) 가 내재가치 대비 과열 우려가 있으며, 단기 급등으로 조정 리스크가 존재합니다. 또한 단일 종목 집중 리스크를 완화하기 위해 수익 실현 매도를 진행합니다.""}, {""turn"": 8, ""date"": ""2026-05-26"", ""action"": ""buy"", ""stock_code"": ""005930"", ""quantity"": 10, ""executed_price"": 299000.0, ""trade_value"": 2990000.0, ""status"": ""filled"", ""filled_quantity"": 10, ""action_reason"": ""내재가치 하단 부근과 기술적 지지선 (MA5, MA20) 유지로 가치 투자 관점에서 매수 기회로 판단. HBM 축소 루머는 단기 변동성 요인이나 수출 호황과 히트펌프 사업 등 중장기 성장성 유지.""}]}"
chunk_012_2026-05-20_2026-05-27,2026-05-27,10,A007,"[3628, 3631, 3641, 3639, 3642]",3639,오늘 삼성전자 일부 매도했습니다!,trade_share,like,"[""상위 수익자"", ""자산가""]","{""portfolio_summary"": {""state_id"": ""ps_A013_t010"", ""agent_id"": ""A013"", ""turn"": 10, ""date"": ""2026-05-27"", ""cash"": 44753500.0, ""positions"": ""[{\""stock_code\"": \""005930\"", \""quantity\"": 204, \""avg_cost\"": 286951.25445746304, \""current_price\"": 307000.0, \""unrealized_pnl\"": 4089944.090677539, \""unrealized_pnl_rate\"": 0.06986812300382862}]"", ""total_value"": 107381500.0, ""realized_pnl"": 3291555.9093224686, ""total_return_rate"": 0.073815, ""updated_at"": ""2026-07-16 20:12:02""}, ""recent_trades"": [{""turn"": 10, ""date"": ""2026-05-27"", ""action"": ""sell"", ""stock_code"": ""005930"", ""quantity"": 48, ""executed_price"": 307000.0, ""trade_value"": 14736000.0, ""status"": ""filled"", ""filled_quantity"": 48, ""action_reason"": ""수익 실현 욕구 (Disposition Effect) 와 32 만 원 저항선 돌파 실패로 인한 단기 조정 가능성에 대응하기 위해 수익을 일부 확정합니다. 기술적 지표는 강세이나, 종가 하락으로 리스크 관리가 필요합니다.""}, {""turn"": 9, ""date"": ""2026-05-27"", ""action"": ""sell"", ""stock_code"": ""005930"", ""quantity"": 30, ""executed_price"": 321500.0, ""trade_value"": 9645000.0, ""status"": ""filled"", ""filled_quantity"": 30, ""action_reason"": ""기술적 과매수 구간과 과거 수익 실현 타이밍 실패 경험을 반영하여, 현재 수익 구간에서 일부 매도하여 수익을 확정하고 현금 비중을 높입니다.""}, {""turn"": 8, ""date"": ""2026-05-26"", ""action"": ""sell"", ""stock_code"": ""005930"", ""quantity"": 20, ""executed_price"": 299000.0, ""trade_value"": 5980000.0, ""status"": ""filled"", ""filled_quantity"": 20, ""action_reason"": ""수익 상태이므로 처분효과에 따라 일부 매도, 30 만 원 저항선 부근과 HBM 루머로 인한 불안감 반영""}]}"
chunk_012_2026-05-20_2026-05-27,2026-05-27,10,A007,"[3628, 3631, 3641, 3639, 3642]",3642,오늘 삼성전자 일부 매도했습니다.,trade_share,unlike,[],"{""portfolio_summary"": {""state_id"": ""ps_A027_t010"", ""agent_id"": ""A027"", ""turn"": 10, ""date"": ""2026-05-27"", ""cash"": 28300000.0, ""positions"": ""[{\""stock_code\"": \""005930\"", \""quantity\"": 239, \""avg_cost\"": 299255.7915057915, \""current_price\"": 307000.0, \""unrealized_pnl\"": 1850865.8301158363, \""unrealized_pnl_rate\"": 0.025878224295146673}]"", ""total_value"": 101673000.0, ""realized_pnl"": -177865.8301158296, ""total_return_rate"": 0.01673, ""updated_at"": ""2026-07-16 20:12:02""}, ""recent_trades"": [{""turn"": 10, ""date"": ""2026-05-27"", ""action"": ""sell"", ""stock_code"": ""005930"", ""quantity"": 20, ""executed_price"": 307000.0, ""trade_value"": 6140000.0, ""status"": ""filled"", ""filled_quantity"": 20, ""action_reason"": ""당일 시가 대비 종가 하락 (-4.5%) 과 거래량 급증으로 단기 매도 압력이 확인되어, 기술적 지표는 양호하나 단기 변동성 위험을 고려합니다. 수익 구간에서 일부 수익 실현을 통해 신중한 리스크 관리가 필요합니다.""}, {""turn"": 9, ""date"": ""2026-05-27"", ""action"": ""buy"", ""stock_code"": ""005930"", ""quantity"": 30, ""executed_price"": 321500.0, ""trade_value"": 9645000.0, ""status"": ""filled"", ""filled_quantity"": 30, ""action_reason"": ""기술적 돌파 신호 (거래량 증가, MA5/20 상회) 와 섹터 모멘텀 (마이크론 호재) 으로 상승 추세가 우세하다고 판단하여 추세를 따릅니다.""}, {""turn"": 8, ""date"": ""2026-05-26"", ""action"": ""buy"", ""stock_code"": ""005930"", ""quantity"": 30, ""executed_price"": 299000.0, ""trade_value"": 8970000.0, ""status"": ""filled"", ""filled_quantity"": 30, ""action_reason"": ""기술적 지표 (MA5 상회, 거래량 증가) 가 상승 모멘텀을 보여주고 있어 매수 신호로 판단합니다. 과거 뉴스 공포에 매수 타이밍을 놓친 실수를 반복하지 않기 위해, HBM 루머에도 불구하고 차트 신호를 우선시합니다.""}]}"
chunk_012_2026-05-20_2026-05-27,2026-05-27,10,A003,"[3626, 3641, 3639, 3642, 3645]",3626,[매수] 삼성전자 1주 매수했습니다!,trade_share,read,"[""커뮤니티 인플루언서""]",null
chunk_012_2026-05-20_2026-05-27,2026-05-27,10,A003,"[3626, 3641, 3639, 3642, 3645]",3641,"삼성전자, 재무적 우위와 단기 관망의 필요성",analysis,like,[],null
chunk_012_2026-05-20_2026-05-27,2026-05-27,10,A003,"[3626, 3641, 3639, 3642, 3645]",3639,오늘 삼성전자 일부 매도했습니다!,trade_share,like,"[""상위 수익자"", ""자산가""]",null
chunk_012_2026-05-20_2026-05-27,2026-05-27,10,A003,"[3626, 3641, 3639, 3642, 3645]",3642,오늘 삼성전자 일부 매도했습니다.,trade_share,read,[],null
chunk_012_2026-05-20_2026-05-27,2026-05-27,10,A003,"[3626, 3641, 3639, 3642, 3645]",3645,삼성전자 소량 매수! 장기적 우위 기대,trade_share,unlike,[],null
chunk_012_2026-05-20_2026-05-27,2026-05-27,10,A006,"[3626, 3631, 3641, 3639, 3645]",3626,[매수] 삼성전자 1주 매수했습니다!,trade_share,read,"[""커뮤니티 인플루언서""]",null
chunk_012_2026-05-20_2026-05-27,2026-05-27,10,A006,"[3626, 3631, 3641, 3639, 3645]",3631,오늘 삼성전자 50주 매수했습니다!,trade_share,unlike,[],null
chunk_012_2026-05-20_2026-05-27,2026-05-27,10,A006,"[3626, 3631, 3641, 3639, 3645]",3641,"삼성전자, 재무적 우위와 단기 관망의 필요성",analysis,like,[],null
chunk_012_2026-05-20_2026-05-27,2026-05-27,10,A006,"[3626, 3631, 3641, 3639, 3645]",3639,오늘 삼성전자 일부 매도했습니다!,trade_share,like,"[""상위 수익자"", ""자산가""]",null
chunk_012_2026-05-20_2026-05-27,2026-05-27,10,A006,"[3626, 3631, 3641, 3639, 3645]",3645,삼성전자 소량 매수! 장기적 우위 기대,trade_share,read,[],null
chunk_012_2026-05-20_2026-05-27,2026-05-27,10,A001,"[3631, 3641, 3627, 3642, 3645]",3631,오늘 삼성전자 50주 매수했습니다!,trade_share,read,[],null
chunk_012_2026-05-20_2026-05-27,2026-05-27,10,A001,"[3631, 3641, 3627, 3642, 3645]",3641,"삼성전자, 재무적 우위와 단기 관망의 필요성",analysis,like,[],null
chunk_012_2026-05-20_2026-05-27,2026-05-27,10,A001,"[3631, 3641, 3627, 3642, 3645]",3627,오늘 삼성전자 매도했습니다!,trade_share,unlike,[],null
chunk_012_2026-05-20_2026-05-27,2026-05-27,10,A001,"[3631, 3641, 3627, 3642, 3645]",3642,오늘 삼성전자 일부 매도했습니다.,trade_share,like,[],null
chunk_012_2026-05-20_2026-05-27,2026-05-27,10,A001,"[3631, 3641, 3627, 3642, 3645]",3645,삼성전자 소량 매수! 장기적 우위 기대,trade_share,read,[],null
chunk_012_2026-05-20_2026-05-27,2026-05-27,10,A008,"[3626, 3641, 3639, 3644, 3645]",3626,[매수] 삼성전자 1주 매수했습니다!,trade_share,read,"[""커뮤니티 인플루언서""]",null
chunk_012_2026-05-20_2026-05-27,2026-05-27,10,A008,"[3626, 3641, 3639, 3644, 3645]",3641,"삼성전자, 재무적 우위와 단기 관망의 필요성",analysis,like,[],null
chunk_012_2026-05-20_2026-05-27,2026-05-27,10,A008,"[3626, 3641, 3639, 3644, 3645]",3639,오늘 삼성전자 일부 매도했습니다!,trade_share,like,"[""상위 수익자"", ""자산가""]",null
chunk_012_2026-05-20_2026-05-27,2026-05-27,10,A008,"[3626, 3641, 3639, 3644, 3645]",3644,오늘 삼성전자 매수했습니다!,trade_share,unlike,"[""상위 수익자"", ""자산가""]",null
chunk_012_2026-05-20_2026-05-27,2026-05-27,10,A008,"[3626, 3641, 3639, 3644, 3645]",3645,삼성전자 소량 매수! 장기적 우위 기대,trade_share,read,[],null
chunk_012_2026-05-20_2026-05-27,2026-05-27,10,A005,"[3631, 3641, 3639, 3627, 3645]",3631,오늘 삼성전자 50주 매수했습니다!,trade_share,read,[],null
chunk_012_2026-05-20_2026-05-27,2026-05-27,10,A005,"[3631, 3641, 3639, 3627, 3645]",3641,"삼성전자, 재무적 우위와 단기 관망의 필요성",analysis,like,[],null
chunk_012_2026-05-20_2026-05-27,2026-05-27,10,A005,"[3631, 3641, 3639, 3627, 3645]",3639,오늘 삼성전자 일부 매도했습니다!,trade_share,like,"[""상위 수익자"", ""자산가""]",null
chunk_012_2026-05-20_2026-05-27,2026-05-27,10,A005,"[3631, 3641, 3639, 3627, 3645]",3627,오늘 삼성전자 매도했습니다!,trade_share,read,[],null
chunk_012_2026-05-20_2026-05-27,2026-05-27,10,A005,"[3631, 3641, 3639, 3627, 3645]",3645,삼성전자 소량 매수! 장기적 우위 기대,trade_share,read,[],null
chunk_012_2026-05-20_2026-05-27,2026-05-27,10,A004,"[3631, 3641, 3644, 3629, 3639]",3631,오늘 삼성전자 50주 매수했습니다!,trade_share,read,[],null
chunk_012_2026-05-20_2026-05-27,2026-05-27,10,A004,"[3631, 3641, 3644, 3629, 3639]",3641,"삼성전자, 재무적 우위와 단기 관망의 필요성",analysis,like,[],null
chunk_012_2026-05-20_2026-05-27,2026-05-27,10,A004,"[3631, 3641, 3644, 3629, 3639]",3644,오늘 삼성전자 매수했습니다!,trade_share,read,"[""상위 수익자"", ""자산가""]",null
chunk_012_2026-05-20_2026-05-27,2026-05-27,10,A004,"[3631, 3641, 3644, 3629, 3639]",3629,삼성전자 추가 매수했습니다!,trade_share,unlike,"[""커뮤니티 인플루언서""]",null
chunk_012_2026-05-20_2026-05-27,2026-05-27,10,A004,"[3631, 3641, 3644, 3629, 3639]",3639,오늘 삼성전자 일부 매도했습니다!,trade_share,like,"[""상위 수익자"", ""자산가""]",null
chunk_012_2026-05-20_2026-05-27,2026-05-27,10,A011,"[3626, 3631, 3641, 3639, 3644]",3626,[매수] 삼성전자 1주 매수했습니다!,trade_share,read,"[""커뮤니티 인플루언서""]",null
chunk_012_2026-05-20_2026-05-27,2026-05-27,10,A011,"[3626, 3631, 3641, 3639, 3644]",3631,오늘 삼성전자 50주 매수했습니다!,trade_share,unlike,[],null
chunk_012_2026-05-20_2026-05-27,2026-05-27,10,A011,"[3626, 3631, 3641, 3639, 3644]",3641,"삼성전자, 재무적 우위와 단기 관망의 필요성",analysis,like,[],null
chunk_012_2026-05-20_2026-05-27,2026-05-27,10,A011,"[3626, 3631, 3641, 3639, 3644]",3639,오늘 삼성전자 일부 매도했습니다!,trade_share,like,"[""상위 수익자"", ""자산가""]",null
chunk_012_2026-05-20_2026-05-27,2026-05-27,10,A011,"[3626, 3631, 3641, 3639, 3644]",3644,오늘 삼성전자 매수했습니다!,trade_share,unlike,"[""상위 수익자"", ""자산가""]",null
chunk_012_2026-05-20_2026-05-27,2026-05-27,10,A015,"[3626, 3627, 3641, 3644, 3645]",3626,[매수] 삼성전자 1주 매수했습니다!,trade_share,read,"[""커뮤니티 인플루언서""]","{""portfolio_summary"": {""state_id"": ""ps_A007_t010"", ""agent_id"": ""A007"", ""turn"": 10, ""date"": ""2026-05-27"", ""cash"": 102208000.0, ""positions"": ""[{\""stock_code\"": \""005930\"", \""quantity\"": 1, \""avg_cost\"": 307000.0, \""current_price\"": 307000.0, \""unrealized_pnl\"": 0.0, \""unrealized_pnl_rate\"": 0.0}]"", ""total_value"": 102515000.0, ""realized_pnl"": 2515000.0, ""total_return_rate"": 0.02515, ""updated_at"": ""2026-07-16 20:12:02""}, ""recent_trades"": [{""turn"": 10, ""date"": ""2026-05-27"", ""action"": ""buy"", ""stock_code"": ""005930"", ""quantity"": 1, ""executed_price"": 307000.0, ""trade_value"": 307000.0, ""status"": ""filled"", ""filled_quantity"": 1, ""action_reason"": ""노사 합의와 업황 호조는 긍정적이지만, 밸류에이션 데이터 부재와 시장 과열로 인해 제한적으로 매수합니다.""}, {""turn"": 9, ""date"": ""2026-05-27"", ""action"": ""sell"", ""stock_code"": ""005930"", ""quantity"": 30, ""executed_price"": 321500.0, ""trade_value"": 9645000.0, ""status"": ""filled"", ""filled_quantity"": 30, ""action_reason"": ""현재가 32 만 1,500 원은 내재가치 대비 밸류에이션 부담이 있어 저평가 구간이 소멸됨. 가치 투자 관점에서 고가 매수 지양 및 수익 실현을 위해 전량 매도.""}, {""turn"": 8, ""date"": ""2026-05-26"", ""action"": ""sell"", ""stock_code"": ""005930"", ""quantity"": 50, ""executed_price"": 299000.0, ""trade_value"": 14950000.0, ""status"": ""filled"", ""filled_quantity"": 50, ""action_reason"": ""HBM 축소설과 지배구조 리스크로 내재가치 할인 요인이 증가하여 현재 가격이 매력적이지 않으며, 30 만 원 저항선 부근에서 단기 방어 어려울 것으로 판단됨. 과거 집중 투자 리스크를 반성하여 보유 물량을 일부 조정함.""}]}"
chunk_012_2026-05-20_2026-05-27,2026-05-27,10,A015,"[3626, 3627, 3641, 3644, 3645]",3627,오늘 삼성전자 매도했습니다!,trade_share,like,[],"{""portfolio_summary"": {""state_id"": ""ps_A004_t010"", ""agent_id"": ""A004"", ""turn"": 10, ""date"": ""2026-05-27"", ""cash"": 96424500.0, ""positions"": ""[{\""stock_code\"": \""005930\"", \""quantity\"": 19, \""avg_cost\"": 295246.5753424658, \""current_price\"": 307000.0, \""unrealized_pnl\"": 223315.0684931503, \""unrealized_pnl_rate\"": 0.03980884331647559}]"", ""total_value"": 102257500.0, ""realized_pnl"": 2034184.9315068452, ""total_return_rate"": 0.022575, ""updated_at"": ""2026-07-16 20:12:02""}, ""recent_trades"": [{""turn"": 10, ""date"": ""2026-05-27"", ""action"": ""sell"", ""stock_code"": ""005930"", ""quantity"": 50, ""executed_price"": 307000.0, ""trade_value"": 15350000.0, ""status"": ""filled"", ""filled_quantity"": 50, ""action_reason"": ""수익 구간에서 처분효과에 따른 매도 욕구와 기술적 상단 저항으로 판단하여 수익 실현 매도합니다.""}, {""turn"": 9, ""date"": ""2026-05-27"", ""action"": ""sell"", ""stock_code"": ""005930"", ""quantity"": 50, ""executed_price"": 321500.0, ""trade_value"": 16075000.0, ""status"": ""filled"", ""filled_quantity"": 50, ""action_reason"": ""단기 과매수 구간 (MA5 대비 11.4% 프리미엄) 이며, 수익 실현 욕구 (처분효과) 와 단일 종목 집중 리스크 관리 차원에서 일부 매도합니다.""}, {""turn"": 8, ""date"": ""2026-05-26"", ""action"": ""sell"", ""stock_code"": ""005930"", ""quantity"": 50, ""executed_price"": 299000.0, ""trade_value"": 14950000.0, ""status"": ""filled"", ""filled_quantity"": 50, ""action_reason"": ""수익 구간에서 처분효과에 따른 매도 욕구와 30 만 원 저항선 부근의 매도 압력, HBM 루머 공포를 고려하여 일부 매도합니다.""}]}"
chunk_012_2026-05-20_2026-05-27,2026-05-27,10,A015,"[3626, 3627, 3641, 3644, 3645]",3641,"삼성전자, 재무적 우위와 단기 관망의 필요성",analysis,like,[],"{""portfolio_summary"": {""state_id"": ""ps_A022_t010"", ""agent_id"": ""A022"", ""turn"": 10, ""date"": ""2026-05-27"", ""cash"": 79939000.0, ""positions"": ""[{\""stock_code\"": \""005930\"", \""quantity\"": 78, \""avg_cost\"": 301769.23076923075, \""current_price\"": 307000.0, \""unrealized_pnl\"": 408000.0000000014, \""unrealized_pnl_rate\"": 0.01733367320927867}]"", ""total_value"": 103885000.0, ""realized_pnl"": 3477000.0, ""total_return_rate"": 0.03885, ""updated_at"": ""2026-07-16 20:12:02""}, ""recent_trades"": [{""turn"": 10, ""date"": ""2026-05-27"", ""action"": ""buy"", ""stock_code"": ""005930"", ""quantity"": 30, ""executed_price"": 307000.0, ""trade_value"": 9210000.0, ""status"": ""filled"", ""filled_quantity"": 30, ""action_reason"": ""307,000 원은 예상 범위 (30 만~32 만 원) 하단 지지 구간이며, 재무 점수 1 위 등 기본적 우위가 확인되어 가치 투자 관점에서 매수 기회로 판단합니다.""}, {""turn"": 9, ""date"": ""2026-05-27"", ""action"": ""sell"", ""stock_code"": ""005930"", ""quantity"": 92, ""executed_price"": 321500.0, ""trade_value"": 29578000.0, ""status"": ""filled"", ""filled_quantity"": 92, ""action_reason"": ""현재 주가 (32 만 원 선) 가 내재가치 대비 과열 우려가 있으며, 단기 급등으로 조정 리스크가 존재합니다. 또한 단일 종목 집중 리스크를 완화하기 위해 수익 실현 매도를 진행합니다.""}, {""turn"": 8, ""date"": ""2026-05-26"", ""action"": ""buy"", ""stock_code"": ""005930"", ""quantity"": 10, ""executed_price"": 299000.0, ""trade_value"": 2990000.0, ""status"": ""filled"", ""filled_quantity"": 10, ""action_reason"": ""내재가치 하단 부근과 기술적 지지선 (MA5, MA20) 유지로 가치 투자 관점에서 매수 기회로 판단. HBM 축소 루머는 단기 변동성 요인이나 수출 호황과 히트펌프 사업 등 중장기 성장성 유지.""}]}"
chunk_012_2026-05-20_2026-05-27,2026-05-27,10,A015,"[3626, 3627, 3641, 3644, 3645]",3644,오늘 삼성전자 매수했습니다!,trade_share,unlike,"[""상위 수익자"", ""자산가""]","{""portfolio_summary"": {""state_id"": ""ps_A020_t010"", ""agent_id"": ""A020"", ""turn"": 10, ""date"": ""2026-05-27"", ""cash"": 8723000.0, ""positions"": ""[{\""stock_code\"": \""005930\"", \""quantity\"": 318, \""avg_cost\"": 293447.86941467796, \""current_price\"": 307000.0, \""unrealized_pnl\"": 4309577.5261324085, \""unrealized_pnl_rate\"": 0.04618241261166293}]"", ""total_value"": 106349000.0, ""realized_pnl"": 2039422.4738675985, ""total_return_rate"": 0.06349, ""updated_at"": ""2026-07-16 20:12:02""}, ""recent_trades"": [{""turn"": 10, ""date"": ""2026-05-27"", ""action"": ""buy"", ""stock_code"": ""005930"", ""quantity"": 28, ""executed_price"": 307000.0, ""trade_value"": 8596000.0, ""status"": ""filled"", ""filled_quantity"": 28, ""action_reason"": ""노조 합의 가결로 리스크 해소 및 SK 하이닉스 시총 1 조 달러 진입에 따른 밸류에이션 재평가 기대. 30 만 원 지지선 유지 시 추가 상승 모멘텀이 확인되어 매수 관점 우위.""}, {""turn"": 9, ""date"": ""2026-05-27"", ""action"": ""buy"", ""stock_code"": ""005930"", ""quantity"": 53, ""executed_price"": 321500.0, ""trade_value"": 17039500.0, ""status"": ""filled"", ""filled_quantity"": 53, ""action_reason"": ""코스피 8000 돌파와 마이크론 시총 1 조 달러 돌파 등 글로벌 반도체 호황과 기술적 상승 추세 (MA5, MA20 상회) 를 확인하여 추세 추종 매수를 실행합니다.""}, {""turn"": 8, ""date"": ""2026-05-26"", ""action"": ""sell"", ""stock_code"": ""005930"", ""quantity"": 50, ""executed_price"": 299000.0, ""trade_value"": 14950000.0, ""status"": ""filled"", ""filled_quantity"": 50, ""action_reason"": ""뉴스 악재 (HBM 루머, 경영진 논란) 로 인한 단기 변동성 우려와 기술적 과매수 구간 (MA20 대비 13% 프리미엄) 을 고려하여 수익 실현 매도를 진행합니다. 현금 비중이 낮아 추가 매수 여력이 부족하므로, 현금 확보를 통해 향후 조정 대응력을 높입니다.""}]}"
chunk_012_2026-05-20_2026-05-27,2026-05-27,10,A015,"[3626, 3627, 3641, 3644, 3645]",3645,삼성전자 소량 매수! 장기적 우위 기대,trade_share,like,[],"{""portfolio_summary"": {""state_id"": ""ps_A026_t010"", ""agent_id"": ""A026"", ""turn"": 10, ""date"": ""2026-05-27"", ""cash"": 71760000.0, ""positions"": ""[{\""stock_code\"": \""005930\"", \""quantity\"": 100, \""avg_cost\"": 307000.0, \""current_price\"": 307000.0, \""unrealized_pnl\"": 0.0, \""unrealized_pnl_rate\"": 0.0}]"", ""total_value"": 102460000.0, ""realized_pnl"": 2460000.0000000023, ""total_return_rate"": 0.0246, ""updated_at"": ""2026-07-16 20:12:02""}, ""recent_trades"": [{""turn"": 10, ""date"": ""2026-05-27"", ""action"": ""buy"", ""stock_code"": ""005930"", ""quantity"": 100, ""executed_price"": 307000.0, ""trade_value"": 30700000.0, ""status"": ""filled"", ""filled_quantity"": 100, ""action_reason"": ""삼성전자의 재무 점수 1 위와 울산 지역 반도체 산업 성장 등 장기적 우위를 인정하여 진입합니다. 단, 단기 밸류에이션 부담과 거시 리스크를 고려해 전량 매수보다는 현금 여력을 확보한 코어 포지션으로 시작합니다.""}, {""turn"": 9, ""date"": ""2026-05-27"", ""action"": ""sell"", ""stock_code"": ""005930"", ""quantity"": 40, ""executed_price"": 321500.0, ""trade_value"": 12860000.0, ""status"": ""filled"", ""filled_quantity"": 40, ""action_reason"": ""가치평가 관점에서 현재 주가가 내재가치를 상회하며, 단기 과열 및 노사 리스크로 인해 매도하여 수익을 확정하고 현금 비중을 높입니다.""}, {""turn"": 8, ""date"": ""2026-05-26"", ""action"": ""sell"", ""stock_code"": ""005930"", ""quantity"": 10, ""executed_price"": 299000.0, ""trade_value"": 2990000.0, ""status"": ""filled"", ""filled_quantity"": 10, ""action_reason"": ""현재 주가가 30 만 원 저항선 부근에 위치하여 밸류에이션 부담이 있으며, HBM 축소 루머로 단기 변동성 우려가 존재합니다. 가치 투자 관점에서 적정선 상단에서 일부 수익 실현을 통해 리스크를 관리합니다.""}]}"
chunk_012_2026-05-20_2026-05-27,2026-05-27,10,A013,"[3641, 3627, 3645, 3630, 3634]",3641,"삼성전자, 재무적 우위와 단기 관망의 필요성",analysis,like,[],null
chunk_012_2026-05-20_2026-05-27,2026-05-27,10,A013,"[3641, 3627, 3645, 3630, 3634]",3627,오늘 삼성전자 매도했습니다!,trade_share,like,[],null
chunk_012_2026-05-20_2026-05-27,2026-05-27,10,A013,"[3641, 3627, 3645, 3630, 3634]",3645,삼성전자 소량 매수! 장기적 우위 기대,trade_share,read,[],null
chunk_012_2026-05-20_2026-05-27,2026-05-27,10,A013,"[3641, 3627, 3645, 3630, 3634]",3630,삼성전자 추가 매수했습니다!,trade_share,unlike,[],null
chunk_012_2026-05-20_2026-05-27,2026-05-27,10,A013,"[3641, 3627, 3645, 3630, 3634]",3634,오늘 삼성전자 추가 매수했습니다!,trade_share,unlike,"[""상위 수익자"", ""자산가""]",null
chunk_012_2026-05-20_2026-05-27,2026-05-27,10,A020,"[3626, 3627, 3641, 3642, 3645]",3626,[매수] 삼성전자 1주 매수했습니다!,trade_share,read,"[""커뮤니티 인플루언서""]","{""portfolio_summary"": {""state_id"": ""ps_A007_t010"", ""agent_id"": ""A007"", ""turn"": 10, ""date"": ""2026-05-27"", ""cash"": 102208000.0, ""positions"": ""[{\""stock_code\"": \""005930\"", \""quantity\"": 1, \""avg_cost\"": 307000.0, \""current_price\"": 307000.0, \""unrealized_pnl\"": 0.0, \""unrealized_pnl_rate\"": 0.0}]"", ""total_value"": 102515000.0, ""realized_pnl"": 2515000.0, ""total_return_rate"": 0.02515, ""updated_at"": ""2026-07-16 20:12:02""}, ""recent_trades"": [{""turn"": 10, ""date"": ""2026-05-27"", ""action"": ""buy"", ""stock_code"": ""005930"", ""quantity"": 1, ""executed_price"": 307000.0, ""trade_value"": 307000.0, ""status"": ""filled"", ""filled_quantity"": 1, ""action_reason"": ""노사 합의와 업황 호조는 긍정적이지만, 밸류에이션 데이터 부재와 시장 과열로 인해 제한적으로 매수합니다.""}, {""turn"": 9, ""date"": ""2026-05-27"", ""action"": ""sell"", ""stock_code"": ""005930"", ""quantity"": 30, ""executed_price"": 321500.0, ""trade_value"": 9645000.0, ""status"": ""filled"", ""filled_quantity"": 30, ""action_reason"": ""현재가 32 만 1,500 원은 내재가치 대비 밸류에이션 부담이 있어 저평가 구간이 소멸됨. 가치 투자 관점에서 고가 매수 지양 및 수익 실현을 위해 전량 매도.""}, {""turn"": 8, ""date"": ""2026-05-26"", ""action"": ""sell"", ""stock_code"": ""005930"", ""quantity"": 50, ""executed_price"": 299000.0, ""trade_value"": 14950000.0, ""status"": ""filled"", ""filled_quantity"": 50, ""action_reason"": ""HBM 축소설과 지배구조 리스크로 내재가치 할인 요인이 증가하여 현재 가격이 매력적이지 않으며, 30 만 원 저항선 부근에서 단기 방어 어려울 것으로 판단됨. 과거 집중 투자 리스크를 반성하여 보유 물량을 일부 조정함.""}]}"
chunk_012_2026-05-20_2026-05-27,2026-05-27,10,A020,"[3626, 3627, 3641, 3642, 3645]",3627,오늘 삼성전자 매도했습니다!,trade_share,like,[],"{""portfolio_summary"": {""state_id"": ""ps_A004_t010"", ""agent_id"": ""A004"", ""turn"": 10, ""date"": ""2026-05-27"", ""cash"": 96424500.0, ""positions"": ""[{\""stock_code\"": \""005930\"", \""quantity\"": 19, \""avg_cost\"": 295246.5753424658, \""current_price\"": 307000.0, \""unrealized_pnl\"": 223315.0684931503, \""unrealized_pnl_rate\"": 0.03980884331647559}]"", ""total_value"": 102257500.0, ""realized_pnl"": 2034184.9315068452, ""total_return_rate"": 0.022575, ""updated_at"": ""2026-07-16 20:12:02""}, ""recent_trades"": [{""turn"": 10, ""date"": ""2026-05-27"", ""action"": ""sell"", ""stock_code"": ""005930"", ""quantity"": 50, ""executed_price"": 307000.0, ""trade_value"": 15350000.0, ""status"": ""filled"", ""filled_quantity"": 50, ""action_reason"": ""수익 구간에서 처분효과에 따른 매도 욕구와 기술적 상단 저항으로 판단하여 수익 실현 매도합니다.""}, {""turn"": 9, ""date"": ""2026-05-27"", ""action"": ""sell"", ""stock_code"": ""005930"", ""quantity"": 50, ""executed_price"": 321500.0, ""trade_value"": 16075000.0, ""status"": ""filled"", ""filled_quantity"": 50, ""action_reason"": ""단기 과매수 구간 (MA5 대비 11.4% 프리미엄) 이며, 수익 실현 욕구 (처분효과) 와 단일 종목 집중 리스크 관리 차원에서 일부 매도합니다.""}, {""turn"": 8, ""date"": ""2026-05-26"", ""action"": ""sell"", ""stock_code"": ""005930"", ""quantity"": 50, ""executed_price"": 299000.0, ""trade_value"": 14950000.0, ""status"": ""filled"", ""filled_quantity"": 50, ""action_reason"": ""수익 구간에서 처분효과에 따른 매도 욕구와 30 만 원 저항선 부근의 매도 압력, HBM 루머 공포를 고려하여 일부 매도합니다.""}]}"
chunk_012_2026-05-20_2026-05-27,2026-05-27,10,A020,"[3626, 3627, 3641, 3642, 3645]",3641,"삼성전자, 재무적 우위와 단기 관망의 필요성",analysis,like,[],"{""portfolio_summary"": {""state_id"": ""ps_A022_t010"", ""agent_id"": ""A022"", ""turn"": 10, ""date"": ""2026-05-27"", ""cash"": 79939000.0, ""positions"": ""[{\""stock_code\"": \""005930\"", \""quantity\"": 78, \""avg_cost\"": 301769.23076923075, \""current_price\"": 307000.0, \""unrealized_pnl\"": 408000.0000000014, \""unrealized_pnl_rate\"": 0.01733367320927867}]"", ""total_value"": 103885000.0, ""realized_pnl"": 3477000.0, ""total_return_rate"": 0.03885, ""updated_at"": ""2026-07-16 20:12:02""}, ""recent_trades"": [{""turn"": 10, ""date"": ""2026-05-27"", ""action"": ""buy"", ""stock_code"": ""005930"", ""quantity"": 30, ""executed_price"": 307000.0, ""trade_value"": 9210000.0, ""status"": ""filled"", ""filled_quantity"": 30, ""action_reason"": ""307,000 원은 예상 범위 (30 만~32 만 원) 하단 지지 구간이며, 재무 점수 1 위 등 기본적 우위가 확인되어 가치 투자 관점에서 매수 기회로 판단합니다.""}, {""turn"": 9, ""date"": ""2026-05-27"", ""action"": ""sell"", ""stock_code"": ""005930"", ""quantity"": 92, ""executed_price"": 321500.0, ""trade_value"": 29578000.0, ""status"": ""filled"", ""filled_quantity"": 92, ""action_reason"": ""현재 주가 (32 만 원 선) 가 내재가치 대비 과열 우려가 있으며, 단기 급등으로 조정 리스크가 존재합니다. 또한 단일 종목 집중 리스크를 완화하기 위해 수익 실현 매도를 진행합니다.""}, {""turn"": 8, ""date"": ""2026-05-26"", ""action"": ""buy"", ""stock_code"": ""005930"", ""quantity"": 10, ""executed_price"": 299000.0, ""trade_value"": 2990000.0, ""status"": ""filled"", ""filled_quantity"": 10, ""action_reason"": ""내재가치 하단 부근과 기술적 지지선 (MA5, MA20) 유지로 가치 투자 관점에서 매수 기회로 판단. HBM 축소 루머는 단기 변동성 요인이나 수출 호황과 히트펌프 사업 등 중장기 성장성 유지.""}]}"
chunk_012_2026-05-20_2026-05-27,2026-05-27,10,A020,"[3626, 3627, 3641, 3642, 3645]",3642,오늘 삼성전자 일부 매도했습니다.,trade_share,unlike,[],"{""portfolio_summary"": {""state_id"": ""ps_A027_t010"", ""agent_id"": ""A027"", ""turn"": 10, ""date"": ""2026-05-27"", ""cash"": 28300000.0, ""positions"": ""[{\""stock_code\"": \""005930\"", \""quantity\"": 239, \""avg_cost\"": 299255.7915057915, \""current_price\"": 307000.0, \""unrealized_pnl\"": 1850865.8301158363, \""unrealized_pnl_rate\"": 0.025878224295146673}]"", ""total_value"": 101673000.0, ""realized_pnl"": -177865.8301158296, ""total_return_rate"": 0.01673, ""updated_at"": ""2026-07-16 20:12:02""}, ""recent_trades"": [{""turn"": 10, ""date"": ""2026-05-27"", ""action"": ""sell"", ""stock_code"": ""005930"", ""quantity"": 20, ""executed_price"": 307000.0, ""trade_value"": 6140000.0, ""status"": ""filled"", ""filled_quantity"": 20, ""action_reason"": ""당일 시가 대비 종가 하락 (-4.5%) 과 거래량 급증으로 단기 매도 압력이 확인되어, 기술적 지표는 양호하나 단기 변동성 위험을 고려합니다. 수익 구간에서 일부 수익 실현을 통해 신중한 리스크 관리가 필요합니다.""}, {""turn"": 9, ""date"": ""2026-05-27"", ""action"": ""buy"", ""stock_code"": ""005930"", ""quantity"": 30, ""executed_price"": 321500.0, ""trade_value"": 9645000.0, ""status"": ""filled"", ""filled_quantity"": 30, ""action_reason"": ""기술적 돌파 신호 (거래량 증가, MA5/20 상회) 와 섹터 모멘텀 (마이크론 호재) 으로 상승 추세가 우세하다고 판단하여 추세를 따릅니다.""}, {""turn"": 8, ""date"": ""2026-05-26"", ""action"": ""buy"", ""stock_code"": ""005930"", ""quantity"": 30, ""executed_price"": 299000.0, ""trade_value"": 8970000.0, ""status"": ""filled"", ""filled_quantity"": 30, ""action_reason"": ""기술적 지표 (MA5 상회, 거래량 증가) 가 상승 모멘텀을 보여주고 있어 매수 신호로 판단합니다. 과거 뉴스 공포에 매수 타이밍을 놓친 실수를 반복하지 않기 위해, HBM 루머에도 불구하고 차트 신호를 우선시합니다.""}]}"
chunk_012_2026-05-20_2026-05-27,2026-05-27,10,A020,"[3626, 3627, 3641, 3642, 3645]",3645,삼성전자 소량 매수! 장기적 우위 기대,trade_share,read,[],"{""portfolio_summary"": {""state_id"": ""ps_A026_t010"", ""agent_id"": ""A026"", ""turn"": 10, ""date"": ""2026-05-27"", ""cash"": 71760000.0, ""positions"": ""[{\""stock_code\"": \""005930\"", \""quantity\"": 100, \""avg_cost\"": 307000.0, \""current_price\"": 307000.0, \""unrealized_pnl\"": 0.0, \""unrealized_pnl_rate\"": 0.0}]"", ""total_value"": 102460000.0, ""realized_pnl"": 2460000.0000000023, ""total_return_rate"": 0.0246, ""updated_at"": ""2026-07-16 20:12:02""}, ""recent_trades"": [{""turn"": 10, ""date"": ""2026-05-27"", ""action"": ""buy"", ""stock_code"": ""005930"", ""quantity"": 100, ""executed_price"": 307000.0, ""trade_value"": 30700000.0, ""status"": ""filled"", ""filled_quantity"": 100, ""action_reason"": ""삼성전자의 재무 점수 1 위와 울산 지역 반도체 산업 성장 등 장기적 우위를 인정하여 진입합니다. 단, 단기 밸류에이션 부담과 거시 리스크를 고려해 전량 매수보다는 현금 여력을 확보한 코어 포지션으로 시작합니다.""}, {""turn"": 9, ""date"": ""2026-05-27"", ""action"": ""sell"", ""stock_code"": ""005930"", ""quantity"": 40, ""executed_price"": 321500.0, ""trade_value"": 12860000.0, ""status"": ""filled"", ""filled_quantity"": 40, ""action_reason"": ""가치평가 관점에서 현재 주가가 내재가치를 상회하며, 단기 과열 및 노사 리스크로 인해 매도하여 수익을 확정하고 현금 비중을 높입니다.""}, {""turn"": 8, ""date"": ""2026-05-26"", ""action"": ""sell"", ""stock_code"": ""005930"", ""quantity"": 10, ""executed_price"": 299000.0, ""trade_value"": 2990000.0, ""status"": ""filled"", ""filled_quantity"": 10, ""action_reason"": ""현재 주가가 30 만 원 저항선 부근에 위치하여 밸류에이션 부담이 있으며, HBM 축소 루머로 단기 변동성 우려가 존재합니다. 가치 투자 관점에서 적정선 상단에서 일부 수익 실현을 통해 리스크를 관리합니다.""}]}"
chunk_012_2026-05-20_2026-05-27,2026-05-27,10,A014,"[3626, 3641, 3639, 3627, 3645]",3626,[매수] 삼성전자 1주 매수했습니다!,trade_share,read,"[""커뮤니티 인플루언서""]",null
chunk_012_2026-05-20_2026-05-27,2026-05-27,10,A014,"[3626, 3641, 3639, 3627, 3645]",3641,"삼성전자, 재무적 우위와 단기 관망의 필요성",analysis,like,[],null
chunk_012_2026-05-20_2026-05-27,2026-05-27,10,A014,"[3626, 3641, 3639, 3627, 3645]",3639,오늘 삼성전자 일부 매도했습니다!,trade_share,like,"[""상위 수익자"", ""자산가""]",null
chunk_012_2026-05-20_2026-05-27,2026-05-27,10,A014,"[3626, 3641, 3639, 3627, 3645]",3627,오늘 삼성전자 매도했습니다!,trade_share,unlike,[],null
chunk_012_2026-05-20_2026-05-27,2026-05-27,10,A014,"[3626, 3641, 3639, 3627, 3645]",3645,삼성전자 소량 매수! 장기적 우위 기대,trade_share,read,[],null
chunk_012_2026-05-20_2026-05-27,2026-05-27,10,A012,"[3626, 3641, 3644, 3639, 3642]",3626,[매수] 삼성전자 1주 매수했습니다!,trade_share,read,"[""커뮤니티 인플루언서""]",null
chunk_012_2026-05-20_2026-05-27,2026-05-27,10,A012,"[3626, 3641, 3644, 3639, 3642]",3641,"삼성전자, 재무적 우위와 단기 관망의 필요성",analysis,like,[],null
chunk_012_2026-05-20_2026-05-27,2026-05-27,10,A012,"[3626, 3641, 3644, 3639, 3642]",3644,오늘 삼성전자 매수했습니다!,trade_share,unlike,"[""상위 수익자"", ""자산가""]",null
chunk_012_2026-05-20_2026-05-27,2026-05-27,10,A012,"[3626, 3641, 3644, 3639, 3642]",3639,오늘 삼성전자 일부 매도했습니다!,trade_share,like,"[""상위 수익자"", ""자산가""]",null
chunk_012_2026-05-20_2026-05-27,2026-05-27,10,A012,"[3626, 3641, 3644, 3639, 3642]",3642,오늘 삼성전자 일부 매도했습니다.,trade_share,like,[],null
chunk_012_2026-05-20_2026-05-27,2026-05-27,10,A022,"[3627, 3639, 3642, 3644, 3645]",3627,오늘 삼성전자 매도했습니다!,trade_share,read,[],null
chunk_012_2026-05-20_2026-05-27,2026-05-27,10,A022,"[3627, 3639, 3642, 3644, 3645]",3639,오늘 삼성전자 일부 매도했습니다!,trade_share,like,"[""상위 수익자"", ""자산가""]",null
chunk_012_2026-05-20_2026-05-27,2026-05-27,10,A022,"[3627, 3639, 3642, 3644, 3645]",3642,오늘 삼성전자 일부 매도했습니다.,trade_share,like,[],null
chunk_012_2026-05-20_2026-05-27,2026-05-27,10,A022,"[3627, 3639, 3642, 3644, 3645]",3644,오늘 삼성전자 매수했습니다!,trade_share,unlike,"[""상위 수익자"", ""자산가""]",null
chunk_012_2026-05-20_2026-05-27,2026-05-27,10,A022,"[3627, 3639, 3642, 3644, 3645]",3645,삼성전자 소량 매수! 장기적 우위 기대,trade_share,read,[],null
chunk_012_2026-05-20_2026-05-27,2026-05-27,10,A017,"[3626, 3627, 3631, 3641, 3642]",3626,[매수] 삼성전자 1주 매수했습니다!,trade_share,read,"[""커뮤니티 인플루언서""]","{""portfolio_summary"": {""state_id"": ""ps_A007_t010"", ""agent_id"": ""A007"", ""turn"": 10, ""date"": ""2026-05-27"", ""cash"": 102208000.0, ""positions"": ""[{\""stock_code\"": \""005930\"", \""quantity\"": 1, \""avg_cost\"": 307000.0, \""current_price\"": 307000.0, \""unrealized_pnl\"": 0.0, \""unrealized_pnl_rate\"": 0.0}]"", ""total_value"": 102515000.0, ""realized_pnl"": 2515000.0, ""total_return_rate"": 0.02515, ""updated_at"": ""2026-07-16 20:12:02""}, ""recent_trades"": [{""turn"": 10, ""date"": ""2026-05-27"", ""action"": ""buy"", ""stock_code"": ""005930"", ""quantity"": 1, ""executed_price"": 307000.0, ""trade_value"": 307000.0, ""status"": ""filled"", ""filled_quantity"": 1, ""action_reason"": ""노사 합의와 업황 호조는 긍정적이지만, 밸류에이션 데이터 부재와 시장 과열로 인해 제한적으로 매수합니다.""}, {""turn"": 9, ""date"": ""2026-05-27"", ""action"": ""sell"", ""stock_code"": ""005930"", ""quantity"": 30, ""executed_price"": 321500.0, ""trade_value"": 9645000.0, ""status"": ""filled"", ""filled_quantity"": 30, ""action_reason"": ""현재가 32 만 1,500 원은 내재가치 대비 밸류에이션 부담이 있어 저평가 구간이 소멸됨. 가치 투자 관점에서 고가 매수 지양 및 수익 실현을 위해 전량 매도.""}, {""turn"": 8, ""date"": ""2026-05-26"", ""action"": ""sell"", ""stock_code"": ""005930"", ""quantity"": 50, ""executed_price"": 299000.0, ""trade_value"": 14950000.0, ""status"": ""filled"", ""filled_quantity"": 50, ""action_reason"": ""HBM 축소설과 지배구조 리스크로 내재가치 할인 요인이 증가하여 현재 가격이 매력적이지 않으며, 30 만 원 저항선 부근에서 단기 방어 어려울 것으로 판단됨. 과거 집중 투자 리스크를 반성하여 보유 물량을 일부 조정함.""}]}"
chunk_012_2026-05-20_2026-05-27,2026-05-27,10,A017,"[3626, 3627, 3631, 3641, 3642]",3627,오늘 삼성전자 매도했습니다!,trade_share,like,[],"{""portfolio_summary"": {""state_id"": ""ps_A004_t010"", ""agent_id"": ""A004"", ""turn"": 10, ""date"": ""2026-05-27"", ""cash"": 96424500.0, ""positions"": ""[{\""stock_code\"": \""005930\"", \""quantity\"": 19, \""avg_cost\"": 295246.5753424658, \""current_price\"": 307000.0, \""unrealized_pnl\"": 223315.0684931503, \""unrealized_pnl_rate\"": 0.03980884331647559}]"", ""total_value"": 102257500.0, ""realized_pnl"": 2034184.9315068452, ""total_return_rate"": 0.022575, ""updated_at"": ""2026-07-16 20:12:02""}, ""recent_trades"": [{""turn"": 10, ""date"": ""2026-05-27"", ""action"": ""sell"", ""stock_code"": ""005930"", ""quantity"": 50, ""executed_price"": 307000.0, ""trade_value"": 15350000.0, ""status"": ""filled"", ""filled_quantity"": 50, ""action_reason"": ""수익 구간에서 처분효과에 따른 매도 욕구와 기술적 상단 저항으로 판단하여 수익 실현 매도합니다.""}, {""turn"": 9, ""date"": ""2026-05-27"", ""action"": ""sell"", ""stock_code"": ""005930"", ""quantity"": 50, ""executed_price"": 321500.0, ""trade_value"": 16075000.0, ""status"": ""filled"", ""filled_quantity"": 50, ""action_reason"": ""단기 과매수 구간 (MA5 대비 11.4% 프리미엄) 이며, 수익 실현 욕구 (처분효과) 와 단일 종목 집중 리스크 관리 차원에서 일부 매도합니다.""}, {""turn"": 8, ""date"": ""2026-05-26"", ""action"": ""sell"", ""stock_code"": ""005930"", ""quantity"": 50, ""executed_price"": 299000.0, ""trade_value"": 14950000.0, ""status"": ""filled"", ""filled_quantity"": 50, ""action_reason"": ""수익 구간에서 처분효과에 따른 매도 욕구와 30 만 원 저항선 부근의 매도 압력, HBM 루머 공포를 고려하여 일부 매도합니다.""}]}"
chunk_012_2026-05-20_2026-05-27,2026-05-27,10,A017,"[3626, 3627, 3631, 3641, 3642]",3631,오늘 삼성전자 50주 매수했습니다!,trade_share,unlike,[],"{""portfolio_summary"": {""state_id"": ""ps_A010_t010"", ""agent_id"": ""A010"", ""turn"": 10, ""date"": ""2026-05-27"", ""cash"": 26295000.0, ""positions"": ""[{\""stock_code\"": \""005930\"", \""quantity\"": 250, \""avg_cost\"": 300440.0, \""current_price\"": 307000.0, \""unrealized_pnl\"": 1640000.0, \""unrealized_pnl_rate\"": 0.021834642524297697}]"", ""total_value"": 103045000.0, ""realized_pnl"": 1405000.0, ""total_return_rate"": 0.03045, ""updated_at"": ""2026-07-16 20:12:02""}, ""recent_trades"": [{""turn"": 10, ""date"": ""2026-05-27"", ""action"": ""buy"", ""stock_code"": ""005930"", ""quantity"": 50, ""executed_price"": 307000.0, ""trade_value"": 15350000.0, ""status"": ""filled"", ""filled_quantity"": 50, ""action_reason"": ""HBM 루머 등 단기 소음에 흔들리지 않고, 321,500 원 매도 대비 하락한 307,000 원은 가치 투자 관점에서 매력적인 진입점입니다. 재무적 우위와 장기 우상향 신념을 바탕으로 매수합니다.""}, {""turn"": 9, ""date"": ""2026-05-27"", ""action"": ""sell"", ""stock_code"": ""005930"", ""quantity"": 50, ""executed_price"": 321500.0, ""trade_value"": 16075000.0, ""status"": ""filled"", ""filled_quantity"": 50, ""action_reason"": ""단기 급등으로 인한 밸류에이션 부담과 변동성 확대 우려가 있어 가치 투자 관점에서 수익 일부 실현을 통해 현금 비중을 확보하고 리스크를 관리합니다.""}, {""turn"": 8, ""date"": ""2026-05-26"", ""action"": ""buy"", ""stock_code"": ""005930"", ""quantity"": 60, ""executed_price"": 299000.0, ""trade_value"": 17940000.0, ""status"": ""filled"", ""filled_quantity"": 60, ""action_reason"": ""내재가치 하단 부근의 저평가 구간이며 수출 호황 지속으로 장기 성장성이 확인됨. HBM 수주 축소 루머는 단기 변동성 요인으로 판단되어 매수 기회로 활용.""}]}"
chunk_012_2026-05-20_2026-05-27,2026-05-27,10,A017,"[3626, 3627, 3631, 3641, 3642]",3641,"삼성전자, 재무적 우위와 단기 관망의 필요성",analysis,like,[],"{""portfolio_summary"": {""state_id"": ""ps_A022_t010"", ""agent_id"": ""A022"", ""turn"": 10, ""date"": ""2026-05-27"", ""cash"": 79939000.0, ""positions"": ""[{\""stock_code\"": \""005930\"", \""quantity\"": 78, \""avg_cost\"": 301769.23076923075, \""current_price\"": 307000.0, \""unrealized_pnl\"": 408000.0000000014, \""unrealized_pnl_rate\"": 0.01733367320927867}]"", ""total_value"": 103885000.0, ""realized_pnl"": 3477000.0, ""total_return_rate"": 0.03885, ""updated_at"": ""2026-07-16 20:12:02""}, ""recent_trades"": [{""turn"": 10, ""date"": ""2026-05-27"", ""action"": ""buy"", ""stock_code"": ""005930"", ""quantity"": 30, ""executed_price"": 307000.0, ""trade_value"": 9210000.0, ""status"": ""filled"", ""filled_quantity"": 30, ""action_reason"": ""307,000 원은 예상 범위 (30 만~32 만 원) 하단 지지 구간이며, 재무 점수 1 위 등 기본적 우위가 확인되어 가치 투자 관점에서 매수 기회로 판단합니다.""}, {""turn"": 9, ""date"": ""2026-05-27"", ""action"": ""sell"", ""stock_code"": ""005930"", ""quantity"": 92, ""executed_price"": 321500.0, ""trade_value"": 29578000.0, ""status"": ""filled"", ""filled_quantity"": 92, ""action_reason"": ""현재 주가 (32 만 원 선) 가 내재가치 대비 과열 우려가 있으며, 단기 급등으로 조정 리스크가 존재합니다. 또한 단일 종목 집중 리스크를 완화하기 위해 수익 실현 매도를 진행합니다.""}, {""turn"": 8, ""date"": ""2026-05-26"", ""action"": ""buy"", ""stock_code"": ""005930"", ""quantity"": 10, ""executed_price"": 299000.0, ""trade_value"": 2990000.0, ""status"": ""filled"", ""filled_quantity"": 10, ""action_reason"": ""내재가치 하단 부근과 기술적 지지선 (MA5, MA20) 유지로 가치 투자 관점에서 매수 기회로 판단. HBM 축소 루머는 단기 변동성 요인이나 수출 호황과 히트펌프 사업 등 중장기 성장성 유지.""}]}"
chunk_012_2026-05-20_2026-05-27,2026-05-27,10,A017,"[3626, 3627, 3631, 3641, 3642]",3642,오늘 삼성전자 일부 매도했습니다.,trade_share,read,[],"{""portfolio_summary"": {""state_id"": ""ps_A027_t010"", ""agent_id"": ""A027"", ""turn"": 10, ""date"": ""2026-05-27"", ""cash"": 28300000.0, ""positions"": ""[{\""stock_code\"": \""005930\"", \""quantity\"": 239, \""avg_cost\"": 299255.7915057915, \""current_price\"": 307000.0, \""unrealized_pnl\"": 1850865.8301158363, \""unrealized_pnl_rate\"": 0.025878224295146673}]"", ""total_value"": 101673000.0, ""realized_pnl"": -177865.8301158296, ""total_return_rate"": 0.01673, ""updated_at"": ""2026-07-16 20:12:02""}, ""recent_trades"": [{""turn"": 10, ""date"": ""2026-05-27"", ""action"": ""sell"", ""stock_code"": ""005930"", ""quantity"": 20, ""executed_price"": 307000.0, ""trade_value"": 6140000.0, ""status"": ""filled"", ""filled_quantity"": 20, ""action_reason"": ""당일 시가 대비 종가 하락 (-4.5%) 과 거래량 급증으로 단기 매도 압력이 확인되어, 기술적 지표는 양호하나 단기 변동성 위험을 고려합니다. 수익 구간에서 일부 수익 실현을 통해 신중한 리스크 관리가 필요합니다.""}, {""turn"": 9, ""date"": ""2026-05-27"", ""action"": ""buy"", ""stock_code"": ""005930"", ""quantity"": 30, ""executed_price"": 321500.0, ""trade_value"": 9645000.0, ""status"": ""filled"", ""filled_quantity"": 30, ""action_reason"": ""기술적 돌파 신호 (거래량 증가, MA5/20 상회) 와 섹터 모멘텀 (마이크론 호재) 으로 상승 추세가 우세하다고 판단하여 추세를 따릅니다.""}, {""turn"": 8, ""date"": ""2026-05-26"", ""action"": ""buy"", ""stock_code"": ""005930"", ""quantity"": 30, ""executed_price"": 299000.0, ""trade_value"": 8970000.0, ""status"": ""filled"", ""filled_quantity"": 30, ""action_reason"": ""기술적 지표 (MA5 상회, 거래량 증가) 가 상승 모멘텀을 보여주고 있어 매수 신호로 판단합니다. 과거 뉴스 공포에 매수 타이밍을 놓친 실수를 반복하지 않기 위해, HBM 루머에도 불구하고 차트 신호를 우선시합니다.""}]}"
chunk_012_2026-05-20_2026-05-27,2026-05-27,10,A019,"[3626, 3631, 3641, 3644, 3645]",3626,[매수] 삼성전자 1주 매수했습니다!,trade_share,read,"[""커뮤니티 인플루언서""]",null
chunk_012_2026-05-20_2026-05-27,2026-05-27,10,A019,"[3626, 3631, 3641, 3644, 3645]",3631,오늘 삼성전자 50주 매수했습니다!,trade_share,unlike,[],null
chunk_012_2026-05-20_2026-05-27,2026-05-27,10,A019,"[3626, 3631, 3641, 3644, 3645]",3641,"삼성전자, 재무적 우위와 단기 관망의 필요성",analysis,like,[],null
chunk_012_2026-05-20_2026-05-27,2026-05-27,10,A019,"[3626, 3631, 3641, 3644, 3645]",3644,오늘 삼성전자 매수했습니다!,trade_share,unlike,"[""상위 수익자"", ""자산가""]",null
chunk_012_2026-05-20_2026-05-27,2026-05-27,10,A019,"[3626, 3631, 3641, 3644, 3645]",3645,삼성전자 소량 매수! 장기적 우위 기대,trade_share,read,[],null
chunk_012_2026-05-20_2026-05-27,2026-05-27,10,A025,"[3626, 3631, 3641, 3642, 3644]",3626,[매수] 삼성전자 1주 매수했습니다!,trade_share,read,"[""커뮤니티 인플루언서""]",null
chunk_012_2026-05-20_2026-05-27,2026-05-27,10,A025,"[3626, 3631, 3641, 3642, 3644]",3631,오늘 삼성전자 50주 매수했습니다!,trade_share,unlike,[],null
chunk_012_2026-05-20_2026-05-27,2026-05-27,10,A025,"[3626, 3631, 3641, 3642, 3644]",3641,"삼성전자, 재무적 우위와 단기 관망의 필요성",analysis,like,[],null
chunk_012_2026-05-20_2026-05-27,2026-05-27,10,A025,"[3626, 3631, 3641, 3642, 3644]",3642,오늘 삼성전자 일부 매도했습니다.,trade_share,like,[],null
chunk_012_2026-05-20_2026-05-27,2026-05-27,10,A025,"[3626, 3631, 3641, 3642, 3644]",3644,오늘 삼성전자 매수했습니다!,trade_share,unlike,"[""상위 수익자"", ""자산가""]",null
chunk_012_2026-05-20_2026-05-27,2026-05-27,10,A026,"[3627, 3639, 3641, 3642, 3644]",3627,오늘 삼성전자 매도했습니다!,trade_share,unlike,[],null
chunk_012_2026-05-20_2026-05-27,2026-05-27,10,A026,"[3627, 3639, 3641, 3642, 3644]",3639,오늘 삼성전자 일부 매도했습니다!,trade_share,like,"[""상위 수익자"", ""자산가""]",null
chunk_012_2026-05-20_2026-05-27,2026-05-27,10,A026,"[3627, 3639, 3641, 3642, 3644]",3641,"삼성전자, 재무적 우위와 단기 관망의 필요성",analysis,like,[],null
chunk_012_2026-05-20_2026-05-27,2026-05-27,10,A026,"[3627, 3639, 3641, 3642, 3644]",3642,오늘 삼성전자 일부 매도했습니다.,trade_share,like,[],null
chunk_012_2026-05-20_2026-05-27,2026-05-27,10,A026,"[3627, 3639, 3641, 3642, 3644]",3644,오늘 삼성전자 매수했습니다!,trade_share,unlike,"[""상위 수익자"", ""자산가""]",null
chunk_012_2026-05-20_2026-05-27,2026-05-27,10,A027,"[3627, 3641, 3639, 3628, 3645]",3627,오늘 삼성전자 매도했습니다!,trade_share,read,[],null
chunk_012_2026-05-20_2026-05-27,2026-05-27,10,A027,"[3627, 3641, 3639, 3628, 3645]",3641,"삼성전자, 재무적 우위와 단기 관망의 필요성",analysis,like,[],null
chunk_012_2026-05-20_2026-05-27,2026-05-27,10,A027,"[3627, 3641, 3639, 3628, 3645]",3639,오늘 삼성전자 일부 매도했습니다!,trade_share,like,"[""상위 수익자"", ""자산가""]",null
chunk_012_2026-05-20_2026-05-27,2026-05-27,10,A027,"[3627, 3641, 3639, 3628, 3645]",3628,삼성전자 추가 매수했습니다!,trade_share,unlike,"[""커뮤니티 인플루언서""]",null
chunk_012_2026-05-20_2026-05-27,2026-05-27,10,A027,"[3627, 3641, 3639, 3628, 3645]",3645,삼성전자 소량 매수! 장기적 우위 기대,trade_share,read,[],null
